[2024-11-16T04:33:46.426+0000] {processor.py:186} INFO - Started process (PID=99) to work on /home/airflow/.local/lib/python3.12/site-packages/airflow/example_dags/example_display_name.py
[2024-11-16T04:33:46.428+0000] {processor.py:914} INFO - Processing file /home/airflow/.local/lib/python3.12/site-packages/airflow/example_dags/example_display_name.py for tasks to queue
[2024-11-16T04:33:46.435+0000] {logging_mixin.py:190} INFO - [2024-11-16T04:33:46.434+0000] {dagbag.py:588} INFO - Filling up the DagBag from /home/airflow/.local/lib/python3.12/site-packages/airflow/example_dags/example_display_name.py
[2024-11-16T04:33:46.451+0000] {processor.py:925} INFO - DAG(s) 'example_display_name' retrieved from /home/airflow/.local/lib/python3.12/site-packages/airflow/example_dags/example_display_name.py
[2024-11-16T04:33:46.478+0000] {logging_mixin.py:190} INFO - [2024-11-16T04:33:46.478+0000] {dag.py:3239} INFO - Sync 1 DAGs
[2024-11-16T04:33:46.500+0000] {logging_mixin.py:190} INFO - [2024-11-16T04:33:46.500+0000] {dag.py:4180} INFO - Setting next_dagrun for example_display_name to None, run_after=None
[2024-11-16T04:33:46.543+0000] {processor.py:208} INFO - Processing /home/airflow/.local/lib/python3.12/site-packages/airflow/example_dags/example_display_name.py took 0.135 seconds
[2024-11-16T04:35:43.180+0000] {processor.py:186} INFO - Started process (PID=160) to work on /home/airflow/.local/lib/python3.12/site-packages/airflow/example_dags/example_display_name.py
[2024-11-16T04:35:43.181+0000] {processor.py:914} INFO - Processing file /home/airflow/.local/lib/python3.12/site-packages/airflow/example_dags/example_display_name.py for tasks to queue
[2024-11-16T04:35:43.183+0000] {logging_mixin.py:190} INFO - [2024-11-16T04:35:43.183+0000] {dagbag.py:588} INFO - Filling up the DagBag from /home/airflow/.local/lib/python3.12/site-packages/airflow/example_dags/example_display_name.py
[2024-11-16T04:35:43.196+0000] {processor.py:925} INFO - DAG(s) 'example_display_name' retrieved from /home/airflow/.local/lib/python3.12/site-packages/airflow/example_dags/example_display_name.py
[2024-11-16T04:35:43.225+0000] {logging_mixin.py:190} INFO - [2024-11-16T04:35:43.224+0000] {dag.py:3239} INFO - Sync 1 DAGs
[2024-11-16T04:35:43.240+0000] {logging_mixin.py:190} INFO - [2024-11-16T04:35:43.240+0000] {dag.py:4180} INFO - Setting next_dagrun for example_display_name to None, run_after=None
[2024-11-16T04:35:43.270+0000] {processor.py:208} INFO - Processing /home/airflow/.local/lib/python3.12/site-packages/airflow/example_dags/example_display_name.py took 0.099 seconds
[2024-11-16T04:54:26.424+0000] {processor.py:186} INFO - Started process (PID=93) to work on /home/airflow/.local/lib/python3.12/site-packages/airflow/example_dags/example_display_name.py
[2024-11-16T04:54:26.425+0000] {processor.py:914} INFO - Processing file /home/airflow/.local/lib/python3.12/site-packages/airflow/example_dags/example_display_name.py for tasks to queue
[2024-11-16T04:54:26.427+0000] {logging_mixin.py:190} INFO - [2024-11-16T04:54:26.426+0000] {dagbag.py:588} INFO - Filling up the DagBag from /home/airflow/.local/lib/python3.12/site-packages/airflow/example_dags/example_display_name.py
[2024-11-16T04:54:26.433+0000] {processor.py:925} INFO - DAG(s) 'example_display_name' retrieved from /home/airflow/.local/lib/python3.12/site-packages/airflow/example_dags/example_display_name.py
[2024-11-16T04:54:26.585+0000] {logging_mixin.py:190} INFO - [2024-11-16T04:54:26.585+0000] {dag.py:3239} INFO - Sync 1 DAGs
[2024-11-16T04:54:26.600+0000] {logging_mixin.py:190} INFO - [2024-11-16T04:54:26.599+0000] {dag.py:4180} INFO - Setting next_dagrun for example_display_name to None, run_after=None
[2024-11-16T04:54:26.632+0000] {processor.py:208} INFO - Processing /home/airflow/.local/lib/python3.12/site-packages/airflow/example_dags/example_display_name.py took 0.214 seconds
[2024-11-16T04:54:57.501+0000] {processor.py:186} INFO - Started process (PID=165) to work on /home/airflow/.local/lib/python3.12/site-packages/airflow/example_dags/example_display_name.py
[2024-11-16T04:54:57.501+0000] {processor.py:914} INFO - Processing file /home/airflow/.local/lib/python3.12/site-packages/airflow/example_dags/example_display_name.py for tasks to queue
[2024-11-16T04:54:57.504+0000] {logging_mixin.py:190} INFO - [2024-11-16T04:54:57.503+0000] {dagbag.py:588} INFO - Filling up the DagBag from /home/airflow/.local/lib/python3.12/site-packages/airflow/example_dags/example_display_name.py
[2024-11-16T04:54:57.513+0000] {processor.py:925} INFO - DAG(s) 'example_display_name' retrieved from /home/airflow/.local/lib/python3.12/site-packages/airflow/example_dags/example_display_name.py
[2024-11-16T04:54:57.535+0000] {logging_mixin.py:190} INFO - [2024-11-16T04:54:57.535+0000] {dag.py:3239} INFO - Sync 1 DAGs
[2024-11-16T04:54:57.558+0000] {logging_mixin.py:190} INFO - [2024-11-16T04:54:57.557+0000] {dag.py:4180} INFO - Setting next_dagrun for example_display_name to None, run_after=None
[2024-11-16T04:54:57.584+0000] {processor.py:208} INFO - Processing /home/airflow/.local/lib/python3.12/site-packages/airflow/example_dags/example_display_name.py took 0.090 seconds
[2024-11-16T04:57:05.762+0000] {processor.py:186} INFO - Started process (PID=231) to work on /home/airflow/.local/lib/python3.12/site-packages/airflow/example_dags/example_display_name.py
[2024-11-16T04:57:05.764+0000] {processor.py:914} INFO - Processing file /home/airflow/.local/lib/python3.12/site-packages/airflow/example_dags/example_display_name.py for tasks to queue
[2024-11-16T04:57:05.766+0000] {logging_mixin.py:190} INFO - [2024-11-16T04:57:05.765+0000] {dagbag.py:588} INFO - Filling up the DagBag from /home/airflow/.local/lib/python3.12/site-packages/airflow/example_dags/example_display_name.py
[2024-11-16T04:57:05.817+0000] {processor.py:925} INFO - DAG(s) 'example_display_name' retrieved from /home/airflow/.local/lib/python3.12/site-packages/airflow/example_dags/example_display_name.py
[2024-11-16T04:57:05.942+0000] {logging_mixin.py:190} INFO - [2024-11-16T04:57:05.931+0000] {dag.py:3239} INFO - Sync 1 DAGs
[2024-11-16T04:57:05.989+0000] {logging_mixin.py:190} INFO - [2024-11-16T04:57:05.989+0000] {dag.py:4180} INFO - Setting next_dagrun for example_display_name to None, run_after=None
[2024-11-16T04:57:06.044+0000] {processor.py:208} INFO - Processing /home/airflow/.local/lib/python3.12/site-packages/airflow/example_dags/example_display_name.py took 0.303 seconds
[2024-11-16T04:58:00.659+0000] {processor.py:186} INFO - Started process (PID=305) to work on /home/airflow/.local/lib/python3.12/site-packages/airflow/example_dags/example_display_name.py
[2024-11-16T04:58:00.660+0000] {processor.py:914} INFO - Processing file /home/airflow/.local/lib/python3.12/site-packages/airflow/example_dags/example_display_name.py for tasks to queue
[2024-11-16T04:58:00.661+0000] {logging_mixin.py:190} INFO - [2024-11-16T04:58:00.660+0000] {dagbag.py:588} INFO - Filling up the DagBag from /home/airflow/.local/lib/python3.12/site-packages/airflow/example_dags/example_display_name.py
[2024-11-16T04:58:00.666+0000] {processor.py:925} INFO - DAG(s) 'example_display_name' retrieved from /home/airflow/.local/lib/python3.12/site-packages/airflow/example_dags/example_display_name.py
[2024-11-16T04:58:00.678+0000] {logging_mixin.py:190} INFO - [2024-11-16T04:58:00.678+0000] {dag.py:3239} INFO - Sync 1 DAGs
[2024-11-16T04:58:00.689+0000] {logging_mixin.py:190} INFO - [2024-11-16T04:58:00.689+0000] {dag.py:4180} INFO - Setting next_dagrun for example_display_name to None, run_after=None
[2024-11-16T04:58:00.703+0000] {processor.py:208} INFO - Processing /home/airflow/.local/lib/python3.12/site-packages/airflow/example_dags/example_display_name.py took 0.048 seconds
[2024-11-16T04:59:27.457+0000] {processor.py:186} INFO - Started process (PID=75) to work on /home/airflow/.local/lib/python3.12/site-packages/airflow/example_dags/example_display_name.py
[2024-11-16T04:59:27.458+0000] {processor.py:914} INFO - Processing file /home/airflow/.local/lib/python3.12/site-packages/airflow/example_dags/example_display_name.py for tasks to queue
[2024-11-16T04:59:27.459+0000] {logging_mixin.py:190} INFO - [2024-11-16T04:59:27.459+0000] {dagbag.py:588} INFO - Filling up the DagBag from /home/airflow/.local/lib/python3.12/site-packages/airflow/example_dags/example_display_name.py
[2024-11-16T04:59:27.464+0000] {processor.py:925} INFO - DAG(s) 'example_display_name' retrieved from /home/airflow/.local/lib/python3.12/site-packages/airflow/example_dags/example_display_name.py
[2024-11-16T04:59:27.481+0000] {logging_mixin.py:190} INFO - [2024-11-16T04:59:27.480+0000] {dag.py:3239} INFO - Sync 1 DAGs
[2024-11-16T04:59:27.496+0000] {logging_mixin.py:190} INFO - [2024-11-16T04:59:27.495+0000] {dag.py:4180} INFO - Setting next_dagrun for example_display_name to None, run_after=None
[2024-11-16T04:59:27.517+0000] {processor.py:208} INFO - Processing /home/airflow/.local/lib/python3.12/site-packages/airflow/example_dags/example_display_name.py took 0.064 seconds
[2024-11-16T04:59:57.840+0000] {processor.py:186} INFO - Started process (PID=143) to work on /home/airflow/.local/lib/python3.12/site-packages/airflow/example_dags/example_display_name.py
[2024-11-16T04:59:57.841+0000] {processor.py:914} INFO - Processing file /home/airflow/.local/lib/python3.12/site-packages/airflow/example_dags/example_display_name.py for tasks to queue
[2024-11-16T04:59:57.843+0000] {logging_mixin.py:190} INFO - [2024-11-16T04:59:57.843+0000] {dagbag.py:588} INFO - Filling up the DagBag from /home/airflow/.local/lib/python3.12/site-packages/airflow/example_dags/example_display_name.py
[2024-11-16T04:59:57.848+0000] {processor.py:925} INFO - DAG(s) 'example_display_name' retrieved from /home/airflow/.local/lib/python3.12/site-packages/airflow/example_dags/example_display_name.py
[2024-11-16T04:59:57.862+0000] {logging_mixin.py:190} INFO - [2024-11-16T04:59:57.862+0000] {dag.py:3239} INFO - Sync 1 DAGs
[2024-11-16T04:59:57.872+0000] {logging_mixin.py:190} INFO - [2024-11-16T04:59:57.872+0000] {dag.py:4180} INFO - Setting next_dagrun for example_display_name to None, run_after=None
[2024-11-16T04:59:57.888+0000] {processor.py:208} INFO - Processing /home/airflow/.local/lib/python3.12/site-packages/airflow/example_dags/example_display_name.py took 0.051 seconds
[2024-11-16T05:00:28.205+0000] {processor.py:186} INFO - Started process (PID=210) to work on /home/airflow/.local/lib/python3.12/site-packages/airflow/example_dags/example_display_name.py
[2024-11-16T05:00:28.206+0000] {processor.py:914} INFO - Processing file /home/airflow/.local/lib/python3.12/site-packages/airflow/example_dags/example_display_name.py for tasks to queue
[2024-11-16T05:00:28.207+0000] {logging_mixin.py:190} INFO - [2024-11-16T05:00:28.207+0000] {dagbag.py:588} INFO - Filling up the DagBag from /home/airflow/.local/lib/python3.12/site-packages/airflow/example_dags/example_display_name.py
[2024-11-16T05:00:28.215+0000] {processor.py:925} INFO - DAG(s) 'example_display_name' retrieved from /home/airflow/.local/lib/python3.12/site-packages/airflow/example_dags/example_display_name.py
[2024-11-16T05:00:28.230+0000] {logging_mixin.py:190} INFO - [2024-11-16T05:00:28.230+0000] {dag.py:3239} INFO - Sync 1 DAGs
[2024-11-16T05:00:28.240+0000] {logging_mixin.py:190} INFO - [2024-11-16T05:00:28.240+0000] {dag.py:4180} INFO - Setting next_dagrun for example_display_name to None, run_after=None
[2024-11-16T05:00:28.257+0000] {processor.py:208} INFO - Processing /home/airflow/.local/lib/python3.12/site-packages/airflow/example_dags/example_display_name.py took 0.055 seconds
[2024-11-16T05:00:58.886+0000] {processor.py:186} INFO - Started process (PID=278) to work on /home/airflow/.local/lib/python3.12/site-packages/airflow/example_dags/example_display_name.py
[2024-11-16T05:00:58.887+0000] {processor.py:914} INFO - Processing file /home/airflow/.local/lib/python3.12/site-packages/airflow/example_dags/example_display_name.py for tasks to queue
[2024-11-16T05:00:58.889+0000] {logging_mixin.py:190} INFO - [2024-11-16T05:00:58.888+0000] {dagbag.py:588} INFO - Filling up the DagBag from /home/airflow/.local/lib/python3.12/site-packages/airflow/example_dags/example_display_name.py
[2024-11-16T05:00:58.894+0000] {processor.py:925} INFO - DAG(s) 'example_display_name' retrieved from /home/airflow/.local/lib/python3.12/site-packages/airflow/example_dags/example_display_name.py
[2024-11-16T05:00:58.906+0000] {logging_mixin.py:190} INFO - [2024-11-16T05:00:58.906+0000] {dag.py:3239} INFO - Sync 1 DAGs
[2024-11-16T05:00:58.916+0000] {logging_mixin.py:190} INFO - [2024-11-16T05:00:58.915+0000] {dag.py:4180} INFO - Setting next_dagrun for example_display_name to None, run_after=None
[2024-11-16T05:00:58.929+0000] {processor.py:208} INFO - Processing /home/airflow/.local/lib/python3.12/site-packages/airflow/example_dags/example_display_name.py took 0.046 seconds
[2024-11-16T05:01:29.449+0000] {processor.py:186} INFO - Started process (PID=346) to work on /home/airflow/.local/lib/python3.12/site-packages/airflow/example_dags/example_display_name.py
[2024-11-16T05:01:29.450+0000] {processor.py:914} INFO - Processing file /home/airflow/.local/lib/python3.12/site-packages/airflow/example_dags/example_display_name.py for tasks to queue
[2024-11-16T05:01:29.451+0000] {logging_mixin.py:190} INFO - [2024-11-16T05:01:29.451+0000] {dagbag.py:588} INFO - Filling up the DagBag from /home/airflow/.local/lib/python3.12/site-packages/airflow/example_dags/example_display_name.py
[2024-11-16T05:01:29.457+0000] {processor.py:925} INFO - DAG(s) 'example_display_name' retrieved from /home/airflow/.local/lib/python3.12/site-packages/airflow/example_dags/example_display_name.py
[2024-11-16T05:01:29.474+0000] {logging_mixin.py:190} INFO - [2024-11-16T05:01:29.474+0000] {dag.py:3239} INFO - Sync 1 DAGs
[2024-11-16T05:01:29.487+0000] {logging_mixin.py:190} INFO - [2024-11-16T05:01:29.487+0000] {dag.py:4180} INFO - Setting next_dagrun for example_display_name to None, run_after=None
[2024-11-16T05:01:29.500+0000] {processor.py:208} INFO - Processing /home/airflow/.local/lib/python3.12/site-packages/airflow/example_dags/example_display_name.py took 0.055 seconds
[2024-11-16T05:01:59.706+0000] {processor.py:186} INFO - Started process (PID=414) to work on /home/airflow/.local/lib/python3.12/site-packages/airflow/example_dags/example_display_name.py
[2024-11-16T05:01:59.707+0000] {processor.py:914} INFO - Processing file /home/airflow/.local/lib/python3.12/site-packages/airflow/example_dags/example_display_name.py for tasks to queue
[2024-11-16T05:01:59.708+0000] {logging_mixin.py:190} INFO - [2024-11-16T05:01:59.708+0000] {dagbag.py:588} INFO - Filling up the DagBag from /home/airflow/.local/lib/python3.12/site-packages/airflow/example_dags/example_display_name.py
[2024-11-16T05:01:59.713+0000] {processor.py:925} INFO - DAG(s) 'example_display_name' retrieved from /home/airflow/.local/lib/python3.12/site-packages/airflow/example_dags/example_display_name.py
[2024-11-16T05:01:59.728+0000] {logging_mixin.py:190} INFO - [2024-11-16T05:01:59.728+0000] {dag.py:3239} INFO - Sync 1 DAGs
[2024-11-16T05:01:59.741+0000] {logging_mixin.py:190} INFO - [2024-11-16T05:01:59.740+0000] {dag.py:4180} INFO - Setting next_dagrun for example_display_name to None, run_after=None
[2024-11-16T05:01:59.755+0000] {processor.py:208} INFO - Processing /home/airflow/.local/lib/python3.12/site-packages/airflow/example_dags/example_display_name.py took 0.053 seconds
[2024-11-16T05:02:30.189+0000] {processor.py:186} INFO - Started process (PID=488) to work on /home/airflow/.local/lib/python3.12/site-packages/airflow/example_dags/example_display_name.py
[2024-11-16T05:02:30.190+0000] {processor.py:914} INFO - Processing file /home/airflow/.local/lib/python3.12/site-packages/airflow/example_dags/example_display_name.py for tasks to queue
[2024-11-16T05:02:30.193+0000] {logging_mixin.py:190} INFO - [2024-11-16T05:02:30.193+0000] {dagbag.py:588} INFO - Filling up the DagBag from /home/airflow/.local/lib/python3.12/site-packages/airflow/example_dags/example_display_name.py
[2024-11-16T05:02:30.203+0000] {processor.py:925} INFO - DAG(s) 'example_display_name' retrieved from /home/airflow/.local/lib/python3.12/site-packages/airflow/example_dags/example_display_name.py
[2024-11-16T05:02:30.228+0000] {logging_mixin.py:190} INFO - [2024-11-16T05:02:30.228+0000] {dag.py:3239} INFO - Sync 1 DAGs
[2024-11-16T05:02:30.243+0000] {logging_mixin.py:190} INFO - [2024-11-16T05:02:30.242+0000] {dag.py:4180} INFO - Setting next_dagrun for example_display_name to None, run_after=None
[2024-11-16T05:02:30.262+0000] {processor.py:208} INFO - Processing /home/airflow/.local/lib/python3.12/site-packages/airflow/example_dags/example_display_name.py took 0.080 seconds
[2024-11-16T05:03:00.718+0000] {processor.py:186} INFO - Started process (PID=556) to work on /home/airflow/.local/lib/python3.12/site-packages/airflow/example_dags/example_display_name.py
[2024-11-16T05:03:00.719+0000] {processor.py:914} INFO - Processing file /home/airflow/.local/lib/python3.12/site-packages/airflow/example_dags/example_display_name.py for tasks to queue
[2024-11-16T05:03:00.721+0000] {logging_mixin.py:190} INFO - [2024-11-16T05:03:00.720+0000] {dagbag.py:588} INFO - Filling up the DagBag from /home/airflow/.local/lib/python3.12/site-packages/airflow/example_dags/example_display_name.py
[2024-11-16T05:03:00.726+0000] {processor.py:925} INFO - DAG(s) 'example_display_name' retrieved from /home/airflow/.local/lib/python3.12/site-packages/airflow/example_dags/example_display_name.py
[2024-11-16T05:03:00.739+0000] {logging_mixin.py:190} INFO - [2024-11-16T05:03:00.739+0000] {dag.py:3239} INFO - Sync 1 DAGs
[2024-11-16T05:03:00.749+0000] {logging_mixin.py:190} INFO - [2024-11-16T05:03:00.749+0000] {dag.py:4180} INFO - Setting next_dagrun for example_display_name to None, run_after=None
[2024-11-16T05:03:00.763+0000] {processor.py:208} INFO - Processing /home/airflow/.local/lib/python3.12/site-packages/airflow/example_dags/example_display_name.py took 0.049 seconds
[2024-11-16T05:03:31.228+0000] {processor.py:186} INFO - Started process (PID=624) to work on /home/airflow/.local/lib/python3.12/site-packages/airflow/example_dags/example_display_name.py
[2024-11-16T05:03:31.229+0000] {processor.py:914} INFO - Processing file /home/airflow/.local/lib/python3.12/site-packages/airflow/example_dags/example_display_name.py for tasks to queue
[2024-11-16T05:03:31.231+0000] {logging_mixin.py:190} INFO - [2024-11-16T05:03:31.230+0000] {dagbag.py:588} INFO - Filling up the DagBag from /home/airflow/.local/lib/python3.12/site-packages/airflow/example_dags/example_display_name.py
[2024-11-16T05:03:31.238+0000] {processor.py:925} INFO - DAG(s) 'example_display_name' retrieved from /home/airflow/.local/lib/python3.12/site-packages/airflow/example_dags/example_display_name.py
[2024-11-16T05:03:31.253+0000] {logging_mixin.py:190} INFO - [2024-11-16T05:03:31.253+0000] {dag.py:3239} INFO - Sync 1 DAGs
[2024-11-16T05:03:31.265+0000] {logging_mixin.py:190} INFO - [2024-11-16T05:03:31.265+0000] {dag.py:4180} INFO - Setting next_dagrun for example_display_name to None, run_after=None
[2024-11-16T05:03:31.283+0000] {processor.py:208} INFO - Processing /home/airflow/.local/lib/python3.12/site-packages/airflow/example_dags/example_display_name.py took 0.059 seconds
[2024-11-16T05:04:01.793+0000] {processor.py:186} INFO - Started process (PID=692) to work on /home/airflow/.local/lib/python3.12/site-packages/airflow/example_dags/example_display_name.py
[2024-11-16T05:04:01.793+0000] {processor.py:914} INFO - Processing file /home/airflow/.local/lib/python3.12/site-packages/airflow/example_dags/example_display_name.py for tasks to queue
[2024-11-16T05:04:01.795+0000] {logging_mixin.py:190} INFO - [2024-11-16T05:04:01.795+0000] {dagbag.py:588} INFO - Filling up the DagBag from /home/airflow/.local/lib/python3.12/site-packages/airflow/example_dags/example_display_name.py
[2024-11-16T05:04:01.800+0000] {processor.py:925} INFO - DAG(s) 'example_display_name' retrieved from /home/airflow/.local/lib/python3.12/site-packages/airflow/example_dags/example_display_name.py
[2024-11-16T05:04:01.815+0000] {logging_mixin.py:190} INFO - [2024-11-16T05:04:01.815+0000] {dag.py:3239} INFO - Sync 1 DAGs
[2024-11-16T05:04:01.830+0000] {logging_mixin.py:190} INFO - [2024-11-16T05:04:01.830+0000] {dag.py:4180} INFO - Setting next_dagrun for example_display_name to None, run_after=None
[2024-11-16T05:04:01.847+0000] {processor.py:208} INFO - Processing /home/airflow/.local/lib/python3.12/site-packages/airflow/example_dags/example_display_name.py took 0.062 seconds
[2024-11-16T05:04:32.264+0000] {processor.py:186} INFO - Started process (PID=760) to work on /home/airflow/.local/lib/python3.12/site-packages/airflow/example_dags/example_display_name.py
[2024-11-16T05:04:32.265+0000] {processor.py:914} INFO - Processing file /home/airflow/.local/lib/python3.12/site-packages/airflow/example_dags/example_display_name.py for tasks to queue
[2024-11-16T05:04:32.266+0000] {logging_mixin.py:190} INFO - [2024-11-16T05:04:32.266+0000] {dagbag.py:588} INFO - Filling up the DagBag from /home/airflow/.local/lib/python3.12/site-packages/airflow/example_dags/example_display_name.py
[2024-11-16T05:04:32.272+0000] {processor.py:925} INFO - DAG(s) 'example_display_name' retrieved from /home/airflow/.local/lib/python3.12/site-packages/airflow/example_dags/example_display_name.py
[2024-11-16T05:04:32.288+0000] {logging_mixin.py:190} INFO - [2024-11-16T05:04:32.287+0000] {dag.py:3239} INFO - Sync 1 DAGs
[2024-11-16T05:04:32.300+0000] {logging_mixin.py:190} INFO - [2024-11-16T05:04:32.300+0000] {dag.py:4180} INFO - Setting next_dagrun for example_display_name to None, run_after=None
[2024-11-16T05:04:32.320+0000] {processor.py:208} INFO - Processing /home/airflow/.local/lib/python3.12/site-packages/airflow/example_dags/example_display_name.py took 0.060 seconds
[2024-11-16T05:05:02.752+0000] {processor.py:186} INFO - Started process (PID=827) to work on /home/airflow/.local/lib/python3.12/site-packages/airflow/example_dags/example_display_name.py
[2024-11-16T05:05:02.753+0000] {processor.py:914} INFO - Processing file /home/airflow/.local/lib/python3.12/site-packages/airflow/example_dags/example_display_name.py for tasks to queue
[2024-11-16T05:05:02.754+0000] {logging_mixin.py:190} INFO - [2024-11-16T05:05:02.754+0000] {dagbag.py:588} INFO - Filling up the DagBag from /home/airflow/.local/lib/python3.12/site-packages/airflow/example_dags/example_display_name.py
[2024-11-16T05:05:02.762+0000] {processor.py:925} INFO - DAG(s) 'example_display_name' retrieved from /home/airflow/.local/lib/python3.12/site-packages/airflow/example_dags/example_display_name.py
[2024-11-16T05:05:02.781+0000] {logging_mixin.py:190} INFO - [2024-11-16T05:05:02.780+0000] {dag.py:3239} INFO - Sync 1 DAGs
[2024-11-16T05:05:02.793+0000] {logging_mixin.py:190} INFO - [2024-11-16T05:05:02.793+0000] {dag.py:4180} INFO - Setting next_dagrun for example_display_name to None, run_after=None
[2024-11-16T05:05:02.812+0000] {processor.py:208} INFO - Processing /home/airflow/.local/lib/python3.12/site-packages/airflow/example_dags/example_display_name.py took 0.064 seconds
[2024-11-16T05:05:32.944+0000] {processor.py:186} INFO - Started process (PID=895) to work on /home/airflow/.local/lib/python3.12/site-packages/airflow/example_dags/example_display_name.py
[2024-11-16T05:05:32.945+0000] {processor.py:914} INFO - Processing file /home/airflow/.local/lib/python3.12/site-packages/airflow/example_dags/example_display_name.py for tasks to queue
[2024-11-16T05:05:32.947+0000] {logging_mixin.py:190} INFO - [2024-11-16T05:05:32.946+0000] {dagbag.py:588} INFO - Filling up the DagBag from /home/airflow/.local/lib/python3.12/site-packages/airflow/example_dags/example_display_name.py
[2024-11-16T05:05:32.952+0000] {processor.py:925} INFO - DAG(s) 'example_display_name' retrieved from /home/airflow/.local/lib/python3.12/site-packages/airflow/example_dags/example_display_name.py
[2024-11-16T05:05:32.964+0000] {logging_mixin.py:190} INFO - [2024-11-16T05:05:32.964+0000] {dag.py:3239} INFO - Sync 1 DAGs
[2024-11-16T05:05:32.974+0000] {logging_mixin.py:190} INFO - [2024-11-16T05:05:32.974+0000] {dag.py:4180} INFO - Setting next_dagrun for example_display_name to None, run_after=None
[2024-11-16T05:05:32.988+0000] {processor.py:208} INFO - Processing /home/airflow/.local/lib/python3.12/site-packages/airflow/example_dags/example_display_name.py took 0.047 seconds
[2024-11-16T05:06:03.503+0000] {processor.py:186} INFO - Started process (PID=963) to work on /home/airflow/.local/lib/python3.12/site-packages/airflow/example_dags/example_display_name.py
[2024-11-16T05:06:03.503+0000] {processor.py:914} INFO - Processing file /home/airflow/.local/lib/python3.12/site-packages/airflow/example_dags/example_display_name.py for tasks to queue
[2024-11-16T05:06:03.505+0000] {logging_mixin.py:190} INFO - [2024-11-16T05:06:03.505+0000] {dagbag.py:588} INFO - Filling up the DagBag from /home/airflow/.local/lib/python3.12/site-packages/airflow/example_dags/example_display_name.py
[2024-11-16T05:06:03.511+0000] {processor.py:925} INFO - DAG(s) 'example_display_name' retrieved from /home/airflow/.local/lib/python3.12/site-packages/airflow/example_dags/example_display_name.py
[2024-11-16T05:06:03.526+0000] {logging_mixin.py:190} INFO - [2024-11-16T05:06:03.526+0000] {dag.py:3239} INFO - Sync 1 DAGs
[2024-11-16T05:06:03.540+0000] {logging_mixin.py:190} INFO - [2024-11-16T05:06:03.539+0000] {dag.py:4180} INFO - Setting next_dagrun for example_display_name to None, run_after=None
[2024-11-16T05:06:03.556+0000] {processor.py:208} INFO - Processing /home/airflow/.local/lib/python3.12/site-packages/airflow/example_dags/example_display_name.py took 0.057 seconds
[2024-11-16T05:06:33.648+0000] {processor.py:186} INFO - Started process (PID=1031) to work on /home/airflow/.local/lib/python3.12/site-packages/airflow/example_dags/example_display_name.py
[2024-11-16T05:06:33.649+0000] {processor.py:914} INFO - Processing file /home/airflow/.local/lib/python3.12/site-packages/airflow/example_dags/example_display_name.py for tasks to queue
[2024-11-16T05:06:33.650+0000] {logging_mixin.py:190} INFO - [2024-11-16T05:06:33.650+0000] {dagbag.py:588} INFO - Filling up the DagBag from /home/airflow/.local/lib/python3.12/site-packages/airflow/example_dags/example_display_name.py
[2024-11-16T05:06:33.656+0000] {processor.py:925} INFO - DAG(s) 'example_display_name' retrieved from /home/airflow/.local/lib/python3.12/site-packages/airflow/example_dags/example_display_name.py
[2024-11-16T05:06:33.669+0000] {logging_mixin.py:190} INFO - [2024-11-16T05:06:33.669+0000] {dag.py:3239} INFO - Sync 1 DAGs
[2024-11-16T05:06:33.679+0000] {logging_mixin.py:190} INFO - [2024-11-16T05:06:33.679+0000] {dag.py:4180} INFO - Setting next_dagrun for example_display_name to None, run_after=None
[2024-11-16T05:06:33.696+0000] {processor.py:208} INFO - Processing /home/airflow/.local/lib/python3.12/site-packages/airflow/example_dags/example_display_name.py took 0.052 seconds
[2024-11-16T05:07:03.789+0000] {processor.py:186} INFO - Started process (PID=1099) to work on /home/airflow/.local/lib/python3.12/site-packages/airflow/example_dags/example_display_name.py
[2024-11-16T05:07:03.790+0000] {processor.py:914} INFO - Processing file /home/airflow/.local/lib/python3.12/site-packages/airflow/example_dags/example_display_name.py for tasks to queue
[2024-11-16T05:07:03.791+0000] {logging_mixin.py:190} INFO - [2024-11-16T05:07:03.791+0000] {dagbag.py:588} INFO - Filling up the DagBag from /home/airflow/.local/lib/python3.12/site-packages/airflow/example_dags/example_display_name.py
[2024-11-16T05:07:03.796+0000] {processor.py:925} INFO - DAG(s) 'example_display_name' retrieved from /home/airflow/.local/lib/python3.12/site-packages/airflow/example_dags/example_display_name.py
[2024-11-16T05:07:03.809+0000] {logging_mixin.py:190} INFO - [2024-11-16T05:07:03.808+0000] {dag.py:3239} INFO - Sync 1 DAGs
[2024-11-16T05:07:03.818+0000] {logging_mixin.py:190} INFO - [2024-11-16T05:07:03.818+0000] {dag.py:4180} INFO - Setting next_dagrun for example_display_name to None, run_after=None
[2024-11-16T05:07:03.833+0000] {processor.py:208} INFO - Processing /home/airflow/.local/lib/python3.12/site-packages/airflow/example_dags/example_display_name.py took 0.047 seconds
[2024-11-16T05:07:34.137+0000] {processor.py:186} INFO - Started process (PID=1167) to work on /home/airflow/.local/lib/python3.12/site-packages/airflow/example_dags/example_display_name.py
[2024-11-16T05:07:34.137+0000] {processor.py:914} INFO - Processing file /home/airflow/.local/lib/python3.12/site-packages/airflow/example_dags/example_display_name.py for tasks to queue
[2024-11-16T05:07:34.138+0000] {logging_mixin.py:190} INFO - [2024-11-16T05:07:34.138+0000] {dagbag.py:588} INFO - Filling up the DagBag from /home/airflow/.local/lib/python3.12/site-packages/airflow/example_dags/example_display_name.py
[2024-11-16T05:07:34.143+0000] {processor.py:925} INFO - DAG(s) 'example_display_name' retrieved from /home/airflow/.local/lib/python3.12/site-packages/airflow/example_dags/example_display_name.py
[2024-11-16T05:07:34.154+0000] {logging_mixin.py:190} INFO - [2024-11-16T05:07:34.154+0000] {dag.py:3239} INFO - Sync 1 DAGs
[2024-11-16T05:07:34.163+0000] {logging_mixin.py:190} INFO - [2024-11-16T05:07:34.162+0000] {dag.py:4180} INFO - Setting next_dagrun for example_display_name to None, run_after=None
[2024-11-16T05:07:34.175+0000] {processor.py:208} INFO - Processing /home/airflow/.local/lib/python3.12/site-packages/airflow/example_dags/example_display_name.py took 0.042 seconds
[2024-11-16T05:08:04.330+0000] {processor.py:186} INFO - Started process (PID=1235) to work on /home/airflow/.local/lib/python3.12/site-packages/airflow/example_dags/example_display_name.py
[2024-11-16T05:08:04.331+0000] {processor.py:914} INFO - Processing file /home/airflow/.local/lib/python3.12/site-packages/airflow/example_dags/example_display_name.py for tasks to queue
[2024-11-16T05:08:04.332+0000] {logging_mixin.py:190} INFO - [2024-11-16T05:08:04.332+0000] {dagbag.py:588} INFO - Filling up the DagBag from /home/airflow/.local/lib/python3.12/site-packages/airflow/example_dags/example_display_name.py
[2024-11-16T05:08:04.338+0000] {processor.py:925} INFO - DAG(s) 'example_display_name' retrieved from /home/airflow/.local/lib/python3.12/site-packages/airflow/example_dags/example_display_name.py
[2024-11-16T05:08:04.352+0000] {logging_mixin.py:190} INFO - [2024-11-16T05:08:04.351+0000] {dag.py:3239} INFO - Sync 1 DAGs
[2024-11-16T05:08:04.365+0000] {logging_mixin.py:190} INFO - [2024-11-16T05:08:04.364+0000] {dag.py:4180} INFO - Setting next_dagrun for example_display_name to None, run_after=None
[2024-11-16T05:08:04.381+0000] {processor.py:208} INFO - Processing /home/airflow/.local/lib/python3.12/site-packages/airflow/example_dags/example_display_name.py took 0.055 seconds
[2024-11-16T05:08:34.592+0000] {processor.py:186} INFO - Started process (PID=1303) to work on /home/airflow/.local/lib/python3.12/site-packages/airflow/example_dags/example_display_name.py
[2024-11-16T05:08:34.592+0000] {processor.py:914} INFO - Processing file /home/airflow/.local/lib/python3.12/site-packages/airflow/example_dags/example_display_name.py for tasks to queue
[2024-11-16T05:08:34.594+0000] {logging_mixin.py:190} INFO - [2024-11-16T05:08:34.594+0000] {dagbag.py:588} INFO - Filling up the DagBag from /home/airflow/.local/lib/python3.12/site-packages/airflow/example_dags/example_display_name.py
[2024-11-16T05:08:34.598+0000] {processor.py:925} INFO - DAG(s) 'example_display_name' retrieved from /home/airflow/.local/lib/python3.12/site-packages/airflow/example_dags/example_display_name.py
[2024-11-16T05:08:34.612+0000] {logging_mixin.py:190} INFO - [2024-11-16T05:08:34.611+0000] {dag.py:3239} INFO - Sync 1 DAGs
[2024-11-16T05:08:34.621+0000] {logging_mixin.py:190} INFO - [2024-11-16T05:08:34.621+0000] {dag.py:4180} INFO - Setting next_dagrun for example_display_name to None, run_after=None
[2024-11-16T05:08:34.635+0000] {processor.py:208} INFO - Processing /home/airflow/.local/lib/python3.12/site-packages/airflow/example_dags/example_display_name.py took 0.047 seconds
[2024-11-16T05:09:04.787+0000] {processor.py:186} INFO - Started process (PID=1371) to work on /home/airflow/.local/lib/python3.12/site-packages/airflow/example_dags/example_display_name.py
[2024-11-16T05:09:04.788+0000] {processor.py:914} INFO - Processing file /home/airflow/.local/lib/python3.12/site-packages/airflow/example_dags/example_display_name.py for tasks to queue
[2024-11-16T05:09:04.789+0000] {logging_mixin.py:190} INFO - [2024-11-16T05:09:04.789+0000] {dagbag.py:588} INFO - Filling up the DagBag from /home/airflow/.local/lib/python3.12/site-packages/airflow/example_dags/example_display_name.py
[2024-11-16T05:09:04.794+0000] {processor.py:925} INFO - DAG(s) 'example_display_name' retrieved from /home/airflow/.local/lib/python3.12/site-packages/airflow/example_dags/example_display_name.py
[2024-11-16T05:09:04.806+0000] {logging_mixin.py:190} INFO - [2024-11-16T05:09:04.806+0000] {dag.py:3239} INFO - Sync 1 DAGs
[2024-11-16T05:09:04.815+0000] {logging_mixin.py:190} INFO - [2024-11-16T05:09:04.815+0000] {dag.py:4180} INFO - Setting next_dagrun for example_display_name to None, run_after=None
[2024-11-16T05:09:04.828+0000] {processor.py:208} INFO - Processing /home/airflow/.local/lib/python3.12/site-packages/airflow/example_dags/example_display_name.py took 0.045 seconds
[2024-11-16T05:09:35.246+0000] {processor.py:186} INFO - Started process (PID=1439) to work on /home/airflow/.local/lib/python3.12/site-packages/airflow/example_dags/example_display_name.py
[2024-11-16T05:09:35.247+0000] {processor.py:914} INFO - Processing file /home/airflow/.local/lib/python3.12/site-packages/airflow/example_dags/example_display_name.py for tasks to queue
[2024-11-16T05:09:35.248+0000] {logging_mixin.py:190} INFO - [2024-11-16T05:09:35.248+0000] {dagbag.py:588} INFO - Filling up the DagBag from /home/airflow/.local/lib/python3.12/site-packages/airflow/example_dags/example_display_name.py
[2024-11-16T05:09:35.253+0000] {processor.py:925} INFO - DAG(s) 'example_display_name' retrieved from /home/airflow/.local/lib/python3.12/site-packages/airflow/example_dags/example_display_name.py
[2024-11-16T05:09:35.265+0000] {logging_mixin.py:190} INFO - [2024-11-16T05:09:35.265+0000] {dag.py:3239} INFO - Sync 1 DAGs
[2024-11-16T05:09:35.275+0000] {logging_mixin.py:190} INFO - [2024-11-16T05:09:35.274+0000] {dag.py:4180} INFO - Setting next_dagrun for example_display_name to None, run_after=None
[2024-11-16T05:09:35.289+0000] {processor.py:208} INFO - Processing /home/airflow/.local/lib/python3.12/site-packages/airflow/example_dags/example_display_name.py took 0.047 seconds
[2024-11-16T05:10:05.749+0000] {processor.py:186} INFO - Started process (PID=1507) to work on /home/airflow/.local/lib/python3.12/site-packages/airflow/example_dags/example_display_name.py
[2024-11-16T05:10:05.750+0000] {processor.py:914} INFO - Processing file /home/airflow/.local/lib/python3.12/site-packages/airflow/example_dags/example_display_name.py for tasks to queue
[2024-11-16T05:10:05.753+0000] {logging_mixin.py:190} INFO - [2024-11-16T05:10:05.752+0000] {dagbag.py:588} INFO - Filling up the DagBag from /home/airflow/.local/lib/python3.12/site-packages/airflow/example_dags/example_display_name.py
[2024-11-16T05:10:05.760+0000] {processor.py:925} INFO - DAG(s) 'example_display_name' retrieved from /home/airflow/.local/lib/python3.12/site-packages/airflow/example_dags/example_display_name.py
[2024-11-16T05:10:05.781+0000] {logging_mixin.py:190} INFO - [2024-11-16T05:10:05.781+0000] {dag.py:3239} INFO - Sync 1 DAGs
[2024-11-16T05:10:05.796+0000] {logging_mixin.py:190} INFO - [2024-11-16T05:10:05.795+0000] {dag.py:4180} INFO - Setting next_dagrun for example_display_name to None, run_after=None
[2024-11-16T05:10:05.819+0000] {processor.py:208} INFO - Processing /home/airflow/.local/lib/python3.12/site-packages/airflow/example_dags/example_display_name.py took 0.078 seconds
[2024-11-16T05:11:27.355+0000] {processor.py:186} INFO - Started process (PID=95) to work on /home/airflow/.local/lib/python3.12/site-packages/airflow/example_dags/example_display_name.py
[2024-11-16T05:11:27.356+0000] {processor.py:914} INFO - Processing file /home/airflow/.local/lib/python3.12/site-packages/airflow/example_dags/example_display_name.py for tasks to queue
[2024-11-16T05:11:27.358+0000] {logging_mixin.py:190} INFO - [2024-11-16T05:11:27.358+0000] {dagbag.py:588} INFO - Filling up the DagBag from /home/airflow/.local/lib/python3.12/site-packages/airflow/example_dags/example_display_name.py
[2024-11-16T05:11:27.365+0000] {processor.py:925} INFO - DAG(s) 'example_display_name' retrieved from /home/airflow/.local/lib/python3.12/site-packages/airflow/example_dags/example_display_name.py
[2024-11-16T05:11:27.386+0000] {logging_mixin.py:190} INFO - [2024-11-16T05:11:27.386+0000] {dag.py:3239} INFO - Sync 1 DAGs
[2024-11-16T05:11:27.406+0000] {logging_mixin.py:190} INFO - [2024-11-16T05:11:27.406+0000] {dag.py:4180} INFO - Setting next_dagrun for example_display_name to None, run_after=None
[2024-11-16T05:11:27.432+0000] {processor.py:208} INFO - Processing /home/airflow/.local/lib/python3.12/site-packages/airflow/example_dags/example_display_name.py took 0.082 seconds
[2024-11-16T05:11:58.187+0000] {processor.py:186} INFO - Started process (PID=162) to work on /home/airflow/.local/lib/python3.12/site-packages/airflow/example_dags/example_display_name.py
[2024-11-16T05:11:58.188+0000] {processor.py:914} INFO - Processing file /home/airflow/.local/lib/python3.12/site-packages/airflow/example_dags/example_display_name.py for tasks to queue
[2024-11-16T05:11:58.189+0000] {logging_mixin.py:190} INFO - [2024-11-16T05:11:58.189+0000] {dagbag.py:588} INFO - Filling up the DagBag from /home/airflow/.local/lib/python3.12/site-packages/airflow/example_dags/example_display_name.py
[2024-11-16T05:11:58.195+0000] {processor.py:925} INFO - DAG(s) 'example_display_name' retrieved from /home/airflow/.local/lib/python3.12/site-packages/airflow/example_dags/example_display_name.py
[2024-11-16T05:11:58.210+0000] {logging_mixin.py:190} INFO - [2024-11-16T05:11:58.210+0000] {dag.py:3239} INFO - Sync 1 DAGs
[2024-11-16T05:11:58.221+0000] {logging_mixin.py:190} INFO - [2024-11-16T05:11:58.220+0000] {dag.py:4180} INFO - Setting next_dagrun for example_display_name to None, run_after=None
[2024-11-16T05:11:58.239+0000] {processor.py:208} INFO - Processing /home/airflow/.local/lib/python3.12/site-packages/airflow/example_dags/example_display_name.py took 0.058 seconds
[2024-11-16T05:12:28.667+0000] {processor.py:186} INFO - Started process (PID=230) to work on /home/airflow/.local/lib/python3.12/site-packages/airflow/example_dags/example_display_name.py
[2024-11-16T05:12:28.670+0000] {processor.py:914} INFO - Processing file /home/airflow/.local/lib/python3.12/site-packages/airflow/example_dags/example_display_name.py for tasks to queue
[2024-11-16T05:12:28.674+0000] {logging_mixin.py:190} INFO - [2024-11-16T05:12:28.673+0000] {dagbag.py:588} INFO - Filling up the DagBag from /home/airflow/.local/lib/python3.12/site-packages/airflow/example_dags/example_display_name.py
[2024-11-16T05:12:28.684+0000] {processor.py:925} INFO - DAG(s) 'example_display_name' retrieved from /home/airflow/.local/lib/python3.12/site-packages/airflow/example_dags/example_display_name.py
[2024-11-16T05:12:28.707+0000] {logging_mixin.py:190} INFO - [2024-11-16T05:12:28.706+0000] {dag.py:3239} INFO - Sync 1 DAGs
[2024-11-16T05:12:28.728+0000] {logging_mixin.py:190} INFO - [2024-11-16T05:12:28.728+0000] {dag.py:4180} INFO - Setting next_dagrun for example_display_name to None, run_after=None
[2024-11-16T05:12:28.758+0000] {processor.py:208} INFO - Processing /home/airflow/.local/lib/python3.12/site-packages/airflow/example_dags/example_display_name.py took 0.098 seconds
[2024-11-16T05:12:59.766+0000] {processor.py:186} INFO - Started process (PID=298) to work on /home/airflow/.local/lib/python3.12/site-packages/airflow/example_dags/example_display_name.py
[2024-11-16T05:12:59.771+0000] {processor.py:914} INFO - Processing file /home/airflow/.local/lib/python3.12/site-packages/airflow/example_dags/example_display_name.py for tasks to queue
[2024-11-16T05:12:59.776+0000] {logging_mixin.py:190} INFO - [2024-11-16T05:12:59.776+0000] {dagbag.py:588} INFO - Filling up the DagBag from /home/airflow/.local/lib/python3.12/site-packages/airflow/example_dags/example_display_name.py
[2024-11-16T05:12:59.791+0000] {processor.py:925} INFO - DAG(s) 'example_display_name' retrieved from /home/airflow/.local/lib/python3.12/site-packages/airflow/example_dags/example_display_name.py
[2024-11-16T05:12:59.836+0000] {logging_mixin.py:190} INFO - [2024-11-16T05:12:59.836+0000] {dag.py:3239} INFO - Sync 1 DAGs
[2024-11-16T05:12:59.865+0000] {logging_mixin.py:190} INFO - [2024-11-16T05:12:59.864+0000] {dag.py:4180} INFO - Setting next_dagrun for example_display_name to None, run_after=None
[2024-11-16T05:12:59.914+0000] {processor.py:208} INFO - Processing /home/airflow/.local/lib/python3.12/site-packages/airflow/example_dags/example_display_name.py took 0.158 seconds
[2024-11-16T05:14:12.878+0000] {processor.py:186} INFO - Started process (PID=79) to work on /home/airflow/.local/lib/python3.12/site-packages/airflow/example_dags/example_display_name.py
[2024-11-16T05:14:12.878+0000] {processor.py:914} INFO - Processing file /home/airflow/.local/lib/python3.12/site-packages/airflow/example_dags/example_display_name.py for tasks to queue
[2024-11-16T05:14:12.880+0000] {logging_mixin.py:190} INFO - [2024-11-16T05:14:12.880+0000] {dagbag.py:588} INFO - Filling up the DagBag from /home/airflow/.local/lib/python3.12/site-packages/airflow/example_dags/example_display_name.py
[2024-11-16T05:14:12.885+0000] {processor.py:925} INFO - DAG(s) 'example_display_name' retrieved from /home/airflow/.local/lib/python3.12/site-packages/airflow/example_dags/example_display_name.py
[2024-11-16T05:14:12.902+0000] {logging_mixin.py:190} INFO - [2024-11-16T05:14:12.902+0000] {dag.py:3239} INFO - Sync 1 DAGs
[2024-11-16T05:14:12.914+0000] {logging_mixin.py:190} INFO - [2024-11-16T05:14:12.914+0000] {dag.py:4180} INFO - Setting next_dagrun for example_display_name to None, run_after=None
[2024-11-16T05:14:12.941+0000] {processor.py:208} INFO - Processing /home/airflow/.local/lib/python3.12/site-packages/airflow/example_dags/example_display_name.py took 0.067 seconds
[2024-11-16T05:14:43.740+0000] {processor.py:186} INFO - Started process (PID=153) to work on /home/airflow/.local/lib/python3.12/site-packages/airflow/example_dags/example_display_name.py
[2024-11-16T05:14:43.741+0000] {processor.py:914} INFO - Processing file /home/airflow/.local/lib/python3.12/site-packages/airflow/example_dags/example_display_name.py for tasks to queue
[2024-11-16T05:14:43.743+0000] {logging_mixin.py:190} INFO - [2024-11-16T05:14:43.743+0000] {dagbag.py:588} INFO - Filling up the DagBag from /home/airflow/.local/lib/python3.12/site-packages/airflow/example_dags/example_display_name.py
[2024-11-16T05:14:43.749+0000] {processor.py:925} INFO - DAG(s) 'example_display_name' retrieved from /home/airflow/.local/lib/python3.12/site-packages/airflow/example_dags/example_display_name.py
[2024-11-16T05:14:43.765+0000] {logging_mixin.py:190} INFO - [2024-11-16T05:14:43.764+0000] {dag.py:3239} INFO - Sync 1 DAGs
[2024-11-16T05:14:43.779+0000] {logging_mixin.py:190} INFO - [2024-11-16T05:14:43.778+0000] {dag.py:4180} INFO - Setting next_dagrun for example_display_name to None, run_after=None
[2024-11-16T05:14:43.794+0000] {processor.py:208} INFO - Processing /home/airflow/.local/lib/python3.12/site-packages/airflow/example_dags/example_display_name.py took 0.059 seconds
[2024-11-16T05:15:14.472+0000] {processor.py:186} INFO - Started process (PID=222) to work on /home/airflow/.local/lib/python3.12/site-packages/airflow/example_dags/example_display_name.py
[2024-11-16T05:15:14.473+0000] {processor.py:914} INFO - Processing file /home/airflow/.local/lib/python3.12/site-packages/airflow/example_dags/example_display_name.py for tasks to queue
[2024-11-16T05:15:14.475+0000] {logging_mixin.py:190} INFO - [2024-11-16T05:15:14.474+0000] {dagbag.py:588} INFO - Filling up the DagBag from /home/airflow/.local/lib/python3.12/site-packages/airflow/example_dags/example_display_name.py
[2024-11-16T05:15:14.481+0000] {processor.py:925} INFO - DAG(s) 'example_display_name' retrieved from /home/airflow/.local/lib/python3.12/site-packages/airflow/example_dags/example_display_name.py
[2024-11-16T05:15:14.498+0000] {logging_mixin.py:190} INFO - [2024-11-16T05:15:14.498+0000] {dag.py:3239} INFO - Sync 1 DAGs
[2024-11-16T05:15:14.509+0000] {logging_mixin.py:190} INFO - [2024-11-16T05:15:14.508+0000] {dag.py:4180} INFO - Setting next_dagrun for example_display_name to None, run_after=None
[2024-11-16T05:15:14.523+0000] {processor.py:208} INFO - Processing /home/airflow/.local/lib/python3.12/site-packages/airflow/example_dags/example_display_name.py took 0.055 seconds
[2024-11-16T05:15:44.936+0000] {processor.py:186} INFO - Started process (PID=289) to work on /home/airflow/.local/lib/python3.12/site-packages/airflow/example_dags/example_display_name.py
[2024-11-16T05:15:44.943+0000] {processor.py:914} INFO - Processing file /home/airflow/.local/lib/python3.12/site-packages/airflow/example_dags/example_display_name.py for tasks to queue
[2024-11-16T05:15:44.946+0000] {logging_mixin.py:190} INFO - [2024-11-16T05:15:44.945+0000] {dagbag.py:588} INFO - Filling up the DagBag from /home/airflow/.local/lib/python3.12/site-packages/airflow/example_dags/example_display_name.py
[2024-11-16T05:15:44.959+0000] {processor.py:925} INFO - DAG(s) 'example_display_name' retrieved from /home/airflow/.local/lib/python3.12/site-packages/airflow/example_dags/example_display_name.py
[2024-11-16T05:15:44.983+0000] {logging_mixin.py:190} INFO - [2024-11-16T05:15:44.983+0000] {dag.py:3239} INFO - Sync 1 DAGs
[2024-11-16T05:15:45.002+0000] {logging_mixin.py:190} INFO - [2024-11-16T05:15:45.002+0000] {dag.py:4180} INFO - Setting next_dagrun for example_display_name to None, run_after=None
[2024-11-16T05:15:45.031+0000] {processor.py:208} INFO - Processing /home/airflow/.local/lib/python3.12/site-packages/airflow/example_dags/example_display_name.py took 0.102 seconds
[2024-11-16T05:16:15.187+0000] {processor.py:186} INFO - Started process (PID=358) to work on /home/airflow/.local/lib/python3.12/site-packages/airflow/example_dags/example_display_name.py
[2024-11-16T05:16:15.190+0000] {processor.py:914} INFO - Processing file /home/airflow/.local/lib/python3.12/site-packages/airflow/example_dags/example_display_name.py for tasks to queue
[2024-11-16T05:16:15.195+0000] {logging_mixin.py:190} INFO - [2024-11-16T05:16:15.195+0000] {dagbag.py:588} INFO - Filling up the DagBag from /home/airflow/.local/lib/python3.12/site-packages/airflow/example_dags/example_display_name.py
[2024-11-16T05:16:15.203+0000] {processor.py:925} INFO - DAG(s) 'example_display_name' retrieved from /home/airflow/.local/lib/python3.12/site-packages/airflow/example_dags/example_display_name.py
[2024-11-16T05:16:15.224+0000] {logging_mixin.py:190} INFO - [2024-11-16T05:16:15.224+0000] {dag.py:3239} INFO - Sync 1 DAGs
[2024-11-16T05:16:15.244+0000] {logging_mixin.py:190} INFO - [2024-11-16T05:16:15.244+0000] {dag.py:4180} INFO - Setting next_dagrun for example_display_name to None, run_after=None
[2024-11-16T05:16:15.270+0000] {processor.py:208} INFO - Processing /home/airflow/.local/lib/python3.12/site-packages/airflow/example_dags/example_display_name.py took 0.091 seconds
[2024-11-16T05:16:45.945+0000] {processor.py:186} INFO - Started process (PID=426) to work on /home/airflow/.local/lib/python3.12/site-packages/airflow/example_dags/example_display_name.py
[2024-11-16T05:16:45.946+0000] {processor.py:914} INFO - Processing file /home/airflow/.local/lib/python3.12/site-packages/airflow/example_dags/example_display_name.py for tasks to queue
[2024-11-16T05:16:45.948+0000] {logging_mixin.py:190} INFO - [2024-11-16T05:16:45.947+0000] {dagbag.py:588} INFO - Filling up the DagBag from /home/airflow/.local/lib/python3.12/site-packages/airflow/example_dags/example_display_name.py
[2024-11-16T05:16:45.954+0000] {processor.py:925} INFO - DAG(s) 'example_display_name' retrieved from /home/airflow/.local/lib/python3.12/site-packages/airflow/example_dags/example_display_name.py
[2024-11-16T05:16:45.969+0000] {logging_mixin.py:190} INFO - [2024-11-16T05:16:45.968+0000] {dag.py:3239} INFO - Sync 1 DAGs
[2024-11-16T05:16:45.979+0000] {logging_mixin.py:190} INFO - [2024-11-16T05:16:45.979+0000] {dag.py:4180} INFO - Setting next_dagrun for example_display_name to None, run_after=None
[2024-11-16T05:16:45.995+0000] {processor.py:208} INFO - Processing /home/airflow/.local/lib/python3.12/site-packages/airflow/example_dags/example_display_name.py took 0.056 seconds
[2024-11-16T05:17:34.247+0000] {processor.py:186} INFO - Started process (PID=495) to work on /home/airflow/.local/lib/python3.12/site-packages/airflow/example_dags/example_display_name.py
[2024-11-16T05:17:34.248+0000] {processor.py:914} INFO - Processing file /home/airflow/.local/lib/python3.12/site-packages/airflow/example_dags/example_display_name.py for tasks to queue
[2024-11-16T05:17:34.251+0000] {logging_mixin.py:190} INFO - [2024-11-16T05:17:34.250+0000] {dagbag.py:588} INFO - Filling up the DagBag from /home/airflow/.local/lib/python3.12/site-packages/airflow/example_dags/example_display_name.py
[2024-11-16T05:17:34.259+0000] {processor.py:925} INFO - DAG(s) 'example_display_name' retrieved from /home/airflow/.local/lib/python3.12/site-packages/airflow/example_dags/example_display_name.py
[2024-11-16T05:17:34.278+0000] {logging_mixin.py:190} INFO - [2024-11-16T05:17:34.277+0000] {dag.py:3239} INFO - Sync 1 DAGs
[2024-11-16T05:17:34.290+0000] {logging_mixin.py:190} INFO - [2024-11-16T05:17:34.289+0000] {dag.py:4180} INFO - Setting next_dagrun for example_display_name to None, run_after=None
[2024-11-16T05:17:34.310+0000] {processor.py:208} INFO - Processing /home/airflow/.local/lib/python3.12/site-packages/airflow/example_dags/example_display_name.py took 0.070 seconds
[2024-11-16T05:18:04.572+0000] {processor.py:186} INFO - Started process (PID=563) to work on /home/airflow/.local/lib/python3.12/site-packages/airflow/example_dags/example_display_name.py
[2024-11-16T05:18:04.573+0000] {processor.py:914} INFO - Processing file /home/airflow/.local/lib/python3.12/site-packages/airflow/example_dags/example_display_name.py for tasks to queue
[2024-11-16T05:18:04.575+0000] {logging_mixin.py:190} INFO - [2024-11-16T05:18:04.575+0000] {dagbag.py:588} INFO - Filling up the DagBag from /home/airflow/.local/lib/python3.12/site-packages/airflow/example_dags/example_display_name.py
[2024-11-16T05:18:04.588+0000] {processor.py:925} INFO - DAG(s) 'example_display_name' retrieved from /home/airflow/.local/lib/python3.12/site-packages/airflow/example_dags/example_display_name.py
[2024-11-16T05:18:04.624+0000] {logging_mixin.py:190} INFO - [2024-11-16T05:18:04.623+0000] {dag.py:3239} INFO - Sync 1 DAGs
[2024-11-16T05:18:04.659+0000] {logging_mixin.py:190} INFO - [2024-11-16T05:18:04.658+0000] {dag.py:4180} INFO - Setting next_dagrun for example_display_name to None, run_after=None
[2024-11-16T05:18:04.691+0000] {processor.py:208} INFO - Processing /home/airflow/.local/lib/python3.12/site-packages/airflow/example_dags/example_display_name.py took 0.129 seconds
[2024-11-16T05:18:35.199+0000] {processor.py:186} INFO - Started process (PID=630) to work on /home/airflow/.local/lib/python3.12/site-packages/airflow/example_dags/example_display_name.py
[2024-11-16T05:18:35.200+0000] {processor.py:914} INFO - Processing file /home/airflow/.local/lib/python3.12/site-packages/airflow/example_dags/example_display_name.py for tasks to queue
[2024-11-16T05:18:35.202+0000] {logging_mixin.py:190} INFO - [2024-11-16T05:18:35.201+0000] {dagbag.py:588} INFO - Filling up the DagBag from /home/airflow/.local/lib/python3.12/site-packages/airflow/example_dags/example_display_name.py
[2024-11-16T05:18:35.207+0000] {processor.py:925} INFO - DAG(s) 'example_display_name' retrieved from /home/airflow/.local/lib/python3.12/site-packages/airflow/example_dags/example_display_name.py
[2024-11-16T05:18:35.220+0000] {logging_mixin.py:190} INFO - [2024-11-16T05:18:35.219+0000] {dag.py:3239} INFO - Sync 1 DAGs
[2024-11-16T05:18:35.229+0000] {logging_mixin.py:190} INFO - [2024-11-16T05:18:35.228+0000] {dag.py:4180} INFO - Setting next_dagrun for example_display_name to None, run_after=None
[2024-11-16T05:18:35.242+0000] {processor.py:208} INFO - Processing /home/airflow/.local/lib/python3.12/site-packages/airflow/example_dags/example_display_name.py took 0.047 seconds
[2024-11-16T05:20:42.029+0000] {processor.py:186} INFO - Started process (PID=80) to work on /home/airflow/.local/lib/python3.12/site-packages/airflow/example_dags/example_display_name.py
[2024-11-16T05:20:42.030+0000] {processor.py:914} INFO - Processing file /home/airflow/.local/lib/python3.12/site-packages/airflow/example_dags/example_display_name.py for tasks to queue
[2024-11-16T05:20:42.036+0000] {logging_mixin.py:190} INFO - [2024-11-16T05:20:42.036+0000] {dagbag.py:588} INFO - Filling up the DagBag from /home/airflow/.local/lib/python3.12/site-packages/airflow/example_dags/example_display_name.py
[2024-11-16T05:20:42.046+0000] {processor.py:925} INFO - DAG(s) 'example_display_name' retrieved from /home/airflow/.local/lib/python3.12/site-packages/airflow/example_dags/example_display_name.py
[2024-11-16T05:20:42.078+0000] {logging_mixin.py:190} INFO - [2024-11-16T05:20:42.078+0000] {dag.py:3239} INFO - Sync 1 DAGs
[2024-11-16T05:20:42.108+0000] {logging_mixin.py:190} INFO - [2024-11-16T05:20:42.108+0000] {dag.py:4180} INFO - Setting next_dagrun for example_display_name to None, run_after=None
[2024-11-16T05:20:42.145+0000] {processor.py:208} INFO - Processing /home/airflow/.local/lib/python3.12/site-packages/airflow/example_dags/example_display_name.py took 0.120 seconds
[2024-11-16T05:21:12.282+0000] {processor.py:186} INFO - Started process (PID=148) to work on /home/airflow/.local/lib/python3.12/site-packages/airflow/example_dags/example_display_name.py
[2024-11-16T05:21:12.283+0000] {processor.py:914} INFO - Processing file /home/airflow/.local/lib/python3.12/site-packages/airflow/example_dags/example_display_name.py for tasks to queue
[2024-11-16T05:21:12.285+0000] {logging_mixin.py:190} INFO - [2024-11-16T05:21:12.284+0000] {dagbag.py:588} INFO - Filling up the DagBag from /home/airflow/.local/lib/python3.12/site-packages/airflow/example_dags/example_display_name.py
[2024-11-16T05:21:12.290+0000] {processor.py:925} INFO - DAG(s) 'example_display_name' retrieved from /home/airflow/.local/lib/python3.12/site-packages/airflow/example_dags/example_display_name.py
[2024-11-16T05:21:12.303+0000] {logging_mixin.py:190} INFO - [2024-11-16T05:21:12.303+0000] {dag.py:3239} INFO - Sync 1 DAGs
[2024-11-16T05:21:12.313+0000] {logging_mixin.py:190} INFO - [2024-11-16T05:21:12.313+0000] {dag.py:4180} INFO - Setting next_dagrun for example_display_name to None, run_after=None
[2024-11-16T05:21:12.327+0000] {processor.py:208} INFO - Processing /home/airflow/.local/lib/python3.12/site-packages/airflow/example_dags/example_display_name.py took 0.049 seconds
[2024-11-16T05:21:43.313+0000] {processor.py:186} INFO - Started process (PID=216) to work on /home/airflow/.local/lib/python3.12/site-packages/airflow/example_dags/example_display_name.py
[2024-11-16T05:21:43.314+0000] {processor.py:914} INFO - Processing file /home/airflow/.local/lib/python3.12/site-packages/airflow/example_dags/example_display_name.py for tasks to queue
[2024-11-16T05:21:43.316+0000] {logging_mixin.py:190} INFO - [2024-11-16T05:21:43.315+0000] {dagbag.py:588} INFO - Filling up the DagBag from /home/airflow/.local/lib/python3.12/site-packages/airflow/example_dags/example_display_name.py
[2024-11-16T05:21:43.321+0000] {processor.py:925} INFO - DAG(s) 'example_display_name' retrieved from /home/airflow/.local/lib/python3.12/site-packages/airflow/example_dags/example_display_name.py
[2024-11-16T05:21:43.333+0000] {logging_mixin.py:190} INFO - [2024-11-16T05:21:43.333+0000] {dag.py:3239} INFO - Sync 1 DAGs
[2024-11-16T05:21:43.342+0000] {logging_mixin.py:190} INFO - [2024-11-16T05:21:43.342+0000] {dag.py:4180} INFO - Setting next_dagrun for example_display_name to None, run_after=None
[2024-11-16T05:21:43.356+0000] {processor.py:208} INFO - Processing /home/airflow/.local/lib/python3.12/site-packages/airflow/example_dags/example_display_name.py took 0.046 seconds
[2024-11-16T05:22:13.837+0000] {processor.py:186} INFO - Started process (PID=283) to work on /home/airflow/.local/lib/python3.12/site-packages/airflow/example_dags/example_display_name.py
[2024-11-16T05:22:13.838+0000] {processor.py:914} INFO - Processing file /home/airflow/.local/lib/python3.12/site-packages/airflow/example_dags/example_display_name.py for tasks to queue
[2024-11-16T05:22:13.839+0000] {logging_mixin.py:190} INFO - [2024-11-16T05:22:13.839+0000] {dagbag.py:588} INFO - Filling up the DagBag from /home/airflow/.local/lib/python3.12/site-packages/airflow/example_dags/example_display_name.py
[2024-11-16T05:22:13.845+0000] {processor.py:925} INFO - DAG(s) 'example_display_name' retrieved from /home/airflow/.local/lib/python3.12/site-packages/airflow/example_dags/example_display_name.py
[2024-11-16T05:22:13.861+0000] {logging_mixin.py:190} INFO - [2024-11-16T05:22:13.861+0000] {dag.py:3239} INFO - Sync 1 DAGs
[2024-11-16T05:22:13.873+0000] {logging_mixin.py:190} INFO - [2024-11-16T05:22:13.872+0000] {dag.py:4180} INFO - Setting next_dagrun for example_display_name to None, run_after=None
[2024-11-16T05:22:13.887+0000] {processor.py:208} INFO - Processing /home/airflow/.local/lib/python3.12/site-packages/airflow/example_dags/example_display_name.py took 0.055 seconds
[2024-11-16T05:22:44.098+0000] {processor.py:186} INFO - Started process (PID=351) to work on /home/airflow/.local/lib/python3.12/site-packages/airflow/example_dags/example_display_name.py
[2024-11-16T05:22:44.099+0000] {processor.py:914} INFO - Processing file /home/airflow/.local/lib/python3.12/site-packages/airflow/example_dags/example_display_name.py for tasks to queue
[2024-11-16T05:22:44.101+0000] {logging_mixin.py:190} INFO - [2024-11-16T05:22:44.100+0000] {dagbag.py:588} INFO - Filling up the DagBag from /home/airflow/.local/lib/python3.12/site-packages/airflow/example_dags/example_display_name.py
[2024-11-16T05:22:44.113+0000] {processor.py:925} INFO - DAG(s) 'example_display_name' retrieved from /home/airflow/.local/lib/python3.12/site-packages/airflow/example_dags/example_display_name.py
[2024-11-16T05:22:44.133+0000] {logging_mixin.py:190} INFO - [2024-11-16T05:22:44.133+0000] {dag.py:3239} INFO - Sync 1 DAGs
[2024-11-16T05:22:44.146+0000] {logging_mixin.py:190} INFO - [2024-11-16T05:22:44.146+0000] {dag.py:4180} INFO - Setting next_dagrun for example_display_name to None, run_after=None
[2024-11-16T05:22:44.160+0000] {processor.py:208} INFO - Processing /home/airflow/.local/lib/python3.12/site-packages/airflow/example_dags/example_display_name.py took 0.066 seconds
[2024-11-16T05:23:14.235+0000] {processor.py:186} INFO - Started process (PID=419) to work on /home/airflow/.local/lib/python3.12/site-packages/airflow/example_dags/example_display_name.py
[2024-11-16T05:23:14.236+0000] {processor.py:914} INFO - Processing file /home/airflow/.local/lib/python3.12/site-packages/airflow/example_dags/example_display_name.py for tasks to queue
[2024-11-16T05:23:14.237+0000] {logging_mixin.py:190} INFO - [2024-11-16T05:23:14.237+0000] {dagbag.py:588} INFO - Filling up the DagBag from /home/airflow/.local/lib/python3.12/site-packages/airflow/example_dags/example_display_name.py
[2024-11-16T05:23:14.242+0000] {processor.py:925} INFO - DAG(s) 'example_display_name' retrieved from /home/airflow/.local/lib/python3.12/site-packages/airflow/example_dags/example_display_name.py
[2024-11-16T05:23:14.255+0000] {logging_mixin.py:190} INFO - [2024-11-16T05:23:14.254+0000] {dag.py:3239} INFO - Sync 1 DAGs
[2024-11-16T05:23:14.264+0000] {logging_mixin.py:190} INFO - [2024-11-16T05:23:14.263+0000] {dag.py:4180} INFO - Setting next_dagrun for example_display_name to None, run_after=None
[2024-11-16T05:23:14.278+0000] {processor.py:208} INFO - Processing /home/airflow/.local/lib/python3.12/site-packages/airflow/example_dags/example_display_name.py took 0.047 seconds
[2024-11-16T05:23:45.010+0000] {processor.py:186} INFO - Started process (PID=487) to work on /home/airflow/.local/lib/python3.12/site-packages/airflow/example_dags/example_display_name.py
[2024-11-16T05:23:45.011+0000] {processor.py:914} INFO - Processing file /home/airflow/.local/lib/python3.12/site-packages/airflow/example_dags/example_display_name.py for tasks to queue
[2024-11-16T05:23:45.013+0000] {logging_mixin.py:190} INFO - [2024-11-16T05:23:45.013+0000] {dagbag.py:588} INFO - Filling up the DagBag from /home/airflow/.local/lib/python3.12/site-packages/airflow/example_dags/example_display_name.py
[2024-11-16T05:23:45.020+0000] {processor.py:925} INFO - DAG(s) 'example_display_name' retrieved from /home/airflow/.local/lib/python3.12/site-packages/airflow/example_dags/example_display_name.py
[2024-11-16T05:23:45.036+0000] {logging_mixin.py:190} INFO - [2024-11-16T05:23:45.035+0000] {dag.py:3239} INFO - Sync 1 DAGs
[2024-11-16T05:23:45.048+0000] {logging_mixin.py:190} INFO - [2024-11-16T05:23:45.048+0000] {dag.py:4180} INFO - Setting next_dagrun for example_display_name to None, run_after=None
[2024-11-16T05:23:45.067+0000] {processor.py:208} INFO - Processing /home/airflow/.local/lib/python3.12/site-packages/airflow/example_dags/example_display_name.py took 0.062 seconds
[2024-11-16T05:24:15.225+0000] {processor.py:186} INFO - Started process (PID=555) to work on /home/airflow/.local/lib/python3.12/site-packages/airflow/example_dags/example_display_name.py
[2024-11-16T05:24:15.226+0000] {processor.py:914} INFO - Processing file /home/airflow/.local/lib/python3.12/site-packages/airflow/example_dags/example_display_name.py for tasks to queue
[2024-11-16T05:24:15.227+0000] {logging_mixin.py:190} INFO - [2024-11-16T05:24:15.227+0000] {dagbag.py:588} INFO - Filling up the DagBag from /home/airflow/.local/lib/python3.12/site-packages/airflow/example_dags/example_display_name.py
[2024-11-16T05:24:15.231+0000] {processor.py:925} INFO - DAG(s) 'example_display_name' retrieved from /home/airflow/.local/lib/python3.12/site-packages/airflow/example_dags/example_display_name.py
[2024-11-16T05:24:15.243+0000] {logging_mixin.py:190} INFO - [2024-11-16T05:24:15.242+0000] {dag.py:3239} INFO - Sync 1 DAGs
[2024-11-16T05:24:15.251+0000] {logging_mixin.py:190} INFO - [2024-11-16T05:24:15.251+0000] {dag.py:4180} INFO - Setting next_dagrun for example_display_name to None, run_after=None
[2024-11-16T05:24:15.263+0000] {processor.py:208} INFO - Processing /home/airflow/.local/lib/python3.12/site-packages/airflow/example_dags/example_display_name.py took 0.041 seconds
[2024-11-16T05:25:09.779+0000] {processor.py:186} INFO - Started process (PID=75) to work on /home/airflow/.local/lib/python3.12/site-packages/airflow/example_dags/example_display_name.py
[2024-11-16T05:25:09.780+0000] {processor.py:914} INFO - Processing file /home/airflow/.local/lib/python3.12/site-packages/airflow/example_dags/example_display_name.py for tasks to queue
[2024-11-16T05:25:09.781+0000] {logging_mixin.py:190} INFO - [2024-11-16T05:25:09.781+0000] {dagbag.py:588} INFO - Filling up the DagBag from /home/airflow/.local/lib/python3.12/site-packages/airflow/example_dags/example_display_name.py
[2024-11-16T05:25:09.789+0000] {processor.py:925} INFO - DAG(s) 'example_display_name' retrieved from /home/airflow/.local/lib/python3.12/site-packages/airflow/example_dags/example_display_name.py
[2024-11-16T05:25:09.807+0000] {logging_mixin.py:190} INFO - [2024-11-16T05:25:09.806+0000] {dag.py:3239} INFO - Sync 1 DAGs
[2024-11-16T05:25:09.819+0000] {logging_mixin.py:190} INFO - [2024-11-16T05:25:09.819+0000] {dag.py:4180} INFO - Setting next_dagrun for example_display_name to None, run_after=None
[2024-11-16T05:25:09.838+0000] {processor.py:208} INFO - Processing /home/airflow/.local/lib/python3.12/site-packages/airflow/example_dags/example_display_name.py took 0.065 seconds
[2024-11-16T05:25:40.467+0000] {processor.py:186} INFO - Started process (PID=143) to work on /home/airflow/.local/lib/python3.12/site-packages/airflow/example_dags/example_display_name.py
[2024-11-16T05:25:40.467+0000] {processor.py:914} INFO - Processing file /home/airflow/.local/lib/python3.12/site-packages/airflow/example_dags/example_display_name.py for tasks to queue
[2024-11-16T05:25:40.469+0000] {logging_mixin.py:190} INFO - [2024-11-16T05:25:40.469+0000] {dagbag.py:588} INFO - Filling up the DagBag from /home/airflow/.local/lib/python3.12/site-packages/airflow/example_dags/example_display_name.py
[2024-11-16T05:25:40.474+0000] {processor.py:925} INFO - DAG(s) 'example_display_name' retrieved from /home/airflow/.local/lib/python3.12/site-packages/airflow/example_dags/example_display_name.py
[2024-11-16T05:25:40.489+0000] {logging_mixin.py:190} INFO - [2024-11-16T05:25:40.489+0000] {dag.py:3239} INFO - Sync 1 DAGs
[2024-11-16T05:25:40.500+0000] {logging_mixin.py:190} INFO - [2024-11-16T05:25:40.500+0000] {dag.py:4180} INFO - Setting next_dagrun for example_display_name to None, run_after=None
[2024-11-16T05:25:40.515+0000] {processor.py:208} INFO - Processing /home/airflow/.local/lib/python3.12/site-packages/airflow/example_dags/example_display_name.py took 0.052 seconds
[2024-11-16T05:26:10.628+0000] {processor.py:186} INFO - Started process (PID=211) to work on /home/airflow/.local/lib/python3.12/site-packages/airflow/example_dags/example_display_name.py
[2024-11-16T05:26:10.628+0000] {processor.py:914} INFO - Processing file /home/airflow/.local/lib/python3.12/site-packages/airflow/example_dags/example_display_name.py for tasks to queue
[2024-11-16T05:26:10.630+0000] {logging_mixin.py:190} INFO - [2024-11-16T05:26:10.630+0000] {dagbag.py:588} INFO - Filling up the DagBag from /home/airflow/.local/lib/python3.12/site-packages/airflow/example_dags/example_display_name.py
[2024-11-16T05:26:10.634+0000] {processor.py:925} INFO - DAG(s) 'example_display_name' retrieved from /home/airflow/.local/lib/python3.12/site-packages/airflow/example_dags/example_display_name.py
[2024-11-16T05:26:10.646+0000] {logging_mixin.py:190} INFO - [2024-11-16T05:26:10.646+0000] {dag.py:3239} INFO - Sync 1 DAGs
[2024-11-16T05:26:10.656+0000] {logging_mixin.py:190} INFO - [2024-11-16T05:26:10.655+0000] {dag.py:4180} INFO - Setting next_dagrun for example_display_name to None, run_after=None
[2024-11-16T05:26:10.668+0000] {processor.py:208} INFO - Processing /home/airflow/.local/lib/python3.12/site-packages/airflow/example_dags/example_display_name.py took 0.044 seconds
[2024-11-16T05:26:40.957+0000] {processor.py:186} INFO - Started process (PID=278) to work on /home/airflow/.local/lib/python3.12/site-packages/airflow/example_dags/example_display_name.py
[2024-11-16T05:26:40.958+0000] {processor.py:914} INFO - Processing file /home/airflow/.local/lib/python3.12/site-packages/airflow/example_dags/example_display_name.py for tasks to queue
[2024-11-16T05:26:40.960+0000] {logging_mixin.py:190} INFO - [2024-11-16T05:26:40.960+0000] {dagbag.py:588} INFO - Filling up the DagBag from /home/airflow/.local/lib/python3.12/site-packages/airflow/example_dags/example_display_name.py
[2024-11-16T05:26:40.966+0000] {processor.py:925} INFO - DAG(s) 'example_display_name' retrieved from /home/airflow/.local/lib/python3.12/site-packages/airflow/example_dags/example_display_name.py
[2024-11-16T05:26:40.981+0000] {logging_mixin.py:190} INFO - [2024-11-16T05:26:40.981+0000] {dag.py:3239} INFO - Sync 1 DAGs
[2024-11-16T05:26:40.994+0000] {logging_mixin.py:190} INFO - [2024-11-16T05:26:40.993+0000] {dag.py:4180} INFO - Setting next_dagrun for example_display_name to None, run_after=None
[2024-11-16T05:26:41.009+0000] {processor.py:208} INFO - Processing /home/airflow/.local/lib/python3.12/site-packages/airflow/example_dags/example_display_name.py took 0.056 seconds
[2024-11-16T05:27:12.228+0000] {processor.py:186} INFO - Started process (PID=347) to work on /home/airflow/.local/lib/python3.12/site-packages/airflow/example_dags/example_display_name.py
[2024-11-16T05:27:12.228+0000] {processor.py:914} INFO - Processing file /home/airflow/.local/lib/python3.12/site-packages/airflow/example_dags/example_display_name.py for tasks to queue
[2024-11-16T05:27:12.230+0000] {logging_mixin.py:190} INFO - [2024-11-16T05:27:12.229+0000] {dagbag.py:588} INFO - Filling up the DagBag from /home/airflow/.local/lib/python3.12/site-packages/airflow/example_dags/example_display_name.py
[2024-11-16T05:27:12.234+0000] {processor.py:925} INFO - DAG(s) 'example_display_name' retrieved from /home/airflow/.local/lib/python3.12/site-packages/airflow/example_dags/example_display_name.py
[2024-11-16T05:27:12.246+0000] {logging_mixin.py:190} INFO - [2024-11-16T05:27:12.246+0000] {dag.py:3239} INFO - Sync 1 DAGs
[2024-11-16T05:27:12.255+0000] {logging_mixin.py:190} INFO - [2024-11-16T05:27:12.255+0000] {dag.py:4180} INFO - Setting next_dagrun for example_display_name to None, run_after=None
[2024-11-16T05:27:12.268+0000] {processor.py:208} INFO - Processing /home/airflow/.local/lib/python3.12/site-packages/airflow/example_dags/example_display_name.py took 0.044 seconds
[2024-11-16T05:27:42.821+0000] {processor.py:186} INFO - Started process (PID=415) to work on /home/airflow/.local/lib/python3.12/site-packages/airflow/example_dags/example_display_name.py
[2024-11-16T05:27:42.822+0000] {processor.py:914} INFO - Processing file /home/airflow/.local/lib/python3.12/site-packages/airflow/example_dags/example_display_name.py for tasks to queue
[2024-11-16T05:27:42.823+0000] {logging_mixin.py:190} INFO - [2024-11-16T05:27:42.823+0000] {dagbag.py:588} INFO - Filling up the DagBag from /home/airflow/.local/lib/python3.12/site-packages/airflow/example_dags/example_display_name.py
[2024-11-16T05:27:42.828+0000] {processor.py:925} INFO - DAG(s) 'example_display_name' retrieved from /home/airflow/.local/lib/python3.12/site-packages/airflow/example_dags/example_display_name.py
[2024-11-16T05:27:42.842+0000] {logging_mixin.py:190} INFO - [2024-11-16T05:27:42.841+0000] {dag.py:3239} INFO - Sync 1 DAGs
[2024-11-16T05:27:42.853+0000] {logging_mixin.py:190} INFO - [2024-11-16T05:27:42.853+0000] {dag.py:4180} INFO - Setting next_dagrun for example_display_name to None, run_after=None
[2024-11-16T05:27:42.868+0000] {processor.py:208} INFO - Processing /home/airflow/.local/lib/python3.12/site-packages/airflow/example_dags/example_display_name.py took 0.051 seconds
[2024-11-16T05:29:48.207+0000] {processor.py:186} INFO - Started process (PID=94) to work on /home/airflow/.local/lib/python3.12/site-packages/airflow/example_dags/example_display_name.py
[2024-11-16T05:29:48.208+0000] {processor.py:914} INFO - Processing file /home/airflow/.local/lib/python3.12/site-packages/airflow/example_dags/example_display_name.py for tasks to queue
[2024-11-16T05:29:48.212+0000] {logging_mixin.py:190} INFO - [2024-11-16T05:29:48.212+0000] {dagbag.py:588} INFO - Filling up the DagBag from /home/airflow/.local/lib/python3.12/site-packages/airflow/example_dags/example_display_name.py
[2024-11-16T05:29:48.224+0000] {processor.py:925} INFO - DAG(s) 'example_display_name' retrieved from /home/airflow/.local/lib/python3.12/site-packages/airflow/example_dags/example_display_name.py
[2024-11-16T05:29:48.253+0000] {logging_mixin.py:190} INFO - [2024-11-16T05:29:48.253+0000] {dag.py:3239} INFO - Sync 1 DAGs
[2024-11-16T05:29:48.271+0000] {logging_mixin.py:190} INFO - [2024-11-16T05:29:48.270+0000] {dag.py:4180} INFO - Setting next_dagrun for example_display_name to None, run_after=None
[2024-11-16T05:29:48.296+0000] {processor.py:208} INFO - Processing /home/airflow/.local/lib/python3.12/site-packages/airflow/example_dags/example_display_name.py took 0.099 seconds
[2024-11-16T05:30:19.505+0000] {processor.py:186} INFO - Started process (PID=162) to work on /home/airflow/.local/lib/python3.12/site-packages/airflow/example_dags/example_display_name.py
[2024-11-16T05:30:19.507+0000] {processor.py:914} INFO - Processing file /home/airflow/.local/lib/python3.12/site-packages/airflow/example_dags/example_display_name.py for tasks to queue
[2024-11-16T05:30:19.511+0000] {logging_mixin.py:190} INFO - [2024-11-16T05:30:19.510+0000] {dagbag.py:588} INFO - Filling up the DagBag from /home/airflow/.local/lib/python3.12/site-packages/airflow/example_dags/example_display_name.py
[2024-11-16T05:30:19.525+0000] {processor.py:925} INFO - DAG(s) 'example_display_name' retrieved from /home/airflow/.local/lib/python3.12/site-packages/airflow/example_dags/example_display_name.py
[2024-11-16T05:30:19.564+0000] {logging_mixin.py:190} INFO - [2024-11-16T05:30:19.564+0000] {dag.py:3239} INFO - Sync 1 DAGs
[2024-11-16T05:30:19.597+0000] {logging_mixin.py:190} INFO - [2024-11-16T05:30:19.597+0000] {dag.py:4180} INFO - Setting next_dagrun for example_display_name to None, run_after=None
[2024-11-16T05:30:19.653+0000] {processor.py:208} INFO - Processing /home/airflow/.local/lib/python3.12/site-packages/airflow/example_dags/example_display_name.py took 0.156 seconds
[2024-11-16T05:30:50.103+0000] {processor.py:186} INFO - Started process (PID=229) to work on /home/airflow/.local/lib/python3.12/site-packages/airflow/example_dags/example_display_name.py
[2024-11-16T05:30:50.104+0000] {processor.py:914} INFO - Processing file /home/airflow/.local/lib/python3.12/site-packages/airflow/example_dags/example_display_name.py for tasks to queue
[2024-11-16T05:30:50.105+0000] {logging_mixin.py:190} INFO - [2024-11-16T05:30:50.105+0000] {dagbag.py:588} INFO - Filling up the DagBag from /home/airflow/.local/lib/python3.12/site-packages/airflow/example_dags/example_display_name.py
[2024-11-16T05:30:50.111+0000] {processor.py:925} INFO - DAG(s) 'example_display_name' retrieved from /home/airflow/.local/lib/python3.12/site-packages/airflow/example_dags/example_display_name.py
[2024-11-16T05:30:50.123+0000] {logging_mixin.py:190} INFO - [2024-11-16T05:30:50.122+0000] {dag.py:3239} INFO - Sync 1 DAGs
[2024-11-16T05:30:50.131+0000] {logging_mixin.py:190} INFO - [2024-11-16T05:30:50.131+0000] {dag.py:4180} INFO - Setting next_dagrun for example_display_name to None, run_after=None
[2024-11-16T05:30:50.146+0000] {processor.py:208} INFO - Processing /home/airflow/.local/lib/python3.12/site-packages/airflow/example_dags/example_display_name.py took 0.046 seconds
[2024-11-16T05:31:20.664+0000] {processor.py:186} INFO - Started process (PID=297) to work on /home/airflow/.local/lib/python3.12/site-packages/airflow/example_dags/example_display_name.py
[2024-11-16T05:31:20.665+0000] {processor.py:914} INFO - Processing file /home/airflow/.local/lib/python3.12/site-packages/airflow/example_dags/example_display_name.py for tasks to queue
[2024-11-16T05:31:20.667+0000] {logging_mixin.py:190} INFO - [2024-11-16T05:31:20.667+0000] {dagbag.py:588} INFO - Filling up the DagBag from /home/airflow/.local/lib/python3.12/site-packages/airflow/example_dags/example_display_name.py
[2024-11-16T05:31:20.672+0000] {processor.py:925} INFO - DAG(s) 'example_display_name' retrieved from /home/airflow/.local/lib/python3.12/site-packages/airflow/example_dags/example_display_name.py
[2024-11-16T05:31:20.685+0000] {logging_mixin.py:190} INFO - [2024-11-16T05:31:20.685+0000] {dag.py:3239} INFO - Sync 1 DAGs
[2024-11-16T05:31:20.695+0000] {logging_mixin.py:190} INFO - [2024-11-16T05:31:20.695+0000] {dag.py:4180} INFO - Setting next_dagrun for example_display_name to None, run_after=None
[2024-11-16T05:31:20.710+0000] {processor.py:208} INFO - Processing /home/airflow/.local/lib/python3.12/site-packages/airflow/example_dags/example_display_name.py took 0.050 seconds
[2024-11-16T05:31:51.065+0000] {processor.py:186} INFO - Started process (PID=365) to work on /home/airflow/.local/lib/python3.12/site-packages/airflow/example_dags/example_display_name.py
[2024-11-16T05:31:51.065+0000] {processor.py:914} INFO - Processing file /home/airflow/.local/lib/python3.12/site-packages/airflow/example_dags/example_display_name.py for tasks to queue
[2024-11-16T05:31:51.067+0000] {logging_mixin.py:190} INFO - [2024-11-16T05:31:51.067+0000] {dagbag.py:588} INFO - Filling up the DagBag from /home/airflow/.local/lib/python3.12/site-packages/airflow/example_dags/example_display_name.py
[2024-11-16T05:31:51.072+0000] {processor.py:925} INFO - DAG(s) 'example_display_name' retrieved from /home/airflow/.local/lib/python3.12/site-packages/airflow/example_dags/example_display_name.py
[2024-11-16T05:31:51.085+0000] {logging_mixin.py:190} INFO - [2024-11-16T05:31:51.085+0000] {dag.py:3239} INFO - Sync 1 DAGs
[2024-11-16T05:31:51.096+0000] {logging_mixin.py:190} INFO - [2024-11-16T05:31:51.095+0000] {dag.py:4180} INFO - Setting next_dagrun for example_display_name to None, run_after=None
[2024-11-16T05:31:51.118+0000] {processor.py:208} INFO - Processing /home/airflow/.local/lib/python3.12/site-packages/airflow/example_dags/example_display_name.py took 0.058 seconds
[2024-11-16T05:32:21.253+0000] {processor.py:186} INFO - Started process (PID=433) to work on /home/airflow/.local/lib/python3.12/site-packages/airflow/example_dags/example_display_name.py
[2024-11-16T05:32:21.254+0000] {processor.py:914} INFO - Processing file /home/airflow/.local/lib/python3.12/site-packages/airflow/example_dags/example_display_name.py for tasks to queue
[2024-11-16T05:32:21.256+0000] {logging_mixin.py:190} INFO - [2024-11-16T05:32:21.255+0000] {dagbag.py:588} INFO - Filling up the DagBag from /home/airflow/.local/lib/python3.12/site-packages/airflow/example_dags/example_display_name.py
[2024-11-16T05:32:21.261+0000] {processor.py:925} INFO - DAG(s) 'example_display_name' retrieved from /home/airflow/.local/lib/python3.12/site-packages/airflow/example_dags/example_display_name.py
[2024-11-16T05:32:21.273+0000] {logging_mixin.py:190} INFO - [2024-11-16T05:32:21.273+0000] {dag.py:3239} INFO - Sync 1 DAGs
[2024-11-16T05:32:21.283+0000] {logging_mixin.py:190} INFO - [2024-11-16T05:32:21.283+0000] {dag.py:4180} INFO - Setting next_dagrun for example_display_name to None, run_after=None
[2024-11-16T05:32:21.300+0000] {processor.py:208} INFO - Processing /home/airflow/.local/lib/python3.12/site-packages/airflow/example_dags/example_display_name.py took 0.051 seconds
[2024-11-16T05:32:51.394+0000] {processor.py:186} INFO - Started process (PID=501) to work on /home/airflow/.local/lib/python3.12/site-packages/airflow/example_dags/example_display_name.py
[2024-11-16T05:32:51.395+0000] {processor.py:914} INFO - Processing file /home/airflow/.local/lib/python3.12/site-packages/airflow/example_dags/example_display_name.py for tasks to queue
[2024-11-16T05:32:51.397+0000] {logging_mixin.py:190} INFO - [2024-11-16T05:32:51.397+0000] {dagbag.py:588} INFO - Filling up the DagBag from /home/airflow/.local/lib/python3.12/site-packages/airflow/example_dags/example_display_name.py
[2024-11-16T05:32:51.408+0000] {processor.py:925} INFO - DAG(s) 'example_display_name' retrieved from /home/airflow/.local/lib/python3.12/site-packages/airflow/example_dags/example_display_name.py
[2024-11-16T05:32:51.421+0000] {logging_mixin.py:190} INFO - [2024-11-16T05:32:51.421+0000] {dag.py:3239} INFO - Sync 1 DAGs
[2024-11-16T05:32:51.430+0000] {logging_mixin.py:190} INFO - [2024-11-16T05:32:51.430+0000] {dag.py:4180} INFO - Setting next_dagrun for example_display_name to None, run_after=None
[2024-11-16T05:32:51.446+0000] {processor.py:208} INFO - Processing /home/airflow/.local/lib/python3.12/site-packages/airflow/example_dags/example_display_name.py took 0.055 seconds
[2024-11-16T05:33:21.925+0000] {processor.py:186} INFO - Started process (PID=569) to work on /home/airflow/.local/lib/python3.12/site-packages/airflow/example_dags/example_display_name.py
[2024-11-16T05:33:21.926+0000] {processor.py:914} INFO - Processing file /home/airflow/.local/lib/python3.12/site-packages/airflow/example_dags/example_display_name.py for tasks to queue
[2024-11-16T05:33:21.927+0000] {logging_mixin.py:190} INFO - [2024-11-16T05:33:21.927+0000] {dagbag.py:588} INFO - Filling up the DagBag from /home/airflow/.local/lib/python3.12/site-packages/airflow/example_dags/example_display_name.py
[2024-11-16T05:33:21.933+0000] {processor.py:925} INFO - DAG(s) 'example_display_name' retrieved from /home/airflow/.local/lib/python3.12/site-packages/airflow/example_dags/example_display_name.py
[2024-11-16T05:33:21.947+0000] {logging_mixin.py:190} INFO - [2024-11-16T05:33:21.947+0000] {dag.py:3239} INFO - Sync 1 DAGs
[2024-11-16T05:33:21.958+0000] {logging_mixin.py:190} INFO - [2024-11-16T05:33:21.958+0000] {dag.py:4180} INFO - Setting next_dagrun for example_display_name to None, run_after=None
[2024-11-16T05:33:21.974+0000] {processor.py:208} INFO - Processing /home/airflow/.local/lib/python3.12/site-packages/airflow/example_dags/example_display_name.py took 0.054 seconds
[2024-11-16T05:33:52.140+0000] {processor.py:186} INFO - Started process (PID=637) to work on /home/airflow/.local/lib/python3.12/site-packages/airflow/example_dags/example_display_name.py
[2024-11-16T05:33:52.140+0000] {processor.py:914} INFO - Processing file /home/airflow/.local/lib/python3.12/site-packages/airflow/example_dags/example_display_name.py for tasks to queue
[2024-11-16T05:33:52.142+0000] {logging_mixin.py:190} INFO - [2024-11-16T05:33:52.142+0000] {dagbag.py:588} INFO - Filling up the DagBag from /home/airflow/.local/lib/python3.12/site-packages/airflow/example_dags/example_display_name.py
[2024-11-16T05:33:52.147+0000] {processor.py:925} INFO - DAG(s) 'example_display_name' retrieved from /home/airflow/.local/lib/python3.12/site-packages/airflow/example_dags/example_display_name.py
[2024-11-16T05:33:52.164+0000] {logging_mixin.py:190} INFO - [2024-11-16T05:33:52.163+0000] {dag.py:3239} INFO - Sync 1 DAGs
[2024-11-16T05:33:52.180+0000] {logging_mixin.py:190} INFO - [2024-11-16T05:33:52.180+0000] {dag.py:4180} INFO - Setting next_dagrun for example_display_name to None, run_after=None
[2024-11-16T05:33:52.210+0000] {processor.py:208} INFO - Processing /home/airflow/.local/lib/python3.12/site-packages/airflow/example_dags/example_display_name.py took 0.074 seconds
[2024-11-16T05:34:22.269+0000] {processor.py:186} INFO - Started process (PID=705) to work on /home/airflow/.local/lib/python3.12/site-packages/airflow/example_dags/example_display_name.py
[2024-11-16T05:34:22.270+0000] {processor.py:914} INFO - Processing file /home/airflow/.local/lib/python3.12/site-packages/airflow/example_dags/example_display_name.py for tasks to queue
[2024-11-16T05:34:22.271+0000] {logging_mixin.py:190} INFO - [2024-11-16T05:34:22.271+0000] {dagbag.py:588} INFO - Filling up the DagBag from /home/airflow/.local/lib/python3.12/site-packages/airflow/example_dags/example_display_name.py
[2024-11-16T05:34:22.276+0000] {processor.py:925} INFO - DAG(s) 'example_display_name' retrieved from /home/airflow/.local/lib/python3.12/site-packages/airflow/example_dags/example_display_name.py
[2024-11-16T05:34:22.289+0000] {logging_mixin.py:190} INFO - [2024-11-16T05:34:22.289+0000] {dag.py:3239} INFO - Sync 1 DAGs
[2024-11-16T05:34:22.299+0000] {logging_mixin.py:190} INFO - [2024-11-16T05:34:22.298+0000] {dag.py:4180} INFO - Setting next_dagrun for example_display_name to None, run_after=None
[2024-11-16T05:34:22.314+0000] {processor.py:208} INFO - Processing /home/airflow/.local/lib/python3.12/site-packages/airflow/example_dags/example_display_name.py took 0.049 seconds
[2024-11-16T05:34:52.694+0000] {processor.py:186} INFO - Started process (PID=773) to work on /home/airflow/.local/lib/python3.12/site-packages/airflow/example_dags/example_display_name.py
[2024-11-16T05:34:52.695+0000] {processor.py:914} INFO - Processing file /home/airflow/.local/lib/python3.12/site-packages/airflow/example_dags/example_display_name.py for tasks to queue
[2024-11-16T05:34:52.696+0000] {logging_mixin.py:190} INFO - [2024-11-16T05:34:52.696+0000] {dagbag.py:588} INFO - Filling up the DagBag from /home/airflow/.local/lib/python3.12/site-packages/airflow/example_dags/example_display_name.py
[2024-11-16T05:34:52.702+0000] {processor.py:925} INFO - DAG(s) 'example_display_name' retrieved from /home/airflow/.local/lib/python3.12/site-packages/airflow/example_dags/example_display_name.py
[2024-11-16T05:34:52.715+0000] {logging_mixin.py:190} INFO - [2024-11-16T05:34:52.715+0000] {dag.py:3239} INFO - Sync 1 DAGs
[2024-11-16T05:34:52.731+0000] {logging_mixin.py:190} INFO - [2024-11-16T05:34:52.730+0000] {dag.py:4180} INFO - Setting next_dagrun for example_display_name to None, run_after=None
[2024-11-16T05:34:52.751+0000] {processor.py:208} INFO - Processing /home/airflow/.local/lib/python3.12/site-packages/airflow/example_dags/example_display_name.py took 0.061 seconds
[2024-11-16T05:35:22.904+0000] {processor.py:186} INFO - Started process (PID=841) to work on /home/airflow/.local/lib/python3.12/site-packages/airflow/example_dags/example_display_name.py
[2024-11-16T05:35:22.904+0000] {processor.py:914} INFO - Processing file /home/airflow/.local/lib/python3.12/site-packages/airflow/example_dags/example_display_name.py for tasks to queue
[2024-11-16T05:35:22.906+0000] {logging_mixin.py:190} INFO - [2024-11-16T05:35:22.905+0000] {dagbag.py:588} INFO - Filling up the DagBag from /home/airflow/.local/lib/python3.12/site-packages/airflow/example_dags/example_display_name.py
[2024-11-16T05:35:22.910+0000] {processor.py:925} INFO - DAG(s) 'example_display_name' retrieved from /home/airflow/.local/lib/python3.12/site-packages/airflow/example_dags/example_display_name.py
[2024-11-16T05:35:22.923+0000] {logging_mixin.py:190} INFO - [2024-11-16T05:35:22.922+0000] {dag.py:3239} INFO - Sync 1 DAGs
[2024-11-16T05:35:22.931+0000] {logging_mixin.py:190} INFO - [2024-11-16T05:35:22.931+0000] {dag.py:4180} INFO - Setting next_dagrun for example_display_name to None, run_after=None
[2024-11-16T05:35:22.944+0000] {processor.py:208} INFO - Processing /home/airflow/.local/lib/python3.12/site-packages/airflow/example_dags/example_display_name.py took 0.044 seconds
[2024-11-16T05:35:53.109+0000] {processor.py:186} INFO - Started process (PID=909) to work on /home/airflow/.local/lib/python3.12/site-packages/airflow/example_dags/example_display_name.py
[2024-11-16T05:35:53.110+0000] {processor.py:914} INFO - Processing file /home/airflow/.local/lib/python3.12/site-packages/airflow/example_dags/example_display_name.py for tasks to queue
[2024-11-16T05:35:53.112+0000] {logging_mixin.py:190} INFO - [2024-11-16T05:35:53.112+0000] {dagbag.py:588} INFO - Filling up the DagBag from /home/airflow/.local/lib/python3.12/site-packages/airflow/example_dags/example_display_name.py
[2024-11-16T05:35:53.118+0000] {processor.py:925} INFO - DAG(s) 'example_display_name' retrieved from /home/airflow/.local/lib/python3.12/site-packages/airflow/example_dags/example_display_name.py
[2024-11-16T05:35:53.131+0000] {logging_mixin.py:190} INFO - [2024-11-16T05:35:53.131+0000] {dag.py:3239} INFO - Sync 1 DAGs
[2024-11-16T05:35:53.140+0000] {logging_mixin.py:190} INFO - [2024-11-16T05:35:53.140+0000] {dag.py:4180} INFO - Setting next_dagrun for example_display_name to None, run_after=None
[2024-11-16T05:35:53.155+0000] {processor.py:208} INFO - Processing /home/airflow/.local/lib/python3.12/site-packages/airflow/example_dags/example_display_name.py took 0.050 seconds
[2024-11-16T05:36:24.116+0000] {processor.py:186} INFO - Started process (PID=977) to work on /home/airflow/.local/lib/python3.12/site-packages/airflow/example_dags/example_display_name.py
[2024-11-16T05:36:24.117+0000] {processor.py:914} INFO - Processing file /home/airflow/.local/lib/python3.12/site-packages/airflow/example_dags/example_display_name.py for tasks to queue
[2024-11-16T05:36:24.118+0000] {logging_mixin.py:190} INFO - [2024-11-16T05:36:24.118+0000] {dagbag.py:588} INFO - Filling up the DagBag from /home/airflow/.local/lib/python3.12/site-packages/airflow/example_dags/example_display_name.py
[2024-11-16T05:36:24.124+0000] {processor.py:925} INFO - DAG(s) 'example_display_name' retrieved from /home/airflow/.local/lib/python3.12/site-packages/airflow/example_dags/example_display_name.py
[2024-11-16T05:36:24.140+0000] {logging_mixin.py:190} INFO - [2024-11-16T05:36:24.140+0000] {dag.py:3239} INFO - Sync 1 DAGs
[2024-11-16T05:36:24.153+0000] {logging_mixin.py:190} INFO - [2024-11-16T05:36:24.152+0000] {dag.py:4180} INFO - Setting next_dagrun for example_display_name to None, run_after=None
[2024-11-16T05:36:24.168+0000] {processor.py:208} INFO - Processing /home/airflow/.local/lib/python3.12/site-packages/airflow/example_dags/example_display_name.py took 0.056 seconds
[2024-11-16T05:36:54.331+0000] {processor.py:186} INFO - Started process (PID=1045) to work on /home/airflow/.local/lib/python3.12/site-packages/airflow/example_dags/example_display_name.py
[2024-11-16T05:36:54.332+0000] {processor.py:914} INFO - Processing file /home/airflow/.local/lib/python3.12/site-packages/airflow/example_dags/example_display_name.py for tasks to queue
[2024-11-16T05:36:54.334+0000] {logging_mixin.py:190} INFO - [2024-11-16T05:36:54.334+0000] {dagbag.py:588} INFO - Filling up the DagBag from /home/airflow/.local/lib/python3.12/site-packages/airflow/example_dags/example_display_name.py
[2024-11-16T05:36:54.341+0000] {processor.py:925} INFO - DAG(s) 'example_display_name' retrieved from /home/airflow/.local/lib/python3.12/site-packages/airflow/example_dags/example_display_name.py
[2024-11-16T05:36:54.357+0000] {logging_mixin.py:190} INFO - [2024-11-16T05:36:54.356+0000] {dag.py:3239} INFO - Sync 1 DAGs
[2024-11-16T05:36:54.371+0000] {logging_mixin.py:190} INFO - [2024-11-16T05:36:54.370+0000] {dag.py:4180} INFO - Setting next_dagrun for example_display_name to None, run_after=None
[2024-11-16T05:36:54.389+0000] {processor.py:208} INFO - Processing /home/airflow/.local/lib/python3.12/site-packages/airflow/example_dags/example_display_name.py took 0.065 seconds
[2024-11-16T05:37:25.340+0000] {processor.py:186} INFO - Started process (PID=1113) to work on /home/airflow/.local/lib/python3.12/site-packages/airflow/example_dags/example_display_name.py
[2024-11-16T05:37:25.341+0000] {processor.py:914} INFO - Processing file /home/airflow/.local/lib/python3.12/site-packages/airflow/example_dags/example_display_name.py for tasks to queue
[2024-11-16T05:37:25.343+0000] {logging_mixin.py:190} INFO - [2024-11-16T05:37:25.343+0000] {dagbag.py:588} INFO - Filling up the DagBag from /home/airflow/.local/lib/python3.12/site-packages/airflow/example_dags/example_display_name.py
[2024-11-16T05:37:25.350+0000] {processor.py:925} INFO - DAG(s) 'example_display_name' retrieved from /home/airflow/.local/lib/python3.12/site-packages/airflow/example_dags/example_display_name.py
[2024-11-16T05:37:25.364+0000] {logging_mixin.py:190} INFO - [2024-11-16T05:37:25.364+0000] {dag.py:3239} INFO - Sync 1 DAGs
[2024-11-16T05:37:25.375+0000] {logging_mixin.py:190} INFO - [2024-11-16T05:37:25.375+0000] {dag.py:4180} INFO - Setting next_dagrun for example_display_name to None, run_after=None
[2024-11-16T05:37:25.391+0000] {processor.py:208} INFO - Processing /home/airflow/.local/lib/python3.12/site-packages/airflow/example_dags/example_display_name.py took 0.057 seconds
[2024-11-16T05:37:55.542+0000] {processor.py:186} INFO - Started process (PID=1181) to work on /home/airflow/.local/lib/python3.12/site-packages/airflow/example_dags/example_display_name.py
[2024-11-16T05:37:55.543+0000] {processor.py:914} INFO - Processing file /home/airflow/.local/lib/python3.12/site-packages/airflow/example_dags/example_display_name.py for tasks to queue
[2024-11-16T05:37:55.544+0000] {logging_mixin.py:190} INFO - [2024-11-16T05:37:55.544+0000] {dagbag.py:588} INFO - Filling up the DagBag from /home/airflow/.local/lib/python3.12/site-packages/airflow/example_dags/example_display_name.py
[2024-11-16T05:37:55.549+0000] {processor.py:925} INFO - DAG(s) 'example_display_name' retrieved from /home/airflow/.local/lib/python3.12/site-packages/airflow/example_dags/example_display_name.py
[2024-11-16T05:37:55.562+0000] {logging_mixin.py:190} INFO - [2024-11-16T05:37:55.562+0000] {dag.py:3239} INFO - Sync 1 DAGs
[2024-11-16T05:37:55.572+0000] {logging_mixin.py:190} INFO - [2024-11-16T05:37:55.572+0000] {dag.py:4180} INFO - Setting next_dagrun for example_display_name to None, run_after=None
[2024-11-16T05:37:55.589+0000] {processor.py:208} INFO - Processing /home/airflow/.local/lib/python3.12/site-packages/airflow/example_dags/example_display_name.py took 0.050 seconds
[2024-11-16T05:38:26.393+0000] {processor.py:186} INFO - Started process (PID=1249) to work on /home/airflow/.local/lib/python3.12/site-packages/airflow/example_dags/example_display_name.py
[2024-11-16T05:38:26.393+0000] {processor.py:914} INFO - Processing file /home/airflow/.local/lib/python3.12/site-packages/airflow/example_dags/example_display_name.py for tasks to queue
[2024-11-16T05:38:26.395+0000] {logging_mixin.py:190} INFO - [2024-11-16T05:38:26.395+0000] {dagbag.py:588} INFO - Filling up the DagBag from /home/airflow/.local/lib/python3.12/site-packages/airflow/example_dags/example_display_name.py
[2024-11-16T05:38:26.400+0000] {processor.py:925} INFO - DAG(s) 'example_display_name' retrieved from /home/airflow/.local/lib/python3.12/site-packages/airflow/example_dags/example_display_name.py
[2024-11-16T05:38:26.413+0000] {logging_mixin.py:190} INFO - [2024-11-16T05:38:26.413+0000] {dag.py:3239} INFO - Sync 1 DAGs
[2024-11-16T05:38:26.424+0000] {logging_mixin.py:190} INFO - [2024-11-16T05:38:26.423+0000] {dag.py:4180} INFO - Setting next_dagrun for example_display_name to None, run_after=None
[2024-11-16T05:38:26.438+0000] {processor.py:208} INFO - Processing /home/airflow/.local/lib/python3.12/site-packages/airflow/example_dags/example_display_name.py took 0.049 seconds
[2024-11-16T05:38:56.632+0000] {processor.py:186} INFO - Started process (PID=1317) to work on /home/airflow/.local/lib/python3.12/site-packages/airflow/example_dags/example_display_name.py
[2024-11-16T05:38:56.633+0000] {processor.py:914} INFO - Processing file /home/airflow/.local/lib/python3.12/site-packages/airflow/example_dags/example_display_name.py for tasks to queue
[2024-11-16T05:38:56.634+0000] {logging_mixin.py:190} INFO - [2024-11-16T05:38:56.634+0000] {dagbag.py:588} INFO - Filling up the DagBag from /home/airflow/.local/lib/python3.12/site-packages/airflow/example_dags/example_display_name.py
[2024-11-16T05:38:56.639+0000] {processor.py:925} INFO - DAG(s) 'example_display_name' retrieved from /home/airflow/.local/lib/python3.12/site-packages/airflow/example_dags/example_display_name.py
[2024-11-16T05:38:56.653+0000] {logging_mixin.py:190} INFO - [2024-11-16T05:38:56.652+0000] {dag.py:3239} INFO - Sync 1 DAGs
[2024-11-16T05:38:56.665+0000] {logging_mixin.py:190} INFO - [2024-11-16T05:38:56.664+0000] {dag.py:4180} INFO - Setting next_dagrun for example_display_name to None, run_after=None
[2024-11-16T05:38:56.686+0000] {processor.py:208} INFO - Processing /home/airflow/.local/lib/python3.12/site-packages/airflow/example_dags/example_display_name.py took 0.058 seconds
[2024-11-16T05:45:59.236+0000] {processor.py:186} INFO - Started process (PID=82) to work on /home/airflow/.local/lib/python3.12/site-packages/airflow/example_dags/example_display_name.py
[2024-11-16T05:45:59.237+0000] {processor.py:914} INFO - Processing file /home/airflow/.local/lib/python3.12/site-packages/airflow/example_dags/example_display_name.py for tasks to queue
[2024-11-16T05:45:59.239+0000] {logging_mixin.py:190} INFO - [2024-11-16T05:45:59.239+0000] {dagbag.py:588} INFO - Filling up the DagBag from /home/airflow/.local/lib/python3.12/site-packages/airflow/example_dags/example_display_name.py
[2024-11-16T05:45:59.247+0000] {processor.py:925} INFO - DAG(s) 'example_display_name' retrieved from /home/airflow/.local/lib/python3.12/site-packages/airflow/example_dags/example_display_name.py
[2024-11-16T05:45:59.270+0000] {logging_mixin.py:190} INFO - [2024-11-16T05:45:59.270+0000] {dag.py:3239} INFO - Sync 1 DAGs
[2024-11-16T05:45:59.291+0000] {logging_mixin.py:190} INFO - [2024-11-16T05:45:59.290+0000] {dag.py:4180} INFO - Setting next_dagrun for example_display_name to None, run_after=None
[2024-11-16T05:45:59.314+0000] {processor.py:208} INFO - Processing /home/airflow/.local/lib/python3.12/site-packages/airflow/example_dags/example_display_name.py took 0.085 seconds
[2024-11-16T05:46:30.124+0000] {processor.py:186} INFO - Started process (PID=149) to work on /home/airflow/.local/lib/python3.12/site-packages/airflow/example_dags/example_display_name.py
[2024-11-16T05:46:30.125+0000] {processor.py:914} INFO - Processing file /home/airflow/.local/lib/python3.12/site-packages/airflow/example_dags/example_display_name.py for tasks to queue
[2024-11-16T05:46:30.127+0000] {logging_mixin.py:190} INFO - [2024-11-16T05:46:30.126+0000] {dagbag.py:588} INFO - Filling up the DagBag from /home/airflow/.local/lib/python3.12/site-packages/airflow/example_dags/example_display_name.py
[2024-11-16T05:46:30.131+0000] {processor.py:925} INFO - DAG(s) 'example_display_name' retrieved from /home/airflow/.local/lib/python3.12/site-packages/airflow/example_dags/example_display_name.py
[2024-11-16T05:46:30.144+0000] {logging_mixin.py:190} INFO - [2024-11-16T05:46:30.143+0000] {dag.py:3239} INFO - Sync 1 DAGs
[2024-11-16T05:46:30.153+0000] {logging_mixin.py:190} INFO - [2024-11-16T05:46:30.153+0000] {dag.py:4180} INFO - Setting next_dagrun for example_display_name to None, run_after=None
[2024-11-16T05:46:30.168+0000] {processor.py:208} INFO - Processing /home/airflow/.local/lib/python3.12/site-packages/airflow/example_dags/example_display_name.py took 0.047 seconds
[2024-11-16T05:47:00.249+0000] {processor.py:186} INFO - Started process (PID=216) to work on /home/airflow/.local/lib/python3.12/site-packages/airflow/example_dags/example_display_name.py
[2024-11-16T05:47:00.249+0000] {processor.py:914} INFO - Processing file /home/airflow/.local/lib/python3.12/site-packages/airflow/example_dags/example_display_name.py for tasks to queue
[2024-11-16T05:47:00.251+0000] {logging_mixin.py:190} INFO - [2024-11-16T05:47:00.251+0000] {dagbag.py:588} INFO - Filling up the DagBag from /home/airflow/.local/lib/python3.12/site-packages/airflow/example_dags/example_display_name.py
[2024-11-16T05:47:00.257+0000] {processor.py:925} INFO - DAG(s) 'example_display_name' retrieved from /home/airflow/.local/lib/python3.12/site-packages/airflow/example_dags/example_display_name.py
[2024-11-16T05:47:00.277+0000] {logging_mixin.py:190} INFO - [2024-11-16T05:47:00.277+0000] {dag.py:3239} INFO - Sync 1 DAGs
[2024-11-16T05:47:00.288+0000] {logging_mixin.py:190} INFO - [2024-11-16T05:47:00.288+0000] {dag.py:4180} INFO - Setting next_dagrun for example_display_name to None, run_after=None
[2024-11-16T05:47:00.304+0000] {processor.py:208} INFO - Processing /home/airflow/.local/lib/python3.12/site-packages/airflow/example_dags/example_display_name.py took 0.060 seconds
[2024-11-16T05:47:30.666+0000] {processor.py:186} INFO - Started process (PID=284) to work on /home/airflow/.local/lib/python3.12/site-packages/airflow/example_dags/example_display_name.py
[2024-11-16T05:47:30.668+0000] {processor.py:914} INFO - Processing file /home/airflow/.local/lib/python3.12/site-packages/airflow/example_dags/example_display_name.py for tasks to queue
[2024-11-16T05:47:30.669+0000] {logging_mixin.py:190} INFO - [2024-11-16T05:47:30.669+0000] {dagbag.py:588} INFO - Filling up the DagBag from /home/airflow/.local/lib/python3.12/site-packages/airflow/example_dags/example_display_name.py
[2024-11-16T05:47:30.674+0000] {processor.py:925} INFO - DAG(s) 'example_display_name' retrieved from /home/airflow/.local/lib/python3.12/site-packages/airflow/example_dags/example_display_name.py
[2024-11-16T05:47:30.689+0000] {logging_mixin.py:190} INFO - [2024-11-16T05:47:30.688+0000] {dag.py:3239} INFO - Sync 1 DAGs
[2024-11-16T05:47:30.699+0000] {logging_mixin.py:190} INFO - [2024-11-16T05:47:30.698+0000] {dag.py:4180} INFO - Setting next_dagrun for example_display_name to None, run_after=None
[2024-11-16T05:47:30.714+0000] {processor.py:208} INFO - Processing /home/airflow/.local/lib/python3.12/site-packages/airflow/example_dags/example_display_name.py took 0.052 seconds
[2024-11-16T05:48:00.770+0000] {processor.py:186} INFO - Started process (PID=352) to work on /home/airflow/.local/lib/python3.12/site-packages/airflow/example_dags/example_display_name.py
[2024-11-16T05:48:00.771+0000] {processor.py:914} INFO - Processing file /home/airflow/.local/lib/python3.12/site-packages/airflow/example_dags/example_display_name.py for tasks to queue
[2024-11-16T05:48:00.773+0000] {logging_mixin.py:190} INFO - [2024-11-16T05:48:00.772+0000] {dagbag.py:588} INFO - Filling up the DagBag from /home/airflow/.local/lib/python3.12/site-packages/airflow/example_dags/example_display_name.py
[2024-11-16T05:48:00.778+0000] {processor.py:925} INFO - DAG(s) 'example_display_name' retrieved from /home/airflow/.local/lib/python3.12/site-packages/airflow/example_dags/example_display_name.py
[2024-11-16T05:48:00.792+0000] {logging_mixin.py:190} INFO - [2024-11-16T05:48:00.792+0000] {dag.py:3239} INFO - Sync 1 DAGs
[2024-11-16T05:48:00.803+0000] {logging_mixin.py:190} INFO - [2024-11-16T05:48:00.802+0000] {dag.py:4180} INFO - Setting next_dagrun for example_display_name to None, run_after=None
[2024-11-16T05:48:00.817+0000] {processor.py:208} INFO - Processing /home/airflow/.local/lib/python3.12/site-packages/airflow/example_dags/example_display_name.py took 0.052 seconds
[2024-11-16T05:48:31.700+0000] {processor.py:186} INFO - Started process (PID=420) to work on /home/airflow/.local/lib/python3.12/site-packages/airflow/example_dags/example_display_name.py
[2024-11-16T05:48:31.701+0000] {processor.py:914} INFO - Processing file /home/airflow/.local/lib/python3.12/site-packages/airflow/example_dags/example_display_name.py for tasks to queue
[2024-11-16T05:48:31.704+0000] {logging_mixin.py:190} INFO - [2024-11-16T05:48:31.704+0000] {dagbag.py:588} INFO - Filling up the DagBag from /home/airflow/.local/lib/python3.12/site-packages/airflow/example_dags/example_display_name.py
[2024-11-16T05:48:31.712+0000] {processor.py:925} INFO - DAG(s) 'example_display_name' retrieved from /home/airflow/.local/lib/python3.12/site-packages/airflow/example_dags/example_display_name.py
[2024-11-16T05:48:31.729+0000] {logging_mixin.py:190} INFO - [2024-11-16T05:48:31.729+0000] {dag.py:3239} INFO - Sync 1 DAGs
[2024-11-16T05:48:31.743+0000] {logging_mixin.py:190} INFO - [2024-11-16T05:48:31.742+0000] {dag.py:4180} INFO - Setting next_dagrun for example_display_name to None, run_after=None
[2024-11-16T05:48:31.762+0000] {processor.py:208} INFO - Processing /home/airflow/.local/lib/python3.12/site-packages/airflow/example_dags/example_display_name.py took 0.066 seconds
[2024-11-16T05:49:02.324+0000] {processor.py:186} INFO - Started process (PID=488) to work on /home/airflow/.local/lib/python3.12/site-packages/airflow/example_dags/example_display_name.py
[2024-11-16T05:49:02.325+0000] {processor.py:914} INFO - Processing file /home/airflow/.local/lib/python3.12/site-packages/airflow/example_dags/example_display_name.py for tasks to queue
[2024-11-16T05:49:02.327+0000] {logging_mixin.py:190} INFO - [2024-11-16T05:49:02.327+0000] {dagbag.py:588} INFO - Filling up the DagBag from /home/airflow/.local/lib/python3.12/site-packages/airflow/example_dags/example_display_name.py
[2024-11-16T05:49:02.335+0000] {processor.py:925} INFO - DAG(s) 'example_display_name' retrieved from /home/airflow/.local/lib/python3.12/site-packages/airflow/example_dags/example_display_name.py
[2024-11-16T05:49:02.356+0000] {logging_mixin.py:190} INFO - [2024-11-16T05:49:02.355+0000] {dag.py:3239} INFO - Sync 1 DAGs
[2024-11-16T05:49:02.372+0000] {logging_mixin.py:190} INFO - [2024-11-16T05:49:02.372+0000] {dag.py:4180} INFO - Setting next_dagrun for example_display_name to None, run_after=None
[2024-11-16T05:49:02.387+0000] {processor.py:208} INFO - Processing /home/airflow/.local/lib/python3.12/site-packages/airflow/example_dags/example_display_name.py took 0.069 seconds
[2024-11-16T05:49:33.200+0000] {processor.py:186} INFO - Started process (PID=556) to work on /home/airflow/.local/lib/python3.12/site-packages/airflow/example_dags/example_display_name.py
[2024-11-16T05:49:33.201+0000] {processor.py:914} INFO - Processing file /home/airflow/.local/lib/python3.12/site-packages/airflow/example_dags/example_display_name.py for tasks to queue
[2024-11-16T05:49:33.202+0000] {logging_mixin.py:190} INFO - [2024-11-16T05:49:33.202+0000] {dagbag.py:588} INFO - Filling up the DagBag from /home/airflow/.local/lib/python3.12/site-packages/airflow/example_dags/example_display_name.py
[2024-11-16T05:49:33.207+0000] {processor.py:925} INFO - DAG(s) 'example_display_name' retrieved from /home/airflow/.local/lib/python3.12/site-packages/airflow/example_dags/example_display_name.py
[2024-11-16T05:49:33.220+0000] {logging_mixin.py:190} INFO - [2024-11-16T05:49:33.220+0000] {dag.py:3239} INFO - Sync 1 DAGs
[2024-11-16T05:49:33.233+0000] {logging_mixin.py:190} INFO - [2024-11-16T05:49:33.232+0000] {dag.py:4180} INFO - Setting next_dagrun for example_display_name to None, run_after=None
[2024-11-16T05:49:33.248+0000] {processor.py:208} INFO - Processing /home/airflow/.local/lib/python3.12/site-packages/airflow/example_dags/example_display_name.py took 0.052 seconds
[2024-11-16T05:50:48.519+0000] {processor.py:186} INFO - Started process (PID=88) to work on /home/airflow/.local/lib/python3.12/site-packages/airflow/example_dags/example_display_name.py
[2024-11-16T05:50:48.520+0000] {processor.py:914} INFO - Processing file /home/airflow/.local/lib/python3.12/site-packages/airflow/example_dags/example_display_name.py for tasks to queue
[2024-11-16T05:50:48.523+0000] {logging_mixin.py:190} INFO - [2024-11-16T05:50:48.522+0000] {dagbag.py:588} INFO - Filling up the DagBag from /home/airflow/.local/lib/python3.12/site-packages/airflow/example_dags/example_display_name.py
[2024-11-16T05:50:48.529+0000] {processor.py:925} INFO - DAG(s) 'example_display_name' retrieved from /home/airflow/.local/lib/python3.12/site-packages/airflow/example_dags/example_display_name.py
[2024-11-16T05:50:48.546+0000] {logging_mixin.py:190} INFO - [2024-11-16T05:50:48.546+0000] {dag.py:3239} INFO - Sync 1 DAGs
[2024-11-16T05:50:48.558+0000] {logging_mixin.py:190} INFO - [2024-11-16T05:50:48.558+0000] {dag.py:4180} INFO - Setting next_dagrun for example_display_name to None, run_after=None
[2024-11-16T05:50:48.579+0000] {processor.py:208} INFO - Processing /home/airflow/.local/lib/python3.12/site-packages/airflow/example_dags/example_display_name.py took 0.066 seconds
[2024-11-16T05:51:18.868+0000] {processor.py:186} INFO - Started process (PID=156) to work on /home/airflow/.local/lib/python3.12/site-packages/airflow/example_dags/example_display_name.py
[2024-11-16T05:51:18.868+0000] {processor.py:914} INFO - Processing file /home/airflow/.local/lib/python3.12/site-packages/airflow/example_dags/example_display_name.py for tasks to queue
[2024-11-16T05:51:18.870+0000] {logging_mixin.py:190} INFO - [2024-11-16T05:51:18.870+0000] {dagbag.py:588} INFO - Filling up the DagBag from /home/airflow/.local/lib/python3.12/site-packages/airflow/example_dags/example_display_name.py
[2024-11-16T05:51:18.876+0000] {processor.py:925} INFO - DAG(s) 'example_display_name' retrieved from /home/airflow/.local/lib/python3.12/site-packages/airflow/example_dags/example_display_name.py
[2024-11-16T05:51:18.891+0000] {logging_mixin.py:190} INFO - [2024-11-16T05:51:18.891+0000] {dag.py:3239} INFO - Sync 1 DAGs
[2024-11-16T05:51:18.904+0000] {logging_mixin.py:190} INFO - [2024-11-16T05:51:18.904+0000] {dag.py:4180} INFO - Setting next_dagrun for example_display_name to None, run_after=None
[2024-11-16T05:51:18.922+0000] {processor.py:208} INFO - Processing /home/airflow/.local/lib/python3.12/site-packages/airflow/example_dags/example_display_name.py took 0.059 seconds
[2024-11-16T05:51:49.173+0000] {processor.py:186} INFO - Started process (PID=223) to work on /home/airflow/.local/lib/python3.12/site-packages/airflow/example_dags/example_display_name.py
[2024-11-16T05:51:49.174+0000] {processor.py:914} INFO - Processing file /home/airflow/.local/lib/python3.12/site-packages/airflow/example_dags/example_display_name.py for tasks to queue
[2024-11-16T05:51:49.175+0000] {logging_mixin.py:190} INFO - [2024-11-16T05:51:49.175+0000] {dagbag.py:588} INFO - Filling up the DagBag from /home/airflow/.local/lib/python3.12/site-packages/airflow/example_dags/example_display_name.py
[2024-11-16T05:51:49.183+0000] {processor.py:925} INFO - DAG(s) 'example_display_name' retrieved from /home/airflow/.local/lib/python3.12/site-packages/airflow/example_dags/example_display_name.py
[2024-11-16T05:51:49.199+0000] {logging_mixin.py:190} INFO - [2024-11-16T05:51:49.199+0000] {dag.py:3239} INFO - Sync 1 DAGs
[2024-11-16T05:51:49.216+0000] {logging_mixin.py:190} INFO - [2024-11-16T05:51:49.216+0000] {dag.py:4180} INFO - Setting next_dagrun for example_display_name to None, run_after=None
[2024-11-16T05:51:49.238+0000] {processor.py:208} INFO - Processing /home/airflow/.local/lib/python3.12/site-packages/airflow/example_dags/example_display_name.py took 0.069 seconds
[2024-11-16T05:52:19.379+0000] {processor.py:186} INFO - Started process (PID=291) to work on /home/airflow/.local/lib/python3.12/site-packages/airflow/example_dags/example_display_name.py
[2024-11-16T05:52:19.380+0000] {processor.py:914} INFO - Processing file /home/airflow/.local/lib/python3.12/site-packages/airflow/example_dags/example_display_name.py for tasks to queue
[2024-11-16T05:52:19.381+0000] {logging_mixin.py:190} INFO - [2024-11-16T05:52:19.381+0000] {dagbag.py:588} INFO - Filling up the DagBag from /home/airflow/.local/lib/python3.12/site-packages/airflow/example_dags/example_display_name.py
[2024-11-16T05:52:19.386+0000] {processor.py:925} INFO - DAG(s) 'example_display_name' retrieved from /home/airflow/.local/lib/python3.12/site-packages/airflow/example_dags/example_display_name.py
[2024-11-16T05:52:19.399+0000] {logging_mixin.py:190} INFO - [2024-11-16T05:52:19.399+0000] {dag.py:3239} INFO - Sync 1 DAGs
[2024-11-16T05:52:19.413+0000] {logging_mixin.py:190} INFO - [2024-11-16T05:52:19.412+0000] {dag.py:4180} INFO - Setting next_dagrun for example_display_name to None, run_after=None
[2024-11-16T05:52:19.438+0000] {processor.py:208} INFO - Processing /home/airflow/.local/lib/python3.12/site-packages/airflow/example_dags/example_display_name.py took 0.063 seconds
[2024-11-16T05:52:49.727+0000] {processor.py:186} INFO - Started process (PID=359) to work on /home/airflow/.local/lib/python3.12/site-packages/airflow/example_dags/example_display_name.py
[2024-11-16T05:52:49.728+0000] {processor.py:914} INFO - Processing file /home/airflow/.local/lib/python3.12/site-packages/airflow/example_dags/example_display_name.py for tasks to queue
[2024-11-16T05:52:49.729+0000] {logging_mixin.py:190} INFO - [2024-11-16T05:52:49.729+0000] {dagbag.py:588} INFO - Filling up the DagBag from /home/airflow/.local/lib/python3.12/site-packages/airflow/example_dags/example_display_name.py
[2024-11-16T05:52:49.734+0000] {processor.py:925} INFO - DAG(s) 'example_display_name' retrieved from /home/airflow/.local/lib/python3.12/site-packages/airflow/example_dags/example_display_name.py
[2024-11-16T05:52:49.746+0000] {logging_mixin.py:190} INFO - [2024-11-16T05:52:49.746+0000] {dag.py:3239} INFO - Sync 1 DAGs
[2024-11-16T05:52:49.756+0000] {logging_mixin.py:190} INFO - [2024-11-16T05:52:49.756+0000] {dag.py:4180} INFO - Setting next_dagrun for example_display_name to None, run_after=None
[2024-11-16T05:52:49.770+0000] {processor.py:208} INFO - Processing /home/airflow/.local/lib/python3.12/site-packages/airflow/example_dags/example_display_name.py took 0.047 seconds
[2024-11-16T05:53:20.260+0000] {processor.py:186} INFO - Started process (PID=427) to work on /home/airflow/.local/lib/python3.12/site-packages/airflow/example_dags/example_display_name.py
[2024-11-16T05:53:20.261+0000] {processor.py:914} INFO - Processing file /home/airflow/.local/lib/python3.12/site-packages/airflow/example_dags/example_display_name.py for tasks to queue
[2024-11-16T05:53:20.263+0000] {logging_mixin.py:190} INFO - [2024-11-16T05:53:20.262+0000] {dagbag.py:588} INFO - Filling up the DagBag from /home/airflow/.local/lib/python3.12/site-packages/airflow/example_dags/example_display_name.py
[2024-11-16T05:53:20.267+0000] {processor.py:925} INFO - DAG(s) 'example_display_name' retrieved from /home/airflow/.local/lib/python3.12/site-packages/airflow/example_dags/example_display_name.py
[2024-11-16T05:53:20.280+0000] {logging_mixin.py:190} INFO - [2024-11-16T05:53:20.280+0000] {dag.py:3239} INFO - Sync 1 DAGs
[2024-11-16T05:53:20.289+0000] {logging_mixin.py:190} INFO - [2024-11-16T05:53:20.289+0000] {dag.py:4180} INFO - Setting next_dagrun for example_display_name to None, run_after=None
[2024-11-16T05:53:20.303+0000] {processor.py:208} INFO - Processing /home/airflow/.local/lib/python3.12/site-packages/airflow/example_dags/example_display_name.py took 0.047 seconds
[2024-11-16T05:53:50.768+0000] {processor.py:186} INFO - Started process (PID=495) to work on /home/airflow/.local/lib/python3.12/site-packages/airflow/example_dags/example_display_name.py
[2024-11-16T05:53:50.769+0000] {processor.py:914} INFO - Processing file /home/airflow/.local/lib/python3.12/site-packages/airflow/example_dags/example_display_name.py for tasks to queue
[2024-11-16T05:53:50.770+0000] {logging_mixin.py:190} INFO - [2024-11-16T05:53:50.770+0000] {dagbag.py:588} INFO - Filling up the DagBag from /home/airflow/.local/lib/python3.12/site-packages/airflow/example_dags/example_display_name.py
[2024-11-16T05:53:50.775+0000] {processor.py:925} INFO - DAG(s) 'example_display_name' retrieved from /home/airflow/.local/lib/python3.12/site-packages/airflow/example_dags/example_display_name.py
[2024-11-16T05:53:50.788+0000] {logging_mixin.py:190} INFO - [2024-11-16T05:53:50.788+0000] {dag.py:3239} INFO - Sync 1 DAGs
[2024-11-16T05:53:50.797+0000] {logging_mixin.py:190} INFO - [2024-11-16T05:53:50.797+0000] {dag.py:4180} INFO - Setting next_dagrun for example_display_name to None, run_after=None
[2024-11-16T05:53:50.812+0000] {processor.py:208} INFO - Processing /home/airflow/.local/lib/python3.12/site-packages/airflow/example_dags/example_display_name.py took 0.047 seconds
[2024-11-16T05:54:21.139+0000] {processor.py:186} INFO - Started process (PID=563) to work on /home/airflow/.local/lib/python3.12/site-packages/airflow/example_dags/example_display_name.py
[2024-11-16T05:54:21.140+0000] {processor.py:914} INFO - Processing file /home/airflow/.local/lib/python3.12/site-packages/airflow/example_dags/example_display_name.py for tasks to queue
[2024-11-16T05:54:21.142+0000] {logging_mixin.py:190} INFO - [2024-11-16T05:54:21.142+0000] {dagbag.py:588} INFO - Filling up the DagBag from /home/airflow/.local/lib/python3.12/site-packages/airflow/example_dags/example_display_name.py
[2024-11-16T05:54:21.150+0000] {processor.py:925} INFO - DAG(s) 'example_display_name' retrieved from /home/airflow/.local/lib/python3.12/site-packages/airflow/example_dags/example_display_name.py
[2024-11-16T05:54:21.167+0000] {logging_mixin.py:190} INFO - [2024-11-16T05:54:21.167+0000] {dag.py:3239} INFO - Sync 1 DAGs
[2024-11-16T05:54:21.181+0000] {logging_mixin.py:190} INFO - [2024-11-16T05:54:21.181+0000] {dag.py:4180} INFO - Setting next_dagrun for example_display_name to None, run_after=None
[2024-11-16T05:54:21.198+0000] {processor.py:208} INFO - Processing /home/airflow/.local/lib/python3.12/site-packages/airflow/example_dags/example_display_name.py took 0.062 seconds
[2024-11-16T05:54:51.363+0000] {processor.py:186} INFO - Started process (PID=631) to work on /home/airflow/.local/lib/python3.12/site-packages/airflow/example_dags/example_display_name.py
[2024-11-16T05:54:51.365+0000] {processor.py:914} INFO - Processing file /home/airflow/.local/lib/python3.12/site-packages/airflow/example_dags/example_display_name.py for tasks to queue
[2024-11-16T05:54:51.368+0000] {logging_mixin.py:190} INFO - [2024-11-16T05:54:51.368+0000] {dagbag.py:588} INFO - Filling up the DagBag from /home/airflow/.local/lib/python3.12/site-packages/airflow/example_dags/example_display_name.py
[2024-11-16T05:54:51.375+0000] {processor.py:925} INFO - DAG(s) 'example_display_name' retrieved from /home/airflow/.local/lib/python3.12/site-packages/airflow/example_dags/example_display_name.py
[2024-11-16T05:54:51.394+0000] {logging_mixin.py:190} INFO - [2024-11-16T05:54:51.394+0000] {dag.py:3239} INFO - Sync 1 DAGs
[2024-11-16T05:54:51.415+0000] {logging_mixin.py:190} INFO - [2024-11-16T05:54:51.414+0000] {dag.py:4180} INFO - Setting next_dagrun for example_display_name to None, run_after=None
[2024-11-16T05:54:51.438+0000] {processor.py:208} INFO - Processing /home/airflow/.local/lib/python3.12/site-packages/airflow/example_dags/example_display_name.py took 0.081 seconds
[2024-11-16T05:55:21.939+0000] {processor.py:186} INFO - Started process (PID=699) to work on /home/airflow/.local/lib/python3.12/site-packages/airflow/example_dags/example_display_name.py
[2024-11-16T05:55:21.940+0000] {processor.py:914} INFO - Processing file /home/airflow/.local/lib/python3.12/site-packages/airflow/example_dags/example_display_name.py for tasks to queue
[2024-11-16T05:55:21.941+0000] {logging_mixin.py:190} INFO - [2024-11-16T05:55:21.941+0000] {dagbag.py:588} INFO - Filling up the DagBag from /home/airflow/.local/lib/python3.12/site-packages/airflow/example_dags/example_display_name.py
[2024-11-16T05:55:21.946+0000] {processor.py:925} INFO - DAG(s) 'example_display_name' retrieved from /home/airflow/.local/lib/python3.12/site-packages/airflow/example_dags/example_display_name.py
[2024-11-16T05:55:21.959+0000] {logging_mixin.py:190} INFO - [2024-11-16T05:55:21.959+0000] {dag.py:3239} INFO - Sync 1 DAGs
[2024-11-16T05:55:21.970+0000] {logging_mixin.py:190} INFO - [2024-11-16T05:55:21.970+0000] {dag.py:4180} INFO - Setting next_dagrun for example_display_name to None, run_after=None
[2024-11-16T05:55:21.985+0000] {processor.py:208} INFO - Processing /home/airflow/.local/lib/python3.12/site-packages/airflow/example_dags/example_display_name.py took 0.050 seconds
[2024-11-16T05:55:52.319+0000] {processor.py:186} INFO - Started process (PID=767) to work on /home/airflow/.local/lib/python3.12/site-packages/airflow/example_dags/example_display_name.py
[2024-11-16T05:55:52.319+0000] {processor.py:914} INFO - Processing file /home/airflow/.local/lib/python3.12/site-packages/airflow/example_dags/example_display_name.py for tasks to queue
[2024-11-16T05:55:52.321+0000] {logging_mixin.py:190} INFO - [2024-11-16T05:55:52.321+0000] {dagbag.py:588} INFO - Filling up the DagBag from /home/airflow/.local/lib/python3.12/site-packages/airflow/example_dags/example_display_name.py
[2024-11-16T05:55:52.326+0000] {processor.py:925} INFO - DAG(s) 'example_display_name' retrieved from /home/airflow/.local/lib/python3.12/site-packages/airflow/example_dags/example_display_name.py
[2024-11-16T05:55:52.339+0000] {logging_mixin.py:190} INFO - [2024-11-16T05:55:52.338+0000] {dag.py:3239} INFO - Sync 1 DAGs
[2024-11-16T05:55:52.348+0000] {logging_mixin.py:190} INFO - [2024-11-16T05:55:52.348+0000] {dag.py:4180} INFO - Setting next_dagrun for example_display_name to None, run_after=None
[2024-11-16T05:55:52.362+0000] {processor.py:208} INFO - Processing /home/airflow/.local/lib/python3.12/site-packages/airflow/example_dags/example_display_name.py took 0.047 seconds
[2024-11-16T05:56:22.678+0000] {processor.py:186} INFO - Started process (PID=835) to work on /home/airflow/.local/lib/python3.12/site-packages/airflow/example_dags/example_display_name.py
[2024-11-16T05:56:22.679+0000] {processor.py:914} INFO - Processing file /home/airflow/.local/lib/python3.12/site-packages/airflow/example_dags/example_display_name.py for tasks to queue
[2024-11-16T05:56:22.680+0000] {logging_mixin.py:190} INFO - [2024-11-16T05:56:22.680+0000] {dagbag.py:588} INFO - Filling up the DagBag from /home/airflow/.local/lib/python3.12/site-packages/airflow/example_dags/example_display_name.py
[2024-11-16T05:56:22.685+0000] {processor.py:925} INFO - DAG(s) 'example_display_name' retrieved from /home/airflow/.local/lib/python3.12/site-packages/airflow/example_dags/example_display_name.py
[2024-11-16T05:56:22.698+0000] {logging_mixin.py:190} INFO - [2024-11-16T05:56:22.698+0000] {dag.py:3239} INFO - Sync 1 DAGs
[2024-11-16T05:56:22.708+0000] {logging_mixin.py:190} INFO - [2024-11-16T05:56:22.707+0000] {dag.py:4180} INFO - Setting next_dagrun for example_display_name to None, run_after=None
[2024-11-16T05:56:22.721+0000] {processor.py:208} INFO - Processing /home/airflow/.local/lib/python3.12/site-packages/airflow/example_dags/example_display_name.py took 0.047 seconds
[2024-11-16T05:56:52.940+0000] {processor.py:186} INFO - Started process (PID=903) to work on /home/airflow/.local/lib/python3.12/site-packages/airflow/example_dags/example_display_name.py
[2024-11-16T05:56:52.941+0000] {processor.py:914} INFO - Processing file /home/airflow/.local/lib/python3.12/site-packages/airflow/example_dags/example_display_name.py for tasks to queue
[2024-11-16T05:56:52.942+0000] {logging_mixin.py:190} INFO - [2024-11-16T05:56:52.942+0000] {dagbag.py:588} INFO - Filling up the DagBag from /home/airflow/.local/lib/python3.12/site-packages/airflow/example_dags/example_display_name.py
[2024-11-16T05:56:52.947+0000] {processor.py:925} INFO - DAG(s) 'example_display_name' retrieved from /home/airflow/.local/lib/python3.12/site-packages/airflow/example_dags/example_display_name.py
[2024-11-16T05:56:52.965+0000] {logging_mixin.py:190} INFO - [2024-11-16T05:56:52.965+0000] {dag.py:3239} INFO - Sync 1 DAGs
[2024-11-16T05:56:52.982+0000] {logging_mixin.py:190} INFO - [2024-11-16T05:56:52.982+0000] {dag.py:4180} INFO - Setting next_dagrun for example_display_name to None, run_after=None
[2024-11-16T05:56:52.997+0000] {processor.py:208} INFO - Processing /home/airflow/.local/lib/python3.12/site-packages/airflow/example_dags/example_display_name.py took 0.061 seconds
[2024-11-16T05:57:23.553+0000] {processor.py:186} INFO - Started process (PID=971) to work on /home/airflow/.local/lib/python3.12/site-packages/airflow/example_dags/example_display_name.py
[2024-11-16T05:57:23.554+0000] {processor.py:914} INFO - Processing file /home/airflow/.local/lib/python3.12/site-packages/airflow/example_dags/example_display_name.py for tasks to queue
[2024-11-16T05:57:23.555+0000] {logging_mixin.py:190} INFO - [2024-11-16T05:57:23.555+0000] {dagbag.py:588} INFO - Filling up the DagBag from /home/airflow/.local/lib/python3.12/site-packages/airflow/example_dags/example_display_name.py
[2024-11-16T05:57:23.560+0000] {processor.py:925} INFO - DAG(s) 'example_display_name' retrieved from /home/airflow/.local/lib/python3.12/site-packages/airflow/example_dags/example_display_name.py
[2024-11-16T05:57:23.573+0000] {logging_mixin.py:190} INFO - [2024-11-16T05:57:23.573+0000] {dag.py:3239} INFO - Sync 1 DAGs
[2024-11-16T05:57:23.582+0000] {logging_mixin.py:190} INFO - [2024-11-16T05:57:23.582+0000] {dag.py:4180} INFO - Setting next_dagrun for example_display_name to None, run_after=None
[2024-11-16T05:57:23.596+0000] {processor.py:208} INFO - Processing /home/airflow/.local/lib/python3.12/site-packages/airflow/example_dags/example_display_name.py took 0.047 seconds
[2024-11-16T06:44:16.147+0000] {processor.py:186} INFO - Started process (PID=90) to work on /home/airflow/.local/lib/python3.12/site-packages/airflow/example_dags/example_display_name.py
[2024-11-16T06:44:16.148+0000] {processor.py:914} INFO - Processing file /home/airflow/.local/lib/python3.12/site-packages/airflow/example_dags/example_display_name.py for tasks to queue
[2024-11-16T06:44:16.150+0000] {logging_mixin.py:190} INFO - [2024-11-16T06:44:16.150+0000] {dagbag.py:588} INFO - Filling up the DagBag from /home/airflow/.local/lib/python3.12/site-packages/airflow/example_dags/example_display_name.py
[2024-11-16T06:44:16.160+0000] {processor.py:925} INFO - DAG(s) 'example_display_name' retrieved from /home/airflow/.local/lib/python3.12/site-packages/airflow/example_dags/example_display_name.py
[2024-11-16T06:44:16.185+0000] {logging_mixin.py:190} INFO - [2024-11-16T06:44:16.185+0000] {dag.py:3239} INFO - Sync 1 DAGs
[2024-11-16T06:44:16.207+0000] {logging_mixin.py:190} INFO - [2024-11-16T06:44:16.206+0000] {dag.py:4180} INFO - Setting next_dagrun for example_display_name to None, run_after=None
[2024-11-16T06:44:16.233+0000] {processor.py:208} INFO - Processing /home/airflow/.local/lib/python3.12/site-packages/airflow/example_dags/example_display_name.py took 0.091 seconds
[2024-11-16T06:44:46.503+0000] {processor.py:186} INFO - Started process (PID=157) to work on /home/airflow/.local/lib/python3.12/site-packages/airflow/example_dags/example_display_name.py
[2024-11-16T06:44:46.504+0000] {processor.py:914} INFO - Processing file /home/airflow/.local/lib/python3.12/site-packages/airflow/example_dags/example_display_name.py for tasks to queue
[2024-11-16T06:44:46.505+0000] {logging_mixin.py:190} INFO - [2024-11-16T06:44:46.505+0000] {dagbag.py:588} INFO - Filling up the DagBag from /home/airflow/.local/lib/python3.12/site-packages/airflow/example_dags/example_display_name.py
[2024-11-16T06:44:46.511+0000] {processor.py:925} INFO - DAG(s) 'example_display_name' retrieved from /home/airflow/.local/lib/python3.12/site-packages/airflow/example_dags/example_display_name.py
[2024-11-16T06:44:46.524+0000] {logging_mixin.py:190} INFO - [2024-11-16T06:44:46.524+0000] {dag.py:3239} INFO - Sync 1 DAGs
[2024-11-16T06:44:46.534+0000] {logging_mixin.py:190} INFO - [2024-11-16T06:44:46.534+0000] {dag.py:4180} INFO - Setting next_dagrun for example_display_name to None, run_after=None
[2024-11-16T06:44:46.548+0000] {processor.py:208} INFO - Processing /home/airflow/.local/lib/python3.12/site-packages/airflow/example_dags/example_display_name.py took 0.049 seconds
[2024-11-16T06:45:17.457+0000] {processor.py:186} INFO - Started process (PID=231) to work on /home/airflow/.local/lib/python3.12/site-packages/airflow/example_dags/example_display_name.py
[2024-11-16T06:45:17.458+0000] {processor.py:914} INFO - Processing file /home/airflow/.local/lib/python3.12/site-packages/airflow/example_dags/example_display_name.py for tasks to queue
[2024-11-16T06:45:17.459+0000] {logging_mixin.py:190} INFO - [2024-11-16T06:45:17.459+0000] {dagbag.py:588} INFO - Filling up the DagBag from /home/airflow/.local/lib/python3.12/site-packages/airflow/example_dags/example_display_name.py
[2024-11-16T06:45:17.465+0000] {processor.py:925} INFO - DAG(s) 'example_display_name' retrieved from /home/airflow/.local/lib/python3.12/site-packages/airflow/example_dags/example_display_name.py
[2024-11-16T06:45:17.477+0000] {logging_mixin.py:190} INFO - [2024-11-16T06:45:17.477+0000] {dag.py:3239} INFO - Sync 1 DAGs
[2024-11-16T06:45:17.487+0000] {logging_mixin.py:190} INFO - [2024-11-16T06:45:17.486+0000] {dag.py:4180} INFO - Setting next_dagrun for example_display_name to None, run_after=None
[2024-11-16T06:45:17.500+0000] {processor.py:208} INFO - Processing /home/airflow/.local/lib/python3.12/site-packages/airflow/example_dags/example_display_name.py took 0.047 seconds
[2024-11-16T06:45:48.172+0000] {processor.py:186} INFO - Started process (PID=299) to work on /home/airflow/.local/lib/python3.12/site-packages/airflow/example_dags/example_display_name.py
[2024-11-16T06:45:48.174+0000] {processor.py:914} INFO - Processing file /home/airflow/.local/lib/python3.12/site-packages/airflow/example_dags/example_display_name.py for tasks to queue
[2024-11-16T06:45:48.176+0000] {logging_mixin.py:190} INFO - [2024-11-16T06:45:48.176+0000] {dagbag.py:588} INFO - Filling up the DagBag from /home/airflow/.local/lib/python3.12/site-packages/airflow/example_dags/example_display_name.py
[2024-11-16T06:45:48.184+0000] {processor.py:925} INFO - DAG(s) 'example_display_name' retrieved from /home/airflow/.local/lib/python3.12/site-packages/airflow/example_dags/example_display_name.py
[2024-11-16T06:45:48.203+0000] {logging_mixin.py:190} INFO - [2024-11-16T06:45:48.203+0000] {dag.py:3239} INFO - Sync 1 DAGs
[2024-11-16T06:45:48.214+0000] {logging_mixin.py:190} INFO - [2024-11-16T06:45:48.214+0000] {dag.py:4180} INFO - Setting next_dagrun for example_display_name to None, run_after=None
[2024-11-16T06:45:48.231+0000] {processor.py:208} INFO - Processing /home/airflow/.local/lib/python3.12/site-packages/airflow/example_dags/example_display_name.py took 0.066 seconds
[2024-11-16T06:46:19.225+0000] {processor.py:186} INFO - Started process (PID=367) to work on /home/airflow/.local/lib/python3.12/site-packages/airflow/example_dags/example_display_name.py
[2024-11-16T06:46:19.226+0000] {processor.py:914} INFO - Processing file /home/airflow/.local/lib/python3.12/site-packages/airflow/example_dags/example_display_name.py for tasks to queue
[2024-11-16T06:46:19.227+0000] {logging_mixin.py:190} INFO - [2024-11-16T06:46:19.227+0000] {dagbag.py:588} INFO - Filling up the DagBag from /home/airflow/.local/lib/python3.12/site-packages/airflow/example_dags/example_display_name.py
[2024-11-16T06:46:19.239+0000] {processor.py:925} INFO - DAG(s) 'example_display_name' retrieved from /home/airflow/.local/lib/python3.12/site-packages/airflow/example_dags/example_display_name.py
[2024-11-16T06:46:19.263+0000] {logging_mixin.py:190} INFO - [2024-11-16T06:46:19.263+0000] {dag.py:3239} INFO - Sync 1 DAGs
[2024-11-16T06:46:19.280+0000] {logging_mixin.py:190} INFO - [2024-11-16T06:46:19.280+0000] {dag.py:4180} INFO - Setting next_dagrun for example_display_name to None, run_after=None
[2024-11-16T06:46:19.307+0000] {processor.py:208} INFO - Processing /home/airflow/.local/lib/python3.12/site-packages/airflow/example_dags/example_display_name.py took 0.092 seconds
[2024-11-16T07:28:08.086+0000] {processor.py:186} INFO - Started process (PID=94) to work on /home/airflow/.local/lib/python3.12/site-packages/airflow/example_dags/example_display_name.py
[2024-11-16T07:28:08.087+0000] {processor.py:914} INFO - Processing file /home/airflow/.local/lib/python3.12/site-packages/airflow/example_dags/example_display_name.py for tasks to queue
[2024-11-16T07:28:08.089+0000] {logging_mixin.py:190} INFO - [2024-11-16T07:28:08.089+0000] {dagbag.py:588} INFO - Filling up the DagBag from /home/airflow/.local/lib/python3.12/site-packages/airflow/example_dags/example_display_name.py
[2024-11-16T07:28:08.098+0000] {processor.py:925} INFO - DAG(s) 'example_display_name' retrieved from /home/airflow/.local/lib/python3.12/site-packages/airflow/example_dags/example_display_name.py
[2024-11-16T07:28:08.198+0000] {logging_mixin.py:190} INFO - [2024-11-16T07:28:08.197+0000] {override.py:1900} INFO - Created Permission View: can read on DAG:example_display_name
[2024-11-16T07:28:08.207+0000] {logging_mixin.py:190} INFO - [2024-11-16T07:28:08.207+0000] {override.py:1900} INFO - Created Permission View: can edit on DAG:example_display_name
[2024-11-16T07:28:08.216+0000] {logging_mixin.py:190} INFO - [2024-11-16T07:28:08.215+0000] {override.py:1900} INFO - Created Permission View: can delete on DAG:example_display_name
[2024-11-16T07:28:08.226+0000] {logging_mixin.py:190} INFO - [2024-11-16T07:28:08.226+0000] {override.py:1900} INFO - Created Permission View: can read on DAG Run:example_display_name
[2024-11-16T07:28:08.234+0000] {logging_mixin.py:190} INFO - [2024-11-16T07:28:08.234+0000] {override.py:1900} INFO - Created Permission View: menu access on DAG Run:example_display_name
[2024-11-16T07:28:08.243+0000] {logging_mixin.py:190} INFO - [2024-11-16T07:28:08.243+0000] {override.py:1900} INFO - Created Permission View: can create on DAG Run:example_display_name
[2024-11-16T07:28:08.253+0000] {logging_mixin.py:190} INFO - [2024-11-16T07:28:08.252+0000] {override.py:1900} INFO - Created Permission View: can delete on DAG Run:example_display_name
[2024-11-16T07:28:08.253+0000] {logging_mixin.py:190} INFO - [2024-11-16T07:28:08.253+0000] {dag.py:3239} INFO - Sync 1 DAGs
[2024-11-16T07:28:08.268+0000] {logging_mixin.py:190} INFO - [2024-11-16T07:28:08.267+0000] {dag.py:3262} INFO - Creating ORM DAG for example_display_name
[2024-11-16T07:28:08.268+0000] {logging_mixin.py:190} INFO - [2024-11-16T07:28:08.268+0000] {dag.py:4180} INFO - Setting next_dagrun for example_display_name to None, run_after=None
[2024-11-16T07:28:08.289+0000] {processor.py:208} INFO - Processing /home/airflow/.local/lib/python3.12/site-packages/airflow/example_dags/example_display_name.py took 0.208 seconds
[2024-11-16T07:28:38.609+0000] {processor.py:186} INFO - Started process (PID=161) to work on /home/airflow/.local/lib/python3.12/site-packages/airflow/example_dags/example_display_name.py
[2024-11-16T07:28:38.610+0000] {processor.py:914} INFO - Processing file /home/airflow/.local/lib/python3.12/site-packages/airflow/example_dags/example_display_name.py for tasks to queue
[2024-11-16T07:28:38.612+0000] {logging_mixin.py:190} INFO - [2024-11-16T07:28:38.611+0000] {dagbag.py:588} INFO - Filling up the DagBag from /home/airflow/.local/lib/python3.12/site-packages/airflow/example_dags/example_display_name.py
[2024-11-16T07:28:38.617+0000] {processor.py:925} INFO - DAG(s) 'example_display_name' retrieved from /home/airflow/.local/lib/python3.12/site-packages/airflow/example_dags/example_display_name.py
[2024-11-16T07:28:38.631+0000] {logging_mixin.py:190} INFO - [2024-11-16T07:28:38.631+0000] {dag.py:3239} INFO - Sync 1 DAGs
[2024-11-16T07:28:38.642+0000] {logging_mixin.py:190} INFO - [2024-11-16T07:28:38.641+0000] {dag.py:4180} INFO - Setting next_dagrun for example_display_name to None, run_after=None
[2024-11-16T07:28:38.658+0000] {processor.py:208} INFO - Processing /home/airflow/.local/lib/python3.12/site-packages/airflow/example_dags/example_display_name.py took 0.053 seconds
[2024-11-16T07:29:43.301+0000] {processor.py:186} INFO - Started process (PID=229) to work on /home/airflow/.local/lib/python3.12/site-packages/airflow/example_dags/example_display_name.py
[2024-11-16T07:29:43.302+0000] {processor.py:914} INFO - Processing file /home/airflow/.local/lib/python3.12/site-packages/airflow/example_dags/example_display_name.py for tasks to queue
[2024-11-16T07:29:43.304+0000] {logging_mixin.py:190} INFO - [2024-11-16T07:29:43.303+0000] {dagbag.py:588} INFO - Filling up the DagBag from /home/airflow/.local/lib/python3.12/site-packages/airflow/example_dags/example_display_name.py
[2024-11-16T07:29:43.310+0000] {processor.py:925} INFO - DAG(s) 'example_display_name' retrieved from /home/airflow/.local/lib/python3.12/site-packages/airflow/example_dags/example_display_name.py
[2024-11-16T07:29:43.330+0000] {logging_mixin.py:190} INFO - [2024-11-16T07:29:43.330+0000] {dag.py:3239} INFO - Sync 1 DAGs
[2024-11-16T07:29:43.346+0000] {logging_mixin.py:190} INFO - [2024-11-16T07:29:43.345+0000] {dag.py:4180} INFO - Setting next_dagrun for example_display_name to None, run_after=None
[2024-11-16T07:29:43.366+0000] {processor.py:208} INFO - Processing /home/airflow/.local/lib/python3.12/site-packages/airflow/example_dags/example_display_name.py took 0.070 seconds
[2024-11-16T07:30:14.410+0000] {processor.py:186} INFO - Started process (PID=296) to work on /home/airflow/.local/lib/python3.12/site-packages/airflow/example_dags/example_display_name.py
[2024-11-16T07:30:14.411+0000] {processor.py:914} INFO - Processing file /home/airflow/.local/lib/python3.12/site-packages/airflow/example_dags/example_display_name.py for tasks to queue
[2024-11-16T07:30:14.411+0000] {logging_mixin.py:190} INFO - [2024-11-16T07:30:14.411+0000] {dagbag.py:588} INFO - Filling up the DagBag from /home/airflow/.local/lib/python3.12/site-packages/airflow/example_dags/example_display_name.py
[2024-11-16T07:30:14.416+0000] {processor.py:925} INFO - DAG(s) 'example_display_name' retrieved from /home/airflow/.local/lib/python3.12/site-packages/airflow/example_dags/example_display_name.py
[2024-11-16T07:30:14.429+0000] {logging_mixin.py:190} INFO - [2024-11-16T07:30:14.429+0000] {dag.py:3239} INFO - Sync 1 DAGs
[2024-11-16T07:30:14.439+0000] {logging_mixin.py:190} INFO - [2024-11-16T07:30:14.439+0000] {dag.py:4180} INFO - Setting next_dagrun for example_display_name to None, run_after=None
[2024-11-16T07:30:14.454+0000] {processor.py:208} INFO - Processing /home/airflow/.local/lib/python3.12/site-packages/airflow/example_dags/example_display_name.py took 0.048 seconds
[2024-11-16T07:30:45.396+0000] {processor.py:186} INFO - Started process (PID=363) to work on /home/airflow/.local/lib/python3.12/site-packages/airflow/example_dags/example_display_name.py
[2024-11-16T07:30:45.397+0000] {processor.py:914} INFO - Processing file /home/airflow/.local/lib/python3.12/site-packages/airflow/example_dags/example_display_name.py for tasks to queue
[2024-11-16T07:30:45.398+0000] {logging_mixin.py:190} INFO - [2024-11-16T07:30:45.397+0000] {dagbag.py:588} INFO - Filling up the DagBag from /home/airflow/.local/lib/python3.12/site-packages/airflow/example_dags/example_display_name.py
[2024-11-16T07:30:45.403+0000] {processor.py:925} INFO - DAG(s) 'example_display_name' retrieved from /home/airflow/.local/lib/python3.12/site-packages/airflow/example_dags/example_display_name.py
[2024-11-16T07:30:45.417+0000] {logging_mixin.py:190} INFO - [2024-11-16T07:30:45.417+0000] {dag.py:3239} INFO - Sync 1 DAGs
[2024-11-16T07:30:45.428+0000] {logging_mixin.py:190} INFO - [2024-11-16T07:30:45.427+0000] {dag.py:4180} INFO - Setting next_dagrun for example_display_name to None, run_after=None
[2024-11-16T07:30:45.442+0000] {processor.py:208} INFO - Processing /home/airflow/.local/lib/python3.12/site-packages/airflow/example_dags/example_display_name.py took 0.051 seconds
[2024-11-16T07:31:15.886+0000] {processor.py:186} INFO - Started process (PID=430) to work on /home/airflow/.local/lib/python3.12/site-packages/airflow/example_dags/example_display_name.py
[2024-11-16T07:31:15.887+0000] {processor.py:914} INFO - Processing file /home/airflow/.local/lib/python3.12/site-packages/airflow/example_dags/example_display_name.py for tasks to queue
[2024-11-16T07:31:15.888+0000] {logging_mixin.py:190} INFO - [2024-11-16T07:31:15.887+0000] {dagbag.py:588} INFO - Filling up the DagBag from /home/airflow/.local/lib/python3.12/site-packages/airflow/example_dags/example_display_name.py
[2024-11-16T07:31:15.893+0000] {processor.py:925} INFO - DAG(s) 'example_display_name' retrieved from /home/airflow/.local/lib/python3.12/site-packages/airflow/example_dags/example_display_name.py
[2024-11-16T07:31:15.905+0000] {logging_mixin.py:190} INFO - [2024-11-16T07:31:15.905+0000] {dag.py:3239} INFO - Sync 1 DAGs
[2024-11-16T07:31:15.914+0000] {logging_mixin.py:190} INFO - [2024-11-16T07:31:15.914+0000] {dag.py:4180} INFO - Setting next_dagrun for example_display_name to None, run_after=None
[2024-11-16T07:31:15.926+0000] {processor.py:208} INFO - Processing /home/airflow/.local/lib/python3.12/site-packages/airflow/example_dags/example_display_name.py took 0.043 seconds
[2024-11-16T07:31:46.592+0000] {processor.py:186} INFO - Started process (PID=496) to work on /home/airflow/.local/lib/python3.12/site-packages/airflow/example_dags/example_display_name.py
[2024-11-16T07:31:46.593+0000] {processor.py:914} INFO - Processing file /home/airflow/.local/lib/python3.12/site-packages/airflow/example_dags/example_display_name.py for tasks to queue
[2024-11-16T07:31:46.594+0000] {logging_mixin.py:190} INFO - [2024-11-16T07:31:46.593+0000] {dagbag.py:588} INFO - Filling up the DagBag from /home/airflow/.local/lib/python3.12/site-packages/airflow/example_dags/example_display_name.py
[2024-11-16T07:31:46.599+0000] {processor.py:925} INFO - DAG(s) 'example_display_name' retrieved from /home/airflow/.local/lib/python3.12/site-packages/airflow/example_dags/example_display_name.py
[2024-11-16T07:31:46.612+0000] {logging_mixin.py:190} INFO - [2024-11-16T07:31:46.612+0000] {dag.py:3239} INFO - Sync 1 DAGs
[2024-11-16T07:31:46.622+0000] {logging_mixin.py:190} INFO - [2024-11-16T07:31:46.622+0000] {dag.py:4180} INFO - Setting next_dagrun for example_display_name to None, run_after=None
[2024-11-16T07:31:46.636+0000] {processor.py:208} INFO - Processing /home/airflow/.local/lib/python3.12/site-packages/airflow/example_dags/example_display_name.py took 0.048 seconds
[2024-11-16T07:32:16.892+0000] {processor.py:186} INFO - Started process (PID=563) to work on /home/airflow/.local/lib/python3.12/site-packages/airflow/example_dags/example_display_name.py
[2024-11-16T07:32:16.893+0000] {processor.py:914} INFO - Processing file /home/airflow/.local/lib/python3.12/site-packages/airflow/example_dags/example_display_name.py for tasks to queue
[2024-11-16T07:32:16.894+0000] {logging_mixin.py:190} INFO - [2024-11-16T07:32:16.894+0000] {dagbag.py:588} INFO - Filling up the DagBag from /home/airflow/.local/lib/python3.12/site-packages/airflow/example_dags/example_display_name.py
[2024-11-16T07:32:16.899+0000] {processor.py:925} INFO - DAG(s) 'example_display_name' retrieved from /home/airflow/.local/lib/python3.12/site-packages/airflow/example_dags/example_display_name.py
[2024-11-16T07:32:16.912+0000] {logging_mixin.py:190} INFO - [2024-11-16T07:32:16.912+0000] {dag.py:3239} INFO - Sync 1 DAGs
[2024-11-16T07:32:16.922+0000] {logging_mixin.py:190} INFO - [2024-11-16T07:32:16.922+0000] {dag.py:4180} INFO - Setting next_dagrun for example_display_name to None, run_after=None
[2024-11-16T07:32:16.936+0000] {processor.py:208} INFO - Processing /home/airflow/.local/lib/python3.12/site-packages/airflow/example_dags/example_display_name.py took 0.048 seconds
[2024-11-16T07:32:47.050+0000] {processor.py:186} INFO - Started process (PID=630) to work on /home/airflow/.local/lib/python3.12/site-packages/airflow/example_dags/example_display_name.py
[2024-11-16T07:32:47.051+0000] {processor.py:914} INFO - Processing file /home/airflow/.local/lib/python3.12/site-packages/airflow/example_dags/example_display_name.py for tasks to queue
[2024-11-16T07:32:47.052+0000] {logging_mixin.py:190} INFO - [2024-11-16T07:32:47.052+0000] {dagbag.py:588} INFO - Filling up the DagBag from /home/airflow/.local/lib/python3.12/site-packages/airflow/example_dags/example_display_name.py
[2024-11-16T07:32:47.057+0000] {processor.py:925} INFO - DAG(s) 'example_display_name' retrieved from /home/airflow/.local/lib/python3.12/site-packages/airflow/example_dags/example_display_name.py
[2024-11-16T07:32:47.070+0000] {logging_mixin.py:190} INFO - [2024-11-16T07:32:47.070+0000] {dag.py:3239} INFO - Sync 1 DAGs
[2024-11-16T07:32:47.080+0000] {logging_mixin.py:190} INFO - [2024-11-16T07:32:47.080+0000] {dag.py:4180} INFO - Setting next_dagrun for example_display_name to None, run_after=None
[2024-11-16T07:32:47.095+0000] {processor.py:208} INFO - Processing /home/airflow/.local/lib/python3.12/site-packages/airflow/example_dags/example_display_name.py took 0.049 seconds
[2024-11-16T07:33:17.814+0000] {processor.py:186} INFO - Started process (PID=697) to work on /home/airflow/.local/lib/python3.12/site-packages/airflow/example_dags/example_display_name.py
[2024-11-16T07:33:17.814+0000] {processor.py:914} INFO - Processing file /home/airflow/.local/lib/python3.12/site-packages/airflow/example_dags/example_display_name.py for tasks to queue
[2024-11-16T07:33:17.815+0000] {logging_mixin.py:190} INFO - [2024-11-16T07:33:17.815+0000] {dagbag.py:588} INFO - Filling up the DagBag from /home/airflow/.local/lib/python3.12/site-packages/airflow/example_dags/example_display_name.py
[2024-11-16T07:33:17.820+0000] {processor.py:925} INFO - DAG(s) 'example_display_name' retrieved from /home/airflow/.local/lib/python3.12/site-packages/airflow/example_dags/example_display_name.py
[2024-11-16T07:33:17.833+0000] {logging_mixin.py:190} INFO - [2024-11-16T07:33:17.833+0000] {dag.py:3239} INFO - Sync 1 DAGs
[2024-11-16T07:33:17.843+0000] {logging_mixin.py:190} INFO - [2024-11-16T07:33:17.843+0000] {dag.py:4180} INFO - Setting next_dagrun for example_display_name to None, run_after=None
[2024-11-16T07:33:17.857+0000] {processor.py:208} INFO - Processing /home/airflow/.local/lib/python3.12/site-packages/airflow/example_dags/example_display_name.py took 0.047 seconds
[2024-11-16T07:33:48.712+0000] {processor.py:186} INFO - Started process (PID=764) to work on /home/airflow/.local/lib/python3.12/site-packages/airflow/example_dags/example_display_name.py
[2024-11-16T07:33:48.713+0000] {processor.py:914} INFO - Processing file /home/airflow/.local/lib/python3.12/site-packages/airflow/example_dags/example_display_name.py for tasks to queue
[2024-11-16T07:33:48.714+0000] {logging_mixin.py:190} INFO - [2024-11-16T07:33:48.714+0000] {dagbag.py:588} INFO - Filling up the DagBag from /home/airflow/.local/lib/python3.12/site-packages/airflow/example_dags/example_display_name.py
[2024-11-16T07:33:48.719+0000] {processor.py:925} INFO - DAG(s) 'example_display_name' retrieved from /home/airflow/.local/lib/python3.12/site-packages/airflow/example_dags/example_display_name.py
[2024-11-16T07:33:48.732+0000] {logging_mixin.py:190} INFO - [2024-11-16T07:33:48.732+0000] {dag.py:3239} INFO - Sync 1 DAGs
[2024-11-16T07:33:48.742+0000] {logging_mixin.py:190} INFO - [2024-11-16T07:33:48.742+0000] {dag.py:4180} INFO - Setting next_dagrun for example_display_name to None, run_after=None
[2024-11-16T07:33:48.763+0000] {processor.py:208} INFO - Processing /home/airflow/.local/lib/python3.12/site-packages/airflow/example_dags/example_display_name.py took 0.054 seconds
[2024-11-16T07:34:19.669+0000] {processor.py:186} INFO - Started process (PID=831) to work on /home/airflow/.local/lib/python3.12/site-packages/airflow/example_dags/example_display_name.py
[2024-11-16T07:34:19.670+0000] {processor.py:914} INFO - Processing file /home/airflow/.local/lib/python3.12/site-packages/airflow/example_dags/example_display_name.py for tasks to queue
[2024-11-16T07:34:19.671+0000] {logging_mixin.py:190} INFO - [2024-11-16T07:34:19.671+0000] {dagbag.py:588} INFO - Filling up the DagBag from /home/airflow/.local/lib/python3.12/site-packages/airflow/example_dags/example_display_name.py
[2024-11-16T07:34:19.676+0000] {processor.py:925} INFO - DAG(s) 'example_display_name' retrieved from /home/airflow/.local/lib/python3.12/site-packages/airflow/example_dags/example_display_name.py
[2024-11-16T07:34:19.689+0000] {logging_mixin.py:190} INFO - [2024-11-16T07:34:19.689+0000] {dag.py:3239} INFO - Sync 1 DAGs
[2024-11-16T07:34:19.700+0000] {logging_mixin.py:190} INFO - [2024-11-16T07:34:19.700+0000] {dag.py:4180} INFO - Setting next_dagrun for example_display_name to None, run_after=None
[2024-11-16T07:34:19.715+0000] {processor.py:208} INFO - Processing /home/airflow/.local/lib/python3.12/site-packages/airflow/example_dags/example_display_name.py took 0.050 seconds
[2024-11-16T07:34:50.568+0000] {processor.py:186} INFO - Started process (PID=898) to work on /home/airflow/.local/lib/python3.12/site-packages/airflow/example_dags/example_display_name.py
[2024-11-16T07:34:50.569+0000] {processor.py:914} INFO - Processing file /home/airflow/.local/lib/python3.12/site-packages/airflow/example_dags/example_display_name.py for tasks to queue
[2024-11-16T07:34:50.570+0000] {logging_mixin.py:190} INFO - [2024-11-16T07:34:50.569+0000] {dagbag.py:588} INFO - Filling up the DagBag from /home/airflow/.local/lib/python3.12/site-packages/airflow/example_dags/example_display_name.py
[2024-11-16T07:34:50.575+0000] {processor.py:925} INFO - DAG(s) 'example_display_name' retrieved from /home/airflow/.local/lib/python3.12/site-packages/airflow/example_dags/example_display_name.py
[2024-11-16T07:34:50.588+0000] {logging_mixin.py:190} INFO - [2024-11-16T07:34:50.588+0000] {dag.py:3239} INFO - Sync 1 DAGs
[2024-11-16T07:34:50.599+0000] {logging_mixin.py:190} INFO - [2024-11-16T07:34:50.599+0000] {dag.py:4180} INFO - Setting next_dagrun for example_display_name to None, run_after=None
[2024-11-16T07:34:50.615+0000] {processor.py:208} INFO - Processing /home/airflow/.local/lib/python3.12/site-packages/airflow/example_dags/example_display_name.py took 0.051 seconds
[2024-11-16T07:35:21.953+0000] {processor.py:186} INFO - Started process (PID=965) to work on /home/airflow/.local/lib/python3.12/site-packages/airflow/example_dags/example_display_name.py
[2024-11-16T07:35:21.954+0000] {processor.py:914} INFO - Processing file /home/airflow/.local/lib/python3.12/site-packages/airflow/example_dags/example_display_name.py for tasks to queue
[2024-11-16T07:35:21.955+0000] {logging_mixin.py:190} INFO - [2024-11-16T07:35:21.955+0000] {dagbag.py:588} INFO - Filling up the DagBag from /home/airflow/.local/lib/python3.12/site-packages/airflow/example_dags/example_display_name.py
[2024-11-16T07:35:21.973+0000] {processor.py:925} INFO - DAG(s) 'example_display_name' retrieved from /home/airflow/.local/lib/python3.12/site-packages/airflow/example_dags/example_display_name.py
[2024-11-16T07:35:22.023+0000] {logging_mixin.py:190} INFO - [2024-11-16T07:35:22.022+0000] {dag.py:3239} INFO - Sync 1 DAGs
[2024-11-16T07:35:22.059+0000] {logging_mixin.py:190} INFO - [2024-11-16T07:35:22.058+0000] {dag.py:4180} INFO - Setting next_dagrun for example_display_name to None, run_after=None
[2024-11-16T07:35:22.108+0000] {processor.py:208} INFO - Processing /home/airflow/.local/lib/python3.12/site-packages/airflow/example_dags/example_display_name.py took 0.166 seconds
[2024-11-16T07:35:52.765+0000] {processor.py:186} INFO - Started process (PID=1032) to work on /home/airflow/.local/lib/python3.12/site-packages/airflow/example_dags/example_display_name.py
[2024-11-16T07:35:52.766+0000] {processor.py:914} INFO - Processing file /home/airflow/.local/lib/python3.12/site-packages/airflow/example_dags/example_display_name.py for tasks to queue
[2024-11-16T07:35:52.767+0000] {logging_mixin.py:190} INFO - [2024-11-16T07:35:52.767+0000] {dagbag.py:588} INFO - Filling up the DagBag from /home/airflow/.local/lib/python3.12/site-packages/airflow/example_dags/example_display_name.py
[2024-11-16T07:35:52.774+0000] {processor.py:925} INFO - DAG(s) 'example_display_name' retrieved from /home/airflow/.local/lib/python3.12/site-packages/airflow/example_dags/example_display_name.py
[2024-11-16T07:35:52.791+0000] {logging_mixin.py:190} INFO - [2024-11-16T07:35:52.791+0000] {dag.py:3239} INFO - Sync 1 DAGs
[2024-11-16T07:35:52.805+0000] {logging_mixin.py:190} INFO - [2024-11-16T07:35:52.804+0000] {dag.py:4180} INFO - Setting next_dagrun for example_display_name to None, run_after=None
[2024-11-16T07:35:52.826+0000] {processor.py:208} INFO - Processing /home/airflow/.local/lib/python3.12/site-packages/airflow/example_dags/example_display_name.py took 0.067 seconds
[2024-11-16T07:36:23.465+0000] {processor.py:186} INFO - Started process (PID=1099) to work on /home/airflow/.local/lib/python3.12/site-packages/airflow/example_dags/example_display_name.py
[2024-11-16T07:36:23.466+0000] {processor.py:914} INFO - Processing file /home/airflow/.local/lib/python3.12/site-packages/airflow/example_dags/example_display_name.py for tasks to queue
[2024-11-16T07:36:23.467+0000] {logging_mixin.py:190} INFO - [2024-11-16T07:36:23.467+0000] {dagbag.py:588} INFO - Filling up the DagBag from /home/airflow/.local/lib/python3.12/site-packages/airflow/example_dags/example_display_name.py
[2024-11-16T07:36:23.473+0000] {processor.py:925} INFO - DAG(s) 'example_display_name' retrieved from /home/airflow/.local/lib/python3.12/site-packages/airflow/example_dags/example_display_name.py
[2024-11-16T07:36:23.487+0000] {logging_mixin.py:190} INFO - [2024-11-16T07:36:23.487+0000] {dag.py:3239} INFO - Sync 1 DAGs
[2024-11-16T07:36:23.498+0000] {logging_mixin.py:190} INFO - [2024-11-16T07:36:23.497+0000] {dag.py:4180} INFO - Setting next_dagrun for example_display_name to None, run_after=None
[2024-11-16T07:36:23.513+0000] {processor.py:208} INFO - Processing /home/airflow/.local/lib/python3.12/site-packages/airflow/example_dags/example_display_name.py took 0.052 seconds
[2024-11-16T07:36:53.857+0000] {processor.py:186} INFO - Started process (PID=1166) to work on /home/airflow/.local/lib/python3.12/site-packages/airflow/example_dags/example_display_name.py
[2024-11-16T07:36:53.858+0000] {processor.py:914} INFO - Processing file /home/airflow/.local/lib/python3.12/site-packages/airflow/example_dags/example_display_name.py for tasks to queue
[2024-11-16T07:36:53.859+0000] {logging_mixin.py:190} INFO - [2024-11-16T07:36:53.859+0000] {dagbag.py:588} INFO - Filling up the DagBag from /home/airflow/.local/lib/python3.12/site-packages/airflow/example_dags/example_display_name.py
[2024-11-16T07:36:53.864+0000] {processor.py:925} INFO - DAG(s) 'example_display_name' retrieved from /home/airflow/.local/lib/python3.12/site-packages/airflow/example_dags/example_display_name.py
[2024-11-16T07:36:53.877+0000] {logging_mixin.py:190} INFO - [2024-11-16T07:36:53.877+0000] {dag.py:3239} INFO - Sync 1 DAGs
[2024-11-16T07:36:53.886+0000] {logging_mixin.py:190} INFO - [2024-11-16T07:36:53.886+0000] {dag.py:4180} INFO - Setting next_dagrun for example_display_name to None, run_after=None
[2024-11-16T07:36:53.903+0000] {processor.py:208} INFO - Processing /home/airflow/.local/lib/python3.12/site-packages/airflow/example_dags/example_display_name.py took 0.049 seconds
[2024-11-16T07:37:24.042+0000] {processor.py:186} INFO - Started process (PID=1237) to work on /home/airflow/.local/lib/python3.12/site-packages/airflow/example_dags/example_display_name.py
[2024-11-16T07:37:24.043+0000] {processor.py:914} INFO - Processing file /home/airflow/.local/lib/python3.12/site-packages/airflow/example_dags/example_display_name.py for tasks to queue
[2024-11-16T07:37:24.044+0000] {logging_mixin.py:190} INFO - [2024-11-16T07:37:24.043+0000] {dagbag.py:588} INFO - Filling up the DagBag from /home/airflow/.local/lib/python3.12/site-packages/airflow/example_dags/example_display_name.py
[2024-11-16T07:37:24.049+0000] {processor.py:925} INFO - DAG(s) 'example_display_name' retrieved from /home/airflow/.local/lib/python3.12/site-packages/airflow/example_dags/example_display_name.py
[2024-11-16T07:37:24.063+0000] {logging_mixin.py:190} INFO - [2024-11-16T07:37:24.063+0000] {dag.py:3239} INFO - Sync 1 DAGs
[2024-11-16T07:37:24.074+0000] {logging_mixin.py:190} INFO - [2024-11-16T07:37:24.074+0000] {dag.py:4180} INFO - Setting next_dagrun for example_display_name to None, run_after=None
[2024-11-16T07:37:24.092+0000] {processor.py:208} INFO - Processing /home/airflow/.local/lib/python3.12/site-packages/airflow/example_dags/example_display_name.py took 0.054 seconds
[2024-11-16T07:37:55.272+0000] {processor.py:186} INFO - Started process (PID=1304) to work on /home/airflow/.local/lib/python3.12/site-packages/airflow/example_dags/example_display_name.py
[2024-11-16T07:37:55.273+0000] {processor.py:914} INFO - Processing file /home/airflow/.local/lib/python3.12/site-packages/airflow/example_dags/example_display_name.py for tasks to queue
[2024-11-16T07:37:55.274+0000] {logging_mixin.py:190} INFO - [2024-11-16T07:37:55.274+0000] {dagbag.py:588} INFO - Filling up the DagBag from /home/airflow/.local/lib/python3.12/site-packages/airflow/example_dags/example_display_name.py
[2024-11-16T07:37:55.283+0000] {processor.py:925} INFO - DAG(s) 'example_display_name' retrieved from /home/airflow/.local/lib/python3.12/site-packages/airflow/example_dags/example_display_name.py
[2024-11-16T07:37:55.307+0000] {logging_mixin.py:190} INFO - [2024-11-16T07:37:55.307+0000] {dag.py:3239} INFO - Sync 1 DAGs
[2024-11-16T07:37:55.320+0000] {logging_mixin.py:190} INFO - [2024-11-16T07:37:55.320+0000] {dag.py:4180} INFO - Setting next_dagrun for example_display_name to None, run_after=None
[2024-11-16T07:37:55.343+0000] {processor.py:208} INFO - Processing /home/airflow/.local/lib/python3.12/site-packages/airflow/example_dags/example_display_name.py took 0.075 seconds
[2024-11-16T07:38:26.288+0000] {processor.py:186} INFO - Started process (PID=1371) to work on /home/airflow/.local/lib/python3.12/site-packages/airflow/example_dags/example_display_name.py
[2024-11-16T07:38:26.289+0000] {processor.py:914} INFO - Processing file /home/airflow/.local/lib/python3.12/site-packages/airflow/example_dags/example_display_name.py for tasks to queue
[2024-11-16T07:38:26.290+0000] {logging_mixin.py:190} INFO - [2024-11-16T07:38:26.290+0000] {dagbag.py:588} INFO - Filling up the DagBag from /home/airflow/.local/lib/python3.12/site-packages/airflow/example_dags/example_display_name.py
[2024-11-16T07:38:26.295+0000] {processor.py:925} INFO - DAG(s) 'example_display_name' retrieved from /home/airflow/.local/lib/python3.12/site-packages/airflow/example_dags/example_display_name.py
[2024-11-16T07:38:26.308+0000] {logging_mixin.py:190} INFO - [2024-11-16T07:38:26.308+0000] {dag.py:3239} INFO - Sync 1 DAGs
[2024-11-16T07:38:26.319+0000] {logging_mixin.py:190} INFO - [2024-11-16T07:38:26.319+0000] {dag.py:4180} INFO - Setting next_dagrun for example_display_name to None, run_after=None
[2024-11-16T07:38:26.335+0000] {processor.py:208} INFO - Processing /home/airflow/.local/lib/python3.12/site-packages/airflow/example_dags/example_display_name.py took 0.052 seconds
[2024-11-16T07:38:57.011+0000] {processor.py:186} INFO - Started process (PID=1438) to work on /home/airflow/.local/lib/python3.12/site-packages/airflow/example_dags/example_display_name.py
[2024-11-16T07:38:57.012+0000] {processor.py:914} INFO - Processing file /home/airflow/.local/lib/python3.12/site-packages/airflow/example_dags/example_display_name.py for tasks to queue
[2024-11-16T07:38:57.013+0000] {logging_mixin.py:190} INFO - [2024-11-16T07:38:57.013+0000] {dagbag.py:588} INFO - Filling up the DagBag from /home/airflow/.local/lib/python3.12/site-packages/airflow/example_dags/example_display_name.py
[2024-11-16T07:38:57.019+0000] {processor.py:925} INFO - DAG(s) 'example_display_name' retrieved from /home/airflow/.local/lib/python3.12/site-packages/airflow/example_dags/example_display_name.py
[2024-11-16T07:38:57.033+0000] {logging_mixin.py:190} INFO - [2024-11-16T07:38:57.033+0000] {dag.py:3239} INFO - Sync 1 DAGs
[2024-11-16T07:38:57.045+0000] {logging_mixin.py:190} INFO - [2024-11-16T07:38:57.045+0000] {dag.py:4180} INFO - Setting next_dagrun for example_display_name to None, run_after=None
[2024-11-16T07:38:57.061+0000] {processor.py:208} INFO - Processing /home/airflow/.local/lib/python3.12/site-packages/airflow/example_dags/example_display_name.py took 0.054 seconds
[2024-11-16T07:39:27.297+0000] {processor.py:186} INFO - Started process (PID=1505) to work on /home/airflow/.local/lib/python3.12/site-packages/airflow/example_dags/example_display_name.py
[2024-11-16T07:39:27.298+0000] {processor.py:914} INFO - Processing file /home/airflow/.local/lib/python3.12/site-packages/airflow/example_dags/example_display_name.py for tasks to queue
[2024-11-16T07:39:27.299+0000] {logging_mixin.py:190} INFO - [2024-11-16T07:39:27.298+0000] {dagbag.py:588} INFO - Filling up the DagBag from /home/airflow/.local/lib/python3.12/site-packages/airflow/example_dags/example_display_name.py
[2024-11-16T07:39:27.305+0000] {processor.py:925} INFO - DAG(s) 'example_display_name' retrieved from /home/airflow/.local/lib/python3.12/site-packages/airflow/example_dags/example_display_name.py
[2024-11-16T07:39:27.324+0000] {logging_mixin.py:190} INFO - [2024-11-16T07:39:27.324+0000] {dag.py:3239} INFO - Sync 1 DAGs
[2024-11-16T07:39:27.341+0000] {logging_mixin.py:190} INFO - [2024-11-16T07:39:27.340+0000] {dag.py:4180} INFO - Setting next_dagrun for example_display_name to None, run_after=None
[2024-11-16T07:39:27.362+0000] {processor.py:208} INFO - Processing /home/airflow/.local/lib/python3.12/site-packages/airflow/example_dags/example_display_name.py took 0.070 seconds
[2024-11-16T07:39:57.652+0000] {processor.py:186} INFO - Started process (PID=1571) to work on /home/airflow/.local/lib/python3.12/site-packages/airflow/example_dags/example_display_name.py
[2024-11-16T07:39:57.653+0000] {processor.py:914} INFO - Processing file /home/airflow/.local/lib/python3.12/site-packages/airflow/example_dags/example_display_name.py for tasks to queue
[2024-11-16T07:39:57.654+0000] {logging_mixin.py:190} INFO - [2024-11-16T07:39:57.654+0000] {dagbag.py:588} INFO - Filling up the DagBag from /home/airflow/.local/lib/python3.12/site-packages/airflow/example_dags/example_display_name.py
[2024-11-16T07:39:57.660+0000] {processor.py:925} INFO - DAG(s) 'example_display_name' retrieved from /home/airflow/.local/lib/python3.12/site-packages/airflow/example_dags/example_display_name.py
[2024-11-16T07:39:57.674+0000] {logging_mixin.py:190} INFO - [2024-11-16T07:39:57.674+0000] {dag.py:3239} INFO - Sync 1 DAGs
[2024-11-16T07:39:57.685+0000] {logging_mixin.py:190} INFO - [2024-11-16T07:39:57.685+0000] {dag.py:4180} INFO - Setting next_dagrun for example_display_name to None, run_after=None
[2024-11-16T07:39:57.700+0000] {processor.py:208} INFO - Processing /home/airflow/.local/lib/python3.12/site-packages/airflow/example_dags/example_display_name.py took 0.053 seconds
