[2024-11-16T04:33:44.087+0000] {processor.py:186} INFO - Started process (PID=89) to work on /home/airflow/.local/lib/python3.12/site-packages/airflow/example_dags/example_xcom.py
[2024-11-16T04:33:44.088+0000] {processor.py:914} INFO - Processing file /home/airflow/.local/lib/python3.12/site-packages/airflow/example_dags/example_xcom.py for tasks to queue
[2024-11-16T04:33:44.091+0000] {logging_mixin.py:190} INFO - [2024-11-16T04:33:44.090+0000] {dagbag.py:588} INFO - Filling up the DagBag from /home/airflow/.local/lib/python3.12/site-packages/airflow/example_dags/example_xcom.py
[2024-11-16T04:33:44.105+0000] {processor.py:925} INFO - DAG(s) 'example_xcom' retrieved from /home/airflow/.local/lib/python3.12/site-packages/airflow/example_dags/example_xcom.py
[2024-11-16T04:33:44.191+0000] {logging_mixin.py:190} INFO - [2024-11-16T04:33:44.190+0000] {dag.py:3239} INFO - Sync 1 DAGs
[2024-11-16T04:33:44.250+0000] {logging_mixin.py:190} INFO - [2024-11-16T04:33:44.249+0000] {dag.py:4180} INFO - Setting next_dagrun for example_xcom to 2021-01-01 00:00:00+00:00, run_after=2021-01-01 00:00:00+00:00
[2024-11-16T04:33:44.316+0000] {processor.py:208} INFO - Processing /home/airflow/.local/lib/python3.12/site-packages/airflow/example_dags/example_xcom.py took 0.237 seconds
[2024-11-16T04:35:42.472+0000] {processor.py:186} INFO - Started process (PID=150) to work on /home/airflow/.local/lib/python3.12/site-packages/airflow/example_dags/example_xcom.py
[2024-11-16T04:35:42.473+0000] {processor.py:914} INFO - Processing file /home/airflow/.local/lib/python3.12/site-packages/airflow/example_dags/example_xcom.py for tasks to queue
[2024-11-16T04:35:42.475+0000] {logging_mixin.py:190} INFO - [2024-11-16T04:35:42.474+0000] {dagbag.py:588} INFO - Filling up the DagBag from /home/airflow/.local/lib/python3.12/site-packages/airflow/example_dags/example_xcom.py
[2024-11-16T04:35:42.482+0000] {processor.py:925} INFO - DAG(s) 'example_xcom' retrieved from /home/airflow/.local/lib/python3.12/site-packages/airflow/example_dags/example_xcom.py
[2024-11-16T04:35:42.501+0000] {logging_mixin.py:190} INFO - [2024-11-16T04:35:42.501+0000] {dag.py:3239} INFO - Sync 1 DAGs
[2024-11-16T04:35:42.524+0000] {logging_mixin.py:190} INFO - [2024-11-16T04:35:42.524+0000] {dag.py:4180} INFO - Setting next_dagrun for example_xcom to 2021-01-01 00:00:00+00:00, run_after=2021-01-01 00:00:00+00:00
[2024-11-16T04:35:42.543+0000] {processor.py:208} INFO - Processing /home/airflow/.local/lib/python3.12/site-packages/airflow/example_dags/example_xcom.py took 0.075 seconds
[2024-11-16T04:54:24.914+0000] {processor.py:186} INFO - Started process (PID=77) to work on /home/airflow/.local/lib/python3.12/site-packages/airflow/example_dags/example_xcom.py
[2024-11-16T04:54:24.915+0000] {processor.py:914} INFO - Processing file /home/airflow/.local/lib/python3.12/site-packages/airflow/example_dags/example_xcom.py for tasks to queue
[2024-11-16T04:54:24.916+0000] {logging_mixin.py:190} INFO - [2024-11-16T04:54:24.916+0000] {dagbag.py:588} INFO - Filling up the DagBag from /home/airflow/.local/lib/python3.12/site-packages/airflow/example_dags/example_xcom.py
[2024-11-16T04:54:24.925+0000] {processor.py:925} INFO - DAG(s) 'example_xcom' retrieved from /home/airflow/.local/lib/python3.12/site-packages/airflow/example_dags/example_xcom.py
[2024-11-16T04:54:25.019+0000] {logging_mixin.py:190} INFO - [2024-11-16T04:54:25.018+0000] {dag.py:3239} INFO - Sync 1 DAGs
[2024-11-16T04:54:25.035+0000] {logging_mixin.py:190} INFO - [2024-11-16T04:54:25.035+0000] {dag.py:4180} INFO - Setting next_dagrun for example_xcom to 2021-01-01 00:00:00+00:00, run_after=2021-01-01 00:00:00+00:00
[2024-11-16T04:54:25.057+0000] {processor.py:208} INFO - Processing /home/airflow/.local/lib/python3.12/site-packages/airflow/example_dags/example_xcom.py took 0.148 seconds
[2024-11-16T04:54:55.288+0000] {processor.py:186} INFO - Started process (PID=149) to work on /home/airflow/.local/lib/python3.12/site-packages/airflow/example_dags/example_xcom.py
[2024-11-16T04:54:55.291+0000] {processor.py:914} INFO - Processing file /home/airflow/.local/lib/python3.12/site-packages/airflow/example_dags/example_xcom.py for tasks to queue
[2024-11-16T04:54:55.296+0000] {logging_mixin.py:190} INFO - [2024-11-16T04:54:55.295+0000] {dagbag.py:588} INFO - Filling up the DagBag from /home/airflow/.local/lib/python3.12/site-packages/airflow/example_dags/example_xcom.py
[2024-11-16T04:54:55.310+0000] {processor.py:925} INFO - DAG(s) 'example_xcom' retrieved from /home/airflow/.local/lib/python3.12/site-packages/airflow/example_dags/example_xcom.py
[2024-11-16T04:54:55.343+0000] {logging_mixin.py:190} INFO - [2024-11-16T04:54:55.343+0000] {dag.py:3239} INFO - Sync 1 DAGs
[2024-11-16T04:54:55.385+0000] {logging_mixin.py:190} INFO - [2024-11-16T04:54:55.385+0000] {dag.py:4180} INFO - Setting next_dagrun for example_xcom to 2021-01-01 00:00:00+00:00, run_after=2021-01-01 00:00:00+00:00
[2024-11-16T04:54:55.427+0000] {processor.py:208} INFO - Processing /home/airflow/.local/lib/python3.12/site-packages/airflow/example_dags/example_xcom.py took 0.147 seconds
[2024-11-16T04:56:14.248+0000] {processor.py:186} INFO - Started process (PID=221) to work on /home/airflow/.local/lib/python3.12/site-packages/airflow/example_dags/example_xcom.py
[2024-11-16T04:56:14.249+0000] {processor.py:914} INFO - Processing file /home/airflow/.local/lib/python3.12/site-packages/airflow/example_dags/example_xcom.py for tasks to queue
[2024-11-16T04:56:14.251+0000] {logging_mixin.py:190} INFO - [2024-11-16T04:56:14.251+0000] {dagbag.py:588} INFO - Filling up the DagBag from /home/airflow/.local/lib/python3.12/site-packages/airflow/example_dags/example_xcom.py
[2024-11-16T04:56:14.270+0000] {processor.py:925} INFO - DAG(s) 'example_xcom' retrieved from /home/airflow/.local/lib/python3.12/site-packages/airflow/example_dags/example_xcom.py
[2024-11-16T04:56:14.314+0000] {logging_mixin.py:190} INFO - [2024-11-16T04:56:14.314+0000] {dag.py:3239} INFO - Sync 1 DAGs
[2024-11-16T04:56:14.387+0000] {logging_mixin.py:190} INFO - [2024-11-16T04:56:14.386+0000] {dag.py:4180} INFO - Setting next_dagrun for example_xcom to 2021-01-01 00:00:00+00:00, run_after=2021-01-01 00:00:00+00:00
[2024-11-16T04:56:14.464+0000] {processor.py:208} INFO - Processing /home/airflow/.local/lib/python3.12/site-packages/airflow/example_dags/example_xcom.py took 0.229 seconds
[2024-11-16T04:57:59.901+0000] {processor.py:186} INFO - Started process (PID=295) to work on /home/airflow/.local/lib/python3.12/site-packages/airflow/example_dags/example_xcom.py
[2024-11-16T04:57:59.901+0000] {processor.py:914} INFO - Processing file /home/airflow/.local/lib/python3.12/site-packages/airflow/example_dags/example_xcom.py for tasks to queue
[2024-11-16T04:57:59.902+0000] {logging_mixin.py:190} INFO - [2024-11-16T04:57:59.902+0000] {dagbag.py:588} INFO - Filling up the DagBag from /home/airflow/.local/lib/python3.12/site-packages/airflow/example_dags/example_xcom.py
[2024-11-16T04:57:59.912+0000] {processor.py:925} INFO - DAG(s) 'example_xcom' retrieved from /home/airflow/.local/lib/python3.12/site-packages/airflow/example_dags/example_xcom.py
[2024-11-16T04:57:59.930+0000] {logging_mixin.py:190} INFO - [2024-11-16T04:57:59.930+0000] {dag.py:3239} INFO - Sync 1 DAGs
[2024-11-16T04:57:59.952+0000] {logging_mixin.py:190} INFO - [2024-11-16T04:57:59.951+0000] {dag.py:4180} INFO - Setting next_dagrun for example_xcom to 2021-01-01 00:00:00+00:00, run_after=2021-01-01 00:00:00+00:00
[2024-11-16T04:57:59.973+0000] {processor.py:208} INFO - Processing /home/airflow/.local/lib/python3.12/site-packages/airflow/example_dags/example_xcom.py took 0.077 seconds
[2024-11-16T04:59:26.414+0000] {processor.py:186} INFO - Started process (PID=65) to work on /home/airflow/.local/lib/python3.12/site-packages/airflow/example_dags/example_xcom.py
[2024-11-16T04:59:26.415+0000] {processor.py:914} INFO - Processing file /home/airflow/.local/lib/python3.12/site-packages/airflow/example_dags/example_xcom.py for tasks to queue
[2024-11-16T04:59:26.418+0000] {logging_mixin.py:190} INFO - [2024-11-16T04:59:26.417+0000] {dagbag.py:588} INFO - Filling up the DagBag from /home/airflow/.local/lib/python3.12/site-packages/airflow/example_dags/example_xcom.py
[2024-11-16T04:59:26.427+0000] {processor.py:925} INFO - DAG(s) 'example_xcom' retrieved from /home/airflow/.local/lib/python3.12/site-packages/airflow/example_dags/example_xcom.py
[2024-11-16T04:59:26.451+0000] {logging_mixin.py:190} INFO - [2024-11-16T04:59:26.451+0000] {dag.py:3239} INFO - Sync 1 DAGs
[2024-11-16T04:59:26.476+0000] {logging_mixin.py:190} INFO - [2024-11-16T04:59:26.476+0000] {dag.py:4180} INFO - Setting next_dagrun for example_xcom to 2021-01-01 00:00:00+00:00, run_after=2021-01-01 00:00:00+00:00
[2024-11-16T04:59:26.496+0000] {processor.py:208} INFO - Processing /home/airflow/.local/lib/python3.12/site-packages/airflow/example_dags/example_xcom.py took 0.087 seconds
[2024-11-16T04:59:57.354+0000] {processor.py:186} INFO - Started process (PID=133) to work on /home/airflow/.local/lib/python3.12/site-packages/airflow/example_dags/example_xcom.py
[2024-11-16T04:59:57.355+0000] {processor.py:914} INFO - Processing file /home/airflow/.local/lib/python3.12/site-packages/airflow/example_dags/example_xcom.py for tasks to queue
[2024-11-16T04:59:57.357+0000] {logging_mixin.py:190} INFO - [2024-11-16T04:59:57.356+0000] {dagbag.py:588} INFO - Filling up the DagBag from /home/airflow/.local/lib/python3.12/site-packages/airflow/example_dags/example_xcom.py
[2024-11-16T04:59:57.363+0000] {processor.py:925} INFO - DAG(s) 'example_xcom' retrieved from /home/airflow/.local/lib/python3.12/site-packages/airflow/example_dags/example_xcom.py
[2024-11-16T04:59:57.376+0000] {logging_mixin.py:190} INFO - [2024-11-16T04:59:57.376+0000] {dag.py:3239} INFO - Sync 1 DAGs
[2024-11-16T04:59:57.392+0000] {logging_mixin.py:190} INFO - [2024-11-16T04:59:57.391+0000] {dag.py:4180} INFO - Setting next_dagrun for example_xcom to 2021-01-01 00:00:00+00:00, run_after=2021-01-01 00:00:00+00:00
[2024-11-16T04:59:57.404+0000] {processor.py:208} INFO - Processing /home/airflow/.local/lib/python3.12/site-packages/airflow/example_dags/example_xcom.py took 0.054 seconds
[2024-11-16T05:00:27.811+0000] {processor.py:186} INFO - Started process (PID=201) to work on /home/airflow/.local/lib/python3.12/site-packages/airflow/example_dags/example_xcom.py
[2024-11-16T05:00:27.812+0000] {processor.py:914} INFO - Processing file /home/airflow/.local/lib/python3.12/site-packages/airflow/example_dags/example_xcom.py for tasks to queue
[2024-11-16T05:00:27.813+0000] {logging_mixin.py:190} INFO - [2024-11-16T05:00:27.813+0000] {dagbag.py:588} INFO - Filling up the DagBag from /home/airflow/.local/lib/python3.12/site-packages/airflow/example_dags/example_xcom.py
[2024-11-16T05:00:27.819+0000] {processor.py:925} INFO - DAG(s) 'example_xcom' retrieved from /home/airflow/.local/lib/python3.12/site-packages/airflow/example_dags/example_xcom.py
[2024-11-16T05:00:27.833+0000] {logging_mixin.py:190} INFO - [2024-11-16T05:00:27.833+0000] {dag.py:3239} INFO - Sync 1 DAGs
[2024-11-16T05:00:27.848+0000] {logging_mixin.py:190} INFO - [2024-11-16T05:00:27.848+0000] {dag.py:4180} INFO - Setting next_dagrun for example_xcom to 2021-01-01 00:00:00+00:00, run_after=2021-01-01 00:00:00+00:00
[2024-11-16T05:00:27.862+0000] {processor.py:208} INFO - Processing /home/airflow/.local/lib/python3.12/site-packages/airflow/example_dags/example_xcom.py took 0.055 seconds
[2024-11-16T05:00:58.550+0000] {processor.py:186} INFO - Started process (PID=269) to work on /home/airflow/.local/lib/python3.12/site-packages/airflow/example_dags/example_xcom.py
[2024-11-16T05:00:58.551+0000] {processor.py:914} INFO - Processing file /home/airflow/.local/lib/python3.12/site-packages/airflow/example_dags/example_xcom.py for tasks to queue
[2024-11-16T05:00:58.552+0000] {logging_mixin.py:190} INFO - [2024-11-16T05:00:58.552+0000] {dagbag.py:588} INFO - Filling up the DagBag from /home/airflow/.local/lib/python3.12/site-packages/airflow/example_dags/example_xcom.py
[2024-11-16T05:00:58.558+0000] {processor.py:925} INFO - DAG(s) 'example_xcom' retrieved from /home/airflow/.local/lib/python3.12/site-packages/airflow/example_dags/example_xcom.py
[2024-11-16T05:00:58.573+0000] {logging_mixin.py:190} INFO - [2024-11-16T05:00:58.572+0000] {dag.py:3239} INFO - Sync 1 DAGs
[2024-11-16T05:00:58.588+0000] {logging_mixin.py:190} INFO - [2024-11-16T05:00:58.588+0000] {dag.py:4180} INFO - Setting next_dagrun for example_xcom to 2021-01-01 00:00:00+00:00, run_after=2021-01-01 00:00:00+00:00
[2024-11-16T05:00:58.601+0000] {processor.py:208} INFO - Processing /home/airflow/.local/lib/python3.12/site-packages/airflow/example_dags/example_xcom.py took 0.055 seconds
[2024-11-16T05:01:28.986+0000] {processor.py:186} INFO - Started process (PID=337) to work on /home/airflow/.local/lib/python3.12/site-packages/airflow/example_dags/example_xcom.py
[2024-11-16T05:01:28.989+0000] {processor.py:914} INFO - Processing file /home/airflow/.local/lib/python3.12/site-packages/airflow/example_dags/example_xcom.py for tasks to queue
[2024-11-16T05:01:28.991+0000] {logging_mixin.py:190} INFO - [2024-11-16T05:01:28.990+0000] {dagbag.py:588} INFO - Filling up the DagBag from /home/airflow/.local/lib/python3.12/site-packages/airflow/example_dags/example_xcom.py
[2024-11-16T05:01:29.002+0000] {processor.py:925} INFO - DAG(s) 'example_xcom' retrieved from /home/airflow/.local/lib/python3.12/site-packages/airflow/example_dags/example_xcom.py
[2024-11-16T05:01:29.025+0000] {logging_mixin.py:190} INFO - [2024-11-16T05:01:29.025+0000] {dag.py:3239} INFO - Sync 1 DAGs
[2024-11-16T05:01:29.044+0000] {logging_mixin.py:190} INFO - [2024-11-16T05:01:29.044+0000] {dag.py:4180} INFO - Setting next_dagrun for example_xcom to 2021-01-01 00:00:00+00:00, run_after=2021-01-01 00:00:00+00:00
[2024-11-16T05:01:29.066+0000] {processor.py:208} INFO - Processing /home/airflow/.local/lib/python3.12/site-packages/airflow/example_dags/example_xcom.py took 0.084 seconds
[2024-11-16T05:01:59.261+0000] {processor.py:186} INFO - Started process (PID=405) to work on /home/airflow/.local/lib/python3.12/site-packages/airflow/example_dags/example_xcom.py
[2024-11-16T05:01:59.262+0000] {processor.py:914} INFO - Processing file /home/airflow/.local/lib/python3.12/site-packages/airflow/example_dags/example_xcom.py for tasks to queue
[2024-11-16T05:01:59.265+0000] {logging_mixin.py:190} INFO - [2024-11-16T05:01:59.264+0000] {dagbag.py:588} INFO - Filling up the DagBag from /home/airflow/.local/lib/python3.12/site-packages/airflow/example_dags/example_xcom.py
[2024-11-16T05:01:59.274+0000] {processor.py:925} INFO - DAG(s) 'example_xcom' retrieved from /home/airflow/.local/lib/python3.12/site-packages/airflow/example_dags/example_xcom.py
[2024-11-16T05:01:59.292+0000] {logging_mixin.py:190} INFO - [2024-11-16T05:01:59.292+0000] {dag.py:3239} INFO - Sync 1 DAGs
[2024-11-16T05:01:59.312+0000] {logging_mixin.py:190} INFO - [2024-11-16T05:01:59.311+0000] {dag.py:4180} INFO - Setting next_dagrun for example_xcom to 2021-01-01 00:00:00+00:00, run_after=2021-01-01 00:00:00+00:00
[2024-11-16T05:01:59.329+0000] {processor.py:208} INFO - Processing /home/airflow/.local/lib/python3.12/site-packages/airflow/example_dags/example_xcom.py took 0.073 seconds
[2024-11-16T05:02:29.515+0000] {processor.py:186} INFO - Started process (PID=473) to work on /home/airflow/.local/lib/python3.12/site-packages/airflow/example_dags/example_xcom.py
[2024-11-16T05:02:29.517+0000] {processor.py:914} INFO - Processing file /home/airflow/.local/lib/python3.12/site-packages/airflow/example_dags/example_xcom.py for tasks to queue
[2024-11-16T05:02:29.519+0000] {logging_mixin.py:190} INFO - [2024-11-16T05:02:29.518+0000] {dagbag.py:588} INFO - Filling up the DagBag from /home/airflow/.local/lib/python3.12/site-packages/airflow/example_dags/example_xcom.py
[2024-11-16T05:02:29.528+0000] {processor.py:925} INFO - DAG(s) 'example_xcom' retrieved from /home/airflow/.local/lib/python3.12/site-packages/airflow/example_dags/example_xcom.py
[2024-11-16T05:02:29.551+0000] {logging_mixin.py:190} INFO - [2024-11-16T05:02:29.550+0000] {dag.py:3239} INFO - Sync 1 DAGs
[2024-11-16T05:02:29.584+0000] {logging_mixin.py:190} INFO - [2024-11-16T05:02:29.584+0000] {dag.py:4180} INFO - Setting next_dagrun for example_xcom to 2021-01-01 00:00:00+00:00, run_after=2021-01-01 00:00:00+00:00
[2024-11-16T05:02:29.609+0000] {processor.py:208} INFO - Processing /home/airflow/.local/lib/python3.12/site-packages/airflow/example_dags/example_xcom.py took 0.098 seconds
[2024-11-16T05:03:00.344+0000] {processor.py:186} INFO - Started process (PID=547) to work on /home/airflow/.local/lib/python3.12/site-packages/airflow/example_dags/example_xcom.py
[2024-11-16T05:03:00.344+0000] {processor.py:914} INFO - Processing file /home/airflow/.local/lib/python3.12/site-packages/airflow/example_dags/example_xcom.py for tasks to queue
[2024-11-16T05:03:00.346+0000] {logging_mixin.py:190} INFO - [2024-11-16T05:03:00.346+0000] {dagbag.py:588} INFO - Filling up the DagBag from /home/airflow/.local/lib/python3.12/site-packages/airflow/example_dags/example_xcom.py
[2024-11-16T05:03:00.353+0000] {processor.py:925} INFO - DAG(s) 'example_xcom' retrieved from /home/airflow/.local/lib/python3.12/site-packages/airflow/example_dags/example_xcom.py
[2024-11-16T05:03:00.367+0000] {logging_mixin.py:190} INFO - [2024-11-16T05:03:00.367+0000] {dag.py:3239} INFO - Sync 1 DAGs
[2024-11-16T05:03:00.384+0000] {logging_mixin.py:190} INFO - [2024-11-16T05:03:00.383+0000] {dag.py:4180} INFO - Setting next_dagrun for example_xcom to 2021-01-01 00:00:00+00:00, run_after=2021-01-01 00:00:00+00:00
[2024-11-16T05:03:00.397+0000] {processor.py:208} INFO - Processing /home/airflow/.local/lib/python3.12/site-packages/airflow/example_dags/example_xcom.py took 0.059 seconds
[2024-11-16T05:03:30.779+0000] {processor.py:186} INFO - Started process (PID=615) to work on /home/airflow/.local/lib/python3.12/site-packages/airflow/example_dags/example_xcom.py
[2024-11-16T05:03:30.780+0000] {processor.py:914} INFO - Processing file /home/airflow/.local/lib/python3.12/site-packages/airflow/example_dags/example_xcom.py for tasks to queue
[2024-11-16T05:03:30.781+0000] {logging_mixin.py:190} INFO - [2024-11-16T05:03:30.781+0000] {dagbag.py:588} INFO - Filling up the DagBag from /home/airflow/.local/lib/python3.12/site-packages/airflow/example_dags/example_xcom.py
[2024-11-16T05:03:30.789+0000] {processor.py:925} INFO - DAG(s) 'example_xcom' retrieved from /home/airflow/.local/lib/python3.12/site-packages/airflow/example_dags/example_xcom.py
[2024-11-16T05:03:30.806+0000] {logging_mixin.py:190} INFO - [2024-11-16T05:03:30.806+0000] {dag.py:3239} INFO - Sync 1 DAGs
[2024-11-16T05:03:30.826+0000] {logging_mixin.py:190} INFO - [2024-11-16T05:03:30.826+0000] {dag.py:4180} INFO - Setting next_dagrun for example_xcom to 2021-01-01 00:00:00+00:00, run_after=2021-01-01 00:00:00+00:00
[2024-11-16T05:03:30.843+0000] {processor.py:208} INFO - Processing /home/airflow/.local/lib/python3.12/site-packages/airflow/example_dags/example_xcom.py took 0.067 seconds
[2024-11-16T05:04:01.323+0000] {processor.py:186} INFO - Started process (PID=683) to work on /home/airflow/.local/lib/python3.12/site-packages/airflow/example_dags/example_xcom.py
[2024-11-16T05:04:01.324+0000] {processor.py:914} INFO - Processing file /home/airflow/.local/lib/python3.12/site-packages/airflow/example_dags/example_xcom.py for tasks to queue
[2024-11-16T05:04:01.326+0000] {logging_mixin.py:190} INFO - [2024-11-16T05:04:01.325+0000] {dagbag.py:588} INFO - Filling up the DagBag from /home/airflow/.local/lib/python3.12/site-packages/airflow/example_dags/example_xcom.py
[2024-11-16T05:04:01.332+0000] {processor.py:925} INFO - DAG(s) 'example_xcom' retrieved from /home/airflow/.local/lib/python3.12/site-packages/airflow/example_dags/example_xcom.py
[2024-11-16T05:04:01.355+0000] {logging_mixin.py:190} INFO - [2024-11-16T05:04:01.355+0000] {dag.py:3239} INFO - Sync 1 DAGs
[2024-11-16T05:04:01.372+0000] {logging_mixin.py:190} INFO - [2024-11-16T05:04:01.372+0000] {dag.py:4180} INFO - Setting next_dagrun for example_xcom to 2021-01-01 00:00:00+00:00, run_after=2021-01-01 00:00:00+00:00
[2024-11-16T05:04:01.389+0000] {processor.py:208} INFO - Processing /home/airflow/.local/lib/python3.12/site-packages/airflow/example_dags/example_xcom.py took 0.073 seconds
[2024-11-16T05:04:31.776+0000] {processor.py:186} INFO - Started process (PID=751) to work on /home/airflow/.local/lib/python3.12/site-packages/airflow/example_dags/example_xcom.py
[2024-11-16T05:04:31.777+0000] {processor.py:914} INFO - Processing file /home/airflow/.local/lib/python3.12/site-packages/airflow/example_dags/example_xcom.py for tasks to queue
[2024-11-16T05:04:31.779+0000] {logging_mixin.py:190} INFO - [2024-11-16T05:04:31.778+0000] {dagbag.py:588} INFO - Filling up the DagBag from /home/airflow/.local/lib/python3.12/site-packages/airflow/example_dags/example_xcom.py
[2024-11-16T05:04:31.787+0000] {processor.py:925} INFO - DAG(s) 'example_xcom' retrieved from /home/airflow/.local/lib/python3.12/site-packages/airflow/example_dags/example_xcom.py
[2024-11-16T05:04:31.804+0000] {logging_mixin.py:190} INFO - [2024-11-16T05:04:31.803+0000] {dag.py:3239} INFO - Sync 1 DAGs
[2024-11-16T05:04:31.823+0000] {logging_mixin.py:190} INFO - [2024-11-16T05:04:31.822+0000] {dag.py:4180} INFO - Setting next_dagrun for example_xcom to 2021-01-01 00:00:00+00:00, run_after=2021-01-01 00:00:00+00:00
[2024-11-16T05:04:31.840+0000] {processor.py:208} INFO - Processing /home/airflow/.local/lib/python3.12/site-packages/airflow/example_dags/example_xcom.py took 0.069 seconds
[2024-11-16T05:05:02.293+0000] {processor.py:186} INFO - Started process (PID=818) to work on /home/airflow/.local/lib/python3.12/site-packages/airflow/example_dags/example_xcom.py
[2024-11-16T05:05:02.294+0000] {processor.py:914} INFO - Processing file /home/airflow/.local/lib/python3.12/site-packages/airflow/example_dags/example_xcom.py for tasks to queue
[2024-11-16T05:05:02.295+0000] {logging_mixin.py:190} INFO - [2024-11-16T05:05:02.295+0000] {dagbag.py:588} INFO - Filling up the DagBag from /home/airflow/.local/lib/python3.12/site-packages/airflow/example_dags/example_xcom.py
[2024-11-16T05:05:02.301+0000] {processor.py:925} INFO - DAG(s) 'example_xcom' retrieved from /home/airflow/.local/lib/python3.12/site-packages/airflow/example_dags/example_xcom.py
[2024-11-16T05:05:02.319+0000] {logging_mixin.py:190} INFO - [2024-11-16T05:05:02.319+0000] {dag.py:3239} INFO - Sync 1 DAGs
[2024-11-16T05:05:02.337+0000] {logging_mixin.py:190} INFO - [2024-11-16T05:05:02.336+0000] {dag.py:4180} INFO - Setting next_dagrun for example_xcom to 2021-01-01 00:00:00+00:00, run_after=2021-01-01 00:00:00+00:00
[2024-11-16T05:05:02.354+0000] {processor.py:208} INFO - Processing /home/airflow/.local/lib/python3.12/site-packages/airflow/example_dags/example_xcom.py took 0.066 seconds
[2024-11-16T05:05:32.601+0000] {processor.py:186} INFO - Started process (PID=886) to work on /home/airflow/.local/lib/python3.12/site-packages/airflow/example_dags/example_xcom.py
[2024-11-16T05:05:32.604+0000] {processor.py:914} INFO - Processing file /home/airflow/.local/lib/python3.12/site-packages/airflow/example_dags/example_xcom.py for tasks to queue
[2024-11-16T05:05:32.605+0000] {logging_mixin.py:190} INFO - [2024-11-16T05:05:32.605+0000] {dagbag.py:588} INFO - Filling up the DagBag from /home/airflow/.local/lib/python3.12/site-packages/airflow/example_dags/example_xcom.py
[2024-11-16T05:05:32.611+0000] {processor.py:925} INFO - DAG(s) 'example_xcom' retrieved from /home/airflow/.local/lib/python3.12/site-packages/airflow/example_dags/example_xcom.py
[2024-11-16T05:05:32.625+0000] {logging_mixin.py:190} INFO - [2024-11-16T05:05:32.625+0000] {dag.py:3239} INFO - Sync 1 DAGs
[2024-11-16T05:05:32.641+0000] {logging_mixin.py:190} INFO - [2024-11-16T05:05:32.640+0000] {dag.py:4180} INFO - Setting next_dagrun for example_xcom to 2021-01-01 00:00:00+00:00, run_after=2021-01-01 00:00:00+00:00
[2024-11-16T05:05:32.654+0000] {processor.py:208} INFO - Processing /home/airflow/.local/lib/python3.12/site-packages/airflow/example_dags/example_xcom.py took 0.056 seconds
[2024-11-16T05:06:03.124+0000] {processor.py:186} INFO - Started process (PID=954) to work on /home/airflow/.local/lib/python3.12/site-packages/airflow/example_dags/example_xcom.py
[2024-11-16T05:06:03.125+0000] {processor.py:914} INFO - Processing file /home/airflow/.local/lib/python3.12/site-packages/airflow/example_dags/example_xcom.py for tasks to queue
[2024-11-16T05:06:03.127+0000] {logging_mixin.py:190} INFO - [2024-11-16T05:06:03.127+0000] {dagbag.py:588} INFO - Filling up the DagBag from /home/airflow/.local/lib/python3.12/site-packages/airflow/example_dags/example_xcom.py
[2024-11-16T05:06:03.133+0000] {processor.py:925} INFO - DAG(s) 'example_xcom' retrieved from /home/airflow/.local/lib/python3.12/site-packages/airflow/example_dags/example_xcom.py
[2024-11-16T05:06:03.153+0000] {logging_mixin.py:190} INFO - [2024-11-16T05:06:03.153+0000] {dag.py:3239} INFO - Sync 1 DAGs
[2024-11-16T05:06:03.174+0000] {logging_mixin.py:190} INFO - [2024-11-16T05:06:03.174+0000] {dag.py:4180} INFO - Setting next_dagrun for example_xcom to 2021-01-01 00:00:00+00:00, run_after=2021-01-01 00:00:00+00:00
[2024-11-16T05:06:03.188+0000] {processor.py:208} INFO - Processing /home/airflow/.local/lib/python3.12/site-packages/airflow/example_dags/example_xcom.py took 0.069 seconds
[2024-11-16T05:06:33.218+0000] {processor.py:186} INFO - Started process (PID=1022) to work on /home/airflow/.local/lib/python3.12/site-packages/airflow/example_dags/example_xcom.py
[2024-11-16T05:06:33.218+0000] {processor.py:914} INFO - Processing file /home/airflow/.local/lib/python3.12/site-packages/airflow/example_dags/example_xcom.py for tasks to queue
[2024-11-16T05:06:33.220+0000] {logging_mixin.py:190} INFO - [2024-11-16T05:06:33.219+0000] {dagbag.py:588} INFO - Filling up the DagBag from /home/airflow/.local/lib/python3.12/site-packages/airflow/example_dags/example_xcom.py
[2024-11-16T05:06:33.226+0000] {processor.py:925} INFO - DAG(s) 'example_xcom' retrieved from /home/airflow/.local/lib/python3.12/site-packages/airflow/example_dags/example_xcom.py
[2024-11-16T05:06:33.240+0000] {logging_mixin.py:190} INFO - [2024-11-16T05:06:33.240+0000] {dag.py:3239} INFO - Sync 1 DAGs
[2024-11-16T05:06:33.266+0000] {logging_mixin.py:190} INFO - [2024-11-16T05:06:33.266+0000] {dag.py:4180} INFO - Setting next_dagrun for example_xcom to 2021-01-01 00:00:00+00:00, run_after=2021-01-01 00:00:00+00:00
[2024-11-16T05:06:33.284+0000] {processor.py:208} INFO - Processing /home/airflow/.local/lib/python3.12/site-packages/airflow/example_dags/example_xcom.py took 0.070 seconds
[2024-11-16T05:07:03.433+0000] {processor.py:186} INFO - Started process (PID=1090) to work on /home/airflow/.local/lib/python3.12/site-packages/airflow/example_dags/example_xcom.py
[2024-11-16T05:07:03.434+0000] {processor.py:914} INFO - Processing file /home/airflow/.local/lib/python3.12/site-packages/airflow/example_dags/example_xcom.py for tasks to queue
[2024-11-16T05:07:03.435+0000] {logging_mixin.py:190} INFO - [2024-11-16T05:07:03.435+0000] {dagbag.py:588} INFO - Filling up the DagBag from /home/airflow/.local/lib/python3.12/site-packages/airflow/example_dags/example_xcom.py
[2024-11-16T05:07:03.441+0000] {processor.py:925} INFO - DAG(s) 'example_xcom' retrieved from /home/airflow/.local/lib/python3.12/site-packages/airflow/example_dags/example_xcom.py
[2024-11-16T05:07:03.455+0000] {logging_mixin.py:190} INFO - [2024-11-16T05:07:03.455+0000] {dag.py:3239} INFO - Sync 1 DAGs
[2024-11-16T05:07:03.470+0000] {logging_mixin.py:190} INFO - [2024-11-16T05:07:03.470+0000] {dag.py:4180} INFO - Setting next_dagrun for example_xcom to 2021-01-01 00:00:00+00:00, run_after=2021-01-01 00:00:00+00:00
[2024-11-16T05:07:03.485+0000] {processor.py:208} INFO - Processing /home/airflow/.local/lib/python3.12/site-packages/airflow/example_dags/example_xcom.py took 0.056 seconds
[2024-11-16T05:07:33.698+0000] {processor.py:186} INFO - Started process (PID=1158) to work on /home/airflow/.local/lib/python3.12/site-packages/airflow/example_dags/example_xcom.py
[2024-11-16T05:07:33.699+0000] {processor.py:914} INFO - Processing file /home/airflow/.local/lib/python3.12/site-packages/airflow/example_dags/example_xcom.py for tasks to queue
[2024-11-16T05:07:33.700+0000] {logging_mixin.py:190} INFO - [2024-11-16T05:07:33.700+0000] {dagbag.py:588} INFO - Filling up the DagBag from /home/airflow/.local/lib/python3.12/site-packages/airflow/example_dags/example_xcom.py
[2024-11-16T05:07:33.707+0000] {processor.py:925} INFO - DAG(s) 'example_xcom' retrieved from /home/airflow/.local/lib/python3.12/site-packages/airflow/example_dags/example_xcom.py
[2024-11-16T05:07:33.722+0000] {logging_mixin.py:190} INFO - [2024-11-16T05:07:33.722+0000] {dag.py:3239} INFO - Sync 1 DAGs
[2024-11-16T05:07:33.738+0000] {logging_mixin.py:190} INFO - [2024-11-16T05:07:33.738+0000] {dag.py:4180} INFO - Setting next_dagrun for example_xcom to 2021-01-01 00:00:00+00:00, run_after=2021-01-01 00:00:00+00:00
[2024-11-16T05:07:33.752+0000] {processor.py:208} INFO - Processing /home/airflow/.local/lib/python3.12/site-packages/airflow/example_dags/example_xcom.py took 0.058 seconds
[2024-11-16T05:08:03.948+0000] {processor.py:186} INFO - Started process (PID=1226) to work on /home/airflow/.local/lib/python3.12/site-packages/airflow/example_dags/example_xcom.py
[2024-11-16T05:08:03.949+0000] {processor.py:914} INFO - Processing file /home/airflow/.local/lib/python3.12/site-packages/airflow/example_dags/example_xcom.py for tasks to queue
[2024-11-16T05:08:03.953+0000] {logging_mixin.py:190} INFO - [2024-11-16T05:08:03.952+0000] {dagbag.py:588} INFO - Filling up the DagBag from /home/airflow/.local/lib/python3.12/site-packages/airflow/example_dags/example_xcom.py
[2024-11-16T05:08:03.959+0000] {processor.py:925} INFO - DAG(s) 'example_xcom' retrieved from /home/airflow/.local/lib/python3.12/site-packages/airflow/example_dags/example_xcom.py
[2024-11-16T05:08:03.976+0000] {logging_mixin.py:190} INFO - [2024-11-16T05:08:03.976+0000] {dag.py:3239} INFO - Sync 1 DAGs
[2024-11-16T05:08:03.997+0000] {logging_mixin.py:190} INFO - [2024-11-16T05:08:03.996+0000] {dag.py:4180} INFO - Setting next_dagrun for example_xcom to 2021-01-01 00:00:00+00:00, run_after=2021-01-01 00:00:00+00:00
[2024-11-16T05:08:04.015+0000] {processor.py:208} INFO - Processing /home/airflow/.local/lib/python3.12/site-packages/airflow/example_dags/example_xcom.py took 0.072 seconds
[2024-11-16T05:08:34.225+0000] {processor.py:186} INFO - Started process (PID=1294) to work on /home/airflow/.local/lib/python3.12/site-packages/airflow/example_dags/example_xcom.py
[2024-11-16T05:08:34.225+0000] {processor.py:914} INFO - Processing file /home/airflow/.local/lib/python3.12/site-packages/airflow/example_dags/example_xcom.py for tasks to queue
[2024-11-16T05:08:34.227+0000] {logging_mixin.py:190} INFO - [2024-11-16T05:08:34.227+0000] {dagbag.py:588} INFO - Filling up the DagBag from /home/airflow/.local/lib/python3.12/site-packages/airflow/example_dags/example_xcom.py
[2024-11-16T05:08:34.234+0000] {processor.py:925} INFO - DAG(s) 'example_xcom' retrieved from /home/airflow/.local/lib/python3.12/site-packages/airflow/example_dags/example_xcom.py
[2024-11-16T05:08:34.253+0000] {logging_mixin.py:190} INFO - [2024-11-16T05:08:34.253+0000] {dag.py:3239} INFO - Sync 1 DAGs
[2024-11-16T05:08:34.271+0000] {logging_mixin.py:190} INFO - [2024-11-16T05:08:34.271+0000] {dag.py:4180} INFO - Setting next_dagrun for example_xcom to 2021-01-01 00:00:00+00:00, run_after=2021-01-01 00:00:00+00:00
[2024-11-16T05:08:34.285+0000] {processor.py:208} INFO - Processing /home/airflow/.local/lib/python3.12/site-packages/airflow/example_dags/example_xcom.py took 0.064 seconds
[2024-11-16T05:09:04.438+0000] {processor.py:186} INFO - Started process (PID=1362) to work on /home/airflow/.local/lib/python3.12/site-packages/airflow/example_dags/example_xcom.py
[2024-11-16T05:09:04.439+0000] {processor.py:914} INFO - Processing file /home/airflow/.local/lib/python3.12/site-packages/airflow/example_dags/example_xcom.py for tasks to queue
[2024-11-16T05:09:04.440+0000] {logging_mixin.py:190} INFO - [2024-11-16T05:09:04.440+0000] {dagbag.py:588} INFO - Filling up the DagBag from /home/airflow/.local/lib/python3.12/site-packages/airflow/example_dags/example_xcom.py
[2024-11-16T05:09:04.451+0000] {processor.py:925} INFO - DAG(s) 'example_xcom' retrieved from /home/airflow/.local/lib/python3.12/site-packages/airflow/example_dags/example_xcom.py
[2024-11-16T05:09:04.468+0000] {logging_mixin.py:190} INFO - [2024-11-16T05:09:04.467+0000] {dag.py:3239} INFO - Sync 1 DAGs
[2024-11-16T05:09:04.484+0000] {logging_mixin.py:190} INFO - [2024-11-16T05:09:04.484+0000] {dag.py:4180} INFO - Setting next_dagrun for example_xcom to 2021-01-01 00:00:00+00:00, run_after=2021-01-01 00:00:00+00:00
[2024-11-16T05:09:04.499+0000] {processor.py:208} INFO - Processing /home/airflow/.local/lib/python3.12/site-packages/airflow/example_dags/example_xcom.py took 0.066 seconds
[2024-11-16T05:09:34.879+0000] {processor.py:186} INFO - Started process (PID=1430) to work on /home/airflow/.local/lib/python3.12/site-packages/airflow/example_dags/example_xcom.py
[2024-11-16T05:09:34.880+0000] {processor.py:914} INFO - Processing file /home/airflow/.local/lib/python3.12/site-packages/airflow/example_dags/example_xcom.py for tasks to queue
[2024-11-16T05:09:34.882+0000] {logging_mixin.py:190} INFO - [2024-11-16T05:09:34.882+0000] {dagbag.py:588} INFO - Filling up the DagBag from /home/airflow/.local/lib/python3.12/site-packages/airflow/example_dags/example_xcom.py
[2024-11-16T05:09:34.889+0000] {processor.py:925} INFO - DAG(s) 'example_xcom' retrieved from /home/airflow/.local/lib/python3.12/site-packages/airflow/example_dags/example_xcom.py
[2024-11-16T05:09:34.903+0000] {logging_mixin.py:190} INFO - [2024-11-16T05:09:34.903+0000] {dag.py:3239} INFO - Sync 1 DAGs
[2024-11-16T05:09:34.919+0000] {logging_mixin.py:190} INFO - [2024-11-16T05:09:34.918+0000] {dag.py:4180} INFO - Setting next_dagrun for example_xcom to 2021-01-01 00:00:00+00:00, run_after=2021-01-01 00:00:00+00:00
[2024-11-16T05:09:34.933+0000] {processor.py:208} INFO - Processing /home/airflow/.local/lib/python3.12/site-packages/airflow/example_dags/example_xcom.py took 0.058 seconds
[2024-11-16T05:10:05.244+0000] {processor.py:186} INFO - Started process (PID=1498) to work on /home/airflow/.local/lib/python3.12/site-packages/airflow/example_dags/example_xcom.py
[2024-11-16T05:10:05.244+0000] {processor.py:914} INFO - Processing file /home/airflow/.local/lib/python3.12/site-packages/airflow/example_dags/example_xcom.py for tasks to queue
[2024-11-16T05:10:05.246+0000] {logging_mixin.py:190} INFO - [2024-11-16T05:10:05.245+0000] {dagbag.py:588} INFO - Filling up the DagBag from /home/airflow/.local/lib/python3.12/site-packages/airflow/example_dags/example_xcom.py
[2024-11-16T05:10:05.252+0000] {processor.py:925} INFO - DAG(s) 'example_xcom' retrieved from /home/airflow/.local/lib/python3.12/site-packages/airflow/example_dags/example_xcom.py
[2024-11-16T05:10:05.266+0000] {logging_mixin.py:190} INFO - [2024-11-16T05:10:05.266+0000] {dag.py:3239} INFO - Sync 1 DAGs
[2024-11-16T05:10:05.285+0000] {logging_mixin.py:190} INFO - [2024-11-16T05:10:05.285+0000] {dag.py:4180} INFO - Setting next_dagrun for example_xcom to 2021-01-01 00:00:00+00:00, run_after=2021-01-01 00:00:00+00:00
[2024-11-16T05:10:05.300+0000] {processor.py:208} INFO - Processing /home/airflow/.local/lib/python3.12/site-packages/airflow/example_dags/example_xcom.py took 0.061 seconds
[2024-11-16T05:11:25.999+0000] {processor.py:186} INFO - Started process (PID=79) to work on /home/airflow/.local/lib/python3.12/site-packages/airflow/example_dags/example_xcom.py
[2024-11-16T05:11:26.000+0000] {processor.py:914} INFO - Processing file /home/airflow/.local/lib/python3.12/site-packages/airflow/example_dags/example_xcom.py for tasks to queue
[2024-11-16T05:11:26.003+0000] {logging_mixin.py:190} INFO - [2024-11-16T05:11:26.003+0000] {dagbag.py:588} INFO - Filling up the DagBag from /home/airflow/.local/lib/python3.12/site-packages/airflow/example_dags/example_xcom.py
[2024-11-16T05:11:26.017+0000] {processor.py:925} INFO - DAG(s) 'example_xcom' retrieved from /home/airflow/.local/lib/python3.12/site-packages/airflow/example_dags/example_xcom.py
[2024-11-16T05:11:26.039+0000] {logging_mixin.py:190} INFO - [2024-11-16T05:11:26.039+0000] {dag.py:3239} INFO - Sync 1 DAGs
[2024-11-16T05:11:26.067+0000] {logging_mixin.py:190} INFO - [2024-11-16T05:11:26.067+0000] {dag.py:4180} INFO - Setting next_dagrun for example_xcom to 2021-01-01 00:00:00+00:00, run_after=2021-01-01 00:00:00+00:00
[2024-11-16T05:11:26.092+0000] {processor.py:208} INFO - Processing /home/airflow/.local/lib/python3.12/site-packages/airflow/example_dags/example_xcom.py took 0.100 seconds
[2024-11-16T05:11:56.610+0000] {processor.py:186} INFO - Started process (PID=153) to work on /home/airflow/.local/lib/python3.12/site-packages/airflow/example_dags/example_xcom.py
[2024-11-16T05:11:56.611+0000] {processor.py:914} INFO - Processing file /home/airflow/.local/lib/python3.12/site-packages/airflow/example_dags/example_xcom.py for tasks to queue
[2024-11-16T05:11:56.612+0000] {logging_mixin.py:190} INFO - [2024-11-16T05:11:56.612+0000] {dagbag.py:588} INFO - Filling up the DagBag from /home/airflow/.local/lib/python3.12/site-packages/airflow/example_dags/example_xcom.py
[2024-11-16T05:11:56.619+0000] {processor.py:925} INFO - DAG(s) 'example_xcom' retrieved from /home/airflow/.local/lib/python3.12/site-packages/airflow/example_dags/example_xcom.py
[2024-11-16T05:11:56.633+0000] {logging_mixin.py:190} INFO - [2024-11-16T05:11:56.633+0000] {dag.py:3239} INFO - Sync 1 DAGs
[2024-11-16T05:11:56.650+0000] {logging_mixin.py:190} INFO - [2024-11-16T05:11:56.650+0000] {dag.py:4180} INFO - Setting next_dagrun for example_xcom to 2021-01-01 00:00:00+00:00, run_after=2021-01-01 00:00:00+00:00
[2024-11-16T05:11:56.667+0000] {processor.py:208} INFO - Processing /home/airflow/.local/lib/python3.12/site-packages/airflow/example_dags/example_xcom.py took 0.061 seconds
[2024-11-16T05:12:27.037+0000] {processor.py:186} INFO - Started process (PID=221) to work on /home/airflow/.local/lib/python3.12/site-packages/airflow/example_dags/example_xcom.py
[2024-11-16T05:12:27.038+0000] {processor.py:914} INFO - Processing file /home/airflow/.local/lib/python3.12/site-packages/airflow/example_dags/example_xcom.py for tasks to queue
[2024-11-16T05:12:27.039+0000] {logging_mixin.py:190} INFO - [2024-11-16T05:12:27.039+0000] {dagbag.py:588} INFO - Filling up the DagBag from /home/airflow/.local/lib/python3.12/site-packages/airflow/example_dags/example_xcom.py
[2024-11-16T05:12:27.046+0000] {processor.py:925} INFO - DAG(s) 'example_xcom' retrieved from /home/airflow/.local/lib/python3.12/site-packages/airflow/example_dags/example_xcom.py
[2024-11-16T05:12:27.060+0000] {logging_mixin.py:190} INFO - [2024-11-16T05:12:27.060+0000] {dag.py:3239} INFO - Sync 1 DAGs
[2024-11-16T05:12:27.077+0000] {logging_mixin.py:190} INFO - [2024-11-16T05:12:27.076+0000] {dag.py:4180} INFO - Setting next_dagrun for example_xcom to 2021-01-01 00:00:00+00:00, run_after=2021-01-01 00:00:00+00:00
[2024-11-16T05:12:27.092+0000] {processor.py:208} INFO - Processing /home/airflow/.local/lib/python3.12/site-packages/airflow/example_dags/example_xcom.py took 0.059 seconds
[2024-11-16T05:12:57.367+0000] {processor.py:186} INFO - Started process (PID=289) to work on /home/airflow/.local/lib/python3.12/site-packages/airflow/example_dags/example_xcom.py
[2024-11-16T05:12:57.368+0000] {processor.py:914} INFO - Processing file /home/airflow/.local/lib/python3.12/site-packages/airflow/example_dags/example_xcom.py for tasks to queue
[2024-11-16T05:12:57.369+0000] {logging_mixin.py:190} INFO - [2024-11-16T05:12:57.369+0000] {dagbag.py:588} INFO - Filling up the DagBag from /home/airflow/.local/lib/python3.12/site-packages/airflow/example_dags/example_xcom.py
[2024-11-16T05:12:57.376+0000] {processor.py:925} INFO - DAG(s) 'example_xcom' retrieved from /home/airflow/.local/lib/python3.12/site-packages/airflow/example_dags/example_xcom.py
[2024-11-16T05:12:57.389+0000] {logging_mixin.py:190} INFO - [2024-11-16T05:12:57.389+0000] {dag.py:3239} INFO - Sync 1 DAGs
[2024-11-16T05:12:57.405+0000] {logging_mixin.py:190} INFO - [2024-11-16T05:12:57.404+0000] {dag.py:4180} INFO - Setting next_dagrun for example_xcom to 2021-01-01 00:00:00+00:00, run_after=2021-01-01 00:00:00+00:00
[2024-11-16T05:12:57.420+0000] {processor.py:208} INFO - Processing /home/airflow/.local/lib/python3.12/site-packages/airflow/example_dags/example_xcom.py took 0.056 seconds
[2024-11-16T05:14:11.519+0000] {processor.py:186} INFO - Started process (PID=69) to work on /home/airflow/.local/lib/python3.12/site-packages/airflow/example_dags/example_xcom.py
[2024-11-16T05:14:11.520+0000] {processor.py:914} INFO - Processing file /home/airflow/.local/lib/python3.12/site-packages/airflow/example_dags/example_xcom.py for tasks to queue
[2024-11-16T05:14:11.522+0000] {logging_mixin.py:190} INFO - [2024-11-16T05:14:11.522+0000] {dagbag.py:588} INFO - Filling up the DagBag from /home/airflow/.local/lib/python3.12/site-packages/airflow/example_dags/example_xcom.py
[2024-11-16T05:14:11.532+0000] {processor.py:925} INFO - DAG(s) 'example_xcom' retrieved from /home/airflow/.local/lib/python3.12/site-packages/airflow/example_dags/example_xcom.py
[2024-11-16T05:14:11.555+0000] {logging_mixin.py:190} INFO - [2024-11-16T05:14:11.555+0000] {dag.py:3239} INFO - Sync 1 DAGs
[2024-11-16T05:14:11.585+0000] {logging_mixin.py:190} INFO - [2024-11-16T05:14:11.584+0000] {dag.py:4180} INFO - Setting next_dagrun for example_xcom to 2021-01-01 00:00:00+00:00, run_after=2021-01-01 00:00:00+00:00
[2024-11-16T05:14:11.610+0000] {processor.py:208} INFO - Processing /home/airflow/.local/lib/python3.12/site-packages/airflow/example_dags/example_xcom.py took 0.098 seconds
[2024-11-16T05:14:42.336+0000] {processor.py:186} INFO - Started process (PID=137) to work on /home/airflow/.local/lib/python3.12/site-packages/airflow/example_dags/example_xcom.py
[2024-11-16T05:14:42.337+0000] {processor.py:914} INFO - Processing file /home/airflow/.local/lib/python3.12/site-packages/airflow/example_dags/example_xcom.py for tasks to queue
[2024-11-16T05:14:42.338+0000] {logging_mixin.py:190} INFO - [2024-11-16T05:14:42.338+0000] {dagbag.py:588} INFO - Filling up the DagBag from /home/airflow/.local/lib/python3.12/site-packages/airflow/example_dags/example_xcom.py
[2024-11-16T05:14:42.344+0000] {processor.py:925} INFO - DAG(s) 'example_xcom' retrieved from /home/airflow/.local/lib/python3.12/site-packages/airflow/example_dags/example_xcom.py
[2024-11-16T05:14:42.357+0000] {logging_mixin.py:190} INFO - [2024-11-16T05:14:42.357+0000] {dag.py:3239} INFO - Sync 1 DAGs
[2024-11-16T05:14:42.373+0000] {logging_mixin.py:190} INFO - [2024-11-16T05:14:42.373+0000] {dag.py:4180} INFO - Setting next_dagrun for example_xcom to 2021-01-01 00:00:00+00:00, run_after=2021-01-01 00:00:00+00:00
[2024-11-16T05:14:42.387+0000] {processor.py:208} INFO - Processing /home/airflow/.local/lib/python3.12/site-packages/airflow/example_dags/example_xcom.py took 0.054 seconds
[2024-11-16T05:15:12.919+0000] {processor.py:186} INFO - Started process (PID=205) to work on /home/airflow/.local/lib/python3.12/site-packages/airflow/example_dags/example_xcom.py
[2024-11-16T05:15:12.920+0000] {processor.py:914} INFO - Processing file /home/airflow/.local/lib/python3.12/site-packages/airflow/example_dags/example_xcom.py for tasks to queue
[2024-11-16T05:15:12.921+0000] {logging_mixin.py:190} INFO - [2024-11-16T05:15:12.921+0000] {dagbag.py:588} INFO - Filling up the DagBag from /home/airflow/.local/lib/python3.12/site-packages/airflow/example_dags/example_xcom.py
[2024-11-16T05:15:12.929+0000] {processor.py:925} INFO - DAG(s) 'example_xcom' retrieved from /home/airflow/.local/lib/python3.12/site-packages/airflow/example_dags/example_xcom.py
[2024-11-16T05:15:12.944+0000] {logging_mixin.py:190} INFO - [2024-11-16T05:15:12.944+0000] {dag.py:3239} INFO - Sync 1 DAGs
[2024-11-16T05:15:12.964+0000] {logging_mixin.py:190} INFO - [2024-11-16T05:15:12.964+0000] {dag.py:4180} INFO - Setting next_dagrun for example_xcom to 2021-01-01 00:00:00+00:00, run_after=2021-01-01 00:00:00+00:00
[2024-11-16T05:15:12.986+0000] {processor.py:208} INFO - Processing /home/airflow/.local/lib/python3.12/site-packages/airflow/example_dags/example_xcom.py took 0.070 seconds
[2024-11-16T05:15:43.247+0000] {processor.py:186} INFO - Started process (PID=274) to work on /home/airflow/.local/lib/python3.12/site-packages/airflow/example_dags/example_xcom.py
[2024-11-16T05:15:43.252+0000] {processor.py:914} INFO - Processing file /home/airflow/.local/lib/python3.12/site-packages/airflow/example_dags/example_xcom.py for tasks to queue
[2024-11-16T05:15:43.255+0000] {logging_mixin.py:190} INFO - [2024-11-16T05:15:43.254+0000] {dagbag.py:588} INFO - Filling up the DagBag from /home/airflow/.local/lib/python3.12/site-packages/airflow/example_dags/example_xcom.py
[2024-11-16T05:15:43.275+0000] {processor.py:925} INFO - DAG(s) 'example_xcom' retrieved from /home/airflow/.local/lib/python3.12/site-packages/airflow/example_dags/example_xcom.py
[2024-11-16T05:15:43.305+0000] {logging_mixin.py:190} INFO - [2024-11-16T05:15:43.304+0000] {dag.py:3239} INFO - Sync 1 DAGs
[2024-11-16T05:15:43.338+0000] {logging_mixin.py:190} INFO - [2024-11-16T05:15:43.338+0000] {dag.py:4180} INFO - Setting next_dagrun for example_xcom to 2021-01-01 00:00:00+00:00, run_after=2021-01-01 00:00:00+00:00
[2024-11-16T05:15:43.373+0000] {processor.py:208} INFO - Processing /home/airflow/.local/lib/python3.12/site-packages/airflow/example_dags/example_xcom.py took 0.133 seconds
[2024-11-16T05:16:13.519+0000] {processor.py:186} INFO - Started process (PID=342) to work on /home/airflow/.local/lib/python3.12/site-packages/airflow/example_dags/example_xcom.py
[2024-11-16T05:16:13.527+0000] {processor.py:914} INFO - Processing file /home/airflow/.local/lib/python3.12/site-packages/airflow/example_dags/example_xcom.py for tasks to queue
[2024-11-16T05:16:13.530+0000] {logging_mixin.py:190} INFO - [2024-11-16T05:16:13.529+0000] {dagbag.py:588} INFO - Filling up the DagBag from /home/airflow/.local/lib/python3.12/site-packages/airflow/example_dags/example_xcom.py
[2024-11-16T05:16:13.538+0000] {processor.py:925} INFO - DAG(s) 'example_xcom' retrieved from /home/airflow/.local/lib/python3.12/site-packages/airflow/example_dags/example_xcom.py
[2024-11-16T05:16:13.560+0000] {logging_mixin.py:190} INFO - [2024-11-16T05:16:13.560+0000] {dag.py:3239} INFO - Sync 1 DAGs
[2024-11-16T05:16:13.585+0000] {logging_mixin.py:190} INFO - [2024-11-16T05:16:13.585+0000] {dag.py:4180} INFO - Setting next_dagrun for example_xcom to 2021-01-01 00:00:00+00:00, run_after=2021-01-01 00:00:00+00:00
[2024-11-16T05:16:13.604+0000] {processor.py:208} INFO - Processing /home/airflow/.local/lib/python3.12/site-packages/airflow/example_dags/example_xcom.py took 0.096 seconds
[2024-11-16T05:16:44.536+0000] {processor.py:186} INFO - Started process (PID=417) to work on /home/airflow/.local/lib/python3.12/site-packages/airflow/example_dags/example_xcom.py
[2024-11-16T05:16:44.537+0000] {processor.py:914} INFO - Processing file /home/airflow/.local/lib/python3.12/site-packages/airflow/example_dags/example_xcom.py for tasks to queue
[2024-11-16T05:16:44.539+0000] {logging_mixin.py:190} INFO - [2024-11-16T05:16:44.539+0000] {dagbag.py:588} INFO - Filling up the DagBag from /home/airflow/.local/lib/python3.12/site-packages/airflow/example_dags/example_xcom.py
[2024-11-16T05:16:44.547+0000] {processor.py:925} INFO - DAG(s) 'example_xcom' retrieved from /home/airflow/.local/lib/python3.12/site-packages/airflow/example_dags/example_xcom.py
[2024-11-16T05:16:44.567+0000] {logging_mixin.py:190} INFO - [2024-11-16T05:16:44.567+0000] {dag.py:3239} INFO - Sync 1 DAGs
[2024-11-16T05:16:44.592+0000] {logging_mixin.py:190} INFO - [2024-11-16T05:16:44.592+0000] {dag.py:4180} INFO - Setting next_dagrun for example_xcom to 2021-01-01 00:00:00+00:00, run_after=2021-01-01 00:00:00+00:00
[2024-11-16T05:16:44.611+0000] {processor.py:208} INFO - Processing /home/airflow/.local/lib/python3.12/site-packages/airflow/example_dags/example_xcom.py took 0.080 seconds
[2024-11-16T05:17:27.434+0000] {processor.py:186} INFO - Started process (PID=485) to work on /home/airflow/.local/lib/python3.12/site-packages/airflow/example_dags/example_xcom.py
[2024-11-16T05:17:27.438+0000] {processor.py:914} INFO - Processing file /home/airflow/.local/lib/python3.12/site-packages/airflow/example_dags/example_xcom.py for tasks to queue
[2024-11-16T05:17:27.444+0000] {logging_mixin.py:190} INFO - [2024-11-16T05:17:27.441+0000] {dagbag.py:588} INFO - Filling up the DagBag from /home/airflow/.local/lib/python3.12/site-packages/airflow/example_dags/example_xcom.py
[2024-11-16T05:17:27.531+0000] {processor.py:925} INFO - DAG(s) 'example_xcom' retrieved from /home/airflow/.local/lib/python3.12/site-packages/airflow/example_dags/example_xcom.py
[2024-11-16T05:17:27.891+0000] {logging_mixin.py:190} INFO - [2024-11-16T05:17:27.890+0000] {dag.py:3239} INFO - Sync 1 DAGs
[2024-11-16T05:17:28.202+0000] {logging_mixin.py:190} INFO - [2024-11-16T05:17:28.192+0000] {dag.py:4180} INFO - Setting next_dagrun for example_xcom to 2021-01-01 00:00:00+00:00, run_after=2021-01-01 00:00:00+00:00
[2024-11-16T05:17:28.347+0000] {processor.py:208} INFO - Processing /home/airflow/.local/lib/python3.12/site-packages/airflow/example_dags/example_xcom.py took 0.940 seconds
[2024-11-16T05:17:58.644+0000] {processor.py:186} INFO - Started process (PID=553) to work on /home/airflow/.local/lib/python3.12/site-packages/airflow/example_dags/example_xcom.py
[2024-11-16T05:17:58.645+0000] {processor.py:914} INFO - Processing file /home/airflow/.local/lib/python3.12/site-packages/airflow/example_dags/example_xcom.py for tasks to queue
[2024-11-16T05:17:58.646+0000] {logging_mixin.py:190} INFO - [2024-11-16T05:17:58.646+0000] {dagbag.py:588} INFO - Filling up the DagBag from /home/airflow/.local/lib/python3.12/site-packages/airflow/example_dags/example_xcom.py
[2024-11-16T05:17:58.653+0000] {processor.py:925} INFO - DAG(s) 'example_xcom' retrieved from /home/airflow/.local/lib/python3.12/site-packages/airflow/example_dags/example_xcom.py
[2024-11-16T05:17:58.666+0000] {logging_mixin.py:190} INFO - [2024-11-16T05:17:58.666+0000] {dag.py:3239} INFO - Sync 1 DAGs
[2024-11-16T05:17:58.680+0000] {logging_mixin.py:190} INFO - [2024-11-16T05:17:58.680+0000] {dag.py:4180} INFO - Setting next_dagrun for example_xcom to 2021-01-01 00:00:00+00:00, run_after=2021-01-01 00:00:00+00:00
[2024-11-16T05:17:58.694+0000] {processor.py:208} INFO - Processing /home/airflow/.local/lib/python3.12/site-packages/airflow/example_dags/example_xcom.py took 0.055 seconds
[2024-11-16T05:18:28.743+0000] {processor.py:186} INFO - Started process (PID=620) to work on /home/airflow/.local/lib/python3.12/site-packages/airflow/example_dags/example_xcom.py
[2024-11-16T05:18:28.743+0000] {processor.py:914} INFO - Processing file /home/airflow/.local/lib/python3.12/site-packages/airflow/example_dags/example_xcom.py for tasks to queue
[2024-11-16T05:18:28.744+0000] {logging_mixin.py:190} INFO - [2024-11-16T05:18:28.744+0000] {dagbag.py:588} INFO - Filling up the DagBag from /home/airflow/.local/lib/python3.12/site-packages/airflow/example_dags/example_xcom.py
[2024-11-16T05:18:28.749+0000] {processor.py:925} INFO - DAG(s) 'example_xcom' retrieved from /home/airflow/.local/lib/python3.12/site-packages/airflow/example_dags/example_xcom.py
[2024-11-16T05:18:28.764+0000] {logging_mixin.py:190} INFO - [2024-11-16T05:18:28.763+0000] {dag.py:3239} INFO - Sync 1 DAGs
[2024-11-16T05:18:28.779+0000] {logging_mixin.py:190} INFO - [2024-11-16T05:18:28.779+0000] {dag.py:4180} INFO - Setting next_dagrun for example_xcom to 2021-01-01 00:00:00+00:00, run_after=2021-01-01 00:00:00+00:00
[2024-11-16T05:18:28.793+0000] {processor.py:208} INFO - Processing /home/airflow/.local/lib/python3.12/site-packages/airflow/example_dags/example_xcom.py took 0.055 seconds
[2024-11-16T05:20:40.698+0000] {processor.py:186} INFO - Started process (PID=65) to work on /home/airflow/.local/lib/python3.12/site-packages/airflow/example_dags/example_xcom.py
[2024-11-16T05:20:40.699+0000] {processor.py:914} INFO - Processing file /home/airflow/.local/lib/python3.12/site-packages/airflow/example_dags/example_xcom.py for tasks to queue
[2024-11-16T05:20:40.703+0000] {logging_mixin.py:190} INFO - [2024-11-16T05:20:40.702+0000] {dagbag.py:588} INFO - Filling up the DagBag from /home/airflow/.local/lib/python3.12/site-packages/airflow/example_dags/example_xcom.py
[2024-11-16T05:20:40.717+0000] {processor.py:925} INFO - DAG(s) 'example_xcom' retrieved from /home/airflow/.local/lib/python3.12/site-packages/airflow/example_dags/example_xcom.py
[2024-11-16T05:20:40.748+0000] {logging_mixin.py:190} INFO - [2024-11-16T05:20:40.747+0000] {dag.py:3239} INFO - Sync 1 DAGs
[2024-11-16T05:20:40.783+0000] {logging_mixin.py:190} INFO - [2024-11-16T05:20:40.782+0000] {dag.py:4180} INFO - Setting next_dagrun for example_xcom to 2021-01-01 00:00:00+00:00, run_after=2021-01-01 00:00:00+00:00
[2024-11-16T05:20:40.811+0000] {processor.py:208} INFO - Processing /home/airflow/.local/lib/python3.12/site-packages/airflow/example_dags/example_xcom.py took 0.120 seconds
[2024-11-16T05:21:11.788+0000] {processor.py:186} INFO - Started process (PID=138) to work on /home/airflow/.local/lib/python3.12/site-packages/airflow/example_dags/example_xcom.py
[2024-11-16T05:21:11.790+0000] {processor.py:914} INFO - Processing file /home/airflow/.local/lib/python3.12/site-packages/airflow/example_dags/example_xcom.py for tasks to queue
[2024-11-16T05:21:11.792+0000] {logging_mixin.py:190} INFO - [2024-11-16T05:21:11.791+0000] {dagbag.py:588} INFO - Filling up the DagBag from /home/airflow/.local/lib/python3.12/site-packages/airflow/example_dags/example_xcom.py
[2024-11-16T05:21:11.798+0000] {processor.py:925} INFO - DAG(s) 'example_xcom' retrieved from /home/airflow/.local/lib/python3.12/site-packages/airflow/example_dags/example_xcom.py
[2024-11-16T05:21:11.812+0000] {logging_mixin.py:190} INFO - [2024-11-16T05:21:11.812+0000] {dag.py:3239} INFO - Sync 1 DAGs
[2024-11-16T05:21:11.827+0000] {logging_mixin.py:190} INFO - [2024-11-16T05:21:11.827+0000] {dag.py:4180} INFO - Setting next_dagrun for example_xcom to 2021-01-01 00:00:00+00:00, run_after=2021-01-01 00:00:00+00:00
[2024-11-16T05:21:11.841+0000] {processor.py:208} INFO - Processing /home/airflow/.local/lib/python3.12/site-packages/airflow/example_dags/example_xcom.py took 0.057 seconds
[2024-11-16T05:21:42.751+0000] {processor.py:186} INFO - Started process (PID=206) to work on /home/airflow/.local/lib/python3.12/site-packages/airflow/example_dags/example_xcom.py
[2024-11-16T05:21:42.752+0000] {processor.py:914} INFO - Processing file /home/airflow/.local/lib/python3.12/site-packages/airflow/example_dags/example_xcom.py for tasks to queue
[2024-11-16T05:21:42.754+0000] {logging_mixin.py:190} INFO - [2024-11-16T05:21:42.754+0000] {dagbag.py:588} INFO - Filling up the DagBag from /home/airflow/.local/lib/python3.12/site-packages/airflow/example_dags/example_xcom.py
[2024-11-16T05:21:42.760+0000] {processor.py:925} INFO - DAG(s) 'example_xcom' retrieved from /home/airflow/.local/lib/python3.12/site-packages/airflow/example_dags/example_xcom.py
[2024-11-16T05:21:42.775+0000] {logging_mixin.py:190} INFO - [2024-11-16T05:21:42.774+0000] {dag.py:3239} INFO - Sync 1 DAGs
[2024-11-16T05:21:42.790+0000] {logging_mixin.py:190} INFO - [2024-11-16T05:21:42.790+0000] {dag.py:4180} INFO - Setting next_dagrun for example_xcom to 2021-01-01 00:00:00+00:00, run_after=2021-01-01 00:00:00+00:00
[2024-11-16T05:21:42.803+0000] {processor.py:208} INFO - Processing /home/airflow/.local/lib/python3.12/site-packages/airflow/example_dags/example_xcom.py took 0.057 seconds
[2024-11-16T05:22:13.401+0000] {processor.py:186} INFO - Started process (PID=274) to work on /home/airflow/.local/lib/python3.12/site-packages/airflow/example_dags/example_xcom.py
[2024-11-16T05:22:13.403+0000] {processor.py:914} INFO - Processing file /home/airflow/.local/lib/python3.12/site-packages/airflow/example_dags/example_xcom.py for tasks to queue
[2024-11-16T05:22:13.405+0000] {logging_mixin.py:190} INFO - [2024-11-16T05:22:13.405+0000] {dagbag.py:588} INFO - Filling up the DagBag from /home/airflow/.local/lib/python3.12/site-packages/airflow/example_dags/example_xcom.py
[2024-11-16T05:22:13.415+0000] {processor.py:925} INFO - DAG(s) 'example_xcom' retrieved from /home/airflow/.local/lib/python3.12/site-packages/airflow/example_dags/example_xcom.py
[2024-11-16T05:22:13.434+0000] {logging_mixin.py:190} INFO - [2024-11-16T05:22:13.434+0000] {dag.py:3239} INFO - Sync 1 DAGs
[2024-11-16T05:22:13.454+0000] {logging_mixin.py:190} INFO - [2024-11-16T05:22:13.454+0000] {dag.py:4180} INFO - Setting next_dagrun for example_xcom to 2021-01-01 00:00:00+00:00, run_after=2021-01-01 00:00:00+00:00
[2024-11-16T05:22:13.475+0000] {processor.py:208} INFO - Processing /home/airflow/.local/lib/python3.12/site-packages/airflow/example_dags/example_xcom.py took 0.078 seconds
[2024-11-16T05:22:43.651+0000] {processor.py:186} INFO - Started process (PID=342) to work on /home/airflow/.local/lib/python3.12/site-packages/airflow/example_dags/example_xcom.py
[2024-11-16T05:22:43.652+0000] {processor.py:914} INFO - Processing file /home/airflow/.local/lib/python3.12/site-packages/airflow/example_dags/example_xcom.py for tasks to queue
[2024-11-16T05:22:43.653+0000] {logging_mixin.py:190} INFO - [2024-11-16T05:22:43.653+0000] {dagbag.py:588} INFO - Filling up the DagBag from /home/airflow/.local/lib/python3.12/site-packages/airflow/example_dags/example_xcom.py
[2024-11-16T05:22:43.659+0000] {processor.py:925} INFO - DAG(s) 'example_xcom' retrieved from /home/airflow/.local/lib/python3.12/site-packages/airflow/example_dags/example_xcom.py
[2024-11-16T05:22:43.675+0000] {logging_mixin.py:190} INFO - [2024-11-16T05:22:43.674+0000] {dag.py:3239} INFO - Sync 1 DAGs
[2024-11-16T05:22:43.693+0000] {logging_mixin.py:190} INFO - [2024-11-16T05:22:43.693+0000] {dag.py:4180} INFO - Setting next_dagrun for example_xcom to 2021-01-01 00:00:00+00:00, run_after=2021-01-01 00:00:00+00:00
[2024-11-16T05:22:43.707+0000] {processor.py:208} INFO - Processing /home/airflow/.local/lib/python3.12/site-packages/airflow/example_dags/example_xcom.py took 0.060 seconds
[2024-11-16T05:23:13.799+0000] {processor.py:186} INFO - Started process (PID=410) to work on /home/airflow/.local/lib/python3.12/site-packages/airflow/example_dags/example_xcom.py
[2024-11-16T05:23:13.801+0000] {processor.py:914} INFO - Processing file /home/airflow/.local/lib/python3.12/site-packages/airflow/example_dags/example_xcom.py for tasks to queue
[2024-11-16T05:23:13.803+0000] {logging_mixin.py:190} INFO - [2024-11-16T05:23:13.803+0000] {dagbag.py:588} INFO - Filling up the DagBag from /home/airflow/.local/lib/python3.12/site-packages/airflow/example_dags/example_xcom.py
[2024-11-16T05:23:13.809+0000] {processor.py:925} INFO - DAG(s) 'example_xcom' retrieved from /home/airflow/.local/lib/python3.12/site-packages/airflow/example_dags/example_xcom.py
[2024-11-16T05:23:13.824+0000] {logging_mixin.py:190} INFO - [2024-11-16T05:23:13.824+0000] {dag.py:3239} INFO - Sync 1 DAGs
[2024-11-16T05:23:13.839+0000] {logging_mixin.py:190} INFO - [2024-11-16T05:23:13.839+0000] {dag.py:4180} INFO - Setting next_dagrun for example_xcom to 2021-01-01 00:00:00+00:00, run_after=2021-01-01 00:00:00+00:00
[2024-11-16T05:23:13.852+0000] {processor.py:208} INFO - Processing /home/airflow/.local/lib/python3.12/site-packages/airflow/example_dags/example_xcom.py took 0.057 seconds
[2024-11-16T05:23:44.460+0000] {processor.py:186} INFO - Started process (PID=478) to work on /home/airflow/.local/lib/python3.12/site-packages/airflow/example_dags/example_xcom.py
[2024-11-16T05:23:44.463+0000] {processor.py:914} INFO - Processing file /home/airflow/.local/lib/python3.12/site-packages/airflow/example_dags/example_xcom.py for tasks to queue
[2024-11-16T05:23:44.465+0000] {logging_mixin.py:190} INFO - [2024-11-16T05:23:44.464+0000] {dagbag.py:588} INFO - Filling up the DagBag from /home/airflow/.local/lib/python3.12/site-packages/airflow/example_dags/example_xcom.py
[2024-11-16T05:23:44.476+0000] {processor.py:925} INFO - DAG(s) 'example_xcom' retrieved from /home/airflow/.local/lib/python3.12/site-packages/airflow/example_dags/example_xcom.py
[2024-11-16T05:23:44.496+0000] {logging_mixin.py:190} INFO - [2024-11-16T05:23:44.496+0000] {dag.py:3239} INFO - Sync 1 DAGs
[2024-11-16T05:23:44.517+0000] {logging_mixin.py:190} INFO - [2024-11-16T05:23:44.517+0000] {dag.py:4180} INFO - Setting next_dagrun for example_xcom to 2021-01-01 00:00:00+00:00, run_after=2021-01-01 00:00:00+00:00
[2024-11-16T05:23:44.533+0000] {processor.py:208} INFO - Processing /home/airflow/.local/lib/python3.12/site-packages/airflow/example_dags/example_xcom.py took 0.079 seconds
[2024-11-16T05:24:14.670+0000] {processor.py:186} INFO - Started process (PID=546) to work on /home/airflow/.local/lib/python3.12/site-packages/airflow/example_dags/example_xcom.py
[2024-11-16T05:24:14.672+0000] {processor.py:914} INFO - Processing file /home/airflow/.local/lib/python3.12/site-packages/airflow/example_dags/example_xcom.py for tasks to queue
[2024-11-16T05:24:14.674+0000] {logging_mixin.py:190} INFO - [2024-11-16T05:24:14.674+0000] {dagbag.py:588} INFO - Filling up the DagBag from /home/airflow/.local/lib/python3.12/site-packages/airflow/example_dags/example_xcom.py
[2024-11-16T05:24:14.681+0000] {processor.py:925} INFO - DAG(s) 'example_xcom' retrieved from /home/airflow/.local/lib/python3.12/site-packages/airflow/example_dags/example_xcom.py
[2024-11-16T05:24:14.696+0000] {logging_mixin.py:190} INFO - [2024-11-16T05:24:14.695+0000] {dag.py:3239} INFO - Sync 1 DAGs
[2024-11-16T05:24:14.710+0000] {logging_mixin.py:190} INFO - [2024-11-16T05:24:14.710+0000] {dag.py:4180} INFO - Setting next_dagrun for example_xcom to 2021-01-01 00:00:00+00:00, run_after=2021-01-01 00:00:00+00:00
[2024-11-16T05:24:14.726+0000] {processor.py:208} INFO - Processing /home/airflow/.local/lib/python3.12/site-packages/airflow/example_dags/example_xcom.py took 0.062 seconds
[2024-11-16T05:25:08.656+0000] {processor.py:186} INFO - Started process (PID=65) to work on /home/airflow/.local/lib/python3.12/site-packages/airflow/example_dags/example_xcom.py
[2024-11-16T05:25:08.657+0000] {processor.py:914} INFO - Processing file /home/airflow/.local/lib/python3.12/site-packages/airflow/example_dags/example_xcom.py for tasks to queue
[2024-11-16T05:25:08.659+0000] {logging_mixin.py:190} INFO - [2024-11-16T05:25:08.659+0000] {dagbag.py:588} INFO - Filling up the DagBag from /home/airflow/.local/lib/python3.12/site-packages/airflow/example_dags/example_xcom.py
[2024-11-16T05:25:08.668+0000] {processor.py:925} INFO - DAG(s) 'example_xcom' retrieved from /home/airflow/.local/lib/python3.12/site-packages/airflow/example_dags/example_xcom.py
[2024-11-16T05:25:08.687+0000] {logging_mixin.py:190} INFO - [2024-11-16T05:25:08.687+0000] {dag.py:3239} INFO - Sync 1 DAGs
[2024-11-16T05:25:08.709+0000] {logging_mixin.py:190} INFO - [2024-11-16T05:25:08.709+0000] {dag.py:4180} INFO - Setting next_dagrun for example_xcom to 2021-01-01 00:00:00+00:00, run_after=2021-01-01 00:00:00+00:00
[2024-11-16T05:25:08.730+0000] {processor.py:208} INFO - Processing /home/airflow/.local/lib/python3.12/site-packages/airflow/example_dags/example_xcom.py took 0.079 seconds
[2024-11-16T05:25:38.780+0000] {processor.py:186} INFO - Started process (PID=133) to work on /home/airflow/.local/lib/python3.12/site-packages/airflow/example_dags/example_xcom.py
[2024-11-16T05:25:38.781+0000] {processor.py:914} INFO - Processing file /home/airflow/.local/lib/python3.12/site-packages/airflow/example_dags/example_xcom.py for tasks to queue
[2024-11-16T05:25:38.782+0000] {logging_mixin.py:190} INFO - [2024-11-16T05:25:38.782+0000] {dagbag.py:588} INFO - Filling up the DagBag from /home/airflow/.local/lib/python3.12/site-packages/airflow/example_dags/example_xcom.py
[2024-11-16T05:25:38.789+0000] {processor.py:925} INFO - DAG(s) 'example_xcom' retrieved from /home/airflow/.local/lib/python3.12/site-packages/airflow/example_dags/example_xcom.py
[2024-11-16T05:25:38.803+0000] {logging_mixin.py:190} INFO - [2024-11-16T05:25:38.803+0000] {dag.py:3239} INFO - Sync 1 DAGs
[2024-11-16T05:25:38.820+0000] {logging_mixin.py:190} INFO - [2024-11-16T05:25:38.819+0000] {dag.py:4180} INFO - Setting next_dagrun for example_xcom to 2021-01-01 00:00:00+00:00, run_after=2021-01-01 00:00:00+00:00
[2024-11-16T05:25:38.833+0000] {processor.py:208} INFO - Processing /home/airflow/.local/lib/python3.12/site-packages/airflow/example_dags/example_xcom.py took 0.057 seconds
[2024-11-16T05:26:09.072+0000] {processor.py:186} INFO - Started process (PID=201) to work on /home/airflow/.local/lib/python3.12/site-packages/airflow/example_dags/example_xcom.py
[2024-11-16T05:26:09.072+0000] {processor.py:914} INFO - Processing file /home/airflow/.local/lib/python3.12/site-packages/airflow/example_dags/example_xcom.py for tasks to queue
[2024-11-16T05:26:09.074+0000] {logging_mixin.py:190} INFO - [2024-11-16T05:26:09.073+0000] {dagbag.py:588} INFO - Filling up the DagBag from /home/airflow/.local/lib/python3.12/site-packages/airflow/example_dags/example_xcom.py
[2024-11-16T05:26:09.080+0000] {processor.py:925} INFO - DAG(s) 'example_xcom' retrieved from /home/airflow/.local/lib/python3.12/site-packages/airflow/example_dags/example_xcom.py
[2024-11-16T05:26:09.095+0000] {logging_mixin.py:190} INFO - [2024-11-16T05:26:09.094+0000] {dag.py:3239} INFO - Sync 1 DAGs
[2024-11-16T05:26:09.110+0000] {logging_mixin.py:190} INFO - [2024-11-16T05:26:09.110+0000] {dag.py:4180} INFO - Setting next_dagrun for example_xcom to 2021-01-01 00:00:00+00:00, run_after=2021-01-01 00:00:00+00:00
[2024-11-16T05:26:09.124+0000] {processor.py:208} INFO - Processing /home/airflow/.local/lib/python3.12/site-packages/airflow/example_dags/example_xcom.py took 0.056 seconds
[2024-11-16T05:26:39.399+0000] {processor.py:186} INFO - Started process (PID=269) to work on /home/airflow/.local/lib/python3.12/site-packages/airflow/example_dags/example_xcom.py
[2024-11-16T05:26:39.400+0000] {processor.py:914} INFO - Processing file /home/airflow/.local/lib/python3.12/site-packages/airflow/example_dags/example_xcom.py for tasks to queue
[2024-11-16T05:26:39.401+0000] {logging_mixin.py:190} INFO - [2024-11-16T05:26:39.401+0000] {dagbag.py:588} INFO - Filling up the DagBag from /home/airflow/.local/lib/python3.12/site-packages/airflow/example_dags/example_xcom.py
[2024-11-16T05:26:39.412+0000] {processor.py:925} INFO - DAG(s) 'example_xcom' retrieved from /home/airflow/.local/lib/python3.12/site-packages/airflow/example_dags/example_xcom.py
[2024-11-16T05:26:39.448+0000] {logging_mixin.py:190} INFO - [2024-11-16T05:26:39.448+0000] {dag.py:3239} INFO - Sync 1 DAGs
[2024-11-16T05:26:39.488+0000] {logging_mixin.py:190} INFO - [2024-11-16T05:26:39.488+0000] {dag.py:4180} INFO - Setting next_dagrun for example_xcom to 2021-01-01 00:00:00+00:00, run_after=2021-01-01 00:00:00+00:00
[2024-11-16T05:26:39.522+0000] {processor.py:208} INFO - Processing /home/airflow/.local/lib/python3.12/site-packages/airflow/example_dags/example_xcom.py took 0.128 seconds
[2024-11-16T05:27:09.556+0000] {processor.py:186} INFO - Started process (PID=337) to work on /home/airflow/.local/lib/python3.12/site-packages/airflow/example_dags/example_xcom.py
[2024-11-16T05:27:09.557+0000] {processor.py:914} INFO - Processing file /home/airflow/.local/lib/python3.12/site-packages/airflow/example_dags/example_xcom.py for tasks to queue
[2024-11-16T05:27:09.558+0000] {logging_mixin.py:190} INFO - [2024-11-16T05:27:09.558+0000] {dagbag.py:588} INFO - Filling up the DagBag from /home/airflow/.local/lib/python3.12/site-packages/airflow/example_dags/example_xcom.py
[2024-11-16T05:27:09.564+0000] {processor.py:925} INFO - DAG(s) 'example_xcom' retrieved from /home/airflow/.local/lib/python3.12/site-packages/airflow/example_dags/example_xcom.py
[2024-11-16T05:27:09.576+0000] {logging_mixin.py:190} INFO - [2024-11-16T05:27:09.576+0000] {dag.py:3239} INFO - Sync 1 DAGs
[2024-11-16T05:27:09.589+0000] {logging_mixin.py:190} INFO - [2024-11-16T05:27:09.589+0000] {dag.py:4180} INFO - Setting next_dagrun for example_xcom to 2021-01-01 00:00:00+00:00, run_after=2021-01-01 00:00:00+00:00
[2024-11-16T05:27:09.601+0000] {processor.py:208} INFO - Processing /home/airflow/.local/lib/python3.12/site-packages/airflow/example_dags/example_xcom.py took 0.048 seconds
[2024-11-16T05:27:40.262+0000] {processor.py:186} INFO - Started process (PID=405) to work on /home/airflow/.local/lib/python3.12/site-packages/airflow/example_dags/example_xcom.py
[2024-11-16T05:27:40.263+0000] {processor.py:914} INFO - Processing file /home/airflow/.local/lib/python3.12/site-packages/airflow/example_dags/example_xcom.py for tasks to queue
[2024-11-16T05:27:40.264+0000] {logging_mixin.py:190} INFO - [2024-11-16T05:27:40.264+0000] {dagbag.py:588} INFO - Filling up the DagBag from /home/airflow/.local/lib/python3.12/site-packages/airflow/example_dags/example_xcom.py
[2024-11-16T05:27:40.272+0000] {processor.py:925} INFO - DAG(s) 'example_xcom' retrieved from /home/airflow/.local/lib/python3.12/site-packages/airflow/example_dags/example_xcom.py
[2024-11-16T05:27:40.290+0000] {logging_mixin.py:190} INFO - [2024-11-16T05:27:40.290+0000] {dag.py:3239} INFO - Sync 1 DAGs
[2024-11-16T05:27:40.309+0000] {logging_mixin.py:190} INFO - [2024-11-16T05:27:40.308+0000] {dag.py:4180} INFO - Setting next_dagrun for example_xcom to 2021-01-01 00:00:00+00:00, run_after=2021-01-01 00:00:00+00:00
[2024-11-16T05:27:40.322+0000] {processor.py:208} INFO - Processing /home/airflow/.local/lib/python3.12/site-packages/airflow/example_dags/example_xcom.py took 0.064 seconds
[2024-11-16T05:28:11.023+0000] {processor.py:186} INFO - Started process (PID=473) to work on /home/airflow/.local/lib/python3.12/site-packages/airflow/example_dags/example_xcom.py
[2024-11-16T05:28:11.024+0000] {processor.py:914} INFO - Processing file /home/airflow/.local/lib/python3.12/site-packages/airflow/example_dags/example_xcom.py for tasks to queue
[2024-11-16T05:28:11.025+0000] {logging_mixin.py:190} INFO - [2024-11-16T05:28:11.025+0000] {dagbag.py:588} INFO - Filling up the DagBag from /home/airflow/.local/lib/python3.12/site-packages/airflow/example_dags/example_xcom.py
[2024-11-16T05:28:11.034+0000] {processor.py:925} INFO - DAG(s) 'example_xcom' retrieved from /home/airflow/.local/lib/python3.12/site-packages/airflow/example_dags/example_xcom.py
[2024-11-16T05:28:11.049+0000] {logging_mixin.py:190} INFO - [2024-11-16T05:28:11.049+0000] {dag.py:3239} INFO - Sync 1 DAGs
[2024-11-16T05:28:11.070+0000] {logging_mixin.py:190} INFO - [2024-11-16T05:28:11.070+0000] {dag.py:4180} INFO - Setting next_dagrun for example_xcom to 2021-01-01 00:00:00+00:00, run_after=2021-01-01 00:00:00+00:00
[2024-11-16T05:28:11.086+0000] {processor.py:208} INFO - Processing /home/airflow/.local/lib/python3.12/site-packages/airflow/example_dags/example_xcom.py took 0.068 seconds
[2024-11-16T05:29:46.677+0000] {processor.py:186} INFO - Started process (PID=84) to work on /home/airflow/.local/lib/python3.12/site-packages/airflow/example_dags/example_xcom.py
[2024-11-16T05:29:46.677+0000] {processor.py:914} INFO - Processing file /home/airflow/.local/lib/python3.12/site-packages/airflow/example_dags/example_xcom.py for tasks to queue
[2024-11-16T05:29:46.679+0000] {logging_mixin.py:190} INFO - [2024-11-16T05:29:46.679+0000] {dagbag.py:588} INFO - Filling up the DagBag from /home/airflow/.local/lib/python3.12/site-packages/airflow/example_dags/example_xcom.py
[2024-11-16T05:29:46.692+0000] {processor.py:925} INFO - DAG(s) 'example_xcom' retrieved from /home/airflow/.local/lib/python3.12/site-packages/airflow/example_dags/example_xcom.py
[2024-11-16T05:29:46.729+0000] {logging_mixin.py:190} INFO - [2024-11-16T05:29:46.728+0000] {dag.py:3239} INFO - Sync 1 DAGs
[2024-11-16T05:29:46.756+0000] {logging_mixin.py:190} INFO - [2024-11-16T05:29:46.756+0000] {dag.py:4180} INFO - Setting next_dagrun for example_xcom to 2021-01-01 00:00:00+00:00, run_after=2021-01-01 00:00:00+00:00
[2024-11-16T05:29:46.795+0000] {processor.py:208} INFO - Processing /home/airflow/.local/lib/python3.12/site-packages/airflow/example_dags/example_xcom.py took 0.127 seconds
[2024-11-16T05:30:18.129+0000] {processor.py:186} INFO - Started process (PID=152) to work on /home/airflow/.local/lib/python3.12/site-packages/airflow/example_dags/example_xcom.py
[2024-11-16T05:30:18.129+0000] {processor.py:914} INFO - Processing file /home/airflow/.local/lib/python3.12/site-packages/airflow/example_dags/example_xcom.py for tasks to queue
[2024-11-16T05:30:18.131+0000] {logging_mixin.py:190} INFO - [2024-11-16T05:30:18.131+0000] {dagbag.py:588} INFO - Filling up the DagBag from /home/airflow/.local/lib/python3.12/site-packages/airflow/example_dags/example_xcom.py
[2024-11-16T05:30:18.144+0000] {processor.py:925} INFO - DAG(s) 'example_xcom' retrieved from /home/airflow/.local/lib/python3.12/site-packages/airflow/example_dags/example_xcom.py
[2024-11-16T05:30:18.172+0000] {logging_mixin.py:190} INFO - [2024-11-16T05:30:18.172+0000] {dag.py:3239} INFO - Sync 1 DAGs
[2024-11-16T05:30:18.202+0000] {logging_mixin.py:190} INFO - [2024-11-16T05:30:18.202+0000] {dag.py:4180} INFO - Setting next_dagrun for example_xcom to 2021-01-01 00:00:00+00:00, run_after=2021-01-01 00:00:00+00:00
[2024-11-16T05:30:18.230+0000] {processor.py:208} INFO - Processing /home/airflow/.local/lib/python3.12/site-packages/airflow/example_dags/example_xcom.py took 0.110 seconds
[2024-11-16T05:30:48.704+0000] {processor.py:186} INFO - Started process (PID=220) to work on /home/airflow/.local/lib/python3.12/site-packages/airflow/example_dags/example_xcom.py
[2024-11-16T05:30:48.705+0000] {processor.py:914} INFO - Processing file /home/airflow/.local/lib/python3.12/site-packages/airflow/example_dags/example_xcom.py for tasks to queue
[2024-11-16T05:30:48.707+0000] {logging_mixin.py:190} INFO - [2024-11-16T05:30:48.707+0000] {dagbag.py:588} INFO - Filling up the DagBag from /home/airflow/.local/lib/python3.12/site-packages/airflow/example_dags/example_xcom.py
[2024-11-16T05:30:48.713+0000] {processor.py:925} INFO - DAG(s) 'example_xcom' retrieved from /home/airflow/.local/lib/python3.12/site-packages/airflow/example_dags/example_xcom.py
[2024-11-16T05:30:48.728+0000] {logging_mixin.py:190} INFO - [2024-11-16T05:30:48.728+0000] {dag.py:3239} INFO - Sync 1 DAGs
[2024-11-16T05:30:48.744+0000] {logging_mixin.py:190} INFO - [2024-11-16T05:30:48.743+0000] {dag.py:4180} INFO - Setting next_dagrun for example_xcom to 2021-01-01 00:00:00+00:00, run_after=2021-01-01 00:00:00+00:00
[2024-11-16T05:30:48.759+0000] {processor.py:208} INFO - Processing /home/airflow/.local/lib/python3.12/site-packages/airflow/example_dags/example_xcom.py took 0.059 seconds
[2024-11-16T05:31:19.272+0000] {processor.py:186} INFO - Started process (PID=288) to work on /home/airflow/.local/lib/python3.12/site-packages/airflow/example_dags/example_xcom.py
[2024-11-16T05:31:19.273+0000] {processor.py:914} INFO - Processing file /home/airflow/.local/lib/python3.12/site-packages/airflow/example_dags/example_xcom.py for tasks to queue
[2024-11-16T05:31:19.274+0000] {logging_mixin.py:190} INFO - [2024-11-16T05:31:19.274+0000] {dagbag.py:588} INFO - Filling up the DagBag from /home/airflow/.local/lib/python3.12/site-packages/airflow/example_dags/example_xcom.py
[2024-11-16T05:31:19.280+0000] {processor.py:925} INFO - DAG(s) 'example_xcom' retrieved from /home/airflow/.local/lib/python3.12/site-packages/airflow/example_dags/example_xcom.py
[2024-11-16T05:31:19.294+0000] {logging_mixin.py:190} INFO - [2024-11-16T05:31:19.294+0000] {dag.py:3239} INFO - Sync 1 DAGs
[2024-11-16T05:31:19.309+0000] {logging_mixin.py:190} INFO - [2024-11-16T05:31:19.309+0000] {dag.py:4180} INFO - Setting next_dagrun for example_xcom to 2021-01-01 00:00:00+00:00, run_after=2021-01-01 00:00:00+00:00
[2024-11-16T05:31:19.326+0000] {processor.py:208} INFO - Processing /home/airflow/.local/lib/python3.12/site-packages/airflow/example_dags/example_xcom.py took 0.058 seconds
[2024-11-16T05:31:49.638+0000] {processor.py:186} INFO - Started process (PID=356) to work on /home/airflow/.local/lib/python3.12/site-packages/airflow/example_dags/example_xcom.py
[2024-11-16T05:31:49.639+0000] {processor.py:914} INFO - Processing file /home/airflow/.local/lib/python3.12/site-packages/airflow/example_dags/example_xcom.py for tasks to queue
[2024-11-16T05:31:49.641+0000] {logging_mixin.py:190} INFO - [2024-11-16T05:31:49.640+0000] {dagbag.py:588} INFO - Filling up the DagBag from /home/airflow/.local/lib/python3.12/site-packages/airflow/example_dags/example_xcom.py
[2024-11-16T05:31:49.647+0000] {processor.py:925} INFO - DAG(s) 'example_xcom' retrieved from /home/airflow/.local/lib/python3.12/site-packages/airflow/example_dags/example_xcom.py
[2024-11-16T05:31:49.664+0000] {logging_mixin.py:190} INFO - [2024-11-16T05:31:49.664+0000] {dag.py:3239} INFO - Sync 1 DAGs
[2024-11-16T05:31:49.681+0000] {logging_mixin.py:190} INFO - [2024-11-16T05:31:49.681+0000] {dag.py:4180} INFO - Setting next_dagrun for example_xcom to 2021-01-01 00:00:00+00:00, run_after=2021-01-01 00:00:00+00:00
[2024-11-16T05:31:49.697+0000] {processor.py:208} INFO - Processing /home/airflow/.local/lib/python3.12/site-packages/airflow/example_dags/example_xcom.py took 0.064 seconds
[2024-11-16T05:32:19.771+0000] {processor.py:186} INFO - Started process (PID=424) to work on /home/airflow/.local/lib/python3.12/site-packages/airflow/example_dags/example_xcom.py
[2024-11-16T05:32:19.772+0000] {processor.py:914} INFO - Processing file /home/airflow/.local/lib/python3.12/site-packages/airflow/example_dags/example_xcom.py for tasks to queue
[2024-11-16T05:32:19.774+0000] {logging_mixin.py:190} INFO - [2024-11-16T05:32:19.774+0000] {dagbag.py:588} INFO - Filling up the DagBag from /home/airflow/.local/lib/python3.12/site-packages/airflow/example_dags/example_xcom.py
[2024-11-16T05:32:19.781+0000] {processor.py:925} INFO - DAG(s) 'example_xcom' retrieved from /home/airflow/.local/lib/python3.12/site-packages/airflow/example_dags/example_xcom.py
[2024-11-16T05:32:19.798+0000] {logging_mixin.py:190} INFO - [2024-11-16T05:32:19.798+0000] {dag.py:3239} INFO - Sync 1 DAGs
[2024-11-16T05:32:19.820+0000] {logging_mixin.py:190} INFO - [2024-11-16T05:32:19.819+0000] {dag.py:4180} INFO - Setting next_dagrun for example_xcom to 2021-01-01 00:00:00+00:00, run_after=2021-01-01 00:00:00+00:00
[2024-11-16T05:32:19.839+0000] {processor.py:208} INFO - Processing /home/airflow/.local/lib/python3.12/site-packages/airflow/example_dags/example_xcom.py took 0.072 seconds
[2024-11-16T05:32:49.965+0000] {processor.py:186} INFO - Started process (PID=492) to work on /home/airflow/.local/lib/python3.12/site-packages/airflow/example_dags/example_xcom.py
[2024-11-16T05:32:49.966+0000] {processor.py:914} INFO - Processing file /home/airflow/.local/lib/python3.12/site-packages/airflow/example_dags/example_xcom.py for tasks to queue
[2024-11-16T05:32:49.967+0000] {logging_mixin.py:190} INFO - [2024-11-16T05:32:49.967+0000] {dagbag.py:588} INFO - Filling up the DagBag from /home/airflow/.local/lib/python3.12/site-packages/airflow/example_dags/example_xcom.py
[2024-11-16T05:32:49.974+0000] {processor.py:925} INFO - DAG(s) 'example_xcom' retrieved from /home/airflow/.local/lib/python3.12/site-packages/airflow/example_dags/example_xcom.py
[2024-11-16T05:32:49.990+0000] {logging_mixin.py:190} INFO - [2024-11-16T05:32:49.990+0000] {dag.py:3239} INFO - Sync 1 DAGs
[2024-11-16T05:32:50.010+0000] {logging_mixin.py:190} INFO - [2024-11-16T05:32:50.010+0000] {dag.py:4180} INFO - Setting next_dagrun for example_xcom to 2021-01-01 00:00:00+00:00, run_after=2021-01-01 00:00:00+00:00
[2024-11-16T05:32:50.028+0000] {processor.py:208} INFO - Processing /home/airflow/.local/lib/python3.12/site-packages/airflow/example_dags/example_xcom.py took 0.067 seconds
[2024-11-16T05:33:20.443+0000] {processor.py:186} INFO - Started process (PID=560) to work on /home/airflow/.local/lib/python3.12/site-packages/airflow/example_dags/example_xcom.py
[2024-11-16T05:33:20.444+0000] {processor.py:914} INFO - Processing file /home/airflow/.local/lib/python3.12/site-packages/airflow/example_dags/example_xcom.py for tasks to queue
[2024-11-16T05:33:20.447+0000] {logging_mixin.py:190} INFO - [2024-11-16T05:33:20.447+0000] {dagbag.py:588} INFO - Filling up the DagBag from /home/airflow/.local/lib/python3.12/site-packages/airflow/example_dags/example_xcom.py
[2024-11-16T05:33:20.456+0000] {processor.py:925} INFO - DAG(s) 'example_xcom' retrieved from /home/airflow/.local/lib/python3.12/site-packages/airflow/example_dags/example_xcom.py
[2024-11-16T05:33:20.476+0000] {logging_mixin.py:190} INFO - [2024-11-16T05:33:20.476+0000] {dag.py:3239} INFO - Sync 1 DAGs
[2024-11-16T05:33:20.502+0000] {logging_mixin.py:190} INFO - [2024-11-16T05:33:20.502+0000] {dag.py:4180} INFO - Setting next_dagrun for example_xcom to 2021-01-01 00:00:00+00:00, run_after=2021-01-01 00:00:00+00:00
[2024-11-16T05:33:20.532+0000] {processor.py:208} INFO - Processing /home/airflow/.local/lib/python3.12/site-packages/airflow/example_dags/example_xcom.py took 0.096 seconds
[2024-11-16T05:33:50.602+0000] {processor.py:186} INFO - Started process (PID=628) to work on /home/airflow/.local/lib/python3.12/site-packages/airflow/example_dags/example_xcom.py
[2024-11-16T05:33:50.602+0000] {processor.py:914} INFO - Processing file /home/airflow/.local/lib/python3.12/site-packages/airflow/example_dags/example_xcom.py for tasks to queue
[2024-11-16T05:33:50.604+0000] {logging_mixin.py:190} INFO - [2024-11-16T05:33:50.603+0000] {dagbag.py:588} INFO - Filling up the DagBag from /home/airflow/.local/lib/python3.12/site-packages/airflow/example_dags/example_xcom.py
[2024-11-16T05:33:50.610+0000] {processor.py:925} INFO - DAG(s) 'example_xcom' retrieved from /home/airflow/.local/lib/python3.12/site-packages/airflow/example_dags/example_xcom.py
[2024-11-16T05:33:50.623+0000] {logging_mixin.py:190} INFO - [2024-11-16T05:33:50.623+0000] {dag.py:3239} INFO - Sync 1 DAGs
[2024-11-16T05:33:50.638+0000] {logging_mixin.py:190} INFO - [2024-11-16T05:33:50.638+0000] {dag.py:4180} INFO - Setting next_dagrun for example_xcom to 2021-01-01 00:00:00+00:00, run_after=2021-01-01 00:00:00+00:00
[2024-11-16T05:33:50.655+0000] {processor.py:208} INFO - Processing /home/airflow/.local/lib/python3.12/site-packages/airflow/example_dags/example_xcom.py took 0.057 seconds
[2024-11-16T05:34:20.745+0000] {processor.py:186} INFO - Started process (PID=696) to work on /home/airflow/.local/lib/python3.12/site-packages/airflow/example_dags/example_xcom.py
[2024-11-16T05:34:20.745+0000] {processor.py:914} INFO - Processing file /home/airflow/.local/lib/python3.12/site-packages/airflow/example_dags/example_xcom.py for tasks to queue
[2024-11-16T05:34:20.747+0000] {logging_mixin.py:190} INFO - [2024-11-16T05:34:20.747+0000] {dagbag.py:588} INFO - Filling up the DagBag from /home/airflow/.local/lib/python3.12/site-packages/airflow/example_dags/example_xcom.py
[2024-11-16T05:34:20.754+0000] {processor.py:925} INFO - DAG(s) 'example_xcom' retrieved from /home/airflow/.local/lib/python3.12/site-packages/airflow/example_dags/example_xcom.py
[2024-11-16T05:34:20.769+0000] {logging_mixin.py:190} INFO - [2024-11-16T05:34:20.768+0000] {dag.py:3239} INFO - Sync 1 DAGs
[2024-11-16T05:34:20.785+0000] {logging_mixin.py:190} INFO - [2024-11-16T05:34:20.784+0000] {dag.py:4180} INFO - Setting next_dagrun for example_xcom to 2021-01-01 00:00:00+00:00, run_after=2021-01-01 00:00:00+00:00
[2024-11-16T05:34:20.800+0000] {processor.py:208} INFO - Processing /home/airflow/.local/lib/python3.12/site-packages/airflow/example_dags/example_xcom.py took 0.059 seconds
[2024-11-16T05:34:51.273+0000] {processor.py:186} INFO - Started process (PID=764) to work on /home/airflow/.local/lib/python3.12/site-packages/airflow/example_dags/example_xcom.py
[2024-11-16T05:34:51.274+0000] {processor.py:914} INFO - Processing file /home/airflow/.local/lib/python3.12/site-packages/airflow/example_dags/example_xcom.py for tasks to queue
[2024-11-16T05:34:51.276+0000] {logging_mixin.py:190} INFO - [2024-11-16T05:34:51.276+0000] {dagbag.py:588} INFO - Filling up the DagBag from /home/airflow/.local/lib/python3.12/site-packages/airflow/example_dags/example_xcom.py
[2024-11-16T05:34:51.284+0000] {processor.py:925} INFO - DAG(s) 'example_xcom' retrieved from /home/airflow/.local/lib/python3.12/site-packages/airflow/example_dags/example_xcom.py
[2024-11-16T05:34:51.299+0000] {logging_mixin.py:190} INFO - [2024-11-16T05:34:51.299+0000] {dag.py:3239} INFO - Sync 1 DAGs
[2024-11-16T05:34:51.324+0000] {logging_mixin.py:190} INFO - [2024-11-16T05:34:51.324+0000] {dag.py:4180} INFO - Setting next_dagrun for example_xcom to 2021-01-01 00:00:00+00:00, run_after=2021-01-01 00:00:00+00:00
[2024-11-16T05:34:51.341+0000] {processor.py:208} INFO - Processing /home/airflow/.local/lib/python3.12/site-packages/airflow/example_dags/example_xcom.py took 0.073 seconds
[2024-11-16T05:35:21.463+0000] {processor.py:186} INFO - Started process (PID=832) to work on /home/airflow/.local/lib/python3.12/site-packages/airflow/example_dags/example_xcom.py
[2024-11-16T05:35:21.464+0000] {processor.py:914} INFO - Processing file /home/airflow/.local/lib/python3.12/site-packages/airflow/example_dags/example_xcom.py for tasks to queue
[2024-11-16T05:35:21.466+0000] {logging_mixin.py:190} INFO - [2024-11-16T05:35:21.465+0000] {dagbag.py:588} INFO - Filling up the DagBag from /home/airflow/.local/lib/python3.12/site-packages/airflow/example_dags/example_xcom.py
[2024-11-16T05:35:21.472+0000] {processor.py:925} INFO - DAG(s) 'example_xcom' retrieved from /home/airflow/.local/lib/python3.12/site-packages/airflow/example_dags/example_xcom.py
[2024-11-16T05:35:21.488+0000] {logging_mixin.py:190} INFO - [2024-11-16T05:35:21.488+0000] {dag.py:3239} INFO - Sync 1 DAGs
[2024-11-16T05:35:21.505+0000] {logging_mixin.py:190} INFO - [2024-11-16T05:35:21.505+0000] {dag.py:4180} INFO - Setting next_dagrun for example_xcom to 2021-01-01 00:00:00+00:00, run_after=2021-01-01 00:00:00+00:00
[2024-11-16T05:35:21.524+0000] {processor.py:208} INFO - Processing /home/airflow/.local/lib/python3.12/site-packages/airflow/example_dags/example_xcom.py took 0.065 seconds
[2024-11-16T05:35:52.535+0000] {processor.py:186} INFO - Started process (PID=900) to work on /home/airflow/.local/lib/python3.12/site-packages/airflow/example_dags/example_xcom.py
[2024-11-16T05:35:52.537+0000] {processor.py:914} INFO - Processing file /home/airflow/.local/lib/python3.12/site-packages/airflow/example_dags/example_xcom.py for tasks to queue
[2024-11-16T05:35:52.539+0000] {logging_mixin.py:190} INFO - [2024-11-16T05:35:52.539+0000] {dagbag.py:588} INFO - Filling up the DagBag from /home/airflow/.local/lib/python3.12/site-packages/airflow/example_dags/example_xcom.py
[2024-11-16T05:35:52.545+0000] {processor.py:925} INFO - DAG(s) 'example_xcom' retrieved from /home/airflow/.local/lib/python3.12/site-packages/airflow/example_dags/example_xcom.py
[2024-11-16T05:35:52.560+0000] {logging_mixin.py:190} INFO - [2024-11-16T05:35:52.560+0000] {dag.py:3239} INFO - Sync 1 DAGs
[2024-11-16T05:35:52.578+0000] {logging_mixin.py:190} INFO - [2024-11-16T05:35:52.577+0000] {dag.py:4180} INFO - Setting next_dagrun for example_xcom to 2021-01-01 00:00:00+00:00, run_after=2021-01-01 00:00:00+00:00
[2024-11-16T05:35:52.594+0000] {processor.py:208} INFO - Processing /home/airflow/.local/lib/python3.12/site-packages/airflow/example_dags/example_xcom.py took 0.065 seconds
[2024-11-16T05:36:22.656+0000] {processor.py:186} INFO - Started process (PID=968) to work on /home/airflow/.local/lib/python3.12/site-packages/airflow/example_dags/example_xcom.py
[2024-11-16T05:36:22.656+0000] {processor.py:914} INFO - Processing file /home/airflow/.local/lib/python3.12/site-packages/airflow/example_dags/example_xcom.py for tasks to queue
[2024-11-16T05:36:22.658+0000] {logging_mixin.py:190} INFO - [2024-11-16T05:36:22.658+0000] {dagbag.py:588} INFO - Filling up the DagBag from /home/airflow/.local/lib/python3.12/site-packages/airflow/example_dags/example_xcom.py
[2024-11-16T05:36:22.667+0000] {processor.py:925} INFO - DAG(s) 'example_xcom' retrieved from /home/airflow/.local/lib/python3.12/site-packages/airflow/example_dags/example_xcom.py
[2024-11-16T05:36:22.689+0000] {logging_mixin.py:190} INFO - [2024-11-16T05:36:22.689+0000] {dag.py:3239} INFO - Sync 1 DAGs
[2024-11-16T05:36:22.709+0000] {logging_mixin.py:190} INFO - [2024-11-16T05:36:22.709+0000] {dag.py:4180} INFO - Setting next_dagrun for example_xcom to 2021-01-01 00:00:00+00:00, run_after=2021-01-01 00:00:00+00:00
[2024-11-16T05:36:22.726+0000] {processor.py:208} INFO - Processing /home/airflow/.local/lib/python3.12/site-packages/airflow/example_dags/example_xcom.py took 0.075 seconds
[2024-11-16T05:36:53.483+0000] {processor.py:186} INFO - Started process (PID=1036) to work on /home/airflow/.local/lib/python3.12/site-packages/airflow/example_dags/example_xcom.py
[2024-11-16T05:36:53.484+0000] {processor.py:914} INFO - Processing file /home/airflow/.local/lib/python3.12/site-packages/airflow/example_dags/example_xcom.py for tasks to queue
[2024-11-16T05:36:53.487+0000] {logging_mixin.py:190} INFO - [2024-11-16T05:36:53.486+0000] {dagbag.py:588} INFO - Filling up the DagBag from /home/airflow/.local/lib/python3.12/site-packages/airflow/example_dags/example_xcom.py
[2024-11-16T05:36:53.494+0000] {processor.py:925} INFO - DAG(s) 'example_xcom' retrieved from /home/airflow/.local/lib/python3.12/site-packages/airflow/example_dags/example_xcom.py
[2024-11-16T05:36:53.512+0000] {logging_mixin.py:190} INFO - [2024-11-16T05:36:53.512+0000] {dag.py:3239} INFO - Sync 1 DAGs
[2024-11-16T05:36:53.558+0000] {logging_mixin.py:190} INFO - [2024-11-16T05:36:53.558+0000] {dag.py:4180} INFO - Setting next_dagrun for example_xcom to 2021-01-01 00:00:00+00:00, run_after=2021-01-01 00:00:00+00:00
[2024-11-16T05:36:53.620+0000] {processor.py:208} INFO - Processing /home/airflow/.local/lib/python3.12/site-packages/airflow/example_dags/example_xcom.py took 0.144 seconds
[2024-11-16T05:37:23.774+0000] {processor.py:186} INFO - Started process (PID=1104) to work on /home/airflow/.local/lib/python3.12/site-packages/airflow/example_dags/example_xcom.py
[2024-11-16T05:37:23.775+0000] {processor.py:914} INFO - Processing file /home/airflow/.local/lib/python3.12/site-packages/airflow/example_dags/example_xcom.py for tasks to queue
[2024-11-16T05:37:23.777+0000] {logging_mixin.py:190} INFO - [2024-11-16T05:37:23.777+0000] {dagbag.py:588} INFO - Filling up the DagBag from /home/airflow/.local/lib/python3.12/site-packages/airflow/example_dags/example_xcom.py
[2024-11-16T05:37:23.786+0000] {processor.py:925} INFO - DAG(s) 'example_xcom' retrieved from /home/airflow/.local/lib/python3.12/site-packages/airflow/example_dags/example_xcom.py
[2024-11-16T05:37:23.803+0000] {logging_mixin.py:190} INFO - [2024-11-16T05:37:23.802+0000] {dag.py:3239} INFO - Sync 1 DAGs
[2024-11-16T05:37:23.824+0000] {logging_mixin.py:190} INFO - [2024-11-16T05:37:23.824+0000] {dag.py:4180} INFO - Setting next_dagrun for example_xcom to 2021-01-01 00:00:00+00:00, run_after=2021-01-01 00:00:00+00:00
[2024-11-16T05:37:23.842+0000] {processor.py:208} INFO - Processing /home/airflow/.local/lib/python3.12/site-packages/airflow/example_dags/example_xcom.py took 0.073 seconds
[2024-11-16T05:37:54.095+0000] {processor.py:186} INFO - Started process (PID=1172) to work on /home/airflow/.local/lib/python3.12/site-packages/airflow/example_dags/example_xcom.py
[2024-11-16T05:37:54.096+0000] {processor.py:914} INFO - Processing file /home/airflow/.local/lib/python3.12/site-packages/airflow/example_dags/example_xcom.py for tasks to queue
[2024-11-16T05:37:54.098+0000] {logging_mixin.py:190} INFO - [2024-11-16T05:37:54.098+0000] {dagbag.py:588} INFO - Filling up the DagBag from /home/airflow/.local/lib/python3.12/site-packages/airflow/example_dags/example_xcom.py
[2024-11-16T05:37:54.110+0000] {processor.py:925} INFO - DAG(s) 'example_xcom' retrieved from /home/airflow/.local/lib/python3.12/site-packages/airflow/example_dags/example_xcom.py
[2024-11-16T05:37:54.132+0000] {logging_mixin.py:190} INFO - [2024-11-16T05:37:54.132+0000] {dag.py:3239} INFO - Sync 1 DAGs
[2024-11-16T05:37:54.156+0000] {logging_mixin.py:190} INFO - [2024-11-16T05:37:54.156+0000] {dag.py:4180} INFO - Setting next_dagrun for example_xcom to 2021-01-01 00:00:00+00:00, run_after=2021-01-01 00:00:00+00:00
[2024-11-16T05:37:54.178+0000] {processor.py:208} INFO - Processing /home/airflow/.local/lib/python3.12/site-packages/airflow/example_dags/example_xcom.py took 0.088 seconds
[2024-11-16T05:38:25.013+0000] {processor.py:186} INFO - Started process (PID=1240) to work on /home/airflow/.local/lib/python3.12/site-packages/airflow/example_dags/example_xcom.py
[2024-11-16T05:38:25.013+0000] {processor.py:914} INFO - Processing file /home/airflow/.local/lib/python3.12/site-packages/airflow/example_dags/example_xcom.py for tasks to queue
[2024-11-16T05:38:25.015+0000] {logging_mixin.py:190} INFO - [2024-11-16T05:38:25.015+0000] {dagbag.py:588} INFO - Filling up the DagBag from /home/airflow/.local/lib/python3.12/site-packages/airflow/example_dags/example_xcom.py
[2024-11-16T05:38:25.021+0000] {processor.py:925} INFO - DAG(s) 'example_xcom' retrieved from /home/airflow/.local/lib/python3.12/site-packages/airflow/example_dags/example_xcom.py
[2024-11-16T05:38:25.034+0000] {logging_mixin.py:190} INFO - [2024-11-16T05:38:25.034+0000] {dag.py:3239} INFO - Sync 1 DAGs
[2024-11-16T05:38:25.050+0000] {logging_mixin.py:190} INFO - [2024-11-16T05:38:25.050+0000] {dag.py:4180} INFO - Setting next_dagrun for example_xcom to 2021-01-01 00:00:00+00:00, run_after=2021-01-01 00:00:00+00:00
[2024-11-16T05:38:25.068+0000] {processor.py:208} INFO - Processing /home/airflow/.local/lib/python3.12/site-packages/airflow/example_dags/example_xcom.py took 0.059 seconds
[2024-11-16T05:38:55.179+0000] {processor.py:186} INFO - Started process (PID=1308) to work on /home/airflow/.local/lib/python3.12/site-packages/airflow/example_dags/example_xcom.py
[2024-11-16T05:38:55.180+0000] {processor.py:914} INFO - Processing file /home/airflow/.local/lib/python3.12/site-packages/airflow/example_dags/example_xcom.py for tasks to queue
[2024-11-16T05:38:55.181+0000] {logging_mixin.py:190} INFO - [2024-11-16T05:38:55.181+0000] {dagbag.py:588} INFO - Filling up the DagBag from /home/airflow/.local/lib/python3.12/site-packages/airflow/example_dags/example_xcom.py
[2024-11-16T05:38:55.187+0000] {processor.py:925} INFO - DAG(s) 'example_xcom' retrieved from /home/airflow/.local/lib/python3.12/site-packages/airflow/example_dags/example_xcom.py
[2024-11-16T05:38:55.203+0000] {logging_mixin.py:190} INFO - [2024-11-16T05:38:55.203+0000] {dag.py:3239} INFO - Sync 1 DAGs
[2024-11-16T05:38:55.222+0000] {logging_mixin.py:190} INFO - [2024-11-16T05:38:55.222+0000] {dag.py:4180} INFO - Setting next_dagrun for example_xcom to 2021-01-01 00:00:00+00:00, run_after=2021-01-01 00:00:00+00:00
[2024-11-16T05:38:55.239+0000] {processor.py:208} INFO - Processing /home/airflow/.local/lib/python3.12/site-packages/airflow/example_dags/example_xcom.py took 0.064 seconds
[2024-11-16T05:45:57.888+0000] {processor.py:186} INFO - Started process (PID=72) to work on /home/airflow/.local/lib/python3.12/site-packages/airflow/example_dags/example_xcom.py
[2024-11-16T05:45:57.891+0000] {processor.py:914} INFO - Processing file /home/airflow/.local/lib/python3.12/site-packages/airflow/example_dags/example_xcom.py for tasks to queue
[2024-11-16T05:45:57.894+0000] {logging_mixin.py:190} INFO - [2024-11-16T05:45:57.894+0000] {dagbag.py:588} INFO - Filling up the DagBag from /home/airflow/.local/lib/python3.12/site-packages/airflow/example_dags/example_xcom.py
[2024-11-16T05:45:57.906+0000] {processor.py:925} INFO - DAG(s) 'example_xcom' retrieved from /home/airflow/.local/lib/python3.12/site-packages/airflow/example_dags/example_xcom.py
[2024-11-16T05:45:57.931+0000] {logging_mixin.py:190} INFO - [2024-11-16T05:45:57.931+0000] {dag.py:3239} INFO - Sync 1 DAGs
[2024-11-16T05:45:57.957+0000] {logging_mixin.py:190} INFO - [2024-11-16T05:45:57.957+0000] {dag.py:4180} INFO - Setting next_dagrun for example_xcom to 2021-01-01 00:00:00+00:00, run_after=2021-01-01 00:00:00+00:00
[2024-11-16T05:45:57.990+0000] {processor.py:208} INFO - Processing /home/airflow/.local/lib/python3.12/site-packages/airflow/example_dags/example_xcom.py took 0.108 seconds
[2024-11-16T05:46:28.511+0000] {processor.py:186} INFO - Started process (PID=139) to work on /home/airflow/.local/lib/python3.12/site-packages/airflow/example_dags/example_xcom.py
[2024-11-16T05:46:28.512+0000] {processor.py:914} INFO - Processing file /home/airflow/.local/lib/python3.12/site-packages/airflow/example_dags/example_xcom.py for tasks to queue
[2024-11-16T05:46:28.513+0000] {logging_mixin.py:190} INFO - [2024-11-16T05:46:28.513+0000] {dagbag.py:588} INFO - Filling up the DagBag from /home/airflow/.local/lib/python3.12/site-packages/airflow/example_dags/example_xcom.py
[2024-11-16T05:46:28.520+0000] {processor.py:925} INFO - DAG(s) 'example_xcom' retrieved from /home/airflow/.local/lib/python3.12/site-packages/airflow/example_dags/example_xcom.py
[2024-11-16T05:46:28.537+0000] {logging_mixin.py:190} INFO - [2024-11-16T05:46:28.536+0000] {dag.py:3239} INFO - Sync 1 DAGs
[2024-11-16T05:46:28.556+0000] {logging_mixin.py:190} INFO - [2024-11-16T05:46:28.556+0000] {dag.py:4180} INFO - Setting next_dagrun for example_xcom to 2021-01-01 00:00:00+00:00, run_after=2021-01-01 00:00:00+00:00
[2024-11-16T05:46:28.572+0000] {processor.py:208} INFO - Processing /home/airflow/.local/lib/python3.12/site-packages/airflow/example_dags/example_xcom.py took 0.065 seconds
[2024-11-16T05:46:58.804+0000] {processor.py:186} INFO - Started process (PID=207) to work on /home/airflow/.local/lib/python3.12/site-packages/airflow/example_dags/example_xcom.py
[2024-11-16T05:46:58.806+0000] {processor.py:914} INFO - Processing file /home/airflow/.local/lib/python3.12/site-packages/airflow/example_dags/example_xcom.py for tasks to queue
[2024-11-16T05:46:58.809+0000] {logging_mixin.py:190} INFO - [2024-11-16T05:46:58.809+0000] {dagbag.py:588} INFO - Filling up the DagBag from /home/airflow/.local/lib/python3.12/site-packages/airflow/example_dags/example_xcom.py
[2024-11-16T05:46:58.818+0000] {processor.py:925} INFO - DAG(s) 'example_xcom' retrieved from /home/airflow/.local/lib/python3.12/site-packages/airflow/example_dags/example_xcom.py
[2024-11-16T05:46:58.843+0000] {logging_mixin.py:190} INFO - [2024-11-16T05:46:58.843+0000] {dag.py:3239} INFO - Sync 1 DAGs
[2024-11-16T05:46:58.865+0000] {logging_mixin.py:190} INFO - [2024-11-16T05:46:58.865+0000] {dag.py:4180} INFO - Setting next_dagrun for example_xcom to 2021-01-01 00:00:00+00:00, run_after=2021-01-01 00:00:00+00:00
[2024-11-16T05:46:58.885+0000] {processor.py:208} INFO - Processing /home/airflow/.local/lib/python3.12/site-packages/airflow/example_dags/example_xcom.py took 0.089 seconds
[2024-11-16T05:47:29.233+0000] {processor.py:186} INFO - Started process (PID=275) to work on /home/airflow/.local/lib/python3.12/site-packages/airflow/example_dags/example_xcom.py
[2024-11-16T05:47:29.234+0000] {processor.py:914} INFO - Processing file /home/airflow/.local/lib/python3.12/site-packages/airflow/example_dags/example_xcom.py for tasks to queue
[2024-11-16T05:47:29.236+0000] {logging_mixin.py:190} INFO - [2024-11-16T05:47:29.236+0000] {dagbag.py:588} INFO - Filling up the DagBag from /home/airflow/.local/lib/python3.12/site-packages/airflow/example_dags/example_xcom.py
[2024-11-16T05:47:29.243+0000] {processor.py:925} INFO - DAG(s) 'example_xcom' retrieved from /home/airflow/.local/lib/python3.12/site-packages/airflow/example_dags/example_xcom.py
[2024-11-16T05:47:29.259+0000] {logging_mixin.py:190} INFO - [2024-11-16T05:47:29.259+0000] {dag.py:3239} INFO - Sync 1 DAGs
[2024-11-16T05:47:29.276+0000] {logging_mixin.py:190} INFO - [2024-11-16T05:47:29.276+0000] {dag.py:4180} INFO - Setting next_dagrun for example_xcom to 2021-01-01 00:00:00+00:00, run_after=2021-01-01 00:00:00+00:00
[2024-11-16T05:47:29.291+0000] {processor.py:208} INFO - Processing /home/airflow/.local/lib/python3.12/site-packages/airflow/example_dags/example_xcom.py took 0.063 seconds
[2024-11-16T05:47:59.345+0000] {processor.py:186} INFO - Started process (PID=343) to work on /home/airflow/.local/lib/python3.12/site-packages/airflow/example_dags/example_xcom.py
[2024-11-16T05:47:59.346+0000] {processor.py:914} INFO - Processing file /home/airflow/.local/lib/python3.12/site-packages/airflow/example_dags/example_xcom.py for tasks to queue
[2024-11-16T05:47:59.347+0000] {logging_mixin.py:190} INFO - [2024-11-16T05:47:59.347+0000] {dagbag.py:588} INFO - Filling up the DagBag from /home/airflow/.local/lib/python3.12/site-packages/airflow/example_dags/example_xcom.py
[2024-11-16T05:47:59.354+0000] {processor.py:925} INFO - DAG(s) 'example_xcom' retrieved from /home/airflow/.local/lib/python3.12/site-packages/airflow/example_dags/example_xcom.py
[2024-11-16T05:47:59.370+0000] {logging_mixin.py:190} INFO - [2024-11-16T05:47:59.369+0000] {dag.py:3239} INFO - Sync 1 DAGs
[2024-11-16T05:47:59.390+0000] {logging_mixin.py:190} INFO - [2024-11-16T05:47:59.390+0000] {dag.py:4180} INFO - Setting next_dagrun for example_xcom to 2021-01-01 00:00:00+00:00, run_after=2021-01-01 00:00:00+00:00
[2024-11-16T05:47:59.405+0000] {processor.py:208} INFO - Processing /home/airflow/.local/lib/python3.12/site-packages/airflow/example_dags/example_xcom.py took 0.064 seconds
[2024-11-16T05:48:30.153+0000] {processor.py:186} INFO - Started process (PID=411) to work on /home/airflow/.local/lib/python3.12/site-packages/airflow/example_dags/example_xcom.py
[2024-11-16T05:48:30.153+0000] {processor.py:914} INFO - Processing file /home/airflow/.local/lib/python3.12/site-packages/airflow/example_dags/example_xcom.py for tasks to queue
[2024-11-16T05:48:30.155+0000] {logging_mixin.py:190} INFO - [2024-11-16T05:48:30.155+0000] {dagbag.py:588} INFO - Filling up the DagBag from /home/airflow/.local/lib/python3.12/site-packages/airflow/example_dags/example_xcom.py
[2024-11-16T05:48:30.164+0000] {processor.py:925} INFO - DAG(s) 'example_xcom' retrieved from /home/airflow/.local/lib/python3.12/site-packages/airflow/example_dags/example_xcom.py
[2024-11-16T05:48:30.185+0000] {logging_mixin.py:190} INFO - [2024-11-16T05:48:30.185+0000] {dag.py:3239} INFO - Sync 1 DAGs
[2024-11-16T05:48:30.207+0000] {logging_mixin.py:190} INFO - [2024-11-16T05:48:30.207+0000] {dag.py:4180} INFO - Setting next_dagrun for example_xcom to 2021-01-01 00:00:00+00:00, run_after=2021-01-01 00:00:00+00:00
[2024-11-16T05:48:30.224+0000] {processor.py:208} INFO - Processing /home/airflow/.local/lib/python3.12/site-packages/airflow/example_dags/example_xcom.py took 0.077 seconds
[2024-11-16T05:49:00.859+0000] {processor.py:186} INFO - Started process (PID=479) to work on /home/airflow/.local/lib/python3.12/site-packages/airflow/example_dags/example_xcom.py
[2024-11-16T05:49:00.860+0000] {processor.py:914} INFO - Processing file /home/airflow/.local/lib/python3.12/site-packages/airflow/example_dags/example_xcom.py for tasks to queue
[2024-11-16T05:49:00.862+0000] {logging_mixin.py:190} INFO - [2024-11-16T05:49:00.862+0000] {dagbag.py:588} INFO - Filling up the DagBag from /home/airflow/.local/lib/python3.12/site-packages/airflow/example_dags/example_xcom.py
[2024-11-16T05:49:00.870+0000] {processor.py:925} INFO - DAG(s) 'example_xcom' retrieved from /home/airflow/.local/lib/python3.12/site-packages/airflow/example_dags/example_xcom.py
[2024-11-16T05:49:00.891+0000] {logging_mixin.py:190} INFO - [2024-11-16T05:49:00.891+0000] {dag.py:3239} INFO - Sync 1 DAGs
[2024-11-16T05:49:00.913+0000] {logging_mixin.py:190} INFO - [2024-11-16T05:49:00.913+0000] {dag.py:4180} INFO - Setting next_dagrun for example_xcom to 2021-01-01 00:00:00+00:00, run_after=2021-01-01 00:00:00+00:00
[2024-11-16T05:49:00.931+0000] {processor.py:208} INFO - Processing /home/airflow/.local/lib/python3.12/site-packages/airflow/example_dags/example_xcom.py took 0.082 seconds
[2024-11-16T05:49:31.822+0000] {processor.py:186} INFO - Started process (PID=547) to work on /home/airflow/.local/lib/python3.12/site-packages/airflow/example_dags/example_xcom.py
[2024-11-16T05:49:31.822+0000] {processor.py:914} INFO - Processing file /home/airflow/.local/lib/python3.12/site-packages/airflow/example_dags/example_xcom.py for tasks to queue
[2024-11-16T05:49:31.824+0000] {logging_mixin.py:190} INFO - [2024-11-16T05:49:31.824+0000] {dagbag.py:588} INFO - Filling up the DagBag from /home/airflow/.local/lib/python3.12/site-packages/airflow/example_dags/example_xcom.py
[2024-11-16T05:49:31.830+0000] {processor.py:925} INFO - DAG(s) 'example_xcom' retrieved from /home/airflow/.local/lib/python3.12/site-packages/airflow/example_dags/example_xcom.py
[2024-11-16T05:49:31.845+0000] {logging_mixin.py:190} INFO - [2024-11-16T05:49:31.845+0000] {dag.py:3239} INFO - Sync 1 DAGs
[2024-11-16T05:49:31.860+0000] {logging_mixin.py:190} INFO - [2024-11-16T05:49:31.860+0000] {dag.py:4180} INFO - Setting next_dagrun for example_xcom to 2021-01-01 00:00:00+00:00, run_after=2021-01-01 00:00:00+00:00
[2024-11-16T05:49:31.873+0000] {processor.py:208} INFO - Processing /home/airflow/.local/lib/python3.12/site-packages/airflow/example_dags/example_xcom.py took 0.055 seconds
[2024-11-16T05:50:47.096+0000] {processor.py:186} INFO - Started process (PID=72) to work on /home/airflow/.local/lib/python3.12/site-packages/airflow/example_dags/example_xcom.py
[2024-11-16T05:50:47.097+0000] {processor.py:914} INFO - Processing file /home/airflow/.local/lib/python3.12/site-packages/airflow/example_dags/example_xcom.py for tasks to queue
[2024-11-16T05:50:47.100+0000] {logging_mixin.py:190} INFO - [2024-11-16T05:50:47.100+0000] {dagbag.py:588} INFO - Filling up the DagBag from /home/airflow/.local/lib/python3.12/site-packages/airflow/example_dags/example_xcom.py
[2024-11-16T05:50:47.113+0000] {processor.py:925} INFO - DAG(s) 'example_xcom' retrieved from /home/airflow/.local/lib/python3.12/site-packages/airflow/example_dags/example_xcom.py
[2024-11-16T05:50:47.144+0000] {logging_mixin.py:190} INFO - [2024-11-16T05:50:47.144+0000] {dag.py:3239} INFO - Sync 1 DAGs
[2024-11-16T05:50:47.182+0000] {logging_mixin.py:190} INFO - [2024-11-16T05:50:47.181+0000] {dag.py:4180} INFO - Setting next_dagrun for example_xcom to 2021-01-01 00:00:00+00:00, run_after=2021-01-01 00:00:00+00:00
[2024-11-16T05:50:47.210+0000] {processor.py:208} INFO - Processing /home/airflow/.local/lib/python3.12/site-packages/airflow/example_dags/example_xcom.py took 0.121 seconds
[2024-11-16T05:51:17.330+0000] {processor.py:186} INFO - Started process (PID=140) to work on /home/airflow/.local/lib/python3.12/site-packages/airflow/example_dags/example_xcom.py
[2024-11-16T05:51:17.331+0000] {processor.py:914} INFO - Processing file /home/airflow/.local/lib/python3.12/site-packages/airflow/example_dags/example_xcom.py for tasks to queue
[2024-11-16T05:51:17.332+0000] {logging_mixin.py:190} INFO - [2024-11-16T05:51:17.332+0000] {dagbag.py:588} INFO - Filling up the DagBag from /home/airflow/.local/lib/python3.12/site-packages/airflow/example_dags/example_xcom.py
[2024-11-16T05:51:17.338+0000] {processor.py:925} INFO - DAG(s) 'example_xcom' retrieved from /home/airflow/.local/lib/python3.12/site-packages/airflow/example_dags/example_xcom.py
[2024-11-16T05:51:17.351+0000] {logging_mixin.py:190} INFO - [2024-11-16T05:51:17.351+0000] {dag.py:3239} INFO - Sync 1 DAGs
[2024-11-16T05:51:17.368+0000] {logging_mixin.py:190} INFO - [2024-11-16T05:51:17.367+0000] {dag.py:4180} INFO - Setting next_dagrun for example_xcom to 2021-01-01 00:00:00+00:00, run_after=2021-01-01 00:00:00+00:00
[2024-11-16T05:51:17.384+0000] {processor.py:208} INFO - Processing /home/airflow/.local/lib/python3.12/site-packages/airflow/example_dags/example_xcom.py took 0.058 seconds
[2024-11-16T05:51:47.657+0000] {processor.py:186} INFO - Started process (PID=214) to work on /home/airflow/.local/lib/python3.12/site-packages/airflow/example_dags/example_xcom.py
[2024-11-16T05:51:47.658+0000] {processor.py:914} INFO - Processing file /home/airflow/.local/lib/python3.12/site-packages/airflow/example_dags/example_xcom.py for tasks to queue
[2024-11-16T05:51:47.660+0000] {logging_mixin.py:190} INFO - [2024-11-16T05:51:47.660+0000] {dagbag.py:588} INFO - Filling up the DagBag from /home/airflow/.local/lib/python3.12/site-packages/airflow/example_dags/example_xcom.py
[2024-11-16T05:51:47.668+0000] {processor.py:925} INFO - DAG(s) 'example_xcom' retrieved from /home/airflow/.local/lib/python3.12/site-packages/airflow/example_dags/example_xcom.py
[2024-11-16T05:51:47.685+0000] {logging_mixin.py:190} INFO - [2024-11-16T05:51:47.685+0000] {dag.py:3239} INFO - Sync 1 DAGs
[2024-11-16T05:51:47.709+0000] {logging_mixin.py:190} INFO - [2024-11-16T05:51:47.709+0000] {dag.py:4180} INFO - Setting next_dagrun for example_xcom to 2021-01-01 00:00:00+00:00, run_after=2021-01-01 00:00:00+00:00
[2024-11-16T05:51:47.734+0000] {processor.py:208} INFO - Processing /home/airflow/.local/lib/python3.12/site-packages/airflow/example_dags/example_xcom.py took 0.082 seconds
[2024-11-16T05:52:18.013+0000] {processor.py:186} INFO - Started process (PID=282) to work on /home/airflow/.local/lib/python3.12/site-packages/airflow/example_dags/example_xcom.py
[2024-11-16T05:52:18.014+0000] {processor.py:914} INFO - Processing file /home/airflow/.local/lib/python3.12/site-packages/airflow/example_dags/example_xcom.py for tasks to queue
[2024-11-16T05:52:18.015+0000] {logging_mixin.py:190} INFO - [2024-11-16T05:52:18.015+0000] {dagbag.py:588} INFO - Filling up the DagBag from /home/airflow/.local/lib/python3.12/site-packages/airflow/example_dags/example_xcom.py
[2024-11-16T05:52:18.021+0000] {processor.py:925} INFO - DAG(s) 'example_xcom' retrieved from /home/airflow/.local/lib/python3.12/site-packages/airflow/example_dags/example_xcom.py
[2024-11-16T05:52:18.035+0000] {logging_mixin.py:190} INFO - [2024-11-16T05:52:18.035+0000] {dag.py:3239} INFO - Sync 1 DAGs
[2024-11-16T05:52:18.051+0000] {logging_mixin.py:190} INFO - [2024-11-16T05:52:18.051+0000] {dag.py:4180} INFO - Setting next_dagrun for example_xcom to 2021-01-01 00:00:00+00:00, run_after=2021-01-01 00:00:00+00:00
[2024-11-16T05:52:18.065+0000] {processor.py:208} INFO - Processing /home/airflow/.local/lib/python3.12/site-packages/airflow/example_dags/example_xcom.py took 0.058 seconds
[2024-11-16T05:52:48.377+0000] {processor.py:186} INFO - Started process (PID=350) to work on /home/airflow/.local/lib/python3.12/site-packages/airflow/example_dags/example_xcom.py
[2024-11-16T05:52:48.378+0000] {processor.py:914} INFO - Processing file /home/airflow/.local/lib/python3.12/site-packages/airflow/example_dags/example_xcom.py for tasks to queue
[2024-11-16T05:52:48.380+0000] {logging_mixin.py:190} INFO - [2024-11-16T05:52:48.380+0000] {dagbag.py:588} INFO - Filling up the DagBag from /home/airflow/.local/lib/python3.12/site-packages/airflow/example_dags/example_xcom.py
[2024-11-16T05:52:48.386+0000] {processor.py:925} INFO - DAG(s) 'example_xcom' retrieved from /home/airflow/.local/lib/python3.12/site-packages/airflow/example_dags/example_xcom.py
[2024-11-16T05:52:48.401+0000] {logging_mixin.py:190} INFO - [2024-11-16T05:52:48.401+0000] {dag.py:3239} INFO - Sync 1 DAGs
[2024-11-16T05:52:48.418+0000] {logging_mixin.py:190} INFO - [2024-11-16T05:52:48.418+0000] {dag.py:4180} INFO - Setting next_dagrun for example_xcom to 2021-01-01 00:00:00+00:00, run_after=2021-01-01 00:00:00+00:00
[2024-11-16T05:52:48.433+0000] {processor.py:208} INFO - Processing /home/airflow/.local/lib/python3.12/site-packages/airflow/example_dags/example_xcom.py took 0.061 seconds
[2024-11-16T05:53:18.793+0000] {processor.py:186} INFO - Started process (PID=418) to work on /home/airflow/.local/lib/python3.12/site-packages/airflow/example_dags/example_xcom.py
[2024-11-16T05:53:18.794+0000] {processor.py:914} INFO - Processing file /home/airflow/.local/lib/python3.12/site-packages/airflow/example_dags/example_xcom.py for tasks to queue
[2024-11-16T05:53:18.797+0000] {logging_mixin.py:190} INFO - [2024-11-16T05:53:18.796+0000] {dagbag.py:588} INFO - Filling up the DagBag from /home/airflow/.local/lib/python3.12/site-packages/airflow/example_dags/example_xcom.py
[2024-11-16T05:53:18.803+0000] {processor.py:925} INFO - DAG(s) 'example_xcom' retrieved from /home/airflow/.local/lib/python3.12/site-packages/airflow/example_dags/example_xcom.py
[2024-11-16T05:53:18.823+0000] {logging_mixin.py:190} INFO - [2024-11-16T05:53:18.823+0000] {dag.py:3239} INFO - Sync 1 DAGs
[2024-11-16T05:53:18.854+0000] {logging_mixin.py:190} INFO - [2024-11-16T05:53:18.853+0000] {dag.py:4180} INFO - Setting next_dagrun for example_xcom to 2021-01-01 00:00:00+00:00, run_after=2021-01-01 00:00:00+00:00
[2024-11-16T05:53:18.869+0000] {processor.py:208} INFO - Processing /home/airflow/.local/lib/python3.12/site-packages/airflow/example_dags/example_xcom.py took 0.080 seconds
[2024-11-16T05:53:49.429+0000] {processor.py:186} INFO - Started process (PID=486) to work on /home/airflow/.local/lib/python3.12/site-packages/airflow/example_dags/example_xcom.py
[2024-11-16T05:53:49.430+0000] {processor.py:914} INFO - Processing file /home/airflow/.local/lib/python3.12/site-packages/airflow/example_dags/example_xcom.py for tasks to queue
[2024-11-16T05:53:49.431+0000] {logging_mixin.py:190} INFO - [2024-11-16T05:53:49.431+0000] {dagbag.py:588} INFO - Filling up the DagBag from /home/airflow/.local/lib/python3.12/site-packages/airflow/example_dags/example_xcom.py
[2024-11-16T05:53:49.437+0000] {processor.py:925} INFO - DAG(s) 'example_xcom' retrieved from /home/airflow/.local/lib/python3.12/site-packages/airflow/example_dags/example_xcom.py
[2024-11-16T05:53:49.450+0000] {logging_mixin.py:190} INFO - [2024-11-16T05:53:49.450+0000] {dag.py:3239} INFO - Sync 1 DAGs
[2024-11-16T05:53:49.464+0000] {logging_mixin.py:190} INFO - [2024-11-16T05:53:49.464+0000] {dag.py:4180} INFO - Setting next_dagrun for example_xcom to 2021-01-01 00:00:00+00:00, run_after=2021-01-01 00:00:00+00:00
[2024-11-16T05:53:49.478+0000] {processor.py:208} INFO - Processing /home/airflow/.local/lib/python3.12/site-packages/airflow/example_dags/example_xcom.py took 0.053 seconds
[2024-11-16T05:54:19.712+0000] {processor.py:186} INFO - Started process (PID=554) to work on /home/airflow/.local/lib/python3.12/site-packages/airflow/example_dags/example_xcom.py
[2024-11-16T05:54:19.713+0000] {processor.py:914} INFO - Processing file /home/airflow/.local/lib/python3.12/site-packages/airflow/example_dags/example_xcom.py for tasks to queue
[2024-11-16T05:54:19.714+0000] {logging_mixin.py:190} INFO - [2024-11-16T05:54:19.714+0000] {dagbag.py:588} INFO - Filling up the DagBag from /home/airflow/.local/lib/python3.12/site-packages/airflow/example_dags/example_xcom.py
[2024-11-16T05:54:19.720+0000] {processor.py:925} INFO - DAG(s) 'example_xcom' retrieved from /home/airflow/.local/lib/python3.12/site-packages/airflow/example_dags/example_xcom.py
[2024-11-16T05:54:19.733+0000] {logging_mixin.py:190} INFO - [2024-11-16T05:54:19.733+0000] {dag.py:3239} INFO - Sync 1 DAGs
[2024-11-16T05:54:19.748+0000] {logging_mixin.py:190} INFO - [2024-11-16T05:54:19.747+0000] {dag.py:4180} INFO - Setting next_dagrun for example_xcom to 2021-01-01 00:00:00+00:00, run_after=2021-01-01 00:00:00+00:00
[2024-11-16T05:54:19.760+0000] {processor.py:208} INFO - Processing /home/airflow/.local/lib/python3.12/site-packages/airflow/example_dags/example_xcom.py took 0.052 seconds
[2024-11-16T05:54:49.993+0000] {processor.py:186} INFO - Started process (PID=622) to work on /home/airflow/.local/lib/python3.12/site-packages/airflow/example_dags/example_xcom.py
[2024-11-16T05:54:49.993+0000] {processor.py:914} INFO - Processing file /home/airflow/.local/lib/python3.12/site-packages/airflow/example_dags/example_xcom.py for tasks to queue
[2024-11-16T05:54:49.995+0000] {logging_mixin.py:190} INFO - [2024-11-16T05:54:49.995+0000] {dagbag.py:588} INFO - Filling up the DagBag from /home/airflow/.local/lib/python3.12/site-packages/airflow/example_dags/example_xcom.py
[2024-11-16T05:54:50.004+0000] {processor.py:925} INFO - DAG(s) 'example_xcom' retrieved from /home/airflow/.local/lib/python3.12/site-packages/airflow/example_dags/example_xcom.py
[2024-11-16T05:54:50.019+0000] {logging_mixin.py:190} INFO - [2024-11-16T05:54:50.019+0000] {dag.py:3239} INFO - Sync 1 DAGs
[2024-11-16T05:54:50.035+0000] {logging_mixin.py:190} INFO - [2024-11-16T05:54:50.035+0000] {dag.py:4180} INFO - Setting next_dagrun for example_xcom to 2021-01-01 00:00:00+00:00, run_after=2021-01-01 00:00:00+00:00
[2024-11-16T05:54:50.049+0000] {processor.py:208} INFO - Processing /home/airflow/.local/lib/python3.12/site-packages/airflow/example_dags/example_xcom.py took 0.060 seconds
[2024-11-16T05:55:20.556+0000] {processor.py:186} INFO - Started process (PID=690) to work on /home/airflow/.local/lib/python3.12/site-packages/airflow/example_dags/example_xcom.py
[2024-11-16T05:55:20.557+0000] {processor.py:914} INFO - Processing file /home/airflow/.local/lib/python3.12/site-packages/airflow/example_dags/example_xcom.py for tasks to queue
[2024-11-16T05:55:20.559+0000] {logging_mixin.py:190} INFO - [2024-11-16T05:55:20.559+0000] {dagbag.py:588} INFO - Filling up the DagBag from /home/airflow/.local/lib/python3.12/site-packages/airflow/example_dags/example_xcom.py
[2024-11-16T05:55:20.573+0000] {processor.py:925} INFO - DAG(s) 'example_xcom' retrieved from /home/airflow/.local/lib/python3.12/site-packages/airflow/example_dags/example_xcom.py
[2024-11-16T05:55:20.595+0000] {logging_mixin.py:190} INFO - [2024-11-16T05:55:20.594+0000] {dag.py:3239} INFO - Sync 1 DAGs
[2024-11-16T05:55:20.623+0000] {logging_mixin.py:190} INFO - [2024-11-16T05:55:20.623+0000] {dag.py:4180} INFO - Setting next_dagrun for example_xcom to 2021-01-01 00:00:00+00:00, run_after=2021-01-01 00:00:00+00:00
[2024-11-16T05:55:20.643+0000] {processor.py:208} INFO - Processing /home/airflow/.local/lib/python3.12/site-packages/airflow/example_dags/example_xcom.py took 0.098 seconds
[2024-11-16T05:55:50.962+0000] {processor.py:186} INFO - Started process (PID=758) to work on /home/airflow/.local/lib/python3.12/site-packages/airflow/example_dags/example_xcom.py
[2024-11-16T05:55:50.962+0000] {processor.py:914} INFO - Processing file /home/airflow/.local/lib/python3.12/site-packages/airflow/example_dags/example_xcom.py for tasks to queue
[2024-11-16T05:55:50.964+0000] {logging_mixin.py:190} INFO - [2024-11-16T05:55:50.963+0000] {dagbag.py:588} INFO - Filling up the DagBag from /home/airflow/.local/lib/python3.12/site-packages/airflow/example_dags/example_xcom.py
[2024-11-16T05:55:50.970+0000] {processor.py:925} INFO - DAG(s) 'example_xcom' retrieved from /home/airflow/.local/lib/python3.12/site-packages/airflow/example_dags/example_xcom.py
[2024-11-16T05:55:50.985+0000] {logging_mixin.py:190} INFO - [2024-11-16T05:55:50.984+0000] {dag.py:3239} INFO - Sync 1 DAGs
[2024-11-16T05:55:51.000+0000] {logging_mixin.py:190} INFO - [2024-11-16T05:55:51.000+0000] {dag.py:4180} INFO - Setting next_dagrun for example_xcom to 2021-01-01 00:00:00+00:00, run_after=2021-01-01 00:00:00+00:00
[2024-11-16T05:55:51.015+0000] {processor.py:208} INFO - Processing /home/airflow/.local/lib/python3.12/site-packages/airflow/example_dags/example_xcom.py took 0.057 seconds
[2024-11-16T05:56:21.331+0000] {processor.py:186} INFO - Started process (PID=826) to work on /home/airflow/.local/lib/python3.12/site-packages/airflow/example_dags/example_xcom.py
[2024-11-16T05:56:21.332+0000] {processor.py:914} INFO - Processing file /home/airflow/.local/lib/python3.12/site-packages/airflow/example_dags/example_xcom.py for tasks to queue
[2024-11-16T05:56:21.334+0000] {logging_mixin.py:190} INFO - [2024-11-16T05:56:21.334+0000] {dagbag.py:588} INFO - Filling up the DagBag from /home/airflow/.local/lib/python3.12/site-packages/airflow/example_dags/example_xcom.py
[2024-11-16T05:56:21.341+0000] {processor.py:925} INFO - DAG(s) 'example_xcom' retrieved from /home/airflow/.local/lib/python3.12/site-packages/airflow/example_dags/example_xcom.py
[2024-11-16T05:56:21.354+0000] {logging_mixin.py:190} INFO - [2024-11-16T05:56:21.354+0000] {dag.py:3239} INFO - Sync 1 DAGs
[2024-11-16T05:56:21.370+0000] {logging_mixin.py:190} INFO - [2024-11-16T05:56:21.370+0000] {dag.py:4180} INFO - Setting next_dagrun for example_xcom to 2021-01-01 00:00:00+00:00, run_after=2021-01-01 00:00:00+00:00
[2024-11-16T05:56:21.385+0000] {processor.py:208} INFO - Processing /home/airflow/.local/lib/python3.12/site-packages/airflow/example_dags/example_xcom.py took 0.058 seconds
[2024-11-16T05:56:51.583+0000] {processor.py:186} INFO - Started process (PID=894) to work on /home/airflow/.local/lib/python3.12/site-packages/airflow/example_dags/example_xcom.py
[2024-11-16T05:56:51.586+0000] {processor.py:914} INFO - Processing file /home/airflow/.local/lib/python3.12/site-packages/airflow/example_dags/example_xcom.py for tasks to queue
[2024-11-16T05:56:51.587+0000] {logging_mixin.py:190} INFO - [2024-11-16T05:56:51.587+0000] {dagbag.py:588} INFO - Filling up the DagBag from /home/airflow/.local/lib/python3.12/site-packages/airflow/example_dags/example_xcom.py
[2024-11-16T05:56:51.595+0000] {processor.py:925} INFO - DAG(s) 'example_xcom' retrieved from /home/airflow/.local/lib/python3.12/site-packages/airflow/example_dags/example_xcom.py
[2024-11-16T05:56:51.610+0000] {logging_mixin.py:190} INFO - [2024-11-16T05:56:51.609+0000] {dag.py:3239} INFO - Sync 1 DAGs
[2024-11-16T05:56:51.626+0000] {logging_mixin.py:190} INFO - [2024-11-16T05:56:51.626+0000] {dag.py:4180} INFO - Setting next_dagrun for example_xcom to 2021-01-01 00:00:00+00:00, run_after=2021-01-01 00:00:00+00:00
[2024-11-16T05:56:51.642+0000] {processor.py:208} INFO - Processing /home/airflow/.local/lib/python3.12/site-packages/airflow/example_dags/example_xcom.py took 0.063 seconds
[2024-11-16T05:57:22.148+0000] {processor.py:186} INFO - Started process (PID=962) to work on /home/airflow/.local/lib/python3.12/site-packages/airflow/example_dags/example_xcom.py
[2024-11-16T05:57:22.149+0000] {processor.py:914} INFO - Processing file /home/airflow/.local/lib/python3.12/site-packages/airflow/example_dags/example_xcom.py for tasks to queue
[2024-11-16T05:57:22.151+0000] {logging_mixin.py:190} INFO - [2024-11-16T05:57:22.150+0000] {dagbag.py:588} INFO - Filling up the DagBag from /home/airflow/.local/lib/python3.12/site-packages/airflow/example_dags/example_xcom.py
[2024-11-16T05:57:22.161+0000] {processor.py:925} INFO - DAG(s) 'example_xcom' retrieved from /home/airflow/.local/lib/python3.12/site-packages/airflow/example_dags/example_xcom.py
[2024-11-16T05:57:22.181+0000] {logging_mixin.py:190} INFO - [2024-11-16T05:57:22.181+0000] {dag.py:3239} INFO - Sync 1 DAGs
[2024-11-16T05:57:22.208+0000] {logging_mixin.py:190} INFO - [2024-11-16T05:57:22.207+0000] {dag.py:4180} INFO - Setting next_dagrun for example_xcom to 2021-01-01 00:00:00+00:00, run_after=2021-01-01 00:00:00+00:00
[2024-11-16T05:57:22.228+0000] {processor.py:208} INFO - Processing /home/airflow/.local/lib/python3.12/site-packages/airflow/example_dags/example_xcom.py took 0.085 seconds
[2024-11-16T06:44:14.363+0000] {processor.py:186} INFO - Started process (PID=80) to work on /home/airflow/.local/lib/python3.12/site-packages/airflow/example_dags/example_xcom.py
[2024-11-16T06:44:14.366+0000] {processor.py:914} INFO - Processing file /home/airflow/.local/lib/python3.12/site-packages/airflow/example_dags/example_xcom.py for tasks to queue
[2024-11-16T06:44:14.368+0000] {logging_mixin.py:190} INFO - [2024-11-16T06:44:14.368+0000] {dagbag.py:588} INFO - Filling up the DagBag from /home/airflow/.local/lib/python3.12/site-packages/airflow/example_dags/example_xcom.py
[2024-11-16T06:44:14.380+0000] {processor.py:925} INFO - DAG(s) 'example_xcom' retrieved from /home/airflow/.local/lib/python3.12/site-packages/airflow/example_dags/example_xcom.py
[2024-11-16T06:44:14.413+0000] {logging_mixin.py:190} INFO - [2024-11-16T06:44:14.413+0000] {dag.py:3239} INFO - Sync 1 DAGs
[2024-11-16T06:44:14.447+0000] {logging_mixin.py:190} INFO - [2024-11-16T06:44:14.446+0000] {dag.py:4180} INFO - Setting next_dagrun for example_xcom to 2021-01-01 00:00:00+00:00, run_after=2021-01-01 00:00:00+00:00
[2024-11-16T06:44:14.467+0000] {processor.py:208} INFO - Processing /home/airflow/.local/lib/python3.12/site-packages/airflow/example_dags/example_xcom.py took 0.110 seconds
[2024-11-16T06:44:45.105+0000] {processor.py:186} INFO - Started process (PID=148) to work on /home/airflow/.local/lib/python3.12/site-packages/airflow/example_dags/example_xcom.py
[2024-11-16T06:44:45.106+0000] {processor.py:914} INFO - Processing file /home/airflow/.local/lib/python3.12/site-packages/airflow/example_dags/example_xcom.py for tasks to queue
[2024-11-16T06:44:45.107+0000] {logging_mixin.py:190} INFO - [2024-11-16T06:44:45.107+0000] {dagbag.py:588} INFO - Filling up the DagBag from /home/airflow/.local/lib/python3.12/site-packages/airflow/example_dags/example_xcom.py
[2024-11-16T06:44:45.116+0000] {processor.py:925} INFO - DAG(s) 'example_xcom' retrieved from /home/airflow/.local/lib/python3.12/site-packages/airflow/example_dags/example_xcom.py
[2024-11-16T06:44:45.130+0000] {logging_mixin.py:190} INFO - [2024-11-16T06:44:45.130+0000] {dag.py:3239} INFO - Sync 1 DAGs
[2024-11-16T06:44:45.148+0000] {logging_mixin.py:190} INFO - [2024-11-16T06:44:45.148+0000] {dag.py:4180} INFO - Setting next_dagrun for example_xcom to 2021-01-01 00:00:00+00:00, run_after=2021-01-01 00:00:00+00:00
[2024-11-16T06:44:45.164+0000] {processor.py:208} INFO - Processing /home/airflow/.local/lib/python3.12/site-packages/airflow/example_dags/example_xcom.py took 0.064 seconds
[2024-11-16T06:45:16.000+0000] {processor.py:186} INFO - Started process (PID=216) to work on /home/airflow/.local/lib/python3.12/site-packages/airflow/example_dags/example_xcom.py
[2024-11-16T06:45:16.000+0000] {processor.py:914} INFO - Processing file /home/airflow/.local/lib/python3.12/site-packages/airflow/example_dags/example_xcom.py for tasks to queue
[2024-11-16T06:45:16.002+0000] {logging_mixin.py:190} INFO - [2024-11-16T06:45:16.002+0000] {dagbag.py:588} INFO - Filling up the DagBag from /home/airflow/.local/lib/python3.12/site-packages/airflow/example_dags/example_xcom.py
[2024-11-16T06:45:16.009+0000] {processor.py:925} INFO - DAG(s) 'example_xcom' retrieved from /home/airflow/.local/lib/python3.12/site-packages/airflow/example_dags/example_xcom.py
[2024-11-16T06:45:16.025+0000] {logging_mixin.py:190} INFO - [2024-11-16T06:45:16.025+0000] {dag.py:3239} INFO - Sync 1 DAGs
[2024-11-16T06:45:16.045+0000] {logging_mixin.py:190} INFO - [2024-11-16T06:45:16.044+0000] {dag.py:4180} INFO - Setting next_dagrun for example_xcom to 2021-01-01 00:00:00+00:00, run_after=2021-01-01 00:00:00+00:00
[2024-11-16T06:45:16.063+0000] {processor.py:208} INFO - Processing /home/airflow/.local/lib/python3.12/site-packages/airflow/example_dags/example_xcom.py took 0.068 seconds
[2024-11-16T06:45:46.510+0000] {processor.py:186} INFO - Started process (PID=284) to work on /home/airflow/.local/lib/python3.12/site-packages/airflow/example_dags/example_xcom.py
[2024-11-16T06:45:46.510+0000] {processor.py:914} INFO - Processing file /home/airflow/.local/lib/python3.12/site-packages/airflow/example_dags/example_xcom.py for tasks to queue
[2024-11-16T06:45:46.512+0000] {logging_mixin.py:190} INFO - [2024-11-16T06:45:46.511+0000] {dagbag.py:588} INFO - Filling up the DagBag from /home/airflow/.local/lib/python3.12/site-packages/airflow/example_dags/example_xcom.py
[2024-11-16T06:45:46.518+0000] {processor.py:925} INFO - DAG(s) 'example_xcom' retrieved from /home/airflow/.local/lib/python3.12/site-packages/airflow/example_dags/example_xcom.py
[2024-11-16T06:45:46.533+0000] {logging_mixin.py:190} INFO - [2024-11-16T06:45:46.533+0000] {dag.py:3239} INFO - Sync 1 DAGs
[2024-11-16T06:45:46.550+0000] {logging_mixin.py:190} INFO - [2024-11-16T06:45:46.550+0000] {dag.py:4180} INFO - Setting next_dagrun for example_xcom to 2021-01-01 00:00:00+00:00, run_after=2021-01-01 00:00:00+00:00
[2024-11-16T06:45:46.566+0000] {processor.py:208} INFO - Processing /home/airflow/.local/lib/python3.12/site-packages/airflow/example_dags/example_xcom.py took 0.061 seconds
[2024-11-16T06:46:16.739+0000] {processor.py:186} INFO - Started process (PID=352) to work on /home/airflow/.local/lib/python3.12/site-packages/airflow/example_dags/example_xcom.py
[2024-11-16T06:46:16.740+0000] {processor.py:914} INFO - Processing file /home/airflow/.local/lib/python3.12/site-packages/airflow/example_dags/example_xcom.py for tasks to queue
[2024-11-16T06:46:16.742+0000] {logging_mixin.py:190} INFO - [2024-11-16T06:46:16.742+0000] {dagbag.py:588} INFO - Filling up the DagBag from /home/airflow/.local/lib/python3.12/site-packages/airflow/example_dags/example_xcom.py
[2024-11-16T06:46:16.748+0000] {processor.py:925} INFO - DAG(s) 'example_xcom' retrieved from /home/airflow/.local/lib/python3.12/site-packages/airflow/example_dags/example_xcom.py
[2024-11-16T06:46:16.765+0000] {logging_mixin.py:190} INFO - [2024-11-16T06:46:16.764+0000] {dag.py:3239} INFO - Sync 1 DAGs
[2024-11-16T06:46:16.784+0000] {logging_mixin.py:190} INFO - [2024-11-16T06:46:16.784+0000] {dag.py:4180} INFO - Setting next_dagrun for example_xcom to 2021-01-01 00:00:00+00:00, run_after=2021-01-01 00:00:00+00:00
[2024-11-16T06:46:16.805+0000] {processor.py:208} INFO - Processing /home/airflow/.local/lib/python3.12/site-packages/airflow/example_dags/example_xcom.py took 0.070 seconds
[2024-11-16T07:28:06.409+0000] {processor.py:186} INFO - Started process (PID=78) to work on /home/airflow/.local/lib/python3.12/site-packages/airflow/example_dags/example_xcom.py
[2024-11-16T07:28:06.410+0000] {processor.py:914} INFO - Processing file /home/airflow/.local/lib/python3.12/site-packages/airflow/example_dags/example_xcom.py for tasks to queue
[2024-11-16T07:28:06.411+0000] {logging_mixin.py:190} INFO - [2024-11-16T07:28:06.411+0000] {dagbag.py:588} INFO - Filling up the DagBag from /home/airflow/.local/lib/python3.12/site-packages/airflow/example_dags/example_xcom.py
[2024-11-16T07:28:06.420+0000] {processor.py:925} INFO - DAG(s) 'example_xcom' retrieved from /home/airflow/.local/lib/python3.12/site-packages/airflow/example_dags/example_xcom.py
[2024-11-16T07:28:06.542+0000] {logging_mixin.py:190} INFO - [2024-11-16T07:28:06.541+0000] {override.py:1900} INFO - Created Permission View: can read on DAG:example_xcom
[2024-11-16T07:28:06.556+0000] {logging_mixin.py:190} INFO - [2024-11-16T07:28:06.556+0000] {override.py:1900} INFO - Created Permission View: can edit on DAG:example_xcom
[2024-11-16T07:28:06.564+0000] {logging_mixin.py:190} INFO - [2024-11-16T07:28:06.564+0000] {override.py:1900} INFO - Created Permission View: can delete on DAG:example_xcom
[2024-11-16T07:28:06.577+0000] {logging_mixin.py:190} INFO - [2024-11-16T07:28:06.577+0000] {override.py:1900} INFO - Created Permission View: can read on DAG Run:example_xcom
[2024-11-16T07:28:06.584+0000] {logging_mixin.py:190} INFO - [2024-11-16T07:28:06.584+0000] {override.py:1900} INFO - Created Permission View: menu access on DAG Run:example_xcom
[2024-11-16T07:28:06.592+0000] {logging_mixin.py:190} INFO - [2024-11-16T07:28:06.591+0000] {override.py:1900} INFO - Created Permission View: can create on DAG Run:example_xcom
[2024-11-16T07:28:06.599+0000] {logging_mixin.py:190} INFO - [2024-11-16T07:28:06.598+0000] {override.py:1900} INFO - Created Permission View: can delete on DAG Run:example_xcom
[2024-11-16T07:28:06.599+0000] {logging_mixin.py:190} INFO - [2024-11-16T07:28:06.599+0000] {dag.py:3239} INFO - Sync 1 DAGs
[2024-11-16T07:28:06.613+0000] {logging_mixin.py:190} INFO - [2024-11-16T07:28:06.613+0000] {dag.py:3262} INFO - Creating ORM DAG for example_xcom
[2024-11-16T07:28:06.623+0000] {logging_mixin.py:190} INFO - [2024-11-16T07:28:06.622+0000] {dag.py:4180} INFO - Setting next_dagrun for example_xcom to 2021-01-01 00:00:00+00:00, run_after=2021-01-01 00:00:00+00:00
[2024-11-16T07:28:06.636+0000] {processor.py:208} INFO - Processing /home/airflow/.local/lib/python3.12/site-packages/airflow/example_dags/example_xcom.py took 0.233 seconds
[2024-11-16T07:28:36.976+0000] {processor.py:186} INFO - Started process (PID=145) to work on /home/airflow/.local/lib/python3.12/site-packages/airflow/example_dags/example_xcom.py
[2024-11-16T07:28:36.976+0000] {processor.py:914} INFO - Processing file /home/airflow/.local/lib/python3.12/site-packages/airflow/example_dags/example_xcom.py for tasks to queue
[2024-11-16T07:28:36.978+0000] {logging_mixin.py:190} INFO - [2024-11-16T07:28:36.978+0000] {dagbag.py:588} INFO - Filling up the DagBag from /home/airflow/.local/lib/python3.12/site-packages/airflow/example_dags/example_xcom.py
[2024-11-16T07:28:36.988+0000] {processor.py:925} INFO - DAG(s) 'example_xcom' retrieved from /home/airflow/.local/lib/python3.12/site-packages/airflow/example_dags/example_xcom.py
[2024-11-16T07:28:37.006+0000] {logging_mixin.py:190} INFO - [2024-11-16T07:28:37.006+0000] {dag.py:3239} INFO - Sync 1 DAGs
[2024-11-16T07:28:37.026+0000] {logging_mixin.py:190} INFO - [2024-11-16T07:28:37.026+0000] {dag.py:4180} INFO - Setting next_dagrun for example_xcom to 2021-01-01 00:00:00+00:00, run_after=2021-01-01 00:00:00+00:00
[2024-11-16T07:28:37.045+0000] {processor.py:208} INFO - Processing /home/airflow/.local/lib/python3.12/site-packages/airflow/example_dags/example_xcom.py took 0.074 seconds
[2024-11-16T07:29:42.595+0000] {processor.py:186} INFO - Started process (PID=219) to work on /home/airflow/.local/lib/python3.12/site-packages/airflow/example_dags/example_xcom.py
[2024-11-16T07:29:42.596+0000] {processor.py:914} INFO - Processing file /home/airflow/.local/lib/python3.12/site-packages/airflow/example_dags/example_xcom.py for tasks to queue
[2024-11-16T07:29:42.598+0000] {logging_mixin.py:190} INFO - [2024-11-16T07:29:42.598+0000] {dagbag.py:588} INFO - Filling up the DagBag from /home/airflow/.local/lib/python3.12/site-packages/airflow/example_dags/example_xcom.py
[2024-11-16T07:29:42.607+0000] {processor.py:925} INFO - DAG(s) 'example_xcom' retrieved from /home/airflow/.local/lib/python3.12/site-packages/airflow/example_dags/example_xcom.py
[2024-11-16T07:29:42.629+0000] {logging_mixin.py:190} INFO - [2024-11-16T07:29:42.629+0000] {dag.py:3239} INFO - Sync 1 DAGs
[2024-11-16T07:29:42.658+0000] {logging_mixin.py:190} INFO - [2024-11-16T07:29:42.657+0000] {dag.py:4180} INFO - Setting next_dagrun for example_xcom to 2021-01-01 00:00:00+00:00, run_after=2021-01-01 00:00:00+00:00
[2024-11-16T07:29:42.680+0000] {processor.py:208} INFO - Processing /home/airflow/.local/lib/python3.12/site-packages/airflow/example_dags/example_xcom.py took 0.092 seconds
[2024-11-16T07:30:13.646+0000] {processor.py:186} INFO - Started process (PID=286) to work on /home/airflow/.local/lib/python3.12/site-packages/airflow/example_dags/example_xcom.py
[2024-11-16T07:30:13.647+0000] {processor.py:914} INFO - Processing file /home/airflow/.local/lib/python3.12/site-packages/airflow/example_dags/example_xcom.py for tasks to queue
[2024-11-16T07:30:13.648+0000] {logging_mixin.py:190} INFO - [2024-11-16T07:30:13.647+0000] {dagbag.py:588} INFO - Filling up the DagBag from /home/airflow/.local/lib/python3.12/site-packages/airflow/example_dags/example_xcom.py
[2024-11-16T07:30:13.653+0000] {processor.py:925} INFO - DAG(s) 'example_xcom' retrieved from /home/airflow/.local/lib/python3.12/site-packages/airflow/example_dags/example_xcom.py
[2024-11-16T07:30:13.669+0000] {logging_mixin.py:190} INFO - [2024-11-16T07:30:13.669+0000] {dag.py:3239} INFO - Sync 1 DAGs
[2024-11-16T07:30:13.685+0000] {logging_mixin.py:190} INFO - [2024-11-16T07:30:13.685+0000] {dag.py:4180} INFO - Setting next_dagrun for example_xcom to 2021-01-01 00:00:00+00:00, run_after=2021-01-01 00:00:00+00:00
[2024-11-16T07:30:13.702+0000] {processor.py:208} INFO - Processing /home/airflow/.local/lib/python3.12/site-packages/airflow/example_dags/example_xcom.py took 0.059 seconds
[2024-11-16T07:30:43.964+0000] {processor.py:186} INFO - Started process (PID=352) to work on /home/airflow/.local/lib/python3.12/site-packages/airflow/example_dags/example_xcom.py
[2024-11-16T07:30:43.965+0000] {processor.py:914} INFO - Processing file /home/airflow/.local/lib/python3.12/site-packages/airflow/example_dags/example_xcom.py for tasks to queue
[2024-11-16T07:30:43.966+0000] {logging_mixin.py:190} INFO - [2024-11-16T07:30:43.965+0000] {dagbag.py:588} INFO - Filling up the DagBag from /home/airflow/.local/lib/python3.12/site-packages/airflow/example_dags/example_xcom.py
[2024-11-16T07:30:43.972+0000] {processor.py:925} INFO - DAG(s) 'example_xcom' retrieved from /home/airflow/.local/lib/python3.12/site-packages/airflow/example_dags/example_xcom.py
[2024-11-16T07:30:43.990+0000] {logging_mixin.py:190} INFO - [2024-11-16T07:30:43.990+0000] {dag.py:3239} INFO - Sync 1 DAGs
[2024-11-16T07:30:44.011+0000] {logging_mixin.py:190} INFO - [2024-11-16T07:30:44.010+0000] {dag.py:4180} INFO - Setting next_dagrun for example_xcom to 2021-01-01 00:00:00+00:00, run_after=2021-01-01 00:00:00+00:00
[2024-11-16T07:30:44.030+0000] {processor.py:208} INFO - Processing /home/airflow/.local/lib/python3.12/site-packages/airflow/example_dags/example_xcom.py took 0.069 seconds
[2024-11-16T07:31:14.119+0000] {processor.py:186} INFO - Started process (PID=419) to work on /home/airflow/.local/lib/python3.12/site-packages/airflow/example_dags/example_xcom.py
[2024-11-16T07:31:14.120+0000] {processor.py:914} INFO - Processing file /home/airflow/.local/lib/python3.12/site-packages/airflow/example_dags/example_xcom.py for tasks to queue
[2024-11-16T07:31:14.120+0000] {logging_mixin.py:190} INFO - [2024-11-16T07:31:14.120+0000] {dagbag.py:588} INFO - Filling up the DagBag from /home/airflow/.local/lib/python3.12/site-packages/airflow/example_dags/example_xcom.py
[2024-11-16T07:31:14.127+0000] {processor.py:925} INFO - DAG(s) 'example_xcom' retrieved from /home/airflow/.local/lib/python3.12/site-packages/airflow/example_dags/example_xcom.py
[2024-11-16T07:31:14.142+0000] {logging_mixin.py:190} INFO - [2024-11-16T07:31:14.142+0000] {dag.py:3239} INFO - Sync 1 DAGs
[2024-11-16T07:31:14.161+0000] {logging_mixin.py:190} INFO - [2024-11-16T07:31:14.161+0000] {dag.py:4180} INFO - Setting next_dagrun for example_xcom to 2021-01-01 00:00:00+00:00, run_after=2021-01-01 00:00:00+00:00
[2024-11-16T07:31:14.175+0000] {processor.py:208} INFO - Processing /home/airflow/.local/lib/python3.12/site-packages/airflow/example_dags/example_xcom.py took 0.060 seconds
[2024-11-16T07:31:45.092+0000] {processor.py:186} INFO - Started process (PID=486) to work on /home/airflow/.local/lib/python3.12/site-packages/airflow/example_dags/example_xcom.py
[2024-11-16T07:31:45.092+0000] {processor.py:914} INFO - Processing file /home/airflow/.local/lib/python3.12/site-packages/airflow/example_dags/example_xcom.py for tasks to queue
[2024-11-16T07:31:45.093+0000] {logging_mixin.py:190} INFO - [2024-11-16T07:31:45.093+0000] {dagbag.py:588} INFO - Filling up the DagBag from /home/airflow/.local/lib/python3.12/site-packages/airflow/example_dags/example_xcom.py
[2024-11-16T07:31:45.100+0000] {processor.py:925} INFO - DAG(s) 'example_xcom' retrieved from /home/airflow/.local/lib/python3.12/site-packages/airflow/example_dags/example_xcom.py
[2024-11-16T07:31:45.114+0000] {logging_mixin.py:190} INFO - [2024-11-16T07:31:45.113+0000] {dag.py:3239} INFO - Sync 1 DAGs
[2024-11-16T07:31:45.132+0000] {logging_mixin.py:190} INFO - [2024-11-16T07:31:45.132+0000] {dag.py:4180} INFO - Setting next_dagrun for example_xcom to 2021-01-01 00:00:00+00:00, run_after=2021-01-01 00:00:00+00:00
[2024-11-16T07:31:45.145+0000] {processor.py:208} INFO - Processing /home/airflow/.local/lib/python3.12/site-packages/airflow/example_dags/example_xcom.py took 0.058 seconds
[2024-11-16T07:32:15.437+0000] {processor.py:186} INFO - Started process (PID=553) to work on /home/airflow/.local/lib/python3.12/site-packages/airflow/example_dags/example_xcom.py
[2024-11-16T07:32:15.438+0000] {processor.py:914} INFO - Processing file /home/airflow/.local/lib/python3.12/site-packages/airflow/example_dags/example_xcom.py for tasks to queue
[2024-11-16T07:32:15.439+0000] {logging_mixin.py:190} INFO - [2024-11-16T07:32:15.439+0000] {dagbag.py:588} INFO - Filling up the DagBag from /home/airflow/.local/lib/python3.12/site-packages/airflow/example_dags/example_xcom.py
[2024-11-16T07:32:15.445+0000] {processor.py:925} INFO - DAG(s) 'example_xcom' retrieved from /home/airflow/.local/lib/python3.12/site-packages/airflow/example_dags/example_xcom.py
[2024-11-16T07:32:15.460+0000] {logging_mixin.py:190} INFO - [2024-11-16T07:32:15.460+0000] {dag.py:3239} INFO - Sync 1 DAGs
[2024-11-16T07:32:15.476+0000] {logging_mixin.py:190} INFO - [2024-11-16T07:32:15.476+0000] {dag.py:4180} INFO - Setting next_dagrun for example_xcom to 2021-01-01 00:00:00+00:00, run_after=2021-01-01 00:00:00+00:00
[2024-11-16T07:32:15.490+0000] {processor.py:208} INFO - Processing /home/airflow/.local/lib/python3.12/site-packages/airflow/example_dags/example_xcom.py took 0.056 seconds
[2024-11-16T07:32:45.634+0000] {processor.py:186} INFO - Started process (PID=620) to work on /home/airflow/.local/lib/python3.12/site-packages/airflow/example_dags/example_xcom.py
[2024-11-16T07:32:45.635+0000] {processor.py:914} INFO - Processing file /home/airflow/.local/lib/python3.12/site-packages/airflow/example_dags/example_xcom.py for tasks to queue
[2024-11-16T07:32:45.635+0000] {logging_mixin.py:190} INFO - [2024-11-16T07:32:45.635+0000] {dagbag.py:588} INFO - Filling up the DagBag from /home/airflow/.local/lib/python3.12/site-packages/airflow/example_dags/example_xcom.py
[2024-11-16T07:32:45.642+0000] {processor.py:925} INFO - DAG(s) 'example_xcom' retrieved from /home/airflow/.local/lib/python3.12/site-packages/airflow/example_dags/example_xcom.py
[2024-11-16T07:32:45.656+0000] {logging_mixin.py:190} INFO - [2024-11-16T07:32:45.656+0000] {dag.py:3239} INFO - Sync 1 DAGs
[2024-11-16T07:32:45.672+0000] {logging_mixin.py:190} INFO - [2024-11-16T07:32:45.672+0000] {dag.py:4180} INFO - Setting next_dagrun for example_xcom to 2021-01-01 00:00:00+00:00, run_after=2021-01-01 00:00:00+00:00
[2024-11-16T07:32:45.685+0000] {processor.py:208} INFO - Processing /home/airflow/.local/lib/python3.12/site-packages/airflow/example_dags/example_xcom.py took 0.055 seconds
[2024-11-16T07:33:16.270+0000] {processor.py:186} INFO - Started process (PID=687) to work on /home/airflow/.local/lib/python3.12/site-packages/airflow/example_dags/example_xcom.py
[2024-11-16T07:33:16.270+0000] {processor.py:914} INFO - Processing file /home/airflow/.local/lib/python3.12/site-packages/airflow/example_dags/example_xcom.py for tasks to queue
[2024-11-16T07:33:16.271+0000] {logging_mixin.py:190} INFO - [2024-11-16T07:33:16.271+0000] {dagbag.py:588} INFO - Filling up the DagBag from /home/airflow/.local/lib/python3.12/site-packages/airflow/example_dags/example_xcom.py
[2024-11-16T07:33:16.277+0000] {processor.py:925} INFO - DAG(s) 'example_xcom' retrieved from /home/airflow/.local/lib/python3.12/site-packages/airflow/example_dags/example_xcom.py
[2024-11-16T07:33:16.290+0000] {logging_mixin.py:190} INFO - [2024-11-16T07:33:16.290+0000] {dag.py:3239} INFO - Sync 1 DAGs
[2024-11-16T07:33:16.305+0000] {logging_mixin.py:190} INFO - [2024-11-16T07:33:16.305+0000] {dag.py:4180} INFO - Setting next_dagrun for example_xcom to 2021-01-01 00:00:00+00:00, run_after=2021-01-01 00:00:00+00:00
[2024-11-16T07:33:16.321+0000] {processor.py:208} INFO - Processing /home/airflow/.local/lib/python3.12/site-packages/airflow/example_dags/example_xcom.py took 0.055 seconds
[2024-11-16T07:33:47.231+0000] {processor.py:186} INFO - Started process (PID=754) to work on /home/airflow/.local/lib/python3.12/site-packages/airflow/example_dags/example_xcom.py
[2024-11-16T07:33:47.232+0000] {processor.py:914} INFO - Processing file /home/airflow/.local/lib/python3.12/site-packages/airflow/example_dags/example_xcom.py for tasks to queue
[2024-11-16T07:33:47.233+0000] {logging_mixin.py:190} INFO - [2024-11-16T07:33:47.233+0000] {dagbag.py:588} INFO - Filling up the DagBag from /home/airflow/.local/lib/python3.12/site-packages/airflow/example_dags/example_xcom.py
[2024-11-16T07:33:47.239+0000] {processor.py:925} INFO - DAG(s) 'example_xcom' retrieved from /home/airflow/.local/lib/python3.12/site-packages/airflow/example_dags/example_xcom.py
[2024-11-16T07:33:47.254+0000] {logging_mixin.py:190} INFO - [2024-11-16T07:33:47.254+0000] {dag.py:3239} INFO - Sync 1 DAGs
[2024-11-16T07:33:47.270+0000] {logging_mixin.py:190} INFO - [2024-11-16T07:33:47.270+0000] {dag.py:4180} INFO - Setting next_dagrun for example_xcom to 2021-01-01 00:00:00+00:00, run_after=2021-01-01 00:00:00+00:00
[2024-11-16T07:33:47.285+0000] {processor.py:208} INFO - Processing /home/airflow/.local/lib/python3.12/site-packages/airflow/example_dags/example_xcom.py took 0.058 seconds
[2024-11-16T07:34:18.141+0000] {processor.py:186} INFO - Started process (PID=821) to work on /home/airflow/.local/lib/python3.12/site-packages/airflow/example_dags/example_xcom.py
[2024-11-16T07:34:18.141+0000] {processor.py:914} INFO - Processing file /home/airflow/.local/lib/python3.12/site-packages/airflow/example_dags/example_xcom.py for tasks to queue
[2024-11-16T07:34:18.142+0000] {logging_mixin.py:190} INFO - [2024-11-16T07:34:18.142+0000] {dagbag.py:588} INFO - Filling up the DagBag from /home/airflow/.local/lib/python3.12/site-packages/airflow/example_dags/example_xcom.py
[2024-11-16T07:34:18.150+0000] {processor.py:925} INFO - DAG(s) 'example_xcom' retrieved from /home/airflow/.local/lib/python3.12/site-packages/airflow/example_dags/example_xcom.py
[2024-11-16T07:34:18.164+0000] {logging_mixin.py:190} INFO - [2024-11-16T07:34:18.164+0000] {dag.py:3239} INFO - Sync 1 DAGs
[2024-11-16T07:34:18.180+0000] {logging_mixin.py:190} INFO - [2024-11-16T07:34:18.180+0000] {dag.py:4180} INFO - Setting next_dagrun for example_xcom to 2021-01-01 00:00:00+00:00, run_after=2021-01-01 00:00:00+00:00
[2024-11-16T07:34:18.196+0000] {processor.py:208} INFO - Processing /home/airflow/.local/lib/python3.12/site-packages/airflow/example_dags/example_xcom.py took 0.060 seconds
[2024-11-16T07:34:49.081+0000] {processor.py:186} INFO - Started process (PID=888) to work on /home/airflow/.local/lib/python3.12/site-packages/airflow/example_dags/example_xcom.py
[2024-11-16T07:34:49.082+0000] {processor.py:914} INFO - Processing file /home/airflow/.local/lib/python3.12/site-packages/airflow/example_dags/example_xcom.py for tasks to queue
[2024-11-16T07:34:49.083+0000] {logging_mixin.py:190} INFO - [2024-11-16T07:34:49.082+0000] {dagbag.py:588} INFO - Filling up the DagBag from /home/airflow/.local/lib/python3.12/site-packages/airflow/example_dags/example_xcom.py
[2024-11-16T07:34:49.089+0000] {processor.py:925} INFO - DAG(s) 'example_xcom' retrieved from /home/airflow/.local/lib/python3.12/site-packages/airflow/example_dags/example_xcom.py
[2024-11-16T07:34:49.104+0000] {logging_mixin.py:190} INFO - [2024-11-16T07:34:49.104+0000] {dag.py:3239} INFO - Sync 1 DAGs
[2024-11-16T07:34:49.121+0000] {logging_mixin.py:190} INFO - [2024-11-16T07:34:49.120+0000] {dag.py:4180} INFO - Setting next_dagrun for example_xcom to 2021-01-01 00:00:00+00:00, run_after=2021-01-01 00:00:00+00:00
[2024-11-16T07:34:49.139+0000] {processor.py:208} INFO - Processing /home/airflow/.local/lib/python3.12/site-packages/airflow/example_dags/example_xcom.py took 0.062 seconds
[2024-11-16T07:35:20.557+0000] {processor.py:186} INFO - Started process (PID=955) to work on /home/airflow/.local/lib/python3.12/site-packages/airflow/example_dags/example_xcom.py
[2024-11-16T07:35:20.558+0000] {processor.py:914} INFO - Processing file /home/airflow/.local/lib/python3.12/site-packages/airflow/example_dags/example_xcom.py for tasks to queue
[2024-11-16T07:35:20.559+0000] {logging_mixin.py:190} INFO - [2024-11-16T07:35:20.558+0000] {dagbag.py:588} INFO - Filling up the DagBag from /home/airflow/.local/lib/python3.12/site-packages/airflow/example_dags/example_xcom.py
[2024-11-16T07:35:20.573+0000] {processor.py:925} INFO - DAG(s) 'example_xcom' retrieved from /home/airflow/.local/lib/python3.12/site-packages/airflow/example_dags/example_xcom.py
[2024-11-16T07:35:20.618+0000] {logging_mixin.py:190} INFO - [2024-11-16T07:35:20.617+0000] {dag.py:3239} INFO - Sync 1 DAGs
[2024-11-16T07:35:20.669+0000] {logging_mixin.py:190} INFO - [2024-11-16T07:35:20.668+0000] {dag.py:4180} INFO - Setting next_dagrun for example_xcom to 2021-01-01 00:00:00+00:00, run_after=2021-01-01 00:00:00+00:00
[2024-11-16T07:35:20.714+0000] {processor.py:208} INFO - Processing /home/airflow/.local/lib/python3.12/site-packages/airflow/example_dags/example_xcom.py took 0.166 seconds
[2024-11-16T07:35:51.099+0000] {processor.py:186} INFO - Started process (PID=1022) to work on /home/airflow/.local/lib/python3.12/site-packages/airflow/example_dags/example_xcom.py
[2024-11-16T07:35:51.100+0000] {processor.py:914} INFO - Processing file /home/airflow/.local/lib/python3.12/site-packages/airflow/example_dags/example_xcom.py for tasks to queue
[2024-11-16T07:35:51.100+0000] {logging_mixin.py:190} INFO - [2024-11-16T07:35:51.100+0000] {dagbag.py:588} INFO - Filling up the DagBag from /home/airflow/.local/lib/python3.12/site-packages/airflow/example_dags/example_xcom.py
[2024-11-16T07:35:51.107+0000] {processor.py:925} INFO - DAG(s) 'example_xcom' retrieved from /home/airflow/.local/lib/python3.12/site-packages/airflow/example_dags/example_xcom.py
[2024-11-16T07:35:51.123+0000] {logging_mixin.py:190} INFO - [2024-11-16T07:35:51.122+0000] {dag.py:3239} INFO - Sync 1 DAGs
[2024-11-16T07:35:51.140+0000] {logging_mixin.py:190} INFO - [2024-11-16T07:35:51.140+0000] {dag.py:4180} INFO - Setting next_dagrun for example_xcom to 2021-01-01 00:00:00+00:00, run_after=2021-01-01 00:00:00+00:00
[2024-11-16T07:35:51.157+0000] {processor.py:208} INFO - Processing /home/airflow/.local/lib/python3.12/site-packages/airflow/example_dags/example_xcom.py took 0.062 seconds
[2024-11-16T07:36:21.855+0000] {processor.py:186} INFO - Started process (PID=1089) to work on /home/airflow/.local/lib/python3.12/site-packages/airflow/example_dags/example_xcom.py
[2024-11-16T07:36:21.856+0000] {processor.py:914} INFO - Processing file /home/airflow/.local/lib/python3.12/site-packages/airflow/example_dags/example_xcom.py for tasks to queue
[2024-11-16T07:36:21.856+0000] {logging_mixin.py:190} INFO - [2024-11-16T07:36:21.856+0000] {dagbag.py:588} INFO - Filling up the DagBag from /home/airflow/.local/lib/python3.12/site-packages/airflow/example_dags/example_xcom.py
[2024-11-16T07:36:21.863+0000] {processor.py:925} INFO - DAG(s) 'example_xcom' retrieved from /home/airflow/.local/lib/python3.12/site-packages/airflow/example_dags/example_xcom.py
[2024-11-16T07:36:21.879+0000] {logging_mixin.py:190} INFO - [2024-11-16T07:36:21.879+0000] {dag.py:3239} INFO - Sync 1 DAGs
[2024-11-16T07:36:21.895+0000] {logging_mixin.py:190} INFO - [2024-11-16T07:36:21.895+0000] {dag.py:4180} INFO - Setting next_dagrun for example_xcom to 2021-01-01 00:00:00+00:00, run_after=2021-01-01 00:00:00+00:00
[2024-11-16T07:36:21.910+0000] {processor.py:208} INFO - Processing /home/airflow/.local/lib/python3.12/site-packages/airflow/example_dags/example_xcom.py took 0.059 seconds
[2024-11-16T07:36:52.307+0000] {processor.py:186} INFO - Started process (PID=1156) to work on /home/airflow/.local/lib/python3.12/site-packages/airflow/example_dags/example_xcom.py
[2024-11-16T07:36:52.308+0000] {processor.py:914} INFO - Processing file /home/airflow/.local/lib/python3.12/site-packages/airflow/example_dags/example_xcom.py for tasks to queue
[2024-11-16T07:36:52.308+0000] {logging_mixin.py:190} INFO - [2024-11-16T07:36:52.308+0000] {dagbag.py:588} INFO - Filling up the DagBag from /home/airflow/.local/lib/python3.12/site-packages/airflow/example_dags/example_xcom.py
[2024-11-16T07:36:52.315+0000] {processor.py:925} INFO - DAG(s) 'example_xcom' retrieved from /home/airflow/.local/lib/python3.12/site-packages/airflow/example_dags/example_xcom.py
[2024-11-16T07:36:52.330+0000] {logging_mixin.py:190} INFO - [2024-11-16T07:36:52.330+0000] {dag.py:3239} INFO - Sync 1 DAGs
[2024-11-16T07:36:52.349+0000] {logging_mixin.py:190} INFO - [2024-11-16T07:36:52.348+0000] {dag.py:4180} INFO - Setting next_dagrun for example_xcom to 2021-01-01 00:00:00+00:00, run_after=2021-01-01 00:00:00+00:00
[2024-11-16T07:36:52.364+0000] {processor.py:208} INFO - Processing /home/airflow/.local/lib/python3.12/site-packages/airflow/example_dags/example_xcom.py took 0.061 seconds
[2024-11-16T07:37:22.542+0000] {processor.py:186} INFO - Started process (PID=1227) to work on /home/airflow/.local/lib/python3.12/site-packages/airflow/example_dags/example_xcom.py
[2024-11-16T07:37:22.543+0000] {processor.py:914} INFO - Processing file /home/airflow/.local/lib/python3.12/site-packages/airflow/example_dags/example_xcom.py for tasks to queue
[2024-11-16T07:37:22.544+0000] {logging_mixin.py:190} INFO - [2024-11-16T07:37:22.544+0000] {dagbag.py:588} INFO - Filling up the DagBag from /home/airflow/.local/lib/python3.12/site-packages/airflow/example_dags/example_xcom.py
[2024-11-16T07:37:22.550+0000] {processor.py:925} INFO - DAG(s) 'example_xcom' retrieved from /home/airflow/.local/lib/python3.12/site-packages/airflow/example_dags/example_xcom.py
[2024-11-16T07:37:22.566+0000] {logging_mixin.py:190} INFO - [2024-11-16T07:37:22.566+0000] {dag.py:3239} INFO - Sync 1 DAGs
[2024-11-16T07:37:22.584+0000] {logging_mixin.py:190} INFO - [2024-11-16T07:37:22.584+0000] {dag.py:4180} INFO - Setting next_dagrun for example_xcom to 2021-01-01 00:00:00+00:00, run_after=2021-01-01 00:00:00+00:00
[2024-11-16T07:37:22.600+0000] {processor.py:208} INFO - Processing /home/airflow/.local/lib/python3.12/site-packages/airflow/example_dags/example_xcom.py took 0.062 seconds
[2024-11-16T07:37:53.534+0000] {processor.py:186} INFO - Started process (PID=1294) to work on /home/airflow/.local/lib/python3.12/site-packages/airflow/example_dags/example_xcom.py
[2024-11-16T07:37:53.535+0000] {processor.py:914} INFO - Processing file /home/airflow/.local/lib/python3.12/site-packages/airflow/example_dags/example_xcom.py for tasks to queue
[2024-11-16T07:37:53.535+0000] {logging_mixin.py:190} INFO - [2024-11-16T07:37:53.535+0000] {dagbag.py:588} INFO - Filling up the DagBag from /home/airflow/.local/lib/python3.12/site-packages/airflow/example_dags/example_xcom.py
[2024-11-16T07:37:53.542+0000] {processor.py:925} INFO - DAG(s) 'example_xcom' retrieved from /home/airflow/.local/lib/python3.12/site-packages/airflow/example_dags/example_xcom.py
[2024-11-16T07:37:53.558+0000] {logging_mixin.py:190} INFO - [2024-11-16T07:37:53.557+0000] {dag.py:3239} INFO - Sync 1 DAGs
[2024-11-16T07:37:53.575+0000] {logging_mixin.py:190} INFO - [2024-11-16T07:37:53.575+0000] {dag.py:4180} INFO - Setting next_dagrun for example_xcom to 2021-01-01 00:00:00+00:00, run_after=2021-01-01 00:00:00+00:00
[2024-11-16T07:37:53.592+0000] {processor.py:208} INFO - Processing /home/airflow/.local/lib/python3.12/site-packages/airflow/example_dags/example_xcom.py took 0.062 seconds
[2024-11-16T07:38:24.555+0000] {processor.py:186} INFO - Started process (PID=1361) to work on /home/airflow/.local/lib/python3.12/site-packages/airflow/example_dags/example_xcom.py
[2024-11-16T07:38:24.557+0000] {processor.py:914} INFO - Processing file /home/airflow/.local/lib/python3.12/site-packages/airflow/example_dags/example_xcom.py for tasks to queue
[2024-11-16T07:38:24.560+0000] {logging_mixin.py:190} INFO - [2024-11-16T07:38:24.559+0000] {dagbag.py:588} INFO - Filling up the DagBag from /home/airflow/.local/lib/python3.12/site-packages/airflow/example_dags/example_xcom.py
[2024-11-16T07:38:24.574+0000] {processor.py:925} INFO - DAG(s) 'example_xcom' retrieved from /home/airflow/.local/lib/python3.12/site-packages/airflow/example_dags/example_xcom.py
[2024-11-16T07:38:24.596+0000] {logging_mixin.py:190} INFO - [2024-11-16T07:38:24.596+0000] {dag.py:3239} INFO - Sync 1 DAGs
[2024-11-16T07:38:24.630+0000] {logging_mixin.py:190} INFO - [2024-11-16T07:38:24.630+0000] {dag.py:4180} INFO - Setting next_dagrun for example_xcom to 2021-01-01 00:00:00+00:00, run_after=2021-01-01 00:00:00+00:00
[2024-11-16T07:38:24.654+0000] {processor.py:208} INFO - Processing /home/airflow/.local/lib/python3.12/site-packages/airflow/example_dags/example_xcom.py took 0.108 seconds
[2024-11-16T07:38:55.349+0000] {processor.py:186} INFO - Started process (PID=1428) to work on /home/airflow/.local/lib/python3.12/site-packages/airflow/example_dags/example_xcom.py
[2024-11-16T07:38:55.350+0000] {processor.py:914} INFO - Processing file /home/airflow/.local/lib/python3.12/site-packages/airflow/example_dags/example_xcom.py for tasks to queue
[2024-11-16T07:38:55.351+0000] {logging_mixin.py:190} INFO - [2024-11-16T07:38:55.351+0000] {dagbag.py:588} INFO - Filling up the DagBag from /home/airflow/.local/lib/python3.12/site-packages/airflow/example_dags/example_xcom.py
[2024-11-16T07:38:55.358+0000] {processor.py:925} INFO - DAG(s) 'example_xcom' retrieved from /home/airflow/.local/lib/python3.12/site-packages/airflow/example_dags/example_xcom.py
[2024-11-16T07:38:55.374+0000] {logging_mixin.py:190} INFO - [2024-11-16T07:38:55.374+0000] {dag.py:3239} INFO - Sync 1 DAGs
[2024-11-16T07:38:55.391+0000] {logging_mixin.py:190} INFO - [2024-11-16T07:38:55.391+0000] {dag.py:4180} INFO - Setting next_dagrun for example_xcom to 2021-01-01 00:00:00+00:00, run_after=2021-01-01 00:00:00+00:00
[2024-11-16T07:38:55.410+0000] {processor.py:208} INFO - Processing /home/airflow/.local/lib/python3.12/site-packages/airflow/example_dags/example_xcom.py took 0.065 seconds
[2024-11-16T07:39:25.647+0000] {processor.py:186} INFO - Started process (PID=1495) to work on /home/airflow/.local/lib/python3.12/site-packages/airflow/example_dags/example_xcom.py
[2024-11-16T07:39:25.648+0000] {processor.py:914} INFO - Processing file /home/airflow/.local/lib/python3.12/site-packages/airflow/example_dags/example_xcom.py for tasks to queue
[2024-11-16T07:39:25.649+0000] {logging_mixin.py:190} INFO - [2024-11-16T07:39:25.648+0000] {dagbag.py:588} INFO - Filling up the DagBag from /home/airflow/.local/lib/python3.12/site-packages/airflow/example_dags/example_xcom.py
[2024-11-16T07:39:25.655+0000] {processor.py:925} INFO - DAG(s) 'example_xcom' retrieved from /home/airflow/.local/lib/python3.12/site-packages/airflow/example_dags/example_xcom.py
[2024-11-16T07:39:25.670+0000] {logging_mixin.py:190} INFO - [2024-11-16T07:39:25.670+0000] {dag.py:3239} INFO - Sync 1 DAGs
[2024-11-16T07:39:25.686+0000] {logging_mixin.py:190} INFO - [2024-11-16T07:39:25.686+0000] {dag.py:4180} INFO - Setting next_dagrun for example_xcom to 2021-01-01 00:00:00+00:00, run_after=2021-01-01 00:00:00+00:00
[2024-11-16T07:39:25.699+0000] {processor.py:208} INFO - Processing /home/airflow/.local/lib/python3.12/site-packages/airflow/example_dags/example_xcom.py took 0.056 seconds
[2024-11-16T07:39:56.207+0000] {processor.py:186} INFO - Started process (PID=1562) to work on /home/airflow/.local/lib/python3.12/site-packages/airflow/example_dags/example_xcom.py
[2024-11-16T07:39:56.208+0000] {processor.py:914} INFO - Processing file /home/airflow/.local/lib/python3.12/site-packages/airflow/example_dags/example_xcom.py for tasks to queue
[2024-11-16T07:39:56.209+0000] {logging_mixin.py:190} INFO - [2024-11-16T07:39:56.208+0000] {dagbag.py:588} INFO - Filling up the DagBag from /home/airflow/.local/lib/python3.12/site-packages/airflow/example_dags/example_xcom.py
[2024-11-16T07:39:56.216+0000] {processor.py:925} INFO - DAG(s) 'example_xcom' retrieved from /home/airflow/.local/lib/python3.12/site-packages/airflow/example_dags/example_xcom.py
[2024-11-16T07:39:56.231+0000] {logging_mixin.py:190} INFO - [2024-11-16T07:39:56.231+0000] {dag.py:3239} INFO - Sync 1 DAGs
[2024-11-16T07:39:56.250+0000] {logging_mixin.py:190} INFO - [2024-11-16T07:39:56.250+0000] {dag.py:4180} INFO - Setting next_dagrun for example_xcom to 2021-01-01 00:00:00+00:00, run_after=2021-01-01 00:00:00+00:00
[2024-11-16T07:39:56.266+0000] {processor.py:208} INFO - Processing /home/airflow/.local/lib/python3.12/site-packages/airflow/example_dags/example_xcom.py took 0.063 seconds
