[2024-11-16T04:35:40.398+0000] {processor.py:186} INFO - Started process (PID=126) to work on /home/airflow/.local/lib/python3.12/site-packages/airflow/example_dags/example_subdag_operator.py
[2024-11-16T04:35:40.398+0000] {processor.py:914} INFO - Processing file /home/airflow/.local/lib/python3.12/site-packages/airflow/example_dags/example_subdag_operator.py for tasks to queue
[2024-11-16T04:35:40.400+0000] {logging_mixin.py:190} INFO - [2024-11-16T04:35:40.400+0000] {dagbag.py:588} INFO - Filling up the DagBag from /home/airflow/.local/lib/python3.12/site-packages/airflow/example_dags/example_subdag_operator.py
[2024-11-16T04:35:40.426+0000] {processor.py:925} INFO - DAG(s) 'example_subdag_operator.section-1', 'example_subdag_operator.section-2', 'example_subdag_operator' retrieved from /home/airflow/.local/lib/python3.12/site-packages/airflow/example_dags/example_subdag_operator.py
[2024-11-16T04:35:40.445+0000] {logging_mixin.py:190} INFO - [2024-11-16T04:35:40.444+0000] {dag.py:3239} INFO - Sync 3 DAGs
[2024-11-16T04:35:40.478+0000] {logging_mixin.py:190} INFO - [2024-11-16T04:35:40.478+0000] {dag.py:4180} INFO - Setting next_dagrun for example_subdag_operator to 2022-01-01 00:00:00+00:00, run_after=2022-01-01 00:00:00+00:00
[2024-11-16T04:35:40.483+0000] {logging_mixin.py:190} INFO - [2024-11-16T04:35:40.483+0000] {dag.py:4180} INFO - Setting next_dagrun for example_subdag_operator.section-1 to None, run_after=None
[2024-11-16T04:35:40.485+0000] {logging_mixin.py:190} INFO - [2024-11-16T04:35:40.485+0000] {dag.py:4180} INFO - Setting next_dagrun for example_subdag_operator.section-2 to None, run_after=None
[2024-11-16T04:35:40.495+0000] {logging_mixin.py:190} INFO - [2024-11-16T04:35:40.495+0000] {dag.py:3239} INFO - Sync 2 DAGs
[2024-11-16T04:35:40.503+0000] {logging_mixin.py:190} INFO - [2024-11-16T04:35:40.502+0000] {dag.py:4180} INFO - Setting next_dagrun for example_subdag_operator.section-1 to None, run_after=None
[2024-11-16T04:35:40.503+0000] {logging_mixin.py:190} INFO - [2024-11-16T04:35:40.503+0000] {dag.py:4180} INFO - Setting next_dagrun for example_subdag_operator.section-2 to None, run_after=None
[2024-11-16T04:35:40.516+0000] {processor.py:208} INFO - Processing /home/airflow/.local/lib/python3.12/site-packages/airflow/example_dags/example_subdag_operator.py took 0.124 seconds
[2024-11-16T04:54:30.916+0000] {processor.py:186} INFO - Started process (PID=119) to work on /home/airflow/.local/lib/python3.12/site-packages/airflow/example_dags/example_subdag_operator.py
[2024-11-16T04:54:30.917+0000] {processor.py:914} INFO - Processing file /home/airflow/.local/lib/python3.12/site-packages/airflow/example_dags/example_subdag_operator.py for tasks to queue
[2024-11-16T04:54:30.919+0000] {logging_mixin.py:190} INFO - [2024-11-16T04:54:30.918+0000] {dagbag.py:588} INFO - Filling up the DagBag from /home/airflow/.local/lib/python3.12/site-packages/airflow/example_dags/example_subdag_operator.py
[2024-11-16T04:54:30.943+0000] {processor.py:925} INFO - DAG(s) 'example_subdag_operator.section-1', 'example_subdag_operator.section-2', 'example_subdag_operator' retrieved from /home/airflow/.local/lib/python3.12/site-packages/airflow/example_dags/example_subdag_operator.py
[2024-11-16T04:54:31.026+0000] {logging_mixin.py:190} INFO - [2024-11-16T04:54:31.026+0000] {dag.py:3239} INFO - Sync 3 DAGs
[2024-11-16T04:54:31.043+0000] {logging_mixin.py:190} INFO - [2024-11-16T04:54:31.043+0000] {dag.py:4180} INFO - Setting next_dagrun for example_subdag_operator to 2022-01-01 00:00:00+00:00, run_after=2022-01-01 00:00:00+00:00
[2024-11-16T04:54:31.046+0000] {logging_mixin.py:190} INFO - [2024-11-16T04:54:31.046+0000] {dag.py:4180} INFO - Setting next_dagrun for example_subdag_operator.section-1 to None, run_after=None
[2024-11-16T04:54:31.047+0000] {logging_mixin.py:190} INFO - [2024-11-16T04:54:31.047+0000] {dag.py:4180} INFO - Setting next_dagrun for example_subdag_operator.section-2 to None, run_after=None
[2024-11-16T04:54:31.054+0000] {logging_mixin.py:190} INFO - [2024-11-16T04:54:31.054+0000] {dag.py:3239} INFO - Sync 2 DAGs
[2024-11-16T04:54:31.059+0000] {logging_mixin.py:190} INFO - [2024-11-16T04:54:31.058+0000] {dag.py:4180} INFO - Setting next_dagrun for example_subdag_operator.section-1 to None, run_after=None
[2024-11-16T04:54:31.059+0000] {logging_mixin.py:190} INFO - [2024-11-16T04:54:31.059+0000] {dag.py:4180} INFO - Setting next_dagrun for example_subdag_operator.section-2 to None, run_after=None
[2024-11-16T04:54:31.072+0000] {processor.py:208} INFO - Processing /home/airflow/.local/lib/python3.12/site-packages/airflow/example_dags/example_subdag_operator.py took 0.161 seconds
[2024-11-16T04:55:02.121+0000] {processor.py:186} INFO - Started process (PID=190) to work on /home/airflow/.local/lib/python3.12/site-packages/airflow/example_dags/example_subdag_operator.py
[2024-11-16T04:55:02.121+0000] {processor.py:914} INFO - Processing file /home/airflow/.local/lib/python3.12/site-packages/airflow/example_dags/example_subdag_operator.py for tasks to queue
[2024-11-16T04:55:02.123+0000] {logging_mixin.py:190} INFO - [2024-11-16T04:55:02.123+0000] {dagbag.py:588} INFO - Filling up the DagBag from /home/airflow/.local/lib/python3.12/site-packages/airflow/example_dags/example_subdag_operator.py
[2024-11-16T04:55:02.145+0000] {processor.py:925} INFO - DAG(s) 'example_subdag_operator.section-1', 'example_subdag_operator.section-2', 'example_subdag_operator' retrieved from /home/airflow/.local/lib/python3.12/site-packages/airflow/example_dags/example_subdag_operator.py
[2024-11-16T04:55:02.158+0000] {logging_mixin.py:190} INFO - [2024-11-16T04:55:02.158+0000] {dag.py:3239} INFO - Sync 3 DAGs
[2024-11-16T04:55:02.179+0000] {logging_mixin.py:190} INFO - [2024-11-16T04:55:02.179+0000] {dag.py:4180} INFO - Setting next_dagrun for example_subdag_operator to 2022-01-01 00:00:00+00:00, run_after=2022-01-01 00:00:00+00:00
[2024-11-16T04:55:02.182+0000] {logging_mixin.py:190} INFO - [2024-11-16T04:55:02.182+0000] {dag.py:4180} INFO - Setting next_dagrun for example_subdag_operator.section-1 to None, run_after=None
[2024-11-16T04:55:02.183+0000] {logging_mixin.py:190} INFO - [2024-11-16T04:55:02.183+0000] {dag.py:4180} INFO - Setting next_dagrun for example_subdag_operator.section-2 to None, run_after=None
[2024-11-16T04:55:02.189+0000] {logging_mixin.py:190} INFO - [2024-11-16T04:55:02.189+0000] {dag.py:3239} INFO - Sync 2 DAGs
[2024-11-16T04:55:02.194+0000] {logging_mixin.py:190} INFO - [2024-11-16T04:55:02.194+0000] {dag.py:4180} INFO - Setting next_dagrun for example_subdag_operator.section-1 to None, run_after=None
[2024-11-16T04:55:02.195+0000] {logging_mixin.py:190} INFO - [2024-11-16T04:55:02.194+0000] {dag.py:4180} INFO - Setting next_dagrun for example_subdag_operator.section-2 to None, run_after=None
[2024-11-16T04:55:02.206+0000] {processor.py:208} INFO - Processing /home/airflow/.local/lib/python3.12/site-packages/airflow/example_dags/example_subdag_operator.py took 0.090 seconds
[2024-11-16T04:57:57.479+0000] {processor.py:186} INFO - Started process (PID=269) to work on /home/airflow/.local/lib/python3.12/site-packages/airflow/example_dags/example_subdag_operator.py
[2024-11-16T04:57:57.480+0000] {processor.py:914} INFO - Processing file /home/airflow/.local/lib/python3.12/site-packages/airflow/example_dags/example_subdag_operator.py for tasks to queue
[2024-11-16T04:57:57.481+0000] {logging_mixin.py:190} INFO - [2024-11-16T04:57:57.481+0000] {dagbag.py:588} INFO - Filling up the DagBag from /home/airflow/.local/lib/python3.12/site-packages/airflow/example_dags/example_subdag_operator.py
[2024-11-16T04:57:57.512+0000] {processor.py:925} INFO - DAG(s) 'example_subdag_operator.section-1', 'example_subdag_operator.section-2', 'example_subdag_operator' retrieved from /home/airflow/.local/lib/python3.12/site-packages/airflow/example_dags/example_subdag_operator.py
[2024-11-16T04:57:57.529+0000] {logging_mixin.py:190} INFO - [2024-11-16T04:57:57.528+0000] {dag.py:3239} INFO - Sync 3 DAGs
[2024-11-16T04:57:57.561+0000] {logging_mixin.py:190} INFO - [2024-11-16T04:57:57.561+0000] {dag.py:4180} INFO - Setting next_dagrun for example_subdag_operator to 2022-01-01 00:00:00+00:00, run_after=2022-01-01 00:00:00+00:00
[2024-11-16T04:57:57.567+0000] {logging_mixin.py:190} INFO - [2024-11-16T04:57:57.566+0000] {dag.py:4180} INFO - Setting next_dagrun for example_subdag_operator.section-1 to None, run_after=None
[2024-11-16T04:57:57.569+0000] {logging_mixin.py:190} INFO - [2024-11-16T04:57:57.568+0000] {dag.py:4180} INFO - Setting next_dagrun for example_subdag_operator.section-2 to None, run_after=None
[2024-11-16T04:57:57.580+0000] {logging_mixin.py:190} INFO - [2024-11-16T04:57:57.579+0000] {dag.py:3239} INFO - Sync 2 DAGs
[2024-11-16T04:57:57.589+0000] {logging_mixin.py:190} INFO - [2024-11-16T04:57:57.588+0000] {dag.py:4180} INFO - Setting next_dagrun for example_subdag_operator.section-1 to None, run_after=None
[2024-11-16T04:57:57.589+0000] {logging_mixin.py:190} INFO - [2024-11-16T04:57:57.589+0000] {dag.py:4180} INFO - Setting next_dagrun for example_subdag_operator.section-2 to None, run_after=None
[2024-11-16T04:57:57.604+0000] {processor.py:208} INFO - Processing /home/airflow/.local/lib/python3.12/site-packages/airflow/example_dags/example_subdag_operator.py took 0.133 seconds
[2024-11-16T04:59:29.226+0000] {processor.py:186} INFO - Started process (PID=101) to work on /home/airflow/.local/lib/python3.12/site-packages/airflow/example_dags/example_subdag_operator.py
[2024-11-16T04:59:29.227+0000] {processor.py:914} INFO - Processing file /home/airflow/.local/lib/python3.12/site-packages/airflow/example_dags/example_subdag_operator.py for tasks to queue
[2024-11-16T04:59:29.229+0000] {logging_mixin.py:190} INFO - [2024-11-16T04:59:29.228+0000] {dagbag.py:588} INFO - Filling up the DagBag from /home/airflow/.local/lib/python3.12/site-packages/airflow/example_dags/example_subdag_operator.py
[2024-11-16T04:59:29.248+0000] {processor.py:925} INFO - DAG(s) 'example_subdag_operator.section-1', 'example_subdag_operator.section-2', 'example_subdag_operator' retrieved from /home/airflow/.local/lib/python3.12/site-packages/airflow/example_dags/example_subdag_operator.py
[2024-11-16T04:59:29.260+0000] {logging_mixin.py:190} INFO - [2024-11-16T04:59:29.260+0000] {dag.py:3239} INFO - Sync 3 DAGs
[2024-11-16T04:59:29.279+0000] {logging_mixin.py:190} INFO - [2024-11-16T04:59:29.279+0000] {dag.py:4180} INFO - Setting next_dagrun for example_subdag_operator to 2022-01-01 00:00:00+00:00, run_after=2022-01-01 00:00:00+00:00
[2024-11-16T04:59:29.282+0000] {logging_mixin.py:190} INFO - [2024-11-16T04:59:29.282+0000] {dag.py:4180} INFO - Setting next_dagrun for example_subdag_operator.section-1 to None, run_after=None
[2024-11-16T04:59:29.283+0000] {logging_mixin.py:190} INFO - [2024-11-16T04:59:29.283+0000] {dag.py:4180} INFO - Setting next_dagrun for example_subdag_operator.section-2 to None, run_after=None
[2024-11-16T04:59:29.289+0000] {logging_mixin.py:190} INFO - [2024-11-16T04:59:29.289+0000] {dag.py:3239} INFO - Sync 2 DAGs
[2024-11-16T04:59:29.294+0000] {logging_mixin.py:190} INFO - [2024-11-16T04:59:29.294+0000] {dag.py:4180} INFO - Setting next_dagrun for example_subdag_operator.section-1 to None, run_after=None
[2024-11-16T04:59:29.294+0000] {logging_mixin.py:190} INFO - [2024-11-16T04:59:29.294+0000] {dag.py:4180} INFO - Setting next_dagrun for example_subdag_operator.section-2 to None, run_after=None
[2024-11-16T04:59:29.308+0000] {processor.py:208} INFO - Processing /home/airflow/.local/lib/python3.12/site-packages/airflow/example_dags/example_subdag_operator.py took 0.086 seconds
[2024-11-16T04:59:59.692+0000] {processor.py:186} INFO - Started process (PID=175) to work on /home/airflow/.local/lib/python3.12/site-packages/airflow/example_dags/example_subdag_operator.py
[2024-11-16T04:59:59.693+0000] {processor.py:914} INFO - Processing file /home/airflow/.local/lib/python3.12/site-packages/airflow/example_dags/example_subdag_operator.py for tasks to queue
[2024-11-16T04:59:59.694+0000] {logging_mixin.py:190} INFO - [2024-11-16T04:59:59.694+0000] {dagbag.py:588} INFO - Filling up the DagBag from /home/airflow/.local/lib/python3.12/site-packages/airflow/example_dags/example_subdag_operator.py
[2024-11-16T04:59:59.712+0000] {processor.py:925} INFO - DAG(s) 'example_subdag_operator.section-1', 'example_subdag_operator.section-2', 'example_subdag_operator' retrieved from /home/airflow/.local/lib/python3.12/site-packages/airflow/example_dags/example_subdag_operator.py
[2024-11-16T04:59:59.722+0000] {logging_mixin.py:190} INFO - [2024-11-16T04:59:59.722+0000] {dag.py:3239} INFO - Sync 3 DAGs
[2024-11-16T04:59:59.739+0000] {logging_mixin.py:190} INFO - [2024-11-16T04:59:59.738+0000] {dag.py:4180} INFO - Setting next_dagrun for example_subdag_operator to 2022-01-01 00:00:00+00:00, run_after=2022-01-01 00:00:00+00:00
[2024-11-16T04:59:59.741+0000] {logging_mixin.py:190} INFO - [2024-11-16T04:59:59.741+0000] {dag.py:4180} INFO - Setting next_dagrun for example_subdag_operator.section-1 to None, run_after=None
[2024-11-16T04:59:59.742+0000] {logging_mixin.py:190} INFO - [2024-11-16T04:59:59.742+0000] {dag.py:4180} INFO - Setting next_dagrun for example_subdag_operator.section-2 to None, run_after=None
[2024-11-16T04:59:59.747+0000] {logging_mixin.py:190} INFO - [2024-11-16T04:59:59.747+0000] {dag.py:3239} INFO - Sync 2 DAGs
[2024-11-16T04:59:59.751+0000] {logging_mixin.py:190} INFO - [2024-11-16T04:59:59.751+0000] {dag.py:4180} INFO - Setting next_dagrun for example_subdag_operator.section-1 to None, run_after=None
[2024-11-16T04:59:59.751+0000] {logging_mixin.py:190} INFO - [2024-11-16T04:59:59.751+0000] {dag.py:4180} INFO - Setting next_dagrun for example_subdag_operator.section-2 to None, run_after=None
[2024-11-16T04:59:59.762+0000] {processor.py:208} INFO - Processing /home/airflow/.local/lib/python3.12/site-packages/airflow/example_dags/example_subdag_operator.py took 0.074 seconds
[2024-11-16T05:00:30.097+0000] {processor.py:186} INFO - Started process (PID=242) to work on /home/airflow/.local/lib/python3.12/site-packages/airflow/example_dags/example_subdag_operator.py
[2024-11-16T05:00:30.098+0000] {processor.py:914} INFO - Processing file /home/airflow/.local/lib/python3.12/site-packages/airflow/example_dags/example_subdag_operator.py for tasks to queue
[2024-11-16T05:00:30.099+0000] {logging_mixin.py:190} INFO - [2024-11-16T05:00:30.099+0000] {dagbag.py:588} INFO - Filling up the DagBag from /home/airflow/.local/lib/python3.12/site-packages/airflow/example_dags/example_subdag_operator.py
[2024-11-16T05:00:30.114+0000] {processor.py:925} INFO - DAG(s) 'example_subdag_operator.section-1', 'example_subdag_operator.section-2', 'example_subdag_operator' retrieved from /home/airflow/.local/lib/python3.12/site-packages/airflow/example_dags/example_subdag_operator.py
[2024-11-16T05:00:30.123+0000] {logging_mixin.py:190} INFO - [2024-11-16T05:00:30.123+0000] {dag.py:3239} INFO - Sync 3 DAGs
[2024-11-16T05:00:30.137+0000] {logging_mixin.py:190} INFO - [2024-11-16T05:00:30.136+0000] {dag.py:4180} INFO - Setting next_dagrun for example_subdag_operator to 2022-01-01 00:00:00+00:00, run_after=2022-01-01 00:00:00+00:00
[2024-11-16T05:00:30.139+0000] {logging_mixin.py:190} INFO - [2024-11-16T05:00:30.139+0000] {dag.py:4180} INFO - Setting next_dagrun for example_subdag_operator.section-1 to None, run_after=None
[2024-11-16T05:00:30.140+0000] {logging_mixin.py:190} INFO - [2024-11-16T05:00:30.140+0000] {dag.py:4180} INFO - Setting next_dagrun for example_subdag_operator.section-2 to None, run_after=None
[2024-11-16T05:00:30.144+0000] {logging_mixin.py:190} INFO - [2024-11-16T05:00:30.144+0000] {dag.py:3239} INFO - Sync 2 DAGs
[2024-11-16T05:00:30.147+0000] {logging_mixin.py:190} INFO - [2024-11-16T05:00:30.147+0000] {dag.py:4180} INFO - Setting next_dagrun for example_subdag_operator.section-1 to None, run_after=None
[2024-11-16T05:00:30.147+0000] {logging_mixin.py:190} INFO - [2024-11-16T05:00:30.147+0000] {dag.py:4180} INFO - Setting next_dagrun for example_subdag_operator.section-2 to None, run_after=None
[2024-11-16T05:00:30.154+0000] {processor.py:208} INFO - Processing /home/airflow/.local/lib/python3.12/site-packages/airflow/example_dags/example_subdag_operator.py took 0.060 seconds
[2024-11-16T05:01:00.482+0000] {processor.py:186} INFO - Started process (PID=310) to work on /home/airflow/.local/lib/python3.12/site-packages/airflow/example_dags/example_subdag_operator.py
[2024-11-16T05:01:00.483+0000] {processor.py:914} INFO - Processing file /home/airflow/.local/lib/python3.12/site-packages/airflow/example_dags/example_subdag_operator.py for tasks to queue
[2024-11-16T05:01:00.485+0000] {logging_mixin.py:190} INFO - [2024-11-16T05:01:00.484+0000] {dagbag.py:588} INFO - Filling up the DagBag from /home/airflow/.local/lib/python3.12/site-packages/airflow/example_dags/example_subdag_operator.py
[2024-11-16T05:01:00.502+0000] {processor.py:925} INFO - DAG(s) 'example_subdag_operator.section-1', 'example_subdag_operator.section-2', 'example_subdag_operator' retrieved from /home/airflow/.local/lib/python3.12/site-packages/airflow/example_dags/example_subdag_operator.py
[2024-11-16T05:01:00.514+0000] {logging_mixin.py:190} INFO - [2024-11-16T05:01:00.514+0000] {dag.py:3239} INFO - Sync 3 DAGs
[2024-11-16T05:01:00.531+0000] {logging_mixin.py:190} INFO - [2024-11-16T05:01:00.530+0000] {dag.py:4180} INFO - Setting next_dagrun for example_subdag_operator to 2022-01-01 00:00:00+00:00, run_after=2022-01-01 00:00:00+00:00
[2024-11-16T05:01:00.533+0000] {logging_mixin.py:190} INFO - [2024-11-16T05:01:00.533+0000] {dag.py:4180} INFO - Setting next_dagrun for example_subdag_operator.section-1 to None, run_after=None
[2024-11-16T05:01:00.534+0000] {logging_mixin.py:190} INFO - [2024-11-16T05:01:00.534+0000] {dag.py:4180} INFO - Setting next_dagrun for example_subdag_operator.section-2 to None, run_after=None
[2024-11-16T05:01:00.539+0000] {logging_mixin.py:190} INFO - [2024-11-16T05:01:00.539+0000] {dag.py:3239} INFO - Sync 2 DAGs
[2024-11-16T05:01:00.543+0000] {logging_mixin.py:190} INFO - [2024-11-16T05:01:00.542+0000] {dag.py:4180} INFO - Setting next_dagrun for example_subdag_operator.section-1 to None, run_after=None
[2024-11-16T05:01:00.543+0000] {logging_mixin.py:190} INFO - [2024-11-16T05:01:00.543+0000] {dag.py:4180} INFO - Setting next_dagrun for example_subdag_operator.section-2 to None, run_after=None
[2024-11-16T05:01:00.552+0000] {processor.py:208} INFO - Processing /home/airflow/.local/lib/python3.12/site-packages/airflow/example_dags/example_subdag_operator.py took 0.074 seconds
[2024-11-16T05:01:31.345+0000] {processor.py:186} INFO - Started process (PID=377) to work on /home/airflow/.local/lib/python3.12/site-packages/airflow/example_dags/example_subdag_operator.py
[2024-11-16T05:01:31.346+0000] {processor.py:914} INFO - Processing file /home/airflow/.local/lib/python3.12/site-packages/airflow/example_dags/example_subdag_operator.py for tasks to queue
[2024-11-16T05:01:31.347+0000] {logging_mixin.py:190} INFO - [2024-11-16T05:01:31.347+0000] {dagbag.py:588} INFO - Filling up the DagBag from /home/airflow/.local/lib/python3.12/site-packages/airflow/example_dags/example_subdag_operator.py
[2024-11-16T05:01:31.364+0000] {processor.py:925} INFO - DAG(s) 'example_subdag_operator.section-1', 'example_subdag_operator.section-2', 'example_subdag_operator' retrieved from /home/airflow/.local/lib/python3.12/site-packages/airflow/example_dags/example_subdag_operator.py
[2024-11-16T05:01:31.374+0000] {logging_mixin.py:190} INFO - [2024-11-16T05:01:31.374+0000] {dag.py:3239} INFO - Sync 3 DAGs
[2024-11-16T05:01:31.390+0000] {logging_mixin.py:190} INFO - [2024-11-16T05:01:31.390+0000] {dag.py:4180} INFO - Setting next_dagrun for example_subdag_operator to 2022-01-01 00:00:00+00:00, run_after=2022-01-01 00:00:00+00:00
[2024-11-16T05:01:31.393+0000] {logging_mixin.py:190} INFO - [2024-11-16T05:01:31.393+0000] {dag.py:4180} INFO - Setting next_dagrun for example_subdag_operator.section-1 to None, run_after=None
[2024-11-16T05:01:31.395+0000] {logging_mixin.py:190} INFO - [2024-11-16T05:01:31.395+0000] {dag.py:4180} INFO - Setting next_dagrun for example_subdag_operator.section-2 to None, run_after=None
[2024-11-16T05:01:31.400+0000] {logging_mixin.py:190} INFO - [2024-11-16T05:01:31.400+0000] {dag.py:3239} INFO - Sync 2 DAGs
[2024-11-16T05:01:31.404+0000] {logging_mixin.py:190} INFO - [2024-11-16T05:01:31.404+0000] {dag.py:4180} INFO - Setting next_dagrun for example_subdag_operator.section-1 to None, run_after=None
[2024-11-16T05:01:31.405+0000] {logging_mixin.py:190} INFO - [2024-11-16T05:01:31.404+0000] {dag.py:4180} INFO - Setting next_dagrun for example_subdag_operator.section-2 to None, run_after=None
[2024-11-16T05:01:31.414+0000] {processor.py:208} INFO - Processing /home/airflow/.local/lib/python3.12/site-packages/airflow/example_dags/example_subdag_operator.py took 0.072 seconds
[2024-11-16T05:02:02.386+0000] {processor.py:186} INFO - Started process (PID=445) to work on /home/airflow/.local/lib/python3.12/site-packages/airflow/example_dags/example_subdag_operator.py
[2024-11-16T05:02:02.387+0000] {processor.py:914} INFO - Processing file /home/airflow/.local/lib/python3.12/site-packages/airflow/example_dags/example_subdag_operator.py for tasks to queue
[2024-11-16T05:02:02.389+0000] {logging_mixin.py:190} INFO - [2024-11-16T05:02:02.389+0000] {dagbag.py:588} INFO - Filling up the DagBag from /home/airflow/.local/lib/python3.12/site-packages/airflow/example_dags/example_subdag_operator.py
[2024-11-16T05:02:02.409+0000] {processor.py:925} INFO - DAG(s) 'example_subdag_operator.section-1', 'example_subdag_operator.section-2', 'example_subdag_operator' retrieved from /home/airflow/.local/lib/python3.12/site-packages/airflow/example_dags/example_subdag_operator.py
[2024-11-16T05:02:02.420+0000] {logging_mixin.py:190} INFO - [2024-11-16T05:02:02.420+0000] {dag.py:3239} INFO - Sync 3 DAGs
[2024-11-16T05:02:02.439+0000] {logging_mixin.py:190} INFO - [2024-11-16T05:02:02.438+0000] {dag.py:4180} INFO - Setting next_dagrun for example_subdag_operator to 2022-01-01 00:00:00+00:00, run_after=2022-01-01 00:00:00+00:00
[2024-11-16T05:02:02.441+0000] {logging_mixin.py:190} INFO - [2024-11-16T05:02:02.441+0000] {dag.py:4180} INFO - Setting next_dagrun for example_subdag_operator.section-1 to None, run_after=None
[2024-11-16T05:02:02.443+0000] {logging_mixin.py:190} INFO - [2024-11-16T05:02:02.442+0000] {dag.py:4180} INFO - Setting next_dagrun for example_subdag_operator.section-2 to None, run_after=None
[2024-11-16T05:02:02.448+0000] {logging_mixin.py:190} INFO - [2024-11-16T05:02:02.448+0000] {dag.py:3239} INFO - Sync 2 DAGs
[2024-11-16T05:02:02.454+0000] {logging_mixin.py:190} INFO - [2024-11-16T05:02:02.453+0000] {dag.py:4180} INFO - Setting next_dagrun for example_subdag_operator.section-1 to None, run_after=None
[2024-11-16T05:02:02.454+0000] {logging_mixin.py:190} INFO - [2024-11-16T05:02:02.454+0000] {dag.py:4180} INFO - Setting next_dagrun for example_subdag_operator.section-2 to None, run_after=None
[2024-11-16T05:02:02.464+0000] {processor.py:208} INFO - Processing /home/airflow/.local/lib/python3.12/site-packages/airflow/example_dags/example_subdag_operator.py took 0.082 seconds
[2024-11-16T05:02:33.716+0000] {processor.py:186} INFO - Started process (PID=513) to work on /home/airflow/.local/lib/python3.12/site-packages/airflow/example_dags/example_subdag_operator.py
[2024-11-16T05:02:33.716+0000] {processor.py:914} INFO - Processing file /home/airflow/.local/lib/python3.12/site-packages/airflow/example_dags/example_subdag_operator.py for tasks to queue
[2024-11-16T05:02:33.718+0000] {logging_mixin.py:190} INFO - [2024-11-16T05:02:33.717+0000] {dagbag.py:588} INFO - Filling up the DagBag from /home/airflow/.local/lib/python3.12/site-packages/airflow/example_dags/example_subdag_operator.py
[2024-11-16T05:02:33.744+0000] {processor.py:925} INFO - DAG(s) 'example_subdag_operator.section-1', 'example_subdag_operator.section-2', 'example_subdag_operator' retrieved from /home/airflow/.local/lib/python3.12/site-packages/airflow/example_dags/example_subdag_operator.py
[2024-11-16T05:02:33.759+0000] {logging_mixin.py:190} INFO - [2024-11-16T05:02:33.759+0000] {dag.py:3239} INFO - Sync 3 DAGs
[2024-11-16T05:02:33.793+0000] {logging_mixin.py:190} INFO - [2024-11-16T05:02:33.793+0000] {dag.py:4180} INFO - Setting next_dagrun for example_subdag_operator to 2022-01-01 00:00:00+00:00, run_after=2022-01-01 00:00:00+00:00
[2024-11-16T05:02:33.805+0000] {logging_mixin.py:190} INFO - [2024-11-16T05:02:33.805+0000] {dag.py:4180} INFO - Setting next_dagrun for example_subdag_operator.section-1 to None, run_after=None
[2024-11-16T05:02:33.809+0000] {logging_mixin.py:190} INFO - [2024-11-16T05:02:33.807+0000] {dag.py:4180} INFO - Setting next_dagrun for example_subdag_operator.section-2 to None, run_after=None
[2024-11-16T05:02:33.821+0000] {logging_mixin.py:190} INFO - [2024-11-16T05:02:33.821+0000] {dag.py:3239} INFO - Sync 2 DAGs
[2024-11-16T05:02:33.829+0000] {logging_mixin.py:190} INFO - [2024-11-16T05:02:33.828+0000] {dag.py:4180} INFO - Setting next_dagrun for example_subdag_operator.section-1 to None, run_after=None
[2024-11-16T05:02:33.830+0000] {logging_mixin.py:190} INFO - [2024-11-16T05:02:33.830+0000] {dag.py:4180} INFO - Setting next_dagrun for example_subdag_operator.section-2 to None, run_after=None
[2024-11-16T05:02:33.844+0000] {processor.py:208} INFO - Processing /home/airflow/.local/lib/python3.12/site-packages/airflow/example_dags/example_subdag_operator.py took 0.132 seconds
[2024-11-16T05:03:04.251+0000] {processor.py:186} INFO - Started process (PID=581) to work on /home/airflow/.local/lib/python3.12/site-packages/airflow/example_dags/example_subdag_operator.py
[2024-11-16T05:03:04.252+0000] {processor.py:914} INFO - Processing file /home/airflow/.local/lib/python3.12/site-packages/airflow/example_dags/example_subdag_operator.py for tasks to queue
[2024-11-16T05:03:04.254+0000] {logging_mixin.py:190} INFO - [2024-11-16T05:03:04.254+0000] {dagbag.py:588} INFO - Filling up the DagBag from /home/airflow/.local/lib/python3.12/site-packages/airflow/example_dags/example_subdag_operator.py
[2024-11-16T05:03:04.272+0000] {processor.py:925} INFO - DAG(s) 'example_subdag_operator.section-1', 'example_subdag_operator.section-2', 'example_subdag_operator' retrieved from /home/airflow/.local/lib/python3.12/site-packages/airflow/example_dags/example_subdag_operator.py
[2024-11-16T05:03:04.285+0000] {logging_mixin.py:190} INFO - [2024-11-16T05:03:04.285+0000] {dag.py:3239} INFO - Sync 3 DAGs
[2024-11-16T05:03:04.309+0000] {logging_mixin.py:190} INFO - [2024-11-16T05:03:04.309+0000] {dag.py:4180} INFO - Setting next_dagrun for example_subdag_operator to 2022-01-01 00:00:00+00:00, run_after=2022-01-01 00:00:00+00:00
[2024-11-16T05:03:04.314+0000] {logging_mixin.py:190} INFO - [2024-11-16T05:03:04.313+0000] {dag.py:4180} INFO - Setting next_dagrun for example_subdag_operator.section-1 to None, run_after=None
[2024-11-16T05:03:04.319+0000] {logging_mixin.py:190} INFO - [2024-11-16T05:03:04.318+0000] {dag.py:4180} INFO - Setting next_dagrun for example_subdag_operator.section-2 to None, run_after=None
[2024-11-16T05:03:04.336+0000] {logging_mixin.py:190} INFO - [2024-11-16T05:03:04.335+0000] {dag.py:3239} INFO - Sync 2 DAGs
[2024-11-16T05:03:04.345+0000] {logging_mixin.py:190} INFO - [2024-11-16T05:03:04.344+0000] {dag.py:4180} INFO - Setting next_dagrun for example_subdag_operator.section-1 to None, run_after=None
[2024-11-16T05:03:04.345+0000] {logging_mixin.py:190} INFO - [2024-11-16T05:03:04.345+0000] {dag.py:4180} INFO - Setting next_dagrun for example_subdag_operator.section-2 to None, run_after=None
[2024-11-16T05:03:04.366+0000] {processor.py:208} INFO - Processing /home/airflow/.local/lib/python3.12/site-packages/airflow/example_dags/example_subdag_operator.py took 0.120 seconds
[2024-11-16T05:03:34.999+0000] {processor.py:186} INFO - Started process (PID=649) to work on /home/airflow/.local/lib/python3.12/site-packages/airflow/example_dags/example_subdag_operator.py
[2024-11-16T05:03:34.999+0000] {processor.py:914} INFO - Processing file /home/airflow/.local/lib/python3.12/site-packages/airflow/example_dags/example_subdag_operator.py for tasks to queue
[2024-11-16T05:03:35.001+0000] {logging_mixin.py:190} INFO - [2024-11-16T05:03:35.001+0000] {dagbag.py:588} INFO - Filling up the DagBag from /home/airflow/.local/lib/python3.12/site-packages/airflow/example_dags/example_subdag_operator.py
[2024-11-16T05:03:35.025+0000] {processor.py:925} INFO - DAG(s) 'example_subdag_operator.section-1', 'example_subdag_operator.section-2', 'example_subdag_operator' retrieved from /home/airflow/.local/lib/python3.12/site-packages/airflow/example_dags/example_subdag_operator.py
[2024-11-16T05:03:35.038+0000] {logging_mixin.py:190} INFO - [2024-11-16T05:03:35.037+0000] {dag.py:3239} INFO - Sync 3 DAGs
[2024-11-16T05:03:35.059+0000] {logging_mixin.py:190} INFO - [2024-11-16T05:03:35.059+0000] {dag.py:4180} INFO - Setting next_dagrun for example_subdag_operator to 2022-01-01 00:00:00+00:00, run_after=2022-01-01 00:00:00+00:00
[2024-11-16T05:03:35.063+0000] {logging_mixin.py:190} INFO - [2024-11-16T05:03:35.063+0000] {dag.py:4180} INFO - Setting next_dagrun for example_subdag_operator.section-1 to None, run_after=None
[2024-11-16T05:03:35.064+0000] {logging_mixin.py:190} INFO - [2024-11-16T05:03:35.064+0000] {dag.py:4180} INFO - Setting next_dagrun for example_subdag_operator.section-2 to None, run_after=None
[2024-11-16T05:03:35.069+0000] {logging_mixin.py:190} INFO - [2024-11-16T05:03:35.069+0000] {dag.py:3239} INFO - Sync 2 DAGs
[2024-11-16T05:03:35.075+0000] {logging_mixin.py:190} INFO - [2024-11-16T05:03:35.075+0000] {dag.py:4180} INFO - Setting next_dagrun for example_subdag_operator.section-1 to None, run_after=None
[2024-11-16T05:03:35.075+0000] {logging_mixin.py:190} INFO - [2024-11-16T05:03:35.075+0000] {dag.py:4180} INFO - Setting next_dagrun for example_subdag_operator.section-2 to None, run_after=None
[2024-11-16T05:03:35.086+0000] {processor.py:208} INFO - Processing /home/airflow/.local/lib/python3.12/site-packages/airflow/example_dags/example_subdag_operator.py took 0.091 seconds
[2024-11-16T05:04:05.300+0000] {processor.py:186} INFO - Started process (PID=717) to work on /home/airflow/.local/lib/python3.12/site-packages/airflow/example_dags/example_subdag_operator.py
[2024-11-16T05:04:05.302+0000] {processor.py:914} INFO - Processing file /home/airflow/.local/lib/python3.12/site-packages/airflow/example_dags/example_subdag_operator.py for tasks to queue
[2024-11-16T05:04:05.305+0000] {logging_mixin.py:190} INFO - [2024-11-16T05:04:05.304+0000] {dagbag.py:588} INFO - Filling up the DagBag from /home/airflow/.local/lib/python3.12/site-packages/airflow/example_dags/example_subdag_operator.py
[2024-11-16T05:04:05.329+0000] {processor.py:925} INFO - DAG(s) 'example_subdag_operator.section-1', 'example_subdag_operator.section-2', 'example_subdag_operator' retrieved from /home/airflow/.local/lib/python3.12/site-packages/airflow/example_dags/example_subdag_operator.py
[2024-11-16T05:04:05.345+0000] {logging_mixin.py:190} INFO - [2024-11-16T05:04:05.344+0000] {dag.py:3239} INFO - Sync 3 DAGs
[2024-11-16T05:04:05.365+0000] {logging_mixin.py:190} INFO - [2024-11-16T05:04:05.365+0000] {dag.py:4180} INFO - Setting next_dagrun for example_subdag_operator to 2022-01-01 00:00:00+00:00, run_after=2022-01-01 00:00:00+00:00
[2024-11-16T05:04:05.368+0000] {logging_mixin.py:190} INFO - [2024-11-16T05:04:05.368+0000] {dag.py:4180} INFO - Setting next_dagrun for example_subdag_operator.section-1 to None, run_after=None
[2024-11-16T05:04:05.372+0000] {logging_mixin.py:190} INFO - [2024-11-16T05:04:05.371+0000] {dag.py:4180} INFO - Setting next_dagrun for example_subdag_operator.section-2 to None, run_after=None
[2024-11-16T05:04:05.380+0000] {logging_mixin.py:190} INFO - [2024-11-16T05:04:05.379+0000] {dag.py:3239} INFO - Sync 2 DAGs
[2024-11-16T05:04:05.385+0000] {logging_mixin.py:190} INFO - [2024-11-16T05:04:05.384+0000] {dag.py:4180} INFO - Setting next_dagrun for example_subdag_operator.section-1 to None, run_after=None
[2024-11-16T05:04:05.385+0000] {logging_mixin.py:190} INFO - [2024-11-16T05:04:05.385+0000] {dag.py:4180} INFO - Setting next_dagrun for example_subdag_operator.section-2 to None, run_after=None
[2024-11-16T05:04:05.396+0000] {processor.py:208} INFO - Processing /home/airflow/.local/lib/python3.12/site-packages/airflow/example_dags/example_subdag_operator.py took 0.100 seconds
[2024-11-16T05:04:35.750+0000] {processor.py:186} INFO - Started process (PID=784) to work on /home/airflow/.local/lib/python3.12/site-packages/airflow/example_dags/example_subdag_operator.py
[2024-11-16T05:04:35.751+0000] {processor.py:914} INFO - Processing file /home/airflow/.local/lib/python3.12/site-packages/airflow/example_dags/example_subdag_operator.py for tasks to queue
[2024-11-16T05:04:35.754+0000] {logging_mixin.py:190} INFO - [2024-11-16T05:04:35.753+0000] {dagbag.py:588} INFO - Filling up the DagBag from /home/airflow/.local/lib/python3.12/site-packages/airflow/example_dags/example_subdag_operator.py
[2024-11-16T05:04:35.775+0000] {processor.py:925} INFO - DAG(s) 'example_subdag_operator.section-1', 'example_subdag_operator.section-2', 'example_subdag_operator' retrieved from /home/airflow/.local/lib/python3.12/site-packages/airflow/example_dags/example_subdag_operator.py
[2024-11-16T05:04:35.787+0000] {logging_mixin.py:190} INFO - [2024-11-16T05:04:35.787+0000] {dag.py:3239} INFO - Sync 3 DAGs
[2024-11-16T05:04:35.805+0000] {logging_mixin.py:190} INFO - [2024-11-16T05:04:35.805+0000] {dag.py:4180} INFO - Setting next_dagrun for example_subdag_operator to 2022-01-01 00:00:00+00:00, run_after=2022-01-01 00:00:00+00:00
[2024-11-16T05:04:35.809+0000] {logging_mixin.py:190} INFO - [2024-11-16T05:04:35.808+0000] {dag.py:4180} INFO - Setting next_dagrun for example_subdag_operator.section-1 to None, run_after=None
[2024-11-16T05:04:35.810+0000] {logging_mixin.py:190} INFO - [2024-11-16T05:04:35.810+0000] {dag.py:4180} INFO - Setting next_dagrun for example_subdag_operator.section-2 to None, run_after=None
[2024-11-16T05:04:35.815+0000] {logging_mixin.py:190} INFO - [2024-11-16T05:04:35.815+0000] {dag.py:3239} INFO - Sync 2 DAGs
[2024-11-16T05:04:35.820+0000] {logging_mixin.py:190} INFO - [2024-11-16T05:04:35.820+0000] {dag.py:4180} INFO - Setting next_dagrun for example_subdag_operator.section-1 to None, run_after=None
[2024-11-16T05:04:35.821+0000] {logging_mixin.py:190} INFO - [2024-11-16T05:04:35.821+0000] {dag.py:4180} INFO - Setting next_dagrun for example_subdag_operator.section-2 to None, run_after=None
[2024-11-16T05:04:35.831+0000] {processor.py:208} INFO - Processing /home/airflow/.local/lib/python3.12/site-packages/airflow/example_dags/example_subdag_operator.py took 0.085 seconds
[2024-11-16T05:05:06.412+0000] {processor.py:186} INFO - Started process (PID=851) to work on /home/airflow/.local/lib/python3.12/site-packages/airflow/example_dags/example_subdag_operator.py
[2024-11-16T05:05:06.413+0000] {processor.py:914} INFO - Processing file /home/airflow/.local/lib/python3.12/site-packages/airflow/example_dags/example_subdag_operator.py for tasks to queue
[2024-11-16T05:05:06.415+0000] {logging_mixin.py:190} INFO - [2024-11-16T05:05:06.415+0000] {dagbag.py:588} INFO - Filling up the DagBag from /home/airflow/.local/lib/python3.12/site-packages/airflow/example_dags/example_subdag_operator.py
[2024-11-16T05:05:06.436+0000] {processor.py:925} INFO - DAG(s) 'example_subdag_operator.section-1', 'example_subdag_operator.section-2', 'example_subdag_operator' retrieved from /home/airflow/.local/lib/python3.12/site-packages/airflow/example_dags/example_subdag_operator.py
[2024-11-16T05:05:06.445+0000] {logging_mixin.py:190} INFO - [2024-11-16T05:05:06.445+0000] {dag.py:3239} INFO - Sync 3 DAGs
[2024-11-16T05:05:06.463+0000] {logging_mixin.py:190} INFO - [2024-11-16T05:05:06.463+0000] {dag.py:4180} INFO - Setting next_dagrun for example_subdag_operator to 2022-01-01 00:00:00+00:00, run_after=2022-01-01 00:00:00+00:00
[2024-11-16T05:05:06.466+0000] {logging_mixin.py:190} INFO - [2024-11-16T05:05:06.465+0000] {dag.py:4180} INFO - Setting next_dagrun for example_subdag_operator.section-1 to None, run_after=None
[2024-11-16T05:05:06.467+0000] {logging_mixin.py:190} INFO - [2024-11-16T05:05:06.467+0000] {dag.py:4180} INFO - Setting next_dagrun for example_subdag_operator.section-2 to None, run_after=None
[2024-11-16T05:05:06.472+0000] {logging_mixin.py:190} INFO - [2024-11-16T05:05:06.472+0000] {dag.py:3239} INFO - Sync 2 DAGs
[2024-11-16T05:05:06.477+0000] {logging_mixin.py:190} INFO - [2024-11-16T05:05:06.477+0000] {dag.py:4180} INFO - Setting next_dagrun for example_subdag_operator.section-1 to None, run_after=None
[2024-11-16T05:05:06.478+0000] {logging_mixin.py:190} INFO - [2024-11-16T05:05:06.478+0000] {dag.py:4180} INFO - Setting next_dagrun for example_subdag_operator.section-2 to None, run_after=None
[2024-11-16T05:05:06.487+0000] {processor.py:208} INFO - Processing /home/airflow/.local/lib/python3.12/site-packages/airflow/example_dags/example_subdag_operator.py took 0.081 seconds
[2024-11-16T05:05:36.985+0000] {processor.py:186} INFO - Started process (PID=919) to work on /home/airflow/.local/lib/python3.12/site-packages/airflow/example_dags/example_subdag_operator.py
[2024-11-16T05:05:36.986+0000] {processor.py:914} INFO - Processing file /home/airflow/.local/lib/python3.12/site-packages/airflow/example_dags/example_subdag_operator.py for tasks to queue
[2024-11-16T05:05:36.988+0000] {logging_mixin.py:190} INFO - [2024-11-16T05:05:36.988+0000] {dagbag.py:588} INFO - Filling up the DagBag from /home/airflow/.local/lib/python3.12/site-packages/airflow/example_dags/example_subdag_operator.py
[2024-11-16T05:05:37.015+0000] {processor.py:925} INFO - DAG(s) 'example_subdag_operator.section-1', 'example_subdag_operator.section-2', 'example_subdag_operator' retrieved from /home/airflow/.local/lib/python3.12/site-packages/airflow/example_dags/example_subdag_operator.py
[2024-11-16T05:05:37.027+0000] {logging_mixin.py:190} INFO - [2024-11-16T05:05:37.026+0000] {dag.py:3239} INFO - Sync 3 DAGs
[2024-11-16T05:05:37.051+0000] {logging_mixin.py:190} INFO - [2024-11-16T05:05:37.051+0000] {dag.py:4180} INFO - Setting next_dagrun for example_subdag_operator to 2022-01-01 00:00:00+00:00, run_after=2022-01-01 00:00:00+00:00
[2024-11-16T05:05:37.058+0000] {logging_mixin.py:190} INFO - [2024-11-16T05:05:37.057+0000] {dag.py:4180} INFO - Setting next_dagrun for example_subdag_operator.section-1 to None, run_after=None
[2024-11-16T05:05:37.061+0000] {logging_mixin.py:190} INFO - [2024-11-16T05:05:37.060+0000] {dag.py:4180} INFO - Setting next_dagrun for example_subdag_operator.section-2 to None, run_after=None
[2024-11-16T05:05:37.070+0000] {logging_mixin.py:190} INFO - [2024-11-16T05:05:37.070+0000] {dag.py:3239} INFO - Sync 2 DAGs
[2024-11-16T05:05:37.080+0000] {logging_mixin.py:190} INFO - [2024-11-16T05:05:37.079+0000] {dag.py:4180} INFO - Setting next_dagrun for example_subdag_operator.section-1 to None, run_after=None
[2024-11-16T05:05:37.080+0000] {logging_mixin.py:190} INFO - [2024-11-16T05:05:37.080+0000] {dag.py:4180} INFO - Setting next_dagrun for example_subdag_operator.section-2 to None, run_after=None
[2024-11-16T05:05:37.099+0000] {processor.py:208} INFO - Processing /home/airflow/.local/lib/python3.12/site-packages/airflow/example_dags/example_subdag_operator.py took 0.118 seconds
[2024-11-16T05:06:07.780+0000] {processor.py:186} INFO - Started process (PID=987) to work on /home/airflow/.local/lib/python3.12/site-packages/airflow/example_dags/example_subdag_operator.py
[2024-11-16T05:06:07.780+0000] {processor.py:914} INFO - Processing file /home/airflow/.local/lib/python3.12/site-packages/airflow/example_dags/example_subdag_operator.py for tasks to queue
[2024-11-16T05:06:07.782+0000] {logging_mixin.py:190} INFO - [2024-11-16T05:06:07.782+0000] {dagbag.py:588} INFO - Filling up the DagBag from /home/airflow/.local/lib/python3.12/site-packages/airflow/example_dags/example_subdag_operator.py
[2024-11-16T05:06:07.807+0000] {processor.py:925} INFO - DAG(s) 'example_subdag_operator.section-1', 'example_subdag_operator.section-2', 'example_subdag_operator' retrieved from /home/airflow/.local/lib/python3.12/site-packages/airflow/example_dags/example_subdag_operator.py
[2024-11-16T05:06:07.821+0000] {logging_mixin.py:190} INFO - [2024-11-16T05:06:07.821+0000] {dag.py:3239} INFO - Sync 3 DAGs
[2024-11-16T05:06:07.847+0000] {logging_mixin.py:190} INFO - [2024-11-16T05:06:07.846+0000] {dag.py:4180} INFO - Setting next_dagrun for example_subdag_operator to 2022-01-01 00:00:00+00:00, run_after=2022-01-01 00:00:00+00:00
[2024-11-16T05:06:07.851+0000] {logging_mixin.py:190} INFO - [2024-11-16T05:06:07.851+0000] {dag.py:4180} INFO - Setting next_dagrun for example_subdag_operator.section-1 to None, run_after=None
[2024-11-16T05:06:07.853+0000] {logging_mixin.py:190} INFO - [2024-11-16T05:06:07.853+0000] {dag.py:4180} INFO - Setting next_dagrun for example_subdag_operator.section-2 to None, run_after=None
[2024-11-16T05:06:07.861+0000] {logging_mixin.py:190} INFO - [2024-11-16T05:06:07.861+0000] {dag.py:3239} INFO - Sync 2 DAGs
[2024-11-16T05:06:07.870+0000] {logging_mixin.py:190} INFO - [2024-11-16T05:06:07.869+0000] {dag.py:4180} INFO - Setting next_dagrun for example_subdag_operator.section-1 to None, run_after=None
[2024-11-16T05:06:07.870+0000] {logging_mixin.py:190} INFO - [2024-11-16T05:06:07.870+0000] {dag.py:4180} INFO - Setting next_dagrun for example_subdag_operator.section-2 to None, run_after=None
[2024-11-16T05:06:07.884+0000] {processor.py:208} INFO - Processing /home/airflow/.local/lib/python3.12/site-packages/airflow/example_dags/example_subdag_operator.py took 0.109 seconds
[2024-11-16T05:06:38.823+0000] {processor.py:186} INFO - Started process (PID=1055) to work on /home/airflow/.local/lib/python3.12/site-packages/airflow/example_dags/example_subdag_operator.py
[2024-11-16T05:06:38.824+0000] {processor.py:914} INFO - Processing file /home/airflow/.local/lib/python3.12/site-packages/airflow/example_dags/example_subdag_operator.py for tasks to queue
[2024-11-16T05:06:38.825+0000] {logging_mixin.py:190} INFO - [2024-11-16T05:06:38.825+0000] {dagbag.py:588} INFO - Filling up the DagBag from /home/airflow/.local/lib/python3.12/site-packages/airflow/example_dags/example_subdag_operator.py
[2024-11-16T05:06:38.850+0000] {processor.py:925} INFO - DAG(s) 'example_subdag_operator.section-1', 'example_subdag_operator.section-2', 'example_subdag_operator' retrieved from /home/airflow/.local/lib/python3.12/site-packages/airflow/example_dags/example_subdag_operator.py
[2024-11-16T05:06:38.864+0000] {logging_mixin.py:190} INFO - [2024-11-16T05:06:38.863+0000] {dag.py:3239} INFO - Sync 3 DAGs
[2024-11-16T05:06:38.885+0000] {logging_mixin.py:190} INFO - [2024-11-16T05:06:38.884+0000] {dag.py:4180} INFO - Setting next_dagrun for example_subdag_operator to 2022-01-01 00:00:00+00:00, run_after=2022-01-01 00:00:00+00:00
[2024-11-16T05:06:38.888+0000] {logging_mixin.py:190} INFO - [2024-11-16T05:06:38.888+0000] {dag.py:4180} INFO - Setting next_dagrun for example_subdag_operator.section-1 to None, run_after=None
[2024-11-16T05:06:38.894+0000] {logging_mixin.py:190} INFO - [2024-11-16T05:06:38.893+0000] {dag.py:4180} INFO - Setting next_dagrun for example_subdag_operator.section-2 to None, run_after=None
[2024-11-16T05:06:38.901+0000] {logging_mixin.py:190} INFO - [2024-11-16T05:06:38.900+0000] {dag.py:3239} INFO - Sync 2 DAGs
[2024-11-16T05:06:38.906+0000] {logging_mixin.py:190} INFO - [2024-11-16T05:06:38.906+0000] {dag.py:4180} INFO - Setting next_dagrun for example_subdag_operator.section-1 to None, run_after=None
[2024-11-16T05:06:38.907+0000] {logging_mixin.py:190} INFO - [2024-11-16T05:06:38.907+0000] {dag.py:4180} INFO - Setting next_dagrun for example_subdag_operator.section-2 to None, run_after=None
[2024-11-16T05:06:38.921+0000] {processor.py:208} INFO - Processing /home/airflow/.local/lib/python3.12/site-packages/airflow/example_dags/example_subdag_operator.py took 0.102 seconds
[2024-11-16T05:07:09.681+0000] {processor.py:186} INFO - Started process (PID=1123) to work on /home/airflow/.local/lib/python3.12/site-packages/airflow/example_dags/example_subdag_operator.py
[2024-11-16T05:07:09.682+0000] {processor.py:914} INFO - Processing file /home/airflow/.local/lib/python3.12/site-packages/airflow/example_dags/example_subdag_operator.py for tasks to queue
[2024-11-16T05:07:09.683+0000] {logging_mixin.py:190} INFO - [2024-11-16T05:07:09.683+0000] {dagbag.py:588} INFO - Filling up the DagBag from /home/airflow/.local/lib/python3.12/site-packages/airflow/example_dags/example_subdag_operator.py
[2024-11-16T05:07:09.702+0000] {processor.py:925} INFO - DAG(s) 'example_subdag_operator.section-1', 'example_subdag_operator.section-2', 'example_subdag_operator' retrieved from /home/airflow/.local/lib/python3.12/site-packages/airflow/example_dags/example_subdag_operator.py
[2024-11-16T05:07:09.713+0000] {logging_mixin.py:190} INFO - [2024-11-16T05:07:09.712+0000] {dag.py:3239} INFO - Sync 3 DAGs
[2024-11-16T05:07:09.729+0000] {logging_mixin.py:190} INFO - [2024-11-16T05:07:09.729+0000] {dag.py:4180} INFO - Setting next_dagrun for example_subdag_operator to 2022-01-01 00:00:00+00:00, run_after=2022-01-01 00:00:00+00:00
[2024-11-16T05:07:09.732+0000] {logging_mixin.py:190} INFO - [2024-11-16T05:07:09.732+0000] {dag.py:4180} INFO - Setting next_dagrun for example_subdag_operator.section-1 to None, run_after=None
[2024-11-16T05:07:09.733+0000] {logging_mixin.py:190} INFO - [2024-11-16T05:07:09.733+0000] {dag.py:4180} INFO - Setting next_dagrun for example_subdag_operator.section-2 to None, run_after=None
[2024-11-16T05:07:09.739+0000] {logging_mixin.py:190} INFO - [2024-11-16T05:07:09.739+0000] {dag.py:3239} INFO - Sync 2 DAGs
[2024-11-16T05:07:09.743+0000] {logging_mixin.py:190} INFO - [2024-11-16T05:07:09.743+0000] {dag.py:4180} INFO - Setting next_dagrun for example_subdag_operator.section-1 to None, run_after=None
[2024-11-16T05:07:09.743+0000] {logging_mixin.py:190} INFO - [2024-11-16T05:07:09.743+0000] {dag.py:4180} INFO - Setting next_dagrun for example_subdag_operator.section-2 to None, run_after=None
[2024-11-16T05:07:09.754+0000] {processor.py:208} INFO - Processing /home/airflow/.local/lib/python3.12/site-packages/airflow/example_dags/example_subdag_operator.py took 0.076 seconds
[2024-11-16T05:07:40.267+0000] {processor.py:186} INFO - Started process (PID=1191) to work on /home/airflow/.local/lib/python3.12/site-packages/airflow/example_dags/example_subdag_operator.py
[2024-11-16T05:07:40.268+0000] {processor.py:914} INFO - Processing file /home/airflow/.local/lib/python3.12/site-packages/airflow/example_dags/example_subdag_operator.py for tasks to queue
[2024-11-16T05:07:40.269+0000] {logging_mixin.py:190} INFO - [2024-11-16T05:07:40.269+0000] {dagbag.py:588} INFO - Filling up the DagBag from /home/airflow/.local/lib/python3.12/site-packages/airflow/example_dags/example_subdag_operator.py
[2024-11-16T05:07:40.287+0000] {processor.py:925} INFO - DAG(s) 'example_subdag_operator.section-1', 'example_subdag_operator.section-2', 'example_subdag_operator' retrieved from /home/airflow/.local/lib/python3.12/site-packages/airflow/example_dags/example_subdag_operator.py
[2024-11-16T05:07:40.298+0000] {logging_mixin.py:190} INFO - [2024-11-16T05:07:40.297+0000] {dag.py:3239} INFO - Sync 3 DAGs
[2024-11-16T05:07:40.316+0000] {logging_mixin.py:190} INFO - [2024-11-16T05:07:40.315+0000] {dag.py:4180} INFO - Setting next_dagrun for example_subdag_operator to 2022-01-01 00:00:00+00:00, run_after=2022-01-01 00:00:00+00:00
[2024-11-16T05:07:40.319+0000] {logging_mixin.py:190} INFO - [2024-11-16T05:07:40.318+0000] {dag.py:4180} INFO - Setting next_dagrun for example_subdag_operator.section-1 to None, run_after=None
[2024-11-16T05:07:40.320+0000] {logging_mixin.py:190} INFO - [2024-11-16T05:07:40.320+0000] {dag.py:4180} INFO - Setting next_dagrun for example_subdag_operator.section-2 to None, run_after=None
[2024-11-16T05:07:40.325+0000] {logging_mixin.py:190} INFO - [2024-11-16T05:07:40.325+0000] {dag.py:3239} INFO - Sync 2 DAGs
[2024-11-16T05:07:40.330+0000] {logging_mixin.py:190} INFO - [2024-11-16T05:07:40.330+0000] {dag.py:4180} INFO - Setting next_dagrun for example_subdag_operator.section-1 to None, run_after=None
[2024-11-16T05:07:40.330+0000] {logging_mixin.py:190} INFO - [2024-11-16T05:07:40.330+0000] {dag.py:4180} INFO - Setting next_dagrun for example_subdag_operator.section-2 to None, run_after=None
[2024-11-16T05:07:40.340+0000] {processor.py:208} INFO - Processing /home/airflow/.local/lib/python3.12/site-packages/airflow/example_dags/example_subdag_operator.py took 0.077 seconds
[2024-11-16T05:08:11.819+0000] {processor.py:186} INFO - Started process (PID=1260) to work on /home/airflow/.local/lib/python3.12/site-packages/airflow/example_dags/example_subdag_operator.py
[2024-11-16T05:08:11.819+0000] {processor.py:914} INFO - Processing file /home/airflow/.local/lib/python3.12/site-packages/airflow/example_dags/example_subdag_operator.py for tasks to queue
[2024-11-16T05:08:11.821+0000] {logging_mixin.py:190} INFO - [2024-11-16T05:08:11.820+0000] {dagbag.py:588} INFO - Filling up the DagBag from /home/airflow/.local/lib/python3.12/site-packages/airflow/example_dags/example_subdag_operator.py
[2024-11-16T05:08:11.835+0000] {processor.py:925} INFO - DAG(s) 'example_subdag_operator.section-1', 'example_subdag_operator.section-2', 'example_subdag_operator' retrieved from /home/airflow/.local/lib/python3.12/site-packages/airflow/example_dags/example_subdag_operator.py
[2024-11-16T05:08:11.844+0000] {logging_mixin.py:190} INFO - [2024-11-16T05:08:11.844+0000] {dag.py:3239} INFO - Sync 3 DAGs
[2024-11-16T05:08:11.860+0000] {logging_mixin.py:190} INFO - [2024-11-16T05:08:11.860+0000] {dag.py:4180} INFO - Setting next_dagrun for example_subdag_operator to 2022-01-01 00:00:00+00:00, run_after=2022-01-01 00:00:00+00:00
[2024-11-16T05:08:11.862+0000] {logging_mixin.py:190} INFO - [2024-11-16T05:08:11.862+0000] {dag.py:4180} INFO - Setting next_dagrun for example_subdag_operator.section-1 to None, run_after=None
[2024-11-16T05:08:11.863+0000] {logging_mixin.py:190} INFO - [2024-11-16T05:08:11.863+0000] {dag.py:4180} INFO - Setting next_dagrun for example_subdag_operator.section-2 to None, run_after=None
[2024-11-16T05:08:11.867+0000] {logging_mixin.py:190} INFO - [2024-11-16T05:08:11.867+0000] {dag.py:3239} INFO - Sync 2 DAGs
[2024-11-16T05:08:11.870+0000] {logging_mixin.py:190} INFO - [2024-11-16T05:08:11.870+0000] {dag.py:4180} INFO - Setting next_dagrun for example_subdag_operator.section-1 to None, run_after=None
[2024-11-16T05:08:11.870+0000] {logging_mixin.py:190} INFO - [2024-11-16T05:08:11.870+0000] {dag.py:4180} INFO - Setting next_dagrun for example_subdag_operator.section-2 to None, run_after=None
[2024-11-16T05:08:11.879+0000] {processor.py:208} INFO - Processing /home/airflow/.local/lib/python3.12/site-packages/airflow/example_dags/example_subdag_operator.py took 0.064 seconds
[2024-11-16T05:08:43.281+0000] {processor.py:186} INFO - Started process (PID=1328) to work on /home/airflow/.local/lib/python3.12/site-packages/airflow/example_dags/example_subdag_operator.py
[2024-11-16T05:08:43.281+0000] {processor.py:914} INFO - Processing file /home/airflow/.local/lib/python3.12/site-packages/airflow/example_dags/example_subdag_operator.py for tasks to queue
[2024-11-16T05:08:43.283+0000] {logging_mixin.py:190} INFO - [2024-11-16T05:08:43.283+0000] {dagbag.py:588} INFO - Filling up the DagBag from /home/airflow/.local/lib/python3.12/site-packages/airflow/example_dags/example_subdag_operator.py
[2024-11-16T05:08:43.300+0000] {processor.py:925} INFO - DAG(s) 'example_subdag_operator.section-1', 'example_subdag_operator.section-2', 'example_subdag_operator' retrieved from /home/airflow/.local/lib/python3.12/site-packages/airflow/example_dags/example_subdag_operator.py
[2024-11-16T05:08:43.311+0000] {logging_mixin.py:190} INFO - [2024-11-16T05:08:43.311+0000] {dag.py:3239} INFO - Sync 3 DAGs
[2024-11-16T05:08:43.328+0000] {logging_mixin.py:190} INFO - [2024-11-16T05:08:43.328+0000] {dag.py:4180} INFO - Setting next_dagrun for example_subdag_operator to 2022-01-01 00:00:00+00:00, run_after=2022-01-01 00:00:00+00:00
[2024-11-16T05:08:43.331+0000] {logging_mixin.py:190} INFO - [2024-11-16T05:08:43.331+0000] {dag.py:4180} INFO - Setting next_dagrun for example_subdag_operator.section-1 to None, run_after=None
[2024-11-16T05:08:43.332+0000] {logging_mixin.py:190} INFO - [2024-11-16T05:08:43.332+0000] {dag.py:4180} INFO - Setting next_dagrun for example_subdag_operator.section-2 to None, run_after=None
[2024-11-16T05:08:43.339+0000] {logging_mixin.py:190} INFO - [2024-11-16T05:08:43.339+0000] {dag.py:3239} INFO - Sync 2 DAGs
[2024-11-16T05:08:43.348+0000] {logging_mixin.py:190} INFO - [2024-11-16T05:08:43.347+0000] {dag.py:4180} INFO - Setting next_dagrun for example_subdag_operator.section-1 to None, run_after=None
[2024-11-16T05:08:43.348+0000] {logging_mixin.py:190} INFO - [2024-11-16T05:08:43.348+0000] {dag.py:4180} INFO - Setting next_dagrun for example_subdag_operator.section-2 to None, run_after=None
[2024-11-16T05:08:43.362+0000] {processor.py:208} INFO - Processing /home/airflow/.local/lib/python3.12/site-packages/airflow/example_dags/example_subdag_operator.py took 0.085 seconds
[2024-11-16T05:09:14.700+0000] {processor.py:186} INFO - Started process (PID=1396) to work on /home/airflow/.local/lib/python3.12/site-packages/airflow/example_dags/example_subdag_operator.py
[2024-11-16T05:09:14.701+0000] {processor.py:914} INFO - Processing file /home/airflow/.local/lib/python3.12/site-packages/airflow/example_dags/example_subdag_operator.py for tasks to queue
[2024-11-16T05:09:14.703+0000] {logging_mixin.py:190} INFO - [2024-11-16T05:09:14.702+0000] {dagbag.py:588} INFO - Filling up the DagBag from /home/airflow/.local/lib/python3.12/site-packages/airflow/example_dags/example_subdag_operator.py
[2024-11-16T05:09:14.728+0000] {processor.py:925} INFO - DAG(s) 'example_subdag_operator.section-1', 'example_subdag_operator.section-2', 'example_subdag_operator' retrieved from /home/airflow/.local/lib/python3.12/site-packages/airflow/example_dags/example_subdag_operator.py
[2024-11-16T05:09:14.745+0000] {logging_mixin.py:190} INFO - [2024-11-16T05:09:14.744+0000] {dag.py:3239} INFO - Sync 3 DAGs
[2024-11-16T05:09:14.765+0000] {logging_mixin.py:190} INFO - [2024-11-16T05:09:14.765+0000] {dag.py:4180} INFO - Setting next_dagrun for example_subdag_operator to 2022-01-01 00:00:00+00:00, run_after=2022-01-01 00:00:00+00:00
[2024-11-16T05:09:14.769+0000] {logging_mixin.py:190} INFO - [2024-11-16T05:09:14.769+0000] {dag.py:4180} INFO - Setting next_dagrun for example_subdag_operator.section-1 to None, run_after=None
[2024-11-16T05:09:14.771+0000] {logging_mixin.py:190} INFO - [2024-11-16T05:09:14.770+0000] {dag.py:4180} INFO - Setting next_dagrun for example_subdag_operator.section-2 to None, run_after=None
[2024-11-16T05:09:14.776+0000] {logging_mixin.py:190} INFO - [2024-11-16T05:09:14.776+0000] {dag.py:3239} INFO - Sync 2 DAGs
[2024-11-16T05:09:14.781+0000] {logging_mixin.py:190} INFO - [2024-11-16T05:09:14.781+0000] {dag.py:4180} INFO - Setting next_dagrun for example_subdag_operator.section-1 to None, run_after=None
[2024-11-16T05:09:14.782+0000] {logging_mixin.py:190} INFO - [2024-11-16T05:09:14.782+0000] {dag.py:4180} INFO - Setting next_dagrun for example_subdag_operator.section-2 to None, run_after=None
[2024-11-16T05:09:14.795+0000] {processor.py:208} INFO - Processing /home/airflow/.local/lib/python3.12/site-packages/airflow/example_dags/example_subdag_operator.py took 0.102 seconds
[2024-11-16T05:09:45.698+0000] {processor.py:186} INFO - Started process (PID=1464) to work on /home/airflow/.local/lib/python3.12/site-packages/airflow/example_dags/example_subdag_operator.py
[2024-11-16T05:09:45.698+0000] {processor.py:914} INFO - Processing file /home/airflow/.local/lib/python3.12/site-packages/airflow/example_dags/example_subdag_operator.py for tasks to queue
[2024-11-16T05:09:45.700+0000] {logging_mixin.py:190} INFO - [2024-11-16T05:09:45.700+0000] {dagbag.py:588} INFO - Filling up the DagBag from /home/airflow/.local/lib/python3.12/site-packages/airflow/example_dags/example_subdag_operator.py
[2024-11-16T05:09:45.715+0000] {processor.py:925} INFO - DAG(s) 'example_subdag_operator.section-1', 'example_subdag_operator.section-2', 'example_subdag_operator' retrieved from /home/airflow/.local/lib/python3.12/site-packages/airflow/example_dags/example_subdag_operator.py
[2024-11-16T05:09:45.724+0000] {logging_mixin.py:190} INFO - [2024-11-16T05:09:45.724+0000] {dag.py:3239} INFO - Sync 3 DAGs
[2024-11-16T05:09:45.738+0000] {logging_mixin.py:190} INFO - [2024-11-16T05:09:45.737+0000] {dag.py:4180} INFO - Setting next_dagrun for example_subdag_operator to 2022-01-01 00:00:00+00:00, run_after=2022-01-01 00:00:00+00:00
[2024-11-16T05:09:45.740+0000] {logging_mixin.py:190} INFO - [2024-11-16T05:09:45.740+0000] {dag.py:4180} INFO - Setting next_dagrun for example_subdag_operator.section-1 to None, run_after=None
[2024-11-16T05:09:45.741+0000] {logging_mixin.py:190} INFO - [2024-11-16T05:09:45.741+0000] {dag.py:4180} INFO - Setting next_dagrun for example_subdag_operator.section-2 to None, run_after=None
[2024-11-16T05:09:45.745+0000] {logging_mixin.py:190} INFO - [2024-11-16T05:09:45.744+0000] {dag.py:3239} INFO - Sync 2 DAGs
[2024-11-16T05:09:45.748+0000] {logging_mixin.py:190} INFO - [2024-11-16T05:09:45.748+0000] {dag.py:4180} INFO - Setting next_dagrun for example_subdag_operator.section-1 to None, run_after=None
[2024-11-16T05:09:45.748+0000] {logging_mixin.py:190} INFO - [2024-11-16T05:09:45.748+0000] {dag.py:4180} INFO - Setting next_dagrun for example_subdag_operator.section-2 to None, run_after=None
[2024-11-16T05:09:45.757+0000] {processor.py:208} INFO - Processing /home/airflow/.local/lib/python3.12/site-packages/airflow/example_dags/example_subdag_operator.py took 0.063 seconds
[2024-11-16T05:10:16.854+0000] {processor.py:186} INFO - Started process (PID=1532) to work on /home/airflow/.local/lib/python3.12/site-packages/airflow/example_dags/example_subdag_operator.py
[2024-11-16T05:10:16.854+0000] {processor.py:914} INFO - Processing file /home/airflow/.local/lib/python3.12/site-packages/airflow/example_dags/example_subdag_operator.py for tasks to queue
[2024-11-16T05:10:16.856+0000] {logging_mixin.py:190} INFO - [2024-11-16T05:10:16.856+0000] {dagbag.py:588} INFO - Filling up the DagBag from /home/airflow/.local/lib/python3.12/site-packages/airflow/example_dags/example_subdag_operator.py
[2024-11-16T05:10:16.878+0000] {processor.py:925} INFO - DAG(s) 'example_subdag_operator.section-1', 'example_subdag_operator.section-2', 'example_subdag_operator' retrieved from /home/airflow/.local/lib/python3.12/site-packages/airflow/example_dags/example_subdag_operator.py
[2024-11-16T05:10:16.896+0000] {logging_mixin.py:190} INFO - [2024-11-16T05:10:16.896+0000] {dag.py:3239} INFO - Sync 3 DAGs
[2024-11-16T05:10:16.931+0000] {logging_mixin.py:190} INFO - [2024-11-16T05:10:16.931+0000] {dag.py:4180} INFO - Setting next_dagrun for example_subdag_operator to 2022-01-01 00:00:00+00:00, run_after=2022-01-01 00:00:00+00:00
[2024-11-16T05:10:16.938+0000] {logging_mixin.py:190} INFO - [2024-11-16T05:10:16.938+0000] {dag.py:4180} INFO - Setting next_dagrun for example_subdag_operator.section-1 to None, run_after=None
[2024-11-16T05:10:16.942+0000] {logging_mixin.py:190} INFO - [2024-11-16T05:10:16.941+0000] {dag.py:4180} INFO - Setting next_dagrun for example_subdag_operator.section-2 to None, run_after=None
[2024-11-16T05:10:16.963+0000] {logging_mixin.py:190} INFO - [2024-11-16T05:10:16.962+0000] {dag.py:3239} INFO - Sync 2 DAGs
[2024-11-16T05:10:16.974+0000] {logging_mixin.py:190} INFO - [2024-11-16T05:10:16.974+0000] {dag.py:4180} INFO - Setting next_dagrun for example_subdag_operator.section-1 to None, run_after=None
[2024-11-16T05:10:16.975+0000] {logging_mixin.py:190} INFO - [2024-11-16T05:10:16.974+0000] {dag.py:4180} INFO - Setting next_dagrun for example_subdag_operator.section-2 to None, run_after=None
[2024-11-16T05:10:16.991+0000] {processor.py:208} INFO - Processing /home/airflow/.local/lib/python3.12/site-packages/airflow/example_dags/example_subdag_operator.py took 0.142 seconds
[2024-11-16T05:11:30.109+0000] {processor.py:186} INFO - Started process (PID=121) to work on /home/airflow/.local/lib/python3.12/site-packages/airflow/example_dags/example_subdag_operator.py
[2024-11-16T05:11:30.110+0000] {processor.py:914} INFO - Processing file /home/airflow/.local/lib/python3.12/site-packages/airflow/example_dags/example_subdag_operator.py for tasks to queue
[2024-11-16T05:11:30.112+0000] {logging_mixin.py:190} INFO - [2024-11-16T05:11:30.111+0000] {dagbag.py:588} INFO - Filling up the DagBag from /home/airflow/.local/lib/python3.12/site-packages/airflow/example_dags/example_subdag_operator.py
[2024-11-16T05:11:30.140+0000] {processor.py:925} INFO - DAG(s) 'example_subdag_operator.section-1', 'example_subdag_operator.section-2', 'example_subdag_operator' retrieved from /home/airflow/.local/lib/python3.12/site-packages/airflow/example_dags/example_subdag_operator.py
[2024-11-16T05:11:30.155+0000] {logging_mixin.py:190} INFO - [2024-11-16T05:11:30.154+0000] {dag.py:3239} INFO - Sync 3 DAGs
[2024-11-16T05:11:30.179+0000] {logging_mixin.py:190} INFO - [2024-11-16T05:11:30.179+0000] {dag.py:4180} INFO - Setting next_dagrun for example_subdag_operator to 2022-01-01 00:00:00+00:00, run_after=2022-01-01 00:00:00+00:00
[2024-11-16T05:11:30.183+0000] {logging_mixin.py:190} INFO - [2024-11-16T05:11:30.182+0000] {dag.py:4180} INFO - Setting next_dagrun for example_subdag_operator.section-1 to None, run_after=None
[2024-11-16T05:11:30.184+0000] {logging_mixin.py:190} INFO - [2024-11-16T05:11:30.184+0000] {dag.py:4180} INFO - Setting next_dagrun for example_subdag_operator.section-2 to None, run_after=None
[2024-11-16T05:11:30.191+0000] {logging_mixin.py:190} INFO - [2024-11-16T05:11:30.190+0000] {dag.py:3239} INFO - Sync 2 DAGs
[2024-11-16T05:11:30.197+0000] {logging_mixin.py:190} INFO - [2024-11-16T05:11:30.197+0000] {dag.py:4180} INFO - Setting next_dagrun for example_subdag_operator.section-1 to None, run_after=None
[2024-11-16T05:11:30.197+0000] {logging_mixin.py:190} INFO - [2024-11-16T05:11:30.197+0000] {dag.py:4180} INFO - Setting next_dagrun for example_subdag_operator.section-2 to None, run_after=None
[2024-11-16T05:11:30.211+0000] {processor.py:208} INFO - Processing /home/airflow/.local/lib/python3.12/site-packages/airflow/example_dags/example_subdag_operator.py took 0.108 seconds
[2024-11-16T05:12:00.544+0000] {processor.py:186} INFO - Started process (PID=189) to work on /home/airflow/.local/lib/python3.12/site-packages/airflow/example_dags/example_subdag_operator.py
[2024-11-16T05:12:00.544+0000] {processor.py:914} INFO - Processing file /home/airflow/.local/lib/python3.12/site-packages/airflow/example_dags/example_subdag_operator.py for tasks to queue
[2024-11-16T05:12:00.546+0000] {logging_mixin.py:190} INFO - [2024-11-16T05:12:00.546+0000] {dagbag.py:588} INFO - Filling up the DagBag from /home/airflow/.local/lib/python3.12/site-packages/airflow/example_dags/example_subdag_operator.py
[2024-11-16T05:12:00.562+0000] {processor.py:925} INFO - DAG(s) 'example_subdag_operator.section-1', 'example_subdag_operator.section-2', 'example_subdag_operator' retrieved from /home/airflow/.local/lib/python3.12/site-packages/airflow/example_dags/example_subdag_operator.py
[2024-11-16T05:12:00.573+0000] {logging_mixin.py:190} INFO - [2024-11-16T05:12:00.572+0000] {dag.py:3239} INFO - Sync 3 DAGs
[2024-11-16T05:12:00.588+0000] {logging_mixin.py:190} INFO - [2024-11-16T05:12:00.588+0000] {dag.py:4180} INFO - Setting next_dagrun for example_subdag_operator to 2022-01-01 00:00:00+00:00, run_after=2022-01-01 00:00:00+00:00
[2024-11-16T05:12:00.591+0000] {logging_mixin.py:190} INFO - [2024-11-16T05:12:00.591+0000] {dag.py:4180} INFO - Setting next_dagrun for example_subdag_operator.section-1 to None, run_after=None
[2024-11-16T05:12:00.592+0000] {logging_mixin.py:190} INFO - [2024-11-16T05:12:00.592+0000] {dag.py:4180} INFO - Setting next_dagrun for example_subdag_operator.section-2 to None, run_after=None
[2024-11-16T05:12:00.597+0000] {logging_mixin.py:190} INFO - [2024-11-16T05:12:00.597+0000] {dag.py:3239} INFO - Sync 2 DAGs
[2024-11-16T05:12:00.601+0000] {logging_mixin.py:190} INFO - [2024-11-16T05:12:00.601+0000] {dag.py:4180} INFO - Setting next_dagrun for example_subdag_operator.section-1 to None, run_after=None
[2024-11-16T05:12:00.601+0000] {logging_mixin.py:190} INFO - [2024-11-16T05:12:00.601+0000] {dag.py:4180} INFO - Setting next_dagrun for example_subdag_operator.section-2 to None, run_after=None
[2024-11-16T05:12:00.611+0000] {processor.py:208} INFO - Processing /home/airflow/.local/lib/python3.12/site-packages/airflow/example_dags/example_subdag_operator.py took 0.071 seconds
[2024-11-16T05:12:31.462+0000] {processor.py:186} INFO - Started process (PID=256) to work on /home/airflow/.local/lib/python3.12/site-packages/airflow/example_dags/example_subdag_operator.py
[2024-11-16T05:12:31.463+0000] {processor.py:914} INFO - Processing file /home/airflow/.local/lib/python3.12/site-packages/airflow/example_dags/example_subdag_operator.py for tasks to queue
[2024-11-16T05:12:31.465+0000] {logging_mixin.py:190} INFO - [2024-11-16T05:12:31.465+0000] {dagbag.py:588} INFO - Filling up the DagBag from /home/airflow/.local/lib/python3.12/site-packages/airflow/example_dags/example_subdag_operator.py
[2024-11-16T05:12:31.504+0000] {processor.py:925} INFO - DAG(s) 'example_subdag_operator.section-1', 'example_subdag_operator.section-2', 'example_subdag_operator' retrieved from /home/airflow/.local/lib/python3.12/site-packages/airflow/example_dags/example_subdag_operator.py
[2024-11-16T05:12:31.518+0000] {logging_mixin.py:190} INFO - [2024-11-16T05:12:31.518+0000] {dag.py:3239} INFO - Sync 3 DAGs
[2024-11-16T05:12:31.538+0000] {logging_mixin.py:190} INFO - [2024-11-16T05:12:31.538+0000] {dag.py:4180} INFO - Setting next_dagrun for example_subdag_operator to 2022-01-01 00:00:00+00:00, run_after=2022-01-01 00:00:00+00:00
[2024-11-16T05:12:31.541+0000] {logging_mixin.py:190} INFO - [2024-11-16T05:12:31.541+0000] {dag.py:4180} INFO - Setting next_dagrun for example_subdag_operator.section-1 to None, run_after=None
[2024-11-16T05:12:31.543+0000] {logging_mixin.py:190} INFO - [2024-11-16T05:12:31.542+0000] {dag.py:4180} INFO - Setting next_dagrun for example_subdag_operator.section-2 to None, run_after=None
[2024-11-16T05:12:31.549+0000] {logging_mixin.py:190} INFO - [2024-11-16T05:12:31.549+0000] {dag.py:3239} INFO - Sync 2 DAGs
[2024-11-16T05:12:31.554+0000] {logging_mixin.py:190} INFO - [2024-11-16T05:12:31.554+0000] {dag.py:4180} INFO - Setting next_dagrun for example_subdag_operator.section-1 to None, run_after=None
[2024-11-16T05:12:31.555+0000] {logging_mixin.py:190} INFO - [2024-11-16T05:12:31.555+0000] {dag.py:4180} INFO - Setting next_dagrun for example_subdag_operator.section-2 to None, run_after=None
[2024-11-16T05:12:31.567+0000] {processor.py:208} INFO - Processing /home/airflow/.local/lib/python3.12/site-packages/airflow/example_dags/example_subdag_operator.py took 0.112 seconds
[2024-11-16T05:14:15.484+0000] {processor.py:186} INFO - Started process (PID=111) to work on /home/airflow/.local/lib/python3.12/site-packages/airflow/example_dags/example_subdag_operator.py
[2024-11-16T05:14:15.486+0000] {processor.py:914} INFO - Processing file /home/airflow/.local/lib/python3.12/site-packages/airflow/example_dags/example_subdag_operator.py for tasks to queue
[2024-11-16T05:14:15.488+0000] {logging_mixin.py:190} INFO - [2024-11-16T05:14:15.488+0000] {dagbag.py:588} INFO - Filling up the DagBag from /home/airflow/.local/lib/python3.12/site-packages/airflow/example_dags/example_subdag_operator.py
[2024-11-16T05:14:15.515+0000] {processor.py:925} INFO - DAG(s) 'example_subdag_operator.section-1', 'example_subdag_operator.section-2', 'example_subdag_operator' retrieved from /home/airflow/.local/lib/python3.12/site-packages/airflow/example_dags/example_subdag_operator.py
[2024-11-16T05:14:15.531+0000] {logging_mixin.py:190} INFO - [2024-11-16T05:14:15.531+0000] {dag.py:3239} INFO - Sync 3 DAGs
[2024-11-16T05:14:15.555+0000] {logging_mixin.py:190} INFO - [2024-11-16T05:14:15.555+0000] {dag.py:4180} INFO - Setting next_dagrun for example_subdag_operator to 2022-01-01 00:00:00+00:00, run_after=2022-01-01 00:00:00+00:00
[2024-11-16T05:14:15.559+0000] {logging_mixin.py:190} INFO - [2024-11-16T05:14:15.559+0000] {dag.py:4180} INFO - Setting next_dagrun for example_subdag_operator.section-1 to None, run_after=None
[2024-11-16T05:14:15.561+0000] {logging_mixin.py:190} INFO - [2024-11-16T05:14:15.561+0000] {dag.py:4180} INFO - Setting next_dagrun for example_subdag_operator.section-2 to None, run_after=None
[2024-11-16T05:14:15.569+0000] {logging_mixin.py:190} INFO - [2024-11-16T05:14:15.568+0000] {dag.py:3239} INFO - Sync 2 DAGs
[2024-11-16T05:14:15.575+0000] {logging_mixin.py:190} INFO - [2024-11-16T05:14:15.575+0000] {dag.py:4180} INFO - Setting next_dagrun for example_subdag_operator.section-1 to None, run_after=None
[2024-11-16T05:14:15.576+0000] {logging_mixin.py:190} INFO - [2024-11-16T05:14:15.576+0000] {dag.py:4180} INFO - Setting next_dagrun for example_subdag_operator.section-2 to None, run_after=None
[2024-11-16T05:14:15.590+0000] {processor.py:208} INFO - Processing /home/airflow/.local/lib/python3.12/site-packages/airflow/example_dags/example_subdag_operator.py took 0.113 seconds
[2024-11-16T05:14:46.656+0000] {processor.py:186} INFO - Started process (PID=179) to work on /home/airflow/.local/lib/python3.12/site-packages/airflow/example_dags/example_subdag_operator.py
[2024-11-16T05:14:46.657+0000] {processor.py:914} INFO - Processing file /home/airflow/.local/lib/python3.12/site-packages/airflow/example_dags/example_subdag_operator.py for tasks to queue
[2024-11-16T05:14:46.658+0000] {logging_mixin.py:190} INFO - [2024-11-16T05:14:46.658+0000] {dagbag.py:588} INFO - Filling up the DagBag from /home/airflow/.local/lib/python3.12/site-packages/airflow/example_dags/example_subdag_operator.py
[2024-11-16T05:14:46.677+0000] {processor.py:925} INFO - DAG(s) 'example_subdag_operator.section-1', 'example_subdag_operator.section-2', 'example_subdag_operator' retrieved from /home/airflow/.local/lib/python3.12/site-packages/airflow/example_dags/example_subdag_operator.py
[2024-11-16T05:14:46.688+0000] {logging_mixin.py:190} INFO - [2024-11-16T05:14:46.688+0000] {dag.py:3239} INFO - Sync 3 DAGs
[2024-11-16T05:14:46.710+0000] {logging_mixin.py:190} INFO - [2024-11-16T05:14:46.709+0000] {dag.py:4180} INFO - Setting next_dagrun for example_subdag_operator to 2022-01-01 00:00:00+00:00, run_after=2022-01-01 00:00:00+00:00
[2024-11-16T05:14:46.713+0000] {logging_mixin.py:190} INFO - [2024-11-16T05:14:46.713+0000] {dag.py:4180} INFO - Setting next_dagrun for example_subdag_operator.section-1 to None, run_after=None
[2024-11-16T05:14:46.714+0000] {logging_mixin.py:190} INFO - [2024-11-16T05:14:46.714+0000] {dag.py:4180} INFO - Setting next_dagrun for example_subdag_operator.section-2 to None, run_after=None
[2024-11-16T05:14:46.720+0000] {logging_mixin.py:190} INFO - [2024-11-16T05:14:46.719+0000] {dag.py:3239} INFO - Sync 2 DAGs
[2024-11-16T05:14:46.724+0000] {logging_mixin.py:190} INFO - [2024-11-16T05:14:46.724+0000] {dag.py:4180} INFO - Setting next_dagrun for example_subdag_operator.section-1 to None, run_after=None
[2024-11-16T05:14:46.724+0000] {logging_mixin.py:190} INFO - [2024-11-16T05:14:46.724+0000] {dag.py:4180} INFO - Setting next_dagrun for example_subdag_operator.section-2 to None, run_after=None
[2024-11-16T05:14:46.733+0000] {processor.py:208} INFO - Processing /home/airflow/.local/lib/python3.12/site-packages/airflow/example_dags/example_subdag_operator.py took 0.081 seconds
[2024-11-16T05:15:17.499+0000] {processor.py:186} INFO - Started process (PID=248) to work on /home/airflow/.local/lib/python3.12/site-packages/airflow/example_dags/example_subdag_operator.py
[2024-11-16T05:15:17.499+0000] {processor.py:914} INFO - Processing file /home/airflow/.local/lib/python3.12/site-packages/airflow/example_dags/example_subdag_operator.py for tasks to queue
[2024-11-16T05:15:17.501+0000] {logging_mixin.py:190} INFO - [2024-11-16T05:15:17.500+0000] {dagbag.py:588} INFO - Filling up the DagBag from /home/airflow/.local/lib/python3.12/site-packages/airflow/example_dags/example_subdag_operator.py
[2024-11-16T05:15:17.517+0000] {processor.py:925} INFO - DAG(s) 'example_subdag_operator.section-1', 'example_subdag_operator.section-2', 'example_subdag_operator' retrieved from /home/airflow/.local/lib/python3.12/site-packages/airflow/example_dags/example_subdag_operator.py
[2024-11-16T05:15:17.527+0000] {logging_mixin.py:190} INFO - [2024-11-16T05:15:17.527+0000] {dag.py:3239} INFO - Sync 3 DAGs
[2024-11-16T05:15:17.544+0000] {logging_mixin.py:190} INFO - [2024-11-16T05:15:17.543+0000] {dag.py:4180} INFO - Setting next_dagrun for example_subdag_operator to 2022-01-01 00:00:00+00:00, run_after=2022-01-01 00:00:00+00:00
[2024-11-16T05:15:17.546+0000] {logging_mixin.py:190} INFO - [2024-11-16T05:15:17.546+0000] {dag.py:4180} INFO - Setting next_dagrun for example_subdag_operator.section-1 to None, run_after=None
[2024-11-16T05:15:17.547+0000] {logging_mixin.py:190} INFO - [2024-11-16T05:15:17.547+0000] {dag.py:4180} INFO - Setting next_dagrun for example_subdag_operator.section-2 to None, run_after=None
[2024-11-16T05:15:17.552+0000] {logging_mixin.py:190} INFO - [2024-11-16T05:15:17.552+0000] {dag.py:3239} INFO - Sync 2 DAGs
[2024-11-16T05:15:17.556+0000] {logging_mixin.py:190} INFO - [2024-11-16T05:15:17.556+0000] {dag.py:4180} INFO - Setting next_dagrun for example_subdag_operator.section-1 to None, run_after=None
[2024-11-16T05:15:17.556+0000] {logging_mixin.py:190} INFO - [2024-11-16T05:15:17.556+0000] {dag.py:4180} INFO - Setting next_dagrun for example_subdag_operator.section-2 to None, run_after=None
[2024-11-16T05:15:17.564+0000] {processor.py:208} INFO - Processing /home/airflow/.local/lib/python3.12/site-packages/airflow/example_dags/example_subdag_operator.py took 0.069 seconds
[2024-11-16T05:15:48.474+0000] {processor.py:186} INFO - Started process (PID=316) to work on /home/airflow/.local/lib/python3.12/site-packages/airflow/example_dags/example_subdag_operator.py
[2024-11-16T05:15:48.475+0000] {processor.py:914} INFO - Processing file /home/airflow/.local/lib/python3.12/site-packages/airflow/example_dags/example_subdag_operator.py for tasks to queue
[2024-11-16T05:15:48.478+0000] {logging_mixin.py:190} INFO - [2024-11-16T05:15:48.477+0000] {dagbag.py:588} INFO - Filling up the DagBag from /home/airflow/.local/lib/python3.12/site-packages/airflow/example_dags/example_subdag_operator.py
[2024-11-16T05:15:48.514+0000] {processor.py:925} INFO - DAG(s) 'example_subdag_operator.section-1', 'example_subdag_operator.section-2', 'example_subdag_operator' retrieved from /home/airflow/.local/lib/python3.12/site-packages/airflow/example_dags/example_subdag_operator.py
[2024-11-16T05:15:48.535+0000] {logging_mixin.py:190} INFO - [2024-11-16T05:15:48.535+0000] {dag.py:3239} INFO - Sync 3 DAGs
[2024-11-16T05:15:48.567+0000] {logging_mixin.py:190} INFO - [2024-11-16T05:15:48.567+0000] {dag.py:4180} INFO - Setting next_dagrun for example_subdag_operator to 2022-01-01 00:00:00+00:00, run_after=2022-01-01 00:00:00+00:00
[2024-11-16T05:15:48.572+0000] {logging_mixin.py:190} INFO - [2024-11-16T05:15:48.572+0000] {dag.py:4180} INFO - Setting next_dagrun for example_subdag_operator.section-1 to None, run_after=None
[2024-11-16T05:15:48.575+0000] {logging_mixin.py:190} INFO - [2024-11-16T05:15:48.574+0000] {dag.py:4180} INFO - Setting next_dagrun for example_subdag_operator.section-2 to None, run_after=None
[2024-11-16T05:15:48.586+0000] {logging_mixin.py:190} INFO - [2024-11-16T05:15:48.586+0000] {dag.py:3239} INFO - Sync 2 DAGs
[2024-11-16T05:15:48.598+0000] {logging_mixin.py:190} INFO - [2024-11-16T05:15:48.598+0000] {dag.py:4180} INFO - Setting next_dagrun for example_subdag_operator.section-1 to None, run_after=None
[2024-11-16T05:15:48.599+0000] {logging_mixin.py:190} INFO - [2024-11-16T05:15:48.598+0000] {dag.py:4180} INFO - Setting next_dagrun for example_subdag_operator.section-2 to None, run_after=None
[2024-11-16T05:15:48.619+0000] {processor.py:208} INFO - Processing /home/airflow/.local/lib/python3.12/site-packages/airflow/example_dags/example_subdag_operator.py took 0.149 seconds
[2024-11-16T05:16:19.483+0000] {processor.py:186} INFO - Started process (PID=384) to work on /home/airflow/.local/lib/python3.12/site-packages/airflow/example_dags/example_subdag_operator.py
[2024-11-16T05:16:19.484+0000] {processor.py:914} INFO - Processing file /home/airflow/.local/lib/python3.12/site-packages/airflow/example_dags/example_subdag_operator.py for tasks to queue
[2024-11-16T05:16:19.486+0000] {logging_mixin.py:190} INFO - [2024-11-16T05:16:19.486+0000] {dagbag.py:588} INFO - Filling up the DagBag from /home/airflow/.local/lib/python3.12/site-packages/airflow/example_dags/example_subdag_operator.py
[2024-11-16T05:16:19.527+0000] {processor.py:925} INFO - DAG(s) 'example_subdag_operator.section-1', 'example_subdag_operator.section-2', 'example_subdag_operator' retrieved from /home/airflow/.local/lib/python3.12/site-packages/airflow/example_dags/example_subdag_operator.py
[2024-11-16T05:16:19.554+0000] {logging_mixin.py:190} INFO - [2024-11-16T05:16:19.553+0000] {dag.py:3239} INFO - Sync 3 DAGs
[2024-11-16T05:16:19.593+0000] {logging_mixin.py:190} INFO - [2024-11-16T05:16:19.592+0000] {dag.py:4180} INFO - Setting next_dagrun for example_subdag_operator to 2022-01-01 00:00:00+00:00, run_after=2022-01-01 00:00:00+00:00
[2024-11-16T05:16:19.604+0000] {logging_mixin.py:190} INFO - [2024-11-16T05:16:19.603+0000] {dag.py:4180} INFO - Setting next_dagrun for example_subdag_operator.section-1 to None, run_after=None
[2024-11-16T05:16:19.609+0000] {logging_mixin.py:190} INFO - [2024-11-16T05:16:19.608+0000] {dag.py:4180} INFO - Setting next_dagrun for example_subdag_operator.section-2 to None, run_after=None
[2024-11-16T05:16:19.629+0000] {logging_mixin.py:190} INFO - [2024-11-16T05:16:19.628+0000] {dag.py:3239} INFO - Sync 2 DAGs
[2024-11-16T05:16:19.643+0000] {logging_mixin.py:190} INFO - [2024-11-16T05:16:19.642+0000] {dag.py:4180} INFO - Setting next_dagrun for example_subdag_operator.section-1 to None, run_after=None
[2024-11-16T05:16:19.643+0000] {logging_mixin.py:190} INFO - [2024-11-16T05:16:19.643+0000] {dag.py:4180} INFO - Setting next_dagrun for example_subdag_operator.section-2 to None, run_after=None
[2024-11-16T05:16:19.674+0000] {processor.py:208} INFO - Processing /home/airflow/.local/lib/python3.12/site-packages/airflow/example_dags/example_subdag_operator.py took 0.200 seconds
[2024-11-16T05:16:50.344+0000] {processor.py:186} INFO - Started process (PID=451) to work on /home/airflow/.local/lib/python3.12/site-packages/airflow/example_dags/example_subdag_operator.py
[2024-11-16T05:16:50.345+0000] {processor.py:914} INFO - Processing file /home/airflow/.local/lib/python3.12/site-packages/airflow/example_dags/example_subdag_operator.py for tasks to queue
[2024-11-16T05:16:50.347+0000] {logging_mixin.py:190} INFO - [2024-11-16T05:16:50.347+0000] {dagbag.py:588} INFO - Filling up the DagBag from /home/airflow/.local/lib/python3.12/site-packages/airflow/example_dags/example_subdag_operator.py
[2024-11-16T05:16:50.373+0000] {processor.py:925} INFO - DAG(s) 'example_subdag_operator.section-1', 'example_subdag_operator.section-2', 'example_subdag_operator' retrieved from /home/airflow/.local/lib/python3.12/site-packages/airflow/example_dags/example_subdag_operator.py
[2024-11-16T05:16:50.391+0000] {logging_mixin.py:190} INFO - [2024-11-16T05:16:50.391+0000] {dag.py:3239} INFO - Sync 3 DAGs
[2024-11-16T05:16:50.416+0000] {logging_mixin.py:190} INFO - [2024-11-16T05:16:50.416+0000] {dag.py:4180} INFO - Setting next_dagrun for example_subdag_operator to 2022-01-01 00:00:00+00:00, run_after=2022-01-01 00:00:00+00:00
[2024-11-16T05:16:50.420+0000] {logging_mixin.py:190} INFO - [2024-11-16T05:16:50.420+0000] {dag.py:4180} INFO - Setting next_dagrun for example_subdag_operator.section-1 to None, run_after=None
[2024-11-16T05:16:50.422+0000] {logging_mixin.py:190} INFO - [2024-11-16T05:16:50.421+0000] {dag.py:4180} INFO - Setting next_dagrun for example_subdag_operator.section-2 to None, run_after=None
[2024-11-16T05:16:50.429+0000] {logging_mixin.py:190} INFO - [2024-11-16T05:16:50.429+0000] {dag.py:3239} INFO - Sync 2 DAGs
[2024-11-16T05:16:50.436+0000] {logging_mixin.py:190} INFO - [2024-11-16T05:16:50.436+0000] {dag.py:4180} INFO - Setting next_dagrun for example_subdag_operator.section-1 to None, run_after=None
[2024-11-16T05:16:50.436+0000] {logging_mixin.py:190} INFO - [2024-11-16T05:16:50.436+0000] {dag.py:4180} INFO - Setting next_dagrun for example_subdag_operator.section-2 to None, run_after=None
[2024-11-16T05:16:50.449+0000] {processor.py:208} INFO - Processing /home/airflow/.local/lib/python3.12/site-packages/airflow/example_dags/example_subdag_operator.py took 0.110 seconds
[2024-11-16T05:17:36.424+0000] {processor.py:186} INFO - Started process (PID=521) to work on /home/airflow/.local/lib/python3.12/site-packages/airflow/example_dags/example_subdag_operator.py
[2024-11-16T05:17:36.425+0000] {processor.py:914} INFO - Processing file /home/airflow/.local/lib/python3.12/site-packages/airflow/example_dags/example_subdag_operator.py for tasks to queue
[2024-11-16T05:17:36.427+0000] {logging_mixin.py:190} INFO - [2024-11-16T05:17:36.426+0000] {dagbag.py:588} INFO - Filling up the DagBag from /home/airflow/.local/lib/python3.12/site-packages/airflow/example_dags/example_subdag_operator.py
[2024-11-16T05:17:36.449+0000] {processor.py:925} INFO - DAG(s) 'example_subdag_operator.section-1', 'example_subdag_operator.section-2', 'example_subdag_operator' retrieved from /home/airflow/.local/lib/python3.12/site-packages/airflow/example_dags/example_subdag_operator.py
[2024-11-16T05:17:36.463+0000] {logging_mixin.py:190} INFO - [2024-11-16T05:17:36.463+0000] {dag.py:3239} INFO - Sync 3 DAGs
[2024-11-16T05:17:36.484+0000] {logging_mixin.py:190} INFO - [2024-11-16T05:17:36.484+0000] {dag.py:4180} INFO - Setting next_dagrun for example_subdag_operator to 2022-01-01 00:00:00+00:00, run_after=2022-01-01 00:00:00+00:00
[2024-11-16T05:17:36.487+0000] {logging_mixin.py:190} INFO - [2024-11-16T05:17:36.487+0000] {dag.py:4180} INFO - Setting next_dagrun for example_subdag_operator.section-1 to None, run_after=None
[2024-11-16T05:17:36.488+0000] {logging_mixin.py:190} INFO - [2024-11-16T05:17:36.488+0000] {dag.py:4180} INFO - Setting next_dagrun for example_subdag_operator.section-2 to None, run_after=None
[2024-11-16T05:17:36.494+0000] {logging_mixin.py:190} INFO - [2024-11-16T05:17:36.494+0000] {dag.py:3239} INFO - Sync 2 DAGs
[2024-11-16T05:17:36.500+0000] {logging_mixin.py:190} INFO - [2024-11-16T05:17:36.499+0000] {dag.py:4180} INFO - Setting next_dagrun for example_subdag_operator.section-1 to None, run_after=None
[2024-11-16T05:17:36.500+0000] {logging_mixin.py:190} INFO - [2024-11-16T05:17:36.500+0000] {dag.py:4180} INFO - Setting next_dagrun for example_subdag_operator.section-2 to None, run_after=None
[2024-11-16T05:17:36.510+0000] {processor.py:208} INFO - Processing /home/airflow/.local/lib/python3.12/site-packages/airflow/example_dags/example_subdag_operator.py took 0.091 seconds
[2024-11-16T05:18:08.057+0000] {processor.py:186} INFO - Started process (PID=589) to work on /home/airflow/.local/lib/python3.12/site-packages/airflow/example_dags/example_subdag_operator.py
[2024-11-16T05:18:08.058+0000] {processor.py:914} INFO - Processing file /home/airflow/.local/lib/python3.12/site-packages/airflow/example_dags/example_subdag_operator.py for tasks to queue
[2024-11-16T05:18:08.060+0000] {logging_mixin.py:190} INFO - [2024-11-16T05:18:08.060+0000] {dagbag.py:588} INFO - Filling up the DagBag from /home/airflow/.local/lib/python3.12/site-packages/airflow/example_dags/example_subdag_operator.py
[2024-11-16T05:18:08.088+0000] {processor.py:925} INFO - DAG(s) 'example_subdag_operator.section-1', 'example_subdag_operator.section-2', 'example_subdag_operator' retrieved from /home/airflow/.local/lib/python3.12/site-packages/airflow/example_dags/example_subdag_operator.py
[2024-11-16T05:18:08.109+0000] {logging_mixin.py:190} INFO - [2024-11-16T05:18:08.109+0000] {dag.py:3239} INFO - Sync 3 DAGs
[2024-11-16T05:18:08.129+0000] {logging_mixin.py:190} INFO - [2024-11-16T05:18:08.129+0000] {dag.py:4180} INFO - Setting next_dagrun for example_subdag_operator to 2022-01-01 00:00:00+00:00, run_after=2022-01-01 00:00:00+00:00
[2024-11-16T05:18:08.132+0000] {logging_mixin.py:190} INFO - [2024-11-16T05:18:08.132+0000] {dag.py:4180} INFO - Setting next_dagrun for example_subdag_operator.section-1 to None, run_after=None
[2024-11-16T05:18:08.133+0000] {logging_mixin.py:190} INFO - [2024-11-16T05:18:08.133+0000] {dag.py:4180} INFO - Setting next_dagrun for example_subdag_operator.section-2 to None, run_after=None
[2024-11-16T05:18:08.139+0000] {logging_mixin.py:190} INFO - [2024-11-16T05:18:08.139+0000] {dag.py:3239} INFO - Sync 2 DAGs
[2024-11-16T05:18:08.144+0000] {logging_mixin.py:190} INFO - [2024-11-16T05:18:08.144+0000] {dag.py:4180} INFO - Setting next_dagrun for example_subdag_operator.section-1 to None, run_after=None
[2024-11-16T05:18:08.145+0000] {logging_mixin.py:190} INFO - [2024-11-16T05:18:08.145+0000] {dag.py:4180} INFO - Setting next_dagrun for example_subdag_operator.section-2 to None, run_after=None
[2024-11-16T05:18:08.157+0000] {processor.py:208} INFO - Processing /home/airflow/.local/lib/python3.12/site-packages/airflow/example_dags/example_subdag_operator.py took 0.107 seconds
[2024-11-16T05:18:38.252+0000] {processor.py:186} INFO - Started process (PID=656) to work on /home/airflow/.local/lib/python3.12/site-packages/airflow/example_dags/example_subdag_operator.py
[2024-11-16T05:18:38.253+0000] {processor.py:914} INFO - Processing file /home/airflow/.local/lib/python3.12/site-packages/airflow/example_dags/example_subdag_operator.py for tasks to queue
[2024-11-16T05:18:38.255+0000] {logging_mixin.py:190} INFO - [2024-11-16T05:18:38.254+0000] {dagbag.py:588} INFO - Filling up the DagBag from /home/airflow/.local/lib/python3.12/site-packages/airflow/example_dags/example_subdag_operator.py
[2024-11-16T05:18:38.275+0000] {processor.py:925} INFO - DAG(s) 'example_subdag_operator.section-1', 'example_subdag_operator.section-2', 'example_subdag_operator' retrieved from /home/airflow/.local/lib/python3.12/site-packages/airflow/example_dags/example_subdag_operator.py
[2024-11-16T05:18:38.286+0000] {logging_mixin.py:190} INFO - [2024-11-16T05:18:38.285+0000] {dag.py:3239} INFO - Sync 3 DAGs
[2024-11-16T05:18:38.303+0000] {logging_mixin.py:190} INFO - [2024-11-16T05:18:38.303+0000] {dag.py:4180} INFO - Setting next_dagrun for example_subdag_operator to 2022-01-01 00:00:00+00:00, run_after=2022-01-01 00:00:00+00:00
[2024-11-16T05:18:38.306+0000] {logging_mixin.py:190} INFO - [2024-11-16T05:18:38.306+0000] {dag.py:4180} INFO - Setting next_dagrun for example_subdag_operator.section-1 to None, run_after=None
[2024-11-16T05:18:38.307+0000] {logging_mixin.py:190} INFO - [2024-11-16T05:18:38.307+0000] {dag.py:4180} INFO - Setting next_dagrun for example_subdag_operator.section-2 to None, run_after=None
[2024-11-16T05:18:38.312+0000] {logging_mixin.py:190} INFO - [2024-11-16T05:18:38.312+0000] {dag.py:3239} INFO - Sync 2 DAGs
[2024-11-16T05:18:38.316+0000] {logging_mixin.py:190} INFO - [2024-11-16T05:18:38.316+0000] {dag.py:4180} INFO - Setting next_dagrun for example_subdag_operator.section-1 to None, run_after=None
[2024-11-16T05:18:38.316+0000] {logging_mixin.py:190} INFO - [2024-11-16T05:18:38.316+0000] {dag.py:4180} INFO - Setting next_dagrun for example_subdag_operator.section-2 to None, run_after=None
[2024-11-16T05:18:38.326+0000] {processor.py:208} INFO - Processing /home/airflow/.local/lib/python3.12/site-packages/airflow/example_dags/example_subdag_operator.py took 0.078 seconds
[2024-11-16T05:20:45.567+0000] {processor.py:186} INFO - Started process (PID=106) to work on /home/airflow/.local/lib/python3.12/site-packages/airflow/example_dags/example_subdag_operator.py
[2024-11-16T05:20:45.568+0000] {processor.py:914} INFO - Processing file /home/airflow/.local/lib/python3.12/site-packages/airflow/example_dags/example_subdag_operator.py for tasks to queue
[2024-11-16T05:20:45.570+0000] {logging_mixin.py:190} INFO - [2024-11-16T05:20:45.569+0000] {dagbag.py:588} INFO - Filling up the DagBag from /home/airflow/.local/lib/python3.12/site-packages/airflow/example_dags/example_subdag_operator.py
[2024-11-16T05:20:45.595+0000] {processor.py:925} INFO - DAG(s) 'example_subdag_operator.section-1', 'example_subdag_operator.section-2', 'example_subdag_operator' retrieved from /home/airflow/.local/lib/python3.12/site-packages/airflow/example_dags/example_subdag_operator.py
[2024-11-16T05:20:45.608+0000] {logging_mixin.py:190} INFO - [2024-11-16T05:20:45.608+0000] {dag.py:3239} INFO - Sync 3 DAGs
[2024-11-16T05:20:45.630+0000] {logging_mixin.py:190} INFO - [2024-11-16T05:20:45.629+0000] {dag.py:4180} INFO - Setting next_dagrun for example_subdag_operator to 2022-01-01 00:00:00+00:00, run_after=2022-01-01 00:00:00+00:00
[2024-11-16T05:20:45.633+0000] {logging_mixin.py:190} INFO - [2024-11-16T05:20:45.633+0000] {dag.py:4180} INFO - Setting next_dagrun for example_subdag_operator.section-1 to None, run_after=None
[2024-11-16T05:20:45.635+0000] {logging_mixin.py:190} INFO - [2024-11-16T05:20:45.634+0000] {dag.py:4180} INFO - Setting next_dagrun for example_subdag_operator.section-2 to None, run_after=None
[2024-11-16T05:20:45.642+0000] {logging_mixin.py:190} INFO - [2024-11-16T05:20:45.642+0000] {dag.py:3239} INFO - Sync 2 DAGs
[2024-11-16T05:20:45.654+0000] {logging_mixin.py:190} INFO - [2024-11-16T05:20:45.653+0000] {dag.py:4180} INFO - Setting next_dagrun for example_subdag_operator.section-1 to None, run_after=None
[2024-11-16T05:20:45.655+0000] {logging_mixin.py:190} INFO - [2024-11-16T05:20:45.655+0000] {dag.py:4180} INFO - Setting next_dagrun for example_subdag_operator.section-2 to None, run_after=None
[2024-11-16T05:20:45.676+0000] {processor.py:208} INFO - Processing /home/airflow/.local/lib/python3.12/site-packages/airflow/example_dags/example_subdag_operator.py took 0.114 seconds
[2024-11-16T05:21:16.287+0000] {processor.py:186} INFO - Started process (PID=174) to work on /home/airflow/.local/lib/python3.12/site-packages/airflow/example_dags/example_subdag_operator.py
[2024-11-16T05:21:16.288+0000] {processor.py:914} INFO - Processing file /home/airflow/.local/lib/python3.12/site-packages/airflow/example_dags/example_subdag_operator.py for tasks to queue
[2024-11-16T05:21:16.290+0000] {logging_mixin.py:190} INFO - [2024-11-16T05:21:16.289+0000] {dagbag.py:588} INFO - Filling up the DagBag from /home/airflow/.local/lib/python3.12/site-packages/airflow/example_dags/example_subdag_operator.py
[2024-11-16T05:21:16.312+0000] {processor.py:925} INFO - DAG(s) 'example_subdag_operator.section-1', 'example_subdag_operator.section-2', 'example_subdag_operator' retrieved from /home/airflow/.local/lib/python3.12/site-packages/airflow/example_dags/example_subdag_operator.py
[2024-11-16T05:21:16.327+0000] {logging_mixin.py:190} INFO - [2024-11-16T05:21:16.327+0000] {dag.py:3239} INFO - Sync 3 DAGs
[2024-11-16T05:21:16.348+0000] {logging_mixin.py:190} INFO - [2024-11-16T05:21:16.348+0000] {dag.py:4180} INFO - Setting next_dagrun for example_subdag_operator to 2022-01-01 00:00:00+00:00, run_after=2022-01-01 00:00:00+00:00
[2024-11-16T05:21:16.351+0000] {logging_mixin.py:190} INFO - [2024-11-16T05:21:16.351+0000] {dag.py:4180} INFO - Setting next_dagrun for example_subdag_operator.section-1 to None, run_after=None
[2024-11-16T05:21:16.352+0000] {logging_mixin.py:190} INFO - [2024-11-16T05:21:16.352+0000] {dag.py:4180} INFO - Setting next_dagrun for example_subdag_operator.section-2 to None, run_after=None
[2024-11-16T05:21:16.359+0000] {logging_mixin.py:190} INFO - [2024-11-16T05:21:16.358+0000] {dag.py:3239} INFO - Sync 2 DAGs
[2024-11-16T05:21:16.364+0000] {logging_mixin.py:190} INFO - [2024-11-16T05:21:16.364+0000] {dag.py:4180} INFO - Setting next_dagrun for example_subdag_operator.section-1 to None, run_after=None
[2024-11-16T05:21:16.365+0000] {logging_mixin.py:190} INFO - [2024-11-16T05:21:16.364+0000] {dag.py:4180} INFO - Setting next_dagrun for example_subdag_operator.section-2 to None, run_after=None
[2024-11-16T05:21:16.376+0000] {processor.py:208} INFO - Processing /home/airflow/.local/lib/python3.12/site-packages/airflow/example_dags/example_subdag_operator.py took 0.094 seconds
[2024-11-16T05:21:46.532+0000] {processor.py:186} INFO - Started process (PID=241) to work on /home/airflow/.local/lib/python3.12/site-packages/airflow/example_dags/example_subdag_operator.py
[2024-11-16T05:21:46.533+0000] {processor.py:914} INFO - Processing file /home/airflow/.local/lib/python3.12/site-packages/airflow/example_dags/example_subdag_operator.py for tasks to queue
[2024-11-16T05:21:46.534+0000] {logging_mixin.py:190} INFO - [2024-11-16T05:21:46.534+0000] {dagbag.py:588} INFO - Filling up the DagBag from /home/airflow/.local/lib/python3.12/site-packages/airflow/example_dags/example_subdag_operator.py
[2024-11-16T05:21:46.550+0000] {processor.py:925} INFO - DAG(s) 'example_subdag_operator.section-1', 'example_subdag_operator.section-2', 'example_subdag_operator' retrieved from /home/airflow/.local/lib/python3.12/site-packages/airflow/example_dags/example_subdag_operator.py
[2024-11-16T05:21:46.559+0000] {logging_mixin.py:190} INFO - [2024-11-16T05:21:46.559+0000] {dag.py:3239} INFO - Sync 3 DAGs
[2024-11-16T05:21:46.575+0000] {logging_mixin.py:190} INFO - [2024-11-16T05:21:46.575+0000] {dag.py:4180} INFO - Setting next_dagrun for example_subdag_operator to 2022-01-01 00:00:00+00:00, run_after=2022-01-01 00:00:00+00:00
[2024-11-16T05:21:46.578+0000] {logging_mixin.py:190} INFO - [2024-11-16T05:21:46.578+0000] {dag.py:4180} INFO - Setting next_dagrun for example_subdag_operator.section-1 to None, run_after=None
[2024-11-16T05:21:46.579+0000] {logging_mixin.py:190} INFO - [2024-11-16T05:21:46.578+0000] {dag.py:4180} INFO - Setting next_dagrun for example_subdag_operator.section-2 to None, run_after=None
[2024-11-16T05:21:46.584+0000] {logging_mixin.py:190} INFO - [2024-11-16T05:21:46.583+0000] {dag.py:3239} INFO - Sync 2 DAGs
[2024-11-16T05:21:46.588+0000] {logging_mixin.py:190} INFO - [2024-11-16T05:21:46.587+0000] {dag.py:4180} INFO - Setting next_dagrun for example_subdag_operator.section-1 to None, run_after=None
[2024-11-16T05:21:46.588+0000] {logging_mixin.py:190} INFO - [2024-11-16T05:21:46.588+0000] {dag.py:4180} INFO - Setting next_dagrun for example_subdag_operator.section-2 to None, run_after=None
[2024-11-16T05:21:46.597+0000] {processor.py:208} INFO - Processing /home/airflow/.local/lib/python3.12/site-packages/airflow/example_dags/example_subdag_operator.py took 0.069 seconds
[2024-11-16T05:22:17.354+0000] {processor.py:186} INFO - Started process (PID=309) to work on /home/airflow/.local/lib/python3.12/site-packages/airflow/example_dags/example_subdag_operator.py
[2024-11-16T05:22:17.355+0000] {processor.py:914} INFO - Processing file /home/airflow/.local/lib/python3.12/site-packages/airflow/example_dags/example_subdag_operator.py for tasks to queue
[2024-11-16T05:22:17.357+0000] {logging_mixin.py:190} INFO - [2024-11-16T05:22:17.357+0000] {dagbag.py:588} INFO - Filling up the DagBag from /home/airflow/.local/lib/python3.12/site-packages/airflow/example_dags/example_subdag_operator.py
[2024-11-16T05:22:17.377+0000] {processor.py:925} INFO - DAG(s) 'example_subdag_operator.section-1', 'example_subdag_operator.section-2', 'example_subdag_operator' retrieved from /home/airflow/.local/lib/python3.12/site-packages/airflow/example_dags/example_subdag_operator.py
[2024-11-16T05:22:17.387+0000] {logging_mixin.py:190} INFO - [2024-11-16T05:22:17.386+0000] {dag.py:3239} INFO - Sync 3 DAGs
[2024-11-16T05:22:17.401+0000] {logging_mixin.py:190} INFO - [2024-11-16T05:22:17.401+0000] {dag.py:4180} INFO - Setting next_dagrun for example_subdag_operator to 2022-01-01 00:00:00+00:00, run_after=2022-01-01 00:00:00+00:00
[2024-11-16T05:22:17.404+0000] {logging_mixin.py:190} INFO - [2024-11-16T05:22:17.404+0000] {dag.py:4180} INFO - Setting next_dagrun for example_subdag_operator.section-1 to None, run_after=None
[2024-11-16T05:22:17.405+0000] {logging_mixin.py:190} INFO - [2024-11-16T05:22:17.404+0000] {dag.py:4180} INFO - Setting next_dagrun for example_subdag_operator.section-2 to None, run_after=None
[2024-11-16T05:22:17.408+0000] {logging_mixin.py:190} INFO - [2024-11-16T05:22:17.408+0000] {dag.py:3239} INFO - Sync 2 DAGs
[2024-11-16T05:22:17.412+0000] {logging_mixin.py:190} INFO - [2024-11-16T05:22:17.412+0000] {dag.py:4180} INFO - Setting next_dagrun for example_subdag_operator.section-1 to None, run_after=None
[2024-11-16T05:22:17.412+0000] {logging_mixin.py:190} INFO - [2024-11-16T05:22:17.412+0000] {dag.py:4180} INFO - Setting next_dagrun for example_subdag_operator.section-2 to None, run_after=None
[2024-11-16T05:22:17.420+0000] {processor.py:208} INFO - Processing /home/airflow/.local/lib/python3.12/site-packages/airflow/example_dags/example_subdag_operator.py took 0.070 seconds
[2024-11-16T05:22:47.694+0000] {processor.py:186} INFO - Started process (PID=376) to work on /home/airflow/.local/lib/python3.12/site-packages/airflow/example_dags/example_subdag_operator.py
[2024-11-16T05:22:47.695+0000] {processor.py:914} INFO - Processing file /home/airflow/.local/lib/python3.12/site-packages/airflow/example_dags/example_subdag_operator.py for tasks to queue
[2024-11-16T05:22:47.696+0000] {logging_mixin.py:190} INFO - [2024-11-16T05:22:47.696+0000] {dagbag.py:588} INFO - Filling up the DagBag from /home/airflow/.local/lib/python3.12/site-packages/airflow/example_dags/example_subdag_operator.py
[2024-11-16T05:22:47.713+0000] {processor.py:925} INFO - DAG(s) 'example_subdag_operator.section-1', 'example_subdag_operator.section-2', 'example_subdag_operator' retrieved from /home/airflow/.local/lib/python3.12/site-packages/airflow/example_dags/example_subdag_operator.py
[2024-11-16T05:22:47.724+0000] {logging_mixin.py:190} INFO - [2024-11-16T05:22:47.724+0000] {dag.py:3239} INFO - Sync 3 DAGs
[2024-11-16T05:22:47.740+0000] {logging_mixin.py:190} INFO - [2024-11-16T05:22:47.739+0000] {dag.py:4180} INFO - Setting next_dagrun for example_subdag_operator to 2022-01-01 00:00:00+00:00, run_after=2022-01-01 00:00:00+00:00
[2024-11-16T05:22:47.742+0000] {logging_mixin.py:190} INFO - [2024-11-16T05:22:47.742+0000] {dag.py:4180} INFO - Setting next_dagrun for example_subdag_operator.section-1 to None, run_after=None
[2024-11-16T05:22:47.743+0000] {logging_mixin.py:190} INFO - [2024-11-16T05:22:47.743+0000] {dag.py:4180} INFO - Setting next_dagrun for example_subdag_operator.section-2 to None, run_after=None
[2024-11-16T05:22:47.747+0000] {logging_mixin.py:190} INFO - [2024-11-16T05:22:47.747+0000] {dag.py:3239} INFO - Sync 2 DAGs
[2024-11-16T05:22:47.751+0000] {logging_mixin.py:190} INFO - [2024-11-16T05:22:47.751+0000] {dag.py:4180} INFO - Setting next_dagrun for example_subdag_operator.section-1 to None, run_after=None
[2024-11-16T05:22:47.751+0000] {logging_mixin.py:190} INFO - [2024-11-16T05:22:47.751+0000] {dag.py:4180} INFO - Setting next_dagrun for example_subdag_operator.section-2 to None, run_after=None
[2024-11-16T05:22:47.760+0000] {processor.py:208} INFO - Processing /home/airflow/.local/lib/python3.12/site-packages/airflow/example_dags/example_subdag_operator.py took 0.069 seconds
[2024-11-16T05:23:19.101+0000] {processor.py:186} INFO - Started process (PID=445) to work on /home/airflow/.local/lib/python3.12/site-packages/airflow/example_dags/example_subdag_operator.py
[2024-11-16T05:23:19.102+0000] {processor.py:914} INFO - Processing file /home/airflow/.local/lib/python3.12/site-packages/airflow/example_dags/example_subdag_operator.py for tasks to queue
[2024-11-16T05:23:19.104+0000] {logging_mixin.py:190} INFO - [2024-11-16T05:23:19.104+0000] {dagbag.py:588} INFO - Filling up the DagBag from /home/airflow/.local/lib/python3.12/site-packages/airflow/example_dags/example_subdag_operator.py
[2024-11-16T05:23:19.123+0000] {processor.py:925} INFO - DAG(s) 'example_subdag_operator.section-1', 'example_subdag_operator.section-2', 'example_subdag_operator' retrieved from /home/airflow/.local/lib/python3.12/site-packages/airflow/example_dags/example_subdag_operator.py
[2024-11-16T05:23:19.136+0000] {logging_mixin.py:190} INFO - [2024-11-16T05:23:19.136+0000] {dag.py:3239} INFO - Sync 3 DAGs
[2024-11-16T05:23:19.152+0000] {logging_mixin.py:190} INFO - [2024-11-16T05:23:19.152+0000] {dag.py:4180} INFO - Setting next_dagrun for example_subdag_operator to 2022-01-01 00:00:00+00:00, run_after=2022-01-01 00:00:00+00:00
[2024-11-16T05:23:19.155+0000] {logging_mixin.py:190} INFO - [2024-11-16T05:23:19.155+0000] {dag.py:4180} INFO - Setting next_dagrun for example_subdag_operator.section-1 to None, run_after=None
[2024-11-16T05:23:19.156+0000] {logging_mixin.py:190} INFO - [2024-11-16T05:23:19.156+0000] {dag.py:4180} INFO - Setting next_dagrun for example_subdag_operator.section-2 to None, run_after=None
[2024-11-16T05:23:19.160+0000] {logging_mixin.py:190} INFO - [2024-11-16T05:23:19.160+0000] {dag.py:3239} INFO - Sync 2 DAGs
[2024-11-16T05:23:19.164+0000] {logging_mixin.py:190} INFO - [2024-11-16T05:23:19.164+0000] {dag.py:4180} INFO - Setting next_dagrun for example_subdag_operator.section-1 to None, run_after=None
[2024-11-16T05:23:19.164+0000] {logging_mixin.py:190} INFO - [2024-11-16T05:23:19.164+0000] {dag.py:4180} INFO - Setting next_dagrun for example_subdag_operator.section-2 to None, run_after=None
[2024-11-16T05:23:19.172+0000] {processor.py:208} INFO - Processing /home/airflow/.local/lib/python3.12/site-packages/airflow/example_dags/example_subdag_operator.py took 0.075 seconds
[2024-11-16T05:23:49.776+0000] {processor.py:186} INFO - Started process (PID=513) to work on /home/airflow/.local/lib/python3.12/site-packages/airflow/example_dags/example_subdag_operator.py
[2024-11-16T05:23:49.776+0000] {processor.py:914} INFO - Processing file /home/airflow/.local/lib/python3.12/site-packages/airflow/example_dags/example_subdag_operator.py for tasks to queue
[2024-11-16T05:23:49.778+0000] {logging_mixin.py:190} INFO - [2024-11-16T05:23:49.777+0000] {dagbag.py:588} INFO - Filling up the DagBag from /home/airflow/.local/lib/python3.12/site-packages/airflow/example_dags/example_subdag_operator.py
[2024-11-16T05:23:49.794+0000] {processor.py:925} INFO - DAG(s) 'example_subdag_operator.section-1', 'example_subdag_operator.section-2', 'example_subdag_operator' retrieved from /home/airflow/.local/lib/python3.12/site-packages/airflow/example_dags/example_subdag_operator.py
[2024-11-16T05:23:49.803+0000] {logging_mixin.py:190} INFO - [2024-11-16T05:23:49.803+0000] {dag.py:3239} INFO - Sync 3 DAGs
[2024-11-16T05:23:49.820+0000] {logging_mixin.py:190} INFO - [2024-11-16T05:23:49.820+0000] {dag.py:4180} INFO - Setting next_dagrun for example_subdag_operator to 2022-01-01 00:00:00+00:00, run_after=2022-01-01 00:00:00+00:00
[2024-11-16T05:23:49.823+0000] {logging_mixin.py:190} INFO - [2024-11-16T05:23:49.823+0000] {dag.py:4180} INFO - Setting next_dagrun for example_subdag_operator.section-1 to None, run_after=None
[2024-11-16T05:23:49.824+0000] {logging_mixin.py:190} INFO - [2024-11-16T05:23:49.824+0000] {dag.py:4180} INFO - Setting next_dagrun for example_subdag_operator.section-2 to None, run_after=None
[2024-11-16T05:23:49.829+0000] {logging_mixin.py:190} INFO - [2024-11-16T05:23:49.829+0000] {dag.py:3239} INFO - Sync 2 DAGs
[2024-11-16T05:23:49.833+0000] {logging_mixin.py:190} INFO - [2024-11-16T05:23:49.833+0000] {dag.py:4180} INFO - Setting next_dagrun for example_subdag_operator.section-1 to None, run_after=None
[2024-11-16T05:23:49.833+0000] {logging_mixin.py:190} INFO - [2024-11-16T05:23:49.833+0000] {dag.py:4180} INFO - Setting next_dagrun for example_subdag_operator.section-2 to None, run_after=None
[2024-11-16T05:23:49.841+0000] {processor.py:208} INFO - Processing /home/airflow/.local/lib/python3.12/site-packages/airflow/example_dags/example_subdag_operator.py took 0.070 seconds
[2024-11-16T05:24:21.057+0000] {processor.py:186} INFO - Started process (PID=581) to work on /home/airflow/.local/lib/python3.12/site-packages/airflow/example_dags/example_subdag_operator.py
[2024-11-16T05:24:21.058+0000] {processor.py:914} INFO - Processing file /home/airflow/.local/lib/python3.12/site-packages/airflow/example_dags/example_subdag_operator.py for tasks to queue
[2024-11-16T05:24:21.060+0000] {logging_mixin.py:190} INFO - [2024-11-16T05:24:21.060+0000] {dagbag.py:588} INFO - Filling up the DagBag from /home/airflow/.local/lib/python3.12/site-packages/airflow/example_dags/example_subdag_operator.py
[2024-11-16T05:24:21.079+0000] {processor.py:925} INFO - DAG(s) 'example_subdag_operator.section-1', 'example_subdag_operator.section-2', 'example_subdag_operator' retrieved from /home/airflow/.local/lib/python3.12/site-packages/airflow/example_dags/example_subdag_operator.py
[2024-11-16T05:24:21.090+0000] {logging_mixin.py:190} INFO - [2024-11-16T05:24:21.090+0000] {dag.py:3239} INFO - Sync 3 DAGs
[2024-11-16T05:24:21.108+0000] {logging_mixin.py:190} INFO - [2024-11-16T05:24:21.108+0000] {dag.py:4180} INFO - Setting next_dagrun for example_subdag_operator to 2022-01-01 00:00:00+00:00, run_after=2022-01-01 00:00:00+00:00
[2024-11-16T05:24:21.112+0000] {logging_mixin.py:190} INFO - [2024-11-16T05:24:21.112+0000] {dag.py:4180} INFO - Setting next_dagrun for example_subdag_operator.section-1 to None, run_after=None
[2024-11-16T05:24:21.113+0000] {logging_mixin.py:190} INFO - [2024-11-16T05:24:21.113+0000] {dag.py:4180} INFO - Setting next_dagrun for example_subdag_operator.section-2 to None, run_after=None
[2024-11-16T05:24:21.118+0000] {logging_mixin.py:190} INFO - [2024-11-16T05:24:21.117+0000] {dag.py:3239} INFO - Sync 2 DAGs
[2024-11-16T05:24:21.124+0000] {logging_mixin.py:190} INFO - [2024-11-16T05:24:21.124+0000] {dag.py:4180} INFO - Setting next_dagrun for example_subdag_operator.section-1 to None, run_after=None
[2024-11-16T05:24:21.125+0000] {logging_mixin.py:190} INFO - [2024-11-16T05:24:21.125+0000] {dag.py:4180} INFO - Setting next_dagrun for example_subdag_operator.section-2 to None, run_after=None
[2024-11-16T05:24:21.138+0000] {processor.py:208} INFO - Processing /home/airflow/.local/lib/python3.12/site-packages/airflow/example_dags/example_subdag_operator.py took 0.086 seconds
[2024-11-16T05:25:11.915+0000] {processor.py:186} INFO - Started process (PID=101) to work on /home/airflow/.local/lib/python3.12/site-packages/airflow/example_dags/example_subdag_operator.py
[2024-11-16T05:25:11.916+0000] {processor.py:914} INFO - Processing file /home/airflow/.local/lib/python3.12/site-packages/airflow/example_dags/example_subdag_operator.py for tasks to queue
[2024-11-16T05:25:11.918+0000] {logging_mixin.py:190} INFO - [2024-11-16T05:25:11.918+0000] {dagbag.py:588} INFO - Filling up the DagBag from /home/airflow/.local/lib/python3.12/site-packages/airflow/example_dags/example_subdag_operator.py
[2024-11-16T05:25:11.939+0000] {processor.py:925} INFO - DAG(s) 'example_subdag_operator.section-1', 'example_subdag_operator.section-2', 'example_subdag_operator' retrieved from /home/airflow/.local/lib/python3.12/site-packages/airflow/example_dags/example_subdag_operator.py
[2024-11-16T05:25:11.951+0000] {logging_mixin.py:190} INFO - [2024-11-16T05:25:11.951+0000] {dag.py:3239} INFO - Sync 3 DAGs
[2024-11-16T05:25:11.969+0000] {logging_mixin.py:190} INFO - [2024-11-16T05:25:11.969+0000] {dag.py:4180} INFO - Setting next_dagrun for example_subdag_operator to 2022-01-01 00:00:00+00:00, run_after=2022-01-01 00:00:00+00:00
[2024-11-16T05:25:11.972+0000] {logging_mixin.py:190} INFO - [2024-11-16T05:25:11.972+0000] {dag.py:4180} INFO - Setting next_dagrun for example_subdag_operator.section-1 to None, run_after=None
[2024-11-16T05:25:11.974+0000] {logging_mixin.py:190} INFO - [2024-11-16T05:25:11.973+0000] {dag.py:4180} INFO - Setting next_dagrun for example_subdag_operator.section-2 to None, run_after=None
[2024-11-16T05:25:11.979+0000] {logging_mixin.py:190} INFO - [2024-11-16T05:25:11.979+0000] {dag.py:3239} INFO - Sync 2 DAGs
[2024-11-16T05:25:11.983+0000] {logging_mixin.py:190} INFO - [2024-11-16T05:25:11.983+0000] {dag.py:4180} INFO - Setting next_dagrun for example_subdag_operator.section-1 to None, run_after=None
[2024-11-16T05:25:11.984+0000] {logging_mixin.py:190} INFO - [2024-11-16T05:25:11.984+0000] {dag.py:4180} INFO - Setting next_dagrun for example_subdag_operator.section-2 to None, run_after=None
[2024-11-16T05:25:11.994+0000] {processor.py:208} INFO - Processing /home/airflow/.local/lib/python3.12/site-packages/airflow/example_dags/example_subdag_operator.py took 0.083 seconds
[2024-11-16T05:25:42.483+0000] {processor.py:186} INFO - Started process (PID=169) to work on /home/airflow/.local/lib/python3.12/site-packages/airflow/example_dags/example_subdag_operator.py
[2024-11-16T05:25:42.484+0000] {processor.py:914} INFO - Processing file /home/airflow/.local/lib/python3.12/site-packages/airflow/example_dags/example_subdag_operator.py for tasks to queue
[2024-11-16T05:25:42.485+0000] {logging_mixin.py:190} INFO - [2024-11-16T05:25:42.485+0000] {dagbag.py:588} INFO - Filling up the DagBag from /home/airflow/.local/lib/python3.12/site-packages/airflow/example_dags/example_subdag_operator.py
[2024-11-16T05:25:42.508+0000] {processor.py:925} INFO - DAG(s) 'example_subdag_operator.section-1', 'example_subdag_operator.section-2', 'example_subdag_operator' retrieved from /home/airflow/.local/lib/python3.12/site-packages/airflow/example_dags/example_subdag_operator.py
[2024-11-16T05:25:42.525+0000] {logging_mixin.py:190} INFO - [2024-11-16T05:25:42.525+0000] {dag.py:3239} INFO - Sync 3 DAGs
[2024-11-16T05:25:42.554+0000] {logging_mixin.py:190} INFO - [2024-11-16T05:25:42.553+0000] {dag.py:4180} INFO - Setting next_dagrun for example_subdag_operator to 2022-01-01 00:00:00+00:00, run_after=2022-01-01 00:00:00+00:00
[2024-11-16T05:25:42.559+0000] {logging_mixin.py:190} INFO - [2024-11-16T05:25:42.558+0000] {dag.py:4180} INFO - Setting next_dagrun for example_subdag_operator.section-1 to None, run_after=None
[2024-11-16T05:25:42.561+0000] {logging_mixin.py:190} INFO - [2024-11-16T05:25:42.560+0000] {dag.py:4180} INFO - Setting next_dagrun for example_subdag_operator.section-2 to None, run_after=None
[2024-11-16T05:25:42.567+0000] {logging_mixin.py:190} INFO - [2024-11-16T05:25:42.566+0000] {dag.py:3239} INFO - Sync 2 DAGs
[2024-11-16T05:25:42.572+0000] {logging_mixin.py:190} INFO - [2024-11-16T05:25:42.572+0000] {dag.py:4180} INFO - Setting next_dagrun for example_subdag_operator.section-1 to None, run_after=None
[2024-11-16T05:25:42.573+0000] {logging_mixin.py:190} INFO - [2024-11-16T05:25:42.572+0000] {dag.py:4180} INFO - Setting next_dagrun for example_subdag_operator.section-2 to None, run_after=None
[2024-11-16T05:25:42.586+0000] {processor.py:208} INFO - Processing /home/airflow/.local/lib/python3.12/site-packages/airflow/example_dags/example_subdag_operator.py took 0.108 seconds
[2024-11-16T05:26:13.227+0000] {processor.py:186} INFO - Started process (PID=237) to work on /home/airflow/.local/lib/python3.12/site-packages/airflow/example_dags/example_subdag_operator.py
[2024-11-16T05:26:13.228+0000] {processor.py:914} INFO - Processing file /home/airflow/.local/lib/python3.12/site-packages/airflow/example_dags/example_subdag_operator.py for tasks to queue
[2024-11-16T05:26:13.229+0000] {logging_mixin.py:190} INFO - [2024-11-16T05:26:13.229+0000] {dagbag.py:588} INFO - Filling up the DagBag from /home/airflow/.local/lib/python3.12/site-packages/airflow/example_dags/example_subdag_operator.py
[2024-11-16T05:26:13.245+0000] {processor.py:925} INFO - DAG(s) 'example_subdag_operator.section-1', 'example_subdag_operator.section-2', 'example_subdag_operator' retrieved from /home/airflow/.local/lib/python3.12/site-packages/airflow/example_dags/example_subdag_operator.py
[2024-11-16T05:26:13.255+0000] {logging_mixin.py:190} INFO - [2024-11-16T05:26:13.255+0000] {dag.py:3239} INFO - Sync 3 DAGs
[2024-11-16T05:26:13.271+0000] {logging_mixin.py:190} INFO - [2024-11-16T05:26:13.271+0000] {dag.py:4180} INFO - Setting next_dagrun for example_subdag_operator to 2022-01-01 00:00:00+00:00, run_after=2022-01-01 00:00:00+00:00
[2024-11-16T05:26:13.274+0000] {logging_mixin.py:190} INFO - [2024-11-16T05:26:13.274+0000] {dag.py:4180} INFO - Setting next_dagrun for example_subdag_operator.section-1 to None, run_after=None
[2024-11-16T05:26:13.275+0000] {logging_mixin.py:190} INFO - [2024-11-16T05:26:13.275+0000] {dag.py:4180} INFO - Setting next_dagrun for example_subdag_operator.section-2 to None, run_after=None
[2024-11-16T05:26:13.280+0000] {logging_mixin.py:190} INFO - [2024-11-16T05:26:13.279+0000] {dag.py:3239} INFO - Sync 2 DAGs
[2024-11-16T05:26:13.283+0000] {logging_mixin.py:190} INFO - [2024-11-16T05:26:13.283+0000] {dag.py:4180} INFO - Setting next_dagrun for example_subdag_operator.section-1 to None, run_after=None
[2024-11-16T05:26:13.283+0000] {logging_mixin.py:190} INFO - [2024-11-16T05:26:13.283+0000] {dag.py:4180} INFO - Setting next_dagrun for example_subdag_operator.section-2 to None, run_after=None
[2024-11-16T05:26:13.292+0000] {processor.py:208} INFO - Processing /home/airflow/.local/lib/python3.12/site-packages/airflow/example_dags/example_subdag_operator.py took 0.068 seconds
[2024-11-16T05:26:43.782+0000] {processor.py:186} INFO - Started process (PID=304) to work on /home/airflow/.local/lib/python3.12/site-packages/airflow/example_dags/example_subdag_operator.py
[2024-11-16T05:26:43.783+0000] {processor.py:914} INFO - Processing file /home/airflow/.local/lib/python3.12/site-packages/airflow/example_dags/example_subdag_operator.py for tasks to queue
[2024-11-16T05:26:43.785+0000] {logging_mixin.py:190} INFO - [2024-11-16T05:26:43.784+0000] {dagbag.py:588} INFO - Filling up the DagBag from /home/airflow/.local/lib/python3.12/site-packages/airflow/example_dags/example_subdag_operator.py
[2024-11-16T05:26:43.803+0000] {processor.py:925} INFO - DAG(s) 'example_subdag_operator.section-1', 'example_subdag_operator.section-2', 'example_subdag_operator' retrieved from /home/airflow/.local/lib/python3.12/site-packages/airflow/example_dags/example_subdag_operator.py
[2024-11-16T05:26:43.814+0000] {logging_mixin.py:190} INFO - [2024-11-16T05:26:43.814+0000] {dag.py:3239} INFO - Sync 3 DAGs
[2024-11-16T05:26:43.836+0000] {logging_mixin.py:190} INFO - [2024-11-16T05:26:43.836+0000] {dag.py:4180} INFO - Setting next_dagrun for example_subdag_operator to 2022-01-01 00:00:00+00:00, run_after=2022-01-01 00:00:00+00:00
[2024-11-16T05:26:43.840+0000] {logging_mixin.py:190} INFO - [2024-11-16T05:26:43.840+0000] {dag.py:4180} INFO - Setting next_dagrun for example_subdag_operator.section-1 to None, run_after=None
[2024-11-16T05:26:43.842+0000] {logging_mixin.py:190} INFO - [2024-11-16T05:26:43.841+0000] {dag.py:4180} INFO - Setting next_dagrun for example_subdag_operator.section-2 to None, run_after=None
[2024-11-16T05:26:43.852+0000] {logging_mixin.py:190} INFO - [2024-11-16T05:26:43.851+0000] {dag.py:3239} INFO - Sync 2 DAGs
[2024-11-16T05:26:43.859+0000] {logging_mixin.py:190} INFO - [2024-11-16T05:26:43.859+0000] {dag.py:4180} INFO - Setting next_dagrun for example_subdag_operator.section-1 to None, run_after=None
[2024-11-16T05:26:43.860+0000] {logging_mixin.py:190} INFO - [2024-11-16T05:26:43.859+0000] {dag.py:4180} INFO - Setting next_dagrun for example_subdag_operator.section-2 to None, run_after=None
[2024-11-16T05:26:43.874+0000] {processor.py:208} INFO - Processing /home/airflow/.local/lib/python3.12/site-packages/airflow/example_dags/example_subdag_operator.py took 0.095 seconds
[2024-11-16T05:27:14.906+0000] {processor.py:186} INFO - Started process (PID=372) to work on /home/airflow/.local/lib/python3.12/site-packages/airflow/example_dags/example_subdag_operator.py
[2024-11-16T05:27:14.907+0000] {processor.py:914} INFO - Processing file /home/airflow/.local/lib/python3.12/site-packages/airflow/example_dags/example_subdag_operator.py for tasks to queue
[2024-11-16T05:27:14.909+0000] {logging_mixin.py:190} INFO - [2024-11-16T05:27:14.909+0000] {dagbag.py:588} INFO - Filling up the DagBag from /home/airflow/.local/lib/python3.12/site-packages/airflow/example_dags/example_subdag_operator.py
[2024-11-16T05:27:14.933+0000] {processor.py:925} INFO - DAG(s) 'example_subdag_operator.section-1', 'example_subdag_operator.section-2', 'example_subdag_operator' retrieved from /home/airflow/.local/lib/python3.12/site-packages/airflow/example_dags/example_subdag_operator.py
[2024-11-16T05:27:14.949+0000] {logging_mixin.py:190} INFO - [2024-11-16T05:27:14.949+0000] {dag.py:3239} INFO - Sync 3 DAGs
[2024-11-16T05:27:14.970+0000] {logging_mixin.py:190} INFO - [2024-11-16T05:27:14.969+0000] {dag.py:4180} INFO - Setting next_dagrun for example_subdag_operator to 2022-01-01 00:00:00+00:00, run_after=2022-01-01 00:00:00+00:00
[2024-11-16T05:27:14.972+0000] {logging_mixin.py:190} INFO - [2024-11-16T05:27:14.972+0000] {dag.py:4180} INFO - Setting next_dagrun for example_subdag_operator.section-1 to None, run_after=None
[2024-11-16T05:27:14.974+0000] {logging_mixin.py:190} INFO - [2024-11-16T05:27:14.974+0000] {dag.py:4180} INFO - Setting next_dagrun for example_subdag_operator.section-2 to None, run_after=None
[2024-11-16T05:27:14.979+0000] {logging_mixin.py:190} INFO - [2024-11-16T05:27:14.979+0000] {dag.py:3239} INFO - Sync 2 DAGs
[2024-11-16T05:27:14.984+0000] {logging_mixin.py:190} INFO - [2024-11-16T05:27:14.984+0000] {dag.py:4180} INFO - Setting next_dagrun for example_subdag_operator.section-1 to None, run_after=None
[2024-11-16T05:27:14.984+0000] {logging_mixin.py:190} INFO - [2024-11-16T05:27:14.984+0000] {dag.py:4180} INFO - Setting next_dagrun for example_subdag_operator.section-2 to None, run_after=None
[2024-11-16T05:27:14.994+0000] {processor.py:208} INFO - Processing /home/airflow/.local/lib/python3.12/site-packages/airflow/example_dags/example_subdag_operator.py took 0.091 seconds
[2024-11-16T05:27:45.471+0000] {processor.py:186} INFO - Started process (PID=440) to work on /home/airflow/.local/lib/python3.12/site-packages/airflow/example_dags/example_subdag_operator.py
[2024-11-16T05:27:45.472+0000] {processor.py:914} INFO - Processing file /home/airflow/.local/lib/python3.12/site-packages/airflow/example_dags/example_subdag_operator.py for tasks to queue
[2024-11-16T05:27:45.474+0000] {logging_mixin.py:190} INFO - [2024-11-16T05:27:45.474+0000] {dagbag.py:588} INFO - Filling up the DagBag from /home/airflow/.local/lib/python3.12/site-packages/airflow/example_dags/example_subdag_operator.py
[2024-11-16T05:27:45.491+0000] {processor.py:925} INFO - DAG(s) 'example_subdag_operator.section-1', 'example_subdag_operator.section-2', 'example_subdag_operator' retrieved from /home/airflow/.local/lib/python3.12/site-packages/airflow/example_dags/example_subdag_operator.py
[2024-11-16T05:27:45.502+0000] {logging_mixin.py:190} INFO - [2024-11-16T05:27:45.501+0000] {dag.py:3239} INFO - Sync 3 DAGs
[2024-11-16T05:27:45.518+0000] {logging_mixin.py:190} INFO - [2024-11-16T05:27:45.518+0000] {dag.py:4180} INFO - Setting next_dagrun for example_subdag_operator to 2022-01-01 00:00:00+00:00, run_after=2022-01-01 00:00:00+00:00
[2024-11-16T05:27:45.520+0000] {logging_mixin.py:190} INFO - [2024-11-16T05:27:45.520+0000] {dag.py:4180} INFO - Setting next_dagrun for example_subdag_operator.section-1 to None, run_after=None
[2024-11-16T05:27:45.521+0000] {logging_mixin.py:190} INFO - [2024-11-16T05:27:45.521+0000] {dag.py:4180} INFO - Setting next_dagrun for example_subdag_operator.section-2 to None, run_after=None
[2024-11-16T05:27:45.527+0000] {logging_mixin.py:190} INFO - [2024-11-16T05:27:45.527+0000] {dag.py:3239} INFO - Sync 2 DAGs
[2024-11-16T05:27:45.531+0000] {logging_mixin.py:190} INFO - [2024-11-16T05:27:45.531+0000] {dag.py:4180} INFO - Setting next_dagrun for example_subdag_operator.section-1 to None, run_after=None
[2024-11-16T05:27:45.531+0000] {logging_mixin.py:190} INFO - [2024-11-16T05:27:45.531+0000] {dag.py:4180} INFO - Setting next_dagrun for example_subdag_operator.section-2 to None, run_after=None
[2024-11-16T05:27:45.540+0000] {processor.py:208} INFO - Processing /home/airflow/.local/lib/python3.12/site-packages/airflow/example_dags/example_subdag_operator.py took 0.072 seconds
[2024-11-16T05:29:51.207+0000] {processor.py:186} INFO - Started process (PID=120) to work on /home/airflow/.local/lib/python3.12/site-packages/airflow/example_dags/example_subdag_operator.py
[2024-11-16T05:29:51.208+0000] {processor.py:914} INFO - Processing file /home/airflow/.local/lib/python3.12/site-packages/airflow/example_dags/example_subdag_operator.py for tasks to queue
[2024-11-16T05:29:51.210+0000] {logging_mixin.py:190} INFO - [2024-11-16T05:29:51.209+0000] {dagbag.py:588} INFO - Filling up the DagBag from /home/airflow/.local/lib/python3.12/site-packages/airflow/example_dags/example_subdag_operator.py
[2024-11-16T05:29:51.238+0000] {processor.py:925} INFO - DAG(s) 'example_subdag_operator.section-1', 'example_subdag_operator.section-2', 'example_subdag_operator' retrieved from /home/airflow/.local/lib/python3.12/site-packages/airflow/example_dags/example_subdag_operator.py
[2024-11-16T05:29:51.258+0000] {logging_mixin.py:190} INFO - [2024-11-16T05:29:51.258+0000] {dag.py:3239} INFO - Sync 3 DAGs
[2024-11-16T05:29:51.282+0000] {logging_mixin.py:190} INFO - [2024-11-16T05:29:51.282+0000] {dag.py:4180} INFO - Setting next_dagrun for example_subdag_operator to 2022-01-01 00:00:00+00:00, run_after=2022-01-01 00:00:00+00:00
[2024-11-16T05:29:51.286+0000] {logging_mixin.py:190} INFO - [2024-11-16T05:29:51.286+0000] {dag.py:4180} INFO - Setting next_dagrun for example_subdag_operator.section-1 to None, run_after=None
[2024-11-16T05:29:51.287+0000] {logging_mixin.py:190} INFO - [2024-11-16T05:29:51.287+0000] {dag.py:4180} INFO - Setting next_dagrun for example_subdag_operator.section-2 to None, run_after=None
[2024-11-16T05:29:51.292+0000] {logging_mixin.py:190} INFO - [2024-11-16T05:29:51.292+0000] {dag.py:3239} INFO - Sync 2 DAGs
[2024-11-16T05:29:51.297+0000] {logging_mixin.py:190} INFO - [2024-11-16T05:29:51.297+0000] {dag.py:4180} INFO - Setting next_dagrun for example_subdag_operator.section-1 to None, run_after=None
[2024-11-16T05:29:51.297+0000] {logging_mixin.py:190} INFO - [2024-11-16T05:29:51.297+0000] {dag.py:4180} INFO - Setting next_dagrun for example_subdag_operator.section-2 to None, run_after=None
[2024-11-16T05:29:51.311+0000] {processor.py:208} INFO - Processing /home/airflow/.local/lib/python3.12/site-packages/airflow/example_dags/example_subdag_operator.py took 0.110 seconds
[2024-11-16T05:30:23.273+0000] {processor.py:186} INFO - Started process (PID=188) to work on /home/airflow/.local/lib/python3.12/site-packages/airflow/example_dags/example_subdag_operator.py
[2024-11-16T05:30:23.274+0000] {processor.py:914} INFO - Processing file /home/airflow/.local/lib/python3.12/site-packages/airflow/example_dags/example_subdag_operator.py for tasks to queue
[2024-11-16T05:30:23.277+0000] {logging_mixin.py:190} INFO - [2024-11-16T05:30:23.277+0000] {dagbag.py:588} INFO - Filling up the DagBag from /home/airflow/.local/lib/python3.12/site-packages/airflow/example_dags/example_subdag_operator.py
[2024-11-16T05:30:23.307+0000] {processor.py:925} INFO - DAG(s) 'example_subdag_operator.section-1', 'example_subdag_operator.section-2', 'example_subdag_operator' retrieved from /home/airflow/.local/lib/python3.12/site-packages/airflow/example_dags/example_subdag_operator.py
[2024-11-16T05:30:23.325+0000] {logging_mixin.py:190} INFO - [2024-11-16T05:30:23.324+0000] {dag.py:3239} INFO - Sync 3 DAGs
[2024-11-16T05:30:23.351+0000] {logging_mixin.py:190} INFO - [2024-11-16T05:30:23.351+0000] {dag.py:4180} INFO - Setting next_dagrun for example_subdag_operator to 2022-01-01 00:00:00+00:00, run_after=2022-01-01 00:00:00+00:00
[2024-11-16T05:30:23.356+0000] {logging_mixin.py:190} INFO - [2024-11-16T05:30:23.355+0000] {dag.py:4180} INFO - Setting next_dagrun for example_subdag_operator.section-1 to None, run_after=None
[2024-11-16T05:30:23.358+0000] {logging_mixin.py:190} INFO - [2024-11-16T05:30:23.357+0000] {dag.py:4180} INFO - Setting next_dagrun for example_subdag_operator.section-2 to None, run_after=None
[2024-11-16T05:30:23.365+0000] {logging_mixin.py:190} INFO - [2024-11-16T05:30:23.365+0000] {dag.py:3239} INFO - Sync 2 DAGs
[2024-11-16T05:30:23.379+0000] {logging_mixin.py:190} INFO - [2024-11-16T05:30:23.379+0000] {dag.py:4180} INFO - Setting next_dagrun for example_subdag_operator.section-1 to None, run_after=None
[2024-11-16T05:30:23.380+0000] {logging_mixin.py:190} INFO - [2024-11-16T05:30:23.380+0000] {dag.py:4180} INFO - Setting next_dagrun for example_subdag_operator.section-2 to None, run_after=None
[2024-11-16T05:30:23.406+0000] {processor.py:208} INFO - Processing /home/airflow/.local/lib/python3.12/site-packages/airflow/example_dags/example_subdag_operator.py took 0.143 seconds
[2024-11-16T05:30:54.059+0000] {processor.py:186} INFO - Started process (PID=256) to work on /home/airflow/.local/lib/python3.12/site-packages/airflow/example_dags/example_subdag_operator.py
[2024-11-16T05:30:54.060+0000] {processor.py:914} INFO - Processing file /home/airflow/.local/lib/python3.12/site-packages/airflow/example_dags/example_subdag_operator.py for tasks to queue
[2024-11-16T05:30:54.061+0000] {logging_mixin.py:190} INFO - [2024-11-16T05:30:54.061+0000] {dagbag.py:588} INFO - Filling up the DagBag from /home/airflow/.local/lib/python3.12/site-packages/airflow/example_dags/example_subdag_operator.py
[2024-11-16T05:30:54.078+0000] {processor.py:925} INFO - DAG(s) 'example_subdag_operator.section-1', 'example_subdag_operator.section-2', 'example_subdag_operator' retrieved from /home/airflow/.local/lib/python3.12/site-packages/airflow/example_dags/example_subdag_operator.py
[2024-11-16T05:30:54.089+0000] {logging_mixin.py:190} INFO - [2024-11-16T05:30:54.088+0000] {dag.py:3239} INFO - Sync 3 DAGs
[2024-11-16T05:30:54.105+0000] {logging_mixin.py:190} INFO - [2024-11-16T05:30:54.105+0000] {dag.py:4180} INFO - Setting next_dagrun for example_subdag_operator to 2022-01-01 00:00:00+00:00, run_after=2022-01-01 00:00:00+00:00
[2024-11-16T05:30:54.107+0000] {logging_mixin.py:190} INFO - [2024-11-16T05:30:54.107+0000] {dag.py:4180} INFO - Setting next_dagrun for example_subdag_operator.section-1 to None, run_after=None
[2024-11-16T05:30:54.108+0000] {logging_mixin.py:190} INFO - [2024-11-16T05:30:54.108+0000] {dag.py:4180} INFO - Setting next_dagrun for example_subdag_operator.section-2 to None, run_after=None
[2024-11-16T05:30:54.113+0000] {logging_mixin.py:190} INFO - [2024-11-16T05:30:54.113+0000] {dag.py:3239} INFO - Sync 2 DAGs
[2024-11-16T05:30:54.117+0000] {logging_mixin.py:190} INFO - [2024-11-16T05:30:54.117+0000] {dag.py:4180} INFO - Setting next_dagrun for example_subdag_operator.section-1 to None, run_after=None
[2024-11-16T05:30:54.118+0000] {logging_mixin.py:190} INFO - [2024-11-16T05:30:54.118+0000] {dag.py:4180} INFO - Setting next_dagrun for example_subdag_operator.section-2 to None, run_after=None
[2024-11-16T05:30:54.127+0000] {processor.py:208} INFO - Processing /home/airflow/.local/lib/python3.12/site-packages/airflow/example_dags/example_subdag_operator.py took 0.072 seconds
[2024-11-16T05:31:24.629+0000] {processor.py:186} INFO - Started process (PID=324) to work on /home/airflow/.local/lib/python3.12/site-packages/airflow/example_dags/example_subdag_operator.py
[2024-11-16T05:31:24.629+0000] {processor.py:914} INFO - Processing file /home/airflow/.local/lib/python3.12/site-packages/airflow/example_dags/example_subdag_operator.py for tasks to queue
[2024-11-16T05:31:24.631+0000] {logging_mixin.py:190} INFO - [2024-11-16T05:31:24.630+0000] {dagbag.py:588} INFO - Filling up the DagBag from /home/airflow/.local/lib/python3.12/site-packages/airflow/example_dags/example_subdag_operator.py
[2024-11-16T05:31:24.649+0000] {processor.py:925} INFO - DAG(s) 'example_subdag_operator.section-1', 'example_subdag_operator.section-2', 'example_subdag_operator' retrieved from /home/airflow/.local/lib/python3.12/site-packages/airflow/example_dags/example_subdag_operator.py
[2024-11-16T05:31:24.661+0000] {logging_mixin.py:190} INFO - [2024-11-16T05:31:24.661+0000] {dag.py:3239} INFO - Sync 3 DAGs
[2024-11-16T05:31:24.677+0000] {logging_mixin.py:190} INFO - [2024-11-16T05:31:24.677+0000] {dag.py:4180} INFO - Setting next_dagrun for example_subdag_operator to 2022-01-01 00:00:00+00:00, run_after=2022-01-01 00:00:00+00:00
[2024-11-16T05:31:24.680+0000] {logging_mixin.py:190} INFO - [2024-11-16T05:31:24.680+0000] {dag.py:4180} INFO - Setting next_dagrun for example_subdag_operator.section-1 to None, run_after=None
[2024-11-16T05:31:24.681+0000] {logging_mixin.py:190} INFO - [2024-11-16T05:31:24.681+0000] {dag.py:4180} INFO - Setting next_dagrun for example_subdag_operator.section-2 to None, run_after=None
[2024-11-16T05:31:24.687+0000] {logging_mixin.py:190} INFO - [2024-11-16T05:31:24.686+0000] {dag.py:3239} INFO - Sync 2 DAGs
[2024-11-16T05:31:24.691+0000] {logging_mixin.py:190} INFO - [2024-11-16T05:31:24.690+0000] {dag.py:4180} INFO - Setting next_dagrun for example_subdag_operator.section-1 to None, run_after=None
[2024-11-16T05:31:24.691+0000] {logging_mixin.py:190} INFO - [2024-11-16T05:31:24.691+0000] {dag.py:4180} INFO - Setting next_dagrun for example_subdag_operator.section-2 to None, run_after=None
[2024-11-16T05:31:24.702+0000] {processor.py:208} INFO - Processing /home/airflow/.local/lib/python3.12/site-packages/airflow/example_dags/example_subdag_operator.py took 0.077 seconds
[2024-11-16T05:31:55.237+0000] {processor.py:186} INFO - Started process (PID=392) to work on /home/airflow/.local/lib/python3.12/site-packages/airflow/example_dags/example_subdag_operator.py
[2024-11-16T05:31:55.238+0000] {processor.py:914} INFO - Processing file /home/airflow/.local/lib/python3.12/site-packages/airflow/example_dags/example_subdag_operator.py for tasks to queue
[2024-11-16T05:31:55.239+0000] {logging_mixin.py:190} INFO - [2024-11-16T05:31:55.239+0000] {dagbag.py:588} INFO - Filling up the DagBag from /home/airflow/.local/lib/python3.12/site-packages/airflow/example_dags/example_subdag_operator.py
[2024-11-16T05:31:55.256+0000] {processor.py:925} INFO - DAG(s) 'example_subdag_operator.section-1', 'example_subdag_operator.section-2', 'example_subdag_operator' retrieved from /home/airflow/.local/lib/python3.12/site-packages/airflow/example_dags/example_subdag_operator.py
[2024-11-16T05:31:55.268+0000] {logging_mixin.py:190} INFO - [2024-11-16T05:31:55.268+0000] {dag.py:3239} INFO - Sync 3 DAGs
[2024-11-16T05:31:55.284+0000] {logging_mixin.py:190} INFO - [2024-11-16T05:31:55.284+0000] {dag.py:4180} INFO - Setting next_dagrun for example_subdag_operator to 2022-01-01 00:00:00+00:00, run_after=2022-01-01 00:00:00+00:00
[2024-11-16T05:31:55.287+0000] {logging_mixin.py:190} INFO - [2024-11-16T05:31:55.287+0000] {dag.py:4180} INFO - Setting next_dagrun for example_subdag_operator.section-1 to None, run_after=None
[2024-11-16T05:31:55.288+0000] {logging_mixin.py:190} INFO - [2024-11-16T05:31:55.288+0000] {dag.py:4180} INFO - Setting next_dagrun for example_subdag_operator.section-2 to None, run_after=None
[2024-11-16T05:31:55.293+0000] {logging_mixin.py:190} INFO - [2024-11-16T05:31:55.293+0000] {dag.py:3239} INFO - Sync 2 DAGs
[2024-11-16T05:31:55.297+0000] {logging_mixin.py:190} INFO - [2024-11-16T05:31:55.297+0000] {dag.py:4180} INFO - Setting next_dagrun for example_subdag_operator.section-1 to None, run_after=None
[2024-11-16T05:31:55.297+0000] {logging_mixin.py:190} INFO - [2024-11-16T05:31:55.297+0000] {dag.py:4180} INFO - Setting next_dagrun for example_subdag_operator.section-2 to None, run_after=None
[2024-11-16T05:31:55.308+0000] {processor.py:208} INFO - Processing /home/airflow/.local/lib/python3.12/site-packages/airflow/example_dags/example_subdag_operator.py took 0.075 seconds
[2024-11-16T05:32:26.242+0000] {processor.py:186} INFO - Started process (PID=460) to work on /home/airflow/.local/lib/python3.12/site-packages/airflow/example_dags/example_subdag_operator.py
[2024-11-16T05:32:26.242+0000] {processor.py:914} INFO - Processing file /home/airflow/.local/lib/python3.12/site-packages/airflow/example_dags/example_subdag_operator.py for tasks to queue
[2024-11-16T05:32:26.244+0000] {logging_mixin.py:190} INFO - [2024-11-16T05:32:26.243+0000] {dagbag.py:588} INFO - Filling up the DagBag from /home/airflow/.local/lib/python3.12/site-packages/airflow/example_dags/example_subdag_operator.py
[2024-11-16T05:32:26.261+0000] {processor.py:925} INFO - DAG(s) 'example_subdag_operator.section-1', 'example_subdag_operator.section-2', 'example_subdag_operator' retrieved from /home/airflow/.local/lib/python3.12/site-packages/airflow/example_dags/example_subdag_operator.py
[2024-11-16T05:32:26.272+0000] {logging_mixin.py:190} INFO - [2024-11-16T05:32:26.272+0000] {dag.py:3239} INFO - Sync 3 DAGs
[2024-11-16T05:32:26.289+0000] {logging_mixin.py:190} INFO - [2024-11-16T05:32:26.289+0000] {dag.py:4180} INFO - Setting next_dagrun for example_subdag_operator to 2022-01-01 00:00:00+00:00, run_after=2022-01-01 00:00:00+00:00
[2024-11-16T05:32:26.292+0000] {logging_mixin.py:190} INFO - [2024-11-16T05:32:26.292+0000] {dag.py:4180} INFO - Setting next_dagrun for example_subdag_operator.section-1 to None, run_after=None
[2024-11-16T05:32:26.293+0000] {logging_mixin.py:190} INFO - [2024-11-16T05:32:26.293+0000] {dag.py:4180} INFO - Setting next_dagrun for example_subdag_operator.section-2 to None, run_after=None
[2024-11-16T05:32:26.298+0000] {logging_mixin.py:190} INFO - [2024-11-16T05:32:26.298+0000] {dag.py:3239} INFO - Sync 2 DAGs
[2024-11-16T05:32:26.302+0000] {logging_mixin.py:190} INFO - [2024-11-16T05:32:26.301+0000] {dag.py:4180} INFO - Setting next_dagrun for example_subdag_operator.section-1 to None, run_after=None
[2024-11-16T05:32:26.302+0000] {logging_mixin.py:190} INFO - [2024-11-16T05:32:26.302+0000] {dag.py:4180} INFO - Setting next_dagrun for example_subdag_operator.section-2 to None, run_after=None
[2024-11-16T05:32:26.312+0000] {processor.py:208} INFO - Processing /home/airflow/.local/lib/python3.12/site-packages/airflow/example_dags/example_subdag_operator.py took 0.074 seconds
[2024-11-16T05:32:57.472+0000] {processor.py:186} INFO - Started process (PID=528) to work on /home/airflow/.local/lib/python3.12/site-packages/airflow/example_dags/example_subdag_operator.py
[2024-11-16T05:32:57.473+0000] {processor.py:914} INFO - Processing file /home/airflow/.local/lib/python3.12/site-packages/airflow/example_dags/example_subdag_operator.py for tasks to queue
[2024-11-16T05:32:57.474+0000] {logging_mixin.py:190} INFO - [2024-11-16T05:32:57.474+0000] {dagbag.py:588} INFO - Filling up the DagBag from /home/airflow/.local/lib/python3.12/site-packages/airflow/example_dags/example_subdag_operator.py
[2024-11-16T05:32:57.491+0000] {processor.py:925} INFO - DAG(s) 'example_subdag_operator.section-1', 'example_subdag_operator.section-2', 'example_subdag_operator' retrieved from /home/airflow/.local/lib/python3.12/site-packages/airflow/example_dags/example_subdag_operator.py
[2024-11-16T05:32:57.502+0000] {logging_mixin.py:190} INFO - [2024-11-16T05:32:57.502+0000] {dag.py:3239} INFO - Sync 3 DAGs
[2024-11-16T05:32:57.519+0000] {logging_mixin.py:190} INFO - [2024-11-16T05:32:57.518+0000] {dag.py:4180} INFO - Setting next_dagrun for example_subdag_operator to 2022-01-01 00:00:00+00:00, run_after=2022-01-01 00:00:00+00:00
[2024-11-16T05:32:57.521+0000] {logging_mixin.py:190} INFO - [2024-11-16T05:32:57.521+0000] {dag.py:4180} INFO - Setting next_dagrun for example_subdag_operator.section-1 to None, run_after=None
[2024-11-16T05:32:57.522+0000] {logging_mixin.py:190} INFO - [2024-11-16T05:32:57.522+0000] {dag.py:4180} INFO - Setting next_dagrun for example_subdag_operator.section-2 to None, run_after=None
[2024-11-16T05:32:57.527+0000] {logging_mixin.py:190} INFO - [2024-11-16T05:32:57.526+0000] {dag.py:3239} INFO - Sync 2 DAGs
[2024-11-16T05:32:57.531+0000] {logging_mixin.py:190} INFO - [2024-11-16T05:32:57.530+0000] {dag.py:4180} INFO - Setting next_dagrun for example_subdag_operator.section-1 to None, run_after=None
[2024-11-16T05:32:57.531+0000] {logging_mixin.py:190} INFO - [2024-11-16T05:32:57.531+0000] {dag.py:4180} INFO - Setting next_dagrun for example_subdag_operator.section-2 to None, run_after=None
[2024-11-16T05:32:57.541+0000] {processor.py:208} INFO - Processing /home/airflow/.local/lib/python3.12/site-packages/airflow/example_dags/example_subdag_operator.py took 0.073 seconds
[2024-11-16T05:33:28.443+0000] {processor.py:186} INFO - Started process (PID=596) to work on /home/airflow/.local/lib/python3.12/site-packages/airflow/example_dags/example_subdag_operator.py
[2024-11-16T05:33:28.444+0000] {processor.py:914} INFO - Processing file /home/airflow/.local/lib/python3.12/site-packages/airflow/example_dags/example_subdag_operator.py for tasks to queue
[2024-11-16T05:33:28.446+0000] {logging_mixin.py:190} INFO - [2024-11-16T05:33:28.445+0000] {dagbag.py:588} INFO - Filling up the DagBag from /home/airflow/.local/lib/python3.12/site-packages/airflow/example_dags/example_subdag_operator.py
[2024-11-16T05:33:28.477+0000] {processor.py:925} INFO - DAG(s) 'example_subdag_operator.section-1', 'example_subdag_operator.section-2', 'example_subdag_operator' retrieved from /home/airflow/.local/lib/python3.12/site-packages/airflow/example_dags/example_subdag_operator.py
[2024-11-16T05:33:28.505+0000] {logging_mixin.py:190} INFO - [2024-11-16T05:33:28.505+0000] {dag.py:3239} INFO - Sync 3 DAGs
[2024-11-16T05:33:28.532+0000] {logging_mixin.py:190} INFO - [2024-11-16T05:33:28.531+0000] {dag.py:4180} INFO - Setting next_dagrun for example_subdag_operator to 2022-01-01 00:00:00+00:00, run_after=2022-01-01 00:00:00+00:00
[2024-11-16T05:33:28.536+0000] {logging_mixin.py:190} INFO - [2024-11-16T05:33:28.535+0000] {dag.py:4180} INFO - Setting next_dagrun for example_subdag_operator.section-1 to None, run_after=None
[2024-11-16T05:33:28.537+0000] {logging_mixin.py:190} INFO - [2024-11-16T05:33:28.537+0000] {dag.py:4180} INFO - Setting next_dagrun for example_subdag_operator.section-2 to None, run_after=None
[2024-11-16T05:33:28.545+0000] {logging_mixin.py:190} INFO - [2024-11-16T05:33:28.545+0000] {dag.py:3239} INFO - Sync 2 DAGs
[2024-11-16T05:33:28.552+0000] {logging_mixin.py:190} INFO - [2024-11-16T05:33:28.552+0000] {dag.py:4180} INFO - Setting next_dagrun for example_subdag_operator.section-1 to None, run_after=None
[2024-11-16T05:33:28.553+0000] {logging_mixin.py:190} INFO - [2024-11-16T05:33:28.553+0000] {dag.py:4180} INFO - Setting next_dagrun for example_subdag_operator.section-2 to None, run_after=None
[2024-11-16T05:33:28.571+0000] {processor.py:208} INFO - Processing /home/airflow/.local/lib/python3.12/site-packages/airflow/example_dags/example_subdag_operator.py took 0.132 seconds
[2024-11-16T05:33:59.271+0000] {processor.py:186} INFO - Started process (PID=664) to work on /home/airflow/.local/lib/python3.12/site-packages/airflow/example_dags/example_subdag_operator.py
[2024-11-16T05:33:59.272+0000] {processor.py:914} INFO - Processing file /home/airflow/.local/lib/python3.12/site-packages/airflow/example_dags/example_subdag_operator.py for tasks to queue
[2024-11-16T05:33:59.274+0000] {logging_mixin.py:190} INFO - [2024-11-16T05:33:59.274+0000] {dagbag.py:588} INFO - Filling up the DagBag from /home/airflow/.local/lib/python3.12/site-packages/airflow/example_dags/example_subdag_operator.py
[2024-11-16T05:33:59.300+0000] {processor.py:925} INFO - DAG(s) 'example_subdag_operator.section-1', 'example_subdag_operator.section-2', 'example_subdag_operator' retrieved from /home/airflow/.local/lib/python3.12/site-packages/airflow/example_dags/example_subdag_operator.py
[2024-11-16T05:33:59.317+0000] {logging_mixin.py:190} INFO - [2024-11-16T05:33:59.316+0000] {dag.py:3239} INFO - Sync 3 DAGs
[2024-11-16T05:33:59.338+0000] {logging_mixin.py:190} INFO - [2024-11-16T05:33:59.337+0000] {dag.py:4180} INFO - Setting next_dagrun for example_subdag_operator to 2022-01-01 00:00:00+00:00, run_after=2022-01-01 00:00:00+00:00
[2024-11-16T05:33:59.341+0000] {logging_mixin.py:190} INFO - [2024-11-16T05:33:59.341+0000] {dag.py:4180} INFO - Setting next_dagrun for example_subdag_operator.section-1 to None, run_after=None
[2024-11-16T05:33:59.343+0000] {logging_mixin.py:190} INFO - [2024-11-16T05:33:59.342+0000] {dag.py:4180} INFO - Setting next_dagrun for example_subdag_operator.section-2 to None, run_after=None
[2024-11-16T05:33:59.349+0000] {logging_mixin.py:190} INFO - [2024-11-16T05:33:59.349+0000] {dag.py:3239} INFO - Sync 2 DAGs
[2024-11-16T05:33:59.354+0000] {logging_mixin.py:190} INFO - [2024-11-16T05:33:59.354+0000] {dag.py:4180} INFO - Setting next_dagrun for example_subdag_operator.section-1 to None, run_after=None
[2024-11-16T05:33:59.354+0000] {logging_mixin.py:190} INFO - [2024-11-16T05:33:59.354+0000] {dag.py:4180} INFO - Setting next_dagrun for example_subdag_operator.section-2 to None, run_after=None
[2024-11-16T05:33:59.367+0000] {processor.py:208} INFO - Processing /home/airflow/.local/lib/python3.12/site-packages/airflow/example_dags/example_subdag_operator.py took 0.101 seconds
[2024-11-16T05:34:30.725+0000] {processor.py:186} INFO - Started process (PID=732) to work on /home/airflow/.local/lib/python3.12/site-packages/airflow/example_dags/example_subdag_operator.py
[2024-11-16T05:34:30.726+0000] {processor.py:914} INFO - Processing file /home/airflow/.local/lib/python3.12/site-packages/airflow/example_dags/example_subdag_operator.py for tasks to queue
[2024-11-16T05:34:30.728+0000] {logging_mixin.py:190} INFO - [2024-11-16T05:34:30.727+0000] {dagbag.py:588} INFO - Filling up the DagBag from /home/airflow/.local/lib/python3.12/site-packages/airflow/example_dags/example_subdag_operator.py
[2024-11-16T05:34:30.747+0000] {processor.py:925} INFO - DAG(s) 'example_subdag_operator.section-1', 'example_subdag_operator.section-2', 'example_subdag_operator' retrieved from /home/airflow/.local/lib/python3.12/site-packages/airflow/example_dags/example_subdag_operator.py
[2024-11-16T05:34:30.759+0000] {logging_mixin.py:190} INFO - [2024-11-16T05:34:30.759+0000] {dag.py:3239} INFO - Sync 3 DAGs
[2024-11-16T05:34:30.776+0000] {logging_mixin.py:190} INFO - [2024-11-16T05:34:30.776+0000] {dag.py:4180} INFO - Setting next_dagrun for example_subdag_operator to 2022-01-01 00:00:00+00:00, run_after=2022-01-01 00:00:00+00:00
[2024-11-16T05:34:30.780+0000] {logging_mixin.py:190} INFO - [2024-11-16T05:34:30.779+0000] {dag.py:4180} INFO - Setting next_dagrun for example_subdag_operator.section-1 to None, run_after=None
[2024-11-16T05:34:30.783+0000] {logging_mixin.py:190} INFO - [2024-11-16T05:34:30.782+0000] {dag.py:4180} INFO - Setting next_dagrun for example_subdag_operator.section-2 to None, run_after=None
[2024-11-16T05:34:30.788+0000] {logging_mixin.py:190} INFO - [2024-11-16T05:34:30.788+0000] {dag.py:3239} INFO - Sync 2 DAGs
[2024-11-16T05:34:30.796+0000] {logging_mixin.py:190} INFO - [2024-11-16T05:34:30.796+0000] {dag.py:4180} INFO - Setting next_dagrun for example_subdag_operator.section-1 to None, run_after=None
[2024-11-16T05:34:30.796+0000] {logging_mixin.py:190} INFO - [2024-11-16T05:34:30.796+0000] {dag.py:4180} INFO - Setting next_dagrun for example_subdag_operator.section-2 to None, run_after=None
[2024-11-16T05:34:30.807+0000] {processor.py:208} INFO - Processing /home/airflow/.local/lib/python3.12/site-packages/airflow/example_dags/example_subdag_operator.py took 0.086 seconds
[2024-11-16T05:35:01.545+0000] {processor.py:186} INFO - Started process (PID=800) to work on /home/airflow/.local/lib/python3.12/site-packages/airflow/example_dags/example_subdag_operator.py
[2024-11-16T05:35:01.552+0000] {processor.py:914} INFO - Processing file /home/airflow/.local/lib/python3.12/site-packages/airflow/example_dags/example_subdag_operator.py for tasks to queue
[2024-11-16T05:35:01.555+0000] {logging_mixin.py:190} INFO - [2024-11-16T05:35:01.554+0000] {dagbag.py:588} INFO - Filling up the DagBag from /home/airflow/.local/lib/python3.12/site-packages/airflow/example_dags/example_subdag_operator.py
[2024-11-16T05:35:01.616+0000] {processor.py:925} INFO - DAG(s) 'example_subdag_operator.section-1', 'example_subdag_operator.section-2', 'example_subdag_operator' retrieved from /home/airflow/.local/lib/python3.12/site-packages/airflow/example_dags/example_subdag_operator.py
[2024-11-16T05:35:01.641+0000] {logging_mixin.py:190} INFO - [2024-11-16T05:35:01.640+0000] {dag.py:3239} INFO - Sync 3 DAGs
[2024-11-16T05:35:01.689+0000] {logging_mixin.py:190} INFO - [2024-11-16T05:35:01.689+0000] {dag.py:4180} INFO - Setting next_dagrun for example_subdag_operator to 2022-01-01 00:00:00+00:00, run_after=2022-01-01 00:00:00+00:00
[2024-11-16T05:35:01.698+0000] {logging_mixin.py:190} INFO - [2024-11-16T05:35:01.697+0000] {dag.py:4180} INFO - Setting next_dagrun for example_subdag_operator.section-1 to None, run_after=None
[2024-11-16T05:35:01.701+0000] {logging_mixin.py:190} INFO - [2024-11-16T05:35:01.701+0000] {dag.py:4180} INFO - Setting next_dagrun for example_subdag_operator.section-2 to None, run_after=None
[2024-11-16T05:35:01.712+0000] {logging_mixin.py:190} INFO - [2024-11-16T05:35:01.712+0000] {dag.py:3239} INFO - Sync 2 DAGs
[2024-11-16T05:35:01.720+0000] {logging_mixin.py:190} INFO - [2024-11-16T05:35:01.720+0000] {dag.py:4180} INFO - Setting next_dagrun for example_subdag_operator.section-1 to None, run_after=None
[2024-11-16T05:35:01.721+0000] {logging_mixin.py:190} INFO - [2024-11-16T05:35:01.721+0000] {dag.py:4180} INFO - Setting next_dagrun for example_subdag_operator.section-2 to None, run_after=None
[2024-11-16T05:35:01.739+0000] {processor.py:208} INFO - Processing /home/airflow/.local/lib/python3.12/site-packages/airflow/example_dags/example_subdag_operator.py took 0.204 seconds
[2024-11-16T05:35:32.001+0000] {processor.py:186} INFO - Started process (PID=868) to work on /home/airflow/.local/lib/python3.12/site-packages/airflow/example_dags/example_subdag_operator.py
[2024-11-16T05:35:32.001+0000] {processor.py:914} INFO - Processing file /home/airflow/.local/lib/python3.12/site-packages/airflow/example_dags/example_subdag_operator.py for tasks to queue
[2024-11-16T05:35:32.003+0000] {logging_mixin.py:190} INFO - [2024-11-16T05:35:32.003+0000] {dagbag.py:588} INFO - Filling up the DagBag from /home/airflow/.local/lib/python3.12/site-packages/airflow/example_dags/example_subdag_operator.py
[2024-11-16T05:35:32.021+0000] {processor.py:925} INFO - DAG(s) 'example_subdag_operator.section-1', 'example_subdag_operator.section-2', 'example_subdag_operator' retrieved from /home/airflow/.local/lib/python3.12/site-packages/airflow/example_dags/example_subdag_operator.py
[2024-11-16T05:35:32.034+0000] {logging_mixin.py:190} INFO - [2024-11-16T05:35:32.034+0000] {dag.py:3239} INFO - Sync 3 DAGs
[2024-11-16T05:35:32.051+0000] {logging_mixin.py:190} INFO - [2024-11-16T05:35:32.051+0000] {dag.py:4180} INFO - Setting next_dagrun for example_subdag_operator to 2022-01-01 00:00:00+00:00, run_after=2022-01-01 00:00:00+00:00
[2024-11-16T05:35:32.054+0000] {logging_mixin.py:190} INFO - [2024-11-16T05:35:32.054+0000] {dag.py:4180} INFO - Setting next_dagrun for example_subdag_operator.section-1 to None, run_after=None
[2024-11-16T05:35:32.055+0000] {logging_mixin.py:190} INFO - [2024-11-16T05:35:32.055+0000] {dag.py:4180} INFO - Setting next_dagrun for example_subdag_operator.section-2 to None, run_after=None
[2024-11-16T05:35:32.061+0000] {logging_mixin.py:190} INFO - [2024-11-16T05:35:32.061+0000] {dag.py:3239} INFO - Sync 2 DAGs
[2024-11-16T05:35:32.065+0000] {logging_mixin.py:190} INFO - [2024-11-16T05:35:32.065+0000] {dag.py:4180} INFO - Setting next_dagrun for example_subdag_operator.section-1 to None, run_after=None
[2024-11-16T05:35:32.066+0000] {logging_mixin.py:190} INFO - [2024-11-16T05:35:32.066+0000] {dag.py:4180} INFO - Setting next_dagrun for example_subdag_operator.section-2 to None, run_after=None
[2024-11-16T05:35:32.077+0000] {processor.py:208} INFO - Processing /home/airflow/.local/lib/python3.12/site-packages/airflow/example_dags/example_subdag_operator.py took 0.081 seconds
[2024-11-16T05:36:03.428+0000] {processor.py:186} INFO - Started process (PID=937) to work on /home/airflow/.local/lib/python3.12/site-packages/airflow/example_dags/example_subdag_operator.py
[2024-11-16T05:36:03.428+0000] {processor.py:914} INFO - Processing file /home/airflow/.local/lib/python3.12/site-packages/airflow/example_dags/example_subdag_operator.py for tasks to queue
[2024-11-16T05:36:03.430+0000] {logging_mixin.py:190} INFO - [2024-11-16T05:36:03.430+0000] {dagbag.py:588} INFO - Filling up the DagBag from /home/airflow/.local/lib/python3.12/site-packages/airflow/example_dags/example_subdag_operator.py
[2024-11-16T05:36:03.446+0000] {processor.py:925} INFO - DAG(s) 'example_subdag_operator.section-1', 'example_subdag_operator.section-2', 'example_subdag_operator' retrieved from /home/airflow/.local/lib/python3.12/site-packages/airflow/example_dags/example_subdag_operator.py
[2024-11-16T05:36:03.456+0000] {logging_mixin.py:190} INFO - [2024-11-16T05:36:03.456+0000] {dag.py:3239} INFO - Sync 3 DAGs
[2024-11-16T05:36:03.472+0000] {logging_mixin.py:190} INFO - [2024-11-16T05:36:03.472+0000] {dag.py:4180} INFO - Setting next_dagrun for example_subdag_operator to 2022-01-01 00:00:00+00:00, run_after=2022-01-01 00:00:00+00:00
[2024-11-16T05:36:03.475+0000] {logging_mixin.py:190} INFO - [2024-11-16T05:36:03.475+0000] {dag.py:4180} INFO - Setting next_dagrun for example_subdag_operator.section-1 to None, run_after=None
[2024-11-16T05:36:03.476+0000] {logging_mixin.py:190} INFO - [2024-11-16T05:36:03.476+0000] {dag.py:4180} INFO - Setting next_dagrun for example_subdag_operator.section-2 to None, run_after=None
[2024-11-16T05:36:03.481+0000] {logging_mixin.py:190} INFO - [2024-11-16T05:36:03.481+0000] {dag.py:3239} INFO - Sync 2 DAGs
[2024-11-16T05:36:03.485+0000] {logging_mixin.py:190} INFO - [2024-11-16T05:36:03.485+0000] {dag.py:4180} INFO - Setting next_dagrun for example_subdag_operator.section-1 to None, run_after=None
[2024-11-16T05:36:03.485+0000] {logging_mixin.py:190} INFO - [2024-11-16T05:36:03.485+0000] {dag.py:4180} INFO - Setting next_dagrun for example_subdag_operator.section-2 to None, run_after=None
[2024-11-16T05:36:03.495+0000] {processor.py:208} INFO - Processing /home/airflow/.local/lib/python3.12/site-packages/airflow/example_dags/example_subdag_operator.py took 0.071 seconds
[2024-11-16T05:36:34.251+0000] {processor.py:186} INFO - Started process (PID=1005) to work on /home/airflow/.local/lib/python3.12/site-packages/airflow/example_dags/example_subdag_operator.py
[2024-11-16T05:36:34.253+0000] {processor.py:914} INFO - Processing file /home/airflow/.local/lib/python3.12/site-packages/airflow/example_dags/example_subdag_operator.py for tasks to queue
[2024-11-16T05:36:34.256+0000] {logging_mixin.py:190} INFO - [2024-11-16T05:36:34.255+0000] {dagbag.py:588} INFO - Filling up the DagBag from /home/airflow/.local/lib/python3.12/site-packages/airflow/example_dags/example_subdag_operator.py
[2024-11-16T05:36:34.279+0000] {processor.py:925} INFO - DAG(s) 'example_subdag_operator.section-1', 'example_subdag_operator.section-2', 'example_subdag_operator' retrieved from /home/airflow/.local/lib/python3.12/site-packages/airflow/example_dags/example_subdag_operator.py
[2024-11-16T05:36:34.292+0000] {logging_mixin.py:190} INFO - [2024-11-16T05:36:34.292+0000] {dag.py:3239} INFO - Sync 3 DAGs
[2024-11-16T05:36:34.317+0000] {logging_mixin.py:190} INFO - [2024-11-16T05:36:34.317+0000] {dag.py:4180} INFO - Setting next_dagrun for example_subdag_operator to 2022-01-01 00:00:00+00:00, run_after=2022-01-01 00:00:00+00:00
[2024-11-16T05:36:34.321+0000] {logging_mixin.py:190} INFO - [2024-11-16T05:36:34.321+0000] {dag.py:4180} INFO - Setting next_dagrun for example_subdag_operator.section-1 to None, run_after=None
[2024-11-16T05:36:34.323+0000] {logging_mixin.py:190} INFO - [2024-11-16T05:36:34.322+0000] {dag.py:4180} INFO - Setting next_dagrun for example_subdag_operator.section-2 to None, run_after=None
[2024-11-16T05:36:34.329+0000] {logging_mixin.py:190} INFO - [2024-11-16T05:36:34.328+0000] {dag.py:3239} INFO - Sync 2 DAGs
[2024-11-16T05:36:34.335+0000] {logging_mixin.py:190} INFO - [2024-11-16T05:36:34.335+0000] {dag.py:4180} INFO - Setting next_dagrun for example_subdag_operator.section-1 to None, run_after=None
[2024-11-16T05:36:34.336+0000] {logging_mixin.py:190} INFO - [2024-11-16T05:36:34.336+0000] {dag.py:4180} INFO - Setting next_dagrun for example_subdag_operator.section-2 to None, run_after=None
[2024-11-16T05:36:34.354+0000] {processor.py:208} INFO - Processing /home/airflow/.local/lib/python3.12/site-packages/airflow/example_dags/example_subdag_operator.py took 0.108 seconds
[2024-11-16T05:37:05.377+0000] {processor.py:186} INFO - Started process (PID=1073) to work on /home/airflow/.local/lib/python3.12/site-packages/airflow/example_dags/example_subdag_operator.py
[2024-11-16T05:37:05.381+0000] {processor.py:914} INFO - Processing file /home/airflow/.local/lib/python3.12/site-packages/airflow/example_dags/example_subdag_operator.py for tasks to queue
[2024-11-16T05:37:05.383+0000] {logging_mixin.py:190} INFO - [2024-11-16T05:37:05.383+0000] {dagbag.py:588} INFO - Filling up the DagBag from /home/airflow/.local/lib/python3.12/site-packages/airflow/example_dags/example_subdag_operator.py
[2024-11-16T05:37:05.404+0000] {processor.py:925} INFO - DAG(s) 'example_subdag_operator.section-1', 'example_subdag_operator.section-2', 'example_subdag_operator' retrieved from /home/airflow/.local/lib/python3.12/site-packages/airflow/example_dags/example_subdag_operator.py
[2024-11-16T05:37:05.415+0000] {logging_mixin.py:190} INFO - [2024-11-16T05:37:05.415+0000] {dag.py:3239} INFO - Sync 3 DAGs
[2024-11-16T05:37:05.431+0000] {logging_mixin.py:190} INFO - [2024-11-16T05:37:05.431+0000] {dag.py:4180} INFO - Setting next_dagrun for example_subdag_operator to 2022-01-01 00:00:00+00:00, run_after=2022-01-01 00:00:00+00:00
[2024-11-16T05:37:05.434+0000] {logging_mixin.py:190} INFO - [2024-11-16T05:37:05.434+0000] {dag.py:4180} INFO - Setting next_dagrun for example_subdag_operator.section-1 to None, run_after=None
[2024-11-16T05:37:05.435+0000] {logging_mixin.py:190} INFO - [2024-11-16T05:37:05.435+0000] {dag.py:4180} INFO - Setting next_dagrun for example_subdag_operator.section-2 to None, run_after=None
[2024-11-16T05:37:05.439+0000] {logging_mixin.py:190} INFO - [2024-11-16T05:37:05.439+0000] {dag.py:3239} INFO - Sync 2 DAGs
[2024-11-16T05:37:05.443+0000] {logging_mixin.py:190} INFO - [2024-11-16T05:37:05.443+0000] {dag.py:4180} INFO - Setting next_dagrun for example_subdag_operator.section-1 to None, run_after=None
[2024-11-16T05:37:05.443+0000] {logging_mixin.py:190} INFO - [2024-11-16T05:37:05.443+0000] {dag.py:4180} INFO - Setting next_dagrun for example_subdag_operator.section-2 to None, run_after=None
[2024-11-16T05:37:05.469+0000] {processor.py:208} INFO - Processing /home/airflow/.local/lib/python3.12/site-packages/airflow/example_dags/example_subdag_operator.py took 0.097 seconds
[2024-11-16T05:37:36.553+0000] {processor.py:186} INFO - Started process (PID=1141) to work on /home/airflow/.local/lib/python3.12/site-packages/airflow/example_dags/example_subdag_operator.py
[2024-11-16T05:37:36.554+0000] {processor.py:914} INFO - Processing file /home/airflow/.local/lib/python3.12/site-packages/airflow/example_dags/example_subdag_operator.py for tasks to queue
[2024-11-16T05:37:36.556+0000] {logging_mixin.py:190} INFO - [2024-11-16T05:37:36.555+0000] {dagbag.py:588} INFO - Filling up the DagBag from /home/airflow/.local/lib/python3.12/site-packages/airflow/example_dags/example_subdag_operator.py
[2024-11-16T05:37:36.575+0000] {processor.py:925} INFO - DAG(s) 'example_subdag_operator.section-1', 'example_subdag_operator.section-2', 'example_subdag_operator' retrieved from /home/airflow/.local/lib/python3.12/site-packages/airflow/example_dags/example_subdag_operator.py
[2024-11-16T05:37:36.586+0000] {logging_mixin.py:190} INFO - [2024-11-16T05:37:36.586+0000] {dag.py:3239} INFO - Sync 3 DAGs
[2024-11-16T05:37:36.602+0000] {logging_mixin.py:190} INFO - [2024-11-16T05:37:36.602+0000] {dag.py:4180} INFO - Setting next_dagrun for example_subdag_operator to 2022-01-01 00:00:00+00:00, run_after=2022-01-01 00:00:00+00:00
[2024-11-16T05:37:36.605+0000] {logging_mixin.py:190} INFO - [2024-11-16T05:37:36.605+0000] {dag.py:4180} INFO - Setting next_dagrun for example_subdag_operator.section-1 to None, run_after=None
[2024-11-16T05:37:36.606+0000] {logging_mixin.py:190} INFO - [2024-11-16T05:37:36.606+0000] {dag.py:4180} INFO - Setting next_dagrun for example_subdag_operator.section-2 to None, run_after=None
[2024-11-16T05:37:36.610+0000] {logging_mixin.py:190} INFO - [2024-11-16T05:37:36.610+0000] {dag.py:3239} INFO - Sync 2 DAGs
[2024-11-16T05:37:36.615+0000] {logging_mixin.py:190} INFO - [2024-11-16T05:37:36.615+0000] {dag.py:4180} INFO - Setting next_dagrun for example_subdag_operator.section-1 to None, run_after=None
[2024-11-16T05:37:36.615+0000] {logging_mixin.py:190} INFO - [2024-11-16T05:37:36.615+0000] {dag.py:4180} INFO - Setting next_dagrun for example_subdag_operator.section-2 to None, run_after=None
[2024-11-16T05:37:36.627+0000] {processor.py:208} INFO - Processing /home/airflow/.local/lib/python3.12/site-packages/airflow/example_dags/example_subdag_operator.py took 0.078 seconds
[2024-11-16T05:38:07.652+0000] {processor.py:186} INFO - Started process (PID=1209) to work on /home/airflow/.local/lib/python3.12/site-packages/airflow/example_dags/example_subdag_operator.py
[2024-11-16T05:38:07.653+0000] {processor.py:914} INFO - Processing file /home/airflow/.local/lib/python3.12/site-packages/airflow/example_dags/example_subdag_operator.py for tasks to queue
[2024-11-16T05:38:07.654+0000] {logging_mixin.py:190} INFO - [2024-11-16T05:38:07.654+0000] {dagbag.py:588} INFO - Filling up the DagBag from /home/airflow/.local/lib/python3.12/site-packages/airflow/example_dags/example_subdag_operator.py
[2024-11-16T05:38:07.672+0000] {processor.py:925} INFO - DAG(s) 'example_subdag_operator.section-1', 'example_subdag_operator.section-2', 'example_subdag_operator' retrieved from /home/airflow/.local/lib/python3.12/site-packages/airflow/example_dags/example_subdag_operator.py
[2024-11-16T05:38:07.682+0000] {logging_mixin.py:190} INFO - [2024-11-16T05:38:07.682+0000] {dag.py:3239} INFO - Sync 3 DAGs
[2024-11-16T05:38:07.700+0000] {logging_mixin.py:190} INFO - [2024-11-16T05:38:07.700+0000] {dag.py:4180} INFO - Setting next_dagrun for example_subdag_operator to 2022-01-01 00:00:00+00:00, run_after=2022-01-01 00:00:00+00:00
[2024-11-16T05:38:07.703+0000] {logging_mixin.py:190} INFO - [2024-11-16T05:38:07.703+0000] {dag.py:4180} INFO - Setting next_dagrun for example_subdag_operator.section-1 to None, run_after=None
[2024-11-16T05:38:07.704+0000] {logging_mixin.py:190} INFO - [2024-11-16T05:38:07.704+0000] {dag.py:4180} INFO - Setting next_dagrun for example_subdag_operator.section-2 to None, run_after=None
[2024-11-16T05:38:07.709+0000] {logging_mixin.py:190} INFO - [2024-11-16T05:38:07.708+0000] {dag.py:3239} INFO - Sync 2 DAGs
[2024-11-16T05:38:07.712+0000] {logging_mixin.py:190} INFO - [2024-11-16T05:38:07.712+0000] {dag.py:4180} INFO - Setting next_dagrun for example_subdag_operator.section-1 to None, run_after=None
[2024-11-16T05:38:07.713+0000] {logging_mixin.py:190} INFO - [2024-11-16T05:38:07.712+0000] {dag.py:4180} INFO - Setting next_dagrun for example_subdag_operator.section-2 to None, run_after=None
[2024-11-16T05:38:07.722+0000] {processor.py:208} INFO - Processing /home/airflow/.local/lib/python3.12/site-packages/airflow/example_dags/example_subdag_operator.py took 0.074 seconds
[2024-11-16T05:38:38.495+0000] {processor.py:186} INFO - Started process (PID=1277) to work on /home/airflow/.local/lib/python3.12/site-packages/airflow/example_dags/example_subdag_operator.py
[2024-11-16T05:38:38.496+0000] {processor.py:914} INFO - Processing file /home/airflow/.local/lib/python3.12/site-packages/airflow/example_dags/example_subdag_operator.py for tasks to queue
[2024-11-16T05:38:38.497+0000] {logging_mixin.py:190} INFO - [2024-11-16T05:38:38.497+0000] {dagbag.py:588} INFO - Filling up the DagBag from /home/airflow/.local/lib/python3.12/site-packages/airflow/example_dags/example_subdag_operator.py
[2024-11-16T05:38:38.514+0000] {processor.py:925} INFO - DAG(s) 'example_subdag_operator.section-1', 'example_subdag_operator.section-2', 'example_subdag_operator' retrieved from /home/airflow/.local/lib/python3.12/site-packages/airflow/example_dags/example_subdag_operator.py
[2024-11-16T05:38:38.527+0000] {logging_mixin.py:190} INFO - [2024-11-16T05:38:38.527+0000] {dag.py:3239} INFO - Sync 3 DAGs
[2024-11-16T05:38:38.546+0000] {logging_mixin.py:190} INFO - [2024-11-16T05:38:38.546+0000] {dag.py:4180} INFO - Setting next_dagrun for example_subdag_operator to 2022-01-01 00:00:00+00:00, run_after=2022-01-01 00:00:00+00:00
[2024-11-16T05:38:38.549+0000] {logging_mixin.py:190} INFO - [2024-11-16T05:38:38.549+0000] {dag.py:4180} INFO - Setting next_dagrun for example_subdag_operator.section-1 to None, run_after=None
[2024-11-16T05:38:38.550+0000] {logging_mixin.py:190} INFO - [2024-11-16T05:38:38.550+0000] {dag.py:4180} INFO - Setting next_dagrun for example_subdag_operator.section-2 to None, run_after=None
[2024-11-16T05:38:38.555+0000] {logging_mixin.py:190} INFO - [2024-11-16T05:38:38.555+0000] {dag.py:3239} INFO - Sync 2 DAGs
[2024-11-16T05:38:38.559+0000] {logging_mixin.py:190} INFO - [2024-11-16T05:38:38.559+0000] {dag.py:4180} INFO - Setting next_dagrun for example_subdag_operator.section-1 to None, run_after=None
[2024-11-16T05:38:38.559+0000] {logging_mixin.py:190} INFO - [2024-11-16T05:38:38.559+0000] {dag.py:4180} INFO - Setting next_dagrun for example_subdag_operator.section-2 to None, run_after=None
[2024-11-16T05:38:38.570+0000] {processor.py:208} INFO - Processing /home/airflow/.local/lib/python3.12/site-packages/airflow/example_dags/example_subdag_operator.py took 0.079 seconds
[2024-11-16T05:39:09.809+0000] {processor.py:186} INFO - Started process (PID=1345) to work on /home/airflow/.local/lib/python3.12/site-packages/airflow/example_dags/example_subdag_operator.py
[2024-11-16T05:39:09.809+0000] {processor.py:914} INFO - Processing file /home/airflow/.local/lib/python3.12/site-packages/airflow/example_dags/example_subdag_operator.py for tasks to queue
[2024-11-16T05:39:09.811+0000] {logging_mixin.py:190} INFO - [2024-11-16T05:39:09.810+0000] {dagbag.py:588} INFO - Filling up the DagBag from /home/airflow/.local/lib/python3.12/site-packages/airflow/example_dags/example_subdag_operator.py
[2024-11-16T05:39:09.829+0000] {processor.py:925} INFO - DAG(s) 'example_subdag_operator.section-1', 'example_subdag_operator.section-2', 'example_subdag_operator' retrieved from /home/airflow/.local/lib/python3.12/site-packages/airflow/example_dags/example_subdag_operator.py
[2024-11-16T05:39:09.844+0000] {logging_mixin.py:190} INFO - [2024-11-16T05:39:09.844+0000] {dag.py:3239} INFO - Sync 3 DAGs
[2024-11-16T05:39:09.860+0000] {logging_mixin.py:190} INFO - [2024-11-16T05:39:09.860+0000] {dag.py:4180} INFO - Setting next_dagrun for example_subdag_operator to 2022-01-01 00:00:00+00:00, run_after=2022-01-01 00:00:00+00:00
[2024-11-16T05:39:09.863+0000] {logging_mixin.py:190} INFO - [2024-11-16T05:39:09.863+0000] {dag.py:4180} INFO - Setting next_dagrun for example_subdag_operator.section-1 to None, run_after=None
[2024-11-16T05:39:09.864+0000] {logging_mixin.py:190} INFO - [2024-11-16T05:39:09.864+0000] {dag.py:4180} INFO - Setting next_dagrun for example_subdag_operator.section-2 to None, run_after=None
[2024-11-16T05:39:09.869+0000] {logging_mixin.py:190} INFO - [2024-11-16T05:39:09.869+0000] {dag.py:3239} INFO - Sync 2 DAGs
[2024-11-16T05:39:09.872+0000] {logging_mixin.py:190} INFO - [2024-11-16T05:39:09.872+0000] {dag.py:4180} INFO - Setting next_dagrun for example_subdag_operator.section-1 to None, run_after=None
[2024-11-16T05:39:09.873+0000] {logging_mixin.py:190} INFO - [2024-11-16T05:39:09.873+0000] {dag.py:4180} INFO - Setting next_dagrun for example_subdag_operator.section-2 to None, run_after=None
[2024-11-16T05:39:09.883+0000] {processor.py:208} INFO - Processing /home/airflow/.local/lib/python3.12/site-packages/airflow/example_dags/example_subdag_operator.py took 0.078 seconds
[2024-11-16T05:46:02.136+0000] {processor.py:186} INFO - Started process (PID=108) to work on /home/airflow/.local/lib/python3.12/site-packages/airflow/example_dags/example_subdag_operator.py
[2024-11-16T05:46:02.137+0000] {processor.py:914} INFO - Processing file /home/airflow/.local/lib/python3.12/site-packages/airflow/example_dags/example_subdag_operator.py for tasks to queue
[2024-11-16T05:46:02.139+0000] {logging_mixin.py:190} INFO - [2024-11-16T05:46:02.138+0000] {dagbag.py:588} INFO - Filling up the DagBag from /home/airflow/.local/lib/python3.12/site-packages/airflow/example_dags/example_subdag_operator.py
[2024-11-16T05:46:02.172+0000] {processor.py:925} INFO - DAG(s) 'example_subdag_operator.section-1', 'example_subdag_operator.section-2', 'example_subdag_operator' retrieved from /home/airflow/.local/lib/python3.12/site-packages/airflow/example_dags/example_subdag_operator.py
[2024-11-16T05:46:02.202+0000] {logging_mixin.py:190} INFO - [2024-11-16T05:46:02.201+0000] {dag.py:3239} INFO - Sync 3 DAGs
[2024-11-16T05:46:02.235+0000] {logging_mixin.py:190} INFO - [2024-11-16T05:46:02.235+0000] {dag.py:4180} INFO - Setting next_dagrun for example_subdag_operator to 2022-01-01 00:00:00+00:00, run_after=2022-01-01 00:00:00+00:00
[2024-11-16T05:46:02.241+0000] {logging_mixin.py:190} INFO - [2024-11-16T05:46:02.240+0000] {dag.py:4180} INFO - Setting next_dagrun for example_subdag_operator.section-1 to None, run_after=None
[2024-11-16T05:46:02.243+0000] {logging_mixin.py:190} INFO - [2024-11-16T05:46:02.242+0000] {dag.py:4180} INFO - Setting next_dagrun for example_subdag_operator.section-2 to None, run_after=None
[2024-11-16T05:46:02.253+0000] {logging_mixin.py:190} INFO - [2024-11-16T05:46:02.253+0000] {dag.py:3239} INFO - Sync 2 DAGs
[2024-11-16T05:46:02.260+0000] {logging_mixin.py:190} INFO - [2024-11-16T05:46:02.260+0000] {dag.py:4180} INFO - Setting next_dagrun for example_subdag_operator.section-1 to None, run_after=None
[2024-11-16T05:46:02.260+0000] {logging_mixin.py:190} INFO - [2024-11-16T05:46:02.260+0000] {dag.py:4180} INFO - Setting next_dagrun for example_subdag_operator.section-2 to None, run_after=None
[2024-11-16T05:46:02.275+0000] {processor.py:208} INFO - Processing /home/airflow/.local/lib/python3.12/site-packages/airflow/example_dags/example_subdag_operator.py took 0.144 seconds
[2024-11-16T05:46:33.721+0000] {processor.py:186} INFO - Started process (PID=175) to work on /home/airflow/.local/lib/python3.12/site-packages/airflow/example_dags/example_subdag_operator.py
[2024-11-16T05:46:33.723+0000] {processor.py:914} INFO - Processing file /home/airflow/.local/lib/python3.12/site-packages/airflow/example_dags/example_subdag_operator.py for tasks to queue
[2024-11-16T05:46:33.727+0000] {logging_mixin.py:190} INFO - [2024-11-16T05:46:33.726+0000] {dagbag.py:588} INFO - Filling up the DagBag from /home/airflow/.local/lib/python3.12/site-packages/airflow/example_dags/example_subdag_operator.py
[2024-11-16T05:46:33.754+0000] {processor.py:925} INFO - DAG(s) 'example_subdag_operator.section-1', 'example_subdag_operator.section-2', 'example_subdag_operator' retrieved from /home/airflow/.local/lib/python3.12/site-packages/airflow/example_dags/example_subdag_operator.py
[2024-11-16T05:46:33.769+0000] {logging_mixin.py:190} INFO - [2024-11-16T05:46:33.768+0000] {dag.py:3239} INFO - Sync 3 DAGs
[2024-11-16T05:46:33.816+0000] {logging_mixin.py:190} INFO - [2024-11-16T05:46:33.816+0000] {dag.py:4180} INFO - Setting next_dagrun for example_subdag_operator to 2022-01-01 00:00:00+00:00, run_after=2022-01-01 00:00:00+00:00
[2024-11-16T05:46:33.823+0000] {logging_mixin.py:190} INFO - [2024-11-16T05:46:33.822+0000] {dag.py:4180} INFO - Setting next_dagrun for example_subdag_operator.section-1 to None, run_after=None
[2024-11-16T05:46:33.825+0000] {logging_mixin.py:190} INFO - [2024-11-16T05:46:33.825+0000] {dag.py:4180} INFO - Setting next_dagrun for example_subdag_operator.section-2 to None, run_after=None
[2024-11-16T05:46:33.843+0000] {logging_mixin.py:190} INFO - [2024-11-16T05:46:33.842+0000] {dag.py:3239} INFO - Sync 2 DAGs
[2024-11-16T05:46:33.857+0000] {logging_mixin.py:190} INFO - [2024-11-16T05:46:33.856+0000] {dag.py:4180} INFO - Setting next_dagrun for example_subdag_operator.section-1 to None, run_after=None
[2024-11-16T05:46:33.857+0000] {logging_mixin.py:190} INFO - [2024-11-16T05:46:33.857+0000] {dag.py:4180} INFO - Setting next_dagrun for example_subdag_operator.section-2 to None, run_after=None
[2024-11-16T05:46:33.885+0000] {processor.py:208} INFO - Processing /home/airflow/.local/lib/python3.12/site-packages/airflow/example_dags/example_subdag_operator.py took 0.171 seconds
[2024-11-16T05:47:04.822+0000] {processor.py:186} INFO - Started process (PID=243) to work on /home/airflow/.local/lib/python3.12/site-packages/airflow/example_dags/example_subdag_operator.py
[2024-11-16T05:47:04.823+0000] {processor.py:914} INFO - Processing file /home/airflow/.local/lib/python3.12/site-packages/airflow/example_dags/example_subdag_operator.py for tasks to queue
[2024-11-16T05:47:04.824+0000] {logging_mixin.py:190} INFO - [2024-11-16T05:47:04.824+0000] {dagbag.py:588} INFO - Filling up the DagBag from /home/airflow/.local/lib/python3.12/site-packages/airflow/example_dags/example_subdag_operator.py
[2024-11-16T05:47:04.843+0000] {processor.py:925} INFO - DAG(s) 'example_subdag_operator.section-1', 'example_subdag_operator.section-2', 'example_subdag_operator' retrieved from /home/airflow/.local/lib/python3.12/site-packages/airflow/example_dags/example_subdag_operator.py
[2024-11-16T05:47:04.853+0000] {logging_mixin.py:190} INFO - [2024-11-16T05:47:04.853+0000] {dag.py:3239} INFO - Sync 3 DAGs
[2024-11-16T05:47:04.871+0000] {logging_mixin.py:190} INFO - [2024-11-16T05:47:04.871+0000] {dag.py:4180} INFO - Setting next_dagrun for example_subdag_operator to 2022-01-01 00:00:00+00:00, run_after=2022-01-01 00:00:00+00:00
[2024-11-16T05:47:04.874+0000] {logging_mixin.py:190} INFO - [2024-11-16T05:47:04.874+0000] {dag.py:4180} INFO - Setting next_dagrun for example_subdag_operator.section-1 to None, run_after=None
[2024-11-16T05:47:04.875+0000] {logging_mixin.py:190} INFO - [2024-11-16T05:47:04.875+0000] {dag.py:4180} INFO - Setting next_dagrun for example_subdag_operator.section-2 to None, run_after=None
[2024-11-16T05:47:04.880+0000] {logging_mixin.py:190} INFO - [2024-11-16T05:47:04.880+0000] {dag.py:3239} INFO - Sync 2 DAGs
[2024-11-16T05:47:04.884+0000] {logging_mixin.py:190} INFO - [2024-11-16T05:47:04.884+0000] {dag.py:4180} INFO - Setting next_dagrun for example_subdag_operator.section-1 to None, run_after=None
[2024-11-16T05:47:04.885+0000] {logging_mixin.py:190} INFO - [2024-11-16T05:47:04.884+0000] {dag.py:4180} INFO - Setting next_dagrun for example_subdag_operator.section-2 to None, run_after=None
[2024-11-16T05:47:04.893+0000] {processor.py:208} INFO - Processing /home/airflow/.local/lib/python3.12/site-packages/airflow/example_dags/example_subdag_operator.py took 0.074 seconds
[2024-11-16T05:47:35.780+0000] {processor.py:186} INFO - Started process (PID=311) to work on /home/airflow/.local/lib/python3.12/site-packages/airflow/example_dags/example_subdag_operator.py
[2024-11-16T05:47:35.781+0000] {processor.py:914} INFO - Processing file /home/airflow/.local/lib/python3.12/site-packages/airflow/example_dags/example_subdag_operator.py for tasks to queue
[2024-11-16T05:47:35.782+0000] {logging_mixin.py:190} INFO - [2024-11-16T05:47:35.782+0000] {dagbag.py:588} INFO - Filling up the DagBag from /home/airflow/.local/lib/python3.12/site-packages/airflow/example_dags/example_subdag_operator.py
[2024-11-16T05:47:35.806+0000] {processor.py:925} INFO - DAG(s) 'example_subdag_operator.section-1', 'example_subdag_operator.section-2', 'example_subdag_operator' retrieved from /home/airflow/.local/lib/python3.12/site-packages/airflow/example_dags/example_subdag_operator.py
[2024-11-16T05:47:35.821+0000] {logging_mixin.py:190} INFO - [2024-11-16T05:47:35.820+0000] {dag.py:3239} INFO - Sync 3 DAGs
[2024-11-16T05:47:35.846+0000] {logging_mixin.py:190} INFO - [2024-11-16T05:47:35.845+0000] {dag.py:4180} INFO - Setting next_dagrun for example_subdag_operator to 2022-01-01 00:00:00+00:00, run_after=2022-01-01 00:00:00+00:00
[2024-11-16T05:47:35.851+0000] {logging_mixin.py:190} INFO - [2024-11-16T05:47:35.850+0000] {dag.py:4180} INFO - Setting next_dagrun for example_subdag_operator.section-1 to None, run_after=None
[2024-11-16T05:47:35.853+0000] {logging_mixin.py:190} INFO - [2024-11-16T05:47:35.853+0000] {dag.py:4180} INFO - Setting next_dagrun for example_subdag_operator.section-2 to None, run_after=None
[2024-11-16T05:47:35.860+0000] {logging_mixin.py:190} INFO - [2024-11-16T05:47:35.860+0000] {dag.py:3239} INFO - Sync 2 DAGs
[2024-11-16T05:47:35.866+0000] {logging_mixin.py:190} INFO - [2024-11-16T05:47:35.866+0000] {dag.py:4180} INFO - Setting next_dagrun for example_subdag_operator.section-1 to None, run_after=None
[2024-11-16T05:47:35.867+0000] {logging_mixin.py:190} INFO - [2024-11-16T05:47:35.867+0000] {dag.py:4180} INFO - Setting next_dagrun for example_subdag_operator.section-2 to None, run_after=None
[2024-11-16T05:47:35.879+0000] {processor.py:208} INFO - Processing /home/airflow/.local/lib/python3.12/site-packages/airflow/example_dags/example_subdag_operator.py took 0.103 seconds
[2024-11-16T05:48:06.835+0000] {processor.py:186} INFO - Started process (PID=379) to work on /home/airflow/.local/lib/python3.12/site-packages/airflow/example_dags/example_subdag_operator.py
[2024-11-16T05:48:06.836+0000] {processor.py:914} INFO - Processing file /home/airflow/.local/lib/python3.12/site-packages/airflow/example_dags/example_subdag_operator.py for tasks to queue
[2024-11-16T05:48:06.838+0000] {logging_mixin.py:190} INFO - [2024-11-16T05:48:06.838+0000] {dagbag.py:588} INFO - Filling up the DagBag from /home/airflow/.local/lib/python3.12/site-packages/airflow/example_dags/example_subdag_operator.py
[2024-11-16T05:48:06.861+0000] {processor.py:925} INFO - DAG(s) 'example_subdag_operator.section-1', 'example_subdag_operator.section-2', 'example_subdag_operator' retrieved from /home/airflow/.local/lib/python3.12/site-packages/airflow/example_dags/example_subdag_operator.py
[2024-11-16T05:48:06.874+0000] {logging_mixin.py:190} INFO - [2024-11-16T05:48:06.874+0000] {dag.py:3239} INFO - Sync 3 DAGs
[2024-11-16T05:48:06.898+0000] {logging_mixin.py:190} INFO - [2024-11-16T05:48:06.898+0000] {dag.py:4180} INFO - Setting next_dagrun for example_subdag_operator to 2022-01-01 00:00:00+00:00, run_after=2022-01-01 00:00:00+00:00
[2024-11-16T05:48:06.903+0000] {logging_mixin.py:190} INFO - [2024-11-16T05:48:06.903+0000] {dag.py:4180} INFO - Setting next_dagrun for example_subdag_operator.section-1 to None, run_after=None
[2024-11-16T05:48:06.905+0000] {logging_mixin.py:190} INFO - [2024-11-16T05:48:06.905+0000] {dag.py:4180} INFO - Setting next_dagrun for example_subdag_operator.section-2 to None, run_after=None
[2024-11-16T05:48:06.911+0000] {logging_mixin.py:190} INFO - [2024-11-16T05:48:06.911+0000] {dag.py:3239} INFO - Sync 2 DAGs
[2024-11-16T05:48:06.916+0000] {logging_mixin.py:190} INFO - [2024-11-16T05:48:06.916+0000] {dag.py:4180} INFO - Setting next_dagrun for example_subdag_operator.section-1 to None, run_after=None
[2024-11-16T05:48:06.917+0000] {logging_mixin.py:190} INFO - [2024-11-16T05:48:06.917+0000] {dag.py:4180} INFO - Setting next_dagrun for example_subdag_operator.section-2 to None, run_after=None
[2024-11-16T05:48:06.932+0000] {processor.py:208} INFO - Processing /home/airflow/.local/lib/python3.12/site-packages/airflow/example_dags/example_subdag_operator.py took 0.103 seconds
[2024-11-16T05:48:38.180+0000] {processor.py:186} INFO - Started process (PID=447) to work on /home/airflow/.local/lib/python3.12/site-packages/airflow/example_dags/example_subdag_operator.py
[2024-11-16T05:48:38.181+0000] {processor.py:914} INFO - Processing file /home/airflow/.local/lib/python3.12/site-packages/airflow/example_dags/example_subdag_operator.py for tasks to queue
[2024-11-16T05:48:38.186+0000] {logging_mixin.py:190} INFO - [2024-11-16T05:48:38.185+0000] {dagbag.py:588} INFO - Filling up the DagBag from /home/airflow/.local/lib/python3.12/site-packages/airflow/example_dags/example_subdag_operator.py
[2024-11-16T05:48:38.224+0000] {processor.py:925} INFO - DAG(s) 'example_subdag_operator.section-1', 'example_subdag_operator.section-2', 'example_subdag_operator' retrieved from /home/airflow/.local/lib/python3.12/site-packages/airflow/example_dags/example_subdag_operator.py
[2024-11-16T05:48:38.246+0000] {logging_mixin.py:190} INFO - [2024-11-16T05:48:38.246+0000] {dag.py:3239} INFO - Sync 3 DAGs
[2024-11-16T05:48:38.274+0000] {logging_mixin.py:190} INFO - [2024-11-16T05:48:38.274+0000] {dag.py:4180} INFO - Setting next_dagrun for example_subdag_operator to 2022-01-01 00:00:00+00:00, run_after=2022-01-01 00:00:00+00:00
[2024-11-16T05:48:38.277+0000] {logging_mixin.py:190} INFO - [2024-11-16T05:48:38.277+0000] {dag.py:4180} INFO - Setting next_dagrun for example_subdag_operator.section-1 to None, run_after=None
[2024-11-16T05:48:38.279+0000] {logging_mixin.py:190} INFO - [2024-11-16T05:48:38.278+0000] {dag.py:4180} INFO - Setting next_dagrun for example_subdag_operator.section-2 to None, run_after=None
[2024-11-16T05:48:38.288+0000] {logging_mixin.py:190} INFO - [2024-11-16T05:48:38.287+0000] {dag.py:3239} INFO - Sync 2 DAGs
[2024-11-16T05:48:38.301+0000] {logging_mixin.py:190} INFO - [2024-11-16T05:48:38.300+0000] {dag.py:4180} INFO - Setting next_dagrun for example_subdag_operator.section-1 to None, run_after=None
[2024-11-16T05:48:38.301+0000] {logging_mixin.py:190} INFO - [2024-11-16T05:48:38.301+0000] {dag.py:4180} INFO - Setting next_dagrun for example_subdag_operator.section-2 to None, run_after=None
[2024-11-16T05:48:38.317+0000] {processor.py:208} INFO - Processing /home/airflow/.local/lib/python3.12/site-packages/airflow/example_dags/example_subdag_operator.py took 0.144 seconds
[2024-11-16T05:49:09.068+0000] {processor.py:186} INFO - Started process (PID=515) to work on /home/airflow/.local/lib/python3.12/site-packages/airflow/example_dags/example_subdag_operator.py
[2024-11-16T05:49:09.068+0000] {processor.py:914} INFO - Processing file /home/airflow/.local/lib/python3.12/site-packages/airflow/example_dags/example_subdag_operator.py for tasks to queue
[2024-11-16T05:49:09.070+0000] {logging_mixin.py:190} INFO - [2024-11-16T05:49:09.070+0000] {dagbag.py:588} INFO - Filling up the DagBag from /home/airflow/.local/lib/python3.12/site-packages/airflow/example_dags/example_subdag_operator.py
[2024-11-16T05:49:09.088+0000] {processor.py:925} INFO - DAG(s) 'example_subdag_operator.section-1', 'example_subdag_operator.section-2', 'example_subdag_operator' retrieved from /home/airflow/.local/lib/python3.12/site-packages/airflow/example_dags/example_subdag_operator.py
[2024-11-16T05:49:09.099+0000] {logging_mixin.py:190} INFO - [2024-11-16T05:49:09.099+0000] {dag.py:3239} INFO - Sync 3 DAGs
[2024-11-16T05:49:09.117+0000] {logging_mixin.py:190} INFO - [2024-11-16T05:49:09.117+0000] {dag.py:4180} INFO - Setting next_dagrun for example_subdag_operator to 2022-01-01 00:00:00+00:00, run_after=2022-01-01 00:00:00+00:00
[2024-11-16T05:49:09.121+0000] {logging_mixin.py:190} INFO - [2024-11-16T05:49:09.120+0000] {dag.py:4180} INFO - Setting next_dagrun for example_subdag_operator.section-1 to None, run_after=None
[2024-11-16T05:49:09.122+0000] {logging_mixin.py:190} INFO - [2024-11-16T05:49:09.122+0000] {dag.py:4180} INFO - Setting next_dagrun for example_subdag_operator.section-2 to None, run_after=None
[2024-11-16T05:49:09.127+0000] {logging_mixin.py:190} INFO - [2024-11-16T05:49:09.127+0000] {dag.py:3239} INFO - Sync 2 DAGs
[2024-11-16T05:49:09.131+0000] {logging_mixin.py:190} INFO - [2024-11-16T05:49:09.130+0000] {dag.py:4180} INFO - Setting next_dagrun for example_subdag_operator.section-1 to None, run_after=None
[2024-11-16T05:49:09.131+0000] {logging_mixin.py:190} INFO - [2024-11-16T05:49:09.131+0000] {dag.py:4180} INFO - Setting next_dagrun for example_subdag_operator.section-2 to None, run_after=None
[2024-11-16T05:49:09.139+0000] {processor.py:208} INFO - Processing /home/airflow/.local/lib/python3.12/site-packages/airflow/example_dags/example_subdag_operator.py took 0.075 seconds
[2024-11-16T05:49:39.704+0000] {processor.py:186} INFO - Started process (PID=583) to work on /home/airflow/.local/lib/python3.12/site-packages/airflow/example_dags/example_subdag_operator.py
[2024-11-16T05:49:39.704+0000] {processor.py:914} INFO - Processing file /home/airflow/.local/lib/python3.12/site-packages/airflow/example_dags/example_subdag_operator.py for tasks to queue
[2024-11-16T05:49:39.706+0000] {logging_mixin.py:190} INFO - [2024-11-16T05:49:39.706+0000] {dagbag.py:588} INFO - Filling up the DagBag from /home/airflow/.local/lib/python3.12/site-packages/airflow/example_dags/example_subdag_operator.py
[2024-11-16T05:49:39.724+0000] {processor.py:925} INFO - DAG(s) 'example_subdag_operator.section-1', 'example_subdag_operator.section-2', 'example_subdag_operator' retrieved from /home/airflow/.local/lib/python3.12/site-packages/airflow/example_dags/example_subdag_operator.py
[2024-11-16T05:49:39.735+0000] {logging_mixin.py:190} INFO - [2024-11-16T05:49:39.734+0000] {dag.py:3239} INFO - Sync 3 DAGs
[2024-11-16T05:49:39.751+0000] {logging_mixin.py:190} INFO - [2024-11-16T05:49:39.750+0000] {dag.py:4180} INFO - Setting next_dagrun for example_subdag_operator to 2022-01-01 00:00:00+00:00, run_after=2022-01-01 00:00:00+00:00
[2024-11-16T05:49:39.753+0000] {logging_mixin.py:190} INFO - [2024-11-16T05:49:39.753+0000] {dag.py:4180} INFO - Setting next_dagrun for example_subdag_operator.section-1 to None, run_after=None
[2024-11-16T05:49:39.754+0000] {logging_mixin.py:190} INFO - [2024-11-16T05:49:39.754+0000] {dag.py:4180} INFO - Setting next_dagrun for example_subdag_operator.section-2 to None, run_after=None
[2024-11-16T05:49:39.759+0000] {logging_mixin.py:190} INFO - [2024-11-16T05:49:39.759+0000] {dag.py:3239} INFO - Sync 2 DAGs
[2024-11-16T05:49:39.766+0000] {logging_mixin.py:190} INFO - [2024-11-16T05:49:39.766+0000] {dag.py:4180} INFO - Setting next_dagrun for example_subdag_operator.section-1 to None, run_after=None
[2024-11-16T05:49:39.766+0000] {logging_mixin.py:190} INFO - [2024-11-16T05:49:39.766+0000] {dag.py:4180} INFO - Setting next_dagrun for example_subdag_operator.section-2 to None, run_after=None
[2024-11-16T05:49:39.775+0000] {processor.py:208} INFO - Processing /home/airflow/.local/lib/python3.12/site-packages/airflow/example_dags/example_subdag_operator.py took 0.075 seconds
[2024-11-16T05:50:50.843+0000] {processor.py:186} INFO - Started process (PID=114) to work on /home/airflow/.local/lib/python3.12/site-packages/airflow/example_dags/example_subdag_operator.py
[2024-11-16T05:50:50.844+0000] {processor.py:914} INFO - Processing file /home/airflow/.local/lib/python3.12/site-packages/airflow/example_dags/example_subdag_operator.py for tasks to queue
[2024-11-16T05:50:50.845+0000] {logging_mixin.py:190} INFO - [2024-11-16T05:50:50.845+0000] {dagbag.py:588} INFO - Filling up the DagBag from /home/airflow/.local/lib/python3.12/site-packages/airflow/example_dags/example_subdag_operator.py
[2024-11-16T05:50:50.875+0000] {processor.py:925} INFO - DAG(s) 'example_subdag_operator.section-1', 'example_subdag_operator.section-2', 'example_subdag_operator' retrieved from /home/airflow/.local/lib/python3.12/site-packages/airflow/example_dags/example_subdag_operator.py
[2024-11-16T05:50:50.897+0000] {logging_mixin.py:190} INFO - [2024-11-16T05:50:50.896+0000] {dag.py:3239} INFO - Sync 3 DAGs
[2024-11-16T05:50:50.929+0000] {logging_mixin.py:190} INFO - [2024-11-16T05:50:50.928+0000] {dag.py:4180} INFO - Setting next_dagrun for example_subdag_operator to 2022-01-01 00:00:00+00:00, run_after=2022-01-01 00:00:00+00:00
[2024-11-16T05:50:50.934+0000] {logging_mixin.py:190} INFO - [2024-11-16T05:50:50.934+0000] {dag.py:4180} INFO - Setting next_dagrun for example_subdag_operator.section-1 to None, run_after=None
[2024-11-16T05:50:50.935+0000] {logging_mixin.py:190} INFO - [2024-11-16T05:50:50.935+0000] {dag.py:4180} INFO - Setting next_dagrun for example_subdag_operator.section-2 to None, run_after=None
[2024-11-16T05:50:50.944+0000] {logging_mixin.py:190} INFO - [2024-11-16T05:50:50.944+0000] {dag.py:3239} INFO - Sync 2 DAGs
[2024-11-16T05:50:50.951+0000] {logging_mixin.py:190} INFO - [2024-11-16T05:50:50.951+0000] {dag.py:4180} INFO - Setting next_dagrun for example_subdag_operator.section-1 to None, run_after=None
[2024-11-16T05:50:50.952+0000] {logging_mixin.py:190} INFO - [2024-11-16T05:50:50.952+0000] {dag.py:4180} INFO - Setting next_dagrun for example_subdag_operator.section-2 to None, run_after=None
[2024-11-16T05:50:50.966+0000] {processor.py:208} INFO - Processing /home/airflow/.local/lib/python3.12/site-packages/airflow/example_dags/example_subdag_operator.py took 0.128 seconds
[2024-11-16T05:51:21.026+0000] {processor.py:186} INFO - Started process (PID=181) to work on /home/airflow/.local/lib/python3.12/site-packages/airflow/example_dags/example_subdag_operator.py
[2024-11-16T05:51:21.027+0000] {processor.py:914} INFO - Processing file /home/airflow/.local/lib/python3.12/site-packages/airflow/example_dags/example_subdag_operator.py for tasks to queue
[2024-11-16T05:51:21.029+0000] {logging_mixin.py:190} INFO - [2024-11-16T05:51:21.029+0000] {dagbag.py:588} INFO - Filling up the DagBag from /home/airflow/.local/lib/python3.12/site-packages/airflow/example_dags/example_subdag_operator.py
[2024-11-16T05:51:21.050+0000] {processor.py:925} INFO - DAG(s) 'example_subdag_operator.section-1', 'example_subdag_operator.section-2', 'example_subdag_operator' retrieved from /home/airflow/.local/lib/python3.12/site-packages/airflow/example_dags/example_subdag_operator.py
[2024-11-16T05:51:21.073+0000] {logging_mixin.py:190} INFO - [2024-11-16T05:51:21.072+0000] {dag.py:3239} INFO - Sync 3 DAGs
[2024-11-16T05:51:21.104+0000] {logging_mixin.py:190} INFO - [2024-11-16T05:51:21.104+0000] {dag.py:4180} INFO - Setting next_dagrun for example_subdag_operator to 2022-01-01 00:00:00+00:00, run_after=2022-01-01 00:00:00+00:00
[2024-11-16T05:51:21.110+0000] {logging_mixin.py:190} INFO - [2024-11-16T05:51:21.110+0000] {dag.py:4180} INFO - Setting next_dagrun for example_subdag_operator.section-1 to None, run_after=None
[2024-11-16T05:51:21.112+0000] {logging_mixin.py:190} INFO - [2024-11-16T05:51:21.112+0000] {dag.py:4180} INFO - Setting next_dagrun for example_subdag_operator.section-2 to None, run_after=None
[2024-11-16T05:51:21.123+0000] {logging_mixin.py:190} INFO - [2024-11-16T05:51:21.122+0000] {dag.py:3239} INFO - Sync 2 DAGs
[2024-11-16T05:51:21.131+0000] {logging_mixin.py:190} INFO - [2024-11-16T05:51:21.130+0000] {dag.py:4180} INFO - Setting next_dagrun for example_subdag_operator.section-1 to None, run_after=None
[2024-11-16T05:51:21.131+0000] {logging_mixin.py:190} INFO - [2024-11-16T05:51:21.131+0000] {dag.py:4180} INFO - Setting next_dagrun for example_subdag_operator.section-2 to None, run_after=None
[2024-11-16T05:51:21.146+0000] {processor.py:208} INFO - Processing /home/airflow/.local/lib/python3.12/site-packages/airflow/example_dags/example_subdag_operator.py took 0.125 seconds
[2024-11-16T05:51:52.277+0000] {processor.py:186} INFO - Started process (PID=249) to work on /home/airflow/.local/lib/python3.12/site-packages/airflow/example_dags/example_subdag_operator.py
[2024-11-16T05:51:52.278+0000] {processor.py:914} INFO - Processing file /home/airflow/.local/lib/python3.12/site-packages/airflow/example_dags/example_subdag_operator.py for tasks to queue
[2024-11-16T05:51:52.279+0000] {logging_mixin.py:190} INFO - [2024-11-16T05:51:52.279+0000] {dagbag.py:588} INFO - Filling up the DagBag from /home/airflow/.local/lib/python3.12/site-packages/airflow/example_dags/example_subdag_operator.py
[2024-11-16T05:51:52.295+0000] {processor.py:925} INFO - DAG(s) 'example_subdag_operator.section-1', 'example_subdag_operator.section-2', 'example_subdag_operator' retrieved from /home/airflow/.local/lib/python3.12/site-packages/airflow/example_dags/example_subdag_operator.py
[2024-11-16T05:51:52.305+0000] {logging_mixin.py:190} INFO - [2024-11-16T05:51:52.305+0000] {dag.py:3239} INFO - Sync 3 DAGs
[2024-11-16T05:51:52.321+0000] {logging_mixin.py:190} INFO - [2024-11-16T05:51:52.321+0000] {dag.py:4180} INFO - Setting next_dagrun for example_subdag_operator to 2022-01-01 00:00:00+00:00, run_after=2022-01-01 00:00:00+00:00
[2024-11-16T05:51:52.325+0000] {logging_mixin.py:190} INFO - [2024-11-16T05:51:52.324+0000] {dag.py:4180} INFO - Setting next_dagrun for example_subdag_operator.section-1 to None, run_after=None
[2024-11-16T05:51:52.326+0000] {logging_mixin.py:190} INFO - [2024-11-16T05:51:52.326+0000] {dag.py:4180} INFO - Setting next_dagrun for example_subdag_operator.section-2 to None, run_after=None
[2024-11-16T05:51:52.331+0000] {logging_mixin.py:190} INFO - [2024-11-16T05:51:52.331+0000] {dag.py:3239} INFO - Sync 2 DAGs
[2024-11-16T05:51:52.336+0000] {logging_mixin.py:190} INFO - [2024-11-16T05:51:52.336+0000] {dag.py:4180} INFO - Setting next_dagrun for example_subdag_operator.section-1 to None, run_after=None
[2024-11-16T05:51:52.337+0000] {logging_mixin.py:190} INFO - [2024-11-16T05:51:52.337+0000] {dag.py:4180} INFO - Setting next_dagrun for example_subdag_operator.section-2 to None, run_after=None
[2024-11-16T05:51:52.348+0000] {processor.py:208} INFO - Processing /home/airflow/.local/lib/python3.12/site-packages/airflow/example_dags/example_subdag_operator.py took 0.075 seconds
[2024-11-16T05:52:23.342+0000] {processor.py:186} INFO - Started process (PID=317) to work on /home/airflow/.local/lib/python3.12/site-packages/airflow/example_dags/example_subdag_operator.py
[2024-11-16T05:52:23.343+0000] {processor.py:914} INFO - Processing file /home/airflow/.local/lib/python3.12/site-packages/airflow/example_dags/example_subdag_operator.py for tasks to queue
[2024-11-16T05:52:23.344+0000] {logging_mixin.py:190} INFO - [2024-11-16T05:52:23.344+0000] {dagbag.py:588} INFO - Filling up the DagBag from /home/airflow/.local/lib/python3.12/site-packages/airflow/example_dags/example_subdag_operator.py
[2024-11-16T05:52:23.363+0000] {processor.py:925} INFO - DAG(s) 'example_subdag_operator.section-1', 'example_subdag_operator.section-2', 'example_subdag_operator' retrieved from /home/airflow/.local/lib/python3.12/site-packages/airflow/example_dags/example_subdag_operator.py
[2024-11-16T05:52:23.374+0000] {logging_mixin.py:190} INFO - [2024-11-16T05:52:23.373+0000] {dag.py:3239} INFO - Sync 3 DAGs
[2024-11-16T05:52:23.390+0000] {logging_mixin.py:190} INFO - [2024-11-16T05:52:23.390+0000] {dag.py:4180} INFO - Setting next_dagrun for example_subdag_operator to 2022-01-01 00:00:00+00:00, run_after=2022-01-01 00:00:00+00:00
[2024-11-16T05:52:23.392+0000] {logging_mixin.py:190} INFO - [2024-11-16T05:52:23.392+0000] {dag.py:4180} INFO - Setting next_dagrun for example_subdag_operator.section-1 to None, run_after=None
[2024-11-16T05:52:23.393+0000] {logging_mixin.py:190} INFO - [2024-11-16T05:52:23.393+0000] {dag.py:4180} INFO - Setting next_dagrun for example_subdag_operator.section-2 to None, run_after=None
[2024-11-16T05:52:23.398+0000] {logging_mixin.py:190} INFO - [2024-11-16T05:52:23.398+0000] {dag.py:3239} INFO - Sync 2 DAGs
[2024-11-16T05:52:23.404+0000] {logging_mixin.py:190} INFO - [2024-11-16T05:52:23.403+0000] {dag.py:4180} INFO - Setting next_dagrun for example_subdag_operator.section-1 to None, run_after=None
[2024-11-16T05:52:23.404+0000] {logging_mixin.py:190} INFO - [2024-11-16T05:52:23.404+0000] {dag.py:4180} INFO - Setting next_dagrun for example_subdag_operator.section-2 to None, run_after=None
[2024-11-16T05:52:23.414+0000] {processor.py:208} INFO - Processing /home/airflow/.local/lib/python3.12/site-packages/airflow/example_dags/example_subdag_operator.py took 0.077 seconds
[2024-11-16T05:52:54.562+0000] {processor.py:186} INFO - Started process (PID=385) to work on /home/airflow/.local/lib/python3.12/site-packages/airflow/example_dags/example_subdag_operator.py
[2024-11-16T05:52:54.562+0000] {processor.py:914} INFO - Processing file /home/airflow/.local/lib/python3.12/site-packages/airflow/example_dags/example_subdag_operator.py for tasks to queue
[2024-11-16T05:52:54.564+0000] {logging_mixin.py:190} INFO - [2024-11-16T05:52:54.564+0000] {dagbag.py:588} INFO - Filling up the DagBag from /home/airflow/.local/lib/python3.12/site-packages/airflow/example_dags/example_subdag_operator.py
[2024-11-16T05:52:54.584+0000] {processor.py:925} INFO - DAG(s) 'example_subdag_operator.section-1', 'example_subdag_operator.section-2', 'example_subdag_operator' retrieved from /home/airflow/.local/lib/python3.12/site-packages/airflow/example_dags/example_subdag_operator.py
[2024-11-16T05:52:54.603+0000] {logging_mixin.py:190} INFO - [2024-11-16T05:52:54.603+0000] {dag.py:3239} INFO - Sync 3 DAGs
[2024-11-16T05:52:54.634+0000] {logging_mixin.py:190} INFO - [2024-11-16T05:52:54.634+0000] {dag.py:4180} INFO - Setting next_dagrun for example_subdag_operator to 2022-01-01 00:00:00+00:00, run_after=2022-01-01 00:00:00+00:00
[2024-11-16T05:52:54.638+0000] {logging_mixin.py:190} INFO - [2024-11-16T05:52:54.638+0000] {dag.py:4180} INFO - Setting next_dagrun for example_subdag_operator.section-1 to None, run_after=None
[2024-11-16T05:52:54.640+0000] {logging_mixin.py:190} INFO - [2024-11-16T05:52:54.640+0000] {dag.py:4180} INFO - Setting next_dagrun for example_subdag_operator.section-2 to None, run_after=None
[2024-11-16T05:52:54.650+0000] {logging_mixin.py:190} INFO - [2024-11-16T05:52:54.650+0000] {dag.py:3239} INFO - Sync 2 DAGs
[2024-11-16T05:52:54.657+0000] {logging_mixin.py:190} INFO - [2024-11-16T05:52:54.656+0000] {dag.py:4180} INFO - Setting next_dagrun for example_subdag_operator.section-1 to None, run_after=None
[2024-11-16T05:52:54.659+0000] {logging_mixin.py:190} INFO - [2024-11-16T05:52:54.658+0000] {dag.py:4180} INFO - Setting next_dagrun for example_subdag_operator.section-2 to None, run_after=None
[2024-11-16T05:52:54.683+0000] {processor.py:208} INFO - Processing /home/airflow/.local/lib/python3.12/site-packages/airflow/example_dags/example_subdag_operator.py took 0.125 seconds
[2024-11-16T05:53:24.952+0000] {processor.py:186} INFO - Started process (PID=453) to work on /home/airflow/.local/lib/python3.12/site-packages/airflow/example_dags/example_subdag_operator.py
[2024-11-16T05:53:24.953+0000] {processor.py:914} INFO - Processing file /home/airflow/.local/lib/python3.12/site-packages/airflow/example_dags/example_subdag_operator.py for tasks to queue
[2024-11-16T05:53:24.954+0000] {logging_mixin.py:190} INFO - [2024-11-16T05:53:24.954+0000] {dagbag.py:588} INFO - Filling up the DagBag from /home/airflow/.local/lib/python3.12/site-packages/airflow/example_dags/example_subdag_operator.py
[2024-11-16T05:53:24.970+0000] {processor.py:925} INFO - DAG(s) 'example_subdag_operator.section-1', 'example_subdag_operator.section-2', 'example_subdag_operator' retrieved from /home/airflow/.local/lib/python3.12/site-packages/airflow/example_dags/example_subdag_operator.py
[2024-11-16T05:53:24.979+0000] {logging_mixin.py:190} INFO - [2024-11-16T05:53:24.979+0000] {dag.py:3239} INFO - Sync 3 DAGs
[2024-11-16T05:53:24.996+0000] {logging_mixin.py:190} INFO - [2024-11-16T05:53:24.996+0000] {dag.py:4180} INFO - Setting next_dagrun for example_subdag_operator to 2022-01-01 00:00:00+00:00, run_after=2022-01-01 00:00:00+00:00
[2024-11-16T05:53:24.999+0000] {logging_mixin.py:190} INFO - [2024-11-16T05:53:24.999+0000] {dag.py:4180} INFO - Setting next_dagrun for example_subdag_operator.section-1 to None, run_after=None
[2024-11-16T05:53:25.000+0000] {logging_mixin.py:190} INFO - [2024-11-16T05:53:25.000+0000] {dag.py:4180} INFO - Setting next_dagrun for example_subdag_operator.section-2 to None, run_after=None
[2024-11-16T05:53:25.006+0000] {logging_mixin.py:190} INFO - [2024-11-16T05:53:25.006+0000] {dag.py:3239} INFO - Sync 2 DAGs
[2024-11-16T05:53:25.011+0000] {logging_mixin.py:190} INFO - [2024-11-16T05:53:25.011+0000] {dag.py:4180} INFO - Setting next_dagrun for example_subdag_operator.section-1 to None, run_after=None
[2024-11-16T05:53:25.011+0000] {logging_mixin.py:190} INFO - [2024-11-16T05:53:25.011+0000] {dag.py:4180} INFO - Setting next_dagrun for example_subdag_operator.section-2 to None, run_after=None
[2024-11-16T05:53:25.020+0000] {processor.py:208} INFO - Processing /home/airflow/.local/lib/python3.12/site-packages/airflow/example_dags/example_subdag_operator.py took 0.072 seconds
[2024-11-16T05:53:55.503+0000] {processor.py:186} INFO - Started process (PID=521) to work on /home/airflow/.local/lib/python3.12/site-packages/airflow/example_dags/example_subdag_operator.py
[2024-11-16T05:53:55.503+0000] {processor.py:914} INFO - Processing file /home/airflow/.local/lib/python3.12/site-packages/airflow/example_dags/example_subdag_operator.py for tasks to queue
[2024-11-16T05:53:55.505+0000] {logging_mixin.py:190} INFO - [2024-11-16T05:53:55.504+0000] {dagbag.py:588} INFO - Filling up the DagBag from /home/airflow/.local/lib/python3.12/site-packages/airflow/example_dags/example_subdag_operator.py
[2024-11-16T05:53:55.521+0000] {processor.py:925} INFO - DAG(s) 'example_subdag_operator.section-1', 'example_subdag_operator.section-2', 'example_subdag_operator' retrieved from /home/airflow/.local/lib/python3.12/site-packages/airflow/example_dags/example_subdag_operator.py
[2024-11-16T05:53:55.532+0000] {logging_mixin.py:190} INFO - [2024-11-16T05:53:55.531+0000] {dag.py:3239} INFO - Sync 3 DAGs
[2024-11-16T05:53:55.549+0000] {logging_mixin.py:190} INFO - [2024-11-16T05:53:55.548+0000] {dag.py:4180} INFO - Setting next_dagrun for example_subdag_operator to 2022-01-01 00:00:00+00:00, run_after=2022-01-01 00:00:00+00:00
[2024-11-16T05:53:55.551+0000] {logging_mixin.py:190} INFO - [2024-11-16T05:53:55.551+0000] {dag.py:4180} INFO - Setting next_dagrun for example_subdag_operator.section-1 to None, run_after=None
[2024-11-16T05:53:55.552+0000] {logging_mixin.py:190} INFO - [2024-11-16T05:53:55.552+0000] {dag.py:4180} INFO - Setting next_dagrun for example_subdag_operator.section-2 to None, run_after=None
[2024-11-16T05:53:55.558+0000] {logging_mixin.py:190} INFO - [2024-11-16T05:53:55.558+0000] {dag.py:3239} INFO - Sync 2 DAGs
[2024-11-16T05:53:55.563+0000] {logging_mixin.py:190} INFO - [2024-11-16T05:53:55.563+0000] {dag.py:4180} INFO - Setting next_dagrun for example_subdag_operator.section-1 to None, run_after=None
[2024-11-16T05:53:55.563+0000] {logging_mixin.py:190} INFO - [2024-11-16T05:53:55.563+0000] {dag.py:4180} INFO - Setting next_dagrun for example_subdag_operator.section-2 to None, run_after=None
[2024-11-16T05:53:55.572+0000] {processor.py:208} INFO - Processing /home/airflow/.local/lib/python3.12/site-packages/airflow/example_dags/example_subdag_operator.py took 0.073 seconds
[2024-11-16T05:54:26.172+0000] {processor.py:186} INFO - Started process (PID=589) to work on /home/airflow/.local/lib/python3.12/site-packages/airflow/example_dags/example_subdag_operator.py
[2024-11-16T05:54:26.172+0000] {processor.py:914} INFO - Processing file /home/airflow/.local/lib/python3.12/site-packages/airflow/example_dags/example_subdag_operator.py for tasks to queue
[2024-11-16T05:54:26.174+0000] {logging_mixin.py:190} INFO - [2024-11-16T05:54:26.173+0000] {dagbag.py:588} INFO - Filling up the DagBag from /home/airflow/.local/lib/python3.12/site-packages/airflow/example_dags/example_subdag_operator.py
[2024-11-16T05:54:26.189+0000] {processor.py:925} INFO - DAG(s) 'example_subdag_operator.section-1', 'example_subdag_operator.section-2', 'example_subdag_operator' retrieved from /home/airflow/.local/lib/python3.12/site-packages/airflow/example_dags/example_subdag_operator.py
[2024-11-16T05:54:26.199+0000] {logging_mixin.py:190} INFO - [2024-11-16T05:54:26.199+0000] {dag.py:3239} INFO - Sync 3 DAGs
[2024-11-16T05:54:26.217+0000] {logging_mixin.py:190} INFO - [2024-11-16T05:54:26.216+0000] {dag.py:4180} INFO - Setting next_dagrun for example_subdag_operator to 2022-01-01 00:00:00+00:00, run_after=2022-01-01 00:00:00+00:00
[2024-11-16T05:54:26.219+0000] {logging_mixin.py:190} INFO - [2024-11-16T05:54:26.219+0000] {dag.py:4180} INFO - Setting next_dagrun for example_subdag_operator.section-1 to None, run_after=None
[2024-11-16T05:54:26.221+0000] {logging_mixin.py:190} INFO - [2024-11-16T05:54:26.220+0000] {dag.py:4180} INFO - Setting next_dagrun for example_subdag_operator.section-2 to None, run_after=None
[2024-11-16T05:54:26.225+0000] {logging_mixin.py:190} INFO - [2024-11-16T05:54:26.225+0000] {dag.py:3239} INFO - Sync 2 DAGs
[2024-11-16T05:54:26.229+0000] {logging_mixin.py:190} INFO - [2024-11-16T05:54:26.229+0000] {dag.py:4180} INFO - Setting next_dagrun for example_subdag_operator.section-1 to None, run_after=None
[2024-11-16T05:54:26.230+0000] {logging_mixin.py:190} INFO - [2024-11-16T05:54:26.230+0000] {dag.py:4180} INFO - Setting next_dagrun for example_subdag_operator.section-2 to None, run_after=None
[2024-11-16T05:54:26.239+0000] {processor.py:208} INFO - Processing /home/airflow/.local/lib/python3.12/site-packages/airflow/example_dags/example_subdag_operator.py took 0.071 seconds
[2024-11-16T05:54:56.799+0000] {processor.py:186} INFO - Started process (PID=657) to work on /home/airflow/.local/lib/python3.12/site-packages/airflow/example_dags/example_subdag_operator.py
[2024-11-16T05:54:56.800+0000] {processor.py:914} INFO - Processing file /home/airflow/.local/lib/python3.12/site-packages/airflow/example_dags/example_subdag_operator.py for tasks to queue
[2024-11-16T05:54:56.804+0000] {logging_mixin.py:190} INFO - [2024-11-16T05:54:56.803+0000] {dagbag.py:588} INFO - Filling up the DagBag from /home/airflow/.local/lib/python3.12/site-packages/airflow/example_dags/example_subdag_operator.py
[2024-11-16T05:54:56.834+0000] {processor.py:925} INFO - DAG(s) 'example_subdag_operator.section-1', 'example_subdag_operator.section-2', 'example_subdag_operator' retrieved from /home/airflow/.local/lib/python3.12/site-packages/airflow/example_dags/example_subdag_operator.py
[2024-11-16T05:54:56.851+0000] {logging_mixin.py:190} INFO - [2024-11-16T05:54:56.850+0000] {dag.py:3239} INFO - Sync 3 DAGs
[2024-11-16T05:54:56.876+0000] {logging_mixin.py:190} INFO - [2024-11-16T05:54:56.876+0000] {dag.py:4180} INFO - Setting next_dagrun for example_subdag_operator to 2022-01-01 00:00:00+00:00, run_after=2022-01-01 00:00:00+00:00
[2024-11-16T05:54:56.881+0000] {logging_mixin.py:190} INFO - [2024-11-16T05:54:56.881+0000] {dag.py:4180} INFO - Setting next_dagrun for example_subdag_operator.section-1 to None, run_after=None
[2024-11-16T05:54:56.883+0000] {logging_mixin.py:190} INFO - [2024-11-16T05:54:56.883+0000] {dag.py:4180} INFO - Setting next_dagrun for example_subdag_operator.section-2 to None, run_after=None
[2024-11-16T05:54:56.892+0000] {logging_mixin.py:190} INFO - [2024-11-16T05:54:56.891+0000] {dag.py:3239} INFO - Sync 2 DAGs
[2024-11-16T05:54:56.899+0000] {logging_mixin.py:190} INFO - [2024-11-16T05:54:56.898+0000] {dag.py:4180} INFO - Setting next_dagrun for example_subdag_operator.section-1 to None, run_after=None
[2024-11-16T05:54:56.899+0000] {logging_mixin.py:190} INFO - [2024-11-16T05:54:56.899+0000] {dag.py:4180} INFO - Setting next_dagrun for example_subdag_operator.section-2 to None, run_after=None
[2024-11-16T05:54:56.910+0000] {processor.py:208} INFO - Processing /home/airflow/.local/lib/python3.12/site-packages/airflow/example_dags/example_subdag_operator.py took 0.118 seconds
[2024-11-16T05:55:27.496+0000] {processor.py:186} INFO - Started process (PID=725) to work on /home/airflow/.local/lib/python3.12/site-packages/airflow/example_dags/example_subdag_operator.py
[2024-11-16T05:55:27.497+0000] {processor.py:914} INFO - Processing file /home/airflow/.local/lib/python3.12/site-packages/airflow/example_dags/example_subdag_operator.py for tasks to queue
[2024-11-16T05:55:27.499+0000] {logging_mixin.py:190} INFO - [2024-11-16T05:55:27.498+0000] {dagbag.py:588} INFO - Filling up the DagBag from /home/airflow/.local/lib/python3.12/site-packages/airflow/example_dags/example_subdag_operator.py
[2024-11-16T05:55:27.525+0000] {processor.py:925} INFO - DAG(s) 'example_subdag_operator.section-1', 'example_subdag_operator.section-2', 'example_subdag_operator' retrieved from /home/airflow/.local/lib/python3.12/site-packages/airflow/example_dags/example_subdag_operator.py
[2024-11-16T05:55:27.537+0000] {logging_mixin.py:190} INFO - [2024-11-16T05:55:27.537+0000] {dag.py:3239} INFO - Sync 3 DAGs
[2024-11-16T05:55:27.554+0000] {logging_mixin.py:190} INFO - [2024-11-16T05:55:27.554+0000] {dag.py:4180} INFO - Setting next_dagrun for example_subdag_operator to 2022-01-01 00:00:00+00:00, run_after=2022-01-01 00:00:00+00:00
[2024-11-16T05:55:27.557+0000] {logging_mixin.py:190} INFO - [2024-11-16T05:55:27.557+0000] {dag.py:4180} INFO - Setting next_dagrun for example_subdag_operator.section-1 to None, run_after=None
[2024-11-16T05:55:27.558+0000] {logging_mixin.py:190} INFO - [2024-11-16T05:55:27.558+0000] {dag.py:4180} INFO - Setting next_dagrun for example_subdag_operator.section-2 to None, run_after=None
[2024-11-16T05:55:27.563+0000] {logging_mixin.py:190} INFO - [2024-11-16T05:55:27.563+0000] {dag.py:3239} INFO - Sync 2 DAGs
[2024-11-16T05:55:27.569+0000] {logging_mixin.py:190} INFO - [2024-11-16T05:55:27.568+0000] {dag.py:4180} INFO - Setting next_dagrun for example_subdag_operator.section-1 to None, run_after=None
[2024-11-16T05:55:27.569+0000] {logging_mixin.py:190} INFO - [2024-11-16T05:55:27.569+0000] {dag.py:4180} INFO - Setting next_dagrun for example_subdag_operator.section-2 to None, run_after=None
[2024-11-16T05:55:27.580+0000] {processor.py:208} INFO - Processing /home/airflow/.local/lib/python3.12/site-packages/airflow/example_dags/example_subdag_operator.py took 0.088 seconds
[2024-11-16T05:55:59.094+0000] {processor.py:186} INFO - Started process (PID=793) to work on /home/airflow/.local/lib/python3.12/site-packages/airflow/example_dags/example_subdag_operator.py
[2024-11-16T05:55:59.094+0000] {processor.py:914} INFO - Processing file /home/airflow/.local/lib/python3.12/site-packages/airflow/example_dags/example_subdag_operator.py for tasks to queue
[2024-11-16T05:55:59.096+0000] {logging_mixin.py:190} INFO - [2024-11-16T05:55:59.096+0000] {dagbag.py:588} INFO - Filling up the DagBag from /home/airflow/.local/lib/python3.12/site-packages/airflow/example_dags/example_subdag_operator.py
[2024-11-16T05:55:59.112+0000] {processor.py:925} INFO - DAG(s) 'example_subdag_operator.section-1', 'example_subdag_operator.section-2', 'example_subdag_operator' retrieved from /home/airflow/.local/lib/python3.12/site-packages/airflow/example_dags/example_subdag_operator.py
[2024-11-16T05:55:59.122+0000] {logging_mixin.py:190} INFO - [2024-11-16T05:55:59.122+0000] {dag.py:3239} INFO - Sync 3 DAGs
[2024-11-16T05:55:59.138+0000] {logging_mixin.py:190} INFO - [2024-11-16T05:55:59.138+0000] {dag.py:4180} INFO - Setting next_dagrun for example_subdag_operator to 2022-01-01 00:00:00+00:00, run_after=2022-01-01 00:00:00+00:00
[2024-11-16T05:55:59.140+0000] {logging_mixin.py:190} INFO - [2024-11-16T05:55:59.140+0000] {dag.py:4180} INFO - Setting next_dagrun for example_subdag_operator.section-1 to None, run_after=None
[2024-11-16T05:55:59.141+0000] {logging_mixin.py:190} INFO - [2024-11-16T05:55:59.141+0000] {dag.py:4180} INFO - Setting next_dagrun for example_subdag_operator.section-2 to None, run_after=None
[2024-11-16T05:55:59.146+0000] {logging_mixin.py:190} INFO - [2024-11-16T05:55:59.146+0000] {dag.py:3239} INFO - Sync 2 DAGs
[2024-11-16T05:55:59.152+0000] {logging_mixin.py:190} INFO - [2024-11-16T05:55:59.152+0000] {dag.py:4180} INFO - Setting next_dagrun for example_subdag_operator.section-1 to None, run_after=None
[2024-11-16T05:55:59.153+0000] {logging_mixin.py:190} INFO - [2024-11-16T05:55:59.152+0000] {dag.py:4180} INFO - Setting next_dagrun for example_subdag_operator.section-2 to None, run_after=None
[2024-11-16T05:55:59.161+0000] {processor.py:208} INFO - Processing /home/airflow/.local/lib/python3.12/site-packages/airflow/example_dags/example_subdag_operator.py took 0.071 seconds
[2024-11-16T05:56:30.248+0000] {processor.py:186} INFO - Started process (PID=861) to work on /home/airflow/.local/lib/python3.12/site-packages/airflow/example_dags/example_subdag_operator.py
[2024-11-16T05:56:30.249+0000] {processor.py:914} INFO - Processing file /home/airflow/.local/lib/python3.12/site-packages/airflow/example_dags/example_subdag_operator.py for tasks to queue
[2024-11-16T05:56:30.252+0000] {logging_mixin.py:190} INFO - [2024-11-16T05:56:30.251+0000] {dagbag.py:588} INFO - Filling up the DagBag from /home/airflow/.local/lib/python3.12/site-packages/airflow/example_dags/example_subdag_operator.py
[2024-11-16T05:56:30.270+0000] {processor.py:925} INFO - DAG(s) 'example_subdag_operator.section-1', 'example_subdag_operator.section-2', 'example_subdag_operator' retrieved from /home/airflow/.local/lib/python3.12/site-packages/airflow/example_dags/example_subdag_operator.py
[2024-11-16T05:56:30.283+0000] {logging_mixin.py:190} INFO - [2024-11-16T05:56:30.283+0000] {dag.py:3239} INFO - Sync 3 DAGs
[2024-11-16T05:56:30.300+0000] {logging_mixin.py:190} INFO - [2024-11-16T05:56:30.299+0000] {dag.py:4180} INFO - Setting next_dagrun for example_subdag_operator to 2022-01-01 00:00:00+00:00, run_after=2022-01-01 00:00:00+00:00
[2024-11-16T05:56:30.304+0000] {logging_mixin.py:190} INFO - [2024-11-16T05:56:30.304+0000] {dag.py:4180} INFO - Setting next_dagrun for example_subdag_operator.section-1 to None, run_after=None
[2024-11-16T05:56:30.306+0000] {logging_mixin.py:190} INFO - [2024-11-16T05:56:30.305+0000] {dag.py:4180} INFO - Setting next_dagrun for example_subdag_operator.section-2 to None, run_after=None
[2024-11-16T05:56:30.313+0000] {logging_mixin.py:190} INFO - [2024-11-16T05:56:30.312+0000] {dag.py:3239} INFO - Sync 2 DAGs
[2024-11-16T05:56:30.318+0000] {logging_mixin.py:190} INFO - [2024-11-16T05:56:30.318+0000] {dag.py:4180} INFO - Setting next_dagrun for example_subdag_operator.section-1 to None, run_after=None
[2024-11-16T05:56:30.319+0000] {logging_mixin.py:190} INFO - [2024-11-16T05:56:30.319+0000] {dag.py:4180} INFO - Setting next_dagrun for example_subdag_operator.section-2 to None, run_after=None
[2024-11-16T05:56:30.331+0000] {processor.py:208} INFO - Processing /home/airflow/.local/lib/python3.12/site-packages/airflow/example_dags/example_subdag_operator.py took 0.086 seconds
[2024-11-16T05:57:01.897+0000] {processor.py:186} INFO - Started process (PID=929) to work on /home/airflow/.local/lib/python3.12/site-packages/airflow/example_dags/example_subdag_operator.py
[2024-11-16T05:57:01.898+0000] {processor.py:914} INFO - Processing file /home/airflow/.local/lib/python3.12/site-packages/airflow/example_dags/example_subdag_operator.py for tasks to queue
[2024-11-16T05:57:01.900+0000] {logging_mixin.py:190} INFO - [2024-11-16T05:57:01.899+0000] {dagbag.py:588} INFO - Filling up the DagBag from /home/airflow/.local/lib/python3.12/site-packages/airflow/example_dags/example_subdag_operator.py
[2024-11-16T05:57:01.917+0000] {processor.py:925} INFO - DAG(s) 'example_subdag_operator.section-1', 'example_subdag_operator.section-2', 'example_subdag_operator' retrieved from /home/airflow/.local/lib/python3.12/site-packages/airflow/example_dags/example_subdag_operator.py
[2024-11-16T05:57:01.931+0000] {logging_mixin.py:190} INFO - [2024-11-16T05:57:01.931+0000] {dag.py:3239} INFO - Sync 3 DAGs
[2024-11-16T05:57:01.954+0000] {logging_mixin.py:190} INFO - [2024-11-16T05:57:01.954+0000] {dag.py:4180} INFO - Setting next_dagrun for example_subdag_operator to 2022-01-01 00:00:00+00:00, run_after=2022-01-01 00:00:00+00:00
[2024-11-16T05:57:01.957+0000] {logging_mixin.py:190} INFO - [2024-11-16T05:57:01.957+0000] {dag.py:4180} INFO - Setting next_dagrun for example_subdag_operator.section-1 to None, run_after=None
[2024-11-16T05:57:01.958+0000] {logging_mixin.py:190} INFO - [2024-11-16T05:57:01.958+0000] {dag.py:4180} INFO - Setting next_dagrun for example_subdag_operator.section-2 to None, run_after=None
[2024-11-16T05:57:01.964+0000] {logging_mixin.py:190} INFO - [2024-11-16T05:57:01.964+0000] {dag.py:3239} INFO - Sync 2 DAGs
[2024-11-16T05:57:01.968+0000] {logging_mixin.py:190} INFO - [2024-11-16T05:57:01.968+0000] {dag.py:4180} INFO - Setting next_dagrun for example_subdag_operator.section-1 to None, run_after=None
[2024-11-16T05:57:01.968+0000] {logging_mixin.py:190} INFO - [2024-11-16T05:57:01.968+0000] {dag.py:4180} INFO - Setting next_dagrun for example_subdag_operator.section-2 to None, run_after=None
[2024-11-16T05:57:01.978+0000] {processor.py:208} INFO - Processing /home/airflow/.local/lib/python3.12/site-packages/airflow/example_dags/example_subdag_operator.py took 0.084 seconds
[2024-11-16T06:44:19.214+0000] {processor.py:186} INFO - Started process (PID=122) to work on /home/airflow/.local/lib/python3.12/site-packages/airflow/example_dags/example_subdag_operator.py
[2024-11-16T06:44:19.215+0000] {processor.py:914} INFO - Processing file /home/airflow/.local/lib/python3.12/site-packages/airflow/example_dags/example_subdag_operator.py for tasks to queue
[2024-11-16T06:44:19.217+0000] {logging_mixin.py:190} INFO - [2024-11-16T06:44:19.217+0000] {dagbag.py:588} INFO - Filling up the DagBag from /home/airflow/.local/lib/python3.12/site-packages/airflow/example_dags/example_subdag_operator.py
[2024-11-16T06:44:19.242+0000] {processor.py:925} INFO - DAG(s) 'example_subdag_operator.section-1', 'example_subdag_operator.section-2', 'example_subdag_operator' retrieved from /home/airflow/.local/lib/python3.12/site-packages/airflow/example_dags/example_subdag_operator.py
[2024-11-16T06:44:19.259+0000] {logging_mixin.py:190} INFO - [2024-11-16T06:44:19.259+0000] {dag.py:3239} INFO - Sync 3 DAGs
[2024-11-16T06:44:19.288+0000] {logging_mixin.py:190} INFO - [2024-11-16T06:44:19.288+0000] {dag.py:4180} INFO - Setting next_dagrun for example_subdag_operator to 2022-01-01 00:00:00+00:00, run_after=2022-01-01 00:00:00+00:00
[2024-11-16T06:44:19.292+0000] {logging_mixin.py:190} INFO - [2024-11-16T06:44:19.292+0000] {dag.py:4180} INFO - Setting next_dagrun for example_subdag_operator.section-1 to None, run_after=None
[2024-11-16T06:44:19.293+0000] {logging_mixin.py:190} INFO - [2024-11-16T06:44:19.293+0000] {dag.py:4180} INFO - Setting next_dagrun for example_subdag_operator.section-2 to None, run_after=None
[2024-11-16T06:44:19.300+0000] {logging_mixin.py:190} INFO - [2024-11-16T06:44:19.300+0000] {dag.py:3239} INFO - Sync 2 DAGs
[2024-11-16T06:44:19.307+0000] {logging_mixin.py:190} INFO - [2024-11-16T06:44:19.306+0000] {dag.py:4180} INFO - Setting next_dagrun for example_subdag_operator.section-1 to None, run_after=None
[2024-11-16T06:44:19.307+0000] {logging_mixin.py:190} INFO - [2024-11-16T06:44:19.307+0000] {dag.py:4180} INFO - Setting next_dagrun for example_subdag_operator.section-2 to None, run_after=None
[2024-11-16T06:44:19.322+0000] {processor.py:208} INFO - Processing /home/airflow/.local/lib/python3.12/site-packages/airflow/example_dags/example_subdag_operator.py took 0.113 seconds
[2024-11-16T06:44:51.410+0000] {processor.py:186} INFO - Started process (PID=190) to work on /home/airflow/.local/lib/python3.12/site-packages/airflow/example_dags/example_subdag_operator.py
[2024-11-16T06:44:51.411+0000] {processor.py:914} INFO - Processing file /home/airflow/.local/lib/python3.12/site-packages/airflow/example_dags/example_subdag_operator.py for tasks to queue
[2024-11-16T06:44:51.413+0000] {logging_mixin.py:190} INFO - [2024-11-16T06:44:51.413+0000] {dagbag.py:588} INFO - Filling up the DagBag from /home/airflow/.local/lib/python3.12/site-packages/airflow/example_dags/example_subdag_operator.py
[2024-11-16T06:44:51.438+0000] {processor.py:925} INFO - DAG(s) 'example_subdag_operator.section-1', 'example_subdag_operator.section-2', 'example_subdag_operator' retrieved from /home/airflow/.local/lib/python3.12/site-packages/airflow/example_dags/example_subdag_operator.py
[2024-11-16T06:44:51.462+0000] {logging_mixin.py:190} INFO - [2024-11-16T06:44:51.462+0000] {dag.py:3239} INFO - Sync 3 DAGs
[2024-11-16T06:44:51.502+0000] {logging_mixin.py:190} INFO - [2024-11-16T06:44:51.502+0000] {dag.py:4180} INFO - Setting next_dagrun for example_subdag_operator to 2022-01-01 00:00:00+00:00, run_after=2022-01-01 00:00:00+00:00
[2024-11-16T06:44:51.510+0000] {logging_mixin.py:190} INFO - [2024-11-16T06:44:51.509+0000] {dag.py:4180} INFO - Setting next_dagrun for example_subdag_operator.section-1 to None, run_after=None
[2024-11-16T06:44:51.512+0000] {logging_mixin.py:190} INFO - [2024-11-16T06:44:51.512+0000] {dag.py:4180} INFO - Setting next_dagrun for example_subdag_operator.section-2 to None, run_after=None
[2024-11-16T06:44:51.525+0000] {logging_mixin.py:190} INFO - [2024-11-16T06:44:51.525+0000] {dag.py:3239} INFO - Sync 2 DAGs
[2024-11-16T06:44:51.535+0000] {logging_mixin.py:190} INFO - [2024-11-16T06:44:51.534+0000] {dag.py:4180} INFO - Setting next_dagrun for example_subdag_operator.section-1 to None, run_after=None
[2024-11-16T06:44:51.536+0000] {logging_mixin.py:190} INFO - [2024-11-16T06:44:51.535+0000] {dag.py:4180} INFO - Setting next_dagrun for example_subdag_operator.section-2 to None, run_after=None
[2024-11-16T06:44:51.559+0000] {processor.py:208} INFO - Processing /home/airflow/.local/lib/python3.12/site-packages/airflow/example_dags/example_subdag_operator.py took 0.155 seconds
[2024-11-16T06:45:21.746+0000] {processor.py:186} INFO - Started process (PID=258) to work on /home/airflow/.local/lib/python3.12/site-packages/airflow/example_dags/example_subdag_operator.py
[2024-11-16T06:45:21.748+0000] {processor.py:914} INFO - Processing file /home/airflow/.local/lib/python3.12/site-packages/airflow/example_dags/example_subdag_operator.py for tasks to queue
[2024-11-16T06:45:21.749+0000] {logging_mixin.py:190} INFO - [2024-11-16T06:45:21.749+0000] {dagbag.py:588} INFO - Filling up the DagBag from /home/airflow/.local/lib/python3.12/site-packages/airflow/example_dags/example_subdag_operator.py
[2024-11-16T06:45:21.779+0000] {processor.py:925} INFO - DAG(s) 'example_subdag_operator.section-1', 'example_subdag_operator.section-2', 'example_subdag_operator' retrieved from /home/airflow/.local/lib/python3.12/site-packages/airflow/example_dags/example_subdag_operator.py
[2024-11-16T06:45:21.793+0000] {logging_mixin.py:190} INFO - [2024-11-16T06:45:21.793+0000] {dag.py:3239} INFO - Sync 3 DAGs
[2024-11-16T06:45:21.817+0000] {logging_mixin.py:190} INFO - [2024-11-16T06:45:21.816+0000] {dag.py:4180} INFO - Setting next_dagrun for example_subdag_operator to 2022-01-01 00:00:00+00:00, run_after=2022-01-01 00:00:00+00:00
[2024-11-16T06:45:21.823+0000] {logging_mixin.py:190} INFO - [2024-11-16T06:45:21.822+0000] {dag.py:4180} INFO - Setting next_dagrun for example_subdag_operator.section-1 to None, run_after=None
[2024-11-16T06:45:21.824+0000] {logging_mixin.py:190} INFO - [2024-11-16T06:45:21.823+0000] {dag.py:4180} INFO - Setting next_dagrun for example_subdag_operator.section-2 to None, run_after=None
[2024-11-16T06:45:21.830+0000] {logging_mixin.py:190} INFO - [2024-11-16T06:45:21.830+0000] {dag.py:3239} INFO - Sync 2 DAGs
[2024-11-16T06:45:21.838+0000] {logging_mixin.py:190} INFO - [2024-11-16T06:45:21.838+0000] {dag.py:4180} INFO - Setting next_dagrun for example_subdag_operator.section-1 to None, run_after=None
[2024-11-16T06:45:21.838+0000] {logging_mixin.py:190} INFO - [2024-11-16T06:45:21.838+0000] {dag.py:4180} INFO - Setting next_dagrun for example_subdag_operator.section-2 to None, run_after=None
[2024-11-16T06:45:21.854+0000] {processor.py:208} INFO - Processing /home/airflow/.local/lib/python3.12/site-packages/airflow/example_dags/example_subdag_operator.py took 0.113 seconds
[2024-11-16T06:45:52.116+0000] {processor.py:186} INFO - Started process (PID=325) to work on /home/airflow/.local/lib/python3.12/site-packages/airflow/example_dags/example_subdag_operator.py
[2024-11-16T06:45:52.116+0000] {processor.py:914} INFO - Processing file /home/airflow/.local/lib/python3.12/site-packages/airflow/example_dags/example_subdag_operator.py for tasks to queue
[2024-11-16T06:45:52.118+0000] {logging_mixin.py:190} INFO - [2024-11-16T06:45:52.118+0000] {dagbag.py:588} INFO - Filling up the DagBag from /home/airflow/.local/lib/python3.12/site-packages/airflow/example_dags/example_subdag_operator.py
[2024-11-16T06:45:52.137+0000] {processor.py:925} INFO - DAG(s) 'example_subdag_operator.section-1', 'example_subdag_operator.section-2', 'example_subdag_operator' retrieved from /home/airflow/.local/lib/python3.12/site-packages/airflow/example_dags/example_subdag_operator.py
[2024-11-16T06:45:52.147+0000] {logging_mixin.py:190} INFO - [2024-11-16T06:45:52.147+0000] {dag.py:3239} INFO - Sync 3 DAGs
[2024-11-16T06:45:52.164+0000] {logging_mixin.py:190} INFO - [2024-11-16T06:45:52.163+0000] {dag.py:4180} INFO - Setting next_dagrun for example_subdag_operator to 2022-01-01 00:00:00+00:00, run_after=2022-01-01 00:00:00+00:00
[2024-11-16T06:45:52.166+0000] {logging_mixin.py:190} INFO - [2024-11-16T06:45:52.166+0000] {dag.py:4180} INFO - Setting next_dagrun for example_subdag_operator.section-1 to None, run_after=None
[2024-11-16T06:45:52.167+0000] {logging_mixin.py:190} INFO - [2024-11-16T06:45:52.167+0000] {dag.py:4180} INFO - Setting next_dagrun for example_subdag_operator.section-2 to None, run_after=None
[2024-11-16T06:45:52.173+0000] {logging_mixin.py:190} INFO - [2024-11-16T06:45:52.173+0000] {dag.py:3239} INFO - Sync 2 DAGs
[2024-11-16T06:45:52.177+0000] {logging_mixin.py:190} INFO - [2024-11-16T06:45:52.177+0000] {dag.py:4180} INFO - Setting next_dagrun for example_subdag_operator.section-1 to None, run_after=None
[2024-11-16T06:45:52.178+0000] {logging_mixin.py:190} INFO - [2024-11-16T06:45:52.177+0000] {dag.py:4180} INFO - Setting next_dagrun for example_subdag_operator.section-2 to None, run_after=None
[2024-11-16T06:45:52.186+0000] {processor.py:208} INFO - Processing /home/airflow/.local/lib/python3.12/site-packages/airflow/example_dags/example_subdag_operator.py took 0.074 seconds
[2024-11-16T06:46:22.404+0000] {processor.py:186} INFO - Started process (PID=393) to work on /home/airflow/.local/lib/python3.12/site-packages/airflow/example_dags/example_subdag_operator.py
[2024-11-16T06:46:22.405+0000] {processor.py:914} INFO - Processing file /home/airflow/.local/lib/python3.12/site-packages/airflow/example_dags/example_subdag_operator.py for tasks to queue
[2024-11-16T06:46:22.406+0000] {logging_mixin.py:190} INFO - [2024-11-16T06:46:22.406+0000] {dagbag.py:588} INFO - Filling up the DagBag from /home/airflow/.local/lib/python3.12/site-packages/airflow/example_dags/example_subdag_operator.py
[2024-11-16T06:46:22.422+0000] {processor.py:925} INFO - DAG(s) 'example_subdag_operator.section-1', 'example_subdag_operator.section-2', 'example_subdag_operator' retrieved from /home/airflow/.local/lib/python3.12/site-packages/airflow/example_dags/example_subdag_operator.py
[2024-11-16T06:46:22.432+0000] {logging_mixin.py:190} INFO - [2024-11-16T06:46:22.432+0000] {dag.py:3239} INFO - Sync 3 DAGs
[2024-11-16T06:46:22.448+0000] {logging_mixin.py:190} INFO - [2024-11-16T06:46:22.447+0000] {dag.py:4180} INFO - Setting next_dagrun for example_subdag_operator to 2022-01-01 00:00:00+00:00, run_after=2022-01-01 00:00:00+00:00
[2024-11-16T06:46:22.450+0000] {logging_mixin.py:190} INFO - [2024-11-16T06:46:22.450+0000] {dag.py:4180} INFO - Setting next_dagrun for example_subdag_operator.section-1 to None, run_after=None
[2024-11-16T06:46:22.451+0000] {logging_mixin.py:190} INFO - [2024-11-16T06:46:22.451+0000] {dag.py:4180} INFO - Setting next_dagrun for example_subdag_operator.section-2 to None, run_after=None
[2024-11-16T06:46:22.456+0000] {logging_mixin.py:190} INFO - [2024-11-16T06:46:22.456+0000] {dag.py:3239} INFO - Sync 2 DAGs
[2024-11-16T06:46:22.461+0000] {logging_mixin.py:190} INFO - [2024-11-16T06:46:22.460+0000] {dag.py:4180} INFO - Setting next_dagrun for example_subdag_operator.section-1 to None, run_after=None
[2024-11-16T06:46:22.461+0000] {logging_mixin.py:190} INFO - [2024-11-16T06:46:22.461+0000] {dag.py:4180} INFO - Setting next_dagrun for example_subdag_operator.section-2 to None, run_after=None
[2024-11-16T06:46:22.470+0000] {processor.py:208} INFO - Processing /home/airflow/.local/lib/python3.12/site-packages/airflow/example_dags/example_subdag_operator.py took 0.069 seconds
[2024-11-16T07:28:11.452+0000] {processor.py:186} INFO - Started process (PID=119) to work on /home/airflow/.local/lib/python3.12/site-packages/airflow/example_dags/example_subdag_operator.py
[2024-11-16T07:28:11.452+0000] {processor.py:914} INFO - Processing file /home/airflow/.local/lib/python3.12/site-packages/airflow/example_dags/example_subdag_operator.py for tasks to queue
[2024-11-16T07:28:11.454+0000] {logging_mixin.py:190} INFO - [2024-11-16T07:28:11.454+0000] {dagbag.py:588} INFO - Filling up the DagBag from /home/airflow/.local/lib/python3.12/site-packages/airflow/example_dags/example_subdag_operator.py
[2024-11-16T07:28:11.475+0000] {processor.py:925} INFO - DAG(s) 'example_subdag_operator.section-1', 'example_subdag_operator.section-2', 'example_subdag_operator' retrieved from /home/airflow/.local/lib/python3.12/site-packages/airflow/example_dags/example_subdag_operator.py
[2024-11-16T07:28:11.558+0000] {logging_mixin.py:190} INFO - [2024-11-16T07:28:11.558+0000] {override.py:1900} INFO - Created Permission View: can read on DAG:example_subdag_operator
[2024-11-16T07:28:11.568+0000] {logging_mixin.py:190} INFO - [2024-11-16T07:28:11.568+0000] {override.py:1900} INFO - Created Permission View: can edit on DAG:example_subdag_operator
[2024-11-16T07:28:11.578+0000] {logging_mixin.py:190} INFO - [2024-11-16T07:28:11.577+0000] {override.py:1900} INFO - Created Permission View: can delete on DAG:example_subdag_operator
[2024-11-16T07:28:11.593+0000] {logging_mixin.py:190} INFO - [2024-11-16T07:28:11.592+0000] {override.py:1900} INFO - Created Permission View: can read on DAG Run:example_subdag_operator
[2024-11-16T07:28:11.600+0000] {logging_mixin.py:190} INFO - [2024-11-16T07:28:11.600+0000] {override.py:1900} INFO - Created Permission View: menu access on DAG Run:example_subdag_operator
[2024-11-16T07:28:11.610+0000] {logging_mixin.py:190} INFO - [2024-11-16T07:28:11.610+0000] {override.py:1900} INFO - Created Permission View: can create on DAG Run:example_subdag_operator
[2024-11-16T07:28:11.618+0000] {logging_mixin.py:190} INFO - [2024-11-16T07:28:11.618+0000] {override.py:1900} INFO - Created Permission View: can delete on DAG Run:example_subdag_operator
[2024-11-16T07:28:11.618+0000] {logging_mixin.py:190} INFO - [2024-11-16T07:28:11.618+0000] {dag.py:3239} INFO - Sync 3 DAGs
[2024-11-16T07:28:11.628+0000] {logging_mixin.py:190} INFO - [2024-11-16T07:28:11.628+0000] {dag.py:3262} INFO - Creating ORM DAG for example_subdag_operator
[2024-11-16T07:28:11.629+0000] {logging_mixin.py:190} INFO - [2024-11-16T07:28:11.629+0000] {dag.py:3262} INFO - Creating ORM DAG for example_subdag_operator.section-2
[2024-11-16T07:28:11.629+0000] {logging_mixin.py:190} INFO - [2024-11-16T07:28:11.629+0000] {dag.py:3262} INFO - Creating ORM DAG for example_subdag_operator.section-1
[2024-11-16T07:28:11.638+0000] {logging_mixin.py:190} INFO - [2024-11-16T07:28:11.638+0000] {dag.py:4180} INFO - Setting next_dagrun for example_subdag_operator to 2022-01-01 00:00:00+00:00, run_after=2022-01-01 00:00:00+00:00
[2024-11-16T07:28:11.639+0000] {logging_mixin.py:190} INFO - [2024-11-16T07:28:11.639+0000] {dag.py:4180} INFO - Setting next_dagrun for example_subdag_operator.section-1 to None, run_after=None
[2024-11-16T07:28:11.639+0000] {logging_mixin.py:190} INFO - [2024-11-16T07:28:11.639+0000] {dag.py:4180} INFO - Setting next_dagrun for example_subdag_operator.section-2 to None, run_after=None
[2024-11-16T07:28:11.646+0000] {logging_mixin.py:190} INFO - [2024-11-16T07:28:11.646+0000] {dag.py:3239} INFO - Sync 2 DAGs
[2024-11-16T07:28:11.651+0000] {logging_mixin.py:190} INFO - [2024-11-16T07:28:11.651+0000] {dag.py:4180} INFO - Setting next_dagrun for example_subdag_operator.section-1 to None, run_after=None
[2024-11-16T07:28:11.654+0000] {logging_mixin.py:190} INFO - [2024-11-16T07:28:11.654+0000] {dag.py:4180} INFO - Setting next_dagrun for example_subdag_operator.section-2 to None, run_after=None
[2024-11-16T07:28:11.666+0000] {processor.py:208} INFO - Processing /home/airflow/.local/lib/python3.12/site-packages/airflow/example_dags/example_subdag_operator.py took 0.219 seconds
[2024-11-16T07:28:41.820+0000] {processor.py:186} INFO - Started process (PID=185) to work on /home/airflow/.local/lib/python3.12/site-packages/airflow/example_dags/example_subdag_operator.py
[2024-11-16T07:28:41.821+0000] {processor.py:914} INFO - Processing file /home/airflow/.local/lib/python3.12/site-packages/airflow/example_dags/example_subdag_operator.py for tasks to queue
[2024-11-16T07:28:41.823+0000] {logging_mixin.py:190} INFO - [2024-11-16T07:28:41.822+0000] {dagbag.py:588} INFO - Filling up the DagBag from /home/airflow/.local/lib/python3.12/site-packages/airflow/example_dags/example_subdag_operator.py
[2024-11-16T07:28:41.847+0000] {processor.py:925} INFO - DAG(s) 'example_subdag_operator.section-1', 'example_subdag_operator.section-2', 'example_subdag_operator' retrieved from /home/airflow/.local/lib/python3.12/site-packages/airflow/example_dags/example_subdag_operator.py
[2024-11-16T07:28:41.862+0000] {logging_mixin.py:190} INFO - [2024-11-16T07:28:41.862+0000] {dag.py:3239} INFO - Sync 3 DAGs
[2024-11-16T07:28:41.882+0000] {logging_mixin.py:190} INFO - [2024-11-16T07:28:41.881+0000] {dag.py:4180} INFO - Setting next_dagrun for example_subdag_operator to 2022-01-01 00:00:00+00:00, run_after=2022-01-01 00:00:00+00:00
[2024-11-16T07:28:41.887+0000] {logging_mixin.py:190} INFO - [2024-11-16T07:28:41.887+0000] {dag.py:4180} INFO - Setting next_dagrun for example_subdag_operator.section-1 to None, run_after=None
[2024-11-16T07:28:41.888+0000] {logging_mixin.py:190} INFO - [2024-11-16T07:28:41.888+0000] {dag.py:4180} INFO - Setting next_dagrun for example_subdag_operator.section-2 to None, run_after=None
[2024-11-16T07:28:41.893+0000] {logging_mixin.py:190} INFO - [2024-11-16T07:28:41.893+0000] {dag.py:3239} INFO - Sync 2 DAGs
[2024-11-16T07:28:41.904+0000] {logging_mixin.py:190} INFO - [2024-11-16T07:28:41.904+0000] {dag.py:4180} INFO - Setting next_dagrun for example_subdag_operator.section-1 to None, run_after=None
[2024-11-16T07:28:41.905+0000] {logging_mixin.py:190} INFO - [2024-11-16T07:28:41.905+0000] {dag.py:4180} INFO - Setting next_dagrun for example_subdag_operator.section-2 to None, run_after=None
[2024-11-16T07:28:41.919+0000] {processor.py:208} INFO - Processing /home/airflow/.local/lib/python3.12/site-packages/airflow/example_dags/example_subdag_operator.py took 0.105 seconds
[2024-11-16T07:29:44.863+0000] {processor.py:186} INFO - Started process (PID=254) to work on /home/airflow/.local/lib/python3.12/site-packages/airflow/example_dags/example_subdag_operator.py
[2024-11-16T07:29:44.864+0000] {processor.py:914} INFO - Processing file /home/airflow/.local/lib/python3.12/site-packages/airflow/example_dags/example_subdag_operator.py for tasks to queue
[2024-11-16T07:29:44.866+0000] {logging_mixin.py:190} INFO - [2024-11-16T07:29:44.866+0000] {dagbag.py:588} INFO - Filling up the DagBag from /home/airflow/.local/lib/python3.12/site-packages/airflow/example_dags/example_subdag_operator.py
[2024-11-16T07:29:44.889+0000] {processor.py:925} INFO - DAG(s) 'example_subdag_operator.section-1', 'example_subdag_operator.section-2', 'example_subdag_operator' retrieved from /home/airflow/.local/lib/python3.12/site-packages/airflow/example_dags/example_subdag_operator.py
[2024-11-16T07:29:44.902+0000] {logging_mixin.py:190} INFO - [2024-11-16T07:29:44.902+0000] {dag.py:3239} INFO - Sync 3 DAGs
[2024-11-16T07:29:44.923+0000] {logging_mixin.py:190} INFO - [2024-11-16T07:29:44.923+0000] {dag.py:4180} INFO - Setting next_dagrun for example_subdag_operator to 2022-01-01 00:00:00+00:00, run_after=2022-01-01 00:00:00+00:00
[2024-11-16T07:29:44.926+0000] {logging_mixin.py:190} INFO - [2024-11-16T07:29:44.926+0000] {dag.py:4180} INFO - Setting next_dagrun for example_subdag_operator.section-1 to None, run_after=None
[2024-11-16T07:29:44.928+0000] {logging_mixin.py:190} INFO - [2024-11-16T07:29:44.927+0000] {dag.py:4180} INFO - Setting next_dagrun for example_subdag_operator.section-2 to None, run_after=None
[2024-11-16T07:29:44.935+0000] {logging_mixin.py:190} INFO - [2024-11-16T07:29:44.935+0000] {dag.py:3239} INFO - Sync 2 DAGs
[2024-11-16T07:29:44.940+0000] {logging_mixin.py:190} INFO - [2024-11-16T07:29:44.940+0000] {dag.py:4180} INFO - Setting next_dagrun for example_subdag_operator.section-1 to None, run_after=None
[2024-11-16T07:29:44.940+0000] {logging_mixin.py:190} INFO - [2024-11-16T07:29:44.940+0000] {dag.py:4180} INFO - Setting next_dagrun for example_subdag_operator.section-2 to None, run_after=None
[2024-11-16T07:29:44.950+0000] {processor.py:208} INFO - Processing /home/airflow/.local/lib/python3.12/site-packages/airflow/example_dags/example_subdag_operator.py took 0.092 seconds
[2024-11-16T07:30:15.712+0000] {processor.py:186} INFO - Started process (PID=321) to work on /home/airflow/.local/lib/python3.12/site-packages/airflow/example_dags/example_subdag_operator.py
[2024-11-16T07:30:15.712+0000] {processor.py:914} INFO - Processing file /home/airflow/.local/lib/python3.12/site-packages/airflow/example_dags/example_subdag_operator.py for tasks to queue
[2024-11-16T07:30:15.713+0000] {logging_mixin.py:190} INFO - [2024-11-16T07:30:15.713+0000] {dagbag.py:588} INFO - Filling up the DagBag from /home/airflow/.local/lib/python3.12/site-packages/airflow/example_dags/example_subdag_operator.py
[2024-11-16T07:30:15.735+0000] {processor.py:925} INFO - DAG(s) 'example_subdag_operator.section-1', 'example_subdag_operator.section-2', 'example_subdag_operator' retrieved from /home/airflow/.local/lib/python3.12/site-packages/airflow/example_dags/example_subdag_operator.py
[2024-11-16T07:30:15.746+0000] {logging_mixin.py:190} INFO - [2024-11-16T07:30:15.746+0000] {dag.py:3239} INFO - Sync 3 DAGs
[2024-11-16T07:30:15.765+0000] {logging_mixin.py:190} INFO - [2024-11-16T07:30:15.765+0000] {dag.py:4180} INFO - Setting next_dagrun for example_subdag_operator to 2022-01-01 00:00:00+00:00, run_after=2022-01-01 00:00:00+00:00
[2024-11-16T07:30:15.768+0000] {logging_mixin.py:190} INFO - [2024-11-16T07:30:15.768+0000] {dag.py:4180} INFO - Setting next_dagrun for example_subdag_operator.section-1 to None, run_after=None
[2024-11-16T07:30:15.769+0000] {logging_mixin.py:190} INFO - [2024-11-16T07:30:15.769+0000] {dag.py:4180} INFO - Setting next_dagrun for example_subdag_operator.section-2 to None, run_after=None
[2024-11-16T07:30:15.775+0000] {logging_mixin.py:190} INFO - [2024-11-16T07:30:15.775+0000] {dag.py:3239} INFO - Sync 2 DAGs
[2024-11-16T07:30:15.780+0000] {logging_mixin.py:190} INFO - [2024-11-16T07:30:15.780+0000] {dag.py:4180} INFO - Setting next_dagrun for example_subdag_operator.section-1 to None, run_after=None
[2024-11-16T07:30:15.780+0000] {logging_mixin.py:190} INFO - [2024-11-16T07:30:15.780+0000] {dag.py:4180} INFO - Setting next_dagrun for example_subdag_operator.section-2 to None, run_after=None
[2024-11-16T07:30:15.791+0000] {processor.py:208} INFO - Processing /home/airflow/.local/lib/python3.12/site-packages/airflow/example_dags/example_subdag_operator.py took 0.084 seconds
[2024-11-16T07:30:46.730+0000] {processor.py:186} INFO - Started process (PID=388) to work on /home/airflow/.local/lib/python3.12/site-packages/airflow/example_dags/example_subdag_operator.py
[2024-11-16T07:30:46.730+0000] {processor.py:914} INFO - Processing file /home/airflow/.local/lib/python3.12/site-packages/airflow/example_dags/example_subdag_operator.py for tasks to queue
[2024-11-16T07:30:46.731+0000] {logging_mixin.py:190} INFO - [2024-11-16T07:30:46.731+0000] {dagbag.py:588} INFO - Filling up the DagBag from /home/airflow/.local/lib/python3.12/site-packages/airflow/example_dags/example_subdag_operator.py
[2024-11-16T07:30:46.751+0000] {processor.py:925} INFO - DAG(s) 'example_subdag_operator.section-1', 'example_subdag_operator.section-2', 'example_subdag_operator' retrieved from /home/airflow/.local/lib/python3.12/site-packages/airflow/example_dags/example_subdag_operator.py
[2024-11-16T07:30:46.764+0000] {logging_mixin.py:190} INFO - [2024-11-16T07:30:46.763+0000] {dag.py:3239} INFO - Sync 3 DAGs
[2024-11-16T07:30:46.787+0000] {logging_mixin.py:190} INFO - [2024-11-16T07:30:46.787+0000] {dag.py:4180} INFO - Setting next_dagrun for example_subdag_operator to 2022-01-01 00:00:00+00:00, run_after=2022-01-01 00:00:00+00:00
[2024-11-16T07:30:46.790+0000] {logging_mixin.py:190} INFO - [2024-11-16T07:30:46.790+0000] {dag.py:4180} INFO - Setting next_dagrun for example_subdag_operator.section-1 to None, run_after=None
[2024-11-16T07:30:46.791+0000] {logging_mixin.py:190} INFO - [2024-11-16T07:30:46.791+0000] {dag.py:4180} INFO - Setting next_dagrun for example_subdag_operator.section-2 to None, run_after=None
[2024-11-16T07:30:46.796+0000] {logging_mixin.py:190} INFO - [2024-11-16T07:30:46.796+0000] {dag.py:3239} INFO - Sync 2 DAGs
[2024-11-16T07:30:46.800+0000] {logging_mixin.py:190} INFO - [2024-11-16T07:30:46.800+0000] {dag.py:4180} INFO - Setting next_dagrun for example_subdag_operator.section-1 to None, run_after=None
[2024-11-16T07:30:46.801+0000] {logging_mixin.py:190} INFO - [2024-11-16T07:30:46.801+0000] {dag.py:4180} INFO - Setting next_dagrun for example_subdag_operator.section-2 to None, run_after=None
[2024-11-16T07:30:46.810+0000] {processor.py:208} INFO - Processing /home/airflow/.local/lib/python3.12/site-packages/airflow/example_dags/example_subdag_operator.py took 0.085 seconds
[2024-11-16T07:31:17.743+0000] {processor.py:186} INFO - Started process (PID=455) to work on /home/airflow/.local/lib/python3.12/site-packages/airflow/example_dags/example_subdag_operator.py
[2024-11-16T07:31:17.743+0000] {processor.py:914} INFO - Processing file /home/airflow/.local/lib/python3.12/site-packages/airflow/example_dags/example_subdag_operator.py for tasks to queue
[2024-11-16T07:31:17.744+0000] {logging_mixin.py:190} INFO - [2024-11-16T07:31:17.744+0000] {dagbag.py:588} INFO - Filling up the DagBag from /home/airflow/.local/lib/python3.12/site-packages/airflow/example_dags/example_subdag_operator.py
[2024-11-16T07:31:17.765+0000] {processor.py:925} INFO - DAG(s) 'example_subdag_operator.section-1', 'example_subdag_operator.section-2', 'example_subdag_operator' retrieved from /home/airflow/.local/lib/python3.12/site-packages/airflow/example_dags/example_subdag_operator.py
[2024-11-16T07:31:17.776+0000] {logging_mixin.py:190} INFO - [2024-11-16T07:31:17.776+0000] {dag.py:3239} INFO - Sync 3 DAGs
[2024-11-16T07:31:17.794+0000] {logging_mixin.py:190} INFO - [2024-11-16T07:31:17.794+0000] {dag.py:4180} INFO - Setting next_dagrun for example_subdag_operator to 2022-01-01 00:00:00+00:00, run_after=2022-01-01 00:00:00+00:00
[2024-11-16T07:31:17.797+0000] {logging_mixin.py:190} INFO - [2024-11-16T07:31:17.797+0000] {dag.py:4180} INFO - Setting next_dagrun for example_subdag_operator.section-1 to None, run_after=None
[2024-11-16T07:31:17.798+0000] {logging_mixin.py:190} INFO - [2024-11-16T07:31:17.798+0000] {dag.py:4180} INFO - Setting next_dagrun for example_subdag_operator.section-2 to None, run_after=None
[2024-11-16T07:31:17.802+0000] {logging_mixin.py:190} INFO - [2024-11-16T07:31:17.802+0000] {dag.py:3239} INFO - Sync 2 DAGs
[2024-11-16T07:31:17.806+0000] {logging_mixin.py:190} INFO - [2024-11-16T07:31:17.806+0000] {dag.py:4180} INFO - Setting next_dagrun for example_subdag_operator.section-1 to None, run_after=None
[2024-11-16T07:31:17.807+0000] {logging_mixin.py:190} INFO - [2024-11-16T07:31:17.807+0000] {dag.py:4180} INFO - Setting next_dagrun for example_subdag_operator.section-2 to None, run_after=None
[2024-11-16T07:31:17.815+0000] {processor.py:208} INFO - Processing /home/airflow/.local/lib/python3.12/site-packages/airflow/example_dags/example_subdag_operator.py took 0.077 seconds
[2024-11-16T07:31:49.028+0000] {processor.py:186} INFO - Started process (PID=522) to work on /home/airflow/.local/lib/python3.12/site-packages/airflow/example_dags/example_subdag_operator.py
[2024-11-16T07:31:49.029+0000] {processor.py:914} INFO - Processing file /home/airflow/.local/lib/python3.12/site-packages/airflow/example_dags/example_subdag_operator.py for tasks to queue
[2024-11-16T07:31:49.030+0000] {logging_mixin.py:190} INFO - [2024-11-16T07:31:49.030+0000] {dagbag.py:588} INFO - Filling up the DagBag from /home/airflow/.local/lib/python3.12/site-packages/airflow/example_dags/example_subdag_operator.py
[2024-11-16T07:31:49.049+0000] {processor.py:925} INFO - DAG(s) 'example_subdag_operator.section-1', 'example_subdag_operator.section-2', 'example_subdag_operator' retrieved from /home/airflow/.local/lib/python3.12/site-packages/airflow/example_dags/example_subdag_operator.py
[2024-11-16T07:31:49.059+0000] {logging_mixin.py:190} INFO - [2024-11-16T07:31:49.059+0000] {dag.py:3239} INFO - Sync 3 DAGs
[2024-11-16T07:31:49.075+0000] {logging_mixin.py:190} INFO - [2024-11-16T07:31:49.075+0000] {dag.py:4180} INFO - Setting next_dagrun for example_subdag_operator to 2022-01-01 00:00:00+00:00, run_after=2022-01-01 00:00:00+00:00
[2024-11-16T07:31:49.077+0000] {logging_mixin.py:190} INFO - [2024-11-16T07:31:49.077+0000] {dag.py:4180} INFO - Setting next_dagrun for example_subdag_operator.section-1 to None, run_after=None
[2024-11-16T07:31:49.078+0000] {logging_mixin.py:190} INFO - [2024-11-16T07:31:49.078+0000] {dag.py:4180} INFO - Setting next_dagrun for example_subdag_operator.section-2 to None, run_after=None
[2024-11-16T07:31:49.082+0000] {logging_mixin.py:190} INFO - [2024-11-16T07:31:49.082+0000] {dag.py:3239} INFO - Sync 2 DAGs
[2024-11-16T07:31:49.086+0000] {logging_mixin.py:190} INFO - [2024-11-16T07:31:49.086+0000] {dag.py:4180} INFO - Setting next_dagrun for example_subdag_operator.section-1 to None, run_after=None
[2024-11-16T07:31:49.086+0000] {logging_mixin.py:190} INFO - [2024-11-16T07:31:49.086+0000] {dag.py:4180} INFO - Setting next_dagrun for example_subdag_operator.section-2 to None, run_after=None
[2024-11-16T07:31:49.094+0000] {processor.py:208} INFO - Processing /home/airflow/.local/lib/python3.12/site-packages/airflow/example_dags/example_subdag_operator.py took 0.069 seconds
[2024-11-16T07:32:20.122+0000] {processor.py:186} INFO - Started process (PID=589) to work on /home/airflow/.local/lib/python3.12/site-packages/airflow/example_dags/example_subdag_operator.py
[2024-11-16T07:32:20.123+0000] {processor.py:914} INFO - Processing file /home/airflow/.local/lib/python3.12/site-packages/airflow/example_dags/example_subdag_operator.py for tasks to queue
[2024-11-16T07:32:20.124+0000] {logging_mixin.py:190} INFO - [2024-11-16T07:32:20.123+0000] {dagbag.py:588} INFO - Filling up the DagBag from /home/airflow/.local/lib/python3.12/site-packages/airflow/example_dags/example_subdag_operator.py
[2024-11-16T07:32:20.140+0000] {processor.py:925} INFO - DAG(s) 'example_subdag_operator.section-1', 'example_subdag_operator.section-2', 'example_subdag_operator' retrieved from /home/airflow/.local/lib/python3.12/site-packages/airflow/example_dags/example_subdag_operator.py
[2024-11-16T07:32:20.149+0000] {logging_mixin.py:190} INFO - [2024-11-16T07:32:20.149+0000] {dag.py:3239} INFO - Sync 3 DAGs
[2024-11-16T07:32:20.165+0000] {logging_mixin.py:190} INFO - [2024-11-16T07:32:20.165+0000] {dag.py:4180} INFO - Setting next_dagrun for example_subdag_operator to 2022-01-01 00:00:00+00:00, run_after=2022-01-01 00:00:00+00:00
[2024-11-16T07:32:20.168+0000] {logging_mixin.py:190} INFO - [2024-11-16T07:32:20.167+0000] {dag.py:4180} INFO - Setting next_dagrun for example_subdag_operator.section-1 to None, run_after=None
[2024-11-16T07:32:20.169+0000] {logging_mixin.py:190} INFO - [2024-11-16T07:32:20.168+0000] {dag.py:4180} INFO - Setting next_dagrun for example_subdag_operator.section-2 to None, run_after=None
[2024-11-16T07:32:20.173+0000] {logging_mixin.py:190} INFO - [2024-11-16T07:32:20.173+0000] {dag.py:3239} INFO - Sync 2 DAGs
[2024-11-16T07:32:20.176+0000] {logging_mixin.py:190} INFO - [2024-11-16T07:32:20.176+0000] {dag.py:4180} INFO - Setting next_dagrun for example_subdag_operator.section-1 to None, run_after=None
[2024-11-16T07:32:20.176+0000] {logging_mixin.py:190} INFO - [2024-11-16T07:32:20.176+0000] {dag.py:4180} INFO - Setting next_dagrun for example_subdag_operator.section-2 to None, run_after=None
[2024-11-16T07:32:20.184+0000] {processor.py:208} INFO - Processing /home/airflow/.local/lib/python3.12/site-packages/airflow/example_dags/example_subdag_operator.py took 0.066 seconds
[2024-11-16T07:32:50.220+0000] {processor.py:186} INFO - Started process (PID=655) to work on /home/airflow/.local/lib/python3.12/site-packages/airflow/example_dags/example_subdag_operator.py
[2024-11-16T07:32:50.221+0000] {processor.py:914} INFO - Processing file /home/airflow/.local/lib/python3.12/site-packages/airflow/example_dags/example_subdag_operator.py for tasks to queue
[2024-11-16T07:32:50.222+0000] {logging_mixin.py:190} INFO - [2024-11-16T07:32:50.221+0000] {dagbag.py:588} INFO - Filling up the DagBag from /home/airflow/.local/lib/python3.12/site-packages/airflow/example_dags/example_subdag_operator.py
[2024-11-16T07:32:50.238+0000] {processor.py:925} INFO - DAG(s) 'example_subdag_operator.section-1', 'example_subdag_operator.section-2', 'example_subdag_operator' retrieved from /home/airflow/.local/lib/python3.12/site-packages/airflow/example_dags/example_subdag_operator.py
[2024-11-16T07:32:50.247+0000] {logging_mixin.py:190} INFO - [2024-11-16T07:32:50.246+0000] {dag.py:3239} INFO - Sync 3 DAGs
[2024-11-16T07:32:50.261+0000] {logging_mixin.py:190} INFO - [2024-11-16T07:32:50.261+0000] {dag.py:4180} INFO - Setting next_dagrun for example_subdag_operator to 2022-01-01 00:00:00+00:00, run_after=2022-01-01 00:00:00+00:00
[2024-11-16T07:32:50.263+0000] {logging_mixin.py:190} INFO - [2024-11-16T07:32:50.263+0000] {dag.py:4180} INFO - Setting next_dagrun for example_subdag_operator.section-1 to None, run_after=None
[2024-11-16T07:32:50.264+0000] {logging_mixin.py:190} INFO - [2024-11-16T07:32:50.264+0000] {dag.py:4180} INFO - Setting next_dagrun for example_subdag_operator.section-2 to None, run_after=None
[2024-11-16T07:32:50.268+0000] {logging_mixin.py:190} INFO - [2024-11-16T07:32:50.268+0000] {dag.py:3239} INFO - Sync 2 DAGs
[2024-11-16T07:32:50.271+0000] {logging_mixin.py:190} INFO - [2024-11-16T07:32:50.271+0000] {dag.py:4180} INFO - Setting next_dagrun for example_subdag_operator.section-1 to None, run_after=None
[2024-11-16T07:32:50.271+0000] {logging_mixin.py:190} INFO - [2024-11-16T07:32:50.271+0000] {dag.py:4180} INFO - Setting next_dagrun for example_subdag_operator.section-2 to None, run_after=None
[2024-11-16T07:32:50.279+0000] {processor.py:208} INFO - Processing /home/airflow/.local/lib/python3.12/site-packages/airflow/example_dags/example_subdag_operator.py took 0.063 seconds
[2024-11-16T07:33:20.938+0000] {processor.py:186} INFO - Started process (PID=722) to work on /home/airflow/.local/lib/python3.12/site-packages/airflow/example_dags/example_subdag_operator.py
[2024-11-16T07:33:20.938+0000] {processor.py:914} INFO - Processing file /home/airflow/.local/lib/python3.12/site-packages/airflow/example_dags/example_subdag_operator.py for tasks to queue
[2024-11-16T07:33:20.939+0000] {logging_mixin.py:190} INFO - [2024-11-16T07:33:20.939+0000] {dagbag.py:588} INFO - Filling up the DagBag from /home/airflow/.local/lib/python3.12/site-packages/airflow/example_dags/example_subdag_operator.py
[2024-11-16T07:33:20.955+0000] {processor.py:925} INFO - DAG(s) 'example_subdag_operator.section-1', 'example_subdag_operator.section-2', 'example_subdag_operator' retrieved from /home/airflow/.local/lib/python3.12/site-packages/airflow/example_dags/example_subdag_operator.py
[2024-11-16T07:33:20.965+0000] {logging_mixin.py:190} INFO - [2024-11-16T07:33:20.965+0000] {dag.py:3239} INFO - Sync 3 DAGs
[2024-11-16T07:33:20.983+0000] {logging_mixin.py:190} INFO - [2024-11-16T07:33:20.983+0000] {dag.py:4180} INFO - Setting next_dagrun for example_subdag_operator to 2022-01-01 00:00:00+00:00, run_after=2022-01-01 00:00:00+00:00
[2024-11-16T07:33:20.986+0000] {logging_mixin.py:190} INFO - [2024-11-16T07:33:20.986+0000] {dag.py:4180} INFO - Setting next_dagrun for example_subdag_operator.section-1 to None, run_after=None
[2024-11-16T07:33:20.987+0000] {logging_mixin.py:190} INFO - [2024-11-16T07:33:20.987+0000] {dag.py:4180} INFO - Setting next_dagrun for example_subdag_operator.section-2 to None, run_after=None
[2024-11-16T07:33:20.994+0000] {logging_mixin.py:190} INFO - [2024-11-16T07:33:20.994+0000] {dag.py:3239} INFO - Sync 2 DAGs
[2024-11-16T07:33:20.999+0000] {logging_mixin.py:190} INFO - [2024-11-16T07:33:20.999+0000] {dag.py:4180} INFO - Setting next_dagrun for example_subdag_operator.section-1 to None, run_after=None
[2024-11-16T07:33:20.999+0000] {logging_mixin.py:190} INFO - [2024-11-16T07:33:20.999+0000] {dag.py:4180} INFO - Setting next_dagrun for example_subdag_operator.section-2 to None, run_after=None
[2024-11-16T07:33:21.007+0000] {processor.py:208} INFO - Processing /home/airflow/.local/lib/python3.12/site-packages/airflow/example_dags/example_subdag_operator.py took 0.074 seconds
[2024-11-16T07:33:51.832+0000] {processor.py:186} INFO - Started process (PID=789) to work on /home/airflow/.local/lib/python3.12/site-packages/airflow/example_dags/example_subdag_operator.py
[2024-11-16T07:33:51.833+0000] {processor.py:914} INFO - Processing file /home/airflow/.local/lib/python3.12/site-packages/airflow/example_dags/example_subdag_operator.py for tasks to queue
[2024-11-16T07:33:51.835+0000] {logging_mixin.py:190} INFO - [2024-11-16T07:33:51.834+0000] {dagbag.py:588} INFO - Filling up the DagBag from /home/airflow/.local/lib/python3.12/site-packages/airflow/example_dags/example_subdag_operator.py
[2024-11-16T07:33:51.856+0000] {processor.py:925} INFO - DAG(s) 'example_subdag_operator.section-1', 'example_subdag_operator.section-2', 'example_subdag_operator' retrieved from /home/airflow/.local/lib/python3.12/site-packages/airflow/example_dags/example_subdag_operator.py
[2024-11-16T07:33:51.865+0000] {logging_mixin.py:190} INFO - [2024-11-16T07:33:51.865+0000] {dag.py:3239} INFO - Sync 3 DAGs
[2024-11-16T07:33:51.882+0000] {logging_mixin.py:190} INFO - [2024-11-16T07:33:51.882+0000] {dag.py:4180} INFO - Setting next_dagrun for example_subdag_operator to 2022-01-01 00:00:00+00:00, run_after=2022-01-01 00:00:00+00:00
[2024-11-16T07:33:51.885+0000] {logging_mixin.py:190} INFO - [2024-11-16T07:33:51.884+0000] {dag.py:4180} INFO - Setting next_dagrun for example_subdag_operator.section-1 to None, run_after=None
[2024-11-16T07:33:51.885+0000] {logging_mixin.py:190} INFO - [2024-11-16T07:33:51.885+0000] {dag.py:4180} INFO - Setting next_dagrun for example_subdag_operator.section-2 to None, run_after=None
[2024-11-16T07:33:51.890+0000] {logging_mixin.py:190} INFO - [2024-11-16T07:33:51.889+0000] {dag.py:3239} INFO - Sync 2 DAGs
[2024-11-16T07:33:51.893+0000] {logging_mixin.py:190} INFO - [2024-11-16T07:33:51.893+0000] {dag.py:4180} INFO - Setting next_dagrun for example_subdag_operator.section-1 to None, run_after=None
[2024-11-16T07:33:51.893+0000] {logging_mixin.py:190} INFO - [2024-11-16T07:33:51.893+0000] {dag.py:4180} INFO - Setting next_dagrun for example_subdag_operator.section-2 to None, run_after=None
[2024-11-16T07:33:51.902+0000] {processor.py:208} INFO - Processing /home/airflow/.local/lib/python3.12/site-packages/airflow/example_dags/example_subdag_operator.py took 0.078 seconds
[2024-11-16T07:34:22.773+0000] {processor.py:186} INFO - Started process (PID=856) to work on /home/airflow/.local/lib/python3.12/site-packages/airflow/example_dags/example_subdag_operator.py
[2024-11-16T07:34:22.774+0000] {processor.py:914} INFO - Processing file /home/airflow/.local/lib/python3.12/site-packages/airflow/example_dags/example_subdag_operator.py for tasks to queue
[2024-11-16T07:34:22.775+0000] {logging_mixin.py:190} INFO - [2024-11-16T07:34:22.774+0000] {dagbag.py:588} INFO - Filling up the DagBag from /home/airflow/.local/lib/python3.12/site-packages/airflow/example_dags/example_subdag_operator.py
[2024-11-16T07:34:22.792+0000] {processor.py:925} INFO - DAG(s) 'example_subdag_operator.section-1', 'example_subdag_operator.section-2', 'example_subdag_operator' retrieved from /home/airflow/.local/lib/python3.12/site-packages/airflow/example_dags/example_subdag_operator.py
[2024-11-16T07:34:22.802+0000] {logging_mixin.py:190} INFO - [2024-11-16T07:34:22.801+0000] {dag.py:3239} INFO - Sync 3 DAGs
[2024-11-16T07:34:22.819+0000] {logging_mixin.py:190} INFO - [2024-11-16T07:34:22.818+0000] {dag.py:4180} INFO - Setting next_dagrun for example_subdag_operator to 2022-01-01 00:00:00+00:00, run_after=2022-01-01 00:00:00+00:00
[2024-11-16T07:34:22.821+0000] {logging_mixin.py:190} INFO - [2024-11-16T07:34:22.821+0000] {dag.py:4180} INFO - Setting next_dagrun for example_subdag_operator.section-1 to None, run_after=None
[2024-11-16T07:34:22.822+0000] {logging_mixin.py:190} INFO - [2024-11-16T07:34:22.822+0000] {dag.py:4180} INFO - Setting next_dagrun for example_subdag_operator.section-2 to None, run_after=None
[2024-11-16T07:34:22.826+0000] {logging_mixin.py:190} INFO - [2024-11-16T07:34:22.826+0000] {dag.py:3239} INFO - Sync 2 DAGs
[2024-11-16T07:34:22.829+0000] {logging_mixin.py:190} INFO - [2024-11-16T07:34:22.829+0000] {dag.py:4180} INFO - Setting next_dagrun for example_subdag_operator.section-1 to None, run_after=None
[2024-11-16T07:34:22.829+0000] {logging_mixin.py:190} INFO - [2024-11-16T07:34:22.829+0000] {dag.py:4180} INFO - Setting next_dagrun for example_subdag_operator.section-2 to None, run_after=None
[2024-11-16T07:34:22.838+0000] {processor.py:208} INFO - Processing /home/airflow/.local/lib/python3.12/site-packages/airflow/example_dags/example_subdag_operator.py took 0.069 seconds
[2024-11-16T07:34:52.889+0000] {processor.py:186} INFO - Started process (PID=923) to work on /home/airflow/.local/lib/python3.12/site-packages/airflow/example_dags/example_subdag_operator.py
[2024-11-16T07:34:52.890+0000] {processor.py:914} INFO - Processing file /home/airflow/.local/lib/python3.12/site-packages/airflow/example_dags/example_subdag_operator.py for tasks to queue
[2024-11-16T07:34:52.890+0000] {logging_mixin.py:190} INFO - [2024-11-16T07:34:52.890+0000] {dagbag.py:588} INFO - Filling up the DagBag from /home/airflow/.local/lib/python3.12/site-packages/airflow/example_dags/example_subdag_operator.py
[2024-11-16T07:34:52.908+0000] {processor.py:925} INFO - DAG(s) 'example_subdag_operator.section-1', 'example_subdag_operator.section-2', 'example_subdag_operator' retrieved from /home/airflow/.local/lib/python3.12/site-packages/airflow/example_dags/example_subdag_operator.py
[2024-11-16T07:34:52.918+0000] {logging_mixin.py:190} INFO - [2024-11-16T07:34:52.918+0000] {dag.py:3239} INFO - Sync 3 DAGs
[2024-11-16T07:34:52.934+0000] {logging_mixin.py:190} INFO - [2024-11-16T07:34:52.934+0000] {dag.py:4180} INFO - Setting next_dagrun for example_subdag_operator to 2022-01-01 00:00:00+00:00, run_after=2022-01-01 00:00:00+00:00
[2024-11-16T07:34:52.936+0000] {logging_mixin.py:190} INFO - [2024-11-16T07:34:52.936+0000] {dag.py:4180} INFO - Setting next_dagrun for example_subdag_operator.section-1 to None, run_after=None
[2024-11-16T07:34:52.937+0000] {logging_mixin.py:190} INFO - [2024-11-16T07:34:52.937+0000] {dag.py:4180} INFO - Setting next_dagrun for example_subdag_operator.section-2 to None, run_after=None
[2024-11-16T07:34:52.942+0000] {logging_mixin.py:190} INFO - [2024-11-16T07:34:52.942+0000] {dag.py:3239} INFO - Sync 2 DAGs
[2024-11-16T07:34:52.945+0000] {logging_mixin.py:190} INFO - [2024-11-16T07:34:52.945+0000] {dag.py:4180} INFO - Setting next_dagrun for example_subdag_operator.section-1 to None, run_after=None
[2024-11-16T07:34:52.946+0000] {logging_mixin.py:190} INFO - [2024-11-16T07:34:52.946+0000] {dag.py:4180} INFO - Setting next_dagrun for example_subdag_operator.section-2 to None, run_after=None
[2024-11-16T07:34:52.956+0000] {processor.py:208} INFO - Processing /home/airflow/.local/lib/python3.12/site-packages/airflow/example_dags/example_subdag_operator.py took 0.071 seconds
[2024-11-16T07:35:24.748+0000] {processor.py:186} INFO - Started process (PID=990) to work on /home/airflow/.local/lib/python3.12/site-packages/airflow/example_dags/example_subdag_operator.py
[2024-11-16T07:35:24.749+0000] {processor.py:914} INFO - Processing file /home/airflow/.local/lib/python3.12/site-packages/airflow/example_dags/example_subdag_operator.py for tasks to queue
[2024-11-16T07:35:24.750+0000] {logging_mixin.py:190} INFO - [2024-11-16T07:35:24.750+0000] {dagbag.py:588} INFO - Filling up the DagBag from /home/airflow/.local/lib/python3.12/site-packages/airflow/example_dags/example_subdag_operator.py
[2024-11-16T07:35:24.770+0000] {processor.py:925} INFO - DAG(s) 'example_subdag_operator.section-1', 'example_subdag_operator.section-2', 'example_subdag_operator' retrieved from /home/airflow/.local/lib/python3.12/site-packages/airflow/example_dags/example_subdag_operator.py
[2024-11-16T07:35:24.783+0000] {logging_mixin.py:190} INFO - [2024-11-16T07:35:24.782+0000] {dag.py:3239} INFO - Sync 3 DAGs
[2024-11-16T07:35:24.809+0000] {logging_mixin.py:190} INFO - [2024-11-16T07:35:24.809+0000] {dag.py:4180} INFO - Setting next_dagrun for example_subdag_operator to 2022-01-01 00:00:00+00:00, run_after=2022-01-01 00:00:00+00:00
[2024-11-16T07:35:24.814+0000] {logging_mixin.py:190} INFO - [2024-11-16T07:35:24.814+0000] {dag.py:4180} INFO - Setting next_dagrun for example_subdag_operator.section-1 to None, run_after=None
[2024-11-16T07:35:24.816+0000] {logging_mixin.py:190} INFO - [2024-11-16T07:35:24.816+0000] {dag.py:4180} INFO - Setting next_dagrun for example_subdag_operator.section-2 to None, run_after=None
[2024-11-16T07:35:24.826+0000] {logging_mixin.py:190} INFO - [2024-11-16T07:35:24.826+0000] {dag.py:3239} INFO - Sync 2 DAGs
[2024-11-16T07:35:24.834+0000] {logging_mixin.py:190} INFO - [2024-11-16T07:35:24.834+0000] {dag.py:4180} INFO - Setting next_dagrun for example_subdag_operator.section-1 to None, run_after=None
[2024-11-16T07:35:24.835+0000] {logging_mixin.py:190} INFO - [2024-11-16T07:35:24.835+0000] {dag.py:4180} INFO - Setting next_dagrun for example_subdag_operator.section-2 to None, run_after=None
[2024-11-16T07:35:24.856+0000] {processor.py:208} INFO - Processing /home/airflow/.local/lib/python3.12/site-packages/airflow/example_dags/example_subdag_operator.py took 0.116 seconds
[2024-11-16T07:35:55.505+0000] {processor.py:186} INFO - Started process (PID=1057) to work on /home/airflow/.local/lib/python3.12/site-packages/airflow/example_dags/example_subdag_operator.py
[2024-11-16T07:35:55.507+0000] {processor.py:914} INFO - Processing file /home/airflow/.local/lib/python3.12/site-packages/airflow/example_dags/example_subdag_operator.py for tasks to queue
[2024-11-16T07:35:55.507+0000] {logging_mixin.py:190} INFO - [2024-11-16T07:35:55.507+0000] {dagbag.py:588} INFO - Filling up the DagBag from /home/airflow/.local/lib/python3.12/site-packages/airflow/example_dags/example_subdag_operator.py
[2024-11-16T07:35:55.534+0000] {processor.py:925} INFO - DAG(s) 'example_subdag_operator.section-1', 'example_subdag_operator.section-2', 'example_subdag_operator' retrieved from /home/airflow/.local/lib/python3.12/site-packages/airflow/example_dags/example_subdag_operator.py
[2024-11-16T07:35:55.550+0000] {logging_mixin.py:190} INFO - [2024-11-16T07:35:55.549+0000] {dag.py:3239} INFO - Sync 3 DAGs
[2024-11-16T07:35:55.573+0000] {logging_mixin.py:190} INFO - [2024-11-16T07:35:55.573+0000] {dag.py:4180} INFO - Setting next_dagrun for example_subdag_operator to 2022-01-01 00:00:00+00:00, run_after=2022-01-01 00:00:00+00:00
[2024-11-16T07:35:55.576+0000] {logging_mixin.py:190} INFO - [2024-11-16T07:35:55.576+0000] {dag.py:4180} INFO - Setting next_dagrun for example_subdag_operator.section-1 to None, run_after=None
[2024-11-16T07:35:55.577+0000] {logging_mixin.py:190} INFO - [2024-11-16T07:35:55.577+0000] {dag.py:4180} INFO - Setting next_dagrun for example_subdag_operator.section-2 to None, run_after=None
[2024-11-16T07:35:55.587+0000] {logging_mixin.py:190} INFO - [2024-11-16T07:35:55.586+0000] {dag.py:3239} INFO - Sync 2 DAGs
[2024-11-16T07:35:55.592+0000] {logging_mixin.py:190} INFO - [2024-11-16T07:35:55.592+0000] {dag.py:4180} INFO - Setting next_dagrun for example_subdag_operator.section-1 to None, run_after=None
[2024-11-16T07:35:55.592+0000] {logging_mixin.py:190} INFO - [2024-11-16T07:35:55.592+0000] {dag.py:4180} INFO - Setting next_dagrun for example_subdag_operator.section-2 to None, run_after=None
[2024-11-16T07:35:55.606+0000] {processor.py:208} INFO - Processing /home/airflow/.local/lib/python3.12/site-packages/airflow/example_dags/example_subdag_operator.py took 0.107 seconds
[2024-11-16T07:36:25.746+0000] {processor.py:186} INFO - Started process (PID=1124) to work on /home/airflow/.local/lib/python3.12/site-packages/airflow/example_dags/example_subdag_operator.py
[2024-11-16T07:36:25.747+0000] {processor.py:914} INFO - Processing file /home/airflow/.local/lib/python3.12/site-packages/airflow/example_dags/example_subdag_operator.py for tasks to queue
[2024-11-16T07:36:25.748+0000] {logging_mixin.py:190} INFO - [2024-11-16T07:36:25.747+0000] {dagbag.py:588} INFO - Filling up the DagBag from /home/airflow/.local/lib/python3.12/site-packages/airflow/example_dags/example_subdag_operator.py
[2024-11-16T07:36:25.765+0000] {processor.py:925} INFO - DAG(s) 'example_subdag_operator.section-1', 'example_subdag_operator.section-2', 'example_subdag_operator' retrieved from /home/airflow/.local/lib/python3.12/site-packages/airflow/example_dags/example_subdag_operator.py
[2024-11-16T07:36:25.775+0000] {logging_mixin.py:190} INFO - [2024-11-16T07:36:25.774+0000] {dag.py:3239} INFO - Sync 3 DAGs
[2024-11-16T07:36:25.792+0000] {logging_mixin.py:190} INFO - [2024-11-16T07:36:25.792+0000] {dag.py:4180} INFO - Setting next_dagrun for example_subdag_operator to 2022-01-01 00:00:00+00:00, run_after=2022-01-01 00:00:00+00:00
[2024-11-16T07:36:25.795+0000] {logging_mixin.py:190} INFO - [2024-11-16T07:36:25.795+0000] {dag.py:4180} INFO - Setting next_dagrun for example_subdag_operator.section-1 to None, run_after=None
[2024-11-16T07:36:25.796+0000] {logging_mixin.py:190} INFO - [2024-11-16T07:36:25.796+0000] {dag.py:4180} INFO - Setting next_dagrun for example_subdag_operator.section-2 to None, run_after=None
[2024-11-16T07:36:25.801+0000] {logging_mixin.py:190} INFO - [2024-11-16T07:36:25.801+0000] {dag.py:3239} INFO - Sync 2 DAGs
[2024-11-16T07:36:25.805+0000] {logging_mixin.py:190} INFO - [2024-11-16T07:36:25.805+0000] {dag.py:4180} INFO - Setting next_dagrun for example_subdag_operator.section-1 to None, run_after=None
[2024-11-16T07:36:25.805+0000] {logging_mixin.py:190} INFO - [2024-11-16T07:36:25.805+0000] {dag.py:4180} INFO - Setting next_dagrun for example_subdag_operator.section-2 to None, run_after=None
[2024-11-16T07:36:25.816+0000] {processor.py:208} INFO - Processing /home/airflow/.local/lib/python3.12/site-packages/airflow/example_dags/example_subdag_operator.py took 0.074 seconds
[2024-11-16T07:36:56.171+0000] {processor.py:186} INFO - Started process (PID=1191) to work on /home/airflow/.local/lib/python3.12/site-packages/airflow/example_dags/example_subdag_operator.py
[2024-11-16T07:36:56.172+0000] {processor.py:914} INFO - Processing file /home/airflow/.local/lib/python3.12/site-packages/airflow/example_dags/example_subdag_operator.py for tasks to queue
[2024-11-16T07:36:56.173+0000] {logging_mixin.py:190} INFO - [2024-11-16T07:36:56.172+0000] {dagbag.py:588} INFO - Filling up the DagBag from /home/airflow/.local/lib/python3.12/site-packages/airflow/example_dags/example_subdag_operator.py
[2024-11-16T07:36:56.189+0000] {processor.py:925} INFO - DAG(s) 'example_subdag_operator.section-1', 'example_subdag_operator.section-2', 'example_subdag_operator' retrieved from /home/airflow/.local/lib/python3.12/site-packages/airflow/example_dags/example_subdag_operator.py
[2024-11-16T07:36:56.199+0000] {logging_mixin.py:190} INFO - [2024-11-16T07:36:56.199+0000] {dag.py:3239} INFO - Sync 3 DAGs
[2024-11-16T07:36:56.217+0000] {logging_mixin.py:190} INFO - [2024-11-16T07:36:56.216+0000] {dag.py:4180} INFO - Setting next_dagrun for example_subdag_operator to 2022-01-01 00:00:00+00:00, run_after=2022-01-01 00:00:00+00:00
[2024-11-16T07:36:56.219+0000] {logging_mixin.py:190} INFO - [2024-11-16T07:36:56.219+0000] {dag.py:4180} INFO - Setting next_dagrun for example_subdag_operator.section-1 to None, run_after=None
[2024-11-16T07:36:56.220+0000] {logging_mixin.py:190} INFO - [2024-11-16T07:36:56.220+0000] {dag.py:4180} INFO - Setting next_dagrun for example_subdag_operator.section-2 to None, run_after=None
[2024-11-16T07:36:56.225+0000] {logging_mixin.py:190} INFO - [2024-11-16T07:36:56.225+0000] {dag.py:3239} INFO - Sync 2 DAGs
[2024-11-16T07:36:56.229+0000] {logging_mixin.py:190} INFO - [2024-11-16T07:36:56.229+0000] {dag.py:4180} INFO - Setting next_dagrun for example_subdag_operator.section-1 to None, run_after=None
[2024-11-16T07:36:56.229+0000] {logging_mixin.py:190} INFO - [2024-11-16T07:36:56.229+0000] {dag.py:4180} INFO - Setting next_dagrun for example_subdag_operator.section-2 to None, run_after=None
[2024-11-16T07:36:56.241+0000] {processor.py:208} INFO - Processing /home/airflow/.local/lib/python3.12/site-packages/airflow/example_dags/example_subdag_operator.py took 0.074 seconds
[2024-11-16T07:37:26.850+0000] {processor.py:186} INFO - Started process (PID=1262) to work on /home/airflow/.local/lib/python3.12/site-packages/airflow/example_dags/example_subdag_operator.py
[2024-11-16T07:37:26.851+0000] {processor.py:914} INFO - Processing file /home/airflow/.local/lib/python3.12/site-packages/airflow/example_dags/example_subdag_operator.py for tasks to queue
[2024-11-16T07:37:26.852+0000] {logging_mixin.py:190} INFO - [2024-11-16T07:37:26.851+0000] {dagbag.py:588} INFO - Filling up the DagBag from /home/airflow/.local/lib/python3.12/site-packages/airflow/example_dags/example_subdag_operator.py
[2024-11-16T07:37:26.871+0000] {processor.py:925} INFO - DAG(s) 'example_subdag_operator.section-1', 'example_subdag_operator.section-2', 'example_subdag_operator' retrieved from /home/airflow/.local/lib/python3.12/site-packages/airflow/example_dags/example_subdag_operator.py
[2024-11-16T07:37:26.882+0000] {logging_mixin.py:190} INFO - [2024-11-16T07:37:26.881+0000] {dag.py:3239} INFO - Sync 3 DAGs
[2024-11-16T07:37:26.902+0000] {logging_mixin.py:190} INFO - [2024-11-16T07:37:26.902+0000] {dag.py:4180} INFO - Setting next_dagrun for example_subdag_operator to 2022-01-01 00:00:00+00:00, run_after=2022-01-01 00:00:00+00:00
[2024-11-16T07:37:26.905+0000] {logging_mixin.py:190} INFO - [2024-11-16T07:37:26.905+0000] {dag.py:4180} INFO - Setting next_dagrun for example_subdag_operator.section-1 to None, run_after=None
[2024-11-16T07:37:26.906+0000] {logging_mixin.py:190} INFO - [2024-11-16T07:37:26.906+0000] {dag.py:4180} INFO - Setting next_dagrun for example_subdag_operator.section-2 to None, run_after=None
[2024-11-16T07:37:26.911+0000] {logging_mixin.py:190} INFO - [2024-11-16T07:37:26.911+0000] {dag.py:3239} INFO - Sync 2 DAGs
[2024-11-16T07:37:26.918+0000] {logging_mixin.py:190} INFO - [2024-11-16T07:37:26.918+0000] {dag.py:4180} INFO - Setting next_dagrun for example_subdag_operator.section-1 to None, run_after=None
[2024-11-16T07:37:26.918+0000] {logging_mixin.py:190} INFO - [2024-11-16T07:37:26.918+0000] {dag.py:4180} INFO - Setting next_dagrun for example_subdag_operator.section-2 to None, run_after=None
[2024-11-16T07:37:26.929+0000] {processor.py:208} INFO - Processing /home/airflow/.local/lib/python3.12/site-packages/airflow/example_dags/example_subdag_operator.py took 0.085 seconds
[2024-11-16T07:37:57.296+0000] {processor.py:186} INFO - Started process (PID=1329) to work on /home/airflow/.local/lib/python3.12/site-packages/airflow/example_dags/example_subdag_operator.py
[2024-11-16T07:37:57.297+0000] {processor.py:914} INFO - Processing file /home/airflow/.local/lib/python3.12/site-packages/airflow/example_dags/example_subdag_operator.py for tasks to queue
[2024-11-16T07:37:57.298+0000] {logging_mixin.py:190} INFO - [2024-11-16T07:37:57.298+0000] {dagbag.py:588} INFO - Filling up the DagBag from /home/airflow/.local/lib/python3.12/site-packages/airflow/example_dags/example_subdag_operator.py
[2024-11-16T07:37:57.317+0000] {processor.py:925} INFO - DAG(s) 'example_subdag_operator.section-1', 'example_subdag_operator.section-2', 'example_subdag_operator' retrieved from /home/airflow/.local/lib/python3.12/site-packages/airflow/example_dags/example_subdag_operator.py
[2024-11-16T07:37:57.328+0000] {logging_mixin.py:190} INFO - [2024-11-16T07:37:57.328+0000] {dag.py:3239} INFO - Sync 3 DAGs
[2024-11-16T07:37:57.344+0000] {logging_mixin.py:190} INFO - [2024-11-16T07:37:57.344+0000] {dag.py:4180} INFO - Setting next_dagrun for example_subdag_operator to 2022-01-01 00:00:00+00:00, run_after=2022-01-01 00:00:00+00:00
[2024-11-16T07:37:57.347+0000] {logging_mixin.py:190} INFO - [2024-11-16T07:37:57.347+0000] {dag.py:4180} INFO - Setting next_dagrun for example_subdag_operator.section-1 to None, run_after=None
[2024-11-16T07:37:57.348+0000] {logging_mixin.py:190} INFO - [2024-11-16T07:37:57.348+0000] {dag.py:4180} INFO - Setting next_dagrun for example_subdag_operator.section-2 to None, run_after=None
[2024-11-16T07:37:57.353+0000] {logging_mixin.py:190} INFO - [2024-11-16T07:37:57.353+0000] {dag.py:3239} INFO - Sync 2 DAGs
[2024-11-16T07:37:57.357+0000] {logging_mixin.py:190} INFO - [2024-11-16T07:37:57.357+0000] {dag.py:4180} INFO - Setting next_dagrun for example_subdag_operator.section-1 to None, run_after=None
[2024-11-16T07:37:57.357+0000] {logging_mixin.py:190} INFO - [2024-11-16T07:37:57.357+0000] {dag.py:4180} INFO - Setting next_dagrun for example_subdag_operator.section-2 to None, run_after=None
[2024-11-16T07:37:57.369+0000] {processor.py:208} INFO - Processing /home/airflow/.local/lib/python3.12/site-packages/airflow/example_dags/example_subdag_operator.py took 0.076 seconds
[2024-11-16T07:38:27.548+0000] {processor.py:186} INFO - Started process (PID=1395) to work on /home/airflow/.local/lib/python3.12/site-packages/airflow/example_dags/example_subdag_operator.py
[2024-11-16T07:38:27.549+0000] {processor.py:914} INFO - Processing file /home/airflow/.local/lib/python3.12/site-packages/airflow/example_dags/example_subdag_operator.py for tasks to queue
[2024-11-16T07:38:27.550+0000] {logging_mixin.py:190} INFO - [2024-11-16T07:38:27.550+0000] {dagbag.py:588} INFO - Filling up the DagBag from /home/airflow/.local/lib/python3.12/site-packages/airflow/example_dags/example_subdag_operator.py
[2024-11-16T07:38:27.572+0000] {processor.py:925} INFO - DAG(s) 'example_subdag_operator.section-1', 'example_subdag_operator.section-2', 'example_subdag_operator' retrieved from /home/airflow/.local/lib/python3.12/site-packages/airflow/example_dags/example_subdag_operator.py
[2024-11-16T07:38:27.584+0000] {logging_mixin.py:190} INFO - [2024-11-16T07:38:27.584+0000] {dag.py:3239} INFO - Sync 3 DAGs
[2024-11-16T07:38:27.603+0000] {logging_mixin.py:190} INFO - [2024-11-16T07:38:27.603+0000] {dag.py:4180} INFO - Setting next_dagrun for example_subdag_operator to 2022-01-01 00:00:00+00:00, run_after=2022-01-01 00:00:00+00:00
[2024-11-16T07:38:27.606+0000] {logging_mixin.py:190} INFO - [2024-11-16T07:38:27.606+0000] {dag.py:4180} INFO - Setting next_dagrun for example_subdag_operator.section-1 to None, run_after=None
[2024-11-16T07:38:27.608+0000] {logging_mixin.py:190} INFO - [2024-11-16T07:38:27.607+0000] {dag.py:4180} INFO - Setting next_dagrun for example_subdag_operator.section-2 to None, run_after=None
[2024-11-16T07:38:27.615+0000] {logging_mixin.py:190} INFO - [2024-11-16T07:38:27.614+0000] {dag.py:3239} INFO - Sync 2 DAGs
[2024-11-16T07:38:27.620+0000] {logging_mixin.py:190} INFO - [2024-11-16T07:38:27.620+0000] {dag.py:4180} INFO - Setting next_dagrun for example_subdag_operator.section-1 to None, run_after=None
[2024-11-16T07:38:27.620+0000] {logging_mixin.py:190} INFO - [2024-11-16T07:38:27.620+0000] {dag.py:4180} INFO - Setting next_dagrun for example_subdag_operator.section-2 to None, run_after=None
[2024-11-16T07:38:27.642+0000] {processor.py:208} INFO - Processing /home/airflow/.local/lib/python3.12/site-packages/airflow/example_dags/example_subdag_operator.py took 0.099 seconds
[2024-11-16T07:38:58.138+0000] {processor.py:186} INFO - Started process (PID=1461) to work on /home/airflow/.local/lib/python3.12/site-packages/airflow/example_dags/example_subdag_operator.py
[2024-11-16T07:38:58.139+0000] {processor.py:914} INFO - Processing file /home/airflow/.local/lib/python3.12/site-packages/airflow/example_dags/example_subdag_operator.py for tasks to queue
[2024-11-16T07:38:58.140+0000] {logging_mixin.py:190} INFO - [2024-11-16T07:38:58.140+0000] {dagbag.py:588} INFO - Filling up the DagBag from /home/airflow/.local/lib/python3.12/site-packages/airflow/example_dags/example_subdag_operator.py
[2024-11-16T07:38:58.159+0000] {processor.py:925} INFO - DAG(s) 'example_subdag_operator.section-1', 'example_subdag_operator.section-2', 'example_subdag_operator' retrieved from /home/airflow/.local/lib/python3.12/site-packages/airflow/example_dags/example_subdag_operator.py
[2024-11-16T07:38:58.171+0000] {logging_mixin.py:190} INFO - [2024-11-16T07:38:58.171+0000] {dag.py:3239} INFO - Sync 3 DAGs
[2024-11-16T07:38:58.192+0000] {logging_mixin.py:190} INFO - [2024-11-16T07:38:58.192+0000] {dag.py:4180} INFO - Setting next_dagrun for example_subdag_operator to 2022-01-01 00:00:00+00:00, run_after=2022-01-01 00:00:00+00:00
[2024-11-16T07:38:58.195+0000] {logging_mixin.py:190} INFO - [2024-11-16T07:38:58.195+0000] {dag.py:4180} INFO - Setting next_dagrun for example_subdag_operator.section-1 to None, run_after=None
[2024-11-16T07:38:58.196+0000] {logging_mixin.py:190} INFO - [2024-11-16T07:38:58.196+0000] {dag.py:4180} INFO - Setting next_dagrun for example_subdag_operator.section-2 to None, run_after=None
[2024-11-16T07:38:58.203+0000] {logging_mixin.py:190} INFO - [2024-11-16T07:38:58.203+0000] {dag.py:3239} INFO - Sync 2 DAGs
[2024-11-16T07:38:58.209+0000] {logging_mixin.py:190} INFO - [2024-11-16T07:38:58.209+0000] {dag.py:4180} INFO - Setting next_dagrun for example_subdag_operator.section-1 to None, run_after=None
[2024-11-16T07:38:58.210+0000] {logging_mixin.py:190} INFO - [2024-11-16T07:38:58.209+0000] {dag.py:4180} INFO - Setting next_dagrun for example_subdag_operator.section-2 to None, run_after=None
[2024-11-16T07:38:58.222+0000] {processor.py:208} INFO - Processing /home/airflow/.local/lib/python3.12/site-packages/airflow/example_dags/example_subdag_operator.py took 0.088 seconds
[2024-11-16T07:39:28.572+0000] {processor.py:186} INFO - Started process (PID=1528) to work on /home/airflow/.local/lib/python3.12/site-packages/airflow/example_dags/example_subdag_operator.py
[2024-11-16T07:39:28.573+0000] {processor.py:914} INFO - Processing file /home/airflow/.local/lib/python3.12/site-packages/airflow/example_dags/example_subdag_operator.py for tasks to queue
[2024-11-16T07:39:28.574+0000] {logging_mixin.py:190} INFO - [2024-11-16T07:39:28.574+0000] {dagbag.py:588} INFO - Filling up the DagBag from /home/airflow/.local/lib/python3.12/site-packages/airflow/example_dags/example_subdag_operator.py
[2024-11-16T07:39:28.597+0000] {processor.py:925} INFO - DAG(s) 'example_subdag_operator.section-1', 'example_subdag_operator.section-2', 'example_subdag_operator' retrieved from /home/airflow/.local/lib/python3.12/site-packages/airflow/example_dags/example_subdag_operator.py
[2024-11-16T07:39:28.612+0000] {logging_mixin.py:190} INFO - [2024-11-16T07:39:28.612+0000] {dag.py:3239} INFO - Sync 3 DAGs
[2024-11-16T07:39:28.637+0000] {logging_mixin.py:190} INFO - [2024-11-16T07:39:28.637+0000] {dag.py:4180} INFO - Setting next_dagrun for example_subdag_operator to 2022-01-01 00:00:00+00:00, run_after=2022-01-01 00:00:00+00:00
[2024-11-16T07:39:28.641+0000] {logging_mixin.py:190} INFO - [2024-11-16T07:39:28.641+0000] {dag.py:4180} INFO - Setting next_dagrun for example_subdag_operator.section-1 to None, run_after=None
[2024-11-16T07:39:28.642+0000] {logging_mixin.py:190} INFO - [2024-11-16T07:39:28.642+0000] {dag.py:4180} INFO - Setting next_dagrun for example_subdag_operator.section-2 to None, run_after=None
[2024-11-16T07:39:28.649+0000] {logging_mixin.py:190} INFO - [2024-11-16T07:39:28.649+0000] {dag.py:3239} INFO - Sync 2 DAGs
[2024-11-16T07:39:28.655+0000] {logging_mixin.py:190} INFO - [2024-11-16T07:39:28.655+0000] {dag.py:4180} INFO - Setting next_dagrun for example_subdag_operator.section-1 to None, run_after=None
[2024-11-16T07:39:28.655+0000] {logging_mixin.py:190} INFO - [2024-11-16T07:39:28.655+0000] {dag.py:4180} INFO - Setting next_dagrun for example_subdag_operator.section-2 to None, run_after=None
[2024-11-16T07:39:28.668+0000] {processor.py:208} INFO - Processing /home/airflow/.local/lib/python3.12/site-packages/airflow/example_dags/example_subdag_operator.py took 0.100 seconds
[2024-11-16T07:39:58.907+0000] {processor.py:186} INFO - Started process (PID=1595) to work on /home/airflow/.local/lib/python3.12/site-packages/airflow/example_dags/example_subdag_operator.py
[2024-11-16T07:39:58.908+0000] {processor.py:914} INFO - Processing file /home/airflow/.local/lib/python3.12/site-packages/airflow/example_dags/example_subdag_operator.py for tasks to queue
[2024-11-16T07:39:58.909+0000] {logging_mixin.py:190} INFO - [2024-11-16T07:39:58.908+0000] {dagbag.py:588} INFO - Filling up the DagBag from /home/airflow/.local/lib/python3.12/site-packages/airflow/example_dags/example_subdag_operator.py
[2024-11-16T07:39:58.929+0000] {processor.py:925} INFO - DAG(s) 'example_subdag_operator.section-1', 'example_subdag_operator.section-2', 'example_subdag_operator' retrieved from /home/airflow/.local/lib/python3.12/site-packages/airflow/example_dags/example_subdag_operator.py
[2024-11-16T07:39:58.940+0000] {logging_mixin.py:190} INFO - [2024-11-16T07:39:58.939+0000] {dag.py:3239} INFO - Sync 3 DAGs
[2024-11-16T07:39:58.958+0000] {logging_mixin.py:190} INFO - [2024-11-16T07:39:58.958+0000] {dag.py:4180} INFO - Setting next_dagrun for example_subdag_operator to 2022-01-01 00:00:00+00:00, run_after=2022-01-01 00:00:00+00:00
[2024-11-16T07:39:58.961+0000] {logging_mixin.py:190} INFO - [2024-11-16T07:39:58.961+0000] {dag.py:4180} INFO - Setting next_dagrun for example_subdag_operator.section-1 to None, run_after=None
[2024-11-16T07:39:58.962+0000] {logging_mixin.py:190} INFO - [2024-11-16T07:39:58.962+0000] {dag.py:4180} INFO - Setting next_dagrun for example_subdag_operator.section-2 to None, run_after=None
[2024-11-16T07:39:58.967+0000] {logging_mixin.py:190} INFO - [2024-11-16T07:39:58.967+0000] {dag.py:3239} INFO - Sync 2 DAGs
[2024-11-16T07:39:58.972+0000] {logging_mixin.py:190} INFO - [2024-11-16T07:39:58.972+0000] {dag.py:4180} INFO - Setting next_dagrun for example_subdag_operator.section-1 to None, run_after=None
[2024-11-16T07:39:58.972+0000] {logging_mixin.py:190} INFO - [2024-11-16T07:39:58.972+0000] {dag.py:4180} INFO - Setting next_dagrun for example_subdag_operator.section-2 to None, run_after=None
[2024-11-16T07:39:58.983+0000] {processor.py:208} INFO - Processing /home/airflow/.local/lib/python3.12/site-packages/airflow/example_dags/example_subdag_operator.py took 0.080 seconds
