[2024-11-16T04:33:47.272+0000] {processor.py:186} INFO - Started process (PID=107) to work on /home/airflow/.local/lib/python3.12/site-packages/airflow/example_dags/example_branch_python_dop_operator_3.py
[2024-11-16T04:33:47.273+0000] {processor.py:914} INFO - Processing file /home/airflow/.local/lib/python3.12/site-packages/airflow/example_dags/example_branch_python_dop_operator_3.py for tasks to queue
[2024-11-16T04:33:47.276+0000] {logging_mixin.py:190} INFO - [2024-11-16T04:33:47.275+0000] {dagbag.py:588} INFO - Filling up the DagBag from /home/airflow/.local/lib/python3.12/site-packages/airflow/example_dags/example_branch_python_dop_operator_3.py
[2024-11-16T04:33:47.296+0000] {processor.py:925} INFO - DAG(s) 'example_branch_dop_operator_v3' retrieved from /home/airflow/.local/lib/python3.12/site-packages/airflow/example_dags/example_branch_python_dop_operator_3.py
[2024-11-16T04:33:47.347+0000] {logging_mixin.py:190} INFO - [2024-11-16T04:33:47.346+0000] {dag.py:3239} INFO - Sync 1 DAGs
[2024-11-16T04:33:47.402+0000] {logging_mixin.py:190} INFO - [2024-11-16T04:33:47.402+0000] {dag.py:4180} INFO - Setting next_dagrun for example_branch_dop_operator_v3 to 2024-11-16 04:32:00+00:00, run_after=2024-11-16 04:33:00+00:00
[2024-11-16T04:33:47.461+0000] {processor.py:208} INFO - Processing /home/airflow/.local/lib/python3.12/site-packages/airflow/example_dags/example_branch_python_dop_operator_3.py took 0.198 seconds
[2024-11-16T04:35:43.886+0000] {processor.py:186} INFO - Started process (PID=168) to work on /home/airflow/.local/lib/python3.12/site-packages/airflow/example_dags/example_branch_python_dop_operator_3.py
[2024-11-16T04:35:43.888+0000] {processor.py:914} INFO - Processing file /home/airflow/.local/lib/python3.12/site-packages/airflow/example_dags/example_branch_python_dop_operator_3.py for tasks to queue
[2024-11-16T04:35:43.893+0000] {logging_mixin.py:190} INFO - [2024-11-16T04:35:43.892+0000] {dagbag.py:588} INFO - Filling up the DagBag from /home/airflow/.local/lib/python3.12/site-packages/airflow/example_dags/example_branch_python_dop_operator_3.py
[2024-11-16T04:35:43.911+0000] {processor.py:925} INFO - DAG(s) 'example_branch_dop_operator_v3' retrieved from /home/airflow/.local/lib/python3.12/site-packages/airflow/example_dags/example_branch_python_dop_operator_3.py
[2024-11-16T04:35:43.934+0000] {logging_mixin.py:190} INFO - [2024-11-16T04:35:43.933+0000] {dag.py:3239} INFO - Sync 1 DAGs
[2024-11-16T04:35:43.977+0000] {logging_mixin.py:190} INFO - [2024-11-16T04:35:43.977+0000] {dag.py:4180} INFO - Setting next_dagrun for example_branch_dop_operator_v3 to 2024-11-16 04:34:00+00:00, run_after=2024-11-16 04:35:00+00:00
[2024-11-16T04:35:44.016+0000] {processor.py:208} INFO - Processing /home/airflow/.local/lib/python3.12/site-packages/airflow/example_dags/example_branch_python_dop_operator_3.py took 0.138 seconds
[2024-11-16T04:54:27.766+0000] {processor.py:186} INFO - Started process (PID=101) to work on /home/airflow/.local/lib/python3.12/site-packages/airflow/example_dags/example_branch_python_dop_operator_3.py
[2024-11-16T04:54:27.767+0000] {processor.py:914} INFO - Processing file /home/airflow/.local/lib/python3.12/site-packages/airflow/example_dags/example_branch_python_dop_operator_3.py for tasks to queue
[2024-11-16T04:54:27.770+0000] {logging_mixin.py:190} INFO - [2024-11-16T04:54:27.769+0000] {dagbag.py:588} INFO - Filling up the DagBag from /home/airflow/.local/lib/python3.12/site-packages/airflow/example_dags/example_branch_python_dop_operator_3.py
[2024-11-16T04:54:27.780+0000] {processor.py:925} INFO - DAG(s) 'example_branch_dop_operator_v3' retrieved from /home/airflow/.local/lib/python3.12/site-packages/airflow/example_dags/example_branch_python_dop_operator_3.py
[2024-11-16T04:54:27.900+0000] {logging_mixin.py:190} INFO - [2024-11-16T04:54:27.899+0000] {dag.py:3239} INFO - Sync 1 DAGs
[2024-11-16T04:54:27.929+0000] {logging_mixin.py:190} INFO - [2024-11-16T04:54:27.929+0000] {dag.py:4180} INFO - Setting next_dagrun for example_branch_dop_operator_v3 to 2024-11-16 04:53:00+00:00, run_after=2024-11-16 04:54:00+00:00
[2024-11-16T04:54:27.954+0000] {processor.py:208} INFO - Processing /home/airflow/.local/lib/python3.12/site-packages/airflow/example_dags/example_branch_python_dop_operator_3.py took 0.192 seconds
[2024-11-16T04:54:58.489+0000] {processor.py:186} INFO - Started process (PID=172) to work on /home/airflow/.local/lib/python3.12/site-packages/airflow/example_dags/example_branch_python_dop_operator_3.py
[2024-11-16T04:54:58.490+0000] {processor.py:914} INFO - Processing file /home/airflow/.local/lib/python3.12/site-packages/airflow/example_dags/example_branch_python_dop_operator_3.py for tasks to queue
[2024-11-16T04:54:58.492+0000] {logging_mixin.py:190} INFO - [2024-11-16T04:54:58.492+0000] {dagbag.py:588} INFO - Filling up the DagBag from /home/airflow/.local/lib/python3.12/site-packages/airflow/example_dags/example_branch_python_dop_operator_3.py
[2024-11-16T04:54:58.506+0000] {processor.py:925} INFO - DAG(s) 'example_branch_dop_operator_v3' retrieved from /home/airflow/.local/lib/python3.12/site-packages/airflow/example_dags/example_branch_python_dop_operator_3.py
[2024-11-16T04:54:58.530+0000] {logging_mixin.py:190} INFO - [2024-11-16T04:54:58.529+0000] {dag.py:3239} INFO - Sync 1 DAGs
[2024-11-16T04:54:58.569+0000] {logging_mixin.py:190} INFO - [2024-11-16T04:54:58.569+0000] {dag.py:4180} INFO - Setting next_dagrun for example_branch_dop_operator_v3 to 2024-11-16 04:53:00+00:00, run_after=2024-11-16 04:54:00+00:00
[2024-11-16T04:54:58.595+0000] {processor.py:208} INFO - Processing /home/airflow/.local/lib/python3.12/site-packages/airflow/example_dags/example_branch_python_dop_operator_3.py took 0.112 seconds
[2024-11-16T04:57:54.492+0000] {processor.py:186} INFO - Started process (PID=245) to work on /home/airflow/.local/lib/python3.12/site-packages/airflow/example_dags/example_branch_python_dop_operator_3.py
[2024-11-16T04:57:54.494+0000] {processor.py:914} INFO - Processing file /home/airflow/.local/lib/python3.12/site-packages/airflow/example_dags/example_branch_python_dop_operator_3.py for tasks to queue
[2024-11-16T04:57:54.498+0000] {logging_mixin.py:190} INFO - [2024-11-16T04:57:54.497+0000] {dagbag.py:588} INFO - Filling up the DagBag from /home/airflow/.local/lib/python3.12/site-packages/airflow/example_dags/example_branch_python_dop_operator_3.py
[2024-11-16T04:57:54.547+0000] {processor.py:925} INFO - DAG(s) 'example_branch_dop_operator_v3' retrieved from /home/airflow/.local/lib/python3.12/site-packages/airflow/example_dags/example_branch_python_dop_operator_3.py
[2024-11-16T04:57:54.574+0000] {logging_mixin.py:190} INFO - [2024-11-16T04:57:54.574+0000] {dag.py:3239} INFO - Sync 1 DAGs
[2024-11-16T04:57:54.630+0000] {logging_mixin.py:190} INFO - [2024-11-16T04:57:54.630+0000] {dag.py:4180} INFO - Setting next_dagrun for example_branch_dop_operator_v3 to 2024-11-16 04:56:00+00:00, run_after=2024-11-16 04:57:00+00:00
[2024-11-16T04:57:54.669+0000] {processor.py:208} INFO - Processing /home/airflow/.local/lib/python3.12/site-packages/airflow/example_dags/example_branch_python_dop_operator_3.py took 0.193 seconds
[2024-11-16T04:58:25.180+0000] {processor.py:186} INFO - Started process (PID=319) to work on /home/airflow/.local/lib/python3.12/site-packages/airflow/example_dags/example_branch_python_dop_operator_3.py
[2024-11-16T04:58:25.181+0000] {processor.py:914} INFO - Processing file /home/airflow/.local/lib/python3.12/site-packages/airflow/example_dags/example_branch_python_dop_operator_3.py for tasks to queue
[2024-11-16T04:58:25.182+0000] {logging_mixin.py:190} INFO - [2024-11-16T04:58:25.182+0000] {dagbag.py:588} INFO - Filling up the DagBag from /home/airflow/.local/lib/python3.12/site-packages/airflow/example_dags/example_branch_python_dop_operator_3.py
[2024-11-16T04:58:25.189+0000] {processor.py:925} INFO - DAG(s) 'example_branch_dop_operator_v3' retrieved from /home/airflow/.local/lib/python3.12/site-packages/airflow/example_dags/example_branch_python_dop_operator_3.py
[2024-11-16T04:58:25.206+0000] {logging_mixin.py:190} INFO - [2024-11-16T04:58:25.205+0000] {dag.py:3239} INFO - Sync 1 DAGs
[2024-11-16T04:58:25.234+0000] {logging_mixin.py:190} INFO - [2024-11-16T04:58:25.233+0000] {dag.py:4180} INFO - Setting next_dagrun for example_branch_dop_operator_v3 to 2024-11-16 04:57:00+00:00, run_after=2024-11-16 04:58:00+00:00
[2024-11-16T04:58:25.253+0000] {processor.py:208} INFO - Processing /home/airflow/.local/lib/python3.12/site-packages/airflow/example_dags/example_branch_python_dop_operator_3.py took 0.077 seconds
[2024-11-16T04:59:27.791+0000] {processor.py:186} INFO - Started process (PID=83) to work on /home/airflow/.local/lib/python3.12/site-packages/airflow/example_dags/example_branch_python_dop_operator_3.py
[2024-11-16T04:59:27.792+0000] {processor.py:914} INFO - Processing file /home/airflow/.local/lib/python3.12/site-packages/airflow/example_dags/example_branch_python_dop_operator_3.py for tasks to queue
[2024-11-16T04:59:27.793+0000] {logging_mixin.py:190} INFO - [2024-11-16T04:59:27.793+0000] {dagbag.py:588} INFO - Filling up the DagBag from /home/airflow/.local/lib/python3.12/site-packages/airflow/example_dags/example_branch_python_dop_operator_3.py
[2024-11-16T04:59:27.800+0000] {processor.py:925} INFO - DAG(s) 'example_branch_dop_operator_v3' retrieved from /home/airflow/.local/lib/python3.12/site-packages/airflow/example_dags/example_branch_python_dop_operator_3.py
[2024-11-16T04:59:27.814+0000] {logging_mixin.py:190} INFO - [2024-11-16T04:59:27.814+0000] {dag.py:3239} INFO - Sync 1 DAGs
[2024-11-16T04:59:27.835+0000] {logging_mixin.py:190} INFO - [2024-11-16T04:59:27.835+0000] {dag.py:4180} INFO - Setting next_dagrun for example_branch_dop_operator_v3 to 2024-11-16 04:58:00+00:00, run_after=2024-11-16 04:59:00+00:00
[2024-11-16T04:59:27.854+0000] {processor.py:208} INFO - Processing /home/airflow/.local/lib/python3.12/site-packages/airflow/example_dags/example_branch_python_dop_operator_3.py took 0.067 seconds
[2024-11-16T04:59:58.222+0000] {processor.py:186} INFO - Started process (PID=150) to work on /home/airflow/.local/lib/python3.12/site-packages/airflow/example_dags/example_branch_python_dop_operator_3.py
[2024-11-16T04:59:58.223+0000] {processor.py:914} INFO - Processing file /home/airflow/.local/lib/python3.12/site-packages/airflow/example_dags/example_branch_python_dop_operator_3.py for tasks to queue
[2024-11-16T04:59:58.225+0000] {logging_mixin.py:190} INFO - [2024-11-16T04:59:58.224+0000] {dagbag.py:588} INFO - Filling up the DagBag from /home/airflow/.local/lib/python3.12/site-packages/airflow/example_dags/example_branch_python_dop_operator_3.py
[2024-11-16T04:59:58.231+0000] {processor.py:925} INFO - DAG(s) 'example_branch_dop_operator_v3' retrieved from /home/airflow/.local/lib/python3.12/site-packages/airflow/example_dags/example_branch_python_dop_operator_3.py
[2024-11-16T04:59:58.243+0000] {logging_mixin.py:190} INFO - [2024-11-16T04:59:58.242+0000] {dag.py:3239} INFO - Sync 1 DAGs
[2024-11-16T04:59:58.259+0000] {logging_mixin.py:190} INFO - [2024-11-16T04:59:58.259+0000] {dag.py:4180} INFO - Setting next_dagrun for example_branch_dop_operator_v3 to 2024-11-16 04:58:00+00:00, run_after=2024-11-16 04:59:00+00:00
[2024-11-16T04:59:58.272+0000] {processor.py:208} INFO - Processing /home/airflow/.local/lib/python3.12/site-packages/airflow/example_dags/example_branch_python_dop_operator_3.py took 0.052 seconds
[2024-11-16T05:00:28.647+0000] {processor.py:186} INFO - Started process (PID=218) to work on /home/airflow/.local/lib/python3.12/site-packages/airflow/example_dags/example_branch_python_dop_operator_3.py
[2024-11-16T05:00:28.648+0000] {processor.py:914} INFO - Processing file /home/airflow/.local/lib/python3.12/site-packages/airflow/example_dags/example_branch_python_dop_operator_3.py for tasks to queue
[2024-11-16T05:00:28.649+0000] {logging_mixin.py:190} INFO - [2024-11-16T05:00:28.649+0000] {dagbag.py:588} INFO - Filling up the DagBag from /home/airflow/.local/lib/python3.12/site-packages/airflow/example_dags/example_branch_python_dop_operator_3.py
[2024-11-16T05:00:28.656+0000] {processor.py:925} INFO - DAG(s) 'example_branch_dop_operator_v3' retrieved from /home/airflow/.local/lib/python3.12/site-packages/airflow/example_dags/example_branch_python_dop_operator_3.py
[2024-11-16T05:00:28.671+0000] {logging_mixin.py:190} INFO - [2024-11-16T05:00:28.671+0000] {dag.py:3239} INFO - Sync 1 DAGs
[2024-11-16T05:00:28.691+0000] {logging_mixin.py:190} INFO - [2024-11-16T05:00:28.690+0000] {dag.py:4180} INFO - Setting next_dagrun for example_branch_dop_operator_v3 to 2024-11-16 04:59:00+00:00, run_after=2024-11-16 05:00:00+00:00
[2024-11-16T05:00:28.705+0000] {processor.py:208} INFO - Processing /home/airflow/.local/lib/python3.12/site-packages/airflow/example_dags/example_branch_python_dop_operator_3.py took 0.062 seconds
[2024-11-16T05:00:59.282+0000] {processor.py:186} INFO - Started process (PID=286) to work on /home/airflow/.local/lib/python3.12/site-packages/airflow/example_dags/example_branch_python_dop_operator_3.py
[2024-11-16T05:00:59.283+0000] {processor.py:914} INFO - Processing file /home/airflow/.local/lib/python3.12/site-packages/airflow/example_dags/example_branch_python_dop_operator_3.py for tasks to queue
[2024-11-16T05:00:59.284+0000] {logging_mixin.py:190} INFO - [2024-11-16T05:00:59.284+0000] {dagbag.py:588} INFO - Filling up the DagBag from /home/airflow/.local/lib/python3.12/site-packages/airflow/example_dags/example_branch_python_dop_operator_3.py
[2024-11-16T05:00:59.291+0000] {processor.py:925} INFO - DAG(s) 'example_branch_dop_operator_v3' retrieved from /home/airflow/.local/lib/python3.12/site-packages/airflow/example_dags/example_branch_python_dop_operator_3.py
[2024-11-16T05:00:59.303+0000] {logging_mixin.py:190} INFO - [2024-11-16T05:00:59.303+0000] {dag.py:3239} INFO - Sync 1 DAGs
[2024-11-16T05:00:59.319+0000] {logging_mixin.py:190} INFO - [2024-11-16T05:00:59.319+0000] {dag.py:4180} INFO - Setting next_dagrun for example_branch_dop_operator_v3 to 2024-11-16 04:59:00+00:00, run_after=2024-11-16 05:00:00+00:00
[2024-11-16T05:00:59.332+0000] {processor.py:208} INFO - Processing /home/airflow/.local/lib/python3.12/site-packages/airflow/example_dags/example_branch_python_dop_operator_3.py took 0.053 seconds
[2024-11-16T05:01:30.346+0000] {processor.py:186} INFO - Started process (PID=360) to work on /home/airflow/.local/lib/python3.12/site-packages/airflow/example_dags/example_branch_python_dop_operator_3.py
[2024-11-16T05:01:30.347+0000] {processor.py:914} INFO - Processing file /home/airflow/.local/lib/python3.12/site-packages/airflow/example_dags/example_branch_python_dop_operator_3.py for tasks to queue
[2024-11-16T05:01:30.348+0000] {logging_mixin.py:190} INFO - [2024-11-16T05:01:30.348+0000] {dagbag.py:588} INFO - Filling up the DagBag from /home/airflow/.local/lib/python3.12/site-packages/airflow/example_dags/example_branch_python_dop_operator_3.py
[2024-11-16T05:01:30.356+0000] {processor.py:925} INFO - DAG(s) 'example_branch_dop_operator_v3' retrieved from /home/airflow/.local/lib/python3.12/site-packages/airflow/example_dags/example_branch_python_dop_operator_3.py
[2024-11-16T05:01:30.369+0000] {logging_mixin.py:190} INFO - [2024-11-16T05:01:30.368+0000] {dag.py:3239} INFO - Sync 1 DAGs
[2024-11-16T05:01:30.389+0000] {logging_mixin.py:190} INFO - [2024-11-16T05:01:30.389+0000] {dag.py:4180} INFO - Setting next_dagrun for example_branch_dop_operator_v3 to 2024-11-16 05:00:00+00:00, run_after=2024-11-16 05:01:00+00:00
[2024-11-16T05:01:30.406+0000] {processor.py:208} INFO - Processing /home/airflow/.local/lib/python3.12/site-packages/airflow/example_dags/example_branch_python_dop_operator_3.py took 0.064 seconds
[2024-11-16T05:02:00.992+0000] {processor.py:186} INFO - Started process (PID=428) to work on /home/airflow/.local/lib/python3.12/site-packages/airflow/example_dags/example_branch_python_dop_operator_3.py
[2024-11-16T05:02:00.993+0000] {processor.py:914} INFO - Processing file /home/airflow/.local/lib/python3.12/site-packages/airflow/example_dags/example_branch_python_dop_operator_3.py for tasks to queue
[2024-11-16T05:02:00.994+0000] {logging_mixin.py:190} INFO - [2024-11-16T05:02:00.994+0000] {dagbag.py:588} INFO - Filling up the DagBag from /home/airflow/.local/lib/python3.12/site-packages/airflow/example_dags/example_branch_python_dop_operator_3.py
[2024-11-16T05:02:01.000+0000] {processor.py:925} INFO - DAG(s) 'example_branch_dop_operator_v3' retrieved from /home/airflow/.local/lib/python3.12/site-packages/airflow/example_dags/example_branch_python_dop_operator_3.py
[2024-11-16T05:02:01.014+0000] {logging_mixin.py:190} INFO - [2024-11-16T05:02:01.014+0000] {dag.py:3239} INFO - Sync 1 DAGs
[2024-11-16T05:02:01.031+0000] {logging_mixin.py:190} INFO - [2024-11-16T05:02:01.031+0000] {dag.py:4180} INFO - Setting next_dagrun for example_branch_dop_operator_v3 to 2024-11-16 05:01:00+00:00, run_after=2024-11-16 05:02:00+00:00
[2024-11-16T05:02:01.047+0000] {processor.py:208} INFO - Processing /home/airflow/.local/lib/python3.12/site-packages/airflow/example_dags/example_branch_python_dop_operator_3.py took 0.059 seconds
[2024-11-16T05:02:31.686+0000] {processor.py:186} INFO - Started process (PID=496) to work on /home/airflow/.local/lib/python3.12/site-packages/airflow/example_dags/example_branch_python_dop_operator_3.py
[2024-11-16T05:02:31.687+0000] {processor.py:914} INFO - Processing file /home/airflow/.local/lib/python3.12/site-packages/airflow/example_dags/example_branch_python_dop_operator_3.py for tasks to queue
[2024-11-16T05:02:31.689+0000] {logging_mixin.py:190} INFO - [2024-11-16T05:02:31.689+0000] {dagbag.py:588} INFO - Filling up the DagBag from /home/airflow/.local/lib/python3.12/site-packages/airflow/example_dags/example_branch_python_dop_operator_3.py
[2024-11-16T05:02:31.699+0000] {processor.py:925} INFO - DAG(s) 'example_branch_dop_operator_v3' retrieved from /home/airflow/.local/lib/python3.12/site-packages/airflow/example_dags/example_branch_python_dop_operator_3.py
[2024-11-16T05:02:31.727+0000] {logging_mixin.py:190} INFO - [2024-11-16T05:02:31.727+0000] {dag.py:3239} INFO - Sync 1 DAGs
[2024-11-16T05:02:31.759+0000] {logging_mixin.py:190} INFO - [2024-11-16T05:02:31.758+0000] {dag.py:4180} INFO - Setting next_dagrun for example_branch_dop_operator_v3 to 2024-11-16 05:01:00+00:00, run_after=2024-11-16 05:02:00+00:00
[2024-11-16T05:02:31.777+0000] {processor.py:208} INFO - Processing /home/airflow/.local/lib/python3.12/site-packages/airflow/example_dags/example_branch_python_dop_operator_3.py took 0.099 seconds
[2024-11-16T05:03:01.937+0000] {processor.py:186} INFO - Started process (PID=563) to work on /home/airflow/.local/lib/python3.12/site-packages/airflow/example_dags/example_branch_python_dop_operator_3.py
[2024-11-16T05:03:01.938+0000] {processor.py:914} INFO - Processing file /home/airflow/.local/lib/python3.12/site-packages/airflow/example_dags/example_branch_python_dop_operator_3.py for tasks to queue
[2024-11-16T05:03:01.942+0000] {logging_mixin.py:190} INFO - [2024-11-16T05:03:01.942+0000] {dagbag.py:588} INFO - Filling up the DagBag from /home/airflow/.local/lib/python3.12/site-packages/airflow/example_dags/example_branch_python_dop_operator_3.py
[2024-11-16T05:03:01.953+0000] {processor.py:925} INFO - DAG(s) 'example_branch_dop_operator_v3' retrieved from /home/airflow/.local/lib/python3.12/site-packages/airflow/example_dags/example_branch_python_dop_operator_3.py
[2024-11-16T05:03:01.973+0000] {logging_mixin.py:190} INFO - [2024-11-16T05:03:01.973+0000] {dag.py:3239} INFO - Sync 1 DAGs
[2024-11-16T05:03:01.990+0000] {logging_mixin.py:190} INFO - [2024-11-16T05:03:01.990+0000] {dag.py:4180} INFO - Setting next_dagrun for example_branch_dop_operator_v3 to 2024-11-16 05:02:00+00:00, run_after=2024-11-16 05:03:00+00:00
[2024-11-16T05:03:02.010+0000] {processor.py:208} INFO - Processing /home/airflow/.local/lib/python3.12/site-packages/airflow/example_dags/example_branch_python_dop_operator_3.py took 0.081 seconds
[2024-11-16T05:03:32.494+0000] {processor.py:186} INFO - Started process (PID=631) to work on /home/airflow/.local/lib/python3.12/site-packages/airflow/example_dags/example_branch_python_dop_operator_3.py
[2024-11-16T05:03:32.494+0000] {processor.py:914} INFO - Processing file /home/airflow/.local/lib/python3.12/site-packages/airflow/example_dags/example_branch_python_dop_operator_3.py for tasks to queue
[2024-11-16T05:03:32.496+0000] {logging_mixin.py:190} INFO - [2024-11-16T05:03:32.496+0000] {dagbag.py:588} INFO - Filling up the DagBag from /home/airflow/.local/lib/python3.12/site-packages/airflow/example_dags/example_branch_python_dop_operator_3.py
[2024-11-16T05:03:32.509+0000] {processor.py:925} INFO - DAG(s) 'example_branch_dop_operator_v3' retrieved from /home/airflow/.local/lib/python3.12/site-packages/airflow/example_dags/example_branch_python_dop_operator_3.py
[2024-11-16T05:03:32.540+0000] {logging_mixin.py:190} INFO - [2024-11-16T05:03:32.539+0000] {dag.py:3239} INFO - Sync 1 DAGs
[2024-11-16T05:03:32.574+0000] {logging_mixin.py:190} INFO - [2024-11-16T05:03:32.573+0000] {dag.py:4180} INFO - Setting next_dagrun for example_branch_dop_operator_v3 to 2024-11-16 05:02:00+00:00, run_after=2024-11-16 05:03:00+00:00
[2024-11-16T05:03:32.600+0000] {processor.py:208} INFO - Processing /home/airflow/.local/lib/python3.12/site-packages/airflow/example_dags/example_branch_python_dop_operator_3.py took 0.116 seconds
[2024-11-16T05:04:03.067+0000] {processor.py:186} INFO - Started process (PID=699) to work on /home/airflow/.local/lib/python3.12/site-packages/airflow/example_dags/example_branch_python_dop_operator_3.py
[2024-11-16T05:04:03.070+0000] {processor.py:914} INFO - Processing file /home/airflow/.local/lib/python3.12/site-packages/airflow/example_dags/example_branch_python_dop_operator_3.py for tasks to queue
[2024-11-16T05:04:03.073+0000] {logging_mixin.py:190} INFO - [2024-11-16T05:04:03.072+0000] {dagbag.py:588} INFO - Filling up the DagBag from /home/airflow/.local/lib/python3.12/site-packages/airflow/example_dags/example_branch_python_dop_operator_3.py
[2024-11-16T05:04:03.079+0000] {processor.py:925} INFO - DAG(s) 'example_branch_dop_operator_v3' retrieved from /home/airflow/.local/lib/python3.12/site-packages/airflow/example_dags/example_branch_python_dop_operator_3.py
[2024-11-16T05:04:03.097+0000] {logging_mixin.py:190} INFO - [2024-11-16T05:04:03.097+0000] {dag.py:3239} INFO - Sync 1 DAGs
[2024-11-16T05:04:03.117+0000] {logging_mixin.py:190} INFO - [2024-11-16T05:04:03.117+0000] {dag.py:4180} INFO - Setting next_dagrun for example_branch_dop_operator_v3 to 2024-11-16 05:03:00+00:00, run_after=2024-11-16 05:04:00+00:00
[2024-11-16T05:04:03.142+0000] {processor.py:208} INFO - Processing /home/airflow/.local/lib/python3.12/site-packages/airflow/example_dags/example_branch_python_dop_operator_3.py took 0.079 seconds
[2024-11-16T05:04:33.548+0000] {processor.py:186} INFO - Started process (PID=767) to work on /home/airflow/.local/lib/python3.12/site-packages/airflow/example_dags/example_branch_python_dop_operator_3.py
[2024-11-16T05:04:33.549+0000] {processor.py:914} INFO - Processing file /home/airflow/.local/lib/python3.12/site-packages/airflow/example_dags/example_branch_python_dop_operator_3.py for tasks to queue
[2024-11-16T05:04:33.550+0000] {logging_mixin.py:190} INFO - [2024-11-16T05:04:33.550+0000] {dagbag.py:588} INFO - Filling up the DagBag from /home/airflow/.local/lib/python3.12/site-packages/airflow/example_dags/example_branch_python_dop_operator_3.py
[2024-11-16T05:04:33.562+0000] {processor.py:925} INFO - DAG(s) 'example_branch_dop_operator_v3' retrieved from /home/airflow/.local/lib/python3.12/site-packages/airflow/example_dags/example_branch_python_dop_operator_3.py
[2024-11-16T05:04:33.576+0000] {logging_mixin.py:190} INFO - [2024-11-16T05:04:33.576+0000] {dag.py:3239} INFO - Sync 1 DAGs
[2024-11-16T05:04:33.598+0000] {logging_mixin.py:190} INFO - [2024-11-16T05:04:33.598+0000] {dag.py:4180} INFO - Setting next_dagrun for example_branch_dop_operator_v3 to 2024-11-16 05:03:00+00:00, run_after=2024-11-16 05:04:00+00:00
[2024-11-16T05:04:33.615+0000] {processor.py:208} INFO - Processing /home/airflow/.local/lib/python3.12/site-packages/airflow/example_dags/example_branch_python_dop_operator_3.py took 0.073 seconds
[2024-11-16T05:05:04.017+0000] {processor.py:186} INFO - Started process (PID=834) to work on /home/airflow/.local/lib/python3.12/site-packages/airflow/example_dags/example_branch_python_dop_operator_3.py
[2024-11-16T05:05:04.018+0000] {processor.py:914} INFO - Processing file /home/airflow/.local/lib/python3.12/site-packages/airflow/example_dags/example_branch_python_dop_operator_3.py for tasks to queue
[2024-11-16T05:05:04.023+0000] {logging_mixin.py:190} INFO - [2024-11-16T05:05:04.022+0000] {dagbag.py:588} INFO - Filling up the DagBag from /home/airflow/.local/lib/python3.12/site-packages/airflow/example_dags/example_branch_python_dop_operator_3.py
[2024-11-16T05:05:04.033+0000] {processor.py:925} INFO - DAG(s) 'example_branch_dop_operator_v3' retrieved from /home/airflow/.local/lib/python3.12/site-packages/airflow/example_dags/example_branch_python_dop_operator_3.py
[2024-11-16T05:05:04.054+0000] {logging_mixin.py:190} INFO - [2024-11-16T05:05:04.054+0000] {dag.py:3239} INFO - Sync 1 DAGs
[2024-11-16T05:05:04.082+0000] {logging_mixin.py:190} INFO - [2024-11-16T05:05:04.082+0000] {dag.py:4180} INFO - Setting next_dagrun for example_branch_dop_operator_v3 to 2024-11-16 05:04:00+00:00, run_after=2024-11-16 05:05:00+00:00
[2024-11-16T05:05:04.105+0000] {processor.py:208} INFO - Processing /home/airflow/.local/lib/python3.12/site-packages/airflow/example_dags/example_branch_python_dop_operator_3.py took 0.093 seconds
[2024-11-16T05:05:34.168+0000] {processor.py:186} INFO - Started process (PID=902) to work on /home/airflow/.local/lib/python3.12/site-packages/airflow/example_dags/example_branch_python_dop_operator_3.py
[2024-11-16T05:05:34.168+0000] {processor.py:914} INFO - Processing file /home/airflow/.local/lib/python3.12/site-packages/airflow/example_dags/example_branch_python_dop_operator_3.py for tasks to queue
[2024-11-16T05:05:34.170+0000] {logging_mixin.py:190} INFO - [2024-11-16T05:05:34.170+0000] {dagbag.py:588} INFO - Filling up the DagBag from /home/airflow/.local/lib/python3.12/site-packages/airflow/example_dags/example_branch_python_dop_operator_3.py
[2024-11-16T05:05:34.177+0000] {processor.py:925} INFO - DAG(s) 'example_branch_dop_operator_v3' retrieved from /home/airflow/.local/lib/python3.12/site-packages/airflow/example_dags/example_branch_python_dop_operator_3.py
[2024-11-16T05:05:34.188+0000] {logging_mixin.py:190} INFO - [2024-11-16T05:05:34.188+0000] {dag.py:3239} INFO - Sync 1 DAGs
[2024-11-16T05:05:34.205+0000] {logging_mixin.py:190} INFO - [2024-11-16T05:05:34.205+0000] {dag.py:4180} INFO - Setting next_dagrun for example_branch_dop_operator_v3 to 2024-11-16 05:04:00+00:00, run_after=2024-11-16 05:05:00+00:00
[2024-11-16T05:05:34.219+0000] {processor.py:208} INFO - Processing /home/airflow/.local/lib/python3.12/site-packages/airflow/example_dags/example_branch_python_dop_operator_3.py took 0.056 seconds
[2024-11-16T05:06:04.750+0000] {processor.py:186} INFO - Started process (PID=970) to work on /home/airflow/.local/lib/python3.12/site-packages/airflow/example_dags/example_branch_python_dop_operator_3.py
[2024-11-16T05:06:04.751+0000] {processor.py:914} INFO - Processing file /home/airflow/.local/lib/python3.12/site-packages/airflow/example_dags/example_branch_python_dop_operator_3.py for tasks to queue
[2024-11-16T05:06:04.753+0000] {logging_mixin.py:190} INFO - [2024-11-16T05:06:04.752+0000] {dagbag.py:588} INFO - Filling up the DagBag from /home/airflow/.local/lib/python3.12/site-packages/airflow/example_dags/example_branch_python_dop_operator_3.py
[2024-11-16T05:06:04.760+0000] {processor.py:925} INFO - DAG(s) 'example_branch_dop_operator_v3' retrieved from /home/airflow/.local/lib/python3.12/site-packages/airflow/example_dags/example_branch_python_dop_operator_3.py
[2024-11-16T05:06:04.772+0000] {logging_mixin.py:190} INFO - [2024-11-16T05:06:04.772+0000] {dag.py:3239} INFO - Sync 1 DAGs
[2024-11-16T05:06:04.792+0000] {logging_mixin.py:190} INFO - [2024-11-16T05:06:04.792+0000] {dag.py:4180} INFO - Setting next_dagrun for example_branch_dop_operator_v3 to 2024-11-16 05:05:00+00:00, run_after=2024-11-16 05:06:00+00:00
[2024-11-16T05:06:04.809+0000] {processor.py:208} INFO - Processing /home/airflow/.local/lib/python3.12/site-packages/airflow/example_dags/example_branch_python_dop_operator_3.py took 0.065 seconds
[2024-11-16T05:06:34.952+0000] {processor.py:186} INFO - Started process (PID=1038) to work on /home/airflow/.local/lib/python3.12/site-packages/airflow/example_dags/example_branch_python_dop_operator_3.py
[2024-11-16T05:06:34.953+0000] {processor.py:914} INFO - Processing file /home/airflow/.local/lib/python3.12/site-packages/airflow/example_dags/example_branch_python_dop_operator_3.py for tasks to queue
[2024-11-16T05:06:34.955+0000] {logging_mixin.py:190} INFO - [2024-11-16T05:06:34.954+0000] {dagbag.py:588} INFO - Filling up the DagBag from /home/airflow/.local/lib/python3.12/site-packages/airflow/example_dags/example_branch_python_dop_operator_3.py
[2024-11-16T05:06:34.966+0000] {processor.py:925} INFO - DAG(s) 'example_branch_dop_operator_v3' retrieved from /home/airflow/.local/lib/python3.12/site-packages/airflow/example_dags/example_branch_python_dop_operator_3.py
[2024-11-16T05:06:34.979+0000] {logging_mixin.py:190} INFO - [2024-11-16T05:06:34.979+0000] {dag.py:3239} INFO - Sync 1 DAGs
[2024-11-16T05:06:34.996+0000] {logging_mixin.py:190} INFO - [2024-11-16T05:06:34.996+0000] {dag.py:4180} INFO - Setting next_dagrun for example_branch_dop_operator_v3 to 2024-11-16 05:05:00+00:00, run_after=2024-11-16 05:06:00+00:00
[2024-11-16T05:06:35.011+0000] {processor.py:208} INFO - Processing /home/airflow/.local/lib/python3.12/site-packages/airflow/example_dags/example_branch_python_dop_operator_3.py took 0.064 seconds
[2024-11-16T05:07:05.036+0000] {processor.py:186} INFO - Started process (PID=1106) to work on /home/airflow/.local/lib/python3.12/site-packages/airflow/example_dags/example_branch_python_dop_operator_3.py
[2024-11-16T05:07:05.037+0000] {processor.py:914} INFO - Processing file /home/airflow/.local/lib/python3.12/site-packages/airflow/example_dags/example_branch_python_dop_operator_3.py for tasks to queue
[2024-11-16T05:07:05.038+0000] {logging_mixin.py:190} INFO - [2024-11-16T05:07:05.038+0000] {dagbag.py:588} INFO - Filling up the DagBag from /home/airflow/.local/lib/python3.12/site-packages/airflow/example_dags/example_branch_python_dop_operator_3.py
[2024-11-16T05:07:05.045+0000] {processor.py:925} INFO - DAG(s) 'example_branch_dop_operator_v3' retrieved from /home/airflow/.local/lib/python3.12/site-packages/airflow/example_dags/example_branch_python_dop_operator_3.py
[2024-11-16T05:07:05.061+0000] {logging_mixin.py:190} INFO - [2024-11-16T05:07:05.060+0000] {dag.py:3239} INFO - Sync 1 DAGs
[2024-11-16T05:07:05.080+0000] {logging_mixin.py:190} INFO - [2024-11-16T05:07:05.080+0000] {dag.py:4180} INFO - Setting next_dagrun for example_branch_dop_operator_v3 to 2024-11-16 05:06:00+00:00, run_after=2024-11-16 05:07:00+00:00
[2024-11-16T05:07:05.095+0000] {processor.py:208} INFO - Processing /home/airflow/.local/lib/python3.12/site-packages/airflow/example_dags/example_branch_python_dop_operator_3.py took 0.064 seconds
[2024-11-16T05:07:35.415+0000] {processor.py:186} INFO - Started process (PID=1174) to work on /home/airflow/.local/lib/python3.12/site-packages/airflow/example_dags/example_branch_python_dop_operator_3.py
[2024-11-16T05:07:35.416+0000] {processor.py:914} INFO - Processing file /home/airflow/.local/lib/python3.12/site-packages/airflow/example_dags/example_branch_python_dop_operator_3.py for tasks to queue
[2024-11-16T05:07:35.417+0000] {logging_mixin.py:190} INFO - [2024-11-16T05:07:35.417+0000] {dagbag.py:588} INFO - Filling up the DagBag from /home/airflow/.local/lib/python3.12/site-packages/airflow/example_dags/example_branch_python_dop_operator_3.py
[2024-11-16T05:07:35.427+0000] {processor.py:925} INFO - DAG(s) 'example_branch_dop_operator_v3' retrieved from /home/airflow/.local/lib/python3.12/site-packages/airflow/example_dags/example_branch_python_dop_operator_3.py
[2024-11-16T05:07:35.444+0000] {logging_mixin.py:190} INFO - [2024-11-16T05:07:35.444+0000] {dag.py:3239} INFO - Sync 1 DAGs
[2024-11-16T05:07:35.467+0000] {logging_mixin.py:190} INFO - [2024-11-16T05:07:35.467+0000] {dag.py:4180} INFO - Setting next_dagrun for example_branch_dop_operator_v3 to 2024-11-16 05:06:00+00:00, run_after=2024-11-16 05:07:00+00:00
[2024-11-16T05:07:35.490+0000] {processor.py:208} INFO - Processing /home/airflow/.local/lib/python3.12/site-packages/airflow/example_dags/example_branch_python_dop_operator_3.py took 0.083 seconds
[2024-11-16T05:08:05.568+0000] {processor.py:186} INFO - Started process (PID=1242) to work on /home/airflow/.local/lib/python3.12/site-packages/airflow/example_dags/example_branch_python_dop_operator_3.py
[2024-11-16T05:08:05.569+0000] {processor.py:914} INFO - Processing file /home/airflow/.local/lib/python3.12/site-packages/airflow/example_dags/example_branch_python_dop_operator_3.py for tasks to queue
[2024-11-16T05:08:05.571+0000] {logging_mixin.py:190} INFO - [2024-11-16T05:08:05.570+0000] {dagbag.py:588} INFO - Filling up the DagBag from /home/airflow/.local/lib/python3.12/site-packages/airflow/example_dags/example_branch_python_dop_operator_3.py
[2024-11-16T05:08:05.578+0000] {processor.py:925} INFO - DAG(s) 'example_branch_dop_operator_v3' retrieved from /home/airflow/.local/lib/python3.12/site-packages/airflow/example_dags/example_branch_python_dop_operator_3.py
[2024-11-16T05:08:05.594+0000] {logging_mixin.py:190} INFO - [2024-11-16T05:08:05.594+0000] {dag.py:3239} INFO - Sync 1 DAGs
[2024-11-16T05:08:05.616+0000] {logging_mixin.py:190} INFO - [2024-11-16T05:08:05.616+0000] {dag.py:4180} INFO - Setting next_dagrun for example_branch_dop_operator_v3 to 2024-11-16 05:07:00+00:00, run_after=2024-11-16 05:08:00+00:00
[2024-11-16T05:08:05.633+0000] {processor.py:208} INFO - Processing /home/airflow/.local/lib/python3.12/site-packages/airflow/example_dags/example_branch_python_dop_operator_3.py took 0.069 seconds
[2024-11-16T05:08:35.817+0000] {processor.py:186} INFO - Started process (PID=1310) to work on /home/airflow/.local/lib/python3.12/site-packages/airflow/example_dags/example_branch_python_dop_operator_3.py
[2024-11-16T05:08:35.817+0000] {processor.py:914} INFO - Processing file /home/airflow/.local/lib/python3.12/site-packages/airflow/example_dags/example_branch_python_dop_operator_3.py for tasks to queue
[2024-11-16T05:08:35.819+0000] {logging_mixin.py:190} INFO - [2024-11-16T05:08:35.819+0000] {dagbag.py:588} INFO - Filling up the DagBag from /home/airflow/.local/lib/python3.12/site-packages/airflow/example_dags/example_branch_python_dop_operator_3.py
[2024-11-16T05:08:35.826+0000] {processor.py:925} INFO - DAG(s) 'example_branch_dop_operator_v3' retrieved from /home/airflow/.local/lib/python3.12/site-packages/airflow/example_dags/example_branch_python_dop_operator_3.py
[2024-11-16T05:08:35.838+0000] {logging_mixin.py:190} INFO - [2024-11-16T05:08:35.838+0000] {dag.py:3239} INFO - Sync 1 DAGs
[2024-11-16T05:08:35.855+0000] {logging_mixin.py:190} INFO - [2024-11-16T05:08:35.855+0000] {dag.py:4180} INFO - Setting next_dagrun for example_branch_dop_operator_v3 to 2024-11-16 05:07:00+00:00, run_after=2024-11-16 05:08:00+00:00
[2024-11-16T05:08:35.869+0000] {processor.py:208} INFO - Processing /home/airflow/.local/lib/python3.12/site-packages/airflow/example_dags/example_branch_python_dop_operator_3.py took 0.057 seconds
[2024-11-16T05:09:06.056+0000] {processor.py:186} INFO - Started process (PID=1378) to work on /home/airflow/.local/lib/python3.12/site-packages/airflow/example_dags/example_branch_python_dop_operator_3.py
[2024-11-16T05:09:06.057+0000] {processor.py:914} INFO - Processing file /home/airflow/.local/lib/python3.12/site-packages/airflow/example_dags/example_branch_python_dop_operator_3.py for tasks to queue
[2024-11-16T05:09:06.059+0000] {logging_mixin.py:190} INFO - [2024-11-16T05:09:06.058+0000] {dagbag.py:588} INFO - Filling up the DagBag from /home/airflow/.local/lib/python3.12/site-packages/airflow/example_dags/example_branch_python_dop_operator_3.py
[2024-11-16T05:09:06.069+0000] {processor.py:925} INFO - DAG(s) 'example_branch_dop_operator_v3' retrieved from /home/airflow/.local/lib/python3.12/site-packages/airflow/example_dags/example_branch_python_dop_operator_3.py
[2024-11-16T05:09:06.081+0000] {logging_mixin.py:190} INFO - [2024-11-16T05:09:06.080+0000] {dag.py:3239} INFO - Sync 1 DAGs
[2024-11-16T05:09:06.099+0000] {logging_mixin.py:190} INFO - [2024-11-16T05:09:06.098+0000] {dag.py:4180} INFO - Setting next_dagrun for example_branch_dop_operator_v3 to 2024-11-16 05:08:00+00:00, run_after=2024-11-16 05:09:00+00:00
[2024-11-16T05:09:06.112+0000] {processor.py:208} INFO - Processing /home/airflow/.local/lib/python3.12/site-packages/airflow/example_dags/example_branch_python_dop_operator_3.py took 0.060 seconds
[2024-11-16T05:09:36.467+0000] {processor.py:186} INFO - Started process (PID=1446) to work on /home/airflow/.local/lib/python3.12/site-packages/airflow/example_dags/example_branch_python_dop_operator_3.py
[2024-11-16T05:09:36.468+0000] {processor.py:914} INFO - Processing file /home/airflow/.local/lib/python3.12/site-packages/airflow/example_dags/example_branch_python_dop_operator_3.py for tasks to queue
[2024-11-16T05:09:36.469+0000] {logging_mixin.py:190} INFO - [2024-11-16T05:09:36.469+0000] {dagbag.py:588} INFO - Filling up the DagBag from /home/airflow/.local/lib/python3.12/site-packages/airflow/example_dags/example_branch_python_dop_operator_3.py
[2024-11-16T05:09:36.476+0000] {processor.py:925} INFO - DAG(s) 'example_branch_dop_operator_v3' retrieved from /home/airflow/.local/lib/python3.12/site-packages/airflow/example_dags/example_branch_python_dop_operator_3.py
[2024-11-16T05:09:36.489+0000] {logging_mixin.py:190} INFO - [2024-11-16T05:09:36.488+0000] {dag.py:3239} INFO - Sync 1 DAGs
[2024-11-16T05:09:36.508+0000] {logging_mixin.py:190} INFO - [2024-11-16T05:09:36.508+0000] {dag.py:4180} INFO - Setting next_dagrun for example_branch_dop_operator_v3 to 2024-11-16 05:08:00+00:00, run_after=2024-11-16 05:09:00+00:00
[2024-11-16T05:09:36.526+0000] {processor.py:208} INFO - Processing /home/airflow/.local/lib/python3.12/site-packages/airflow/example_dags/example_branch_python_dop_operator_3.py took 0.063 seconds
[2024-11-16T05:10:07.002+0000] {processor.py:186} INFO - Started process (PID=1514) to work on /home/airflow/.local/lib/python3.12/site-packages/airflow/example_dags/example_branch_python_dop_operator_3.py
[2024-11-16T05:10:07.003+0000] {processor.py:914} INFO - Processing file /home/airflow/.local/lib/python3.12/site-packages/airflow/example_dags/example_branch_python_dop_operator_3.py for tasks to queue
[2024-11-16T05:10:07.005+0000] {logging_mixin.py:190} INFO - [2024-11-16T05:10:07.004+0000] {dagbag.py:588} INFO - Filling up the DagBag from /home/airflow/.local/lib/python3.12/site-packages/airflow/example_dags/example_branch_python_dop_operator_3.py
[2024-11-16T05:10:07.012+0000] {processor.py:925} INFO - DAG(s) 'example_branch_dop_operator_v3' retrieved from /home/airflow/.local/lib/python3.12/site-packages/airflow/example_dags/example_branch_python_dop_operator_3.py
[2024-11-16T05:10:07.027+0000] {logging_mixin.py:190} INFO - [2024-11-16T05:10:07.027+0000] {dag.py:3239} INFO - Sync 1 DAGs
[2024-11-16T05:10:07.049+0000] {logging_mixin.py:190} INFO - [2024-11-16T05:10:07.048+0000] {dag.py:4180} INFO - Setting next_dagrun for example_branch_dop_operator_v3 to 2024-11-16 05:09:00+00:00, run_after=2024-11-16 05:10:00+00:00
[2024-11-16T05:10:07.070+0000] {processor.py:208} INFO - Processing /home/airflow/.local/lib/python3.12/site-packages/airflow/example_dags/example_branch_python_dop_operator_3.py took 0.073 seconds
[2024-11-16T05:11:28.278+0000] {processor.py:186} INFO - Started process (PID=103) to work on /home/airflow/.local/lib/python3.12/site-packages/airflow/example_dags/example_branch_python_dop_operator_3.py
[2024-11-16T05:11:28.279+0000] {processor.py:914} INFO - Processing file /home/airflow/.local/lib/python3.12/site-packages/airflow/example_dags/example_branch_python_dop_operator_3.py for tasks to queue
[2024-11-16T05:11:28.281+0000] {logging_mixin.py:190} INFO - [2024-11-16T05:11:28.281+0000] {dagbag.py:588} INFO - Filling up the DagBag from /home/airflow/.local/lib/python3.12/site-packages/airflow/example_dags/example_branch_python_dop_operator_3.py
[2024-11-16T05:11:28.290+0000] {processor.py:925} INFO - DAG(s) 'example_branch_dop_operator_v3' retrieved from /home/airflow/.local/lib/python3.12/site-packages/airflow/example_dags/example_branch_python_dop_operator_3.py
[2024-11-16T05:11:28.306+0000] {logging_mixin.py:190} INFO - [2024-11-16T05:11:28.306+0000] {dag.py:3239} INFO - Sync 1 DAGs
[2024-11-16T05:11:28.329+0000] {logging_mixin.py:190} INFO - [2024-11-16T05:11:28.329+0000] {dag.py:4180} INFO - Setting next_dagrun for example_branch_dop_operator_v3 to 2024-11-16 05:10:00+00:00, run_after=2024-11-16 05:11:00+00:00
[2024-11-16T05:11:28.350+0000] {processor.py:208} INFO - Processing /home/airflow/.local/lib/python3.12/site-packages/airflow/example_dags/example_branch_python_dop_operator_3.py took 0.077 seconds
[2024-11-16T05:11:58.572+0000] {processor.py:186} INFO - Started process (PID=170) to work on /home/airflow/.local/lib/python3.12/site-packages/airflow/example_dags/example_branch_python_dop_operator_3.py
[2024-11-16T05:11:58.573+0000] {processor.py:914} INFO - Processing file /home/airflow/.local/lib/python3.12/site-packages/airflow/example_dags/example_branch_python_dop_operator_3.py for tasks to queue
[2024-11-16T05:11:58.574+0000] {logging_mixin.py:190} INFO - [2024-11-16T05:11:58.574+0000] {dagbag.py:588} INFO - Filling up the DagBag from /home/airflow/.local/lib/python3.12/site-packages/airflow/example_dags/example_branch_python_dop_operator_3.py
[2024-11-16T05:11:58.581+0000] {processor.py:925} INFO - DAG(s) 'example_branch_dop_operator_v3' retrieved from /home/airflow/.local/lib/python3.12/site-packages/airflow/example_dags/example_branch_python_dop_operator_3.py
[2024-11-16T05:11:58.596+0000] {logging_mixin.py:190} INFO - [2024-11-16T05:11:58.595+0000] {dag.py:3239} INFO - Sync 1 DAGs
[2024-11-16T05:11:58.616+0000] {logging_mixin.py:190} INFO - [2024-11-16T05:11:58.616+0000] {dag.py:4180} INFO - Setting next_dagrun for example_branch_dop_operator_v3 to 2024-11-16 05:10:00+00:00, run_after=2024-11-16 05:11:00+00:00
[2024-11-16T05:11:58.632+0000] {processor.py:208} INFO - Processing /home/airflow/.local/lib/python3.12/site-packages/airflow/example_dags/example_branch_python_dop_operator_3.py took 0.064 seconds
[2024-11-16T05:12:29.871+0000] {processor.py:186} INFO - Started process (PID=238) to work on /home/airflow/.local/lib/python3.12/site-packages/airflow/example_dags/example_branch_python_dop_operator_3.py
[2024-11-16T05:12:29.871+0000] {processor.py:914} INFO - Processing file /home/airflow/.local/lib/python3.12/site-packages/airflow/example_dags/example_branch_python_dop_operator_3.py for tasks to queue
[2024-11-16T05:12:29.873+0000] {logging_mixin.py:190} INFO - [2024-11-16T05:12:29.872+0000] {dagbag.py:588} INFO - Filling up the DagBag from /home/airflow/.local/lib/python3.12/site-packages/airflow/example_dags/example_branch_python_dop_operator_3.py
[2024-11-16T05:12:29.880+0000] {processor.py:925} INFO - DAG(s) 'example_branch_dop_operator_v3' retrieved from /home/airflow/.local/lib/python3.12/site-packages/airflow/example_dags/example_branch_python_dop_operator_3.py
[2024-11-16T05:12:29.892+0000] {logging_mixin.py:190} INFO - [2024-11-16T05:12:29.892+0000] {dag.py:3239} INFO - Sync 1 DAGs
[2024-11-16T05:12:29.913+0000] {logging_mixin.py:190} INFO - [2024-11-16T05:12:29.913+0000] {dag.py:4180} INFO - Setting next_dagrun for example_branch_dop_operator_v3 to 2024-11-16 05:11:00+00:00, run_after=2024-11-16 05:12:00+00:00
[2024-11-16T05:12:29.930+0000] {processor.py:208} INFO - Processing /home/airflow/.local/lib/python3.12/site-packages/airflow/example_dags/example_branch_python_dop_operator_3.py took 0.063 seconds
[2024-11-16T05:14:13.458+0000] {processor.py:186} INFO - Started process (PID=87) to work on /home/airflow/.local/lib/python3.12/site-packages/airflow/example_dags/example_branch_python_dop_operator_3.py
[2024-11-16T05:14:13.459+0000] {processor.py:914} INFO - Processing file /home/airflow/.local/lib/python3.12/site-packages/airflow/example_dags/example_branch_python_dop_operator_3.py for tasks to queue
[2024-11-16T05:14:13.461+0000] {logging_mixin.py:190} INFO - [2024-11-16T05:14:13.461+0000] {dagbag.py:588} INFO - Filling up the DagBag from /home/airflow/.local/lib/python3.12/site-packages/airflow/example_dags/example_branch_python_dop_operator_3.py
[2024-11-16T05:14:13.469+0000] {processor.py:925} INFO - DAG(s) 'example_branch_dop_operator_v3' retrieved from /home/airflow/.local/lib/python3.12/site-packages/airflow/example_dags/example_branch_python_dop_operator_3.py
[2024-11-16T05:14:13.486+0000] {logging_mixin.py:190} INFO - [2024-11-16T05:14:13.486+0000] {dag.py:3239} INFO - Sync 1 DAGs
[2024-11-16T05:14:13.509+0000] {logging_mixin.py:190} INFO - [2024-11-16T05:14:13.509+0000] {dag.py:4180} INFO - Setting next_dagrun for example_branch_dop_operator_v3 to 2024-11-16 05:13:00+00:00, run_after=2024-11-16 05:14:00+00:00
[2024-11-16T05:14:13.530+0000] {processor.py:208} INFO - Processing /home/airflow/.local/lib/python3.12/site-packages/airflow/example_dags/example_branch_python_dop_operator_3.py took 0.077 seconds
[2024-11-16T05:14:44.175+0000] {processor.py:186} INFO - Started process (PID=160) to work on /home/airflow/.local/lib/python3.12/site-packages/airflow/example_dags/example_branch_python_dop_operator_3.py
[2024-11-16T05:14:44.175+0000] {processor.py:914} INFO - Processing file /home/airflow/.local/lib/python3.12/site-packages/airflow/example_dags/example_branch_python_dop_operator_3.py for tasks to queue
[2024-11-16T05:14:44.177+0000] {logging_mixin.py:190} INFO - [2024-11-16T05:14:44.177+0000] {dagbag.py:588} INFO - Filling up the DagBag from /home/airflow/.local/lib/python3.12/site-packages/airflow/example_dags/example_branch_python_dop_operator_3.py
[2024-11-16T05:14:44.184+0000] {processor.py:925} INFO - DAG(s) 'example_branch_dop_operator_v3' retrieved from /home/airflow/.local/lib/python3.12/site-packages/airflow/example_dags/example_branch_python_dop_operator_3.py
[2024-11-16T05:14:44.196+0000] {logging_mixin.py:190} INFO - [2024-11-16T05:14:44.196+0000] {dag.py:3239} INFO - Sync 1 DAGs
[2024-11-16T05:14:44.215+0000] {logging_mixin.py:190} INFO - [2024-11-16T05:14:44.215+0000] {dag.py:4180} INFO - Setting next_dagrun for example_branch_dop_operator_v3 to 2024-11-16 05:13:00+00:00, run_after=2024-11-16 05:14:00+00:00
[2024-11-16T05:14:44.229+0000] {processor.py:208} INFO - Processing /home/airflow/.local/lib/python3.12/site-packages/airflow/example_dags/example_branch_python_dop_operator_3.py took 0.058 seconds
[2024-11-16T05:15:14.923+0000] {processor.py:186} INFO - Started process (PID=229) to work on /home/airflow/.local/lib/python3.12/site-packages/airflow/example_dags/example_branch_python_dop_operator_3.py
[2024-11-16T05:15:14.923+0000] {processor.py:914} INFO - Processing file /home/airflow/.local/lib/python3.12/site-packages/airflow/example_dags/example_branch_python_dop_operator_3.py for tasks to queue
[2024-11-16T05:15:14.925+0000] {logging_mixin.py:190} INFO - [2024-11-16T05:15:14.925+0000] {dagbag.py:588} INFO - Filling up the DagBag from /home/airflow/.local/lib/python3.12/site-packages/airflow/example_dags/example_branch_python_dop_operator_3.py
[2024-11-16T05:15:14.931+0000] {processor.py:925} INFO - DAG(s) 'example_branch_dop_operator_v3' retrieved from /home/airflow/.local/lib/python3.12/site-packages/airflow/example_dags/example_branch_python_dop_operator_3.py
[2024-11-16T05:15:14.944+0000] {logging_mixin.py:190} INFO - [2024-11-16T05:15:14.944+0000] {dag.py:3239} INFO - Sync 1 DAGs
[2024-11-16T05:15:14.962+0000] {logging_mixin.py:190} INFO - [2024-11-16T05:15:14.962+0000] {dag.py:4180} INFO - Setting next_dagrun for example_branch_dop_operator_v3 to 2024-11-16 05:14:00+00:00, run_after=2024-11-16 05:15:00+00:00
[2024-11-16T05:15:14.976+0000] {processor.py:208} INFO - Processing /home/airflow/.local/lib/python3.12/site-packages/airflow/example_dags/example_branch_python_dop_operator_3.py took 0.057 seconds
[2024-11-16T05:15:45.633+0000] {processor.py:186} INFO - Started process (PID=297) to work on /home/airflow/.local/lib/python3.12/site-packages/airflow/example_dags/example_branch_python_dop_operator_3.py
[2024-11-16T05:15:45.634+0000] {processor.py:914} INFO - Processing file /home/airflow/.local/lib/python3.12/site-packages/airflow/example_dags/example_branch_python_dop_operator_3.py for tasks to queue
[2024-11-16T05:15:45.637+0000] {logging_mixin.py:190} INFO - [2024-11-16T05:15:45.636+0000] {dagbag.py:588} INFO - Filling up the DagBag from /home/airflow/.local/lib/python3.12/site-packages/airflow/example_dags/example_branch_python_dop_operator_3.py
[2024-11-16T05:15:45.650+0000] {processor.py:925} INFO - DAG(s) 'example_branch_dop_operator_v3' retrieved from /home/airflow/.local/lib/python3.12/site-packages/airflow/example_dags/example_branch_python_dop_operator_3.py
[2024-11-16T05:15:45.675+0000] {logging_mixin.py:190} INFO - [2024-11-16T05:15:45.675+0000] {dag.py:3239} INFO - Sync 1 DAGs
[2024-11-16T05:15:45.711+0000] {logging_mixin.py:190} INFO - [2024-11-16T05:15:45.711+0000] {dag.py:4180} INFO - Setting next_dagrun for example_branch_dop_operator_v3 to 2024-11-16 05:14:00+00:00, run_after=2024-11-16 05:15:00+00:00
[2024-11-16T05:15:45.737+0000] {processor.py:208} INFO - Processing /home/airflow/.local/lib/python3.12/site-packages/airflow/example_dags/example_branch_python_dop_operator_3.py took 0.111 seconds
[2024-11-16T05:16:15.838+0000] {processor.py:186} INFO - Started process (PID=365) to work on /home/airflow/.local/lib/python3.12/site-packages/airflow/example_dags/example_branch_python_dop_operator_3.py
[2024-11-16T05:16:15.839+0000] {processor.py:914} INFO - Processing file /home/airflow/.local/lib/python3.12/site-packages/airflow/example_dags/example_branch_python_dop_operator_3.py for tasks to queue
[2024-11-16T05:16:15.842+0000] {logging_mixin.py:190} INFO - [2024-11-16T05:16:15.842+0000] {dagbag.py:588} INFO - Filling up the DagBag from /home/airflow/.local/lib/python3.12/site-packages/airflow/example_dags/example_branch_python_dop_operator_3.py
[2024-11-16T05:16:15.855+0000] {processor.py:925} INFO - DAG(s) 'example_branch_dop_operator_v3' retrieved from /home/airflow/.local/lib/python3.12/site-packages/airflow/example_dags/example_branch_python_dop_operator_3.py
[2024-11-16T05:16:15.876+0000] {logging_mixin.py:190} INFO - [2024-11-16T05:16:15.875+0000] {dag.py:3239} INFO - Sync 1 DAGs
[2024-11-16T05:16:15.923+0000] {logging_mixin.py:190} INFO - [2024-11-16T05:16:15.923+0000] {dag.py:4180} INFO - Setting next_dagrun for example_branch_dop_operator_v3 to 2024-11-16 05:15:00+00:00, run_after=2024-11-16 05:16:00+00:00
[2024-11-16T05:16:15.944+0000] {processor.py:208} INFO - Processing /home/airflow/.local/lib/python3.12/site-packages/airflow/example_dags/example_branch_python_dop_operator_3.py took 0.112 seconds
[2024-11-16T05:16:46.379+0000] {processor.py:186} INFO - Started process (PID=433) to work on /home/airflow/.local/lib/python3.12/site-packages/airflow/example_dags/example_branch_python_dop_operator_3.py
[2024-11-16T05:16:46.380+0000] {processor.py:914} INFO - Processing file /home/airflow/.local/lib/python3.12/site-packages/airflow/example_dags/example_branch_python_dop_operator_3.py for tasks to queue
[2024-11-16T05:16:46.381+0000] {logging_mixin.py:190} INFO - [2024-11-16T05:16:46.381+0000] {dagbag.py:588} INFO - Filling up the DagBag from /home/airflow/.local/lib/python3.12/site-packages/airflow/example_dags/example_branch_python_dop_operator_3.py
[2024-11-16T05:16:46.392+0000] {processor.py:925} INFO - DAG(s) 'example_branch_dop_operator_v3' retrieved from /home/airflow/.local/lib/python3.12/site-packages/airflow/example_dags/example_branch_python_dop_operator_3.py
[2024-11-16T05:16:46.412+0000] {logging_mixin.py:190} INFO - [2024-11-16T05:16:46.411+0000] {dag.py:3239} INFO - Sync 1 DAGs
[2024-11-16T05:16:46.438+0000] {logging_mixin.py:190} INFO - [2024-11-16T05:16:46.438+0000] {dag.py:4180} INFO - Setting next_dagrun for example_branch_dop_operator_v3 to 2024-11-16 05:15:00+00:00, run_after=2024-11-16 05:16:00+00:00
[2024-11-16T05:16:46.455+0000] {processor.py:208} INFO - Processing /home/airflow/.local/lib/python3.12/site-packages/airflow/example_dags/example_branch_python_dop_operator_3.py took 0.081 seconds
[2024-11-16T05:17:34.667+0000] {processor.py:186} INFO - Started process (PID=503) to work on /home/airflow/.local/lib/python3.12/site-packages/airflow/example_dags/example_branch_python_dop_operator_3.py
[2024-11-16T05:17:34.668+0000] {processor.py:914} INFO - Processing file /home/airflow/.local/lib/python3.12/site-packages/airflow/example_dags/example_branch_python_dop_operator_3.py for tasks to queue
[2024-11-16T05:17:34.670+0000] {logging_mixin.py:190} INFO - [2024-11-16T05:17:34.670+0000] {dagbag.py:588} INFO - Filling up the DagBag from /home/airflow/.local/lib/python3.12/site-packages/airflow/example_dags/example_branch_python_dop_operator_3.py
[2024-11-16T05:17:34.681+0000] {processor.py:925} INFO - DAG(s) 'example_branch_dop_operator_v3' retrieved from /home/airflow/.local/lib/python3.12/site-packages/airflow/example_dags/example_branch_python_dop_operator_3.py
[2024-11-16T05:17:34.697+0000] {logging_mixin.py:190} INFO - [2024-11-16T05:17:34.697+0000] {dag.py:3239} INFO - Sync 1 DAGs
[2024-11-16T05:17:34.723+0000] {logging_mixin.py:190} INFO - [2024-11-16T05:17:34.723+0000] {dag.py:4180} INFO - Setting next_dagrun for example_branch_dop_operator_v3 to 2024-11-16 05:16:00+00:00, run_after=2024-11-16 05:17:00+00:00
[2024-11-16T05:17:34.743+0000] {processor.py:208} INFO - Processing /home/airflow/.local/lib/python3.12/site-packages/airflow/example_dags/example_branch_python_dop_operator_3.py took 0.080 seconds
[2024-11-16T05:18:05.540+0000] {processor.py:186} INFO - Started process (PID=570) to work on /home/airflow/.local/lib/python3.12/site-packages/airflow/example_dags/example_branch_python_dop_operator_3.py
[2024-11-16T05:18:05.541+0000] {processor.py:914} INFO - Processing file /home/airflow/.local/lib/python3.12/site-packages/airflow/example_dags/example_branch_python_dop_operator_3.py for tasks to queue
[2024-11-16T05:18:05.545+0000] {logging_mixin.py:190} INFO - [2024-11-16T05:18:05.544+0000] {dagbag.py:588} INFO - Filling up the DagBag from /home/airflow/.local/lib/python3.12/site-packages/airflow/example_dags/example_branch_python_dop_operator_3.py
[2024-11-16T05:18:05.557+0000] {processor.py:925} INFO - DAG(s) 'example_branch_dop_operator_v3' retrieved from /home/airflow/.local/lib/python3.12/site-packages/airflow/example_dags/example_branch_python_dop_operator_3.py
[2024-11-16T05:18:05.576+0000] {logging_mixin.py:190} INFO - [2024-11-16T05:18:05.576+0000] {dag.py:3239} INFO - Sync 1 DAGs
[2024-11-16T05:18:05.612+0000] {logging_mixin.py:190} INFO - [2024-11-16T05:18:05.612+0000] {dag.py:4180} INFO - Setting next_dagrun for example_branch_dop_operator_v3 to 2024-11-16 05:17:00+00:00, run_after=2024-11-16 05:18:00+00:00
[2024-11-16T05:18:05.637+0000] {processor.py:208} INFO - Processing /home/airflow/.local/lib/python3.12/site-packages/airflow/example_dags/example_branch_python_dop_operator_3.py took 0.105 seconds
[2024-11-16T05:18:35.922+0000] {processor.py:186} INFO - Started process (PID=638) to work on /home/airflow/.local/lib/python3.12/site-packages/airflow/example_dags/example_branch_python_dop_operator_3.py
[2024-11-16T05:18:35.922+0000] {processor.py:914} INFO - Processing file /home/airflow/.local/lib/python3.12/site-packages/airflow/example_dags/example_branch_python_dop_operator_3.py for tasks to queue
[2024-11-16T05:18:35.924+0000] {logging_mixin.py:190} INFO - [2024-11-16T05:18:35.924+0000] {dagbag.py:588} INFO - Filling up the DagBag from /home/airflow/.local/lib/python3.12/site-packages/airflow/example_dags/example_branch_python_dop_operator_3.py
[2024-11-16T05:18:35.930+0000] {processor.py:925} INFO - DAG(s) 'example_branch_dop_operator_v3' retrieved from /home/airflow/.local/lib/python3.12/site-packages/airflow/example_dags/example_branch_python_dop_operator_3.py
[2024-11-16T05:18:35.942+0000] {logging_mixin.py:190} INFO - [2024-11-16T05:18:35.942+0000] {dag.py:3239} INFO - Sync 1 DAGs
[2024-11-16T05:18:35.958+0000] {logging_mixin.py:190} INFO - [2024-11-16T05:18:35.957+0000] {dag.py:4180} INFO - Setting next_dagrun for example_branch_dop_operator_v3 to 2024-11-16 05:17:00+00:00, run_after=2024-11-16 05:18:00+00:00
[2024-11-16T05:18:35.969+0000] {processor.py:208} INFO - Processing /home/airflow/.local/lib/python3.12/site-packages/airflow/example_dags/example_branch_python_dop_operator_3.py took 0.051 seconds
[2024-11-16T05:20:42.566+0000] {processor.py:186} INFO - Started process (PID=88) to work on /home/airflow/.local/lib/python3.12/site-packages/airflow/example_dags/example_branch_python_dop_operator_3.py
[2024-11-16T05:20:42.567+0000] {processor.py:914} INFO - Processing file /home/airflow/.local/lib/python3.12/site-packages/airflow/example_dags/example_branch_python_dop_operator_3.py for tasks to queue
[2024-11-16T05:20:42.569+0000] {logging_mixin.py:190} INFO - [2024-11-16T05:20:42.568+0000] {dagbag.py:588} INFO - Filling up the DagBag from /home/airflow/.local/lib/python3.12/site-packages/airflow/example_dags/example_branch_python_dop_operator_3.py
[2024-11-16T05:20:42.577+0000] {processor.py:925} INFO - DAG(s) 'example_branch_dop_operator_v3' retrieved from /home/airflow/.local/lib/python3.12/site-packages/airflow/example_dags/example_branch_python_dop_operator_3.py
[2024-11-16T05:20:42.595+0000] {logging_mixin.py:190} INFO - [2024-11-16T05:20:42.594+0000] {dag.py:3239} INFO - Sync 1 DAGs
[2024-11-16T05:20:42.620+0000] {logging_mixin.py:190} INFO - [2024-11-16T05:20:42.619+0000] {dag.py:4180} INFO - Setting next_dagrun for example_branch_dop_operator_v3 to 2024-11-16 05:19:00+00:00, run_after=2024-11-16 05:20:00+00:00
[2024-11-16T05:20:42.640+0000] {processor.py:208} INFO - Processing /home/airflow/.local/lib/python3.12/site-packages/airflow/example_dags/example_branch_python_dop_operator_3.py took 0.079 seconds
[2024-11-16T05:21:12.685+0000] {processor.py:186} INFO - Started process (PID=155) to work on /home/airflow/.local/lib/python3.12/site-packages/airflow/example_dags/example_branch_python_dop_operator_3.py
[2024-11-16T05:21:12.686+0000] {processor.py:914} INFO - Processing file /home/airflow/.local/lib/python3.12/site-packages/airflow/example_dags/example_branch_python_dop_operator_3.py for tasks to queue
[2024-11-16T05:21:12.687+0000] {logging_mixin.py:190} INFO - [2024-11-16T05:21:12.687+0000] {dagbag.py:588} INFO - Filling up the DagBag from /home/airflow/.local/lib/python3.12/site-packages/airflow/example_dags/example_branch_python_dop_operator_3.py
[2024-11-16T05:21:12.695+0000] {processor.py:925} INFO - DAG(s) 'example_branch_dop_operator_v3' retrieved from /home/airflow/.local/lib/python3.12/site-packages/airflow/example_dags/example_branch_python_dop_operator_3.py
[2024-11-16T05:21:12.707+0000] {logging_mixin.py:190} INFO - [2024-11-16T05:21:12.707+0000] {dag.py:3239} INFO - Sync 1 DAGs
[2024-11-16T05:21:12.723+0000] {logging_mixin.py:190} INFO - [2024-11-16T05:21:12.723+0000] {dag.py:4180} INFO - Setting next_dagrun for example_branch_dop_operator_v3 to 2024-11-16 05:20:00+00:00, run_after=2024-11-16 05:21:00+00:00
[2024-11-16T05:21:12.735+0000] {processor.py:208} INFO - Processing /home/airflow/.local/lib/python3.12/site-packages/airflow/example_dags/example_branch_python_dop_operator_3.py took 0.053 seconds
[2024-11-16T05:21:43.590+0000] {processor.py:186} INFO - Started process (PID=223) to work on /home/airflow/.local/lib/python3.12/site-packages/airflow/example_dags/example_branch_python_dop_operator_3.py
[2024-11-16T05:21:43.591+0000] {processor.py:914} INFO - Processing file /home/airflow/.local/lib/python3.12/site-packages/airflow/example_dags/example_branch_python_dop_operator_3.py for tasks to queue
[2024-11-16T05:21:43.592+0000] {logging_mixin.py:190} INFO - [2024-11-16T05:21:43.592+0000] {dagbag.py:588} INFO - Filling up the DagBag from /home/airflow/.local/lib/python3.12/site-packages/airflow/example_dags/example_branch_python_dop_operator_3.py
[2024-11-16T05:21:43.599+0000] {processor.py:925} INFO - DAG(s) 'example_branch_dop_operator_v3' retrieved from /home/airflow/.local/lib/python3.12/site-packages/airflow/example_dags/example_branch_python_dop_operator_3.py
[2024-11-16T05:21:43.611+0000] {logging_mixin.py:190} INFO - [2024-11-16T05:21:43.611+0000] {dag.py:3239} INFO - Sync 1 DAGs
[2024-11-16T05:21:43.627+0000] {logging_mixin.py:190} INFO - [2024-11-16T05:21:43.626+0000] {dag.py:4180} INFO - Setting next_dagrun for example_branch_dop_operator_v3 to 2024-11-16 05:20:00+00:00, run_after=2024-11-16 05:21:00+00:00
[2024-11-16T05:21:43.638+0000] {processor.py:208} INFO - Processing /home/airflow/.local/lib/python3.12/site-packages/airflow/example_dags/example_branch_python_dop_operator_3.py took 0.052 seconds
[2024-11-16T05:22:14.365+0000] {processor.py:186} INFO - Started process (PID=291) to work on /home/airflow/.local/lib/python3.12/site-packages/airflow/example_dags/example_branch_python_dop_operator_3.py
[2024-11-16T05:22:14.366+0000] {processor.py:914} INFO - Processing file /home/airflow/.local/lib/python3.12/site-packages/airflow/example_dags/example_branch_python_dop_operator_3.py for tasks to queue
[2024-11-16T05:22:14.368+0000] {logging_mixin.py:190} INFO - [2024-11-16T05:22:14.368+0000] {dagbag.py:588} INFO - Filling up the DagBag from /home/airflow/.local/lib/python3.12/site-packages/airflow/example_dags/example_branch_python_dop_operator_3.py
[2024-11-16T05:22:14.376+0000] {processor.py:925} INFO - DAG(s) 'example_branch_dop_operator_v3' retrieved from /home/airflow/.local/lib/python3.12/site-packages/airflow/example_dags/example_branch_python_dop_operator_3.py
[2024-11-16T05:22:14.392+0000] {logging_mixin.py:190} INFO - [2024-11-16T05:22:14.392+0000] {dag.py:3239} INFO - Sync 1 DAGs
[2024-11-16T05:22:14.411+0000] {logging_mixin.py:190} INFO - [2024-11-16T05:22:14.411+0000] {dag.py:4180} INFO - Setting next_dagrun for example_branch_dop_operator_v3 to 2024-11-16 05:21:00+00:00, run_after=2024-11-16 05:22:00+00:00
[2024-11-16T05:22:14.424+0000] {processor.py:208} INFO - Processing /home/airflow/.local/lib/python3.12/site-packages/airflow/example_dags/example_branch_python_dop_operator_3.py took 0.063 seconds
[2024-11-16T05:22:44.461+0000] {processor.py:186} INFO - Started process (PID=359) to work on /home/airflow/.local/lib/python3.12/site-packages/airflow/example_dags/example_branch_python_dop_operator_3.py
[2024-11-16T05:22:44.461+0000] {processor.py:914} INFO - Processing file /home/airflow/.local/lib/python3.12/site-packages/airflow/example_dags/example_branch_python_dop_operator_3.py for tasks to queue
[2024-11-16T05:22:44.463+0000] {logging_mixin.py:190} INFO - [2024-11-16T05:22:44.462+0000] {dagbag.py:588} INFO - Filling up the DagBag from /home/airflow/.local/lib/python3.12/site-packages/airflow/example_dags/example_branch_python_dop_operator_3.py
[2024-11-16T05:22:44.469+0000] {processor.py:925} INFO - DAG(s) 'example_branch_dop_operator_v3' retrieved from /home/airflow/.local/lib/python3.12/site-packages/airflow/example_dags/example_branch_python_dop_operator_3.py
[2024-11-16T05:22:44.483+0000] {logging_mixin.py:190} INFO - [2024-11-16T05:22:44.483+0000] {dag.py:3239} INFO - Sync 1 DAGs
[2024-11-16T05:22:44.505+0000] {logging_mixin.py:190} INFO - [2024-11-16T05:22:44.504+0000] {dag.py:4180} INFO - Setting next_dagrun for example_branch_dop_operator_v3 to 2024-11-16 05:21:00+00:00, run_after=2024-11-16 05:22:00+00:00
[2024-11-16T05:22:44.528+0000] {processor.py:208} INFO - Processing /home/airflow/.local/lib/python3.12/site-packages/airflow/example_dags/example_branch_python_dop_operator_3.py took 0.071 seconds
[2024-11-16T05:23:15.503+0000] {processor.py:186} INFO - Started process (PID=427) to work on /home/airflow/.local/lib/python3.12/site-packages/airflow/example_dags/example_branch_python_dop_operator_3.py
[2024-11-16T05:23:15.504+0000] {processor.py:914} INFO - Processing file /home/airflow/.local/lib/python3.12/site-packages/airflow/example_dags/example_branch_python_dop_operator_3.py for tasks to queue
[2024-11-16T05:23:15.505+0000] {logging_mixin.py:190} INFO - [2024-11-16T05:23:15.505+0000] {dagbag.py:588} INFO - Filling up the DagBag from /home/airflow/.local/lib/python3.12/site-packages/airflow/example_dags/example_branch_python_dop_operator_3.py
[2024-11-16T05:23:15.511+0000] {processor.py:925} INFO - DAG(s) 'example_branch_dop_operator_v3' retrieved from /home/airflow/.local/lib/python3.12/site-packages/airflow/example_dags/example_branch_python_dop_operator_3.py
[2024-11-16T05:23:15.524+0000] {logging_mixin.py:190} INFO - [2024-11-16T05:23:15.524+0000] {dag.py:3239} INFO - Sync 1 DAGs
[2024-11-16T05:23:15.542+0000] {logging_mixin.py:190} INFO - [2024-11-16T05:23:15.541+0000] {dag.py:4180} INFO - Setting next_dagrun for example_branch_dop_operator_v3 to 2024-11-16 05:22:00+00:00, run_after=2024-11-16 05:23:00+00:00
[2024-11-16T05:23:15.555+0000] {processor.py:208} INFO - Processing /home/airflow/.local/lib/python3.12/site-packages/airflow/example_dags/example_branch_python_dop_operator_3.py took 0.056 seconds
[2024-11-16T05:23:46.368+0000] {processor.py:186} INFO - Started process (PID=495) to work on /home/airflow/.local/lib/python3.12/site-packages/airflow/example_dags/example_branch_python_dop_operator_3.py
[2024-11-16T05:23:46.368+0000] {processor.py:914} INFO - Processing file /home/airflow/.local/lib/python3.12/site-packages/airflow/example_dags/example_branch_python_dop_operator_3.py for tasks to queue
[2024-11-16T05:23:46.371+0000] {logging_mixin.py:190} INFO - [2024-11-16T05:23:46.370+0000] {dagbag.py:588} INFO - Filling up the DagBag from /home/airflow/.local/lib/python3.12/site-packages/airflow/example_dags/example_branch_python_dop_operator_3.py
[2024-11-16T05:23:46.380+0000] {processor.py:925} INFO - DAG(s) 'example_branch_dop_operator_v3' retrieved from /home/airflow/.local/lib/python3.12/site-packages/airflow/example_dags/example_branch_python_dop_operator_3.py
[2024-11-16T05:23:46.401+0000] {logging_mixin.py:190} INFO - [2024-11-16T05:23:46.400+0000] {dag.py:3239} INFO - Sync 1 DAGs
[2024-11-16T05:23:46.433+0000] {logging_mixin.py:190} INFO - [2024-11-16T05:23:46.433+0000] {dag.py:4180} INFO - Setting next_dagrun for example_branch_dop_operator_v3 to 2024-11-16 05:22:00+00:00, run_after=2024-11-16 05:23:00+00:00
[2024-11-16T05:23:46.451+0000] {processor.py:208} INFO - Processing /home/airflow/.local/lib/python3.12/site-packages/airflow/example_dags/example_branch_python_dop_operator_3.py took 0.089 seconds
[2024-11-16T05:24:16.564+0000] {processor.py:186} INFO - Started process (PID=562) to work on /home/airflow/.local/lib/python3.12/site-packages/airflow/example_dags/example_branch_python_dop_operator_3.py
[2024-11-16T05:24:16.564+0000] {processor.py:914} INFO - Processing file /home/airflow/.local/lib/python3.12/site-packages/airflow/example_dags/example_branch_python_dop_operator_3.py for tasks to queue
[2024-11-16T05:24:16.566+0000] {logging_mixin.py:190} INFO - [2024-11-16T05:24:16.565+0000] {dagbag.py:588} INFO - Filling up the DagBag from /home/airflow/.local/lib/python3.12/site-packages/airflow/example_dags/example_branch_python_dop_operator_3.py
[2024-11-16T05:24:16.579+0000] {processor.py:925} INFO - DAG(s) 'example_branch_dop_operator_v3' retrieved from /home/airflow/.local/lib/python3.12/site-packages/airflow/example_dags/example_branch_python_dop_operator_3.py
[2024-11-16T05:24:16.597+0000] {logging_mixin.py:190} INFO - [2024-11-16T05:24:16.597+0000] {dag.py:3239} INFO - Sync 1 DAGs
[2024-11-16T05:24:16.629+0000] {logging_mixin.py:190} INFO - [2024-11-16T05:24:16.629+0000] {dag.py:4180} INFO - Setting next_dagrun for example_branch_dop_operator_v3 to 2024-11-16 05:23:00+00:00, run_after=2024-11-16 05:24:00+00:00
[2024-11-16T05:24:16.649+0000] {processor.py:208} INFO - Processing /home/airflow/.local/lib/python3.12/site-packages/airflow/example_dags/example_branch_python_dop_operator_3.py took 0.096 seconds
[2024-11-16T05:25:10.217+0000] {processor.py:186} INFO - Started process (PID=83) to work on /home/airflow/.local/lib/python3.12/site-packages/airflow/example_dags/example_branch_python_dop_operator_3.py
[2024-11-16T05:25:10.218+0000] {processor.py:914} INFO - Processing file /home/airflow/.local/lib/python3.12/site-packages/airflow/example_dags/example_branch_python_dop_operator_3.py for tasks to queue
[2024-11-16T05:25:10.220+0000] {logging_mixin.py:190} INFO - [2024-11-16T05:25:10.220+0000] {dagbag.py:588} INFO - Filling up the DagBag from /home/airflow/.local/lib/python3.12/site-packages/airflow/example_dags/example_branch_python_dop_operator_3.py
[2024-11-16T05:25:10.228+0000] {processor.py:925} INFO - DAG(s) 'example_branch_dop_operator_v3' retrieved from /home/airflow/.local/lib/python3.12/site-packages/airflow/example_dags/example_branch_python_dop_operator_3.py
[2024-11-16T05:25:10.244+0000] {logging_mixin.py:190} INFO - [2024-11-16T05:25:10.244+0000] {dag.py:3239} INFO - Sync 1 DAGs
[2024-11-16T05:25:10.266+0000] {logging_mixin.py:190} INFO - [2024-11-16T05:25:10.265+0000] {dag.py:4180} INFO - Setting next_dagrun for example_branch_dop_operator_v3 to 2024-11-16 05:24:00+00:00, run_after=2024-11-16 05:25:00+00:00
[2024-11-16T05:25:10.282+0000] {processor.py:208} INFO - Processing /home/airflow/.local/lib/python3.12/site-packages/airflow/example_dags/example_branch_python_dop_operator_3.py took 0.071 seconds
[2024-11-16T05:25:40.824+0000] {processor.py:186} INFO - Started process (PID=150) to work on /home/airflow/.local/lib/python3.12/site-packages/airflow/example_dags/example_branch_python_dop_operator_3.py
[2024-11-16T05:25:40.824+0000] {processor.py:914} INFO - Processing file /home/airflow/.local/lib/python3.12/site-packages/airflow/example_dags/example_branch_python_dop_operator_3.py for tasks to queue
[2024-11-16T05:25:40.826+0000] {logging_mixin.py:190} INFO - [2024-11-16T05:25:40.826+0000] {dagbag.py:588} INFO - Filling up the DagBag from /home/airflow/.local/lib/python3.12/site-packages/airflow/example_dags/example_branch_python_dop_operator_3.py
[2024-11-16T05:25:40.833+0000] {processor.py:925} INFO - DAG(s) 'example_branch_dop_operator_v3' retrieved from /home/airflow/.local/lib/python3.12/site-packages/airflow/example_dags/example_branch_python_dop_operator_3.py
[2024-11-16T05:25:40.846+0000] {logging_mixin.py:190} INFO - [2024-11-16T05:25:40.846+0000] {dag.py:3239} INFO - Sync 1 DAGs
[2024-11-16T05:25:40.866+0000] {logging_mixin.py:190} INFO - [2024-11-16T05:25:40.866+0000] {dag.py:4180} INFO - Setting next_dagrun for example_branch_dop_operator_v3 to 2024-11-16 05:24:00+00:00, run_after=2024-11-16 05:25:00+00:00
[2024-11-16T05:25:40.882+0000] {processor.py:208} INFO - Processing /home/airflow/.local/lib/python3.12/site-packages/airflow/example_dags/example_branch_python_dop_operator_3.py took 0.062 seconds
[2024-11-16T05:26:11.043+0000] {processor.py:186} INFO - Started process (PID=218) to work on /home/airflow/.local/lib/python3.12/site-packages/airflow/example_dags/example_branch_python_dop_operator_3.py
[2024-11-16T05:26:11.044+0000] {processor.py:914} INFO - Processing file /home/airflow/.local/lib/python3.12/site-packages/airflow/example_dags/example_branch_python_dop_operator_3.py for tasks to queue
[2024-11-16T05:26:11.046+0000] {logging_mixin.py:190} INFO - [2024-11-16T05:26:11.046+0000] {dagbag.py:588} INFO - Filling up the DagBag from /home/airflow/.local/lib/python3.12/site-packages/airflow/example_dags/example_branch_python_dop_operator_3.py
[2024-11-16T05:26:11.052+0000] {processor.py:925} INFO - DAG(s) 'example_branch_dop_operator_v3' retrieved from /home/airflow/.local/lib/python3.12/site-packages/airflow/example_dags/example_branch_python_dop_operator_3.py
[2024-11-16T05:26:11.066+0000] {logging_mixin.py:190} INFO - [2024-11-16T05:26:11.066+0000] {dag.py:3239} INFO - Sync 1 DAGs
[2024-11-16T05:26:11.084+0000] {logging_mixin.py:190} INFO - [2024-11-16T05:26:11.084+0000] {dag.py:4180} INFO - Setting next_dagrun for example_branch_dop_operator_v3 to 2024-11-16 05:25:00+00:00, run_after=2024-11-16 05:26:00+00:00
[2024-11-16T05:26:11.098+0000] {processor.py:208} INFO - Processing /home/airflow/.local/lib/python3.12/site-packages/airflow/example_dags/example_branch_python_dop_operator_3.py took 0.058 seconds
[2024-11-16T05:26:41.380+0000] {processor.py:186} INFO - Started process (PID=286) to work on /home/airflow/.local/lib/python3.12/site-packages/airflow/example_dags/example_branch_python_dop_operator_3.py
[2024-11-16T05:26:41.381+0000] {processor.py:914} INFO - Processing file /home/airflow/.local/lib/python3.12/site-packages/airflow/example_dags/example_branch_python_dop_operator_3.py for tasks to queue
[2024-11-16T05:26:41.383+0000] {logging_mixin.py:190} INFO - [2024-11-16T05:26:41.382+0000] {dagbag.py:588} INFO - Filling up the DagBag from /home/airflow/.local/lib/python3.12/site-packages/airflow/example_dags/example_branch_python_dop_operator_3.py
[2024-11-16T05:26:41.390+0000] {processor.py:925} INFO - DAG(s) 'example_branch_dop_operator_v3' retrieved from /home/airflow/.local/lib/python3.12/site-packages/airflow/example_dags/example_branch_python_dop_operator_3.py
[2024-11-16T05:26:41.403+0000] {logging_mixin.py:190} INFO - [2024-11-16T05:26:41.403+0000] {dag.py:3239} INFO - Sync 1 DAGs
[2024-11-16T05:26:41.420+0000] {logging_mixin.py:190} INFO - [2024-11-16T05:26:41.420+0000] {dag.py:4180} INFO - Setting next_dagrun for example_branch_dop_operator_v3 to 2024-11-16 05:25:00+00:00, run_after=2024-11-16 05:26:00+00:00
[2024-11-16T05:26:41.433+0000] {processor.py:208} INFO - Processing /home/airflow/.local/lib/python3.12/site-packages/airflow/example_dags/example_branch_python_dop_operator_3.py took 0.057 seconds
[2024-11-16T05:27:12.556+0000] {processor.py:186} INFO - Started process (PID=354) to work on /home/airflow/.local/lib/python3.12/site-packages/airflow/example_dags/example_branch_python_dop_operator_3.py
[2024-11-16T05:27:12.556+0000] {processor.py:914} INFO - Processing file /home/airflow/.local/lib/python3.12/site-packages/airflow/example_dags/example_branch_python_dop_operator_3.py for tasks to queue
[2024-11-16T05:27:12.558+0000] {logging_mixin.py:190} INFO - [2024-11-16T05:27:12.557+0000] {dagbag.py:588} INFO - Filling up the DagBag from /home/airflow/.local/lib/python3.12/site-packages/airflow/example_dags/example_branch_python_dop_operator_3.py
[2024-11-16T05:27:12.564+0000] {processor.py:925} INFO - DAG(s) 'example_branch_dop_operator_v3' retrieved from /home/airflow/.local/lib/python3.12/site-packages/airflow/example_dags/example_branch_python_dop_operator_3.py
[2024-11-16T05:27:12.576+0000] {logging_mixin.py:190} INFO - [2024-11-16T05:27:12.576+0000] {dag.py:3239} INFO - Sync 1 DAGs
[2024-11-16T05:27:12.592+0000] {logging_mixin.py:190} INFO - [2024-11-16T05:27:12.591+0000] {dag.py:4180} INFO - Setting next_dagrun for example_branch_dop_operator_v3 to 2024-11-16 05:26:00+00:00, run_after=2024-11-16 05:27:00+00:00
[2024-11-16T05:27:12.603+0000] {processor.py:208} INFO - Processing /home/airflow/.local/lib/python3.12/site-packages/airflow/example_dags/example_branch_python_dop_operator_3.py took 0.051 seconds
[2024-11-16T05:27:43.173+0000] {processor.py:186} INFO - Started process (PID=422) to work on /home/airflow/.local/lib/python3.12/site-packages/airflow/example_dags/example_branch_python_dop_operator_3.py
[2024-11-16T05:27:43.174+0000] {processor.py:914} INFO - Processing file /home/airflow/.local/lib/python3.12/site-packages/airflow/example_dags/example_branch_python_dop_operator_3.py for tasks to queue
[2024-11-16T05:27:43.176+0000] {logging_mixin.py:190} INFO - [2024-11-16T05:27:43.175+0000] {dagbag.py:588} INFO - Filling up the DagBag from /home/airflow/.local/lib/python3.12/site-packages/airflow/example_dags/example_branch_python_dop_operator_3.py
[2024-11-16T05:27:43.183+0000] {processor.py:925} INFO - DAG(s) 'example_branch_dop_operator_v3' retrieved from /home/airflow/.local/lib/python3.12/site-packages/airflow/example_dags/example_branch_python_dop_operator_3.py
[2024-11-16T05:27:43.201+0000] {logging_mixin.py:190} INFO - [2024-11-16T05:27:43.201+0000] {dag.py:3239} INFO - Sync 1 DAGs
[2024-11-16T05:27:43.237+0000] {logging_mixin.py:190} INFO - [2024-11-16T05:27:43.237+0000] {dag.py:4180} INFO - Setting next_dagrun for example_branch_dop_operator_v3 to 2024-11-16 05:26:00+00:00, run_after=2024-11-16 05:27:00+00:00
[2024-11-16T05:27:43.260+0000] {processor.py:208} INFO - Processing /home/airflow/.local/lib/python3.12/site-packages/airflow/example_dags/example_branch_python_dop_operator_3.py took 0.091 seconds
[2024-11-16T05:29:49.338+0000] {processor.py:186} INFO - Started process (PID=102) to work on /home/airflow/.local/lib/python3.12/site-packages/airflow/example_dags/example_branch_python_dop_operator_3.py
[2024-11-16T05:29:49.339+0000] {processor.py:914} INFO - Processing file /home/airflow/.local/lib/python3.12/site-packages/airflow/example_dags/example_branch_python_dop_operator_3.py for tasks to queue
[2024-11-16T05:29:49.341+0000] {logging_mixin.py:190} INFO - [2024-11-16T05:29:49.341+0000] {dagbag.py:588} INFO - Filling up the DagBag from /home/airflow/.local/lib/python3.12/site-packages/airflow/example_dags/example_branch_python_dop_operator_3.py
[2024-11-16T05:29:49.350+0000] {processor.py:925} INFO - DAG(s) 'example_branch_dop_operator_v3' retrieved from /home/airflow/.local/lib/python3.12/site-packages/airflow/example_dags/example_branch_python_dop_operator_3.py
[2024-11-16T05:29:49.369+0000] {logging_mixin.py:190} INFO - [2024-11-16T05:29:49.368+0000] {dag.py:3239} INFO - Sync 1 DAGs
[2024-11-16T05:29:49.393+0000] {logging_mixin.py:190} INFO - [2024-11-16T05:29:49.393+0000] {dag.py:4180} INFO - Setting next_dagrun for example_branch_dop_operator_v3 to 2024-11-16 05:28:00+00:00, run_after=2024-11-16 05:29:00+00:00
[2024-11-16T05:29:49.419+0000] {processor.py:208} INFO - Processing /home/airflow/.local/lib/python3.12/site-packages/airflow/example_dags/example_branch_python_dop_operator_3.py took 0.086 seconds
[2024-11-16T05:30:20.614+0000] {processor.py:186} INFO - Started process (PID=169) to work on /home/airflow/.local/lib/python3.12/site-packages/airflow/example_dags/example_branch_python_dop_operator_3.py
[2024-11-16T05:30:20.616+0000] {processor.py:914} INFO - Processing file /home/airflow/.local/lib/python3.12/site-packages/airflow/example_dags/example_branch_python_dop_operator_3.py for tasks to queue
[2024-11-16T05:30:20.620+0000] {logging_mixin.py:190} INFO - [2024-11-16T05:30:20.619+0000] {dagbag.py:588} INFO - Filling up the DagBag from /home/airflow/.local/lib/python3.12/site-packages/airflow/example_dags/example_branch_python_dop_operator_3.py
[2024-11-16T05:30:20.630+0000] {processor.py:925} INFO - DAG(s) 'example_branch_dop_operator_v3' retrieved from /home/airflow/.local/lib/python3.12/site-packages/airflow/example_dags/example_branch_python_dop_operator_3.py
[2024-11-16T05:30:20.653+0000] {logging_mixin.py:190} INFO - [2024-11-16T05:30:20.653+0000] {dag.py:3239} INFO - Sync 1 DAGs
[2024-11-16T05:30:20.698+0000] {logging_mixin.py:190} INFO - [2024-11-16T05:30:20.698+0000] {dag.py:4180} INFO - Setting next_dagrun for example_branch_dop_operator_v3 to 2024-11-16 05:29:00+00:00, run_after=2024-11-16 05:30:00+00:00
[2024-11-16T05:30:20.731+0000] {processor.py:208} INFO - Processing /home/airflow/.local/lib/python3.12/site-packages/airflow/example_dags/example_branch_python_dop_operator_3.py took 0.122 seconds
[2024-11-16T05:30:51.548+0000] {processor.py:186} INFO - Started process (PID=237) to work on /home/airflow/.local/lib/python3.12/site-packages/airflow/example_dags/example_branch_python_dop_operator_3.py
[2024-11-16T05:30:51.549+0000] {processor.py:914} INFO - Processing file /home/airflow/.local/lib/python3.12/site-packages/airflow/example_dags/example_branch_python_dop_operator_3.py for tasks to queue
[2024-11-16T05:30:51.551+0000] {logging_mixin.py:190} INFO - [2024-11-16T05:30:51.550+0000] {dagbag.py:588} INFO - Filling up the DagBag from /home/airflow/.local/lib/python3.12/site-packages/airflow/example_dags/example_branch_python_dop_operator_3.py
[2024-11-16T05:30:51.558+0000] {processor.py:925} INFO - DAG(s) 'example_branch_dop_operator_v3' retrieved from /home/airflow/.local/lib/python3.12/site-packages/airflow/example_dags/example_branch_python_dop_operator_3.py
[2024-11-16T05:30:51.573+0000] {logging_mixin.py:190} INFO - [2024-11-16T05:30:51.572+0000] {dag.py:3239} INFO - Sync 1 DAGs
[2024-11-16T05:30:51.590+0000] {logging_mixin.py:190} INFO - [2024-11-16T05:30:51.590+0000] {dag.py:4180} INFO - Setting next_dagrun for example_branch_dop_operator_v3 to 2024-11-16 05:29:00+00:00, run_after=2024-11-16 05:30:00+00:00
[2024-11-16T05:30:51.605+0000] {processor.py:208} INFO - Processing /home/airflow/.local/lib/python3.12/site-packages/airflow/example_dags/example_branch_python_dop_operator_3.py took 0.061 seconds
[2024-11-16T05:31:21.918+0000] {processor.py:186} INFO - Started process (PID=304) to work on /home/airflow/.local/lib/python3.12/site-packages/airflow/example_dags/example_branch_python_dop_operator_3.py
[2024-11-16T05:31:21.919+0000] {processor.py:914} INFO - Processing file /home/airflow/.local/lib/python3.12/site-packages/airflow/example_dags/example_branch_python_dop_operator_3.py for tasks to queue
[2024-11-16T05:31:21.920+0000] {logging_mixin.py:190} INFO - [2024-11-16T05:31:21.920+0000] {dagbag.py:588} INFO - Filling up the DagBag from /home/airflow/.local/lib/python3.12/site-packages/airflow/example_dags/example_branch_python_dop_operator_3.py
[2024-11-16T05:31:21.926+0000] {processor.py:925} INFO - DAG(s) 'example_branch_dop_operator_v3' retrieved from /home/airflow/.local/lib/python3.12/site-packages/airflow/example_dags/example_branch_python_dop_operator_3.py
[2024-11-16T05:31:21.939+0000] {logging_mixin.py:190} INFO - [2024-11-16T05:31:21.939+0000] {dag.py:3239} INFO - Sync 1 DAGs
[2024-11-16T05:31:21.955+0000] {logging_mixin.py:190} INFO - [2024-11-16T05:31:21.955+0000] {dag.py:4180} INFO - Setting next_dagrun for example_branch_dop_operator_v3 to 2024-11-16 05:30:00+00:00, run_after=2024-11-16 05:31:00+00:00
[2024-11-16T05:31:21.969+0000] {processor.py:208} INFO - Processing /home/airflow/.local/lib/python3.12/site-packages/airflow/example_dags/example_branch_python_dop_operator_3.py took 0.054 seconds
[2024-11-16T05:31:52.331+0000] {processor.py:186} INFO - Started process (PID=372) to work on /home/airflow/.local/lib/python3.12/site-packages/airflow/example_dags/example_branch_python_dop_operator_3.py
[2024-11-16T05:31:52.332+0000] {processor.py:914} INFO - Processing file /home/airflow/.local/lib/python3.12/site-packages/airflow/example_dags/example_branch_python_dop_operator_3.py for tasks to queue
[2024-11-16T05:31:52.334+0000] {logging_mixin.py:190} INFO - [2024-11-16T05:31:52.334+0000] {dagbag.py:588} INFO - Filling up the DagBag from /home/airflow/.local/lib/python3.12/site-packages/airflow/example_dags/example_branch_python_dop_operator_3.py
[2024-11-16T05:31:52.341+0000] {processor.py:925} INFO - DAG(s) 'example_branch_dop_operator_v3' retrieved from /home/airflow/.local/lib/python3.12/site-packages/airflow/example_dags/example_branch_python_dop_operator_3.py
[2024-11-16T05:31:52.353+0000] {logging_mixin.py:190} INFO - [2024-11-16T05:31:52.353+0000] {dag.py:3239} INFO - Sync 1 DAGs
[2024-11-16T05:31:52.371+0000] {logging_mixin.py:190} INFO - [2024-11-16T05:31:52.371+0000] {dag.py:4180} INFO - Setting next_dagrun for example_branch_dop_operator_v3 to 2024-11-16 05:30:00+00:00, run_after=2024-11-16 05:31:00+00:00
[2024-11-16T05:31:52.386+0000] {processor.py:208} INFO - Processing /home/airflow/.local/lib/python3.12/site-packages/airflow/example_dags/example_branch_python_dop_operator_3.py took 0.058 seconds
[2024-11-16T05:32:22.579+0000] {processor.py:186} INFO - Started process (PID=440) to work on /home/airflow/.local/lib/python3.12/site-packages/airflow/example_dags/example_branch_python_dop_operator_3.py
[2024-11-16T05:32:22.580+0000] {processor.py:914} INFO - Processing file /home/airflow/.local/lib/python3.12/site-packages/airflow/example_dags/example_branch_python_dop_operator_3.py for tasks to queue
[2024-11-16T05:32:22.582+0000] {logging_mixin.py:190} INFO - [2024-11-16T05:32:22.582+0000] {dagbag.py:588} INFO - Filling up the DagBag from /home/airflow/.local/lib/python3.12/site-packages/airflow/example_dags/example_branch_python_dop_operator_3.py
[2024-11-16T05:32:22.591+0000] {processor.py:925} INFO - DAG(s) 'example_branch_dop_operator_v3' retrieved from /home/airflow/.local/lib/python3.12/site-packages/airflow/example_dags/example_branch_python_dop_operator_3.py
[2024-11-16T05:32:22.607+0000] {logging_mixin.py:190} INFO - [2024-11-16T05:32:22.607+0000] {dag.py:3239} INFO - Sync 1 DAGs
[2024-11-16T05:32:22.625+0000] {logging_mixin.py:190} INFO - [2024-11-16T05:32:22.625+0000] {dag.py:4180} INFO - Setting next_dagrun for example_branch_dop_operator_v3 to 2024-11-16 05:31:00+00:00, run_after=2024-11-16 05:32:00+00:00
[2024-11-16T05:32:22.641+0000] {processor.py:208} INFO - Processing /home/airflow/.local/lib/python3.12/site-packages/airflow/example_dags/example_branch_python_dop_operator_3.py took 0.067 seconds
[2024-11-16T05:32:52.703+0000] {processor.py:186} INFO - Started process (PID=508) to work on /home/airflow/.local/lib/python3.12/site-packages/airflow/example_dags/example_branch_python_dop_operator_3.py
[2024-11-16T05:32:52.704+0000] {processor.py:914} INFO - Processing file /home/airflow/.local/lib/python3.12/site-packages/airflow/example_dags/example_branch_python_dop_operator_3.py for tasks to queue
[2024-11-16T05:32:52.705+0000] {logging_mixin.py:190} INFO - [2024-11-16T05:32:52.705+0000] {dagbag.py:588} INFO - Filling up the DagBag from /home/airflow/.local/lib/python3.12/site-packages/airflow/example_dags/example_branch_python_dop_operator_3.py
[2024-11-16T05:32:52.712+0000] {processor.py:925} INFO - DAG(s) 'example_branch_dop_operator_v3' retrieved from /home/airflow/.local/lib/python3.12/site-packages/airflow/example_dags/example_branch_python_dop_operator_3.py
[2024-11-16T05:32:52.725+0000] {logging_mixin.py:190} INFO - [2024-11-16T05:32:52.725+0000] {dag.py:3239} INFO - Sync 1 DAGs
[2024-11-16T05:32:52.742+0000] {logging_mixin.py:190} INFO - [2024-11-16T05:32:52.742+0000] {dag.py:4180} INFO - Setting next_dagrun for example_branch_dop_operator_v3 to 2024-11-16 05:31:00+00:00, run_after=2024-11-16 05:32:00+00:00
[2024-11-16T05:32:52.758+0000] {processor.py:208} INFO - Processing /home/airflow/.local/lib/python3.12/site-packages/airflow/example_dags/example_branch_python_dop_operator_3.py took 0.059 seconds
[2024-11-16T05:33:23.286+0000] {processor.py:186} INFO - Started process (PID=576) to work on /home/airflow/.local/lib/python3.12/site-packages/airflow/example_dags/example_branch_python_dop_operator_3.py
[2024-11-16T05:33:23.287+0000] {processor.py:914} INFO - Processing file /home/airflow/.local/lib/python3.12/site-packages/airflow/example_dags/example_branch_python_dop_operator_3.py for tasks to queue
[2024-11-16T05:33:23.290+0000] {logging_mixin.py:190} INFO - [2024-11-16T05:33:23.290+0000] {dagbag.py:588} INFO - Filling up the DagBag from /home/airflow/.local/lib/python3.12/site-packages/airflow/example_dags/example_branch_python_dop_operator_3.py
[2024-11-16T05:33:23.302+0000] {processor.py:925} INFO - DAG(s) 'example_branch_dop_operator_v3' retrieved from /home/airflow/.local/lib/python3.12/site-packages/airflow/example_dags/example_branch_python_dop_operator_3.py
[2024-11-16T05:33:23.321+0000] {logging_mixin.py:190} INFO - [2024-11-16T05:33:23.321+0000] {dag.py:3239} INFO - Sync 1 DAGs
[2024-11-16T05:33:23.355+0000] {logging_mixin.py:190} INFO - [2024-11-16T05:33:23.355+0000] {dag.py:4180} INFO - Setting next_dagrun for example_branch_dop_operator_v3 to 2024-11-16 05:32:00+00:00, run_after=2024-11-16 05:33:00+00:00
[2024-11-16T05:33:23.382+0000] {processor.py:208} INFO - Processing /home/airflow/.local/lib/python3.12/site-packages/airflow/example_dags/example_branch_python_dop_operator_3.py took 0.102 seconds
[2024-11-16T05:33:53.642+0000] {processor.py:186} INFO - Started process (PID=644) to work on /home/airflow/.local/lib/python3.12/site-packages/airflow/example_dags/example_branch_python_dop_operator_3.py
[2024-11-16T05:33:53.644+0000] {processor.py:914} INFO - Processing file /home/airflow/.local/lib/python3.12/site-packages/airflow/example_dags/example_branch_python_dop_operator_3.py for tasks to queue
[2024-11-16T05:33:53.650+0000] {logging_mixin.py:190} INFO - [2024-11-16T05:33:53.649+0000] {dagbag.py:588} INFO - Filling up the DagBag from /home/airflow/.local/lib/python3.12/site-packages/airflow/example_dags/example_branch_python_dop_operator_3.py
[2024-11-16T05:33:53.672+0000] {processor.py:925} INFO - DAG(s) 'example_branch_dop_operator_v3' retrieved from /home/airflow/.local/lib/python3.12/site-packages/airflow/example_dags/example_branch_python_dop_operator_3.py
[2024-11-16T05:33:53.706+0000] {logging_mixin.py:190} INFO - [2024-11-16T05:33:53.705+0000] {dag.py:3239} INFO - Sync 1 DAGs
[2024-11-16T05:33:53.756+0000] {logging_mixin.py:190} INFO - [2024-11-16T05:33:53.756+0000] {dag.py:4180} INFO - Setting next_dagrun for example_branch_dop_operator_v3 to 2024-11-16 05:32:00+00:00, run_after=2024-11-16 05:33:00+00:00
[2024-11-16T05:33:53.788+0000] {processor.py:208} INFO - Processing /home/airflow/.local/lib/python3.12/site-packages/airflow/example_dags/example_branch_python_dop_operator_3.py took 0.156 seconds
[2024-11-16T05:34:24.530+0000] {processor.py:186} INFO - Started process (PID=712) to work on /home/airflow/.local/lib/python3.12/site-packages/airflow/example_dags/example_branch_python_dop_operator_3.py
[2024-11-16T05:34:24.531+0000] {processor.py:914} INFO - Processing file /home/airflow/.local/lib/python3.12/site-packages/airflow/example_dags/example_branch_python_dop_operator_3.py for tasks to queue
[2024-11-16T05:34:24.533+0000] {logging_mixin.py:190} INFO - [2024-11-16T05:34:24.533+0000] {dagbag.py:588} INFO - Filling up the DagBag from /home/airflow/.local/lib/python3.12/site-packages/airflow/example_dags/example_branch_python_dop_operator_3.py
[2024-11-16T05:34:24.544+0000] {processor.py:925} INFO - DAG(s) 'example_branch_dop_operator_v3' retrieved from /home/airflow/.local/lib/python3.12/site-packages/airflow/example_dags/example_branch_python_dop_operator_3.py
[2024-11-16T05:34:24.557+0000] {logging_mixin.py:190} INFO - [2024-11-16T05:34:24.557+0000] {dag.py:3239} INFO - Sync 1 DAGs
[2024-11-16T05:34:24.575+0000] {logging_mixin.py:190} INFO - [2024-11-16T05:34:24.575+0000] {dag.py:4180} INFO - Setting next_dagrun for example_branch_dop_operator_v3 to 2024-11-16 05:33:00+00:00, run_after=2024-11-16 05:34:00+00:00
[2024-11-16T05:34:24.592+0000] {processor.py:208} INFO - Processing /home/airflow/.local/lib/python3.12/site-packages/airflow/example_dags/example_branch_python_dop_operator_3.py took 0.066 seconds
[2024-11-16T05:34:55.122+0000] {processor.py:186} INFO - Started process (PID=780) to work on /home/airflow/.local/lib/python3.12/site-packages/airflow/example_dags/example_branch_python_dop_operator_3.py
[2024-11-16T05:34:55.123+0000] {processor.py:914} INFO - Processing file /home/airflow/.local/lib/python3.12/site-packages/airflow/example_dags/example_branch_python_dop_operator_3.py for tasks to queue
[2024-11-16T05:34:55.125+0000] {logging_mixin.py:190} INFO - [2024-11-16T05:34:55.125+0000] {dagbag.py:588} INFO - Filling up the DagBag from /home/airflow/.local/lib/python3.12/site-packages/airflow/example_dags/example_branch_python_dop_operator_3.py
[2024-11-16T05:34:55.136+0000] {processor.py:925} INFO - DAG(s) 'example_branch_dop_operator_v3' retrieved from /home/airflow/.local/lib/python3.12/site-packages/airflow/example_dags/example_branch_python_dop_operator_3.py
[2024-11-16T05:34:55.158+0000] {logging_mixin.py:190} INFO - [2024-11-16T05:34:55.158+0000] {dag.py:3239} INFO - Sync 1 DAGs
[2024-11-16T05:34:55.194+0000] {logging_mixin.py:190} INFO - [2024-11-16T05:34:55.193+0000] {dag.py:4180} INFO - Setting next_dagrun for example_branch_dop_operator_v3 to 2024-11-16 05:33:00+00:00, run_after=2024-11-16 05:34:00+00:00
[2024-11-16T05:34:55.219+0000] {processor.py:208} INFO - Processing /home/airflow/.local/lib/python3.12/site-packages/airflow/example_dags/example_branch_python_dop_operator_3.py took 0.103 seconds
[2024-11-16T05:35:26.164+0000] {processor.py:186} INFO - Started process (PID=848) to work on /home/airflow/.local/lib/python3.12/site-packages/airflow/example_dags/example_branch_python_dop_operator_3.py
[2024-11-16T05:35:26.165+0000] {processor.py:914} INFO - Processing file /home/airflow/.local/lib/python3.12/site-packages/airflow/example_dags/example_branch_python_dop_operator_3.py for tasks to queue
[2024-11-16T05:35:26.166+0000] {logging_mixin.py:190} INFO - [2024-11-16T05:35:26.166+0000] {dagbag.py:588} INFO - Filling up the DagBag from /home/airflow/.local/lib/python3.12/site-packages/airflow/example_dags/example_branch_python_dop_operator_3.py
[2024-11-16T05:35:26.173+0000] {processor.py:925} INFO - DAG(s) 'example_branch_dop_operator_v3' retrieved from /home/airflow/.local/lib/python3.12/site-packages/airflow/example_dags/example_branch_python_dop_operator_3.py
[2024-11-16T05:35:26.188+0000] {logging_mixin.py:190} INFO - [2024-11-16T05:35:26.187+0000] {dag.py:3239} INFO - Sync 1 DAGs
[2024-11-16T05:35:26.207+0000] {logging_mixin.py:190} INFO - [2024-11-16T05:35:26.207+0000] {dag.py:4180} INFO - Setting next_dagrun for example_branch_dop_operator_v3 to 2024-11-16 05:34:00+00:00, run_after=2024-11-16 05:35:00+00:00
[2024-11-16T05:35:26.224+0000] {processor.py:208} INFO - Processing /home/airflow/.local/lib/python3.12/site-packages/airflow/example_dags/example_branch_python_dop_operator_3.py took 0.063 seconds
[2024-11-16T05:35:56.356+0000] {processor.py:186} INFO - Started process (PID=916) to work on /home/airflow/.local/lib/python3.12/site-packages/airflow/example_dags/example_branch_python_dop_operator_3.py
[2024-11-16T05:35:56.357+0000] {processor.py:914} INFO - Processing file /home/airflow/.local/lib/python3.12/site-packages/airflow/example_dags/example_branch_python_dop_operator_3.py for tasks to queue
[2024-11-16T05:35:56.359+0000] {logging_mixin.py:190} INFO - [2024-11-16T05:35:56.359+0000] {dagbag.py:588} INFO - Filling up the DagBag from /home/airflow/.local/lib/python3.12/site-packages/airflow/example_dags/example_branch_python_dop_operator_3.py
[2024-11-16T05:35:56.367+0000] {processor.py:925} INFO - DAG(s) 'example_branch_dop_operator_v3' retrieved from /home/airflow/.local/lib/python3.12/site-packages/airflow/example_dags/example_branch_python_dop_operator_3.py
[2024-11-16T05:35:56.380+0000] {logging_mixin.py:190} INFO - [2024-11-16T05:35:56.380+0000] {dag.py:3239} INFO - Sync 1 DAGs
[2024-11-16T05:35:56.397+0000] {logging_mixin.py:190} INFO - [2024-11-16T05:35:56.397+0000] {dag.py:4180} INFO - Setting next_dagrun for example_branch_dop_operator_v3 to 2024-11-16 05:34:00+00:00, run_after=2024-11-16 05:35:00+00:00
[2024-11-16T05:35:56.412+0000] {processor.py:208} INFO - Processing /home/airflow/.local/lib/python3.12/site-packages/airflow/example_dags/example_branch_python_dop_operator_3.py took 0.061 seconds
[2024-11-16T05:36:27.342+0000] {processor.py:186} INFO - Started process (PID=984) to work on /home/airflow/.local/lib/python3.12/site-packages/airflow/example_dags/example_branch_python_dop_operator_3.py
[2024-11-16T05:36:27.343+0000] {processor.py:914} INFO - Processing file /home/airflow/.local/lib/python3.12/site-packages/airflow/example_dags/example_branch_python_dop_operator_3.py for tasks to queue
[2024-11-16T05:36:27.345+0000] {logging_mixin.py:190} INFO - [2024-11-16T05:36:27.345+0000] {dagbag.py:588} INFO - Filling up the DagBag from /home/airflow/.local/lib/python3.12/site-packages/airflow/example_dags/example_branch_python_dop_operator_3.py
[2024-11-16T05:36:27.352+0000] {processor.py:925} INFO - DAG(s) 'example_branch_dop_operator_v3' retrieved from /home/airflow/.local/lib/python3.12/site-packages/airflow/example_dags/example_branch_python_dop_operator_3.py
[2024-11-16T05:36:27.365+0000] {logging_mixin.py:190} INFO - [2024-11-16T05:36:27.365+0000] {dag.py:3239} INFO - Sync 1 DAGs
[2024-11-16T05:36:27.382+0000] {logging_mixin.py:190} INFO - [2024-11-16T05:36:27.382+0000] {dag.py:4180} INFO - Setting next_dagrun for example_branch_dop_operator_v3 to 2024-11-16 05:35:00+00:00, run_after=2024-11-16 05:36:00+00:00
[2024-11-16T05:36:27.397+0000] {processor.py:208} INFO - Processing /home/airflow/.local/lib/python3.12/site-packages/airflow/example_dags/example_branch_python_dop_operator_3.py took 0.059 seconds
[2024-11-16T05:36:57.718+0000] {processor.py:186} INFO - Started process (PID=1052) to work on /home/airflow/.local/lib/python3.12/site-packages/airflow/example_dags/example_branch_python_dop_operator_3.py
[2024-11-16T05:36:57.720+0000] {processor.py:914} INFO - Processing file /home/airflow/.local/lib/python3.12/site-packages/airflow/example_dags/example_branch_python_dop_operator_3.py for tasks to queue
[2024-11-16T05:36:57.725+0000] {logging_mixin.py:190} INFO - [2024-11-16T05:36:57.724+0000] {dagbag.py:588} INFO - Filling up the DagBag from /home/airflow/.local/lib/python3.12/site-packages/airflow/example_dags/example_branch_python_dop_operator_3.py
[2024-11-16T05:36:57.744+0000] {processor.py:925} INFO - DAG(s) 'example_branch_dop_operator_v3' retrieved from /home/airflow/.local/lib/python3.12/site-packages/airflow/example_dags/example_branch_python_dop_operator_3.py
[2024-11-16T05:36:57.774+0000] {logging_mixin.py:190} INFO - [2024-11-16T05:36:57.774+0000] {dag.py:3239} INFO - Sync 1 DAGs
[2024-11-16T05:36:57.820+0000] {logging_mixin.py:190} INFO - [2024-11-16T05:36:57.819+0000] {dag.py:4180} INFO - Setting next_dagrun for example_branch_dop_operator_v3 to 2024-11-16 05:35:00+00:00, run_after=2024-11-16 05:36:00+00:00
[2024-11-16T05:36:57.863+0000] {processor.py:208} INFO - Processing /home/airflow/.local/lib/python3.12/site-packages/airflow/example_dags/example_branch_python_dop_operator_3.py took 0.151 seconds
[2024-11-16T05:37:28.611+0000] {processor.py:186} INFO - Started process (PID=1120) to work on /home/airflow/.local/lib/python3.12/site-packages/airflow/example_dags/example_branch_python_dop_operator_3.py
[2024-11-16T05:37:28.612+0000] {processor.py:914} INFO - Processing file /home/airflow/.local/lib/python3.12/site-packages/airflow/example_dags/example_branch_python_dop_operator_3.py for tasks to queue
[2024-11-16T05:37:28.613+0000] {logging_mixin.py:190} INFO - [2024-11-16T05:37:28.613+0000] {dagbag.py:588} INFO - Filling up the DagBag from /home/airflow/.local/lib/python3.12/site-packages/airflow/example_dags/example_branch_python_dop_operator_3.py
[2024-11-16T05:37:28.620+0000] {processor.py:925} INFO - DAG(s) 'example_branch_dop_operator_v3' retrieved from /home/airflow/.local/lib/python3.12/site-packages/airflow/example_dags/example_branch_python_dop_operator_3.py
[2024-11-16T05:37:28.633+0000] {logging_mixin.py:190} INFO - [2024-11-16T05:37:28.633+0000] {dag.py:3239} INFO - Sync 1 DAGs
[2024-11-16T05:37:28.650+0000] {logging_mixin.py:190} INFO - [2024-11-16T05:37:28.650+0000] {dag.py:4180} INFO - Setting next_dagrun for example_branch_dop_operator_v3 to 2024-11-16 05:36:00+00:00, run_after=2024-11-16 05:37:00+00:00
[2024-11-16T05:37:28.667+0000] {processor.py:208} INFO - Processing /home/airflow/.local/lib/python3.12/site-packages/airflow/example_dags/example_branch_python_dop_operator_3.py took 0.061 seconds
[2024-11-16T05:37:58.794+0000] {processor.py:186} INFO - Started process (PID=1188) to work on /home/airflow/.local/lib/python3.12/site-packages/airflow/example_dags/example_branch_python_dop_operator_3.py
[2024-11-16T05:37:58.795+0000] {processor.py:914} INFO - Processing file /home/airflow/.local/lib/python3.12/site-packages/airflow/example_dags/example_branch_python_dop_operator_3.py for tasks to queue
[2024-11-16T05:37:58.796+0000] {logging_mixin.py:190} INFO - [2024-11-16T05:37:58.796+0000] {dagbag.py:588} INFO - Filling up the DagBag from /home/airflow/.local/lib/python3.12/site-packages/airflow/example_dags/example_branch_python_dop_operator_3.py
[2024-11-16T05:37:58.803+0000] {processor.py:925} INFO - DAG(s) 'example_branch_dop_operator_v3' retrieved from /home/airflow/.local/lib/python3.12/site-packages/airflow/example_dags/example_branch_python_dop_operator_3.py
[2024-11-16T05:37:58.816+0000] {logging_mixin.py:190} INFO - [2024-11-16T05:37:58.815+0000] {dag.py:3239} INFO - Sync 1 DAGs
[2024-11-16T05:37:58.834+0000] {logging_mixin.py:190} INFO - [2024-11-16T05:37:58.834+0000] {dag.py:4180} INFO - Setting next_dagrun for example_branch_dop_operator_v3 to 2024-11-16 05:36:00+00:00, run_after=2024-11-16 05:37:00+00:00
[2024-11-16T05:37:58.850+0000] {processor.py:208} INFO - Processing /home/airflow/.local/lib/python3.12/site-packages/airflow/example_dags/example_branch_python_dop_operator_3.py took 0.060 seconds
[2024-11-16T05:38:29.630+0000] {processor.py:186} INFO - Started process (PID=1256) to work on /home/airflow/.local/lib/python3.12/site-packages/airflow/example_dags/example_branch_python_dop_operator_3.py
[2024-11-16T05:38:29.630+0000] {processor.py:914} INFO - Processing file /home/airflow/.local/lib/python3.12/site-packages/airflow/example_dags/example_branch_python_dop_operator_3.py for tasks to queue
[2024-11-16T05:38:29.633+0000] {logging_mixin.py:190} INFO - [2024-11-16T05:38:29.632+0000] {dagbag.py:588} INFO - Filling up the DagBag from /home/airflow/.local/lib/python3.12/site-packages/airflow/example_dags/example_branch_python_dop_operator_3.py
[2024-11-16T05:38:29.641+0000] {processor.py:925} INFO - DAG(s) 'example_branch_dop_operator_v3' retrieved from /home/airflow/.local/lib/python3.12/site-packages/airflow/example_dags/example_branch_python_dop_operator_3.py
[2024-11-16T05:38:29.654+0000] {logging_mixin.py:190} INFO - [2024-11-16T05:38:29.654+0000] {dag.py:3239} INFO - Sync 1 DAGs
[2024-11-16T05:38:29.674+0000] {logging_mixin.py:190} INFO - [2024-11-16T05:38:29.673+0000] {dag.py:4180} INFO - Setting next_dagrun for example_branch_dop_operator_v3 to 2024-11-16 05:37:00+00:00, run_after=2024-11-16 05:38:00+00:00
[2024-11-16T05:38:29.693+0000] {processor.py:208} INFO - Processing /home/airflow/.local/lib/python3.12/site-packages/airflow/example_dags/example_branch_python_dop_operator_3.py took 0.068 seconds
[2024-11-16T05:38:59.902+0000] {processor.py:186} INFO - Started process (PID=1324) to work on /home/airflow/.local/lib/python3.12/site-packages/airflow/example_dags/example_branch_python_dop_operator_3.py
[2024-11-16T05:38:59.903+0000] {processor.py:914} INFO - Processing file /home/airflow/.local/lib/python3.12/site-packages/airflow/example_dags/example_branch_python_dop_operator_3.py for tasks to queue
[2024-11-16T05:38:59.905+0000] {logging_mixin.py:190} INFO - [2024-11-16T05:38:59.905+0000] {dagbag.py:588} INFO - Filling up the DagBag from /home/airflow/.local/lib/python3.12/site-packages/airflow/example_dags/example_branch_python_dop_operator_3.py
[2024-11-16T05:38:59.912+0000] {processor.py:925} INFO - DAG(s) 'example_branch_dop_operator_v3' retrieved from /home/airflow/.local/lib/python3.12/site-packages/airflow/example_dags/example_branch_python_dop_operator_3.py
[2024-11-16T05:38:59.926+0000] {logging_mixin.py:190} INFO - [2024-11-16T05:38:59.926+0000] {dag.py:3239} INFO - Sync 1 DAGs
[2024-11-16T05:38:59.945+0000] {logging_mixin.py:190} INFO - [2024-11-16T05:38:59.945+0000] {dag.py:4180} INFO - Setting next_dagrun for example_branch_dop_operator_v3 to 2024-11-16 05:37:00+00:00, run_after=2024-11-16 05:38:00+00:00
[2024-11-16T05:38:59.963+0000] {processor.py:208} INFO - Processing /home/airflow/.local/lib/python3.12/site-packages/airflow/example_dags/example_branch_python_dop_operator_3.py took 0.065 seconds
[2024-11-16T05:45:59.773+0000] {processor.py:186} INFO - Started process (PID=90) to work on /home/airflow/.local/lib/python3.12/site-packages/airflow/example_dags/example_branch_python_dop_operator_3.py
[2024-11-16T05:45:59.774+0000] {processor.py:914} INFO - Processing file /home/airflow/.local/lib/python3.12/site-packages/airflow/example_dags/example_branch_python_dop_operator_3.py for tasks to queue
[2024-11-16T05:45:59.776+0000] {logging_mixin.py:190} INFO - [2024-11-16T05:45:59.776+0000] {dagbag.py:588} INFO - Filling up the DagBag from /home/airflow/.local/lib/python3.12/site-packages/airflow/example_dags/example_branch_python_dop_operator_3.py
[2024-11-16T05:45:59.792+0000] {processor.py:925} INFO - DAG(s) 'example_branch_dop_operator_v3' retrieved from /home/airflow/.local/lib/python3.12/site-packages/airflow/example_dags/example_branch_python_dop_operator_3.py
[2024-11-16T05:45:59.818+0000] {logging_mixin.py:190} INFO - [2024-11-16T05:45:59.817+0000] {dag.py:3239} INFO - Sync 1 DAGs
[2024-11-16T05:45:59.857+0000] {logging_mixin.py:190} INFO - [2024-11-16T05:45:59.857+0000] {dag.py:4180} INFO - Setting next_dagrun for example_branch_dop_operator_v3 to 2024-11-16 05:44:00+00:00, run_after=2024-11-16 05:45:00+00:00
[2024-11-16T05:45:59.894+0000] {processor.py:208} INFO - Processing /home/airflow/.local/lib/python3.12/site-packages/airflow/example_dags/example_branch_python_dop_operator_3.py took 0.129 seconds
[2024-11-16T05:46:30.598+0000] {processor.py:186} INFO - Started process (PID=156) to work on /home/airflow/.local/lib/python3.12/site-packages/airflow/example_dags/example_branch_python_dop_operator_3.py
[2024-11-16T05:46:30.598+0000] {processor.py:914} INFO - Processing file /home/airflow/.local/lib/python3.12/site-packages/airflow/example_dags/example_branch_python_dop_operator_3.py for tasks to queue
[2024-11-16T05:46:30.600+0000] {logging_mixin.py:190} INFO - [2024-11-16T05:46:30.600+0000] {dagbag.py:588} INFO - Filling up the DagBag from /home/airflow/.local/lib/python3.12/site-packages/airflow/example_dags/example_branch_python_dop_operator_3.py
[2024-11-16T05:46:30.607+0000] {processor.py:925} INFO - DAG(s) 'example_branch_dop_operator_v3' retrieved from /home/airflow/.local/lib/python3.12/site-packages/airflow/example_dags/example_branch_python_dop_operator_3.py
[2024-11-16T05:46:30.620+0000] {logging_mixin.py:190} INFO - [2024-11-16T05:46:30.620+0000] {dag.py:3239} INFO - Sync 1 DAGs
[2024-11-16T05:46:30.639+0000] {logging_mixin.py:190} INFO - [2024-11-16T05:46:30.639+0000] {dag.py:4180} INFO - Setting next_dagrun for example_branch_dop_operator_v3 to 2024-11-16 05:45:00+00:00, run_after=2024-11-16 05:46:00+00:00
[2024-11-16T05:46:30.652+0000] {processor.py:208} INFO - Processing /home/airflow/.local/lib/python3.12/site-packages/airflow/example_dags/example_branch_python_dop_operator_3.py took 0.058 seconds
[2024-11-16T05:47:01.749+0000] {processor.py:186} INFO - Started process (PID=224) to work on /home/airflow/.local/lib/python3.12/site-packages/airflow/example_dags/example_branch_python_dop_operator_3.py
[2024-11-16T05:47:01.750+0000] {processor.py:914} INFO - Processing file /home/airflow/.local/lib/python3.12/site-packages/airflow/example_dags/example_branch_python_dop_operator_3.py for tasks to queue
[2024-11-16T05:47:01.752+0000] {logging_mixin.py:190} INFO - [2024-11-16T05:47:01.752+0000] {dagbag.py:588} INFO - Filling up the DagBag from /home/airflow/.local/lib/python3.12/site-packages/airflow/example_dags/example_branch_python_dop_operator_3.py
[2024-11-16T05:47:01.759+0000] {processor.py:925} INFO - DAG(s) 'example_branch_dop_operator_v3' retrieved from /home/airflow/.local/lib/python3.12/site-packages/airflow/example_dags/example_branch_python_dop_operator_3.py
[2024-11-16T05:47:01.778+0000] {logging_mixin.py:190} INFO - [2024-11-16T05:47:01.778+0000] {dag.py:3239} INFO - Sync 1 DAGs
[2024-11-16T05:47:01.808+0000] {logging_mixin.py:190} INFO - [2024-11-16T05:47:01.808+0000] {dag.py:4180} INFO - Setting next_dagrun for example_branch_dop_operator_v3 to 2024-11-16 05:46:00+00:00, run_after=2024-11-16 05:47:00+00:00
[2024-11-16T05:47:01.831+0000] {processor.py:208} INFO - Processing /home/airflow/.local/lib/python3.12/site-packages/airflow/example_dags/example_branch_python_dop_operator_3.py took 0.085 seconds
[2024-11-16T05:47:31.974+0000] {processor.py:186} INFO - Started process (PID=291) to work on /home/airflow/.local/lib/python3.12/site-packages/airflow/example_dags/example_branch_python_dop_operator_3.py
[2024-11-16T05:47:31.975+0000] {processor.py:914} INFO - Processing file /home/airflow/.local/lib/python3.12/site-packages/airflow/example_dags/example_branch_python_dop_operator_3.py for tasks to queue
[2024-11-16T05:47:31.977+0000] {logging_mixin.py:190} INFO - [2024-11-16T05:47:31.976+0000] {dagbag.py:588} INFO - Filling up the DagBag from /home/airflow/.local/lib/python3.12/site-packages/airflow/example_dags/example_branch_python_dop_operator_3.py
[2024-11-16T05:47:31.983+0000] {processor.py:925} INFO - DAG(s) 'example_branch_dop_operator_v3' retrieved from /home/airflow/.local/lib/python3.12/site-packages/airflow/example_dags/example_branch_python_dop_operator_3.py
[2024-11-16T05:47:31.996+0000] {logging_mixin.py:190} INFO - [2024-11-16T05:47:31.996+0000] {dag.py:3239} INFO - Sync 1 DAGs
[2024-11-16T05:47:32.013+0000] {logging_mixin.py:190} INFO - [2024-11-16T05:47:32.013+0000] {dag.py:4180} INFO - Setting next_dagrun for example_branch_dop_operator_v3 to 2024-11-16 05:46:00+00:00, run_after=2024-11-16 05:47:00+00:00
[2024-11-16T05:47:32.027+0000] {processor.py:208} INFO - Processing /home/airflow/.local/lib/python3.12/site-packages/airflow/example_dags/example_branch_python_dop_operator_3.py took 0.056 seconds
[2024-11-16T05:48:02.078+0000] {processor.py:186} INFO - Started process (PID=359) to work on /home/airflow/.local/lib/python3.12/site-packages/airflow/example_dags/example_branch_python_dop_operator_3.py
[2024-11-16T05:48:02.079+0000] {processor.py:914} INFO - Processing file /home/airflow/.local/lib/python3.12/site-packages/airflow/example_dags/example_branch_python_dop_operator_3.py for tasks to queue
[2024-11-16T05:48:02.081+0000] {logging_mixin.py:190} INFO - [2024-11-16T05:48:02.080+0000] {dagbag.py:588} INFO - Filling up the DagBag from /home/airflow/.local/lib/python3.12/site-packages/airflow/example_dags/example_branch_python_dop_operator_3.py
[2024-11-16T05:48:02.088+0000] {processor.py:925} INFO - DAG(s) 'example_branch_dop_operator_v3' retrieved from /home/airflow/.local/lib/python3.12/site-packages/airflow/example_dags/example_branch_python_dop_operator_3.py
[2024-11-16T05:48:02.100+0000] {logging_mixin.py:190} INFO - [2024-11-16T05:48:02.100+0000] {dag.py:3239} INFO - Sync 1 DAGs
[2024-11-16T05:48:02.117+0000] {logging_mixin.py:190} INFO - [2024-11-16T05:48:02.117+0000] {dag.py:4180} INFO - Setting next_dagrun for example_branch_dop_operator_v3 to 2024-11-16 05:47:00+00:00, run_after=2024-11-16 05:48:00+00:00
[2024-11-16T05:48:02.132+0000] {processor.py:208} INFO - Processing /home/airflow/.local/lib/python3.12/site-packages/airflow/example_dags/example_branch_python_dop_operator_3.py took 0.057 seconds
[2024-11-16T05:48:33.085+0000] {processor.py:186} INFO - Started process (PID=427) to work on /home/airflow/.local/lib/python3.12/site-packages/airflow/example_dags/example_branch_python_dop_operator_3.py
[2024-11-16T05:48:33.086+0000] {processor.py:914} INFO - Processing file /home/airflow/.local/lib/python3.12/site-packages/airflow/example_dags/example_branch_python_dop_operator_3.py for tasks to queue
[2024-11-16T05:48:33.089+0000] {logging_mixin.py:190} INFO - [2024-11-16T05:48:33.089+0000] {dagbag.py:588} INFO - Filling up the DagBag from /home/airflow/.local/lib/python3.12/site-packages/airflow/example_dags/example_branch_python_dop_operator_3.py
[2024-11-16T05:48:33.096+0000] {processor.py:925} INFO - DAG(s) 'example_branch_dop_operator_v3' retrieved from /home/airflow/.local/lib/python3.12/site-packages/airflow/example_dags/example_branch_python_dop_operator_3.py
[2024-11-16T05:48:33.113+0000] {logging_mixin.py:190} INFO - [2024-11-16T05:48:33.112+0000] {dag.py:3239} INFO - Sync 1 DAGs
[2024-11-16T05:48:33.136+0000] {logging_mixin.py:190} INFO - [2024-11-16T05:48:33.136+0000] {dag.py:4180} INFO - Setting next_dagrun for example_branch_dop_operator_v3 to 2024-11-16 05:47:00+00:00, run_after=2024-11-16 05:48:00+00:00
[2024-11-16T05:48:33.160+0000] {processor.py:208} INFO - Processing /home/airflow/.local/lib/python3.12/site-packages/airflow/example_dags/example_branch_python_dop_operator_3.py took 0.080 seconds
[2024-11-16T05:49:03.745+0000] {processor.py:186} INFO - Started process (PID=495) to work on /home/airflow/.local/lib/python3.12/site-packages/airflow/example_dags/example_branch_python_dop_operator_3.py
[2024-11-16T05:49:03.746+0000] {processor.py:914} INFO - Processing file /home/airflow/.local/lib/python3.12/site-packages/airflow/example_dags/example_branch_python_dop_operator_3.py for tasks to queue
[2024-11-16T05:49:03.747+0000] {logging_mixin.py:190} INFO - [2024-11-16T05:49:03.747+0000] {dagbag.py:588} INFO - Filling up the DagBag from /home/airflow/.local/lib/python3.12/site-packages/airflow/example_dags/example_branch_python_dop_operator_3.py
[2024-11-16T05:49:03.754+0000] {processor.py:925} INFO - DAG(s) 'example_branch_dop_operator_v3' retrieved from /home/airflow/.local/lib/python3.12/site-packages/airflow/example_dags/example_branch_python_dop_operator_3.py
[2024-11-16T05:49:03.768+0000] {logging_mixin.py:190} INFO - [2024-11-16T05:49:03.767+0000] {dag.py:3239} INFO - Sync 1 DAGs
[2024-11-16T05:49:03.783+0000] {logging_mixin.py:190} INFO - [2024-11-16T05:49:03.783+0000] {dag.py:4180} INFO - Setting next_dagrun for example_branch_dop_operator_v3 to 2024-11-16 05:48:00+00:00, run_after=2024-11-16 05:49:00+00:00
[2024-11-16T05:49:03.796+0000] {processor.py:208} INFO - Processing /home/airflow/.local/lib/python3.12/site-packages/airflow/example_dags/example_branch_python_dop_operator_3.py took 0.056 seconds
[2024-11-16T05:49:34.477+0000] {processor.py:186} INFO - Started process (PID=563) to work on /home/airflow/.local/lib/python3.12/site-packages/airflow/example_dags/example_branch_python_dop_operator_3.py
[2024-11-16T05:49:34.478+0000] {processor.py:914} INFO - Processing file /home/airflow/.local/lib/python3.12/site-packages/airflow/example_dags/example_branch_python_dop_operator_3.py for tasks to queue
[2024-11-16T05:49:34.479+0000] {logging_mixin.py:190} INFO - [2024-11-16T05:49:34.479+0000] {dagbag.py:588} INFO - Filling up the DagBag from /home/airflow/.local/lib/python3.12/site-packages/airflow/example_dags/example_branch_python_dop_operator_3.py
[2024-11-16T05:49:34.485+0000] {processor.py:925} INFO - DAG(s) 'example_branch_dop_operator_v3' retrieved from /home/airflow/.local/lib/python3.12/site-packages/airflow/example_dags/example_branch_python_dop_operator_3.py
[2024-11-16T05:49:34.496+0000] {logging_mixin.py:190} INFO - [2024-11-16T05:49:34.496+0000] {dag.py:3239} INFO - Sync 1 DAGs
[2024-11-16T05:49:34.511+0000] {logging_mixin.py:190} INFO - [2024-11-16T05:49:34.511+0000] {dag.py:4180} INFO - Setting next_dagrun for example_branch_dop_operator_v3 to 2024-11-16 05:48:00+00:00, run_after=2024-11-16 05:49:00+00:00
[2024-11-16T05:49:34.523+0000] {processor.py:208} INFO - Processing /home/airflow/.local/lib/python3.12/site-packages/airflow/example_dags/example_branch_python_dop_operator_3.py took 0.049 seconds
[2024-11-16T05:50:49.014+0000] {processor.py:186} INFO - Started process (PID=96) to work on /home/airflow/.local/lib/python3.12/site-packages/airflow/example_dags/example_branch_python_dop_operator_3.py
[2024-11-16T05:50:49.014+0000] {processor.py:914} INFO - Processing file /home/airflow/.local/lib/python3.12/site-packages/airflow/example_dags/example_branch_python_dop_operator_3.py for tasks to queue
[2024-11-16T05:50:49.016+0000] {logging_mixin.py:190} INFO - [2024-11-16T05:50:49.016+0000] {dagbag.py:588} INFO - Filling up the DagBag from /home/airflow/.local/lib/python3.12/site-packages/airflow/example_dags/example_branch_python_dop_operator_3.py
[2024-11-16T05:50:49.025+0000] {processor.py:925} INFO - DAG(s) 'example_branch_dop_operator_v3' retrieved from /home/airflow/.local/lib/python3.12/site-packages/airflow/example_dags/example_branch_python_dop_operator_3.py
[2024-11-16T05:50:49.041+0000] {logging_mixin.py:190} INFO - [2024-11-16T05:50:49.040+0000] {dag.py:3239} INFO - Sync 1 DAGs
[2024-11-16T05:50:49.064+0000] {logging_mixin.py:190} INFO - [2024-11-16T05:50:49.064+0000] {dag.py:4180} INFO - Setting next_dagrun for example_branch_dop_operator_v3 to 2024-11-16 05:49:00+00:00, run_after=2024-11-16 05:50:00+00:00
[2024-11-16T05:50:49.083+0000] {processor.py:208} INFO - Processing /home/airflow/.local/lib/python3.12/site-packages/airflow/example_dags/example_branch_python_dop_operator_3.py took 0.074 seconds
[2024-11-16T05:51:19.493+0000] {processor.py:186} INFO - Started process (PID=163) to work on /home/airflow/.local/lib/python3.12/site-packages/airflow/example_dags/example_branch_python_dop_operator_3.py
[2024-11-16T05:51:19.494+0000] {processor.py:914} INFO - Processing file /home/airflow/.local/lib/python3.12/site-packages/airflow/example_dags/example_branch_python_dop_operator_3.py for tasks to queue
[2024-11-16T05:51:19.496+0000] {logging_mixin.py:190} INFO - [2024-11-16T05:51:19.496+0000] {dagbag.py:588} INFO - Filling up the DagBag from /home/airflow/.local/lib/python3.12/site-packages/airflow/example_dags/example_branch_python_dop_operator_3.py
[2024-11-16T05:51:19.505+0000] {processor.py:925} INFO - DAG(s) 'example_branch_dop_operator_v3' retrieved from /home/airflow/.local/lib/python3.12/site-packages/airflow/example_dags/example_branch_python_dop_operator_3.py
[2024-11-16T05:51:19.523+0000] {logging_mixin.py:190} INFO - [2024-11-16T05:51:19.523+0000] {dag.py:3239} INFO - Sync 1 DAGs
[2024-11-16T05:51:19.550+0000] {logging_mixin.py:190} INFO - [2024-11-16T05:51:19.550+0000] {dag.py:4180} INFO - Setting next_dagrun for example_branch_dop_operator_v3 to 2024-11-16 05:50:00+00:00, run_after=2024-11-16 05:51:00+00:00
[2024-11-16T05:51:19.572+0000] {processor.py:208} INFO - Processing /home/airflow/.local/lib/python3.12/site-packages/airflow/example_dags/example_branch_python_dop_operator_3.py took 0.083 seconds
[2024-11-16T05:51:49.767+0000] {processor.py:186} INFO - Started process (PID=231) to work on /home/airflow/.local/lib/python3.12/site-packages/airflow/example_dags/example_branch_python_dop_operator_3.py
[2024-11-16T05:51:49.768+0000] {processor.py:914} INFO - Processing file /home/airflow/.local/lib/python3.12/site-packages/airflow/example_dags/example_branch_python_dop_operator_3.py for tasks to queue
[2024-11-16T05:51:49.770+0000] {logging_mixin.py:190} INFO - [2024-11-16T05:51:49.770+0000] {dagbag.py:588} INFO - Filling up the DagBag from /home/airflow/.local/lib/python3.12/site-packages/airflow/example_dags/example_branch_python_dop_operator_3.py
[2024-11-16T05:51:49.778+0000] {processor.py:925} INFO - DAG(s) 'example_branch_dop_operator_v3' retrieved from /home/airflow/.local/lib/python3.12/site-packages/airflow/example_dags/example_branch_python_dop_operator_3.py
[2024-11-16T05:51:49.799+0000] {logging_mixin.py:190} INFO - [2024-11-16T05:51:49.799+0000] {dag.py:3239} INFO - Sync 1 DAGs
[2024-11-16T05:51:49.841+0000] {logging_mixin.py:190} INFO - [2024-11-16T05:51:49.840+0000] {dag.py:4180} INFO - Setting next_dagrun for example_branch_dop_operator_v3 to 2024-11-16 05:50:00+00:00, run_after=2024-11-16 05:51:00+00:00
[2024-11-16T05:51:49.866+0000] {processor.py:208} INFO - Processing /home/airflow/.local/lib/python3.12/site-packages/airflow/example_dags/example_branch_python_dop_operator_3.py took 0.104 seconds
[2024-11-16T05:52:20.825+0000] {processor.py:186} INFO - Started process (PID=299) to work on /home/airflow/.local/lib/python3.12/site-packages/airflow/example_dags/example_branch_python_dop_operator_3.py
[2024-11-16T05:52:20.825+0000] {processor.py:914} INFO - Processing file /home/airflow/.local/lib/python3.12/site-packages/airflow/example_dags/example_branch_python_dop_operator_3.py for tasks to queue
[2024-11-16T05:52:20.827+0000] {logging_mixin.py:190} INFO - [2024-11-16T05:52:20.827+0000] {dagbag.py:588} INFO - Filling up the DagBag from /home/airflow/.local/lib/python3.12/site-packages/airflow/example_dags/example_branch_python_dop_operator_3.py
[2024-11-16T05:52:20.835+0000] {processor.py:925} INFO - DAG(s) 'example_branch_dop_operator_v3' retrieved from /home/airflow/.local/lib/python3.12/site-packages/airflow/example_dags/example_branch_python_dop_operator_3.py
[2024-11-16T05:52:20.852+0000] {logging_mixin.py:190} INFO - [2024-11-16T05:52:20.851+0000] {dag.py:3239} INFO - Sync 1 DAGs
[2024-11-16T05:52:20.873+0000] {logging_mixin.py:190} INFO - [2024-11-16T05:52:20.873+0000] {dag.py:4180} INFO - Setting next_dagrun for example_branch_dop_operator_v3 to 2024-11-16 05:51:00+00:00, run_after=2024-11-16 05:52:00+00:00
[2024-11-16T05:52:20.890+0000] {processor.py:208} INFO - Processing /home/airflow/.local/lib/python3.12/site-packages/airflow/example_dags/example_branch_python_dop_operator_3.py took 0.070 seconds
[2024-11-16T05:52:50.969+0000] {processor.py:186} INFO - Started process (PID=366) to work on /home/airflow/.local/lib/python3.12/site-packages/airflow/example_dags/example_branch_python_dop_operator_3.py
[2024-11-16T05:52:50.969+0000] {processor.py:914} INFO - Processing file /home/airflow/.local/lib/python3.12/site-packages/airflow/example_dags/example_branch_python_dop_operator_3.py for tasks to queue
[2024-11-16T05:52:50.971+0000] {logging_mixin.py:190} INFO - [2024-11-16T05:52:50.971+0000] {dagbag.py:588} INFO - Filling up the DagBag from /home/airflow/.local/lib/python3.12/site-packages/airflow/example_dags/example_branch_python_dop_operator_3.py
[2024-11-16T05:52:50.977+0000] {processor.py:925} INFO - DAG(s) 'example_branch_dop_operator_v3' retrieved from /home/airflow/.local/lib/python3.12/site-packages/airflow/example_dags/example_branch_python_dop_operator_3.py
[2024-11-16T05:52:50.988+0000] {logging_mixin.py:190} INFO - [2024-11-16T05:52:50.988+0000] {dag.py:3239} INFO - Sync 1 DAGs
[2024-11-16T05:52:51.005+0000] {logging_mixin.py:190} INFO - [2024-11-16T05:52:51.005+0000] {dag.py:4180} INFO - Setting next_dagrun for example_branch_dop_operator_v3 to 2024-11-16 05:51:00+00:00, run_after=2024-11-16 05:52:00+00:00
[2024-11-16T05:52:51.017+0000] {processor.py:208} INFO - Processing /home/airflow/.local/lib/python3.12/site-packages/airflow/example_dags/example_branch_python_dop_operator_3.py took 0.052 seconds
[2024-11-16T05:53:21.504+0000] {processor.py:186} INFO - Started process (PID=434) to work on /home/airflow/.local/lib/python3.12/site-packages/airflow/example_dags/example_branch_python_dop_operator_3.py
[2024-11-16T05:53:21.505+0000] {processor.py:914} INFO - Processing file /home/airflow/.local/lib/python3.12/site-packages/airflow/example_dags/example_branch_python_dop_operator_3.py for tasks to queue
[2024-11-16T05:53:21.506+0000] {logging_mixin.py:190} INFO - [2024-11-16T05:53:21.506+0000] {dagbag.py:588} INFO - Filling up the DagBag from /home/airflow/.local/lib/python3.12/site-packages/airflow/example_dags/example_branch_python_dop_operator_3.py
[2024-11-16T05:53:21.513+0000] {processor.py:925} INFO - DAG(s) 'example_branch_dop_operator_v3' retrieved from /home/airflow/.local/lib/python3.12/site-packages/airflow/example_dags/example_branch_python_dop_operator_3.py
[2024-11-16T05:53:21.524+0000] {logging_mixin.py:190} INFO - [2024-11-16T05:53:21.524+0000] {dag.py:3239} INFO - Sync 1 DAGs
[2024-11-16T05:53:21.540+0000] {logging_mixin.py:190} INFO - [2024-11-16T05:53:21.540+0000] {dag.py:4180} INFO - Setting next_dagrun for example_branch_dop_operator_v3 to 2024-11-16 05:52:00+00:00, run_after=2024-11-16 05:53:00+00:00
[2024-11-16T05:53:21.553+0000] {processor.py:208} INFO - Processing /home/airflow/.local/lib/python3.12/site-packages/airflow/example_dags/example_branch_python_dop_operator_3.py took 0.053 seconds
[2024-11-16T05:53:52.011+0000] {processor.py:186} INFO - Started process (PID=502) to work on /home/airflow/.local/lib/python3.12/site-packages/airflow/example_dags/example_branch_python_dop_operator_3.py
[2024-11-16T05:53:52.012+0000] {processor.py:914} INFO - Processing file /home/airflow/.local/lib/python3.12/site-packages/airflow/example_dags/example_branch_python_dop_operator_3.py for tasks to queue
[2024-11-16T05:53:52.013+0000] {logging_mixin.py:190} INFO - [2024-11-16T05:53:52.013+0000] {dagbag.py:588} INFO - Filling up the DagBag from /home/airflow/.local/lib/python3.12/site-packages/airflow/example_dags/example_branch_python_dop_operator_3.py
[2024-11-16T05:53:52.019+0000] {processor.py:925} INFO - DAG(s) 'example_branch_dop_operator_v3' retrieved from /home/airflow/.local/lib/python3.12/site-packages/airflow/example_dags/example_branch_python_dop_operator_3.py
[2024-11-16T05:53:52.032+0000] {logging_mixin.py:190} INFO - [2024-11-16T05:53:52.032+0000] {dag.py:3239} INFO - Sync 1 DAGs
[2024-11-16T05:53:52.048+0000] {logging_mixin.py:190} INFO - [2024-11-16T05:53:52.047+0000] {dag.py:4180} INFO - Setting next_dagrun for example_branch_dop_operator_v3 to 2024-11-16 05:52:00+00:00, run_after=2024-11-16 05:53:00+00:00
[2024-11-16T05:53:52.059+0000] {processor.py:208} INFO - Processing /home/airflow/.local/lib/python3.12/site-packages/airflow/example_dags/example_branch_python_dop_operator_3.py took 0.052 seconds
[2024-11-16T05:54:22.415+0000] {processor.py:186} INFO - Started process (PID=570) to work on /home/airflow/.local/lib/python3.12/site-packages/airflow/example_dags/example_branch_python_dop_operator_3.py
[2024-11-16T05:54:22.416+0000] {processor.py:914} INFO - Processing file /home/airflow/.local/lib/python3.12/site-packages/airflow/example_dags/example_branch_python_dop_operator_3.py for tasks to queue
[2024-11-16T05:54:22.418+0000] {logging_mixin.py:190} INFO - [2024-11-16T05:54:22.418+0000] {dagbag.py:588} INFO - Filling up the DagBag from /home/airflow/.local/lib/python3.12/site-packages/airflow/example_dags/example_branch_python_dop_operator_3.py
[2024-11-16T05:54:22.425+0000] {processor.py:925} INFO - DAG(s) 'example_branch_dop_operator_v3' retrieved from /home/airflow/.local/lib/python3.12/site-packages/airflow/example_dags/example_branch_python_dop_operator_3.py
[2024-11-16T05:54:22.437+0000] {logging_mixin.py:190} INFO - [2024-11-16T05:54:22.437+0000] {dag.py:3239} INFO - Sync 1 DAGs
[2024-11-16T05:54:22.454+0000] {logging_mixin.py:190} INFO - [2024-11-16T05:54:22.454+0000] {dag.py:4180} INFO - Setting next_dagrun for example_branch_dop_operator_v3 to 2024-11-16 05:53:00+00:00, run_after=2024-11-16 05:54:00+00:00
[2024-11-16T05:54:22.466+0000] {processor.py:208} INFO - Processing /home/airflow/.local/lib/python3.12/site-packages/airflow/example_dags/example_branch_python_dop_operator_3.py took 0.055 seconds
[2024-11-16T05:54:52.705+0000] {processor.py:186} INFO - Started process (PID=638) to work on /home/airflow/.local/lib/python3.12/site-packages/airflow/example_dags/example_branch_python_dop_operator_3.py
[2024-11-16T05:54:52.706+0000] {processor.py:914} INFO - Processing file /home/airflow/.local/lib/python3.12/site-packages/airflow/example_dags/example_branch_python_dop_operator_3.py for tasks to queue
[2024-11-16T05:54:52.707+0000] {logging_mixin.py:190} INFO - [2024-11-16T05:54:52.707+0000] {dagbag.py:588} INFO - Filling up the DagBag from /home/airflow/.local/lib/python3.12/site-packages/airflow/example_dags/example_branch_python_dop_operator_3.py
[2024-11-16T05:54:52.714+0000] {processor.py:925} INFO - DAG(s) 'example_branch_dop_operator_v3' retrieved from /home/airflow/.local/lib/python3.12/site-packages/airflow/example_dags/example_branch_python_dop_operator_3.py
[2024-11-16T05:54:52.725+0000] {logging_mixin.py:190} INFO - [2024-11-16T05:54:52.725+0000] {dag.py:3239} INFO - Sync 1 DAGs
[2024-11-16T05:54:52.742+0000] {logging_mixin.py:190} INFO - [2024-11-16T05:54:52.742+0000] {dag.py:4180} INFO - Setting next_dagrun for example_branch_dop_operator_v3 to 2024-11-16 05:53:00+00:00, run_after=2024-11-16 05:54:00+00:00
[2024-11-16T05:54:52.756+0000] {processor.py:208} INFO - Processing /home/airflow/.local/lib/python3.12/site-packages/airflow/example_dags/example_branch_python_dop_operator_3.py took 0.055 seconds
[2024-11-16T05:55:23.188+0000] {processor.py:186} INFO - Started process (PID=706) to work on /home/airflow/.local/lib/python3.12/site-packages/airflow/example_dags/example_branch_python_dop_operator_3.py
[2024-11-16T05:55:23.188+0000] {processor.py:914} INFO - Processing file /home/airflow/.local/lib/python3.12/site-packages/airflow/example_dags/example_branch_python_dop_operator_3.py for tasks to queue
[2024-11-16T05:55:23.190+0000] {logging_mixin.py:190} INFO - [2024-11-16T05:55:23.190+0000] {dagbag.py:588} INFO - Filling up the DagBag from /home/airflow/.local/lib/python3.12/site-packages/airflow/example_dags/example_branch_python_dop_operator_3.py
[2024-11-16T05:55:23.196+0000] {processor.py:925} INFO - DAG(s) 'example_branch_dop_operator_v3' retrieved from /home/airflow/.local/lib/python3.12/site-packages/airflow/example_dags/example_branch_python_dop_operator_3.py
[2024-11-16T05:55:23.210+0000] {logging_mixin.py:190} INFO - [2024-11-16T05:55:23.209+0000] {dag.py:3239} INFO - Sync 1 DAGs
[2024-11-16T05:55:23.227+0000] {logging_mixin.py:190} INFO - [2024-11-16T05:55:23.227+0000] {dag.py:4180} INFO - Setting next_dagrun for example_branch_dop_operator_v3 to 2024-11-16 05:54:00+00:00, run_after=2024-11-16 05:55:00+00:00
[2024-11-16T05:55:23.241+0000] {processor.py:208} INFO - Processing /home/airflow/.local/lib/python3.12/site-packages/airflow/example_dags/example_branch_python_dop_operator_3.py took 0.057 seconds
[2024-11-16T05:55:53.561+0000] {processor.py:186} INFO - Started process (PID=774) to work on /home/airflow/.local/lib/python3.12/site-packages/airflow/example_dags/example_branch_python_dop_operator_3.py
[2024-11-16T05:55:53.562+0000] {processor.py:914} INFO - Processing file /home/airflow/.local/lib/python3.12/site-packages/airflow/example_dags/example_branch_python_dop_operator_3.py for tasks to queue
[2024-11-16T05:55:53.563+0000] {logging_mixin.py:190} INFO - [2024-11-16T05:55:53.563+0000] {dagbag.py:588} INFO - Filling up the DagBag from /home/airflow/.local/lib/python3.12/site-packages/airflow/example_dags/example_branch_python_dop_operator_3.py
[2024-11-16T05:55:53.569+0000] {processor.py:925} INFO - DAG(s) 'example_branch_dop_operator_v3' retrieved from /home/airflow/.local/lib/python3.12/site-packages/airflow/example_dags/example_branch_python_dop_operator_3.py
[2024-11-16T05:55:53.581+0000] {logging_mixin.py:190} INFO - [2024-11-16T05:55:53.581+0000] {dag.py:3239} INFO - Sync 1 DAGs
[2024-11-16T05:55:53.597+0000] {logging_mixin.py:190} INFO - [2024-11-16T05:55:53.596+0000] {dag.py:4180} INFO - Setting next_dagrun for example_branch_dop_operator_v3 to 2024-11-16 05:54:00+00:00, run_after=2024-11-16 05:55:00+00:00
[2024-11-16T05:55:53.609+0000] {processor.py:208} INFO - Processing /home/airflow/.local/lib/python3.12/site-packages/airflow/example_dags/example_branch_python_dop_operator_3.py took 0.052 seconds
[2024-11-16T05:56:23.917+0000] {processor.py:186} INFO - Started process (PID=842) to work on /home/airflow/.local/lib/python3.12/site-packages/airflow/example_dags/example_branch_python_dop_operator_3.py
[2024-11-16T05:56:23.918+0000] {processor.py:914} INFO - Processing file /home/airflow/.local/lib/python3.12/site-packages/airflow/example_dags/example_branch_python_dop_operator_3.py for tasks to queue
[2024-11-16T05:56:23.920+0000] {logging_mixin.py:190} INFO - [2024-11-16T05:56:23.919+0000] {dagbag.py:588} INFO - Filling up the DagBag from /home/airflow/.local/lib/python3.12/site-packages/airflow/example_dags/example_branch_python_dop_operator_3.py
[2024-11-16T05:56:23.926+0000] {processor.py:925} INFO - DAG(s) 'example_branch_dop_operator_v3' retrieved from /home/airflow/.local/lib/python3.12/site-packages/airflow/example_dags/example_branch_python_dop_operator_3.py
[2024-11-16T05:56:23.941+0000] {logging_mixin.py:190} INFO - [2024-11-16T05:56:23.941+0000] {dag.py:3239} INFO - Sync 1 DAGs
[2024-11-16T05:56:23.963+0000] {logging_mixin.py:190} INFO - [2024-11-16T05:56:23.963+0000] {dag.py:4180} INFO - Setting next_dagrun for example_branch_dop_operator_v3 to 2024-11-16 05:55:00+00:00, run_after=2024-11-16 05:56:00+00:00
[2024-11-16T05:56:23.980+0000] {processor.py:208} INFO - Processing /home/airflow/.local/lib/python3.12/site-packages/airflow/example_dags/example_branch_python_dop_operator_3.py took 0.066 seconds
[2024-11-16T05:56:54.194+0000] {processor.py:186} INFO - Started process (PID=910) to work on /home/airflow/.local/lib/python3.12/site-packages/airflow/example_dags/example_branch_python_dop_operator_3.py
[2024-11-16T05:56:54.195+0000] {processor.py:914} INFO - Processing file /home/airflow/.local/lib/python3.12/site-packages/airflow/example_dags/example_branch_python_dop_operator_3.py for tasks to queue
[2024-11-16T05:56:54.197+0000] {logging_mixin.py:190} INFO - [2024-11-16T05:56:54.196+0000] {dagbag.py:588} INFO - Filling up the DagBag from /home/airflow/.local/lib/python3.12/site-packages/airflow/example_dags/example_branch_python_dop_operator_3.py
[2024-11-16T05:56:54.202+0000] {processor.py:925} INFO - DAG(s) 'example_branch_dop_operator_v3' retrieved from /home/airflow/.local/lib/python3.12/site-packages/airflow/example_dags/example_branch_python_dop_operator_3.py
[2024-11-16T05:56:54.214+0000] {logging_mixin.py:190} INFO - [2024-11-16T05:56:54.214+0000] {dag.py:3239} INFO - Sync 1 DAGs
[2024-11-16T05:56:54.229+0000] {logging_mixin.py:190} INFO - [2024-11-16T05:56:54.229+0000] {dag.py:4180} INFO - Setting next_dagrun for example_branch_dop_operator_v3 to 2024-11-16 05:55:00+00:00, run_after=2024-11-16 05:56:00+00:00
[2024-11-16T05:56:54.241+0000] {processor.py:208} INFO - Processing /home/airflow/.local/lib/python3.12/site-packages/airflow/example_dags/example_branch_python_dop_operator_3.py took 0.049 seconds
[2024-11-16T05:57:24.797+0000] {processor.py:186} INFO - Started process (PID=978) to work on /home/airflow/.local/lib/python3.12/site-packages/airflow/example_dags/example_branch_python_dop_operator_3.py
[2024-11-16T05:57:24.798+0000] {processor.py:914} INFO - Processing file /home/airflow/.local/lib/python3.12/site-packages/airflow/example_dags/example_branch_python_dop_operator_3.py for tasks to queue
[2024-11-16T05:57:24.800+0000] {logging_mixin.py:190} INFO - [2024-11-16T05:57:24.800+0000] {dagbag.py:588} INFO - Filling up the DagBag from /home/airflow/.local/lib/python3.12/site-packages/airflow/example_dags/example_branch_python_dop_operator_3.py
[2024-11-16T05:57:24.809+0000] {processor.py:925} INFO - DAG(s) 'example_branch_dop_operator_v3' retrieved from /home/airflow/.local/lib/python3.12/site-packages/airflow/example_dags/example_branch_python_dop_operator_3.py
[2024-11-16T05:57:24.824+0000] {logging_mixin.py:190} INFO - [2024-11-16T05:57:24.824+0000] {dag.py:3239} INFO - Sync 1 DAGs
[2024-11-16T05:57:24.848+0000] {logging_mixin.py:190} INFO - [2024-11-16T05:57:24.848+0000] {dag.py:4180} INFO - Setting next_dagrun for example_branch_dop_operator_v3 to 2024-11-16 05:56:00+00:00, run_after=2024-11-16 05:57:00+00:00
[2024-11-16T05:57:24.865+0000] {processor.py:208} INFO - Processing /home/airflow/.local/lib/python3.12/site-packages/airflow/example_dags/example_branch_python_dop_operator_3.py took 0.072 seconds
[2024-11-16T06:44:17.244+0000] {processor.py:186} INFO - Started process (PID=104) to work on /home/airflow/.local/lib/python3.12/site-packages/airflow/example_dags/example_branch_python_dop_operator_3.py
[2024-11-16T06:44:17.245+0000] {processor.py:914} INFO - Processing file /home/airflow/.local/lib/python3.12/site-packages/airflow/example_dags/example_branch_python_dop_operator_3.py for tasks to queue
[2024-11-16T06:44:17.247+0000] {logging_mixin.py:190} INFO - [2024-11-16T06:44:17.247+0000] {dagbag.py:588} INFO - Filling up the DagBag from /home/airflow/.local/lib/python3.12/site-packages/airflow/example_dags/example_branch_python_dop_operator_3.py
[2024-11-16T06:44:17.261+0000] {processor.py:925} INFO - DAG(s) 'example_branch_dop_operator_v3' retrieved from /home/airflow/.local/lib/python3.12/site-packages/airflow/example_dags/example_branch_python_dop_operator_3.py
[2024-11-16T06:44:17.284+0000] {logging_mixin.py:190} INFO - [2024-11-16T06:44:17.283+0000] {dag.py:3239} INFO - Sync 1 DAGs
[2024-11-16T06:44:17.323+0000] {logging_mixin.py:190} INFO - [2024-11-16T06:44:17.323+0000] {dag.py:4180} INFO - Setting next_dagrun for example_branch_dop_operator_v3 to 2024-11-16 06:43:00+00:00, run_after=2024-11-16 06:44:00+00:00
[2024-11-16T06:44:17.348+0000] {processor.py:208} INFO - Processing /home/airflow/.local/lib/python3.12/site-packages/airflow/example_dags/example_branch_python_dop_operator_3.py took 0.111 seconds
[2024-11-16T06:44:48.006+0000] {processor.py:186} INFO - Started process (PID=171) to work on /home/airflow/.local/lib/python3.12/site-packages/airflow/example_dags/example_branch_python_dop_operator_3.py
[2024-11-16T06:44:48.007+0000] {processor.py:914} INFO - Processing file /home/airflow/.local/lib/python3.12/site-packages/airflow/example_dags/example_branch_python_dop_operator_3.py for tasks to queue
[2024-11-16T06:44:48.009+0000] {logging_mixin.py:190} INFO - [2024-11-16T06:44:48.008+0000] {dagbag.py:588} INFO - Filling up the DagBag from /home/airflow/.local/lib/python3.12/site-packages/airflow/example_dags/example_branch_python_dop_operator_3.py
[2024-11-16T06:44:48.017+0000] {processor.py:925} INFO - DAG(s) 'example_branch_dop_operator_v3' retrieved from /home/airflow/.local/lib/python3.12/site-packages/airflow/example_dags/example_branch_python_dop_operator_3.py
[2024-11-16T06:44:48.037+0000] {logging_mixin.py:190} INFO - [2024-11-16T06:44:48.037+0000] {dag.py:3239} INFO - Sync 1 DAGs
[2024-11-16T06:44:48.064+0000] {logging_mixin.py:190} INFO - [2024-11-16T06:44:48.064+0000] {dag.py:4180} INFO - Setting next_dagrun for example_branch_dop_operator_v3 to 2024-11-16 06:43:00+00:00, run_after=2024-11-16 06:44:00+00:00
[2024-11-16T06:44:48.083+0000] {processor.py:208} INFO - Processing /home/airflow/.local/lib/python3.12/site-packages/airflow/example_dags/example_branch_python_dop_operator_3.py took 0.084 seconds
[2024-11-16T06:45:19.058+0000] {processor.py:186} INFO - Started process (PID=239) to work on /home/airflow/.local/lib/python3.12/site-packages/airflow/example_dags/example_branch_python_dop_operator_3.py
[2024-11-16T06:45:19.059+0000] {processor.py:914} INFO - Processing file /home/airflow/.local/lib/python3.12/site-packages/airflow/example_dags/example_branch_python_dop_operator_3.py for tasks to queue
[2024-11-16T06:45:19.061+0000] {logging_mixin.py:190} INFO - [2024-11-16T06:45:19.061+0000] {dagbag.py:588} INFO - Filling up the DagBag from /home/airflow/.local/lib/python3.12/site-packages/airflow/example_dags/example_branch_python_dop_operator_3.py
[2024-11-16T06:45:19.069+0000] {processor.py:925} INFO - DAG(s) 'example_branch_dop_operator_v3' retrieved from /home/airflow/.local/lib/python3.12/site-packages/airflow/example_dags/example_branch_python_dop_operator_3.py
[2024-11-16T06:45:19.083+0000] {logging_mixin.py:190} INFO - [2024-11-16T06:45:19.082+0000] {dag.py:3239} INFO - Sync 1 DAGs
[2024-11-16T06:45:19.101+0000] {logging_mixin.py:190} INFO - [2024-11-16T06:45:19.100+0000] {dag.py:4180} INFO - Setting next_dagrun for example_branch_dop_operator_v3 to 2024-11-16 06:44:00+00:00, run_after=2024-11-16 06:45:00+00:00
[2024-11-16T06:45:19.114+0000] {processor.py:208} INFO - Processing /home/airflow/.local/lib/python3.12/site-packages/airflow/example_dags/example_branch_python_dop_operator_3.py took 0.061 seconds
[2024-11-16T06:45:49.476+0000] {processor.py:186} INFO - Started process (PID=306) to work on /home/airflow/.local/lib/python3.12/site-packages/airflow/example_dags/example_branch_python_dop_operator_3.py
[2024-11-16T06:45:49.477+0000] {processor.py:914} INFO - Processing file /home/airflow/.local/lib/python3.12/site-packages/airflow/example_dags/example_branch_python_dop_operator_3.py for tasks to queue
[2024-11-16T06:45:49.478+0000] {logging_mixin.py:190} INFO - [2024-11-16T06:45:49.478+0000] {dagbag.py:588} INFO - Filling up the DagBag from /home/airflow/.local/lib/python3.12/site-packages/airflow/example_dags/example_branch_python_dop_operator_3.py
[2024-11-16T06:45:49.485+0000] {processor.py:925} INFO - DAG(s) 'example_branch_dop_operator_v3' retrieved from /home/airflow/.local/lib/python3.12/site-packages/airflow/example_dags/example_branch_python_dop_operator_3.py
[2024-11-16T06:45:49.498+0000] {logging_mixin.py:190} INFO - [2024-11-16T06:45:49.498+0000] {dag.py:3239} INFO - Sync 1 DAGs
[2024-11-16T06:45:49.516+0000] {logging_mixin.py:190} INFO - [2024-11-16T06:45:49.516+0000] {dag.py:4180} INFO - Setting next_dagrun for example_branch_dop_operator_v3 to 2024-11-16 06:44:00+00:00, run_after=2024-11-16 06:45:00+00:00
[2024-11-16T06:45:49.529+0000] {processor.py:208} INFO - Processing /home/airflow/.local/lib/python3.12/site-packages/airflow/example_dags/example_branch_python_dop_operator_3.py took 0.057 seconds
[2024-11-16T06:46:19.624+0000] {processor.py:186} INFO - Started process (PID=374) to work on /home/airflow/.local/lib/python3.12/site-packages/airflow/example_dags/example_branch_python_dop_operator_3.py
[2024-11-16T06:46:19.625+0000] {processor.py:914} INFO - Processing file /home/airflow/.local/lib/python3.12/site-packages/airflow/example_dags/example_branch_python_dop_operator_3.py for tasks to queue
[2024-11-16T06:46:19.626+0000] {logging_mixin.py:190} INFO - [2024-11-16T06:46:19.626+0000] {dagbag.py:588} INFO - Filling up the DagBag from /home/airflow/.local/lib/python3.12/site-packages/airflow/example_dags/example_branch_python_dop_operator_3.py
[2024-11-16T06:46:19.633+0000] {processor.py:925} INFO - DAG(s) 'example_branch_dop_operator_v3' retrieved from /home/airflow/.local/lib/python3.12/site-packages/airflow/example_dags/example_branch_python_dop_operator_3.py
[2024-11-16T06:46:19.648+0000] {logging_mixin.py:190} INFO - [2024-11-16T06:46:19.648+0000] {dag.py:3239} INFO - Sync 1 DAGs
[2024-11-16T06:46:19.669+0000] {logging_mixin.py:190} INFO - [2024-11-16T06:46:19.669+0000] {dag.py:4180} INFO - Setting next_dagrun for example_branch_dop_operator_v3 to 2024-11-16 06:45:00+00:00, run_after=2024-11-16 06:46:00+00:00
[2024-11-16T06:46:19.683+0000] {processor.py:208} INFO - Processing /home/airflow/.local/lib/python3.12/site-packages/airflow/example_dags/example_branch_python_dop_operator_3.py took 0.064 seconds
[2024-11-16T07:28:09.115+0000] {processor.py:186} INFO - Started process (PID=102) to work on /home/airflow/.local/lib/python3.12/site-packages/airflow/example_dags/example_branch_python_dop_operator_3.py
[2024-11-16T07:28:09.115+0000] {processor.py:914} INFO - Processing file /home/airflow/.local/lib/python3.12/site-packages/airflow/example_dags/example_branch_python_dop_operator_3.py for tasks to queue
[2024-11-16T07:28:09.118+0000] {logging_mixin.py:190} INFO - [2024-11-16T07:28:09.118+0000] {dagbag.py:588} INFO - Filling up the DagBag from /home/airflow/.local/lib/python3.12/site-packages/airflow/example_dags/example_branch_python_dop_operator_3.py
[2024-11-16T07:28:09.125+0000] {processor.py:925} INFO - DAG(s) 'example_branch_dop_operator_v3' retrieved from /home/airflow/.local/lib/python3.12/site-packages/airflow/example_dags/example_branch_python_dop_operator_3.py
[2024-11-16T07:28:09.208+0000] {logging_mixin.py:190} INFO - [2024-11-16T07:28:09.207+0000] {override.py:1900} INFO - Created Permission View: can read on DAG:example_branch_dop_operator_v3
[2024-11-16T07:28:09.218+0000] {logging_mixin.py:190} INFO - [2024-11-16T07:28:09.218+0000] {override.py:1900} INFO - Created Permission View: can edit on DAG:example_branch_dop_operator_v3
[2024-11-16T07:28:09.225+0000] {logging_mixin.py:190} INFO - [2024-11-16T07:28:09.224+0000] {override.py:1900} INFO - Created Permission View: can delete on DAG:example_branch_dop_operator_v3
[2024-11-16T07:28:09.234+0000] {logging_mixin.py:190} INFO - [2024-11-16T07:28:09.233+0000] {override.py:1900} INFO - Created Permission View: can read on DAG Run:example_branch_dop_operator_v3
[2024-11-16T07:28:09.240+0000] {logging_mixin.py:190} INFO - [2024-11-16T07:28:09.240+0000] {override.py:1900} INFO - Created Permission View: menu access on DAG Run:example_branch_dop_operator_v3
[2024-11-16T07:28:09.250+0000] {logging_mixin.py:190} INFO - [2024-11-16T07:28:09.250+0000] {override.py:1900} INFO - Created Permission View: can create on DAG Run:example_branch_dop_operator_v3
[2024-11-16T07:28:09.256+0000] {logging_mixin.py:190} INFO - [2024-11-16T07:28:09.256+0000] {override.py:1900} INFO - Created Permission View: can delete on DAG Run:example_branch_dop_operator_v3
[2024-11-16T07:28:09.257+0000] {logging_mixin.py:190} INFO - [2024-11-16T07:28:09.256+0000] {dag.py:3239} INFO - Sync 1 DAGs
[2024-11-16T07:28:09.266+0000] {logging_mixin.py:190} INFO - [2024-11-16T07:28:09.266+0000] {dag.py:3262} INFO - Creating ORM DAG for example_branch_dop_operator_v3
[2024-11-16T07:28:09.276+0000] {logging_mixin.py:190} INFO - [2024-11-16T07:28:09.276+0000] {dag.py:4180} INFO - Setting next_dagrun for example_branch_dop_operator_v3 to 2024-11-16 07:27:00+00:00, run_after=2024-11-16 07:28:00+00:00
[2024-11-16T07:28:09.290+0000] {processor.py:208} INFO - Processing /home/airflow/.local/lib/python3.12/site-packages/airflow/example_dags/example_branch_python_dop_operator_3.py took 0.180 seconds
[2024-11-16T07:28:40.034+0000] {processor.py:186} INFO - Started process (PID=169) to work on /home/airflow/.local/lib/python3.12/site-packages/airflow/example_dags/example_branch_python_dop_operator_3.py
[2024-11-16T07:28:40.034+0000] {processor.py:914} INFO - Processing file /home/airflow/.local/lib/python3.12/site-packages/airflow/example_dags/example_branch_python_dop_operator_3.py for tasks to queue
[2024-11-16T07:28:40.036+0000] {logging_mixin.py:190} INFO - [2024-11-16T07:28:40.036+0000] {dagbag.py:588} INFO - Filling up the DagBag from /home/airflow/.local/lib/python3.12/site-packages/airflow/example_dags/example_branch_python_dop_operator_3.py
[2024-11-16T07:28:40.043+0000] {processor.py:925} INFO - DAG(s) 'example_branch_dop_operator_v3' retrieved from /home/airflow/.local/lib/python3.12/site-packages/airflow/example_dags/example_branch_python_dop_operator_3.py
[2024-11-16T07:28:40.058+0000] {logging_mixin.py:190} INFO - [2024-11-16T07:28:40.057+0000] {dag.py:3239} INFO - Sync 1 DAGs
[2024-11-16T07:28:40.077+0000] {logging_mixin.py:190} INFO - [2024-11-16T07:28:40.076+0000] {dag.py:4180} INFO - Setting next_dagrun for example_branch_dop_operator_v3 to 2024-11-16 07:27:00+00:00, run_after=2024-11-16 07:28:00+00:00
[2024-11-16T07:28:40.091+0000] {processor.py:208} INFO - Processing /home/airflow/.local/lib/python3.12/site-packages/airflow/example_dags/example_branch_python_dop_operator_3.py took 0.061 seconds
[2024-11-16T07:29:43.757+0000] {processor.py:186} INFO - Started process (PID=237) to work on /home/airflow/.local/lib/python3.12/site-packages/airflow/example_dags/example_branch_python_dop_operator_3.py
[2024-11-16T07:29:43.758+0000] {processor.py:914} INFO - Processing file /home/airflow/.local/lib/python3.12/site-packages/airflow/example_dags/example_branch_python_dop_operator_3.py for tasks to queue
[2024-11-16T07:29:43.760+0000] {logging_mixin.py:190} INFO - [2024-11-16T07:29:43.759+0000] {dagbag.py:588} INFO - Filling up the DagBag from /home/airflow/.local/lib/python3.12/site-packages/airflow/example_dags/example_branch_python_dop_operator_3.py
[2024-11-16T07:29:43.769+0000] {processor.py:925} INFO - DAG(s) 'example_branch_dop_operator_v3' retrieved from /home/airflow/.local/lib/python3.12/site-packages/airflow/example_dags/example_branch_python_dop_operator_3.py
[2024-11-16T07:29:43.787+0000] {logging_mixin.py:190} INFO - [2024-11-16T07:29:43.787+0000] {dag.py:3239} INFO - Sync 1 DAGs
[2024-11-16T07:29:43.820+0000] {logging_mixin.py:190} INFO - [2024-11-16T07:29:43.820+0000] {dag.py:4180} INFO - Setting next_dagrun for example_branch_dop_operator_v3 to 2024-11-16 07:28:00+00:00, run_after=2024-11-16 07:29:00+00:00
[2024-11-16T07:29:43.842+0000] {processor.py:208} INFO - Processing /home/airflow/.local/lib/python3.12/site-packages/airflow/example_dags/example_branch_python_dop_operator_3.py took 0.092 seconds
[2024-11-16T07:30:14.755+0000] {processor.py:186} INFO - Started process (PID=304) to work on /home/airflow/.local/lib/python3.12/site-packages/airflow/example_dags/example_branch_python_dop_operator_3.py
[2024-11-16T07:30:14.756+0000] {processor.py:914} INFO - Processing file /home/airflow/.local/lib/python3.12/site-packages/airflow/example_dags/example_branch_python_dop_operator_3.py for tasks to queue
[2024-11-16T07:30:14.757+0000] {logging_mixin.py:190} INFO - [2024-11-16T07:30:14.757+0000] {dagbag.py:588} INFO - Filling up the DagBag from /home/airflow/.local/lib/python3.12/site-packages/airflow/example_dags/example_branch_python_dop_operator_3.py
[2024-11-16T07:30:14.764+0000] {processor.py:925} INFO - DAG(s) 'example_branch_dop_operator_v3' retrieved from /home/airflow/.local/lib/python3.12/site-packages/airflow/example_dags/example_branch_python_dop_operator_3.py
[2024-11-16T07:30:14.778+0000] {logging_mixin.py:190} INFO - [2024-11-16T07:30:14.778+0000] {dag.py:3239} INFO - Sync 1 DAGs
[2024-11-16T07:30:14.796+0000] {logging_mixin.py:190} INFO - [2024-11-16T07:30:14.796+0000] {dag.py:4180} INFO - Setting next_dagrun for example_branch_dop_operator_v3 to 2024-11-16 07:29:00+00:00, run_after=2024-11-16 07:30:00+00:00
[2024-11-16T07:30:14.812+0000] {processor.py:208} INFO - Processing /home/airflow/.local/lib/python3.12/site-packages/airflow/example_dags/example_branch_python_dop_operator_3.py took 0.061 seconds
[2024-11-16T07:30:45.728+0000] {processor.py:186} INFO - Started process (PID=371) to work on /home/airflow/.local/lib/python3.12/site-packages/airflow/example_dags/example_branch_python_dop_operator_3.py
[2024-11-16T07:30:45.729+0000] {processor.py:914} INFO - Processing file /home/airflow/.local/lib/python3.12/site-packages/airflow/example_dags/example_branch_python_dop_operator_3.py for tasks to queue
[2024-11-16T07:30:45.730+0000] {logging_mixin.py:190} INFO - [2024-11-16T07:30:45.729+0000] {dagbag.py:588} INFO - Filling up the DagBag from /home/airflow/.local/lib/python3.12/site-packages/airflow/example_dags/example_branch_python_dop_operator_3.py
[2024-11-16T07:30:45.736+0000] {processor.py:925} INFO - DAG(s) 'example_branch_dop_operator_v3' retrieved from /home/airflow/.local/lib/python3.12/site-packages/airflow/example_dags/example_branch_python_dop_operator_3.py
[2024-11-16T07:30:45.751+0000] {logging_mixin.py:190} INFO - [2024-11-16T07:30:45.750+0000] {dag.py:3239} INFO - Sync 1 DAGs
[2024-11-16T07:30:45.771+0000] {logging_mixin.py:190} INFO - [2024-11-16T07:30:45.770+0000] {dag.py:4180} INFO - Setting next_dagrun for example_branch_dop_operator_v3 to 2024-11-16 07:29:00+00:00, run_after=2024-11-16 07:30:00+00:00
[2024-11-16T07:30:45.787+0000] {processor.py:208} INFO - Processing /home/airflow/.local/lib/python3.12/site-packages/airflow/example_dags/example_branch_python_dop_operator_3.py took 0.063 seconds
[2024-11-16T07:31:16.493+0000] {processor.py:186} INFO - Started process (PID=438) to work on /home/airflow/.local/lib/python3.12/site-packages/airflow/example_dags/example_branch_python_dop_operator_3.py
[2024-11-16T07:31:16.494+0000] {processor.py:914} INFO - Processing file /home/airflow/.local/lib/python3.12/site-packages/airflow/example_dags/example_branch_python_dop_operator_3.py for tasks to queue
[2024-11-16T07:31:16.495+0000] {logging_mixin.py:190} INFO - [2024-11-16T07:31:16.495+0000] {dagbag.py:588} INFO - Filling up the DagBag from /home/airflow/.local/lib/python3.12/site-packages/airflow/example_dags/example_branch_python_dop_operator_3.py
[2024-11-16T07:31:16.501+0000] {processor.py:925} INFO - DAG(s) 'example_branch_dop_operator_v3' retrieved from /home/airflow/.local/lib/python3.12/site-packages/airflow/example_dags/example_branch_python_dop_operator_3.py
[2024-11-16T07:31:16.513+0000] {logging_mixin.py:190} INFO - [2024-11-16T07:31:16.512+0000] {dag.py:3239} INFO - Sync 1 DAGs
[2024-11-16T07:31:16.529+0000] {logging_mixin.py:190} INFO - [2024-11-16T07:31:16.529+0000] {dag.py:4180} INFO - Setting next_dagrun for example_branch_dop_operator_v3 to 2024-11-16 07:30:00+00:00, run_after=2024-11-16 07:31:00+00:00
[2024-11-16T07:31:16.541+0000] {processor.py:208} INFO - Processing /home/airflow/.local/lib/python3.12/site-packages/airflow/example_dags/example_branch_python_dop_operator_3.py took 0.051 seconds
[2024-11-16T07:31:46.887+0000] {processor.py:186} INFO - Started process (PID=504) to work on /home/airflow/.local/lib/python3.12/site-packages/airflow/example_dags/example_branch_python_dop_operator_3.py
[2024-11-16T07:31:46.888+0000] {processor.py:914} INFO - Processing file /home/airflow/.local/lib/python3.12/site-packages/airflow/example_dags/example_branch_python_dop_operator_3.py for tasks to queue
[2024-11-16T07:31:46.889+0000] {logging_mixin.py:190} INFO - [2024-11-16T07:31:46.888+0000] {dagbag.py:588} INFO - Filling up the DagBag from /home/airflow/.local/lib/python3.12/site-packages/airflow/example_dags/example_branch_python_dop_operator_3.py
[2024-11-16T07:31:46.895+0000] {processor.py:925} INFO - DAG(s) 'example_branch_dop_operator_v3' retrieved from /home/airflow/.local/lib/python3.12/site-packages/airflow/example_dags/example_branch_python_dop_operator_3.py
[2024-11-16T07:31:46.909+0000] {logging_mixin.py:190} INFO - [2024-11-16T07:31:46.909+0000] {dag.py:3239} INFO - Sync 1 DAGs
[2024-11-16T07:31:46.928+0000] {logging_mixin.py:190} INFO - [2024-11-16T07:31:46.928+0000] {dag.py:4180} INFO - Setting next_dagrun for example_branch_dop_operator_v3 to 2024-11-16 07:30:00+00:00, run_after=2024-11-16 07:31:00+00:00
[2024-11-16T07:31:46.942+0000] {processor.py:208} INFO - Processing /home/airflow/.local/lib/python3.12/site-packages/airflow/example_dags/example_branch_python_dop_operator_3.py took 0.058 seconds
[2024-11-16T07:32:17.187+0000] {processor.py:186} INFO - Started process (PID=571) to work on /home/airflow/.local/lib/python3.12/site-packages/airflow/example_dags/example_branch_python_dop_operator_3.py
[2024-11-16T07:32:17.188+0000] {processor.py:914} INFO - Processing file /home/airflow/.local/lib/python3.12/site-packages/airflow/example_dags/example_branch_python_dop_operator_3.py for tasks to queue
[2024-11-16T07:32:17.188+0000] {logging_mixin.py:190} INFO - [2024-11-16T07:32:17.188+0000] {dagbag.py:588} INFO - Filling up the DagBag from /home/airflow/.local/lib/python3.12/site-packages/airflow/example_dags/example_branch_python_dop_operator_3.py
[2024-11-16T07:32:17.195+0000] {processor.py:925} INFO - DAG(s) 'example_branch_dop_operator_v3' retrieved from /home/airflow/.local/lib/python3.12/site-packages/airflow/example_dags/example_branch_python_dop_operator_3.py
[2024-11-16T07:32:17.211+0000] {logging_mixin.py:190} INFO - [2024-11-16T07:32:17.210+0000] {dag.py:3239} INFO - Sync 1 DAGs
[2024-11-16T07:32:17.234+0000] {logging_mixin.py:190} INFO - [2024-11-16T07:32:17.233+0000] {dag.py:4180} INFO - Setting next_dagrun for example_branch_dop_operator_v3 to 2024-11-16 07:31:00+00:00, run_after=2024-11-16 07:32:00+00:00
[2024-11-16T07:32:17.249+0000] {processor.py:208} INFO - Processing /home/airflow/.local/lib/python3.12/site-packages/airflow/example_dags/example_branch_python_dop_operator_3.py took 0.066 seconds
[2024-11-16T07:32:47.375+0000] {processor.py:186} INFO - Started process (PID=638) to work on /home/airflow/.local/lib/python3.12/site-packages/airflow/example_dags/example_branch_python_dop_operator_3.py
[2024-11-16T07:32:47.375+0000] {processor.py:914} INFO - Processing file /home/airflow/.local/lib/python3.12/site-packages/airflow/example_dags/example_branch_python_dop_operator_3.py for tasks to queue
[2024-11-16T07:32:47.376+0000] {logging_mixin.py:190} INFO - [2024-11-16T07:32:47.376+0000] {dagbag.py:588} INFO - Filling up the DagBag from /home/airflow/.local/lib/python3.12/site-packages/airflow/example_dags/example_branch_python_dop_operator_3.py
[2024-11-16T07:32:47.382+0000] {processor.py:925} INFO - DAG(s) 'example_branch_dop_operator_v3' retrieved from /home/airflow/.local/lib/python3.12/site-packages/airflow/example_dags/example_branch_python_dop_operator_3.py
[2024-11-16T07:32:47.396+0000] {logging_mixin.py:190} INFO - [2024-11-16T07:32:47.396+0000] {dag.py:3239} INFO - Sync 1 DAGs
[2024-11-16T07:32:47.414+0000] {logging_mixin.py:190} INFO - [2024-11-16T07:32:47.414+0000] {dag.py:4180} INFO - Setting next_dagrun for example_branch_dop_operator_v3 to 2024-11-16 07:31:00+00:00, run_after=2024-11-16 07:32:00+00:00
[2024-11-16T07:32:47.429+0000] {processor.py:208} INFO - Processing /home/airflow/.local/lib/python3.12/site-packages/airflow/example_dags/example_branch_python_dop_operator_3.py took 0.058 seconds
[2024-11-16T07:33:18.045+0000] {processor.py:186} INFO - Started process (PID=704) to work on /home/airflow/.local/lib/python3.12/site-packages/airflow/example_dags/example_branch_python_dop_operator_3.py
[2024-11-16T07:33:18.045+0000] {processor.py:914} INFO - Processing file /home/airflow/.local/lib/python3.12/site-packages/airflow/example_dags/example_branch_python_dop_operator_3.py for tasks to queue
[2024-11-16T07:33:18.046+0000] {logging_mixin.py:190} INFO - [2024-11-16T07:33:18.046+0000] {dagbag.py:588} INFO - Filling up the DagBag from /home/airflow/.local/lib/python3.12/site-packages/airflow/example_dags/example_branch_python_dop_operator_3.py
[2024-11-16T07:33:18.052+0000] {processor.py:925} INFO - DAG(s) 'example_branch_dop_operator_v3' retrieved from /home/airflow/.local/lib/python3.12/site-packages/airflow/example_dags/example_branch_python_dop_operator_3.py
[2024-11-16T07:33:18.066+0000] {logging_mixin.py:190} INFO - [2024-11-16T07:33:18.065+0000] {dag.py:3239} INFO - Sync 1 DAGs
[2024-11-16T07:33:18.085+0000] {logging_mixin.py:190} INFO - [2024-11-16T07:33:18.085+0000] {dag.py:4180} INFO - Setting next_dagrun for example_branch_dop_operator_v3 to 2024-11-16 07:32:00+00:00, run_after=2024-11-16 07:33:00+00:00
[2024-11-16T07:33:18.099+0000] {processor.py:208} INFO - Processing /home/airflow/.local/lib/python3.12/site-packages/airflow/example_dags/example_branch_python_dop_operator_3.py took 0.058 seconds
[2024-11-16T07:33:49.011+0000] {processor.py:186} INFO - Started process (PID=772) to work on /home/airflow/.local/lib/python3.12/site-packages/airflow/example_dags/example_branch_python_dop_operator_3.py
[2024-11-16T07:33:49.012+0000] {processor.py:914} INFO - Processing file /home/airflow/.local/lib/python3.12/site-packages/airflow/example_dags/example_branch_python_dop_operator_3.py for tasks to queue
[2024-11-16T07:33:49.013+0000] {logging_mixin.py:190} INFO - [2024-11-16T07:33:49.013+0000] {dagbag.py:588} INFO - Filling up the DagBag from /home/airflow/.local/lib/python3.12/site-packages/airflow/example_dags/example_branch_python_dop_operator_3.py
[2024-11-16T07:33:49.020+0000] {processor.py:925} INFO - DAG(s) 'example_branch_dop_operator_v3' retrieved from /home/airflow/.local/lib/python3.12/site-packages/airflow/example_dags/example_branch_python_dop_operator_3.py
[2024-11-16T07:33:49.033+0000] {logging_mixin.py:190} INFO - [2024-11-16T07:33:49.033+0000] {dag.py:3239} INFO - Sync 1 DAGs
[2024-11-16T07:33:49.052+0000] {logging_mixin.py:190} INFO - [2024-11-16T07:33:49.052+0000] {dag.py:4180} INFO - Setting next_dagrun for example_branch_dop_operator_v3 to 2024-11-16 07:32:00+00:00, run_after=2024-11-16 07:33:00+00:00
[2024-11-16T07:33:49.067+0000] {processor.py:208} INFO - Processing /home/airflow/.local/lib/python3.12/site-packages/airflow/example_dags/example_branch_python_dop_operator_3.py took 0.060 seconds
[2024-11-16T07:34:19.979+0000] {processor.py:186} INFO - Started process (PID=839) to work on /home/airflow/.local/lib/python3.12/site-packages/airflow/example_dags/example_branch_python_dop_operator_3.py
[2024-11-16T07:34:19.980+0000] {processor.py:914} INFO - Processing file /home/airflow/.local/lib/python3.12/site-packages/airflow/example_dags/example_branch_python_dop_operator_3.py for tasks to queue
[2024-11-16T07:34:19.980+0000] {logging_mixin.py:190} INFO - [2024-11-16T07:34:19.980+0000] {dagbag.py:588} INFO - Filling up the DagBag from /home/airflow/.local/lib/python3.12/site-packages/airflow/example_dags/example_branch_python_dop_operator_3.py
[2024-11-16T07:34:19.987+0000] {processor.py:925} INFO - DAG(s) 'example_branch_dop_operator_v3' retrieved from /home/airflow/.local/lib/python3.12/site-packages/airflow/example_dags/example_branch_python_dop_operator_3.py
[2024-11-16T07:34:20.001+0000] {logging_mixin.py:190} INFO - [2024-11-16T07:34:20.001+0000] {dag.py:3239} INFO - Sync 1 DAGs
[2024-11-16T07:34:20.020+0000] {logging_mixin.py:190} INFO - [2024-11-16T07:34:20.020+0000] {dag.py:4180} INFO - Setting next_dagrun for example_branch_dop_operator_v3 to 2024-11-16 07:33:00+00:00, run_after=2024-11-16 07:34:00+00:00
[2024-11-16T07:34:20.035+0000] {processor.py:208} INFO - Processing /home/airflow/.local/lib/python3.12/site-packages/airflow/example_dags/example_branch_python_dop_operator_3.py took 0.060 seconds
[2024-11-16T07:34:50.924+0000] {processor.py:186} INFO - Started process (PID=906) to work on /home/airflow/.local/lib/python3.12/site-packages/airflow/example_dags/example_branch_python_dop_operator_3.py
[2024-11-16T07:34:50.925+0000] {processor.py:914} INFO - Processing file /home/airflow/.local/lib/python3.12/site-packages/airflow/example_dags/example_branch_python_dop_operator_3.py for tasks to queue
[2024-11-16T07:34:50.926+0000] {logging_mixin.py:190} INFO - [2024-11-16T07:34:50.925+0000] {dagbag.py:588} INFO - Filling up the DagBag from /home/airflow/.local/lib/python3.12/site-packages/airflow/example_dags/example_branch_python_dop_operator_3.py
[2024-11-16T07:34:50.933+0000] {processor.py:925} INFO - DAG(s) 'example_branch_dop_operator_v3' retrieved from /home/airflow/.local/lib/python3.12/site-packages/airflow/example_dags/example_branch_python_dop_operator_3.py
[2024-11-16T07:34:50.946+0000] {logging_mixin.py:190} INFO - [2024-11-16T07:34:50.946+0000] {dag.py:3239} INFO - Sync 1 DAGs
[2024-11-16T07:34:50.965+0000] {logging_mixin.py:190} INFO - [2024-11-16T07:34:50.965+0000] {dag.py:4180} INFO - Setting next_dagrun for example_branch_dop_operator_v3 to 2024-11-16 07:33:00+00:00, run_after=2024-11-16 07:34:00+00:00
[2024-11-16T07:34:50.981+0000] {processor.py:208} INFO - Processing /home/airflow/.local/lib/python3.12/site-packages/airflow/example_dags/example_branch_python_dop_operator_3.py took 0.061 seconds
[2024-11-16T07:35:22.782+0000] {processor.py:186} INFO - Started process (PID=973) to work on /home/airflow/.local/lib/python3.12/site-packages/airflow/example_dags/example_branch_python_dop_operator_3.py
[2024-11-16T07:35:22.786+0000] {processor.py:914} INFO - Processing file /home/airflow/.local/lib/python3.12/site-packages/airflow/example_dags/example_branch_python_dop_operator_3.py for tasks to queue
[2024-11-16T07:35:22.788+0000] {logging_mixin.py:190} INFO - [2024-11-16T07:35:22.787+0000] {dagbag.py:588} INFO - Filling up the DagBag from /home/airflow/.local/lib/python3.12/site-packages/airflow/example_dags/example_branch_python_dop_operator_3.py
[2024-11-16T07:35:22.809+0000] {processor.py:925} INFO - DAG(s) 'example_branch_dop_operator_v3' retrieved from /home/airflow/.local/lib/python3.12/site-packages/airflow/example_dags/example_branch_python_dop_operator_3.py
[2024-11-16T07:35:22.838+0000] {logging_mixin.py:190} INFO - [2024-11-16T07:35:22.838+0000] {dag.py:3239} INFO - Sync 1 DAGs
[2024-11-16T07:35:22.886+0000] {logging_mixin.py:190} INFO - [2024-11-16T07:35:22.886+0000] {dag.py:4180} INFO - Setting next_dagrun for example_branch_dop_operator_v3 to 2024-11-16 07:34:00+00:00, run_after=2024-11-16 07:35:00+00:00
[2024-11-16T07:35:22.936+0000] {processor.py:208} INFO - Processing /home/airflow/.local/lib/python3.12/site-packages/airflow/example_dags/example_branch_python_dop_operator_3.py took 0.171 seconds
[2024-11-16T07:35:53.138+0000] {processor.py:186} INFO - Started process (PID=1039) to work on /home/airflow/.local/lib/python3.12/site-packages/airflow/example_dags/example_branch_python_dop_operator_3.py
[2024-11-16T07:35:53.139+0000] {processor.py:914} INFO - Processing file /home/airflow/.local/lib/python3.12/site-packages/airflow/example_dags/example_branch_python_dop_operator_3.py for tasks to queue
[2024-11-16T07:35:53.140+0000] {logging_mixin.py:190} INFO - [2024-11-16T07:35:53.139+0000] {dagbag.py:588} INFO - Filling up the DagBag from /home/airflow/.local/lib/python3.12/site-packages/airflow/example_dags/example_branch_python_dop_operator_3.py
[2024-11-16T07:35:53.148+0000] {processor.py:925} INFO - DAG(s) 'example_branch_dop_operator_v3' retrieved from /home/airflow/.local/lib/python3.12/site-packages/airflow/example_dags/example_branch_python_dop_operator_3.py
[2024-11-16T07:35:53.165+0000] {logging_mixin.py:190} INFO - [2024-11-16T07:35:53.165+0000] {dag.py:3239} INFO - Sync 1 DAGs
[2024-11-16T07:35:53.187+0000] {logging_mixin.py:190} INFO - [2024-11-16T07:35:53.187+0000] {dag.py:4180} INFO - Setting next_dagrun for example_branch_dop_operator_v3 to 2024-11-16 07:34:00+00:00, run_after=2024-11-16 07:35:00+00:00
[2024-11-16T07:35:53.206+0000] {processor.py:208} INFO - Processing /home/airflow/.local/lib/python3.12/site-packages/airflow/example_dags/example_branch_python_dop_operator_3.py took 0.073 seconds
[2024-11-16T07:36:23.733+0000] {processor.py:186} INFO - Started process (PID=1106) to work on /home/airflow/.local/lib/python3.12/site-packages/airflow/example_dags/example_branch_python_dop_operator_3.py
[2024-11-16T07:36:23.733+0000] {processor.py:914} INFO - Processing file /home/airflow/.local/lib/python3.12/site-packages/airflow/example_dags/example_branch_python_dop_operator_3.py for tasks to queue
[2024-11-16T07:36:23.734+0000] {logging_mixin.py:190} INFO - [2024-11-16T07:36:23.734+0000] {dagbag.py:588} INFO - Filling up the DagBag from /home/airflow/.local/lib/python3.12/site-packages/airflow/example_dags/example_branch_python_dop_operator_3.py
[2024-11-16T07:36:23.741+0000] {processor.py:925} INFO - DAG(s) 'example_branch_dop_operator_v3' retrieved from /home/airflow/.local/lib/python3.12/site-packages/airflow/example_dags/example_branch_python_dop_operator_3.py
[2024-11-16T07:36:23.755+0000] {logging_mixin.py:190} INFO - [2024-11-16T07:36:23.755+0000] {dag.py:3239} INFO - Sync 1 DAGs
[2024-11-16T07:36:23.774+0000] {logging_mixin.py:190} INFO - [2024-11-16T07:36:23.774+0000] {dag.py:4180} INFO - Setting next_dagrun for example_branch_dop_operator_v3 to 2024-11-16 07:35:00+00:00, run_after=2024-11-16 07:36:00+00:00
[2024-11-16T07:36:23.790+0000] {processor.py:208} INFO - Processing /home/airflow/.local/lib/python3.12/site-packages/airflow/example_dags/example_branch_python_dop_operator_3.py took 0.062 seconds
[2024-11-16T07:36:54.128+0000] {processor.py:186} INFO - Started process (PID=1173) to work on /home/airflow/.local/lib/python3.12/site-packages/airflow/example_dags/example_branch_python_dop_operator_3.py
[2024-11-16T07:36:54.129+0000] {processor.py:914} INFO - Processing file /home/airflow/.local/lib/python3.12/site-packages/airflow/example_dags/example_branch_python_dop_operator_3.py for tasks to queue
[2024-11-16T07:36:54.130+0000] {logging_mixin.py:190} INFO - [2024-11-16T07:36:54.129+0000] {dagbag.py:588} INFO - Filling up the DagBag from /home/airflow/.local/lib/python3.12/site-packages/airflow/example_dags/example_branch_python_dop_operator_3.py
[2024-11-16T07:36:54.137+0000] {processor.py:925} INFO - DAG(s) 'example_branch_dop_operator_v3' retrieved from /home/airflow/.local/lib/python3.12/site-packages/airflow/example_dags/example_branch_python_dop_operator_3.py
[2024-11-16T07:36:54.149+0000] {logging_mixin.py:190} INFO - [2024-11-16T07:36:54.149+0000] {dag.py:3239} INFO - Sync 1 DAGs
[2024-11-16T07:36:54.168+0000] {logging_mixin.py:190} INFO - [2024-11-16T07:36:54.168+0000] {dag.py:4180} INFO - Setting next_dagrun for example_branch_dop_operator_v3 to 2024-11-16 07:35:00+00:00, run_after=2024-11-16 07:36:00+00:00
[2024-11-16T07:36:54.183+0000] {processor.py:208} INFO - Processing /home/airflow/.local/lib/python3.12/site-packages/airflow/example_dags/example_branch_python_dop_operator_3.py took 0.059 seconds
[2024-11-16T07:37:24.383+0000] {processor.py:186} INFO - Started process (PID=1244) to work on /home/airflow/.local/lib/python3.12/site-packages/airflow/example_dags/example_branch_python_dop_operator_3.py
[2024-11-16T07:37:24.384+0000] {processor.py:914} INFO - Processing file /home/airflow/.local/lib/python3.12/site-packages/airflow/example_dags/example_branch_python_dop_operator_3.py for tasks to queue
[2024-11-16T07:37:24.385+0000] {logging_mixin.py:190} INFO - [2024-11-16T07:37:24.385+0000] {dagbag.py:588} INFO - Filling up the DagBag from /home/airflow/.local/lib/python3.12/site-packages/airflow/example_dags/example_branch_python_dop_operator_3.py
[2024-11-16T07:37:24.392+0000] {processor.py:925} INFO - DAG(s) 'example_branch_dop_operator_v3' retrieved from /home/airflow/.local/lib/python3.12/site-packages/airflow/example_dags/example_branch_python_dop_operator_3.py
[2024-11-16T07:37:24.406+0000] {logging_mixin.py:190} INFO - [2024-11-16T07:37:24.406+0000] {dag.py:3239} INFO - Sync 1 DAGs
[2024-11-16T07:37:24.426+0000] {logging_mixin.py:190} INFO - [2024-11-16T07:37:24.426+0000] {dag.py:4180} INFO - Setting next_dagrun for example_branch_dop_operator_v3 to 2024-11-16 07:36:00+00:00, run_after=2024-11-16 07:37:00+00:00
[2024-11-16T07:37:24.442+0000] {processor.py:208} INFO - Processing /home/airflow/.local/lib/python3.12/site-packages/airflow/example_dags/example_branch_python_dop_operator_3.py took 0.063 seconds
[2024-11-16T07:37:55.773+0000] {processor.py:186} INFO - Started process (PID=1311) to work on /home/airflow/.local/lib/python3.12/site-packages/airflow/example_dags/example_branch_python_dop_operator_3.py
[2024-11-16T07:37:55.775+0000] {processor.py:914} INFO - Processing file /home/airflow/.local/lib/python3.12/site-packages/airflow/example_dags/example_branch_python_dop_operator_3.py for tasks to queue
[2024-11-16T07:37:55.777+0000] {logging_mixin.py:190} INFO - [2024-11-16T07:37:55.777+0000] {dagbag.py:588} INFO - Filling up the DagBag from /home/airflow/.local/lib/python3.12/site-packages/airflow/example_dags/example_branch_python_dop_operator_3.py
[2024-11-16T07:37:55.805+0000] {processor.py:925} INFO - DAG(s) 'example_branch_dop_operator_v3' retrieved from /home/airflow/.local/lib/python3.12/site-packages/airflow/example_dags/example_branch_python_dop_operator_3.py
[2024-11-16T07:37:55.831+0000] {logging_mixin.py:190} INFO - [2024-11-16T07:37:55.831+0000] {dag.py:3239} INFO - Sync 1 DAGs
[2024-11-16T07:37:55.875+0000] {logging_mixin.py:190} INFO - [2024-11-16T07:37:55.874+0000] {dag.py:4180} INFO - Setting next_dagrun for example_branch_dop_operator_v3 to 2024-11-16 07:36:00+00:00, run_after=2024-11-16 07:37:00+00:00
[2024-11-16T07:37:55.912+0000] {processor.py:208} INFO - Processing /home/airflow/.local/lib/python3.12/site-packages/airflow/example_dags/example_branch_python_dop_operator_3.py took 0.148 seconds
[2024-11-16T07:38:26.612+0000] {processor.py:186} INFO - Started process (PID=1378) to work on /home/airflow/.local/lib/python3.12/site-packages/airflow/example_dags/example_branch_python_dop_operator_3.py
[2024-11-16T07:38:26.613+0000] {processor.py:914} INFO - Processing file /home/airflow/.local/lib/python3.12/site-packages/airflow/example_dags/example_branch_python_dop_operator_3.py for tasks to queue
[2024-11-16T07:38:26.615+0000] {logging_mixin.py:190} INFO - [2024-11-16T07:38:26.615+0000] {dagbag.py:588} INFO - Filling up the DagBag from /home/airflow/.local/lib/python3.12/site-packages/airflow/example_dags/example_branch_python_dop_operator_3.py
[2024-11-16T07:38:26.631+0000] {processor.py:925} INFO - DAG(s) 'example_branch_dop_operator_v3' retrieved from /home/airflow/.local/lib/python3.12/site-packages/airflow/example_dags/example_branch_python_dop_operator_3.py
[2024-11-16T07:38:26.649+0000] {logging_mixin.py:190} INFO - [2024-11-16T07:38:26.648+0000] {dag.py:3239} INFO - Sync 1 DAGs
[2024-11-16T07:38:26.674+0000] {logging_mixin.py:190} INFO - [2024-11-16T07:38:26.674+0000] {dag.py:4180} INFO - Setting next_dagrun for example_branch_dop_operator_v3 to 2024-11-16 07:37:00+00:00, run_after=2024-11-16 07:38:00+00:00
[2024-11-16T07:38:26.696+0000] {processor.py:208} INFO - Processing /home/airflow/.local/lib/python3.12/site-packages/airflow/example_dags/example_branch_python_dop_operator_3.py took 0.091 seconds
[2024-11-16T07:38:57.310+0000] {processor.py:186} INFO - Started process (PID=1445) to work on /home/airflow/.local/lib/python3.12/site-packages/airflow/example_dags/example_branch_python_dop_operator_3.py
[2024-11-16T07:38:57.311+0000] {processor.py:914} INFO - Processing file /home/airflow/.local/lib/python3.12/site-packages/airflow/example_dags/example_branch_python_dop_operator_3.py for tasks to queue
[2024-11-16T07:38:57.312+0000] {logging_mixin.py:190} INFO - [2024-11-16T07:38:57.312+0000] {dagbag.py:588} INFO - Filling up the DagBag from /home/airflow/.local/lib/python3.12/site-packages/airflow/example_dags/example_branch_python_dop_operator_3.py
[2024-11-16T07:38:57.320+0000] {processor.py:925} INFO - DAG(s) 'example_branch_dop_operator_v3' retrieved from /home/airflow/.local/lib/python3.12/site-packages/airflow/example_dags/example_branch_python_dop_operator_3.py
[2024-11-16T07:38:57.338+0000] {logging_mixin.py:190} INFO - [2024-11-16T07:38:57.338+0000] {dag.py:3239} INFO - Sync 1 DAGs
[2024-11-16T07:38:57.365+0000] {logging_mixin.py:190} INFO - [2024-11-16T07:38:57.365+0000] {dag.py:4180} INFO - Setting next_dagrun for example_branch_dop_operator_v3 to 2024-11-16 07:37:00+00:00, run_after=2024-11-16 07:38:00+00:00
[2024-11-16T07:38:57.380+0000] {processor.py:208} INFO - Processing /home/airflow/.local/lib/python3.12/site-packages/airflow/example_dags/example_branch_python_dop_operator_3.py took 0.075 seconds
[2024-11-16T07:39:27.696+0000] {processor.py:186} INFO - Started process (PID=1512) to work on /home/airflow/.local/lib/python3.12/site-packages/airflow/example_dags/example_branch_python_dop_operator_3.py
[2024-11-16T07:39:27.697+0000] {processor.py:914} INFO - Processing file /home/airflow/.local/lib/python3.12/site-packages/airflow/example_dags/example_branch_python_dop_operator_3.py for tasks to queue
[2024-11-16T07:39:27.698+0000] {logging_mixin.py:190} INFO - [2024-11-16T07:39:27.697+0000] {dagbag.py:588} INFO - Filling up the DagBag from /home/airflow/.local/lib/python3.12/site-packages/airflow/example_dags/example_branch_python_dop_operator_3.py
[2024-11-16T07:39:27.704+0000] {processor.py:925} INFO - DAG(s) 'example_branch_dop_operator_v3' retrieved from /home/airflow/.local/lib/python3.12/site-packages/airflow/example_dags/example_branch_python_dop_operator_3.py
[2024-11-16T07:39:27.718+0000] {logging_mixin.py:190} INFO - [2024-11-16T07:39:27.717+0000] {dag.py:3239} INFO - Sync 1 DAGs
[2024-11-16T07:39:27.736+0000] {logging_mixin.py:190} INFO - [2024-11-16T07:39:27.736+0000] {dag.py:4180} INFO - Setting next_dagrun for example_branch_dop_operator_v3 to 2024-11-16 07:38:00+00:00, run_after=2024-11-16 07:39:00+00:00
[2024-11-16T07:39:27.750+0000] {processor.py:208} INFO - Processing /home/airflow/.local/lib/python3.12/site-packages/airflow/example_dags/example_branch_python_dop_operator_3.py took 0.058 seconds
[2024-11-16T07:39:58.197+0000] {processor.py:186} INFO - Started process (PID=1579) to work on /home/airflow/.local/lib/python3.12/site-packages/airflow/example_dags/example_branch_python_dop_operator_3.py
[2024-11-16T07:39:58.198+0000] {processor.py:914} INFO - Processing file /home/airflow/.local/lib/python3.12/site-packages/airflow/example_dags/example_branch_python_dop_operator_3.py for tasks to queue
[2024-11-16T07:39:58.199+0000] {logging_mixin.py:190} INFO - [2024-11-16T07:39:58.198+0000] {dagbag.py:588} INFO - Filling up the DagBag from /home/airflow/.local/lib/python3.12/site-packages/airflow/example_dags/example_branch_python_dop_operator_3.py
[2024-11-16T07:39:58.206+0000] {processor.py:925} INFO - DAG(s) 'example_branch_dop_operator_v3' retrieved from /home/airflow/.local/lib/python3.12/site-packages/airflow/example_dags/example_branch_python_dop_operator_3.py
[2024-11-16T07:39:58.222+0000] {logging_mixin.py:190} INFO - [2024-11-16T07:39:58.222+0000] {dag.py:3239} INFO - Sync 1 DAGs
[2024-11-16T07:39:58.254+0000] {logging_mixin.py:190} INFO - [2024-11-16T07:39:58.253+0000] {dag.py:4180} INFO - Setting next_dagrun for example_branch_dop_operator_v3 to 2024-11-16 07:38:00+00:00, run_after=2024-11-16 07:39:00+00:00
[2024-11-16T07:39:58.273+0000] {processor.py:208} INFO - Processing /home/airflow/.local/lib/python3.12/site-packages/airflow/example_dags/example_branch_python_dop_operator_3.py took 0.080 seconds
