[2024-11-16T04:35:39.737+0000] {processor.py:186} INFO - Started process (PID=122) to work on /home/airflow/.local/lib/python3.12/site-packages/airflow/example_dags/example_dynamic_task_mapping.py
[2024-11-16T04:35:39.737+0000] {processor.py:914} INFO - Processing file /home/airflow/.local/lib/python3.12/site-packages/airflow/example_dags/example_dynamic_task_mapping.py for tasks to queue
[2024-11-16T04:35:39.740+0000] {logging_mixin.py:190} INFO - [2024-11-16T04:35:39.739+0000] {dagbag.py:588} INFO - Filling up the DagBag from /home/airflow/.local/lib/python3.12/site-packages/airflow/example_dags/example_dynamic_task_mapping.py
[2024-11-16T04:35:39.750+0000] {processor.py:925} INFO - DAG(s) 'example_dynamic_task_mapping' retrieved from /home/airflow/.local/lib/python3.12/site-packages/airflow/example_dags/example_dynamic_task_mapping.py
[2024-11-16T04:35:39.770+0000] {logging_mixin.py:190} INFO - [2024-11-16T04:35:39.770+0000] {dag.py:3239} INFO - Sync 1 DAGs
[2024-11-16T04:35:39.784+0000] {logging_mixin.py:190} INFO - [2024-11-16T04:35:39.784+0000] {dag.py:4180} INFO - Setting next_dagrun for example_dynamic_task_mapping to None, run_after=None
[2024-11-16T04:35:39.804+0000] {processor.py:208} INFO - Processing /home/airflow/.local/lib/python3.12/site-packages/airflow/example_dags/example_dynamic_task_mapping.py took 0.076 seconds
[2024-11-16T04:54:30.293+0000] {processor.py:186} INFO - Started process (PID=114) to work on /home/airflow/.local/lib/python3.12/site-packages/airflow/example_dags/example_dynamic_task_mapping.py
[2024-11-16T04:54:30.294+0000] {processor.py:914} INFO - Processing file /home/airflow/.local/lib/python3.12/site-packages/airflow/example_dags/example_dynamic_task_mapping.py for tasks to queue
[2024-11-16T04:54:30.296+0000] {logging_mixin.py:190} INFO - [2024-11-16T04:54:30.296+0000] {dagbag.py:588} INFO - Filling up the DagBag from /home/airflow/.local/lib/python3.12/site-packages/airflow/example_dags/example_dynamic_task_mapping.py
[2024-11-16T04:54:30.307+0000] {processor.py:925} INFO - DAG(s) 'example_dynamic_task_mapping' retrieved from /home/airflow/.local/lib/python3.12/site-packages/airflow/example_dags/example_dynamic_task_mapping.py
[2024-11-16T04:54:30.433+0000] {logging_mixin.py:190} INFO - [2024-11-16T04:54:30.432+0000] {dag.py:3239} INFO - Sync 1 DAGs
[2024-11-16T04:54:30.444+0000] {logging_mixin.py:190} INFO - [2024-11-16T04:54:30.444+0000] {dag.py:4180} INFO - Setting next_dagrun for example_dynamic_task_mapping to None, run_after=None
[2024-11-16T04:54:30.463+0000] {processor.py:208} INFO - Processing /home/airflow/.local/lib/python3.12/site-packages/airflow/example_dags/example_dynamic_task_mapping.py took 0.175 seconds
[2024-11-16T04:55:01.576+0000] {processor.py:186} INFO - Started process (PID=186) to work on /home/airflow/.local/lib/python3.12/site-packages/airflow/example_dags/example_dynamic_task_mapping.py
[2024-11-16T04:55:01.577+0000] {processor.py:914} INFO - Processing file /home/airflow/.local/lib/python3.12/site-packages/airflow/example_dags/example_dynamic_task_mapping.py for tasks to queue
[2024-11-16T04:55:01.579+0000] {logging_mixin.py:190} INFO - [2024-11-16T04:55:01.579+0000] {dagbag.py:588} INFO - Filling up the DagBag from /home/airflow/.local/lib/python3.12/site-packages/airflow/example_dags/example_dynamic_task_mapping.py
[2024-11-16T04:55:01.587+0000] {processor.py:925} INFO - DAG(s) 'example_dynamic_task_mapping' retrieved from /home/airflow/.local/lib/python3.12/site-packages/airflow/example_dags/example_dynamic_task_mapping.py
[2024-11-16T04:55:01.611+0000] {logging_mixin.py:190} INFO - [2024-11-16T04:55:01.610+0000] {dag.py:3239} INFO - Sync 1 DAGs
[2024-11-16T04:55:01.629+0000] {logging_mixin.py:190} INFO - [2024-11-16T04:55:01.628+0000] {dag.py:4180} INFO - Setting next_dagrun for example_dynamic_task_mapping to None, run_after=None
[2024-11-16T04:55:01.653+0000] {processor.py:208} INFO - Processing /home/airflow/.local/lib/python3.12/site-packages/airflow/example_dags/example_dynamic_task_mapping.py took 0.082 seconds
[2024-11-16T04:57:56.815+0000] {processor.py:186} INFO - Started process (PID=264) to work on /home/airflow/.local/lib/python3.12/site-packages/airflow/example_dags/example_dynamic_task_mapping.py
[2024-11-16T04:57:56.816+0000] {processor.py:914} INFO - Processing file /home/airflow/.local/lib/python3.12/site-packages/airflow/example_dags/example_dynamic_task_mapping.py for tasks to queue
[2024-11-16T04:57:56.817+0000] {logging_mixin.py:190} INFO - [2024-11-16T04:57:56.817+0000] {dagbag.py:588} INFO - Filling up the DagBag from /home/airflow/.local/lib/python3.12/site-packages/airflow/example_dags/example_dynamic_task_mapping.py
[2024-11-16T04:57:56.829+0000] {processor.py:925} INFO - DAG(s) 'example_dynamic_task_mapping' retrieved from /home/airflow/.local/lib/python3.12/site-packages/airflow/example_dags/example_dynamic_task_mapping.py
[2024-11-16T04:57:56.860+0000] {logging_mixin.py:190} INFO - [2024-11-16T04:57:56.860+0000] {dag.py:3239} INFO - Sync 1 DAGs
[2024-11-16T04:57:56.884+0000] {logging_mixin.py:190} INFO - [2024-11-16T04:57:56.884+0000] {dag.py:4180} INFO - Setting next_dagrun for example_dynamic_task_mapping to None, run_after=None
[2024-11-16T04:57:56.920+0000] {processor.py:208} INFO - Processing /home/airflow/.local/lib/python3.12/site-packages/airflow/example_dags/example_dynamic_task_mapping.py took 0.113 seconds
[2024-11-16T04:59:28.639+0000] {processor.py:186} INFO - Started process (PID=96) to work on /home/airflow/.local/lib/python3.12/site-packages/airflow/example_dags/example_dynamic_task_mapping.py
[2024-11-16T04:59:28.640+0000] {processor.py:914} INFO - Processing file /home/airflow/.local/lib/python3.12/site-packages/airflow/example_dags/example_dynamic_task_mapping.py for tasks to queue
[2024-11-16T04:59:28.642+0000] {logging_mixin.py:190} INFO - [2024-11-16T04:59:28.641+0000] {dagbag.py:588} INFO - Filling up the DagBag from /home/airflow/.local/lib/python3.12/site-packages/airflow/example_dags/example_dynamic_task_mapping.py
[2024-11-16T04:59:28.648+0000] {processor.py:925} INFO - DAG(s) 'example_dynamic_task_mapping' retrieved from /home/airflow/.local/lib/python3.12/site-packages/airflow/example_dags/example_dynamic_task_mapping.py
[2024-11-16T04:59:28.665+0000] {logging_mixin.py:190} INFO - [2024-11-16T04:59:28.665+0000] {dag.py:3239} INFO - Sync 1 DAGs
[2024-11-16T04:59:28.681+0000] {logging_mixin.py:190} INFO - [2024-11-16T04:59:28.681+0000] {dag.py:4180} INFO - Setting next_dagrun for example_dynamic_task_mapping to None, run_after=None
[2024-11-16T04:59:28.697+0000] {processor.py:208} INFO - Processing /home/airflow/.local/lib/python3.12/site-packages/airflow/example_dags/example_dynamic_task_mapping.py took 0.062 seconds
[2024-11-16T04:59:58.984+0000] {processor.py:186} INFO - Started process (PID=163) to work on /home/airflow/.local/lib/python3.12/site-packages/airflow/example_dags/example_dynamic_task_mapping.py
[2024-11-16T04:59:58.985+0000] {processor.py:914} INFO - Processing file /home/airflow/.local/lib/python3.12/site-packages/airflow/example_dags/example_dynamic_task_mapping.py for tasks to queue
[2024-11-16T04:59:58.986+0000] {logging_mixin.py:190} INFO - [2024-11-16T04:59:58.986+0000] {dagbag.py:588} INFO - Filling up the DagBag from /home/airflow/.local/lib/python3.12/site-packages/airflow/example_dags/example_dynamic_task_mapping.py
[2024-11-16T04:59:58.992+0000] {processor.py:925} INFO - DAG(s) 'example_dynamic_task_mapping' retrieved from /home/airflow/.local/lib/python3.12/site-packages/airflow/example_dags/example_dynamic_task_mapping.py
[2024-11-16T04:59:59.006+0000] {logging_mixin.py:190} INFO - [2024-11-16T04:59:59.006+0000] {dag.py:3239} INFO - Sync 1 DAGs
[2024-11-16T04:59:59.016+0000] {logging_mixin.py:190} INFO - [2024-11-16T04:59:59.015+0000] {dag.py:4180} INFO - Setting next_dagrun for example_dynamic_task_mapping to None, run_after=None
[2024-11-16T04:59:59.031+0000] {processor.py:208} INFO - Processing /home/airflow/.local/lib/python3.12/site-packages/airflow/example_dags/example_dynamic_task_mapping.py took 0.050 seconds
[2024-11-16T05:00:29.420+0000] {processor.py:186} INFO - Started process (PID=231) to work on /home/airflow/.local/lib/python3.12/site-packages/airflow/example_dags/example_dynamic_task_mapping.py
[2024-11-16T05:00:29.421+0000] {processor.py:914} INFO - Processing file /home/airflow/.local/lib/python3.12/site-packages/airflow/example_dags/example_dynamic_task_mapping.py for tasks to queue
[2024-11-16T05:00:29.422+0000] {logging_mixin.py:190} INFO - [2024-11-16T05:00:29.422+0000] {dagbag.py:588} INFO - Filling up the DagBag from /home/airflow/.local/lib/python3.12/site-packages/airflow/example_dags/example_dynamic_task_mapping.py
[2024-11-16T05:00:29.427+0000] {processor.py:925} INFO - DAG(s) 'example_dynamic_task_mapping' retrieved from /home/airflow/.local/lib/python3.12/site-packages/airflow/example_dags/example_dynamic_task_mapping.py
[2024-11-16T05:00:29.439+0000] {logging_mixin.py:190} INFO - [2024-11-16T05:00:29.439+0000] {dag.py:3239} INFO - Sync 1 DAGs
[2024-11-16T05:00:29.448+0000] {logging_mixin.py:190} INFO - [2024-11-16T05:00:29.448+0000] {dag.py:4180} INFO - Setting next_dagrun for example_dynamic_task_mapping to None, run_after=None
[2024-11-16T05:00:29.461+0000] {processor.py:208} INFO - Processing /home/airflow/.local/lib/python3.12/site-packages/airflow/example_dags/example_dynamic_task_mapping.py took 0.044 seconds
[2024-11-16T05:01:00.211+0000] {processor.py:186} INFO - Started process (PID=305) to work on /home/airflow/.local/lib/python3.12/site-packages/airflow/example_dags/example_dynamic_task_mapping.py
[2024-11-16T05:01:00.212+0000] {processor.py:914} INFO - Processing file /home/airflow/.local/lib/python3.12/site-packages/airflow/example_dags/example_dynamic_task_mapping.py for tasks to queue
[2024-11-16T05:01:00.213+0000] {logging_mixin.py:190} INFO - [2024-11-16T05:01:00.213+0000] {dagbag.py:588} INFO - Filling up the DagBag from /home/airflow/.local/lib/python3.12/site-packages/airflow/example_dags/example_dynamic_task_mapping.py
[2024-11-16T05:01:00.220+0000] {processor.py:925} INFO - DAG(s) 'example_dynamic_task_mapping' retrieved from /home/airflow/.local/lib/python3.12/site-packages/airflow/example_dags/example_dynamic_task_mapping.py
[2024-11-16T05:01:00.233+0000] {logging_mixin.py:190} INFO - [2024-11-16T05:01:00.233+0000] {dag.py:3239} INFO - Sync 1 DAGs
[2024-11-16T05:01:00.243+0000] {logging_mixin.py:190} INFO - [2024-11-16T05:01:00.243+0000] {dag.py:4180} INFO - Setting next_dagrun for example_dynamic_task_mapping to None, run_after=None
[2024-11-16T05:01:00.257+0000] {processor.py:208} INFO - Processing /home/airflow/.local/lib/python3.12/site-packages/airflow/example_dags/example_dynamic_task_mapping.py took 0.051 seconds
[2024-11-16T05:01:31.208+0000] {processor.py:186} INFO - Started process (PID=373) to work on /home/airflow/.local/lib/python3.12/site-packages/airflow/example_dags/example_dynamic_task_mapping.py
[2024-11-16T05:01:31.209+0000] {processor.py:914} INFO - Processing file /home/airflow/.local/lib/python3.12/site-packages/airflow/example_dags/example_dynamic_task_mapping.py for tasks to queue
[2024-11-16T05:01:31.211+0000] {logging_mixin.py:190} INFO - [2024-11-16T05:01:31.210+0000] {dagbag.py:588} INFO - Filling up the DagBag from /home/airflow/.local/lib/python3.12/site-packages/airflow/example_dags/example_dynamic_task_mapping.py
[2024-11-16T05:01:31.216+0000] {processor.py:925} INFO - DAG(s) 'example_dynamic_task_mapping' retrieved from /home/airflow/.local/lib/python3.12/site-packages/airflow/example_dags/example_dynamic_task_mapping.py
[2024-11-16T05:01:31.229+0000] {logging_mixin.py:190} INFO - [2024-11-16T05:01:31.229+0000] {dag.py:3239} INFO - Sync 1 DAGs
[2024-11-16T05:01:31.238+0000] {logging_mixin.py:190} INFO - [2024-11-16T05:01:31.238+0000] {dag.py:4180} INFO - Setting next_dagrun for example_dynamic_task_mapping to None, run_after=None
[2024-11-16T05:01:31.251+0000] {processor.py:208} INFO - Processing /home/airflow/.local/lib/python3.12/site-packages/airflow/example_dags/example_dynamic_task_mapping.py took 0.047 seconds
[2024-11-16T05:02:02.044+0000] {processor.py:186} INFO - Started process (PID=441) to work on /home/airflow/.local/lib/python3.12/site-packages/airflow/example_dags/example_dynamic_task_mapping.py
[2024-11-16T05:02:02.045+0000] {processor.py:914} INFO - Processing file /home/airflow/.local/lib/python3.12/site-packages/airflow/example_dags/example_dynamic_task_mapping.py for tasks to queue
[2024-11-16T05:02:02.048+0000] {logging_mixin.py:190} INFO - [2024-11-16T05:02:02.048+0000] {dagbag.py:588} INFO - Filling up the DagBag from /home/airflow/.local/lib/python3.12/site-packages/airflow/example_dags/example_dynamic_task_mapping.py
[2024-11-16T05:02:02.060+0000] {processor.py:925} INFO - DAG(s) 'example_dynamic_task_mapping' retrieved from /home/airflow/.local/lib/python3.12/site-packages/airflow/example_dags/example_dynamic_task_mapping.py
[2024-11-16T05:02:02.078+0000] {logging_mixin.py:190} INFO - [2024-11-16T05:02:02.078+0000] {dag.py:3239} INFO - Sync 1 DAGs
[2024-11-16T05:02:02.093+0000] {logging_mixin.py:190} INFO - [2024-11-16T05:02:02.092+0000] {dag.py:4180} INFO - Setting next_dagrun for example_dynamic_task_mapping to None, run_after=None
[2024-11-16T05:02:02.112+0000] {processor.py:208} INFO - Processing /home/airflow/.local/lib/python3.12/site-packages/airflow/example_dags/example_dynamic_task_mapping.py took 0.077 seconds
[2024-11-16T05:02:33.345+0000] {processor.py:186} INFO - Started process (PID=509) to work on /home/airflow/.local/lib/python3.12/site-packages/airflow/example_dags/example_dynamic_task_mapping.py
[2024-11-16T05:02:33.346+0000] {processor.py:914} INFO - Processing file /home/airflow/.local/lib/python3.12/site-packages/airflow/example_dags/example_dynamic_task_mapping.py for tasks to queue
[2024-11-16T05:02:33.348+0000] {logging_mixin.py:190} INFO - [2024-11-16T05:02:33.347+0000] {dagbag.py:588} INFO - Filling up the DagBag from /home/airflow/.local/lib/python3.12/site-packages/airflow/example_dags/example_dynamic_task_mapping.py
[2024-11-16T05:02:33.359+0000] {processor.py:925} INFO - DAG(s) 'example_dynamic_task_mapping' retrieved from /home/airflow/.local/lib/python3.12/site-packages/airflow/example_dags/example_dynamic_task_mapping.py
[2024-11-16T05:02:33.379+0000] {logging_mixin.py:190} INFO - [2024-11-16T05:02:33.379+0000] {dag.py:3239} INFO - Sync 1 DAGs
[2024-11-16T05:02:33.402+0000] {logging_mixin.py:190} INFO - [2024-11-16T05:02:33.402+0000] {dag.py:4180} INFO - Setting next_dagrun for example_dynamic_task_mapping to None, run_after=None
[2024-11-16T05:02:33.423+0000] {processor.py:208} INFO - Processing /home/airflow/.local/lib/python3.12/site-packages/airflow/example_dags/example_dynamic_task_mapping.py took 0.082 seconds
[2024-11-16T05:03:03.920+0000] {processor.py:186} INFO - Started process (PID=577) to work on /home/airflow/.local/lib/python3.12/site-packages/airflow/example_dags/example_dynamic_task_mapping.py
[2024-11-16T05:03:03.921+0000] {processor.py:914} INFO - Processing file /home/airflow/.local/lib/python3.12/site-packages/airflow/example_dags/example_dynamic_task_mapping.py for tasks to queue
[2024-11-16T05:03:03.922+0000] {logging_mixin.py:190} INFO - [2024-11-16T05:03:03.922+0000] {dagbag.py:588} INFO - Filling up the DagBag from /home/airflow/.local/lib/python3.12/site-packages/airflow/example_dags/example_dynamic_task_mapping.py
[2024-11-16T05:03:03.928+0000] {processor.py:925} INFO - DAG(s) 'example_dynamic_task_mapping' retrieved from /home/airflow/.local/lib/python3.12/site-packages/airflow/example_dags/example_dynamic_task_mapping.py
[2024-11-16T05:03:03.942+0000] {logging_mixin.py:190} INFO - [2024-11-16T05:03:03.942+0000] {dag.py:3239} INFO - Sync 1 DAGs
[2024-11-16T05:03:03.952+0000] {logging_mixin.py:190} INFO - [2024-11-16T05:03:03.952+0000] {dag.py:4180} INFO - Setting next_dagrun for example_dynamic_task_mapping to None, run_after=None
[2024-11-16T05:03:03.968+0000] {processor.py:208} INFO - Processing /home/airflow/.local/lib/python3.12/site-packages/airflow/example_dags/example_dynamic_task_mapping.py took 0.052 seconds
[2024-11-16T05:03:34.634+0000] {processor.py:186} INFO - Started process (PID=645) to work on /home/airflow/.local/lib/python3.12/site-packages/airflow/example_dags/example_dynamic_task_mapping.py
[2024-11-16T05:03:34.635+0000] {processor.py:914} INFO - Processing file /home/airflow/.local/lib/python3.12/site-packages/airflow/example_dags/example_dynamic_task_mapping.py for tasks to queue
[2024-11-16T05:03:34.638+0000] {logging_mixin.py:190} INFO - [2024-11-16T05:03:34.637+0000] {dagbag.py:588} INFO - Filling up the DagBag from /home/airflow/.local/lib/python3.12/site-packages/airflow/example_dags/example_dynamic_task_mapping.py
[2024-11-16T05:03:34.645+0000] {processor.py:925} INFO - DAG(s) 'example_dynamic_task_mapping' retrieved from /home/airflow/.local/lib/python3.12/site-packages/airflow/example_dags/example_dynamic_task_mapping.py
[2024-11-16T05:03:34.668+0000] {logging_mixin.py:190} INFO - [2024-11-16T05:03:34.668+0000] {dag.py:3239} INFO - Sync 1 DAGs
[2024-11-16T05:03:34.683+0000] {logging_mixin.py:190} INFO - [2024-11-16T05:03:34.683+0000] {dag.py:4180} INFO - Setting next_dagrun for example_dynamic_task_mapping to None, run_after=None
[2024-11-16T05:03:34.705+0000] {processor.py:208} INFO - Processing /home/airflow/.local/lib/python3.12/site-packages/airflow/example_dags/example_dynamic_task_mapping.py took 0.076 seconds
[2024-11-16T05:04:04.897+0000] {processor.py:186} INFO - Started process (PID=712) to work on /home/airflow/.local/lib/python3.12/site-packages/airflow/example_dags/example_dynamic_task_mapping.py
[2024-11-16T05:04:04.897+0000] {processor.py:914} INFO - Processing file /home/airflow/.local/lib/python3.12/site-packages/airflow/example_dags/example_dynamic_task_mapping.py for tasks to queue
[2024-11-16T05:04:04.898+0000] {logging_mixin.py:190} INFO - [2024-11-16T05:04:04.898+0000] {dagbag.py:588} INFO - Filling up the DagBag from /home/airflow/.local/lib/python3.12/site-packages/airflow/example_dags/example_dynamic_task_mapping.py
[2024-11-16T05:04:04.904+0000] {processor.py:925} INFO - DAG(s) 'example_dynamic_task_mapping' retrieved from /home/airflow/.local/lib/python3.12/site-packages/airflow/example_dags/example_dynamic_task_mapping.py
[2024-11-16T05:04:04.920+0000] {logging_mixin.py:190} INFO - [2024-11-16T05:04:04.919+0000] {dag.py:3239} INFO - Sync 1 DAGs
[2024-11-16T05:04:04.931+0000] {logging_mixin.py:190} INFO - [2024-11-16T05:04:04.931+0000] {dag.py:4180} INFO - Setting next_dagrun for example_dynamic_task_mapping to None, run_after=None
[2024-11-16T05:04:04.946+0000] {processor.py:208} INFO - Processing /home/airflow/.local/lib/python3.12/site-packages/airflow/example_dags/example_dynamic_task_mapping.py took 0.053 seconds
[2024-11-16T05:04:35.033+0000] {processor.py:186} INFO - Started process (PID=779) to work on /home/airflow/.local/lib/python3.12/site-packages/airflow/example_dags/example_dynamic_task_mapping.py
[2024-11-16T05:04:35.034+0000] {processor.py:914} INFO - Processing file /home/airflow/.local/lib/python3.12/site-packages/airflow/example_dags/example_dynamic_task_mapping.py for tasks to queue
[2024-11-16T05:04:35.036+0000] {logging_mixin.py:190} INFO - [2024-11-16T05:04:35.035+0000] {dagbag.py:588} INFO - Filling up the DagBag from /home/airflow/.local/lib/python3.12/site-packages/airflow/example_dags/example_dynamic_task_mapping.py
[2024-11-16T05:04:35.043+0000] {processor.py:925} INFO - DAG(s) 'example_dynamic_task_mapping' retrieved from /home/airflow/.local/lib/python3.12/site-packages/airflow/example_dags/example_dynamic_task_mapping.py
[2024-11-16T05:04:35.060+0000] {logging_mixin.py:190} INFO - [2024-11-16T05:04:35.059+0000] {dag.py:3239} INFO - Sync 1 DAGs
[2024-11-16T05:04:35.070+0000] {logging_mixin.py:190} INFO - [2024-11-16T05:04:35.069+0000] {dag.py:4180} INFO - Setting next_dagrun for example_dynamic_task_mapping to None, run_after=None
[2024-11-16T05:04:35.090+0000] {processor.py:208} INFO - Processing /home/airflow/.local/lib/python3.12/site-packages/airflow/example_dags/example_dynamic_task_mapping.py took 0.060 seconds
[2024-11-16T05:05:05.586+0000] {processor.py:186} INFO - Started process (PID=846) to work on /home/airflow/.local/lib/python3.12/site-packages/airflow/example_dags/example_dynamic_task_mapping.py
[2024-11-16T05:05:05.587+0000] {processor.py:914} INFO - Processing file /home/airflow/.local/lib/python3.12/site-packages/airflow/example_dags/example_dynamic_task_mapping.py for tasks to queue
[2024-11-16T05:05:05.589+0000] {logging_mixin.py:190} INFO - [2024-11-16T05:05:05.589+0000] {dagbag.py:588} INFO - Filling up the DagBag from /home/airflow/.local/lib/python3.12/site-packages/airflow/example_dags/example_dynamic_task_mapping.py
[2024-11-16T05:05:05.597+0000] {processor.py:925} INFO - DAG(s) 'example_dynamic_task_mapping' retrieved from /home/airflow/.local/lib/python3.12/site-packages/airflow/example_dags/example_dynamic_task_mapping.py
[2024-11-16T05:05:05.614+0000] {logging_mixin.py:190} INFO - [2024-11-16T05:05:05.614+0000] {dag.py:3239} INFO - Sync 1 DAGs
[2024-11-16T05:05:05.628+0000] {logging_mixin.py:190} INFO - [2024-11-16T05:05:05.628+0000] {dag.py:4180} INFO - Setting next_dagrun for example_dynamic_task_mapping to None, run_after=None
[2024-11-16T05:05:05.645+0000] {processor.py:208} INFO - Processing /home/airflow/.local/lib/python3.12/site-packages/airflow/example_dags/example_dynamic_task_mapping.py took 0.064 seconds
[2024-11-16T05:05:35.678+0000] {processor.py:186} INFO - Started process (PID=914) to work on /home/airflow/.local/lib/python3.12/site-packages/airflow/example_dags/example_dynamic_task_mapping.py
[2024-11-16T05:05:35.679+0000] {processor.py:914} INFO - Processing file /home/airflow/.local/lib/python3.12/site-packages/airflow/example_dags/example_dynamic_task_mapping.py for tasks to queue
[2024-11-16T05:05:35.680+0000] {logging_mixin.py:190} INFO - [2024-11-16T05:05:35.680+0000] {dagbag.py:588} INFO - Filling up the DagBag from /home/airflow/.local/lib/python3.12/site-packages/airflow/example_dags/example_dynamic_task_mapping.py
[2024-11-16T05:05:35.685+0000] {processor.py:925} INFO - DAG(s) 'example_dynamic_task_mapping' retrieved from /home/airflow/.local/lib/python3.12/site-packages/airflow/example_dags/example_dynamic_task_mapping.py
[2024-11-16T05:05:35.696+0000] {logging_mixin.py:190} INFO - [2024-11-16T05:05:35.696+0000] {dag.py:3239} INFO - Sync 1 DAGs
[2024-11-16T05:05:35.705+0000] {logging_mixin.py:190} INFO - [2024-11-16T05:05:35.705+0000] {dag.py:4180} INFO - Setting next_dagrun for example_dynamic_task_mapping to None, run_after=None
[2024-11-16T05:05:35.718+0000] {processor.py:208} INFO - Processing /home/airflow/.local/lib/python3.12/site-packages/airflow/example_dags/example_dynamic_task_mapping.py took 0.044 seconds
[2024-11-16T05:06:06.513+0000] {processor.py:186} INFO - Started process (PID=982) to work on /home/airflow/.local/lib/python3.12/site-packages/airflow/example_dags/example_dynamic_task_mapping.py
[2024-11-16T05:06:06.514+0000] {processor.py:914} INFO - Processing file /home/airflow/.local/lib/python3.12/site-packages/airflow/example_dags/example_dynamic_task_mapping.py for tasks to queue
[2024-11-16T05:06:06.515+0000] {logging_mixin.py:190} INFO - [2024-11-16T05:06:06.515+0000] {dagbag.py:588} INFO - Filling up the DagBag from /home/airflow/.local/lib/python3.12/site-packages/airflow/example_dags/example_dynamic_task_mapping.py
[2024-11-16T05:06:06.521+0000] {processor.py:925} INFO - DAG(s) 'example_dynamic_task_mapping' retrieved from /home/airflow/.local/lib/python3.12/site-packages/airflow/example_dags/example_dynamic_task_mapping.py
[2024-11-16T05:06:06.533+0000] {logging_mixin.py:190} INFO - [2024-11-16T05:06:06.533+0000] {dag.py:3239} INFO - Sync 1 DAGs
[2024-11-16T05:06:06.544+0000] {logging_mixin.py:190} INFO - [2024-11-16T05:06:06.544+0000] {dag.py:4180} INFO - Setting next_dagrun for example_dynamic_task_mapping to None, run_after=None
[2024-11-16T05:06:06.560+0000] {processor.py:208} INFO - Processing /home/airflow/.local/lib/python3.12/site-packages/airflow/example_dags/example_dynamic_task_mapping.py took 0.050 seconds
[2024-11-16T05:06:37.522+0000] {processor.py:186} INFO - Started process (PID=1050) to work on /home/airflow/.local/lib/python3.12/site-packages/airflow/example_dags/example_dynamic_task_mapping.py
[2024-11-16T05:06:37.522+0000] {processor.py:914} INFO - Processing file /home/airflow/.local/lib/python3.12/site-packages/airflow/example_dags/example_dynamic_task_mapping.py for tasks to queue
[2024-11-16T05:06:37.523+0000] {logging_mixin.py:190} INFO - [2024-11-16T05:06:37.523+0000] {dagbag.py:588} INFO - Filling up the DagBag from /home/airflow/.local/lib/python3.12/site-packages/airflow/example_dags/example_dynamic_task_mapping.py
[2024-11-16T05:06:37.528+0000] {processor.py:925} INFO - DAG(s) 'example_dynamic_task_mapping' retrieved from /home/airflow/.local/lib/python3.12/site-packages/airflow/example_dags/example_dynamic_task_mapping.py
[2024-11-16T05:06:37.540+0000] {logging_mixin.py:190} INFO - [2024-11-16T05:06:37.540+0000] {dag.py:3239} INFO - Sync 1 DAGs
[2024-11-16T05:06:37.548+0000] {logging_mixin.py:190} INFO - [2024-11-16T05:06:37.548+0000] {dag.py:4180} INFO - Setting next_dagrun for example_dynamic_task_mapping to None, run_after=None
[2024-11-16T05:06:37.562+0000] {processor.py:208} INFO - Processing /home/airflow/.local/lib/python3.12/site-packages/airflow/example_dags/example_dynamic_task_mapping.py took 0.044 seconds
[2024-11-16T05:07:08.468+0000] {processor.py:186} INFO - Started process (PID=1118) to work on /home/airflow/.local/lib/python3.12/site-packages/airflow/example_dags/example_dynamic_task_mapping.py
[2024-11-16T05:07:08.469+0000] {processor.py:914} INFO - Processing file /home/airflow/.local/lib/python3.12/site-packages/airflow/example_dags/example_dynamic_task_mapping.py for tasks to queue
[2024-11-16T05:07:08.470+0000] {logging_mixin.py:190} INFO - [2024-11-16T05:07:08.470+0000] {dagbag.py:588} INFO - Filling up the DagBag from /home/airflow/.local/lib/python3.12/site-packages/airflow/example_dags/example_dynamic_task_mapping.py
[2024-11-16T05:07:08.475+0000] {processor.py:925} INFO - DAG(s) 'example_dynamic_task_mapping' retrieved from /home/airflow/.local/lib/python3.12/site-packages/airflow/example_dags/example_dynamic_task_mapping.py
[2024-11-16T05:07:08.487+0000] {logging_mixin.py:190} INFO - [2024-11-16T05:07:08.487+0000] {dag.py:3239} INFO - Sync 1 DAGs
[2024-11-16T05:07:08.495+0000] {logging_mixin.py:190} INFO - [2024-11-16T05:07:08.495+0000] {dag.py:4180} INFO - Setting next_dagrun for example_dynamic_task_mapping to None, run_after=None
[2024-11-16T05:07:08.507+0000] {processor.py:208} INFO - Processing /home/airflow/.local/lib/python3.12/site-packages/airflow/example_dags/example_dynamic_task_mapping.py took 0.042 seconds
[2024-11-16T05:07:39.019+0000] {processor.py:186} INFO - Started process (PID=1186) to work on /home/airflow/.local/lib/python3.12/site-packages/airflow/example_dags/example_dynamic_task_mapping.py
[2024-11-16T05:07:39.020+0000] {processor.py:914} INFO - Processing file /home/airflow/.local/lib/python3.12/site-packages/airflow/example_dags/example_dynamic_task_mapping.py for tasks to queue
[2024-11-16T05:07:39.023+0000] {logging_mixin.py:190} INFO - [2024-11-16T05:07:39.022+0000] {dagbag.py:588} INFO - Filling up the DagBag from /home/airflow/.local/lib/python3.12/site-packages/airflow/example_dags/example_dynamic_task_mapping.py
[2024-11-16T05:07:39.032+0000] {processor.py:925} INFO - DAG(s) 'example_dynamic_task_mapping' retrieved from /home/airflow/.local/lib/python3.12/site-packages/airflow/example_dags/example_dynamic_task_mapping.py
[2024-11-16T05:07:39.051+0000] {logging_mixin.py:190} INFO - [2024-11-16T05:07:39.051+0000] {dag.py:3239} INFO - Sync 1 DAGs
[2024-11-16T05:07:39.065+0000] {logging_mixin.py:190} INFO - [2024-11-16T05:07:39.065+0000] {dag.py:4180} INFO - Setting next_dagrun for example_dynamic_task_mapping to None, run_after=None
[2024-11-16T05:07:39.083+0000] {processor.py:208} INFO - Processing /home/airflow/.local/lib/python3.12/site-packages/airflow/example_dags/example_dynamic_task_mapping.py took 0.074 seconds
[2024-11-16T05:08:09.131+0000] {processor.py:186} INFO - Started process (PID=1254) to work on /home/airflow/.local/lib/python3.12/site-packages/airflow/example_dags/example_dynamic_task_mapping.py
[2024-11-16T05:08:09.132+0000] {processor.py:914} INFO - Processing file /home/airflow/.local/lib/python3.12/site-packages/airflow/example_dags/example_dynamic_task_mapping.py for tasks to queue
[2024-11-16T05:08:09.134+0000] {logging_mixin.py:190} INFO - [2024-11-16T05:08:09.133+0000] {dagbag.py:588} INFO - Filling up the DagBag from /home/airflow/.local/lib/python3.12/site-packages/airflow/example_dags/example_dynamic_task_mapping.py
[2024-11-16T05:08:09.138+0000] {processor.py:925} INFO - DAG(s) 'example_dynamic_task_mapping' retrieved from /home/airflow/.local/lib/python3.12/site-packages/airflow/example_dags/example_dynamic_task_mapping.py
[2024-11-16T05:08:09.150+0000] {logging_mixin.py:190} INFO - [2024-11-16T05:08:09.150+0000] {dag.py:3239} INFO - Sync 1 DAGs
[2024-11-16T05:08:09.158+0000] {logging_mixin.py:190} INFO - [2024-11-16T05:08:09.158+0000] {dag.py:4180} INFO - Setting next_dagrun for example_dynamic_task_mapping to None, run_after=None
[2024-11-16T05:08:09.171+0000] {processor.py:208} INFO - Processing /home/airflow/.local/lib/python3.12/site-packages/airflow/example_dags/example_dynamic_task_mapping.py took 0.043 seconds
[2024-11-16T05:08:39.419+0000] {processor.py:186} INFO - Started process (PID=1322) to work on /home/airflow/.local/lib/python3.12/site-packages/airflow/example_dags/example_dynamic_task_mapping.py
[2024-11-16T05:08:39.420+0000] {processor.py:914} INFO - Processing file /home/airflow/.local/lib/python3.12/site-packages/airflow/example_dags/example_dynamic_task_mapping.py for tasks to queue
[2024-11-16T05:08:39.421+0000] {logging_mixin.py:190} INFO - [2024-11-16T05:08:39.421+0000] {dagbag.py:588} INFO - Filling up the DagBag from /home/airflow/.local/lib/python3.12/site-packages/airflow/example_dags/example_dynamic_task_mapping.py
[2024-11-16T05:08:39.427+0000] {processor.py:925} INFO - DAG(s) 'example_dynamic_task_mapping' retrieved from /home/airflow/.local/lib/python3.12/site-packages/airflow/example_dags/example_dynamic_task_mapping.py
[2024-11-16T05:08:39.442+0000] {logging_mixin.py:190} INFO - [2024-11-16T05:08:39.442+0000] {dag.py:3239} INFO - Sync 1 DAGs
[2024-11-16T05:08:39.455+0000] {logging_mixin.py:190} INFO - [2024-11-16T05:08:39.455+0000] {dag.py:4180} INFO - Setting next_dagrun for example_dynamic_task_mapping to None, run_after=None
[2024-11-16T05:08:39.470+0000] {processor.py:208} INFO - Processing /home/airflow/.local/lib/python3.12/site-packages/airflow/example_dags/example_dynamic_task_mapping.py took 0.054 seconds
[2024-11-16T05:09:09.660+0000] {processor.py:186} INFO - Started process (PID=1390) to work on /home/airflow/.local/lib/python3.12/site-packages/airflow/example_dags/example_dynamic_task_mapping.py
[2024-11-16T05:09:09.661+0000] {processor.py:914} INFO - Processing file /home/airflow/.local/lib/python3.12/site-packages/airflow/example_dags/example_dynamic_task_mapping.py for tasks to queue
[2024-11-16T05:09:09.663+0000] {logging_mixin.py:190} INFO - [2024-11-16T05:09:09.662+0000] {dagbag.py:588} INFO - Filling up the DagBag from /home/airflow/.local/lib/python3.12/site-packages/airflow/example_dags/example_dynamic_task_mapping.py
[2024-11-16T05:09:09.670+0000] {processor.py:925} INFO - DAG(s) 'example_dynamic_task_mapping' retrieved from /home/airflow/.local/lib/python3.12/site-packages/airflow/example_dags/example_dynamic_task_mapping.py
[2024-11-16T05:09:09.683+0000] {logging_mixin.py:190} INFO - [2024-11-16T05:09:09.683+0000] {dag.py:3239} INFO - Sync 1 DAGs
[2024-11-16T05:09:09.693+0000] {logging_mixin.py:190} INFO - [2024-11-16T05:09:09.693+0000] {dag.py:4180} INFO - Setting next_dagrun for example_dynamic_task_mapping to None, run_after=None
[2024-11-16T05:09:09.707+0000] {processor.py:208} INFO - Processing /home/airflow/.local/lib/python3.12/site-packages/airflow/example_dags/example_dynamic_task_mapping.py took 0.053 seconds
[2024-11-16T05:09:39.977+0000] {processor.py:186} INFO - Started process (PID=1458) to work on /home/airflow/.local/lib/python3.12/site-packages/airflow/example_dags/example_dynamic_task_mapping.py
[2024-11-16T05:09:39.978+0000] {processor.py:914} INFO - Processing file /home/airflow/.local/lib/python3.12/site-packages/airflow/example_dags/example_dynamic_task_mapping.py for tasks to queue
[2024-11-16T05:09:39.981+0000] {logging_mixin.py:190} INFO - [2024-11-16T05:09:39.981+0000] {dagbag.py:588} INFO - Filling up the DagBag from /home/airflow/.local/lib/python3.12/site-packages/airflow/example_dags/example_dynamic_task_mapping.py
[2024-11-16T05:09:39.986+0000] {processor.py:925} INFO - DAG(s) 'example_dynamic_task_mapping' retrieved from /home/airflow/.local/lib/python3.12/site-packages/airflow/example_dags/example_dynamic_task_mapping.py
[2024-11-16T05:09:39.998+0000] {logging_mixin.py:190} INFO - [2024-11-16T05:09:39.998+0000] {dag.py:3239} INFO - Sync 1 DAGs
[2024-11-16T05:09:40.007+0000] {logging_mixin.py:190} INFO - [2024-11-16T05:09:40.007+0000] {dag.py:4180} INFO - Setting next_dagrun for example_dynamic_task_mapping to None, run_after=None
[2024-11-16T05:09:40.018+0000] {processor.py:208} INFO - Processing /home/airflow/.local/lib/python3.12/site-packages/airflow/example_dags/example_dynamic_task_mapping.py took 0.045 seconds
[2024-11-16T05:10:10.631+0000] {processor.py:186} INFO - Started process (PID=1526) to work on /home/airflow/.local/lib/python3.12/site-packages/airflow/example_dags/example_dynamic_task_mapping.py
[2024-11-16T05:10:10.631+0000] {processor.py:914} INFO - Processing file /home/airflow/.local/lib/python3.12/site-packages/airflow/example_dags/example_dynamic_task_mapping.py for tasks to queue
[2024-11-16T05:10:10.633+0000] {logging_mixin.py:190} INFO - [2024-11-16T05:10:10.633+0000] {dagbag.py:588} INFO - Filling up the DagBag from /home/airflow/.local/lib/python3.12/site-packages/airflow/example_dags/example_dynamic_task_mapping.py
[2024-11-16T05:10:10.639+0000] {processor.py:925} INFO - DAG(s) 'example_dynamic_task_mapping' retrieved from /home/airflow/.local/lib/python3.12/site-packages/airflow/example_dags/example_dynamic_task_mapping.py
[2024-11-16T05:10:10.652+0000] {logging_mixin.py:190} INFO - [2024-11-16T05:10:10.651+0000] {dag.py:3239} INFO - Sync 1 DAGs
[2024-11-16T05:10:10.661+0000] {logging_mixin.py:190} INFO - [2024-11-16T05:10:10.661+0000] {dag.py:4180} INFO - Setting next_dagrun for example_dynamic_task_mapping to None, run_after=None
[2024-11-16T05:10:10.675+0000] {processor.py:208} INFO - Processing /home/airflow/.local/lib/python3.12/site-packages/airflow/example_dags/example_dynamic_task_mapping.py took 0.048 seconds
[2024-11-16T05:11:29.487+0000] {processor.py:186} INFO - Started process (PID=116) to work on /home/airflow/.local/lib/python3.12/site-packages/airflow/example_dags/example_dynamic_task_mapping.py
[2024-11-16T05:11:29.487+0000] {processor.py:914} INFO - Processing file /home/airflow/.local/lib/python3.12/site-packages/airflow/example_dags/example_dynamic_task_mapping.py for tasks to queue
[2024-11-16T05:11:29.489+0000] {logging_mixin.py:190} INFO - [2024-11-16T05:11:29.489+0000] {dagbag.py:588} INFO - Filling up the DagBag from /home/airflow/.local/lib/python3.12/site-packages/airflow/example_dags/example_dynamic_task_mapping.py
[2024-11-16T05:11:29.498+0000] {processor.py:925} INFO - DAG(s) 'example_dynamic_task_mapping' retrieved from /home/airflow/.local/lib/python3.12/site-packages/airflow/example_dags/example_dynamic_task_mapping.py
[2024-11-16T05:11:29.519+0000] {logging_mixin.py:190} INFO - [2024-11-16T05:11:29.518+0000] {dag.py:3239} INFO - Sync 1 DAGs
[2024-11-16T05:11:29.538+0000] {logging_mixin.py:190} INFO - [2024-11-16T05:11:29.538+0000] {dag.py:4180} INFO - Setting next_dagrun for example_dynamic_task_mapping to None, run_after=None
[2024-11-16T05:11:29.565+0000] {processor.py:208} INFO - Processing /home/airflow/.local/lib/python3.12/site-packages/airflow/example_dags/example_dynamic_task_mapping.py took 0.083 seconds
[2024-11-16T05:11:59.881+0000] {processor.py:186} INFO - Started process (PID=183) to work on /home/airflow/.local/lib/python3.12/site-packages/airflow/example_dags/example_dynamic_task_mapping.py
[2024-11-16T05:11:59.882+0000] {processor.py:914} INFO - Processing file /home/airflow/.local/lib/python3.12/site-packages/airflow/example_dags/example_dynamic_task_mapping.py for tasks to queue
[2024-11-16T05:11:59.883+0000] {logging_mixin.py:190} INFO - [2024-11-16T05:11:59.883+0000] {dagbag.py:588} INFO - Filling up the DagBag from /home/airflow/.local/lib/python3.12/site-packages/airflow/example_dags/example_dynamic_task_mapping.py
[2024-11-16T05:11:59.889+0000] {processor.py:925} INFO - DAG(s) 'example_dynamic_task_mapping' retrieved from /home/airflow/.local/lib/python3.12/site-packages/airflow/example_dags/example_dynamic_task_mapping.py
[2024-11-16T05:11:59.903+0000] {logging_mixin.py:190} INFO - [2024-11-16T05:11:59.903+0000] {dag.py:3239} INFO - Sync 1 DAGs
[2024-11-16T05:11:59.914+0000] {logging_mixin.py:190} INFO - [2024-11-16T05:11:59.913+0000] {dag.py:4180} INFO - Setting next_dagrun for example_dynamic_task_mapping to None, run_after=None
[2024-11-16T05:11:59.930+0000] {processor.py:208} INFO - Processing /home/airflow/.local/lib/python3.12/site-packages/airflow/example_dags/example_dynamic_task_mapping.py took 0.053 seconds
[2024-11-16T05:12:31.035+0000] {processor.py:186} INFO - Started process (PID=251) to work on /home/airflow/.local/lib/python3.12/site-packages/airflow/example_dags/example_dynamic_task_mapping.py
[2024-11-16T05:12:31.036+0000] {processor.py:914} INFO - Processing file /home/airflow/.local/lib/python3.12/site-packages/airflow/example_dags/example_dynamic_task_mapping.py for tasks to queue
[2024-11-16T05:12:31.037+0000] {logging_mixin.py:190} INFO - [2024-11-16T05:12:31.037+0000] {dagbag.py:588} INFO - Filling up the DagBag from /home/airflow/.local/lib/python3.12/site-packages/airflow/example_dags/example_dynamic_task_mapping.py
[2024-11-16T05:12:31.044+0000] {processor.py:925} INFO - DAG(s) 'example_dynamic_task_mapping' retrieved from /home/airflow/.local/lib/python3.12/site-packages/airflow/example_dags/example_dynamic_task_mapping.py
[2024-11-16T05:12:31.057+0000] {logging_mixin.py:190} INFO - [2024-11-16T05:12:31.057+0000] {dag.py:3239} INFO - Sync 1 DAGs
[2024-11-16T05:12:31.067+0000] {logging_mixin.py:190} INFO - [2024-11-16T05:12:31.067+0000] {dag.py:4180} INFO - Setting next_dagrun for example_dynamic_task_mapping to None, run_after=None
[2024-11-16T05:12:31.085+0000] {processor.py:208} INFO - Processing /home/airflow/.local/lib/python3.12/site-packages/airflow/example_dags/example_dynamic_task_mapping.py took 0.054 seconds
[2024-11-16T05:14:14.702+0000] {processor.py:186} INFO - Started process (PID=106) to work on /home/airflow/.local/lib/python3.12/site-packages/airflow/example_dags/example_dynamic_task_mapping.py
[2024-11-16T05:14:14.703+0000] {processor.py:914} INFO - Processing file /home/airflow/.local/lib/python3.12/site-packages/airflow/example_dags/example_dynamic_task_mapping.py for tasks to queue
[2024-11-16T05:14:14.704+0000] {logging_mixin.py:190} INFO - [2024-11-16T05:14:14.704+0000] {dagbag.py:588} INFO - Filling up the DagBag from /home/airflow/.local/lib/python3.12/site-packages/airflow/example_dags/example_dynamic_task_mapping.py
[2024-11-16T05:14:14.711+0000] {processor.py:925} INFO - DAG(s) 'example_dynamic_task_mapping' retrieved from /home/airflow/.local/lib/python3.12/site-packages/airflow/example_dags/example_dynamic_task_mapping.py
[2024-11-16T05:14:14.730+0000] {logging_mixin.py:190} INFO - [2024-11-16T05:14:14.729+0000] {dag.py:3239} INFO - Sync 1 DAGs
[2024-11-16T05:14:14.744+0000] {logging_mixin.py:190} INFO - [2024-11-16T05:14:14.744+0000] {dag.py:4180} INFO - Setting next_dagrun for example_dynamic_task_mapping to None, run_after=None
[2024-11-16T05:14:14.764+0000] {processor.py:208} INFO - Processing /home/airflow/.local/lib/python3.12/site-packages/airflow/example_dags/example_dynamic_task_mapping.py took 0.067 seconds
[2024-11-16T05:14:44.947+0000] {processor.py:186} INFO - Started process (PID=173) to work on /home/airflow/.local/lib/python3.12/site-packages/airflow/example_dags/example_dynamic_task_mapping.py
[2024-11-16T05:14:44.947+0000] {processor.py:914} INFO - Processing file /home/airflow/.local/lib/python3.12/site-packages/airflow/example_dags/example_dynamic_task_mapping.py for tasks to queue
[2024-11-16T05:14:44.949+0000] {logging_mixin.py:190} INFO - [2024-11-16T05:14:44.948+0000] {dagbag.py:588} INFO - Filling up the DagBag from /home/airflow/.local/lib/python3.12/site-packages/airflow/example_dags/example_dynamic_task_mapping.py
[2024-11-16T05:14:44.954+0000] {processor.py:925} INFO - DAG(s) 'example_dynamic_task_mapping' retrieved from /home/airflow/.local/lib/python3.12/site-packages/airflow/example_dags/example_dynamic_task_mapping.py
[2024-11-16T05:14:44.966+0000] {logging_mixin.py:190} INFO - [2024-11-16T05:14:44.966+0000] {dag.py:3239} INFO - Sync 1 DAGs
[2024-11-16T05:14:44.975+0000] {logging_mixin.py:190} INFO - [2024-11-16T05:14:44.975+0000] {dag.py:4180} INFO - Setting next_dagrun for example_dynamic_task_mapping to None, run_after=None
[2024-11-16T05:14:44.990+0000] {processor.py:208} INFO - Processing /home/airflow/.local/lib/python3.12/site-packages/airflow/example_dags/example_dynamic_task_mapping.py took 0.047 seconds
[2024-11-16T05:15:15.718+0000] {processor.py:186} INFO - Started process (PID=242) to work on /home/airflow/.local/lib/python3.12/site-packages/airflow/example_dags/example_dynamic_task_mapping.py
[2024-11-16T05:15:15.718+0000] {processor.py:914} INFO - Processing file /home/airflow/.local/lib/python3.12/site-packages/airflow/example_dags/example_dynamic_task_mapping.py for tasks to queue
[2024-11-16T05:15:15.720+0000] {logging_mixin.py:190} INFO - [2024-11-16T05:15:15.720+0000] {dagbag.py:588} INFO - Filling up the DagBag from /home/airflow/.local/lib/python3.12/site-packages/airflow/example_dags/example_dynamic_task_mapping.py
[2024-11-16T05:15:15.725+0000] {processor.py:925} INFO - DAG(s) 'example_dynamic_task_mapping' retrieved from /home/airflow/.local/lib/python3.12/site-packages/airflow/example_dags/example_dynamic_task_mapping.py
[2024-11-16T05:15:15.738+0000] {logging_mixin.py:190} INFO - [2024-11-16T05:15:15.737+0000] {dag.py:3239} INFO - Sync 1 DAGs
[2024-11-16T05:15:15.748+0000] {logging_mixin.py:190} INFO - [2024-11-16T05:15:15.747+0000] {dag.py:4180} INFO - Setting next_dagrun for example_dynamic_task_mapping to None, run_after=None
[2024-11-16T05:15:15.762+0000] {processor.py:208} INFO - Processing /home/airflow/.local/lib/python3.12/site-packages/airflow/example_dags/example_dynamic_task_mapping.py took 0.047 seconds
[2024-11-16T05:15:47.281+0000] {processor.py:186} INFO - Started process (PID=310) to work on /home/airflow/.local/lib/python3.12/site-packages/airflow/example_dags/example_dynamic_task_mapping.py
[2024-11-16T05:15:47.283+0000] {processor.py:914} INFO - Processing file /home/airflow/.local/lib/python3.12/site-packages/airflow/example_dags/example_dynamic_task_mapping.py for tasks to queue
[2024-11-16T05:15:47.286+0000] {logging_mixin.py:190} INFO - [2024-11-16T05:15:47.285+0000] {dagbag.py:588} INFO - Filling up the DagBag from /home/airflow/.local/lib/python3.12/site-packages/airflow/example_dags/example_dynamic_task_mapping.py
[2024-11-16T05:15:47.296+0000] {processor.py:925} INFO - DAG(s) 'example_dynamic_task_mapping' retrieved from /home/airflow/.local/lib/python3.12/site-packages/airflow/example_dags/example_dynamic_task_mapping.py
[2024-11-16T05:15:47.323+0000] {logging_mixin.py:190} INFO - [2024-11-16T05:15:47.322+0000] {dag.py:3239} INFO - Sync 1 DAGs
[2024-11-16T05:15:47.342+0000] {logging_mixin.py:190} INFO - [2024-11-16T05:15:47.342+0000] {dag.py:4180} INFO - Setting next_dagrun for example_dynamic_task_mapping to None, run_after=None
[2024-11-16T05:15:47.366+0000] {processor.py:208} INFO - Processing /home/airflow/.local/lib/python3.12/site-packages/airflow/example_dags/example_dynamic_task_mapping.py took 0.093 seconds
[2024-11-16T05:16:18.956+0000] {processor.py:186} INFO - Started process (PID=379) to work on /home/airflow/.local/lib/python3.12/site-packages/airflow/example_dags/example_dynamic_task_mapping.py
[2024-11-16T05:16:18.957+0000] {processor.py:914} INFO - Processing file /home/airflow/.local/lib/python3.12/site-packages/airflow/example_dags/example_dynamic_task_mapping.py for tasks to queue
[2024-11-16T05:16:18.961+0000] {logging_mixin.py:190} INFO - [2024-11-16T05:16:18.960+0000] {dagbag.py:588} INFO - Filling up the DagBag from /home/airflow/.local/lib/python3.12/site-packages/airflow/example_dags/example_dynamic_task_mapping.py
[2024-11-16T05:16:18.970+0000] {processor.py:925} INFO - DAG(s) 'example_dynamic_task_mapping' retrieved from /home/airflow/.local/lib/python3.12/site-packages/airflow/example_dags/example_dynamic_task_mapping.py
[2024-11-16T05:16:18.999+0000] {logging_mixin.py:190} INFO - [2024-11-16T05:16:18.998+0000] {dag.py:3239} INFO - Sync 1 DAGs
[2024-11-16T05:16:19.019+0000] {logging_mixin.py:190} INFO - [2024-11-16T05:16:19.019+0000] {dag.py:4180} INFO - Setting next_dagrun for example_dynamic_task_mapping to None, run_after=None
[2024-11-16T05:16:19.048+0000] {processor.py:208} INFO - Processing /home/airflow/.local/lib/python3.12/site-packages/airflow/example_dags/example_dynamic_task_mapping.py took 0.100 seconds
[2024-11-16T05:16:50.041+0000] {processor.py:186} INFO - Started process (PID=447) to work on /home/airflow/.local/lib/python3.12/site-packages/airflow/example_dags/example_dynamic_task_mapping.py
[2024-11-16T05:16:50.042+0000] {processor.py:914} INFO - Processing file /home/airflow/.local/lib/python3.12/site-packages/airflow/example_dags/example_dynamic_task_mapping.py for tasks to queue
[2024-11-16T05:16:50.043+0000] {logging_mixin.py:190} INFO - [2024-11-16T05:16:50.043+0000] {dagbag.py:588} INFO - Filling up the DagBag from /home/airflow/.local/lib/python3.12/site-packages/airflow/example_dags/example_dynamic_task_mapping.py
[2024-11-16T05:16:50.051+0000] {processor.py:925} INFO - DAG(s) 'example_dynamic_task_mapping' retrieved from /home/airflow/.local/lib/python3.12/site-packages/airflow/example_dags/example_dynamic_task_mapping.py
[2024-11-16T05:16:50.069+0000] {logging_mixin.py:190} INFO - [2024-11-16T05:16:50.069+0000] {dag.py:3239} INFO - Sync 1 DAGs
[2024-11-16T05:16:50.082+0000] {logging_mixin.py:190} INFO - [2024-11-16T05:16:50.082+0000] {dag.py:4180} INFO - Setting next_dagrun for example_dynamic_task_mapping to None, run_after=None
[2024-11-16T05:16:50.099+0000] {processor.py:208} INFO - Processing /home/airflow/.local/lib/python3.12/site-packages/airflow/example_dags/example_dynamic_task_mapping.py took 0.063 seconds
[2024-11-16T05:17:35.783+0000] {processor.py:186} INFO - Started process (PID=516) to work on /home/airflow/.local/lib/python3.12/site-packages/airflow/example_dags/example_dynamic_task_mapping.py
[2024-11-16T05:17:35.784+0000] {processor.py:914} INFO - Processing file /home/airflow/.local/lib/python3.12/site-packages/airflow/example_dags/example_dynamic_task_mapping.py for tasks to queue
[2024-11-16T05:17:35.786+0000] {logging_mixin.py:190} INFO - [2024-11-16T05:17:35.786+0000] {dagbag.py:588} INFO - Filling up the DagBag from /home/airflow/.local/lib/python3.12/site-packages/airflow/example_dags/example_dynamic_task_mapping.py
[2024-11-16T05:17:35.794+0000] {processor.py:925} INFO - DAG(s) 'example_dynamic_task_mapping' retrieved from /home/airflow/.local/lib/python3.12/site-packages/airflow/example_dags/example_dynamic_task_mapping.py
[2024-11-16T05:17:35.820+0000] {logging_mixin.py:190} INFO - [2024-11-16T05:17:35.820+0000] {dag.py:3239} INFO - Sync 1 DAGs
[2024-11-16T05:17:35.840+0000] {logging_mixin.py:190} INFO - [2024-11-16T05:17:35.840+0000] {dag.py:4180} INFO - Setting next_dagrun for example_dynamic_task_mapping to None, run_after=None
[2024-11-16T05:17:35.860+0000] {processor.py:208} INFO - Processing /home/airflow/.local/lib/python3.12/site-packages/airflow/example_dags/example_dynamic_task_mapping.py took 0.082 seconds
[2024-11-16T05:18:07.340+0000] {processor.py:186} INFO - Started process (PID=584) to work on /home/airflow/.local/lib/python3.12/site-packages/airflow/example_dags/example_dynamic_task_mapping.py
[2024-11-16T05:18:07.341+0000] {processor.py:914} INFO - Processing file /home/airflow/.local/lib/python3.12/site-packages/airflow/example_dags/example_dynamic_task_mapping.py for tasks to queue
[2024-11-16T05:18:07.347+0000] {logging_mixin.py:190} INFO - [2024-11-16T05:18:07.345+0000] {dagbag.py:588} INFO - Filling up the DagBag from /home/airflow/.local/lib/python3.12/site-packages/airflow/example_dags/example_dynamic_task_mapping.py
[2024-11-16T05:18:07.366+0000] {processor.py:925} INFO - DAG(s) 'example_dynamic_task_mapping' retrieved from /home/airflow/.local/lib/python3.12/site-packages/airflow/example_dags/example_dynamic_task_mapping.py
[2024-11-16T05:18:07.401+0000] {logging_mixin.py:190} INFO - [2024-11-16T05:18:07.400+0000] {dag.py:3239} INFO - Sync 1 DAGs
[2024-11-16T05:18:07.430+0000] {logging_mixin.py:190} INFO - [2024-11-16T05:18:07.429+0000] {dag.py:4180} INFO - Setting next_dagrun for example_dynamic_task_mapping to None, run_after=None
[2024-11-16T05:18:07.455+0000] {processor.py:208} INFO - Processing /home/airflow/.local/lib/python3.12/site-packages/airflow/example_dags/example_dynamic_task_mapping.py took 0.127 seconds
[2024-11-16T05:18:37.940+0000] {processor.py:186} INFO - Started process (PID=651) to work on /home/airflow/.local/lib/python3.12/site-packages/airflow/example_dags/example_dynamic_task_mapping.py
[2024-11-16T05:18:37.941+0000] {processor.py:914} INFO - Processing file /home/airflow/.local/lib/python3.12/site-packages/airflow/example_dags/example_dynamic_task_mapping.py for tasks to queue
[2024-11-16T05:18:37.943+0000] {logging_mixin.py:190} INFO - [2024-11-16T05:18:37.942+0000] {dagbag.py:588} INFO - Filling up the DagBag from /home/airflow/.local/lib/python3.12/site-packages/airflow/example_dags/example_dynamic_task_mapping.py
[2024-11-16T05:18:37.949+0000] {processor.py:925} INFO - DAG(s) 'example_dynamic_task_mapping' retrieved from /home/airflow/.local/lib/python3.12/site-packages/airflow/example_dags/example_dynamic_task_mapping.py
[2024-11-16T05:18:37.962+0000] {logging_mixin.py:190} INFO - [2024-11-16T05:18:37.961+0000] {dag.py:3239} INFO - Sync 1 DAGs
[2024-11-16T05:18:37.972+0000] {logging_mixin.py:190} INFO - [2024-11-16T05:18:37.972+0000] {dag.py:4180} INFO - Setting next_dagrun for example_dynamic_task_mapping to None, run_after=None
[2024-11-16T05:18:37.993+0000] {processor.py:208} INFO - Processing /home/airflow/.local/lib/python3.12/site-packages/airflow/example_dags/example_dynamic_task_mapping.py took 0.056 seconds
[2024-11-16T05:20:44.226+0000] {processor.py:186} INFO - Started process (PID=101) to work on /home/airflow/.local/lib/python3.12/site-packages/airflow/example_dags/example_dynamic_task_mapping.py
[2024-11-16T05:20:44.227+0000] {processor.py:914} INFO - Processing file /home/airflow/.local/lib/python3.12/site-packages/airflow/example_dags/example_dynamic_task_mapping.py for tasks to queue
[2024-11-16T05:20:44.229+0000] {logging_mixin.py:190} INFO - [2024-11-16T05:20:44.229+0000] {dagbag.py:588} INFO - Filling up the DagBag from /home/airflow/.local/lib/python3.12/site-packages/airflow/example_dags/example_dynamic_task_mapping.py
[2024-11-16T05:20:44.237+0000] {processor.py:925} INFO - DAG(s) 'example_dynamic_task_mapping' retrieved from /home/airflow/.local/lib/python3.12/site-packages/airflow/example_dags/example_dynamic_task_mapping.py
[2024-11-16T05:20:44.261+0000] {logging_mixin.py:190} INFO - [2024-11-16T05:20:44.260+0000] {dag.py:3239} INFO - Sync 1 DAGs
[2024-11-16T05:20:44.292+0000] {logging_mixin.py:190} INFO - [2024-11-16T05:20:44.291+0000] {dag.py:4180} INFO - Setting next_dagrun for example_dynamic_task_mapping to None, run_after=None
[2024-11-16T05:20:44.326+0000] {processor.py:208} INFO - Processing /home/airflow/.local/lib/python3.12/site-packages/airflow/example_dags/example_dynamic_task_mapping.py took 0.105 seconds
[2024-11-16T05:21:14.489+0000] {processor.py:186} INFO - Started process (PID=168) to work on /home/airflow/.local/lib/python3.12/site-packages/airflow/example_dags/example_dynamic_task_mapping.py
[2024-11-16T05:21:14.490+0000] {processor.py:914} INFO - Processing file /home/airflow/.local/lib/python3.12/site-packages/airflow/example_dags/example_dynamic_task_mapping.py for tasks to queue
[2024-11-16T05:21:14.492+0000] {logging_mixin.py:190} INFO - [2024-11-16T05:21:14.492+0000] {dagbag.py:588} INFO - Filling up the DagBag from /home/airflow/.local/lib/python3.12/site-packages/airflow/example_dags/example_dynamic_task_mapping.py
[2024-11-16T05:21:14.498+0000] {processor.py:925} INFO - DAG(s) 'example_dynamic_task_mapping' retrieved from /home/airflow/.local/lib/python3.12/site-packages/airflow/example_dags/example_dynamic_task_mapping.py
[2024-11-16T05:21:14.513+0000] {logging_mixin.py:190} INFO - [2024-11-16T05:21:14.513+0000] {dag.py:3239} INFO - Sync 1 DAGs
[2024-11-16T05:21:14.522+0000] {logging_mixin.py:190} INFO - [2024-11-16T05:21:14.522+0000] {dag.py:4180} INFO - Setting next_dagrun for example_dynamic_task_mapping to None, run_after=None
[2024-11-16T05:21:14.536+0000] {processor.py:208} INFO - Processing /home/airflow/.local/lib/python3.12/site-packages/airflow/example_dags/example_dynamic_task_mapping.py took 0.052 seconds
[2024-11-16T05:21:45.307+0000] {processor.py:186} INFO - Started process (PID=236) to work on /home/airflow/.local/lib/python3.12/site-packages/airflow/example_dags/example_dynamic_task_mapping.py
[2024-11-16T05:21:45.308+0000] {processor.py:914} INFO - Processing file /home/airflow/.local/lib/python3.12/site-packages/airflow/example_dags/example_dynamic_task_mapping.py for tasks to queue
[2024-11-16T05:21:45.309+0000] {logging_mixin.py:190} INFO - [2024-11-16T05:21:45.309+0000] {dagbag.py:588} INFO - Filling up the DagBag from /home/airflow/.local/lib/python3.12/site-packages/airflow/example_dags/example_dynamic_task_mapping.py
[2024-11-16T05:21:45.314+0000] {processor.py:925} INFO - DAG(s) 'example_dynamic_task_mapping' retrieved from /home/airflow/.local/lib/python3.12/site-packages/airflow/example_dags/example_dynamic_task_mapping.py
[2024-11-16T05:21:45.329+0000] {logging_mixin.py:190} INFO - [2024-11-16T05:21:45.329+0000] {dag.py:3239} INFO - Sync 1 DAGs
[2024-11-16T05:21:45.340+0000] {logging_mixin.py:190} INFO - [2024-11-16T05:21:45.340+0000] {dag.py:4180} INFO - Setting next_dagrun for example_dynamic_task_mapping to None, run_after=None
[2024-11-16T05:21:45.355+0000] {processor.py:208} INFO - Processing /home/airflow/.local/lib/python3.12/site-packages/airflow/example_dags/example_dynamic_task_mapping.py took 0.052 seconds
[2024-11-16T05:22:16.134+0000] {processor.py:186} INFO - Started process (PID=304) to work on /home/airflow/.local/lib/python3.12/site-packages/airflow/example_dags/example_dynamic_task_mapping.py
[2024-11-16T05:22:16.135+0000] {processor.py:914} INFO - Processing file /home/airflow/.local/lib/python3.12/site-packages/airflow/example_dags/example_dynamic_task_mapping.py for tasks to queue
[2024-11-16T05:22:16.136+0000] {logging_mixin.py:190} INFO - [2024-11-16T05:22:16.136+0000] {dagbag.py:588} INFO - Filling up the DagBag from /home/airflow/.local/lib/python3.12/site-packages/airflow/example_dags/example_dynamic_task_mapping.py
[2024-11-16T05:22:16.142+0000] {processor.py:925} INFO - DAG(s) 'example_dynamic_task_mapping' retrieved from /home/airflow/.local/lib/python3.12/site-packages/airflow/example_dags/example_dynamic_task_mapping.py
[2024-11-16T05:22:16.155+0000] {logging_mixin.py:190} INFO - [2024-11-16T05:22:16.155+0000] {dag.py:3239} INFO - Sync 1 DAGs
[2024-11-16T05:22:16.164+0000] {logging_mixin.py:190} INFO - [2024-11-16T05:22:16.164+0000] {dag.py:4180} INFO - Setting next_dagrun for example_dynamic_task_mapping to None, run_after=None
[2024-11-16T05:22:16.179+0000] {processor.py:208} INFO - Processing /home/airflow/.local/lib/python3.12/site-packages/airflow/example_dags/example_dynamic_task_mapping.py took 0.049 seconds
[2024-11-16T05:22:47.483+0000] {processor.py:186} INFO - Started process (PID=372) to work on /home/airflow/.local/lib/python3.12/site-packages/airflow/example_dags/example_dynamic_task_mapping.py
[2024-11-16T05:22:47.483+0000] {processor.py:914} INFO - Processing file /home/airflow/.local/lib/python3.12/site-packages/airflow/example_dags/example_dynamic_task_mapping.py for tasks to queue
[2024-11-16T05:22:47.485+0000] {logging_mixin.py:190} INFO - [2024-11-16T05:22:47.485+0000] {dagbag.py:588} INFO - Filling up the DagBag from /home/airflow/.local/lib/python3.12/site-packages/airflow/example_dags/example_dynamic_task_mapping.py
[2024-11-16T05:22:47.492+0000] {processor.py:925} INFO - DAG(s) 'example_dynamic_task_mapping' retrieved from /home/airflow/.local/lib/python3.12/site-packages/airflow/example_dags/example_dynamic_task_mapping.py
[2024-11-16T05:22:47.505+0000] {logging_mixin.py:190} INFO - [2024-11-16T05:22:47.505+0000] {dag.py:3239} INFO - Sync 1 DAGs
[2024-11-16T05:22:47.514+0000] {logging_mixin.py:190} INFO - [2024-11-16T05:22:47.514+0000] {dag.py:4180} INFO - Setting next_dagrun for example_dynamic_task_mapping to None, run_after=None
[2024-11-16T05:22:47.527+0000] {processor.py:208} INFO - Processing /home/airflow/.local/lib/python3.12/site-packages/airflow/example_dags/example_dynamic_task_mapping.py took 0.049 seconds
[2024-11-16T05:23:18.951+0000] {processor.py:186} INFO - Started process (PID=441) to work on /home/airflow/.local/lib/python3.12/site-packages/airflow/example_dags/example_dynamic_task_mapping.py
[2024-11-16T05:23:18.952+0000] {processor.py:914} INFO - Processing file /home/airflow/.local/lib/python3.12/site-packages/airflow/example_dags/example_dynamic_task_mapping.py for tasks to queue
[2024-11-16T05:23:18.953+0000] {logging_mixin.py:190} INFO - [2024-11-16T05:23:18.953+0000] {dagbag.py:588} INFO - Filling up the DagBag from /home/airflow/.local/lib/python3.12/site-packages/airflow/example_dags/example_dynamic_task_mapping.py
[2024-11-16T05:23:18.958+0000] {processor.py:925} INFO - DAG(s) 'example_dynamic_task_mapping' retrieved from /home/airflow/.local/lib/python3.12/site-packages/airflow/example_dags/example_dynamic_task_mapping.py
[2024-11-16T05:23:18.972+0000] {logging_mixin.py:190} INFO - [2024-11-16T05:23:18.972+0000] {dag.py:3239} INFO - Sync 1 DAGs
[2024-11-16T05:23:18.981+0000] {logging_mixin.py:190} INFO - [2024-11-16T05:23:18.981+0000] {dag.py:4180} INFO - Setting next_dagrun for example_dynamic_task_mapping to None, run_after=None
[2024-11-16T05:23:18.996+0000] {processor.py:208} INFO - Processing /home/airflow/.local/lib/python3.12/site-packages/airflow/example_dags/example_dynamic_task_mapping.py took 0.049 seconds
[2024-11-16T05:23:49.620+0000] {processor.py:186} INFO - Started process (PID=509) to work on /home/airflow/.local/lib/python3.12/site-packages/airflow/example_dags/example_dynamic_task_mapping.py
[2024-11-16T05:23:49.620+0000] {processor.py:914} INFO - Processing file /home/airflow/.local/lib/python3.12/site-packages/airflow/example_dags/example_dynamic_task_mapping.py for tasks to queue
[2024-11-16T05:23:49.622+0000] {logging_mixin.py:190} INFO - [2024-11-16T05:23:49.621+0000] {dagbag.py:588} INFO - Filling up the DagBag from /home/airflow/.local/lib/python3.12/site-packages/airflow/example_dags/example_dynamic_task_mapping.py
[2024-11-16T05:23:49.627+0000] {processor.py:925} INFO - DAG(s) 'example_dynamic_task_mapping' retrieved from /home/airflow/.local/lib/python3.12/site-packages/airflow/example_dags/example_dynamic_task_mapping.py
[2024-11-16T05:23:49.639+0000] {logging_mixin.py:190} INFO - [2024-11-16T05:23:49.639+0000] {dag.py:3239} INFO - Sync 1 DAGs
[2024-11-16T05:23:49.648+0000] {logging_mixin.py:190} INFO - [2024-11-16T05:23:49.648+0000] {dag.py:4180} INFO - Setting next_dagrun for example_dynamic_task_mapping to None, run_after=None
[2024-11-16T05:23:49.663+0000] {processor.py:208} INFO - Processing /home/airflow/.local/lib/python3.12/site-packages/airflow/example_dags/example_dynamic_task_mapping.py took 0.047 seconds
[2024-11-16T05:24:20.809+0000] {processor.py:186} INFO - Started process (PID=577) to work on /home/airflow/.local/lib/python3.12/site-packages/airflow/example_dags/example_dynamic_task_mapping.py
[2024-11-16T05:24:20.810+0000] {processor.py:914} INFO - Processing file /home/airflow/.local/lib/python3.12/site-packages/airflow/example_dags/example_dynamic_task_mapping.py for tasks to queue
[2024-11-16T05:24:20.813+0000] {logging_mixin.py:190} INFO - [2024-11-16T05:24:20.813+0000] {dagbag.py:588} INFO - Filling up the DagBag from /home/airflow/.local/lib/python3.12/site-packages/airflow/example_dags/example_dynamic_task_mapping.py
[2024-11-16T05:24:20.821+0000] {processor.py:925} INFO - DAG(s) 'example_dynamic_task_mapping' retrieved from /home/airflow/.local/lib/python3.12/site-packages/airflow/example_dags/example_dynamic_task_mapping.py
[2024-11-16T05:24:20.842+0000] {logging_mixin.py:190} INFO - [2024-11-16T05:24:20.842+0000] {dag.py:3239} INFO - Sync 1 DAGs
[2024-11-16T05:24:20.854+0000] {logging_mixin.py:190} INFO - [2024-11-16T05:24:20.854+0000] {dag.py:4180} INFO - Setting next_dagrun for example_dynamic_task_mapping to None, run_after=None
[2024-11-16T05:24:20.875+0000] {processor.py:208} INFO - Processing /home/airflow/.local/lib/python3.12/site-packages/airflow/example_dags/example_dynamic_task_mapping.py took 0.073 seconds
[2024-11-16T05:25:11.282+0000] {processor.py:186} INFO - Started process (PID=96) to work on /home/airflow/.local/lib/python3.12/site-packages/airflow/example_dags/example_dynamic_task_mapping.py
[2024-11-16T05:25:11.282+0000] {processor.py:914} INFO - Processing file /home/airflow/.local/lib/python3.12/site-packages/airflow/example_dags/example_dynamic_task_mapping.py for tasks to queue
[2024-11-16T05:25:11.284+0000] {logging_mixin.py:190} INFO - [2024-11-16T05:25:11.284+0000] {dagbag.py:588} INFO - Filling up the DagBag from /home/airflow/.local/lib/python3.12/site-packages/airflow/example_dags/example_dynamic_task_mapping.py
[2024-11-16T05:25:11.291+0000] {processor.py:925} INFO - DAG(s) 'example_dynamic_task_mapping' retrieved from /home/airflow/.local/lib/python3.12/site-packages/airflow/example_dags/example_dynamic_task_mapping.py
[2024-11-16T05:25:11.306+0000] {logging_mixin.py:190} INFO - [2024-11-16T05:25:11.306+0000] {dag.py:3239} INFO - Sync 1 DAGs
[2024-11-16T05:25:11.319+0000] {logging_mixin.py:190} INFO - [2024-11-16T05:25:11.318+0000] {dag.py:4180} INFO - Setting next_dagrun for example_dynamic_task_mapping to None, run_after=None
[2024-11-16T05:25:11.335+0000] {processor.py:208} INFO - Processing /home/airflow/.local/lib/python3.12/site-packages/airflow/example_dags/example_dynamic_task_mapping.py took 0.058 seconds
[2024-11-16T05:25:41.587+0000] {processor.py:186} INFO - Started process (PID=163) to work on /home/airflow/.local/lib/python3.12/site-packages/airflow/example_dags/example_dynamic_task_mapping.py
[2024-11-16T05:25:41.589+0000] {processor.py:914} INFO - Processing file /home/airflow/.local/lib/python3.12/site-packages/airflow/example_dags/example_dynamic_task_mapping.py for tasks to queue
[2024-11-16T05:25:41.591+0000] {logging_mixin.py:190} INFO - [2024-11-16T05:25:41.591+0000] {dagbag.py:588} INFO - Filling up the DagBag from /home/airflow/.local/lib/python3.12/site-packages/airflow/example_dags/example_dynamic_task_mapping.py
[2024-11-16T05:25:41.596+0000] {processor.py:925} INFO - DAG(s) 'example_dynamic_task_mapping' retrieved from /home/airflow/.local/lib/python3.12/site-packages/airflow/example_dags/example_dynamic_task_mapping.py
[2024-11-16T05:25:41.614+0000] {logging_mixin.py:190} INFO - [2024-11-16T05:25:41.614+0000] {dag.py:3239} INFO - Sync 1 DAGs
[2024-11-16T05:25:41.629+0000] {logging_mixin.py:190} INFO - [2024-11-16T05:25:41.629+0000] {dag.py:4180} INFO - Setting next_dagrun for example_dynamic_task_mapping to None, run_after=None
[2024-11-16T05:25:41.647+0000] {processor.py:208} INFO - Processing /home/airflow/.local/lib/python3.12/site-packages/airflow/example_dags/example_dynamic_task_mapping.py took 0.064 seconds
[2024-11-16T05:26:12.978+0000] {processor.py:186} INFO - Started process (PID=232) to work on /home/airflow/.local/lib/python3.12/site-packages/airflow/example_dags/example_dynamic_task_mapping.py
[2024-11-16T05:26:12.979+0000] {processor.py:914} INFO - Processing file /home/airflow/.local/lib/python3.12/site-packages/airflow/example_dags/example_dynamic_task_mapping.py for tasks to queue
[2024-11-16T05:26:12.980+0000] {logging_mixin.py:190} INFO - [2024-11-16T05:26:12.980+0000] {dagbag.py:588} INFO - Filling up the DagBag from /home/airflow/.local/lib/python3.12/site-packages/airflow/example_dags/example_dynamic_task_mapping.py
[2024-11-16T05:26:12.985+0000] {processor.py:925} INFO - DAG(s) 'example_dynamic_task_mapping' retrieved from /home/airflow/.local/lib/python3.12/site-packages/airflow/example_dags/example_dynamic_task_mapping.py
[2024-11-16T05:26:12.999+0000] {logging_mixin.py:190} INFO - [2024-11-16T05:26:12.999+0000] {dag.py:3239} INFO - Sync 1 DAGs
[2024-11-16T05:26:13.009+0000] {logging_mixin.py:190} INFO - [2024-11-16T05:26:13.009+0000] {dag.py:4180} INFO - Setting next_dagrun for example_dynamic_task_mapping to None, run_after=None
[2024-11-16T05:26:13.022+0000] {processor.py:208} INFO - Processing /home/airflow/.local/lib/python3.12/site-packages/airflow/example_dags/example_dynamic_task_mapping.py took 0.048 seconds
[2024-11-16T05:26:43.475+0000] {processor.py:186} INFO - Started process (PID=300) to work on /home/airflow/.local/lib/python3.12/site-packages/airflow/example_dags/example_dynamic_task_mapping.py
[2024-11-16T05:26:43.476+0000] {processor.py:914} INFO - Processing file /home/airflow/.local/lib/python3.12/site-packages/airflow/example_dags/example_dynamic_task_mapping.py for tasks to queue
[2024-11-16T05:26:43.477+0000] {logging_mixin.py:190} INFO - [2024-11-16T05:26:43.477+0000] {dagbag.py:588} INFO - Filling up the DagBag from /home/airflow/.local/lib/python3.12/site-packages/airflow/example_dags/example_dynamic_task_mapping.py
[2024-11-16T05:26:43.482+0000] {processor.py:925} INFO - DAG(s) 'example_dynamic_task_mapping' retrieved from /home/airflow/.local/lib/python3.12/site-packages/airflow/example_dags/example_dynamic_task_mapping.py
[2024-11-16T05:26:43.494+0000] {logging_mixin.py:190} INFO - [2024-11-16T05:26:43.494+0000] {dag.py:3239} INFO - Sync 1 DAGs
[2024-11-16T05:26:43.504+0000] {logging_mixin.py:190} INFO - [2024-11-16T05:26:43.504+0000] {dag.py:4180} INFO - Setting next_dagrun for example_dynamic_task_mapping to None, run_after=None
[2024-11-16T05:26:43.518+0000] {processor.py:208} INFO - Processing /home/airflow/.local/lib/python3.12/site-packages/airflow/example_dags/example_dynamic_task_mapping.py took 0.047 seconds
[2024-11-16T05:27:14.629+0000] {processor.py:186} INFO - Started process (PID=368) to work on /home/airflow/.local/lib/python3.12/site-packages/airflow/example_dags/example_dynamic_task_mapping.py
[2024-11-16T05:27:14.630+0000] {processor.py:914} INFO - Processing file /home/airflow/.local/lib/python3.12/site-packages/airflow/example_dags/example_dynamic_task_mapping.py for tasks to queue
[2024-11-16T05:27:14.631+0000] {logging_mixin.py:190} INFO - [2024-11-16T05:27:14.631+0000] {dagbag.py:588} INFO - Filling up the DagBag from /home/airflow/.local/lib/python3.12/site-packages/airflow/example_dags/example_dynamic_task_mapping.py
[2024-11-16T05:27:14.638+0000] {processor.py:925} INFO - DAG(s) 'example_dynamic_task_mapping' retrieved from /home/airflow/.local/lib/python3.12/site-packages/airflow/example_dags/example_dynamic_task_mapping.py
[2024-11-16T05:27:14.660+0000] {logging_mixin.py:190} INFO - [2024-11-16T05:27:14.659+0000] {dag.py:3239} INFO - Sync 1 DAGs
[2024-11-16T05:27:14.672+0000] {logging_mixin.py:190} INFO - [2024-11-16T05:27:14.672+0000] {dag.py:4180} INFO - Setting next_dagrun for example_dynamic_task_mapping to None, run_after=None
[2024-11-16T05:27:14.687+0000] {processor.py:208} INFO - Processing /home/airflow/.local/lib/python3.12/site-packages/airflow/example_dags/example_dynamic_task_mapping.py took 0.062 seconds
[2024-11-16T05:27:45.252+0000] {processor.py:186} INFO - Started process (PID=436) to work on /home/airflow/.local/lib/python3.12/site-packages/airflow/example_dags/example_dynamic_task_mapping.py
[2024-11-16T05:27:45.253+0000] {processor.py:914} INFO - Processing file /home/airflow/.local/lib/python3.12/site-packages/airflow/example_dags/example_dynamic_task_mapping.py for tasks to queue
[2024-11-16T05:27:45.255+0000] {logging_mixin.py:190} INFO - [2024-11-16T05:27:45.254+0000] {dagbag.py:588} INFO - Filling up the DagBag from /home/airflow/.local/lib/python3.12/site-packages/airflow/example_dags/example_dynamic_task_mapping.py
[2024-11-16T05:27:45.261+0000] {processor.py:925} INFO - DAG(s) 'example_dynamic_task_mapping' retrieved from /home/airflow/.local/lib/python3.12/site-packages/airflow/example_dags/example_dynamic_task_mapping.py
[2024-11-16T05:27:45.274+0000] {logging_mixin.py:190} INFO - [2024-11-16T05:27:45.274+0000] {dag.py:3239} INFO - Sync 1 DAGs
[2024-11-16T05:27:45.286+0000] {logging_mixin.py:190} INFO - [2024-11-16T05:27:45.285+0000] {dag.py:4180} INFO - Setting next_dagrun for example_dynamic_task_mapping to None, run_after=None
[2024-11-16T05:27:45.300+0000] {processor.py:208} INFO - Processing /home/airflow/.local/lib/python3.12/site-packages/airflow/example_dags/example_dynamic_task_mapping.py took 0.052 seconds
[2024-11-16T05:29:50.531+0000] {processor.py:186} INFO - Started process (PID=115) to work on /home/airflow/.local/lib/python3.12/site-packages/airflow/example_dags/example_dynamic_task_mapping.py
[2024-11-16T05:29:50.532+0000] {processor.py:914} INFO - Processing file /home/airflow/.local/lib/python3.12/site-packages/airflow/example_dags/example_dynamic_task_mapping.py for tasks to queue
[2024-11-16T05:29:50.534+0000] {logging_mixin.py:190} INFO - [2024-11-16T05:29:50.534+0000] {dagbag.py:588} INFO - Filling up the DagBag from /home/airflow/.local/lib/python3.12/site-packages/airflow/example_dags/example_dynamic_task_mapping.py
[2024-11-16T05:29:50.541+0000] {processor.py:925} INFO - DAG(s) 'example_dynamic_task_mapping' retrieved from /home/airflow/.local/lib/python3.12/site-packages/airflow/example_dags/example_dynamic_task_mapping.py
[2024-11-16T05:29:50.559+0000] {logging_mixin.py:190} INFO - [2024-11-16T05:29:50.558+0000] {dag.py:3239} INFO - Sync 1 DAGs
[2024-11-16T05:29:50.573+0000] {logging_mixin.py:190} INFO - [2024-11-16T05:29:50.572+0000] {dag.py:4180} INFO - Setting next_dagrun for example_dynamic_task_mapping to None, run_after=None
[2024-11-16T05:29:50.596+0000] {processor.py:208} INFO - Processing /home/airflow/.local/lib/python3.12/site-packages/airflow/example_dags/example_dynamic_task_mapping.py took 0.070 seconds
[2024-11-16T05:30:22.057+0000] {processor.py:186} INFO - Started process (PID=182) to work on /home/airflow/.local/lib/python3.12/site-packages/airflow/example_dags/example_dynamic_task_mapping.py
[2024-11-16T05:30:22.058+0000] {processor.py:914} INFO - Processing file /home/airflow/.local/lib/python3.12/site-packages/airflow/example_dags/example_dynamic_task_mapping.py for tasks to queue
[2024-11-16T05:30:22.061+0000] {logging_mixin.py:190} INFO - [2024-11-16T05:30:22.061+0000] {dagbag.py:588} INFO - Filling up the DagBag from /home/airflow/.local/lib/python3.12/site-packages/airflow/example_dags/example_dynamic_task_mapping.py
[2024-11-16T05:30:22.070+0000] {processor.py:925} INFO - DAG(s) 'example_dynamic_task_mapping' retrieved from /home/airflow/.local/lib/python3.12/site-packages/airflow/example_dags/example_dynamic_task_mapping.py
[2024-11-16T05:30:22.095+0000] {logging_mixin.py:190} INFO - [2024-11-16T05:30:22.095+0000] {dag.py:3239} INFO - Sync 1 DAGs
[2024-11-16T05:30:22.114+0000] {logging_mixin.py:190} INFO - [2024-11-16T05:30:22.114+0000] {dag.py:4180} INFO - Setting next_dagrun for example_dynamic_task_mapping to None, run_after=None
[2024-11-16T05:30:22.143+0000] {processor.py:208} INFO - Processing /home/airflow/.local/lib/python3.12/site-packages/airflow/example_dags/example_dynamic_task_mapping.py took 0.092 seconds
[2024-11-16T05:30:52.402+0000] {processor.py:186} INFO - Started process (PID=250) to work on /home/airflow/.local/lib/python3.12/site-packages/airflow/example_dags/example_dynamic_task_mapping.py
[2024-11-16T05:30:52.404+0000] {processor.py:914} INFO - Processing file /home/airflow/.local/lib/python3.12/site-packages/airflow/example_dags/example_dynamic_task_mapping.py for tasks to queue
[2024-11-16T05:30:52.406+0000] {logging_mixin.py:190} INFO - [2024-11-16T05:30:52.406+0000] {dagbag.py:588} INFO - Filling up the DagBag from /home/airflow/.local/lib/python3.12/site-packages/airflow/example_dags/example_dynamic_task_mapping.py
[2024-11-16T05:30:52.412+0000] {processor.py:925} INFO - DAG(s) 'example_dynamic_task_mapping' retrieved from /home/airflow/.local/lib/python3.12/site-packages/airflow/example_dags/example_dynamic_task_mapping.py
[2024-11-16T05:30:52.425+0000] {logging_mixin.py:190} INFO - [2024-11-16T05:30:52.424+0000] {dag.py:3239} INFO - Sync 1 DAGs
[2024-11-16T05:30:52.434+0000] {logging_mixin.py:190} INFO - [2024-11-16T05:30:52.434+0000] {dag.py:4180} INFO - Setting next_dagrun for example_dynamic_task_mapping to None, run_after=None
[2024-11-16T05:30:52.449+0000] {processor.py:208} INFO - Processing /home/airflow/.local/lib/python3.12/site-packages/airflow/example_dags/example_dynamic_task_mapping.py took 0.051 seconds
[2024-11-16T05:31:22.961+0000] {processor.py:186} INFO - Started process (PID=318) to work on /home/airflow/.local/lib/python3.12/site-packages/airflow/example_dags/example_dynamic_task_mapping.py
[2024-11-16T05:31:22.962+0000] {processor.py:914} INFO - Processing file /home/airflow/.local/lib/python3.12/site-packages/airflow/example_dags/example_dynamic_task_mapping.py for tasks to queue
[2024-11-16T05:31:22.963+0000] {logging_mixin.py:190} INFO - [2024-11-16T05:31:22.963+0000] {dagbag.py:588} INFO - Filling up the DagBag from /home/airflow/.local/lib/python3.12/site-packages/airflow/example_dags/example_dynamic_task_mapping.py
[2024-11-16T05:31:22.969+0000] {processor.py:925} INFO - DAG(s) 'example_dynamic_task_mapping' retrieved from /home/airflow/.local/lib/python3.12/site-packages/airflow/example_dags/example_dynamic_task_mapping.py
[2024-11-16T05:31:22.983+0000] {logging_mixin.py:190} INFO - [2024-11-16T05:31:22.983+0000] {dag.py:3239} INFO - Sync 1 DAGs
[2024-11-16T05:31:22.993+0000] {logging_mixin.py:190} INFO - [2024-11-16T05:31:22.993+0000] {dag.py:4180} INFO - Setting next_dagrun for example_dynamic_task_mapping to None, run_after=None
[2024-11-16T05:31:23.008+0000] {processor.py:208} INFO - Processing /home/airflow/.local/lib/python3.12/site-packages/airflow/example_dags/example_dynamic_task_mapping.py took 0.051 seconds
[2024-11-16T05:31:53.525+0000] {processor.py:186} INFO - Started process (PID=386) to work on /home/airflow/.local/lib/python3.12/site-packages/airflow/example_dags/example_dynamic_task_mapping.py
[2024-11-16T05:31:53.525+0000] {processor.py:914} INFO - Processing file /home/airflow/.local/lib/python3.12/site-packages/airflow/example_dags/example_dynamic_task_mapping.py for tasks to queue
[2024-11-16T05:31:53.527+0000] {logging_mixin.py:190} INFO - [2024-11-16T05:31:53.527+0000] {dagbag.py:588} INFO - Filling up the DagBag from /home/airflow/.local/lib/python3.12/site-packages/airflow/example_dags/example_dynamic_task_mapping.py
[2024-11-16T05:31:53.532+0000] {processor.py:925} INFO - DAG(s) 'example_dynamic_task_mapping' retrieved from /home/airflow/.local/lib/python3.12/site-packages/airflow/example_dags/example_dynamic_task_mapping.py
[2024-11-16T05:31:53.546+0000] {logging_mixin.py:190} INFO - [2024-11-16T05:31:53.546+0000] {dag.py:3239} INFO - Sync 1 DAGs
[2024-11-16T05:31:53.558+0000] {logging_mixin.py:190} INFO - [2024-11-16T05:31:53.558+0000] {dag.py:4180} INFO - Setting next_dagrun for example_dynamic_task_mapping to None, run_after=None
[2024-11-16T05:31:53.575+0000] {processor.py:208} INFO - Processing /home/airflow/.local/lib/python3.12/site-packages/airflow/example_dags/example_dynamic_task_mapping.py took 0.054 seconds
[2024-11-16T05:32:24.577+0000] {processor.py:186} INFO - Started process (PID=454) to work on /home/airflow/.local/lib/python3.12/site-packages/airflow/example_dags/example_dynamic_task_mapping.py
[2024-11-16T05:32:24.578+0000] {processor.py:914} INFO - Processing file /home/airflow/.local/lib/python3.12/site-packages/airflow/example_dags/example_dynamic_task_mapping.py for tasks to queue
[2024-11-16T05:32:24.579+0000] {logging_mixin.py:190} INFO - [2024-11-16T05:32:24.579+0000] {dagbag.py:588} INFO - Filling up the DagBag from /home/airflow/.local/lib/python3.12/site-packages/airflow/example_dags/example_dynamic_task_mapping.py
[2024-11-16T05:32:24.584+0000] {processor.py:925} INFO - DAG(s) 'example_dynamic_task_mapping' retrieved from /home/airflow/.local/lib/python3.12/site-packages/airflow/example_dags/example_dynamic_task_mapping.py
[2024-11-16T05:32:24.598+0000] {logging_mixin.py:190} INFO - [2024-11-16T05:32:24.597+0000] {dag.py:3239} INFO - Sync 1 DAGs
[2024-11-16T05:32:24.608+0000] {logging_mixin.py:190} INFO - [2024-11-16T05:32:24.607+0000] {dag.py:4180} INFO - Setting next_dagrun for example_dynamic_task_mapping to None, run_after=None
[2024-11-16T05:32:24.626+0000] {processor.py:208} INFO - Processing /home/airflow/.local/lib/python3.12/site-packages/airflow/example_dags/example_dynamic_task_mapping.py took 0.053 seconds
[2024-11-16T05:32:55.810+0000] {processor.py:186} INFO - Started process (PID=522) to work on /home/airflow/.local/lib/python3.12/site-packages/airflow/example_dags/example_dynamic_task_mapping.py
[2024-11-16T05:32:55.811+0000] {processor.py:914} INFO - Processing file /home/airflow/.local/lib/python3.12/site-packages/airflow/example_dags/example_dynamic_task_mapping.py for tasks to queue
[2024-11-16T05:32:55.812+0000] {logging_mixin.py:190} INFO - [2024-11-16T05:32:55.812+0000] {dagbag.py:588} INFO - Filling up the DagBag from /home/airflow/.local/lib/python3.12/site-packages/airflow/example_dags/example_dynamic_task_mapping.py
[2024-11-16T05:32:55.818+0000] {processor.py:925} INFO - DAG(s) 'example_dynamic_task_mapping' retrieved from /home/airflow/.local/lib/python3.12/site-packages/airflow/example_dags/example_dynamic_task_mapping.py
[2024-11-16T05:32:55.832+0000] {logging_mixin.py:190} INFO - [2024-11-16T05:32:55.832+0000] {dag.py:3239} INFO - Sync 1 DAGs
[2024-11-16T05:32:55.843+0000] {logging_mixin.py:190} INFO - [2024-11-16T05:32:55.842+0000] {dag.py:4180} INFO - Setting next_dagrun for example_dynamic_task_mapping to None, run_after=None
[2024-11-16T05:32:55.860+0000] {processor.py:208} INFO - Processing /home/airflow/.local/lib/python3.12/site-packages/airflow/example_dags/example_dynamic_task_mapping.py took 0.053 seconds
[2024-11-16T05:33:26.534+0000] {processor.py:186} INFO - Started process (PID=590) to work on /home/airflow/.local/lib/python3.12/site-packages/airflow/example_dags/example_dynamic_task_mapping.py
[2024-11-16T05:33:26.534+0000] {processor.py:914} INFO - Processing file /home/airflow/.local/lib/python3.12/site-packages/airflow/example_dags/example_dynamic_task_mapping.py for tasks to queue
[2024-11-16T05:33:26.536+0000] {logging_mixin.py:190} INFO - [2024-11-16T05:33:26.536+0000] {dagbag.py:588} INFO - Filling up the DagBag from /home/airflow/.local/lib/python3.12/site-packages/airflow/example_dags/example_dynamic_task_mapping.py
[2024-11-16T05:33:26.543+0000] {processor.py:925} INFO - DAG(s) 'example_dynamic_task_mapping' retrieved from /home/airflow/.local/lib/python3.12/site-packages/airflow/example_dags/example_dynamic_task_mapping.py
[2024-11-16T05:33:26.556+0000] {logging_mixin.py:190} INFO - [2024-11-16T05:33:26.556+0000] {dag.py:3239} INFO - Sync 1 DAGs
[2024-11-16T05:33:26.567+0000] {logging_mixin.py:190} INFO - [2024-11-16T05:33:26.567+0000] {dag.py:4180} INFO - Setting next_dagrun for example_dynamic_task_mapping to None, run_after=None
[2024-11-16T05:33:26.583+0000] {processor.py:208} INFO - Processing /home/airflow/.local/lib/python3.12/site-packages/airflow/example_dags/example_dynamic_task_mapping.py took 0.054 seconds
[2024-11-16T05:33:57.439+0000] {processor.py:186} INFO - Started process (PID=658) to work on /home/airflow/.local/lib/python3.12/site-packages/airflow/example_dags/example_dynamic_task_mapping.py
[2024-11-16T05:33:57.441+0000] {processor.py:914} INFO - Processing file /home/airflow/.local/lib/python3.12/site-packages/airflow/example_dags/example_dynamic_task_mapping.py for tasks to queue
[2024-11-16T05:33:57.443+0000] {logging_mixin.py:190} INFO - [2024-11-16T05:33:57.443+0000] {dagbag.py:588} INFO - Filling up the DagBag from /home/airflow/.local/lib/python3.12/site-packages/airflow/example_dags/example_dynamic_task_mapping.py
[2024-11-16T05:33:57.451+0000] {processor.py:925} INFO - DAG(s) 'example_dynamic_task_mapping' retrieved from /home/airflow/.local/lib/python3.12/site-packages/airflow/example_dags/example_dynamic_task_mapping.py
[2024-11-16T05:33:57.472+0000] {logging_mixin.py:190} INFO - [2024-11-16T05:33:57.472+0000] {dag.py:3239} INFO - Sync 1 DAGs
[2024-11-16T05:33:57.489+0000] {logging_mixin.py:190} INFO - [2024-11-16T05:33:57.489+0000] {dag.py:4180} INFO - Setting next_dagrun for example_dynamic_task_mapping to None, run_after=None
[2024-11-16T05:33:57.513+0000] {processor.py:208} INFO - Processing /home/airflow/.local/lib/python3.12/site-packages/airflow/example_dags/example_dynamic_task_mapping.py took 0.080 seconds
[2024-11-16T05:34:28.895+0000] {processor.py:186} INFO - Started process (PID=726) to work on /home/airflow/.local/lib/python3.12/site-packages/airflow/example_dags/example_dynamic_task_mapping.py
[2024-11-16T05:34:28.896+0000] {processor.py:914} INFO - Processing file /home/airflow/.local/lib/python3.12/site-packages/airflow/example_dags/example_dynamic_task_mapping.py for tasks to queue
[2024-11-16T05:34:28.897+0000] {logging_mixin.py:190} INFO - [2024-11-16T05:34:28.897+0000] {dagbag.py:588} INFO - Filling up the DagBag from /home/airflow/.local/lib/python3.12/site-packages/airflow/example_dags/example_dynamic_task_mapping.py
[2024-11-16T05:34:28.903+0000] {processor.py:925} INFO - DAG(s) 'example_dynamic_task_mapping' retrieved from /home/airflow/.local/lib/python3.12/site-packages/airflow/example_dags/example_dynamic_task_mapping.py
[2024-11-16T05:34:28.918+0000] {logging_mixin.py:190} INFO - [2024-11-16T05:34:28.917+0000] {dag.py:3239} INFO - Sync 1 DAGs
[2024-11-16T05:34:28.928+0000] {logging_mixin.py:190} INFO - [2024-11-16T05:34:28.928+0000] {dag.py:4180} INFO - Setting next_dagrun for example_dynamic_task_mapping to None, run_after=None
[2024-11-16T05:34:28.947+0000] {processor.py:208} INFO - Processing /home/airflow/.local/lib/python3.12/site-packages/airflow/example_dags/example_dynamic_task_mapping.py took 0.056 seconds
[2024-11-16T05:34:59.551+0000] {processor.py:186} INFO - Started process (PID=794) to work on /home/airflow/.local/lib/python3.12/site-packages/airflow/example_dags/example_dynamic_task_mapping.py
[2024-11-16T05:34:59.553+0000] {processor.py:914} INFO - Processing file /home/airflow/.local/lib/python3.12/site-packages/airflow/example_dags/example_dynamic_task_mapping.py for tasks to queue
[2024-11-16T05:34:59.559+0000] {logging_mixin.py:190} INFO - [2024-11-16T05:34:59.557+0000] {dagbag.py:588} INFO - Filling up the DagBag from /home/airflow/.local/lib/python3.12/site-packages/airflow/example_dags/example_dynamic_task_mapping.py
[2024-11-16T05:34:59.569+0000] {processor.py:925} INFO - DAG(s) 'example_dynamic_task_mapping' retrieved from /home/airflow/.local/lib/python3.12/site-packages/airflow/example_dags/example_dynamic_task_mapping.py
[2024-11-16T05:34:59.590+0000] {logging_mixin.py:190} INFO - [2024-11-16T05:34:59.589+0000] {dag.py:3239} INFO - Sync 1 DAGs
[2024-11-16T05:34:59.604+0000] {logging_mixin.py:190} INFO - [2024-11-16T05:34:59.604+0000] {dag.py:4180} INFO - Setting next_dagrun for example_dynamic_task_mapping to None, run_after=None
[2024-11-16T05:34:59.628+0000] {processor.py:208} INFO - Processing /home/airflow/.local/lib/python3.12/site-packages/airflow/example_dags/example_dynamic_task_mapping.py took 0.082 seconds
[2024-11-16T05:35:30.283+0000] {processor.py:186} INFO - Started process (PID=862) to work on /home/airflow/.local/lib/python3.12/site-packages/airflow/example_dags/example_dynamic_task_mapping.py
[2024-11-16T05:35:30.283+0000] {processor.py:914} INFO - Processing file /home/airflow/.local/lib/python3.12/site-packages/airflow/example_dags/example_dynamic_task_mapping.py for tasks to queue
[2024-11-16T05:35:30.285+0000] {logging_mixin.py:190} INFO - [2024-11-16T05:35:30.284+0000] {dagbag.py:588} INFO - Filling up the DagBag from /home/airflow/.local/lib/python3.12/site-packages/airflow/example_dags/example_dynamic_task_mapping.py
[2024-11-16T05:35:30.291+0000] {processor.py:925} INFO - DAG(s) 'example_dynamic_task_mapping' retrieved from /home/airflow/.local/lib/python3.12/site-packages/airflow/example_dags/example_dynamic_task_mapping.py
[2024-11-16T05:35:30.305+0000] {logging_mixin.py:190} INFO - [2024-11-16T05:35:30.305+0000] {dag.py:3239} INFO - Sync 1 DAGs
[2024-11-16T05:35:30.315+0000] {logging_mixin.py:190} INFO - [2024-11-16T05:35:30.315+0000] {dag.py:4180} INFO - Setting next_dagrun for example_dynamic_task_mapping to None, run_after=None
[2024-11-16T05:35:30.332+0000] {processor.py:208} INFO - Processing /home/airflow/.local/lib/python3.12/site-packages/airflow/example_dags/example_dynamic_task_mapping.py took 0.054 seconds
[2024-11-16T05:36:01.591+0000] {processor.py:186} INFO - Started process (PID=930) to work on /home/airflow/.local/lib/python3.12/site-packages/airflow/example_dags/example_dynamic_task_mapping.py
[2024-11-16T05:36:01.592+0000] {processor.py:914} INFO - Processing file /home/airflow/.local/lib/python3.12/site-packages/airflow/example_dags/example_dynamic_task_mapping.py for tasks to queue
[2024-11-16T05:36:01.595+0000] {logging_mixin.py:190} INFO - [2024-11-16T05:36:01.594+0000] {dagbag.py:588} INFO - Filling up the DagBag from /home/airflow/.local/lib/python3.12/site-packages/airflow/example_dags/example_dynamic_task_mapping.py
[2024-11-16T05:36:01.604+0000] {processor.py:925} INFO - DAG(s) 'example_dynamic_task_mapping' retrieved from /home/airflow/.local/lib/python3.12/site-packages/airflow/example_dags/example_dynamic_task_mapping.py
[2024-11-16T05:36:01.621+0000] {logging_mixin.py:190} INFO - [2024-11-16T05:36:01.621+0000] {dag.py:3239} INFO - Sync 1 DAGs
[2024-11-16T05:36:01.633+0000] {logging_mixin.py:190} INFO - [2024-11-16T05:36:01.633+0000] {dag.py:4180} INFO - Setting next_dagrun for example_dynamic_task_mapping to None, run_after=None
[2024-11-16T05:36:01.654+0000] {processor.py:208} INFO - Processing /home/airflow/.local/lib/python3.12/site-packages/airflow/example_dags/example_dynamic_task_mapping.py took 0.066 seconds
[2024-11-16T05:36:32.459+0000] {processor.py:186} INFO - Started process (PID=998) to work on /home/airflow/.local/lib/python3.12/site-packages/airflow/example_dags/example_dynamic_task_mapping.py
[2024-11-16T05:36:32.459+0000] {processor.py:914} INFO - Processing file /home/airflow/.local/lib/python3.12/site-packages/airflow/example_dags/example_dynamic_task_mapping.py for tasks to queue
[2024-11-16T05:36:32.461+0000] {logging_mixin.py:190} INFO - [2024-11-16T05:36:32.460+0000] {dagbag.py:588} INFO - Filling up the DagBag from /home/airflow/.local/lib/python3.12/site-packages/airflow/example_dags/example_dynamic_task_mapping.py
[2024-11-16T05:36:32.466+0000] {processor.py:925} INFO - DAG(s) 'example_dynamic_task_mapping' retrieved from /home/airflow/.local/lib/python3.12/site-packages/airflow/example_dags/example_dynamic_task_mapping.py
[2024-11-16T05:36:32.479+0000] {logging_mixin.py:190} INFO - [2024-11-16T05:36:32.479+0000] {dag.py:3239} INFO - Sync 1 DAGs
[2024-11-16T05:36:32.489+0000] {logging_mixin.py:190} INFO - [2024-11-16T05:36:32.489+0000] {dag.py:4180} INFO - Setting next_dagrun for example_dynamic_task_mapping to None, run_after=None
[2024-11-16T05:36:32.505+0000] {processor.py:208} INFO - Processing /home/airflow/.local/lib/python3.12/site-packages/airflow/example_dags/example_dynamic_task_mapping.py took 0.051 seconds
[2024-11-16T05:37:03.347+0000] {processor.py:186} INFO - Started process (PID=1066) to work on /home/airflow/.local/lib/python3.12/site-packages/airflow/example_dags/example_dynamic_task_mapping.py
[2024-11-16T05:37:03.348+0000] {processor.py:914} INFO - Processing file /home/airflow/.local/lib/python3.12/site-packages/airflow/example_dags/example_dynamic_task_mapping.py for tasks to queue
[2024-11-16T05:37:03.349+0000] {logging_mixin.py:190} INFO - [2024-11-16T05:37:03.349+0000] {dagbag.py:588} INFO - Filling up the DagBag from /home/airflow/.local/lib/python3.12/site-packages/airflow/example_dags/example_dynamic_task_mapping.py
[2024-11-16T05:37:03.355+0000] {processor.py:925} INFO - DAG(s) 'example_dynamic_task_mapping' retrieved from /home/airflow/.local/lib/python3.12/site-packages/airflow/example_dags/example_dynamic_task_mapping.py
[2024-11-16T05:37:03.369+0000] {logging_mixin.py:190} INFO - [2024-11-16T05:37:03.369+0000] {dag.py:3239} INFO - Sync 1 DAGs
[2024-11-16T05:37:03.379+0000] {logging_mixin.py:190} INFO - [2024-11-16T05:37:03.379+0000] {dag.py:4180} INFO - Setting next_dagrun for example_dynamic_task_mapping to None, run_after=None
[2024-11-16T05:37:03.393+0000] {processor.py:208} INFO - Processing /home/airflow/.local/lib/python3.12/site-packages/airflow/example_dags/example_dynamic_task_mapping.py took 0.051 seconds
[2024-11-16T05:37:34.812+0000] {processor.py:186} INFO - Started process (PID=1135) to work on /home/airflow/.local/lib/python3.12/site-packages/airflow/example_dags/example_dynamic_task_mapping.py
[2024-11-16T05:37:34.813+0000] {processor.py:914} INFO - Processing file /home/airflow/.local/lib/python3.12/site-packages/airflow/example_dags/example_dynamic_task_mapping.py for tasks to queue
[2024-11-16T05:37:34.814+0000] {logging_mixin.py:190} INFO - [2024-11-16T05:37:34.814+0000] {dagbag.py:588} INFO - Filling up the DagBag from /home/airflow/.local/lib/python3.12/site-packages/airflow/example_dags/example_dynamic_task_mapping.py
[2024-11-16T05:37:34.819+0000] {processor.py:925} INFO - DAG(s) 'example_dynamic_task_mapping' retrieved from /home/airflow/.local/lib/python3.12/site-packages/airflow/example_dags/example_dynamic_task_mapping.py
[2024-11-16T05:37:34.832+0000] {logging_mixin.py:190} INFO - [2024-11-16T05:37:34.832+0000] {dag.py:3239} INFO - Sync 1 DAGs
[2024-11-16T05:37:34.842+0000] {logging_mixin.py:190} INFO - [2024-11-16T05:37:34.842+0000] {dag.py:4180} INFO - Setting next_dagrun for example_dynamic_task_mapping to None, run_after=None
[2024-11-16T05:37:34.858+0000] {processor.py:208} INFO - Processing /home/airflow/.local/lib/python3.12/site-packages/airflow/example_dags/example_dynamic_task_mapping.py took 0.050 seconds
[2024-11-16T05:38:05.901+0000] {processor.py:186} INFO - Started process (PID=1203) to work on /home/airflow/.local/lib/python3.12/site-packages/airflow/example_dags/example_dynamic_task_mapping.py
[2024-11-16T05:38:05.902+0000] {processor.py:914} INFO - Processing file /home/airflow/.local/lib/python3.12/site-packages/airflow/example_dags/example_dynamic_task_mapping.py for tasks to queue
[2024-11-16T05:38:05.904+0000] {logging_mixin.py:190} INFO - [2024-11-16T05:38:05.903+0000] {dagbag.py:588} INFO - Filling up the DagBag from /home/airflow/.local/lib/python3.12/site-packages/airflow/example_dags/example_dynamic_task_mapping.py
[2024-11-16T05:38:05.910+0000] {processor.py:925} INFO - DAG(s) 'example_dynamic_task_mapping' retrieved from /home/airflow/.local/lib/python3.12/site-packages/airflow/example_dags/example_dynamic_task_mapping.py
[2024-11-16T05:38:05.923+0000] {logging_mixin.py:190} INFO - [2024-11-16T05:38:05.922+0000] {dag.py:3239} INFO - Sync 1 DAGs
[2024-11-16T05:38:05.932+0000] {logging_mixin.py:190} INFO - [2024-11-16T05:38:05.932+0000] {dag.py:4180} INFO - Setting next_dagrun for example_dynamic_task_mapping to None, run_after=None
[2024-11-16T05:38:05.947+0000] {processor.py:208} INFO - Processing /home/airflow/.local/lib/python3.12/site-packages/airflow/example_dags/example_dynamic_task_mapping.py took 0.049 seconds
[2024-11-16T05:38:36.812+0000] {processor.py:186} INFO - Started process (PID=1271) to work on /home/airflow/.local/lib/python3.12/site-packages/airflow/example_dags/example_dynamic_task_mapping.py
[2024-11-16T05:38:36.812+0000] {processor.py:914} INFO - Processing file /home/airflow/.local/lib/python3.12/site-packages/airflow/example_dags/example_dynamic_task_mapping.py for tasks to queue
[2024-11-16T05:38:36.814+0000] {logging_mixin.py:190} INFO - [2024-11-16T05:38:36.814+0000] {dagbag.py:588} INFO - Filling up the DagBag from /home/airflow/.local/lib/python3.12/site-packages/airflow/example_dags/example_dynamic_task_mapping.py
[2024-11-16T05:38:36.819+0000] {processor.py:925} INFO - DAG(s) 'example_dynamic_task_mapping' retrieved from /home/airflow/.local/lib/python3.12/site-packages/airflow/example_dags/example_dynamic_task_mapping.py
[2024-11-16T05:38:36.833+0000] {logging_mixin.py:190} INFO - [2024-11-16T05:38:36.832+0000] {dag.py:3239} INFO - Sync 1 DAGs
[2024-11-16T05:38:36.842+0000] {logging_mixin.py:190} INFO - [2024-11-16T05:38:36.842+0000] {dag.py:4180} INFO - Setting next_dagrun for example_dynamic_task_mapping to None, run_after=None
[2024-11-16T05:38:36.858+0000] {processor.py:208} INFO - Processing /home/airflow/.local/lib/python3.12/site-packages/airflow/example_dags/example_dynamic_task_mapping.py took 0.050 seconds
[2024-11-16T05:39:08.047+0000] {processor.py:186} INFO - Started process (PID=1339) to work on /home/airflow/.local/lib/python3.12/site-packages/airflow/example_dags/example_dynamic_task_mapping.py
[2024-11-16T05:39:08.048+0000] {processor.py:914} INFO - Processing file /home/airflow/.local/lib/python3.12/site-packages/airflow/example_dags/example_dynamic_task_mapping.py for tasks to queue
[2024-11-16T05:39:08.050+0000] {logging_mixin.py:190} INFO - [2024-11-16T05:39:08.049+0000] {dagbag.py:588} INFO - Filling up the DagBag from /home/airflow/.local/lib/python3.12/site-packages/airflow/example_dags/example_dynamic_task_mapping.py
[2024-11-16T05:39:08.055+0000] {processor.py:925} INFO - DAG(s) 'example_dynamic_task_mapping' retrieved from /home/airflow/.local/lib/python3.12/site-packages/airflow/example_dags/example_dynamic_task_mapping.py
[2024-11-16T05:39:08.069+0000] {logging_mixin.py:190} INFO - [2024-11-16T05:39:08.069+0000] {dag.py:3239} INFO - Sync 1 DAGs
[2024-11-16T05:39:08.079+0000] {logging_mixin.py:190} INFO - [2024-11-16T05:39:08.079+0000] {dag.py:4180} INFO - Setting next_dagrun for example_dynamic_task_mapping to None, run_after=None
[2024-11-16T05:39:08.095+0000] {processor.py:208} INFO - Processing /home/airflow/.local/lib/python3.12/site-packages/airflow/example_dags/example_dynamic_task_mapping.py took 0.052 seconds
[2024-11-16T05:46:01.440+0000] {processor.py:186} INFO - Started process (PID=103) to work on /home/airflow/.local/lib/python3.12/site-packages/airflow/example_dags/example_dynamic_task_mapping.py
[2024-11-16T05:46:01.441+0000] {processor.py:914} INFO - Processing file /home/airflow/.local/lib/python3.12/site-packages/airflow/example_dags/example_dynamic_task_mapping.py for tasks to queue
[2024-11-16T05:46:01.444+0000] {logging_mixin.py:190} INFO - [2024-11-16T05:46:01.444+0000] {dagbag.py:588} INFO - Filling up the DagBag from /home/airflow/.local/lib/python3.12/site-packages/airflow/example_dags/example_dynamic_task_mapping.py
[2024-11-16T05:46:01.455+0000] {processor.py:925} INFO - DAG(s) 'example_dynamic_task_mapping' retrieved from /home/airflow/.local/lib/python3.12/site-packages/airflow/example_dags/example_dynamic_task_mapping.py
[2024-11-16T05:46:01.482+0000] {logging_mixin.py:190} INFO - [2024-11-16T05:46:01.482+0000] {dag.py:3239} INFO - Sync 1 DAGs
[2024-11-16T05:46:01.504+0000] {logging_mixin.py:190} INFO - [2024-11-16T05:46:01.503+0000] {dag.py:4180} INFO - Setting next_dagrun for example_dynamic_task_mapping to None, run_after=None
[2024-11-16T05:46:01.529+0000] {processor.py:208} INFO - Processing /home/airflow/.local/lib/python3.12/site-packages/airflow/example_dags/example_dynamic_task_mapping.py took 0.095 seconds
[2024-11-16T05:46:31.612+0000] {processor.py:186} INFO - Started process (PID=169) to work on /home/airflow/.local/lib/python3.12/site-packages/airflow/example_dags/example_dynamic_task_mapping.py
[2024-11-16T05:46:31.613+0000] {processor.py:914} INFO - Processing file /home/airflow/.local/lib/python3.12/site-packages/airflow/example_dags/example_dynamic_task_mapping.py for tasks to queue
[2024-11-16T05:46:31.614+0000] {logging_mixin.py:190} INFO - [2024-11-16T05:46:31.614+0000] {dagbag.py:588} INFO - Filling up the DagBag from /home/airflow/.local/lib/python3.12/site-packages/airflow/example_dags/example_dynamic_task_mapping.py
[2024-11-16T05:46:31.619+0000] {processor.py:925} INFO - DAG(s) 'example_dynamic_task_mapping' retrieved from /home/airflow/.local/lib/python3.12/site-packages/airflow/example_dags/example_dynamic_task_mapping.py
[2024-11-16T05:46:31.632+0000] {logging_mixin.py:190} INFO - [2024-11-16T05:46:31.632+0000] {dag.py:3239} INFO - Sync 1 DAGs
[2024-11-16T05:46:31.641+0000] {logging_mixin.py:190} INFO - [2024-11-16T05:46:31.641+0000] {dag.py:4180} INFO - Setting next_dagrun for example_dynamic_task_mapping to None, run_after=None
[2024-11-16T05:46:31.653+0000] {processor.py:208} INFO - Processing /home/airflow/.local/lib/python3.12/site-packages/airflow/example_dags/example_dynamic_task_mapping.py took 0.044 seconds
[2024-11-16T05:47:02.746+0000] {processor.py:186} INFO - Started process (PID=237) to work on /home/airflow/.local/lib/python3.12/site-packages/airflow/example_dags/example_dynamic_task_mapping.py
[2024-11-16T05:47:02.747+0000] {processor.py:914} INFO - Processing file /home/airflow/.local/lib/python3.12/site-packages/airflow/example_dags/example_dynamic_task_mapping.py for tasks to queue
[2024-11-16T05:47:02.749+0000] {logging_mixin.py:190} INFO - [2024-11-16T05:47:02.749+0000] {dagbag.py:588} INFO - Filling up the DagBag from /home/airflow/.local/lib/python3.12/site-packages/airflow/example_dags/example_dynamic_task_mapping.py
[2024-11-16T05:47:02.755+0000] {processor.py:925} INFO - DAG(s) 'example_dynamic_task_mapping' retrieved from /home/airflow/.local/lib/python3.12/site-packages/airflow/example_dags/example_dynamic_task_mapping.py
[2024-11-16T05:47:02.778+0000] {logging_mixin.py:190} INFO - [2024-11-16T05:47:02.777+0000] {dag.py:3239} INFO - Sync 1 DAGs
[2024-11-16T05:47:02.789+0000] {logging_mixin.py:190} INFO - [2024-11-16T05:47:02.788+0000] {dag.py:4180} INFO - Setting next_dagrun for example_dynamic_task_mapping to None, run_after=None
[2024-11-16T05:47:02.885+0000] {processor.py:208} INFO - Processing /home/airflow/.local/lib/python3.12/site-packages/airflow/example_dags/example_dynamic_task_mapping.py took 0.144 seconds
[2024-11-16T05:47:33.845+0000] {processor.py:186} INFO - Started process (PID=305) to work on /home/airflow/.local/lib/python3.12/site-packages/airflow/example_dags/example_dynamic_task_mapping.py
[2024-11-16T05:47:33.846+0000] {processor.py:914} INFO - Processing file /home/airflow/.local/lib/python3.12/site-packages/airflow/example_dags/example_dynamic_task_mapping.py for tasks to queue
[2024-11-16T05:47:33.847+0000] {logging_mixin.py:190} INFO - [2024-11-16T05:47:33.847+0000] {dagbag.py:588} INFO - Filling up the DagBag from /home/airflow/.local/lib/python3.12/site-packages/airflow/example_dags/example_dynamic_task_mapping.py
[2024-11-16T05:47:33.855+0000] {processor.py:925} INFO - DAG(s) 'example_dynamic_task_mapping' retrieved from /home/airflow/.local/lib/python3.12/site-packages/airflow/example_dags/example_dynamic_task_mapping.py
[2024-11-16T05:47:33.871+0000] {logging_mixin.py:190} INFO - [2024-11-16T05:47:33.871+0000] {dag.py:3239} INFO - Sync 1 DAGs
[2024-11-16T05:47:33.881+0000] {logging_mixin.py:190} INFO - [2024-11-16T05:47:33.881+0000] {dag.py:4180} INFO - Setting next_dagrun for example_dynamic_task_mapping to None, run_after=None
[2024-11-16T05:47:33.898+0000] {processor.py:208} INFO - Processing /home/airflow/.local/lib/python3.12/site-packages/airflow/example_dags/example_dynamic_task_mapping.py took 0.057 seconds
[2024-11-16T05:48:03.931+0000] {processor.py:186} INFO - Started process (PID=372) to work on /home/airflow/.local/lib/python3.12/site-packages/airflow/example_dags/example_dynamic_task_mapping.py
[2024-11-16T05:48:03.932+0000] {processor.py:914} INFO - Processing file /home/airflow/.local/lib/python3.12/site-packages/airflow/example_dags/example_dynamic_task_mapping.py for tasks to queue
[2024-11-16T05:48:03.934+0000] {logging_mixin.py:190} INFO - [2024-11-16T05:48:03.934+0000] {dagbag.py:588} INFO - Filling up the DagBag from /home/airflow/.local/lib/python3.12/site-packages/airflow/example_dags/example_dynamic_task_mapping.py
[2024-11-16T05:48:03.939+0000] {processor.py:925} INFO - DAG(s) 'example_dynamic_task_mapping' retrieved from /home/airflow/.local/lib/python3.12/site-packages/airflow/example_dags/example_dynamic_task_mapping.py
[2024-11-16T05:48:03.952+0000] {logging_mixin.py:190} INFO - [2024-11-16T05:48:03.952+0000] {dag.py:3239} INFO - Sync 1 DAGs
[2024-11-16T05:48:03.961+0000] {logging_mixin.py:190} INFO - [2024-11-16T05:48:03.961+0000] {dag.py:4180} INFO - Setting next_dagrun for example_dynamic_task_mapping to None, run_after=None
[2024-11-16T05:48:03.974+0000] {processor.py:208} INFO - Processing /home/airflow/.local/lib/python3.12/site-packages/airflow/example_dags/example_dynamic_task_mapping.py took 0.046 seconds
[2024-11-16T05:48:34.936+0000] {processor.py:186} INFO - Started process (PID=440) to work on /home/airflow/.local/lib/python3.12/site-packages/airflow/example_dags/example_dynamic_task_mapping.py
[2024-11-16T05:48:34.937+0000] {processor.py:914} INFO - Processing file /home/airflow/.local/lib/python3.12/site-packages/airflow/example_dags/example_dynamic_task_mapping.py for tasks to queue
[2024-11-16T05:48:34.939+0000] {logging_mixin.py:190} INFO - [2024-11-16T05:48:34.939+0000] {dagbag.py:588} INFO - Filling up the DagBag from /home/airflow/.local/lib/python3.12/site-packages/airflow/example_dags/example_dynamic_task_mapping.py
[2024-11-16T05:48:34.946+0000] {processor.py:925} INFO - DAG(s) 'example_dynamic_task_mapping' retrieved from /home/airflow/.local/lib/python3.12/site-packages/airflow/example_dags/example_dynamic_task_mapping.py
[2024-11-16T05:48:34.963+0000] {logging_mixin.py:190} INFO - [2024-11-16T05:48:34.963+0000] {dag.py:3239} INFO - Sync 1 DAGs
[2024-11-16T05:48:34.976+0000] {logging_mixin.py:190} INFO - [2024-11-16T05:48:34.976+0000] {dag.py:4180} INFO - Setting next_dagrun for example_dynamic_task_mapping to None, run_after=None
[2024-11-16T05:48:34.994+0000] {processor.py:208} INFO - Processing /home/airflow/.local/lib/python3.12/site-packages/airflow/example_dags/example_dynamic_task_mapping.py took 0.063 seconds
[2024-11-16T05:49:05.484+0000] {processor.py:186} INFO - Started process (PID=508) to work on /home/airflow/.local/lib/python3.12/site-packages/airflow/example_dags/example_dynamic_task_mapping.py
[2024-11-16T05:49:05.486+0000] {processor.py:914} INFO - Processing file /home/airflow/.local/lib/python3.12/site-packages/airflow/example_dags/example_dynamic_task_mapping.py for tasks to queue
[2024-11-16T05:49:05.489+0000] {logging_mixin.py:190} INFO - [2024-11-16T05:49:05.488+0000] {dagbag.py:588} INFO - Filling up the DagBag from /home/airflow/.local/lib/python3.12/site-packages/airflow/example_dags/example_dynamic_task_mapping.py
[2024-11-16T05:49:05.497+0000] {processor.py:925} INFO - DAG(s) 'example_dynamic_task_mapping' retrieved from /home/airflow/.local/lib/python3.12/site-packages/airflow/example_dags/example_dynamic_task_mapping.py
[2024-11-16T05:49:05.518+0000] {logging_mixin.py:190} INFO - [2024-11-16T05:49:05.517+0000] {dag.py:3239} INFO - Sync 1 DAGs
[2024-11-16T05:49:05.532+0000] {logging_mixin.py:190} INFO - [2024-11-16T05:49:05.532+0000] {dag.py:4180} INFO - Setting next_dagrun for example_dynamic_task_mapping to None, run_after=None
[2024-11-16T05:49:05.549+0000] {processor.py:208} INFO - Processing /home/airflow/.local/lib/python3.12/site-packages/airflow/example_dags/example_dynamic_task_mapping.py took 0.069 seconds
[2024-11-16T05:49:35.939+0000] {processor.py:186} INFO - Started process (PID=575) to work on /home/airflow/.local/lib/python3.12/site-packages/airflow/example_dags/example_dynamic_task_mapping.py
[2024-11-16T05:49:35.940+0000] {processor.py:914} INFO - Processing file /home/airflow/.local/lib/python3.12/site-packages/airflow/example_dags/example_dynamic_task_mapping.py for tasks to queue
[2024-11-16T05:49:35.941+0000] {logging_mixin.py:190} INFO - [2024-11-16T05:49:35.941+0000] {dagbag.py:588} INFO - Filling up the DagBag from /home/airflow/.local/lib/python3.12/site-packages/airflow/example_dags/example_dynamic_task_mapping.py
[2024-11-16T05:49:35.947+0000] {processor.py:925} INFO - DAG(s) 'example_dynamic_task_mapping' retrieved from /home/airflow/.local/lib/python3.12/site-packages/airflow/example_dags/example_dynamic_task_mapping.py
[2024-11-16T05:49:35.961+0000] {logging_mixin.py:190} INFO - [2024-11-16T05:49:35.960+0000] {dag.py:3239} INFO - Sync 1 DAGs
[2024-11-16T05:49:35.970+0000] {logging_mixin.py:190} INFO - [2024-11-16T05:49:35.970+0000] {dag.py:4180} INFO - Setting next_dagrun for example_dynamic_task_mapping to None, run_after=None
[2024-11-16T05:49:35.983+0000] {processor.py:208} INFO - Processing /home/airflow/.local/lib/python3.12/site-packages/airflow/example_dags/example_dynamic_task_mapping.py took 0.048 seconds
[2024-11-16T05:50:50.129+0000] {processor.py:186} INFO - Started process (PID=109) to work on /home/airflow/.local/lib/python3.12/site-packages/airflow/example_dags/example_dynamic_task_mapping.py
[2024-11-16T05:50:50.130+0000] {processor.py:914} INFO - Processing file /home/airflow/.local/lib/python3.12/site-packages/airflow/example_dags/example_dynamic_task_mapping.py for tasks to queue
[2024-11-16T05:50:50.132+0000] {logging_mixin.py:190} INFO - [2024-11-16T05:50:50.132+0000] {dagbag.py:588} INFO - Filling up the DagBag from /home/airflow/.local/lib/python3.12/site-packages/airflow/example_dags/example_dynamic_task_mapping.py
[2024-11-16T05:50:50.139+0000] {processor.py:925} INFO - DAG(s) 'example_dynamic_task_mapping' retrieved from /home/airflow/.local/lib/python3.12/site-packages/airflow/example_dags/example_dynamic_task_mapping.py
[2024-11-16T05:50:50.154+0000] {logging_mixin.py:190} INFO - [2024-11-16T05:50:50.154+0000] {dag.py:3239} INFO - Sync 1 DAGs
[2024-11-16T05:50:50.168+0000] {logging_mixin.py:190} INFO - [2024-11-16T05:50:50.168+0000] {dag.py:4180} INFO - Setting next_dagrun for example_dynamic_task_mapping to None, run_after=None
[2024-11-16T05:50:50.186+0000] {processor.py:208} INFO - Processing /home/airflow/.local/lib/python3.12/site-packages/airflow/example_dags/example_dynamic_task_mapping.py took 0.061 seconds
[2024-11-16T05:51:20.632+0000] {processor.py:186} INFO - Started process (PID=176) to work on /home/airflow/.local/lib/python3.12/site-packages/airflow/example_dags/example_dynamic_task_mapping.py
[2024-11-16T05:51:20.633+0000] {processor.py:914} INFO - Processing file /home/airflow/.local/lib/python3.12/site-packages/airflow/example_dags/example_dynamic_task_mapping.py for tasks to queue
[2024-11-16T05:51:20.635+0000] {logging_mixin.py:190} INFO - [2024-11-16T05:51:20.635+0000] {dagbag.py:588} INFO - Filling up the DagBag from /home/airflow/.local/lib/python3.12/site-packages/airflow/example_dags/example_dynamic_task_mapping.py
[2024-11-16T05:51:20.644+0000] {processor.py:925} INFO - DAG(s) 'example_dynamic_task_mapping' retrieved from /home/airflow/.local/lib/python3.12/site-packages/airflow/example_dags/example_dynamic_task_mapping.py
[2024-11-16T05:51:20.662+0000] {logging_mixin.py:190} INFO - [2024-11-16T05:51:20.661+0000] {dag.py:3239} INFO - Sync 1 DAGs
[2024-11-16T05:51:20.674+0000] {logging_mixin.py:190} INFO - [2024-11-16T05:51:20.674+0000] {dag.py:4180} INFO - Setting next_dagrun for example_dynamic_task_mapping to None, run_after=None
[2024-11-16T05:51:20.698+0000] {processor.py:208} INFO - Processing /home/airflow/.local/lib/python3.12/site-packages/airflow/example_dags/example_dynamic_task_mapping.py took 0.072 seconds
[2024-11-16T05:51:52.132+0000] {processor.py:186} INFO - Started process (PID=245) to work on /home/airflow/.local/lib/python3.12/site-packages/airflow/example_dags/example_dynamic_task_mapping.py
[2024-11-16T05:51:52.133+0000] {processor.py:914} INFO - Processing file /home/airflow/.local/lib/python3.12/site-packages/airflow/example_dags/example_dynamic_task_mapping.py for tasks to queue
[2024-11-16T05:51:52.134+0000] {logging_mixin.py:190} INFO - [2024-11-16T05:51:52.134+0000] {dagbag.py:588} INFO - Filling up the DagBag from /home/airflow/.local/lib/python3.12/site-packages/airflow/example_dags/example_dynamic_task_mapping.py
[2024-11-16T05:51:52.139+0000] {processor.py:925} INFO - DAG(s) 'example_dynamic_task_mapping' retrieved from /home/airflow/.local/lib/python3.12/site-packages/airflow/example_dags/example_dynamic_task_mapping.py
[2024-11-16T05:51:52.152+0000] {logging_mixin.py:190} INFO - [2024-11-16T05:51:52.152+0000] {dag.py:3239} INFO - Sync 1 DAGs
[2024-11-16T05:51:52.160+0000] {logging_mixin.py:190} INFO - [2024-11-16T05:51:52.160+0000] {dag.py:4180} INFO - Setting next_dagrun for example_dynamic_task_mapping to None, run_after=None
[2024-11-16T05:51:52.174+0000] {processor.py:208} INFO - Processing /home/airflow/.local/lib/python3.12/site-packages/airflow/example_dags/example_dynamic_task_mapping.py took 0.046 seconds
[2024-11-16T05:52:23.206+0000] {processor.py:186} INFO - Started process (PID=313) to work on /home/airflow/.local/lib/python3.12/site-packages/airflow/example_dags/example_dynamic_task_mapping.py
[2024-11-16T05:52:23.207+0000] {processor.py:914} INFO - Processing file /home/airflow/.local/lib/python3.12/site-packages/airflow/example_dags/example_dynamic_task_mapping.py for tasks to queue
[2024-11-16T05:52:23.209+0000] {logging_mixin.py:190} INFO - [2024-11-16T05:52:23.208+0000] {dagbag.py:588} INFO - Filling up the DagBag from /home/airflow/.local/lib/python3.12/site-packages/airflow/example_dags/example_dynamic_task_mapping.py
[2024-11-16T05:52:23.214+0000] {processor.py:925} INFO - DAG(s) 'example_dynamic_task_mapping' retrieved from /home/airflow/.local/lib/python3.12/site-packages/airflow/example_dags/example_dynamic_task_mapping.py
[2024-11-16T05:52:23.227+0000] {logging_mixin.py:190} INFO - [2024-11-16T05:52:23.227+0000] {dag.py:3239} INFO - Sync 1 DAGs
[2024-11-16T05:52:23.238+0000] {logging_mixin.py:190} INFO - [2024-11-16T05:52:23.238+0000] {dag.py:4180} INFO - Setting next_dagrun for example_dynamic_task_mapping to None, run_after=None
[2024-11-16T05:52:23.252+0000] {processor.py:208} INFO - Processing /home/airflow/.local/lib/python3.12/site-packages/airflow/example_dags/example_dynamic_task_mapping.py took 0.050 seconds
[2024-11-16T05:52:54.299+0000] {processor.py:186} INFO - Started process (PID=381) to work on /home/airflow/.local/lib/python3.12/site-packages/airflow/example_dags/example_dynamic_task_mapping.py
[2024-11-16T05:52:54.299+0000] {processor.py:914} INFO - Processing file /home/airflow/.local/lib/python3.12/site-packages/airflow/example_dags/example_dynamic_task_mapping.py for tasks to queue
[2024-11-16T05:52:54.301+0000] {logging_mixin.py:190} INFO - [2024-11-16T05:52:54.301+0000] {dagbag.py:588} INFO - Filling up the DagBag from /home/airflow/.local/lib/python3.12/site-packages/airflow/example_dags/example_dynamic_task_mapping.py
[2024-11-16T05:52:54.307+0000] {processor.py:925} INFO - DAG(s) 'example_dynamic_task_mapping' retrieved from /home/airflow/.local/lib/python3.12/site-packages/airflow/example_dags/example_dynamic_task_mapping.py
[2024-11-16T05:52:54.326+0000] {logging_mixin.py:190} INFO - [2024-11-16T05:52:54.325+0000] {dag.py:3239} INFO - Sync 1 DAGs
[2024-11-16T05:52:54.341+0000] {logging_mixin.py:190} INFO - [2024-11-16T05:52:54.341+0000] {dag.py:4180} INFO - Setting next_dagrun for example_dynamic_task_mapping to None, run_after=None
[2024-11-16T05:52:54.362+0000] {processor.py:208} INFO - Processing /home/airflow/.local/lib/python3.12/site-packages/airflow/example_dags/example_dynamic_task_mapping.py took 0.069 seconds
[2024-11-16T05:53:24.807+0000] {processor.py:186} INFO - Started process (PID=449) to work on /home/airflow/.local/lib/python3.12/site-packages/airflow/example_dags/example_dynamic_task_mapping.py
[2024-11-16T05:53:24.808+0000] {processor.py:914} INFO - Processing file /home/airflow/.local/lib/python3.12/site-packages/airflow/example_dags/example_dynamic_task_mapping.py for tasks to queue
[2024-11-16T05:53:24.809+0000] {logging_mixin.py:190} INFO - [2024-11-16T05:53:24.809+0000] {dagbag.py:588} INFO - Filling up the DagBag from /home/airflow/.local/lib/python3.12/site-packages/airflow/example_dags/example_dynamic_task_mapping.py
[2024-11-16T05:53:24.815+0000] {processor.py:925} INFO - DAG(s) 'example_dynamic_task_mapping' retrieved from /home/airflow/.local/lib/python3.12/site-packages/airflow/example_dags/example_dynamic_task_mapping.py
[2024-11-16T05:53:24.827+0000] {logging_mixin.py:190} INFO - [2024-11-16T05:53:24.827+0000] {dag.py:3239} INFO - Sync 1 DAGs
[2024-11-16T05:53:24.836+0000] {logging_mixin.py:190} INFO - [2024-11-16T05:53:24.835+0000] {dag.py:4180} INFO - Setting next_dagrun for example_dynamic_task_mapping to None, run_after=None
[2024-11-16T05:53:24.851+0000] {processor.py:208} INFO - Processing /home/airflow/.local/lib/python3.12/site-packages/airflow/example_dags/example_dynamic_task_mapping.py took 0.047 seconds
[2024-11-16T05:53:55.344+0000] {processor.py:186} INFO - Started process (PID=517) to work on /home/airflow/.local/lib/python3.12/site-packages/airflow/example_dags/example_dynamic_task_mapping.py
[2024-11-16T05:53:55.345+0000] {processor.py:914} INFO - Processing file /home/airflow/.local/lib/python3.12/site-packages/airflow/example_dags/example_dynamic_task_mapping.py for tasks to queue
[2024-11-16T05:53:55.346+0000] {logging_mixin.py:190} INFO - [2024-11-16T05:53:55.346+0000] {dagbag.py:588} INFO - Filling up the DagBag from /home/airflow/.local/lib/python3.12/site-packages/airflow/example_dags/example_dynamic_task_mapping.py
[2024-11-16T05:53:55.351+0000] {processor.py:925} INFO - DAG(s) 'example_dynamic_task_mapping' retrieved from /home/airflow/.local/lib/python3.12/site-packages/airflow/example_dags/example_dynamic_task_mapping.py
[2024-11-16T05:53:55.364+0000] {logging_mixin.py:190} INFO - [2024-11-16T05:53:55.363+0000] {dag.py:3239} INFO - Sync 1 DAGs
[2024-11-16T05:53:55.372+0000] {logging_mixin.py:190} INFO - [2024-11-16T05:53:55.372+0000] {dag.py:4180} INFO - Setting next_dagrun for example_dynamic_task_mapping to None, run_after=None
[2024-11-16T05:53:55.386+0000] {processor.py:208} INFO - Processing /home/airflow/.local/lib/python3.12/site-packages/airflow/example_dags/example_dynamic_task_mapping.py took 0.045 seconds
[2024-11-16T05:54:25.890+0000] {processor.py:186} INFO - Started process (PID=585) to work on /home/airflow/.local/lib/python3.12/site-packages/airflow/example_dags/example_dynamic_task_mapping.py
[2024-11-16T05:54:25.891+0000] {processor.py:914} INFO - Processing file /home/airflow/.local/lib/python3.12/site-packages/airflow/example_dags/example_dynamic_task_mapping.py for tasks to queue
[2024-11-16T05:54:25.892+0000] {logging_mixin.py:190} INFO - [2024-11-16T05:54:25.892+0000] {dagbag.py:588} INFO - Filling up the DagBag from /home/airflow/.local/lib/python3.12/site-packages/airflow/example_dags/example_dynamic_task_mapping.py
[2024-11-16T05:54:25.898+0000] {processor.py:925} INFO - DAG(s) 'example_dynamic_task_mapping' retrieved from /home/airflow/.local/lib/python3.12/site-packages/airflow/example_dags/example_dynamic_task_mapping.py
[2024-11-16T05:54:25.911+0000] {logging_mixin.py:190} INFO - [2024-11-16T05:54:25.911+0000] {dag.py:3239} INFO - Sync 1 DAGs
[2024-11-16T05:54:25.921+0000] {logging_mixin.py:190} INFO - [2024-11-16T05:54:25.921+0000] {dag.py:4180} INFO - Setting next_dagrun for example_dynamic_task_mapping to None, run_after=None
[2024-11-16T05:54:25.936+0000] {processor.py:208} INFO - Processing /home/airflow/.local/lib/python3.12/site-packages/airflow/example_dags/example_dynamic_task_mapping.py took 0.050 seconds
[2024-11-16T05:54:56.299+0000] {processor.py:186} INFO - Started process (PID=652) to work on /home/airflow/.local/lib/python3.12/site-packages/airflow/example_dags/example_dynamic_task_mapping.py
[2024-11-16T05:54:56.299+0000] {processor.py:914} INFO - Processing file /home/airflow/.local/lib/python3.12/site-packages/airflow/example_dags/example_dynamic_task_mapping.py for tasks to queue
[2024-11-16T05:54:56.301+0000] {logging_mixin.py:190} INFO - [2024-11-16T05:54:56.300+0000] {dagbag.py:588} INFO - Filling up the DagBag from /home/airflow/.local/lib/python3.12/site-packages/airflow/example_dags/example_dynamic_task_mapping.py
[2024-11-16T05:54:56.306+0000] {processor.py:925} INFO - DAG(s) 'example_dynamic_task_mapping' retrieved from /home/airflow/.local/lib/python3.12/site-packages/airflow/example_dags/example_dynamic_task_mapping.py
[2024-11-16T05:54:56.320+0000] {logging_mixin.py:190} INFO - [2024-11-16T05:54:56.320+0000] {dag.py:3239} INFO - Sync 1 DAGs
[2024-11-16T05:54:56.330+0000] {logging_mixin.py:190} INFO - [2024-11-16T05:54:56.330+0000] {dag.py:4180} INFO - Setting next_dagrun for example_dynamic_task_mapping to None, run_after=None
[2024-11-16T05:54:56.343+0000] {processor.py:208} INFO - Processing /home/airflow/.local/lib/python3.12/site-packages/airflow/example_dags/example_dynamic_task_mapping.py took 0.048 seconds
[2024-11-16T05:55:26.677+0000] {processor.py:186} INFO - Started process (PID=719) to work on /home/airflow/.local/lib/python3.12/site-packages/airflow/example_dags/example_dynamic_task_mapping.py
[2024-11-16T05:55:26.677+0000] {processor.py:914} INFO - Processing file /home/airflow/.local/lib/python3.12/site-packages/airflow/example_dags/example_dynamic_task_mapping.py for tasks to queue
[2024-11-16T05:55:26.679+0000] {logging_mixin.py:190} INFO - [2024-11-16T05:55:26.678+0000] {dagbag.py:588} INFO - Filling up the DagBag from /home/airflow/.local/lib/python3.12/site-packages/airflow/example_dags/example_dynamic_task_mapping.py
[2024-11-16T05:55:26.684+0000] {processor.py:925} INFO - DAG(s) 'example_dynamic_task_mapping' retrieved from /home/airflow/.local/lib/python3.12/site-packages/airflow/example_dags/example_dynamic_task_mapping.py
[2024-11-16T05:55:26.697+0000] {logging_mixin.py:190} INFO - [2024-11-16T05:55:26.697+0000] {dag.py:3239} INFO - Sync 1 DAGs
[2024-11-16T05:55:26.707+0000] {logging_mixin.py:190} INFO - [2024-11-16T05:55:26.707+0000] {dag.py:4180} INFO - Setting next_dagrun for example_dynamic_task_mapping to None, run_after=None
[2024-11-16T05:55:26.722+0000] {processor.py:208} INFO - Processing /home/airflow/.local/lib/python3.12/site-packages/airflow/example_dags/example_dynamic_task_mapping.py took 0.049 seconds
[2024-11-16T05:55:56.952+0000] {processor.py:186} INFO - Started process (PID=786) to work on /home/airflow/.local/lib/python3.12/site-packages/airflow/example_dags/example_dynamic_task_mapping.py
[2024-11-16T05:55:56.953+0000] {processor.py:914} INFO - Processing file /home/airflow/.local/lib/python3.12/site-packages/airflow/example_dags/example_dynamic_task_mapping.py for tasks to queue
[2024-11-16T05:55:56.955+0000] {logging_mixin.py:190} INFO - [2024-11-16T05:55:56.954+0000] {dagbag.py:588} INFO - Filling up the DagBag from /home/airflow/.local/lib/python3.12/site-packages/airflow/example_dags/example_dynamic_task_mapping.py
[2024-11-16T05:55:56.959+0000] {processor.py:925} INFO - DAG(s) 'example_dynamic_task_mapping' retrieved from /home/airflow/.local/lib/python3.12/site-packages/airflow/example_dags/example_dynamic_task_mapping.py
[2024-11-16T05:55:56.971+0000] {logging_mixin.py:190} INFO - [2024-11-16T05:55:56.971+0000] {dag.py:3239} INFO - Sync 1 DAGs
[2024-11-16T05:55:56.980+0000] {logging_mixin.py:190} INFO - [2024-11-16T05:55:56.980+0000] {dag.py:4180} INFO - Setting next_dagrun for example_dynamic_task_mapping to None, run_after=None
[2024-11-16T05:55:56.994+0000] {processor.py:208} INFO - Processing /home/airflow/.local/lib/python3.12/site-packages/airflow/example_dags/example_dynamic_task_mapping.py took 0.045 seconds
[2024-11-16T05:56:27.381+0000] {processor.py:186} INFO - Started process (PID=854) to work on /home/airflow/.local/lib/python3.12/site-packages/airflow/example_dags/example_dynamic_task_mapping.py
[2024-11-16T05:56:27.381+0000] {processor.py:914} INFO - Processing file /home/airflow/.local/lib/python3.12/site-packages/airflow/example_dags/example_dynamic_task_mapping.py for tasks to queue
[2024-11-16T05:56:27.383+0000] {logging_mixin.py:190} INFO - [2024-11-16T05:56:27.383+0000] {dagbag.py:588} INFO - Filling up the DagBag from /home/airflow/.local/lib/python3.12/site-packages/airflow/example_dags/example_dynamic_task_mapping.py
[2024-11-16T05:56:27.389+0000] {processor.py:925} INFO - DAG(s) 'example_dynamic_task_mapping' retrieved from /home/airflow/.local/lib/python3.12/site-packages/airflow/example_dags/example_dynamic_task_mapping.py
[2024-11-16T05:56:27.401+0000] {logging_mixin.py:190} INFO - [2024-11-16T05:56:27.401+0000] {dag.py:3239} INFO - Sync 1 DAGs
[2024-11-16T05:56:27.410+0000] {logging_mixin.py:190} INFO - [2024-11-16T05:56:27.409+0000] {dag.py:4180} INFO - Setting next_dagrun for example_dynamic_task_mapping to None, run_after=None
[2024-11-16T05:56:27.421+0000] {processor.py:208} INFO - Processing /home/airflow/.local/lib/python3.12/site-packages/airflow/example_dags/example_dynamic_task_mapping.py took 0.044 seconds
[2024-11-16T05:56:57.636+0000] {processor.py:186} INFO - Started process (PID=922) to work on /home/airflow/.local/lib/python3.12/site-packages/airflow/example_dags/example_dynamic_task_mapping.py
[2024-11-16T05:56:57.637+0000] {processor.py:914} INFO - Processing file /home/airflow/.local/lib/python3.12/site-packages/airflow/example_dags/example_dynamic_task_mapping.py for tasks to queue
[2024-11-16T05:56:57.638+0000] {logging_mixin.py:190} INFO - [2024-11-16T05:56:57.638+0000] {dagbag.py:588} INFO - Filling up the DagBag from /home/airflow/.local/lib/python3.12/site-packages/airflow/example_dags/example_dynamic_task_mapping.py
[2024-11-16T05:56:57.645+0000] {processor.py:925} INFO - DAG(s) 'example_dynamic_task_mapping' retrieved from /home/airflow/.local/lib/python3.12/site-packages/airflow/example_dags/example_dynamic_task_mapping.py
[2024-11-16T05:56:57.661+0000] {logging_mixin.py:190} INFO - [2024-11-16T05:56:57.661+0000] {dag.py:3239} INFO - Sync 1 DAGs
[2024-11-16T05:56:57.672+0000] {logging_mixin.py:190} INFO - [2024-11-16T05:56:57.672+0000] {dag.py:4180} INFO - Setting next_dagrun for example_dynamic_task_mapping to None, run_after=None
[2024-11-16T05:56:57.690+0000] {processor.py:208} INFO - Processing /home/airflow/.local/lib/python3.12/site-packages/airflow/example_dags/example_dynamic_task_mapping.py took 0.058 seconds
[2024-11-16T06:44:18.559+0000] {processor.py:186} INFO - Started process (PID=117) to work on /home/airflow/.local/lib/python3.12/site-packages/airflow/example_dags/example_dynamic_task_mapping.py
[2024-11-16T06:44:18.560+0000] {processor.py:914} INFO - Processing file /home/airflow/.local/lib/python3.12/site-packages/airflow/example_dags/example_dynamic_task_mapping.py for tasks to queue
[2024-11-16T06:44:18.562+0000] {logging_mixin.py:190} INFO - [2024-11-16T06:44:18.561+0000] {dagbag.py:588} INFO - Filling up the DagBag from /home/airflow/.local/lib/python3.12/site-packages/airflow/example_dags/example_dynamic_task_mapping.py
[2024-11-16T06:44:18.569+0000] {processor.py:925} INFO - DAG(s) 'example_dynamic_task_mapping' retrieved from /home/airflow/.local/lib/python3.12/site-packages/airflow/example_dags/example_dynamic_task_mapping.py
[2024-11-16T06:44:18.585+0000] {logging_mixin.py:190} INFO - [2024-11-16T06:44:18.585+0000] {dag.py:3239} INFO - Sync 1 DAGs
[2024-11-16T06:44:18.599+0000] {logging_mixin.py:190} INFO - [2024-11-16T06:44:18.598+0000] {dag.py:4180} INFO - Setting next_dagrun for example_dynamic_task_mapping to None, run_after=None
[2024-11-16T06:44:18.618+0000] {processor.py:208} INFO - Processing /home/airflow/.local/lib/python3.12/site-packages/airflow/example_dags/example_dynamic_task_mapping.py took 0.064 seconds
[2024-11-16T06:44:50.143+0000] {processor.py:186} INFO - Started process (PID=185) to work on /home/airflow/.local/lib/python3.12/site-packages/airflow/example_dags/example_dynamic_task_mapping.py
[2024-11-16T06:44:50.144+0000] {processor.py:914} INFO - Processing file /home/airflow/.local/lib/python3.12/site-packages/airflow/example_dags/example_dynamic_task_mapping.py for tasks to queue
[2024-11-16T06:44:50.146+0000] {logging_mixin.py:190} INFO - [2024-11-16T06:44:50.146+0000] {dagbag.py:588} INFO - Filling up the DagBag from /home/airflow/.local/lib/python3.12/site-packages/airflow/example_dags/example_dynamic_task_mapping.py
[2024-11-16T06:44:50.155+0000] {processor.py:925} INFO - DAG(s) 'example_dynamic_task_mapping' retrieved from /home/airflow/.local/lib/python3.12/site-packages/airflow/example_dags/example_dynamic_task_mapping.py
[2024-11-16T06:44:50.176+0000] {logging_mixin.py:190} INFO - [2024-11-16T06:44:50.176+0000] {dag.py:3239} INFO - Sync 1 DAGs
[2024-11-16T06:44:50.196+0000] {logging_mixin.py:190} INFO - [2024-11-16T06:44:50.195+0000] {dag.py:4180} INFO - Setting next_dagrun for example_dynamic_task_mapping to None, run_after=None
[2024-11-16T06:44:50.228+0000] {processor.py:208} INFO - Processing /home/airflow/.local/lib/python3.12/site-packages/airflow/example_dags/example_dynamic_task_mapping.py took 0.094 seconds
[2024-11-16T06:45:20.322+0000] {processor.py:186} INFO - Started process (PID=252) to work on /home/airflow/.local/lib/python3.12/site-packages/airflow/example_dags/example_dynamic_task_mapping.py
[2024-11-16T06:45:20.323+0000] {processor.py:914} INFO - Processing file /home/airflow/.local/lib/python3.12/site-packages/airflow/example_dags/example_dynamic_task_mapping.py for tasks to queue
[2024-11-16T06:45:20.325+0000] {logging_mixin.py:190} INFO - [2024-11-16T06:45:20.324+0000] {dagbag.py:588} INFO - Filling up the DagBag from /home/airflow/.local/lib/python3.12/site-packages/airflow/example_dags/example_dynamic_task_mapping.py
[2024-11-16T06:45:20.330+0000] {processor.py:925} INFO - DAG(s) 'example_dynamic_task_mapping' retrieved from /home/airflow/.local/lib/python3.12/site-packages/airflow/example_dags/example_dynamic_task_mapping.py
[2024-11-16T06:45:20.348+0000] {logging_mixin.py:190} INFO - [2024-11-16T06:45:20.348+0000] {dag.py:3239} INFO - Sync 1 DAGs
[2024-11-16T06:45:20.364+0000] {logging_mixin.py:190} INFO - [2024-11-16T06:45:20.364+0000] {dag.py:4180} INFO - Setting next_dagrun for example_dynamic_task_mapping to None, run_after=None
[2024-11-16T06:45:20.398+0000] {processor.py:208} INFO - Processing /home/airflow/.local/lib/python3.12/site-packages/airflow/example_dags/example_dynamic_task_mapping.py took 0.084 seconds
[2024-11-16T06:45:51.336+0000] {processor.py:186} INFO - Started process (PID=320) to work on /home/airflow/.local/lib/python3.12/site-packages/airflow/example_dags/example_dynamic_task_mapping.py
[2024-11-16T06:45:51.337+0000] {processor.py:914} INFO - Processing file /home/airflow/.local/lib/python3.12/site-packages/airflow/example_dags/example_dynamic_task_mapping.py for tasks to queue
[2024-11-16T06:45:51.338+0000] {logging_mixin.py:190} INFO - [2024-11-16T06:45:51.338+0000] {dagbag.py:588} INFO - Filling up the DagBag from /home/airflow/.local/lib/python3.12/site-packages/airflow/example_dags/example_dynamic_task_mapping.py
[2024-11-16T06:45:51.344+0000] {processor.py:925} INFO - DAG(s) 'example_dynamic_task_mapping' retrieved from /home/airflow/.local/lib/python3.12/site-packages/airflow/example_dags/example_dynamic_task_mapping.py
[2024-11-16T06:45:51.357+0000] {logging_mixin.py:190} INFO - [2024-11-16T06:45:51.356+0000] {dag.py:3239} INFO - Sync 1 DAGs
[2024-11-16T06:45:51.367+0000] {logging_mixin.py:190} INFO - [2024-11-16T06:45:51.367+0000] {dag.py:4180} INFO - Setting next_dagrun for example_dynamic_task_mapping to None, run_after=None
[2024-11-16T06:45:51.381+0000] {processor.py:208} INFO - Processing /home/airflow/.local/lib/python3.12/site-packages/airflow/example_dags/example_dynamic_task_mapping.py took 0.048 seconds
[2024-11-16T06:46:21.754+0000] {processor.py:186} INFO - Started process (PID=387) to work on /home/airflow/.local/lib/python3.12/site-packages/airflow/example_dags/example_dynamic_task_mapping.py
[2024-11-16T06:46:21.755+0000] {processor.py:914} INFO - Processing file /home/airflow/.local/lib/python3.12/site-packages/airflow/example_dags/example_dynamic_task_mapping.py for tasks to queue
[2024-11-16T06:46:21.756+0000] {logging_mixin.py:190} INFO - [2024-11-16T06:46:21.756+0000] {dagbag.py:588} INFO - Filling up the DagBag from /home/airflow/.local/lib/python3.12/site-packages/airflow/example_dags/example_dynamic_task_mapping.py
[2024-11-16T06:46:21.762+0000] {processor.py:925} INFO - DAG(s) 'example_dynamic_task_mapping' retrieved from /home/airflow/.local/lib/python3.12/site-packages/airflow/example_dags/example_dynamic_task_mapping.py
[2024-11-16T06:46:21.775+0000] {logging_mixin.py:190} INFO - [2024-11-16T06:46:21.774+0000] {dag.py:3239} INFO - Sync 1 DAGs
[2024-11-16T06:46:21.784+0000] {logging_mixin.py:190} INFO - [2024-11-16T06:46:21.784+0000] {dag.py:4180} INFO - Setting next_dagrun for example_dynamic_task_mapping to None, run_after=None
[2024-11-16T06:46:21.799+0000] {processor.py:208} INFO - Processing /home/airflow/.local/lib/python3.12/site-packages/airflow/example_dags/example_dynamic_task_mapping.py took 0.049 seconds
[2024-11-16T07:28:10.788+0000] {processor.py:186} INFO - Started process (PID=115) to work on /home/airflow/.local/lib/python3.12/site-packages/airflow/example_dags/example_dynamic_task_mapping.py
[2024-11-16T07:28:10.790+0000] {processor.py:914} INFO - Processing file /home/airflow/.local/lib/python3.12/site-packages/airflow/example_dags/example_dynamic_task_mapping.py for tasks to queue
[2024-11-16T07:28:10.792+0000] {logging_mixin.py:190} INFO - [2024-11-16T07:28:10.792+0000] {dagbag.py:588} INFO - Filling up the DagBag from /home/airflow/.local/lib/python3.12/site-packages/airflow/example_dags/example_dynamic_task_mapping.py
[2024-11-16T07:28:10.798+0000] {processor.py:925} INFO - DAG(s) 'example_dynamic_task_mapping' retrieved from /home/airflow/.local/lib/python3.12/site-packages/airflow/example_dags/example_dynamic_task_mapping.py
[2024-11-16T07:28:10.920+0000] {logging_mixin.py:190} INFO - [2024-11-16T07:28:10.919+0000] {override.py:1900} INFO - Created Permission View: can read on DAG:example_dynamic_task_mapping
[2024-11-16T07:28:10.930+0000] {logging_mixin.py:190} INFO - [2024-11-16T07:28:10.929+0000] {override.py:1900} INFO - Created Permission View: can edit on DAG:example_dynamic_task_mapping
[2024-11-16T07:28:10.939+0000] {logging_mixin.py:190} INFO - [2024-11-16T07:28:10.938+0000] {override.py:1900} INFO - Created Permission View: can delete on DAG:example_dynamic_task_mapping
[2024-11-16T07:28:10.949+0000] {logging_mixin.py:190} INFO - [2024-11-16T07:28:10.949+0000] {override.py:1900} INFO - Created Permission View: can read on DAG Run:example_dynamic_task_mapping
[2024-11-16T07:28:10.957+0000] {logging_mixin.py:190} INFO - [2024-11-16T07:28:10.957+0000] {override.py:1900} INFO - Created Permission View: menu access on DAG Run:example_dynamic_task_mapping
[2024-11-16T07:28:10.965+0000] {logging_mixin.py:190} INFO - [2024-11-16T07:28:10.965+0000] {override.py:1900} INFO - Created Permission View: can create on DAG Run:example_dynamic_task_mapping
[2024-11-16T07:28:10.973+0000] {logging_mixin.py:190} INFO - [2024-11-16T07:28:10.972+0000] {override.py:1900} INFO - Created Permission View: can delete on DAG Run:example_dynamic_task_mapping
[2024-11-16T07:28:10.973+0000] {logging_mixin.py:190} INFO - [2024-11-16T07:28:10.973+0000] {dag.py:3239} INFO - Sync 1 DAGs
[2024-11-16T07:28:10.984+0000] {logging_mixin.py:190} INFO - [2024-11-16T07:28:10.984+0000] {dag.py:3262} INFO - Creating ORM DAG for example_dynamic_task_mapping
[2024-11-16T07:28:10.984+0000] {logging_mixin.py:190} INFO - [2024-11-16T07:28:10.984+0000] {dag.py:4180} INFO - Setting next_dagrun for example_dynamic_task_mapping to None, run_after=None
[2024-11-16T07:28:10.998+0000] {processor.py:208} INFO - Processing /home/airflow/.local/lib/python3.12/site-packages/airflow/example_dags/example_dynamic_task_mapping.py took 0.214 seconds
[2024-11-16T07:28:41.677+0000] {processor.py:186} INFO - Started process (PID=182) to work on /home/airflow/.local/lib/python3.12/site-packages/airflow/example_dags/example_dynamic_task_mapping.py
[2024-11-16T07:28:41.677+0000] {processor.py:914} INFO - Processing file /home/airflow/.local/lib/python3.12/site-packages/airflow/example_dags/example_dynamic_task_mapping.py for tasks to queue
[2024-11-16T07:28:41.679+0000] {logging_mixin.py:190} INFO - [2024-11-16T07:28:41.679+0000] {dagbag.py:588} INFO - Filling up the DagBag from /home/airflow/.local/lib/python3.12/site-packages/airflow/example_dags/example_dynamic_task_mapping.py
[2024-11-16T07:28:41.688+0000] {processor.py:925} INFO - DAG(s) 'example_dynamic_task_mapping' retrieved from /home/airflow/.local/lib/python3.12/site-packages/airflow/example_dags/example_dynamic_task_mapping.py
[2024-11-16T07:28:41.707+0000] {logging_mixin.py:190} INFO - [2024-11-16T07:28:41.706+0000] {dag.py:3239} INFO - Sync 1 DAGs
[2024-11-16T07:28:41.721+0000] {logging_mixin.py:190} INFO - [2024-11-16T07:28:41.720+0000] {dag.py:4180} INFO - Setting next_dagrun for example_dynamic_task_mapping to None, run_after=None
[2024-11-16T07:28:41.742+0000] {processor.py:208} INFO - Processing /home/airflow/.local/lib/python3.12/site-packages/airflow/example_dags/example_dynamic_task_mapping.py took 0.070 seconds
[2024-11-16T07:29:44.602+0000] {processor.py:186} INFO - Started process (PID=250) to work on /home/airflow/.local/lib/python3.12/site-packages/airflow/example_dags/example_dynamic_task_mapping.py
[2024-11-16T07:29:44.603+0000] {processor.py:914} INFO - Processing file /home/airflow/.local/lib/python3.12/site-packages/airflow/example_dags/example_dynamic_task_mapping.py for tasks to queue
[2024-11-16T07:29:44.605+0000] {logging_mixin.py:190} INFO - [2024-11-16T07:29:44.605+0000] {dagbag.py:588} INFO - Filling up the DagBag from /home/airflow/.local/lib/python3.12/site-packages/airflow/example_dags/example_dynamic_task_mapping.py
[2024-11-16T07:29:44.611+0000] {processor.py:925} INFO - DAG(s) 'example_dynamic_task_mapping' retrieved from /home/airflow/.local/lib/python3.12/site-packages/airflow/example_dags/example_dynamic_task_mapping.py
[2024-11-16T07:29:44.628+0000] {logging_mixin.py:190} INFO - [2024-11-16T07:29:44.628+0000] {dag.py:3239} INFO - Sync 1 DAGs
[2024-11-16T07:29:44.640+0000] {logging_mixin.py:190} INFO - [2024-11-16T07:29:44.640+0000] {dag.py:4180} INFO - Setting next_dagrun for example_dynamic_task_mapping to None, run_after=None
[2024-11-16T07:29:44.658+0000] {processor.py:208} INFO - Processing /home/airflow/.local/lib/python3.12/site-packages/airflow/example_dags/example_dynamic_task_mapping.py took 0.060 seconds
[2024-11-16T07:30:15.373+0000] {processor.py:186} INFO - Started process (PID=317) to work on /home/airflow/.local/lib/python3.12/site-packages/airflow/example_dags/example_dynamic_task_mapping.py
[2024-11-16T07:30:15.373+0000] {processor.py:914} INFO - Processing file /home/airflow/.local/lib/python3.12/site-packages/airflow/example_dags/example_dynamic_task_mapping.py for tasks to queue
[2024-11-16T07:30:15.374+0000] {logging_mixin.py:190} INFO - [2024-11-16T07:30:15.374+0000] {dagbag.py:588} INFO - Filling up the DagBag from /home/airflow/.local/lib/python3.12/site-packages/airflow/example_dags/example_dynamic_task_mapping.py
[2024-11-16T07:30:15.380+0000] {processor.py:925} INFO - DAG(s) 'example_dynamic_task_mapping' retrieved from /home/airflow/.local/lib/python3.12/site-packages/airflow/example_dags/example_dynamic_task_mapping.py
[2024-11-16T07:30:15.393+0000] {logging_mixin.py:190} INFO - [2024-11-16T07:30:15.393+0000] {dag.py:3239} INFO - Sync 1 DAGs
[2024-11-16T07:30:15.402+0000] {logging_mixin.py:190} INFO - [2024-11-16T07:30:15.402+0000] {dag.py:4180} INFO - Setting next_dagrun for example_dynamic_task_mapping to None, run_after=None
[2024-11-16T07:30:15.416+0000] {processor.py:208} INFO - Processing /home/airflow/.local/lib/python3.12/site-packages/airflow/example_dags/example_dynamic_task_mapping.py took 0.047 seconds
[2024-11-16T07:30:46.433+0000] {processor.py:186} INFO - Started process (PID=384) to work on /home/airflow/.local/lib/python3.12/site-packages/airflow/example_dags/example_dynamic_task_mapping.py
[2024-11-16T07:30:46.434+0000] {processor.py:914} INFO - Processing file /home/airflow/.local/lib/python3.12/site-packages/airflow/example_dags/example_dynamic_task_mapping.py for tasks to queue
[2024-11-16T07:30:46.435+0000] {logging_mixin.py:190} INFO - [2024-11-16T07:30:46.434+0000] {dagbag.py:588} INFO - Filling up the DagBag from /home/airflow/.local/lib/python3.12/site-packages/airflow/example_dags/example_dynamic_task_mapping.py
[2024-11-16T07:30:46.442+0000] {processor.py:925} INFO - DAG(s) 'example_dynamic_task_mapping' retrieved from /home/airflow/.local/lib/python3.12/site-packages/airflow/example_dags/example_dynamic_task_mapping.py
[2024-11-16T07:30:46.459+0000] {logging_mixin.py:190} INFO - [2024-11-16T07:30:46.459+0000] {dag.py:3239} INFO - Sync 1 DAGs
[2024-11-16T07:30:46.473+0000] {logging_mixin.py:190} INFO - [2024-11-16T07:30:46.472+0000] {dag.py:4180} INFO - Setting next_dagrun for example_dynamic_task_mapping to None, run_after=None
[2024-11-16T07:30:46.495+0000] {processor.py:208} INFO - Processing /home/airflow/.local/lib/python3.12/site-packages/airflow/example_dags/example_dynamic_task_mapping.py took 0.066 seconds
[2024-11-16T07:31:17.505+0000] {processor.py:186} INFO - Started process (PID=451) to work on /home/airflow/.local/lib/python3.12/site-packages/airflow/example_dags/example_dynamic_task_mapping.py
[2024-11-16T07:31:17.505+0000] {processor.py:914} INFO - Processing file /home/airflow/.local/lib/python3.12/site-packages/airflow/example_dags/example_dynamic_task_mapping.py for tasks to queue
[2024-11-16T07:31:17.507+0000] {logging_mixin.py:190} INFO - [2024-11-16T07:31:17.506+0000] {dagbag.py:588} INFO - Filling up the DagBag from /home/airflow/.local/lib/python3.12/site-packages/airflow/example_dags/example_dynamic_task_mapping.py
[2024-11-16T07:31:17.513+0000] {processor.py:925} INFO - DAG(s) 'example_dynamic_task_mapping' retrieved from /home/airflow/.local/lib/python3.12/site-packages/airflow/example_dags/example_dynamic_task_mapping.py
[2024-11-16T07:31:17.528+0000] {logging_mixin.py:190} INFO - [2024-11-16T07:31:17.528+0000] {dag.py:3239} INFO - Sync 1 DAGs
[2024-11-16T07:31:17.538+0000] {logging_mixin.py:190} INFO - [2024-11-16T07:31:17.538+0000] {dag.py:4180} INFO - Setting next_dagrun for example_dynamic_task_mapping to None, run_after=None
[2024-11-16T07:31:17.553+0000] {processor.py:208} INFO - Processing /home/airflow/.local/lib/python3.12/site-packages/airflow/example_dags/example_dynamic_task_mapping.py took 0.054 seconds
[2024-11-16T07:31:48.642+0000] {processor.py:186} INFO - Started process (PID=518) to work on /home/airflow/.local/lib/python3.12/site-packages/airflow/example_dags/example_dynamic_task_mapping.py
[2024-11-16T07:31:48.643+0000] {processor.py:914} INFO - Processing file /home/airflow/.local/lib/python3.12/site-packages/airflow/example_dags/example_dynamic_task_mapping.py for tasks to queue
[2024-11-16T07:31:48.644+0000] {logging_mixin.py:190} INFO - [2024-11-16T07:31:48.643+0000] {dagbag.py:588} INFO - Filling up the DagBag from /home/airflow/.local/lib/python3.12/site-packages/airflow/example_dags/example_dynamic_task_mapping.py
[2024-11-16T07:31:48.650+0000] {processor.py:925} INFO - DAG(s) 'example_dynamic_task_mapping' retrieved from /home/airflow/.local/lib/python3.12/site-packages/airflow/example_dags/example_dynamic_task_mapping.py
[2024-11-16T07:31:48.663+0000] {logging_mixin.py:190} INFO - [2024-11-16T07:31:48.662+0000] {dag.py:3239} INFO - Sync 1 DAGs
[2024-11-16T07:31:48.671+0000] {logging_mixin.py:190} INFO - [2024-11-16T07:31:48.671+0000] {dag.py:4180} INFO - Setting next_dagrun for example_dynamic_task_mapping to None, run_after=None
[2024-11-16T07:31:48.683+0000] {processor.py:208} INFO - Processing /home/airflow/.local/lib/python3.12/site-packages/airflow/example_dags/example_dynamic_task_mapping.py took 0.045 seconds
[2024-11-16T07:32:18.777+0000] {processor.py:186} INFO - Started process (PID=584) to work on /home/airflow/.local/lib/python3.12/site-packages/airflow/example_dags/example_dynamic_task_mapping.py
[2024-11-16T07:32:18.778+0000] {processor.py:914} INFO - Processing file /home/airflow/.local/lib/python3.12/site-packages/airflow/example_dags/example_dynamic_task_mapping.py for tasks to queue
[2024-11-16T07:32:18.779+0000] {logging_mixin.py:190} INFO - [2024-11-16T07:32:18.778+0000] {dagbag.py:588} INFO - Filling up the DagBag from /home/airflow/.local/lib/python3.12/site-packages/airflow/example_dags/example_dynamic_task_mapping.py
[2024-11-16T07:32:18.784+0000] {processor.py:925} INFO - DAG(s) 'example_dynamic_task_mapping' retrieved from /home/airflow/.local/lib/python3.12/site-packages/airflow/example_dags/example_dynamic_task_mapping.py
[2024-11-16T07:32:18.796+0000] {logging_mixin.py:190} INFO - [2024-11-16T07:32:18.796+0000] {dag.py:3239} INFO - Sync 1 DAGs
[2024-11-16T07:32:18.805+0000] {logging_mixin.py:190} INFO - [2024-11-16T07:32:18.805+0000] {dag.py:4180} INFO - Setting next_dagrun for example_dynamic_task_mapping to None, run_after=None
[2024-11-16T07:32:18.817+0000] {processor.py:208} INFO - Processing /home/airflow/.local/lib/python3.12/site-packages/airflow/example_dags/example_dynamic_task_mapping.py took 0.044 seconds
[2024-11-16T07:32:49.012+0000] {processor.py:186} INFO - Started process (PID=651) to work on /home/airflow/.local/lib/python3.12/site-packages/airflow/example_dags/example_dynamic_task_mapping.py
[2024-11-16T07:32:49.012+0000] {processor.py:914} INFO - Processing file /home/airflow/.local/lib/python3.12/site-packages/airflow/example_dags/example_dynamic_task_mapping.py for tasks to queue
[2024-11-16T07:32:49.013+0000] {logging_mixin.py:190} INFO - [2024-11-16T07:32:49.013+0000] {dagbag.py:588} INFO - Filling up the DagBag from /home/airflow/.local/lib/python3.12/site-packages/airflow/example_dags/example_dynamic_task_mapping.py
[2024-11-16T07:32:49.019+0000] {processor.py:925} INFO - DAG(s) 'example_dynamic_task_mapping' retrieved from /home/airflow/.local/lib/python3.12/site-packages/airflow/example_dags/example_dynamic_task_mapping.py
[2024-11-16T07:32:49.031+0000] {logging_mixin.py:190} INFO - [2024-11-16T07:32:49.031+0000] {dag.py:3239} INFO - Sync 1 DAGs
[2024-11-16T07:32:49.040+0000] {logging_mixin.py:190} INFO - [2024-11-16T07:32:49.040+0000] {dag.py:4180} INFO - Setting next_dagrun for example_dynamic_task_mapping to None, run_after=None
[2024-11-16T07:32:49.051+0000] {processor.py:208} INFO - Processing /home/airflow/.local/lib/python3.12/site-packages/airflow/example_dags/example_dynamic_task_mapping.py took 0.044 seconds
[2024-11-16T07:33:19.748+0000] {processor.py:186} INFO - Started process (PID=718) to work on /home/airflow/.local/lib/python3.12/site-packages/airflow/example_dags/example_dynamic_task_mapping.py
[2024-11-16T07:33:19.749+0000] {processor.py:914} INFO - Processing file /home/airflow/.local/lib/python3.12/site-packages/airflow/example_dags/example_dynamic_task_mapping.py for tasks to queue
[2024-11-16T07:33:19.749+0000] {logging_mixin.py:190} INFO - [2024-11-16T07:33:19.749+0000] {dagbag.py:588} INFO - Filling up the DagBag from /home/airflow/.local/lib/python3.12/site-packages/airflow/example_dags/example_dynamic_task_mapping.py
[2024-11-16T07:33:19.755+0000] {processor.py:925} INFO - DAG(s) 'example_dynamic_task_mapping' retrieved from /home/airflow/.local/lib/python3.12/site-packages/airflow/example_dags/example_dynamic_task_mapping.py
[2024-11-16T07:33:19.766+0000] {logging_mixin.py:190} INFO - [2024-11-16T07:33:19.766+0000] {dag.py:3239} INFO - Sync 1 DAGs
[2024-11-16T07:33:19.775+0000] {logging_mixin.py:190} INFO - [2024-11-16T07:33:19.775+0000] {dag.py:4180} INFO - Setting next_dagrun for example_dynamic_task_mapping to None, run_after=None
[2024-11-16T07:33:19.787+0000] {processor.py:208} INFO - Processing /home/airflow/.local/lib/python3.12/site-packages/airflow/example_dags/example_dynamic_task_mapping.py took 0.043 seconds
[2024-11-16T07:33:50.655+0000] {processor.py:186} INFO - Started process (PID=785) to work on /home/airflow/.local/lib/python3.12/site-packages/airflow/example_dags/example_dynamic_task_mapping.py
[2024-11-16T07:33:50.656+0000] {processor.py:914} INFO - Processing file /home/airflow/.local/lib/python3.12/site-packages/airflow/example_dags/example_dynamic_task_mapping.py for tasks to queue
[2024-11-16T07:33:50.657+0000] {logging_mixin.py:190} INFO - [2024-11-16T07:33:50.656+0000] {dagbag.py:588} INFO - Filling up the DagBag from /home/airflow/.local/lib/python3.12/site-packages/airflow/example_dags/example_dynamic_task_mapping.py
[2024-11-16T07:33:50.662+0000] {processor.py:925} INFO - DAG(s) 'example_dynamic_task_mapping' retrieved from /home/airflow/.local/lib/python3.12/site-packages/airflow/example_dags/example_dynamic_task_mapping.py
[2024-11-16T07:33:50.674+0000] {logging_mixin.py:190} INFO - [2024-11-16T07:33:50.673+0000] {dag.py:3239} INFO - Sync 1 DAGs
[2024-11-16T07:33:50.682+0000] {logging_mixin.py:190} INFO - [2024-11-16T07:33:50.682+0000] {dag.py:4180} INFO - Setting next_dagrun for example_dynamic_task_mapping to None, run_after=None
[2024-11-16T07:33:50.696+0000] {processor.py:208} INFO - Processing /home/airflow/.local/lib/python3.12/site-packages/airflow/example_dags/example_dynamic_task_mapping.py took 0.044 seconds
[2024-11-16T07:34:21.597+0000] {processor.py:186} INFO - Started process (PID=852) to work on /home/airflow/.local/lib/python3.12/site-packages/airflow/example_dags/example_dynamic_task_mapping.py
[2024-11-16T07:34:21.598+0000] {processor.py:914} INFO - Processing file /home/airflow/.local/lib/python3.12/site-packages/airflow/example_dags/example_dynamic_task_mapping.py for tasks to queue
[2024-11-16T07:34:21.599+0000] {logging_mixin.py:190} INFO - [2024-11-16T07:34:21.598+0000] {dagbag.py:588} INFO - Filling up the DagBag from /home/airflow/.local/lib/python3.12/site-packages/airflow/example_dags/example_dynamic_task_mapping.py
[2024-11-16T07:34:21.604+0000] {processor.py:925} INFO - DAG(s) 'example_dynamic_task_mapping' retrieved from /home/airflow/.local/lib/python3.12/site-packages/airflow/example_dags/example_dynamic_task_mapping.py
[2024-11-16T07:34:21.616+0000] {logging_mixin.py:190} INFO - [2024-11-16T07:34:21.616+0000] {dag.py:3239} INFO - Sync 1 DAGs
[2024-11-16T07:34:21.625+0000] {logging_mixin.py:190} INFO - [2024-11-16T07:34:21.624+0000] {dag.py:4180} INFO - Setting next_dagrun for example_dynamic_task_mapping to None, run_after=None
[2024-11-16T07:34:21.638+0000] {processor.py:208} INFO - Processing /home/airflow/.local/lib/python3.12/site-packages/airflow/example_dags/example_dynamic_task_mapping.py took 0.044 seconds
[2024-11-16T07:34:52.580+0000] {processor.py:186} INFO - Started process (PID=919) to work on /home/airflow/.local/lib/python3.12/site-packages/airflow/example_dags/example_dynamic_task_mapping.py
[2024-11-16T07:34:52.581+0000] {processor.py:914} INFO - Processing file /home/airflow/.local/lib/python3.12/site-packages/airflow/example_dags/example_dynamic_task_mapping.py for tasks to queue
[2024-11-16T07:34:52.581+0000] {logging_mixin.py:190} INFO - [2024-11-16T07:34:52.581+0000] {dagbag.py:588} INFO - Filling up the DagBag from /home/airflow/.local/lib/python3.12/site-packages/airflow/example_dags/example_dynamic_task_mapping.py
[2024-11-16T07:34:52.588+0000] {processor.py:925} INFO - DAG(s) 'example_dynamic_task_mapping' retrieved from /home/airflow/.local/lib/python3.12/site-packages/airflow/example_dags/example_dynamic_task_mapping.py
[2024-11-16T07:34:52.604+0000] {logging_mixin.py:190} INFO - [2024-11-16T07:34:52.604+0000] {dag.py:3239} INFO - Sync 1 DAGs
[2024-11-16T07:34:52.614+0000] {logging_mixin.py:190} INFO - [2024-11-16T07:34:52.614+0000] {dag.py:4180} INFO - Setting next_dagrun for example_dynamic_task_mapping to None, run_after=None
[2024-11-16T07:34:52.633+0000] {processor.py:208} INFO - Processing /home/airflow/.local/lib/python3.12/site-packages/airflow/example_dags/example_dynamic_task_mapping.py took 0.058 seconds
[2024-11-16T07:35:24.255+0000] {processor.py:186} INFO - Started process (PID=985) to work on /home/airflow/.local/lib/python3.12/site-packages/airflow/example_dags/example_dynamic_task_mapping.py
[2024-11-16T07:35:24.257+0000] {processor.py:914} INFO - Processing file /home/airflow/.local/lib/python3.12/site-packages/airflow/example_dags/example_dynamic_task_mapping.py for tasks to queue
[2024-11-16T07:35:24.258+0000] {logging_mixin.py:190} INFO - [2024-11-16T07:35:24.258+0000] {dagbag.py:588} INFO - Filling up the DagBag from /home/airflow/.local/lib/python3.12/site-packages/airflow/example_dags/example_dynamic_task_mapping.py
[2024-11-16T07:35:24.274+0000] {processor.py:925} INFO - DAG(s) 'example_dynamic_task_mapping' retrieved from /home/airflow/.local/lib/python3.12/site-packages/airflow/example_dags/example_dynamic_task_mapping.py
[2024-11-16T07:35:24.308+0000] {logging_mixin.py:190} INFO - [2024-11-16T07:35:24.307+0000] {dag.py:3239} INFO - Sync 1 DAGs
[2024-11-16T07:35:24.325+0000] {logging_mixin.py:190} INFO - [2024-11-16T07:35:24.324+0000] {dag.py:4180} INFO - Setting next_dagrun for example_dynamic_task_mapping to None, run_after=None
[2024-11-16T07:35:24.356+0000] {processor.py:208} INFO - Processing /home/airflow/.local/lib/python3.12/site-packages/airflow/example_dags/example_dynamic_task_mapping.py took 0.112 seconds
[2024-11-16T07:35:55.209+0000] {processor.py:186} INFO - Started process (PID=1053) to work on /home/airflow/.local/lib/python3.12/site-packages/airflow/example_dags/example_dynamic_task_mapping.py
[2024-11-16T07:35:55.210+0000] {processor.py:914} INFO - Processing file /home/airflow/.local/lib/python3.12/site-packages/airflow/example_dags/example_dynamic_task_mapping.py for tasks to queue
[2024-11-16T07:35:55.213+0000] {logging_mixin.py:190} INFO - [2024-11-16T07:35:55.212+0000] {dagbag.py:588} INFO - Filling up the DagBag from /home/airflow/.local/lib/python3.12/site-packages/airflow/example_dags/example_dynamic_task_mapping.py
[2024-11-16T07:35:55.223+0000] {processor.py:925} INFO - DAG(s) 'example_dynamic_task_mapping' retrieved from /home/airflow/.local/lib/python3.12/site-packages/airflow/example_dags/example_dynamic_task_mapping.py
[2024-11-16T07:35:55.241+0000] {logging_mixin.py:190} INFO - [2024-11-16T07:35:55.241+0000] {dag.py:3239} INFO - Sync 1 DAGs
[2024-11-16T07:35:55.254+0000] {logging_mixin.py:190} INFO - [2024-11-16T07:35:55.254+0000] {dag.py:4180} INFO - Setting next_dagrun for example_dynamic_task_mapping to None, run_after=None
[2024-11-16T07:35:55.272+0000] {processor.py:208} INFO - Processing /home/airflow/.local/lib/python3.12/site-packages/airflow/example_dags/example_dynamic_task_mapping.py took 0.068 seconds
[2024-11-16T07:36:25.460+0000] {processor.py:186} INFO - Started process (PID=1120) to work on /home/airflow/.local/lib/python3.12/site-packages/airflow/example_dags/example_dynamic_task_mapping.py
[2024-11-16T07:36:25.461+0000] {processor.py:914} INFO - Processing file /home/airflow/.local/lib/python3.12/site-packages/airflow/example_dags/example_dynamic_task_mapping.py for tasks to queue
[2024-11-16T07:36:25.461+0000] {logging_mixin.py:190} INFO - [2024-11-16T07:36:25.461+0000] {dagbag.py:588} INFO - Filling up the DagBag from /home/airflow/.local/lib/python3.12/site-packages/airflow/example_dags/example_dynamic_task_mapping.py
[2024-11-16T07:36:25.467+0000] {processor.py:925} INFO - DAG(s) 'example_dynamic_task_mapping' retrieved from /home/airflow/.local/lib/python3.12/site-packages/airflow/example_dags/example_dynamic_task_mapping.py
[2024-11-16T07:36:25.480+0000] {logging_mixin.py:190} INFO - [2024-11-16T07:36:25.480+0000] {dag.py:3239} INFO - Sync 1 DAGs
[2024-11-16T07:36:25.490+0000] {logging_mixin.py:190} INFO - [2024-11-16T07:36:25.489+0000] {dag.py:4180} INFO - Setting next_dagrun for example_dynamic_task_mapping to None, run_after=None
[2024-11-16T07:36:25.504+0000] {processor.py:208} INFO - Processing /home/airflow/.local/lib/python3.12/site-packages/airflow/example_dags/example_dynamic_task_mapping.py took 0.048 seconds
[2024-11-16T07:36:55.766+0000] {processor.py:186} INFO - Started process (PID=1186) to work on /home/airflow/.local/lib/python3.12/site-packages/airflow/example_dags/example_dynamic_task_mapping.py
[2024-11-16T07:36:55.767+0000] {processor.py:914} INFO - Processing file /home/airflow/.local/lib/python3.12/site-packages/airflow/example_dags/example_dynamic_task_mapping.py for tasks to queue
[2024-11-16T07:36:55.768+0000] {logging_mixin.py:190} INFO - [2024-11-16T07:36:55.767+0000] {dagbag.py:588} INFO - Filling up the DagBag from /home/airflow/.local/lib/python3.12/site-packages/airflow/example_dags/example_dynamic_task_mapping.py
[2024-11-16T07:36:55.774+0000] {processor.py:925} INFO - DAG(s) 'example_dynamic_task_mapping' retrieved from /home/airflow/.local/lib/python3.12/site-packages/airflow/example_dags/example_dynamic_task_mapping.py
[2024-11-16T07:36:55.787+0000] {logging_mixin.py:190} INFO - [2024-11-16T07:36:55.787+0000] {dag.py:3239} INFO - Sync 1 DAGs
[2024-11-16T07:36:55.797+0000] {logging_mixin.py:190} INFO - [2024-11-16T07:36:55.797+0000] {dag.py:4180} INFO - Setting next_dagrun for example_dynamic_task_mapping to None, run_after=None
[2024-11-16T07:36:55.814+0000] {processor.py:208} INFO - Processing /home/airflow/.local/lib/python3.12/site-packages/airflow/example_dags/example_dynamic_task_mapping.py took 0.051 seconds
[2024-11-16T07:37:26.203+0000] {processor.py:186} INFO - Started process (PID=1257) to work on /home/airflow/.local/lib/python3.12/site-packages/airflow/example_dags/example_dynamic_task_mapping.py
[2024-11-16T07:37:26.205+0000] {processor.py:914} INFO - Processing file /home/airflow/.local/lib/python3.12/site-packages/airflow/example_dags/example_dynamic_task_mapping.py for tasks to queue
[2024-11-16T07:37:26.206+0000] {logging_mixin.py:190} INFO - [2024-11-16T07:37:26.206+0000] {dagbag.py:588} INFO - Filling up the DagBag from /home/airflow/.local/lib/python3.12/site-packages/airflow/example_dags/example_dynamic_task_mapping.py
[2024-11-16T07:37:26.214+0000] {processor.py:925} INFO - DAG(s) 'example_dynamic_task_mapping' retrieved from /home/airflow/.local/lib/python3.12/site-packages/airflow/example_dags/example_dynamic_task_mapping.py
[2024-11-16T07:37:26.238+0000] {logging_mixin.py:190} INFO - [2024-11-16T07:37:26.237+0000] {dag.py:3239} INFO - Sync 1 DAGs
[2024-11-16T07:37:26.253+0000] {logging_mixin.py:190} INFO - [2024-11-16T07:37:26.253+0000] {dag.py:4180} INFO - Setting next_dagrun for example_dynamic_task_mapping to None, run_after=None
[2024-11-16T07:37:26.275+0000] {processor.py:208} INFO - Processing /home/airflow/.local/lib/python3.12/site-packages/airflow/example_dags/example_dynamic_task_mapping.py took 0.076 seconds
[2024-11-16T07:37:56.841+0000] {processor.py:186} INFO - Started process (PID=1324) to work on /home/airflow/.local/lib/python3.12/site-packages/airflow/example_dags/example_dynamic_task_mapping.py
[2024-11-16T07:37:56.842+0000] {processor.py:914} INFO - Processing file /home/airflow/.local/lib/python3.12/site-packages/airflow/example_dags/example_dynamic_task_mapping.py for tasks to queue
[2024-11-16T07:37:56.843+0000] {logging_mixin.py:190} INFO - [2024-11-16T07:37:56.843+0000] {dagbag.py:588} INFO - Filling up the DagBag from /home/airflow/.local/lib/python3.12/site-packages/airflow/example_dags/example_dynamic_task_mapping.py
[2024-11-16T07:37:56.850+0000] {processor.py:925} INFO - DAG(s) 'example_dynamic_task_mapping' retrieved from /home/airflow/.local/lib/python3.12/site-packages/airflow/example_dags/example_dynamic_task_mapping.py
[2024-11-16T07:37:56.865+0000] {logging_mixin.py:190} INFO - [2024-11-16T07:37:56.865+0000] {dag.py:3239} INFO - Sync 1 DAGs
[2024-11-16T07:37:56.875+0000] {logging_mixin.py:190} INFO - [2024-11-16T07:37:56.874+0000] {dag.py:4180} INFO - Setting next_dagrun for example_dynamic_task_mapping to None, run_after=None
[2024-11-16T07:37:56.889+0000] {processor.py:208} INFO - Processing /home/airflow/.local/lib/python3.12/site-packages/airflow/example_dags/example_dynamic_task_mapping.py took 0.053 seconds
[2024-11-16T07:38:27.342+0000] {processor.py:186} INFO - Started process (PID=1391) to work on /home/airflow/.local/lib/python3.12/site-packages/airflow/example_dags/example_dynamic_task_mapping.py
[2024-11-16T07:38:27.343+0000] {processor.py:914} INFO - Processing file /home/airflow/.local/lib/python3.12/site-packages/airflow/example_dags/example_dynamic_task_mapping.py for tasks to queue
[2024-11-16T07:38:27.343+0000] {logging_mixin.py:190} INFO - [2024-11-16T07:38:27.343+0000] {dagbag.py:588} INFO - Filling up the DagBag from /home/airflow/.local/lib/python3.12/site-packages/airflow/example_dags/example_dynamic_task_mapping.py
[2024-11-16T07:38:27.350+0000] {processor.py:925} INFO - DAG(s) 'example_dynamic_task_mapping' retrieved from /home/airflow/.local/lib/python3.12/site-packages/airflow/example_dags/example_dynamic_task_mapping.py
[2024-11-16T07:38:27.364+0000] {logging_mixin.py:190} INFO - [2024-11-16T07:38:27.364+0000] {dag.py:3239} INFO - Sync 1 DAGs
[2024-11-16T07:38:27.375+0000] {logging_mixin.py:190} INFO - [2024-11-16T07:38:27.374+0000] {dag.py:4180} INFO - Setting next_dagrun for example_dynamic_task_mapping to None, run_after=None
[2024-11-16T07:38:27.390+0000] {processor.py:208} INFO - Processing /home/airflow/.local/lib/python3.12/site-packages/airflow/example_dags/example_dynamic_task_mapping.py took 0.053 seconds
[2024-11-16T07:38:57.983+0000] {processor.py:186} INFO - Started process (PID=1458) to work on /home/airflow/.local/lib/python3.12/site-packages/airflow/example_dags/example_dynamic_task_mapping.py
[2024-11-16T07:38:57.984+0000] {processor.py:914} INFO - Processing file /home/airflow/.local/lib/python3.12/site-packages/airflow/example_dags/example_dynamic_task_mapping.py for tasks to queue
[2024-11-16T07:38:57.985+0000] {logging_mixin.py:190} INFO - [2024-11-16T07:38:57.985+0000] {dagbag.py:588} INFO - Filling up the DagBag from /home/airflow/.local/lib/python3.12/site-packages/airflow/example_dags/example_dynamic_task_mapping.py
[2024-11-16T07:38:57.992+0000] {processor.py:925} INFO - DAG(s) 'example_dynamic_task_mapping' retrieved from /home/airflow/.local/lib/python3.12/site-packages/airflow/example_dags/example_dynamic_task_mapping.py
[2024-11-16T07:38:58.007+0000] {logging_mixin.py:190} INFO - [2024-11-16T07:38:58.007+0000] {dag.py:3239} INFO - Sync 1 DAGs
[2024-11-16T07:38:58.018+0000] {logging_mixin.py:190} INFO - [2024-11-16T07:38:58.018+0000] {dag.py:4180} INFO - Setting next_dagrun for example_dynamic_task_mapping to None, run_after=None
[2024-11-16T07:38:58.034+0000] {processor.py:208} INFO - Processing /home/airflow/.local/lib/python3.12/site-packages/airflow/example_dags/example_dynamic_task_mapping.py took 0.055 seconds
[2024-11-16T07:39:28.335+0000] {processor.py:186} INFO - Started process (PID=1525) to work on /home/airflow/.local/lib/python3.12/site-packages/airflow/example_dags/example_dynamic_task_mapping.py
[2024-11-16T07:39:28.336+0000] {processor.py:914} INFO - Processing file /home/airflow/.local/lib/python3.12/site-packages/airflow/example_dags/example_dynamic_task_mapping.py for tasks to queue
[2024-11-16T07:39:28.337+0000] {logging_mixin.py:190} INFO - [2024-11-16T07:39:28.336+0000] {dagbag.py:588} INFO - Filling up the DagBag from /home/airflow/.local/lib/python3.12/site-packages/airflow/example_dags/example_dynamic_task_mapping.py
[2024-11-16T07:39:28.343+0000] {processor.py:925} INFO - DAG(s) 'example_dynamic_task_mapping' retrieved from /home/airflow/.local/lib/python3.12/site-packages/airflow/example_dags/example_dynamic_task_mapping.py
[2024-11-16T07:39:28.356+0000] {logging_mixin.py:190} INFO - [2024-11-16T07:39:28.356+0000] {dag.py:3239} INFO - Sync 1 DAGs
[2024-11-16T07:39:28.366+0000] {logging_mixin.py:190} INFO - [2024-11-16T07:39:28.366+0000] {dag.py:4180} INFO - Setting next_dagrun for example_dynamic_task_mapping to None, run_after=None
[2024-11-16T07:39:28.381+0000] {processor.py:208} INFO - Processing /home/airflow/.local/lib/python3.12/site-packages/airflow/example_dags/example_dynamic_task_mapping.py took 0.050 seconds
[2024-11-16T07:39:58.751+0000] {processor.py:186} INFO - Started process (PID=1591) to work on /home/airflow/.local/lib/python3.12/site-packages/airflow/example_dags/example_dynamic_task_mapping.py
[2024-11-16T07:39:58.752+0000] {processor.py:914} INFO - Processing file /home/airflow/.local/lib/python3.12/site-packages/airflow/example_dags/example_dynamic_task_mapping.py for tasks to queue
[2024-11-16T07:39:58.753+0000] {logging_mixin.py:190} INFO - [2024-11-16T07:39:58.753+0000] {dagbag.py:588} INFO - Filling up the DagBag from /home/airflow/.local/lib/python3.12/site-packages/airflow/example_dags/example_dynamic_task_mapping.py
[2024-11-16T07:39:58.759+0000] {processor.py:925} INFO - DAG(s) 'example_dynamic_task_mapping' retrieved from /home/airflow/.local/lib/python3.12/site-packages/airflow/example_dags/example_dynamic_task_mapping.py
[2024-11-16T07:39:58.775+0000] {logging_mixin.py:190} INFO - [2024-11-16T07:39:58.775+0000] {dag.py:3239} INFO - Sync 1 DAGs
[2024-11-16T07:39:58.789+0000] {logging_mixin.py:190} INFO - [2024-11-16T07:39:58.788+0000] {dag.py:4180} INFO - Setting next_dagrun for example_dynamic_task_mapping to None, run_after=None
[2024-11-16T07:39:58.804+0000] {processor.py:208} INFO - Processing /home/airflow/.local/lib/python3.12/site-packages/airflow/example_dags/example_dynamic_task_mapping.py took 0.057 seconds
