[2024-11-16T04:35:38.884+0000] {processor.py:186} INFO - Started process (PID=120) to work on /home/airflow/.local/lib/python3.12/site-packages/airflow/example_dags/example_params_ui_tutorial.py
[2024-11-16T04:35:38.886+0000] {processor.py:914} INFO - Processing file /home/airflow/.local/lib/python3.12/site-packages/airflow/example_dags/example_params_ui_tutorial.py for tasks to queue
[2024-11-16T04:35:38.893+0000] {logging_mixin.py:190} INFO - [2024-11-16T04:35:38.891+0000] {dagbag.py:588} INFO - Filling up the DagBag from /home/airflow/.local/lib/python3.12/site-packages/airflow/example_dags/example_params_ui_tutorial.py
[2024-11-16T04:35:38.914+0000] {processor.py:925} INFO - DAG(s) 'example_params_ui_tutorial' retrieved from /home/airflow/.local/lib/python3.12/site-packages/airflow/example_dags/example_params_ui_tutorial.py
[2024-11-16T04:35:39.323+0000] {logging_mixin.py:190} INFO - [2024-11-16T04:35:39.323+0000] {dag.py:3239} INFO - Sync 1 DAGs
[2024-11-16T04:35:39.346+0000] {logging_mixin.py:190} INFO - [2024-11-16T04:35:39.346+0000] {dag.py:4180} INFO - Setting next_dagrun for example_params_ui_tutorial to None, run_after=None
[2024-11-16T04:35:39.382+0000] {processor.py:208} INFO - Processing /home/airflow/.local/lib/python3.12/site-packages/airflow/example_dags/example_params_ui_tutorial.py took 0.508 seconds
[2024-11-16T04:54:30.110+0000] {processor.py:186} INFO - Started process (PID=112) to work on /home/airflow/.local/lib/python3.12/site-packages/airflow/example_dags/example_params_ui_tutorial.py
[2024-11-16T04:54:30.110+0000] {processor.py:914} INFO - Processing file /home/airflow/.local/lib/python3.12/site-packages/airflow/example_dags/example_params_ui_tutorial.py for tasks to queue
[2024-11-16T04:54:30.112+0000] {logging_mixin.py:190} INFO - [2024-11-16T04:54:30.112+0000] {dagbag.py:588} INFO - Filling up the DagBag from /home/airflow/.local/lib/python3.12/site-packages/airflow/example_dags/example_params_ui_tutorial.py
[2024-11-16T04:54:30.120+0000] {processor.py:925} INFO - DAG(s) 'example_params_ui_tutorial' retrieved from /home/airflow/.local/lib/python3.12/site-packages/airflow/example_dags/example_params_ui_tutorial.py
[2024-11-16T04:54:30.228+0000] {logging_mixin.py:190} INFO - [2024-11-16T04:54:30.228+0000] {dag.py:3239} INFO - Sync 1 DAGs
[2024-11-16T04:54:30.240+0000] {logging_mixin.py:190} INFO - [2024-11-16T04:54:30.240+0000] {dag.py:4180} INFO - Setting next_dagrun for example_params_ui_tutorial to None, run_after=None
[2024-11-16T04:54:30.263+0000] {processor.py:208} INFO - Processing /home/airflow/.local/lib/python3.12/site-packages/airflow/example_dags/example_params_ui_tutorial.py took 0.157 seconds
[2024-11-16T04:55:01.317+0000] {processor.py:186} INFO - Started process (PID=184) to work on /home/airflow/.local/lib/python3.12/site-packages/airflow/example_dags/example_params_ui_tutorial.py
[2024-11-16T04:55:01.318+0000] {processor.py:914} INFO - Processing file /home/airflow/.local/lib/python3.12/site-packages/airflow/example_dags/example_params_ui_tutorial.py for tasks to queue
[2024-11-16T04:55:01.321+0000] {logging_mixin.py:190} INFO - [2024-11-16T04:55:01.320+0000] {dagbag.py:588} INFO - Filling up the DagBag from /home/airflow/.local/lib/python3.12/site-packages/airflow/example_dags/example_params_ui_tutorial.py
[2024-11-16T04:55:01.333+0000] {processor.py:925} INFO - DAG(s) 'example_params_ui_tutorial' retrieved from /home/airflow/.local/lib/python3.12/site-packages/airflow/example_dags/example_params_ui_tutorial.py
[2024-11-16T04:55:01.384+0000] {logging_mixin.py:190} INFO - [2024-11-16T04:55:01.384+0000] {dag.py:3239} INFO - Sync 1 DAGs
[2024-11-16T04:55:01.400+0000] {logging_mixin.py:190} INFO - [2024-11-16T04:55:01.400+0000] {dag.py:4180} INFO - Setting next_dagrun for example_params_ui_tutorial to None, run_after=None
[2024-11-16T04:55:01.426+0000] {processor.py:208} INFO - Processing /home/airflow/.local/lib/python3.12/site-packages/airflow/example_dags/example_params_ui_tutorial.py took 0.116 seconds
[2024-11-16T04:57:56.419+0000] {processor.py:186} INFO - Started process (PID=262) to work on /home/airflow/.local/lib/python3.12/site-packages/airflow/example_dags/example_params_ui_tutorial.py
[2024-11-16T04:57:56.421+0000] {processor.py:914} INFO - Processing file /home/airflow/.local/lib/python3.12/site-packages/airflow/example_dags/example_params_ui_tutorial.py for tasks to queue
[2024-11-16T04:57:56.422+0000] {logging_mixin.py:190} INFO - [2024-11-16T04:57:56.422+0000] {dagbag.py:588} INFO - Filling up the DagBag from /home/airflow/.local/lib/python3.12/site-packages/airflow/example_dags/example_params_ui_tutorial.py
[2024-11-16T04:57:56.439+0000] {processor.py:925} INFO - DAG(s) 'example_params_ui_tutorial' retrieved from /home/airflow/.local/lib/python3.12/site-packages/airflow/example_dags/example_params_ui_tutorial.py
[2024-11-16T04:57:56.541+0000] {logging_mixin.py:190} INFO - [2024-11-16T04:57:56.540+0000] {dag.py:3239} INFO - Sync 1 DAGs
[2024-11-16T04:57:56.562+0000] {logging_mixin.py:190} INFO - [2024-11-16T04:57:56.562+0000] {dag.py:4180} INFO - Setting next_dagrun for example_params_ui_tutorial to None, run_after=None
[2024-11-16T04:57:56.590+0000] {processor.py:208} INFO - Processing /home/airflow/.local/lib/python3.12/site-packages/airflow/example_dags/example_params_ui_tutorial.py took 0.179 seconds
[2024-11-16T04:59:28.450+0000] {processor.py:186} INFO - Started process (PID=94) to work on /home/airflow/.local/lib/python3.12/site-packages/airflow/example_dags/example_params_ui_tutorial.py
[2024-11-16T04:59:28.451+0000] {processor.py:914} INFO - Processing file /home/airflow/.local/lib/python3.12/site-packages/airflow/example_dags/example_params_ui_tutorial.py for tasks to queue
[2024-11-16T04:59:28.452+0000] {logging_mixin.py:190} INFO - [2024-11-16T04:59:28.452+0000] {dagbag.py:588} INFO - Filling up the DagBag from /home/airflow/.local/lib/python3.12/site-packages/airflow/example_dags/example_params_ui_tutorial.py
[2024-11-16T04:59:28.458+0000] {processor.py:925} INFO - DAG(s) 'example_params_ui_tutorial' retrieved from /home/airflow/.local/lib/python3.12/site-packages/airflow/example_dags/example_params_ui_tutorial.py
[2024-11-16T04:59:28.491+0000] {logging_mixin.py:190} INFO - [2024-11-16T04:59:28.490+0000] {dag.py:3239} INFO - Sync 1 DAGs
[2024-11-16T04:59:28.503+0000] {logging_mixin.py:190} INFO - [2024-11-16T04:59:28.503+0000] {dag.py:4180} INFO - Setting next_dagrun for example_params_ui_tutorial to None, run_after=None
[2024-11-16T04:59:28.521+0000] {processor.py:208} INFO - Processing /home/airflow/.local/lib/python3.12/site-packages/airflow/example_dags/example_params_ui_tutorial.py took 0.075 seconds
[2024-11-16T04:59:58.893+0000] {processor.py:186} INFO - Started process (PID=161) to work on /home/airflow/.local/lib/python3.12/site-packages/airflow/example_dags/example_params_ui_tutorial.py
[2024-11-16T04:59:58.894+0000] {processor.py:914} INFO - Processing file /home/airflow/.local/lib/python3.12/site-packages/airflow/example_dags/example_params_ui_tutorial.py for tasks to queue
[2024-11-16T04:59:58.895+0000] {logging_mixin.py:190} INFO - [2024-11-16T04:59:58.895+0000] {dagbag.py:588} INFO - Filling up the DagBag from /home/airflow/.local/lib/python3.12/site-packages/airflow/example_dags/example_params_ui_tutorial.py
[2024-11-16T04:59:58.902+0000] {processor.py:925} INFO - DAG(s) 'example_params_ui_tutorial' retrieved from /home/airflow/.local/lib/python3.12/site-packages/airflow/example_dags/example_params_ui_tutorial.py
[2024-11-16T04:59:58.936+0000] {logging_mixin.py:190} INFO - [2024-11-16T04:59:58.936+0000] {dag.py:3239} INFO - Sync 1 DAGs
[2024-11-16T04:59:58.947+0000] {logging_mixin.py:190} INFO - [2024-11-16T04:59:58.947+0000] {dag.py:4180} INFO - Setting next_dagrun for example_params_ui_tutorial to None, run_after=None
[2024-11-16T04:59:58.964+0000] {processor.py:208} INFO - Processing /home/airflow/.local/lib/python3.12/site-packages/airflow/example_dags/example_params_ui_tutorial.py took 0.075 seconds
[2024-11-16T05:00:29.257+0000] {processor.py:186} INFO - Started process (PID=229) to work on /home/airflow/.local/lib/python3.12/site-packages/airflow/example_dags/example_params_ui_tutorial.py
[2024-11-16T05:00:29.258+0000] {processor.py:914} INFO - Processing file /home/airflow/.local/lib/python3.12/site-packages/airflow/example_dags/example_params_ui_tutorial.py for tasks to queue
[2024-11-16T05:00:29.259+0000] {logging_mixin.py:190} INFO - [2024-11-16T05:00:29.259+0000] {dagbag.py:588} INFO - Filling up the DagBag from /home/airflow/.local/lib/python3.12/site-packages/airflow/example_dags/example_params_ui_tutorial.py
[2024-11-16T05:00:29.266+0000] {processor.py:925} INFO - DAG(s) 'example_params_ui_tutorial' retrieved from /home/airflow/.local/lib/python3.12/site-packages/airflow/example_dags/example_params_ui_tutorial.py
[2024-11-16T05:00:29.296+0000] {logging_mixin.py:190} INFO - [2024-11-16T05:00:29.296+0000] {dag.py:3239} INFO - Sync 1 DAGs
[2024-11-16T05:00:29.306+0000] {logging_mixin.py:190} INFO - [2024-11-16T05:00:29.305+0000] {dag.py:4180} INFO - Setting next_dagrun for example_params_ui_tutorial to None, run_after=None
[2024-11-16T05:00:29.320+0000] {processor.py:208} INFO - Processing /home/airflow/.local/lib/python3.12/site-packages/airflow/example_dags/example_params_ui_tutorial.py took 0.066 seconds
[2024-11-16T05:01:00.085+0000] {processor.py:186} INFO - Started process (PID=303) to work on /home/airflow/.local/lib/python3.12/site-packages/airflow/example_dags/example_params_ui_tutorial.py
[2024-11-16T05:01:00.086+0000] {processor.py:914} INFO - Processing file /home/airflow/.local/lib/python3.12/site-packages/airflow/example_dags/example_params_ui_tutorial.py for tasks to queue
[2024-11-16T05:01:00.087+0000] {logging_mixin.py:190} INFO - [2024-11-16T05:01:00.087+0000] {dagbag.py:588} INFO - Filling up the DagBag from /home/airflow/.local/lib/python3.12/site-packages/airflow/example_dags/example_params_ui_tutorial.py
[2024-11-16T05:01:00.093+0000] {processor.py:925} INFO - DAG(s) 'example_params_ui_tutorial' retrieved from /home/airflow/.local/lib/python3.12/site-packages/airflow/example_dags/example_params_ui_tutorial.py
[2024-11-16T05:01:00.123+0000] {logging_mixin.py:190} INFO - [2024-11-16T05:01:00.123+0000] {dag.py:3239} INFO - Sync 1 DAGs
[2024-11-16T05:01:00.134+0000] {logging_mixin.py:190} INFO - [2024-11-16T05:01:00.134+0000] {dag.py:4180} INFO - Setting next_dagrun for example_params_ui_tutorial to None, run_after=None
[2024-11-16T05:01:00.150+0000] {processor.py:208} INFO - Processing /home/airflow/.local/lib/python3.12/site-packages/airflow/example_dags/example_params_ui_tutorial.py took 0.069 seconds
[2024-11-16T05:01:31.051+0000] {processor.py:186} INFO - Started process (PID=371) to work on /home/airflow/.local/lib/python3.12/site-packages/airflow/example_dags/example_params_ui_tutorial.py
[2024-11-16T05:01:31.052+0000] {processor.py:914} INFO - Processing file /home/airflow/.local/lib/python3.12/site-packages/airflow/example_dags/example_params_ui_tutorial.py for tasks to queue
[2024-11-16T05:01:31.054+0000] {logging_mixin.py:190} INFO - [2024-11-16T05:01:31.054+0000] {dagbag.py:588} INFO - Filling up the DagBag from /home/airflow/.local/lib/python3.12/site-packages/airflow/example_dags/example_params_ui_tutorial.py
[2024-11-16T05:01:31.062+0000] {processor.py:925} INFO - DAG(s) 'example_params_ui_tutorial' retrieved from /home/airflow/.local/lib/python3.12/site-packages/airflow/example_dags/example_params_ui_tutorial.py
[2024-11-16T05:01:31.092+0000] {logging_mixin.py:190} INFO - [2024-11-16T05:01:31.092+0000] {dag.py:3239} INFO - Sync 1 DAGs
[2024-11-16T05:01:31.103+0000] {logging_mixin.py:190} INFO - [2024-11-16T05:01:31.103+0000] {dag.py:4180} INFO - Setting next_dagrun for example_params_ui_tutorial to None, run_after=None
[2024-11-16T05:01:31.119+0000] {processor.py:208} INFO - Processing /home/airflow/.local/lib/python3.12/site-packages/airflow/example_dags/example_params_ui_tutorial.py took 0.072 seconds
[2024-11-16T05:02:01.721+0000] {processor.py:186} INFO - Started process (PID=439) to work on /home/airflow/.local/lib/python3.12/site-packages/airflow/example_dags/example_params_ui_tutorial.py
[2024-11-16T05:02:01.722+0000] {processor.py:914} INFO - Processing file /home/airflow/.local/lib/python3.12/site-packages/airflow/example_dags/example_params_ui_tutorial.py for tasks to queue
[2024-11-16T05:02:01.724+0000] {logging_mixin.py:190} INFO - [2024-11-16T05:02:01.723+0000] {dagbag.py:588} INFO - Filling up the DagBag from /home/airflow/.local/lib/python3.12/site-packages/airflow/example_dags/example_params_ui_tutorial.py
[2024-11-16T05:02:01.730+0000] {processor.py:925} INFO - DAG(s) 'example_params_ui_tutorial' retrieved from /home/airflow/.local/lib/python3.12/site-packages/airflow/example_dags/example_params_ui_tutorial.py
[2024-11-16T05:02:01.760+0000] {logging_mixin.py:190} INFO - [2024-11-16T05:02:01.760+0000] {dag.py:3239} INFO - Sync 1 DAGs
[2024-11-16T05:02:01.771+0000] {logging_mixin.py:190} INFO - [2024-11-16T05:02:01.771+0000] {dag.py:4180} INFO - Setting next_dagrun for example_params_ui_tutorial to None, run_after=None
[2024-11-16T05:02:01.795+0000] {processor.py:208} INFO - Processing /home/airflow/.local/lib/python3.12/site-packages/airflow/example_dags/example_params_ui_tutorial.py took 0.078 seconds
[2024-11-16T05:02:33.075+0000] {processor.py:186} INFO - Started process (PID=507) to work on /home/airflow/.local/lib/python3.12/site-packages/airflow/example_dags/example_params_ui_tutorial.py
[2024-11-16T05:02:33.076+0000] {processor.py:914} INFO - Processing file /home/airflow/.local/lib/python3.12/site-packages/airflow/example_dags/example_params_ui_tutorial.py for tasks to queue
[2024-11-16T05:02:33.077+0000] {logging_mixin.py:190} INFO - [2024-11-16T05:02:33.077+0000] {dagbag.py:588} INFO - Filling up the DagBag from /home/airflow/.local/lib/python3.12/site-packages/airflow/example_dags/example_params_ui_tutorial.py
[2024-11-16T05:02:33.084+0000] {processor.py:925} INFO - DAG(s) 'example_params_ui_tutorial' retrieved from /home/airflow/.local/lib/python3.12/site-packages/airflow/example_dags/example_params_ui_tutorial.py
[2024-11-16T05:02:33.129+0000] {logging_mixin.py:190} INFO - [2024-11-16T05:02:33.128+0000] {dag.py:3239} INFO - Sync 1 DAGs
[2024-11-16T05:02:33.147+0000] {logging_mixin.py:190} INFO - [2024-11-16T05:02:33.147+0000] {dag.py:4180} INFO - Setting next_dagrun for example_params_ui_tutorial to None, run_after=None
[2024-11-16T05:02:33.186+0000] {processor.py:208} INFO - Processing /home/airflow/.local/lib/python3.12/site-packages/airflow/example_dags/example_params_ui_tutorial.py took 0.115 seconds
[2024-11-16T05:03:03.730+0000] {processor.py:186} INFO - Started process (PID=575) to work on /home/airflow/.local/lib/python3.12/site-packages/airflow/example_dags/example_params_ui_tutorial.py
[2024-11-16T05:03:03.730+0000] {processor.py:914} INFO - Processing file /home/airflow/.local/lib/python3.12/site-packages/airflow/example_dags/example_params_ui_tutorial.py for tasks to queue
[2024-11-16T05:03:03.732+0000] {logging_mixin.py:190} INFO - [2024-11-16T05:03:03.731+0000] {dagbag.py:588} INFO - Filling up the DagBag from /home/airflow/.local/lib/python3.12/site-packages/airflow/example_dags/example_params_ui_tutorial.py
[2024-11-16T05:03:03.738+0000] {processor.py:925} INFO - DAG(s) 'example_params_ui_tutorial' retrieved from /home/airflow/.local/lib/python3.12/site-packages/airflow/example_dags/example_params_ui_tutorial.py
[2024-11-16T05:03:03.769+0000] {logging_mixin.py:190} INFO - [2024-11-16T05:03:03.768+0000] {dag.py:3239} INFO - Sync 1 DAGs
[2024-11-16T05:03:03.779+0000] {logging_mixin.py:190} INFO - [2024-11-16T05:03:03.779+0000] {dag.py:4180} INFO - Setting next_dagrun for example_params_ui_tutorial to None, run_after=None
[2024-11-16T05:03:03.793+0000] {processor.py:208} INFO - Processing /home/airflow/.local/lib/python3.12/site-packages/airflow/example_dags/example_params_ui_tutorial.py took 0.067 seconds
[2024-11-16T05:03:34.419+0000] {processor.py:186} INFO - Started process (PID=643) to work on /home/airflow/.local/lib/python3.12/site-packages/airflow/example_dags/example_params_ui_tutorial.py
[2024-11-16T05:03:34.420+0000] {processor.py:914} INFO - Processing file /home/airflow/.local/lib/python3.12/site-packages/airflow/example_dags/example_params_ui_tutorial.py for tasks to queue
[2024-11-16T05:03:34.421+0000] {logging_mixin.py:190} INFO - [2024-11-16T05:03:34.421+0000] {dagbag.py:588} INFO - Filling up the DagBag from /home/airflow/.local/lib/python3.12/site-packages/airflow/example_dags/example_params_ui_tutorial.py
[2024-11-16T05:03:34.429+0000] {processor.py:925} INFO - DAG(s) 'example_params_ui_tutorial' retrieved from /home/airflow/.local/lib/python3.12/site-packages/airflow/example_dags/example_params_ui_tutorial.py
[2024-11-16T05:03:34.463+0000] {logging_mixin.py:190} INFO - [2024-11-16T05:03:34.463+0000] {dag.py:3239} INFO - Sync 1 DAGs
[2024-11-16T05:03:34.479+0000] {logging_mixin.py:190} INFO - [2024-11-16T05:03:34.479+0000] {dag.py:4180} INFO - Setting next_dagrun for example_params_ui_tutorial to None, run_after=None
[2024-11-16T05:03:34.498+0000] {processor.py:208} INFO - Processing /home/airflow/.local/lib/python3.12/site-packages/airflow/example_dags/example_params_ui_tutorial.py took 0.083 seconds
[2024-11-16T05:04:04.700+0000] {processor.py:186} INFO - Started process (PID=710) to work on /home/airflow/.local/lib/python3.12/site-packages/airflow/example_dags/example_params_ui_tutorial.py
[2024-11-16T05:04:04.702+0000] {processor.py:914} INFO - Processing file /home/airflow/.local/lib/python3.12/site-packages/airflow/example_dags/example_params_ui_tutorial.py for tasks to queue
[2024-11-16T05:04:04.704+0000] {logging_mixin.py:190} INFO - [2024-11-16T05:04:04.704+0000] {dagbag.py:588} INFO - Filling up the DagBag from /home/airflow/.local/lib/python3.12/site-packages/airflow/example_dags/example_params_ui_tutorial.py
[2024-11-16T05:04:04.711+0000] {processor.py:925} INFO - DAG(s) 'example_params_ui_tutorial' retrieved from /home/airflow/.local/lib/python3.12/site-packages/airflow/example_dags/example_params_ui_tutorial.py
[2024-11-16T05:04:04.747+0000] {logging_mixin.py:190} INFO - [2024-11-16T05:04:04.747+0000] {dag.py:3239} INFO - Sync 1 DAGs
[2024-11-16T05:04:04.762+0000] {logging_mixin.py:190} INFO - [2024-11-16T05:04:04.762+0000] {dag.py:4180} INFO - Setting next_dagrun for example_params_ui_tutorial to None, run_after=None
[2024-11-16T05:04:04.781+0000] {processor.py:208} INFO - Processing /home/airflow/.local/lib/python3.12/site-packages/airflow/example_dags/example_params_ui_tutorial.py took 0.085 seconds
[2024-11-16T05:04:34.938+0000] {processor.py:186} INFO - Started process (PID=777) to work on /home/airflow/.local/lib/python3.12/site-packages/airflow/example_dags/example_params_ui_tutorial.py
[2024-11-16T05:04:34.939+0000] {processor.py:914} INFO - Processing file /home/airflow/.local/lib/python3.12/site-packages/airflow/example_dags/example_params_ui_tutorial.py for tasks to queue
[2024-11-16T05:04:34.940+0000] {logging_mixin.py:190} INFO - [2024-11-16T05:04:34.940+0000] {dagbag.py:588} INFO - Filling up the DagBag from /home/airflow/.local/lib/python3.12/site-packages/airflow/example_dags/example_params_ui_tutorial.py
[2024-11-16T05:04:34.948+0000] {processor.py:925} INFO - DAG(s) 'example_params_ui_tutorial' retrieved from /home/airflow/.local/lib/python3.12/site-packages/airflow/example_dags/example_params_ui_tutorial.py
[2024-11-16T05:04:34.982+0000] {logging_mixin.py:190} INFO - [2024-11-16T05:04:34.982+0000] {dag.py:3239} INFO - Sync 1 DAGs
[2024-11-16T05:04:34.995+0000] {logging_mixin.py:190} INFO - [2024-11-16T05:04:34.994+0000] {dag.py:4180} INFO - Setting next_dagrun for example_params_ui_tutorial to None, run_after=None
[2024-11-16T05:04:35.011+0000] {processor.py:208} INFO - Processing /home/airflow/.local/lib/python3.12/site-packages/airflow/example_dags/example_params_ui_tutorial.py took 0.078 seconds
[2024-11-16T05:05:05.475+0000] {processor.py:186} INFO - Started process (PID=844) to work on /home/airflow/.local/lib/python3.12/site-packages/airflow/example_dags/example_params_ui_tutorial.py
[2024-11-16T05:05:05.476+0000] {processor.py:914} INFO - Processing file /home/airflow/.local/lib/python3.12/site-packages/airflow/example_dags/example_params_ui_tutorial.py for tasks to queue
[2024-11-16T05:05:05.479+0000] {logging_mixin.py:190} INFO - [2024-11-16T05:05:05.479+0000] {dagbag.py:588} INFO - Filling up the DagBag from /home/airflow/.local/lib/python3.12/site-packages/airflow/example_dags/example_params_ui_tutorial.py
[2024-11-16T05:05:05.488+0000] {processor.py:925} INFO - DAG(s) 'example_params_ui_tutorial' retrieved from /home/airflow/.local/lib/python3.12/site-packages/airflow/example_dags/example_params_ui_tutorial.py
[2024-11-16T05:05:05.527+0000] {logging_mixin.py:190} INFO - [2024-11-16T05:05:05.526+0000] {dag.py:3239} INFO - Sync 1 DAGs
[2024-11-16T05:05:05.541+0000] {logging_mixin.py:190} INFO - [2024-11-16T05:05:05.541+0000] {dag.py:4180} INFO - Setting next_dagrun for example_params_ui_tutorial to None, run_after=None
[2024-11-16T05:05:05.559+0000] {processor.py:208} INFO - Processing /home/airflow/.local/lib/python3.12/site-packages/airflow/example_dags/example_params_ui_tutorial.py took 0.091 seconds
[2024-11-16T05:05:35.603+0000] {processor.py:186} INFO - Started process (PID=912) to work on /home/airflow/.local/lib/python3.12/site-packages/airflow/example_dags/example_params_ui_tutorial.py
[2024-11-16T05:05:35.604+0000] {processor.py:914} INFO - Processing file /home/airflow/.local/lib/python3.12/site-packages/airflow/example_dags/example_params_ui_tutorial.py for tasks to queue
[2024-11-16T05:05:35.605+0000] {logging_mixin.py:190} INFO - [2024-11-16T05:05:35.605+0000] {dagbag.py:588} INFO - Filling up the DagBag from /home/airflow/.local/lib/python3.12/site-packages/airflow/example_dags/example_params_ui_tutorial.py
[2024-11-16T05:05:35.610+0000] {processor.py:925} INFO - DAG(s) 'example_params_ui_tutorial' retrieved from /home/airflow/.local/lib/python3.12/site-packages/airflow/example_dags/example_params_ui_tutorial.py
[2024-11-16T05:05:35.635+0000] {logging_mixin.py:190} INFO - [2024-11-16T05:05:35.635+0000] {dag.py:3239} INFO - Sync 1 DAGs
[2024-11-16T05:05:35.644+0000] {logging_mixin.py:190} INFO - [2024-11-16T05:05:35.643+0000] {dag.py:4180} INFO - Setting next_dagrun for example_params_ui_tutorial to None, run_after=None
[2024-11-16T05:05:35.656+0000] {processor.py:208} INFO - Processing /home/airflow/.local/lib/python3.12/site-packages/airflow/example_dags/example_params_ui_tutorial.py took 0.056 seconds
[2024-11-16T05:06:06.376+0000] {processor.py:186} INFO - Started process (PID=980) to work on /home/airflow/.local/lib/python3.12/site-packages/airflow/example_dags/example_params_ui_tutorial.py
[2024-11-16T05:06:06.377+0000] {processor.py:914} INFO - Processing file /home/airflow/.local/lib/python3.12/site-packages/airflow/example_dags/example_params_ui_tutorial.py for tasks to queue
[2024-11-16T05:06:06.378+0000] {logging_mixin.py:190} INFO - [2024-11-16T05:06:06.378+0000] {dagbag.py:588} INFO - Filling up the DagBag from /home/airflow/.local/lib/python3.12/site-packages/airflow/example_dags/example_params_ui_tutorial.py
[2024-11-16T05:06:06.385+0000] {processor.py:925} INFO - DAG(s) 'example_params_ui_tutorial' retrieved from /home/airflow/.local/lib/python3.12/site-packages/airflow/example_dags/example_params_ui_tutorial.py
[2024-11-16T05:06:06.435+0000] {logging_mixin.py:190} INFO - [2024-11-16T05:06:06.435+0000] {dag.py:3239} INFO - Sync 1 DAGs
[2024-11-16T05:06:06.454+0000] {logging_mixin.py:190} INFO - [2024-11-16T05:06:06.454+0000] {dag.py:4180} INFO - Setting next_dagrun for example_params_ui_tutorial to None, run_after=None
[2024-11-16T05:06:06.488+0000] {processor.py:208} INFO - Processing /home/airflow/.local/lib/python3.12/site-packages/airflow/example_dags/example_params_ui_tutorial.py took 0.118 seconds
[2024-11-16T05:06:37.440+0000] {processor.py:186} INFO - Started process (PID=1048) to work on /home/airflow/.local/lib/python3.12/site-packages/airflow/example_dags/example_params_ui_tutorial.py
[2024-11-16T05:06:37.441+0000] {processor.py:914} INFO - Processing file /home/airflow/.local/lib/python3.12/site-packages/airflow/example_dags/example_params_ui_tutorial.py for tasks to queue
[2024-11-16T05:06:37.442+0000] {logging_mixin.py:190} INFO - [2024-11-16T05:06:37.442+0000] {dagbag.py:588} INFO - Filling up the DagBag from /home/airflow/.local/lib/python3.12/site-packages/airflow/example_dags/example_params_ui_tutorial.py
[2024-11-16T05:06:37.451+0000] {processor.py:925} INFO - DAG(s) 'example_params_ui_tutorial' retrieved from /home/airflow/.local/lib/python3.12/site-packages/airflow/example_dags/example_params_ui_tutorial.py
[2024-11-16T05:06:37.479+0000] {logging_mixin.py:190} INFO - [2024-11-16T05:06:37.479+0000] {dag.py:3239} INFO - Sync 1 DAGs
[2024-11-16T05:06:37.489+0000] {logging_mixin.py:190} INFO - [2024-11-16T05:06:37.489+0000] {dag.py:4180} INFO - Setting next_dagrun for example_params_ui_tutorial to None, run_after=None
[2024-11-16T05:06:37.503+0000] {processor.py:208} INFO - Processing /home/airflow/.local/lib/python3.12/site-packages/airflow/example_dags/example_params_ui_tutorial.py took 0.069 seconds
[2024-11-16T05:07:08.384+0000] {processor.py:186} INFO - Started process (PID=1116) to work on /home/airflow/.local/lib/python3.12/site-packages/airflow/example_dags/example_params_ui_tutorial.py
[2024-11-16T05:07:08.385+0000] {processor.py:914} INFO - Processing file /home/airflow/.local/lib/python3.12/site-packages/airflow/example_dags/example_params_ui_tutorial.py for tasks to queue
[2024-11-16T05:07:08.387+0000] {logging_mixin.py:190} INFO - [2024-11-16T05:07:08.387+0000] {dagbag.py:588} INFO - Filling up the DagBag from /home/airflow/.local/lib/python3.12/site-packages/airflow/example_dags/example_params_ui_tutorial.py
[2024-11-16T05:07:08.394+0000] {processor.py:925} INFO - DAG(s) 'example_params_ui_tutorial' retrieved from /home/airflow/.local/lib/python3.12/site-packages/airflow/example_dags/example_params_ui_tutorial.py
[2024-11-16T05:07:08.423+0000] {logging_mixin.py:190} INFO - [2024-11-16T05:07:08.422+0000] {dag.py:3239} INFO - Sync 1 DAGs
[2024-11-16T05:07:08.433+0000] {logging_mixin.py:190} INFO - [2024-11-16T05:07:08.433+0000] {dag.py:4180} INFO - Setting next_dagrun for example_params_ui_tutorial to None, run_after=None
[2024-11-16T05:07:08.450+0000] {processor.py:208} INFO - Processing /home/airflow/.local/lib/python3.12/site-packages/airflow/example_dags/example_params_ui_tutorial.py took 0.070 seconds
[2024-11-16T05:07:38.909+0000] {processor.py:186} INFO - Started process (PID=1184) to work on /home/airflow/.local/lib/python3.12/site-packages/airflow/example_dags/example_params_ui_tutorial.py
[2024-11-16T05:07:38.911+0000] {processor.py:914} INFO - Processing file /home/airflow/.local/lib/python3.12/site-packages/airflow/example_dags/example_params_ui_tutorial.py for tasks to queue
[2024-11-16T05:07:38.914+0000] {logging_mixin.py:190} INFO - [2024-11-16T05:07:38.913+0000] {dagbag.py:588} INFO - Filling up the DagBag from /home/airflow/.local/lib/python3.12/site-packages/airflow/example_dags/example_params_ui_tutorial.py
[2024-11-16T05:07:38.921+0000] {processor.py:925} INFO - DAG(s) 'example_params_ui_tutorial' retrieved from /home/airflow/.local/lib/python3.12/site-packages/airflow/example_dags/example_params_ui_tutorial.py
[2024-11-16T05:07:38.952+0000] {logging_mixin.py:190} INFO - [2024-11-16T05:07:38.952+0000] {dag.py:3239} INFO - Sync 1 DAGs
[2024-11-16T05:07:38.963+0000] {logging_mixin.py:190} INFO - [2024-11-16T05:07:38.963+0000] {dag.py:4180} INFO - Setting next_dagrun for example_params_ui_tutorial to None, run_after=None
[2024-11-16T05:07:38.984+0000] {processor.py:208} INFO - Processing /home/airflow/.local/lib/python3.12/site-packages/airflow/example_dags/example_params_ui_tutorial.py took 0.082 seconds
[2024-11-16T05:08:09.050+0000] {processor.py:186} INFO - Started process (PID=1252) to work on /home/airflow/.local/lib/python3.12/site-packages/airflow/example_dags/example_params_ui_tutorial.py
[2024-11-16T05:08:09.052+0000] {processor.py:914} INFO - Processing file /home/airflow/.local/lib/python3.12/site-packages/airflow/example_dags/example_params_ui_tutorial.py for tasks to queue
[2024-11-16T05:08:09.053+0000] {logging_mixin.py:190} INFO - [2024-11-16T05:08:09.053+0000] {dagbag.py:588} INFO - Filling up the DagBag from /home/airflow/.local/lib/python3.12/site-packages/airflow/example_dags/example_params_ui_tutorial.py
[2024-11-16T05:08:09.059+0000] {processor.py:925} INFO - DAG(s) 'example_params_ui_tutorial' retrieved from /home/airflow/.local/lib/python3.12/site-packages/airflow/example_dags/example_params_ui_tutorial.py
[2024-11-16T05:08:09.087+0000] {logging_mixin.py:190} INFO - [2024-11-16T05:08:09.087+0000] {dag.py:3239} INFO - Sync 1 DAGs
[2024-11-16T05:08:09.100+0000] {logging_mixin.py:190} INFO - [2024-11-16T05:08:09.099+0000] {dag.py:4180} INFO - Setting next_dagrun for example_params_ui_tutorial to None, run_after=None
[2024-11-16T05:08:09.113+0000] {processor.py:208} INFO - Processing /home/airflow/.local/lib/python3.12/site-packages/airflow/example_dags/example_params_ui_tutorial.py took 0.068 seconds
[2024-11-16T05:08:39.343+0000] {processor.py:186} INFO - Started process (PID=1320) to work on /home/airflow/.local/lib/python3.12/site-packages/airflow/example_dags/example_params_ui_tutorial.py
[2024-11-16T05:08:39.343+0000] {processor.py:914} INFO - Processing file /home/airflow/.local/lib/python3.12/site-packages/airflow/example_dags/example_params_ui_tutorial.py for tasks to queue
[2024-11-16T05:08:39.345+0000] {logging_mixin.py:190} INFO - [2024-11-16T05:08:39.344+0000] {dagbag.py:588} INFO - Filling up the DagBag from /home/airflow/.local/lib/python3.12/site-packages/airflow/example_dags/example_params_ui_tutorial.py
[2024-11-16T05:08:39.351+0000] {processor.py:925} INFO - DAG(s) 'example_params_ui_tutorial' retrieved from /home/airflow/.local/lib/python3.12/site-packages/airflow/example_dags/example_params_ui_tutorial.py
[2024-11-16T05:08:39.380+0000] {logging_mixin.py:190} INFO - [2024-11-16T05:08:39.379+0000] {dag.py:3239} INFO - Sync 1 DAGs
[2024-11-16T05:08:39.389+0000] {logging_mixin.py:190} INFO - [2024-11-16T05:08:39.388+0000] {dag.py:4180} INFO - Setting next_dagrun for example_params_ui_tutorial to None, run_after=None
[2024-11-16T05:08:39.402+0000] {processor.py:208} INFO - Processing /home/airflow/.local/lib/python3.12/site-packages/airflow/example_dags/example_params_ui_tutorial.py took 0.065 seconds
[2024-11-16T05:09:09.558+0000] {processor.py:186} INFO - Started process (PID=1388) to work on /home/airflow/.local/lib/python3.12/site-packages/airflow/example_dags/example_params_ui_tutorial.py
[2024-11-16T05:09:09.559+0000] {processor.py:914} INFO - Processing file /home/airflow/.local/lib/python3.12/site-packages/airflow/example_dags/example_params_ui_tutorial.py for tasks to queue
[2024-11-16T05:09:09.562+0000] {logging_mixin.py:190} INFO - [2024-11-16T05:09:09.562+0000] {dagbag.py:588} INFO - Filling up the DagBag from /home/airflow/.local/lib/python3.12/site-packages/airflow/example_dags/example_params_ui_tutorial.py
[2024-11-16T05:09:09.573+0000] {processor.py:925} INFO - DAG(s) 'example_params_ui_tutorial' retrieved from /home/airflow/.local/lib/python3.12/site-packages/airflow/example_dags/example_params_ui_tutorial.py
[2024-11-16T05:09:09.605+0000] {logging_mixin.py:190} INFO - [2024-11-16T05:09:09.605+0000] {dag.py:3239} INFO - Sync 1 DAGs
[2024-11-16T05:09:09.618+0000] {logging_mixin.py:190} INFO - [2024-11-16T05:09:09.617+0000] {dag.py:4180} INFO - Setting next_dagrun for example_params_ui_tutorial to None, run_after=None
[2024-11-16T05:09:09.634+0000] {processor.py:208} INFO - Processing /home/airflow/.local/lib/python3.12/site-packages/airflow/example_dags/example_params_ui_tutorial.py took 0.080 seconds
[2024-11-16T05:09:39.892+0000] {processor.py:186} INFO - Started process (PID=1456) to work on /home/airflow/.local/lib/python3.12/site-packages/airflow/example_dags/example_params_ui_tutorial.py
[2024-11-16T05:09:39.893+0000] {processor.py:914} INFO - Processing file /home/airflow/.local/lib/python3.12/site-packages/airflow/example_dags/example_params_ui_tutorial.py for tasks to queue
[2024-11-16T05:09:39.894+0000] {logging_mixin.py:190} INFO - [2024-11-16T05:09:39.894+0000] {dagbag.py:588} INFO - Filling up the DagBag from /home/airflow/.local/lib/python3.12/site-packages/airflow/example_dags/example_params_ui_tutorial.py
[2024-11-16T05:09:39.900+0000] {processor.py:925} INFO - DAG(s) 'example_params_ui_tutorial' retrieved from /home/airflow/.local/lib/python3.12/site-packages/airflow/example_dags/example_params_ui_tutorial.py
[2024-11-16T05:09:39.928+0000] {logging_mixin.py:190} INFO - [2024-11-16T05:09:39.928+0000] {dag.py:3239} INFO - Sync 1 DAGs
[2024-11-16T05:09:39.938+0000] {logging_mixin.py:190} INFO - [2024-11-16T05:09:39.937+0000] {dag.py:4180} INFO - Setting next_dagrun for example_params_ui_tutorial to None, run_after=None
[2024-11-16T05:09:39.954+0000] {processor.py:208} INFO - Processing /home/airflow/.local/lib/python3.12/site-packages/airflow/example_dags/example_params_ui_tutorial.py took 0.067 seconds
[2024-11-16T05:10:10.535+0000] {processor.py:186} INFO - Started process (PID=1524) to work on /home/airflow/.local/lib/python3.12/site-packages/airflow/example_dags/example_params_ui_tutorial.py
[2024-11-16T05:10:10.536+0000] {processor.py:914} INFO - Processing file /home/airflow/.local/lib/python3.12/site-packages/airflow/example_dags/example_params_ui_tutorial.py for tasks to queue
[2024-11-16T05:10:10.539+0000] {logging_mixin.py:190} INFO - [2024-11-16T05:10:10.539+0000] {dagbag.py:588} INFO - Filling up the DagBag from /home/airflow/.local/lib/python3.12/site-packages/airflow/example_dags/example_params_ui_tutorial.py
[2024-11-16T05:10:10.545+0000] {processor.py:925} INFO - DAG(s) 'example_params_ui_tutorial' retrieved from /home/airflow/.local/lib/python3.12/site-packages/airflow/example_dags/example_params_ui_tutorial.py
[2024-11-16T05:10:10.597+0000] {logging_mixin.py:190} INFO - [2024-11-16T05:10:10.597+0000] {dag.py:3239} INFO - Sync 1 DAGs
[2024-11-16T05:10:10.614+0000] {logging_mixin.py:190} INFO - [2024-11-16T05:10:10.613+0000] {dag.py:4180} INFO - Setting next_dagrun for example_params_ui_tutorial to None, run_after=None
[2024-11-16T05:10:10.631+0000] {processor.py:208} INFO - Processing /home/airflow/.local/lib/python3.12/site-packages/airflow/example_dags/example_params_ui_tutorial.py took 0.101 seconds
[2024-11-16T05:11:29.266+0000] {processor.py:186} INFO - Started process (PID=114) to work on /home/airflow/.local/lib/python3.12/site-packages/airflow/example_dags/example_params_ui_tutorial.py
[2024-11-16T05:11:29.266+0000] {processor.py:914} INFO - Processing file /home/airflow/.local/lib/python3.12/site-packages/airflow/example_dags/example_params_ui_tutorial.py for tasks to queue
[2024-11-16T05:11:29.268+0000] {logging_mixin.py:190} INFO - [2024-11-16T05:11:29.268+0000] {dagbag.py:588} INFO - Filling up the DagBag from /home/airflow/.local/lib/python3.12/site-packages/airflow/example_dags/example_params_ui_tutorial.py
[2024-11-16T05:11:29.277+0000] {processor.py:925} INFO - DAG(s) 'example_params_ui_tutorial' retrieved from /home/airflow/.local/lib/python3.12/site-packages/airflow/example_dags/example_params_ui_tutorial.py
[2024-11-16T05:11:29.322+0000] {logging_mixin.py:190} INFO - [2024-11-16T05:11:29.322+0000] {dag.py:3239} INFO - Sync 1 DAGs
[2024-11-16T05:11:29.337+0000] {logging_mixin.py:190} INFO - [2024-11-16T05:11:29.336+0000] {dag.py:4180} INFO - Setting next_dagrun for example_params_ui_tutorial to None, run_after=None
[2024-11-16T05:11:29.357+0000] {processor.py:208} INFO - Processing /home/airflow/.local/lib/python3.12/site-packages/airflow/example_dags/example_params_ui_tutorial.py took 0.096 seconds
[2024-11-16T05:11:59.758+0000] {processor.py:186} INFO - Started process (PID=181) to work on /home/airflow/.local/lib/python3.12/site-packages/airflow/example_dags/example_params_ui_tutorial.py
[2024-11-16T05:11:59.759+0000] {processor.py:914} INFO - Processing file /home/airflow/.local/lib/python3.12/site-packages/airflow/example_dags/example_params_ui_tutorial.py for tasks to queue
[2024-11-16T05:11:59.761+0000] {logging_mixin.py:190} INFO - [2024-11-16T05:11:59.760+0000] {dagbag.py:588} INFO - Filling up the DagBag from /home/airflow/.local/lib/python3.12/site-packages/airflow/example_dags/example_params_ui_tutorial.py
[2024-11-16T05:11:59.773+0000] {processor.py:925} INFO - DAG(s) 'example_params_ui_tutorial' retrieved from /home/airflow/.local/lib/python3.12/site-packages/airflow/example_dags/example_params_ui_tutorial.py
[2024-11-16T05:11:59.812+0000] {logging_mixin.py:190} INFO - [2024-11-16T05:11:59.812+0000] {dag.py:3239} INFO - Sync 1 DAGs
[2024-11-16T05:11:59.829+0000] {logging_mixin.py:190} INFO - [2024-11-16T05:11:59.829+0000] {dag.py:4180} INFO - Setting next_dagrun for example_params_ui_tutorial to None, run_after=None
[2024-11-16T05:11:59.856+0000] {processor.py:208} INFO - Processing /home/airflow/.local/lib/python3.12/site-packages/airflow/example_dags/example_params_ui_tutorial.py took 0.105 seconds
[2024-11-16T05:12:30.932+0000] {processor.py:186} INFO - Started process (PID=249) to work on /home/airflow/.local/lib/python3.12/site-packages/airflow/example_dags/example_params_ui_tutorial.py
[2024-11-16T05:12:30.936+0000] {processor.py:914} INFO - Processing file /home/airflow/.local/lib/python3.12/site-packages/airflow/example_dags/example_params_ui_tutorial.py for tasks to queue
[2024-11-16T05:12:30.938+0000] {logging_mixin.py:190} INFO - [2024-11-16T05:12:30.938+0000] {dagbag.py:588} INFO - Filling up the DagBag from /home/airflow/.local/lib/python3.12/site-packages/airflow/example_dags/example_params_ui_tutorial.py
[2024-11-16T05:12:30.947+0000] {processor.py:925} INFO - DAG(s) 'example_params_ui_tutorial' retrieved from /home/airflow/.local/lib/python3.12/site-packages/airflow/example_dags/example_params_ui_tutorial.py
[2024-11-16T05:12:30.980+0000] {logging_mixin.py:190} INFO - [2024-11-16T05:12:30.980+0000] {dag.py:3239} INFO - Sync 1 DAGs
[2024-11-16T05:12:30.991+0000] {logging_mixin.py:190} INFO - [2024-11-16T05:12:30.991+0000] {dag.py:4180} INFO - Setting next_dagrun for example_params_ui_tutorial to None, run_after=None
[2024-11-16T05:12:31.009+0000] {processor.py:208} INFO - Processing /home/airflow/.local/lib/python3.12/site-packages/airflow/example_dags/example_params_ui_tutorial.py took 0.082 seconds
[2024-11-16T05:14:14.430+0000] {processor.py:186} INFO - Started process (PID=104) to work on /home/airflow/.local/lib/python3.12/site-packages/airflow/example_dags/example_params_ui_tutorial.py
[2024-11-16T05:14:14.430+0000] {processor.py:914} INFO - Processing file /home/airflow/.local/lib/python3.12/site-packages/airflow/example_dags/example_params_ui_tutorial.py for tasks to queue
[2024-11-16T05:14:14.432+0000] {logging_mixin.py:190} INFO - [2024-11-16T05:14:14.432+0000] {dagbag.py:588} INFO - Filling up the DagBag from /home/airflow/.local/lib/python3.12/site-packages/airflow/example_dags/example_params_ui_tutorial.py
[2024-11-16T05:14:14.439+0000] {processor.py:925} INFO - DAG(s) 'example_params_ui_tutorial' retrieved from /home/airflow/.local/lib/python3.12/site-packages/airflow/example_dags/example_params_ui_tutorial.py
[2024-11-16T05:14:14.498+0000] {logging_mixin.py:190} INFO - [2024-11-16T05:14:14.498+0000] {dag.py:3239} INFO - Sync 1 DAGs
[2024-11-16T05:14:14.518+0000] {logging_mixin.py:190} INFO - [2024-11-16T05:14:14.518+0000] {dag.py:4180} INFO - Setting next_dagrun for example_params_ui_tutorial to None, run_after=None
[2024-11-16T05:14:14.546+0000] {processor.py:208} INFO - Processing /home/airflow/.local/lib/python3.12/site-packages/airflow/example_dags/example_params_ui_tutorial.py took 0.121 seconds
[2024-11-16T05:14:44.866+0000] {processor.py:186} INFO - Started process (PID=171) to work on /home/airflow/.local/lib/python3.12/site-packages/airflow/example_dags/example_params_ui_tutorial.py
[2024-11-16T05:14:44.867+0000] {processor.py:914} INFO - Processing file /home/airflow/.local/lib/python3.12/site-packages/airflow/example_dags/example_params_ui_tutorial.py for tasks to queue
[2024-11-16T05:14:44.868+0000] {logging_mixin.py:190} INFO - [2024-11-16T05:14:44.868+0000] {dagbag.py:588} INFO - Filling up the DagBag from /home/airflow/.local/lib/python3.12/site-packages/airflow/example_dags/example_params_ui_tutorial.py
[2024-11-16T05:14:44.874+0000] {processor.py:925} INFO - DAG(s) 'example_params_ui_tutorial' retrieved from /home/airflow/.local/lib/python3.12/site-packages/airflow/example_dags/example_params_ui_tutorial.py
[2024-11-16T05:14:44.901+0000] {logging_mixin.py:190} INFO - [2024-11-16T05:14:44.901+0000] {dag.py:3239} INFO - Sync 1 DAGs
[2024-11-16T05:14:44.911+0000] {logging_mixin.py:190} INFO - [2024-11-16T05:14:44.910+0000] {dag.py:4180} INFO - Setting next_dagrun for example_params_ui_tutorial to None, run_after=None
[2024-11-16T05:14:44.923+0000] {processor.py:208} INFO - Processing /home/airflow/.local/lib/python3.12/site-packages/airflow/example_dags/example_params_ui_tutorial.py took 0.060 seconds
[2024-11-16T05:15:15.635+0000] {processor.py:186} INFO - Started process (PID=240) to work on /home/airflow/.local/lib/python3.12/site-packages/airflow/example_dags/example_params_ui_tutorial.py
[2024-11-16T05:15:15.636+0000] {processor.py:914} INFO - Processing file /home/airflow/.local/lib/python3.12/site-packages/airflow/example_dags/example_params_ui_tutorial.py for tasks to queue
[2024-11-16T05:15:15.637+0000] {logging_mixin.py:190} INFO - [2024-11-16T05:15:15.637+0000] {dagbag.py:588} INFO - Filling up the DagBag from /home/airflow/.local/lib/python3.12/site-packages/airflow/example_dags/example_params_ui_tutorial.py
[2024-11-16T05:15:15.643+0000] {processor.py:925} INFO - DAG(s) 'example_params_ui_tutorial' retrieved from /home/airflow/.local/lib/python3.12/site-packages/airflow/example_dags/example_params_ui_tutorial.py
[2024-11-16T05:15:15.673+0000] {logging_mixin.py:190} INFO - [2024-11-16T05:15:15.673+0000] {dag.py:3239} INFO - Sync 1 DAGs
[2024-11-16T05:15:15.683+0000] {logging_mixin.py:190} INFO - [2024-11-16T05:15:15.683+0000] {dag.py:4180} INFO - Setting next_dagrun for example_params_ui_tutorial to None, run_after=None
[2024-11-16T05:15:15.698+0000] {processor.py:208} INFO - Processing /home/airflow/.local/lib/python3.12/site-packages/airflow/example_dags/example_params_ui_tutorial.py took 0.067 seconds
[2024-11-16T05:15:47.094+0000] {processor.py:186} INFO - Started process (PID=308) to work on /home/airflow/.local/lib/python3.12/site-packages/airflow/example_dags/example_params_ui_tutorial.py
[2024-11-16T05:15:47.096+0000] {processor.py:914} INFO - Processing file /home/airflow/.local/lib/python3.12/site-packages/airflow/example_dags/example_params_ui_tutorial.py for tasks to queue
[2024-11-16T05:15:47.099+0000] {logging_mixin.py:190} INFO - [2024-11-16T05:15:47.098+0000] {dagbag.py:588} INFO - Filling up the DagBag from /home/airflow/.local/lib/python3.12/site-packages/airflow/example_dags/example_params_ui_tutorial.py
[2024-11-16T05:15:47.129+0000] {processor.py:925} INFO - DAG(s) 'example_params_ui_tutorial' retrieved from /home/airflow/.local/lib/python3.12/site-packages/airflow/example_dags/example_params_ui_tutorial.py
[2024-11-16T05:15:47.191+0000] {logging_mixin.py:190} INFO - [2024-11-16T05:15:47.190+0000] {dag.py:3239} INFO - Sync 1 DAGs
[2024-11-16T05:15:47.210+0000] {logging_mixin.py:190} INFO - [2024-11-16T05:15:47.209+0000] {dag.py:4180} INFO - Setting next_dagrun for example_params_ui_tutorial to None, run_after=None
[2024-11-16T05:15:47.243+0000] {processor.py:208} INFO - Processing /home/airflow/.local/lib/python3.12/site-packages/airflow/example_dags/example_params_ui_tutorial.py took 0.164 seconds
[2024-11-16T05:16:18.664+0000] {processor.py:186} INFO - Started process (PID=377) to work on /home/airflow/.local/lib/python3.12/site-packages/airflow/example_dags/example_params_ui_tutorial.py
[2024-11-16T05:16:18.666+0000] {processor.py:914} INFO - Processing file /home/airflow/.local/lib/python3.12/site-packages/airflow/example_dags/example_params_ui_tutorial.py for tasks to queue
[2024-11-16T05:16:18.668+0000] {logging_mixin.py:190} INFO - [2024-11-16T05:16:18.668+0000] {dagbag.py:588} INFO - Filling up the DagBag from /home/airflow/.local/lib/python3.12/site-packages/airflow/example_dags/example_params_ui_tutorial.py
[2024-11-16T05:16:18.681+0000] {processor.py:925} INFO - DAG(s) 'example_params_ui_tutorial' retrieved from /home/airflow/.local/lib/python3.12/site-packages/airflow/example_dags/example_params_ui_tutorial.py
[2024-11-16T05:16:18.746+0000] {logging_mixin.py:190} INFO - [2024-11-16T05:16:18.746+0000] {dag.py:3239} INFO - Sync 1 DAGs
[2024-11-16T05:16:18.766+0000] {logging_mixin.py:190} INFO - [2024-11-16T05:16:18.766+0000] {dag.py:4180} INFO - Setting next_dagrun for example_params_ui_tutorial to None, run_after=None
[2024-11-16T05:16:18.792+0000] {processor.py:208} INFO - Processing /home/airflow/.local/lib/python3.12/site-packages/airflow/example_dags/example_params_ui_tutorial.py took 0.136 seconds
[2024-11-16T05:16:49.872+0000] {processor.py:186} INFO - Started process (PID=445) to work on /home/airflow/.local/lib/python3.12/site-packages/airflow/example_dags/example_params_ui_tutorial.py
[2024-11-16T05:16:49.879+0000] {processor.py:914} INFO - Processing file /home/airflow/.local/lib/python3.12/site-packages/airflow/example_dags/example_params_ui_tutorial.py for tasks to queue
[2024-11-16T05:16:49.882+0000] {logging_mixin.py:190} INFO - [2024-11-16T05:16:49.882+0000] {dagbag.py:588} INFO - Filling up the DagBag from /home/airflow/.local/lib/python3.12/site-packages/airflow/example_dags/example_params_ui_tutorial.py
[2024-11-16T05:16:49.894+0000] {processor.py:925} INFO - DAG(s) 'example_params_ui_tutorial' retrieved from /home/airflow/.local/lib/python3.12/site-packages/airflow/example_dags/example_params_ui_tutorial.py
[2024-11-16T05:16:49.970+0000] {logging_mixin.py:190} INFO - [2024-11-16T05:16:49.969+0000] {dag.py:3239} INFO - Sync 1 DAGs
[2024-11-16T05:16:49.989+0000] {logging_mixin.py:190} INFO - [2024-11-16T05:16:49.989+0000] {dag.py:4180} INFO - Setting next_dagrun for example_params_ui_tutorial to None, run_after=None
[2024-11-16T05:16:50.011+0000] {processor.py:208} INFO - Processing /home/airflow/.local/lib/python3.12/site-packages/airflow/example_dags/example_params_ui_tutorial.py took 0.146 seconds
[2024-11-16T05:17:35.560+0000] {processor.py:186} INFO - Started process (PID=514) to work on /home/airflow/.local/lib/python3.12/site-packages/airflow/example_dags/example_params_ui_tutorial.py
[2024-11-16T05:17:35.561+0000] {processor.py:914} INFO - Processing file /home/airflow/.local/lib/python3.12/site-packages/airflow/example_dags/example_params_ui_tutorial.py for tasks to queue
[2024-11-16T05:17:35.562+0000] {logging_mixin.py:190} INFO - [2024-11-16T05:17:35.562+0000] {dagbag.py:588} INFO - Filling up the DagBag from /home/airflow/.local/lib/python3.12/site-packages/airflow/example_dags/example_params_ui_tutorial.py
[2024-11-16T05:17:35.570+0000] {processor.py:925} INFO - DAG(s) 'example_params_ui_tutorial' retrieved from /home/airflow/.local/lib/python3.12/site-packages/airflow/example_dags/example_params_ui_tutorial.py
[2024-11-16T05:17:35.607+0000] {logging_mixin.py:190} INFO - [2024-11-16T05:17:35.607+0000] {dag.py:3239} INFO - Sync 1 DAGs
[2024-11-16T05:17:35.619+0000] {logging_mixin.py:190} INFO - [2024-11-16T05:17:35.619+0000] {dag.py:4180} INFO - Setting next_dagrun for example_params_ui_tutorial to None, run_after=None
[2024-11-16T05:17:35.638+0000] {processor.py:208} INFO - Processing /home/airflow/.local/lib/python3.12/site-packages/airflow/example_dags/example_params_ui_tutorial.py took 0.083 seconds
[2024-11-16T05:18:06.978+0000] {processor.py:186} INFO - Started process (PID=581) to work on /home/airflow/.local/lib/python3.12/site-packages/airflow/example_dags/example_params_ui_tutorial.py
[2024-11-16T05:18:06.979+0000] {processor.py:914} INFO - Processing file /home/airflow/.local/lib/python3.12/site-packages/airflow/example_dags/example_params_ui_tutorial.py for tasks to queue
[2024-11-16T05:18:06.983+0000] {logging_mixin.py:190} INFO - [2024-11-16T05:18:06.982+0000] {dagbag.py:588} INFO - Filling up the DagBag from /home/airflow/.local/lib/python3.12/site-packages/airflow/example_dags/example_params_ui_tutorial.py
[2024-11-16T05:18:07.001+0000] {processor.py:925} INFO - DAG(s) 'example_params_ui_tutorial' retrieved from /home/airflow/.local/lib/python3.12/site-packages/airflow/example_dags/example_params_ui_tutorial.py
[2024-11-16T05:18:07.073+0000] {logging_mixin.py:190} INFO - [2024-11-16T05:18:07.073+0000] {dag.py:3239} INFO - Sync 1 DAGs
[2024-11-16T05:18:07.095+0000] {logging_mixin.py:190} INFO - [2024-11-16T05:18:07.095+0000] {dag.py:4180} INFO - Setting next_dagrun for example_params_ui_tutorial to None, run_after=None
[2024-11-16T05:18:07.126+0000] {processor.py:208} INFO - Processing /home/airflow/.local/lib/python3.12/site-packages/airflow/example_dags/example_params_ui_tutorial.py took 0.155 seconds
[2024-11-16T05:18:37.840+0000] {processor.py:186} INFO - Started process (PID=649) to work on /home/airflow/.local/lib/python3.12/site-packages/airflow/example_dags/example_params_ui_tutorial.py
[2024-11-16T05:18:37.841+0000] {processor.py:914} INFO - Processing file /home/airflow/.local/lib/python3.12/site-packages/airflow/example_dags/example_params_ui_tutorial.py for tasks to queue
[2024-11-16T05:18:37.843+0000] {logging_mixin.py:190} INFO - [2024-11-16T05:18:37.842+0000] {dagbag.py:588} INFO - Filling up the DagBag from /home/airflow/.local/lib/python3.12/site-packages/airflow/example_dags/example_params_ui_tutorial.py
[2024-11-16T05:18:37.850+0000] {processor.py:925} INFO - DAG(s) 'example_params_ui_tutorial' retrieved from /home/airflow/.local/lib/python3.12/site-packages/airflow/example_dags/example_params_ui_tutorial.py
[2024-11-16T05:18:37.887+0000] {logging_mixin.py:190} INFO - [2024-11-16T05:18:37.887+0000] {dag.py:3239} INFO - Sync 1 DAGs
[2024-11-16T05:18:37.899+0000] {logging_mixin.py:190} INFO - [2024-11-16T05:18:37.899+0000] {dag.py:4180} INFO - Setting next_dagrun for example_params_ui_tutorial to None, run_after=None
[2024-11-16T05:18:37.915+0000] {processor.py:208} INFO - Processing /home/airflow/.local/lib/python3.12/site-packages/airflow/example_dags/example_params_ui_tutorial.py took 0.079 seconds
[2024-11-16T05:20:43.955+0000] {processor.py:186} INFO - Started process (PID=99) to work on /home/airflow/.local/lib/python3.12/site-packages/airflow/example_dags/example_params_ui_tutorial.py
[2024-11-16T05:20:43.956+0000] {processor.py:914} INFO - Processing file /home/airflow/.local/lib/python3.12/site-packages/airflow/example_dags/example_params_ui_tutorial.py for tasks to queue
[2024-11-16T05:20:43.958+0000] {logging_mixin.py:190} INFO - [2024-11-16T05:20:43.958+0000] {dagbag.py:588} INFO - Filling up the DagBag from /home/airflow/.local/lib/python3.12/site-packages/airflow/example_dags/example_params_ui_tutorial.py
[2024-11-16T05:20:43.967+0000] {processor.py:925} INFO - DAG(s) 'example_params_ui_tutorial' retrieved from /home/airflow/.local/lib/python3.12/site-packages/airflow/example_dags/example_params_ui_tutorial.py
[2024-11-16T05:20:44.021+0000] {logging_mixin.py:190} INFO - [2024-11-16T05:20:44.021+0000] {dag.py:3239} INFO - Sync 1 DAGs
[2024-11-16T05:20:44.041+0000] {logging_mixin.py:190} INFO - [2024-11-16T05:20:44.041+0000] {dag.py:4180} INFO - Setting next_dagrun for example_params_ui_tutorial to None, run_after=None
[2024-11-16T05:20:44.069+0000] {processor.py:208} INFO - Processing /home/airflow/.local/lib/python3.12/site-packages/airflow/example_dags/example_params_ui_tutorial.py took 0.120 seconds
[2024-11-16T05:21:14.377+0000] {processor.py:186} INFO - Started process (PID=166) to work on /home/airflow/.local/lib/python3.12/site-packages/airflow/example_dags/example_params_ui_tutorial.py
[2024-11-16T05:21:14.378+0000] {processor.py:914} INFO - Processing file /home/airflow/.local/lib/python3.12/site-packages/airflow/example_dags/example_params_ui_tutorial.py for tasks to queue
[2024-11-16T05:21:14.380+0000] {logging_mixin.py:190} INFO - [2024-11-16T05:21:14.380+0000] {dagbag.py:588} INFO - Filling up the DagBag from /home/airflow/.local/lib/python3.12/site-packages/airflow/example_dags/example_params_ui_tutorial.py
[2024-11-16T05:21:14.387+0000] {processor.py:925} INFO - DAG(s) 'example_params_ui_tutorial' retrieved from /home/airflow/.local/lib/python3.12/site-packages/airflow/example_dags/example_params_ui_tutorial.py
[2024-11-16T05:21:14.434+0000] {logging_mixin.py:190} INFO - [2024-11-16T05:21:14.433+0000] {dag.py:3239} INFO - Sync 1 DAGs
[2024-11-16T05:21:14.450+0000] {logging_mixin.py:190} INFO - [2024-11-16T05:21:14.449+0000] {dag.py:4180} INFO - Setting next_dagrun for example_params_ui_tutorial to None, run_after=None
[2024-11-16T05:21:14.466+0000] {processor.py:208} INFO - Processing /home/airflow/.local/lib/python3.12/site-packages/airflow/example_dags/example_params_ui_tutorial.py took 0.094 seconds
[2024-11-16T05:21:45.224+0000] {processor.py:186} INFO - Started process (PID=234) to work on /home/airflow/.local/lib/python3.12/site-packages/airflow/example_dags/example_params_ui_tutorial.py
[2024-11-16T05:21:45.225+0000] {processor.py:914} INFO - Processing file /home/airflow/.local/lib/python3.12/site-packages/airflow/example_dags/example_params_ui_tutorial.py for tasks to queue
[2024-11-16T05:21:45.226+0000] {logging_mixin.py:190} INFO - [2024-11-16T05:21:45.226+0000] {dagbag.py:588} INFO - Filling up the DagBag from /home/airflow/.local/lib/python3.12/site-packages/airflow/example_dags/example_params_ui_tutorial.py
[2024-11-16T05:21:45.233+0000] {processor.py:925} INFO - DAG(s) 'example_params_ui_tutorial' retrieved from /home/airflow/.local/lib/python3.12/site-packages/airflow/example_dags/example_params_ui_tutorial.py
[2024-11-16T05:21:45.261+0000] {logging_mixin.py:190} INFO - [2024-11-16T05:21:45.260+0000] {dag.py:3239} INFO - Sync 1 DAGs
[2024-11-16T05:21:45.271+0000] {logging_mixin.py:190} INFO - [2024-11-16T05:21:45.271+0000] {dag.py:4180} INFO - Setting next_dagrun for example_params_ui_tutorial to None, run_after=None
[2024-11-16T05:21:45.286+0000] {processor.py:208} INFO - Processing /home/airflow/.local/lib/python3.12/site-packages/airflow/example_dags/example_params_ui_tutorial.py took 0.065 seconds
[2024-11-16T05:22:16.050+0000] {processor.py:186} INFO - Started process (PID=302) to work on /home/airflow/.local/lib/python3.12/site-packages/airflow/example_dags/example_params_ui_tutorial.py
[2024-11-16T05:22:16.050+0000] {processor.py:914} INFO - Processing file /home/airflow/.local/lib/python3.12/site-packages/airflow/example_dags/example_params_ui_tutorial.py for tasks to queue
[2024-11-16T05:22:16.052+0000] {logging_mixin.py:190} INFO - [2024-11-16T05:22:16.052+0000] {dagbag.py:588} INFO - Filling up the DagBag from /home/airflow/.local/lib/python3.12/site-packages/airflow/example_dags/example_params_ui_tutorial.py
[2024-11-16T05:22:16.058+0000] {processor.py:925} INFO - DAG(s) 'example_params_ui_tutorial' retrieved from /home/airflow/.local/lib/python3.12/site-packages/airflow/example_dags/example_params_ui_tutorial.py
[2024-11-16T05:22:16.087+0000] {logging_mixin.py:190} INFO - [2024-11-16T05:22:16.087+0000] {dag.py:3239} INFO - Sync 1 DAGs
[2024-11-16T05:22:16.098+0000] {logging_mixin.py:190} INFO - [2024-11-16T05:22:16.098+0000] {dag.py:4180} INFO - Setting next_dagrun for example_params_ui_tutorial to None, run_after=None
[2024-11-16T05:22:16.113+0000] {processor.py:208} INFO - Processing /home/airflow/.local/lib/python3.12/site-packages/airflow/example_dags/example_params_ui_tutorial.py took 0.068 seconds
[2024-11-16T05:22:47.277+0000] {processor.py:186} INFO - Started process (PID=370) to work on /home/airflow/.local/lib/python3.12/site-packages/airflow/example_dags/example_params_ui_tutorial.py
[2024-11-16T05:22:47.278+0000] {processor.py:914} INFO - Processing file /home/airflow/.local/lib/python3.12/site-packages/airflow/example_dags/example_params_ui_tutorial.py for tasks to queue
[2024-11-16T05:22:47.280+0000] {logging_mixin.py:190} INFO - [2024-11-16T05:22:47.280+0000] {dagbag.py:588} INFO - Filling up the DagBag from /home/airflow/.local/lib/python3.12/site-packages/airflow/example_dags/example_params_ui_tutorial.py
[2024-11-16T05:22:47.287+0000] {processor.py:925} INFO - DAG(s) 'example_params_ui_tutorial' retrieved from /home/airflow/.local/lib/python3.12/site-packages/airflow/example_dags/example_params_ui_tutorial.py
[2024-11-16T05:22:47.319+0000] {logging_mixin.py:190} INFO - [2024-11-16T05:22:47.319+0000] {dag.py:3239} INFO - Sync 1 DAGs
[2024-11-16T05:22:47.331+0000] {logging_mixin.py:190} INFO - [2024-11-16T05:22:47.331+0000] {dag.py:4180} INFO - Setting next_dagrun for example_params_ui_tutorial to None, run_after=None
[2024-11-16T05:22:47.348+0000] {processor.py:208} INFO - Processing /home/airflow/.local/lib/python3.12/site-packages/airflow/example_dags/example_params_ui_tutorial.py took 0.076 seconds
[2024-11-16T05:23:17.379+0000] {processor.py:186} INFO - Started process (PID=437) to work on /home/airflow/.local/lib/python3.12/site-packages/airflow/example_dags/example_params_ui_tutorial.py
[2024-11-16T05:23:17.379+0000] {processor.py:914} INFO - Processing file /home/airflow/.local/lib/python3.12/site-packages/airflow/example_dags/example_params_ui_tutorial.py for tasks to queue
[2024-11-16T05:23:17.381+0000] {logging_mixin.py:190} INFO - [2024-11-16T05:23:17.380+0000] {dagbag.py:588} INFO - Filling up the DagBag from /home/airflow/.local/lib/python3.12/site-packages/airflow/example_dags/example_params_ui_tutorial.py
[2024-11-16T05:23:17.386+0000] {processor.py:925} INFO - DAG(s) 'example_params_ui_tutorial' retrieved from /home/airflow/.local/lib/python3.12/site-packages/airflow/example_dags/example_params_ui_tutorial.py
[2024-11-16T05:23:17.411+0000] {logging_mixin.py:190} INFO - [2024-11-16T05:23:17.411+0000] {dag.py:3239} INFO - Sync 1 DAGs
[2024-11-16T05:23:17.419+0000] {logging_mixin.py:190} INFO - [2024-11-16T05:23:17.419+0000] {dag.py:4180} INFO - Setting next_dagrun for example_params_ui_tutorial to None, run_after=None
[2024-11-16T05:23:17.431+0000] {processor.py:208} INFO - Processing /home/airflow/.local/lib/python3.12/site-packages/airflow/example_dags/example_params_ui_tutorial.py took 0.056 seconds
[2024-11-16T05:23:48.041+0000] {processor.py:186} INFO - Started process (PID=505) to work on /home/airflow/.local/lib/python3.12/site-packages/airflow/example_dags/example_params_ui_tutorial.py
[2024-11-16T05:23:48.042+0000] {processor.py:914} INFO - Processing file /home/airflow/.local/lib/python3.12/site-packages/airflow/example_dags/example_params_ui_tutorial.py for tasks to queue
[2024-11-16T05:23:48.043+0000] {logging_mixin.py:190} INFO - [2024-11-16T05:23:48.043+0000] {dagbag.py:588} INFO - Filling up the DagBag from /home/airflow/.local/lib/python3.12/site-packages/airflow/example_dags/example_params_ui_tutorial.py
[2024-11-16T05:23:48.049+0000] {processor.py:925} INFO - DAG(s) 'example_params_ui_tutorial' retrieved from /home/airflow/.local/lib/python3.12/site-packages/airflow/example_dags/example_params_ui_tutorial.py
[2024-11-16T05:23:48.077+0000] {logging_mixin.py:190} INFO - [2024-11-16T05:23:48.077+0000] {dag.py:3239} INFO - Sync 1 DAGs
[2024-11-16T05:23:48.087+0000] {logging_mixin.py:190} INFO - [2024-11-16T05:23:48.087+0000] {dag.py:4180} INFO - Setting next_dagrun for example_params_ui_tutorial to None, run_after=None
[2024-11-16T05:23:48.100+0000] {processor.py:208} INFO - Processing /home/airflow/.local/lib/python3.12/site-packages/airflow/example_dags/example_params_ui_tutorial.py took 0.062 seconds
[2024-11-16T05:24:18.161+0000] {processor.py:186} INFO - Started process (PID=573) to work on /home/airflow/.local/lib/python3.12/site-packages/airflow/example_dags/example_params_ui_tutorial.py
[2024-11-16T05:24:18.162+0000] {processor.py:914} INFO - Processing file /home/airflow/.local/lib/python3.12/site-packages/airflow/example_dags/example_params_ui_tutorial.py for tasks to queue
[2024-11-16T05:24:18.164+0000] {logging_mixin.py:190} INFO - [2024-11-16T05:24:18.164+0000] {dagbag.py:588} INFO - Filling up the DagBag from /home/airflow/.local/lib/python3.12/site-packages/airflow/example_dags/example_params_ui_tutorial.py
[2024-11-16T05:24:18.171+0000] {processor.py:925} INFO - DAG(s) 'example_params_ui_tutorial' retrieved from /home/airflow/.local/lib/python3.12/site-packages/airflow/example_dags/example_params_ui_tutorial.py
[2024-11-16T05:24:18.204+0000] {logging_mixin.py:190} INFO - [2024-11-16T05:24:18.203+0000] {dag.py:3239} INFO - Sync 1 DAGs
[2024-11-16T05:24:18.216+0000] {logging_mixin.py:190} INFO - [2024-11-16T05:24:18.216+0000] {dag.py:4180} INFO - Setting next_dagrun for example_params_ui_tutorial to None, run_after=None
[2024-11-16T05:24:18.229+0000] {processor.py:208} INFO - Processing /home/airflow/.local/lib/python3.12/site-packages/airflow/example_dags/example_params_ui_tutorial.py took 0.072 seconds
[2024-11-16T05:25:11.046+0000] {processor.py:186} INFO - Started process (PID=94) to work on /home/airflow/.local/lib/python3.12/site-packages/airflow/example_dags/example_params_ui_tutorial.py
[2024-11-16T05:25:11.047+0000] {processor.py:914} INFO - Processing file /home/airflow/.local/lib/python3.12/site-packages/airflow/example_dags/example_params_ui_tutorial.py for tasks to queue
[2024-11-16T05:25:11.049+0000] {logging_mixin.py:190} INFO - [2024-11-16T05:25:11.049+0000] {dagbag.py:588} INFO - Filling up the DagBag from /home/airflow/.local/lib/python3.12/site-packages/airflow/example_dags/example_params_ui_tutorial.py
[2024-11-16T05:25:11.056+0000] {processor.py:925} INFO - DAG(s) 'example_params_ui_tutorial' retrieved from /home/airflow/.local/lib/python3.12/site-packages/airflow/example_dags/example_params_ui_tutorial.py
[2024-11-16T05:25:11.088+0000] {logging_mixin.py:190} INFO - [2024-11-16T05:25:11.087+0000] {dag.py:3239} INFO - Sync 1 DAGs
[2024-11-16T05:25:11.100+0000] {logging_mixin.py:190} INFO - [2024-11-16T05:25:11.100+0000] {dag.py:4180} INFO - Setting next_dagrun for example_params_ui_tutorial to None, run_after=None
[2024-11-16T05:25:11.133+0000] {processor.py:208} INFO - Processing /home/airflow/.local/lib/python3.12/site-packages/airflow/example_dags/example_params_ui_tutorial.py took 0.091 seconds
[2024-11-16T05:25:41.497+0000] {processor.py:186} INFO - Started process (PID=161) to work on /home/airflow/.local/lib/python3.12/site-packages/airflow/example_dags/example_params_ui_tutorial.py
[2024-11-16T05:25:41.498+0000] {processor.py:914} INFO - Processing file /home/airflow/.local/lib/python3.12/site-packages/airflow/example_dags/example_params_ui_tutorial.py for tasks to queue
[2024-11-16T05:25:41.499+0000] {logging_mixin.py:190} INFO - [2024-11-16T05:25:41.499+0000] {dagbag.py:588} INFO - Filling up the DagBag from /home/airflow/.local/lib/python3.12/site-packages/airflow/example_dags/example_params_ui_tutorial.py
[2024-11-16T05:25:41.506+0000] {processor.py:925} INFO - DAG(s) 'example_params_ui_tutorial' retrieved from /home/airflow/.local/lib/python3.12/site-packages/airflow/example_dags/example_params_ui_tutorial.py
[2024-11-16T05:25:41.538+0000] {logging_mixin.py:190} INFO - [2024-11-16T05:25:41.538+0000] {dag.py:3239} INFO - Sync 1 DAGs
[2024-11-16T05:25:41.550+0000] {logging_mixin.py:190} INFO - [2024-11-16T05:25:41.550+0000] {dag.py:4180} INFO - Setting next_dagrun for example_params_ui_tutorial to None, run_after=None
[2024-11-16T05:25:41.565+0000] {processor.py:208} INFO - Processing /home/airflow/.local/lib/python3.12/site-packages/airflow/example_dags/example_params_ui_tutorial.py took 0.072 seconds
[2024-11-16T05:26:12.821+0000] {processor.py:186} INFO - Started process (PID=230) to work on /home/airflow/.local/lib/python3.12/site-packages/airflow/example_dags/example_params_ui_tutorial.py
[2024-11-16T05:26:12.822+0000] {processor.py:914} INFO - Processing file /home/airflow/.local/lib/python3.12/site-packages/airflow/example_dags/example_params_ui_tutorial.py for tasks to queue
[2024-11-16T05:26:12.823+0000] {logging_mixin.py:190} INFO - [2024-11-16T05:26:12.823+0000] {dagbag.py:588} INFO - Filling up the DagBag from /home/airflow/.local/lib/python3.12/site-packages/airflow/example_dags/example_params_ui_tutorial.py
[2024-11-16T05:26:12.829+0000] {processor.py:925} INFO - DAG(s) 'example_params_ui_tutorial' retrieved from /home/airflow/.local/lib/python3.12/site-packages/airflow/example_dags/example_params_ui_tutorial.py
[2024-11-16T05:26:12.857+0000] {logging_mixin.py:190} INFO - [2024-11-16T05:26:12.857+0000] {dag.py:3239} INFO - Sync 1 DAGs
[2024-11-16T05:26:12.866+0000] {logging_mixin.py:190} INFO - [2024-11-16T05:26:12.865+0000] {dag.py:4180} INFO - Setting next_dagrun for example_params_ui_tutorial to None, run_after=None
[2024-11-16T05:26:12.879+0000] {processor.py:208} INFO - Processing /home/airflow/.local/lib/python3.12/site-packages/airflow/example_dags/example_params_ui_tutorial.py took 0.062 seconds
[2024-11-16T05:26:43.319+0000] {processor.py:186} INFO - Started process (PID=298) to work on /home/airflow/.local/lib/python3.12/site-packages/airflow/example_dags/example_params_ui_tutorial.py
[2024-11-16T05:26:43.320+0000] {processor.py:914} INFO - Processing file /home/airflow/.local/lib/python3.12/site-packages/airflow/example_dags/example_params_ui_tutorial.py for tasks to queue
[2024-11-16T05:26:43.321+0000] {logging_mixin.py:190} INFO - [2024-11-16T05:26:43.321+0000] {dagbag.py:588} INFO - Filling up the DagBag from /home/airflow/.local/lib/python3.12/site-packages/airflow/example_dags/example_params_ui_tutorial.py
[2024-11-16T05:26:43.326+0000] {processor.py:925} INFO - DAG(s) 'example_params_ui_tutorial' retrieved from /home/airflow/.local/lib/python3.12/site-packages/airflow/example_dags/example_params_ui_tutorial.py
[2024-11-16T05:26:43.353+0000] {logging_mixin.py:190} INFO - [2024-11-16T05:26:43.353+0000] {dag.py:3239} INFO - Sync 1 DAGs
[2024-11-16T05:26:43.362+0000] {logging_mixin.py:190} INFO - [2024-11-16T05:26:43.362+0000] {dag.py:4180} INFO - Setting next_dagrun for example_params_ui_tutorial to None, run_after=None
[2024-11-16T05:26:43.376+0000] {processor.py:208} INFO - Processing /home/airflow/.local/lib/python3.12/site-packages/airflow/example_dags/example_params_ui_tutorial.py took 0.061 seconds
[2024-11-16T05:27:14.544+0000] {processor.py:186} INFO - Started process (PID=366) to work on /home/airflow/.local/lib/python3.12/site-packages/airflow/example_dags/example_params_ui_tutorial.py
[2024-11-16T05:27:14.544+0000] {processor.py:914} INFO - Processing file /home/airflow/.local/lib/python3.12/site-packages/airflow/example_dags/example_params_ui_tutorial.py for tasks to queue
[2024-11-16T05:27:14.546+0000] {logging_mixin.py:190} INFO - [2024-11-16T05:27:14.546+0000] {dagbag.py:588} INFO - Filling up the DagBag from /home/airflow/.local/lib/python3.12/site-packages/airflow/example_dags/example_params_ui_tutorial.py
[2024-11-16T05:27:14.553+0000] {processor.py:925} INFO - DAG(s) 'example_params_ui_tutorial' retrieved from /home/airflow/.local/lib/python3.12/site-packages/airflow/example_dags/example_params_ui_tutorial.py
[2024-11-16T05:27:14.580+0000] {logging_mixin.py:190} INFO - [2024-11-16T05:27:14.580+0000] {dag.py:3239} INFO - Sync 1 DAGs
[2024-11-16T05:27:14.589+0000] {logging_mixin.py:190} INFO - [2024-11-16T05:27:14.589+0000] {dag.py:4180} INFO - Setting next_dagrun for example_params_ui_tutorial to None, run_after=None
[2024-11-16T05:27:14.602+0000] {processor.py:208} INFO - Processing /home/airflow/.local/lib/python3.12/site-packages/airflow/example_dags/example_params_ui_tutorial.py took 0.062 seconds
[2024-11-16T05:27:45.167+0000] {processor.py:186} INFO - Started process (PID=434) to work on /home/airflow/.local/lib/python3.12/site-packages/airflow/example_dags/example_params_ui_tutorial.py
[2024-11-16T05:27:45.168+0000] {processor.py:914} INFO - Processing file /home/airflow/.local/lib/python3.12/site-packages/airflow/example_dags/example_params_ui_tutorial.py for tasks to queue
[2024-11-16T05:27:45.170+0000] {logging_mixin.py:190} INFO - [2024-11-16T05:27:45.169+0000] {dagbag.py:588} INFO - Filling up the DagBag from /home/airflow/.local/lib/python3.12/site-packages/airflow/example_dags/example_params_ui_tutorial.py
[2024-11-16T05:27:45.175+0000] {processor.py:925} INFO - DAG(s) 'example_params_ui_tutorial' retrieved from /home/airflow/.local/lib/python3.12/site-packages/airflow/example_dags/example_params_ui_tutorial.py
[2024-11-16T05:27:45.203+0000] {logging_mixin.py:190} INFO - [2024-11-16T05:27:45.203+0000] {dag.py:3239} INFO - Sync 1 DAGs
[2024-11-16T05:27:45.212+0000] {logging_mixin.py:190} INFO - [2024-11-16T05:27:45.212+0000] {dag.py:4180} INFO - Setting next_dagrun for example_params_ui_tutorial to None, run_after=None
[2024-11-16T05:27:45.225+0000] {processor.py:208} INFO - Processing /home/airflow/.local/lib/python3.12/site-packages/airflow/example_dags/example_params_ui_tutorial.py took 0.062 seconds
[2024-11-16T05:29:50.305+0000] {processor.py:186} INFO - Started process (PID=113) to work on /home/airflow/.local/lib/python3.12/site-packages/airflow/example_dags/example_params_ui_tutorial.py
[2024-11-16T05:29:50.306+0000] {processor.py:914} INFO - Processing file /home/airflow/.local/lib/python3.12/site-packages/airflow/example_dags/example_params_ui_tutorial.py for tasks to queue
[2024-11-16T05:29:50.308+0000] {logging_mixin.py:190} INFO - [2024-11-16T05:29:50.308+0000] {dagbag.py:588} INFO - Filling up the DagBag from /home/airflow/.local/lib/python3.12/site-packages/airflow/example_dags/example_params_ui_tutorial.py
[2024-11-16T05:29:50.317+0000] {processor.py:925} INFO - DAG(s) 'example_params_ui_tutorial' retrieved from /home/airflow/.local/lib/python3.12/site-packages/airflow/example_dags/example_params_ui_tutorial.py
[2024-11-16T05:29:50.354+0000] {logging_mixin.py:190} INFO - [2024-11-16T05:29:50.354+0000] {dag.py:3239} INFO - Sync 1 DAGs
[2024-11-16T05:29:50.369+0000] {logging_mixin.py:190} INFO - [2024-11-16T05:29:50.369+0000] {dag.py:4180} INFO - Setting next_dagrun for example_params_ui_tutorial to None, run_after=None
[2024-11-16T05:29:50.390+0000] {processor.py:208} INFO - Processing /home/airflow/.local/lib/python3.12/site-packages/airflow/example_dags/example_params_ui_tutorial.py took 0.090 seconds
[2024-11-16T05:30:21.884+0000] {processor.py:186} INFO - Started process (PID=180) to work on /home/airflow/.local/lib/python3.12/site-packages/airflow/example_dags/example_params_ui_tutorial.py
[2024-11-16T05:30:21.885+0000] {processor.py:914} INFO - Processing file /home/airflow/.local/lib/python3.12/site-packages/airflow/example_dags/example_params_ui_tutorial.py for tasks to queue
[2024-11-16T05:30:21.887+0000] {logging_mixin.py:190} INFO - [2024-11-16T05:30:21.887+0000] {dagbag.py:588} INFO - Filling up the DagBag from /home/airflow/.local/lib/python3.12/site-packages/airflow/example_dags/example_params_ui_tutorial.py
[2024-11-16T05:30:21.895+0000] {processor.py:925} INFO - DAG(s) 'example_params_ui_tutorial' retrieved from /home/airflow/.local/lib/python3.12/site-packages/airflow/example_dags/example_params_ui_tutorial.py
[2024-11-16T05:30:21.957+0000] {logging_mixin.py:190} INFO - [2024-11-16T05:30:21.956+0000] {dag.py:3239} INFO - Sync 1 DAGs
[2024-11-16T05:30:21.981+0000] {logging_mixin.py:190} INFO - [2024-11-16T05:30:21.980+0000] {dag.py:4180} INFO - Setting next_dagrun for example_params_ui_tutorial to None, run_after=None
[2024-11-16T05:30:22.018+0000] {processor.py:208} INFO - Processing /home/airflow/.local/lib/python3.12/site-packages/airflow/example_dags/example_params_ui_tutorial.py took 0.139 seconds
[2024-11-16T05:30:52.307+0000] {processor.py:186} INFO - Started process (PID=248) to work on /home/airflow/.local/lib/python3.12/site-packages/airflow/example_dags/example_params_ui_tutorial.py
[2024-11-16T05:30:52.308+0000] {processor.py:914} INFO - Processing file /home/airflow/.local/lib/python3.12/site-packages/airflow/example_dags/example_params_ui_tutorial.py for tasks to queue
[2024-11-16T05:30:52.309+0000] {logging_mixin.py:190} INFO - [2024-11-16T05:30:52.309+0000] {dagbag.py:588} INFO - Filling up the DagBag from /home/airflow/.local/lib/python3.12/site-packages/airflow/example_dags/example_params_ui_tutorial.py
[2024-11-16T05:30:52.316+0000] {processor.py:925} INFO - DAG(s) 'example_params_ui_tutorial' retrieved from /home/airflow/.local/lib/python3.12/site-packages/airflow/example_dags/example_params_ui_tutorial.py
[2024-11-16T05:30:52.345+0000] {logging_mixin.py:190} INFO - [2024-11-16T05:30:52.344+0000] {dag.py:3239} INFO - Sync 1 DAGs
[2024-11-16T05:30:52.355+0000] {logging_mixin.py:190} INFO - [2024-11-16T05:30:52.355+0000] {dag.py:4180} INFO - Setting next_dagrun for example_params_ui_tutorial to None, run_after=None
[2024-11-16T05:30:52.380+0000] {processor.py:208} INFO - Processing /home/airflow/.local/lib/python3.12/site-packages/airflow/example_dags/example_params_ui_tutorial.py took 0.077 seconds
[2024-11-16T05:31:22.876+0000] {processor.py:186} INFO - Started process (PID=316) to work on /home/airflow/.local/lib/python3.12/site-packages/airflow/example_dags/example_params_ui_tutorial.py
[2024-11-16T05:31:22.877+0000] {processor.py:914} INFO - Processing file /home/airflow/.local/lib/python3.12/site-packages/airflow/example_dags/example_params_ui_tutorial.py for tasks to queue
[2024-11-16T05:31:22.878+0000] {logging_mixin.py:190} INFO - [2024-11-16T05:31:22.878+0000] {dagbag.py:588} INFO - Filling up the DagBag from /home/airflow/.local/lib/python3.12/site-packages/airflow/example_dags/example_params_ui_tutorial.py
[2024-11-16T05:31:22.885+0000] {processor.py:925} INFO - DAG(s) 'example_params_ui_tutorial' retrieved from /home/airflow/.local/lib/python3.12/site-packages/airflow/example_dags/example_params_ui_tutorial.py
[2024-11-16T05:31:22.914+0000] {logging_mixin.py:190} INFO - [2024-11-16T05:31:22.914+0000] {dag.py:3239} INFO - Sync 1 DAGs
[2024-11-16T05:31:22.924+0000] {logging_mixin.py:190} INFO - [2024-11-16T05:31:22.924+0000] {dag.py:4180} INFO - Setting next_dagrun for example_params_ui_tutorial to None, run_after=None
[2024-11-16T05:31:22.939+0000] {processor.py:208} INFO - Processing /home/airflow/.local/lib/python3.12/site-packages/airflow/example_dags/example_params_ui_tutorial.py took 0.067 seconds
[2024-11-16T05:31:53.360+0000] {processor.py:186} INFO - Started process (PID=384) to work on /home/airflow/.local/lib/python3.12/site-packages/airflow/example_dags/example_params_ui_tutorial.py
[2024-11-16T05:31:53.361+0000] {processor.py:914} INFO - Processing file /home/airflow/.local/lib/python3.12/site-packages/airflow/example_dags/example_params_ui_tutorial.py for tasks to queue
[2024-11-16T05:31:53.363+0000] {logging_mixin.py:190} INFO - [2024-11-16T05:31:53.362+0000] {dagbag.py:588} INFO - Filling up the DagBag from /home/airflow/.local/lib/python3.12/site-packages/airflow/example_dags/example_params_ui_tutorial.py
[2024-11-16T05:31:53.369+0000] {processor.py:925} INFO - DAG(s) 'example_params_ui_tutorial' retrieved from /home/airflow/.local/lib/python3.12/site-packages/airflow/example_dags/example_params_ui_tutorial.py
[2024-11-16T05:31:53.396+0000] {logging_mixin.py:190} INFO - [2024-11-16T05:31:53.396+0000] {dag.py:3239} INFO - Sync 1 DAGs
[2024-11-16T05:31:53.405+0000] {logging_mixin.py:190} INFO - [2024-11-16T05:31:53.405+0000] {dag.py:4180} INFO - Setting next_dagrun for example_params_ui_tutorial to None, run_after=None
[2024-11-16T05:31:53.420+0000] {processor.py:208} INFO - Processing /home/airflow/.local/lib/python3.12/site-packages/airflow/example_dags/example_params_ui_tutorial.py took 0.064 seconds
[2024-11-16T05:32:24.491+0000] {processor.py:186} INFO - Started process (PID=452) to work on /home/airflow/.local/lib/python3.12/site-packages/airflow/example_dags/example_params_ui_tutorial.py
[2024-11-16T05:32:24.492+0000] {processor.py:914} INFO - Processing file /home/airflow/.local/lib/python3.12/site-packages/airflow/example_dags/example_params_ui_tutorial.py for tasks to queue
[2024-11-16T05:32:24.493+0000] {logging_mixin.py:190} INFO - [2024-11-16T05:32:24.493+0000] {dagbag.py:588} INFO - Filling up the DagBag from /home/airflow/.local/lib/python3.12/site-packages/airflow/example_dags/example_params_ui_tutorial.py
[2024-11-16T05:32:24.499+0000] {processor.py:925} INFO - DAG(s) 'example_params_ui_tutorial' retrieved from /home/airflow/.local/lib/python3.12/site-packages/airflow/example_dags/example_params_ui_tutorial.py
[2024-11-16T05:32:24.528+0000] {logging_mixin.py:190} INFO - [2024-11-16T05:32:24.528+0000] {dag.py:3239} INFO - Sync 1 DAGs
[2024-11-16T05:32:24.538+0000] {logging_mixin.py:190} INFO - [2024-11-16T05:32:24.538+0000] {dag.py:4180} INFO - Setting next_dagrun for example_params_ui_tutorial to None, run_after=None
[2024-11-16T05:32:24.554+0000] {processor.py:208} INFO - Processing /home/airflow/.local/lib/python3.12/site-packages/airflow/example_dags/example_params_ui_tutorial.py took 0.067 seconds
[2024-11-16T05:32:55.697+0000] {processor.py:186} INFO - Started process (PID=520) to work on /home/airflow/.local/lib/python3.12/site-packages/airflow/example_dags/example_params_ui_tutorial.py
[2024-11-16T05:32:55.699+0000] {processor.py:914} INFO - Processing file /home/airflow/.local/lib/python3.12/site-packages/airflow/example_dags/example_params_ui_tutorial.py for tasks to queue
[2024-11-16T05:32:55.701+0000] {logging_mixin.py:190} INFO - [2024-11-16T05:32:55.700+0000] {dagbag.py:588} INFO - Filling up the DagBag from /home/airflow/.local/lib/python3.12/site-packages/airflow/example_dags/example_params_ui_tutorial.py
[2024-11-16T05:32:55.710+0000] {processor.py:925} INFO - DAG(s) 'example_params_ui_tutorial' retrieved from /home/airflow/.local/lib/python3.12/site-packages/airflow/example_dags/example_params_ui_tutorial.py
[2024-11-16T05:32:55.759+0000] {logging_mixin.py:190} INFO - [2024-11-16T05:32:55.759+0000] {dag.py:3239} INFO - Sync 1 DAGs
[2024-11-16T05:32:55.772+0000] {logging_mixin.py:190} INFO - [2024-11-16T05:32:55.772+0000] {dag.py:4180} INFO - Setting next_dagrun for example_params_ui_tutorial to None, run_after=None
[2024-11-16T05:32:55.788+0000] {processor.py:208} INFO - Processing /home/airflow/.local/lib/python3.12/site-packages/airflow/example_dags/example_params_ui_tutorial.py took 0.095 seconds
[2024-11-16T05:33:26.444+0000] {processor.py:186} INFO - Started process (PID=588) to work on /home/airflow/.local/lib/python3.12/site-packages/airflow/example_dags/example_params_ui_tutorial.py
[2024-11-16T05:33:26.444+0000] {processor.py:914} INFO - Processing file /home/airflow/.local/lib/python3.12/site-packages/airflow/example_dags/example_params_ui_tutorial.py for tasks to queue
[2024-11-16T05:33:26.446+0000] {logging_mixin.py:190} INFO - [2024-11-16T05:33:26.446+0000] {dagbag.py:588} INFO - Filling up the DagBag from /home/airflow/.local/lib/python3.12/site-packages/airflow/example_dags/example_params_ui_tutorial.py
[2024-11-16T05:33:26.453+0000] {processor.py:925} INFO - DAG(s) 'example_params_ui_tutorial' retrieved from /home/airflow/.local/lib/python3.12/site-packages/airflow/example_dags/example_params_ui_tutorial.py
[2024-11-16T05:33:26.483+0000] {logging_mixin.py:190} INFO - [2024-11-16T05:33:26.483+0000] {dag.py:3239} INFO - Sync 1 DAGs
[2024-11-16T05:33:26.493+0000] {logging_mixin.py:190} INFO - [2024-11-16T05:33:26.493+0000] {dag.py:4180} INFO - Setting next_dagrun for example_params_ui_tutorial to None, run_after=None
[2024-11-16T05:33:26.510+0000] {processor.py:208} INFO - Processing /home/airflow/.local/lib/python3.12/site-packages/airflow/example_dags/example_params_ui_tutorial.py took 0.071 seconds
[2024-11-16T05:33:57.318+0000] {processor.py:186} INFO - Started process (PID=656) to work on /home/airflow/.local/lib/python3.12/site-packages/airflow/example_dags/example_params_ui_tutorial.py
[2024-11-16T05:33:57.321+0000] {processor.py:914} INFO - Processing file /home/airflow/.local/lib/python3.12/site-packages/airflow/example_dags/example_params_ui_tutorial.py for tasks to queue
[2024-11-16T05:33:57.323+0000] {logging_mixin.py:190} INFO - [2024-11-16T05:33:57.323+0000] {dagbag.py:588} INFO - Filling up the DagBag from /home/airflow/.local/lib/python3.12/site-packages/airflow/example_dags/example_params_ui_tutorial.py
[2024-11-16T05:33:57.331+0000] {processor.py:925} INFO - DAG(s) 'example_params_ui_tutorial' retrieved from /home/airflow/.local/lib/python3.12/site-packages/airflow/example_dags/example_params_ui_tutorial.py
[2024-11-16T05:33:57.369+0000] {logging_mixin.py:190} INFO - [2024-11-16T05:33:57.369+0000] {dag.py:3239} INFO - Sync 1 DAGs
[2024-11-16T05:33:57.383+0000] {logging_mixin.py:190} INFO - [2024-11-16T05:33:57.383+0000] {dag.py:4180} INFO - Setting next_dagrun for example_params_ui_tutorial to None, run_after=None
[2024-11-16T05:33:57.405+0000] {processor.py:208} INFO - Processing /home/airflow/.local/lib/python3.12/site-packages/airflow/example_dags/example_params_ui_tutorial.py took 0.093 seconds
[2024-11-16T05:34:28.798+0000] {processor.py:186} INFO - Started process (PID=724) to work on /home/airflow/.local/lib/python3.12/site-packages/airflow/example_dags/example_params_ui_tutorial.py
[2024-11-16T05:34:28.799+0000] {processor.py:914} INFO - Processing file /home/airflow/.local/lib/python3.12/site-packages/airflow/example_dags/example_params_ui_tutorial.py for tasks to queue
[2024-11-16T05:34:28.800+0000] {logging_mixin.py:190} INFO - [2024-11-16T05:34:28.800+0000] {dagbag.py:588} INFO - Filling up the DagBag from /home/airflow/.local/lib/python3.12/site-packages/airflow/example_dags/example_params_ui_tutorial.py
[2024-11-16T05:34:28.807+0000] {processor.py:925} INFO - DAG(s) 'example_params_ui_tutorial' retrieved from /home/airflow/.local/lib/python3.12/site-packages/airflow/example_dags/example_params_ui_tutorial.py
[2024-11-16T05:34:28.840+0000] {logging_mixin.py:190} INFO - [2024-11-16T05:34:28.839+0000] {dag.py:3239} INFO - Sync 1 DAGs
[2024-11-16T05:34:28.851+0000] {logging_mixin.py:190} INFO - [2024-11-16T05:34:28.851+0000] {dag.py:4180} INFO - Setting next_dagrun for example_params_ui_tutorial to None, run_after=None
[2024-11-16T05:34:28.868+0000] {processor.py:208} INFO - Processing /home/airflow/.local/lib/python3.12/site-packages/airflow/example_dags/example_params_ui_tutorial.py took 0.075 seconds
[2024-11-16T05:34:59.447+0000] {processor.py:186} INFO - Started process (PID=792) to work on /home/airflow/.local/lib/python3.12/site-packages/airflow/example_dags/example_params_ui_tutorial.py
[2024-11-16T05:34:59.449+0000] {processor.py:914} INFO - Processing file /home/airflow/.local/lib/python3.12/site-packages/airflow/example_dags/example_params_ui_tutorial.py for tasks to queue
[2024-11-16T05:34:59.451+0000] {logging_mixin.py:190} INFO - [2024-11-16T05:34:59.451+0000] {dagbag.py:588} INFO - Filling up the DagBag from /home/airflow/.local/lib/python3.12/site-packages/airflow/example_dags/example_params_ui_tutorial.py
[2024-11-16T05:34:59.460+0000] {processor.py:925} INFO - DAG(s) 'example_params_ui_tutorial' retrieved from /home/airflow/.local/lib/python3.12/site-packages/airflow/example_dags/example_params_ui_tutorial.py
[2024-11-16T05:34:59.498+0000] {logging_mixin.py:190} INFO - [2024-11-16T05:34:59.498+0000] {dag.py:3239} INFO - Sync 1 DAGs
[2024-11-16T05:34:59.508+0000] {logging_mixin.py:190} INFO - [2024-11-16T05:34:59.508+0000] {dag.py:4180} INFO - Setting next_dagrun for example_params_ui_tutorial to None, run_after=None
[2024-11-16T05:34:59.525+0000] {processor.py:208} INFO - Processing /home/airflow/.local/lib/python3.12/site-packages/airflow/example_dags/example_params_ui_tutorial.py took 0.087 seconds
[2024-11-16T05:35:30.194+0000] {processor.py:186} INFO - Started process (PID=860) to work on /home/airflow/.local/lib/python3.12/site-packages/airflow/example_dags/example_params_ui_tutorial.py
[2024-11-16T05:35:30.194+0000] {processor.py:914} INFO - Processing file /home/airflow/.local/lib/python3.12/site-packages/airflow/example_dags/example_params_ui_tutorial.py for tasks to queue
[2024-11-16T05:35:30.196+0000] {logging_mixin.py:190} INFO - [2024-11-16T05:35:30.195+0000] {dagbag.py:588} INFO - Filling up the DagBag from /home/airflow/.local/lib/python3.12/site-packages/airflow/example_dags/example_params_ui_tutorial.py
[2024-11-16T05:35:30.202+0000] {processor.py:925} INFO - DAG(s) 'example_params_ui_tutorial' retrieved from /home/airflow/.local/lib/python3.12/site-packages/airflow/example_dags/example_params_ui_tutorial.py
[2024-11-16T05:35:30.230+0000] {logging_mixin.py:190} INFO - [2024-11-16T05:35:30.230+0000] {dag.py:3239} INFO - Sync 1 DAGs
[2024-11-16T05:35:30.241+0000] {logging_mixin.py:190} INFO - [2024-11-16T05:35:30.241+0000] {dag.py:4180} INFO - Setting next_dagrun for example_params_ui_tutorial to None, run_after=None
[2024-11-16T05:35:30.259+0000] {processor.py:208} INFO - Processing /home/airflow/.local/lib/python3.12/site-packages/airflow/example_dags/example_params_ui_tutorial.py took 0.070 seconds
[2024-11-16T05:36:01.472+0000] {processor.py:186} INFO - Started process (PID=928) to work on /home/airflow/.local/lib/python3.12/site-packages/airflow/example_dags/example_params_ui_tutorial.py
[2024-11-16T05:36:01.473+0000] {processor.py:914} INFO - Processing file /home/airflow/.local/lib/python3.12/site-packages/airflow/example_dags/example_params_ui_tutorial.py for tasks to queue
[2024-11-16T05:36:01.475+0000] {logging_mixin.py:190} INFO - [2024-11-16T05:36:01.475+0000] {dagbag.py:588} INFO - Filling up the DagBag from /home/airflow/.local/lib/python3.12/site-packages/airflow/example_dags/example_params_ui_tutorial.py
[2024-11-16T05:36:01.486+0000] {processor.py:925} INFO - DAG(s) 'example_params_ui_tutorial' retrieved from /home/airflow/.local/lib/python3.12/site-packages/airflow/example_dags/example_params_ui_tutorial.py
[2024-11-16T05:36:01.523+0000] {logging_mixin.py:190} INFO - [2024-11-16T05:36:01.523+0000] {dag.py:3239} INFO - Sync 1 DAGs
[2024-11-16T05:36:01.539+0000] {logging_mixin.py:190} INFO - [2024-11-16T05:36:01.538+0000] {dag.py:4180} INFO - Setting next_dagrun for example_params_ui_tutorial to None, run_after=None
[2024-11-16T05:36:01.558+0000] {processor.py:208} INFO - Processing /home/airflow/.local/lib/python3.12/site-packages/airflow/example_dags/example_params_ui_tutorial.py took 0.090 seconds
[2024-11-16T05:36:32.373+0000] {processor.py:186} INFO - Started process (PID=996) to work on /home/airflow/.local/lib/python3.12/site-packages/airflow/example_dags/example_params_ui_tutorial.py
[2024-11-16T05:36:32.374+0000] {processor.py:914} INFO - Processing file /home/airflow/.local/lib/python3.12/site-packages/airflow/example_dags/example_params_ui_tutorial.py for tasks to queue
[2024-11-16T05:36:32.375+0000] {logging_mixin.py:190} INFO - [2024-11-16T05:36:32.375+0000] {dagbag.py:588} INFO - Filling up the DagBag from /home/airflow/.local/lib/python3.12/site-packages/airflow/example_dags/example_params_ui_tutorial.py
[2024-11-16T05:36:32.381+0000] {processor.py:925} INFO - DAG(s) 'example_params_ui_tutorial' retrieved from /home/airflow/.local/lib/python3.12/site-packages/airflow/example_dags/example_params_ui_tutorial.py
[2024-11-16T05:36:32.410+0000] {logging_mixin.py:190} INFO - [2024-11-16T05:36:32.410+0000] {dag.py:3239} INFO - Sync 1 DAGs
[2024-11-16T05:36:32.421+0000] {logging_mixin.py:190} INFO - [2024-11-16T05:36:32.420+0000] {dag.py:4180} INFO - Setting next_dagrun for example_params_ui_tutorial to None, run_after=None
[2024-11-16T05:36:32.437+0000] {processor.py:208} INFO - Processing /home/airflow/.local/lib/python3.12/site-packages/airflow/example_dags/example_params_ui_tutorial.py took 0.068 seconds
[2024-11-16T05:37:03.261+0000] {processor.py:186} INFO - Started process (PID=1064) to work on /home/airflow/.local/lib/python3.12/site-packages/airflow/example_dags/example_params_ui_tutorial.py
[2024-11-16T05:37:03.262+0000] {processor.py:914} INFO - Processing file /home/airflow/.local/lib/python3.12/site-packages/airflow/example_dags/example_params_ui_tutorial.py for tasks to queue
[2024-11-16T05:37:03.263+0000] {logging_mixin.py:190} INFO - [2024-11-16T05:37:03.263+0000] {dagbag.py:588} INFO - Filling up the DagBag from /home/airflow/.local/lib/python3.12/site-packages/airflow/example_dags/example_params_ui_tutorial.py
[2024-11-16T05:37:03.270+0000] {processor.py:925} INFO - DAG(s) 'example_params_ui_tutorial' retrieved from /home/airflow/.local/lib/python3.12/site-packages/airflow/example_dags/example_params_ui_tutorial.py
[2024-11-16T05:37:03.298+0000] {logging_mixin.py:190} INFO - [2024-11-16T05:37:03.298+0000] {dag.py:3239} INFO - Sync 1 DAGs
[2024-11-16T05:37:03.309+0000] {logging_mixin.py:190} INFO - [2024-11-16T05:37:03.308+0000] {dag.py:4180} INFO - Setting next_dagrun for example_params_ui_tutorial to None, run_after=None
[2024-11-16T05:37:03.324+0000] {processor.py:208} INFO - Processing /home/airflow/.local/lib/python3.12/site-packages/airflow/example_dags/example_params_ui_tutorial.py took 0.067 seconds
[2024-11-16T05:37:34.721+0000] {processor.py:186} INFO - Started process (PID=1133) to work on /home/airflow/.local/lib/python3.12/site-packages/airflow/example_dags/example_params_ui_tutorial.py
[2024-11-16T05:37:34.722+0000] {processor.py:914} INFO - Processing file /home/airflow/.local/lib/python3.12/site-packages/airflow/example_dags/example_params_ui_tutorial.py for tasks to queue
[2024-11-16T05:37:34.723+0000] {logging_mixin.py:190} INFO - [2024-11-16T05:37:34.723+0000] {dagbag.py:588} INFO - Filling up the DagBag from /home/airflow/.local/lib/python3.12/site-packages/airflow/example_dags/example_params_ui_tutorial.py
[2024-11-16T05:37:34.730+0000] {processor.py:925} INFO - DAG(s) 'example_params_ui_tutorial' retrieved from /home/airflow/.local/lib/python3.12/site-packages/airflow/example_dags/example_params_ui_tutorial.py
[2024-11-16T05:37:34.760+0000] {logging_mixin.py:190} INFO - [2024-11-16T05:37:34.759+0000] {dag.py:3239} INFO - Sync 1 DAGs
[2024-11-16T05:37:34.772+0000] {logging_mixin.py:190} INFO - [2024-11-16T05:37:34.772+0000] {dag.py:4180} INFO - Setting next_dagrun for example_params_ui_tutorial to None, run_after=None
[2024-11-16T05:37:34.789+0000] {processor.py:208} INFO - Processing /home/airflow/.local/lib/python3.12/site-packages/airflow/example_dags/example_params_ui_tutorial.py took 0.072 seconds
[2024-11-16T05:38:05.818+0000] {processor.py:186} INFO - Started process (PID=1201) to work on /home/airflow/.local/lib/python3.12/site-packages/airflow/example_dags/example_params_ui_tutorial.py
[2024-11-16T05:38:05.819+0000] {processor.py:914} INFO - Processing file /home/airflow/.local/lib/python3.12/site-packages/airflow/example_dags/example_params_ui_tutorial.py for tasks to queue
[2024-11-16T05:38:05.820+0000] {logging_mixin.py:190} INFO - [2024-11-16T05:38:05.820+0000] {dagbag.py:588} INFO - Filling up the DagBag from /home/airflow/.local/lib/python3.12/site-packages/airflow/example_dags/example_params_ui_tutorial.py
[2024-11-16T05:38:05.826+0000] {processor.py:925} INFO - DAG(s) 'example_params_ui_tutorial' retrieved from /home/airflow/.local/lib/python3.12/site-packages/airflow/example_dags/example_params_ui_tutorial.py
[2024-11-16T05:38:05.855+0000] {logging_mixin.py:190} INFO - [2024-11-16T05:38:05.854+0000] {dag.py:3239} INFO - Sync 1 DAGs
[2024-11-16T05:38:05.865+0000] {logging_mixin.py:190} INFO - [2024-11-16T05:38:05.864+0000] {dag.py:4180} INFO - Setting next_dagrun for example_params_ui_tutorial to None, run_after=None
[2024-11-16T05:38:05.880+0000] {processor.py:208} INFO - Processing /home/airflow/.local/lib/python3.12/site-packages/airflow/example_dags/example_params_ui_tutorial.py took 0.066 seconds
[2024-11-16T05:38:36.720+0000] {processor.py:186} INFO - Started process (PID=1269) to work on /home/airflow/.local/lib/python3.12/site-packages/airflow/example_dags/example_params_ui_tutorial.py
[2024-11-16T05:38:36.723+0000] {processor.py:914} INFO - Processing file /home/airflow/.local/lib/python3.12/site-packages/airflow/example_dags/example_params_ui_tutorial.py for tasks to queue
[2024-11-16T05:38:36.725+0000] {logging_mixin.py:190} INFO - [2024-11-16T05:38:36.724+0000] {dagbag.py:588} INFO - Filling up the DagBag from /home/airflow/.local/lib/python3.12/site-packages/airflow/example_dags/example_params_ui_tutorial.py
[2024-11-16T05:38:36.731+0000] {processor.py:925} INFO - DAG(s) 'example_params_ui_tutorial' retrieved from /home/airflow/.local/lib/python3.12/site-packages/airflow/example_dags/example_params_ui_tutorial.py
[2024-11-16T05:38:36.764+0000] {logging_mixin.py:190} INFO - [2024-11-16T05:38:36.764+0000] {dag.py:3239} INFO - Sync 1 DAGs
[2024-11-16T05:38:36.774+0000] {logging_mixin.py:190} INFO - [2024-11-16T05:38:36.774+0000] {dag.py:4180} INFO - Setting next_dagrun for example_params_ui_tutorial to None, run_after=None
[2024-11-16T05:38:36.789+0000] {processor.py:208} INFO - Processing /home/airflow/.local/lib/python3.12/site-packages/airflow/example_dags/example_params_ui_tutorial.py took 0.074 seconds
[2024-11-16T05:39:07.954+0000] {processor.py:186} INFO - Started process (PID=1337) to work on /home/airflow/.local/lib/python3.12/site-packages/airflow/example_dags/example_params_ui_tutorial.py
[2024-11-16T05:39:07.955+0000] {processor.py:914} INFO - Processing file /home/airflow/.local/lib/python3.12/site-packages/airflow/example_dags/example_params_ui_tutorial.py for tasks to queue
[2024-11-16T05:39:07.957+0000] {logging_mixin.py:190} INFO - [2024-11-16T05:39:07.956+0000] {dagbag.py:588} INFO - Filling up the DagBag from /home/airflow/.local/lib/python3.12/site-packages/airflow/example_dags/example_params_ui_tutorial.py
[2024-11-16T05:39:07.963+0000] {processor.py:925} INFO - DAG(s) 'example_params_ui_tutorial' retrieved from /home/airflow/.local/lib/python3.12/site-packages/airflow/example_dags/example_params_ui_tutorial.py
[2024-11-16T05:39:07.991+0000] {logging_mixin.py:190} INFO - [2024-11-16T05:39:07.991+0000] {dag.py:3239} INFO - Sync 1 DAGs
[2024-11-16T05:39:08.008+0000] {logging_mixin.py:190} INFO - [2024-11-16T05:39:08.008+0000] {dag.py:4180} INFO - Setting next_dagrun for example_params_ui_tutorial to None, run_after=None
[2024-11-16T05:39:08.026+0000] {processor.py:208} INFO - Processing /home/airflow/.local/lib/python3.12/site-packages/airflow/example_dags/example_params_ui_tutorial.py took 0.076 seconds
[2024-11-16T05:46:01.134+0000] {processor.py:186} INFO - Started process (PID=101) to work on /home/airflow/.local/lib/python3.12/site-packages/airflow/example_dags/example_params_ui_tutorial.py
[2024-11-16T05:46:01.136+0000] {processor.py:914} INFO - Processing file /home/airflow/.local/lib/python3.12/site-packages/airflow/example_dags/example_params_ui_tutorial.py for tasks to queue
[2024-11-16T05:46:01.138+0000] {logging_mixin.py:190} INFO - [2024-11-16T05:46:01.138+0000] {dagbag.py:588} INFO - Filling up the DagBag from /home/airflow/.local/lib/python3.12/site-packages/airflow/example_dags/example_params_ui_tutorial.py
[2024-11-16T05:46:01.150+0000] {processor.py:925} INFO - DAG(s) 'example_params_ui_tutorial' retrieved from /home/airflow/.local/lib/python3.12/site-packages/airflow/example_dags/example_params_ui_tutorial.py
[2024-11-16T05:46:01.199+0000] {logging_mixin.py:190} INFO - [2024-11-16T05:46:01.198+0000] {dag.py:3239} INFO - Sync 1 DAGs
[2024-11-16T05:46:01.222+0000] {logging_mixin.py:190} INFO - [2024-11-16T05:46:01.222+0000] {dag.py:4180} INFO - Setting next_dagrun for example_params_ui_tutorial to None, run_after=None
[2024-11-16T05:46:01.245+0000] {processor.py:208} INFO - Processing /home/airflow/.local/lib/python3.12/site-packages/airflow/example_dags/example_params_ui_tutorial.py took 0.117 seconds
[2024-11-16T05:46:31.412+0000] {processor.py:186} INFO - Started process (PID=167) to work on /home/airflow/.local/lib/python3.12/site-packages/airflow/example_dags/example_params_ui_tutorial.py
[2024-11-16T05:46:31.413+0000] {processor.py:914} INFO - Processing file /home/airflow/.local/lib/python3.12/site-packages/airflow/example_dags/example_params_ui_tutorial.py for tasks to queue
[2024-11-16T05:46:31.415+0000] {logging_mixin.py:190} INFO - [2024-11-16T05:46:31.415+0000] {dagbag.py:588} INFO - Filling up the DagBag from /home/airflow/.local/lib/python3.12/site-packages/airflow/example_dags/example_params_ui_tutorial.py
[2024-11-16T05:46:31.422+0000] {processor.py:925} INFO - DAG(s) 'example_params_ui_tutorial' retrieved from /home/airflow/.local/lib/python3.12/site-packages/airflow/example_dags/example_params_ui_tutorial.py
[2024-11-16T05:46:31.452+0000] {logging_mixin.py:190} INFO - [2024-11-16T05:46:31.452+0000] {dag.py:3239} INFO - Sync 1 DAGs
[2024-11-16T05:46:31.469+0000] {logging_mixin.py:190} INFO - [2024-11-16T05:46:31.468+0000] {dag.py:4180} INFO - Setting next_dagrun for example_params_ui_tutorial to None, run_after=None
[2024-11-16T05:46:31.496+0000] {processor.py:208} INFO - Processing /home/airflow/.local/lib/python3.12/site-packages/airflow/example_dags/example_params_ui_tutorial.py took 0.087 seconds
[2024-11-16T05:47:02.529+0000] {processor.py:186} INFO - Started process (PID=235) to work on /home/airflow/.local/lib/python3.12/site-packages/airflow/example_dags/example_params_ui_tutorial.py
[2024-11-16T05:47:02.530+0000] {processor.py:914} INFO - Processing file /home/airflow/.local/lib/python3.12/site-packages/airflow/example_dags/example_params_ui_tutorial.py for tasks to queue
[2024-11-16T05:47:02.532+0000] {logging_mixin.py:190} INFO - [2024-11-16T05:47:02.532+0000] {dagbag.py:588} INFO - Filling up the DagBag from /home/airflow/.local/lib/python3.12/site-packages/airflow/example_dags/example_params_ui_tutorial.py
[2024-11-16T05:47:02.542+0000] {processor.py:925} INFO - DAG(s) 'example_params_ui_tutorial' retrieved from /home/airflow/.local/lib/python3.12/site-packages/airflow/example_dags/example_params_ui_tutorial.py
[2024-11-16T05:47:02.583+0000] {logging_mixin.py:190} INFO - [2024-11-16T05:47:02.583+0000] {dag.py:3239} INFO - Sync 1 DAGs
[2024-11-16T05:47:02.595+0000] {logging_mixin.py:190} INFO - [2024-11-16T05:47:02.595+0000] {dag.py:4180} INFO - Setting next_dagrun for example_params_ui_tutorial to None, run_after=None
[2024-11-16T05:47:02.613+0000] {processor.py:208} INFO - Processing /home/airflow/.local/lib/python3.12/site-packages/airflow/example_dags/example_params_ui_tutorial.py took 0.095 seconds
[2024-11-16T05:47:32.735+0000] {processor.py:186} INFO - Started process (PID=302) to work on /home/airflow/.local/lib/python3.12/site-packages/airflow/example_dags/example_params_ui_tutorial.py
[2024-11-16T05:47:32.736+0000] {processor.py:914} INFO - Processing file /home/airflow/.local/lib/python3.12/site-packages/airflow/example_dags/example_params_ui_tutorial.py for tasks to queue
[2024-11-16T05:47:32.738+0000] {logging_mixin.py:190} INFO - [2024-11-16T05:47:32.738+0000] {dagbag.py:588} INFO - Filling up the DagBag from /home/airflow/.local/lib/python3.12/site-packages/airflow/example_dags/example_params_ui_tutorial.py
[2024-11-16T05:47:32.746+0000] {processor.py:925} INFO - DAG(s) 'example_params_ui_tutorial' retrieved from /home/airflow/.local/lib/python3.12/site-packages/airflow/example_dags/example_params_ui_tutorial.py
[2024-11-16T05:47:32.779+0000] {logging_mixin.py:190} INFO - [2024-11-16T05:47:32.778+0000] {dag.py:3239} INFO - Sync 1 DAGs
[2024-11-16T05:47:32.790+0000] {logging_mixin.py:190} INFO - [2024-11-16T05:47:32.790+0000] {dag.py:4180} INFO - Setting next_dagrun for example_params_ui_tutorial to None, run_after=None
[2024-11-16T05:47:32.807+0000] {processor.py:208} INFO - Processing /home/airflow/.local/lib/python3.12/site-packages/airflow/example_dags/example_params_ui_tutorial.py took 0.077 seconds
[2024-11-16T05:48:03.824+0000] {processor.py:186} INFO - Started process (PID=370) to work on /home/airflow/.local/lib/python3.12/site-packages/airflow/example_dags/example_params_ui_tutorial.py
[2024-11-16T05:48:03.826+0000] {processor.py:914} INFO - Processing file /home/airflow/.local/lib/python3.12/site-packages/airflow/example_dags/example_params_ui_tutorial.py for tasks to queue
[2024-11-16T05:48:03.828+0000] {logging_mixin.py:190} INFO - [2024-11-16T05:48:03.827+0000] {dagbag.py:588} INFO - Filling up the DagBag from /home/airflow/.local/lib/python3.12/site-packages/airflow/example_dags/example_params_ui_tutorial.py
[2024-11-16T05:48:03.835+0000] {processor.py:925} INFO - DAG(s) 'example_params_ui_tutorial' retrieved from /home/airflow/.local/lib/python3.12/site-packages/airflow/example_dags/example_params_ui_tutorial.py
[2024-11-16T05:48:03.865+0000] {logging_mixin.py:190} INFO - [2024-11-16T05:48:03.865+0000] {dag.py:3239} INFO - Sync 1 DAGs
[2024-11-16T05:48:03.876+0000] {logging_mixin.py:190} INFO - [2024-11-16T05:48:03.875+0000] {dag.py:4180} INFO - Setting next_dagrun for example_params_ui_tutorial to None, run_after=None
[2024-11-16T05:48:03.890+0000] {processor.py:208} INFO - Processing /home/airflow/.local/lib/python3.12/site-packages/airflow/example_dags/example_params_ui_tutorial.py took 0.070 seconds
[2024-11-16T05:48:34.842+0000] {processor.py:186} INFO - Started process (PID=438) to work on /home/airflow/.local/lib/python3.12/site-packages/airflow/example_dags/example_params_ui_tutorial.py
[2024-11-16T05:48:34.843+0000] {processor.py:914} INFO - Processing file /home/airflow/.local/lib/python3.12/site-packages/airflow/example_dags/example_params_ui_tutorial.py for tasks to queue
[2024-11-16T05:48:34.844+0000] {logging_mixin.py:190} INFO - [2024-11-16T05:48:34.844+0000] {dagbag.py:588} INFO - Filling up the DagBag from /home/airflow/.local/lib/python3.12/site-packages/airflow/example_dags/example_params_ui_tutorial.py
[2024-11-16T05:48:34.850+0000] {processor.py:925} INFO - DAG(s) 'example_params_ui_tutorial' retrieved from /home/airflow/.local/lib/python3.12/site-packages/airflow/example_dags/example_params_ui_tutorial.py
[2024-11-16T05:48:34.877+0000] {logging_mixin.py:190} INFO - [2024-11-16T05:48:34.877+0000] {dag.py:3239} INFO - Sync 1 DAGs
[2024-11-16T05:48:34.886+0000] {logging_mixin.py:190} INFO - [2024-11-16T05:48:34.886+0000] {dag.py:4180} INFO - Setting next_dagrun for example_params_ui_tutorial to None, run_after=None
[2024-11-16T05:48:34.900+0000] {processor.py:208} INFO - Processing /home/airflow/.local/lib/python3.12/site-packages/airflow/example_dags/example_params_ui_tutorial.py took 0.061 seconds
[2024-11-16T05:49:05.270+0000] {processor.py:186} INFO - Started process (PID=506) to work on /home/airflow/.local/lib/python3.12/site-packages/airflow/example_dags/example_params_ui_tutorial.py
[2024-11-16T05:49:05.271+0000] {processor.py:914} INFO - Processing file /home/airflow/.local/lib/python3.12/site-packages/airflow/example_dags/example_params_ui_tutorial.py for tasks to queue
[2024-11-16T05:49:05.274+0000] {logging_mixin.py:190} INFO - [2024-11-16T05:49:05.274+0000] {dagbag.py:588} INFO - Filling up the DagBag from /home/airflow/.local/lib/python3.12/site-packages/airflow/example_dags/example_params_ui_tutorial.py
[2024-11-16T05:49:05.281+0000] {processor.py:925} INFO - DAG(s) 'example_params_ui_tutorial' retrieved from /home/airflow/.local/lib/python3.12/site-packages/airflow/example_dags/example_params_ui_tutorial.py
[2024-11-16T05:49:05.315+0000] {logging_mixin.py:190} INFO - [2024-11-16T05:49:05.315+0000] {dag.py:3239} INFO - Sync 1 DAGs
[2024-11-16T05:49:05.328+0000] {logging_mixin.py:190} INFO - [2024-11-16T05:49:05.328+0000] {dag.py:4180} INFO - Setting next_dagrun for example_params_ui_tutorial to None, run_after=None
[2024-11-16T05:49:05.345+0000] {processor.py:208} INFO - Processing /home/airflow/.local/lib/python3.12/site-packages/airflow/example_dags/example_params_ui_tutorial.py took 0.081 seconds
[2024-11-16T05:49:35.861+0000] {processor.py:186} INFO - Started process (PID=573) to work on /home/airflow/.local/lib/python3.12/site-packages/airflow/example_dags/example_params_ui_tutorial.py
[2024-11-16T05:49:35.861+0000] {processor.py:914} INFO - Processing file /home/airflow/.local/lib/python3.12/site-packages/airflow/example_dags/example_params_ui_tutorial.py for tasks to queue
[2024-11-16T05:49:35.863+0000] {logging_mixin.py:190} INFO - [2024-11-16T05:49:35.862+0000] {dagbag.py:588} INFO - Filling up the DagBag from /home/airflow/.local/lib/python3.12/site-packages/airflow/example_dags/example_params_ui_tutorial.py
[2024-11-16T05:49:35.869+0000] {processor.py:925} INFO - DAG(s) 'example_params_ui_tutorial' retrieved from /home/airflow/.local/lib/python3.12/site-packages/airflow/example_dags/example_params_ui_tutorial.py
[2024-11-16T05:49:35.896+0000] {logging_mixin.py:190} INFO - [2024-11-16T05:49:35.896+0000] {dag.py:3239} INFO - Sync 1 DAGs
[2024-11-16T05:49:35.906+0000] {logging_mixin.py:190} INFO - [2024-11-16T05:49:35.906+0000] {dag.py:4180} INFO - Setting next_dagrun for example_params_ui_tutorial to None, run_after=None
[2024-11-16T05:49:35.919+0000] {processor.py:208} INFO - Processing /home/airflow/.local/lib/python3.12/site-packages/airflow/example_dags/example_params_ui_tutorial.py took 0.062 seconds
[2024-11-16T05:50:49.898+0000] {processor.py:186} INFO - Started process (PID=107) to work on /home/airflow/.local/lib/python3.12/site-packages/airflow/example_dags/example_params_ui_tutorial.py
[2024-11-16T05:50:49.899+0000] {processor.py:914} INFO - Processing file /home/airflow/.local/lib/python3.12/site-packages/airflow/example_dags/example_params_ui_tutorial.py for tasks to queue
[2024-11-16T05:50:49.900+0000] {logging_mixin.py:190} INFO - [2024-11-16T05:50:49.900+0000] {dagbag.py:588} INFO - Filling up the DagBag from /home/airflow/.local/lib/python3.12/site-packages/airflow/example_dags/example_params_ui_tutorial.py
[2024-11-16T05:50:49.907+0000] {processor.py:925} INFO - DAG(s) 'example_params_ui_tutorial' retrieved from /home/airflow/.local/lib/python3.12/site-packages/airflow/example_dags/example_params_ui_tutorial.py
[2024-11-16T05:50:49.943+0000] {logging_mixin.py:190} INFO - [2024-11-16T05:50:49.943+0000] {dag.py:3239} INFO - Sync 1 DAGs
[2024-11-16T05:50:49.957+0000] {logging_mixin.py:190} INFO - [2024-11-16T05:50:49.956+0000] {dag.py:4180} INFO - Setting next_dagrun for example_params_ui_tutorial to None, run_after=None
[2024-11-16T05:50:49.975+0000] {processor.py:208} INFO - Processing /home/airflow/.local/lib/python3.12/site-packages/airflow/example_dags/example_params_ui_tutorial.py took 0.082 seconds
[2024-11-16T05:51:20.447+0000] {processor.py:186} INFO - Started process (PID=174) to work on /home/airflow/.local/lib/python3.12/site-packages/airflow/example_dags/example_params_ui_tutorial.py
[2024-11-16T05:51:20.447+0000] {processor.py:914} INFO - Processing file /home/airflow/.local/lib/python3.12/site-packages/airflow/example_dags/example_params_ui_tutorial.py for tasks to queue
[2024-11-16T05:51:20.450+0000] {logging_mixin.py:190} INFO - [2024-11-16T05:51:20.450+0000] {dagbag.py:588} INFO - Filling up the DagBag from /home/airflow/.local/lib/python3.12/site-packages/airflow/example_dags/example_params_ui_tutorial.py
[2024-11-16T05:51:20.461+0000] {processor.py:925} INFO - DAG(s) 'example_params_ui_tutorial' retrieved from /home/airflow/.local/lib/python3.12/site-packages/airflow/example_dags/example_params_ui_tutorial.py
[2024-11-16T05:51:20.514+0000] {logging_mixin.py:190} INFO - [2024-11-16T05:51:20.514+0000] {dag.py:3239} INFO - Sync 1 DAGs
[2024-11-16T05:51:20.534+0000] {logging_mixin.py:190} INFO - [2024-11-16T05:51:20.534+0000] {dag.py:4180} INFO - Setting next_dagrun for example_params_ui_tutorial to None, run_after=None
[2024-11-16T05:51:20.558+0000] {processor.py:208} INFO - Processing /home/airflow/.local/lib/python3.12/site-packages/airflow/example_dags/example_params_ui_tutorial.py took 0.119 seconds
[2024-11-16T05:51:52.052+0000] {processor.py:186} INFO - Started process (PID=243) to work on /home/airflow/.local/lib/python3.12/site-packages/airflow/example_dags/example_params_ui_tutorial.py
[2024-11-16T05:51:52.053+0000] {processor.py:914} INFO - Processing file /home/airflow/.local/lib/python3.12/site-packages/airflow/example_dags/example_params_ui_tutorial.py for tasks to queue
[2024-11-16T05:51:52.054+0000] {logging_mixin.py:190} INFO - [2024-11-16T05:51:52.054+0000] {dagbag.py:588} INFO - Filling up the DagBag from /home/airflow/.local/lib/python3.12/site-packages/airflow/example_dags/example_params_ui_tutorial.py
[2024-11-16T05:51:52.059+0000] {processor.py:925} INFO - DAG(s) 'example_params_ui_tutorial' retrieved from /home/airflow/.local/lib/python3.12/site-packages/airflow/example_dags/example_params_ui_tutorial.py
[2024-11-16T05:51:52.088+0000] {logging_mixin.py:190} INFO - [2024-11-16T05:51:52.087+0000] {dag.py:3239} INFO - Sync 1 DAGs
[2024-11-16T05:51:52.098+0000] {logging_mixin.py:190} INFO - [2024-11-16T05:51:52.097+0000] {dag.py:4180} INFO - Setting next_dagrun for example_params_ui_tutorial to None, run_after=None
[2024-11-16T05:51:52.111+0000] {processor.py:208} INFO - Processing /home/airflow/.local/lib/python3.12/site-packages/airflow/example_dags/example_params_ui_tutorial.py took 0.062 seconds
[2024-11-16T05:52:23.125+0000] {processor.py:186} INFO - Started process (PID=311) to work on /home/airflow/.local/lib/python3.12/site-packages/airflow/example_dags/example_params_ui_tutorial.py
[2024-11-16T05:52:23.125+0000] {processor.py:914} INFO - Processing file /home/airflow/.local/lib/python3.12/site-packages/airflow/example_dags/example_params_ui_tutorial.py for tasks to queue
[2024-11-16T05:52:23.127+0000] {logging_mixin.py:190} INFO - [2024-11-16T05:52:23.126+0000] {dagbag.py:588} INFO - Filling up the DagBag from /home/airflow/.local/lib/python3.12/site-packages/airflow/example_dags/example_params_ui_tutorial.py
[2024-11-16T05:52:23.133+0000] {processor.py:925} INFO - DAG(s) 'example_params_ui_tutorial' retrieved from /home/airflow/.local/lib/python3.12/site-packages/airflow/example_dags/example_params_ui_tutorial.py
[2024-11-16T05:52:23.162+0000] {logging_mixin.py:190} INFO - [2024-11-16T05:52:23.162+0000] {dag.py:3239} INFO - Sync 1 DAGs
[2024-11-16T05:52:23.172+0000] {logging_mixin.py:190} INFO - [2024-11-16T05:52:23.171+0000] {dag.py:4180} INFO - Setting next_dagrun for example_params_ui_tutorial to None, run_after=None
[2024-11-16T05:52:23.186+0000] {processor.py:208} INFO - Processing /home/airflow/.local/lib/python3.12/site-packages/airflow/example_dags/example_params_ui_tutorial.py took 0.065 seconds
[2024-11-16T05:52:54.166+0000] {processor.py:186} INFO - Started process (PID=379) to work on /home/airflow/.local/lib/python3.12/site-packages/airflow/example_dags/example_params_ui_tutorial.py
[2024-11-16T05:52:54.167+0000] {processor.py:914} INFO - Processing file /home/airflow/.local/lib/python3.12/site-packages/airflow/example_dags/example_params_ui_tutorial.py for tasks to queue
[2024-11-16T05:52:54.168+0000] {logging_mixin.py:190} INFO - [2024-11-16T05:52:54.168+0000] {dagbag.py:588} INFO - Filling up the DagBag from /home/airflow/.local/lib/python3.12/site-packages/airflow/example_dags/example_params_ui_tutorial.py
[2024-11-16T05:52:54.175+0000] {processor.py:925} INFO - DAG(s) 'example_params_ui_tutorial' retrieved from /home/airflow/.local/lib/python3.12/site-packages/airflow/example_dags/example_params_ui_tutorial.py
[2024-11-16T05:52:54.213+0000] {logging_mixin.py:190} INFO - [2024-11-16T05:52:54.213+0000] {dag.py:3239} INFO - Sync 1 DAGs
[2024-11-16T05:52:54.238+0000] {logging_mixin.py:190} INFO - [2024-11-16T05:52:54.238+0000] {dag.py:4180} INFO - Setting next_dagrun for example_params_ui_tutorial to None, run_after=None
[2024-11-16T05:52:54.261+0000] {processor.py:208} INFO - Processing /home/airflow/.local/lib/python3.12/site-packages/airflow/example_dags/example_params_ui_tutorial.py took 0.100 seconds
[2024-11-16T05:53:24.727+0000] {processor.py:186} INFO - Started process (PID=447) to work on /home/airflow/.local/lib/python3.12/site-packages/airflow/example_dags/example_params_ui_tutorial.py
[2024-11-16T05:53:24.728+0000] {processor.py:914} INFO - Processing file /home/airflow/.local/lib/python3.12/site-packages/airflow/example_dags/example_params_ui_tutorial.py for tasks to queue
[2024-11-16T05:53:24.729+0000] {logging_mixin.py:190} INFO - [2024-11-16T05:53:24.729+0000] {dagbag.py:588} INFO - Filling up the DagBag from /home/airflow/.local/lib/python3.12/site-packages/airflow/example_dags/example_params_ui_tutorial.py
[2024-11-16T05:53:24.734+0000] {processor.py:925} INFO - DAG(s) 'example_params_ui_tutorial' retrieved from /home/airflow/.local/lib/python3.12/site-packages/airflow/example_dags/example_params_ui_tutorial.py
[2024-11-16T05:53:24.761+0000] {logging_mixin.py:190} INFO - [2024-11-16T05:53:24.761+0000] {dag.py:3239} INFO - Sync 1 DAGs
[2024-11-16T05:53:24.771+0000] {logging_mixin.py:190} INFO - [2024-11-16T05:53:24.771+0000] {dag.py:4180} INFO - Setting next_dagrun for example_params_ui_tutorial to None, run_after=None
[2024-11-16T05:53:24.784+0000] {processor.py:208} INFO - Processing /home/airflow/.local/lib/python3.12/site-packages/airflow/example_dags/example_params_ui_tutorial.py took 0.060 seconds
[2024-11-16T05:53:55.269+0000] {processor.py:186} INFO - Started process (PID=515) to work on /home/airflow/.local/lib/python3.12/site-packages/airflow/example_dags/example_params_ui_tutorial.py
[2024-11-16T05:53:55.269+0000] {processor.py:914} INFO - Processing file /home/airflow/.local/lib/python3.12/site-packages/airflow/example_dags/example_params_ui_tutorial.py for tasks to queue
[2024-11-16T05:53:55.271+0000] {logging_mixin.py:190} INFO - [2024-11-16T05:53:55.270+0000] {dagbag.py:588} INFO - Filling up the DagBag from /home/airflow/.local/lib/python3.12/site-packages/airflow/example_dags/example_params_ui_tutorial.py
[2024-11-16T05:53:55.276+0000] {processor.py:925} INFO - DAG(s) 'example_params_ui_tutorial' retrieved from /home/airflow/.local/lib/python3.12/site-packages/airflow/example_dags/example_params_ui_tutorial.py
[2024-11-16T05:53:55.301+0000] {logging_mixin.py:190} INFO - [2024-11-16T05:53:55.301+0000] {dag.py:3239} INFO - Sync 1 DAGs
[2024-11-16T05:53:55.310+0000] {logging_mixin.py:190} INFO - [2024-11-16T05:53:55.310+0000] {dag.py:4180} INFO - Setting next_dagrun for example_params_ui_tutorial to None, run_after=None
[2024-11-16T05:53:55.322+0000] {processor.py:208} INFO - Processing /home/airflow/.local/lib/python3.12/site-packages/airflow/example_dags/example_params_ui_tutorial.py took 0.057 seconds
[2024-11-16T05:54:25.733+0000] {processor.py:186} INFO - Started process (PID=583) to work on /home/airflow/.local/lib/python3.12/site-packages/airflow/example_dags/example_params_ui_tutorial.py
[2024-11-16T05:54:25.734+0000] {processor.py:914} INFO - Processing file /home/airflow/.local/lib/python3.12/site-packages/airflow/example_dags/example_params_ui_tutorial.py for tasks to queue
[2024-11-16T05:54:25.735+0000] {logging_mixin.py:190} INFO - [2024-11-16T05:54:25.735+0000] {dagbag.py:588} INFO - Filling up the DagBag from /home/airflow/.local/lib/python3.12/site-packages/airflow/example_dags/example_params_ui_tutorial.py
[2024-11-16T05:54:25.741+0000] {processor.py:925} INFO - DAG(s) 'example_params_ui_tutorial' retrieved from /home/airflow/.local/lib/python3.12/site-packages/airflow/example_dags/example_params_ui_tutorial.py
[2024-11-16T05:54:25.768+0000] {logging_mixin.py:190} INFO - [2024-11-16T05:54:25.767+0000] {dag.py:3239} INFO - Sync 1 DAGs
[2024-11-16T05:54:25.777+0000] {logging_mixin.py:190} INFO - [2024-11-16T05:54:25.777+0000] {dag.py:4180} INFO - Setting next_dagrun for example_params_ui_tutorial to None, run_after=None
[2024-11-16T05:54:25.791+0000] {processor.py:208} INFO - Processing /home/airflow/.local/lib/python3.12/site-packages/airflow/example_dags/example_params_ui_tutorial.py took 0.062 seconds
[2024-11-16T05:54:56.145+0000] {processor.py:186} INFO - Started process (PID=650) to work on /home/airflow/.local/lib/python3.12/site-packages/airflow/example_dags/example_params_ui_tutorial.py
[2024-11-16T05:54:56.146+0000] {processor.py:914} INFO - Processing file /home/airflow/.local/lib/python3.12/site-packages/airflow/example_dags/example_params_ui_tutorial.py for tasks to queue
[2024-11-16T05:54:56.147+0000] {logging_mixin.py:190} INFO - [2024-11-16T05:54:56.147+0000] {dagbag.py:588} INFO - Filling up the DagBag from /home/airflow/.local/lib/python3.12/site-packages/airflow/example_dags/example_params_ui_tutorial.py
[2024-11-16T05:54:56.153+0000] {processor.py:925} INFO - DAG(s) 'example_params_ui_tutorial' retrieved from /home/airflow/.local/lib/python3.12/site-packages/airflow/example_dags/example_params_ui_tutorial.py
[2024-11-16T05:54:56.181+0000] {logging_mixin.py:190} INFO - [2024-11-16T05:54:56.181+0000] {dag.py:3239} INFO - Sync 1 DAGs
[2024-11-16T05:54:56.191+0000] {logging_mixin.py:190} INFO - [2024-11-16T05:54:56.191+0000] {dag.py:4180} INFO - Setting next_dagrun for example_params_ui_tutorial to None, run_after=None
[2024-11-16T05:54:56.204+0000] {processor.py:208} INFO - Processing /home/airflow/.local/lib/python3.12/site-packages/airflow/example_dags/example_params_ui_tutorial.py took 0.062 seconds
[2024-11-16T05:55:26.517+0000] {processor.py:186} INFO - Started process (PID=717) to work on /home/airflow/.local/lib/python3.12/site-packages/airflow/example_dags/example_params_ui_tutorial.py
[2024-11-16T05:55:26.518+0000] {processor.py:914} INFO - Processing file /home/airflow/.local/lib/python3.12/site-packages/airflow/example_dags/example_params_ui_tutorial.py for tasks to queue
[2024-11-16T05:55:26.519+0000] {logging_mixin.py:190} INFO - [2024-11-16T05:55:26.519+0000] {dagbag.py:588} INFO - Filling up the DagBag from /home/airflow/.local/lib/python3.12/site-packages/airflow/example_dags/example_params_ui_tutorial.py
[2024-11-16T05:55:26.525+0000] {processor.py:925} INFO - DAG(s) 'example_params_ui_tutorial' retrieved from /home/airflow/.local/lib/python3.12/site-packages/airflow/example_dags/example_params_ui_tutorial.py
[2024-11-16T05:55:26.553+0000] {logging_mixin.py:190} INFO - [2024-11-16T05:55:26.553+0000] {dag.py:3239} INFO - Sync 1 DAGs
[2024-11-16T05:55:26.562+0000] {logging_mixin.py:190} INFO - [2024-11-16T05:55:26.562+0000] {dag.py:4180} INFO - Setting next_dagrun for example_params_ui_tutorial to None, run_after=None
[2024-11-16T05:55:26.576+0000] {processor.py:208} INFO - Processing /home/airflow/.local/lib/python3.12/site-packages/airflow/example_dags/example_params_ui_tutorial.py took 0.065 seconds
[2024-11-16T05:55:56.874+0000] {processor.py:186} INFO - Started process (PID=784) to work on /home/airflow/.local/lib/python3.12/site-packages/airflow/example_dags/example_params_ui_tutorial.py
[2024-11-16T05:55:56.876+0000] {processor.py:914} INFO - Processing file /home/airflow/.local/lib/python3.12/site-packages/airflow/example_dags/example_params_ui_tutorial.py for tasks to queue
[2024-11-16T05:55:56.877+0000] {logging_mixin.py:190} INFO - [2024-11-16T05:55:56.877+0000] {dagbag.py:588} INFO - Filling up the DagBag from /home/airflow/.local/lib/python3.12/site-packages/airflow/example_dags/example_params_ui_tutorial.py
[2024-11-16T05:55:56.884+0000] {processor.py:925} INFO - DAG(s) 'example_params_ui_tutorial' retrieved from /home/airflow/.local/lib/python3.12/site-packages/airflow/example_dags/example_params_ui_tutorial.py
[2024-11-16T05:55:56.911+0000] {logging_mixin.py:190} INFO - [2024-11-16T05:55:56.911+0000] {dag.py:3239} INFO - Sync 1 DAGs
[2024-11-16T05:55:56.920+0000] {logging_mixin.py:190} INFO - [2024-11-16T05:55:56.920+0000] {dag.py:4180} INFO - Setting next_dagrun for example_params_ui_tutorial to None, run_after=None
[2024-11-16T05:55:56.935+0000] {processor.py:208} INFO - Processing /home/airflow/.local/lib/python3.12/site-packages/airflow/example_dags/example_params_ui_tutorial.py took 0.065 seconds
[2024-11-16T05:56:27.304+0000] {processor.py:186} INFO - Started process (PID=852) to work on /home/airflow/.local/lib/python3.12/site-packages/airflow/example_dags/example_params_ui_tutorial.py
[2024-11-16T05:56:27.306+0000] {processor.py:914} INFO - Processing file /home/airflow/.local/lib/python3.12/site-packages/airflow/example_dags/example_params_ui_tutorial.py for tasks to queue
[2024-11-16T05:56:27.308+0000] {logging_mixin.py:190} INFO - [2024-11-16T05:56:27.307+0000] {dagbag.py:588} INFO - Filling up the DagBag from /home/airflow/.local/lib/python3.12/site-packages/airflow/example_dags/example_params_ui_tutorial.py
[2024-11-16T05:56:27.314+0000] {processor.py:925} INFO - DAG(s) 'example_params_ui_tutorial' retrieved from /home/airflow/.local/lib/python3.12/site-packages/airflow/example_dags/example_params_ui_tutorial.py
[2024-11-16T05:56:27.341+0000] {logging_mixin.py:190} INFO - [2024-11-16T05:56:27.341+0000] {dag.py:3239} INFO - Sync 1 DAGs
[2024-11-16T05:56:27.350+0000] {logging_mixin.py:190} INFO - [2024-11-16T05:56:27.350+0000] {dag.py:4180} INFO - Setting next_dagrun for example_params_ui_tutorial to None, run_after=None
[2024-11-16T05:56:27.363+0000] {processor.py:208} INFO - Processing /home/airflow/.local/lib/python3.12/site-packages/airflow/example_dags/example_params_ui_tutorial.py took 0.063 seconds
[2024-11-16T05:56:57.522+0000] {processor.py:186} INFO - Started process (PID=920) to work on /home/airflow/.local/lib/python3.12/site-packages/airflow/example_dags/example_params_ui_tutorial.py
[2024-11-16T05:56:57.524+0000] {processor.py:914} INFO - Processing file /home/airflow/.local/lib/python3.12/site-packages/airflow/example_dags/example_params_ui_tutorial.py for tasks to queue
[2024-11-16T05:56:57.528+0000] {logging_mixin.py:190} INFO - [2024-11-16T05:56:57.528+0000] {dagbag.py:588} INFO - Filling up the DagBag from /home/airflow/.local/lib/python3.12/site-packages/airflow/example_dags/example_params_ui_tutorial.py
[2024-11-16T05:56:57.535+0000] {processor.py:925} INFO - DAG(s) 'example_params_ui_tutorial' retrieved from /home/airflow/.local/lib/python3.12/site-packages/airflow/example_dags/example_params_ui_tutorial.py
[2024-11-16T05:56:57.571+0000] {logging_mixin.py:190} INFO - [2024-11-16T05:56:57.571+0000] {dag.py:3239} INFO - Sync 1 DAGs
[2024-11-16T05:56:57.583+0000] {logging_mixin.py:190} INFO - [2024-11-16T05:56:57.583+0000] {dag.py:4180} INFO - Setting next_dagrun for example_params_ui_tutorial to None, run_after=None
[2024-11-16T05:56:57.604+0000] {processor.py:208} INFO - Processing /home/airflow/.local/lib/python3.12/site-packages/airflow/example_dags/example_params_ui_tutorial.py took 0.086 seconds
[2024-11-16T06:44:18.304+0000] {processor.py:186} INFO - Started process (PID=115) to work on /home/airflow/.local/lib/python3.12/site-packages/airflow/example_dags/example_params_ui_tutorial.py
[2024-11-16T06:44:18.305+0000] {processor.py:914} INFO - Processing file /home/airflow/.local/lib/python3.12/site-packages/airflow/example_dags/example_params_ui_tutorial.py for tasks to queue
[2024-11-16T06:44:18.308+0000] {logging_mixin.py:190} INFO - [2024-11-16T06:44:18.307+0000] {dagbag.py:588} INFO - Filling up the DagBag from /home/airflow/.local/lib/python3.12/site-packages/airflow/example_dags/example_params_ui_tutorial.py
[2024-11-16T06:44:18.322+0000] {processor.py:925} INFO - DAG(s) 'example_params_ui_tutorial' retrieved from /home/airflow/.local/lib/python3.12/site-packages/airflow/example_dags/example_params_ui_tutorial.py
[2024-11-16T06:44:18.379+0000] {logging_mixin.py:190} INFO - [2024-11-16T06:44:18.379+0000] {dag.py:3239} INFO - Sync 1 DAGs
[2024-11-16T06:44:18.399+0000] {logging_mixin.py:190} INFO - [2024-11-16T06:44:18.398+0000] {dag.py:4180} INFO - Setting next_dagrun for example_params_ui_tutorial to None, run_after=None
[2024-11-16T06:44:18.418+0000] {processor.py:208} INFO - Processing /home/airflow/.local/lib/python3.12/site-packages/airflow/example_dags/example_params_ui_tutorial.py took 0.122 seconds
[2024-11-16T06:44:49.698+0000] {processor.py:186} INFO - Started process (PID=183) to work on /home/airflow/.local/lib/python3.12/site-packages/airflow/example_dags/example_params_ui_tutorial.py
[2024-11-16T06:44:49.700+0000] {processor.py:914} INFO - Processing file /home/airflow/.local/lib/python3.12/site-packages/airflow/example_dags/example_params_ui_tutorial.py for tasks to queue
[2024-11-16T06:44:49.703+0000] {logging_mixin.py:190} INFO - [2024-11-16T06:44:49.703+0000] {dagbag.py:588} INFO - Filling up the DagBag from /home/airflow/.local/lib/python3.12/site-packages/airflow/example_dags/example_params_ui_tutorial.py
[2024-11-16T06:44:49.722+0000] {processor.py:925} INFO - DAG(s) 'example_params_ui_tutorial' retrieved from /home/airflow/.local/lib/python3.12/site-packages/airflow/example_dags/example_params_ui_tutorial.py
[2024-11-16T06:44:49.790+0000] {logging_mixin.py:190} INFO - [2024-11-16T06:44:49.789+0000] {dag.py:3239} INFO - Sync 1 DAGs
[2024-11-16T06:44:49.813+0000] {logging_mixin.py:190} INFO - [2024-11-16T06:44:49.812+0000] {dag.py:4180} INFO - Setting next_dagrun for example_params_ui_tutorial to None, run_after=None
[2024-11-16T06:44:49.855+0000] {processor.py:208} INFO - Processing /home/airflow/.local/lib/python3.12/site-packages/airflow/example_dags/example_params_ui_tutorial.py took 0.168 seconds
[2024-11-16T06:45:20.064+0000] {processor.py:186} INFO - Started process (PID=250) to work on /home/airflow/.local/lib/python3.12/site-packages/airflow/example_dags/example_params_ui_tutorial.py
[2024-11-16T06:45:20.065+0000] {processor.py:914} INFO - Processing file /home/airflow/.local/lib/python3.12/site-packages/airflow/example_dags/example_params_ui_tutorial.py for tasks to queue
[2024-11-16T06:45:20.070+0000] {logging_mixin.py:190} INFO - [2024-11-16T06:45:20.068+0000] {dagbag.py:588} INFO - Filling up the DagBag from /home/airflow/.local/lib/python3.12/site-packages/airflow/example_dags/example_params_ui_tutorial.py
[2024-11-16T06:45:20.082+0000] {processor.py:925} INFO - DAG(s) 'example_params_ui_tutorial' retrieved from /home/airflow/.local/lib/python3.12/site-packages/airflow/example_dags/example_params_ui_tutorial.py
[2024-11-16T06:45:20.130+0000] {logging_mixin.py:190} INFO - [2024-11-16T06:45:20.130+0000] {dag.py:3239} INFO - Sync 1 DAGs
[2024-11-16T06:45:20.147+0000] {logging_mixin.py:190} INFO - [2024-11-16T06:45:20.147+0000] {dag.py:4180} INFO - Setting next_dagrun for example_params_ui_tutorial to None, run_after=None
[2024-11-16T06:45:20.175+0000] {processor.py:208} INFO - Processing /home/airflow/.local/lib/python3.12/site-packages/airflow/example_dags/example_params_ui_tutorial.py took 0.117 seconds
[2024-11-16T06:45:50.216+0000] {processor.py:186} INFO - Started process (PID=317) to work on /home/airflow/.local/lib/python3.12/site-packages/airflow/example_dags/example_params_ui_tutorial.py
[2024-11-16T06:45:50.216+0000] {processor.py:914} INFO - Processing file /home/airflow/.local/lib/python3.12/site-packages/airflow/example_dags/example_params_ui_tutorial.py for tasks to queue
[2024-11-16T06:45:50.220+0000] {logging_mixin.py:190} INFO - [2024-11-16T06:45:50.220+0000] {dagbag.py:588} INFO - Filling up the DagBag from /home/airflow/.local/lib/python3.12/site-packages/airflow/example_dags/example_params_ui_tutorial.py
[2024-11-16T06:45:50.228+0000] {processor.py:925} INFO - DAG(s) 'example_params_ui_tutorial' retrieved from /home/airflow/.local/lib/python3.12/site-packages/airflow/example_dags/example_params_ui_tutorial.py
[2024-11-16T06:45:50.262+0000] {logging_mixin.py:190} INFO - [2024-11-16T06:45:50.262+0000] {dag.py:3239} INFO - Sync 1 DAGs
[2024-11-16T06:45:50.273+0000] {logging_mixin.py:190} INFO - [2024-11-16T06:45:50.273+0000] {dag.py:4180} INFO - Setting next_dagrun for example_params_ui_tutorial to None, run_after=None
[2024-11-16T06:45:50.291+0000] {processor.py:208} INFO - Processing /home/airflow/.local/lib/python3.12/site-packages/airflow/example_dags/example_params_ui_tutorial.py took 0.079 seconds
[2024-11-16T06:46:20.741+0000] {processor.py:186} INFO - Started process (PID=385) to work on /home/airflow/.local/lib/python3.12/site-packages/airflow/example_dags/example_params_ui_tutorial.py
[2024-11-16T06:46:20.742+0000] {processor.py:914} INFO - Processing file /home/airflow/.local/lib/python3.12/site-packages/airflow/example_dags/example_params_ui_tutorial.py for tasks to queue
[2024-11-16T06:46:20.743+0000] {logging_mixin.py:190} INFO - [2024-11-16T06:46:20.743+0000] {dagbag.py:588} INFO - Filling up the DagBag from /home/airflow/.local/lib/python3.12/site-packages/airflow/example_dags/example_params_ui_tutorial.py
[2024-11-16T06:46:20.749+0000] {processor.py:925} INFO - DAG(s) 'example_params_ui_tutorial' retrieved from /home/airflow/.local/lib/python3.12/site-packages/airflow/example_dags/example_params_ui_tutorial.py
[2024-11-16T06:46:20.781+0000] {logging_mixin.py:190} INFO - [2024-11-16T06:46:20.780+0000] {dag.py:3239} INFO - Sync 1 DAGs
[2024-11-16T06:46:20.792+0000] {logging_mixin.py:190} INFO - [2024-11-16T06:46:20.792+0000] {dag.py:4180} INFO - Setting next_dagrun for example_params_ui_tutorial to None, run_after=None
[2024-11-16T06:46:20.808+0000] {processor.py:208} INFO - Processing /home/airflow/.local/lib/python3.12/site-packages/airflow/example_dags/example_params_ui_tutorial.py took 0.071 seconds
[2024-11-16T07:28:10.416+0000] {processor.py:186} INFO - Started process (PID=113) to work on /home/airflow/.local/lib/python3.12/site-packages/airflow/example_dags/example_params_ui_tutorial.py
[2024-11-16T07:28:10.417+0000] {processor.py:914} INFO - Processing file /home/airflow/.local/lib/python3.12/site-packages/airflow/example_dags/example_params_ui_tutorial.py for tasks to queue
[2024-11-16T07:28:10.419+0000] {logging_mixin.py:190} INFO - [2024-11-16T07:28:10.418+0000] {dagbag.py:588} INFO - Filling up the DagBag from /home/airflow/.local/lib/python3.12/site-packages/airflow/example_dags/example_params_ui_tutorial.py
[2024-11-16T07:28:10.428+0000] {processor.py:925} INFO - DAG(s) 'example_params_ui_tutorial' retrieved from /home/airflow/.local/lib/python3.12/site-packages/airflow/example_dags/example_params_ui_tutorial.py
[2024-11-16T07:28:10.544+0000] {logging_mixin.py:190} INFO - [2024-11-16T07:28:10.544+0000] {override.py:1900} INFO - Created Permission View: can read on DAG:example_params_ui_tutorial
[2024-11-16T07:28:10.556+0000] {logging_mixin.py:190} INFO - [2024-11-16T07:28:10.556+0000] {override.py:1900} INFO - Created Permission View: can edit on DAG:example_params_ui_tutorial
[2024-11-16T07:28:10.564+0000] {logging_mixin.py:190} INFO - [2024-11-16T07:28:10.564+0000] {override.py:1900} INFO - Created Permission View: can delete on DAG:example_params_ui_tutorial
[2024-11-16T07:28:10.575+0000] {logging_mixin.py:190} INFO - [2024-11-16T07:28:10.575+0000] {override.py:1900} INFO - Created Permission View: can read on DAG Run:example_params_ui_tutorial
[2024-11-16T07:28:10.582+0000] {logging_mixin.py:190} INFO - [2024-11-16T07:28:10.582+0000] {override.py:1900} INFO - Created Permission View: menu access on DAG Run:example_params_ui_tutorial
[2024-11-16T07:28:10.588+0000] {logging_mixin.py:190} INFO - [2024-11-16T07:28:10.588+0000] {override.py:1900} INFO - Created Permission View: can create on DAG Run:example_params_ui_tutorial
[2024-11-16T07:28:10.596+0000] {logging_mixin.py:190} INFO - [2024-11-16T07:28:10.596+0000] {override.py:1900} INFO - Created Permission View: can delete on DAG Run:example_params_ui_tutorial
[2024-11-16T07:28:10.597+0000] {logging_mixin.py:190} INFO - [2024-11-16T07:28:10.596+0000] {dag.py:3239} INFO - Sync 1 DAGs
[2024-11-16T07:28:10.606+0000] {logging_mixin.py:190} INFO - [2024-11-16T07:28:10.606+0000] {dag.py:3262} INFO - Creating ORM DAG for example_params_ui_tutorial
[2024-11-16T07:28:10.607+0000] {logging_mixin.py:190} INFO - [2024-11-16T07:28:10.607+0000] {dag.py:4180} INFO - Setting next_dagrun for example_params_ui_tutorial to None, run_after=None
[2024-11-16T07:28:10.623+0000] {processor.py:208} INFO - Processing /home/airflow/.local/lib/python3.12/site-packages/airflow/example_dags/example_params_ui_tutorial.py took 0.212 seconds
[2024-11-16T07:28:41.453+0000] {processor.py:186} INFO - Started process (PID=180) to work on /home/airflow/.local/lib/python3.12/site-packages/airflow/example_dags/example_params_ui_tutorial.py
[2024-11-16T07:28:41.454+0000] {processor.py:914} INFO - Processing file /home/airflow/.local/lib/python3.12/site-packages/airflow/example_dags/example_params_ui_tutorial.py for tasks to queue
[2024-11-16T07:28:41.456+0000] {logging_mixin.py:190} INFO - [2024-11-16T07:28:41.456+0000] {dagbag.py:588} INFO - Filling up the DagBag from /home/airflow/.local/lib/python3.12/site-packages/airflow/example_dags/example_params_ui_tutorial.py
[2024-11-16T07:28:41.463+0000] {processor.py:925} INFO - DAG(s) 'example_params_ui_tutorial' retrieved from /home/airflow/.local/lib/python3.12/site-packages/airflow/example_dags/example_params_ui_tutorial.py
[2024-11-16T07:28:41.512+0000] {logging_mixin.py:190} INFO - [2024-11-16T07:28:41.512+0000] {dag.py:3239} INFO - Sync 1 DAGs
[2024-11-16T07:28:41.532+0000] {logging_mixin.py:190} INFO - [2024-11-16T07:28:41.532+0000] {dag.py:4180} INFO - Setting next_dagrun for example_params_ui_tutorial to None, run_after=None
[2024-11-16T07:28:41.560+0000] {processor.py:208} INFO - Processing /home/airflow/.local/lib/python3.12/site-packages/airflow/example_dags/example_params_ui_tutorial.py took 0.115 seconds
[2024-11-16T07:29:44.440+0000] {processor.py:186} INFO - Started process (PID=248) to work on /home/airflow/.local/lib/python3.12/site-packages/airflow/example_dags/example_params_ui_tutorial.py
[2024-11-16T07:29:44.441+0000] {processor.py:914} INFO - Processing file /home/airflow/.local/lib/python3.12/site-packages/airflow/example_dags/example_params_ui_tutorial.py for tasks to queue
[2024-11-16T07:29:44.443+0000] {logging_mixin.py:190} INFO - [2024-11-16T07:29:44.443+0000] {dagbag.py:588} INFO - Filling up the DagBag from /home/airflow/.local/lib/python3.12/site-packages/airflow/example_dags/example_params_ui_tutorial.py
[2024-11-16T07:29:44.450+0000] {processor.py:925} INFO - DAG(s) 'example_params_ui_tutorial' retrieved from /home/airflow/.local/lib/python3.12/site-packages/airflow/example_dags/example_params_ui_tutorial.py
[2024-11-16T07:29:44.486+0000] {logging_mixin.py:190} INFO - [2024-11-16T07:29:44.486+0000] {dag.py:3239} INFO - Sync 1 DAGs
[2024-11-16T07:29:44.498+0000] {logging_mixin.py:190} INFO - [2024-11-16T07:29:44.498+0000] {dag.py:4180} INFO - Setting next_dagrun for example_params_ui_tutorial to None, run_after=None
[2024-11-16T07:29:44.516+0000] {processor.py:208} INFO - Processing /home/airflow/.local/lib/python3.12/site-packages/airflow/example_dags/example_params_ui_tutorial.py took 0.080 seconds
[2024-11-16T07:30:15.200+0000] {processor.py:186} INFO - Started process (PID=314) to work on /home/airflow/.local/lib/python3.12/site-packages/airflow/example_dags/example_params_ui_tutorial.py
[2024-11-16T07:30:15.201+0000] {processor.py:914} INFO - Processing file /home/airflow/.local/lib/python3.12/site-packages/airflow/example_dags/example_params_ui_tutorial.py for tasks to queue
[2024-11-16T07:30:15.201+0000] {logging_mixin.py:190} INFO - [2024-11-16T07:30:15.201+0000] {dagbag.py:588} INFO - Filling up the DagBag from /home/airflow/.local/lib/python3.12/site-packages/airflow/example_dags/example_params_ui_tutorial.py
[2024-11-16T07:30:15.207+0000] {processor.py:925} INFO - DAG(s) 'example_params_ui_tutorial' retrieved from /home/airflow/.local/lib/python3.12/site-packages/airflow/example_dags/example_params_ui_tutorial.py
[2024-11-16T07:30:15.239+0000] {logging_mixin.py:190} INFO - [2024-11-16T07:30:15.238+0000] {dag.py:3239} INFO - Sync 1 DAGs
[2024-11-16T07:30:15.249+0000] {logging_mixin.py:190} INFO - [2024-11-16T07:30:15.249+0000] {dag.py:4180} INFO - Setting next_dagrun for example_params_ui_tutorial to None, run_after=None
[2024-11-16T07:30:15.263+0000] {processor.py:208} INFO - Processing /home/airflow/.local/lib/python3.12/site-packages/airflow/example_dags/example_params_ui_tutorial.py took 0.067 seconds
[2024-11-16T07:30:46.242+0000] {processor.py:186} INFO - Started process (PID=381) to work on /home/airflow/.local/lib/python3.12/site-packages/airflow/example_dags/example_params_ui_tutorial.py
[2024-11-16T07:30:46.243+0000] {processor.py:914} INFO - Processing file /home/airflow/.local/lib/python3.12/site-packages/airflow/example_dags/example_params_ui_tutorial.py for tasks to queue
[2024-11-16T07:30:46.243+0000] {logging_mixin.py:190} INFO - [2024-11-16T07:30:46.243+0000] {dagbag.py:588} INFO - Filling up the DagBag from /home/airflow/.local/lib/python3.12/site-packages/airflow/example_dags/example_params_ui_tutorial.py
[2024-11-16T07:30:46.250+0000] {processor.py:925} INFO - DAG(s) 'example_params_ui_tutorial' retrieved from /home/airflow/.local/lib/python3.12/site-packages/airflow/example_dags/example_params_ui_tutorial.py
[2024-11-16T07:30:46.280+0000] {logging_mixin.py:190} INFO - [2024-11-16T07:30:46.280+0000] {dag.py:3239} INFO - Sync 1 DAGs
[2024-11-16T07:30:46.290+0000] {logging_mixin.py:190} INFO - [2024-11-16T07:30:46.290+0000] {dag.py:4180} INFO - Setting next_dagrun for example_params_ui_tutorial to None, run_after=None
[2024-11-16T07:30:46.304+0000] {processor.py:208} INFO - Processing /home/airflow/.local/lib/python3.12/site-packages/airflow/example_dags/example_params_ui_tutorial.py took 0.067 seconds
[2024-11-16T07:31:17.366+0000] {processor.py:186} INFO - Started process (PID=449) to work on /home/airflow/.local/lib/python3.12/site-packages/airflow/example_dags/example_params_ui_tutorial.py
[2024-11-16T07:31:17.367+0000] {processor.py:914} INFO - Processing file /home/airflow/.local/lib/python3.12/site-packages/airflow/example_dags/example_params_ui_tutorial.py for tasks to queue
[2024-11-16T07:31:17.368+0000] {logging_mixin.py:190} INFO - [2024-11-16T07:31:17.367+0000] {dagbag.py:588} INFO - Filling up the DagBag from /home/airflow/.local/lib/python3.12/site-packages/airflow/example_dags/example_params_ui_tutorial.py
[2024-11-16T07:31:17.373+0000] {processor.py:925} INFO - DAG(s) 'example_params_ui_tutorial' retrieved from /home/airflow/.local/lib/python3.12/site-packages/airflow/example_dags/example_params_ui_tutorial.py
[2024-11-16T07:31:17.401+0000] {logging_mixin.py:190} INFO - [2024-11-16T07:31:17.401+0000] {dag.py:3239} INFO - Sync 1 DAGs
[2024-11-16T07:31:17.411+0000] {logging_mixin.py:190} INFO - [2024-11-16T07:31:17.411+0000] {dag.py:4180} INFO - Setting next_dagrun for example_params_ui_tutorial to None, run_after=None
[2024-11-16T07:31:17.429+0000] {processor.py:208} INFO - Processing /home/airflow/.local/lib/python3.12/site-packages/airflow/example_dags/example_params_ui_tutorial.py took 0.067 seconds
[2024-11-16T07:31:48.490+0000] {processor.py:186} INFO - Started process (PID=516) to work on /home/airflow/.local/lib/python3.12/site-packages/airflow/example_dags/example_params_ui_tutorial.py
[2024-11-16T07:31:48.490+0000] {processor.py:914} INFO - Processing file /home/airflow/.local/lib/python3.12/site-packages/airflow/example_dags/example_params_ui_tutorial.py for tasks to queue
[2024-11-16T07:31:48.491+0000] {logging_mixin.py:190} INFO - [2024-11-16T07:31:48.491+0000] {dagbag.py:588} INFO - Filling up the DagBag from /home/airflow/.local/lib/python3.12/site-packages/airflow/example_dags/example_params_ui_tutorial.py
[2024-11-16T07:31:48.498+0000] {processor.py:925} INFO - DAG(s) 'example_params_ui_tutorial' retrieved from /home/airflow/.local/lib/python3.12/site-packages/airflow/example_dags/example_params_ui_tutorial.py
[2024-11-16T07:31:48.525+0000] {logging_mixin.py:190} INFO - [2024-11-16T07:31:48.525+0000] {dag.py:3239} INFO - Sync 1 DAGs
[2024-11-16T07:31:48.534+0000] {logging_mixin.py:190} INFO - [2024-11-16T07:31:48.533+0000] {dag.py:4180} INFO - Setting next_dagrun for example_params_ui_tutorial to None, run_after=None
[2024-11-16T07:31:48.546+0000] {processor.py:208} INFO - Processing /home/airflow/.local/lib/python3.12/site-packages/airflow/example_dags/example_params_ui_tutorial.py took 0.059 seconds
[2024-11-16T07:32:18.615+0000] {processor.py:186} INFO - Started process (PID=582) to work on /home/airflow/.local/lib/python3.12/site-packages/airflow/example_dags/example_params_ui_tutorial.py
[2024-11-16T07:32:18.616+0000] {processor.py:914} INFO - Processing file /home/airflow/.local/lib/python3.12/site-packages/airflow/example_dags/example_params_ui_tutorial.py for tasks to queue
[2024-11-16T07:32:18.616+0000] {logging_mixin.py:190} INFO - [2024-11-16T07:32:18.616+0000] {dagbag.py:588} INFO - Filling up the DagBag from /home/airflow/.local/lib/python3.12/site-packages/airflow/example_dags/example_params_ui_tutorial.py
[2024-11-16T07:32:18.622+0000] {processor.py:925} INFO - DAG(s) 'example_params_ui_tutorial' retrieved from /home/airflow/.local/lib/python3.12/site-packages/airflow/example_dags/example_params_ui_tutorial.py
[2024-11-16T07:32:18.651+0000] {logging_mixin.py:190} INFO - [2024-11-16T07:32:18.650+0000] {dag.py:3239} INFO - Sync 1 DAGs
[2024-11-16T07:32:18.660+0000] {logging_mixin.py:190} INFO - [2024-11-16T07:32:18.660+0000] {dag.py:4180} INFO - Setting next_dagrun for example_params_ui_tutorial to None, run_after=None
[2024-11-16T07:32:18.674+0000] {processor.py:208} INFO - Processing /home/airflow/.local/lib/python3.12/site-packages/airflow/example_dags/example_params_ui_tutorial.py took 0.063 seconds
[2024-11-16T07:32:48.849+0000] {processor.py:186} INFO - Started process (PID=649) to work on /home/airflow/.local/lib/python3.12/site-packages/airflow/example_dags/example_params_ui_tutorial.py
[2024-11-16T07:32:48.850+0000] {processor.py:914} INFO - Processing file /home/airflow/.local/lib/python3.12/site-packages/airflow/example_dags/example_params_ui_tutorial.py for tasks to queue
[2024-11-16T07:32:48.851+0000] {logging_mixin.py:190} INFO - [2024-11-16T07:32:48.851+0000] {dagbag.py:588} INFO - Filling up the DagBag from /home/airflow/.local/lib/python3.12/site-packages/airflow/example_dags/example_params_ui_tutorial.py
[2024-11-16T07:32:48.856+0000] {processor.py:925} INFO - DAG(s) 'example_params_ui_tutorial' retrieved from /home/airflow/.local/lib/python3.12/site-packages/airflow/example_dags/example_params_ui_tutorial.py
[2024-11-16T07:32:48.884+0000] {logging_mixin.py:190} INFO - [2024-11-16T07:32:48.884+0000] {dag.py:3239} INFO - Sync 1 DAGs
[2024-11-16T07:32:48.894+0000] {logging_mixin.py:190} INFO - [2024-11-16T07:32:48.894+0000] {dag.py:4180} INFO - Setting next_dagrun for example_params_ui_tutorial to None, run_after=None
[2024-11-16T07:32:48.909+0000] {processor.py:208} INFO - Processing /home/airflow/.local/lib/python3.12/site-packages/airflow/example_dags/example_params_ui_tutorial.py took 0.063 seconds
[2024-11-16T07:33:19.587+0000] {processor.py:186} INFO - Started process (PID=716) to work on /home/airflow/.local/lib/python3.12/site-packages/airflow/example_dags/example_params_ui_tutorial.py
[2024-11-16T07:33:19.588+0000] {processor.py:914} INFO - Processing file /home/airflow/.local/lib/python3.12/site-packages/airflow/example_dags/example_params_ui_tutorial.py for tasks to queue
[2024-11-16T07:33:19.589+0000] {logging_mixin.py:190} INFO - [2024-11-16T07:33:19.588+0000] {dagbag.py:588} INFO - Filling up the DagBag from /home/airflow/.local/lib/python3.12/site-packages/airflow/example_dags/example_params_ui_tutorial.py
[2024-11-16T07:33:19.594+0000] {processor.py:925} INFO - DAG(s) 'example_params_ui_tutorial' retrieved from /home/airflow/.local/lib/python3.12/site-packages/airflow/example_dags/example_params_ui_tutorial.py
[2024-11-16T07:33:19.622+0000] {logging_mixin.py:190} INFO - [2024-11-16T07:33:19.622+0000] {dag.py:3239} INFO - Sync 1 DAGs
[2024-11-16T07:33:19.632+0000] {logging_mixin.py:190} INFO - [2024-11-16T07:33:19.632+0000] {dag.py:4180} INFO - Setting next_dagrun for example_params_ui_tutorial to None, run_after=None
[2024-11-16T07:33:19.646+0000] {processor.py:208} INFO - Processing /home/airflow/.local/lib/python3.12/site-packages/airflow/example_dags/example_params_ui_tutorial.py took 0.063 seconds
[2024-11-16T07:33:50.491+0000] {processor.py:186} INFO - Started process (PID=783) to work on /home/airflow/.local/lib/python3.12/site-packages/airflow/example_dags/example_params_ui_tutorial.py
[2024-11-16T07:33:50.492+0000] {processor.py:914} INFO - Processing file /home/airflow/.local/lib/python3.12/site-packages/airflow/example_dags/example_params_ui_tutorial.py for tasks to queue
[2024-11-16T07:33:50.493+0000] {logging_mixin.py:190} INFO - [2024-11-16T07:33:50.492+0000] {dagbag.py:588} INFO - Filling up the DagBag from /home/airflow/.local/lib/python3.12/site-packages/airflow/example_dags/example_params_ui_tutorial.py
[2024-11-16T07:33:50.498+0000] {processor.py:925} INFO - DAG(s) 'example_params_ui_tutorial' retrieved from /home/airflow/.local/lib/python3.12/site-packages/airflow/example_dags/example_params_ui_tutorial.py
[2024-11-16T07:33:50.526+0000] {logging_mixin.py:190} INFO - [2024-11-16T07:33:50.526+0000] {dag.py:3239} INFO - Sync 1 DAGs
[2024-11-16T07:33:50.537+0000] {logging_mixin.py:190} INFO - [2024-11-16T07:33:50.536+0000] {dag.py:4180} INFO - Setting next_dagrun for example_params_ui_tutorial to None, run_after=None
[2024-11-16T07:33:50.552+0000] {processor.py:208} INFO - Processing /home/airflow/.local/lib/python3.12/site-packages/airflow/example_dags/example_params_ui_tutorial.py took 0.065 seconds
[2024-11-16T07:34:21.432+0000] {processor.py:186} INFO - Started process (PID=850) to work on /home/airflow/.local/lib/python3.12/site-packages/airflow/example_dags/example_params_ui_tutorial.py
[2024-11-16T07:34:21.433+0000] {processor.py:914} INFO - Processing file /home/airflow/.local/lib/python3.12/site-packages/airflow/example_dags/example_params_ui_tutorial.py for tasks to queue
[2024-11-16T07:34:21.433+0000] {logging_mixin.py:190} INFO - [2024-11-16T07:34:21.433+0000] {dagbag.py:588} INFO - Filling up the DagBag from /home/airflow/.local/lib/python3.12/site-packages/airflow/example_dags/example_params_ui_tutorial.py
[2024-11-16T07:34:21.440+0000] {processor.py:925} INFO - DAG(s) 'example_params_ui_tutorial' retrieved from /home/airflow/.local/lib/python3.12/site-packages/airflow/example_dags/example_params_ui_tutorial.py
[2024-11-16T07:34:21.468+0000] {logging_mixin.py:190} INFO - [2024-11-16T07:34:21.468+0000] {dag.py:3239} INFO - Sync 1 DAGs
[2024-11-16T07:34:21.478+0000] {logging_mixin.py:190} INFO - [2024-11-16T07:34:21.477+0000] {dag.py:4180} INFO - Setting next_dagrun for example_params_ui_tutorial to None, run_after=None
[2024-11-16T07:34:21.492+0000] {processor.py:208} INFO - Processing /home/airflow/.local/lib/python3.12/site-packages/airflow/example_dags/example_params_ui_tutorial.py took 0.064 seconds
[2024-11-16T07:34:52.415+0000] {processor.py:186} INFO - Started process (PID=917) to work on /home/airflow/.local/lib/python3.12/site-packages/airflow/example_dags/example_params_ui_tutorial.py
[2024-11-16T07:34:52.416+0000] {processor.py:914} INFO - Processing file /home/airflow/.local/lib/python3.12/site-packages/airflow/example_dags/example_params_ui_tutorial.py for tasks to queue
[2024-11-16T07:34:52.417+0000] {logging_mixin.py:190} INFO - [2024-11-16T07:34:52.417+0000] {dagbag.py:588} INFO - Filling up the DagBag from /home/airflow/.local/lib/python3.12/site-packages/airflow/example_dags/example_params_ui_tutorial.py
[2024-11-16T07:34:52.423+0000] {processor.py:925} INFO - DAG(s) 'example_params_ui_tutorial' retrieved from /home/airflow/.local/lib/python3.12/site-packages/airflow/example_dags/example_params_ui_tutorial.py
[2024-11-16T07:34:52.450+0000] {logging_mixin.py:190} INFO - [2024-11-16T07:34:52.450+0000] {dag.py:3239} INFO - Sync 1 DAGs
[2024-11-16T07:34:52.459+0000] {logging_mixin.py:190} INFO - [2024-11-16T07:34:52.459+0000] {dag.py:4180} INFO - Setting next_dagrun for example_params_ui_tutorial to None, run_after=None
[2024-11-16T07:34:52.473+0000] {processor.py:208} INFO - Processing /home/airflow/.local/lib/python3.12/site-packages/airflow/example_dags/example_params_ui_tutorial.py took 0.062 seconds
[2024-11-16T07:35:24.071+0000] {processor.py:186} INFO - Started process (PID=983) to work on /home/airflow/.local/lib/python3.12/site-packages/airflow/example_dags/example_params_ui_tutorial.py
[2024-11-16T07:35:24.073+0000] {processor.py:914} INFO - Processing file /home/airflow/.local/lib/python3.12/site-packages/airflow/example_dags/example_params_ui_tutorial.py for tasks to queue
[2024-11-16T07:35:24.075+0000] {logging_mixin.py:190} INFO - [2024-11-16T07:35:24.074+0000] {dagbag.py:588} INFO - Filling up the DagBag from /home/airflow/.local/lib/python3.12/site-packages/airflow/example_dags/example_params_ui_tutorial.py
[2024-11-16T07:35:24.090+0000] {processor.py:925} INFO - DAG(s) 'example_params_ui_tutorial' retrieved from /home/airflow/.local/lib/python3.12/site-packages/airflow/example_dags/example_params_ui_tutorial.py
[2024-11-16T07:35:24.142+0000] {logging_mixin.py:190} INFO - [2024-11-16T07:35:24.142+0000] {dag.py:3239} INFO - Sync 1 DAGs
[2024-11-16T07:35:24.160+0000] {logging_mixin.py:190} INFO - [2024-11-16T07:35:24.159+0000] {dag.py:4180} INFO - Setting next_dagrun for example_params_ui_tutorial to None, run_after=None
[2024-11-16T07:35:24.193+0000] {processor.py:208} INFO - Processing /home/airflow/.local/lib/python3.12/site-packages/airflow/example_dags/example_params_ui_tutorial.py took 0.132 seconds
[2024-11-16T07:35:54.955+0000] {processor.py:186} INFO - Started process (PID=1050) to work on /home/airflow/.local/lib/python3.12/site-packages/airflow/example_dags/example_params_ui_tutorial.py
[2024-11-16T07:35:54.956+0000] {processor.py:914} INFO - Processing file /home/airflow/.local/lib/python3.12/site-packages/airflow/example_dags/example_params_ui_tutorial.py for tasks to queue
[2024-11-16T07:35:54.957+0000] {logging_mixin.py:190} INFO - [2024-11-16T07:35:54.957+0000] {dagbag.py:588} INFO - Filling up the DagBag from /home/airflow/.local/lib/python3.12/site-packages/airflow/example_dags/example_params_ui_tutorial.py
[2024-11-16T07:35:54.967+0000] {processor.py:925} INFO - DAG(s) 'example_params_ui_tutorial' retrieved from /home/airflow/.local/lib/python3.12/site-packages/airflow/example_dags/example_params_ui_tutorial.py
[2024-11-16T07:35:55.016+0000] {logging_mixin.py:190} INFO - [2024-11-16T07:35:55.016+0000] {dag.py:3239} INFO - Sync 1 DAGs
[2024-11-16T07:35:55.031+0000] {logging_mixin.py:190} INFO - [2024-11-16T07:35:55.031+0000] {dag.py:4180} INFO - Setting next_dagrun for example_params_ui_tutorial to None, run_after=None
[2024-11-16T07:35:55.053+0000] {processor.py:208} INFO - Processing /home/airflow/.local/lib/python3.12/site-packages/airflow/example_dags/example_params_ui_tutorial.py took 0.105 seconds
[2024-11-16T07:36:25.363+0000] {processor.py:186} INFO - Started process (PID=1117) to work on /home/airflow/.local/lib/python3.12/site-packages/airflow/example_dags/example_params_ui_tutorial.py
[2024-11-16T07:36:25.364+0000] {processor.py:914} INFO - Processing file /home/airflow/.local/lib/python3.12/site-packages/airflow/example_dags/example_params_ui_tutorial.py for tasks to queue
[2024-11-16T07:36:25.365+0000] {logging_mixin.py:190} INFO - [2024-11-16T07:36:25.364+0000] {dagbag.py:588} INFO - Filling up the DagBag from /home/airflow/.local/lib/python3.12/site-packages/airflow/example_dags/example_params_ui_tutorial.py
[2024-11-16T07:36:25.370+0000] {processor.py:925} INFO - DAG(s) 'example_params_ui_tutorial' retrieved from /home/airflow/.local/lib/python3.12/site-packages/airflow/example_dags/example_params_ui_tutorial.py
[2024-11-16T07:36:25.399+0000] {logging_mixin.py:190} INFO - [2024-11-16T07:36:25.398+0000] {dag.py:3239} INFO - Sync 1 DAGs
[2024-11-16T07:36:25.408+0000] {logging_mixin.py:190} INFO - [2024-11-16T07:36:25.408+0000] {dag.py:4180} INFO - Setting next_dagrun for example_params_ui_tutorial to None, run_after=None
[2024-11-16T07:36:25.423+0000] {processor.py:208} INFO - Processing /home/airflow/.local/lib/python3.12/site-packages/airflow/example_dags/example_params_ui_tutorial.py took 0.065 seconds
[2024-11-16T07:36:55.677+0000] {processor.py:186} INFO - Started process (PID=1184) to work on /home/airflow/.local/lib/python3.12/site-packages/airflow/example_dags/example_params_ui_tutorial.py
[2024-11-16T07:36:55.678+0000] {processor.py:914} INFO - Processing file /home/airflow/.local/lib/python3.12/site-packages/airflow/example_dags/example_params_ui_tutorial.py for tasks to queue
[2024-11-16T07:36:55.679+0000] {logging_mixin.py:190} INFO - [2024-11-16T07:36:55.678+0000] {dagbag.py:588} INFO - Filling up the DagBag from /home/airflow/.local/lib/python3.12/site-packages/airflow/example_dags/example_params_ui_tutorial.py
[2024-11-16T07:36:55.685+0000] {processor.py:925} INFO - DAG(s) 'example_params_ui_tutorial' retrieved from /home/airflow/.local/lib/python3.12/site-packages/airflow/example_dags/example_params_ui_tutorial.py
[2024-11-16T07:36:55.717+0000] {logging_mixin.py:190} INFO - [2024-11-16T07:36:55.717+0000] {dag.py:3239} INFO - Sync 1 DAGs
[2024-11-16T07:36:55.729+0000] {logging_mixin.py:190} INFO - [2024-11-16T07:36:55.729+0000] {dag.py:4180} INFO - Setting next_dagrun for example_params_ui_tutorial to None, run_after=None
[2024-11-16T07:36:55.746+0000] {processor.py:208} INFO - Processing /home/airflow/.local/lib/python3.12/site-packages/airflow/example_dags/example_params_ui_tutorial.py took 0.073 seconds
[2024-11-16T07:37:26.111+0000] {processor.py:186} INFO - Started process (PID=1255) to work on /home/airflow/.local/lib/python3.12/site-packages/airflow/example_dags/example_params_ui_tutorial.py
[2024-11-16T07:37:26.112+0000] {processor.py:914} INFO - Processing file /home/airflow/.local/lib/python3.12/site-packages/airflow/example_dags/example_params_ui_tutorial.py for tasks to queue
[2024-11-16T07:37:26.113+0000] {logging_mixin.py:190} INFO - [2024-11-16T07:37:26.113+0000] {dagbag.py:588} INFO - Filling up the DagBag from /home/airflow/.local/lib/python3.12/site-packages/airflow/example_dags/example_params_ui_tutorial.py
[2024-11-16T07:37:26.122+0000] {processor.py:925} INFO - DAG(s) 'example_params_ui_tutorial' retrieved from /home/airflow/.local/lib/python3.12/site-packages/airflow/example_dags/example_params_ui_tutorial.py
[2024-11-16T07:37:26.154+0000] {logging_mixin.py:190} INFO - [2024-11-16T07:37:26.154+0000] {dag.py:3239} INFO - Sync 1 DAGs
[2024-11-16T07:37:26.165+0000] {logging_mixin.py:190} INFO - [2024-11-16T07:37:26.165+0000] {dag.py:4180} INFO - Setting next_dagrun for example_params_ui_tutorial to None, run_after=None
[2024-11-16T07:37:26.180+0000] {processor.py:208} INFO - Processing /home/airflow/.local/lib/python3.12/site-packages/airflow/example_dags/example_params_ui_tutorial.py took 0.073 seconds
[2024-11-16T07:37:56.666+0000] {processor.py:186} INFO - Started process (PID=1322) to work on /home/airflow/.local/lib/python3.12/site-packages/airflow/example_dags/example_params_ui_tutorial.py
[2024-11-16T07:37:56.667+0000] {processor.py:914} INFO - Processing file /home/airflow/.local/lib/python3.12/site-packages/airflow/example_dags/example_params_ui_tutorial.py for tasks to queue
[2024-11-16T07:37:56.668+0000] {logging_mixin.py:190} INFO - [2024-11-16T07:37:56.668+0000] {dagbag.py:588} INFO - Filling up the DagBag from /home/airflow/.local/lib/python3.12/site-packages/airflow/example_dags/example_params_ui_tutorial.py
[2024-11-16T07:37:56.675+0000] {processor.py:925} INFO - DAG(s) 'example_params_ui_tutorial' retrieved from /home/airflow/.local/lib/python3.12/site-packages/airflow/example_dags/example_params_ui_tutorial.py
[2024-11-16T07:37:56.716+0000] {logging_mixin.py:190} INFO - [2024-11-16T07:37:56.715+0000] {dag.py:3239} INFO - Sync 1 DAGs
[2024-11-16T07:37:56.728+0000] {logging_mixin.py:190} INFO - [2024-11-16T07:37:56.728+0000] {dag.py:4180} INFO - Setting next_dagrun for example_params_ui_tutorial to None, run_after=None
[2024-11-16T07:37:56.745+0000] {processor.py:208} INFO - Processing /home/airflow/.local/lib/python3.12/site-packages/airflow/example_dags/example_params_ui_tutorial.py took 0.084 seconds
[2024-11-16T07:38:27.178+0000] {processor.py:186} INFO - Started process (PID=1389) to work on /home/airflow/.local/lib/python3.12/site-packages/airflow/example_dags/example_params_ui_tutorial.py
[2024-11-16T07:38:27.179+0000] {processor.py:914} INFO - Processing file /home/airflow/.local/lib/python3.12/site-packages/airflow/example_dags/example_params_ui_tutorial.py for tasks to queue
[2024-11-16T07:38:27.180+0000] {logging_mixin.py:190} INFO - [2024-11-16T07:38:27.180+0000] {dagbag.py:588} INFO - Filling up the DagBag from /home/airflow/.local/lib/python3.12/site-packages/airflow/example_dags/example_params_ui_tutorial.py
[2024-11-16T07:38:27.189+0000] {processor.py:925} INFO - DAG(s) 'example_params_ui_tutorial' retrieved from /home/airflow/.local/lib/python3.12/site-packages/airflow/example_dags/example_params_ui_tutorial.py
[2024-11-16T07:38:27.223+0000] {logging_mixin.py:190} INFO - [2024-11-16T07:38:27.223+0000] {dag.py:3239} INFO - Sync 1 DAGs
[2024-11-16T07:38:27.234+0000] {logging_mixin.py:190} INFO - [2024-11-16T07:38:27.234+0000] {dag.py:4180} INFO - Setting next_dagrun for example_params_ui_tutorial to None, run_after=None
[2024-11-16T07:38:27.250+0000] {processor.py:208} INFO - Processing /home/airflow/.local/lib/python3.12/site-packages/airflow/example_dags/example_params_ui_tutorial.py took 0.076 seconds
[2024-11-16T07:38:57.778+0000] {processor.py:186} INFO - Started process (PID=1456) to work on /home/airflow/.local/lib/python3.12/site-packages/airflow/example_dags/example_params_ui_tutorial.py
[2024-11-16T07:38:57.778+0000] {processor.py:914} INFO - Processing file /home/airflow/.local/lib/python3.12/site-packages/airflow/example_dags/example_params_ui_tutorial.py for tasks to queue
[2024-11-16T07:38:57.779+0000] {logging_mixin.py:190} INFO - [2024-11-16T07:38:57.779+0000] {dagbag.py:588} INFO - Filling up the DagBag from /home/airflow/.local/lib/python3.12/site-packages/airflow/example_dags/example_params_ui_tutorial.py
[2024-11-16T07:38:57.786+0000] {processor.py:925} INFO - DAG(s) 'example_params_ui_tutorial' retrieved from /home/airflow/.local/lib/python3.12/site-packages/airflow/example_dags/example_params_ui_tutorial.py
[2024-11-16T07:38:57.821+0000] {logging_mixin.py:190} INFO - [2024-11-16T07:38:57.821+0000] {dag.py:3239} INFO - Sync 1 DAGs
[2024-11-16T07:38:57.833+0000] {logging_mixin.py:190} INFO - [2024-11-16T07:38:57.833+0000] {dag.py:4180} INFO - Setting next_dagrun for example_params_ui_tutorial to None, run_after=None
[2024-11-16T07:38:57.849+0000] {processor.py:208} INFO - Processing /home/airflow/.local/lib/python3.12/site-packages/airflow/example_dags/example_params_ui_tutorial.py took 0.075 seconds
[2024-11-16T07:39:28.191+0000] {processor.py:186} INFO - Started process (PID=1522) to work on /home/airflow/.local/lib/python3.12/site-packages/airflow/example_dags/example_params_ui_tutorial.py
[2024-11-16T07:39:28.192+0000] {processor.py:914} INFO - Processing file /home/airflow/.local/lib/python3.12/site-packages/airflow/example_dags/example_params_ui_tutorial.py for tasks to queue
[2024-11-16T07:39:28.193+0000] {logging_mixin.py:190} INFO - [2024-11-16T07:39:28.192+0000] {dagbag.py:588} INFO - Filling up the DagBag from /home/airflow/.local/lib/python3.12/site-packages/airflow/example_dags/example_params_ui_tutorial.py
[2024-11-16T07:39:28.200+0000] {processor.py:925} INFO - DAG(s) 'example_params_ui_tutorial' retrieved from /home/airflow/.local/lib/python3.12/site-packages/airflow/example_dags/example_params_ui_tutorial.py
[2024-11-16T07:39:28.233+0000] {logging_mixin.py:190} INFO - [2024-11-16T07:39:28.233+0000] {dag.py:3239} INFO - Sync 1 DAGs
[2024-11-16T07:39:28.244+0000] {logging_mixin.py:190} INFO - [2024-11-16T07:39:28.244+0000] {dag.py:4180} INFO - Setting next_dagrun for example_params_ui_tutorial to None, run_after=None
[2024-11-16T07:39:28.262+0000] {processor.py:208} INFO - Processing /home/airflow/.local/lib/python3.12/site-packages/airflow/example_dags/example_params_ui_tutorial.py took 0.075 seconds
[2024-11-16T07:39:58.658+0000] {processor.py:186} INFO - Started process (PID=1589) to work on /home/airflow/.local/lib/python3.12/site-packages/airflow/example_dags/example_params_ui_tutorial.py
[2024-11-16T07:39:58.659+0000] {processor.py:914} INFO - Processing file /home/airflow/.local/lib/python3.12/site-packages/airflow/example_dags/example_params_ui_tutorial.py for tasks to queue
[2024-11-16T07:39:58.659+0000] {logging_mixin.py:190} INFO - [2024-11-16T07:39:58.659+0000] {dagbag.py:588} INFO - Filling up the DagBag from /home/airflow/.local/lib/python3.12/site-packages/airflow/example_dags/example_params_ui_tutorial.py
[2024-11-16T07:39:58.667+0000] {processor.py:925} INFO - DAG(s) 'example_params_ui_tutorial' retrieved from /home/airflow/.local/lib/python3.12/site-packages/airflow/example_dags/example_params_ui_tutorial.py
[2024-11-16T07:39:58.704+0000] {logging_mixin.py:190} INFO - [2024-11-16T07:39:58.704+0000] {dag.py:3239} INFO - Sync 1 DAGs
[2024-11-16T07:39:58.716+0000] {logging_mixin.py:190} INFO - [2024-11-16T07:39:58.715+0000] {dag.py:4180} INFO - Setting next_dagrun for example_params_ui_tutorial to None, run_after=None
[2024-11-16T07:39:58.729+0000] {processor.py:208} INFO - Processing /home/airflow/.local/lib/python3.12/site-packages/airflow/example_dags/example_params_ui_tutorial.py took 0.076 seconds
