[2024-11-16T04:33:44.206+0000] {processor.py:186} INFO - Started process (PID=90) to work on /home/airflow/.local/lib/python3.12/site-packages/airflow/example_dags/example_sla_dag.py
[2024-11-16T04:33:44.207+0000] {processor.py:914} INFO - Processing file /home/airflow/.local/lib/python3.12/site-packages/airflow/example_dags/example_sla_dag.py for tasks to queue
[2024-11-16T04:33:44.218+0000] {logging_mixin.py:190} INFO - [2024-11-16T04:33:44.217+0000] {dagbag.py:588} INFO - Filling up the DagBag from /home/airflow/.local/lib/python3.12/site-packages/airflow/example_dags/example_sla_dag.py
[2024-11-16T04:33:44.246+0000] {processor.py:925} INFO - DAG(s) 'example_sla_dag' retrieved from /home/airflow/.local/lib/python3.12/site-packages/airflow/example_dags/example_sla_dag.py
[2024-11-16T04:33:44.280+0000] {logging_mixin.py:190} INFO - [2024-11-16T04:33:44.279+0000] {dag.py:3239} INFO - Sync 1 DAGs
[2024-11-16T04:33:44.330+0000] {logging_mixin.py:190} INFO - [2024-11-16T04:33:44.329+0000] {dag.py:4180} INFO - Setting next_dagrun for example_sla_dag to 2024-11-16 04:30:00+00:00, run_after=2024-11-16 04:32:00+00:00
[2024-11-16T04:33:44.377+0000] {processor.py:208} INFO - Processing /home/airflow/.local/lib/python3.12/site-packages/airflow/example_dags/example_sla_dag.py took 0.179 seconds
[2024-11-16T04:35:42.519+0000] {processor.py:186} INFO - Started process (PID=151) to work on /home/airflow/.local/lib/python3.12/site-packages/airflow/example_dags/example_sla_dag.py
[2024-11-16T04:35:42.520+0000] {processor.py:914} INFO - Processing file /home/airflow/.local/lib/python3.12/site-packages/airflow/example_dags/example_sla_dag.py for tasks to queue
[2024-11-16T04:35:42.522+0000] {logging_mixin.py:190} INFO - [2024-11-16T04:35:42.522+0000] {dagbag.py:588} INFO - Filling up the DagBag from /home/airflow/.local/lib/python3.12/site-packages/airflow/example_dags/example_sla_dag.py
[2024-11-16T04:35:42.532+0000] {processor.py:925} INFO - DAG(s) 'example_sla_dag' retrieved from /home/airflow/.local/lib/python3.12/site-packages/airflow/example_dags/example_sla_dag.py
[2024-11-16T04:35:42.549+0000] {logging_mixin.py:190} INFO - [2024-11-16T04:35:42.549+0000] {dag.py:3239} INFO - Sync 1 DAGs
[2024-11-16T04:35:42.582+0000] {logging_mixin.py:190} INFO - [2024-11-16T04:35:42.582+0000] {dag.py:4180} INFO - Setting next_dagrun for example_sla_dag to 2024-11-16 04:32:00+00:00, run_after=2024-11-16 04:34:00+00:00
[2024-11-16T04:35:42.604+0000] {processor.py:208} INFO - Processing /home/airflow/.local/lib/python3.12/site-packages/airflow/example_dags/example_sla_dag.py took 0.091 seconds
[2024-11-16T04:54:25.060+0000] {processor.py:186} INFO - Started process (PID=78) to work on /home/airflow/.local/lib/python3.12/site-packages/airflow/example_dags/example_sla_dag.py
[2024-11-16T04:54:25.061+0000] {processor.py:914} INFO - Processing file /home/airflow/.local/lib/python3.12/site-packages/airflow/example_dags/example_sla_dag.py for tasks to queue
[2024-11-16T04:54:25.063+0000] {logging_mixin.py:190} INFO - [2024-11-16T04:54:25.063+0000] {dagbag.py:588} INFO - Filling up the DagBag from /home/airflow/.local/lib/python3.12/site-packages/airflow/example_dags/example_sla_dag.py
[2024-11-16T04:54:25.072+0000] {processor.py:925} INFO - DAG(s) 'example_sla_dag' retrieved from /home/airflow/.local/lib/python3.12/site-packages/airflow/example_dags/example_sla_dag.py
[2024-11-16T04:54:25.168+0000] {logging_mixin.py:190} INFO - [2024-11-16T04:54:25.167+0000] {dag.py:3239} INFO - Sync 1 DAGs
[2024-11-16T04:54:25.193+0000] {logging_mixin.py:190} INFO - [2024-11-16T04:54:25.192+0000] {dag.py:4180} INFO - Setting next_dagrun for example_sla_dag to 2024-11-16 04:52:00+00:00, run_after=2024-11-16 04:54:00+00:00
[2024-11-16T04:54:25.216+0000] {processor.py:208} INFO - Processing /home/airflow/.local/lib/python3.12/site-packages/airflow/example_dags/example_sla_dag.py took 0.160 seconds
[2024-11-16T04:54:55.489+0000] {processor.py:186} INFO - Started process (PID=150) to work on /home/airflow/.local/lib/python3.12/site-packages/airflow/example_dags/example_sla_dag.py
[2024-11-16T04:54:55.493+0000] {processor.py:914} INFO - Processing file /home/airflow/.local/lib/python3.12/site-packages/airflow/example_dags/example_sla_dag.py for tasks to queue
[2024-11-16T04:54:55.497+0000] {logging_mixin.py:190} INFO - [2024-11-16T04:54:55.497+0000] {dagbag.py:588} INFO - Filling up the DagBag from /home/airflow/.local/lib/python3.12/site-packages/airflow/example_dags/example_sla_dag.py
[2024-11-16T04:54:55.519+0000] {processor.py:925} INFO - DAG(s) 'example_sla_dag' retrieved from /home/airflow/.local/lib/python3.12/site-packages/airflow/example_dags/example_sla_dag.py
[2024-11-16T04:54:55.551+0000] {logging_mixin.py:190} INFO - [2024-11-16T04:54:55.550+0000] {dag.py:3239} INFO - Sync 1 DAGs
[2024-11-16T04:54:55.595+0000] {logging_mixin.py:190} INFO - [2024-11-16T04:54:55.595+0000] {dag.py:4180} INFO - Setting next_dagrun for example_sla_dag to 2024-11-16 04:52:00+00:00, run_after=2024-11-16 04:54:00+00:00
[2024-11-16T04:54:55.634+0000] {processor.py:208} INFO - Processing /home/airflow/.local/lib/python3.12/site-packages/airflow/example_dags/example_sla_dag.py took 0.155 seconds
[2024-11-16T04:56:14.528+0000] {processor.py:186} INFO - Started process (PID=222) to work on /home/airflow/.local/lib/python3.12/site-packages/airflow/example_dags/example_sla_dag.py
[2024-11-16T04:56:14.531+0000] {processor.py:914} INFO - Processing file /home/airflow/.local/lib/python3.12/site-packages/airflow/example_dags/example_sla_dag.py for tasks to queue
[2024-11-16T04:56:14.534+0000] {logging_mixin.py:190} INFO - [2024-11-16T04:56:14.534+0000] {dagbag.py:588} INFO - Filling up the DagBag from /home/airflow/.local/lib/python3.12/site-packages/airflow/example_dags/example_sla_dag.py
[2024-11-16T04:56:14.558+0000] {processor.py:925} INFO - DAG(s) 'example_sla_dag' retrieved from /home/airflow/.local/lib/python3.12/site-packages/airflow/example_dags/example_sla_dag.py
[2024-11-16T04:56:14.634+0000] {logging_mixin.py:190} INFO - [2024-11-16T04:56:14.633+0000] {dag.py:3239} INFO - Sync 1 DAGs
[2024-11-16T04:56:14.704+0000] {logging_mixin.py:190} INFO - [2024-11-16T04:56:14.704+0000] {dag.py:4180} INFO - Setting next_dagrun for example_sla_dag to 2024-11-16 04:54:00+00:00, run_after=2024-11-16 04:56:00+00:00
[2024-11-16T04:56:14.754+0000] {processor.py:208} INFO - Processing /home/airflow/.local/lib/python3.12/site-packages/airflow/example_dags/example_sla_dag.py took 0.238 seconds
[2024-11-16T04:57:59.988+0000] {processor.py:186} INFO - Started process (PID=296) to work on /home/airflow/.local/lib/python3.12/site-packages/airflow/example_dags/example_sla_dag.py
[2024-11-16T04:57:59.989+0000] {processor.py:914} INFO - Processing file /home/airflow/.local/lib/python3.12/site-packages/airflow/example_dags/example_sla_dag.py for tasks to queue
[2024-11-16T04:57:59.989+0000] {logging_mixin.py:190} INFO - [2024-11-16T04:57:59.989+0000] {dagbag.py:588} INFO - Filling up the DagBag from /home/airflow/.local/lib/python3.12/site-packages/airflow/example_dags/example_sla_dag.py
[2024-11-16T04:57:59.998+0000] {processor.py:925} INFO - DAG(s) 'example_sla_dag' retrieved from /home/airflow/.local/lib/python3.12/site-packages/airflow/example_dags/example_sla_dag.py
[2024-11-16T04:58:00.016+0000] {logging_mixin.py:190} INFO - [2024-11-16T04:58:00.015+0000] {dag.py:3239} INFO - Sync 1 DAGs
[2024-11-16T04:58:00.039+0000] {logging_mixin.py:190} INFO - [2024-11-16T04:58:00.038+0000] {dag.py:4180} INFO - Setting next_dagrun for example_sla_dag to 2024-11-16 04:56:00+00:00, run_after=2024-11-16 04:58:00+00:00
[2024-11-16T04:58:00.054+0000] {processor.py:208} INFO - Processing /home/airflow/.local/lib/python3.12/site-packages/airflow/example_dags/example_sla_dag.py took 0.072 seconds
[2024-11-16T04:59:26.515+0000] {processor.py:186} INFO - Started process (PID=66) to work on /home/airflow/.local/lib/python3.12/site-packages/airflow/example_dags/example_sla_dag.py
[2024-11-16T04:59:26.516+0000] {processor.py:914} INFO - Processing file /home/airflow/.local/lib/python3.12/site-packages/airflow/example_dags/example_sla_dag.py for tasks to queue
[2024-11-16T04:59:26.517+0000] {logging_mixin.py:190} INFO - [2024-11-16T04:59:26.517+0000] {dagbag.py:588} INFO - Filling up the DagBag from /home/airflow/.local/lib/python3.12/site-packages/airflow/example_dags/example_sla_dag.py
[2024-11-16T04:59:26.525+0000] {processor.py:925} INFO - DAG(s) 'example_sla_dag' retrieved from /home/airflow/.local/lib/python3.12/site-packages/airflow/example_dags/example_sla_dag.py
[2024-11-16T04:59:26.547+0000] {logging_mixin.py:190} INFO - [2024-11-16T04:59:26.546+0000] {dag.py:3239} INFO - Sync 1 DAGs
[2024-11-16T04:59:26.574+0000] {logging_mixin.py:190} INFO - [2024-11-16T04:59:26.574+0000] {dag.py:4180} INFO - Setting next_dagrun for example_sla_dag to 2024-11-16 04:56:00+00:00, run_after=2024-11-16 04:58:00+00:00
[2024-11-16T04:59:26.592+0000] {processor.py:208} INFO - Processing /home/airflow/.local/lib/python3.12/site-packages/airflow/example_dags/example_sla_dag.py took 0.082 seconds
[2024-11-16T04:59:57.378+0000] {processor.py:186} INFO - Started process (PID=134) to work on /home/airflow/.local/lib/python3.12/site-packages/airflow/example_dags/example_sla_dag.py
[2024-11-16T04:59:57.378+0000] {processor.py:914} INFO - Processing file /home/airflow/.local/lib/python3.12/site-packages/airflow/example_dags/example_sla_dag.py for tasks to queue
[2024-11-16T04:59:57.380+0000] {logging_mixin.py:190} INFO - [2024-11-16T04:59:57.380+0000] {dagbag.py:588} INFO - Filling up the DagBag from /home/airflow/.local/lib/python3.12/site-packages/airflow/example_dags/example_sla_dag.py
[2024-11-16T04:59:57.386+0000] {processor.py:925} INFO - DAG(s) 'example_sla_dag' retrieved from /home/airflow/.local/lib/python3.12/site-packages/airflow/example_dags/example_sla_dag.py
[2024-11-16T04:59:57.398+0000] {logging_mixin.py:190} INFO - [2024-11-16T04:59:57.398+0000] {dag.py:3239} INFO - Sync 1 DAGs
[2024-11-16T04:59:57.415+0000] {logging_mixin.py:190} INFO - [2024-11-16T04:59:57.415+0000] {dag.py:4180} INFO - Setting next_dagrun for example_sla_dag to 2024-11-16 04:56:00+00:00, run_after=2024-11-16 04:58:00+00:00
[2024-11-16T04:59:57.429+0000] {processor.py:208} INFO - Processing /home/airflow/.local/lib/python3.12/site-packages/airflow/example_dags/example_sla_dag.py took 0.055 seconds
[2024-11-16T05:00:27.837+0000] {processor.py:186} INFO - Started process (PID=202) to work on /home/airflow/.local/lib/python3.12/site-packages/airflow/example_dags/example_sla_dag.py
[2024-11-16T05:00:27.838+0000] {processor.py:914} INFO - Processing file /home/airflow/.local/lib/python3.12/site-packages/airflow/example_dags/example_sla_dag.py for tasks to queue
[2024-11-16T05:00:27.839+0000] {logging_mixin.py:190} INFO - [2024-11-16T05:00:27.839+0000] {dagbag.py:588} INFO - Filling up the DagBag from /home/airflow/.local/lib/python3.12/site-packages/airflow/example_dags/example_sla_dag.py
[2024-11-16T05:00:27.845+0000] {processor.py:925} INFO - DAG(s) 'example_sla_dag' retrieved from /home/airflow/.local/lib/python3.12/site-packages/airflow/example_dags/example_sla_dag.py
[2024-11-16T05:00:27.857+0000] {logging_mixin.py:190} INFO - [2024-11-16T05:00:27.857+0000] {dag.py:3239} INFO - Sync 1 DAGs
[2024-11-16T05:00:27.875+0000] {logging_mixin.py:190} INFO - [2024-11-16T05:00:27.875+0000] {dag.py:4180} INFO - Setting next_dagrun for example_sla_dag to 2024-11-16 04:58:00+00:00, run_after=2024-11-16 05:00:00+00:00
[2024-11-16T05:00:27.890+0000] {processor.py:208} INFO - Processing /home/airflow/.local/lib/python3.12/site-packages/airflow/example_dags/example_sla_dag.py took 0.057 seconds
[2024-11-16T05:00:58.577+0000] {processor.py:186} INFO - Started process (PID=270) to work on /home/airflow/.local/lib/python3.12/site-packages/airflow/example_dags/example_sla_dag.py
[2024-11-16T05:00:58.578+0000] {processor.py:914} INFO - Processing file /home/airflow/.local/lib/python3.12/site-packages/airflow/example_dags/example_sla_dag.py for tasks to queue
[2024-11-16T05:00:58.579+0000] {logging_mixin.py:190} INFO - [2024-11-16T05:00:58.579+0000] {dagbag.py:588} INFO - Filling up the DagBag from /home/airflow/.local/lib/python3.12/site-packages/airflow/example_dags/example_sla_dag.py
[2024-11-16T05:00:58.586+0000] {processor.py:925} INFO - DAG(s) 'example_sla_dag' retrieved from /home/airflow/.local/lib/python3.12/site-packages/airflow/example_dags/example_sla_dag.py
[2024-11-16T05:00:58.598+0000] {logging_mixin.py:190} INFO - [2024-11-16T05:00:58.598+0000] {dag.py:3239} INFO - Sync 1 DAGs
[2024-11-16T05:00:58.616+0000] {logging_mixin.py:190} INFO - [2024-11-16T05:00:58.616+0000] {dag.py:4180} INFO - Setting next_dagrun for example_sla_dag to 2024-11-16 04:58:00+00:00, run_after=2024-11-16 05:00:00+00:00
[2024-11-16T05:00:58.630+0000] {processor.py:208} INFO - Processing /home/airflow/.local/lib/python3.12/site-packages/airflow/example_dags/example_sla_dag.py took 0.056 seconds
[2024-11-16T05:01:29.029+0000] {processor.py:186} INFO - Started process (PID=338) to work on /home/airflow/.local/lib/python3.12/site-packages/airflow/example_dags/example_sla_dag.py
[2024-11-16T05:01:29.030+0000] {processor.py:914} INFO - Processing file /home/airflow/.local/lib/python3.12/site-packages/airflow/example_dags/example_sla_dag.py for tasks to queue
[2024-11-16T05:01:29.032+0000] {logging_mixin.py:190} INFO - [2024-11-16T05:01:29.031+0000] {dagbag.py:588} INFO - Filling up the DagBag from /home/airflow/.local/lib/python3.12/site-packages/airflow/example_dags/example_sla_dag.py
[2024-11-16T05:01:29.042+0000] {processor.py:925} INFO - DAG(s) 'example_sla_dag' retrieved from /home/airflow/.local/lib/python3.12/site-packages/airflow/example_dags/example_sla_dag.py
[2024-11-16T05:01:29.060+0000] {logging_mixin.py:190} INFO - [2024-11-16T05:01:29.060+0000] {dag.py:3239} INFO - Sync 1 DAGs
[2024-11-16T05:01:29.085+0000] {logging_mixin.py:190} INFO - [2024-11-16T05:01:29.084+0000] {dag.py:4180} INFO - Setting next_dagrun for example_sla_dag to 2024-11-16 04:58:00+00:00, run_after=2024-11-16 05:00:00+00:00
[2024-11-16T05:01:29.106+0000] {processor.py:208} INFO - Processing /home/airflow/.local/lib/python3.12/site-packages/airflow/example_dags/example_sla_dag.py took 0.081 seconds
[2024-11-16T05:01:59.288+0000] {processor.py:186} INFO - Started process (PID=406) to work on /home/airflow/.local/lib/python3.12/site-packages/airflow/example_dags/example_sla_dag.py
[2024-11-16T05:01:59.289+0000] {processor.py:914} INFO - Processing file /home/airflow/.local/lib/python3.12/site-packages/airflow/example_dags/example_sla_dag.py for tasks to queue
[2024-11-16T05:01:59.292+0000] {logging_mixin.py:190} INFO - [2024-11-16T05:01:59.292+0000] {dagbag.py:588} INFO - Filling up the DagBag from /home/airflow/.local/lib/python3.12/site-packages/airflow/example_dags/example_sla_dag.py
[2024-11-16T05:01:59.300+0000] {processor.py:925} INFO - DAG(s) 'example_sla_dag' retrieved from /home/airflow/.local/lib/python3.12/site-packages/airflow/example_dags/example_sla_dag.py
[2024-11-16T05:01:59.317+0000] {logging_mixin.py:190} INFO - [2024-11-16T05:01:59.317+0000] {dag.py:3239} INFO - Sync 1 DAGs
[2024-11-16T05:01:59.341+0000] {logging_mixin.py:190} INFO - [2024-11-16T05:01:59.341+0000] {dag.py:4180} INFO - Setting next_dagrun for example_sla_dag to 2024-11-16 04:58:00+00:00, run_after=2024-11-16 05:00:00+00:00
[2024-11-16T05:01:59.360+0000] {processor.py:208} INFO - Processing /home/airflow/.local/lib/python3.12/site-packages/airflow/example_dags/example_sla_dag.py took 0.076 seconds
[2024-11-16T05:02:29.570+0000] {processor.py:186} INFO - Started process (PID=474) to work on /home/airflow/.local/lib/python3.12/site-packages/airflow/example_dags/example_sla_dag.py
[2024-11-16T05:02:29.571+0000] {processor.py:914} INFO - Processing file /home/airflow/.local/lib/python3.12/site-packages/airflow/example_dags/example_sla_dag.py for tasks to queue
[2024-11-16T05:02:29.574+0000] {logging_mixin.py:190} INFO - [2024-11-16T05:02:29.573+0000] {dagbag.py:588} INFO - Filling up the DagBag from /home/airflow/.local/lib/python3.12/site-packages/airflow/example_dags/example_sla_dag.py
[2024-11-16T05:02:29.584+0000] {processor.py:925} INFO - DAG(s) 'example_sla_dag' retrieved from /home/airflow/.local/lib/python3.12/site-packages/airflow/example_dags/example_sla_dag.py
[2024-11-16T05:02:29.602+0000] {logging_mixin.py:190} INFO - [2024-11-16T05:02:29.601+0000] {dag.py:3239} INFO - Sync 1 DAGs
[2024-11-16T05:02:29.629+0000] {logging_mixin.py:190} INFO - [2024-11-16T05:02:29.628+0000] {dag.py:4180} INFO - Setting next_dagrun for example_sla_dag to 2024-11-16 05:00:00+00:00, run_after=2024-11-16 05:02:00+00:00
[2024-11-16T05:02:29.658+0000] {processor.py:208} INFO - Processing /home/airflow/.local/lib/python3.12/site-packages/airflow/example_dags/example_sla_dag.py took 0.095 seconds
[2024-11-16T05:03:00.381+0000] {processor.py:186} INFO - Started process (PID=548) to work on /home/airflow/.local/lib/python3.12/site-packages/airflow/example_dags/example_sla_dag.py
[2024-11-16T05:03:00.382+0000] {processor.py:914} INFO - Processing file /home/airflow/.local/lib/python3.12/site-packages/airflow/example_dags/example_sla_dag.py for tasks to queue
[2024-11-16T05:03:00.384+0000] {logging_mixin.py:190} INFO - [2024-11-16T05:03:00.384+0000] {dagbag.py:588} INFO - Filling up the DagBag from /home/airflow/.local/lib/python3.12/site-packages/airflow/example_dags/example_sla_dag.py
[2024-11-16T05:03:00.391+0000] {processor.py:925} INFO - DAG(s) 'example_sla_dag' retrieved from /home/airflow/.local/lib/python3.12/site-packages/airflow/example_dags/example_sla_dag.py
[2024-11-16T05:03:00.404+0000] {logging_mixin.py:190} INFO - [2024-11-16T05:03:00.404+0000] {dag.py:3239} INFO - Sync 1 DAGs
[2024-11-16T05:03:00.422+0000] {logging_mixin.py:190} INFO - [2024-11-16T05:03:00.422+0000] {dag.py:4180} INFO - Setting next_dagrun for example_sla_dag to 2024-11-16 05:00:00+00:00, run_after=2024-11-16 05:02:00+00:00
[2024-11-16T05:03:00.436+0000] {processor.py:208} INFO - Processing /home/airflow/.local/lib/python3.12/site-packages/airflow/example_dags/example_sla_dag.py took 0.058 seconds
[2024-11-16T05:03:30.825+0000] {processor.py:186} INFO - Started process (PID=616) to work on /home/airflow/.local/lib/python3.12/site-packages/airflow/example_dags/example_sla_dag.py
[2024-11-16T05:03:30.826+0000] {processor.py:914} INFO - Processing file /home/airflow/.local/lib/python3.12/site-packages/airflow/example_dags/example_sla_dag.py for tasks to queue
[2024-11-16T05:03:30.827+0000] {logging_mixin.py:190} INFO - [2024-11-16T05:03:30.827+0000] {dagbag.py:588} INFO - Filling up the DagBag from /home/airflow/.local/lib/python3.12/site-packages/airflow/example_dags/example_sla_dag.py
[2024-11-16T05:03:30.835+0000] {processor.py:925} INFO - DAG(s) 'example_sla_dag' retrieved from /home/airflow/.local/lib/python3.12/site-packages/airflow/example_dags/example_sla_dag.py
[2024-11-16T05:03:30.850+0000] {logging_mixin.py:190} INFO - [2024-11-16T05:03:30.850+0000] {dag.py:3239} INFO - Sync 1 DAGs
[2024-11-16T05:03:30.877+0000] {logging_mixin.py:190} INFO - [2024-11-16T05:03:30.877+0000] {dag.py:4180} INFO - Setting next_dagrun for example_sla_dag to 2024-11-16 05:00:00+00:00, run_after=2024-11-16 05:02:00+00:00
[2024-11-16T05:03:30.895+0000] {processor.py:208} INFO - Processing /home/airflow/.local/lib/python3.12/site-packages/airflow/example_dags/example_sla_dag.py took 0.075 seconds
[2024-11-16T05:04:01.357+0000] {processor.py:186} INFO - Started process (PID=684) to work on /home/airflow/.local/lib/python3.12/site-packages/airflow/example_dags/example_sla_dag.py
[2024-11-16T05:04:01.358+0000] {processor.py:914} INFO - Processing file /home/airflow/.local/lib/python3.12/site-packages/airflow/example_dags/example_sla_dag.py for tasks to queue
[2024-11-16T05:04:01.359+0000] {logging_mixin.py:190} INFO - [2024-11-16T05:04:01.359+0000] {dagbag.py:588} INFO - Filling up the DagBag from /home/airflow/.local/lib/python3.12/site-packages/airflow/example_dags/example_sla_dag.py
[2024-11-16T05:04:01.366+0000] {processor.py:925} INFO - DAG(s) 'example_sla_dag' retrieved from /home/airflow/.local/lib/python3.12/site-packages/airflow/example_dags/example_sla_dag.py
[2024-11-16T05:04:01.380+0000] {logging_mixin.py:190} INFO - [2024-11-16T05:04:01.379+0000] {dag.py:3239} INFO - Sync 1 DAGs
[2024-11-16T05:04:01.400+0000] {logging_mixin.py:190} INFO - [2024-11-16T05:04:01.399+0000] {dag.py:4180} INFO - Setting next_dagrun for example_sla_dag to 2024-11-16 05:02:00+00:00, run_after=2024-11-16 05:04:00+00:00
[2024-11-16T05:04:01.417+0000] {processor.py:208} INFO - Processing /home/airflow/.local/lib/python3.12/site-packages/airflow/example_dags/example_sla_dag.py took 0.067 seconds
[2024-11-16T05:04:31.803+0000] {processor.py:186} INFO - Started process (PID=752) to work on /home/airflow/.local/lib/python3.12/site-packages/airflow/example_dags/example_sla_dag.py
[2024-11-16T05:04:31.804+0000] {processor.py:914} INFO - Processing file /home/airflow/.local/lib/python3.12/site-packages/airflow/example_dags/example_sla_dag.py for tasks to queue
[2024-11-16T05:04:31.805+0000] {logging_mixin.py:190} INFO - [2024-11-16T05:04:31.805+0000] {dagbag.py:588} INFO - Filling up the DagBag from /home/airflow/.local/lib/python3.12/site-packages/airflow/example_dags/example_sla_dag.py
[2024-11-16T05:04:31.814+0000] {processor.py:925} INFO - DAG(s) 'example_sla_dag' retrieved from /home/airflow/.local/lib/python3.12/site-packages/airflow/example_dags/example_sla_dag.py
[2024-11-16T05:04:31.830+0000] {logging_mixin.py:190} INFO - [2024-11-16T05:04:31.830+0000] {dag.py:3239} INFO - Sync 1 DAGs
[2024-11-16T05:04:31.849+0000] {logging_mixin.py:190} INFO - [2024-11-16T05:04:31.849+0000] {dag.py:4180} INFO - Setting next_dagrun for example_sla_dag to 2024-11-16 05:02:00+00:00, run_after=2024-11-16 05:04:00+00:00
[2024-11-16T05:04:31.870+0000] {processor.py:208} INFO - Processing /home/airflow/.local/lib/python3.12/site-packages/airflow/example_dags/example_sla_dag.py took 0.071 seconds
[2024-11-16T05:05:02.326+0000] {processor.py:186} INFO - Started process (PID=819) to work on /home/airflow/.local/lib/python3.12/site-packages/airflow/example_dags/example_sla_dag.py
[2024-11-16T05:05:02.327+0000] {processor.py:914} INFO - Processing file /home/airflow/.local/lib/python3.12/site-packages/airflow/example_dags/example_sla_dag.py for tasks to queue
[2024-11-16T05:05:02.328+0000] {logging_mixin.py:190} INFO - [2024-11-16T05:05:02.328+0000] {dagbag.py:588} INFO - Filling up the DagBag from /home/airflow/.local/lib/python3.12/site-packages/airflow/example_dags/example_sla_dag.py
[2024-11-16T05:05:02.335+0000] {processor.py:925} INFO - DAG(s) 'example_sla_dag' retrieved from /home/airflow/.local/lib/python3.12/site-packages/airflow/example_dags/example_sla_dag.py
[2024-11-16T05:05:02.351+0000] {logging_mixin.py:190} INFO - [2024-11-16T05:05:02.351+0000] {dag.py:3239} INFO - Sync 1 DAGs
[2024-11-16T05:05:02.374+0000] {logging_mixin.py:190} INFO - [2024-11-16T05:05:02.374+0000] {dag.py:4180} INFO - Setting next_dagrun for example_sla_dag to 2024-11-16 05:02:00+00:00, run_after=2024-11-16 05:04:00+00:00
[2024-11-16T05:05:02.392+0000] {processor.py:208} INFO - Processing /home/airflow/.local/lib/python3.12/site-packages/airflow/example_dags/example_sla_dag.py took 0.071 seconds
[2024-11-16T05:05:32.627+0000] {processor.py:186} INFO - Started process (PID=887) to work on /home/airflow/.local/lib/python3.12/site-packages/airflow/example_dags/example_sla_dag.py
[2024-11-16T05:05:32.628+0000] {processor.py:914} INFO - Processing file /home/airflow/.local/lib/python3.12/site-packages/airflow/example_dags/example_sla_dag.py for tasks to queue
[2024-11-16T05:05:32.629+0000] {logging_mixin.py:190} INFO - [2024-11-16T05:05:32.629+0000] {dagbag.py:588} INFO - Filling up the DagBag from /home/airflow/.local/lib/python3.12/site-packages/airflow/example_dags/example_sla_dag.py
[2024-11-16T05:05:32.636+0000] {processor.py:925} INFO - DAG(s) 'example_sla_dag' retrieved from /home/airflow/.local/lib/python3.12/site-packages/airflow/example_dags/example_sla_dag.py
[2024-11-16T05:05:32.648+0000] {logging_mixin.py:190} INFO - [2024-11-16T05:05:32.648+0000] {dag.py:3239} INFO - Sync 1 DAGs
[2024-11-16T05:05:32.665+0000] {logging_mixin.py:190} INFO - [2024-11-16T05:05:32.664+0000] {dag.py:4180} INFO - Setting next_dagrun for example_sla_dag to 2024-11-16 05:02:00+00:00, run_after=2024-11-16 05:04:00+00:00
[2024-11-16T05:05:32.678+0000] {processor.py:208} INFO - Processing /home/airflow/.local/lib/python3.12/site-packages/airflow/example_dags/example_sla_dag.py took 0.054 seconds
[2024-11-16T05:06:03.163+0000] {processor.py:186} INFO - Started process (PID=955) to work on /home/airflow/.local/lib/python3.12/site-packages/airflow/example_dags/example_sla_dag.py
[2024-11-16T05:06:03.164+0000] {processor.py:914} INFO - Processing file /home/airflow/.local/lib/python3.12/site-packages/airflow/example_dags/example_sla_dag.py for tasks to queue
[2024-11-16T05:06:03.166+0000] {logging_mixin.py:190} INFO - [2024-11-16T05:06:03.166+0000] {dagbag.py:588} INFO - Filling up the DagBag from /home/airflow/.local/lib/python3.12/site-packages/airflow/example_dags/example_sla_dag.py
[2024-11-16T05:06:03.174+0000] {processor.py:925} INFO - DAG(s) 'example_sla_dag' retrieved from /home/airflow/.local/lib/python3.12/site-packages/airflow/example_dags/example_sla_dag.py
[2024-11-16T05:06:03.186+0000] {logging_mixin.py:190} INFO - [2024-11-16T05:06:03.186+0000] {dag.py:3239} INFO - Sync 1 DAGs
[2024-11-16T05:06:03.204+0000] {logging_mixin.py:190} INFO - [2024-11-16T05:06:03.204+0000] {dag.py:4180} INFO - Setting next_dagrun for example_sla_dag to 2024-11-16 05:04:00+00:00, run_after=2024-11-16 05:06:00+00:00
[2024-11-16T05:06:03.218+0000] {processor.py:208} INFO - Processing /home/airflow/.local/lib/python3.12/site-packages/airflow/example_dags/example_sla_dag.py took 0.060 seconds
[2024-11-16T05:06:33.280+0000] {processor.py:186} INFO - Started process (PID=1023) to work on /home/airflow/.local/lib/python3.12/site-packages/airflow/example_dags/example_sla_dag.py
[2024-11-16T05:06:33.281+0000] {processor.py:914} INFO - Processing file /home/airflow/.local/lib/python3.12/site-packages/airflow/example_dags/example_sla_dag.py for tasks to queue
[2024-11-16T05:06:33.282+0000] {logging_mixin.py:190} INFO - [2024-11-16T05:06:33.282+0000] {dagbag.py:588} INFO - Filling up the DagBag from /home/airflow/.local/lib/python3.12/site-packages/airflow/example_dags/example_sla_dag.py
[2024-11-16T05:06:33.291+0000] {processor.py:925} INFO - DAG(s) 'example_sla_dag' retrieved from /home/airflow/.local/lib/python3.12/site-packages/airflow/example_dags/example_sla_dag.py
[2024-11-16T05:06:33.303+0000] {logging_mixin.py:190} INFO - [2024-11-16T05:06:33.303+0000] {dag.py:3239} INFO - Sync 1 DAGs
[2024-11-16T05:06:33.322+0000] {logging_mixin.py:190} INFO - [2024-11-16T05:06:33.322+0000] {dag.py:4180} INFO - Setting next_dagrun for example_sla_dag to 2024-11-16 05:04:00+00:00, run_after=2024-11-16 05:06:00+00:00
[2024-11-16T05:06:33.336+0000] {processor.py:208} INFO - Processing /home/airflow/.local/lib/python3.12/site-packages/airflow/example_dags/example_sla_dag.py took 0.060 seconds
[2024-11-16T05:07:03.470+0000] {processor.py:186} INFO - Started process (PID=1091) to work on /home/airflow/.local/lib/python3.12/site-packages/airflow/example_dags/example_sla_dag.py
[2024-11-16T05:07:03.471+0000] {processor.py:914} INFO - Processing file /home/airflow/.local/lib/python3.12/site-packages/airflow/example_dags/example_sla_dag.py for tasks to queue
[2024-11-16T05:07:03.472+0000] {logging_mixin.py:190} INFO - [2024-11-16T05:07:03.472+0000] {dagbag.py:588} INFO - Filling up the DagBag from /home/airflow/.local/lib/python3.12/site-packages/airflow/example_dags/example_sla_dag.py
[2024-11-16T05:07:03.478+0000] {processor.py:925} INFO - DAG(s) 'example_sla_dag' retrieved from /home/airflow/.local/lib/python3.12/site-packages/airflow/example_dags/example_sla_dag.py
[2024-11-16T05:07:03.492+0000] {logging_mixin.py:190} INFO - [2024-11-16T05:07:03.492+0000] {dag.py:3239} INFO - Sync 1 DAGs
[2024-11-16T05:07:03.512+0000] {logging_mixin.py:190} INFO - [2024-11-16T05:07:03.512+0000] {dag.py:4180} INFO - Setting next_dagrun for example_sla_dag to 2024-11-16 05:04:00+00:00, run_after=2024-11-16 05:06:00+00:00
[2024-11-16T05:07:03.526+0000] {processor.py:208} INFO - Processing /home/airflow/.local/lib/python3.12/site-packages/airflow/example_dags/example_sla_dag.py took 0.060 seconds
[2024-11-16T05:07:33.724+0000] {processor.py:186} INFO - Started process (PID=1159) to work on /home/airflow/.local/lib/python3.12/site-packages/airflow/example_dags/example_sla_dag.py
[2024-11-16T05:07:33.725+0000] {processor.py:914} INFO - Processing file /home/airflow/.local/lib/python3.12/site-packages/airflow/example_dags/example_sla_dag.py for tasks to queue
[2024-11-16T05:07:33.727+0000] {logging_mixin.py:190} INFO - [2024-11-16T05:07:33.726+0000] {dagbag.py:588} INFO - Filling up the DagBag from /home/airflow/.local/lib/python3.12/site-packages/airflow/example_dags/example_sla_dag.py
[2024-11-16T05:07:33.733+0000] {processor.py:925} INFO - DAG(s) 'example_sla_dag' retrieved from /home/airflow/.local/lib/python3.12/site-packages/airflow/example_dags/example_sla_dag.py
[2024-11-16T05:07:33.746+0000] {logging_mixin.py:190} INFO - [2024-11-16T05:07:33.746+0000] {dag.py:3239} INFO - Sync 1 DAGs
[2024-11-16T05:07:33.768+0000] {logging_mixin.py:190} INFO - [2024-11-16T05:07:33.768+0000] {dag.py:4180} INFO - Setting next_dagrun for example_sla_dag to 2024-11-16 05:04:00+00:00, run_after=2024-11-16 05:06:00+00:00
[2024-11-16T05:07:33.783+0000] {processor.py:208} INFO - Processing /home/airflow/.local/lib/python3.12/site-packages/airflow/example_dags/example_sla_dag.py took 0.063 seconds
[2024-11-16T05:08:03.965+0000] {processor.py:186} INFO - Started process (PID=1227) to work on /home/airflow/.local/lib/python3.12/site-packages/airflow/example_dags/example_sla_dag.py
[2024-11-16T05:08:03.966+0000] {processor.py:914} INFO - Processing file /home/airflow/.local/lib/python3.12/site-packages/airflow/example_dags/example_sla_dag.py for tasks to queue
[2024-11-16T05:08:03.967+0000] {logging_mixin.py:190} INFO - [2024-11-16T05:08:03.967+0000] {dagbag.py:588} INFO - Filling up the DagBag from /home/airflow/.local/lib/python3.12/site-packages/airflow/example_dags/example_sla_dag.py
[2024-11-16T05:08:03.976+0000] {processor.py:925} INFO - DAG(s) 'example_sla_dag' retrieved from /home/airflow/.local/lib/python3.12/site-packages/airflow/example_dags/example_sla_dag.py
[2024-11-16T05:08:03.991+0000] {logging_mixin.py:190} INFO - [2024-11-16T05:08:03.991+0000] {dag.py:3239} INFO - Sync 1 DAGs
[2024-11-16T05:08:04.014+0000] {logging_mixin.py:190} INFO - [2024-11-16T05:08:04.014+0000] {dag.py:4180} INFO - Setting next_dagrun for example_sla_dag to 2024-11-16 05:06:00+00:00, run_after=2024-11-16 05:08:00+00:00
[2024-11-16T05:08:04.032+0000] {processor.py:208} INFO - Processing /home/airflow/.local/lib/python3.12/site-packages/airflow/example_dags/example_sla_dag.py took 0.071 seconds
[2024-11-16T05:08:34.258+0000] {processor.py:186} INFO - Started process (PID=1295) to work on /home/airflow/.local/lib/python3.12/site-packages/airflow/example_dags/example_sla_dag.py
[2024-11-16T05:08:34.259+0000] {processor.py:914} INFO - Processing file /home/airflow/.local/lib/python3.12/site-packages/airflow/example_dags/example_sla_dag.py for tasks to queue
[2024-11-16T05:08:34.261+0000] {logging_mixin.py:190} INFO - [2024-11-16T05:08:34.261+0000] {dagbag.py:588} INFO - Filling up the DagBag from /home/airflow/.local/lib/python3.12/site-packages/airflow/example_dags/example_sla_dag.py
[2024-11-16T05:08:34.269+0000] {processor.py:925} INFO - DAG(s) 'example_sla_dag' retrieved from /home/airflow/.local/lib/python3.12/site-packages/airflow/example_dags/example_sla_dag.py
[2024-11-16T05:08:34.281+0000] {logging_mixin.py:190} INFO - [2024-11-16T05:08:34.281+0000] {dag.py:3239} INFO - Sync 1 DAGs
[2024-11-16T05:08:34.299+0000] {logging_mixin.py:190} INFO - [2024-11-16T05:08:34.299+0000] {dag.py:4180} INFO - Setting next_dagrun for example_sla_dag to 2024-11-16 05:06:00+00:00, run_after=2024-11-16 05:08:00+00:00
[2024-11-16T05:08:34.314+0000] {processor.py:208} INFO - Processing /home/airflow/.local/lib/python3.12/site-packages/airflow/example_dags/example_sla_dag.py took 0.059 seconds
[2024-11-16T05:09:04.495+0000] {processor.py:186} INFO - Started process (PID=1363) to work on /home/airflow/.local/lib/python3.12/site-packages/airflow/example_dags/example_sla_dag.py
[2024-11-16T05:09:04.496+0000] {processor.py:914} INFO - Processing file /home/airflow/.local/lib/python3.12/site-packages/airflow/example_dags/example_sla_dag.py for tasks to queue
[2024-11-16T05:09:04.497+0000] {logging_mixin.py:190} INFO - [2024-11-16T05:09:04.497+0000] {dagbag.py:588} INFO - Filling up the DagBag from /home/airflow/.local/lib/python3.12/site-packages/airflow/example_dags/example_sla_dag.py
[2024-11-16T05:09:04.504+0000] {processor.py:925} INFO - DAG(s) 'example_sla_dag' retrieved from /home/airflow/.local/lib/python3.12/site-packages/airflow/example_dags/example_sla_dag.py
[2024-11-16T05:09:04.517+0000] {logging_mixin.py:190} INFO - [2024-11-16T05:09:04.516+0000] {dag.py:3239} INFO - Sync 1 DAGs
[2024-11-16T05:09:04.534+0000] {logging_mixin.py:190} INFO - [2024-11-16T05:09:04.534+0000] {dag.py:4180} INFO - Setting next_dagrun for example_sla_dag to 2024-11-16 05:06:00+00:00, run_after=2024-11-16 05:08:00+00:00
[2024-11-16T05:09:04.547+0000] {processor.py:208} INFO - Processing /home/airflow/.local/lib/python3.12/site-packages/airflow/example_dags/example_sla_dag.py took 0.056 seconds
[2024-11-16T05:09:34.927+0000] {processor.py:186} INFO - Started process (PID=1431) to work on /home/airflow/.local/lib/python3.12/site-packages/airflow/example_dags/example_sla_dag.py
[2024-11-16T05:09:34.928+0000] {processor.py:914} INFO - Processing file /home/airflow/.local/lib/python3.12/site-packages/airflow/example_dags/example_sla_dag.py for tasks to queue
[2024-11-16T05:09:34.930+0000] {logging_mixin.py:190} INFO - [2024-11-16T05:09:34.929+0000] {dagbag.py:588} INFO - Filling up the DagBag from /home/airflow/.local/lib/python3.12/site-packages/airflow/example_dags/example_sla_dag.py
[2024-11-16T05:09:34.937+0000] {processor.py:925} INFO - DAG(s) 'example_sla_dag' retrieved from /home/airflow/.local/lib/python3.12/site-packages/airflow/example_dags/example_sla_dag.py
[2024-11-16T05:09:34.949+0000] {logging_mixin.py:190} INFO - [2024-11-16T05:09:34.949+0000] {dag.py:3239} INFO - Sync 1 DAGs
[2024-11-16T05:09:34.967+0000] {logging_mixin.py:190} INFO - [2024-11-16T05:09:34.966+0000] {dag.py:4180} INFO - Setting next_dagrun for example_sla_dag to 2024-11-16 05:06:00+00:00, run_after=2024-11-16 05:08:00+00:00
[2024-11-16T05:09:34.980+0000] {processor.py:208} INFO - Processing /home/airflow/.local/lib/python3.12/site-packages/airflow/example_dags/example_sla_dag.py took 0.056 seconds
[2024-11-16T05:10:05.288+0000] {processor.py:186} INFO - Started process (PID=1499) to work on /home/airflow/.local/lib/python3.12/site-packages/airflow/example_dags/example_sla_dag.py
[2024-11-16T05:10:05.289+0000] {processor.py:914} INFO - Processing file /home/airflow/.local/lib/python3.12/site-packages/airflow/example_dags/example_sla_dag.py for tasks to queue
[2024-11-16T05:10:05.290+0000] {logging_mixin.py:190} INFO - [2024-11-16T05:10:05.290+0000] {dagbag.py:588} INFO - Filling up the DagBag from /home/airflow/.local/lib/python3.12/site-packages/airflow/example_dags/example_sla_dag.py
[2024-11-16T05:10:05.297+0000] {processor.py:925} INFO - DAG(s) 'example_sla_dag' retrieved from /home/airflow/.local/lib/python3.12/site-packages/airflow/example_dags/example_sla_dag.py
[2024-11-16T05:10:05.311+0000] {logging_mixin.py:190} INFO - [2024-11-16T05:10:05.311+0000] {dag.py:3239} INFO - Sync 1 DAGs
[2024-11-16T05:10:05.331+0000] {logging_mixin.py:190} INFO - [2024-11-16T05:10:05.331+0000] {dag.py:4180} INFO - Setting next_dagrun for example_sla_dag to 2024-11-16 05:08:00+00:00, run_after=2024-11-16 05:10:00+00:00
[2024-11-16T05:10:05.346+0000] {processor.py:208} INFO - Processing /home/airflow/.local/lib/python3.12/site-packages/airflow/example_dags/example_sla_dag.py took 0.061 seconds
[2024-11-16T05:11:26.081+0000] {processor.py:186} INFO - Started process (PID=80) to work on /home/airflow/.local/lib/python3.12/site-packages/airflow/example_dags/example_sla_dag.py
[2024-11-16T05:11:26.082+0000] {processor.py:914} INFO - Processing file /home/airflow/.local/lib/python3.12/site-packages/airflow/example_dags/example_sla_dag.py for tasks to queue
[2024-11-16T05:11:26.085+0000] {logging_mixin.py:190} INFO - [2024-11-16T05:11:26.085+0000] {dagbag.py:588} INFO - Filling up the DagBag from /home/airflow/.local/lib/python3.12/site-packages/airflow/example_dags/example_sla_dag.py
[2024-11-16T05:11:26.099+0000] {processor.py:925} INFO - DAG(s) 'example_sla_dag' retrieved from /home/airflow/.local/lib/python3.12/site-packages/airflow/example_dags/example_sla_dag.py
[2024-11-16T05:11:26.118+0000] {logging_mixin.py:190} INFO - [2024-11-16T05:11:26.118+0000] {dag.py:3239} INFO - Sync 1 DAGs
[2024-11-16T05:11:26.143+0000] {logging_mixin.py:190} INFO - [2024-11-16T05:11:26.143+0000] {dag.py:4180} INFO - Setting next_dagrun for example_sla_dag to 2024-11-16 05:08:00+00:00, run_after=2024-11-16 05:10:00+00:00
[2024-11-16T05:11:26.168+0000] {processor.py:208} INFO - Processing /home/airflow/.local/lib/python3.12/site-packages/airflow/example_dags/example_sla_dag.py took 0.093 seconds
[2024-11-16T05:11:56.681+0000] {processor.py:186} INFO - Started process (PID=154) to work on /home/airflow/.local/lib/python3.12/site-packages/airflow/example_dags/example_sla_dag.py
[2024-11-16T05:11:56.682+0000] {processor.py:914} INFO - Processing file /home/airflow/.local/lib/python3.12/site-packages/airflow/example_dags/example_sla_dag.py for tasks to queue
[2024-11-16T05:11:56.683+0000] {logging_mixin.py:190} INFO - [2024-11-16T05:11:56.683+0000] {dagbag.py:588} INFO - Filling up the DagBag from /home/airflow/.local/lib/python3.12/site-packages/airflow/example_dags/example_sla_dag.py
[2024-11-16T05:11:56.690+0000] {processor.py:925} INFO - DAG(s) 'example_sla_dag' retrieved from /home/airflow/.local/lib/python3.12/site-packages/airflow/example_dags/example_sla_dag.py
[2024-11-16T05:11:56.703+0000] {logging_mixin.py:190} INFO - [2024-11-16T05:11:56.703+0000] {dag.py:3239} INFO - Sync 1 DAGs
[2024-11-16T05:11:56.722+0000] {logging_mixin.py:190} INFO - [2024-11-16T05:11:56.722+0000] {dag.py:4180} INFO - Setting next_dagrun for example_sla_dag to 2024-11-16 05:08:00+00:00, run_after=2024-11-16 05:10:00+00:00
[2024-11-16T05:11:56.739+0000] {processor.py:208} INFO - Processing /home/airflow/.local/lib/python3.12/site-packages/airflow/example_dags/example_sla_dag.py took 0.062 seconds
[2024-11-16T05:12:27.075+0000] {processor.py:186} INFO - Started process (PID=222) to work on /home/airflow/.local/lib/python3.12/site-packages/airflow/example_dags/example_sla_dag.py
[2024-11-16T05:12:27.075+0000] {processor.py:914} INFO - Processing file /home/airflow/.local/lib/python3.12/site-packages/airflow/example_dags/example_sla_dag.py for tasks to queue
[2024-11-16T05:12:27.077+0000] {logging_mixin.py:190} INFO - [2024-11-16T05:12:27.077+0000] {dagbag.py:588} INFO - Filling up the DagBag from /home/airflow/.local/lib/python3.12/site-packages/airflow/example_dags/example_sla_dag.py
[2024-11-16T05:12:27.084+0000] {processor.py:925} INFO - DAG(s) 'example_sla_dag' retrieved from /home/airflow/.local/lib/python3.12/site-packages/airflow/example_dags/example_sla_dag.py
[2024-11-16T05:12:27.096+0000] {logging_mixin.py:190} INFO - [2024-11-16T05:12:27.096+0000] {dag.py:3239} INFO - Sync 1 DAGs
[2024-11-16T05:12:27.123+0000] {logging_mixin.py:190} INFO - [2024-11-16T05:12:27.123+0000] {dag.py:4180} INFO - Setting next_dagrun for example_sla_dag to 2024-11-16 05:10:00+00:00, run_after=2024-11-16 05:12:00+00:00
[2024-11-16T05:12:27.159+0000] {processor.py:208} INFO - Processing /home/airflow/.local/lib/python3.12/site-packages/airflow/example_dags/example_sla_dag.py took 0.088 seconds
[2024-11-16T05:12:57.441+0000] {processor.py:186} INFO - Started process (PID=290) to work on /home/airflow/.local/lib/python3.12/site-packages/airflow/example_dags/example_sla_dag.py
[2024-11-16T05:12:57.442+0000] {processor.py:914} INFO - Processing file /home/airflow/.local/lib/python3.12/site-packages/airflow/example_dags/example_sla_dag.py for tasks to queue
[2024-11-16T05:12:57.443+0000] {logging_mixin.py:190} INFO - [2024-11-16T05:12:57.443+0000] {dagbag.py:588} INFO - Filling up the DagBag from /home/airflow/.local/lib/python3.12/site-packages/airflow/example_dags/example_sla_dag.py
[2024-11-16T05:12:57.450+0000] {processor.py:925} INFO - DAG(s) 'example_sla_dag' retrieved from /home/airflow/.local/lib/python3.12/site-packages/airflow/example_dags/example_sla_dag.py
[2024-11-16T05:12:57.463+0000] {logging_mixin.py:190} INFO - [2024-11-16T05:12:57.463+0000] {dag.py:3239} INFO - Sync 1 DAGs
[2024-11-16T05:12:57.481+0000] {logging_mixin.py:190} INFO - [2024-11-16T05:12:57.481+0000] {dag.py:4180} INFO - Setting next_dagrun for example_sla_dag to 2024-11-16 05:10:00+00:00, run_after=2024-11-16 05:12:00+00:00
[2024-11-16T05:12:57.497+0000] {processor.py:208} INFO - Processing /home/airflow/.local/lib/python3.12/site-packages/airflow/example_dags/example_sla_dag.py took 0.060 seconds
[2024-11-16T05:14:11.532+0000] {processor.py:186} INFO - Started process (PID=70) to work on /home/airflow/.local/lib/python3.12/site-packages/airflow/example_dags/example_sla_dag.py
[2024-11-16T05:14:11.533+0000] {processor.py:914} INFO - Processing file /home/airflow/.local/lib/python3.12/site-packages/airflow/example_dags/example_sla_dag.py for tasks to queue
[2024-11-16T05:14:11.535+0000] {logging_mixin.py:190} INFO - [2024-11-16T05:14:11.535+0000] {dagbag.py:588} INFO - Filling up the DagBag from /home/airflow/.local/lib/python3.12/site-packages/airflow/example_dags/example_sla_dag.py
[2024-11-16T05:14:11.545+0000] {processor.py:925} INFO - DAG(s) 'example_sla_dag' retrieved from /home/airflow/.local/lib/python3.12/site-packages/airflow/example_dags/example_sla_dag.py
[2024-11-16T05:14:11.561+0000] {logging_mixin.py:190} INFO - [2024-11-16T05:14:11.561+0000] {dag.py:3239} INFO - Sync 1 DAGs
[2024-11-16T05:14:11.583+0000] {logging_mixin.py:190} INFO - [2024-11-16T05:14:11.582+0000] {dag.py:4180} INFO - Setting next_dagrun for example_sla_dag to 2024-11-16 05:12:00+00:00, run_after=2024-11-16 05:14:00+00:00
[2024-11-16T05:14:11.604+0000] {processor.py:208} INFO - Processing /home/airflow/.local/lib/python3.12/site-packages/airflow/example_dags/example_sla_dag.py took 0.077 seconds
[2024-11-16T05:14:42.384+0000] {processor.py:186} INFO - Started process (PID=138) to work on /home/airflow/.local/lib/python3.12/site-packages/airflow/example_dags/example_sla_dag.py
[2024-11-16T05:14:42.385+0000] {processor.py:914} INFO - Processing file /home/airflow/.local/lib/python3.12/site-packages/airflow/example_dags/example_sla_dag.py for tasks to queue
[2024-11-16T05:14:42.386+0000] {logging_mixin.py:190} INFO - [2024-11-16T05:14:42.386+0000] {dagbag.py:588} INFO - Filling up the DagBag from /home/airflow/.local/lib/python3.12/site-packages/airflow/example_dags/example_sla_dag.py
[2024-11-16T05:14:42.394+0000] {processor.py:925} INFO - DAG(s) 'example_sla_dag' retrieved from /home/airflow/.local/lib/python3.12/site-packages/airflow/example_dags/example_sla_dag.py
[2024-11-16T05:14:42.408+0000] {logging_mixin.py:190} INFO - [2024-11-16T05:14:42.407+0000] {dag.py:3239} INFO - Sync 1 DAGs
[2024-11-16T05:14:42.425+0000] {logging_mixin.py:190} INFO - [2024-11-16T05:14:42.425+0000] {dag.py:4180} INFO - Setting next_dagrun for example_sla_dag to 2024-11-16 05:12:00+00:00, run_after=2024-11-16 05:14:00+00:00
[2024-11-16T05:14:42.438+0000] {processor.py:208} INFO - Processing /home/airflow/.local/lib/python3.12/site-packages/airflow/example_dags/example_sla_dag.py took 0.058 seconds
[2024-11-16T05:15:12.946+0000] {processor.py:186} INFO - Started process (PID=206) to work on /home/airflow/.local/lib/python3.12/site-packages/airflow/example_dags/example_sla_dag.py
[2024-11-16T05:15:12.947+0000] {processor.py:914} INFO - Processing file /home/airflow/.local/lib/python3.12/site-packages/airflow/example_dags/example_sla_dag.py for tasks to queue
[2024-11-16T05:15:12.948+0000] {logging_mixin.py:190} INFO - [2024-11-16T05:15:12.948+0000] {dagbag.py:588} INFO - Filling up the DagBag from /home/airflow/.local/lib/python3.12/site-packages/airflow/example_dags/example_sla_dag.py
[2024-11-16T05:15:12.956+0000] {processor.py:925} INFO - DAG(s) 'example_sla_dag' retrieved from /home/airflow/.local/lib/python3.12/site-packages/airflow/example_dags/example_sla_dag.py
[2024-11-16T05:15:12.975+0000] {logging_mixin.py:190} INFO - [2024-11-16T05:15:12.974+0000] {dag.py:3239} INFO - Sync 1 DAGs
[2024-11-16T05:15:13.002+0000] {logging_mixin.py:190} INFO - [2024-11-16T05:15:13.002+0000] {dag.py:4180} INFO - Setting next_dagrun for example_sla_dag to 2024-11-16 05:12:00+00:00, run_after=2024-11-16 05:14:00+00:00
[2024-11-16T05:15:13.021+0000] {processor.py:208} INFO - Processing /home/airflow/.local/lib/python3.12/site-packages/airflow/example_dags/example_sla_dag.py took 0.079 seconds
[2024-11-16T05:15:43.301+0000] {processor.py:186} INFO - Started process (PID=275) to work on /home/airflow/.local/lib/python3.12/site-packages/airflow/example_dags/example_sla_dag.py
[2024-11-16T05:15:43.305+0000] {processor.py:914} INFO - Processing file /home/airflow/.local/lib/python3.12/site-packages/airflow/example_dags/example_sla_dag.py for tasks to queue
[2024-11-16T05:15:43.307+0000] {logging_mixin.py:190} INFO - [2024-11-16T05:15:43.306+0000] {dagbag.py:588} INFO - Filling up the DagBag from /home/airflow/.local/lib/python3.12/site-packages/airflow/example_dags/example_sla_dag.py
[2024-11-16T05:15:43.319+0000] {processor.py:925} INFO - DAG(s) 'example_sla_dag' retrieved from /home/airflow/.local/lib/python3.12/site-packages/airflow/example_dags/example_sla_dag.py
[2024-11-16T05:15:43.370+0000] {logging_mixin.py:190} INFO - [2024-11-16T05:15:43.369+0000] {dag.py:3239} INFO - Sync 1 DAGs
[2024-11-16T05:15:43.397+0000] {logging_mixin.py:190} INFO - [2024-11-16T05:15:43.397+0000] {dag.py:4180} INFO - Setting next_dagrun for example_sla_dag to 2024-11-16 05:12:00+00:00, run_after=2024-11-16 05:14:00+00:00
[2024-11-16T05:15:43.422+0000] {processor.py:208} INFO - Processing /home/airflow/.local/lib/python3.12/site-packages/airflow/example_dags/example_sla_dag.py took 0.128 seconds
[2024-11-16T05:16:13.533+0000] {processor.py:186} INFO - Started process (PID=343) to work on /home/airflow/.local/lib/python3.12/site-packages/airflow/example_dags/example_sla_dag.py
[2024-11-16T05:16:13.534+0000] {processor.py:914} INFO - Processing file /home/airflow/.local/lib/python3.12/site-packages/airflow/example_dags/example_sla_dag.py for tasks to queue
[2024-11-16T05:16:13.535+0000] {logging_mixin.py:190} INFO - [2024-11-16T05:16:13.535+0000] {dagbag.py:588} INFO - Filling up the DagBag from /home/airflow/.local/lib/python3.12/site-packages/airflow/example_dags/example_sla_dag.py
[2024-11-16T05:16:13.546+0000] {processor.py:925} INFO - DAG(s) 'example_sla_dag' retrieved from /home/airflow/.local/lib/python3.12/site-packages/airflow/example_dags/example_sla_dag.py
[2024-11-16T05:16:13.563+0000] {logging_mixin.py:190} INFO - [2024-11-16T05:16:13.563+0000] {dag.py:3239} INFO - Sync 1 DAGs
[2024-11-16T05:16:13.586+0000] {logging_mixin.py:190} INFO - [2024-11-16T05:16:13.585+0000] {dag.py:4180} INFO - Setting next_dagrun for example_sla_dag to 2024-11-16 05:14:00+00:00, run_after=2024-11-16 05:16:00+00:00
[2024-11-16T05:16:13.602+0000] {processor.py:208} INFO - Processing /home/airflow/.local/lib/python3.12/site-packages/airflow/example_dags/example_sla_dag.py took 0.074 seconds
[2024-11-16T05:16:44.596+0000] {processor.py:186} INFO - Started process (PID=418) to work on /home/airflow/.local/lib/python3.12/site-packages/airflow/example_dags/example_sla_dag.py
[2024-11-16T05:16:44.597+0000] {processor.py:914} INFO - Processing file /home/airflow/.local/lib/python3.12/site-packages/airflow/example_dags/example_sla_dag.py for tasks to queue
[2024-11-16T05:16:44.599+0000] {logging_mixin.py:190} INFO - [2024-11-16T05:16:44.599+0000] {dagbag.py:588} INFO - Filling up the DagBag from /home/airflow/.local/lib/python3.12/site-packages/airflow/example_dags/example_sla_dag.py
[2024-11-16T05:16:44.608+0000] {processor.py:925} INFO - DAG(s) 'example_sla_dag' retrieved from /home/airflow/.local/lib/python3.12/site-packages/airflow/example_dags/example_sla_dag.py
[2024-11-16T05:16:44.624+0000] {logging_mixin.py:190} INFO - [2024-11-16T05:16:44.624+0000] {dag.py:3239} INFO - Sync 1 DAGs
[2024-11-16T05:16:44.646+0000] {logging_mixin.py:190} INFO - [2024-11-16T05:16:44.646+0000] {dag.py:4180} INFO - Setting next_dagrun for example_sla_dag to 2024-11-16 05:14:00+00:00, run_after=2024-11-16 05:16:00+00:00
[2024-11-16T05:16:44.664+0000] {processor.py:208} INFO - Processing /home/airflow/.local/lib/python3.12/site-packages/airflow/example_dags/example_sla_dag.py took 0.072 seconds
[2024-11-16T05:17:27.869+0000] {processor.py:186} INFO - Started process (PID=486) to work on /home/airflow/.local/lib/python3.12/site-packages/airflow/example_dags/example_sla_dag.py
[2024-11-16T05:17:27.877+0000] {processor.py:914} INFO - Processing file /home/airflow/.local/lib/python3.12/site-packages/airflow/example_dags/example_sla_dag.py for tasks to queue
[2024-11-16T05:17:27.886+0000] {logging_mixin.py:190} INFO - [2024-11-16T05:17:27.882+0000] {dagbag.py:588} INFO - Filling up the DagBag from /home/airflow/.local/lib/python3.12/site-packages/airflow/example_dags/example_sla_dag.py
[2024-11-16T05:17:27.936+0000] {processor.py:925} INFO - DAG(s) 'example_sla_dag' retrieved from /home/airflow/.local/lib/python3.12/site-packages/airflow/example_dags/example_sla_dag.py
[2024-11-16T05:17:28.368+0000] {logging_mixin.py:190} INFO - [2024-11-16T05:17:28.343+0000] {dag.py:3239} INFO - Sync 1 DAGs
[2024-11-16T05:17:28.470+0000] {logging_mixin.py:190} INFO - [2024-11-16T05:17:28.463+0000] {dag.py:4180} INFO - Setting next_dagrun for example_sla_dag to 2024-11-16 05:14:00+00:00, run_after=2024-11-16 05:16:00+00:00
[2024-11-16T05:17:29.240+0000] {processor.py:208} INFO - Processing /home/airflow/.local/lib/python3.12/site-packages/airflow/example_dags/example_sla_dag.py took 1.391 seconds
[2024-11-16T05:17:59.731+0000] {processor.py:186} INFO - Started process (PID=554) to work on /home/airflow/.local/lib/python3.12/site-packages/airflow/example_dags/example_sla_dag.py
[2024-11-16T05:17:59.732+0000] {processor.py:914} INFO - Processing file /home/airflow/.local/lib/python3.12/site-packages/airflow/example_dags/example_sla_dag.py for tasks to queue
[2024-11-16T05:17:59.735+0000] {logging_mixin.py:190} INFO - [2024-11-16T05:17:59.734+0000] {dagbag.py:588} INFO - Filling up the DagBag from /home/airflow/.local/lib/python3.12/site-packages/airflow/example_dags/example_sla_dag.py
[2024-11-16T05:17:59.742+0000] {processor.py:925} INFO - DAG(s) 'example_sla_dag' retrieved from /home/airflow/.local/lib/python3.12/site-packages/airflow/example_dags/example_sla_dag.py
[2024-11-16T05:17:59.754+0000] {logging_mixin.py:190} INFO - [2024-11-16T05:17:59.754+0000] {dag.py:3239} INFO - Sync 1 DAGs
[2024-11-16T05:17:59.770+0000] {logging_mixin.py:190} INFO - [2024-11-16T05:17:59.769+0000] {dag.py:4180} INFO - Setting next_dagrun for example_sla_dag to 2024-11-16 05:14:00+00:00, run_after=2024-11-16 05:16:00+00:00
[2024-11-16T05:17:59.781+0000] {processor.py:208} INFO - Processing /home/airflow/.local/lib/python3.12/site-packages/airflow/example_dags/example_sla_dag.py took 0.059 seconds
[2024-11-16T05:18:29.826+0000] {processor.py:186} INFO - Started process (PID=622) to work on /home/airflow/.local/lib/python3.12/site-packages/airflow/example_dags/example_sla_dag.py
[2024-11-16T05:18:29.827+0000] {processor.py:914} INFO - Processing file /home/airflow/.local/lib/python3.12/site-packages/airflow/example_dags/example_sla_dag.py for tasks to queue
[2024-11-16T05:18:29.828+0000] {logging_mixin.py:190} INFO - [2024-11-16T05:18:29.828+0000] {dagbag.py:588} INFO - Filling up the DagBag from /home/airflow/.local/lib/python3.12/site-packages/airflow/example_dags/example_sla_dag.py
[2024-11-16T05:18:29.834+0000] {processor.py:925} INFO - DAG(s) 'example_sla_dag' retrieved from /home/airflow/.local/lib/python3.12/site-packages/airflow/example_dags/example_sla_dag.py
[2024-11-16T05:18:29.846+0000] {logging_mixin.py:190} INFO - [2024-11-16T05:18:29.846+0000] {dag.py:3239} INFO - Sync 1 DAGs
[2024-11-16T05:18:29.862+0000] {logging_mixin.py:190} INFO - [2024-11-16T05:18:29.862+0000] {dag.py:4180} INFO - Setting next_dagrun for example_sla_dag to 2024-11-16 05:16:00+00:00, run_after=2024-11-16 05:18:00+00:00
[2024-11-16T05:18:29.873+0000] {processor.py:208} INFO - Processing /home/airflow/.local/lib/python3.12/site-packages/airflow/example_dags/example_sla_dag.py took 0.052 seconds
[2024-11-16T05:20:40.769+0000] {processor.py:186} INFO - Started process (PID=66) to work on /home/airflow/.local/lib/python3.12/site-packages/airflow/example_dags/example_sla_dag.py
[2024-11-16T05:20:40.770+0000] {processor.py:914} INFO - Processing file /home/airflow/.local/lib/python3.12/site-packages/airflow/example_dags/example_sla_dag.py for tasks to queue
[2024-11-16T05:20:40.773+0000] {logging_mixin.py:190} INFO - [2024-11-16T05:20:40.772+0000] {dagbag.py:588} INFO - Filling up the DagBag from /home/airflow/.local/lib/python3.12/site-packages/airflow/example_dags/example_sla_dag.py
[2024-11-16T05:20:40.786+0000] {processor.py:925} INFO - DAG(s) 'example_sla_dag' retrieved from /home/airflow/.local/lib/python3.12/site-packages/airflow/example_dags/example_sla_dag.py
[2024-11-16T05:20:40.815+0000] {logging_mixin.py:190} INFO - [2024-11-16T05:20:40.814+0000] {dag.py:3239} INFO - Sync 1 DAGs
[2024-11-16T05:20:40.864+0000] {logging_mixin.py:190} INFO - [2024-11-16T05:20:40.864+0000] {dag.py:4180} INFO - Setting next_dagrun for example_sla_dag to 2024-11-16 05:18:00+00:00, run_after=2024-11-16 05:20:00+00:00
[2024-11-16T05:20:40.892+0000] {processor.py:208} INFO - Processing /home/airflow/.local/lib/python3.12/site-packages/airflow/example_dags/example_sla_dag.py took 0.129 seconds
[2024-11-16T05:21:11.794+0000] {processor.py:186} INFO - Started process (PID=139) to work on /home/airflow/.local/lib/python3.12/site-packages/airflow/example_dags/example_sla_dag.py
[2024-11-16T05:21:11.794+0000] {processor.py:914} INFO - Processing file /home/airflow/.local/lib/python3.12/site-packages/airflow/example_dags/example_sla_dag.py for tasks to queue
[2024-11-16T05:21:11.796+0000] {logging_mixin.py:190} INFO - [2024-11-16T05:21:11.795+0000] {dagbag.py:588} INFO - Filling up the DagBag from /home/airflow/.local/lib/python3.12/site-packages/airflow/example_dags/example_sla_dag.py
[2024-11-16T05:21:11.802+0000] {processor.py:925} INFO - DAG(s) 'example_sla_dag' retrieved from /home/airflow/.local/lib/python3.12/site-packages/airflow/example_dags/example_sla_dag.py
[2024-11-16T05:21:11.815+0000] {logging_mixin.py:190} INFO - [2024-11-16T05:21:11.815+0000] {dag.py:3239} INFO - Sync 1 DAGs
[2024-11-16T05:21:11.832+0000] {logging_mixin.py:190} INFO - [2024-11-16T05:21:11.832+0000] {dag.py:4180} INFO - Setting next_dagrun for example_sla_dag to 2024-11-16 05:18:00+00:00, run_after=2024-11-16 05:20:00+00:00
[2024-11-16T05:21:11.847+0000] {processor.py:208} INFO - Processing /home/airflow/.local/lib/python3.12/site-packages/airflow/example_dags/example_sla_dag.py took 0.057 seconds
[2024-11-16T05:21:42.756+0000] {processor.py:186} INFO - Started process (PID=207) to work on /home/airflow/.local/lib/python3.12/site-packages/airflow/example_dags/example_sla_dag.py
[2024-11-16T05:21:42.756+0000] {processor.py:914} INFO - Processing file /home/airflow/.local/lib/python3.12/site-packages/airflow/example_dags/example_sla_dag.py for tasks to queue
[2024-11-16T05:21:42.758+0000] {logging_mixin.py:190} INFO - [2024-11-16T05:21:42.758+0000] {dagbag.py:588} INFO - Filling up the DagBag from /home/airflow/.local/lib/python3.12/site-packages/airflow/example_dags/example_sla_dag.py
[2024-11-16T05:21:42.765+0000] {processor.py:925} INFO - DAG(s) 'example_sla_dag' retrieved from /home/airflow/.local/lib/python3.12/site-packages/airflow/example_dags/example_sla_dag.py
[2024-11-16T05:21:42.777+0000] {logging_mixin.py:190} INFO - [2024-11-16T05:21:42.777+0000] {dag.py:3239} INFO - Sync 1 DAGs
[2024-11-16T05:21:42.793+0000] {logging_mixin.py:190} INFO - [2024-11-16T05:21:42.793+0000] {dag.py:4180} INFO - Setting next_dagrun for example_sla_dag to 2024-11-16 05:18:00+00:00, run_after=2024-11-16 05:20:00+00:00
[2024-11-16T05:21:42.807+0000] {processor.py:208} INFO - Processing /home/airflow/.local/lib/python3.12/site-packages/airflow/example_dags/example_sla_dag.py took 0.055 seconds
[2024-11-16T05:22:13.412+0000] {processor.py:186} INFO - Started process (PID=275) to work on /home/airflow/.local/lib/python3.12/site-packages/airflow/example_dags/example_sla_dag.py
[2024-11-16T05:22:13.413+0000] {processor.py:914} INFO - Processing file /home/airflow/.local/lib/python3.12/site-packages/airflow/example_dags/example_sla_dag.py for tasks to queue
[2024-11-16T05:22:13.415+0000] {logging_mixin.py:190} INFO - [2024-11-16T05:22:13.414+0000] {dagbag.py:588} INFO - Filling up the DagBag from /home/airflow/.local/lib/python3.12/site-packages/airflow/example_dags/example_sla_dag.py
[2024-11-16T05:22:13.425+0000] {processor.py:925} INFO - DAG(s) 'example_sla_dag' retrieved from /home/airflow/.local/lib/python3.12/site-packages/airflow/example_dags/example_sla_dag.py
[2024-11-16T05:22:13.442+0000] {logging_mixin.py:190} INFO - [2024-11-16T05:22:13.442+0000] {dag.py:3239} INFO - Sync 1 DAGs
[2024-11-16T05:22:13.465+0000] {logging_mixin.py:190} INFO - [2024-11-16T05:22:13.465+0000] {dag.py:4180} INFO - Setting next_dagrun for example_sla_dag to 2024-11-16 05:20:00+00:00, run_after=2024-11-16 05:22:00+00:00
[2024-11-16T05:22:13.485+0000] {processor.py:208} INFO - Processing /home/airflow/.local/lib/python3.12/site-packages/airflow/example_dags/example_sla_dag.py took 0.082 seconds
[2024-11-16T05:22:43.656+0000] {processor.py:186} INFO - Started process (PID=343) to work on /home/airflow/.local/lib/python3.12/site-packages/airflow/example_dags/example_sla_dag.py
[2024-11-16T05:22:43.657+0000] {processor.py:914} INFO - Processing file /home/airflow/.local/lib/python3.12/site-packages/airflow/example_dags/example_sla_dag.py for tasks to queue
[2024-11-16T05:22:43.658+0000] {logging_mixin.py:190} INFO - [2024-11-16T05:22:43.658+0000] {dagbag.py:588} INFO - Filling up the DagBag from /home/airflow/.local/lib/python3.12/site-packages/airflow/example_dags/example_sla_dag.py
[2024-11-16T05:22:43.666+0000] {processor.py:925} INFO - DAG(s) 'example_sla_dag' retrieved from /home/airflow/.local/lib/python3.12/site-packages/airflow/example_dags/example_sla_dag.py
[2024-11-16T05:22:43.680+0000] {logging_mixin.py:190} INFO - [2024-11-16T05:22:43.679+0000] {dag.py:3239} INFO - Sync 1 DAGs
[2024-11-16T05:22:43.699+0000] {logging_mixin.py:190} INFO - [2024-11-16T05:22:43.698+0000] {dag.py:4180} INFO - Setting next_dagrun for example_sla_dag to 2024-11-16 05:20:00+00:00, run_after=2024-11-16 05:22:00+00:00
[2024-11-16T05:22:43.712+0000] {processor.py:208} INFO - Processing /home/airflow/.local/lib/python3.12/site-packages/airflow/example_dags/example_sla_dag.py took 0.060 seconds
[2024-11-16T05:23:13.805+0000] {processor.py:186} INFO - Started process (PID=411) to work on /home/airflow/.local/lib/python3.12/site-packages/airflow/example_dags/example_sla_dag.py
[2024-11-16T05:23:13.805+0000] {processor.py:914} INFO - Processing file /home/airflow/.local/lib/python3.12/site-packages/airflow/example_dags/example_sla_dag.py for tasks to queue
[2024-11-16T05:23:13.807+0000] {logging_mixin.py:190} INFO - [2024-11-16T05:23:13.807+0000] {dagbag.py:588} INFO - Filling up the DagBag from /home/airflow/.local/lib/python3.12/site-packages/airflow/example_dags/example_sla_dag.py
[2024-11-16T05:23:13.813+0000] {processor.py:925} INFO - DAG(s) 'example_sla_dag' retrieved from /home/airflow/.local/lib/python3.12/site-packages/airflow/example_dags/example_sla_dag.py
[2024-11-16T05:23:13.825+0000] {logging_mixin.py:190} INFO - [2024-11-16T05:23:13.825+0000] {dag.py:3239} INFO - Sync 1 DAGs
[2024-11-16T05:23:13.841+0000] {logging_mixin.py:190} INFO - [2024-11-16T05:23:13.840+0000] {dag.py:4180} INFO - Setting next_dagrun for example_sla_dag to 2024-11-16 05:20:00+00:00, run_after=2024-11-16 05:22:00+00:00
[2024-11-16T05:23:13.855+0000] {processor.py:208} INFO - Processing /home/airflow/.local/lib/python3.12/site-packages/airflow/example_dags/example_sla_dag.py took 0.054 seconds
[2024-11-16T05:23:44.469+0000] {processor.py:186} INFO - Started process (PID=479) to work on /home/airflow/.local/lib/python3.12/site-packages/airflow/example_dags/example_sla_dag.py
[2024-11-16T05:23:44.471+0000] {processor.py:914} INFO - Processing file /home/airflow/.local/lib/python3.12/site-packages/airflow/example_dags/example_sla_dag.py for tasks to queue
[2024-11-16T05:23:44.474+0000] {logging_mixin.py:190} INFO - [2024-11-16T05:23:44.473+0000] {dagbag.py:588} INFO - Filling up the DagBag from /home/airflow/.local/lib/python3.12/site-packages/airflow/example_dags/example_sla_dag.py
[2024-11-16T05:23:44.487+0000] {processor.py:925} INFO - DAG(s) 'example_sla_dag' retrieved from /home/airflow/.local/lib/python3.12/site-packages/airflow/example_dags/example_sla_dag.py
[2024-11-16T05:23:44.505+0000] {logging_mixin.py:190} INFO - [2024-11-16T05:23:44.505+0000] {dag.py:3239} INFO - Sync 1 DAGs
[2024-11-16T05:23:44.532+0000] {logging_mixin.py:190} INFO - [2024-11-16T05:23:44.532+0000] {dag.py:4180} INFO - Setting next_dagrun for example_sla_dag to 2024-11-16 05:20:00+00:00, run_after=2024-11-16 05:22:00+00:00
[2024-11-16T05:23:44.558+0000] {processor.py:208} INFO - Processing /home/airflow/.local/lib/python3.12/site-packages/airflow/example_dags/example_sla_dag.py took 0.095 seconds
[2024-11-16T05:24:14.675+0000] {processor.py:186} INFO - Started process (PID=547) to work on /home/airflow/.local/lib/python3.12/site-packages/airflow/example_dags/example_sla_dag.py
[2024-11-16T05:24:14.676+0000] {processor.py:914} INFO - Processing file /home/airflow/.local/lib/python3.12/site-packages/airflow/example_dags/example_sla_dag.py for tasks to queue
[2024-11-16T05:24:14.677+0000] {logging_mixin.py:190} INFO - [2024-11-16T05:24:14.677+0000] {dagbag.py:588} INFO - Filling up the DagBag from /home/airflow/.local/lib/python3.12/site-packages/airflow/example_dags/example_sla_dag.py
[2024-11-16T05:24:14.684+0000] {processor.py:925} INFO - DAG(s) 'example_sla_dag' retrieved from /home/airflow/.local/lib/python3.12/site-packages/airflow/example_dags/example_sla_dag.py
[2024-11-16T05:24:14.696+0000] {logging_mixin.py:190} INFO - [2024-11-16T05:24:14.695+0000] {dag.py:3239} INFO - Sync 1 DAGs
[2024-11-16T05:24:14.712+0000] {logging_mixin.py:190} INFO - [2024-11-16T05:24:14.712+0000] {dag.py:4180} INFO - Setting next_dagrun for example_sla_dag to 2024-11-16 05:22:00+00:00, run_after=2024-11-16 05:24:00+00:00
[2024-11-16T05:24:14.728+0000] {processor.py:208} INFO - Processing /home/airflow/.local/lib/python3.12/site-packages/airflow/example_dags/example_sla_dag.py took 0.058 seconds
[2024-11-16T05:25:08.701+0000] {processor.py:186} INFO - Started process (PID=66) to work on /home/airflow/.local/lib/python3.12/site-packages/airflow/example_dags/example_sla_dag.py
[2024-11-16T05:25:08.702+0000] {processor.py:914} INFO - Processing file /home/airflow/.local/lib/python3.12/site-packages/airflow/example_dags/example_sla_dag.py for tasks to queue
[2024-11-16T05:25:08.704+0000] {logging_mixin.py:190} INFO - [2024-11-16T05:25:08.703+0000] {dagbag.py:588} INFO - Filling up the DagBag from /home/airflow/.local/lib/python3.12/site-packages/airflow/example_dags/example_sla_dag.py
[2024-11-16T05:25:08.712+0000] {processor.py:925} INFO - DAG(s) 'example_sla_dag' retrieved from /home/airflow/.local/lib/python3.12/site-packages/airflow/example_dags/example_sla_dag.py
[2024-11-16T05:25:08.728+0000] {logging_mixin.py:190} INFO - [2024-11-16T05:25:08.728+0000] {dag.py:3239} INFO - Sync 1 DAGs
[2024-11-16T05:25:08.754+0000] {logging_mixin.py:190} INFO - [2024-11-16T05:25:08.754+0000] {dag.py:4180} INFO - Setting next_dagrun for example_sla_dag to 2024-11-16 05:22:00+00:00, run_after=2024-11-16 05:24:00+00:00
[2024-11-16T05:25:08.787+0000] {processor.py:208} INFO - Processing /home/airflow/.local/lib/python3.12/site-packages/airflow/example_dags/example_sla_dag.py took 0.090 seconds
[2024-11-16T05:25:38.854+0000] {processor.py:186} INFO - Started process (PID=134) to work on /home/airflow/.local/lib/python3.12/site-packages/airflow/example_dags/example_sla_dag.py
[2024-11-16T05:25:38.855+0000] {processor.py:914} INFO - Processing file /home/airflow/.local/lib/python3.12/site-packages/airflow/example_dags/example_sla_dag.py for tasks to queue
[2024-11-16T05:25:38.856+0000] {logging_mixin.py:190} INFO - [2024-11-16T05:25:38.856+0000] {dagbag.py:588} INFO - Filling up the DagBag from /home/airflow/.local/lib/python3.12/site-packages/airflow/example_dags/example_sla_dag.py
[2024-11-16T05:25:38.863+0000] {processor.py:925} INFO - DAG(s) 'example_sla_dag' retrieved from /home/airflow/.local/lib/python3.12/site-packages/airflow/example_dags/example_sla_dag.py
[2024-11-16T05:25:38.876+0000] {logging_mixin.py:190} INFO - [2024-11-16T05:25:38.876+0000] {dag.py:3239} INFO - Sync 1 DAGs
[2024-11-16T05:25:38.894+0000] {logging_mixin.py:190} INFO - [2024-11-16T05:25:38.894+0000] {dag.py:4180} INFO - Setting next_dagrun for example_sla_dag to 2024-11-16 05:22:00+00:00, run_after=2024-11-16 05:24:00+00:00
[2024-11-16T05:25:38.908+0000] {processor.py:208} INFO - Processing /home/airflow/.local/lib/python3.12/site-packages/airflow/example_dags/example_sla_dag.py took 0.058 seconds
[2024-11-16T05:26:09.098+0000] {processor.py:186} INFO - Started process (PID=202) to work on /home/airflow/.local/lib/python3.12/site-packages/airflow/example_dags/example_sla_dag.py
[2024-11-16T05:26:09.099+0000] {processor.py:914} INFO - Processing file /home/airflow/.local/lib/python3.12/site-packages/airflow/example_dags/example_sla_dag.py for tasks to queue
[2024-11-16T05:26:09.100+0000] {logging_mixin.py:190} INFO - [2024-11-16T05:26:09.100+0000] {dagbag.py:588} INFO - Filling up the DagBag from /home/airflow/.local/lib/python3.12/site-packages/airflow/example_dags/example_sla_dag.py
[2024-11-16T05:26:09.107+0000] {processor.py:925} INFO - DAG(s) 'example_sla_dag' retrieved from /home/airflow/.local/lib/python3.12/site-packages/airflow/example_dags/example_sla_dag.py
[2024-11-16T05:26:09.119+0000] {logging_mixin.py:190} INFO - [2024-11-16T05:26:09.119+0000] {dag.py:3239} INFO - Sync 1 DAGs
[2024-11-16T05:26:09.137+0000] {logging_mixin.py:190} INFO - [2024-11-16T05:26:09.137+0000] {dag.py:4180} INFO - Setting next_dagrun for example_sla_dag to 2024-11-16 05:24:00+00:00, run_after=2024-11-16 05:26:00+00:00
[2024-11-16T05:26:09.149+0000] {processor.py:208} INFO - Processing /home/airflow/.local/lib/python3.12/site-packages/airflow/example_dags/example_sla_dag.py took 0.054 seconds
[2024-11-16T05:26:39.471+0000] {processor.py:186} INFO - Started process (PID=270) to work on /home/airflow/.local/lib/python3.12/site-packages/airflow/example_dags/example_sla_dag.py
[2024-11-16T05:26:39.472+0000] {processor.py:914} INFO - Processing file /home/airflow/.local/lib/python3.12/site-packages/airflow/example_dags/example_sla_dag.py for tasks to queue
[2024-11-16T05:26:39.473+0000] {logging_mixin.py:190} INFO - [2024-11-16T05:26:39.473+0000] {dagbag.py:588} INFO - Filling up the DagBag from /home/airflow/.local/lib/python3.12/site-packages/airflow/example_dags/example_sla_dag.py
[2024-11-16T05:26:39.485+0000] {processor.py:925} INFO - DAG(s) 'example_sla_dag' retrieved from /home/airflow/.local/lib/python3.12/site-packages/airflow/example_dags/example_sla_dag.py
[2024-11-16T05:26:39.503+0000] {logging_mixin.py:190} INFO - [2024-11-16T05:26:39.502+0000] {dag.py:3239} INFO - Sync 1 DAGs
[2024-11-16T05:26:39.526+0000] {logging_mixin.py:190} INFO - [2024-11-16T05:26:39.525+0000] {dag.py:4180} INFO - Setting next_dagrun for example_sla_dag to 2024-11-16 05:24:00+00:00, run_after=2024-11-16 05:26:00+00:00
[2024-11-16T05:26:39.542+0000] {processor.py:208} INFO - Processing /home/airflow/.local/lib/python3.12/site-packages/airflow/example_dags/example_sla_dag.py took 0.077 seconds
[2024-11-16T05:27:09.622+0000] {processor.py:186} INFO - Started process (PID=338) to work on /home/airflow/.local/lib/python3.12/site-packages/airflow/example_dags/example_sla_dag.py
[2024-11-16T05:27:09.623+0000] {processor.py:914} INFO - Processing file /home/airflow/.local/lib/python3.12/site-packages/airflow/example_dags/example_sla_dag.py for tasks to queue
[2024-11-16T05:27:09.624+0000] {logging_mixin.py:190} INFO - [2024-11-16T05:27:09.624+0000] {dagbag.py:588} INFO - Filling up the DagBag from /home/airflow/.local/lib/python3.12/site-packages/airflow/example_dags/example_sla_dag.py
[2024-11-16T05:27:09.631+0000] {processor.py:925} INFO - DAG(s) 'example_sla_dag' retrieved from /home/airflow/.local/lib/python3.12/site-packages/airflow/example_dags/example_sla_dag.py
[2024-11-16T05:27:09.642+0000] {logging_mixin.py:190} INFO - [2024-11-16T05:27:09.642+0000] {dag.py:3239} INFO - Sync 1 DAGs
[2024-11-16T05:27:09.658+0000] {logging_mixin.py:190} INFO - [2024-11-16T05:27:09.657+0000] {dag.py:4180} INFO - Setting next_dagrun for example_sla_dag to 2024-11-16 05:24:00+00:00, run_after=2024-11-16 05:26:00+00:00
[2024-11-16T05:27:09.669+0000] {processor.py:208} INFO - Processing /home/airflow/.local/lib/python3.12/site-packages/airflow/example_dags/example_sla_dag.py took 0.051 seconds
[2024-11-16T05:27:40.292+0000] {processor.py:186} INFO - Started process (PID=406) to work on /home/airflow/.local/lib/python3.12/site-packages/airflow/example_dags/example_sla_dag.py
[2024-11-16T05:27:40.293+0000] {processor.py:914} INFO - Processing file /home/airflow/.local/lib/python3.12/site-packages/airflow/example_dags/example_sla_dag.py for tasks to queue
[2024-11-16T05:27:40.294+0000] {logging_mixin.py:190} INFO - [2024-11-16T05:27:40.294+0000] {dagbag.py:588} INFO - Filling up the DagBag from /home/airflow/.local/lib/python3.12/site-packages/airflow/example_dags/example_sla_dag.py
[2024-11-16T05:27:40.303+0000] {processor.py:925} INFO - DAG(s) 'example_sla_dag' retrieved from /home/airflow/.local/lib/python3.12/site-packages/airflow/example_dags/example_sla_dag.py
[2024-11-16T05:27:40.316+0000] {logging_mixin.py:190} INFO - [2024-11-16T05:27:40.315+0000] {dag.py:3239} INFO - Sync 1 DAGs
[2024-11-16T05:27:40.334+0000] {logging_mixin.py:190} INFO - [2024-11-16T05:27:40.333+0000] {dag.py:4180} INFO - Setting next_dagrun for example_sla_dag to 2024-11-16 05:24:00+00:00, run_after=2024-11-16 05:26:00+00:00
[2024-11-16T05:27:40.345+0000] {processor.py:208} INFO - Processing /home/airflow/.local/lib/python3.12/site-packages/airflow/example_dags/example_sla_dag.py took 0.057 seconds
[2024-11-16T05:28:11.065+0000] {processor.py:186} INFO - Started process (PID=474) to work on /home/airflow/.local/lib/python3.12/site-packages/airflow/example_dags/example_sla_dag.py
[2024-11-16T05:28:11.066+0000] {processor.py:914} INFO - Processing file /home/airflow/.local/lib/python3.12/site-packages/airflow/example_dags/example_sla_dag.py for tasks to queue
[2024-11-16T05:28:11.068+0000] {logging_mixin.py:190} INFO - [2024-11-16T05:28:11.068+0000] {dagbag.py:588} INFO - Filling up the DagBag from /home/airflow/.local/lib/python3.12/site-packages/airflow/example_dags/example_sla_dag.py
[2024-11-16T05:28:11.075+0000] {processor.py:925} INFO - DAG(s) 'example_sla_dag' retrieved from /home/airflow/.local/lib/python3.12/site-packages/airflow/example_dags/example_sla_dag.py
[2024-11-16T05:28:11.089+0000] {logging_mixin.py:190} INFO - [2024-11-16T05:28:11.089+0000] {dag.py:3239} INFO - Sync 1 DAGs
[2024-11-16T05:28:11.108+0000] {logging_mixin.py:190} INFO - [2024-11-16T05:28:11.108+0000] {dag.py:4180} INFO - Setting next_dagrun for example_sla_dag to 2024-11-16 05:26:00+00:00, run_after=2024-11-16 05:28:00+00:00
[2024-11-16T05:28:11.121+0000] {processor.py:208} INFO - Processing /home/airflow/.local/lib/python3.12/site-packages/airflow/example_dags/example_sla_dag.py took 0.060 seconds
[2024-11-16T05:29:46.747+0000] {processor.py:186} INFO - Started process (PID=85) to work on /home/airflow/.local/lib/python3.12/site-packages/airflow/example_dags/example_sla_dag.py
[2024-11-16T05:29:46.748+0000] {processor.py:914} INFO - Processing file /home/airflow/.local/lib/python3.12/site-packages/airflow/example_dags/example_sla_dag.py for tasks to queue
[2024-11-16T05:29:46.751+0000] {logging_mixin.py:190} INFO - [2024-11-16T05:29:46.750+0000] {dagbag.py:588} INFO - Filling up the DagBag from /home/airflow/.local/lib/python3.12/site-packages/airflow/example_dags/example_sla_dag.py
[2024-11-16T05:29:46.765+0000] {processor.py:925} INFO - DAG(s) 'example_sla_dag' retrieved from /home/airflow/.local/lib/python3.12/site-packages/airflow/example_dags/example_sla_dag.py
[2024-11-16T05:29:46.789+0000] {logging_mixin.py:190} INFO - [2024-11-16T05:29:46.789+0000] {dag.py:3239} INFO - Sync 1 DAGs
[2024-11-16T05:29:46.826+0000] {logging_mixin.py:190} INFO - [2024-11-16T05:29:46.826+0000] {dag.py:4180} INFO - Setting next_dagrun for example_sla_dag to 2024-11-16 05:26:00+00:00, run_after=2024-11-16 05:28:00+00:00
[2024-11-16T05:29:46.861+0000] {processor.py:208} INFO - Processing /home/airflow/.local/lib/python3.12/site-packages/airflow/example_dags/example_sla_dag.py took 0.119 seconds
[2024-11-16T05:30:18.275+0000] {processor.py:186} INFO - Started process (PID=153) to work on /home/airflow/.local/lib/python3.12/site-packages/airflow/example_dags/example_sla_dag.py
[2024-11-16T05:30:18.276+0000] {processor.py:914} INFO - Processing file /home/airflow/.local/lib/python3.12/site-packages/airflow/example_dags/example_sla_dag.py for tasks to queue
[2024-11-16T05:30:18.278+0000] {logging_mixin.py:190} INFO - [2024-11-16T05:30:18.278+0000] {dagbag.py:588} INFO - Filling up the DagBag from /home/airflow/.local/lib/python3.12/site-packages/airflow/example_dags/example_sla_dag.py
[2024-11-16T05:30:18.293+0000] {processor.py:925} INFO - DAG(s) 'example_sla_dag' retrieved from /home/airflow/.local/lib/python3.12/site-packages/airflow/example_dags/example_sla_dag.py
[2024-11-16T05:30:18.315+0000] {logging_mixin.py:190} INFO - [2024-11-16T05:30:18.314+0000] {dag.py:3239} INFO - Sync 1 DAGs
[2024-11-16T05:30:18.346+0000] {logging_mixin.py:190} INFO - [2024-11-16T05:30:18.346+0000] {dag.py:4180} INFO - Setting next_dagrun for example_sla_dag to 2024-11-16 05:28:00+00:00, run_after=2024-11-16 05:30:00+00:00
[2024-11-16T05:30:18.382+0000] {processor.py:208} INFO - Processing /home/airflow/.local/lib/python3.12/site-packages/airflow/example_dags/example_sla_dag.py took 0.115 seconds
[2024-11-16T05:30:48.725+0000] {processor.py:186} INFO - Started process (PID=221) to work on /home/airflow/.local/lib/python3.12/site-packages/airflow/example_dags/example_sla_dag.py
[2024-11-16T05:30:48.726+0000] {processor.py:914} INFO - Processing file /home/airflow/.local/lib/python3.12/site-packages/airflow/example_dags/example_sla_dag.py for tasks to queue
[2024-11-16T05:30:48.727+0000] {logging_mixin.py:190} INFO - [2024-11-16T05:30:48.727+0000] {dagbag.py:588} INFO - Filling up the DagBag from /home/airflow/.local/lib/python3.12/site-packages/airflow/example_dags/example_sla_dag.py
[2024-11-16T05:30:48.734+0000] {processor.py:925} INFO - DAG(s) 'example_sla_dag' retrieved from /home/airflow/.local/lib/python3.12/site-packages/airflow/example_dags/example_sla_dag.py
[2024-11-16T05:30:48.746+0000] {logging_mixin.py:190} INFO - [2024-11-16T05:30:48.746+0000] {dag.py:3239} INFO - Sync 1 DAGs
[2024-11-16T05:30:48.764+0000] {logging_mixin.py:190} INFO - [2024-11-16T05:30:48.764+0000] {dag.py:4180} INFO - Setting next_dagrun for example_sla_dag to 2024-11-16 05:28:00+00:00, run_after=2024-11-16 05:30:00+00:00
[2024-11-16T05:30:48.780+0000] {processor.py:208} INFO - Processing /home/airflow/.local/lib/python3.12/site-packages/airflow/example_dags/example_sla_dag.py took 0.059 seconds
[2024-11-16T05:31:19.339+0000] {processor.py:186} INFO - Started process (PID=289) to work on /home/airflow/.local/lib/python3.12/site-packages/airflow/example_dags/example_sla_dag.py
[2024-11-16T05:31:19.340+0000] {processor.py:914} INFO - Processing file /home/airflow/.local/lib/python3.12/site-packages/airflow/example_dags/example_sla_dag.py for tasks to queue
[2024-11-16T05:31:19.341+0000] {logging_mixin.py:190} INFO - [2024-11-16T05:31:19.341+0000] {dagbag.py:588} INFO - Filling up the DagBag from /home/airflow/.local/lib/python3.12/site-packages/airflow/example_dags/example_sla_dag.py
[2024-11-16T05:31:19.348+0000] {processor.py:925} INFO - DAG(s) 'example_sla_dag' retrieved from /home/airflow/.local/lib/python3.12/site-packages/airflow/example_dags/example_sla_dag.py
[2024-11-16T05:31:19.361+0000] {logging_mixin.py:190} INFO - [2024-11-16T05:31:19.361+0000] {dag.py:3239} INFO - Sync 1 DAGs
[2024-11-16T05:31:19.380+0000] {logging_mixin.py:190} INFO - [2024-11-16T05:31:19.380+0000] {dag.py:4180} INFO - Setting next_dagrun for example_sla_dag to 2024-11-16 05:28:00+00:00, run_after=2024-11-16 05:30:00+00:00
[2024-11-16T05:31:19.394+0000] {processor.py:208} INFO - Processing /home/airflow/.local/lib/python3.12/site-packages/airflow/example_dags/example_sla_dag.py took 0.059 seconds
[2024-11-16T05:31:49.657+0000] {processor.py:186} INFO - Started process (PID=357) to work on /home/airflow/.local/lib/python3.12/site-packages/airflow/example_dags/example_sla_dag.py
[2024-11-16T05:31:49.658+0000] {processor.py:914} INFO - Processing file /home/airflow/.local/lib/python3.12/site-packages/airflow/example_dags/example_sla_dag.py for tasks to queue
[2024-11-16T05:31:49.659+0000] {logging_mixin.py:190} INFO - [2024-11-16T05:31:49.659+0000] {dagbag.py:588} INFO - Filling up the DagBag from /home/airflow/.local/lib/python3.12/site-packages/airflow/example_dags/example_sla_dag.py
[2024-11-16T05:31:49.668+0000] {processor.py:925} INFO - DAG(s) 'example_sla_dag' retrieved from /home/airflow/.local/lib/python3.12/site-packages/airflow/example_dags/example_sla_dag.py
[2024-11-16T05:31:49.681+0000] {logging_mixin.py:190} INFO - [2024-11-16T05:31:49.681+0000] {dag.py:3239} INFO - Sync 1 DAGs
[2024-11-16T05:31:49.698+0000] {logging_mixin.py:190} INFO - [2024-11-16T05:31:49.698+0000] {dag.py:4180} INFO - Setting next_dagrun for example_sla_dag to 2024-11-16 05:28:00+00:00, run_after=2024-11-16 05:30:00+00:00
[2024-11-16T05:31:49.716+0000] {processor.py:208} INFO - Processing /home/airflow/.local/lib/python3.12/site-packages/airflow/example_dags/example_sla_dag.py took 0.063 seconds
[2024-11-16T05:32:19.828+0000] {processor.py:186} INFO - Started process (PID=425) to work on /home/airflow/.local/lib/python3.12/site-packages/airflow/example_dags/example_sla_dag.py
[2024-11-16T05:32:19.832+0000] {processor.py:914} INFO - Processing file /home/airflow/.local/lib/python3.12/site-packages/airflow/example_dags/example_sla_dag.py for tasks to queue
[2024-11-16T05:32:19.834+0000] {logging_mixin.py:190} INFO - [2024-11-16T05:32:19.833+0000] {dagbag.py:588} INFO - Filling up the DagBag from /home/airflow/.local/lib/python3.12/site-packages/airflow/example_dags/example_sla_dag.py
[2024-11-16T05:32:19.843+0000] {processor.py:925} INFO - DAG(s) 'example_sla_dag' retrieved from /home/airflow/.local/lib/python3.12/site-packages/airflow/example_dags/example_sla_dag.py
[2024-11-16T05:32:19.861+0000] {logging_mixin.py:190} INFO - [2024-11-16T05:32:19.861+0000] {dag.py:3239} INFO - Sync 1 DAGs
[2024-11-16T05:32:19.879+0000] {logging_mixin.py:190} INFO - [2024-11-16T05:32:19.878+0000] {dag.py:4180} INFO - Setting next_dagrun for example_sla_dag to 2024-11-16 05:30:00+00:00, run_after=2024-11-16 05:32:00+00:00
[2024-11-16T05:32:19.894+0000] {processor.py:208} INFO - Processing /home/airflow/.local/lib/python3.12/site-packages/airflow/example_dags/example_sla_dag.py took 0.071 seconds
[2024-11-16T05:32:50.016+0000] {processor.py:186} INFO - Started process (PID=493) to work on /home/airflow/.local/lib/python3.12/site-packages/airflow/example_dags/example_sla_dag.py
[2024-11-16T05:32:50.017+0000] {processor.py:914} INFO - Processing file /home/airflow/.local/lib/python3.12/site-packages/airflow/example_dags/example_sla_dag.py for tasks to queue
[2024-11-16T05:32:50.018+0000] {logging_mixin.py:190} INFO - [2024-11-16T05:32:50.018+0000] {dagbag.py:588} INFO - Filling up the DagBag from /home/airflow/.local/lib/python3.12/site-packages/airflow/example_dags/example_sla_dag.py
[2024-11-16T05:32:50.025+0000] {processor.py:925} INFO - DAG(s) 'example_sla_dag' retrieved from /home/airflow/.local/lib/python3.12/site-packages/airflow/example_dags/example_sla_dag.py
[2024-11-16T05:32:50.042+0000] {logging_mixin.py:190} INFO - [2024-11-16T05:32:50.042+0000] {dag.py:3239} INFO - Sync 1 DAGs
[2024-11-16T05:32:50.061+0000] {logging_mixin.py:190} INFO - [2024-11-16T05:32:50.061+0000] {dag.py:4180} INFO - Setting next_dagrun for example_sla_dag to 2024-11-16 05:30:00+00:00, run_after=2024-11-16 05:32:00+00:00
[2024-11-16T05:32:50.077+0000] {processor.py:208} INFO - Processing /home/airflow/.local/lib/python3.12/site-packages/airflow/example_dags/example_sla_dag.py took 0.065 seconds
[2024-11-16T05:33:20.542+0000] {processor.py:186} INFO - Started process (PID=561) to work on /home/airflow/.local/lib/python3.12/site-packages/airflow/example_dags/example_sla_dag.py
[2024-11-16T05:33:20.543+0000] {processor.py:914} INFO - Processing file /home/airflow/.local/lib/python3.12/site-packages/airflow/example_dags/example_sla_dag.py for tasks to queue
[2024-11-16T05:33:20.546+0000] {logging_mixin.py:190} INFO - [2024-11-16T05:33:20.546+0000] {dagbag.py:588} INFO - Filling up the DagBag from /home/airflow/.local/lib/python3.12/site-packages/airflow/example_dags/example_sla_dag.py
[2024-11-16T05:33:20.556+0000] {processor.py:925} INFO - DAG(s) 'example_sla_dag' retrieved from /home/airflow/.local/lib/python3.12/site-packages/airflow/example_dags/example_sla_dag.py
[2024-11-16T05:33:20.579+0000] {logging_mixin.py:190} INFO - [2024-11-16T05:33:20.579+0000] {dag.py:3239} INFO - Sync 1 DAGs
[2024-11-16T05:33:20.604+0000] {logging_mixin.py:190} INFO - [2024-11-16T05:33:20.604+0000] {dag.py:4180} INFO - Setting next_dagrun for example_sla_dag to 2024-11-16 05:30:00+00:00, run_after=2024-11-16 05:32:00+00:00
[2024-11-16T05:33:20.629+0000] {processor.py:208} INFO - Processing /home/airflow/.local/lib/python3.12/site-packages/airflow/example_dags/example_sla_dag.py took 0.093 seconds
[2024-11-16T05:33:50.670+0000] {processor.py:186} INFO - Started process (PID=629) to work on /home/airflow/.local/lib/python3.12/site-packages/airflow/example_dags/example_sla_dag.py
[2024-11-16T05:33:50.671+0000] {processor.py:914} INFO - Processing file /home/airflow/.local/lib/python3.12/site-packages/airflow/example_dags/example_sla_dag.py for tasks to queue
[2024-11-16T05:33:50.672+0000] {logging_mixin.py:190} INFO - [2024-11-16T05:33:50.672+0000] {dagbag.py:588} INFO - Filling up the DagBag from /home/airflow/.local/lib/python3.12/site-packages/airflow/example_dags/example_sla_dag.py
[2024-11-16T05:33:50.678+0000] {processor.py:925} INFO - DAG(s) 'example_sla_dag' retrieved from /home/airflow/.local/lib/python3.12/site-packages/airflow/example_dags/example_sla_dag.py
[2024-11-16T05:33:50.690+0000] {logging_mixin.py:190} INFO - [2024-11-16T05:33:50.690+0000] {dag.py:3239} INFO - Sync 1 DAGs
[2024-11-16T05:33:50.705+0000] {logging_mixin.py:190} INFO - [2024-11-16T05:33:50.705+0000] {dag.py:4180} INFO - Setting next_dagrun for example_sla_dag to 2024-11-16 05:30:00+00:00, run_after=2024-11-16 05:32:00+00:00
[2024-11-16T05:33:50.719+0000] {processor.py:208} INFO - Processing /home/airflow/.local/lib/python3.12/site-packages/airflow/example_dags/example_sla_dag.py took 0.052 seconds
[2024-11-16T05:34:20.769+0000] {processor.py:186} INFO - Started process (PID=697) to work on /home/airflow/.local/lib/python3.12/site-packages/airflow/example_dags/example_sla_dag.py
[2024-11-16T05:34:20.770+0000] {processor.py:914} INFO - Processing file /home/airflow/.local/lib/python3.12/site-packages/airflow/example_dags/example_sla_dag.py for tasks to queue
[2024-11-16T05:34:20.772+0000] {logging_mixin.py:190} INFO - [2024-11-16T05:34:20.771+0000] {dagbag.py:588} INFO - Filling up the DagBag from /home/airflow/.local/lib/python3.12/site-packages/airflow/example_dags/example_sla_dag.py
[2024-11-16T05:34:20.778+0000] {processor.py:925} INFO - DAG(s) 'example_sla_dag' retrieved from /home/airflow/.local/lib/python3.12/site-packages/airflow/example_dags/example_sla_dag.py
[2024-11-16T05:34:20.791+0000] {logging_mixin.py:190} INFO - [2024-11-16T05:34:20.791+0000] {dag.py:3239} INFO - Sync 1 DAGs
[2024-11-16T05:34:20.810+0000] {logging_mixin.py:190} INFO - [2024-11-16T05:34:20.810+0000] {dag.py:4180} INFO - Setting next_dagrun for example_sla_dag to 2024-11-16 05:32:00+00:00, run_after=2024-11-16 05:34:00+00:00
[2024-11-16T05:34:20.826+0000] {processor.py:208} INFO - Processing /home/airflow/.local/lib/python3.12/site-packages/airflow/example_dags/example_sla_dag.py took 0.061 seconds
[2024-11-16T05:34:51.294+0000] {processor.py:186} INFO - Started process (PID=765) to work on /home/airflow/.local/lib/python3.12/site-packages/airflow/example_dags/example_sla_dag.py
[2024-11-16T05:34:51.294+0000] {processor.py:914} INFO - Processing file /home/airflow/.local/lib/python3.12/site-packages/airflow/example_dags/example_sla_dag.py for tasks to queue
[2024-11-16T05:34:51.296+0000] {logging_mixin.py:190} INFO - [2024-11-16T05:34:51.295+0000] {dagbag.py:588} INFO - Filling up the DagBag from /home/airflow/.local/lib/python3.12/site-packages/airflow/example_dags/example_sla_dag.py
[2024-11-16T05:34:51.307+0000] {processor.py:925} INFO - DAG(s) 'example_sla_dag' retrieved from /home/airflow/.local/lib/python3.12/site-packages/airflow/example_dags/example_sla_dag.py
[2024-11-16T05:34:51.325+0000] {logging_mixin.py:190} INFO - [2024-11-16T05:34:51.325+0000] {dag.py:3239} INFO - Sync 1 DAGs
[2024-11-16T05:34:51.344+0000] {logging_mixin.py:190} INFO - [2024-11-16T05:34:51.344+0000] {dag.py:4180} INFO - Setting next_dagrun for example_sla_dag to 2024-11-16 05:32:00+00:00, run_after=2024-11-16 05:34:00+00:00
[2024-11-16T05:34:51.363+0000] {processor.py:208} INFO - Processing /home/airflow/.local/lib/python3.12/site-packages/airflow/example_dags/example_sla_dag.py took 0.074 seconds
[2024-11-16T05:35:21.469+0000] {processor.py:186} INFO - Started process (PID=833) to work on /home/airflow/.local/lib/python3.12/site-packages/airflow/example_dags/example_sla_dag.py
[2024-11-16T05:35:21.470+0000] {processor.py:914} INFO - Processing file /home/airflow/.local/lib/python3.12/site-packages/airflow/example_dags/example_sla_dag.py for tasks to queue
[2024-11-16T05:35:21.471+0000] {logging_mixin.py:190} INFO - [2024-11-16T05:35:21.471+0000] {dagbag.py:588} INFO - Filling up the DagBag from /home/airflow/.local/lib/python3.12/site-packages/airflow/example_dags/example_sla_dag.py
[2024-11-16T05:35:21.479+0000] {processor.py:925} INFO - DAG(s) 'example_sla_dag' retrieved from /home/airflow/.local/lib/python3.12/site-packages/airflow/example_dags/example_sla_dag.py
[2024-11-16T05:35:21.491+0000] {logging_mixin.py:190} INFO - [2024-11-16T05:35:21.491+0000] {dag.py:3239} INFO - Sync 1 DAGs
[2024-11-16T05:35:21.508+0000] {logging_mixin.py:190} INFO - [2024-11-16T05:35:21.508+0000] {dag.py:4180} INFO - Setting next_dagrun for example_sla_dag to 2024-11-16 05:32:00+00:00, run_after=2024-11-16 05:34:00+00:00
[2024-11-16T05:35:21.524+0000] {processor.py:208} INFO - Processing /home/airflow/.local/lib/python3.12/site-packages/airflow/example_dags/example_sla_dag.py took 0.059 seconds
[2024-11-16T05:35:52.540+0000] {processor.py:186} INFO - Started process (PID=901) to work on /home/airflow/.local/lib/python3.12/site-packages/airflow/example_dags/example_sla_dag.py
[2024-11-16T05:35:52.541+0000] {processor.py:914} INFO - Processing file /home/airflow/.local/lib/python3.12/site-packages/airflow/example_dags/example_sla_dag.py for tasks to queue
[2024-11-16T05:35:52.542+0000] {logging_mixin.py:190} INFO - [2024-11-16T05:35:52.542+0000] {dagbag.py:588} INFO - Filling up the DagBag from /home/airflow/.local/lib/python3.12/site-packages/airflow/example_dags/example_sla_dag.py
[2024-11-16T05:35:52.549+0000] {processor.py:925} INFO - DAG(s) 'example_sla_dag' retrieved from /home/airflow/.local/lib/python3.12/site-packages/airflow/example_dags/example_sla_dag.py
[2024-11-16T05:35:52.561+0000] {logging_mixin.py:190} INFO - [2024-11-16T05:35:52.561+0000] {dag.py:3239} INFO - Sync 1 DAGs
[2024-11-16T05:35:52.581+0000] {logging_mixin.py:190} INFO - [2024-11-16T05:35:52.581+0000] {dag.py:4180} INFO - Setting next_dagrun for example_sla_dag to 2024-11-16 05:32:00+00:00, run_after=2024-11-16 05:34:00+00:00
[2024-11-16T05:35:52.598+0000] {processor.py:208} INFO - Processing /home/airflow/.local/lib/python3.12/site-packages/airflow/example_dags/example_sla_dag.py took 0.063 seconds
[2024-11-16T05:36:22.667+0000] {processor.py:186} INFO - Started process (PID=969) to work on /home/airflow/.local/lib/python3.12/site-packages/airflow/example_dags/example_sla_dag.py
[2024-11-16T05:36:22.667+0000] {processor.py:914} INFO - Processing file /home/airflow/.local/lib/python3.12/site-packages/airflow/example_dags/example_sla_dag.py for tasks to queue
[2024-11-16T05:36:22.670+0000] {logging_mixin.py:190} INFO - [2024-11-16T05:36:22.669+0000] {dagbag.py:588} INFO - Filling up the DagBag from /home/airflow/.local/lib/python3.12/site-packages/airflow/example_dags/example_sla_dag.py
[2024-11-16T05:36:22.678+0000] {processor.py:925} INFO - DAG(s) 'example_sla_dag' retrieved from /home/airflow/.local/lib/python3.12/site-packages/airflow/example_dags/example_sla_dag.py
[2024-11-16T05:36:22.693+0000] {logging_mixin.py:190} INFO - [2024-11-16T05:36:22.693+0000] {dag.py:3239} INFO - Sync 1 DAGs
[2024-11-16T05:36:22.714+0000] {logging_mixin.py:190} INFO - [2024-11-16T05:36:22.714+0000] {dag.py:4180} INFO - Setting next_dagrun for example_sla_dag to 2024-11-16 05:34:00+00:00, run_after=2024-11-16 05:36:00+00:00
[2024-11-16T05:36:22.733+0000] {processor.py:208} INFO - Processing /home/airflow/.local/lib/python3.12/site-packages/airflow/example_dags/example_sla_dag.py took 0.072 seconds
[2024-11-16T05:36:53.567+0000] {processor.py:186} INFO - Started process (PID=1037) to work on /home/airflow/.local/lib/python3.12/site-packages/airflow/example_dags/example_sla_dag.py
[2024-11-16T05:36:53.572+0000] {processor.py:914} INFO - Processing file /home/airflow/.local/lib/python3.12/site-packages/airflow/example_dags/example_sla_dag.py for tasks to queue
[2024-11-16T05:36:53.575+0000] {logging_mixin.py:190} INFO - [2024-11-16T05:36:53.574+0000] {dagbag.py:588} INFO - Filling up the DagBag from /home/airflow/.local/lib/python3.12/site-packages/airflow/example_dags/example_sla_dag.py
[2024-11-16T05:36:53.597+0000] {processor.py:925} INFO - DAG(s) 'example_sla_dag' retrieved from /home/airflow/.local/lib/python3.12/site-packages/airflow/example_dags/example_sla_dag.py
[2024-11-16T05:36:53.665+0000] {logging_mixin.py:190} INFO - [2024-11-16T05:36:53.665+0000] {dag.py:3239} INFO - Sync 1 DAGs
[2024-11-16T05:36:53.712+0000] {logging_mixin.py:190} INFO - [2024-11-16T05:36:53.710+0000] {dag.py:4180} INFO - Setting next_dagrun for example_sla_dag to 2024-11-16 05:34:00+00:00, run_after=2024-11-16 05:36:00+00:00
[2024-11-16T05:36:53.805+0000] {processor.py:208} INFO - Processing /home/airflow/.local/lib/python3.12/site-packages/airflow/example_dags/example_sla_dag.py took 0.247 seconds
[2024-11-16T05:37:23.867+0000] {processor.py:186} INFO - Started process (PID=1105) to work on /home/airflow/.local/lib/python3.12/site-packages/airflow/example_dags/example_sla_dag.py
[2024-11-16T05:37:23.868+0000] {processor.py:914} INFO - Processing file /home/airflow/.local/lib/python3.12/site-packages/airflow/example_dags/example_sla_dag.py for tasks to queue
[2024-11-16T05:37:23.870+0000] {logging_mixin.py:190} INFO - [2024-11-16T05:37:23.869+0000] {dagbag.py:588} INFO - Filling up the DagBag from /home/airflow/.local/lib/python3.12/site-packages/airflow/example_dags/example_sla_dag.py
[2024-11-16T05:37:23.877+0000] {processor.py:925} INFO - DAG(s) 'example_sla_dag' retrieved from /home/airflow/.local/lib/python3.12/site-packages/airflow/example_dags/example_sla_dag.py
[2024-11-16T05:37:23.892+0000] {logging_mixin.py:190} INFO - [2024-11-16T05:37:23.891+0000] {dag.py:3239} INFO - Sync 1 DAGs
[2024-11-16T05:37:23.915+0000] {logging_mixin.py:190} INFO - [2024-11-16T05:37:23.914+0000] {dag.py:4180} INFO - Setting next_dagrun for example_sla_dag to 2024-11-16 05:34:00+00:00, run_after=2024-11-16 05:36:00+00:00
[2024-11-16T05:37:23.937+0000] {processor.py:208} INFO - Processing /home/airflow/.local/lib/python3.12/site-packages/airflow/example_dags/example_sla_dag.py took 0.074 seconds
[2024-11-16T05:37:54.169+0000] {processor.py:186} INFO - Started process (PID=1173) to work on /home/airflow/.local/lib/python3.12/site-packages/airflow/example_dags/example_sla_dag.py
[2024-11-16T05:37:54.170+0000] {processor.py:914} INFO - Processing file /home/airflow/.local/lib/python3.12/site-packages/airflow/example_dags/example_sla_dag.py for tasks to queue
[2024-11-16T05:37:54.172+0000] {logging_mixin.py:190} INFO - [2024-11-16T05:37:54.171+0000] {dagbag.py:588} INFO - Filling up the DagBag from /home/airflow/.local/lib/python3.12/site-packages/airflow/example_dags/example_sla_dag.py
[2024-11-16T05:37:54.182+0000] {processor.py:925} INFO - DAG(s) 'example_sla_dag' retrieved from /home/airflow/.local/lib/python3.12/site-packages/airflow/example_dags/example_sla_dag.py
[2024-11-16T05:37:54.201+0000] {logging_mixin.py:190} INFO - [2024-11-16T05:37:54.201+0000] {dag.py:3239} INFO - Sync 1 DAGs
[2024-11-16T05:37:54.223+0000] {logging_mixin.py:190} INFO - [2024-11-16T05:37:54.223+0000] {dag.py:4180} INFO - Setting next_dagrun for example_sla_dag to 2024-11-16 05:34:00+00:00, run_after=2024-11-16 05:36:00+00:00
[2024-11-16T05:37:54.244+0000] {processor.py:208} INFO - Processing /home/airflow/.local/lib/python3.12/site-packages/airflow/example_dags/example_sla_dag.py took 0.079 seconds
[2024-11-16T05:38:25.069+0000] {processor.py:186} INFO - Started process (PID=1241) to work on /home/airflow/.local/lib/python3.12/site-packages/airflow/example_dags/example_sla_dag.py
[2024-11-16T05:38:25.070+0000] {processor.py:914} INFO - Processing file /home/airflow/.local/lib/python3.12/site-packages/airflow/example_dags/example_sla_dag.py for tasks to queue
[2024-11-16T05:38:25.072+0000] {logging_mixin.py:190} INFO - [2024-11-16T05:38:25.072+0000] {dagbag.py:588} INFO - Filling up the DagBag from /home/airflow/.local/lib/python3.12/site-packages/airflow/example_dags/example_sla_dag.py
[2024-11-16T05:38:25.079+0000] {processor.py:925} INFO - DAG(s) 'example_sla_dag' retrieved from /home/airflow/.local/lib/python3.12/site-packages/airflow/example_dags/example_sla_dag.py
[2024-11-16T05:38:25.092+0000] {logging_mixin.py:190} INFO - [2024-11-16T05:38:25.092+0000] {dag.py:3239} INFO - Sync 1 DAGs
[2024-11-16T05:38:25.111+0000] {logging_mixin.py:190} INFO - [2024-11-16T05:38:25.111+0000] {dag.py:4180} INFO - Setting next_dagrun for example_sla_dag to 2024-11-16 05:36:00+00:00, run_after=2024-11-16 05:38:00+00:00
[2024-11-16T05:38:25.126+0000] {processor.py:208} INFO - Processing /home/airflow/.local/lib/python3.12/site-packages/airflow/example_dags/example_sla_dag.py took 0.061 seconds
[2024-11-16T05:38:55.258+0000] {processor.py:186} INFO - Started process (PID=1309) to work on /home/airflow/.local/lib/python3.12/site-packages/airflow/example_dags/example_sla_dag.py
[2024-11-16T05:38:55.259+0000] {processor.py:914} INFO - Processing file /home/airflow/.local/lib/python3.12/site-packages/airflow/example_dags/example_sla_dag.py for tasks to queue
[2024-11-16T05:38:55.260+0000] {logging_mixin.py:190} INFO - [2024-11-16T05:38:55.260+0000] {dagbag.py:588} INFO - Filling up the DagBag from /home/airflow/.local/lib/python3.12/site-packages/airflow/example_dags/example_sla_dag.py
[2024-11-16T05:38:55.267+0000] {processor.py:925} INFO - DAG(s) 'example_sla_dag' retrieved from /home/airflow/.local/lib/python3.12/site-packages/airflow/example_dags/example_sla_dag.py
[2024-11-16T05:38:55.280+0000] {logging_mixin.py:190} INFO - [2024-11-16T05:38:55.279+0000] {dag.py:3239} INFO - Sync 1 DAGs
[2024-11-16T05:38:55.296+0000] {logging_mixin.py:190} INFO - [2024-11-16T05:38:55.296+0000] {dag.py:4180} INFO - Setting next_dagrun for example_sla_dag to 2024-11-16 05:36:00+00:00, run_after=2024-11-16 05:38:00+00:00
[2024-11-16T05:38:55.310+0000] {processor.py:208} INFO - Processing /home/airflow/.local/lib/python3.12/site-packages/airflow/example_dags/example_sla_dag.py took 0.055 seconds
[2024-11-16T05:45:57.937+0000] {processor.py:186} INFO - Started process (PID=73) to work on /home/airflow/.local/lib/python3.12/site-packages/airflow/example_dags/example_sla_dag.py
[2024-11-16T05:45:57.938+0000] {processor.py:914} INFO - Processing file /home/airflow/.local/lib/python3.12/site-packages/airflow/example_dags/example_sla_dag.py for tasks to queue
[2024-11-16T05:45:57.941+0000] {logging_mixin.py:190} INFO - [2024-11-16T05:45:57.940+0000] {dagbag.py:588} INFO - Filling up the DagBag from /home/airflow/.local/lib/python3.12/site-packages/airflow/example_dags/example_sla_dag.py
[2024-11-16T05:45:57.950+0000] {processor.py:925} INFO - DAG(s) 'example_sla_dag' retrieved from /home/airflow/.local/lib/python3.12/site-packages/airflow/example_dags/example_sla_dag.py
[2024-11-16T05:45:57.982+0000] {logging_mixin.py:190} INFO - [2024-11-16T05:45:57.982+0000] {dag.py:3239} INFO - Sync 1 DAGs
[2024-11-16T05:45:58.032+0000] {logging_mixin.py:190} INFO - [2024-11-16T05:45:58.031+0000] {dag.py:4180} INFO - Setting next_dagrun for example_sla_dag to 2024-11-16 05:42:00+00:00, run_after=2024-11-16 05:44:00+00:00
[2024-11-16T05:45:58.089+0000] {processor.py:208} INFO - Processing /home/airflow/.local/lib/python3.12/site-packages/airflow/example_dags/example_sla_dag.py took 0.157 seconds
[2024-11-16T05:46:28.580+0000] {processor.py:186} INFO - Started process (PID=140) to work on /home/airflow/.local/lib/python3.12/site-packages/airflow/example_dags/example_sla_dag.py
[2024-11-16T05:46:28.581+0000] {processor.py:914} INFO - Processing file /home/airflow/.local/lib/python3.12/site-packages/airflow/example_dags/example_sla_dag.py for tasks to queue
[2024-11-16T05:46:28.583+0000] {logging_mixin.py:190} INFO - [2024-11-16T05:46:28.582+0000] {dagbag.py:588} INFO - Filling up the DagBag from /home/airflow/.local/lib/python3.12/site-packages/airflow/example_dags/example_sla_dag.py
[2024-11-16T05:46:28.592+0000] {processor.py:925} INFO - DAG(s) 'example_sla_dag' retrieved from /home/airflow/.local/lib/python3.12/site-packages/airflow/example_dags/example_sla_dag.py
[2024-11-16T05:46:28.606+0000] {logging_mixin.py:190} INFO - [2024-11-16T05:46:28.605+0000] {dag.py:3239} INFO - Sync 1 DAGs
[2024-11-16T05:46:28.627+0000] {logging_mixin.py:190} INFO - [2024-11-16T05:46:28.626+0000] {dag.py:4180} INFO - Setting next_dagrun for example_sla_dag to 2024-11-16 05:44:00+00:00, run_after=2024-11-16 05:46:00+00:00
[2024-11-16T05:46:28.647+0000] {processor.py:208} INFO - Processing /home/airflow/.local/lib/python3.12/site-packages/airflow/example_dags/example_sla_dag.py took 0.072 seconds
[2024-11-16T05:46:58.849+0000] {processor.py:186} INFO - Started process (PID=208) to work on /home/airflow/.local/lib/python3.12/site-packages/airflow/example_dags/example_sla_dag.py
[2024-11-16T05:46:58.850+0000] {processor.py:914} INFO - Processing file /home/airflow/.local/lib/python3.12/site-packages/airflow/example_dags/example_sla_dag.py for tasks to queue
[2024-11-16T05:46:58.852+0000] {logging_mixin.py:190} INFO - [2024-11-16T05:46:58.851+0000] {dagbag.py:588} INFO - Filling up the DagBag from /home/airflow/.local/lib/python3.12/site-packages/airflow/example_dags/example_sla_dag.py
[2024-11-16T05:46:58.861+0000] {processor.py:925} INFO - DAG(s) 'example_sla_dag' retrieved from /home/airflow/.local/lib/python3.12/site-packages/airflow/example_dags/example_sla_dag.py
[2024-11-16T05:46:58.880+0000] {logging_mixin.py:190} INFO - [2024-11-16T05:46:58.880+0000] {dag.py:3239} INFO - Sync 1 DAGs
[2024-11-16T05:46:58.908+0000] {logging_mixin.py:190} INFO - [2024-11-16T05:46:58.908+0000] {dag.py:4180} INFO - Setting next_dagrun for example_sla_dag to 2024-11-16 05:44:00+00:00, run_after=2024-11-16 05:46:00+00:00
[2024-11-16T05:46:58.924+0000] {processor.py:208} INFO - Processing /home/airflow/.local/lib/python3.12/site-packages/airflow/example_dags/example_sla_dag.py took 0.079 seconds
[2024-11-16T05:47:29.259+0000] {processor.py:186} INFO - Started process (PID=276) to work on /home/airflow/.local/lib/python3.12/site-packages/airflow/example_dags/example_sla_dag.py
[2024-11-16T05:47:29.260+0000] {processor.py:914} INFO - Processing file /home/airflow/.local/lib/python3.12/site-packages/airflow/example_dags/example_sla_dag.py for tasks to queue
[2024-11-16T05:47:29.261+0000] {logging_mixin.py:190} INFO - [2024-11-16T05:47:29.261+0000] {dagbag.py:588} INFO - Filling up the DagBag from /home/airflow/.local/lib/python3.12/site-packages/airflow/example_dags/example_sla_dag.py
[2024-11-16T05:47:29.269+0000] {processor.py:925} INFO - DAG(s) 'example_sla_dag' retrieved from /home/airflow/.local/lib/python3.12/site-packages/airflow/example_dags/example_sla_dag.py
[2024-11-16T05:47:29.284+0000] {logging_mixin.py:190} INFO - [2024-11-16T05:47:29.283+0000] {dag.py:3239} INFO - Sync 1 DAGs
[2024-11-16T05:47:29.305+0000] {logging_mixin.py:190} INFO - [2024-11-16T05:47:29.304+0000] {dag.py:4180} INFO - Setting next_dagrun for example_sla_dag to 2024-11-16 05:44:00+00:00, run_after=2024-11-16 05:46:00+00:00
[2024-11-16T05:47:29.320+0000] {processor.py:208} INFO - Processing /home/airflow/.local/lib/python3.12/site-packages/airflow/example_dags/example_sla_dag.py took 0.065 seconds
[2024-11-16T05:47:59.396+0000] {processor.py:186} INFO - Started process (PID=344) to work on /home/airflow/.local/lib/python3.12/site-packages/airflow/example_dags/example_sla_dag.py
[2024-11-16T05:47:59.396+0000] {processor.py:914} INFO - Processing file /home/airflow/.local/lib/python3.12/site-packages/airflow/example_dags/example_sla_dag.py for tasks to queue
[2024-11-16T05:47:59.398+0000] {logging_mixin.py:190} INFO - [2024-11-16T05:47:59.398+0000] {dagbag.py:588} INFO - Filling up the DagBag from /home/airflow/.local/lib/python3.12/site-packages/airflow/example_dags/example_sla_dag.py
[2024-11-16T05:47:59.406+0000] {processor.py:925} INFO - DAG(s) 'example_sla_dag' retrieved from /home/airflow/.local/lib/python3.12/site-packages/airflow/example_dags/example_sla_dag.py
[2024-11-16T05:47:59.421+0000] {logging_mixin.py:190} INFO - [2024-11-16T05:47:59.421+0000] {dag.py:3239} INFO - Sync 1 DAGs
[2024-11-16T05:47:59.441+0000] {logging_mixin.py:190} INFO - [2024-11-16T05:47:59.441+0000] {dag.py:4180} INFO - Setting next_dagrun for example_sla_dag to 2024-11-16 05:44:00+00:00, run_after=2024-11-16 05:46:00+00:00
[2024-11-16T05:47:59.456+0000] {processor.py:208} INFO - Processing /home/airflow/.local/lib/python3.12/site-packages/airflow/example_dags/example_sla_dag.py took 0.064 seconds
[2024-11-16T05:48:30.186+0000] {processor.py:186} INFO - Started process (PID=412) to work on /home/airflow/.local/lib/python3.12/site-packages/airflow/example_dags/example_sla_dag.py
[2024-11-16T05:48:30.187+0000] {processor.py:914} INFO - Processing file /home/airflow/.local/lib/python3.12/site-packages/airflow/example_dags/example_sla_dag.py for tasks to queue
[2024-11-16T05:48:30.189+0000] {logging_mixin.py:190} INFO - [2024-11-16T05:48:30.189+0000] {dagbag.py:588} INFO - Filling up the DagBag from /home/airflow/.local/lib/python3.12/site-packages/airflow/example_dags/example_sla_dag.py
[2024-11-16T05:48:30.198+0000] {processor.py:925} INFO - DAG(s) 'example_sla_dag' retrieved from /home/airflow/.local/lib/python3.12/site-packages/airflow/example_dags/example_sla_dag.py
[2024-11-16T05:48:30.215+0000] {logging_mixin.py:190} INFO - [2024-11-16T05:48:30.214+0000] {dag.py:3239} INFO - Sync 1 DAGs
[2024-11-16T05:48:30.238+0000] {logging_mixin.py:190} INFO - [2024-11-16T05:48:30.238+0000] {dag.py:4180} INFO - Setting next_dagrun for example_sla_dag to 2024-11-16 05:46:00+00:00, run_after=2024-11-16 05:48:00+00:00
[2024-11-16T05:48:30.259+0000] {processor.py:208} INFO - Processing /home/airflow/.local/lib/python3.12/site-packages/airflow/example_dags/example_sla_dag.py took 0.079 seconds
[2024-11-16T05:49:00.885+0000] {processor.py:186} INFO - Started process (PID=480) to work on /home/airflow/.local/lib/python3.12/site-packages/airflow/example_dags/example_sla_dag.py
[2024-11-16T05:49:00.887+0000] {processor.py:914} INFO - Processing file /home/airflow/.local/lib/python3.12/site-packages/airflow/example_dags/example_sla_dag.py for tasks to queue
[2024-11-16T05:49:00.889+0000] {logging_mixin.py:190} INFO - [2024-11-16T05:49:00.889+0000] {dagbag.py:588} INFO - Filling up the DagBag from /home/airflow/.local/lib/python3.12/site-packages/airflow/example_dags/example_sla_dag.py
[2024-11-16T05:49:00.898+0000] {processor.py:925} INFO - DAG(s) 'example_sla_dag' retrieved from /home/airflow/.local/lib/python3.12/site-packages/airflow/example_dags/example_sla_dag.py
[2024-11-16T05:49:00.917+0000] {logging_mixin.py:190} INFO - [2024-11-16T05:49:00.917+0000] {dag.py:3239} INFO - Sync 1 DAGs
[2024-11-16T05:49:00.945+0000] {logging_mixin.py:190} INFO - [2024-11-16T05:49:00.945+0000] {dag.py:4180} INFO - Setting next_dagrun for example_sla_dag to 2024-11-16 05:46:00+00:00, run_after=2024-11-16 05:48:00+00:00
[2024-11-16T05:49:00.964+0000] {processor.py:208} INFO - Processing /home/airflow/.local/lib/python3.12/site-packages/airflow/example_dags/example_sla_dag.py took 0.084 seconds
[2024-11-16T05:49:31.846+0000] {processor.py:186} INFO - Started process (PID=548) to work on /home/airflow/.local/lib/python3.12/site-packages/airflow/example_dags/example_sla_dag.py
[2024-11-16T05:49:31.847+0000] {processor.py:914} INFO - Processing file /home/airflow/.local/lib/python3.12/site-packages/airflow/example_dags/example_sla_dag.py for tasks to queue
[2024-11-16T05:49:31.848+0000] {logging_mixin.py:190} INFO - [2024-11-16T05:49:31.848+0000] {dagbag.py:588} INFO - Filling up the DagBag from /home/airflow/.local/lib/python3.12/site-packages/airflow/example_dags/example_sla_dag.py
[2024-11-16T05:49:31.855+0000] {processor.py:925} INFO - DAG(s) 'example_sla_dag' retrieved from /home/airflow/.local/lib/python3.12/site-packages/airflow/example_dags/example_sla_dag.py
[2024-11-16T05:49:31.867+0000] {logging_mixin.py:190} INFO - [2024-11-16T05:49:31.867+0000] {dag.py:3239} INFO - Sync 1 DAGs
[2024-11-16T05:49:31.886+0000] {logging_mixin.py:190} INFO - [2024-11-16T05:49:31.886+0000] {dag.py:4180} INFO - Setting next_dagrun for example_sla_dag to 2024-11-16 05:46:00+00:00, run_after=2024-11-16 05:48:00+00:00
[2024-11-16T05:49:31.900+0000] {processor.py:208} INFO - Processing /home/airflow/.local/lib/python3.12/site-packages/airflow/example_dags/example_sla_dag.py took 0.057 seconds
[2024-11-16T05:50:47.184+0000] {processor.py:186} INFO - Started process (PID=73) to work on /home/airflow/.local/lib/python3.12/site-packages/airflow/example_dags/example_sla_dag.py
[2024-11-16T05:50:47.185+0000] {processor.py:914} INFO - Processing file /home/airflow/.local/lib/python3.12/site-packages/airflow/example_dags/example_sla_dag.py for tasks to queue
[2024-11-16T05:50:47.188+0000] {logging_mixin.py:190} INFO - [2024-11-16T05:50:47.187+0000] {dagbag.py:588} INFO - Filling up the DagBag from /home/airflow/.local/lib/python3.12/site-packages/airflow/example_dags/example_sla_dag.py
[2024-11-16T05:50:47.200+0000] {processor.py:925} INFO - DAG(s) 'example_sla_dag' retrieved from /home/airflow/.local/lib/python3.12/site-packages/airflow/example_dags/example_sla_dag.py
[2024-11-16T05:50:47.225+0000] {logging_mixin.py:190} INFO - [2024-11-16T05:50:47.225+0000] {dag.py:3239} INFO - Sync 1 DAGs
[2024-11-16T05:50:47.267+0000] {logging_mixin.py:190} INFO - [2024-11-16T05:50:47.267+0000] {dag.py:4180} INFO - Setting next_dagrun for example_sla_dag to 2024-11-16 05:48:00+00:00, run_after=2024-11-16 05:50:00+00:00
[2024-11-16T05:50:47.295+0000] {processor.py:208} INFO - Processing /home/airflow/.local/lib/python3.12/site-packages/airflow/example_dags/example_sla_dag.py took 0.119 seconds
[2024-11-16T05:51:17.378+0000] {processor.py:186} INFO - Started process (PID=141) to work on /home/airflow/.local/lib/python3.12/site-packages/airflow/example_dags/example_sla_dag.py
[2024-11-16T05:51:17.379+0000] {processor.py:914} INFO - Processing file /home/airflow/.local/lib/python3.12/site-packages/airflow/example_dags/example_sla_dag.py for tasks to queue
[2024-11-16T05:51:17.381+0000] {logging_mixin.py:190} INFO - [2024-11-16T05:51:17.380+0000] {dagbag.py:588} INFO - Filling up the DagBag from /home/airflow/.local/lib/python3.12/site-packages/airflow/example_dags/example_sla_dag.py
[2024-11-16T05:51:17.389+0000] {processor.py:925} INFO - DAG(s) 'example_sla_dag' retrieved from /home/airflow/.local/lib/python3.12/site-packages/airflow/example_dags/example_sla_dag.py
[2024-11-16T05:51:17.407+0000] {logging_mixin.py:190} INFO - [2024-11-16T05:51:17.407+0000] {dag.py:3239} INFO - Sync 1 DAGs
[2024-11-16T05:51:17.424+0000] {logging_mixin.py:190} INFO - [2024-11-16T05:51:17.424+0000] {dag.py:4180} INFO - Setting next_dagrun for example_sla_dag to 2024-11-16 05:48:00+00:00, run_after=2024-11-16 05:50:00+00:00
[2024-11-16T05:51:17.439+0000] {processor.py:208} INFO - Processing /home/airflow/.local/lib/python3.12/site-packages/airflow/example_dags/example_sla_dag.py took 0.065 seconds
[2024-11-16T05:51:47.680+0000] {processor.py:186} INFO - Started process (PID=215) to work on /home/airflow/.local/lib/python3.12/site-packages/airflow/example_dags/example_sla_dag.py
[2024-11-16T05:51:47.681+0000] {processor.py:914} INFO - Processing file /home/airflow/.local/lib/python3.12/site-packages/airflow/example_dags/example_sla_dag.py for tasks to queue
[2024-11-16T05:51:47.683+0000] {logging_mixin.py:190} INFO - [2024-11-16T05:51:47.682+0000] {dagbag.py:588} INFO - Filling up the DagBag from /home/airflow/.local/lib/python3.12/site-packages/airflow/example_dags/example_sla_dag.py
[2024-11-16T05:51:47.691+0000] {processor.py:925} INFO - DAG(s) 'example_sla_dag' retrieved from /home/airflow/.local/lib/python3.12/site-packages/airflow/example_dags/example_sla_dag.py
[2024-11-16T05:51:47.708+0000] {logging_mixin.py:190} INFO - [2024-11-16T05:51:47.708+0000] {dag.py:3239} INFO - Sync 1 DAGs
[2024-11-16T05:51:47.743+0000] {logging_mixin.py:190} INFO - [2024-11-16T05:51:47.742+0000] {dag.py:4180} INFO - Setting next_dagrun for example_sla_dag to 2024-11-16 05:48:00+00:00, run_after=2024-11-16 05:50:00+00:00
[2024-11-16T05:51:47.760+0000] {processor.py:208} INFO - Processing /home/airflow/.local/lib/python3.12/site-packages/airflow/example_dags/example_sla_dag.py took 0.084 seconds
[2024-11-16T05:52:18.017+0000] {processor.py:186} INFO - Started process (PID=283) to work on /home/airflow/.local/lib/python3.12/site-packages/airflow/example_dags/example_sla_dag.py
[2024-11-16T05:52:18.018+0000] {processor.py:914} INFO - Processing file /home/airflow/.local/lib/python3.12/site-packages/airflow/example_dags/example_sla_dag.py for tasks to queue
[2024-11-16T05:52:18.019+0000] {logging_mixin.py:190} INFO - [2024-11-16T05:52:18.019+0000] {dagbag.py:588} INFO - Filling up the DagBag from /home/airflow/.local/lib/python3.12/site-packages/airflow/example_dags/example_sla_dag.py
[2024-11-16T05:52:18.026+0000] {processor.py:925} INFO - DAG(s) 'example_sla_dag' retrieved from /home/airflow/.local/lib/python3.12/site-packages/airflow/example_dags/example_sla_dag.py
[2024-11-16T05:52:18.038+0000] {logging_mixin.py:190} INFO - [2024-11-16T05:52:18.038+0000] {dag.py:3239} INFO - Sync 1 DAGs
[2024-11-16T05:52:18.056+0000] {logging_mixin.py:190} INFO - [2024-11-16T05:52:18.056+0000] {dag.py:4180} INFO - Setting next_dagrun for example_sla_dag to 2024-11-16 05:50:00+00:00, run_after=2024-11-16 05:52:00+00:00
[2024-11-16T05:52:18.070+0000] {processor.py:208} INFO - Processing /home/airflow/.local/lib/python3.12/site-packages/airflow/example_dags/example_sla_dag.py took 0.057 seconds
[2024-11-16T05:52:48.397+0000] {processor.py:186} INFO - Started process (PID=351) to work on /home/airflow/.local/lib/python3.12/site-packages/airflow/example_dags/example_sla_dag.py
[2024-11-16T05:52:48.398+0000] {processor.py:914} INFO - Processing file /home/airflow/.local/lib/python3.12/site-packages/airflow/example_dags/example_sla_dag.py for tasks to queue
[2024-11-16T05:52:48.399+0000] {logging_mixin.py:190} INFO - [2024-11-16T05:52:48.399+0000] {dagbag.py:588} INFO - Filling up the DagBag from /home/airflow/.local/lib/python3.12/site-packages/airflow/example_dags/example_sla_dag.py
[2024-11-16T05:52:48.406+0000] {processor.py:925} INFO - DAG(s) 'example_sla_dag' retrieved from /home/airflow/.local/lib/python3.12/site-packages/airflow/example_dags/example_sla_dag.py
[2024-11-16T05:52:48.418+0000] {logging_mixin.py:190} INFO - [2024-11-16T05:52:48.418+0000] {dag.py:3239} INFO - Sync 1 DAGs
[2024-11-16T05:52:48.438+0000] {logging_mixin.py:190} INFO - [2024-11-16T05:52:48.438+0000] {dag.py:4180} INFO - Setting next_dagrun for example_sla_dag to 2024-11-16 05:50:00+00:00, run_after=2024-11-16 05:52:00+00:00
[2024-11-16T05:52:48.455+0000] {processor.py:208} INFO - Processing /home/airflow/.local/lib/python3.12/site-packages/airflow/example_dags/example_sla_dag.py took 0.062 seconds
[2024-11-16T05:53:18.816+0000] {processor.py:186} INFO - Started process (PID=419) to work on /home/airflow/.local/lib/python3.12/site-packages/airflow/example_dags/example_sla_dag.py
[2024-11-16T05:53:18.817+0000] {processor.py:914} INFO - Processing file /home/airflow/.local/lib/python3.12/site-packages/airflow/example_dags/example_sla_dag.py for tasks to queue
[2024-11-16T05:53:18.819+0000] {logging_mixin.py:190} INFO - [2024-11-16T05:53:18.819+0000] {dagbag.py:588} INFO - Filling up the DagBag from /home/airflow/.local/lib/python3.12/site-packages/airflow/example_dags/example_sla_dag.py
[2024-11-16T05:53:18.832+0000] {processor.py:925} INFO - DAG(s) 'example_sla_dag' retrieved from /home/airflow/.local/lib/python3.12/site-packages/airflow/example_dags/example_sla_dag.py
[2024-11-16T05:53:18.853+0000] {logging_mixin.py:190} INFO - [2024-11-16T05:53:18.853+0000] {dag.py:3239} INFO - Sync 1 DAGs
[2024-11-16T05:53:18.873+0000] {logging_mixin.py:190} INFO - [2024-11-16T05:53:18.873+0000] {dag.py:4180} INFO - Setting next_dagrun for example_sla_dag to 2024-11-16 05:50:00+00:00, run_after=2024-11-16 05:52:00+00:00
[2024-11-16T05:53:18.888+0000] {processor.py:208} INFO - Processing /home/airflow/.local/lib/python3.12/site-packages/airflow/example_dags/example_sla_dag.py took 0.078 seconds
[2024-11-16T05:53:49.493+0000] {processor.py:186} INFO - Started process (PID=487) to work on /home/airflow/.local/lib/python3.12/site-packages/airflow/example_dags/example_sla_dag.py
[2024-11-16T05:53:49.493+0000] {processor.py:914} INFO - Processing file /home/airflow/.local/lib/python3.12/site-packages/airflow/example_dags/example_sla_dag.py for tasks to queue
[2024-11-16T05:53:49.495+0000] {logging_mixin.py:190} INFO - [2024-11-16T05:53:49.494+0000] {dagbag.py:588} INFO - Filling up the DagBag from /home/airflow/.local/lib/python3.12/site-packages/airflow/example_dags/example_sla_dag.py
[2024-11-16T05:53:49.501+0000] {processor.py:925} INFO - DAG(s) 'example_sla_dag' retrieved from /home/airflow/.local/lib/python3.12/site-packages/airflow/example_dags/example_sla_dag.py
[2024-11-16T05:53:49.512+0000] {logging_mixin.py:190} INFO - [2024-11-16T05:53:49.512+0000] {dag.py:3239} INFO - Sync 1 DAGs
[2024-11-16T05:53:49.527+0000] {logging_mixin.py:190} INFO - [2024-11-16T05:53:49.527+0000] {dag.py:4180} INFO - Setting next_dagrun for example_sla_dag to 2024-11-16 05:50:00+00:00, run_after=2024-11-16 05:52:00+00:00
[2024-11-16T05:53:49.539+0000] {processor.py:208} INFO - Processing /home/airflow/.local/lib/python3.12/site-packages/airflow/example_dags/example_sla_dag.py took 0.050 seconds
[2024-11-16T05:54:19.716+0000] {processor.py:186} INFO - Started process (PID=555) to work on /home/airflow/.local/lib/python3.12/site-packages/airflow/example_dags/example_sla_dag.py
[2024-11-16T05:54:19.717+0000] {processor.py:914} INFO - Processing file /home/airflow/.local/lib/python3.12/site-packages/airflow/example_dags/example_sla_dag.py for tasks to queue
[2024-11-16T05:54:19.718+0000] {logging_mixin.py:190} INFO - [2024-11-16T05:54:19.718+0000] {dagbag.py:588} INFO - Filling up the DagBag from /home/airflow/.local/lib/python3.12/site-packages/airflow/example_dags/example_sla_dag.py
[2024-11-16T05:54:19.725+0000] {processor.py:925} INFO - DAG(s) 'example_sla_dag' retrieved from /home/airflow/.local/lib/python3.12/site-packages/airflow/example_dags/example_sla_dag.py
[2024-11-16T05:54:19.736+0000] {logging_mixin.py:190} INFO - [2024-11-16T05:54:19.736+0000] {dag.py:3239} INFO - Sync 1 DAGs
[2024-11-16T05:54:19.752+0000] {logging_mixin.py:190} INFO - [2024-11-16T05:54:19.752+0000] {dag.py:4180} INFO - Setting next_dagrun for example_sla_dag to 2024-11-16 05:52:00+00:00, run_after=2024-11-16 05:54:00+00:00
[2024-11-16T05:54:19.766+0000] {processor.py:208} INFO - Processing /home/airflow/.local/lib/python3.12/site-packages/airflow/example_dags/example_sla_dag.py took 0.053 seconds
[2024-11-16T05:54:50.020+0000] {processor.py:186} INFO - Started process (PID=623) to work on /home/airflow/.local/lib/python3.12/site-packages/airflow/example_dags/example_sla_dag.py
[2024-11-16T05:54:50.021+0000] {processor.py:914} INFO - Processing file /home/airflow/.local/lib/python3.12/site-packages/airflow/example_dags/example_sla_dag.py for tasks to queue
[2024-11-16T05:54:50.022+0000] {logging_mixin.py:190} INFO - [2024-11-16T05:54:50.022+0000] {dagbag.py:588} INFO - Filling up the DagBag from /home/airflow/.local/lib/python3.12/site-packages/airflow/example_dags/example_sla_dag.py
[2024-11-16T05:54:50.029+0000] {processor.py:925} INFO - DAG(s) 'example_sla_dag' retrieved from /home/airflow/.local/lib/python3.12/site-packages/airflow/example_dags/example_sla_dag.py
[2024-11-16T05:54:50.041+0000] {logging_mixin.py:190} INFO - [2024-11-16T05:54:50.041+0000] {dag.py:3239} INFO - Sync 1 DAGs
[2024-11-16T05:54:50.060+0000] {logging_mixin.py:190} INFO - [2024-11-16T05:54:50.059+0000] {dag.py:4180} INFO - Setting next_dagrun for example_sla_dag to 2024-11-16 05:52:00+00:00, run_after=2024-11-16 05:54:00+00:00
[2024-11-16T05:54:50.072+0000] {processor.py:208} INFO - Processing /home/airflow/.local/lib/python3.12/site-packages/airflow/example_dags/example_sla_dag.py took 0.056 seconds
[2024-11-16T05:55:20.598+0000] {processor.py:186} INFO - Started process (PID=691) to work on /home/airflow/.local/lib/python3.12/site-packages/airflow/example_dags/example_sla_dag.py
[2024-11-16T05:55:20.599+0000] {processor.py:914} INFO - Processing file /home/airflow/.local/lib/python3.12/site-packages/airflow/example_dags/example_sla_dag.py for tasks to queue
[2024-11-16T05:55:20.601+0000] {logging_mixin.py:190} INFO - [2024-11-16T05:55:20.601+0000] {dagbag.py:588} INFO - Filling up the DagBag from /home/airflow/.local/lib/python3.12/site-packages/airflow/example_dags/example_sla_dag.py
[2024-11-16T05:55:20.611+0000] {processor.py:925} INFO - DAG(s) 'example_sla_dag' retrieved from /home/airflow/.local/lib/python3.12/site-packages/airflow/example_dags/example_sla_dag.py
[2024-11-16T05:55:20.631+0000] {logging_mixin.py:190} INFO - [2024-11-16T05:55:20.630+0000] {dag.py:3239} INFO - Sync 1 DAGs
[2024-11-16T05:55:20.660+0000] {logging_mixin.py:190} INFO - [2024-11-16T05:55:20.660+0000] {dag.py:4180} INFO - Setting next_dagrun for example_sla_dag to 2024-11-16 05:52:00+00:00, run_after=2024-11-16 05:54:00+00:00
[2024-11-16T05:55:20.677+0000] {processor.py:208} INFO - Processing /home/airflow/.local/lib/python3.12/site-packages/airflow/example_dags/example_sla_dag.py took 0.085 seconds
[2024-11-16T05:55:51.026+0000] {processor.py:186} INFO - Started process (PID=759) to work on /home/airflow/.local/lib/python3.12/site-packages/airflow/example_dags/example_sla_dag.py
[2024-11-16T05:55:51.027+0000] {processor.py:914} INFO - Processing file /home/airflow/.local/lib/python3.12/site-packages/airflow/example_dags/example_sla_dag.py for tasks to queue
[2024-11-16T05:55:51.028+0000] {logging_mixin.py:190} INFO - [2024-11-16T05:55:51.028+0000] {dagbag.py:588} INFO - Filling up the DagBag from /home/airflow/.local/lib/python3.12/site-packages/airflow/example_dags/example_sla_dag.py
[2024-11-16T05:55:51.034+0000] {processor.py:925} INFO - DAG(s) 'example_sla_dag' retrieved from /home/airflow/.local/lib/python3.12/site-packages/airflow/example_dags/example_sla_dag.py
[2024-11-16T05:55:51.046+0000] {logging_mixin.py:190} INFO - [2024-11-16T05:55:51.045+0000] {dag.py:3239} INFO - Sync 1 DAGs
[2024-11-16T05:55:51.062+0000] {logging_mixin.py:190} INFO - [2024-11-16T05:55:51.061+0000] {dag.py:4180} INFO - Setting next_dagrun for example_sla_dag to 2024-11-16 05:52:00+00:00, run_after=2024-11-16 05:54:00+00:00
[2024-11-16T05:55:51.073+0000] {processor.py:208} INFO - Processing /home/airflow/.local/lib/python3.12/site-packages/airflow/example_dags/example_sla_dag.py took 0.050 seconds
[2024-11-16T05:56:21.401+0000] {processor.py:186} INFO - Started process (PID=827) to work on /home/airflow/.local/lib/python3.12/site-packages/airflow/example_dags/example_sla_dag.py
[2024-11-16T05:56:21.402+0000] {processor.py:914} INFO - Processing file /home/airflow/.local/lib/python3.12/site-packages/airflow/example_dags/example_sla_dag.py for tasks to queue
[2024-11-16T05:56:21.403+0000] {logging_mixin.py:190} INFO - [2024-11-16T05:56:21.403+0000] {dagbag.py:588} INFO - Filling up the DagBag from /home/airflow/.local/lib/python3.12/site-packages/airflow/example_dags/example_sla_dag.py
[2024-11-16T05:56:21.409+0000] {processor.py:925} INFO - DAG(s) 'example_sla_dag' retrieved from /home/airflow/.local/lib/python3.12/site-packages/airflow/example_dags/example_sla_dag.py
[2024-11-16T05:56:21.421+0000] {logging_mixin.py:190} INFO - [2024-11-16T05:56:21.421+0000] {dag.py:3239} INFO - Sync 1 DAGs
[2024-11-16T05:56:21.436+0000] {logging_mixin.py:190} INFO - [2024-11-16T05:56:21.436+0000] {dag.py:4180} INFO - Setting next_dagrun for example_sla_dag to 2024-11-16 05:54:00+00:00, run_after=2024-11-16 05:56:00+00:00
[2024-11-16T05:56:21.448+0000] {processor.py:208} INFO - Processing /home/airflow/.local/lib/python3.12/site-packages/airflow/example_dags/example_sla_dag.py took 0.050 seconds
[2024-11-16T05:56:51.613+0000] {processor.py:186} INFO - Started process (PID=895) to work on /home/airflow/.local/lib/python3.12/site-packages/airflow/example_dags/example_sla_dag.py
[2024-11-16T05:56:51.613+0000] {processor.py:914} INFO - Processing file /home/airflow/.local/lib/python3.12/site-packages/airflow/example_dags/example_sla_dag.py for tasks to queue
[2024-11-16T05:56:51.615+0000] {logging_mixin.py:190} INFO - [2024-11-16T05:56:51.615+0000] {dagbag.py:588} INFO - Filling up the DagBag from /home/airflow/.local/lib/python3.12/site-packages/airflow/example_dags/example_sla_dag.py
[2024-11-16T05:56:51.621+0000] {processor.py:925} INFO - DAG(s) 'example_sla_dag' retrieved from /home/airflow/.local/lib/python3.12/site-packages/airflow/example_dags/example_sla_dag.py
[2024-11-16T05:56:51.636+0000] {logging_mixin.py:190} INFO - [2024-11-16T05:56:51.635+0000] {dag.py:3239} INFO - Sync 1 DAGs
[2024-11-16T05:56:51.655+0000] {logging_mixin.py:190} INFO - [2024-11-16T05:56:51.654+0000] {dag.py:4180} INFO - Setting next_dagrun for example_sla_dag to 2024-11-16 05:54:00+00:00, run_after=2024-11-16 05:56:00+00:00
[2024-11-16T05:56:51.668+0000] {processor.py:208} INFO - Processing /home/airflow/.local/lib/python3.12/site-packages/airflow/example_dags/example_sla_dag.py took 0.059 seconds
[2024-11-16T05:57:22.245+0000] {processor.py:186} INFO - Started process (PID=963) to work on /home/airflow/.local/lib/python3.12/site-packages/airflow/example_dags/example_sla_dag.py
[2024-11-16T05:57:22.245+0000] {processor.py:914} INFO - Processing file /home/airflow/.local/lib/python3.12/site-packages/airflow/example_dags/example_sla_dag.py for tasks to queue
[2024-11-16T05:57:22.247+0000] {logging_mixin.py:190} INFO - [2024-11-16T05:57:22.247+0000] {dagbag.py:588} INFO - Filling up the DagBag from /home/airflow/.local/lib/python3.12/site-packages/airflow/example_dags/example_sla_dag.py
[2024-11-16T05:57:22.255+0000] {processor.py:925} INFO - DAG(s) 'example_sla_dag' retrieved from /home/airflow/.local/lib/python3.12/site-packages/airflow/example_dags/example_sla_dag.py
[2024-11-16T05:57:22.269+0000] {logging_mixin.py:190} INFO - [2024-11-16T05:57:22.269+0000] {dag.py:3239} INFO - Sync 1 DAGs
[2024-11-16T05:57:22.288+0000] {logging_mixin.py:190} INFO - [2024-11-16T05:57:22.288+0000] {dag.py:4180} INFO - Setting next_dagrun for example_sla_dag to 2024-11-16 05:54:00+00:00, run_after=2024-11-16 05:56:00+00:00
[2024-11-16T05:57:22.304+0000] {processor.py:208} INFO - Processing /home/airflow/.local/lib/python3.12/site-packages/airflow/example_dags/example_sla_dag.py took 0.065 seconds
[2024-11-16T06:44:14.422+0000] {processor.py:186} INFO - Started process (PID=81) to work on /home/airflow/.local/lib/python3.12/site-packages/airflow/example_dags/example_sla_dag.py
[2024-11-16T06:44:14.423+0000] {processor.py:914} INFO - Processing file /home/airflow/.local/lib/python3.12/site-packages/airflow/example_dags/example_sla_dag.py for tasks to queue
[2024-11-16T06:44:14.426+0000] {logging_mixin.py:190} INFO - [2024-11-16T06:44:14.425+0000] {dagbag.py:588} INFO - Filling up the DagBag from /home/airflow/.local/lib/python3.12/site-packages/airflow/example_dags/example_sla_dag.py
[2024-11-16T06:44:14.439+0000] {processor.py:925} INFO - DAG(s) 'example_sla_dag' retrieved from /home/airflow/.local/lib/python3.12/site-packages/airflow/example_dags/example_sla_dag.py
[2024-11-16T06:44:14.459+0000] {logging_mixin.py:190} INFO - [2024-11-16T06:44:14.459+0000] {dag.py:3239} INFO - Sync 1 DAGs
[2024-11-16T06:44:14.487+0000] {logging_mixin.py:190} INFO - [2024-11-16T06:44:14.487+0000] {dag.py:4180} INFO - Setting next_dagrun for example_sla_dag to 2024-11-16 06:42:00+00:00, run_after=2024-11-16 06:44:00+00:00
[2024-11-16T06:44:14.512+0000] {processor.py:208} INFO - Processing /home/airflow/.local/lib/python3.12/site-packages/airflow/example_dags/example_sla_dag.py took 0.098 seconds
[2024-11-16T06:44:45.130+0000] {processor.py:186} INFO - Started process (PID=149) to work on /home/airflow/.local/lib/python3.12/site-packages/airflow/example_dags/example_sla_dag.py
[2024-11-16T06:44:45.130+0000] {processor.py:914} INFO - Processing file /home/airflow/.local/lib/python3.12/site-packages/airflow/example_dags/example_sla_dag.py for tasks to queue
[2024-11-16T06:44:45.132+0000] {logging_mixin.py:190} INFO - [2024-11-16T06:44:45.132+0000] {dagbag.py:588} INFO - Filling up the DagBag from /home/airflow/.local/lib/python3.12/site-packages/airflow/example_dags/example_sla_dag.py
[2024-11-16T06:44:45.140+0000] {processor.py:925} INFO - DAG(s) 'example_sla_dag' retrieved from /home/airflow/.local/lib/python3.12/site-packages/airflow/example_dags/example_sla_dag.py
[2024-11-16T06:44:45.154+0000] {logging_mixin.py:190} INFO - [2024-11-16T06:44:45.153+0000] {dag.py:3239} INFO - Sync 1 DAGs
[2024-11-16T06:44:45.174+0000] {logging_mixin.py:190} INFO - [2024-11-16T06:44:45.174+0000] {dag.py:4180} INFO - Setting next_dagrun for example_sla_dag to 2024-11-16 06:42:00+00:00, run_after=2024-11-16 06:44:00+00:00
[2024-11-16T06:44:45.189+0000] {processor.py:208} INFO - Processing /home/airflow/.local/lib/python3.12/site-packages/airflow/example_dags/example_sla_dag.py took 0.063 seconds
[2024-11-16T06:45:16.033+0000] {processor.py:186} INFO - Started process (PID=217) to work on /home/airflow/.local/lib/python3.12/site-packages/airflow/example_dags/example_sla_dag.py
[2024-11-16T06:45:16.034+0000] {processor.py:914} INFO - Processing file /home/airflow/.local/lib/python3.12/site-packages/airflow/example_dags/example_sla_dag.py for tasks to queue
[2024-11-16T06:45:16.036+0000] {logging_mixin.py:190} INFO - [2024-11-16T06:45:16.036+0000] {dagbag.py:588} INFO - Filling up the DagBag from /home/airflow/.local/lib/python3.12/site-packages/airflow/example_dags/example_sla_dag.py
[2024-11-16T06:45:16.044+0000] {processor.py:925} INFO - DAG(s) 'example_sla_dag' retrieved from /home/airflow/.local/lib/python3.12/site-packages/airflow/example_dags/example_sla_dag.py
[2024-11-16T06:45:16.060+0000] {logging_mixin.py:190} INFO - [2024-11-16T06:45:16.060+0000] {dag.py:3239} INFO - Sync 1 DAGs
[2024-11-16T06:45:16.091+0000] {logging_mixin.py:190} INFO - [2024-11-16T06:45:16.090+0000] {dag.py:4180} INFO - Setting next_dagrun for example_sla_dag to 2024-11-16 06:42:00+00:00, run_after=2024-11-16 06:44:00+00:00
[2024-11-16T06:45:16.113+0000] {processor.py:208} INFO - Processing /home/airflow/.local/lib/python3.12/site-packages/airflow/example_dags/example_sla_dag.py took 0.084 seconds
[2024-11-16T06:45:46.583+0000] {processor.py:186} INFO - Started process (PID=285) to work on /home/airflow/.local/lib/python3.12/site-packages/airflow/example_dags/example_sla_dag.py
[2024-11-16T06:45:46.583+0000] {processor.py:914} INFO - Processing file /home/airflow/.local/lib/python3.12/site-packages/airflow/example_dags/example_sla_dag.py for tasks to queue
[2024-11-16T06:45:46.585+0000] {logging_mixin.py:190} INFO - [2024-11-16T06:45:46.585+0000] {dagbag.py:588} INFO - Filling up the DagBag from /home/airflow/.local/lib/python3.12/site-packages/airflow/example_dags/example_sla_dag.py
[2024-11-16T06:45:46.593+0000] {processor.py:925} INFO - DAG(s) 'example_sla_dag' retrieved from /home/airflow/.local/lib/python3.12/site-packages/airflow/example_dags/example_sla_dag.py
[2024-11-16T06:45:46.610+0000] {logging_mixin.py:190} INFO - [2024-11-16T06:45:46.609+0000] {dag.py:3239} INFO - Sync 1 DAGs
[2024-11-16T06:45:46.627+0000] {logging_mixin.py:190} INFO - [2024-11-16T06:45:46.627+0000] {dag.py:4180} INFO - Setting next_dagrun for example_sla_dag to 2024-11-16 06:42:00+00:00, run_after=2024-11-16 06:44:00+00:00
[2024-11-16T06:45:46.642+0000] {processor.py:208} INFO - Processing /home/airflow/.local/lib/python3.12/site-packages/airflow/example_dags/example_sla_dag.py took 0.064 seconds
[2024-11-16T06:46:16.773+0000] {processor.py:186} INFO - Started process (PID=353) to work on /home/airflow/.local/lib/python3.12/site-packages/airflow/example_dags/example_sla_dag.py
[2024-11-16T06:46:16.774+0000] {processor.py:914} INFO - Processing file /home/airflow/.local/lib/python3.12/site-packages/airflow/example_dags/example_sla_dag.py for tasks to queue
[2024-11-16T06:46:16.775+0000] {logging_mixin.py:190} INFO - [2024-11-16T06:46:16.775+0000] {dagbag.py:588} INFO - Filling up the DagBag from /home/airflow/.local/lib/python3.12/site-packages/airflow/example_dags/example_sla_dag.py
[2024-11-16T06:46:16.785+0000] {processor.py:925} INFO - DAG(s) 'example_sla_dag' retrieved from /home/airflow/.local/lib/python3.12/site-packages/airflow/example_dags/example_sla_dag.py
[2024-11-16T06:46:16.803+0000] {logging_mixin.py:190} INFO - [2024-11-16T06:46:16.803+0000] {dag.py:3239} INFO - Sync 1 DAGs
[2024-11-16T06:46:16.829+0000] {logging_mixin.py:190} INFO - [2024-11-16T06:46:16.829+0000] {dag.py:4180} INFO - Setting next_dagrun for example_sla_dag to 2024-11-16 06:44:00+00:00, run_after=2024-11-16 06:46:00+00:00
[2024-11-16T06:46:16.852+0000] {processor.py:208} INFO - Processing /home/airflow/.local/lib/python3.12/site-packages/airflow/example_dags/example_sla_dag.py took 0.083 seconds
[2024-11-16T07:28:06.414+0000] {processor.py:186} INFO - Started process (PID=79) to work on /home/airflow/.local/lib/python3.12/site-packages/airflow/example_dags/example_sla_dag.py
[2024-11-16T07:28:06.415+0000] {processor.py:914} INFO - Processing file /home/airflow/.local/lib/python3.12/site-packages/airflow/example_dags/example_sla_dag.py for tasks to queue
[2024-11-16T07:28:06.417+0000] {logging_mixin.py:190} INFO - [2024-11-16T07:28:06.417+0000] {dagbag.py:588} INFO - Filling up the DagBag from /home/airflow/.local/lib/python3.12/site-packages/airflow/example_dags/example_sla_dag.py
[2024-11-16T07:28:06.434+0000] {processor.py:925} INFO - DAG(s) 'example_sla_dag' retrieved from /home/airflow/.local/lib/python3.12/site-packages/airflow/example_dags/example_sla_dag.py
[2024-11-16T07:28:06.553+0000] {logging_mixin.py:190} INFO - [2024-11-16T07:28:06.553+0000] {override.py:1900} INFO - Created Permission View: can read on DAG:example_sla_dag
[2024-11-16T07:28:06.562+0000] {logging_mixin.py:190} INFO - [2024-11-16T07:28:06.562+0000] {override.py:1900} INFO - Created Permission View: can edit on DAG:example_sla_dag
[2024-11-16T07:28:06.569+0000] {logging_mixin.py:190} INFO - [2024-11-16T07:28:06.569+0000] {override.py:1900} INFO - Created Permission View: can delete on DAG:example_sla_dag
[2024-11-16T07:28:06.579+0000] {logging_mixin.py:190} INFO - [2024-11-16T07:28:06.579+0000] {override.py:1900} INFO - Created Permission View: can read on DAG Run:example_sla_dag
[2024-11-16T07:28:06.586+0000] {logging_mixin.py:190} INFO - [2024-11-16T07:28:06.586+0000] {override.py:1900} INFO - Created Permission View: menu access on DAG Run:example_sla_dag
[2024-11-16T07:28:06.594+0000] {logging_mixin.py:190} INFO - [2024-11-16T07:28:06.593+0000] {override.py:1900} INFO - Created Permission View: can create on DAG Run:example_sla_dag
[2024-11-16T07:28:06.601+0000] {logging_mixin.py:190} INFO - [2024-11-16T07:28:06.600+0000] {override.py:1900} INFO - Created Permission View: can delete on DAG Run:example_sla_dag
[2024-11-16T07:28:06.601+0000] {logging_mixin.py:190} INFO - [2024-11-16T07:28:06.601+0000] {dag.py:3239} INFO - Sync 1 DAGs
[2024-11-16T07:28:06.616+0000] {logging_mixin.py:190} INFO - [2024-11-16T07:28:06.615+0000] {dag.py:3262} INFO - Creating ORM DAG for example_sla_dag
[2024-11-16T07:28:06.627+0000] {logging_mixin.py:190} INFO - [2024-11-16T07:28:06.627+0000] {dag.py:4180} INFO - Setting next_dagrun for example_sla_dag to 2024-11-16 07:26:00+00:00, run_after=2024-11-16 07:28:00+00:00
[2024-11-16T07:28:06.642+0000] {processor.py:208} INFO - Processing /home/airflow/.local/lib/python3.12/site-packages/airflow/example_dags/example_sla_dag.py took 0.233 seconds
[2024-11-16T07:28:37.059+0000] {processor.py:186} INFO - Started process (PID=146) to work on /home/airflow/.local/lib/python3.12/site-packages/airflow/example_dags/example_sla_dag.py
[2024-11-16T07:28:37.060+0000] {processor.py:914} INFO - Processing file /home/airflow/.local/lib/python3.12/site-packages/airflow/example_dags/example_sla_dag.py for tasks to queue
[2024-11-16T07:28:37.062+0000] {logging_mixin.py:190} INFO - [2024-11-16T07:28:37.062+0000] {dagbag.py:588} INFO - Filling up the DagBag from /home/airflow/.local/lib/python3.12/site-packages/airflow/example_dags/example_sla_dag.py
[2024-11-16T07:28:37.078+0000] {processor.py:925} INFO - DAG(s) 'example_sla_dag' retrieved from /home/airflow/.local/lib/python3.12/site-packages/airflow/example_dags/example_sla_dag.py
[2024-11-16T07:28:37.103+0000] {logging_mixin.py:190} INFO - [2024-11-16T07:28:37.103+0000] {dag.py:3239} INFO - Sync 1 DAGs
[2024-11-16T07:28:37.139+0000] {logging_mixin.py:190} INFO - [2024-11-16T07:28:37.139+0000] {dag.py:4180} INFO - Setting next_dagrun for example_sla_dag to 2024-11-16 07:26:00+00:00, run_after=2024-11-16 07:28:00+00:00
[2024-11-16T07:28:37.162+0000] {processor.py:208} INFO - Processing /home/airflow/.local/lib/python3.12/site-packages/airflow/example_dags/example_sla_dag.py took 0.108 seconds
[2024-11-16T07:29:42.667+0000] {processor.py:186} INFO - Started process (PID=220) to work on /home/airflow/.local/lib/python3.12/site-packages/airflow/example_dags/example_sla_dag.py
[2024-11-16T07:29:42.668+0000] {processor.py:914} INFO - Processing file /home/airflow/.local/lib/python3.12/site-packages/airflow/example_dags/example_sla_dag.py for tasks to queue
[2024-11-16T07:29:42.669+0000] {logging_mixin.py:190} INFO - [2024-11-16T07:29:42.669+0000] {dagbag.py:588} INFO - Filling up the DagBag from /home/airflow/.local/lib/python3.12/site-packages/airflow/example_dags/example_sla_dag.py
[2024-11-16T07:29:42.678+0000] {processor.py:925} INFO - DAG(s) 'example_sla_dag' retrieved from /home/airflow/.local/lib/python3.12/site-packages/airflow/example_dags/example_sla_dag.py
[2024-11-16T07:29:42.696+0000] {logging_mixin.py:190} INFO - [2024-11-16T07:29:42.696+0000] {dag.py:3239} INFO - Sync 1 DAGs
[2024-11-16T07:29:42.721+0000] {logging_mixin.py:190} INFO - [2024-11-16T07:29:42.720+0000] {dag.py:4180} INFO - Setting next_dagrun for example_sla_dag to 2024-11-16 07:26:00+00:00, run_after=2024-11-16 07:28:00+00:00
[2024-11-16T07:29:42.739+0000] {processor.py:208} INFO - Processing /home/airflow/.local/lib/python3.12/site-packages/airflow/example_dags/example_sla_dag.py took 0.077 seconds
[2024-11-16T07:30:13.726+0000] {processor.py:186} INFO - Started process (PID=287) to work on /home/airflow/.local/lib/python3.12/site-packages/airflow/example_dags/example_sla_dag.py
[2024-11-16T07:30:13.726+0000] {processor.py:914} INFO - Processing file /home/airflow/.local/lib/python3.12/site-packages/airflow/example_dags/example_sla_dag.py for tasks to queue
[2024-11-16T07:30:13.727+0000] {logging_mixin.py:190} INFO - [2024-11-16T07:30:13.727+0000] {dagbag.py:588} INFO - Filling up the DagBag from /home/airflow/.local/lib/python3.12/site-packages/airflow/example_dags/example_sla_dag.py
[2024-11-16T07:30:13.734+0000] {processor.py:925} INFO - DAG(s) 'example_sla_dag' retrieved from /home/airflow/.local/lib/python3.12/site-packages/airflow/example_dags/example_sla_dag.py
[2024-11-16T07:30:13.749+0000] {logging_mixin.py:190} INFO - [2024-11-16T07:30:13.749+0000] {dag.py:3239} INFO - Sync 1 DAGs
[2024-11-16T07:30:13.767+0000] {logging_mixin.py:190} INFO - [2024-11-16T07:30:13.767+0000] {dag.py:4180} INFO - Setting next_dagrun for example_sla_dag to 2024-11-16 07:28:00+00:00, run_after=2024-11-16 07:30:00+00:00
[2024-11-16T07:30:13.784+0000] {processor.py:208} INFO - Processing /home/airflow/.local/lib/python3.12/site-packages/airflow/example_dags/example_sla_dag.py took 0.063 seconds
[2024-11-16T07:30:44.045+0000] {processor.py:186} INFO - Started process (PID=353) to work on /home/airflow/.local/lib/python3.12/site-packages/airflow/example_dags/example_sla_dag.py
[2024-11-16T07:30:44.045+0000] {processor.py:914} INFO - Processing file /home/airflow/.local/lib/python3.12/site-packages/airflow/example_dags/example_sla_dag.py for tasks to queue
[2024-11-16T07:30:44.046+0000] {logging_mixin.py:190} INFO - [2024-11-16T07:30:44.046+0000] {dagbag.py:588} INFO - Filling up the DagBag from /home/airflow/.local/lib/python3.12/site-packages/airflow/example_dags/example_sla_dag.py
[2024-11-16T07:30:44.052+0000] {processor.py:925} INFO - DAG(s) 'example_sla_dag' retrieved from /home/airflow/.local/lib/python3.12/site-packages/airflow/example_dags/example_sla_dag.py
[2024-11-16T07:30:44.065+0000] {logging_mixin.py:190} INFO - [2024-11-16T07:30:44.065+0000] {dag.py:3239} INFO - Sync 1 DAGs
[2024-11-16T07:30:44.083+0000] {logging_mixin.py:190} INFO - [2024-11-16T07:30:44.083+0000] {dag.py:4180} INFO - Setting next_dagrun for example_sla_dag to 2024-11-16 07:28:00+00:00, run_after=2024-11-16 07:30:00+00:00
[2024-11-16T07:30:44.098+0000] {processor.py:208} INFO - Processing /home/airflow/.local/lib/python3.12/site-packages/airflow/example_dags/example_sla_dag.py took 0.057 seconds
[2024-11-16T07:31:14.147+0000] {processor.py:186} INFO - Started process (PID=420) to work on /home/airflow/.local/lib/python3.12/site-packages/airflow/example_dags/example_sla_dag.py
[2024-11-16T07:31:14.147+0000] {processor.py:914} INFO - Processing file /home/airflow/.local/lib/python3.12/site-packages/airflow/example_dags/example_sla_dag.py for tasks to queue
[2024-11-16T07:31:14.148+0000] {logging_mixin.py:190} INFO - [2024-11-16T07:31:14.148+0000] {dagbag.py:588} INFO - Filling up the DagBag from /home/airflow/.local/lib/python3.12/site-packages/airflow/example_dags/example_sla_dag.py
[2024-11-16T07:31:14.155+0000] {processor.py:925} INFO - DAG(s) 'example_sla_dag' retrieved from /home/airflow/.local/lib/python3.12/site-packages/airflow/example_dags/example_sla_dag.py
[2024-11-16T07:31:14.168+0000] {logging_mixin.py:190} INFO - [2024-11-16T07:31:14.168+0000] {dag.py:3239} INFO - Sync 1 DAGs
[2024-11-16T07:31:14.186+0000] {logging_mixin.py:190} INFO - [2024-11-16T07:31:14.186+0000] {dag.py:4180} INFO - Setting next_dagrun for example_sla_dag to 2024-11-16 07:28:00+00:00, run_after=2024-11-16 07:30:00+00:00
[2024-11-16T07:31:14.198+0000] {processor.py:208} INFO - Processing /home/airflow/.local/lib/python3.12/site-packages/airflow/example_dags/example_sla_dag.py took 0.056 seconds
[2024-11-16T07:31:45.138+0000] {processor.py:186} INFO - Started process (PID=487) to work on /home/airflow/.local/lib/python3.12/site-packages/airflow/example_dags/example_sla_dag.py
[2024-11-16T07:31:45.141+0000] {processor.py:914} INFO - Processing file /home/airflow/.local/lib/python3.12/site-packages/airflow/example_dags/example_sla_dag.py for tasks to queue
[2024-11-16T07:31:45.141+0000] {logging_mixin.py:190} INFO - [2024-11-16T07:31:45.141+0000] {dagbag.py:588} INFO - Filling up the DagBag from /home/airflow/.local/lib/python3.12/site-packages/airflow/example_dags/example_sla_dag.py
[2024-11-16T07:31:45.149+0000] {processor.py:925} INFO - DAG(s) 'example_sla_dag' retrieved from /home/airflow/.local/lib/python3.12/site-packages/airflow/example_dags/example_sla_dag.py
[2024-11-16T07:31:45.163+0000] {logging_mixin.py:190} INFO - [2024-11-16T07:31:45.162+0000] {dag.py:3239} INFO - Sync 1 DAGs
[2024-11-16T07:31:45.180+0000] {logging_mixin.py:190} INFO - [2024-11-16T07:31:45.180+0000] {dag.py:4180} INFO - Setting next_dagrun for example_sla_dag to 2024-11-16 07:28:00+00:00, run_after=2024-11-16 07:30:00+00:00
[2024-11-16T07:31:45.194+0000] {processor.py:208} INFO - Processing /home/airflow/.local/lib/python3.12/site-packages/airflow/example_dags/example_sla_dag.py took 0.060 seconds
[2024-11-16T07:32:15.459+0000] {processor.py:186} INFO - Started process (PID=554) to work on /home/airflow/.local/lib/python3.12/site-packages/airflow/example_dags/example_sla_dag.py
[2024-11-16T07:32:15.460+0000] {processor.py:914} INFO - Processing file /home/airflow/.local/lib/python3.12/site-packages/airflow/example_dags/example_sla_dag.py for tasks to queue
[2024-11-16T07:32:15.461+0000] {logging_mixin.py:190} INFO - [2024-11-16T07:32:15.460+0000] {dagbag.py:588} INFO - Filling up the DagBag from /home/airflow/.local/lib/python3.12/site-packages/airflow/example_dags/example_sla_dag.py
[2024-11-16T07:32:15.467+0000] {processor.py:925} INFO - DAG(s) 'example_sla_dag' retrieved from /home/airflow/.local/lib/python3.12/site-packages/airflow/example_dags/example_sla_dag.py
[2024-11-16T07:32:15.480+0000] {logging_mixin.py:190} INFO - [2024-11-16T07:32:15.480+0000] {dag.py:3239} INFO - Sync 1 DAGs
[2024-11-16T07:32:15.498+0000] {logging_mixin.py:190} INFO - [2024-11-16T07:32:15.498+0000] {dag.py:4180} INFO - Setting next_dagrun for example_sla_dag to 2024-11-16 07:30:00+00:00, run_after=2024-11-16 07:32:00+00:00
[2024-11-16T07:32:15.513+0000] {processor.py:208} INFO - Processing /home/airflow/.local/lib/python3.12/site-packages/airflow/example_dags/example_sla_dag.py took 0.057 seconds
[2024-11-16T07:32:45.655+0000] {processor.py:186} INFO - Started process (PID=621) to work on /home/airflow/.local/lib/python3.12/site-packages/airflow/example_dags/example_sla_dag.py
[2024-11-16T07:32:45.655+0000] {processor.py:914} INFO - Processing file /home/airflow/.local/lib/python3.12/site-packages/airflow/example_dags/example_sla_dag.py for tasks to queue
[2024-11-16T07:32:45.656+0000] {logging_mixin.py:190} INFO - [2024-11-16T07:32:45.656+0000] {dagbag.py:588} INFO - Filling up the DagBag from /home/airflow/.local/lib/python3.12/site-packages/airflow/example_dags/example_sla_dag.py
[2024-11-16T07:32:45.662+0000] {processor.py:925} INFO - DAG(s) 'example_sla_dag' retrieved from /home/airflow/.local/lib/python3.12/site-packages/airflow/example_dags/example_sla_dag.py
[2024-11-16T07:32:45.675+0000] {logging_mixin.py:190} INFO - [2024-11-16T07:32:45.675+0000] {dag.py:3239} INFO - Sync 1 DAGs
[2024-11-16T07:32:45.693+0000] {logging_mixin.py:190} INFO - [2024-11-16T07:32:45.693+0000] {dag.py:4180} INFO - Setting next_dagrun for example_sla_dag to 2024-11-16 07:30:00+00:00, run_after=2024-11-16 07:32:00+00:00
[2024-11-16T07:32:45.707+0000] {processor.py:208} INFO - Processing /home/airflow/.local/lib/python3.12/site-packages/airflow/example_dags/example_sla_dag.py took 0.056 seconds
[2024-11-16T07:33:16.334+0000] {processor.py:186} INFO - Started process (PID=688) to work on /home/airflow/.local/lib/python3.12/site-packages/airflow/example_dags/example_sla_dag.py
[2024-11-16T07:33:16.334+0000] {processor.py:914} INFO - Processing file /home/airflow/.local/lib/python3.12/site-packages/airflow/example_dags/example_sla_dag.py for tasks to queue
[2024-11-16T07:33:16.335+0000] {logging_mixin.py:190} INFO - [2024-11-16T07:33:16.335+0000] {dagbag.py:588} INFO - Filling up the DagBag from /home/airflow/.local/lib/python3.12/site-packages/airflow/example_dags/example_sla_dag.py
[2024-11-16T07:33:16.341+0000] {processor.py:925} INFO - DAG(s) 'example_sla_dag' retrieved from /home/airflow/.local/lib/python3.12/site-packages/airflow/example_dags/example_sla_dag.py
[2024-11-16T07:33:16.353+0000] {logging_mixin.py:190} INFO - [2024-11-16T07:33:16.353+0000] {dag.py:3239} INFO - Sync 1 DAGs
[2024-11-16T07:33:16.369+0000] {logging_mixin.py:190} INFO - [2024-11-16T07:33:16.369+0000] {dag.py:4180} INFO - Setting next_dagrun for example_sla_dag to 2024-11-16 07:30:00+00:00, run_after=2024-11-16 07:32:00+00:00
[2024-11-16T07:33:16.383+0000] {processor.py:208} INFO - Processing /home/airflow/.local/lib/python3.12/site-packages/airflow/example_dags/example_sla_dag.py took 0.053 seconds
[2024-11-16T07:33:47.259+0000] {processor.py:186} INFO - Started process (PID=755) to work on /home/airflow/.local/lib/python3.12/site-packages/airflow/example_dags/example_sla_dag.py
[2024-11-16T07:33:47.260+0000] {processor.py:914} INFO - Processing file /home/airflow/.local/lib/python3.12/site-packages/airflow/example_dags/example_sla_dag.py for tasks to queue
[2024-11-16T07:33:47.260+0000] {logging_mixin.py:190} INFO - [2024-11-16T07:33:47.260+0000] {dagbag.py:588} INFO - Filling up the DagBag from /home/airflow/.local/lib/python3.12/site-packages/airflow/example_dags/example_sla_dag.py
[2024-11-16T07:33:47.267+0000] {processor.py:925} INFO - DAG(s) 'example_sla_dag' retrieved from /home/airflow/.local/lib/python3.12/site-packages/airflow/example_dags/example_sla_dag.py
[2024-11-16T07:33:47.280+0000] {logging_mixin.py:190} INFO - [2024-11-16T07:33:47.279+0000] {dag.py:3239} INFO - Sync 1 DAGs
[2024-11-16T07:33:47.298+0000] {logging_mixin.py:190} INFO - [2024-11-16T07:33:47.298+0000] {dag.py:4180} INFO - Setting next_dagrun for example_sla_dag to 2024-11-16 07:30:00+00:00, run_after=2024-11-16 07:32:00+00:00
[2024-11-16T07:33:47.313+0000] {processor.py:208} INFO - Processing /home/airflow/.local/lib/python3.12/site-packages/airflow/example_dags/example_sla_dag.py took 0.058 seconds
[2024-11-16T07:34:18.147+0000] {processor.py:186} INFO - Started process (PID=822) to work on /home/airflow/.local/lib/python3.12/site-packages/airflow/example_dags/example_sla_dag.py
[2024-11-16T07:34:18.148+0000] {processor.py:914} INFO - Processing file /home/airflow/.local/lib/python3.12/site-packages/airflow/example_dags/example_sla_dag.py for tasks to queue
[2024-11-16T07:34:18.149+0000] {logging_mixin.py:190} INFO - [2024-11-16T07:34:18.148+0000] {dagbag.py:588} INFO - Filling up the DagBag from /home/airflow/.local/lib/python3.12/site-packages/airflow/example_dags/example_sla_dag.py
[2024-11-16T07:34:18.156+0000] {processor.py:925} INFO - DAG(s) 'example_sla_dag' retrieved from /home/airflow/.local/lib/python3.12/site-packages/airflow/example_dags/example_sla_dag.py
[2024-11-16T07:34:18.169+0000] {logging_mixin.py:190} INFO - [2024-11-16T07:34:18.168+0000] {dag.py:3239} INFO - Sync 1 DAGs
[2024-11-16T07:34:18.187+0000] {logging_mixin.py:190} INFO - [2024-11-16T07:34:18.187+0000] {dag.py:4180} INFO - Setting next_dagrun for example_sla_dag to 2024-11-16 07:32:00+00:00, run_after=2024-11-16 07:34:00+00:00
[2024-11-16T07:34:18.204+0000] {processor.py:208} INFO - Processing /home/airflow/.local/lib/python3.12/site-packages/airflow/example_dags/example_sla_dag.py took 0.062 seconds
[2024-11-16T07:34:49.108+0000] {processor.py:186} INFO - Started process (PID=889) to work on /home/airflow/.local/lib/python3.12/site-packages/airflow/example_dags/example_sla_dag.py
[2024-11-16T07:34:49.109+0000] {processor.py:914} INFO - Processing file /home/airflow/.local/lib/python3.12/site-packages/airflow/example_dags/example_sla_dag.py for tasks to queue
[2024-11-16T07:34:49.110+0000] {logging_mixin.py:190} INFO - [2024-11-16T07:34:49.109+0000] {dagbag.py:588} INFO - Filling up the DagBag from /home/airflow/.local/lib/python3.12/site-packages/airflow/example_dags/example_sla_dag.py
[2024-11-16T07:34:49.117+0000] {processor.py:925} INFO - DAG(s) 'example_sla_dag' retrieved from /home/airflow/.local/lib/python3.12/site-packages/airflow/example_dags/example_sla_dag.py
[2024-11-16T07:34:49.130+0000] {logging_mixin.py:190} INFO - [2024-11-16T07:34:49.129+0000] {dag.py:3239} INFO - Sync 1 DAGs
[2024-11-16T07:34:49.167+0000] {logging_mixin.py:190} INFO - [2024-11-16T07:34:49.167+0000] {dag.py:4180} INFO - Setting next_dagrun for example_sla_dag to 2024-11-16 07:32:00+00:00, run_after=2024-11-16 07:34:00+00:00
[2024-11-16T07:34:49.195+0000] {processor.py:208} INFO - Processing /home/airflow/.local/lib/python3.12/site-packages/airflow/example_dags/example_sla_dag.py took 0.091 seconds
[2024-11-16T07:35:20.608+0000] {processor.py:186} INFO - Started process (PID=956) to work on /home/airflow/.local/lib/python3.12/site-packages/airflow/example_dags/example_sla_dag.py
[2024-11-16T07:35:20.611+0000] {processor.py:914} INFO - Processing file /home/airflow/.local/lib/python3.12/site-packages/airflow/example_dags/example_sla_dag.py for tasks to queue
[2024-11-16T07:35:20.614+0000] {logging_mixin.py:190} INFO - [2024-11-16T07:35:20.613+0000] {dagbag.py:588} INFO - Filling up the DagBag from /home/airflow/.local/lib/python3.12/site-packages/airflow/example_dags/example_sla_dag.py
[2024-11-16T07:35:20.634+0000] {processor.py:925} INFO - DAG(s) 'example_sla_dag' retrieved from /home/airflow/.local/lib/python3.12/site-packages/airflow/example_dags/example_sla_dag.py
[2024-11-16T07:35:20.674+0000] {logging_mixin.py:190} INFO - [2024-11-16T07:35:20.673+0000] {dag.py:3239} INFO - Sync 1 DAGs
[2024-11-16T07:35:20.723+0000] {logging_mixin.py:190} INFO - [2024-11-16T07:35:20.723+0000] {dag.py:4180} INFO - Setting next_dagrun for example_sla_dag to 2024-11-16 07:32:00+00:00, run_after=2024-11-16 07:34:00+00:00
[2024-11-16T07:35:20.758+0000] {processor.py:208} INFO - Processing /home/airflow/.local/lib/python3.12/site-packages/airflow/example_dags/example_sla_dag.py took 0.160 seconds
[2024-11-16T07:35:51.125+0000] {processor.py:186} INFO - Started process (PID=1023) to work on /home/airflow/.local/lib/python3.12/site-packages/airflow/example_dags/example_sla_dag.py
[2024-11-16T07:35:51.126+0000] {processor.py:914} INFO - Processing file /home/airflow/.local/lib/python3.12/site-packages/airflow/example_dags/example_sla_dag.py for tasks to queue
[2024-11-16T07:35:51.127+0000] {logging_mixin.py:190} INFO - [2024-11-16T07:35:51.126+0000] {dagbag.py:588} INFO - Filling up the DagBag from /home/airflow/.local/lib/python3.12/site-packages/airflow/example_dags/example_sla_dag.py
[2024-11-16T07:35:51.134+0000] {processor.py:925} INFO - DAG(s) 'example_sla_dag' retrieved from /home/airflow/.local/lib/python3.12/site-packages/airflow/example_dags/example_sla_dag.py
[2024-11-16T07:35:51.147+0000] {logging_mixin.py:190} INFO - [2024-11-16T07:35:51.147+0000] {dag.py:3239} INFO - Sync 1 DAGs
[2024-11-16T07:35:51.166+0000] {logging_mixin.py:190} INFO - [2024-11-16T07:35:51.166+0000] {dag.py:4180} INFO - Setting next_dagrun for example_sla_dag to 2024-11-16 07:32:00+00:00, run_after=2024-11-16 07:34:00+00:00
[2024-11-16T07:35:51.181+0000] {processor.py:208} INFO - Processing /home/airflow/.local/lib/python3.12/site-packages/airflow/example_dags/example_sla_dag.py took 0.059 seconds
[2024-11-16T07:36:21.881+0000] {processor.py:186} INFO - Started process (PID=1090) to work on /home/airflow/.local/lib/python3.12/site-packages/airflow/example_dags/example_sla_dag.py
[2024-11-16T07:36:21.882+0000] {processor.py:914} INFO - Processing file /home/airflow/.local/lib/python3.12/site-packages/airflow/example_dags/example_sla_dag.py for tasks to queue
[2024-11-16T07:36:21.883+0000] {logging_mixin.py:190} INFO - [2024-11-16T07:36:21.882+0000] {dagbag.py:588} INFO - Filling up the DagBag from /home/airflow/.local/lib/python3.12/site-packages/airflow/example_dags/example_sla_dag.py
[2024-11-16T07:36:21.889+0000] {processor.py:925} INFO - DAG(s) 'example_sla_dag' retrieved from /home/airflow/.local/lib/python3.12/site-packages/airflow/example_dags/example_sla_dag.py
[2024-11-16T07:36:21.902+0000] {logging_mixin.py:190} INFO - [2024-11-16T07:36:21.901+0000] {dag.py:3239} INFO - Sync 1 DAGs
[2024-11-16T07:36:21.920+0000] {logging_mixin.py:190} INFO - [2024-11-16T07:36:21.920+0000] {dag.py:4180} INFO - Setting next_dagrun for example_sla_dag to 2024-11-16 07:34:00+00:00, run_after=2024-11-16 07:36:00+00:00
[2024-11-16T07:36:21.936+0000] {processor.py:208} INFO - Processing /home/airflow/.local/lib/python3.12/site-packages/airflow/example_dags/example_sla_dag.py took 0.058 seconds
[2024-11-16T07:36:52.335+0000] {processor.py:186} INFO - Started process (PID=1157) to work on /home/airflow/.local/lib/python3.12/site-packages/airflow/example_dags/example_sla_dag.py
[2024-11-16T07:36:52.336+0000] {processor.py:914} INFO - Processing file /home/airflow/.local/lib/python3.12/site-packages/airflow/example_dags/example_sla_dag.py for tasks to queue
[2024-11-16T07:36:52.337+0000] {logging_mixin.py:190} INFO - [2024-11-16T07:36:52.337+0000] {dagbag.py:588} INFO - Filling up the DagBag from /home/airflow/.local/lib/python3.12/site-packages/airflow/example_dags/example_sla_dag.py
[2024-11-16T07:36:52.344+0000] {processor.py:925} INFO - DAG(s) 'example_sla_dag' retrieved from /home/airflow/.local/lib/python3.12/site-packages/airflow/example_dags/example_sla_dag.py
[2024-11-16T07:36:52.358+0000] {logging_mixin.py:190} INFO - [2024-11-16T07:36:52.358+0000] {dag.py:3239} INFO - Sync 1 DAGs
[2024-11-16T07:36:52.378+0000] {logging_mixin.py:190} INFO - [2024-11-16T07:36:52.378+0000] {dag.py:4180} INFO - Setting next_dagrun for example_sla_dag to 2024-11-16 07:34:00+00:00, run_after=2024-11-16 07:36:00+00:00
[2024-11-16T07:36:52.399+0000] {processor.py:208} INFO - Processing /home/airflow/.local/lib/python3.12/site-packages/airflow/example_dags/example_sla_dag.py took 0.068 seconds
[2024-11-16T07:37:22.571+0000] {processor.py:186} INFO - Started process (PID=1228) to work on /home/airflow/.local/lib/python3.12/site-packages/airflow/example_dags/example_sla_dag.py
[2024-11-16T07:37:22.571+0000] {processor.py:914} INFO - Processing file /home/airflow/.local/lib/python3.12/site-packages/airflow/example_dags/example_sla_dag.py for tasks to queue
[2024-11-16T07:37:22.572+0000] {logging_mixin.py:190} INFO - [2024-11-16T07:37:22.572+0000] {dagbag.py:588} INFO - Filling up the DagBag from /home/airflow/.local/lib/python3.12/site-packages/airflow/example_dags/example_sla_dag.py
[2024-11-16T07:37:22.580+0000] {processor.py:925} INFO - DAG(s) 'example_sla_dag' retrieved from /home/airflow/.local/lib/python3.12/site-packages/airflow/example_dags/example_sla_dag.py
[2024-11-16T07:37:22.592+0000] {logging_mixin.py:190} INFO - [2024-11-16T07:37:22.592+0000] {dag.py:3239} INFO - Sync 1 DAGs
[2024-11-16T07:37:22.611+0000] {logging_mixin.py:190} INFO - [2024-11-16T07:37:22.611+0000] {dag.py:4180} INFO - Setting next_dagrun for example_sla_dag to 2024-11-16 07:34:00+00:00, run_after=2024-11-16 07:36:00+00:00
[2024-11-16T07:37:22.626+0000] {processor.py:208} INFO - Processing /home/airflow/.local/lib/python3.12/site-packages/airflow/example_dags/example_sla_dag.py took 0.060 seconds
[2024-11-16T07:37:53.561+0000] {processor.py:186} INFO - Started process (PID=1295) to work on /home/airflow/.local/lib/python3.12/site-packages/airflow/example_dags/example_sla_dag.py
[2024-11-16T07:37:53.561+0000] {processor.py:914} INFO - Processing file /home/airflow/.local/lib/python3.12/site-packages/airflow/example_dags/example_sla_dag.py for tasks to queue
[2024-11-16T07:37:53.562+0000] {logging_mixin.py:190} INFO - [2024-11-16T07:37:53.562+0000] {dagbag.py:588} INFO - Filling up the DagBag from /home/airflow/.local/lib/python3.12/site-packages/airflow/example_dags/example_sla_dag.py
[2024-11-16T07:37:53.569+0000] {processor.py:925} INFO - DAG(s) 'example_sla_dag' retrieved from /home/airflow/.local/lib/python3.12/site-packages/airflow/example_dags/example_sla_dag.py
[2024-11-16T07:37:53.583+0000] {logging_mixin.py:190} INFO - [2024-11-16T07:37:53.583+0000] {dag.py:3239} INFO - Sync 1 DAGs
[2024-11-16T07:37:53.602+0000] {logging_mixin.py:190} INFO - [2024-11-16T07:37:53.602+0000] {dag.py:4180} INFO - Setting next_dagrun for example_sla_dag to 2024-11-16 07:34:00+00:00, run_after=2024-11-16 07:36:00+00:00
[2024-11-16T07:37:53.618+0000] {processor.py:208} INFO - Processing /home/airflow/.local/lib/python3.12/site-packages/airflow/example_dags/example_sla_dag.py took 0.062 seconds
[2024-11-16T07:38:24.590+0000] {processor.py:186} INFO - Started process (PID=1362) to work on /home/airflow/.local/lib/python3.12/site-packages/airflow/example_dags/example_sla_dag.py
[2024-11-16T07:38:24.591+0000] {processor.py:914} INFO - Processing file /home/airflow/.local/lib/python3.12/site-packages/airflow/example_dags/example_sla_dag.py for tasks to queue
[2024-11-16T07:38:24.592+0000] {logging_mixin.py:190} INFO - [2024-11-16T07:38:24.592+0000] {dagbag.py:588} INFO - Filling up the DagBag from /home/airflow/.local/lib/python3.12/site-packages/airflow/example_dags/example_sla_dag.py
[2024-11-16T07:38:24.603+0000] {processor.py:925} INFO - DAG(s) 'example_sla_dag' retrieved from /home/airflow/.local/lib/python3.12/site-packages/airflow/example_dags/example_sla_dag.py
[2024-11-16T07:38:24.630+0000] {logging_mixin.py:190} INFO - [2024-11-16T07:38:24.630+0000] {dag.py:3239} INFO - Sync 1 DAGs
[2024-11-16T07:38:24.660+0000] {logging_mixin.py:190} INFO - [2024-11-16T07:38:24.659+0000] {dag.py:4180} INFO - Setting next_dagrun for example_sla_dag to 2024-11-16 07:36:00+00:00, run_after=2024-11-16 07:38:00+00:00
[2024-11-16T07:38:24.683+0000] {processor.py:208} INFO - Processing /home/airflow/.local/lib/python3.12/site-packages/airflow/example_dags/example_sla_dag.py took 0.099 seconds
[2024-11-16T07:38:55.378+0000] {processor.py:186} INFO - Started process (PID=1429) to work on /home/airflow/.local/lib/python3.12/site-packages/airflow/example_dags/example_sla_dag.py
[2024-11-16T07:38:55.378+0000] {processor.py:914} INFO - Processing file /home/airflow/.local/lib/python3.12/site-packages/airflow/example_dags/example_sla_dag.py for tasks to queue
[2024-11-16T07:38:55.379+0000] {logging_mixin.py:190} INFO - [2024-11-16T07:38:55.379+0000] {dagbag.py:588} INFO - Filling up the DagBag from /home/airflow/.local/lib/python3.12/site-packages/airflow/example_dags/example_sla_dag.py
[2024-11-16T07:38:55.386+0000] {processor.py:925} INFO - DAG(s) 'example_sla_dag' retrieved from /home/airflow/.local/lib/python3.12/site-packages/airflow/example_dags/example_sla_dag.py
[2024-11-16T07:38:55.401+0000] {logging_mixin.py:190} INFO - [2024-11-16T07:38:55.401+0000] {dag.py:3239} INFO - Sync 1 DAGs
[2024-11-16T07:38:55.425+0000] {logging_mixin.py:190} INFO - [2024-11-16T07:38:55.425+0000] {dag.py:4180} INFO - Setting next_dagrun for example_sla_dag to 2024-11-16 07:36:00+00:00, run_after=2024-11-16 07:38:00+00:00
[2024-11-16T07:38:55.440+0000] {processor.py:208} INFO - Processing /home/airflow/.local/lib/python3.12/site-packages/airflow/example_dags/example_sla_dag.py took 0.066 seconds
[2024-11-16T07:39:25.674+0000] {processor.py:186} INFO - Started process (PID=1496) to work on /home/airflow/.local/lib/python3.12/site-packages/airflow/example_dags/example_sla_dag.py
[2024-11-16T07:39:25.675+0000] {processor.py:914} INFO - Processing file /home/airflow/.local/lib/python3.12/site-packages/airflow/example_dags/example_sla_dag.py for tasks to queue
[2024-11-16T07:39:25.676+0000] {logging_mixin.py:190} INFO - [2024-11-16T07:39:25.675+0000] {dagbag.py:588} INFO - Filling up the DagBag from /home/airflow/.local/lib/python3.12/site-packages/airflow/example_dags/example_sla_dag.py
[2024-11-16T07:39:25.682+0000] {processor.py:925} INFO - DAG(s) 'example_sla_dag' retrieved from /home/airflow/.local/lib/python3.12/site-packages/airflow/example_dags/example_sla_dag.py
[2024-11-16T07:39:25.694+0000] {logging_mixin.py:190} INFO - [2024-11-16T07:39:25.694+0000] {dag.py:3239} INFO - Sync 1 DAGs
[2024-11-16T07:39:25.713+0000] {logging_mixin.py:190} INFO - [2024-11-16T07:39:25.712+0000] {dag.py:4180} INFO - Setting next_dagrun for example_sla_dag to 2024-11-16 07:36:00+00:00, run_after=2024-11-16 07:38:00+00:00
[2024-11-16T07:39:25.727+0000] {processor.py:208} INFO - Processing /home/airflow/.local/lib/python3.12/site-packages/airflow/example_dags/example_sla_dag.py took 0.057 seconds
[2024-11-16T07:39:56.252+0000] {processor.py:186} INFO - Started process (PID=1563) to work on /home/airflow/.local/lib/python3.12/site-packages/airflow/example_dags/example_sla_dag.py
[2024-11-16T07:39:56.253+0000] {processor.py:914} INFO - Processing file /home/airflow/.local/lib/python3.12/site-packages/airflow/example_dags/example_sla_dag.py for tasks to queue
[2024-11-16T07:39:56.253+0000] {logging_mixin.py:190} INFO - [2024-11-16T07:39:56.253+0000] {dagbag.py:588} INFO - Filling up the DagBag from /home/airflow/.local/lib/python3.12/site-packages/airflow/example_dags/example_sla_dag.py
[2024-11-16T07:39:56.261+0000] {processor.py:925} INFO - DAG(s) 'example_sla_dag' retrieved from /home/airflow/.local/lib/python3.12/site-packages/airflow/example_dags/example_sla_dag.py
[2024-11-16T07:39:56.277+0000] {logging_mixin.py:190} INFO - [2024-11-16T07:39:56.277+0000] {dag.py:3239} INFO - Sync 1 DAGs
[2024-11-16T07:39:56.301+0000] {logging_mixin.py:190} INFO - [2024-11-16T07:39:56.301+0000] {dag.py:4180} INFO - Setting next_dagrun for example_sla_dag to 2024-11-16 07:36:00+00:00, run_after=2024-11-16 07:38:00+00:00
[2024-11-16T07:39:56.315+0000] {processor.py:208} INFO - Processing /home/airflow/.local/lib/python3.12/site-packages/airflow/example_dags/example_sla_dag.py took 0.068 seconds
