[2024-11-16T04:35:37.932+0000] {processor.py:186} INFO - Started process (PID=118) to work on /home/airflow/.local/lib/python3.12/site-packages/airflow/example_dags/example_trigger_target_dag.py
[2024-11-16T04:35:37.937+0000] {processor.py:914} INFO - Processing file /home/airflow/.local/lib/python3.12/site-packages/airflow/example_dags/example_trigger_target_dag.py for tasks to queue
[2024-11-16T04:35:37.945+0000] {logging_mixin.py:190} INFO - [2024-11-16T04:35:37.945+0000] {dagbag.py:588} INFO - Filling up the DagBag from /home/airflow/.local/lib/python3.12/site-packages/airflow/example_dags/example_trigger_target_dag.py
[2024-11-16T04:35:37.978+0000] {processor.py:925} INFO - DAG(s) 'example_trigger_target_dag' retrieved from /home/airflow/.local/lib/python3.12/site-packages/airflow/example_dags/example_trigger_target_dag.py
[2024-11-16T04:35:38.036+0000] {logging_mixin.py:190} INFO - [2024-11-16T04:35:38.035+0000] {dag.py:3239} INFO - Sync 1 DAGs
[2024-11-16T04:35:38.075+0000] {logging_mixin.py:190} INFO - [2024-11-16T04:35:38.075+0000] {dag.py:4180} INFO - Setting next_dagrun for example_trigger_target_dag to None, run_after=None
[2024-11-16T04:35:38.111+0000] {processor.py:208} INFO - Processing /home/airflow/.local/lib/python3.12/site-packages/airflow/example_dags/example_trigger_target_dag.py took 0.206 seconds
[2024-11-16T04:54:29.099+0000] {processor.py:186} INFO - Started process (PID=110) to work on /home/airflow/.local/lib/python3.12/site-packages/airflow/example_dags/example_trigger_target_dag.py
[2024-11-16T04:54:29.100+0000] {processor.py:914} INFO - Processing file /home/airflow/.local/lib/python3.12/site-packages/airflow/example_dags/example_trigger_target_dag.py for tasks to queue
[2024-11-16T04:54:29.103+0000] {logging_mixin.py:190} INFO - [2024-11-16T04:54:29.102+0000] {dagbag.py:588} INFO - Filling up the DagBag from /home/airflow/.local/lib/python3.12/site-packages/airflow/example_dags/example_trigger_target_dag.py
[2024-11-16T04:54:29.113+0000] {processor.py:925} INFO - DAG(s) 'example_trigger_target_dag' retrieved from /home/airflow/.local/lib/python3.12/site-packages/airflow/example_dags/example_trigger_target_dag.py
[2024-11-16T04:54:29.228+0000] {logging_mixin.py:190} INFO - [2024-11-16T04:54:29.227+0000] {dag.py:3239} INFO - Sync 1 DAGs
[2024-11-16T04:54:29.242+0000] {logging_mixin.py:190} INFO - [2024-11-16T04:54:29.242+0000] {dag.py:4180} INFO - Setting next_dagrun for example_trigger_target_dag to None, run_after=None
[2024-11-16T04:54:29.262+0000] {processor.py:208} INFO - Processing /home/airflow/.local/lib/python3.12/site-packages/airflow/example_dags/example_trigger_target_dag.py took 0.167 seconds
[2024-11-16T04:55:01.201+0000] {processor.py:186} INFO - Started process (PID=182) to work on /home/airflow/.local/lib/python3.12/site-packages/airflow/example_dags/example_trigger_target_dag.py
[2024-11-16T04:55:01.201+0000] {processor.py:914} INFO - Processing file /home/airflow/.local/lib/python3.12/site-packages/airflow/example_dags/example_trigger_target_dag.py for tasks to queue
[2024-11-16T04:55:01.204+0000] {logging_mixin.py:190} INFO - [2024-11-16T04:55:01.203+0000] {dagbag.py:588} INFO - Filling up the DagBag from /home/airflow/.local/lib/python3.12/site-packages/airflow/example_dags/example_trigger_target_dag.py
[2024-11-16T04:55:01.212+0000] {processor.py:925} INFO - DAG(s) 'example_trigger_target_dag' retrieved from /home/airflow/.local/lib/python3.12/site-packages/airflow/example_dags/example_trigger_target_dag.py
[2024-11-16T04:55:01.232+0000] {logging_mixin.py:190} INFO - [2024-11-16T04:55:01.232+0000] {dag.py:3239} INFO - Sync 1 DAGs
[2024-11-16T04:55:01.253+0000] {logging_mixin.py:190} INFO - [2024-11-16T04:55:01.252+0000] {dag.py:4180} INFO - Setting next_dagrun for example_trigger_target_dag to None, run_after=None
[2024-11-16T04:55:01.280+0000] {processor.py:208} INFO - Processing /home/airflow/.local/lib/python3.12/site-packages/airflow/example_dags/example_trigger_target_dag.py took 0.084 seconds
[2024-11-16T04:57:55.396+0000] {processor.py:186} INFO - Started process (PID=260) to work on /home/airflow/.local/lib/python3.12/site-packages/airflow/example_dags/example_trigger_target_dag.py
[2024-11-16T04:57:55.397+0000] {processor.py:914} INFO - Processing file /home/airflow/.local/lib/python3.12/site-packages/airflow/example_dags/example_trigger_target_dag.py for tasks to queue
[2024-11-16T04:57:55.398+0000] {logging_mixin.py:190} INFO - [2024-11-16T04:57:55.398+0000] {dagbag.py:588} INFO - Filling up the DagBag from /home/airflow/.local/lib/python3.12/site-packages/airflow/example_dags/example_trigger_target_dag.py
[2024-11-16T04:57:55.410+0000] {processor.py:925} INFO - DAG(s) 'example_trigger_target_dag' retrieved from /home/airflow/.local/lib/python3.12/site-packages/airflow/example_dags/example_trigger_target_dag.py
[2024-11-16T04:57:55.440+0000] {logging_mixin.py:190} INFO - [2024-11-16T04:57:55.439+0000] {dag.py:3239} INFO - Sync 1 DAGs
[2024-11-16T04:57:55.462+0000] {logging_mixin.py:190} INFO - [2024-11-16T04:57:55.461+0000] {dag.py:4180} INFO - Setting next_dagrun for example_trigger_target_dag to None, run_after=None
[2024-11-16T04:57:55.489+0000] {processor.py:208} INFO - Processing /home/airflow/.local/lib/python3.12/site-packages/airflow/example_dags/example_trigger_target_dag.py took 0.102 seconds
[2024-11-16T04:59:28.387+0000] {processor.py:186} INFO - Started process (PID=92) to work on /home/airflow/.local/lib/python3.12/site-packages/airflow/example_dags/example_trigger_target_dag.py
[2024-11-16T04:59:28.388+0000] {processor.py:914} INFO - Processing file /home/airflow/.local/lib/python3.12/site-packages/airflow/example_dags/example_trigger_target_dag.py for tasks to queue
[2024-11-16T04:59:28.390+0000] {logging_mixin.py:190} INFO - [2024-11-16T04:59:28.389+0000] {dagbag.py:588} INFO - Filling up the DagBag from /home/airflow/.local/lib/python3.12/site-packages/airflow/example_dags/example_trigger_target_dag.py
[2024-11-16T04:59:28.395+0000] {processor.py:925} INFO - DAG(s) 'example_trigger_target_dag' retrieved from /home/airflow/.local/lib/python3.12/site-packages/airflow/example_dags/example_trigger_target_dag.py
[2024-11-16T04:59:28.407+0000] {logging_mixin.py:190} INFO - [2024-11-16T04:59:28.407+0000] {dag.py:3239} INFO - Sync 1 DAGs
[2024-11-16T04:59:28.417+0000] {logging_mixin.py:190} INFO - [2024-11-16T04:59:28.417+0000] {dag.py:4180} INFO - Setting next_dagrun for example_trigger_target_dag to None, run_after=None
[2024-11-16T04:59:28.431+0000] {processor.py:208} INFO - Processing /home/airflow/.local/lib/python3.12/site-packages/airflow/example_dags/example_trigger_target_dag.py took 0.047 seconds
[2024-11-16T04:59:58.857+0000] {processor.py:186} INFO - Started process (PID=160) to work on /home/airflow/.local/lib/python3.12/site-packages/airflow/example_dags/example_trigger_target_dag.py
[2024-11-16T04:59:58.858+0000] {processor.py:914} INFO - Processing file /home/airflow/.local/lib/python3.12/site-packages/airflow/example_dags/example_trigger_target_dag.py for tasks to queue
[2024-11-16T04:59:58.859+0000] {logging_mixin.py:190} INFO - [2024-11-16T04:59:58.859+0000] {dagbag.py:588} INFO - Filling up the DagBag from /home/airflow/.local/lib/python3.12/site-packages/airflow/example_dags/example_trigger_target_dag.py
[2024-11-16T04:59:58.865+0000] {processor.py:925} INFO - DAG(s) 'example_trigger_target_dag' retrieved from /home/airflow/.local/lib/python3.12/site-packages/airflow/example_dags/example_trigger_target_dag.py
[2024-11-16T04:59:58.878+0000] {logging_mixin.py:190} INFO - [2024-11-16T04:59:58.878+0000] {dag.py:3239} INFO - Sync 1 DAGs
[2024-11-16T04:59:58.888+0000] {logging_mixin.py:190} INFO - [2024-11-16T04:59:58.888+0000] {dag.py:4180} INFO - Setting next_dagrun for example_trigger_target_dag to None, run_after=None
[2024-11-16T04:59:58.904+0000] {processor.py:208} INFO - Processing /home/airflow/.local/lib/python3.12/site-packages/airflow/example_dags/example_trigger_target_dag.py took 0.050 seconds
[2024-11-16T05:00:29.196+0000] {processor.py:186} INFO - Started process (PID=228) to work on /home/airflow/.local/lib/python3.12/site-packages/airflow/example_dags/example_trigger_target_dag.py
[2024-11-16T05:00:29.197+0000] {processor.py:914} INFO - Processing file /home/airflow/.local/lib/python3.12/site-packages/airflow/example_dags/example_trigger_target_dag.py for tasks to queue
[2024-11-16T05:00:29.198+0000] {logging_mixin.py:190} INFO - [2024-11-16T05:00:29.198+0000] {dagbag.py:588} INFO - Filling up the DagBag from /home/airflow/.local/lib/python3.12/site-packages/airflow/example_dags/example_trigger_target_dag.py
[2024-11-16T05:00:29.203+0000] {processor.py:925} INFO - DAG(s) 'example_trigger_target_dag' retrieved from /home/airflow/.local/lib/python3.12/site-packages/airflow/example_dags/example_trigger_target_dag.py
[2024-11-16T05:00:29.216+0000] {logging_mixin.py:190} INFO - [2024-11-16T05:00:29.216+0000] {dag.py:3239} INFO - Sync 1 DAGs
[2024-11-16T05:00:29.225+0000] {logging_mixin.py:190} INFO - [2024-11-16T05:00:29.225+0000] {dag.py:4180} INFO - Setting next_dagrun for example_trigger_target_dag to None, run_after=None
[2024-11-16T05:00:29.240+0000] {processor.py:208} INFO - Processing /home/airflow/.local/lib/python3.12/site-packages/airflow/example_dags/example_trigger_target_dag.py took 0.048 seconds
[2024-11-16T05:01:00.001+0000] {processor.py:186} INFO - Started process (PID=302) to work on /home/airflow/.local/lib/python3.12/site-packages/airflow/example_dags/example_trigger_target_dag.py
[2024-11-16T05:01:00.003+0000] {processor.py:914} INFO - Processing file /home/airflow/.local/lib/python3.12/site-packages/airflow/example_dags/example_trigger_target_dag.py for tasks to queue
[2024-11-16T05:01:00.005+0000] {logging_mixin.py:190} INFO - [2024-11-16T05:01:00.005+0000] {dagbag.py:588} INFO - Filling up the DagBag from /home/airflow/.local/lib/python3.12/site-packages/airflow/example_dags/example_trigger_target_dag.py
[2024-11-16T05:01:00.010+0000] {processor.py:925} INFO - DAG(s) 'example_trigger_target_dag' retrieved from /home/airflow/.local/lib/python3.12/site-packages/airflow/example_dags/example_trigger_target_dag.py
[2024-11-16T05:01:00.026+0000] {logging_mixin.py:190} INFO - [2024-11-16T05:01:00.026+0000] {dag.py:3239} INFO - Sync 1 DAGs
[2024-11-16T05:01:00.036+0000] {logging_mixin.py:190} INFO - [2024-11-16T05:01:00.036+0000] {dag.py:4180} INFO - Setting next_dagrun for example_trigger_target_dag to None, run_after=None
[2024-11-16T05:01:00.059+0000] {processor.py:208} INFO - Processing /home/airflow/.local/lib/python3.12/site-packages/airflow/example_dags/example_trigger_target_dag.py took 0.063 seconds
[2024-11-16T05:01:30.961+0000] {processor.py:186} INFO - Started process (PID=370) to work on /home/airflow/.local/lib/python3.12/site-packages/airflow/example_dags/example_trigger_target_dag.py
[2024-11-16T05:01:30.961+0000] {processor.py:914} INFO - Processing file /home/airflow/.local/lib/python3.12/site-packages/airflow/example_dags/example_trigger_target_dag.py for tasks to queue
[2024-11-16T05:01:30.964+0000] {logging_mixin.py:190} INFO - [2024-11-16T05:01:30.964+0000] {dagbag.py:588} INFO - Filling up the DagBag from /home/airflow/.local/lib/python3.12/site-packages/airflow/example_dags/example_trigger_target_dag.py
[2024-11-16T05:01:30.971+0000] {processor.py:925} INFO - DAG(s) 'example_trigger_target_dag' retrieved from /home/airflow/.local/lib/python3.12/site-packages/airflow/example_dags/example_trigger_target_dag.py
[2024-11-16T05:01:30.988+0000] {logging_mixin.py:190} INFO - [2024-11-16T05:01:30.988+0000] {dag.py:3239} INFO - Sync 1 DAGs
[2024-11-16T05:01:31.001+0000] {logging_mixin.py:190} INFO - [2024-11-16T05:01:31.001+0000] {dag.py:4180} INFO - Setting next_dagrun for example_trigger_target_dag to None, run_after=None
[2024-11-16T05:01:31.030+0000] {processor.py:208} INFO - Processing /home/airflow/.local/lib/python3.12/site-packages/airflow/example_dags/example_trigger_target_dag.py took 0.075 seconds
[2024-11-16T05:02:01.656+0000] {processor.py:186} INFO - Started process (PID=438) to work on /home/airflow/.local/lib/python3.12/site-packages/airflow/example_dags/example_trigger_target_dag.py
[2024-11-16T05:02:01.657+0000] {processor.py:914} INFO - Processing file /home/airflow/.local/lib/python3.12/site-packages/airflow/example_dags/example_trigger_target_dag.py for tasks to queue
[2024-11-16T05:02:01.658+0000] {logging_mixin.py:190} INFO - [2024-11-16T05:02:01.658+0000] {dagbag.py:588} INFO - Filling up the DagBag from /home/airflow/.local/lib/python3.12/site-packages/airflow/example_dags/example_trigger_target_dag.py
[2024-11-16T05:02:01.664+0000] {processor.py:925} INFO - DAG(s) 'example_trigger_target_dag' retrieved from /home/airflow/.local/lib/python3.12/site-packages/airflow/example_dags/example_trigger_target_dag.py
[2024-11-16T05:02:01.677+0000] {logging_mixin.py:190} INFO - [2024-11-16T05:02:01.677+0000] {dag.py:3239} INFO - Sync 1 DAGs
[2024-11-16T05:02:01.686+0000] {logging_mixin.py:190} INFO - [2024-11-16T05:02:01.686+0000] {dag.py:4180} INFO - Setting next_dagrun for example_trigger_target_dag to None, run_after=None
[2024-11-16T05:02:01.702+0000] {processor.py:208} INFO - Processing /home/airflow/.local/lib/python3.12/site-packages/airflow/example_dags/example_trigger_target_dag.py took 0.050 seconds
[2024-11-16T05:02:32.938+0000] {processor.py:186} INFO - Started process (PID=506) to work on /home/airflow/.local/lib/python3.12/site-packages/airflow/example_dags/example_trigger_target_dag.py
[2024-11-16T05:02:32.939+0000] {processor.py:914} INFO - Processing file /home/airflow/.local/lib/python3.12/site-packages/airflow/example_dags/example_trigger_target_dag.py for tasks to queue
[2024-11-16T05:02:32.941+0000] {logging_mixin.py:190} INFO - [2024-11-16T05:02:32.941+0000] {dagbag.py:588} INFO - Filling up the DagBag from /home/airflow/.local/lib/python3.12/site-packages/airflow/example_dags/example_trigger_target_dag.py
[2024-11-16T05:02:32.958+0000] {processor.py:925} INFO - DAG(s) 'example_trigger_target_dag' retrieved from /home/airflow/.local/lib/python3.12/site-packages/airflow/example_dags/example_trigger_target_dag.py
[2024-11-16T05:02:32.986+0000] {logging_mixin.py:190} INFO - [2024-11-16T05:02:32.985+0000] {dag.py:3239} INFO - Sync 1 DAGs
[2024-11-16T05:02:33.003+0000] {logging_mixin.py:190} INFO - [2024-11-16T05:02:33.002+0000] {dag.py:4180} INFO - Setting next_dagrun for example_trigger_target_dag to None, run_after=None
[2024-11-16T05:02:33.039+0000] {processor.py:208} INFO - Processing /home/airflow/.local/lib/python3.12/site-packages/airflow/example_dags/example_trigger_target_dag.py took 0.105 seconds
[2024-11-16T05:03:03.644+0000] {processor.py:186} INFO - Started process (PID=573) to work on /home/airflow/.local/lib/python3.12/site-packages/airflow/example_dags/example_trigger_target_dag.py
[2024-11-16T05:03:03.645+0000] {processor.py:914} INFO - Processing file /home/airflow/.local/lib/python3.12/site-packages/airflow/example_dags/example_trigger_target_dag.py for tasks to queue
[2024-11-16T05:03:03.646+0000] {logging_mixin.py:190} INFO - [2024-11-16T05:03:03.646+0000] {dagbag.py:588} INFO - Filling up the DagBag from /home/airflow/.local/lib/python3.12/site-packages/airflow/example_dags/example_trigger_target_dag.py
[2024-11-16T05:03:03.652+0000] {processor.py:925} INFO - DAG(s) 'example_trigger_target_dag' retrieved from /home/airflow/.local/lib/python3.12/site-packages/airflow/example_dags/example_trigger_target_dag.py
[2024-11-16T05:03:03.665+0000] {logging_mixin.py:190} INFO - [2024-11-16T05:03:03.665+0000] {dag.py:3239} INFO - Sync 1 DAGs
[2024-11-16T05:03:03.675+0000] {logging_mixin.py:190} INFO - [2024-11-16T05:03:03.675+0000] {dag.py:4180} INFO - Setting next_dagrun for example_trigger_target_dag to None, run_after=None
[2024-11-16T05:03:03.690+0000] {processor.py:208} INFO - Processing /home/airflow/.local/lib/python3.12/site-packages/airflow/example_dags/example_trigger_target_dag.py took 0.049 seconds
[2024-11-16T05:03:34.291+0000] {processor.py:186} INFO - Started process (PID=641) to work on /home/airflow/.local/lib/python3.12/site-packages/airflow/example_dags/example_trigger_target_dag.py
[2024-11-16T05:03:34.292+0000] {processor.py:914} INFO - Processing file /home/airflow/.local/lib/python3.12/site-packages/airflow/example_dags/example_trigger_target_dag.py for tasks to queue
[2024-11-16T05:03:34.293+0000] {logging_mixin.py:190} INFO - [2024-11-16T05:03:34.293+0000] {dagbag.py:588} INFO - Filling up the DagBag from /home/airflow/.local/lib/python3.12/site-packages/airflow/example_dags/example_trigger_target_dag.py
[2024-11-16T05:03:34.299+0000] {processor.py:925} INFO - DAG(s) 'example_trigger_target_dag' retrieved from /home/airflow/.local/lib/python3.12/site-packages/airflow/example_dags/example_trigger_target_dag.py
[2024-11-16T05:03:34.315+0000] {logging_mixin.py:190} INFO - [2024-11-16T05:03:34.315+0000] {dag.py:3239} INFO - Sync 1 DAGs
[2024-11-16T05:03:34.327+0000] {logging_mixin.py:190} INFO - [2024-11-16T05:03:34.326+0000] {dag.py:4180} INFO - Setting next_dagrun for example_trigger_target_dag to None, run_after=None
[2024-11-16T05:03:34.346+0000] {processor.py:208} INFO - Processing /home/airflow/.local/lib/python3.12/site-packages/airflow/example_dags/example_trigger_target_dag.py took 0.061 seconds
[2024-11-16T05:04:04.616+0000] {processor.py:186} INFO - Started process (PID=709) to work on /home/airflow/.local/lib/python3.12/site-packages/airflow/example_dags/example_trigger_target_dag.py
[2024-11-16T05:04:04.617+0000] {processor.py:914} INFO - Processing file /home/airflow/.local/lib/python3.12/site-packages/airflow/example_dags/example_trigger_target_dag.py for tasks to queue
[2024-11-16T05:04:04.619+0000] {logging_mixin.py:190} INFO - [2024-11-16T05:04:04.619+0000] {dagbag.py:588} INFO - Filling up the DagBag from /home/airflow/.local/lib/python3.12/site-packages/airflow/example_dags/example_trigger_target_dag.py
[2024-11-16T05:04:04.627+0000] {processor.py:925} INFO - DAG(s) 'example_trigger_target_dag' retrieved from /home/airflow/.local/lib/python3.12/site-packages/airflow/example_dags/example_trigger_target_dag.py
[2024-11-16T05:04:04.642+0000] {logging_mixin.py:190} INFO - [2024-11-16T05:04:04.642+0000] {dag.py:3239} INFO - Sync 1 DAGs
[2024-11-16T05:04:04.651+0000] {logging_mixin.py:190} INFO - [2024-11-16T05:04:04.651+0000] {dag.py:4180} INFO - Setting next_dagrun for example_trigger_target_dag to None, run_after=None
[2024-11-16T05:04:04.673+0000] {processor.py:208} INFO - Processing /home/airflow/.local/lib/python3.12/site-packages/airflow/example_dags/example_trigger_target_dag.py took 0.060 seconds
[2024-11-16T05:04:34.899+0000] {processor.py:186} INFO - Started process (PID=776) to work on /home/airflow/.local/lib/python3.12/site-packages/airflow/example_dags/example_trigger_target_dag.py
[2024-11-16T05:04:34.900+0000] {processor.py:914} INFO - Processing file /home/airflow/.local/lib/python3.12/site-packages/airflow/example_dags/example_trigger_target_dag.py for tasks to queue
[2024-11-16T05:04:34.902+0000] {logging_mixin.py:190} INFO - [2024-11-16T05:04:34.902+0000] {dagbag.py:588} INFO - Filling up the DagBag from /home/airflow/.local/lib/python3.12/site-packages/airflow/example_dags/example_trigger_target_dag.py
[2024-11-16T05:04:34.909+0000] {processor.py:925} INFO - DAG(s) 'example_trigger_target_dag' retrieved from /home/airflow/.local/lib/python3.12/site-packages/airflow/example_dags/example_trigger_target_dag.py
[2024-11-16T05:04:34.924+0000] {logging_mixin.py:190} INFO - [2024-11-16T05:04:34.924+0000] {dag.py:3239} INFO - Sync 1 DAGs
[2024-11-16T05:04:34.935+0000] {logging_mixin.py:190} INFO - [2024-11-16T05:04:34.934+0000] {dag.py:4180} INFO - Setting next_dagrun for example_trigger_target_dag to None, run_after=None
[2024-11-16T05:04:34.952+0000] {processor.py:208} INFO - Processing /home/airflow/.local/lib/python3.12/site-packages/airflow/example_dags/example_trigger_target_dag.py took 0.056 seconds
[2024-11-16T05:05:05.427+0000] {processor.py:186} INFO - Started process (PID=843) to work on /home/airflow/.local/lib/python3.12/site-packages/airflow/example_dags/example_trigger_target_dag.py
[2024-11-16T05:05:05.428+0000] {processor.py:914} INFO - Processing file /home/airflow/.local/lib/python3.12/site-packages/airflow/example_dags/example_trigger_target_dag.py for tasks to queue
[2024-11-16T05:05:05.431+0000] {logging_mixin.py:190} INFO - [2024-11-16T05:05:05.430+0000] {dagbag.py:588} INFO - Filling up the DagBag from /home/airflow/.local/lib/python3.12/site-packages/airflow/example_dags/example_trigger_target_dag.py
[2024-11-16T05:05:05.438+0000] {processor.py:925} INFO - DAG(s) 'example_trigger_target_dag' retrieved from /home/airflow/.local/lib/python3.12/site-packages/airflow/example_dags/example_trigger_target_dag.py
[2024-11-16T05:05:05.459+0000] {logging_mixin.py:190} INFO - [2024-11-16T05:05:05.459+0000] {dag.py:3239} INFO - Sync 1 DAGs
[2024-11-16T05:05:05.475+0000] {logging_mixin.py:190} INFO - [2024-11-16T05:05:05.474+0000] {dag.py:4180} INFO - Setting next_dagrun for example_trigger_target_dag to None, run_after=None
[2024-11-16T05:05:05.498+0000] {processor.py:208} INFO - Processing /home/airflow/.local/lib/python3.12/site-packages/airflow/example_dags/example_trigger_target_dag.py took 0.077 seconds
[2024-11-16T05:05:35.542+0000] {processor.py:186} INFO - Started process (PID=911) to work on /home/airflow/.local/lib/python3.12/site-packages/airflow/example_dags/example_trigger_target_dag.py
[2024-11-16T05:05:35.543+0000] {processor.py:914} INFO - Processing file /home/airflow/.local/lib/python3.12/site-packages/airflow/example_dags/example_trigger_target_dag.py for tasks to queue
[2024-11-16T05:05:35.544+0000] {logging_mixin.py:190} INFO - [2024-11-16T05:05:35.544+0000] {dagbag.py:588} INFO - Filling up the DagBag from /home/airflow/.local/lib/python3.12/site-packages/airflow/example_dags/example_trigger_target_dag.py
[2024-11-16T05:05:35.548+0000] {processor.py:925} INFO - DAG(s) 'example_trigger_target_dag' retrieved from /home/airflow/.local/lib/python3.12/site-packages/airflow/example_dags/example_trigger_target_dag.py
[2024-11-16T05:05:35.561+0000] {logging_mixin.py:190} INFO - [2024-11-16T05:05:35.561+0000] {dag.py:3239} INFO - Sync 1 DAGs
[2024-11-16T05:05:35.569+0000] {logging_mixin.py:190} INFO - [2024-11-16T05:05:35.569+0000] {dag.py:4180} INFO - Setting next_dagrun for example_trigger_target_dag to None, run_after=None
[2024-11-16T05:05:35.584+0000] {processor.py:208} INFO - Processing /home/airflow/.local/lib/python3.12/site-packages/airflow/example_dags/example_trigger_target_dag.py took 0.045 seconds
[2024-11-16T05:06:06.298+0000] {processor.py:186} INFO - Started process (PID=979) to work on /home/airflow/.local/lib/python3.12/site-packages/airflow/example_dags/example_trigger_target_dag.py
[2024-11-16T05:06:06.299+0000] {processor.py:914} INFO - Processing file /home/airflow/.local/lib/python3.12/site-packages/airflow/example_dags/example_trigger_target_dag.py for tasks to queue
[2024-11-16T05:06:06.301+0000] {logging_mixin.py:190} INFO - [2024-11-16T05:06:06.301+0000] {dagbag.py:588} INFO - Filling up the DagBag from /home/airflow/.local/lib/python3.12/site-packages/airflow/example_dags/example_trigger_target_dag.py
[2024-11-16T05:06:06.307+0000] {processor.py:925} INFO - DAG(s) 'example_trigger_target_dag' retrieved from /home/airflow/.local/lib/python3.12/site-packages/airflow/example_dags/example_trigger_target_dag.py
[2024-11-16T05:06:06.320+0000] {logging_mixin.py:190} INFO - [2024-11-16T05:06:06.320+0000] {dag.py:3239} INFO - Sync 1 DAGs
[2024-11-16T05:06:06.331+0000] {logging_mixin.py:190} INFO - [2024-11-16T05:06:06.331+0000] {dag.py:4180} INFO - Setting next_dagrun for example_trigger_target_dag to None, run_after=None
[2024-11-16T05:06:06.351+0000] {processor.py:208} INFO - Processing /home/airflow/.local/lib/python3.12/site-packages/airflow/example_dags/example_trigger_target_dag.py took 0.058 seconds
[2024-11-16T05:06:36.407+0000] {processor.py:186} INFO - Started process (PID=1047) to work on /home/airflow/.local/lib/python3.12/site-packages/airflow/example_dags/example_trigger_target_dag.py
[2024-11-16T05:06:36.408+0000] {processor.py:914} INFO - Processing file /home/airflow/.local/lib/python3.12/site-packages/airflow/example_dags/example_trigger_target_dag.py for tasks to queue
[2024-11-16T05:06:36.409+0000] {logging_mixin.py:190} INFO - [2024-11-16T05:06:36.409+0000] {dagbag.py:588} INFO - Filling up the DagBag from /home/airflow/.local/lib/python3.12/site-packages/airflow/example_dags/example_trigger_target_dag.py
[2024-11-16T05:06:36.415+0000] {processor.py:925} INFO - DAG(s) 'example_trigger_target_dag' retrieved from /home/airflow/.local/lib/python3.12/site-packages/airflow/example_dags/example_trigger_target_dag.py
[2024-11-16T05:06:36.426+0000] {logging_mixin.py:190} INFO - [2024-11-16T05:06:36.426+0000] {dag.py:3239} INFO - Sync 1 DAGs
[2024-11-16T05:06:36.436+0000] {logging_mixin.py:190} INFO - [2024-11-16T05:06:36.435+0000] {dag.py:4180} INFO - Setting next_dagrun for example_trigger_target_dag to None, run_after=None
[2024-11-16T05:06:36.448+0000] {processor.py:208} INFO - Processing /home/airflow/.local/lib/python3.12/site-packages/airflow/example_dags/example_trigger_target_dag.py took 0.045 seconds
[2024-11-16T05:07:07.344+0000] {processor.py:186} INFO - Started process (PID=1115) to work on /home/airflow/.local/lib/python3.12/site-packages/airflow/example_dags/example_trigger_target_dag.py
[2024-11-16T05:07:07.346+0000] {processor.py:914} INFO - Processing file /home/airflow/.local/lib/python3.12/site-packages/airflow/example_dags/example_trigger_target_dag.py for tasks to queue
[2024-11-16T05:07:07.347+0000] {logging_mixin.py:190} INFO - [2024-11-16T05:07:07.347+0000] {dagbag.py:588} INFO - Filling up the DagBag from /home/airflow/.local/lib/python3.12/site-packages/airflow/example_dags/example_trigger_target_dag.py
[2024-11-16T05:07:07.352+0000] {processor.py:925} INFO - DAG(s) 'example_trigger_target_dag' retrieved from /home/airflow/.local/lib/python3.12/site-packages/airflow/example_dags/example_trigger_target_dag.py
[2024-11-16T05:07:07.366+0000] {logging_mixin.py:190} INFO - [2024-11-16T05:07:07.366+0000] {dag.py:3239} INFO - Sync 1 DAGs
[2024-11-16T05:07:07.376+0000] {logging_mixin.py:190} INFO - [2024-11-16T05:07:07.375+0000] {dag.py:4180} INFO - Setting next_dagrun for example_trigger_target_dag to None, run_after=None
[2024-11-16T05:07:07.388+0000] {processor.py:208} INFO - Processing /home/airflow/.local/lib/python3.12/site-packages/airflow/example_dags/example_trigger_target_dag.py took 0.047 seconds
[2024-11-16T05:07:37.897+0000] {processor.py:186} INFO - Started process (PID=1183) to work on /home/airflow/.local/lib/python3.12/site-packages/airflow/example_dags/example_trigger_target_dag.py
[2024-11-16T05:07:37.898+0000] {processor.py:914} INFO - Processing file /home/airflow/.local/lib/python3.12/site-packages/airflow/example_dags/example_trigger_target_dag.py for tasks to queue
[2024-11-16T05:07:37.899+0000] {logging_mixin.py:190} INFO - [2024-11-16T05:07:37.899+0000] {dagbag.py:588} INFO - Filling up the DagBag from /home/airflow/.local/lib/python3.12/site-packages/airflow/example_dags/example_trigger_target_dag.py
[2024-11-16T05:07:37.904+0000] {processor.py:925} INFO - DAG(s) 'example_trigger_target_dag' retrieved from /home/airflow/.local/lib/python3.12/site-packages/airflow/example_dags/example_trigger_target_dag.py
[2024-11-16T05:07:37.917+0000] {logging_mixin.py:190} INFO - [2024-11-16T05:07:37.917+0000] {dag.py:3239} INFO - Sync 1 DAGs
[2024-11-16T05:07:37.927+0000] {logging_mixin.py:190} INFO - [2024-11-16T05:07:37.927+0000] {dag.py:4180} INFO - Setting next_dagrun for example_trigger_target_dag to None, run_after=None
[2024-11-16T05:07:37.941+0000] {processor.py:208} INFO - Processing /home/airflow/.local/lib/python3.12/site-packages/airflow/example_dags/example_trigger_target_dag.py took 0.048 seconds
[2024-11-16T05:08:07.977+0000] {processor.py:186} INFO - Started process (PID=1251) to work on /home/airflow/.local/lib/python3.12/site-packages/airflow/example_dags/example_trigger_target_dag.py
[2024-11-16T05:08:07.978+0000] {processor.py:914} INFO - Processing file /home/airflow/.local/lib/python3.12/site-packages/airflow/example_dags/example_trigger_target_dag.py for tasks to queue
[2024-11-16T05:08:07.979+0000] {logging_mixin.py:190} INFO - [2024-11-16T05:08:07.979+0000] {dagbag.py:588} INFO - Filling up the DagBag from /home/airflow/.local/lib/python3.12/site-packages/airflow/example_dags/example_trigger_target_dag.py
[2024-11-16T05:08:07.984+0000] {processor.py:925} INFO - DAG(s) 'example_trigger_target_dag' retrieved from /home/airflow/.local/lib/python3.12/site-packages/airflow/example_dags/example_trigger_target_dag.py
[2024-11-16T05:08:07.996+0000] {logging_mixin.py:190} INFO - [2024-11-16T05:08:07.996+0000] {dag.py:3239} INFO - Sync 1 DAGs
[2024-11-16T05:08:08.004+0000] {logging_mixin.py:190} INFO - [2024-11-16T05:08:08.004+0000] {dag.py:4180} INFO - Setting next_dagrun for example_trigger_target_dag to None, run_after=None
[2024-11-16T05:08:08.016+0000] {processor.py:208} INFO - Processing /home/airflow/.local/lib/python3.12/site-packages/airflow/example_dags/example_trigger_target_dag.py took 0.042 seconds
[2024-11-16T05:08:38.315+0000] {processor.py:186} INFO - Started process (PID=1319) to work on /home/airflow/.local/lib/python3.12/site-packages/airflow/example_dags/example_trigger_target_dag.py
[2024-11-16T05:08:38.315+0000] {processor.py:914} INFO - Processing file /home/airflow/.local/lib/python3.12/site-packages/airflow/example_dags/example_trigger_target_dag.py for tasks to queue
[2024-11-16T05:08:38.317+0000] {logging_mixin.py:190} INFO - [2024-11-16T05:08:38.317+0000] {dagbag.py:588} INFO - Filling up the DagBag from /home/airflow/.local/lib/python3.12/site-packages/airflow/example_dags/example_trigger_target_dag.py
[2024-11-16T05:08:38.322+0000] {processor.py:925} INFO - DAG(s) 'example_trigger_target_dag' retrieved from /home/airflow/.local/lib/python3.12/site-packages/airflow/example_dags/example_trigger_target_dag.py
[2024-11-16T05:08:38.334+0000] {logging_mixin.py:190} INFO - [2024-11-16T05:08:38.334+0000] {dag.py:3239} INFO - Sync 1 DAGs
[2024-11-16T05:08:38.346+0000] {logging_mixin.py:190} INFO - [2024-11-16T05:08:38.346+0000] {dag.py:4180} INFO - Setting next_dagrun for example_trigger_target_dag to None, run_after=None
[2024-11-16T05:08:38.361+0000] {processor.py:208} INFO - Processing /home/airflow/.local/lib/python3.12/site-packages/airflow/example_dags/example_trigger_target_dag.py took 0.051 seconds
[2024-11-16T05:09:08.549+0000] {processor.py:186} INFO - Started process (PID=1387) to work on /home/airflow/.local/lib/python3.12/site-packages/airflow/example_dags/example_trigger_target_dag.py
[2024-11-16T05:09:08.550+0000] {processor.py:914} INFO - Processing file /home/airflow/.local/lib/python3.12/site-packages/airflow/example_dags/example_trigger_target_dag.py for tasks to queue
[2024-11-16T05:09:08.553+0000] {logging_mixin.py:190} INFO - [2024-11-16T05:09:08.552+0000] {dagbag.py:588} INFO - Filling up the DagBag from /home/airflow/.local/lib/python3.12/site-packages/airflow/example_dags/example_trigger_target_dag.py
[2024-11-16T05:09:08.558+0000] {processor.py:925} INFO - DAG(s) 'example_trigger_target_dag' retrieved from /home/airflow/.local/lib/python3.12/site-packages/airflow/example_dags/example_trigger_target_dag.py
[2024-11-16T05:09:08.575+0000] {logging_mixin.py:190} INFO - [2024-11-16T05:09:08.574+0000] {dag.py:3239} INFO - Sync 1 DAGs
[2024-11-16T05:09:08.584+0000] {logging_mixin.py:190} INFO - [2024-11-16T05:09:08.584+0000] {dag.py:4180} INFO - Setting next_dagrun for example_trigger_target_dag to None, run_after=None
[2024-11-16T05:09:08.599+0000] {processor.py:208} INFO - Processing /home/airflow/.local/lib/python3.12/site-packages/airflow/example_dags/example_trigger_target_dag.py took 0.058 seconds
[2024-11-16T05:09:38.851+0000] {processor.py:186} INFO - Started process (PID=1455) to work on /home/airflow/.local/lib/python3.12/site-packages/airflow/example_dags/example_trigger_target_dag.py
[2024-11-16T05:09:38.853+0000] {processor.py:914} INFO - Processing file /home/airflow/.local/lib/python3.12/site-packages/airflow/example_dags/example_trigger_target_dag.py for tasks to queue
[2024-11-16T05:09:38.854+0000] {logging_mixin.py:190} INFO - [2024-11-16T05:09:38.854+0000] {dagbag.py:588} INFO - Filling up the DagBag from /home/airflow/.local/lib/python3.12/site-packages/airflow/example_dags/example_trigger_target_dag.py
[2024-11-16T05:09:38.859+0000] {processor.py:925} INFO - DAG(s) 'example_trigger_target_dag' retrieved from /home/airflow/.local/lib/python3.12/site-packages/airflow/example_dags/example_trigger_target_dag.py
[2024-11-16T05:09:38.872+0000] {logging_mixin.py:190} INFO - [2024-11-16T05:09:38.872+0000] {dag.py:3239} INFO - Sync 1 DAGs
[2024-11-16T05:09:38.881+0000] {logging_mixin.py:190} INFO - [2024-11-16T05:09:38.880+0000] {dag.py:4180} INFO - Setting next_dagrun for example_trigger_target_dag to None, run_after=None
[2024-11-16T05:09:38.893+0000] {processor.py:208} INFO - Processing /home/airflow/.local/lib/python3.12/site-packages/airflow/example_dags/example_trigger_target_dag.py took 0.045 seconds
[2024-11-16T05:10:09.516+0000] {processor.py:186} INFO - Started process (PID=1523) to work on /home/airflow/.local/lib/python3.12/site-packages/airflow/example_dags/example_trigger_target_dag.py
[2024-11-16T05:10:09.517+0000] {processor.py:914} INFO - Processing file /home/airflow/.local/lib/python3.12/site-packages/airflow/example_dags/example_trigger_target_dag.py for tasks to queue
[2024-11-16T05:10:09.519+0000] {logging_mixin.py:190} INFO - [2024-11-16T05:10:09.518+0000] {dagbag.py:588} INFO - Filling up the DagBag from /home/airflow/.local/lib/python3.12/site-packages/airflow/example_dags/example_trigger_target_dag.py
[2024-11-16T05:10:09.524+0000] {processor.py:925} INFO - DAG(s) 'example_trigger_target_dag' retrieved from /home/airflow/.local/lib/python3.12/site-packages/airflow/example_dags/example_trigger_target_dag.py
[2024-11-16T05:10:09.536+0000] {logging_mixin.py:190} INFO - [2024-11-16T05:10:09.536+0000] {dag.py:3239} INFO - Sync 1 DAGs
[2024-11-16T05:10:09.546+0000] {logging_mixin.py:190} INFO - [2024-11-16T05:10:09.546+0000] {dag.py:4180} INFO - Setting next_dagrun for example_trigger_target_dag to None, run_after=None
[2024-11-16T05:10:09.560+0000] {processor.py:208} INFO - Processing /home/airflow/.local/lib/python3.12/site-packages/airflow/example_dags/example_trigger_target_dag.py took 0.048 seconds
[2024-11-16T05:11:29.160+0000] {processor.py:186} INFO - Started process (PID=112) to work on /home/airflow/.local/lib/python3.12/site-packages/airflow/example_dags/example_trigger_target_dag.py
[2024-11-16T05:11:29.161+0000] {processor.py:914} INFO - Processing file /home/airflow/.local/lib/python3.12/site-packages/airflow/example_dags/example_trigger_target_dag.py for tasks to queue
[2024-11-16T05:11:29.163+0000] {logging_mixin.py:190} INFO - [2024-11-16T05:11:29.162+0000] {dagbag.py:588} INFO - Filling up the DagBag from /home/airflow/.local/lib/python3.12/site-packages/airflow/example_dags/example_trigger_target_dag.py
[2024-11-16T05:11:29.170+0000] {processor.py:925} INFO - DAG(s) 'example_trigger_target_dag' retrieved from /home/airflow/.local/lib/python3.12/site-packages/airflow/example_dags/example_trigger_target_dag.py
[2024-11-16T05:11:29.190+0000] {logging_mixin.py:190} INFO - [2024-11-16T05:11:29.190+0000] {dag.py:3239} INFO - Sync 1 DAGs
[2024-11-16T05:11:29.208+0000] {logging_mixin.py:190} INFO - [2024-11-16T05:11:29.207+0000] {dag.py:4180} INFO - Setting next_dagrun for example_trigger_target_dag to None, run_after=None
[2024-11-16T05:11:29.236+0000] {processor.py:208} INFO - Processing /home/airflow/.local/lib/python3.12/site-packages/airflow/example_dags/example_trigger_target_dag.py took 0.081 seconds
[2024-11-16T05:11:59.695+0000] {processor.py:186} INFO - Started process (PID=180) to work on /home/airflow/.local/lib/python3.12/site-packages/airflow/example_dags/example_trigger_target_dag.py
[2024-11-16T05:11:59.696+0000] {processor.py:914} INFO - Processing file /home/airflow/.local/lib/python3.12/site-packages/airflow/example_dags/example_trigger_target_dag.py for tasks to queue
[2024-11-16T05:11:59.700+0000] {logging_mixin.py:190} INFO - [2024-11-16T05:11:59.698+0000] {dagbag.py:588} INFO - Filling up the DagBag from /home/airflow/.local/lib/python3.12/site-packages/airflow/example_dags/example_trigger_target_dag.py
[2024-11-16T05:11:59.709+0000] {processor.py:925} INFO - DAG(s) 'example_trigger_target_dag' retrieved from /home/airflow/.local/lib/python3.12/site-packages/airflow/example_dags/example_trigger_target_dag.py
[2024-11-16T05:11:59.728+0000] {logging_mixin.py:190} INFO - [2024-11-16T05:11:59.727+0000] {dag.py:3239} INFO - Sync 1 DAGs
[2024-11-16T05:11:59.743+0000] {logging_mixin.py:190} INFO - [2024-11-16T05:11:59.742+0000] {dag.py:4180} INFO - Setting next_dagrun for example_trigger_target_dag to None, run_after=None
[2024-11-16T05:11:59.768+0000] {processor.py:208} INFO - Processing /home/airflow/.local/lib/python3.12/site-packages/airflow/example_dags/example_trigger_target_dag.py took 0.077 seconds
[2024-11-16T05:12:30.826+0000] {processor.py:186} INFO - Started process (PID=248) to work on /home/airflow/.local/lib/python3.12/site-packages/airflow/example_dags/example_trigger_target_dag.py
[2024-11-16T05:12:30.826+0000] {processor.py:914} INFO - Processing file /home/airflow/.local/lib/python3.12/site-packages/airflow/example_dags/example_trigger_target_dag.py for tasks to queue
[2024-11-16T05:12:30.828+0000] {logging_mixin.py:190} INFO - [2024-11-16T05:12:30.828+0000] {dagbag.py:588} INFO - Filling up the DagBag from /home/airflow/.local/lib/python3.12/site-packages/airflow/example_dags/example_trigger_target_dag.py
[2024-11-16T05:12:30.834+0000] {processor.py:925} INFO - DAG(s) 'example_trigger_target_dag' retrieved from /home/airflow/.local/lib/python3.12/site-packages/airflow/example_dags/example_trigger_target_dag.py
[2024-11-16T05:12:30.848+0000] {logging_mixin.py:190} INFO - [2024-11-16T05:12:30.848+0000] {dag.py:3239} INFO - Sync 1 DAGs
[2024-11-16T05:12:30.859+0000] {logging_mixin.py:190} INFO - [2024-11-16T05:12:30.859+0000] {dag.py:4180} INFO - Setting next_dagrun for example_trigger_target_dag to None, run_after=None
[2024-11-16T05:12:30.883+0000] {processor.py:208} INFO - Processing /home/airflow/.local/lib/python3.12/site-packages/airflow/example_dags/example_trigger_target_dag.py took 0.062 seconds
[2024-11-16T05:14:14.343+0000] {processor.py:186} INFO - Started process (PID=102) to work on /home/airflow/.local/lib/python3.12/site-packages/airflow/example_dags/example_trigger_target_dag.py
[2024-11-16T05:14:14.344+0000] {processor.py:914} INFO - Processing file /home/airflow/.local/lib/python3.12/site-packages/airflow/example_dags/example_trigger_target_dag.py for tasks to queue
[2024-11-16T05:14:14.346+0000] {logging_mixin.py:190} INFO - [2024-11-16T05:14:14.346+0000] {dagbag.py:588} INFO - Filling up the DagBag from /home/airflow/.local/lib/python3.12/site-packages/airflow/example_dags/example_trigger_target_dag.py
[2024-11-16T05:14:14.352+0000] {processor.py:925} INFO - DAG(s) 'example_trigger_target_dag' retrieved from /home/airflow/.local/lib/python3.12/site-packages/airflow/example_dags/example_trigger_target_dag.py
[2024-11-16T05:14:14.368+0000] {logging_mixin.py:190} INFO - [2024-11-16T05:14:14.368+0000] {dag.py:3239} INFO - Sync 1 DAGs
[2024-11-16T05:14:14.382+0000] {logging_mixin.py:190} INFO - [2024-11-16T05:14:14.381+0000] {dag.py:4180} INFO - Setting next_dagrun for example_trigger_target_dag to None, run_after=None
[2024-11-16T05:14:14.401+0000] {processor.py:208} INFO - Processing /home/airflow/.local/lib/python3.12/site-packages/airflow/example_dags/example_trigger_target_dag.py took 0.062 seconds
[2024-11-16T05:14:44.800+0000] {processor.py:186} INFO - Started process (PID=170) to work on /home/airflow/.local/lib/python3.12/site-packages/airflow/example_dags/example_trigger_target_dag.py
[2024-11-16T05:14:44.801+0000] {processor.py:914} INFO - Processing file /home/airflow/.local/lib/python3.12/site-packages/airflow/example_dags/example_trigger_target_dag.py for tasks to queue
[2024-11-16T05:14:44.802+0000] {logging_mixin.py:190} INFO - [2024-11-16T05:14:44.802+0000] {dagbag.py:588} INFO - Filling up the DagBag from /home/airflow/.local/lib/python3.12/site-packages/airflow/example_dags/example_trigger_target_dag.py
[2024-11-16T05:14:44.807+0000] {processor.py:925} INFO - DAG(s) 'example_trigger_target_dag' retrieved from /home/airflow/.local/lib/python3.12/site-packages/airflow/example_dags/example_trigger_target_dag.py
[2024-11-16T05:14:44.820+0000] {logging_mixin.py:190} INFO - [2024-11-16T05:14:44.820+0000] {dag.py:3239} INFO - Sync 1 DAGs
[2024-11-16T05:14:44.830+0000] {logging_mixin.py:190} INFO - [2024-11-16T05:14:44.830+0000] {dag.py:4180} INFO - Setting next_dagrun for example_trigger_target_dag to None, run_after=None
[2024-11-16T05:14:44.846+0000] {processor.py:208} INFO - Processing /home/airflow/.local/lib/python3.12/site-packages/airflow/example_dags/example_trigger_target_dag.py took 0.050 seconds
[2024-11-16T05:15:15.629+0000] {processor.py:186} INFO - Started process (PID=239) to work on /home/airflow/.local/lib/python3.12/site-packages/airflow/example_dags/example_trigger_target_dag.py
[2024-11-16T05:15:15.630+0000] {processor.py:914} INFO - Processing file /home/airflow/.local/lib/python3.12/site-packages/airflow/example_dags/example_trigger_target_dag.py for tasks to queue
[2024-11-16T05:15:15.631+0000] {logging_mixin.py:190} INFO - [2024-11-16T05:15:15.631+0000] {dagbag.py:588} INFO - Filling up the DagBag from /home/airflow/.local/lib/python3.12/site-packages/airflow/example_dags/example_trigger_target_dag.py
[2024-11-16T05:15:15.636+0000] {processor.py:925} INFO - DAG(s) 'example_trigger_target_dag' retrieved from /home/airflow/.local/lib/python3.12/site-packages/airflow/example_dags/example_trigger_target_dag.py
[2024-11-16T05:15:15.649+0000] {logging_mixin.py:190} INFO - [2024-11-16T05:15:15.649+0000] {dag.py:3239} INFO - Sync 1 DAGs
[2024-11-16T05:15:15.659+0000] {logging_mixin.py:190} INFO - [2024-11-16T05:15:15.659+0000] {dag.py:4180} INFO - Setting next_dagrun for example_trigger_target_dag to None, run_after=None
[2024-11-16T05:15:15.672+0000] {processor.py:208} INFO - Processing /home/airflow/.local/lib/python3.12/site-packages/airflow/example_dags/example_trigger_target_dag.py took 0.047 seconds
[2024-11-16T05:15:46.979+0000] {processor.py:186} INFO - Started process (PID=307) to work on /home/airflow/.local/lib/python3.12/site-packages/airflow/example_dags/example_trigger_target_dag.py
[2024-11-16T05:15:46.980+0000] {processor.py:914} INFO - Processing file /home/airflow/.local/lib/python3.12/site-packages/airflow/example_dags/example_trigger_target_dag.py for tasks to queue
[2024-11-16T05:15:46.982+0000] {logging_mixin.py:190} INFO - [2024-11-16T05:15:46.982+0000] {dagbag.py:588} INFO - Filling up the DagBag from /home/airflow/.local/lib/python3.12/site-packages/airflow/example_dags/example_trigger_target_dag.py
[2024-11-16T05:15:46.990+0000] {processor.py:925} INFO - DAG(s) 'example_trigger_target_dag' retrieved from /home/airflow/.local/lib/python3.12/site-packages/airflow/example_dags/example_trigger_target_dag.py
[2024-11-16T05:15:47.013+0000] {logging_mixin.py:190} INFO - [2024-11-16T05:15:47.012+0000] {dag.py:3239} INFO - Sync 1 DAGs
[2024-11-16T05:15:47.033+0000] {logging_mixin.py:190} INFO - [2024-11-16T05:15:47.032+0000] {dag.py:4180} INFO - Setting next_dagrun for example_trigger_target_dag to None, run_after=None
[2024-11-16T05:15:47.088+0000] {processor.py:208} INFO - Processing /home/airflow/.local/lib/python3.12/site-packages/airflow/example_dags/example_trigger_target_dag.py took 0.115 seconds
[2024-11-16T05:16:18.457+0000] {processor.py:186} INFO - Started process (PID=376) to work on /home/airflow/.local/lib/python3.12/site-packages/airflow/example_dags/example_trigger_target_dag.py
[2024-11-16T05:16:18.467+0000] {processor.py:914} INFO - Processing file /home/airflow/.local/lib/python3.12/site-packages/airflow/example_dags/example_trigger_target_dag.py for tasks to queue
[2024-11-16T05:16:18.470+0000] {logging_mixin.py:190} INFO - [2024-11-16T05:16:18.469+0000] {dagbag.py:588} INFO - Filling up the DagBag from /home/airflow/.local/lib/python3.12/site-packages/airflow/example_dags/example_trigger_target_dag.py
[2024-11-16T05:16:18.482+0000] {processor.py:925} INFO - DAG(s) 'example_trigger_target_dag' retrieved from /home/airflow/.local/lib/python3.12/site-packages/airflow/example_dags/example_trigger_target_dag.py
[2024-11-16T05:16:18.563+0000] {logging_mixin.py:190} INFO - [2024-11-16T05:16:18.562+0000] {dag.py:3239} INFO - Sync 1 DAGs
[2024-11-16T05:16:18.584+0000] {logging_mixin.py:190} INFO - [2024-11-16T05:16:18.583+0000] {dag.py:4180} INFO - Setting next_dagrun for example_trigger_target_dag to None, run_after=None
[2024-11-16T05:16:18.625+0000] {processor.py:208} INFO - Processing /home/airflow/.local/lib/python3.12/site-packages/airflow/example_dags/example_trigger_target_dag.py took 0.176 seconds
[2024-11-16T05:16:49.740+0000] {processor.py:186} INFO - Started process (PID=444) to work on /home/airflow/.local/lib/python3.12/site-packages/airflow/example_dags/example_trigger_target_dag.py
[2024-11-16T05:16:49.741+0000] {processor.py:914} INFO - Processing file /home/airflow/.local/lib/python3.12/site-packages/airflow/example_dags/example_trigger_target_dag.py for tasks to queue
[2024-11-16T05:16:49.743+0000] {logging_mixin.py:190} INFO - [2024-11-16T05:16:49.743+0000] {dagbag.py:588} INFO - Filling up the DagBag from /home/airflow/.local/lib/python3.12/site-packages/airflow/example_dags/example_trigger_target_dag.py
[2024-11-16T05:16:49.751+0000] {processor.py:925} INFO - DAG(s) 'example_trigger_target_dag' retrieved from /home/airflow/.local/lib/python3.12/site-packages/airflow/example_dags/example_trigger_target_dag.py
[2024-11-16T05:16:49.772+0000] {logging_mixin.py:190} INFO - [2024-11-16T05:16:49.772+0000] {dag.py:3239} INFO - Sync 1 DAGs
[2024-11-16T05:16:49.791+0000] {logging_mixin.py:190} INFO - [2024-11-16T05:16:49.790+0000] {dag.py:4180} INFO - Setting next_dagrun for example_trigger_target_dag to None, run_after=None
[2024-11-16T05:16:49.822+0000] {processor.py:208} INFO - Processing /home/airflow/.local/lib/python3.12/site-packages/airflow/example_dags/example_trigger_target_dag.py took 0.089 seconds
[2024-11-16T05:17:35.471+0000] {processor.py:186} INFO - Started process (PID=512) to work on /home/airflow/.local/lib/python3.12/site-packages/airflow/example_dags/example_trigger_target_dag.py
[2024-11-16T05:17:35.472+0000] {processor.py:914} INFO - Processing file /home/airflow/.local/lib/python3.12/site-packages/airflow/example_dags/example_trigger_target_dag.py for tasks to queue
[2024-11-16T05:17:35.474+0000] {logging_mixin.py:190} INFO - [2024-11-16T05:17:35.474+0000] {dagbag.py:588} INFO - Filling up the DagBag from /home/airflow/.local/lib/python3.12/site-packages/airflow/example_dags/example_trigger_target_dag.py
[2024-11-16T05:17:35.480+0000] {processor.py:925} INFO - DAG(s) 'example_trigger_target_dag' retrieved from /home/airflow/.local/lib/python3.12/site-packages/airflow/example_dags/example_trigger_target_dag.py
[2024-11-16T05:17:35.496+0000] {logging_mixin.py:190} INFO - [2024-11-16T05:17:35.496+0000] {dag.py:3239} INFO - Sync 1 DAGs
[2024-11-16T05:17:35.509+0000] {logging_mixin.py:190} INFO - [2024-11-16T05:17:35.509+0000] {dag.py:4180} INFO - Setting next_dagrun for example_trigger_target_dag to None, run_after=None
[2024-11-16T05:17:35.530+0000] {processor.py:208} INFO - Processing /home/airflow/.local/lib/python3.12/site-packages/airflow/example_dags/example_trigger_target_dag.py took 0.064 seconds
[2024-11-16T05:18:06.904+0000] {processor.py:186} INFO - Started process (PID=580) to work on /home/airflow/.local/lib/python3.12/site-packages/airflow/example_dags/example_trigger_target_dag.py
[2024-11-16T05:18:06.905+0000] {processor.py:914} INFO - Processing file /home/airflow/.local/lib/python3.12/site-packages/airflow/example_dags/example_trigger_target_dag.py for tasks to queue
[2024-11-16T05:18:06.907+0000] {logging_mixin.py:190} INFO - [2024-11-16T05:18:06.906+0000] {dagbag.py:588} INFO - Filling up the DagBag from /home/airflow/.local/lib/python3.12/site-packages/airflow/example_dags/example_trigger_target_dag.py
[2024-11-16T05:18:06.915+0000] {processor.py:925} INFO - DAG(s) 'example_trigger_target_dag' retrieved from /home/airflow/.local/lib/python3.12/site-packages/airflow/example_dags/example_trigger_target_dag.py
[2024-11-16T05:18:06.937+0000] {logging_mixin.py:190} INFO - [2024-11-16T05:18:06.937+0000] {dag.py:3239} INFO - Sync 1 DAGs
[2024-11-16T05:18:06.953+0000] {logging_mixin.py:190} INFO - [2024-11-16T05:18:06.953+0000] {dag.py:4180} INFO - Setting next_dagrun for example_trigger_target_dag to None, run_after=None
[2024-11-16T05:18:06.982+0000] {processor.py:208} INFO - Processing /home/airflow/.local/lib/python3.12/site-packages/airflow/example_dags/example_trigger_target_dag.py took 0.084 seconds
[2024-11-16T05:18:37.761+0000] {processor.py:186} INFO - Started process (PID=648) to work on /home/airflow/.local/lib/python3.12/site-packages/airflow/example_dags/example_trigger_target_dag.py
[2024-11-16T05:18:37.762+0000] {processor.py:914} INFO - Processing file /home/airflow/.local/lib/python3.12/site-packages/airflow/example_dags/example_trigger_target_dag.py for tasks to queue
[2024-11-16T05:18:37.765+0000] {logging_mixin.py:190} INFO - [2024-11-16T05:18:37.765+0000] {dagbag.py:588} INFO - Filling up the DagBag from /home/airflow/.local/lib/python3.12/site-packages/airflow/example_dags/example_trigger_target_dag.py
[2024-11-16T05:18:37.772+0000] {processor.py:925} INFO - DAG(s) 'example_trigger_target_dag' retrieved from /home/airflow/.local/lib/python3.12/site-packages/airflow/example_dags/example_trigger_target_dag.py
[2024-11-16T05:18:37.789+0000] {logging_mixin.py:190} INFO - [2024-11-16T05:18:37.789+0000] {dag.py:3239} INFO - Sync 1 DAGs
[2024-11-16T05:18:37.800+0000] {logging_mixin.py:190} INFO - [2024-11-16T05:18:37.800+0000] {dag.py:4180} INFO - Setting next_dagrun for example_trigger_target_dag to None, run_after=None
[2024-11-16T05:18:37.816+0000] {processor.py:208} INFO - Processing /home/airflow/.local/lib/python3.12/site-packages/airflow/example_dags/example_trigger_target_dag.py took 0.059 seconds
[2024-11-16T05:20:43.831+0000] {processor.py:186} INFO - Started process (PID=97) to work on /home/airflow/.local/lib/python3.12/site-packages/airflow/example_dags/example_trigger_target_dag.py
[2024-11-16T05:20:43.832+0000] {processor.py:914} INFO - Processing file /home/airflow/.local/lib/python3.12/site-packages/airflow/example_dags/example_trigger_target_dag.py for tasks to queue
[2024-11-16T05:20:43.840+0000] {logging_mixin.py:190} INFO - [2024-11-16T05:20:43.839+0000] {dagbag.py:588} INFO - Filling up the DagBag from /home/airflow/.local/lib/python3.12/site-packages/airflow/example_dags/example_trigger_target_dag.py
[2024-11-16T05:20:43.855+0000] {processor.py:925} INFO - DAG(s) 'example_trigger_target_dag' retrieved from /home/airflow/.local/lib/python3.12/site-packages/airflow/example_dags/example_trigger_target_dag.py
[2024-11-16T05:20:43.886+0000] {logging_mixin.py:190} INFO - [2024-11-16T05:20:43.886+0000] {dag.py:3239} INFO - Sync 1 DAGs
[2024-11-16T05:20:43.907+0000] {logging_mixin.py:190} INFO - [2024-11-16T05:20:43.907+0000] {dag.py:4180} INFO - Setting next_dagrun for example_trigger_target_dag to None, run_after=None
[2024-11-16T05:20:43.927+0000] {processor.py:208} INFO - Processing /home/airflow/.local/lib/python3.12/site-packages/airflow/example_dags/example_trigger_target_dag.py took 0.104 seconds
[2024-11-16T05:21:14.315+0000] {processor.py:186} INFO - Started process (PID=165) to work on /home/airflow/.local/lib/python3.12/site-packages/airflow/example_dags/example_trigger_target_dag.py
[2024-11-16T05:21:14.316+0000] {processor.py:914} INFO - Processing file /home/airflow/.local/lib/python3.12/site-packages/airflow/example_dags/example_trigger_target_dag.py for tasks to queue
[2024-11-16T05:21:14.318+0000] {logging_mixin.py:190} INFO - [2024-11-16T05:21:14.317+0000] {dagbag.py:588} INFO - Filling up the DagBag from /home/airflow/.local/lib/python3.12/site-packages/airflow/example_dags/example_trigger_target_dag.py
[2024-11-16T05:21:14.326+0000] {processor.py:925} INFO - DAG(s) 'example_trigger_target_dag' retrieved from /home/airflow/.local/lib/python3.12/site-packages/airflow/example_dags/example_trigger_target_dag.py
[2024-11-16T05:21:14.343+0000] {logging_mixin.py:190} INFO - [2024-11-16T05:21:14.343+0000] {dag.py:3239} INFO - Sync 1 DAGs
[2024-11-16T05:21:14.357+0000] {logging_mixin.py:190} INFO - [2024-11-16T05:21:14.356+0000] {dag.py:4180} INFO - Setting next_dagrun for example_trigger_target_dag to None, run_after=None
[2024-11-16T05:21:14.373+0000] {processor.py:208} INFO - Processing /home/airflow/.local/lib/python3.12/site-packages/airflow/example_dags/example_trigger_target_dag.py took 0.063 seconds
[2024-11-16T05:21:45.218+0000] {processor.py:186} INFO - Started process (PID=233) to work on /home/airflow/.local/lib/python3.12/site-packages/airflow/example_dags/example_trigger_target_dag.py
[2024-11-16T05:21:45.219+0000] {processor.py:914} INFO - Processing file /home/airflow/.local/lib/python3.12/site-packages/airflow/example_dags/example_trigger_target_dag.py for tasks to queue
[2024-11-16T05:21:45.220+0000] {logging_mixin.py:190} INFO - [2024-11-16T05:21:45.220+0000] {dagbag.py:588} INFO - Filling up the DagBag from /home/airflow/.local/lib/python3.12/site-packages/airflow/example_dags/example_trigger_target_dag.py
[2024-11-16T05:21:45.225+0000] {processor.py:925} INFO - DAG(s) 'example_trigger_target_dag' retrieved from /home/airflow/.local/lib/python3.12/site-packages/airflow/example_dags/example_trigger_target_dag.py
[2024-11-16T05:21:45.239+0000] {logging_mixin.py:190} INFO - [2024-11-16T05:21:45.238+0000] {dag.py:3239} INFO - Sync 1 DAGs
[2024-11-16T05:21:45.248+0000] {logging_mixin.py:190} INFO - [2024-11-16T05:21:45.247+0000] {dag.py:4180} INFO - Setting next_dagrun for example_trigger_target_dag to None, run_after=None
[2024-11-16T05:21:45.261+0000] {processor.py:208} INFO - Processing /home/airflow/.local/lib/python3.12/site-packages/airflow/example_dags/example_trigger_target_dag.py took 0.047 seconds
[2024-11-16T05:22:16.000+0000] {processor.py:186} INFO - Started process (PID=301) to work on /home/airflow/.local/lib/python3.12/site-packages/airflow/example_dags/example_trigger_target_dag.py
[2024-11-16T05:22:16.000+0000] {processor.py:914} INFO - Processing file /home/airflow/.local/lib/python3.12/site-packages/airflow/example_dags/example_trigger_target_dag.py for tasks to queue
[2024-11-16T05:22:16.002+0000] {logging_mixin.py:190} INFO - [2024-11-16T05:22:16.002+0000] {dagbag.py:588} INFO - Filling up the DagBag from /home/airflow/.local/lib/python3.12/site-packages/airflow/example_dags/example_trigger_target_dag.py
[2024-11-16T05:22:16.008+0000] {processor.py:925} INFO - DAG(s) 'example_trigger_target_dag' retrieved from /home/airflow/.local/lib/python3.12/site-packages/airflow/example_dags/example_trigger_target_dag.py
[2024-11-16T05:22:16.021+0000] {logging_mixin.py:190} INFO - [2024-11-16T05:22:16.021+0000] {dag.py:3239} INFO - Sync 1 DAGs
[2024-11-16T05:22:16.032+0000] {logging_mixin.py:190} INFO - [2024-11-16T05:22:16.032+0000] {dag.py:4180} INFO - Setting next_dagrun for example_trigger_target_dag to None, run_after=None
[2024-11-16T05:22:16.047+0000] {processor.py:208} INFO - Processing /home/airflow/.local/lib/python3.12/site-packages/airflow/example_dags/example_trigger_target_dag.py took 0.051 seconds
[2024-11-16T05:22:47.178+0000] {processor.py:186} INFO - Started process (PID=369) to work on /home/airflow/.local/lib/python3.12/site-packages/airflow/example_dags/example_trigger_target_dag.py
[2024-11-16T05:22:47.179+0000] {processor.py:914} INFO - Processing file /home/airflow/.local/lib/python3.12/site-packages/airflow/example_dags/example_trigger_target_dag.py for tasks to queue
[2024-11-16T05:22:47.182+0000] {logging_mixin.py:190} INFO - [2024-11-16T05:22:47.181+0000] {dagbag.py:588} INFO - Filling up the DagBag from /home/airflow/.local/lib/python3.12/site-packages/airflow/example_dags/example_trigger_target_dag.py
[2024-11-16T05:22:47.189+0000] {processor.py:925} INFO - DAG(s) 'example_trigger_target_dag' retrieved from /home/airflow/.local/lib/python3.12/site-packages/airflow/example_dags/example_trigger_target_dag.py
[2024-11-16T05:22:47.210+0000] {logging_mixin.py:190} INFO - [2024-11-16T05:22:47.209+0000] {dag.py:3239} INFO - Sync 1 DAGs
[2024-11-16T05:22:47.224+0000] {logging_mixin.py:190} INFO - [2024-11-16T05:22:47.224+0000] {dag.py:4180} INFO - Setting next_dagrun for example_trigger_target_dag to None, run_after=None
[2024-11-16T05:22:47.247+0000] {processor.py:208} INFO - Processing /home/airflow/.local/lib/python3.12/site-packages/airflow/example_dags/example_trigger_target_dag.py took 0.075 seconds
[2024-11-16T05:23:17.319+0000] {processor.py:186} INFO - Started process (PID=436) to work on /home/airflow/.local/lib/python3.12/site-packages/airflow/example_dags/example_trigger_target_dag.py
[2024-11-16T05:23:17.320+0000] {processor.py:914} INFO - Processing file /home/airflow/.local/lib/python3.12/site-packages/airflow/example_dags/example_trigger_target_dag.py for tasks to queue
[2024-11-16T05:23:17.321+0000] {logging_mixin.py:190} INFO - [2024-11-16T05:23:17.321+0000] {dagbag.py:588} INFO - Filling up the DagBag from /home/airflow/.local/lib/python3.12/site-packages/airflow/example_dags/example_trigger_target_dag.py
[2024-11-16T05:23:17.327+0000] {processor.py:925} INFO - DAG(s) 'example_trigger_target_dag' retrieved from /home/airflow/.local/lib/python3.12/site-packages/airflow/example_dags/example_trigger_target_dag.py
[2024-11-16T05:23:17.339+0000] {logging_mixin.py:190} INFO - [2024-11-16T05:23:17.339+0000] {dag.py:3239} INFO - Sync 1 DAGs
[2024-11-16T05:23:17.348+0000] {logging_mixin.py:190} INFO - [2024-11-16T05:23:17.347+0000] {dag.py:4180} INFO - Setting next_dagrun for example_trigger_target_dag to None, run_after=None
[2024-11-16T05:23:17.360+0000] {processor.py:208} INFO - Processing /home/airflow/.local/lib/python3.12/site-packages/airflow/example_dags/example_trigger_target_dag.py took 0.044 seconds
[2024-11-16T05:23:48.035+0000] {processor.py:186} INFO - Started process (PID=504) to work on /home/airflow/.local/lib/python3.12/site-packages/airflow/example_dags/example_trigger_target_dag.py
[2024-11-16T05:23:48.036+0000] {processor.py:914} INFO - Processing file /home/airflow/.local/lib/python3.12/site-packages/airflow/example_dags/example_trigger_target_dag.py for tasks to queue
[2024-11-16T05:23:48.037+0000] {logging_mixin.py:190} INFO - [2024-11-16T05:23:48.037+0000] {dagbag.py:588} INFO - Filling up the DagBag from /home/airflow/.local/lib/python3.12/site-packages/airflow/example_dags/example_trigger_target_dag.py
[2024-11-16T05:23:48.042+0000] {processor.py:925} INFO - DAG(s) 'example_trigger_target_dag' retrieved from /home/airflow/.local/lib/python3.12/site-packages/airflow/example_dags/example_trigger_target_dag.py
[2024-11-16T05:23:48.055+0000] {logging_mixin.py:190} INFO - [2024-11-16T05:23:48.055+0000] {dag.py:3239} INFO - Sync 1 DAGs
[2024-11-16T05:23:48.064+0000] {logging_mixin.py:190} INFO - [2024-11-16T05:23:48.064+0000] {dag.py:4180} INFO - Setting next_dagrun for example_trigger_target_dag to None, run_after=None
[2024-11-16T05:23:48.078+0000] {processor.py:208} INFO - Processing /home/airflow/.local/lib/python3.12/site-packages/airflow/example_dags/example_trigger_target_dag.py took 0.047 seconds
[2024-11-16T05:24:18.154+0000] {processor.py:186} INFO - Started process (PID=572) to work on /home/airflow/.local/lib/python3.12/site-packages/airflow/example_dags/example_trigger_target_dag.py
[2024-11-16T05:24:18.155+0000] {processor.py:914} INFO - Processing file /home/airflow/.local/lib/python3.12/site-packages/airflow/example_dags/example_trigger_target_dag.py for tasks to queue
[2024-11-16T05:24:18.156+0000] {logging_mixin.py:190} INFO - [2024-11-16T05:24:18.156+0000] {dagbag.py:588} INFO - Filling up the DagBag from /home/airflow/.local/lib/python3.12/site-packages/airflow/example_dags/example_trigger_target_dag.py
[2024-11-16T05:24:18.163+0000] {processor.py:925} INFO - DAG(s) 'example_trigger_target_dag' retrieved from /home/airflow/.local/lib/python3.12/site-packages/airflow/example_dags/example_trigger_target_dag.py
[2024-11-16T05:24:18.178+0000] {logging_mixin.py:190} INFO - [2024-11-16T05:24:18.178+0000] {dag.py:3239} INFO - Sync 1 DAGs
[2024-11-16T05:24:18.190+0000] {logging_mixin.py:190} INFO - [2024-11-16T05:24:18.190+0000] {dag.py:4180} INFO - Setting next_dagrun for example_trigger_target_dag to None, run_after=None
[2024-11-16T05:24:18.206+0000] {processor.py:208} INFO - Processing /home/airflow/.local/lib/python3.12/site-packages/airflow/example_dags/example_trigger_target_dag.py took 0.058 seconds
[2024-11-16T05:25:10.964+0000] {processor.py:186} INFO - Started process (PID=92) to work on /home/airflow/.local/lib/python3.12/site-packages/airflow/example_dags/example_trigger_target_dag.py
[2024-11-16T05:25:10.965+0000] {processor.py:914} INFO - Processing file /home/airflow/.local/lib/python3.12/site-packages/airflow/example_dags/example_trigger_target_dag.py for tasks to queue
[2024-11-16T05:25:10.966+0000] {logging_mixin.py:190} INFO - [2024-11-16T05:25:10.966+0000] {dagbag.py:588} INFO - Filling up the DagBag from /home/airflow/.local/lib/python3.12/site-packages/airflow/example_dags/example_trigger_target_dag.py
[2024-11-16T05:25:10.972+0000] {processor.py:925} INFO - DAG(s) 'example_trigger_target_dag' retrieved from /home/airflow/.local/lib/python3.12/site-packages/airflow/example_dags/example_trigger_target_dag.py
[2024-11-16T05:25:10.987+0000] {logging_mixin.py:190} INFO - [2024-11-16T05:25:10.987+0000] {dag.py:3239} INFO - Sync 1 DAGs
[2024-11-16T05:25:11.001+0000] {logging_mixin.py:190} INFO - [2024-11-16T05:25:11.000+0000] {dag.py:4180} INFO - Setting next_dagrun for example_trigger_target_dag to None, run_after=None
[2024-11-16T05:25:11.020+0000] {processor.py:208} INFO - Processing /home/airflow/.local/lib/python3.12/site-packages/airflow/example_dags/example_trigger_target_dag.py took 0.060 seconds
[2024-11-16T05:25:41.481+0000] {processor.py:186} INFO - Started process (PID=160) to work on /home/airflow/.local/lib/python3.12/site-packages/airflow/example_dags/example_trigger_target_dag.py
[2024-11-16T05:25:41.481+0000] {processor.py:914} INFO - Processing file /home/airflow/.local/lib/python3.12/site-packages/airflow/example_dags/example_trigger_target_dag.py for tasks to queue
[2024-11-16T05:25:41.483+0000] {logging_mixin.py:190} INFO - [2024-11-16T05:25:41.483+0000] {dagbag.py:588} INFO - Filling up the DagBag from /home/airflow/.local/lib/python3.12/site-packages/airflow/example_dags/example_trigger_target_dag.py
[2024-11-16T05:25:41.489+0000] {processor.py:925} INFO - DAG(s) 'example_trigger_target_dag' retrieved from /home/airflow/.local/lib/python3.12/site-packages/airflow/example_dags/example_trigger_target_dag.py
[2024-11-16T05:25:41.507+0000] {logging_mixin.py:190} INFO - [2024-11-16T05:25:41.507+0000] {dag.py:3239} INFO - Sync 1 DAGs
[2024-11-16T05:25:41.521+0000] {logging_mixin.py:190} INFO - [2024-11-16T05:25:41.521+0000] {dag.py:4180} INFO - Setting next_dagrun for example_trigger_target_dag to None, run_after=None
[2024-11-16T05:25:41.536+0000] {processor.py:208} INFO - Processing /home/airflow/.local/lib/python3.12/site-packages/airflow/example_dags/example_trigger_target_dag.py took 0.059 seconds
[2024-11-16T05:26:12.465+0000] {processor.py:186} INFO - Started process (PID=228) to work on /home/airflow/.local/lib/python3.12/site-packages/airflow/example_dags/example_trigger_target_dag.py
[2024-11-16T05:26:12.465+0000] {processor.py:914} INFO - Processing file /home/airflow/.local/lib/python3.12/site-packages/airflow/example_dags/example_trigger_target_dag.py for tasks to queue
[2024-11-16T05:26:12.467+0000] {logging_mixin.py:190} INFO - [2024-11-16T05:26:12.467+0000] {dagbag.py:588} INFO - Filling up the DagBag from /home/airflow/.local/lib/python3.12/site-packages/airflow/example_dags/example_trigger_target_dag.py
[2024-11-16T05:26:12.472+0000] {processor.py:925} INFO - DAG(s) 'example_trigger_target_dag' retrieved from /home/airflow/.local/lib/python3.12/site-packages/airflow/example_dags/example_trigger_target_dag.py
[2024-11-16T05:26:12.484+0000] {logging_mixin.py:190} INFO - [2024-11-16T05:26:12.484+0000] {dag.py:3239} INFO - Sync 1 DAGs
[2024-11-16T05:26:12.493+0000] {logging_mixin.py:190} INFO - [2024-11-16T05:26:12.493+0000] {dag.py:4180} INFO - Setting next_dagrun for example_trigger_target_dag to None, run_after=None
[2024-11-16T05:26:12.506+0000] {processor.py:208} INFO - Processing /home/airflow/.local/lib/python3.12/site-packages/airflow/example_dags/example_trigger_target_dag.py took 0.045 seconds
[2024-11-16T05:26:42.810+0000] {processor.py:186} INFO - Started process (PID=295) to work on /home/airflow/.local/lib/python3.12/site-packages/airflow/example_dags/example_trigger_target_dag.py
[2024-11-16T05:26:42.811+0000] {processor.py:914} INFO - Processing file /home/airflow/.local/lib/python3.12/site-packages/airflow/example_dags/example_trigger_target_dag.py for tasks to queue
[2024-11-16T05:26:42.812+0000] {logging_mixin.py:190} INFO - [2024-11-16T05:26:42.812+0000] {dagbag.py:588} INFO - Filling up the DagBag from /home/airflow/.local/lib/python3.12/site-packages/airflow/example_dags/example_trigger_target_dag.py
[2024-11-16T05:26:42.816+0000] {processor.py:925} INFO - DAG(s) 'example_trigger_target_dag' retrieved from /home/airflow/.local/lib/python3.12/site-packages/airflow/example_dags/example_trigger_target_dag.py
[2024-11-16T05:26:42.828+0000] {logging_mixin.py:190} INFO - [2024-11-16T05:26:42.828+0000] {dag.py:3239} INFO - Sync 1 DAGs
[2024-11-16T05:26:42.837+0000] {logging_mixin.py:190} INFO - [2024-11-16T05:26:42.836+0000] {dag.py:4180} INFO - Setting next_dagrun for example_trigger_target_dag to None, run_after=None
[2024-11-16T05:26:42.849+0000] {processor.py:208} INFO - Processing /home/airflow/.local/lib/python3.12/site-packages/airflow/example_dags/example_trigger_target_dag.py took 0.042 seconds
[2024-11-16T05:27:12.995+0000] {processor.py:186} INFO - Started process (PID=363) to work on /home/airflow/.local/lib/python3.12/site-packages/airflow/example_dags/example_trigger_target_dag.py
[2024-11-16T05:27:12.995+0000] {processor.py:914} INFO - Processing file /home/airflow/.local/lib/python3.12/site-packages/airflow/example_dags/example_trigger_target_dag.py for tasks to queue
[2024-11-16T05:27:12.997+0000] {logging_mixin.py:190} INFO - [2024-11-16T05:27:12.996+0000] {dagbag.py:588} INFO - Filling up the DagBag from /home/airflow/.local/lib/python3.12/site-packages/airflow/example_dags/example_trigger_target_dag.py
[2024-11-16T05:27:13.001+0000] {processor.py:925} INFO - DAG(s) 'example_trigger_target_dag' retrieved from /home/airflow/.local/lib/python3.12/site-packages/airflow/example_dags/example_trigger_target_dag.py
[2024-11-16T05:27:13.014+0000] {logging_mixin.py:190} INFO - [2024-11-16T05:27:13.014+0000] {dag.py:3239} INFO - Sync 1 DAGs
[2024-11-16T05:27:13.023+0000] {logging_mixin.py:190} INFO - [2024-11-16T05:27:13.023+0000] {dag.py:4180} INFO - Setting next_dagrun for example_trigger_target_dag to None, run_after=None
[2024-11-16T05:27:13.035+0000] {processor.py:208} INFO - Processing /home/airflow/.local/lib/python3.12/site-packages/airflow/example_dags/example_trigger_target_dag.py took 0.044 seconds
[2024-11-16T05:27:43.577+0000] {processor.py:186} INFO - Started process (PID=431) to work on /home/airflow/.local/lib/python3.12/site-packages/airflow/example_dags/example_trigger_target_dag.py
[2024-11-16T05:27:43.578+0000] {processor.py:914} INFO - Processing file /home/airflow/.local/lib/python3.12/site-packages/airflow/example_dags/example_trigger_target_dag.py for tasks to queue
[2024-11-16T05:27:43.579+0000] {logging_mixin.py:190} INFO - [2024-11-16T05:27:43.579+0000] {dagbag.py:588} INFO - Filling up the DagBag from /home/airflow/.local/lib/python3.12/site-packages/airflow/example_dags/example_trigger_target_dag.py
[2024-11-16T05:27:43.585+0000] {processor.py:925} INFO - DAG(s) 'example_trigger_target_dag' retrieved from /home/airflow/.local/lib/python3.12/site-packages/airflow/example_dags/example_trigger_target_dag.py
[2024-11-16T05:27:43.599+0000] {logging_mixin.py:190} INFO - [2024-11-16T05:27:43.599+0000] {dag.py:3239} INFO - Sync 1 DAGs
[2024-11-16T05:27:43.609+0000] {logging_mixin.py:190} INFO - [2024-11-16T05:27:43.609+0000] {dag.py:4180} INFO - Setting next_dagrun for example_trigger_target_dag to None, run_after=None
[2024-11-16T05:27:43.625+0000] {processor.py:208} INFO - Processing /home/airflow/.local/lib/python3.12/site-packages/airflow/example_dags/example_trigger_target_dag.py took 0.053 seconds
[2024-11-16T05:29:50.205+0000] {processor.py:186} INFO - Started process (PID=111) to work on /home/airflow/.local/lib/python3.12/site-packages/airflow/example_dags/example_trigger_target_dag.py
[2024-11-16T05:29:50.206+0000] {processor.py:914} INFO - Processing file /home/airflow/.local/lib/python3.12/site-packages/airflow/example_dags/example_trigger_target_dag.py for tasks to queue
[2024-11-16T05:29:50.209+0000] {logging_mixin.py:190} INFO - [2024-11-16T05:29:50.208+0000] {dagbag.py:588} INFO - Filling up the DagBag from /home/airflow/.local/lib/python3.12/site-packages/airflow/example_dags/example_trigger_target_dag.py
[2024-11-16T05:29:50.218+0000] {processor.py:925} INFO - DAG(s) 'example_trigger_target_dag' retrieved from /home/airflow/.local/lib/python3.12/site-packages/airflow/example_dags/example_trigger_target_dag.py
[2024-11-16T05:29:50.238+0000] {logging_mixin.py:190} INFO - [2024-11-16T05:29:50.237+0000] {dag.py:3239} INFO - Sync 1 DAGs
[2024-11-16T05:29:50.254+0000] {logging_mixin.py:190} INFO - [2024-11-16T05:29:50.254+0000] {dag.py:4180} INFO - Setting next_dagrun for example_trigger_target_dag to None, run_after=None
[2024-11-16T05:29:50.277+0000] {processor.py:208} INFO - Processing /home/airflow/.local/lib/python3.12/site-packages/airflow/example_dags/example_trigger_target_dag.py took 0.079 seconds
[2024-11-16T05:30:21.801+0000] {processor.py:186} INFO - Started process (PID=179) to work on /home/airflow/.local/lib/python3.12/site-packages/airflow/example_dags/example_trigger_target_dag.py
[2024-11-16T05:30:21.801+0000] {processor.py:914} INFO - Processing file /home/airflow/.local/lib/python3.12/site-packages/airflow/example_dags/example_trigger_target_dag.py for tasks to queue
[2024-11-16T05:30:21.803+0000] {logging_mixin.py:190} INFO - [2024-11-16T05:30:21.803+0000] {dagbag.py:588} INFO - Filling up the DagBag from /home/airflow/.local/lib/python3.12/site-packages/airflow/example_dags/example_trigger_target_dag.py
[2024-11-16T05:30:21.809+0000] {processor.py:925} INFO - DAG(s) 'example_trigger_target_dag' retrieved from /home/airflow/.local/lib/python3.12/site-packages/airflow/example_dags/example_trigger_target_dag.py
[2024-11-16T05:30:21.828+0000] {logging_mixin.py:190} INFO - [2024-11-16T05:30:21.828+0000] {dag.py:3239} INFO - Sync 1 DAGs
[2024-11-16T05:30:21.841+0000] {logging_mixin.py:190} INFO - [2024-11-16T05:30:21.841+0000] {dag.py:4180} INFO - Setting next_dagrun for example_trigger_target_dag to None, run_after=None
[2024-11-16T05:30:21.859+0000] {processor.py:208} INFO - Processing /home/airflow/.local/lib/python3.12/site-packages/airflow/example_dags/example_trigger_target_dag.py took 0.063 seconds
[2024-11-16T05:30:52.241+0000] {processor.py:186} INFO - Started process (PID=247) to work on /home/airflow/.local/lib/python3.12/site-packages/airflow/example_dags/example_trigger_target_dag.py
[2024-11-16T05:30:52.242+0000] {processor.py:914} INFO - Processing file /home/airflow/.local/lib/python3.12/site-packages/airflow/example_dags/example_trigger_target_dag.py for tasks to queue
[2024-11-16T05:30:52.243+0000] {logging_mixin.py:190} INFO - [2024-11-16T05:30:52.243+0000] {dagbag.py:588} INFO - Filling up the DagBag from /home/airflow/.local/lib/python3.12/site-packages/airflow/example_dags/example_trigger_target_dag.py
[2024-11-16T05:30:52.248+0000] {processor.py:925} INFO - DAG(s) 'example_trigger_target_dag' retrieved from /home/airflow/.local/lib/python3.12/site-packages/airflow/example_dags/example_trigger_target_dag.py
[2024-11-16T05:30:52.261+0000] {logging_mixin.py:190} INFO - [2024-11-16T05:30:52.261+0000] {dag.py:3239} INFO - Sync 1 DAGs
[2024-11-16T05:30:52.270+0000] {logging_mixin.py:190} INFO - [2024-11-16T05:30:52.270+0000] {dag.py:4180} INFO - Setting next_dagrun for example_trigger_target_dag to None, run_after=None
[2024-11-16T05:30:52.286+0000] {processor.py:208} INFO - Processing /home/airflow/.local/lib/python3.12/site-packages/airflow/example_dags/example_trigger_target_dag.py took 0.049 seconds
[2024-11-16T05:31:22.809+0000] {processor.py:186} INFO - Started process (PID=315) to work on /home/airflow/.local/lib/python3.12/site-packages/airflow/example_dags/example_trigger_target_dag.py
[2024-11-16T05:31:22.810+0000] {processor.py:914} INFO - Processing file /home/airflow/.local/lib/python3.12/site-packages/airflow/example_dags/example_trigger_target_dag.py for tasks to queue
[2024-11-16T05:31:22.812+0000] {logging_mixin.py:190} INFO - [2024-11-16T05:31:22.811+0000] {dagbag.py:588} INFO - Filling up the DagBag from /home/airflow/.local/lib/python3.12/site-packages/airflow/example_dags/example_trigger_target_dag.py
[2024-11-16T05:31:22.817+0000] {processor.py:925} INFO - DAG(s) 'example_trigger_target_dag' retrieved from /home/airflow/.local/lib/python3.12/site-packages/airflow/example_dags/example_trigger_target_dag.py
[2024-11-16T05:31:22.829+0000] {logging_mixin.py:190} INFO - [2024-11-16T05:31:22.829+0000] {dag.py:3239} INFO - Sync 1 DAGs
[2024-11-16T05:31:22.839+0000] {logging_mixin.py:190} INFO - [2024-11-16T05:31:22.839+0000] {dag.py:4180} INFO - Setting next_dagrun for example_trigger_target_dag to None, run_after=None
[2024-11-16T05:31:22.854+0000] {processor.py:208} INFO - Processing /home/airflow/.local/lib/python3.12/site-packages/airflow/example_dags/example_trigger_target_dag.py took 0.049 seconds
[2024-11-16T05:31:53.278+0000] {processor.py:186} INFO - Started process (PID=383) to work on /home/airflow/.local/lib/python3.12/site-packages/airflow/example_dags/example_trigger_target_dag.py
[2024-11-16T05:31:53.279+0000] {processor.py:914} INFO - Processing file /home/airflow/.local/lib/python3.12/site-packages/airflow/example_dags/example_trigger_target_dag.py for tasks to queue
[2024-11-16T05:31:53.281+0000] {logging_mixin.py:190} INFO - [2024-11-16T05:31:53.281+0000] {dagbag.py:588} INFO - Filling up the DagBag from /home/airflow/.local/lib/python3.12/site-packages/airflow/example_dags/example_trigger_target_dag.py
[2024-11-16T05:31:53.286+0000] {processor.py:925} INFO - DAG(s) 'example_trigger_target_dag' retrieved from /home/airflow/.local/lib/python3.12/site-packages/airflow/example_dags/example_trigger_target_dag.py
[2024-11-16T05:31:53.305+0000] {logging_mixin.py:190} INFO - [2024-11-16T05:31:53.304+0000] {dag.py:3239} INFO - Sync 1 DAGs
[2024-11-16T05:31:53.315+0000] {logging_mixin.py:190} INFO - [2024-11-16T05:31:53.315+0000] {dag.py:4180} INFO - Setting next_dagrun for example_trigger_target_dag to None, run_after=None
[2024-11-16T05:31:53.332+0000] {processor.py:208} INFO - Processing /home/airflow/.local/lib/python3.12/site-packages/airflow/example_dags/example_trigger_target_dag.py took 0.058 seconds
[2024-11-16T05:32:24.470+0000] {processor.py:186} INFO - Started process (PID=451) to work on /home/airflow/.local/lib/python3.12/site-packages/airflow/example_dags/example_trigger_target_dag.py
[2024-11-16T05:32:24.471+0000] {processor.py:914} INFO - Processing file /home/airflow/.local/lib/python3.12/site-packages/airflow/example_dags/example_trigger_target_dag.py for tasks to queue
[2024-11-16T05:32:24.472+0000] {logging_mixin.py:190} INFO - [2024-11-16T05:32:24.472+0000] {dagbag.py:588} INFO - Filling up the DagBag from /home/airflow/.local/lib/python3.12/site-packages/airflow/example_dags/example_trigger_target_dag.py
[2024-11-16T05:32:24.478+0000] {processor.py:925} INFO - DAG(s) 'example_trigger_target_dag' retrieved from /home/airflow/.local/lib/python3.12/site-packages/airflow/example_dags/example_trigger_target_dag.py
[2024-11-16T05:32:24.492+0000] {logging_mixin.py:190} INFO - [2024-11-16T05:32:24.491+0000] {dag.py:3239} INFO - Sync 1 DAGs
[2024-11-16T05:32:24.501+0000] {logging_mixin.py:190} INFO - [2024-11-16T05:32:24.501+0000] {dag.py:4180} INFO - Setting next_dagrun for example_trigger_target_dag to None, run_after=None
[2024-11-16T05:32:24.516+0000] {processor.py:208} INFO - Processing /home/airflow/.local/lib/python3.12/site-packages/airflow/example_dags/example_trigger_target_dag.py took 0.050 seconds
[2024-11-16T05:32:55.656+0000] {processor.py:186} INFO - Started process (PID=519) to work on /home/airflow/.local/lib/python3.12/site-packages/airflow/example_dags/example_trigger_target_dag.py
[2024-11-16T05:32:55.657+0000] {processor.py:914} INFO - Processing file /home/airflow/.local/lib/python3.12/site-packages/airflow/example_dags/example_trigger_target_dag.py for tasks to queue
[2024-11-16T05:32:55.658+0000] {logging_mixin.py:190} INFO - [2024-11-16T05:32:55.658+0000] {dagbag.py:588} INFO - Filling up the DagBag from /home/airflow/.local/lib/python3.12/site-packages/airflow/example_dags/example_trigger_target_dag.py
[2024-11-16T05:32:55.663+0000] {processor.py:925} INFO - DAG(s) 'example_trigger_target_dag' retrieved from /home/airflow/.local/lib/python3.12/site-packages/airflow/example_dags/example_trigger_target_dag.py
[2024-11-16T05:32:55.677+0000] {logging_mixin.py:190} INFO - [2024-11-16T05:32:55.677+0000] {dag.py:3239} INFO - Sync 1 DAGs
[2024-11-16T05:32:55.687+0000] {logging_mixin.py:190} INFO - [2024-11-16T05:32:55.687+0000] {dag.py:4180} INFO - Setting next_dagrun for example_trigger_target_dag to None, run_after=None
[2024-11-16T05:32:55.704+0000] {processor.py:208} INFO - Processing /home/airflow/.local/lib/python3.12/site-packages/airflow/example_dags/example_trigger_target_dag.py took 0.052 seconds
[2024-11-16T05:33:26.374+0000] {processor.py:186} INFO - Started process (PID=587) to work on /home/airflow/.local/lib/python3.12/site-packages/airflow/example_dags/example_trigger_target_dag.py
[2024-11-16T05:33:26.375+0000] {processor.py:914} INFO - Processing file /home/airflow/.local/lib/python3.12/site-packages/airflow/example_dags/example_trigger_target_dag.py for tasks to queue
[2024-11-16T05:33:26.377+0000] {logging_mixin.py:190} INFO - [2024-11-16T05:33:26.376+0000] {dagbag.py:588} INFO - Filling up the DagBag from /home/airflow/.local/lib/python3.12/site-packages/airflow/example_dags/example_trigger_target_dag.py
[2024-11-16T05:33:26.383+0000] {processor.py:925} INFO - DAG(s) 'example_trigger_target_dag' retrieved from /home/airflow/.local/lib/python3.12/site-packages/airflow/example_dags/example_trigger_target_dag.py
[2024-11-16T05:33:26.397+0000] {logging_mixin.py:190} INFO - [2024-11-16T05:33:26.397+0000] {dag.py:3239} INFO - Sync 1 DAGs
[2024-11-16T05:33:26.407+0000] {logging_mixin.py:190} INFO - [2024-11-16T05:33:26.407+0000] {dag.py:4180} INFO - Setting next_dagrun for example_trigger_target_dag to None, run_after=None
[2024-11-16T05:33:26.425+0000] {processor.py:208} INFO - Processing /home/airflow/.local/lib/python3.12/site-packages/airflow/example_dags/example_trigger_target_dag.py took 0.055 seconds
[2024-11-16T05:33:57.252+0000] {processor.py:186} INFO - Started process (PID=655) to work on /home/airflow/.local/lib/python3.12/site-packages/airflow/example_dags/example_trigger_target_dag.py
[2024-11-16T05:33:57.253+0000] {processor.py:914} INFO - Processing file /home/airflow/.local/lib/python3.12/site-packages/airflow/example_dags/example_trigger_target_dag.py for tasks to queue
[2024-11-16T05:33:57.255+0000] {logging_mixin.py:190} INFO - [2024-11-16T05:33:57.255+0000] {dagbag.py:588} INFO - Filling up the DagBag from /home/airflow/.local/lib/python3.12/site-packages/airflow/example_dags/example_trigger_target_dag.py
[2024-11-16T05:33:57.263+0000] {processor.py:925} INFO - DAG(s) 'example_trigger_target_dag' retrieved from /home/airflow/.local/lib/python3.12/site-packages/airflow/example_dags/example_trigger_target_dag.py
[2024-11-16T05:33:57.285+0000] {logging_mixin.py:190} INFO - [2024-11-16T05:33:57.284+0000] {dag.py:3239} INFO - Sync 1 DAGs
[2024-11-16T05:33:57.303+0000] {logging_mixin.py:190} INFO - [2024-11-16T05:33:57.303+0000] {dag.py:4180} INFO - Setting next_dagrun for example_trigger_target_dag to None, run_after=None
[2024-11-16T05:33:57.333+0000] {processor.py:208} INFO - Processing /home/airflow/.local/lib/python3.12/site-packages/airflow/example_dags/example_trigger_target_dag.py took 0.086 seconds
[2024-11-16T05:34:28.781+0000] {processor.py:186} INFO - Started process (PID=723) to work on /home/airflow/.local/lib/python3.12/site-packages/airflow/example_dags/example_trigger_target_dag.py
[2024-11-16T05:34:28.782+0000] {processor.py:914} INFO - Processing file /home/airflow/.local/lib/python3.12/site-packages/airflow/example_dags/example_trigger_target_dag.py for tasks to queue
[2024-11-16T05:34:28.784+0000] {logging_mixin.py:190} INFO - [2024-11-16T05:34:28.783+0000] {dagbag.py:588} INFO - Filling up the DagBag from /home/airflow/.local/lib/python3.12/site-packages/airflow/example_dags/example_trigger_target_dag.py
[2024-11-16T05:34:28.790+0000] {processor.py:925} INFO - DAG(s) 'example_trigger_target_dag' retrieved from /home/airflow/.local/lib/python3.12/site-packages/airflow/example_dags/example_trigger_target_dag.py
[2024-11-16T05:34:28.807+0000] {logging_mixin.py:190} INFO - [2024-11-16T05:34:28.807+0000] {dag.py:3239} INFO - Sync 1 DAGs
[2024-11-16T05:34:28.822+0000] {logging_mixin.py:190} INFO - [2024-11-16T05:34:28.822+0000] {dag.py:4180} INFO - Setting next_dagrun for example_trigger_target_dag to None, run_after=None
[2024-11-16T05:34:28.843+0000] {processor.py:208} INFO - Processing /home/airflow/.local/lib/python3.12/site-packages/airflow/example_dags/example_trigger_target_dag.py took 0.066 seconds
[2024-11-16T05:34:59.435+0000] {processor.py:186} INFO - Started process (PID=791) to work on /home/airflow/.local/lib/python3.12/site-packages/airflow/example_dags/example_trigger_target_dag.py
[2024-11-16T05:34:59.436+0000] {processor.py:914} INFO - Processing file /home/airflow/.local/lib/python3.12/site-packages/airflow/example_dags/example_trigger_target_dag.py for tasks to queue
[2024-11-16T05:34:59.438+0000] {logging_mixin.py:190} INFO - [2024-11-16T05:34:59.438+0000] {dagbag.py:588} INFO - Filling up the DagBag from /home/airflow/.local/lib/python3.12/site-packages/airflow/example_dags/example_trigger_target_dag.py
[2024-11-16T05:34:59.450+0000] {processor.py:925} INFO - DAG(s) 'example_trigger_target_dag' retrieved from /home/airflow/.local/lib/python3.12/site-packages/airflow/example_dags/example_trigger_target_dag.py
[2024-11-16T05:34:59.470+0000] {logging_mixin.py:190} INFO - [2024-11-16T05:34:59.470+0000] {dag.py:3239} INFO - Sync 1 DAGs
[2024-11-16T05:34:59.485+0000] {logging_mixin.py:190} INFO - [2024-11-16T05:34:59.484+0000] {dag.py:4180} INFO - Setting next_dagrun for example_trigger_target_dag to None, run_after=None
[2024-11-16T05:34:59.500+0000] {processor.py:208} INFO - Processing /home/airflow/.local/lib/python3.12/site-packages/airflow/example_dags/example_trigger_target_dag.py took 0.077 seconds
[2024-11-16T05:35:30.173+0000] {processor.py:186} INFO - Started process (PID=859) to work on /home/airflow/.local/lib/python3.12/site-packages/airflow/example_dags/example_trigger_target_dag.py
[2024-11-16T05:35:30.174+0000] {processor.py:914} INFO - Processing file /home/airflow/.local/lib/python3.12/site-packages/airflow/example_dags/example_trigger_target_dag.py for tasks to queue
[2024-11-16T05:35:30.175+0000] {logging_mixin.py:190} INFO - [2024-11-16T05:35:30.175+0000] {dagbag.py:588} INFO - Filling up the DagBag from /home/airflow/.local/lib/python3.12/site-packages/airflow/example_dags/example_trigger_target_dag.py
[2024-11-16T05:35:30.181+0000] {processor.py:925} INFO - DAG(s) 'example_trigger_target_dag' retrieved from /home/airflow/.local/lib/python3.12/site-packages/airflow/example_dags/example_trigger_target_dag.py
[2024-11-16T05:35:30.193+0000] {logging_mixin.py:190} INFO - [2024-11-16T05:35:30.193+0000] {dag.py:3239} INFO - Sync 1 DAGs
[2024-11-16T05:35:30.203+0000] {logging_mixin.py:190} INFO - [2024-11-16T05:35:30.203+0000] {dag.py:4180} INFO - Setting next_dagrun for example_trigger_target_dag to None, run_after=None
[2024-11-16T05:35:30.218+0000] {processor.py:208} INFO - Processing /home/airflow/.local/lib/python3.12/site-packages/airflow/example_dags/example_trigger_target_dag.py took 0.048 seconds
[2024-11-16T05:36:01.441+0000] {processor.py:186} INFO - Started process (PID=927) to work on /home/airflow/.local/lib/python3.12/site-packages/airflow/example_dags/example_trigger_target_dag.py
[2024-11-16T05:36:01.442+0000] {processor.py:914} INFO - Processing file /home/airflow/.local/lib/python3.12/site-packages/airflow/example_dags/example_trigger_target_dag.py for tasks to queue
[2024-11-16T05:36:01.446+0000] {logging_mixin.py:190} INFO - [2024-11-16T05:36:01.445+0000] {dagbag.py:588} INFO - Filling up the DagBag from /home/airflow/.local/lib/python3.12/site-packages/airflow/example_dags/example_trigger_target_dag.py
[2024-11-16T05:36:01.455+0000] {processor.py:925} INFO - DAG(s) 'example_trigger_target_dag' retrieved from /home/airflow/.local/lib/python3.12/site-packages/airflow/example_dags/example_trigger_target_dag.py
[2024-11-16T05:36:01.477+0000] {logging_mixin.py:190} INFO - [2024-11-16T05:36:01.476+0000] {dag.py:3239} INFO - Sync 1 DAGs
[2024-11-16T05:36:01.492+0000] {logging_mixin.py:190} INFO - [2024-11-16T05:36:01.491+0000] {dag.py:4180} INFO - Setting next_dagrun for example_trigger_target_dag to None, run_after=None
[2024-11-16T05:36:01.513+0000] {processor.py:208} INFO - Processing /home/airflow/.local/lib/python3.12/site-packages/airflow/example_dags/example_trigger_target_dag.py took 0.078 seconds
[2024-11-16T05:36:32.350+0000] {processor.py:186} INFO - Started process (PID=995) to work on /home/airflow/.local/lib/python3.12/site-packages/airflow/example_dags/example_trigger_target_dag.py
[2024-11-16T05:36:32.351+0000] {processor.py:914} INFO - Processing file /home/airflow/.local/lib/python3.12/site-packages/airflow/example_dags/example_trigger_target_dag.py for tasks to queue
[2024-11-16T05:36:32.352+0000] {logging_mixin.py:190} INFO - [2024-11-16T05:36:32.352+0000] {dagbag.py:588} INFO - Filling up the DagBag from /home/airflow/.local/lib/python3.12/site-packages/airflow/example_dags/example_trigger_target_dag.py
[2024-11-16T05:36:32.359+0000] {processor.py:925} INFO - DAG(s) 'example_trigger_target_dag' retrieved from /home/airflow/.local/lib/python3.12/site-packages/airflow/example_dags/example_trigger_target_dag.py
[2024-11-16T05:36:32.372+0000] {logging_mixin.py:190} INFO - [2024-11-16T05:36:32.371+0000] {dag.py:3239} INFO - Sync 1 DAGs
[2024-11-16T05:36:32.381+0000] {logging_mixin.py:190} INFO - [2024-11-16T05:36:32.381+0000] {dag.py:4180} INFO - Setting next_dagrun for example_trigger_target_dag to None, run_after=None
[2024-11-16T05:36:32.397+0000] {processor.py:208} INFO - Processing /home/airflow/.local/lib/python3.12/site-packages/airflow/example_dags/example_trigger_target_dag.py took 0.053 seconds
[2024-11-16T05:37:03.213+0000] {processor.py:186} INFO - Started process (PID=1063) to work on /home/airflow/.local/lib/python3.12/site-packages/airflow/example_dags/example_trigger_target_dag.py
[2024-11-16T05:37:03.214+0000] {processor.py:914} INFO - Processing file /home/airflow/.local/lib/python3.12/site-packages/airflow/example_dags/example_trigger_target_dag.py for tasks to queue
[2024-11-16T05:37:03.216+0000] {logging_mixin.py:190} INFO - [2024-11-16T05:37:03.216+0000] {dagbag.py:588} INFO - Filling up the DagBag from /home/airflow/.local/lib/python3.12/site-packages/airflow/example_dags/example_trigger_target_dag.py
[2024-11-16T05:37:03.221+0000] {processor.py:925} INFO - DAG(s) 'example_trigger_target_dag' retrieved from /home/airflow/.local/lib/python3.12/site-packages/airflow/example_dags/example_trigger_target_dag.py
[2024-11-16T05:37:03.234+0000] {logging_mixin.py:190} INFO - [2024-11-16T05:37:03.234+0000] {dag.py:3239} INFO - Sync 1 DAGs
[2024-11-16T05:37:03.244+0000] {logging_mixin.py:190} INFO - [2024-11-16T05:37:03.244+0000] {dag.py:4180} INFO - Setting next_dagrun for example_trigger_target_dag to None, run_after=None
[2024-11-16T05:37:03.260+0000] {processor.py:208} INFO - Processing /home/airflow/.local/lib/python3.12/site-packages/airflow/example_dags/example_trigger_target_dag.py took 0.052 seconds
[2024-11-16T05:37:34.714+0000] {processor.py:186} INFO - Started process (PID=1132) to work on /home/airflow/.local/lib/python3.12/site-packages/airflow/example_dags/example_trigger_target_dag.py
[2024-11-16T05:37:34.715+0000] {processor.py:914} INFO - Processing file /home/airflow/.local/lib/python3.12/site-packages/airflow/example_dags/example_trigger_target_dag.py for tasks to queue
[2024-11-16T05:37:34.717+0000] {logging_mixin.py:190} INFO - [2024-11-16T05:37:34.717+0000] {dagbag.py:588} INFO - Filling up the DagBag from /home/airflow/.local/lib/python3.12/site-packages/airflow/example_dags/example_trigger_target_dag.py
[2024-11-16T05:37:34.722+0000] {processor.py:925} INFO - DAG(s) 'example_trigger_target_dag' retrieved from /home/airflow/.local/lib/python3.12/site-packages/airflow/example_dags/example_trigger_target_dag.py
[2024-11-16T05:37:34.736+0000] {logging_mixin.py:190} INFO - [2024-11-16T05:37:34.736+0000] {dag.py:3239} INFO - Sync 1 DAGs
[2024-11-16T05:37:34.746+0000] {logging_mixin.py:190} INFO - [2024-11-16T05:37:34.746+0000] {dag.py:4180} INFO - Setting next_dagrun for example_trigger_target_dag to None, run_after=None
[2024-11-16T05:37:34.762+0000] {processor.py:208} INFO - Processing /home/airflow/.local/lib/python3.12/site-packages/airflow/example_dags/example_trigger_target_dag.py took 0.052 seconds
[2024-11-16T05:38:05.802+0000] {processor.py:186} INFO - Started process (PID=1200) to work on /home/airflow/.local/lib/python3.12/site-packages/airflow/example_dags/example_trigger_target_dag.py
[2024-11-16T05:38:05.803+0000] {processor.py:914} INFO - Processing file /home/airflow/.local/lib/python3.12/site-packages/airflow/example_dags/example_trigger_target_dag.py for tasks to queue
[2024-11-16T05:38:05.805+0000] {logging_mixin.py:190} INFO - [2024-11-16T05:38:05.804+0000] {dagbag.py:588} INFO - Filling up the DagBag from /home/airflow/.local/lib/python3.12/site-packages/airflow/example_dags/example_trigger_target_dag.py
[2024-11-16T05:38:05.810+0000] {processor.py:925} INFO - DAG(s) 'example_trigger_target_dag' retrieved from /home/airflow/.local/lib/python3.12/site-packages/airflow/example_dags/example_trigger_target_dag.py
[2024-11-16T05:38:05.823+0000] {logging_mixin.py:190} INFO - [2024-11-16T05:38:05.823+0000] {dag.py:3239} INFO - Sync 1 DAGs
[2024-11-16T05:38:05.833+0000] {logging_mixin.py:190} INFO - [2024-11-16T05:38:05.832+0000] {dag.py:4180} INFO - Setting next_dagrun for example_trigger_target_dag to None, run_after=None
[2024-11-16T05:38:05.847+0000] {processor.py:208} INFO - Processing /home/airflow/.local/lib/python3.12/site-packages/airflow/example_dags/example_trigger_target_dag.py took 0.049 seconds
[2024-11-16T05:38:36.710+0000] {processor.py:186} INFO - Started process (PID=1268) to work on /home/airflow/.local/lib/python3.12/site-packages/airflow/example_dags/example_trigger_target_dag.py
[2024-11-16T05:38:36.711+0000] {processor.py:914} INFO - Processing file /home/airflow/.local/lib/python3.12/site-packages/airflow/example_dags/example_trigger_target_dag.py for tasks to queue
[2024-11-16T05:38:36.713+0000] {logging_mixin.py:190} INFO - [2024-11-16T05:38:36.713+0000] {dagbag.py:588} INFO - Filling up the DagBag from /home/airflow/.local/lib/python3.12/site-packages/airflow/example_dags/example_trigger_target_dag.py
[2024-11-16T05:38:36.719+0000] {processor.py:925} INFO - DAG(s) 'example_trigger_target_dag' retrieved from /home/airflow/.local/lib/python3.12/site-packages/airflow/example_dags/example_trigger_target_dag.py
[2024-11-16T05:38:36.732+0000] {logging_mixin.py:190} INFO - [2024-11-16T05:38:36.732+0000] {dag.py:3239} INFO - Sync 1 DAGs
[2024-11-16T05:38:36.743+0000] {logging_mixin.py:190} INFO - [2024-11-16T05:38:36.743+0000] {dag.py:4180} INFO - Setting next_dagrun for example_trigger_target_dag to None, run_after=None
[2024-11-16T05:38:36.759+0000] {processor.py:208} INFO - Processing /home/airflow/.local/lib/python3.12/site-packages/airflow/example_dags/example_trigger_target_dag.py took 0.053 seconds
[2024-11-16T05:39:07.937+0000] {processor.py:186} INFO - Started process (PID=1336) to work on /home/airflow/.local/lib/python3.12/site-packages/airflow/example_dags/example_trigger_target_dag.py
[2024-11-16T05:39:07.938+0000] {processor.py:914} INFO - Processing file /home/airflow/.local/lib/python3.12/site-packages/airflow/example_dags/example_trigger_target_dag.py for tasks to queue
[2024-11-16T05:39:07.940+0000] {logging_mixin.py:190} INFO - [2024-11-16T05:39:07.940+0000] {dagbag.py:588} INFO - Filling up the DagBag from /home/airflow/.local/lib/python3.12/site-packages/airflow/example_dags/example_trigger_target_dag.py
[2024-11-16T05:39:07.945+0000] {processor.py:925} INFO - DAG(s) 'example_trigger_target_dag' retrieved from /home/airflow/.local/lib/python3.12/site-packages/airflow/example_dags/example_trigger_target_dag.py
[2024-11-16T05:39:07.958+0000] {logging_mixin.py:190} INFO - [2024-11-16T05:39:07.958+0000] {dag.py:3239} INFO - Sync 1 DAGs
[2024-11-16T05:39:07.968+0000] {logging_mixin.py:190} INFO - [2024-11-16T05:39:07.968+0000] {dag.py:4180} INFO - Setting next_dagrun for example_trigger_target_dag to None, run_after=None
[2024-11-16T05:39:07.983+0000] {processor.py:208} INFO - Processing /home/airflow/.local/lib/python3.12/site-packages/airflow/example_dags/example_trigger_target_dag.py took 0.049 seconds
[2024-11-16T05:46:01.039+0000] {processor.py:186} INFO - Started process (PID=99) to work on /home/airflow/.local/lib/python3.12/site-packages/airflow/example_dags/example_trigger_target_dag.py
[2024-11-16T05:46:01.040+0000] {processor.py:914} INFO - Processing file /home/airflow/.local/lib/python3.12/site-packages/airflow/example_dags/example_trigger_target_dag.py for tasks to queue
[2024-11-16T05:46:01.042+0000] {logging_mixin.py:190} INFO - [2024-11-16T05:46:01.042+0000] {dagbag.py:588} INFO - Filling up the DagBag from /home/airflow/.local/lib/python3.12/site-packages/airflow/example_dags/example_trigger_target_dag.py
[2024-11-16T05:46:01.049+0000] {processor.py:925} INFO - DAG(s) 'example_trigger_target_dag' retrieved from /home/airflow/.local/lib/python3.12/site-packages/airflow/example_dags/example_trigger_target_dag.py
[2024-11-16T05:46:01.068+0000] {logging_mixin.py:190} INFO - [2024-11-16T05:46:01.068+0000] {dag.py:3239} INFO - Sync 1 DAGs
[2024-11-16T05:46:01.083+0000] {logging_mixin.py:190} INFO - [2024-11-16T05:46:01.083+0000] {dag.py:4180} INFO - Setting next_dagrun for example_trigger_target_dag to None, run_after=None
[2024-11-16T05:46:01.104+0000] {processor.py:208} INFO - Processing /home/airflow/.local/lib/python3.12/site-packages/airflow/example_dags/example_trigger_target_dag.py took 0.072 seconds
[2024-11-16T05:46:31.328+0000] {processor.py:186} INFO - Started process (PID=166) to work on /home/airflow/.local/lib/python3.12/site-packages/airflow/example_dags/example_trigger_target_dag.py
[2024-11-16T05:46:31.329+0000] {processor.py:914} INFO - Processing file /home/airflow/.local/lib/python3.12/site-packages/airflow/example_dags/example_trigger_target_dag.py for tasks to queue
[2024-11-16T05:46:31.332+0000] {logging_mixin.py:190} INFO - [2024-11-16T05:46:31.332+0000] {dagbag.py:588} INFO - Filling up the DagBag from /home/airflow/.local/lib/python3.12/site-packages/airflow/example_dags/example_trigger_target_dag.py
[2024-11-16T05:46:31.339+0000] {processor.py:925} INFO - DAG(s) 'example_trigger_target_dag' retrieved from /home/airflow/.local/lib/python3.12/site-packages/airflow/example_dags/example_trigger_target_dag.py
[2024-11-16T05:46:31.355+0000] {logging_mixin.py:190} INFO - [2024-11-16T05:46:31.355+0000] {dag.py:3239} INFO - Sync 1 DAGs
[2024-11-16T05:46:31.366+0000] {logging_mixin.py:190} INFO - [2024-11-16T05:46:31.366+0000] {dag.py:4180} INFO - Setting next_dagrun for example_trigger_target_dag to None, run_after=None
[2024-11-16T05:46:31.383+0000] {processor.py:208} INFO - Processing /home/airflow/.local/lib/python3.12/site-packages/airflow/example_dags/example_trigger_target_dag.py took 0.059 seconds
[2024-11-16T05:47:02.434+0000] {processor.py:186} INFO - Started process (PID=234) to work on /home/airflow/.local/lib/python3.12/site-packages/airflow/example_dags/example_trigger_target_dag.py
[2024-11-16T05:47:02.435+0000] {processor.py:914} INFO - Processing file /home/airflow/.local/lib/python3.12/site-packages/airflow/example_dags/example_trigger_target_dag.py for tasks to queue
[2024-11-16T05:47:02.437+0000] {logging_mixin.py:190} INFO - [2024-11-16T05:47:02.437+0000] {dagbag.py:588} INFO - Filling up the DagBag from /home/airflow/.local/lib/python3.12/site-packages/airflow/example_dags/example_trigger_target_dag.py
[2024-11-16T05:47:02.450+0000] {processor.py:925} INFO - DAG(s) 'example_trigger_target_dag' retrieved from /home/airflow/.local/lib/python3.12/site-packages/airflow/example_dags/example_trigger_target_dag.py
[2024-11-16T05:47:02.465+0000] {logging_mixin.py:190} INFO - [2024-11-16T05:47:02.464+0000] {dag.py:3239} INFO - Sync 1 DAGs
[2024-11-16T05:47:02.476+0000] {logging_mixin.py:190} INFO - [2024-11-16T05:47:02.476+0000] {dag.py:4180} INFO - Setting next_dagrun for example_trigger_target_dag to None, run_after=None
[2024-11-16T05:47:02.493+0000] {processor.py:208} INFO - Processing /home/airflow/.local/lib/python3.12/site-packages/airflow/example_dags/example_trigger_target_dag.py took 0.063 seconds
[2024-11-16T05:47:32.718+0000] {processor.py:186} INFO - Started process (PID=301) to work on /home/airflow/.local/lib/python3.12/site-packages/airflow/example_dags/example_trigger_target_dag.py
[2024-11-16T05:47:32.719+0000] {processor.py:914} INFO - Processing file /home/airflow/.local/lib/python3.12/site-packages/airflow/example_dags/example_trigger_target_dag.py for tasks to queue
[2024-11-16T05:47:32.721+0000] {logging_mixin.py:190} INFO - [2024-11-16T05:47:32.720+0000] {dagbag.py:588} INFO - Filling up the DagBag from /home/airflow/.local/lib/python3.12/site-packages/airflow/example_dags/example_trigger_target_dag.py
[2024-11-16T05:47:32.726+0000] {processor.py:925} INFO - DAG(s) 'example_trigger_target_dag' retrieved from /home/airflow/.local/lib/python3.12/site-packages/airflow/example_dags/example_trigger_target_dag.py
[2024-11-16T05:47:32.742+0000] {logging_mixin.py:190} INFO - [2024-11-16T05:47:32.742+0000] {dag.py:3239} INFO - Sync 1 DAGs
[2024-11-16T05:47:32.756+0000] {logging_mixin.py:190} INFO - [2024-11-16T05:47:32.756+0000] {dag.py:4180} INFO - Setting next_dagrun for example_trigger_target_dag to None, run_after=None
[2024-11-16T05:47:32.770+0000] {processor.py:208} INFO - Processing /home/airflow/.local/lib/python3.12/site-packages/airflow/example_dags/example_trigger_target_dag.py took 0.058 seconds
[2024-11-16T05:48:03.747+0000] {processor.py:186} INFO - Started process (PID=369) to work on /home/airflow/.local/lib/python3.12/site-packages/airflow/example_dags/example_trigger_target_dag.py
[2024-11-16T05:48:03.748+0000] {processor.py:914} INFO - Processing file /home/airflow/.local/lib/python3.12/site-packages/airflow/example_dags/example_trigger_target_dag.py for tasks to queue
[2024-11-16T05:48:03.750+0000] {logging_mixin.py:190} INFO - [2024-11-16T05:48:03.750+0000] {dagbag.py:588} INFO - Filling up the DagBag from /home/airflow/.local/lib/python3.12/site-packages/airflow/example_dags/example_trigger_target_dag.py
[2024-11-16T05:48:03.756+0000] {processor.py:925} INFO - DAG(s) 'example_trigger_target_dag' retrieved from /home/airflow/.local/lib/python3.12/site-packages/airflow/example_dags/example_trigger_target_dag.py
[2024-11-16T05:48:03.771+0000] {logging_mixin.py:190} INFO - [2024-11-16T05:48:03.770+0000] {dag.py:3239} INFO - Sync 1 DAGs
[2024-11-16T05:48:03.780+0000] {logging_mixin.py:190} INFO - [2024-11-16T05:48:03.780+0000] {dag.py:4180} INFO - Setting next_dagrun for example_trigger_target_dag to None, run_after=None
[2024-11-16T05:48:03.796+0000] {processor.py:208} INFO - Processing /home/airflow/.local/lib/python3.12/site-packages/airflow/example_dags/example_trigger_target_dag.py took 0.052 seconds
[2024-11-16T05:48:34.779+0000] {processor.py:186} INFO - Started process (PID=437) to work on /home/airflow/.local/lib/python3.12/site-packages/airflow/example_dags/example_trigger_target_dag.py
[2024-11-16T05:48:34.780+0000] {processor.py:914} INFO - Processing file /home/airflow/.local/lib/python3.12/site-packages/airflow/example_dags/example_trigger_target_dag.py for tasks to queue
[2024-11-16T05:48:34.781+0000] {logging_mixin.py:190} INFO - [2024-11-16T05:48:34.781+0000] {dagbag.py:588} INFO - Filling up the DagBag from /home/airflow/.local/lib/python3.12/site-packages/airflow/example_dags/example_trigger_target_dag.py
[2024-11-16T05:48:34.786+0000] {processor.py:925} INFO - DAG(s) 'example_trigger_target_dag' retrieved from /home/airflow/.local/lib/python3.12/site-packages/airflow/example_dags/example_trigger_target_dag.py
[2024-11-16T05:48:34.798+0000] {logging_mixin.py:190} INFO - [2024-11-16T05:48:34.798+0000] {dag.py:3239} INFO - Sync 1 DAGs
[2024-11-16T05:48:34.808+0000] {logging_mixin.py:190} INFO - [2024-11-16T05:48:34.807+0000] {dag.py:4180} INFO - Setting next_dagrun for example_trigger_target_dag to None, run_after=None
[2024-11-16T05:48:34.821+0000] {processor.py:208} INFO - Processing /home/airflow/.local/lib/python3.12/site-packages/airflow/example_dags/example_trigger_target_dag.py took 0.046 seconds
[2024-11-16T05:49:05.189+0000] {processor.py:186} INFO - Started process (PID=505) to work on /home/airflow/.local/lib/python3.12/site-packages/airflow/example_dags/example_trigger_target_dag.py
[2024-11-16T05:49:05.190+0000] {processor.py:914} INFO - Processing file /home/airflow/.local/lib/python3.12/site-packages/airflow/example_dags/example_trigger_target_dag.py for tasks to queue
[2024-11-16T05:49:05.192+0000] {logging_mixin.py:190} INFO - [2024-11-16T05:49:05.192+0000] {dagbag.py:588} INFO - Filling up the DagBag from /home/airflow/.local/lib/python3.12/site-packages/airflow/example_dags/example_trigger_target_dag.py
[2024-11-16T05:49:05.198+0000] {processor.py:925} INFO - DAG(s) 'example_trigger_target_dag' retrieved from /home/airflow/.local/lib/python3.12/site-packages/airflow/example_dags/example_trigger_target_dag.py
[2024-11-16T05:49:05.214+0000] {logging_mixin.py:190} INFO - [2024-11-16T05:49:05.214+0000] {dag.py:3239} INFO - Sync 1 DAGs
[2024-11-16T05:49:05.226+0000] {logging_mixin.py:190} INFO - [2024-11-16T05:49:05.225+0000] {dag.py:4180} INFO - Setting next_dagrun for example_trigger_target_dag to None, run_after=None
[2024-11-16T05:49:05.242+0000] {processor.py:208} INFO - Processing /home/airflow/.local/lib/python3.12/site-packages/airflow/example_dags/example_trigger_target_dag.py took 0.059 seconds
[2024-11-16T05:49:35.827+0000] {processor.py:186} INFO - Started process (PID=572) to work on /home/airflow/.local/lib/python3.12/site-packages/airflow/example_dags/example_trigger_target_dag.py
[2024-11-16T05:49:35.828+0000] {processor.py:914} INFO - Processing file /home/airflow/.local/lib/python3.12/site-packages/airflow/example_dags/example_trigger_target_dag.py for tasks to queue
[2024-11-16T05:49:35.829+0000] {logging_mixin.py:190} INFO - [2024-11-16T05:49:35.829+0000] {dagbag.py:588} INFO - Filling up the DagBag from /home/airflow/.local/lib/python3.12/site-packages/airflow/example_dags/example_trigger_target_dag.py
[2024-11-16T05:49:35.834+0000] {processor.py:925} INFO - DAG(s) 'example_trigger_target_dag' retrieved from /home/airflow/.local/lib/python3.12/site-packages/airflow/example_dags/example_trigger_target_dag.py
[2024-11-16T05:49:35.847+0000] {logging_mixin.py:190} INFO - [2024-11-16T05:49:35.847+0000] {dag.py:3239} INFO - Sync 1 DAGs
[2024-11-16T05:49:35.857+0000] {logging_mixin.py:190} INFO - [2024-11-16T05:49:35.856+0000] {dag.py:4180} INFO - Setting next_dagrun for example_trigger_target_dag to None, run_after=None
[2024-11-16T05:49:35.871+0000] {processor.py:208} INFO - Processing /home/airflow/.local/lib/python3.12/site-packages/airflow/example_dags/example_trigger_target_dag.py took 0.048 seconds
[2024-11-16T05:50:49.819+0000] {processor.py:186} INFO - Started process (PID=105) to work on /home/airflow/.local/lib/python3.12/site-packages/airflow/example_dags/example_trigger_target_dag.py
[2024-11-16T05:50:49.820+0000] {processor.py:914} INFO - Processing file /home/airflow/.local/lib/python3.12/site-packages/airflow/example_dags/example_trigger_target_dag.py for tasks to queue
[2024-11-16T05:50:49.822+0000] {logging_mixin.py:190} INFO - [2024-11-16T05:50:49.822+0000] {dagbag.py:588} INFO - Filling up the DagBag from /home/airflow/.local/lib/python3.12/site-packages/airflow/example_dags/example_trigger_target_dag.py
[2024-11-16T05:50:49.828+0000] {processor.py:925} INFO - DAG(s) 'example_trigger_target_dag' retrieved from /home/airflow/.local/lib/python3.12/site-packages/airflow/example_dags/example_trigger_target_dag.py
[2024-11-16T05:50:49.844+0000] {logging_mixin.py:190} INFO - [2024-11-16T05:50:49.843+0000] {dag.py:3239} INFO - Sync 1 DAGs
[2024-11-16T05:50:49.857+0000] {logging_mixin.py:190} INFO - [2024-11-16T05:50:49.857+0000] {dag.py:4180} INFO - Setting next_dagrun for example_trigger_target_dag to None, run_after=None
[2024-11-16T05:50:49.873+0000] {processor.py:208} INFO - Processing /home/airflow/.local/lib/python3.12/site-packages/airflow/example_dags/example_trigger_target_dag.py took 0.058 seconds
[2024-11-16T05:51:20.323+0000] {processor.py:186} INFO - Started process (PID=173) to work on /home/airflow/.local/lib/python3.12/site-packages/airflow/example_dags/example_trigger_target_dag.py
[2024-11-16T05:51:20.324+0000] {processor.py:914} INFO - Processing file /home/airflow/.local/lib/python3.12/site-packages/airflow/example_dags/example_trigger_target_dag.py for tasks to queue
[2024-11-16T05:51:20.327+0000] {logging_mixin.py:190} INFO - [2024-11-16T05:51:20.326+0000] {dagbag.py:588} INFO - Filling up the DagBag from /home/airflow/.local/lib/python3.12/site-packages/airflow/example_dags/example_trigger_target_dag.py
[2024-11-16T05:51:20.338+0000] {processor.py:925} INFO - DAG(s) 'example_trigger_target_dag' retrieved from /home/airflow/.local/lib/python3.12/site-packages/airflow/example_dags/example_trigger_target_dag.py
[2024-11-16T05:51:20.363+0000] {logging_mixin.py:190} INFO - [2024-11-16T05:51:20.363+0000] {dag.py:3239} INFO - Sync 1 DAGs
[2024-11-16T05:51:20.384+0000] {logging_mixin.py:190} INFO - [2024-11-16T05:51:20.383+0000] {dag.py:4180} INFO - Setting next_dagrun for example_trigger_target_dag to None, run_after=None
[2024-11-16T05:51:20.413+0000] {processor.py:208} INFO - Processing /home/airflow/.local/lib/python3.12/site-packages/airflow/example_dags/example_trigger_target_dag.py took 0.097 seconds
[2024-11-16T05:51:50.453+0000] {processor.py:186} INFO - Started process (PID=240) to work on /home/airflow/.local/lib/python3.12/site-packages/airflow/example_dags/example_trigger_target_dag.py
[2024-11-16T05:51:50.454+0000] {processor.py:914} INFO - Processing file /home/airflow/.local/lib/python3.12/site-packages/airflow/example_dags/example_trigger_target_dag.py for tasks to queue
[2024-11-16T05:51:50.456+0000] {logging_mixin.py:190} INFO - [2024-11-16T05:51:50.456+0000] {dagbag.py:588} INFO - Filling up the DagBag from /home/airflow/.local/lib/python3.12/site-packages/airflow/example_dags/example_trigger_target_dag.py
[2024-11-16T05:51:50.463+0000] {processor.py:925} INFO - DAG(s) 'example_trigger_target_dag' retrieved from /home/airflow/.local/lib/python3.12/site-packages/airflow/example_dags/example_trigger_target_dag.py
[2024-11-16T05:51:50.479+0000] {logging_mixin.py:190} INFO - [2024-11-16T05:51:50.478+0000] {dag.py:3239} INFO - Sync 1 DAGs
[2024-11-16T05:51:50.491+0000] {logging_mixin.py:190} INFO - [2024-11-16T05:51:50.490+0000] {dag.py:4180} INFO - Setting next_dagrun for example_trigger_target_dag to None, run_after=None
[2024-11-16T05:51:50.508+0000] {processor.py:208} INFO - Processing /home/airflow/.local/lib/python3.12/site-packages/airflow/example_dags/example_trigger_target_dag.py took 0.060 seconds
[2024-11-16T05:52:21.452+0000] {processor.py:186} INFO - Started process (PID=308) to work on /home/airflow/.local/lib/python3.12/site-packages/airflow/example_dags/example_trigger_target_dag.py
[2024-11-16T05:52:21.453+0000] {processor.py:914} INFO - Processing file /home/airflow/.local/lib/python3.12/site-packages/airflow/example_dags/example_trigger_target_dag.py for tasks to queue
[2024-11-16T05:52:21.456+0000] {logging_mixin.py:190} INFO - [2024-11-16T05:52:21.455+0000] {dagbag.py:588} INFO - Filling up the DagBag from /home/airflow/.local/lib/python3.12/site-packages/airflow/example_dags/example_trigger_target_dag.py
[2024-11-16T05:52:21.464+0000] {processor.py:925} INFO - DAG(s) 'example_trigger_target_dag' retrieved from /home/airflow/.local/lib/python3.12/site-packages/airflow/example_dags/example_trigger_target_dag.py
[2024-11-16T05:52:21.491+0000] {logging_mixin.py:190} INFO - [2024-11-16T05:52:21.491+0000] {dag.py:3239} INFO - Sync 1 DAGs
[2024-11-16T05:52:21.510+0000] {logging_mixin.py:190} INFO - [2024-11-16T05:52:21.509+0000] {dag.py:4180} INFO - Setting next_dagrun for example_trigger_target_dag to None, run_after=None
[2024-11-16T05:52:21.536+0000] {processor.py:208} INFO - Processing /home/airflow/.local/lib/python3.12/site-packages/airflow/example_dags/example_trigger_target_dag.py took 0.090 seconds
[2024-11-16T05:52:52.521+0000] {processor.py:186} INFO - Started process (PID=376) to work on /home/airflow/.local/lib/python3.12/site-packages/airflow/example_dags/example_trigger_target_dag.py
[2024-11-16T05:52:52.522+0000] {processor.py:914} INFO - Processing file /home/airflow/.local/lib/python3.12/site-packages/airflow/example_dags/example_trigger_target_dag.py for tasks to queue
[2024-11-16T05:52:52.523+0000] {logging_mixin.py:190} INFO - [2024-11-16T05:52:52.523+0000] {dagbag.py:588} INFO - Filling up the DagBag from /home/airflow/.local/lib/python3.12/site-packages/airflow/example_dags/example_trigger_target_dag.py
[2024-11-16T05:52:52.528+0000] {processor.py:925} INFO - DAG(s) 'example_trigger_target_dag' retrieved from /home/airflow/.local/lib/python3.12/site-packages/airflow/example_dags/example_trigger_target_dag.py
[2024-11-16T05:52:52.541+0000] {logging_mixin.py:190} INFO - [2024-11-16T05:52:52.540+0000] {dag.py:3239} INFO - Sync 1 DAGs
[2024-11-16T05:52:52.549+0000] {logging_mixin.py:190} INFO - [2024-11-16T05:52:52.549+0000] {dag.py:4180} INFO - Setting next_dagrun for example_trigger_target_dag to None, run_after=None
[2024-11-16T05:52:52.562+0000] {processor.py:208} INFO - Processing /home/airflow/.local/lib/python3.12/site-packages/airflow/example_dags/example_trigger_target_dag.py took 0.044 seconds
[2024-11-16T05:53:23.172+0000] {processor.py:186} INFO - Started process (PID=444) to work on /home/airflow/.local/lib/python3.12/site-packages/airflow/example_dags/example_trigger_target_dag.py
[2024-11-16T05:53:23.173+0000] {processor.py:914} INFO - Processing file /home/airflow/.local/lib/python3.12/site-packages/airflow/example_dags/example_trigger_target_dag.py for tasks to queue
[2024-11-16T05:53:23.175+0000] {logging_mixin.py:190} INFO - [2024-11-16T05:53:23.175+0000] {dagbag.py:588} INFO - Filling up the DagBag from /home/airflow/.local/lib/python3.12/site-packages/airflow/example_dags/example_trigger_target_dag.py
[2024-11-16T05:53:23.188+0000] {processor.py:925} INFO - DAG(s) 'example_trigger_target_dag' retrieved from /home/airflow/.local/lib/python3.12/site-packages/airflow/example_dags/example_trigger_target_dag.py
[2024-11-16T05:53:23.204+0000] {logging_mixin.py:190} INFO - [2024-11-16T05:53:23.204+0000] {dag.py:3239} INFO - Sync 1 DAGs
[2024-11-16T05:53:23.216+0000] {logging_mixin.py:190} INFO - [2024-11-16T05:53:23.215+0000] {dag.py:4180} INFO - Setting next_dagrun for example_trigger_target_dag to None, run_after=None
[2024-11-16T05:53:23.234+0000] {processor.py:208} INFO - Processing /home/airflow/.local/lib/python3.12/site-packages/airflow/example_dags/example_trigger_target_dag.py took 0.068 seconds
[2024-11-16T05:53:53.370+0000] {processor.py:186} INFO - Started process (PID=512) to work on /home/airflow/.local/lib/python3.12/site-packages/airflow/example_dags/example_trigger_target_dag.py
[2024-11-16T05:53:53.371+0000] {processor.py:914} INFO - Processing file /home/airflow/.local/lib/python3.12/site-packages/airflow/example_dags/example_trigger_target_dag.py for tasks to queue
[2024-11-16T05:53:53.372+0000] {logging_mixin.py:190} INFO - [2024-11-16T05:53:53.372+0000] {dagbag.py:588} INFO - Filling up the DagBag from /home/airflow/.local/lib/python3.12/site-packages/airflow/example_dags/example_trigger_target_dag.py
[2024-11-16T05:53:53.378+0000] {processor.py:925} INFO - DAG(s) 'example_trigger_target_dag' retrieved from /home/airflow/.local/lib/python3.12/site-packages/airflow/example_dags/example_trigger_target_dag.py
[2024-11-16T05:53:53.392+0000] {logging_mixin.py:190} INFO - [2024-11-16T05:53:53.392+0000] {dag.py:3239} INFO - Sync 1 DAGs
[2024-11-16T05:53:53.405+0000] {logging_mixin.py:190} INFO - [2024-11-16T05:53:53.405+0000] {dag.py:4180} INFO - Setting next_dagrun for example_trigger_target_dag to None, run_after=None
[2024-11-16T05:53:53.418+0000] {processor.py:208} INFO - Processing /home/airflow/.local/lib/python3.12/site-packages/airflow/example_dags/example_trigger_target_dag.py took 0.052 seconds
[2024-11-16T05:54:23.728+0000] {processor.py:186} INFO - Started process (PID=579) to work on /home/airflow/.local/lib/python3.12/site-packages/airflow/example_dags/example_trigger_target_dag.py
[2024-11-16T05:54:23.729+0000] {processor.py:914} INFO - Processing file /home/airflow/.local/lib/python3.12/site-packages/airflow/example_dags/example_trigger_target_dag.py for tasks to queue
[2024-11-16T05:54:23.730+0000] {logging_mixin.py:190} INFO - [2024-11-16T05:54:23.730+0000] {dagbag.py:588} INFO - Filling up the DagBag from /home/airflow/.local/lib/python3.12/site-packages/airflow/example_dags/example_trigger_target_dag.py
[2024-11-16T05:54:23.736+0000] {processor.py:925} INFO - DAG(s) 'example_trigger_target_dag' retrieved from /home/airflow/.local/lib/python3.12/site-packages/airflow/example_dags/example_trigger_target_dag.py
[2024-11-16T05:54:23.749+0000] {logging_mixin.py:190} INFO - [2024-11-16T05:54:23.748+0000] {dag.py:3239} INFO - Sync 1 DAGs
[2024-11-16T05:54:23.758+0000] {logging_mixin.py:190} INFO - [2024-11-16T05:54:23.758+0000] {dag.py:4180} INFO - Setting next_dagrun for example_trigger_target_dag to None, run_after=None
[2024-11-16T05:54:23.772+0000] {processor.py:208} INFO - Processing /home/airflow/.local/lib/python3.12/site-packages/airflow/example_dags/example_trigger_target_dag.py took 0.048 seconds
[2024-11-16T05:54:54.059+0000] {processor.py:186} INFO - Started process (PID=647) to work on /home/airflow/.local/lib/python3.12/site-packages/airflow/example_dags/example_trigger_target_dag.py
[2024-11-16T05:54:54.060+0000] {processor.py:914} INFO - Processing file /home/airflow/.local/lib/python3.12/site-packages/airflow/example_dags/example_trigger_target_dag.py for tasks to queue
[2024-11-16T05:54:54.061+0000] {logging_mixin.py:190} INFO - [2024-11-16T05:54:54.061+0000] {dagbag.py:588} INFO - Filling up the DagBag from /home/airflow/.local/lib/python3.12/site-packages/airflow/example_dags/example_trigger_target_dag.py
[2024-11-16T05:54:54.067+0000] {processor.py:925} INFO - DAG(s) 'example_trigger_target_dag' retrieved from /home/airflow/.local/lib/python3.12/site-packages/airflow/example_dags/example_trigger_target_dag.py
[2024-11-16T05:54:54.080+0000] {logging_mixin.py:190} INFO - [2024-11-16T05:54:54.080+0000] {dag.py:3239} INFO - Sync 1 DAGs
[2024-11-16T05:54:54.090+0000] {logging_mixin.py:190} INFO - [2024-11-16T05:54:54.089+0000] {dag.py:4180} INFO - Setting next_dagrun for example_trigger_target_dag to None, run_after=None
[2024-11-16T05:54:54.104+0000] {processor.py:208} INFO - Processing /home/airflow/.local/lib/python3.12/site-packages/airflow/example_dags/example_trigger_target_dag.py took 0.049 seconds
[2024-11-16T05:55:24.492+0000] {processor.py:186} INFO - Started process (PID=715) to work on /home/airflow/.local/lib/python3.12/site-packages/airflow/example_dags/example_trigger_target_dag.py
[2024-11-16T05:55:24.493+0000] {processor.py:914} INFO - Processing file /home/airflow/.local/lib/python3.12/site-packages/airflow/example_dags/example_trigger_target_dag.py for tasks to queue
[2024-11-16T05:55:24.495+0000] {logging_mixin.py:190} INFO - [2024-11-16T05:55:24.495+0000] {dagbag.py:588} INFO - Filling up the DagBag from /home/airflow/.local/lib/python3.12/site-packages/airflow/example_dags/example_trigger_target_dag.py
[2024-11-16T05:55:24.504+0000] {processor.py:925} INFO - DAG(s) 'example_trigger_target_dag' retrieved from /home/airflow/.local/lib/python3.12/site-packages/airflow/example_dags/example_trigger_target_dag.py
[2024-11-16T05:55:24.520+0000] {logging_mixin.py:190} INFO - [2024-11-16T05:55:24.520+0000] {dag.py:3239} INFO - Sync 1 DAGs
[2024-11-16T05:55:24.532+0000] {logging_mixin.py:190} INFO - [2024-11-16T05:55:24.532+0000] {dag.py:4180} INFO - Setting next_dagrun for example_trigger_target_dag to None, run_after=None
[2024-11-16T05:55:24.556+0000] {processor.py:208} INFO - Processing /home/airflow/.local/lib/python3.12/site-packages/airflow/example_dags/example_trigger_target_dag.py took 0.068 seconds
[2024-11-16T05:55:54.856+0000] {processor.py:186} INFO - Started process (PID=783) to work on /home/airflow/.local/lib/python3.12/site-packages/airflow/example_dags/example_trigger_target_dag.py
[2024-11-16T05:55:54.857+0000] {processor.py:914} INFO - Processing file /home/airflow/.local/lib/python3.12/site-packages/airflow/example_dags/example_trigger_target_dag.py for tasks to queue
[2024-11-16T05:55:54.858+0000] {logging_mixin.py:190} INFO - [2024-11-16T05:55:54.858+0000] {dagbag.py:588} INFO - Filling up the DagBag from /home/airflow/.local/lib/python3.12/site-packages/airflow/example_dags/example_trigger_target_dag.py
[2024-11-16T05:55:54.863+0000] {processor.py:925} INFO - DAG(s) 'example_trigger_target_dag' retrieved from /home/airflow/.local/lib/python3.12/site-packages/airflow/example_dags/example_trigger_target_dag.py
[2024-11-16T05:55:54.875+0000] {logging_mixin.py:190} INFO - [2024-11-16T05:55:54.875+0000] {dag.py:3239} INFO - Sync 1 DAGs
[2024-11-16T05:55:54.884+0000] {logging_mixin.py:190} INFO - [2024-11-16T05:55:54.884+0000] {dag.py:4180} INFO - Setting next_dagrun for example_trigger_target_dag to None, run_after=None
[2024-11-16T05:55:54.898+0000] {processor.py:208} INFO - Processing /home/airflow/.local/lib/python3.12/site-packages/airflow/example_dags/example_trigger_target_dag.py took 0.045 seconds
[2024-11-16T05:56:25.275+0000] {processor.py:186} INFO - Started process (PID=851) to work on /home/airflow/.local/lib/python3.12/site-packages/airflow/example_dags/example_trigger_target_dag.py
[2024-11-16T05:56:25.276+0000] {processor.py:914} INFO - Processing file /home/airflow/.local/lib/python3.12/site-packages/airflow/example_dags/example_trigger_target_dag.py for tasks to queue
[2024-11-16T05:56:25.278+0000] {logging_mixin.py:190} INFO - [2024-11-16T05:56:25.277+0000] {dagbag.py:588} INFO - Filling up the DagBag from /home/airflow/.local/lib/python3.12/site-packages/airflow/example_dags/example_trigger_target_dag.py
[2024-11-16T05:56:25.283+0000] {processor.py:925} INFO - DAG(s) 'example_trigger_target_dag' retrieved from /home/airflow/.local/lib/python3.12/site-packages/airflow/example_dags/example_trigger_target_dag.py
[2024-11-16T05:56:25.296+0000] {logging_mixin.py:190} INFO - [2024-11-16T05:56:25.296+0000] {dag.py:3239} INFO - Sync 1 DAGs
[2024-11-16T05:56:25.305+0000] {logging_mixin.py:190} INFO - [2024-11-16T05:56:25.304+0000] {dag.py:4180} INFO - Setting next_dagrun for example_trigger_target_dag to None, run_after=None
[2024-11-16T05:56:25.318+0000] {processor.py:208} INFO - Processing /home/airflow/.local/lib/python3.12/site-packages/airflow/example_dags/example_trigger_target_dag.py took 0.046 seconds
[2024-11-16T05:56:55.495+0000] {processor.py:186} INFO - Started process (PID=919) to work on /home/airflow/.local/lib/python3.12/site-packages/airflow/example_dags/example_trigger_target_dag.py
[2024-11-16T05:56:55.496+0000] {processor.py:914} INFO - Processing file /home/airflow/.local/lib/python3.12/site-packages/airflow/example_dags/example_trigger_target_dag.py for tasks to queue
[2024-11-16T05:56:55.497+0000] {logging_mixin.py:190} INFO - [2024-11-16T05:56:55.497+0000] {dagbag.py:588} INFO - Filling up the DagBag from /home/airflow/.local/lib/python3.12/site-packages/airflow/example_dags/example_trigger_target_dag.py
[2024-11-16T05:56:55.504+0000] {processor.py:925} INFO - DAG(s) 'example_trigger_target_dag' retrieved from /home/airflow/.local/lib/python3.12/site-packages/airflow/example_dags/example_trigger_target_dag.py
[2024-11-16T05:56:55.519+0000] {logging_mixin.py:190} INFO - [2024-11-16T05:56:55.518+0000] {dag.py:3239} INFO - Sync 1 DAGs
[2024-11-16T05:56:55.530+0000] {logging_mixin.py:190} INFO - [2024-11-16T05:56:55.530+0000] {dag.py:4180} INFO - Setting next_dagrun for example_trigger_target_dag to None, run_after=None
[2024-11-16T05:56:55.545+0000] {processor.py:208} INFO - Processing /home/airflow/.local/lib/python3.12/site-packages/airflow/example_dags/example_trigger_target_dag.py took 0.054 seconds
[2024-11-16T06:44:18.179+0000] {processor.py:186} INFO - Started process (PID=113) to work on /home/airflow/.local/lib/python3.12/site-packages/airflow/example_dags/example_trigger_target_dag.py
[2024-11-16T06:44:18.180+0000] {processor.py:914} INFO - Processing file /home/airflow/.local/lib/python3.12/site-packages/airflow/example_dags/example_trigger_target_dag.py for tasks to queue
[2024-11-16T06:44:18.183+0000] {logging_mixin.py:190} INFO - [2024-11-16T06:44:18.183+0000] {dagbag.py:588} INFO - Filling up the DagBag from /home/airflow/.local/lib/python3.12/site-packages/airflow/example_dags/example_trigger_target_dag.py
[2024-11-16T06:44:18.196+0000] {processor.py:925} INFO - DAG(s) 'example_trigger_target_dag' retrieved from /home/airflow/.local/lib/python3.12/site-packages/airflow/example_dags/example_trigger_target_dag.py
[2024-11-16T06:44:18.217+0000] {logging_mixin.py:190} INFO - [2024-11-16T06:44:18.217+0000] {dag.py:3239} INFO - Sync 1 DAGs
[2024-11-16T06:44:18.232+0000] {logging_mixin.py:190} INFO - [2024-11-16T06:44:18.231+0000] {dag.py:4180} INFO - Setting next_dagrun for example_trigger_target_dag to None, run_after=None
[2024-11-16T06:44:18.261+0000] {processor.py:208} INFO - Processing /home/airflow/.local/lib/python3.12/site-packages/airflow/example_dags/example_trigger_target_dag.py took 0.090 seconds
[2024-11-16T06:44:49.509+0000] {processor.py:186} INFO - Started process (PID=181) to work on /home/airflow/.local/lib/python3.12/site-packages/airflow/example_dags/example_trigger_target_dag.py
[2024-11-16T06:44:49.510+0000] {processor.py:914} INFO - Processing file /home/airflow/.local/lib/python3.12/site-packages/airflow/example_dags/example_trigger_target_dag.py for tasks to queue
[2024-11-16T06:44:49.517+0000] {logging_mixin.py:190} INFO - [2024-11-16T06:44:49.515+0000] {dagbag.py:588} INFO - Filling up the DagBag from /home/airflow/.local/lib/python3.12/site-packages/airflow/example_dags/example_trigger_target_dag.py
[2024-11-16T06:44:49.535+0000] {processor.py:925} INFO - DAG(s) 'example_trigger_target_dag' retrieved from /home/airflow/.local/lib/python3.12/site-packages/airflow/example_dags/example_trigger_target_dag.py
[2024-11-16T06:44:49.577+0000] {logging_mixin.py:190} INFO - [2024-11-16T06:44:49.577+0000] {dag.py:3239} INFO - Sync 1 DAGs
[2024-11-16T06:44:49.607+0000] {logging_mixin.py:190} INFO - [2024-11-16T06:44:49.606+0000] {dag.py:4180} INFO - Setting next_dagrun for example_trigger_target_dag to None, run_after=None
[2024-11-16T06:44:49.641+0000] {processor.py:208} INFO - Processing /home/airflow/.local/lib/python3.12/site-packages/airflow/example_dags/example_trigger_target_dag.py took 0.138 seconds
[2024-11-16T06:45:19.949+0000] {processor.py:186} INFO - Started process (PID=249) to work on /home/airflow/.local/lib/python3.12/site-packages/airflow/example_dags/example_trigger_target_dag.py
[2024-11-16T06:45:19.950+0000] {processor.py:914} INFO - Processing file /home/airflow/.local/lib/python3.12/site-packages/airflow/example_dags/example_trigger_target_dag.py for tasks to queue
[2024-11-16T06:45:19.955+0000] {logging_mixin.py:190} INFO - [2024-11-16T06:45:19.954+0000] {dagbag.py:588} INFO - Filling up the DagBag from /home/airflow/.local/lib/python3.12/site-packages/airflow/example_dags/example_trigger_target_dag.py
[2024-11-16T06:45:19.963+0000] {processor.py:925} INFO - DAG(s) 'example_trigger_target_dag' retrieved from /home/airflow/.local/lib/python3.12/site-packages/airflow/example_dags/example_trigger_target_dag.py
[2024-11-16T06:45:19.989+0000] {logging_mixin.py:190} INFO - [2024-11-16T06:45:19.988+0000] {dag.py:3239} INFO - Sync 1 DAGs
[2024-11-16T06:45:20.005+0000] {logging_mixin.py:190} INFO - [2024-11-16T06:45:20.005+0000] {dag.py:4180} INFO - Setting next_dagrun for example_trigger_target_dag to None, run_after=None
[2024-11-16T06:45:20.022+0000] {processor.py:208} INFO - Processing /home/airflow/.local/lib/python3.12/site-packages/airflow/example_dags/example_trigger_target_dag.py took 0.078 seconds
[2024-11-16T06:45:50.111+0000] {processor.py:186} INFO - Started process (PID=316) to work on /home/airflow/.local/lib/python3.12/site-packages/airflow/example_dags/example_trigger_target_dag.py
[2024-11-16T06:45:50.112+0000] {processor.py:914} INFO - Processing file /home/airflow/.local/lib/python3.12/site-packages/airflow/example_dags/example_trigger_target_dag.py for tasks to queue
[2024-11-16T06:45:50.113+0000] {logging_mixin.py:190} INFO - [2024-11-16T06:45:50.113+0000] {dagbag.py:588} INFO - Filling up the DagBag from /home/airflow/.local/lib/python3.12/site-packages/airflow/example_dags/example_trigger_target_dag.py
[2024-11-16T06:45:50.119+0000] {processor.py:925} INFO - DAG(s) 'example_trigger_target_dag' retrieved from /home/airflow/.local/lib/python3.12/site-packages/airflow/example_dags/example_trigger_target_dag.py
[2024-11-16T06:45:50.132+0000] {logging_mixin.py:190} INFO - [2024-11-16T06:45:50.132+0000] {dag.py:3239} INFO - Sync 1 DAGs
[2024-11-16T06:45:50.147+0000] {logging_mixin.py:190} INFO - [2024-11-16T06:45:50.146+0000] {dag.py:4180} INFO - Setting next_dagrun for example_trigger_target_dag to None, run_after=None
[2024-11-16T06:45:50.179+0000] {processor.py:208} INFO - Processing /home/airflow/.local/lib/python3.12/site-packages/airflow/example_dags/example_trigger_target_dag.py took 0.072 seconds
[2024-11-16T06:46:20.735+0000] {processor.py:186} INFO - Started process (PID=384) to work on /home/airflow/.local/lib/python3.12/site-packages/airflow/example_dags/example_trigger_target_dag.py
[2024-11-16T06:46:20.736+0000] {processor.py:914} INFO - Processing file /home/airflow/.local/lib/python3.12/site-packages/airflow/example_dags/example_trigger_target_dag.py for tasks to queue
[2024-11-16T06:46:20.737+0000] {logging_mixin.py:190} INFO - [2024-11-16T06:46:20.737+0000] {dagbag.py:588} INFO - Filling up the DagBag from /home/airflow/.local/lib/python3.12/site-packages/airflow/example_dags/example_trigger_target_dag.py
[2024-11-16T06:46:20.743+0000] {processor.py:925} INFO - DAG(s) 'example_trigger_target_dag' retrieved from /home/airflow/.local/lib/python3.12/site-packages/airflow/example_dags/example_trigger_target_dag.py
[2024-11-16T06:46:20.760+0000] {logging_mixin.py:190} INFO - [2024-11-16T06:46:20.760+0000] {dag.py:3239} INFO - Sync 1 DAGs
[2024-11-16T06:46:20.776+0000] {logging_mixin.py:190} INFO - [2024-11-16T06:46:20.776+0000] {dag.py:4180} INFO - Setting next_dagrun for example_trigger_target_dag to None, run_after=None
[2024-11-16T06:46:20.800+0000] {processor.py:208} INFO - Processing /home/airflow/.local/lib/python3.12/site-packages/airflow/example_dags/example_trigger_target_dag.py took 0.070 seconds
[2024-11-16T07:28:10.196+0000] {processor.py:186} INFO - Started process (PID=111) to work on /home/airflow/.local/lib/python3.12/site-packages/airflow/example_dags/example_trigger_target_dag.py
[2024-11-16T07:28:10.198+0000] {processor.py:914} INFO - Processing file /home/airflow/.local/lib/python3.12/site-packages/airflow/example_dags/example_trigger_target_dag.py for tasks to queue
[2024-11-16T07:28:10.200+0000] {logging_mixin.py:190} INFO - [2024-11-16T07:28:10.199+0000] {dagbag.py:588} INFO - Filling up the DagBag from /home/airflow/.local/lib/python3.12/site-packages/airflow/example_dags/example_trigger_target_dag.py
[2024-11-16T07:28:10.206+0000] {processor.py:925} INFO - DAG(s) 'example_trigger_target_dag' retrieved from /home/airflow/.local/lib/python3.12/site-packages/airflow/example_dags/example_trigger_target_dag.py
[2024-11-16T07:28:10.304+0000] {logging_mixin.py:190} INFO - [2024-11-16T07:28:10.303+0000] {override.py:1900} INFO - Created Permission View: can read on DAG:example_trigger_target_dag
[2024-11-16T07:28:10.314+0000] {logging_mixin.py:190} INFO - [2024-11-16T07:28:10.314+0000] {override.py:1900} INFO - Created Permission View: can edit on DAG:example_trigger_target_dag
[2024-11-16T07:28:10.323+0000] {logging_mixin.py:190} INFO - [2024-11-16T07:28:10.323+0000] {override.py:1900} INFO - Created Permission View: can delete on DAG:example_trigger_target_dag
[2024-11-16T07:28:10.336+0000] {logging_mixin.py:190} INFO - [2024-11-16T07:28:10.335+0000] {override.py:1900} INFO - Created Permission View: can read on DAG Run:example_trigger_target_dag
[2024-11-16T07:28:10.344+0000] {logging_mixin.py:190} INFO - [2024-11-16T07:28:10.344+0000] {override.py:1900} INFO - Created Permission View: menu access on DAG Run:example_trigger_target_dag
[2024-11-16T07:28:10.351+0000] {logging_mixin.py:190} INFO - [2024-11-16T07:28:10.351+0000] {override.py:1900} INFO - Created Permission View: can create on DAG Run:example_trigger_target_dag
[2024-11-16T07:28:10.359+0000] {logging_mixin.py:190} INFO - [2024-11-16T07:28:10.359+0000] {override.py:1900} INFO - Created Permission View: can delete on DAG Run:example_trigger_target_dag
[2024-11-16T07:28:10.359+0000] {logging_mixin.py:190} INFO - [2024-11-16T07:28:10.359+0000] {dag.py:3239} INFO - Sync 1 DAGs
[2024-11-16T07:28:10.371+0000] {logging_mixin.py:190} INFO - [2024-11-16T07:28:10.371+0000] {dag.py:3262} INFO - Creating ORM DAG for example_trigger_target_dag
[2024-11-16T07:28:10.372+0000] {logging_mixin.py:190} INFO - [2024-11-16T07:28:10.371+0000] {dag.py:4180} INFO - Setting next_dagrun for example_trigger_target_dag to None, run_after=None
[2024-11-16T07:28:10.388+0000] {processor.py:208} INFO - Processing /home/airflow/.local/lib/python3.12/site-packages/airflow/example_dags/example_trigger_target_dag.py took 0.197 seconds
[2024-11-16T07:28:40.424+0000] {processor.py:186} INFO - Started process (PID=178) to work on /home/airflow/.local/lib/python3.12/site-packages/airflow/example_dags/example_trigger_target_dag.py
[2024-11-16T07:28:40.424+0000] {processor.py:914} INFO - Processing file /home/airflow/.local/lib/python3.12/site-packages/airflow/example_dags/example_trigger_target_dag.py for tasks to queue
[2024-11-16T07:28:40.426+0000] {logging_mixin.py:190} INFO - [2024-11-16T07:28:40.425+0000] {dagbag.py:588} INFO - Filling up the DagBag from /home/airflow/.local/lib/python3.12/site-packages/airflow/example_dags/example_trigger_target_dag.py
[2024-11-16T07:28:40.430+0000] {processor.py:925} INFO - DAG(s) 'example_trigger_target_dag' retrieved from /home/airflow/.local/lib/python3.12/site-packages/airflow/example_dags/example_trigger_target_dag.py
[2024-11-16T07:28:40.443+0000] {logging_mixin.py:190} INFO - [2024-11-16T07:28:40.443+0000] {dag.py:3239} INFO - Sync 1 DAGs
[2024-11-16T07:28:40.452+0000] {logging_mixin.py:190} INFO - [2024-11-16T07:28:40.451+0000] {dag.py:4180} INFO - Setting next_dagrun for example_trigger_target_dag to None, run_after=None
[2024-11-16T07:28:40.465+0000] {processor.py:208} INFO - Processing /home/airflow/.local/lib/python3.12/site-packages/airflow/example_dags/example_trigger_target_dag.py took 0.044 seconds
[2024-11-16T07:29:44.333+0000] {processor.py:186} INFO - Started process (PID=246) to work on /home/airflow/.local/lib/python3.12/site-packages/airflow/example_dags/example_trigger_target_dag.py
[2024-11-16T07:29:44.334+0000] {processor.py:914} INFO - Processing file /home/airflow/.local/lib/python3.12/site-packages/airflow/example_dags/example_trigger_target_dag.py for tasks to queue
[2024-11-16T07:29:44.336+0000] {logging_mixin.py:190} INFO - [2024-11-16T07:29:44.336+0000] {dagbag.py:588} INFO - Filling up the DagBag from /home/airflow/.local/lib/python3.12/site-packages/airflow/example_dags/example_trigger_target_dag.py
[2024-11-16T07:29:44.343+0000] {processor.py:925} INFO - DAG(s) 'example_trigger_target_dag' retrieved from /home/airflow/.local/lib/python3.12/site-packages/airflow/example_dags/example_trigger_target_dag.py
[2024-11-16T07:29:44.362+0000] {logging_mixin.py:190} INFO - [2024-11-16T07:29:44.361+0000] {dag.py:3239} INFO - Sync 1 DAGs
[2024-11-16T07:29:44.381+0000] {logging_mixin.py:190} INFO - [2024-11-16T07:29:44.381+0000] {dag.py:4180} INFO - Setting next_dagrun for example_trigger_target_dag to None, run_after=None
[2024-11-16T07:29:44.407+0000] {processor.py:208} INFO - Processing /home/airflow/.local/lib/python3.12/site-packages/airflow/example_dags/example_trigger_target_dag.py took 0.079 seconds
[2024-11-16T07:30:15.183+0000] {processor.py:186} INFO - Started process (PID=313) to work on /home/airflow/.local/lib/python3.12/site-packages/airflow/example_dags/example_trigger_target_dag.py
[2024-11-16T07:30:15.184+0000] {processor.py:914} INFO - Processing file /home/airflow/.local/lib/python3.12/site-packages/airflow/example_dags/example_trigger_target_dag.py for tasks to queue
[2024-11-16T07:30:15.185+0000] {logging_mixin.py:190} INFO - [2024-11-16T07:30:15.184+0000] {dagbag.py:588} INFO - Filling up the DagBag from /home/airflow/.local/lib/python3.12/site-packages/airflow/example_dags/example_trigger_target_dag.py
[2024-11-16T07:30:15.190+0000] {processor.py:925} INFO - DAG(s) 'example_trigger_target_dag' retrieved from /home/airflow/.local/lib/python3.12/site-packages/airflow/example_dags/example_trigger_target_dag.py
[2024-11-16T07:30:15.203+0000] {logging_mixin.py:190} INFO - [2024-11-16T07:30:15.203+0000] {dag.py:3239} INFO - Sync 1 DAGs
[2024-11-16T07:30:15.213+0000] {logging_mixin.py:190} INFO - [2024-11-16T07:30:15.213+0000] {dag.py:4180} INFO - Setting next_dagrun for example_trigger_target_dag to None, run_after=None
[2024-11-16T07:30:15.226+0000] {processor.py:208} INFO - Processing /home/airflow/.local/lib/python3.12/site-packages/airflow/example_dags/example_trigger_target_dag.py took 0.047 seconds
[2024-11-16T07:30:46.168+0000] {processor.py:186} INFO - Started process (PID=380) to work on /home/airflow/.local/lib/python3.12/site-packages/airflow/example_dags/example_trigger_target_dag.py
[2024-11-16T07:30:46.169+0000] {processor.py:914} INFO - Processing file /home/airflow/.local/lib/python3.12/site-packages/airflow/example_dags/example_trigger_target_dag.py for tasks to queue
[2024-11-16T07:30:46.170+0000] {logging_mixin.py:190} INFO - [2024-11-16T07:30:46.169+0000] {dagbag.py:588} INFO - Filling up the DagBag from /home/airflow/.local/lib/python3.12/site-packages/airflow/example_dags/example_trigger_target_dag.py
[2024-11-16T07:30:46.175+0000] {processor.py:925} INFO - DAG(s) 'example_trigger_target_dag' retrieved from /home/airflow/.local/lib/python3.12/site-packages/airflow/example_dags/example_trigger_target_dag.py
[2024-11-16T07:30:46.189+0000] {logging_mixin.py:190} INFO - [2024-11-16T07:30:46.189+0000] {dag.py:3239} INFO - Sync 1 DAGs
[2024-11-16T07:30:46.200+0000] {logging_mixin.py:190} INFO - [2024-11-16T07:30:46.200+0000] {dag.py:4180} INFO - Setting next_dagrun for example_trigger_target_dag to None, run_after=None
[2024-11-16T07:30:46.215+0000] {processor.py:208} INFO - Processing /home/airflow/.local/lib/python3.12/site-packages/airflow/example_dags/example_trigger_target_dag.py took 0.051 seconds
[2024-11-16T07:31:17.123+0000] {processor.py:186} INFO - Started process (PID=447) to work on /home/airflow/.local/lib/python3.12/site-packages/airflow/example_dags/example_trigger_target_dag.py
[2024-11-16T07:31:17.124+0000] {processor.py:914} INFO - Processing file /home/airflow/.local/lib/python3.12/site-packages/airflow/example_dags/example_trigger_target_dag.py for tasks to queue
[2024-11-16T07:31:17.125+0000] {logging_mixin.py:190} INFO - [2024-11-16T07:31:17.124+0000] {dagbag.py:588} INFO - Filling up the DagBag from /home/airflow/.local/lib/python3.12/site-packages/airflow/example_dags/example_trigger_target_dag.py
[2024-11-16T07:31:17.129+0000] {processor.py:925} INFO - DAG(s) 'example_trigger_target_dag' retrieved from /home/airflow/.local/lib/python3.12/site-packages/airflow/example_dags/example_trigger_target_dag.py
[2024-11-16T07:31:17.143+0000] {logging_mixin.py:190} INFO - [2024-11-16T07:31:17.142+0000] {dag.py:3239} INFO - Sync 1 DAGs
[2024-11-16T07:31:17.153+0000] {logging_mixin.py:190} INFO - [2024-11-16T07:31:17.153+0000] {dag.py:4180} INFO - Setting next_dagrun for example_trigger_target_dag to None, run_after=None
[2024-11-16T07:31:17.168+0000] {processor.py:208} INFO - Processing /home/airflow/.local/lib/python3.12/site-packages/airflow/example_dags/example_trigger_target_dag.py took 0.049 seconds
[2024-11-16T07:31:47.274+0000] {processor.py:186} INFO - Started process (PID=513) to work on /home/airflow/.local/lib/python3.12/site-packages/airflow/example_dags/example_trigger_target_dag.py
[2024-11-16T07:31:47.275+0000] {processor.py:914} INFO - Processing file /home/airflow/.local/lib/python3.12/site-packages/airflow/example_dags/example_trigger_target_dag.py for tasks to queue
[2024-11-16T07:31:47.276+0000] {logging_mixin.py:190} INFO - [2024-11-16T07:31:47.275+0000] {dagbag.py:588} INFO - Filling up the DagBag from /home/airflow/.local/lib/python3.12/site-packages/airflow/example_dags/example_trigger_target_dag.py
[2024-11-16T07:31:47.283+0000] {processor.py:925} INFO - DAG(s) 'example_trigger_target_dag' retrieved from /home/airflow/.local/lib/python3.12/site-packages/airflow/example_dags/example_trigger_target_dag.py
[2024-11-16T07:31:47.297+0000] {logging_mixin.py:190} INFO - [2024-11-16T07:31:47.296+0000] {dag.py:3239} INFO - Sync 1 DAGs
[2024-11-16T07:31:47.306+0000] {logging_mixin.py:190} INFO - [2024-11-16T07:31:47.305+0000] {dag.py:4180} INFO - Setting next_dagrun for example_trigger_target_dag to None, run_after=None
[2024-11-16T07:31:47.317+0000] {processor.py:208} INFO - Processing /home/airflow/.local/lib/python3.12/site-packages/airflow/example_dags/example_trigger_target_dag.py took 0.047 seconds
[2024-11-16T07:32:17.566+0000] {processor.py:186} INFO - Started process (PID=580) to work on /home/airflow/.local/lib/python3.12/site-packages/airflow/example_dags/example_trigger_target_dag.py
[2024-11-16T07:32:17.567+0000] {processor.py:914} INFO - Processing file /home/airflow/.local/lib/python3.12/site-packages/airflow/example_dags/example_trigger_target_dag.py for tasks to queue
[2024-11-16T07:32:17.568+0000] {logging_mixin.py:190} INFO - [2024-11-16T07:32:17.567+0000] {dagbag.py:588} INFO - Filling up the DagBag from /home/airflow/.local/lib/python3.12/site-packages/airflow/example_dags/example_trigger_target_dag.py
[2024-11-16T07:32:17.573+0000] {processor.py:925} INFO - DAG(s) 'example_trigger_target_dag' retrieved from /home/airflow/.local/lib/python3.12/site-packages/airflow/example_dags/example_trigger_target_dag.py
[2024-11-16T07:32:17.586+0000] {logging_mixin.py:190} INFO - [2024-11-16T07:32:17.586+0000] {dag.py:3239} INFO - Sync 1 DAGs
[2024-11-16T07:32:17.595+0000] {logging_mixin.py:190} INFO - [2024-11-16T07:32:17.595+0000] {dag.py:4180} INFO - Setting next_dagrun for example_trigger_target_dag to None, run_after=None
[2024-11-16T07:32:17.607+0000] {processor.py:208} INFO - Processing /home/airflow/.local/lib/python3.12/site-packages/airflow/example_dags/example_trigger_target_dag.py took 0.045 seconds
[2024-11-16T07:32:47.775+0000] {processor.py:186} INFO - Started process (PID=647) to work on /home/airflow/.local/lib/python3.12/site-packages/airflow/example_dags/example_trigger_target_dag.py
[2024-11-16T07:32:47.776+0000] {processor.py:914} INFO - Processing file /home/airflow/.local/lib/python3.12/site-packages/airflow/example_dags/example_trigger_target_dag.py for tasks to queue
[2024-11-16T07:32:47.777+0000] {logging_mixin.py:190} INFO - [2024-11-16T07:32:47.776+0000] {dagbag.py:588} INFO - Filling up the DagBag from /home/airflow/.local/lib/python3.12/site-packages/airflow/example_dags/example_trigger_target_dag.py
[2024-11-16T07:32:47.782+0000] {processor.py:925} INFO - DAG(s) 'example_trigger_target_dag' retrieved from /home/airflow/.local/lib/python3.12/site-packages/airflow/example_dags/example_trigger_target_dag.py
[2024-11-16T07:32:47.795+0000] {logging_mixin.py:190} INFO - [2024-11-16T07:32:47.794+0000] {dag.py:3239} INFO - Sync 1 DAGs
[2024-11-16T07:32:47.804+0000] {logging_mixin.py:190} INFO - [2024-11-16T07:32:47.804+0000] {dag.py:4180} INFO - Setting next_dagrun for example_trigger_target_dag to None, run_after=None
[2024-11-16T07:32:47.820+0000] {processor.py:208} INFO - Processing /home/airflow/.local/lib/python3.12/site-packages/airflow/example_dags/example_trigger_target_dag.py took 0.048 seconds
[2024-11-16T07:33:18.552+0000] {processor.py:186} INFO - Started process (PID=714) to work on /home/airflow/.local/lib/python3.12/site-packages/airflow/example_dags/example_trigger_target_dag.py
[2024-11-16T07:33:18.553+0000] {processor.py:914} INFO - Processing file /home/airflow/.local/lib/python3.12/site-packages/airflow/example_dags/example_trigger_target_dag.py for tasks to queue
[2024-11-16T07:33:18.553+0000] {logging_mixin.py:190} INFO - [2024-11-16T07:33:18.553+0000] {dagbag.py:588} INFO - Filling up the DagBag from /home/airflow/.local/lib/python3.12/site-packages/airflow/example_dags/example_trigger_target_dag.py
[2024-11-16T07:33:18.559+0000] {processor.py:925} INFO - DAG(s) 'example_trigger_target_dag' retrieved from /home/airflow/.local/lib/python3.12/site-packages/airflow/example_dags/example_trigger_target_dag.py
[2024-11-16T07:33:18.570+0000] {logging_mixin.py:190} INFO - [2024-11-16T07:33:18.570+0000] {dag.py:3239} INFO - Sync 1 DAGs
[2024-11-16T07:33:18.580+0000] {logging_mixin.py:190} INFO - [2024-11-16T07:33:18.579+0000] {dag.py:4180} INFO - Setting next_dagrun for example_trigger_target_dag to None, run_after=None
[2024-11-16T07:33:18.592+0000] {processor.py:208} INFO - Processing /home/airflow/.local/lib/python3.12/site-packages/airflow/example_dags/example_trigger_target_dag.py took 0.044 seconds
[2024-11-16T07:33:49.469+0000] {processor.py:186} INFO - Started process (PID=781) to work on /home/airflow/.local/lib/python3.12/site-packages/airflow/example_dags/example_trigger_target_dag.py
[2024-11-16T07:33:49.470+0000] {processor.py:914} INFO - Processing file /home/airflow/.local/lib/python3.12/site-packages/airflow/example_dags/example_trigger_target_dag.py for tasks to queue
[2024-11-16T07:33:49.470+0000] {logging_mixin.py:190} INFO - [2024-11-16T07:33:49.470+0000] {dagbag.py:588} INFO - Filling up the DagBag from /home/airflow/.local/lib/python3.12/site-packages/airflow/example_dags/example_trigger_target_dag.py
[2024-11-16T07:33:49.476+0000] {processor.py:925} INFO - DAG(s) 'example_trigger_target_dag' retrieved from /home/airflow/.local/lib/python3.12/site-packages/airflow/example_dags/example_trigger_target_dag.py
[2024-11-16T07:33:49.489+0000] {logging_mixin.py:190} INFO - [2024-11-16T07:33:49.489+0000] {dag.py:3239} INFO - Sync 1 DAGs
[2024-11-16T07:33:49.499+0000] {logging_mixin.py:190} INFO - [2024-11-16T07:33:49.499+0000] {dag.py:4180} INFO - Setting next_dagrun for example_trigger_target_dag to None, run_after=None
[2024-11-16T07:33:49.512+0000] {processor.py:208} INFO - Processing /home/airflow/.local/lib/python3.12/site-packages/airflow/example_dags/example_trigger_target_dag.py took 0.047 seconds
[2024-11-16T07:34:20.379+0000] {processor.py:186} INFO - Started process (PID=848) to work on /home/airflow/.local/lib/python3.12/site-packages/airflow/example_dags/example_trigger_target_dag.py
[2024-11-16T07:34:20.380+0000] {processor.py:914} INFO - Processing file /home/airflow/.local/lib/python3.12/site-packages/airflow/example_dags/example_trigger_target_dag.py for tasks to queue
[2024-11-16T07:34:20.381+0000] {logging_mixin.py:190} INFO - [2024-11-16T07:34:20.380+0000] {dagbag.py:588} INFO - Filling up the DagBag from /home/airflow/.local/lib/python3.12/site-packages/airflow/example_dags/example_trigger_target_dag.py
[2024-11-16T07:34:20.386+0000] {processor.py:925} INFO - DAG(s) 'example_trigger_target_dag' retrieved from /home/airflow/.local/lib/python3.12/site-packages/airflow/example_dags/example_trigger_target_dag.py
[2024-11-16T07:34:20.401+0000] {logging_mixin.py:190} INFO - [2024-11-16T07:34:20.401+0000] {dag.py:3239} INFO - Sync 1 DAGs
[2024-11-16T07:34:20.410+0000] {logging_mixin.py:190} INFO - [2024-11-16T07:34:20.410+0000] {dag.py:4180} INFO - Setting next_dagrun for example_trigger_target_dag to None, run_after=None
[2024-11-16T07:34:20.423+0000] {processor.py:208} INFO - Processing /home/airflow/.local/lib/python3.12/site-packages/airflow/example_dags/example_trigger_target_dag.py took 0.048 seconds
[2024-11-16T07:34:51.364+0000] {processor.py:186} INFO - Started process (PID=915) to work on /home/airflow/.local/lib/python3.12/site-packages/airflow/example_dags/example_trigger_target_dag.py
[2024-11-16T07:34:51.365+0000] {processor.py:914} INFO - Processing file /home/airflow/.local/lib/python3.12/site-packages/airflow/example_dags/example_trigger_target_dag.py for tasks to queue
[2024-11-16T07:34:51.366+0000] {logging_mixin.py:190} INFO - [2024-11-16T07:34:51.366+0000] {dagbag.py:588} INFO - Filling up the DagBag from /home/airflow/.local/lib/python3.12/site-packages/airflow/example_dags/example_trigger_target_dag.py
[2024-11-16T07:34:51.372+0000] {processor.py:925} INFO - DAG(s) 'example_trigger_target_dag' retrieved from /home/airflow/.local/lib/python3.12/site-packages/airflow/example_dags/example_trigger_target_dag.py
[2024-11-16T07:34:51.386+0000] {logging_mixin.py:190} INFO - [2024-11-16T07:34:51.386+0000] {dag.py:3239} INFO - Sync 1 DAGs
[2024-11-16T07:34:51.396+0000] {logging_mixin.py:190} INFO - [2024-11-16T07:34:51.396+0000] {dag.py:4180} INFO - Setting next_dagrun for example_trigger_target_dag to None, run_after=None
[2024-11-16T07:34:51.411+0000] {processor.py:208} INFO - Processing /home/airflow/.local/lib/python3.12/site-packages/airflow/example_dags/example_trigger_target_dag.py took 0.051 seconds
[2024-11-16T07:35:23.913+0000] {processor.py:186} INFO - Started process (PID=982) to work on /home/airflow/.local/lib/python3.12/site-packages/airflow/example_dags/example_trigger_target_dag.py
[2024-11-16T07:35:23.914+0000] {processor.py:914} INFO - Processing file /home/airflow/.local/lib/python3.12/site-packages/airflow/example_dags/example_trigger_target_dag.py for tasks to queue
[2024-11-16T07:35:23.916+0000] {logging_mixin.py:190} INFO - [2024-11-16T07:35:23.916+0000] {dagbag.py:588} INFO - Filling up the DagBag from /home/airflow/.local/lib/python3.12/site-packages/airflow/example_dags/example_trigger_target_dag.py
[2024-11-16T07:35:23.930+0000] {processor.py:925} INFO - DAG(s) 'example_trigger_target_dag' retrieved from /home/airflow/.local/lib/python3.12/site-packages/airflow/example_dags/example_trigger_target_dag.py
[2024-11-16T07:35:23.984+0000] {logging_mixin.py:190} INFO - [2024-11-16T07:35:23.983+0000] {dag.py:3239} INFO - Sync 1 DAGs
[2024-11-16T07:35:24.013+0000] {logging_mixin.py:190} INFO - [2024-11-16T07:35:24.013+0000] {dag.py:4180} INFO - Setting next_dagrun for example_trigger_target_dag to None, run_after=None
[2024-11-16T07:35:24.046+0000] {processor.py:208} INFO - Processing /home/airflow/.local/lib/python3.12/site-packages/airflow/example_dags/example_trigger_target_dag.py took 0.140 seconds
[2024-11-16T07:35:54.873+0000] {processor.py:186} INFO - Started process (PID=1049) to work on /home/airflow/.local/lib/python3.12/site-packages/airflow/example_dags/example_trigger_target_dag.py
[2024-11-16T07:35:54.874+0000] {processor.py:914} INFO - Processing file /home/airflow/.local/lib/python3.12/site-packages/airflow/example_dags/example_trigger_target_dag.py for tasks to queue
[2024-11-16T07:35:54.875+0000] {logging_mixin.py:190} INFO - [2024-11-16T07:35:54.874+0000] {dagbag.py:588} INFO - Filling up the DagBag from /home/airflow/.local/lib/python3.12/site-packages/airflow/example_dags/example_trigger_target_dag.py
[2024-11-16T07:35:54.883+0000] {processor.py:925} INFO - DAG(s) 'example_trigger_target_dag' retrieved from /home/airflow/.local/lib/python3.12/site-packages/airflow/example_dags/example_trigger_target_dag.py
[2024-11-16T07:35:54.902+0000] {logging_mixin.py:190} INFO - [2024-11-16T07:35:54.902+0000] {dag.py:3239} INFO - Sync 1 DAGs
[2024-11-16T07:35:54.916+0000] {logging_mixin.py:190} INFO - [2024-11-16T07:35:54.915+0000] {dag.py:4180} INFO - Setting next_dagrun for example_trigger_target_dag to None, run_after=None
[2024-11-16T07:35:54.937+0000] {processor.py:208} INFO - Processing /home/airflow/.local/lib/python3.12/site-packages/airflow/example_dags/example_trigger_target_dag.py took 0.070 seconds
[2024-11-16T07:36:25.307+0000] {processor.py:186} INFO - Started process (PID=1116) to work on /home/airflow/.local/lib/python3.12/site-packages/airflow/example_dags/example_trigger_target_dag.py
[2024-11-16T07:36:25.307+0000] {processor.py:914} INFO - Processing file /home/airflow/.local/lib/python3.12/site-packages/airflow/example_dags/example_trigger_target_dag.py for tasks to queue
[2024-11-16T07:36:25.308+0000] {logging_mixin.py:190} INFO - [2024-11-16T07:36:25.308+0000] {dagbag.py:588} INFO - Filling up the DagBag from /home/airflow/.local/lib/python3.12/site-packages/airflow/example_dags/example_trigger_target_dag.py
[2024-11-16T07:36:25.313+0000] {processor.py:925} INFO - DAG(s) 'example_trigger_target_dag' retrieved from /home/airflow/.local/lib/python3.12/site-packages/airflow/example_dags/example_trigger_target_dag.py
[2024-11-16T07:36:25.326+0000] {logging_mixin.py:190} INFO - [2024-11-16T07:36:25.326+0000] {dag.py:3239} INFO - Sync 1 DAGs
[2024-11-16T07:36:25.336+0000] {logging_mixin.py:190} INFO - [2024-11-16T07:36:25.336+0000] {dag.py:4180} INFO - Setting next_dagrun for example_trigger_target_dag to None, run_after=None
[2024-11-16T07:36:25.353+0000] {processor.py:208} INFO - Processing /home/airflow/.local/lib/python3.12/site-packages/airflow/example_dags/example_trigger_target_dag.py took 0.050 seconds
[2024-11-16T07:36:55.663+0000] {processor.py:186} INFO - Started process (PID=1183) to work on /home/airflow/.local/lib/python3.12/site-packages/airflow/example_dags/example_trigger_target_dag.py
[2024-11-16T07:36:55.664+0000] {processor.py:914} INFO - Processing file /home/airflow/.local/lib/python3.12/site-packages/airflow/example_dags/example_trigger_target_dag.py for tasks to queue
[2024-11-16T07:36:55.665+0000] {logging_mixin.py:190} INFO - [2024-11-16T07:36:55.665+0000] {dagbag.py:588} INFO - Filling up the DagBag from /home/airflow/.local/lib/python3.12/site-packages/airflow/example_dags/example_trigger_target_dag.py
[2024-11-16T07:36:55.672+0000] {processor.py:925} INFO - DAG(s) 'example_trigger_target_dag' retrieved from /home/airflow/.local/lib/python3.12/site-packages/airflow/example_dags/example_trigger_target_dag.py
[2024-11-16T07:36:55.685+0000] {logging_mixin.py:190} INFO - [2024-11-16T07:36:55.685+0000] {dag.py:3239} INFO - Sync 1 DAGs
[2024-11-16T07:36:55.696+0000] {logging_mixin.py:190} INFO - [2024-11-16T07:36:55.695+0000] {dag.py:4180} INFO - Setting next_dagrun for example_trigger_target_dag to None, run_after=None
[2024-11-16T07:36:55.710+0000] {processor.py:208} INFO - Processing /home/airflow/.local/lib/python3.12/site-packages/airflow/example_dags/example_trigger_target_dag.py took 0.052 seconds
[2024-11-16T07:37:26.045+0000] {processor.py:186} INFO - Started process (PID=1254) to work on /home/airflow/.local/lib/python3.12/site-packages/airflow/example_dags/example_trigger_target_dag.py
[2024-11-16T07:37:26.046+0000] {processor.py:914} INFO - Processing file /home/airflow/.local/lib/python3.12/site-packages/airflow/example_dags/example_trigger_target_dag.py for tasks to queue
[2024-11-16T07:37:26.047+0000] {logging_mixin.py:190} INFO - [2024-11-16T07:37:26.047+0000] {dagbag.py:588} INFO - Filling up the DagBag from /home/airflow/.local/lib/python3.12/site-packages/airflow/example_dags/example_trigger_target_dag.py
[2024-11-16T07:37:26.052+0000] {processor.py:925} INFO - DAG(s) 'example_trigger_target_dag' retrieved from /home/airflow/.local/lib/python3.12/site-packages/airflow/example_dags/example_trigger_target_dag.py
[2024-11-16T07:37:26.065+0000] {logging_mixin.py:190} INFO - [2024-11-16T07:37:26.065+0000] {dag.py:3239} INFO - Sync 1 DAGs
[2024-11-16T07:37:26.075+0000] {logging_mixin.py:190} INFO - [2024-11-16T07:37:26.075+0000] {dag.py:4180} INFO - Setting next_dagrun for example_trigger_target_dag to None, run_after=None
[2024-11-16T07:37:26.090+0000] {processor.py:208} INFO - Processing /home/airflow/.local/lib/python3.12/site-packages/airflow/example_dags/example_trigger_target_dag.py took 0.049 seconds
[2024-11-16T07:37:56.526+0000] {processor.py:186} INFO - Started process (PID=1321) to work on /home/airflow/.local/lib/python3.12/site-packages/airflow/example_dags/example_trigger_target_dag.py
[2024-11-16T07:37:56.527+0000] {processor.py:914} INFO - Processing file /home/airflow/.local/lib/python3.12/site-packages/airflow/example_dags/example_trigger_target_dag.py for tasks to queue
[2024-11-16T07:37:56.528+0000] {logging_mixin.py:190} INFO - [2024-11-16T07:37:56.528+0000] {dagbag.py:588} INFO - Filling up the DagBag from /home/airflow/.local/lib/python3.12/site-packages/airflow/example_dags/example_trigger_target_dag.py
[2024-11-16T07:37:56.540+0000] {processor.py:925} INFO - DAG(s) 'example_trigger_target_dag' retrieved from /home/airflow/.local/lib/python3.12/site-packages/airflow/example_dags/example_trigger_target_dag.py
[2024-11-16T07:37:56.562+0000] {logging_mixin.py:190} INFO - [2024-11-16T07:37:56.561+0000] {dag.py:3239} INFO - Sync 1 DAGs
[2024-11-16T07:37:56.584+0000] {logging_mixin.py:190} INFO - [2024-11-16T07:37:56.583+0000] {dag.py:4180} INFO - Setting next_dagrun for example_trigger_target_dag to None, run_after=None
[2024-11-16T07:37:56.624+0000] {processor.py:208} INFO - Processing /home/airflow/.local/lib/python3.12/site-packages/airflow/example_dags/example_trigger_target_dag.py took 0.104 seconds
[2024-11-16T07:38:27.090+0000] {processor.py:186} INFO - Started process (PID=1388) to work on /home/airflow/.local/lib/python3.12/site-packages/airflow/example_dags/example_trigger_target_dag.py
[2024-11-16T07:38:27.091+0000] {processor.py:914} INFO - Processing file /home/airflow/.local/lib/python3.12/site-packages/airflow/example_dags/example_trigger_target_dag.py for tasks to queue
[2024-11-16T07:38:27.092+0000] {logging_mixin.py:190} INFO - [2024-11-16T07:38:27.092+0000] {dagbag.py:588} INFO - Filling up the DagBag from /home/airflow/.local/lib/python3.12/site-packages/airflow/example_dags/example_trigger_target_dag.py
[2024-11-16T07:38:27.097+0000] {processor.py:925} INFO - DAG(s) 'example_trigger_target_dag' retrieved from /home/airflow/.local/lib/python3.12/site-packages/airflow/example_dags/example_trigger_target_dag.py
[2024-11-16T07:38:27.117+0000] {logging_mixin.py:190} INFO - [2024-11-16T07:38:27.117+0000] {dag.py:3239} INFO - Sync 1 DAGs
[2024-11-16T07:38:27.131+0000] {logging_mixin.py:190} INFO - [2024-11-16T07:38:27.130+0000] {dag.py:4180} INFO - Setting next_dagrun for example_trigger_target_dag to None, run_after=None
[2024-11-16T07:38:27.148+0000] {processor.py:208} INFO - Processing /home/airflow/.local/lib/python3.12/site-packages/airflow/example_dags/example_trigger_target_dag.py took 0.063 seconds
[2024-11-16T07:38:57.698+0000] {processor.py:186} INFO - Started process (PID=1454) to work on /home/airflow/.local/lib/python3.12/site-packages/airflow/example_dags/example_trigger_target_dag.py
[2024-11-16T07:38:57.698+0000] {processor.py:914} INFO - Processing file /home/airflow/.local/lib/python3.12/site-packages/airflow/example_dags/example_trigger_target_dag.py for tasks to queue
[2024-11-16T07:38:57.699+0000] {logging_mixin.py:190} INFO - [2024-11-16T07:38:57.699+0000] {dagbag.py:588} INFO - Filling up the DagBag from /home/airflow/.local/lib/python3.12/site-packages/airflow/example_dags/example_trigger_target_dag.py
[2024-11-16T07:38:57.705+0000] {processor.py:925} INFO - DAG(s) 'example_trigger_target_dag' retrieved from /home/airflow/.local/lib/python3.12/site-packages/airflow/example_dags/example_trigger_target_dag.py
[2024-11-16T07:38:57.722+0000] {logging_mixin.py:190} INFO - [2024-11-16T07:38:57.721+0000] {dag.py:3239} INFO - Sync 1 DAGs
[2024-11-16T07:38:57.737+0000] {logging_mixin.py:190} INFO - [2024-11-16T07:38:57.736+0000] {dag.py:4180} INFO - Setting next_dagrun for example_trigger_target_dag to None, run_after=None
[2024-11-16T07:38:57.753+0000] {processor.py:208} INFO - Processing /home/airflow/.local/lib/python3.12/site-packages/airflow/example_dags/example_trigger_target_dag.py took 0.060 seconds
[2024-11-16T07:39:28.164+0000] {processor.py:186} INFO - Started process (PID=1521) to work on /home/airflow/.local/lib/python3.12/site-packages/airflow/example_dags/example_trigger_target_dag.py
[2024-11-16T07:39:28.165+0000] {processor.py:914} INFO - Processing file /home/airflow/.local/lib/python3.12/site-packages/airflow/example_dags/example_trigger_target_dag.py for tasks to queue
[2024-11-16T07:39:28.166+0000] {logging_mixin.py:190} INFO - [2024-11-16T07:39:28.166+0000] {dagbag.py:588} INFO - Filling up the DagBag from /home/airflow/.local/lib/python3.12/site-packages/airflow/example_dags/example_trigger_target_dag.py
[2024-11-16T07:39:28.173+0000] {processor.py:925} INFO - DAG(s) 'example_trigger_target_dag' retrieved from /home/airflow/.local/lib/python3.12/site-packages/airflow/example_dags/example_trigger_target_dag.py
[2024-11-16T07:39:28.188+0000] {logging_mixin.py:190} INFO - [2024-11-16T07:39:28.188+0000] {dag.py:3239} INFO - Sync 1 DAGs
[2024-11-16T07:39:28.200+0000] {logging_mixin.py:190} INFO - [2024-11-16T07:39:28.199+0000] {dag.py:4180} INFO - Setting next_dagrun for example_trigger_target_dag to None, run_after=None
[2024-11-16T07:39:28.215+0000] {processor.py:208} INFO - Processing /home/airflow/.local/lib/python3.12/site-packages/airflow/example_dags/example_trigger_target_dag.py took 0.054 seconds
[2024-11-16T07:39:58.624+0000] {processor.py:186} INFO - Started process (PID=1588) to work on /home/airflow/.local/lib/python3.12/site-packages/airflow/example_dags/example_trigger_target_dag.py
[2024-11-16T07:39:58.625+0000] {processor.py:914} INFO - Processing file /home/airflow/.local/lib/python3.12/site-packages/airflow/example_dags/example_trigger_target_dag.py for tasks to queue
[2024-11-16T07:39:58.625+0000] {logging_mixin.py:190} INFO - [2024-11-16T07:39:58.625+0000] {dagbag.py:588} INFO - Filling up the DagBag from /home/airflow/.local/lib/python3.12/site-packages/airflow/example_dags/example_trigger_target_dag.py
[2024-11-16T07:39:58.632+0000] {processor.py:925} INFO - DAG(s) 'example_trigger_target_dag' retrieved from /home/airflow/.local/lib/python3.12/site-packages/airflow/example_dags/example_trigger_target_dag.py
[2024-11-16T07:39:58.646+0000] {logging_mixin.py:190} INFO - [2024-11-16T07:39:58.646+0000] {dag.py:3239} INFO - Sync 1 DAGs
[2024-11-16T07:39:58.657+0000] {logging_mixin.py:190} INFO - [2024-11-16T07:39:58.656+0000] {dag.py:4180} INFO - Setting next_dagrun for example_trigger_target_dag to None, run_after=None
[2024-11-16T07:39:58.675+0000] {processor.py:208} INFO - Processing /home/airflow/.local/lib/python3.12/site-packages/airflow/example_dags/example_trigger_target_dag.py took 0.055 seconds
