[2024-11-16T04:33:44.006+0000] {processor.py:186} INFO - Started process (PID=88) to work on /home/airflow/.local/lib/python3.12/site-packages/airflow/example_dags/example_sensors.py
[2024-11-16T04:33:44.007+0000] {processor.py:914} INFO - Processing file /home/airflow/.local/lib/python3.12/site-packages/airflow/example_dags/example_sensors.py for tasks to queue
[2024-11-16T04:33:44.011+0000] {logging_mixin.py:190} INFO - [2024-11-16T04:33:44.010+0000] {dagbag.py:588} INFO - Filling up the DagBag from /home/airflow/.local/lib/python3.12/site-packages/airflow/example_dags/example_sensors.py
[2024-11-16T04:33:44.034+0000] {processor.py:925} INFO - DAG(s) 'example_sensors' retrieved from /home/airflow/.local/lib/python3.12/site-packages/airflow/example_dags/example_sensors.py
[2024-11-16T04:33:44.089+0000] {logging_mixin.py:190} INFO - [2024-11-16T04:33:44.089+0000] {dag.py:3239} INFO - Sync 1 DAGs
[2024-11-16T04:33:44.112+0000] {logging_mixin.py:190} INFO - [2024-11-16T04:33:44.111+0000] {dag.py:4180} INFO - Setting next_dagrun for example_sensors to None, run_after=None
[2024-11-16T04:33:44.155+0000] {processor.py:208} INFO - Processing /home/airflow/.local/lib/python3.12/site-packages/airflow/example_dags/example_sensors.py took 0.158 seconds
[2024-11-16T04:35:42.404+0000] {processor.py:186} INFO - Started process (PID=149) to work on /home/airflow/.local/lib/python3.12/site-packages/airflow/example_dags/example_sensors.py
[2024-11-16T04:35:42.405+0000] {processor.py:914} INFO - Processing file /home/airflow/.local/lib/python3.12/site-packages/airflow/example_dags/example_sensors.py for tasks to queue
[2024-11-16T04:35:42.408+0000] {logging_mixin.py:190} INFO - [2024-11-16T04:35:42.407+0000] {dagbag.py:588} INFO - Filling up the DagBag from /home/airflow/.local/lib/python3.12/site-packages/airflow/example_dags/example_sensors.py
[2024-11-16T04:35:42.419+0000] {processor.py:925} INFO - DAG(s) 'example_sensors' retrieved from /home/airflow/.local/lib/python3.12/site-packages/airflow/example_dags/example_sensors.py
[2024-11-16T04:35:42.448+0000] {logging_mixin.py:190} INFO - [2024-11-16T04:35:42.447+0000] {dag.py:3239} INFO - Sync 1 DAGs
[2024-11-16T04:35:42.466+0000] {logging_mixin.py:190} INFO - [2024-11-16T04:35:42.466+0000] {dag.py:4180} INFO - Setting next_dagrun for example_sensors to None, run_after=None
[2024-11-16T04:35:42.487+0000] {processor.py:208} INFO - Processing /home/airflow/.local/lib/python3.12/site-packages/airflow/example_dags/example_sensors.py took 0.089 seconds
[2024-11-16T04:54:24.903+0000] {processor.py:186} INFO - Started process (PID=76) to work on /home/airflow/.local/lib/python3.12/site-packages/airflow/example_dags/example_sensors.py
[2024-11-16T04:54:24.904+0000] {processor.py:914} INFO - Processing file /home/airflow/.local/lib/python3.12/site-packages/airflow/example_dags/example_sensors.py for tasks to queue
[2024-11-16T04:54:24.905+0000] {logging_mixin.py:190} INFO - [2024-11-16T04:54:24.905+0000] {dagbag.py:588} INFO - Filling up the DagBag from /home/airflow/.local/lib/python3.12/site-packages/airflow/example_dags/example_sensors.py
[2024-11-16T04:54:24.915+0000] {processor.py:925} INFO - DAG(s) 'example_sensors' retrieved from /home/airflow/.local/lib/python3.12/site-packages/airflow/example_dags/example_sensors.py
[2024-11-16T04:54:25.006+0000] {logging_mixin.py:190} INFO - [2024-11-16T04:54:25.006+0000] {dag.py:3239} INFO - Sync 1 DAGs
[2024-11-16T04:54:25.016+0000] {logging_mixin.py:190} INFO - [2024-11-16T04:54:25.015+0000] {dag.py:4180} INFO - Setting next_dagrun for example_sensors to None, run_after=None
[2024-11-16T04:54:25.034+0000] {processor.py:208} INFO - Processing /home/airflow/.local/lib/python3.12/site-packages/airflow/example_dags/example_sensors.py took 0.136 seconds
[2024-11-16T04:54:55.276+0000] {processor.py:186} INFO - Started process (PID=148) to work on /home/airflow/.local/lib/python3.12/site-packages/airflow/example_dags/example_sensors.py
[2024-11-16T04:54:55.277+0000] {processor.py:914} INFO - Processing file /home/airflow/.local/lib/python3.12/site-packages/airflow/example_dags/example_sensors.py for tasks to queue
[2024-11-16T04:54:55.280+0000] {logging_mixin.py:190} INFO - [2024-11-16T04:54:55.279+0000] {dagbag.py:588} INFO - Filling up the DagBag from /home/airflow/.local/lib/python3.12/site-packages/airflow/example_dags/example_sensors.py
[2024-11-16T04:54:55.298+0000] {processor.py:925} INFO - DAG(s) 'example_sensors' retrieved from /home/airflow/.local/lib/python3.12/site-packages/airflow/example_dags/example_sensors.py
[2024-11-16T04:54:55.340+0000] {logging_mixin.py:190} INFO - [2024-11-16T04:54:55.339+0000] {dag.py:3239} INFO - Sync 1 DAGs
[2024-11-16T04:54:55.362+0000] {logging_mixin.py:190} INFO - [2024-11-16T04:54:55.362+0000] {dag.py:4180} INFO - Setting next_dagrun for example_sensors to None, run_after=None
[2024-11-16T04:54:55.403+0000] {processor.py:208} INFO - Processing /home/airflow/.local/lib/python3.12/site-packages/airflow/example_dags/example_sensors.py took 0.137 seconds
[2024-11-16T04:56:13.986+0000] {processor.py:186} INFO - Started process (PID=220) to work on /home/airflow/.local/lib/python3.12/site-packages/airflow/example_dags/example_sensors.py
[2024-11-16T04:56:13.988+0000] {processor.py:914} INFO - Processing file /home/airflow/.local/lib/python3.12/site-packages/airflow/example_dags/example_sensors.py for tasks to queue
[2024-11-16T04:56:13.990+0000] {logging_mixin.py:190} INFO - [2024-11-16T04:56:13.990+0000] {dagbag.py:588} INFO - Filling up the DagBag from /home/airflow/.local/lib/python3.12/site-packages/airflow/example_dags/example_sensors.py
[2024-11-16T04:56:14.017+0000] {processor.py:925} INFO - DAG(s) 'example_sensors' retrieved from /home/airflow/.local/lib/python3.12/site-packages/airflow/example_dags/example_sensors.py
[2024-11-16T04:56:14.076+0000] {logging_mixin.py:190} INFO - [2024-11-16T04:56:14.076+0000] {dag.py:3239} INFO - Sync 1 DAGs
[2024-11-16T04:56:14.114+0000] {logging_mixin.py:190} INFO - [2024-11-16T04:56:14.113+0000] {dag.py:4180} INFO - Setting next_dagrun for example_sensors to None, run_after=None
[2024-11-16T04:56:14.173+0000] {processor.py:208} INFO - Processing /home/airflow/.local/lib/python3.12/site-packages/airflow/example_dags/example_sensors.py took 0.202 seconds
[2024-11-16T04:57:59.894+0000] {processor.py:186} INFO - Started process (PID=294) to work on /home/airflow/.local/lib/python3.12/site-packages/airflow/example_dags/example_sensors.py
[2024-11-16T04:57:59.894+0000] {processor.py:914} INFO - Processing file /home/airflow/.local/lib/python3.12/site-packages/airflow/example_dags/example_sensors.py for tasks to queue
[2024-11-16T04:57:59.895+0000] {logging_mixin.py:190} INFO - [2024-11-16T04:57:59.895+0000] {dagbag.py:588} INFO - Filling up the DagBag from /home/airflow/.local/lib/python3.12/site-packages/airflow/example_dags/example_sensors.py
[2024-11-16T04:57:59.906+0000] {processor.py:925} INFO - DAG(s) 'example_sensors' retrieved from /home/airflow/.local/lib/python3.12/site-packages/airflow/example_dags/example_sensors.py
[2024-11-16T04:57:59.928+0000] {logging_mixin.py:190} INFO - [2024-11-16T04:57:59.928+0000] {dag.py:3239} INFO - Sync 1 DAGs
[2024-11-16T04:57:59.940+0000] {logging_mixin.py:190} INFO - [2024-11-16T04:57:59.940+0000] {dag.py:4180} INFO - Setting next_dagrun for example_sensors to None, run_after=None
[2024-11-16T04:57:59.958+0000] {processor.py:208} INFO - Processing /home/airflow/.local/lib/python3.12/site-packages/airflow/example_dags/example_sensors.py took 0.070 seconds
[2024-11-16T04:59:26.407+0000] {processor.py:186} INFO - Started process (PID=64) to work on /home/airflow/.local/lib/python3.12/site-packages/airflow/example_dags/example_sensors.py
[2024-11-16T04:59:26.408+0000] {processor.py:914} INFO - Processing file /home/airflow/.local/lib/python3.12/site-packages/airflow/example_dags/example_sensors.py for tasks to queue
[2024-11-16T04:59:26.410+0000] {logging_mixin.py:190} INFO - [2024-11-16T04:59:26.410+0000] {dagbag.py:588} INFO - Filling up the DagBag from /home/airflow/.local/lib/python3.12/site-packages/airflow/example_dags/example_sensors.py
[2024-11-16T04:59:26.421+0000] {processor.py:925} INFO - DAG(s) 'example_sensors' retrieved from /home/airflow/.local/lib/python3.12/site-packages/airflow/example_dags/example_sensors.py
[2024-11-16T04:59:26.451+0000] {logging_mixin.py:190} INFO - [2024-11-16T04:59:26.451+0000] {dag.py:3239} INFO - Sync 1 DAGs
[2024-11-16T04:59:26.469+0000] {logging_mixin.py:190} INFO - [2024-11-16T04:59:26.468+0000] {dag.py:4180} INFO - Setting next_dagrun for example_sensors to None, run_after=None
[2024-11-16T04:59:26.490+0000] {processor.py:208} INFO - Processing /home/airflow/.local/lib/python3.12/site-packages/airflow/example_dags/example_sensors.py took 0.088 seconds
[2024-11-16T04:59:57.311+0000] {processor.py:186} INFO - Started process (PID=132) to work on /home/airflow/.local/lib/python3.12/site-packages/airflow/example_dags/example_sensors.py
[2024-11-16T04:59:57.311+0000] {processor.py:914} INFO - Processing file /home/airflow/.local/lib/python3.12/site-packages/airflow/example_dags/example_sensors.py for tasks to queue
[2024-11-16T04:59:57.313+0000] {logging_mixin.py:190} INFO - [2024-11-16T04:59:57.312+0000] {dagbag.py:588} INFO - Filling up the DagBag from /home/airflow/.local/lib/python3.12/site-packages/airflow/example_dags/example_sensors.py
[2024-11-16T04:59:57.319+0000] {processor.py:925} INFO - DAG(s) 'example_sensors' retrieved from /home/airflow/.local/lib/python3.12/site-packages/airflow/example_dags/example_sensors.py
[2024-11-16T04:59:57.336+0000] {logging_mixin.py:190} INFO - [2024-11-16T04:59:57.336+0000] {dag.py:3239} INFO - Sync 1 DAGs
[2024-11-16T04:59:57.347+0000] {logging_mixin.py:190} INFO - [2024-11-16T04:59:57.346+0000] {dag.py:4180} INFO - Setting next_dagrun for example_sensors to None, run_after=None
[2024-11-16T04:59:57.360+0000] {processor.py:208} INFO - Processing /home/airflow/.local/lib/python3.12/site-packages/airflow/example_dags/example_sensors.py took 0.053 seconds
[2024-11-16T05:00:27.770+0000] {processor.py:186} INFO - Started process (PID=200) to work on /home/airflow/.local/lib/python3.12/site-packages/airflow/example_dags/example_sensors.py
[2024-11-16T05:00:27.771+0000] {processor.py:914} INFO - Processing file /home/airflow/.local/lib/python3.12/site-packages/airflow/example_dags/example_sensors.py for tasks to queue
[2024-11-16T05:00:27.772+0000] {logging_mixin.py:190} INFO - [2024-11-16T05:00:27.772+0000] {dagbag.py:588} INFO - Filling up the DagBag from /home/airflow/.local/lib/python3.12/site-packages/airflow/example_dags/example_sensors.py
[2024-11-16T05:00:27.779+0000] {processor.py:925} INFO - DAG(s) 'example_sensors' retrieved from /home/airflow/.local/lib/python3.12/site-packages/airflow/example_dags/example_sensors.py
[2024-11-16T05:00:27.796+0000] {logging_mixin.py:190} INFO - [2024-11-16T05:00:27.796+0000] {dag.py:3239} INFO - Sync 1 DAGs
[2024-11-16T05:00:27.805+0000] {logging_mixin.py:190} INFO - [2024-11-16T05:00:27.805+0000] {dag.py:4180} INFO - Setting next_dagrun for example_sensors to None, run_after=None
[2024-11-16T05:00:27.819+0000] {processor.py:208} INFO - Processing /home/airflow/.local/lib/python3.12/site-packages/airflow/example_dags/example_sensors.py took 0.053 seconds
[2024-11-16T05:00:58.509+0000] {processor.py:186} INFO - Started process (PID=268) to work on /home/airflow/.local/lib/python3.12/site-packages/airflow/example_dags/example_sensors.py
[2024-11-16T05:00:58.510+0000] {processor.py:914} INFO - Processing file /home/airflow/.local/lib/python3.12/site-packages/airflow/example_dags/example_sensors.py for tasks to queue
[2024-11-16T05:00:58.511+0000] {logging_mixin.py:190} INFO - [2024-11-16T05:00:58.511+0000] {dagbag.py:588} INFO - Filling up the DagBag from /home/airflow/.local/lib/python3.12/site-packages/airflow/example_dags/example_sensors.py
[2024-11-16T05:00:58.518+0000] {processor.py:925} INFO - DAG(s) 'example_sensors' retrieved from /home/airflow/.local/lib/python3.12/site-packages/airflow/example_dags/example_sensors.py
[2024-11-16T05:00:58.535+0000] {logging_mixin.py:190} INFO - [2024-11-16T05:00:58.535+0000] {dag.py:3239} INFO - Sync 1 DAGs
[2024-11-16T05:00:58.545+0000] {logging_mixin.py:190} INFO - [2024-11-16T05:00:58.545+0000] {dag.py:4180} INFO - Setting next_dagrun for example_sensors to None, run_after=None
[2024-11-16T05:00:58.559+0000] {processor.py:208} INFO - Processing /home/airflow/.local/lib/python3.12/site-packages/airflow/example_dags/example_sensors.py took 0.054 seconds
[2024-11-16T05:01:28.930+0000] {processor.py:186} INFO - Started process (PID=336) to work on /home/airflow/.local/lib/python3.12/site-packages/airflow/example_dags/example_sensors.py
[2024-11-16T05:01:28.930+0000] {processor.py:914} INFO - Processing file /home/airflow/.local/lib/python3.12/site-packages/airflow/example_dags/example_sensors.py for tasks to queue
[2024-11-16T05:01:28.932+0000] {logging_mixin.py:190} INFO - [2024-11-16T05:01:28.932+0000] {dagbag.py:588} INFO - Filling up the DagBag from /home/airflow/.local/lib/python3.12/site-packages/airflow/example_dags/example_sensors.py
[2024-11-16T05:01:28.941+0000] {processor.py:925} INFO - DAG(s) 'example_sensors' retrieved from /home/airflow/.local/lib/python3.12/site-packages/airflow/example_dags/example_sensors.py
[2024-11-16T05:01:28.964+0000] {logging_mixin.py:190} INFO - [2024-11-16T05:01:28.964+0000] {dag.py:3239} INFO - Sync 1 DAGs
[2024-11-16T05:01:28.976+0000] {logging_mixin.py:190} INFO - [2024-11-16T05:01:28.975+0000] {dag.py:4180} INFO - Setting next_dagrun for example_sensors to None, run_after=None
[2024-11-16T05:01:28.995+0000] {processor.py:208} INFO - Processing /home/airflow/.local/lib/python3.12/site-packages/airflow/example_dags/example_sensors.py took 0.070 seconds
[2024-11-16T05:01:59.194+0000] {processor.py:186} INFO - Started process (PID=404) to work on /home/airflow/.local/lib/python3.12/site-packages/airflow/example_dags/example_sensors.py
[2024-11-16T05:01:59.195+0000] {processor.py:914} INFO - Processing file /home/airflow/.local/lib/python3.12/site-packages/airflow/example_dags/example_sensors.py for tasks to queue
[2024-11-16T05:01:59.197+0000] {logging_mixin.py:190} INFO - [2024-11-16T05:01:59.196+0000] {dagbag.py:588} INFO - Filling up the DagBag from /home/airflow/.local/lib/python3.12/site-packages/airflow/example_dags/example_sensors.py
[2024-11-16T05:01:59.208+0000] {processor.py:925} INFO - DAG(s) 'example_sensors' retrieved from /home/airflow/.local/lib/python3.12/site-packages/airflow/example_dags/example_sensors.py
[2024-11-16T05:01:59.228+0000] {logging_mixin.py:190} INFO - [2024-11-16T05:01:59.227+0000] {dag.py:3239} INFO - Sync 1 DAGs
[2024-11-16T05:01:59.241+0000] {logging_mixin.py:190} INFO - [2024-11-16T05:01:59.240+0000] {dag.py:4180} INFO - Setting next_dagrun for example_sensors to None, run_after=None
[2024-11-16T05:01:59.262+0000] {processor.py:208} INFO - Processing /home/airflow/.local/lib/python3.12/site-packages/airflow/example_dags/example_sensors.py took 0.072 seconds
[2024-11-16T05:02:29.449+0000] {processor.py:186} INFO - Started process (PID=472) to work on /home/airflow/.local/lib/python3.12/site-packages/airflow/example_dags/example_sensors.py
[2024-11-16T05:02:29.450+0000] {processor.py:914} INFO - Processing file /home/airflow/.local/lib/python3.12/site-packages/airflow/example_dags/example_sensors.py for tasks to queue
[2024-11-16T05:02:29.452+0000] {logging_mixin.py:190} INFO - [2024-11-16T05:02:29.452+0000] {dagbag.py:588} INFO - Filling up the DagBag from /home/airflow/.local/lib/python3.12/site-packages/airflow/example_dags/example_sensors.py
[2024-11-16T05:02:29.461+0000] {processor.py:925} INFO - DAG(s) 'example_sensors' retrieved from /home/airflow/.local/lib/python3.12/site-packages/airflow/example_dags/example_sensors.py
[2024-11-16T05:02:29.499+0000] {logging_mixin.py:190} INFO - [2024-11-16T05:02:29.498+0000] {dag.py:3239} INFO - Sync 1 DAGs
[2024-11-16T05:02:29.519+0000] {logging_mixin.py:190} INFO - [2024-11-16T05:02:29.519+0000] {dag.py:4180} INFO - Setting next_dagrun for example_sensors to None, run_after=None
[2024-11-16T05:02:29.543+0000] {processor.py:208} INFO - Processing /home/airflow/.local/lib/python3.12/site-packages/airflow/example_dags/example_sensors.py took 0.101 seconds
[2024-11-16T05:03:00.300+0000] {processor.py:186} INFO - Started process (PID=546) to work on /home/airflow/.local/lib/python3.12/site-packages/airflow/example_dags/example_sensors.py
[2024-11-16T05:03:00.302+0000] {processor.py:914} INFO - Processing file /home/airflow/.local/lib/python3.12/site-packages/airflow/example_dags/example_sensors.py for tasks to queue
[2024-11-16T05:03:00.306+0000] {logging_mixin.py:190} INFO - [2024-11-16T05:03:00.305+0000] {dagbag.py:588} INFO - Filling up the DagBag from /home/airflow/.local/lib/python3.12/site-packages/airflow/example_dags/example_sensors.py
[2024-11-16T05:03:00.314+0000] {processor.py:925} INFO - DAG(s) 'example_sensors' retrieved from /home/airflow/.local/lib/python3.12/site-packages/airflow/example_dags/example_sensors.py
[2024-11-16T05:03:00.335+0000] {logging_mixin.py:190} INFO - [2024-11-16T05:03:00.335+0000] {dag.py:3239} INFO - Sync 1 DAGs
[2024-11-16T05:03:00.348+0000] {logging_mixin.py:190} INFO - [2024-11-16T05:03:00.347+0000] {dag.py:4180} INFO - Setting next_dagrun for example_sensors to None, run_after=None
[2024-11-16T05:03:00.362+0000] {processor.py:208} INFO - Processing /home/airflow/.local/lib/python3.12/site-packages/airflow/example_dags/example_sensors.py took 0.068 seconds
[2024-11-16T05:03:30.738+0000] {processor.py:186} INFO - Started process (PID=614) to work on /home/airflow/.local/lib/python3.12/site-packages/airflow/example_dags/example_sensors.py
[2024-11-16T05:03:30.739+0000] {processor.py:914} INFO - Processing file /home/airflow/.local/lib/python3.12/site-packages/airflow/example_dags/example_sensors.py for tasks to queue
[2024-11-16T05:03:30.741+0000] {logging_mixin.py:190} INFO - [2024-11-16T05:03:30.741+0000] {dagbag.py:588} INFO - Filling up the DagBag from /home/airflow/.local/lib/python3.12/site-packages/airflow/example_dags/example_sensors.py
[2024-11-16T05:03:30.748+0000] {processor.py:925} INFO - DAG(s) 'example_sensors' retrieved from /home/airflow/.local/lib/python3.12/site-packages/airflow/example_dags/example_sensors.py
[2024-11-16T05:03:30.769+0000] {logging_mixin.py:190} INFO - [2024-11-16T05:03:30.768+0000] {dag.py:3239} INFO - Sync 1 DAGs
[2024-11-16T05:03:30.782+0000] {logging_mixin.py:190} INFO - [2024-11-16T05:03:30.782+0000] {dag.py:4180} INFO - Setting next_dagrun for example_sensors to None, run_after=None
[2024-11-16T05:03:30.799+0000] {processor.py:208} INFO - Processing /home/airflow/.local/lib/python3.12/site-packages/airflow/example_dags/example_sensors.py took 0.068 seconds
[2024-11-16T05:04:01.263+0000] {processor.py:186} INFO - Started process (PID=682) to work on /home/airflow/.local/lib/python3.12/site-packages/airflow/example_dags/example_sensors.py
[2024-11-16T05:04:01.264+0000] {processor.py:914} INFO - Processing file /home/airflow/.local/lib/python3.12/site-packages/airflow/example_dags/example_sensors.py for tasks to queue
[2024-11-16T05:04:01.265+0000] {logging_mixin.py:190} INFO - [2024-11-16T05:04:01.265+0000] {dagbag.py:588} INFO - Filling up the DagBag from /home/airflow/.local/lib/python3.12/site-packages/airflow/example_dags/example_sensors.py
[2024-11-16T05:04:01.275+0000] {processor.py:925} INFO - DAG(s) 'example_sensors' retrieved from /home/airflow/.local/lib/python3.12/site-packages/airflow/example_dags/example_sensors.py
[2024-11-16T05:04:01.297+0000] {logging_mixin.py:190} INFO - [2024-11-16T05:04:01.297+0000] {dag.py:3239} INFO - Sync 1 DAGs
[2024-11-16T05:04:01.311+0000] {logging_mixin.py:190} INFO - [2024-11-16T05:04:01.311+0000] {dag.py:4180} INFO - Setting next_dagrun for example_sensors to None, run_after=None
[2024-11-16T05:04:01.330+0000] {processor.py:208} INFO - Processing /home/airflow/.local/lib/python3.12/site-packages/airflow/example_dags/example_sensors.py took 0.071 seconds
[2024-11-16T05:04:31.722+0000] {processor.py:186} INFO - Started process (PID=750) to work on /home/airflow/.local/lib/python3.12/site-packages/airflow/example_dags/example_sensors.py
[2024-11-16T05:04:31.723+0000] {processor.py:914} INFO - Processing file /home/airflow/.local/lib/python3.12/site-packages/airflow/example_dags/example_sensors.py for tasks to queue
[2024-11-16T05:04:31.725+0000] {logging_mixin.py:190} INFO - [2024-11-16T05:04:31.724+0000] {dagbag.py:588} INFO - Filling up the DagBag from /home/airflow/.local/lib/python3.12/site-packages/airflow/example_dags/example_sensors.py
[2024-11-16T05:04:31.732+0000] {processor.py:925} INFO - DAG(s) 'example_sensors' retrieved from /home/airflow/.local/lib/python3.12/site-packages/airflow/example_dags/example_sensors.py
[2024-11-16T05:04:31.750+0000] {logging_mixin.py:190} INFO - [2024-11-16T05:04:31.750+0000] {dag.py:3239} INFO - Sync 1 DAGs
[2024-11-16T05:04:31.763+0000] {logging_mixin.py:190} INFO - [2024-11-16T05:04:31.763+0000] {dag.py:4180} INFO - Setting next_dagrun for example_sensors to None, run_after=None
[2024-11-16T05:04:31.779+0000] {processor.py:208} INFO - Processing /home/airflow/.local/lib/python3.12/site-packages/airflow/example_dags/example_sensors.py took 0.064 seconds
[2024-11-16T05:05:02.239+0000] {processor.py:186} INFO - Started process (PID=817) to work on /home/airflow/.local/lib/python3.12/site-packages/airflow/example_dags/example_sensors.py
[2024-11-16T05:05:02.240+0000] {processor.py:914} INFO - Processing file /home/airflow/.local/lib/python3.12/site-packages/airflow/example_dags/example_sensors.py for tasks to queue
[2024-11-16T05:05:02.244+0000] {logging_mixin.py:190} INFO - [2024-11-16T05:05:02.244+0000] {dagbag.py:588} INFO - Filling up the DagBag from /home/airflow/.local/lib/python3.12/site-packages/airflow/example_dags/example_sensors.py
[2024-11-16T05:05:02.252+0000] {processor.py:925} INFO - DAG(s) 'example_sensors' retrieved from /home/airflow/.local/lib/python3.12/site-packages/airflow/example_dags/example_sensors.py
[2024-11-16T05:05:02.273+0000] {logging_mixin.py:190} INFO - [2024-11-16T05:05:02.273+0000] {dag.py:3239} INFO - Sync 1 DAGs
[2024-11-16T05:05:02.284+0000] {logging_mixin.py:190} INFO - [2024-11-16T05:05:02.284+0000] {dag.py:4180} INFO - Setting next_dagrun for example_sensors to None, run_after=None
[2024-11-16T05:05:02.301+0000] {processor.py:208} INFO - Processing /home/airflow/.local/lib/python3.12/site-packages/airflow/example_dags/example_sensors.py took 0.068 seconds
[2024-11-16T05:05:32.540+0000] {processor.py:186} INFO - Started process (PID=885) to work on /home/airflow/.local/lib/python3.12/site-packages/airflow/example_dags/example_sensors.py
[2024-11-16T05:05:32.540+0000] {processor.py:914} INFO - Processing file /home/airflow/.local/lib/python3.12/site-packages/airflow/example_dags/example_sensors.py for tasks to queue
[2024-11-16T05:05:32.542+0000] {logging_mixin.py:190} INFO - [2024-11-16T05:05:32.542+0000] {dagbag.py:588} INFO - Filling up the DagBag from /home/airflow/.local/lib/python3.12/site-packages/airflow/example_dags/example_sensors.py
[2024-11-16T05:05:32.550+0000] {processor.py:925} INFO - DAG(s) 'example_sensors' retrieved from /home/airflow/.local/lib/python3.12/site-packages/airflow/example_dags/example_sensors.py
[2024-11-16T05:05:32.581+0000] {logging_mixin.py:190} INFO - [2024-11-16T05:05:32.581+0000] {dag.py:3239} INFO - Sync 1 DAGs
[2024-11-16T05:05:32.594+0000] {logging_mixin.py:190} INFO - [2024-11-16T05:05:32.594+0000] {dag.py:4180} INFO - Setting next_dagrun for example_sensors to None, run_after=None
[2024-11-16T05:05:32.609+0000] {processor.py:208} INFO - Processing /home/airflow/.local/lib/python3.12/site-packages/airflow/example_dags/example_sensors.py took 0.073 seconds
[2024-11-16T05:06:03.078+0000] {processor.py:186} INFO - Started process (PID=953) to work on /home/airflow/.local/lib/python3.12/site-packages/airflow/example_dags/example_sensors.py
[2024-11-16T05:06:03.079+0000] {processor.py:914} INFO - Processing file /home/airflow/.local/lib/python3.12/site-packages/airflow/example_dags/example_sensors.py for tasks to queue
[2024-11-16T05:06:03.080+0000] {logging_mixin.py:190} INFO - [2024-11-16T05:06:03.080+0000] {dagbag.py:588} INFO - Filling up the DagBag from /home/airflow/.local/lib/python3.12/site-packages/airflow/example_dags/example_sensors.py
[2024-11-16T05:06:03.087+0000] {processor.py:925} INFO - DAG(s) 'example_sensors' retrieved from /home/airflow/.local/lib/python3.12/site-packages/airflow/example_dags/example_sensors.py
[2024-11-16T05:06:03.107+0000] {logging_mixin.py:190} INFO - [2024-11-16T05:06:03.106+0000] {dag.py:3239} INFO - Sync 1 DAGs
[2024-11-16T05:06:03.120+0000] {logging_mixin.py:190} INFO - [2024-11-16T05:06:03.120+0000] {dag.py:4180} INFO - Setting next_dagrun for example_sensors to None, run_after=None
[2024-11-16T05:06:03.135+0000] {processor.py:208} INFO - Processing /home/airflow/.local/lib/python3.12/site-packages/airflow/example_dags/example_sensors.py took 0.061 seconds
[2024-11-16T05:06:33.195+0000] {processor.py:186} INFO - Started process (PID=1021) to work on /home/airflow/.local/lib/python3.12/site-packages/airflow/example_dags/example_sensors.py
[2024-11-16T05:06:33.196+0000] {processor.py:914} INFO - Processing file /home/airflow/.local/lib/python3.12/site-packages/airflow/example_dags/example_sensors.py for tasks to queue
[2024-11-16T05:06:33.198+0000] {logging_mixin.py:190} INFO - [2024-11-16T05:06:33.197+0000] {dagbag.py:588} INFO - Filling up the DagBag from /home/airflow/.local/lib/python3.12/site-packages/airflow/example_dags/example_sensors.py
[2024-11-16T05:06:33.206+0000] {processor.py:925} INFO - DAG(s) 'example_sensors' retrieved from /home/airflow/.local/lib/python3.12/site-packages/airflow/example_dags/example_sensors.py
[2024-11-16T05:06:33.224+0000] {logging_mixin.py:190} INFO - [2024-11-16T05:06:33.224+0000] {dag.py:3239} INFO - Sync 1 DAGs
[2024-11-16T05:06:33.234+0000] {logging_mixin.py:190} INFO - [2024-11-16T05:06:33.234+0000] {dag.py:4180} INFO - Setting next_dagrun for example_sensors to None, run_after=None
[2024-11-16T05:06:33.252+0000] {processor.py:208} INFO - Processing /home/airflow/.local/lib/python3.12/site-packages/airflow/example_dags/example_sensors.py took 0.061 seconds
[2024-11-16T05:07:03.403+0000] {processor.py:186} INFO - Started process (PID=1089) to work on /home/airflow/.local/lib/python3.12/site-packages/airflow/example_dags/example_sensors.py
[2024-11-16T05:07:03.404+0000] {processor.py:914} INFO - Processing file /home/airflow/.local/lib/python3.12/site-packages/airflow/example_dags/example_sensors.py for tasks to queue
[2024-11-16T05:07:03.405+0000] {logging_mixin.py:190} INFO - [2024-11-16T05:07:03.405+0000] {dagbag.py:588} INFO - Filling up the DagBag from /home/airflow/.local/lib/python3.12/site-packages/airflow/example_dags/example_sensors.py
[2024-11-16T05:07:03.412+0000] {processor.py:925} INFO - DAG(s) 'example_sensors' retrieved from /home/airflow/.local/lib/python3.12/site-packages/airflow/example_dags/example_sensors.py
[2024-11-16T05:07:03.429+0000] {logging_mixin.py:190} INFO - [2024-11-16T05:07:03.429+0000] {dag.py:3239} INFO - Sync 1 DAGs
[2024-11-16T05:07:03.438+0000] {logging_mixin.py:190} INFO - [2024-11-16T05:07:03.438+0000] {dag.py:4180} INFO - Setting next_dagrun for example_sensors to None, run_after=None
[2024-11-16T05:07:03.452+0000] {processor.py:208} INFO - Processing /home/airflow/.local/lib/python3.12/site-packages/airflow/example_dags/example_sensors.py took 0.052 seconds
[2024-11-16T05:07:33.653+0000] {processor.py:186} INFO - Started process (PID=1157) to work on /home/airflow/.local/lib/python3.12/site-packages/airflow/example_dags/example_sensors.py
[2024-11-16T05:07:33.653+0000] {processor.py:914} INFO - Processing file /home/airflow/.local/lib/python3.12/site-packages/airflow/example_dags/example_sensors.py for tasks to queue
[2024-11-16T05:07:33.655+0000] {logging_mixin.py:190} INFO - [2024-11-16T05:07:33.654+0000] {dagbag.py:588} INFO - Filling up the DagBag from /home/airflow/.local/lib/python3.12/site-packages/airflow/example_dags/example_sensors.py
[2024-11-16T05:07:33.662+0000] {processor.py:925} INFO - DAG(s) 'example_sensors' retrieved from /home/airflow/.local/lib/python3.12/site-packages/airflow/example_dags/example_sensors.py
[2024-11-16T05:07:33.679+0000] {logging_mixin.py:190} INFO - [2024-11-16T05:07:33.679+0000] {dag.py:3239} INFO - Sync 1 DAGs
[2024-11-16T05:07:33.689+0000] {logging_mixin.py:190} INFO - [2024-11-16T05:07:33.689+0000] {dag.py:4180} INFO - Setting next_dagrun for example_sensors to None, run_after=None
[2024-11-16T05:07:33.704+0000] {processor.py:208} INFO - Processing /home/airflow/.local/lib/python3.12/site-packages/airflow/example_dags/example_sensors.py took 0.055 seconds
[2024-11-16T05:08:03.860+0000] {processor.py:186} INFO - Started process (PID=1225) to work on /home/airflow/.local/lib/python3.12/site-packages/airflow/example_dags/example_sensors.py
[2024-11-16T05:08:03.862+0000] {processor.py:914} INFO - Processing file /home/airflow/.local/lib/python3.12/site-packages/airflow/example_dags/example_sensors.py for tasks to queue
[2024-11-16T05:08:03.864+0000] {logging_mixin.py:190} INFO - [2024-11-16T05:08:03.864+0000] {dagbag.py:588} INFO - Filling up the DagBag from /home/airflow/.local/lib/python3.12/site-packages/airflow/example_dags/example_sensors.py
[2024-11-16T05:08:03.875+0000] {processor.py:925} INFO - DAG(s) 'example_sensors' retrieved from /home/airflow/.local/lib/python3.12/site-packages/airflow/example_dags/example_sensors.py
[2024-11-16T05:08:03.901+0000] {logging_mixin.py:190} INFO - [2024-11-16T05:08:03.899+0000] {dag.py:3239} INFO - Sync 1 DAGs
[2024-11-16T05:08:03.916+0000] {logging_mixin.py:190} INFO - [2024-11-16T05:08:03.916+0000] {dag.py:4180} INFO - Setting next_dagrun for example_sensors to None, run_after=None
[2024-11-16T05:08:03.942+0000] {processor.py:208} INFO - Processing /home/airflow/.local/lib/python3.12/site-packages/airflow/example_dags/example_sensors.py took 0.090 seconds
[2024-11-16T05:08:34.184+0000] {processor.py:186} INFO - Started process (PID=1293) to work on /home/airflow/.local/lib/python3.12/site-packages/airflow/example_dags/example_sensors.py
[2024-11-16T05:08:34.185+0000] {processor.py:914} INFO - Processing file /home/airflow/.local/lib/python3.12/site-packages/airflow/example_dags/example_sensors.py for tasks to queue
[2024-11-16T05:08:34.186+0000] {logging_mixin.py:190} INFO - [2024-11-16T05:08:34.186+0000] {dagbag.py:588} INFO - Filling up the DagBag from /home/airflow/.local/lib/python3.12/site-packages/airflow/example_dags/example_sensors.py
[2024-11-16T05:08:34.193+0000] {processor.py:925} INFO - DAG(s) 'example_sensors' retrieved from /home/airflow/.local/lib/python3.12/site-packages/airflow/example_dags/example_sensors.py
[2024-11-16T05:08:34.209+0000] {logging_mixin.py:190} INFO - [2024-11-16T05:08:34.209+0000] {dag.py:3239} INFO - Sync 1 DAGs
[2024-11-16T05:08:34.219+0000] {logging_mixin.py:190} INFO - [2024-11-16T05:08:34.219+0000] {dag.py:4180} INFO - Setting next_dagrun for example_sensors to None, run_after=None
[2024-11-16T05:08:34.236+0000] {processor.py:208} INFO - Processing /home/airflow/.local/lib/python3.12/site-packages/airflow/example_dags/example_sensors.py took 0.055 seconds
[2024-11-16T05:09:04.415+0000] {processor.py:186} INFO - Started process (PID=1361) to work on /home/airflow/.local/lib/python3.12/site-packages/airflow/example_dags/example_sensors.py
[2024-11-16T05:09:04.416+0000] {processor.py:914} INFO - Processing file /home/airflow/.local/lib/python3.12/site-packages/airflow/example_dags/example_sensors.py for tasks to queue
[2024-11-16T05:09:04.417+0000] {logging_mixin.py:190} INFO - [2024-11-16T05:09:04.417+0000] {dagbag.py:588} INFO - Filling up the DagBag from /home/airflow/.local/lib/python3.12/site-packages/airflow/example_dags/example_sensors.py
[2024-11-16T05:09:04.425+0000] {processor.py:925} INFO - DAG(s) 'example_sensors' retrieved from /home/airflow/.local/lib/python3.12/site-packages/airflow/example_dags/example_sensors.py
[2024-11-16T05:09:04.447+0000] {logging_mixin.py:190} INFO - [2024-11-16T05:09:04.446+0000] {dag.py:3239} INFO - Sync 1 DAGs
[2024-11-16T05:09:04.458+0000] {logging_mixin.py:190} INFO - [2024-11-16T05:09:04.458+0000] {dag.py:4180} INFO - Setting next_dagrun for example_sensors to None, run_after=None
[2024-11-16T05:09:04.475+0000] {processor.py:208} INFO - Processing /home/airflow/.local/lib/python3.12/site-packages/airflow/example_dags/example_sensors.py took 0.064 seconds
[2024-11-16T05:09:34.852+0000] {processor.py:186} INFO - Started process (PID=1429) to work on /home/airflow/.local/lib/python3.12/site-packages/airflow/example_dags/example_sensors.py
[2024-11-16T05:09:34.853+0000] {processor.py:914} INFO - Processing file /home/airflow/.local/lib/python3.12/site-packages/airflow/example_dags/example_sensors.py for tasks to queue
[2024-11-16T05:09:34.856+0000] {logging_mixin.py:190} INFO - [2024-11-16T05:09:34.855+0000] {dagbag.py:588} INFO - Filling up the DagBag from /home/airflow/.local/lib/python3.12/site-packages/airflow/example_dags/example_sensors.py
[2024-11-16T05:09:34.865+0000] {processor.py:925} INFO - DAG(s) 'example_sensors' retrieved from /home/airflow/.local/lib/python3.12/site-packages/airflow/example_dags/example_sensors.py
[2024-11-16T05:09:34.886+0000] {logging_mixin.py:190} INFO - [2024-11-16T05:09:34.886+0000] {dag.py:3239} INFO - Sync 1 DAGs
[2024-11-16T05:09:34.895+0000] {logging_mixin.py:190} INFO - [2024-11-16T05:09:34.895+0000] {dag.py:4180} INFO - Setting next_dagrun for example_sensors to None, run_after=None
[2024-11-16T05:09:34.909+0000] {processor.py:208} INFO - Processing /home/airflow/.local/lib/python3.12/site-packages/airflow/example_dags/example_sensors.py took 0.062 seconds
[2024-11-16T05:10:05.215+0000] {processor.py:186} INFO - Started process (PID=1497) to work on /home/airflow/.local/lib/python3.12/site-packages/airflow/example_dags/example_sensors.py
[2024-11-16T05:10:05.216+0000] {processor.py:914} INFO - Processing file /home/airflow/.local/lib/python3.12/site-packages/airflow/example_dags/example_sensors.py for tasks to queue
[2024-11-16T05:10:05.218+0000] {logging_mixin.py:190} INFO - [2024-11-16T05:10:05.217+0000] {dagbag.py:588} INFO - Filling up the DagBag from /home/airflow/.local/lib/python3.12/site-packages/airflow/example_dags/example_sensors.py
[2024-11-16T05:10:05.225+0000] {processor.py:925} INFO - DAG(s) 'example_sensors' retrieved from /home/airflow/.local/lib/python3.12/site-packages/airflow/example_dags/example_sensors.py
[2024-11-16T05:10:05.243+0000] {logging_mixin.py:190} INFO - [2024-11-16T05:10:05.243+0000] {dag.py:3239} INFO - Sync 1 DAGs
[2024-11-16T05:10:05.253+0000] {logging_mixin.py:190} INFO - [2024-11-16T05:10:05.253+0000] {dag.py:4180} INFO - Setting next_dagrun for example_sensors to None, run_after=None
[2024-11-16T05:10:05.268+0000] {processor.py:208} INFO - Processing /home/airflow/.local/lib/python3.12/site-packages/airflow/example_dags/example_sensors.py took 0.057 seconds
[2024-11-16T05:11:25.950+0000] {processor.py:186} INFO - Started process (PID=78) to work on /home/airflow/.local/lib/python3.12/site-packages/airflow/example_dags/example_sensors.py
[2024-11-16T05:11:25.951+0000] {processor.py:914} INFO - Processing file /home/airflow/.local/lib/python3.12/site-packages/airflow/example_dags/example_sensors.py for tasks to queue
[2024-11-16T05:11:25.954+0000] {logging_mixin.py:190} INFO - [2024-11-16T05:11:25.953+0000] {dagbag.py:588} INFO - Filling up the DagBag from /home/airflow/.local/lib/python3.12/site-packages/airflow/example_dags/example_sensors.py
[2024-11-16T05:11:25.971+0000] {processor.py:925} INFO - DAG(s) 'example_sensors' retrieved from /home/airflow/.local/lib/python3.12/site-packages/airflow/example_dags/example_sensors.py
[2024-11-16T05:11:26.006+0000] {logging_mixin.py:190} INFO - [2024-11-16T05:11:26.006+0000] {dag.py:3239} INFO - Sync 1 DAGs
[2024-11-16T05:11:26.027+0000] {logging_mixin.py:190} INFO - [2024-11-16T05:11:26.026+0000] {dag.py:4180} INFO - Setting next_dagrun for example_sensors to None, run_after=None
[2024-11-16T05:11:26.052+0000] {processor.py:208} INFO - Processing /home/airflow/.local/lib/python3.12/site-packages/airflow/example_dags/example_sensors.py took 0.108 seconds
[2024-11-16T05:11:56.604+0000] {processor.py:186} INFO - Started process (PID=152) to work on /home/airflow/.local/lib/python3.12/site-packages/airflow/example_dags/example_sensors.py
[2024-11-16T05:11:56.605+0000] {processor.py:914} INFO - Processing file /home/airflow/.local/lib/python3.12/site-packages/airflow/example_dags/example_sensors.py for tasks to queue
[2024-11-16T05:11:56.607+0000] {logging_mixin.py:190} INFO - [2024-11-16T05:11:56.607+0000] {dagbag.py:588} INFO - Filling up the DagBag from /home/airflow/.local/lib/python3.12/site-packages/airflow/example_dags/example_sensors.py
[2024-11-16T05:11:56.614+0000] {processor.py:925} INFO - DAG(s) 'example_sensors' retrieved from /home/airflow/.local/lib/python3.12/site-packages/airflow/example_dags/example_sensors.py
[2024-11-16T05:11:56.633+0000] {logging_mixin.py:190} INFO - [2024-11-16T05:11:56.632+0000] {dag.py:3239} INFO - Sync 1 DAGs
[2024-11-16T05:11:56.643+0000] {logging_mixin.py:190} INFO - [2024-11-16T05:11:56.643+0000] {dag.py:4180} INFO - Setting next_dagrun for example_sensors to None, run_after=None
[2024-11-16T05:11:56.660+0000] {processor.py:208} INFO - Processing /home/airflow/.local/lib/python3.12/site-packages/airflow/example_dags/example_sensors.py took 0.064 seconds
[2024-11-16T05:12:27.002+0000] {processor.py:186} INFO - Started process (PID=220) to work on /home/airflow/.local/lib/python3.12/site-packages/airflow/example_dags/example_sensors.py
[2024-11-16T05:12:27.002+0000] {processor.py:914} INFO - Processing file /home/airflow/.local/lib/python3.12/site-packages/airflow/example_dags/example_sensors.py for tasks to queue
[2024-11-16T05:12:27.004+0000] {logging_mixin.py:190} INFO - [2024-11-16T05:12:27.004+0000] {dagbag.py:588} INFO - Filling up the DagBag from /home/airflow/.local/lib/python3.12/site-packages/airflow/example_dags/example_sensors.py
[2024-11-16T05:12:27.011+0000] {processor.py:925} INFO - DAG(s) 'example_sensors' retrieved from /home/airflow/.local/lib/python3.12/site-packages/airflow/example_dags/example_sensors.py
[2024-11-16T05:12:27.028+0000] {logging_mixin.py:190} INFO - [2024-11-16T05:12:27.028+0000] {dag.py:3239} INFO - Sync 1 DAGs
[2024-11-16T05:12:27.039+0000] {logging_mixin.py:190} INFO - [2024-11-16T05:12:27.039+0000] {dag.py:4180} INFO - Setting next_dagrun for example_sensors to None, run_after=None
[2024-11-16T05:12:27.054+0000] {processor.py:208} INFO - Processing /home/airflow/.local/lib/python3.12/site-packages/airflow/example_dags/example_sensors.py took 0.056 seconds
[2024-11-16T05:12:57.298+0000] {processor.py:186} INFO - Started process (PID=288) to work on /home/airflow/.local/lib/python3.12/site-packages/airflow/example_dags/example_sensors.py
[2024-11-16T05:12:57.298+0000] {processor.py:914} INFO - Processing file /home/airflow/.local/lib/python3.12/site-packages/airflow/example_dags/example_sensors.py for tasks to queue
[2024-11-16T05:12:57.300+0000] {logging_mixin.py:190} INFO - [2024-11-16T05:12:57.300+0000] {dagbag.py:588} INFO - Filling up the DagBag from /home/airflow/.local/lib/python3.12/site-packages/airflow/example_dags/example_sensors.py
[2024-11-16T05:12:57.307+0000] {processor.py:925} INFO - DAG(s) 'example_sensors' retrieved from /home/airflow/.local/lib/python3.12/site-packages/airflow/example_dags/example_sensors.py
[2024-11-16T05:12:57.323+0000] {logging_mixin.py:190} INFO - [2024-11-16T05:12:57.323+0000] {dag.py:3239} INFO - Sync 1 DAGs
[2024-11-16T05:12:57.333+0000] {logging_mixin.py:190} INFO - [2024-11-16T05:12:57.332+0000] {dag.py:4180} INFO - Setting next_dagrun for example_sensors to None, run_after=None
[2024-11-16T05:12:57.347+0000] {processor.py:208} INFO - Processing /home/airflow/.local/lib/python3.12/site-packages/airflow/example_dags/example_sensors.py took 0.053 seconds
[2024-11-16T05:14:11.430+0000] {processor.py:186} INFO - Started process (PID=68) to work on /home/airflow/.local/lib/python3.12/site-packages/airflow/example_dags/example_sensors.py
[2024-11-16T05:14:11.431+0000] {processor.py:914} INFO - Processing file /home/airflow/.local/lib/python3.12/site-packages/airflow/example_dags/example_sensors.py for tasks to queue
[2024-11-16T05:14:11.433+0000] {logging_mixin.py:190} INFO - [2024-11-16T05:14:11.433+0000] {dagbag.py:588} INFO - Filling up the DagBag from /home/airflow/.local/lib/python3.12/site-packages/airflow/example_dags/example_sensors.py
[2024-11-16T05:14:11.444+0000] {processor.py:925} INFO - DAG(s) 'example_sensors' retrieved from /home/airflow/.local/lib/python3.12/site-packages/airflow/example_dags/example_sensors.py
[2024-11-16T05:14:11.468+0000] {logging_mixin.py:190} INFO - [2024-11-16T05:14:11.467+0000] {dag.py:3239} INFO - Sync 1 DAGs
[2024-11-16T05:14:11.481+0000] {logging_mixin.py:190} INFO - [2024-11-16T05:14:11.480+0000] {dag.py:4180} INFO - Setting next_dagrun for example_sensors to None, run_after=None
[2024-11-16T05:14:11.502+0000] {processor.py:208} INFO - Processing /home/airflow/.local/lib/python3.12/site-packages/airflow/example_dags/example_sensors.py took 0.076 seconds
[2024-11-16T05:14:42.315+0000] {processor.py:186} INFO - Started process (PID=136) to work on /home/airflow/.local/lib/python3.12/site-packages/airflow/example_dags/example_sensors.py
[2024-11-16T05:14:42.316+0000] {processor.py:914} INFO - Processing file /home/airflow/.local/lib/python3.12/site-packages/airflow/example_dags/example_sensors.py for tasks to queue
[2024-11-16T05:14:42.317+0000] {logging_mixin.py:190} INFO - [2024-11-16T05:14:42.317+0000] {dagbag.py:588} INFO - Filling up the DagBag from /home/airflow/.local/lib/python3.12/site-packages/airflow/example_dags/example_sensors.py
[2024-11-16T05:14:42.325+0000] {processor.py:925} INFO - DAG(s) 'example_sensors' retrieved from /home/airflow/.local/lib/python3.12/site-packages/airflow/example_dags/example_sensors.py
[2024-11-16T05:14:42.341+0000] {logging_mixin.py:190} INFO - [2024-11-16T05:14:42.341+0000] {dag.py:3239} INFO - Sync 1 DAGs
[2024-11-16T05:14:42.350+0000] {logging_mixin.py:190} INFO - [2024-11-16T05:14:42.350+0000] {dag.py:4180} INFO - Setting next_dagrun for example_sensors to None, run_after=None
[2024-11-16T05:14:42.365+0000] {processor.py:208} INFO - Processing /home/airflow/.local/lib/python3.12/site-packages/airflow/example_dags/example_sensors.py took 0.053 seconds
[2024-11-16T05:15:12.863+0000] {processor.py:186} INFO - Started process (PID=204) to work on /home/airflow/.local/lib/python3.12/site-packages/airflow/example_dags/example_sensors.py
[2024-11-16T05:15:12.864+0000] {processor.py:914} INFO - Processing file /home/airflow/.local/lib/python3.12/site-packages/airflow/example_dags/example_sensors.py for tasks to queue
[2024-11-16T05:15:12.866+0000] {logging_mixin.py:190} INFO - [2024-11-16T05:15:12.865+0000] {dagbag.py:588} INFO - Filling up the DagBag from /home/airflow/.local/lib/python3.12/site-packages/airflow/example_dags/example_sensors.py
[2024-11-16T05:15:12.874+0000] {processor.py:925} INFO - DAG(s) 'example_sensors' retrieved from /home/airflow/.local/lib/python3.12/site-packages/airflow/example_dags/example_sensors.py
[2024-11-16T05:15:12.894+0000] {logging_mixin.py:190} INFO - [2024-11-16T05:15:12.894+0000] {dag.py:3239} INFO - Sync 1 DAGs
[2024-11-16T05:15:12.907+0000] {logging_mixin.py:190} INFO - [2024-11-16T05:15:12.907+0000] {dag.py:4180} INFO - Setting next_dagrun for example_sensors to None, run_after=None
[2024-11-16T05:15:12.923+0000] {processor.py:208} INFO - Processing /home/airflow/.local/lib/python3.12/site-packages/airflow/example_dags/example_sensors.py took 0.064 seconds
[2024-11-16T05:15:43.174+0000] {processor.py:186} INFO - Started process (PID=273) to work on /home/airflow/.local/lib/python3.12/site-packages/airflow/example_dags/example_sensors.py
[2024-11-16T05:15:43.176+0000] {processor.py:914} INFO - Processing file /home/airflow/.local/lib/python3.12/site-packages/airflow/example_dags/example_sensors.py for tasks to queue
[2024-11-16T05:15:43.178+0000] {logging_mixin.py:190} INFO - [2024-11-16T05:15:43.177+0000] {dagbag.py:588} INFO - Filling up the DagBag from /home/airflow/.local/lib/python3.12/site-packages/airflow/example_dags/example_sensors.py
[2024-11-16T05:15:43.187+0000] {processor.py:925} INFO - DAG(s) 'example_sensors' retrieved from /home/airflow/.local/lib/python3.12/site-packages/airflow/example_dags/example_sensors.py
[2024-11-16T05:15:43.212+0000] {logging_mixin.py:190} INFO - [2024-11-16T05:15:43.211+0000] {dag.py:3239} INFO - Sync 1 DAGs
[2024-11-16T05:15:43.227+0000] {logging_mixin.py:190} INFO - [2024-11-16T05:15:43.227+0000] {dag.py:4180} INFO - Setting next_dagrun for example_sensors to None, run_after=None
[2024-11-16T05:15:43.263+0000] {processor.py:208} INFO - Processing /home/airflow/.local/lib/python3.12/site-packages/airflow/example_dags/example_sensors.py took 0.094 seconds
[2024-11-16T05:16:13.385+0000] {processor.py:186} INFO - Started process (PID=341) to work on /home/airflow/.local/lib/python3.12/site-packages/airflow/example_dags/example_sensors.py
[2024-11-16T05:16:13.386+0000] {processor.py:914} INFO - Processing file /home/airflow/.local/lib/python3.12/site-packages/airflow/example_dags/example_sensors.py for tasks to queue
[2024-11-16T05:16:13.388+0000] {logging_mixin.py:190} INFO - [2024-11-16T05:16:13.388+0000] {dagbag.py:588} INFO - Filling up the DagBag from /home/airflow/.local/lib/python3.12/site-packages/airflow/example_dags/example_sensors.py
[2024-11-16T05:16:13.405+0000] {processor.py:925} INFO - DAG(s) 'example_sensors' retrieved from /home/airflow/.local/lib/python3.12/site-packages/airflow/example_dags/example_sensors.py
[2024-11-16T05:16:13.442+0000] {logging_mixin.py:190} INFO - [2024-11-16T05:16:13.442+0000] {dag.py:3239} INFO - Sync 1 DAGs
[2024-11-16T05:16:13.461+0000] {logging_mixin.py:190} INFO - [2024-11-16T05:16:13.460+0000] {dag.py:4180} INFO - Setting next_dagrun for example_sensors to None, run_after=None
[2024-11-16T05:16:13.488+0000] {processor.py:208} INFO - Processing /home/airflow/.local/lib/python3.12/site-packages/airflow/example_dags/example_sensors.py took 0.111 seconds
[2024-11-16T05:16:44.496+0000] {processor.py:186} INFO - Started process (PID=416) to work on /home/airflow/.local/lib/python3.12/site-packages/airflow/example_dags/example_sensors.py
[2024-11-16T05:16:44.499+0000] {processor.py:914} INFO - Processing file /home/airflow/.local/lib/python3.12/site-packages/airflow/example_dags/example_sensors.py for tasks to queue
[2024-11-16T05:16:44.500+0000] {logging_mixin.py:190} INFO - [2024-11-16T05:16:44.500+0000] {dagbag.py:588} INFO - Filling up the DagBag from /home/airflow/.local/lib/python3.12/site-packages/airflow/example_dags/example_sensors.py
[2024-11-16T05:16:44.510+0000] {processor.py:925} INFO - DAG(s) 'example_sensors' retrieved from /home/airflow/.local/lib/python3.12/site-packages/airflow/example_dags/example_sensors.py
[2024-11-16T05:16:44.535+0000] {logging_mixin.py:190} INFO - [2024-11-16T05:16:44.535+0000] {dag.py:3239} INFO - Sync 1 DAGs
[2024-11-16T05:16:44.548+0000] {logging_mixin.py:190} INFO - [2024-11-16T05:16:44.547+0000] {dag.py:4180} INFO - Setting next_dagrun for example_sensors to None, run_after=None
[2024-11-16T05:16:44.569+0000] {processor.py:208} INFO - Processing /home/airflow/.local/lib/python3.12/site-packages/airflow/example_dags/example_sensors.py took 0.077 seconds
[2024-11-16T05:17:25.118+0000] {processor.py:186} INFO - Started process (PID=484) to work on /home/airflow/.local/lib/python3.12/site-packages/airflow/example_dags/example_sensors.py
[2024-11-16T05:17:25.136+0000] {processor.py:914} INFO - Processing file /home/airflow/.local/lib/python3.12/site-packages/airflow/example_dags/example_sensors.py for tasks to queue
[2024-11-16T05:17:25.154+0000] {logging_mixin.py:190} INFO - [2024-11-16T05:17:25.143+0000] {dagbag.py:588} INFO - Filling up the DagBag from /home/airflow/.local/lib/python3.12/site-packages/airflow/example_dags/example_sensors.py
[2024-11-16T05:17:25.363+0000] {processor.py:925} INFO - DAG(s) 'example_sensors' retrieved from /home/airflow/.local/lib/python3.12/site-packages/airflow/example_dags/example_sensors.py
[2024-11-16T05:17:26.301+0000] {logging_mixin.py:190} INFO - [2024-11-16T05:17:26.277+0000] {dag.py:3239} INFO - Sync 1 DAGs
[2024-11-16T05:17:26.493+0000] {logging_mixin.py:190} INFO - [2024-11-16T05:17:26.472+0000] {dag.py:4180} INFO - Setting next_dagrun for example_sensors to None, run_after=None
[2024-11-16T05:17:27.143+0000] {processor.py:208} INFO - Processing /home/airflow/.local/lib/python3.12/site-packages/airflow/example_dags/example_sensors.py took 2.080 seconds
[2024-11-16T05:17:57.589+0000] {processor.py:186} INFO - Started process (PID=551) to work on /home/airflow/.local/lib/python3.12/site-packages/airflow/example_dags/example_sensors.py
[2024-11-16T05:17:57.591+0000] {processor.py:914} INFO - Processing file /home/airflow/.local/lib/python3.12/site-packages/airflow/example_dags/example_sensors.py for tasks to queue
[2024-11-16T05:17:57.593+0000] {logging_mixin.py:190} INFO - [2024-11-16T05:17:57.592+0000] {dagbag.py:588} INFO - Filling up the DagBag from /home/airflow/.local/lib/python3.12/site-packages/airflow/example_dags/example_sensors.py
[2024-11-16T05:17:57.600+0000] {processor.py:925} INFO - DAG(s) 'example_sensors' retrieved from /home/airflow/.local/lib/python3.12/site-packages/airflow/example_dags/example_sensors.py
[2024-11-16T05:17:57.615+0000] {logging_mixin.py:190} INFO - [2024-11-16T05:17:57.615+0000] {dag.py:3239} INFO - Sync 1 DAGs
[2024-11-16T05:17:57.625+0000] {logging_mixin.py:190} INFO - [2024-11-16T05:17:57.624+0000] {dag.py:4180} INFO - Setting next_dagrun for example_sensors to None, run_after=None
[2024-11-16T05:17:57.639+0000] {processor.py:208} INFO - Processing /home/airflow/.local/lib/python3.12/site-packages/airflow/example_dags/example_sensors.py took 0.057 seconds
[2024-11-16T05:18:27.701+0000] {processor.py:186} INFO - Started process (PID=619) to work on /home/airflow/.local/lib/python3.12/site-packages/airflow/example_dags/example_sensors.py
[2024-11-16T05:18:27.701+0000] {processor.py:914} INFO - Processing file /home/airflow/.local/lib/python3.12/site-packages/airflow/example_dags/example_sensors.py for tasks to queue
[2024-11-16T05:18:27.703+0000] {logging_mixin.py:190} INFO - [2024-11-16T05:18:27.702+0000] {dagbag.py:588} INFO - Filling up the DagBag from /home/airflow/.local/lib/python3.12/site-packages/airflow/example_dags/example_sensors.py
[2024-11-16T05:18:27.709+0000] {processor.py:925} INFO - DAG(s) 'example_sensors' retrieved from /home/airflow/.local/lib/python3.12/site-packages/airflow/example_dags/example_sensors.py
[2024-11-16T05:18:27.724+0000] {logging_mixin.py:190} INFO - [2024-11-16T05:18:27.724+0000] {dag.py:3239} INFO - Sync 1 DAGs
[2024-11-16T05:18:27.733+0000] {logging_mixin.py:190} INFO - [2024-11-16T05:18:27.733+0000] {dag.py:4180} INFO - Setting next_dagrun for example_sensors to None, run_after=None
[2024-11-16T05:18:27.745+0000] {processor.py:208} INFO - Processing /home/airflow/.local/lib/python3.12/site-packages/airflow/example_dags/example_sensors.py took 0.048 seconds
[2024-11-16T05:20:40.653+0000] {processor.py:186} INFO - Started process (PID=64) to work on /home/airflow/.local/lib/python3.12/site-packages/airflow/example_dags/example_sensors.py
[2024-11-16T05:20:40.654+0000] {processor.py:914} INFO - Processing file /home/airflow/.local/lib/python3.12/site-packages/airflow/example_dags/example_sensors.py for tasks to queue
[2024-11-16T05:20:40.657+0000] {logging_mixin.py:190} INFO - [2024-11-16T05:20:40.656+0000] {dagbag.py:588} INFO - Filling up the DagBag from /home/airflow/.local/lib/python3.12/site-packages/airflow/example_dags/example_sensors.py
[2024-11-16T05:20:40.672+0000] {processor.py:925} INFO - DAG(s) 'example_sensors' retrieved from /home/airflow/.local/lib/python3.12/site-packages/airflow/example_dags/example_sensors.py
[2024-11-16T05:20:40.699+0000] {logging_mixin.py:190} INFO - [2024-11-16T05:20:40.698+0000] {dag.py:3239} INFO - Sync 1 DAGs
[2024-11-16T05:20:40.712+0000] {logging_mixin.py:190} INFO - [2024-11-16T05:20:40.712+0000] {dag.py:4180} INFO - Setting next_dagrun for example_sensors to None, run_after=None
[2024-11-16T05:20:40.734+0000] {processor.py:208} INFO - Processing /home/airflow/.local/lib/python3.12/site-packages/airflow/example_dags/example_sensors.py took 0.088 seconds
[2024-11-16T05:21:10.773+0000] {processor.py:186} INFO - Started process (PID=131) to work on /home/airflow/.local/lib/python3.12/site-packages/airflow/example_dags/example_sensors.py
[2024-11-16T05:21:10.773+0000] {processor.py:914} INFO - Processing file /home/airflow/.local/lib/python3.12/site-packages/airflow/example_dags/example_sensors.py for tasks to queue
[2024-11-16T05:21:10.775+0000] {logging_mixin.py:190} INFO - [2024-11-16T05:21:10.775+0000] {dagbag.py:588} INFO - Filling up the DagBag from /home/airflow/.local/lib/python3.12/site-packages/airflow/example_dags/example_sensors.py
[2024-11-16T05:21:10.782+0000] {processor.py:925} INFO - DAG(s) 'example_sensors' retrieved from /home/airflow/.local/lib/python3.12/site-packages/airflow/example_dags/example_sensors.py
[2024-11-16T05:21:10.799+0000] {logging_mixin.py:190} INFO - [2024-11-16T05:21:10.799+0000] {dag.py:3239} INFO - Sync 1 DAGs
[2024-11-16T05:21:10.807+0000] {logging_mixin.py:190} INFO - [2024-11-16T05:21:10.807+0000] {dag.py:4180} INFO - Setting next_dagrun for example_sensors to None, run_after=None
[2024-11-16T05:21:10.820+0000] {processor.py:208} INFO - Processing /home/airflow/.local/lib/python3.12/site-packages/airflow/example_dags/example_sensors.py took 0.051 seconds
[2024-11-16T05:21:41.696+0000] {processor.py:186} INFO - Started process (PID=205) to work on /home/airflow/.local/lib/python3.12/site-packages/airflow/example_dags/example_sensors.py
[2024-11-16T05:21:41.697+0000] {processor.py:914} INFO - Processing file /home/airflow/.local/lib/python3.12/site-packages/airflow/example_dags/example_sensors.py for tasks to queue
[2024-11-16T05:21:41.698+0000] {logging_mixin.py:190} INFO - [2024-11-16T05:21:41.698+0000] {dagbag.py:588} INFO - Filling up the DagBag from /home/airflow/.local/lib/python3.12/site-packages/airflow/example_dags/example_sensors.py
[2024-11-16T05:21:41.705+0000] {processor.py:925} INFO - DAG(s) 'example_sensors' retrieved from /home/airflow/.local/lib/python3.12/site-packages/airflow/example_dags/example_sensors.py
[2024-11-16T05:21:41.724+0000] {logging_mixin.py:190} INFO - [2024-11-16T05:21:41.724+0000] {dag.py:3239} INFO - Sync 1 DAGs
[2024-11-16T05:21:41.734+0000] {logging_mixin.py:190} INFO - [2024-11-16T05:21:41.734+0000] {dag.py:4180} INFO - Setting next_dagrun for example_sensors to None, run_after=None
[2024-11-16T05:21:41.746+0000] {processor.py:208} INFO - Processing /home/airflow/.local/lib/python3.12/site-packages/airflow/example_dags/example_sensors.py took 0.054 seconds
[2024-11-16T05:22:12.349+0000] {processor.py:186} INFO - Started process (PID=273) to work on /home/airflow/.local/lib/python3.12/site-packages/airflow/example_dags/example_sensors.py
[2024-11-16T05:22:12.349+0000] {processor.py:914} INFO - Processing file /home/airflow/.local/lib/python3.12/site-packages/airflow/example_dags/example_sensors.py for tasks to queue
[2024-11-16T05:22:12.351+0000] {logging_mixin.py:190} INFO - [2024-11-16T05:22:12.350+0000] {dagbag.py:588} INFO - Filling up the DagBag from /home/airflow/.local/lib/python3.12/site-packages/airflow/example_dags/example_sensors.py
[2024-11-16T05:22:12.358+0000] {processor.py:925} INFO - DAG(s) 'example_sensors' retrieved from /home/airflow/.local/lib/python3.12/site-packages/airflow/example_dags/example_sensors.py
[2024-11-16T05:22:12.376+0000] {logging_mixin.py:190} INFO - [2024-11-16T05:22:12.376+0000] {dag.py:3239} INFO - Sync 1 DAGs
[2024-11-16T05:22:12.385+0000] {logging_mixin.py:190} INFO - [2024-11-16T05:22:12.385+0000] {dag.py:4180} INFO - Setting next_dagrun for example_sensors to None, run_after=None
[2024-11-16T05:22:12.397+0000] {processor.py:208} INFO - Processing /home/airflow/.local/lib/python3.12/site-packages/airflow/example_dags/example_sensors.py took 0.052 seconds
[2024-11-16T05:22:42.593+0000] {processor.py:186} INFO - Started process (PID=341) to work on /home/airflow/.local/lib/python3.12/site-packages/airflow/example_dags/example_sensors.py
[2024-11-16T05:22:42.595+0000] {processor.py:914} INFO - Processing file /home/airflow/.local/lib/python3.12/site-packages/airflow/example_dags/example_sensors.py for tasks to queue
[2024-11-16T05:22:42.598+0000] {logging_mixin.py:190} INFO - [2024-11-16T05:22:42.597+0000] {dagbag.py:588} INFO - Filling up the DagBag from /home/airflow/.local/lib/python3.12/site-packages/airflow/example_dags/example_sensors.py
[2024-11-16T05:22:42.608+0000] {processor.py:925} INFO - DAG(s) 'example_sensors' retrieved from /home/airflow/.local/lib/python3.12/site-packages/airflow/example_dags/example_sensors.py
[2024-11-16T05:22:42.626+0000] {logging_mixin.py:190} INFO - [2024-11-16T05:22:42.626+0000] {dag.py:3239} INFO - Sync 1 DAGs
[2024-11-16T05:22:42.636+0000] {logging_mixin.py:190} INFO - [2024-11-16T05:22:42.635+0000] {dag.py:4180} INFO - Setting next_dagrun for example_sensors to None, run_after=None
[2024-11-16T05:22:42.647+0000] {processor.py:208} INFO - Processing /home/airflow/.local/lib/python3.12/site-packages/airflow/example_dags/example_sensors.py took 0.061 seconds
[2024-11-16T05:23:12.744+0000] {processor.py:186} INFO - Started process (PID=409) to work on /home/airflow/.local/lib/python3.12/site-packages/airflow/example_dags/example_sensors.py
[2024-11-16T05:23:12.745+0000] {processor.py:914} INFO - Processing file /home/airflow/.local/lib/python3.12/site-packages/airflow/example_dags/example_sensors.py for tasks to queue
[2024-11-16T05:23:12.746+0000] {logging_mixin.py:190} INFO - [2024-11-16T05:23:12.746+0000] {dagbag.py:588} INFO - Filling up the DagBag from /home/airflow/.local/lib/python3.12/site-packages/airflow/example_dags/example_sensors.py
[2024-11-16T05:23:12.753+0000] {processor.py:925} INFO - DAG(s) 'example_sensors' retrieved from /home/airflow/.local/lib/python3.12/site-packages/airflow/example_dags/example_sensors.py
[2024-11-16T05:23:12.769+0000] {logging_mixin.py:190} INFO - [2024-11-16T05:23:12.769+0000] {dag.py:3239} INFO - Sync 1 DAGs
[2024-11-16T05:23:12.780+0000] {logging_mixin.py:190} INFO - [2024-11-16T05:23:12.779+0000] {dag.py:4180} INFO - Setting next_dagrun for example_sensors to None, run_after=None
[2024-11-16T05:23:12.791+0000] {processor.py:208} INFO - Processing /home/airflow/.local/lib/python3.12/site-packages/airflow/example_dags/example_sensors.py took 0.051 seconds
[2024-11-16T05:23:43.389+0000] {processor.py:186} INFO - Started process (PID=477) to work on /home/airflow/.local/lib/python3.12/site-packages/airflow/example_dags/example_sensors.py
[2024-11-16T05:23:43.389+0000] {processor.py:914} INFO - Processing file /home/airflow/.local/lib/python3.12/site-packages/airflow/example_dags/example_sensors.py for tasks to queue
[2024-11-16T05:23:43.392+0000] {logging_mixin.py:190} INFO - [2024-11-16T05:23:43.392+0000] {dagbag.py:588} INFO - Filling up the DagBag from /home/airflow/.local/lib/python3.12/site-packages/airflow/example_dags/example_sensors.py
[2024-11-16T05:23:43.401+0000] {processor.py:925} INFO - DAG(s) 'example_sensors' retrieved from /home/airflow/.local/lib/python3.12/site-packages/airflow/example_dags/example_sensors.py
[2024-11-16T05:23:43.425+0000] {logging_mixin.py:190} INFO - [2024-11-16T05:23:43.425+0000] {dag.py:3239} INFO - Sync 1 DAGs
[2024-11-16T05:23:43.442+0000] {logging_mixin.py:190} INFO - [2024-11-16T05:23:43.442+0000] {dag.py:4180} INFO - Setting next_dagrun for example_sensors to None, run_after=None
[2024-11-16T05:23:43.461+0000] {processor.py:208} INFO - Processing /home/airflow/.local/lib/python3.12/site-packages/airflow/example_dags/example_sensors.py took 0.080 seconds
[2024-11-16T05:24:13.609+0000] {processor.py:186} INFO - Started process (PID=545) to work on /home/airflow/.local/lib/python3.12/site-packages/airflow/example_dags/example_sensors.py
[2024-11-16T05:24:13.610+0000] {processor.py:914} INFO - Processing file /home/airflow/.local/lib/python3.12/site-packages/airflow/example_dags/example_sensors.py for tasks to queue
[2024-11-16T05:24:13.611+0000] {logging_mixin.py:190} INFO - [2024-11-16T05:24:13.611+0000] {dagbag.py:588} INFO - Filling up the DagBag from /home/airflow/.local/lib/python3.12/site-packages/airflow/example_dags/example_sensors.py
[2024-11-16T05:24:13.618+0000] {processor.py:925} INFO - DAG(s) 'example_sensors' retrieved from /home/airflow/.local/lib/python3.12/site-packages/airflow/example_dags/example_sensors.py
[2024-11-16T05:24:13.639+0000] {logging_mixin.py:190} INFO - [2024-11-16T05:24:13.638+0000] {dag.py:3239} INFO - Sync 1 DAGs
[2024-11-16T05:24:13.649+0000] {logging_mixin.py:190} INFO - [2024-11-16T05:24:13.648+0000] {dag.py:4180} INFO - Setting next_dagrun for example_sensors to None, run_after=None
[2024-11-16T05:24:13.661+0000] {processor.py:208} INFO - Processing /home/airflow/.local/lib/python3.12/site-packages/airflow/example_dags/example_sensors.py took 0.056 seconds
[2024-11-16T05:25:08.600+0000] {processor.py:186} INFO - Started process (PID=64) to work on /home/airflow/.local/lib/python3.12/site-packages/airflow/example_dags/example_sensors.py
[2024-11-16T05:25:08.601+0000] {processor.py:914} INFO - Processing file /home/airflow/.local/lib/python3.12/site-packages/airflow/example_dags/example_sensors.py for tasks to queue
[2024-11-16T05:25:08.603+0000] {logging_mixin.py:190} INFO - [2024-11-16T05:25:08.603+0000] {dagbag.py:588} INFO - Filling up the DagBag from /home/airflow/.local/lib/python3.12/site-packages/airflow/example_dags/example_sensors.py
[2024-11-16T05:25:08.613+0000] {processor.py:925} INFO - DAG(s) 'example_sensors' retrieved from /home/airflow/.local/lib/python3.12/site-packages/airflow/example_dags/example_sensors.py
[2024-11-16T05:25:08.639+0000] {logging_mixin.py:190} INFO - [2024-11-16T05:25:08.639+0000] {dag.py:3239} INFO - Sync 1 DAGs
[2024-11-16T05:25:08.654+0000] {logging_mixin.py:190} INFO - [2024-11-16T05:25:08.654+0000] {dag.py:4180} INFO - Setting next_dagrun for example_sensors to None, run_after=None
[2024-11-16T05:25:08.674+0000] {processor.py:208} INFO - Processing /home/airflow/.local/lib/python3.12/site-packages/airflow/example_dags/example_sensors.py took 0.080 seconds
[2024-11-16T05:25:38.705+0000] {processor.py:186} INFO - Started process (PID=132) to work on /home/airflow/.local/lib/python3.12/site-packages/airflow/example_dags/example_sensors.py
[2024-11-16T05:25:38.706+0000] {processor.py:914} INFO - Processing file /home/airflow/.local/lib/python3.12/site-packages/airflow/example_dags/example_sensors.py for tasks to queue
[2024-11-16T05:25:38.708+0000] {logging_mixin.py:190} INFO - [2024-11-16T05:25:38.707+0000] {dagbag.py:588} INFO - Filling up the DagBag from /home/airflow/.local/lib/python3.12/site-packages/airflow/example_dags/example_sensors.py
[2024-11-16T05:25:38.716+0000] {processor.py:925} INFO - DAG(s) 'example_sensors' retrieved from /home/airflow/.local/lib/python3.12/site-packages/airflow/example_dags/example_sensors.py
[2024-11-16T05:25:38.736+0000] {logging_mixin.py:190} INFO - [2024-11-16T05:25:38.735+0000] {dag.py:3239} INFO - Sync 1 DAGs
[2024-11-16T05:25:38.746+0000] {logging_mixin.py:190} INFO - [2024-11-16T05:25:38.746+0000] {dag.py:4180} INFO - Setting next_dagrun for example_sensors to None, run_after=None
[2024-11-16T05:25:38.760+0000] {processor.py:208} INFO - Processing /home/airflow/.local/lib/python3.12/site-packages/airflow/example_dags/example_sensors.py took 0.059 seconds
[2024-11-16T05:26:09.023+0000] {processor.py:186} INFO - Started process (PID=200) to work on /home/airflow/.local/lib/python3.12/site-packages/airflow/example_dags/example_sensors.py
[2024-11-16T05:26:09.023+0000] {processor.py:914} INFO - Processing file /home/airflow/.local/lib/python3.12/site-packages/airflow/example_dags/example_sensors.py for tasks to queue
[2024-11-16T05:26:09.025+0000] {logging_mixin.py:190} INFO - [2024-11-16T05:26:09.024+0000] {dagbag.py:588} INFO - Filling up the DagBag from /home/airflow/.local/lib/python3.12/site-packages/airflow/example_dags/example_sensors.py
[2024-11-16T05:26:09.031+0000] {processor.py:925} INFO - DAG(s) 'example_sensors' retrieved from /home/airflow/.local/lib/python3.12/site-packages/airflow/example_dags/example_sensors.py
[2024-11-16T05:26:09.053+0000] {logging_mixin.py:190} INFO - [2024-11-16T05:26:09.052+0000] {dag.py:3239} INFO - Sync 1 DAGs
[2024-11-16T05:26:09.063+0000] {logging_mixin.py:190} INFO - [2024-11-16T05:26:09.063+0000] {dag.py:4180} INFO - Setting next_dagrun for example_sensors to None, run_after=None
[2024-11-16T05:26:09.077+0000] {processor.py:208} INFO - Processing /home/airflow/.local/lib/python3.12/site-packages/airflow/example_dags/example_sensors.py took 0.058 seconds
[2024-11-16T05:26:39.354+0000] {processor.py:186} INFO - Started process (PID=268) to work on /home/airflow/.local/lib/python3.12/site-packages/airflow/example_dags/example_sensors.py
[2024-11-16T05:26:39.355+0000] {processor.py:914} INFO - Processing file /home/airflow/.local/lib/python3.12/site-packages/airflow/example_dags/example_sensors.py for tasks to queue
[2024-11-16T05:26:39.356+0000] {logging_mixin.py:190} INFO - [2024-11-16T05:26:39.356+0000] {dagbag.py:588} INFO - Filling up the DagBag from /home/airflow/.local/lib/python3.12/site-packages/airflow/example_dags/example_sensors.py
[2024-11-16T05:26:39.364+0000] {processor.py:925} INFO - DAG(s) 'example_sensors' retrieved from /home/airflow/.local/lib/python3.12/site-packages/airflow/example_dags/example_sensors.py
[2024-11-16T05:26:39.383+0000] {logging_mixin.py:190} INFO - [2024-11-16T05:26:39.383+0000] {dag.py:3239} INFO - Sync 1 DAGs
[2024-11-16T05:26:39.395+0000] {logging_mixin.py:190} INFO - [2024-11-16T05:26:39.395+0000] {dag.py:4180} INFO - Setting next_dagrun for example_sensors to None, run_after=None
[2024-11-16T05:26:39.423+0000] {processor.py:208} INFO - Processing /home/airflow/.local/lib/python3.12/site-packages/airflow/example_dags/example_sensors.py took 0.073 seconds
[2024-11-16T05:27:09.493+0000] {processor.py:186} INFO - Started process (PID=336) to work on /home/airflow/.local/lib/python3.12/site-packages/airflow/example_dags/example_sensors.py
[2024-11-16T05:27:09.494+0000] {processor.py:914} INFO - Processing file /home/airflow/.local/lib/python3.12/site-packages/airflow/example_dags/example_sensors.py for tasks to queue
[2024-11-16T05:27:09.495+0000] {logging_mixin.py:190} INFO - [2024-11-16T05:27:09.495+0000] {dagbag.py:588} INFO - Filling up the DagBag from /home/airflow/.local/lib/python3.12/site-packages/airflow/example_dags/example_sensors.py
[2024-11-16T05:27:09.502+0000] {processor.py:925} INFO - DAG(s) 'example_sensors' retrieved from /home/airflow/.local/lib/python3.12/site-packages/airflow/example_dags/example_sensors.py
[2024-11-16T05:27:09.518+0000] {logging_mixin.py:190} INFO - [2024-11-16T05:27:09.517+0000] {dag.py:3239} INFO - Sync 1 DAGs
[2024-11-16T05:27:09.526+0000] {logging_mixin.py:190} INFO - [2024-11-16T05:27:09.525+0000] {dag.py:4180} INFO - Setting next_dagrun for example_sensors to None, run_after=None
[2024-11-16T05:27:09.538+0000] {processor.py:208} INFO - Processing /home/airflow/.local/lib/python3.12/site-packages/airflow/example_dags/example_sensors.py took 0.048 seconds
[2024-11-16T05:27:40.215+0000] {processor.py:186} INFO - Started process (PID=404) to work on /home/airflow/.local/lib/python3.12/site-packages/airflow/example_dags/example_sensors.py
[2024-11-16T05:27:40.216+0000] {processor.py:914} INFO - Processing file /home/airflow/.local/lib/python3.12/site-packages/airflow/example_dags/example_sensors.py for tasks to queue
[2024-11-16T05:27:40.218+0000] {logging_mixin.py:190} INFO - [2024-11-16T05:27:40.217+0000] {dagbag.py:588} INFO - Filling up the DagBag from /home/airflow/.local/lib/python3.12/site-packages/airflow/example_dags/example_sensors.py
[2024-11-16T05:27:40.226+0000] {processor.py:925} INFO - DAG(s) 'example_sensors' retrieved from /home/airflow/.local/lib/python3.12/site-packages/airflow/example_dags/example_sensors.py
[2024-11-16T05:27:40.243+0000] {logging_mixin.py:190} INFO - [2024-11-16T05:27:40.242+0000] {dag.py:3239} INFO - Sync 1 DAGs
[2024-11-16T05:27:40.252+0000] {logging_mixin.py:190} INFO - [2024-11-16T05:27:40.252+0000] {dag.py:4180} INFO - Setting next_dagrun for example_sensors to None, run_after=None
[2024-11-16T05:27:40.266+0000] {processor.py:208} INFO - Processing /home/airflow/.local/lib/python3.12/site-packages/airflow/example_dags/example_sensors.py took 0.056 seconds
[2024-11-16T05:28:10.958+0000] {processor.py:186} INFO - Started process (PID=472) to work on /home/airflow/.local/lib/python3.12/site-packages/airflow/example_dags/example_sensors.py
[2024-11-16T05:28:10.959+0000] {processor.py:914} INFO - Processing file /home/airflow/.local/lib/python3.12/site-packages/airflow/example_dags/example_sensors.py for tasks to queue
[2024-11-16T05:28:10.964+0000] {logging_mixin.py:190} INFO - [2024-11-16T05:28:10.963+0000] {dagbag.py:588} INFO - Filling up the DagBag from /home/airflow/.local/lib/python3.12/site-packages/airflow/example_dags/example_sensors.py
[2024-11-16T05:28:10.975+0000] {processor.py:925} INFO - DAG(s) 'example_sensors' retrieved from /home/airflow/.local/lib/python3.12/site-packages/airflow/example_dags/example_sensors.py
[2024-11-16T05:28:11.002+0000] {logging_mixin.py:190} INFO - [2024-11-16T05:28:11.002+0000] {dag.py:3239} INFO - Sync 1 DAGs
[2024-11-16T05:28:11.014+0000] {logging_mixin.py:190} INFO - [2024-11-16T05:28:11.014+0000] {dag.py:4180} INFO - Setting next_dagrun for example_sensors to None, run_after=None
[2024-11-16T05:28:11.036+0000] {processor.py:208} INFO - Processing /home/airflow/.local/lib/python3.12/site-packages/airflow/example_dags/example_sensors.py took 0.084 seconds
[2024-11-16T05:29:46.588+0000] {processor.py:186} INFO - Started process (PID=83) to work on /home/airflow/.local/lib/python3.12/site-packages/airflow/example_dags/example_sensors.py
[2024-11-16T05:29:46.590+0000] {processor.py:914} INFO - Processing file /home/airflow/.local/lib/python3.12/site-packages/airflow/example_dags/example_sensors.py for tasks to queue
[2024-11-16T05:29:46.593+0000] {logging_mixin.py:190} INFO - [2024-11-16T05:29:46.592+0000] {dagbag.py:588} INFO - Filling up the DagBag from /home/airflow/.local/lib/python3.12/site-packages/airflow/example_dags/example_sensors.py
[2024-11-16T05:29:46.620+0000] {processor.py:925} INFO - DAG(s) 'example_sensors' retrieved from /home/airflow/.local/lib/python3.12/site-packages/airflow/example_dags/example_sensors.py
[2024-11-16T05:29:46.654+0000] {logging_mixin.py:190} INFO - [2024-11-16T05:29:46.653+0000] {dag.py:3239} INFO - Sync 1 DAGs
[2024-11-16T05:29:46.676+0000] {logging_mixin.py:190} INFO - [2024-11-16T05:29:46.675+0000] {dag.py:4180} INFO - Setting next_dagrun for example_sensors to None, run_after=None
[2024-11-16T05:29:46.704+0000] {processor.py:208} INFO - Processing /home/airflow/.local/lib/python3.12/site-packages/airflow/example_dags/example_sensors.py took 0.126 seconds
[2024-11-16T05:30:18.112+0000] {processor.py:186} INFO - Started process (PID=151) to work on /home/airflow/.local/lib/python3.12/site-packages/airflow/example_dags/example_sensors.py
[2024-11-16T05:30:18.113+0000] {processor.py:914} INFO - Processing file /home/airflow/.local/lib/python3.12/site-packages/airflow/example_dags/example_sensors.py for tasks to queue
[2024-11-16T05:30:18.116+0000] {logging_mixin.py:190} INFO - [2024-11-16T05:30:18.115+0000] {dagbag.py:588} INFO - Filling up the DagBag from /home/airflow/.local/lib/python3.12/site-packages/airflow/example_dags/example_sensors.py
[2024-11-16T05:30:18.137+0000] {processor.py:925} INFO - DAG(s) 'example_sensors' retrieved from /home/airflow/.local/lib/python3.12/site-packages/airflow/example_dags/example_sensors.py
[2024-11-16T05:30:18.179+0000] {logging_mixin.py:190} INFO - [2024-11-16T05:30:18.178+0000] {dag.py:3239} INFO - Sync 1 DAGs
[2024-11-16T05:30:18.198+0000] {logging_mixin.py:190} INFO - [2024-11-16T05:30:18.198+0000] {dag.py:4180} INFO - Setting next_dagrun for example_sensors to None, run_after=None
[2024-11-16T05:30:18.231+0000] {processor.py:208} INFO - Processing /home/airflow/.local/lib/python3.12/site-packages/airflow/example_dags/example_sensors.py took 0.133 seconds
[2024-11-16T05:30:48.649+0000] {processor.py:186} INFO - Started process (PID=219) to work on /home/airflow/.local/lib/python3.12/site-packages/airflow/example_dags/example_sensors.py
[2024-11-16T05:30:48.650+0000] {processor.py:914} INFO - Processing file /home/airflow/.local/lib/python3.12/site-packages/airflow/example_dags/example_sensors.py for tasks to queue
[2024-11-16T05:30:48.651+0000] {logging_mixin.py:190} INFO - [2024-11-16T05:30:48.651+0000] {dagbag.py:588} INFO - Filling up the DagBag from /home/airflow/.local/lib/python3.12/site-packages/airflow/example_dags/example_sensors.py
[2024-11-16T05:30:48.658+0000] {processor.py:925} INFO - DAG(s) 'example_sensors' retrieved from /home/airflow/.local/lib/python3.12/site-packages/airflow/example_dags/example_sensors.py
[2024-11-16T05:30:48.676+0000] {logging_mixin.py:190} INFO - [2024-11-16T05:30:48.675+0000] {dag.py:3239} INFO - Sync 1 DAGs
[2024-11-16T05:30:48.686+0000] {logging_mixin.py:190} INFO - [2024-11-16T05:30:48.685+0000] {dag.py:4180} INFO - Setting next_dagrun for example_sensors to None, run_after=None
[2024-11-16T05:30:48.702+0000] {processor.py:208} INFO - Processing /home/airflow/.local/lib/python3.12/site-packages/airflow/example_dags/example_sensors.py took 0.057 seconds
[2024-11-16T05:31:19.266+0000] {processor.py:186} INFO - Started process (PID=287) to work on /home/airflow/.local/lib/python3.12/site-packages/airflow/example_dags/example_sensors.py
[2024-11-16T05:31:19.267+0000] {processor.py:914} INFO - Processing file /home/airflow/.local/lib/python3.12/site-packages/airflow/example_dags/example_sensors.py for tasks to queue
[2024-11-16T05:31:19.268+0000] {logging_mixin.py:190} INFO - [2024-11-16T05:31:19.268+0000] {dagbag.py:588} INFO - Filling up the DagBag from /home/airflow/.local/lib/python3.12/site-packages/airflow/example_dags/example_sensors.py
[2024-11-16T05:31:19.276+0000] {processor.py:925} INFO - DAG(s) 'example_sensors' retrieved from /home/airflow/.local/lib/python3.12/site-packages/airflow/example_dags/example_sensors.py
[2024-11-16T05:31:19.293+0000] {logging_mixin.py:190} INFO - [2024-11-16T05:31:19.293+0000] {dag.py:3239} INFO - Sync 1 DAGs
[2024-11-16T05:31:19.303+0000] {logging_mixin.py:190} INFO - [2024-11-16T05:31:19.302+0000] {dag.py:4180} INFO - Setting next_dagrun for example_sensors to None, run_after=None
[2024-11-16T05:31:19.318+0000] {processor.py:208} INFO - Processing /home/airflow/.local/lib/python3.12/site-packages/airflow/example_dags/example_sensors.py took 0.056 seconds
[2024-11-16T05:31:49.575+0000] {processor.py:186} INFO - Started process (PID=355) to work on /home/airflow/.local/lib/python3.12/site-packages/airflow/example_dags/example_sensors.py
[2024-11-16T05:31:49.576+0000] {processor.py:914} INFO - Processing file /home/airflow/.local/lib/python3.12/site-packages/airflow/example_dags/example_sensors.py for tasks to queue
[2024-11-16T05:31:49.577+0000] {logging_mixin.py:190} INFO - [2024-11-16T05:31:49.577+0000] {dagbag.py:588} INFO - Filling up the DagBag from /home/airflow/.local/lib/python3.12/site-packages/airflow/example_dags/example_sensors.py
[2024-11-16T05:31:49.584+0000] {processor.py:925} INFO - DAG(s) 'example_sensors' retrieved from /home/airflow/.local/lib/python3.12/site-packages/airflow/example_dags/example_sensors.py
[2024-11-16T05:31:49.602+0000] {logging_mixin.py:190} INFO - [2024-11-16T05:31:49.602+0000] {dag.py:3239} INFO - Sync 1 DAGs
[2024-11-16T05:31:49.612+0000] {logging_mixin.py:190} INFO - [2024-11-16T05:31:49.612+0000] {dag.py:4180} INFO - Setting next_dagrun for example_sensors to None, run_after=None
[2024-11-16T05:31:49.630+0000] {processor.py:208} INFO - Processing /home/airflow/.local/lib/python3.12/site-packages/airflow/example_dags/example_sensors.py took 0.059 seconds
[2024-11-16T05:32:19.738+0000] {processor.py:186} INFO - Started process (PID=423) to work on /home/airflow/.local/lib/python3.12/site-packages/airflow/example_dags/example_sensors.py
[2024-11-16T05:32:19.739+0000] {processor.py:914} INFO - Processing file /home/airflow/.local/lib/python3.12/site-packages/airflow/example_dags/example_sensors.py for tasks to queue
[2024-11-16T05:32:19.741+0000] {logging_mixin.py:190} INFO - [2024-11-16T05:32:19.741+0000] {dagbag.py:588} INFO - Filling up the DagBag from /home/airflow/.local/lib/python3.12/site-packages/airflow/example_dags/example_sensors.py
[2024-11-16T05:32:19.750+0000] {processor.py:925} INFO - DAG(s) 'example_sensors' retrieved from /home/airflow/.local/lib/python3.12/site-packages/airflow/example_dags/example_sensors.py
[2024-11-16T05:32:19.772+0000] {logging_mixin.py:190} INFO - [2024-11-16T05:32:19.772+0000] {dag.py:3239} INFO - Sync 1 DAGs
[2024-11-16T05:32:19.784+0000] {logging_mixin.py:190} INFO - [2024-11-16T05:32:19.783+0000] {dag.py:4180} INFO - Setting next_dagrun for example_sensors to None, run_after=None
[2024-11-16T05:32:19.802+0000] {processor.py:208} INFO - Processing /home/airflow/.local/lib/python3.12/site-packages/airflow/example_dags/example_sensors.py took 0.069 seconds
[2024-11-16T05:32:49.931+0000] {processor.py:186} INFO - Started process (PID=491) to work on /home/airflow/.local/lib/python3.12/site-packages/airflow/example_dags/example_sensors.py
[2024-11-16T05:32:49.932+0000] {processor.py:914} INFO - Processing file /home/airflow/.local/lib/python3.12/site-packages/airflow/example_dags/example_sensors.py for tasks to queue
[2024-11-16T05:32:49.933+0000] {logging_mixin.py:190} INFO - [2024-11-16T05:32:49.933+0000] {dagbag.py:588} INFO - Filling up the DagBag from /home/airflow/.local/lib/python3.12/site-packages/airflow/example_dags/example_sensors.py
[2024-11-16T05:32:49.942+0000] {processor.py:925} INFO - DAG(s) 'example_sensors' retrieved from /home/airflow/.local/lib/python3.12/site-packages/airflow/example_dags/example_sensors.py
[2024-11-16T05:32:49.962+0000] {logging_mixin.py:190} INFO - [2024-11-16T05:32:49.962+0000] {dag.py:3239} INFO - Sync 1 DAGs
[2024-11-16T05:32:49.972+0000] {logging_mixin.py:190} INFO - [2024-11-16T05:32:49.972+0000] {dag.py:4180} INFO - Setting next_dagrun for example_sensors to None, run_after=None
[2024-11-16T05:32:49.990+0000] {processor.py:208} INFO - Processing /home/airflow/.local/lib/python3.12/site-packages/airflow/example_dags/example_sensors.py took 0.063 seconds
[2024-11-16T05:33:20.434+0000] {processor.py:186} INFO - Started process (PID=559) to work on /home/airflow/.local/lib/python3.12/site-packages/airflow/example_dags/example_sensors.py
[2024-11-16T05:33:20.434+0000] {processor.py:914} INFO - Processing file /home/airflow/.local/lib/python3.12/site-packages/airflow/example_dags/example_sensors.py for tasks to queue
[2024-11-16T05:33:20.436+0000] {logging_mixin.py:190} INFO - [2024-11-16T05:33:20.436+0000] {dagbag.py:588} INFO - Filling up the DagBag from /home/airflow/.local/lib/python3.12/site-packages/airflow/example_dags/example_sensors.py
[2024-11-16T05:33:20.447+0000] {processor.py:925} INFO - DAG(s) 'example_sensors' retrieved from /home/airflow/.local/lib/python3.12/site-packages/airflow/example_dags/example_sensors.py
[2024-11-16T05:33:20.469+0000] {logging_mixin.py:190} INFO - [2024-11-16T05:33:20.469+0000] {dag.py:3239} INFO - Sync 1 DAGs
[2024-11-16T05:33:20.482+0000] {logging_mixin.py:190} INFO - [2024-11-16T05:33:20.482+0000] {dag.py:4180} INFO - Setting next_dagrun for example_sensors to None, run_after=None
[2024-11-16T05:33:20.506+0000] {processor.py:208} INFO - Processing /home/airflow/.local/lib/python3.12/site-packages/airflow/example_dags/example_sensors.py took 0.079 seconds
[2024-11-16T05:33:50.596+0000] {processor.py:186} INFO - Started process (PID=627) to work on /home/airflow/.local/lib/python3.12/site-packages/airflow/example_dags/example_sensors.py
[2024-11-16T05:33:50.597+0000] {processor.py:914} INFO - Processing file /home/airflow/.local/lib/python3.12/site-packages/airflow/example_dags/example_sensors.py for tasks to queue
[2024-11-16T05:33:50.598+0000] {logging_mixin.py:190} INFO - [2024-11-16T05:33:50.598+0000] {dagbag.py:588} INFO - Filling up the DagBag from /home/airflow/.local/lib/python3.12/site-packages/airflow/example_dags/example_sensors.py
[2024-11-16T05:33:50.605+0000] {processor.py:925} INFO - DAG(s) 'example_sensors' retrieved from /home/airflow/.local/lib/python3.12/site-packages/airflow/example_dags/example_sensors.py
[2024-11-16T05:33:50.623+0000] {logging_mixin.py:190} INFO - [2024-11-16T05:33:50.623+0000] {dag.py:3239} INFO - Sync 1 DAGs
[2024-11-16T05:33:50.632+0000] {logging_mixin.py:190} INFO - [2024-11-16T05:33:50.632+0000] {dag.py:4180} INFO - Setting next_dagrun for example_sensors to None, run_after=None
[2024-11-16T05:33:50.648+0000] {processor.py:208} INFO - Processing /home/airflow/.local/lib/python3.12/site-packages/airflow/example_dags/example_sensors.py took 0.056 seconds
[2024-11-16T05:34:20.693+0000] {processor.py:186} INFO - Started process (PID=695) to work on /home/airflow/.local/lib/python3.12/site-packages/airflow/example_dags/example_sensors.py
[2024-11-16T05:34:20.693+0000] {processor.py:914} INFO - Processing file /home/airflow/.local/lib/python3.12/site-packages/airflow/example_dags/example_sensors.py for tasks to queue
[2024-11-16T05:34:20.695+0000] {logging_mixin.py:190} INFO - [2024-11-16T05:34:20.694+0000] {dagbag.py:588} INFO - Filling up the DagBag from /home/airflow/.local/lib/python3.12/site-packages/airflow/example_dags/example_sensors.py
[2024-11-16T05:34:20.702+0000] {processor.py:925} INFO - DAG(s) 'example_sensors' retrieved from /home/airflow/.local/lib/python3.12/site-packages/airflow/example_dags/example_sensors.py
[2024-11-16T05:34:20.719+0000] {logging_mixin.py:190} INFO - [2024-11-16T05:34:20.719+0000] {dag.py:3239} INFO - Sync 1 DAGs
[2024-11-16T05:34:20.730+0000] {logging_mixin.py:190} INFO - [2024-11-16T05:34:20.730+0000] {dag.py:4180} INFO - Setting next_dagrun for example_sensors to None, run_after=None
[2024-11-16T05:34:20.746+0000] {processor.py:208} INFO - Processing /home/airflow/.local/lib/python3.12/site-packages/airflow/example_dags/example_sensors.py took 0.057 seconds
[2024-11-16T05:34:51.185+0000] {processor.py:186} INFO - Started process (PID=763) to work on /home/airflow/.local/lib/python3.12/site-packages/airflow/example_dags/example_sensors.py
[2024-11-16T05:34:51.185+0000] {processor.py:914} INFO - Processing file /home/airflow/.local/lib/python3.12/site-packages/airflow/example_dags/example_sensors.py for tasks to queue
[2024-11-16T05:34:51.187+0000] {logging_mixin.py:190} INFO - [2024-11-16T05:34:51.186+0000] {dagbag.py:588} INFO - Filling up the DagBag from /home/airflow/.local/lib/python3.12/site-packages/airflow/example_dags/example_sensors.py
[2024-11-16T05:34:51.196+0000] {processor.py:925} INFO - DAG(s) 'example_sensors' retrieved from /home/airflow/.local/lib/python3.12/site-packages/airflow/example_dags/example_sensors.py
[2024-11-16T05:34:51.221+0000] {logging_mixin.py:190} INFO - [2024-11-16T05:34:51.221+0000] {dag.py:3239} INFO - Sync 1 DAGs
[2024-11-16T05:34:51.236+0000] {logging_mixin.py:190} INFO - [2024-11-16T05:34:51.236+0000] {dag.py:4180} INFO - Setting next_dagrun for example_sensors to None, run_after=None
[2024-11-16T05:34:51.266+0000] {processor.py:208} INFO - Processing /home/airflow/.local/lib/python3.12/site-packages/airflow/example_dags/example_sensors.py took 0.086 seconds
[2024-11-16T05:35:21.391+0000] {processor.py:186} INFO - Started process (PID=831) to work on /home/airflow/.local/lib/python3.12/site-packages/airflow/example_dags/example_sensors.py
[2024-11-16T05:35:21.392+0000] {processor.py:914} INFO - Processing file /home/airflow/.local/lib/python3.12/site-packages/airflow/example_dags/example_sensors.py for tasks to queue
[2024-11-16T05:35:21.394+0000] {logging_mixin.py:190} INFO - [2024-11-16T05:35:21.393+0000] {dagbag.py:588} INFO - Filling up the DagBag from /home/airflow/.local/lib/python3.12/site-packages/airflow/example_dags/example_sensors.py
[2024-11-16T05:35:21.402+0000] {processor.py:925} INFO - DAG(s) 'example_sensors' retrieved from /home/airflow/.local/lib/python3.12/site-packages/airflow/example_dags/example_sensors.py
[2024-11-16T05:35:21.418+0000] {logging_mixin.py:190} INFO - [2024-11-16T05:35:21.418+0000] {dag.py:3239} INFO - Sync 1 DAGs
[2024-11-16T05:35:21.427+0000] {logging_mixin.py:190} INFO - [2024-11-16T05:35:21.427+0000] {dag.py:4180} INFO - Setting next_dagrun for example_sensors to None, run_after=None
[2024-11-16T05:35:21.442+0000] {processor.py:208} INFO - Processing /home/airflow/.local/lib/python3.12/site-packages/airflow/example_dags/example_sensors.py took 0.055 seconds
[2024-11-16T05:35:51.469+0000] {processor.py:186} INFO - Started process (PID=899) to work on /home/airflow/.local/lib/python3.12/site-packages/airflow/example_dags/example_sensors.py
[2024-11-16T05:35:51.470+0000] {processor.py:914} INFO - Processing file /home/airflow/.local/lib/python3.12/site-packages/airflow/example_dags/example_sensors.py for tasks to queue
[2024-11-16T05:35:51.471+0000] {logging_mixin.py:190} INFO - [2024-11-16T05:35:51.471+0000] {dagbag.py:588} INFO - Filling up the DagBag from /home/airflow/.local/lib/python3.12/site-packages/airflow/example_dags/example_sensors.py
[2024-11-16T05:35:51.478+0000] {processor.py:925} INFO - DAG(s) 'example_sensors' retrieved from /home/airflow/.local/lib/python3.12/site-packages/airflow/example_dags/example_sensors.py
[2024-11-16T05:35:51.495+0000] {logging_mixin.py:190} INFO - [2024-11-16T05:35:51.495+0000] {dag.py:3239} INFO - Sync 1 DAGs
[2024-11-16T05:35:51.506+0000] {logging_mixin.py:190} INFO - [2024-11-16T05:35:51.505+0000] {dag.py:4180} INFO - Setting next_dagrun for example_sensors to None, run_after=None
[2024-11-16T05:35:51.521+0000] {processor.py:208} INFO - Processing /home/airflow/.local/lib/python3.12/site-packages/airflow/example_dags/example_sensors.py took 0.056 seconds
[2024-11-16T05:36:22.566+0000] {processor.py:186} INFO - Started process (PID=967) to work on /home/airflow/.local/lib/python3.12/site-packages/airflow/example_dags/example_sensors.py
[2024-11-16T05:36:22.567+0000] {processor.py:914} INFO - Processing file /home/airflow/.local/lib/python3.12/site-packages/airflow/example_dags/example_sensors.py for tasks to queue
[2024-11-16T05:36:22.569+0000] {logging_mixin.py:190} INFO - [2024-11-16T05:36:22.568+0000] {dagbag.py:588} INFO - Filling up the DagBag from /home/airflow/.local/lib/python3.12/site-packages/airflow/example_dags/example_sensors.py
[2024-11-16T05:36:22.576+0000] {processor.py:925} INFO - DAG(s) 'example_sensors' retrieved from /home/airflow/.local/lib/python3.12/site-packages/airflow/example_dags/example_sensors.py
[2024-11-16T05:36:22.594+0000] {logging_mixin.py:190} INFO - [2024-11-16T05:36:22.594+0000] {dag.py:3239} INFO - Sync 1 DAGs
[2024-11-16T05:36:22.605+0000] {logging_mixin.py:190} INFO - [2024-11-16T05:36:22.605+0000] {dag.py:4180} INFO - Setting next_dagrun for example_sensors to None, run_after=None
[2024-11-16T05:36:22.623+0000] {processor.py:208} INFO - Processing /home/airflow/.local/lib/python3.12/site-packages/airflow/example_dags/example_sensors.py took 0.061 seconds
[2024-11-16T05:36:53.440+0000] {processor.py:186} INFO - Started process (PID=1035) to work on /home/airflow/.local/lib/python3.12/site-packages/airflow/example_dags/example_sensors.py
[2024-11-16T05:36:53.441+0000] {processor.py:914} INFO - Processing file /home/airflow/.local/lib/python3.12/site-packages/airflow/example_dags/example_sensors.py for tasks to queue
[2024-11-16T05:36:53.443+0000] {logging_mixin.py:190} INFO - [2024-11-16T05:36:53.443+0000] {dagbag.py:588} INFO - Filling up the DagBag from /home/airflow/.local/lib/python3.12/site-packages/airflow/example_dags/example_sensors.py
[2024-11-16T05:36:53.454+0000] {processor.py:925} INFO - DAG(s) 'example_sensors' retrieved from /home/airflow/.local/lib/python3.12/site-packages/airflow/example_dags/example_sensors.py
[2024-11-16T05:36:53.476+0000] {logging_mixin.py:190} INFO - [2024-11-16T05:36:53.476+0000] {dag.py:3239} INFO - Sync 1 DAGs
[2024-11-16T05:36:53.490+0000] {logging_mixin.py:190} INFO - [2024-11-16T05:36:53.489+0000] {dag.py:4180} INFO - Setting next_dagrun for example_sensors to None, run_after=None
[2024-11-16T05:36:53.509+0000] {processor.py:208} INFO - Processing /home/airflow/.local/lib/python3.12/site-packages/airflow/example_dags/example_sensors.py took 0.073 seconds
[2024-11-16T05:37:23.711+0000] {processor.py:186} INFO - Started process (PID=1103) to work on /home/airflow/.local/lib/python3.12/site-packages/airflow/example_dags/example_sensors.py
[2024-11-16T05:37:23.712+0000] {processor.py:914} INFO - Processing file /home/airflow/.local/lib/python3.12/site-packages/airflow/example_dags/example_sensors.py for tasks to queue
[2024-11-16T05:37:23.713+0000] {logging_mixin.py:190} INFO - [2024-11-16T05:37:23.713+0000] {dagbag.py:588} INFO - Filling up the DagBag from /home/airflow/.local/lib/python3.12/site-packages/airflow/example_dags/example_sensors.py
[2024-11-16T05:37:23.721+0000] {processor.py:925} INFO - DAG(s) 'example_sensors' retrieved from /home/airflow/.local/lib/python3.12/site-packages/airflow/example_dags/example_sensors.py
[2024-11-16T05:37:23.741+0000] {logging_mixin.py:190} INFO - [2024-11-16T05:37:23.741+0000] {dag.py:3239} INFO - Sync 1 DAGs
[2024-11-16T05:37:23.754+0000] {logging_mixin.py:190} INFO - [2024-11-16T05:37:23.753+0000] {dag.py:4180} INFO - Setting next_dagrun for example_sensors to None, run_after=None
[2024-11-16T05:37:23.776+0000] {processor.py:208} INFO - Processing /home/airflow/.local/lib/python3.12/site-packages/airflow/example_dags/example_sensors.py took 0.070 seconds
[2024-11-16T05:37:54.059+0000] {processor.py:186} INFO - Started process (PID=1171) to work on /home/airflow/.local/lib/python3.12/site-packages/airflow/example_dags/example_sensors.py
[2024-11-16T05:37:54.061+0000] {processor.py:914} INFO - Processing file /home/airflow/.local/lib/python3.12/site-packages/airflow/example_dags/example_sensors.py for tasks to queue
[2024-11-16T05:37:54.064+0000] {logging_mixin.py:190} INFO - [2024-11-16T05:37:54.063+0000] {dagbag.py:588} INFO - Filling up the DagBag from /home/airflow/.local/lib/python3.12/site-packages/airflow/example_dags/example_sensors.py
[2024-11-16T05:37:54.073+0000] {processor.py:925} INFO - DAG(s) 'example_sensors' retrieved from /home/airflow/.local/lib/python3.12/site-packages/airflow/example_dags/example_sensors.py
[2024-11-16T05:37:54.097+0000] {logging_mixin.py:190} INFO - [2024-11-16T05:37:54.097+0000] {dag.py:3239} INFO - Sync 1 DAGs
[2024-11-16T05:37:54.115+0000] {logging_mixin.py:190} INFO - [2024-11-16T05:37:54.115+0000] {dag.py:4180} INFO - Setting next_dagrun for example_sensors to None, run_after=None
[2024-11-16T05:37:54.140+0000] {processor.py:208} INFO - Processing /home/airflow/.local/lib/python3.12/site-packages/airflow/example_dags/example_sensors.py took 0.086 seconds
[2024-11-16T05:38:24.995+0000] {processor.py:186} INFO - Started process (PID=1239) to work on /home/airflow/.local/lib/python3.12/site-packages/airflow/example_dags/example_sensors.py
[2024-11-16T05:38:24.996+0000] {processor.py:914} INFO - Processing file /home/airflow/.local/lib/python3.12/site-packages/airflow/example_dags/example_sensors.py for tasks to queue
[2024-11-16T05:38:24.998+0000] {logging_mixin.py:190} INFO - [2024-11-16T05:38:24.998+0000] {dagbag.py:588} INFO - Filling up the DagBag from /home/airflow/.local/lib/python3.12/site-packages/airflow/example_dags/example_sensors.py
[2024-11-16T05:38:25.005+0000] {processor.py:925} INFO - DAG(s) 'example_sensors' retrieved from /home/airflow/.local/lib/python3.12/site-packages/airflow/example_dags/example_sensors.py
[2024-11-16T05:38:25.022+0000] {logging_mixin.py:190} INFO - [2024-11-16T05:38:25.022+0000] {dag.py:3239} INFO - Sync 1 DAGs
[2024-11-16T05:38:25.032+0000] {logging_mixin.py:190} INFO - [2024-11-16T05:38:25.032+0000] {dag.py:4180} INFO - Setting next_dagrun for example_sensors to None, run_after=None
[2024-11-16T05:38:25.047+0000] {processor.py:208} INFO - Processing /home/airflow/.local/lib/python3.12/site-packages/airflow/example_dags/example_sensors.py took 0.056 seconds
[2024-11-16T05:38:55.173+0000] {processor.py:186} INFO - Started process (PID=1307) to work on /home/airflow/.local/lib/python3.12/site-packages/airflow/example_dags/example_sensors.py
[2024-11-16T05:38:55.174+0000] {processor.py:914} INFO - Processing file /home/airflow/.local/lib/python3.12/site-packages/airflow/example_dags/example_sensors.py for tasks to queue
[2024-11-16T05:38:55.176+0000] {logging_mixin.py:190} INFO - [2024-11-16T05:38:55.175+0000] {dagbag.py:588} INFO - Filling up the DagBag from /home/airflow/.local/lib/python3.12/site-packages/airflow/example_dags/example_sensors.py
[2024-11-16T05:38:55.183+0000] {processor.py:925} INFO - DAG(s) 'example_sensors' retrieved from /home/airflow/.local/lib/python3.12/site-packages/airflow/example_dags/example_sensors.py
[2024-11-16T05:38:55.204+0000] {logging_mixin.py:190} INFO - [2024-11-16T05:38:55.204+0000] {dag.py:3239} INFO - Sync 1 DAGs
[2024-11-16T05:38:55.216+0000] {logging_mixin.py:190} INFO - [2024-11-16T05:38:55.215+0000] {dag.py:4180} INFO - Setting next_dagrun for example_sensors to None, run_after=None
[2024-11-16T05:38:55.232+0000] {processor.py:208} INFO - Processing /home/airflow/.local/lib/python3.12/site-packages/airflow/example_dags/example_sensors.py took 0.063 seconds
[2024-11-16T05:45:57.805+0000] {processor.py:186} INFO - Started process (PID=71) to work on /home/airflow/.local/lib/python3.12/site-packages/airflow/example_dags/example_sensors.py
[2024-11-16T05:45:57.806+0000] {processor.py:914} INFO - Processing file /home/airflow/.local/lib/python3.12/site-packages/airflow/example_dags/example_sensors.py for tasks to queue
[2024-11-16T05:45:57.809+0000] {logging_mixin.py:190} INFO - [2024-11-16T05:45:57.808+0000] {dagbag.py:588} INFO - Filling up the DagBag from /home/airflow/.local/lib/python3.12/site-packages/airflow/example_dags/example_sensors.py
[2024-11-16T05:45:57.823+0000] {processor.py:925} INFO - DAG(s) 'example_sensors' retrieved from /home/airflow/.local/lib/python3.12/site-packages/airflow/example_dags/example_sensors.py
[2024-11-16T05:45:57.855+0000] {logging_mixin.py:190} INFO - [2024-11-16T05:45:57.854+0000] {dag.py:3239} INFO - Sync 1 DAGs
[2024-11-16T05:45:57.872+0000] {logging_mixin.py:190} INFO - [2024-11-16T05:45:57.871+0000] {dag.py:4180} INFO - Setting next_dagrun for example_sensors to None, run_after=None
[2024-11-16T05:45:57.904+0000] {processor.py:208} INFO - Processing /home/airflow/.local/lib/python3.12/site-packages/airflow/example_dags/example_sensors.py took 0.107 seconds
[2024-11-16T05:46:28.475+0000] {processor.py:186} INFO - Started process (PID=138) to work on /home/airflow/.local/lib/python3.12/site-packages/airflow/example_dags/example_sensors.py
[2024-11-16T05:46:28.475+0000] {processor.py:914} INFO - Processing file /home/airflow/.local/lib/python3.12/site-packages/airflow/example_dags/example_sensors.py for tasks to queue
[2024-11-16T05:46:28.477+0000] {logging_mixin.py:190} INFO - [2024-11-16T05:46:28.477+0000] {dagbag.py:588} INFO - Filling up the DagBag from /home/airflow/.local/lib/python3.12/site-packages/airflow/example_dags/example_sensors.py
[2024-11-16T05:46:28.485+0000] {processor.py:925} INFO - DAG(s) 'example_sensors' retrieved from /home/airflow/.local/lib/python3.12/site-packages/airflow/example_dags/example_sensors.py
[2024-11-16T05:46:28.513+0000] {logging_mixin.py:190} INFO - [2024-11-16T05:46:28.513+0000] {dag.py:3239} INFO - Sync 1 DAGs
[2024-11-16T05:46:28.529+0000] {logging_mixin.py:190} INFO - [2024-11-16T05:46:28.529+0000] {dag.py:4180} INFO - Setting next_dagrun for example_sensors to None, run_after=None
[2024-11-16T05:46:28.552+0000] {processor.py:208} INFO - Processing /home/airflow/.local/lib/python3.12/site-packages/airflow/example_dags/example_sensors.py took 0.081 seconds
[2024-11-16T05:46:58.738+0000] {processor.py:186} INFO - Started process (PID=206) to work on /home/airflow/.local/lib/python3.12/site-packages/airflow/example_dags/example_sensors.py
[2024-11-16T05:46:58.738+0000] {processor.py:914} INFO - Processing file /home/airflow/.local/lib/python3.12/site-packages/airflow/example_dags/example_sensors.py for tasks to queue
[2024-11-16T05:46:58.740+0000] {logging_mixin.py:190} INFO - [2024-11-16T05:46:58.740+0000] {dagbag.py:588} INFO - Filling up the DagBag from /home/airflow/.local/lib/python3.12/site-packages/airflow/example_dags/example_sensors.py
[2024-11-16T05:46:58.747+0000] {processor.py:925} INFO - DAG(s) 'example_sensors' retrieved from /home/airflow/.local/lib/python3.12/site-packages/airflow/example_dags/example_sensors.py
[2024-11-16T05:46:58.772+0000] {logging_mixin.py:190} INFO - [2024-11-16T05:46:58.772+0000] {dag.py:3239} INFO - Sync 1 DAGs
[2024-11-16T05:46:58.786+0000] {logging_mixin.py:190} INFO - [2024-11-16T05:46:58.786+0000] {dag.py:4180} INFO - Setting next_dagrun for example_sensors to None, run_after=None
[2024-11-16T05:46:58.813+0000] {processor.py:208} INFO - Processing /home/airflow/.local/lib/python3.12/site-packages/airflow/example_dags/example_sensors.py took 0.079 seconds
[2024-11-16T05:47:29.170+0000] {processor.py:186} INFO - Started process (PID=274) to work on /home/airflow/.local/lib/python3.12/site-packages/airflow/example_dags/example_sensors.py
[2024-11-16T05:47:29.170+0000] {processor.py:914} INFO - Processing file /home/airflow/.local/lib/python3.12/site-packages/airflow/example_dags/example_sensors.py for tasks to queue
[2024-11-16T05:47:29.172+0000] {logging_mixin.py:190} INFO - [2024-11-16T05:47:29.172+0000] {dagbag.py:588} INFO - Filling up the DagBag from /home/airflow/.local/lib/python3.12/site-packages/airflow/example_dags/example_sensors.py
[2024-11-16T05:47:29.179+0000] {processor.py:925} INFO - DAG(s) 'example_sensors' retrieved from /home/airflow/.local/lib/python3.12/site-packages/airflow/example_dags/example_sensors.py
[2024-11-16T05:47:29.203+0000] {logging_mixin.py:190} INFO - [2024-11-16T05:47:29.202+0000] {dag.py:3239} INFO - Sync 1 DAGs
[2024-11-16T05:47:29.218+0000] {logging_mixin.py:190} INFO - [2024-11-16T05:47:29.218+0000] {dag.py:4180} INFO - Setting next_dagrun for example_sensors to None, run_after=None
[2024-11-16T05:47:29.235+0000] {processor.py:208} INFO - Processing /home/airflow/.local/lib/python3.12/site-packages/airflow/example_dags/example_sensors.py took 0.071 seconds
[2024-11-16T05:47:59.312+0000] {processor.py:186} INFO - Started process (PID=342) to work on /home/airflow/.local/lib/python3.12/site-packages/airflow/example_dags/example_sensors.py
[2024-11-16T05:47:59.314+0000] {processor.py:914} INFO - Processing file /home/airflow/.local/lib/python3.12/site-packages/airflow/example_dags/example_sensors.py for tasks to queue
[2024-11-16T05:47:59.316+0000] {logging_mixin.py:190} INFO - [2024-11-16T05:47:59.315+0000] {dagbag.py:588} INFO - Filling up the DagBag from /home/airflow/.local/lib/python3.12/site-packages/airflow/example_dags/example_sensors.py
[2024-11-16T05:47:59.325+0000] {processor.py:925} INFO - DAG(s) 'example_sensors' retrieved from /home/airflow/.local/lib/python3.12/site-packages/airflow/example_dags/example_sensors.py
[2024-11-16T05:47:59.344+0000] {logging_mixin.py:190} INFO - [2024-11-16T05:47:59.344+0000] {dag.py:3239} INFO - Sync 1 DAGs
[2024-11-16T05:47:59.355+0000] {logging_mixin.py:190} INFO - [2024-11-16T05:47:59.355+0000] {dag.py:4180} INFO - Setting next_dagrun for example_sensors to None, run_after=None
[2024-11-16T05:47:59.371+0000] {processor.py:208} INFO - Processing /home/airflow/.local/lib/python3.12/site-packages/airflow/example_dags/example_sensors.py took 0.063 seconds
[2024-11-16T05:48:30.081+0000] {processor.py:186} INFO - Started process (PID=410) to work on /home/airflow/.local/lib/python3.12/site-packages/airflow/example_dags/example_sensors.py
[2024-11-16T05:48:30.081+0000] {processor.py:914} INFO - Processing file /home/airflow/.local/lib/python3.12/site-packages/airflow/example_dags/example_sensors.py for tasks to queue
[2024-11-16T05:48:30.084+0000] {logging_mixin.py:190} INFO - [2024-11-16T05:48:30.084+0000] {dagbag.py:588} INFO - Filling up the DagBag from /home/airflow/.local/lib/python3.12/site-packages/airflow/example_dags/example_sensors.py
[2024-11-16T05:48:30.094+0000] {processor.py:925} INFO - DAG(s) 'example_sensors' retrieved from /home/airflow/.local/lib/python3.12/site-packages/airflow/example_dags/example_sensors.py
[2024-11-16T05:48:30.120+0000] {logging_mixin.py:190} INFO - [2024-11-16T05:48:30.120+0000] {dag.py:3239} INFO - Sync 1 DAGs
[2024-11-16T05:48:30.132+0000] {logging_mixin.py:190} INFO - [2024-11-16T05:48:30.132+0000] {dag.py:4180} INFO - Setting next_dagrun for example_sensors to None, run_after=None
[2024-11-16T05:48:30.154+0000] {processor.py:208} INFO - Processing /home/airflow/.local/lib/python3.12/site-packages/airflow/example_dags/example_sensors.py took 0.085 seconds
[2024-11-16T05:49:00.776+0000] {processor.py:186} INFO - Started process (PID=478) to work on /home/airflow/.local/lib/python3.12/site-packages/airflow/example_dags/example_sensors.py
[2024-11-16T05:49:00.777+0000] {processor.py:914} INFO - Processing file /home/airflow/.local/lib/python3.12/site-packages/airflow/example_dags/example_sensors.py for tasks to queue
[2024-11-16T05:49:00.779+0000] {logging_mixin.py:190} INFO - [2024-11-16T05:49:00.779+0000] {dagbag.py:588} INFO - Filling up the DagBag from /home/airflow/.local/lib/python3.12/site-packages/airflow/example_dags/example_sensors.py
[2024-11-16T05:49:00.789+0000] {processor.py:925} INFO - DAG(s) 'example_sensors' retrieved from /home/airflow/.local/lib/python3.12/site-packages/airflow/example_dags/example_sensors.py
[2024-11-16T05:49:00.812+0000] {logging_mixin.py:190} INFO - [2024-11-16T05:49:00.812+0000] {dag.py:3239} INFO - Sync 1 DAGs
[2024-11-16T05:49:00.827+0000] {logging_mixin.py:190} INFO - [2024-11-16T05:49:00.826+0000] {dag.py:4180} INFO - Setting next_dagrun for example_sensors to None, run_after=None
[2024-11-16T05:49:00.849+0000] {processor.py:208} INFO - Processing /home/airflow/.local/lib/python3.12/site-packages/airflow/example_dags/example_sensors.py took 0.080 seconds
[2024-11-16T05:49:31.776+0000] {processor.py:186} INFO - Started process (PID=546) to work on /home/airflow/.local/lib/python3.12/site-packages/airflow/example_dags/example_sensors.py
[2024-11-16T05:49:31.776+0000] {processor.py:914} INFO - Processing file /home/airflow/.local/lib/python3.12/site-packages/airflow/example_dags/example_sensors.py for tasks to queue
[2024-11-16T05:49:31.778+0000] {logging_mixin.py:190} INFO - [2024-11-16T05:49:31.777+0000] {dagbag.py:588} INFO - Filling up the DagBag from /home/airflow/.local/lib/python3.12/site-packages/airflow/example_dags/example_sensors.py
[2024-11-16T05:49:31.784+0000] {processor.py:925} INFO - DAG(s) 'example_sensors' retrieved from /home/airflow/.local/lib/python3.12/site-packages/airflow/example_dags/example_sensors.py
[2024-11-16T05:49:31.801+0000] {logging_mixin.py:190} INFO - [2024-11-16T05:49:31.800+0000] {dag.py:3239} INFO - Sync 1 DAGs
[2024-11-16T05:49:31.811+0000] {logging_mixin.py:190} INFO - [2024-11-16T05:49:31.811+0000] {dag.py:4180} INFO - Setting next_dagrun for example_sensors to None, run_after=None
[2024-11-16T05:49:31.825+0000] {processor.py:208} INFO - Processing /home/airflow/.local/lib/python3.12/site-packages/airflow/example_dags/example_sensors.py took 0.053 seconds
[2024-11-16T05:50:47.029+0000] {processor.py:186} INFO - Started process (PID=71) to work on /home/airflow/.local/lib/python3.12/site-packages/airflow/example_dags/example_sensors.py
[2024-11-16T05:50:47.030+0000] {processor.py:914} INFO - Processing file /home/airflow/.local/lib/python3.12/site-packages/airflow/example_dags/example_sensors.py for tasks to queue
[2024-11-16T05:50:47.034+0000] {logging_mixin.py:190} INFO - [2024-11-16T05:50:47.033+0000] {dagbag.py:588} INFO - Filling up the DagBag from /home/airflow/.local/lib/python3.12/site-packages/airflow/example_dags/example_sensors.py
[2024-11-16T05:50:47.052+0000] {processor.py:925} INFO - DAG(s) 'example_sensors' retrieved from /home/airflow/.local/lib/python3.12/site-packages/airflow/example_dags/example_sensors.py
[2024-11-16T05:50:47.099+0000] {logging_mixin.py:190} INFO - [2024-11-16T05:50:47.099+0000] {dag.py:3239} INFO - Sync 1 DAGs
[2024-11-16T05:50:47.124+0000] {logging_mixin.py:190} INFO - [2024-11-16T05:50:47.123+0000] {dag.py:4180} INFO - Setting next_dagrun for example_sensors to None, run_after=None
[2024-11-16T05:50:47.154+0000] {processor.py:208} INFO - Processing /home/airflow/.local/lib/python3.12/site-packages/airflow/example_dags/example_sensors.py took 0.134 seconds
[2024-11-16T05:51:17.301+0000] {processor.py:186} INFO - Started process (PID=139) to work on /home/airflow/.local/lib/python3.12/site-packages/airflow/example_dags/example_sensors.py
[2024-11-16T05:51:17.302+0000] {processor.py:914} INFO - Processing file /home/airflow/.local/lib/python3.12/site-packages/airflow/example_dags/example_sensors.py for tasks to queue
[2024-11-16T05:51:17.304+0000] {logging_mixin.py:190} INFO - [2024-11-16T05:51:17.303+0000] {dagbag.py:588} INFO - Filling up the DagBag from /home/airflow/.local/lib/python3.12/site-packages/airflow/example_dags/example_sensors.py
[2024-11-16T05:51:17.313+0000] {processor.py:925} INFO - DAG(s) 'example_sensors' retrieved from /home/airflow/.local/lib/python3.12/site-packages/airflow/example_dags/example_sensors.py
[2024-11-16T05:51:17.333+0000] {logging_mixin.py:190} INFO - [2024-11-16T05:51:17.333+0000] {dag.py:3239} INFO - Sync 1 DAGs
[2024-11-16T05:51:17.342+0000] {logging_mixin.py:190} INFO - [2024-11-16T05:51:17.342+0000] {dag.py:4180} INFO - Setting next_dagrun for example_sensors to None, run_after=None
[2024-11-16T05:51:17.357+0000] {processor.py:208} INFO - Processing /home/airflow/.local/lib/python3.12/site-packages/airflow/example_dags/example_sensors.py took 0.062 seconds
[2024-11-16T05:51:47.535+0000] {processor.py:186} INFO - Started process (PID=207) to work on /home/airflow/.local/lib/python3.12/site-packages/airflow/example_dags/example_sensors.py
[2024-11-16T05:51:47.536+0000] {processor.py:914} INFO - Processing file /home/airflow/.local/lib/python3.12/site-packages/airflow/example_dags/example_sensors.py for tasks to queue
[2024-11-16T05:51:47.542+0000] {logging_mixin.py:190} INFO - [2024-11-16T05:51:47.541+0000] {dagbag.py:588} INFO - Filling up the DagBag from /home/airflow/.local/lib/python3.12/site-packages/airflow/example_dags/example_sensors.py
[2024-11-16T05:51:47.557+0000] {processor.py:925} INFO - DAG(s) 'example_sensors' retrieved from /home/airflow/.local/lib/python3.12/site-packages/airflow/example_dags/example_sensors.py
[2024-11-16T05:51:47.592+0000] {logging_mixin.py:190} INFO - [2024-11-16T05:51:47.592+0000] {dag.py:3239} INFO - Sync 1 DAGs
[2024-11-16T05:51:47.615+0000] {logging_mixin.py:190} INFO - [2024-11-16T05:51:47.615+0000] {dag.py:4180} INFO - Setting next_dagrun for example_sensors to None, run_after=None
[2024-11-16T05:51:47.652+0000] {processor.py:208} INFO - Processing /home/airflow/.local/lib/python3.12/site-packages/airflow/example_dags/example_sensors.py took 0.126 seconds
[2024-11-16T05:52:17.946+0000] {processor.py:186} INFO - Started process (PID=281) to work on /home/airflow/.local/lib/python3.12/site-packages/airflow/example_dags/example_sensors.py
[2024-11-16T05:52:17.947+0000] {processor.py:914} INFO - Processing file /home/airflow/.local/lib/python3.12/site-packages/airflow/example_dags/example_sensors.py for tasks to queue
[2024-11-16T05:52:17.949+0000] {logging_mixin.py:190} INFO - [2024-11-16T05:52:17.948+0000] {dagbag.py:588} INFO - Filling up the DagBag from /home/airflow/.local/lib/python3.12/site-packages/airflow/example_dags/example_sensors.py
[2024-11-16T05:52:17.955+0000] {processor.py:925} INFO - DAG(s) 'example_sensors' retrieved from /home/airflow/.local/lib/python3.12/site-packages/airflow/example_dags/example_sensors.py
[2024-11-16T05:52:17.970+0000] {logging_mixin.py:190} INFO - [2024-11-16T05:52:17.970+0000] {dag.py:3239} INFO - Sync 1 DAGs
[2024-11-16T05:52:17.978+0000] {logging_mixin.py:190} INFO - [2024-11-16T05:52:17.978+0000] {dag.py:4180} INFO - Setting next_dagrun for example_sensors to None, run_after=None
[2024-11-16T05:52:17.991+0000] {processor.py:208} INFO - Processing /home/airflow/.local/lib/python3.12/site-packages/airflow/example_dags/example_sensors.py took 0.048 seconds
[2024-11-16T05:52:48.323+0000] {processor.py:186} INFO - Started process (PID=349) to work on /home/airflow/.local/lib/python3.12/site-packages/airflow/example_dags/example_sensors.py
[2024-11-16T05:52:48.323+0000] {processor.py:914} INFO - Processing file /home/airflow/.local/lib/python3.12/site-packages/airflow/example_dags/example_sensors.py for tasks to queue
[2024-11-16T05:52:48.325+0000] {logging_mixin.py:190} INFO - [2024-11-16T05:52:48.324+0000] {dagbag.py:588} INFO - Filling up the DagBag from /home/airflow/.local/lib/python3.12/site-packages/airflow/example_dags/example_sensors.py
[2024-11-16T05:52:48.333+0000] {processor.py:925} INFO - DAG(s) 'example_sensors' retrieved from /home/airflow/.local/lib/python3.12/site-packages/airflow/example_dags/example_sensors.py
[2024-11-16T05:52:48.350+0000] {logging_mixin.py:190} INFO - [2024-11-16T05:52:48.350+0000] {dag.py:3239} INFO - Sync 1 DAGs
[2024-11-16T05:52:48.362+0000] {logging_mixin.py:190} INFO - [2024-11-16T05:52:48.361+0000] {dag.py:4180} INFO - Setting next_dagrun for example_sensors to None, run_after=None
[2024-11-16T05:52:48.377+0000] {processor.py:208} INFO - Processing /home/airflow/.local/lib/python3.12/site-packages/airflow/example_dags/example_sensors.py took 0.058 seconds
[2024-11-16T05:53:18.734+0000] {processor.py:186} INFO - Started process (PID=417) to work on /home/airflow/.local/lib/python3.12/site-packages/airflow/example_dags/example_sensors.py
[2024-11-16T05:53:18.735+0000] {processor.py:914} INFO - Processing file /home/airflow/.local/lib/python3.12/site-packages/airflow/example_dags/example_sensors.py for tasks to queue
[2024-11-16T05:53:18.736+0000] {logging_mixin.py:190} INFO - [2024-11-16T05:53:18.736+0000] {dagbag.py:588} INFO - Filling up the DagBag from /home/airflow/.local/lib/python3.12/site-packages/airflow/example_dags/example_sensors.py
[2024-11-16T05:53:18.744+0000] {processor.py:925} INFO - DAG(s) 'example_sensors' retrieved from /home/airflow/.local/lib/python3.12/site-packages/airflow/example_dags/example_sensors.py
[2024-11-16T05:53:18.763+0000] {logging_mixin.py:190} INFO - [2024-11-16T05:53:18.763+0000] {dag.py:3239} INFO - Sync 1 DAGs
[2024-11-16T05:53:18.774+0000] {logging_mixin.py:190} INFO - [2024-11-16T05:53:18.773+0000] {dag.py:4180} INFO - Setting next_dagrun for example_sensors to None, run_after=None
[2024-11-16T05:53:18.791+0000] {processor.py:208} INFO - Processing /home/airflow/.local/lib/python3.12/site-packages/airflow/example_dags/example_sensors.py took 0.061 seconds
[2024-11-16T05:53:49.424+0000] {processor.py:186} INFO - Started process (PID=485) to work on /home/airflow/.local/lib/python3.12/site-packages/airflow/example_dags/example_sensors.py
[2024-11-16T05:53:49.425+0000] {processor.py:914} INFO - Processing file /home/airflow/.local/lib/python3.12/site-packages/airflow/example_dags/example_sensors.py for tasks to queue
[2024-11-16T05:53:49.426+0000] {logging_mixin.py:190} INFO - [2024-11-16T05:53:49.426+0000] {dagbag.py:588} INFO - Filling up the DagBag from /home/airflow/.local/lib/python3.12/site-packages/airflow/example_dags/example_sensors.py
[2024-11-16T05:53:49.433+0000] {processor.py:925} INFO - DAG(s) 'example_sensors' retrieved from /home/airflow/.local/lib/python3.12/site-packages/airflow/example_dags/example_sensors.py
[2024-11-16T05:53:49.451+0000] {logging_mixin.py:190} INFO - [2024-11-16T05:53:49.450+0000] {dag.py:3239} INFO - Sync 1 DAGs
[2024-11-16T05:53:49.459+0000] {logging_mixin.py:190} INFO - [2024-11-16T05:53:49.459+0000] {dag.py:4180} INFO - Setting next_dagrun for example_sensors to None, run_after=None
[2024-11-16T05:53:49.473+0000] {processor.py:208} INFO - Processing /home/airflow/.local/lib/python3.12/site-packages/airflow/example_dags/example_sensors.py took 0.053 seconds
[2024-11-16T05:54:19.650+0000] {processor.py:186} INFO - Started process (PID=553) to work on /home/airflow/.local/lib/python3.12/site-packages/airflow/example_dags/example_sensors.py
[2024-11-16T05:54:19.651+0000] {processor.py:914} INFO - Processing file /home/airflow/.local/lib/python3.12/site-packages/airflow/example_dags/example_sensors.py for tasks to queue
[2024-11-16T05:54:19.652+0000] {logging_mixin.py:190} INFO - [2024-11-16T05:54:19.652+0000] {dagbag.py:588} INFO - Filling up the DagBag from /home/airflow/.local/lib/python3.12/site-packages/airflow/example_dags/example_sensors.py
[2024-11-16T05:54:19.658+0000] {processor.py:925} INFO - DAG(s) 'example_sensors' retrieved from /home/airflow/.local/lib/python3.12/site-packages/airflow/example_dags/example_sensors.py
[2024-11-16T05:54:19.673+0000] {logging_mixin.py:190} INFO - [2024-11-16T05:54:19.673+0000] {dag.py:3239} INFO - Sync 1 DAGs
[2024-11-16T05:54:19.682+0000] {logging_mixin.py:190} INFO - [2024-11-16T05:54:19.682+0000] {dag.py:4180} INFO - Setting next_dagrun for example_sensors to None, run_after=None
[2024-11-16T05:54:19.694+0000] {processor.py:208} INFO - Processing /home/airflow/.local/lib/python3.12/site-packages/airflow/example_dags/example_sensors.py took 0.047 seconds
[2024-11-16T05:54:49.943+0000] {processor.py:186} INFO - Started process (PID=621) to work on /home/airflow/.local/lib/python3.12/site-packages/airflow/example_dags/example_sensors.py
[2024-11-16T05:54:49.945+0000] {processor.py:914} INFO - Processing file /home/airflow/.local/lib/python3.12/site-packages/airflow/example_dags/example_sensors.py for tasks to queue
[2024-11-16T05:54:49.946+0000] {logging_mixin.py:190} INFO - [2024-11-16T05:54:49.946+0000] {dagbag.py:588} INFO - Filling up the DagBag from /home/airflow/.local/lib/python3.12/site-packages/airflow/example_dags/example_sensors.py
[2024-11-16T05:54:49.953+0000] {processor.py:925} INFO - DAG(s) 'example_sensors' retrieved from /home/airflow/.local/lib/python3.12/site-packages/airflow/example_dags/example_sensors.py
[2024-11-16T05:54:49.970+0000] {logging_mixin.py:190} INFO - [2024-11-16T05:54:49.970+0000] {dag.py:3239} INFO - Sync 1 DAGs
[2024-11-16T05:54:49.980+0000] {logging_mixin.py:190} INFO - [2024-11-16T05:54:49.979+0000] {dag.py:4180} INFO - Setting next_dagrun for example_sensors to None, run_after=None
[2024-11-16T05:54:49.999+0000] {processor.py:208} INFO - Processing /home/airflow/.local/lib/python3.12/site-packages/airflow/example_dags/example_sensors.py took 0.061 seconds
[2024-11-16T05:55:20.471+0000] {processor.py:186} INFO - Started process (PID=689) to work on /home/airflow/.local/lib/python3.12/site-packages/airflow/example_dags/example_sensors.py
[2024-11-16T05:55:20.472+0000] {processor.py:914} INFO - Processing file /home/airflow/.local/lib/python3.12/site-packages/airflow/example_dags/example_sensors.py for tasks to queue
[2024-11-16T05:55:20.473+0000] {logging_mixin.py:190} INFO - [2024-11-16T05:55:20.473+0000] {dagbag.py:588} INFO - Filling up the DagBag from /home/airflow/.local/lib/python3.12/site-packages/airflow/example_dags/example_sensors.py
[2024-11-16T05:55:20.488+0000] {processor.py:925} INFO - DAG(s) 'example_sensors' retrieved from /home/airflow/.local/lib/python3.12/site-packages/airflow/example_dags/example_sensors.py
[2024-11-16T05:55:20.520+0000] {logging_mixin.py:190} INFO - [2024-11-16T05:55:20.520+0000] {dag.py:3239} INFO - Sync 1 DAGs
[2024-11-16T05:55:20.535+0000] {logging_mixin.py:190} INFO - [2024-11-16T05:55:20.534+0000] {dag.py:4180} INFO - Setting next_dagrun for example_sensors to None, run_after=None
[2024-11-16T05:55:20.565+0000] {processor.py:208} INFO - Processing /home/airflow/.local/lib/python3.12/site-packages/airflow/example_dags/example_sensors.py took 0.104 seconds
[2024-11-16T05:55:50.957+0000] {processor.py:186} INFO - Started process (PID=757) to work on /home/airflow/.local/lib/python3.12/site-packages/airflow/example_dags/example_sensors.py
[2024-11-16T05:55:50.958+0000] {processor.py:914} INFO - Processing file /home/airflow/.local/lib/python3.12/site-packages/airflow/example_dags/example_sensors.py for tasks to queue
[2024-11-16T05:55:50.959+0000] {logging_mixin.py:190} INFO - [2024-11-16T05:55:50.959+0000] {dagbag.py:588} INFO - Filling up the DagBag from /home/airflow/.local/lib/python3.12/site-packages/airflow/example_dags/example_sensors.py
[2024-11-16T05:55:50.966+0000] {processor.py:925} INFO - DAG(s) 'example_sensors' retrieved from /home/airflow/.local/lib/python3.12/site-packages/airflow/example_dags/example_sensors.py
[2024-11-16T05:55:50.986+0000] {logging_mixin.py:190} INFO - [2024-11-16T05:55:50.986+0000] {dag.py:3239} INFO - Sync 1 DAGs
[2024-11-16T05:55:50.994+0000] {logging_mixin.py:190} INFO - [2024-11-16T05:55:50.994+0000] {dag.py:4180} INFO - Setting next_dagrun for example_sensors to None, run_after=None
[2024-11-16T05:55:51.008+0000] {processor.py:208} INFO - Processing /home/airflow/.local/lib/python3.12/site-packages/airflow/example_dags/example_sensors.py took 0.055 seconds
[2024-11-16T05:56:21.326+0000] {processor.py:186} INFO - Started process (PID=825) to work on /home/airflow/.local/lib/python3.12/site-packages/airflow/example_dags/example_sensors.py
[2024-11-16T05:56:21.327+0000] {processor.py:914} INFO - Processing file /home/airflow/.local/lib/python3.12/site-packages/airflow/example_dags/example_sensors.py for tasks to queue
[2024-11-16T05:56:21.328+0000] {logging_mixin.py:190} INFO - [2024-11-16T05:56:21.328+0000] {dagbag.py:588} INFO - Filling up the DagBag from /home/airflow/.local/lib/python3.12/site-packages/airflow/example_dags/example_sensors.py
[2024-11-16T05:56:21.339+0000] {processor.py:925} INFO - DAG(s) 'example_sensors' retrieved from /home/airflow/.local/lib/python3.12/site-packages/airflow/example_dags/example_sensors.py
[2024-11-16T05:56:21.356+0000] {logging_mixin.py:190} INFO - [2024-11-16T05:56:21.356+0000] {dag.py:3239} INFO - Sync 1 DAGs
[2024-11-16T05:56:21.366+0000] {logging_mixin.py:190} INFO - [2024-11-16T05:56:21.366+0000] {dag.py:4180} INFO - Setting next_dagrun for example_sensors to None, run_after=None
[2024-11-16T05:56:21.381+0000] {processor.py:208} INFO - Processing /home/airflow/.local/lib/python3.12/site-packages/airflow/example_dags/example_sensors.py took 0.059 seconds
[2024-11-16T05:56:51.541+0000] {processor.py:186} INFO - Started process (PID=893) to work on /home/airflow/.local/lib/python3.12/site-packages/airflow/example_dags/example_sensors.py
[2024-11-16T05:56:51.542+0000] {processor.py:914} INFO - Processing file /home/airflow/.local/lib/python3.12/site-packages/airflow/example_dags/example_sensors.py for tasks to queue
[2024-11-16T05:56:51.543+0000] {logging_mixin.py:190} INFO - [2024-11-16T05:56:51.543+0000] {dagbag.py:588} INFO - Filling up the DagBag from /home/airflow/.local/lib/python3.12/site-packages/airflow/example_dags/example_sensors.py
[2024-11-16T05:56:51.550+0000] {processor.py:925} INFO - DAG(s) 'example_sensors' retrieved from /home/airflow/.local/lib/python3.12/site-packages/airflow/example_dags/example_sensors.py
[2024-11-16T05:56:51.567+0000] {logging_mixin.py:190} INFO - [2024-11-16T05:56:51.567+0000] {dag.py:3239} INFO - Sync 1 DAGs
[2024-11-16T05:56:51.577+0000] {logging_mixin.py:190} INFO - [2024-11-16T05:56:51.576+0000] {dag.py:4180} INFO - Setting next_dagrun for example_sensors to None, run_after=None
[2024-11-16T05:56:51.593+0000] {processor.py:208} INFO - Processing /home/airflow/.local/lib/python3.12/site-packages/airflow/example_dags/example_sensors.py took 0.055 seconds
[2024-11-16T05:57:22.142+0000] {processor.py:186} INFO - Started process (PID=961) to work on /home/airflow/.local/lib/python3.12/site-packages/airflow/example_dags/example_sensors.py
[2024-11-16T05:57:22.143+0000] {processor.py:914} INFO - Processing file /home/airflow/.local/lib/python3.12/site-packages/airflow/example_dags/example_sensors.py for tasks to queue
[2024-11-16T05:57:22.145+0000] {logging_mixin.py:190} INFO - [2024-11-16T05:57:22.144+0000] {dagbag.py:588} INFO - Filling up the DagBag from /home/airflow/.local/lib/python3.12/site-packages/airflow/example_dags/example_sensors.py
[2024-11-16T05:57:22.154+0000] {processor.py:925} INFO - DAG(s) 'example_sensors' retrieved from /home/airflow/.local/lib/python3.12/site-packages/airflow/example_dags/example_sensors.py
[2024-11-16T05:57:22.179+0000] {logging_mixin.py:190} INFO - [2024-11-16T05:57:22.179+0000] {dag.py:3239} INFO - Sync 1 DAGs
[2024-11-16T05:57:22.194+0000] {logging_mixin.py:190} INFO - [2024-11-16T05:57:22.194+0000] {dag.py:4180} INFO - Setting next_dagrun for example_sensors to None, run_after=None
[2024-11-16T05:57:22.215+0000] {processor.py:208} INFO - Processing /home/airflow/.local/lib/python3.12/site-packages/airflow/example_dags/example_sensors.py took 0.082 seconds
[2024-11-16T06:44:14.300+0000] {processor.py:186} INFO - Started process (PID=79) to work on /home/airflow/.local/lib/python3.12/site-packages/airflow/example_dags/example_sensors.py
[2024-11-16T06:44:14.301+0000] {processor.py:914} INFO - Processing file /home/airflow/.local/lib/python3.12/site-packages/airflow/example_dags/example_sensors.py for tasks to queue
[2024-11-16T06:44:14.303+0000] {logging_mixin.py:190} INFO - [2024-11-16T06:44:14.303+0000] {dagbag.py:588} INFO - Filling up the DagBag from /home/airflow/.local/lib/python3.12/site-packages/airflow/example_dags/example_sensors.py
[2024-11-16T06:44:14.314+0000] {processor.py:925} INFO - DAG(s) 'example_sensors' retrieved from /home/airflow/.local/lib/python3.12/site-packages/airflow/example_dags/example_sensors.py
[2024-11-16T06:44:14.342+0000] {logging_mixin.py:190} INFO - [2024-11-16T06:44:14.341+0000] {dag.py:3239} INFO - Sync 1 DAGs
[2024-11-16T06:44:14.353+0000] {logging_mixin.py:190} INFO - [2024-11-16T06:44:14.353+0000] {dag.py:4180} INFO - Setting next_dagrun for example_sensors to None, run_after=None
[2024-11-16T06:44:14.376+0000] {processor.py:208} INFO - Processing /home/airflow/.local/lib/python3.12/site-packages/airflow/example_dags/example_sensors.py took 0.081 seconds
[2024-11-16T06:44:45.042+0000] {processor.py:186} INFO - Started process (PID=147) to work on /home/airflow/.local/lib/python3.12/site-packages/airflow/example_dags/example_sensors.py
[2024-11-16T06:44:45.043+0000] {processor.py:914} INFO - Processing file /home/airflow/.local/lib/python3.12/site-packages/airflow/example_dags/example_sensors.py for tasks to queue
[2024-11-16T06:44:45.044+0000] {logging_mixin.py:190} INFO - [2024-11-16T06:44:45.044+0000] {dagbag.py:588} INFO - Filling up the DagBag from /home/airflow/.local/lib/python3.12/site-packages/airflow/example_dags/example_sensors.py
[2024-11-16T06:44:45.054+0000] {processor.py:925} INFO - DAG(s) 'example_sensors' retrieved from /home/airflow/.local/lib/python3.12/site-packages/airflow/example_dags/example_sensors.py
[2024-11-16T06:44:45.076+0000] {logging_mixin.py:190} INFO - [2024-11-16T06:44:45.075+0000] {dag.py:3239} INFO - Sync 1 DAGs
[2024-11-16T06:44:45.090+0000] {logging_mixin.py:190} INFO - [2024-11-16T06:44:45.090+0000] {dag.py:4180} INFO - Setting next_dagrun for example_sensors to None, run_after=None
[2024-11-16T06:44:45.107+0000] {processor.py:208} INFO - Processing /home/airflow/.local/lib/python3.12/site-packages/airflow/example_dags/example_sensors.py took 0.069 seconds
[2024-11-16T06:45:15.959+0000] {processor.py:186} INFO - Started process (PID=215) to work on /home/airflow/.local/lib/python3.12/site-packages/airflow/example_dags/example_sensors.py
[2024-11-16T06:45:15.959+0000] {processor.py:914} INFO - Processing file /home/airflow/.local/lib/python3.12/site-packages/airflow/example_dags/example_sensors.py for tasks to queue
[2024-11-16T06:45:15.961+0000] {logging_mixin.py:190} INFO - [2024-11-16T06:45:15.961+0000] {dagbag.py:588} INFO - Filling up the DagBag from /home/airflow/.local/lib/python3.12/site-packages/airflow/example_dags/example_sensors.py
[2024-11-16T06:45:15.968+0000] {processor.py:925} INFO - DAG(s) 'example_sensors' retrieved from /home/airflow/.local/lib/python3.12/site-packages/airflow/example_dags/example_sensors.py
[2024-11-16T06:45:15.987+0000] {logging_mixin.py:190} INFO - [2024-11-16T06:45:15.986+0000] {dag.py:3239} INFO - Sync 1 DAGs
[2024-11-16T06:45:15.997+0000] {logging_mixin.py:190} INFO - [2024-11-16T06:45:15.997+0000] {dag.py:4180} INFO - Setting next_dagrun for example_sensors to None, run_after=None
[2024-11-16T06:45:16.012+0000] {processor.py:208} INFO - Processing /home/airflow/.local/lib/python3.12/site-packages/airflow/example_dags/example_sensors.py took 0.057 seconds
[2024-11-16T06:45:46.504+0000] {processor.py:186} INFO - Started process (PID=283) to work on /home/airflow/.local/lib/python3.12/site-packages/airflow/example_dags/example_sensors.py
[2024-11-16T06:45:46.505+0000] {processor.py:914} INFO - Processing file /home/airflow/.local/lib/python3.12/site-packages/airflow/example_dags/example_sensors.py for tasks to queue
[2024-11-16T06:45:46.507+0000] {logging_mixin.py:190} INFO - [2024-11-16T06:45:46.506+0000] {dagbag.py:588} INFO - Filling up the DagBag from /home/airflow/.local/lib/python3.12/site-packages/airflow/example_dags/example_sensors.py
[2024-11-16T06:45:46.515+0000] {processor.py:925} INFO - DAG(s) 'example_sensors' retrieved from /home/airflow/.local/lib/python3.12/site-packages/airflow/example_dags/example_sensors.py
[2024-11-16T06:45:46.534+0000] {logging_mixin.py:190} INFO - [2024-11-16T06:45:46.534+0000] {dag.py:3239} INFO - Sync 1 DAGs
[2024-11-16T06:45:46.544+0000] {logging_mixin.py:190} INFO - [2024-11-16T06:45:46.544+0000] {dag.py:4180} INFO - Setting next_dagrun for example_sensors to None, run_after=None
[2024-11-16T06:45:46.560+0000] {processor.py:208} INFO - Processing /home/airflow/.local/lib/python3.12/site-packages/airflow/example_dags/example_sensors.py took 0.061 seconds
[2024-11-16T06:46:16.683+0000] {processor.py:186} INFO - Started process (PID=351) to work on /home/airflow/.local/lib/python3.12/site-packages/airflow/example_dags/example_sensors.py
[2024-11-16T06:46:16.684+0000] {processor.py:914} INFO - Processing file /home/airflow/.local/lib/python3.12/site-packages/airflow/example_dags/example_sensors.py for tasks to queue
[2024-11-16T06:46:16.686+0000] {logging_mixin.py:190} INFO - [2024-11-16T06:46:16.686+0000] {dagbag.py:588} INFO - Filling up the DagBag from /home/airflow/.local/lib/python3.12/site-packages/airflow/example_dags/example_sensors.py
[2024-11-16T06:46:16.698+0000] {processor.py:925} INFO - DAG(s) 'example_sensors' retrieved from /home/airflow/.local/lib/python3.12/site-packages/airflow/example_dags/example_sensors.py
[2024-11-16T06:46:16.719+0000] {logging_mixin.py:190} INFO - [2024-11-16T06:46:16.718+0000] {dag.py:3239} INFO - Sync 1 DAGs
[2024-11-16T06:46:16.734+0000] {logging_mixin.py:190} INFO - [2024-11-16T06:46:16.734+0000] {dag.py:4180} INFO - Setting next_dagrun for example_sensors to None, run_after=None
[2024-11-16T06:46:16.750+0000] {processor.py:208} INFO - Processing /home/airflow/.local/lib/python3.12/site-packages/airflow/example_dags/example_sensors.py took 0.073 seconds
[2024-11-16T07:28:06.157+0000] {processor.py:186} INFO - Started process (PID=77) to work on /home/airflow/.local/lib/python3.12/site-packages/airflow/example_dags/example_sensors.py
[2024-11-16T07:28:06.158+0000] {processor.py:914} INFO - Processing file /home/airflow/.local/lib/python3.12/site-packages/airflow/example_dags/example_sensors.py for tasks to queue
[2024-11-16T07:28:06.161+0000] {logging_mixin.py:190} INFO - [2024-11-16T07:28:06.160+0000] {dagbag.py:588} INFO - Filling up the DagBag from /home/airflow/.local/lib/python3.12/site-packages/airflow/example_dags/example_sensors.py
[2024-11-16T07:28:06.175+0000] {processor.py:925} INFO - DAG(s) 'example_sensors' retrieved from /home/airflow/.local/lib/python3.12/site-packages/airflow/example_dags/example_sensors.py
[2024-11-16T07:28:06.305+0000] {logging_mixin.py:190} INFO - [2024-11-16T07:28:06.304+0000] {override.py:1900} INFO - Created Permission View: can read on DAG:example_sensors
[2024-11-16T07:28:06.315+0000] {logging_mixin.py:190} INFO - [2024-11-16T07:28:06.315+0000] {override.py:1900} INFO - Created Permission View: can edit on DAG:example_sensors
[2024-11-16T07:28:06.323+0000] {logging_mixin.py:190} INFO - [2024-11-16T07:28:06.323+0000] {override.py:1900} INFO - Created Permission View: can delete on DAG:example_sensors
[2024-11-16T07:28:06.332+0000] {logging_mixin.py:190} INFO - [2024-11-16T07:28:06.332+0000] {override.py:1900} INFO - Created Permission View: can read on DAG Run:example_sensors
[2024-11-16T07:28:06.339+0000] {logging_mixin.py:190} INFO - [2024-11-16T07:28:06.339+0000] {override.py:1900} INFO - Created Permission View: menu access on DAG Run:example_sensors
[2024-11-16T07:28:06.347+0000] {logging_mixin.py:190} INFO - [2024-11-16T07:28:06.346+0000] {override.py:1900} INFO - Created Permission View: can create on DAG Run:example_sensors
[2024-11-16T07:28:06.354+0000] {logging_mixin.py:190} INFO - [2024-11-16T07:28:06.354+0000] {override.py:1900} INFO - Created Permission View: can delete on DAG Run:example_sensors
[2024-11-16T07:28:06.355+0000] {logging_mixin.py:190} INFO - [2024-11-16T07:28:06.355+0000] {dag.py:3239} INFO - Sync 1 DAGs
[2024-11-16T07:28:06.369+0000] {logging_mixin.py:190} INFO - [2024-11-16T07:28:06.369+0000] {dag.py:3262} INFO - Creating ORM DAG for example_sensors
[2024-11-16T07:28:06.370+0000] {logging_mixin.py:190} INFO - [2024-11-16T07:28:06.369+0000] {dag.py:4180} INFO - Setting next_dagrun for example_sensors to None, run_after=None
[2024-11-16T07:28:06.386+0000] {processor.py:208} INFO - Processing /home/airflow/.local/lib/python3.12/site-packages/airflow/example_dags/example_sensors.py took 0.235 seconds
[2024-11-16T07:28:36.967+0000] {processor.py:186} INFO - Started process (PID=144) to work on /home/airflow/.local/lib/python3.12/site-packages/airflow/example_dags/example_sensors.py
[2024-11-16T07:28:36.968+0000] {processor.py:914} INFO - Processing file /home/airflow/.local/lib/python3.12/site-packages/airflow/example_dags/example_sensors.py for tasks to queue
[2024-11-16T07:28:36.970+0000] {logging_mixin.py:190} INFO - [2024-11-16T07:28:36.969+0000] {dagbag.py:588} INFO - Filling up the DagBag from /home/airflow/.local/lib/python3.12/site-packages/airflow/example_dags/example_sensors.py
[2024-11-16T07:28:36.978+0000] {processor.py:925} INFO - DAG(s) 'example_sensors' retrieved from /home/airflow/.local/lib/python3.12/site-packages/airflow/example_dags/example_sensors.py
[2024-11-16T07:28:36.999+0000] {logging_mixin.py:190} INFO - [2024-11-16T07:28:36.999+0000] {dag.py:3239} INFO - Sync 1 DAGs
[2024-11-16T07:28:37.011+0000] {logging_mixin.py:190} INFO - [2024-11-16T07:28:37.011+0000] {dag.py:4180} INFO - Setting next_dagrun for example_sensors to None, run_after=None
[2024-11-16T07:28:37.028+0000] {processor.py:208} INFO - Processing /home/airflow/.local/lib/python3.12/site-packages/airflow/example_dags/example_sensors.py took 0.066 seconds
[2024-11-16T07:29:42.566+0000] {processor.py:186} INFO - Started process (PID=218) to work on /home/airflow/.local/lib/python3.12/site-packages/airflow/example_dags/example_sensors.py
[2024-11-16T07:29:42.567+0000] {processor.py:914} INFO - Processing file /home/airflow/.local/lib/python3.12/site-packages/airflow/example_dags/example_sensors.py for tasks to queue
[2024-11-16T07:29:42.570+0000] {logging_mixin.py:190} INFO - [2024-11-16T07:29:42.570+0000] {dagbag.py:588} INFO - Filling up the DagBag from /home/airflow/.local/lib/python3.12/site-packages/airflow/example_dags/example_sensors.py
[2024-11-16T07:29:42.585+0000] {processor.py:925} INFO - DAG(s) 'example_sensors' retrieved from /home/airflow/.local/lib/python3.12/site-packages/airflow/example_dags/example_sensors.py
[2024-11-16T07:29:42.611+0000] {logging_mixin.py:190} INFO - [2024-11-16T07:29:42.611+0000] {dag.py:3239} INFO - Sync 1 DAGs
[2024-11-16T07:29:42.624+0000] {logging_mixin.py:190} INFO - [2024-11-16T07:29:42.623+0000] {dag.py:4180} INFO - Setting next_dagrun for example_sensors to None, run_after=None
[2024-11-16T07:29:42.640+0000] {processor.py:208} INFO - Processing /home/airflow/.local/lib/python3.12/site-packages/airflow/example_dags/example_sensors.py took 0.081 seconds
[2024-11-16T07:30:13.569+0000] {processor.py:186} INFO - Started process (PID=285) to work on /home/airflow/.local/lib/python3.12/site-packages/airflow/example_dags/example_sensors.py
[2024-11-16T07:30:13.570+0000] {processor.py:914} INFO - Processing file /home/airflow/.local/lib/python3.12/site-packages/airflow/example_dags/example_sensors.py for tasks to queue
[2024-11-16T07:30:13.571+0000] {logging_mixin.py:190} INFO - [2024-11-16T07:30:13.571+0000] {dagbag.py:588} INFO - Filling up the DagBag from /home/airflow/.local/lib/python3.12/site-packages/airflow/example_dags/example_sensors.py
[2024-11-16T07:30:13.579+0000] {processor.py:925} INFO - DAG(s) 'example_sensors' retrieved from /home/airflow/.local/lib/python3.12/site-packages/airflow/example_dags/example_sensors.py
[2024-11-16T07:30:13.599+0000] {logging_mixin.py:190} INFO - [2024-11-16T07:30:13.599+0000] {dag.py:3239} INFO - Sync 1 DAGs
[2024-11-16T07:30:13.609+0000] {logging_mixin.py:190} INFO - [2024-11-16T07:30:13.609+0000] {dag.py:4180} INFO - Setting next_dagrun for example_sensors to None, run_after=None
[2024-11-16T07:30:13.625+0000] {processor.py:208} INFO - Processing /home/airflow/.local/lib/python3.12/site-packages/airflow/example_dags/example_sensors.py took 0.060 seconds
[2024-11-16T07:30:43.958+0000] {processor.py:186} INFO - Started process (PID=351) to work on /home/airflow/.local/lib/python3.12/site-packages/airflow/example_dags/example_sensors.py
[2024-11-16T07:30:43.959+0000] {processor.py:914} INFO - Processing file /home/airflow/.local/lib/python3.12/site-packages/airflow/example_dags/example_sensors.py for tasks to queue
[2024-11-16T07:30:43.960+0000] {logging_mixin.py:190} INFO - [2024-11-16T07:30:43.960+0000] {dagbag.py:588} INFO - Filling up the DagBag from /home/airflow/.local/lib/python3.12/site-packages/airflow/example_dags/example_sensors.py
[2024-11-16T07:30:43.967+0000] {processor.py:925} INFO - DAG(s) 'example_sensors' retrieved from /home/airflow/.local/lib/python3.12/site-packages/airflow/example_dags/example_sensors.py
[2024-11-16T07:30:43.990+0000] {logging_mixin.py:190} INFO - [2024-11-16T07:30:43.990+0000] {dag.py:3239} INFO - Sync 1 DAGs
[2024-11-16T07:30:44.003+0000] {logging_mixin.py:190} INFO - [2024-11-16T07:30:44.003+0000] {dag.py:4180} INFO - Setting next_dagrun for example_sensors to None, run_after=None
[2024-11-16T07:30:44.021+0000] {processor.py:208} INFO - Processing /home/airflow/.local/lib/python3.12/site-packages/airflow/example_dags/example_sensors.py took 0.067 seconds
[2024-11-16T07:31:14.073+0000] {processor.py:186} INFO - Started process (PID=418) to work on /home/airflow/.local/lib/python3.12/site-packages/airflow/example_dags/example_sensors.py
[2024-11-16T07:31:14.073+0000] {processor.py:914} INFO - Processing file /home/airflow/.local/lib/python3.12/site-packages/airflow/example_dags/example_sensors.py for tasks to queue
[2024-11-16T07:31:14.074+0000] {logging_mixin.py:190} INFO - [2024-11-16T07:31:14.074+0000] {dagbag.py:588} INFO - Filling up the DagBag from /home/airflow/.local/lib/python3.12/site-packages/airflow/example_dags/example_sensors.py
[2024-11-16T07:31:14.081+0000] {processor.py:925} INFO - DAG(s) 'example_sensors' retrieved from /home/airflow/.local/lib/python3.12/site-packages/airflow/example_dags/example_sensors.py
[2024-11-16T07:31:14.099+0000] {logging_mixin.py:190} INFO - [2024-11-16T07:31:14.099+0000] {dag.py:3239} INFO - Sync 1 DAGs
[2024-11-16T07:31:14.110+0000] {logging_mixin.py:190} INFO - [2024-11-16T07:31:14.109+0000] {dag.py:4180} INFO - Setting next_dagrun for example_sensors to None, run_after=None
[2024-11-16T07:31:14.125+0000] {processor.py:208} INFO - Processing /home/airflow/.local/lib/python3.12/site-packages/airflow/example_dags/example_sensors.py took 0.056 seconds
[2024-11-16T07:31:45.062+0000] {processor.py:186} INFO - Started process (PID=485) to work on /home/airflow/.local/lib/python3.12/site-packages/airflow/example_dags/example_sensors.py
[2024-11-16T07:31:45.064+0000] {processor.py:914} INFO - Processing file /home/airflow/.local/lib/python3.12/site-packages/airflow/example_dags/example_sensors.py for tasks to queue
[2024-11-16T07:31:45.065+0000] {logging_mixin.py:190} INFO - [2024-11-16T07:31:45.065+0000] {dagbag.py:588} INFO - Filling up the DagBag from /home/airflow/.local/lib/python3.12/site-packages/airflow/example_dags/example_sensors.py
[2024-11-16T07:31:45.074+0000] {processor.py:925} INFO - DAG(s) 'example_sensors' retrieved from /home/airflow/.local/lib/python3.12/site-packages/airflow/example_dags/example_sensors.py
[2024-11-16T07:31:45.092+0000] {logging_mixin.py:190} INFO - [2024-11-16T07:31:45.092+0000] {dag.py:3239} INFO - Sync 1 DAGs
[2024-11-16T07:31:45.102+0000] {logging_mixin.py:190} INFO - [2024-11-16T07:31:45.102+0000] {dag.py:4180} INFO - Setting next_dagrun for example_sensors to None, run_after=None
[2024-11-16T07:31:45.116+0000] {processor.py:208} INFO - Processing /home/airflow/.local/lib/python3.12/site-packages/airflow/example_dags/example_sensors.py took 0.058 seconds
[2024-11-16T07:32:15.385+0000] {processor.py:186} INFO - Started process (PID=552) to work on /home/airflow/.local/lib/python3.12/site-packages/airflow/example_dags/example_sensors.py
[2024-11-16T07:32:15.385+0000] {processor.py:914} INFO - Processing file /home/airflow/.local/lib/python3.12/site-packages/airflow/example_dags/example_sensors.py for tasks to queue
[2024-11-16T07:32:15.386+0000] {logging_mixin.py:190} INFO - [2024-11-16T07:32:15.386+0000] {dagbag.py:588} INFO - Filling up the DagBag from /home/airflow/.local/lib/python3.12/site-packages/airflow/example_dags/example_sensors.py
[2024-11-16T07:32:15.393+0000] {processor.py:925} INFO - DAG(s) 'example_sensors' retrieved from /home/airflow/.local/lib/python3.12/site-packages/airflow/example_dags/example_sensors.py
[2024-11-16T07:32:15.411+0000] {logging_mixin.py:190} INFO - [2024-11-16T07:32:15.410+0000] {dag.py:3239} INFO - Sync 1 DAGs
[2024-11-16T07:32:15.421+0000] {logging_mixin.py:190} INFO - [2024-11-16T07:32:15.421+0000] {dag.py:4180} INFO - Setting next_dagrun for example_sensors to None, run_after=None
[2024-11-16T07:32:15.437+0000] {processor.py:208} INFO - Processing /home/airflow/.local/lib/python3.12/site-packages/airflow/example_dags/example_sensors.py took 0.056 seconds
[2024-11-16T07:32:45.580+0000] {processor.py:186} INFO - Started process (PID=619) to work on /home/airflow/.local/lib/python3.12/site-packages/airflow/example_dags/example_sensors.py
[2024-11-16T07:32:45.581+0000] {processor.py:914} INFO - Processing file /home/airflow/.local/lib/python3.12/site-packages/airflow/example_dags/example_sensors.py for tasks to queue
[2024-11-16T07:32:45.581+0000] {logging_mixin.py:190} INFO - [2024-11-16T07:32:45.581+0000] {dagbag.py:588} INFO - Filling up the DagBag from /home/airflow/.local/lib/python3.12/site-packages/airflow/example_dags/example_sensors.py
[2024-11-16T07:32:45.589+0000] {processor.py:925} INFO - DAG(s) 'example_sensors' retrieved from /home/airflow/.local/lib/python3.12/site-packages/airflow/example_dags/example_sensors.py
[2024-11-16T07:32:45.607+0000] {logging_mixin.py:190} INFO - [2024-11-16T07:32:45.607+0000] {dag.py:3239} INFO - Sync 1 DAGs
[2024-11-16T07:32:45.617+0000] {logging_mixin.py:190} INFO - [2024-11-16T07:32:45.617+0000] {dag.py:4180} INFO - Setting next_dagrun for example_sensors to None, run_after=None
[2024-11-16T07:32:45.632+0000] {processor.py:208} INFO - Processing /home/airflow/.local/lib/python3.12/site-packages/airflow/example_dags/example_sensors.py took 0.056 seconds
[2024-11-16T07:33:16.264+0000] {processor.py:186} INFO - Started process (PID=686) to work on /home/airflow/.local/lib/python3.12/site-packages/airflow/example_dags/example_sensors.py
[2024-11-16T07:33:16.265+0000] {processor.py:914} INFO - Processing file /home/airflow/.local/lib/python3.12/site-packages/airflow/example_dags/example_sensors.py for tasks to queue
[2024-11-16T07:33:16.265+0000] {logging_mixin.py:190} INFO - [2024-11-16T07:33:16.265+0000] {dagbag.py:588} INFO - Filling up the DagBag from /home/airflow/.local/lib/python3.12/site-packages/airflow/example_dags/example_sensors.py
[2024-11-16T07:33:16.273+0000] {processor.py:925} INFO - DAG(s) 'example_sensors' retrieved from /home/airflow/.local/lib/python3.12/site-packages/airflow/example_dags/example_sensors.py
[2024-11-16T07:33:16.290+0000] {logging_mixin.py:190} INFO - [2024-11-16T07:33:16.290+0000] {dag.py:3239} INFO - Sync 1 DAGs
[2024-11-16T07:33:16.299+0000] {logging_mixin.py:190} INFO - [2024-11-16T07:33:16.299+0000] {dag.py:4180} INFO - Setting next_dagrun for example_sensors to None, run_after=None
[2024-11-16T07:33:16.314+0000] {processor.py:208} INFO - Processing /home/airflow/.local/lib/python3.12/site-packages/airflow/example_dags/example_sensors.py took 0.054 seconds
[2024-11-16T07:33:47.184+0000] {processor.py:186} INFO - Started process (PID=753) to work on /home/airflow/.local/lib/python3.12/site-packages/airflow/example_dags/example_sensors.py
[2024-11-16T07:33:47.184+0000] {processor.py:914} INFO - Processing file /home/airflow/.local/lib/python3.12/site-packages/airflow/example_dags/example_sensors.py for tasks to queue
[2024-11-16T07:33:47.185+0000] {logging_mixin.py:190} INFO - [2024-11-16T07:33:47.185+0000] {dagbag.py:588} INFO - Filling up the DagBag from /home/airflow/.local/lib/python3.12/site-packages/airflow/example_dags/example_sensors.py
[2024-11-16T07:33:47.196+0000] {processor.py:925} INFO - DAG(s) 'example_sensors' retrieved from /home/airflow/.local/lib/python3.12/site-packages/airflow/example_dags/example_sensors.py
[2024-11-16T07:33:47.214+0000] {logging_mixin.py:190} INFO - [2024-11-16T07:33:47.214+0000] {dag.py:3239} INFO - Sync 1 DAGs
[2024-11-16T07:33:47.223+0000] {logging_mixin.py:190} INFO - [2024-11-16T07:33:47.223+0000] {dag.py:4180} INFO - Setting next_dagrun for example_sensors to None, run_after=None
[2024-11-16T07:33:47.237+0000] {processor.py:208} INFO - Processing /home/airflow/.local/lib/python3.12/site-packages/airflow/example_dags/example_sensors.py took 0.059 seconds
[2024-11-16T07:34:18.070+0000] {processor.py:186} INFO - Started process (PID=820) to work on /home/airflow/.local/lib/python3.12/site-packages/airflow/example_dags/example_sensors.py
[2024-11-16T07:34:18.070+0000] {processor.py:914} INFO - Processing file /home/airflow/.local/lib/python3.12/site-packages/airflow/example_dags/example_sensors.py for tasks to queue
[2024-11-16T07:34:18.071+0000] {logging_mixin.py:190} INFO - [2024-11-16T07:34:18.071+0000] {dagbag.py:588} INFO - Filling up the DagBag from /home/airflow/.local/lib/python3.12/site-packages/airflow/example_dags/example_sensors.py
[2024-11-16T07:34:18.078+0000] {processor.py:925} INFO - DAG(s) 'example_sensors' retrieved from /home/airflow/.local/lib/python3.12/site-packages/airflow/example_dags/example_sensors.py
[2024-11-16T07:34:18.095+0000] {logging_mixin.py:190} INFO - [2024-11-16T07:34:18.095+0000] {dag.py:3239} INFO - Sync 1 DAGs
[2024-11-16T07:34:18.103+0000] {logging_mixin.py:190} INFO - [2024-11-16T07:34:18.103+0000] {dag.py:4180} INFO - Setting next_dagrun for example_sensors to None, run_after=None
[2024-11-16T07:34:18.118+0000] {processor.py:208} INFO - Processing /home/airflow/.local/lib/python3.12/site-packages/airflow/example_dags/example_sensors.py took 0.052 seconds
[2024-11-16T07:34:49.033+0000] {processor.py:186} INFO - Started process (PID=887) to work on /home/airflow/.local/lib/python3.12/site-packages/airflow/example_dags/example_sensors.py
[2024-11-16T07:34:49.034+0000] {processor.py:914} INFO - Processing file /home/airflow/.local/lib/python3.12/site-packages/airflow/example_dags/example_sensors.py for tasks to queue
[2024-11-16T07:34:49.034+0000] {logging_mixin.py:190} INFO - [2024-11-16T07:34:49.034+0000] {dagbag.py:588} INFO - Filling up the DagBag from /home/airflow/.local/lib/python3.12/site-packages/airflow/example_dags/example_sensors.py
[2024-11-16T07:34:49.042+0000] {processor.py:925} INFO - DAG(s) 'example_sensors' retrieved from /home/airflow/.local/lib/python3.12/site-packages/airflow/example_dags/example_sensors.py
[2024-11-16T07:34:49.059+0000] {logging_mixin.py:190} INFO - [2024-11-16T07:34:49.059+0000] {dag.py:3239} INFO - Sync 1 DAGs
[2024-11-16T07:34:49.071+0000] {logging_mixin.py:190} INFO - [2024-11-16T07:34:49.070+0000] {dag.py:4180} INFO - Setting next_dagrun for example_sensors to None, run_after=None
[2024-11-16T07:34:49.086+0000] {processor.py:208} INFO - Processing /home/airflow/.local/lib/python3.12/site-packages/airflow/example_dags/example_sensors.py took 0.057 seconds
[2024-11-16T07:35:20.411+0000] {processor.py:186} INFO - Started process (PID=954) to work on /home/airflow/.local/lib/python3.12/site-packages/airflow/example_dags/example_sensors.py
[2024-11-16T07:35:20.413+0000] {processor.py:914} INFO - Processing file /home/airflow/.local/lib/python3.12/site-packages/airflow/example_dags/example_sensors.py for tasks to queue
[2024-11-16T07:35:20.415+0000] {logging_mixin.py:190} INFO - [2024-11-16T07:35:20.415+0000] {dagbag.py:588} INFO - Filling up the DagBag from /home/airflow/.local/lib/python3.12/site-packages/airflow/example_dags/example_sensors.py
[2024-11-16T07:35:20.437+0000] {processor.py:925} INFO - DAG(s) 'example_sensors' retrieved from /home/airflow/.local/lib/python3.12/site-packages/airflow/example_dags/example_sensors.py
[2024-11-16T07:35:20.481+0000] {logging_mixin.py:190} INFO - [2024-11-16T07:35:20.480+0000] {dag.py:3239} INFO - Sync 1 DAGs
[2024-11-16T07:35:20.506+0000] {logging_mixin.py:190} INFO - [2024-11-16T07:35:20.506+0000] {dag.py:4180} INFO - Setting next_dagrun for example_sensors to None, run_after=None
[2024-11-16T07:35:20.551+0000] {processor.py:208} INFO - Processing /home/airflow/.local/lib/python3.12/site-packages/airflow/example_dags/example_sensors.py took 0.151 seconds
[2024-11-16T07:35:51.049+0000] {processor.py:186} INFO - Started process (PID=1021) to work on /home/airflow/.local/lib/python3.12/site-packages/airflow/example_dags/example_sensors.py
[2024-11-16T07:35:51.050+0000] {processor.py:914} INFO - Processing file /home/airflow/.local/lib/python3.12/site-packages/airflow/example_dags/example_sensors.py for tasks to queue
[2024-11-16T07:35:51.051+0000] {logging_mixin.py:190} INFO - [2024-11-16T07:35:51.051+0000] {dagbag.py:588} INFO - Filling up the DagBag from /home/airflow/.local/lib/python3.12/site-packages/airflow/example_dags/example_sensors.py
[2024-11-16T07:35:51.059+0000] {processor.py:925} INFO - DAG(s) 'example_sensors' retrieved from /home/airflow/.local/lib/python3.12/site-packages/airflow/example_dags/example_sensors.py
[2024-11-16T07:35:51.076+0000] {logging_mixin.py:190} INFO - [2024-11-16T07:35:51.076+0000] {dag.py:3239} INFO - Sync 1 DAGs
[2024-11-16T07:35:51.087+0000] {logging_mixin.py:190} INFO - [2024-11-16T07:35:51.087+0000] {dag.py:4180} INFO - Setting next_dagrun for example_sensors to None, run_after=None
[2024-11-16T07:35:51.103+0000] {processor.py:208} INFO - Processing /home/airflow/.local/lib/python3.12/site-packages/airflow/example_dags/example_sensors.py took 0.058 seconds
[2024-11-16T07:36:21.802+0000] {processor.py:186} INFO - Started process (PID=1088) to work on /home/airflow/.local/lib/python3.12/site-packages/airflow/example_dags/example_sensors.py
[2024-11-16T07:36:21.803+0000] {processor.py:914} INFO - Processing file /home/airflow/.local/lib/python3.12/site-packages/airflow/example_dags/example_sensors.py for tasks to queue
[2024-11-16T07:36:21.804+0000] {logging_mixin.py:190} INFO - [2024-11-16T07:36:21.804+0000] {dagbag.py:588} INFO - Filling up the DagBag from /home/airflow/.local/lib/python3.12/site-packages/airflow/example_dags/example_sensors.py
[2024-11-16T07:36:21.812+0000] {processor.py:925} INFO - DAG(s) 'example_sensors' retrieved from /home/airflow/.local/lib/python3.12/site-packages/airflow/example_dags/example_sensors.py
[2024-11-16T07:36:21.831+0000] {logging_mixin.py:190} INFO - [2024-11-16T07:36:21.831+0000] {dag.py:3239} INFO - Sync 1 DAGs
[2024-11-16T07:36:21.842+0000] {logging_mixin.py:190} INFO - [2024-11-16T07:36:21.842+0000] {dag.py:4180} INFO - Setting next_dagrun for example_sensors to None, run_after=None
[2024-11-16T07:36:21.858+0000] {processor.py:208} INFO - Processing /home/airflow/.local/lib/python3.12/site-packages/airflow/example_dags/example_sensors.py took 0.061 seconds
[2024-11-16T07:36:52.259+0000] {processor.py:186} INFO - Started process (PID=1155) to work on /home/airflow/.local/lib/python3.12/site-packages/airflow/example_dags/example_sensors.py
[2024-11-16T07:36:52.260+0000] {processor.py:914} INFO - Processing file /home/airflow/.local/lib/python3.12/site-packages/airflow/example_dags/example_sensors.py for tasks to queue
[2024-11-16T07:36:52.261+0000] {logging_mixin.py:190} INFO - [2024-11-16T07:36:52.261+0000] {dagbag.py:588} INFO - Filling up the DagBag from /home/airflow/.local/lib/python3.12/site-packages/airflow/example_dags/example_sensors.py
[2024-11-16T07:36:52.268+0000] {processor.py:925} INFO - DAG(s) 'example_sensors' retrieved from /home/airflow/.local/lib/python3.12/site-packages/airflow/example_dags/example_sensors.py
[2024-11-16T07:36:52.286+0000] {logging_mixin.py:190} INFO - [2024-11-16T07:36:52.286+0000] {dag.py:3239} INFO - Sync 1 DAGs
[2024-11-16T07:36:52.297+0000] {logging_mixin.py:190} INFO - [2024-11-16T07:36:52.296+0000] {dag.py:4180} INFO - Setting next_dagrun for example_sensors to None, run_after=None
[2024-11-16T07:36:52.313+0000] {processor.py:208} INFO - Processing /home/airflow/.local/lib/python3.12/site-packages/airflow/example_dags/example_sensors.py took 0.058 seconds
[2024-11-16T07:37:22.496+0000] {processor.py:186} INFO - Started process (PID=1226) to work on /home/airflow/.local/lib/python3.12/site-packages/airflow/example_dags/example_sensors.py
[2024-11-16T07:37:22.497+0000] {processor.py:914} INFO - Processing file /home/airflow/.local/lib/python3.12/site-packages/airflow/example_dags/example_sensors.py for tasks to queue
[2024-11-16T07:37:22.497+0000] {logging_mixin.py:190} INFO - [2024-11-16T07:37:22.497+0000] {dagbag.py:588} INFO - Filling up the DagBag from /home/airflow/.local/lib/python3.12/site-packages/airflow/example_dags/example_sensors.py
[2024-11-16T07:37:22.505+0000] {processor.py:925} INFO - DAG(s) 'example_sensors' retrieved from /home/airflow/.local/lib/python3.12/site-packages/airflow/example_dags/example_sensors.py
[2024-11-16T07:37:22.522+0000] {logging_mixin.py:190} INFO - [2024-11-16T07:37:22.522+0000] {dag.py:3239} INFO - Sync 1 DAGs
[2024-11-16T07:37:22.532+0000] {logging_mixin.py:190} INFO - [2024-11-16T07:37:22.532+0000] {dag.py:4180} INFO - Setting next_dagrun for example_sensors to None, run_after=None
[2024-11-16T07:37:22.549+0000] {processor.py:208} INFO - Processing /home/airflow/.local/lib/python3.12/site-packages/airflow/example_dags/example_sensors.py took 0.056 seconds
[2024-11-16T07:37:53.485+0000] {processor.py:186} INFO - Started process (PID=1293) to work on /home/airflow/.local/lib/python3.12/site-packages/airflow/example_dags/example_sensors.py
[2024-11-16T07:37:53.486+0000] {processor.py:914} INFO - Processing file /home/airflow/.local/lib/python3.12/site-packages/airflow/example_dags/example_sensors.py for tasks to queue
[2024-11-16T07:37:53.486+0000] {logging_mixin.py:190} INFO - [2024-11-16T07:37:53.486+0000] {dagbag.py:588} INFO - Filling up the DagBag from /home/airflow/.local/lib/python3.12/site-packages/airflow/example_dags/example_sensors.py
[2024-11-16T07:37:53.494+0000] {processor.py:925} INFO - DAG(s) 'example_sensors' retrieved from /home/airflow/.local/lib/python3.12/site-packages/airflow/example_dags/example_sensors.py
[2024-11-16T07:37:53.512+0000] {logging_mixin.py:190} INFO - [2024-11-16T07:37:53.512+0000] {dag.py:3239} INFO - Sync 1 DAGs
[2024-11-16T07:37:53.523+0000] {logging_mixin.py:190} INFO - [2024-11-16T07:37:53.523+0000] {dag.py:4180} INFO - Setting next_dagrun for example_sensors to None, run_after=None
[2024-11-16T07:37:53.539+0000] {processor.py:208} INFO - Processing /home/airflow/.local/lib/python3.12/site-packages/airflow/example_dags/example_sensors.py took 0.058 seconds
[2024-11-16T07:38:24.408+0000] {processor.py:186} INFO - Started process (PID=1360) to work on /home/airflow/.local/lib/python3.12/site-packages/airflow/example_dags/example_sensors.py
[2024-11-16T07:38:24.409+0000] {processor.py:914} INFO - Processing file /home/airflow/.local/lib/python3.12/site-packages/airflow/example_dags/example_sensors.py for tasks to queue
[2024-11-16T07:38:24.410+0000] {logging_mixin.py:190} INFO - [2024-11-16T07:38:24.410+0000] {dagbag.py:588} INFO - Filling up the DagBag from /home/airflow/.local/lib/python3.12/site-packages/airflow/example_dags/example_sensors.py
[2024-11-16T07:38:24.428+0000] {processor.py:925} INFO - DAG(s) 'example_sensors' retrieved from /home/airflow/.local/lib/python3.12/site-packages/airflow/example_dags/example_sensors.py
[2024-11-16T07:38:24.478+0000] {logging_mixin.py:190} INFO - [2024-11-16T07:38:24.478+0000] {dag.py:3239} INFO - Sync 1 DAGs
[2024-11-16T07:38:24.505+0000] {logging_mixin.py:190} INFO - [2024-11-16T07:38:24.504+0000] {dag.py:4180} INFO - Setting next_dagrun for example_sensors to None, run_after=None
[2024-11-16T07:38:24.543+0000] {processor.py:208} INFO - Processing /home/airflow/.local/lib/python3.12/site-packages/airflow/example_dags/example_sensors.py took 0.140 seconds
[2024-11-16T07:38:55.298+0000] {processor.py:186} INFO - Started process (PID=1427) to work on /home/airflow/.local/lib/python3.12/site-packages/airflow/example_dags/example_sensors.py
[2024-11-16T07:38:55.299+0000] {processor.py:914} INFO - Processing file /home/airflow/.local/lib/python3.12/site-packages/airflow/example_dags/example_sensors.py for tasks to queue
[2024-11-16T07:38:55.299+0000] {logging_mixin.py:190} INFO - [2024-11-16T07:38:55.299+0000] {dagbag.py:588} INFO - Filling up the DagBag from /home/airflow/.local/lib/python3.12/site-packages/airflow/example_dags/example_sensors.py
[2024-11-16T07:38:55.308+0000] {processor.py:925} INFO - DAG(s) 'example_sensors' retrieved from /home/airflow/.local/lib/python3.12/site-packages/airflow/example_dags/example_sensors.py
[2024-11-16T07:38:55.327+0000] {logging_mixin.py:190} INFO - [2024-11-16T07:38:55.327+0000] {dag.py:3239} INFO - Sync 1 DAGs
[2024-11-16T07:38:55.339+0000] {logging_mixin.py:190} INFO - [2024-11-16T07:38:55.338+0000] {dag.py:4180} INFO - Setting next_dagrun for example_sensors to None, run_after=None
[2024-11-16T07:38:55.355+0000] {processor.py:208} INFO - Processing /home/airflow/.local/lib/python3.12/site-packages/airflow/example_dags/example_sensors.py took 0.061 seconds
[2024-11-16T07:39:25.602+0000] {processor.py:186} INFO - Started process (PID=1494) to work on /home/airflow/.local/lib/python3.12/site-packages/airflow/example_dags/example_sensors.py
[2024-11-16T07:39:25.602+0000] {processor.py:914} INFO - Processing file /home/airflow/.local/lib/python3.12/site-packages/airflow/example_dags/example_sensors.py for tasks to queue
[2024-11-16T07:39:25.603+0000] {logging_mixin.py:190} INFO - [2024-11-16T07:39:25.603+0000] {dagbag.py:588} INFO - Filling up the DagBag from /home/airflow/.local/lib/python3.12/site-packages/airflow/example_dags/example_sensors.py
[2024-11-16T07:39:25.610+0000] {processor.py:925} INFO - DAG(s) 'example_sensors' retrieved from /home/airflow/.local/lib/python3.12/site-packages/airflow/example_dags/example_sensors.py
[2024-11-16T07:39:25.629+0000] {logging_mixin.py:190} INFO - [2024-11-16T07:39:25.629+0000] {dag.py:3239} INFO - Sync 1 DAGs
[2024-11-16T07:39:25.639+0000] {logging_mixin.py:190} INFO - [2024-11-16T07:39:25.639+0000] {dag.py:4180} INFO - Setting next_dagrun for example_sensors to None, run_after=None
[2024-11-16T07:39:25.653+0000] {processor.py:208} INFO - Processing /home/airflow/.local/lib/python3.12/site-packages/airflow/example_dags/example_sensors.py took 0.055 seconds
[2024-11-16T07:39:56.164+0000] {processor.py:186} INFO - Started process (PID=1561) to work on /home/airflow/.local/lib/python3.12/site-packages/airflow/example_dags/example_sensors.py
[2024-11-16T07:39:56.164+0000] {processor.py:914} INFO - Processing file /home/airflow/.local/lib/python3.12/site-packages/airflow/example_dags/example_sensors.py for tasks to queue
[2024-11-16T07:39:56.165+0000] {logging_mixin.py:190} INFO - [2024-11-16T07:39:56.165+0000] {dagbag.py:588} INFO - Filling up the DagBag from /home/airflow/.local/lib/python3.12/site-packages/airflow/example_dags/example_sensors.py
[2024-11-16T07:39:56.174+0000] {processor.py:925} INFO - DAG(s) 'example_sensors' retrieved from /home/airflow/.local/lib/python3.12/site-packages/airflow/example_dags/example_sensors.py
[2024-11-16T07:39:56.196+0000] {logging_mixin.py:190} INFO - [2024-11-16T07:39:56.196+0000] {dag.py:3239} INFO - Sync 1 DAGs
[2024-11-16T07:39:56.208+0000] {logging_mixin.py:190} INFO - [2024-11-16T07:39:56.208+0000] {dag.py:4180} INFO - Setting next_dagrun for example_sensors to None, run_after=None
[2024-11-16T07:39:56.226+0000] {processor.py:208} INFO - Processing /home/airflow/.local/lib/python3.12/site-packages/airflow/example_dags/example_sensors.py took 0.067 seconds
