stock_code,date,foreign_buy,percent_foreign_ownership,cash_dividend,dividend_yield,beta,eps,pe,forward_pe,bvps,pb
A32,2024-05-11,,,3500.0,0.1,0.95,,,5.54,,
AAA,2024-05-11,1000.0,2.23,,,1.49,967.0,8.55,8.39,15896.0,0.52
AAH,2024-05-11,,,,,1.65,100.0,35.42,9.48,10100.0,0.35
AAM,2024-05-11,,0.92,,,-0.01,-511.0,-12.7,80.12,18914.0,0.34
AAS,2024-05-11,,1.04,,,1.77,339.0,19.76,6.42,10837.0,0.62
AAT,2024-05-11,,0.82,,,0.74,257.0,13.1,23.87,10117.0,0.33
AAV,2024-05-11,,0.1,,,1.55,-140.0,-44.92,17.39,11201.0,0.56
ABB,2024-05-11,,16.41,,,0.64,67.0,112.14,7.8,12759.0,0.59
ABC,2024-05-11,,0.91,500.0,0.05,1.74,1551.0,6.6,7.24,24214.0,0.42
ABI,2024-05-11,7000.0,9.88,1000.0,0.04,1.08,2394.0,10.63,5.76,21353.0,1.19
ABR,2024-05-11,,48.4,2000.0,0.14,0.62,584.0,24.67,16.59,14474.0,0.99
ABS,2024-05-11,,,,,0.97,52.0,71.22,14.92,11513.0,0.32
ABT,2024-05-11,,2.29,2000.0,0.05,0.09,6431.0,6.14,7.58,44535.0,0.89
ABW,2024-05-11,,0.53,,,1.34,1016.0,8.53,7.01,14023.0,0.62
ACB,2024-05-11,,30.0,1000.0,0.04,0.94,3992.0,6.2,6.28,17654.0,1.4
ACC,2024-05-11,,7.7,,,0.97,646.0,20.65,12.62,12588.0,1.06
ACE,2024-05-11,,0.23,3500.0,0.1,0.5,2069.0,17.48,8.62,20029.0,1.81
ACG,2024-05-11,,38.54,1500.0,0.04,0.85,3263.0,12.81,14.32,27898.0,1.5
ACL,2024-05-11,,2.27,,,0.26,202.0,59.08,7.49,16100.0,0.74
ACM,2024-05-11,,1.9,,,1.49,-296.0,-1.69,8.5,6575.0,0.08
ACS,2024-05-11,,,,,0.27,,,16.75,,
ACV,2024-05-11,6000.0,3.68,,,1.48,4613.0,24.67,26.42,26223.0,4.34
ADC,2024-05-11,,,1500.0,0.08,0.19,3562.0,5.61,4.14,19715.0,1.01
ADG,2024-05-11,,46.44,,,-0.06,1230.0,9.31,4.58,17034.0,0.67
ADP,2024-05-11,,0.83,4150.0,0.15,0.4,3934.0,7.22,13.63,11800.0,2.41
ADS,2024-05-11,,0.15,1000.0,0.11,1.38,433.0,20.78,6.25,12055.0,0.75
AFX,2024-05-11,,,,,0.62,922.0,7.92,6.85,13319.0,0.55
AG1,2024-05-11,,,230.0,0.02,0.43,422.0,23.68,5.4,10038.0,1.0
AGF,2024-05-11,,0.47,,,0.24,-95.0,-27.39,14.62,-6510.0,-0.4
AGG,2024-05-11,5900.0,0.94,,,1.36,2253.0,6.9,4.86,19924.0,0.78
AGM,2024-05-11,,0.56,,,0.58,-14767.0,-0.23,12.48,-5250.0,-0.65
AGP,2024-05-11,,,,,0.11,2040.0,19.02,15.48,16654.0,2.33
AGR,2024-05-11,,0.27,700.0,0.04,1.89,585.0,30.26,20.61,11241.0,1.57
AGX,2024-05-11,,1.74,1500.0,0.02,0.43,,,8.43,,
AIC,2024-05-11,100.0,75.11,,,1.12,-34.0,-340.44,35.67,10759.0,1.07
ALT,2024-05-11,,,1000.0,0.07,0.16,-262.0,-54.22,12.49,37018.0,0.38
ALV,2024-05-11,,0.34,,,1.41,-233.0,-25.21,5.96,11280.0,0.52
AMC,2024-05-11,,2.84,1300.0,0.08,0.14,2173.0,7.41,7.39,18084.0,0.89
AMD,2024-05-11,,0.72,,,,-782.0,-1.41,8.99,10588.0,0.1
AME,2024-05-11,,2.24,,,0.59,328.0,15.55,14.54,12214.0,0.42
AMP,2024-05-11,,,,,0.9,278.0,32.4,18.5,13863.0,0.65
AMS,2024-05-11,,35.47,300.0,0.03,2.09,1134.0,8.43,6.85,13358.0,0.72
AMV,2024-05-11,,,,,1.06,-445.0,-3.82,4.46,12403.0,0.14
ANT,2024-05-11,,,,,0.63,3330.0,6.63,11.61,15725.0,1.4
ANV,2024-05-11,311100.0,1.2,500.0,0.02,1.64,464.0,70.91,14.36,21470.0,1.53
APC,2024-05-11,,15.02,,,,-1019.0,-6.38,134.1,28639.0,0.23
APF,2024-05-11,,,4500.0,0.08,0.46,6614.0,8.12,10.65,37627.0,1.43
APG,2024-05-11,,9.33,,,1.31,-300.0,-30.62,8.61,10887.0,0.85
APH,2024-05-11,61200.0,28.47,,,1.29,230.0,26.77,4.79,10058.0,0.61
API,2024-05-11,30100.0,0.77,,,2.39,-558.0,-13.63,16.82,10709.0,0.71
APL,2024-05-11,,,1200.0,0.07,0.22,,,8.11,,
APP,2024-05-11,,0.47,,,1.27,-685.0,-11.28,10.42,10089.0,0.77
APS,2024-05-11,,1.0,,,1.84,550.0,12.17,11.35,10006.0,0.67
APT,2024-05-11,,,,,0.64,-2698.0,-0.89,3.3,-7606.0,-0.32
ARM,2024-05-11,,0.11,1000.0,0.04,0.4,974.0,25.66,16.99,12044.0,2.08
ART,2024-05-11,,0.66,,,,-247.0,-5.25,6.01,1391.0,0.93
ASA,2024-05-11,,0.25,,,,18.0,697.29,15.75,,
ASG,2024-05-11,,0.73,,,0.25,396.0,47.99,74.47,22369.0,0.85
ASM,2024-05-11,1000.0,12.46,,,1.38,615.0,14.22,4.05,21836.0,0.4
ASP,2024-05-11,,48.97,,,0.55,196.0,20.11,16.35,7668.0,0.51
AST,2024-05-11,,43.52,1200.0,0.02,0.46,3016.0,18.01,10.62,14435.0,3.76
ATA,2024-05-11,,0.05,,,1.32,60.0,8.4,0.2,-25217.0,-0.02
ATB,2024-05-11,,0.06,,,0.45,-278.0,-2.16,2.6,2348.0,0.26
ATG,2024-05-11,,0.09,,,0.65,-50.0,-54.22,82.19,41.0,65.85
ATS,2024-05-11,,0.15,,,-0.38,51.0,353.43,12.6,12452.0,1.45
AVC,2024-05-11,,,8584.0,0.15,0.23,3154.0,17.65,35.54,14976.0,3.72
AVF,2024-05-11,,0.21,,,,-2388.0,-0.17,1.16,-45240.0,-0.01
AVG,2024-05-11,,0.07,,,2.3,727.0,30.44,31.68,16336.0,1.35
BAB,2024-05-11,,,,,0.48,1213.0,9.81,9.69,12748.0,0.93
BAF,2024-05-11,187000.0,2.3,,,1.11,1104.0,20.53,17.7,11857.0,1.91
BAL,2024-05-11,,0.08,700.0,0.08,0.16,,,18.12,,
BAX,2024-05-11,,16.33,2500.0,0.06,0.06,3610.0,11.0,15.7,26963.0,1.47
BBC,2024-05-11,,0.73,1500.0,0.03,0.12,7085.0,7.06,8.49,78292.0,0.64
BBH,2024-05-11,,,200.0,0.02,-0.75,,,40.99,,
BBM,2024-05-11,,0.25,200.0,0.03,1.09,1448.0,5.18,26.27,13753.0,0.55
BBS,2024-05-11,,0.53,900.0,0.08,0.1,1423.0,7.94,15.78,17721.0,0.64
BBT,2024-05-11,,0.8,,,-1.11,-2060.0,-7.2,17.08,7233.0,2.05
BCA,2024-05-11,,,,,2.15,20691.0,0.53,21.03,28219.0,0.39
BCB,2024-05-11,,,2919.0,4.17,,28.0,24.84,0.2,10028.0,0.07
BCC,2024-05-11,,0.93,,,1.1,-1082.0,-7.03,5.89,14097.0,0.54
BCE,2024-05-11,,1.83,,,0.61,-240.0,-24.56,8.01,8827.0,0.67
BCF,2024-05-11,,,1800.0,0.05,-0.49,3069.0,13.03,16.95,12222.0,3.27
BCG,2024-05-11,47800.0,1.45,,,1.48,341.0,19.25,6.07,24196.0,0.27
BCM,2024-05-11,4000.0,2.03,1800.0,0.03,1.16,2796.0,23.53,28.98,19392.0,3.39
BCO,2024-05-11,,,,,,,,10.32,,
BCP,2024-05-11,,3.26,,,0.2,77.0,151.53,116.33,12606.0,0.93
BCR,2024-05-11,,0.01,,,1.86,210.0,26.02,6.12,12713.0,0.43
BCV,2024-05-11,,,,,,194.0,111.09,30.71,11704.0,1.84
BDB,2024-05-11,,,800.0,0.09,-0.03,648.0,13.42,8.17,11858.0,0.73
BDG,2024-05-11,,1.42,2500.0,0.07,0.55,5882.0,5.94,9.21,23059.0,1.51
BDT,2024-05-11,,0.12,648.0,0.09,1.35,152.0,47.83,27.02,14226.0,0.51
BDW,2024-05-11,,0.05,2550.0,0.11,0.18,3294.0,7.07,6.08,16175.0,1.44
BED,2024-05-11,,,2200.0,0.07,-0.06,2128.0,14.47,17.33,13691.0,2.25
BEL,2024-05-11,,,1000.0,0.03,0.15,3.0,11870.5,36.0,8268.0,3.99
BFC,2024-05-11,3700.0,5.17,2500.0,0.07,1.97,5624.0,6.58,10.07,25337.0,1.46
BGE,2024-05-11,1000.0,0.01,,,2.44,567.0,19.8,15.96,14015.0,0.8
BGW,2024-05-11,,,548.0,0.03,0.19,551.0,29.04,25.93,10519.0,1.52
BHA,2024-05-11,,0.03,1250.0,0.06,0.16,2629.0,8.29,22.87,14651.0,1.49
BHC,2024-05-11,,0.9,,,0.54,2.0,995.48,78.57,-17140.0,-0.13
BHG,2024-05-11,,,,,,1745.0,6.3,78.63,11097.0,0.99
BHI,2024-05-11,,75.02,,,-0.74,-21.0,-542.71,115.0,11803.0,0.97
BHK,2024-05-11,,0.01,900.0,0.04,0.08,,,19.06,,
BHN,2024-05-11,,17.57,2700.0,0.07,0.26,1278.0,30.87,45.27,21944.0,1.8
BHP,2024-05-11,,0.03,250.0,0.04,-2.21,-461.0,-15.39,23.41,15453.0,0.46
BIC,2024-05-11,4300.0,45.46,1500.0,0.05,1.18,4004.0,8.24,6.45,24106.0,1.37
BID,2024-05-11,42804.0,17.03,,,1.11,4201.0,11.35,13.2,24286.0,1.96
BIG,2024-05-11,,0.02,,,1.21,,,4.65,,
BII,2024-05-11,,,,,1.24,30.0,23.62,0.79,8971.0,0.08
BIO,2024-05-11,,,650.0,0.04,0.99,,,22.02,,
BKC,2024-05-11,,0.14,,,-0.06,2115.0,5.39,25.73,17543.0,0.65
BKG,2024-05-11,,0.1,,,0.52,184.0,18.48,9.74,12473.0,0.27
BLF,2024-05-11,,,,,1.18,-370.0,-10.27,8.92,10581.0,0.36
BLI,2024-05-11,,1.01,,,1.07,1122.0,8.32,6.91,14705.0,0.64
BLN,2024-05-11,,0.01,,,,,,29.69,,
BLT,2024-05-11,,0.02,8800.0,0.22,-0.14,,,25.57,,
BMC,2024-05-11,,5.03,1150.0,0.05,0.54,2152.0,9.76,15.34,18469.0,1.14
BMD,2024-05-11,,,700.0,0.07,1.09,,,5.41,11879.0,0.81
BMF,2024-05-11,,,,,0.73,826.0,11.26,7.19,11152.0,0.83
BMG,2024-05-11,,19.17,1500.0,0.08,0.11,915.0,21.09,7.3,16974.0,1.14
BMI,2024-05-11,28200.0,30.28,500.0,0.02,1.23,2303.0,9.03,6.65,22835.0,0.91
BMJ,2024-05-11,,,,,1.48,465.0,21.92,15.75,11469.0,0.89
BMN,2024-05-11,,,700.0,0.08,0.16,1693.0,5.08,6.01,10561.0,0.81
BMP,2024-05-11,40000.0,85.19,18340.0,0.14,0.94,12419.0,10.47,10.33,35922.0,3.62
BMS,2024-05-11,,0.36,,,2.37,364.0,25.12,10.0,11994.0,0.76
BMV,2024-05-11,,,,,-0.02,49.0,241.26,87.49,10139.0,1.16
BNA,2024-05-11,,,,,0.85,2260.0,5.09,4.23,21005.0,0.55
BNW,2024-05-11,,,780.0,0.08,,1314.0,7.0,12.24,11020.0,0.83
BOT,2024-05-11,,0.17,,,1.1,-1227.0,-1.95,28.42,1717.0,1.4
BPC,2024-05-11,,1.35,200.0,0.02,0.79,67.0,140.34,46.39,24596.0,0.38
BQB,2024-05-11,,0.48,,,0.36,-230.0,-15.21,10937.5,4431.0,0.79
BRC,2024-05-11,,1.23,1100.0,0.08,0.15,1854.0,7.31,8.54,16849.0,0.8
BRR,2024-05-11,,,700.0,0.04,-0.07,1276.0,14.5,15.28,12399.0,1.49
BRS,2024-05-11,,,1400.0,0.06,0.02,-62.0,-355.7,6.74,13744.0,1.6
BSA,2024-05-11,,,1980.0,0.09,0.19,478.0,47.34,29.44,14040.0,1.61
BSC,2024-05-11,,4.83,,,0.07,727.0,20.07,18.38,12733.0,1.15
BSD,2024-05-11,,0.4,500.0,0.04,1.52,,,184.94,,
BSG,2024-05-11,,,,,0.04,643.0,18.35,18.05,6035.0,1.96
BSH,2024-05-11,,0.31,2000.0,0.1,-0.08,2261.0,8.84,11.84,17702.0,1.13
BSI,2024-05-11,,40.1,,,1.9,1868.0,25.59,22.93,22306.0,2.14
BSL,2024-05-11,,0.25,700.0,0.07,0.5,734.0,12.94,12.28,10979.0,0.87
BSP,2024-05-11,,,1000.0,0.1,-0.28,324.0,30.57,125.21,14973.0,0.66
BSQ,2024-05-11,,0.01,1500.0,0.08,0.09,1996.0,9.93,9.44,18410.0,1.08
BSR,2024-05-11,,0.66,700.0,0.03,1.7,961.0,21.67,56.26,17940.0,1.16
BST,2024-05-11,,0.22,1300.0,0.09,-0.72,1744.0,8.66,7.91,14033.0,1.08
BT1,2024-05-11,,,800.0,0.06,-0.19,,,9.42,,
BT6,2024-05-11,,8.28,,,,-1264.0,-2.69,7.01,-29147.0,-0.12
BTB,2024-05-11,,0.01,,,-0.77,401.0,13.71,2091.25,14037.0,0.39
BTD,2024-05-11,,,2200.0,0.11,0.91,1443.0,13.44,14.07,39656.0,0.49
BTG,2024-05-11,,,,,-1.01,205.0,31.77,15.47,15349.0,0.42
BTH,2024-05-11,,,700.0,0.02,0.58,19685.0,1.72,2.12,29022.0,1.17
BTN,2024-05-11,,,,,0.76,,,-1.44,,
BTP,2024-05-11,,8.64,3272.0,0.26,0.41,502.0,24.62,41.02,17220.0,0.72
BTS,2024-05-11,,0.12,,,0.32,-1217.0,-4.27,-5.06,9278.0,0.56
BTT,2024-05-11,,4.91,3350.0,0.09,0.22,3337.0,10.64,9.13,28086.0,1.26
BTU,2024-05-11,,,1000.0,0.07,0.34,112.0,125.02,7.43,11159.0,1.25
BTV,2024-05-11,,,,,0.72,1362.0,8.52,9.12,9902.0,1.17
BTW,2024-05-11,,21.8,2212.0,0.06,0.03,5995.0,6.66,6.79,28498.0,1.4
BVB,2024-05-11,,0.08,,,1.47,301.0,37.97,31.55,10933.0,1.05
BVG,2024-05-11,,0.09,,,0.11,-1385.0,-1.59,9.53,5026.0,0.44
BVH,2024-05-11,3500.0,26.64,954.0,0.02,0.88,2570.0,17.04,112.12,31998.0,1.37
BVL,2024-05-11,,,,,-0.57,430.0,23.25,6.99,14247.0,0.7
BVN,2024-05-11,,0.29,,,-0.23,,,4.03,,
BVS,2024-05-11,2100.0,2.55,800.0,0.02,2.73,2556.0,15.73,16.04,34272.0,1.17
BWA,2024-05-11,,,450.0,0.04,0.07,,,26.02,,
BWE,2024-05-11,1700.0,12.01,,,0.9,3158.0,14.25,14.14,24367.0,1.85
BWS,2024-05-11,,0.81,1000.0,0.03,0.1,2973.0,11.43,13.87,11531.0,2.95
BXH,2024-05-11,,,250.0,0.02,0.92,133.0,118.14,83.85,18085.0,0.87
C12,2024-05-11,,,,,,558.0,5.74,3.88,16475.0,0.19
C21,2024-05-11,,0.08,,,0.09,-470.0,-37.26,42.3,35675.0,0.49
C22,2024-05-11,,,1000.0,0.06,0.07,,,7.11,,
C32,2024-05-11,,1.07,,,0.09,83.0,213.74,16.63,36027.0,0.49
C47,2024-05-11,,0.04,,,0.54,232.0,25.84,8.72,12125.0,0.49
C4G,2024-05-11,,,,,1.37,578.0,14.51,11.98,10911.0,0.77
C69,2024-05-11,3000.0,0.38,,,0.72,260.0,26.19,21.01,13592.0,0.5
C92,2024-05-11,,3.7,,,1.04,180.0,20.58,19.66,11622.0,0.32
CAB,2024-05-11,,,326.0,0.03,0.71,656.0,16.78,51.93,12277.0,0.9
CAD,2024-05-11,,3.45,,,2.62,-4237.0,-0.12,5.2,-71532.0,-0.01
CAG,2024-05-11,,,168.0,0.02,0.64,-26.0,-288.53,23.31,10404.0,0.73
CAN,2024-05-11,,26.23,1200.0,0.03,-0.34,-190.0,-187.66,20.07,27601.0,1.29
CAP,2024-05-11,,,5000.0,0.11,0.4,2310.0,20.48,10.32,15719.0,3.01
PLO,2024-11-14,,,,,2.38,,,5.95,,
CAT,2024-05-11,,,1000.0,0.05,-0.18,1135.0,16.52,6.53,11104.0,1.69
CBI,2024-05-11,,,,,-0.71,-826.0,-11.19,79.37,8976.0,1.03
CBS,2024-05-11,,,5500.0,0.16,0.41,,,5.37,,
CC1,2024-05-11,,0.01,,,1.6,764.0,18.59,8.62,12291.0,1.15
CC4,2024-05-11,,,500.0,0.04,-0.29,478.0,25.11,23.13,13525.0,0.89
CCA,2024-05-11,,,800.0,0.05,-1.13,237.0,72.58,17.31,18315.0,0.94
CCC,2024-05-11,,,,,-0.02,753.0,24.58,15.25,14257.0,1.3
CCI,2024-05-11,,2.37,1300.0,0.06,0.18,2079.0,9.86,13.7,15473.0,1.32
CCL,2024-05-11,,1.32,500.0,0.07,1.83,821.0,9.17,7.48,12106.0,0.62
CCM,2024-05-11,,,2000.0,0.04,0.03,7621.0,6.31,5.42,37668.0,1.28
CCP,2024-05-11,,,,,-0.88,-400.0,-81.35,31.2,10849.0,3.0
CCR,2024-05-11,,0.07,450.0,0.03,1.09,678.0,19.76,16.42,11313.0,1.18
CCT,2024-05-11,,0.03,,,-1.5,187.0,62.12,62.61,9455.0,1.23
CCV,2024-05-11,,,3137.0,0.06,0.15,,,10.64,,
CDC,2024-05-11,,1.27,,,0.22,980.0,17.5,7.94,15774.0,1.09
CDG,2024-05-11,,,950.0,0.43,0.34,1538.0,1.43,2.1,13099.0,0.17
CDH,2024-05-11,,,500.0,0.05,2.16,,,4.65,,
CDN,2024-05-11,,,1400.0,0.05,0.1,3024.0,9.82,8.06,17762.0,1.67
CDO,2024-05-11,,0.29,,,0.65,-163.0,-12.92,165.35,6573.0,0.32
CDP,2024-05-11,,,500.0,0.05,0.38,1009.0,10.25,9.69,11731.0,0.88
CDR,2024-05-11,,,500.0,0.04,1.78,,,17.36,,
CE1,2024-05-11,,,,,,,,6.05,,
CEG,2024-05-11,,,250.0,0.03,,,,37.24,,
CEN,2024-05-11,,,,,0.14,-3.0,-693.07,65.14,10072.0,0.21
CEO,2024-05-11,11200.0,5.17,,,2.21,327.0,45.27,53.32,11713.0,1.26
CET,2024-05-11,,0.87,,,-0.45,-29.0,-156.78,5.75,11138.0,0.41
CFM,2024-05-11,,0.53,200.0,0.02,0.35,,,15.17,,
CFV,2024-05-11,,,,,-1.62,2693.0,8.17,68.03,13496.0,1.63
CGV,2024-05-11,,0.14,,,2.5,,,19.7,,
CH5,2024-05-11,,,1100.0,0.07,0.18,,,13.95,,
CHC,2024-05-11,,,,,-1.18,,,25.58,,
CHP,2024-05-11,,3.8,2500.0,0.08,0.12,2110.0,15.78,25.09,12258.0,2.72
CHS,2024-05-11,,3.24,1400.0,0.12,0.47,1429.0,8.12,9.12,12080.0,0.96
CI5,2024-05-11,,,,,0.03,,,54.52,,
CIA,2024-05-11,,0.95,,,0.9,468.0,20.73,44.36,17764.0,0.55
CID,2024-05-11,,2.92,653.0,0.02,-2.15,-105.0,-264.18,,4615.0,5.99
CIG,2024-05-11,,0.05,,,0.35,168.0,51.88,18.38,4968.0,1.76
CII,2024-05-11,,5.83,800.0,0.05,1.6,1598.0,9.29,11.01,29499.0,0.5
CIP,2024-05-11,,,,,1.05,,,28.65,,
CJC,2024-05-11,,0.27,,,,770.0,33.49,37.53,11219.0,2.3
CK8,2024-05-11,,,,,,,,3.97,,
CKA,2024-05-11,,,5000.0,0.12,-0.74,,,6.29,,
CKD,2024-05-11,,0.03,1900.0,0.08,0.01,3093.0,7.31,9.1,16901.0,1.34
CKG,2024-05-11,,0.02,,,0.68,1428.0,18.17,17.41,14977.0,1.73
CKV,2024-05-11,,0.19,1100.0,0.09,1.37,477.0,25.15,17.87,18951.0,0.63
CLC,2024-05-11,,2.26,4000.0,0.08,0.05,6371.0,7.53,10.14,33676.0,1.43
CLG,2024-05-11,,0.53,,,,631.0,0.79,5.44,1254.0,0.4
CLH,2024-05-11,,5.31,2600.0,0.12,0.16,2896.0,7.7,6.69,14923.0,1.49
CLL,2024-05-11,,10.59,2600.0,0.07,-0.13,2916.0,12.96,12.91,17679.0,2.14
CLM,2024-05-11,,,3000.0,0.04,-0.19,18089.0,4.04,10.01,66093.0,1.1
CLW,2024-05-11,,4.79,1600.0,0.04,0.02,3749.0,11.39,11.05,18787.0,2.27
CLX,2024-05-11,,1.34,700.0,0.05,1.89,2192.0,7.02,7.25,20496.0,0.75
CMC,2024-05-11,,,,,0.49,-300.0,-21.66,5.93,13366.0,0.49
CMD,2024-05-11,,0.04,3000.0,0.14,0.19,2779.0,7.94,10.41,21739.0,1.01
CMF,2024-05-11,,24.38,5000.0,0.01,0.52,20528.0,16.45,10.69,114829.0,2.94
CMG,2024-05-11,26100.0,43.35,600.0,0.01,2.01,1861.0,27.57,24.12,18091.0,2.84
CMI,2024-05-11,,0.38,,,-0.35,-574.0,-1.92,0.87,-6620.0,-0.17
CMK,2024-05-11,,,,,,1205.0,7.3,11.8,12005.0,0.73
CMM,2024-05-11,,,,,-0.26,888.0,10.13,10.36,11996.0,0.75
CMN,2024-05-11,,0.06,2600.0,0.04,1.16,2405.0,27.03,11.56,26231.0,2.48
CMP,2024-05-11,,,,,,316.0,25.65,562.11,10779.0,0.75
CMS,2024-05-11,,,,,0.97,176.0,60.94,44.43,10965.0,0.98
CMT,2024-05-11,,3.43,1000.0,0.08,3.21,3653.0,3.53,4.13,23016.0,0.56
CMV,2024-05-11,,0.04,400.0,0.04,0.24,695.0,12.95,14.27,13366.0,0.67
CMW,2024-05-11,,0.01,441.0,0.04,0.16,1016.0,11.22,12.8,11123.0,1.02
CMX,2024-05-11,9000.0,17.04,,,1.35,650.0,11.84,7.47,15180.0,0.51
CNA,2024-05-11,,,,,,,,,,
CNC,2024-05-11,1900.0,6.21,4000.0,0.13,0.61,4449.0,7.11,8.76,106196.0,0.3
CNG,2024-05-11,2100.0,2.85,1200.0,0.04,1.46,3124.0,10.05,12.42,17608.0,1.78
CNN,2024-05-11,,,1215.0,0.03,1.7,,,26.83,,
CNT,2024-05-11,,,100.0,0.01,2.89,4576.0,3.1,6.05,13594.0,1.04
COM,2024-05-11,,0.21,1500.0,0.05,-0.1,2461.0,11.44,24.84,29945.0,0.94
CPA,2024-05-11,,,,,0.63,-396.0,-17.67,-30.32,2293.0,3.05
CPC,2024-05-11,,4.12,1800.0,0.1,0.16,2511.0,7.17,8.8,20846.0,0.86
CPH,2024-05-11,,,1848.0,6.16,,482.0,0.62,0.15,10981.0,0.03
CPI,2024-05-11,,,,,0.46,45.0,89.37,29.2,-661.0,-6.05
CQN,2024-05-11,,,1000.0,0.04,0.62,1591.0,17.6,18.08,12712.0,2.2
CQT,2024-05-11,,,800.0,0.09,-0.44,196.0,45.84,9.96,9735.0,0.92
CRC,2024-05-11,,0.16,,,0.35,1407.0,4.76,7.18,13529.0,0.5
CRE,2024-05-11,11000.0,4.03,,,0.8,68.0,103.28,14.75,12186.0,0.57
CSC,2024-05-11,,,,,1.2,1076.0,23.32,7.18,22641.0,1.11
CSI,2024-05-11,5900.0,33.71,,,3.0,-693.0,-44.8,28.98,10128.0,3.07
CSM,2024-05-11,,0.71,300.0,0.03,0.86,840.0,13.1,14.25,13043.0,0.84
CST,2024-05-11,,,2000.0,0.09,1.64,7304.0,3.05,7.32,25057.0,0.89
CSV,2024-05-11,48400.0,2.3,2500.0,0.07,1.98,3950.0,9.08,15.16,13752.0,2.61
CT3,2024-05-11,,,,,,,,10.71,,
CT6,2024-05-11,,0.03,,,-0.41,1506.0,5.51,12.67,10362.0,0.8
CTA,2024-05-11,,0.26,,,,-843.0,-1.66,4.51,4690.0,0.3
CTB,2024-05-11,,0.46,2000.0,0.1,0.06,2119.0,9.25,5.96,21659.0,0.9
CTC,2024-05-11,,0.48,,,,-118.0,-11.02,12.84,6632.0,0.2
CTD,2024-05-11,2700.0,49.0,,,1.38,3259.0,20.43,16.05,83762.0,0.8
CTF,2024-05-11,,3.37,,,0.14,212.0,140.38,33.24,12085.0,2.46
CTG,2024-05-11,38900.0,26.57,,,1.04,4128.0,8.65,9.92,26254.0,1.36
CTI,2024-05-11,500.0,0.53,,,1.38,1966.0,8.01,9.02,27447.0,0.57
CTN,2024-05-11,,1.53,,,,-532.0,-0.94,1.39,-3545.0,-0.14
CTP,2024-05-11,3800.0,0.74,,,1.61,28.0,1278.11,27.07,12261.0,2.92
CTR,2024-05-11,100.0,9.56,4639.0,0.04,1.76,4639.0,26.73,26.68,14780.0,8.39
CTS,2024-05-11,,0.6,,,1.89,1382.0,27.2,19.96,14879.0,2.53
CTT,2024-05-11,,0.45,1000.0,0.06,0.05,2972.0,5.55,5.17,14107.0,1.17
CTW,2024-05-11,,,660.0,0.02,-1.36,3150.0,9.37,13.8,19821.0,1.49
CTX,2024-05-11,,0.01,,,,130.0,58.56,9.99,12900.0,0.59
CVN,2024-05-11,,,,,-0.33,27.0,70.14,0.94,13600.0,0.14
CVT,2024-05-11,,0.46,,,0.37,1418.0,18.08,18.45,26528.0,0.97
CX8,2024-05-11,,,,,0.68,66.0,105.28,25.85,10507.0,0.67
CYC,2024-05-11,,10.69,,,,-14134.0,-0.21,13.12,5942.0,0.49
D11,2024-05-11,,,,,0.09,487.0,21.17,19.68,25644.0,0.4
D17,2024-05-11,,,2000.0,0.05,0.09,1405.0,30.25,11.64,21967.0,1.93
D2D,2024-05-11,,0.59,8700.0,0.28,0.55,678.0,46.58,21.52,30863.0,1.02
DAC,2024-05-11,,6.46,,,0.3,-4503.0,-1.0,-0.53,1997.0,2.25
DAD,2024-05-11,,,2000.0,0.1,-0.11,2494.0,8.3,6.9,20936.0,0.99
DAE,2024-05-11,,,1200.0,0.08,0.28,1665.0,9.31,7.65,21893.0,0.71
DAG,2024-05-11,,0.86,,,0.57,-889.0,-1.57,8.89,452.0,3.1
DAH,2024-05-11,,,,,0.78,20.0,156.31,25.85,10955.0,0.28
DAN,2024-05-11,,0.17,700.0,0.02,-0.35,3012.0,9.76,7.99,36128.0,0.81
DAS,2024-05-11,,,1000.0,0.16,0.26,,,5.25,,
DAT,2024-05-11,,0.01,,,0.27,938.0,7.9,5.13,12654.0,0.59
DBC,2024-05-11,,9.51,,,1.56,2151.0,12.78,12.61,19503.0,1.41
DBD,2024-05-11,52000.0,14.78,,,0.42,3427.0,14.23,14.26,17448.0,2.79
DBM,2024-05-11,,1.07,1700.0,0.07,0.34,2895.0,8.05,7.54,24723.0,0.94
DBT,2024-05-11,,1.28,,,0.37,987.0,12.16,5.02,14070.0,0.85
DC1,2024-05-11,,0.74,,,-0.66,,,15.13,,
DC2,2024-05-11,,2.4,,,0.38,529.0,14.74,11.03,11047.0,0.71
DC4,2024-05-11,5200.0,0.45,,,1.07,3744.0,3.22,6.33,13559.0,0.89
DCF,2024-05-11,,,,,0.5,1742.0,29.73,33.78,15784.0,3.28
DCG,2024-05-11,,5.25,1500.0,0.13,-0.17,659.0,18.22,4.55,13442.0,0.89
DCH,2024-05-11,,,100.0,0.01,0.08,,,55.8,,
DCL,2024-05-11,,1.12,,,0.57,869.0,30.6,15.21,20316.0,1.31
DCM,2024-05-11,36900.0,7.32,2000.0,0.06,1.69,2886.0,12.51,24.05,18690.0,1.93
DCR,2024-05-11,,,,,-0.99,324.0,16.67,35.1,10556.0,0.51
DCS,2024-05-11,,0.62,,,-0.36,11.0,52.22,15.73,10487.0,0.06
DCT,2024-05-11,,0.39,,,0.04,-3078.0,-0.16,4.46,-17660.0,-0.03
DDG,2024-05-11,,3.69,,,1.48,184.0,15.76,57.88,10090.0,0.29
DDH,2024-05-11,,,600.0,0.03,-0.45,,,11.9,,
DDM,2024-05-11,,0.11,,,-1.04,-8479.0,-0.22,0.19,-73544.0,-0.03
DDN,2024-05-11,,,,,0.19,531.0,14.95,25.4,13447.0,0.59
DDV,2024-05-11,,5.52,600.0,0.04,3.44,1185.0,14.08,19.48,11766.0,1.42
DFC,2024-05-11,,,2000.0,0.1,-0.19,1565.0,12.46,7.56,24024.0,0.81
DFF,2024-05-11,100.0,,,,1.96,-1998.0,-0.85,17.04,7998.0,0.21
DGC,2024-05-11,8660.0,17.78,6000.0,0.05,1.68,7743.0,14.27,13.54,37235.0,2.97
DGT,2024-05-11,,0.41,,,1.78,462.0,13.08,12.12,12711.0,0.48
DGW,2024-05-11,1200.0,23.49,500.0,0.01,1.56,2333.0,18.13,18.76,13080.0,3.23
DHA,2024-05-11,,10.11,2000.0,0.05,0.71,4216.0,9.55,15.87,28499.0,1.41
DHB,2024-05-11,,,,,1.75,5835.0,1.45,13.73,2023.0,4.2
DHC,2024-05-11,710.0,39.33,2000.0,0.06,0.64,3330.0,10.5,9.38,24330.0,1.44
DHD,2024-05-11,,,300.0,0.01,-0.05,1721.0,15.69,23.58,15832.0,1.71
DHG,2024-05-11,900.0,53.76,7500.0,0.07,0.38,6362.0,16.35,12.59,33726.0,3.08
DHM,2024-05-11,,0.13,,,0.45,234.0,38.44,25.4,11342.0,0.79
DHN,2024-05-11,,,2000.0,0.08,-0.01,,,10.63,,
DHP,2024-05-11,,0.43,1000.0,0.09,-0.44,1456.0,7.55,7.57,18114.0,0.61
DHT,2024-05-11,,35.99,1000.0,0.01,0.32,792.0,87.74,72.9,13074.0,5.32
DIC,2024-05-11,,0.33,,,-0.23,-1409.0,-0.71,18.99,-3469.0,-0.29
DID,2024-05-11,,0.04,,,1.38,67.0,59.4,62.44,11801.0,0.34
DIG,2024-05-11,238000.0,5.0,,,1.34,135.0,154.7,12.65,13035.0,1.61
DIH,2024-05-11,,,,,-0.03,-380.0,-43.15,9.42,17340.0,0.95
DKC,2024-05-11,,,1300.0,1.86,0.36,,,0.65,,
DL1,2024-05-11,26700.0,6.19,,,0.92,497.0,13.49,9.37,13959.0,0.48
DLD,2024-05-11,,,,,2.4,-2131.0,-2.67,-9.32,4194.0,1.36
DLG,2024-05-11,100.0,1.28,,,1.09,-237.0,-8.2,3.23,2149.0,0.9
DLR,2024-05-11,,4.71,,,-0.17,396.0,43.45,131.51,-3875.0,-4.44
DLT,2024-05-11,,0.04,1000.0,0.16,,-37446.0,-0.17,0.28,337805.0,0.02
DM7,2024-05-11,,,1711.0,0.09,0.34,4004.0,5.0,5.64,18969.0,1.05
DMC,2024-05-11,,56.56,2500.0,0.04,0.54,5289.0,12.54,11.51,44221.0,1.5
DMN,2024-05-11,,,,,0.18,458.0,11.34,2.83,12893.0,0.4
DMS,2024-05-11,,,200.0,0.03,0.65,1269.0,6.23,9.88,12103.0,0.65
DNA,2024-05-11,,,1500.0,0.06,-0.47,2276.0,10.46,8.36,15346.0,1.55
DNC,2024-05-11,,,2500.0,0.03,-0.22,6468.0,11.75,12.08,16650.0,4.56
DND,2024-05-11,,,,,-0.09,94.0,200.85,271.47,12004.0,1.57
DNE,2024-05-11,,,500.0,0.05,-0.6,573.0,16.24,7.13,10575.0,0.88
DNH,2024-05-11,,,2850.0,0.06,0.9,1637.0,30.54,38.95,12663.0,3.95
DNL,2024-05-11,,,1000.0,0.03,0.07,6.0,5182.61,22.94,10344.0,2.88
DNM,2024-05-11,,3.5,,,-0.21,-11013.0,-0.83,118.23,515.0,17.74
DNN,2024-05-11,,,1700.0,8.5,,1471.0,0.14,0.13,13584.0,0.01
DNP,2024-05-11,,0.18,,,1.0,326.0,62.9,39.59,42819.0,0.48
DNT,2024-05-11,,,1000.0,0.03,-0.47,,,23.74,,
DNW,2024-05-11,,0.25,1600.0,0.05,0.51,2702.0,12.25,16.02,19787.0,1.67
DOC,2024-05-11,,,400.0,0.04,-0.16,,,26.6,,
DOP,2024-05-11,,,1200.0,0.09,-0.26,,,6.96,,
DP1,2024-05-11,,,2300.0,0.06,1.26,6597.0,5.76,8.26,19598.0,1.94
DP2,2024-05-11,,,,,-0.89,-884.0,-3.28,580.0,3939.0,0.74
DP3,2024-05-11,,,3000.0,0.05,0.5,5657.0,10.25,14.5,21804.0,2.66
DPC,2024-05-11,,1.23,,,1.24,-2124.0,-4.71,4.47,11360.0,0.88
DPG,2024-05-11,25600.0,6.44,1000.0,0.02,2.19,3424.0,14.72,9.24,39777.0,1.27
DPH,2024-05-11,,0.06,1700.0,0.03,-0.12,567.0,100.21,8.78,23699.0,2.4
CNN,2024-11-15,,,1215.0,0.03,1.9,,,26.83,,
DPM,2024-05-11,8800.0,7.9,2000.0,0.06,1.4,1700.0,19.67,24.16,28704.0,1.17
DPP,2024-05-11,,,1200.0,0.1,-0.25,,,4.4,,
DPR,2024-05-11,1200.0,5.04,1500.0,0.04,1.52,2719.0,14.01,14.92,37062.0,1.03
ECI,2024-05-11,,,600.0,0.02,0.02,-4313.0,-5.68,12.86,16630.0,1.47
DPS,2024-05-11,,0.34,,,,-217.0,-1.38,0.67,10472.0,0.03
DQC,2024-05-11,,0.61,,,0.36,-733.0,-17.6,22.16,31576.0,0.41
DRC,2024-05-11,1600.0,9.86,1200.0,0.04,1.31,2259.0,12.44,14.64,16125.0,1.74
DRG,2024-05-11,,,,,1.79,382.0,20.95,91.15,11699.0,0.68
DRH,2024-05-11,,0.91,,,1.22,-955.0,-1.99,2.36,11563.0,0.16
DRI,2024-05-11,1400.0,0.1,600.0,0.05,2.95,1393.0,8.16,13.72,7809.0,1.46
DRL,2024-05-11,,2.93,5800.0,0.1,0.15,4884.0,12.37,13.87,11567.0,5.22
DS3,2024-05-11,,0.34,,,-0.37,1452.0,3.72,5.76,7851.0,0.69
DSD,2024-05-11,,,,,,166.0,120.16,77.53,12876.0,1.55
DSE,2024-05-11,,13.17,,,0.98,748.0,32.7,47.46,12611.0,1.94
DSG,2024-05-11,,0.17,,,0.22,-608.0,-7.57,-14.62,60.0,76.67
DSN,2024-05-11,,15.86,4000.0,0.07,0.23,8062.0,6.78,6.36,27913.0,1.96
DSP,2024-05-11,,,,,0.05,-31.0,-401.15,484.43,8047.0,1.57
DST,2024-05-11,,,,,1.48,320.0,9.7,32.68,12386.0,0.25
DTA,2024-05-11,,0.2,,,-0.17,95.0,41.93,21.75,11320.0,0.35
DTB,2024-05-11,,,1073.0,0.09,-2.34,,,7.31,,
DTC,2024-05-11,,,,,0.46,-3624.0,-1.21,-1.46,2041.0,2.16
DTD,2024-05-11,14300.0,1.07,,,2.89,2829.0,8.84,5.29,22744.0,1.1
DTE,2024-05-11,,,,,-0.05,699.0,7.3,2.0,11282.0,0.45
DTG,2024-05-11,,0.09,,,0.6,3857.0,6.27,6.09,21061.0,1.15
DTH,2024-05-11,,,300.0,0.02,-0.13,482.0,28.2,18.15,18177.0,0.75
DTI,2024-05-11,,,,,1.41,15.0,149.83,4.25,10059.0,0.22
DTK,2024-05-11,,0.01,400.0,0.03,-0.05,883.0,13.24,12.14,12202.0,0.96
DTL,2024-05-11,,,,,0.3,-240.0,-50.77,44.09,12543.0,0.97
DTP,2024-05-11,,,1500.0,0.01,0.04,14883.0,10.55,9.8,57321.0,2.74
DTT,2024-05-11,,0.17,800.0,0.04,-0.01,1360.0,13.79,20.38,16000.0,1.17
DUS,2024-05-11,,,,,-0.11,6.0,1317.07,-0.97,13641.0,0.59
DVC,2024-05-11,,,600.0,0.06,-0.5,,,6.02,,
DVG,2024-05-11,,,,,-0.73,16.0,76.29,4.48,11196.0,0.11
DVM,2024-05-11,,,,,0.98,1208.0,7.2,7.52,16981.0,0.51
DVN,2024-05-11,,,700.0,0.03,1.92,1943.0,11.64,11.27,14220.0,1.59
DVP,2024-05-11,100.0,14.12,7000.0,0.09,0.33,8235.0,9.45,9.02,35678.0,2.18
DVW,2024-05-11,,,2000.0,0.1,0.19,,,6.11,,
DWC,2024-05-11,,,,,-0.22,1267.0,10.26,36.2,11019.0,1.18
DWS,2024-05-11,,,600.0,0.04,-0.15,1715.0,7.84,7.87,13663.0,0.98
DXG,2024-05-11,58800.0,18.29,,,1.74,209.0,80.57,10.11,21694.0,0.77
DXL,2024-05-11,,1.86,125.0,0.02,0.2,6197.0,1.03,31.66,12237.0,0.52
DXP,2024-05-11,,,500.0,0.04,1.43,1022.0,11.45,9.35,14106.0,0.83
DXS,2024-05-11,31900.0,18.06,,,1.59,-17.0,-335.68,1.58,14291.0,0.4
DXV,2024-05-11,,0.54,,,0.36,-994.0,-3.52,-4.89,9965.0,0.35
DZM,2024-05-11,,9.71,,,,-936.0,-3.1,7.82,-823.0,-3.52
E12,2024-05-11,,,,,1.31,-2352.0,-2.59,2.09,9859.0,0.62
E1VFVN30,2024-05-11,34200.0,87.63,,,,,,,,
E29,2024-05-11,,,500.0,0.07,0.83,39.0,178.94,8.02,10048.0,0.69
EBS,2024-05-11,,0.66,800.0,0.08,1.1,1573.0,6.61,10.12,15389.0,0.68
ECO,2024-05-11,,,,,8.69,322.0,50.25,,10921.0,1.48
EFI,2024-05-11,,0.03,,,0.56,48.0,33.07,17.41,15037.0,0.11
EIB,2024-05-11,1804000.0,3.29,300.0,0.02,0.47,1547.0,12.09,6.31,12979.0,1.44
EIC,2024-05-11,,,1700.0,0.08,-1.58,1399.0,15.72,22.81,11962.0,1.84
EID,2024-05-11,,,1400.0,0.05,0.27,5174.0,5.32,6.45,30461.0,0.9
EIN,2024-05-11,,,,,0.74,-154.0,-17.52,122.48,8823.0,0.31
ELC,2024-05-11,51400.0,2.89,,,1.95,772.0,32.71,19.47,14173.0,1.78
EME,2024-05-11,,,700.0,0.03,-1.67,,,17.08,,
EMG,2024-05-11,,,1500.0,0.06,-0.05,,,5.19,,
EMS,2024-05-11,,,1000.0,0.04,0.7,3066.0,7.5,6.96,13930.0,1.65
EPC,2024-05-11,,,,,0.43,,,23.43,,
EPH,2024-05-11,,0.22,1300.0,0.08,0.52,-331.0,-49.82,4.58,11203.0,1.47
EVE,2024-05-11,,67.05,500.0,0.05,0.99,-784.0,-13.64,7.49,22435.0,0.48
EVF,2024-05-11,5200.0,0.74,,,1.63,754.0,14.52,13.18,12603.0,0.87
EVG,2024-05-11,,0.75,,,1.76,178.0,34.96,14.16,13233.0,0.47
EVS,2024-05-11,,0.37,,,1.59,52.0,101.71,8.15,11860.0,0.45
FBA,2017-07-07,,0.97,,,,556.0,1.62,0.2,10799.0,0.08
FBC,2024-05-11,,,20000.0,5.41,,929.0,3.98,0.23,17627.0,0.21
FCC,2024-05-11,,,,,,,,99.95,,
FCM,2024-05-11,,2.94,,,1.01,-41.0,-80.64,9.83,11717.0,0.28
FCN,2024-05-11,,31.26,100.0,0.01,1.02,-204.0,-62.52,33.46,21215.0,0.6
FCS,2024-05-11,,,,,1.99,-17.0,-440.51,172.79,2090.0,3.56
FDC,2024-05-11,,0.02,,,-0.12,26.0,612.09,120.6,11571.0,1.38
FGL,2024-05-11,,,,,0.25,-1100.0,-9.18,-25.27,1373.0,7.36
FHN,2024-05-11,,,400.0,0.03,0.16,141.0,99.87,19.23,15962.0,0.88
FHS,2024-05-11,,,1800.0,0.06,-0.27,4509.0,6.92,5.68,15897.0,1.96
FIC,2024-05-11,,,500.0,0.04,-0.42,448.0,31.36,23.29,12568.0,1.12
FID,2024-05-11,,,,,-0.3,-180.0,-6.66,24.72,10666.0,0.11
FIR,2024-05-11,,0.15,,,0.28,25.0,207.67,4.22,11544.0,0.45
FIT,2024-05-11,,0.03,,,0.84,461.0,9.39,5.44,17469.0,0.25
FLC,2024-05-11,,2.16,,,,-2649.0,-1.32,2.82,11190.0,0.31
FMC,2024-05-11,,31.05,2000.0,0.04,0.65,4251.0,10.7,9.3,34848.0,1.31
FOC,2024-05-11,50.0,0.88,2000.0,0.02,1.98,7795.0,10.26,7.04,42855.0,1.87
FOX,2024-05-11,,,2000.0,0.02,1.9,5627.0,15.68,12.38,20705.0,4.26
FPT,2024-05-11,267310.0,46.02,1000.0,0.01,1.04,5652.0,23.5,17.83,24213.0,5.48
FRC,2024-05-11,,,,,0.12,8.0,3333.33,10.71,11678.0,2.14
FRM,2024-05-11,,,426.0,0.1,0.37,117.0,34.92,18.45,11343.0,0.36
FRT,2024-05-11,124630.0,37.41,,,0.88,775.0,220.62,186.27,14614.0,11.69
FSO,2024-05-11,,,,,,,,41.49,,
FT1,2024-05-11,4900.0,1.49,3700.0,0.08,0.28,,,5.94,,
FTI,2024-05-11,,,,,,-331.0,-11.18,70.72,8688.0,0.43
FTM,2024-05-11,,0.55,,,0.07,-2591.0,-0.27,5.83,-15777.0,-0.04
FTS,2024-05-11,9800.0,30.47,500.0,0.01,1.89,1822.0,23.55,31.25,12940.0,3.32
FUCTVGF3,2024-05-11,,,,,,,,,,
GSM,2024-05-11,,,2000.0,0.09,1.06,1700.0,13.23,25.28,16119.0,1.4
FUCTVGF4,2024-05-11,,,,,,,,,,
FUCTVGF5,2024-05-11,,0.46,,,,,,,,
FUCVREIT,2024-05-11,300.0,1.86,,,,,,,,
FUEABVND,2024-05-11,,,,,,,,,,
FUEBFVND,2024-05-11,,,,,,,,,,
FUEDCMID,2024-05-11,,83.74,,,,,,,,
FUEFCV50,2024-05-11,,1.81,,,,,,,,
FUEIP100,2024-05-11,,2.22,,,,,,,,
FUEKIV30,2024-05-11,,96.77,,,,,,,,
FUEKIVFS,2024-05-11,,87.26,,,,,,,,
FUEKIVND,2024-05-11,,98.41,,,,,,,,
FUEMAV30,2024-05-11,3500.0,89.6,,,,,,,,
FUEMAVND,2024-05-11,,93.33,,,,,,,,
FUESSV30,2024-05-11,,33.75,,,,,,,,
A32,2024-07-11,,,3500.0,0.1,0.92,,,5.54,,
AAA,2024-07-11,51000.0,2.13,,,1.53,967.0,8.89,8.72,15896.0,0.54
AAH,2024-07-11,,,,,1.63,100.0,36.25,9.7,10100.0,0.36
AAM,2024-07-11,,0.92,,,0.02,-511.0,-12.52,79.01,18914.0,0.34
AAS,2024-07-11,,1.04,,,1.81,339.0,20.08,6.53,10837.0,0.63
AAT,2024-07-11,,0.82,,,0.73,257.0,13.1,23.87,10117.0,0.33
AAV,2024-07-11,10500.0,0.11,,,1.52,-140.0,-44.92,17.39,11201.0,0.56
ABB,2024-07-11,,16.41,,,0.63,67.0,112.75,7.84,12759.0,0.59
ABC,2024-07-11,,0.91,500.0,0.05,1.76,1551.0,6.67,7.31,24214.0,0.43
ABI,2024-07-11,14000.0,9.9,1000.0,0.04,1.04,2394.0,10.65,5.77,21353.0,1.19
ABR,2024-07-11,,48.4,2000.0,0.15,0.57,584.0,22.27,14.97,14474.0,0.9
ABS,2024-07-11,,,,,0.95,52.0,71.22,14.92,11513.0,0.32
ABT,2024-07-11,,2.29,2000.0,0.05,0.1,6431.0,6.2,7.65,44535.0,0.9
ABW,2024-07-11,22000.0,0.6,,,1.34,1016.0,8.57,7.04,14023.0,0.62
ACB,2024-07-11,26.0,30.0,1000.0,0.04,0.95,3992.0,6.29,6.37,17654.0,1.42
ACC,2024-07-11,,7.7,,,0.95,646.0,20.73,12.66,12588.0,1.06
ACE,2024-07-11,,0.23,3500.0,0.1,0.51,2069.0,17.64,8.7,20029.0,1.82
ACG,2024-07-11,,38.54,2300.0,0.06,0.86,3263.0,12.57,14.04,27898.0,1.47
ACL,2024-07-11,,2.27,,,0.27,202.0,59.08,7.49,16100.0,0.74
ACM,2024-07-11,,1.9,,,1.46,-296.0,-1.69,8.5,6575.0,0.08
ACS,2024-07-11,,,,,0.27,,,16.75,,
ACV,2024-07-11,9200.0,3.68,,,1.45,4613.0,24.73,26.49,26223.0,4.35
ADC,2024-07-11,,,1500.0,0.08,0.19,3562.0,5.61,4.14,19715.0,1.01
ADG,2024-07-11,,46.41,,,0.01,1230.0,9.35,4.6,17034.0,0.68
ADP,2024-07-11,400.0,0.83,4150.0,0.14,0.43,3934.0,7.37,13.92,11800.0,2.46
ADS,2024-07-11,,0.15,1000.0,0.11,1.35,433.0,20.9,6.28,12055.0,0.75
AFX,2024-07-11,,,,,0.64,922.0,7.98,6.9,13319.0,0.55
AG1,2024-07-11,,,230.0,0.02,0.42,422.0,23.12,5.28,10038.0,0.97
AGF,2024-07-11,,0.47,,,0.27,-95.0,-27.39,14.62,-6510.0,-0.4
AGG,2024-07-11,24600.0,0.93,,,1.38,2253.0,7.01,4.94,19924.0,0.79
AGM,2024-07-11,,0.56,,,0.6,-14767.0,-0.23,12.63,-5250.0,-0.66
AGP,2024-07-11,,,,,0.11,2040.0,19.11,15.56,16654.0,2.34
AGR,2024-07-11,,0.29,700.0,0.04,1.93,585.0,31.37,21.36,11241.0,1.63
AGX,2024-07-11,,1.74,1500.0,0.02,0.42,,,8.34,,
AIC,2024-07-11,,75.11,,,1.1,-34.0,-375.96,39.39,10759.0,1.18
ALT,2024-07-11,,,1000.0,0.07,0.14,-262.0,-54.22,12.49,37018.0,0.38
ALV,2024-07-11,,0.34,,,1.38,-233.0,-26.15,6.18,11280.0,0.54
AMC,2024-07-11,,2.84,1300.0,0.08,0.14,2173.0,7.73,7.72,18084.0,0.93
AMD,2024-07-11,,0.72,,,,-782.0,-1.41,8.99,10588.0,0.1
AME,2024-07-11,,2.24,,,0.54,328.0,15.24,14.26,12214.0,0.41
AMP,2024-07-11,,,,,0.87,278.0,36.72,20.96,13863.0,0.74
AMS,2024-07-11,,35.47,300.0,0.03,2.05,1134.0,8.52,6.92,13358.0,0.72
AMV,2024-07-11,,,,,1.05,-445.0,-3.82,4.46,12403.0,0.14
ANT,2024-07-11,,,,,0.64,3330.0,7.02,12.29,15725.0,1.49
ANV,2024-07-11,76300.0,1.49,500.0,0.01,1.68,464.0,74.58,15.1,21470.0,1.61
APC,2024-07-11,,15.02,,,-0.03,-1019.0,-6.28,132.04,28639.0,0.22
APF,2024-07-11,,,4500.0,0.08,0.46,6614.0,8.06,10.57,37627.0,1.42
APG,2024-07-11,,9.33,,,1.27,-300.0,-30.42,8.55,10887.0,0.84
APH,2024-07-11,50500.0,28.46,,,1.32,511.0,12.43,4.93,24122.0,0.26
API,2024-07-11,15000.0,0.78,,,2.4,-558.0,-13.99,17.26,10709.0,0.73
APL,2024-07-11,,,1200.0,0.07,0.18,,,8.11,,
APP,2024-07-11,,0.47,,,1.56,-685.0,-12.6,11.64,10089.0,0.85
APS,2024-07-11,,0.99,,,1.83,550.0,12.17,11.35,10006.0,0.67
APT,2024-07-11,,,,,0.63,-2698.0,-0.89,3.3,-7606.0,-0.32
ARM,2024-07-11,,0.11,1000.0,0.04,0.43,974.0,25.66,16.99,12044.0,2.08
ART,2024-07-11,,0.66,,,,-247.0,-5.25,6.01,1391.0,0.93
ASA,2024-07-11,,0.25,,,,18.0,697.29,15.75,,
ASG,2024-07-11,,0.73,,,0.26,396.0,47.86,74.27,22369.0,0.85
ASM,2024-07-11,9400.0,12.47,,,1.39,615.0,14.41,4.1,21836.0,0.41
ASP,2024-07-11,,48.97,,,0.54,196.0,20.37,16.55,7668.0,0.52
AST,2024-07-11,,43.52,1200.0,0.02,0.46,3016.0,18.14,10.7,14435.0,3.79
ATA,2024-07-11,,0.05,,,1.32,60.0,8.4,0.2,-25217.0,-0.02
ATB,2024-07-11,,0.06,,,0.44,-278.0,-2.16,2.6,2348.0,0.26
ATG,2024-07-11,,0.09,,,0.65,-50.0,-54.22,82.19,41.0,65.85
ATS,2024-07-11,,0.15,,,-0.41,51.0,318.08,11.34,12452.0,1.3
AVC,2024-07-11,,,8584.0,0.15,0.22,3154.0,17.62,35.48,14976.0,3.71
AVF,2024-07-11,,0.21,,,,-2388.0,-0.17,1.16,-45240.0,-0.01
AVG,2024-07-11,,0.07,,,2.33,727.0,34.52,35.93,16336.0,1.54
BAB,2024-07-11,,,,,0.49,1213.0,9.89,9.77,12748.0,0.94
BAF,2024-07-11,,2.21,,,1.08,1104.0,20.66,17.81,11857.0,1.92
BAL,2024-07-11,,0.08,700.0,0.08,0.15,,,18.12,,
BAX,2024-07-11,,16.33,2500.0,0.07,-0.04,3610.0,10.53,15.03,26963.0,1.41
BBC,2024-07-11,,0.73,1500.0,0.03,0.12,7085.0,7.06,8.49,78292.0,0.64
BBH,2024-07-11,,,200.0,0.02,-0.75,,,40.99,,
BBM,2024-07-11,,0.25,200.0,0.03,1.06,1448.0,5.18,26.27,13753.0,0.55
BBS,2024-07-11,,0.53,900.0,0.08,0.1,1423.0,7.94,15.78,17721.0,0.64
BBT,2024-07-11,,0.8,,,-1.11,-2060.0,-6.67,15.82,7233.0,1.9
BCA,2024-07-11,,,,,2.2,20691.0,0.53,20.76,28219.0,0.39
BCB,2024-07-11,,,2919.0,4.17,,28.0,24.84,0.2,10028.0,0.07
BCC,2024-07-11,4200.0,0.93,,,1.09,-1082.0,-7.21,6.05,14097.0,0.55
BCE,2024-07-11,,1.83,,,0.64,-240.0,-25.51,8.32,8827.0,0.69
BCF,2024-07-11,,,1800.0,0.05,-0.48,3069.0,13.03,16.95,12222.0,3.27
BCG,2024-07-11,166000.0,1.39,,,1.45,341.0,18.99,5.98,24196.0,0.27
BCM,2024-07-11,3700.0,2.04,1800.0,0.03,1.17,2796.0,24.1,29.68,19392.0,3.48
BCO,2024-07-11,,,,,,,,10.32,,
BCP,2024-07-11,,3.26,,,0.19,77.0,151.53,116.33,12606.0,0.93
BCR,2024-07-11,,0.01,,,1.82,210.0,25.6,6.02,12713.0,0.42
BCV,2024-07-11,,,,,,194.0,111.09,30.71,11704.0,1.84
BDB,2024-07-11,,,800.0,0.09,0.01,648.0,13.42,8.17,11858.0,0.73
BDG,2024-07-11,,1.42,2500.0,0.07,0.51,5882.0,5.88,9.13,23059.0,1.5
BDT,2024-07-11,,0.12,648.0,0.09,1.37,152.0,48.61,27.46,14226.0,0.52
BDW,2024-07-11,,0.05,2550.0,0.11,0.17,3294.0,7.07,6.08,16175.0,1.44
BED,2024-07-11,,,2200.0,0.07,-0.06,2128.0,14.47,17.33,13691.0,2.25
BEL,2024-07-11,,,1000.0,0.03,0.14,3.0,11870.5,36.0,8268.0,3.99
BFC,2024-07-11,7900.0,4.46,2500.0,0.07,1.96,5624.0,6.68,10.22,25337.0,1.48
BGE,2024-07-11,1500.0,0.01,,,2.4,567.0,19.38,15.63,14015.0,0.78
BGW,2024-07-11,,,548.0,0.03,0.18,551.0,29.04,25.93,10519.0,1.52
BHA,2024-07-11,,0.03,1250.0,0.06,0.16,2629.0,8.29,22.87,14651.0,1.49
BHC,2024-07-11,,0.9,,,0.5,2.0,995.48,78.57,-17140.0,-0.13
BHG,2024-07-11,,,,,,1745.0,6.3,78.63,11097.0,0.99
BHI,2024-07-11,,75.02,,,-0.4,-21.0,-615.86,130.5,11803.0,1.11
BHK,2024-07-11,,0.01,900.0,0.04,0.07,,,19.06,,
BHN,2024-07-11,,17.57,2700.0,0.07,0.24,1423.0,27.4,44.75,22286.0,1.75
BHP,2024-07-11,,0.03,250.0,0.04,-2.01,-461.0,-14.11,21.45,15453.0,0.42
BIC,2024-07-11,8000.0,45.45,1500.0,0.05,1.21,4004.0,8.22,6.43,24106.0,1.36
BID,2024-07-11,113200.0,17.02,,,1.1,4201.0,11.44,13.3,24286.0,1.98
BIG,2024-07-11,,0.03,,,1.18,,,4.44,,
BII,2024-07-11,,,,,1.24,30.0,23.62,0.79,8971.0,0.08
BIO,2024-07-11,,,650.0,0.04,0.97,,,22.02,,
BKC,2024-07-11,,0.14,,,0.08,2115.0,5.91,28.22,17543.0,0.71
BKG,2024-07-11,,0.1,,,0.5,184.0,18.42,9.71,12473.0,0.27
BLF,2024-07-11,,,,,1.31,-370.0,-9.83,8.54,10581.0,0.34
BLI,2024-07-11,100.0,1.02,,,1.08,1122.0,8.38,6.96,14705.0,0.64
BLN,2024-07-11,,0.01,,,,,,29.69,,
BLT,2024-07-11,,0.02,8800.0,0.22,-0.15,,,25.45,,
BMC,2024-07-11,300.0,5.05,1150.0,0.05,0.51,2152.0,9.9,15.56,18469.0,1.15
BMD,2024-07-11,,,700.0,0.07,1.07,,,5.41,11879.0,0.81
BMF,2024-07-11,,,,,0.73,826.0,11.26,7.19,11152.0,0.83
BMG,2024-07-11,,19.17,1500.0,0.08,0.11,915.0,21.09,7.3,16974.0,1.14
BMI,2024-07-11,10700.0,30.3,500.0,0.02,1.23,2303.0,9.07,6.68,22835.0,0.92
BMJ,2024-07-11,,,,,1.43,465.0,21.92,15.75,11469.0,0.89
BMN,2024-07-11,,,700.0,0.08,0.16,1693.0,5.08,6.01,10561.0,0.81
BMP,2024-07-11,9100.0,84.96,18340.0,0.14,0.94,12419.0,10.63,10.49,35922.0,3.67
BMS,2024-07-11,,0.36,,,2.34,364.0,25.04,9.97,11994.0,0.76
BMV,2024-07-11,,,,,-0.02,49.0,241.26,87.49,10139.0,1.16
BNA,2024-07-11,,,,,0.83,2260.0,5.09,4.23,21005.0,0.55
BNW,2024-07-11,,,780.0,0.08,,1314.0,7.0,12.24,11020.0,0.83
BOT,2024-07-11,,0.17,,,1.08,-1227.0,-1.93,28.04,1717.0,1.38
BPC,2024-07-11,,1.35,200.0,0.02,0.77,67.0,149.3,49.35,24596.0,0.41
BQB,2024-07-11,,0.48,,,0.32,-230.0,-16.08,11562.5,4431.0,0.84
BRC,2024-07-11,,1.23,1100.0,0.08,0.18,1854.0,7.47,8.73,16849.0,0.82
BRR,2024-07-11,,,700.0,0.04,-0.1,1276.0,14.11,14.87,12399.0,1.45
BRS,2024-07-11,,,1400.0,0.06,,-62.0,-355.7,6.74,13744.0,1.6
BSA,2024-07-11,,,1980.0,0.09,0.21,478.0,47.3,29.41,14040.0,1.61
BSC,2024-07-11,,4.83,,,0.06,727.0,20.07,18.38,12733.0,1.15
BSD,2024-07-11,,0.4,500.0,0.04,1.5,,,184.94,,
BSG,2024-07-11,,,,,0.04,643.0,18.2,17.89,6035.0,1.94
BSH,2024-07-11,,0.31,2000.0,0.1,-0.08,2261.0,8.84,11.84,17702.0,1.13
BSI,2024-07-11,,40.09,,,1.89,1868.0,25.91,23.22,22306.0,2.17
BSL,2024-07-11,,0.25,700.0,0.07,0.49,734.0,12.94,12.28,10979.0,0.87
BSP,2024-07-11,,,1000.0,0.11,-0.25,324.0,29.4,120.4,14973.0,0.64
BSQ,2024-07-11,,0.01,1500.0,0.08,0.11,1996.0,9.93,9.44,18410.0,1.08
BSR,2024-07-11,151100.0,0.67,700.0,0.03,1.71,961.0,21.99,57.09,17940.0,1.18
BST,2024-07-11,,0.22,1300.0,0.08,-0.74,1744.0,9.17,8.38,14033.0,1.14
BT1,2024-07-11,,,800.0,0.06,-0.17,,,9.42,,
BT6,2024-07-11,,8.28,,,,-1264.0,-2.69,7.01,-29147.0,-0.12
BTB,2024-07-11,,0.01,,,-0.75,401.0,13.66,2083.65,14037.0,0.39
BTD,2024-07-11,,,2200.0,0.11,0.88,1443.0,13.44,14.07,39656.0,0.49
BTG,2024-07-11,,,,,-0.98,205.0,31.77,15.47,15349.0,0.42
BTH,2024-07-11,,,700.0,0.02,0.44,19685.0,1.69,2.09,29022.0,1.15
BTN,2024-07-11,,,,,0.74,,,-1.44,,
BTP,2024-07-11,1407.0,8.65,3272.0,0.27,0.4,502.0,24.42,40.69,17220.0,0.71
BTS,2024-07-11,200.0,0.12,,,0.31,-1217.0,-4.27,-5.06,9278.0,0.56
BTT,2024-07-11,,4.91,3350.0,0.1,0.19,3337.0,10.49,9.01,28086.0,1.25
BTU,2024-07-11,,,1000.0,0.07,0.33,112.0,125.02,7.43,11159.0,1.25
BTV,2024-07-11,,,,,0.7,1362.0,8.52,9.12,9902.0,1.17
BTW,2024-07-11,100.0,21.8,2212.0,0.06,0.02,5995.0,6.66,6.79,28498.0,1.4
BVB,2024-07-11,,0.08,,,1.5,301.0,38.61,32.09,10933.0,1.06
BVG,2024-07-11,,0.09,,,0.1,-1385.0,-1.59,9.53,5026.0,0.44
BVH,2024-07-11,11700.0,26.64,954.0,0.02,0.86,2570.0,17.18,113.01,31998.0,1.38
BVL,2024-07-11,,,,,-0.56,430.0,24.64,7.41,14247.0,0.74
BVN,2024-07-11,,0.29,,,-0.37,,,4.25,,
BVS,2024-07-11,7400.0,2.45,800.0,0.02,2.71,2556.0,16.12,16.44,34272.0,1.2
BWA,2024-07-11,,,450.0,0.04,0.02,,,26.02,,
BWE,2024-07-11,200.0,11.95,,,0.9,3158.0,14.31,14.2,24367.0,1.85
BWS,2024-07-11,,0.81,1000.0,0.03,0.1,2973.0,11.43,13.87,11531.0,2.95
BXH,2024-07-11,,,250.0,0.02,0.91,133.0,114.38,81.17,18085.0,0.84
C12,2024-07-11,,,,,,558.0,5.74,3.88,16475.0,0.19
C21,2024-07-11,,0.08,,,0.05,-470.0,-37.26,42.3,35675.0,0.49
C22,2024-07-11,,,1000.0,0.06,0.06,,,7.11,,
C32,2024-07-11,500.0,1.08,,,0.06,83.0,211.33,16.44,36027.0,0.49
C47,2024-07-11,,0.04,,,0.51,232.0,26.53,8.95,12125.0,0.51
C4G,2024-07-11,,,,,1.37,578.0,14.4,11.89,10911.0,0.76
C69,2024-07-11,,0.37,,,0.71,260.0,26.19,21.01,13592.0,0.5
C92,2024-07-11,,3.7,,,0.98,180.0,20.58,19.66,11622.0,0.32
CAB,2024-07-11,,,326.0,0.03,0.71,656.0,16.78,51.93,12277.0,0.9
CAD,2024-07-11,,3.45,,,2.56,-4237.0,-0.12,5.2,-71532.0,-0.01
CAG,2024-07-11,,,168.0,0.02,0.62,-26.0,-284.74,23.0,10404.0,0.72
CAN,2024-07-11,,26.23,1200.0,0.03,-0.32,-190.0,-187.66,20.07,27601.0,1.29
CAP,2024-07-11,,,5000.0,0.11,0.38,2309.0,19.93,10.03,15719.0,2.93
CAT,2024-07-11,,,1000.0,0.05,-0.18,1135.0,16.3,6.44,11104.0,1.67
CBI,2024-07-11,,,,,-0.65,-826.0,-11.5,81.52,8976.0,1.06
CBS,2024-07-11,,,5500.0,0.16,0.37,,,5.33,,
CC1,2024-07-11,,0.01,,,1.59,764.0,18.73,8.69,12291.0,1.16
CC4,2024-07-11,,,500.0,0.04,-0.29,478.0,25.11,23.13,13525.0,0.89
CCA,2024-07-11,,,800.0,0.05,-1.47,237.0,62.03,14.79,18315.0,0.8
CCC,2024-07-11,,,,,-0.02,753.0,24.58,15.25,14257.0,1.3
CCI,2024-07-11,,2.37,1300.0,0.06,0.15,2079.0,9.86,13.7,15473.0,1.32
CCL,2024-07-11,,0.91,500.0,0.07,1.82,821.0,9.28,7.57,12106.0,0.63
CCM,2024-07-11,,,2000.0,0.04,0.03,7621.0,6.31,5.42,37668.0,1.28
CCP,2024-07-11,,,,,-0.87,-400.0,-81.35,31.2,10849.0,3.0
CCR,2024-07-11,,0.07,450.0,0.03,1.19,678.0,20.94,17.4,11313.0,1.26
CCT,2024-07-11,,0.03,,,-1.47,187.0,62.12,62.61,9455.0,1.23
CCV,2024-07-11,,,3137.0,0.06,0.15,,,10.64,,
CDC,2024-07-11,9900.0,1.3,,,0.22,980.0,17.6,7.99,15774.0,1.09
CDG,2024-07-11,,,950.0,0.43,0.32,1538.0,1.43,2.1,13099.0,0.17
CDH,2024-07-11,,,500.0,0.05,2.21,,,4.95,,
CDN,2024-07-11,,,1400.0,0.05,0.1,3024.0,9.89,8.11,17762.0,1.68
CDO,2024-07-11,,0.29,,,0.62,-163.0,-12.92,165.35,6573.0,0.32
CDP,2024-07-11,,,500.0,0.05,0.37,1009.0,10.6,10.03,11731.0,0.91
CDR,2024-11-07,,,500.0,0.04,1.76,,,17.65,,
CE1,2024-07-11,,,,,,,,6.05,,
CEG,2024-07-11,,,250.0,0.03,,,,37.24,,
CEN,2024-07-11,,,,,0.13,-3.0,-693.07,65.14,10072.0,0.21
CEO,2024-07-11,64700.0,5.15,,,2.18,327.0,46.49,54.76,11713.0,1.3
CET,2024-07-11,,0.87,,,-0.42,-29.0,-167.01,6.13,11138.0,0.44
CFM,2024-07-11,,0.53,200.0,0.02,0.44,,,15.83,,
CFV,2024-07-11,,,,,-1.55,2693.0,8.17,68.03,13496.0,1.63
CGV,2024-07-11,,0.14,,,2.73,,,20.08,,
CH5,2024-07-11,,,1100.0,0.07,0.16,,,13.95,,
CHC,2024-07-11,,,,,-1.18,,,25.58,,
CHP,2024-07-11,,3.8,2500.0,0.07,0.11,2110.0,15.97,25.39,12258.0,2.75
CHS,2024-07-11,,3.24,1400.0,0.12,0.48,1429.0,7.92,8.89,12080.0,0.94
CI5,2024-07-11,,,,,0.37,,,67.5,,
CIA,2024-07-11,,0.95,,,0.87,468.0,20.73,44.36,17764.0,0.55
CID,2024-07-11,,2.92,653.0,0.02,-2.2,-105.0,-259.67,,4615.0,5.89
CIG,2024-07-11,,0.05,,,0.25,168.0,46.47,16.46,4968.0,1.58
CII,2024-07-11,12800.0,5.86,800.0,0.05,1.59,1598.0,9.45,11.19,29499.0,0.51
CIP,2024-07-11,,,,,0.78,,,26.98,,
CJC,2024-07-11,,0.27,,,,770.0,33.49,37.53,11219.0,2.3
CK8,2024-07-11,,,,,,,,3.97,,
CKA,2024-07-11,,,5000.0,0.12,-0.71,,,6.3,,
CKD,2024-07-11,,0.03,1900.0,0.08,-0.02,3093.0,7.27,9.06,16901.0,1.33
CKG,2024-07-11,,0.02,,,0.68,1428.0,17.58,16.84,14977.0,1.68
CKV,2024-07-11,,0.19,1100.0,0.09,1.33,477.0,25.15,17.87,18951.0,0.63
CLC,2024-07-11,,2.26,4000.0,0.08,0.05,6371.0,7.58,10.21,33676.0,1.43
CLG,2024-07-11,,0.53,,,,631.0,0.79,5.44,1254.0,0.4
CLH,2024-07-11,,5.31,2600.0,0.12,0.14,2896.0,7.6,6.6,14923.0,1.47
CLL,2024-07-11,300.0,10.59,2600.0,0.07,-0.12,2916.0,12.86,12.81,17679.0,2.12
CLM,2024-07-11,,,3000.0,0.04,-0.16,18089.0,4.09,10.15,66093.0,1.12
CLW,2024-07-11,,4.79,1600.0,0.04,0.01,3749.0,11.34,11.0,18787.0,2.26
CLX,2024-07-11,,1.34,700.0,0.04,1.91,2192.0,7.22,7.45,20496.0,0.77
CMC,2024-07-11,,,,,0.47,-300.0,-21.66,5.93,13366.0,0.49
CMD,2024-07-11,,0.04,3000.0,0.13,0.18,2779.0,8.2,10.76,21739.0,1.05
CMF,2024-07-11,,24.38,5000.0,0.01,0.49,20528.0,16.45,10.69,114829.0,2.94
CMG,2024-07-11,481800.0,43.41,600.0,0.01,1.98,1861.0,27.52,24.07,18091.0,2.83
CMI,2024-07-11,,0.38,,,-0.34,-574.0,-1.92,0.87,-6620.0,-0.17
CMK,2024-07-11,,,,,,1205.0,7.3,11.8,12005.0,0.73
CMM,2024-07-11,,,,,-0.27,888.0,10.25,10.48,11996.0,0.76
CMN,2024-07-11,,0.06,2600.0,0.04,1.13,2405.0,27.03,11.56,26231.0,2.48
CMP,2024-07-11,,,,,,316.0,25.65,562.11,10779.0,0.75
CMS,2024-07-11,,,,,0.99,176.0,60.94,44.43,10965.0,0.98
CMT,2024-07-11,,3.43,1000.0,0.08,3.14,3653.0,3.53,4.13,23016.0,0.56
CMV,2024-07-11,,0.04,400.0,0.04,0.26,695.0,12.95,14.27,13366.0,0.67
CMW,2024-07-11,,0.01,441.0,0.04,0.13,1016.0,11.22,12.8,11123.0,1.02
CMX,2024-07-11,35800.0,17.08,,,1.37,650.0,12.26,7.73,15180.0,0.53
CNA,2024-07-11,,,,,,,,,,
CNC,2024-07-11,4000.0,6.25,4000.0,0.13,0.6,4449.0,7.1,8.76,106196.0,0.3
CNG,2024-07-11,,2.87,1200.0,0.04,1.45,3124.0,10.23,12.64,17608.0,1.81
CNN,2024-07-11,,,1215.0,0.03,1.66,,,26.83,,
CNT,2024-07-11,,,100.0,0.01,2.79,4576.0,3.29,6.42,13594.0,1.11
COM,2024-07-11,100.0,0.21,1500.0,0.05,-0.09,2461.0,11.77,25.55,29945.0,0.97
CPA,2024-07-11,,,,,0.61,-396.0,-17.67,-30.32,2293.0,3.05
CPC,2024-07-11,,4.12,1800.0,0.1,0.16,2511.0,7.17,8.8,20846.0,0.86
CPH,2024-07-11,,,1848.0,6.16,,482.0,0.62,0.15,10981.0,0.03
CPI,2024-07-11,,,,,0.45,45.0,89.37,29.2,-661.0,-6.05
CQN,2024-07-11,,,1000.0,0.03,0.7,1591.0,18.29,18.78,12712.0,2.29
CQT,2024-07-11,,,800.0,0.09,-0.43,196.0,45.84,9.96,9735.0,0.92
CRC,2024-07-11,,0.16,,,0.4,1407.0,5.02,7.56,13529.0,0.52
CRE,2024-07-11,5200.0,4.03,,,0.79,68.0,103.28,14.75,12186.0,0.57
CSC,2024-07-11,,,,,1.3,1076.0,24.81,7.63,22641.0,1.18
CSI,2024-07-11,1300.0,33.66,,,2.95,-693.0,-45.82,29.64,10128.0,3.14
CSM,2024-07-11,35300.0,0.75,300.0,0.03,0.87,840.0,13.1,14.25,13043.0,0.84
CST,2024-07-11,,,2000.0,0.09,1.62,7304.0,3.09,7.4,25057.0,0.9
CSV,2024-07-11,132600.0,2.16,2500.0,0.07,1.99,3950.0,9.29,15.52,13752.0,2.67
CT3,2024-07-11,,,,,,,,10.71,,
CT6,2024-07-11,,0.03,,,-0.43,1506.0,5.38,12.37,10362.0,0.78
CTA,2024-07-11,,0.26,,,,-843.0,-1.66,4.51,4690.0,0.3
CTB,2024-07-11,1900.0,0.49,2000.0,0.09,0.1,2119.0,10.29,6.63,21659.0,1.01
CTC,2024-07-11,,0.48,,,,-118.0,-11.02,12.84,6632.0,0.2
CTD,2024-07-11,7300.0,49.0,,,1.4,3259.0,20.99,16.48,83762.0,0.82
CTF,2024-07-11,,3.35,,,0.16,212.0,142.74,33.8,12085.0,2.5
CTG,2024-07-11,1049200.0,26.57,,,1.06,4128.0,8.7,9.98,26254.0,1.37
CTI,2024-07-11,10500.0,0.54,,,1.38,1966.0,8.14,9.16,27447.0,0.58
CTN,2024-07-11,,1.53,,,,-532.0,-0.94,1.39,-3545.0,-0.14
CTP,2024-07-11,14300.0,0.59,,,1.49,28.0,1278.11,27.07,12261.0,2.92
CTR,2024-07-11,48225.0,9.59,4639.0,0.04,1.75,4639.0,26.96,26.91,14780.0,8.46
CTS,2024-07-11,2300.0,0.53,,,1.89,1382.0,27.6,20.25,14879.0,2.56
CTT,2024-07-11,,0.45,1000.0,0.06,0.02,2972.0,5.55,5.17,14107.0,1.17
CTW,2024-07-11,,,660.0,0.02,-1.37,3150.0,9.37,13.8,19821.0,1.49
CTX,2024-07-11,,0.01,,,,130.0,58.56,9.99,12900.0,0.59
CVN,2024-07-11,,,,,-0.32,27.0,70.14,0.94,13600.0,0.14
CVT,2024-07-11,,0.46,,,0.37,1418.0,18.08,18.45,26528.0,0.97
CX8,2024-07-11,,,,,0.66,66.0,105.28,25.85,10507.0,0.67
CYC,2024-07-11,,10.69,,,0.01,-14134.0,-0.21,13.12,5942.0,0.49
D11,2024-07-11,,,,,0.1,487.0,21.37,19.87,25644.0,0.41
D17,2024-07-11,,,2000.0,0.05,0.08,1405.0,30.25,11.64,21967.0,1.93
D2D,2024-07-11,,0.61,8700.0,0.27,0.59,678.0,47.46,21.93,30863.0,1.04
DAC,2024-07-11,,6.46,,,0.3,-4503.0,-1.0,-0.53,1997.0,2.25
DAD,2024-07-11,,,2000.0,0.1,-0.01,2494.0,8.18,6.8,20936.0,0.97
DAE,2024-07-11,,,1200.0,0.08,0.26,1665.0,9.31,7.65,21893.0,0.71
DAG,2024-07-11,,0.86,,,0.57,-889.0,-1.57,8.89,452.0,3.1
DAH,2024-07-11,,,,,0.77,20.0,156.82,25.93,10955.0,0.28
DAN,2024-07-11,,0.17,700.0,0.02,-0.35,3012.0,9.76,7.99,36128.0,0.81
DAS,2024-07-11,,,1000.0,0.16,0.26,,,5.25,,
DAT,2024-07-11,,0.01,,,0.27,938.0,7.9,5.13,12654.0,0.59
DBC,2024-07-11,2024.0,9.38,,,1.55,2151.0,12.99,12.82,19503.0,1.43
DBD,2024-07-11,8600.0,14.76,,,0.43,3427.0,14.47,14.51,17448.0,2.84
DBM,2024-07-11,,1.07,1700.0,0.07,0.33,2895.0,8.81,8.25,24723.0,1.03
DBT,2024-07-11,,1.28,,,0.36,987.0,12.16,5.02,14070.0,0.85
DC1,2024-07-11,,0.74,,,-0.65,,,15.66,,
DC2,2024-07-11,,2.4,,,0.37,529.0,14.74,11.03,11047.0,0.71
DC4,2024-07-11,24300.0,0.46,,,1.05,3744.0,3.29,6.46,13559.0,0.91
DCF,2024-07-11,,,,,0.48,1742.0,29.73,33.78,15784.0,3.28
DCG,2024-07-11,,5.25,1500.0,0.13,-0.16,659.0,18.22,4.55,13442.0,0.89
DCH,2024-07-11,,,100.0,0.01,0.08,,,55.8,,
DCL,2024-07-11,,,,,0.6,869.0,31.23,15.52,20316.0,1.34
DCM,2024-07-11,5400.0,7.15,2000.0,0.05,1.71,2886.0,12.89,24.78,18690.0,1.99
DCR,2024-07-11,,,,,-1.15,324.0,15.43,32.5,10556.0,0.47
DCS,2024-07-11,,0.62,,,-0.34,11.0,52.22,15.73,10487.0,0.06
DCT,2024-07-11,,0.39,,,0.04,-3078.0,-0.16,4.46,-17660.0,-0.03
DDG,2024-07-11,,3.69,,,1.43,184.0,15.76,57.88,10090.0,0.29
DDH,2024-07-11,,,600.0,0.03,-0.45,,,11.9,,
DDM,2024-07-11,,0.11,,,-1.02,-8479.0,-0.22,0.19,-73544.0,-0.03
DDN,2024-07-11,,,,,0.22,531.0,14.87,25.26,13447.0,0.59
DDV,2024-07-11,,5.41,600.0,0.04,3.41,1185.0,14.25,19.72,11766.0,1.44
DFC,2024-07-11,,,2000.0,0.1,-0.18,1565.0,12.46,7.56,24024.0,0.81
DFF,2024-07-11,,,,,2.08,-2450.0,-0.73,17.93,6404.0,0.28
DGC,2024-07-11,170900.0,17.85,6000.0,0.05,1.67,7743.0,14.43,13.68,37235.0,3.0
DGT,2024-07-11,,0.41,,,1.79,462.0,13.3,12.32,12711.0,0.48
DGW,2024-07-11,34664.0,23.39,500.0,0.01,1.61,2333.0,18.77,19.43,13080.0,3.35
DHA,2024-07-11,,10.11,2000.0,0.05,0.71,4216.0,9.7,16.12,28499.0,1.44
DHB,2024-07-11,,,,,1.75,5835.0,1.42,13.38,2023.0,4.09
DHC,2024-07-11,12600.0,39.34,2000.0,0.06,0.66,3330.0,10.66,9.53,24330.0,1.46
DHD,2024-07-11,,,300.0,0.01,-0.05,1721.0,15.69,23.58,15832.0,1.71
DHG,2024-07-11,700.0,53.76,7500.0,0.07,0.34,6362.0,16.1,12.4,33726.0,3.04
DHM,2024-07-11,,0.13,,,0.44,234.0,38.32,25.32,11342.0,0.79
DHN,2024-07-11,,,2000.0,0.08,-0.01,,,10.63,,
DHP,2024-07-11,600.0,0.44,1000.0,0.09,-0.3,1456.0,8.03,8.05,18114.0,0.65
DHT,2024-07-11,,35.99,1000.0,0.01,0.31,792.0,87.87,73.01,13074.0,5.32
DIC,2024-07-11,,0.33,,,-0.2,-1409.0,-0.71,18.99,-3469.0,-0.29
DID,2024-07-11,,0.04,,,1.29,67.0,59.44,62.49,11801.0,0.34
DIG,2024-07-11,914890.0,5.01,,,1.31,135.0,155.44,12.71,13035.0,1.61
DIH,2024-07-11,,,,,-0.03,-380.0,-43.42,9.48,17340.0,0.95
DKC,2024-07-11,,,1300.0,1.86,0.34,,,0.65,,
DL1,2024-07-11,100.0,6.12,,,0.89,497.0,12.89,8.95,13959.0,0.46
DLD,2024-07-11,,,,,2.34,-2131.0,-2.67,-9.32,4194.0,1.36
DLG,2024-07-11,,1.28,,,1.08,-237.0,-8.16,3.21,2149.0,0.9
DLR,2024-07-11,,4.71,,,-0.18,396.0,43.45,131.51,-3875.0,-4.44
DLT,2024-07-11,,0.04,1000.0,0.16,,-37446.0,-0.17,0.28,337805.0,0.02
DM7,2024-07-11,,,1711.0,0.09,0.34,4004.0,5.0,5.64,18969.0,1.05
DMC,2024-07-11,,56.56,2500.0,0.04,0.53,5289.0,12.54,11.51,44221.0,1.5
DMN,2024-07-11,,,,,0.23,458.0,10.69,2.66,12893.0,0.38
DMS,2024-07-11,,,200.0,0.03,0.63,1269.0,6.23,9.88,12103.0,0.65
DNA,2024-07-11,,,1500.0,0.06,-0.49,2276.0,10.46,8.36,15346.0,1.55
DNC,2024-07-11,,,2500.0,0.03,-0.23,6468.0,11.75,12.08,16650.0,4.56
DND,2024-07-11,,,,,-0.09,94.0,200.85,271.47,12004.0,1.57
DNE,2024-07-11,,,500.0,0.05,-0.59,573.0,16.42,7.21,10575.0,0.89
DNH,2024-07-11,,,2850.0,0.06,0.87,1637.0,30.54,38.95,12663.0,3.95
DNL,2024-07-11,,,1000.0,0.04,-0.29,6.0,4434.78,19.63,10344.0,2.47
DNM,2024-07-11,,3.5,,,-0.2,-11013.0,-0.83,117.77,515.0,17.67
DNN,2024-07-11,,,1700.0,8.5,,1471.0,0.14,0.13,13584.0,0.01
DNP,2024-07-11,,0.18,,,0.97,326.0,62.9,39.59,42819.0,0.48
DNT,2024-07-11,,,1000.0,0.03,-0.46,,,23.74,,
DNW,2024-07-11,,0.25,1600.0,0.05,0.51,2702.0,12.25,16.02,19787.0,1.67
DOC,2024-07-11,,,400.0,0.04,-0.17,,,26.6,,
DOP,2024-07-11,,,1200.0,0.09,-0.3,,,6.96,,
DP1,2024-07-11,,,2300.0,0.06,1.23,6597.0,5.67,8.14,19598.0,1.91
DP2,2024-07-11,,,,,-0.86,-884.0,-3.28,580.0,3939.0,0.74
DP3,2024-07-11,,,3000.0,0.05,0.49,5657.0,10.55,14.92,21804.0,2.74
DPC,2024-07-11,,1.23,,,1.24,-2124.0,-4.71,4.47,11360.0,0.88
DPG,2024-07-11,27400.0,6.43,1000.0,0.02,2.19,3424.0,15.19,9.54,39777.0,1.31
DPH,2024-07-11,,0.06,1700.0,0.03,-0.12,567.0,100.15,8.77,23699.0,2.4
DPM,2024-07-11,,7.85,2000.0,0.06,1.41,1700.0,19.97,24.52,28704.0,1.18
DPP,2024-07-11,,,1200.0,0.1,-0.23,,,4.4,,
DPR,2024-07-11,1900.0,5.01,1500.0,0.04,1.54,2719.0,14.4,15.33,37062.0,1.06
ECI,2024-07-11,,,600.0,0.02,0.02,-4313.0,-5.68,12.86,16630.0,1.47
DPS,2024-07-11,,0.34,,,,-217.0,-1.38,0.67,10472.0,0.03
DQC,2024-07-11,,0.61,,,0.33,-938.0,-13.65,21.99,32295.0,0.4
DRC,2024-07-11,21300.0,9.95,1200.0,0.04,1.31,2259.0,12.57,14.8,16125.0,1.76
DRG,2024-07-11,,,,,1.75,382.0,20.95,91.15,11699.0,0.68
DRH,2024-07-11,,0.91,,,1.21,-955.0,-1.99,47.25,11563.0,0.16
DRI,2024-07-11,100.0,0.1,600.0,0.05,2.95,1393.0,8.22,13.84,7809.0,1.47
DRL,2024-07-11,,2.93,5800.0,0.1,0.15,4884.0,12.35,13.84,11567.0,5.21
DS3,2024-07-11,,0.34,,,-0.37,1452.0,3.79,5.87,7851.0,0.7
DSD,2024-07-11,,,,,,166.0,120.16,77.53,12876.0,1.55
DSE,2024-07-11,,13.17,,,0.96,748.0,32.63,47.36,12611.0,1.93
DSG,2024-07-11,,0.17,,,0.54,-608.0,-8.56,-16.53,60.0,86.67
DSN,2024-07-11,100.0,15.84,4000.0,0.07,0.24,8062.0,6.81,6.38,27913.0,1.97
DSP,2024-07-11,,,,,0.11,-31.0,-409.55,494.58,8047.0,1.6
DST,2024-07-11,,,,,1.58,320.0,10.01,33.73,12386.0,0.26
DTA,2024-07-11,,0.2,,,-0.12,95.0,43.3,22.47,11320.0,0.36
DTB,2024-07-11,,,1073.0,0.09,-2.29,,,7.31,,
DTC,2024-07-11,,,,,0.5,-3624.0,-1.21,-1.46,2041.0,2.16
DTD,2024-07-11,12700.0,1.0,,,2.98,2829.0,9.58,5.74,22744.0,1.19
DTE,2024-07-11,,,,,-0.05,699.0,7.3,2.0,11282.0,0.45
DTG,2024-07-11,,0.08,,,0.6,3857.0,6.22,6.04,21061.0,1.14
DTH,2024-07-11,,,300.0,0.02,-0.12,482.0,28.2,18.15,18177.0,0.75
DTI,2024-07-11,,,,,1.4,15.0,155.81,4.42,10059.0,0.23
DTK,2024-07-11,700.0,0.01,400.0,0.03,-0.02,883.0,13.24,12.14,12202.0,0.96
DTL,2024-07-11,,,,,0.28,-240.0,-46.2,40.11,12543.0,0.88
DTP,2024-07-11,,,1500.0,0.01,0.04,14883.0,10.55,9.8,57321.0,2.74
DTT,2024-07-11,,0.17,800.0,0.05,-0.01,1360.0,12.83,18.97,16000.0,1.09
DUS,2024-07-11,,,,,,6.0,1317.07,-0.97,13641.0,0.59
DVC,2024-07-11,,,600.0,0.07,-0.86,,,5.15,,
DVG,2024-07-11,,,,,-0.7,16.0,76.29,4.48,11196.0,0.11
DVM,2024-07-11,,,,,0.99,1208.0,7.28,7.61,16981.0,0.52
DVN,2024-07-11,,,700.0,0.03,1.87,1943.0,11.59,11.22,14220.0,1.58
DVP,2024-07-11,,14.1,7000.0,0.09,0.34,8235.0,9.27,8.85,35678.0,2.14
DVW,2024-07-11,,,2000.0,0.1,0.19,,,6.11,,
DWC,2024-07-11,,,,,-0.23,1267.0,10.26,36.2,11019.0,1.18
DWS,2024-07-11,,,600.0,0.04,-0.15,1715.0,7.87,7.9,13663.0,0.99
DXG,2024-07-11,1728000.0,18.2,,,1.71,209.0,81.05,10.17,21694.0,0.78
DXL,2024-07-11,,1.86,125.0,0.02,0.19,6197.0,1.03,31.66,12237.0,0.52
DXP,2024-07-11,,,500.0,0.04,1.4,1022.0,11.65,9.51,14106.0,0.84
DXS,2024-07-11,64200.0,18.07,,,1.57,-17.0,-342.15,1.61,14291.0,0.41
DXV,2024-07-11,,0.54,,,0.47,-994.0,-4.02,-5.59,9965.0,0.4
DZM,2024-07-11,,9.71,,,,-212.0,-13.69,8.4,-872.0,-3.33
E12,2024-07-11,,,,,1.28,-2352.0,-2.59,2.09,9859.0,0.62
E1VFVN30,2024-07-11,100600.0,87.59,,,,,,,,
E29,2024-07-11,,,500.0,0.07,0.8,39.0,178.94,8.02,10048.0,0.69
EBS,2024-07-11,,0.66,800.0,0.08,1.13,1573.0,6.74,10.32,15389.0,0.69
ECO,2024-07-11,,,,,3.76,322.0,47.15,,10921.0,1.39
EFI,2024-07-11,,0.03,,,0.55,48.0,33.07,17.41,15037.0,0.11
EIB,2024-07-11,1000.0,3.25,300.0,0.02,0.47,1547.0,12.57,6.56,12979.0,1.5
EIC,2024-07-11,,,1700.0,0.08,-1.55,1399.0,15.72,22.81,11962.0,1.84
EID,2024-07-11,,,1400.0,0.05,0.23,5174.0,5.26,6.37,30461.0,0.89
EIN,2024-07-11,,,,,0.83,-136.0,-19.18,118.39,8765.0,0.3
ELC,2024-07-11,42600.0,3.0,,,1.92,772.0,33.3,19.82,14173.0,1.81
EME,2024-07-11,,,700.0,0.03,-1.64,,,17.08,,
EMG,2024-07-11,,,1500.0,0.06,-0.06,,,5.19,,
EMS,2024-07-11,,,1000.0,0.04,0.65,3066.0,7.66,7.11,13930.0,1.69
EPC,2024-07-11,,,,,0.37,,,23.43,,
EPH,2024-07-11,,0.22,1300.0,0.08,0.51,-331.0,-49.82,4.58,11203.0,1.47
EVE,2024-07-11,2000.0,67.06,500.0,0.05,0.99,-784.0,-13.71,7.52,22435.0,0.48
EVF,2024-07-11,87048.0,0.73,,,1.69,754.0,14.85,13.48,12603.0,0.89
EVG,2024-07-11,,0.51,,,1.72,178.0,35.75,14.47,13233.0,0.48
EVS,2024-07-11,,0.37,,,1.59,52.0,105.55,8.46,11860.0,0.46
FBC,2024-07-11,,,20000.0,5.41,,929.0,3.98,0.23,17627.0,0.21
FCC,2024-07-11,,,,,,,,99.95,,
FCM,2024-07-11,,2.94,,,0.98,-41.0,-80.89,9.86,11717.0,0.28
FCN,2024-07-11,1500.0,31.26,100.0,0.01,1.03,-204.0,-62.03,33.19,21215.0,0.6
FCS,2024-07-11,,,,,2.03,-17.0,-502.66,197.17,2090.0,4.07
FDC,2024-07-11,,0.02,,,-0.12,26.0,612.09,120.6,11571.0,1.38
FGL,2024-07-11,,,,,0.25,-1100.0,-9.18,-25.27,1373.0,7.36
FHN,2024-07-11,,,400.0,0.03,0.15,141.0,99.87,19.23,15962.0,0.88
FHS,2024-07-11,,,1800.0,0.06,-0.27,4509.0,6.92,5.68,15897.0,1.96
FIC,2024-07-11,,,500.0,0.03,-0.32,448.0,32.37,24.03,12568.0,1.15
FID,2024-07-11,,,,,-0.29,-180.0,-6.66,24.72,10666.0,0.11
FIR,2024-07-11,19700.0,0.19,,,0.17,25.0,185.13,3.76,11544.0,0.41
FIT,2024-07-11,,0.03,,,0.84,461.0,9.63,5.58,17469.0,0.25
FLC,2024-07-11,,2.16,,,,-2649.0,-1.32,2.82,11190.0,0.31
FMC,2024-07-11,1000.0,31.05,2000.0,0.04,0.66,4251.0,10.76,9.35,34848.0,1.31
FOC,2024-07-11,40.0,0.88,2000.0,0.02,1.95,7795.0,10.32,7.08,42855.0,1.88
FOX,2024-07-11,,,2000.0,0.02,1.86,5627.0,15.89,12.55,20705.0,4.32
FPT,2024-07-11,458500.0,45.9,1000.0,0.01,1.04,5652.0,23.81,18.08,24213.0,5.56
FRC,2024-07-11,,,,,0.13,8.0,3311.07,10.64,11678.0,2.13
FRM,2024-07-11,,,426.0,0.1,0.35,117.0,34.92,18.45,11343.0,0.36
FRT,2024-07-11,52900.0,37.47,,,0.89,775.0,222.68,188.01,14614.0,11.8
FSO,2024-07-11,,,,,,,,41.49,,
FT1,2024-07-11,,1.52,3700.0,0.08,0.24,,,6.13,,
FTI,2024-07-11,,,,,,-331.0,-11.18,70.72,8688.0,0.43
FTM,2024-07-11,,0.55,,,0.07,-2591.0,-0.27,5.83,-15777.0,-0.04
FTS,2024-07-11,,30.39,500.0,0.01,1.88,1822.0,23.66,31.39,12940.0,3.33
FUCTVGF3,2024-07-11,,,,,,,,,,
GSM,2024-07-11,,,2000.0,0.09,1.02,1700.0,13.23,25.28,16119.0,1.4
FUCTVGF4,2024-07-11,,,,,,,,,,
FUCTVGF5,2024-07-11,,0.46,,,,,,,,
FUCVREIT,2024-07-11,,1.67,,,,,,,,
FUEABVND,2024-07-11,,,,,,,,,,
FUEBFVND,2024-07-11,,,,,,,,,,
FUEDCMID,2024-07-11,,83.65,,,,,,,,
FUEFCV50,2024-07-11,,1.81,,,,,,,,
FUEIP100,2024-07-11,,2.22,,,,,,,,
FUEKIV30,2024-07-11,,96.77,,,,,,,,
FUEKIVFS,2024-07-11,,87.26,,,,,,,,
FUEKIVND,2024-07-11,,98.64,,,,,,,,
FUEMAV30,2024-07-11,,89.62,,,,,,,,
FUEMAVND,2024-07-11,2000.0,92.9,,,,,,,,
FUESSV30,2024-07-11,1000.0,33.54,,,,,,,,
A32,2024-08-11,,,3500.0,0.1,0.91,,,5.62,,
AAA,2024-08-11,500.0,2.14,,,1.53,967.0,8.92,8.75,15896.0,0.54
AAH,2024-08-11,,,,,1.63,100.0,36.4,9.74,10100.0,0.36
AAM,2024-08-11,,0.92,,,0.02,-511.0,-13.11,82.72,18914.0,0.35
AAS,2024-08-11,,1.01,,,1.83,339.0,20.09,6.53,10837.0,0.63
AAT,2024-08-11,,0.82,,,0.73,257.0,13.18,24.01,10117.0,0.34
AAV,2024-08-11,,0.11,,,1.49,-140.0,-44.2,17.11,11201.0,0.55
ABB,2024-08-11,,16.41,,,0.63,67.0,113.17,7.87,12759.0,0.6
ABC,2024-08-11,,0.91,500.0,0.05,1.66,1551.0,6.87,7.53,24214.0,0.44
ABI,2024-08-11,11900.0,9.92,1000.0,0.04,1.02,2394.0,10.58,5.73,21353.0,1.19
ABR,2024-08-11,,48.4,2000.0,0.15,0.57,584.0,22.27,14.97,14474.0,0.9
ABS,2024-08-11,,,,,0.95,52.0,72.56,15.2,11513.0,0.33
ABT,2024-08-11,,2.29,2000.0,0.05,0.11,6431.0,6.2,7.65,44535.0,0.9
ABW,2024-08-11,8900.0,0.61,,,1.34,1016.0,8.64,7.11,14023.0,0.63
ACB,2024-08-11,300000.0,30.0,1000.0,0.04,0.95,3992.0,6.29,6.37,17654.0,1.42
ACC,2024-08-11,,7.7,,,0.95,646.0,20.73,12.66,12588.0,1.06
ACE,2024-08-11,,0.23,3500.0,0.1,0.5,2069.0,17.64,8.7,20029.0,1.82
ACG,2024-08-11,,38.55,2300.0,0.06,0.87,3263.0,12.7,14.2,27898.0,1.49
ACL,2024-08-11,,2.27,,,0.27,202.0,58.84,7.46,16100.0,0.74
ACM,2024-08-11,,1.9,,,1.45,-296.0,-1.69,8.5,6575.0,0.08
ACS,2024-08-11,,,,,0.27,,,16.75,,
ACV,2024-08-11,351900.0,3.69,,,1.42,4613.0,25.65,27.47,26223.0,4.51
ADC,2024-08-11,,,1500.0,0.07,0.19,3562.0,5.81,4.29,19715.0,1.05
ADG,2024-08-11,,46.4,,,0.01,1230.0,8.94,4.4,17034.0,0.65
ADP,2024-08-11,,0.83,4150.0,0.14,0.43,3934.0,7.37,13.92,11800.0,2.46
ADS,2024-08-11,,0.14,1000.0,0.11,1.35,433.0,20.9,6.28,12055.0,0.75
AFX,2024-08-11,,,,,0.64,922.0,8.08,6.98,13319.0,0.56
AG1,2024-08-11,,,230.0,0.02,0.43,422.0,23.2,5.3,10038.0,0.98
AGF,2024-08-11,,0.47,,,0.27,-95.0,-27.39,14.62,-6510.0,-0.4
AGG,2024-08-11,200.0,0.94,,,1.38,2253.0,6.99,4.93,19924.0,0.79
AGM,2024-08-11,,0.56,,,0.61,-14767.0,-0.24,12.74,-5250.0,-0.67
AGP,2024-08-11,,,,,0.13,2040.0,19.11,15.56,16654.0,2.34
AGR,2024-08-11,,0.29,700.0,0.04,1.94,585.0,31.11,21.19,11241.0,1.62
AGX,2024-08-11,,1.74,1500.0,0.02,0.29,,,8.26,,
AIC,2024-08-11,,75.11,,,1.15,-34.0,-352.28,36.91,10759.0,1.11
ALT,2024-08-11,,,1000.0,0.07,0.17,-262.0,-54.22,12.49,37018.0,0.38
ALV,2024-08-11,,0.34,,,1.38,-233.0,-25.88,6.11,11280.0,0.54
AMC,2024-08-11,,2.84,1300.0,0.08,0.12,2173.0,7.73,7.72,18084.0,0.93
AMD,2024-08-11,,0.72,,,,-782.0,-1.41,8.99,10588.0,0.1
AME,2024-08-11,,2.24,,,0.58,328.0,15.24,14.26,12214.0,0.41
AMP,2024-08-11,,,,,0.86,278.0,36.72,20.96,13863.0,0.74
AMS,2024-08-11,,35.47,300.0,0.03,2.03,1134.0,8.53,6.93,13358.0,0.72
AMV,2024-08-11,,,,,1.05,-445.0,-3.82,4.46,12403.0,0.14
ANT,2024-08-11,,,,,0.68,3330.0,6.92,12.12,15725.0,1.47
ANV,2024-08-11,84800.0,1.54,500.0,0.03,1.67,464.0,38.47,7.79,21470.0,0.83
APC,2024-08-11,,15.02,,,-0.05,-1019.0,-6.28,132.04,28639.0,0.22
APF,2024-08-11,,,4500.0,0.08,0.47,6614.0,8.02,10.53,37627.0,1.41
APG,2024-08-11,,9.33,,,1.26,-300.0,-30.82,8.66,10887.0,0.85
APH,2024-08-11,71500.0,28.44,,,1.31,511.0,12.43,4.93,24122.0,0.26
API,2024-08-11,25000.0,0.75,,,2.44,-558.0,-13.81,17.04,10709.0,0.72
APL,2024-08-11,,,1200.0,0.07,0.18,,,8.11,,
APP,2024-08-11,,0.47,,,1.51,-685.0,-12.51,11.56,10089.0,0.85
APS,2024-08-11,6700.0,0.99,,,1.85,550.0,11.99,11.18,10006.0,0.66
APT,2024-08-11,,,,,0.62,-2698.0,-0.89,3.3,-7606.0,-0.32
ARM,2024-08-11,,0.11,1000.0,0.04,0.43,974.0,25.66,16.99,12044.0,2.08
ART,2024-08-11,,0.66,,,,-247.0,-5.25,6.01,1391.0,0.93
ASA,2024-08-11,,0.25,,,,18.0,697.29,15.75,,
ASG,2024-08-11,,0.73,,,0.26,396.0,47.74,74.08,22369.0,0.84
ASM,2024-08-11,5000.0,12.45,,,1.39,615.0,14.4,4.1,21836.0,0.41
ASP,2024-08-11,,48.97,,,0.54,196.0,20.47,16.64,7668.0,0.52
AST,2024-08-11,1100.0,43.51,1200.0,0.02,0.45,3016.0,18.17,10.72,14435.0,3.8
ATA,2024-08-11,,0.05,,,1.32,60.0,8.4,0.2,-25217.0,-0.02
ATB,2024-08-11,,0.06,,,0.43,-278.0,-2.16,2.6,2348.0,0.26
ATG,2024-08-11,,0.09,,,0.64,-50.0,-54.22,82.19,41.0,65.85
ATS,2024-08-11,,0.15,,,-0.49,51.0,314.16,11.2,12452.0,1.28
AVC,2024-08-11,,,8584.0,0.15,0.22,3154.0,17.63,35.5,14976.0,3.71
AVF,2024-08-11,,0.21,,,,-2388.0,-0.17,1.16,-45240.0,-0.01
AVG,2024-08-11,,0.07,,,2.47,727.0,34.39,35.79,16336.0,1.53
BAB,2024-08-11,,,,,0.48,1213.0,9.89,9.77,12748.0,0.94
BAF,2024-08-11,,2.2,,,1.07,1104.0,20.66,17.81,11857.0,1.92
BAL,2024-08-11,,0.08,700.0,0.08,0.16,,,18.12,,
BAX,2024-08-11,4000.0,16.38,2500.0,0.07,-0.04,3610.0,10.53,15.03,26963.0,1.41
BBC,2024-08-11,,0.73,1500.0,0.03,0.12,7085.0,7.06,8.49,78292.0,0.64
BBH,2024-08-11,,,200.0,0.02,-0.74,,,40.99,,
BBM,2024-08-11,,0.25,200.0,0.03,1.06,1448.0,5.18,26.27,13753.0,0.55
BBS,2024-08-11,,0.53,900.0,0.08,0.1,1423.0,7.94,15.78,17721.0,0.64
BBT,2024-08-11,,0.8,,,-1.06,-2060.0,-6.38,15.14,7233.0,1.82
BCA,2024-08-11,,,,,2.21,20691.0,0.54,21.06,28219.0,0.39
BCB,2024-08-11,,,2919.0,4.17,,28.0,24.84,0.2,10028.0,0.07
BCC,2024-08-11,,0.93,,,1.07,-1082.0,-7.21,6.05,14097.0,0.55
BCE,2024-08-11,,1.83,,,0.63,-240.0,-25.51,8.32,8827.0,0.69
BCF,2024-08-11,,,1800.0,0.05,-0.48,3069.0,13.03,16.95,12222.0,3.27
BCG,2024-08-11,114800.0,1.39,,,1.44,341.0,19.17,6.04,24196.0,0.27
BCM,2024-08-11,3600.0,2.04,1800.0,0.03,1.17,2796.0,24.1,29.68,19392.0,3.48
BCO,2024-08-11,,,,,,,,10.32,,
BCP,2024-08-11,,3.26,,,0.19,77.0,151.53,116.33,12606.0,0.93
BCR,2024-08-11,,0.01,,,1.83,210.0,25.62,6.03,12713.0,0.42
BCV,2024-08-11,,,,,,194.0,111.09,30.71,11704.0,1.84
BDB,2024-08-11,,,800.0,0.09,0.05,648.0,13.42,8.17,11858.0,0.73
BDG,2024-08-11,,1.42,2500.0,0.07,0.5,5882.0,5.95,9.23,23059.0,1.52
BDT,2024-08-11,,0.12,648.0,0.09,1.36,152.0,48.78,27.56,14226.0,0.52
BDW,2024-08-11,,0.05,2550.0,0.11,0.17,3294.0,7.07,6.08,16175.0,1.44
BED,2024-08-11,,,2200.0,0.07,-0.06,2128.0,14.47,17.33,13691.0,2.25
BEL,2024-08-11,,,1000.0,0.03,0.14,3.0,11870.5,36.0,8268.0,3.99
BFC,2024-08-11,100.0,4.39,2500.0,0.07,1.94,5624.0,6.64,10.17,25337.0,1.47
BGE,2024-08-11,1000.0,0.01,,,2.41,567.0,19.29,15.55,14015.0,0.78
BGW,2024-08-11,,,548.0,0.03,0.18,551.0,29.04,25.93,10519.0,1.52
BHA,2024-08-11,,0.03,1250.0,0.06,0.16,2629.0,8.29,22.87,14651.0,1.49
BHC,2024-08-11,,0.9,,,0.51,2.0,995.48,78.57,-17140.0,-0.13
BHG,2024-08-11,,,,,,1745.0,6.3,78.63,11097.0,0.99
BHI,2024-08-11,,75.02,,,-0.37,-21.0,-618.22,131.0,11803.0,1.11
BHK,2024-08-11,,0.01,900.0,0.04,0.07,,,19.06,,
BHN,2024-08-11,,17.57,2700.0,0.07,0.25,1423.0,27.75,45.33,22286.0,1.77
BHP,2024-08-11,,0.03,250.0,0.04,-2.0,-461.0,-14.11,21.45,15453.0,0.42
BIC,2024-08-11,,45.45,1500.0,0.05,1.22,4004.0,8.27,6.47,24106.0,1.37
BID,2024-08-11,23700.0,17.02,,,1.1,4201.0,11.33,13.17,24286.0,1.96
BIG,2024-08-11,500.0,0.03,,,1.14,,,4.39,,
BII,2024-08-11,,,,,1.23,30.0,23.62,0.79,8971.0,0.08
BIO,2024-08-11,,,650.0,0.04,0.97,,,22.02,,
BKC,2024-08-11,,0.14,,,0.1,2115.0,5.58,26.64,17543.0,0.67
BKG,2024-08-11,,0.1,,,0.5,184.0,17.93,9.45,12473.0,0.26
BLF,2024-08-11,,,,,1.35,-370.0,-9.75,8.48,10581.0,0.34
BLI,2024-08-11,2600.0,1.02,,,1.11,1122.0,8.3,6.9,14705.0,0.63
BLN,2024-08-11,,0.01,,,,,,29.69,,
BLT,2024-08-11,,0.02,8800.0,0.22,-0.16,,,25.45,,
BMC,2024-08-11,300.0,5.05,1150.0,0.05,0.51,2152.0,9.85,15.49,18469.0,1.15
BMD,2024-08-11,,,700.0,0.07,1.07,,,5.41,11879.0,0.81
BMF,2024-08-11,,,,,0.58,826.0,11.43,7.29,11152.0,0.85
BMG,2024-08-11,,19.17,1500.0,0.08,0.11,915.0,21.09,7.3,16974.0,1.14
BMI,2024-08-11,2400.0,30.3,500.0,0.02,1.23,2303.0,9.01,6.64,22835.0,0.91
BMJ,2024-08-11,,,,,1.33,465.0,21.92,15.75,11469.0,0.89
BMN,2024-08-11,,,700.0,0.08,0.17,1693.0,5.02,5.94,10561.0,0.8
BMP,2024-08-11,17600.0,84.24,18340.0,0.14,0.93,12419.0,10.52,10.38,35922.0,3.64
BMS,2024-08-11,,0.36,,,2.3,364.0,25.05,9.97,11994.0,0.76
BMV,2024-08-11,,,,,-0.02,49.0,241.26,87.49,10139.0,1.16
BNA,2024-08-11,,,,,0.82,2260.0,5.18,4.3,21005.0,0.56
BNW,2024-08-11,,,780.0,0.08,,1314.0,7.0,12.24,11020.0,0.83
BOT,2024-08-11,,0.17,,,1.1,-1227.0,-1.96,28.44,1717.0,1.4
BPC,2024-08-11,,1.35,200.0,0.02,0.78,67.0,141.83,46.88,24596.0,0.39
BQB,2024-08-11,,0.48,,,0.34,-230.0,-16.08,11562.5,4431.0,0.84
BRC,2024-08-11,1900.0,1.24,1100.0,0.08,0.17,1854.0,7.47,8.73,16849.0,0.82
BRR,2024-08-11,,,700.0,0.04,-0.1,1276.0,14.11,14.87,12399.0,1.45
BRS,2024-08-11,,,1400.0,0.06,,-62.0,-357.78,6.78,13744.0,1.61
BSA,2024-08-11,,,1980.0,0.09,0.17,478.0,47.62,29.61,14040.0,1.62
BSC,2024-08-11,,4.83,,,0.06,727.0,20.07,18.38,12733.0,1.15
BSD,2024-08-11,,0.4,500.0,0.04,1.49,,,184.94,,
BSG,2024-08-11,,,,,0.05,643.0,17.86,17.56,6035.0,1.9
BSH,2024-08-11,,0.31,2000.0,0.1,-0.08,2261.0,8.84,11.84,17702.0,1.13
BSI,2024-08-11,17000.0,40.09,,,1.89,1868.0,25.64,22.98,22306.0,2.15
BSL,2024-08-11,,0.25,700.0,0.07,0.46,734.0,12.94,12.28,10979.0,0.87
BSP,2024-08-11,,,1000.0,0.1,-0.31,324.0,30.88,126.47,14973.0,0.67
BSQ,2024-08-11,,0.01,1500.0,0.08,0.12,1996.0,9.92,9.43,18410.0,1.08
BSR,2024-08-11,300.0,0.67,700.0,0.03,1.68,961.0,22.2,57.64,17940.0,1.19
BST,2024-08-11,,0.22,1300.0,0.09,-0.67,1744.0,8.26,7.54,14033.0,1.03
BT1,2024-08-11,,,800.0,0.06,-0.17,,,9.42,,
BT6,2024-08-11,,8.28,,,,-1264.0,-2.69,7.01,-29147.0,-0.12
BTB,2024-08-11,,0.01,,,-0.71,401.0,13.21,2015.21,14037.0,0.38
BTD,2024-08-11,,,2200.0,0.12,0.88,1443.0,12.92,13.53,39656.0,0.47
BTG,2024-08-11,,,,,-0.98,205.0,31.77,15.47,15349.0,0.42
BTH,2024-08-11,,,700.0,0.02,0.45,19685.0,1.74,2.15,29022.0,1.18
BTN,2024-08-11,,,,,0.63,,,-1.58,,
BTP,2024-08-11,,8.65,3272.0,0.27,0.39,502.0,24.52,40.86,17220.0,0.71
BTS,2024-08-11,,0.12,,,0.33,-1217.0,-4.19,-4.96,9278.0,0.55
BTT,2024-08-11,,4.91,3350.0,0.1,0.19,3337.0,10.49,9.01,28086.0,1.25
BTU,2024-08-11,,,1000.0,0.07,0.33,112.0,125.02,7.43,11159.0,1.25
BTV,2024-08-11,,,,,0.56,1362.0,9.77,10.46,9902.0,1.34
BTW,2024-08-11,,21.8,2212.0,0.05,0.02,5995.0,6.76,6.89,28498.0,1.42
BVB,2024-08-11,,0.08,,,1.52,301.0,38.64,32.11,10933.0,1.06
BVG,2024-08-11,,0.09,,,0.1,-1385.0,-1.59,9.53,5026.0,0.44
BVH,2024-08-11,60200.0,26.64,954.0,0.02,0.85,2570.0,17.08,112.37,31998.0,1.37
BVL,2024-08-11,,,,,-0.52,430.0,24.64,7.41,14247.0,0.74
BVN,2024-08-11,,0.29,,,-0.35,,,4.25,,
BVS,2024-08-11,70200.0,2.53,800.0,0.02,2.73,2556.0,16.12,16.44,34272.0,1.2
BWA,2024-08-11,,,450.0,0.04,0.03,,,26.02,,
BWE,2024-08-11,1900.0,11.95,,,0.9,3158.0,14.35,14.23,24367.0,1.86
BWS,2024-08-11,,0.81,1000.0,0.03,0.09,2973.0,11.44,13.88,11531.0,2.95
BXH,2024-08-11,,,250.0,0.02,0.83,133.0,114.38,81.17,18085.0,0.84
C12,2024-08-11,,,,,,558.0,5.74,3.88,16475.0,0.19
C21,2024-08-11,,0.08,,,0.05,-470.0,-37.26,42.3,35675.0,0.49
C22,2024-08-11,,,1000.0,0.06,0.07,,,7.11,,
C32,2024-08-11,,1.08,,,0.07,83.0,211.93,16.49,36027.0,0.49
C47,2024-08-11,,0.04,,,0.52,232.0,26.27,8.87,12125.0,0.5
C4G,2024-08-11,,,,,1.37,578.0,14.4,11.88,10911.0,0.76
C69,2024-08-11,,0.37,,,0.72,260.0,26.19,21.01,13592.0,0.5
C92,2024-08-11,,3.7,,,1.0,180.0,21.14,20.19,11622.0,0.33
CAB,2024-08-11,,,326.0,0.03,0.71,656.0,16.78,51.93,12277.0,0.9
CAD,2024-08-11,,3.45,,,2.56,-4237.0,-0.12,5.2,-71532.0,-0.01
CAG,2024-08-11,,,168.0,0.02,0.62,-26.0,-284.74,23.0,10404.0,0.72
CAN,2024-08-11,,26.23,1200.0,0.03,-0.33,-190.0,-187.66,20.07,27601.0,1.29
CAP,2024-08-11,,,5000.0,0.11,0.38,2307.0,19.89,10.01,15719.0,2.92
CAT,2024-08-11,,,1000.0,0.05,-0.2,1135.0,16.32,6.45,11104.0,1.67
CBI,2024-08-11,,,,,-0.59,-826.0,-11.5,81.53,8976.0,1.06
CBS,2024-08-11,,,5500.0,0.18,0.36,,,4.73,,
CC1,2024-08-11,,0.01,,,1.62,764.0,18.33,8.51,12291.0,1.14
CC4,2024-08-11,,,500.0,0.04,-0.29,478.0,25.11,23.13,13525.0,0.89
CCA,2024-08-11,,,800.0,0.05,-1.46,237.0,62.03,14.79,18315.0,0.8
CCC,2024-08-11,,,,,-0.02,753.0,24.58,15.25,14257.0,1.3
CCI,2024-08-11,,2.37,1300.0,0.06,0.17,2079.0,9.86,13.7,15473.0,1.32
CCL,2024-08-11,,0.91,500.0,0.06,1.79,821.0,9.41,7.67,12106.0,0.64
CCM,2024-08-11,,,2000.0,0.04,0.03,7621.0,6.31,5.42,37668.0,1.28
CCP,2024-08-11,,,,,-0.86,-400.0,-81.35,31.2,10849.0,3.0
CCR,2024-08-11,,0.07,450.0,0.03,1.11,678.0,20.94,17.4,11313.0,1.26
CCT,2024-08-11,,0.03,,,-1.46,187.0,62.12,62.61,9455.0,1.23
CCV,2024-08-11,,,3137.0,0.06,0.15,,,10.64,,
CDC,2024-08-11,8200.0,1.35,,,0.22,980.0,17.65,8.01,15774.0,1.1
CDG,2024-08-11,,,950.0,0.43,0.33,1538.0,1.43,2.1,13099.0,0.17
CDH,2024-08-11,,,500.0,0.05,2.12,,,4.9,,
CDN,2024-08-11,,,1400.0,0.05,0.09,3024.0,10.15,8.33,17762.0,1.73
CDO,2024-08-11,,0.29,,,0.63,-163.0,-12.92,165.35,6573.0,0.32
CDP,2024-08-11,,,500.0,0.05,0.34,1009.0,10.6,10.03,11731.0,0.91
CDR,2024-08-11,,,500.0,0.04,1.8,,,17.65,,
CE1,2024-08-11,,,,,,,,6.05,,
CEG,2024-08-11,,,250.0,0.03,,,,37.24,,
CEN,2024-08-11,,,,,0.12,-3.0,-693.07,65.14,10072.0,0.21
CEO,2024-08-11,3000.0,5.13,,,2.19,327.0,46.49,54.76,11713.0,1.3
CET,2024-08-11,,0.87,,,-0.45,-29.0,-170.42,6.25,11138.0,0.45
CFM,2024-08-11,,0.53,200.0,0.02,0.44,,,15.83,,
CFV,2024-08-11,,,,,-1.54,2693.0,8.17,68.03,13496.0,1.63
CGV,2024-08-11,,0.14,,,2.84,,,21.29,,
CH5,2024-08-11,,,1100.0,0.07,0.17,,,13.95,,
CHC,2024-08-11,,,,,-1.16,,,25.58,,
CHP,2024-08-11,,3.8,2500.0,0.07,0.11,2110.0,15.92,25.31,12258.0,2.74
CHS,2024-08-11,,3.24,1400.0,0.12,0.53,1429.0,8.26,9.28,12080.0,0.98
CI5,2024-08-11,,,,,0.21,,,71.94,,
CIA,2024-08-11,,0.95,,,0.88,468.0,20.73,44.36,17764.0,0.55
CID,2024-08-11,,2.92,653.0,0.02,-2.15,-105.0,-267.85,,4615.0,6.07
CIG,2024-08-11,,0.05,,,0.25,168.0,49.68,17.6,4968.0,1.68
CII,2024-08-11,2900.0,5.86,800.0,0.05,1.59,1598.0,9.42,11.16,29499.0,0.51
CIP,2024-08-11,,,,,0.71,,,27.43,,
CJC,2024-08-11,,0.27,,,,770.0,33.49,37.53,11219.0,2.3
CK8,2024-08-11,,,,,,,,3.97,,
CKA,2024-08-11,,,5000.0,0.12,-0.71,,,6.3,,
CKD,2024-08-11,,0.03,1900.0,0.08,0.01,3093.0,7.31,9.1,16901.0,1.34
CKG,2024-08-11,,0.02,,,0.68,1428.0,17.75,17.01,14977.0,1.69
CKV,2024-08-11,,0.19,1100.0,0.09,1.34,477.0,25.15,17.87,18951.0,0.63
CLC,2024-08-11,,2.26,4000.0,0.08,0.06,6371.0,7.64,10.28,33676.0,1.44
CLG,2024-08-11,,0.53,,,,631.0,0.79,5.44,1254.0,0.4
CLH,2024-08-11,100.0,5.31,2600.0,0.12,0.09,2896.0,7.63,6.63,14923.0,1.48
CLL,2024-08-11,,10.59,2600.0,0.07,-0.11,2916.0,12.84,12.79,17679.0,2.12
CLM,2024-08-11,,,3000.0,0.04,-0.15,18089.0,4.11,10.19,66093.0,1.12
CLW,2024-08-11,,4.79,1600.0,0.04,0.01,3749.0,11.34,11.0,18787.0,2.26
CLX,2024-08-11,,1.34,700.0,0.04,1.87,2192.0,7.23,7.46,20496.0,0.77
CMC,2024-08-11,,,,,0.38,-300.0,-22.66,6.2,13366.0,0.51
CMD,2024-08-11,,0.04,3000.0,0.13,0.18,2779.0,8.2,10.76,21739.0,1.05
CMF,2024-08-11,,24.38,5000.0,0.01,0.49,20528.0,16.45,10.69,114829.0,2.94
CMG,2024-08-11,268200.0,43.38,600.0,0.01,1.97,1861.0,28.48,24.91,18091.0,2.93
CMI,2024-08-11,,0.38,,,-0.34,-574.0,-1.92,0.87,-6620.0,-0.17
CMK,2024-08-11,,,,,,1205.0,7.3,11.8,12005.0,0.73
CMM,2024-08-11,,,,,-0.29,888.0,10.24,10.48,11996.0,0.76
CMN,2024-08-11,,0.06,2600.0,0.04,1.13,2405.0,27.03,11.56,26231.0,2.48
CMP,2024-08-11,,,,,,316.0,25.65,562.11,10779.0,0.75
CMS,2024-08-11,,,,,0.95,176.0,60.37,44.01,10965.0,0.97
CMT,2024-08-11,,3.43,1000.0,0.07,3.08,3653.0,3.65,4.27,23016.0,0.58
CMV,2024-08-11,,0.04,400.0,0.04,0.28,695.0,12.95,14.27,13366.0,0.67
CMW,2024-08-11,,0.01,441.0,0.03,-0.05,1016.0,12.81,14.61,11123.0,1.17
CMX,2024-08-11,400.0,17.09,,,1.35,650.0,12.12,7.65,15180.0,0.52
CNA,2024-08-11,,,,,,,,,,
CNC,2024-08-11,,6.25,4000.0,0.13,0.54,4449.0,7.1,8.76,106196.0,0.3
CNG,2024-08-11,,2.87,1200.0,0.04,1.44,3124.0,10.29,12.72,17608.0,1.83
CNN,2024-08-11,,,1215.0,0.03,1.66,,,26.83,,
CNT,2024-08-11,,,100.0,0.01,2.79,4576.0,3.2,6.24,13594.0,1.08
COM,2024-08-11,,0.21,1500.0,0.05,-0.11,2461.0,12.58,27.31,29945.0,1.03
CPA,2024-08-11,,,,,0.61,-396.0,-17.67,-30.32,2293.0,3.05
CPC,2024-08-11,,4.12,1800.0,0.1,0.17,2511.0,7.17,8.8,20846.0,0.86
CPH,2024-08-11,,,1848.0,6.16,,482.0,0.62,0.15,10981.0,0.03
CPI,2024-08-11,,,,,0.45,45.0,89.37,29.2,-661.0,-6.05
CQN,2024-08-11,,,1000.0,0.03,0.73,1591.0,17.98,18.46,12712.0,2.25
CQT,2024-08-11,,,800.0,0.09,-0.43,196.0,45.84,9.96,9735.0,0.92
CRC,2024-08-11,,0.16,,,0.4,1407.0,4.94,7.45,13529.0,0.51
CRE,2024-08-11,,4.03,,,0.79,68.0,103.13,14.73,12186.0,0.57
CSC,2024-08-11,,,,,1.31,1076.0,24.72,7.61,22641.0,1.17
CSI,2024-08-11,12700.0,33.7,,,2.97,-693.0,-45.65,29.53,10128.0,3.12
CSM,2024-08-11,,0.75,300.0,0.03,0.85,840.0,13.87,15.09,13043.0,0.89
CST,2024-08-11,,,2000.0,0.09,1.61,7304.0,3.07,7.38,25057.0,0.9
CSV,2024-08-11,35800.0,2.2,2500.0,0.07,1.97,3950.0,9.33,15.59,13752.0,2.68
CT3,2024-08-11,,,,,,,,10.71,,
CT6,2024-08-11,,0.03,,,-0.37,1506.0,5.78,13.29,10362.0,0.84
CTA,2024-08-11,,0.26,,,,-843.0,-1.66,4.51,4690.0,0.3
CTB,2024-08-11,1100.0,0.5,2000.0,0.09,0.1,2119.0,10.33,6.66,21659.0,1.01
CTC,2024-08-11,,0.48,,,,-118.0,-11.02,12.84,6632.0,0.2
CTD,2024-08-11,300.0,49.0,,,1.38,3259.0,21.38,16.8,83762.0,0.83
CTF,2024-08-11,1700.0,3.35,,,0.14,212.0,152.42,36.09,12085.0,2.67
CTG,2024-08-11,140400.0,26.55,,,1.07,4128.0,8.62,9.9,26254.0,1.36
CTI,2024-08-11,5500.0,0.54,,,1.37,1966.0,8.14,9.16,27447.0,0.58
CTN,2024-08-11,,1.53,,,,-532.0,-0.94,1.39,-3545.0,-0.14
CTP,2024-08-11,14000.0,0.68,,,1.55,28.0,1281.69,27.15,12261.0,2.93
CTR,2024-08-11,123500.0,9.67,4639.0,0.04,1.74,4639.0,27.61,27.56,14780.0,8.67
CTS,2024-08-11,10600.0,0.51,,,1.89,1382.0,27.38,20.09,14879.0,2.54
CTT,2024-08-11,,0.45,1000.0,0.06,0.02,2972.0,5.55,5.17,14107.0,1.17
CTW,2024-08-11,,,660.0,0.02,-1.36,3150.0,9.37,13.8,19821.0,1.49
CTX,2024-08-11,,0.01,,,,130.0,58.56,9.99,12900.0,0.59
CVN,2024-08-11,,,,,-0.32,27.0,70.14,0.94,13600.0,0.14
CVT,2024-08-11,,0.46,,,0.36,1418.0,18.08,18.45,26528.0,0.97
CX8,2024-08-11,,,,,0.67,66.0,99.26,24.37,10507.0,0.63
CYC,2024-08-11,,10.69,,,,-14134.0,-0.21,13.12,5942.0,0.49
D11,2024-08-11,,,,,0.1,487.0,21.58,20.07,25644.0,0.41
D17,2024-08-11,,,2000.0,0.05,0.06,1405.0,30.25,11.64,21967.0,1.93
D2D,2024-08-11,,0.61,8700.0,0.27,0.59,678.0,48.35,22.34,30863.0,1.06
DAC,2024-08-11,,6.46,,,0.29,-4503.0,-1.0,-0.53,1997.0,2.25
DAD,2024-08-11,,,2000.0,0.1,-0.01,2494.0,8.18,6.8,20936.0,0.97
DAE,2024-08-11,,,1200.0,0.08,0.25,1665.0,9.31,7.65,21893.0,0.71
DAG,2024-08-11,,0.86,,,0.56,-889.0,-1.57,8.89,452.0,3.1
DAH,2024-08-11,,,,,0.77,20.0,157.84,26.1,10955.0,0.28
DAN,2024-08-11,,0.17,700.0,0.02,-0.45,3012.0,9.76,7.99,36128.0,0.81
DAS,2024-08-11,,,1000.0,0.16,0.25,,,5.25,,
DAT,2024-08-11,,0.01,,,0.29,938.0,7.9,5.13,12654.0,0.59
DBC,2024-08-11,5600.0,9.03,,,1.54,2151.0,13.01,12.84,19503.0,1.44
DBD,2024-08-11,46300.0,14.76,,,0.43,3427.0,14.33,14.36,17448.0,2.81
DBM,2024-08-11,,1.07,1700.0,0.07,0.22,2895.0,8.81,8.25,24723.0,1.03
DBT,2024-08-11,,1.28,,,0.39,987.0,12.16,5.02,14070.0,0.85
DC1,2024-08-11,,0.74,,,-0.78,,,17.95,,
DC2,2024-08-11,,2.4,,,0.34,529.0,14.74,11.03,11047.0,0.71
DC4,2024-08-11,21800.0,0.45,,,1.05,3744.0,3.27,6.43,13559.0,0.9
DCF,2024-08-11,,,,,0.49,1742.0,29.73,33.78,15784.0,3.28
DCG,2024-08-11,,5.25,1500.0,0.13,-0.16,659.0,18.22,4.55,13442.0,0.89
DCH,2024-08-11,,,100.0,0.01,0.08,,,55.8,,
DCL,2024-08-11,,1.12,,,0.61,869.0,31.06,15.44,20316.0,1.33
DCM,2024-08-11,13900.0,7.05,2000.0,0.05,1.7,2886.0,12.73,24.48,18690.0,1.97
DCR,2024-08-11,,,,,-1.1,324.0,14.61,30.76,10556.0,0.45
DCS,2024-08-11,,0.62,,,-0.35,11.0,52.22,15.73,10487.0,0.06
DCT,2024-08-11,,0.39,,,0.03,-3078.0,-0.16,4.46,-17660.0,-0.03
DDG,2024-08-11,,3.69,,,1.44,184.0,15.22,55.89,10090.0,0.28
DDH,2024-08-11,,,600.0,0.03,-0.44,,,11.9,,
DDM,2024-08-11,,0.11,,,-1.02,-8479.0,-0.22,0.19,-73544.0,-0.03
DDN,2024-08-11,,,,,0.21,531.0,14.87,25.26,13447.0,0.59
DDV,2024-08-11,,5.41,600.0,0.04,3.38,1185.0,14.2,19.66,11766.0,1.43
DFC,2024-08-11,,,2000.0,0.1,-0.18,1565.0,12.52,7.6,24024.0,0.82
DFF,2024-08-11,,,,,2.09,-2450.0,-0.73,17.97,6404.0,0.28
DGC,2024-08-11,7500.0,17.85,6000.0,0.05,1.62,7743.0,14.53,13.78,37235.0,3.02
DGT,2024-08-11,,0.41,,,1.74,462.0,13.24,12.26,12711.0,0.48
DGW,2024-08-11,15700.0,23.22,500.0,0.01,1.61,2333.0,18.62,19.27,13080.0,3.32
DHA,2024-08-11,1300.0,10.11,2000.0,0.05,0.71,4216.0,9.63,16.01,28499.0,1.42
DHB,2024-08-11,,,,,1.77,5835.0,1.37,12.88,2023.0,3.94
DHC,2024-08-11,39916.0,39.39,2000.0,0.06,0.65,3330.0,10.74,9.59,24330.0,1.47
DHD,2024-08-11,,,300.0,0.01,-0.01,1721.0,15.11,22.71,15832.0,1.64
DHG,2024-08-11,300.0,53.76,7500.0,0.07,0.34,6362.0,16.16,12.45,33726.0,3.05
DHM,2024-08-11,,0.13,,,0.42,234.0,37.76,24.95,11342.0,0.78
DHN,2024-08-11,,,2000.0,0.08,-0.01,,,10.63,,
DHP,2024-08-11,200.0,0.44,1000.0,0.09,-0.3,1456.0,7.83,7.84,18114.0,0.63
DHT,2024-08-11,,35.99,1000.0,0.01,0.31,792.0,87.62,72.8,13074.0,5.31
DIC,2024-08-11,,0.33,,,-0.2,-1409.0,-0.71,18.99,-3469.0,-0.29
DID,2024-08-11,,0.04,,,1.31,67.0,61.67,64.83,11801.0,0.35
DIG,2024-08-11,116400.0,4.89,,,1.3,135.0,156.92,12.83,13035.0,1.63
DIH,2024-08-11,,,,,-0.05,-380.0,-43.42,9.48,17340.0,0.95
DKC,2024-08-11,,,1300.0,1.86,0.35,,,0.65,,
DL1,2024-08-11,,6.09,,,0.88,497.0,12.89,8.95,13959.0,0.46
DLD,2024-08-11,,,,,2.33,-2131.0,-2.67,-9.32,4194.0,1.36
DLG,2024-08-11,,1.28,,,1.09,-237.0,-8.16,3.21,2149.0,0.9
DLR,2024-08-11,,4.71,,,-0.17,396.0,43.45,131.51,-3875.0,-4.44
DLT,2024-08-11,,0.04,1000.0,0.16,,-37446.0,-0.17,0.28,337805.0,0.02
DM7,2024-08-11,,,1711.0,0.09,0.37,4004.0,5.0,5.64,18969.0,1.05
DMC,2024-08-11,,56.56,2500.0,0.04,0.53,5289.0,12.67,11.63,44221.0,1.52
DMN,2024-08-11,,,,,0.26,458.0,10.69,2.66,12893.0,0.38
DMS,2024-08-11,,,200.0,0.03,0.63,1269.0,6.23,9.88,12103.0,0.65
DNA,2024-08-11,,,1500.0,0.06,-0.49,2276.0,10.46,8.36,15346.0,1.55
DNC,2024-08-11,,,2500.0,0.03,-0.23,6468.0,11.75,12.08,16650.0,4.56
DND,2024-08-11,,,,,-0.09,94.0,200.85,271.47,12004.0,1.57
DNE,2024-08-11,,,500.0,0.05,-0.47,573.0,16.24,7.13,10575.0,0.88
DNH,2024-08-11,,,2850.0,0.06,0.75,1637.0,30.54,38.95,12663.0,3.95
DNL,2024-08-11,,,1000.0,0.04,-0.29,6.0,4434.78,19.63,10344.0,2.47
DNM,2024-08-11,,3.5,,,-0.35,-11013.0,-0.83,117.77,515.0,17.67
DNN,2024-08-11,,,1700.0,8.5,,1471.0,0.14,0.13,13584.0,0.01
DNP,2024-08-11,,0.18,,,0.9,326.0,63.82,40.17,42819.0,0.49
DNT,2024-08-11,,,1000.0,0.03,-0.46,,,23.74,,
DNW,2024-08-11,,0.25,1600.0,0.05,0.46,2702.0,12.25,16.02,19787.0,1.67
DOC,2024-08-11,,,400.0,0.04,-0.26,,,29.26,,
DOP,2024-08-11,,,1200.0,0.09,-0.15,,,6.96,,
DP1,2024-08-11,,,2300.0,0.06,1.23,6597.0,5.71,8.2,19598.0,1.92
DP2,2024-08-11,,,,,-0.86,-884.0,-3.28,580.0,3939.0,0.74
DP3,2024-08-11,,,3000.0,0.05,0.5,5657.0,10.45,14.77,21804.0,2.71
DPC,2024-08-11,,1.23,,,1.24,-2124.0,-4.71,4.47,11360.0,0.88
DPG,2024-08-11,,6.39,1000.0,0.02,2.18,3424.0,15.31,9.61,39777.0,1.32
DPH,2024-08-11,,0.06,1700.0,0.03,0.02,567.0,88.16,7.72,23699.0,2.11
DPM,2024-08-11,2000.0,7.84,2000.0,0.06,1.41,1700.0,19.82,24.34,28704.0,1.17
DPP,2024-08-11,,,1200.0,0.1,-0.24,,,4.4,,
DPR,2024-08-11,,5.01,1500.0,0.04,1.54,2719.0,14.25,15.18,37062.0,1.05
ECI,2024-08-11,,,600.0,0.02,0.02,-4313.0,-5.68,12.86,16630.0,1.47
DPS,2024-08-11,,0.34,,,,-217.0,-1.38,0.67,10472.0,0.03
DQC,2024-08-11,,0.61,,,0.33,-938.0,-13.76,22.16,32295.0,0.4
DRC,2024-08-11,2200.0,9.86,1200.0,0.04,1.3,2259.0,12.55,14.77,16125.0,1.76
DRG,2024-08-11,,,,,1.71,382.0,20.95,91.15,11699.0,0.68
DRH,2024-08-11,,0.91,,,1.2,-955.0,-1.99,47.25,11563.0,0.16
DRI,2024-08-11,,0.1,600.0,0.05,2.93,1393.0,8.3,13.97,7809.0,1.48
DRL,2024-08-11,,2.93,5800.0,0.1,0.15,4884.0,12.35,13.84,11567.0,5.21
DS3,2024-08-11,,0.34,,,-0.39,1452.0,3.79,5.87,7851.0,0.7
DSD,2024-08-11,,,,,,166.0,120.16,77.53,12876.0,1.55
DSE,2024-08-11,300.0,13.17,,,0.96,748.0,32.5,47.17,12611.0,1.93
DSG,2024-08-11,,0.17,,,0.52,-608.0,-8.72,-16.85,60.0,88.33
DSN,2024-08-11,,15.78,4000.0,0.07,0.24,8062.0,6.85,6.41,27913.0,1.98
DSP,2024-08-11,,,,,0.05,-31.0,-425.25,513.53,8047.0,1.66
DST,2024-08-11,,,,,1.56,320.0,10.01,33.73,12386.0,0.26
DTA,2024-08-11,,0.2,,,-0.11,95.0,42.56,22.08,11320.0,0.36
DTB,2024-08-11,,,1073.0,0.08,-2.42,,,8.39,,
DTC,2024-08-11,,,,,0.5,-3624.0,-1.16,-1.4,2041.0,2.06
DTD,2024-08-11,72400.0,1.09,,,2.99,2829.0,9.37,5.61,22744.0,1.17
DTE,2024-08-11,,,,,-0.05,699.0,7.3,2.0,11282.0,0.45
DTG,2024-08-11,,0.08,,,0.6,3857.0,6.17,5.99,21061.0,1.13
DTH,2024-08-11,,,300.0,0.02,-0.12,482.0,28.2,18.15,18177.0,0.75
DTI,2024-08-11,,,,,1.41,15.0,150.44,4.26,10059.0,0.22
DTK,2024-08-11,,0.01,400.0,0.03,-0.02,883.0,13.24,12.14,12202.0,0.96
DTL,2024-08-11,,,,,0.24,-240.0,-46.61,40.48,12543.0,0.89
DTP,2024-08-11,,,1500.0,0.01,0.12,14883.0,9.8,9.1,57321.0,2.54
DTT,2024-08-11,,0.17,800.0,0.05,-0.01,1360.0,12.83,18.97,16000.0,1.09
DUS,2024-08-11,,,,,,6.0,1317.07,-0.97,13641.0,0.59
DVC,2024-08-11,,,600.0,0.07,-0.85,,,5.15,,
DVG,2024-08-11,,,,,-0.71,16.0,76.29,4.48,11196.0,0.11
DVM,2024-08-11,,,,,0.98,1208.0,7.2,7.52,16981.0,0.51
DVN,2024-08-11,,,700.0,0.03,1.86,1943.0,11.29,10.92,14220.0,1.54
DVP,2024-08-11,1500.0,14.08,7000.0,0.09,0.31,8235.0,9.28,8.86,35678.0,2.14
DVW,2024-08-11,,,2000.0,0.1,0.19,,,6.11,,
DWC,2024-08-11,,,,,-0.22,1267.0,10.26,36.2,11019.0,1.18
DWS,2024-08-11,,,600.0,0.04,-0.14,1715.0,7.87,7.9,13663.0,0.99
DXG,2024-08-11,36100.0,18.06,,,1.71,209.0,81.05,10.17,21694.0,0.78
DXL,2024-08-11,,1.86,125.0,0.01,-0.18,6197.0,1.44,44.03,12237.0,0.73
DXP,2024-08-11,,,500.0,0.04,1.42,1022.0,11.65,9.51,14106.0,0.84
DXS,2024-08-11,495700.0,18.16,,,1.56,-17.0,-365.67,1.72,14291.0,0.44
DXV,2024-08-11,,0.54,,,0.48,-994.0,-4.31,-5.98,9965.0,0.43
DZM,2024-08-11,,9.71,,,,-212.0,-13.69,8.4,-872.0,-3.33
E12,2024-08-11,,,,,1.28,-2352.0,-2.59,2.09,9859.0,0.62
E1VFVN30,2024-08-11,266800.0,87.57,,,,,,,,
E29,2024-08-11,,,500.0,0.07,0.81,39.0,181.54,8.14,10048.0,0.7
EBS,2024-08-11,,0.66,800.0,0.08,1.23,1573.0,6.74,10.32,15389.0,0.69
ECO,2024-08-11,,,,,3.61,322.0,46.58,,10921.0,1.37
EFI,2024-08-11,,0.03,,,0.55,48.0,33.07,17.41,15037.0,0.11
EIB,2024-08-11,36500.0,3.24,300.0,0.02,0.48,1547.0,12.41,6.48,12979.0,1.48
EIC,2024-08-11,,,1700.0,0.08,-1.56,1399.0,16.08,23.33,11962.0,1.88
EID,2024-08-11,,,1400.0,0.05,0.24,5174.0,5.28,6.4,30461.0,0.9
EIN,2024-08-11,,,,,0.81,-136.0,-18.86,116.44,8765.0,0.29
ELC,2024-08-11,50100.0,3.0,,,1.93,772.0,33.88,20.17,14173.0,1.85
EME,2024-08-11,,,700.0,0.03,-1.63,,,17.08,,
EMG,2024-08-11,,,1500.0,0.06,-0.05,,,5.19,,
EMS,2024-08-11,,,1000.0,0.04,0.66,3066.0,7.39,6.86,13930.0,1.63
EPC,2024-08-11,,,,,0.49,,,23.43,,
EPH,2024-08-11,500.0,0.24,1300.0,0.08,0.54,-331.0,-48.32,4.44,11203.0,1.43
EVE,2024-08-11,,67.06,500.0,0.05,0.99,-784.0,-13.51,7.42,22435.0,0.47
EVF,2024-08-11,148200.0,0.78,,,1.7,754.0,14.72,13.36,12603.0,0.88
EVG,2024-08-11,1600.0,0.47,,,1.72,178.0,35.3,14.29,13233.0,0.48
EVS,2024-08-11,,0.37,,,1.61,52.0,105.55,8.46,11860.0,0.46
FBC,2024-08-11,,,20000.0,5.41,,929.0,3.98,0.23,17627.0,0.21
FCC,2024-08-11,,,,,,,,99.95,,
FCM,2024-08-11,,2.94,,,0.98,-41.0,-80.89,9.86,11717.0,0.28
EME,2024-11-14,,,700.0,0.03,-1.63,,,17.08,,
FCN,2024-08-11,10100.0,31.24,100.0,0.01,1.04,-204.0,-62.28,33.32,21215.0,0.6
FCS,2024-08-11,,,,,2.0,-17.0,-502.66,197.17,2090.0,4.07
FDC,2024-08-11,,0.02,,,-0.12,26.0,612.09,120.6,11571.0,1.38
FGL,2024-08-11,,,,,0.24,-1100.0,-9.18,-25.27,1373.0,7.36
FHN,2024-08-11,,,400.0,0.03,0.16,141.0,99.87,19.23,15962.0,0.88
FHS,2024-08-11,,,1800.0,0.06,-0.26,4509.0,6.92,5.68,15897.0,1.96
FIC,2024-08-11,,,500.0,0.04,-0.31,448.0,31.48,23.37,12568.0,1.12
FID,2024-08-11,,,,,-0.29,-180.0,-6.66,24.72,10666.0,0.11
FIR,2024-08-11,500.0,0.19,,,0.16,25.0,190.66,3.87,11544.0,0.42
FIT,2024-08-11,,0.03,,,0.84,461.0,9.69,5.62,17469.0,0.26
FLC,2024-08-11,,2.16,,,,-2649.0,-1.32,2.82,11190.0,0.31
FMC,2024-08-11,2600.0,31.04,2000.0,0.04,0.65,4251.0,10.74,9.33,34848.0,1.31
FOC,2024-08-11,,0.88,2000.0,0.02,1.96,7795.0,10.6,7.26,42855.0,1.93
FOX,2024-08-11,,,2000.0,0.02,1.85,5627.0,16.47,13.01,20705.0,4.48
FPT,2024-08-11,210179.0,45.87,1000.0,0.01,1.04,5652.0,23.9,18.14,24213.0,5.58
FRC,2024-08-11,,,,,0.13,8.0,3331.07,10.71,11678.0,2.14
FRM,2024-08-11,,,426.0,0.1,0.07,117.0,34.92,18.45,11343.0,0.36
FRT,2024-08-11,22900.0,37.45,,,0.9,775.0,219.45,185.29,14614.0,11.63
FSO,2024-08-11,,,,,,,,41.49,,
FT1,2024-08-11,,1.52,3700.0,0.08,0.25,,,6.13,,
FTI,2024-08-11,,,,,,-331.0,-11.18,70.72,8688.0,0.43
FTM,2024-08-11,,0.55,,,0.07,-2591.0,-0.27,5.83,-15777.0,-0.04
FTS,2024-08-11,22600.0,30.38,500.0,0.01,1.88,1822.0,23.47,31.14,12940.0,3.3
FUCTVGF3,2024-08-11,,,,,,,,,,
GSM,2024-08-11,,,2000.0,0.09,1.03,1700.0,13.23,25.28,16119.0,1.4
FUCTVGF4,2024-08-11,,,,,,,,,,
FUCTVGF5,2024-08-11,,0.46,,,,,,,,
FUCVREIT,2024-08-11,,1.67,,,,,,,,
FUEABVND,2024-08-11,,,,,,,,,,
FUEBFVND,2024-08-11,,,,,,,,,,
FUEDCMID,2024-08-11,100.0,83.53,,,,,,,,
FUEFCV50,2024-08-11,,1.81,,,,,,,,
FUEIP100,2024-08-11,,2.22,,,,,,,,
FUEKIV30,2024-08-11,,96.77,,,,,,,,
FUEKIVFS,2024-08-11,,87.26,,,,,,,,
FUEKIVND,2024-08-11,157000.0,98.64,,,,,,,,
FUEMAV30,2024-08-11,,89.62,,,,,,,,
FUEMAVND,2024-08-11,,92.91,,,,,,,,
FUESSV30,2024-08-11,1000.0,33.45,,,,,,,,
AAA,2024-11-14,,2.18,,,1.53,967.0,8.78,8.61,15896.0,0.53
A32,2024-11-14,,,3500.0,0.1,0.92,,,5.64,,
AAH,2024-11-14,,,,,1.63,100.0,35.92,9.61,10100.0,0.36
AAV,2024-11-14,,0.09,,,1.47,-140.0,-46.34,17.94,11201.0,0.58
ABB,2024-11-14,,16.41,,,0.63,67.0,111.64,7.76,12759.0,0.59
AAM,2024-11-14,,0.92,,,0.01,-511.0,-13.11,82.72,18914.0,0.35
ABC,2024-11-14,,0.91,500.0,0.04,1.62,1551.0,8.01,8.78,24214.0,0.51
ABI,2024-11-14,6800.0,10.03,1000.0,0.04,1.02,2394.0,10.6,5.74,21353.0,1.19
AAT,2024-11-14,,0.82,,,0.73,257.0,13.18,24.01,10117.0,0.34
AAS,2024-11-14,,0.99,,,1.82,339.0,19.58,6.37,10837.0,0.61
ABR,2024-11-14,,48.4,2000.0,0.15,0.54,584.0,22.45,15.09,14474.0,0.91
ABS,2024-11-14,,,,,0.94,52.0,74.47,15.6,11513.0,0.34
ACB,2024-11-14,3325400.0,30.0,1000.0,0.04,0.95,3992.0,6.24,6.32,17654.0,1.41
ABT,2024-11-14,,2.29,2000.0,0.05,0.11,6431.0,6.2,7.64,44535.0,0.89
ABW,2024-11-14,20000.0,0.66,,,1.35,1016.0,8.42,6.93,14023.0,0.61
ACC,2024-11-14,,7.7,,,0.95,646.0,21.5,13.14,12588.0,1.1
ACG,2024-11-14,,38.55,2300.0,0.06,0.87,3263.0,12.38,13.84,27898.0,1.45
ACE,2024-11-14,,0.23,3500.0,0.1,0.52,2069.0,17.25,8.51,20029.0,1.78
ACL,2024-11-14,,2.27,,,0.27,202.0,58.59,7.43,16100.0,0.74
ACV,2024-11-14,23000.0,3.68,,,1.41,4613.0,25.94,27.78,26223.0,4.56
ADS,2024-11-14,,0.14,1000.0,0.11,1.34,433.0,20.87,6.27,12055.0,0.75
AGF,2024-11-14,,0.47,,,0.27,-95.0,-27.39,14.62,-6510.0,-0.4
ADG,2024-11-14,,46.38,,,0.01,1230.0,8.86,4.36,17034.0,0.64
AFX,2024-11-14,,,,,0.64,922.0,8.05,6.96,13319.0,0.56
ADC,2024-11-14,,,1500.0,0.07,0.25,3562.0,5.73,4.23,19715.0,1.03
AGG,2024-11-14,5000.0,0.91,,,1.38,2253.0,6.81,4.8,19924.0,0.77
AGM,2024-11-14,,0.56,,,0.61,-14767.0,-0.23,12.45,-5250.0,-0.65
AGR,2024-11-14,,0.28,700.0,0.04,1.93,585.0,30.43,20.72,11241.0,1.58
AGP,2024-11-14,,,,,0.12,2040.0,19.0,15.47,16654.0,2.33
AGX,2024-11-14,,1.74,1500.0,0.02,0.34,,,8.34,,
AIC,2024-11-14,,75.11,,,1.14,-34.0,-319.98,33.52,10759.0,1.0
ALV,2024-11-14,,0.34,,,1.38,-233.0,-24.93,5.89,11280.0,0.52
AMC,2024-11-14,800.0,2.87,1300.0,0.08,0.12,2173.0,7.64,7.62,18084.0,0.92
AMD,2024-11-14,,0.72,,,,-782.0,-1.41,8.99,10588.0,0.1
AME,2024-11-14,,2.24,,,0.57,328.0,15.24,14.26,12214.0,0.41
AMP,2024-11-14,,,,,0.86,278.0,36.72,20.96,13863.0,0.74
AMS,2024-11-14,,35.47,300.0,0.03,2.0,1134.0,8.36,6.8,13358.0,0.71
AMV,2024-11-14,,,,,1.07,-445.0,-3.59,4.2,12403.0,0.13
ANT,2024-11-14,,,,,0.68,3330.0,7.02,12.28,15725.0,1.49
APC,2024-11-14,,15.02,,,-0.06,-1019.0,-6.48,136.17,28639.0,0.23
APG,2024-11-14,,9.33,,,1.26,-300.0,-30.62,8.61,10887.0,0.85
APF,2024-11-14,,,4500.0,0.09,0.47,6614.0,7.86,10.32,37627.0,1.38
ACM,2024-11-14,,1.9,,,1.38,-296.0,-1.69,8.5,6575.0,0.08
ACS,2024-11-14,,,,,0.27,,,16.75,,
APH,2024-11-14,,28.31,,,1.3,511.0,12.47,4.95,24122.0,0.26
ADP,2024-11-14,,0.83,4150.0,0.14,0.43,3934.0,7.33,13.85,11800.0,2.44
AG1,2024-11-14,,,230.0,0.02,0.43,422.0,23.68,5.4,10038.0,1.0
ALT,2024-11-14,,,1000.0,0.07,0.2,-262.0,-52.69,12.13,37018.0,0.37
API,2024-11-14,42100.0,0.81,,,2.43,-558.0,-13.27,16.37,10709.0,0.69
ANV,2024-11-14,,0.74,500.0,0.03,1.65,464.0,39.87,8.07,21470.0,0.86
APP,2024-11-14,,0.47,,,1.49,-685.0,-11.99,11.09,10089.0,0.81
APL,2024-11-14,,,1200.0,0.07,0.19,,,8.11,,
APS,2024-11-14,,1.0,,,1.85,550.0,11.63,10.84,10006.0,0.64
ARM,2024-11-14,,0.11,1000.0,0.03,0.4,974.0,37.46,24.81,12044.0,3.03
APT,2024-11-14,,,,,0.62,-2698.0,-0.89,3.3,-7606.0,-0.32
ART,2024-11-14,,0.66,,,,-247.0,-5.25,6.01,1391.0,0.93
ASM,2024-11-14,16000.0,12.46,,,1.39,615.0,14.71,4.19,21836.0,0.41
ASG,2024-11-14,,0.73,,,0.27,396.0,47.61,73.88,22369.0,0.84
ASP,2024-11-14,,48.97,,,0.49,196.0,20.93,17.01,7668.0,0.53
ATG,2024-11-14,,0.09,,,0.69,-50.0,-48.19,73.06,41.0,58.54
ASA,2024-11-14,,0.25,,,,18.0,697.29,15.75,,
ATB,2024-11-14,,0.06,,,0.44,-278.0,-2.16,2.6,2348.0,0.26
ATA,2024-11-14,,0.05,,,1.25,60.0,8.4,0.2,-25217.0,-0.02
ATS,2024-11-14,,0.15,,,-0.46,51.0,259.18,9.24,12452.0,1.06
AVC,2024-11-14,,,8584.0,0.15,0.22,3154.0,17.63,35.5,14976.0,3.71
AST,2024-11-14,900.0,43.51,1200.0,0.02,0.44,3016.0,18.14,10.7,14435.0,3.79
AVG,2024-11-14,,0.07,,,2.4,727.0,38.51,40.08,16336.0,1.71
AVF,2024-11-14,,0.21,,,,-2388.0,-0.17,1.16,-45240.0,-0.01
BAF,2024-11-14,3500.0,2.14,,,1.08,1104.0,20.75,17.89,11857.0,1.93
BAB,2024-11-14,,,,,0.48,1213.0,9.89,9.77,12748.0,0.94
BAL,2024-11-14,,0.08,700.0,0.08,0.16,,,18.12,,
BAX,2024-11-14,,16.38,2500.0,0.06,-0.05,3610.0,10.8,15.43,26963.0,1.45
BBH,2024-11-14,,,200.0,0.02,-0.73,,,46.4,,
BBC,2024-11-14,,0.73,1500.0,0.03,0.12,7085.0,7.06,8.49,78292.0,0.64
BBM,2024-11-14,400.0,0.27,200.0,0.03,1.05,1448.0,5.33,27.02,13753.0,0.56
BBT,2024-11-14,,0.8,,,-1.07,-2060.0,-6.55,15.55,7233.0,1.87
BCA,2024-11-14,,,,,2.21,20691.0,0.53,20.9,28219.0,0.39
BCE,2024-11-14,,1.7,,,0.63,-240.0,-25.64,8.36,8827.0,0.7
BBS,2024-11-14,,0.53,900.0,0.09,0.1,1423.0,7.17,14.24,17721.0,0.58
BCG,2024-11-14,20800.0,1.17,,,1.42,341.0,18.43,5.81,24196.0,0.26
BCB,2024-11-14,,,2919.0,4.17,,28.0,24.84,0.2,10028.0,0.07
BCC,2024-11-14,,0.93,,,1.07,-1082.0,-7.21,6.05,14097.0,0.55
BCF,2024-11-14,,,1800.0,0.05,-0.48,3069.0,13.03,16.95,12222.0,3.27
BCM,2024-11-14,26700.0,2.03,1800.0,0.03,1.18,2796.0,24.28,29.9,19392.0,3.5
BCO,2024-11-14,,,,,,,,10.32,,
BCR,2024-11-14,1000.0,0.01,,,1.82,210.0,25.08,5.9,12713.0,0.42
BCP,2024-11-14,,3.26,,,0.19,77.0,151.53,116.33,12606.0,0.93
BCV,2024-11-14,,,,,,194.0,111.09,30.71,11704.0,1.84
BDB,2024-11-14,,,800.0,0.09,0.05,648.0,13.42,8.17,11858.0,0.73
BDG,2024-11-14,,1.42,2500.0,0.07,0.51,5882.0,5.79,8.98,23059.0,1.48
BGW,2024-11-14,,,548.0,0.03,0.18,551.0,29.04,25.93,10519.0,1.52
BFC,2024-11-14,,4.11,2500.0,0.06,1.93,5624.0,7.01,10.73,25337.0,1.56
BED,2024-11-14,,,2200.0,0.07,-0.06,2128.0,14.47,17.33,13691.0,2.25
BHA,2024-11-14,,0.03,1250.0,0.06,0.16,2629.0,8.44,23.29,14651.0,1.52
BHC,2024-11-14,,0.9,,,0.54,2.0,904.98,71.43,-17140.0,-0.12
BHG,2024-11-14,,,,,,1745.0,6.3,78.63,11097.0,0.99
BHI,2024-11-14,,75.02,,,-0.38,-21.0,-618.22,131.0,11803.0,1.11
BGE,2024-11-14,,0.01,,,2.4,567.0,19.29,15.55,14015.0,0.78
BEL,2024-11-14,,,1000.0,0.03,0.14,3.0,11870.5,36.0,8268.0,3.99
BHN,2024-11-14,,17.57,2700.0,0.07,0.26,1423.0,27.4,44.75,22286.0,1.75
BHP,2024-11-14,,0.03,250.0,0.04,-2.0,-461.0,-14.72,22.39,15453.0,0.44
BIC,2024-11-14,5600.0,45.46,1500.0,0.05,1.22,4004.0,8.24,6.45,24106.0,1.37
BID,2024-11-14,18300.0,17.01,,,1.1,4201.0,10.98,12.77,24286.0,1.9
BII,2024-11-14,,,,,1.23,30.0,23.62,0.79,8971.0,0.08
BIG,2024-11-14,500.0,0.27,,,1.16,,,4.41,,
BIO,2024-11-14,,,650.0,0.04,1.02,,,19.05,,
BLF,2024-11-14,,,,,1.34,-370.0,-9.68,8.41,10581.0,0.34
BKG,2024-11-14,,0.1,,,0.48,184.0,18.15,9.57,12473.0,0.27
BKC,2024-11-14,,0.14,,,0.1,2115.0,5.01,23.93,17543.0,0.6
BLN,2024-11-14,,0.01,,,,,,29.69,,
BDW,2024-11-14,,0.05,2550.0,0.1,0.18,3294.0,7.39,6.34,16175.0,1.5
BDT,2024-11-14,,0.12,648.0,0.09,1.36,152.0,48.59,27.45,14226.0,0.52
BMC,2024-11-14,,5.02,1150.0,0.06,0.54,2152.0,9.71,15.27,18469.0,1.13
BLT,2024-11-14,,0.02,8800.0,0.23,-0.15,,,24.43,,
BMI,2024-11-14,,30.29,500.0,0.02,1.22,2303.0,8.81,6.49,22835.0,0.89
BMG,2024-11-14,,19.17,1500.0,0.08,0.11,915.0,21.09,7.3,16974.0,1.14
BMP,2024-11-14,49200.0,84.18,18340.0,0.15,0.92,12419.0,10.06,9.93,35922.0,3.48
BMN,2024-11-14,,,700.0,0.08,0.17,1693.0,5.08,6.01,10561.0,0.81
BMD,2024-11-14,,,700.0,0.07,1.06,,,5.41,11879.0,0.81
BMS,2024-11-14,,0.36,,,2.31,364.0,25.27,10.06,11994.0,0.77
BHK,2024-11-14,,0.01,900.0,0.04,0.07,,,19.06,,
BMV,2024-11-14,,,84.0,0.01,0.11,49.0,165.61,60.05,10139.0,0.8
BNA,2024-11-14,,,,,0.82,2260.0,4.38,3.64,21005.0,0.47
BOT,2024-11-14,,0.17,,,1.1,-1227.0,-1.94,28.23,1717.0,1.39
BPC,2024-11-14,,1.35,200.0,0.02,0.78,67.0,141.83,46.88,24596.0,0.39
BRC,2024-11-14,5000.0,1.25,1100.0,0.08,0.17,1854.0,7.5,8.76,16849.0,0.82
BNW,2024-11-14,,,780.0,0.08,,1314.0,7.0,12.24,11020.0,0.83
BQB,2024-11-14,,0.48,,,0.34,-230.0,-14.34,10312.5,4431.0,0.74
BLI,2024-11-14,,1.02,,,1.1,1122.0,8.24,6.85,14705.0,0.63
BRS,2024-11-14,,,1400.0,0.06,-0.01,-62.0,-360.55,6.84,13744.0,1.62
BRR,2024-11-14,,,700.0,0.04,-0.1,1276.0,14.19,14.95,12399.0,1.46
BSC,2024-11-14,,4.83,,,0.06,727.0,20.07,18.38,12733.0,1.15
BSA,2024-11-14,,,1980.0,0.09,0.17,478.0,48.43,30.11,14040.0,1.65
BSG,2024-11-14,,,,,0.05,643.0,18.36,18.05,6035.0,1.96
BSH,2024-11-14,,0.31,2000.0,0.09,-0.08,2261.0,10.08,13.5,17702.0,1.29
BSD,2024-11-14,,0.4,500.0,0.03,1.49,,,212.61,,
BMF,2024-11-14,,,,,0.58,826.0,11.51,7.34,11152.0,0.85
BSI,2024-11-14,21600.0,40.07,,,1.88,1868.0,25.54,22.88,22306.0,2.14
BSP,2024-11-14,,,1000.0,0.1,-0.31,324.0,30.88,126.47,14973.0,0.67
BSQ,2024-11-14,,0.01,1500.0,0.07,0.12,1996.0,10.02,9.53,18410.0,1.09
BSR,2024-11-14,1400.0,0.65,700.0,0.03,1.68,961.0,20.97,54.44,17940.0,1.12
BSL,2024-11-14,,0.25,700.0,0.07,0.46,734.0,12.94,12.28,10979.0,0.87
BST,2024-11-14,,0.22,1300.0,0.09,-0.63,1744.0,8.03,7.33,14033.0,1.0
BT6,2024-11-14,,8.28,,,,-1264.0,-2.69,7.01,-29147.0,-0.12
BTD,2024-11-14,,,2200.0,0.12,0.88,1443.0,12.96,13.57,39656.0,0.47
EMG,2024-11-14,,,1500.0,0.06,-0.05,,,5.19,,
BTB,2024-11-14,,0.01,,,-0.72,401.0,13.46,2053.23,14037.0,0.38
BT1,2024-11-14,,,800.0,0.06,-0.17,,,9.42,,
BTH,2024-11-14,,,700.0,0.02,0.44,19685.0,1.73,2.14,29022.0,1.17
BTN,2024-11-14,,,,,0.64,,,-1.55,,
BTT,2024-11-14,,4.91,3350.0,0.1,0.19,3337.0,10.49,9.01,28086.0,1.25
BTP,2024-11-14,,8.64,3272.0,0.27,0.4,502.0,24.32,40.52,17220.0,0.71
BTG,2024-11-14,,,,,-0.98,205.0,38.13,18.56,15349.0,0.51
BTS,2024-11-14,,0.12,,,0.33,-1217.0,-4.11,-4.86,9278.0,0.54
BVB,2024-11-14,,0.08,,,1.53,301.0,37.15,30.87,10933.0,1.02
BTU,2024-11-14,,,1000.0,0.07,0.33,112.0,125.02,7.43,11159.0,1.25
BTW,2024-11-14,,21.8,2212.0,0.06,0.02,5995.0,6.61,6.74,28498.0,1.39
BTV,2024-11-14,,,,,0.53,1362.0,9.33,9.98,9902.0,1.28
BVH,2024-11-14,7800.0,26.64,954.0,0.02,0.82,2570.0,17.59,115.7,31998.0,1.41
BVL,2024-11-14,,,,,-0.5,430.0,24.41,7.34,14247.0,0.74
BVS,2024-11-14,74900.0,2.57,800.0,0.02,2.74,2556.0,15.88,16.2,34272.0,1.18
BVN,2024-11-14,,0.29,,,-0.36,,,3.91,,
BWS,2024-11-14,,0.81,1000.0,0.03,0.09,2973.0,11.1,13.47,11531.0,2.86
BWE,2024-11-14,500.0,11.85,,,0.88,3158.0,14.22,14.11,24367.0,1.84
BWA,2024-11-14,,,450.0,0.04,0.03,,,26.02,,
BXH,2024-11-14,,,250.0,0.02,0.79,133.0,115.13,81.71,18085.0,0.85
BMJ,2024-11-14,,,,,1.37,465.0,23.42,16.83,11469.0,0.95
C21,2024-11-14,,0.08,,,0.11,-470.0,-36.41,41.33,35675.0,0.48
C22,2024-11-14,,,1000.0,0.06,0.07,,,7.11,,
C32,2024-11-14,,1.08,,,0.07,83.0,211.33,16.44,36027.0,0.49
BVG,2024-11-14,,0.09,,,0.1,-1385.0,-1.59,9.53,5026.0,0.44
C12,2024-11-14,,,,,,558.0,5.74,3.88,16475.0,0.19
C69,2024-11-14,3100.0,0.21,,,0.72,260.0,25.03,20.09,13592.0,0.48
C4G,2024-11-14,,,,,1.37,578.0,13.86,11.44,10911.0,0.73
C92,2024-11-14,,3.7,,,1.0,180.0,23.34,22.29,11622.0,0.36
C47,2024-11-14,,0.04,,,0.52,232.0,26.23,8.85,12125.0,0.5
CAD,2024-11-14,,3.45,,,2.49,-4237.0,-0.12,5.2,-71532.0,-0.01
CAB,2024-11-14,,,326.0,0.03,0.71,656.0,14.95,46.27,12277.0,0.8
CAG,2024-11-14,,,168.0,0.02,0.62,-26.0,-280.94,22.69,10404.0,0.71
CAN,2024-11-14,,26.23,1200.0,0.03,-0.36,-190.0,-249.34,26.66,27601.0,1.71
CAP,2024-11-14,,,5000.0,0.11,0.38,2306.0,19.38,9.75,15719.0,2.84
CBI,2024-11-14,,,,,-0.63,-826.0,-11.02,78.16,8976.0,1.01
CAT,2024-11-14,,,1000.0,0.05,-0.19,1135.0,16.29,6.44,11104.0,1.67
CCA,2024-11-14,,,800.0,0.05,-1.46,237.0,62.03,14.79,18315.0,0.8
CCC,2024-11-14,,,,,-0.02,753.0,24.58,15.25,14257.0,1.3
CC1,2024-11-14,,0.01,,,1.62,764.0,18.2,8.45,12291.0,1.13
CC4,2024-11-14,,,500.0,0.04,-0.32,478.0,25.11,23.13,13525.0,0.89
CBS,2024-11-14,,,5500.0,0.18,0.37,,,4.79,,
CCR,2024-11-14,,0.07,450.0,0.03,1.15,678.0,20.94,17.4,11313.0,1.26
CCM,2024-11-14,,,2000.0,0.04,0.03,7621.0,6.31,5.42,37668.0,1.28
CCL,2024-11-14,1100.0,0.94,500.0,0.07,1.79,821.0,9.13,7.44,12106.0,0.62
CCI,2024-11-14,,2.37,1300.0,0.06,0.13,2079.0,10.29,14.3,15473.0,1.38
CCP,2024-11-14,,,,,-0.86,-400.0,-81.35,31.2,10849.0,3.0
CDG,2024-11-14,,,950.0,0.43,0.33,1538.0,1.43,2.1,13099.0,0.17
CCV,2024-11-14,,,3137.0,0.06,0.15,,,10.64,,
CCT,2024-11-14,,0.03,,,-1.46,187.0,62.12,62.61,9455.0,1.23
CDC,2024-11-14,,1.31,,,0.21,980.0,18.27,8.29,15774.0,1.13
CDH,2024-11-14,,,500.0,0.05,2.1,,,5.05,,
CDN,2024-11-14,,,1400.0,0.05,0.08,3024.0,9.99,8.19,17762.0,1.7
CDR,2024-11-14,,,500.0,0.04,1.77,,,18.2,,
CDP,2024-11-14,,,500.0,0.05,0.36,1009.0,10.52,9.95,11731.0,0.9
CE1,2024-11-14,,,,,,,,6.05,,
CEO,2024-11-14,9020.0,4.97,,,2.19,327.0,45.58,53.68,11713.0,1.27
CEN,2024-11-14,,,,,0.11,-3.0,-726.07,68.24,10072.0,0.22
CFM,2024-11-14,,0.53,200.0,0.02,0.45,,,15.89,,
CET,2024-11-14,,0.87,,,-0.49,-29.0,-170.42,6.25,11138.0,0.45
CGV,2024-11-14,,0.14,,,2.87,,,21.11,,
CFV,2024-11-14,,,,,-1.54,2693.0,8.17,68.03,13496.0,1.63
CH5,2024-11-14,,,1100.0,0.07,0.17,,,13.95,,
CEG,2024-11-14,,,250.0,0.03,,,,37.24,,
CI5,2024-11-14,,,,,0.21,,,69.28,,
CHC,2024-11-14,,,,,-1.15,,,25.58,,
CDO,2024-11-14,,0.29,,,0.65,-163.0,-11.69,149.61,6573.0,0.29
CIA,2024-11-14,,0.95,,,0.88,468.0,20.51,43.91,17764.0,0.54
CHS,2024-11-14,,3.26,1400.0,0.12,0.54,1429.0,8.37,9.4,12080.0,0.99
CIG,2024-11-14,,0.05,,,0.31,168.0,49.26,17.45,4968.0,1.67
CHP,2024-11-14,,3.8,2500.0,0.07,0.11,2110.0,15.83,25.16,12258.0,2.72
CII,2024-11-14,46800.0,5.68,800.0,0.06,1.6,1598.0,9.07,10.75,29499.0,0.49
CID,2024-11-14,,2.92,653.0,0.02,-2.11,-105.0,-288.24,,4615.0,6.53
CIP,2024-11-14,,,,,0.75,,,27.43,,
CJC,2024-11-14,,0.27,,,,770.0,33.49,37.53,11219.0,2.3
CK8,2024-11-14,,,,,,,,3.97,,
CKA,2024-11-14,,,5000.0,0.12,-0.71,,,6.22,,
CKG,2024-11-14,,0.02,,,0.69,1428.0,17.51,16.77,14977.0,1.67
CLH,2024-11-14,,5.31,2600.0,0.12,0.09,2896.0,7.63,6.63,14923.0,1.48
CLL,2024-11-14,,10.59,2600.0,0.07,-0.12,2916.0,12.93,12.88,17679.0,2.13
CKD,2024-11-14,,0.03,1900.0,0.08,-0.01,3093.0,7.25,9.02,16901.0,1.33
CKV,2024-11-14,,0.19,1100.0,0.09,1.34,477.0,27.04,19.21,18951.0,0.68
CLG,2024-11-14,,0.53,,,,631.0,0.79,5.44,1254.0,0.4
CLM,2024-11-14,,,3000.0,0.04,-0.15,18089.0,4.11,10.19,66093.0,1.12
CLC,2024-11-14,,2.26,4000.0,0.08,0.06,6371.0,7.68,10.35,33676.0,1.45
CLW,2024-11-14,,4.79,1600.0,0.04,0.02,3749.0,11.34,11.0,18787.0,2.26
CLX,2024-11-14,,1.34,700.0,0.04,1.88,2192.0,7.28,7.51,20496.0,0.78
CMG,2024-11-14,87300.0,38.79,600.0,0.01,1.95,1861.0,31.6,27.64,18091.0,3.25
CMF,2024-11-14,,24.38,5000.0,0.01,0.5,20528.0,16.45,10.69,114829.0,2.94
CMD,2024-11-14,,0.05,3000.0,0.14,0.18,2779.0,7.87,10.32,21739.0,1.01
CMM,2024-11-14,,,,,-0.3,888.0,10.25,10.48,11996.0,0.76
CMC,2024-11-14,,,,,0.4,-300.0,-22.32,6.11,13366.0,0.5
CMK,2024-11-14,,,,,,1205.0,7.3,11.8,12005.0,0.73
EPC,2024-11-14,,,,,0.44,,,23.43,,
CMI,2024-11-14,,0.38,,,-0.34,-574.0,-1.92,0.87,-6620.0,-0.17
CMS,2024-11-14,,,,,0.94,176.0,59.8,43.6,10965.0,0.96
CMN,2024-11-14,,0.06,2600.0,0.04,1.13,2405.0,27.03,11.56,26231.0,2.48
CMT,2024-11-14,,3.43,1000.0,0.06,2.99,3653.0,4.3,5.03,23016.0,0.68
CMP,2024-11-14,,,,,,316.0,25.65,562.11,10779.0,0.75
CNA,2024-11-14,,,,,,,,,,
CMW,2024-11-14,,0.01,441.0,0.03,-0.04,1016.0,12.79,14.59,11123.0,1.17
CMX,2024-11-14,18000.0,17.17,,,1.33,650.0,12.27,7.74,15180.0,0.53
CNG,2024-11-14,,2.86,1200.0,0.04,1.45,3124.0,10.18,12.58,17608.0,1.81
CNN,2024-11-14,,,1215.0,0.03,1.66,,,26.83,,
CNC,2024-11-14,2500.0,6.34,4000.0,0.13,0.54,4449.0,6.99,8.62,106196.0,0.29
CPC,2024-11-14,,4.13,1800.0,0.1,0.17,2511.0,7.21,8.85,20846.0,0.87
CPH,2024-11-14,,,1848.0,6.16,,482.0,0.62,0.15,10981.0,0.03
CPA,2024-11-14,,,,,0.61,-396.0,-17.67,-30.32,2293.0,3.05
CPI,2024-11-14,,,,,0.46,45.0,87.13,28.47,-661.0,-5.9
CQN,2024-11-14,,,1000.0,0.03,0.73,1591.0,18.37,18.87,12712.0,2.3
CSC,2024-11-14,,,,,1.32,1076.0,23.88,7.35,22641.0,1.14
CRC,2024-11-14,,0.16,,,0.41,1407.0,4.81,7.25,13529.0,0.5
CSI,2024-11-14,3100.0,33.73,,,2.97,-693.0,-44.4,28.72,10128.0,3.04
CQT,2024-11-14,,,800.0,0.09,-0.45,196.0,47.37,10.29,9735.0,0.96
CSM,2024-11-14,54100.0,0.85,300.0,0.02,0.79,840.0,14.88,16.19,13043.0,0.96
CSV,2024-11-14,111600.0,3.09,2500.0,0.06,1.97,3950.0,10.22,17.07,13752.0,2.93
CST,2024-11-14,,,2000.0,0.09,1.6,7304.0,3.05,7.32,25057.0,0.89
CT3,2024-11-14,,,,,,,,10.71,,
CT6,2024-11-14,,0.03,,,-0.41,1506.0,5.64,12.98,10362.0,0.82
CTD,2024-11-14,2050.0,49.0,,,1.38,3259.0,21.63,16.99,83762.0,0.84
CTB,2024-11-14,,0.5,2000.0,0.09,0.12,2119.0,10.05,6.48,21659.0,0.98
CTA,2024-11-14,,0.26,,,,-843.0,-1.66,4.51,4690.0,0.3
CTC,2024-11-14,,0.48,,,,-118.0,-11.02,12.84,6632.0,0.2
CTF,2024-11-14,13800.0,3.44,,,0.15,212.0,135.9,32.18,12085.0,2.38
CTG,2024-11-14,144500.0,26.58,,,1.08,4128.0,8.32,9.55,26254.0,1.31
CTI,2024-11-14,,0.5,,,1.34,1966.0,8.42,9.47,27447.0,0.6
CMV,2024-11-14,,0.04,400.0,0.04,0.28,695.0,13.1,14.43,13366.0,0.68
CTS,2024-11-14,6600.0,0.43,,,1.88,1382.0,26.62,19.53,14879.0,2.47
CTR,2024-11-14,28700.0,9.9,4639.0,0.03,1.71,4639.0,29.79,29.73,14780.0,9.35
CTN,2024-11-14,,1.53,,,,-532.0,-0.94,1.39,-3545.0,-0.14
CTT,2024-11-14,,0.45,1000.0,0.06,0.02,2972.0,5.55,5.17,14107.0,1.17
CRE,2024-11-14,600.0,4.03,,,0.78,68.0,100.91,14.42,12186.0,0.56
CNT,2024-11-14,,,100.0,0.01,2.8,4576.0,3.02,5.91,13594.0,1.02
CTX,2024-11-14,,0.01,,,,130.0,58.56,9.99,12900.0,0.59
CTP,2024-11-14,30.0,0.81,,,1.55,28.0,1206.71,25.56,12261.0,2.76
COM,2024-11-14,,0.21,1500.0,0.04,-0.15,2461.0,14.61,31.73,29945.0,1.2
CX8,2024-11-14,,,,,0.66,66.0,102.27,25.11,10507.0,0.65
CVN,2024-11-14,,,,,-0.32,27.0,70.14,0.94,13600.0,0.14
D11,2024-11-14,,,,,0.09,487.0,21.99,20.45,25644.0,0.42
CTW,2024-11-14,,,660.0,0.02,-1.37,3150.0,9.52,14.03,19821.0,1.51
D2D,2024-11-14,500.0,0.59,8700.0,0.27,0.6,678.0,47.17,21.79,30863.0,1.04
D17,2024-11-14,,,2000.0,0.05,0.06,1405.0,30.25,11.64,21967.0,1.93
DAD,2024-11-14,,,2000.0,0.1,-0.02,2494.0,8.38,6.97,20936.0,1.0
DAC,2024-11-14,,6.46,,,0.29,-4503.0,-1.0,-0.53,1997.0,2.25
CVT,2024-11-14,,0.46,,,0.36,1418.0,17.38,17.73,26528.0,0.93
DAG,2024-11-14,,0.86,,,0.56,-889.0,-1.57,8.89,452.0,3.1
DAE,2024-11-14,,,1200.0,0.08,0.3,1665.0,9.31,7.65,21893.0,0.71
DAN,2024-11-14,,0.17,700.0,0.02,-0.45,3012.0,10.13,8.29,36128.0,0.84
DBC,2024-11-14,26000.0,7.95,,,1.54,2151.0,12.97,12.79,19503.0,1.43
DAH,2024-11-14,,,,,0.77,20.0,157.84,26.1,10955.0,0.28
DAT,2024-11-14,,0.01,,,0.28,938.0,7.95,5.16,12654.0,0.59
DC2,2024-11-14,,2.4,,,0.3,529.0,12.1,9.05,11047.0,0.58
DAS,2024-11-14,,,1000.0,0.16,0.25,,,5.25,,
DBD,2024-11-14,4500.0,14.64,,,0.44,3427.0,14.14,14.17,17448.0,2.78
DBT,2024-11-14,,1.28,,,0.39,987.0,12.06,4.98,14070.0,0.85
DC4,2024-11-14,5300.0,0.46,,,1.0,3744.0,3.3,6.48,13559.0,0.91
DBM,2024-11-14,,1.07,1700.0,0.07,0.23,2895.0,8.81,8.25,24723.0,1.03
DCF,2024-11-14,,,,,0.49,1742.0,33.86,38.48,15784.0,3.74
DCM,2024-11-14,16600.0,7.04,2000.0,0.05,1.69,2886.0,13.1,25.18,18690.0,2.02
CYC,2024-11-14,,10.69,,,,-14134.0,-0.21,13.12,5942.0,0.49
DCH,2024-11-14,,,100.0,0.01,0.08,,,55.8,,
DCL,2024-11-14,,1.12,,,0.59,869.0,30.71,15.27,20316.0,1.31
DC1,2024-11-14,,0.74,,,-0.78,,,19.53,,
DCS,2024-11-14,,0.62,,,-0.4,11.0,52.22,15.73,10487.0,0.06
DDG,2024-11-14,,3.69,,,1.44,184.0,15.76,57.88,10090.0,0.29
DCG,2024-11-14,,5.25,1500.0,0.13,-0.16,659.0,18.22,4.55,13442.0,0.89
DDH,2024-11-14,,,600.0,0.03,-0.4,,,11.9,,
DCT,2024-11-14,,0.39,,,-0.03,-3078.0,-0.19,5.36,-17660.0,-0.03
DCR,2024-11-14,,,,,-1.12,324.0,16.79,35.36,10556.0,0.52
DDV,2024-11-14,,5.41,600.0,0.03,3.38,1185.0,14.8,20.47,11766.0,1.49
DFC,2024-11-14,,,2000.0,0.1,-0.19,1565.0,12.78,7.76,24024.0,0.83
DDM,2024-11-14,,0.11,,,-1.04,-8479.0,-0.22,0.19,-73544.0,-0.03
DGC,2024-11-14,156720.0,18.01,6000.0,0.05,1.62,7743.0,15.06,14.28,37235.0,3.13
DGT,2024-11-14,,0.07,,,1.76,462.0,13.0,12.04,12711.0,0.47
DFF,2024-11-14,,,,,2.08,-2450.0,-0.77,18.84,6404.0,0.29
DDN,2024-11-14,,,,,0.22,531.0,14.87,25.26,13447.0,0.59
DHC,2024-11-14,,39.37,2000.0,0.06,0.64,3330.0,10.45,9.34,24330.0,1.43
DHA,2024-11-14,300.0,10.17,2000.0,0.05,0.71,4216.0,9.56,15.89,28499.0,1.41
DHG,2024-11-14,400.0,53.75,7500.0,0.07,0.34,6362.0,16.13,12.42,33726.0,3.04
DHD,2024-11-14,,,300.0,0.01,-0.02,1721.0,15.98,24.02,15832.0,1.74
DHP,2024-11-14,,0.44,1000.0,0.09,-0.3,1456.0,7.83,7.84,18114.0,0.63
DIG,2024-11-14,38200.0,4.55,,,1.31,135.0,152.12,12.44,13035.0,1.58
DHN,2024-11-14,,,2000.0,0.08,-0.01,,,10.63,,
DID,2024-11-14,,0.04,,,1.29,67.0,62.46,65.66,11801.0,0.36
DIC,2024-11-14,,0.33,,,-0.17,-1409.0,-0.71,18.99,-3469.0,-0.29
DHB,2024-11-14,,,,,1.75,5835.0,1.4,13.25,2023.0,4.05
DKC,2024-11-14,,,1300.0,1.86,0.35,,,0.65,,
DL1,2024-11-14,6100.0,5.87,,,0.88,497.0,12.49,8.67,13959.0,0.44
DLD,2024-11-14,,,,,2.34,-2131.0,-2.67,-9.32,4194.0,1.36
DGW,2024-11-14,17500.0,22.9,500.0,0.01,1.6,2333.0,18.45,19.09,13080.0,3.29
DHM,2024-11-14,,0.13,,,0.42,234.0,38.91,25.71,11342.0,0.8
DMC,2024-11-14,,56.56,2500.0,0.04,0.53,5289.0,12.61,11.58,44221.0,1.51
DLR,2024-11-14,,4.71,,,-0.19,396.0,45.47,137.63,-3875.0,-4.65
DM7,2024-11-14,,,1711.0,0.09,0.37,4004.0,5.0,5.64,18969.0,1.05
DMN,2024-11-14,,,,,0.26,458.0,11.25,2.8,12893.0,0.4
DLT,2024-11-14,,0.04,1000.0,0.16,,-37446.0,-0.17,0.28,337805.0,0.02
DNA,2024-11-14,,,1500.0,0.06,-0.49,2276.0,10.46,8.36,15346.0,1.55
DNC,2024-11-14,,,2500.0,0.03,-0.23,6468.0,11.91,12.24,16650.0,4.62
DHT,2024-11-14,200.0,35.99,1000.0,0.01,0.35,792.0,87.49,72.69,13074.0,5.3
DMS,2024-11-14,,,200.0,0.03,0.64,1269.0,6.23,9.88,12103.0,0.65
DIH,2024-11-14,,,,,-0.04,-380.0,-42.1,9.19,17340.0,0.92
DNH,2024-11-14,,,2850.0,0.06,0.76,1637.0,30.54,38.95,12663.0,3.95
DNE,2024-11-14,,,500.0,0.05,-0.51,573.0,16.77,7.36,10575.0,0.91
DND,2024-11-14,,,,,-0.05,94.0,175.35,237.0,12004.0,1.37
DNL,2024-11-14,,,1000.0,0.05,-0.29,6.0,3812.52,16.87,10344.0,2.12
DLG,2024-11-14,100.0,1.24,,,1.08,-237.0,-8.2,3.23,2149.0,0.9
DNW,2024-11-14,,0.25,1600.0,0.05,0.5,2702.0,11.98,15.67,19787.0,1.64
DNP,2024-11-14,,0.18,,,0.88,326.0,63.82,40.17,42819.0,0.49
DNT,2024-11-14,,,1000.0,0.03,-0.46,,,23.74,,
DNM,2024-11-14,,3.5,,,-0.31,-11013.0,-0.82,116.47,515.0,17.48
DNN,2024-11-14,,,1700.0,8.5,,1471.0,0.14,0.13,13584.0,0.01
DOC,2024-11-14,,,400.0,0.04,-0.26,,,29.26,,
DP2,2024-11-14,,,,,-0.87,-884.0,-3.28,580.0,3939.0,0.74
DPG,2024-11-14,14600.0,6.55,1000.0,0.02,2.17,3424.0,15.45,9.7,39777.0,1.33
DPC,2024-11-14,,1.23,,,1.2,-2124.0,-4.71,4.47,11360.0,0.88
DP1,2024-11-14,,,2300.0,0.06,1.23,6597.0,5.61,8.06,19598.0,1.89
DP3,2024-11-14,,,3000.0,0.05,0.5,5657.0,10.25,14.5,21804.0,2.66
DPM,2024-11-14,95300.0,7.61,2000.0,0.06,1.41,1700.0,20.02,24.59,28704.0,1.19
DPH,2024-11-14,,0.06,1700.0,0.03,0.02,567.0,88.16,7.72,23699.0,2.11
ECI,2024-11-14,,,600.0,0.02,0.02,-4313.0,-5.68,12.86,16630.0,1.47
DRC,2024-11-14,2900.0,9.44,1200.0,0.04,1.3,2259.0,12.39,14.59,16125.0,1.74
DPR,2024-11-14,100.0,5.03,1500.0,0.04,1.52,2719.0,14.18,15.1,37062.0,1.04
DPP,2024-11-14,,,1200.0,0.07,-0.24,,,6.25,,
DRH,2024-11-14,,0.91,,,1.19,-955.0,-1.99,47.25,11563.0,0.16
DQC,2024-11-14,,0.61,,,0.33,-938.0,-13.76,22.16,32295.0,0.4
DRI,2024-11-14,1500.0,0.11,600.0,0.05,2.94,1393.0,8.64,14.54,7809.0,1.54
DRG,2024-11-14,,,,,1.71,382.0,21.26,92.51,11699.0,0.69
DS3,2024-11-14,,0.34,,,-0.39,1452.0,3.65,5.65,7851.0,0.68
DSE,2024-11-14,,13.16,,,0.96,748.0,31.5,45.71,12611.0,1.87
DSG,2024-11-14,,0.17,,,0.55,-608.0,-8.89,-17.17,60.0,90.0
DSD,2024-11-14,,,,,,166.0,120.16,77.53,12876.0,1.55
DST,2024-11-14,,,,,1.57,320.0,9.7,32.68,12386.0,0.25
DSN,2024-11-14,,15.79,4000.0,0.07,0.24,8062.0,6.78,6.36,27913.0,1.96
DPS,2024-11-14,,0.34,,,,-217.0,-1.38,0.67,10472.0,0.03
DTD,2024-11-14,500.0,0.79,,,3.0,2829.0,9.72,5.82,22744.0,1.21
DOP,2024-11-14,,,1200.0,0.09,-0.16,,,6.96,,
DRL,2024-11-14,,2.93,5800.0,0.1,0.15,4884.0,12.35,13.84,11567.0,5.21
DTA,2024-11-14,,0.2,,,-0.14,95.0,43.3,22.47,11320.0,0.36
DTC,2024-11-14,,,,,0.47,-3624.0,-1.3,-1.56,2041.0,2.3
DSP,2024-11-14,,,,,0.06,-31.0,-429.51,518.69,8047.0,1.68
DTB,2024-11-14,,,1073.0,0.1,-2.38,,,6.36,,
DTE,2024-11-14,,,,,-0.05,699.0,7.3,2.0,11282.0,0.45
DTG,2024-11-14,,0.08,,,0.6,3857.0,6.07,5.89,21061.0,1.11
DTH,2024-11-14,,,300.0,0.02,-0.12,482.0,28.2,18.15,18177.0,0.75
DTK,2024-11-14,,0.01,400.0,0.03,-0.02,883.0,14.37,13.18,12202.0,1.04
DTL,2024-11-14,,,,,0.28,-240.0,-43.49,37.77,12543.0,0.83
DTP,2024-11-14,,,1500.0,0.01,0.11,14883.0,9.74,9.05,57321.0,2.53
DTT,2024-11-14,,0.17,800.0,0.04,-0.01,1360.0,13.71,20.27,16000.0,1.17
DVM,2024-11-14,,,,,0.99,1208.0,7.04,7.35,16981.0,0.5
DVN,2024-11-14,,,700.0,0.03,1.85,1943.0,11.68,11.3,14220.0,1.6
DVP,2024-11-14,,14.08,7000.0,0.09,0.3,8235.0,9.4,8.97,35678.0,2.17
DTI,2024-11-14,,,,,1.4,15.0,149.56,4.24,10059.0,0.22
DVG,2024-11-14,,,,,-0.74,16.0,82.64,4.85,11196.0,0.12
DXG,2024-11-14,172100.0,18.21,,,1.73,209.0,78.65,9.87,21694.0,0.76
DUS,2024-11-14,,,,,,6.0,1317.07,-0.97,13641.0,0.59
DWC,2024-11-14,,,,,-0.17,1267.0,8.05,28.4,11019.0,0.93
DWS,2024-11-14,,,600.0,0.04,-0.14,1715.0,7.87,7.9,13663.0,0.99
DVC,2024-11-14,,,600.0,0.06,-0.9,,,6.42,,
DXL,2024-11-14,,1.86,125.0,0.01,-0.18,6197.0,1.65,50.46,12237.0,0.83
DXP,2024-11-14,,,500.0,0.04,1.43,1022.0,11.65,9.51,14106.0,0.84
DVW,2024-11-14,,,2000.0,0.1,0.19,,,6.11,,
DXS,2024-11-14,326200.0,18.51,,,1.53,-17.0,-399.18,1.88,14291.0,0.48
DXV,2024-11-14,,0.54,,,0.53,-994.0,-4.29,-5.95,9965.0,0.43
E12,2024-11-14,,,,,1.28,-2352.0,-2.59,2.09,9859.0,0.62
DZM,2024-11-14,,9.71,,,,-212.0,-13.69,8.4,-872.0,-3.33
E1VFVN30,2024-11-14,1525600.0,87.53,,,,,,,,
ECO,2024-11-14,,,,,3.59,322.0,44.16,,10921.0,1.3
E29,2024-11-14,,,500.0,0.07,0.83,39.0,191.91,8.61,10048.0,0.74
EIB,2024-11-14,,3.11,300.0,0.02,0.49,1547.0,12.05,6.29,12979.0,1.44
EBS,2024-11-14,,0.66,800.0,0.07,1.19,1573.0,6.87,10.51,15389.0,0.7
EFI,2024-11-14,,0.03,,,0.55,48.0,33.07,17.41,15037.0,0.11
EIC,2024-11-14,,,1700.0,0.07,-1.56,1399.0,16.51,23.95,11962.0,1.93
ELC,2024-11-14,20900.0,3.08,,,1.91,772.0,34.85,20.75,14173.0,1.9
EIN,2024-11-14,,,,,0.82,-136.0,-19.32,119.26,8765.0,0.3
EID,2024-11-14,,,1400.0,0.05,0.25,5174.0,5.28,6.4,30461.0,0.9
EMS,2024-11-14,,,1000.0,0.04,0.56,3066.0,9.2,8.53,13930.0,2.02
EVE,2024-11-14,1900.0,67.01,500.0,0.05,0.99,-784.0,-13.51,7.42,22435.0,0.47
EVF,2024-11-14,14600.0,0.73,,,1.69,754.0,14.52,13.18,12603.0,0.87
EPH,2024-11-14,,0.24,1300.0,0.08,0.53,-331.0,-48.62,4.47,11203.0,1.44
EVS,2024-11-14,,0.36,,,1.62,52.0,99.79,7.99,11860.0,0.44
FBC,2024-11-14,,,20000.0,5.41,,929.0,3.98,0.23,17627.0,0.21
FCN,2024-11-14,,31.24,100.0,0.01,1.03,-204.0,-62.77,33.59,21215.0,0.6
FGL,2024-11-14,,,,,0.24,-1100.0,-9.18,-25.27,1373.0,7.36
FHS,2024-11-14,,,1800.0,0.06,-0.26,4509.0,6.92,5.68,15897.0,1.96
FHN,2024-11-14,,,400.0,0.03,0.12,141.0,99.87,19.23,15962.0,0.88
FIC,2024-11-14,,,500.0,0.03,-0.31,448.0,32.04,23.79,12568.0,1.14
FID,2024-11-14,,,,,-0.32,-180.0,-7.22,26.78,10666.0,0.12
FMC,2024-11-14,,31.03,2000.0,0.04,0.64,4251.0,10.7,9.3,34848.0,1.31
FIT,2024-11-14,,0.03,,,0.85,461.0,9.15,5.31,17469.0,0.24
FLC,2024-11-14,,2.16,,,,-2649.0,-1.32,2.82,11190.0,0.31
FOC,2024-11-14,,0.87,2000.0,0.02,1.95,7795.0,10.9,7.48,42855.0,1.98
FOX,2024-11-14,,,2000.0,0.02,1.84,5627.0,16.98,13.4,20705.0,4.61
FPT,2024-11-14,487810.0,45.93,1000.0,0.01,1.04,5652.0,24.38,18.51,24213.0,5.69
FRC,2024-11-14,,,,,0.13,8.0,3320.0,10.67,11678.0,2.13
FRT,2024-11-14,15200.0,37.47,,,0.89,775.0,215.71,182.13,14614.0,11.43
FSO,2024-11-14,,,,,,,,41.49,,
FTI,2024-11-14,,,,,,-331.0,-11.18,70.72,8688.0,0.43
FDC,2024-11-14,,0.02,,,-0.12,26.0,612.09,120.6,11571.0,1.38
EVG,2024-11-14,53500.0,0.46,,,1.71,178.0,34.52,13.97,13233.0,0.47
FIR,2024-11-14,2800.0,0.2,,,0.17,25.0,185.92,3.77,11544.0,0.41
FTS,2024-11-14,74400.0,30.38,500.0,0.01,1.87,1822.0,23.47,31.14,12940.0,3.3
FCC,2024-11-14,,,,,,,,99.95,,
FT1,2024-11-14,,1.52,3700.0,0.08,0.25,,,6.4,,
FCS,2024-11-14,,,,,2.02,-17.0,-467.18,183.25,2090.0,3.78
FTM,2024-11-14,,0.55,,,0.02,-2591.0,-0.27,5.83,-15777.0,-0.04
FCM,2024-11-14,,2.94,,,0.96,-41.0,-79.16,9.65,11717.0,0.27
FRM,2024-11-14,,,426.0,0.1,0.07,117.0,34.92,18.45,11343.0,0.36
FUCTVGF3,2024-11-14,,,,,,,,,,
GSM,2024-11-14,,,2000.0,0.09,1.05,1700.0,13.53,25.85,16119.0,1.43
FUCTVGF4,2024-11-14,,,,,,,,,,
FUEDCMID,2024-11-14,600.0,83.26,,,,,,,,
FUEKIV30,2024-11-14,2000000.0,96.76,,,,,,,,
FUCVREIT,2024-11-14,,1.62,,,,,,,,
FUEBFVND,2024-11-14,,,,,,,,,,
FUEKIVFS,2024-11-14,,87.26,,,,,,,,
FUEFCV50,2024-11-14,,1.81,,,,,,,,
FUEIP100,2024-11-14,,2.22,,,,,,,,
FUCTVGF5,2024-11-14,,0.46,,,,,,,,
FUEABVND,2024-11-14,,,,,,,,,,
FUEMAV30,2024-11-14,6200.0,89.63,,,,,,,,
FUEKIVND,2024-11-14,,98.39,,,,,,,,
FUESSV30,2024-11-14,1300.0,33.32,,,,,,,,
G20,2024-11-14,,0.14,,,1.29,-1835.0,-0.27,2.77,4322.0,0.12
FUESSVFL,2024-11-14,5200.0,50.59,,,,,,,,
FUEVN100,2024-11-14,100.0,7.62,,,,,,,,
FUEVFVND,2024-11-14,105580.0,93.5,,,,,,,,
GAB,2024-11-14,,0.31,,,,-447.0,-438.93,975.71,10052.0,19.54
GAS,2024-11-14,170200.0,1.8,6000.0,0.09,0.63,4831.0,14.39,28.08,25465.0,2.73
G36,2024-11-14,,,,,1.83,524.0,12.52,63.53,10872.0,0.6
GCB,2024-11-14,,,,,,577.0,31.18,5.89,16405.0,1.1
FUEMAVND,2024-11-14,,92.9,,,,,,,,
GCF,2024-11-14,,0.01,,,-0.5,1957.0,11.62,13.33,13868.0,1.64
GDT,2024-11-14,200.0,10.55,1000.0,0.03,1.01,2516.0,11.39,10.38,14388.0,1.99
GDA,2024-11-14,,20.63,2000.0,0.07,2.54,2966.0,9.56,10.84,34078.0,0.83
GDW,2024-11-14,,6.29,1400.0,0.05,-0.72,1533.0,18.27,5.85,18294.0,1.53
GH3,2024-11-14,,,430.0,0.07,,,,10.54,,
GEX,2024-11-14,69700.0,6.45,,,1.53,1217.0,15.61,8.5,26275.0,0.72
GEG,2024-11-14,,45.54,,,1.59,318.0,34.28,17.06,16249.0,0.67
GEE,2024-11-14,,0.02,1000.0,0.03,1.39,3739.0,8.83,10.99,22208.0,1.49
GIL,2024-11-14,186000.0,2.19,,,1.81,1489.0,13.5,14.06,36552.0,0.55
GGG,2024-11-14,,2.09,,,0.17,-634.0,-6.31,1.96,-1559.0,-2.57
GER,2024-11-14,,0.01,400.0,0.03,-0.29,-417.0,-30.92,20.07,10618.0,1.21
GIC,2024-11-14,,10.38,1200.0,0.08,-0.05,1505.0,9.83,10.87,19725.0,0.75
GHC,2024-11-14,,3.97,3000.0,0.11,0.51,3278.0,8.71,9.58,22485.0,1.27
GLC,2024-11-14,,,,,,-1455.0,-6.87,-6.72,704.0,14.2
GKM,2024-11-14,,0.01,,,0.26,683.0,8.49,3.04,10861.0,0.53
GLW,2024-11-14,,,300.0,0.03,0.19,658.0,13.98,14.88,10868.0,0.85
GMA,2024-11-14,,,,,-0.15,853.0,62.82,536.0,23805.0,2.25
GMD,2024-11-14,108532.0,49.0,2200.0,0.03,0.93,4260.0,15.45,12.12,33909.0,1.94
GPC,2024-11-14,,,,,1.54,1171.0,2.56,3.9,14352.0,0.21
GLT,2024-11-14,,,1500.0,0.06,0.22,152.0,174.02,15.46,15233.0,1.74
GMH,2024-11-14,,0.72,1000.0,0.12,0.65,410.0,19.87,8.15,10654.0,0.76
GMC,2024-11-14,,6.89,,,-0.25,-480.0,-16.98,6.72,11772.0,0.69
GND,2024-11-14,,0.25,2000.0,0.07,-0.27,508.0,52.9,9.29,15590.0,1.73
GMX,2024-11-14,,6.3,2400.0,0.13,-0.05,1990.0,9.55,7.29,13217.0,1.44
GSP,2024-11-14,,0.7,,,0.94,1839.0,7.01,9.43,13681.0,0.94
GTA,2024-11-14,,0.15,550.0,0.05,0.92,937.0,10.99,12.51,16125.0,0.64
GTS,2024-11-14,,,800.0,0.08,0.31,996.0,10.14,12.45,11013.0,0.92
GVR,2024-11-14,29250.0,0.36,650.0,0.02,2.35,862.0,37.77,37.88,14339.0,2.27
GTD,2024-11-14,,,,,0.14,,,827.91,,
GTT,2024-11-14,,0.12,,,,-2979.0,-0.1,-0.08,-24716.0,-0.01
GVT,2024-11-14,,0.02,3600.0,0.05,0.4,1034.0,75.4,15.61,12607.0,6.19
HAC,2024-11-14,,0.63,,,1.74,336.0,30.98,7.99,9243.0,1.13
HAF,2024-11-14,,,,,-0.45,-509.0,-25.24,16.86,10391.0,1.24
HAG,2024-11-14,1365200.0,2.62,,,1.01,1851.0,6.1,9.05,8473.0,1.33
HAD,2024-11-14,,11.6,1200.0,0.08,0.25,1833.0,8.46,13.76,19038.0,0.81
HAH,2024-11-14,676900.0,11.01,,,1.22,3939.0,11.7,19.29,29864.0,1.54
H11,2024-11-14,,0.23,,,0.85,,,0.02,,
HAM,2024-11-14,,,1000.0,0.03,-0.04,,,7.23,,
HAP,2024-11-14,,2.21,,,0.79,118.0,36.38,9.22,11694.0,0.37
HAI,2024-11-14,,1.18,,,,-57.0,-26.23,34.25,9941.0,0.15
HAR,2024-11-14,600.0,2.57,,,1.27,90.0,37.62,17.79,11229.0,0.3
HAN,2024-11-14,,,700.0,0.07,2.33,432.0,23.86,32.07,11469.0,0.9
HBC,2024-11-14,143200.0,10.44,,,1.19,2921.0,1.69,3.96,4739.0,1.04
HAT,2024-11-14,200.0,5.06,3000.0,0.07,-0.89,8247.0,5.21,7.19,24476.0,1.76
HAX,2024-11-14,71400.0,16.28,300.0,0.02,1.22,1145.0,14.23,8.76,12601.0,1.29
HAS,2024-11-14,,15.33,50.0,0.01,0.76,-553.0,-14.82,13.12,16921.0,0.48
HC3,2024-11-14,,0.2,2000.0,0.08,-1.78,2016.0,13.15,12.18,34399.0,0.77
HBD,2024-11-14,,0.47,1400.0,0.08,0.21,1348.0,12.98,9.89,14685.0,1.19
HAV,2024-11-14,,,,,0.59,,,2220.39,,
HBH,2024-11-14,,2.01,,,-0.97,-130.0,-44.52,96.27,9842.0,0.59
HC1,2024-11-14,,,1000.0,0.09,0.51,482.0,23.25,7.31,24076.0,0.47
HCB,2024-11-14,,,2000.0,0.07,-0.32,,,6.07,,
HCD,2024-11-14,,,,,1.15,1450.0,6.03,5.31,12906.0,0.68
HBS,2024-11-14,,0.17,2000.0,0.27,1.58,437.0,16.94,5.31,10960.0,0.68
HCM,2024-11-14,690500.0,45.4,1178.0,0.04,1.84,1680.0,16.67,17.01,14286.0,1.96
HD2,2024-11-14,,0.06,,,0.62,1854.0,9.87,48.23,16430.0,1.11
HCC,2024-11-14,,13.05,1200.0,0.1,-0.09,1634.0,7.41,5.72,12707.0,0.95
HCT,2024-11-14,,0.38,,,,-883.0,-10.87,40.33,18880.0,0.51
HCI,2024-11-14,,,,,,,,23.02,,
HDG,2024-11-14,6600.0,15.43,500.0,0.02,1.89,2305.0,12.5,9.97,22465.0,1.28
HD8,2024-11-14,,,1300.0,0.15,0.01,,,123.61,,
HDA,2024-11-14,,,,,0.59,-75.0,-50.45,6.56,12068.0,0.31
HDB,2024-11-14,840300.0,17.52,1000.0,0.04,1.11,4478.0,5.73,5.92,18398.0,1.39
HDC,2024-11-14,19000.0,2.92,,,1.5,790.0,33.04,10.98,12728.0,2.05
HD6,2024-11-14,,,,,1.19,1156.0,11.63,4.52,20843.0,0.65
HDS,2024-11-14,,,,,,41.0,201.7,20.03,10224.0,0.81
HDM,2024-11-14,,0.06,4000.0,0.12,0.81,5194.0,6.56,6.22,21015.0,1.62
HDP,2024-11-14,,,1200.0,0.06,0.09,434.0,42.89,12.32,13684.0,1.36
HDO,2024-11-14,,0.44,,,,-6236.0,-0.06,4.52,-9279.0,-0.04
HEC,2024-11-14,,,4500.0,0.08,0.19,,,7.48,,
HDW,2024-11-14,,0.04,792.0,0.06,-0.87,1508.0,9.28,9.92,14083.0,0.99
HFB,2024-11-14,,,850.0,0.1,-0.96,,,11.64,,
HEJ,2024-11-14,,,,,-0.02,,,63.61,,
HEP,2024-11-14,,0.72,1039.0,0.06,-0.08,,,7.27,,
HFC,2024-11-14,,,,,2.5,,,7.3,,
HGM,2024-11-14,,0.2,6500.0,0.05,-0.08,11214.0,11.82,33.39,25910.0,5.11
HEV,2024-11-14,,2.34,,,-0.08,-1208.0,-18.13,43.8,12209.0,1.79
HES,2024-11-14,,,,,0.1,515.0,92.18,31.7,12500.0,3.8
HFX,2024-11-14,,,,,-1.21,,,4.95,,
HHC,2024-11-14,,0.22,,,-0.77,2916.0,35.32,24.17,38597.0,2.67
HHG,2024-11-14,,0.2,,,2.24,-991.0,-1.42,9.19,2677.0,0.52
HHV,2024-11-14,23300.0,7.98,,,1.21,672.0,16.81,12.09,15744.0,0.72
HID,2024-11-14,,0.58,,,0.67,269.0,10.09,11.67,11890.0,0.23
HHP,2024-11-14,,6.79,,,0.68,202.0,44.97,17.45,11869.0,0.76
HHN,2024-11-14,,,1200.0,2.4,,,,0.55,,
HHS,2024-11-14,31400.0,5.31,,,1.87,1325.0,5.48,8.91,12984.0,0.56
HGT,2024-11-14,,49.0,,,-0.98,3537.0,2.88,59.82,10695.0,0.95
HII,2024-11-14,,0.85,,,0.77,64.0,68.83,3.51,13391.0,0.33
HIO,2024-11-14,,0.04,,,0.24,927.0,11.34,11.15,11972.0,0.88
HIG,2024-11-14,,,,,0.29,375.0,27.26,11.52,19356.0,0.53
HJC,2024-11-14,,,,,-0.17,1109.0,5.32,7.15,13952.0,0.42
HJS,2024-11-14,,0.62,2200.0,0.07,0.27,2519.0,13.06,16.26,14984.0,2.2
HKT,2024-11-14,,0.26,,,0.34,151.0,56.99,10.55,11722.0,0.73
HLA,2024-11-14,,0.12,,,,-3771.0,-0.11,0.4,-46986.0,-0.01
HLD,2024-11-14,,4.22,,,0.49,113.0,238.91,215.94,21271.0,1.27
HKB,2024-11-14,,0.82,,,1.94,-1137.0,-0.53,-2.67,1981.0,0.3
HLC,2024-11-14,,9.66,800.0,0.07,0.9,2946.0,4.11,3.1,15457.0,0.78
HLT,2024-11-14,,,,,0.02,16.0,777.01,15.03,19390.0,0.63
HLS,2024-11-14,,,1000.0,0.06,-0.02,,,12.93,,
HLO,2024-11-14,,39.35,,,0.15,,,18.94,,
HMC,2024-11-14,,0.44,800.0,0.07,0.74,1071.0,10.17,18.6,14436.0,0.76
HLB,2024-11-14,,,9000.0,0.03,-0.85,,,9.61,,
HLY,2024-11-14,,1.56,,,-0.16,-4613.0,-3.58,-1.91,609064.0,0.03
HMG,2024-11-14,,,800.0,0.07,,2043.0,5.68,10.44,11124.0,1.04
HMR,2024-11-14,,,968.0,0.09,0.59,983.0,11.19,7.72,13329.0,0.83
HMH,2024-11-14,,0.45,,,-0.53,1211.0,11.48,22.93,17006.0,0.82
HMS,2024-11-14,,,800.0,0.03,0.84,,,10.77,,
HND,2024-11-14,,0.02,1102.0,0.08,0.9,613.0,21.32,17.48,12223.0,1.07
HNA,2024-11-14,,,,,-0.13,1086.0,23.58,33.46,13367.0,1.92
HNF,2024-11-14,,0.09,7000.0,0.24,0.44,4996.0,5.72,12.55,21722.0,1.32
HNI,2024-11-14,,,1500.0,0.06,0.66,2990.0,7.73,17.18,17586.0,1.31
HNB,2024-11-14,,0.29,650.0,0.05,2.01,740.0,17.37,8.68,10688.0,1.2
HNG,2024-11-14,,1.73,,,1.56,-1043.0,-4.69,-45.13,1677.0,2.92
HNP,2024-11-14,,2.67,500.0,0.02,-0.22,,,26.51,12531.0,1.69
HNM,2024-11-14,,,,,0.99,605.0,14.22,7.96,10579.0,0.81
HNR,2024-11-14,,45.57,,,,-586.0,-20.49,-10.62,17417.0,0.69
HOM,2024-11-14,,0.81,,,0.09,-783.0,-4.85,-2.72,12195.0,0.31
HPG,2024-11-14,1218300.0,22.13,,,0.93,2028.0,13.34,17.3,17476.0,1.55
HPD,2024-11-14,,10.21,1000.0,0.04,0.13,1027.0,22.29,9.53,13296.0,1.72
HOT,2024-11-14,,,,,-0.2,1164.0,9.02,16.66,6650.0,1.58
HPH,2024-11-14,,,,,0.19,,,18.36,,
HPB,2024-11-14,,0.08,1500.0,0.08,-0.18,4007.0,4.62,21.75,21939.0,0.84
HPI,2024-11-14,,,,,0.27,1416.0,10.45,36.75,6791.0,2.18
HPM,2024-11-14,,1.28,,,0.05,3228.0,2.69,2.2,10000.0,0.87
HPW,2024-11-14,,0.12,850.0,0.05,0.65,1455.0,11.75,13.57,14246.0,1.2
HPP,2024-11-14,,23.52,3000.0,0.04,0.35,,,6.22,,
HPX,2024-11-14,4000.0,0.37,,,1.52,418.0,11.28,13.67,11948.0,0.4
HQC,2024-11-14,,0.66,,,0.85,54.0,58.4,1.82,9398.0,0.34
HPT,2024-11-14,,3.47,1200.0,0.06,0.89,34.0,576.49,6.52,3553.0,5.47
HSA,2024-11-14,,,,,,9841.0,3.35,12.18,33698.0,0.98
HRB,2024-11-14,,,3050.0,0.05,,,,27.89,,
HSG,2024-11-14,100500.0,10.54,500.0,0.03,1.67,827.0,24.13,30.72,17573.0,1.14
HRC,2024-11-14,,0.6,,,-0.54,640.0,64.66,229.46,18163.0,2.28
HSP,2024-11-14,,2.93,1140.0,0.11,0.12,1411.0,7.58,9.19,15581.0,0.69
HSM,2024-11-14,,,,,0.38,-7021.0,-0.77,17.3,18565.0,0.29
HSL,2024-11-14,,1.79,,,0.46,325.0,12.84,8.84,11561.0,0.36
HSI,2024-11-14,,,,,0.04,-3721.0,-0.3,5.5,-1257.0,-0.88
HSV,2024-11-14,,0.06,,,3.09,189.0,19.62,14.57,10901.0,0.34
HT1,2024-11-14,,1.36,,,0.98,257.0,45.99,194.05,12733.0,0.93
HTG,2024-11-14,,0.02,4500.0,0.1,0.74,6126.0,7.48,7.5,26052.0,1.76
HTE,2024-11-14,,,,,1.42,57.0,67.79,62.91,10156.0,0.38
HTC,2024-11-14,,,1400.0,0.04,0.44,2104.0,16.63,15.33,17648.0,1.98
HTI,2024-11-14,,15.29,1600.0,0.1,0.08,2475.0,6.48,5.34,19569.0,0.82
HTL,2024-11-14,,30.14,5000.0,0.17,0.44,4130.0,7.02,68.75,18195.0,1.59
HTN,2024-11-14,7000.0,0.97,,,1.51,504.0,15.03,10.72,17174.0,0.44
HTT,2024-11-14,,0.72,,,0.3,-415.0,-3.37,4.55,5880.0,0.24
HTM,2024-11-14,,,,,0.8,-99.0,-102.99,-533.09,10025.0,1.02
HTP,2024-11-14,,,,,2.85,-634.0,-4.73,236.22,23692.0,0.13
HU3,2024-11-14,,0.3,,,1.47,-1269.0,-2.77,43.95,14308.0,0.25
HU1,2024-11-14,,0.02,300.0,0.05,0.16,27.0,247.84,17.37,14904.0,0.44
HUB,2024-11-14,,1.13,1500.0,0.08,0.48,2510.0,7.43,8.17,22640.0,0.82
HU4,2024-11-14,,0.13,1000.0,0.09,1.35,590.0,18.49,6.4,13347.0,0.82
HTV,2024-11-14,,5.9,300.0,0.03,-0.02,674.0,14.4,14.6,25078.0,0.39
HUT,2024-11-14,,1.57,,,0.71,76.0,213.66,21.91,13655.0,1.19
HU6,2024-11-14,,,,,-0.82,,,2190.26,,
HVA,2024-11-14,,24.29,,,1.24,76.0,79.12,4.12,10368.0,0.58
HUG,2024-11-14,,,3000.0,0.09,-0.34,3287.0,9.86,11.49,13980.0,2.32
HVH,2024-11-14,14000.0,0.73,,,0.88,620.0,13.35,11.2,13683.0,0.6
HVN,2024-11-14,39800.0,7.71,,,2.19,1794.0,14.5,-9.85,-5007.0,-5.19
HVT,2024-11-14,200.0,1.42,3000.0,0.03,0.84,6289.0,14.79,9.64,38705.0,2.4
HVX,2024-11-14,,0.95,,,0.33,-1625.0,-1.54,-2.36,8188.0,0.31
IBC,2024-11-14,,1.33,,,,-1048.0,-1.62,1.0,18285.0,0.09
HVG,2024-11-14,,0.55,,,,-2771.0,-0.51,0.91,2901.0,0.48
HWS,2024-11-14,,1.03,950.0,0.06,0.38,1443.0,11.64,10.61,12496.0,1.34
ICC,2024-11-14,,6.7,1800.0,0.07,-1.31,,,16.47,,
ICG,2024-11-14,,6.28,500.0,0.07,0.44,-467.0,-14.36,67.0,16212.0,0.41
IBD,2024-11-14,,,900.0,0.08,-0.18,208.0,55.24,10.64,10203.0,1.13
ICF,2024-11-14,,2.7,,,0.3,-178.0,-20.36,46.53,6540.0,0.56
IDI,2024-11-14,100.0,0.84,,,1.71,254.0,33.5,8.42,12679.0,0.67
IDC,2024-11-14,276600.0,23.04,4000.0,0.07,1.2,6634.0,8.59,7.52,20275.0,2.81
ICT,2024-11-14,3200.0,0.54,500.0,0.04,0.68,1058.0,12.29,12.18,19994.0,0.65
ICN,2024-11-14,,,3000.0,0.06,0.48,10236.0,5.03,15.84,18190.0,2.83
ICI,2024-11-14,,,200.0,0.03,-1.65,,,50.4,,
IDJ,2024-11-14,16600.0,0.68,,,2.09,756.0,8.07,10.18,12048.0,0.51
IDP,2024-11-14,,13.29,8500.0,0.03,1.14,16198.0,15.23,16.94,54347.0,4.54
IJC,2024-11-14,,4.62,700.0,0.05,1.62,883.0,15.07,9.83,13285.0,1.0
IMP,2024-11-14,6300.0,49.28,1000.0,0.02,0.84,3743.0,11.43,15.59,13961.0,3.07
ILA,2024-11-14,,,,,0.85,59.0,69.09,5.35,10851.0,0.37
ILB,2024-11-14,,6.76,2107.0,0.06,0.35,4082.0,7.96,8.07,22125.0,1.47
IDV,2024-11-14,,19.91,1500.0,0.04,0.86,3922.0,9.59,10.78,24638.0,1.53
IFS,2024-11-14,,97.81,2400.0,0.09,1.46,2194.0,11.98,11.94,13704.0,1.92
ILS,2024-11-14,,,,,-0.12,578.0,25.96,253.12,9474.0,1.58
IN4,2024-11-14,,,1500.0,0.02,-0.09,1487.0,45.73,10.74,15729.0,4.32
IHK,2024-11-14,,0.09,1250.0,0.09,-0.01,2339.0,5.9,9.24,13392.0,1.03
IME,2024-11-14,,,,,,491.0,286.94,60.86,11382.0,12.39
ING,2024-11-14,,,,,0.28,-389.0,-20.81,-17.58,-1279.0,-6.33
IPA,2024-11-14,,0.52,,,1.53,2203.0,5.95,6.59,20381.0,0.64
INN,2024-11-14,,3.75,2500.0,0.05,0.11,6415.0,8.48,8.44,38173.0,1.43
INC,2024-11-14,,9.4,,,-0.24,469.0,78.65,33.64,12267.0,3.01
ILC,2024-11-14,,,,,-2.78,1930.0,3.01,3.16,8142.0,0.71
IRC,2024-11-14,,,350.0,0.04,0.2,821.0,10.59,25.37,10058.0,0.86
ITA,2024-11-14,,0.4,,,0.73,234.0,10.02,12.39,11120.0,0.21
ISG,2024-11-14,,,,,-0.14,-3204.0,-2.18,0.43,-36288.0,-0.19
IST,2024-11-14,,0.19,2300.0,0.06,-1.51,5506.0,6.54,5.97,18912.0,1.9
ITD,2024-11-14,400.0,1.08,,,1.16,-2109.0,-6.5,13.44,14279.0,0.96
ISH,2024-11-14,,,2000.0,0.07,0.1,1657.0,16.78,16.16,12717.0,2.19
ITC,2024-11-14,,0.31,,,1.2,817.0,13.28,14.94,24242.0,0.45
IVS,2024-11-14,55500.0,79.74,,,1.47,261.0,36.74,19.76,11114.0,0.86
ITS,2024-11-14,,,100.0,0.03,0.38,189.0,19.59,9.79,10741.0,0.34
KBC,2024-11-14,322800.0,19.1,,,1.62,550.0,53.71,5.67,26860.0,1.1
KCE,2024-11-14,,0.01,1000.0,0.1,0.72,1939.0,5.42,7.88,15257.0,0.69
JOS,2024-11-14,,0.27,,,0.16,-2963.0,-0.27,,-20021.0,-0.04
KAC,2024-11-14,,0.03,,,,110.0,190.11,50.4,13244.0,1.59
KDH,2024-11-14,334200.0,36.6,,,0.94,582.0,57.51,38.56,20764.0,1.61
JVC,2024-11-14,,1.52,,,0.95,394.0,8.16,11.69,4651.0,0.69
ITQ,2024-11-14,,,,,0.69,42.0,65.04,17.2,10435.0,0.26
KCB,2024-11-14,,2.57,500.0,0.07,1.0,2019.0,3.73,11.17,10875.0,0.69
KDC,2024-11-14,7600.0,19.73,1600.0,0.03,0.32,-1948.0,-25.82,18.22,24936.0,2.02
KDM,2024-11-14,,,,,0.67,318.0,50.99,28.3,10063.0,1.61
KGM,2024-11-14,,0.02,375.0,0.05,0.93,509.0,13.54,14.61,10630.0,0.65
KHG,2024-11-14,,1.02,,,1.11,114.0,46.28,9.23,11590.0,0.45
KHP,2024-11-14,,1.24,600.0,0.05,-0.33,3384.0,3.71,19.4,12831.0,0.98
KKC,2024-11-14,,0.53,,,0.77,655.0,9.31,39.65,7844.0,0.78
KHL,2024-11-14,,0.59,,,,-82.0,-8.51,16.8,3778.0,0.19
KLB,2024-11-14,30000.0,0.48,,,0.8,1854.0,6.57,5.56,17518.0,0.7
KHS,2024-11-14,,,,,-0.46,2125.0,5.65,8.05,18168.0,0.66
KIP,2024-11-14,,,800.0,0.07,0.72,1948.0,5.9,6.83,22740.0,0.51
KLF,2024-11-14,,0.53,,,,-724.0,-1.11,13.78,9686.0,0.08
KMR,2024-11-14,,62.36,,,0.5,86.0,37.18,16.6,11315.0,0.28
KHW,2024-11-14,,,1238.0,0.06,0.05,2619.0,7.48,9.07,13110.0,1.5
KHD,2024-11-14,,,,,0.51,-608.0,-14.98,11.88,13963.0,0.65
MGG,2024-11-14,,,1500.0,0.05,0.12,,,12.3,,
KOS,2024-11-14,,0.18,,,0.09,134.0,288.55,77.27,10767.0,3.58
KSB,2024-11-14,200.0,3.07,,,1.87,368.0,49.21,15.98,23026.0,0.79
KMT,2024-11-14,,,600.0,0.07,0.37,1297.0,6.86,7.3,13920.0,0.64
KPF,2024-11-14,,0.14,,,1.47,-5087.0,-0.34,90.01,8365.0,0.21
KSD,2024-11-14,,25.29,,,-0.05,2.0,2690.06,27.6,9993.0,0.46
KSF,2024-11-14,,,,,0.14,2108.0,19.26,47.76,26617.0,1.53
KSQ,2024-11-14,,0.57,,,1.58,382.0,7.59,544.09,8965.0,0.32
KSV,2024-11-14,,,500.0,0.01,-0.63,4239.0,12.27,34.67,17815.0,2.92
KST,2024-11-14,,0.38,600.0,0.05,-0.43,1269.0,8.67,8.24,12463.0,0.88
KTT,2024-11-14,,,,,-0.22,-7007.0,-0.33,0.85,1882.0,1.22
KSH,2024-11-14,,0.22,,,,-2.0,-216.22,7.67,8336.0,0.05
KTS,2024-11-14,,0.06,800.0,0.02,0.88,6891.0,6.21,8.22,45620.0,0.94
KVC,2024-11-14,,1.54,,,1.71,-405.0,-3.44,17.28,9064.0,0.15
KTC,2024-11-14,,,500.0,0.05,1.12,847.0,11.22,21.61,11575.0,0.82
KTL,2024-11-14,,0.1,1100.0,0.06,0.68,2344.0,7.55,5.23,20972.0,0.84
L10,2024-11-14,,0.95,1000.0,0.05,0.01,3310.0,6.53,11.24,27990.0,0.77
L12,2024-11-14,,0.06,,,1.72,430.0,9.3,6.97,18045.0,0.22
L14,2024-11-14,500.0,0.17,500.0,0.02,1.88,799.0,33.66,33.2,13766.0,1.95
L40,2024-11-14,,0.11,,,1.16,1260.0,30.64,28.95,19373.0,1.99
L35,2024-11-14,,0.01,,,-0.11,-3116.0,-0.96,-9.47,4692.0,0.64
KTW,2024-11-14,,,1086.0,0.11,,,,9.08,,
L44,2024-11-14,,1.08,,,-0.62,-2347.0,-0.3,5.6,-22523.0,-0.03
L63,2024-11-14,,,,,-0.65,,,22.19,,
L45,2024-11-14,,0.13,,,0.01,17.0,193.57,138.23,10942.0,0.3
L61,2024-11-14,,,,,0.49,-7010.0,-0.19,-0.17,-2555.0,-0.51
L43,2024-11-14,,1.06,,,0.71,-2365.0,-1.12,38.05,4897.0,0.54
LAF,2024-11-14,,2.51,1500.0,0.08,0.36,2844.0,6.4,6.93,15163.0,1.2
LAS,2024-11-14,4600.0,0.28,1000.0,0.04,2.56,1832.0,12.28,18.67,12808.0,1.76
LBE,2024-11-14,,,,,0.12,667.0,32.98,44.0,12426.0,1.77
LAW,2024-11-14,,,,,0.15,1075.0,26.05,18.46,16224.0,1.73
LCD,2024-11-14,,,,,,990.0,21.91,59.18,20387.0,1.06
LCG,2024-11-14,9000.0,2.05,500.0,0.05,1.3,839.0,12.4,15.49,13290.0,0.78
LBM,2024-11-14,,15.62,2500.0,0.09,1.08,3330.0,8.15,12.07,15818.0,1.72
LCC,2024-11-14,,,,,-0.38,,,-127.39,,
LCM,2024-11-14,,4.5,,,0.08,139.0,7.9,13.55,5019.0,0.22
LDG,2024-11-14,,0.92,,,1.55,-2101.0,-0.9,195.27,8757.0,0.22
LCS,2024-11-14,,0.21,,,0.36,-63.0,-14.29,13.68,9536.0,0.09
LDW,2024-11-14,,,510.0,0.03,-0.12,1157.0,13.4,15.2,11968.0,1.3
LEC,2024-11-14,,0.01,,,0.19,-754.0,-7.66,18.81,12345.0,0.47
L18,2024-11-14,,,1000.0,0.03,1.59,3611.0,10.74,15.97,18083.0,2.15
LGC,2024-11-14,,44.98,2500.0,0.04,-0.02,4805.0,12.49,12.42,29014.0,2.07
LG9,2024-11-14,,,,,2.76,,,15.68,,
LHC,2024-11-14,,0.56,2500.0,0.03,0.48,3731.0,19.54,10.14,49565.0,1.47
LHG,2024-11-14,,18.07,1900.0,0.05,1.3,4059.0,9.19,14.19,32283.0,1.16
LGL,2024-11-14,,2.1,,,0.82,-1040.0,-2.38,21.29,12357.0,0.2
LGM,2024-11-14,,,,,-1.0,,,15.01,,
LIC,2024-11-14,,,,,2.71,113.0,323.77,62.42,4635.0,7.91
LIG,2024-11-14,,,,,0.74,2.0,1387.56,4.69,12108.0,0.24
LKW,2024-11-14,,3.82,2000.0,0.07,-0.11,,,5.71,11318.0,2.65
LIX,2024-11-14,1500.0,3.84,3000.0,0.09,0.67,4581.0,7.26,8.98,14003.0,2.37
LM3,2024-11-14,,,,,,-6150.0,-0.57,29.65,-62383.0,-0.06
LM7,2024-11-14,,0.34,,,-0.05,-4751.0,-0.46,36.67,-1390.0,-1.58
LM8,2024-11-14,,0.51,1000.0,0.07,0.03,1752.0,7.68,7.28,31750.0,0.42
LMH,2024-11-14,,0.08,,,1.37,-159.0,-6.94,1.88,-1891.0,-0.58
LMC,2024-11-14,,,,,-1.62,421.0,47.78,7.73,11784.0,1.71
LPB,2024-11-14,300.0,0.52,,,0.96,3854.0,8.25,8.56,15901.0,2.0
LMI,2024-11-14,,,1300.0,0.13,-0.21,,,9.71,,
LNC,2024-11-14,,,40.0,,,104.0,96.41,95.37,10037.0,1.0
LO5,2024-11-14,,0.79,,,1.1,-1387.0,-0.79,-0.38,-22149.0,-0.05
LSS,2024-11-14,,0.82,,,1.73,1676.0,6.77,6.27,23798.0,0.48
LPT,2024-11-14,,,,,0.52,2062.0,3.18,7.16,13343.0,0.49
LQN,2024-11-14,,,,,0.92,,,8.33,,
LTC,2024-11-14,,2.07,,,-0.22,-527.0,-4.17,42.04,11295.0,0.19
LTG,2024-11-14,,33.55,,,1.38,2818.0,2.84,16.12,29520.0,0.27
LDP,2024-11-14,,,,,0.04,-478.0,-27.18,55.05,7569.0,1.72
LAI,2024-11-14,,,,,1.58,-44.0,-767.15,2.57,10851.0,3.09
MBB,2024-11-14,12660473.0,23.24,500.0,0.02,1.19,4057.0,5.95,6.29,20734.0,1.16
LUT,2024-11-14,,0.54,,,-0.62,-203.0,-3.46,13.13,7108.0,0.1
M10,2024-11-14,,,1500.0,0.07,1.37,3278.0,6.86,6.21,17302.0,1.3
MAS,2024-11-14,,15.94,,,-0.58,1740.0,20.12,31.47,8060.0,4.34
MAC,2024-11-14,,0.06,500.0,0.02,0.11,2802.0,8.42,17.86,15030.0,1.57
MBG,2024-11-14,5600.0,0.68,,,1.05,-488.0,-6.56,9.62,10562.0,0.3
MA1,2024-11-14,,,3000.0,0.06,0.32,,,4.07,,
MCF,2024-11-14,,1.48,1200.0,0.14,0.49,983.0,8.85,8.26,10845.0,0.8
MCC,2024-11-14,,0.08,,,,177.0,67.8,22.78,14340.0,0.84
MBN,2024-11-14,,,,,,,,-6.36,,
MBS,2024-11-14,5800.0,2.63,1200.0,0.04,2.45,1713.0,16.52,16.65,11291.0,2.51
MCG,2024-11-14,,0.28,,,1.32,-37.0,-50.51,69.36,4446.0,0.41
MCH,2024-11-14,1103800.0,2.46,22300.0,0.1,0.84,10831.0,20.35,22.21,21866.0,10.08
MCM,2024-11-14,,0.93,3000.0,0.08,0.76,2130.0,16.95,11.97,21375.0,1.69
MCO,2024-11-14,500.0,0.46,,,0.98,77.0,132.48,209.32,12934.0,0.79
MDA,2024-11-14,,,,,,,,4.54,,
MCP,2024-11-14,,0.16,,,,1247.0,22.86,19.3,17526.0,1.63
MDC,2024-11-14,,18.22,700.0,0.07,0.4,2274.0,4.31,3.35,14921.0,0.66
MDG,2024-11-14,,,,,-0.1,-1349.0,-8.3,5.19,11237.0,1.0
MEC,2024-11-14,,0.37,,,0.3,-2318.0,-1.98,96.07,2785.0,1.65
MDF,2024-11-14,,,,,0.99,-42.0,-153.19,10.67,11663.0,0.56
MEF,2024-11-14,,6.37,4500.0,0.78,1.45,,,0.73,,
MEL,2024-11-14,,,,,0.08,326.0,21.45,10.5,17016.0,0.41
MFS,2024-11-14,300.0,10.07,5500.0,0.14,3.37,826.0,48.28,18.74,22279.0,1.79
MES,2024-11-14,,,,,,-427.0,-23.41,5813.95,8772.0,1.14
MGC,2024-11-14,,,200.0,0.03,0.76,,,7.64,,
MGR,2024-11-14,,,,,-0.92,-733.0,-5.73,420.0,8492.0,0.49
L62,2024-11-14,,,,,-0.46,-14199.0,-0.23,136.93,-5466.0,-0.6
LLM,2024-11-14,,0.02,550.0,0.04,1.23,1308.0,10.17,17.67,12554.0,1.06
MH3,2024-11-14,,,1600.0,0.05,1.01,2112.0,15.39,19.18,22891.0,1.42
MHC,2024-11-14,,1.14,,,0.85,-680.0,-9.46,7.62,13019.0,0.49
MIG,2024-11-14,,17.03,1000.0,0.06,1.75,1552.0,10.83,7.65,11872.0,1.42
LSG,2024-11-14,,,,,1.85,-6.0,-1823.6,1089.42,11548.0,1.02
MIE,2024-11-14,,,,,-0.06,52.0,123.41,171.31,10199.0,0.63
MHL,2024-11-14,,0.39,,,,-886.0,-3.72,1.19,1533.0,2.15
MKP,2024-11-14,,15.57,500.0,0.02,0.08,1314.0,23.05,15.48,49757.0,0.61
MKV,2024-11-14,,3.13,,,0.2,1785.0,5.1,5.9,17390.0,0.52
MLS,2024-11-14,,1.89,,,0.27,7449.0,1.88,11.2,21424.0,0.65
MLC,2024-11-14,,0.01,1300.0,0.08,-0.02,,,5.42,,
MNB,2024-11-14,,,2000.0,0.07,-0.18,3214.0,9.55,9.45,23411.0,1.31
MPC,2024-11-14,,38.92,411.0,0.03,1.06,-104.0,-150.32,4.92,13364.0,1.17
MND,2024-11-14,,,750.0,0.07,-0.05,,,8.94,,
MIC,2024-11-14,,0.94,,,1.31,655.0,24.29,2.81,5981.0,2.66
MPT,2024-11-14,,0.43,,,0.89,-149.0,-4.02,-6.4,10750.0,0.06
MED,2024-11-14,,,900.0,0.03,0.46,1318.0,19.81,20.1,26422.0,0.99
MSB,2024-11-14,24900000.0,28.52,,,1.21,2164.0,5.41,3.44,13551.0,0.86
MSH,2024-11-14,40100.0,4.11,2500.0,0.05,0.91,4738.0,10.87,10.44,28596.0,1.8
MPY,2024-11-14,,,1200.0,0.17,-0.23,,,5.11,,
MQN,2024-11-14,,,,,-0.37,,,2.96,,
MML,2024-11-14,,2.11,,,1.02,-427.0,-57.76,16.12,13314.0,1.85
MQB,2024-11-14,,,350.0,0.04,,,,8.53,,
MRF,2024-11-14,,0.64,650.0,0.03,-0.76,,,23.91,,
MSN,2024-11-14,46900.0,27.32,,,1.1,948.0,77.03,35.23,28630.0,2.55
MST,2024-11-14,,0.63,,,1.31,396.0,14.38,5.88,11099.0,0.51
PHH,2024-11-14,,0.44,,,-0.18,-24.0,-301.63,3692.31,12526.0,0.57
MTC,2024-11-14,,,,,0.19,,,27.73,,
MTB,2024-11-14,,,100.0,0.01,,,,91.83,,
MTS,2024-11-14,,,700.0,0.08,0.18,745.0,11.41,6.99,11448.0,0.74
MTG,2024-11-14,,,,,0.01,-15.0,-531.56,6.9,9593.0,0.83
MTP,2024-11-14,,,1000.0,0.08,0.78,174.0,68.85,8.52,12003.0,1.0
MTA,2024-11-14,,0.03,180.0,0.04,1.41,133.0,33.81,33.03,10830.0,0.42
MTV,2024-11-14,,,700.0,0.04,0.06,746.0,21.46,8.64,18317.0,0.87
MTL,2024-11-14,,0.17,,,1.87,,,38.25,,
MTH,2024-11-14,,13.58,1000.0,0.06,-0.2,,,20.71,,
MVB,2024-11-14,,0.06,1300.0,0.07,0.89,2050.0,9.47,8.47,18742.0,1.04
MVN,2024-11-14,,,39.0,,3.32,1653.0,30.2,21.91,14135.0,3.53
MWG,2024-11-14,664100.0,47.24,500.0,0.01,1.03,2028.0,30.53,37.71,18657.0,3.32
MTX,2024-11-14,,,,,,,,2.19,,
MVC,2024-11-14,,0.01,430.0,0.05,0.56,804.0,10.07,12.46,11965.0,0.68
NAB,2024-11-14,3.0,1.17,,,0.47,3260.0,4.75,5.12,13471.0,1.15
NAF,2024-11-14,11200.0,24.76,,,0.38,1635.0,12.26,10.15,17352.0,1.16
NAC,2024-11-14,,,1200.0,1.71,-0.17,,,0.36,,
NAG,2024-11-14,300.0,2.29,,,0.23,852.0,14.33,11.03,13509.0,0.9
NBB,2024-11-14,200.0,0.5,,,0.77,87.0,284.93,138.99,18150.0,1.37
NAV,2024-11-14,,1.02,2700.0,0.15,0.11,2637.0,7.02,8.71,13289.0,1.39
NAU,2024-11-14,,0.01,245.0,0.03,-0.14,-196.0,-46.48,17.34,8095.0,1.12
NAP,2024-11-14,,,600.0,0.07,-0.26,845.0,10.77,9.79,11103.0,0.82
NBC,2024-11-14,,5.31,800.0,0.09,0.82,-978.0,-9.4,4.2,11226.0,0.82
NBE,2024-11-14,,1.21,1100.0,0.09,0.03,-867.0,-14.06,5.55,10096.0,1.21
NAW,2024-11-14,,,,,0.27,27.0,290.01,31.35,10188.0,0.78
NAS,2024-11-14,,,,,0.26,796.0,32.68,13.7,23260.0,1.12
NBW,2024-11-14,,5.38,1550.0,0.06,0.23,2663.0,10.4,11.65,16009.0,1.73
NCT,2024-11-14,,15.28,8000.0,0.07,0.22,9310.0,12.07,13.5,18392.0,6.11
NBT,2024-11-14,,0.51,1200.0,0.07,-0.33,2061.0,8.68,12.24,15306.0,1.17
NCS,2024-11-14,2000.0,1.91,1500.0,0.06,1.04,3231.0,8.05,8.99,9451.0,2.75
MSR,2024-11-14,1100.0,0.14,,,1.95,-2055.0,-5.61,42.27,11286.0,1.02
NDC,2024-11-14,,0.13,2500.0,0.02,0.14,,,8.1,,
MIM,2024-11-14,,0.39,,,,-2545.0,-1.65,3.58,1700.0,2.47
ND2,2024-11-14,,35.1,2000.0,0.05,-0.04,3083.0,12.0,11.9,16310.0,2.27
NDT,2024-11-14,,,,,0.66,-6387.0,-0.86,40.01,6251.0,0.88
NBP,2024-11-14,,1.13,1800.0,0.15,-0.15,-902.0,-13.53,23.29,18788.0,0.65
NCG,2024-11-14,,0.01,,,1.28,-926.0,-9.3,39.17,16582.0,0.52
NDF,2024-11-14,,1.87,,,,1124.0,0.8,4.02,11090.0,0.08
NDN,2024-11-14,,1.55,,,1.9,919.0,9.68,10.45,15272.0,0.58
NDP,2024-11-14,,,500.0,0.02,0.53,2367.0,10.82,12.92,26685.0,0.96
NDW,2024-11-14,,,860.0,0.11,-1.15,820.0,9.15,7.06,11321.0,0.66
NDX,2024-11-14,,0.4,375.0,0.07,0.13,-97.0,-54.4,11.43,12778.0,0.41
NED,2024-11-14,,,,,1.64,474.0,15.74,31.61,11747.0,0.63
NEM,2024-11-14,,,,,0.3,,,1245.09,10149.0,1.87
NHH,2024-11-14,,0.54,500.0,0.04,0.87,1608.0,8.58,7.29,19254.0,0.72
NET,2024-11-14,100.0,0.77,5000.0,0.06,0.82,8342.0,9.53,12.72,20419.0,3.89
NHP,2024-11-14,,0.2,,,,-954.0,-0.31,8.27,6068.0,0.05
NHC,2024-11-14,,15.68,,,0.22,125.0,238.15,44.11,18102.0,1.64
NHT,2024-11-14,,3.09,1000.0,0.09,1.41,792.0,14.01,6.28,16017.0,0.69
NGC,2024-11-14,,13.42,,,-0.15,-2131.0,-0.84,0.11,-2245.0,-0.8
NHA,2024-11-14,68500.0,1.53,,,2.09,1372.0,19.32,23.41,11455.0,2.31
NJC,2024-11-14,,0.25,1000.0,0.07,0.15,,,4.53,,
NLG,2024-11-14,,48.05,499.0,0.01,1.29,794.0,49.64,18.47,34421.0,1.14
NKG,2024-11-14,23900.0,7.51,,,1.75,1736.0,11.95,13.01,22231.0,0.93
NHV,2024-11-14,,0.46,,,1.85,304.0,2.63,0.64,10895.0,0.07
NFC,2024-11-14,,0.03,1600.0,0.09,0.23,2483.0,7.25,8.33,13372.0,1.35
NO1,2024-11-14,23600.0,4.45,1000.0,0.09,0.33,1252.0,9.34,15.6,13665.0,0.86
NNT,2024-11-14,,0.3,4700.0,0.09,1.23,,,9.64,,
NLS,2024-11-14,,,800.0,0.17,,,,2.4,,
NOS,2024-11-14,,,,,-0.53,-18542.0,-0.04,-0.11,-258711.0,
NNC,2024-11-14,,5.08,500.0,0.02,0.39,2424.0,8.66,13.15,18339.0,1.15
NQB,2024-11-14,,,350.0,0.04,-0.08,903.0,8.86,7.92,11189.0,0.71
NQN,2024-11-14,,,284.0,0.02,1.22,1115.0,12.38,13.16,12686.0,1.09
NS2,2024-11-14,,,132.0,0.01,0.91,692.0,23.84,52.23,10517.0,1.57
NRC,2024-11-14,500.0,5.29,,,0.65,337.0,13.06,10.19,13791.0,0.32
NQT,2024-11-14,,,458.0,0.05,,1240.0,6.86,8.31,12264.0,0.69
NSH,2024-11-14,1000.0,1.32,,,0.87,97.0,48.52,11.58,11491.0,0.41
NSS,2024-11-14,,,399.0,0.11,-0.22,,,8.04,,
NSC,2024-11-14,,8.2,4000.0,0.05,0.43,13203.0,6.02,5.16,82354.0,0.97
NST,2024-11-14,,3.24,650.0,0.06,0.3,1545.0,7.06,7.88,16564.0,0.66
NSL,2024-11-14,,0.65,450.0,0.02,-0.75,569.0,33.4,9.3,14619.0,1.3
NSG,2024-11-14,,,,,-0.14,,,26.94,,
NTC,2024-11-14,,,6000.0,0.03,1.01,10945.0,18.12,17.11,48216.0,4.11
NTB,2024-11-14,,0.3,,,,-14156.0,-0.03,1.06,-46653.0,-0.01
NT2,2024-11-14,5400.0,13.26,700.0,0.04,0.93,863.0,21.95,80.23,14293.0,1.33
NTF,2024-11-14,,,1000.0,0.06,-0.67,,,9.58,,
NTL,2024-11-14,333100.0,15.29,6200.0,0.33,1.9,10342.0,1.83,7.2,15902.0,1.19
NTP,2024-11-14,69300.0,16.82,2500.0,0.04,2.02,5277.0,11.24,15.23,26624.0,2.23
NTH,2024-11-14,,0.1,4500.0,0.08,-0.19,4720.0,12.37,16.83,15992.0,3.65
NVL,2024-11-14,568530.0,4.61,,,1.39,2636.0,4.1,19.52,20831.0,0.52
NTT,2024-11-14,,,,,0.81,1462.0,6.09,23.24,8013.0,1.11
NTW,2024-11-14,,0.06,1000.0,0.05,0.38,,,19.74,,
NUE,2024-11-14,,,780.0,0.08,0.85,,,9.85,10673.0,0.9
NVP,2024-11-14,,,220.0,0.03,,,,13.31,,
NVB,2024-11-14,,3.08,,,1.07,-890.0,-9.77,69.62,9043.0,0.96
OCB,2024-11-14,32500.0,19.53,,,0.86,1477.0,7.28,3.21,12367.0,0.87
NXT,2024-11-14,,0.09,,,0.07,,,4.67,,
NWT,2024-11-14,,,500.0,0.07,0.46,,,10.72,,
NVT,2024-11-14,,0.12,,,0.54,-45.0,-176.36,32.89,6072.0,1.29
OCH,2024-11-14,,0.01,,,0.83,528.0,10.8,26.72,9367.0,0.61
OGC,2024-11-14,,0.24,,,0.65,112.0,34.76,23.46,5398.0,0.72
ODE,2024-11-14,,,,,0.3,583.0,75.63,53.09,11452.0,3.85
OIL,2024-11-14,10100.0,6.26,200.0,0.02,2.83,279.0,40.45,19.7,11114.0,1.01
ONE,2024-11-14,,6.06,,,1.33,-478.0,-11.09,12.05,11937.0,0.44
PAC,2024-11-14,,12.11,1500.0,0.04,1.13,2782.0,13.23,10.69,20655.0,1.78
ONW,2024-11-14,,14.69,,,-0.22,,,0.66,,
OPC,2024-11-14,,0.73,1500.0,0.06,0.12,1668.0,14.27,8.2,13235.0,1.8
ORS,2024-11-14,255900.0,1.22,,,1.5,1413.0,9.34,12.39,11457.0,1.15
PAP,2024-11-14,,,,,2.58,23.0,882.77,-2056.2,10688.0,1.89
PAI,2024-11-14,,0.12,1700.0,0.13,0.57,650.0,20.32,13.98,10195.0,1.29
PAN,2024-11-14,39700.0,19.29,500.0,0.02,1.37,2691.0,8.66,5.71,41622.0,0.56
PAS,2024-11-14,,1.11,,,2.23,218.0,15.13,11.57,13270.0,0.25
PBT,2024-11-14,,,776.0,0.07,0.23,969.0,11.35,14.94,10853.0,1.01
PAT,2024-11-14,,0.43,17000.0,0.18,0.74,9443.0,9.93,10.19,26509.0,3.54
PBC,2024-11-14,,,,,2.54,340.0,19.6,19.88,11308.0,0.59
PBP,2024-11-14,1700.0,0.44,900.0,0.07,0.78,1966.0,6.51,9.48,14817.0,0.86
PCC,2024-11-14,,,2500.0,0.1,-1.13,,,11.04,,
PC1,2024-11-14,16200.0,11.36,,,1.64,1228.0,19.06,13.86,24524.0,0.95
PCG,2024-11-14,,48.82,,,0.31,-270.0,-24.77,74.97,8401.0,0.8
PCF,2024-11-14,,0.55,,,0.94,-10.0,-501.04,72.22,7074.0,0.68
PCH,2024-11-14,,,,,,735.0,16.05,18.79,10603.0,1.11
PCE,2024-11-14,,0.37,1400.0,0.08,0.27,2520.0,7.18,7.36,19154.0,0.94
PCM,2024-11-14,,,,,-0.05,42.0,333.57,24.33,16053.0,0.86
PCN,2024-11-14,,0.1,,,-0.03,-1643.0,-8.22,52.98,4317.0,3.13
PDC,2024-11-14,,0.09,,,0.99,515.0,9.71,11.21,9602.0,0.52
PDR,2024-11-14,8900.0,7.3,,,1.83,568.0,37.16,20.94,12664.0,1.67
PEC,2024-11-14,,,,,0.26,,,0.61,,
PCT,2024-11-14,,,,,0.52,1572.0,7.7,14.47,12690.0,0.95
PDV,2024-11-14,500.0,0.01,1000.0,0.06,2.0,5697.0,2.96,17.39,15099.0,1.12
PEG,2024-11-14,,,,,-1.39,-288.0,-19.3,92.37,2835.0,1.96
PDN,2024-11-14,,0.25,2300.0,0.02,0.23,9178.0,11.77,13.52,31122.0,3.47
PET,2024-11-14,,0.87,,,2.0,1252.0,21.2,13.9,21608.0,1.23
PDB,2024-11-14,,0.2,500.0,0.05,0.15,1430.0,7.06,7.89,15230.0,0.66
PEN,2024-11-14,,,,,0.08,-13.0,-517.5,17.0,11500.0,0.59
PEQ,2024-11-14,,,2000.0,0.05,0.21,,,9.96,,
PFL,2024-11-14,,,,,1.19,-35.0,-58.35,285.28,4446.0,0.46
PGB,2024-11-14,,0.04,,,0.64,734.0,21.95,12.22,12147.0,1.33
PGD,2024-11-14,,46.88,1500.0,0.05,0.42,3229.0,9.94,14.29,16438.0,1.95
PGC,2024-11-14,2500.0,2.16,1200.0,0.08,0.38,1845.0,8.19,6.6,14320.0,1.05
PGN,2024-11-14,,6.82,,,0.7,514.0,22.59,17.34,11603.0,1.0
PGI,2024-11-14,,20.43,1200.0,0.05,0.67,2089.0,11.01,8.83,16861.0,1.36
PHC,2024-11-14,,0.09,500.0,0.09,0.7,146.0,37.89,6.24,13500.0,0.41
PGT,2024-11-14,100.0,39.67,,,0.15,453.0,15.66,1.35,4470.0,1.59
PGV,2024-11-14,,0.02,926.0,0.05,0.69,-333.0,-57.89,11.29,13437.0,1.44
PGS,2024-11-14,,0.79,2000.0,0.06,-0.51,2334.0,13.71,12.05,20128.0,1.59
PHR,2024-11-14,2000.0,18.06,,,1.38,2858.0,19.87,31.39,30230.0,1.88
PHP,2024-11-14,,0.05,400.0,0.01,1.76,2320.0,14.26,12.88,18856.0,1.75
PHN,2024-11-14,,49.15,5000.0,0.06,0.17,8489.0,10.01,8.87,21838.0,3.89
PHS,2024-11-14,,83.28,300.0,0.03,-0.53,172.0,66.16,16.96,10455.0,1.09
PIS,2024-11-14,,,,,0.57,1449.0,6.7,2.59,14386.0,0.67
PIC,2024-11-14,,,1000.0,0.05,0.05,793.0,25.23,23.77,10470.0,1.91
PID,2024-11-14,,,,,,-715.0,-3.91,38.89,-2657.0,-1.05
PIT,2024-11-14,,0.62,,,0.05,-478.0,-11.08,25.13,7884.0,0.67
PIA,2024-11-14,,,2000.0,0.07,0.84,3642.0,7.36,5.7,16611.0,1.61
PIV,2024-11-14,,0.31,,,3.71,-73.0,-40.72,257.63,119.0,24.98
PJT,2024-11-14,,0.68,,,0.26,770.0,12.53,15.01,13226.0,0.73
PJS,2024-11-14,,7.09,800.0,0.04,-0.06,166.0,129.89,9.78,12293.0,1.75
PJC,2024-11-14,,0.46,3000.0,0.1,-0.48,4510.0,6.41,9.43,19781.0,1.46
PLX,2024-11-14,117800.0,17.65,1500.0,0.04,1.18,2345.0,16.59,17.36,22568.0,1.72
PLA,2024-11-14,,,,,1.16,-182.0,-24.2,647.06,9612.0,0.46
PLC,2024-11-14,300.0,0.33,1200.0,0.06,1.14,605.0,35.71,12.47,15268.0,1.41
PLE,2024-11-14,,,,,0.07,100.0,133.68,9.05,16618.0,0.81
PLP,2024-11-14,,0.38,,,0.54,25.0,176.12,39.11,11331.0,0.39
PMB,2024-11-14,,1.33,800.0,0.09,0.43,755.0,12.31,12.46,11894.0,0.78
PMG,2024-11-14,,20.17,,,0.78,383.0,21.91,32.43,14302.0,0.59
PMC,2024-11-14,200.0,3.61,11100.0,0.1,-0.01,9116.0,12.24,14.31,34929.0,3.2
PMS,2024-11-14,,,3350.0,0.11,0.81,3872.0,8.06,9.2,22165.0,1.41
PND,2024-11-14,,0.01,,,1.22,542.0,12.18,7.33,11750.0,0.56
PNJ,2024-11-14,608000.0,49.0,2000.0,0.02,0.76,6055.0,15.36,15.05,31146.0,2.99
PMW,2024-11-14,,,2200.0,0.06,1.96,2237.0,16.76,18.53,12295.0,3.05
PMT,2024-11-14,,,89.0,0.01,-0.28,85.0,92.77,14.36,16080.0,0.49
PMP,2024-11-14,2100.0,1.02,1000.0,0.08,-0.34,1563.0,8.51,8.73,16394.0,0.81
PNT,2024-11-14,,0.08,300.0,0.05,-0.13,,,6.7,,
PNG,2024-11-14,,,,,,890.0,19.78,6.03,19028.0,0.92
PNC,2024-11-14,,0.53,500.0,0.03,0.23,291.0,63.34,11.95,17512.0,1.05
PNP,2024-11-14,,,1600.0,0.07,0.2,2718.0,8.35,8.83,14015.0,1.62
POS,2024-11-14,,0.31,,,1.94,1986.0,10.16,13.45,20497.0,0.98
POB,2024-11-14,,,156.0,,,,,122.08,,
PMJ,2024-11-14,,,970.0,0.05,0.13,392.0,45.88,14.18,24045.0,0.75
POM,2024-11-14,,3.8,,,1.23,-3330.0,-0.81,2.52,2679.0,1.01
POT,2024-11-14,,0.08,100.0,0.01,0.06,128.0,138.71,27.14,15906.0,1.11
POV,2024-11-14,,0.01,300.0,0.04,0.23,722.0,11.44,8.6,14338.0,0.58
POW,2024-11-14,12300.0,3.67,,,1.32,601.0,19.47,33.25,14792.0,0.79
PPH,2024-11-14,,,3600.0,0.12,0.93,4219.0,6.86,6.67,24587.0,1.18
PPE,2024-11-14,,0.26,,,-0.62,444.0,32.69,29.0,6013.0,2.41
PPC,2024-11-14,200.0,10.12,2775.0,0.24,1.16,1235.0,9.23,8.7,14371.0,0.79
PPI,2024-11-14,,0.5,,,,-64.0,-6.28,106.38,-2986.0,-0.13
PPS,2024-11-14,,29.06,940.0,0.09,0.08,1192.0,9.23,9.94,12232.0,0.9
PPT,2024-11-14,,,,,0.38,581.0,21.5,22.74,10733.0,1.16
PPP,2024-11-14,2000.0,6.39,2400.0,0.13,-0.31,1990.0,8.94,11.19,14827.0,1.2
PQN,2024-11-14,,,,,,1043.0,3.83,5.0,5673.0,0.71
PPY,2024-11-14,,,700.0,0.08,0.13,800.0,10.63,6.62,16374.0,0.52
PSB,2024-11-14,,,,,1.18,10.0,615.74,177.64,11230.0,0.55
PRC,2024-11-14,,1.35,1000.0,0.05,0.41,1191.0,16.28,38.8,29441.0,0.66
PRT,2024-11-14,,,300.0,0.03,1.53,482.0,21.18,23.38,12882.0,0.79
PRE,2024-11-14,4200.0,0.83,450.0,0.02,0.27,1912.0,9.78,8.13,15888.0,1.18
PRO,2024-11-14,,,,,1.3,-234.0,-20.51,7.2,13029.0,0.37
PSD,2024-11-14,,,800.0,0.06,0.77,1775.0,7.21,8.29,11804.0,1.08
PSE,2024-11-14,,0.04,800.0,0.08,0.49,550.0,17.64,6.65,13202.0,0.73
PSC,2024-11-14,,0.31,700.0,0.07,-0.11,1162.0,9.12,8.03,16665.0,0.64
PSH,2024-11-14,,,,,1.21,-6026.0,-0.6,1.39,8204.0,0.44
PSI,2024-11-14,,0.42,,,1.26,371.0,19.14,20.23,11761.0,0.6
PSG,2024-11-14,,0.06,,,,-6136.0,-0.08,0.71,-6829.0,-0.07
PSL,2024-11-14,,,350.0,0.03,-0.89,,,31.24,,
PSP,2024-11-14,,0.03,,,-0.25,263.0,43.77,50.44,11603.0,0.99
PSN,2024-11-14,,,,,-0.04,841.0,12.96,11.4,13238.0,0.82
PTC,2024-11-14,,1.16,,,0.99,571.0,8.22,7.92,11651.0,0.4
PSW,2024-11-14,,1.93,500.0,0.06,1.32,118.0,68.92,11.48,11619.0,0.7
PTD,2024-11-14,5700.0,18.65,,,-1.41,-4398.0,-1.75,9.62,8113.0,0.95
PTB,2024-11-14,,24.25,2500.0,0.04,1.4,4948.0,13.14,9.42,44146.0,1.47
PTE,2024-11-14,,,,,0.5,-3849.0,-0.55,-0.73,-25112.0,-0.08
PTG,2024-11-14,,,5000.0,7.14,0.39,,,0.08,31496.0,0.02
PTH,2024-11-14,,,700.0,0.04,0.37,2082.0,7.68,14.75,18441.0,0.87
PTI,2024-11-14,,37.48,,,0.27,4738.0,6.35,13.83,28823.0,1.04
PTL,2024-11-14,,0.07,,,1.32,-354.0,-7.65,6.4,5070.0,0.53
PTO,2024-11-14,,,600.0,0.03,0.23,-411.0,-43.6,21.48,10861.0,1.65
PTP,2024-11-14,,0.04,650.0,0.06,0.77,,,11.5,,
PV2,2024-11-14,,0.19,,,1.68,-10.0,-242.91,-8.7,6713.0,0.36
PVB,2024-11-14,11300.0,1.07,,,1.87,1391.0,19.63,258.62,17944.0,1.52
PVC,2024-11-14,,,240.0,0.02,1.44,7.0,1553.4,18.56,12671.0,0.88
PTV,2024-11-14,,0.04,,,-0.16,-209.0,-19.63,10.25,11234.0,0.36
PTT,2024-11-14,,,,,0.27,1302.0,8.26,10.08,12883.0,0.83
PTX,2024-11-14,,,1500.0,0.09,-0.06,686.0,24.05,10.23,14730.0,1.12
PVD,2024-11-14,23300.0,11.53,,,1.31,1206.0,19.73,34.84,27834.0,0.86
PTS,2024-11-14,,7.8,200.0,0.03,0.42,559.0,14.31,29.48,17172.0,0.47
PVA,2024-11-14,,0.17,,,,0.0,-1351.35,7.28,-1584.0,-0.32
PVE,2024-11-14,,10.8,,,0.42,247.0,6.49,1.76,2662.0,0.6
PVG,2024-11-14,,7.01,,,0.83,88.0,75.38,21.55,12433.0,0.53
PVI,2024-11-14,6600.0,57.76,3200.0,0.07,0.78,3916.0,12.26,10.41,34670.0,1.38
PVH,2024-11-14,,,,,2.74,-745.0,-0.94,48.99,2848.0,0.25
PVO,2024-11-14,,,100.0,0.02,2.06,103.0,62.83,44.18,11637.0,0.55
PVL,2024-11-14,,0.26,,,0.88,-109.0,-35.72,390.0,3216.0,1.21
PVP,2024-11-14,38200.0,3.62,800.0,0.05,1.69,2146.0,7.6,9.6,17544.0,0.93
PVS,2024-11-14,8500.0,21.32,700.0,0.02,1.2,1918.0,19.03,26.43,29169.0,1.25
PVT,2024-11-14,147000.0,12.73,300.0,0.01,1.48,3300.0,8.52,13.16,28438.0,0.99
PVR,2024-11-14,,0.11,,,0.7,-181.0,-5.53,-16.51,8843.0,0.11
PVM,2024-11-14,,0.02,,,1.57,678.0,23.09,10.44,18243.0,0.86
PVV,2024-11-14,,0.1,,,0.64,-1010.0,-1.39,83.98,-3920.0,-0.36
PVY,2024-11-14,,0.07,,,0.46,12.0,202.59,12.39,-7132.0,-0.35
PVX,2024-11-14,,,,,0.27,-303.0,-5.94,194.59,1104.0,1.63
PWS,2024-11-14,,0.04,750.0,0.05,0.81,905.0,15.24,19.41,11349.0,1.22
PX1,2024-11-14,,,,,,,,645.16,,
PWA,2024-11-14,,0.06,,,0.93,,,4.14,,
PXA,2024-11-14,,0.11,,,0.02,51.0,23.36,3.62,2061.0,0.58
PXL,2024-11-14,,0.06,,,1.14,8.0,1663.37,610.61,9995.0,1.38
PXM,2024-11-14,,0.17,,,1.22,-1212.0,-0.49,0.08,-32045.0,-0.02
QCG,2024-11-14,29000.0,0.64,,,1.44,96.0,133.75,35.22,16412.0,0.78
PXS,2024-11-14,,10.55,,,-0.52,-101.0,-26.64,15.95,2082.0,1.3
PXT,2024-11-14,,2.28,,,1.74,34.0,82.96,46.98,2768.0,1.02
PXC,2024-11-14,,,,,,-21.0,-23.72,12.53,-6503.0,-0.08
QCC,2024-11-14,,0.77,1000.0,0.12,1.47,,,8.3,14380.0,0.59
QHW,2024-11-14,,0.22,1200.0,0.03,0.04,,,6.57,,
QNC,2024-11-14,,15.44,,,0.57,187.0,33.77,11.26,11353.0,0.56
QNP,2024-11-14,,,1200.0,0.03,0.22,3068.0,11.73,12.65,21102.0,1.71
QNS,2024-11-14,21000.0,13.48,4000.0,0.08,0.73,6727.0,7.31,13.49,25512.0,1.93
QBS,2024-11-14,,,,,0.38,-1666.0,-0.42,60.66,5313.0,0.13
QHD,2024-11-14,,0.3,2000.0,0.06,,3113.0,10.99,12.6,22260.0,1.54
QNW,2024-11-14,,,400.0,0.02,0.92,1641.0,10.54,25.57,12657.0,1.37
PXI,2024-11-14,,0.21,,,1.27,-243.0,-8.13,191.38,4433.0,0.45
QNT,2024-11-14,,,,,0.6,,,13.21,,
QNU,2024-11-14,,,386.0,0.04,,,,22.48,,
QPH,2024-11-14,,0.03,2000.0,0.07,0.05,4039.0,6.83,8.71,24599.0,1.12
QTP,2024-11-14,,0.88,1500.0,0.11,0.99,1497.0,9.16,12.35,11890.0,1.15
QSP,2024-11-14,,0.95,2000.0,0.08,0.22,,,8.36,,
RAL,2024-11-14,,2.19,5000.0,0.04,0.2,25611.0,4.95,8.65,132457.0,0.96
QTC,2024-11-14,,,,,1.07,438.0,36.05,28.07,14987.0,1.05
QST,2024-11-14,,,2000.0,0.1,-0.01,2643.0,7.76,6.64,12841.0,1.6
RBC,2024-11-14,,,,,-0.14,,,19.34,,
RCC,2024-11-14,,0.05,,,0.04,844.0,18.95,20.74,12782.0,1.25
RAT,2024-11-14,,0.49,,,-0.08,,,14.65,,
RDP,2024-11-14,,0.36,,,0.93,-938.0,-1.88,3.8,5692.0,0.31
REE,2024-11-14,,49.0,1000.0,0.02,1.19,4235.0,15.44,12.79,46258.0,1.41
RCD,2024-11-14,,0.13,,,2.68,,,36.55,,
RIC,2024-11-14,,12.09,,,-0.45,-551.0,-6.17,190.16,7773.0,0.44
RCL,2024-11-14,,,,,0.43,73.0,160.63,18.17,20684.0,0.57
S27,2024-11-14,,0.95,,,,-800.0,-0.87,-0.21,-13489.0,-0.05
RTB,2024-11-14,,,2200.0,0.08,-0.55,3298.0,8.36,12.6,27643.0,1.0
S72,2024-11-14,,0.03,,,0.1,528.0,12.5,12.27,10111.0,0.65
S74,2024-11-14,,1.0,,,1.01,-55.0,-272.28,194.4,17932.0,0.84
S4A,2024-11-14,,0.1,4700.0,0.12,-0.17,2788.0,13.95,15.08,13683.0,2.84
S12,2024-11-14,,11.38,,,0.06,-363.0,-6.89,125.0,-23355.0,-0.11
S55,2024-11-14,,0.41,1500.0,0.03,-0.27,10784.0,5.42,5.03,90525.0,0.65
S99,2024-11-14,,,,,1.23,599.0,13.03,5.64,17180.0,0.45
SAB,2024-11-14,27700.0,60.72,5500.0,0.1,0.81,3361.0,16.9,15.91,20445.0,2.78
SAC,2024-11-14,,0.03,7065.0,0.51,2.26,536.0,25.65,11.55,16496.0,0.83
SAF,2024-11-14,,3.4,3000.0,0.05,0.24,4127.0,14.18,14.21,13927.0,4.2
SAP,2024-11-14,,,,,1.83,136.0,224.46,15.7,5396.0,5.65
SAL,2024-11-14,,,420.0,0.28,,,,2.49,,
SAV,2024-11-14,,49.98,500.0,0.02,0.95,1291.0,15.92,14.79,15083.0,1.36
SAM,2024-11-14,700.0,0.54,,,0.64,183.0,35.31,30.49,12298.0,0.52
SBA,2024-11-14,,0.27,2200.0,0.07,-0.24,2287.0,13.29,16.68,15440.0,1.97
SBD,2024-11-14,,0.92,,,2.02,1021.0,7.4,13.44,11216.0,0.67
SAS,2024-11-14,,0.33,1626.0,0.05,2.2,2600.0,12.75,12.9,11700.0,2.83
SBH,2024-11-14,,,7770.0,0.16,-0.14,2625.0,18.9,18.65,12498.0,3.97
SBL,2024-11-14,,,500.0,0.06,0.79,145.0,53.29,762.38,15200.0,0.51
SBT,2024-11-14,,22.35,,,1.03,977.0,12.54,10.37,14787.0,0.83
SBR,2024-11-14,,,219.0,0.02,-1.04,1093.0,9.05,20.15,10000.0,0.99
SBS,2024-11-14,,0.47,,,2.11,-381.0,-12.77,89.04,1997.0,2.43
SBM,2024-11-14,,,4000.0,0.13,-0.24,3138.0,9.88,15.33,14039.0,2.21
SCC,2024-11-14,,,,,0.74,-553.0,-3.26,7.33,15287.0,0.12
SBV,2024-11-14,,14.71,250.0,0.03,0.17,-79.0,-125.88,4.21,17053.0,0.59
SC5,2024-11-14,,2.29,1300.0,0.07,0.68,2475.0,7.98,16.23,24720.0,0.8
SCD,2024-11-14,,6.29,,,0.58,-10658.0,-1.24,32.33,-6632.0,-1.99
SCG,2024-11-14,,,,,0.16,1967.0,33.35,55.76,15179.0,4.32
SCI,2024-11-14,,,,,1.52,304.0,26.65,5.7,19772.0,0.41
SCS,2024-11-14,81900.0,23.36,5000.0,0.06,0.75,6377.0,12.54,12.01,16223.0,4.93
SCL,2024-11-14,,,,,1.22,1958.0,13.88,7.87,14263.0,1.9
SCO,2024-11-14,,,,,-0.16,,,11.76,-22272.0,-0.25
SCJ,2024-11-14,,,,,1.08,177.0,19.76,18.09,11909.0,0.29
SCR,2024-11-14,19090.0,0.59,,,1.19,29.0,181.38,129.57,12930.0,0.41
SCY,2024-11-14,,0.01,380.0,0.03,-0.09,1057.0,11.35,24.79,14614.0,0.82
SD1,2024-11-14,,,,,,-5070.0,-0.16,,-1219.0,-0.66
SD3,2024-11-14,,0.17,,,1.67,-925.0,-5.73,2.85,1292.0,4.1
SD5,2024-11-14,,2.44,600.0,0.08,0.24,865.0,9.01,9.05,18303.0,0.43
SD6,2024-11-14,,0.34,,,-0.54,-1940.0,-1.51,25.43,5124.0,0.57
SD4,2024-11-14,,0.43,,,0.73,-12180.0,-0.25,30.9,278.0,10.79
SBG,2024-11-14,,0.19,,,0.53,1160.0,8.75,6.34,17889.0,0.57
S96,2024-11-14,,1.43,,,,49.0,8.14,0.89,7474.0,0.05
SB1,2024-11-14,,0.68,500.0,0.08,-0.62,881.0,6.81,53.39,15798.0,0.38
SBB,2024-11-14,,0.01,1000.0,0.05,-0.15,-391.0,-46.65,-68.38,18046.0,1.01
SD7,2024-11-14,,0.47,,,0.9,40.0,70.58,-19.72,11317.0,0.25
SD8,2024-11-14,,10.98,,,,-591.0,-2.54,0.28,-10570.0,-0.14
SD2,2024-11-14,,5.98,,,-0.85,649.0,6.78,28.46,12557.0,0.35
SD9,2024-11-14,100.0,2.59,,,0.65,734.0,16.07,18.98,24778.0,0.48
SDA,2024-11-14,,,,,0.78,487.0,10.26,18.2,6878.0,0.73
SDD,2024-11-14,,0.28,,,1.03,-1015.0,-1.48,-2.75,5872.0,0.26
SDG,2024-11-14,,0.02,2000.0,0.14,-0.2,327.0,43.37,4.12,33567.0,0.42
SDB,2024-11-14,,0.23,,,,-1611.0,-0.31,0.81,1427.0,0.35
SDK,2024-11-14,,1.07,,,0.51,2172.0,8.75,7.6,20185.0,0.94
SDJ,2022-12-09,,0.33,,,,288.0,10.76,7.52,2793.0,1.11
SDC,2024-11-14,,3.32,500.0,0.05,0.53,850.0,12.0,13.23,20139.0,0.51
SDT,2024-11-14,,1.28,,,,287.0,13.28,10.05,18136.0,0.21
SDN,2024-11-14,300.0,22.39,1500.0,0.05,-0.07,6145.0,5.29,12.74,21593.0,1.51
SDU,2024-11-14,,0.11,,,-0.42,64.0,278.43,237.33,17661.0,1.01
SDP,2024-11-14,,0.14,,,-0.42,-550.0,-1.82,-0.64,-4973.0,-0.2
SDV,2024-11-14,,,2000.0,0.06,0.26,2103.0,15.31,15.74,26616.0,1.21
SDY,2024-11-14,,0.43,,,0.64,590.0,2.71,-130.93,-2681.0,-0.6
SDX,2024-11-14,,,,,,,,6.67,,
SEA,2024-11-14,,,500.0,0.01,0.15,1531.0,24.3,66.19,19130.0,1.94
SED,2024-11-14,,,1500.0,0.07,0.39,4933.0,4.38,4.44,34843.0,0.62
SEB,2024-11-14,,,4900.0,0.1,0.33,3825.0,12.68,13.14,20213.0,2.4
SEP,2024-11-14,,,1720.0,0.1,-0.29,338.0,50.9,8.5,11289.0,1.52
SFC,2024-11-14,,0.66,3500.0,0.14,0.52,1813.0,13.79,9.6,16022.0,1.56
SGB,2024-11-14,,11.4,,,0.35,768.0,16.07,11.36,12349.0,1.0
SGN,2024-11-14,700.0,27.06,2500.0,0.03,0.75,6508.0,11.97,10.9,33103.0,2.35
SGI,2024-11-14,,,,,-0.04,353.0,41.33,11.86,37517.0,0.39
SFN,2024-11-14,,0.86,900.0,0.05,0.06,2908.0,6.5,5.78,26506.0,0.71
SGR,2024-11-14,,,1000.0,0.03,1.16,1652.0,23.18,12.09,15560.0,2.46
SGS,2024-11-14,,0.36,,,0.42,2179.0,8.31,5.82,21394.0,0.85
SGT,2024-11-14,,5.57,,,0.28,396.0,39.38,5.13,13457.0,1.16
SHB,2024-11-14,113409.0,2.93,500.0,0.05,0.93,2141.0,4.88,3.39,15223.0,0.69
SHA,2024-11-14,,0.89,,,0.39,429.0,9.87,5.67,12696.0,0.33
SHC,2024-11-14,,,,,-1.44,230.0,46.61,9.85,17591.0,0.61
SHG,2024-11-14,,,,,-0.01,-972.0,-2.06,-0.99,-26110.0,-0.08
SHE,2024-11-14,,1.04,,,0.23,1577.0,5.77,6.98,12794.0,0.71
SHN,2024-11-14,,0.01,,,0.39,47.0,132.8,16.01,12307.0,0.51
SFG,2024-11-14,,0.2,500.0,0.05,1.04,666.0,15.98,15.94,13435.0,0.79
SGC,2024-11-14,,1.05,1000.0,0.01,-0.1,14461.0,7.61,9.83,46006.0,2.39
SHI,2024-11-14,,0.15,,,0.1,351.0,41.63,38.19,12800.0,1.14
SGP,2024-11-14,500.0,0.68,,,2.79,917.0,27.71,23098.18,12870.0,1.97
SGH,2024-11-14,,0.35,4760.0,0.15,0.33,1104.0,28.52,33.47,11120.0,2.83
SGD,2024-11-14,,,,,0.2,264.0,45.49,9.93,14874.0,0.81
SFI,2024-11-14,3800.0,10.35,2000.0,0.06,0.42,3031.0,10.24,18.35,31863.0,0.97
SHP,2024-11-14,,5.24,3000.0,0.08,0.15,2433.0,14.57,12.83,11944.0,2.97
AAA,2024-11-15,25500.0,2.19,,,1.55,967.0,8.58,8.42,15896.0,0.52
AAT,2024-11-15,,0.82,,,0.68,257.0,13.22,24.08,10117.0,0.34
ABB,2024-11-15,,16.41,,,0.71,67.0,111.61,7.76,12759.0,0.59
AAH,2024-11-15,,,,,1.72,100.0,35.11,9.39,10100.0,0.35
ABC,2024-11-15,,0.91,500.0,0.04,1.35,1551.0,7.86,8.61,24214.0,0.5
AAV,2024-11-15,,0.09,,,1.48,-140.0,-44.92,17.39,11201.0,0.56
A32,2024-11-15,,,3500.0,0.1,1.06,,,5.64,,
ABI,2024-11-15,5100.0,10.04,1000.0,0.04,1.07,2394.0,10.54,5.71,21353.0,1.18
AAS,2024-11-15,,0.98,,,2.11,339.0,19.37,6.3,10837.0,0.61
AAM,2024-11-15,,0.92,,,-0.07,-511.0,-13.64,86.05,18914.0,0.37
ABR,2024-11-15,,48.4,2000.0,0.15,0.54,584.0,22.45,15.09,14474.0,0.91
ABS,2024-11-15,,,,,1.0,52.0,74.28,15.56,11513.0,0.34
ABT,2024-11-15,1700.0,2.29,2000.0,0.05,0.17,6431.0,6.19,7.63,44535.0,0.89
ACB,2024-11-15,,30.0,1000.0,0.04,0.96,3992.0,6.15,6.23,17654.0,1.39
ACC,2024-11-15,,7.7,,,1.01,646.0,21.35,13.04,12588.0,1.1
ABW,2024-11-15,,0.66,,,1.6,1016.0,8.37,6.88,14023.0,0.61
ACL,2024-11-15,,2.27,,,0.24,202.0,58.59,7.43,16100.0,0.74
ACE,2024-11-15,,0.23,3500.0,0.1,0.36,2069.0,17.25,8.51,20029.0,1.78
ACS,2024-11-15,,,,,-0.43,,,18.0,,
ACM,2024-11-15,,1.9,,,1.62,-296.0,-1.69,8.5,6575.0,0.08
ACV,2024-11-15,42500.0,3.68,,,1.31,4613.0,25.8,27.63,26223.0,4.54
ACG,2024-11-15,,38.55,2300.0,0.06,0.77,3263.0,12.38,13.84,27898.0,1.45
ADC,2024-11-15,,,1500.0,0.07,0.29,3562.0,5.73,4.23,19715.0,1.03
ADG,2024-11-15,,46.38,,,0.07,1230.0,8.54,4.2,17034.0,0.62
ADS,2024-11-15,,0.13,1000.0,0.11,1.27,433.0,20.78,6.25,12055.0,0.75
AFX,2024-11-15,,,,,0.72,922.0,7.92,6.85,13319.0,0.55
AG1,2024-11-15,,,230.0,0.02,0.36,422.0,23.68,5.4,10038.0,1.0
ADP,2024-11-15,,0.83,3550.0,0.12,0.46,3934.0,7.32,13.82,11800.0,2.44
AGR,2024-11-15,41300.0,0.28,700.0,0.04,1.92,585.0,29.15,19.85,11241.0,1.52
AGP,2024-11-15,,,,,0.25,2040.0,19.11,15.56,16654.0,2.34
AGF,2024-11-15,,0.47,,,0.3,-95.0,-27.39,14.62,-6510.0,-0.4
AGG,2024-11-15,2000.0,0.9,,,1.31,2253.0,6.79,4.79,19924.0,0.77
AGM,2024-11-15,,0.56,,,0.78,-14767.0,-0.23,12.23,-5250.0,-0.64
AGX,2024-11-15,,1.74,1500.0,0.02,0.39,,,8.34,,
AIC,2024-11-15,,75.11,,,1.49,-34.0,-322.68,33.81,10759.0,1.01
ALV,2024-11-15,,0.34,,,0.99,-233.0,-24.87,5.88,11280.0,0.51
ALT,2024-11-15,,,1000.0,0.07,0.45,-262.0,-52.69,12.13,37018.0,0.37
AMD,2024-11-15,,0.72,,,,-782.0,-1.41,8.99,10588.0,0.1
AMC,2024-11-15,,2.87,1300.0,0.08,-0.04,2173.0,7.87,7.85,18084.0,0.95
ANV,2024-11-15,285400.0,0.81,500.0,0.03,1.53,464.0,39.12,7.92,21470.0,0.85
AMP,2024-11-15,,,,,1.32,278.0,36.72,20.96,13863.0,0.74
APC,2024-11-15,,15.02,,,0.12,-1019.0,-6.44,135.36,28639.0,0.23
AMV,2024-11-15,,,,,1.0,-445.0,-3.59,4.2,12403.0,0.13
AMS,2024-11-15,,35.47,300.0,0.03,1.69,1134.0,8.34,6.77,13358.0,0.71
APF,2024-11-15,,,4500.0,0.09,0.51,6614.0,7.86,10.32,37627.0,1.38
AME,2024-11-15,,2.24,,,0.69,328.0,15.24,14.26,12214.0,0.41
APG,2024-11-15,,9.33,,,1.1,-300.0,-30.62,8.61,10887.0,0.85
ANT,2024-11-15,,,,,0.52,3330.0,7.05,12.34,15725.0,1.49
APH,2024-11-15,1000.0,28.27,,,1.23,511.0,12.29,4.88,24122.0,0.26
API,2024-11-15,12300.0,0.79,,,2.33,-558.0,-12.55,15.49,10709.0,0.65
APL,2024-11-15,,,1200.0,0.07,0.21,,,8.11,,
APS,2024-11-15,14500.0,1.02,,,1.82,550.0,11.44,10.67,10006.0,0.63
APP,2024-11-15,,0.47,,,1.63,-685.0,-12.25,11.32,10089.0,0.83
APT,2024-11-15,,,,,0.5,-2698.0,-0.89,3.3,-7606.0,-0.32
ART,2024-11-15,,0.66,,,,-247.0,-5.25,6.01,1391.0,0.93
ASG,2024-11-15,,0.73,,,0.29,396.0,47.48,73.69,22369.0,0.84
ARM,2024-11-15,,0.11,1000.0,0.03,0.96,974.0,33.76,22.36,12044.0,2.73
ASA,2024-11-15,,0.25,,,,18.0,697.29,15.75,,
ASP,2024-11-15,,48.97,,,0.52,196.0,20.72,16.84,7668.0,0.53
ASM,2024-11-15,7800.0,12.46,,,1.33,615.0,14.33,4.08,21836.0,0.4
AST,2024-11-15,,43.51,1200.0,0.02,0.31,3016.0,18.14,10.7,14435.0,3.79
ATG,2024-11-15,,0.09,,,0.79,-50.0,-48.19,73.06,41.0,58.54
ATB,2024-11-15,,0.06,,,1.64,-278.0,-2.16,2.6,2348.0,0.26
ATA,2024-11-15,,0.05,,,2.08,60.0,8.4,0.2,-25217.0,-0.02
AVC,2024-11-15,,,8584.0,0.15,0.18,3154.0,17.63,35.5,14976.0,3.71
ATS,2024-11-15,,0.15,,,-0.67,51.0,253.29,9.03,12452.0,1.04
AVG,2024-11-15,,0.07,,,1.6,727.0,41.54,43.24,16336.0,1.85
AVF,2024-11-15,,0.21,,,,-2388.0,-0.17,1.16,-45240.0,-0.01
BAB,2024-11-15,,,,,0.49,1213.0,9.73,9.61,12748.0,0.93
BAF,2024-11-15,317400.0,2.24,,,0.91,1104.0,20.48,17.66,11857.0,1.91
BBM,2024-11-15,,0.27,200.0,0.03,0.46,1448.0,5.12,25.99,13753.0,0.54
BAL,2024-11-15,,0.08,700.0,0.08,0.24,,,18.12,,
BBC,2024-11-15,,0.73,1500.0,0.03,0.11,7085.0,7.06,8.49,78292.0,0.64
BAX,2024-11-15,,16.38,2500.0,0.06,-0.11,3610.0,11.05,15.78,26963.0,1.48
BBH,2024-11-15,,,200.0,0.02,-0.48,,,50.27,,
BBS,2024-11-15,,0.53,900.0,0.1,0.27,1423.0,6.6,13.13,17721.0,0.53
BBT,2024-11-15,,0.8,,,-0.13,-2060.0,-6.01,14.25,7233.0,1.71
BCA,2024-11-15,,,,,2.54,20691.0,0.53,20.72,28219.0,0.39
BCC,2024-11-15,100.0,0.93,,,1.02,-1082.0,-7.12,5.97,14097.0,0.55
BCE,2024-11-15,,1.7,,,0.52,-240.0,-26.27,8.56,8827.0,0.71
BCB,2024-11-15,,,2919.0,4.17,,28.0,24.84,0.2,10028.0,0.07
BCR,2024-11-15,,0.01,,,2.02,210.0,24.71,5.81,12713.0,0.41
BCM,2024-11-15,55300.0,2.03,1800.0,0.03,1.06,2796.0,24.53,30.21,19392.0,3.54
BCG,2024-11-15,65300.0,1.16,,,1.4,341.0,18.2,5.73,24196.0,0.26
BCF,2024-11-15,,,1800.0,0.05,-0.55,3069.0,13.03,16.95,12222.0,3.27
BCO,2024-11-15,,,,,,,,10.32,,
BCP,2024-11-15,,3.26,,,0.38,77.0,151.53,116.33,12606.0,0.93
BCV,2024-11-15,,,,,,194.0,111.09,30.71,11704.0,1.84
BDB,2024-11-15,,,800.0,0.09,0.18,648.0,13.42,8.17,11858.0,0.73
BDG,2024-11-15,,1.42,2500.0,0.07,0.45,5882.0,5.77,8.95,23059.0,1.47
BDT,2024-11-15,,0.12,648.0,0.09,1.2,152.0,48.4,27.35,14226.0,0.52
BED,2024-11-15,,,2200.0,0.07,-0.06,2128.0,14.47,17.33,13691.0,2.25
BDW,2024-11-15,,0.05,2550.0,0.1,0.34,3294.0,7.38,6.34,16175.0,1.5
BEL,2024-11-15,,,1000.0,0.03,0.17,3.0,11870.5,36.0,8268.0,3.99
BGE,2024-11-15,,0.01,,,2.37,567.0,19.09,15.39,14015.0,0.77
BFC,2024-11-15,16300.0,3.59,2500.0,0.06,1.81,5624.0,6.99,10.7,25337.0,1.55
BGW,2024-11-15,,,548.0,0.03,0.61,551.0,29.04,25.93,10519.0,1.52
BHA,2024-11-15,,0.03,1250.0,0.06,0.19,2629.0,8.44,23.29,14651.0,1.52
BHG,2024-11-15,,,,,,1745.0,6.3,78.63,11097.0,0.99
BHK,2024-11-15,,0.01,900.0,0.04,0.09,,,19.06,,
BHN,2024-11-15,,17.57,2700.0,0.07,0.28,1423.0,27.4,44.75,22286.0,1.75
BHC,2024-11-15,,0.9,,,0.59,2.0,904.98,71.43,-17140.0,-0.12
BHI,2024-11-15,,75.02,,,0.3,-21.0,-618.22,131.0,11803.0,1.11
BHP,2024-11-15,,0.03,250.0,0.04,-1.57,-461.0,-14.76,22.45,15453.0,0.44
BIC,2024-11-15,18300.0,45.48,1500.0,0.05,1.22,4004.0,8.13,6.36,24106.0,1.35
BID,2024-11-15,102000.0,16.99,,,1.16,4201.0,10.83,12.59,24286.0,1.87
BIG,2024-11-15,200.0,0.27,,,0.92,,,4.41,,
BII,2024-11-15,,,,,1.39,30.0,23.62,0.79,8971.0,0.08
BKC,2024-11-15,,0.14,,,0.43,2115.0,5.06,24.15,17543.0,0.61
BKG,2024-11-15,,0.1,,,0.57,184.0,18.1,9.54,12473.0,0.27
BIO,2024-11-15,,,650.0,0.04,1.25,,,18.12,,
BLF,2024-11-15,,,,,1.56,-370.0,-9.48,8.24,10581.0,0.33
BLN,2024-11-15,,0.01,,,,,,29.69,,
BLI,2024-11-15,1000.0,1.03,,,1.05,1122.0,8.29,6.89,14705.0,0.63
BMF,2024-11-15,,,,,0.9,826.0,10.97,7.0,11152.0,0.81
BLT,2024-11-15,,0.02,8800.0,0.23,-0.16,,,24.3,,
BMD,2024-11-15,,,700.0,0.07,1.19,,,5.41,11879.0,0.81
BMG,2024-11-15,,19.17,1500.0,0.08,0.09,915.0,21.09,7.3,16974.0,1.14
BMJ,2024-11-15,,,,,2.06,465.0,23.42,16.83,11469.0,0.95
BMC,2024-11-15,,5.01,1150.0,0.06,0.63,2152.0,9.43,14.83,18469.0,1.1
BMI,2024-11-15,59000.0,30.3,500.0,0.02,1.04,2303.0,8.77,6.46,22835.0,0.88
BMN,2024-11-15,,,700.0,0.08,-0.04,1693.0,5.08,6.01,10561.0,0.81
BMP,2024-11-15,32700.0,84.12,18340.0,0.15,0.94,12419.0,9.94,9.82,35922.0,3.44
BNA,2024-11-15,,,,,1.06,2260.0,4.34,3.6,21005.0,0.47
BRC,2024-11-15,,1.29,1100.0,0.08,0.21,1854.0,7.39,8.64,16849.0,0.81
BMS,2024-11-15,,0.36,,,2.48,364.0,25.32,10.08,11994.0,0.77
BQB,2024-11-15,,0.48,,,0.58,-230.0,-14.34,10312.5,4431.0,0.74
BNW,2024-11-15,,,780.0,0.08,,1314.0,7.0,12.24,11020.0,0.83
BOT,2024-11-15,,0.17,,,1.33,-1227.0,-1.91,27.75,1717.0,1.36
BMV,2024-11-15,,,84.0,0.01,0.26,49.0,165.61,60.05,10139.0,0.8
BSA,2024-11-15,,,1980.0,0.09,,478.0,48.35,30.06,14040.0,1.65
BRS,2024-11-15,,,1400.0,0.07,0.11,-62.0,-316.9,6.01,13744.0,1.43
BRR,2024-11-15,,,700.0,0.04,-0.35,1276.0,14.26,15.04,12399.0,1.47
BPC,2024-11-15,,1.35,200.0,0.02,0.53,67.0,137.35,45.4,24596.0,0.37
BSC,2024-11-15,,4.83,,,0.07,727.0,20.07,18.38,12733.0,1.15
BSD,2024-11-15,,0.4,500.0,0.03,1.68,,,212.61,,
BSI,2024-11-15,216300.0,40.07,,,1.88,1868.0,23.8,21.32,22306.0,1.99
BSH,2024-11-15,,0.31,2000.0,0.09,-0.17,2261.0,10.08,13.5,17702.0,1.29
BSP,2024-11-15,,,1000.0,0.1,-0.27,324.0,30.88,126.47,14973.0,0.67
BSL,2024-11-15,,0.25,700.0,0.07,0.56,734.0,12.94,12.28,10979.0,0.87
BSQ,2024-11-15,,0.01,1500.0,0.08,0.14,1996.0,9.98,9.49,18410.0,1.08
BT1,2024-11-15,,,800.0,0.06,-0.13,,,9.42,,
BST,2024-11-15,,0.22,1300.0,0.1,-0.61,1744.0,7.74,7.07,14033.0,0.96
BTD,2024-11-15,,,2200.0,0.12,1.14,1443.0,12.96,13.57,39656.0,0.47
BTB,2024-11-15,,0.01,,,-1.18,401.0,13.46,2053.23,14037.0,0.38
BTG,2024-11-15,,,,,-0.83,205.0,43.51,21.18,15349.0,0.58
BT6,2024-11-15,,8.28,,,,-1264.0,-2.69,7.01,-29147.0,-0.12
BTN,2024-11-15,,,,,0.57,,,-1.56,,
BTP,2024-11-15,,8.64,3272.0,0.27,0.48,502.0,24.22,40.36,17220.0,0.71
BTV,2024-11-15,,,,,0.02,1362.0,9.33,9.98,9902.0,1.28
BVG,2024-11-15,,0.09,,,0.04,-1385.0,-1.59,9.53,5026.0,0.44
BTW,2024-11-15,,21.8,2212.0,0.06,-0.4,5995.0,6.61,6.74,28498.0,1.39
BTT,2024-11-15,,4.91,3350.0,0.1,0.2,3337.0,10.49,9.01,28086.0,1.25
BTS,2024-11-15,,0.12,,,0.33,-1217.0,-4.19,-4.96,9278.0,0.55
BVB,2024-11-15,,0.08,,,1.62,301.0,37.0,30.75,10933.0,1.02
BVH,2024-11-15,60400.0,26.64,954.0,0.02,0.84,2570.0,17.26,113.52,31998.0,1.39
BSR,2024-11-15,85200.0,0.65,700.0,0.04,1.82,961.0,20.53,53.3,17940.0,1.1
BVL,2024-11-15,,,,,-0.52,430.0,24.41,7.34,14247.0,0.74
BTH,2024-11-15,,,700.0,0.02,0.51,19685.0,1.71,2.11,29022.0,1.16
BTU,2024-11-15,,,1000.0,0.07,0.11,112.0,125.02,7.43,11159.0,1.25
BVN,2024-11-15,,0.29,,,-0.56,,,3.91,,
BWA,2024-11-15,,,450.0,0.04,0.69,,,26.02,,
BSG,2024-11-15,,,,,0.23,643.0,18.35,18.05,6035.0,1.96
BWE,2024-11-15,3700.0,11.81,,,0.89,3158.0,14.12,14.01,24367.0,1.83
C12,2024-11-15,,,,,,558.0,5.74,3.88,16475.0,0.19
BVS,2024-11-15,122100.0,2.63,800.0,0.02,2.66,2556.0,15.18,15.48,34272.0,1.13
BWS,2024-11-15,,0.81,1000.0,0.03,0.03,2973.0,11.1,13.47,11531.0,2.86
BXH,2024-11-15,,,250.0,0.02,0.86,133.0,116.64,82.78,18085.0,0.86
C47,2024-11-15,,0.04,,,0.57,232.0,26.06,8.79,12125.0,0.5
C21,2024-11-15,,0.08,,,-0.14,-470.0,-36.41,41.33,35675.0,0.48
C32,2024-11-15,,1.08,,,0.12,83.0,210.12,16.35,36027.0,0.48
C22,2024-11-15,,,1000.0,0.06,0.09,,,7.11,,
C69,2024-11-15,1500.0,0.15,,,0.69,260.0,25.03,20.09,13592.0,0.48
C4G,2024-11-15,,,,,1.71,578.0,13.82,11.41,10911.0,0.73
CAG,2024-11-15,,,168.0,0.02,0.59,-26.0,-277.15,22.39,10404.0,0.7
C92,2024-11-15,,3.7,,,1.64,180.0,23.47,22.42,11622.0,0.36
CAP,2024-11-15,,,5000.0,0.11,0.32,2306.0,19.29,9.71,15719.0,2.83
CAD,2024-11-15,,3.45,,,1.81,-4237.0,-0.12,5.2,-71532.0,-0.01
CAB,2024-11-15,,,326.0,0.03,1.18,656.0,16.63,51.46,12277.0,0.89
CAN,2024-11-15,,26.23,1200.0,0.02,-0.51,-190.0,-260.94,27.9,27601.0,1.79
CBI,2024-11-15,,,,,-0.91,-826.0,-11.01,78.08,8976.0,1.01
CAT,2024-11-15,,,1000.0,0.05,-0.17,1135.0,16.4,6.48,11104.0,1.68
CBS,2024-11-15,,,5500.0,0.18,0.3,,,4.78,,
CC4,2024-11-15,,,500.0,0.04,-0.35,478.0,25.11,23.13,13525.0,0.89
CC1,2024-11-15,,0.01,,,1.36,764.0,18.33,8.51,12291.0,1.14
CCC,2024-11-15,,,,,-0.01,753.0,24.58,15.25,14257.0,1.3
CCM,2024-11-15,,,2000.0,0.04,0.04,7621.0,6.31,5.42,37668.0,1.28
CCI,2024-11-15,,2.37,1300.0,0.06,0.1,2079.0,10.29,14.3,15473.0,1.38
CCA,2024-11-15,,,800.0,0.05,-1.42,237.0,62.03,14.79,18315.0,0.8
CCL,2024-11-15,200.0,0.94,500.0,0.07,2.02,821.0,9.17,7.48,12106.0,0.62
CCV,2024-11-15,,,3137.0,0.06,0.18,,,10.64,,
CCR,2024-11-15,,0.07,450.0,0.03,1.26,678.0,20.35,16.91,11313.0,1.22
CCT,2024-11-15,,0.03,,,-0.88,187.0,62.12,62.61,9455.0,1.23
CCP,2024-11-15,,,,,-0.96,-400.0,-81.35,31.2,10849.0,3.0
CDG,2024-11-15,,,950.0,0.43,0.39,1538.0,1.43,2.1,13099.0,0.17
CDC,2024-11-15,,1.3,,,0.31,980.0,17.86,8.1,15774.0,1.11
CDN,2024-11-15,,,1400.0,0.05,0.13,3024.0,10.22,8.38,17762.0,1.74
CDH,2024-11-15,,,500.0,0.05,2.21,,,5.05,,
CDP,2024-11-15,,,500.0,0.05,0.06,1009.0,10.8,10.21,11731.0,0.93
CDO,2024-11-15,,0.29,,,0.78,-163.0,-11.69,149.61,6573.0,0.29
CEG,2024-11-15,,,250.0,0.03,,,,37.24,,
CDR,2024-11-15,,,500.0,0.04,0.67,,,18.24,,
CE1,2024-11-15,,,,,,,,6.05,,
CEN,2024-11-15,,,,,0.42,-3.0,-726.07,68.24,10072.0,0.22
CET,2024-11-15,,0.87,,,-0.2,-29.0,-167.01,6.13,11138.0,0.44
CEO,2024-11-15,262200.0,4.98,,,2.3,327.0,44.35,52.24,11713.0,1.24
CFM,2024-11-15,,0.53,200.0,0.02,0.55,,,15.83,,
CFV,2024-11-15,,,,,-1.71,2693.0,8.17,68.03,13496.0,1.63
CGV,2024-11-15,,0.14,,,3.18,,,21.11,,
CHP,2024-11-15,,3.8,2500.0,0.07,0.07,2110.0,15.81,25.13,12258.0,2.72
CHC,2024-11-15,,,,,-1.08,,,25.58,,
CH5,2024-11-15,,,1100.0,0.07,0.23,,,13.95,,
CHS,2024-11-15,,3.26,1400.0,0.12,0.69,1429.0,8.31,9.33,12080.0,0.98
CI5,2024-11-15,,,,,-0.39,,,59.51,,
CIA,2024-11-15,,0.95,,,0.62,468.0,20.09,42.99,17764.0,0.53
CIG,2024-11-15,,0.05,,,0.35,168.0,49.32,17.47,4968.0,1.67
CII,2024-11-15,106100.0,5.54,800.0,0.06,1.73,1598.0,8.82,10.45,29499.0,0.48
CID,2024-11-15,,2.92,653.0,0.02,-3.18,-105.0,-282.93,,4615.0,6.41
CIP,2024-11-15,,,,,-0.37,,,25.73,,
CJC,2024-11-15,,0.27,,,,770.0,33.49,37.53,11219.0,2.3
CK8,2024-11-15,,,,,,,,3.97,,
CKA,2024-11-15,,,5000.0,0.12,0.3,,,6.19,,
CKD,2024-11-15,,0.03,1900.0,0.08,0.4,3093.0,7.26,9.04,16901.0,1.33
CKG,2024-11-15,,0.02,,,0.68,1428.0,17.37,16.64,14977.0,1.66
CKV,2024-11-15,,0.19,1100.0,0.09,1.38,477.0,27.04,19.21,18951.0,0.68
CLC,2024-11-15,,2.26,4000.0,0.08,-0.04,6371.0,7.68,10.35,33676.0,1.45
CLG,2024-11-15,,0.53,,,,631.0,0.79,5.44,1254.0,0.4
CLH,2024-11-15,,5.31,2600.0,0.12,0.11,2896.0,7.6,6.6,14923.0,1.47
CLL,2024-11-15,,10.59,2600.0,0.07,-0.14,2916.0,12.96,12.91,17679.0,2.14
CLM,2024-11-15,,,3000.0,0.04,0.03,18089.0,4.11,10.19,66093.0,1.12
CLW,2024-11-15,,4.79,1600.0,0.04,0.09,3749.0,12.12,11.76,18787.0,2.42
CMC,2024-11-15,,,,,0.26,-300.0,-22.32,6.11,13366.0,0.5
CLX,2024-11-15,,1.34,700.0,0.04,1.91,2192.0,7.24,7.47,20496.0,0.77
CMG,2024-11-15,691200.0,38.99,600.0,0.01,1.82,1861.0,30.63,26.8,18091.0,3.15
CMF,2024-11-15,,24.38,5000.0,0.01,0.51,20528.0,16.45,10.69,114829.0,2.94
CMD,2024-11-15,,0.05,3000.0,0.14,0.47,2779.0,7.73,10.14,21739.0,0.99
CMI,2024-11-15,,0.38,,,-0.39,-574.0,-1.92,0.87,-6620.0,-0.17
CMK,2024-11-15,,,,,,1205.0,7.3,11.8,12005.0,0.73
CMM,2024-11-15,,,,,-0.35,888.0,10.25,10.48,11996.0,0.76
CMT,2024-11-15,,3.43,1000.0,0.07,2.33,3653.0,4.01,4.68,23016.0,0.64
CMN,2024-11-15,,0.06,2600.0,0.04,1.28,2405.0,27.03,11.56,26231.0,2.48
CMS,2024-11-15,,,,,1.0,176.0,59.23,43.18,10965.0,0.95
CMX,2024-11-15,13900.0,17.18,,,1.6,650.0,12.12,7.65,15180.0,0.52
CMV,2024-11-15,,0.04,400.0,0.04,0.28,695.0,13.1,14.43,13366.0,0.68
CMP,2024-11-15,,,,,,316.0,25.65,562.11,10779.0,0.75
CMW,2024-11-15,,0.01,441.0,0.03,0.74,1016.0,12.79,14.59,11123.0,1.17
CNC,2024-11-15,5600.0,6.39,4000.0,0.13,0.65,4449.0,6.99,8.62,106196.0,0.29
CNG,2024-11-15,,2.86,1200.0,0.04,1.44,3124.0,10.12,12.5,17608.0,1.79
COM,2024-11-15,,0.21,1500.0,0.04,-0.16,2461.0,13.59,29.52,29945.0,1.12
CNA,2024-11-15,,,,,,,,,,
CPA,2024-11-15,,,,,-0.36,-396.0,-17.67,-30.32,2293.0,3.05
CPH,2024-11-15,,,1848.0,6.16,,482.0,0.62,0.15,10981.0,0.03
CNT,2024-11-15,,,100.0,0.01,2.62,4576.0,3.02,5.89,13594.0,1.02
DKC,2024-11-15,0.0,0.0,1300.0,1.86,0.42,0.0,0.0,0.65,0.0,0.0
CPI,2024-11-15,0.0,0.0,0.0,0.0,0.51,45.0,87.13,28.47,-661.0,-5.9
CPC,2024-11-15,0.0,4.13,1800.0,0.1,0.19,2511.0,7.13,8.75,20846.0,0.86
CQN,2024-11-15,0.0,0.0,1000.0,0.03,0.61,1591.0,18.36,18.85,12712.0,2.3
CQT,2024-11-15,0.0,0.0,800.0,0.09,0.37,196.0,47.37,10.29,9735.0,0.96
CSC,2024-11-15,0.0,0.0,0.0,0.0,1.31,1076.0,23.6,7.26,22641.0,1.12
CSM,2024-11-15,11900.0,0.86,300.0,0.02,0.8,840.0,15.12,16.45,13043.0,0.97
CRC,2024-11-15,0.0,0.16,0.0,0.0,0.44,1407.0,4.76,7.18,13529.0,0.5
CRE,2024-11-15,3400.0,4.03,0.0,0.0,0.77,68.0,101.06,14.44,12186.0,0.56
CSI,2024-11-15,0.0,33.71,0.0,0.0,3.51,-693.0,-43.88,28.39,10128.0,3.0
CSV,2024-11-15,259900.0,3.08,2500.0,0.06,2.06,3950.0,9.9,16.54,13752.0,2.84
CST,2024-11-15,0.0,0.0,2000.0,0.09,1.1,7304.0,3.04,7.3,25057.0,0.89
CT6,2024-11-15,0.0,0.03,0.0,0.0,-1.43,1506.0,5.64,12.98,10362.0,0.82
CTA,2024-11-15,0.0,0.26,0.0,0.0,0.0,-843.0,-1.66,4.51,4690.0,0.3
CT3,2024-11-15,0.0,0.0,0.0,0.0,0.0,0.0,0.0,10.71,0.0,0.0
CTG,2024-11-15,1467300.0,26.6,0.0,0.0,1.14,4128.0,8.14,9.34,26254.0,1.28
CTC,2024-11-15,0.0,0.48,0.0,0.0,0.0,-118.0,-11.02,12.84,6632.0,0.2
CTD,2024-11-15,5700.0,49.0,0.0,0.0,1.38,3259.0,20.34,15.98,83762.0,0.79
CTB,2024-11-15,0.0,0.5,2000.0,0.09,0.06,2119.0,10.05,6.48,21659.0,0.98
CTF,2024-11-15,0.0,3.42,0.0,0.0,0.29,212.0,127.41,30.17,12085.0,2.23
CTI,2024-11-15,16900.0,0.48,0.0,0.0,1.28,1966.0,8.27,9.3,27447.0,0.59
CTR,2024-11-15,105500.0,10.01,4639.0,0.03,1.69,4639.0,28.65,28.59,14780.0,8.99
CTT,2024-11-15,0.0,0.45,1000.0,0.06,0.02,2972.0,5.55,5.17,14107.0,1.17
CTS,2024-11-15,81400.0,0.49,0.0,0.0,1.85,1382.0,25.83,18.95,14879.0,2.4
CTN,2024-11-15,0.0,1.53,0.0,0.0,0.0,-532.0,-0.94,1.39,-3545.0,-0.14
CTP,2024-11-15,910.0,0.78,0.0,0.0,1.7,28.0,1263.83,26.77,12261.0,2.89
CTW,2024-11-15,0.0,0.0,660.0,0.02,-0.61,3150.0,9.52,14.03,19821.0,1.51
CVN,2024-11-15,0.0,0.0,0.0,0.0,-0.35,27.0,70.14,0.94,13600.0,0.14
CTX,2024-11-15,0.0,0.01,0.0,0.0,0.0,130.0,58.56,9.99,12900.0,0.59
CVT,2024-11-15,0.0,0.46,0.0,0.0,0.28,1418.0,17.38,17.73,26528.0,0.93
CX8,2024-11-15,0.0,0.0,0.0,0.0,0.69,66.0,102.27,25.11,10507.0,0.65
CYC,2024-11-15,0.0,10.69,0.0,0.0,0.2,-14134.0,-0.21,13.12,5942.0,0.49
DAC,2024-11-15,0.0,6.46,0.0,0.0,0.31,-4503.0,-1.0,-0.53,1997.0,2.25
D2D,2024-11-15,0.0,0.58,8700.0,0.28,0.63,678.0,46.28,21.38,30863.0,1.02
D17,2024-11-15,0.0,0.0,2000.0,0.05,0.08,1405.0,30.25,11.64,21967.0,1.93
D11,2024-11-15,0.0,0.0,0.0,0.0,0.01,487.0,21.78,20.26,25644.0,0.41
DAD,2024-11-15,0.0,0.0,2000.0,0.1,-0.07,2494.0,7.82,6.5,20936.0,0.93
DAG,2024-11-15,0.0,0.86,0.0,0.0,0.63,-889.0,-1.57,8.89,452.0,3.1
DAE,2024-11-15,0.0,0.0,1200.0,0.08,0.5,1665.0,9.31,7.65,21893.0,0.71
DAH,2024-11-15,0.0,0.0,0.0,0.0,0.72,20.0,156.31,25.85,10955.0,0.28
DAN,2024-11-15,0.0,0.17,700.0,0.02,-0.05,3012.0,11.2,9.17,36128.0,0.93
DAS,2024-11-15,0.0,0.0,1000.0,0.16,0.27,0.0,0.0,5.25,0.0,0.0
DBD,2024-11-15,2100.0,14.62,0.0,0.0,0.44,3427.0,14.08,14.11,17448.0,2.77
DAT,2024-11-15,0.0,0.01,0.0,0.0,0.24,938.0,7.95,5.16,12654.0,0.59
DBC,2024-11-15,171000.0,7.99,0.0,0.0,1.49,2151.0,12.43,12.27,19503.0,1.37
DBM,2024-11-15,0.0,1.07,1700.0,0.07,0.15,2895.0,8.81,8.25,24723.0,1.03
DBT,2024-11-15,0.0,1.28,0.0,0.0,0.33,987.0,12.06,4.98,14070.0,0.85
DC4,2024-11-15,6500.0,0.47,0.0,0.0,1.05,3744.0,3.23,6.35,13559.0,0.89
DC2,2024-11-15,0.0,2.4,0.0,0.0,0.32,529.0,13.04,9.76,11047.0,0.62
DC1,2024-11-15,0.0,0.74,0.0,0.0,-0.44,0.0,0.0,19.53,0.0,0.0
DCF,2024-11-15,0.0,0.0,0.0,0.0,0.14,1742.0,33.86,38.48,15784.0,3.74
DCG,2024-11-15,0.0,5.25,1500.0,0.13,-0.2,659.0,18.22,4.55,13442.0,0.89
DCM,2024-11-15,295000.0,7.09,2000.0,0.05,1.66,2886.0,12.96,24.91,18690.0,2.0
DCL,2024-11-15,0.0,1.12,0.0,0.0,0.64,869.0,30.6,15.21,20316.0,1.31
DCH,2024-11-15,0.0,0.0,100.0,0.01,0.09,0.0,0.0,55.8,0.0,0.0
DCR,2024-11-15,0.0,0.0,0.0,0.0,-0.52,324.0,16.67,35.1,10556.0,0.51
DCS,2024-11-15,0.0,0.62,0.0,0.0,-0.45,11.0,52.22,15.73,10487.0,0.06
DCT,2024-11-15,0.0,0.39,0.0,0.0,0.23,-3078.0,-0.19,5.36,-17660.0,-0.03
DDG,2024-11-15,0.0,3.69,0.0,0.0,1.52,184.0,15.76,57.88,10090.0,0.29
DDH,2024-11-15,0.0,0.0,600.0,0.03,-0.43,0.0,0.0,11.9,0.0,0.0
DDM,2024-11-15,0.0,0.11,0.0,0.0,-1.86,-8479.0,-0.22,0.19,-73544.0,-0.03
DDN,2024-11-15,0.0,0.0,0.0,0.0,-0.02,531.0,14.7,24.97,13447.0,0.58
DGC,2024-11-15,342500.0,18.02,6000.0,0.05,1.53,7743.0,15.02,14.25,37235.0,3.12
DDV,2024-11-15,0.0,5.41,600.0,0.03,3.52,1185.0,15.17,20.99,11766.0,1.53
DFC,2024-11-15,0.0,0.0,2000.0,0.1,-0.63,1565.0,12.78,7.76,24024.0,0.83
DFF,2024-11-15,0.0,0.0,0.0,0.0,2.09,-2450.0,-0.74,18.06,6404.0,0.28
DGT,2024-11-15,0.0,0.07,0.0,0.0,1.81,462.0,13.0,12.05,12711.0,0.47
DGW,2024-11-15,53600.0,22.61,500.0,0.01,1.57,2333.0,18.13,18.76,13080.0,3.23
DHA,2024-11-15,1400.0,10.16,2000.0,0.05,0.74,4216.0,9.57,15.91,28499.0,1.42
DHD,2024-11-15,0.0,0.0,300.0,0.01,0.06,1721.0,15.78,23.72,15832.0,1.72
DHG,2024-11-15,2700.0,53.75,7500.0,0.07,0.35,6362.0,16.14,12.43,33726.0,3.05
DHC,2024-11-15,0.0,39.36,2000.0,0.06,0.53,3330.0,10.39,9.28,24330.0,1.42
DHB,2024-11-15,0.0,0.0,0.0,0.0,1.92,5835.0,1.41,13.26,2023.0,4.05
DIC,2024-11-15,0.0,0.33,0.0,0.0,-0.09,-1409.0,-0.71,18.99,-3469.0,-0.29
DHN,2024-11-15,0.0,0.0,2000.0,0.08,0.0,0.0,0.0,10.63,0.0,0.0
DHP,2024-11-15,0.0,0.44,1000.0,0.09,-0.32,1456.0,7.76,7.77,18114.0,0.62
DHM,2024-11-15,0.0,0.13,0.0,0.0,0.59,234.0,37.59,24.84,11342.0,0.77
DHT,2024-11-15,1300.0,35.99,1000.0,0.01,0.28,792.0,87.36,72.59,13074.0,5.29
DIG,2024-11-15,1600.0,4.54,0.0,0.0,1.47,135.0,148.8,12.17,13035.0,1.55
DIH,2024-11-15,0.0,0.0,0.0,0.0,0.11,-380.0,-39.99,8.73,17340.0,0.88
DID,2024-11-15,0.0,0.04,0.0,0.0,0.76,67.0,62.42,65.61,11801.0,0.36
DL1,2024-11-15,11800.0,5.88,0.0,0.0,1.15,497.0,12.08,8.39,13959.0,0.43
DLD,2024-11-15,0.0,0.0,0.0,0.0,2.66,-2131.0,-2.67,-9.32,4194.0,1.36
DLR,2024-11-15,0.0,4.71,0.0,0.0,-0.42,396.0,45.47,137.63,-3875.0,-4.65
DLG,2024-11-15,54500.0,1.26,0.0,0.0,1.21,-237.0,-7.91,3.11,2149.0,0.87
DMC,2024-11-15,0.0,56.56,2500.0,0.04,0.48,5289.0,12.61,11.58,44221.0,1.51
DLT,2024-11-15,0.0,0.04,1000.0,0.16,0.0,-37446.0,-0.17,0.28,337805.0,0.02
DM7,2024-11-15,0.0,0.0,1711.0,0.09,0.46,4004.0,5.0,5.64,18969.0,1.05
DNA,2024-11-15,0.0,0.0,1500.0,0.06,0.35,2276.0,10.46,8.36,15346.0,1.55
DMN,2024-11-15,0.0,0.0,0.0,0.0,0.5,458.0,11.34,2.83,12893.0,0.4
DND,2024-11-15,0.0,0.0,0.0,0.0,-0.16,94.0,175.35,237.0,12004.0,1.37
DNC,2024-11-15,0.0,0.0,2500.0,0.03,-0.24,6468.0,11.94,12.27,16650.0,4.64
DMS,2024-11-15,0.0,0.0,200.0,0.03,0.71,1269.0,6.23,9.88,12103.0,0.65
DNE,2024-11-15,0.0,0.0,500.0,0.05,-0.56,573.0,16.77,7.36,10575.0,0.91
DNH,2024-11-15,0.0,0.0,2850.0,0.06,0.85,1637.0,30.54,38.95,12663.0,3.95
DNN,2024-11-15,0.0,0.0,1700.0,8.5,0.0,1471.0,0.14,0.13,13584.0,0.01
DNL,2024-11-15,0.0,0.0,1000.0,0.04,-0.77,6.0,4365.22,19.32,10344.0,2.43
DNM,2024-11-15,0.0,3.5,0.0,0.0,0.15,-11013.0,-0.82,116.47,515.0,17.48
DNP,2024-11-15,0.0,0.18,0.0,0.0,0.9,326.0,64.43,40.55,42819.0,0.49
DNT,2024-11-15,0.0,0.0,1000.0,0.03,-0.52,0.0,0.0,23.74,0.0,0.0
DNW,2024-11-15,0.0,0.25,1200.0,0.03,0.35,2702.0,12.79,16.72,19787.0,1.75
DP1,2024-11-15,0.0,0.0,2300.0,0.06,1.47,6597.0,5.55,7.97,19598.0,1.87
DOC,2024-11-15,0.0,0.0,400.0,0.04,-0.23,0.0,0.0,29.26,0.0,0.0
DOP,2024-11-15,0.0,0.0,1200.0,0.09,-0.06,0.0,0.0,6.96,0.0,0.0
DP3,2024-11-15,0.0,0.0,3000.0,0.05,0.52,5657.0,10.25,14.5,21804.0,2.66
DPG,2024-11-15,14700.0,6.58,1000.0,0.02,2.04,3424.0,15.36,9.65,39777.0,1.32
DPC,2024-11-15,0.0,1.23,0.0,0.0,0.84,-2124.0,-4.71,4.47,11360.0,0.88
DP2,2024-11-15,0.0,0.0,0.0,0.0,-0.49,-884.0,-3.28,580.0,3939.0,0.74
DPH,2024-11-15,0.0,0.06,1700.0,0.03,-0.2,567.0,88.16,7.72,23699.0,2.11
DPM,2024-11-15,30000.0,7.53,2000.0,0.06,1.31,1700.0,20.08,24.66,28704.0,1.19
DPR,2024-11-15,2100.0,5.04,1500.0,0.04,1.44,2719.0,14.0,14.9,37062.0,1.03
DPP,2024-11-15,0.0,0.0,1200.0,0.07,-0.17,0.0,0.0,6.28,0.0,0.0
DPS,2024-11-15,0.0,0.34,0.0,0.0,0.0,-217.0,-1.38,0.67,10472.0,0.03
DQC,2024-11-15,200.0,0.61,0.0,0.0,0.32,-938.0,-13.44,21.65,32295.0,0.39
ECI,2024-11-15,0.0,0.0,600.0,0.02,0.02,-4313.0,-5.68,12.86,16630.0,1.47
DRC,2024-11-15,4200.0,9.34,1200.0,0.04,1.42,2259.0,12.04,14.17,16125.0,1.69
DRH,2024-11-15,0.0,0.91,0.0,0.0,1.15,-955.0,-1.99,47.25,11563.0,0.16
DRI,2024-11-15,4000.0,0.11,600.0,0.05,3.22,1393.0,8.89,14.95,7809.0,1.59
DRG,2024-11-15,0.0,0.0,0.0,0.0,1.78,382.0,20.95,91.15,11699.0,0.68
DRL,2024-11-15,0.0,2.93,5800.0,0.1,0.15,4884.0,12.35,13.84,11567.0,5.21
DS3,2024-11-15,0.0,0.34,0.0,0.0,-0.27,1452.0,3.65,5.65,7851.0,0.68
DSG,2024-11-15,0.0,0.17,0.0,0.0,0.88,-608.0,-8.89,-17.17,60.0,90.0
DSE,2024-11-15,0.0,13.16,0.0,0.0,0.98,748.0,31.03,45.04,12611.0,1.84
DSN,2024-11-15,0.0,15.78,4000.0,0.07,0.26,8062.0,6.77,6.34,27913.0,1.96
DSD,2024-11-15,0.0,0.0,0.0,0.0,0.0,166.0,120.16,77.53,12876.0,1.55
DSP,2024-11-15,0.0,0.0,0.0,0.0,0.15,-31.0,-432.66,522.49,8047.0,1.69
DTA,2024-11-15,0.0,0.2,0.0,0.0,-0.05,95.0,43.3,22.47,11320.0,0.36
DTD,2024-11-15,129700.0,0.86,0.0,0.0,2.95,2829.0,9.54,5.72,22744.0,1.19
DTB,2024-11-15,0.0,0.0,1073.0,0.1,-2.69,0.0,0.0,6.35,0.0,0.0
DST,2024-11-15,0.0,0.0,0.0,0.0,1.65,320.0,9.39,31.63,12386.0,0.24
DTC,2024-11-15,0.0,0.0,0.0,0.0,0.66,-3624.0,-1.21,-1.46,2041.0,2.16
DTH,2024-11-15,0.0,0.0,300.0,0.02,-0.14,482.0,28.2,18.15,18177.0,0.75
DTE,2024-11-15,0.0,0.0,0.0,0.0,0.03,699.0,7.3,2.0,11282.0,0.45
DTI,2024-11-15,0.0,0.0,0.0,0.0,1.59,15.0,147.59,4.18,10059.0,0.22
DTG,2024-11-15,0.0,0.08,0.0,0.0,0.57,3857.0,6.07,5.89,21061.0,1.11
DTK,2024-11-15,0.0,0.01,400.0,0.03,0.08,883.0,14.37,13.18,12202.0,1.04
DUS,2024-11-15,0.0,0.0,0.0,0.0,0.0,6.0,1317.07,-0.97,13641.0,0.59
DTL,2024-11-15,0.0,0.0,0.0,0.0,0.13,-240.0,-43.07,37.4,12543.0,0.83
DTP,2024-11-15,0.0,0.0,1500.0,0.01,0.15,14883.0,9.74,9.05,57321.0,2.53
DTT,2024-11-15,0.0,0.17,800.0,0.04,-0.21,1360.0,14.67,21.68,16000.0,1.25
DVC,2024-11-15,0.0,0.0,600.0,0.05,-0.55,0.0,0.0,7.38,0.0,0.0
DVG,2024-11-15,0.0,0.0,0.0,0.0,-0.86,16.0,82.64,4.85,11196.0,0.12
DVP,2024-11-15,1000.0,14.08,7000.0,0.09,0.31,8235.0,9.4,8.97,35678.0,2.17
DVM,2024-11-15,0.0,0.0,0.0,0.0,1.02,1208.0,6.87,7.17,16981.0,0.49
DVW,2024-11-15,0.0,0.0,2000.0,0.1,0.2,0.0,0.0,6.11,0.0,0.0
DVN,2024-11-15,0.0,0.0,700.0,0.03,1.65,1943.0,11.81,11.42,14220.0,1.61
DXG,2024-11-15,590700.0,18.31,0.0,0.0,1.87,209.0,76.73,9.63,21694.0,0.74
DWS,2024-11-15,0.0,0.0,600.0,0.05,0.01,1715.0,7.58,7.61,13663.0,0.95
DWC,2024-11-15,0.0,0.0,0.0,0.0,-0.32,1267.0,8.05,28.4,11019.0,0.93
DXP,2024-11-15,0.0,0.0,500.0,0.04,1.34,1022.0,11.85,9.67,14106.0,0.86
DXL,2024-11-15,0.0,1.86,125.0,0.01,-0.2,6197.0,1.87,57.39,12237.0,0.95
DXS,2024-11-15,126400.0,18.54,0.0,0.0,1.47,-17.0,-395.65,1.86,14291.0,0.47
DXV,2024-11-15,0.0,0.54,0.0,0.0,0.53,-994.0,-4.29,-5.95,9965.0,0.43
E12,2024-11-15,0.0,0.0,0.0,0.0,1.5,-2352.0,-2.59,2.09,9859.0,0.62
E1VFVN30,2024-11-15,17500.0,87.52,0.0,0.0,0.0,0.0,0.0,0.0,0.0,0.0
DZM,2024-11-15,0.0,9.71,0.0,0.0,0.0,-212.0,-13.69,8.4,-872.0,-3.33
E29,2024-11-15,0.0,0.0,500.0,0.07,0.13,39.0,191.91,8.61,10048.0,0.74
ECO,2024-11-15,0.0,0.0,0.0,0.0,2.19,322.0,44.99,0.0,10921.0,1.33
EBS,2024-11-15,0.0,0.66,800.0,0.07,1.21,1573.0,6.87,10.51,15389.0,0.7
EIB,2024-11-15,0.0,3.09,300.0,0.02,0.52,1547.0,11.99,6.26,12979.0,1.43
EID,2024-11-15,0.0,0.0,1400.0,0.05,0.26,5174.0,5.22,6.33,30461.0,0.89
EFI,2024-11-15,0.0,0.03,0.0,0.0,0.32,48.0,33.07,17.41,15037.0,0.11
EIN,2024-11-15,0.0,0.0,0.0,0.0,0.74,-136.0,-17.58,108.54,8765.0,0.27
ELC,2024-11-15,18500.0,3.05,0.0,0.0,1.83,772.0,34.98,20.82,14173.0,1.91
EME,2024-11-15,0.0,0.0,700.0,0.03,-1.84,0.0,0.0,17.08,0.0,0.0
EMG,2024-11-15,0.0,0.0,1500.0,0.06,-0.03,0.0,0.0,5.19,0.0,0.0
EPC,2024-11-15,0.0,0.0,0.0,0.0,0.55,0.0,0.0,23.43,0.0,0.0
EPH,2024-11-15,0.0,0.24,1300.0,0.08,0.83,-331.0,-51.33,4.72,11203.0,1.52
EMS,2024-11-15,0.0,0.0,1000.0,0.04,0.56,3066.0,9.2,8.53,13930.0,2.02
EVE,2024-11-15,100.0,66.98,500.0,0.05,0.95,-784.0,-13.39,7.35,22435.0,0.47
EVF,2024-11-15,29200.0,0.68,0.0,0.0,1.67,754.0,14.05,12.76,12603.0,0.84
EVG,2024-11-15,58000.0,0.46,0.0,0.0,2.08,178.0,33.06,13.39,13233.0,0.45
FBC,2024-11-15,0.0,0.0,20000.0,5.41,0.0,929.0,3.98,0.23,17627.0,0.21
EVS,2024-11-15,1000.0,0.37,0.0,0.0,1.58,52.0,97.87,7.84,11860.0,0.43
FCC,2024-11-15,0.0,0.0,0.0,0.0,0.0,0.0,0.0,99.95,0.0,0.0
FCM,2024-11-15,0.0,2.94,0.0,0.0,1.01,-41.0,-80.15,9.77,11717.0,0.28
FDC,2024-11-15,0.0,0.02,0.0,0.0,-0.15,26.0,612.09,120.6,11571.0,1.38
FCS,2024-11-15,0.0,0.0,0.0,0.0,2.19,-17.0,-467.18,183.25,2090.0,3.78
FCN,2024-11-15,0.0,31.24,100.0,0.01,0.94,-204.0,-61.3,32.8,21215.0,0.59
FIC,2024-11-15,0.0,0.0,500.0,0.04,-1.47,448.0,31.82,23.62,12568.0,1.13
FGL,2024-11-15,0.0,0.0,0.0,0.0,0.27,-1100.0,-9.18,-25.27,1373.0,7.36
FID,2024-11-15,0.0,0.0,0.0,0.0,-0.31,-180.0,-7.22,26.78,10666.0,0.12
FHN,2024-11-15,0.0,0.0,400.0,0.03,0.1,141.0,99.87,19.23,15962.0,0.88
FIT,2024-11-15,0.0,0.03,0.0,0.0,0.83,461.0,9.11,5.28,17469.0,0.24
FIR,2024-11-15,0.0,0.17,0.0,0.0,0.12,25.0,182.75,3.71,11544.0,0.4
FLC,2024-11-15,0.0,2.16,0.0,0.0,0.0,-2649.0,-1.32,2.82,11190.0,0.31
FMC,2024-11-15,0.0,31.03,2000.0,0.04,0.58,4251.0,10.96,9.52,34848.0,1.34
FOC,2024-11-15,1000.0,0.88,2000.0,0.02,2.16,7795.0,11.28,7.74,42855.0,2.05
FPT,2024-11-15,522800.0,45.91,1000.0,0.01,1.02,5652.0,24.06,18.26,24213.0,5.62
FOX,2024-11-15,0.0,0.0,2000.0,0.02,1.91,5627.0,17.88,14.12,20705.0,4.86
FRC,2024-11-15,0.0,0.0,0.0,0.0,-0.31,8.0,3813.33,12.26,11678.0,2.45
FRT,2024-11-15,153700.0,37.37,0.0,0.0,0.86,775.0,214.29,180.93,14614.0,11.36
FSO,2024-11-15,0.0,0.0,0.0,0.0,0.0,0.0,0.0,41.49,0.0,0.0
FRM,2024-11-15,0.0,0.0,426.0,0.1,0.09,117.0,34.92,18.45,11343.0,0.36
FHS,2024-11-15,0.0,0.0,1800.0,0.06,0.43,4509.0,6.92,5.68,15897.0,1.96
FTI,2024-11-15,0.0,0.0,0.0,0.0,0.0,-331.0,-11.18,70.72,8688.0,0.43
FTM,2024-11-15,0.0,0.55,0.0,0.0,-1.08,-2591.0,-0.27,5.83,-15777.0,-0.04
FTS,2024-11-15,91800.0,30.39,500.0,0.01,1.82,1822.0,22.78,30.23,12940.0,3.21
FT1,2024-11-15,0.0,1.52,3700.0,0.08,0.1,0.0,0.0,6.49,0.0,0.0
GSM,2024-11-15,0.0,0.0,2000.0,0.09,1.03,1700.0,13.53,25.85,16119.0,1.43
FUCTVGF3,2024-11-15,0.0,0.0,0.0,0.0,0.0,0.0,0.0,0.0,0.0,0.0
FUCTVGF5,2024-11-15,0.0,0.46,0.0,0.0,0.0,0.0,0.0,0.0,0.0,0.0
FUCVREIT,2024-11-15,0.0,1.62,0.0,0.0,0.0,0.0,0.0,0.0,0.0,0.0
FUCTVGF4,2024-11-15,0.0,0.0,0.0,0.0,0.0,0.0,0.0,0.0,0.0,0.0
FUEABVND,2024-11-15,0.0,0.0,0.0,0.0,0.0,0.0,0.0,0.0,0.0,0.0
FUEBFVND,2024-11-15,0.0,0.0,0.0,0.0,0.0,0.0,0.0,0.0,0.0,0.0
FUEDCMID,2024-11-15,100.0,83.25,0.0,0.0,0.0,0.0,0.0,0.0,0.0,0.0
FUEIP100,2024-11-15,0.0,2.22,0.0,0.0,0.0,0.0,0.0,0.0,0.0,0.0
FUEFCV50,2024-11-15,0.0,1.81,0.0,0.0,0.0,0.0,0.0,0.0,0.0,0.0
FUEKIV30,2024-11-15,100.0,96.79,0.0,0.0,0.0,0.0,0.0,0.0,0.0,0.0
FUEMAV30,2024-11-15,6300.0,89.65,0.0,0.0,0.0,0.0,0.0,0.0,0.0,0.0
FUEKIVFS,2024-11-15,0.0,86.9,0.0,0.0,0.0,0.0,0.0,0.0,0.0,0.0
FUEKIVND,2024-11-15,0.0,98.39,0.0,0.0,0.0,0.0,0.0,0.0,0.0,0.0
FUESSV30,2024-11-15,0.0,33.27,0.0,0.0,0.0,0.0,0.0,0.0,0.0,0.0
FUEMAVND,2024-11-15,300.0,92.9,0.0,0.0,0.0,0.0,0.0,0.0,0.0,0.0
FUESSVFL,2024-11-15,268800.0,49.57,0.0,0.0,0.0,0.0,0.0,0.0,0.0,0.0
FUEVFVND,2024-11-15,392700.0,93.49,0.0,0.0,0.0,0.0,0.0,0.0,0.0,0.0
G36,2024-11-15,0.0,0.0,0.0,0.0,1.53,524.0,12.41,62.99,10872.0,0.6
FUEVN100,2024-11-15,100.0,7.25,0.0,0.0,0.0,0.0,0.0,0.0,0.0,0.0
GAB,2024-11-15,0.0,0.31,0.0,0.0,0.0,-447.0,-438.93,975.71,10052.0,19.54
G20,2024-11-15,0.0,0.14,0.0,0.0,0.26,-1835.0,-0.27,2.77,4322.0,0.12
GAS,2024-11-15,351300.0,1.81,6000.0,0.09,0.61,4831.0,14.28,27.88,25465.0,2.71
GCB,2024-11-15,0.0,0.0,0.0,0.0,0.0,577.0,31.18,5.89,16405.0,1.1
GDW,2024-11-15,0.0,6.29,1400.0,0.05,-0.94,1533.0,18.27,5.85,18294.0,1.53
GDT,2024-11-15,0.0,10.53,1000.0,0.03,0.91,2516.0,11.37,10.36,14388.0,1.99
GCF,2024-11-15,0.0,0.01,0.0,0.0,-0.6,1957.0,11.68,13.4,13868.0,1.65
GDA,2024-11-15,0.0,20.63,2000.0,0.07,2.41,2966.0,9.55,10.83,34078.0,0.83
GEE,2024-11-15,0.0,0.02,1000.0,0.03,1.55,3739.0,8.83,10.99,22208.0,1.49
GEG,2024-11-15,0.0,45.54,0.0,0.0,1.56,318.0,33.81,16.82,16249.0,0.66
GER,2024-11-15,0.0,0.01,400.0,0.03,-0.12,-417.0,-30.92,20.07,10618.0,1.21
GEX,2024-11-15,797000.0,6.55,0.0,0.0,1.48,1217.0,14.95,8.14,26275.0,0.69
GGG,2024-11-15,0.0,2.09,0.0,0.0,-0.62,-634.0,-6.31,1.96,-1559.0,-2.57
GH3,2024-11-15,0.0,0.0,430.0,0.07,0.0,0.0,0.0,10.54,0.0,0.0
GHC,2024-11-15,0.0,3.96,3000.0,0.11,0.48,3278.0,8.65,9.52,22485.0,1.26
GIL,2024-11-15,9900.0,2.1,0.0,0.0,1.62,1489.0,14.11,14.69,36552.0,0.57
GIC,2024-11-15,2400.0,10.39,1200.0,0.08,-0.01,1505.0,9.83,10.87,19725.0,0.75
GLC,2024-11-15,0.0,0.0,0.0,0.0,0.0,-1455.0,-6.87,-6.72,704.0,14.2
GKM,2024-11-15,0.0,0.01,0.0,0.0,0.19,683.0,9.22,3.3,10861.0,0.58
GLT,2024-11-15,0.0,0.0,1500.0,0.05,0.14,152.0,190.44,16.92,15233.0,1.9
GMC,2024-11-15,0.0,6.89,0.0,0.0,-0.24,-480.0,-16.68,6.61,11772.0,0.68
GMA,2024-11-15,0.0,0.0,0.0,0.0,-0.15,853.0,62.82,536.0,23805.0,2.25
GLW,2024-11-15,0.0,0.0,300.0,0.03,0.21,658.0,13.98,14.88,10868.0,0.85
GMH,2024-11-15,0.0,0.72,1000.0,0.12,0.67,410.0,19.87,8.15,10654.0,0.76
GMX,2024-11-15,0.0,6.3,2400.0,0.13,-0.07,1990.0,9.55,7.29,13217.0,1.44
GND,2024-11-15,0.0,0.25,2000.0,0.07,-0.33,508.0,56.93,10.0,15590.0,1.86
GPC,2024-11-15,0.0,0.0,0.0,0.0,1.96,1171.0,2.45,3.73,14352.0,0.2
GSP,2024-11-15,0.0,0.7,0.0,0.0,0.86,1839.0,7.07,9.5,13681.0,0.95
GTD,2024-11-15,0.0,0.0,0.0,0.0,0.05,0.0,0.0,827.91,0.0,0.0
GTA,2024-11-15,0.0,0.15,550.0,0.05,0.84,937.0,10.99,12.51,16125.0,0.64
GTS,2024-11-15,0.0,0.0,800.0,0.08,0.3,996.0,10.14,12.45,11013.0,0.92
GVR,2024-11-15,95000.0,0.36,650.0,0.02,2.3,862.0,36.55,36.66,14339.0,2.2
GTT,2024-11-15,0.0,0.12,0.0,0.0,0.0,-2979.0,-0.1,-0.08,-24716.0,-0.01
HAC,2024-11-15,0.0,0.63,0.0,0.0,1.46,336.0,30.98,7.99,9243.0,1.13
H11,2024-11-15,0.0,0.23,0.0,0.0,0.93,0.0,0.0,0.02,0.0,0.0
GVT,2024-11-15,0.0,0.02,3600.0,0.05,0.02,1034.0,75.4,15.61,12607.0,6.19
HAF,2024-11-15,0.0,0.0,0.0,0.0,-0.31,-509.0,-25.44,16.99,10391.0,1.25
HAD,2024-11-15,0.0,11.6,1200.0,0.08,0.12,1833.0,8.46,13.76,19038.0,0.81
HAG,2024-11-15,628700.0,2.67,0.0,0.0,0.97,1851.0,6.35,9.41,8473.0,1.39
HAI,2024-11-15,0.0,1.18,0.0,0.0,0.0,-57.0,-26.23,34.25,9941.0,0.15
HAH,2024-11-15,224600.0,11.12,0.0,0.0,1.02,3939.0,12.18,20.08,29864.0,1.61
HAM,2024-11-15,0.0,0.0,1000.0,0.03,0.45,0.0,0.0,7.23,0.0,0.0
HAP,2024-11-15,0.0,2.21,0.0,0.0,0.79,118.0,36.38,9.22,11694.0,0.37
HAN,2024-11-15,0.0,0.0,300.0,0.03,1.6,432.0,23.86,32.07,11469.0,0.9
HAR,2024-11-15,0.0,2.57,0.0,0.0,1.34,90.0,36.83,17.42,11229.0,0.29
HAS,2024-11-15,0.0,15.33,50.0,0.01,0.53,-553.0,-14.82,13.12,16921.0,0.48
HAT,2024-11-15,0.0,5.06,3000.0,0.07,-0.88,8247.0,5.1,7.04,24476.0,1.72
HAV,2024-11-15,0.0,0.0,0.0,0.0,1.2,0.0,0.0,2105.26,0.0,0.0
HAX,2024-11-15,199500.0,16.42,300.0,0.02,1.24,1145.0,14.02,8.62,12601.0,1.27
HBC,2024-11-15,0.0,10.44,0.0,0.0,1.32,2921.0,1.68,3.93,4739.0,1.03
HBH,2024-11-15,0.0,2.01,0.0,0.0,-1.1,-130.0,-44.52,96.27,9842.0,0.59
HBD,2024-11-15,0.0,0.47,1400.0,0.08,0.25,1348.0,12.98,9.89,14685.0,1.19
HBS,2024-11-15,0.0,0.17,2000.0,0.27,1.74,437.0,16.71,5.24,10960.0,0.67
HC1,2024-11-15,0.0,0.0,1000.0,0.09,0.67,482.0,23.25,7.31,24076.0,0.47
HC3,2024-11-15,0.0,0.2,2000.0,0.08,-2.35,2016.0,13.15,12.18,34399.0,0.77
HCC,2024-11-15,0.0,13.05,1200.0,0.1,-0.08,1634.0,7.41,5.72,12707.0,0.95
HCB,2024-11-15,0.0,0.0,2000.0,0.07,-0.29,0.0,0.0,6.07,0.0,0.0
HCI,2024-11-15,0.0,0.0,0.0,0.0,0.0,0.0,0.0,23.02,0.0,0.0
HCM,2024-11-15,697600.0,45.4,1178.0,0.04,1.83,1680.0,16.13,16.47,14286.0,1.9
HCD,2024-11-15,0.0,0.0,0.0,0.0,0.94,1450.0,6.03,5.32,12906.0,0.68
HDA,2024-11-15,0.0,0.0,0.0,0.0,0.62,-75.0,-49.12,6.38,12068.0,0.31
HD2,2024-11-15,0.0,0.06,0.0,0.0,0.68,1854.0,10.03,49.01,16430.0,1.13
HD6,2024-11-15,0.0,0.0,0.0,0.0,1.36,1156.0,11.71,4.55,20843.0,0.65
HD8,2024-11-15,0.0,0.0,1300.0,0.16,0.04,0.0,0.0,112.58,0.0,0.0
HCT,2024-11-15,0.0,0.38,0.0,0.0,0.0,-883.0,-10.87,40.33,18880.0,0.51
HDB,2024-11-15,913000.0,17.51,1000.0,0.04,1.09,4478.0,5.64,5.83,18398.0,1.37
HDC,2024-11-15,194600.0,3.0,0.0,0.0,1.53,790.0,32.09,10.66,12728.0,1.99
HDG,2024-11-15,638700.0,15.55,500.0,0.02,1.82,2305.0,12.08,9.64,22465.0,1.24
HDO,2024-11-15,0.0,0.44,0.0,0.0,0.0,-6236.0,-0.06,4.52,-9279.0,-0.04
HDP,2024-11-15,0.0,0.0,1200.0,0.07,-0.02,434.0,41.05,11.79,13684.0,1.3
HDM,2024-11-15,0.0,0.06,4000.0,0.12,0.82,5194.0,6.49,6.16,21015.0,1.61
EIC,2024-11-15,0.0,0.0,1700.0,0.07,-1.66,1399.0,16.51,23.95,11962.0,1.93
GMD,2024-11-15,3800.0,48.9,2200.0,0.03,0.89,4260.0,15.63,12.26,33909.0,1.96
HDS,2024-11-15,0.0,0.0,0.0,0.0,0.0,41.0,201.7,20.03,10224.0,0.81
HEC,2024-11-15,0.0,0.0,4500.0,0.08,0.16,0.0,0.0,7.47,0.0,0.0
HDW,2024-11-15,0.0,0.04,792.0,0.06,-0.98,1508.0,9.28,9.92,14083.0,0.99
HEJ,2024-11-15,0.0,0.0,0.0,0.0,0.01,0.0,0.0,63.61,0.0,0.0
HEV,2024-11-15,0.0,2.34,0.0,0.0,-0.09,-1208.0,-18.13,43.8,12209.0,1.79
HEP,2024-11-15,0.0,0.72,1039.0,0.06,-0.1,0.0,0.0,7.27,0.0,0.0
HES,2024-11-15,0.0,0.0,0.0,0.0,0.17,515.0,92.18,31.7,12500.0,3.8
HFC,2024-11-15,0.0,0.0,0.0,0.0,2.82,0.0,0.0,7.3,0.0,0.0
HFB,2024-11-15,0.0,0.0,850.0,0.1,-1.11,0.0,0.0,11.64,0.0,0.0
HHC,2024-11-15,0.0,0.22,0.0,0.0,-0.63,2916.0,38.07,26.05,38597.0,2.88
HFX,2024-11-15,0.0,0.0,0.0,0.0,-1.39,0.0,0.0,4.95,0.0,0.0
HHG,2024-11-15,0.0,0.2,0.0,0.0,2.4,-991.0,-1.48,9.6,2677.0,0.55
HGT,2024-11-15,0.0,49.0,0.0,0.0,-1.1,3537.0,2.88,59.82,10695.0,0.95
HGM,2024-11-15,0.0,0.2,6500.0,0.04,-0.21,11214.0,12.97,36.67,25910.0,5.62
HHS,2024-11-15,800.0,5.29,0.0,0.0,1.73,1325.0,5.43,8.82,12984.0,0.55
HHV,2024-11-15,110400.0,7.96,0.0,0.0,1.33,672.0,16.36,11.77,15744.0,0.7
HHP,2024-11-15,0.0,6.79,0.0,0.0,0.71,202.0,44.63,17.31,11869.0,0.76
HID,2024-11-15,0.0,0.58,0.0,0.0,0.68,269.0,10.05,11.62,11890.0,0.23
HHN,2024-11-15,0.0,0.0,1200.0,2.4,0.0,0.0,0.0,0.55,0.0,0.0
HII,2024-11-15,0.0,0.85,0.0,0.0,0.74,64.0,68.83,3.51,13391.0,0.33
HIG,2024-11-15,0.0,0.0,0.0,0.0,0.34,375.0,27.22,11.51,19356.0,0.53
HIO,2024-11-15,0.0,0.04,0.0,0.0,0.7,927.0,11.28,11.09,11972.0,0.87
HKB,2024-11-15,0.0,0.82,0.0,0.0,2.26,-1137.0,-0.53,-2.67,1981.0,0.3
HKT,2024-11-15,0.0,0.26,0.0,0.0,0.59,151.0,56.99,10.55,11722.0,0.73
HJC,2024-11-15,0.0,0.0,0.0,0.0,-0.14,1109.0,5.32,7.15,13952.0,0.42
HLA,2024-11-15,0.0,0.12,0.0,0.0,0.0,-3771.0,-0.11,0.4,-46986.0,-0.01
HLC,2024-11-15,3500.0,9.68,800.0,0.07,0.92,2946.0,4.11,3.1,15457.0,0.78
HLB,2024-11-15,0.0,0.0,9000.0,0.03,-0.57,0.0,0.0,9.61,0.0,0.0
HLS,2024-11-15,0.0,0.0,1000.0,0.06,0.0,0.0,0.0,12.93,0.0,0.0
HLO,2024-11-15,0.0,39.35,0.0,0.0,0.15,0.0,0.0,18.94,0.0,0.0
HLD,2024-11-15,0.0,4.22,0.0,0.0,0.5,113.0,237.15,214.34,21271.0,1.26
HLT,2024-11-15,0.0,0.0,0.0,0.0,0.05,16.0,777.01,15.03,19390.0,0.63
HLY,2024-11-15,0.0,1.56,0.0,0.0,0.45,-4613.0,-3.58,-1.91,609064.0,0.03
HMG,2024-11-15,0.0,0.0,800.0,0.07,0.0,2043.0,5.68,10.44,11124.0,1.04
HMH,2024-11-15,0.0,0.45,0.0,0.0,-0.43,1211.0,11.48,22.93,17006.0,0.82
HMR,2024-11-15,0.0,0.0,968.0,0.09,0.51,983.0,10.89,7.51,13329.0,0.8
HMC,2024-11-15,0.0,0.44,800.0,0.07,0.72,1071.0,10.22,18.68,14436.0,0.76
HMS,2024-11-15,0.0,0.0,800.0,0.02,0.7,0.0,0.0,12.0,0.0,0.0
HNA,2024-11-15,0.0,0.0,0.0,0.0,-0.18,1086.0,23.76,33.73,13367.0,1.93
HND,2024-11-15,0.0,0.02,1102.0,0.08,0.99,613.0,21.22,17.39,12223.0,1.06
HNG,2024-11-15,501600.0,1.77,0.0,0.0,2.12,-1043.0,-4.61,-44.42,1677.0,2.87
HNB,2024-11-15,0.0,0.29,650.0,0.06,1.74,740.0,15.82,7.91,10688.0,1.09
HNF,2024-11-15,0.0,0.09,7000.0,0.24,0.39,4996.0,5.72,12.55,21722.0,1.32
HNI,2024-11-15,0.0,0.0,1500.0,0.07,0.79,2990.0,7.72,17.15,17586.0,1.31
HNM,2024-11-15,0.0,0.0,0.0,0.0,0.85,605.0,14.22,7.96,10579.0,0.81
HNP,2024-11-15,0.0,2.67,500.0,0.02,-0.01,0.0,0.0,26.51,12531.0,1.69
HOT,2024-11-15,0.0,0.0,0.0,0.0,-0.86,1164.0,9.02,16.66,6650.0,1.58
HOM,2024-11-15,0.0,0.81,0.0,0.0,0.06,-783.0,-4.73,-2.65,12195.0,0.3
HNR,2024-11-15,0.0,45.57,0.0,0.0,0.0,-586.0,-20.49,-10.62,17417.0,0.69
HPB,2024-11-15,0.0,0.08,1500.0,0.08,-0.2,4007.0,4.62,21.75,21939.0,0.84
HPG,2024-11-15,1756500.0,22.11,0.0,0.0,0.98,2028.0,12.97,16.82,17476.0,1.5
HPD,2024-11-15,0.0,10.18,1000.0,0.04,0.18,1027.0,22.29,9.53,13296.0,1.72
HPH,2024-11-15,0.0,0.0,0.0,0.0,0.17,0.0,0.0,18.36,0.0,0.0
HPI,2024-11-15,0.0,0.0,0.0,0.0,-0.06,1416.0,10.45,36.75,6791.0,2.18
HPM,2024-11-15,0.0,1.28,0.0,0.0,0.05,3228.0,2.69,2.2,10000.0,0.87
HPP,2024-11-15,1000.0,23.53,3000.0,0.04,0.34,0.0,0.0,6.22,0.0,0.0
HPX,2024-11-15,57800.0,0.32,0.0,0.0,1.54,418.0,11.24,13.62,11948.0,0.39
HPT,2024-11-15,0.0,3.47,1200.0,0.06,0.86,34.0,575.84,6.51,3553.0,5.46
HPW,2024-11-15,0.0,0.12,850.0,0.05,0.75,1455.0,12.37,14.29,14246.0,1.26
HQC,2024-11-15,5600.0,0.62,0.0,0.0,0.96,54.0,57.85,1.8,9398.0,0.33
HRB,2024-11-15,0.0,0.0,3050.0,0.05,0.0,0.0,0.0,27.89,0.0,0.0
HSA,2024-11-15,0.0,0.0,0.0,0.0,0.0,9841.0,3.35,12.18,33698.0,0.98
HRC,2024-11-15,0.0,0.6,0.0,0.0,-0.49,640.0,64.66,229.46,18163.0,2.28
HSG,2024-11-15,667600.0,10.64,500.0,0.03,1.69,827.0,23.1,29.41,17573.0,1.09
HSI,2024-11-15,0.0,0.0,0.0,0.0,-0.18,-3721.0,-0.3,5.5,-1257.0,-0.88
HSV,2024-11-15,0.0,0.06,0.0,0.0,2.58,189.0,19.2,14.26,10901.0,0.33
HSM,2024-11-15,0.0,0.0,0.0,0.0,0.07,-7021.0,-0.77,17.4,18565.0,0.29
HSL,2024-11-15,1000.0,1.79,0.0,0.0,0.47,325.0,12.84,8.84,11561.0,0.36
HSP,2024-11-15,0.0,2.93,1140.0,0.11,0.13,1411.0,7.58,9.19,15581.0,0.69
HT1,2024-11-15,2600.0,1.36,0.0,0.0,0.94,257.0,45.8,193.22,12733.0,0.92
HTG,2024-11-15,0.0,0.02,4500.0,0.1,0.77,6126.0,7.48,7.5,26052.0,1.76
HTC,2024-11-15,0.0,0.0,1400.0,0.04,0.75,2104.0,14.97,13.8,17648.0,1.78
HTE,2024-11-15,0.0,0.0,0.0,0.0,2.06,57.0,68.2,63.28,10156.0,0.39
HTI,2024-11-15,0.0,15.29,1600.0,0.1,0.07,2475.0,6.48,5.34,19569.0,0.82
HTL,2024-11-15,400.0,30.14,5000.0,0.17,0.68,4130.0,6.99,68.4,18195.0,1.59
HTM,2024-11-15,0.0,0.0,0.0,0.0,1.12,-99.0,-104.53,-541.1,10025.0,1.04
HTN,2024-11-15,1000.0,0.97,0.0,0.0,1.41,504.0,15.0,10.69,17174.0,0.44
HTP,2024-11-15,0.0,0.0,0.0,0.0,3.51,-634.0,-4.73,236.22,23692.0,0.13
HTT,2024-11-15,0.0,0.72,0.0,0.0,0.58,-415.0,-3.37,4.55,5880.0,0.24
HTV,2024-11-15,0.0,5.9,300.0,0.03,-0.01,674.0,13.81,14.0,25078.0,0.37
HU3,2024-11-15,0.0,0.3,0.0,0.0,1.98,-1269.0,-3.14,49.86,14308.0,0.28
HU1,2024-11-15,0.0,0.02,300.0,0.05,0.02,27.0,244.09,17.11,14904.0,0.44
HUT,2024-11-15,0.0,1.57,0.0,0.0,0.71,76.0,213.66,21.91,13655.0,1.19
HUB,2024-11-15,0.0,1.13,1500.0,0.08,0.52,2510.0,7.37,8.11,22640.0,0.82
HUG,2024-11-15,0.0,0.0,3000.0,0.09,-0.4,3287.0,9.86,11.49,13980.0,2.32
HU4,2024-11-15,0.0,0.13,1000.0,0.09,1.36,590.0,18.34,6.34,13347.0,0.81
HU6,2024-11-15,0.0,0.0,0.0,0.0,-0.77,0.0,0.0,2172.28,0.0,0.0
HVN,2024-11-15,84800.0,7.72,0.0,0.0,2.04,1794.0,14.64,-9.94,-5007.0,-5.24
HVG,2024-11-15,0.0,0.55,0.0,0.0,0.0,-2771.0,-0.51,0.91,2901.0,0.48
HVH,2024-11-15,0.0,0.76,0.0,0.0,1.02,620.0,13.36,11.22,13683.0,0.61
HVA,2024-11-15,0.0,24.29,0.0,0.0,0.99,76.0,81.92,4.26,10368.0,0.6
HVT,2024-11-15,0.0,1.42,3000.0,0.03,0.82,6289.0,15.11,9.85,38705.0,2.45
IBC,2024-11-15,0.0,1.33,0.0,0.0,0.0,-1048.0,-1.62,1.0,18285.0,0.09
IBD,2024-11-15,0.0,0.0,600.0,0.05,-0.19,208.0,55.24,10.64,10203.0,1.13
HVX,2024-11-15,0.0,0.95,0.0,0.0,0.39,-1625.0,-1.53,-2.34,8188.0,0.3
HWS,2024-11-15,2200.0,1.03,950.0,0.06,0.55,1443.0,11.41,10.4,12496.0,1.32
ICC,2024-11-15,0.0,6.7,1800.0,0.07,-1.49,0.0,0.0,16.47,0.0,0.0
ICF,2024-11-15,0.0,2.7,0.0,0.0,0.51,-178.0,-20.28,46.35,6540.0,0.55
ICG,2024-11-15,0.0,6.28,500.0,0.07,0.53,-467.0,-14.36,67.0,16212.0,0.41
ICI,2024-11-15,0.0,0.0,200.0,0.03,-2.1,0.0,0.0,50.4,0.0,0.0
IDC,2024-11-15,181700.0,23.02,4000.0,0.07,1.25,6634.0,8.5,7.44,20275.0,2.78
ICN,2024-11-15,0.0,0.0,3000.0,0.06,0.52,10236.0,5.2,16.37,18190.0,2.93
ICT,2024-11-15,100.0,0.54,500.0,0.04,0.54,1058.0,12.1,12.0,19994.0,0.64
IDJ,2024-11-15,0.0,0.68,0.0,0.0,2.01,756.0,7.8,9.84,12048.0,0.49
IDP,2024-11-15,0.0,13.29,8500.0,0.03,-0.04,16198.0,15.23,16.94,54347.0,4.54
IDI,2024-11-15,61300.0,0.85,0.0,0.0,1.7,254.0,32.99,8.29,12679.0,0.66
IDV,2024-11-15,2000.0,19.92,1500.0,0.04,0.8,3922.0,9.54,10.73,24638.0,1.52
IJC,2024-11-15,500000.0,4.74,700.0,0.05,1.51,883.0,15.07,9.83,13285.0,1.0
IFS,2024-11-15,0.0,97.81,2400.0,0.09,1.59,2194.0,12.08,12.04,13704.0,1.93
IHK,2024-11-15,0.0,0.09,1250.0,0.09,-0.01,2339.0,5.9,9.24,13392.0,1.03
ILA,2024-11-15,0.0,0.0,0.0,0.0,1.14,59.0,68.21,5.28,10851.0,0.37
ILC,2024-11-15,0.0,0.0,0.0,0.0,-2.63,1930.0,3.01,3.16,8142.0,0.71
ILB,2024-11-15,0.0,6.76,2107.0,0.06,0.36,4082.0,7.96,8.07,22125.0,1.47
ILS,2024-11-15,0.0,0.0,0.0,0.0,0.68,578.0,22.33,217.68,9474.0,1.36
IME,2024-11-15,0.0,0.0,0.0,0.0,0.0,491.0,286.94,60.86,11382.0,12.39
IMP,2024-11-15,2600.0,49.28,1000.0,0.02,0.88,3743.0,11.43,15.59,13961.0,3.07
IN4,2024-11-15,0.0,0.0,1500.0,0.03,0.11,1487.0,38.87,9.13,15729.0,3.67
ING,2024-11-15,0.0,0.0,0.0,0.0,-0.28,-389.0,-20.81,-17.58,-1279.0,-6.33
INC,2024-11-15,0.0,9.4,0.0,0.0,-0.16,469.0,70.98,30.36,12267.0,2.71
IPA,2024-11-15,0.0,0.52,0.0,0.0,1.66,2203.0,5.86,6.49,20381.0,0.63
IRC,2024-11-15,0.0,0.0,350.0,0.04,0.23,821.0,10.59,25.37,10058.0,0.86
INN,2024-11-15,0.0,3.75,2500.0,0.05,0.31,6415.0,8.56,8.52,38173.0,1.44
ISH,2024-11-15,0.0,0.0,2000.0,0.07,0.23,1657.0,16.81,16.19,12717.0,2.19
ISG,2024-11-15,0.0,0.0,0.0,0.0,-0.15,-3204.0,-2.18,0.43,-36288.0,-0.19
IST,2024-11-15,0.0,0.19,2300.0,0.06,-0.97,5506.0,6.54,5.97,18912.0,1.9
ITA,2024-11-15,0.0,0.4,0.0,0.0,0.99,234.0,10.02,12.39,11120.0,0.21
ITC,2024-11-15,0.0,0.31,0.0,0.0,1.48,817.0,13.09,14.73,24242.0,0.44
ITD,2024-11-15,3400.0,1.06,0.0,0.0,1.07,-2109.0,-6.54,13.54,14279.0,0.97
IVS,2024-11-15,20100.0,79.76,0.0,0.0,1.49,261.0,36.74,19.76,11114.0,0.86
ITQ,2024-11-15,0.0,0.0,0.0,0.0,0.68,42.0,65.04,17.2,10435.0,0.26
ITS,2024-11-15,0.0,0.0,100.0,0.03,0.22,189.0,20.11,10.05,10741.0,0.35
KBC,2024-11-15,2720000.0,19.22,0.0,0.0,1.75,550.0,52.07,5.5,26860.0,1.07
KAC,2024-11-15,0.0,0.03,0.0,0.0,0.0,110.0,190.11,50.4,13244.0,1.59
JOS,2024-11-15,0.0,0.27,0.0,0.0,-0.95,-2963.0,-0.27,0.0,-20021.0,-0.04
JVC,2024-11-15,8100.0,1.53,0.0,0.0,0.98,394.0,7.99,11.43,4651.0,0.68
KCB,2024-11-15,0.0,2.57,500.0,0.06,0.33,2019.0,3.95,11.81,10875.0,0.73
KDC,2024-11-15,2600.0,19.73,1600.0,0.03,0.32,-1948.0,-25.77,18.19,24936.0,2.01
KCE,2024-11-15,0.0,0.01,1000.0,0.1,0.61,1939.0,5.42,7.88,15257.0,0.69
KDH,2024-11-15,700000.0,36.59,0.0,0.0,0.93,582.0,57.25,38.39,20764.0,1.61
KDM,2024-11-15,0.0,0.0,0.0,0.0,0.59,318.0,50.99,28.3,10063.0,1.61
KGM,2024-11-15,0.0,0.02,375.0,0.05,0.77,509.0,13.53,14.6,10630.0,0.65
KHD,2024-11-15,0.0,0.0,0.0,0.0,0.42,-608.0,-14.98,11.88,13963.0,0.65
KHL,2024-11-15,0.0,0.59,0.0,0.0,0.0,-82.0,-8.51,16.8,3778.0,0.19
KHP,2024-11-15,0.0,1.24,600.0,0.05,-0.03,3384.0,3.74,19.55,12831.0,0.99
KHW,2024-11-15,0.0,0.0,1238.0,0.06,0.06,2619.0,7.48,9.07,13110.0,1.5
KHG,2024-11-15,6500.0,0.95,0.0,0.0,1.17,114.0,46.28,9.23,11590.0,0.45
KHS,2024-11-15,0.0,0.0,0.0,0.0,-0.19,2125.0,5.51,7.85,18168.0,0.64
KLB,2024-11-15,0.0,0.48,0.0,0.0,0.68,1854.0,6.58,5.57,17518.0,0.7
KKC,2024-11-15,0.0,0.53,0.0,0.0,0.66,655.0,9.31,39.65,7844.0,0.78
KIP,2024-11-15,0.0,0.0,800.0,0.07,0.13,1948.0,5.9,6.83,22740.0,0.51
KLF,2024-11-15,0.0,0.53,0.0,0.0,0.0,-724.0,-1.11,13.78,9686.0,0.08
KMR,2024-11-15,0.0,62.36,0.0,0.0,0.49,86.0,37.29,16.65,11315.0,0.28
KOS,2024-11-15,0.0,0.17,0.0,0.0,0.11,134.0,288.55,77.27,10767.0,3.58
KSB,2024-11-15,50200.0,3.05,0.0,0.0,1.78,368.0,48.39,15.72,23026.0,0.77
KMT,2024-11-15,0.0,0.0,600.0,0.07,0.22,1297.0,6.86,7.3,13920.0,0.64
KPF,2024-11-15,0.0,0.14,0.0,0.0,1.33,-5087.0,-0.34,89.49,8365.0,0.21
KSD,2024-11-15,0.0,25.29,0.0,0.0,-0.17,2.0,2690.06,27.6,9993.0,0.46
KSF,2024-11-15,0.0,0.0,0.0,0.0,0.15,2108.0,19.17,47.53,26617.0,1.52
KSH,2024-11-15,0.0,0.22,0.0,0.0,0.0,-2.0,-216.22,7.67,8336.0,0.05
KSQ,2024-11-15,0.0,0.57,0.0,0.0,1.56,382.0,7.33,525.33,8965.0,0.31
KST,2024-11-15,0.0,0.38,600.0,0.05,-0.12,1269.0,8.67,8.24,12463.0,0.88
KSV,2024-11-15,0.0,0.0,500.0,0.01,-0.76,4239.0,11.94,33.73,17815.0,2.84
KTC,2024-11-15,0.0,0.0,500.0,0.05,1.27,847.0,11.27,21.73,11575.0,0.83
KVC,2024-11-15,0.0,1.54,0.0,0.0,1.45,-405.0,-3.44,17.25,9064.0,0.15
KTT,2024-11-15,0.0,0.0,0.0,0.0,-0.24,-7007.0,-0.33,0.85,1882.0,1.22
KTS,2024-11-15,0.0,0.06,800.0,0.02,0.62,6891.0,6.21,8.22,45620.0,0.94
KTL,2024-11-15,0.0,0.1,1100.0,0.06,0.79,2344.0,7.55,5.23,20972.0,0.84
KTW,2024-11-15,0.0,0.0,1086.0,0.11,0.0,0.0,0.0,9.08,0.0,0.0
L10,2024-11-15,0.0,0.95,1000.0,0.05,0.05,3310.0,6.53,11.24,27990.0,0.77
L12,2024-11-15,0.0,0.06,0.0,0.0,0.97,430.0,9.3,6.97,18045.0,0.22
L14,2024-11-15,100.0,0.17,500.0,0.02,1.95,799.0,32.91,32.46,13766.0,1.91
L18,2024-11-15,0.0,0.0,1000.0,0.03,1.62,3611.0,10.5,15.6,18083.0,2.1
L40,2024-11-15,0.0,0.11,0.0,0.0,1.43,1260.0,30.96,29.25,19373.0,2.01
L35,2024-11-15,0.0,0.01,0.0,0.0,0.71,-3116.0,-0.96,-9.47,4692.0,0.64
L44,2024-11-15,0.0,1.08,0.0,0.0,-0.16,-2347.0,-0.3,5.6,-22523.0,-0.03
L43,2024-11-15,0.0,1.06,0.0,0.0,0.67,-2365.0,-1.1,37.53,4897.0,0.53
L45,2024-11-15,0.0,0.13,0.0,0.0,-0.14,17.0,215.84,154.13,10942.0,0.34
L61,2024-11-15,0.0,0.0,0.0,0.0,1.08,-7010.0,-0.19,-0.17,-2555.0,-0.51
L62,2024-11-15,0.0,0.0,0.0,0.0,0.55,-14199.0,-0.23,136.93,-5466.0,-0.6
L63,2024-11-15,0.0,0.0,0.0,0.0,-0.74,0.0,0.0,22.19,0.0,0.0
LAF,2024-11-15,900.0,2.51,1500.0,0.08,0.4,2844.0,6.29,6.81,15163.0,1.18
LAS,2024-11-15,85600.0,0.3,1000.0,0.05,2.6,1832.0,12.01,18.26,12808.0,1.72
LAI,2024-11-15,0.0,0.0,0.0,0.0,1.63,-44.0,-773.83,2.6,10851.0,3.12
LAW,2024-11-15,0.0,0.0,0.0,0.0,0.19,1075.0,26.05,18.46,16224.0,1.73
LCG,2024-11-15,33700.0,2.05,500.0,0.05,1.3,839.0,11.98,14.97,13290.0,0.76
LBM,2024-11-15,1600.0,15.62,2500.0,0.09,1.07,3330.0,8.15,12.07,15818.0,1.72
LCD,2024-11-15,0.0,0.0,0.0,0.0,0.0,990.0,21.91,59.18,20387.0,1.06
LBE,2024-11-15,0.0,0.0,0.0,0.0,0.1,667.0,33.13,44.2,12426.0,1.78
LCC,2024-11-15,0.0,0.0,0.0,0.0,-0.13,0.0,0.0,-127.39,0.0,0.0
LCM,2024-11-15,0.0,4.5,0.0,0.0,0.21,139.0,7.9,13.55,5019.0,0.22
LDP,2024-11-15,0.0,0.0,0.0,0.0,-0.07,-478.0,-27.18,55.05,7569.0,1.72
LDG,2024-11-15,0.0,0.92,0.0,0.0,1.64,-2101.0,-0.89,193.22,8757.0,0.21
LCS,2024-11-15,0.0,0.21,0.0,0.0,-0.03,-63.0,-14.29,13.68,9536.0,0.09
LDW,2024-11-15,0.0,0.0,510.0,0.03,0.02,1157.0,13.4,15.2,11968.0,1.3
LEC,2024-11-15,0.0,0.01,0.0,0.0,-0.06,-754.0,-7.66,18.81,12345.0,0.47
LG9,2024-11-15,0.0,0.0,0.0,0.0,2.21,0.0,0.0,15.68,0.0,0.0
LGM,2024-11-15,0.0,0.0,0.0,0.0,-0.48,0.0,0.0,15.01,0.0,0.0
LGC,2024-11-15,0.0,44.98,2500.0,0.04,-0.06,4805.0,12.9,12.83,29014.0,2.14
LGL,2024-11-15,0.0,2.1,0.0,0.0,0.85,-1040.0,-2.36,21.12,12357.0,0.2
LHG,2024-11-15,2200.0,18.06,1900.0,0.05,1.28,4059.0,9.31,14.38,32283.0,1.17
LIG,2024-11-15,0.0,0.0,0.0,0.0,0.69,2.0,1387.56,4.69,12108.0,0.24
LIC,2024-11-15,0.0,0.0,0.0,0.0,1.51,113.0,310.13,59.79,4635.0,7.58
LHC,2024-11-15,0.0,0.56,2500.0,0.03,0.46,3731.0,19.51,10.13,49565.0,1.47
LKW,2024-11-15,0.0,3.82,2000.0,0.07,-0.13,0.0,0.0,5.71,11318.0,2.65
LIX,2024-11-15,900.0,3.84,3000.0,0.09,0.66,4581.0,7.21,8.92,14003.0,2.36
LM3,2024-11-15,0.0,0.0,0.0,0.0,0.0,-6150.0,-0.57,29.65,-62383.0,-0.06
LMC,2024-11-15,0.0,0.0,0.0,0.0,-1.82,421.0,47.78,7.73,11784.0,1.71
LM8,2024-11-15,0.0,0.51,1000.0,0.07,0.02,1752.0,8.16,7.74,31750.0,0.45
LM7,2024-11-15,0.0,0.34,0.0,0.0,0.12,-4751.0,-0.46,36.67,-1390.0,-1.58
LLM,2024-11-15,0.0,0.02,550.0,0.04,-0.5,1308.0,11.21,19.49,12554.0,1.17
LMH,2024-11-15,0.0,0.08,0.0,0.0,2.32,-159.0,-6.94,1.88,-1891.0,-0.58
LPB,2024-11-15,8900.0,0.52,0.0,0.0,0.94,3854.0,8.15,8.45,15901.0,1.97
LNC,2024-11-15,0.0,0.0,40.0,0.0,0.0,104.0,96.41,95.37,10037.0,1.0
LMI,2024-11-15,0.0,0.0,1300.0,0.13,0.15,0.0,0.0,9.75,0.0,0.0
LO5,2024-11-15,0.0,0.79,0.0,0.0,0.93,-1387.0,-0.79,-0.38,-22149.0,-0.05
LPT,2024-11-15,0.0,0.0,0.0,0.0,0.63,2062.0,3.2,7.2,13343.0,0.49
LSS,2024-11-15,0.0,0.82,0.0,0.0,1.55,1676.0,6.95,6.44,23798.0,0.49
LQN,2024-11-15,0.0,0.0,0.0,0.0,0.29,0.0,0.0,8.33,0.0,0.0
LTC,2024-11-15,0.0,2.07,0.0,0.0,0.07,-527.0,-4.17,42.04,11295.0,0.19
LSG,2024-11-15,0.0,0.0,0.0,0.0,2.13,-6.0,-1794.1,1071.8,11548.0,1.0
LTG,2024-11-15,1000.0,33.55,0.0,0.0,1.34,2818.0,2.84,16.12,29520.0,0.27
MAC,2024-11-15,0.0,0.06,500.0,0.02,0.25,2802.0,8.39,17.79,15030.0,1.56
MAS,2024-11-15,0.0,15.94,0.0,0.0,-0.61,1740.0,20.12,31.47,8060.0,4.34
MA1,2024-11-15,0.0,0.0,3000.0,0.06,0.41,0.0,0.0,4.07,0.0,0.0
M10,2024-11-15,0.0,0.0,1500.0,0.07,1.27,3278.0,6.87,6.22,17302.0,1.3
LUT,2024-11-15,0.0,0.54,0.0,0.0,-0.27,-203.0,-3.46,13.13,7108.0,0.1
MBB,2024-11-15,0.0,23.24,500.0,0.02,1.22,4057.0,5.87,6.2,20734.0,1.15
MBG,2024-11-15,7000.0,0.69,0.0,0.0,1.11,-488.0,-6.35,9.32,10562.0,0.29
MBS,2024-11-15,386300.0,2.7,1200.0,0.04,2.35,1713.0,15.94,16.06,11291.0,2.42
MBN,2024-11-15,0.0,0.0,0.0,0.0,0.0,0.0,0.0,-6.36,0.0,0.0
MCF,2024-11-15,0.0,1.48,1200.0,0.14,0.53,983.0,8.85,8.26,10845.0,0.8
MCC,2024-11-15,0.0,0.08,0.0,0.0,0.0,177.0,67.8,22.78,14340.0,0.84
MCG,2024-11-15,0.0,0.28,0.0,0.0,1.61,-37.0,-49.55,68.05,4446.0,0.41
MCH,2024-11-15,2600.0,2.46,22300.0,0.1,0.96,10831.0,20.65,22.54,21866.0,10.23
MCO,2024-11-15,0.0,0.46,0.0,0.0,1.03,77.0,128.59,203.16,12934.0,0.77
MCM,2024-11-15,0.0,0.93,3000.0,0.09,0.78,2130.0,16.39,11.57,21375.0,1.63
MCP,2024-11-15,0.0,0.16,0.0,0.0,0.02,1247.0,22.86,19.3,17526.0,1.63
MDC,2024-11-15,0.0,18.22,700.0,0.07,0.32,2274.0,4.31,3.35,14921.0,0.66
MDA,2024-11-15,0.0,0.0,0.0,0.0,0.0,0.0,0.0,4.54,0.0,0.0
MDF,2024-11-15,0.0,0.0,0.0,0.0,1.08,-42.0,-153.97,10.72,11663.0,0.56
MDG,2024-11-15,0.0,0.0,0.0,0.0,-0.21,-1349.0,-8.86,5.54,11237.0,1.06
MEC,2024-11-15,0.0,0.37,0.0,0.0,-0.3,-2318.0,-1.98,96.07,2785.0,1.65
MED,2024-11-15,0.0,0.0,900.0,0.03,0.47,1318.0,19.81,20.1,26422.0,0.99
MEF,2024-11-15,0.0,6.37,4500.0,0.78,1.67,0.0,0.0,0.73,0.0,0.0
MEL,2024-11-15,0.0,0.0,0.0,0.0,0.39,326.0,20.23,9.9,17016.0,0.39
MES,2024-11-15,0.0,0.0,0.0,0.0,0.0,-427.0,-23.41,5813.95,8772.0,1.14
MGC,2024-11-15,0.0,0.0,200.0,0.03,-0.02,0.0,0.0,7.64,0.0,0.0
MFS,2024-11-15,0.0,10.0,5500.0,0.14,2.49,826.0,46.11,17.9,22279.0,1.71
MGG,2024-11-15,0.0,0.0,1500.0,0.05,0.32,0.0,0.0,13.27,0.0,0.0
MGR,2024-11-15,0.0,0.0,0.0,0.0,-1.03,-733.0,-5.73,420.0,8492.0,0.49
MH3,2024-11-15,0.0,0.0,1600.0,0.05,1.4,2112.0,15.39,19.18,22891.0,1.42
MHL,2024-11-15,0.0,0.39,0.0,0.0,0.0,-886.0,-3.72,1.19,1533.0,2.15
MIC,2024-11-15,0.0,0.94,0.0,0.0,1.53,655.0,24.29,2.81,5981.0,2.66
MIE,2024-11-15,0.0,0.0,0.0,0.0,-0.08,52.0,123.41,171.31,10199.0,0.63
MHC,2024-11-15,1000.0,1.14,0.0,0.0,0.83,-680.0,-9.26,7.45,13019.0,0.48
MIG,2024-11-15,40300.0,17.05,1000.0,0.06,1.72,1552.0,10.76,7.6,11872.0,1.41
MIM,2024-11-15,0.0,0.39,0.0,0.0,0.0,-2545.0,-1.65,3.58,1700.0,2.47
MKP,2024-11-15,0.0,15.57,500.0,0.02,0.14,1314.0,23.05,15.48,49757.0,0.61
MLS,2024-11-15,0.0,1.89,0.0,0.0,0.04,7449.0,1.88,11.2,21424.0,0.65
MKV,2024-11-15,0.0,3.13,0.0,0.0,0.13,1785.0,5.15,5.97,17390.0,0.53
MLC,2024-11-15,0.0,0.01,1300.0,0.08,-0.03,0.0,0.0,5.42,0.0,0.0
MML,2024-11-15,0.0,2.11,0.0,0.0,1.05,-427.0,-57.68,16.1,13314.0,1.85
MPC,2024-11-15,100.0,38.92,411.0,0.03,0.92,-104.0,-150.12,4.91,13364.0,1.16
MPY,2024-11-15,0.0,0.0,1200.0,0.17,-0.27,0.0,0.0,5.11,0.0,0.0
MNB,2024-11-15,0.0,0.0,2000.0,0.07,-0.2,3214.0,9.55,9.45,23411.0,1.31
MND,2024-11-15,0.0,0.0,750.0,0.07,-0.06,0.0,0.0,8.94,0.0,0.0
MPT,2024-11-15,0.0,0.43,0.0,0.0,0.22,-149.0,-4.02,-6.4,10750.0,0.06
MQB,2024-11-15,0.0,0.0,350.0,0.04,0.0,0.0,0.0,8.53,0.0,0.0
MQN,2024-11-15,0.0,0.0,0.0,0.0,-0.72,0.0,0.0,3.4,0.0,0.0
MRF,2024-11-15,0.0,0.64,650.0,0.03,-0.96,0.0,0.0,23.91,0.0,0.0
MSB,2024-11-15,126700.0,28.52,0.0,0.0,1.25,2164.0,5.36,3.41,13551.0,0.86
MSH,2024-11-15,54700.0,4.18,2500.0,0.05,0.88,4738.0,10.98,10.54,28596.0,1.82
MSN,2024-11-15,109900.0,27.26,0.0,0.0,1.09,948.0,75.34,34.46,28630.0,2.49
MSR,2024-11-15,700.0,0.14,0.0,0.0,1.95,-2055.0,-5.56,41.9,11286.0,1.01
MST,2024-11-15,0.0,0.63,0.0,0.0,1.4,396.0,13.87,5.67,11099.0,0.5
PHH,2024-11-15,0.0,0.44,0.0,0.0,-0.18,-24.0,-301.63,3692.31,12526.0,0.57
MTA,2024-11-15,0.0,0.03,180.0,0.04,1.5,133.0,34.56,33.77,10830.0,0.42
MTB,2024-11-15,0.0,0.0,100.0,0.01,0.0,0.0,0.0,91.83,0.0,0.0
MTC,2024-11-15,0.0,0.0,0.0,0.0,0.19,0.0,0.0,27.73,0.0,0.0
MTL,2024-11-15,0.0,0.17,0.0,0.0,2.05,0.0,0.0,39.0,0.0,0.0
MTH,2024-11-15,0.0,13.58,1000.0,0.06,-0.23,0.0,0.0,20.71,0.0,0.0
MTG,2024-11-15,0.0,0.0,0.0,0.0,-0.45,-15.0,-465.12,6.04,9593.0,0.73
MTP,2024-11-15,0.0,0.0,1000.0,0.08,0.29,174.0,68.85,8.52,12003.0,1.0
MTX,2024-11-15,0.0,0.0,0.0,0.0,0.0,0.0,0.0,2.19,0.0,0.0
MTS,2024-11-15,0.0,0.0,700.0,0.08,-0.13,745.0,12.48,7.64,11448.0,0.81
MTV,2024-11-15,0.0,0.0,700.0,0.04,0.12,746.0,21.46,8.64,18317.0,0.87
MVB,2024-11-15,0.0,0.06,1300.0,0.07,0.84,2050.0,9.47,8.47,18742.0,1.04
MWG,2024-11-15,1040400.0,47.13,500.0,0.01,1.07,2028.0,30.23,37.35,18657.0,3.29
MVN,2024-11-15,0.0,0.0,39.0,0.0,2.29,1653.0,29.31,21.27,14135.0,3.43
NAB,2024-11-15,14200.0,1.17,0.0,0.0,0.5,3260.0,4.71,5.08,13471.0,1.14
MVC,2024-11-15,0.0,0.01,430.0,0.05,0.55,804.0,10.52,13.02,11965.0,0.71
NAC,2024-11-15,0.0,0.0,1200.0,1.71,-0.18,0.0,0.0,0.36,0.0,0.0
NAG,2024-11-15,500.0,2.29,0.0,0.0,0.2,852.0,12.92,9.95,13509.0,0.81
NAF,2024-11-15,1400.0,24.7,0.0,0.0,0.39,1635.0,11.96,9.9,17352.0,1.13
NAS,2024-11-15,0.0,0.0,0.0,0.0,-0.25,796.0,32.72,13.72,23260.0,1.12
NAU,2024-11-15,0.0,0.01,245.0,0.03,-0.17,-196.0,-46.48,17.34,8095.0,1.12
NAP,2024-11-15,0.0,0.0,600.0,0.07,-0.24,845.0,10.77,9.79,11103.0,0.82
NAV,2024-11-15,0.0,1.0,2700.0,0.15,0.09,2637.0,7.02,8.71,13289.0,1.39
NBB,2024-11-15,200.0,0.5,0.0,0.0,0.75,87.0,282.07,137.59,18150.0,1.36
NAW,2024-11-15,0.0,0.0,0.0,0.0,0.31,27.0,290.01,31.35,10188.0,0.78
NBP,2024-11-15,0.0,1.13,1800.0,0.15,-0.17,-902.0,-13.53,23.29,18788.0,0.65
NBC,2024-11-15,0.0,5.31,800.0,0.09,0.82,-978.0,-9.2,4.11,11226.0,0.8
NBE,2024-11-15,0.0,1.21,1100.0,0.09,0.07,-867.0,-14.06,5.55,10096.0,1.21
NBT,2024-11-15,0.0,0.51,1200.0,0.07,-0.31,2061.0,8.68,12.24,15306.0,1.17
NBW,2024-11-15,0.0,5.38,1550.0,0.06,0.52,2663.0,10.14,11.36,16009.0,1.69
NCG,2024-11-15,0.0,0.01,0.0,0.0,1.59,-926.0,-9.22,38.8,16582.0,0.51
NCT,2024-11-15,2400.0,15.29,8000.0,0.07,0.34,9310.0,12.14,13.57,18392.0,6.14
ND2,2024-11-15,100.0,35.1,2000.0,0.05,-0.04,3083.0,12.0,11.9,16310.0,2.27
NCS,2024-11-15,0.0,1.91,1500.0,0.06,0.82,3231.0,8.04,8.99,9451.0,2.75
NDC,2024-11-15,0.0,0.13,2500.0,0.02,-0.45,0.0,0.0,8.1,0.0,0.0
NDN,2024-11-15,0.0,1.55,0.0,0.0,1.77,919.0,9.68,10.45,15272.0,0.58
NDT,2024-11-15,0.0,0.0,0.0,0.0,0.63,-6387.0,-0.86,40.01,6251.0,0.88
NDP,2024-11-15,0.0,0.0,500.0,0.02,0.61,2367.0,10.82,12.92,26685.0,0.96
NDW,2024-11-15,0.0,0.0,860.0,0.11,-1.28,820.0,9.15,7.06,11321.0,0.66
NDF,2024-11-15,0.0,1.87,0.0,0.0,0.0,1124.0,0.8,4.02,11090.0,0.08
NDX,2024-11-15,0.0,0.4,375.0,0.07,0.22,-97.0,-54.4,11.43,12778.0,0.41
NEM,2024-11-15,0.0,0.0,0.0,0.0,-0.17,0.0,0.0,1428.57,10149.0,2.15
NGC,2024-11-15,0.0,13.42,0.0,0.0,-0.18,-2131.0,-0.84,0.11,-2245.0,-0.8
NED,2024-11-15,0.0,0.0,0.0,0.0,1.61,474.0,15.54,31.2,11747.0,0.63
NFC,2024-11-15,0.0,0.03,1600.0,0.09,0.24,2483.0,7.25,8.33,13372.0,1.35
NET,2024-11-15,0.0,0.76,5000.0,0.06,0.79,8342.0,9.59,12.8,20419.0,3.92
NHA,2024-11-15,100900.0,1.65,0.0,0.0,2.05,1372.0,18.59,22.53,11455.0,2.23
NHC,2024-11-15,0.0,15.68,0.0,0.0,0.11,125.0,238.15,44.11,18102.0,1.64
NHT,2024-11-15,0.0,3.08,1000.0,0.09,1.61,792.0,14.01,6.28,16017.0,0.69
NHH,2024-11-15,0.0,0.54,500.0,0.04,0.92,1608.0,8.4,7.13,19254.0,0.7
NHP,2024-11-15,0.0,0.2,0.0,0.0,0.0,-954.0,-0.31,8.27,6068.0,0.05
NHV,2024-11-15,0.0,0.46,0.0,0.0,1.54,304.0,2.63,0.64,10895.0,0.07
NJC,2024-11-15,0.0,0.25,1000.0,0.07,0.11,0.0,0.0,4.53,0.0,0.0
NKG,2024-11-15,180900.0,7.55,0.0,0.0,1.78,1736.0,11.43,12.44,22231.0,0.89
NLG,2024-11-15,200000.0,48.04,499.0,0.01,1.39,794.0,48.64,18.09,34421.0,1.12
NNT,2024-11-15,0.0,0.3,4700.0,0.09,1.43,0.0,0.0,9.5,0.0,0.0
NO1,2024-11-15,35600.0,4.55,1000.0,0.1,0.24,1252.0,8.35,13.93,13665.0,0.76
NLS,2024-11-15,0.0,0.0,800.0,0.17,0.0,0.0,0.0,2.4,0.0,0.0
NNC,2024-11-15,0.0,5.09,500.0,0.02,0.42,2424.0,8.54,12.96,18339.0,1.13
NOS,2024-11-15,0.0,0.0,0.0,0.0,-0.34,-18542.0,-0.04,-0.11,-258711.0,0.0
NRC,2024-11-15,46700.0,5.34,0.0,0.0,0.75,337.0,12.47,9.72,13791.0,0.3
NQT,2024-11-15,0.0,0.0,458.0,0.05,0.0,1240.0,6.86,8.31,12264.0,0.69
NQB,2024-11-15,0.0,0.0,350.0,0.04,-0.1,903.0,8.86,7.92,11189.0,0.71
NQN,2024-11-15,0.0,0.0,284.0,0.02,1.38,1115.0,12.38,13.16,12686.0,1.09
NS2,2024-11-15,0.0,0.0,132.0,0.01,1.1,692.0,20.37,44.63,10517.0,1.34
NSC,2024-11-15,0.0,8.2,4000.0,0.05,0.41,13203.0,6.02,5.16,82354.0,0.97
NSL,2024-11-15,0.0,0.64,450.0,0.02,-0.2,569.0,33.4,9.3,14619.0,1.3
NSS,2024-11-15,0.0,0.0,399.0,0.11,-0.23,0.0,0.0,8.04,0.0,0.0
NSG,2024-11-15,0.0,0.0,0.0,0.0,-0.16,0.0,0.0,26.94,0.0,0.0
NSH,2024-11-15,1500.0,1.33,0.0,0.0,0.8,97.0,48.52,11.58,11491.0,0.41
NTB,2024-11-15,0.0,0.3,0.0,0.0,0.0,-14156.0,-0.03,1.06,-46653.0,-0.01
NST,2024-11-15,0.0,3.24,650.0,0.06,0.31,1545.0,7.06,7.88,16564.0,0.66
NT2,2024-11-15,600.0,13.21,700.0,0.04,0.91,863.0,21.55,78.74,14293.0,1.3
NTF,2024-11-15,0.0,0.0,1000.0,0.06,-0.56,0.0,0.0,9.58,0.0,0.0
NTC,2024-11-15,0.0,0.0,6000.0,0.03,1.13,10945.0,18.07,17.07,48216.0,4.1
NTL,2024-11-15,659500.0,15.69,6200.0,0.34,1.83,10342.0,1.74,6.86,15902.0,1.13
NTH,2024-11-15,0.0,0.1,4500.0,0.08,-0.22,4720.0,12.29,16.71,15992.0,3.63
NTP,2024-11-15,100.0,16.8,2500.0,0.04,1.78,5277.0,11.52,15.61,26624.0,2.28
NTT,2024-11-15,0.0,0.0,0.0,0.0,0.91,1462.0,6.09,23.24,8013.0,1.11
NVL,2024-11-15,311400.0,4.62,0.0,0.0,1.5,2636.0,4.1,19.52,20831.0,0.52
NVB,2024-11-15,0.0,3.08,0.0,0.0,1.05,-890.0,-9.55,68.02,9043.0,0.94
NTW,2024-11-15,0.0,0.06,1000.0,0.05,0.36,0.0,0.0,19.02,0.0,0.0
NVP,2024-11-15,0.0,0.0,220.0,0.03,0.0,0.0,0.0,13.31,0.0,0.0
NUE,2024-11-15,0.0,0.0,780.0,0.08,0.69,0.0,0.0,9.85,10673.0,0.9
NVT,2024-11-15,0.0,0.12,0.0,0.0,0.81,-45.0,-176.14,32.85,6072.0,1.29
OCB,2024-11-15,52200.0,19.53,0.0,0.0,0.9,1477.0,7.11,3.13,12367.0,0.85
OCH,2024-11-15,0.0,0.01,0.0,0.0,0.73,528.0,10.99,27.19,9367.0,0.62
NWT,2024-11-15,0.0,0.0,500.0,0.07,-0.14,0.0,0.0,10.72,0.0,0.0
NXT,2024-11-15,0.0,0.09,0.0,0.0,-0.09,0.0,0.0,4.22,0.0,0.0
ODE,2024-11-15,0.0,0.0,0.0,0.0,0.26,583.0,75.54,53.03,11452.0,3.84
OGC,2024-11-15,3300.0,0.24,0.0,0.0,0.61,112.0,34.76,23.46,5398.0,0.72
OIL,2024-11-15,501000.0,6.31,200.0,0.02,2.64,279.0,39.94,19.45,11114.0,1.0
ONE,2024-11-15,0.0,6.06,0.0,0.0,1.14,-478.0,-10.67,11.6,11937.0,0.43
ONW,2024-11-15,0.0,14.69,0.0,0.0,-0.25,0.0,0.0,0.66,0.0,0.0
ORS,2024-11-15,1126300.0,1.54,0.0,0.0,1.42,1413.0,9.06,12.02,11457.0,1.12
OPC,2024-11-15,0.0,0.73,1500.0,0.07,0.1,1668.0,13.79,7.92,13235.0,1.74
PAC,2024-11-15,500.0,12.11,1500.0,0.04,0.94,2782.0,13.01,10.51,20655.0,1.75
PAN,2024-11-15,17800.0,19.19,500.0,0.02,1.29,2691.0,8.43,5.57,41622.0,0.55
PAI,2024-11-15,0.0,0.12,1700.0,0.13,0.03,650.0,20.32,13.98,10195.0,1.29
PAP,2024-11-15,0.0,0.0,0.0,0.0,2.55,23.0,1003.49,-2337.4,10688.0,2.15
PBP,2024-11-15,500.0,0.45,900.0,0.07,0.98,1966.0,6.36,9.26,14817.0,0.84
PAT,2024-11-15,0.0,0.43,17000.0,0.18,0.89,9443.0,10.06,10.32,26509.0,3.58
PAS,2024-11-15,0.0,1.08,0.0,0.0,1.85,218.0,15.08,11.53,13270.0,0.25
PBC,2024-11-15,0.0,0.0,0.0,0.0,2.05,340.0,19.13,19.4,11308.0,0.58
PBT,2024-11-15,0.0,0.0,776.0,0.07,0.21,969.0,11.25,14.81,10853.0,1.0
PC1,2024-11-15,4500.0,11.34,0.0,0.0,1.56,1228.0,18.69,13.59,24524.0,0.94
PCC,2024-11-15,0.0,0.0,2500.0,0.1,-1.91,0.0,0.0,11.1,0.0,0.0
PCH,2024-11-15,0.0,0.0,0.0,0.0,0.03,735.0,16.32,19.11,10603.0,1.13
PCF,2024-11-15,0.0,0.55,0.0,0.0,1.25,-10.0,-500.0,72.07,7074.0,0.68
PCG,2024-11-15,0.0,48.82,0.0,0.0,0.25,-270.0,-25.88,78.33,8401.0,0.83
PCE,2024-11-15,0.0,0.37,1400.0,0.08,0.3,2520.0,7.18,7.36,19154.0,0.94
PCM,2024-11-15,0.0,0.0,0.0,0.0,-0.09,42.0,301.06,21.96,16053.0,0.78
PCN,2024-11-15,0.0,0.1,0.0,0.0,-0.03,-1643.0,-8.22,52.98,4317.0,3.13
PCT,2024-11-15,0.0,0.0,0.0,0.0,0.5,1572.0,7.5,14.11,12690.0,0.93
PDN,2024-11-15,0.0,0.25,2300.0,0.02,0.14,9178.0,12.07,13.87,31122.0,3.56
PDB,2024-11-15,0.0,0.2,500.0,0.05,0.28,1430.0,7.27,8.13,15230.0,0.68
PDC,2024-11-15,0.0,0.09,0.0,0.0,0.93,515.0,9.71,11.21,9602.0,0.52
PDR,2024-11-15,427200.0,7.33,0.0,0.0,2.02,568.0,36.11,20.34,12664.0,1.62
PEC,2024-11-15,0.0,0.0,0.0,0.0,0.06,0.0,0.0,0.61,0.0,0.0
PEG,2024-11-15,0.0,0.0,0.0,0.0,-1.42,-288.0,-17.16,82.13,2835.0,1.75
PEQ,2024-11-15,0.0,0.0,2000.0,0.05,0.25,0.0,0.0,9.96,0.0,0.0
PEN,2024-11-15,0.0,0.0,0.0,0.0,0.08,-13.0,-517.5,17.0,11500.0,0.59
PET,2024-11-15,0.0,0.87,0.0,0.0,1.9,1252.0,21.16,13.87,21608.0,1.23
PFL,2024-11-15,0.0,0.0,0.0,0.0,1.67,-35.0,-57.1,279.17,4446.0,0.45
PGB,2024-11-15,0.0,0.04,0.0,0.0,0.76,734.0,21.49,11.96,12147.0,1.3
PGC,2024-11-15,0.0,2.17,1200.0,0.08,0.4,1845.0,8.19,6.6,14320.0,1.05
PGD,2024-11-15,0.0,46.88,1500.0,0.05,0.42,3229.0,10.2,14.67,16438.0,2.0
PGN,2024-11-15,0.0,6.67,0.0,0.0,0.77,514.0,22.0,16.9,11603.0,0.97
PGS,2024-11-15,0.0,0.79,2000.0,0.06,-0.47,2334.0,13.28,11.68,20128.0,1.54
PGT,2024-11-15,0.0,39.67,0.0,0.0,0.06,453.0,16.54,1.43,4470.0,1.68
PGV,2024-11-15,0.0,0.02,926.0,0.05,0.57,-333.0,-57.74,11.26,13437.0,1.43
PHC,2024-11-15,400.0,0.09,500.0,0.09,0.77,146.0,37.69,6.21,13500.0,0.41
PGI,2024-11-15,0.0,20.43,1200.0,0.05,0.71,2089.0,11.01,8.83,16861.0,1.36
PHP,2024-11-15,0.0,0.05,400.0,0.01,1.42,2320.0,14.23,12.86,18856.0,1.75
PHN,2024-11-15,0.0,49.15,5000.0,0.06,0.17,8489.0,10.01,8.87,21838.0,3.89
PHR,2024-11-15,500.0,18.04,0.0,0.0,1.36,2858.0,19.66,31.05,30230.0,1.86
PHS,2024-11-15,0.0,83.28,300.0,0.03,-0.59,172.0,66.16,16.96,10455.0,1.09
PIA,2024-11-15,0.0,0.0,2000.0,0.07,1.04,3642.0,7.36,5.7,16611.0,1.61
PIC,2024-11-15,0.0,0.0,1000.0,0.05,0.23,793.0,25.23,23.77,10470.0,1.91
PID,2024-11-15,0.0,0.0,0.0,0.0,0.0,-715.0,-3.91,38.89,-2657.0,-1.05
PIT,2024-11-15,0.0,0.62,0.0,0.0,0.08,-478.0,-11.06,25.08,7884.0,0.67
PIV,2024-11-15,0.0,0.31,0.0,0.0,3.39,-73.0,-40.19,254.25,119.0,24.66
PIS,2024-11-15,0.0,0.0,0.0,0.0,0.07,1449.0,6.7,2.59,14386.0,0.67
PJC,2024-11-15,0.0,0.46,3000.0,0.1,-0.5,4510.0,6.41,9.43,19781.0,1.46
PJS,2024-11-15,0.0,7.09,800.0,0.04,0.4,166.0,130.5,9.83,12293.0,1.76
PJT,2024-11-15,0.0,0.68,0.0,0.0,0.16,770.0,12.53,15.01,13226.0,0.73
PLA,2024-11-15,0.0,0.0,0.0,0.0,1.03,-182.0,-24.2,647.06,9612.0,0.46
PLC,2024-11-15,0.0,0.33,1200.0,0.06,1.1,605.0,35.54,12.41,15268.0,1.41
PLE,2024-11-15,0.0,0.0,0.0,0.0,0.09,100.0,133.68,9.05,16618.0,0.81
PLP,2024-11-15,1500.0,0.38,0.0,0.0,0.6,25.0,176.91,39.29,11331.0,0.4
PLO,2024-11-15,0.0,0.0,0.0,0.0,2.76,0.0,0.0,5.83,0.0,0.0
PLX,2024-11-15,11800.0,17.63,1500.0,0.04,1.1,2345.0,16.61,17.38,22568.0,1.73
PMC,2024-11-15,200.0,3.61,11100.0,0.1,0.07,9116.0,11.68,13.65,34929.0,3.05
PMB,2024-11-15,0.0,1.33,800.0,0.08,0.46,755.0,12.58,12.72,11894.0,0.8
PMG,2024-11-15,0.0,20.17,0.0,0.0,0.81,383.0,21.91,32.43,14302.0,0.59
PMJ,2024-11-15,0.0,0.0,970.0,0.05,0.67,392.0,45.88,14.18,24045.0,0.75
PMP,2024-11-15,0.0,1.02,1000.0,0.08,-0.38,1563.0,8.51,8.73,16394.0,0.81
PMS,2024-11-15,0.0,0.0,3350.0,0.11,0.79,3872.0,8.06,9.2,22165.0,1.41
PMT,2024-11-15,0.0,0.0,89.0,0.01,-0.2,85.0,92.77,14.36,16080.0,0.49
PNC,2024-11-15,0.0,0.53,500.0,0.03,0.29,291.0,63.34,11.95,17512.0,1.05
PMW,2024-11-15,0.0,0.0,2200.0,0.06,2.23,2237.0,16.76,18.53,12295.0,3.05
PNG,2024-11-15,0.0,0.0,0.0,0.0,0.0,890.0,19.78,6.03,19028.0,0.92
PND,2024-11-15,0.0,0.01,0.0,0.0,1.38,542.0,12.18,7.33,11750.0,0.56
PNJ,2024-11-15,4100.0,49.0,2000.0,0.02,0.8,6055.0,15.36,15.05,31146.0,2.99
POB,2024-11-15,0.0,0.0,156.0,0.0,0.0,0.0,0.0,122.08,0.0,0.0
PNP,2024-11-15,0.0,0.0,1600.0,0.07,0.23,2718.0,8.31,8.79,14015.0,1.61
PNT,2024-11-15,0.0,0.08,300.0,0.05,-0.15,0.0,0.0,6.7,0.0,0.0
POM,2024-11-15,0.0,3.8,0.0,0.0,1.71,-3330.0,-0.81,2.52,2679.0,1.01
POT,2024-11-15,0.0,0.08,100.0,0.01,0.56,128.0,136.36,26.68,15906.0,1.09
POS,2024-11-15,0.0,0.31,0.0,0.0,1.31,1986.0,10.06,13.32,20497.0,0.97
POW,2024-11-15,135400.0,3.67,0.0,0.0,1.48,601.0,19.14,32.68,14792.0,0.78
POV,2024-11-15,0.0,0.01,300.0,0.04,0.0,722.0,11.49,8.65,14338.0,0.58
PPC,2024-11-15,0.0,10.11,2775.0,0.25,1.12,1235.0,9.15,8.63,14371.0,0.79
PPH,2024-11-15,0.0,0.0,3600.0,0.12,0.87,4219.0,6.86,6.67,24587.0,1.18
PPE,2024-11-15,0.0,0.26,0.0,0.0,-0.66,444.0,32.69,29.0,6013.0,2.41
PPI,2024-11-15,0.0,0.5,0.0,0.0,0.0,-64.0,-6.28,106.38,-2986.0,-0.13
PPP,2024-11-15,0.0,6.39,2400.0,0.13,-0.34,1990.0,9.04,11.31,14827.0,1.21
PPT,2024-11-15,0.0,0.0,0.0,0.0,0.34,581.0,21.67,22.92,10733.0,1.17
PPS,2024-11-15,0.0,29.06,940.0,0.09,0.07,1192.0,9.23,9.94,12232.0,0.9
PRC,2024-11-15,0.0,1.35,1000.0,0.05,0.43,1191.0,16.28,38.8,29441.0,0.66
PQN,2024-11-15,0.0,0.0,0.0,0.0,0.0,1043.0,3.83,5.0,5673.0,0.71
PPY,2024-11-15,0.0,0.0,700.0,0.08,0.12,800.0,10.63,6.62,16374.0,0.52
PSC,2024-11-15,0.0,0.31,700.0,0.07,-0.13,1162.0,9.12,8.03,16665.0,0.64
PRT,2024-11-15,0.0,0.0,300.0,0.03,1.34,482.0,20.78,22.93,12882.0,0.78
PRO,2024-11-15,0.0,0.0,0.0,0.0,1.61,-234.0,-20.51,7.2,13029.0,0.37
PRE,2024-11-15,10000.0,0.83,450.0,0.02,0.19,1912.0,9.83,8.17,15888.0,1.18
PSB,2024-11-15,0.0,0.0,0.0,0.0,1.16,10.0,632.17,182.39,11230.0,0.57
PSD,2024-11-15,0.0,0.0,800.0,0.06,0.7,1775.0,7.21,8.29,11804.0,1.08
PSE,2024-11-15,0.0,0.04,800.0,0.08,0.52,550.0,17.64,6.65,13202.0,0.73
PSH,2024-11-15,0.0,0.0,0.0,0.0,1.06,-6026.0,-0.64,1.48,8204.0,0.47
PSL,2024-11-15,0.0,0.0,350.0,0.03,-0.92,0.0,0.0,31.24,0.0,0.0
PSI,2024-11-15,300.0,0.42,0.0,0.0,1.16,371.0,19.14,20.23,11761.0,0.6
PSN,2024-11-15,0.0,0.0,0.0,0.0,0.05,841.0,12.96,11.4,13238.0,0.82
PSG,2024-11-15,0.0,0.06,0.0,0.0,0.0,-6136.0,-0.08,0.71,-6829.0,-0.07
PSP,2024-11-15,0.0,0.03,0.0,0.0,-0.4,263.0,45.8,52.78,11603.0,1.04
PSW,2024-11-15,0.0,1.9,500.0,0.06,1.15,118.0,69.77,11.62,11619.0,0.71
PTB,2024-11-15,35900.0,24.24,2500.0,0.04,1.42,4948.0,12.57,9.01,44146.0,1.41
PTC,2024-11-15,0.0,1.16,0.0,0.0,0.92,571.0,8.2,7.9,11651.0,0.4
PTD,2024-11-15,0.0,18.65,0.0,0.0,-1.75,-4398.0,-1.91,10.5,8113.0,1.04
PTE,2024-11-15,0.0,0.0,0.0,0.0,0.12,-3849.0,-0.55,-0.73,-25112.0,-0.08
PTG,2024-11-15,0.0,0.0,5000.0,7.14,0.46,0.0,0.0,0.08,31496.0,0.02
PTI,2024-11-15,0.0,37.48,0.0,0.0,0.19,4738.0,6.5,14.15,28823.0,1.07
PTO,2024-11-15,0.0,0.0,600.0,0.03,0.27,-411.0,-43.6,21.48,10861.0,1.65
PTL,2024-11-15,0.0,0.07,0.0,0.0,1.42,-354.0,-7.48,6.26,5070.0,0.52
PTH,2024-11-15,0.0,0.0,700.0,0.04,0.41,2082.0,7.68,14.75,18441.0,0.87
PTV,2024-11-15,0.0,0.04,0.0,0.0,0.48,-209.0,-19.4,10.13,11234.0,0.36
PTX,2024-11-15,0.0,0.0,1500.0,0.09,0.04,686.0,24.05,10.23,14730.0,1.12
PTS,2024-11-15,0.0,7.8,200.0,0.03,0.47,559.0,14.31,29.48,17172.0,0.47
PTT,2024-11-15,0.0,0.0,0.0,0.0,-0.06,1302.0,8.41,10.26,12883.0,0.85
PTP,2024-11-15,0.0,0.04,650.0,0.06,0.83,0.0,0.0,11.5,0.0,0.0
PV2,2024-11-15,0.0,0.19,0.0,0.0,1.67,-10.0,-242.91,-8.7,6713.0,0.36
PVA,2024-11-15,0.0,0.17,0.0,0.0,0.0,0.0,-1351.35,7.28,-1584.0,-0.32
PVC,2024-11-15,0.0,0.0,60.0,0.01,1.42,7.0,1497.92,17.9,12671.0,0.85
PVE,2024-11-15,0.0,10.8,0.0,0.0,0.36,247.0,6.49,1.76,2662.0,0.6
PVD,2024-11-15,249400.0,11.08,0.0,0.0,1.22,1206.0,19.23,33.96,27834.0,0.83
PVB,2024-11-15,0.0,1.07,0.0,0.0,1.75,1391.0,19.49,256.73,17944.0,1.51
PVG,2024-11-15,0.0,7.01,0.0,0.0,0.85,88.0,76.52,21.88,12433.0,0.54
PVH,2024-11-15,0.0,0.0,0.0,0.0,3.11,-745.0,-0.94,48.99,2848.0,0.25
PVI,2024-11-15,7800.0,57.76,3200.0,0.07,0.7,3916.0,12.26,10.41,34670.0,1.38
PVL,2024-11-15,0.0,0.26,0.0,0.0,1.68,-109.0,-35.72,390.0,3216.0,1.21
PVM,2024-11-15,0.0,0.02,0.0,0.0,1.7,678.0,23.17,10.48,18243.0,0.86
PVP,2024-11-15,10300.0,3.61,800.0,0.05,1.68,2146.0,7.57,9.57,17544.0,0.93
PVO,2024-11-15,0.0,0.0,100.0,0.02,1.84,103.0,61.48,43.23,11637.0,0.54
PVR,2024-11-15,0.0,0.11,0.0,0.0,0.34,-181.0,-5.53,-16.51,8843.0,0.11
PVS,2024-11-15,1180500.0,21.45,700.0,0.02,1.23,1918.0,18.25,25.35,29169.0,1.2
PVT,2024-11-15,91500.0,12.75,300.0,0.01,1.39,3300.0,8.45,13.07,28438.0,0.98
PVX,2024-11-15,0.0,0.0,0.0,0.0,0.99,-303.0,-5.94,194.59,1104.0,1.63
PWS,2024-11-15,0.0,0.04,750.0,0.05,0.67,905.0,15.24,19.41,11349.0,1.22
PVV,2024-11-15,0.0,0.1,0.0,0.0,1.09,-1010.0,-1.39,83.98,-3920.0,-0.36
PVY,2024-11-15,0.0,0.07,0.0,0.0,0.46,12.0,202.59,12.39,-7132.0,-0.35
PWA,2024-11-15,0.0,0.06,0.0,0.0,0.9,0.0,0.0,4.36,0.0,0.0
PXL,2024-11-15,0.0,0.06,0.0,0.0,1.53,8.0,1643.49,603.32,9995.0,1.36
PX1,2024-11-15,0.0,0.0,0.0,0.0,0.0,0.0,0.0,645.16,0.0,0.0
PXI,2024-11-15,0.0,0.21,0.0,0.0,1.55,-243.0,-8.23,193.61,4433.0,0.45
PXA,2024-11-15,0.0,0.11,0.0,0.0,0.15,51.0,23.36,3.62,2061.0,0.58
PXC,2024-11-15,0.0,0.0,0.0,0.0,0.0,-21.0,-23.72,12.53,-6503.0,-0.08
PXM,2024-11-15,0.0,0.17,0.0,0.0,1.99,-1212.0,-0.49,0.08,-32045.0,-0.02
PXS,2024-11-15,0.0,10.55,0.0,0.0,-0.31,-101.0,-26.64,15.95,2082.0,1.3
PXT,2024-11-15,0.0,2.28,0.0,0.0,1.8,34.0,81.81,46.33,2768.0,1.0
QCG,2024-11-15,4800.0,0.62,0.0,0.0,1.41,96.0,136.89,36.04,16412.0,0.8
QBS,2024-11-15,0.0,0.0,0.0,0.0,0.76,-1666.0,-0.42,60.66,5313.0,0.13
QCC,2024-11-15,0.0,0.77,1000.0,0.12,1.7,0.0,0.0,8.3,14380.0,0.59
QNS,2024-11-15,0.0,13.47,4000.0,0.08,0.75,6727.0,7.32,13.5,25512.0,1.93
QHD,2024-11-15,0.0,0.3,2000.0,0.06,0.0,3113.0,10.99,12.6,22260.0,1.54
QNC,2024-11-15,0.0,15.44,0.0,0.0,0.52,187.0,33.6,11.2,11353.0,0.55
QNP,2024-11-15,0.0,0.0,1200.0,0.03,0.25,3068.0,11.73,12.65,21102.0,1.71
QHW,2024-11-15,0.0,0.22,1200.0,0.03,0.23,0.0,0.0,6.57,0.0,0.0
QNT,2024-11-15,0.0,0.0,0.0,0.0,0.71,0.0,0.0,13.21,0.0,0.0
QNU,2024-11-15,0.0,0.0,386.0,0.04,0.0,0.0,0.0,22.48,0.0,0.0
QNW,2024-11-15,0.0,0.0,400.0,0.02,0.53,1641.0,10.54,25.57,12657.0,1.37
QSP,2024-11-15,0.0,0.95,2000.0,0.08,0.25,0.0,0.0,8.36,0.0,0.0
QPH,2024-11-15,0.0,0.03,2000.0,0.07,-0.06,4039.0,6.83,8.71,24599.0,1.12
QST,2024-11-15,0.0,0.0,2000.0,0.1,-0.01,2643.0,7.76,6.64,12841.0,1.6
QTC,2024-11-15,0.0,0.0,0.0,0.0,1.03,438.0,38.33,29.84,14987.0,1.12
QTP,2024-11-15,0.0,0.88,1500.0,0.11,0.94,1497.0,9.1,12.27,11890.0,1.15
RAT,2024-11-15,0.0,0.49,0.0,0.0,-0.1,0.0,0.0,14.65,0.0,0.0
RBC,2024-11-15,0.0,0.0,0.0,0.0,-0.92,0.0,0.0,19.34,0.0,0.0
RAL,2024-11-15,0.0,2.17,5000.0,0.04,0.18,25611.0,4.91,8.59,132457.0,0.95
RCC,2024-11-15,0.0,0.05,0.0,0.0,0.0,844.0,18.95,20.74,12782.0,1.25
RCD,2024-11-15,0.0,0.13,0.0,0.0,2.71,0.0,0.0,36.55,0.0,0.0
RCL,2024-11-15,0.0,0.0,0.0,0.0,0.15,73.0,159.27,18.02,20684.0,0.57
REE,2024-11-15,0.0,49.0,1000.0,0.02,1.17,4235.0,15.35,12.71,46258.0,1.41
RIC,2024-11-15,0.0,12.09,0.0,0.0,-0.91,-551.0,-6.17,190.16,7773.0,0.44
RTB,2024-11-15,0.0,0.0,2200.0,0.08,-0.45,3298.0,8.37,12.62,27643.0,1.0
S12,2024-11-15,2000.0,11.42,0.0,0.0,0.07,-363.0,-6.89,125.0,-23355.0,-0.11
RDP,2024-11-15,0.0,0.36,0.0,0.0,0.79,-938.0,-1.93,3.91,5692.0,0.32
S27,2024-11-15,0.0,0.95,0.0,0.0,0.0,-800.0,-0.87,-0.21,-13489.0,-0.05
S4A,2024-11-15,0.0,0.1,4700.0,0.11,-0.27,2788.0,14.78,15.97,13683.0,3.01
S55,2024-11-15,0.0,0.41,1500.0,0.02,-0.37,10784.0,5.94,5.51,90525.0,0.71
S72,2024-11-15,0.0,0.03,0.0,0.0,0.13,528.0,12.52,12.29,10111.0,0.65
S74,2024-11-15,0.0,1.0,0.0,0.0,1.2,-55.0,-272.28,194.4,17932.0,0.84
S99,2024-11-15,0.0,0.0,0.0,0.0,1.21,599.0,12.86,5.57,17180.0,0.45
S96,2024-11-15,0.0,1.43,0.0,0.0,0.0,49.0,8.14,0.89,7474.0,0.05
SAB,2024-11-15,35200.0,60.71,5500.0,0.1,0.87,3361.0,16.69,15.71,20445.0,2.74
SAL,2024-11-15,0.0,0.0,420.0,0.28,0.0,0.0,0.0,2.49,0.0,0.0
SAC,2024-11-15,0.0,0.03,7065.0,0.53,2.06,536.0,24.7,11.12,16496.0,0.8
SAF,2024-11-15,0.0,3.4,3000.0,0.05,0.25,4127.0,14.18,14.21,13927.0,4.2
SAM,2024-11-15,7900.0,0.53,0.0,0.0,0.54,183.0,35.25,30.44,12298.0,0.52
SAP,2024-11-15,0.0,0.0,0.0,0.0,2.1,136.0,224.46,15.7,5396.0,5.65
SAV,2024-11-15,0.0,49.98,500.0,0.02,0.87,1291.0,15.81,14.68,15083.0,1.35
SAS,2024-11-15,0.0,0.33,1626.0,0.05,1.66,2600.0,13.38,13.53,11700.0,2.97
SB1,2024-11-15,0.0,0.68,500.0,0.08,-0.22,881.0,6.81,53.39,15798.0,0.38
SBG,2024-11-15,0.0,0.61,0.0,0.0,0.53,1160.0,8.75,6.34,17889.0,0.57
SBD,2024-11-15,0.0,0.89,0.0,0.0,1.05,1021.0,7.58,13.76,11216.0,0.69
SBH,2024-11-15,0.0,0.0,7770.0,0.16,0.03,2625.0,18.89,18.65,12498.0,3.97
SBA,2024-11-15,0.0,0.27,2200.0,0.07,-0.28,2287.0,13.03,16.35,15440.0,1.93
SBS,2024-11-15,0.0,0.47,0.0,0.0,2.25,-381.0,-12.7,88.55,1997.0,2.42
SBR,2024-11-15,0.0,0.0,219.0,0.02,-1.09,1093.0,9.05,20.15,10000.0,0.99
SBB,2024-11-15,0.0,0.01,1000.0,0.05,-0.15,-391.0,-46.85,-68.67,18046.0,1.01
SBL,2024-11-15,0.0,0.0,500.0,0.07,0.92,145.0,51.67,739.31,15200.0,0.49
SBM,2024-11-15,0.0,0.0,3000.0,0.1,0.17,3138.0,9.88,15.33,14039.0,2.21
SBT,2024-11-15,14100.0,22.35,0.0,0.0,1.04,977.0,12.49,10.33,14787.0,0.83
SCD,2024-11-15,0.0,6.29,0.0,0.0,0.5,-10658.0,-1.24,32.33,-6632.0,-1.99
SCC,2024-11-15,0.0,0.0,0.0,0.0,0.93,-553.0,-3.26,7.33,15287.0,0.12
SBV,2024-11-15,0.0,14.71,250.0,0.02,0.2,-79.0,-128.4,4.29,17053.0,0.6
SC5,2024-11-15,0.0,2.29,300.0,0.01,0.39,2475.0,8.49,17.25,24720.0,0.85
SCG,2024-11-15,0.0,0.0,0.0,0.0,0.15,1967.0,33.19,55.51,15179.0,4.3
SCI,2024-11-15,0.0,0.0,0.0,0.0,1.56,304.0,26.32,5.63,19772.0,0.4
SCJ,2024-11-15,0.0,0.0,0.0,0.0,1.19,177.0,19.76,18.09,11909.0,0.29
SCR,2024-11-15,6000.0,0.51,0.0,0.0,1.25,29.0,177.22,126.61,12930.0,0.4
SCL,2024-11-15,0.0,0.0,0.0,0.0,1.37,1958.0,13.65,7.74,14263.0,1.87
SCO,2024-11-15,0.0,0.0,0.0,0.0,-0.18,0.0,0.0,11.76,-22272.0,-0.25
SCS,2024-11-15,39000.0,23.38,5000.0,0.06,0.94,6377.0,12.54,12.01,16223.0,4.93
SCY,2024-11-15,0.0,0.01,380.0,0.03,0.43,1057.0,11.35,24.79,14614.0,0.82
SD3,2024-11-15,0.0,0.17,0.0,0.0,1.91,-925.0,-5.41,2.69,1292.0,3.87
SD2,2024-11-15,0.0,5.98,0.0,0.0,-0.41,649.0,6.78,28.46,12557.0,0.35
SD1,2024-11-15,0.0,0.0,0.0,0.0,0.0,-5070.0,-0.16,0.0,-1219.0,-0.66
SD5,2024-11-15,0.0,2.44,600.0,0.08,0.21,865.0,9.01,9.05,18303.0,0.43
SD4,2024-11-15,0.0,0.43,0.0,0.0,1.14,-12180.0,-0.25,30.9,278.0,10.79
SD6,2024-11-15,0.0,0.34,0.0,0.0,-0.62,-1940.0,-1.56,26.36,5124.0,0.59
SD7,2024-11-15,0.0,0.47,0.0,0.0,0.42,40.0,70.58,-19.72,11317.0,0.25
SD8,2024-11-15,0.0,10.98,0.0,0.0,0.0,-591.0,-2.54,0.28,-10570.0,-0.14
SD9,2024-11-15,0.0,2.59,0.0,0.0,0.63,734.0,15.93,18.82,24778.0,0.47
SDA,2024-11-15,0.0,0.0,0.0,0.0,1.0,487.0,10.26,18.2,6878.0,0.73
SDD,2024-11-15,0.0,0.28,0.0,0.0,0.63,-1015.0,-1.48,-2.75,5872.0,0.26
SDC,2024-11-15,1000.0,3.36,500.0,0.05,0.65,850.0,12.0,13.23,20139.0,0.51
SDB,2024-11-15,0.0,0.23,0.0,0.0,0.0,-1611.0,-0.31,0.81,1427.0,0.35
SDG,2024-11-15,0.0,0.02,2000.0,0.14,-0.17,327.0,45.21,4.29,33567.0,0.44
SDK,2024-11-15,0.0,1.07,0.0,0.0,0.78,2172.0,8.79,7.64,20185.0,0.95
SDN,2024-11-15,100.0,22.39,1500.0,0.04,-0.12,6145.0,5.45,13.13,21593.0,1.55
SDU,2024-11-15,0.0,0.11,0.0,0.0,-0.44,64.0,278.43,237.33,17661.0,1.01
SDV,2024-11-15,0.0,0.0,2000.0,0.07,0.09,2103.0,14.08,14.47,26616.0,1.11
SDT,2024-11-15,30000.0,1.35,0.0,0.0,0.3,287.0,13.59,10.28,18136.0,0.21
SDP,2024-11-15,0.0,0.14,0.0,0.0,-0.48,-550.0,-1.82,-0.64,-4973.0,-0.2
SDX,2024-11-15,0.0,0.0,0.0,0.0,0.0,0.0,0.0,6.67,0.0,0.0
SEP,2024-11-15,0.0,0.0,1720.0,0.1,-0.32,338.0,50.9,8.5,11289.0,1.52
SED,2024-11-15,0.0,0.0,1500.0,0.07,0.41,4933.0,4.38,4.44,34843.0,0.62
SEB,2024-11-15,0.0,0.0,4900.0,0.1,0.3,3825.0,12.36,12.82,20213.0,2.34
SFC,2024-11-15,0.0,0.66,3500.0,0.14,0.57,1813.0,13.73,9.56,16022.0,1.55
SFG,2024-11-15,0.0,0.2,500.0,0.05,1.02,666.0,16.06,16.02,13435.0,0.8
SFN,2024-11-15,0.0,0.86,900.0,0.05,0.02,2908.0,6.5,5.78,26506.0,0.71
SFI,2024-11-15,0.0,10.36,2000.0,0.06,0.46,3031.0,10.28,18.41,31863.0,0.98
SGD,2024-11-15,0.0,0.0,0.0,0.0,0.12,264.0,45.49,9.93,14874.0,0.81
SGB,2024-11-15,0.0,11.4,0.0,0.0,0.34,768.0,16.67,11.78,12349.0,1.04
SGC,2024-11-15,1000.0,1.07,1000.0,0.01,0.1,14461.0,7.88,10.19,46006.0,2.48
SGH,2024-11-15,0.0,0.35,4760.0,0.15,0.35,1104.0,28.52,33.47,11120.0,2.83
SGN,2024-11-15,0.0,27.07,2500.0,0.03,0.74,6508.0,11.91,10.84,33103.0,2.34
SGI,2024-11-15,0.0,0.0,0.0,0.0,0.11,353.0,41.33,11.86,37517.0,0.39
SGP,2024-11-15,0.0,0.68,0.0,0.0,2.55,917.0,28.27,23562.73,12870.0,2.01
SEA,2024-11-15,0.0,0.0,500.0,0.01,-0.13,1531.0,24.24,66.04,19130.0,1.94
SGS,2024-11-15,0.0,0.36,0.0,0.0,-0.25,2179.0,8.31,5.82,21394.0,0.85
SDY,2024-11-15,0.0,0.43,0.0,0.0,0.28,590.0,2.71,-130.93,-2681.0,-0.6
SGT,2024-11-15,0.0,5.57,0.0,0.0,0.42,396.0,38.12,4.97,13457.0,1.12
SGR,2024-11-15,0.0,0.0,1000.0,0.03,1.15,1652.0,23.97,12.51,15560.0,2.54
SHC,2024-11-15,0.0,0.0,0.0,0.0,-3.05,230.0,49.37,10.44,17591.0,0.64
SHB,2024-11-15,202700.0,2.93,500.0,0.05,0.94,2141.0,4.83,3.36,15223.0,0.68
SHE,2024-11-15,0.0,1.04,0.0,0.0,0.26,1577.0,5.71,6.9,12794.0,0.7
SHA,2024-11-15,0.0,0.89,0.0,0.0,0.39,429.0,9.76,5.61,12696.0,0.33
SHG,2024-11-15,0.0,0.0,0.0,0.0,-0.32,-972.0,-2.06,-0.99,-26110.0,-0.08
SHI,2024-11-15,0.0,0.15,0.0,0.0,0.08,351.0,41.63,38.19,12800.0,1.14
SHS,2024-11-15,52000.0,4.47,0.0,0.0,2.13,1178.0,11.54,10.68,13555.0,1.0
SHN,2024-11-15,0.0,0.01,0.0,0.0,0.52,47.0,134.91,16.26,12307.0,0.52
SHP,2024-11-15,0.0,5.24,3000.0,0.09,0.2,2433.0,14.47,12.74,11944.0,2.95
SID,2024-11-15,0.0,0.1,0.0,0.0,1.36,766.0,15.67,41.24,23973.0,0.5
SIG,2024-11-15,0.0,0.0,0.0,0.0,-1.03,0.0,0.0,10.71,0.0,0.0
SIP,2024-11-15,166200.0,2.73,1600.0,0.02,1.58,6348.0,12.92,21.77,22375.0,3.66
SII,2024-11-15,0.0,48.9,0.0,0.0,-3.27,-334.0,-50.05,602.02,14306.0,1.17
TCW,2024-11-15,0.0,5.0,2200.0,0.07,0.48,4212.0,7.13,6.12,18524.0,1.62
SJD,2024-11-15,100.0,5.73,1800.0,0.11,0.5,2012.0,8.25,9.11,14673.0,1.13
SJ1,2024-11-15,0.0,0.0,500.0,0.05,-0.98,1259.0,8.02,6.24,8338.0,1.21
SIV,2024-11-15,0.0,7.71,2400.0,0.06,1.13,0.0,0.0,4.68,0.0,0.0
SJC,2024-11-15,0.0,0.28,0.0,0.0,0.0,-764.0,-5.37,1.73,13575.0,0.3
SJG,2024-11-15,0.0,0.0,2000.0,0.11,0.79,1152.0,16.16,15.94,20782.0,0.9
SJF,2024-11-15,0.0,0.33,0.0,0.0,-0.01,-366.0,-4.65,13.46,6288.0,0.27
SJE,2024-11-15,0.0,0.0,0.0,0.0,-0.02,5529.0,3.76,3.06,35306.0,0.59
SJM,2024-11-15,0.0,0.62,0.0,0.0,-3.42,942.0,6.8,18.82,2551.0,2.51
SJS,2024-11-15,0.0,0.63,0.0,0.0,0.74,1963.0,31.48,20.28,25187.0,2.45
SKH,2024-11-15,0.0,0.05,2112.0,0.08,-0.11,2078.0,12.31,10.99,12080.0,2.12
SLS,2024-11-15,100.0,0.64,20000.0,0.11,0.24,50118.0,3.53,11.55,146866.0,1.2
SKG,2024-11-15,0.0,44.86,500.0,0.05,0.53,589.0,18.18,9.73,13458.0,0.8
SKV,2024-11-15,0.0,0.11,3010.0,0.1,0.4,3113.0,10.0,9.42,15854.0,1.96
SKN,2024-11-15,0.0,0.0,346.0,0.04,0.26,0.0,0.0,15.63,0.0,0.0
SMA,2024-11-15,0.0,0.05,350.0,0.03,-0.2,717.0,14.5,16.77,11742.0,0.89
SMB,2024-11-15,3900.0,13.59,3500.0,0.09,0.14,5949.0,6.54,14.76,20267.0,1.92
SMT,2024-11-15,0.0,0.0,0.0,0.0,0.62,17.0,338.89,10.75,12084.0,0.49
SMC,2024-11-15,58100.0,20.57,0.0,0.0,1.99,-4509.0,-1.48,6.16,10931.0,0.61
SMN,2024-11-15,0.0,0.0,1100.0,0.09,0.18,2313.0,5.58,5.86,18447.0,0.7
SNZ,2024-11-15,0.0,0.0,1200.0,0.03,1.24,2624.0,13.23,9.54,28145.0,1.23
SNC,2024-11-15,0.0,0.0,2000.0,0.09,0.16,2909.0,7.56,9.17,17924.0,1.23
SP2,2024-11-15,0.0,0.0,0.0,0.0,1.08,2525.0,7.19,12.18,5566.0,3.26
SPC,2024-11-15,0.0,0.0,0.0,0.0,-0.12,-753.0,-11.96,4.32,13738.0,0.66
SPB,2024-11-15,0.0,0.0,0.0,0.0,-0.06,691.0,25.61,23.54,17445.0,1.01
SPD,2024-11-15,0.0,0.0,0.0,0.0,0.0,309.0,25.93,10.91,10614.0,0.75
SPH,2024-11-15,0.0,0.0,0.0,0.0,-0.13,0.0,0.0,-9.77,0.0,0.0
SPM,2024-11-15,0.0,2.15,0.0,0.0,0.81,499.0,21.24,13.49,58254.0,0.18
SPV,2024-11-15,0.0,0.0,500.0,0.03,-0.04,0.0,0.0,10.62,0.0,0.0
SPI,2024-11-15,0.0,1.22,0.0,0.0,0.62,-419.0,-5.96,84.06,6791.0,0.37
SQC,2024-11-15,0.0,6.91,0.0,0.0,-0.66,-181.0,-64.51,21666.67,5960.0,1.96
SRA,2024-11-15,0.0,0.0,0.0,0.0,1.46,726.0,3.31,7.41,14259.0,0.17
SSB,2024-11-15,184500.0,0.12,0.0,0.0,0.53,1893.0,8.85,10.08,11915.0,1.41
SRC,2024-11-15,0.0,0.1,600.0,0.02,-0.46,4848.0,5.62,7.65,19468.0,1.4
SRB,2024-11-15,0.0,0.86,0.0,0.0,0.79,-284.0,-6.88,166.07,7805.0,0.25
SRF,2024-11-15,0.0,45.93,0.0,0.0,0.51,-15.0,-568.63,13.6,12908.0,0.65
SSC,2024-11-15,0.0,0.84,3000.0,0.08,0.08,4409.0,8.62,9.99,28264.0,1.34
SSF,2024-11-15,0.0,0.0,0.0,0.0,0.0,0.0,0.0,428.75,0.0,0.0
SSG,2024-11-15,0.0,0.0,1000.0,0.1,1.79,110.0,94.33,9.93,11219.0,0.93
SSH,2024-11-15,0.0,0.0,0.0,0.0,0.38,1022.0,65.53,23.91,16539.0,4.05
SSI,2024-11-15,2188700.0,41.96,1000.0,0.04,1.47,1944.0,12.71,13.18,15979.0,1.55
SSM,2024-11-15,0.0,0.67,0.0,0.0,-0.15,1385.0,3.68,4.21,13020.0,0.39
STB,2024-11-15,1892400.0,23.49,0.0,0.0,1.36,4641.0,7.0,5.78,27201.0,1.19
SSN,2024-11-15,0.0,0.05,0.0,0.0,-0.7,-4.0,-293.45,25.74,11411.0,0.11
ST8,2024-11-15,19000.0,0.58,0.0,0.0,1.06,780.0,9.62,11.02,11827.0,0.63
STC,2024-11-15,0.0,0.0,1400.0,0.08,-0.04,2167.0,7.62,5.84,23925.0,0.69
STG,2024-11-15,0.0,30.05,0.0,0.0,0.74,1834.0,22.41,15.13,23877.0,1.72
STH,2024-11-15,0.0,0.0,0.0,0.0,1.58,10.0,642.31,58.54,10236.0,0.66
STK,2024-11-15,0.0,16.56,0.0,0.0,1.05,616.0,40.7,8.05,17816.0,1.41
STP,2024-11-15,0.0,1.06,1000.0,0.11,0.55,819.0,11.36,9.35,17454.0,0.53
STL,2024-11-15,0.0,31.86,0.0,0.0,0.0,-973.0,-1.03,1.29,-157613.0,-0.01
STS,2024-11-15,0.0,0.0,0.0,0.0,0.0,1307.0,28.31,10.24,15367.0,2.41
STT,2024-11-15,0.0,9.28,0.0,0.0,0.52,-1502.0,-1.07,29.26,183.0,8.77
STW,2024-11-15,0.0,0.0,936.0,0.03,-0.13,2442.0,13.84,13.4,17508.0,1.93
SVG,2024-11-15,0.0,0.0,0.0,0.0,3.56,-1.0,-4695.65,63.4,10325.0,0.52
SVC,2024-11-15,0.0,1.71,1000.0,0.04,-0.56,795.0,30.05,11.73,37515.0,0.64
SVD,2024-11-15,0.0,0.19,0.0,0.0,-0.05,-214.0,-15.21,89.73,9033.0,0.36
SVH,2024-11-15,0.0,0.0,0.0,0.0,0.0,2010.0,2.98,3.43,13913.0,0.43
SVN,2024-11-15,0.0,0.02,0.0,0.0,0.25,13.0,238.1,63.0,10688.0,0.28
SZB,2024-11-15,0.0,0.0,3500.0,0.08,0.29,6577.0,6.31,6.58,22835.0,1.82
SWC,2024-11-15,0.0,0.01,0.0,0.0,0.38,3924.0,7.24,8.42,27007.0,1.05
SVI,2024-11-15,0.0,95.0,2600.0,0.04,0.1,6313.0,9.9,5.2,65808.0,0.95
SZC,2024-11-15,484500.0,3.18,1000.0,0.02,1.7,1919.0,21.52,32.58,16836.0,2.45
SVT,2024-11-15,0.0,0.43,1500.0,0.13,-0.02,1910.0,5.97,7.31,13110.0,0.87
SZE,2024-11-15,0.0,0.0,800.0,0.07,-0.35,910.0,13.14,12.72,12508.0,0.96
SZL,2024-11-15,0.0,16.43,2000.0,0.05,0.16,4491.0,9.35,14.37,23412.0,1.79
TA9,2024-11-15,0.0,0.0,2266.0,0.19,0.52,2077.0,5.63,6.73,12841.0,0.91
TAB,2024-11-15,0.0,0.0,0.0,0.0,-0.46,0.0,0.0,23.17,0.0,0.0
TA6,2024-11-15,0.0,0.51,0.0,0.0,-2.19,486.0,25.93,33.16,11779.0,1.07
TAN,2024-11-15,0.0,0.0,0.0,0.0,0.0,0.0,0.0,26.93,0.0,0.0
TAR,2024-11-15,0.0,0.0,0.0,0.0,-0.35,-664.0,-5.88,9.85,13345.0,0.29
TB8,2024-11-15,0.0,0.0,1600.0,0.16,0.0,5146.0,1.92,4.95,15684.0,0.63
TAW,2024-11-15,0.0,0.0,1050.0,0.07,0.0,309.0,47.92,10.08,11978.0,1.24
TBC,2024-11-15,0.0,1.47,3000.0,0.08,-0.24,2611.0,15.32,11.46,21472.0,1.86
TBH,2024-11-15,0.0,0.0,0.0,0.0,0.0,161.0,81.18,0.0,5732.0,2.29
TBD,2024-11-15,0.0,4.53,2000.0,0.03,0.0,2986.0,26.72,32.08,18393.0,4.34
TBR,2024-11-15,0.0,0.0,350.0,0.05,0.26,0.0,0.0,14.47,0.0,0.0
TBW,2024-11-15,0.0,0.0,1380.0,0.1,0.0,0.0,0.0,3.62,0.0,0.0
TAL,2024-11-15,700.0,0.0,1500.0,0.09,1.12,2244.0,7.65,10.73,12495.0,1.37
SZG,2024-11-15,0.0,0.0,1500.0,0.04,0.18,3311.0,10.27,15.25,15613.0,2.18
TBX,2024-11-15,0.0,0.01,0.0,0.0,0.0,168.0,133.1,67.36,13508.0,1.65
TBT,2024-11-15,0.0,0.0,0.0,0.0,0.0,0.0,0.0,23.35,0.0,0.0
TCB,2024-11-15,785300.0,22.13,1500.0,0.07,0.97,5254.0,4.34,5.93,20492.0,1.11
TCH,2024-11-15,1510700.0,5.46,0.0,0.0,2.16,1546.0,9.38,12.11,19309.0,0.75
TCK,2024-11-15,0.0,0.0,0.0,0.0,0.0,636.0,6.14,25.14,-4022.0,-0.97
TCJ,2024-11-15,0.0,0.0,0.0,0.0,0.0,0.0,0.0,40.0,0.0,0.0
TCM,2024-11-15,64700.0,49.14,0.0,0.0,1.15,2504.0,18.73,29.66,21698.0,2.16
TCD,2024-11-15,9400.0,0.33,0.0,0.0,0.88,142.0,32.72,8.38,11451.0,0.4
TCL,2024-11-15,0.0,11.77,2326.0,0.07,0.12,4549.0,7.64,7.83,20282.0,1.71
TCI,2024-11-15,6600.0,5.17,0.0,0.0,0.97,568.0,14.05,11.43,10654.0,0.75
TCO,2024-11-15,0.0,0.81,0.0,0.0,-0.07,1123.0,17.73,14.89,17755.0,1.12
TCR,2024-11-15,0.0,48.29,0.0,0.0,-0.17,-859.0,-4.13,1.98,8370.0,0.42
TDB,2024-11-15,0.0,0.0,2500.0,0.06,0.06,2730.0,14.69,42.32,71508.0,0.56
TDC,2024-11-15,37400.0,0.76,0.0,0.0,1.55,665.0,14.95,4.56,8932.0,1.11
TCT,2024-11-15,0.0,11.29,500.0,0.03,0.38,589.0,28.02,24.82,26772.0,0.62
TDG,2024-11-15,0.0,0.01,0.0,0.0,0.94,131.0,28.46,17.83,12385.0,0.3
TDF,2024-11-15,0.0,0.0,1500.0,0.12,1.34,-116.0,-111.32,8.26,24253.0,0.53
TDH,2024-11-15,6000.0,1.39,0.0,0.0,0.65,-297.0,-8.21,0.8,3298.0,0.74
TDP,2024-11-15,0.0,0.12,0.0,0.0,0.61,1224.0,27.3,37.78,11387.0,2.93
TDM,2024-11-15,0.0,3.16,1400.0,0.03,0.01,1729.0,28.63,28.26,22369.0,2.21
TDT,2024-11-15,0.0,0.08,0.0,0.0,0.14,285.0,23.89,5.32,11360.0,0.6
TDW,2024-11-15,0.0,3.04,3400.0,0.07,-0.18,6525.0,7.2,7.7,26820.0,1.75
TDS,2024-11-15,0.0,0.34,7000.0,0.67,2.18,-177.0,-59.39,18.35,16566.0,0.63
TED,2024-11-15,0.0,35.26,2500.0,0.05,0.68,4523.0,11.05,8.68,26420.0,1.89
TEG,2024-11-15,0.0,5.15,0.0,0.0,0.27,151.0,55.56,14.4,12248.0,0.69
TET,2024-11-15,0.0,0.01,800.0,0.03,0.07,1454.0,21.59,29.85,20033.0,1.57
TGG,2024-11-15,0.0,0.0,0.0,0.0,0.0,-89.0,-25.79,20.93,6483.0,0.35
TFC,2024-11-15,0.0,32.05,1200.0,0.03,0.27,7423.0,5.71,12.52,21319.0,1.99
TEL,2024-11-15,0.0,0.12,0.0,0.0,-0.67,0.0,0.0,220.0,11077.0,1.19
TGP,2024-11-15,0.0,0.0,0.0,0.0,-0.37,0.0,0.0,12.28,0.0,0.0
TH1,2024-11-15,0.0,0.01,0.0,0.0,-0.38,3839.0,0.96,11.61,2639.0,1.4
THB,2024-11-15,0.0,6.22,350.0,0.03,0.06,292.0,39.79,30.19,13019.0,0.89
THM,2024-11-15,0.0,0.0,0.0,0.0,0.81,653.0,10.56,10.48,10483.0,0.66
THD,2024-11-15,0.0,0.19,0.0,0.0,0.18,419.0,84.68,201.0,11174.0,3.18
THG,2024-11-15,0.0,2.91,3000.0,0.07,0.27,4494.0,9.7,9.27,26999.0,1.61
THN,2024-11-15,0.0,0.0,1009.0,0.2,0.0,1527.0,3.34,3.96,12247.0,0.42
THS,2024-11-15,0.0,0.05,800.0,0.08,0.09,680.0,13.98,11.13,14493.0,0.66
THP,2024-11-15,0.0,0.0,300.0,0.04,0.26,863.0,9.75,10.38,16751.0,0.5
THW,2024-11-15,0.0,2.46,600.0,0.05,-1.01,41.0,325.52,7.46,10257.0,1.29
THT,2024-11-15,0.0,4.04,1000.0,0.08,0.26,2981.0,4.03,3.49,16312.0,0.74
THU,2024-11-15,0.0,0.0,587.0,0.05,0.38,0.0,0.0,12.72,0.0,0.0
TID,2024-11-15,0.0,0.0,1000.0,0.04,0.64,1510.0,15.55,18.78,20482.0,1.15
TIP,2024-11-15,200.0,17.13,300.0,0.01,1.41,3331.0,6.74,8.83,28099.0,0.8
TIE,2024-11-15,0.0,0.9,0.0,0.0,0.39,-3426.0,-1.2,32.7,21486.0,0.19
TIN,2024-11-15,0.0,0.14,0.0,0.0,0.65,-943.0,-14.79,24.89,9435.0,1.48
TIG,2024-11-15,8700.0,9.63,0.0,0.0,1.89,1072.0,12.31,7.28,14286.0,0.92
TIS,2024-11-15,0.0,0.05,0.0,0.0,1.88,-347.0,-18.2,77.38,8680.0,0.73
TIX,2024-11-15,0.0,0.47,4250.0,0.12,-0.33,3464.0,10.39,10.69,28110.0,1.28
TJC,2024-11-15,0.0,0.34,900.0,0.05,-0.04,5204.0,3.82,38.23,20359.0,0.98
TKA,2024-11-15,0.0,0.0,800.0,0.21,0.0,950.0,4.1,1.44,13998.0,0.28
TKC,2024-11-15,0.0,0.0,0.0,0.0,0.0,-55706.0,-0.02,0.78,-31251.0,-0.04
TKG,2024-11-15,0.0,0.0,0.0,0.0,0.36,207.0,11.61,4.33,10383.0,0.23
TKU,2024-11-15,100.0,8.14,0.0,0.0,-0.05,616.0,24.35,14.06,11367.0,1.32
TLD,2024-11-15,3100.0,0.65,0.0,0.0,-0.02,226.0,25.82,9.08,10507.0,0.56
TL4,2024-11-15,0.0,0.01,0.0,0.0,0.38,-1711.0,-4.21,2175.23,14519.0,0.5
TLG,2024-11-15,210700.0,21.93,2000.0,0.04,1.16,5744.0,9.84,11.69,30435.0,1.86
TLH,2024-11-15,0.0,0.96,0.0,0.0,1.57,-2510.0,-1.87,5.28,14052.0,0.33
TLP,2024-11-15,0.0,0.0,250.0,0.04,0.44,569.0,11.46,10.51,11808.0,0.55
TLT,2024-11-15,0.0,0.23,500.0,0.04,1.09,0.0,0.0,19.01,-1473.0,-9.23
TLI,2024-11-15,0.0,0.0,0.0,0.0,2.78,0.0,0.0,-6.75,0.0,0.0
TMB,2024-11-15,0.0,0.0,2000.0,0.03,0.99,16902.0,3.73,15.75,50342.0,1.25
TMC,2024-11-15,0.0,1.78,600.0,0.08,-0.35,850.0,9.42,12.28,15402.0,0.52
TMG,2024-11-15,0.0,0.02,2700.0,0.06,-0.41,2367.0,17.79,22.76,13072.0,3.22
TMW,2024-11-15,0.0,0.0,1000.0,0.05,-0.03,0.0,0.0,15.54,0.0,0.0
TMP,2024-11-15,0.0,0.8,6483.0,0.09,-0.17,4785.0,14.32,19.82,22237.0,3.08
TMT,2024-11-15,0.0,2.56,0.0,0.0,0.54,-5229.0,-1.3,6.57,6664.0,1.02
TMS,2024-11-15,0.0,42.6,500.0,0.01,0.28,1725.0,24.93,17.38,30332.0,1.42
TNB,2024-11-15,0.0,0.0,0.0,0.0,-0.38,-128.0,-82.17,63.39,12082.0,0.87
TN1,2024-11-15,0.0,0.22,500.0,0.05,0.39,437.0,24.0,10.06,17175.0,0.61
TNC,2024-11-15,0.0,0.56,1200.0,0.04,-0.05,1734.0,19.67,19.89,17033.0,2.0
TMX,2024-11-15,0.0,6.94,300.0,0.03,0.11,357.0,25.78,30.6,14919.0,0.62
TNA,2024-11-15,0.0,2.13,0.0,0.0,0.21,-818.0,-4.61,186.91,10688.0,0.35
TNG,2024-11-15,164100.0,17.28,1200.0,0.05,1.67,2585.0,9.86,10.08,15233.0,1.67
TNH,2024-11-15,47600.0,49.44,0.0,0.0,1.77,917.0,22.58,14.71,15563.0,1.33
TNS,2024-11-15,0.0,0.07,0.0,0.0,-0.16,1619.0,3.03,98.0,2834.0,1.73
TNI,2024-11-15,0.0,0.13,0.0,0.0,0.63,611.0,3.7,15.69,10072.0,0.22
TNP,2024-11-15,0.0,0.0,2500.0,0.1,-0.13,352.0,73.57,7.66,11061.0,2.34
TNM,2024-11-15,0.0,0.0,0.0,0.0,0.0,0.0,0.0,7.68,0.0,0.0
TNT,2024-11-15,0.0,1.46,0.0,0.0,1.3,308.0,14.05,11.04,13391.0,0.32
TNW,2024-11-15,0.0,0.0,570.0,0.06,-0.36,-890.0,-11.35,27.77,12596.0,0.8
TOT,2024-11-15,0.0,3.86,1000.0,0.06,0.34,3151.0,5.43,4.77,14195.0,1.2
TOP,2024-11-15,0.0,1.35,0.0,0.0,-0.04,1.0,937.5,1518.99,6404.0,0.19
TOS,2024-11-15,0.0,0.0,1500.0,0.02,0.29,8057.0,8.89,13.9,42738.0,1.68
TPB,2024-11-15,0.0,30.0,500.0,0.03,1.23,2205.0,7.14,4.62,13744.0,1.15
TPH,2024-11-15,0.0,0.0,700.0,0.05,1.13,590.0,26.12,14.03,11767.0,1.31
TOW,2024-11-15,0.0,9.66,1500.0,0.07,1.81,511.0,42.7,5.59,16966.0,1.28
TPC,2024-11-15,0.0,1.74,0.0,0.0,0.41,720.0,8.75,15.39,13055.0,0.48
TPP,2024-11-15,0.0,0.17,0.0,0.0,-0.41,747.0,13.53,18.25,11906.0,0.85
TPS,2024-11-15,0.0,0.0,2500.0,0.08,-0.05,741.0,42.1,5.83,17152.0,1.82
TR1,2024-11-15,0.0,0.0,1500.0,0.08,0.28,0.0,0.0,13.62,0.0,0.0
TRC,2024-11-15,0.0,2.06,900.0,0.02,0.8,5184.0,9.03,19.9,58904.0,0.79
TQW,2024-11-15,0.0,0.0,640.0,0.08,0.0,0.0,0.0,15.67,0.0,0.0
TRA,2024-11-15,0.0,46.67,4000.0,0.05,-0.05,5139.0,14.89,10.47,37639.0,2.03
TQN,2024-11-15,0.0,0.0,1523.0,0.06,-0.01,0.0,0.0,6.17,0.0,0.0
TRT,2024-11-15,0.0,0.0,0.0,0.0,0.01,223.0,65.02,15.95,12375.0,1.17
TSA,2024-11-15,0.0,0.0,0.0,0.0,0.75,553.0,22.43,16.99,10945.0,1.13
TRS,2024-11-15,0.0,0.0,1000.0,0.04,-0.05,0.0,0.0,5.46,0.0,0.0
TS3,2024-11-15,0.0,0.0,0.0,0.0,0.07,211.0,23.71,5.35,11074.0,0.45
TS4,2024-11-15,0.0,0.0,0.0,0.0,0.0,-225.0,-5.34,38.78,-32136.0,-0.04
TSD,2024-11-15,0.0,0.02,0.0,0.0,1.11,0.0,0.0,8.11,0.0,0.0
TSB,2024-11-15,400.0,3.46,556.0,0.01,0.66,1049.0,43.77,38.7,12001.0,3.82
TSC,2024-11-15,0.0,0.19,0.0,0.0,0.95,-88.0,-28.21,21.64,12454.0,0.2
TSG,2024-11-15,0.0,1.62,1100.0,0.06,0.6,0.0,0.0,8.32,0.0,0.0
TSJ,2024-11-15,0.0,0.0,900.0,0.03,0.3,1108.0,24.55,66.71,11346.0,2.4
TST,2024-11-15,0.0,0.94,0.0,0.0,-0.07,33.0,101.95,13.6,20226.0,0.17
TT6,2024-11-15,0.0,0.0,0.0,0.0,1.54,392.0,20.8,17.66,10705.0,0.76
TTA,2024-11-15,5700.0,0.86,0.0,0.0,1.11,1229.0,8.3,10.84,12621.0,0.81
TTC,2024-11-15,0.0,8.29,800.0,0.07,0.12,643.0,16.95,6.98,19481.0,0.56
TTB,2024-11-15,0.0,0.0,0.0,0.0,0.0,-12.0,-151.52,6.09,10341.0,0.17
TTD,2024-11-15,0.0,0.45,3300.0,0.05,1.16,4935.0,12.62,11.82,19372.0,3.22
TTE,2024-11-15,0.0,0.05,0.0,0.0,0.48,381.0,87.26,54.28,10090.0,3.3
TTF,2024-11-15,58000.0,5.8,0.0,0.0,1.01,90.0,34.79,22.51,564.0,5.53
TTG,2024-11-15,0.0,0.0,0.0,0.0,1.94,0.0,0.0,7.5,0.0,0.0
TTN,2024-11-15,0.0,0.13,700.0,0.04,2.74,1679.0,10.57,16.72,12521.0,1.42
TTL,2024-11-15,0.0,0.01,0.0,0.0,0.72,310.0,24.81,32.2,15223.0,0.51
TTH,2024-11-15,0.0,0.41,0.0,0.0,1.89,-46.0,-56.03,12.62,10966.0,0.24
TTP,2024-11-15,0.0,88.22,35000.0,0.5,1.03,9849.0,7.06,4.67,55472.0,1.25
TTT,2024-11-15,0.0,0.0,2000.0,0.07,0.85,3515.0,8.34,9.06,100010.0,0.29
TTZ,2024-11-15,0.0,12.93,0.0,0.0,0.0,-27.0,-65.89,11.36,8733.0,0.21
TV2,2024-11-15,95900.0,9.17,1000.0,0.03,1.61,839.0,36.95,31.72,19090.0,1.62
TV1,2024-11-15,0.0,0.0,500.0,0.02,0.38,3120.0,6.96,6.83,14061.0,1.54
TUG,2024-11-15,0.0,5.88,600.0,0.03,-0.28,0.0,0.0,5.4,0.0,0.0
TV4,2024-11-15,0.0,0.0,1200.0,0.08,-0.02,1703.0,8.4,8.63,13123.0,1.09
TVA,2024-11-15,0.0,0.0,0.0,0.0,0.0,0.0,0.0,-36.24,0.0,0.0
TV3,2024-11-15,0.0,0.39,1000.0,0.09,0.61,1618.0,7.05,7.53,15606.0,0.73
TV6,2024-11-15,0.0,0.0,0.0,0.0,1.63,0.0,0.0,71.0,0.0,0.0
TVB,2024-11-15,500.0,1.57,0.0,0.0,0.83,1311.0,6.79,11.09,10319.0,0.86
TVC,2024-11-15,5100.0,0.9,0.0,0.0,1.74,3054.0,3.41,3.16,17250.0,0.6
TVD,2024-11-15,0.0,3.78,900.0,0.09,0.47,1613.0,6.2,2.66,13218.0,0.76
TVG,2024-11-15,0.0,0.0,0.0,0.0,-0.38,0.0,0.0,14.06,0.0,0.0
TVH,2024-11-15,0.0,0.0,3990.0,0.24,0.0,0.0,0.0,1.98,0.0,0.0
TTS,2024-11-15,0.0,0.01,0.0,0.0,0.29,402.0,11.2,62.46,6050.0,0.74
TVS,2024-11-15,0.0,22.21,0.0,0.0,1.82,1289.0,16.21,12.47,13347.0,1.57
TVN,2024-11-15,0.0,0.08,0.0,0.0,3.69,54.0,139.96,42.41,13682.0,0.55
TVM,2024-11-15,0.0,0.0,500.0,0.05,0.03,935.0,11.76,15.53,16588.0,0.66
TVT,2024-11-15,0.0,0.26,1000.0,0.06,0.76,757.0,21.0,9.02,26750.0,0.59
TXM,2024-11-15,0.0,0.84,0.0,0.0,0.24,-387.0,-11.11,-19.92,15602.0,0.28
UCT,2024-11-15,0.0,0.0,0.0,0.0,-0.04,49.0,148.86,99.01,10530.0,0.69
TW3,2024-11-15,0.0,0.06,500.0,0.04,0.07,0.0,0.0,6.1,0.0,0.0
TYA,2024-11-15,100.0,38.74,250.0,0.02,0.26,1816.0,7.82,12.26,17146.0,0.83
UDC,2024-11-15,2000.0,13.58,0.0,0.0,0.98,-1589.0,-2.12,117.82,5943.0,0.57
UDL,2024-11-15,0.0,0.0,0.0,0.0,0.0,0.0,0.0,6.47,0.0,0.0
UEM,2024-11-15,0.0,0.02,1000.0,0.11,0.49,230.0,40.96,5.88,12560.0,0.75
UDJ,2024-11-15,0.0,4.87,600.0,0.07,0.35,624.0,13.79,10.95,14559.0,0.59
UMC,2024-11-15,0.0,0.0,586.0,0.06,0.0,0.0,0.0,8.62,0.0,0.0
UIC,2024-11-15,0.0,12.07,0.0,0.0,0.17,6908.0,6.01,3.1,55552.0,0.75
UNI,2024-11-15,0.0,0.0,0.0,0.0,1.0,29.0,239.56,15.18,10514.0,0.67
VE8,2024-11-15,0.0,0.68,0.0,0.0,0.21,-5807.0,-0.79,0.83,-4009.0,-1.15
UPC,2024-11-15,0.0,0.01,1600.0,0.05,-0.09,591.0,50.58,5.78,16298.0,1.83
USC,2024-11-15,0.0,0.0,110.0,0.01,0.18,0.0,0.0,24.75,0.0,0.0
UPH,2024-11-15,0.0,0.0,0.0,0.0,-1.53,194.0,46.38,47.86,11580.0,0.78
V12,2024-11-15,0.0,0.02,600.0,0.05,0.1,1005.0,12.94,12.84,13590.0,0.96
USD,2024-11-15,0.0,0.0,1800.0,0.09,1.71,609.0,33.69,5.8,10609.0,1.93
V11,2024-11-15,0.0,0.36,0.0,0.0,0.85,-765.0,-0.65,-0.26,5715.0,0.09
V21,2024-11-15,0.0,0.0,0.0,0.0,0.3,67.0,89.17,6.86,10164.0,0.59
V15,2024-11-15,0.0,0.33,0.0,0.0,0.0,-4056.0,-0.1,2.67,744.0,0.54
VAF,2024-11-15,0.0,0.04,1000.0,0.07,-0.01,1794.0,8.36,10.83,13241.0,1.13
VAB,2024-11-15,0.0,0.19,0.0,0.0,1.21,1723.0,5.24,4.61,15959.0,0.57
VAV,2024-11-15,0.0,2.43,1200.0,0.03,0.31,5639.0,8.19,12.68,19775.0,2.33
VBB,2024-11-15,0.0,0.0,0.0,0.0,0.85,2025.0,4.85,5.34,17697.0,0.56
VBG,2024-11-15,0.0,0.0,100.0,0.02,0.0,0.0,0.0,16.86,0.0,0.0
VC2,2024-11-15,0.0,0.1,0.0,0.0,1.79,264.0,32.56,12.77,13297.0,0.65
VC1,2024-11-15,0.0,0.0,0.0,0.0,0.1,550.0,14.91,9.62,20929.0,0.39
VBC,2024-11-15,0.0,0.41,1800.0,0.09,-0.01,3652.0,5.5,4.29,21277.0,0.94
VBH,2024-11-15,0.0,1.48,0.0,0.0,-1.84,206.0,50.51,15.08,5209.0,2.0
VC3,2024-11-15,1200.0,0.19,0.0,0.0,0.37,1220.0,22.88,13.81,11126.0,2.51
VC5,2024-11-15,0.0,1.27,0.0,0.0,-0.28,5700.0,0.16,0.69,68377.0,0.01
VC9,2024-11-15,0.0,0.06,0.0,0.0,0.48,86.0,54.45,48.69,3786.0,1.24
VC7,2024-11-15,5700.0,0.06,0.0,0.0,2.35,274.0,34.72,11.24,10968.0,0.87
VCA,2024-11-15,0.0,0.58,0.0,0.0,0.8,138.0,62.24,20.41,12498.0,0.69
VC6,2024-11-15,0.0,10.49,500.0,0.02,0.33,3431.0,6.12,9.61,16228.0,1.29
VCB,2024-11-15,484100.0,23.27,0.0,0.0,0.48,6194.0,14.85,16.76,34048.0,2.7
VCC,2024-11-15,0.0,0.0,350.0,0.04,-0.1,252.0,36.08,8.75,11083.0,0.82
VCG,2024-11-15,70500.0,5.72,0.0,0.0,1.32,1460.0,11.78,10.84,18109.0,0.95
VCF,2024-11-15,0.0,0.56,25000.0,0.12,0.26,16185.0,13.18,24.1,65299.0,3.27
VCI,2024-11-15,456500.0,14.3,400.0,0.01,1.79,1838.0,17.93,27.04,15044.0,2.19
VCE,2024-11-15,0.0,0.0,0.0,0.0,0.0,0.0,0.0,-31.01,0.0,0.0
VCM,2024-11-15,0.0,0.0,0.0,0.0,0.58,1368.0,8.92,14.58,23819.0,0.51
VCS,2024-11-15,35000.0,1.79,4000.0,0.06,1.64,5343.0,12.73,10.52,32777.0,2.07
VCT,2024-11-15,0.0,0.0,0.0,0.0,0.0,0.0,0.0,14.62,0.0,0.0
VCR,2024-11-15,0.0,0.01,0.0,0.0,0.01,-99.0,-241.17,51.96,7565.0,3.16
VCW,2024-11-15,0.0,0.11,1000.0,0.03,0.3,-735.0,-39.44,12.43,16591.0,1.75
VCP,2024-11-15,0.0,0.01,0.0,0.0,1.46,2379.0,10.73,30.05,22649.0,1.13
VDG,2024-11-15,2000.0,1.63,0.0,0.0,2.41,0.0,0.0,0.0,0.0,0.0
VCX,2024-11-15,0.0,0.08,0.0,0.0,-0.18,778.0,10.37,10.34,8471.0,0.95
VDB,2024-11-15,0.0,0.0,5336.0,5.93,0.0,1056.0,0.85,0.27,10000.0,0.09
VDL,2024-11-15,0.0,0.67,0.0,0.0,0.07,-830.0,-14.46,97.71,11566.0,1.04
VDS,2024-11-15,130200.0,0.65,0.0,0.0,2.19,1796.0,10.27,15.57,11702.0,1.58
VE1,2024-11-15,0.0,25.57,0.0,0.0,0.98,-341.0,-10.55,86.39,4076.0,0.88
VDP,2024-11-15,0.0,0.2,2500.0,0.07,0.18,3665.0,9.28,7.51,33242.0,1.02
VDN,2024-11-15,0.0,0.0,2000.0,0.11,0.57,0.0,0.0,59.4,0.0,0.0
VDT,2024-11-15,0.0,0.0,1000.0,0.04,0.33,0.0,0.0,18.43,0.0,0.0
VE2,2024-11-15,0.0,0.72,0.0,0.0,0.0,-755.0,-13.24,4.16,1714.0,5.83
VE3,2024-11-15,0.0,0.0,0.0,0.0,-0.05,583.0,12.86,7.61,14544.0,0.52
VEA,2024-11-15,131100.0,1.8,9222.0,0.2,1.73,4839.0,9.46,11.08,22944.0,2.0
VEF,2024-11-15,0.0,0.0,0.0,0.0,1.14,2258.0,83.37,125.45,20051.0,9.39
VE9,2024-11-15,600.0,0.19,0.0,0.0,0.46,-42.0,-44.88,59.27,728.0,2.6
VE4,2024-11-15,0.0,0.0,0.0,0.0,0.0,-1742.0,-148.92,329.21,9806.0,26.45
VEC,2024-11-15,0.0,0.0,0.0,0.0,0.57,-6.0,-1341.07,102.71,12428.0,0.62
VES,2024-11-15,0.0,0.11,0.0,0.0,0.2,-1826.0,-0.77,2500.0,8475.0,0.17
VFG,2024-11-15,2000.0,2.18,3000.0,0.03,0.82,11287.0,7.76,12.18,35574.0,2.46
VFR,2024-11-15,0.0,0.17,0.0,0.0,1.73,2760.0,4.67,24.81,20838.0,0.62
VET,2024-11-15,0.0,0.0,40.0,0.0,0.86,1208.0,15.81,8.04,20379.0,0.94
VFC,2024-11-15,0.0,44.69,800.0,0.01,0.21,650.0,160.86,139.47,20831.0,5.02
VFS,2024-11-15,7600.0,0.38,0.0,0.0,0.71,898.0,16.04,13.92,12938.0,1.11
VGC,2024-11-15,253700.0,3.8,1250.0,0.03,1.52,1312.0,33.0,17.49,18483.0,2.34
VGI,2024-11-15,0.0,0.0,0.0,0.0,3.41,889.0,94.77,46.81,11190.0,7.53
VGG,2024-11-15,0.0,15.07,2500.0,0.05,0.28,6812.0,6.73,10.1,48849.0,0.94
VGP,2024-11-15,0.0,0.0,1300.0,0.05,0.13,2482.0,11.4,13.54,28837.0,0.98
VGR,2024-11-15,5600.0,22.02,8000.0,0.14,0.56,5650.0,10.37,15.44,14681.0,3.99
VGL,2024-11-15,0.0,0.0,1500.0,0.07,0.51,852.0,23.93,12.0,13237.0,1.54
VGS,2024-11-15,93240.0,1.32,0.0,0.0,2.87,1147.0,28.0,32.06,18184.0,1.77
VGT,2024-11-15,0.0,14.02,300.0,0.02,3.23,545.0,26.21,12.99,18293.0,0.78
VHC,2024-11-15,94500.0,28.82,2000.0,0.03,0.96,3996.0,18.47,20.71,40141.0,1.84
VHD,2024-11-15,0.0,0.0,0.0,0.0,-0.26,-6215.0,-2.04,25.73,2223.0,5.71
VHE,2024-11-15,0.0,0.0,0.0,0.0,1.12,88.0,33.0,38.44,10816.0,0.27
VGV,2024-11-15,0.0,6.92,600.0,0.02,0.01,1202.0,24.06,38.63,13075.0,2.21
VHL,2024-11-15,0.0,1.45,0.0,0.0,-0.22,-2055.0,-5.06,-5.15,19503.0,0.53
VHF,2024-11-15,0.0,0.0,345.0,0.02,-2.6,387.0,47.02,52.17,10685.0,1.7
VHH,2024-11-15,0.0,0.0,0.0,0.0,2.88,-648.0,-6.68,12.03,9036.0,0.48
VHG,2024-11-15,0.0,0.39,0.0,0.0,1.82,-38.0,-42.76,482.58,912.0,1.76
VHM,2024-11-15,597000.0,12.97,0.0,0.0,0.78,4691.0,8.6,5.02,49597.0,0.81
VIB,2024-11-15,0.0,5.24,1250.0,0.07,0.89,2795.0,6.51,4.5,13407.0,1.36
VIC,2024-11-15,79500.0,10.31,0.0,0.0,0.43,2492.0,16.33,35.08,42958.0,0.95
VIE,2024-11-15,0.0,0.11,0.0,0.0,-0.89,969.0,4.44,10.07,7184.0,0.6
VID,2024-11-15,0.0,0.79,500.0,0.09,0.0,368.0,14.38,4.8,16571.0,0.32
VIF,2024-11-15,0.0,0.0,921.0,0.05,0.87,1153.0,14.66,18.66,14173.0,1.19
VIG,2024-11-15,0.0,2.48,0.0,0.0,1.28,745.0,7.92,7.88,7962.0,0.74
VIH,2024-11-15,0.0,0.0,300.0,0.03,0.55,54.0,193.83,58.8,11683.0,0.9
VIM,2024-11-15,0.0,0.74,1400.0,0.07,1.06,0.0,0.0,17.86,0.0,0.0
VIP,2024-11-15,2900.0,9.79,1000.0,0.07,1.44,962.0,14.55,12.76,18294.0,0.77
VIN,2024-11-15,0.0,0.21,700.0,0.03,0.18,666.0,30.94,31.84,22041.0,0.93
VIT,2024-11-15,0.0,0.25,0.0,0.0,-0.44,579.0,34.54,33.33,11972.0,1.67
VIX,2024-11-15,915700.0,4.43,0.0,0.0,1.9,1073.0,9.24,13.7,10924.0,0.91
VIR,2024-11-15,0.0,0.01,0.0,0.0,0.31,0.0,0.0,6.97,0.0,0.0
VIW,2024-11-15,0.0,0.0,0.0,0.0,-0.88,5.0,2178.65,21.81,12403.0,0.81
VJC,2024-11-15,17900.0,13.36,0.0,0.0,0.6,3345.0,30.88,51.76,30877.0,3.35
VLA,2024-11-15,0.0,0.0,0.0,0.0,0.54,-1799.0,-7.78,18.65,9310.0,1.5
VKP,2024-11-15,0.0,0.03,0.0,0.0,0.0,-6531.0,-0.08,0.43,1613.0,0.31
X20,2024-11-15,0.0,0.19,600.0,0.06,-0.14,1502.0,6.86,7.02,15130.0,0.68
VKC,2024-11-15,0.0,1.05,0.0,0.0,1.09,-8230.0,-0.12,-0.33,-11426.0,-0.09
VLC,2024-11-15,0.0,0.23,600.0,0.04,1.9,302.0,55.62,16.14,28295.0,0.59
VLB,2024-11-15,0.0,0.0,1900.0,0.05,1.16,4530.0,8.95,14.64,15425.0,2.63
VLF,2024-11-15,0.0,0.2,0.0,0.0,0.57,-121.0,-9.92,0.57,-6952.0,-0.17
VLG,2024-11-15,2000.0,0.29,0.0,0.0,1.21,3180.0,3.17,20.49,12790.0,0.79
VLP,2024-11-15,0.0,0.0,300.0,0.21,0.24,738.0,1.9,2.25,11196.0,0.13
VLW,2024-11-15,0.0,0.19,1622.0,0.05,0.06,2861.0,10.45,10.64,15857.0,1.89
VMA,2024-11-15,0.0,37.64,1000.0,0.28,0.0,0.0,0.0,1.83,10992.0,0.33
VMC,2024-11-15,0.0,0.0,0.0,0.0,0.61,94.0,60.88,12.89,13659.0,0.42
VMD,2024-11-15,0.0,1.27,2000.0,0.11,0.51,1214.0,15.49,8.7,28003.0,0.67
VMK,2024-11-15,0.0,0.0,0.0,0.0,0.01,0.0,0.0,15.54,0.0,0.0
VMS,2024-11-15,0.0,0.0,2140.0,0.12,0.37,1714.0,10.73,8.72,16410.0,1.12
VMG,2024-11-15,0.0,0.7,0.0,0.0,2.83,-626.0,-5.75,9.34,4171.0,0.86
VND,2024-11-15,350500.0,12.37,500.0,0.04,1.61,1783.0,7.85,10.55,12786.0,1.09
VMT,2024-11-15,0.0,0.0,0.0,0.0,-0.02,0.0,0.0,31.83,0.0,0.0
VNC,2024-11-15,0.0,2.71,2500.0,0.06,-0.08,3367.0,11.91,12.03,27005.0,1.48
VNA,2024-11-15,0.0,0.0,0.0,0.0,1.68,2607.0,8.87,13.56,15746.0,1.47
VNB,2024-11-15,0.0,1.05,0.0,0.0,0.73,1076.0,9.79,17.21,15938.0,0.66
VNE,2024-11-15,2400.0,2.49,0.0,0.0,1.08,-1100.0,-3.36,21.91,10866.0,0.34
VNH,2024-11-15,0.0,1.79,0.0,0.0,2.14,1504.0,0.86,0.05,976.0,1.33
VNF,2024-11-15,0.0,0.43,700.0,0.05,-0.04,1985.0,7.81,11.3,19160.0,0.81
VNG,2024-11-15,0.0,0.38,0.0,0.0,0.18,-404.0,-19.66,158.49,11153.0,0.71
VNI,2024-11-15,0.0,0.04,0.0,0.0,0.0,-1163.0,-7.56,2.4,8073.0,1.09
VNM,2024-11-15,178200.0,51.78,3850.0,0.06,0.69,4591.0,14.16,14.49,16864.0,3.85
VNL,2024-11-15,0.0,12.48,1200.0,0.07,0.11,2786.0,5.8,8.62,20296.0,0.8
VNP,2024-11-15,0.0,0.85,0.0,0.0,0.84,338.0,29.56,3228.8,15212.0,0.66
VNR,2024-11-15,1000.0,27.8,1000.0,0.04,0.41,1874.0,12.06,7.42,22905.0,0.99
VNT,2024-11-15,0.0,10.47,0.0,0.0,-0.23,-480.0,-59.58,61.23,12860.0,2.22
VNS,2024-11-15,0.0,12.02,1500.0,0.15,0.27,1254.0,8.17,8.64,16587.0,0.62
VNY,2024-11-15,0.0,0.0,0.0,0.0,-0.7,214.0,33.57,23.4,6125.0,1.18
VNX,2024-11-15,0.0,0.0,15000.0,0.89,-0.27,1280.0,13.12,0.66,0.0,0.0
VNZ,2024-11-15,0.0,49.0,0.0,0.0,1.96,-23311.0,-16.22,55.73,61027.0,6.2
VOC,2024-11-15,0.0,0.0,1200.0,0.07,0.67,1103.0,15.86,62.69,17568.0,1.0
VOS,2024-11-15,377700.0,2.02,0.0,0.0,1.82,3206.0,5.24,7.28,14271.0,1.18
VPB,2024-11-15,2804400.0,25.37,1000.0,0.05,0.95,1679.0,11.32,6.28,17928.0,1.06
VPA,2024-11-15,0.0,0.05,0.0,0.0,-0.09,-2734.0,-1.24,-2.17,-3084.0,-1.1
VPC,2024-11-15,0.0,0.36,0.0,0.0,0.41,-1627.0,-1.04,-2.53,7067.0,0.24
VPD,2024-11-15,0.0,31.12,2000.0,0.07,0.51,1981.0,13.61,21.62,14081.0,1.91
VPI,2024-11-15,1000.0,1.47,0.0,0.0,0.42,1065.0,53.7,47.46,14372.0,3.98
VPH,2024-11-15,0.0,0.58,500.0,0.07,0.92,1773.0,4.0,8.91,12118.0,0.59
VPG,2024-11-15,500.0,0.25,0.0,0.0,1.45,-577.0,-21.39,7.28,17074.0,0.72
VPR,2024-11-15,0.0,14.07,1000.0,0.06,1.06,0.0,0.0,7.16,0.0,0.0
VPS,2024-11-15,0.0,0.05,500.0,0.06,0.01,807.0,10.85,9.73,13495.0,0.65
VRE,2024-11-15,1506300.0,21.23,0.0,0.0,1.08,1795.0,10.09,9.54,17972.0,1.01
X26,2024-11-15,0.0,0.0,1000.0,0.04,1.02,0.0,0.0,5.8,0.0,0.0
VQC,2024-11-15,0.0,3.92,1000.0,0.08,-0.54,1118.0,11.63,3.97,23237.0,0.56
VRC,2024-11-15,0.0,0.15,0.0,0.0,0.94,14.0,605.08,412.5,25219.0,0.34
VPW,2024-11-15,0.0,0.0,383.0,0.04,0.0,0.0,0.0,6.15,0.0,0.0
VRG,2024-11-15,0.0,0.77,3800.0,0.16,1.35,8917.0,2.69,7.5,14639.0,1.64
VSC,2024-11-15,385500.0,2.84,0.0,0.0,1.3,1095.0,16.35,16.04,16035.0,1.12
VSA,2024-11-15,0.0,0.0,3200.0,0.14,0.78,1594.0,14.68,18.74,23891.0,0.98
VSF,2024-11-15,0.0,0.0,0.0,0.0,0.61,50.0,606.89,4185.83,4855.0,6.21
VSE,2024-11-15,0.0,0.95,0.0,0.0,2.76,0.0,0.0,40.48,0.0,0.0
VSG,2024-11-15,0.0,0.42,0.0,0.0,0.2,-3729.0,-0.59,-0.61,-15409.0,-0.14
VSI,2024-11-15,0.0,1.28,1750.0,0.1,-0.25,1401.0,12.49,6.53,14828.0,1.18
VSH,2024-11-15,0.0,11.96,4000.0,0.08,-0.03,1595.0,31.78,23.71,20048.0,2.53
VST,2024-11-15,0.0,0.0,0.0,0.0,0.16,3596.0,0.83,1.24,-10780.0,-0.28
VSM,2024-11-15,0.0,1.56,1200.0,0.06,0.04,3946.0,4.79,4.23,25314.0,0.75
VSN,2024-11-15,0.0,0.0,600.0,0.03,0.64,1331.0,13.58,10.44,15719.0,1.15
VTB,2024-11-15,0.0,1.74,0.0,0.0,-0.21,1037.0,10.03,8.12,17462.0,0.6
VTC,2024-11-15,0.0,9.49,700.0,0.08,0.7,482.0,17.64,11.01,13383.0,0.64
VTA,2024-11-15,0.0,0.17,0.0,0.0,0.47,-3238.0,-1.02,139.75,3688.0,0.9
VTG,2024-11-15,0.0,0.0,0.0,0.0,0.28,326.0,22.38,13.29,9184.0,0.79
VTE,2024-11-15,0.0,0.0,68.0,0.01,0.82,22.0,236.26,39.96,10797.0,0.48
VTD,2024-11-15,0.0,0.0,0.0,0.0,0.49,330.0,19.57,5.09,12636.0,0.51
VTH,2024-11-15,0.0,0.0,0.0,0.0,0.21,1263.0,6.25,4.49,11824.0,0.67
VTI,2024-11-15,0.0,0.0,0.0,0.0,0.0,0.0,0.0,3.68,0.0,0.0
VTK,2024-11-15,800.0,0.26,1500.0,0.02,1.98,997.0,71.74,22.72,21632.0,3.3
VTJ,2024-11-15,0.0,0.14,0.0,0.0,-0.08,-105.0,-45.79,68.4,8473.0,0.57
VTO,2024-11-15,0.0,13.39,800.0,0.06,1.27,1418.0,9.45,12.6,14222.0,0.94
VTM,2024-11-15,0.0,0.0,0.0,0.0,0.0,0.0,0.0,13.49,0.0,0.0
VTL,2024-11-15,0.0,0.0,0.0,0.0,-3.31,-2695.0,-2.41,-7.24,-3218.0,-2.02
VTP,2024-11-15,337600.0,7.67,1500.0,0.01,1.44,2979.0,38.43,37.69,12268.0,9.33
VTR,2024-11-15,0.0,0.0,0.0,0.0,1.39,2032.0,9.48,8.28,16308.0,1.18
VTV,2024-11-15,0.0,0.28,100.0,0.02,0.61,-200.0,-24.01,-57.11,12647.0,0.38
VTQ,2024-11-15,0.0,0.0,0.0,0.0,0.0,-338.0,-113.36,1308.51,7438.0,5.15
VTS,2024-11-15,0.0,0.0,0.0,0.0,0.49,-4181.0,-2.94,-3.1,8323.0,1.48
VTX,2024-11-15,0.0,0.0,0.0,0.0,-0.03,-4818.0,-1.66,181.78,6165.0,1.3
VTZ,2024-11-15,11900.0,1.27,0.0,0.0,1.08,1377.0,11.11,12.28,10882.0,1.41
VVS,2024-11-15,0.0,0.0,0.0,0.0,-0.29,3601.0,4.58,12.68,16089.0,1.03
VVN,2024-11-15,0.0,0.0,0.0,0.0,0.34,-7727.0,-0.54,0.0,-35598.0,-0.12
VUA,2024-11-15,0.0,0.0,0.0,0.0,0.17,-363.0,-34.41,28.25,8382.0,1.49
VW3,2024-11-15,0.0,0.23,800.0,0.08,-0.45,0.0,0.0,9.32,0.0,0.0
VWS,2024-11-15,0.0,0.0,1800.0,0.09,0.02,0.0,0.0,6.88,0.0,0.0
VXB,2024-11-15,0.0,0.02,0.0,0.0,0.05,3164.0,8.88,0.0,8080.0,3.48
VXT,2024-11-15,0.0,0.0,650.0,0.06,0.38,458.0,22.28,12.45,11607.0,0.88
WCS,2024-11-15,0.0,28.44,16000.0,0.06,0.51,29973.0,9.01,9.81,102914.0,2.62
VXP,2024-11-15,0.0,0.0,0.0,0.0,0.0,0.0,0.0,440.67,0.0,0.0
XDH,2024-11-15,0.0,0.0,800.0,0.06,-0.64,687.0,18.19,16.89,19967.0,0.63
WSS,2024-11-15,0.0,2.09,0.0,0.0,1.37,-975.0,-4.82,54.35,9577.0,0.49
X77,2024-11-15,0.0,0.0,0.0,0.0,0.0,0.0,0.0,0.0,0.0,0.0
XHC,2024-11-15,0.0,0.01,0.0,0.0,2.24,2575.0,8.39,8.81,17114.0,1.26
XLV,2024-11-15,0.0,0.0,800.0,0.09,-0.05,0.0,0.0,3.0,0.0,0.0
XMC,2024-11-15,0.0,0.0,700.0,0.11,1.46,736.0,9.02,7.19,12362.0,0.54
XMP,2024-11-15,0.0,0.11,1100.0,0.07,0.47,980.0,15.6,28.76,11972.0,1.28
XMD,2024-11-15,0.0,0.03,0.0,0.0,-0.99,1612.0,3.1,4.3,11841.0,0.42
XPH,2024-11-15,0.0,0.15,0.0,0.0,1.71,-1324.0,-4.31,-11.05,11328.0,0.5
YBC,2024-11-15,0.0,0.03,0.0,0.0,1.1,-4096.0,-2.05,4.91,2806.0,2.99
YBM,2024-11-15,0.0,0.29,500.0,0.05,-0.07,988.0,11.13,8.94,12904.0,0.85
YTC,2024-11-15,0.0,0.0,162.0,0.0,2.8,5659.0,8.52,12.37,19311.0,2.5
YEG,2024-11-15,67500.0,8.78,0.0,0.0,0.89,563.0,20.62,24.45,10472.0,1.11
WTC,2024-11-15,0.0,0.07,1200.0,0.11,0.23,0.0,0.0,7.34,0.0,0.0
WSB,2024-11-15,2200.0,3.04,4000.0,0.08,0.29,4826.0,10.38,11.13,53432.0,0.94
AIG,2024-11-15,200.0,44.56,0.0,0.0,-18.18,4118.0,13.11,0.0,34087.0,1.58
CAR,2024-11-15,0.0,0.01,0.0,0.0,-0.34,246.0,80.76,19.36,11346.0,1.75
DSC,2024-11-15,0.0,0.0,0.0,0.0,1.28,858.0,21.92,19.25,11598.0,1.62
AAH,2024-11-18,0.0,0.0,0.0,0.0,1.72,100.0,35.1,9.39,10100.0,0.35
AAA,2024-11-18,413200.0,2.28,0.0,0.0,1.55,967.0,8.44,8.27,15896.0,0.51
AAM,2024-11-18,0.0,0.92,0.0,0.0,-0.07,-511.0,-13.11,82.72,18914.0,0.35
AAS,2024-11-18,0.0,0.97,0.0,0.0,2.11,339.0,19.0,6.18,10837.0,0.59
A32,2024-11-18,0.0,0.0,3500.0,0.1,1.06,0.0,0.0,5.64,0.0,0.0
AAV,2024-11-18,0.0,0.08,0.0,0.0,1.48,-140.0,-44.92,17.39,11201.0,0.56
ABB,2024-11-18,0.0,16.41,0.0,0.0,0.71,67.0,110.27,7.67,12759.0,0.58
ABI,2024-11-18,14700.0,10.06,1000.0,0.04,1.07,2394.0,10.49,5.68,21353.0,1.18
ABC,2024-11-18,0.0,0.91,500.0,0.04,1.35,1551.0,7.41,8.13,24214.0,0.48
AAT,2024-11-18,0.0,0.82,0.0,0.0,0.68,257.0,13.14,23.94,10117.0,0.33
ABR,2024-11-18,0.0,48.4,2000.0,0.15,0.54,584.0,22.62,15.2,14474.0,0.91
ABT,2024-11-18,0.0,2.3,2000.0,0.05,0.17,6431.0,6.11,7.54,44535.0,0.88
ABS,2024-11-18,0.0,0.0,0.0,0.0,1.0,52.0,72.37,15.16,11513.0,0.33
ACB,2024-11-18,4453600.0,30.0,1000.0,0.04,0.96,3992.0,6.11,6.19,17654.0,1.38
ABW,2024-11-18,0.0,0.66,0.0,0.0,1.6,1016.0,8.01,6.59,14023.0,0.58
ACG,2024-11-18,0.0,38.55,2300.0,0.06,0.77,3263.0,12.38,13.84,27898.0,1.45
ACE,2024-11-18,0.0,0.23,3500.0,0.1,0.36,2069.0,17.45,8.61,20029.0,1.8
ACL,2024-11-18,0.0,2.27,0.0,0.0,0.24,202.0,58.34,7.4,16100.0,0.73
ACC,2024-11-18,0.0,7.7,0.0,0.0,1.01,646.0,21.27,12.99,12588.0,1.09
ACV,2024-11-18,10500.0,3.68,0.0,0.0,1.31,4613.0,25.2,26.99,26223.0,4.43
ACM,2024-11-18,0.0,1.9,0.0,0.0,1.62,-296.0,-1.72,8.67,6575.0,0.08
ACS,2024-11-18,0.0,0.0,0.0,0.0,-0.43,0.0,0.0,18.0,0.0,0.0
ADG,2024-11-18,0.0,46.38,0.0,0.0,0.07,1230.0,8.54,4.2,17034.0,0.62
ADC,2024-11-18,0.0,0.0,1500.0,0.07,0.29,3562.0,5.73,4.23,19715.0,1.03
AFX,2024-11-18,0.0,0.0,0.0,0.0,0.72,922.0,7.76,6.7,13319.0,0.54
AG1,2024-11-18,0.0,0.0,230.0,0.02,0.36,422.0,23.68,5.4,10038.0,1.0
ADP,2024-11-18,0.0,0.83,3550.0,0.12,0.46,3934.0,7.27,13.73,11800.0,2.42
ADS,2024-11-18,0.0,0.13,1000.0,0.11,1.27,433.0,20.34,6.11,12055.0,0.73
AGF,2024-11-18,0.0,0.47,0.0,0.0,0.3,-95.0,-27.39,14.62,-6510.0,-0.4
AGG,2024-11-18,8800.0,0.9,0.0,0.0,1.31,2253.0,6.63,4.68,19924.0,0.75
AGM,2024-11-18,0.0,0.56,0.0,0.0,0.78,-14767.0,-0.22,11.9,-5250.0,-0.62
AGR,2024-11-18,0.0,0.29,700.0,0.04,1.92,585.0,27.95,19.04,11241.0,1.45
AIC,2024-11-18,0.0,75.11,0.0,0.0,1.49,-34.0,-322.68,33.81,10759.0,1.01
AGX,2024-11-18,0.0,1.74,1500.0,0.02,0.39,0.0,0.0,8.34,0.0,0.0
AGP,2024-11-18,0.0,0.0,0.0,0.0,0.25,2040.0,19.0,15.47,16654.0,2.33
ALT,2024-11-18,0.0,0.0,1000.0,0.07,0.45,-262.0,-52.69,12.13,37018.0,0.37
ALV,2024-11-18,0.0,0.34,0.0,0.0,0.99,-233.0,-24.66,5.83,11280.0,0.51
AMC,2024-11-18,0.0,2.87,1300.0,0.08,-0.04,2173.0,7.87,7.85,18084.0,0.95
AME,2024-11-18,0.0,2.24,0.0,0.0,0.69,328.0,15.24,14.26,12214.0,0.41
AMD,2024-11-18,0.0,0.72,0.0,0.0,0.0,-782.0,-1.41,8.99,10588.0,0.1
AMP,2024-11-18,0.0,0.0,0.0,0.0,1.32,278.0,36.72,20.96,13863.0,0.74
AMS,2024-11-18,0.0,35.47,300.0,0.03,1.69,1134.0,8.2,6.67,13358.0,0.7
ANV,2024-11-18,240200.0,0.87,500.0,0.03,1.53,464.0,39.23,7.94,21470.0,0.85
ANT,2024-11-18,0.0,0.0,0.0,0.0,0.52,3330.0,6.91,12.09,15725.0,1.46
APC,2024-11-18,0.0,15.02,0.0,0.0,0.12,-1019.0,-6.48,136.17,28639.0,0.23
AMV,2024-11-18,0.0,0.0,0.0,0.0,1.0,-445.0,-3.59,4.2,12403.0,0.13
APG,2024-11-18,0.0,9.33,0.0,0.0,1.1,-300.0,-30.62,8.61,10887.0,0.85
APF,2024-11-18,0.0,0.0,4500.0,0.09,0.51,6614.0,7.84,10.29,37627.0,1.38
API,2024-11-18,25000.0,0.82,0.0,0.0,2.33,-558.0,-12.73,15.71,10709.0,0.66
APL,2024-11-18,0.0,0.0,1200.0,0.07,0.21,0.0,0.0,8.11,0.0,0.0
APH,2024-11-18,500.0,28.21,0.0,0.0,1.23,511.0,12.29,4.88,24122.0,0.26
APP,2024-11-18,0.0,0.47,0.0,0.0,1.63,-685.0,-11.98,11.08,10089.0,0.81
APT,2024-11-18,0.0,0.0,0.0,0.0,0.5,-2698.0,-1.0,3.71,-7606.0,-0.36
APS,2024-11-18,100.0,1.02,0.0,0.0,1.82,550.0,11.26,10.5,10006.0,0.62
ARM,2024-11-18,0.0,0.11,1000.0,0.03,0.96,974.0,30.48,20.19,12044.0,2.47
ASA,2024-11-18,0.0,0.25,0.0,0.0,0.0,18.0,697.29,15.75,0.0,0.0
ASG,2024-11-18,0.0,0.73,0.0,0.0,0.29,396.0,47.61,73.88,22369.0,0.84
ART,2024-11-18,0.0,0.66,0.0,0.0,0.0,-247.0,-5.25,6.01,1391.0,0.93
ASM,2024-11-18,24900.0,12.45,0.0,0.0,1.33,615.0,14.01,3.99,21836.0,0.39
ASP,2024-11-18,0.0,48.97,0.0,0.0,0.52,196.0,20.88,16.97,7668.0,0.53
AST,2024-11-18,300.0,43.51,1200.0,0.02,0.31,3016.0,18.14,10.7,14435.0,3.79
AVC,2024-11-18,0.0,0.0,8584.0,0.15,0.18,3154.0,17.75,35.75,14976.0,3.74
ATG,2024-11-18,0.0,0.09,0.0,0.0,0.79,-50.0,-44.92,68.1,41.0,54.56
ATS,2024-11-18,0.0,0.15,0.0,0.0,-0.67,51.0,245.43,8.75,12452.0,1.0
ATB,2024-11-18,0.0,0.06,0.0,0.0,1.64,-278.0,-2.17,2.62,2348.0,0.26
ATA,2024-11-18,0.0,0.05,0.0,0.0,2.08,60.0,7.07,0.17,-25217.0,-0.02
AVF,2024-11-18,0.0,0.21,0.0,0.0,0.0,-2388.0,-0.17,1.16,-45240.0,-0.01
AVG,2024-11-18,0.0,0.07,0.0,0.0,1.6,727.0,42.84,44.59,16336.0,1.91
BAL,2024-11-18,0.0,0.08,700.0,0.08,0.24,0.0,0.0,18.12,0.0,0.0
BAF,2024-11-18,6500.0,2.25,0.0,0.0,0.91,1104.0,21.11,18.21,11857.0,1.97
BAB,2024-11-18,0.0,0.0,0.0,0.0,0.49,1213.0,9.56,9.45,12748.0,0.91
BAX,2024-11-18,0.0,16.38,2500.0,0.06,-0.11,3610.0,11.05,15.78,26963.0,1.48
BBC,2024-11-18,0.0,0.73,1500.0,0.03,0.11,7085.0,7.17,8.63,78292.0,0.65
BBS,2024-11-18,0.0,0.53,900.0,0.1,0.27,1423.0,6.6,13.13,17721.0,0.53
BBM,2024-11-18,0.0,0.27,200.0,0.03,0.46,1448.0,5.25,26.62,13753.0,0.55
BBH,2024-11-18,0.0,0.0,200.0,0.01,-0.48,0.0,0.0,57.23,0.0,0.0
BCA,2024-11-18,0.0,0.0,0.0,0.0,2.54,20691.0,0.51,19.96,28219.0,0.37
BBT,2024-11-18,0.0,0.8,0.0,0.0,-0.13,-2060.0,-5.97,14.16,7233.0,1.7
BCB,2024-11-18,0.0,0.0,2919.0,4.17,0.0,28.0,24.84,0.2,10028.0,0.07
BCC,2024-11-18,0.0,0.93,0.0,0.0,1.02,-1082.0,-7.12,5.97,14097.0,0.55
BCF,2024-11-18,0.0,0.0,1800.0,0.05,-0.55,3069.0,13.03,16.95,12222.0,3.27
BCE,2024-11-18,41800.0,1.7,0.0,0.0,0.52,-240.0,-27.18,8.86,8827.0,0.74
BCG,2024-11-18,508600.0,1.19,0.0,0.0,1.4,341.0,18.37,5.79,24196.0,0.26
BCM,2024-11-18,9100.0,2.04,1800.0,0.03,1.06,2796.0,24.32,29.95,19392.0,3.51
BCR,2024-11-18,0.0,0.01,0.0,0.0,2.02,210.0,24.27,5.71,12713.0,0.4
BCV,2024-11-18,0.0,0.0,0.0,0.0,0.0,194.0,111.09,30.71,11704.0,1.84
BDB,2024-11-18,0.0,0.0,800.0,0.1,0.18,648.0,12.19,7.42,11858.0,0.67
BCP,2024-11-18,0.0,3.26,0.0,0.0,0.38,77.0,151.53,116.33,12606.0,0.93
BCO,2024-11-18,0.0,0.0,0.0,0.0,0.0,0.0,0.0,10.32,0.0,0.0
BDG,2024-11-18,0.0,1.42,2500.0,0.07,0.45,5882.0,5.73,8.89,23059.0,1.46
BDW,2024-11-18,0.0,0.05,2550.0,0.1,0.34,3294.0,7.38,6.34,16175.0,1.5
BEL,2024-11-18,0.0,0.0,1000.0,0.03,0.17,3.0,11870.5,36.0,8268.0,3.99
BFC,2024-11-18,7600.0,3.51,2500.0,0.07,1.81,5624.0,6.76,10.34,25337.0,1.5
BDT,2024-11-18,0.0,0.12,648.0,0.09,1.2,152.0,48.02,27.13,14226.0,0.51
BED,2024-11-18,0.0,0.0,2200.0,0.07,-0.06,2128.0,14.47,17.33,13691.0,2.25
BGE,2024-11-18,0.0,0.01,0.0,0.0,2.37,567.0,18.99,15.31,14015.0,0.77
BHG,2024-11-18,0.0,0.0,0.0,0.0,0.0,1745.0,6.3,78.63,11097.0,0.99
BGW,2024-11-18,0.0,0.0,548.0,0.03,0.61,551.0,29.04,25.93,10519.0,1.52
BHC,2024-11-18,0.0,0.9,0.0,0.0,0.59,2.0,769.23,60.71,-17140.0,-0.1
BHA,2024-11-18,0.0,0.03,1250.0,0.06,0.19,2629.0,8.44,23.29,14651.0,1.52
BHI,2024-11-18,0.0,75.02,0.0,0.0,0.3,-21.0,-618.22,131.0,11803.0,1.11
BHK,2024-11-18,0.0,0.01,900.0,0.04,0.09,0.0,0.0,19.06,0.0,0.0
BHN,2024-11-18,0.0,17.57,2700.0,0.07,0.28,1423.0,27.4,44.75,22286.0,1.75
BID,2024-11-18,206500.0,16.99,0.0,0.0,1.16,4201.0,10.64,12.37,24286.0,1.84
BHP,2024-11-18,0.0,0.03,250.0,0.04,-1.57,-461.0,-14.12,21.47,15453.0,0.42
BIC,2024-11-18,23400.0,45.5,1500.0,0.05,1.22,4004.0,8.32,6.51,24106.0,1.38
BIG,2024-11-18,0.0,0.27,0.0,0.0,0.92,0.0,0.0,4.21,0.0,0.0
BII,2024-11-18,0.0,0.0,0.0,0.0,1.39,30.0,23.56,0.79,8971.0,0.08
BKC,2024-11-18,0.0,0.14,0.0,0.0,0.43,2115.0,4.82,23.02,17543.0,0.58
BIO,2024-11-18,0.0,0.0,650.0,0.04,1.25,0.0,0.0,18.1,0.0,0.0
BLF,2024-11-18,0.0,0.0,0.0,0.0,1.56,-370.0,-9.46,8.22,10581.0,0.33
BLT,2024-11-18,0.0,0.02,8800.0,0.23,-0.16,0.0,0.0,24.54,0.0,0.0
BKG,2024-11-18,0.0,0.1,0.0,0.0,0.57,184.0,17.17,9.05,12473.0,0.25
BLN,2024-11-18,0.0,0.01,0.0,0.0,0.0,0.0,0.0,29.69,0.0,0.0
BLI,2024-11-18,0.0,1.03,0.0,0.0,1.05,1122.0,8.25,6.85,14705.0,0.63
BMC,2024-11-18,0.0,5.01,1150.0,0.06,0.63,2152.0,9.29,14.61,18469.0,1.08
BMI,2024-11-18,2200.0,30.26,500.0,0.02,1.04,2303.0,8.81,6.49,22835.0,0.89
BMD,2024-11-18,0.0,0.0,700.0,0.07,1.19,0.0,0.0,5.41,11879.0,0.81
BMJ,2024-11-18,0.0,0.0,0.0,0.0,2.06,465.0,23.42,16.83,11469.0,0.95
BMG,2024-11-18,0.0,19.17,1500.0,0.08,0.09,915.0,21.09,7.3,16974.0,1.14
BMF,2024-11-18,0.0,0.0,0.0,0.0,0.9,826.0,10.72,6.84,11152.0,0.79
BMN,2024-11-18,0.0,0.0,700.0,0.08,-0.04,1693.0,5.08,6.01,10561.0,0.81
BMP,2024-11-18,68700.0,84.15,18340.0,0.15,0.94,12419.0,9.74,9.62,35922.0,3.37
BNA,2024-11-18,0.0,0.0,0.0,0.0,1.06,2260.0,4.2,3.49,21005.0,0.45
BMV,2024-11-18,0.0,0.0,84.0,0.01,0.26,49.0,163.57,59.31,10139.0,0.79
BNW,2024-11-18,0.0,0.0,780.0,0.08,0.0,1314.0,7.0,12.24,11020.0,0.83
BOT,2024-11-18,0.0,0.17,0.0,0.0,1.33,-1227.0,-1.87,27.25,1717.0,1.34
BQB,2024-11-18,0.0,0.48,0.0,0.0,0.58,-230.0,-14.89,10703.13,4431.0,0.77
BPC,2024-11-18,0.0,1.35,200.0,0.02,0.53,67.0,141.83,46.88,24596.0,0.39
BMS,2024-11-18,0.0,0.36,0.0,0.0,2.48,364.0,24.67,9.83,11994.0,0.75
BRR,2024-11-18,0.0,0.0,700.0,0.04,-0.35,1276.0,14.26,15.04,12399.0,1.47
BSA,2024-11-18,0.0,0.0,1980.0,0.09,0.0,478.0,48.08,29.89,14040.0,1.64
BRC,2024-11-18,1000.0,1.29,1100.0,0.08,0.21,1854.0,7.47,8.73,16849.0,0.82
BRS,2024-11-18,0.0,0.0,1400.0,0.07,0.11,-62.0,-316.9,6.01,13744.0,1.43
BSC,2024-11-18,0.0,4.83,0.0,0.0,0.07,727.0,20.07,18.38,12733.0,1.15
BSD,2024-11-18,0.0,0.4,500.0,0.04,1.68,0.0,0.0,186.4,0.0,0.0
BSG,2024-11-18,0.0,0.0,0.0,0.0,0.23,643.0,18.35,18.05,6035.0,1.96
BSH,2024-11-18,0.0,0.31,2000.0,0.09,-0.17,2261.0,10.08,13.5,17702.0,1.29
BSQ,2024-11-18,0.0,0.01,1500.0,0.08,0.14,1996.0,9.96,9.47,18410.0,1.08
BSI,2024-11-18,70400.0,40.14,0.0,0.0,1.88,1868.0,23.18,20.77,22306.0,1.94
BSP,2024-11-18,0.0,0.0,1000.0,0.1,-0.27,324.0,30.73,125.84,14973.0,0.66
BSR,2024-11-18,27800.0,0.65,700.0,0.04,1.82,961.0,19.88,51.61,17940.0,1.07
BST,2024-11-18,0.0,0.22,1300.0,0.1,-0.61,1744.0,7.63,6.97,14033.0,0.95
BT1,2024-11-18,0.0,0.0,800.0,0.06,-0.13,0.0,0.0,9.42,0.0,0.0
BSL,2024-11-18,0.0,0.25,700.0,0.07,0.56,734.0,12.94,12.28,10979.0,0.87
BT6,2024-11-18,0.0,8.28,0.0,0.0,0.0,-1264.0,-2.69,7.01,-29147.0,-0.12
BTB,2024-11-18,300.0,0.01,0.0,0.0,-1.18,401.0,13.46,2053.23,14037.0,0.38
BTG,2024-11-18,0.0,0.0,0.0,0.0,-0.83,205.0,43.51,21.18,15349.0,0.58
BTH,2024-11-18,3000.0,0.02,700.0,0.02,0.51,19685.0,1.74,2.15,29022.0,1.18
BTD,2024-11-18,0.0,0.0,2200.0,0.12,1.14,1443.0,12.96,13.57,39656.0,0.47
BTN,2024-11-18,0.0,0.0,0.0,0.0,0.57,0.0,0.0,-1.5,0.0,0.0
BTP,2024-11-18,300.0,8.64,3272.0,0.27,0.48,502.0,24.12,40.19,17220.0,0.7
BTS,2024-11-18,0.0,0.12,0.0,0.0,0.33,-1217.0,-4.19,-4.96,9278.0,0.55
BTT,2024-11-18,0.0,4.91,3350.0,0.1,0.2,3337.0,10.49,9.01,28086.0,1.25
BTU,2024-11-18,0.0,0.0,1000.0,0.07,0.11,112.0,120.59,7.17,11159.0,1.21
BVB,2024-11-18,0.0,0.08,0.0,0.0,1.62,301.0,36.69,30.49,10933.0,1.01
BTV,2024-11-18,0.0,0.0,0.0,0.0,0.02,1362.0,9.03,9.67,9902.0,1.24
BTW,2024-11-18,1600.0,21.81,2212.0,0.05,-0.4,5995.0,7.26,7.4,28498.0,1.53
BVH,2024-11-18,26400.0,26.64,954.0,0.02,0.84,2570.0,17.28,113.65,31998.0,1.39
BVG,2024-11-18,0.0,0.09,0.0,0.0,0.04,-1385.0,-1.57,9.43,5026.0,0.43
BVL,2024-11-18,0.0,0.0,0.0,0.0,-0.52,430.0,23.53,7.08,14247.0,0.71
BVS,2024-11-18,90400.0,2.69,800.0,0.02,2.66,2556.0,14.55,14.85,34272.0,1.09
BVN,2024-11-18,0.0,0.29,0.0,0.0,-0.56,0.0,0.0,3.91,0.0,0.0
BWE,2024-11-18,3800.0,11.81,0.0,0.0,0.89,3158.0,13.78,13.67,24367.0,1.79
BWA,2024-11-18,0.0,0.0,450.0,0.04,0.69,0.0,0.0,26.02,0.0,0.0
BWS,2024-11-18,0.0,0.81,1000.0,0.03,0.03,2973.0,11.09,13.45,11531.0,2.86
BXH,2024-11-18,0.0,0.0,250.0,0.02,0.86,133.0,116.64,82.78,18085.0,0.86
C12,2024-11-18,0.0,0.0,0.0,0.0,0.0,558.0,5.74,3.88,16475.0,0.19
C22,2024-11-18,0.0,0.0,1000.0,0.06,0.09,0.0,0.0,7.11,0.0,0.0
C21,2024-11-18,0.0,0.08,0.0,0.0,-0.14,-470.0,-36.41,41.33,35675.0,0.48
C32,2024-11-18,0.0,1.08,0.0,0.0,0.12,83.0,205.29,15.97,36027.0,0.47
C47,2024-11-18,0.0,0.04,0.0,0.0,0.57,232.0,25.84,8.72,12125.0,0.49
C69,2024-11-18,5900.0,0.13,0.0,0.0,0.69,260.0,25.03,20.09,13592.0,0.48
C92,2024-11-18,0.0,3.7,0.0,0.0,1.64,180.0,20.19,19.28,11622.0,0.31
C4G,2024-11-18,0.0,0.0,0.0,0.0,1.71,578.0,13.52,11.16,10911.0,0.72
CAD,2024-11-18,0.0,3.45,0.0,0.0,1.81,-4237.0,-0.12,5.24,-71532.0,-0.01
CAP,2024-11-18,0.0,0.0,5000.0,0.11,0.32,2306.0,19.12,9.62,15719.0,2.81
CAB,2024-11-18,0.0,0.0,326.0,0.03,1.18,656.0,16.63,51.46,12277.0,0.89
CAN,2024-11-18,0.0,26.23,1200.0,0.02,-0.51,-190.0,-268.85,28.75,27601.0,1.85
CAG,2024-11-18,0.0,0.0,168.0,0.02,0.59,-26.0,-277.15,22.39,10404.0,0.7
CAT,2024-11-18,0.0,0.0,1000.0,0.05,-0.17,1135.0,16.38,6.48,11104.0,1.68
CC1,2024-11-18,0.0,0.01,0.0,0.0,1.36,764.0,18.33,8.51,12291.0,1.14
CBI,2024-11-18,0.0,0.0,0.0,0.0,-0.91,-826.0,-11.01,78.08,8976.0,1.01
CBS,2024-11-18,0.0,0.0,5500.0,0.18,0.3,0.0,0.0,4.79,0.0,0.0
CC4,2024-11-18,0.0,0.0,500.0,0.04,-0.35,478.0,25.11,23.13,13525.0,0.89
CCA,2024-11-18,0.0,0.0,800.0,0.06,-1.42,237.0,52.75,12.58,18315.0,0.68
CCI,2024-11-18,0.0,2.37,1300.0,0.06,0.1,2079.0,10.29,14.3,15473.0,1.38
CCL,2024-11-18,100.0,0.94,500.0,0.07,2.02,821.0,8.96,7.3,12106.0,0.61
CCC,2024-11-18,0.0,0.0,0.0,0.0,-0.01,753.0,24.58,15.25,14257.0,1.3
CCM,2024-11-18,0.0,0.0,2000.0,0.04,0.04,7621.0,6.31,5.42,37668.0,1.28
CCT,2024-11-18,0.0,0.03,0.0,0.0,-0.88,187.0,62.22,62.71,9455.0,1.23
CCR,2024-11-18,0.0,0.07,450.0,0.03,1.26,678.0,20.35,16.91,11313.0,1.22
CCV,2024-11-18,0.0,0.0,3137.0,0.06,0.18,0.0,0.0,10.64,0.0,0.0
CCP,2024-11-18,0.0,0.0,0.0,0.0,-0.96,-400.0,-81.35,31.2,10849.0,3.0
CDC,2024-11-18,10800.0,1.3,0.0,0.0,0.31,980.0,17.35,7.87,15774.0,1.08
CDH,2024-11-18,0.0,0.0,500.0,0.05,2.21,0.0,0.0,4.8,0.0,0.0
CDN,2024-11-18,0.0,0.0,1400.0,0.05,0.13,3024.0,10.09,8.27,17762.0,1.72
CDP,2024-11-18,0.0,0.0,500.0,0.05,0.06,1009.0,10.8,10.21,11731.0,0.93
CDG,2024-11-18,0.0,0.0,950.0,0.43,0.39,1538.0,1.43,2.1,13099.0,0.17
CDO,2024-11-18,0.0,0.29,0.0,0.0,0.78,-163.0,-11.14,142.52,6573.0,0.28
CDR,2024-11-18,0.0,0.0,500.0,0.04,0.67,0.0,0.0,18.23,0.0,0.0
CEO,2024-11-18,106600.0,4.97,0.0,0.0,2.3,327.0,43.13,50.8,11713.0,1.2
CEN,2024-11-18,0.0,0.0,0.0,0.0,0.42,-3.0,-690.43,64.89,10072.0,0.21
CE1,2024-11-18,0.0,0.0,0.0,0.0,0.0,0.0,0.0,6.05,0.0,0.0
CEG,2024-11-18,0.0,0.0,250.0,0.03,0.0,0.0,0.0,37.24,0.0,0.0
CET,2024-11-18,0.0,0.87,0.0,0.0,-0.2,-29.0,-167.01,6.13,11138.0,0.44
CFM,2024-11-18,0.0,0.53,200.0,0.02,0.55,0.0,0.0,15.55,0.0,0.0
CH5,2024-11-18,0.0,0.0,1100.0,0.07,0.23,0.0,0.0,13.95,0.0,0.0
CFV,2024-11-18,0.0,0.0,0.0,0.0,-1.71,2693.0,8.17,68.03,13496.0,1.63
CHP,2024-11-18,0.0,3.8,2500.0,0.08,0.07,2110.0,15.73,25.01,12258.0,2.71
CHC,2024-11-18,0.0,0.0,0.0,0.0,-1.08,0.0,0.0,25.58,0.0,0.0
CGV,2024-11-18,0.0,0.14,0.0,0.0,3.18,0.0,0.0,19.7,0.0,0.0
CHS,2024-11-18,0.0,3.26,1400.0,0.12,0.69,1429.0,8.31,9.33,12080.0,0.98
CI5,2024-11-18,0.0,0.0,0.0,0.0,-0.39,0.0,0.0,59.25,0.0,0.0
CID,2024-11-18,0.0,2.92,653.0,0.02,-3.18,-105.0,-277.56,0.0,4615.0,6.29
CIA,2024-11-18,0.0,0.95,0.0,0.0,0.62,468.0,20.09,42.99,17764.0,0.53
CIG,2024-11-18,0.0,0.05,0.0,0.0,0.35,168.0,49.26,17.45,4968.0,1.67
CII,2024-11-18,140100.0,5.52,800.0,0.06,1.73,1598.0,8.67,10.27,29499.0,0.47
CKA,2024-11-18,0.0,0.0,5000.0,0.12,0.3,0.0,0.0,6.14,0.0,0.0
CIP,2024-11-18,0.0,0.0,0.0,0.0,-0.37,0.0,0.0,28.35,0.0,0.0
CJC,2024-11-18,0.0,0.27,0.0,0.0,0.0,770.0,33.49,37.53,11219.0,2.3
CKD,2024-11-18,0.0,0.03,1900.0,0.08,0.4,3093.0,7.27,9.06,16901.0,1.33
CK8,2024-11-18,0.0,0.0,0.0,0.0,0.0,0.0,0.0,3.97,0.0,0.0
CKG,2024-11-18,0.0,0.02,0.0,0.0,0.68,1428.0,17.51,16.77,14977.0,1.67
CKV,2024-11-18,0.0,0.19,1100.0,0.09,1.38,477.0,27.04,19.21,18951.0,0.68
CLC,2024-11-18,0.0,2.26,4000.0,0.08,-0.04,6371.0,7.68,10.34,33676.0,1.45
CLG,2024-11-18,0.0,0.53,0.0,0.0,0.0,631.0,0.79,5.44,1254.0,0.4
CLH,2024-11-18,0.0,5.31,2600.0,0.12,0.11,2896.0,7.6,6.6,14923.0,1.47
CLW,2024-11-18,0.0,4.79,1600.0,0.04,0.09,3749.0,12.12,11.76,18787.0,2.42
CLM,2024-11-18,0.0,0.0,3000.0,0.04,0.03,18089.0,4.11,10.19,66093.0,1.12
CLX,2024-11-18,0.0,1.34,700.0,0.05,1.91,2192.0,7.08,7.31,20496.0,0.76
CMC,2024-11-18,0.0,0.0,0.0,0.0,0.26,-300.0,-22.32,6.11,13366.0,0.5
CLL,2024-11-18,0.0,10.59,2600.0,0.07,-0.14,2916.0,12.86,12.81,17679.0,2.12
CMF,2024-11-18,0.0,24.38,5000.0,0.01,0.51,20528.0,16.45,10.69,114829.0,2.94
CMD,2024-11-18,0.0,0.05,3000.0,0.14,0.47,2779.0,7.78,10.2,21739.0,0.99
CMG,2024-11-18,57800.0,38.92,600.0,0.01,1.82,1861.0,31.12,27.22,18091.0,3.2
CMK,2024-11-18,0.0,0.0,0.0,0.0,0.0,1205.0,7.3,11.8,12005.0,0.73
CMP,2024-11-18,0.0,0.0,0.0,0.0,0.0,316.0,25.65,562.11,10779.0,0.75
CMN,2024-11-18,0.0,0.06,2600.0,0.04,1.28,2405.0,27.03,11.56,26231.0,2.48
CMM,2024-11-18,0.0,0.0,0.0,0.0,-0.35,888.0,10.25,10.48,11996.0,0.76
CMI,2024-11-18,0.0,0.38,0.0,0.0,-0.39,-574.0,-1.92,0.87,-6620.0,-0.17
CMT,2024-11-18,0.0,3.43,1000.0,0.07,2.33,3653.0,3.97,4.64,23016.0,0.63
CMS,2024-11-18,0.0,0.0,0.0,0.0,1.0,176.0,58.66,42.77,10965.0,0.94
CMV,2024-11-18,0.0,0.04,400.0,0.04,0.28,695.0,13.1,14.43,13366.0,0.68
CMX,2024-11-18,16900.0,17.2,0.0,0.0,1.6,650.0,11.86,7.48,15180.0,0.51
CMW,2024-11-18,0.0,0.01,441.0,0.03,0.74,1016.0,12.79,14.59,11123.0,1.17
CNC,2024-11-18,2000.0,6.4,4000.0,0.13,0.65,4449.0,6.99,8.62,106196.0,0.29
CNG,2024-11-18,2700.0,2.86,1200.0,0.04,1.44,3124.0,9.83,12.14,17608.0,1.74
CNT,2024-11-18,0.0,0.0,100.0,0.01,2.62,4576.0,2.99,5.83,13594.0,1.0
CNN,2024-11-18,0.0,0.0,1215.0,0.03,1.9,0.0,0.0,26.83,0.0,0.0
CNA,2024-11-18,0.0,0.0,0.0,0.0,0.0,0.0,0.0,0.0,0.0,0.0
CPA,2024-11-18,0.0,0.0,0.0,0.0,-0.36,-396.0,-17.67,-30.32,2293.0,3.05
COM,2024-11-18,0.0,0.21,1500.0,0.05,-0.16,2461.0,12.66,27.49,29945.0,1.04
CPC,2024-11-18,0.0,4.13,1800.0,0.1,0.19,2511.0,7.05,8.66,20846.0,0.85
CPI,2024-11-18,0.0,0.0,0.0,0.0,0.51,45.0,87.13,28.47,-661.0,-5.9
CQT,2024-11-18,0.0,0.0,800.0,0.09,0.37,196.0,46.65,10.13,9735.0,0.94
CQN,2024-11-18,0.0,0.0,1000.0,0.03,0.61,1591.0,18.85,19.36,12712.0,2.36
CPH,2024-11-18,0.0,0.0,1848.0,6.16,0.0,482.0,0.62,0.15,10981.0,0.03
CRE,2024-11-18,0.0,4.03,0.0,0.0,0.77,68.0,99.59,14.23,12186.0,0.55
CSC,2024-11-18,0.0,0.0,0.0,0.0,1.31,1076.0,23.7,7.29,22641.0,1.13
CRC,2024-11-18,0.0,0.16,0.0,0.0,0.44,1407.0,4.75,7.17,13529.0,0.49
CST,2024-11-18,0.0,0.0,2000.0,0.09,1.1,7304.0,2.99,7.17,25057.0,0.87
CSI,2024-11-18,8700.0,33.73,0.0,0.0,3.51,-693.0,-42.92,27.77,10128.0,2.94
CSM,2024-11-18,34800.0,0.82,300.0,0.02,0.8,840.0,14.47,15.74,13043.0,0.93
CT3,2024-11-18,0.0,0.0,0.0,0.0,0.0,0.0,0.0,10.71,0.0,0.0
CSV,2024-11-18,112500.0,3.03,2500.0,0.07,2.06,3950.0,9.51,15.88,13752.0,2.73
CTA,2024-11-18,0.0,0.26,0.0,0.0,0.0,-843.0,-1.66,4.51,4690.0,0.3
CTD,2024-11-18,5320.0,48.99,0.0,0.0,1.38,3259.0,20.25,15.91,83762.0,0.79
CT6,2024-11-18,0.0,0.03,0.0,0.0,-1.43,1506.0,6.04,13.9,10362.0,0.88
CTF,2024-11-18,10800.0,3.41,0.0,0.0,0.29,212.0,129.53,30.67,12085.0,2.27
CTC,2024-11-18,0.0,0.48,0.0,0.0,0.0,-118.0,-11.02,12.84,6632.0,0.2
CTB,2024-11-18,0.0,0.5,2000.0,0.09,0.06,2119.0,10.05,6.48,21659.0,0.98
CTG,2024-11-18,431600.0,26.6,0.0,0.0,1.14,4128.0,8.02,9.2,26254.0,1.26
CTI,2024-11-18,5600.0,0.48,0.0,0.0,1.28,1966.0,8.34,9.39,27447.0,0.6
CTP,2024-11-18,15700.0,0.74,0.0,0.0,1.7,28.0,1174.58,24.88,12261.0,2.68
CTR,2024-11-18,17000.0,9.83,4639.0,0.04,1.69,4639.0,27.91,27.86,14780.0,8.76
CTS,2024-11-18,151500.0,0.54,0.0,0.0,1.85,1382.0,24.63,18.07,14879.0,2.29
CTN,2024-11-18,0.0,1.53,0.0,0.0,0.0,-532.0,-0.94,1.39,-3545.0,-0.14
CTT,2024-11-18,0.0,0.45,1000.0,0.06,0.02,2972.0,5.55,5.17,14107.0,1.17
CTX,2024-11-18,0.0,0.01,0.0,0.0,0.0,130.0,58.56,9.99,12900.0,0.59
CVT,2024-11-18,0.0,0.46,0.0,0.0,0.28,1418.0,17.38,17.73,26528.0,0.93
CVN,2024-11-18,0.0,0.0,0.0,0.0,-0.35,27.0,70.14,0.94,13600.0,0.14
CTW,2024-11-18,0.0,0.0,660.0,0.02,-0.61,3150.0,9.56,14.08,19821.0,1.52
CX8,2024-11-18,0.0,0.0,0.0,0.0,0.69,66.0,100.77,24.74,10507.0,0.64
CYC,2024-11-18,0.0,10.69,0.0,0.0,0.2,-14134.0,-0.18,11.31,5942.0,0.42
D17,2024-11-18,0.0,0.0,2000.0,0.05,0.08,1405.0,30.25,11.64,21967.0,1.93
D2D,2024-11-18,950.0,0.58,8700.0,0.28,0.63,678.0,46.21,21.35,30863.0,1.02
DAC,2024-11-18,0.0,6.46,0.0,0.0,0.31,-4503.0,-1.0,-0.53,1997.0,2.25
D11,2024-11-18,0.0,0.0,0.0,0.0,0.01,487.0,22.19,20.64,25644.0,0.42
DAD,2024-11-18,0.0,0.0,2000.0,0.1,-0.07,2494.0,8.38,6.97,20936.0,1.0
DAE,2024-11-18,0.0,0.0,1200.0,0.08,0.5,1665.0,9.31,7.65,21893.0,0.71
DAG,2024-11-18,0.0,0.86,0.0,0.0,0.63,-889.0,-1.57,8.89,452.0,3.1
DAN,2024-11-18,0.0,0.17,700.0,0.02,-0.05,3012.0,9.56,7.83,36128.0,0.8
DAH,2024-11-18,0.0,0.0,0.0,0.0,0.72,20.0,156.31,25.85,10955.0,0.28
DAT,2024-11-18,0.0,0.01,0.0,0.0,0.24,938.0,7.95,5.16,12654.0,0.59
DAS,2024-11-18,0.0,0.0,1000.0,0.16,0.27,0.0,0.0,5.25,0.0,0.0
DBC,2024-11-18,143900.0,7.99,0.0,0.0,1.49,2151.0,12.13,11.97,19503.0,1.34
DBD,2024-11-18,0.0,14.58,0.0,0.0,0.44,3427.0,14.01,14.04,17448.0,2.75
DBM,2024-11-18,0.0,1.07,1700.0,0.07,0.15,2895.0,8.81,8.25,24723.0,1.03
DBT,2024-11-18,0.0,1.28,0.0,0.0,0.33,987.0,12.62,5.21,14070.0,0.88
DC4,2024-11-18,33100.0,0.51,0.0,0.0,1.05,3744.0,3.23,6.35,13559.0,0.89
DC1,2024-11-18,0.0,0.74,0.0,0.0,-0.44,0.0,0.0,19.53,0.0,0.0
DC2,2024-11-18,0.0,2.4,0.0,0.0,0.32,529.0,11.91,8.91,11047.0,0.57
DCF,2024-11-18,0.0,0.0,0.0,0.0,0.14,1742.0,33.86,38.48,15784.0,3.74
DCG,2024-11-18,0.0,5.25,1500.0,0.13,-0.2,659.0,18.22,4.55,13442.0,0.89
DCL,2024-11-18,0.0,1.12,0.0,0.0,0.64,869.0,30.71,15.27,20316.0,1.31
DCH,2024-11-18,0.0,0.0,100.0,0.01,0.09,0.0,0.0,55.8,0.0,0.0
DCR,2024-11-18,0.0,0.0,0.0,0.0,-0.52,324.0,14.2,29.9,10556.0,0.44
DDG,2024-11-18,0.0,3.69,0.0,0.0,1.52,184.0,15.22,55.89,10090.0,0.28
DCT,2024-11-18,0.0,0.39,0.0,0.0,0.23,-3078.0,-0.16,4.51,-17660.0,-0.03
DCS,2024-11-18,0.0,0.62,0.0,0.0,-0.45,11.0,57.96,17.46,10487.0,0.06
DDH,2024-11-18,0.0,0.0,600.0,0.03,-0.43,0.0,0.0,11.9,0.0,0.0
DDV,2024-11-18,0.0,5.41,600.0,0.03,3.52,1185.0,14.8,20.48,11766.0,1.49
DDM,2024-11-18,0.0,0.11,0.0,0.0,-1.86,-8479.0,-0.22,0.19,-73544.0,-0.03
DDN,2024-11-18,0.0,0.0,0.0,0.0,-0.02,531.0,14.41,24.48,13447.0,0.57
DGC,2024-11-18,183250.0,18.06,6000.0,0.05,1.53,7743.0,14.62,13.87,37235.0,3.04
DFF,2024-11-18,0.0,0.0,0.0,0.0,2.09,-2450.0,-0.74,18.01,6404.0,0.28
DGW,2024-11-18,15800.0,22.63,500.0,0.01,1.57,2333.0,17.66,18.27,13080.0,3.15
DGT,2024-11-18,0.0,0.07,0.0,0.0,1.81,462.0,12.54,11.62,12711.0,0.46
DCM,2024-11-18,6000.0,7.07,2000.0,0.05,1.66,2886.0,12.68,24.38,18690.0,1.96
DFC,2024-11-18,0.0,0.0,2000.0,0.1,-0.63,1565.0,12.78,7.76,24024.0,0.83
DHA,2024-11-18,1600.0,10.17,2000.0,0.05,0.74,4216.0,9.58,15.93,28499.0,1.42
DHC,2024-11-18,300.0,39.27,2000.0,0.06,0.53,3330.0,10.36,9.26,24330.0,1.42
DHG,2024-11-18,1700.0,53.75,7500.0,0.08,0.35,6362.0,15.69,12.08,33726.0,2.96
DHD,2024-11-18,0.0,0.0,300.0,0.01,0.06,1721.0,15.69,23.58,15832.0,1.71
DHB,2024-11-18,0.0,0.0,0.0,0.0,1.92,5835.0,1.38,12.98,2023.0,3.97
DHN,2024-11-18,0.0,0.0,2000.0,0.08,0.0,0.0,0.0,10.63,0.0,0.0
DHT,2024-11-18,700.0,35.99,1000.0,0.01,0.28,792.0,91.15,75.73,13074.0,5.52
DHM,2024-11-18,0.0,0.13,0.0,0.0,0.59,234.0,35.62,23.54,11342.0,0.73
DIC,2024-11-18,0.0,0.33,0.0,0.0,-0.09,-1409.0,-0.7,18.8,-3469.0,-0.29
DHP,2024-11-18,0.0,0.44,1000.0,0.09,-0.32,1456.0,7.9,7.91,18114.0,0.63
DIG,2024-11-18,403900.0,4.59,0.0,0.0,1.47,135.0,147.69,12.08,13035.0,1.53
DKC,2024-11-18,0.0,0.0,1300.0,1.86,0.42,0.0,0.0,0.65,0.0,0.0
DIH,2024-11-18,0.0,0.0,0.0,0.0,0.11,-380.0,-41.57,9.08,17340.0,0.91
DL1,2024-11-18,118000.0,5.98,0.0,0.0,1.15,497.0,12.08,8.39,13959.0,0.43
DLD,2024-11-18,0.0,0.0,0.0,0.0,2.66,-2131.0,-2.67,-9.32,4194.0,1.36
DID,2024-11-18,0.0,0.04,0.0,0.0,0.76,67.0,63.16,66.4,11801.0,0.36
DLG,2024-11-18,44200.0,1.28,0.0,0.0,1.21,-237.0,-7.61,2.99,2149.0,0.84
DLR,2024-11-18,0.0,4.71,0.0,0.0,-0.42,396.0,50.14,151.77,-3875.0,-5.12
DLT,2024-11-18,0.0,0.04,1000.0,0.16,0.0,-37446.0,-0.17,0.28,337805.0,0.02
DNA,2024-11-18,0.0,0.0,1500.0,0.07,0.35,2276.0,9.44,7.56,15346.0,1.4
DMC,2024-11-18,0.0,56.56,2500.0,0.04,0.48,5289.0,12.48,11.46,44221.0,1.49
DMN,2024-11-18,0.0,0.0,0.0,0.0,0.5,458.0,11.24,2.8,12893.0,0.4
DM7,2024-11-18,0.0,0.0,1711.0,0.09,0.46,4004.0,5.0,5.64,18969.0,1.05
DMS,2024-11-18,0.0,0.0,200.0,0.03,0.71,1269.0,6.23,9.88,12103.0,0.65
DNH,2024-11-18,0.0,0.0,2850.0,0.06,0.85,1637.0,30.54,38.95,12663.0,3.95
DNC,2024-11-18,0.0,0.0,2500.0,0.03,-0.24,6468.0,11.95,12.29,16650.0,4.64
DND,2024-11-18,0.0,0.0,0.0,0.0,-0.16,94.0,175.35,237.0,12004.0,1.37
DNE,2024-11-18,0.0,0.0,500.0,0.05,-0.56,573.0,17.12,7.51,10575.0,0.93
DNL,2024-11-18,0.0,0.0,1000.0,0.03,-0.77,6.0,5008.7,22.17,10344.0,2.78
DNM,2024-11-18,0.0,3.5,0.0,0.0,0.15,-11013.0,-0.7,99.65,515.0,14.95
DNN,2024-11-18,0.0,0.0,1700.0,8.5,0.0,1471.0,0.14,0.13,13584.0,0.01
DNT,2024-11-18,0.0,0.0,1000.0,0.03,-0.52,0.0,0.0,23.74,0.0,0.0
DNP,2024-11-18,0.0,0.18,0.0,0.0,0.9,326.0,64.43,40.55,42819.0,0.49
DOC,2024-11-18,0.0,0.0,400.0,0.04,-0.23,0.0,0.0,29.26,0.0,0.0
DNW,2024-11-18,0.0,0.25,1200.0,0.04,0.35,2702.0,12.4,16.21,19787.0,1.69
DOP,2024-11-18,0.0,0.0,1200.0,0.09,-0.06,0.0,0.0,6.96,0.0,0.0
DP1,2024-11-18,0.0,0.0,2300.0,0.06,1.47,6597.0,5.6,8.04,19598.0,1.88
DP2,2024-11-18,0.0,0.0,0.0,0.0,-0.49,-884.0,-3.28,580.0,3939.0,0.74
DP3,2024-11-18,0.0,0.0,3000.0,0.05,0.52,5657.0,10.25,14.5,21804.0,2.66
DPH,2024-11-18,0.0,0.06,1700.0,0.03,-0.2,567.0,89.83,7.87,23699.0,2.15
DPG,2024-11-18,0.0,6.59,1000.0,0.02,2.04,3424.0,15.19,9.54,39777.0,1.31
DPC,2024-11-18,0.0,1.23,0.0,0.0,0.84,-2124.0,-4.71,4.47,11360.0,0.88
DPM,2024-11-18,183300.0,7.56,2000.0,0.06,1.31,1700.0,19.82,24.34,28704.0,1.17
DPP,2024-11-18,0.0,0.0,1200.0,0.06,-0.17,0.0,0.0,6.45,0.0,0.0
DPR,2024-11-18,14300.0,5.05,1500.0,0.04,1.44,2719.0,13.74,14.63,37062.0,1.01
DPS,2024-11-18,0.0,0.34,0.0,0.0,0.0,-217.0,-1.38,0.67,10472.0,0.03
ECI,2024-11-18,0.0,0.0,600.0,0.02,0.02,-4313.0,-5.68,12.86,16630.0,1.47
DRC,2024-11-18,48400.0,9.29,1200.0,0.04,1.42,2259.0,11.95,14.07,16125.0,1.67
DQC,2024-11-18,0.0,0.61,0.0,0.0,0.32,-938.0,-13.33,21.47,32295.0,0.39
DRI,2024-11-18,1500.0,0.11,600.0,0.05,3.22,1393.0,8.58,14.44,7809.0,1.53
DRG,2024-11-18,0.0,0.0,0.0,0.0,1.78,382.0,19.37,84.28,11699.0,0.63
DRH,2024-11-18,0.0,0.91,0.0,0.0,1.15,-955.0,-1.99,47.25,11563.0,0.16
DSE,2024-11-18,32400.0,13.16,0.0,0.0,0.98,748.0,30.49,44.26,12611.0,1.81
DS3,2024-11-18,0.0,0.34,0.0,0.0,-0.27,1452.0,3.51,5.44,7851.0,0.65
DRL,2024-11-18,0.0,2.93,5800.0,0.1,0.15,4884.0,12.29,13.78,11567.0,5.19
DSD,2024-11-18,0.0,0.0,0.0,0.0,0.0,166.0,120.16,77.53,12876.0,1.55
DSG,2024-11-18,0.0,0.17,0.0,0.0,0.88,-608.0,-8.89,-17.17,60.0,90.0
DSN,2024-11-18,0.0,15.75,4000.0,0.07,0.26,8062.0,6.74,6.31,27913.0,1.95
DST,2024-11-18,0.0,0.0,0.0,0.0,1.65,320.0,9.39,31.63,12386.0,0.24
DSP,2024-11-18,0.0,0.0,0.0,0.0,0.15,-31.0,-430.18,519.49,8047.0,1.68
DTA,2024-11-18,0.0,0.2,0.0,0.0,-0.05,95.0,43.3,22.47,11320.0,0.36
DTC,2024-11-18,0.0,0.0,0.0,0.0,0.66,-3624.0,-1.19,-1.43,2041.0,2.11
DTD,2024-11-18,30400.0,0.89,0.0,0.0,2.95,2829.0,9.47,5.67,22744.0,1.18
DTB,2024-11-18,0.0,0.0,1073.0,0.09,-2.69,0.0,0.0,7.25,0.0,0.0
DTE,2024-11-18,0.0,0.0,0.0,0.0,0.03,699.0,7.3,2.0,11282.0,0.45
DTG,2024-11-18,0.0,0.08,0.0,0.0,0.57,3857.0,6.12,5.94,21061.0,1.12
DTI,2024-11-18,0.0,0.0,0.0,0.0,1.59,15.0,146.23,4.14,10059.0,0.21
DTK,2024-11-18,0.0,0.01,400.0,0.03,0.08,883.0,14.37,13.18,12202.0,1.04
DTH,2024-11-18,0.0,0.0,300.0,0.02,-0.14,482.0,28.2,18.15,18177.0,0.75
DTP,2024-11-18,0.0,0.0,1500.0,0.01,0.15,14883.0,9.74,9.05,57321.0,2.53
DUS,2024-11-18,0.0,0.0,0.0,0.0,0.0,6.0,1317.07,-0.97,13641.0,0.59
DTT,2024-11-18,0.0,0.17,800.0,0.04,-0.21,1360.0,15.44,22.83,16000.0,1.31
DTL,2024-11-18,0.0,0.0,0.0,0.0,0.13,-240.0,-43.28,37.58,12543.0,0.83
DVC,2024-11-18,0.0,0.0,600.0,0.05,-0.55,0.0,0.0,7.38,0.0,0.0
DVG,2024-11-18,0.0,0.0,0.0,0.0,-0.86,16.0,78.13,4.59,11196.0,0.11
DVM,2024-11-18,0.0,0.0,0.0,0.0,1.02,1208.0,6.54,6.83,16981.0,0.47
DVN,2024-11-18,0.0,0.0,700.0,0.03,1.65,1943.0,11.76,11.38,14220.0,1.61
DVP,2024-11-18,200.0,14.08,7000.0,0.09,0.31,8235.0,9.36,8.94,35678.0,2.16
DVW,2024-11-18,0.0,0.0,2000.0,0.1,0.2,0.0,0.0,6.11,0.0,0.0
DWS,2024-11-18,0.0,0.0,600.0,0.05,0.01,1715.0,7.14,7.17,13663.0,0.9
DWC,2024-11-18,0.0,0.0,0.0,0.0,-0.32,1267.0,8.05,28.4,11019.0,0.93
DXG,2024-11-18,650200.0,18.39,0.0,0.0,1.87,209.0,77.45,9.72,21694.0,0.74
DXP,2024-11-18,0.0,0.0,500.0,0.04,1.34,1022.0,11.65,9.51,14106.0,0.84
DXS,2024-11-18,97200.0,18.55,0.0,0.0,1.47,-17.0,-398.0,1.87,14291.0,0.47
DXL,2024-11-18,0.0,1.86,125.0,0.01,-0.2,6197.0,1.87,57.39,12237.0,0.95
DZM,2024-11-18,0.0,9.71,0.0,0.0,0.0,-212.0,-13.69,8.4,-872.0,-3.33
DXV,2024-11-18,0.0,0.54,0.0,0.0,0.53,-994.0,-3.99,-5.55,9965.0,0.4
E12,2024-11-18,0.0,0.0,0.0,0.0,1.5,-2352.0,-2.59,2.09,9859.0,0.62
E29,2024-11-18,0.0,0.0,500.0,0.07,0.13,39.0,191.91,8.61,10048.0,0.74
E1VFVN30,2024-11-18,210500.0,87.44,0.0,0.0,0.0,0.0,0.0,0.0,0.0,0.0
ECO,2024-11-18,0.0,0.0,0.0,0.0,2.19,322.0,44.96,0.0,10921.0,1.33
EBS,2024-11-18,0.0,0.66,800.0,0.07,1.21,1573.0,6.87,10.51,15389.0,0.7
EFI,2024-11-18,0.0,0.03,0.0,0.0,0.32,48.0,29.0,15.26,15037.0,0.09
ELC,2024-11-18,32100.0,3.09,0.0,0.0,1.83,772.0,34.33,20.44,14173.0,1.87
EID,2024-11-18,0.0,0.0,1400.0,0.05,0.26,5174.0,5.22,6.33,30461.0,0.89
EIC,2024-11-18,0.0,0.0,1700.0,0.07,-1.66,1399.0,16.51,23.95,11962.0,1.93
EIB,2024-11-18,229300.0,3.08,300.0,0.02,0.52,1547.0,11.63,6.07,12979.0,1.39
EME,2024-11-18,0.0,0.0,700.0,0.03,-1.84,0.0,0.0,17.08,0.0,0.0
EIN,2024-11-18,0.0,0.0,0.0,0.0,0.74,-136.0,-18.39,113.53,8765.0,0.29
EVE,2024-11-18,700.0,66.98,500.0,0.05,0.95,-784.0,-13.32,7.31,22435.0,0.47
EMS,2024-11-18,0.0,0.0,1000.0,0.04,0.56,3066.0,9.04,8.39,13930.0,1.99
EPH,2024-11-18,0.0,0.24,1300.0,0.08,0.83,-331.0,-48.62,4.47,11203.0,1.44
EVG,2024-11-18,18500.0,0.48,0.0,0.0,2.08,178.0,33.06,13.39,13233.0,0.45
EVS,2024-11-18,0.0,0.37,0.0,0.0,1.58,52.0,97.87,7.84,11860.0,0.43
EVF,2024-11-18,32700.0,0.62,0.0,0.0,1.67,754.0,13.92,12.64,12603.0,0.83
FCC,2024-11-18,0.0,0.0,0.0,0.0,0.0,0.0,0.0,99.95,0.0,0.0
FBC,2024-11-18,0.0,0.0,20000.0,5.41,0.0,929.0,3.98,0.23,17627.0,0.21
FCM,2024-11-18,0.0,2.94,0.0,0.0,1.01,-41.0,-77.44,9.44,11717.0,0.27
FCN,2024-11-18,0.0,31.24,100.0,0.01,0.94,-204.0,-61.3,32.8,21215.0,0.59
FCS,2024-11-18,0.0,0.0,0.0,0.0,2.19,-17.0,-467.18,183.25,2090.0,3.78
FHN,2024-11-18,0.0,0.0,400.0,0.03,0.1,141.0,99.87,19.23,15962.0,0.88
FGL,2024-11-18,0.0,0.0,0.0,0.0,0.27,-1100.0,-9.18,-25.27,1373.0,7.36
FDC,2024-11-18,0.0,0.02,0.0,0.0,-0.15,26.0,612.09,120.6,11571.0,1.38
EMG,2024-11-18,0.0,0.0,1500.0,0.06,-0.03,0.0,0.0,5.19,0.0,0.0
EPC,2024-11-18,0.0,0.0,0.0,0.0,0.55,0.0,0.0,23.43,0.0,0.0
FID,2024-11-18,0.0,0.0,0.0,0.0,-0.31,-180.0,-7.22,26.78,10666.0,0.12
FHS,2024-11-18,0.0,0.0,1800.0,0.06,0.43,4509.0,6.92,5.68,15897.0,1.96
FIC,2024-11-18,0.0,0.0,500.0,0.04,-1.47,448.0,31.4,23.32,12568.0,1.12
FIR,2024-11-18,0.0,0.17,0.0,0.0,0.12,25.0,179.59,3.65,11544.0,0.39
FIT,2024-11-18,0.0,0.03,0.0,0.0,0.83,461.0,9.04,5.24,17469.0,0.24
FMC,2024-11-18,0.0,31.02,2000.0,0.04,0.58,4251.0,10.87,9.44,34848.0,1.33
FLC,2024-11-18,0.0,2.16,0.0,0.0,0.0,-2649.0,-1.32,2.82,11190.0,0.31
FOC,2024-11-18,35.0,0.88,2000.0,0.02,2.16,7795.0,10.76,7.38,42855.0,1.96
FOX,2024-11-18,0.0,0.0,2000.0,0.02,1.91,5627.0,17.33,13.68,20705.0,4.71
FPT,2024-11-18,1122571.0,45.91,1000.0,0.01,1.02,5652.0,23.69,17.98,24213.0,5.53
FRT,2024-11-18,72300.0,37.4,0.0,0.0,0.86,775.0,214.29,180.93,14614.0,11.36
FRM,2024-11-18,0.0,0.0,426.0,0.1,0.09,117.0,34.92,18.45,11343.0,0.36
FT1,2024-11-18,0.0,1.52,3700.0,0.08,0.1,0.0,0.0,6.49,0.0,0.0
FRC,2024-11-18,0.0,0.0,0.0,0.0,-0.31,8.0,3813.33,12.26,11678.0,2.45
FSO,2024-11-18,0.0,0.0,0.0,0.0,0.0,0.0,0.0,41.49,0.0,0.0
FTI,2024-11-18,0.0,0.0,0.0,0.0,0.0,-331.0,-11.18,70.72,8688.0,0.43
FTS,2024-11-18,251800.0,30.45,500.0,0.01,1.82,1822.0,22.23,29.5,12940.0,3.13
FTM,2024-11-18,0.0,0.55,0.0,0.0,-1.08,-2591.0,-0.27,5.92,-15777.0,-0.05
FUCTVGF5,2024-11-18,0.0,0.46,0.0,0.0,0.0,0.0,0.0,0.0,0.0,0.0
FUCTVGF4,2024-11-18,0.0,0.0,0.0,0.0,0.0,0.0,0.0,0.0,0.0,0.0
FUCTVGF3,2024-11-18,0.0,0.0,0.0,0.0,0.0,0.0,0.0,0.0,0.0,0.0
FUCVREIT,2024-11-18,0.0,1.62,0.0,0.0,0.0,0.0,0.0,0.0,0.0,0.0
FUEFCV50,2024-11-18,0.0,1.81,0.0,0.0,0.0,0.0,0.0,0.0,0.0,0.0
GSM,2024-11-18,0.0,0.0,2000.0,0.08,1.03,1700.0,14.09,26.92,16119.0,1.49
FUEABVND,2024-11-18,0.0,0.0,0.0,0.0,0.0,0.0,0.0,0.0,0.0,0.0
FUEBFVND,2024-11-18,0.0,0.0,0.0,0.0,0.0,0.0,0.0,0.0,0.0,0.0
FUEDCMID,2024-11-18,35500.0,82.2,0.0,0.0,0.0,0.0,0.0,0.0,0.0,0.0
FUEKIV30,2024-11-18,100.0,96.82,0.0,0.0,0.0,0.0,0.0,0.0,0.0,0.0
FUEIP100,2024-11-18,0.0,2.22,0.0,0.0,0.0,0.0,0.0,0.0,0.0,0.0
FUEKIVFS,2024-11-18,1600.0,86.9,0.0,0.0,0.0,0.0,0.0,0.0,0.0,0.0
FUEKIVND,2024-11-18,25500.0,98.39,0.0,0.0,0.0,0.0,0.0,0.0,0.0,0.0
FUESSV30,2024-11-18,1200.0,33.18,0.0,0.0,0.0,0.0,0.0,0.0,0.0,0.0
FUEMAVND,2024-11-18,2200.0,93.06,0.0,0.0,0.0,0.0,0.0,0.0,0.0,0.0
FUEMAV30,2024-11-18,2300.0,89.68,0.0,0.0,0.0,0.0,0.0,0.0,0.0,0.0
FUESSVFL,2024-11-18,1300.0,50.81,0.0,0.0,0.0,0.0,0.0,0.0,0.0,0.0
G20,2024-11-18,0.0,0.14,0.0,0.0,0.26,-1835.0,-0.31,3.11,4322.0,0.13
FUEVN100,2024-11-18,0.0,6.97,0.0,0.0,0.0,0.0,0.0,0.0,0.0,0.0
G36,2024-11-18,0.0,0.0,0.0,0.0,1.53,524.0,12.24,62.14,10872.0,0.59
FUEVFVND,2024-11-18,436600.0,93.66,0.0,0.0,0.0,0.0,0.0,0.0,0.0,0.0
GAS,2024-11-18,378800.0,1.83,6000.0,0.09,0.61,4831.0,14.2,27.72,25465.0,2.69
GAB,2024-11-18,0.0,0.31,0.0,0.0,0.0,-447.0,-438.93,975.71,10052.0,19.54
GCB,2024-11-18,0.0,0.0,0.0,0.0,0.0,577.0,31.18,5.89,16405.0,1.1
GEE,2024-11-18,0.0,0.02,1000.0,0.03,1.55,3739.0,8.84,11.01,22208.0,1.49
GDW,2024-11-18,0.0,6.29,1400.0,0.05,-0.94,1533.0,18.27,5.85,18294.0,1.53
GEG,2024-11-18,15100.0,53.7,0.0,0.0,1.56,318.0,33.81,16.82,16249.0,0.66
GDT,2024-11-18,1600.0,10.51,1000.0,0.04,0.91,2516.0,11.29,10.29,14388.0,1.97
GER,2024-11-18,0.0,0.01,400.0,0.03,-0.12,-417.0,-30.92,20.07,10618.0,1.21
GCF,2024-11-18,100.0,0.01,0.0,0.0,-0.6,1957.0,11.92,13.68,13868.0,1.68
GEX,2024-11-18,244700.0,6.55,0.0,0.0,1.48,1217.0,15.12,8.23,26275.0,0.7
GGG,2024-11-18,0.0,2.09,0.0,0.0,-0.62,-634.0,-5.99,1.86,-1559.0,-2.44
GH3,2024-11-18,0.0,0.0,430.0,0.07,0.0,0.0,0.0,10.54,0.0,0.0
GIC,2024-11-18,200.0,10.4,1200.0,0.08,-0.01,1505.0,9.83,10.87,19725.0,0.75
GIL,2024-11-18,40700.0,1.44,0.0,0.0,1.62,1489.0,13.64,14.2,36552.0,0.56
GLC,2024-11-18,0.0,0.0,0.0,0.0,0.0,-1455.0,-6.87,-6.72,704.0,14.2
GLW,2024-11-18,0.0,0.0,300.0,0.03,0.21,658.0,13.98,14.88,10868.0,0.85
GLT,2024-11-18,0.0,0.0,1500.0,0.06,0.14,152.0,176.65,15.7,15233.0,1.77
GMA,2024-11-18,0.0,0.0,0.0,0.0,-0.15,853.0,62.82,536.0,23805.0,2.25
GMC,2024-11-18,0.0,6.89,0.0,0.0,-0.24,-480.0,-16.66,6.6,11772.0,0.68
GMD,2024-11-18,204300.0,48.92,2200.0,0.03,0.89,4260.0,15.45,12.12,33909.0,1.94
GKM,2024-11-18,0.0,0.01,0.0,0.0,0.19,683.0,10.1,3.61,10861.0,0.64
GND,2024-11-18,0.0,0.25,2000.0,0.07,-0.33,508.0,57.03,10.02,15590.0,1.86
GMX,2024-11-18,0.0,6.3,2400.0,0.13,-0.07,1990.0,9.3,7.09,13217.0,1.4
GPC,2024-11-18,0.0,0.0,0.0,0.0,1.96,1171.0,2.4,3.65,14352.0,0.2
GDA,2024-11-18,0.0,20.63,2000.0,0.07,2.41,2966.0,9.28,10.53,34078.0,0.81
GSP,2024-11-18,0.0,0.7,0.0,0.0,0.86,1839.0,6.96,9.35,13681.0,0.94
GHC,2024-11-18,1800.0,3.97,3000.0,0.11,0.48,3278.0,8.61,9.47,22485.0,1.26
GMH,2024-11-18,0.0,0.72,1000.0,0.12,0.67,410.0,19.87,8.15,10654.0,0.76
GTA,2024-11-18,0.0,0.15,550.0,0.05,0.84,937.0,11.31,12.88,16125.0,0.66
GTT,2024-11-18,0.0,0.12,0.0,0.0,0.0,-2979.0,-0.1,-0.08,-24716.0,-0.01
GVR,2024-11-18,321378.0,0.37,650.0,0.02,2.3,862.0,35.97,36.08,14339.0,2.16
GVT,2024-11-18,0.0,0.02,3600.0,0.05,0.02,1034.0,75.4,15.61,12607.0,6.19
H11,2024-11-18,0.0,0.23,0.0,0.0,0.93,0.0,0.0,0.02,0.0,0.0
HAC,2024-11-18,0.0,0.63,0.0,0.0,1.46,336.0,30.15,7.77,9243.0,1.09
HAD,2024-11-18,0.0,11.6,1200.0,0.07,0.12,1833.0,9.0,14.64,19038.0,0.87
HAH,2024-11-18,323900.0,11.32,0.0,0.0,1.02,3939.0,12.06,19.88,29864.0,1.59
HAG,2024-11-18,743700.0,2.71,0.0,0.0,0.97,1851.0,6.37,9.45,8473.0,1.39
HAI,2024-11-18,0.0,1.18,0.0,0.0,0.0,-57.0,-26.23,34.25,9941.0,0.15
GTS,2024-11-18,0.0,0.0,800.0,0.08,0.3,996.0,10.14,12.45,11013.0,0.92
HAF,2024-11-18,0.0,0.0,0.0,0.0,-0.31,-509.0,-24.03,16.05,10391.0,1.18
HAM,2024-11-18,0.0,0.0,1000.0,0.03,0.45,0.0,0.0,7.23,0.0,0.0
HAR,2024-11-18,800.0,2.57,0.0,0.0,1.34,90.0,36.16,17.1,11229.0,0.29
HAS,2024-11-18,0.0,15.33,50.0,0.01,0.53,-553.0,-14.82,13.12,16921.0,0.48
HAN,2024-11-18,0.0,0.0,300.0,0.03,1.6,432.0,23.64,31.77,11469.0,0.89
GTD,2024-11-18,0.0,0.0,0.0,0.0,0.05,0.0,0.0,827.91,0.0,0.0
HBC,2024-11-18,0.0,10.44,0.0,0.0,1.32,2921.0,1.66,3.89,4739.0,1.02
HAT,2024-11-18,0.0,5.06,3000.0,0.07,-0.88,8247.0,5.1,7.04,24476.0,1.72
HAV,2024-11-18,0.0,0.0,0.0,0.0,1.2,0.0,0.0,2092.11,0.0,0.0
HAX,2024-11-18,86200.0,16.49,300.0,0.02,1.24,1145.0,13.45,8.27,12601.0,1.22
HBS,2024-11-18,1900.0,0.17,2000.0,0.3,1.74,437.0,15.34,4.81,10960.0,0.61
HBD,2024-11-18,0.0,0.47,1400.0,0.08,0.25,1348.0,12.98,9.89,14685.0,1.19
HBH,2024-11-18,0.0,2.01,0.0,0.0,-1.1,-130.0,-44.52,96.27,9842.0,0.59
HAP,2024-11-18,0.0,2.21,0.0,0.0,0.79,118.0,36.04,9.13,11694.0,0.36
HCB,2024-11-18,0.0,0.0,2000.0,0.07,-0.29,0.0,0.0,6.07,0.0,0.0
HCC,2024-11-18,0.0,13.05,1200.0,0.1,-0.08,1634.0,7.34,5.67,12707.0,0.94
HC3,2024-11-18,0.0,0.2,2000.0,0.08,-2.35,2016.0,13.15,12.18,34399.0,0.77
HCM,2024-11-18,687250.0,45.42,1178.0,0.04,1.83,1680.0,15.71,16.04,14286.0,1.85
HCT,2024-11-18,0.0,0.38,0.0,0.0,0.0,-883.0,-10.87,40.33,18880.0,0.51
HCI,2024-11-18,0.0,0.0,0.0,0.0,0.0,0.0,0.0,23.02,0.0,0.0
HD2,2024-11-18,0.0,0.06,0.0,0.0,0.68,1854.0,9.8,47.89,16430.0,1.11
HC1,2024-11-18,0.0,0.0,1000.0,0.1,0.67,482.0,20.14,6.33,24076.0,0.4
HCD,2024-11-18,0.0,0.0,0.0,0.0,0.94,1450.0,5.96,5.25,12906.0,0.67
HD6,2024-11-18,0.0,0.0,0.0,0.0,1.36,1156.0,11.7,4.54,20843.0,0.65
HD8,2024-11-18,0.0,0.0,1300.0,0.16,0.04,0.0,0.0,112.5,0.0,0.0
HDB,2024-11-18,2636000.0,17.54,1000.0,0.04,1.09,4478.0,5.52,5.7,18398.0,1.34
HDC,2024-11-18,35550.0,3.01,0.0,0.0,1.53,790.0,31.01,10.31,12728.0,1.92
HDG,2024-11-18,249600.0,15.6,500.0,0.02,1.82,2305.0,11.84,9.45,22465.0,1.22
HDM,2024-11-18,0.0,0.06,4000.0,0.12,0.82,5194.0,6.48,6.15,21015.0,1.6
HDA,2024-11-18,0.0,0.0,0.0,0.0,0.62,-75.0,-50.45,6.56,12068.0,0.31
HDS,2024-11-18,0.0,0.0,0.0,0.0,0.0,41.0,201.7,20.03,10224.0,0.81
HDP,2024-11-18,0.0,0.0,1200.0,0.06,-0.02,434.0,46.15,13.25,13684.0,1.46
HEJ,2024-11-18,0.0,0.0,0.0,0.0,0.01,0.0,0.0,63.61,0.0,0.0
HEC,2024-11-18,0.0,0.0,4500.0,0.08,0.16,0.0,0.0,7.47,0.0,0.0
HEP,2024-11-18,0.0,0.72,1039.0,0.06,-0.1,0.0,0.0,7.27,0.0,0.0
HES,2024-11-18,0.0,0.0,0.0,0.0,0.17,515.0,92.18,31.7,12500.0,3.8
HFB,2024-11-18,0.0,0.0,850.0,0.1,-1.11,0.0,0.0,11.64,0.0,0.0
HFX,2024-11-18,0.0,0.0,0.0,0.0,-1.39,0.0,0.0,4.95,0.0,0.0
HFC,2024-11-18,0.0,0.0,0.0,0.0,2.82,0.0,0.0,7.3,0.0,0.0
HGM,2024-11-18,0.0,0.2,6500.0,0.04,-0.21,11214.0,13.2,37.3,25910.0,5.71
HGT,2024-11-18,0.0,49.0,0.0,0.0,-1.1,3537.0,2.88,59.82,10695.0,0.95
HHC,2024-11-18,0.0,0.22,0.0,0.0,-0.63,2916.0,38.07,26.05,38597.0,2.88
HDO,2024-11-18,0.0,0.44,0.0,0.0,0.0,-6236.0,-0.06,4.52,-9279.0,-0.04
HEV,2024-11-18,0.0,2.34,0.0,0.0,-0.09,-1208.0,-18.13,43.8,12209.0,1.79
HHP,2024-11-18,0.0,6.79,0.0,0.0,0.71,202.0,44.13,17.12,11869.0,0.75
HHG,2024-11-18,0.0,0.2,0.0,0.0,2.4,-991.0,-1.41,9.18,2677.0,0.52
HDW,2024-11-18,0.0,0.04,792.0,0.06,-0.98,1508.0,9.28,9.92,14083.0,0.99
HHN,2024-11-18,0.0,0.0,1200.0,2.4,0.0,0.0,0.0,0.55,0.0,0.0
HHV,2024-11-18,234800.0,7.99,0.0,0.0,1.33,672.0,15.92,11.45,15744.0,0.68
HIG,2024-11-18,0.0,0.0,0.0,0.0,0.34,375.0,23.48,9.93,19356.0,0.45
HHS,2024-11-18,309700.0,5.35,0.0,0.0,1.73,1325.0,5.31,8.62,12984.0,0.54
HII,2024-11-18,0.0,0.85,0.0,0.0,0.74,64.0,68.83,3.51,13391.0,0.33
HIO,2024-11-18,0.0,0.04,0.0,0.0,0.7,927.0,11.21,11.02,11972.0,0.87
HKB,2024-11-18,0.0,0.82,0.0,0.0,2.26,-1137.0,-0.59,-3.0,1981.0,0.34
HJC,2024-11-18,0.0,0.0,0.0,0.0,-0.14,1109.0,5.32,7.15,13952.0,0.42
HJS,2024-11-18,0.0,0.62,2200.0,0.07,0.28,2519.0,13.06,16.26,14984.0,2.2
HKT,2024-11-18,0.0,0.26,0.0,0.0,0.59,151.0,56.99,10.55,11722.0,0.73
HLA,2024-11-18,0.0,0.12,0.0,0.0,0.0,-3771.0,-0.11,0.4,-46986.0,-0.01
HLB,2024-11-18,0.0,0.0,9000.0,0.03,-0.57,0.0,0.0,9.61,0.0,0.0
HLD,2024-11-18,0.0,4.22,0.0,0.0,0.5,113.0,236.27,213.55,21271.0,1.26
HLC,2024-11-18,0.0,9.68,800.0,0.07,0.92,2946.0,4.11,3.1,15457.0,0.78
HLO,2024-11-18,0.0,39.35,0.0,0.0,0.15,0.0,0.0,18.94,0.0,0.0
HLS,2024-11-18,0.0,0.0,1000.0,0.06,0.0,0.0,0.0,12.93,0.0,0.0
HLT,2024-11-18,0.0,0.0,0.0,0.0,0.05,16.0,777.01,15.03,19390.0,0.63
HLY,2024-11-18,0.0,1.56,0.0,0.0,0.45,-4613.0,-3.58,-1.91,609064.0,0.03
HMG,2024-11-18,0.0,0.0,800.0,0.07,0.0,2043.0,5.68,10.44,11124.0,1.04
HMC,2024-11-18,0.0,0.44,800.0,0.07,0.72,1071.0,10.13,18.51,14436.0,0.75
HMH,2024-11-18,0.0,0.45,0.0,0.0,-0.43,1211.0,12.22,24.42,17006.0,0.87
HID,2024-11-18,0.0,0.58,0.0,0.0,0.68,269.0,9.94,11.49,11890.0,0.22
HMS,2024-11-18,0.0,0.0,800.0,0.02,0.7,0.0,0.0,11.84,0.0,0.0
HMR,2024-11-18,0.0,0.0,968.0,0.09,0.51,983.0,10.68,7.37,13329.0,0.79
HNG,2024-11-18,0.0,1.61,0.0,0.0,2.12,-1043.0,-4.6,-44.27,1677.0,2.86
HNF,2024-11-18,0.0,0.09,7000.0,0.25,0.39,4996.0,5.64,12.38,21722.0,1.3
HNA,2024-11-18,0.0,0.0,0.0,0.0,-0.18,1086.0,23.76,33.73,13367.0,1.93
HND,2024-11-18,0.0,0.02,1102.0,0.08,0.99,613.0,21.16,17.34,12223.0,1.06
HNB,2024-11-18,0.0,0.29,650.0,0.06,1.74,740.0,15.82,7.91,10688.0,1.09
HNI,2024-11-18,0.0,0.0,1500.0,0.06,0.79,2990.0,7.72,17.16,17586.0,1.31
HNM,2024-11-18,0.0,0.0,0.0,0.0,0.85,605.0,14.19,7.94,10579.0,0.81
HNP,2024-11-18,0.0,2.67,500.0,0.03,-0.01,0.0,0.0,22.63,12531.0,1.44
HNR,2024-11-18,0.0,45.57,0.0,0.0,0.0,-586.0,-20.49,-10.62,17417.0,0.69
HOM,2024-11-18,500.0,0.81,0.0,0.0,0.06,-783.0,-4.73,-2.65,12195.0,0.3
HPG,2024-11-18,1453630.0,22.1,0.0,0.0,0.98,2028.0,12.77,16.57,17476.0,1.48
HOT,2024-11-18,0.0,0.0,0.0,0.0,-0.86,1164.0,11.07,20.44,6650.0,1.94
HPD,2024-11-18,0.0,10.18,1000.0,0.04,0.18,1027.0,22.28,9.53,13296.0,1.72
HPB,2024-11-18,0.0,0.08,1500.0,0.08,-0.2,4007.0,4.62,21.75,21939.0,0.84
HPP,2024-11-18,200.0,23.53,3000.0,0.04,0.34,0.0,0.0,6.03,0.0,0.0
HPI,2024-11-18,0.0,0.0,0.0,0.0,-0.06,1416.0,10.45,36.75,6791.0,2.18
HPH,2024-11-18,0.0,0.0,0.0,0.0,0.17,0.0,0.0,18.36,0.0,0.0
HPM,2024-11-18,0.0,1.28,0.0,0.0,0.05,3228.0,2.69,2.2,10000.0,0.87
HPT,2024-11-18,0.0,3.47,1200.0,0.06,0.86,34.0,575.84,6.51,3553.0,5.46
HPW,2024-11-18,0.0,0.12,850.0,0.05,0.75,1455.0,11.07,12.78,14246.0,1.13
HPX,2024-11-18,171500.0,0.29,0.0,0.0,1.54,418.0,11.12,13.47,11948.0,0.39
HQC,2024-11-18,75700.0,0.6,0.0,0.0,0.96,54.0,56.55,1.76,9398.0,0.33
HRC,2024-11-18,0.0,0.6,0.0,0.0,-0.49,640.0,60.36,214.22,18163.0,2.13
HRB,2024-11-18,0.0,0.0,3050.0,0.05,0.0,0.0,0.0,27.89,0.0,0.0
HSG,2024-11-18,383400.0,10.68,500.0,0.03,1.69,827.0,22.25,28.34,17573.0,1.05
HSA,2024-11-18,0.0,0.0,0.0,0.0,0.0,9841.0,3.35,12.18,33698.0,0.98
HSM,2024-11-18,0.0,0.0,0.0,0.0,0.07,-7021.0,-0.77,17.3,18565.0,0.29
HSL,2024-11-18,0.0,1.79,0.0,0.0,0.47,325.0,12.68,8.73,11561.0,0.36
HSP,2024-11-18,0.0,2.93,1140.0,0.11,0.13,1411.0,7.58,9.19,15581.0,0.69
HSI,2024-11-18,0.0,0.0,0.0,0.0,-0.18,-3721.0,-0.32,6.0,-1257.0,-0.95
HSV,2024-11-18,0.0,0.06,0.0,0.0,2.58,189.0,19.32,14.35,10901.0,0.33
HTG,2024-11-18,0.0,0.02,4500.0,0.1,0.77,6126.0,7.48,7.5,26052.0,1.76
HT1,2024-11-18,0.0,1.35,0.0,0.0,0.94,257.0,46.19,194.87,12733.0,0.93
HTE,2024-11-18,0.0,0.0,0.0,0.0,2.06,57.0,67.71,62.83,10156.0,0.38
HTL,2024-11-18,1200.0,30.14,5000.0,0.17,0.68,4130.0,7.19,70.41,18195.0,1.63
HTC,2024-11-18,0.0,0.0,1400.0,0.05,0.75,2104.0,13.5,12.44,17648.0,1.61
HTI,2024-11-18,0.0,15.29,1600.0,0.1,0.07,2475.0,6.46,5.32,19569.0,0.82
HTN,2024-11-18,0.0,0.94,0.0,0.0,1.41,504.0,14.38,10.26,17174.0,0.42
HTT,2024-11-18,0.0,0.72,0.0,0.0,0.58,-415.0,-3.28,4.42,5880.0,0.23
HTV,2024-11-18,0.0,5.9,300.0,0.03,-0.01,674.0,13.81,14.0,25078.0,0.37
HTP,2024-11-18,0.0,0.0,0.0,0.0,3.51,-634.0,-4.65,232.28,23692.0,0.12
HTM,2024-11-18,0.0,0.0,0.0,0.0,1.12,-99.0,-101.5,-525.39,10025.0,1.01
HU1,2024-11-18,0.0,0.02,300.0,0.05,0.02,27.0,227.19,15.92,14904.0,0.41
HU3,2024-11-18,0.0,0.3,0.0,0.0,1.98,-1269.0,-3.15,50.0,14308.0,0.28
HUB,2024-11-18,0.0,1.13,1500.0,0.08,0.52,2510.0,7.37,8.11,22640.0,0.82
HU6,2024-11-18,0.0,0.0,0.0,0.0,-0.77,0.0,0.0,1985.02,0.0,0.0
HVA,2024-11-18,0.0,24.29,0.0,0.0,0.99,76.0,82.64,4.3,10368.0,0.61
HU4,2024-11-18,0.0,0.13,1000.0,0.09,1.36,590.0,18.15,6.28,13347.0,0.8
HUG,2024-11-18,0.0,0.0,3000.0,0.09,-0.4,3287.0,9.86,11.49,13980.0,2.32
HUT,2024-11-18,0.0,1.56,0.0,0.0,0.71,76.0,213.66,21.91,13655.0,1.19
HVG,2024-11-18,0.0,0.55,0.0,0.0,0.0,-2771.0,-0.51,0.91,2901.0,0.48
HVN,2024-11-18,42900.0,7.72,0.0,0.0,2.04,1794.0,14.27,-9.7,-5007.0,-5.11
HVT,2024-11-18,0.0,1.42,3000.0,0.03,0.82,6289.0,15.01,9.79,38705.0,2.44
HVX,2024-11-18,0.0,0.95,0.0,0.0,0.39,-1625.0,-1.53,-2.33,8188.0,0.3
HVH,2024-11-18,18700.0,0.79,0.0,0.0,1.02,620.0,13.33,11.19,13683.0,0.6
HWS,2024-11-18,0.0,1.03,950.0,0.06,0.55,1443.0,11.37,10.36,12496.0,1.31
IBC,2024-11-18,0.0,1.33,0.0,0.0,0.0,-1048.0,-1.62,1.0,18285.0,0.09
ICC,2024-11-18,0.0,6.7,1800.0,0.07,-1.49,0.0,0.0,16.47,0.0,0.0
IBD,2024-11-18,0.0,0.0,600.0,0.05,-0.19,208.0,55.24,10.64,10203.0,1.13
ICF,2024-11-18,0.0,2.7,0.0,0.0,0.51,-178.0,-21.39,48.87,6540.0,0.58
ICG,2024-11-18,0.0,6.28,500.0,0.07,0.53,-467.0,-14.36,67.0,16212.0,0.41
ICN,2024-11-18,0.0,0.0,3000.0,0.06,0.52,10236.0,5.08,16.0,18190.0,2.86
IDC,2024-11-18,222003.0,22.92,4000.0,0.07,1.25,6634.0,8.43,7.37,20275.0,2.76
ICI,2024-11-18,0.0,0.0,200.0,0.03,-2.1,0.0,0.0,48.0,0.0,0.0
IDI,2024-11-18,85500.0,0.86,0.0,0.0,1.7,254.0,32.36,8.14,12679.0,0.65
IDV,2024-11-18,3000.0,19.92,1500.0,0.04,0.8,3922.0,9.54,10.73,24638.0,1.52
IDP,2024-11-18,1600.0,13.29,8500.0,0.03,-0.04,16198.0,15.43,17.16,54347.0,4.6
IFS,2024-11-18,0.0,97.81,2400.0,0.09,1.59,2194.0,12.05,12.01,13704.0,1.93
IDJ,2024-11-18,10600.0,0.69,0.0,0.0,2.01,756.0,7.8,9.84,12048.0,0.49
IJC,2024-11-18,28500.0,4.75,700.0,0.05,1.51,883.0,14.95,9.76,13285.0,0.99
ICT,2024-11-18,0.0,0.53,500.0,0.04,0.54,1058.0,11.72,11.62,19994.0,0.62
IHK,2024-11-18,0.0,0.09,1250.0,0.09,-0.01,2339.0,5.9,9.24,13392.0,1.03
ILA,2024-11-18,0.0,0.0,0.0,0.0,1.14,59.0,67.61,5.23,10851.0,0.36
ILB,2024-11-18,0.0,10.91,2107.0,0.07,0.36,4082.0,7.94,8.05,22125.0,1.46
ILC,2024-11-18,0.0,0.0,0.0,0.0,-2.63,1930.0,3.01,3.16,8142.0,0.71
ILS,2024-11-18,0.0,0.0,0.0,0.0,0.68,578.0,23.37,227.81,9474.0,1.42
IME,2024-11-18,0.0,0.0,0.0,0.0,0.0,491.0,286.94,60.86,11382.0,12.39
IMP,2024-11-18,1800.0,49.28,1000.0,0.02,0.88,3743.0,11.3,15.4,13961.0,3.03
INN,2024-11-18,0.0,3.75,2500.0,0.05,0.31,6415.0,8.47,8.43,38173.0,1.42
INC,2024-11-18,0.0,9.4,0.0,0.0,-0.16,469.0,70.98,30.36,12267.0,2.71
IN4,2024-11-18,0.0,0.0,1500.0,0.03,0.11,1487.0,38.87,9.13,15729.0,3.67
ING,2024-11-18,0.0,0.0,0.0,0.0,-0.28,-389.0,-20.81,-17.58,-1279.0,-6.33
IPA,2024-11-18,0.0,0.52,0.0,0.0,1.66,2203.0,5.81,6.44,20381.0,0.63
IRC,2024-11-18,0.0,0.0,350.0,0.04,0.23,821.0,10.59,25.37,10058.0,0.86
ITA,2024-11-18,0.0,0.4,0.0,0.0,0.99,234.0,10.02,12.39,11120.0,0.21
ITC,2024-11-18,0.0,0.31,0.0,0.0,1.48,817.0,12.91,14.53,24242.0,0.44
ISH,2024-11-18,0.0,0.0,2000.0,0.08,0.23,1657.0,15.71,15.13,12717.0,2.05
ISG,2024-11-18,0.0,0.0,0.0,0.0,-0.15,-3204.0,-2.18,0.43,-36288.0,-0.19
IST,2024-11-18,0.0,0.19,2300.0,0.06,-0.97,5506.0,6.55,5.99,18912.0,1.91
ITD,2024-11-18,5700.0,1.06,0.0,0.0,1.07,-2109.0,-6.14,12.71,14279.0,0.91
ITQ,2024-11-18,0.0,0.0,0.0,0.0,0.68,42.0,67.45,17.83,10435.0,0.27
ITS,2024-11-18,0.0,0.0,100.0,0.03,0.22,189.0,20.64,10.31,10741.0,0.36
JOS,2024-11-18,0.0,0.27,0.0,0.0,-0.95,-2963.0,-0.3,0.0,-20021.0,-0.04
IVS,2024-11-18,62300.0,79.85,0.0,0.0,1.49,261.0,35.98,19.34,11114.0,0.85
JVC,2024-11-18,1200.0,1.53,0.0,0.0,0.98,394.0,7.86,11.25,4651.0,0.67
KBC,2024-11-18,424000.0,19.23,0.0,0.0,1.75,550.0,53.35,5.63,26860.0,1.09
KAC,2024-11-18,0.0,0.03,0.0,0.0,0.0,110.0,190.11,50.4,13244.0,1.59
KCE,2024-11-18,0.0,0.01,1000.0,0.1,0.61,1939.0,5.42,7.88,15257.0,0.69
KDC,2024-11-18,1100.0,19.72,1600.0,0.03,0.32,-1948.0,-25.77,18.19,24936.0,2.01
KDH,2024-11-18,232400.0,36.63,0.0,0.0,0.93,582.0,56.05,37.58,20764.0,1.57
KCB,2024-11-18,0.0,2.56,500.0,0.07,0.33,2019.0,3.78,11.3,10875.0,0.7
KDM,2024-11-18,0.0,0.0,0.0,0.0,0.59,318.0,48.79,27.08,10063.0,1.54
KHP,2024-11-18,0.0,1.24,600.0,0.05,-0.03,3384.0,3.62,18.94,12831.0,0.95
KHG,2024-11-18,150200.0,0.86,0.0,0.0,1.17,114.0,45.93,9.16,11590.0,0.45
KGM,2024-11-18,0.0,0.02,375.0,0.05,0.77,509.0,13.47,14.53,10630.0,0.65
KHD,2024-11-18,0.0,0.0,0.0,0.0,0.42,-608.0,-15.95,12.65,13963.0,0.69
KHL,2024-11-18,0.0,0.59,0.0,0.0,0.0,-82.0,-8.51,16.8,3778.0,0.19
KHS,2024-11-18,0.0,0.0,0.0,0.0,-0.19,2125.0,5.51,7.85,18168.0,0.64
KKC,2024-11-18,0.0,0.53,0.0,0.0,0.66,655.0,9.31,39.65,7844.0,0.78
KLB,2024-11-18,40000.0,0.49,0.0,0.0,0.68,1854.0,6.54,5.53,17518.0,0.69
KIP,2024-11-18,0.0,0.0,800.0,0.07,0.13,1948.0,5.9,6.83,22740.0,0.51
KLF,2024-11-18,0.0,0.53,0.0,0.0,0.0,-724.0,-1.11,13.78,9686.0,0.08
KMR,2024-11-18,0.0,62.36,0.0,0.0,0.49,86.0,37.41,16.7,11315.0,0.29
KHW,2024-11-18,0.0,0.0,1238.0,0.06,0.06,2619.0,7.48,9.07,13110.0,1.5
KOS,2024-11-18,0.0,0.17,0.0,0.0,0.11,134.0,286.68,76.77,10767.0,3.56
KMT,2024-11-18,0.0,0.0,600.0,0.06,0.22,1297.0,7.48,7.96,13920.0,0.7
KPF,2024-11-18,0.0,0.14,0.0,0.0,1.33,-5087.0,-0.34,89.49,8365.0,0.21
KSD,2024-11-18,0.0,25.29,0.0,0.0,-0.17,2.0,2748.54,28.2,9993.0,0.47
KSB,2024-11-18,14500.0,3.05,0.0,0.0,1.78,368.0,48.26,15.67,23026.0,0.77
KSF,2024-11-18,0.0,0.0,0.0,0.0,0.15,2108.0,19.17,47.53,26617.0,1.52
KSH,2024-11-18,0.0,0.22,0.0,0.0,0.0,-2.0,-216.22,7.67,8336.0,0.05
KST,2024-11-18,0.0,0.38,600.0,0.06,-0.12,1269.0,8.28,7.86,12463.0,0.84
KSQ,2024-11-18,0.0,0.57,0.0,0.0,1.56,382.0,7.59,544.09,8965.0,0.32
KSV,2024-11-18,0.0,0.0,500.0,0.01,-0.76,4239.0,11.75,33.2,17815.0,2.8
KTL,2024-11-18,0.0,0.1,1100.0,0.06,0.79,2344.0,7.55,5.23,20972.0,0.84
KTC,2024-11-18,0.0,0.0,500.0,0.05,1.27,847.0,11.33,21.84,11575.0,0.83
KTW,2024-11-18,0.0,0.0,1086.0,0.11,0.0,0.0,0.0,9.08,0.0,0.0
KTT,2024-11-18,0.0,0.0,0.0,0.0,-0.24,-7007.0,-0.33,0.85,1882.0,1.22
KTS,2024-11-18,0.0,0.06,800.0,0.02,0.62,6891.0,6.07,8.03,45620.0,0.92
KVC,2024-11-18,0.0,1.54,0.0,0.0,1.45,-405.0,-3.38,16.98,9064.0,0.15
L18,2024-11-18,0.0,0.0,1000.0,0.03,1.62,3611.0,10.63,15.81,18083.0,2.12
L14,2024-11-18,1400.0,0.17,500.0,0.02,1.95,799.0,32.66,32.22,13766.0,1.9
L10,2024-11-18,0.0,0.95,1000.0,0.05,0.05,3310.0,6.28,10.83,27990.0,0.74
L12,2024-11-18,0.0,0.06,0.0,0.0,0.97,430.0,9.3,6.97,18045.0,0.22
L40,2024-11-18,0.0,0.11,0.0,0.0,1.43,1260.0,30.88,29.18,19373.0,2.01
L35,2024-11-18,0.0,0.01,0.0,0.0,0.71,-3116.0,-0.96,-9.47,4692.0,0.64
L44,2024-11-18,0.0,1.08,0.0,0.0,-0.16,-2347.0,-0.3,5.6,-22523.0,-0.03
L45,2024-11-18,0.0,0.13,0.0,0.0,-0.14,17.0,218.94,156.34,10942.0,0.34
L62,2024-11-18,0.0,0.0,0.0,0.0,0.55,-14199.0,-0.25,149.38,-5466.0,-0.66
L43,2024-11-18,0.0,1.06,0.0,0.0,0.67,-2365.0,-1.1,37.53,4897.0,0.53
L61,2024-11-18,0.0,0.0,0.0,0.0,1.08,-7010.0,-0.19,-0.17,-2555.0,-0.51
L63,2024-11-18,0.0,0.0,0.0,0.0,-0.74,0.0,0.0,22.19,0.0,0.0
LAS,2024-11-18,10400.0,0.29,1000.0,0.05,2.6,1832.0,11.63,17.68,12808.0,1.66
LAI,2024-11-18,0.0,0.0,0.0,0.0,1.63,-44.0,-754.09,2.53,10851.0,3.04
LAW,2024-11-18,0.0,0.0,0.0,0.0,0.19,1075.0,26.05,18.46,16224.0,1.73
LBE,2024-11-18,0.0,0.0,0.0,0.0,0.1,667.0,33.13,44.2,12426.0,1.78
LAF,2024-11-18,1000.0,2.52,1500.0,0.08,0.4,2844.0,6.21,6.72,15163.0,1.16
LBM,2024-11-18,800.0,15.62,2500.0,0.09,1.07,3330.0,8.17,12.09,15818.0,1.72
LCD,2024-11-18,0.0,0.0,0.0,0.0,0.0,990.0,21.91,59.18,20387.0,1.06
LCC,2024-11-18,0.0,0.0,0.0,0.0,-0.13,0.0,0.0,-138.0,0.0,0.0
LCG,2024-11-18,16500.0,2.07,500.0,0.05,1.3,839.0,11.8,14.74,13290.0,0.74
LCM,2024-11-18,0.0,4.5,0.0,0.0,0.21,139.0,7.2,12.34,5019.0,0.2
LDG,2024-11-18,0.0,0.92,0.0,0.0,1.64,-2101.0,-0.88,190.13,8757.0,0.21
LCS,2024-11-18,0.0,0.21,0.0,0.0,-0.03,-63.0,-14.29,13.68,9536.0,0.09
LDP,2024-11-18,0.0,0.0,0.0,0.0,-0.07,-478.0,-27.18,55.05,7569.0,1.72
LG9,2024-11-18,0.0,0.0,0.0,0.0,2.21,0.0,0.0,15.68,0.0,0.0
LEC,2024-11-18,0.0,0.01,0.0,0.0,-0.06,-754.0,-7.66,18.81,12345.0,0.47
LGC,2024-11-18,400.0,44.98,2500.0,0.04,-0.06,4805.0,12.9,12.83,29014.0,2.14
LDW,2024-11-18,0.0,0.0,510.0,0.03,0.02,1157.0,13.4,15.2,11968.0,1.3
LGL,2024-11-18,0.0,2.1,0.0,0.0,0.85,-1040.0,-2.36,21.12,12357.0,0.2
LHG,2024-11-18,5200.0,18.05,1900.0,0.05,1.28,4059.0,9.19,14.19,32283.0,1.16
LIG,2024-11-18,0.0,0.0,0.0,0.0,0.69,2.0,1387.56,4.69,12108.0,0.24
LIC,2024-11-18,0.0,0.0,0.0,0.0,1.51,113.0,316.17,60.95,4635.0,7.73
LHC,2024-11-18,0.0,0.56,2500.0,0.03,0.46,3731.0,19.57,10.16,49565.0,1.47
LGM,2024-11-18,0.0,0.0,0.0,0.0,-0.48,0.0,0.0,13.38,0.0,0.0
LIX,2024-11-18,300.0,3.84,3000.0,0.09,0.66,4581.0,7.16,8.86,14003.0,2.34
LKW,2024-11-18,0.0,3.82,2000.0,0.07,-0.13,0.0,0.0,5.71,11318.0,2.65
LM3,2024-11-18,0.0,0.0,0.0,0.0,0.0,-6150.0,-0.57,29.65,-62383.0,-0.06
LLM,2024-11-18,0.0,0.02,550.0,0.04,-0.5,1308.0,11.47,19.93,12554.0,1.19
LM7,2024-11-18,0.0,0.34,0.0,0.0,0.12,-4751.0,-0.46,36.67,-1390.0,-1.58
LMC,2024-11-18,0.0,0.0,0.0,0.0,-1.82,421.0,47.78,7.73,11784.0,1.71
LM8,2024-11-18,0.0,0.51,1000.0,0.07,0.02,1752.0,7.93,7.53,31750.0,0.44
LMH,2024-11-18,0.0,0.08,0.0,0.0,2.32,-159.0,-6.36,1.72,-1891.0,-0.53
LMI,2024-11-18,0.0,0.0,1300.0,0.13,0.15,0.0,0.0,9.75,0.0,0.0
LPB,2024-11-18,23900.0,0.52,0.0,0.0,0.94,3854.0,8.16,8.47,15901.0,1.98
LNC,2024-11-18,0.0,0.0,40.0,0.0,0.0,104.0,96.41,95.37,10037.0,1.0
LPT,2024-11-18,0.0,0.0,0.0,0.0,0.63,2062.0,3.19,7.17,13343.0,0.49
LQN,2024-11-18,0.0,0.0,0.0,0.0,0.29,0.0,0.0,7.95,0.0,0.0
LO5,2024-11-18,0.0,0.79,0.0,0.0,0.93,-1387.0,-0.72,-0.34,-22149.0,-0.05
LSG,2024-11-18,0.0,0.0,0.0,0.0,2.13,-6.0,-1734.94,1036.46,11548.0,0.97
LSS,2024-11-18,0.0,0.82,0.0,0.0,1.55,1676.0,6.83,6.33,23798.0,0.48
LTC,2024-11-18,0.0,2.07,0.0,0.0,0.07,-527.0,-3.61,36.4,11295.0,0.17
LTG,2024-11-18,0.0,33.55,0.0,0.0,1.34,2818.0,2.76,15.67,29520.0,0.26
M10,2024-11-18,0.0,0.0,1500.0,0.07,1.27,3278.0,6.85,6.2,17302.0,1.3
LUT,2024-11-18,0.0,0.54,0.0,0.0,-0.27,-203.0,-3.13,11.87,7108.0,0.09
MA1,2024-11-18,0.0,0.0,3000.0,0.06,0.41,0.0,0.0,4.07,0.0,0.0
MAS,2024-11-18,0.0,15.94,0.0,0.0,-0.61,1740.0,20.12,31.47,8060.0,4.34
MAC,2024-11-18,0.0,0.06,500.0,0.02,0.25,2802.0,8.17,17.33,15030.0,1.52
MBB,2024-11-18,1219400.0,23.24,500.0,0.02,1.22,4057.0,5.79,6.12,20734.0,1.13
MBN,2024-11-18,0.0,0.0,0.0,0.0,0.0,0.0,0.0,-6.36,0.0,0.0
MBG,2024-11-18,0.0,0.68,0.0,0.0,1.11,-488.0,-6.35,9.32,10562.0,0.29
MBS,2024-11-18,33700.0,2.7,1200.0,0.05,2.35,1713.0,15.47,15.59,11291.0,2.35
MCF,2024-11-18,0.0,1.48,1200.0,0.14,0.53,983.0,8.65,8.07,10845.0,0.78
MCH,2024-11-18,9400.0,2.46,22300.0,0.1,0.96,10831.0,20.35,22.21,21866.0,10.08
MCC,2024-11-18,0.0,0.08,0.0,0.0,0.0,177.0,67.8,22.78,14340.0,0.84
MCM,2024-11-18,0.0,0.93,3000.0,0.09,0.78,2130.0,16.15,11.41,21375.0,1.61
MCG,2024-11-18,0.0,0.28,0.0,0.0,1.61,-37.0,-49.36,67.78,4446.0,0.41
MCO,2024-11-18,0.0,0.46,0.0,0.0,1.03,77.0,124.69,197.0,12934.0,0.74
MCP,2024-11-18,0.0,0.16,0.0,0.0,0.02,1247.0,22.86,19.3,17526.0,1.63
MDC,2024-11-18,0.0,18.22,700.0,0.07,0.32,2274.0,4.31,3.35,14921.0,0.66
MDG,2024-11-18,0.0,0.0,0.0,0.0,-0.21,-1349.0,-8.86,5.54,11237.0,1.06
MDA,2024-11-18,0.0,0.0,0.0,0.0,0.0,0.0,0.0,4.54,0.0,0.0
MDF,2024-11-18,0.0,0.0,0.0,0.0,1.08,-42.0,-153.19,10.67,11663.0,0.56
MEC,2024-11-18,0.0,0.37,0.0,0.0,-0.3,-2318.0,-1.93,93.55,2785.0,1.61
MED,2024-11-18,0.0,0.0,900.0,0.03,0.47,1318.0,19.81,20.1,26422.0,0.99
MEF,2024-11-18,0.0,6.37,4500.0,0.78,1.67,0.0,0.0,0.73,0.0,0.0
MEL,2024-11-18,0.0,0.0,0.0,0.0,0.39,326.0,18.7,9.15,17016.0,0.36
MES,2024-11-18,0.0,0.0,0.0,0.0,0.0,-427.0,-23.41,5813.95,8772.0,1.14
MFS,2024-11-18,100.0,10.0,5500.0,0.15,2.49,826.0,43.9,17.04,22279.0,1.63
MGR,2024-11-18,0.0,0.0,0.0,0.0,-1.03,-733.0,-4.91,360.0,8492.0,0.42
MGC,2024-11-18,0.0,0.0,200.0,0.03,-0.02,0.0,0.0,7.55,0.0,0.0
MHC,2024-11-18,900.0,1.15,0.0,0.0,0.83,-680.0,-9.23,7.43,13019.0,0.48
MGG,2024-11-18,0.0,0.0,1500.0,0.05,0.32,0.0,0.0,13.27,0.0,0.0
MH3,2024-11-18,0.0,0.0,1600.0,0.05,1.4,2112.0,15.39,19.18,22891.0,1.42
MIC,2024-11-18,0.0,0.94,0.0,0.0,1.53,655.0,22.15,2.56,5981.0,2.42
MHL,2024-11-18,0.0,0.39,0.0,0.0,0.0,-886.0,-3.72,1.19,1533.0,2.15
MIE,2024-11-18,0.0,0.0,0.0,0.0,-0.08,52.0,123.41,171.31,10199.0,0.63
MIG,2024-11-18,100.0,17.06,1000.0,0.06,1.72,1552.0,10.76,7.6,11872.0,1.41
MKP,2024-11-18,0.0,15.57,500.0,0.02,0.14,1314.0,22.8,15.31,49757.0,0.6
MIM,2024-11-18,0.0,0.39,0.0,0.0,0.0,-2545.0,-1.65,3.58,1700.0,2.47
MLS,2024-11-18,0.0,1.89,0.0,0.0,0.04,7449.0,1.88,11.2,21424.0,0.65
MLC,2024-11-18,0.0,0.01,1300.0,0.08,-0.03,0.0,0.0,5.42,0.0,0.0
MNB,2024-11-18,0.0,0.0,2000.0,0.07,-0.2,3214.0,9.55,9.45,23411.0,1.31
MKV,2024-11-18,0.0,3.13,0.0,0.0,0.13,1785.0,5.15,5.97,17390.0,0.53
MML,2024-11-18,0.0,2.11,0.0,0.0,1.05,-427.0,-57.16,15.95,13314.0,1.83
MPT,2024-11-18,0.0,0.43,0.0,0.0,0.22,-149.0,-4.02,-6.4,10750.0,0.06
MPC,2024-11-18,0.0,38.92,411.0,0.03,0.92,-104.0,-148.66,4.87,13364.0,1.15
MND,2024-11-18,0.0,0.0,750.0,0.07,-0.06,0.0,0.0,8.94,0.0,0.0
MPY,2024-11-18,0.0,0.0,1200.0,0.17,-0.27,0.0,0.0,5.11,0.0,0.0
MQB,2024-11-18,0.0,0.0,350.0,0.04,0.0,0.0,0.0,8.53,0.0,0.0
MSB,2024-11-18,1208400.0,28.56,0.0,0.0,1.25,2164.0,5.22,3.32,13551.0,0.83
MSH,2024-11-18,23500.0,4.21,2500.0,0.05,0.88,4738.0,10.93,10.5,28596.0,1.81
MRF,2024-11-18,0.0,0.64,650.0,0.03,-0.96,0.0,0.0,23.91,0.0,0.0
MSN,2024-11-18,87300.0,27.25,0.0,0.0,1.09,948.0,74.49,34.07,28630.0,2.47
MQN,2024-11-18,0.0,0.0,0.0,0.0,-0.72,0.0,0.0,2.92,0.0,0.0
MSR,2024-11-18,600.0,0.14,0.0,0.0,1.95,-2055.0,-5.48,41.24,11286.0,1.0
MST,2024-11-18,73600.0,0.72,0.0,0.0,1.4,396.0,13.37,5.46,11099.0,0.48
PHH,2024-11-18,0.0,0.44,0.0,0.0,-0.18,-24.0,-301.63,3692.31,12526.0,0.57
MTB,2024-11-18,0.0,0.0,100.0,0.01,0.0,0.0,0.0,91.83,0.0,0.0
MTA,2024-11-18,0.0,0.03,180.0,0.04,1.5,133.0,33.81,33.03,10830.0,0.42
MTG,2024-11-18,0.0,0.0,0.0,0.0,-0.45,-15.0,-531.56,6.9,9593.0,0.83
MTC,2024-11-18,0.0,0.0,0.0,0.0,0.19,0.0,0.0,27.73,0.0,0.0
MTL,2024-11-18,0.0,0.17,0.0,0.0,2.05,0.0,0.0,39.75,0.0,0.0
MTH,2024-11-18,0.0,13.58,1000.0,0.06,-0.23,0.0,0.0,20.71,0.0,0.0
MTP,2024-11-18,0.0,0.0,1000.0,0.08,0.29,174.0,68.85,8.52,12003.0,1.0
MTS,2024-11-18,0.0,0.0,700.0,0.08,-0.13,745.0,12.48,7.64,11448.0,0.81
MTV,2024-11-18,0.0,0.0,700.0,0.04,0.12,746.0,21.46,8.64,18317.0,0.87
MTX,2024-11-18,0.0,0.0,0.0,0.0,0.0,0.0,0.0,2.19,0.0,0.0
MVB,2024-11-18,0.0,0.06,1300.0,0.07,0.84,2050.0,9.47,8.47,18742.0,1.04
MVC,2024-11-18,0.0,0.01,430.0,0.05,0.55,804.0,10.1,12.49,11965.0,0.68
MWG,2024-11-18,2808600.0,47.27,500.0,0.01,1.07,2028.0,29.54,36.5,18657.0,3.21
MVN,2024-11-18,0.0,0.0,39.0,0.0,2.29,1653.0,27.24,19.76,14135.0,3.19
NAB,2024-11-18,0.0,1.17,0.0,0.0,0.5,3260.0,4.71,5.08,13471.0,1.14
NAC,2024-11-18,0.0,0.0,1200.0,1.71,-0.18,0.0,0.0,0.36,0.0,0.0
NAG,2024-11-18,0.0,2.29,0.0,0.0,0.2,852.0,12.92,9.95,13509.0,0.81
NAF,2024-11-18,200.0,24.66,0.0,0.0,0.39,1635.0,12.11,10.02,17352.0,1.14
NAU,2024-11-18,0.0,0.01,245.0,0.03,-0.17,-196.0,-45.45,16.95,8095.0,1.1
NAP,2024-11-18,0.0,0.0,600.0,0.07,-0.24,845.0,10.77,9.79,11103.0,0.82
NAV,2024-11-18,0.0,1.0,2700.0,0.15,0.09,2637.0,7.02,8.71,13289.0,1.39
NAS,2024-11-18,0.0,0.0,0.0,0.0,-0.25,796.0,32.53,13.63,23260.0,1.11
NAW,2024-11-18,0.0,0.0,0.0,0.0,0.31,27.0,290.01,31.35,10188.0,0.78
NBB,2024-11-18,0.0,0.5,0.0,0.0,0.75,87.0,283.79,138.43,18150.0,1.37
NBC,2024-11-18,600.0,5.31,800.0,0.09,0.82,-978.0,-9.1,4.07,11226.0,0.79
NBE,2024-11-18,0.0,1.21,1100.0,0.09,0.07,-867.0,-13.86,5.47,10096.0,1.19
NBP,2024-11-18,0.0,1.13,1800.0,0.15,-0.17,-902.0,-13.53,23.29,18788.0,0.65
NBW,2024-11-18,0.0,5.38,1550.0,0.06,0.52,2663.0,10.14,11.36,16009.0,1.69
NCG,2024-11-18,0.0,0.01,0.0,0.0,1.59,-926.0,-8.92,37.55,16582.0,0.5
NBT,2024-11-18,0.0,0.51,1200.0,0.07,-0.31,2061.0,8.68,12.24,15306.0,1.17
NCT,2024-11-18,2100.0,15.29,8000.0,0.07,0.34,9310.0,12.12,13.55,18392.0,6.13
NCS,2024-11-18,0.0,1.91,1500.0,0.06,0.82,3231.0,7.98,8.92,9451.0,2.73
ND2,2024-11-18,0.0,35.1,2000.0,0.05,-0.04,3083.0,11.84,11.74,16310.0,2.24
NDC,2024-11-18,0.0,0.13,2500.0,0.02,-0.45,0.0,0.0,8.1,0.0,0.0
NDN,2024-11-18,2800.0,1.55,0.0,0.0,1.77,919.0,9.68,10.45,15272.0,0.58
NDP,2024-11-18,0.0,0.0,500.0,0.02,0.61,2367.0,10.82,12.92,26685.0,0.96
NDF,2024-11-18,0.0,1.87,0.0,0.0,0.0,1124.0,0.8,4.02,11090.0,0.08
NDT,2024-11-18,0.0,0.0,0.0,0.0,0.63,-6387.0,-0.86,40.01,6251.0,0.88
NDW,2024-11-18,0.0,0.0,860.0,0.11,-1.28,820.0,9.15,7.06,11321.0,0.66
NDX,2024-11-18,0.0,0.4,375.0,0.07,0.22,-97.0,-53.38,11.21,12778.0,0.41
NET,2024-11-18,0.0,0.76,5000.0,0.06,0.79,8342.0,9.39,12.53,20419.0,3.83
NED,2024-11-18,0.0,0.0,0.0,0.0,1.61,474.0,15.06,30.23,11747.0,0.61
NEM,2024-11-18,0.0,0.0,0.0,0.0,-0.17,0.0,0.0,1428.57,10149.0,2.15
NFC,2024-11-18,0.0,0.03,1600.0,0.09,0.24,2483.0,7.25,8.33,13372.0,1.35
NGC,2024-11-18,0.0,13.42,0.0,0.0,-0.18,-2131.0,-0.84,0.11,-2245.0,-0.8
NHA,2024-11-18,8100.0,1.56,0.0,0.0,2.05,1372.0,18.11,21.95,11455.0,2.17
NHH,2024-11-18,0.0,0.54,500.0,0.04,0.92,1608.0,8.33,7.08,19254.0,0.7
NHC,2024-11-18,100.0,15.68,0.0,0.0,0.11,125.0,214.9,39.8,18102.0,1.48
NHP,2024-11-18,0.0,0.2,0.0,0.0,0.0,-954.0,-0.31,8.27,6068.0,0.05
NHV,2024-11-18,0.0,0.46,0.0,0.0,1.54,304.0,2.49,0.61,10895.0,0.07
NHT,2024-11-18,0.0,3.08,1000.0,0.09,1.61,792.0,13.88,6.22,16017.0,0.69
NKG,2024-11-18,155800.0,7.31,0.0,0.0,1.78,1736.0,11.0,11.97,22231.0,0.86
NJC,2024-11-18,0.0,0.25,1000.0,0.06,0.11,0.0,0.0,4.71,0.0,0.0
NLG,2024-11-18,16300.0,48.07,499.0,0.01,1.39,794.0,47.56,17.69,34421.0,1.1
NLS,2024-11-18,0.0,0.0,800.0,0.17,0.0,0.0,0.0,2.4,0.0,0.0
NNT,2024-11-18,0.0,0.3,4700.0,0.09,1.43,0.0,0.0,9.54,0.0,0.0
NNC,2024-11-18,0.0,5.09,500.0,0.02,0.42,2424.0,8.62,13.09,18339.0,1.14
NO1,2024-11-18,500.0,4.2,1000.0,0.09,0.24,1252.0,8.67,14.47,13665.0,0.79
NQB,2024-11-18,0.0,0.0,350.0,0.04,-0.1,903.0,8.86,7.92,11189.0,0.71
NQN,2024-11-18,0.0,0.0,284.0,0.02,1.38,1115.0,12.38,13.16,12686.0,1.09
NOS,2024-11-18,0.0,0.0,0.0,0.0,-0.34,-18542.0,-0.04,-0.12,-258711.0,0.0
NQT,2024-11-18,0.0,0.0,458.0,0.05,0.0,1240.0,6.86,8.31,12264.0,0.69
NRC,2024-11-18,0.0,5.29,0.0,0.0,0.75,337.0,12.47,9.72,13791.0,0.3
NSC,2024-11-18,2000.0,8.21,4000.0,0.05,0.41,13203.0,6.01,5.15,82354.0,0.96
NS2,2024-11-18,0.0,0.0,132.0,0.01,1.1,692.0,23.41,51.28,10517.0,1.54
NSG,2024-11-18,0.0,0.0,0.0,0.0,-0.16,0.0,0.0,26.94,0.0,0.0
NSL,2024-11-18,0.0,0.64,450.0,0.02,-0.2,569.0,33.4,9.3,14619.0,1.3
NT2,2024-11-18,120100.0,13.23,700.0,0.04,0.91,863.0,21.2,77.47,14293.0,1.28
NSH,2024-11-18,10000.0,1.28,0.0,0.0,0.8,97.0,46.46,11.09,11491.0,0.39
NSS,2024-11-18,0.0,0.0,399.0,0.11,-0.23,0.0,0.0,8.04,0.0,0.0
NST,2024-11-18,3900.0,3.27,650.0,0.06,0.31,1545.0,7.06,7.88,16564.0,0.66
NTL,2024-11-18,141900.0,15.52,6200.0,0.34,1.83,10342.0,1.75,6.88,15902.0,1.14
NTH,2024-11-18,0.0,0.1,4500.0,0.08,-0.22,4720.0,12.29,16.71,15992.0,3.63
NTB,2024-11-18,0.0,0.3,0.0,0.0,0.0,-14156.0,-0.03,1.06,-46653.0,-0.01
NTC,2024-11-18,0.0,0.0,6000.0,0.03,1.13,10945.0,17.92,16.93,48216.0,4.07
NTP,2024-11-18,11300.0,16.81,2500.0,0.04,1.78,5277.0,11.29,15.31,26624.0,2.24
NTF,2024-11-18,0.0,0.0,1000.0,0.07,-0.56,0.0,0.0,8.17,0.0,0.0
NVL,2024-11-18,269600.0,4.63,0.0,0.0,1.5,2636.0,3.95,18.8,20831.0,0.5
NVB,2024-11-18,0.0,3.08,0.0,0.0,1.05,-890.0,-9.44,67.22,9043.0,0.93
NTT,2024-11-18,0.0,0.0,0.0,0.0,0.91,1462.0,5.27,20.11,8013.0,0.96
NUE,2024-11-18,0.0,0.0,780.0,0.08,0.69,0.0,0.0,9.85,10673.0,0.9
NVP,2024-11-18,0.0,0.0,220.0,0.03,0.0,0.0,0.0,13.31,0.0,0.0
NTW,2024-11-18,0.0,0.06,1000.0,0.05,0.36,0.0,0.0,19.4,0.0,0.0
NVT,2024-11-18,0.0,0.12,0.0,0.0,0.81,-45.0,-176.14,32.85,6072.0,1.29
OCB,2024-11-18,286000.0,19.54,0.0,0.0,0.9,1477.0,7.01,3.09,12367.0,0.84
NXT,2024-11-18,0.0,0.09,0.0,0.0,-0.09,0.0,0.0,4.69,0.0,0.0
OCH,2024-11-18,200.0,0.01,0.0,0.0,0.73,528.0,10.99,27.19,9367.0,0.62
OIL,2024-11-18,320000.0,6.34,200.0,0.02,2.64,279.0,39.33,19.16,11114.0,0.99
ODE,2024-11-18,0.0,0.0,0.0,0.0,0.26,583.0,75.43,52.96,11452.0,3.84
ONE,2024-11-18,0.0,6.06,0.0,0.0,1.14,-478.0,-10.46,11.37,11937.0,0.42
OPC,2024-11-18,0.0,0.73,1500.0,0.07,0.1,1668.0,13.79,7.92,13235.0,1.74
PAI,2024-11-18,0.0,0.12,1700.0,0.13,0.03,650.0,20.32,13.98,10195.0,1.29
PAN,2024-11-18,6000.0,18.99,500.0,0.02,1.29,2691.0,8.36,5.52,41622.0,0.54
PAP,2024-11-18,0.0,0.0,0.0,0.0,2.55,23.0,1047.12,-2439.02,10688.0,2.25
OGC,2024-11-18,0.0,0.24,0.0,0.0,0.61,112.0,34.32,23.16,5398.0,0.72
PAS,2024-11-18,0.0,1.08,0.0,0.0,1.85,218.0,14.41,11.02,13270.0,0.24
NWT,2024-11-18,0.0,0.0,500.0,0.07,-0.14,0.0,0.0,10.72,0.0,0.0
ONW,2024-11-18,0.0,14.69,0.0,0.0,-0.25,0.0,0.0,0.66,0.0,0.0
PAC,2024-11-18,0.0,12.11,1500.0,0.04,0.94,2782.0,13.15,10.63,20655.0,1.77
PBC,2024-11-18,0.0,0.0,0.0,0.0,2.05,340.0,19.11,19.38,11308.0,0.57
PAT,2024-11-18,1000.0,0.44,17000.0,0.18,0.89,9443.0,10.05,10.32,26509.0,3.58
PC1,2024-11-18,148135.0,11.36,0.0,0.0,1.56,1228.0,18.0,13.09,24524.0,0.9
PBP,2024-11-18,0.0,0.45,900.0,0.07,0.98,1966.0,6.51,9.48,14817.0,0.86
PCC,2024-11-18,0.0,0.0,2500.0,0.09,-1.91,0.0,0.0,12.65,0.0,0.0
PCE,2024-11-18,0.0,0.37,1400.0,0.08,0.3,2520.0,7.06,7.24,19154.0,0.93
PCG,2024-11-18,0.0,48.82,0.0,0.0,0.25,-270.0,-25.88,78.33,8401.0,0.83
PCF,2024-11-18,1000.0,0.58,0.0,0.0,1.25,-10.0,-474.19,68.35,7074.0,0.64
PBT,2024-11-18,0.0,0.0,776.0,0.08,0.21,969.0,9.7,12.77,10853.0,0.87
PCH,2024-11-18,0.0,0.0,0.0,0.0,0.03,735.0,16.32,19.11,10603.0,1.13
PCM,2024-11-18,0.0,0.0,0.0,0.0,-0.09,42.0,301.06,21.96,16053.0,0.78
PDC,2024-11-18,0.0,0.09,0.0,0.0,0.93,515.0,10.68,12.34,9602.0,0.57
PCN,2024-11-18,0.0,0.1,0.0,0.0,-0.03,-1643.0,-8.22,52.98,4317.0,3.13
PCT,2024-11-18,0.0,0.0,0.0,0.0,0.5,1572.0,7.38,13.87,12690.0,0.91
PDB,2024-11-18,0.0,0.2,500.0,0.05,0.28,1430.0,6.85,7.66,15230.0,0.64
PDR,2024-11-18,508100.0,7.39,0.0,0.0,2.02,568.0,35.14,19.79,12664.0,1.58
PDN,2024-11-18,0.0,0.25,2300.0,0.02,0.14,9178.0,12.07,13.87,31122.0,3.56
PDV,2024-11-18,0.0,0.01,1000.0,0.06,2.25,5697.0,2.87,16.88,15099.0,1.08
PEC,2024-11-18,0.0,0.0,0.0,0.0,0.06,0.0,0.0,0.7,0.0,0.0
PEG,2024-11-18,0.0,0.0,0.0,0.0,-1.42,-288.0,-15.25,73.0,2835.0,1.55
PEQ,2024-11-18,0.0,0.0,2000.0,0.05,0.25,0.0,0.0,9.86,0.0,0.0
PET,2024-11-18,0.0,0.87,0.0,0.0,1.9,1252.0,20.37,13.35,21608.0,1.18
PEN,2024-11-18,0.0,0.0,0.0,0.0,0.08,-13.0,-517.5,17.0,11500.0,0.59
PGD,2024-11-18,0.0,46.88,1500.0,0.05,0.42,3229.0,9.85,14.16,16438.0,1.93
PFL,2024-11-18,0.0,0.0,0.0,0.0,1.67,-35.0,-56.9,278.19,4446.0,0.45
PGI,2024-11-18,0.0,20.43,1200.0,0.05,0.71,2089.0,11.01,8.83,16861.0,1.36
PGB,2024-11-18,0.0,0.04,0.0,0.0,0.76,734.0,20.58,11.46,12147.0,1.24
PGN,2024-11-18,0.0,6.51,0.0,0.0,0.77,514.0,20.83,16.0,11603.0,0.92
PGS,2024-11-18,0.0,0.79,2000.0,0.06,-0.47,2334.0,13.28,11.68,20128.0,1.54
PGC,2024-11-18,2500.0,2.17,1200.0,0.08,0.4,1845.0,8.05,6.49,14320.0,1.04
PGT,2024-11-18,0.0,39.67,0.0,0.0,0.06,453.0,16.76,1.44,4470.0,1.7
PGV,2024-11-18,0.0,0.02,926.0,0.05,0.57,-333.0,-57.29,11.18,13437.0,1.42
PHC,2024-11-18,0.0,0.09,500.0,0.09,0.77,146.0,37.0,6.09,13500.0,0.4
PHP,2024-11-18,0.0,0.05,400.0,0.01,1.42,2320.0,13.82,12.48,18856.0,1.7
PHR,2024-11-18,16100.0,18.04,0.0,0.0,1.36,2858.0,19.28,30.45,30230.0,1.82
PHN,2024-11-18,0.0,49.15,5000.0,0.06,0.17,8489.0,10.01,8.87,21838.0,3.89
PIC,2024-11-18,0.0,0.0,1000.0,0.05,0.23,793.0,25.11,23.65,10470.0,1.9
PIA,2024-11-18,0.0,0.0,2000.0,0.07,1.04,3642.0,7.36,5.7,16611.0,1.61
PIT,2024-11-18,0.0,0.62,0.0,0.0,0.08,-478.0,-10.51,23.84,7884.0,0.64
PID,2024-11-18,0.0,0.0,0.0,0.0,0.0,-715.0,-3.91,38.89,-2657.0,-1.05
PHS,2024-11-18,0.0,83.28,300.0,0.03,-0.59,172.0,66.16,16.96,10455.0,1.09
PIV,2024-11-18,0.0,0.31,0.0,0.0,3.39,-73.0,-39.75,251.47,119.0,24.39
PIS,2024-11-18,0.0,0.0,0.0,0.0,0.07,1449.0,6.7,2.59,14386.0,0.67
PJS,2024-11-18,0.0,7.09,800.0,0.04,0.4,166.0,130.5,9.83,12293.0,1.76
PJC,2024-11-18,0.0,0.46,3000.0,0.1,-0.5,4510.0,6.41,9.43,19781.0,1.46
PLA,2024-11-18,0.0,0.0,0.0,0.0,1.03,-182.0,-24.2,647.06,9612.0,0.46
PJT,2024-11-18,0.0,0.68,0.0,0.0,0.16,770.0,13.31,15.94,13226.0,0.77
PLC,2024-11-18,7200.0,0.34,1200.0,0.06,1.1,605.0,34.72,12.12,15268.0,1.38
PLO,2024-11-18,0.0,0.0,0.0,0.0,2.76,0.0,0.0,5.12,0.0,0.0
PLP,2024-11-18,1100.0,0.39,0.0,0.0,0.6,25.0,173.36,38.5,11331.0,0.39
PLX,2024-11-18,60600.0,17.64,1500.0,0.04,1.1,2345.0,16.38,17.13,22568.0,1.7
PLE,2024-11-18,0.0,0.0,0.0,0.0,0.09,100.0,133.68,9.05,16618.0,0.81
PMB,2024-11-18,0.0,1.33,800.0,0.08,0.46,755.0,12.58,12.72,11894.0,0.8
PMC,2024-11-18,900.0,3.62,11100.0,0.11,0.07,9116.0,11.52,13.46,34929.0,3.01
PMG,2024-11-18,0.0,20.17,0.0,0.0,0.81,383.0,21.91,32.43,14302.0,0.59
PMT,2024-11-18,0.0,0.0,89.0,0.01,-0.2,85.0,92.77,14.36,16080.0,0.49
PMW,2024-11-18,0.0,0.0,2200.0,0.06,2.23,2237.0,16.76,18.53,12295.0,3.05
PMP,2024-11-18,0.0,1.02,1000.0,0.08,-0.38,1563.0,8.51,8.73,16394.0,0.81
PMJ,2024-11-18,0.0,0.0,970.0,0.05,0.67,392.0,45.88,14.18,24045.0,0.75
PNC,2024-11-18,0.0,0.53,500.0,0.03,0.29,291.0,62.65,11.82,17512.0,1.04
PMS,2024-11-18,0.0,0.0,3350.0,0.11,0.79,3872.0,8.06,9.2,22165.0,1.41
PNJ,2024-11-18,1000.0,49.0,2000.0,0.02,0.8,6055.0,15.09,14.79,31146.0,2.93
PNP,2024-11-18,0.0,0.0,1600.0,0.07,0.23,2718.0,8.31,8.79,14015.0,1.61
PND,2024-11-18,0.0,0.01,0.0,0.0,1.38,542.0,11.75,7.07,11750.0,0.54
POB,2024-11-18,0.0,0.0,156.0,0.0,0.0,0.0,0.0,122.08,0.0,0.0
PNG,2024-11-18,0.0,0.0,0.0,0.0,0.0,890.0,19.78,6.03,19028.0,0.92
POM,2024-11-18,0.0,3.8,0.0,0.0,1.71,-3330.0,-0.76,2.36,2679.0,0.95
PNT,2024-11-18,0.0,0.08,300.0,0.05,-0.15,0.0,0.0,6.7,0.0,0.0
POT,2024-11-18,0.0,0.08,100.0,0.01,0.56,128.0,123.82,24.23,15906.0,0.99
POS,2024-11-18,0.0,0.31,0.0,0.0,1.31,1986.0,10.07,13.33,20497.0,0.98
POV,2024-11-18,0.0,0.01,300.0,0.04,0.0,722.0,11.49,8.65,14338.0,0.58
POW,2024-11-18,461200.0,3.68,0.0,0.0,1.48,601.0,18.72,31.97,14792.0,0.76
PPC,2024-11-18,7800.0,10.08,2775.0,0.25,1.12,1235.0,9.07,8.55,14371.0,0.78
PPE,2024-11-18,0.0,0.26,0.0,0.0,-0.66,444.0,32.69,29.0,6013.0,2.41
PPI,2024-11-18,0.0,0.5,0.0,0.0,0.0,-64.0,-6.28,106.38,-2986.0,-0.13
PPP,2024-11-18,0.0,6.39,2400.0,0.13,-0.34,1990.0,9.04,11.31,14827.0,1.21
PPH,2024-11-18,0.0,0.0,3600.0,0.12,0.87,4219.0,6.87,6.68,24587.0,1.18
PPT,2024-11-18,0.0,0.0,0.0,0.0,0.34,581.0,21.84,23.1,10733.0,1.18
PPY,2024-11-18,0.0,0.0,700.0,0.08,0.12,800.0,10.63,6.62,16374.0,0.52
PPS,2024-11-18,0.0,29.06,940.0,0.08,0.07,1192.0,9.31,10.03,12232.0,0.91
PQN,2024-11-18,0.0,0.0,0.0,0.0,0.0,1043.0,3.83,5.0,5673.0,0.71
PRC,2024-11-18,0.0,1.35,1000.0,0.05,0.43,1191.0,16.28,38.8,29441.0,0.66
PRO,2024-11-18,0.0,0.0,0.0,0.0,1.61,-234.0,-20.51,7.2,13029.0,0.37
PRE,2024-11-18,0.0,0.83,450.0,0.02,0.19,1912.0,9.94,8.26,15888.0,1.2
PSB,2024-11-18,0.0,0.0,0.0,0.0,1.16,10.0,579.38,167.16,11230.0,0.52
PSC,2024-11-18,0.0,0.31,700.0,0.07,-0.13,1162.0,9.12,8.03,16665.0,0.64
PRT,2024-11-18,0.0,0.0,300.0,0.03,1.34,482.0,21.94,24.22,12882.0,0.82
PSE,2024-11-18,0.0,0.04,800.0,0.08,0.52,550.0,17.64,6.65,13202.0,0.73
PSD,2024-11-18,0.0,0.0,800.0,0.06,0.7,1775.0,7.27,8.36,11804.0,1.09
PSH,2024-11-18,0.0,0.0,0.0,0.0,1.06,-6026.0,-0.64,1.48,8204.0,0.47
PSI,2024-11-18,800.0,0.42,0.0,0.0,1.16,371.0,18.33,19.38,11761.0,0.58
PSG,2024-11-18,0.0,0.06,0.0,0.0,0.0,-6136.0,-0.08,0.71,-6829.0,-0.07
PSP,2024-11-18,0.0,0.03,0.0,0.0,-0.4,263.0,45.71,52.68,11603.0,1.04
PTB,2024-11-18,28100.0,24.21,2500.0,0.04,1.42,4948.0,12.73,9.13,44146.0,1.43
PSN,2024-11-18,0.0,0.0,0.0,0.0,0.05,841.0,13.08,11.5,13238.0,0.83
PSW,2024-11-18,0.0,1.9,500.0,0.06,1.15,118.0,69.77,11.62,11619.0,0.71
PSL,2024-11-18,0.0,0.0,350.0,0.03,-0.92,0.0,0.0,31.24,0.0,0.0
PTD,2024-11-18,0.0,18.65,0.0,0.0,-1.75,-4398.0,-2.07,11.37,8113.0,1.12
PTE,2024-11-18,0.0,0.0,0.0,0.0,0.12,-3849.0,-0.55,-0.73,-25112.0,-0.08
PTC,2024-11-18,0.0,1.16,0.0,0.0,0.92,571.0,7.88,7.6,11651.0,0.39
PTH,2024-11-18,0.0,0.0,700.0,0.04,0.41,2082.0,7.68,14.75,18441.0,0.87
PTI,2024-11-18,0.0,37.48,0.0,0.0,0.19,4738.0,6.75,14.7,28823.0,1.11
PTO,2024-11-18,0.0,0.0,600.0,0.03,0.27,-411.0,-43.6,21.48,10861.0,1.65
PTG,2024-11-18,0.0,0.0,5000.0,7.14,0.46,0.0,0.0,0.08,31496.0,0.02
PTL,2024-11-18,0.0,0.07,0.0,0.0,1.42,-354.0,-7.28,6.1,5070.0,0.51
PTP,2024-11-18,0.0,0.04,650.0,0.06,0.83,0.0,0.0,11.5,0.0,0.0
PTT,2024-11-18,0.0,0.0,0.0,0.0,-0.06,1302.0,8.32,10.15,12883.0,0.84
PTS,2024-11-18,0.0,7.8,200.0,0.03,0.47,559.0,14.31,29.48,17172.0,0.47
PTX,2024-11-18,0.0,0.0,1500.0,0.09,0.04,686.0,23.32,9.92,14730.0,1.09
PTV,2024-11-18,0.0,0.04,0.0,0.0,0.48,-209.0,-19.59,10.23,11234.0,0.36
PVD,2024-11-18,124850.0,10.81,0.0,0.0,1.22,1206.0,19.23,33.96,27834.0,0.83
PVB,2024-11-18,0.0,1.07,0.0,0.0,1.75,1391.0,18.98,250.09,17944.0,1.47
PVC,2024-11-18,0.0,0.0,60.0,0.01,1.42,7.0,1428.57,17.07,12671.0,0.81
PVA,2024-11-18,0.0,0.17,0.0,0.0,0.0,0.0,-1351.35,7.28,-1584.0,-0.32
PVE,2024-11-18,0.0,10.8,0.0,0.0,0.36,247.0,6.79,1.84,2662.0,0.63
PVG,2024-11-18,200.0,7.01,0.0,0.0,0.85,88.0,76.52,21.88,12433.0,0.54
PV2,2024-11-18,0.0,0.19,0.0,0.0,1.67,-10.0,-232.79,-8.34,6713.0,0.34
PVH,2024-11-18,0.0,0.0,0.0,0.0,3.11,-745.0,-0.94,48.99,2848.0,0.25
PVI,2024-11-18,4400.0,57.76,3200.0,0.07,0.7,3916.0,12.05,10.24,34670.0,1.36
PVL,2024-11-18,0.0,0.26,0.0,0.0,1.68,-109.0,-35.27,385.1,3216.0,1.2
PVP,2024-11-18,9830.0,3.62,800.0,0.05,1.68,2146.0,7.46,9.43,17544.0,0.91
PVO,2024-11-18,0.0,0.0,100.0,0.02,1.84,103.0,62.32,43.81,11637.0,0.55
PVM,2024-11-18,0.0,0.02,0.0,0.0,1.7,678.0,23.3,10.54,18243.0,0.87
PVT,2024-11-18,8800.0,12.76,300.0,0.01,1.39,3300.0,8.35,12.91,28438.0,0.97
PVR,2024-11-18,0.0,0.11,0.0,0.0,0.34,-181.0,-5.53,-16.51,8843.0,0.11
PVS,2024-11-18,348900.0,21.42,700.0,0.02,1.23,1918.0,17.73,24.62,29169.0,1.17
PVV,2024-11-18,0.0,0.1,0.0,0.0,1.09,-1010.0,-1.46,88.18,-3920.0,-0.38
PVX,2024-11-18,0.0,0.0,0.0,0.0,0.99,-303.0,-5.3,173.84,1104.0,1.46
PWA,2024-11-18,0.0,0.06,0.0,0.0,0.9,0.0,0.0,4.25,0.0,0.0
PVY,2024-11-18,0.0,0.07,0.0,0.0,0.46,12.0,202.92,12.41,-7132.0,-0.35
PWS,2024-11-18,0.0,0.04,750.0,0.05,0.67,905.0,15.24,19.41,11349.0,1.22
PX1,2024-11-18,0.0,0.0,0.0,0.0,0.0,0.0,0.0,645.16,0.0,0.0
PXL,2024-11-18,0.0,0.06,0.0,0.0,1.53,8.0,1603.61,588.68,9995.0,1.33
PXC,2024-11-18,0.0,0.0,0.0,0.0,0.0,-21.0,-23.72,12.53,-6503.0,-0.08
PXA,2024-11-18,0.0,0.11,0.0,0.0,0.15,51.0,21.41,3.32,2061.0,0.53
PXI,2024-11-18,0.0,0.21,0.0,0.0,1.55,-243.0,-7.81,183.93,4433.0,0.43
PXM,2024-11-18,0.0,0.17,0.0,0.0,1.99,-1212.0,-0.42,0.07,-32045.0,-0.02
PXT,2024-11-18,0.0,2.28,0.0,0.0,1.8,34.0,79.46,45.0,2768.0,0.98
PXS,2024-11-18,0.0,10.55,0.0,0.0,-0.31,-101.0,-24.97,14.95,2082.0,1.22
QBS,2024-11-18,0.0,0.0,0.0,0.0,0.76,-1666.0,-0.4,58.15,5313.0,0.13
QCG,2024-11-18,203200.0,0.68,0.0,0.0,1.41,96.0,133.75,35.22,16412.0,0.78
QHW,2024-11-18,0.0,0.22,1200.0,0.03,0.23,0.0,0.0,6.57,0.0,0.0
QNS,2024-11-18,53400.0,13.48,4000.0,0.08,0.75,6727.0,7.29,13.45,25512.0,1.92
QNP,2024-11-18,0.0,0.0,1200.0,0.03,0.25,3068.0,11.73,12.65,21102.0,1.71
QHD,2024-11-18,0.0,0.3,2000.0,0.06,0.0,3113.0,10.99,12.6,22260.0,1.54
QNC,2024-11-18,0.0,15.44,0.0,0.0,0.52,187.0,33.64,11.22,11353.0,0.55
QCC,2024-11-18,0.0,0.77,1000.0,0.12,1.7,0.0,0.0,8.3,14380.0,0.59
QNT,2024-11-18,0.0,0.0,0.0,0.0,0.71,0.0,0.0,13.21,0.0,0.0
QSP,2024-11-18,0.0,0.95,2000.0,0.08,0.25,0.0,0.0,8.36,0.0,0.0
QPH,2024-11-18,0.0,0.03,2000.0,0.07,-0.06,4039.0,6.84,8.72,24599.0,1.12
QNW,2024-11-18,0.0,0.0,400.0,0.02,0.53,1641.0,10.67,25.87,12657.0,1.38
QST,2024-11-18,0.0,0.0,2000.0,0.1,-0.01,2643.0,7.76,6.64,12841.0,1.6
QNU,2024-11-18,0.0,0.0,386.0,0.04,0.0,0.0,0.0,22.48,0.0,0.0
QTP,2024-11-18,0.0,0.88,1500.0,0.11,0.94,1497.0,9.08,12.25,11890.0,1.14
QTC,2024-11-18,0.0,0.0,0.0,0.0,1.03,438.0,38.33,29.84,14987.0,1.12
RAL,2024-11-18,0.0,2.16,5000.0,0.04,0.18,25611.0,4.91,8.58,132457.0,0.95
RBC,2024-11-18,0.0,0.0,0.0,0.0,-0.92,0.0,0.0,19.34,0.0,0.0
RCC,2024-11-18,0.0,0.05,0.0,0.0,0.0,844.0,18.95,20.74,12782.0,1.25
RCD,2024-11-18,0.0,0.13,0.0,0.0,2.71,0.0,0.0,32.12,0.0,0.0
RDP,2024-11-18,0.0,0.36,0.0,0.0,0.79,-938.0,-1.92,3.89,5692.0,0.32
RAT,2024-11-18,0.0,0.49,0.0,0.0,-0.1,0.0,0.0,14.65,0.0,0.0
REE,2024-11-18,0.0,49.0,1000.0,0.02,1.17,4235.0,15.35,12.71,46258.0,1.41
RIC,2024-11-18,0.0,12.09,0.0,0.0,-0.91,-551.0,-6.12,188.48,7773.0,0.43
RCL,2024-11-18,0.0,0.0,0.0,0.0,0.15,73.0,159.27,18.02,20684.0,0.57
S4A,2024-11-18,0.0,0.1,4700.0,0.11,-0.27,2788.0,14.78,15.97,13683.0,3.01
RTB,2024-11-18,0.0,0.0,2200.0,0.08,-0.45,3298.0,8.4,12.66,27643.0,1.0
S27,2024-11-18,0.0,0.95,0.0,0.0,0.0,-800.0,-0.87,-0.21,-13489.0,-0.05
S12,2024-11-18,0.0,11.42,0.0,0.0,0.07,-363.0,-6.1,110.7,-23355.0,-0.09
S72,2024-11-18,0.0,0.03,0.0,0.0,0.13,528.0,12.69,12.46,10111.0,0.66
S55,2024-11-18,0.0,0.41,1500.0,0.02,-0.37,10784.0,5.94,5.51,90525.0,0.71
S74,2024-11-18,0.0,1.0,0.0,0.0,1.2,-55.0,-272.28,194.4,17932.0,0.84
S99,2024-11-18,0.0,0.0,0.0,0.0,1.21,599.0,12.86,5.57,17180.0,0.45
SAB,2024-11-18,59700.0,60.71,5500.0,0.1,0.87,3361.0,16.51,15.54,20445.0,2.71
S96,2024-11-18,0.0,1.43,0.0,0.0,0.0,49.0,8.14,0.89,7474.0,0.05
SAM,2024-11-18,2400.0,0.54,0.0,0.0,0.54,183.0,35.03,30.25,12298.0,0.52
SAC,2024-11-18,0.0,0.03,7065.0,0.55,2.06,536.0,23.87,10.75,16496.0,0.78
SAF,2024-11-18,0.0,3.4,3000.0,0.05,0.25,4127.0,14.18,14.21,13927.0,4.2
SAL,2024-11-18,0.0,0.0,420.0,0.28,0.0,0.0,0.0,2.49,0.0,0.0
SBA,2024-11-18,0.0,0.27,2200.0,0.07,-0.28,2287.0,13.47,16.9,15440.0,1.99
SAS,2024-11-18,0.0,0.33,1626.0,0.05,1.66,2600.0,13.58,13.73,11700.0,3.02
SAV,2024-11-18,0.0,49.98,500.0,0.02,0.87,1291.0,15.81,14.68,15083.0,1.35
SB1,2024-11-18,0.0,0.68,500.0,0.08,-0.22,881.0,6.81,53.39,15798.0,0.38
SBD,2024-11-18,0.0,0.89,0.0,0.0,1.05,1021.0,7.2,13.07,11216.0,0.66
SBB,2024-11-18,0.0,0.01,1000.0,0.05,-0.15,-391.0,-46.7,-68.46,18046.0,1.01
SBH,2024-11-18,0.0,0.0,7770.0,0.16,0.03,2625.0,18.87,18.62,12498.0,3.96
SBG,2024-11-18,2700.0,0.6,0.0,0.0,0.53,1160.0,8.71,6.31,17889.0,0.56
SBL,2024-11-18,0.0,0.0,500.0,0.07,0.92,145.0,51.9,742.57,15200.0,0.49
SBM,2024-11-18,0.0,0.0,3000.0,0.1,0.17,3138.0,9.88,15.33,14039.0,2.21
SBS,2024-11-18,0.0,0.47,0.0,0.0,2.25,-381.0,-12.37,86.24,1997.0,2.36
SBT,2024-11-18,7200.0,22.34,0.0,0.0,1.04,977.0,12.29,10.16,14787.0,0.81
SBR,2024-11-18,0.0,0.0,219.0,0.02,-1.09,1093.0,9.05,20.15,10000.0,0.99
SAP,2024-11-18,0.0,0.0,0.0,0.0,2.1,136.0,224.46,15.7,5396.0,5.65
SBV,2024-11-18,0.0,14.71,250.0,0.03,0.2,-79.0,-123.36,4.13,17053.0,0.57
SCD,2024-11-18,0.0,6.29,0.0,0.0,0.5,-10658.0,-1.27,33.07,-6632.0,-2.04
SCG,2024-11-18,0.0,0.0,0.0,0.0,0.15,1967.0,33.14,55.42,15179.0,4.3
SCC,2024-11-18,0.0,0.0,0.0,0.0,0.93,-553.0,-3.08,6.92,15287.0,0.11
SCI,2024-11-18,0.0,0.0,0.0,0.0,1.56,304.0,25.01,5.35,19772.0,0.38
SC5,2024-11-18,0.0,2.29,300.0,0.01,0.39,2475.0,8.89,18.07,24720.0,0.89
SCS,2024-11-18,78823.0,23.44,5000.0,0.07,0.94,6377.0,11.95,11.44,16223.0,4.7
SCR,2024-11-18,10400.0,0.47,0.0,0.0,1.25,29.0,179.3,128.09,12930.0,0.4
SCL,2024-11-18,0.0,0.0,0.0,0.0,1.37,1958.0,13.52,7.67,14263.0,1.85
SCJ,2024-11-18,0.0,0.0,0.0,0.0,1.19,177.0,19.76,18.09,11909.0,0.29
SCO,2024-11-18,0.0,0.0,0.0,0.0,-0.18,0.0,0.0,11.76,-22272.0,-0.25
SCY,2024-11-18,0.0,0.01,380.0,0.03,0.43,1057.0,11.23,24.53,14614.0,0.81
SD2,2024-11-18,0.0,5.98,0.0,0.0,-0.41,649.0,6.78,28.46,12557.0,0.35
SD1,2024-11-18,0.0,0.0,0.0,0.0,0.0,-5070.0,-0.16,0.0,-1219.0,-0.66
SD4,2024-11-18,0.0,0.43,0.0,0.0,1.14,-12180.0,-0.25,30.9,278.0,10.79
SD3,2024-11-18,0.0,0.17,0.0,0.0,1.91,-925.0,-5.41,2.69,1292.0,3.87
SD6,2024-11-18,0.0,0.34,0.0,0.0,-0.62,-1940.0,-1.54,26.01,5124.0,0.58
SD7,2024-11-18,0.0,0.47,0.0,0.0,0.42,40.0,73.1,-20.43,11317.0,0.26
SD5,2024-11-18,0.0,2.44,600.0,0.08,0.21,865.0,9.01,9.05,18303.0,0.43
SD8,2024-11-18,0.0,10.98,0.0,0.0,0.0,-591.0,-2.54,0.28,-10570.0,-0.14
SDA,2024-11-18,0.0,0.0,0.0,0.0,1.0,487.0,10.26,18.2,6878.0,0.73
SD9,2024-11-18,0.0,2.59,0.0,0.0,0.63,734.0,15.93,18.82,24778.0,0.47
SDD,2024-11-18,0.0,0.28,0.0,0.0,0.63,-1015.0,-1.48,-2.75,5872.0,0.26
SDB,2024-11-18,0.0,0.23,0.0,0.0,0.0,-1611.0,-0.31,0.81,1427.0,0.35
SDC,2024-11-18,1000.0,3.4,500.0,0.05,0.65,850.0,10.82,11.93,20139.0,0.46
SDG,2024-11-18,0.0,0.02,2000.0,0.14,-0.17,327.0,43.07,4.09,33567.0,0.42
SDK,2024-11-18,0.0,1.07,0.0,0.0,0.78,2172.0,8.38,7.28,20185.0,0.9
SDN,2024-11-18,0.0,22.39,1500.0,0.04,-0.12,6145.0,5.45,13.13,21593.0,1.55
SDP,2024-11-18,0.0,0.14,0.0,0.0,-0.48,-550.0,-1.75,-0.61,-4973.0,-0.19
SDT,2024-11-18,0.0,1.34,0.0,0.0,0.3,287.0,12.9,9.76,18136.0,0.2
SDX,2024-11-18,0.0,0.0,0.0,0.0,0.0,0.0,0.0,6.67,0.0,0.0
SDU,2024-11-18,0.0,0.11,0.0,0.0,-0.44,64.0,275.3,234.67,17661.0,1.0
SDY,2024-11-18,0.0,0.43,0.0,0.0,0.28,590.0,2.37,-114.57,-2681.0,-0.52
SDV,2024-11-18,0.0,0.0,2000.0,0.07,0.09,2103.0,14.08,14.47,26616.0,1.11
SEA,2024-11-18,0.0,0.0,500.0,0.01,-0.13,1531.0,27.09,73.8,19130.0,2.17
SEB,2024-11-18,0.0,0.0,4900.0,0.1,0.3,3825.0,12.63,13.09,20213.0,2.39
SED,2024-11-18,0.0,0.0,1500.0,0.07,0.41,4933.0,4.26,4.31,34843.0,0.6
SFI,2024-11-18,0.0,10.31,2000.0,0.06,0.46,3031.0,10.23,18.33,31863.0,0.97
SFG,2024-11-18,0.0,0.2,500.0,0.05,1.02,666.0,15.23,15.19,13435.0,0.76
SGB,2024-11-18,0.0,11.4,0.0,0.0,0.34,768.0,16.2,11.45,12349.0,1.01
SGD,2024-11-18,0.0,0.0,0.0,0.0,0.12,264.0,45.49,9.93,14874.0,0.81
SGH,2024-11-18,0.0,0.35,4760.0,0.15,0.35,1104.0,28.52,33.47,11120.0,2.83
SGI,2024-11-18,0.0,0.0,0.0,0.0,0.11,353.0,36.96,10.6,37517.0,0.35
SGN,2024-11-18,1800.0,27.07,2500.0,0.03,0.74,6508.0,11.89,10.83,33103.0,2.34
SGP,2024-11-18,0.0,0.68,0.0,0.0,2.55,917.0,26.38,21990.91,12870.0,1.88
SGR,2024-11-18,0.0,0.0,1000.0,0.03,1.15,1652.0,24.03,12.54,15560.0,2.55
SGS,2024-11-18,0.0,0.36,0.0,0.0,-0.25,2179.0,8.31,5.82,21394.0,0.85
SEP,2024-11-18,0.0,0.0,1720.0,0.1,-0.32,338.0,50.9,8.5,11289.0,1.52
SFN,2024-11-18,0.0,0.86,900.0,0.05,0.02,2908.0,6.5,5.78,26506.0,0.71
SGC,2024-11-18,0.0,1.07,1000.0,0.01,0.1,14461.0,7.61,9.84,46006.0,2.39
SGT,2024-11-18,0.0,5.57,0.0,0.0,0.42,396.0,38.12,4.97,13457.0,1.12
SFC,2024-11-18,0.0,0.66,3500.0,0.15,0.57,1813.0,12.79,8.91,16022.0,1.45
SHA,2024-11-18,0.0,0.89,0.0,0.0,0.39,429.0,9.99,5.74,12696.0,0.34
SHB,2024-11-18,161300.0,2.92,500.0,0.05,0.94,2141.0,4.76,3.31,15223.0,0.67
SHE,2024-11-18,0.0,1.04,0.0,0.0,0.26,1577.0,5.71,6.9,12794.0,0.7
SHC,2024-11-18,0.0,0.0,0.0,0.0,-3.05,230.0,49.23,10.41,17591.0,0.64
SHG,2024-11-18,0.0,0.0,0.0,0.0,-0.32,-972.0,-2.06,-0.99,-26110.0,-0.08
SHI,2024-11-18,0.0,0.15,0.0,0.0,0.08,351.0,41.63,38.19,12800.0,1.14
SHN,2024-11-18,0.0,0.01,0.0,0.0,0.52,47.0,130.69,15.76,12307.0,0.5
SHS,2024-11-18,526400.0,4.51,0.0,0.0,2.13,1178.0,11.2,10.37,13555.0,0.97
SIG,2024-11-18,0.0,0.0,0.0,0.0,-1.03,0.0,0.0,10.71,0.0,0.0
SID,2024-11-18,0.0,0.1,0.0,0.0,1.36,766.0,15.67,41.24,23973.0,0.5
SHP,2024-11-18,0.0,5.24,3000.0,0.09,0.2,2433.0,14.18,12.49,11944.0,2.89
SII,2024-11-18,0.0,48.9,0.0,0.0,-3.27,-334.0,-50.05,602.02,14306.0,1.17
SIP,2024-11-18,89000.0,2.78,1600.0,0.02,1.58,6348.0,12.9,21.75,22375.0,3.66
TCW,2024-11-18,0.0,5.0,2200.0,0.07,0.48,4212.0,7.08,6.08,18524.0,1.61
SIV,2024-11-18,0.0,7.71,2400.0,0.06,1.13,0.0,0.0,4.57,0.0,0.0
SJD,2024-11-18,10000.0,5.67,1800.0,0.11,0.5,2012.0,8.1,8.95,14673.0,1.11
SJ1,2024-11-18,0.0,0.0,500.0,0.05,-0.98,1259.0,8.02,6.24,8338.0,1.21
SJC,2024-11-18,0.0,0.28,0.0,0.0,0.0,-764.0,-5.37,1.73,13575.0,0.3
SJE,2024-11-18,0.0,0.0,0.0,0.0,-0.02,5529.0,3.62,2.94,35306.0,0.57
SJF,2024-11-18,0.0,0.33,0.0,0.0,-0.01,-366.0,-4.65,13.46,6288.0,0.27
SJS,2024-11-18,0.0,0.63,0.0,0.0,0.74,1963.0,31.53,20.31,25187.0,2.46
SJG,2024-11-18,0.0,0.0,2000.0,0.11,0.79,1152.0,15.47,15.26,20782.0,0.86
SJM,2024-11-18,0.0,0.62,0.0,0.0,-3.42,942.0,6.58,18.24,2551.0,2.43
SKG,2024-11-18,2500.0,44.86,500.0,0.05,0.53,589.0,18.01,9.64,13458.0,0.79
SKH,2024-11-18,0.0,0.05,2112.0,0.08,-0.11,2078.0,12.39,11.06,12080.0,2.13
SKN,2024-11-18,0.0,0.0,346.0,0.04,0.26,0.0,0.0,15.63,0.0,0.0
SKV,2024-11-18,0.0,0.11,3010.0,0.1,0.4,3113.0,9.99,9.41,15854.0,1.96
SLS,2024-11-18,0.0,0.64,20000.0,0.11,0.24,50118.0,3.5,11.44,146866.0,1.19
SMA,2024-11-18,0.0,0.05,350.0,0.03,-0.2,717.0,14.5,16.77,11742.0,0.89
SMC,2024-11-18,0.0,20.57,0.0,0.0,1.99,-4509.0,-1.57,6.53,10931.0,0.65
SMB,2024-11-18,0.0,13.6,3500.0,0.09,0.14,5949.0,6.53,14.74,20267.0,1.92
SMT,2024-11-18,0.0,0.0,0.0,0.0,0.62,17.0,338.89,10.75,12084.0,0.49
SMN,2024-11-18,0.0,0.0,1100.0,0.08,0.18,2313.0,5.62,5.9,18447.0,0.7
SNZ,2024-11-18,0.0,0.0,1200.0,0.03,1.24,2624.0,13.21,9.53,28145.0,1.23
SNC,2024-11-18,0.0,0.0,2000.0,0.09,0.16,2909.0,7.56,9.17,17924.0,1.23
SP2,2024-11-18,0.0,0.0,0.0,0.0,1.08,2525.0,7.16,12.13,5566.0,3.25
SPC,2024-11-18,0.0,0.0,0.0,0.0,-0.12,-753.0,-11.29,4.08,13738.0,0.62
SPB,2024-11-18,0.0,0.0,0.0,0.0,-0.06,691.0,25.61,23.54,17445.0,1.01
SPH,2024-11-18,0.0,0.0,0.0,0.0,-0.13,0.0,0.0,-9.77,0.0,0.0
SPD,2024-11-18,0.0,0.0,0.0,0.0,0.0,309.0,25.93,10.91,10614.0,0.75
SPI,2024-11-18,0.0,1.22,0.0,0.0,0.62,-419.0,-5.48,77.34,6791.0,0.34
SPM,2024-11-18,0.0,2.15,0.0,0.0,0.81,499.0,21.24,13.49,58254.0,0.18
SRA,2024-11-18,0.0,0.0,0.0,0.0,1.46,726.0,3.03,6.79,14259.0,0.15
SQC,2024-11-18,0.0,6.91,0.0,0.0,-0.66,-181.0,-64.51,21666.67,5960.0,1.96
SPV,2024-11-18,0.0,0.0,500.0,0.03,-0.04,0.0,0.0,9.39,0.0,0.0
SRB,2024-11-18,0.0,0.86,0.0,0.0,0.79,-284.0,-7.25,174.91,7805.0,0.26
SRC,2024-11-18,0.0,0.1,600.0,0.02,-0.46,4848.0,5.62,7.65,19468.0,1.4
SSB,2024-11-18,166800.0,0.12,0.0,0.0,0.53,1893.0,8.88,10.11,11915.0,1.41
SSC,2024-11-18,0.0,0.84,3000.0,0.08,0.08,4409.0,8.05,9.34,28264.0,1.26
SRF,2024-11-18,0.0,45.93,0.0,0.0,0.51,-15.0,-567.95,13.58,12908.0,0.65
SSF,2024-11-18,0.0,0.0,0.0,0.0,0.0,0.0,0.0,428.75,0.0,0.0
SSG,2024-11-18,0.0,0.0,1000.0,0.09,1.79,110.0,97.88,10.3,11219.0,0.96
SSH,2024-11-18,0.0,0.0,0.0,0.0,0.38,1022.0,65.36,23.85,16539.0,4.04
SSI,2024-11-18,2124600.0,41.86,1000.0,0.04,1.47,1944.0,12.32,12.78,15979.0,1.5
SSM,2024-11-18,0.0,0.67,0.0,0.0,-0.15,1385.0,3.68,4.21,13020.0,0.39
ST8,2024-11-18,0.0,0.65,0.0,0.0,1.06,780.0,8.98,10.29,11827.0,0.59
SSN,2024-11-18,0.0,0.05,0.0,0.0,-0.7,-4.0,-293.45,25.74,11411.0,0.11
STB,2024-11-18,1347100.0,23.54,0.0,0.0,1.36,4641.0,6.98,5.76,27201.0,1.19
STC,2024-11-18,0.0,0.0,1400.0,0.08,-0.04,2167.0,7.62,5.84,23925.0,0.69
STH,2024-11-18,0.0,0.0,0.0,0.0,1.58,10.0,655.78,59.77,10236.0,0.67
STL,2024-11-18,0.0,31.86,0.0,0.0,0.0,-973.0,-1.03,1.29,-157613.0,-0.01
STK,2024-11-18,500.0,16.56,0.0,0.0,1.05,616.0,40.13,7.94,17816.0,1.39
STS,2024-11-18,0.0,0.0,0.0,0.0,0.0,1307.0,28.31,10.24,15367.0,2.41
STT,2024-11-18,0.0,9.28,0.0,0.0,0.52,-1502.0,-1.07,29.26,183.0,8.77
STW,2024-11-18,0.0,0.0,936.0,0.03,-0.13,2442.0,13.84,13.4,17508.0,1.93
SVG,2024-11-18,0.0,0.0,0.0,0.0,3.56,-1.0,-4260.87,57.53,10325.0,0.47
SVD,2024-11-18,0.0,0.19,0.0,0.0,-0.05,-214.0,-14.97,88.35,9033.0,0.35
SVH,2024-11-18,0.0,0.0,0.0,0.0,0.0,2010.0,2.98,3.43,13913.0,0.43
STG,2024-11-18,0.0,30.05,0.0,0.0,0.74,1834.0,22.41,15.13,23877.0,1.72
STP,2024-11-18,0.0,1.06,1000.0,0.11,0.55,819.0,11.36,9.35,17454.0,0.53
SVC,2024-11-18,0.0,1.71,1000.0,0.04,-0.56,795.0,29.8,11.63,37515.0,0.63
SVN,2024-11-18,0.0,0.02,0.0,0.0,0.25,13.0,238.1,63.0,10688.0,0.28
SVI,2024-11-18,0.0,95.0,2600.0,0.04,0.1,6313.0,9.22,4.84,65808.0,0.88
SVT,2024-11-18,0.0,0.37,1500.0,0.13,-0.02,1910.0,5.86,7.18,13110.0,0.85
SZC,2024-11-18,189500.0,3.21,1000.0,0.02,1.7,1919.0,22.02,33.33,16836.0,2.51
SWC,2024-11-18,0.0,0.01,0.0,0.0,0.38,3924.0,7.19,8.37,27007.0,1.04
SZG,2024-11-18,0.0,0.0,1500.0,0.04,0.18,3311.0,10.27,15.25,15613.0,2.18
SZB,2024-11-18,0.0,0.0,3500.0,0.09,0.29,6577.0,6.17,6.44,22835.0,1.78
SZE,2024-11-18,0.0,0.0,800.0,0.07,-0.35,910.0,13.15,12.73,12508.0,0.96
SZL,2024-11-18,0.0,16.43,2000.0,0.05,0.16,4491.0,9.35,14.37,23412.0,1.79
TAL,2024-11-18,0.0,0.0,1500.0,0.09,1.12,2244.0,7.64,10.72,12495.0,1.37
TA9,2024-11-18,0.0,0.0,2266.0,0.19,0.52,2077.0,5.63,6.73,12841.0,0.91
TA6,2024-11-18,0.0,0.51,0.0,0.0,-2.19,486.0,25.93,33.16,11779.0,1.07
TAN,2024-11-18,0.0,0.0,0.0,0.0,0.0,0.0,0.0,26.93,0.0,0.0
TAB,2024-11-18,0.0,0.0,0.0,0.0,-0.46,0.0,0.0,23.09,0.0,0.0
TAW,2024-11-18,0.0,0.0,1050.0,0.07,0.0,309.0,47.92,10.08,11978.0,1.24
TB8,2024-11-18,0.0,0.0,1600.0,0.16,0.0,5146.0,1.92,4.95,15684.0,0.63
TAR,2024-11-18,0.0,0.0,0.0,0.0,-0.35,-664.0,-6.51,10.91,13345.0,0.32
TBC,2024-11-18,100.0,1.47,3000.0,0.07,-0.24,2611.0,15.36,11.49,21472.0,1.87
TBD,2024-11-18,0.0,4.53,2000.0,0.03,0.0,2986.0,26.72,32.08,18393.0,4.34
TBW,2024-11-18,0.0,0.0,1380.0,0.1,0.0,0.0,0.0,3.62,0.0,0.0
TBR,2024-11-18,0.0,0.0,350.0,0.05,0.26,0.0,0.0,14.47,0.0,0.0
TBT,2024-11-18,0.0,0.0,0.0,0.0,0.0,0.0,0.0,23.35,0.0,0.0
TBH,2024-11-18,0.0,0.0,0.0,0.0,0.0,161.0,81.18,0.0,5732.0,2.29
TBX,2024-11-18,0.0,0.01,0.0,0.0,0.0,168.0,133.1,67.36,13508.0,1.65
TCB,2024-11-18,1657300.0,22.13,1500.0,0.07,0.97,5254.0,4.27,5.84,20492.0,1.1
TCD,2024-11-18,0.0,0.33,0.0,0.0,0.88,142.0,31.87,8.16,11451.0,0.39
TCH,2024-11-18,1005000.0,5.57,0.0,0.0,2.16,1546.0,9.18,11.86,19309.0,0.74
TCI,2024-11-18,7700.0,5.18,0.0,0.0,0.97,568.0,14.03,11.42,10654.0,0.75
TCJ,2024-11-18,0.0,0.0,0.0,0.0,0.0,0.0,0.0,40.0,0.0,0.0
TCK,2024-11-18,0.0,0.0,0.0,0.0,0.0,636.0,6.14,25.14,-4022.0,-0.97
TCM,2024-11-18,0.0,49.19,0.0,0.0,1.15,2504.0,18.57,29.4,21698.0,2.14
TCO,2024-11-18,0.0,0.81,0.0,0.0,-0.07,1123.0,17.19,14.44,17755.0,1.09
TCR,2024-11-18,0.0,48.29,0.0,0.0,-0.17,-859.0,-4.09,1.95,8370.0,0.42
TCT,2024-11-18,0.0,11.29,500.0,0.03,0.38,589.0,28.62,25.35,26772.0,0.63
TDB,2024-11-18,0.0,0.0,2500.0,0.06,0.06,2730.0,14.69,42.32,71508.0,0.56
TCL,2024-11-18,1000.0,11.77,2326.0,0.07,0.12,4549.0,7.67,7.87,20282.0,1.72
TDF,2024-11-18,0.0,0.0,1500.0,0.12,1.34,-116.0,-111.32,8.26,24253.0,0.53
TDG,2024-11-18,0.0,0.01,0.0,0.0,0.94,131.0,28.31,17.74,12385.0,0.3
TDC,2024-11-18,61000.0,0.77,0.0,0.0,1.55,665.0,14.95,4.56,8932.0,1.11
TDH,2024-11-18,0.0,1.39,0.0,0.0,0.65,-297.0,-8.05,0.79,3298.0,0.72
TDM,2024-11-18,0.0,3.16,1400.0,0.03,0.01,1729.0,28.92,28.54,22369.0,2.24
TDS,2024-11-18,0.0,0.34,7000.0,0.73,2.18,-177.0,-54.42,16.81,16566.0,0.58
TDP,2024-11-18,2200.0,0.11,0.0,0.0,0.61,1224.0,26.97,37.32,11387.0,2.9
TDT,2024-11-18,0.0,0.08,0.0,0.0,0.14,285.0,23.89,5.32,11360.0,0.6
TDW,2024-11-18,0.0,3.04,3400.0,0.07,-0.18,6525.0,7.69,8.22,26820.0,1.87
TED,2024-11-18,0.0,35.26,2500.0,0.05,0.68,4523.0,11.05,8.68,26420.0,1.89
TEL,2024-11-18,0.0,0.12,0.0,0.0,-0.67,0.0,0.0,220.0,11077.0,1.19
TFC,2024-11-18,0.0,32.05,1200.0,0.03,0.27,7423.0,5.5,12.05,21319.0,1.91
TEG,2024-11-18,0.0,5.15,0.0,0.0,0.27,151.0,54.3,14.08,12248.0,0.67
TET,2024-11-18,0.0,0.01,800.0,0.03,0.07,1454.0,21.59,29.85,20033.0,1.57
TGG,2024-11-18,0.0,0.0,0.0,0.0,0.0,-89.0,-25.79,20.93,6483.0,0.35
TH1,2024-11-18,0.0,0.01,0.0,0.0,-0.38,3839.0,0.96,11.61,2639.0,1.4
THB,2024-11-18,0.0,6.22,350.0,0.03,0.06,292.0,39.79,30.19,13019.0,0.89
TGP,2024-11-18,0.0,0.0,0.0,0.0,-0.37,0.0,0.0,12.28,0.0,0.0
THG,2024-11-18,100.0,2.91,3000.0,0.07,0.27,4494.0,9.57,9.14,26999.0,1.59
THD,2024-11-18,0.0,0.19,0.0,0.0,0.18,419.0,84.92,201.56,11174.0,3.19
THM,2024-11-18,0.0,0.0,0.0,0.0,0.81,653.0,10.25,10.18,10483.0,0.64
THT,2024-11-18,0.0,4.04,1000.0,0.08,0.26,2981.0,4.06,3.52,16312.0,0.74
THN,2024-11-18,0.0,0.0,1009.0,0.2,0.0,1527.0,3.34,3.96,12247.0,0.42
THP,2024-11-18,0.0,0.0,300.0,0.04,0.26,863.0,9.74,10.37,16751.0,0.5
THU,2024-11-18,0.0,0.0,587.0,0.05,0.38,0.0,0.0,12.72,0.0,0.0
TID,2024-11-18,0.0,0.0,1000.0,0.04,0.64,1510.0,15.67,18.93,20482.0,1.16
TIG,2024-11-18,37500.0,9.64,0.0,0.0,1.89,1072.0,12.12,7.17,14286.0,0.91
THW,2024-11-18,0.0,2.46,600.0,0.05,-1.01,41.0,325.52,7.46,10257.0,1.29
TIP,2024-11-18,0.0,17.13,300.0,0.01,1.41,3331.0,6.59,8.63,28099.0,0.78
TIN,2024-11-18,0.0,0.14,0.0,0.0,0.65,-943.0,-14.78,24.88,9435.0,1.48
TIS,2024-11-18,200.0,0.05,0.0,0.0,1.88,-347.0,-17.93,76.23,8680.0,0.72
TJC,2024-11-18,0.0,0.34,900.0,0.05,-0.04,5204.0,3.82,38.23,20359.0,0.98
TKA,2024-11-18,0.0,0.0,800.0,0.21,0.0,950.0,4.1,1.44,13998.0,0.28
TIX,2024-11-18,0.0,0.47,4250.0,0.12,-0.33,3464.0,10.54,10.84,28110.0,1.3
TKG,2024-11-18,0.0,0.0,0.0,0.0,0.36,207.0,11.61,4.33,10383.0,0.23
THS,2024-11-18,0.0,0.05,800.0,0.09,0.09,680.0,12.65,10.08,14493.0,0.59
TIE,2024-11-18,0.0,0.9,0.0,0.0,0.39,-3426.0,-1.2,32.7,21486.0,0.19
TKC,2024-11-18,0.0,0.0,0.0,0.0,0.0,-55706.0,-0.02,0.78,-31251.0,-0.04
TKU,2024-11-18,1100.0,8.15,0.0,0.0,-0.05,616.0,24.35,14.06,11367.0,1.32
TL4,2024-11-18,0.0,0.01,0.0,0.0,0.38,-1711.0,-4.16,2148.94,14519.0,0.49
TLD,2024-11-18,0.0,0.65,0.0,0.0,-0.02,226.0,26.66,9.38,10507.0,0.57
TLG,2024-11-18,43800.0,21.83,2000.0,0.03,1.16,5744.0,9.99,11.87,30435.0,1.89
TLH,2024-11-18,5700.0,0.96,0.0,0.0,1.57,-2510.0,-1.82,5.12,14052.0,0.32
TLI,2024-11-18,0.0,0.0,0.0,0.0,2.78,0.0,0.0,-7.05,0.0,0.0
TLP,2024-11-18,0.0,0.0,250.0,0.04,0.44,569.0,11.25,10.32,11808.0,0.54
TLT,2024-11-18,0.0,0.23,500.0,0.04,1.09,0.0,0.0,19.01,-1473.0,-9.23
TMB,2024-11-18,0.0,0.0,2000.0,0.03,0.99,16902.0,3.73,15.75,50342.0,1.25
TMP,2024-11-18,100.0,0.8,6483.0,0.09,-0.17,4785.0,14.29,19.79,22237.0,3.08
TMG,2024-11-18,0.0,0.02,2700.0,0.06,-0.41,2367.0,17.79,22.76,13072.0,3.22
TMC,2024-11-18,0.0,1.78,600.0,0.08,-0.35,850.0,9.42,12.28,15402.0,0.52
TMT,2024-11-18,0.0,2.56,0.0,0.0,0.54,-5229.0,-1.3,6.56,6664.0,1.02
TMS,2024-11-18,100.0,42.6,500.0,0.01,0.28,1725.0,24.64,17.18,30332.0,1.4
TMX,2024-11-18,0.0,6.94,300.0,0.03,0.11,357.0,25.78,30.6,14919.0,0.62
TMW,2024-11-18,0.0,0.0,1000.0,0.05,-0.03,0.0,0.0,15.54,0.0,0.0
TNC,2024-11-18,0.0,0.56,1200.0,0.04,-0.05,1734.0,19.67,19.89,17033.0,2.0
TNA,2024-11-18,0.0,2.13,0.0,0.0,0.21,-818.0,-4.61,186.91,10688.0,0.35
TNB,2024-11-18,0.0,0.0,0.0,0.0,-0.38,-128.0,-82.17,63.39,12082.0,0.87
TN1,2024-11-18,0.0,0.22,500.0,0.05,0.39,437.0,24.0,10.06,17175.0,0.61
TNG,2024-11-18,92800.0,17.31,1200.0,0.05,1.67,2585.0,9.67,9.89,15233.0,1.64
TNH,2024-11-18,53400.0,49.43,0.0,0.0,1.77,917.0,21.92,14.29,15563.0,1.29
TNI,2024-11-18,0.0,0.13,0.0,0.0,0.63,611.0,3.66,15.55,10072.0,0.22
TNM,2024-11-18,0.0,0.0,0.0,0.0,0.0,0.0,0.0,7.68,0.0,0.0
TNP,2024-11-18,0.0,0.0,2500.0,0.1,-0.13,352.0,73.57,7.66,11061.0,2.34
TNT,2024-11-18,0.0,1.46,0.0,0.0,1.3,308.0,13.96,10.96,13391.0,0.32
TNS,2024-11-18,0.0,0.07,0.0,0.0,-0.16,1619.0,2.93,94.98,2834.0,1.68
TNW,2024-11-18,0.0,0.0,570.0,0.06,-0.36,-890.0,-10.36,25.35,12596.0,0.73
TOP,2024-11-18,0.0,1.35,0.0,0.0,-0.04,1.0,911.72,1477.22,6404.0,0.18
TOT,2024-11-18,0.0,3.86,1000.0,0.06,0.34,3151.0,5.55,4.88,14195.0,1.23
TPB,2024-11-18,0.0,30.0,500.0,0.03,1.23,2205.0,7.07,4.58,13744.0,1.14
TOS,2024-11-18,0.0,0.0,1500.0,0.02,0.29,8057.0,8.84,13.83,42738.0,1.67
TOW,2024-11-18,0.0,9.66,1500.0,0.07,1.81,511.0,42.7,5.59,16966.0,1.28
TPP,2024-11-18,0.0,0.17,0.0,0.0,-0.41,747.0,13.53,18.25,11906.0,0.85
TPC,2024-11-18,0.0,1.74,0.0,0.0,0.41,720.0,8.75,15.39,13055.0,0.48
TPH,2024-11-18,0.0,0.0,700.0,0.05,1.13,590.0,26.12,14.03,11767.0,1.31
TRA,2024-11-18,0.0,46.67,4000.0,0.05,-0.05,5139.0,14.96,10.52,37639.0,2.04
TPS,2024-11-18,0.0,0.0,2500.0,0.08,-0.05,741.0,42.13,5.84,17152.0,1.82
TR1,2024-11-18,0.0,0.0,1500.0,0.08,0.28,0.0,0.0,13.62,0.0,0.0
TQW,2024-11-18,0.0,0.0,640.0,0.08,0.0,0.0,0.0,15.67,0.0,0.0
TQN,2024-11-18,0.0,0.0,1523.0,0.06,-0.01,0.0,0.0,6.17,0.0,0.0
TS3,2024-11-18,0.0,0.0,0.0,0.0,0.07,211.0,23.71,5.35,11074.0,0.45
TRT,2024-11-18,0.0,0.0,0.0,0.0,0.01,223.0,65.02,15.95,12375.0,1.17
TRC,2024-11-18,500.0,2.05,900.0,0.02,0.8,5184.0,8.85,19.52,58904.0,0.78
TRS,2024-11-18,0.0,0.0,1000.0,0.04,-0.05,0.0,0.0,5.46,0.0,0.0
TS4,2024-11-18,0.0,0.0,0.0,0.0,0.0,-225.0,-5.34,38.78,-32136.0,-0.04
TSC,2024-11-18,0.0,0.19,0.0,0.0,0.95,-88.0,-28.21,21.64,12454.0,0.2
TSA,2024-11-18,0.0,0.0,0.0,0.0,0.75,553.0,22.37,16.94,10945.0,1.13
TSB,2024-11-18,0.0,3.46,556.0,0.01,0.66,1049.0,42.15,37.27,12001.0,3.68
TSD,2024-11-18,0.0,0.02,0.0,0.0,1.11,0.0,0.0,7.94,0.0,0.0
TSG,2024-11-18,0.0,1.62,1100.0,0.06,0.6,0.0,0.0,8.32,0.0,0.0
TST,2024-11-18,0.0,0.94,0.0,0.0,-0.07,33.0,116.94,15.6,20226.0,0.19
TSJ,2024-11-18,0.0,0.0,900.0,0.03,0.3,1108.0,24.55,66.71,11346.0,2.4
TTB,2024-11-18,0.0,0.0,0.0,0.0,0.0,-12.0,-151.52,6.09,10341.0,0.17
TT6,2024-11-18,0.0,0.0,0.0,0.0,1.54,392.0,20.85,17.7,10705.0,0.76
TTA,2024-11-18,39400.0,0.78,0.0,0.0,1.11,1229.0,8.26,10.79,12621.0,0.8
TTF,2024-11-18,500.0,5.81,0.0,0.0,1.01,90.0,34.12,22.07,564.0,5.43
TTC,2024-11-18,100.0,8.29,800.0,0.08,0.12,643.0,15.7,6.47,19481.0,0.52
TTG,2024-11-18,0.0,0.0,0.0,0.0,1.94,0.0,0.0,7.5,0.0,0.0
TTE,2024-11-18,0.0,0.05,0.0,0.0,0.48,381.0,81.22,50.52,10090.0,3.07
TTH,2024-11-18,0.0,0.41,0.0,0.0,1.89,-46.0,-56.03,12.62,10966.0,0.24
TTD,2024-11-18,0.0,0.45,3300.0,0.05,1.16,4935.0,12.62,11.82,19372.0,3.22
TTN,2024-11-18,70000.0,0.32,700.0,0.04,2.74,1679.0,10.3,16.29,12521.0,1.38
TTL,2024-11-18,0.0,0.01,0.0,0.0,0.72,310.0,22.55,29.28,15223.0,0.46
TTP,2024-11-18,0.0,88.22,35000.0,0.51,1.03,9849.0,7.01,4.64,55472.0,1.24
TV1,2024-11-18,0.0,0.0,500.0,0.02,0.38,3120.0,6.92,6.79,14061.0,1.54
TTS,2024-11-18,0.0,0.01,0.0,0.0,0.29,402.0,11.2,62.46,6050.0,0.74
TTT,2024-11-18,0.0,0.0,2000.0,0.07,0.85,3515.0,8.71,9.46,100010.0,0.31
TUG,2024-11-18,0.0,5.88,600.0,0.03,-0.28,0.0,0.0,5.61,0.0,0.0
TTZ,2024-11-18,0.0,12.93,0.0,0.0,0.0,-27.0,-65.89,11.36,8733.0,0.21
TV2,2024-11-18,49100.0,9.19,1000.0,0.03,1.61,839.0,36.0,30.9,19090.0,1.58
TV4,2024-11-18,0.0,0.0,1200.0,0.08,-0.02,1703.0,8.4,8.63,13123.0,1.09
TV3,2024-11-18,0.0,0.39,1000.0,0.09,0.61,1618.0,7.05,7.53,15606.0,0.73
TVB,2024-11-18,0.0,1.56,0.0,0.0,0.83,1311.0,6.56,10.71,10319.0,0.83
TVA,2024-11-18,0.0,0.0,0.0,0.0,0.0,0.0,0.0,-36.24,0.0,0.0
TV6,2024-11-18,0.0,0.0,0.0,0.0,1.63,0.0,0.0,71.0,0.0,0.0
TVH,2024-11-18,0.0,0.0,3990.0,0.24,0.0,0.0,0.0,1.98,0.0,0.0
TVM,2024-11-18,0.0,0.0,500.0,0.05,0.03,935.0,11.76,15.53,16588.0,0.66
TVG,2024-11-18,0.0,0.0,0.0,0.0,-0.38,0.0,0.0,14.06,0.0,0.0
TVN,2024-11-18,0.0,0.08,0.0,0.0,3.69,54.0,134.51,40.76,13682.0,0.53
TVS,2024-11-18,8020.0,22.2,0.0,0.0,1.82,1289.0,15.75,12.12,13347.0,1.52
TW3,2024-11-18,0.0,0.06,500.0,0.04,0.07,0.0,0.0,6.1,0.0,0.0
TVC,2024-11-18,7300.0,0.91,0.0,0.0,1.74,3054.0,3.31,3.07,17250.0,0.59
TXM,2024-11-18,0.0,0.84,0.0,0.0,0.24,-387.0,-11.11,-19.92,15602.0,0.28
TVT,2024-11-18,0.0,0.26,1000.0,0.06,0.76,757.0,20.74,8.91,26750.0,0.59
TVD,2024-11-18,0.0,3.77,900.0,0.09,0.47,1613.0,6.2,2.66,13218.0,0.76
UDC,2024-11-18,2000.0,13.58,0.0,0.0,0.98,-1589.0,-2.12,117.92,5943.0,0.57
TYA,2024-11-18,0.0,38.74,250.0,0.02,0.26,1816.0,7.54,11.83,17146.0,0.8
UDL,2024-11-18,0.0,0.0,0.0,0.0,0.0,0.0,0.0,6.47,0.0,0.0
UCT,2024-11-18,0.0,0.0,0.0,0.0,-0.04,49.0,148.86,99.01,10530.0,0.69
UDJ,2024-11-18,0.0,4.87,600.0,0.07,0.35,624.0,13.79,10.95,14559.0,0.59
UIC,2024-11-18,0.0,12.01,0.0,0.0,0.17,6908.0,6.01,3.1,55552.0,0.75
UNI,2024-11-18,0.0,0.0,0.0,0.0,1.0,29.0,239.56,15.18,10514.0,0.67
UMC,2024-11-18,0.0,0.0,586.0,0.06,0.0,0.0,0.0,8.62,0.0,0.0
VE8,2024-11-18,0.0,0.68,0.0,0.0,0.21,-5807.0,-0.79,0.83,-4009.0,-1.15
UEM,2024-11-18,0.0,0.02,1000.0,0.11,0.49,230.0,40.96,5.88,12560.0,0.75
UPH,2024-11-18,0.0,0.0,0.0,0.0,-1.53,194.0,51.54,53.18,11580.0,0.86
USC,2024-11-18,0.0,0.0,110.0,0.01,0.18,0.0,0.0,24.75,0.0,0.0
UPC,2024-11-18,0.0,0.01,1600.0,0.05,-0.09,591.0,58.02,6.63,16298.0,2.1
USD,2024-11-18,0.0,0.0,1800.0,0.09,1.71,609.0,32.67,5.62,10609.0,1.88
V12,2024-11-18,0.0,0.02,600.0,0.05,0.1,1005.0,12.94,12.84,13590.0,0.96
V11,2024-11-18,0.0,0.36,0.0,0.0,0.85,-765.0,-0.65,-0.26,5715.0,0.09
V15,2024-11-18,0.0,0.33,0.0,0.0,0.0,-4056.0,-0.1,2.67,744.0,0.54
VAB,2024-11-18,0.0,0.18,0.0,0.0,1.21,1723.0,5.19,4.57,15959.0,0.56
V21,2024-11-18,0.0,0.0,0.0,0.0,0.3,67.0,93.62,7.2,10164.0,0.62
VAF,2024-11-18,0.0,0.04,1000.0,0.07,-0.01,1794.0,8.36,10.83,13241.0,1.13
VBB,2024-11-18,0.0,0.0,0.0,0.0,0.85,2025.0,4.84,5.34,17697.0,0.55
VAV,2024-11-18,0.0,2.43,1200.0,0.03,0.31,5639.0,8.07,12.5,19775.0,2.3
VBC,2024-11-18,0.0,0.41,1800.0,0.09,-0.01,3652.0,5.48,4.27,21277.0,0.94
VBG,2024-11-18,0.0,0.0,100.0,0.02,0.0,0.0,0.0,16.86,0.0,0.0
VBH,2024-11-18,0.0,1.48,0.0,0.0,-1.84,206.0,50.51,15.08,5209.0,2.0
VC6,2024-11-18,0.0,10.49,500.0,0.02,0.33,3431.0,6.09,9.56,16228.0,1.29
VC5,2024-11-18,0.0,1.27,0.0,0.0,-0.28,5700.0,0.16,0.69,68377.0,0.01
VC3,2024-11-18,8700.0,0.18,0.0,0.0,0.37,1220.0,22.79,13.76,11126.0,2.5
VC1,2024-11-18,0.0,0.0,0.0,0.0,0.1,550.0,14.91,9.62,20929.0,0.39
VC2,2024-11-18,22000.0,0.13,0.0,0.0,1.79,264.0,31.8,12.48,13297.0,0.63
VCA,2024-11-18,0.0,0.58,0.0,0.0,0.8,138.0,60.07,19.7,12498.0,0.66
VCB,2024-11-18,532500.0,23.27,0.0,0.0,0.48,6194.0,14.8,16.71,34048.0,2.69
VC7,2024-11-18,3400.0,0.07,0.0,0.0,2.35,274.0,33.62,10.89,10968.0,0.84
VC9,2024-11-18,0.0,0.06,0.0,0.0,0.48,86.0,52.14,46.62,3786.0,1.19
VCC,2024-11-18,0.0,0.0,350.0,0.04,-0.1,252.0,37.67,9.13,11083.0,0.86
VCG,2024-11-18,96000.0,5.72,0.0,0.0,1.32,1460.0,11.82,10.87,18109.0,0.95
VCI,2024-11-18,447300.0,14.38,400.0,0.01,1.79,1838.0,17.57,26.51,15044.0,2.15
VCF,2024-11-18,0.0,0.56,25000.0,0.12,0.26,16185.0,13.12,24.0,65299.0,3.25
VCE,2024-11-18,0.0,0.0,0.0,0.0,0.0,0.0,0.0,-31.01,0.0,0.0
VCP,2024-11-18,0.0,0.01,0.0,0.0,1.46,2379.0,10.07,28.21,22649.0,1.06
VCM,2024-11-18,0.0,0.0,0.0,0.0,0.58,1368.0,8.92,14.58,23819.0,0.51
VCS,2024-11-18,13300.0,1.79,4000.0,0.06,1.64,5343.0,12.69,10.49,32777.0,2.07
VCR,2024-11-18,0.0,0.01,0.0,0.0,0.01,-99.0,-241.17,51.96,7565.0,3.16
VCT,2024-11-18,0.0,0.0,0.0,0.0,0.0,0.0,0.0,14.62,0.0,0.0
VCW,2024-11-18,0.0,0.11,1000.0,0.03,0.3,-735.0,-39.44,12.43,16591.0,1.75
VDB,2024-11-18,0.0,0.0,5336.0,5.93,0.0,1056.0,0.85,0.27,10000.0,0.09
VDL,2024-11-18,0.0,0.67,0.0,0.0,0.07,-830.0,-14.46,97.71,11566.0,1.04
VCX,2024-11-18,0.0,0.08,0.0,0.0,-0.18,778.0,10.41,10.38,8471.0,0.96
VDG,2024-11-18,0.0,1.63,0.0,0.0,2.41,0.0,0.0,0.0,0.0,0.0
VDN,2024-11-18,0.0,0.0,2000.0,0.11,0.57,0.0,0.0,59.4,0.0,0.0
VDP,2024-11-18,0.0,0.2,2500.0,0.07,0.18,3665.0,9.28,7.51,33242.0,1.02
VDS,2024-11-18,390000.0,0.8,0.0,0.0,2.19,1796.0,9.77,14.81,11702.0,1.5
VDT,2024-11-18,0.0,0.0,1000.0,0.04,0.33,0.0,0.0,18.43,0.0,0.0
VE1,2024-11-18,0.0,25.57,0.0,0.0,0.98,-341.0,-11.43,93.59,4076.0,0.96
VEA,2024-11-18,31600.0,1.81,9222.0,0.2,1.73,4839.0,9.32,10.92,22944.0,1.97
VE2,2024-11-18,0.0,0.72,0.0,0.0,0.0,-755.0,-13.24,4.16,1714.0,5.83
VE9,2024-11-18,0.0,0.19,0.0,0.0,0.46,-42.0,-43.01,56.8,728.0,2.5
VE4,2024-11-18,0.0,0.0,0.0,0.0,0.0,-1742.0,-148.92,329.21,9806.0,26.45
VEC,2024-11-18,0.0,0.0,0.0,0.0,0.57,-6.0,-1314.9,100.7,12428.0,0.61
VEF,2024-11-18,0.0,0.0,0.0,0.0,1.14,2258.0,81.1,122.02,20051.0,9.13
VET,2024-11-18,0.0,0.0,40.0,0.0,0.86,1208.0,14.71,7.48,20379.0,0.87
VES,2024-11-18,0.0,0.11,0.0,0.0,0.2,-1826.0,-0.77,2500.0,8475.0,0.17
VE3,2024-11-18,0.0,0.0,0.0,0.0,-0.05,583.0,13.89,8.22,14544.0,0.56
VFS,2024-11-18,81200.0,0.42,0.0,0.0,0.71,898.0,15.93,13.82,12938.0,1.11
VFR,2024-11-18,0.0,0.17,0.0,0.0,1.73,2760.0,4.67,24.81,20838.0,0.62
VFG,2024-11-18,1100.0,2.18,3000.0,0.03,0.82,11287.0,7.76,12.18,35574.0,2.46
VFC,2024-11-18,0.0,44.69,800.0,0.01,0.21,650.0,160.86,139.47,20831.0,5.02
VGC,2024-11-18,168700.0,3.83,1250.0,0.03,1.52,1312.0,33.38,17.69,18483.0,2.37
VGG,2024-11-18,0.0,15.07,2500.0,0.06,0.28,6812.0,6.65,9.99,48849.0,0.93
VGI,2024-11-18,0.0,0.0,0.0,0.0,3.41,889.0,93.53,46.2,11190.0,7.43
VGL,2024-11-18,0.0,0.0,1500.0,0.07,0.51,852.0,23.93,12.0,13237.0,1.54
VGT,2024-11-18,0.0,14.02,300.0,0.02,3.23,545.0,25.65,12.72,18293.0,0.76
VGR,2024-11-18,0.0,22.02,8000.0,0.13,0.56,5650.0,10.59,15.77,14681.0,4.07
VGP,2024-11-18,0.0,0.0,1300.0,0.04,0.13,2482.0,11.64,13.83,28837.0,1.0
VHC,2024-11-18,125600.0,28.7,2000.0,0.03,0.96,3996.0,18.52,20.76,40141.0,1.84
VGV,2024-11-18,0.0,6.92,600.0,0.02,0.01,1202.0,24.87,39.94,13075.0,2.29
VHE,2024-11-18,0.0,0.0,0.0,0.0,1.12,88.0,34.14,39.77,10816.0,0.28
VHG,2024-11-18,0.0,0.39,0.0,0.0,1.82,-38.0,-44.97,507.51,912.0,1.85
VHD,2024-11-18,0.0,0.0,0.0,0.0,-0.26,-6215.0,-1.74,21.88,2223.0,4.86
VHM,2024-11-18,415223.0,12.96,0.0,0.0,0.78,4691.0,8.58,5.01,49597.0,0.81
VHH,2024-11-18,0.0,0.0,0.0,0.0,2.88,-648.0,-5.71,10.28,9036.0,0.41
VHL,2024-11-18,0.0,1.45,0.0,0.0,-0.22,-2055.0,-5.06,-5.15,19503.0,0.53
VIC,2024-11-18,91700.0,10.3,0.0,0.0,0.43,2492.0,16.27,34.95,42958.0,0.94
VIB,2024-11-18,0.0,4.99,1250.0,0.07,0.89,2795.0,6.49,4.49,13407.0,1.35
VID,2024-11-18,0.0,0.79,500.0,0.09,0.0,368.0,14.36,4.79,16571.0,0.32
VIE,2024-11-18,0.0,0.11,0.0,0.0,-0.89,969.0,4.44,10.07,7184.0,0.6
VIF,2024-11-18,0.0,0.0,921.0,0.05,0.87,1153.0,14.83,18.88,14173.0,1.21
VIG,2024-11-18,2300.0,2.47,0.0,0.0,1.28,745.0,7.52,7.48,7962.0,0.7
VIH,2024-11-18,0.0,0.0,300.0,0.03,0.55,54.0,193.83,58.8,11683.0,0.9
VIM,2024-11-18,0.0,0.74,1400.0,0.07,1.06,0.0,0.0,17.86,0.0,0.0
VIP,2024-11-18,3500.0,9.79,1000.0,0.07,1.44,962.0,14.19,12.44,18294.0,0.75
VIN,2024-11-18,0.0,0.21,700.0,0.03,0.18,666.0,30.94,31.84,22041.0,0.93
VIR,2024-11-18,0.0,0.01,0.0,0.0,0.31,0.0,0.0,6.97,0.0,0.0
VGS,2024-11-18,70200.0,1.43,0.0,0.0,2.87,1147.0,27.04,30.96,18184.0,1.7
VIT,2024-11-18,0.0,0.25,0.0,0.0,-0.44,579.0,34.54,33.33,11972.0,1.67
VIX,2024-11-18,1729900.0,4.34,0.0,0.0,1.9,1073.0,9.04,13.4,10924.0,0.89
VIW,2024-11-18,0.0,0.0,0.0,0.0,-0.88,5.0,2178.65,21.81,12403.0,0.81
VJC,2024-11-18,42300.0,13.35,0.0,0.0,0.6,3345.0,30.88,51.76,30877.0,3.35
VHF,2024-11-18,0.0,0.0,345.0,0.02,-2.6,387.0,47.02,52.17,10685.0,1.7
VKP,2024-11-18,0.0,0.03,0.0,0.0,0.0,-6531.0,-0.08,0.43,1613.0,0.31
VKC,2024-11-18,0.0,1.05,0.0,0.0,1.09,-8230.0,-0.13,-0.34,-11426.0,-0.09
X20,2024-11-18,0.0,0.19,600.0,0.06,-0.14,1502.0,6.86,7.02,15130.0,0.68
VLA,2024-11-18,0.0,0.0,0.0,0.0,0.54,-1799.0,-7.0,16.78,9310.0,1.35
VLB,2024-11-18,0.0,0.0,1900.0,0.05,1.16,4530.0,8.78,14.35,15425.0,2.58
VLF,2024-11-18,0.0,0.2,0.0,0.0,0.57,-121.0,-9.92,0.57,-6952.0,-0.17
VLC,2024-11-18,0.0,0.23,600.0,0.04,1.9,302.0,54.46,15.81,28295.0,0.58
VLG,2024-11-18,0.0,0.29,0.0,0.0,1.21,3180.0,3.08,19.87,12790.0,0.77
VMC,2024-11-18,0.0,0.0,0.0,0.0,0.61,94.0,60.88,12.89,13659.0,0.42
VLW,2024-11-18,0.0,0.19,1622.0,0.05,0.06,2861.0,11.85,12.06,15857.0,2.14
VLP,2024-11-18,0.0,0.0,300.0,0.21,0.24,738.0,1.9,2.25,11196.0,0.13
VMA,2024-11-18,0.0,37.64,1000.0,0.28,0.0,0.0,0.0,1.83,10992.0,0.33
VMG,2024-11-18,0.0,0.7,0.0,0.0,2.83,-626.0,-5.75,9.34,4171.0,0.86
VMD,2024-11-18,100.0,1.27,2000.0,0.11,0.51,1214.0,15.41,8.65,28003.0,0.67
VNA,2024-11-18,0.0,0.0,0.0,0.0,1.68,2607.0,8.73,13.35,15746.0,1.45
VMS,2024-11-18,0.0,0.0,2140.0,0.11,0.37,1714.0,11.67,9.47,16410.0,1.22
VMK,2024-11-18,0.0,0.0,0.0,0.0,0.01,0.0,0.0,15.54,0.0,0.0
VNC,2024-11-18,0.0,2.71,2500.0,0.06,-0.08,3367.0,11.88,12.0,27005.0,1.48
VMT,2024-11-18,0.0,0.0,0.0,0.0,-0.02,0.0,0.0,31.83,0.0,0.0
VNB,2024-11-18,0.0,1.05,0.0,0.0,0.73,1076.0,9.71,17.07,15938.0,0.66
VND,2024-11-18,167415.0,12.31,500.0,0.04,1.61,1783.0,7.68,10.32,12786.0,1.07
VNE,2024-11-18,3000.0,2.49,0.0,0.0,1.08,-1100.0,-3.4,22.15,10866.0,0.34
VNF,2024-11-18,0.0,0.43,700.0,0.05,-0.04,1985.0,7.71,11.16,19160.0,0.8
VNG,2024-11-18,0.0,0.38,0.0,0.0,0.18,-404.0,-20.28,163.48,11153.0,0.74
VNL,2024-11-18,0.0,12.48,1200.0,0.08,0.11,2786.0,5.69,8.46,20296.0,0.78
VNI,2024-11-18,0.0,0.04,0.0,0.0,0.0,-1163.0,-7.56,2.4,8073.0,1.09
VNM,2024-11-18,927400.0,51.79,3850.0,0.06,0.69,4591.0,13.88,14.2,16864.0,3.78
VNH,2024-11-18,0.0,1.79,0.0,0.0,2.14,1504.0,0.8,0.04,976.0,1.23
VNP,2024-11-18,0.0,0.84,0.0,0.0,0.84,338.0,29.55,3227.83,15212.0,0.66
VNS,2024-11-18,500.0,12.02,1500.0,0.15,0.27,1254.0,8.17,8.64,16587.0,0.62
VNR,2024-11-18,0.0,27.8,1000.0,0.04,0.41,1874.0,12.11,7.45,22905.0,0.99
VNT,2024-11-18,0.0,10.47,0.0,0.0,-0.23,-480.0,-59.58,61.23,12860.0,2.22
VOS,2024-11-18,512200.0,2.27,0.0,0.0,1.82,3206.0,4.94,6.87,14271.0,1.11
VNX,2024-11-18,0.0,0.0,15000.0,0.89,-0.27,1280.0,13.12,0.66,0.0,0.0
VNZ,2024-11-18,0.0,49.0,0.0,0.0,1.96,-23311.0,-15.86,54.47,61027.0,6.06
VOC,2024-11-18,0.0,0.0,1200.0,0.07,0.67,1103.0,15.77,62.33,17568.0,0.99
VPB,2024-11-18,2681200.0,25.36,1000.0,0.05,0.95,1679.0,11.14,6.18,17928.0,1.04
VPD,2024-11-18,0.0,31.12,2000.0,0.07,0.51,1981.0,13.48,21.42,14081.0,1.9
VPA,2024-11-18,0.0,0.05,0.0,0.0,-0.09,-2734.0,-1.24,-2.17,-3084.0,-1.1
VPC,2024-11-18,0.0,0.36,0.0,0.0,0.41,-1627.0,-1.04,-2.53,7067.0,0.24
VPG,2024-11-18,52500.0,0.21,0.0,0.0,1.45,-577.0,-20.79,7.07,17074.0,0.7
VPI,2024-11-18,0.0,1.31,0.0,0.0,0.42,1065.0,53.6,47.38,14372.0,3.97
VPR,2024-11-18,0.0,14.07,1000.0,0.05,1.06,0.0,0.0,7.47,0.0,0.0
VPH,2024-11-18,400.0,0.58,500.0,0.07,0.92,1773.0,3.93,8.74,12118.0,0.58
VPW,2024-11-18,0.0,0.0,383.0,0.04,0.0,0.0,0.0,6.15,0.0,0.0
VPS,2024-11-18,0.0,0.05,500.0,0.06,0.01,807.0,10.83,9.72,13495.0,0.65
VQC,2024-11-18,0.0,3.92,1000.0,0.08,-0.54,1118.0,11.63,3.97,23237.0,0.56
X26,2024-11-18,0.0,0.0,1000.0,0.04,1.02,0.0,0.0,5.8,0.0,0.0
VRC,2024-11-18,0.0,0.15,0.0,0.0,0.94,14.0,647.39,441.35,25219.0,0.36
VRE,2024-11-18,95550.0,21.22,0.0,0.0,1.08,1795.0,10.14,9.59,17972.0,1.01
VSA,2024-11-18,0.0,0.0,3200.0,0.14,0.78,1594.0,14.68,18.74,23891.0,0.98
VSC,2024-11-18,170000.0,2.82,0.0,0.0,1.3,1095.0,15.94,15.64,16035.0,1.09
VSG,2024-11-18,0.0,0.42,0.0,0.0,0.2,-3729.0,-0.59,-0.61,-15409.0,-0.14
VSE,2024-11-18,0.0,0.95,0.0,0.0,2.76,0.0,0.0,40.48,0.0,0.0
VSF,2024-11-18,0.0,0.0,0.0,0.0,0.61,50.0,611.94,4220.69,4855.0,6.26
VSH,2024-11-18,0.0,11.96,4000.0,0.08,-0.03,1595.0,31.78,23.71,20048.0,2.53
VSI,2024-11-18,0.0,1.28,1750.0,0.1,-0.25,1401.0,12.85,6.72,14828.0,1.21
VSM,2024-11-18,0.0,1.56,1200.0,0.06,0.04,3946.0,4.79,4.23,25314.0,0.75
VSN,2024-11-18,0.0,0.0,600.0,0.03,0.64,1331.0,13.6,10.46,15719.0,1.15
VST,2024-11-18,0.0,0.0,0.0,0.0,0.16,3596.0,0.82,1.22,-10780.0,-0.27
VNY,2024-11-18,0.0,0.0,0.0,0.0,-0.7,214.0,30.08,20.96,6125.0,1.05
VTB,2024-11-18,0.0,1.74,0.0,0.0,-0.21,1037.0,9.89,8.0,17462.0,0.59
VTC,2024-11-18,0.0,9.49,700.0,0.08,0.7,482.0,17.64,11.01,13383.0,0.64
VTD,2024-11-18,0.0,0.0,0.0,0.0,0.49,330.0,19.55,5.09,12636.0,0.51
VRG,2024-11-18,0.0,0.77,3800.0,0.16,1.35,8917.0,2.69,7.5,14639.0,1.64
VTG,2024-11-18,0.0,0.0,0.0,0.0,0.28,326.0,25.44,15.11,9184.0,0.9
VTA,2024-11-18,0.0,0.17,0.0,0.0,0.47,-3238.0,-1.14,155.79,3688.0,1.0
VTE,2024-11-18,0.0,0.0,68.0,0.01,0.82,22.0,236.26,39.96,10797.0,0.48
VTH,2024-11-18,0.0,0.0,0.0,0.0,0.21,1263.0,6.25,4.49,11824.0,0.67
VTJ,2024-11-18,0.0,0.14,0.0,0.0,-0.08,-105.0,-47.7,71.25,8473.0,0.59
VTI,2024-11-18,0.0,0.0,0.0,0.0,0.0,0.0,0.0,3.68,0.0,0.0
VTK,2024-11-18,0.0,0.26,1500.0,0.02,1.98,997.0,69.65,22.06,21632.0,3.21
VTO,2024-11-18,11700.0,13.38,800.0,0.06,1.27,1418.0,9.41,12.55,14222.0,0.94
VTL,2024-11-18,0.0,0.0,0.0,0.0,-3.31,-2695.0,-2.27,-6.83,-3218.0,-1.9
VTP,2024-11-18,10100.0,7.52,1500.0,0.01,1.44,2979.0,41.12,40.33,12268.0,9.99
VTM,2024-11-18,0.0,0.0,0.0,0.0,0.0,0.0,0.0,13.49,0.0,0.0
VTQ,2024-11-18,0.0,0.0,0.0,0.0,0.0,-338.0,-113.36,1308.51,7438.0,5.15
VTR,2024-11-18,0.0,0.0,0.0,0.0,1.39,2032.0,9.39,8.2,16308.0,1.17
VTV,2024-11-18,0.0,0.28,100.0,0.02,0.61,-200.0,-24.01,-57.11,12647.0,0.38
VTS,2024-11-18,0.0,0.0,0.0,0.0,0.49,-4181.0,-2.94,-3.1,8323.0,1.48
VTX,2024-11-18,0.0,0.0,0.0,0.0,-0.03,-4818.0,-1.66,181.78,6165.0,1.3
VTZ,2024-11-18,8500.0,1.24,0.0,0.0,1.08,1377.0,11.11,12.28,10882.0,1.41
VUA,2024-11-18,0.0,0.0,0.0,0.0,0.17,-363.0,-34.14,28.02,8382.0,1.48
VVN,2024-11-18,0.0,0.0,0.0,0.0,0.34,-7727.0,-0.54,0.0,-35598.0,-0.12
VVS,2024-11-18,0.0,0.0,0.0,0.0,-0.29,3601.0,4.58,12.68,16089.0,1.03
VW3,2024-11-18,0.0,0.23,800.0,0.08,-0.45,0.0,0.0,9.32,0.0,0.0
VWS,2024-11-18,0.0,0.0,1800.0,0.09,0.02,0.0,0.0,6.88,0.0,0.0
VXP,2024-11-18,0.0,0.0,0.0,0.0,0.0,0.0,0.0,440.67,0.0,0.0
VXT,2024-11-18,0.0,0.0,650.0,0.06,0.38,458.0,22.28,12.45,11607.0,0.88
VXB,2024-11-18,0.0,0.02,0.0,0.0,0.05,3164.0,8.88,0.0,8080.0,3.48
WCS,2024-11-18,0.0,28.44,16000.0,0.06,0.51,29973.0,9.01,9.81,102914.0,2.62
WSB,2024-11-18,2000.0,3.06,4000.0,0.08,0.29,4826.0,10.39,11.13,53432.0,0.94
WSS,2024-11-18,0.0,2.09,0.0,0.0,1.37,-975.0,-4.82,54.35,9577.0,0.49
XDH,2024-11-18,0.0,0.0,800.0,0.06,-0.64,687.0,18.91,17.57,19967.0,0.65
WTC,2024-11-18,0.0,0.07,1200.0,0.11,0.23,0.0,0.0,7.34,0.0,0.0
X77,2024-11-18,0.0,0.0,0.0,0.0,0.0,0.0,0.0,0.0,0.0,0.0
XHC,2024-11-18,0.0,0.01,0.0,0.0,2.24,2575.0,7.19,7.55,17114.0,1.08
XLV,2024-11-18,0.0,0.0,800.0,0.09,-0.05,0.0,0.0,3.0,0.0,0.0
XMC,2024-11-18,0.0,0.0,700.0,0.1,1.46,736.0,9.1,7.25,12362.0,0.54
XMP,2024-11-18,0.0,0.11,1100.0,0.07,0.47,980.0,15.61,28.78,11972.0,1.28
XMD,2024-11-18,0.0,0.03,0.0,0.0,-0.99,1612.0,3.1,4.3,11841.0,0.42
XPH,2024-11-18,0.0,0.15,0.0,0.0,1.71,-1324.0,-4.31,-11.05,11328.0,0.5
YBC,2024-11-18,0.0,0.03,0.0,0.0,1.1,-4096.0,-2.05,4.91,2806.0,2.99
YEG,2024-11-18,142300.0,8.82,0.0,0.0,0.89,563.0,20.0,23.71,10472.0,1.07
YTC,2024-11-18,0.0,0.0,162.0,0.0,2.8,5659.0,7.25,10.52,19311.0,2.12
YBM,2024-11-18,0.0,0.29,500.0,0.05,-0.07,988.0,10.73,8.61,12904.0,0.82
AIG,2024-11-18,0.0,44.56,0.0,0.0,-18.18,4118.0,14.02,0.0,34087.0,1.69
CAR,2024-11-18,0.0,0.01,0.0,0.0,-0.34,246.0,80.76,19.36,11346.0,1.75
DSC,2024-11-18,0.0,0.0,0.0,0.0,1.28,858.0,21.16,18.59,11598.0,1.56
AAA,2024-11-21,97700.0,2.31,0.0,0.0,1.51,967.0,8.69,8.52,15896.0,0.53
AAM,2024-11-21,0.0,0.92,0.0,0.0,-0.11,-511.0,-13.23,83.46,18914.0,0.36
AAH,2024-11-21,0.0,0.0,0.0,0.0,1.6,100.0,34.45,9.22,10100.0,0.34
AAS,2024-11-21,100.0,0.97,0.0,0.0,2.07,339.0,18.78,6.11,10837.0,0.59
A32,2024-11-21,0.0,0.0,3500.0,0.11,0.91,0.0,0.0,5.19,0.0,0.0
AAT,2024-11-21,0.0,0.82,0.0,0.0,0.68,257.0,12.98,23.65,10117.0,0.33
AAV,2024-11-21,0.0,0.07,0.0,0.0,1.47,-140.0,-44.2,17.11,11201.0,0.55
ABB,2024-11-21,0.0,16.41,0.0,0.0,0.67,67.0,110.0,7.65,12759.0,0.58
ABC,2024-11-21,0.0,0.91,500.0,0.05,1.3,1551.0,6.91,7.57,24214.0,0.44
ABS,2024-11-21,0.0,0.0,0.0,0.0,0.96,52.0,73.52,15.4,11513.0,0.33
ABI,2024-11-21,4500.0,10.09,1000.0,0.04,1.0,2394.0,10.43,5.65,21353.0,1.17
ABT,2024-11-21,0.0,2.31,2000.0,0.05,0.17,6431.0,6.15,7.59,44535.0,0.89
ABR,2024-11-21,0.0,48.4,2000.0,0.16,0.43,584.0,21.16,14.22,14474.0,0.85
ABW,2024-11-21,0.0,0.7,0.0,0.0,1.61,1016.0,7.93,6.52,14023.0,0.57
ACB,2024-11-21,432300.0,30.0,1000.0,0.04,0.97,3992.0,6.14,6.22,17654.0,1.39
ACM,2024-11-21,0.0,1.9,0.0,0.0,1.33,-296.0,-1.69,8.5,6575.0,0.08
ACC,2024-11-21,0.0,0.0,0.0,0.0,1.07,646.0,20.88,12.76,12588.0,1.07
ACL,2024-11-21,1200.0,2.26,0.0,0.0,0.18,202.0,57.1,7.24,16100.0,0.72
ACE,2024-11-21,0.0,0.23,3500.0,0.1,0.15,2069.0,16.8,8.29,20029.0,1.74
ACG,2024-11-21,0.0,38.55,2300.0,0.06,0.71,3263.0,12.44,13.91,27898.0,1.46
ACV,2024-11-21,11000.0,3.69,0.0,0.0,1.15,4613.0,25.75,27.58,26223.0,4.53
ADP,2024-11-21,0.0,0.83,3550.0,0.12,0.4,3934.0,7.36,13.9,11800.0,2.45
ADC,2024-11-21,0.0,0.0,1500.0,0.07,0.23,3562.0,5.73,4.23,19715.0,1.03
ADG,2024-11-21,0.0,46.38,0.0,0.0,-0.06,1230.0,8.7,4.28,17034.0,0.63
ACS,2024-11-21,0.0,0.0,0.0,0.0,-0.7,0.0,0.0,24.08,0.0,0.0
ADS,2024-11-21,0.0,0.12,1000.0,0.11,1.2,433.0,20.27,6.09,12055.0,0.73
AFX,2024-11-21,0.0,0.0,0.0,0.0,0.67,922.0,7.9,6.83,13319.0,0.55
AG1,2024-11-21,0.0,0.0,230.0,0.02,0.43,422.0,23.2,5.3,10038.0,0.98
AGF,2024-11-21,0.0,0.47,0.0,0.0,0.24,-95.0,-27.39,14.62,-6510.0,-0.4
AGG,2024-11-21,5000.0,0.9,0.0,0.0,1.33,2253.0,6.5,4.58,19924.0,0.74
AGM,2024-11-21,0.0,0.0,0.0,0.0,0.68,-14767.0,-0.24,12.67,-5250.0,-0.66
AGR,2024-11-21,0.0,0.27,700.0,0.04,1.86,585.0,28.55,19.44,11241.0,1.49
AGP,2024-11-21,0.0,0.0,0.0,0.0,0.27,2040.0,19.11,15.56,16654.0,2.34
AIC,2024-11-21,0.0,75.11,0.0,0.0,1.4,-34.0,-313.8,32.88,10759.0,0.99
AGX,2024-11-21,0.0,1.74,1500.0,0.02,0.36,0.0,0.0,7.89,0.0,0.0
ALT,2024-11-21,0.0,0.0,1000.0,0.08,0.44,-262.0,-50.78,11.7,37018.0,0.36
ALV,2024-11-21,0.0,0.34,0.0,0.0,1.01,-233.0,-24.89,5.88,11280.0,0.51
AMC,2024-11-21,0.0,2.87,1300.0,0.08,-0.05,2173.0,7.59,7.58,18084.0,0.91
AME,2024-11-21,0.0,2.24,0.0,0.0,0.74,328.0,14.63,13.69,12214.0,0.39
AMS,2024-11-21,0.0,35.46,300.0,0.03,1.5,1134.0,8.25,6.71,13358.0,0.7
AMD,2024-11-21,0.0,0.72,0.0,0.0,0.0,-782.0,-1.41,8.99,10588.0,0.1
AMV,2024-11-21,0.0,0.0,0.0,0.0,0.96,-445.0,-3.59,4.2,12403.0,0.13
AMP,2024-11-21,0.0,0.0,0.0,0.0,1.87,278.0,47.46,27.13,13863.0,0.95
ANT,2024-11-21,0.0,0.0,0.0,0.0,0.31,3330.0,6.05,10.6,15725.0,1.28
ANV,2024-11-21,62900.0,0.83,500.0,0.03,1.59,464.0,38.15,7.72,21470.0,0.82
APF,2024-11-21,0.0,0.0,4500.0,0.09,0.48,6614.0,7.89,10.36,37627.0,1.39
APH,2024-11-21,6400.0,28.12,0.0,0.0,1.15,511.0,12.37,4.91,24122.0,0.26
APC,2024-11-21,0.0,15.02,0.0,0.0,0.07,-1019.0,-6.48,136.17,28639.0,0.23
APG,2024-11-21,0.0,9.33,0.0,0.0,1.01,-300.0,-30.55,8.59,10887.0,0.84
API,2024-11-21,20000.0,0.71,0.0,0.0,2.31,-558.0,-12.91,15.93,10709.0,0.67
APL,2024-11-21,0.0,0.0,1200.0,0.07,-0.32,0.0,0.0,8.11,0.0,0.0
APP,2024-11-21,0.0,0.47,0.0,0.0,1.32,-685.0,-11.54,10.66,10089.0,0.78
APS,2024-11-21,0.0,0.99,0.0,0.0,1.82,550.0,11.63,10.84,10006.0,0.64
ARM,2024-11-21,0.0,0.11,1000.0,0.03,1.03,974.0,30.48,20.19,12044.0,2.47
APT,2024-11-21,0.0,0.0,0.0,0.0,0.48,-2698.0,-1.0,3.71,-7606.0,-0.36
ASA,2024-11-21,0.0,0.25,0.0,0.0,0.0,18.0,697.29,15.75,0.0,0.0
ART,2024-11-21,0.0,0.66,0.0,0.0,0.0,-247.0,-5.25,6.01,1391.0,0.93
ASM,2024-11-21,1300.0,12.43,0.0,0.0,1.32,615.0,13.96,3.97,21836.0,0.39
ASG,2024-11-21,0.0,0.73,0.0,0.0,0.26,396.0,47.11,73.1,22369.0,0.83
ASP,2024-11-21,0.0,48.97,0.0,0.0,0.51,196.0,20.83,16.93,7668.0,0.53
ATA,2024-11-21,0.0,0.05,0.0,0.0,2.29,60.0,6.72,0.16,-25217.0,-0.02
AST,2024-11-21,0.0,43.52,2700.0,0.05,0.3,3016.0,18.07,10.66,14435.0,3.78
ATB,2024-11-21,0.0,0.06,0.0,0.0,1.55,-278.0,-2.16,2.6,2348.0,0.26
ATG,2024-11-21,0.0,0.09,0.0,0.0,0.59,-50.0,-44.18,66.97,41.0,53.66
ATS,2024-11-21,0.0,0.15,0.0,0.0,-0.71,51.0,257.22,9.17,12452.0,1.05
AVF,2024-11-21,0.0,0.21,0.0,0.0,0.0,-2388.0,-0.17,1.16,-45240.0,-0.01
AVC,2024-11-21,0.0,0.0,8584.0,0.15,0.14,3154.0,17.66,35.56,14976.0,3.72
AVG,2024-11-21,0.0,0.07,0.0,0.0,0.79,727.0,42.26,43.98,16336.0,1.88
BAB,2024-11-21,0.0,0.0,0.0,0.0,0.5,1213.0,9.65,9.53,12748.0,0.92
BAF,2024-11-21,238600.0,2.3,0.0,0.0,0.89,1104.0,22.2,19.14,11857.0,2.07
BBC,2024-11-21,0.0,0.71,1500.0,0.03,0.07,7085.0,7.06,8.49,78292.0,0.64
BAL,2024-11-21,0.0,0.08,700.0,0.08,0.22,0.0,0.0,18.12,0.0,0.0
BBH,2024-11-21,0.0,0.0,200.0,0.01,-0.68,0.0,0.0,63.42,0.0,0.0
BAX,2024-11-21,0.0,16.38,2500.0,0.06,-0.08,3610.0,11.08,15.82,26963.0,1.48
BBM,2024-11-21,0.0,0.27,200.0,0.03,-0.09,1448.0,4.49,22.77,13753.0,0.47
BBT,2024-11-21,0.0,0.8,0.0,0.0,-0.3,-2060.0,-6.08,14.42,7233.0,1.73
BBS,2024-11-21,0.0,0.53,900.0,0.1,0.2,1423.0,6.6,13.13,17721.0,0.53
BCA,2024-11-21,0.0,0.0,0.0,0.0,2.33,20691.0,0.53,20.71,28219.0,0.39
BCC,2024-11-21,900.0,0.93,0.0,0.0,1.0,-1082.0,-7.03,5.89,14097.0,0.54
BCB,2024-11-21,0.0,0.0,2919.0,4.17,0.0,28.0,24.84,0.2,10028.0,0.07
BCE,2024-11-21,0.0,1.44,0.0,0.0,0.51,-240.0,-26.31,8.58,8827.0,0.71
BCF,2024-11-21,0.0,0.0,1800.0,0.04,-0.49,3069.0,13.68,17.8,12222.0,3.44
BCM,2024-11-21,20000.0,2.05,1800.0,0.03,1.14,2796.0,23.5,28.94,19392.0,3.39
BCG,2024-11-21,33000.0,1.25,0.0,0.0,1.39,341.0,18.52,5.84,24196.0,0.26
BCO,2024-11-21,0.0,0.0,0.0,0.0,0.0,0.0,0.0,10.32,0.0,0.0
BCP,2024-11-21,0.0,3.26,0.0,0.0,0.36,77.0,151.53,116.33,12606.0,0.93
BCR,2024-11-21,100.0,0.01,0.0,0.0,1.88,210.0,24.11,5.67,12713.0,0.4
BCV,2024-11-21,0.0,0.0,0.0,0.0,0.0,194.0,111.09,30.71,11704.0,1.84
BDT,2024-11-21,0.0,0.13,648.0,0.09,0.95,152.0,46.66,26.36,14226.0,0.5
BDG,2024-11-21,0.0,1.42,2500.0,0.07,0.44,5882.0,5.72,8.87,23059.0,1.46
BDB,2024-11-21,0.0,0.0,800.0,0.1,0.18,648.0,12.19,7.42,11858.0,0.67
BDW,2024-11-21,0.0,0.05,2550.0,0.11,0.28,3294.0,7.23,6.21,16175.0,1.47
BED,2024-11-21,0.0,0.0,2200.0,0.07,-0.11,2128.0,14.47,17.33,13691.0,2.25
BFC,2024-11-21,63500.0,3.27,2500.0,0.07,1.78,5624.0,6.64,10.17,25337.0,1.47
BEL,2024-11-21,0.0,0.0,1000.0,0.03,0.15,3.0,11870.5,36.0,8268.0,3.99
BGE,2024-11-21,0.0,0.01,0.0,0.0,2.08,567.0,18.88,15.22,14015.0,0.76
BHA,2024-11-21,0.0,0.03,1250.0,0.06,0.18,2629.0,8.37,23.08,14651.0,1.5
BGW,2024-11-21,0.0,0.0,548.0,0.03,0.48,551.0,29.04,25.93,10519.0,1.52
BHC,2024-11-21,0.0,0.9,0.0,0.0,0.54,2.0,769.23,60.71,-17140.0,-0.1
BHI,2024-11-21,0.0,75.02,0.0,0.0,0.27,-21.0,-618.22,131.0,11803.0,1.11
BHG,2024-11-21,0.0,0.0,0.0,0.0,0.0,1745.0,6.3,78.63,11097.0,0.99
BHN,2024-11-21,0.0,17.57,1500.0,0.04,0.21,1423.0,27.33,44.64,22286.0,1.75
BHK,2024-11-21,0.0,0.01,900.0,0.04,0.08,0.0,0.0,19.06,0.0,0.0
BID,2024-11-21,334504.0,16.99,0.0,0.0,1.12,4201.0,10.71,12.45,24286.0,1.85
BHP,2024-11-21,0.0,0.03,250.0,0.04,-1.68,-461.0,-14.33,21.79,15453.0,0.43
BIC,2024-11-21,2000.0,45.52,1500.0,0.05,1.21,4004.0,8.29,6.49,24106.0,1.38
BKC,2024-11-21,0.0,0.14,0.0,0.0,0.53,2115.0,5.49,26.18,17543.0,0.66
BIG,2024-11-21,0.0,0.13,0.0,0.0,1.12,0.0,0.0,3.89,0.0,0.0
BKG,2024-11-21,0.0,0.1,0.0,0.0,0.55,184.0,17.44,9.19,12473.0,0.26
BIO,2024-11-21,0.0,0.0,650.0,0.04,1.34,0.0,0.0,18.1,0.0,0.0
BII,2024-11-21,0.0,0.0,0.0,0.0,1.26,30.0,23.62,0.79,8971.0,0.08
BLF,2024-11-21,0.0,0.0,0.0,0.0,1.52,-370.0,-9.46,8.22,10581.0,0.33
BLI,2024-11-21,0.0,1.03,0.0,0.0,0.93,1122.0,8.29,6.89,14705.0,0.63
BLT,2024-11-21,0.0,0.02,8800.0,0.23,-0.16,0.0,0.0,24.31,0.0,0.0
BLN,2024-11-21,0.0,0.01,0.0,0.0,0.0,0.0,0.0,29.69,0.0,0.0
BMC,2024-11-21,0.0,5.0,1150.0,0.06,0.69,2152.0,9.2,14.47,18469.0,1.07
BMD,2024-11-21,0.0,0.0,700.0,0.07,1.14,0.0,0.0,5.41,11879.0,0.81
BMI,2024-11-21,5700.0,30.26,500.0,0.02,0.98,2303.0,8.75,6.45,22835.0,0.88
BMF,2024-11-21,0.0,0.0,0.0,0.0,0.61,826.0,10.9,6.96,11152.0,0.81
BMG,2024-11-21,0.0,19.17,1500.0,0.08,0.09,915.0,21.2,7.33,16974.0,1.14
BMJ,2024-11-21,0.0,0.0,0.0,0.0,2.23,465.0,23.42,16.83,11469.0,0.95
BMN,2024-11-21,0.0,0.0,700.0,0.08,-0.02,1693.0,5.08,6.01,10561.0,0.81
BMV,2024-11-21,0.0,0.0,84.0,0.01,0.62,49.0,186.06,67.47,10139.0,0.9
BMP,2024-11-21,4100.0,84.19,18340.0,0.15,0.96,12419.0,9.63,9.51,35922.0,3.33
BMS,2024-11-21,0.0,0.36,0.0,0.0,2.39,364.0,25.2,10.04,11994.0,0.77
BNA,2024-11-21,0.0,0.0,0.0,0.0,1.02,2260.0,4.2,3.49,21005.0,0.45
BNW,2024-11-21,0.0,0.0,780.0,0.08,0.0,1314.0,7.0,12.24,11020.0,0.83
BRC,2024-11-21,0.0,1.26,1100.0,0.08,0.24,1854.0,7.6,8.89,16849.0,0.84
BOT,2024-11-21,0.0,0.17,0.0,0.0,1.42,-1227.0,-1.87,27.25,1717.0,1.34
BPC,2024-11-21,0.0,1.35,200.0,0.02,0.51,67.0,134.37,44.42,24596.0,0.37
BQB,2024-11-21,0.0,0.48,0.0,0.0,1.72,-230.0,-14.34,10312.5,4431.0,0.74
BRR,2024-11-21,0.0,0.0,700.0,0.04,-0.38,1276.0,14.26,15.04,12399.0,1.47
BRS,2024-11-21,0.0,0.0,1400.0,0.07,0.1,-62.0,-316.9,6.01,13744.0,1.43
BSA,2024-11-21,0.0,0.0,1980.0,0.09,0.03,478.0,46.47,28.89,14040.0,1.58
BSC,2024-11-21,0.0,4.83,0.0,0.0,0.06,727.0,20.07,18.38,12733.0,1.15
BSD,2024-11-21,0.0,0.4,500.0,0.04,1.62,0.0,0.0,206.79,0.0,0.0
BSI,2024-11-21,0.0,40.02,0.0,0.0,1.88,1868.0,23.88,21.39,22306.0,2.0
BSH,2024-11-21,0.0,0.31,2000.0,0.09,-0.18,2261.0,10.08,13.5,17702.0,1.29
BSG,2024-11-21,0.0,0.0,0.0,0.0,0.38,643.0,18.35,18.05,6035.0,1.96
BSL,2024-11-21,0.0,0.25,700.0,0.07,0.53,734.0,12.94,12.28,10979.0,0.87
BSP,2024-11-21,0.0,0.0,1000.0,0.1,-0.25,324.0,30.88,126.47,14973.0,0.67
BSR,2024-11-21,0.0,0.65,700.0,0.04,1.67,961.0,19.98,51.86,17940.0,1.07
BT1,2024-11-21,0.0,0.0,800.0,0.06,0.13,0.0,0.0,9.42,0.0,0.0
BSQ,2024-11-21,0.0,0.0,1500.0,0.08,0.1,1996.0,9.96,9.47,18410.0,1.08
BT6,2024-11-21,0.0,8.28,0.0,0.0,0.0,-1264.0,-2.69,7.01,-29147.0,-0.12
BST,2024-11-21,0.0,0.22,1300.0,0.1,-0.64,1744.0,7.51,6.86,14033.0,0.93
BTB,2024-11-21,0.0,0.01,0.0,0.0,-1.14,401.0,14.95,2281.37,14037.0,0.43
BTD,2024-11-21,0.0,0.0,2200.0,0.11,1.16,1443.0,13.51,14.15,39656.0,0.49
BTH,2024-11-21,0.0,0.02,700.0,0.02,0.2,19685.0,1.83,2.26,29022.0,1.24
BTG,2024-11-21,0.0,0.0,0.0,0.0,-0.91,205.0,43.51,21.18,15349.0,0.58
BTP,2024-11-21,0.0,8.64,3272.0,0.28,0.47,502.0,23.53,39.19,17220.0,0.69
BTN,2024-11-21,0.0,0.0,0.0,0.0,0.44,0.0,0.0,-1.5,0.0,0.0
BTS,2024-11-21,0.0,0.12,0.0,0.0,0.26,-1217.0,-4.19,-4.96,9278.0,0.55
BTU,2024-11-21,0.0,0.0,1000.0,0.07,0.07,112.0,121.45,7.22,11159.0,1.22
BTT,2024-11-21,0.0,0.0,3350.0,0.1,0.28,3337.0,10.49,9.01,28086.0,1.25
BVH,2024-11-21,6200.0,26.63,1958.0,0.04,0.82,2570.0,16.97,111.6,31998.0,1.36
BTV,2024-11-21,0.0,0.0,0.0,0.0,0.72,1362.0,8.08,8.65,9902.0,1.11
BTW,2024-11-21,0.0,21.82,2212.0,0.04,-0.47,5995.0,8.74,8.92,28498.0,1.84
BVG,2024-11-21,0.0,0.09,0.0,0.0,-0.1,-1385.0,-1.59,9.53,5026.0,0.44
BVB,2024-11-21,0.0,0.08,0.0,0.0,1.53,301.0,36.98,30.73,10933.0,1.02
BVL,2024-11-21,0.0,0.0,0.0,0.0,-0.65,430.0,24.22,7.28,14247.0,0.73
BVN,2024-11-21,0.0,0.29,0.0,0.0,-0.21,0.0,0.0,3.97,0.0,0.0
BWE,2024-11-21,3900.0,11.8,0.0,0.0,0.85,3158.0,14.25,14.14,24367.0,1.85
BVS,2024-11-21,49000.0,2.68,800.0,0.02,2.66,2556.0,14.75,15.05,34272.0,1.1
BWS,2024-11-21,0.0,0.81,1000.0,0.03,-0.06,2973.0,10.86,13.18,11531.0,2.8
BWA,2024-11-21,0.0,0.0,450.0,0.04,0.65,0.0,0.0,26.02,0.0,0.0
BXH,2024-11-21,0.0,0.0,250.0,0.02,0.86,133.0,112.88,80.11,18085.0,0.83
C21,2024-11-21,0.0,0.08,0.0,0.0,0.77,-470.0,-37.26,42.3,35675.0,0.49
C12,2024-11-21,0.0,0.0,0.0,0.0,0.0,558.0,5.74,3.88,16475.0,0.19
C22,2024-11-21,0.0,0.0,1000.0,0.06,0.07,0.0,0.0,7.11,0.0,0.0
C32,2024-11-21,0.0,1.08,0.0,0.0,0.11,83.0,207.7,16.16,36027.0,0.48
C4G,2024-11-21,0.0,0.0,0.0,0.0,1.63,578.0,13.11,10.82,10911.0,0.69
C47,2024-11-21,0.0,0.0,0.0,0.0,0.58,232.0,25.97,8.77,12125.0,0.5
C69,2024-11-21,0.0,0.14,0.0,0.0,0.71,260.0,24.26,19.47,13592.0,0.46
C92,2024-11-21,0.0,3.7,0.0,0.0,1.36,180.0,21.66,20.69,11622.0,0.34
CAB,2024-11-21,0.0,0.0,326.0,0.03,1.05,656.0,16.78,51.93,12277.0,0.9
CAD,2024-11-21,0.0,3.45,0.0,0.0,1.52,-4237.0,-0.12,5.2,-71532.0,-0.01
CAN,2024-11-21,0.0,26.23,1200.0,0.02,-0.52,-190.0,-295.2,31.56,27601.0,2.03
CAG,2024-11-21,0.0,0.0,168.0,0.02,0.67,-26.0,-277.15,22.39,10404.0,0.7
CBI,2024-11-21,0.0,0.0,0.0,0.0,-0.33,-826.0,-11.13,78.94,8976.0,1.02
CAP,2024-11-21,0.0,0.0,5000.0,0.11,0.31,2298.0,19.45,9.75,15719.0,2.84
CAT,2024-11-21,0.0,0.0,1000.0,0.05,-0.1,1135.0,16.37,6.47,11104.0,1.67
CBS,2024-11-21,0.0,0.0,3000.0,0.1,0.49,0.0,0.0,4.76,0.0,0.0
CC1,2024-11-21,0.0,0.01,0.0,0.0,1.56,764.0,19.32,8.96,12291.0,1.2
CCA,2024-11-21,0.0,0.0,800.0,0.06,-0.95,237.0,52.37,12.49,18315.0,0.68
CC4,2024-11-21,0.0,0.0,500.0,0.04,-0.34,478.0,25.11,23.13,13525.0,0.89
CCC,2024-11-21,0.0,0.0,0.0,0.0,-0.01,753.0,24.58,15.25,14257.0,1.3
CCL,2024-11-21,4000.0,0.93,500.0,0.07,1.95,821.0,8.98,7.32,12106.0,0.61
CCI,2024-11-21,0.0,0.0,1300.0,0.06,-0.02,2079.0,10.29,14.3,15473.0,1.38
CCP,2024-11-21,0.0,0.0,0.0,0.0,-0.92,-400.0,-81.35,31.2,10849.0,3.0
CCM,2024-11-21,0.0,0.0,2000.0,0.04,0.04,7621.0,6.31,5.42,37668.0,1.28
CCT,2024-11-21,0.0,0.03,0.0,0.0,-0.49,187.0,56.23,56.67,9455.0,1.11
CCR,2024-11-21,0.0,0.07,450.0,0.03,1.1,678.0,20.2,16.78,11313.0,1.21
CDC,2024-11-21,10000.0,1.13,0.0,0.0,0.33,980.0,17.55,7.96,15774.0,1.09
CDG,2024-11-21,0.0,0.0,950.0,0.43,0.35,1538.0,1.43,2.1,13099.0,0.17
CCV,2024-11-21,0.0,0.0,3137.0,0.09,-0.75,0.0,0.0,7.02,0.0,0.0
CDO,2024-11-21,0.0,0.29,0.0,0.0,0.73,-163.0,-11.07,141.73,6573.0,0.27
CDN,2024-11-21,0.0,0.0,1400.0,0.05,0.15,3024.0,10.02,8.22,17762.0,1.71
CDP,2024-11-21,0.0,0.0,500.0,0.05,0.11,1009.0,10.41,9.84,11731.0,0.9
CDH,2024-11-21,0.0,0.0,500.0,0.05,2.84,0.0,0.0,5.3,0.0,0.0
CDR,2024-11-21,0.0,0.0,500.0,0.04,0.74,0.0,0.0,18.24,0.0,0.0
CE1,2024-11-21,0.0,0.0,0.0,0.0,0.0,0.0,0.0,6.05,0.0,0.0
CEG,2024-11-21,0.0,0.0,500.0,0.05,0.0,0.0,0.0,37.24,0.0,0.0
CEN,2024-11-21,0.0,0.0,0.0,0.0,0.35,-3.0,-693.07,65.14,10072.0,0.21
CET,2024-11-21,0.0,0.87,0.0,0.0,-0.3,-29.0,-167.01,6.13,11138.0,0.44
CFM,2024-11-21,0.0,0.53,200.0,0.02,0.45,0.0,0.0,15.5,0.0,0.0
CGV,2024-11-21,0.0,0.14,0.0,0.0,2.86,0.0,0.0,19.7,0.0,0.0
CFV,2024-11-21,0.0,0.0,0.0,0.0,-1.63,2693.0,8.17,68.03,13496.0,1.63
CHP,2024-11-21,0.0,0.0,2500.0,0.08,0.1,2110.0,15.64,24.86,12258.0,2.69
CH5,2024-11-21,0.0,0.0,1100.0,0.07,0.3,0.0,0.0,13.95,0.0,0.0
CHC,2024-11-21,0.0,0.0,0.0,0.0,-1.04,0.0,0.0,25.58,0.0,0.0
CHS,2024-11-21,2000.0,3.27,950.0,0.08,0.56,1429.0,8.42,9.46,12080.0,1.0
CI5,2024-11-21,0.0,0.0,0.0,0.0,-0.89,0.0,0.0,66.37,0.0,0.0
CII,2024-11-21,9500.0,5.36,800.0,0.06,1.73,1598.0,8.92,10.56,29499.0,0.48
CIG,2024-11-21,0.0,0.0,0.0,0.0,0.32,168.0,42.62,15.1,4968.0,1.45
CIA,2024-11-21,0.0,0.95,0.0,0.0,0.54,468.0,20.51,43.91,17764.0,0.54
CID,2024-11-21,0.0,2.92,653.0,0.02,-3.2,-105.0,-252.75,0.0,4615.0,5.73
CIP,2024-11-21,0.0,0.0,0.0,0.0,-0.28,0.0,0.0,28.35,0.0,0.0
CJC,2024-11-21,0.0,0.27,0.0,0.0,0.0,770.0,33.49,37.53,11219.0,2.3
CKD,2024-11-21,0.0,0.03,1900.0,0.08,0.32,3093.0,7.34,9.14,16901.0,1.34
CK8,2024-11-21,0.0,0.0,0.0,0.0,0.0,0.0,0.0,3.97,0.0,0.0
CKA,2024-11-21,0.0,0.0,5000.0,0.12,0.44,0.0,0.0,6.2,0.0,0.0
CKV,2024-11-21,0.0,0.19,1100.0,0.09,1.38,477.0,27.04,19.21,18951.0,0.68
CKG,2024-11-21,0.0,0.0,0.0,0.0,0.67,1428.0,16.7,16.0,14977.0,1.59
CLH,2024-11-21,0.0,5.31,2600.0,0.12,0.09,2896.0,7.63,6.63,14923.0,1.48
CLL,2024-11-21,0.0,10.58,2600.0,0.07,-0.15,2916.0,12.72,12.67,17679.0,2.1
CLC,2024-11-21,0.0,2.26,4000.0,0.08,-0.03,6371.0,7.61,10.25,33676.0,1.44
CLG,2024-11-21,0.0,0.53,0.0,0.0,0.0,631.0,0.79,5.44,1254.0,0.4
CLM,2024-11-21,0.0,0.0,3000.0,0.04,-0.02,18089.0,3.99,9.9,66093.0,1.09
CMC,2024-11-21,0.0,0.0,0.0,0.0,0.08,-300.0,-21.66,5.93,13366.0,0.49
CLW,2024-11-21,0.0,4.79,1600.0,0.04,-0.03,3749.0,11.3,10.96,18787.0,2.25
CMD,2024-11-21,0.0,0.05,3000.0,0.14,0.35,2779.0,7.82,10.26,21739.0,1.0
CLX,2024-11-21,0.0,1.34,700.0,0.05,1.75,2192.0,7.07,7.29,20496.0,0.76
CMG,2024-11-21,45401.0,38.8,600.0,0.01,1.83,1861.0,28.91,25.29,18091.0,2.97
CMF,2024-11-21,0.0,24.38,5000.0,0.01,0.51,20528.0,16.45,10.69,114829.0,2.94
CMI,2024-11-21,0.0,0.38,0.0,0.0,-0.59,-574.0,-1.92,0.87,-6620.0,-0.17
CMK,2024-11-21,0.0,0.0,0.0,0.0,0.0,1205.0,7.3,11.8,12005.0,0.73
CMM,2024-11-21,0.0,0.0,0.0,0.0,-0.3,888.0,10.25,10.48,11996.0,0.76
CMP,2024-11-21,0.0,0.0,0.0,0.0,0.0,316.0,25.65,562.11,10779.0,0.75
CMN,2024-11-21,0.0,0.06,2600.0,0.04,1.21,2405.0,27.03,11.56,26231.0,2.48
CMS,2024-11-21,0.0,0.0,0.0,0.0,1.05,176.0,59.8,43.6,10965.0,0.96
CMT,2024-11-21,0.0,3.44,1000.0,0.07,2.17,3653.0,3.66,4.28,23016.0,0.58
CMX,2024-11-21,14000.0,17.22,0.0,0.0,1.59,650.0,11.86,7.48,15180.0,0.51
CMW,2024-11-21,0.0,0.01,441.0,0.03,0.72,1016.0,12.79,14.59,11123.0,1.17
CMV,2024-11-21,0.0,0.0,400.0,0.04,0.27,695.0,13.1,14.43,13366.0,0.68
CNG,2024-11-21,12100.0,2.89,1200.0,0.04,1.43,3124.0,9.72,12.0,17608.0,1.72
CNA,2024-11-21,0.0,0.0,0.0,0.0,0.0,0.0,0.0,0.0,0.0,0.0
CNC,2024-11-21,2000.0,6.43,4000.0,0.13,0.64,4449.0,6.95,8.57,106196.0,0.29
CNN,2024-11-21,0.0,0.0,1215.0,0.03,1.78,0.0,0.0,26.83,0.0,0.0
CNT,2024-11-21,0.0,0.0,100.0,0.01,2.42,4576.0,3.06,5.98,13594.0,1.03
CPA,2024-11-21,0.0,0.0,0.0,0.0,-0.35,-396.0,-17.67,-30.32,2293.0,3.05
CPH,2024-11-21,0.0,0.0,1848.0,6.16,0.0,482.0,0.62,0.15,10981.0,0.03
CPC,2024-11-21,0.0,4.13,1800.0,0.1,0.24,2511.0,7.17,8.8,20846.0,0.86
COM,2024-11-21,0.0,0.21,1500.0,0.05,-0.17,2461.0,11.48,24.93,29945.0,0.94
CPI,2024-11-21,0.0,0.0,0.0,0.0,0.23,45.0,87.13,28.47,-661.0,-5.9
CQT,2024-11-21,0.0,0.0,800.0,0.08,0.36,196.0,51.95,11.28,9735.0,1.05
CRC,2024-11-21,0.0,0.0,0.0,0.0,0.48,1407.0,4.77,7.19,13529.0,0.5
CQN,2024-11-21,0.0,0.0,1000.0,0.03,0.03,1591.0,20.91,21.48,12712.0,2.62
CSC,2024-11-21,0.0,0.0,0.0,0.0,1.29,1076.0,23.6,7.26,22641.0,1.12
CRE,2024-11-21,5100.0,4.03,0.0,0.0,0.77,68.0,101.5,14.5,12186.0,0.56
CSV,2024-11-21,2000.0,2.27,2500.0,0.07,2.0,3950.0,9.25,15.46,13752.0,2.66
CST,2024-11-21,0.0,0.0,2000.0,0.09,1.08,7304.0,2.96,7.1,25057.0,0.86
CT3,2024-11-21,0.0,0.0,0.0,0.0,0.0,0.0,0.0,10.71,0.0,0.0
CSI,2024-11-21,13800.0,33.71,0.0,0.0,3.46,-693.0,-43.1,27.88,10128.0,2.95
CSM,2024-11-21,60100.0,0.94,300.0,0.03,0.77,840.0,14.11,15.35,13043.0,0.91
CTD,2024-11-21,0.0,49.0,0.0,0.0,1.34,3259.0,20.06,15.76,83762.0,0.78
CTA,2024-11-21,0.0,0.26,0.0,0.0,0.0,-843.0,-1.66,4.51,4690.0,0.3
CT6,2024-11-21,0.0,0.03,0.0,0.0,-0.94,1506.0,5.71,13.13,10362.0,0.83
CTC,2024-11-21,0.0,0.48,0.0,0.0,0.0,-118.0,-11.02,12.84,6632.0,0.2
CTB,2024-11-21,0.0,0.5,2000.0,0.09,0.1,2119.0,10.1,6.51,21659.0,0.99
CTG,2024-11-21,1975300.0,26.71,0.0,0.0,1.11,4128.0,8.24,9.45,26254.0,1.3
CTF,2024-11-21,1000.0,3.36,0.0,0.0,0.28,212.0,107.59,25.48,12085.0,1.89
CTI,2024-11-21,200.0,0.5,0.0,0.0,1.28,1966.0,8.39,9.45,27447.0,0.6
CTR,2024-11-21,29500.0,9.71,4639.0,0.04,1.67,4639.0,25.11,25.06,14780.0,7.88
CTN,2024-11-21,0.0,1.53,0.0,0.0,0.0,-532.0,-0.94,1.39,-3545.0,-0.14
CTP,2024-11-21,0.0,0.69,0.0,0.0,1.37,28.0,1210.28,25.64,12261.0,2.76
CTS,2024-11-21,0.0,0.56,0.0,0.0,1.87,1382.0,25.28,18.55,14879.0,2.35
CTT,2024-11-21,0.0,0.45,1000.0,0.06,0.05,2972.0,5.55,5.17,14107.0,1.17
CTW,2024-11-21,0.0,0.0,660.0,0.02,-0.34,3150.0,10.16,14.97,19821.0,1.61
CTX,2024-11-21,0.0,0.01,0.0,0.0,0.0,130.0,58.56,9.99,12900.0,0.59
CVT,2024-11-21,0.0,0.46,0.0,0.0,0.27,1418.0,17.38,17.73,26528.0,0.93
CX8,2024-11-21,0.0,0.0,0.0,0.0,0.69,66.0,100.77,24.74,10507.0,0.64
CVN,2024-11-21,0.0,0.0,0.0,0.0,-0.41,27.0,70.14,0.94,13600.0,0.14
CYC,2024-11-21,0.0,10.69,0.0,0.0,0.2,-14134.0,-0.18,11.31,5942.0,0.42
D11,2024-11-21,0.0,0.0,0.0,0.0,0.0,487.0,21.58,20.07,25644.0,0.41
D17,2024-11-21,0.0,0.0,2000.0,0.05,0.07,1405.0,30.25,11.64,21967.0,1.93
DAC,2024-11-21,0.0,6.46,0.0,0.0,0.31,-4503.0,-1.0,-0.53,1997.0,2.25
D2D,2024-11-21,2600.0,0.58,8700.0,0.28,0.68,678.0,45.69,21.11,30863.0,1.0
DAD,2024-11-21,0.0,0.0,2000.0,0.1,-0.01,2494.0,8.22,6.83,20936.0,0.98
DAG,2024-11-21,0.0,0.86,0.0,0.0,0.58,-889.0,-1.57,8.89,452.0,3.1
DAE,2024-11-21,0.0,0.0,1200.0,0.08,0.49,1665.0,9.31,7.65,21893.0,0.71
DAN,2024-11-21,0.0,0.17,700.0,0.02,0.07,3012.0,9.56,7.83,36128.0,0.8
DAH,2024-11-21,0.0,0.0,0.0,0.0,0.73,20.0,156.82,25.93,10955.0,0.28
DAS,2024-11-21,0.0,0.0,1000.0,0.16,0.27,0.0,0.0,5.25,0.0,0.0
DBC,2024-11-21,37100.0,7.67,0.0,0.0,1.45,2151.0,12.18,12.01,19503.0,1.34
DAT,2024-11-21,0.0,0.0,0.0,0.0,0.16,938.0,7.63,4.95,12654.0,0.57
DBD,2024-11-21,6300.0,14.56,0.0,0.0,0.45,3427.0,13.8,13.83,17448.0,2.71
DBM,2024-11-21,0.0,1.07,1700.0,0.07,-0.1,2895.0,8.81,8.25,24723.0,1.03
DC2,2024-11-21,0.0,2.4,0.0,0.0,0.39,529.0,13.23,9.9,11047.0,0.63
DC1,2024-11-21,0.0,0.74,0.0,0.0,-0.45,0.0,0.0,19.53,0.0,0.0
DBT,2024-11-21,0.0,0.0,0.0,0.0,0.29,987.0,12.57,5.19,14070.0,0.88
DC4,2024-11-21,0.0,0.58,0.0,0.0,1.05,3744.0,3.5,6.88,13559.0,0.97
DCF,2024-11-21,0.0,0.0,0.0,0.0,-0.98,1742.0,35.41,40.24,15784.0,3.91
DCM,2024-11-21,148000.0,6.88,2000.0,0.05,1.6,2886.0,12.68,24.38,18690.0,1.96
DCG,2024-11-21,0.0,5.25,1500.0,0.13,-0.18,659.0,18.22,4.55,13442.0,0.89
DCL,2024-11-21,0.0,0.0,0.0,0.0,0.68,869.0,30.71,15.27,20316.0,1.31
DCR,2024-11-21,0.0,0.0,0.0,0.0,-0.22,324.0,14.82,31.2,10556.0,0.45
DCH,2024-11-21,0.0,0.0,100.0,0.01,0.14,0.0,0.0,55.8,0.0,0.0
DCS,2024-11-21,0.0,0.62,0.0,0.0,-0.72,11.0,60.92,18.35,10487.0,0.07
DCT,2024-11-21,0.0,0.39,0.0,0.0,0.22,-3078.0,-0.16,4.46,-17660.0,-0.03
DDM,2024-11-21,0.0,0.11,0.0,0.0,-1.44,-8479.0,-0.22,0.19,-73544.0,-0.03
DDG,2024-11-21,0.0,3.69,0.0,0.0,1.47,184.0,14.68,53.89,10090.0,0.27
DDH,2024-11-21,0.0,0.0,600.0,0.03,-0.42,0.0,0.0,11.9,0.0,0.0
DDN,2024-11-21,0.0,0.0,0.0,0.0,-0.22,531.0,14.78,25.1,13447.0,0.58
DDV,2024-11-21,0.0,5.41,600.0,0.03,3.15,1185.0,15.12,20.93,11766.0,1.52
DGC,2024-11-21,33600.0,17.92,6000.0,0.06,1.56,7743.0,13.7,13.0,37235.0,2.85
DFF,2024-11-21,0.0,0.0,0.0,0.0,2.42,-2450.0,-0.75,18.44,6404.0,0.29
DFC,2024-11-21,0.0,0.0,2000.0,0.1,-0.58,1565.0,12.71,7.72,24024.0,0.83
DGW,2024-11-21,10400.0,22.49,500.0,0.01,1.54,2333.0,17.57,18.18,13080.0,3.13
DHA,2024-11-21,0.0,10.19,2000.0,0.05,0.75,4216.0,9.59,15.95,28499.0,1.42
DGT,2024-11-21,106500.0,0.21,0.0,0.0,1.74,462.0,12.59,11.66,12711.0,0.46
DHB,2024-11-21,0.0,0.0,0.0,0.0,1.69,5835.0,1.37,12.95,2023.0,3.96
DHC,2024-11-21,0.0,39.28,2000.0,0.06,0.49,3330.0,10.35,9.24,24330.0,1.42
DHD,2024-11-21,0.0,0.0,300.0,0.01,0.02,1721.0,15.45,23.23,15832.0,1.68
DHG,2024-11-21,700.0,53.72,7500.0,0.08,0.35,6362.0,15.67,12.07,33726.0,2.96
DHN,2024-11-21,0.0,0.0,2000.0,0.07,-0.44,0.0,0.0,12.6,0.0,0.0
DHM,2024-11-21,0.0,0.0,0.0,0.0,0.51,234.0,37.72,24.92,11342.0,0.78
DHP,2024-11-21,0.0,0.44,1000.0,0.09,-0.35,1456.0,7.96,7.98,18114.0,0.64
DIC,2024-11-21,0.0,0.33,0.0,0.0,0.11,-907.0,-1.1,18.99,-3591.0,-0.28
DHT,2024-11-21,8300.0,36.01,1000.0,0.01,0.37,792.0,101.12,84.02,13074.0,6.13
DIG,2024-11-21,321700.0,4.99,0.0,0.0,1.49,135.0,153.23,12.53,13035.0,1.59
DID,2024-11-21,0.0,0.04,0.0,0.0,0.42,67.0,63.9,67.18,11801.0,0.36
DL1,2024-11-21,0.0,5.99,0.0,0.0,1.09,497.0,10.88,7.55,13959.0,0.39
DKC,2024-11-21,0.0,0.0,1300.0,1.86,0.38,0.0,0.0,0.65,0.0,0.0
DLD,2024-11-21,0.0,0.0,0.0,0.0,2.5,-2131.0,-2.67,-9.32,4194.0,1.36
DIH,2024-11-21,0.0,0.0,0.0,0.0,0.15,-380.0,-40.78,8.9,17340.0,0.89
DLG,2024-11-21,3600.0,1.28,0.0,0.0,1.05,-237.0,-7.78,3.06,2149.0,0.86
DLT,2024-11-21,0.0,0.04,1000.0,0.16,0.0,-37446.0,-0.17,0.28,337805.0,0.02
DLR,2024-11-21,0.0,4.71,0.0,0.0,-0.47,396.0,50.27,152.15,-3875.0,-5.14
DMC,2024-11-21,0.0,56.56,2500.0,0.04,0.46,5289.0,12.44,11.43,44221.0,1.49
DM7,2024-11-21,0.0,0.0,1711.0,0.09,0.42,4004.0,5.0,5.64,18969.0,1.05
DMN,2024-11-21,0.0,0.0,0.0,0.0,0.34,458.0,11.78,2.93,12893.0,0.42
DMS,2024-11-21,0.0,0.0,200.0,0.03,0.67,1269.0,6.23,9.88,12103.0,0.65
DNA,2024-11-21,0.0,0.0,1500.0,0.07,0.38,2276.0,9.68,7.74,15346.0,1.44
DNC,2024-11-21,0.0,0.0,2500.0,0.03,-0.24,6468.0,11.98,12.32,16650.0,4.65
DND,2024-11-21,0.0,0.0,0.0,0.0,-0.08,94.0,172.16,232.69,12004.0,1.35
DNE,2024-11-21,0.0,0.0,500.0,0.05,-1.05,573.0,16.94,7.44,10575.0,0.92
DNH,2024-11-21,0.0,0.0,2850.0,0.06,0.73,1637.0,30.54,38.95,12663.0,3.95
DNM,2024-11-21,0.0,3.5,0.0,0.0,0.09,-11013.0,-0.7,99.65,515.0,14.95
DNN,2024-11-21,0.0,0.0,1700.0,8.5,0.0,1471.0,0.14,0.13,13584.0,0.01
DNL,2024-11-21,0.0,0.0,1000.0,0.03,-0.84,6.0,6017.39,26.63,10344.0,3.34
DNT,2024-11-21,0.0,0.0,1000.0,0.03,-0.72,0.0,0.0,20.68,0.0,0.0
DNP,2024-11-21,0.0,0.18,0.0,0.0,0.92,326.0,63.21,39.78,42819.0,0.48
DNW,2024-11-21,0.0,0.25,1200.0,0.03,-0.01,2702.0,12.84,16.79,19787.0,1.75
DOC,2024-11-21,0.0,0.0,400.0,0.04,-0.37,0.0,0.0,26.6,0.0,0.0
DOP,2024-11-21,0.0,0.0,1200.0,0.09,-0.1,0.0,0.0,6.96,0.0,0.0
DP2,2024-11-21,0.0,0.0,0.0,0.0,-0.38,-884.0,-3.28,580.0,3939.0,0.74
DP1,2024-11-21,0.0,0.0,2300.0,0.06,1.35,6597.0,5.61,8.05,19598.0,1.89
DP3,2024-11-21,0.0,0.0,3000.0,0.05,0.53,5657.0,10.25,14.5,21804.0,2.66
DPC,2024-11-21,0.0,1.23,0.0,0.0,0.85,-2124.0,-4.71,4.47,11360.0,0.88
DPM,2024-11-21,461600.0,7.68,2000.0,0.06,1.29,1700.0,19.88,24.41,28704.0,1.18
DPP,2024-11-21,0.0,0.0,1200.0,0.06,-0.2,0.0,0.0,6.73,0.0,0.0
DPH,2024-11-21,0.0,0.06,1700.0,0.03,-0.39,567.0,88.16,7.72,23699.0,2.11
DPR,2024-11-21,1800.0,5.01,1500.0,0.04,1.36,2719.0,13.68,14.57,37062.0,1.0
DPG,2024-11-21,15300.0,6.55,1000.0,0.02,2.03,3424.0,15.01,9.43,39777.0,1.29
ECI,2024-11-21,0.0,0.0,600.0,0.02,0.02,-4313.0,-5.68,12.86,16630.0,1.47
DPS,2024-11-21,0.0,0.34,0.0,0.0,0.0,-217.0,-1.38,0.67,10472.0,0.03
DQC,2024-11-21,0.0,0.61,0.0,0.0,0.32,-938.0,-13.17,21.22,32295.0,0.38
DRC,2024-11-21,113500.0,9.35,1200.0,0.04,1.3,2259.0,11.86,13.96,16125.0,1.66
DRG,2024-11-21,0.0,0.0,0.0,0.0,2.1,382.0,19.64,85.45,11699.0,0.64
DRH,2024-11-21,0.0,0.91,0.0,0.0,1.12,-955.0,-1.99,47.25,11563.0,0.16
DRI,2024-11-21,500.0,0.12,1000.0,0.08,2.81,1393.0,8.51,14.32,7809.0,1.52
DRL,2024-11-21,0.0,0.0,6800.0,0.11,0.12,4884.0,12.31,13.8,11567.0,5.2
DSE,2024-11-21,34700.0,13.28,0.0,0.0,1.08,748.0,31.09,45.13,12611.0,1.84
DS3,2024-11-21,0.0,0.34,0.0,0.0,-0.21,1452.0,3.58,5.55,7851.0,0.66
DSD,2024-11-21,0.0,0.0,0.0,0.0,0.0,166.0,120.16,77.53,12876.0,1.55
DSG,2024-11-21,0.0,0.17,0.0,0.0,0.82,-608.0,-8.89,-17.17,60.0,90.0
DSP,2024-11-21,0.0,0.0,0.0,0.0,-0.85,-31.0,-419.68,506.81,8047.0,1.64
DSN,2024-11-21,0.0,15.72,4000.0,0.07,0.24,8062.0,6.71,6.29,27913.0,1.94
DST,2024-11-21,0.0,0.0,0.0,0.0,1.6,320.0,9.7,32.68,12386.0,0.25
DTA,2024-11-21,0.0,0.2,0.0,0.0,-0.04,95.0,43.4,22.52,11320.0,0.36
DTD,2024-11-21,9400.0,0.67,0.0,0.0,2.93,2829.0,8.98,5.38,22744.0,1.12
DTB,2024-11-21,0.0,0.0,1073.0,0.09,-2.24,0.0,0.0,7.25,0.0,0.0
DTC,2024-11-21,0.0,0.0,0.0,0.0,0.82,-3624.0,-1.16,-1.4,2041.0,2.06
DTG,2024-11-21,0.0,0.08,0.0,0.0,0.55,3857.0,5.86,5.69,21061.0,1.07
DTE,2024-11-21,0.0,0.0,0.0,0.0,0.03,699.0,7.3,2.0,11282.0,0.45
DTI,2024-11-21,0.0,0.0,0.0,0.0,1.68,15.0,142.76,4.05,10059.0,0.21
DTH,2024-11-21,0.0,0.0,300.0,0.02,-0.13,482.0,28.2,18.15,18177.0,0.75
DTL,2024-11-21,0.0,0.0,0.0,0.0,0.05,-240.0,-43.28,37.58,12543.0,0.83
DTK,2024-11-21,0.0,0.01,400.0,0.03,0.17,883.0,14.04,12.87,12202.0,1.02
DTP,2024-11-21,0.0,0.0,1500.0,0.01,0.18,14883.0,9.42,8.76,57321.0,2.45
DTT,2024-11-21,0.0,0.17,800.0,0.04,-0.22,1360.0,16.51,24.4,16000.0,1.4
DUS,2024-11-21,0.0,0.0,0.0,0.0,0.0,6.0,1317.07,-0.97,13641.0,0.59
DVC,2024-11-21,0.0,0.0,600.0,0.06,-1.08,0.0,0.0,5.83,0.0,0.0
DVM,2024-11-21,0.0,0.0,0.0,0.0,0.97,1208.0,6.21,6.48,16981.0,0.44
DVG,2024-11-21,0.0,0.0,0.0,0.0,-0.88,16.0,76.29,4.48,11196.0,0.11
DVP,2024-11-21,0.0,14.08,7000.0,0.09,0.32,8235.0,9.47,9.04,35678.0,2.19
DVN,2024-11-21,0.0,0.0,700.0,0.03,1.49,1943.0,11.64,11.26,14220.0,1.59
DVW,2024-11-21,0.0,0.0,2000.0,0.1,0.2,0.0,0.0,6.11,0.0,0.0
DXG,2024-11-21,1389000.0,18.95,0.0,0.0,2.0,209.0,82.01,10.29,21694.0,0.79
DWC,2024-11-21,0.0,0.0,0.0,0.0,-0.26,1267.0,8.05,28.4,11019.0,0.93
DWS,2024-11-21,0.0,0.0,600.0,0.05,0.1,1715.0,7.17,7.2,13663.0,0.9
DXP,2024-11-21,0.0,0.0,500.0,0.04,1.38,1022.0,11.36,9.27,14106.0,0.82
DXL,2024-11-21,0.0,1.86,125.0,0.01,-0.17,6197.0,1.97,60.36,12237.0,1.0
DXS,2024-11-21,677500.0,18.72,0.0,0.0,1.55,-17.0,-414.46,1.95,14291.0,0.49
DXV,2024-11-21,0.0,0.54,0.0,0.0,0.57,-994.0,-3.73,-5.18,9965.0,0.37
DZM,2024-11-21,0.0,9.71,0.0,0.0,0.0,-212.0,-13.69,8.4,-872.0,-3.33
E1VFVN30,2024-11-21,2704800.0,87.16,0.0,0.0,0.0,0.0,0.0,0.0,0.0,0.0
E29,2024-11-21,0.0,0.0,500.0,0.07,0.15,39.0,194.5,8.72,10048.0,0.75
E12,2024-11-21,0.0,0.0,0.0,0.0,1.63,-2352.0,-2.59,2.09,9859.0,0.62
EBS,2024-11-21,0.0,0.66,800.0,0.07,1.2,1573.0,6.87,10.51,15389.0,0.7
EIB,2024-11-21,26600.0,3.0,300.0,0.02,0.62,1547.0,11.7,6.1,12979.0,1.39
ECO,2024-11-21,0.0,0.0,0.0,0.0,3.24,322.0,48.51,0.0,10921.0,1.43
EIC,2024-11-21,0.0,0.0,1700.0,0.08,-1.59,1399.0,15.72,22.81,11962.0,1.84
EFI,2024-11-21,0.0,0.03,0.0,0.0,0.31,48.0,28.94,15.23,15037.0,0.09
EID,2024-11-21,0.0,0.0,1400.0,0.05,0.28,5174.0,5.22,6.33,30461.0,0.89
EIN,2024-11-21,0.0,0.0,0.0,0.0,1.07,-136.0,-18.25,112.67,8765.0,0.28
ELC,2024-11-21,3400.0,3.0,0.0,0.0,1.78,772.0,32.52,19.36,14173.0,1.77
EME,2024-11-21,0.0,0.0,700.0,0.03,-1.74,0.0,0.0,17.08,0.0,0.0
EMG,2024-11-21,0.0,0.0,1500.0,0.06,-0.05,0.0,0.0,5.19,0.0,0.0
EMS,2024-11-21,0.0,0.0,1000.0,0.04,0.0,3066.0,8.71,8.08,13930.0,1.92
EPH,2024-11-21,0.0,0.24,1300.0,0.08,0.79,-331.0,-48.62,4.47,11203.0,1.44
EVE,2024-11-21,0.0,66.94,500.0,0.05,0.91,-784.0,-13.32,7.31,22435.0,0.47
EPC,2024-11-21,0.0,0.0,0.0,0.0,0.62,0.0,0.0,23.43,0.0,0.0
EVF,2024-11-21,0.0,0.64,0.0,0.0,1.77,754.0,13.39,12.16,12603.0,0.8
EVG,2024-11-21,284000.0,0.64,0.0,0.0,2.0,178.0,32.39,13.11,13233.0,0.44
EVS,2024-11-21,0.0,0.36,0.0,0.0,1.53,52.0,97.87,7.84,11860.0,0.43
FBC,2024-11-21,0.0,0.0,20000.0,5.41,0.0,929.0,3.98,0.23,17627.0,0.21
FCM,2024-11-21,0.0,2.94,0.0,0.0,1.06,-41.0,-76.45,9.32,11717.0,0.26
FCC,2024-11-21,0.0,0.0,0.0,0.0,0.0,0.0,0.0,99.95,0.0,0.0
FCN,2024-11-21,700.0,31.2,100.0,0.01,1.12,-204.0,-61.3,32.8,21215.0,0.59
FCS,2024-11-21,0.0,0.0,0.0,0.0,2.48,-17.0,-484.92,190.21,2090.0,3.92
FHS,2024-11-21,0.0,0.0,1800.0,0.05,0.63,4509.0,7.32,6.01,15897.0,2.08
FGL,2024-11-21,0.0,0.0,0.0,0.0,0.26,-1100.0,-9.18,-25.27,1373.0,7.36
FHN,2024-11-21,0.0,0.0,400.0,0.03,0.14,141.0,99.87,19.23,15962.0,0.88
FDC,2024-11-21,0.0,0.02,0.0,0.0,-0.15,26.0,612.09,120.6,11571.0,1.38
FIC,2024-11-21,0.0,0.0,500.0,0.04,-1.61,448.0,31.49,23.38,12568.0,1.12
FIR,2024-11-21,0.0,0.17,0.0,0.0,0.17,25.0,185.92,3.77,11544.0,0.41
FID,2024-11-21,0.0,0.0,0.0,0.0,-0.21,-180.0,-7.22,26.78,10666.0,0.12
FLC,2024-11-21,0.0,2.16,0.0,0.0,0.0,-2649.0,-1.32,2.82,11190.0,0.31
FIT,2024-11-21,0.0,0.0,0.0,0.0,0.84,461.0,9.0,5.22,17469.0,0.24
FMC,2024-11-21,0.0,31.01,2000.0,0.04,0.56,4251.0,10.73,9.32,34848.0,1.31
FOC,2024-11-21,0.0,0.9,2000.0,0.03,1.98,7795.0,10.11,6.93,42855.0,1.84
FPT,2024-11-21,1649347.0,45.83,1000.0,0.01,1.08,5652.0,23.43,17.78,24213.0,5.47
FOX,2024-11-21,0.0,0.0,2000.0,0.02,2.0,5627.0,15.98,12.62,20705.0,4.34
FRT,2024-11-21,98100.0,37.41,0.0,0.0,0.88,775.0,213.0,179.84,14614.0,11.29
FRC,2024-11-21,0.0,0.0,0.0,0.0,-0.26,8.0,3813.33,12.26,11678.0,2.45
FRM,2024-11-21,0.0,0.0,426.0,0.1,0.08,117.0,34.92,18.45,11343.0,0.36
FSO,2024-11-21,0.0,0.0,0.0,0.0,0.0,0.0,0.0,41.49,0.0,0.0
FT1,2024-11-21,0.0,1.52,3700.0,0.08,0.08,0.0,0.0,6.49,0.0,0.0
FTI,2024-11-21,0.0,0.0,0.0,0.0,0.0,-331.0,-11.18,70.72,8688.0,0.43
FTS,2024-11-21,21000.0,30.43,500.0,0.01,1.78,1822.0,22.7,30.12,12940.0,3.2
FTM,2024-11-21,0.0,0.55,0.0,0.0,-1.41,-2591.0,-0.27,5.83,-15777.0,-0.04
FUCTVGF3,2024-11-21,0.0,0.0,0.0,0.0,0.0,0.0,0.0,0.0,0.0,0.0
FUCTVGF4,2024-11-21,0.0,0.0,0.0,0.0,0.0,0.0,0.0,0.0,0.0,0.0
FUCTVGF5,2024-11-21,0.0,0.46,0.0,0.0,0.0,0.0,0.0,0.0,0.0,0.0
GSM,2024-11-21,0.0,0.0,2000.0,0.08,0.79,1700.0,13.93,26.61,16119.0,1.47
FUCVREIT,2024-11-21,0.0,1.62,0.0,0.0,0.0,0.0,0.0,0.0,0.0,0.0
FUEABVND,2024-11-21,0.0,0.0,0.0,0.0,0.0,0.0,0.0,0.0,0.0,0.0
FUEBFVND,2024-11-21,0.0,0.0,0.0,0.0,0.0,0.0,0.0,0.0,0.0,0.0
FUEFCV50,2024-11-21,0.0,1.81,0.0,0.0,0.0,0.0,0.0,0.0,0.0,0.0
FUEDCMID,2024-11-21,0.0,81.1,0.0,0.0,0.0,0.0,0.0,0.0,0.0,0.0
FUEIP100,2024-11-21,0.0,2.22,0.0,0.0,0.0,0.0,0.0,0.0,0.0,0.0
FUEKIV30,2024-11-21,1700.0,96.81,0.0,0.0,0.0,0.0,0.0,0.0,0.0,0.0
FUEMAV30,2024-11-21,15200.0,89.73,0.0,0.0,0.0,0.0,0.0,0.0,0.0,0.0
FUEKIVND,2024-11-21,100.0,98.89,0.0,0.0,0.0,0.0,0.0,0.0,0.0,0.0
FUEKIVFS,2024-11-21,0.0,86.91,0.0,0.0,0.0,0.0,0.0,0.0,0.0,0.0
FUEMAVND,2024-11-21,100.0,93.06,0.0,0.0,0.0,0.0,0.0,0.0,0.0,0.0
FUESSV30,2024-11-21,0.0,32.29,0.0,0.0,0.0,0.0,0.0,0.0,0.0,0.0
FUEVFVND,2024-11-21,1315300.0,93.46,0.0,0.0,0.0,0.0,0.0,0.0,0.0,0.0
FUEVN100,2024-11-21,5900.0,5.81,0.0,0.0,0.0,0.0,0.0,0.0,0.0,0.0
FUESSVFL,2024-11-21,0.0,49.6,0.0,0.0,0.0,0.0,0.0,0.0,0.0,0.0
G20,2024-11-21,0.0,0.14,0.0,0.0,0.77,-1835.0,-0.33,3.32,4322.0,0.14
G36,2024-11-21,0.0,0.0,0.0,0.0,1.37,524.0,11.95,60.66,10872.0,0.58
GAB,2024-11-21,0.0,0.31,0.0,0.0,0.0,-447.0,-438.93,975.71,10052.0,19.54
GAS,2024-11-21,299500.0,1.84,6000.0,0.09,0.61,4831.0,13.99,27.31,25465.0,2.65
GCB,2024-11-21,0.0,0.0,0.0,0.0,0.0,577.0,31.18,5.89,16405.0,1.1
GCF,2024-11-21,0.0,0.01,0.0,0.0,-0.5,1957.0,12.0,13.78,13868.0,1.69
GDT,2024-11-21,0.0,10.52,1000.0,0.04,0.87,2516.0,10.34,9.42,14388.0,1.81
GDA,2024-11-21,0.0,20.63,2000.0,0.08,2.2,2966.0,8.91,10.1,34078.0,0.78
GEE,2024-11-21,0.0,0.03,1000.0,0.03,1.36,3739.0,8.69,10.82,22208.0,1.46
GDW,2024-11-21,0.0,6.29,1400.0,0.05,-0.68,1533.0,17.94,5.74,18294.0,1.5
GEG,2024-11-21,2100.0,53.71,0.0,0.0,1.59,318.0,33.65,16.74,16249.0,0.66
GER,2024-11-21,0.0,0.01,400.0,0.03,-0.11,-417.0,-30.92,20.07,10618.0,1.21
GEX,2024-11-21,433600.0,6.31,0.0,0.0,1.55,1217.0,14.34,7.81,26275.0,0.66
GGG,2024-11-21,0.0,2.09,0.0,0.0,-0.84,-634.0,-5.99,1.86,-1559.0,-2.44
GH3,2024-11-21,0.0,0.0,430.0,0.07,0.0,0.0,0.0,10.54,0.0,0.0
GIL,2024-11-21,38800.0,1.4,0.0,0.0,1.63,1489.0,13.64,14.2,36552.0,0.56
GHC,2024-11-21,0.0,3.97,3000.0,0.11,0.5,3278.0,8.61,9.48,22485.0,1.26
GIC,2024-11-21,0.0,10.44,1200.0,0.08,0.04,1505.0,9.63,10.65,19725.0,0.74
GKM,2024-11-21,0.0,0.01,0.0,0.0,0.31,683.0,8.34,2.99,10861.0,0.52
GLC,2024-11-21,0.0,0.0,0.0,0.0,0.0,-1455.0,-6.87,-6.72,704.0,14.2
GLW,2024-11-21,0.0,0.0,300.0,0.03,0.2,658.0,13.98,14.88,10868.0,0.85
GMA,2024-11-21,0.0,0.0,0.0,0.0,0.0,853.0,62.82,536.0,23805.0,2.25
GLT,2024-11-21,0.0,0.0,1500.0,0.06,0.22,152.0,170.74,15.17,15233.0,1.71
GMH,2024-11-21,0.0,0.72,1000.0,0.12,0.64,410.0,19.87,8.15,10654.0,0.76
GMD,2024-11-21,423900.0,48.96,2200.0,0.03,0.91,4260.0,14.95,11.73,33909.0,1.88
GMC,2024-11-21,0.0,0.0,0.0,0.0,-0.38,-480.0,-16.66,6.6,11772.0,0.68
GND,2024-11-21,0.0,0.25,3000.0,0.1,-0.12,508.0,58.25,10.23,15590.0,1.9
GPC,2024-11-21,0.0,0.0,0.0,0.0,1.66,1171.0,2.37,3.61,14352.0,0.19
GTA,2024-11-21,0.0,0.15,550.0,0.05,0.77,937.0,11.31,12.88,16125.0,0.66
GSP,2024-11-21,0.0,0.0,0.0,0.0,0.87,1839.0,6.93,9.32,13681.0,0.93
GTS,2024-11-21,0.0,0.0,800.0,0.07,-0.03,996.0,10.94,13.43,11013.0,0.99
GTD,2024-11-21,0.0,0.0,0.0,0.0,0.06,0.0,0.0,827.91,0.0,0.0
GVR,2024-11-21,44800.0,0.36,300.0,0.01,2.26,862.0,35.74,35.85,14339.0,2.15
GTT,2024-11-21,0.0,0.12,0.0,0.0,0.0,-2979.0,-0.1,-0.08,-24716.0,-0.01
H11,2024-11-21,0.0,0.23,0.0,0.0,0.49,0.0,0.0,0.02,0.0,0.0
GVT,2024-11-21,0.0,0.02,3600.0,0.05,-0.02,1034.0,75.4,15.61,12607.0,6.19
HAD,2024-11-21,0.0,11.42,1200.0,0.07,0.12,1833.0,9.0,14.64,19038.0,0.87
HAC,2024-11-21,0.0,0.63,0.0,0.0,1.32,336.0,32.77,8.45,9243.0,1.19
HAF,2024-11-21,0.0,0.0,0.0,0.0,-0.31,-509.0,-23.6,15.76,10391.0,1.16
HAM,2024-11-21,0.0,0.0,1000.0,0.03,0.38,0.0,0.0,6.99,0.0,0.0
HAG,2024-11-21,64300.0,2.79,0.0,0.0,0.95,1851.0,6.29,9.33,8473.0,1.37
HAH,2024-11-21,239600.0,12.19,0.0,0.0,1.21,3939.0,11.6,19.12,29864.0,1.53
HAN,2024-11-21,0.0,0.0,300.0,0.03,1.48,432.0,23.86,32.07,11469.0,0.9
HAR,2024-11-21,300.0,2.58,0.0,0.0,1.29,90.0,36.83,17.42,11229.0,0.29
HAI,2024-11-21,0.0,1.18,0.0,0.0,0.0,-57.0,-26.23,34.25,9941.0,0.15
HAP,2024-11-21,0.0,2.21,0.0,0.0,0.77,118.0,35.87,9.09,11694.0,0.36
HBC,2024-11-21,10000.0,10.44,0.0,0.0,1.34,2921.0,1.66,3.88,4739.0,1.02
HAT,2024-11-21,200.0,5.04,3000.0,0.07,-0.88,8247.0,5.09,7.02,24476.0,1.72
HAS,2024-11-21,0.0,15.33,50.0,0.01,0.55,-553.0,-14.45,12.8,16921.0,0.47
HAX,2024-11-21,3700.0,16.91,300.0,0.02,1.23,1145.0,13.88,8.54,12601.0,1.26
HAV,2024-11-21,0.0,0.0,0.0,0.0,1.28,0.0,0.0,2327.63,0.0,0.0
HBS,2024-11-21,0.0,0.17,2000.0,0.31,1.78,437.0,14.88,4.66,10960.0,0.59
HC3,2024-11-21,0.0,0.2,2000.0,0.07,-2.13,2016.0,13.39,12.41,34399.0,0.78
HBH,2024-11-21,0.0,2.01,0.0,0.0,-1.05,-130.0,-44.52,96.27,9842.0,0.59
HBD,2024-11-21,0.0,0.47,1400.0,0.08,0.23,1348.0,12.98,9.89,14685.0,1.19
HC1,2024-11-21,0.0,0.0,1000.0,0.09,0.76,482.0,22.83,7.18,24076.0,0.46
HCM,2024-11-21,801000.0,45.24,1178.0,0.04,1.83,1680.0,16.49,16.83,14286.0,1.94
HCB,2024-11-21,0.0,0.0,2000.0,0.07,-0.27,0.0,0.0,6.07,0.0,0.0
HCI,2024-11-21,0.0,0.0,0.0,0.0,0.0,0.0,0.0,23.02,0.0,0.0
HCD,2024-11-21,0.0,0.0,0.0,0.0,0.92,1450.0,5.97,5.26,12906.0,0.67
HCC,2024-11-21,0.0,13.05,1200.0,0.1,-0.12,1634.0,7.34,5.67,12707.0,0.94
HDA,2024-11-21,0.0,0.0,0.0,0.0,0.62,-75.0,-50.45,6.56,12068.0,0.31
HD2,2024-11-21,0.0,0.06,0.0,0.0,0.44,1854.0,10.02,48.95,16430.0,1.13
HCT,2024-11-21,0.0,0.38,0.0,0.0,0.0,-883.0,-10.87,40.33,18880.0,0.51
HD6,2024-11-21,0.0,0.0,0.0,0.0,1.31,1156.0,11.85,4.6,20843.0,0.66
HD8,2024-11-21,0.0,0.0,1300.0,0.16,0.1,0.0,0.0,112.5,0.0,0.0
HDB,2024-11-21,1198000.0,17.18,1000.0,0.04,1.09,4478.0,5.5,5.69,18398.0,1.34
HDG,2024-11-21,124600.0,15.5,500.0,0.02,1.82,2305.0,12.17,9.71,22465.0,1.25
HDC,2024-11-21,4900.0,2.96,0.0,0.0,1.54,790.0,31.26,10.39,12728.0,1.94
HDM,2024-11-21,0.0,0.06,4000.0,0.12,0.69,5194.0,6.45,6.12,21015.0,1.59
HDO,2024-11-21,0.0,0.44,0.0,0.0,0.0,-6236.0,-0.06,4.52,-9279.0,-0.04
HDP,2024-11-21,0.0,0.0,1200.0,0.07,0.0,434.0,41.28,11.86,13684.0,1.31
HDS,2024-11-21,0.0,0.0,0.0,0.0,0.0,41.0,201.7,20.03,10224.0,0.81
HEC,2024-11-21,0.0,0.0,4500.0,0.08,0.26,0.0,0.0,7.47,0.0,0.0
HEJ,2024-11-21,0.0,0.0,0.0,0.0,-0.46,0.0,0.0,54.14,0.0,0.0
HDW,2024-11-21,0.0,0.04,792.0,0.06,-0.87,1508.0,9.35,9.99,14083.0,1.0
HEP,2024-11-21,0.0,0.72,1039.0,0.06,-0.1,0.0,0.0,7.27,0.0,0.0
HES,2024-11-21,0.0,0.0,0.0,0.0,0.11,515.0,92.18,31.7,12500.0,3.8
HFX,2024-11-21,0.0,0.0,0.0,0.0,-1.3,0.0,0.0,4.95,0.0,0.0
HFB,2024-11-21,0.0,0.0,850.0,0.1,-2.1,0.0,0.0,11.39,0.0,0.0
HFC,2024-11-21,0.0,0.0,0.0,0.0,2.41,0.0,0.0,7.52,0.0,0.0
HEV,2024-11-21,0.0,2.34,0.0,0.0,-0.09,-1208.0,-18.13,43.8,12209.0,1.79
HGT,2024-11-21,0.0,49.0,0.0,0.0,-1.05,3537.0,2.88,59.82,10695.0,0.95
HGM,2024-11-21,0.0,0.19,5500.0,0.04,-0.2,11214.0,13.35,37.72,25910.0,5.78
HHC,2024-11-21,0.0,0.22,0.0,0.0,-0.55,2916.0,38.07,26.05,38597.0,2.88
HHP,2024-11-21,0.0,6.8,0.0,0.0,0.62,202.0,43.14,16.73,11869.0,0.73
HHN,2024-11-21,0.0,0.0,1200.0,2.4,0.0,0.0,0.0,0.55,0.0,0.0
HHV,2024-11-21,369800.0,8.36,0.0,0.0,1.32,672.0,16.06,11.55,15744.0,0.69
HHS,2024-11-21,42200.0,5.38,0.0,0.0,1.65,1325.0,5.64,9.16,12984.0,0.58
HHG,2024-11-21,0.0,0.2,0.0,0.0,2.24,-991.0,-1.42,9.21,2677.0,0.52
HID,2024-11-21,0.0,0.58,0.0,0.0,0.63,269.0,9.98,11.54,11890.0,0.23
HIG,2024-11-21,0.0,0.0,0.0,0.0,0.33,375.0,26.95,11.39,19356.0,0.52
HIO,2024-11-21,0.0,0.04,0.0,0.0,0.59,927.0,10.43,10.25,11972.0,0.81
HJS,2024-11-21,0.0,0.61,2200.0,0.07,0.46,2519.0,12.7,15.81,14984.0,2.14
HII,2024-11-21,0.0,0.79,0.0,0.0,0.72,64.0,69.14,3.52,13391.0,0.33
HJC,2024-11-21,0.0,0.0,0.0,0.0,-0.09,1109.0,5.41,7.27,13952.0,0.43
HKB,2024-11-21,0.0,0.82,0.0,0.0,2.13,-1137.0,-0.62,-3.12,1981.0,0.35
HLA,2024-11-21,0.0,0.12,0.0,0.0,0.0,-3771.0,-0.11,0.4,-46986.0,-0.01
HKT,2024-11-21,0.0,0.26,0.0,0.0,0.39,151.0,56.99,10.55,11722.0,0.73
HLB,2024-11-21,0.0,0.0,9000.0,0.03,-0.44,0.0,0.0,9.61,0.0,0.0
HLD,2024-11-21,100.0,4.21,0.0,0.0,0.47,113.0,238.03,215.14,21271.0,1.27
HLC,2024-11-21,0.0,9.68,800.0,0.07,0.9,2946.0,4.07,3.07,15457.0,0.78
HLS,2024-11-21,0.0,0.0,1000.0,0.06,0.33,0.0,0.0,12.93,0.0,0.0
HLO,2024-11-21,0.0,39.35,0.0,0.0,0.18,0.0,0.0,18.94,0.0,0.0
HLT,2024-11-21,0.0,0.0,0.0,0.0,0.05,16.0,777.01,15.03,19390.0,0.63
HLY,2024-11-21,0.0,1.56,0.0,0.0,0.42,-4613.0,-3.58,-1.91,609064.0,0.03
HMC,2024-11-21,0.0,0.0,800.0,0.07,0.69,1071.0,9.99,18.26,14436.0,0.74
HMG,2024-11-21,0.0,0.0,800.0,0.07,0.0,2043.0,5.68,10.44,11124.0,1.04
HMH,2024-11-21,0.0,0.47,0.0,0.0,-0.3,1211.0,11.56,23.1,17006.0,0.82
HNA,2024-11-21,0.0,0.0,0.0,0.0,-0.1,1086.0,23.3,33.07,13367.0,1.89
HMR,2024-11-21,0.0,0.0,968.0,0.09,0.44,983.0,10.68,7.37,13329.0,0.79
HMS,2024-11-21,0.0,0.0,800.0,0.02,0.18,0.0,0.0,12.09,0.0,0.0
HNB,2024-11-21,0.0,0.29,650.0,0.05,1.57,740.0,17.31,8.65,10688.0,1.2
HND,2024-11-21,0.0,0.02,1102.0,0.09,0.93,613.0,20.96,17.18,12223.0,1.05
HNG,2024-11-21,200000.0,1.75,0.0,0.0,2.14,-1043.0,-4.79,-46.12,1677.0,2.98
HNF,2024-11-21,0.0,0.09,7000.0,0.24,0.39,4996.0,5.76,12.62,21722.0,1.32
HNI,2024-11-21,0.0,0.0,1500.0,0.06,0.66,2990.0,7.89,17.54,17586.0,1.34
HNM,2024-11-21,0.0,0.0,0.0,0.0,0.74,605.0,14.22,7.96,10579.0,0.81
HNP,2024-11-21,0.0,2.67,500.0,0.03,-0.01,0.0,0.0,22.63,12531.0,1.44
HNR,2024-11-21,0.0,45.57,0.0,0.0,0.0,-586.0,-20.49,-10.62,17417.0,0.69
HPG,2024-11-21,520800.0,21.96,0.0,0.0,0.98,2028.0,12.62,16.37,17476.0,1.46
HOT,2024-11-21,0.0,0.0,0.0,0.0,0.07,1164.0,12.72,23.48,6650.0,2.23
HOM,2024-11-21,0.0,0.8,0.0,0.0,0.06,-783.0,-4.73,-2.65,12195.0,0.3
HPD,2024-11-21,3200.0,10.21,1000.0,0.04,0.18,1564.0,14.43,9.39,13296.0,1.7
HPB,2024-11-21,0.0,0.08,1500.0,0.08,-0.19,4007.0,4.62,21.75,21939.0,0.84
HPP,2024-11-21,0.0,23.37,3000.0,0.04,0.76,0.0,0.0,6.07,0.0,0.0
HPH,2024-11-21,0.0,0.0,0.0,0.0,0.16,0.0,0.0,18.36,0.0,0.0
HPI,2024-11-21,0.0,0.0,0.0,0.0,-0.26,1416.0,9.18,32.28,6791.0,1.91
HPM,2024-11-21,0.0,1.28,0.0,0.0,0.05,3228.0,2.69,2.2,10000.0,0.87
HPT,2024-11-21,0.0,3.47,1200.0,0.06,0.42,34.0,569.9,6.44,3553.0,5.4
HPX,2024-11-21,35500.0,0.34,0.0,0.0,1.56,418.0,11.17,13.53,11948.0,0.39
HPW,2024-11-21,0.0,0.11,850.0,0.05,0.96,1455.0,11.41,13.17,14246.0,1.17
HQC,2024-11-21,0.0,0.64,0.0,0.0,0.93,54.0,57.85,1.8,9398.0,0.33
HRB,2024-11-21,0.0,0.0,3050.0,0.05,0.0,0.0,0.0,27.89,0.0,0.0
HRC,2024-11-21,0.0,0.0,0.0,0.0,-0.36,640.0,63.8,226.42,18163.0,2.25
HSG,2024-11-21,190800.0,10.22,500.0,0.03,1.64,827.0,22.56,28.72,17573.0,1.06
HSA,2024-11-21,0.0,0.0,0.0,0.0,0.0,9841.0,3.35,12.18,33698.0,0.98
HSI,2024-11-21,0.0,0.0,0.0,0.0,0.03,-3721.0,-0.32,6.0,-1257.0,-0.95
HSL,2024-11-21,0.0,1.85,0.0,0.0,0.49,325.0,12.5,8.6,11561.0,0.35
HSM,2024-11-21,0.0,0.0,0.0,0.0,0.0,-7021.0,-0.74,16.62,18565.0,0.28
HSP,2024-11-21,0.0,2.93,1140.0,0.11,0.13,1411.0,7.58,9.19,15581.0,0.69
HT1,2024-11-21,0.0,1.32,0.0,0.0,0.94,257.0,45.21,190.76,12733.0,0.91
HSV,2024-11-21,0.0,0.06,0.0,0.0,2.25,189.0,19.62,14.57,10901.0,0.34
HTG,2024-11-21,0.0,0.0,4500.0,0.1,0.77,6126.0,7.43,7.45,26052.0,1.75
HTE,2024-11-21,0.0,0.0,0.0,0.0,2.1,57.0,66.29,61.52,10156.0,0.37
HTC,2024-11-21,0.0,0.0,1400.0,0.05,0.84,2104.0,13.31,12.27,17648.0,1.59
HTL,2024-11-21,1000.0,30.16,5000.0,0.17,0.66,4130.0,7.14,69.94,18195.0,1.62
HTI,2024-11-21,0.0,15.29,1600.0,0.1,0.06,2475.0,6.44,5.31,19569.0,0.82
HTN,2024-11-21,400.0,0.94,0.0,0.0,1.34,504.0,14.52,10.35,17174.0,0.43
HTM,2024-11-21,0.0,0.0,0.0,0.0,0.98,-99.0,-101.52,-525.49,10025.0,1.01
HTP,2024-11-21,0.0,0.0,0.0,0.0,2.98,-634.0,-4.73,236.22,23692.0,0.13
HTV,2024-11-21,0.0,0.0,300.0,0.03,0.05,674.0,14.24,14.44,25078.0,0.38
HTT,2024-11-21,0.0,0.72,0.0,0.0,0.38,-415.0,-3.37,4.55,5880.0,0.24
HU1,2024-11-21,0.0,0.02,300.0,0.05,0.11,27.0,225.69,15.82,14904.0,0.4
HU3,2024-11-21,0.0,0.3,0.0,0.0,1.83,-1269.0,-2.92,46.25,14308.0,0.26
HU4,2024-11-21,0.0,0.13,1000.0,0.09,1.28,590.0,18.43,6.37,13347.0,0.81
HU6,2024-11-21,0.0,0.0,0.0,0.0,-0.66,0.0,0.0,2063.3,0.0,0.0
HUB,2024-11-21,0.0,0.0,1500.0,0.08,0.48,2510.0,7.27,8.0,22640.0,0.81
HUT,2024-11-21,200.0,1.55,0.0,0.0,0.73,76.0,209.71,21.5,13655.0,1.16
HUG,2024-11-21,0.0,0.0,3000.0,0.09,-0.38,3287.0,9.86,11.49,13980.0,2.32
HVA,2024-11-21,0.0,24.29,0.0,0.0,1.17,76.0,83.62,4.35,10368.0,0.61
HVH,2024-11-21,10400.0,0.85,0.0,0.0,0.97,620.0,13.18,11.07,13683.0,0.6
HVN,2024-11-21,90700.0,7.75,0.0,0.0,2.04,1794.0,14.25,-9.68,-5007.0,-5.1
HVG,2024-11-21,0.0,0.55,0.0,0.0,0.0,-2771.0,-0.51,0.91,2901.0,0.48
HVT,2024-11-21,300.0,1.42,3000.0,0.03,0.86,6289.0,14.69,9.58,38705.0,2.39
IBC,2024-11-21,0.0,1.33,0.0,0.0,0.0,-1048.0,-1.62,1.0,18285.0,0.09
IBD,2024-11-21,0.0,0.0,600.0,0.05,-0.19,208.0,55.24,10.64,10203.0,1.13
HVX,2024-11-21,0.0,0.95,0.0,0.0,0.34,-1625.0,-1.52,-2.32,8188.0,0.3
HWS,2024-11-21,0.0,1.03,950.0,0.06,0.51,1443.0,11.53,10.5,12496.0,1.33
ICC,2024-11-21,0.0,6.7,1800.0,0.07,-1.36,0.0,0.0,16.47,0.0,0.0
ICG,2024-11-21,0.0,6.28,500.0,0.07,0.52,-467.0,-14.78,69.0,16212.0,0.43
ICF,2024-11-21,0.0,2.7,0.0,0.0,0.66,-178.0,-21.3,48.67,6540.0,0.58
ICN,2024-11-21,0.0,0.0,3000.0,0.06,0.5,10236.0,5.05,15.9,18190.0,2.84
IDC,2024-11-21,113300.0,22.75,4000.0,0.07,1.26,6634.0,8.14,7.12,20275.0,2.66
ICI,2024-11-21,0.0,0.0,200.0,0.03,-2.28,0.0,0.0,50.4,0.0,0.0
ICT,2024-11-21,1900.0,0.54,500.0,0.04,0.57,1058.0,11.82,11.72,19994.0,0.63
IDI,2024-11-21,93100.0,0.89,0.0,0.0,1.67,254.0,32.2,8.1,12679.0,0.65
IDP,2024-11-21,0.0,13.29,8500.0,0.03,-0.17,16198.0,15.22,16.93,54347.0,4.54
IDJ,2024-11-21,0.0,0.67,0.0,0.0,2.07,756.0,7.8,9.84,12048.0,0.49
IDV,2024-11-21,0.0,19.92,1500.0,0.04,0.79,3915.0,9.58,10.75,24638.0,1.52
IFS,2024-11-21,0.0,97.81,2400.0,0.09,1.49,2194.0,11.56,11.52,13704.0,1.85
IHK,2024-11-21,0.0,0.09,1250.0,0.09,-0.01,2339.0,5.9,9.24,13392.0,1.03
IJC,2024-11-21,9200.0,4.75,700.0,0.05,1.45,883.0,14.95,9.76,13285.0,0.99
ILA,2024-11-21,0.0,0.0,0.0,0.0,1.0,59.0,67.71,5.24,10851.0,0.37
ILB,2024-11-21,0.0,10.91,2107.0,0.07,0.31,4082.0,7.82,7.92,22125.0,1.44
ILC,2024-11-21,0.0,0.0,0.0,0.0,-2.02,1930.0,3.01,3.16,8142.0,0.71
ILS,2024-11-21,0.0,0.0,0.0,0.0,-0.3,578.0,20.77,202.5,9474.0,1.27
IME,2024-11-21,0.0,0.0,0.0,0.0,-1.07,491.0,172.16,36.52,11382.0,7.43
IMP,2024-11-21,4400.0,49.28,1000.0,0.02,0.89,3743.0,11.17,15.22,13961.0,2.99
IN4,2024-11-21,0.0,0.0,1500.0,0.03,0.08,1487.0,38.87,9.13,15729.0,3.67
INC,2024-11-21,0.0,9.4,0.0,0.0,-0.16,469.0,70.98,30.36,12267.0,2.71
ING,2024-11-21,0.0,0.0,0.0,0.0,0.11,-389.0,-20.81,-17.58,-1279.0,-6.33
INN,2024-11-21,0.0,3.75,2500.0,0.05,0.35,6415.0,8.34,8.3,38173.0,1.4
IPA,2024-11-21,100.0,0.52,0.0,0.0,1.65,2203.0,5.81,6.44,20381.0,0.63
ISG,2024-11-21,0.0,0.0,0.0,0.0,-0.1,-3204.0,-2.18,0.43,-36288.0,-0.19
IRC,2024-11-21,0.0,0.0,350.0,0.04,0.21,821.0,10.59,25.37,10058.0,0.86
ISH,2024-11-21,0.0,0.0,2000.0,0.08,0.98,1657.0,15.81,15.22,12717.0,2.06
IST,2024-11-21,200.0,0.19,2300.0,0.06,-0.72,5506.0,6.44,5.88,18912.0,1.87
ITA,2024-11-21,0.0,0.4,0.0,0.0,0.94,234.0,10.02,12.39,11120.0,0.21
ITC,2024-11-21,0.0,0.0,0.0,0.0,1.42,817.0,13.34,15.01,24242.0,0.45
ITD,2024-11-21,0.0,1.07,0.0,0.0,0.95,-2109.0,-6.07,12.56,14279.0,0.9
ITQ,2024-11-21,0.0,0.0,0.0,0.0,0.63,42.0,69.86,18.47,10435.0,0.28
IVS,2024-11-21,39600.0,80.09,0.0,0.0,1.41,261.0,36.36,19.55,11114.0,0.85
ITS,2024-11-21,0.0,0.0,100.0,0.03,0.48,189.0,19.6,9.79,10741.0,0.34
JVC,2024-11-21,6900.0,1.53,0.0,0.0,0.95,394.0,7.68,11.0,4651.0,0.65
JOS,2024-11-21,0.0,0.27,0.0,0.0,-0.89,-2963.0,-0.3,0.0,-20021.0,-0.04
KBC,2024-11-21,172800.0,18.97,0.0,0.0,1.82,550.0,48.89,5.16,26860.0,1.0
KAC,2024-11-21,0.0,0.03,0.0,0.0,0.0,110.0,190.11,50.4,13244.0,1.59
KDC,2024-11-21,14700.0,19.64,1600.0,0.03,0.3,-1948.0,-25.71,18.15,24936.0,2.01
KCE,2024-11-21,0.0,0.01,1000.0,0.1,0.34,1939.0,5.25,7.63,15257.0,0.67
KCB,2024-11-21,0.0,2.56,500.0,0.06,0.09,2019.0,4.11,12.3,10875.0,0.76
KDH,2024-11-21,638100.0,36.7,0.0,0.0,0.96,582.0,55.88,37.47,20764.0,1.57
KGM,2024-11-21,0.0,0.02,375.0,0.05,0.78,509.0,13.55,14.62,10630.0,0.65
KDM,2024-11-21,0.0,0.0,0.0,0.0,0.58,318.0,51.62,28.65,10063.0,1.63
KHD,2024-11-21,0.0,0.0,0.0,0.0,0.37,-608.0,-15.96,12.66,13963.0,0.69
KHL,2024-11-21,0.0,0.59,0.0,0.0,0.0,-82.0,-8.51,16.8,3778.0,0.19
KHG,2024-11-21,142300.0,0.76,0.0,0.0,1.14,114.0,45.58,9.09,11590.0,0.45
KHP,2024-11-21,0.0,0.0,600.0,0.05,-0.11,3384.0,3.56,18.63,12831.0,0.94
KKC,2024-11-21,0.0,0.53,0.0,0.0,0.47,655.0,9.31,39.65,7844.0,0.78
KHS,2024-11-21,0.0,0.0,0.0,0.0,-0.14,2125.0,5.41,7.71,18168.0,0.63
KLB,2024-11-21,26200.0,0.52,0.0,0.0,0.6,1854.0,6.58,5.57,17518.0,0.7
KIP,2024-11-21,0.0,0.0,800.0,0.07,-0.01,1948.0,5.65,6.53,22740.0,0.48
KLF,2024-11-21,0.0,0.53,0.0,0.0,0.0,-724.0,-1.11,13.78,9686.0,0.08
KOS,2024-11-21,1100.0,0.16,0.0,0.0,0.11,134.0,288.17,77.17,10767.0,3.58
KMR,2024-11-21,0.0,62.36,0.0,0.0,0.5,86.0,37.29,16.65,11315.0,0.28
KMT,2024-11-21,0.0,0.0,600.0,0.06,0.22,1297.0,7.48,7.96,13920.0,0.7
KSB,2024-11-21,12700.0,2.96,0.0,0.0,1.71,368.0,48.26,15.67,23026.0,0.77
KPF,2024-11-21,0.0,0.14,0.0,0.0,1.28,-5087.0,-0.34,89.49,8365.0,0.21
KSF,2024-11-21,0.0,0.0,0.0,0.0,0.16,2108.0,19.22,47.65,26617.0,1.52
KSD,2024-11-21,0.0,25.29,0.0,0.0,-0.14,2.0,2807.02,28.8,9993.0,0.48
KSH,2024-11-21,0.0,0.22,0.0,0.0,0.0,-2.0,-216.22,7.67,8336.0,0.05
KSQ,2024-11-21,0.0,0.57,0.0,0.0,1.55,382.0,7.59,544.09,8965.0,0.32
KSV,2024-11-21,0.0,0.0,500.0,0.01,-0.92,4239.0,11.79,33.33,17815.0,2.81
KST,2024-11-21,0.0,0.38,600.0,0.06,-0.08,1269.0,8.28,7.86,12463.0,0.84
KTC,2024-11-21,0.0,0.0,500.0,0.05,1.48,847.0,12.4,23.89,11575.0,0.91
KTL,2024-11-21,0.0,0.1,1100.0,0.06,0.97,2344.0,7.55,5.23,20972.0,0.84
KTT,2024-11-21,0.0,0.0,0.0,0.0,-0.12,-7007.0,-0.33,0.85,1882.0,1.22
KTS,2024-11-21,0.0,0.06,0.0,0.0,0.66,6891.0,6.07,8.03,45620.0,0.92
KHW,2024-11-21,0.0,0.0,1238.0,0.06,0.12,2619.0,7.48,9.07,13110.0,1.5
KTW,2024-11-21,0.0,0.0,1086.0,0.11,0.0,0.0,0.0,9.08,0.0,0.0
KVC,2024-11-21,0.0,1.47,0.0,0.0,1.75,-405.0,-3.28,16.43,9064.0,0.15
L14,2024-11-21,400.0,0.18,500.0,0.02,2.0,799.0,32.66,32.22,13766.0,1.9
L12,2024-11-21,0.0,0.06,0.0,0.0,0.69,430.0,10.0,7.5,18045.0,0.24
L10,2024-11-21,0.0,0.95,1000.0,0.05,0.05,3310.0,6.28,10.83,27990.0,0.74
L18,2024-11-21,0.0,0.0,1000.0,0.03,1.6,3611.0,10.88,16.18,18083.0,2.17
L35,2024-11-21,0.0,0.01,0.0,0.0,0.22,-3116.0,-1.35,-13.28,4692.0,0.9
L40,2024-11-21,0.0,0.11,0.0,0.0,1.41,1260.0,32.31,30.53,19373.0,2.1
L43,2024-11-21,0.0,1.06,0.0,0.0,0.28,-2365.0,-1.39,47.44,4897.0,0.67
L45,2024-11-21,0.0,0.13,0.0,0.0,-0.07,17.0,197.43,140.98,10942.0,0.31
L44,2024-11-21,0.0,1.08,0.0,0.0,-0.45,-2347.0,-0.3,5.6,-22523.0,-0.03
L61,2024-11-21,0.0,0.0,0.0,0.0,1.09,-7010.0,-0.19,-0.17,-2555.0,-0.51
L62,2024-11-21,0.0,0.0,0.0,0.0,0.77,-14199.0,-0.25,149.38,-5466.0,-0.66
LAF,2024-11-21,0.0,2.52,1500.0,0.08,0.37,2844.0,6.33,6.85,15163.0,1.19
L63,2024-11-21,0.0,0.0,0.0,0.0,-0.7,0.0,0.0,22.19,0.0,0.0
LAS,2024-11-21,0.0,0.19,1000.0,0.05,2.56,1832.0,11.41,17.34,12808.0,1.63
LAW,2024-11-21,0.0,0.0,0.0,0.0,0.16,1075.0,26.05,18.46,16224.0,1.73
LAI,2024-11-21,0.0,0.0,0.0,0.0,1.56,-44.0,-728.0,2.44,10851.0,2.93
LBM,2024-11-21,0.0,15.63,3500.0,0.13,1.05,3330.0,8.17,12.09,15818.0,1.72
LBE,2024-11-21,0.0,0.0,0.0,0.0,0.04,667.0,33.13,44.2,12426.0,1.78
LCG,2024-11-21,900.0,2.06,500.0,0.05,1.25,839.0,11.92,14.89,13290.0,0.75
LCC,2024-11-21,0.0,0.0,0.0,0.0,-0.11,0.0,0.0,-138.0,0.0,0.0
LCD,2024-11-21,0.0,0.0,0.0,0.0,0.0,990.0,21.91,59.18,20387.0,1.06
LDG,2024-11-21,1300.0,0.93,0.0,0.0,1.63,-2101.0,-0.89,191.16,8757.0,0.21
LCM,2024-11-21,0.0,4.5,0.0,0.0,-0.06,139.0,7.18,12.32,5019.0,0.2
LCS,2024-11-21,0.0,0.21,0.0,0.0,0.27,-63.0,-14.29,13.68,9536.0,0.09
LDP,2024-11-21,0.0,0.0,0.0,0.0,0.14,-478.0,-25.93,52.51,7569.0,1.64
LDW,2024-11-21,0.0,0.0,510.0,0.03,0.01,1157.0,13.4,15.2,11968.0,1.3
LGL,2024-11-21,0.0,2.1,0.0,0.0,0.86,-1040.0,-2.37,21.2,12357.0,0.2
LG9,2024-11-21,0.0,0.0,0.0,0.0,1.78,0.0,0.0,15.28,0.0,0.0
LGC,2024-11-21,0.0,44.98,2500.0,0.04,-0.12,4805.0,12.9,12.83,29014.0,2.14
LEC,2024-11-21,0.0,0.01,0.0,0.0,-0.08,-754.0,-7.66,18.81,12345.0,0.47
LGM,2024-11-21,0.0,0.0,0.0,0.0,-0.06,0.0,0.0,13.38,0.0,0.0
LHC,2024-11-21,0.0,0.56,2500.0,0.03,0.52,3731.0,19.51,10.13,49565.0,1.47
LHG,2024-11-21,1800.0,17.99,1900.0,0.05,1.34,4059.0,8.81,13.6,32283.0,1.11
LIC,2024-11-21,0.0,0.0,0.0,0.0,1.51,113.0,325.83,62.81,4635.0,7.96
LIG,2024-11-21,0.0,0.0,0.0,0.0,0.76,2.0,1435.41,4.85,12108.0,0.25
LKW,2024-11-21,0.0,3.82,2000.0,0.06,-0.09,0.0,0.0,5.9,11318.0,2.74
LLM,2024-11-21,0.0,0.02,550.0,0.04,-0.32,1308.0,11.16,19.4,12554.0,1.16
LIX,2024-11-21,600.0,3.83,3000.0,0.09,0.69,4581.0,6.94,8.59,14003.0,2.27
LM7,2024-11-21,0.0,0.34,0.0,0.0,0.46,-4751.0,-0.46,36.67,-1390.0,-1.58
LM3,2024-11-21,0.0,0.0,0.0,0.0,0.0,-6150.0,-0.57,29.65,-62383.0,-0.06
LM8,2024-11-21,0.0,0.0,1000.0,0.07,0.08,1752.0,8.25,7.82,31750.0,0.46
LMC,2024-11-21,0.0,0.0,0.0,0.0,-1.73,421.0,47.78,7.73,11784.0,1.71
LMH,2024-11-21,0.0,0.08,0.0,0.0,1.81,-159.0,-6.31,1.71,-1891.0,-0.53
LNC,2024-11-21,0.0,0.0,40.0,0.0,0.0,104.0,96.41,95.37,10037.0,1.0
LMI,2024-11-21,0.0,0.0,1300.0,0.13,0.1,0.0,0.0,9.75,0.0,0.0
LO5,2024-11-21,0.0,0.79,0.0,0.0,0.6,-1387.0,-0.72,-0.34,-22149.0,-0.05
LPB,2024-11-21,64000.0,0.52,0.0,0.0,0.95,3854.0,8.19,8.49,15901.0,1.98
LPT,2024-11-21,0.0,0.0,0.0,0.0,0.7,2062.0,3.09,6.95,13343.0,0.48
LSS,2024-11-21,0.0,0.0,0.0,0.0,1.61,1676.0,6.83,6.33,23798.0,0.48
LQN,2024-11-21,0.0,0.0,0.0,0.0,0.04,0.0,0.0,7.95,0.0,0.0
LTG,2024-11-21,0.0,33.55,0.0,0.0,1.28,2818.0,2.77,15.72,29520.0,0.26
LSG,2024-11-21,0.0,0.0,0.0,0.0,2.15,-6.0,-1602.48,957.33,11548.0,0.89
LUT,2024-11-21,0.0,0.54,0.0,0.0,-0.41,-203.0,-2.96,11.25,7108.0,0.08
LTC,2024-11-21,0.0,2.07,0.0,0.0,0.08,-527.0,-3.61,36.31,11295.0,0.17
MA1,2024-11-21,0.0,0.0,3000.0,0.06,-0.05,0.0,0.0,4.15,0.0,0.0
M10,2024-11-21,0.0,0.0,1500.0,0.07,1.23,3278.0,6.9,6.25,17302.0,1.31
MAC,2024-11-21,0.0,0.06,0.0,0.0,0.17,2802.0,7.92,16.81,15030.0,1.48
MBB,2024-11-21,0.0,23.24,500.0,0.02,1.22,4057.0,5.81,6.13,20734.0,1.14
MAS,2024-11-21,0.0,15.94,0.0,0.0,-0.58,1740.0,18.97,29.67,8060.0,4.09
MBG,2024-11-21,500.0,0.68,0.0,0.0,1.28,-488.0,-6.35,9.32,10562.0,0.29
MBN,2024-11-21,0.0,0.0,0.0,0.0,0.0,0.0,0.0,-6.36,0.0,0.0
MBS,2024-11-21,4300.0,2.68,1200.0,0.04,2.4,1713.0,15.88,16.0,11291.0,2.41
MCC,2024-11-21,0.0,0.08,0.0,0.0,0.0,177.0,67.8,22.78,14340.0,0.84
MCF,2024-11-21,0.0,1.48,1200.0,0.14,0.5,983.0,8.65,8.07,10845.0,0.78
MCP,2024-11-21,0.0,0.0,0.0,0.0,-0.04,1247.0,25.99,21.94,17526.0,1.85
MCH,2024-11-21,5200.0,2.61,22300.0,0.1,1.0,10831.0,20.44,22.3,21866.0,10.12
MCO,2024-11-21,0.0,0.47,0.0,0.0,1.03,77.0,124.69,197.0,12934.0,0.74
MCM,2024-11-21,0.0,0.93,2000.0,0.06,0.77,2130.0,16.2,11.44,21375.0,1.61
MCG,2024-11-21,0.0,0.28,0.0,0.0,1.63,-37.0,-49.11,67.44,4446.0,0.4
MDA,2024-11-21,0.0,0.0,0.0,0.0,0.0,0.0,0.0,4.54,0.0,0.0
MDF,2024-11-21,0.0,0.0,0.0,0.0,1.12,-42.0,-153.19,10.67,11663.0,0.56
MDC,2024-11-21,0.0,18.22,700.0,0.07,0.33,2274.0,4.27,3.31,14921.0,0.65
MEC,2024-11-21,0.0,0.37,0.0,0.0,-0.4,-2318.0,-1.94,93.98,2785.0,1.62
MDG,2024-11-21,0.0,0.0,0.0,0.0,-0.35,-1349.0,-10.08,6.3,11237.0,1.21
MED,2024-11-21,0.0,0.0,900.0,0.04,0.58,1318.0,18.21,18.48,26422.0,0.91
MEF,2024-11-21,0.0,6.37,4500.0,0.78,1.56,0.0,0.0,0.73,0.0,0.0
MFS,2024-11-21,0.0,9.99,5500.0,0.17,2.08,826.0,38.35,14.89,22279.0,1.42
MEL,2024-11-21,0.0,0.0,0.0,0.0,0.22,326.0,19.31,9.45,17016.0,0.37
MGC,2024-11-21,0.0,0.0,200.0,0.04,-0.27,0.0,0.0,7.51,0.0,0.0
MES,2024-11-21,0.0,0.0,0.0,0.0,0.0,-427.0,-23.41,5813.95,8772.0,1.14
MGR,2024-11-21,0.0,0.0,0.0,0.0,-0.51,-733.0,-5.6,410.0,8492.0,0.48
MGG,2024-11-21,0.0,0.0,1500.0,0.05,0.19,0.0,0.0,12.6,0.0,0.0
MHL,2024-11-21,0.0,0.39,0.0,0.0,0.0,-886.0,-3.72,1.19,1533.0,2.15
MH3,2024-11-21,0.0,0.0,1600.0,0.05,1.46,2112.0,16.24,20.25,22891.0,1.5
MIG,2024-11-21,1000.0,17.05,1000.0,0.06,1.76,1552.0,10.73,7.58,11872.0,1.4
MHC,2024-11-21,0.0,1.15,0.0,0.0,0.88,-680.0,-9.26,7.45,13019.0,0.48
MIC,2024-11-21,0.0,0.94,0.0,0.0,1.48,655.0,22.31,2.58,5981.0,2.44
MIE,2024-11-21,0.0,0.0,0.0,0.0,-0.2,52.0,123.41,171.31,10199.0,0.63
MIM,2024-11-21,0.0,0.39,0.0,0.0,0.0,-2545.0,-1.65,3.58,1700.0,2.47
MKP,2024-11-21,0.0,15.57,500.0,0.02,0.07,1314.0,21.45,14.41,49757.0,0.57
MKV,2024-11-21,0.0,3.13,0.0,0.0,0.14,1785.0,5.15,5.97,17390.0,0.53
MLC,2024-11-21,0.0,0.01,1300.0,0.08,-0.02,0.0,0.0,5.42,0.0,0.0
MLS,2024-11-21,0.0,1.89,0.0,0.0,0.05,7449.0,1.84,10.96,21424.0,0.64
MNB,2024-11-21,0.0,0.0,2000.0,0.07,-0.22,3214.0,9.57,9.46,23411.0,1.31
MML,2024-11-21,0.0,2.11,0.0,0.0,0.68,-427.0,-55.57,15.51,13314.0,1.78
MND,2024-11-21,0.0,0.0,750.0,0.07,-0.06,0.0,0.0,8.94,0.0,0.0
MPC,2024-11-21,0.0,38.92,411.0,0.03,0.9,-104.0,-147.16,4.82,13364.0,1.14
MQB,2024-11-21,0.0,0.0,350.0,0.04,0.0,0.0,0.0,8.53,0.0,0.0
MPT,2024-11-21,0.0,0.43,0.0,0.0,-0.25,-149.0,-4.02,-6.4,10750.0,0.06
MQN,2024-11-21,0.0,0.0,0.0,0.0,-0.82,0.0,0.0,2.84,0.0,0.0
MPY,2024-11-21,0.0,0.0,1200.0,0.17,-0.25,0.0,0.0,5.11,0.0,0.0
MRF,2024-11-21,0.0,0.64,650.0,0.03,-1.2,0.0,0.0,23.91,0.0,0.0
MSB,2024-11-21,308300.0,28.3,0.0,0.0,1.24,2164.0,5.22,3.32,13551.0,0.83
MSH,2024-11-21,44600.0,4.34,2500.0,0.05,0.95,4738.0,10.74,10.32,28596.0,1.78
MSN,2024-11-21,696400.0,27.18,0.0,0.0,1.09,948.0,74.18,33.93,28630.0,2.46
MST,2024-11-21,83500.0,0.84,0.0,0.0,1.48,396.0,14.88,6.08,11099.0,0.53
MSR,2024-11-21,0.0,0.14,0.0,0.0,1.86,-2055.0,-5.46,41.13,11286.0,0.99
MTA,2024-11-21,0.0,0.03,0.0,0.0,1.17,133.0,34.36,33.58,10830.0,0.42
PHH,2024-11-21,0.0,0.44,0.0,0.0,0.16,-24.0,-301.63,3692.31,12526.0,0.57
MTB,2024-11-21,0.0,0.0,100.0,0.01,0.0,0.0,0.0,91.83,0.0,0.0
MTG,2024-11-21,0.0,0.0,0.0,0.0,-0.39,-15.0,-538.21,6.99,9593.0,0.84
MTL,2024-11-21,0.0,0.17,0.0,0.0,2.06,0.0,0.0,37.5,0.0,0.0
MTH,2024-11-21,0.0,13.58,1000.0,0.06,-0.21,0.0,0.0,20.71,0.0,0.0
MTC,2024-11-21,0.0,0.0,0.0,0.0,0.2,0.0,0.0,27.73,0.0,0.0
MTP,2024-11-21,0.0,0.0,1000.0,0.08,0.28,174.0,68.85,8.52,12003.0,1.0
MTV,2024-11-21,0.0,0.0,700.0,0.04,0.2,746.0,21.79,8.78,18317.0,0.89
MTS,2024-11-21,0.0,0.0,700.0,0.08,-0.11,745.0,12.48,7.64,11448.0,0.81
MVC,2024-11-21,0.0,0.01,430.0,0.05,0.53,804.0,10.14,12.55,11965.0,0.68
MTX,2024-11-21,0.0,0.0,0.0,0.0,0.0,0.0,0.0,2.19,0.0,0.0
MVB,2024-11-21,200.0,0.06,1300.0,0.07,0.85,2050.0,9.42,8.42,18742.0,1.03
MWG,2024-11-21,684900.0,47.24,500.0,0.01,1.01,2028.0,28.01,34.61,18657.0,3.04
MVN,2024-11-21,0.0,0.0,39.0,0.0,1.82,1653.0,26.65,19.34,14135.0,3.12
NAB,2024-11-21,39100.0,1.16,0.0,0.0,0.5,3260.0,4.75,5.12,13471.0,1.15
NAF,2024-11-21,18800.0,24.58,0.0,0.0,0.47,1635.0,11.74,9.72,17352.0,1.11
NAC,2024-11-21,0.0,0.0,1200.0,1.71,-0.18,0.0,0.0,0.36,0.0,0.0
NAU,2024-11-21,0.0,0.01,245.0,0.03,-0.14,-196.0,-45.97,17.15,8095.0,1.11
NAV,2024-11-21,2000.0,1.01,2700.0,0.14,0.11,2637.0,7.17,8.89,13289.0,1.42
NAG,2024-11-21,0.0,2.11,0.0,0.0,0.2,852.0,12.8,9.86,13509.0,0.81
NAS,2024-11-21,0.0,0.0,0.0,0.0,-0.23,796.0,32.44,13.6,23260.0,1.11
NAP,2024-11-21,0.0,0.0,600.0,0.07,-0.37,845.0,9.7,8.82,11103.0,0.74
NAW,2024-11-21,0.0,0.0,0.0,0.0,-0.09,27.0,290.01,31.35,10188.0,0.78
NBP,2024-11-21,0.0,1.13,1800.0,0.15,-0.16,-902.0,-13.53,23.29,18788.0,0.65
NBB,2024-11-21,0.0,0.5,0.0,0.0,0.7,87.0,282.64,137.87,18150.0,1.36
NBE,2024-11-21,0.0,1.21,1100.0,0.09,-0.03,-867.0,-13.84,5.46,10096.0,1.19
NBC,2024-11-21,0.0,5.31,800.0,0.09,0.79,-978.0,-9.3,4.16,11226.0,0.81
NBT,2024-11-21,0.0,0.51,1200.0,0.07,-0.22,2061.0,8.54,12.04,15306.0,1.15
NBW,2024-11-21,0.0,5.38,1550.0,0.06,0.39,2663.0,10.14,11.36,16009.0,1.69
NCT,2024-11-21,0.0,15.31,8000.0,0.07,0.32,9310.0,11.99,13.4,18392.0,6.07
NCG,2024-11-21,0.0,0.01,0.0,0.0,1.41,-926.0,-9.4,39.57,16582.0,0.52
ND2,2024-11-21,2000.0,35.1,2000.0,0.05,-0.06,3083.0,11.93,11.82,16310.0,2.25
NCS,2024-11-21,0.0,1.91,1500.0,0.06,0.71,3231.0,7.83,8.75,9451.0,2.68
NDC,2024-11-21,0.0,0.13,2500.0,0.02,-0.36,0.0,0.0,8.16,0.0,0.0
NDF,2024-11-21,0.0,1.87,0.0,0.0,0.0,1124.0,0.8,4.02,11090.0,0.08
NDP,2024-11-21,0.0,0.0,500.0,0.02,0.24,2367.0,10.82,12.92,26685.0,0.96
NDN,2024-11-21,0.0,1.55,0.0,0.0,1.74,919.0,9.47,10.22,15272.0,0.57
NDT,2024-11-21,0.0,0.0,0.0,0.0,0.65,-6387.0,-0.83,38.71,6251.0,0.85
NDW,2024-11-21,0.0,0.0,860.0,0.12,-1.23,820.0,8.42,6.5,11321.0,0.61
NDX,2024-11-21,0.0,0.4,375.0,0.07,0.2,-97.0,-52.35,11.0,12778.0,0.4
NFC,2024-11-21,0.0,0.03,1600.0,0.1,0.22,2483.0,6.68,7.68,13372.0,1.24
NED,2024-11-21,0.0,0.0,0.0,0.0,1.37,474.0,15.04,30.19,11747.0,0.61
NEM,2024-11-21,0.0,0.0,0.0,0.0,-0.18,0.0,0.0,1428.57,10149.0,2.15
NGC,2024-11-21,0.0,13.42,0.0,0.0,-0.16,-2131.0,-0.84,0.11,-2245.0,-0.8
NET,2024-11-21,100.0,0.75,5000.0,0.06,0.86,8342.0,9.73,12.99,20419.0,3.98
NHA,2024-11-21,46100.0,1.51,0.0,0.0,2.06,1372.0,19.06,23.1,11455.0,2.28
NHT,2024-11-21,0.0,3.08,1000.0,0.09,1.53,792.0,13.82,6.19,16017.0,0.68
NHP,2024-11-21,0.0,0.2,0.0,0.0,0.0,-954.0,-0.31,8.27,6068.0,0.05
NHC,2024-11-21,0.0,15.68,0.0,0.0,0.23,125.0,212.49,39.36,18102.0,1.46
NHV,2024-11-21,0.0,0.46,0.0,0.0,1.63,304.0,2.63,0.64,10895.0,0.07
NHH,2024-11-21,0.0,0.52,500.0,0.04,0.9,1608.0,8.12,6.89,19254.0,0.68
NKG,2024-11-21,31500.0,7.24,0.0,0.0,1.72,1736.0,11.0,11.97,22231.0,0.86
NJC,2024-11-21,0.0,0.25,1000.0,0.07,0.21,0.0,0.0,4.38,0.0,0.0
NLG,2024-11-21,3800.0,48.11,499.0,0.01,1.39,794.0,47.63,17.72,34421.0,1.1
NNC,2024-11-21,0.0,5.09,500.0,0.02,0.44,2424.0,8.73,13.25,18339.0,1.15
NLS,2024-11-21,0.0,0.0,800.0,0.17,0.0,0.0,0.0,2.4,0.0,0.0
NO1,2024-11-21,75400.0,4.94,1000.0,0.08,0.13,1252.0,10.38,17.33,13665.0,0.95
NQB,2024-11-21,0.0,0.0,350.0,0.04,-0.08,903.0,8.86,7.92,11189.0,0.71
NQN,2024-11-21,0.0,0.0,284.0,0.02,1.3,1115.0,12.38,13.16,12686.0,1.09
NOS,2024-11-21,0.0,0.0,0.0,0.0,-0.1,-18542.0,-0.04,-0.12,-258711.0,0.0
NQT,2024-11-21,0.0,0.0,458.0,0.05,0.0,1240.0,6.86,8.31,12264.0,0.69
NNT,2024-11-21,0.0,0.3,4700.0,0.09,0.98,0.0,0.0,9.59,0.0,0.0
NSC,2024-11-21,0.0,8.22,4000.0,0.05,0.42,13203.0,6.01,5.15,82354.0,0.96
NRC,2024-11-21,300.0,5.3,0.0,0.0,0.9,337.0,12.17,9.49,13791.0,0.3
NSG,2024-11-21,0.0,0.0,0.0,0.0,-0.15,0.0,0.0,26.94,0.0,0.0
NSH,2024-11-21,5000.0,1.3,0.0,0.0,0.8,97.0,49.56,11.82,11491.0,0.42
NSL,2024-11-21,0.0,0.64,450.0,0.02,-0.54,569.0,34.28,9.54,14619.0,1.33
NS2,2024-11-21,0.0,0.0,132.0,0.01,0.58,692.0,24.56,53.81,10517.0,1.62
NSS,2024-11-21,0.0,0.0,399.0,0.11,-0.24,0.0,0.0,8.04,0.0,0.0
NST,2024-11-21,0.0,3.27,650.0,0.06,0.25,1545.0,6.8,7.59,16564.0,0.63
NT2,2024-11-21,20200.0,13.29,700.0,0.04,0.89,863.0,22.13,80.86,14293.0,1.34
NTB,2024-11-21,0.0,0.3,0.0,0.0,0.0,-14156.0,-0.03,1.06,-46653.0,-0.01
NTL,2024-11-21,18500.0,15.15,6200.0,0.34,1.81,10342.0,1.78,7.01,15902.0,1.16
NTF,2024-11-21,0.0,0.0,1000.0,0.06,-1.07,0.0,0.0,9.35,0.0,0.0
NTC,2024-11-21,0.0,0.0,6000.0,0.03,1.08,10945.0,17.83,16.83,48216.0,4.05
NTH,2024-11-21,0.0,0.1,4500.0,0.08,-0.25,4720.0,11.97,16.28,15992.0,3.53
NTP,2024-11-21,0.0,16.78,2500.0,0.04,1.77,5277.0,10.95,14.84,26624.0,2.17
NTT,2024-11-21,0.0,0.0,0.0,0.0,0.82,1462.0,5.27,20.11,8013.0,0.96
NTW,2024-11-21,0.0,0.06,1000.0,0.05,0.0,0.0,0.0,20.15,0.0,0.0
NUE,2024-11-21,0.0,0.0,780.0,0.08,0.86,0.0,0.0,9.85,10673.0,0.9
NVL,2024-11-21,1606000.0,4.82,0.0,0.0,1.51,2636.0,4.27,20.33,20831.0,0.54
NVP,2024-11-21,0.0,0.0,220.0,0.03,0.0,0.0,0.0,13.31,0.0,0.0
NVB,2024-11-21,800.0,3.08,0.0,0.0,1.06,-890.0,-9.66,68.82,9043.0,0.95
OCB,2024-11-21,97200.0,19.51,0.0,0.0,0.9,1477.0,7.08,3.12,12367.0,0.85
NVT,2024-11-21,0.0,0.12,0.0,0.0,0.62,-45.0,-179.73,33.52,6072.0,1.32
NWT,2024-11-21,0.0,0.0,500.0,0.07,-0.06,0.0,0.0,10.72,0.0,0.0
NXT,2024-11-21,0.0,0.09,0.0,0.0,0.23,0.0,0.0,5.34,0.0,0.0
OGC,2024-11-21,0.0,0.24,0.0,0.0,0.65,112.0,35.12,23.7,5398.0,0.73
ODE,2024-11-21,0.0,0.0,0.0,0.0,0.21,583.0,75.2,52.8,11452.0,3.83
OCH,2024-11-21,400.0,0.01,0.0,0.0,0.75,528.0,10.99,27.19,9367.0,0.62
OIL,2024-11-21,20100.0,6.34,200.0,0.02,2.51,279.0,39.72,19.35,11114.0,1.0
ONW,2024-11-21,0.0,14.69,0.0,0.0,-0.24,0.0,0.0,0.66,0.0,0.0
ONE,2024-11-21,0.0,6.06,0.0,0.0,1.09,-478.0,-10.25,11.14,11937.0,0.41
ORS,2024-11-21,0.0,1.22,0.0,0.0,1.37,1413.0,9.42,12.49,11457.0,1.16
OPC,2024-11-21,0.0,0.0,1500.0,0.07,0.12,1668.0,13.79,7.92,13235.0,1.74
PAC,2024-11-21,0.0,12.11,1500.0,0.04,1.0,2782.0,12.71,10.27,20655.0,1.71
PAN,2024-11-21,11300.0,18.62,500.0,0.02,1.28,2691.0,8.3,5.48,41622.0,0.54
PAI,2024-11-21,0.0,0.12,900.0,0.07,0.03,650.0,18.94,13.02,10195.0,1.21
PAP,2024-11-21,0.0,0.0,0.0,0.0,2.4,23.0,1043.19,-2429.88,10688.0,2.24
PAS,2024-11-21,0.0,1.01,0.0,0.0,1.46,218.0,14.63,11.19,13270.0,0.24
PAT,2024-11-21,300.0,0.44,17000.0,0.2,0.86,9443.0,8.87,9.11,26509.0,3.16
PBP,2024-11-21,0.0,0.45,900.0,0.07,0.87,1966.0,6.46,9.41,14817.0,0.86
PBC,2024-11-21,0.0,0.0,0.0,0.0,1.86,340.0,19.11,19.38,11308.0,0.57
PBT,2024-11-21,0.0,0.0,776.0,0.1,0.61,969.0,7.84,10.32,10853.0,0.7
PCC,2024-11-21,0.0,0.0,1500.0,0.05,-1.59,0.0,0.0,14.05,0.0,0.0
PC1,2024-11-21,65800.0,11.34,0.0,0.0,1.55,1228.0,18.16,13.21,24524.0,0.91
PCE,2024-11-21,0.0,0.37,1400.0,0.08,0.3,2520.0,6.98,7.15,19154.0,0.92
PCF,2024-11-21,0.0,0.58,0.0,0.0,1.07,-10.0,-469.09,67.62,7074.0,0.64
PCH,2024-11-21,0.0,0.0,0.0,0.0,0.0,735.0,17.0,19.9,10603.0,1.18
PCG,2024-11-21,0.0,48.82,0.0,0.0,0.16,-270.0,-25.14,76.09,8401.0,0.81
PCM,2024-11-21,0.0,0.0,0.0,0.0,0.06,42.0,269.75,19.68,16053.0,0.7
PCN,2024-11-21,0.0,0.1,0.0,0.0,-0.03,-1643.0,-8.22,52.98,4317.0,3.13
PCT,2024-11-21,0.0,0.0,0.0,0.0,0.45,1572.0,7.12,13.39,12690.0,0.88
PDB,2024-11-21,0.0,0.23,500.0,0.05,0.37,1430.0,6.78,7.58,15230.0,0.64
PDC,2024-11-21,0.0,0.09,0.0,0.0,1.14,515.0,9.67,11.16,9602.0,0.52
PDN,2024-11-21,0.0,0.0,2300.0,0.02,0.06,9178.0,12.09,13.89,31122.0,3.57
PDV,2024-11-21,0.0,0.01,1000.0,0.06,2.23,5697.0,2.84,16.72,15099.0,1.07
PDR,2024-11-21,447500.0,7.53,0.0,0.0,2.04,568.0,36.81,20.74,12664.0,1.65
PEC,2024-11-21,0.0,0.0,0.0,0.0,0.05,0.0,0.0,0.7,0.0,0.0
PEG,2024-11-21,0.0,0.0,0.0,0.0,-1.17,-288.0,-17.33,82.96,2835.0,1.76
PET,2024-11-21,0.0,0.0,0.0,0.0,1.9,1252.0,19.65,12.88,21608.0,1.14
PEN,2024-11-21,0.0,0.0,0.0,0.0,0.14,-13.0,-532.72,17.5,11500.0,0.61
PEQ,2024-11-21,0.0,0.0,2000.0,0.05,0.24,0.0,0.0,9.86,0.0,0.0
PGC,2024-11-21,0.0,2.17,1200.0,0.08,0.37,1845.0,8.08,6.52,14320.0,1.04
PGB,2024-11-21,0.0,0.04,0.0,0.0,1.04,734.0,22.07,12.28,12147.0,1.33
PFL,2024-11-21,0.0,0.0,0.0,0.0,1.48,-35.0,-57.44,280.83,4446.0,0.45
PGD,2024-11-21,0.0,46.88,1500.0,0.05,0.39,3229.0,9.66,13.89,16438.0,1.9
PGN,2024-11-21,0.0,6.44,0.0,0.0,0.9,514.0,20.25,15.55,11603.0,0.9
PGS,2024-11-21,0.0,0.79,2000.0,0.06,-0.26,2334.0,14.53,12.77,20128.0,1.68
PGI,2024-11-21,0.0,20.43,1200.0,0.05,0.71,2089.0,11.01,8.83,16861.0,1.36
PGT,2024-11-21,0.0,39.79,0.0,0.0,0.01,453.0,15.22,1.31,4470.0,1.54
PGV,2024-11-21,0.0,0.02,926.0,0.05,0.54,-333.0,-56.99,11.12,13437.0,1.41
PHC,2024-11-21,0.0,0.09,500.0,0.09,0.79,146.0,37.96,6.25,13500.0,0.41
PHN,2024-11-21,0.0,49.15,5000.0,0.06,0.16,8489.0,10.01,8.87,21838.0,3.89
PHS,2024-11-21,0.0,83.28,300.0,0.03,-0.71,172.0,66.16,16.96,10455.0,1.09
PHP,2024-11-21,2.0,0.05,400.0,0.01,1.49,2320.0,15.0,13.55,18856.0,1.85
PHR,2024-11-21,7400.0,18.05,0.0,0.0,1.36,2858.0,19.35,30.56,30230.0,1.83
PIA,2024-11-21,0.0,0.0,2000.0,0.07,1.07,3642.0,7.69,5.95,16611.0,1.69
PIT,2024-11-21,0.0,0.0,0.0,0.0,0.02,-478.0,-11.06,25.08,7884.0,0.67
PIC,2024-11-21,0.0,0.0,1000.0,0.05,0.38,793.0,24.73,23.3,10470.0,1.87
PID,2024-11-21,0.0,0.0,0.0,0.0,0.0,-715.0,-3.91,38.89,-2657.0,-1.05
PIS,2024-11-21,0.0,0.0,0.0,0.0,0.07,1449.0,6.7,2.59,14386.0,0.67
PIV,2024-11-21,0.0,0.31,0.0,0.0,2.89,-73.0,-39.72,251.3,119.0,24.37
PLA,2024-11-21,0.0,0.0,0.0,0.0,0.8,-182.0,-23.79,636.03,9612.0,0.45
PJS,2024-11-21,0.0,7.09,800.0,0.03,0.55,166.0,138.96,10.47,12293.0,1.87
PLC,2024-11-21,900.0,0.33,1200.0,0.06,1.11,605.0,33.89,11.83,15268.0,1.34
PJC,2024-11-21,0.0,0.46,3000.0,0.1,-0.46,4510.0,6.41,9.43,19781.0,1.46
PJT,2024-11-21,0.0,0.0,0.0,0.0,0.28,770.0,13.31,15.94,13226.0,0.77
PLX,2024-11-21,22200.0,17.61,1500.0,0.04,1.07,2345.0,16.46,17.22,22568.0,1.71
PLE,2024-11-21,0.0,0.0,0.0,0.0,0.07,100.0,133.68,9.05,16618.0,0.81
PMB,2024-11-21,0.0,1.33,800.0,0.09,0.51,755.0,12.31,12.46,11894.0,0.78
PLP,2024-11-21,0.0,0.39,0.0,0.0,0.5,25.0,177.3,39.37,11331.0,0.4
PLO,2024-11-21,0.0,0.0,0.0,0.0,2.2,0.0,0.0,5.75,0.0,0.0
PMC,2024-11-21,0.0,3.65,11100.0,0.1,-0.06,9116.0,12.23,14.29,34929.0,3.19
PMG,2024-11-21,0.0,20.17,0.0,0.0,0.9,383.0,21.64,32.05,14302.0,0.58
PMJ,2024-11-21,0.0,0.0,970.0,0.05,0.63,392.0,45.88,14.18,24045.0,0.75
PMW,2024-11-21,0.0,0.0,2200.0,0.06,2.03,2237.0,16.76,18.53,12295.0,3.05
PMT,2024-11-21,0.0,0.0,89.0,0.01,-0.22,85.0,92.77,14.36,16080.0,0.49
PMP,2024-11-21,0.0,1.02,1000.0,0.08,-0.36,1563.0,8.51,8.73,16394.0,0.81
PMS,2024-11-21,0.0,0.0,3350.0,0.1,0.81,3872.0,8.62,9.85,22165.0,1.51
PNC,2024-11-21,0.0,0.53,500.0,0.03,0.38,291.0,61.27,11.56,17512.0,1.02
PNJ,2024-11-21,0.0,49.0,2000.0,0.02,0.84,6055.0,15.33,15.02,31146.0,2.98
PND,2024-11-21,0.0,0.01,0.0,0.0,1.31,542.0,12.36,7.44,11750.0,0.57
PNG,2024-11-21,0.0,0.0,0.0,0.0,0.0,890.0,19.78,6.03,19028.0,0.92
PNP,2024-11-21,0.0,0.0,1600.0,0.07,0.07,2718.0,8.43,8.91,14015.0,1.63
POB,2024-11-21,0.0,0.0,156.0,0.0,0.0,0.0,0.0,122.08,0.0,0.0
POM,2024-11-21,0.0,3.8,0.0,0.0,1.39,-3330.0,-0.75,2.33,2679.0,0.93
POS,2024-11-21,0.0,0.31,0.0,0.0,1.44,1986.0,11.23,14.87,20497.0,1.09
POW,2024-11-21,146800.0,3.58,0.0,0.0,1.55,601.0,18.89,32.26,14792.0,0.77
POT,2024-11-21,0.0,0.08,100.0,0.01,0.64,128.0,123.82,24.23,15906.0,0.99
PNT,2024-11-21,0.0,0.08,300.0,0.05,-0.14,0.0,0.0,6.7,0.0,0.0
PPC,2024-11-21,11800.0,10.01,2775.0,0.25,1.11,1235.0,8.99,8.48,14371.0,0.77
POV,2024-11-21,0.0,0.01,300.0,0.04,0.25,722.0,11.49,8.65,14338.0,0.58
PPH,2024-11-21,0.0,0.0,3600.0,0.12,0.86,4219.0,6.87,6.68,24587.0,1.18
PPP,2024-11-21,0.0,6.39,2400.0,0.13,-0.36,1990.0,9.04,11.31,14827.0,1.21
PPE,2024-11-21,0.0,0.26,0.0,0.0,-0.66,444.0,32.69,29.0,6013.0,2.41
PPS,2024-11-21,0.0,29.06,940.0,0.09,0.06,1192.0,9.23,9.94,12232.0,0.9
PPI,2024-11-21,0.0,0.5,0.0,0.0,0.0,-64.0,-6.28,106.38,-2986.0,-0.13
PRC,2024-11-21,0.0,1.35,1000.0,0.05,0.42,1191.0,16.79,40.0,29441.0,0.68
PPY,2024-11-21,0.0,0.0,700.0,0.08,0.17,800.0,10.63,6.62,16374.0,0.52
PQN,2024-11-21,0.0,0.0,0.0,0.0,0.0,1043.0,3.83,5.0,5673.0,0.71
PRE,2024-11-21,2300.0,0.84,1600.0,0.08,0.13,1912.0,9.94,8.26,15888.0,1.2
PPT,2024-11-21,0.0,0.0,0.0,0.0,0.36,581.0,22.19,23.47,10733.0,1.2
PRO,2024-11-21,0.0,0.0,0.0,0.0,1.25,-234.0,-20.51,7.2,13029.0,0.37
PRT,2024-11-21,0.0,0.0,300.0,0.03,1.09,482.0,20.72,22.87,12882.0,0.77
PSD,2024-11-21,0.0,0.0,800.0,0.06,0.7,1775.0,7.15,8.23,11804.0,1.08
PSB,2024-11-21,0.0,0.0,0.0,0.0,1.25,10.0,567.73,163.79,11230.0,0.51
PSE,2024-11-21,0.0,0.04,800.0,0.08,0.52,550.0,17.28,6.51,13202.0,0.72
PSC,2024-11-21,0.0,0.31,700.0,0.07,-0.17,1162.0,8.78,7.73,16665.0,0.61
PSH,2024-11-21,0.0,0.0,0.0,0.0,1.03,-6026.0,-0.59,1.38,8204.0,0.44
PSG,2024-11-21,0.0,0.06,0.0,0.0,0.0,-6136.0,-0.08,0.71,-6829.0,-0.07
PSI,2024-11-21,0.0,0.42,0.0,0.0,1.15,371.0,18.6,19.66,11761.0,0.59
PSL,2024-11-21,0.0,0.0,350.0,0.03,-0.89,0.0,0.0,31.24,0.0,0.0
PSN,2024-11-21,0.0,0.0,700.0,0.07,-0.07,841.0,12.78,11.24,13238.0,0.81
PSW,2024-11-21,0.0,1.9,500.0,0.06,1.03,118.0,69.77,11.62,11619.0,0.71
PTB,2024-11-21,4100.0,23.94,2500.0,0.04,1.47,4948.0,12.53,8.98,44146.0,1.4
PSP,2024-11-21,0.0,0.03,0.0,0.0,-0.46,263.0,49.31,56.83,11603.0,1.12
PTC,2024-11-21,0.0,1.16,0.0,0.0,0.87,571.0,8.01,7.71,11651.0,0.39
PTD,2024-11-21,0.0,18.65,0.0,0.0,-1.76,-4398.0,-2.25,12.37,8113.0,1.22
PTE,2024-11-21,0.0,0.0,0.0,0.0,0.13,-3849.0,-0.55,-0.73,-25112.0,-0.08
PTG,2024-11-21,0.0,0.0,5000.0,7.14,0.42,0.0,0.0,0.08,31496.0,0.02
PTL,2024-11-21,0.0,0.0,0.0,0.0,1.4,-354.0,-7.34,6.14,5070.0,0.51
PTH,2024-11-21,0.0,0.0,700.0,0.04,0.39,2082.0,7.68,14.75,18441.0,0.87
PTI,2024-11-21,0.0,37.48,0.0,0.0,0.12,4738.0,6.65,14.47,28823.0,1.09
PTP,2024-11-21,0.0,0.04,650.0,0.06,0.74,0.0,0.0,11.6,0.0,0.0
PTO,2024-11-21,0.0,0.0,600.0,0.03,0.25,-411.0,-43.6,21.48,10861.0,1.65
PTS,2024-11-21,0.0,7.8,200.0,0.03,0.46,559.0,14.31,29.48,17172.0,0.47
PTV,2024-11-21,0.0,0.04,0.0,0.0,0.39,-209.0,-19.63,10.25,11234.0,0.36
PV2,2024-11-21,0.0,0.19,0.0,0.0,1.67,-10.0,-232.79,-8.34,6713.0,0.34
PTT,2024-11-21,0.0,0.0,0.0,0.0,0.02,1302.0,8.52,10.4,12883.0,0.86
PTX,2024-11-21,0.0,0.0,1500.0,0.09,0.23,686.0,24.34,10.36,14730.0,1.13
PVA,2024-11-21,0.0,0.17,0.0,0.0,0.0,0.0,-1351.35,7.28,-1584.0,-0.32
PVD,2024-11-21,160200.0,10.82,0.0,0.0,1.17,1206.0,19.23,33.96,27834.0,0.83
PVC,2024-11-21,0.0,0.0,60.0,0.01,1.42,7.0,1428.57,17.07,12671.0,0.81
PVE,2024-11-21,0.0,10.8,0.0,0.0,0.33,247.0,6.9,1.87,2662.0,0.64
PVH,2024-11-21,0.0,0.0,0.0,0.0,2.87,-745.0,-0.94,48.99,2848.0,0.25
PVB,2024-11-21,0.0,1.05,0.0,0.0,1.74,1391.0,19.2,252.94,17944.0,1.49
PVG,2024-11-21,0.0,7.01,0.0,0.0,0.79,88.0,76.52,21.88,12433.0,0.54
PVL,2024-11-21,0.0,0.26,0.0,0.0,1.21,-109.0,-35.72,390.0,3216.0,1.21
PVM,2024-11-21,0.0,0.02,500.0,0.03,1.57,678.0,23.24,10.51,18243.0,0.86
PVI,2024-11-21,0.0,57.77,3200.0,0.07,0.67,3916.0,12.0,10.19,34670.0,1.36
PVS,2024-11-21,327700.0,21.07,700.0,0.02,1.21,1918.0,17.26,23.97,29169.0,1.13
PVO,2024-11-21,0.0,0.0,100.0,0.02,1.82,103.0,63.29,44.5,11637.0,0.56
PVT,2024-11-21,61800.0,12.81,300.0,0.01,1.38,3300.0,8.15,12.6,28438.0,0.95
PVP,2024-11-21,5300.0,3.62,800.0,0.05,1.65,2146.0,7.39,9.34,17544.0,0.9
PVR,2024-11-21,0.0,0.11,0.0,0.0,0.31,-181.0,-5.53,-16.51,8843.0,0.11
PVV,2024-11-21,0.0,0.1,0.0,0.0,1.21,-1010.0,-1.49,89.98,-3920.0,-0.38
PVX,2024-11-21,0.0,0.0,0.0,0.0,0.64,-303.0,-5.28,172.97,1104.0,1.45
PWS,2024-11-21,0.0,0.04,750.0,0.06,1.14,905.0,13.25,16.88,11349.0,1.06
PWA,2024-11-21,0.0,0.06,0.0,0.0,1.0,0.0,0.0,4.37,0.0,0.0
PX1,2024-11-21,0.0,0.0,0.0,0.0,0.0,0.0,0.0,645.16,0.0,0.0
PVY,2024-11-21,0.0,0.07,0.0,0.0,0.39,12.0,202.59,12.39,-7132.0,-0.35
PXL,2024-11-21,0.0,0.06,0.0,0.0,1.58,8.0,1594.34,585.27,9995.0,1.32
PXI,2024-11-21,0.0,0.21,0.0,0.0,1.41,-243.0,-7.81,183.93,4433.0,0.43
PXA,2024-11-21,0.0,0.11,0.0,0.0,0.15,51.0,21.41,3.32,2061.0,0.53
PXM,2024-11-21,0.0,0.17,0.0,0.0,1.68,-1212.0,-0.41,0.07,-32045.0,-0.02
PXC,2024-11-21,0.0,0.0,0.0,0.0,0.0,-21.0,-23.72,12.53,-6503.0,-0.08
PXS,2024-11-21,0.0,10.55,0.0,0.0,0.01,-101.0,-24.66,14.76,2082.0,1.2
PXT,2024-11-21,0.0,2.28,0.0,0.0,1.53,34.0,77.63,43.97,2768.0,0.95
QBS,2024-11-21,0.0,0.0,0.0,0.0,0.74,-1666.0,-0.42,60.66,5313.0,0.13
QCG,2024-11-21,239900.0,0.73,0.0,0.0,1.36,96.0,120.69,31.78,16412.0,0.7
QCC,2024-11-21,0.0,0.77,1000.0,0.12,1.61,0.0,0.0,8.3,14380.0,0.59
QHD,2024-11-21,0.0,0.3,2000.0,0.06,0.0,3113.0,10.99,12.6,22260.0,1.54
QHW,2024-11-21,0.0,0.22,1200.0,0.04,0.1,0.0,0.0,6.39,0.0,0.0
QNC,2024-11-21,0.0,15.44,0.0,0.0,0.5,187.0,31.96,10.66,11353.0,0.53
QNS,2024-11-21,0.0,13.48,4000.0,0.08,0.76,6727.0,7.3,13.47,25512.0,1.93
QNP,2024-11-21,0.0,0.0,1200.0,0.03,0.32,3068.0,11.67,12.58,21102.0,1.7
QNT,2024-11-21,0.0,0.0,0.0,0.0,1.44,0.0,0.0,8.54,0.0,0.0
QNW,2024-11-21,0.0,0.0,400.0,0.02,-0.03,1641.0,10.67,25.87,12657.0,1.38
QNU,2024-11-21,0.0,0.0,386.0,0.04,0.0,0.0,0.0,22.48,0.0,0.0
QSP,2024-11-21,0.0,0.98,2000.0,0.08,0.36,0.0,0.0,8.36,0.0,0.0
QPH,2024-11-21,0.0,0.03,2000.0,0.07,-0.07,4039.0,6.86,8.74,24599.0,1.13
QST,2024-11-21,0.0,0.0,2000.0,0.1,-0.01,2643.0,7.76,6.64,12841.0,1.6
QTP,2024-11-21,0.0,0.88,1500.0,0.11,0.79,1497.0,9.05,12.2,11890.0,1.14
RAL,2024-11-21,0.0,2.15,5000.0,0.04,0.17,25611.0,4.71,8.22,132457.0,0.91
RAT,2024-11-21,0.0,0.49,0.0,0.0,-0.09,0.0,0.0,14.65,0.0,0.0
QTC,2024-11-21,0.0,0.0,0.0,0.0,1.04,438.0,40.16,31.26,14987.0,1.17
RCC,2024-11-21,0.0,0.05,0.0,0.0,0.32,844.0,18.95,20.74,12782.0,1.25
RBC,2024-11-21,0.0,0.0,0.0,0.0,-1.85,0.0,0.0,18.73,0.0,0.0
RCD,2024-11-21,0.0,0.13,0.0,0.0,2.49,0.0,0.0,31.99,0.0,0.0
REE,2024-11-21,128.0,49.0,1000.0,0.02,1.17,4235.0,15.07,12.47,46258.0,1.38
RCL,2024-11-21,0.0,0.0,0.0,0.0,0.27,73.0,160.63,18.17,20684.0,0.57
RDP,2024-11-21,0.0,0.36,0.0,0.0,0.84,-938.0,-1.67,3.39,5692.0,0.28
RIC,2024-11-21,0.0,12.09,0.0,0.0,-0.92,-551.0,-6.17,190.16,7773.0,0.44
RTB,2024-11-21,0.0,0.0,2200.0,0.08,-0.4,3298.0,8.34,12.57,27643.0,0.99
S12,2024-11-21,0.0,11.42,0.0,0.0,-0.08,-363.0,-6.06,110.0,-23355.0,-0.09
S27,2024-11-21,0.0,0.95,0.0,0.0,0.0,-800.0,-0.87,-0.21,-13489.0,-0.05
S72,2024-11-21,0.0,0.03,0.0,0.0,0.14,528.0,12.69,12.46,10111.0,0.66
S4A,2024-11-21,0.0,0.0,4700.0,0.12,-0.27,2788.0,14.35,15.51,13683.0,2.92
S55,2024-11-21,0.0,0.41,1500.0,0.02,-0.28,10784.0,5.94,5.51,90525.0,0.71
S74,2024-11-21,0.0,1.0,0.0,0.0,1.05,-55.0,-272.28,194.4,17932.0,0.84
SAB,2024-11-21,24400.0,60.71,5500.0,0.1,0.87,3361.0,16.51,15.54,20445.0,2.71
S96,2024-11-21,0.0,1.43,0.0,0.0,0.0,49.0,8.14,0.89,7474.0,0.05
SAC,2024-11-21,0.0,0.03,7065.0,0.57,1.99,536.0,23.17,10.43,16496.0,0.75
S99,2024-11-21,0.0,0.0,0.0,0.0,1.16,599.0,12.36,5.35,17180.0,0.43
SAF,2024-11-21,0.0,3.4,3000.0,0.05,0.25,4127.0,14.18,14.21,13927.0,4.2
SAM,2024-11-21,800.0,0.54,0.0,0.0,0.49,183.0,34.87,30.11,12298.0,0.52
SAL,2024-11-21,0.0,0.0,420.0,0.28,0.0,0.0,0.0,2.49,0.0,0.0
SAP,2024-11-21,0.0,0.0,0.0,0.0,1.59,136.0,239.18,16.73,5396.0,6.02
SAS,2024-11-21,0.0,0.33,1626.0,0.05,1.11,2600.0,13.12,13.28,11700.0,2.92
SAV,2024-11-21,0.0,49.99,500.0,0.02,0.86,1291.0,15.92,14.79,15083.0,1.36
SBA,2024-11-21,0.0,0.0,2200.0,0.07,-0.21,2287.0,13.31,16.71,15440.0,1.97
SB1,2024-11-21,0.0,0.68,500.0,0.08,-0.17,881.0,6.81,53.39,15798.0,0.38
SBG,2024-11-21,0.0,0.59,0.0,0.0,0.52,1160.0,8.88,6.44,17889.0,0.58
SBD,2024-11-21,0.0,0.89,0.0,0.0,0.96,1021.0,6.87,12.48,11216.0,0.63
SBB,2024-11-21,0.0,0.01,1000.0,0.05,-0.02,-391.0,-48.0,-70.36,18046.0,1.04
SBL,2024-11-21,0.0,0.0,500.0,0.07,1.5,145.0,50.52,722.77,15200.0,0.48
SBH,2024-11-21,0.0,0.0,7770.0,0.16,0.05,2625.0,18.74,18.5,12498.0,3.94
SBR,2024-11-21,0.0,0.0,219.0,0.03,-0.53,1093.0,7.87,17.5,10000.0,0.86
SBM,2024-11-21,0.0,0.0,3000.0,0.1,0.56,3138.0,9.88,15.33,14039.0,2.21
SBT,2024-11-21,19400.0,22.32,0.0,0.0,1.03,977.0,12.13,10.03,14787.0,0.8
SBS,2024-11-21,0.0,0.47,0.0,0.0,2.2,-381.0,-12.3,85.78,1997.0,2.34
SBV,2024-11-21,0.0,14.71,250.0,0.03,0.08,-79.0,-120.85,4.04,17053.0,0.56
SCC,2024-11-21,0.0,0.0,0.0,0.0,1.17,-553.0,-3.08,6.92,15287.0,0.11
SC5,2024-11-21,0.0,2.28,300.0,0.02,0.24,2475.0,8.08,16.43,24720.0,0.81
SCG,2024-11-21,0.0,0.0,0.0,0.0,0.15,1967.0,33.3,55.68,15179.0,4.32
SCD,2024-11-21,0.0,6.29,0.0,0.0,0.56,-10658.0,-1.27,33.07,-6632.0,-2.04
SCI,2024-11-21,0.0,0.0,0.0,0.0,1.5,304.0,25.33,5.42,19772.0,0.39
SCJ,2024-11-21,0.0,0.0,0.0,0.0,1.74,177.0,21.95,20.1,11909.0,0.33
SCR,2024-11-21,46100.0,0.49,0.0,0.0,1.27,29.0,182.76,130.56,12930.0,0.41
SCO,2024-11-21,0.0,0.0,0.0,0.0,-0.17,0.0,0.0,11.76,-22272.0,-0.25
SCS,2024-11-21,10600.0,23.35,5000.0,0.06,0.97,6377.0,12.07,11.56,16223.0,4.75
SCL,2024-11-21,0.0,0.0,0.0,0.0,1.29,1958.0,13.93,7.9,14263.0,1.91
SCY,2024-11-21,0.0,0.01,380.0,0.03,0.46,1057.0,11.26,24.58,14614.0,0.81
SD1,2024-11-21,0.0,0.0,0.0,0.0,0.0,-5070.0,-0.16,0.0,-1219.0,-0.66
SD5,2024-11-21,0.0,2.44,600.0,0.08,0.15,865.0,9.13,9.17,18303.0,0.43
SD4,2024-11-21,0.0,0.43,0.0,0.0,1.7,-12180.0,-0.26,32.96,278.0,11.51
SD3,2024-11-21,0.0,0.17,0.0,0.0,2.08,-925.0,-6.17,3.07,1292.0,4.41
SD2,2024-11-21,0.0,5.98,0.0,0.0,-0.92,649.0,7.25,30.4,12557.0,0.37
SD8,2024-11-21,0.0,10.98,0.0,0.0,0.0,-591.0,-2.54,0.28,-10570.0,-0.14
SD6,2024-11-21,0.0,0.34,0.0,0.0,-0.83,-1940.0,-1.55,26.17,5124.0,0.59
SD9,2024-11-21,100.0,2.59,0.0,0.0,0.61,734.0,16.07,18.98,24778.0,0.48
SD7,2024-11-21,0.0,0.47,0.0,0.0,0.09,40.0,73.1,-20.43,11317.0,0.26
SDA,2024-11-21,0.0,0.0,0.0,0.0,1.15,487.0,10.26,18.2,6878.0,0.73
SDG,2024-11-21,0.0,0.02,2000.0,0.14,-0.21,327.0,44.29,4.21,33567.0,0.43
SDB,2024-11-21,0.0,0.23,0.0,0.0,0.0,-1611.0,-0.31,0.81,1427.0,0.35
SDD,2024-11-21,0.0,0.28,0.0,0.0,0.59,-1015.0,-1.46,-2.71,5872.0,0.25
SDC,2024-11-21,0.0,3.47,500.0,0.07,0.7,850.0,8.0,8.82,20139.0,0.34
SDK,2024-11-21,0.0,1.07,0.0,0.0,0.74,2172.0,8.29,7.2,20185.0,0.89
SDU,2024-11-21,0.0,0.11,0.0,0.0,-0.28,64.0,275.3,234.67,17661.0,1.0
SDT,2024-11-21,0.0,1.34,0.0,0.0,0.12,287.0,12.91,9.77,18136.0,0.2
SDN,2024-11-21,0.0,22.39,1500.0,0.04,-0.12,6145.0,5.45,13.13,21593.0,1.55
SDP,2024-11-21,0.0,0.14,0.0,0.0,-0.45,-550.0,-1.82,-0.64,-4973.0,-0.2
SDV,2024-11-21,0.0,0.0,2000.0,0.07,0.04,2103.0,14.51,14.91,26616.0,1.15
SEA,2024-11-21,0.0,0.0,500.0,0.01,0.43,1531.0,26.39,71.9,19130.0,2.11
SEB,2024-11-21,0.0,0.0,4900.0,0.1,0.36,3825.0,12.29,12.73,20213.0,2.33
SDX,2024-11-21,0.0,0.0,0.0,0.0,0.0,0.0,0.0,6.67,0.0,0.0
SED,2024-11-21,0.0,0.0,1500.0,0.07,0.37,4933.0,4.28,4.33,34843.0,0.61
SDY,2024-11-21,0.0,0.43,0.0,0.0,0.03,590.0,2.37,-114.57,-2681.0,-0.52
SEP,2024-11-21,0.0,0.0,1720.0,0.1,0.09,338.0,50.9,8.5,11289.0,1.52
SFG,2024-11-21,0.0,0.0,500.0,0.05,1.11,666.0,15.91,15.87,13435.0,0.79
SFN,2024-11-21,0.0,0.86,900.0,0.05,0.04,2908.0,6.5,5.78,26506.0,0.71
SFC,2024-11-21,0.0,0.0,3500.0,0.15,0.65,1813.0,12.63,8.79,16022.0,1.43
SFI,2024-11-21,0.0,10.31,2000.0,0.06,0.43,3031.0,10.21,18.3,31863.0,0.97
SGB,2024-11-21,0.0,11.4,0.0,0.0,0.4,768.0,16.28,11.51,12349.0,1.01
SGH,2024-11-21,0.0,0.35,4760.0,0.14,0.17,1104.0,30.69,36.02,11120.0,3.05
SGC,2024-11-21,0.0,1.07,1000.0,0.01,0.06,14461.0,7.95,10.27,46006.0,2.5
SGI,2024-11-21,0.0,0.0,0.0,0.0,0.22,353.0,40.77,11.7,37517.0,0.38
SGN,2024-11-21,1100.0,27.08,2500.0,0.03,0.71,6508.0,11.76,10.7,33103.0,2.31
SGD,2024-11-21,0.0,0.0,0.0,0.0,0.12,264.0,45.49,9.93,14874.0,0.81
SGP,2024-11-21,0.0,0.68,0.0,0.0,2.36,917.0,25.67,21395.45,12870.0,1.83
SGR,2024-11-21,0.0,0.0,1000.0,0.03,1.11,1652.0,23.0,12.0,15560.0,2.44
SHB,2024-11-21,268000.0,2.88,500.0,0.05,0.96,2141.0,4.76,3.31,15223.0,0.67
SGS,2024-11-21,0.0,0.36,0.0,0.0,0.06,2179.0,8.31,5.82,21394.0,0.85
SGT,2024-11-21,0.0,0.0,0.0,0.0,0.49,396.0,36.6,4.77,13457.0,1.08
SHC,2024-11-21,0.0,0.0,0.0,0.0,-2.08,230.0,54.89,11.6,17591.0,0.72
SHA,2024-11-21,0.0,0.89,0.0,0.0,0.42,429.0,9.76,5.61,12696.0,0.33
SHG,2024-11-21,0.0,0.0,0.0,0.0,-0.29,-972.0,-2.06,-0.99,-26110.0,-0.08
SHE,2024-11-21,0.0,1.04,0.0,0.0,0.17,1577.0,5.52,6.67,12794.0,0.68
SHI,2024-11-21,0.0,0.15,0.0,0.0,0.07,351.0,41.63,38.19,12800.0,1.14
SHN,2024-11-21,0.0,0.01,0.0,0.0,0.43,47.0,128.58,15.5,12307.0,0.5
SHP,2024-11-21,0.0,0.0,3000.0,0.09,0.12,2433.0,14.03,12.36,11944.0,2.86
SHS,2024-11-21,83000.0,4.04,0.0,0.0,2.12,1178.0,11.12,10.29,13555.0,0.97
SID,2024-11-21,0.0,0.1,0.0,0.0,1.27,766.0,15.56,40.95,23973.0,0.5
SIG,2024-11-21,0.0,0.0,0.0,0.0,-1.3,0.0,0.0,9.57,0.0,0.0
SII,2024-11-21,0.0,48.9,0.0,0.0,-3.1,-334.0,-50.05,602.02,14306.0,1.17
SIP,2024-11-21,84700.0,2.91,1600.0,0.02,1.62,6348.0,11.81,19.91,22375.0,3.35
SIV,2024-11-21,0.0,7.71,2400.0,0.06,1.03,0.0,0.0,4.7,0.0,0.0
SJ1,2024-11-21,0.0,0.0,500.0,0.05,-0.96,1259.0,8.74,6.8,8338.0,1.32
TCW,2024-11-21,0.0,5.0,2200.0,0.07,0.46,4212.0,7.07,6.07,18524.0,1.61
SJC,2024-11-21,0.0,0.28,0.0,0.0,0.0,-764.0,-5.37,1.73,13575.0,0.3
SJD,2024-11-21,77100.0,5.63,1800.0,0.13,0.45,2012.0,7.06,7.8,14673.0,0.97
SJE,2024-11-21,0.0,0.0,0.0,0.0,-0.01,5529.0,3.67,2.98,35306.0,0.57
SJF,2024-11-21,0.0,0.33,0.0,0.0,-0.01,-366.0,-4.65,13.46,6288.0,0.27
SJG,2024-11-21,0.0,0.0,2000.0,0.12,0.29,1152.0,14.79,14.58,20782.0,0.82
SJM,2024-11-21,0.0,0.62,0.0,0.0,-2.67,942.0,6.9,19.12,2551.0,2.55
SJS,2024-11-21,0.0,0.63,0.0,0.0,0.82,1963.0,31.94,20.58,25187.0,2.49
SKG,2024-11-21,1600.0,44.87,500.0,0.05,0.59,589.0,17.84,9.55,13458.0,0.78
SKH,2024-11-21,0.0,0.05,2112.0,0.08,-0.11,2078.0,12.66,11.3,12080.0,2.18
SLS,2024-11-21,50.0,0.64,20000.0,0.11,0.29,50118.0,3.5,11.44,146866.0,1.19
SKN,2024-11-21,0.0,0.0,346.0,0.04,0.35,0.0,0.0,16.03,0.0,0.0
SKV,2024-11-21,0.0,0.11,3010.0,0.1,0.48,3113.0,10.16,12.12,15854.0,1.99
SMB,2024-11-21,0.0,13.57,3500.0,0.09,0.15,5949.0,6.34,14.3,20267.0,1.86
SMA,2024-11-21,0.0,0.05,350.0,0.03,-0.19,717.0,14.5,16.77,11742.0,0.89
SMC,2024-11-21,500.0,20.55,0.0,0.0,2.09,-4509.0,-1.55,6.44,10931.0,0.64
SMT,2024-11-21,0.0,0.0,0.0,0.0,0.59,17.0,315.91,10.02,12084.0,0.46
SMN,2024-11-21,0.0,0.0,1100.0,0.08,0.18,2313.0,5.62,5.9,18447.0,0.7
SNC,2024-11-21,0.0,0.0,2000.0,0.09,0.14,2909.0,7.56,9.17,17924.0,1.23
SNZ,2024-11-21,0.0,0.0,1200.0,0.03,1.05,2624.0,13.22,9.53,28145.0,1.23
SP2,2024-11-21,0.0,0.0,0.0,0.0,1.06,2525.0,7.19,12.18,5566.0,3.26
SPB,2024-11-21,0.0,0.0,0.0,0.0,-0.04,691.0,25.61,23.54,17445.0,1.01
SPH,2024-11-21,0.0,0.0,0.0,0.0,-0.11,0.0,0.0,-9.77,0.0,0.0
SPC,2024-11-21,0.0,0.0,0.0,0.0,-0.02,-753.0,-11.29,4.08,13738.0,0.62
SPM,2024-11-21,0.0,2.15,500.0,0.04,0.76,499.0,22.44,14.25,58254.0,0.19
SPI,2024-11-21,0.0,1.22,0.0,0.0,0.56,-419.0,-5.48,77.34,6791.0,0.34
SPD,2024-11-21,0.0,0.0,0.0,0.0,0.0,309.0,25.93,10.91,10614.0,0.75
SPV,2024-11-21,0.0,0.0,500.0,0.03,1.09,0.0,0.0,10.06,0.0,0.0
SQC,2024-11-21,0.0,6.91,0.0,0.0,-0.31,-181.0,-84.91,28518.52,5960.0,2.58
SRC,2024-11-21,0.0,0.0,600.0,0.02,-0.36,4848.0,5.12,6.96,19468.0,1.27
SRA,2024-11-21,0.0,0.0,0.0,0.0,1.32,726.0,3.03,6.79,14259.0,0.15
SRF,2024-11-21,0.0,45.93,0.0,0.0,0.48,-15.0,-566.6,13.55,12908.0,0.65
SRB,2024-11-21,0.0,0.86,0.0,0.0,0.93,-284.0,-7.15,172.62,7805.0,0.26
SSB,2024-11-21,382500.0,0.13,0.0,0.0,0.52,1893.0,8.93,10.17,11915.0,1.42
SSC,2024-11-21,0.0,0.84,3000.0,0.08,0.19,4409.0,8.28,9.6,28264.0,1.29
SSH,2024-11-21,0.0,0.0,0.0,0.0,0.34,1022.0,65.93,24.05,16539.0,4.07
SSF,2024-11-21,0.0,0.0,0.0,0.0,0.0,0.0,0.0,428.75,0.0,0.0
SSI,2024-11-21,291600.0,40.44,1000.0,0.04,1.51,1944.0,12.5,12.96,15979.0,1.52
SSM,2024-11-21,0.0,0.67,0.0,0.0,-0.15,1385.0,3.68,4.21,13020.0,0.39
SSG,2024-11-21,0.0,0.0,1000.0,0.09,1.66,110.0,97.88,10.3,11219.0,0.96
SSN,2024-11-21,0.0,0.05,0.0,0.0,-0.27,-4.0,-293.45,25.74,11411.0,0.11
STB,2024-11-21,1953100.0,23.59,0.0,0.0,1.37,4641.0,6.98,5.76,27201.0,1.19
ST8,2024-11-21,0.0,0.65,0.0,0.0,1.01,780.0,8.98,10.29,11827.0,0.59
STG,2024-11-21,0.0,30.05,0.0,0.0,0.76,1834.0,21.81,14.72,23877.0,1.68
STH,2024-11-21,0.0,0.0,0.0,0.0,2.02,10.0,591.69,53.93,10236.0,0.61
STC,2024-11-21,0.0,0.0,1400.0,0.08,-0.02,2167.0,7.71,5.91,23925.0,0.7
STK,2024-11-21,2000.0,16.56,0.0,0.0,0.97,616.0,39.72,7.86,17816.0,1.37
STL,2024-11-21,0.0,31.86,0.0,0.0,0.0,-973.0,-1.03,1.29,-157613.0,-0.01
STP,2024-11-21,200.0,1.06,1000.0,0.1,0.59,819.0,12.09,9.96,17454.0,0.57
STT,2024-11-21,0.0,9.28,0.0,0.0,0.12,-1502.0,-1.07,29.26,183.0,8.77
STW,2024-11-21,0.0,0.0,936.0,0.03,-0.13,2442.0,13.84,13.4,17508.0,1.93
STS,2024-11-21,0.0,0.0,0.0,0.0,0.0,1307.0,28.31,10.24,15367.0,2.41
SVD,2024-11-21,0.0,0.17,0.0,0.0,0.02,-214.0,-14.46,85.31,9033.0,0.34
SVC,2024-11-21,0.0,1.71,1000.0,0.04,-0.44,795.0,31.12,12.14,37515.0,0.66
SVG,2024-11-21,0.0,0.0,0.0,0.0,3.04,-1.0,-4260.87,57.53,10325.0,0.47
SVI,2024-11-21,0.0,95.0,2600.0,0.04,0.12,6313.0,9.23,4.85,65808.0,0.89
SWC,2024-11-21,0.0,0.01,0.0,0.0,0.27,3924.0,7.19,8.36,27007.0,1.04
SVH,2024-11-21,0.0,0.0,0.0,0.0,0.0,2010.0,2.98,3.43,13913.0,0.43
SVN,2024-11-21,0.0,0.02,0.0,0.0,0.16,13.0,238.1,63.0,10688.0,0.28
SVT,2024-11-21,0.0,0.37,1500.0,0.13,-0.06,1910.0,5.94,7.28,13110.0,0.87
SZC,2024-11-21,30400.0,2.92,1000.0,0.03,1.74,1919.0,20.64,31.24,16836.0,2.35
SZG,2024-11-21,0.0,0.0,1500.0,0.04,0.18,3311.0,10.27,15.25,15613.0,2.18
SZB,2024-11-21,0.0,0.0,4500.0,0.11,0.29,6577.0,6.26,6.53,22835.0,1.8
SZE,2024-11-21,0.0,0.0,800.0,0.07,-0.4,910.0,13.18,12.76,12508.0,0.96
SZL,2024-11-21,0.0,0.0,2000.0,0.05,0.16,4491.0,9.35,14.37,23412.0,1.79
TA6,2024-11-21,0.0,0.51,0.0,0.0,-2.09,486.0,25.93,33.16,11779.0,1.07
TAN,2024-11-21,0.0,0.0,0.0,0.0,-0.08,0.0,0.0,27.2,0.0,0.0
TAL,2024-11-21,0.0,0.0,1500.0,0.09,1.07,2244.0,7.84,11.0,12495.0,1.41
TAB,2024-11-21,0.0,0.0,0.0,0.0,-0.27,0.0,0.0,23.35,0.0,0.0
TA9,2024-11-21,0.0,0.0,2266.0,0.2,0.52,2077.0,5.59,6.67,12841.0,0.9
TAR,2024-11-21,0.0,0.0,0.0,0.0,-0.24,-662.0,-6.49,10.86,15656.0,0.27
TAW,2024-11-21,0.0,0.0,1050.0,0.07,0.0,309.0,47.92,10.08,11978.0,1.24
TB8,2024-11-21,0.0,0.0,1600.0,0.16,0.0,5146.0,1.92,4.95,15684.0,0.63
TBH,2024-11-21,0.0,0.0,0.0,0.0,0.0,161.0,81.18,0.0,5732.0,2.29
TBD,2024-11-21,0.0,4.53,4000.0,0.05,0.0,2986.0,26.72,32.08,18393.0,4.34
TBR,2024-11-21,0.0,0.0,350.0,0.05,0.24,0.0,0.0,14.47,0.0,0.0
TBC,2024-11-21,0.0,1.47,3000.0,0.08,-0.25,2611.0,15.2,11.37,21472.0,1.85
TBT,2024-11-21,0.0,0.0,0.0,0.0,0.0,0.0,0.0,23.35,0.0,0.0
TCB,2024-11-21,3868600.0,22.17,1500.0,0.07,1.03,5254.0,4.35,5.94,20492.0,1.12
TBX,2024-11-21,0.0,0.01,0.0,0.0,0.0,168.0,133.1,67.36,13508.0,1.65
TCH,2024-11-21,95800.0,5.68,0.0,0.0,2.16,1546.0,10.19,13.16,19309.0,0.82
TBW,2024-11-21,0.0,0.0,1380.0,0.1,0.0,0.0,0.0,3.62,0.0,0.0
TCD,2024-11-21,0.0,0.32,0.0,0.0,0.85,142.0,32.58,8.34,11451.0,0.4
TCI,2024-11-21,0.0,5.19,0.0,0.0,0.91,568.0,13.76,11.21,10654.0,0.73
TCJ,2024-11-21,0.0,0.0,0.0,0.0,0.0,0.0,0.0,40.0,0.0,0.0
TCK,2024-11-21,0.0,0.0,0.0,0.0,0.0,636.0,6.14,25.14,-4022.0,-0.97
TCL,2024-11-21,2100.0,11.73,2326.0,0.07,0.15,4549.0,7.68,7.88,20282.0,1.72
TCR,2024-11-21,0.0,48.29,0.0,0.0,-0.1,-859.0,-3.8,1.82,8370.0,0.39
TDB,2024-11-21,0.0,0.0,2500.0,0.06,0.03,2730.0,14.87,42.85,71508.0,0.57
TCO,2024-11-21,0.0,0.0,0.0,0.0,-0.01,1123.0,18.04,15.16,17755.0,1.14
TCM,2024-11-21,52406.0,49.29,0.0,0.0,1.15,2504.0,18.21,28.83,21698.0,2.1
TCT,2024-11-21,0.0,0.0,500.0,0.03,0.36,589.0,28.79,25.5,26772.0,0.63
TDF,2024-11-21,0.0,0.0,1500.0,0.12,0.76,-116.0,-111.32,8.26,24253.0,0.53
TDC,2024-11-21,7200.0,0.79,0.0,0.0,1.62,665.0,15.48,4.72,8932.0,1.15
TDM,2024-11-21,0.0,3.16,1400.0,0.03,0.01,1729.0,28.63,28.26,22369.0,2.21
TDH,2024-11-21,0.0,1.39,0.0,0.0,0.71,-297.0,-7.81,0.76,3298.0,0.7
TDG,2024-11-21,0.0,0.0,0.0,0.0,0.95,131.0,27.32,17.12,12385.0,0.29
TDP,2024-11-21,300.0,0.1,0.0,0.0,0.58,1224.0,27.3,37.78,11387.0,2.93
TDS,2024-11-21,0.0,0.34,7000.0,0.7,1.82,-177.0,-56.66,17.5,16566.0,0.61
TDW,2024-11-21,500.0,3.05,3400.0,0.06,0.01,6525.0,8.2,8.76,26820.0,1.99
TDT,2024-11-21,0.0,0.08,0.0,0.0,0.17,285.0,23.89,5.32,11360.0,0.6
TED,2024-11-21,0.0,35.26,2500.0,0.05,0.66,4523.0,11.05,8.68,26420.0,1.89
TEL,2024-11-21,0.0,0.12,0.0,0.0,-0.73,0.0,0.0,220.0,11077.0,1.19
TEG,2024-11-21,0.0,5.15,0.0,0.0,0.28,151.0,53.11,13.77,12248.0,0.65
TGG,2024-11-21,0.0,0.0,0.0,0.0,0.0,-89.0,-25.79,20.93,6483.0,0.35
TH1,2024-11-21,0.0,0.01,0.0,0.0,-0.35,3839.0,0.96,11.61,2639.0,1.4
TET,2024-11-21,0.0,0.01,800.0,0.03,0.07,1454.0,21.59,29.85,20033.0,1.57
TFC,2024-11-21,500.0,32.05,1200.0,0.03,0.08,7423.0,5.73,12.55,21319.0,1.99
TGP,2024-11-21,0.0,0.0,0.0,0.0,-0.29,0.0,0.0,12.28,0.0,0.0
THG,2024-11-21,0.0,2.92,3000.0,0.07,0.3,4494.0,9.75,9.31,26999.0,1.62
THD,2024-11-21,0.0,0.19,0.0,0.0,0.17,419.0,84.92,201.56,11174.0,3.19
THN,2024-11-21,0.0,0.0,1009.0,0.2,0.0,1527.0,3.34,3.96,12247.0,0.42
THM,2024-11-21,0.0,0.0,0.0,0.0,1.14,653.0,11.33,11.24,10483.0,0.71
THB,2024-11-21,0.0,6.22,350.0,0.03,0.05,292.0,40.14,30.45,13019.0,0.9
THP,2024-11-21,0.0,0.0,300.0,0.04,0.24,863.0,9.74,10.37,16751.0,0.5
THT,2024-11-21,500.0,4.04,1000.0,0.08,0.22,2981.0,4.06,3.52,16312.0,0.74
THU,2024-11-21,0.0,0.0,587.0,0.05,0.34,0.0,0.0,12.72,0.0,0.0
THS,2024-11-21,0.0,0.05,800.0,0.09,0.06,680.0,12.65,10.08,14493.0,0.59
THW,2024-11-21,0.0,2.46,600.0,0.04,-0.76,41.0,369.91,8.47,10257.0,1.46
TID,2024-11-21,0.0,0.0,1000.0,0.04,0.56,1510.0,15.79,19.08,20482.0,1.16
TIE,2024-11-21,0.0,0.9,0.0,0.0,0.38,-3426.0,-1.2,32.7,21486.0,0.19
TIN,2024-11-21,0.0,0.14,0.0,0.0,0.68,-943.0,-14.69,24.73,9435.0,1.47
TIG,2024-11-21,35500.0,9.61,0.0,0.0,1.9,1072.0,12.12,7.17,14286.0,0.91
TIS,2024-11-21,0.0,0.05,0.0,0.0,1.61,-347.0,-17.58,74.72,8680.0,0.7
TIX,2024-11-21,0.0,0.0,4250.0,0.12,-0.29,3464.0,10.25,10.54,28110.0,1.26
TIP,2024-11-21,0.0,17.13,300.0,0.01,1.44,3331.0,6.48,8.5,28099.0,0.77
TKC,2024-11-21,0.0,0.0,0.0,0.0,0.0,-55706.0,-0.02,0.78,-31251.0,-0.04
TJC,2024-11-21,0.0,0.34,900.0,0.05,-0.16,5204.0,3.8,38.04,20359.0,0.97
TKG,2024-11-21,0.0,0.0,0.0,0.0,0.23,207.0,11.61,4.33,10383.0,0.23
TKA,2024-11-21,0.0,0.0,800.0,0.21,0.0,950.0,4.1,1.44,13998.0,0.28
TLG,2024-11-21,88400.0,20.08,2000.0,0.03,1.2,5744.0,9.99,11.87,30435.0,1.89
TKU,2024-11-21,0.0,8.15,0.0,0.0,-0.06,616.0,24.35,14.06,11367.0,1.32
TL4,2024-11-21,0.0,0.01,0.0,0.0,0.27,-1711.0,-4.15,2145.02,14519.0,0.49
TLD,2024-11-21,0.0,0.65,0.0,0.0,-0.06,226.0,25.43,8.94,10507.0,0.55
TLH,2024-11-21,1200.0,0.99,0.0,0.0,1.48,-2510.0,-1.8,5.08,14052.0,0.32
TLI,2024-11-21,0.0,0.0,0.0,0.0,2.3,0.0,0.0,-6.75,0.0,0.0
TMB,2024-11-21,0.0,0.0,2000.0,0.03,1.15,16902.0,3.9,16.5,50342.0,1.31
TLT,2024-11-21,0.0,0.23,500.0,0.04,0.25,0.0,0.0,19.57,-1473.0,-9.5
TLP,2024-11-21,0.0,0.0,250.0,0.04,0.41,569.0,10.92,10.01,11808.0,0.53
TMC,2024-11-21,0.0,1.78,600.0,0.08,-0.35,850.0,9.42,12.28,15402.0,0.52
TMS,2024-11-21,0.0,42.6,500.0,0.01,0.06,1725.0,24.0,16.74,30332.0,1.36
TMG,2024-11-21,0.0,0.02,2700.0,0.06,-0.38,2367.0,17.79,22.76,13072.0,3.22
TMT,2024-11-21,0.0,2.56,0.0,0.0,0.51,-5229.0,-1.28,6.48,6664.0,1.01
TMP,2024-11-21,0.0,0.8,6483.0,0.09,-0.01,4785.0,14.61,20.22,22237.0,3.14
TMW,2024-11-21,0.0,0.0,1000.0,0.05,-0.03,0.0,0.0,15.54,0.0,0.0
TN1,2024-11-21,0.0,0.22,500.0,0.05,0.36,437.0,23.78,9.97,17175.0,0.61
TMX,2024-11-21,0.0,6.94,300.0,0.03,0.11,357.0,25.78,30.6,14919.0,0.62
TNB,2024-11-21,0.0,0.0,0.0,0.0,-0.38,-128.0,-82.17,63.39,12082.0,0.87
TNG,2024-11-21,101000.0,17.26,1200.0,0.05,1.64,2585.0,9.36,9.57,15233.0,1.59
TNC,2024-11-21,0.0,0.56,1200.0,0.03,0.22,1734.0,20.91,21.15,17033.0,2.13
TNH,2024-11-21,5900.0,49.34,0.0,0.0,1.7,917.0,21.81,14.22,15563.0,1.29
TNI,2024-11-21,0.0,0.13,0.0,0.0,0.61,611.0,3.66,15.55,10072.0,0.22
TNM,2024-11-21,0.0,0.0,0.0,0.0,0.0,0.0,0.0,7.68,0.0,0.0
TNT,2024-11-21,0.0,1.46,0.0,0.0,1.28,308.0,14.02,11.02,13391.0,0.32
TNS,2024-11-21,0.0,0.07,0.0,0.0,-0.26,1619.0,2.9,94.0,2834.0,1.66
TNP,2024-11-21,0.0,0.0,2500.0,0.1,-0.14,352.0,73.57,7.66,11061.0,2.34
TNW,2024-11-21,0.0,0.0,570.0,0.06,0.53,-890.0,-11.05,27.04,12596.0,0.78
TOS,2024-11-21,0.0,0.0,1500.0,0.02,0.28,8057.0,8.8,13.76,42738.0,1.66
TOP,2024-11-21,0.0,1.35,0.0,0.0,0.17,1.0,937.5,1518.99,6404.0,0.19
TOT,2024-11-21,0.0,3.86,1000.0,0.06,0.34,3151.0,5.49,4.82,14195.0,1.22
TOW,2024-11-21,0.0,9.66,1500.0,0.07,1.85,511.0,45.05,5.9,16966.0,1.36
TPB,2024-11-21,117500.0,30.0,500.0,0.03,1.23,2205.0,7.28,4.71,13744.0,1.17
TPC,2024-11-21,0.0,1.74,0.0,0.0,0.4,720.0,8.75,15.39,13055.0,0.48
TPP,2024-11-21,0.0,0.17,0.0,0.0,-0.5,747.0,14.73,19.88,11906.0,0.92
TQN,2024-11-21,0.0,0.0,1523.0,0.06,-0.03,0.0,0.0,6.17,0.0,0.0
TPH,2024-11-21,0.0,0.0,700.0,0.05,1.17,590.0,26.12,14.03,11767.0,1.31
TPS,2024-11-21,0.0,0.0,2500.0,0.08,-0.34,741.0,41.86,5.8,17152.0,1.81
TRC,2024-11-21,2300.0,2.1,900.0,0.02,0.68,5184.0,8.95,19.73,58904.0,0.79
TRA,2024-11-21,0.0,46.67,4000.0,0.05,-0.09,5139.0,14.67,10.32,37639.0,2.0
TRS,2024-11-21,0.0,0.0,1000.0,0.05,-0.62,0.0,0.0,3.96,0.0,0.0
TQW,2024-11-21,0.0,0.0,640.0,0.08,0.0,0.0,0.0,15.67,0.0,0.0
TR1,2024-11-21,0.0,0.0,1500.0,0.08,0.26,0.0,0.0,13.62,0.0,0.0
TRT,2024-11-21,0.0,0.0,0.0,0.0,-0.08,223.0,62.77,15.4,12375.0,1.13
TS4,2024-11-21,0.0,0.0,0.0,0.0,0.0,-225.0,-5.34,38.78,-32136.0,-0.04
TSB,2024-11-21,0.0,3.47,556.0,0.01,0.67,1049.0,41.96,37.1,12001.0,3.67
TSA,2024-11-21,0.0,0.0,0.0,0.0,0.36,553.0,22.38,16.94,10945.0,1.13
TS3,2024-11-21,0.0,0.0,0.0,0.0,0.47,211.0,23.71,5.35,11074.0,0.45
TSC,2024-11-21,0.0,0.0,0.0,0.0,0.94,-88.0,-28.21,21.64,12454.0,0.2
TSD,2024-11-21,37000.0,3.29,0.0,0.0,1.26,0.0,0.0,8.4,0.0,0.0
TST,2024-11-21,0.0,0.94,0.0,0.0,-0.43,33.0,116.94,15.6,20226.0,0.19
TSJ,2024-11-21,0.0,0.0,900.0,0.03,0.26,1108.0,24.55,66.71,11346.0,2.4
TT6,2024-11-21,0.0,0.0,0.0,0.0,1.88,392.0,22.19,18.83,10705.0,0.81
TSG,2024-11-21,0.0,1.62,1100.0,0.06,0.55,0.0,0.0,8.32,0.0,0.0
TTA,2024-11-21,37000.0,0.79,0.0,0.0,1.13,1229.0,8.38,10.95,12621.0,0.82
TTB,2024-11-21,0.0,0.0,0.0,0.0,0.0,-12.0,-151.52,6.09,10341.0,0.17
TTC,2024-11-21,100.0,8.29,800.0,0.08,0.03,643.0,15.55,6.41,19481.0,0.51
TTE,2024-11-21,0.0,0.05,0.0,0.0,0.29,381.0,83.98,52.24,10090.0,3.17
TTG,2024-11-21,0.0,0.0,0.0,0.0,1.9,0.0,0.0,8.3,0.0,0.0
TTD,2024-11-21,0.0,0.45,3300.0,0.05,1.1,4935.0,12.62,11.82,19372.0,3.22
TTF,2024-11-21,1900.0,5.81,0.0,0.0,1.04,90.0,34.12,22.07,564.0,5.43
TTH,2024-11-21,0.0,0.41,0.0,0.0,1.83,-46.0,-56.03,12.62,10966.0,0.24
TTL,2024-11-21,0.0,0.01,0.0,0.0,0.61,310.0,24.81,32.2,15223.0,0.51
TTN,2024-11-21,100.0,0.38,700.0,0.04,2.73,1679.0,9.63,15.23,12521.0,1.29
TTS,2024-11-21,0.0,0.01,0.0,0.0,-0.1,402.0,11.2,62.46,6050.0,0.74
TTP,2024-11-21,0.0,88.22,35000.0,0.51,0.99,9849.0,6.91,4.58,55472.0,1.23
TTT,2024-11-21,0.0,0.0,2000.0,0.07,0.83,3515.0,8.71,9.46,100010.0,0.31
TTZ,2024-11-21,0.0,12.93,0.0,0.0,0.0,-27.0,-65.89,11.36,8733.0,0.21
TV1,2024-11-21,0.0,0.0,500.0,0.02,0.4,3120.0,6.95,6.82,14061.0,1.54
TV2,2024-11-21,12100.0,9.17,1000.0,0.03,1.55,839.0,35.52,30.49,19090.0,1.56
TUG,2024-11-21,0.0,5.88,600.0,0.03,-0.29,0.0,0.0,5.49,0.0,0.0
TV3,2024-11-21,0.0,0.39,1000.0,0.09,0.56,1618.0,6.92,7.4,15606.0,0.72
TVA,2024-11-21,0.0,0.0,0.0,0.0,0.0,0.0,0.0,-36.24,0.0,0.0
TV4,2024-11-21,0.0,0.0,1200.0,0.08,-0.05,1703.0,8.4,8.63,13123.0,1.09
TV6,2024-11-21,0.0,0.0,0.0,0.0,1.58,0.0,0.0,81.0,0.0,0.0
TVB,2024-11-21,0.0,1.54,0.0,0.0,0.8,1311.0,6.56,10.71,10319.0,0.83
TVC,2024-11-21,0.0,1.01,0.0,0.0,1.45,3054.0,3.27,3.04,17250.0,0.58
TVD,2024-11-21,0.0,3.66,900.0,0.09,0.45,1613.0,6.33,2.71,13218.0,0.77
TVG,2024-11-21,0.0,0.0,0.0,0.0,0.03,0.0,0.0,14.06,0.0,0.0
TVN,2024-11-21,0.0,0.08,0.0,0.0,3.2,54.0,133.4,40.42,13682.0,0.52
TVH,2024-11-21,0.0,0.0,3990.0,0.24,0.0,0.0,0.0,1.98,0.0,0.0
TVM,2024-11-21,0.0,0.0,500.0,0.05,0.03,935.0,11.76,15.53,16588.0,0.66
TVS,2024-11-21,100.0,22.19,0.0,0.0,1.75,1289.0,15.55,11.97,13347.0,1.5
TVT,2024-11-21,0.0,0.0,1000.0,0.06,0.77,757.0,20.6,8.85,26750.0,0.58
TYA,2024-11-21,0.0,7.76,250.0,0.02,0.3,1816.0,7.38,11.57,17146.0,0.78
TXM,2024-11-21,0.0,0.84,0.0,0.0,0.2,-387.0,-11.11,-19.92,15602.0,0.28
TW3,2024-11-21,0.0,0.06,500.0,0.03,-0.5,0.0,0.0,8.05,0.0,0.0
UDC,2024-11-21,0.0,13.57,0.0,0.0,1.28,-1589.0,-2.12,117.89,5943.0,0.57
UCT,2024-11-21,0.0,0.0,0.0,0.0,-0.04,49.0,148.86,99.01,10530.0,0.69
UDJ,2024-11-21,0.0,4.87,600.0,0.07,0.32,624.0,13.88,11.02,14559.0,0.59
UDL,2024-11-21,0.0,0.0,0.0,0.0,0.0,0.0,0.0,6.47,0.0,0.0
UEM,2024-11-21,0.0,0.02,1000.0,0.11,0.48,230.0,40.96,5.88,12560.0,0.75
UMC,2024-11-21,0.0,0.0,586.0,0.06,0.0,0.0,0.0,8.62,0.0,0.0
UNI,2024-11-21,0.0,0.0,0.0,0.0,0.94,29.0,232.72,14.75,10514.0,0.65
UPH,2024-11-21,0.0,0.0,0.0,0.0,-1.49,194.0,52.05,53.71,11580.0,0.87
VE8,2024-11-21,0.0,0.68,0.0,0.0,0.16,-5807.0,-0.79,82.79,-4009.0,-1.15
USD,2024-11-21,0.0,0.0,1800.0,0.09,0.27,609.0,31.69,5.45,10609.0,1.82
V11,2024-11-21,0.0,0.36,0.0,0.0,0.43,-765.0,-0.65,-0.26,5715.0,0.09
V12,2024-11-21,0.0,0.02,600.0,0.05,0.02,1005.0,12.05,11.95,13590.0,0.89
UPC,2024-11-21,0.0,0.01,1600.0,0.05,-1.39,591.0,49.4,5.64,16298.0,1.79
V15,2024-11-21,0.0,0.33,0.0,0.0,0.0,-4056.0,-0.1,2.67,744.0,0.54
USC,2024-11-21,0.0,0.0,110.0,0.01,0.24,0.0,0.0,24.75,0.0,0.0
UIC,2024-11-21,0.0,0.0,0.0,0.0,0.23,6908.0,5.8,3.0,55552.0,0.72
VAB,2024-11-21,0.0,0.18,0.0,0.0,1.22,1723.0,5.22,4.59,15959.0,0.56
V21,2024-11-21,0.0,0.0,0.0,0.0,0.25,67.0,90.65,6.97,10164.0,0.6
VBB,2024-11-21,0.0,0.0,0.0,0.0,0.79,2025.0,5.04,5.55,17697.0,0.58
VAV,2024-11-21,0.0,2.43,1200.0,0.03,0.31,5639.0,8.14,12.61,19775.0,2.32
VAF,2024-11-21,0.0,0.04,1000.0,0.07,0.1,1794.0,7.78,10.07,13241.0,1.05
VBG,2024-11-21,0.0,0.0,100.0,0.02,0.0,0.0,0.0,16.86,0.0,0.0
VBC,2024-11-21,0.0,0.41,1800.0,0.09,0.01,3652.0,5.56,4.34,21277.0,0.95
VBH,2024-11-21,0.0,1.48,0.0,0.0,-1.63,206.0,50.51,15.08,5209.0,2.0
VC1,2024-11-21,0.0,0.0,0.0,0.0,0.15,550.0,16.36,10.56,20929.0,0.43
VC2,2024-11-21,8000.0,0.14,0.0,0.0,1.85,264.0,32.94,12.92,13297.0,0.65
VC5,2024-11-21,0.0,1.27,0.0,0.0,-0.27,5700.0,0.16,0.23,68377.0,0.01
VC7,2024-11-21,0.0,0.06,0.0,0.0,2.34,274.0,32.89,10.65,10968.0,0.82
VC6,2024-11-21,0.0,10.49,500.0,0.02,0.34,3431.0,6.18,9.7,16228.0,1.31
VC3,2024-11-21,21700.0,0.09,0.0,0.0,0.4,1220.0,23.04,13.9,11126.0,2.53
VCB,2024-11-21,601800.0,23.26,0.0,0.0,0.49,6194.0,14.58,16.45,34048.0,2.65
VCA,2024-11-21,0.0,0.0,0.0,0.0,0.8,138.0,60.07,19.7,12498.0,0.66
VC9,2024-11-21,0.0,0.06,0.0,0.0,0.27,86.0,54.45,48.69,3786.0,1.24
VCI,2024-11-21,53800.0,14.37,400.0,0.01,1.81,1838.0,17.79,26.84,15044.0,2.17
VCG,2024-11-21,96100.0,5.55,0.0,0.0,1.24,1460.0,11.85,10.9,18109.0,0.96
VCF,2024-11-21,0.0,0.57,25000.0,0.12,0.22,16185.0,12.99,23.75,65299.0,3.22
VCC,2024-11-21,0.0,0.0,350.0,0.04,-0.11,252.0,38.06,9.23,11083.0,0.87
VCE,2024-11-21,0.0,0.0,0.0,0.0,0.0,0.0,0.0,-31.01,0.0,0.0
VCM,2024-11-21,0.0,0.0,0.0,0.0,0.71,1368.0,8.41,13.74,23819.0,0.48
VCR,2024-11-21,0.0,0.01,0.0,0.0,0.13,-99.0,-233.1,50.22,7565.0,3.05
VCT,2024-11-21,0.0,0.0,0.0,0.0,0.0,0.0,0.0,14.62,0.0,0.0
VCP,2024-11-21,0.0,0.01,0.0,0.0,1.39,3172.0,7.74,28.91,22649.0,1.08
VCS,2024-11-21,6600.0,1.8,4000.0,0.06,1.59,5343.0,11.98,9.9,32777.0,1.95
VDG,2024-11-21,0.0,1.63,0.0,0.0,1.27,0.0,0.0,0.0,0.0,0.0
VDB,2024-11-21,0.0,0.0,5336.0,5.93,0.0,1056.0,0.85,0.27,10000.0,0.09
VCW,2024-11-21,0.0,0.11,1000.0,0.03,0.19,-735.0,-39.44,12.43,16591.0,1.75
VCX,2024-11-21,0.0,0.08,0.0,0.0,-0.06,778.0,10.41,10.38,8471.0,0.96
VDL,2024-11-21,0.0,0.67,0.0,0.0,0.05,-830.0,-14.46,97.71,11566.0,1.04
VDS,2024-11-21,12300.0,0.78,0.0,0.0,2.18,1796.0,9.94,15.06,11702.0,1.53
VDN,2024-11-21,0.0,0.0,2000.0,0.11,0.84,0.0,0.0,5.94,0.0,0.0
VE1,2024-11-21,0.0,25.57,0.0,0.0,1.02,-341.0,-9.37,76.79,4076.0,0.79
VDT,2024-11-21,0.0,0.0,1000.0,0.05,1.0,0.0,0.0,15.72,0.0,0.0
VDP,2024-11-21,0.0,0.2,2500.0,0.07,0.03,3665.0,9.28,7.51,33242.0,1.02
VE2,2024-11-21,0.0,0.72,0.0,0.0,0.0,-755.0,-13.24,4.16,1247.0,8.02
VE3,2024-11-21,0.0,0.0,0.0,0.0,0.16,583.0,12.52,7.41,14544.0,0.5
VE4,2024-11-21,0.0,0.0,0.0,0.0,0.0,-1742.0,-148.92,329.21,9806.0,26.45
VEA,2024-11-21,52200.0,1.81,5035.0,0.13,1.76,4839.0,7.79,9.13,22944.0,1.64
VE9,2024-11-21,0.0,0.19,0.0,0.0,0.66,-42.0,-43.95,58.05,728.0,2.55
VEC,2024-11-21,0.0,0.0,0.0,0.0,0.34,-6.0,-1312.48,100.52,12428.0,0.61
VES,2024-11-21,0.0,0.11,0.0,0.0,0.18,-1826.0,-0.77,2500.0,8475.0,0.17
VEF,2024-11-21,0.0,0.0,0.0,0.0,1.2,2258.0,76.07,114.46,20051.0,8.57
VFC,2024-11-21,0.0,44.69,800.0,0.01,-0.66,650.0,160.86,139.47,20831.0,5.02
VET,2024-11-21,0.0,0.0,40.0,0.0,0.86,1208.0,14.07,7.16,20379.0,0.83
VFG,2024-11-21,2200.0,2.19,3000.0,0.04,0.77,11287.0,7.58,11.89,35574.0,2.4
VGC,2024-11-21,133500.0,3.77,1250.0,0.03,1.61,1312.0,31.17,16.52,18483.0,2.21
VGG,2024-11-21,0.0,15.07,2500.0,0.06,0.27,6812.0,6.61,9.92,48849.0,0.92
VGL,2024-11-21,0.0,0.0,1500.0,0.07,0.34,852.0,23.93,12.0,13237.0,1.54
VGR,2024-11-21,0.0,22.03,8000.0,0.13,0.49,5650.0,10.71,15.94,14681.0,4.12
VGI,2024-11-21,0.0,0.0,0.0,0.0,3.31,889.0,86.37,42.66,11190.0,6.86
VGP,2024-11-21,0.0,0.0,1300.0,0.04,0.13,2482.0,12.93,15.36,28837.0,1.11
VFR,2024-11-21,0.0,0.17,0.0,0.0,1.91,2760.0,4.13,21.92,20838.0,0.55
VFS,2024-11-21,31600.0,0.49,0.0,0.0,0.66,898.0,16.27,14.11,12938.0,1.13
VGT,2024-11-21,0.0,14.06,300.0,0.02,3.13,545.0,24.66,12.22,18293.0,0.73
VGS,2024-11-21,0.0,1.01,0.0,0.0,2.87,1147.0,27.3,31.26,18184.0,1.72
VHC,2024-11-21,209800.0,28.6,4000.0,0.06,0.98,3996.0,17.62,19.75,40141.0,1.75
VGV,2024-11-21,0.0,6.92,600.0,0.02,0.56,1202.0,25.65,41.19,13075.0,2.36
VHD,2024-11-21,0.0,0.0,0.0,0.0,-0.81,-6215.0,-1.48,18.64,2223.0,4.14
VHF,2024-11-21,0.0,0.0,345.0,0.02,-2.48,387.0,47.02,52.17,10685.0,1.7
VHE,2024-11-21,0.0,0.0,0.0,0.0,1.19,88.0,34.14,39.77,10816.0,0.28
VHG,2024-11-21,0.0,0.39,0.0,0.0,1.72,-38.0,-43.08,486.19,912.0,1.78
VHH,2024-11-21,0.0,0.0,0.0,0.0,2.23,-648.0,-6.18,11.11,9036.0,0.44
VIC,2024-11-21,140414.0,10.29,0.0,0.0,0.44,2492.0,16.19,34.78,42958.0,0.94
VHM,2024-11-21,814400.0,12.41,0.0,0.0,0.77,4691.0,9.23,5.39,49597.0,0.87
VIB,2024-11-21,0.0,5.22,1250.0,0.07,0.88,2795.0,6.49,4.49,13407.0,1.35
VHL,2024-11-21,0.0,1.45,0.0,0.0,-0.12,-2055.0,-5.06,-5.15,19503.0,0.53
VID,2024-11-21,0.0,0.79,500.0,0.1,-0.08,368.0,13.68,4.56,16571.0,0.3
VIG,2024-11-21,0.0,2.46,0.0,0.0,1.34,745.0,7.52,7.48,7962.0,0.7
VIE,2024-11-21,0.0,0.11,0.0,0.0,-0.7,969.0,4.44,10.07,7184.0,0.6
VIF,2024-11-21,0.0,0.0,921.0,0.05,0.64,1153.0,14.75,18.77,14173.0,1.2
VIH,2024-11-21,0.0,0.0,300.0,0.03,0.52,54.0,193.83,58.8,11683.0,0.9
VIM,2024-11-21,0.0,0.74,1400.0,0.07,0.99,0.0,0.0,17.86,0.0,0.0
VIN,2024-11-21,0.0,0.21,700.0,0.04,0.28,666.0,30.04,30.91,22041.0,0.91
VIP,2024-11-21,4500.0,9.81,1000.0,0.07,1.39,962.0,14.24,12.49,18294.0,0.75
VIX,2024-11-21,319547.0,4.0,0.0,0.0,1.91,1073.0,9.02,13.37,10924.0,0.89
VJC,2024-11-21,65900.0,13.33,0.0,0.0,0.61,3345.0,30.49,51.1,30877.0,3.3
VIW,2024-11-21,0.0,0.0,0.0,0.0,-0.83,5.0,2178.65,21.81,12403.0,0.81
VIT,2024-11-21,0.0,0.25,0.0,0.0,-0.28,579.0,34.54,33.33,11972.0,1.67
VIR,2024-11-21,0.0,0.01,0.0,0.0,0.28,0.0,0.0,6.97,0.0,0.0
VKC,2024-11-21,0.0,1.05,0.0,0.0,0.8,-8230.0,-0.12,-0.33,-11426.0,-0.09
X20,2024-11-21,0.0,0.19,600.0,0.06,-0.14,1502.0,6.86,7.02,15130.0,0.68
VLC,2024-11-21,0.0,0.23,600.0,0.04,1.71,302.0,53.85,15.63,28295.0,0.58
VLA,2024-11-21,0.0,0.0,0.0,0.0,0.32,-1799.0,-5.34,12.79,9310.0,1.03
VKP,2024-11-21,0.0,0.03,0.0,0.0,0.0,-6531.0,-0.08,0.43,1613.0,0.31
VLB,2024-11-21,0.0,0.0,1900.0,0.05,1.14,4530.0,8.52,13.94,15425.0,2.5
VLF,2024-11-21,0.0,0.2,0.0,0.0,0.76,-121.0,-9.92,0.57,-6952.0,-0.17
VLP,2024-11-21,0.0,0.0,300.0,0.21,0.16,738.0,1.9,2.25,11196.0,0.13
VLG,2024-11-21,0.0,0.29,0.0,0.0,0.97,3180.0,2.96,19.08,12790.0,0.73
VMA,2024-11-21,0.0,37.64,1000.0,0.28,0.0,0.0,0.0,1.83,10992.0,0.33
VMC,2024-11-21,0.0,0.0,0.0,0.0,0.66,94.0,63.02,13.34,13659.0,0.43
VLW,2024-11-21,0.0,0.19,1622.0,0.06,-0.05,2861.0,10.14,10.32,15857.0,1.83
VMD,2024-11-21,300.0,1.28,2000.0,0.1,0.53,1214.0,15.82,8.88,28003.0,0.69
VMK,2024-11-21,0.0,0.0,0.0,0.0,0.01,0.0,0.0,15.54,0.0,0.0
VMG,2024-11-21,0.0,0.7,0.0,0.0,2.76,-626.0,-5.27,8.56,4171.0,0.79
VMS,2024-11-21,0.0,0.0,2140.0,0.1,0.46,1714.0,12.43,10.09,16410.0,1.3
VMT,2024-11-21,0.0,0.0,0.0,0.0,-0.02,0.0,0.0,31.83,0.0,0.0
VNA,2024-11-21,0.0,0.0,0.0,0.0,2.27,2607.0,8.32,12.73,15746.0,1.38
VNB,2024-11-21,0.0,1.05,0.0,0.0,0.78,1076.0,9.63,16.92,15938.0,0.65
VNC,2024-11-21,0.0,2.71,2500.0,0.06,-0.1,3367.0,11.88,12.0,27005.0,1.48
VNF,2024-11-21,0.0,0.43,700.0,0.05,-0.04,1985.0,7.46,10.79,19160.0,0.77
VNE,2024-11-21,14800.0,2.5,0.0,0.0,1.08,-1100.0,-3.35,21.79,10866.0,0.34
VND,2024-11-21,100.0,12.25,500.0,0.04,1.59,1783.0,7.74,10.4,12786.0,1.08
VNG,2024-11-21,0.0,0.38,0.0,0.0,0.4,-404.0,-19.91,160.49,11153.0,0.72
VNM,2024-11-21,914900.0,51.68,3850.0,0.06,0.71,4591.0,13.85,14.18,16864.0,3.77
VNH,2024-11-21,0.0,1.79,0.0,0.0,1.66,1504.0,0.8,0.04,976.0,1.23
VNI,2024-11-21,0.0,0.04,0.0,0.0,0.0,-1163.0,-7.56,2.4,8073.0,1.09
VNL,2024-11-21,0.0,12.47,1200.0,0.07,0.14,2786.0,5.81,8.64,20296.0,0.8
VNP,2024-11-21,0.0,0.84,0.0,0.0,0.82,338.0,30.22,3300.97,15212.0,0.67
VNS,2024-11-21,0.0,12.02,1500.0,0.15,0.25,1254.0,7.97,8.43,16587.0,0.6
VNR,2024-11-21,2000.0,27.81,1000.0,0.04,0.41,1874.0,12.27,7.55,22905.0,1.0
VNY,2024-11-21,0.0,0.0,0.0,0.0,-0.65,214.0,27.98,19.5,6125.0,0.98
VNX,2024-11-21,0.0,0.0,15000.0,0.89,-0.27,1280.0,13.12,0.66,0.0,0.0
VNT,2024-11-21,0.0,10.47,0.0,0.0,-0.23,-480.0,-59.58,61.23,12860.0,2.22
VNZ,2024-11-21,0.0,49.0,0.0,0.0,1.78,-23311.0,-15.21,52.26,61027.0,5.81
VOS,2024-11-21,80800.0,2.43,0.0,0.0,1.95,3206.0,4.6,6.39,14271.0,1.03
VPB,2024-11-21,4691600.0,25.21,1000.0,0.05,0.93,1679.0,11.14,6.18,17928.0,1.04
VPC,2024-11-21,0.0,0.36,0.0,0.0,0.08,-1627.0,-1.04,-2.53,7067.0,0.24
VPA,2024-11-21,0.0,0.05,0.0,0.0,-0.09,-2734.0,-1.24,-2.17,-3084.0,-1.1
VPG,2024-11-21,0.0,0.23,0.0,0.0,1.45,-577.0,-20.87,7.1,17074.0,0.71
VPD,2024-11-21,0.0,31.12,2000.0,0.07,0.57,1981.0,13.61,21.62,14081.0,1.91
VPH,2024-11-21,0.0,0.57,500.0,0.07,0.88,1773.0,3.91,8.71,12118.0,0.57
VPI,2024-11-21,83600.0,1.36,0.0,0.0,0.42,1065.0,55.2,48.79,14372.0,4.09
VPR,2024-11-21,0.0,14.07,1000.0,0.05,0.9,0.0,0.0,7.59,0.0,0.0
VPW,2024-11-21,0.0,0.0,383.0,0.04,0.0,0.0,0.0,6.15,0.0,0.0
VPS,2024-11-21,0.0,0.05,500.0,0.06,-0.04,807.0,10.04,9.01,13495.0,0.6
VRC,2024-11-21,100.0,0.15,0.0,0.0,0.74,14.0,775.74,528.85,25219.0,0.44
VRE,2024-11-21,1345100.0,21.2,0.0,0.0,1.01,1795.0,9.97,9.43,17972.0,1.0
VQC,2024-11-21,0.0,3.92,1000.0,0.08,-0.47,1118.0,11.63,3.97,23237.0,0.56
X26,2024-11-21,0.0,0.0,1000.0,0.04,0.95,0.0,0.0,5.8,0.0,0.0
VSC,2024-11-21,0.0,2.72,0.0,0.0,1.41,1095.0,14.34,14.07,16035.0,0.98
VSA,2024-11-21,0.0,0.0,3200.0,0.14,0.77,1594.0,14.68,18.74,23891.0,0.98
VSE,2024-11-21,0.0,0.95,0.0,0.0,2.3,0.0,0.0,39.84,0.0,0.0
VRG,2024-11-21,0.0,0.77,3800.0,0.16,1.25,8917.0,2.64,7.35,14639.0,1.61
VOC,2024-11-21,0.0,0.0,1200.0,0.07,0.4,1103.0,15.46,61.09,17568.0,0.97
VSF,2024-11-21,0.0,0.0,0.0,0.0,0.91,50.0,697.93,4813.75,4855.0,7.14
VSG,2024-11-21,0.0,0.42,0.0,0.0,0.42,-3729.0,-0.59,-0.61,-15409.0,-0.14
VSM,2024-11-21,0.0,1.56,1200.0,0.06,0.06,3946.0,4.79,4.23,25314.0,0.75
VSH,2024-11-21,0.0,11.96,4000.0,0.08,-0.1,1595.0,31.97,23.85,20048.0,2.54
VSI,2024-11-21,0.0,1.28,2750.0,0.14,-0.12,1401.0,13.56,7.09,14828.0,1.28
VST,2024-11-21,0.0,0.0,0.0,0.0,0.54,3596.0,0.83,1.24,-10780.0,-0.28
VSN,2024-11-21,0.0,0.0,600.0,0.03,0.4,1331.0,13.4,10.3,15719.0,1.13
VTC,2024-11-21,0.0,9.49,700.0,0.09,0.58,482.0,17.02,10.62,13383.0,0.61
VTD,2024-11-21,0.0,0.0,0.0,0.0,0.34,330.0,18.89,4.92,12636.0,0.49
VTA,2024-11-21,0.0,0.17,0.0,0.0,0.48,-3238.0,-1.14,155.79,3688.0,1.0
VTB,2024-11-21,0.0,1.74,0.0,0.0,-0.22,1037.0,10.22,8.27,17462.0,0.61
VTG,2024-11-21,0.0,0.0,0.0,0.0,-0.12,326.0,25.44,15.11,9184.0,0.9
VTE,2024-11-21,0.0,0.0,68.0,0.01,0.77,22.0,236.26,39.96,10797.0,0.48
VTH,2024-11-21,0.0,0.0,0.0,0.0,0.15,1263.0,6.33,4.55,11824.0,0.68
VTI,2024-11-21,0.0,0.0,0.0,0.0,0.0,0.0,0.0,3.68,0.0,0.0
VTK,2024-11-21,0.0,0.26,1500.0,0.02,2.01,997.0,64.24,20.35,21632.0,2.96
VTL,2024-11-21,0.0,0.0,0.0,0.0,-3.57,-2695.0,-3.18,-9.54,-3218.0,-2.66
VTJ,2024-11-21,0.0,0.14,0.0,0.0,-0.21,-105.0,-42.93,64.12,8473.0,0.53
VTO,2024-11-21,10400.0,13.41,800.0,0.06,1.27,1418.0,9.31,12.41,14222.0,0.93
VTM,2024-11-21,0.0,0.0,0.0,0.0,0.0,0.0,0.0,13.49,0.0,0.0
VTP,2024-11-21,279500.0,7.65,1500.0,0.01,1.34,2979.0,37.96,37.23,12268.0,9.22
VTR,2024-11-21,0.0,0.0,0.0,0.0,1.4,2032.0,9.42,8.23,16308.0,1.17
VTQ,2024-11-21,0.0,0.0,0.0,0.0,0.0,-338.0,-113.36,1308.51,7438.0,5.15
VTS,2024-11-21,0.0,0.0,0.0,0.0,0.34,-4181.0,-2.94,-3.1,8323.0,1.48
VTZ,2024-11-21,11900.0,1.25,0.0,0.0,1.13,1377.0,11.18,12.36,10882.0,1.42
VTV,2024-11-21,0.0,0.28,100.0,0.02,0.66,-200.0,-24.01,-57.11,12647.0,0.38
VTX,2024-11-21,0.0,0.0,0.0,0.0,-0.02,-4818.0,-1.66,181.78,6165.0,1.3
VVN,2024-11-21,0.0,0.0,0.0,0.0,0.3,-7727.0,-0.54,0.0,-35598.0,-0.12
VVS,2024-11-21,0.0,0.0,0.0,0.0,-0.41,3601.0,4.55,12.61,16089.0,1.02
VUA,2024-11-21,0.0,0.0,0.0,0.0,0.18,-363.0,-34.14,28.02,8382.0,1.48
VWS,2024-11-21,0.0,0.0,1800.0,0.09,0.03,0.0,0.0,6.88,0.0,0.0
VW3,2024-11-21,0.0,0.23,800.0,0.08,-0.51,0.0,0.0,9.41,0.0,0.0
VXB,2024-11-21,0.0,0.02,0.0,0.0,0.41,3164.0,8.88,0.0,8080.0,3.48
VXP,2024-11-21,0.0,0.0,0.0,0.0,0.0,0.0,0.0,440.67,0.0,0.0
VXT,2024-11-21,0.0,0.0,650.0,0.06,0.36,458.0,22.28,12.45,11607.0,0.88
WCS,2024-11-21,0.0,28.44,16000.0,0.06,0.45,29973.0,8.89,9.68,102914.0,2.59
WSB,2024-11-21,500.0,3.05,4000.0,0.08,0.31,4826.0,10.38,11.13,53432.0,0.94
WTC,2024-11-21,0.0,0.07,1200.0,0.11,0.2,0.0,0.0,7.34,0.0,0.0
WSS,2024-11-21,0.0,2.09,0.0,0.0,1.39,-975.0,-4.92,55.5,9577.0,0.5
X77,2024-11-21,0.0,0.0,0.0,0.0,0.0,0.0,0.0,0.0,0.0,0.0
XDH,2024-11-21,0.0,0.0,800.0,0.06,-0.77,687.0,17.98,16.7,19967.0,0.62
XHC,2024-11-21,0.0,0.01,0.0,0.0,1.65,2575.0,9.13,9.59,17114.0,1.37
XMC,2024-11-21,0.0,0.0,700.0,0.1,1.26,736.0,9.13,7.27,12362.0,0.54
XMD,2024-11-21,0.0,0.03,0.0,0.0,-0.93,1612.0,3.1,4.3,11841.0,0.42
XLV,2024-11-21,0.0,0.0,800.0,0.09,-0.05,0.0,0.0,3.0,0.0,0.0
XPH,2024-11-21,0.0,0.15,0.0,0.0,1.29,-1324.0,-4.31,-11.05,11328.0,0.5
XMP,2024-11-21,0.0,0.11,1100.0,0.07,-0.07,980.0,16.33,30.1,11972.0,1.34
YEG,2024-11-21,141400.0,8.89,0.0,0.0,0.92,563.0,19.91,23.61,10472.0,1.07
YBM,2024-11-21,0.0,0.29,500.0,0.05,-0.09,988.0,10.73,8.61,12904.0,0.82
YBC,2024-11-21,0.0,0.03,0.0,0.0,1.36,-4096.0,-2.05,4.91,2806.0,2.99
YTC,2024-11-21,0.0,0.0,162.0,0.0,2.79,5659.0,7.28,10.58,19311.0,2.13
AIG,2024-11-21,0.0,44.56,0.0,0.0,0.87,4118.0,12.37,0.0,34087.0,1.49
CAR,2024-11-21,0.0,0.01,0.0,0.0,-0.34,246.0,79.95,19.17,11346.0,1.74
DSC,2024-11-21,0.0,0.0,0.0,0.0,1.25,858.0,20.98,18.44,11598.0,1.55
