cat_id,exchange,industry_name,code,name,url
5,UPCoM,Hàng tiêu dùng và trang trí,A32,CTCP 32,https://finance.vietstock.vn/A32-ctcp-32.htm
1,HOSE,Nguyên vật liệu,AAA,CTCP Nhựa An Phát Xanh,https://finance.vietstock.vn/AAA-ctcp-nhua-an-phat-xanh.htm
5,UPCoM,Năng lượng,AAH,CTCP Hợp Nhất,https://finance.vietstock.vn/AAH-ctcp-hop-nhat.htm
1,HOSE,"Thực phẩm, đồ uống và thuốc lá",AAM,CTCP Thủy sản MeKong,https://finance.vietstock.vn/AAM-ctcp-thuy-san-mekong.htm
5,UPCoM,Dịch vụ tài chính,AAS,CTCP Chứng khoán SmartInvest ,https://finance.vietstock.vn/AAS-ctcp-chung-khoan-smartinvest.htm
1,HOSE,Hàng tiêu dùng và trang trí,AAT,CTCP Tập Đoàn Tiên Sơn Thanh Hóa ,https://finance.vietstock.vn/AAT-ctcp-tap-doan-tien-son-thanh-hoa.htm
2,HNX,Phát triển và quản lý bất động sản,AAV,CTCP AAV Group,https://finance.vietstock.vn/AAV-ctcp-aav-group.htm
5,UPCoM,Tổ chức tín dụng,ABB,Ngân hàng TMCP An Bình,https://finance.vietstock.vn/ABB-ngan-hang-tmcp-an-binh.htm
5,UPCoM,Dịch vụ viễn thông,ABC,CTCP Truyền thông VMG,https://finance.vietstock.vn/ABC-ctcp-truyen-thong-vmg.htm
5,UPCoM,Bảo hiểm,ABI,CTCP Bảo hiểm Ngân hàng Nông nghiệp Việt Nam,https://finance.vietstock.vn/ABI-ctcp-bao-hiem-ngan-hang-nong-nghiep-viet-nam.htm
1,HOSE,Dịch vụ viễn thông,ABR,CTCP Đầu tư Nhãn hiệu Việt,https://finance.vietstock.vn/ABR-ctcp-dau-tu-nhan-hieu-viet.htm
1,HOSE,Nguyên vật liệu,ABS,CTCP Dịch vụ Nông nghiệp Bình Thuận,https://finance.vietstock.vn/ABS-ctcp-dich-vu-nong-nghiep-binh-thuan.htm
1,HOSE,"Thực phẩm, đồ uống và thuốc lá",ABT,CTCP Xuất nhập khẩu Thủy sản Bến Tre,https://finance.vietstock.vn/ABT-ctcp-xuat-nhap-khau-thuy-san-ben-tre.htm
5,UPCoM,Dịch vụ tài chính,ABW,CTCP Chứng khoán An Bình,https://finance.vietstock.vn/ABW-ctcp-chung-khoan-an-binh.htm
1,HOSE,Tổ chức tín dụng,ACB,Ngân hàng TMCP Á Châu,https://finance.vietstock.vn/ACB-ngan-hang-tmcp-a-chau.htm
1,HOSE,Nguyên vật liệu,ACC,CTCP Đầu tư và Xây dựng Bình Dương ACC,https://finance.vietstock.vn/ACC-ctcp-dau-tu-va-xay-dung-binh-duong-acc.htm
5,UPCoM,Nguyên vật liệu,ACE,CTCP Bê tông Ly tâm An Giang,https://finance.vietstock.vn/ACE-ctcp-be-tong-ly-tam-an-giang.htm
1,HOSE,Nguyên vật liệu,ACG,CTCP Gỗ An Cường,https://finance.vietstock.vn/ACG-ctcp-go-an-cuong.htm
1,HOSE,"Thực phẩm, đồ uống và thuốc lá",ACL,CTCP Xuất nhập khẩu Thủy sản Cửu Long An Giang,https://finance.vietstock.vn/ACL-ctcp-xuat-nhap-khau-thuy-san-cuu-long-an-giang.htm
5,UPCoM,Nguyên vật liệu,ACM,CTCP Tập đoàn Khoáng sản Á Cường,https://finance.vietstock.vn/ACM-ctcp-tap-doan-khoang-san-a-cuong.htm
5,UPCoM,Tư liệu sản xuất,ACS,CTCP Xây lắp Thương mại 2,https://finance.vietstock.vn/ACS-ctcp-xay-lap-thuong-mai-2.htm
5,UPCoM,Vận tải,ACV,Tổng Công ty Cảng Hàng không Việt Nam - CTCP,https://finance.vietstock.vn/ACV-tong-cong-ty-cang-hang-khong-viet-nam-ctcp.htm
2,HNX,Truyền thông và giải trí,ADC,CTCP Mỹ thuật và Truyền thông,https://finance.vietstock.vn/ADC-ctcp-my-thuat-va-truyen-thong.htm
1,HOSE,Truyền thông và giải trí,ADG,CTCP Clever Group,https://finance.vietstock.vn/ADG-ctcp-clever-group.htm
1,HOSE,Nguyên vật liệu,ADP,CTCP Sơn Á Đông,https://finance.vietstock.vn/ADP-ctcp-son-a-dong.htm
1,HOSE,Hàng tiêu dùng và trang trí,ADS,CTCP Damsan,https://finance.vietstock.vn/ADS-ctcp-damsan.htm
5,UPCoM,"Thực phẩm, đồ uống và thuốc lá",AFX,CTCP Xuất nhập khẩu Nông sản Thực phẩm An Giang,https://finance.vietstock.vn/AFX-ctcp-xuat-nhap-khau-nong-san-thuc-pham-an-giang.htm
5,UPCoM,Hàng tiêu dùng và trang trí,AG1,CTCP 28.1,https://finance.vietstock.vn/AG1-ctcp-28-1.htm
5,UPCoM,"Thực phẩm, đồ uống và thuốc lá",AGF,CTCP Xuất nhập khẩu Thủy sản An Giang,https://finance.vietstock.vn/AGF-ctcp-xuat-nhap-khau-thuy-san-an-giang.htm
1,HOSE,Phát triển và quản lý bất động sản,AGG,CTCP Đầu tư và Phát triển Bất động sản An Gia,https://finance.vietstock.vn/AGG-ctcp-dau-tu-va-phat-trien-bat-dong-san-an-gia.htm
1,HOSE,"Thực phẩm, đồ uống và thuốc lá",AGM,CTCP Xuất Nhập khẩu An Giang,https://finance.vietstock.vn/AGM-ctcp-xuat-nhap-khau-an-giang.htm
5,UPCoM,"Dược phẩm, Công nghệ sinh học và Khoa học thường thức",AGP,CTCP Dược phẩm Agimexpharm,https://finance.vietstock.vn/AGP-ctcp-duoc-pham-agimexpharm.htm
1,HOSE,Dịch vụ tài chính,AGR,CTCP Chứng khoán Agribank,https://finance.vietstock.vn/AGR-ctcp-chung-khoan-agribank.htm
5,UPCoM,"Thực phẩm, đồ uống và thuốc lá",AGX,CTCP Thực phẩm Nông Sản xuất khẩu Sài Gòn,https://finance.vietstock.vn/AGX-ctcp-thuc-pham-nong-san-xuat-khau-sai-gon.htm
5,UPCoM,Bảo hiểm,AIC,Tổng Công ty Cổ phần Bảo hiểm Hàng không,https://finance.vietstock.vn/AIC-tong-cong-ty-co-phan-bao-hiem-hang-khong.htm
2,HNX,Nguyên vật liệu,ALT,CTCP Văn hóa Tân Bình,https://finance.vietstock.vn/ALT-ctcp-van-hoa-tan-binh.htm
5,UPCoM,Nguyên vật liệu,ALV,CTCP Xây dựng ALVICO,https://finance.vietstock.vn/ALV-ctcp-xay-dung-alvico.htm
2,HNX,Nguyên vật liệu,AMC,CTCP Khoáng sản Á Châu,https://finance.vietstock.vn/AMC-ctcp-khoang-san-a-chau.htm
5,UPCoM,Phân phối và bán lẻ hàng lâu bền,AMD,CTCP Đầu tư và Khoáng sản FLC Stone,https://finance.vietstock.vn/AMD-ctcp-dau-tu-va-khoang-san-flc-stone.htm
2,HNX,Tư liệu sản xuất,AME,CTCP Alphanam E&C,https://finance.vietstock.vn/AME-ctcp-alphanam-ec.htm
5,UPCoM,Phân phối và bán lẻ hàng lâu bền,AMP,CTCP Armephaco,https://finance.vietstock.vn/AMP-ctcp-armephaco.htm
5,UPCoM,Tư liệu sản xuất,AMS,CTCP Cơ khí Xây dựng AMECC,https://finance.vietstock.vn/AMS-ctcp-co-khi-xay-dung-amecc.htm
2,HNX,Dịch vụ và thiết bị chăm sóc sức khỏe,AMV,CTCP Sản xuất Kinh doanh Dược và Trang thiết bị Y tế Việt Mỹ,https://finance.vietstock.vn/AMV-ctcp-san-xuat-kinh-doanh-duoc-va-trang-thiet-bi-y-te-viet-my.htm
5,UPCoM,"Thực phẩm, đồ uống và thuốc lá",ANT,CTCP Rau quả Thực phẩm An Giang,https://finance.vietstock.vn/ANT-ctcp-rau-qua-thuc-pham-an-giang.htm
1,HOSE,"Thực phẩm, đồ uống và thuốc lá",ANV,CTCP Nam Việt,https://finance.vietstock.vn/ANV-ctcp-nam-viet.htm
5,UPCoM,Dịch vụ chuyên biệt và thương mại,APC,CTCP Chiếu xạ An Phú,https://finance.vietstock.vn/APC-ctcp-chieu-xa-an-phu.htm
5,UPCoM,"Thực phẩm, đồ uống và thuốc lá",APF,CTCP Nông sản Thực phẩm Quảng Ngãi,https://finance.vietstock.vn/APF-ctcp-nong-san-thuc-pham-quang-ngai.htm
1,HOSE,Dịch vụ tài chính,APG,CTCP Chứng khoán APG,https://finance.vietstock.vn/APG-ctcp-chung-khoan-apg.htm
1,HOSE,Nguyên vật liệu,APH,CTCP Tập đoàn An Phát Holdings,https://finance.vietstock.vn/APH-ctcp-tap-doan-an-phat-holdings.htm
2,HNX,Phát triển và quản lý bất động sản,API,CTCP Đầu tư Châu Á - Thái Bình Dương,https://finance.vietstock.vn/API-ctcp-dau-tu-chau-a-thai-binh-duong.htm
5,UPCoM,Phân phối và bán lẻ hàng lâu bền,APL,CTCP Cơ khí và Thiết bị áp lực - VVMI,https://finance.vietstock.vn/APL-ctcp-co-khi-va-thiet-bi-ap-luc-vvmi.htm
5,UPCoM,Năng lượng,APP,CTCP Phát triển Phụ gia và Sản phẩm Dầu Mỏ,https://finance.vietstock.vn/APP-ctcp-phat-trien-phu-gia-va-san-pham-dau-mo.htm
2,HNX,Dịch vụ tài chính,APS,CTCP Chứng khoán Châu Á Thái Bình Dương,https://finance.vietstock.vn/APS-ctcp-chung-khoan-chau-a-thai-binh-duong.htm
5,UPCoM,"Thực phẩm, đồ uống và thuốc lá",APT,CTCP Kinh doanh Thủy Hải Sản Sài Gòn,https://finance.vietstock.vn/APT-ctcp-kinh-doanh-thuy-hai-san-sai-gon.htm
2,HNX,Vận tải,ARM,CTCP Xuất nhập khẩu Hàng không,https://finance.vietstock.vn/ARM-ctcp-xuat-nhap-khau-hang-khong.htm
5,UPCoM,Dịch vụ tài chính,ART,CTCP Chứng khoán BOS,https://finance.vietstock.vn/ART-ctcp-chung-khoan-bos.htm
5,UPCoM,Tư liệu sản xuất,ASA,CTCP ASA,https://finance.vietstock.vn/ASA-ctcp-asa.htm
1,HOSE,Vận tải,ASG,CTCP Tập đoàn ASG,https://finance.vietstock.vn/ASG-ctcp-tap-doan-asg.htm
1,HOSE,"Thực phẩm, đồ uống và thuốc lá",ASM,CTCP Tập đoàn Sao Mai,https://finance.vietstock.vn/ASM-ctcp-tap-doan-sao-mai.htm
1,HOSE,Dịch vụ tiện ích,ASP,CTCP Tập đoàn Dầu khí An Pha,https://finance.vietstock.vn/ASP-ctcp-tap-doan-dau-khi-an-pha.htm
1,HOSE,Vận tải,AST,CTCP Dịch vụ Hàng không Taseco,https://finance.vietstock.vn/AST-ctcp-dich-vu-hang-khong-taseco.htm
5,UPCoM,"Thực phẩm, đồ uống và thuốc lá",ATA,CTCP Ntaco,https://finance.vietstock.vn/ATA-ctcp-ntaco.htm
5,UPCoM,Tư liệu sản xuất,ATB,CTCP An Thịnh,https://finance.vietstock.vn/ATB-ctcp-an-thinh.htm
5,UPCoM,Nguyên vật liệu,ATG,CTCP An Trường An,https://finance.vietstock.vn/ATG-ctcp-an-truong-an.htm
2,HNX,Dịch vụ tiêu dùng,ATS,CTCP Tập Đoàn Dược Phẩm Atesco,https://finance.vietstock.vn/ATS-ctcp-tap-doan-duoc-pham-atesco.htm
5,UPCoM,Dịch vụ tiện ích,AVC,CTCP Thủy điện A Vương,https://finance.vietstock.vn/AVC-ctcp-thuy-dien-a-vuong.htm
5,UPCoM,"Thực phẩm, đồ uống và thuốc lá",AVF,CTCP Việt An,https://finance.vietstock.vn/AVF-ctcp-viet-an.htm
5,UPCoM,Nguyên vật liệu,AVG,CTCP Phân bón Quốc tế Âu Việt,https://finance.vietstock.vn/AVG-ctcp-phan-bon-quoc-te-au-viet.htm
2,HNX,Tổ chức tín dụng,BAB,Ngân hàng TMCP Bắc Á,https://finance.vietstock.vn/BAB-ngan-hang-tmcp-bac-a.htm
1,HOSE,"Thực phẩm, đồ uống và thuốc lá",BAF,CTCP Nông nghiệp BAF Việt Nam,https://finance.vietstock.vn/BAF-ctcp-nong-nghiep-baf-viet-nam.htm
5,UPCoM,"Thực phẩm, đồ uống và thuốc lá",BAL,CTCP Bao bì Bia - Rượu - Nước giải khát,https://finance.vietstock.vn/BAL-ctcp-bao-bi-bia-ruou-nuoc-giai-khat.htm
2,HNX,Phát triển và quản lý bất động sản,BAX,CTCP Thống Nhất,https://finance.vietstock.vn/BAX-ctcp-tho´ng-nha´t.htm
1,HOSE,"Thực phẩm, đồ uống và thuốc lá",BBC,CTCP Bibica,https://finance.vietstock.vn/BBC-ctcp-bibica.htm
5,UPCoM,Nguyên vật liệu,BBH,CTCP Bao bì Hoàng Thạch,https://finance.vietstock.vn/BBH-ctcp-bao-bi-hoang-thach.htm
5,UPCoM,"Thực phẩm, đồ uống và thuốc lá",BBM,CTCP Bia Hà Nội - Nam Định,https://finance.vietstock.vn/BBM-ctcp-bia-ha-noi-nam-dinh.htm
2,HNX,Nguyên vật liệu,BBS,CTCP VICEM Bao bì Bút Sơn,https://finance.vietstock.vn/BBS-ctcp-vicem-bao-bi-but-son.htm
5,UPCoM,Dịch vụ và thiết bị chăm sóc sức khỏe,BBT,CTCP Bông Bạch Tuyết,https://finance.vietstock.vn/BBT-ctcp-bong-bach-tuyet.htm
5,UPCoM,Nguyên vật liệu,BCA,CTCP B.C.H,https://finance.vietstock.vn/BCA-ctcp-b-c-h.htm
5,UPCoM,Năng lượng,BCB,CTCP 397,https://finance.vietstock.vn/BCB-ctcp-397.htm
2,HNX,Nguyên vật liệu,BCC,CTCP Xi măng Bỉm Sơn,https://finance.vietstock.vn/BCC-ctcp-xi-mang-bim-son.htm
1,HOSE,Phát triển và quản lý bất động sản,BCE,CTCP Xây dựng và Giao thông Bình Dương,https://finance.vietstock.vn/BCE-ctcp-xay-dung-va-giao-thong-binh-duong.htm
2,HNX,"Thực phẩm, đồ uống và thuốc lá",BCF,CTCP Thực phẩm Bích Chi,https://finance.vietstock.vn/BCF-ctcp-thuc-pham-bich-chi.htm
1,HOSE,Tư liệu sản xuất,BCG,CTCP Tập đoàn Bamboo Capital,https://finance.vietstock.vn/BCG-ctcp-tap-doan-bamboo-capital.htm
1,HOSE,Phát triển và quản lý bất động sản,BCM,Tổng Công ty Đầu tư và Phát triển Công nghiệp – CTCP,https://finance.vietstock.vn/BCM-tong-cong-ty-dau-tu-va-phat-trien-cong-nghiep-–-ctcp.htm
5,UPCoM,Tư liệu sản xuất,BCO,CTCP Xây dựng Bình Phước,https://finance.vietstock.vn/BCO-ctcp-xay-dung-binh-phuoc.htm
5,UPCoM,"Dược phẩm, Công nghệ sinh học và Khoa học thường thức",BCP,CTCP Dược ENLIE,https://finance.vietstock.vn/BCP-ctcp-duoc-enlie.htm
5,UPCoM,Phát triển và quản lý bất động sản,BCR,CTCP BCG Land,https://finance.vietstock.vn/BCR-ctcp-bcg-land.htm
5,UPCoM,Dịch vụ tiêu dùng,BCV,CTCP Du lịch và Thương mại Bằng Giang Cao Bằng - Vimico,https://finance.vietstock.vn/BCV-ctcp-du-lich-va-thuong-mai-bang-giang-cao-bang-vimico.htm
2,HNX,Truyền thông và giải trí,BDB,CTCP Sách và Thiết bị Bình Định,https://finance.vietstock.vn/BDB-ctcp-sach-va-thiet-bi-binh-dinh.htm
5,UPCoM,Hàng tiêu dùng và trang trí,BDG,CTCP May mặc Bình Dương,https://finance.vietstock.vn/BDG-ctcp-may-mac-binh-duong.htm
5,UPCoM,Nguyên vật liệu,BDT,CTCP Xây lắp và Vật liệu Xây dựng Đồng Tháp,https://finance.vietstock.vn/BDT-ctcp-xay-lap-va-vat-lieu-xay-dung-dong-thap.htm
5,UPCoM,Dịch vụ tiện ích,BDW,CTCP Cấp thoát nước Bình Định,https://finance.vietstock.vn/BDW-ctcp-cap-thoat-nuoc-binh-dinh.htm
2,HNX,Truyền thông và giải trí,BED,CTCP Sách và Thiết bị Trường học Đà Nẵng,https://finance.vietstock.vn/BED-ctcp-sach-va-thiet-bi-truong-hoc-da-nang.htm
5,UPCoM,Công nghệ phần cứng và thiết bị,BEL,CTCP Điện tử Biên Hòa,https://finance.vietstock.vn/BEL-ctcp-dien-tu-bien-hoa.htm
1,HOSE,Nguyên vật liệu,BFC,CTCP Phân bón Bình Điền,https://finance.vietstock.vn/BFC-ctcp-phan-bon-binh-dien.htm
5,UPCoM,Dịch vụ tiện ích,BGE,CTCP BCG Energy,https://finance.vietstock.vn/BGE-ctcp-bcg-energy.htm
5,UPCoM,Dịch vụ tiện ích,BGW,CTCP Nước sạch Bắc Giang,https://finance.vietstock.vn/BGW-ctcp-nuoc-sach-bac-giang.htm
5,UPCoM,Dịch vụ tiện ích,BHA,CTCP Thủy điện Bắc Hà,https://finance.vietstock.vn/BHA-ctcp-thuy-dien-bac-ha.htm
5,UPCoM,Nguyên vật liệu,BHC,CTCP Bê tông Biên Hòa,https://finance.vietstock.vn/BHC-ctcp-be-tong-bien-hoa.htm
5,UPCoM,"Thực phẩm, đồ uống và thuốc lá",BHG,CTCP Chè Biển Hồ,https://finance.vietstock.vn/BHG-ctcp-che-bien-ho.htm
5,UPCoM,Bảo hiểm,BHI,Tổng Công ty cổ phần Bảo hiểm Sài Gòn - Hà Nội,https://finance.vietstock.vn/BHI-tong-cong-ty-co-phan-bao-hiem-sai-gon-ha-noi.htm
5,UPCoM,"Thực phẩm, đồ uống và thuốc lá",BHK,CTCP Bia Hà Nội - Kim Bài,https://finance.vietstock.vn/BHK-ctcp-bia-ha-noi-kim-bai.htm
1,HOSE,"Thực phẩm, đồ uống và thuốc lá",BHN,Tổng Công ty cổ phần Bia - Rượu - Nước giải khát Hà Nội,https://finance.vietstock.vn/BHN-tong-cong-ty-co-phan-bia-ruou-nuoc-giai-khat-ha-noi.htm
5,UPCoM,"Thực phẩm, đồ uống và thuốc lá",BHP,CTCP Bia Hà Nội - Hải Phòng,https://finance.vietstock.vn/BHP-ctcp-bia-ha-noi-hai-phong.htm
1,HOSE,Bảo hiểm,BIC,Tổng Công ty cổ phần Bảo hiểm Ngân hàng Đầu tư và Phát triển Việt Nam,https://finance.vietstock.vn/BIC-tong-cong-ty-co-phan-bao-hiem-ngan-hang-dau-tu-va-phat-trien-viet-nam.htm
1,HOSE,Tổ chức tín dụng,BID,Ngân hàng TMCP Đầu tư và Phát triển Việt Nam,https://finance.vietstock.vn/BID-ngan-hang-tmcp-dau-tu-va-phat-trien-viet-nam.htm
5,UPCoM,Phân phối và bán lẻ hàng lâu bền,BIG,CTCP Big Invest Group,https://finance.vietstock.vn/BIG-ctcp-big-invest-group.htm
5,UPCoM,Phát triển và quản lý bất động sản,BII,CTCP Louis Land,https://finance.vietstock.vn/BII-ctcp-louis-land.htm
5,UPCoM,"Dược phẩm, Công nghệ sinh học và Khoa học thường thức",BIO,CTCP Vắc xin và Sinh phẩm Nha Trang,https://finance.vietstock.vn/BIO-ctcp-vac-xin-va-sinh-pham-nha-trang.htm
2,HNX,Nguyên vật liệu,BKC,CTCP Khoáng sản Bắc Kạn,https://finance.vietstock.vn/BKC-ctcp-khoang-san-bac-kan.htm
1,HOSE,Nguyên vật liệu,BKG,CTCP Đầu tư BKG Việt Nam,https://finance.vietstock.vn/BKG-ctcp-dau-tu-bkg-viet-nam.htm
5,UPCoM,"Thực phẩm, đồ uống và thuốc lá",BLF,CTCP Thủy sản Bạc Liêu,https://finance.vietstock.vn/BLF-ctcp-thuy-san-bac-lieu.htm
5,UPCoM,Bảo hiểm,BLI,Tổng Công ty cổ phần Bảo hiểm Bảo Long,https://finance.vietstock.vn/BLI-tong-cong-ty-co-phan-bao-hiem-bao-long.htm
5,UPCoM,Vận tải,BLN,CTCP Vận tải và Dịch vụ Liên Ninh,https://finance.vietstock.vn/BLN-ctcp-van-tai-va-dich-vu-lien-ninh.htm
5,UPCoM,"Thực phẩm, đồ uống và thuốc lá",BLT,CTCP Lương thực Bình Định,https://finance.vietstock.vn/BLT-ctcp-luong-thuc-binh-dinh.htm
1,HOSE,Nguyên vật liệu,BMC,CTCP Khoáng sản Bình Định,https://finance.vietstock.vn/BMC-ctcp-khoang-san-binh-dinh.htm
5,UPCoM,Dịch vụ tiện ích,BMD,CTCP Môi trường và Dịch vụ Đô thị Bình Thuận,https://finance.vietstock.vn/BMD-ctcp-moi-truong-va-dich-vu-do-thi-binh-thuan.htm
5,UPCoM,Phân phối và bán lẻ hàng lâu bền,BMF,CTCP Vật liệu Xây dựng và Chất đốt Đồng Nai,https://finance.vietstock.vn/BMF-ctcp-vat-lieu-xay-dung-va-chat-dot-dong-nai.htm
5,UPCoM,Hàng tiêu dùng và trang trí,BMG,CTCP May Bình Minh,https://finance.vietstock.vn/BMG-ctcp-may-binh-minh.htm
1,HOSE,Bảo hiểm,BMI,Tổng Công ty cổ phần Bảo Minh,https://finance.vietstock.vn/BMI-tong-cong-ty-co-phan-bao-minh.htm
5,UPCoM,Nguyên vật liệu,BMJ,CTCP Khoáng sản Miền Đông AHP,https://finance.vietstock.vn/BMJ-ctcp-khoang-san-mien-dong-ahp.htm
5,UPCoM,Tư liệu sản xuất,BMN,CTCP 715,https://finance.vietstock.vn/BMN-ctcp-715.htm
1,HOSE,Nguyên vật liệu,BMP,CTCP Nhựa Bình Minh,https://finance.vietstock.vn/BMP-ctcp-nhua-binh-minh.htm
5,UPCoM,Dịch vụ tài chính,BMS,CTCP Chứng khoán Bảo Minh,https://finance.vietstock.vn/BMS-ctcp-chung-khoan-bao-minh.htm
5,UPCoM,"Thực phẩm, đồ uống và thuốc lá",BMV,CTCP Bột mỳ Vinafood 1,https://finance.vietstock.vn/BMV-ctcp-bot-my-vinafood-1.htm
2,HNX,"Thực phẩm, đồ uống và thuốc lá",BNA,CTCP Tập đoàn Đầu tư Bảo Ngọc,https://finance.vietstock.vn/BNA-ctcp-tap-doan-dau-tu-bao-ngoc.htm
5,UPCoM,Dịch vụ tiện ích,BNW,CTCP Nước sạch Bắc Ninh,https://finance.vietstock.vn/BNW-ctcp-nuoc-sach-bac-ninh.htm
5,UPCoM,Tư liệu sản xuất,BOT,CTCP BOT Cầu Thái Hà,https://finance.vietstock.vn/BOT-ctcp-bot-cau-thai-ha.htm
2,HNX,Nguyên vật liệu,BPC,CTCP VICEM Bao bì Bỉm Sơn,https://finance.vietstock.vn/BPC-ctcp-vicem-bao-bi-bim-son.htm
5,UPCoM,"Thực phẩm, đồ uống và thuốc lá",BQB,CTCP Bia Hà Nội - Quảng Bình,https://finance.vietstock.vn/BQB-ctcp-bia-ha-noi-quang-binh.htm
1,HOSE,Xe và linh kiện,BRC,CTCP Cao su Bến Thành,https://finance.vietstock.vn/BRC-ctcp-cao-su-ben-thanh.htm
5,UPCoM,Nguyên vật liệu,BRR,CTCP Cao su Bà Rịa,https://finance.vietstock.vn/BRR-ctcp-cao-su-ba-ria.htm
5,UPCoM,Dịch vụ tiện ích,BRS,CTCP Dịch vụ Đô thị Bà Rịa,https://finance.vietstock.vn/BRS-ctcp-dich-vu-do-thi-ba-ria.htm
5,UPCoM,Dịch vụ tiện ích,BSA,CTCP Thủy điện Buôn Đôn,https://finance.vietstock.vn/BSA-ctcp-thuy-dien-buon-don.htm
2,HNX,Dịch vụ chuyên biệt và thương mại,BSC,CTCP Dịch vụ Bến Thành,https://finance.vietstock.vn/BSC-ctcp-dich-vu-ben-thanh.htm
5,UPCoM,"Thực phẩm, đồ uống và thuốc lá",BSD,"CTCP Bia, Rượu Sài Gòn - Đồng Xuân",https://finance.vietstock.vn/BSD-ctcp-bia-ruou-sai-gon-dong-xuan.htm
5,UPCoM,Vận tải,BSG,CTCP Xe khách Sài Gòn,https://finance.vietstock.vn/BSG-ctcp-xe-khach-sai-gon.htm
5,UPCoM,"Thực phẩm, đồ uống và thuốc lá",BSH,CTCP Bia Sài Gòn - Hà Nội,https://finance.vietstock.vn/BSH-ctcp-bia-sai-gon-ha-noi.htm
1,HOSE,Dịch vụ tài chính,BSI,CTCP Chứng khoán BIDV,https://finance.vietstock.vn/BSI-ctcp-chung-khoan-bidv.htm
5,UPCoM,"Thực phẩm, đồ uống và thuốc lá",BSL,CTCP Bia Sài Gòn - Sông Lam,https://finance.vietstock.vn/BSL-ctcp-bia-sai-gon-song-lam.htm
5,UPCoM,"Thực phẩm, đồ uống và thuốc lá",BSP,CTCP Bia Sài Gòn - Phú Thọ,https://finance.vietstock.vn/BSP-ctcp-bia-sai-gon-phu-tho.htm
5,UPCoM,"Thực phẩm, đồ uống và thuốc lá",BSQ,CTCP Bia Sài Gòn - Quảng Ngãi,https://finance.vietstock.vn/BSQ-ctcp-bia-sai-gon-quang-ngai.htm
5,UPCoM,Năng lượng,BSR,CTCP Lọc hóa Dầu Bình Sơn,https://finance.vietstock.vn/BSR-ctcp-loc-hoa-dau-binh-son.htm
2,HNX,Truyền thông và giải trí,BST,CTCP Sách và Thiết bị Bình Thuận,https://finance.vietstock.vn/BST-ctcp-sach-va-thiet-bi-binh-thuan.htm
5,UPCoM,Nguyên vật liệu,BT1,CTCP Bảo vệ Thực vật 1 Trung Ương,https://finance.vietstock.vn/BT1-ctcp-bao-ve-thuc-vat-1-trung-uong.htm
5,UPCoM,Nguyên vật liệu,BT6,CTCP Beton 6,https://finance.vietstock.vn/BT6-ctcp-beton-6.htm
5,UPCoM,"Thực phẩm, đồ uống và thuốc lá",BTB,CTCP Bia Hà Nội - Thái Bình,https://finance.vietstock.vn/BTB-ctcp-bia-ha-noi-thai-binh.htm
5,UPCoM,Nguyên vật liệu,BTD,CTCP Bê tông Ly tâm Thủ Đức,https://finance.vietstock.vn/BTD-ctcp-be-tong-ly-tam-thu-duc.htm
5,UPCoM,Nguyên vật liệu,BTG,CTCP Bao bì Tiền Giang,https://finance.vietstock.vn/BTG-ctcp-bao-bi-tien-giang.htm
5,UPCoM,Hàng tiêu dùng và trang trí,BTH,CTCP Chế tạo Biến thế và Vật liệu Điện Hà Nội,https://finance.vietstock.vn/BTH-ctcp-che-tao-bien-the-va-vat-lieu-dien-ha-noi.htm
5,UPCoM,Nguyên vật liệu,BTN,CTCP Đầu tư Bitco Bình Định,https://finance.vietstock.vn/BTN-ctcp-dau-tu-bitco-binh-dinh.htm
1,HOSE,Dịch vụ tiện ích,BTP,CTCP Nhiệt điện Bà Rịa,https://finance.vietstock.vn/BTP-ctcp-nhiet-dien-ba-ria.htm
2,HNX,Nguyên vật liệu,BTS,CTCP Xi măng VICEM Bút Sơn,https://finance.vietstock.vn/BTS-ctcp-xi-mang-vicem-but-son.htm
1,HOSE,Phân phối và bán lẻ hàng lâu bền,BTT,CTCP Thương mại Dịch vụ Bến Thành,https://finance.vietstock.vn/BTT-ctcp-thuong-mai-dich-vu-ben-thanh.htm
5,UPCoM,Dịch vụ chuyên biệt và thương mại,BTU,CTCP Công trình Đô thị Bến Tre,https://finance.vietstock.vn/BTU-ctcp-cong-trinh-do-thi-ben-tre.htm
5,UPCoM,Dịch vụ tiêu dùng,BTV,CTCP Dịch vụ Du lịch Bến Thành,https://finance.vietstock.vn/BTV-ctcp-dich-vu-du-lich-ben-thanh.htm
2,HNX,Dịch vụ tiện ích,BTW,CTCP Cấp nước Bến Thành,https://finance.vietstock.vn/BTW-ctcp-cap-nuoc-ben-thanh.htm
5,UPCoM,Tổ chức tín dụng,BVB,Ngân hàng TMCP Bản Việt,https://finance.vietstock.vn/BVB-ngan-hang-tmcp-ban-viet.htm
5,UPCoM,Nguyên vật liệu,BVG,CTCP Group Bắc Việt,https://finance.vietstock.vn/BVG-ctcp-group-bac-viet.htm
1,HOSE,Bảo hiểm,BVH,Tập đoàn Bảo Việt,https://finance.vietstock.vn/BVH-tap-doan-bao-viet.htm
5,UPCoM,Phát triển và quản lý bất động sản,BVL,CTCP BV Land,https://finance.vietstock.vn/BVL-ctcp-bv-land.htm
5,UPCoM,Hàng tiêu dùng và trang trí,BVN,CTCP Bông Việt Nam,https://finance.vietstock.vn/BVN-ctcp-bong-viet-nam.htm
2,HNX,Dịch vụ tài chính,BVS,CTCP Chứng khoán Bảo Việt,https://finance.vietstock.vn/BVS-ctcp-chung-khoan-bao-viet.htm
5,UPCoM,Dịch vụ tiện ích,BWA,CTCP Cấp thoát nước và Xây dựng Bảo Lộc,https://finance.vietstock.vn/BWA-ctcp-cap-thoat-nuoc-va-xay-dung-bao-loc.htm
1,HOSE,Dịch vụ tiện ích,BWE,CTCP - Tổng công ty nước - môi trường Bình Dương,https://finance.vietstock.vn/BWE-ctcp-tong-cong-ty-nuoc-moi-truong-binh-duong.htm
5,UPCoM,Dịch vụ tiện ích,BWS,CTCP Cấp nước Bà Rịa - Vũng Tàu,https://finance.vietstock.vn/BWS-ctcp-cap-nuoc-ba-ria-vung-tau.htm
2,HNX,Nguyên vật liệu,BXH,CTCP VICEM Bao bì Hải Phòng,https://finance.vietstock.vn/BXH-ctcp-vicem-bao-bi-hai-phong.htm
5,UPCoM,Tư liệu sản xuất,C12,CTCP Cầu 12,https://finance.vietstock.vn/C12-ctcp-cau-12.htm
5,UPCoM,Phát triển và quản lý bất động sản,C21,CTCP Thế Kỷ 21 ,https://finance.vietstock.vn/C21-ctcp-the-ky-21.htm
5,UPCoM,"Thực phẩm, đồ uống và thuốc lá",C22,CTCP 22,https://finance.vietstock.vn/C22-ctcp-22.htm
1,HOSE,Nguyên vật liệu,C32,CTCP CIC39,https://finance.vietstock.vn/C32-ctcp-cic39.htm
1,HOSE,Tư liệu sản xuất,C47,CTCP Xây dựng 47,https://finance.vietstock.vn/C47-ctcp-xay-dung-47.htm
5,UPCoM,Tư liệu sản xuất,C4G,CTCP Tập đoàn CIENCO4,https://finance.vietstock.vn/C4G-ctcp-tap-doan-cienco4.htm
2,HNX,Tư liệu sản xuất,C69,CTCP Xây dựng 1369,https://finance.vietstock.vn/C69-ctcp-xay-dung-1369.htm
5,UPCoM,Tư liệu sản xuất,C92,CTCP Xây dựng và Đầu tư 492,https://finance.vietstock.vn/C92-ctcp-xay-dung-va-dau-tu-492.htm
5,UPCoM,Truyền thông và giải trí,CAB,CTCP Tổng Công ty Truyền hình Cáp Việt Nam,https://finance.vietstock.vn/CAB-ctcp-tong-cong-ty-truyen-hinh-cap-viet-nam.htm
5,UPCoM,"Thực phẩm, đồ uống và thuốc lá",CAD,CTCP Chế biến và Xuất nhập khẩu Thủy sản Cadovimex,https://finance.vietstock.vn/CAD-ctcp-che-bien-va-xuat-nhap-khau-thuy-san-cadovimex.htm
2,HNX,Vận tải,CAG,CTCP Cảng An Giang,https://finance.vietstock.vn/CAG-ctcp-cang-an-giang.htm
2,HNX,"Thực phẩm, đồ uống và thuốc lá",CAN,CTCP Đồ hộp Hạ Long,https://finance.vietstock.vn/CAN-ctcp-do-hop-ha-long.htm
2,HNX,"Thực phẩm, đồ uống và thuốc lá",CAP,CTCP Lâm Nông sản Thực phẩm Yên Bái,https://finance.vietstock.vn/CAP-ctcp-lam-nong-san-thuc-pham-yen-bai.htm
5,UPCoM,"Thực phẩm, đồ uống và thuốc lá",CAT,CTCP Thủy sản Cà Mau,https://finance.vietstock.vn/CAT-ctcp-thuy-san-ca-mau.htm
5,UPCoM,Nguyên vật liệu,CBI,CTCP Gang thép Cao Bằng,https://finance.vietstock.vn/CBI-ctcp-gang-thep-cao-bang.htm
5,UPCoM,"Thực phẩm, đồ uống và thuốc lá",CBS,CTCP Mía Đường Cao Bằng,https://finance.vietstock.vn/CBS-ctcp-mia-duong-cao-bang.htm
5,UPCoM,Tư liệu sản xuất,CC1,Tổng Công ty Xây dựng Số 1 - CTCP,https://finance.vietstock.vn/CC1-tong-cong-ty-xay-dung-so-1-ctcp.htm
5,UPCoM,Tư liệu sản xuất,CC4,CTCP Đầu tư và Xây dựng Số 4,https://finance.vietstock.vn/CC4-ctcp-dau-tu-va-xay-dung-so-4.htm
5,UPCoM,"Thực phẩm, đồ uống và thuốc lá",CCA,CTCP Xuất nhập khẩu Thuỷ sản Cần Thơ,https://finance.vietstock.vn/CCA-ctcp-xuat-nhap-khau-thuy-san-can-tho.htm
5,UPCoM,Tư liệu sản xuất,CCC,CTCP Xây dựng CDC,https://finance.vietstock.vn/CCC-ctcp-xay-dung-cdc.htm
1,HOSE,Phân phối và bán lẻ hàng lâu bền,CCI,CTCP Đầu tư Phát triển Công nghiệp Thương mại Củ Chi,https://finance.vietstock.vn/CCI-ctcp-dau-tu-phat-trien-cong-nghiep-thuong-mai-cu-chi.htm
1,HOSE,Phát triển và quản lý bất động sản,CCL,CTCP Đầu tư và Phát triển Đô thị Dầu khí Cửu Long,https://finance.vietstock.vn/CCL-ctcp-dau-tu-va-phat-trien-do-thi-dau-khi-cuu-long.htm
5,UPCoM,Nguyên vật liệu,CCM,CTCP khoáng sản và Xi măng Cần Thơ,https://finance.vietstock.vn/CCM-ctcp-khoang-san-va-xi-mang-can-tho.htm
5,UPCoM,Vận tải,CCP,CTCP Cảng Cửa Cấm Hải Phòng,https://finance.vietstock.vn/CCP-ctcp-cang-cua-cam-hai-phong.htm
2,HNX,Vận tải,CCR,CTCP Cảng Cam Ranh,https://finance.vietstock.vn/CCR-ctcp-cang-cam-ranh.htm
5,UPCoM,Vận tải,CCT,CTCP Cảng Cần Thơ,https://finance.vietstock.vn/CCT-ctcp-cang-can-tho.htm
5,UPCoM,Dịch vụ chuyên biệt và thương mại,CCV,CTCP Tư vấn Xây dựng Công nghiệp và Đô thị Việt Nam,https://finance.vietstock.vn/CCV-ctcp-tu-van-xay-dung-cong-nghiep-va-do-thi-viet-nam.htm
1,HOSE,Phát triển và quản lý bất động sản,CDC,CTCP Chương Dương,https://finance.vietstock.vn/CDC-ctcp-chuong-duong.htm
5,UPCoM,Nguyên vật liệu,CDG,CTCP Cầu Đuống,https://finance.vietstock.vn/CDG-ctcp-cau-duong.htm
5,UPCoM,Dịch vụ tiện ích,CDH,CTCP Công trình Công cộng và Dịch vụ Du lịch Hải Phòng,https://finance.vietstock.vn/CDH-ctcp-cong-trinh-cong-cong-va-dich-vu-du-lich-hai-phong.htm
2,HNX,Vận tải,CDN,CTCP Cảng Đà Nẵng,https://finance.vietstock.vn/CDN-ctcp-cang-da-nang.htm
5,UPCoM,Phân phối và bán lẻ hàng lâu bền,CDO,CTCP Tư vấn Thiết kế và Phát triển Đô thị,https://finance.vietstock.vn/CDO-ctcp-tu-van-thiet-ke-va-phat-trien-do-thi.htm
5,UPCoM,Phân phối và bán lẻ hàng lâu bền,CDP,CTCP Dược phẩm Trung ương Codupha,https://finance.vietstock.vn/CDP-ctcp-duoc-pham-trung-uong-codupha.htm
5,UPCoM,Tư liệu sản xuất,CDR,CTCP Xây dựng Cao su Đồng Nai,https://finance.vietstock.vn/CDR-ctcp-xay-dung-cao-su-dong-nai.htm
5,UPCoM,Tư liệu sản xuất,CE1,CTCP Xây dựng và Thiết bị Công nghiệp CIE1,https://finance.vietstock.vn/CE1-ctcp-xay-dung-va-thiet-bi-cong-nghiep-cie1.htm
5,UPCoM,Tư liệu sản xuất,CEG,CTCP Tập đoàn Xây dựng và Thiết bị Công nghiệp,https://finance.vietstock.vn/CEG-ctcp-tap-doan-xay-dung-va-thiet-bi-cong-nghiep.htm
5,UPCoM,Phân phối và bán lẻ hàng lâu bền,CEN,CTCP CENCON Việt Nam,https://finance.vietstock.vn/CEN-ctcp-cencon-viet-nam.htm
2,HNX,Phát triển và quản lý bất động sản,CEO,CTCP Tập đoàn C.E.O,https://finance.vietstock.vn/CEO-ctcp-tap-doan-c-e-o.htm
2,HNX,Hàng tiêu dùng và trang trí,CET,CTCP HTC Holding,https://finance.vietstock.vn/CET-ctcp-htc-holding.htm
5,UPCoM,Dịch vụ tiêu dùng,CFM,CTCP Đầu tư CFM,https://finance.vietstock.vn/CFM-ctcp-dau-tu-cfm.htm
5,UPCoM,"Thực phẩm, đồ uống và thuốc lá",CFV,CTCP Cà phê Thắng Lợi,https://finance.vietstock.vn/CFV-ctcp-ca-phe-thang-loi.htm
5,UPCoM,Nguyên vật liệu,CGV,CTCP Vinaceglass,https://finance.vietstock.vn/CGV-ctcp-vinaceglass.htm
5,UPCoM,Tư liệu sản xuất,CH5,CTCP Xây dựng Số 5 Hà Nội,https://finance.vietstock.vn/CH5-ctcp-xay-dung-so-5-ha-noi.htm
5,UPCoM,Nguyên vật liệu,CHC,CTCP Cẩm Hà,https://finance.vietstock.vn/CHC-ctcp-cam-ha.htm
1,HOSE,Dịch vụ tiện ích,CHP,CTCP Thủy điện Miền Trung,https://finance.vietstock.vn/CHP-ctcp-thuy-dien-mien-trung.htm
5,UPCoM,Tư liệu sản xuất,CHS,CTCP Chiếu sáng Công cộng Thành phố Hồ Chí Minh,https://finance.vietstock.vn/CHS-ctcp-chieu-sang-cong-cong-thanh-pho-ho-chi-minh.htm
5,UPCoM,Tư liệu sản xuất,CI5,CTCP Đầu Tư Xây dựng Số 5,https://finance.vietstock.vn/CI5-ctcp-dau-tu-xay-dung-so-5.htm
2,HNX,Vận tải,CIA,CTCP Dịch vụ Sân bay Quốc tế Cam Ranh,https://finance.vietstock.vn/CIA-ctcp-dich-vu-san-bay-quoc-te-cam-ranh.htm
5,UPCoM,Phát triển và quản lý bất động sản,CID,CTCP Xây dựng và Phát triển Cơ sở Hạ tầng,https://finance.vietstock.vn/CID-ctcp-xay-dung-va-phat-trien-co-so-ha-tang.htm
1,HOSE,Phát triển và quản lý bất động sản,CIG,CTCP COMA 18,https://finance.vietstock.vn/CIG-ctcp-coma-18.htm
1,HOSE,Tư liệu sản xuất,CII,CTCP Đầu tư Hạ tầng Kỹ thuật Thành phố Hồ Chí Minh,https://finance.vietstock.vn/CII-ctcp-dau-tu-ha-tang-ky-thuat-thanh-pho-ho-chi-minh.htm
5,UPCoM,Tư liệu sản xuất,CIP,CTCP Xây lắp và Sản xuất Công nghiệp,https://finance.vietstock.vn/CIP-ctcp-xay-lap-va-san-xuat-cong-nghiep.htm
2,HNX,Tư liệu sản xuất,CJC,CTCP Cơ điện Miền Trung,https://finance.vietstock.vn/CJC-ctcp-co-dien-mien-trung.htm
5,UPCoM,Vận tải,CK8,CTCP Cơ khí 120,https://finance.vietstock.vn/CK8-ctcp-co-khi-120.htm
5,UPCoM,Nguyên vật liệu,CKA,CTCP Cơ Khí An Giang,https://finance.vietstock.vn/CKA-ctcp-co-khi-an-giang.htm
5,UPCoM,Nguyên vật liệu,CKD,CTCP Cơ khí Đông Anh LICOGI,https://finance.vietstock.vn/CKD-ctcp-co-khi-dong-anh-licogi.htm
1,HOSE,Phát triển và quản lý bất động sản,CKG,CTCP Tập đoàn Tư vấn Đầu tư Xây dựng Kiên Giang,https://finance.vietstock.vn/CKG-ctcp-tap-doan-tu-van-dau-tu-xay-dung-kien-giang.htm
2,HNX,Dịch vụ viễn thông,CKV,CTCP COKYVINA,https://finance.vietstock.vn/CKV-ctcp-cokyvina.htm
1,HOSE,"Thực phẩm, đồ uống và thuốc lá",CLC,CTCP Cát Lợi,https://finance.vietstock.vn/CLC-ctcp-cat-loi.htm
5,UPCoM,Tư liệu sản xuất,CLG,CTCP Đầu tư và Phát triển Nhà đất COTEC,https://finance.vietstock.vn/CLG-ctcp-dau-tu-va-phat-trien-nha-dat-cotec.htm
2,HNX,Nguyên vật liệu,CLH,CTCP Xi măng La Hiên VVMI,https://finance.vietstock.vn/CLH-ctcp-xi-mang-la-hien-vvmi.htm
1,HOSE,Vận tải,CLL,CTCP Cảng Cát Lái,https://finance.vietstock.vn/CLL-ctcp-cang-cat-lai.htm
2,HNX,Năng lượng,CLM,CTCP Xuất nhập khẩu Than - Vinacomin,https://finance.vietstock.vn/CLM-ctcp-xuat-nhap-khau-than-vinacomin.htm
1,HOSE,Dịch vụ tiện ích,CLW,CTCP Cấp nước Chợ Lớn,https://finance.vietstock.vn/CLW-ctcp-cap-nuoc-cho-lon.htm
5,UPCoM,Phân phối và bán lẻ hàng lâu bền,CLX,CTCP Xuất nhập khẩu và Đầu tư Chợ Lớn (CHOLIMEX),https://finance.vietstock.vn/CLX-ctcp-xuat-nhap-khau-va-dau-tu-cho-lon-cholimex.htm
2,HNX,Phân phối và bán lẻ hàng lâu bền,CMC,CTCP Đầu tư CMC,https://finance.vietstock.vn/CMC-ctcp-dau-tu-cmc.htm
5,UPCoM,Phân phối và bán lẻ hàng lâu bền,CMD,CTCP Vật liệu Xây dựng và Trang trí nội thất Thành phố Hồ Chí Minh,https://finance.vietstock.vn/CMD-ctcp-vat-lieu-xay-dung-va-trang-tri-noi-that-thanh-pho-ho-chi-minh.htm
5,UPCoM,"Thực phẩm, đồ uống và thuốc lá",CMF,CTCP Thực phẩm Cholimex,https://finance.vietstock.vn/CMF-ctcp-thuc-pham-cholimex.htm
1,HOSE,Phần mềm và dịch vụ,CMG,CTCP Tập đoàn Công nghệ CMC,https://finance.vietstock.vn/CMG-ctcp-tap-doan-cong-nghe-cmc.htm
5,UPCoM,Nguyên vật liệu,CMI,CTCP CMISTONE Việt Nam,https://finance.vietstock.vn/CMI-ctcp-cmistone-viet-nam.htm
5,UPCoM,Phân phối và bán lẻ hàng lâu bền,CMK,CTCP Cơ khí Mạo Khê - Vinacomin,https://finance.vietstock.vn/CMK-ctcp-co-khi-mao-khe-vinacomin.htm
5,UPCoM,"Thực phẩm, đồ uống và thuốc lá",CMM,CTCP Camimex,https://finance.vietstock.vn/CMM-ctcp-camimex.htm
5,UPCoM,"Thực phẩm, đồ uống và thuốc lá",CMN,CTCP Lương thực Thực phẩm Colusa - Miliket,https://finance.vietstock.vn/CMN-ctcp-luong-thuc-thuc-pham-colusa-miliket.htm
5,UPCoM,Vận tải,CMP,CTCP Cảng Chân Mây,https://finance.vietstock.vn/CMP-ctcp-cang-chan-may.htm
2,HNX,Tư liệu sản xuất,CMS,CTCP Tập Đoàn CMH Việt Nam,https://finance.vietstock.vn/CMS-ctcp-tap-doan-cmh-viet-nam.htm
5,UPCoM,Phần mềm và dịch vụ,CMT,CTCP Công nghệ Mạng và Truyền thông,https://finance.vietstock.vn/CMT-ctcp-cong-nghe-mang-va-truyen-thong.htm
1,HOSE,Phân phối và bán lẻ hàng lâu bền,CMV,CTCP Thương nghiệp Cà Mau,https://finance.vietstock.vn/CMV-ctcp-thuong-nghiep-ca-mau.htm
5,UPCoM,Dịch vụ tiện ích,CMW,CTCP Cấp nước Cà Mau,https://finance.vietstock.vn/CMW-ctcp-cap-nuoc-ca-mau.htm
1,HOSE,"Thực phẩm, đồ uống và thuốc lá",CMX,CTCP Camimex Group,https://finance.vietstock.vn/CMX-ctcp-camimex-group.htm
5,UPCoM,"Thực phẩm, đồ uống và thuốc lá",CNA,CTCP Tổng Công ty Chè Nghệ An,https://finance.vietstock.vn/CNA-ctcp-tong-cong-ty-che-nghe-an.htm
5,UPCoM,Phân phối và bán lẻ hàng lâu bền,CNC,CTCP Công nghệ Cao Traphaco,https://finance.vietstock.vn/CNC-ctcp-cong-nghe-cao-traphaco.htm
1,HOSE,Dịch vụ tiện ích,CNG,CTCP CNG Việt Nam,https://finance.vietstock.vn/CNG-ctcp-cng-viet-nam.htm
5,UPCoM,Dịch vụ chuyên biệt và thương mại,CNN,CTCP Tư vấn Công nghệ Thiết bị và Kiểm Định Xây dựng - Coninco,https://finance.vietstock.vn/CNN-ctcp-tu-van-cong-nghe-thiet-bi-va-kiem-dinh-xay-dung-coninco.htm
5,UPCoM,Phân phối và bán lẻ hàng lâu bền,CNT,CTCP Tập đoàn CNT,https://finance.vietstock.vn/CNT-ctcp-tap-doan-cnt.htm
1,HOSE,Phân phối và bán lẻ hàng lâu bền,COM,CTCP Vật tư Xăng Dầu,https://finance.vietstock.vn/COM-ctcp-vat-tu-xang-dau.htm
5,UPCoM,"Thực phẩm, đồ uống và thuốc lá",CPA,CTCP Cà phê Phước An,https://finance.vietstock.vn/CPA-ctcp-ca-phe-phuoc-an.htm
2,HNX,Nguyên vật liệu,CPC,CTCP Thuốc sát trùng Cần Thơ,https://finance.vietstock.vn/CPC-ctcp-thuoc-sat-trung-can-tho.htm
5,UPCoM,Dịch vụ tiêu dùng,CPH,CTCP Phục vụ Mai táng Hải Phòng,https://finance.vietstock.vn/CPH-ctcp-phuc-vu-mai-tang-hai-phong.htm
5,UPCoM,Vận tải,CPI,CTCP Đầu tư Cảng Cái Lân,https://finance.vietstock.vn/CPI-ctcp-dau-tu-cang-cai-lan.htm
5,UPCoM,Vận tải,CQN,CTCP Cảng Quảng Ninh,https://finance.vietstock.vn/CQN-ctcp-cang-quang-ninh.htm
5,UPCoM,Nguyên vật liệu,CQT,CTCP Xi măng Quán Triều VVMI,https://finance.vietstock.vn/CQT-ctcp-xi-mang-quan-trieu-vvmi.htm
1,HOSE,Nguyên vật liệu,CRC,CTCP Create Capital Việt Nam,https://finance.vietstock.vn/CRC-ctcp-create-capital-viet-nam.htm
1,HOSE,Phát triển và quản lý bất động sản,CRE,CTCP Bất động sản Thế Kỷ,https://finance.vietstock.vn/CRE-ctcp-bat-dong-san-the-ky.htm
2,HNX,Phát triển và quản lý bất động sản,CSC,CTCP Tập đoàn COTANA,https://finance.vietstock.vn/CSC-ctcp-tap-doan-cotana.htm
5,UPCoM,Dịch vụ tài chính,CSI,CTCP Chứng khoán Kiến thiết Việt Nam,https://finance.vietstock.vn/CSI-ctcp-chung-khoan-kien-thiet-viet-nam.htm
1,HOSE,Xe và linh kiện,CSM,CTCP Công nghiệp Cao su Miền Nam,https://finance.vietstock.vn/CSM-ctcp-cong-nghiep-cao-su-mien-nam.htm
5,UPCoM,Năng lượng,CST,CTCP Than Cao Sơn - TKV,https://finance.vietstock.vn/CST-ctcp-than-cao-son-tkv.htm
1,HOSE,Nguyên vật liệu,CSV,CTCP Hóa chất Cơ bản Miền Nam,https://finance.vietstock.vn/CSV-ctcp-hoa-chat-co-ban-mien-nam.htm
5,UPCoM,Tư liệu sản xuất,CT3,CTCP Đầu tư và Xây dựng Công trình 3,https://finance.vietstock.vn/CT3-ctcp-dau-tu-va-xay-dung-cong-trinh-3.htm
5,UPCoM,Tư liệu sản xuất,CT6,CTCP Công trình 6,https://finance.vietstock.vn/CT6-ctcp-cong-trinh-6.htm
5,UPCoM,Nguyên vật liệu,CTA,CTCP Vinavico,https://finance.vietstock.vn/CTA-ctcp-vinavico.htm
2,HNX,Tư liệu sản xuất,CTB,CTCP Chế tạo Bơm Hải Dương,https://finance.vietstock.vn/CTB-ctcp-che-tao-bom-hai-duong.htm
2,HNX,Dịch vụ tiêu dùng,CTC,CTCP Tập đoàn Hoàng Kim Tây Nguyên,https://finance.vietstock.vn/CTC-ctcp-tap-doan-hoang-kim-tay-nguyen.htm
1,HOSE,Tư liệu sản xuất,CTD,CTCP Xây dựng Coteccons,https://finance.vietstock.vn/CTD-ctcp-xay-dung-coteccons.htm
1,HOSE,Phân phối và bán lẻ hàng lâu bền,CTF,CTCP City Auto,https://finance.vietstock.vn/CTF-ctcp-city-auto.htm
1,HOSE,Tổ chức tín dụng,CTG,Ngân hàng TMCP Công Thương Việt Nam,https://finance.vietstock.vn/CTG-ngan-hang-tmcp-cong-thuong-viet-nam.htm
1,HOSE,Tư liệu sản xuất,CTI,CTCP Đầu tư Phát triển Cường Thuận IDICO,https://finance.vietstock.vn/CTI-ctcp-dau-tu-phat-trien-cuong-thuan-idico.htm
5,UPCoM,Tư liệu sản xuất,CTN,CTCP Xây dựng Công trình ngầm,https://finance.vietstock.vn/CTN-ctcp-xay-dung-cong-trinh-ngam.htm
2,HNX,"Thực phẩm, đồ uống và thuốc lá",CTP,CTCP Minh Khang Capital Trading Public,https://finance.vietstock.vn/CTP-ctcp-minh-khang-capital-trading-public.htm
1,HOSE,Dịch vụ viễn thông,CTR,Tổng Công ty cổ phần Công trình Viettel,https://finance.vietstock.vn/CTR-tong-cong-ty-co-phan-cong-trinh-viettel.htm
1,HOSE,Dịch vụ tài chính,CTS,CTCP Chứng khoán Ngân hàng Công thương Việt Nam,https://finance.vietstock.vn/CTS-ctcp-chung-khoan-ngan-hang-cong-thuong-viet-nam.htm
2,HNX,Tư liệu sản xuất,CTT,CTCP Chế tạo Máy - Vinacomin,https://finance.vietstock.vn/CTT-ctcp-che-tao-may-vinacomin.htm
5,UPCoM,Dịch vụ tiện ích,CTW,CTCP Cấp thoát nước Cần Thơ,https://finance.vietstock.vn/CTW-ctcp-cap-thoat-nuoc-can-tho.htm
5,UPCoM,Tư liệu sản xuất,CTX,Tổng Công ty cổ phần Đầu tư Xây dựng và Thương mại Việt Nam,https://finance.vietstock.vn/CTX-tong-cong-ty-co-phan-dau-tu-xay-dung-va-thuong-mai-viet-nam.htm
2,HNX,"Thực phẩm, đồ uống và thuốc lá",CVN,CTCP Vinam,https://finance.vietstock.vn/CVN-ctcp-vinam.htm
1,HOSE,Nguyên vật liệu,CVT,CTCP CMC,https://finance.vietstock.vn/CVT-ctcp-cmc.htm
2,HNX,Tư liệu sản xuất,CX8,CTCP Đầu tư và Xây lắp Constrexim Số 8,https://finance.vietstock.vn/CX8-ctcp-dau-tu-va-xay-lap-constrexim-so-8.htm
5,UPCoM,Nguyên vật liệu,CYC,CTCP Gạch men Chang Yih,https://finance.vietstock.vn/CYC-ctcp-gach-men-chang-yih.htm
2,HNX,Phát triển và quản lý bất động sản,D11,CTCP Địa ốc 11,https://finance.vietstock.vn/D11-ctcp-dia-oc-11.htm
5,UPCoM,Phân phối và bán lẻ hàng lâu bền,D17,CTCP Đồng Tân,https://finance.vietstock.vn/D17-ctcp-dong-tan.htm
1,HOSE,Phát triển và quản lý bất động sản,D2D,CTCP Phát triển Đô thị Công nghiệp số 2,https://finance.vietstock.vn/D2D-ctcp-phat-trien-do-thi-cong-nghiep-so-2.htm
5,UPCoM,Nguyên vật liệu,DAC,CTCP 382 Đông Anh,https://finance.vietstock.vn/DAC-ctcp-382-dong-anh.htm
2,HNX,Truyền thông và giải trí,DAD,CTCP Đầu tư và Phát triển Giáo dục Đà Nẵng,https://finance.vietstock.vn/DAD-ctcp-dau-tu-va-phat-trien-giao-duc-da-nang.htm
2,HNX,Truyền thông và giải trí,DAE,CTCP Sách Giáo dục tại Thành phố Đà Nẵng,https://finance.vietstock.vn/DAE-ctcp-sach-giao-duc-tai-thanh-pho-da-nang.htm
1,HOSE,Nguyên vật liệu,DAG,CTCP Tập đoàn Nhựa Đông Á,https://finance.vietstock.vn/DAG-ctcp-tap-doan-nhua-dong-a.htm
1,HOSE,Dịch vụ tiêu dùng,DAH,CTCP Tập đoàn Khách sạn Đông Á,https://finance.vietstock.vn/DAH-ctcp-tap-doan-khach-san-dong-a.htm
5,UPCoM,"Dược phẩm, Công nghệ sinh học và Khoa học thường thức",DAN,CTCP Dược Danapha,https://finance.vietstock.vn/DAN-ctcp-duoc-danapha.htm
5,UPCoM,Phân phối và bán lẻ hàng lâu bền,DAS,CTCP Máy - Thiết bị Dầu khí Đà Nẵng,https://finance.vietstock.vn/DAS-ctcp-may-thiet-bi-dau-khi-da-nang.htm
1,HOSE,"Thực phẩm, đồ uống và thuốc lá",DAT,CTCP Đầu tư du lịch và Phát triển Thủy sản,https://finance.vietstock.vn/DAT-ctcp-dau-tu-du-lich-va-phat-trien-thuy-san.htm
1,HOSE,"Thực phẩm, đồ uống và thuốc lá",DBC,CTCP Tập đoàn Dabaco Việt Nam,https://finance.vietstock.vn/DBC-ctcp-tap-doan-dabaco-viet-nam.htm
1,HOSE,"Dược phẩm, Công nghệ sinh học và Khoa học thường thức",DBD,CTCP Dược - Trang thiết bị Y tế Bình Định (BIDIPHAR),https://finance.vietstock.vn/DBD-ctcp-duoc-trang-thiet-bi-y-te-binh-dinh-bidiphar.htm
5,UPCoM,"Dược phẩm, Công nghệ sinh học và Khoa học thường thức",DBM,CTCP Dược - Vật tư Y Tế Đăk Lăk,https://finance.vietstock.vn/DBM-ctcp-duoc-vat-tu-y-te-dak-lak.htm
1,HOSE,"Dược phẩm, Công nghệ sinh học và Khoa học thường thức",DBT,CTCP Dược phẩm Bến Tre,https://finance.vietstock.vn/DBT-ctcp-duoc-pham-ben-tre.htm
5,UPCoM,Tư liệu sản xuất,DC1,CTCP Đầu tư Phát triển Xây dựng Số 1,https://finance.vietstock.vn/DC1-ctcp-dau-tu-phat-trien-xay-dung-so-1.htm
2,HNX,Tư liệu sản xuất,DC2,CTCP Đầu tư - Phát triển - Xây dựng (DIC) Số 2,https://finance.vietstock.vn/DC2-ctcp-dau-tu-phat-trien-xay-dung-dic-so-2.htm
1,HOSE,Tư liệu sản xuất,DC4,CTCP Xây dựng DIC Holdings,https://finance.vietstock.vn/DC4-ctcp-xay-dung-dic-holdings.htm
5,UPCoM,Tư liệu sản xuất,DCF,CTCP Xây dựng và Thiết kế Số 1,https://finance.vietstock.vn/DCF-ctcp-xay-dung-va-thiet-ke-so-1.htm
5,UPCoM,Hàng tiêu dùng và trang trí,DCG,CTCP Tổng Công ty May Đáp Cầu,https://finance.vietstock.vn/DCG-ctcp-tong-cong-ty-may-dap-cau.htm
5,UPCoM,Dịch vụ chuyên biệt và thương mại,DCH,CTCP Địa chính Hà Nội,https://finance.vietstock.vn/DCH-ctcp-dia-chinh-ha-noi.htm
1,HOSE,"Dược phẩm, Công nghệ sinh học và Khoa học thường thức",DCL,CTCP Dược phẩm Cửu Long,https://finance.vietstock.vn/DCL-ctcp-duoc-pham-cuu-long.htm
1,HOSE,Nguyên vật liệu,DCM,CTCP Phân bón Dầu khí Cà Mau,https://finance.vietstock.vn/DCM-ctcp-phan-bon-dau-khi-ca-mau.htm
5,UPCoM,Nguyên vật liệu,DCR,CTCP Gạch men Cosevco,https://finance.vietstock.vn/DCR-ctcp-gach-men-cosevco.htm
5,UPCoM,Hàng tiêu dùng và trang trí,DCS,CTCP Tập đoàn Đại Châu,https://finance.vietstock.vn/DCS-ctcp-tap-doan-dai-chau.htm
5,UPCoM,Nguyên vật liệu,DCT,CTCP Tấm lợp Vật liệu Xây dựng Đồng Nai,https://finance.vietstock.vn/DCT-ctcp-tam-lop-vat-lieu-xay-dung-dong-nai.htm
2,HNX,Dịch vụ tiện ích,DDG,CTCP Đầu tư Công nghiệp Xuất nhập khẩu Đông Dương,https://finance.vietstock.vn/DDG-ctcp-dau-tu-cong-nghiep-xuat-nhap-khau-dong-duong.htm
5,UPCoM,Vận tải,DDH,CTCP Đảm bảo Giao thông Đường thủy Hải Phòng,https://finance.vietstock.vn/DDH-ctcp-dam-bao-giao-thong-duong-thuy-hai-phong.htm
5,UPCoM,Vận tải,DDM,CTCP Hàng Hải Đông Đô,https://finance.vietstock.vn/DDM-ctcp-hang-hai-dong-do.htm
5,UPCoM,Phân phối và bán lẻ hàng lâu bền,DDN,CTCP Dược và Thiết bị Y tế Đà Nẵng,https://finance.vietstock.vn/DDN-ctcp-duoc-va-thiet-bi-y-te-da-nang.htm
5,UPCoM,Nguyên vật liệu,DDV,CTCP DAP - VINACHEM,https://finance.vietstock.vn/DDV-ctcp-dap-vinachem.htm
5,UPCoM,Nguyên vật liệu,DFC,CTCP Xích líp Đông Anh,https://finance.vietstock.vn/DFC-ctcp-xich-lip-dong-anh.htm
5,UPCoM,Tư liệu sản xuất,DFF,CTCP Tập đoàn Đua Fat,https://finance.vietstock.vn/DFF-ctcp-tap-doan-dua-fat.htm
1,HOSE,Nguyên vật liệu,DGC,CTCP Tập đoàn Hóa chất Đức Giang,https://finance.vietstock.vn/DGC-ctcp-tap-doan-hoa-chat-duc-giang.htm
5,UPCoM,Tư liệu sản xuất,DGT,CTCP Công trình Giao thông Đồng Nai,https://finance.vietstock.vn/DGT-ctcp-cong-trinh-giao-thong-dong-nai.htm
1,HOSE,Phân phối và bán lẻ hàng lâu bền,DGW,CTCP Thế Giới Số,https://finance.vietstock.vn/DGW-ctcp-the-gioi-so.htm
1,HOSE,Nguyên vật liệu,DHA,CTCP Hóa An,https://finance.vietstock.vn/DHA-ctcp-hoa-an.htm
5,UPCoM,Nguyên vật liệu,DHB,CTCP Phân đạm và Hóa chất Hà Bắc,https://finance.vietstock.vn/DHB-ctcp-phan-dam-va-hoa-chat-ha-bac.htm
1,HOSE,Nguyên vật liệu,DHC,CTCP Đông Hải Bến Tre,https://finance.vietstock.vn/DHC-ctcp-dong-hai-ben-tre.htm
5,UPCoM,"Dược phẩm, Công nghệ sinh học và Khoa học thường thức",DHD,CTCP Dược Vật tư Y tế Hải Dương,https://finance.vietstock.vn/DHD-ctcp-duoc-vat-tu-y-te-hai-duong.htm
1,HOSE,"Dược phẩm, Công nghệ sinh học và Khoa học thường thức",DHG,CTCP Dược Hậu Giang,https://finance.vietstock.vn/DHG-ctcp-duoc-hau-giang.htm
1,HOSE,Nguyên vật liệu,DHM,CTCP Thương mại và Khai thác Khoáng sản Dương Hiếu,https://finance.vietstock.vn/DHM-ctcp-thuong-mai-va-khai-thac-khoang-san-duong-hieu.htm
5,UPCoM,"Dược phẩm, Công nghệ sinh học và Khoa học thường thức",DHN,CTCP Dược phẩm Hà Nội,https://finance.vietstock.vn/DHN-ctcp-duoc-pham-ha-noi.htm
2,HNX,Hàng tiêu dùng và trang trí,DHP,CTCP Điện cơ Hải Phòng,https://finance.vietstock.vn/DHP-ctcp-dien-co-hai-phong.htm
2,HNX,"Dược phẩm, Công nghệ sinh học và Khoa học thường thức",DHT,CTCP Dược phẩm Hà Tây,https://finance.vietstock.vn/DHT-ctcp-duoc-pham-ha-tay.htm
5,UPCoM,Phân phối và bán lẻ hàng lâu bền,DIC,CTCP Đầu tư và Thương mại DIC,https://finance.vietstock.vn/DIC-ctcp-dau-tu-va-thuong-mai-dic.htm
5,UPCoM,Nguyên vật liệu,DID,CTCP DIC - Đồng Tiến,https://finance.vietstock.vn/DID-ctcp-dic-dong-tien.htm
1,HOSE,Phát triển và quản lý bất động sản,DIG,Tổng Công ty cổ phần Đầu tư Phát triển Xây dựng,https://finance.vietstock.vn/DIG-tong-cong-ty-co-phan-dau-tu-phat-trien-xay-dung.htm
2,HNX,Tư liệu sản xuất,DIH,CTCP Đầu tư Phát triển Xây dựng - Hội An,https://finance.vietstock.vn/DIH-ctcp-dau-tu-phat-trien-xay-dung-hoi-an.htm
5,UPCoM,Phát triển và quản lý bất động sản,DKC,CTCP Chợ Lạng Sơn,https://finance.vietstock.vn/DKC-ctcp-cho-lang-son.htm
2,HNX,Vận tải,DL1,CTCP Tập đoàn Alpha Seven,https://finance.vietstock.vn/DL1-ctcp-tap-doan-alpha-seven.htm
5,UPCoM,Dịch vụ tiêu dùng,DLD,CTCP Du lịch Đắk Lắk,https://finance.vietstock.vn/DLD-ctcp-du-lich-dak-lak.htm
1,HOSE,Tư liệu sản xuất,DLG,CTCP Tập đoàn Đức Long Gia Lai,https://finance.vietstock.vn/DLG-ctcp-tap-doan-duc-long-gia-lai.htm
5,UPCoM,Tư liệu sản xuất,DLR,CTCP Địa ốc Đà Lạt,https://finance.vietstock.vn/DLR-ctcp-dia-oc-da-lat.htm
5,UPCoM,Dịch vụ tiêu dùng,DLT,CTCP Du lịch và Thương mại - Vinacomin,https://finance.vietstock.vn/DLT-ctcp-du-lich-va-thuong-mai-vinacomin.htm
5,UPCoM,Hàng tiêu dùng và trang trí,DM7,CTCP Dệt May 7,https://finance.vietstock.vn/DM7-ctcp-det-may-7.htm
1,HOSE,"Dược phẩm, Công nghệ sinh học và Khoa học thường thức",DMC,CTCP Xuất nhập khẩu Y Tế Domesco,https://finance.vietstock.vn/DMC-ctcp-xuat-nhap-khau-y-te-domesco.htm
5,UPCoM,"Thực phẩm, đồ uống và thuốc lá",DMN,CTCP Domenal,https://finance.vietstock.vn/DMN-ctcp-domenal.htm
5,UPCoM,Đồ gia dụng và cá nhân,DMS,CTCP Hóa phẩm Dầu khí DMC - Miền Nam,https://finance.vietstock.vn/DMS-ctcp-hoa-pham-dau-khi-dmc-mien-nam.htm
5,UPCoM,Dịch vụ tiện ích,DNA,CTCP Điện Nước An Giang,https://finance.vietstock.vn/DNA-ctcp-dien-nuoc-an-giang.htm
2,HNX,Dịch vụ tiện ích,DNC,CTCP Điện Nước Lắp máy Hải Phòng,https://finance.vietstock.vn/DNC-ctcp-dien-nuoc-lap-may-hai-phong.htm
5,UPCoM,Nguyên vật liệu,DND,CTCP Đầu tư Xây dựng và Vật liệu Đồng Nai,https://finance.vietstock.vn/DND-ctcp-dau-tu-xay-dung-va-vat-lieu-dong-nai.htm
5,UPCoM,Dịch vụ tiện ích,DNE,CTCP Môi trường Đô thị Đà Nẵng,https://finance.vietstock.vn/DNE-ctcp-moi-truong-do-thi-da-nang.htm
5,UPCoM,Dịch vụ tiện ích,DNH,CTCP Thủy điện Đa Nhim - Hàm Thuận - Đa Mi,https://finance.vietstock.vn/DNH-ctcp-thuy-dien-da-nhim-ham-thuan-da-mi.htm
5,UPCoM,Vận tải,DNL,CTCP Logistics Cảng Đà Nẵng,https://finance.vietstock.vn/DNL-ctcp-logistics-cang-da-nang.htm
5,UPCoM,Dịch vụ và thiết bị chăm sóc sức khỏe,DNM,Tổng Công ty cổ phần Y tế DANAMECO,https://finance.vietstock.vn/DNM-tong-cong-ty-co-phan-y-te-danameco.htm
5,UPCoM,Dịch vụ tiện ích,DNN,CTCP Cấp nước Đà Nẵng,https://finance.vietstock.vn/DNN-ctcp-cap-nuoc-da-nang.htm
2,HNX,Nguyên vật liệu,DNP,CTCP DNP Holding,https://finance.vietstock.vn/DNP-ctcp-dnp-holding.htm
5,UPCoM,Dịch vụ tiêu dùng,DNT,CTCP Du lịch Đồng Nai,https://finance.vietstock.vn/DNT-ctcp-du-lich-dong-nai.htm
5,UPCoM,Dịch vụ tiện ích,DNW,CTCP Cấp nước Đồng Nai,https://finance.vietstock.vn/DNW-ctcp-cap-nuoc-dong-nai.htm
5,UPCoM,Nguyên vật liệu,DOC,CTCP Vật tư Nông Nghiệp Đồng Nai,https://finance.vietstock.vn/DOC-ctcp-vat-tu-nong-nghiep-dong-nai.htm
5,UPCoM,Vận tải,DOP,CTCP Vận tải Xăng dầu Đồng Tháp,https://finance.vietstock.vn/DOP-ctcp-van-tai-xang-dau-dong-thap.htm
5,UPCoM,Phân phối và bán lẻ hàng lâu bền,DP1,CTCP Dược phẩm Trung ương CPC1,https://finance.vietstock.vn/DP1-ctcp-duoc-pham-trung-uong-cpc1.htm
5,UPCoM,"Dược phẩm, Công nghệ sinh học và Khoa học thường thức",DP2,CTCP Dược phẩm Trung ương 2,https://finance.vietstock.vn/DP2-ctcp-duoc-pham-trung-uong-2.htm
2,HNX,"Dược phẩm, Công nghệ sinh học và Khoa học thường thức",DP3,CTCP Dược phẩm Trung ương 3,https://finance.vietstock.vn/DP3-ctcp-duoc-pham-trung-uong-3.htm
5,UPCoM,Nguyên vật liệu,DPC,CTCP Nhựa Đà Nẵng,https://finance.vietstock.vn/DPC-ctcp-nhua-da-nang.htm
1,HOSE,Tư liệu sản xuất,DPG,CTCP Tập đoàn Đạt Phương,https://finance.vietstock.vn/DPG-ctcp-tap-doan-dat-phuong.htm
5,UPCoM,"Dược phẩm, Công nghệ sinh học và Khoa học thường thức",DPH,CTCP Dược phẩm Hải Phòng,https://finance.vietstock.vn/DPH-ctcp-duoc-pham-hai-phong.htm
1,HOSE,Nguyên vật liệu,DPM,Tổng Công ty Phân bón và Hóa chất Dầu khí - CTCP,https://finance.vietstock.vn/DPM-tong-cong-ty-phan-bon-va-hoa-chat-dau-khi-ctcp.htm
5,UPCoM,Phân phối và bán lẻ hàng lâu bền,DPP,CTCP Dược Đồng Nai,https://finance.vietstock.vn/DPP-ctcp-duoc-dong-nai.htm
1,HOSE,Nguyên vật liệu,DPR,CTCP Cao su Đồng Phú,https://finance.vietstock.vn/DPR-ctcp-cao-su-dong-phu.htm
2,HNX,Truyền thông và giải trí,ECI,CTCP Tập Đoàn ECI,https://finance.vietstock.vn/ECI-ctcp-tap-doan-eci.htm
5,UPCoM,Phân phối và bán lẻ hàng lâu bền,DPS,CTCP Đầu tư Phát triển Sóc Sơn,https://finance.vietstock.vn/DPS-ctcp-dau-tu-phat-trien-soc-son.htm
1,HOSE,Hàng tiêu dùng và trang trí,DQC,CTCP Tập đoàn Điện Quang,https://finance.vietstock.vn/DQC-ctcp-tap-doan-dien-quang.htm
1,HOSE,Xe và linh kiện,DRC,CTCP Cao su Đà Nẵng,https://finance.vietstock.vn/DRC-ctcp-cao-su-da-nang.htm
5,UPCoM,Nguyên vật liệu,DRG,CTCP Cao su Đắk Lắk,https://finance.vietstock.vn/DRG-ctcp-cao-su-dak-lak.htm
1,HOSE,Phát triển và quản lý bất động sản,DRH,CTCP DRH Holdings,https://finance.vietstock.vn/DRH-ctcp-drh-holdings.htm
5,UPCoM,Nguyên vật liệu,DRI,CTCP Đầu tư Cao su Đắk Lắk,https://finance.vietstock.vn/DRI-ctcp-dau-tu-cao-su-dak-lak.htm
1,HOSE,Dịch vụ tiện ích,DRL,CTCP Thủy điện - Điện Lực 3,https://finance.vietstock.vn/DRL-ctcp-thuy-dien-dien-luc-3.htm
2,HNX,Vận tải,DS3,CTCP Quản lý Đường sông Số 3,https://finance.vietstock.vn/DS3-ctcp-quan-ly-duong-song-so-3.htm
5,UPCoM,Dịch vụ tiêu dùng,DSD,CTCP DHC Suối Đôi,https://finance.vietstock.vn/DSD-ctcp-dhc-suoi-doi.htm
1,HOSE,Dịch vụ tài chính,DSE,CTCP Chứng khoán DNSE,https://finance.vietstock.vn/DSE-ctcp-chung-khoan-dnse.htm
5,UPCoM,Hàng tiêu dùng và trang trí,DSG,CTCP Kính Đáp Cầu,https://finance.vietstock.vn/DSG-ctcp-kinh-dap-cau.htm
1,HOSE,Dịch vụ tiêu dùng,DSN,CTCP Công viên nước Đầm Sen,https://finance.vietstock.vn/DSN-ctcp-cong-vien-nuoc-dam-sen.htm
5,UPCoM,Dịch vụ tiêu dùng,DSP,CTCP Dịch vụ Du lịch Phú Thọ,https://finance.vietstock.vn/DSP-ctcp-dich-vu-du-lich-phu-tho.htm
2,HNX,Truyền thông và giải trí,DST,CTCP Đầu tư Sao Thăng Long,https://finance.vietstock.vn/DST-ctcp-dau-tu-sao-thang-long.htm
1,HOSE,Phát triển và quản lý bất động sản,DTA,CTCP Đệ Tam,https://finance.vietstock.vn/DTA-ctcp-de-tam.htm
5,UPCoM,Dịch vụ chuyên biệt và thương mại,DTB,CTCP Công trình Đô thị Bảo Lộc,https://finance.vietstock.vn/DTB-ctcp-cong-trinh-do-thi-bao-loc.htm
2,HNX,Nguyên vật liệu,DTC,CTCP Viglacera Đông Triều,https://finance.vietstock.vn/DTC-ctcp-viglacera-dong-trieu.htm
2,HNX,Phát triển và quản lý bất động sản,DTD,CTCP Đầu tư Phát triển Thành Đạt,https://finance.vietstock.vn/DTD-ctcp-dau-tu-phat-trien-thanh-dat.htm
5,UPCoM,Dịch vụ tiện ích,DTE,CTCP Đầu tư Năng lượng Đại Trường Thành Holdings,https://finance.vietstock.vn/DTE-ctcp-dau-tu-nang-luong-dai-truong-thanh-holdings.htm
2,HNX,"Dược phẩm, Công nghệ sinh học và Khoa học thường thức",DTG,CTCP Dược phẩm Tipharco,https://finance.vietstock.vn/DTG-ctcp-duoc-pham-tipharco.htm
5,UPCoM,"Dược phẩm, Công nghệ sinh học và Khoa học thường thức",DTH,CTCP Dược Vật tư Y Tế Thanh Hóa,https://finance.vietstock.vn/DTH-ctcp-duoc-vat-tu-y-te-thanh-hoa.htm
5,UPCoM,Phát triển và quản lý bất động sản,DTI,CTCP Đầu tư Đức Trung,https://finance.vietstock.vn/DTI-ctcp-dau-tu-duc-trung.htm
2,HNX,Dịch vụ tiện ích,DTK,Tổng Công ty Điện lực TKV - CTCP,https://finance.vietstock.vn/DTK-tong-cong-ty-dien-luc-tkv-ctcp.htm
1,HOSE,Nguyên vật liệu,DTL,CTCP Đại Thiên Lộc,https://finance.vietstock.vn/DTL-ctcp-dai-thien-loc.htm
5,UPCoM,"Dược phẩm, Công nghệ sinh học và Khoa học thường thức",DTP,CTCP Dược phẩm CPC1 Hà Nội,https://finance.vietstock.vn/DTP-ctcp-duoc-pham-cpc1-ha-noi.htm
1,HOSE,Nguyên vật liệu,DTT,CTCP Kỹ nghệ Đô Thành,https://finance.vietstock.vn/DTT-ctcp-ky-nghe-do-thanh.htm
5,UPCoM,Dịch vụ chuyên biệt và thương mại,DUS,CTCP Dịch vụ Đô thị Đà Lạt,https://finance.vietstock.vn/DUS-ctcp-dich-vu-do-thi-da-lat.htm
5,UPCoM,Phân phối và bán lẻ hàng lâu bền,DVC,CTCP Thương mại Dịch vụ Tổng hợp Cảng Hải Phòng,https://finance.vietstock.vn/DVC-ctcp-thuong-mai-dich-vu-tong-hop-cang-hai-phong.htm
5,UPCoM,Nguyên vật liệu,DVG,CTCP Đại Việt Group DVG,https://finance.vietstock.vn/DVG-ctcp-dai-viet-group-dvg.htm
2,HNX,"Dược phẩm, Công nghệ sinh học và Khoa học thường thức",DVM,CTCP Dược liệu Việt Nam,https://finance.vietstock.vn/DVM-ctcp-duoc-lieu-viet-nam.htm
5,UPCoM,"Dược phẩm, Công nghệ sinh học và Khoa học thường thức",DVN,Tổng Công ty Dược Việt Nam - CTCP,https://finance.vietstock.vn/DVN-tong-cong-ty-duoc-viet-nam-ctcp.htm
1,HOSE,Vận tải,DVP,CTCP Đầu tư và Phát triển Cảng Đình Vũ,https://finance.vietstock.vn/DVP-ctcp-dau-tu-va-phat-trien-cang-dinh-vu.htm
5,UPCoM,Tư liệu sản xuất,DVW,CTCP Dịch vụ và Xây dựng Cấp nước Đồng Nai,https://finance.vietstock.vn/DVW-ctcp-dich-vu-va-xay-dung-cap-nuoc-dong-nai.htm
5,UPCoM,Dịch vụ tiện ích,DWC,CTCP Cấp nước Đắk Lắk,https://finance.vietstock.vn/DWC-ctcp-cap-nuoc-dak-lak.htm
5,UPCoM,Dịch vụ tiện ích,DWS,CTCP Cấp nước và Môi trường đô thị Đồng Tháp,https://finance.vietstock.vn/DWS-ctcp-cap-nuoc-va-moi-truong-do-thi-dong-thap.htm
1,HOSE,Phát triển và quản lý bất động sản,DXG,CTCP Tập đoàn Đất Xanh,https://finance.vietstock.vn/DXG-ctcp-tap-doan-dat-xanh.htm
5,UPCoM,Dịch vụ tiêu dùng,DXL,CTCP Du Lịch và Xuất nhập khẩu Lạng Sơn,https://finance.vietstock.vn/DXL-ctcp-du-lich-va-xuat-nhap-khau-lang-son.htm
2,HNX,Vận tải,DXP,CTCP Cảng Đoạn Xá,https://finance.vietstock.vn/DXP-ctcp-cang-doan-xa.htm
1,HOSE,Phát triển và quản lý bất động sản,DXS,CTCP Dịch vụ Bất động sản Đất Xanh,https://finance.vietstock.vn/DXS-ctcp-dich-vu-bat-dong-san-dat-xanh.htm
1,HOSE,Nguyên vật liệu,DXV,CTCP VICEM Vật liệu Xây dựng Đà Nẵng,https://finance.vietstock.vn/DXV-ctcp-vicem-vat-lieu-xay-dung-da-nang.htm
5,UPCoM,Tư liệu sản xuất,DZM,CTCP Cơ điện Dzĩ An,https://finance.vietstock.vn/DZM-ctcp-co-dien-dzi-an.htm
5,UPCoM,Tư liệu sản xuất,E12,CTCP Xây dựng Điện VNECO12,https://finance.vietstock.vn/E12-ctcp-xay-dung-dien-vneco12.htm
1,HOSE,Dịch vụ tài chính,E1VFVN30,Quỹ ETF DCVFMVN30,https://finance.vietstock.vn/E1VFVN30-quy-etf-dcvfmvn30.htm
5,UPCoM,Tư liệu sản xuất,E29,CTCP Đầu tư Xây dựng và Kỹ thuật 29,https://finance.vietstock.vn/E29-ctcp-dau-tu-xay-dung-va-ky-thuat-29.htm
2,HNX,Truyền thông và giải trí,EBS,CTCP Sách Giáo dục tại Thành phố Hà Nội,https://finance.vietstock.vn/EBS-ctcp-sach-giao-duc-tai-thanh-pho-ha-noi.htm
5,UPCoM,Nguyên vật liệu,ECO,CTCP Nhựa sinh thái Việt Nam,https://finance.vietstock.vn/ECO-ctcp-nhua-sinh-thai-viet-nam.htm
5,UPCoM,Dịch vụ tài chính,EFI,CTCP Đầu tư Tài chính Giáo dục,https://finance.vietstock.vn/EFI-ctcp-dau-tu-tai-chinh-giao-duc.htm
1,HOSE,Tổ chức tín dụng,EIB,Ngân hàng TMCP Xuất nhập khẩu Việt Nam,https://finance.vietstock.vn/EIB-ngan-hang-tmcp-xuat-nhap-khau-viet-nam.htm
5,UPCoM,Dịch vụ tiện ích,EIC,CTCP EVN Quốc tế,https://finance.vietstock.vn/EIC-ctcp-evn-quoc-te.htm
2,HNX,Truyền thông và giải trí,EID,CTCP Đầu tư và Phát triển Giáo dục Hà Nội,https://finance.vietstock.vn/EID-ctcp-dau-tu-va-phat-trien-giao-duc-ha-noi.htm
5,UPCoM,Dịch vụ tiêu dùng,EIN,CTCP Đầu tư - Thương mại - Dịch vụ Điện Lực,https://finance.vietstock.vn/EIN-ctcp-dau-tu-thuong-mai-dich-vu-dien-luc.htm
1,HOSE,Dịch vụ viễn thông,ELC,CTCP Công Nghệ - Viễn Thông Elcom,https://finance.vietstock.vn/ELC-ctcp-cong-nghe-vien-thong-elcom.htm
5,UPCoM,Nguyên vật liệu,EME,CTCP Điện cơ,https://finance.vietstock.vn/EME-ctcp-dien-co.htm
5,UPCoM,Tư liệu sản xuất,EMG,CTCP Thiết bị Phụ Tùng Cơ Điện,https://finance.vietstock.vn/EMG-ctcp-thiet-bi-phu-tung-co-dien.htm
5,UPCoM,Vận tải,EMS,Tổng Công ty Chuyển phát nhanh Bưu Điện - CTCP,https://finance.vietstock.vn/EMS-tong-cong-ty-chuyen-phat-nhanh-buu-dien-ctcp.htm
5,UPCoM,"Thực phẩm, đồ uống và thuốc lá",EPC,CTCP Cà phê Ea Pốk,https://finance.vietstock.vn/EPC-ctcp-ca-phe-ea-pok.htm
5,UPCoM,Truyền thông và giải trí,EPH,CTCP Dịch vụ Xuất bản Giáo dục Hà Nội,https://finance.vietstock.vn/EPH-ctcp-dich-vu-xuat-ban-giao-duc-ha-noi.htm
1,HOSE,Hàng tiêu dùng và trang trí,EVE,CTCP Everpia,https://finance.vietstock.vn/EVE-ctcp-everpia.htm
1,HOSE,Tổ chức tín dụng,EVF,Công ty Tài chính Cổ phần Điện lực,https://finance.vietstock.vn/EVF-cong-ty-tai-chinh-co-phan-dien-luc.htm
1,HOSE,Phát triển và quản lý bất động sản,EVG,CTCP Tập đoàn EverLand,https://finance.vietstock.vn/EVG-ctcp-tap-doan-everland.htm
2,HNX,Dịch vụ tài chính,EVS,CTCP Chứng khoán Everest,https://finance.vietstock.vn/EVS-ctcp-chung-khoan-everest.htm
5,UPCoM,Phân phối và bán lẻ hàng lâu bền,FBA,CTCP Tập đoàn Quốc tế FBA,https://finance.vietstock.vn/FBA-ctcp-tap-doan-quoc-te-fba.htm
5,UPCoM,Xe và linh kiện,FBC,CTCP Cơ khí Phổ Yên,https://finance.vietstock.vn/FBC-ctcp-co-khi-pho-yen.htm
5,UPCoM,"Thực phẩm, đồ uống và thuốc lá",FCC,CTCP Liên hợp Thực phẩm,https://finance.vietstock.vn/FCC-ctcp-lien-hop-thuc-pham.htm
1,HOSE,Nguyên vật liệu,FCM,CTCP Khoáng sản FECON,https://finance.vietstock.vn/FCM-ctcp-khoang-san-fecon.htm
1,HOSE,Tư liệu sản xuất,FCN,CTCP FECON,https://finance.vietstock.vn/FCN-ctcp-fecon.htm
5,UPCoM,"Thực phẩm, đồ uống và thuốc lá",FCS,CTCP Lương thực Thành phố Hồ Chí Minh,https://finance.vietstock.vn/FCS-ctcp-luong-thuc-thanh-pho-ho-chi-minh.htm
1,HOSE,Phát triển và quản lý bất động sản,FDC,CTCP Ngoại thương và  Phát triển Đầu tư Thành phố Hồ Chí Minh,https://finance.vietstock.vn/FDC-ctcp-ngoai-thuong-va-phat-trien-dau-tu-thanh-pho-ho-chi-minh.htm
5,UPCoM,"Thực phẩm, đồ uống và thuốc lá",FGL,CTCP Cà phê Gia Lai,https://finance.vietstock.vn/FGL-ctcp-ca-phe-gia-lai.htm
5,UPCoM,"Thực phẩm, đồ uống và thuốc lá",FHN,CTCP Xuất nhập khẩu Lương thực Thực phẩm Hà Nội,https://finance.vietstock.vn/FHN-ctcp-xuat-nhap-khau-luong-thuc-thuc-pham-ha-noi.htm
5,UPCoM,Phân phối và bán lẻ hàng lâu bền,FHS,CTCP Phát hành Sách Thành phố Hồ Chí Minh,https://finance.vietstock.vn/FHS-ctcp-phat-hanh-sach-thanh-pho-ho-chi-minh.htm
5,UPCoM,Nguyên vật liệu,FIC,Tổng Công ty Vật liệu Xây dựng số 1 - CTCP,https://finance.vietstock.vn/FIC-tong-cong-ty-vat-lieu-xay-dung-so-1-ctcp.htm
2,HNX,Phân phối và bán lẻ hàng lâu bền,FID,CTCP Đầu tư và Phát triển Doanh nghiệp Việt Nam,https://finance.vietstock.vn/FID-ctcp-dau-tu-va-phat-trien-doanh-nghiep-viet-nam.htm
1,HOSE,Phát triển và quản lý bất động sản,FIR,CTCP Địa ốc First Real,https://finance.vietstock.vn/FIR-ctcp-dia-oc-first-real.htm
1,HOSE,"Dược phẩm, Công nghệ sinh học và Khoa học thường thức",FIT,CTCP Tập đoàn F.I.T,https://finance.vietstock.vn/FIT-ctcp-tap-doan-f-i-t.htm
5,UPCoM,Phát triển và quản lý bất động sản,FLC,CTCP Tập đoàn FLC,https://finance.vietstock.vn/FLC-ctcp-tap-doan-flc.htm
1,HOSE,"Thực phẩm, đồ uống và thuốc lá",FMC,CTCP Thực phẩm Sao Ta,https://finance.vietstock.vn/FMC-ctcp-thuc-pham-sao-ta.htm
5,UPCoM,Dịch vụ viễn thông,FOC,CTCP Dịch vụ Trực tuyến FPT,https://finance.vietstock.vn/FOC-ctcp-dich-vu-truc-tuyen-fpt.htm
5,UPCoM,Dịch vụ viễn thông,FOX,CTCP Viễn thông FPT,https://finance.vietstock.vn/FOX-ctcp-vien-thong-fpt.htm
1,HOSE,Phần mềm và dịch vụ,FPT,CTCP FPT,https://finance.vietstock.vn/FPT-ctcp-fpt.htm
5,UPCoM,Nguyên vật liệu,FRC,CTCP Lâm đặc sản Xuất khẩu Quảng Nam,https://finance.vietstock.vn/FRC-ctcp-lam-dac-san-xuat-khau-quang-nam.htm
5,UPCoM,Nguyên vật liệu,FRM,CTCP Lâm Nghiệp Sài Gòn,https://finance.vietstock.vn/FRM-ctcp-lam-nghiep-sai-gon.htm
1,HOSE,Phân phối và bán lẻ hàng lâu bền,FRT,CTCP Bán lẻ Kỹ thuật số FPT,https://finance.vietstock.vn/FRT-ctcp-ban-le-ky-thuat-so-fpt.htm
5,UPCoM,Tư liệu sản xuất,FSO,CTCP Cơ khí đóng tàu Thủy sản Việt Nam,https://finance.vietstock.vn/FSO-ctcp-co-khi-dong-tau-thuy-san-viet-nam.htm
5,UPCoM,Tư liệu sản xuất,FT1,CTCP Phụ tùng Máy số 1,https://finance.vietstock.vn/FT1-ctcp-phu-tung-may-so-1.htm
5,UPCoM,Phát triển và quản lý bất động sản,FTI,CTCP Công nghiệp - Thương mại Hữu Nghị,https://finance.vietstock.vn/FTI-ctcp-cong-nghiep-thuong-mai-huu-nghi.htm
5,UPCoM,Hàng tiêu dùng và trang trí,FTM,CTCP Đầu tư và Phát triển Đức Quân,https://finance.vietstock.vn/FTM-ctcp-dau-tu-va-phat-trien-duc-quan.htm
1,HOSE,Dịch vụ tài chính,FTS,CTCP Chứng khoán FPT,https://finance.vietstock.vn/FTS-ctcp-chung-khoan-fpt.htm
1,HOSE,Dịch vụ tài chính,FUCTVGF3,Quỹ Đầu tư Tăng trưởng Thiên Việt 3,https://finance.vietstock.vn/FUCTVGF3-quy-dau-tu-tang-truong-thien-viet-3.htm
5,UPCoM,Dịch vụ tiện ích,GSM,CTCP Thủy điện Hương Sơn,https://finance.vietstock.vn/GSM-ctcp-thuy-dien-huong-son.htm
1,HOSE,Dịch vụ tài chính,FUCTVGF4,Quỹ Đầu tư Tăng trưởng Thiên Việt 4,https://finance.vietstock.vn/FUCTVGF4-quy-dau-tu-tang-truong-thien-viet-4.htm
1,HOSE,Dịch vụ tài chính,FUCTVGF5,Quỹ đầu tư tăng trưởng Thiên Việt 5,https://finance.vietstock.vn/FUCTVGF5-quy-dau-tu-tang-truong-thien-viet-5.htm
1,HOSE,Dịch vụ tài chính,FUCVREIT,Quỹ đầu tư Bất động sản Techcom Việt Nam,https://finance.vietstock.vn/FUCVREIT-quy-dau-tu-bat-dong-san-techcom-viet-nam.htm
1,HOSE,Dịch vụ tài chính,FUEABVND,Chứng chỉ Quỹ ETF ABFVN DIAMOND,https://finance.vietstock.vn/FUEABVND-chung-chi-quy-etf-abfvn-diamond.htm
1,HOSE,Dịch vụ tài chính,FUEBFVND,Chứng chỉ Quỹ ETF BVFVN DIAMOND,https://finance.vietstock.vn/FUEBFVND-chung-chi-quy-etf-bvfvn-diamond.htm
1,HOSE,Dịch vụ tài chính,FUEDCMID,Chứng chỉ Quỹ ETF DCVFMVNMIDCAP,https://finance.vietstock.vn/FUEDCMID-chung-chi-quy-etf-dcvfmvnmidcap.htm
1,HOSE,Dịch vụ tài chính,FUEFCV50,Chứng chỉ Quỹ ETF FPT CAPITAL VNX50,https://finance.vietstock.vn/FUEFCV50-chung-chi-quy-etf-fpt-capital-vnx50.htm
1,HOSE,Dịch vụ tài chính,FUEIP100,Chứng chỉ Quỹ ETF IPAAM VN100,https://finance.vietstock.vn/FUEIP100-chung-chi-quy-etf-ipaam-vn100.htm
1,HOSE,Dịch vụ tài chính,FUEKIV30,Chứng chỉ Quỹ ETF KIM GROWTH VN30,https://finance.vietstock.vn/FUEKIV30-chung-chi-quy-etf-kim-growth-vn30.htm
1,HOSE,Dịch vụ tài chính,FUEKIVFS,Chứng chỉ Quỹ ETF Kim Growth VNFINSELECT,https://finance.vietstock.vn/FUEKIVFS-chung-chi-quy-etf-kim-growth-vnfinselect.htm
1,HOSE,Dịch vụ tài chính,FUEKIVND,Chứng chỉ Quỹ ETF KIM GROWTH VN DIAMOND,https://finance.vietstock.vn/FUEKIVND-chung-chi-quy-etf-kim-growth-vn-diamond.htm
1,HOSE,Dịch vụ tài chính,FUEMAV30,Quỹ ETF MAFM VN30,https://finance.vietstock.vn/FUEMAV30-quy-etf-mafm-vn30.htm
1,HOSE,Dịch vụ tài chính,FUEMAVND,Chứng chỉ Quỹ ETF MAFM VNDIAMOND,https://finance.vietstock.vn/FUEMAVND-chung-chi-quy-etf-mafm-vndiamond.htm
1,HOSE,Dịch vụ tài chính,FUESSV30,Quỹ ETF SSIAM VN30,https://finance.vietstock.vn/FUESSV30-quy-etf-ssiam-vn30.htm
1,HOSE,Dịch vụ tài chính,FUESSV50,Quỹ ETF SSIAM VNX50,https://finance.vietstock.vn/FUESSV50-quy-etf-ssiam-vnx50.htm
1,HOSE,Dịch vụ tài chính,FUESSVFL,Quỹ ETF SSIAM VNFIN LEAD,https://finance.vietstock.vn/FUESSVFL-quy-etf-ssiam-vnfin-lead.htm
1,HOSE,Dịch vụ tài chính,FUEVFVND,Quỹ ETF DCVFMVN DIAMOND,https://finance.vietstock.vn/FUEVFVND-quy-etf-dcvfmvn-diamond.htm
1,HOSE,Dịch vụ tài chính,FUEVN100,Quỹ ETF VINACAPITAL VN100,https://finance.vietstock.vn/FUEVN100-quy-etf-vinacapital-vn100.htm
5,UPCoM,Hàng tiêu dùng và trang trí,G20,CTCP Đầu tư Dệt may Vĩnh Phúc,https://finance.vietstock.vn/G20-ctcp-dau-tu-det-may-vinh-phuc.htm
5,UPCoM,Tư liệu sản xuất,G36,Tổng Công ty 36 - CTCP,https://finance.vietstock.vn/G36-tong-cong-ty-36-ctcp.htm
5,UPCoM,Nguyên vật liệu,GAB,CTCP Đầu tư Khai Khoáng và Quản lý Tài sản FLC,https://finance.vietstock.vn/GAB-ctcp-dau-tu-khai-khoang-va-quan-ly-tai-san-flc.htm
1,HOSE,Dịch vụ tiện ích,GAS,Tổng Công ty Khí Việt Nam - CTCP,https://finance.vietstock.vn/GAS-tong-cong-ty-khi-viet-nam-ctcp.htm
5,UPCoM,Phân phối và bán lẻ hàng lâu bền,GCB,CTCP Petec Bình Định,https://finance.vietstock.vn/GCB-ctcp-petec-binh-dinh.htm
5,UPCoM,"Thực phẩm, đồ uống và thuốc lá",GCF,CTCP Thực phẩm G.C,https://finance.vietstock.vn/GCF-ctcp-thuc-pham-g-c.htm
5,UPCoM,Nguyên vật liệu,GDA,CTCP Tôn Đông Á,https://finance.vietstock.vn/GDA-ctcp-ton-dong-a.htm
1,HOSE,Hàng tiêu dùng và trang trí,GDT,CTCP Chế biến Gỗ Đức Thành,https://finance.vietstock.vn/GDT-ctcp-che-bien-go-duc-thanh.htm
2,HNX,Dịch vụ tiện ích,GDW,CTCP Cấp nước Gia Định,https://finance.vietstock.vn/GDW-ctcp-cap-nuoc-gia-dinh.htm
1,HOSE,Hàng tiêu dùng và trang trí,GEE,CTCP Điện lực Gelex,https://finance.vietstock.vn/GEE-ctcp-dien-luc-gelex.htm
1,HOSE,Dịch vụ tiện ích,GEG,CTCP Điện Gia Lai,https://finance.vietstock.vn/GEG-ctcp-dien-gia-lai.htm
5,UPCoM,Xe và linh kiện,GER,CTCP Thể thao Ngôi sao Geru,https://finance.vietstock.vn/GER-ctcp-the-thao-ngoi-sao-geru.htm
1,HOSE,Hàng tiêu dùng và trang trí,GEX,CTCP Tập đoàn GELEX,https://finance.vietstock.vn/GEX-ctcp-tap-doan-gelex.htm
5,UPCoM,Tư liệu sản xuất,GGG,CTCP Ô tô Giải Phóng,https://finance.vietstock.vn/GGG-ctcp-o-to-giai-phong.htm
5,UPCoM,Tư liệu sản xuất,GH3,CTCP Công trình Giao thông Hà Nội,https://finance.vietstock.vn/GH3-ctcp-cong-trinh-giao-thong-ha-noi.htm
5,UPCoM,Dịch vụ tiện ích,GHC,CTCP Thủy điện Gia Lai,https://finance.vietstock.vn/GHC-ctcp-thuy-dien-gia-lai.htm
2,HNX,Vận tải,GIC,CTCP Đầu tư Dịch vụ và Phát triển Xanh,https://finance.vietstock.vn/GIC-ctcp-dau-tu-dich-vu-va-phat-trien-xanh.htm
1,HOSE,Hàng tiêu dùng và trang trí,GIL,CTCP Sản xuất Kinh doanh và Xuất nhập khẩu Bình Thạnh,https://finance.vietstock.vn/GIL-ctcp-san-xuat-kinh-doanh-va-xuat-nhap-khau-binh-thanh.htm
2,HNX,Nguyên vật liệu,GKM,CTCP GKM Holdings,https://finance.vietstock.vn/GKM-ctcp-gkm-holdings.htm
5,UPCoM,Nguyên vật liệu,GLC,CTCP Vàng Lào Cai,https://finance.vietstock.vn/GLC-ctcp-vang-lao-cai.htm
2,HNX,Dịch vụ viễn thông,GLT,CTCP Kỹ thuật Điện Toàn cầu,https://finance.vietstock.vn/GLT-ctcp-ky-thuat-dien-toan-cau.htm
5,UPCoM,Dịch vụ tiện ích,GLW,CTCP Cấp thoát nước Gia Lai,https://finance.vietstock.vn/GLW-ctcp-cap-thoat-nuoc-gia-lai.htm
2,HNX,Phân phối và bán lẻ hàng lâu bền,GMA,CTCP G-Automobile,https://finance.vietstock.vn/GMA-ctcp-g-automobile.htm
1,HOSE,Hàng tiêu dùng và trang trí,GMC,CTCP Garmex Sài Gòn,https://finance.vietstock.vn/GMC-ctcp-garmex-sai-gon.htm
1,HOSE,Vận tải,GMD,CTCP Gemadept,https://finance.vietstock.vn/GMD-ctcp-gemadept.htm
1,HOSE,Nguyên vật liệu,GMH,CTCP Minh Hưng Quảng Trị,https://finance.vietstock.vn/GMH-ctcp-minh-hung-quang-tri.htm
2,HNX,Nguyên vật liệu,GMX,CTCP Gạch ngói Gốm Xây dựng Mỹ Xuân,https://finance.vietstock.vn/GMX-ctcp-gach-ngoi-gom-xay-dung-my-xuan.htm
5,UPCoM,Nguyên vật liệu,GND,CTCP Gạch ngói Đồng Nai,https://finance.vietstock.vn/GND-ctcp-gach-ngoi-dong-nai.htm
5,UPCoM,Phân phối và bán lẻ hàng lâu bền,GPC,CTCP Tập đoàn Green+,https://finance.vietstock.vn/GPC-ctcp-tap-doan-green+.htm
1,HOSE,Vận tải,GSP,CTCP Vận tải Sản Phẩm Khí Quốc tế,https://finance.vietstock.vn/GSP-ctcp-van-tai-san-pham-khi-quoc-te.htm
1,HOSE,Nguyên vật liệu,GTA,CTCP Chế biến gỗ Thuận An,https://finance.vietstock.vn/GTA-ctcp-che-bien-go-thuan-an.htm
5,UPCoM,Hàng tiêu dùng và trang trí,GTD,CTCP Giầy Thượng Đình,https://finance.vietstock.vn/GTD-ctcp-giay-thuong-dinh.htm
5,UPCoM,Tư liệu sản xuất,GTS,CTCP Công trình Giao thông Sài Gòn,https://finance.vietstock.vn/GTS-ctcp-cong-trinh-giao-thong-sai-gon.htm
5,UPCoM,Vận tải,GTT,CTCP Thuận Thảo,https://finance.vietstock.vn/GTT-ctcp-thuan-thao.htm
1,HOSE,Nguyên vật liệu,GVR,Tập đoàn Công nghiệp Cao su Việt Nam - CTCP,https://finance.vietstock.vn/GVR-tap-doan-cong-nghiep-cao-su-viet-nam-ctcp.htm
5,UPCoM,Nguyên vật liệu,GVT,CTCP Giấy Việt Trì,https://finance.vietstock.vn/GVT-ctcp-giay-viet-tri.htm
5,UPCoM,Tư liệu sản xuất,H11,CTCP Xây dựng HUD101,https://finance.vietstock.vn/H11-ctcp-xay-dung-hud101.htm
5,UPCoM,Dịch vụ tài chính,HAC,CTCP Chứng khoán Hải Phòng,https://finance.vietstock.vn/HAC-ctcp-chung-khoan-hai-phong.htm
2,HNX,"Thực phẩm, đồ uống và thuốc lá",HAD,CTCP Bia Hà Nội - Hải Dương,https://finance.vietstock.vn/HAD-ctcp-bia-ha-noi-hai-duong.htm
5,UPCoM,"Thực phẩm, đồ uống và thuốc lá",HAF,CTCP Thực phẩm Hà Nội,https://finance.vietstock.vn/HAF-ctcp-thuc-pham-ha-noi.htm
1,HOSE,"Thực phẩm, đồ uống và thuốc lá",HAG,CTCP Hoàng Anh Gia Lai,https://finance.vietstock.vn/HAG-ctcp-hoang-anh-gia-lai.htm
1,HOSE,Vận tải,HAH,CTCP Vận tải và Xếp dỡ Hải An,https://finance.vietstock.vn/HAH-ctcp-van-tai-va-xep-do-hai-an.htm
5,UPCoM,Phân phối và bán lẻ hàng lâu bền,HAI,CTCP Nông dược H.A.I,https://finance.vietstock.vn/HAI-ctcp-nong-duoc-h-a-i.htm
5,UPCoM,Phân phối và bán lẻ hàng lâu bền,HAM,CTCP Vật tư Hậu Giang,https://finance.vietstock.vn/HAM-ctcp-vat-tu-hau-giang.htm
5,UPCoM,Tư liệu sản xuất,HAN,Tổng Công ty Xây dựng Hà Nội - CTCP,https://finance.vietstock.vn/HAN-tong-cong-ty-xay-dung-ha-noi-ctcp.htm
1,HOSE,Nguyên vật liệu,HAP,CTCP Tập đoàn Hapaco,https://finance.vietstock.vn/HAP-ctcp-tap-doan-hapaco.htm
1,HOSE,Phát triển và quản lý bất động sản,HAR,CTCP Đầu tư Thương mại Bất động sản An Dương Thảo Điền,https://finance.vietstock.vn/HAR-ctcp-dau-tu-thuong-mai-bat-dong-san-an-duong-thao-dien.htm
1,HOSE,Tư liệu sản xuất,HAS,CTCP Hacisco,https://finance.vietstock.vn/HAS-ctcp-hacisco.htm
2,HNX,"Thực phẩm, đồ uống và thuốc lá",HAT,CTCP Thương mại Bia Hà Nội,https://finance.vietstock.vn/HAT-ctcp-thuong-mai-bia-ha-noi.htm
5,UPCoM,"Thực phẩm, đồ uống và thuốc lá",HAV,CTCP Rượu Hapro,https://finance.vietstock.vn/HAV-ctcp-ruou-hapro.htm
1,HOSE,Phân phối và bán lẻ hàng lâu bền,HAX,CTCP Dịch vụ Ô tô Hàng Xanh,https://finance.vietstock.vn/HAX-ctcp-dich-vu-o-to-hang-xanh.htm
5,UPCoM,Tư liệu sản xuất,HBC,CTCP Tập đoàn Xây dựng Hòa Bình,https://finance.vietstock.vn/HBC-ctcp-tap-doan-xay-dung-hoa-binh.htm
5,UPCoM,Nguyên vật liệu,HBD,CTCP Bao Bì PP Bình Dương,https://finance.vietstock.vn/HBD-ctcp-bao-bi-pp-binh-duong.htm
5,UPCoM,"Thực phẩm, đồ uống và thuốc lá",HBH,CTCP Habeco - Hải Phòng,https://finance.vietstock.vn/HBH-ctcp-habeco-hai-phong.htm
2,HNX,Dịch vụ tài chính,HBS,CTCP Chứng khoán Hòa Bình,https://finance.vietstock.vn/HBS-ctcp-chung-khoan-hoa-binh.htm
5,UPCoM,Tư liệu sản xuất,HC1,CTCP Xây dựng Số 1 Hà Nội,https://finance.vietstock.vn/HC1-ctcp-xay-dung-so-1-ha-noi.htm
5,UPCoM,Phát triển và quản lý bất động sản,HC3,CTCP Xây dựng Số 3 Hải Phòng,https://finance.vietstock.vn/HC3-ctcp-xay-dung-so-3-hai-phong.htm
5,UPCoM,Hàng tiêu dùng và trang trí,HCB,CTCP Dệt may 29/3,https://finance.vietstock.vn/HCB-ctcp-det-may-29-3.htm
2,HNX,Nguyên vật liệu,HCC,CTCP Bê tông Hòa Cầm - Intimex,https://finance.vietstock.vn/HCC-ctcp-be-tong-hoa-cam-intimex.htm
1,HOSE,Nguyên vật liệu,HCD,CTCP Đầu tư Sản xuất và Thương mại HCD,https://finance.vietstock.vn/HCD-ctcp-dau-tu-san-xuat-va-thuong-mai-hcd.htm
5,UPCoM,Phát triển và quản lý bất động sản,HCI,CTCP Đầu tư Xây dựng Hà Nội ,https://finance.vietstock.vn/HCI-ctcp-dau-tu-xay-dung-ha-noi.htm
1,HOSE,Dịch vụ tài chính,HCM,CTCP Chứng khoán Thành phố Hồ Chí Minh,https://finance.vietstock.vn/HCM-ctcp-chung-khoan-thanh-pho-ho-chi-minh.htm
2,HNX,Vận tải,HCT,CTCP Thương mại Dịch vụ Vận tải Xi măng Hải Phòng,https://finance.vietstock.vn/HCT-ctcp-thuong-mai-dich-vu-van-tai-xi-mang-hai-phong.htm
5,UPCoM,Phát triển và quản lý bất động sản,HD2,CTCP Đầu tư Phát triển Nhà HUD2,https://finance.vietstock.vn/HD2-ctcp-dau-tu-phat-trien-nha-hud2.htm
5,UPCoM,Phát triển và quản lý bất động sản,HD6,CTCP Đầu tư và Phát triển Nhà Số 6 Hà Nội,https://finance.vietstock.vn/HD6-ctcp-dau-tu-va-phat-trien-nha-so-6-ha-noi.htm
5,UPCoM,Phát triển và quản lý bất động sản,HD8,CTCP Đầu tư Phát triển Nhà và Đô thị HUD8,https://finance.vietstock.vn/HD8-ctcp-dau-tu-phat-trien-nha-va-do-thi-hud8.htm
2,HNX,Nguyên vật liệu,HDA,CTCP Hãng sơn Đông Á,https://finance.vietstock.vn/HDA-ctcp-hang-son-dong-a.htm
1,HOSE,Tổ chức tín dụng,HDB,Ngân hàng TMCP Phát triển Thành phố Hồ Chí Minh,https://finance.vietstock.vn/HDB-ngan-hang-tmcp-phat-trien-thanh-pho-ho-chi-minh.htm
1,HOSE,Phát triển và quản lý bất động sản,HDC,CTCP Phát triển Nhà Bà Rịa - Vũng Tàu,https://finance.vietstock.vn/HDC-ctcp-phat-trien-nha-ba-ria-vung-tau.htm
1,HOSE,Phát triển và quản lý bất động sản,HDG,CTCP Tập đoàn Hà Đô,https://finance.vietstock.vn/HDG-ctcp-tap-doan-ha-do.htm
5,UPCoM,Hàng tiêu dùng và trang trí,HDM,CTCP Dệt may Huế,https://finance.vietstock.vn/HDM-ctcp-det-may-hue.htm
5,UPCoM,Tư liệu sản xuất,HDO,CTCP Hưng Đạo Container,https://finance.vietstock.vn/HDO-ctcp-hung-dao-container.htm
5,UPCoM,"Dược phẩm, Công nghệ sinh học và Khoa học thường thức",HDP,CTCP Dược Hà Tĩnh,https://finance.vietstock.vn/HDP-ctcp-duoc-ha-tinh.htm
5,UPCoM,"Thực phẩm, đồ uống và thuốc lá",HDS,CTCP Giống cây trồng Hải Dương,https://finance.vietstock.vn/HDS-ctcp-giong-cay-trong-hai-duong.htm
5,UPCoM,Dịch vụ tiện ích,HDW,CTCP Kinh doanh Nước sạch Hải Dương,https://finance.vietstock.vn/HDW-ctcp-kinh-doanh-nuoc-sach-hai-duong.htm
5,UPCoM,Tư liệu sản xuất,HEC,CTCP Tư vấn Xây dựng Thủy Lợi II,https://finance.vietstock.vn/HEC-ctcp-tu-van-xay-dung-thuy-loi-ii.htm
5,UPCoM,Dịch vụ chuyên biệt và thương mại,HEJ,Tổng Công ty Tư vấn Xây dựng Thủy lợi Việt Nam - CTCP,https://finance.vietstock.vn/HEJ-tong-cong-ty-tu-van-xay-dung-thuy-loi-viet-nam-ctcp.htm
5,UPCoM,Dịch vụ tiện ích,HEP,CTCP Môi trường và Công trình Đô thị Huế,https://finance.vietstock.vn/HEP-ctcp-moi-truong-va-cong-trinh-do-thi-hue.htm
5,UPCoM,Dịch vụ tiêu dùng,HES,CTCP Dịch vụ Giải trí Hà Nội,https://finance.vietstock.vn/HES-ctcp-dich-vu-giai-tri-ha-noi.htm
2,HNX,Truyền thông và giải trí,HEV,CTCP Sách Đại học - Dạy nghề,https://finance.vietstock.vn/HEV-ctcp-sach-dai-hoc-day-nghe.htm
5,UPCoM,Tư liệu sản xuất,HFB,CTCP Công trình Cầu phà Thành phố Hồ Chí Minh,https://finance.vietstock.vn/HFB-ctcp-cong-trinh-cau-pha-thanh-pho-ho-chi-minh.htm
5,UPCoM,Phân phối và bán lẻ hàng lâu bền,HFC,CTCP Xăng dầu HFC,https://finance.vietstock.vn/HFC-ctcp-xang-dau-hfc.htm
5,UPCoM,Phân phối và bán lẻ hàng lâu bền,HFX,CTCP Sản xuất - Xuất nhập khẩu Thanh Hà,https://finance.vietstock.vn/HFX-ctcp-san-xuat-xuat-nhap-khau-thanh-ha.htm
2,HNX,Nguyên vật liệu,HGM,CTCP Cơ khí và Khoáng sản Hà Giang,https://finance.vietstock.vn/HGM-ctcp-co-khi-va-khoang-san-ha-giang.htm
5,UPCoM,Dịch vụ tiêu dùng,HGT,CTCP Du lịch Hương Giang,https://finance.vietstock.vn/HGT-ctcp-du-lich-huong-giang.htm
2,HNX,"Thực phẩm, đồ uống và thuốc lá",HHC,CTCP Bánh kẹo Hải Hà ,https://finance.vietstock.vn/HHC-ctcp-banh-keo-hai-ha.htm
5,UPCoM,Vận tải,HHG,CTCP Hoàng Hà,https://finance.vietstock.vn/HHG-ctcp-hoang-ha.htm
5,UPCoM,Vận tải,HHN,CTCP Vận tải và Dịch vụ Hàng hóa Hà Nội,https://finance.vietstock.vn/HHN-ctcp-van-tai-va-dich-vu-hang-hoa-ha-noi.htm
1,HOSE,Nguyên vật liệu,HHP,CTCP HHP Global,https://finance.vietstock.vn/HHP-ctcp-hhp-global.htm
1,HOSE,Phân phối và bán lẻ hàng lâu bền,HHS,CTCP Đầu tư Dịch vụ Hoàng Huy,https://finance.vietstock.vn/HHS-ctcp-dau-tu-dich-vu-hoang-huy.htm
1,HOSE,Tư liệu sản xuất,HHV,CTCP Đầu tư Hạ tầng Giao thông Đèo Cả,https://finance.vietstock.vn/HHV-ctcp-dau-tu-ha-tang-giao-thong-deo-ca.htm
1,HOSE,Dịch vụ tiện ích,HID,CTCP Halcom Việt Nam,https://finance.vietstock.vn/HID-ctcp-halcom-viet-nam.htm
5,UPCoM,Dịch vụ viễn thông,HIG,CTCP Tập đoàn HIPT,https://finance.vietstock.vn/HIG-ctcp-tap-doan-hipt.htm
1,HOSE,Nguyên vật liệu,HII,CTCP An Tiến Industries,https://finance.vietstock.vn/HII-ctcp-an-tien-industries.htm
5,UPCoM,Dịch vụ tiện ích,HIO,CTCP Helio Energy,https://finance.vietstock.vn/HIO-ctcp-helio-energy.htm
5,UPCoM,"Thực phẩm, đồ uống và thuốc lá",HJC,CTCP Hòa Việt,https://finance.vietstock.vn/HJC-ctcp-hoa-viet.htm
2,HNX,Dịch vụ tiện ích,HJS,CTCP Thủy điện Nậm Mu,https://finance.vietstock.vn/HJS-ctcp-thuy-dien-nam-mu.htm
5,UPCoM,"Thực phẩm, đồ uống và thuốc lá",HKB,CTCP Nông nghiệp và Thực phẩm Hà Nội - Kinh Bắc,https://finance.vietstock.vn/HKB-ctcp-nong-nghiep-va-thuc-pham-ha-noi-kinh-bac.htm
2,HNX,"Thực phẩm, đồ uống và thuốc lá",HKT,CTCP Đầu tư Ego Việt Nam,https://finance.vietstock.vn/HKT-ctcp-dau-tu-ego-viet-nam.htm
5,UPCoM,Nguyên vật liệu,HLA,CTCP Hữu Liên Á Châu,https://finance.vietstock.vn/HLA-ctcp-huu-lien-a-chau.htm
5,UPCoM,"Thực phẩm, đồ uống và thuốc lá",HLB,CTCP Bia và Nước giải khát Hạ Long,https://finance.vietstock.vn/HLB-ctcp-bia-va-nuoc-giai-khat-ha-long.htm
2,HNX,Năng lượng,HLC,CTCP Than Hà Lầm - Vinacomin,https://finance.vietstock.vn/HLC-ctcp-than-ha-lam-vinacomin.htm
2,HNX,Phát triển và quản lý bất động sản,HLD,CTCP Đầu tư và Phát triển Bất động sản HUDLAND,https://finance.vietstock.vn/HLD-ctcp-dau-tu-va-phat-trien-bat-dong-san-hudland.htm
5,UPCoM,Tư liệu sản xuất,HLO,CTCP Công nghệ Ha Lô,https://finance.vietstock.vn/HLO-ctcp-cong-nghe-ha-lo.htm
5,UPCoM,Hàng tiêu dùng và trang trí,HLS,CTCP Sứ Kỹ thuật Hoàng Liên Sơn,https://finance.vietstock.vn/HLS-ctcp-su-ky-thuat-hoang-lien-son.htm
5,UPCoM,Hàng tiêu dùng và trang trí,HLT,CTCP Dệt may Hoàng Thị Loan,https://finance.vietstock.vn/HLT-ctcp-det-may-hoang-thi-loan.htm
5,UPCoM,Nguyên vật liệu,HLY,CTCP Gốm Xây Dựng Yên Hưng,https://finance.vietstock.vn/HLY-ctcp-gom-xay-dung-yen-hung.htm
1,HOSE,Phân phối và bán lẻ hàng lâu bền,HMC,CTCP Kim khí Thành phố Hồ Chí Minh - VNSTEEL,https://finance.vietstock.vn/HMC-ctcp-kim-khi-thanh-pho-ho-chi-minh-vnsteel.htm
5,UPCoM,Phân phối và bán lẻ hàng lâu bền,HMG,CTCP Kim khí Hà Nội - VNSTEEL,https://finance.vietstock.vn/HMG-ctcp-kim-khi-ha-noi-vnsteel.htm
2,HNX,Vận tải,HMH,CTCP Hải Minh,https://finance.vietstock.vn/HMH-ctcp-hai-minh.htm
2,HNX,Nguyên vật liệu,HMR,CTCP Đá Hoàng Mai,https://finance.vietstock.vn/HMR-ctcp-da-hoang-mai.htm
5,UPCoM,Tư liệu sản xuất,HMS,CTCP Xây dựng Bảo tàng Hồ Chí Minh,https://finance.vietstock.vn/HMS-ctcp-xay-dung-bao-tang-ho-chi-minh.htm
1,HOSE,Dịch vụ tiện ích,HNA,CTCP Thủy điện Hủa Na,https://finance.vietstock.vn/HNA-ctcp-thuy-dien-hua-na.htm
5,UPCoM,Vận tải,HNB,CTCP Bến xe Hà Nội,https://finance.vietstock.vn/HNB-ctcp-ben-xe-ha-noi.htm
5,UPCoM,Dịch vụ tiện ích,HND,CTCP Nhiệt điện Hải Phòng,https://finance.vietstock.vn/HND-ctcp-nhiet-dien-hai-phong.htm
5,UPCoM,"Thực phẩm, đồ uống và thuốc lá",HNF,CTCP Thực phẩm Hữu Nghị,https://finance.vietstock.vn/HNF-ctcp-thuc-pham-huu-nghi.htm
5,UPCoM,"Thực phẩm, đồ uống và thuốc lá",HNG,CTCP Nông nghiệp Quốc tế Hoàng Anh Gia Lai,https://finance.vietstock.vn/HNG-ctcp-nong-nghiep-quoc-te-hoang-anh-gia-lai.htm
5,UPCoM,Hàng tiêu dùng và trang trí,HNI,CTCP May Hữu Nghị,https://finance.vietstock.vn/HNI-ctcp-may-huu-nghi.htm
5,UPCoM,"Thực phẩm, đồ uống và thuốc lá",HNM,CTCP Sữa Hà Nội,https://finance.vietstock.vn/HNM-ctcp-sua-ha-noi.htm
5,UPCoM,Nguyên vật liệu,HNP,CTCP Hanel Xốp nhựa,https://finance.vietstock.vn/HNP-ctcp-hanel-xop-nhua.htm
5,UPCoM,"Thực phẩm, đồ uống và thuốc lá",HNR,CTCP Rượu và Nước giải khát Hà Nội,https://finance.vietstock.vn/HNR-ctcp-ruou-va-nuoc-giai-khat-ha-noi.htm
2,HNX,Nguyên vật liệu,HOM,CTCP Xi măng VICEM Hoàng Mai,https://finance.vietstock.vn/HOM-ctcp-xi-mang-vicem-hoang-mai.htm
5,UPCoM,Dịch vụ tiêu dùng,HOT,CTCP Du lịch Dịch vụ Hội An,https://finance.vietstock.vn/HOT-ctcp-du-lich-dich-vu-hoi-an.htm
5,UPCoM,Nguyên vật liệu,HPB,CTCP Bao bì PP,https://finance.vietstock.vn/HPB-ctcp-bao-bi-pp.htm
5,UPCoM,Dịch vụ tiện ích,HPD,CTCP Thủy điện ĐăK Đoa,https://finance.vietstock.vn/HPD-ctcp-thuy-dien-dak-doa.htm
1,HOSE,Nguyên vật liệu,HPG,CTCP Tập đoàn Hòa Phát,https://finance.vietstock.vn/HPG-ctcp-tap-doan-hoa-phat.htm
5,UPCoM,Đồ gia dụng và cá nhân,HPH,CTCP Hóa Chất Hưng Phát Hà Bắc,https://finance.vietstock.vn/HPH-ctcp-hoa-chat-hung-phat-ha-bac.htm
5,UPCoM,Phát triển và quản lý bất động sản,HPI,CTCP Khu công nghiệp Hiệp Phước,https://finance.vietstock.vn/HPI-ctcp-khu-cong-nghiep-hiep-phuoc.htm
5,UPCoM,Nguyên vật liệu,HPM,CTCP Xây dựng Thương mại và Khoáng Sản Hoàng Phúc,https://finance.vietstock.vn/HPM-ctcp-xay-dung-thuong-mai-va-khoang-san-hoang-phuc.htm
5,UPCoM,Nguyên vật liệu,HPP,CTCP Sơn Hải Phòng,https://finance.vietstock.vn/HPP-ctcp-son-hai-phong.htm
5,UPCoM,Phần mềm và dịch vụ,HPT,CTCP Dịch vụ Công nghệ Tin học HPT,https://finance.vietstock.vn/HPT-ctcp-dich-vu-cong-nghe-tin-hoc-hpt.htm
5,UPCoM,Dịch vụ tiện ích,HPW,CTCP Cấp nước Hải Phòng,https://finance.vietstock.vn/HPW-ctcp-cap-nuoc-hai-phong.htm
1,HOSE,Phát triển và quản lý bất động sản,HPX,CTCP Đầu tư Hải Phát,https://finance.vietstock.vn/HPX-ctcp-dau-tu-hai-phat.htm
1,HOSE,Phát triển và quản lý bất động sản,HQC,CTCP Tư vấn Thương mại Dịch vụ Địa Ốc Hoàng Quân,https://finance.vietstock.vn/HQC-ctcp-tu-van-thuong-mai-dich-vu-dia-oc-hoang-quan.htm
5,UPCoM,Phát triển và quản lý bất động sản,HRB,CTCP Harec Đầu tư và Thương mại,https://finance.vietstock.vn/HRB-ctcp-harec-dau-tu-va-thuong-mai.htm
1,HOSE,Nguyên vật liệu,HRC,CTCP Cao su Hòa Bình,https://finance.vietstock.vn/HRC-ctcp-cao-su-hoa-binh.htm
5,UPCoM,Vận tải,HRT,CTCP Vận tải Đường sắt Hà Nội,https://finance.vietstock.vn/HRT-ctcp-van-tai-duong-sat-ha-noi.htm
5,UPCoM,Dịch vụ tài chính,HSA,CTCP Hestia,https://finance.vietstock.vn/HSA-ctcp-hestia.htm
1,HOSE,Nguyên vật liệu,HSG,CTCP Tập đoàn Hoa Sen,https://finance.vietstock.vn/HSG-ctcp-tap-doan-hoa-sen.htm
5,UPCoM,Nguyên vật liệu,HSI,CTCP Vật tư Tổng hợp và Phân bón Hóa Sinh,https://finance.vietstock.vn/HSI-ctcp-vat-tu-tong-hop-va-phan-bon-hoa-sinh.htm
1,HOSE,"Thực phẩm, đồ uống và thuốc lá",HSL,CTCP Đầu tư Phát triển Thực phẩm Hồng Hà,https://finance.vietstock.vn/HSL-ctcp-dau-tu-phat-trien-thuc-pham-hong-ha.htm
5,UPCoM,Hàng tiêu dùng và trang trí,HSM,Tổng Công ty cổ phần Dệt may Hà Nội,https://finance.vietstock.vn/HSM-tong-cong-ty-co-phan-det-may-ha-noi.htm
5,UPCoM,Nguyên vật liệu,HSP,CTCP Sơn Tổng hợp Hà Nội,https://finance.vietstock.vn/HSP-ctcp-son-tong-hop-ha-noi.htm
5,UPCoM,Phân phối và bán lẻ hàng lâu bền,HSV,CTCP Tập đoàn HSV Việt Nam,https://finance.vietstock.vn/HSV-ctcp-tap-doan-hsv-viet-nam.htm
1,HOSE,Nguyên vật liệu,HT1,CTCP Xi Măng Vicem Hà Tiên,https://finance.vietstock.vn/HT1-ctcp-xi-mang-vicem-ha-tien.htm
2,HNX,Phân phối và bán lẻ hàng lâu bền,HTC,CTCP Thương mại Hóc Môn,https://finance.vietstock.vn/HTC-ctcp-thuong-mai-hoc-mon.htm
5,UPCoM,Tư liệu sản xuất,HTE,CTCP Đầu tư Kinh doanh Điện lực Thành phố Hồ Chí Minh,https://finance.vietstock.vn/HTE-ctcp-dau-tu-kinh-doanh-dien-luc-thanh-pho-ho-chi-minh.htm
1,HOSE,Hàng tiêu dùng và trang trí,HTG,Tổng Công ty cổ phần Dệt may Hòa Thọ,https://finance.vietstock.vn/HTG-tong-cong-ty-co-phan-det-may-hoa-tho.htm
1,HOSE,Tư liệu sản xuất,HTI,CTCP Đầu tư Phát triển Hạ tầng IDICO,https://finance.vietstock.vn/HTI-ctcp-dau-tu-phat-trien-ha-tang-idico.htm
1,HOSE,Phân phối và bán lẻ hàng lâu bền,HTL,CTCP Kỹ thuật và Ô tô Trường Long,https://finance.vietstock.vn/HTL-ctcp-ky-thuat-va-o-to-truong-long.htm
5,UPCoM,Phân phối và bán lẻ hàng lâu bền,HTM,Tổng Công ty Thương mại Hà Nội - CTCP,https://finance.vietstock.vn/HTM-tong-cong-ty-thuong-mai-ha-noi-ctcp.htm
1,HOSE,Tư liệu sản xuất,HTN,CTCP Hưng Thịnh Incons,https://finance.vietstock.vn/HTN-ctcp-hung-thinh-incons.htm
5,UPCoM,Dịch vụ chuyên biệt và thương mại,HTP,CTCP In Sách Giáo khoa Hòa Phát,https://finance.vietstock.vn/HTP-ctcp-in-sach-giao-khoa-hoa-phat.htm
5,UPCoM,Phát triển và quản lý bất động sản,HTT,CTCP Thương mại Hà Tây,https://finance.vietstock.vn/HTT-ctcp-thuong-mai-ha-tay.htm
1,HOSE,Vận tải,HTV,CTCP Logistics Vicem,https://finance.vietstock.vn/HTV-ctcp-logistics-vicem.htm
1,HOSE,Phát triển và quản lý bất động sản,HU1,CTCP Đầu tư và Xây dựng HUD1,https://finance.vietstock.vn/HU1-ctcp-dau-tu-va-xay-dung-hud1.htm
5,UPCoM,Tư liệu sản xuất,HU3,CTCP Đầu tư và Xây dựng HUD3,https://finance.vietstock.vn/HU3-ctcp-dau-tu-va-xay-dung-hud3.htm
5,UPCoM,Phát triển và quản lý bất động sản,HU4,CTCP Đầu tư và Xây dựng HUD4,https://finance.vietstock.vn/HU4-ctcp-dau-tu-va-xay-dung-hud4.htm
5,UPCoM,Phát triển và quản lý bất động sản,HU6,CTCP Đầu tư Phát triển Nhà và Đô thị HUD6,https://finance.vietstock.vn/HU6-ctcp-dau-tu-phat-trien-nha-va-do-thi-hud6.htm
1,HOSE,Tư liệu sản xuất,HUB,CTCP Xây lắp Thừa Thiên Huế,https://finance.vietstock.vn/HUB-ctcp-xay-lap-thua-thien-hue.htm
5,UPCoM,Hàng tiêu dùng và trang trí,HUG,Tổng Công ty May Hưng Yên - CTCP,https://finance.vietstock.vn/HUG-tong-cong-ty-may-hung-yen-ctcp.htm
2,HNX,Phân phối và bán lẻ hàng lâu bền,HUT,CTCP Tasco,https://finance.vietstock.vn/HUT-ctcp-tasco.htm
5,UPCoM,Dịch vụ tài chính,HVA,CTCP Đầu tư HVA,https://finance.vietstock.vn/HVA-ctcp-dau-tu-hva.htm
5,UPCoM,"Thực phẩm, đồ uống và thuốc lá",HVG,CTCP Hùng Vương,https://finance.vietstock.vn/HVG-ctcp-hung-vuong.htm
1,HOSE,Tư liệu sản xuất,HVH,CTCP Đầu tư và Công nghệ HVC,https://finance.vietstock.vn/HVH-ctcp-dau-tu-va-cong-nghe-hvc.htm
1,HOSE,Vận tải,HVN,Tổng Công ty Hàng không Việt Nam - CTCP,https://finance.vietstock.vn/HVN-tong-cong-ty-hang-khong-viet-nam-ctcp.htm
2,HNX,Nguyên vật liệu,HVT,CTCP Hóa chất Việt Trì,https://finance.vietstock.vn/HVT-ctcp-hoa-chat-viet-tri.htm
1,HOSE,Nguyên vật liệu,HVX,CTCP Xi măng VICEM Hải Vân,https://finance.vietstock.vn/HVX-ctcp-xi-mang-vicem-hai-van.htm
5,UPCoM,Dịch vụ tiện ích,HWS,CTCP Cấp nước Thừa Thiên Huế,https://finance.vietstock.vn/HWS-ctcp-cap-nuoc-thua-thien-hue.htm
5,UPCoM,Dịch vụ tiêu dùng,IBC,CTCP Đầu tư Apax Holdings,https://finance.vietstock.vn/IBC-ctcp-dau-tu-apax-holdings.htm
5,UPCoM,Dịch vụ chuyên biệt và thương mại,IBD,CTCP In Tổng hợp Bình Dương,https://finance.vietstock.vn/IBD-ctcp-in-tong-hop-binh-duong.htm
5,UPCoM,Phát triển và quản lý bất động sản,ICC,CTCP Xây dựng Công nghiệp (ICC),https://finance.vietstock.vn/ICC-ctcp-xay-dung-cong-nghiep-icc.htm
5,UPCoM,"Thực phẩm, đồ uống và thuốc lá",ICF,CTCP Đầu tư Thương mại Thủy sản,https://finance.vietstock.vn/ICF-ctcp-dau-tu-thuong-mai-thuy-san.htm
2,HNX,Phát triển và quản lý bất động sản,ICG,CTCP Xây dựng Sông Hồng,https://finance.vietstock.vn/ICG-ctcp-xay-dung-song-hong.htm
5,UPCoM,Tư liệu sản xuất,ICI,CTCP Đầu tư và Xây dựng Công nghiệp,https://finance.vietstock.vn/ICI-ctcp-dau-tu-va-xay-dung-cong-nghiep.htm
5,UPCoM,Tư liệu sản xuất,ICN,CTCP Đầu tư Xây dựng Dầu khí IDICO,https://finance.vietstock.vn/ICN-ctcp-dau-tu-xay-dung-dau-khi-idico.htm
1,HOSE,Dịch vụ viễn thông,ICT,CTCP Viễn thông - Tin học Bưu điện,https://finance.vietstock.vn/ICT-ctcp-vien-thong-tin-hoc-buu-dien.htm
2,HNX,Phát triển và quản lý bất động sản,IDC,Tổng Công ty IDICO – CTCP,https://finance.vietstock.vn/IDC-tong-cong-ty-idico-–-ctcp.htm
1,HOSE,"Thực phẩm, đồ uống và thuốc lá",IDI,CTCP Đầu tư và Phát triển Đa Quốc Gia - IDI,https://finance.vietstock.vn/IDI-ctcp-dau-tu-va-phat-trien-da-quoc-gia-idi.htm
2,HNX,Phát triển và quản lý bất động sản,IDJ,CTCP Đầu tư IDJ Việt Nam,https://finance.vietstock.vn/IDJ-ctcp-dau-tu-idj-viet-nam.htm
5,UPCoM,"Thực phẩm, đồ uống và thuốc lá",IDP,CTCP Sữa Quốc tế Lof,https://finance.vietstock.vn/IDP-ctcp-sua-quoc-te-lof.htm
2,HNX,Phát triển và quản lý bất động sản,IDV,CTCP Phát triển Hạ tầng Vĩnh Phúc,https://finance.vietstock.vn/IDV-ctcp-phat-trien-ha-tang-vinh-phuc.htm
5,UPCoM,"Thực phẩm, đồ uống và thuốc lá",IFS,CTCP Thực phẩm Quốc tế,https://finance.vietstock.vn/IFS-ctcp-thuc-pham-quoc-te.htm
5,UPCoM,Dịch vụ chuyên biệt và thương mại,IHK,CTCP In Hàng Không,https://finance.vietstock.vn/IHK-ctcp-in-hang-khong.htm
1,HOSE,Phát triển và quản lý bất động sản,IJC,CTCP Phát triển Hạ tầng Kỹ thuật,https://finance.vietstock.vn/IJC-ctcp-phat-trien-ha-tang-ky-thuat.htm
5,UPCoM,Nguyên vật liệu,ILA,CTCP ILA,https://finance.vietstock.vn/ILA-ctcp-ila.htm
1,HOSE,Vận tải,ILB,CTCP ICD Tân Cảng - Long Bình,https://finance.vietstock.vn/ILB-ctcp-icd-tan-cang-long-binh.htm
5,UPCoM,Vận tải,ILC,CTCP Hợp tác Lao động với nước ngoài,https://finance.vietstock.vn/ILC-ctcp-hop-tac-lao-dong-voi-nuoc-ngoai.htm
5,UPCoM,Vận tải,ILS,CTCP Đầu tư Thương mại và Dịch vụ Quốc tế,https://finance.vietstock.vn/ILS-ctcp-dau-tu-thuong-mai-va-dich-vu-quoc-te.htm
5,UPCoM,Tư liệu sản xuất,IME,CTCP Cơ khí và Xây lắp Công nghiệp,https://finance.vietstock.vn/IME-ctcp-co-khi-va-xay-lap-cong-nghiep.htm
1,HOSE,"Dược phẩm, Công nghệ sinh học và Khoa học thường thức",IMP,CTCP Dược phẩm Imexpharm,https://finance.vietstock.vn/IMP-ctcp-duoc-pham-imexpharm.htm
5,UPCoM,Dịch vụ chuyên biệt và thương mại,IN4,CTCP In Số 4,https://finance.vietstock.vn/IN4-ctcp-in-so-4.htm
2,HNX,Dịch vụ chuyên biệt và thương mại,INC,CTCP Tư vấn Đầu tư IDICO,https://finance.vietstock.vn/INC-ctcp-tu-van-dau-tu-idico.htm
5,UPCoM,Phát triển và quản lý bất động sản,ING,CTCP  Đầu tư và Phát triển Xây dựng,https://finance.vietstock.vn/ING-ctcp-dau-tu-va-phat-trien-xay-dung.htm
2,HNX,Nguyên vật liệu,INN,CTCP Bao bì và In Nông nghiệp,https://finance.vietstock.vn/INN-ctcp-bao-bi-va-in-nong-nghiep.htm
2,HNX,Dịch vụ tài chính,IPA,CTCP Tập đoàn Đầu tư I.P.A,https://finance.vietstock.vn/IPA-ctcp-tap-doan-dau-tu-i-p-a.htm
5,UPCoM,Nguyên vật liệu,IRC,CTCP Cao su Công nghiệp,https://finance.vietstock.vn/IRC-ctcp-cao-su-cong-nghiep.htm
5,UPCoM,Vận tải,ISG,CTCP Vận tải biển và Hợp tác Lao động Quốc tế,https://finance.vietstock.vn/ISG-ctcp-van-tai-bien-va-hop-tac-lao-dong-quoc-te.htm
5,UPCoM,Dịch vụ tiện ích,ISH,CTCP Thủy điện Srok Phu Miêng IDICO,https://finance.vietstock.vn/ISH-ctcp-thuy-dien-srok-phu-mieng-idico.htm
5,UPCoM,Vận tải,IST,CTCP ICD Tân Cảng Sóng Thần,https://finance.vietstock.vn/IST-ctcp-icd-tan-cang-song-than.htm
1,HOSE,Phát triển và quản lý bất động sản,ITA,CTCP Đầu tư và Công nghiệp Tân Tạo,https://finance.vietstock.vn/ITA-ctcp-dau-tu-va-cong-nghiep-tan-tao.htm
1,HOSE,Phát triển và quản lý bất động sản,ITC,CTCP Đầu tư và Kinh doanh Nhà,https://finance.vietstock.vn/ITC-ctcp-dau-tu-va-kinh-doanh-nha.htm
1,HOSE,Phần mềm và dịch vụ,ITD,CTCP Công nghệ Tiên Phong,https://finance.vietstock.vn/ITD-ctcp-cong-nghe-tien-phong.htm
2,HNX,Nguyên vật liệu,ITQ,CTCP Tập đoàn Thiên Quang,https://finance.vietstock.vn/ITQ-ctcp-tap-doan-thien-quang.htm
5,UPCoM,Năng lượng,ITS,CTCP Đầu tư Thương mại và Dịch vụ - Vinacomin,https://finance.vietstock.vn/ITS-ctcp-dau-tu-thuong-mai-va-dich-vu-vinacomin.htm
2,HNX,Dịch vụ tài chính,IVS,CTCP Chứng khoán Guotai Junan (Việt Nam),https://finance.vietstock.vn/IVS-ctcp-chung-khoan-guotai-junan-viet-nam.htm
5,UPCoM,"Thực phẩm, đồ uống và thuốc lá",JOS,CTCP Chế biến Thủy sản xuất khẩu Minh Hải,https://finance.vietstock.vn/JOS-ctcp-che-bien-thuy-san-xuat-khau-minh-hai.htm
1,HOSE,Phân phối và bán lẻ hàng lâu bền,JVC,CTCP Thiết bị Y tế Việt Nhật,https://finance.vietstock.vn/JVC-ctcp-thiet-bi-y-te-viet-nhat.htm
5,UPCoM,Phát triển và quản lý bất động sản,KAC,CTCP Đầu tư Địa ốc Khang An,https://finance.vietstock.vn/KAC-ctcp-dau-tu-dia-oc-khang-an.htm
1,HOSE,Phát triển và quản lý bất động sản,KBC,Tổng Công ty Phát triển Đô thị Kinh Bắc - CTCP,https://finance.vietstock.vn/KBC-tong-cong-ty-phat-trien-do-thi-kinh-bac-ctcp.htm
5,UPCoM,Nguyên vật liệu,KCB,CTCP khoáng Sản và Luyện Kim Cao Bằng,https://finance.vietstock.vn/KCB-ctcp-khoang-san-va-luyen-kim-cao-bang.htm
5,UPCoM,Nguyên vật liệu,KCE,CTCP Bê tông Ly tâm Điện Lực Khánh Hòa,https://finance.vietstock.vn/KCE-ctcp-be-tong-ly-tam-dien-luc-khanh-hoa.htm
1,HOSE,"Thực phẩm, đồ uống và thuốc lá",KDC,CTCP Tập đoàn KIDO,https://finance.vietstock.vn/KDC-ctcp-tap-doan-kido.htm
1,HOSE,Phát triển và quản lý bất động sản,KDH,CTCP Đầu tư và Kinh doanh Nhà Khang Điền,https://finance.vietstock.vn/KDH-ctcp-dau-tu-va-kinh-doanh-nha-khang-dien.htm
2,HNX,Phân phối và bán lẻ hàng lâu bền,KDM,CTCP Tập Đoàn GCL,https://finance.vietstock.vn/KDM-ctcp-tap-doan-gcl.htm
5,UPCoM,"Thực phẩm, đồ uống và thuốc lá",KGM,CTCP Xuất nhập khẩu Kiên Giang,https://finance.vietstock.vn/KGM-ctcp-xuat-nhap-khau-kien-giang.htm
5,UPCoM,Nguyên vật liệu,KHD,CTCP Khai thác Chế biến Khoáng sản Hải Dương,https://finance.vietstock.vn/KHD-ctcp-khai-thac-che-bien-khoang-san-hai-duong.htm
1,HOSE,Phát triển và quản lý bất động sản,KHG,CTCP Tập đoàn Khải Hoàn Land,https://finance.vietstock.vn/KHG-ctcp-tap-doan-khai-hoan-land.htm
5,UPCoM,Nguyên vật liệu,KHL,CTCP Khoáng Sản Và Vật Liệu Xây Dựng Hưng Long,https://finance.vietstock.vn/KHL-ctcp-khoang-san-va-vat-lieu-xay-dung-hung-long.htm
1,HOSE,Dịch vụ tiện ích,KHP,CTCP Điện lực Khánh Hòa,https://finance.vietstock.vn/KHP-ctcp-dien-luc-khanh-hoa.htm
2,HNX,"Thực phẩm, đồ uống và thuốc lá",KHS,CTCP Kiên Hùng,https://finance.vietstock.vn/KHS-ctcp-kien-hung.htm
5,UPCoM,Dịch vụ tiện ích,KHW,CTCP Cấp thoát nước Khánh Hòa,https://finance.vietstock.vn/KHW-ctcp-cap-thoat-nuoc-khanh-hoa.htm
5,UPCoM,Hàng tiêu dùng và trang trí,KIP,CTCP K.I.P Việt Nam,https://finance.vietstock.vn/KIP-ctcp-k-i-p-viet-nam.htm
2,HNX,Nguyên vật liệu,KKC,CTCP Tập Đoàn Thành Thái,https://finance.vietstock.vn/KKC-ctcp-tap-doan-thanh-thai.htm
5,UPCoM,Tổ chức tín dụng,KLB,Ngân hàng TMCP Kiên Long,https://finance.vietstock.vn/KLB-ngan-hang-tmcp-kien-long.htm
5,UPCoM,Phân phối và bán lẻ hàng lâu bền,KLF,CTCP Đầu tư Thương mại và Xuất nhập khẩu CFS,https://finance.vietstock.vn/KLF-ctcp-dau-tu-thuong-mai-va-xuat-nhap-khau-cfs.htm
1,HOSE,Hàng tiêu dùng và trang trí,KMR,CTCP Mirae,https://finance.vietstock.vn/KMR-ctcp-mirae.htm
2,HNX,Phân phối và bán lẻ hàng lâu bền,KMT,CTCP Kim khí Miền Trung,https://finance.vietstock.vn/KMT-ctcp-kim-khi-mien-trung.htm
1,HOSE,Phát triển và quản lý bất động sản,KOS,CTCP KOSY,https://finance.vietstock.vn/KOS-ctcp-kosy.htm
1,HOSE,Nguyên vật liệu,KPF,CTCP Đầu tư tài sản Koji,https://finance.vietstock.vn/KPF-ctcp-dau-tu-tai-san-koji.htm
1,HOSE,Nguyên vật liệu,KSB,CTCP Khoáng sản và Xây dựng Bình Dương,https://finance.vietstock.vn/KSB-ctcp-khoang-san-va-xay-dung-binh-duong.htm
2,HNX,Hàng tiêu dùng và trang trí,KSD,CTCP Đầu tư DNA,https://finance.vietstock.vn/KSD-ctcp-dau-tu-dna.htm
2,HNX,Phát triển và quản lý bất động sản,KSF,CTCP Tập đoàn Sunshine,https://finance.vietstock.vn/KSF-ctcp-tap-doan-sunshine.htm
5,UPCoM,Nguyên vật liệu,KSH,CTCP DAMAC GLS,https://finance.vietstock.vn/KSH-ctcp-damac-gls.htm
2,HNX,Nguyên vật liệu,KSQ,CTCP CNC Capital Việt Nam,https://finance.vietstock.vn/KSQ-ctcp-cnc-capital-viet-nam.htm
2,HNX,Dịch vụ viễn thông,KST,CTCP KASATI,https://finance.vietstock.vn/KST-ctcp-kasati.htm
2,HNX,Nguyên vật liệu,KSV,Tổng Công ty Khoáng sản TKV - CTCP,https://finance.vietstock.vn/KSV-tong-cong-ty-khoang-san-tkv-ctcp.htm
5,UPCoM,"Thực phẩm, đồ uống và thuốc lá",KTC,CTCP Thương mại Kiên Giang,https://finance.vietstock.vn/KTC-ctcp-thuong-mai-kien-giang.htm
5,UPCoM,Xe và linh kiện,KTL,CTCP Kim Khí Thăng Long,https://finance.vietstock.vn/KTL-ctcp-kim-khi-thang-long.htm
2,HNX,"Thực phẩm, đồ uống và thuốc lá",KTS,CTCP Đường Kon Tum,https://finance.vietstock.vn/KTS-ctcp-duong-kon-tum.htm
2,HNX,Tư liệu sản xuất,KTT,CTCP Tập đoàn Đầu tư KTT,https://finance.vietstock.vn/KTT-ctcp-tap-doan-dau-tu-ktt.htm
5,UPCoM,Dịch vụ tiện ích,KTW,CTCP Cấp nước Kon Tum,https://finance.vietstock.vn/KTW-ctcp-cap-nuoc-kon-tum.htm
5,UPCoM,Nguyên vật liệu,KVC,CTCP Sản xuất Xuất nhập khẩu Inox Kim Vĩ,https://finance.vietstock.vn/KVC-ctcp-san-xuat-xuat-nhap-khau-inox-kim-vi.htm
1,HOSE,Tư liệu sản xuất,L10,CTCP Lilama 10,https://finance.vietstock.vn/L10-ctcp-lilama-10.htm
5,UPCoM,Tư liệu sản xuất,L12,CTCP Licogi 12,https://finance.vietstock.vn/L12-ctcp-licogi-12.htm
2,HNX,Phát triển và quản lý bất động sản,L14,CTCP Licogi 14,https://finance.vietstock.vn/L14-ctcp-licogi-14.htm
2,HNX,Tư liệu sản xuất,L18,CTCP Đầu tư và Xây dựng Số 18,https://finance.vietstock.vn/L18-ctcp-dau-tu-va-xay-dung-so-18.htm
5,UPCoM,Tư liệu sản xuất,L35,CTCP Cơ khí Lắp máy Lilama,https://finance.vietstock.vn/L35-ctcp-co-khi-lap-may-lilama.htm
2,HNX,Tư liệu sản xuất,L40,CTCP Đầu Tư và Xây dựng 40,https://finance.vietstock.vn/L40-ctcp-dau-tu-va-xay-dung-40.htm
5,UPCoM,Tư liệu sản xuất,L43,CTCP Lilama 45.3,https://finance.vietstock.vn/L43-ctcp-lilama-45-3.htm
5,UPCoM,Tư liệu sản xuất,L44,CTCP Lilama 45.4,https://finance.vietstock.vn/L44-ctcp-lilama-45-4.htm
5,UPCoM,Hàng tiêu dùng và trang trí,L45,CTCP Lilama 45.1,https://finance.vietstock.vn/L45-ctcp-lilama-45-1.htm
5,UPCoM,Tư liệu sản xuất,L61,CTCP Lilama 69-1,https://finance.vietstock.vn/L61-ctcp-lilama-69-1.htm
5,UPCoM,Tư liệu sản xuất,L62,CTCP Lilama 69-2,https://finance.vietstock.vn/L62-ctcp-lilama-69-2.htm
5,UPCoM,Tư liệu sản xuất,L63,CTCP Lilama 69-3,https://finance.vietstock.vn/L63-ctcp-lilama-69-3.htm
1,HOSE,"Thực phẩm, đồ uống và thuốc lá",LAF,CTCP Chế biến hàng Xuất khẩu Long An,https://finance.vietstock.vn/LAF-ctcp-che-bien-hang-xuat-khau-long-an.htm
5,UPCoM,Phát triển và quản lý bất động sản,LAI,CTCP Đầu Tư Xây dựng Long An IDICO,https://finance.vietstock.vn/LAI-ctcp-dau-tu-xay-dung-long-an-idico.htm
2,HNX,Nguyên vật liệu,LAS,CTCP Supe Phốt phát và Hóa chất Lâm Thao,https://finance.vietstock.vn/LAS-ctcp-supe-phot-phat-va-hoa-chat-lam-thao.htm
5,UPCoM,Dịch vụ tiện ích,LAW,CTCP Cấp thoát nước Long An,https://finance.vietstock.vn/LAW-ctcp-cap-thoat-nuoc-long-an.htm
2,HNX,Truyền thông và giải trí,LBE,CTCP Đầu tư và Thương mại LABECO,https://finance.vietstock.vn/LBE-ctcp-dau-tu-va-thuong-mai-labeco.htm
1,HOSE,Nguyên vật liệu,LBM,CTCP Khoáng sản và Vật liệu Xây dựng Lâm Đồng,https://finance.vietstock.vn/LBM-ctcp-khoang-san-va-vat-lieu-xay-dung-lam-dong.htm
5,UPCoM,Nguyên vật liệu,LCC,CTCP Xi măng Hồng Phong,https://finance.vietstock.vn/LCC-ctcp-xi-mang-hong-phong.htm
2,HNX,Tư liệu sản xuất,LCD,CTCP Lắp máy - Thí nghiệm Cơ điện,https://finance.vietstock.vn/LCD-ctcp-lap-may-thi-nghiem-co-dien.htm
1,HOSE,Tư liệu sản xuất,LCG,CTCP Lizen,https://finance.vietstock.vn/LCG-ctcp-lizen.htm
5,UPCoM,Nguyên vật liệu,LCM,CTCP Khai thác và Chế biến khoáng sản Lào Cai,https://finance.vietstock.vn/LCM-ctcp-khai-thac-va-che-bien-khoang-san-lao-cai.htm
5,UPCoM,Tư liệu sản xuất,LCS,CTCP Licogi 166,https://finance.vietstock.vn/LCS-ctcp-licogi-166.htm
1,HOSE,Phát triển và quản lý bất động sản,LDG,CTCP Đầu tư LDG,https://finance.vietstock.vn/LDG-ctcp-dau-tu-ldg.htm
2,HNX,"Dược phẩm, Công nghệ sinh học và Khoa học thường thức",LDP,CTCP Dược Lâm Đồng (Ladophar),https://finance.vietstock.vn/LDP-ctcp-duoc-lam-dong-ladophar.htm
5,UPCoM,Dịch vụ tiện ích,LDW,CTCP Cấp thoát nước Lâm Đồng,https://finance.vietstock.vn/LDW-ctcp-cap-thoat-nuoc-lam-dong.htm
1,HOSE,Phát triển và quản lý bất động sản,LEC,CTCP Bất động sản Điện lực Miền Trung,https://finance.vietstock.vn/LEC-ctcp-bat-dong-san-dien-luc-mien-trung.htm
5,UPCoM,Tư liệu sản xuất,LG9,CTCP Cơ giới và Xây lắp Số 9,https://finance.vietstock.vn/LG9-ctcp-co-gioi-va-xay-lap-so-9.htm
1,HOSE,Tư liệu sản xuất,LGC,CTCP Đầu tư Cầu đường CII,https://finance.vietstock.vn/LGC-ctcp-dau-tu-cau-duong-cii.htm
1,HOSE,Phát triển và quản lý bất động sản,LGL,CTCP Đầu tư và Phát triển Đô thị Long Giang,https://finance.vietstock.vn/LGL-ctcp-dau-tu-va-phat-trien-do-thi-long-giang.htm
5,UPCoM,Hàng tiêu dùng và trang trí,LGM,CTCP Giày da và May mặc Xuất khẩu,https://finance.vietstock.vn/LGM-ctcp-giay-da-va-may-mac-xuat-khau.htm
2,HNX,Tư liệu sản xuất,LHC,CTCP Đầu tư và Xây dựng Thủy lợi Lâm Đồng,https://finance.vietstock.vn/LHC-ctcp-dau-tu-va-xay-dung-thuy-loi-lam-dong.htm
1,HOSE,Phát triển và quản lý bất động sản,LHG,CTCP Long Hậu,https://finance.vietstock.vn/LHG-ctcp-long-hau.htm
5,UPCoM,Tư liệu sản xuất,LIC,Tổng Công ty LICOGI - CTCP,https://finance.vietstock.vn/LIC-tong-cong-ty-licogi-ctcp.htm
2,HNX,Tư liệu sản xuất,LIG,CTCP Licogi 13,https://finance.vietstock.vn/LIG-ctcp-licogi-13.htm
1,HOSE,Đồ gia dụng và cá nhân,LIX,CTCP Bột Giặt Lix,https://finance.vietstock.vn/LIX-ctcp-bot-giat-lix.htm
5,UPCoM,Dịch vụ tiện ích,LKW,CTCP Cấp nước Long Khánh,https://finance.vietstock.vn/LKW-ctcp-cap-nuoc-long-khanh.htm
5,UPCoM,Tư liệu sản xuất,LLM,Tổng Công ty Lắp máy Việt Nam - CTCP,https://finance.vietstock.vn/LLM-tong-cong-ty-lap-may-viet-nam-ctcp.htm
5,UPCoM,Tư liệu sản xuất,LM3,CTCP Lilama 3,https://finance.vietstock.vn/LM3-ctcp-lilama-3.htm
5,UPCoM,Tư liệu sản xuất,LM7,CTCP Lilama 7,https://finance.vietstock.vn/LM7-ctcp-lilama-7.htm
1,HOSE,Tư liệu sản xuất,LM8,CTCP Lilama 18,https://finance.vietstock.vn/LM8-ctcp-lilama-18.htm
5,UPCoM,Nguyên vật liệu,LMC,CTCP Long Beach LMC,https://finance.vietstock.vn/LMC-ctcp-long-beach-lmc.htm
5,UPCoM,Phân phối và bán lẻ hàng lâu bền,LMH,CTCP Quốc Tế Holding,https://finance.vietstock.vn/LMH-ctcp-quoc-te-holding.htm
5,UPCoM,Tư liệu sản xuất,LMI,CTCP Đầu tư Xây dựng Lắp máy IDICO,https://finance.vietstock.vn/LMI-ctcp-dau-tu-xay-dung-lap-may-idico.htm
5,UPCoM,"Thực phẩm, đồ uống và thuốc lá",LNC,CTCP Lệ Ninh,https://finance.vietstock.vn/LNC-ctcp-le-ninh.htm
5,UPCoM,Tư liệu sản xuất,LO5,CTCP Lilama 5,https://finance.vietstock.vn/LO5-ctcp-lilama-5.htm
1,HOSE,Tổ chức tín dụng,LPB,Ngân hàng TMCP Lộc Phát Việt Nam,https://finance.vietstock.vn/LPB-ngan-hang-tmcp-loc-phat-viet-nam.htm
5,UPCoM,Phân phối và bán lẻ hàng lâu bền,LPT,CTCP Thương mại và Sản xuất Lập Phương Thành,https://finance.vietstock.vn/LPT-ctcp-thuong-mai-va-san-xuat-lap-phuong-thanh.htm
5,UPCoM,Nguyên vật liệu,LQN,CTCP Licogi Quảng Ngãi,https://finance.vietstock.vn/LQN-ctcp-licogi-quang-ngai.htm
5,UPCoM,Phát triển và quản lý bất động sản,LSG,CTCP Bất động sản Sài Gòn Vina,https://finance.vietstock.vn/LSG-ctcp-bat-dong-san-sai-gon-vina.htm
1,HOSE,"Thực phẩm, đồ uống và thuốc lá",LSS,CTCP Mía Đường Lam Sơn,https://finance.vietstock.vn/LSS-ctcp-mia-duong-lam-son.htm
5,UPCoM,Tư liệu sản xuất,LTC,CTCP Điện nhẹ Viễn Thông,https://finance.vietstock.vn/LTC-ctcp-dien-nhe-vien-thong.htm
5,UPCoM,"Thực phẩm, đồ uống và thuốc lá",LTG,CTCP Tập đoàn Lộc Trời,https://finance.vietstock.vn/LTG-ctcp-tap-doan-loc-troi.htm
5,UPCoM,Tư liệu sản xuất,LUT,CTCP Đầu tư Xây dựng Lương Tài,https://finance.vietstock.vn/LUT-ctcp-dau-tu-xay-dung-luong-tai.htm
5,UPCoM,Hàng tiêu dùng và trang trí,M10,Tổng Công ty May 10 - CTCP,https://finance.vietstock.vn/M10-tong-cong-ty-may-10-ctcp.htm
5,UPCoM,Phát triển và quản lý bất động sản,MA1,CTCP Thiết bị,https://finance.vietstock.vn/MA1-ctcp-thiet-bi.htm
2,HNX,Vận tải,MAC,CTCP Cung ứng và Dịch vụ Kỹ thuật Hàng Hải,https://finance.vietstock.vn/MAC-ctcp-cung-ung-va-dich-vu-ky-thuat-hang-hai.htm
2,HNX,Vận tải,MAS,CTCP Dịch vụ Hàng không Sân bay Đà Nẵng,https://finance.vietstock.vn/MAS-ctcp-dich-vu-hang-khong-san-bay-da-nang.htm
1,HOSE,Tổ chức tín dụng,MBB,Ngân hàng TMCP Quân Đội,https://finance.vietstock.vn/MBB-ngan-hang-tmcp-quan-doi.htm
2,HNX,Hàng tiêu dùng và trang trí,MBG,CTCP Tập đoàn MBG,https://finance.vietstock.vn/MBG-ctcp-tap-doan-mbg.htm
5,UPCoM,Dịch vụ tiện ích,MBN,CTCP Môi trường và Công trình đô thị Bắc Ninh,https://finance.vietstock.vn/MBN-ctcp-moi-truong-va-cong-trinh-do-thi-bac-ninh.htm
2,HNX,Dịch vụ tài chính,MBS,CTCP Chứng khoán MB,https://finance.vietstock.vn/MBS-ctcp-chung-khoan-mb.htm
2,HNX,Nguyên vật liệu,MCC,CTCP Gạch ngói Cao cấp,https://finance.vietstock.vn/MCC-ctcp-gach-ngoi-cao-cap.htm
2,HNX,"Thực phẩm, đồ uống và thuốc lá",MCF,CTCP Xây lắp Cơ khí và Lương thực Thực phẩm,https://finance.vietstock.vn/MCF-ctcp-xay-lap-co-khi-va-luong-thuc-thuc-pham.htm
5,UPCoM,Tư liệu sản xuất,MCG,CTCP Năng lượng và Bất động sản MCG,https://finance.vietstock.vn/MCG-ctcp-nang-luong-va-bat-dong-san-mcg.htm
5,UPCoM,"Thực phẩm, đồ uống và thuốc lá",MCH,CTCP Hàng tiêu dùng Masan,https://finance.vietstock.vn/MCH-ctcp-hang-tieu-dung-masan.htm
1,HOSE,"Thực phẩm, đồ uống và thuốc lá",MCM,CTCP Giống Bò sữa Mộc Châu,https://finance.vietstock.vn/MCM-ctcp-giong-bo-sua-moc-chau.htm
2,HNX,Tư liệu sản xuất,MCO,CTCP Đầu tư và Xây dựng BDC Việt Nam,https://finance.vietstock.vn/MCO-ctcp-dau-tu-va-xay-dung-bdc-viet-nam.htm
1,HOSE,Nguyên vật liệu,MCP,CTCP In và Bao bì Mỹ Châu,https://finance.vietstock.vn/MCP-ctcp-in-va-bao-bi-my-chau.htm
5,UPCoM,Dịch vụ tiện ích,MDA,CTCP Môi trường Đô thị Đông Anh,https://finance.vietstock.vn/MDA-ctcp-moi-truong-do-thi-dong-anh.htm
2,HNX,Năng lượng,MDC,CTCP Than Mông Dương - Vinacomin,https://finance.vietstock.vn/MDC-ctcp-than-mong-duong-vinacomin.htm
5,UPCoM,Nguyên vật liệu,MDF,CTCP Gỗ MDF VRG - Quảng Trị,https://finance.vietstock.vn/MDF-ctcp-go-mdf-vrg-quang-tri.htm
1,HOSE,Nguyên vật liệu,MDG,CTCP Miền Đông,https://finance.vietstock.vn/MDG-ctcp-mien-dong.htm
5,UPCoM,Tư liệu sản xuất,MEC,CTCP Cơ khí - Lắp máy Sông Đà,https://finance.vietstock.vn/MEC-ctcp-co-khi-lap-may-song-da.htm
2,HNX,"Dược phẩm, Công nghệ sinh học và Khoa học thường thức",MED,CTCP Dược Trung ương Mediplantex,https://finance.vietstock.vn/MED-ctcp-duoc-trung-uong-mediplantex.htm
5,UPCoM,Hàng tiêu dùng và trang trí,MEF,CTCP MEINFA,https://finance.vietstock.vn/MEF-ctcp-meinfa.htm
2,HNX,Nguyên vật liệu,MEL,CTCP Thép Mê Lin,https://finance.vietstock.vn/MEL-ctcp-thep-me-lin.htm
5,UPCoM,Tư liệu sản xuất,MES,CTCP Cơ điện Công trình,https://finance.vietstock.vn/MES-ctcp-co-dien-cong-trinh.htm
5,UPCoM,Dịch vụ viễn thông,MFS,CTCP Dịch vụ Kỹ thuật Mobifone,https://finance.vietstock.vn/MFS-ctcp-dich-vu-ky-thuat-mobifone.htm
5,UPCoM,Năng lượng,MGC,CTCP Địa chất mỏ - TKV,https://finance.vietstock.vn/MGC-ctcp-dia-chat-mo-tkv.htm
5,UPCoM,Hàng tiêu dùng và trang trí,MGG,Tổng Công ty Đức Giang - CTCP,https://finance.vietstock.vn/MGG-tong-cong-ty-duc-giang-ctcp.htm
5,UPCoM,Phát triển và quản lý bất động sản,MGR,CTCP Tập đoàn MGROUP,https://finance.vietstock.vn/MGR-ctcp-tap-doan-mgroup.htm
5,UPCoM,Phát triển và quản lý bất động sản,MH3,CTCP Khu Công nghiệp Cao su Bình Long,https://finance.vietstock.vn/MH3-ctcp-khu-cong-nghiep-cao-su-binh-long.htm
1,HOSE,Vận tải,MHC,CTCP MHC,https://finance.vietstock.vn/MHC-ctcp-mhc.htm
5,UPCoM,Hàng tiêu dùng và trang trí,MHL,CTCP Minh Hữu Liên,https://finance.vietstock.vn/MHL-ctcp-minh-huu-lien.htm
5,UPCoM,Nguyên vật liệu,MIC,CTCP Kỹ nghệ Khoáng sản Quảng Nam,https://finance.vietstock.vn/MIC-ctcp-ky-nghe-khoang-san-quang-nam.htm
5,UPCoM,Tư liệu sản xuất,MIE,Tổng Công ty Máy và Thiết bị Công nghiệp - CTCP,https://finance.vietstock.vn/MIE-tong-cong-ty-may-va-thiet-bi-cong-nghiep-ctcp.htm
1,HOSE,Bảo hiểm,MIG,Tổng Công ty cổ phần Bảo hiểm Quân Đội,https://finance.vietstock.vn/MIG-tong-cong-ty-co-phan-bao-hiem-quan-doi.htm
5,UPCoM,Nguyên vật liệu,MIM,CTCP Khoáng sản và Cơ khí,https://finance.vietstock.vn/MIM-ctcp-khoang-san-va-co-khi.htm
5,UPCoM,"Dược phẩm, Công nghệ sinh học và Khoa học thường thức",MKP,CTCP Hoá - Dược phẩm Mekophar,https://finance.vietstock.vn/MKP-ctcp-hoa-duoc-pham-mekophar.htm
2,HNX,"Dược phẩm, Công nghệ sinh học và Khoa học thường thức",MKV,CTCP Dược thú Y Cai Lậy,https://finance.vietstock.vn/MKV-ctcp-duoc-thu-y-cai-lay.htm
5,UPCoM,Dịch vụ tiện ích,MLC,CTCP Môi trường Đô thị Tỉnh Lào Cai,https://finance.vietstock.vn/MLC-ctcp-moi-truong-do-thi-tinh-lao-cai.htm
5,UPCoM,"Thực phẩm, đồ uống và thuốc lá",MLS,CTCP Chăn nuôi - Mitraco,https://finance.vietstock.vn/MLS-ctcp-chan-nuoi-mitraco.htm
5,UPCoM,"Thực phẩm, đồ uống và thuốc lá",MML,CTCP Masan MeatLife,https://finance.vietstock.vn/MML-ctcp-masan-meatlife.htm
5,UPCoM,Hàng tiêu dùng và trang trí,MNB,Tổng Công ty May Nhà Bè - CTCP,https://finance.vietstock.vn/MNB-tong-cong-ty-may-nha-be-ctcp.htm
5,UPCoM,Dịch vụ tiện ích,MND,CTCP Môi trường Nam Định,https://finance.vietstock.vn/MND-ctcp-moi-truong-nam-dinh.htm
5,UPCoM,"Thực phẩm, đồ uống và thuốc lá",MPC,CTCP Tập đoàn Thủy sản Minh Phú,https://finance.vietstock.vn/MPC-ctcp-tap-doan-thuy-san-minh-phu.htm
5,UPCoM,Hàng tiêu dùng và trang trí,MPT,CTCP Tập đoàn MPT,https://finance.vietstock.vn/MPT-ctcp-tap-doan-mpt.htm
5,UPCoM,Dịch vụ tiện ích,MPY,CTCP Môi trường Đô thị Phú Yên,https://finance.vietstock.vn/MPY-ctcp-moi-truong-do-thi-phu-yen.htm
5,UPCoM,Dịch vụ tiện ích,MQB,CTCP Môi trường và Phát triển Đô thị Quảng Bình,https://finance.vietstock.vn/MQB-ctcp-moi-truong-va-phat-trien-do-thi-quang-binh.htm
5,UPCoM,Dịch vụ tiện ích,MQN,CTCP Môi trường đô thị Quảng Ngãi,https://finance.vietstock.vn/MQN-ctcp-moi-truong-do-thi-quang-ngai.htm
5,UPCoM,Xe và linh kiện,MRF,CTCP Merufa,https://finance.vietstock.vn/MRF-ctcp-merufa.htm
1,HOSE,Tổ chức tín dụng,MSB,Ngân hàng TMCP Hàng hải Việt Nam,https://finance.vietstock.vn/MSB-ngan-hang-tmcp-hang-hai-viet-nam.htm
1,HOSE,Hàng tiêu dùng và trang trí,MSH,CTCP May Sông Hồng,https://finance.vietstock.vn/MSH-ctcp-may-song-hong.htm
1,HOSE,"Thực phẩm, đồ uống và thuốc lá",MSN,CTCP Tập đoàn Masan,https://finance.vietstock.vn/MSN-ctcp-tap-doan-masan.htm
5,UPCoM,Nguyên vật liệu,MSR,CTCP Masan High-Tech Materials,https://finance.vietstock.vn/MSR-ctcp-masan-high-tech-materials.htm
2,HNX,Tư liệu sản xuất,MST,CTCP Đầu tư MST,https://finance.vietstock.vn/MST-ctcp-dau-tu-mst.htm
5,UPCoM,Tư liệu sản xuất,PHH,CTCP Hồng Hà Việt Nam,https://finance.vietstock.vn/PHH-ctcp-hong-ha-viet-nam.htm
5,UPCoM,Nguyên vật liệu,MTA,Tổng Công ty Khoáng sản và Thương mại Hà Tĩnh -  CTCP,https://finance.vietstock.vn/MTA-tong-cong-ty-khoang-san-va-thuong-mai-ha-tinh-ctcp.htm
5,UPCoM,Dịch vụ chuyên biệt và thương mại,MTB,CTCP Môi trường và Công trình Đô thị Tỉnh Thái Bình,https://finance.vietstock.vn/MTB-ctcp-moi-truong-va-cong-trinh-do-thi-tinh-thai-binh.htm
5,UPCoM,Dịch vụ tiêu dùng,MTC,CTCP Dịch vụ Du lịch Mỹ Trà,https://finance.vietstock.vn/MTC-ctcp-dich-vu-du-lich-my-tra.htm
5,UPCoM,Dịch vụ tiện ích,MTG,CTCP MT Gas,https://finance.vietstock.vn/MTG-ctcp-mt-gas.htm
5,UPCoM,Dịch vụ tiện ích,MTH,CTCP Môi trường Đô thị Hà Đông,https://finance.vietstock.vn/MTH-ctcp-moi-truong-do-thi-ha-dong.htm
5,UPCoM,Dịch vụ tiện ích,MTL,CTCP Dịch vụ Môi trường Đô thị Từ Liêm,https://finance.vietstock.vn/MTL-ctcp-dich-vu-moi-truong-do-thi-tu-liem.htm
5,UPCoM,"Dược phẩm, Công nghệ sinh học và Khoa học thường thức",MTP,CTCP Dược Medipharco,https://finance.vietstock.vn/MTP-ctcp-duoc-medipharco.htm
5,UPCoM,Phân phối và bán lẻ hàng lâu bền,MTS,CTCP Vật tư - TKV,https://finance.vietstock.vn/MTS-ctcp-vat-tu-tkv.htm
5,UPCoM,Dịch vụ tiện ích,MTV,CTCP Dịch vụ Môi trường và Công trình Đô thị Vũng Tàu,https://finance.vietstock.vn/MTV-ctcp-dich-vu-moi-truong-va-cong-trinh-do-thi-vung-tau.htm
5,UPCoM,Dịch vụ chuyên biệt và thương mại,MTX,CTCP Công trình Đô thị Gò Công,https://finance.vietstock.vn/MTX-ctcp-cong-trinh-do-thi-go-cong.htm
2,HNX,Nguyên vật liệu,MVB,Tổng Công ty Công nghiệp mỏ Việt Bắc TKV - CTCP,https://finance.vietstock.vn/MVB-tong-cong-ty-cong-nghiep-mo-viet-bac-tkv-ctcp.htm
5,UPCoM,Phân phối và bán lẻ hàng lâu bền,MVC,CTCP Vật liệu và Xây dựng Bình Dương,https://finance.vietstock.vn/MVC-ctcp-vat-lieu-va-xay-dung-binh-duong.htm
5,UPCoM,Vận tải,MVN,Tổng Công ty Hàng hải Việt Nam - CTCP,https://finance.vietstock.vn/MVN-tong-cong-ty-hang-hai-viet-nam-ctcp.htm
1,HOSE,Phân phối và bán lẻ hàng lâu bền,MWG,CTCP Đầu tư Thế giới Di động,https://finance.vietstock.vn/MWG-ctcp-dau-tu-the-gioi-di-dong.htm
1,HOSE,Tổ chức tín dụng,NAB,Ngân hàng TMCP Nam Á,https://finance.vietstock.vn/NAB-ngan-hang-tmcp-nam-a.htm
5,UPCoM,Dịch vụ chuyên biệt và thương mại,NAC,CTCP Tư vấn Xây dựng Tổng hợp,https://finance.vietstock.vn/NAC-ctcp-tu-van-xay-dung-tong-hop.htm
1,HOSE,"Thực phẩm, đồ uống và thuốc lá",NAF,CTCP Nafoods Group,https://finance.vietstock.vn/NAF-ctcp-nafoods-group.htm
2,HNX,Hàng tiêu dùng và trang trí,NAG,CTCP Tập đoàn Nagakawa,https://finance.vietstock.vn/NAG-ctcp-tap-doan-nagakawa.htm
2,HNX,Vận tải,NAP,CTCP Cảng Nghệ Tĩnh,https://finance.vietstock.vn/NAP-ctcp-cang-nghe-tinh.htm
5,UPCoM,Vận tải,NAS,CTCP Dịch vụ Hàng không Sân bay Nội Bài,https://finance.vietstock.vn/NAS-ctcp-dich-vu-hang-khong-san-bay-noi-bai.htm
5,UPCoM,Dịch vụ tiện ích,NAU,CTCP Môi trường Đô thị Nghệ An,https://finance.vietstock.vn/NAU-ctcp-moi-truong-do-thi-nghe-an.htm
1,HOSE,Hàng tiêu dùng và trang trí,NAV,CTCP Nam Việt,https://finance.vietstock.vn/NAV-ctcp-nam-viet.htm
5,UPCoM,Dịch vụ tiện ích,NAW,CTCP Cấp nước Nghệ An,https://finance.vietstock.vn/NAW-ctcp-cap-nuoc-nghe-an.htm
1,HOSE,Phát triển và quản lý bất động sản,NBB,CTCP Đầu tư Năm Bảy Bảy,https://finance.vietstock.vn/NBB-ctcp-dau-tu-nam-bay-bay.htm
2,HNX,Năng lượng,NBC,CTCP Than Núi Béo - Vinacomin,https://finance.vietstock.vn/NBC-ctcp-than-nui-beo-vinacomin.htm
5,UPCoM,Truyền thông và giải trí,NBE,CTCP Sách và Thiết bị Giáo dục Miền Bắc,https://finance.vietstock.vn/NBE-ctcp-sach-va-thiet-bi-giao-duc-mien-bac.htm
2,HNX,Dịch vụ tiện ích,NBP,CTCP Nhiệt điện Ninh Bình,https://finance.vietstock.vn/NBP-ctcp-nhiet-dien-ninh-binh.htm
5,UPCoM,Dịch vụ tiện ích,NBT,CTCP Cấp thoát nước Bến Tre,https://finance.vietstock.vn/NBT-ctcp-cap-thoat-nuoc-ben-tre.htm
2,HNX,Dịch vụ tiện ích,NBW,CTCP Cấp nước Nhà Bè,https://finance.vietstock.vn/NBW-ctcp-cap-nuoc-nha-be.htm
5,UPCoM,"Thực phẩm, đồ uống và thuốc lá",NCG,CTCP Tập đoàn Nova Consumer,https://finance.vietstock.vn/NCG-ctcp-tap-doan-nova-consumer.htm
5,UPCoM,Vận tải,NCS,CTCP Suất ăn Hàng không Nội Bài,https://finance.vietstock.vn/NCS-ctcp-suat-an-hang-khong-noi-bai.htm
1,HOSE,Vận tải,NCT,CTCP Dịch vụ Hàng hóa Nội Bài,https://finance.vietstock.vn/NCT-ctcp-dich-vu-hang-hoa-noi-bai.htm
5,UPCoM,Tư liệu sản xuất,ND2,CTCP Đầu tư và Phát triển Điện Miền Bắc 2,https://finance.vietstock.vn/ND2-ctcp-dau-tu-va-phat-trien-dien-mien-bac-2.htm
5,UPCoM,"Dược phẩm, Công nghệ sinh học và Khoa học thường thức",NDC,CTCP Nam Dược,https://finance.vietstock.vn/NDC-ctcp-nam-duoc.htm
5,UPCoM,"Thực phẩm, đồ uống và thuốc lá",NDF,CTCP Chế biến Thực phẩm Nông sản xuất khẩu Nam Định,https://finance.vietstock.vn/NDF-ctcp-che-bien-thuc-pham-nong-san-xuat-khau-nam-dinh.htm
2,HNX,Phát triển và quản lý bất động sản,NDN,CTCP Đầu tư Phát triển Nhà Đà Nẵng,https://finance.vietstock.vn/NDN-ctcp-dau-tu-phat-trien-nha-da-nang.htm
5,UPCoM,"Dược phẩm, Công nghệ sinh học và Khoa học thường thức",NDP,CTCP Dược phẩm 2/9,https://finance.vietstock.vn/NDP-ctcp-duoc-pham-2-9.htm
5,UPCoM,Hàng tiêu dùng và trang trí,NDT,Tổng Công ty cổ phần Dệt May Nam Định,https://finance.vietstock.vn/NDT-tong-cong-ty-co-phan-det-may-nam-dinh.htm
5,UPCoM,Dịch vụ tiện ích,NDW,CTCP Cấp nước Nam Định,https://finance.vietstock.vn/NDW-ctcp-cap-nuoc-nam-dinh.htm
2,HNX,Tư liệu sản xuất,NDX,CTCP Xây lắp Phát triển Nhà Đà Nẵng,https://finance.vietstock.vn/NDX-ctcp-xay-lap-phat-trien-nha-da-nang.htm
5,UPCoM,Dịch vụ tiện ích,NED,CTCP Đầu tư và Phát triển Điện Tây Bắc,https://finance.vietstock.vn/NED-ctcp-dau-tu-va-phat-trien-dien-tay-bac.htm
5,UPCoM,Hàng tiêu dùng và trang trí,NEM,CTCP Thiết bị điện Miền Bắc,https://finance.vietstock.vn/NEM-ctcp-thiet-bi-dien-mien-bac.htm
2,HNX,Đồ gia dụng và cá nhân,NET,CTCP Bột giặt NET,https://finance.vietstock.vn/NET-ctcp-bot-giat-net.htm
2,HNX,Nguyên vật liệu,NFC,CTCP Phân lân Ninh Bình,https://finance.vietstock.vn/NFC-ctcp-phan-lan-ninh-binh.htm
5,UPCoM,"Thực phẩm, đồ uống và thuốc lá",NGC,CTCP Chế biến Thủy sản xuất khẩu Ngô Quyền,https://finance.vietstock.vn/NGC-ctcp-che-bien-thuy-san-xuat-khau-ngo-quyen.htm
1,HOSE,Phát triển và quản lý bất động sản,NHA,Tổng Công ty Đầu tư Phát triển Nhà và Đô thị Nam Hà Nội,https://finance.vietstock.vn/NHA-tong-cong-ty-dau-tu-phat-trien-nha-va-do-thi-nam-ha-noi.htm
2,HNX,Nguyên vật liệu,NHC,CTCP Gạch ngói Nhị Hiệp,https://finance.vietstock.vn/NHC-ctcp-gach-ngoi-nhi-hiep.htm
1,HOSE,Tư liệu sản xuất,NHH,CTCP Nhựa Hà Nội,https://finance.vietstock.vn/NHH-ctcp-nhua-ha-noi.htm
5,UPCoM,Nguyên vật liệu,NHP,CTCP Sản xuất Xuất nhập khẩu NHP,https://finance.vietstock.vn/NHP-ctcp-san-xuat-xuat-nhap-khau-nhp.htm
1,HOSE,Nguyên vật liệu,NHT,CTCP Sản xuất và Thương mại Nam Hoa,https://finance.vietstock.vn/NHT-ctcp-san-xuat-va-thuong-mai-nam-hoa.htm
5,UPCoM,Phân phối và bán lẻ hàng lâu bền,NHV,CTCP Sức Khỏe Hồi Sinh Việt Nam,https://finance.vietstock.vn/NHV-ctcp-suc-khoe-hoi-sinh-viet-nam.htm
5,UPCoM,Hàng tiêu dùng và trang trí,NJC,CTCP May Nam Định,https://finance.vietstock.vn/NJC-ctcp-may-nam-dinh.htm
1,HOSE,Nguyên vật liệu,NKG,CTCP Thép Nam Kim,https://finance.vietstock.vn/NKG-ctcp-thep-nam-kim.htm
1,HOSE,Phát triển và quản lý bất động sản,NLG,CTCP Đầu tư Nam Long,https://finance.vietstock.vn/NLG-ctcp-dau-tu-nam-long.htm
5,UPCoM,Dịch vụ tiện ích,NLS,CTCP Cấp thoát nước Lạng Sơn,https://finance.vietstock.vn/NLS-ctcp-cap-thoat-nuoc-lang-son.htm
1,HOSE,Nguyên vật liệu,NNC,CTCP Đá Núi Nhỏ,https://finance.vietstock.vn/NNC-ctcp-da-nui-nho.htm
5,UPCoM,Dịch vụ tiện ích,NNT,CTCP Cấp nước Ninh Thuận,https://finance.vietstock.vn/NNT-ctcp-cap-nuoc-ninh-thuan.htm
1,HOSE,Phân phối và bán lẻ hàng lâu bền,NO1,CTCP Tập đoàn 911,https://finance.vietstock.vn/NO1-ctcp-tap-doan-911.htm
5,UPCoM,Vận tải,NOS,CTCP Vận tải biển và Thương mại Phương Đông,https://finance.vietstock.vn/NOS-ctcp-van-tai-bien-va-thuong-mai-phuong-dong.htm
5,UPCoM,Dịch vụ tiện ích,NQB,CTCP Cấp nước Quảng Bình,https://finance.vietstock.vn/NQB-ctcp-cap-nuoc-quang-binh.htm
5,UPCoM,Dịch vụ tiện ích,NQN,CTCP Nước sạch Quảng Ninh,https://finance.vietstock.vn/NQN-ctcp-nuoc-sach-quang-ninh.htm
5,UPCoM,Dịch vụ tiện ích,NQT,CTCP Nước sạch Quảng Trị,https://finance.vietstock.vn/NQT-ctcp-nuoc-sach-quang-tri.htm
2,HNX,Phát triển và quản lý bất động sản,NRC,CTCP Tập Đoàn Danh Khôi,https://finance.vietstock.vn/NRC-ctcp-tap-doan-danh-khoi.htm
5,UPCoM,Dịch vụ tiện ích,NS2,CTCP Nước sạch Số 2 Hà Nội,https://finance.vietstock.vn/NS2-ctcp-nuoc-sach-so-2-ha-noi.htm
1,HOSE,"Thực phẩm, đồ uống và thuốc lá",NSC,CTCP Tập đoàn Giống cây trồng Việt Nam,https://finance.vietstock.vn/NSC-ctcp-tap-doan-giong-cay-trong-viet-nam.htm
5,UPCoM,Nguyên vật liệu,NSG,CTCP Nhựa Sài Gòn,https://finance.vietstock.vn/NSG-ctcp-nhua-sai-gon.htm
2,HNX,Nguyên vật liệu,NSH,CTCP Tập Đoàn Nhôm Sông Hồng Shalumi,https://finance.vietstock.vn/NSH-ctcp-tap-doan-nhom-song-hong-shalumi.htm
5,UPCoM,Dịch vụ tiện ích,NSL,CTCP Cấp nước Sơn La,https://finance.vietstock.vn/NSL-ctcp-cap-nuoc-son-la.htm
5,UPCoM,"Thực phẩm, đồ uống và thuốc lá",NSS,CTCP Nông Súc Sản Đồng Nai,https://finance.vietstock.vn/NSS-ctcp-nong-suc-san-dong-nai.htm
2,HNX,"Thực phẩm, đồ uống và thuốc lá",NST,CTCP Ngân Sơn,https://finance.vietstock.vn/NST-ctcp-ngan-son.htm
1,HOSE,Dịch vụ tiện ích,NT2,CTCP Điện lực Dầu khí Nhơn Trạch 2,https://finance.vietstock.vn/NT2-ctcp-dien-luc-dau-khi-nhon-trach-2.htm
5,UPCoM,Tư liệu sản xuất,NTB,CTCP Đầu tư Xây dựng và Khai thác Công trình Giao thông 584,https://finance.vietstock.vn/NTB-ctcp-dau-tu-xay-dung-va-khai-thac-cong-trinh-giao-thong-584.htm
5,UPCoM,Phát triển và quản lý bất động sản,NTC,CTCP Khu Công nghiệp Nam Tân Uyên,https://finance.vietstock.vn/NTC-ctcp-khu-cong-nghiep-nam-tan-uyen.htm
5,UPCoM,"Dược phẩm, Công nghệ sinh học và Khoa học thường thức",NTF,CTCP Dược - Vật tư Y tế Nghệ An,https://finance.vietstock.vn/NTF-ctcp-duoc-vat-tu-y-te-nghe-an.htm
2,HNX,Dịch vụ tiện ích,NTH,CTCP Thủy điện Nước Trong,https://finance.vietstock.vn/NTH-ctcp-thuy-dien-nuoc-trong.htm
1,HOSE,Phát triển và quản lý bất động sản,NTL,CTCP Phát triển Đô thị Từ Liêm,https://finance.vietstock.vn/NTL-ctcp-phat-trien-do-thi-tu-liem.htm
2,HNX,Nguyên vật liệu,NTP,CTCP Nhựa Thiếu niên Tiền Phong,https://finance.vietstock.vn/NTP-ctcp-nhua-thieu-nien-tien-phong.htm
5,UPCoM,Hàng tiêu dùng và trang trí,NTT,CTCP Dệt - May Nha Trang,https://finance.vietstock.vn/NTT-ctcp-det-may-nha-trang.htm
5,UPCoM,Dịch vụ tiện ích,NTW,CTCP Cấp nước Nhơn Trạch,https://finance.vietstock.vn/NTW-ctcp-cap-nuoc-nhon-trach.htm
5,UPCoM,Dịch vụ tiện ích,NUE,CTCP Môi trường Đô thị Nha Trang,https://finance.vietstock.vn/NUE-ctcp-moi-truong-do-thi-nha-trang.htm
2,HNX,Tổ chức tín dụng,NVB,Ngân hàng TMCP Quốc Dân,https://finance.vietstock.vn/NVB-ngan-hang-tmcp-quoc-dan.htm
1,HOSE,Phát triển và quản lý bất động sản,NVL,CTCP Tập đoàn Đầu tư Địa ốc No Va ,https://finance.vietstock.vn/NVL-ctcp-tap-doan-dau-tu-dia-oc-no-va.htm
5,UPCoM,Dịch vụ tiện ích,NVP,CTCP Nước sạch Vĩnh Phúc,https://finance.vietstock.vn/NVP-ctcp-nuoc-sach-vinh-phuc.htm
1,HOSE,Dịch vụ tiêu dùng,NVT,CTCP Bất động sản Du lịch Ninh Vân Bay,https://finance.vietstock.vn/NVT-ctcp-bat-dong-san-du-lich-ninh-van-bay.htm
5,UPCoM,Vận tải,NWT,CTCP Vận tải Newway,https://finance.vietstock.vn/NWT-ctcp-van-tai-newway.htm
5,UPCoM,Phân phối và bán lẻ hàng lâu bền,NXT,CTCP Sản xuất và Cung ứng Vật liệu Xây dựng Kon Tum,https://finance.vietstock.vn/NXT-ctcp-san-xuat-va-cung-ung-vat-lieu-xay-dung-kon-tum.htm
1,HOSE,Tổ chức tín dụng,OCB,Ngân hàng TMCP Phương Đông,https://finance.vietstock.vn/OCB-ngan-hang-tmcp-phuong-dong.htm
2,HNX,Dịch vụ tiêu dùng,OCH,CTCP One Capital Hospitality,https://finance.vietstock.vn/OCH-ctcp-one-capital-hospitality.htm
5,UPCoM,Dịch vụ chuyên biệt và thương mại,ODE,CTCP Tập đoàn Truyền thông và Giải trí ODE,https://finance.vietstock.vn/ODE-ctcp-tap-doan-truyen-thong-va-giai-tri-ode.htm
1,HOSE,"Thực phẩm, đồ uống và thuốc lá",OGC,CTCP Tập đoàn Đại Dương,https://finance.vietstock.vn/OGC-ctcp-tap-doan-dai-duong.htm
5,UPCoM,Phân phối và bán lẻ hàng lâu bền,OIL,Tổng Công ty Dầu Việt Nam - CTCP,https://finance.vietstock.vn/OIL-tong-cong-ty-dau-viet-nam-ctcp.htm
2,HNX,Dịch vụ viễn thông,ONE,CTCP Công nghệ One,https://finance.vietstock.vn/ONE-ctcp-cong-nghe-one.htm
5,UPCoM,Dịch vụ tiêu dùng,ONW,CTCP Dịch vụ Một Thế Giới,https://finance.vietstock.vn/ONW-ctcp-dich-vu-mot-the-gioi.htm
1,HOSE,"Dược phẩm, Công nghệ sinh học và Khoa học thường thức",OPC,CTCP Dược phẩm OPC,https://finance.vietstock.vn/OPC-ctcp-duoc-pham-opc.htm
1,HOSE,Dịch vụ tài chính,ORS,CTCP Chứng khoán Tiên Phong,https://finance.vietstock.vn/ORS-ctcp-chung-khoan-tien-phong.htm
1,HOSE,Hàng tiêu dùng và trang trí,PAC,CTCP Pin Ắc quy Miền Nam,https://finance.vietstock.vn/PAC-ctcp-pin-ac-quy-mien-nam.htm
5,UPCoM,Phần mềm và dịch vụ,PAI,CTCP Công nghệ thông tin Viễn thông và Tự động hóa Dầu Khí,https://finance.vietstock.vn/PAI-ctcp-cong-nghe-thong-tin-vien-thong-va-tu-dong-hoa-dau-khi.htm
1,HOSE,"Thực phẩm, đồ uống và thuốc lá",PAN,CTCP Tập đoàn PAN,https://finance.vietstock.vn/PAN-ctcp-tap-doan-pan.htm
5,UPCoM,Vận tải,PAP,CTCP Dầu khí Đầu tư Khai thác Cảng Phước An,https://finance.vietstock.vn/PAP-ctcp-dau-khi-dau-tu-khai-thac-cang-phuoc-an.htm
5,UPCoM,Nguyên vật liệu,PAS,CTCP Quốc tế Phương Anh,https://finance.vietstock.vn/PAS-ctcp-quoc-te-phuong-anh.htm
5,UPCoM,Nguyên vật liệu,PAT,CTCP Phốt Pho Apatit Việt Nam,https://finance.vietstock.vn/PAT-ctcp-phot-pho-apatit-viet-nam.htm
5,UPCoM,"Dược phẩm, Công nghệ sinh học và Khoa học thường thức",PBC,CTCP Dược phẩm Trung Ương 1- Pharbaco,https://finance.vietstock.vn/PBC-ctcp-duoc-pham-trung-uong-1-pharbaco.htm
2,HNX,Nguyên vật liệu,PBP,CTCP Bao bì Dầu khí Việt Nam,https://finance.vietstock.vn/PBP-ctcp-bao-bi-dau-khi-viet-nam.htm
5,UPCoM,Nguyên vật liệu,PBT,CTCP Bao bì và Thương mại dầu khí Bình Sơn,https://finance.vietstock.vn/PBT-ctcp-bao-bi-va-thuong-mai-dau-khi-binh-son.htm
1,HOSE,Tư liệu sản xuất,PC1,CTCP Tập Đoàn PC1,https://finance.vietstock.vn/PC1-ctcp-tap-doan-pc1.htm
5,UPCoM,Tư liệu sản xuất,PCC,CTCP Tập đoàn Xây lắp 1 - Petrolimex,https://finance.vietstock.vn/PCC-ctcp-tap-doan-xay-lap-1-petrolimex.htm
2,HNX,Nguyên vật liệu,PCE,CTCP Phân bón và Hóa chất Dầu khí Miền Trung,https://finance.vietstock.vn/PCE-ctcp-phan-bon-va-hoa-chat-dau-khi-mien-trung.htm
5,UPCoM,Phân phối và bán lẻ hàng lâu bền,PCF,CTCP Cà phê PETEC,https://finance.vietstock.vn/PCF-ctcp-ca-phe-petec.htm
2,HNX,Dịch vụ tiện ích,PCG,CTCP Đầu tư Phát triển Gas Đô thị,https://finance.vietstock.vn/PCG-ctcp-dau-tu-phat-trien-gas-do-thi.htm
2,HNX,Nguyên vật liệu,PCH,CTCP Nhựa Picomat,https://finance.vietstock.vn/PCH-ctcp-nhua-picomat.htm
5,UPCoM,Công nghệ phần cứng và thiết bị,PCM,CTCP Vật liệu Xây dựng Bưu điện,https://finance.vietstock.vn/PCM-ctcp-vat-lieu-xay-dung-buu-dien.htm
5,UPCoM,Phân phối và bán lẻ hàng lâu bền,PCN,CTCP Hóa phẩm Dầu khí DMC - Miền Bắc,https://finance.vietstock.vn/PCN-ctcp-hoa-pham-dau-khi-dmc-mien-bac.htm
2,HNX,Phân phối và bán lẻ hàng lâu bền,PCT,CTCP Vận tải biển Global Pacific,https://finance.vietstock.vn/PCT-ctcp-van-tai-bien-global-pacific.htm
2,HNX,Nguyên vật liệu,PDB,CTCP Tập đoàn Đầu tư Din Capital,https://finance.vietstock.vn/PDB-ctcp-tap-doan-dau-tu-din-capital.htm
5,UPCoM,Dịch vụ tiêu dùng,PDC,CTCP Du lịch Dầu khí Phương Đông,https://finance.vietstock.vn/PDC-ctcp-du-lich-dau-khi-phuong-dong.htm
1,HOSE,Vận tải,PDN,CTCP Cảng Đồng Nai,https://finance.vietstock.vn/PDN-ctcp-cang-dong-nai.htm
1,HOSE,Phát triển và quản lý bất động sản,PDR,CTCP Phát triển Bất động sản Phát Đạt,https://finance.vietstock.vn/PDR-ctcp-phat-trien-bat-dong-san-phat-dat.htm
5,UPCoM,Vận tải,PDV,CTCP Vận Tải Và Tiếp Vận Phương Đông Việt,https://finance.vietstock.vn/PDV-ctcp-van-tai-va-tiep-van-phuong-dong-viet.htm
5,UPCoM,Nguyên vật liệu,PEC,CTCP Cơ khí Điện lực,https://finance.vietstock.vn/PEC-ctcp-co-khi-dien-luc.htm
5,UPCoM,Phân phối và bán lẻ hàng lâu bền,PEG,Tổng Công ty Thương mại Kỹ thuật và Đầu tư - CTCP,https://finance.vietstock.vn/PEG-tong-cong-ty-thuong-mai-ky-thuat-va-dau-tu-ctcp.htm
2,HNX,Tư liệu sản xuất,PEN,CTCP Xây lắp III Petrolimex,https://finance.vietstock.vn/PEN-ctcp-xay-lap-iii-petrolimex.htm
5,UPCoM,Phân phối và bán lẻ hàng lâu bền,PEQ,CTCP Thiết bị Xăng dầu Petrolimex,https://finance.vietstock.vn/PEQ-ctcp-thiet-bi-xang-dau-petrolimex.htm
1,HOSE,Phân phối và bán lẻ hàng lâu bền,PET,Tổng Công ty cổ phần Dịch vụ Tổng hợp Dầu khí,https://finance.vietstock.vn/PET-tong-cong-ty-co-phan-dich-vu-tong-hop-dau-khi.htm
5,UPCoM,Tư liệu sản xuất,PFL,CTCP Dầu khí Đông Đô,https://finance.vietstock.vn/PFL-ctcp-dau-khi-dong-do.htm
5,UPCoM,Tổ chức tín dụng,PGB,Ngân hàng TMCP Thịnh vượng và Phát triển,https://finance.vietstock.vn/PGB-ngan-hang-tmcp-thinh-vuong-va-phat-trien.htm
1,HOSE,Dịch vụ tiện ích,PGC,Tổng Công ty Gas Petrolimex - CTCP,https://finance.vietstock.vn/PGC-tong-cong-ty-gas-petrolimex-ctcp.htm
1,HOSE,Dịch vụ tiện ích,PGD,CTCP Phân phối khí thấp áp Dầu khí Việt Nam,https://finance.vietstock.vn/PGD-ctcp-phan-phoi-khi-thap-ap-dau-khi-viet-nam.htm
1,HOSE,Bảo hiểm,PGI,Tổng Công ty cổ phần Bảo hiểm Petrolimex,https://finance.vietstock.vn/PGI-tong-cong-ty-co-phan-bao-hiem-petrolimex.htm
2,HNX,Đồ gia dụng và cá nhân,PGN,CTCP Phụ Gia Nhựa,https://finance.vietstock.vn/PGN-ctcp-phu-gia-nhua.htm
2,HNX,Dịch vụ tiện ích,PGS,CTCP Kinh doanh Khí Miền Nam,https://finance.vietstock.vn/PGS-ctcp-kinh-doanh-khi-mien-nam.htm
2,HNX,Vận tải,PGT,CTCP PGT Holdings,https://finance.vietstock.vn/PGT-ctcp-pgt-holdings.htm
1,HOSE,Dịch vụ tiện ích,PGV,Tổng Công ty Phát điện 3 - CTCP,https://finance.vietstock.vn/PGV-tong-cong-ty-phat-dien-3-ctcp.htm
1,HOSE,Tư liệu sản xuất,PHC,CTCP Xây dựng Phục Hưng Holdings,https://finance.vietstock.vn/PHC-ctcp-xay-dung-phuc-hung-holdings.htm
3,OTC,NaN,HaChau,CTCP Hà Châu ,https://finance.vietstock.vn/HaChau-ctcp-ha-chau.htm
2,HNX,Hàng tiêu dùng và trang trí,PHN,CTCP Pin Hà Nội,https://finance.vietstock.vn/PHN-ctcp-pin-ha-noi.htm
5,UPCoM,Vận tải,PHP,CTCP Cảng Hải Phòng,https://finance.vietstock.vn/PHP-ctcp-cang-hai-phong.htm
1,HOSE,Nguyên vật liệu,PHR,CTCP Cao su Phước Hòa,https://finance.vietstock.vn/PHR-ctcp-cao-su-phuoc-hoa.htm
5,UPCoM,Dịch vụ tài chính,PHS,CTCP Chứng khoán Phú Hưng,https://finance.vietstock.vn/PHS-ctcp-chung-khoan-phu-hung.htm
2,HNX,Phần mềm và dịch vụ,PIA,CTCP Tin học Viễn thông Petrolimex,https://finance.vietstock.vn/PIA-ctcp-tin-hoc-vien-thong-petrolimex.htm
2,HNX,Dịch vụ tiện ích,PIC,CTCP Đầu tư Điện lực 3,https://finance.vietstock.vn/PIC-ctcp-dau-tu-dien-luc-3.htm
5,UPCoM,Dịch vụ chuyên biệt và thương mại,PID,CTCP Trang Trí Nội Thất Dầu khí,https://finance.vietstock.vn/PID-ctcp-trang-tri-noi-that-dau-khi.htm
5,UPCoM,Nguyên vật liệu,PIS,Tổng Công ty Pisico Bình Định - CTCP,https://finance.vietstock.vn/PIS-tong-cong-ty-pisico-binh-dinh-ctcp.htm
1,HOSE,Phân phối và bán lẻ hàng lâu bền,PIT,CTCP Xuất nhập khẩu Petrolimex,https://finance.vietstock.vn/PIT-ctcp-xuat-nhap-khau-petrolimex.htm
5,UPCoM,Phân phối và bán lẻ hàng lâu bền,PIV,CTCP PIV,https://finance.vietstock.vn/PIV-ctcp-piv.htm
2,HNX,Vận tải,PJC,CTCP Thương mại và Vận tải Petrolimex Hà Nội,https://finance.vietstock.vn/PJC-ctcp-thuong-mai-va-van-tai-petrolimex-ha-noi.htm
5,UPCoM,Dịch vụ tiện ích,PJS,CTCP Cấp nước Phú Hòa Tân,https://finance.vietstock.vn/PJS-ctcp-cap-nuoc-phu-hoa-tan.htm
1,HOSE,Vận tải,PJT,CTCP Vận tải Xăng dầu đường Thủy Petrolimex,https://finance.vietstock.vn/PJT-ctcp-van-tai-xang-dau-duong-thuy-petrolimex.htm
5,UPCoM,Phát triển và quản lý bất động sản,PLA,CTCP Đầu tư và Dịch vụ Hạ tầng Xăng dầu,https://finance.vietstock.vn/PLA-ctcp-dau-tu-va-dich-vu-ha-tang-xang-dau.htm
2,HNX,Nguyên vật liệu,PLC,Tổng Công ty Hóa dầu Petrolimex - CTCP,https://finance.vietstock.vn/PLC-tong-cong-ty-hoa-dau-petrolimex-ctcp.htm
5,UPCoM,Dịch vụ chuyên biệt và thương mại,PLE,CTCP Tư vấn Xây dựng Petrolimex,https://finance.vietstock.vn/PLE-ctcp-tu-van-xay-dung-petrolimex.htm
5,UPCoM,Phân phối và bán lẻ hàng lâu bền,PLO,CTCP Kho Vận Petec,https://finance.vietstock.vn/PLO-ctcp-kho-van-petec.htm
1,HOSE,Nguyên vật liệu,PLP,CTCP Sản xuất và Công nghệ Nhựa Pha Lê,https://finance.vietstock.vn/PLP-ctcp-san-xuat-va-cong-nghe-nhua-pha-le.htm
1,HOSE,Phân phối và bán lẻ hàng lâu bền,PLX,Tập đoàn Xăng Dầu Việt Nam,https://finance.vietstock.vn/PLX-tap-doan-xang-dau-viet-nam.htm
2,HNX,Nguyên vật liệu,PMB,CTCP Phân bón và Hóa chất  Dầu khí Miền Bắc,https://finance.vietstock.vn/PMB-ctcp-phan-bon-va-hoa-chat-dau-khi-mien-bac.htm
2,HNX,"Dược phẩm, Công nghệ sinh học và Khoa học thường thức",PMC,CTCP Dược phẩm Dược liệu Pharmedic,https://finance.vietstock.vn/PMC-ctcp-duoc-pham-duoc-lieu-pharmedic.htm
1,HOSE,Phân phối và bán lẻ hàng lâu bền,PMG,CTCP Đầu tư và Sản xuất Petro Miền Trung,https://finance.vietstock.vn/PMG-ctcp-dau-tu-va-san-xuat-petro-mien-trung.htm
5,UPCoM,Phân phối và bán lẻ hàng lâu bền,PMJ,CTCP Vật tư Bưu Điện,https://finance.vietstock.vn/PMJ-ctcp-vat-tu-buu-dien.htm
2,HNX,Nguyên vật liệu,PMP,CTCP Bao bì đạm Phú Mỹ,https://finance.vietstock.vn/PMP-ctcp-bao-bi-dam-phu-my.htm
2,HNX,Nguyên vật liệu,PMS,CTCP Cơ khí Xăng dầu,https://finance.vietstock.vn/PMS-ctcp-co-khi-xang-dau.htm
5,UPCoM,Dịch vụ viễn thông,PMT,CTCP Viễn thông TELVINA Việt Nam,https://finance.vietstock.vn/PMT-ctcp-vien-thong-telvina-viet-nam.htm
5,UPCoM,Dịch vụ tiện ích,PMW,CTCP Cấp nước Phú Mỹ,https://finance.vietstock.vn/PMW-ctcp-cap-nuoc-phu-my.htm
1,HOSE,Phân phối và bán lẻ hàng lâu bền,PNC,CTCP Văn hóa Phương Nam,https://finance.vietstock.vn/PNC-ctcp-van-hoa-phuong-nam.htm
5,UPCoM,Phân phối và bán lẻ hàng lâu bền,PND,CTCP Xăng dầu Dầu khí Nam Định,https://finance.vietstock.vn/PND-ctcp-xang-dau-dau-khi-nam-dinh.htm
5,UPCoM,Phân phối và bán lẻ hàng lâu bền,PNG,CTCP Thương mại Phú Nhuận,https://finance.vietstock.vn/PNG-ctcp-thuong-mai-phu-nhuan.htm
1,HOSE,Phân phối và bán lẻ hàng lâu bền,PNJ,CTCP Vàng bạc Đá quý Phú Nhuận,https://finance.vietstock.vn/PNJ-ctcp-vang-bac-da-quy-phu-nhuan.htm
5,UPCoM,Vận tải,PNP,CTCP Tân Cảng - Phú Hữu,https://finance.vietstock.vn/PNP-ctcp-tan-cang-phu-huu.htm
5,UPCoM,Phát triển và quản lý bất động sản,PNT,CTCP Kỹ thuật Xây dựng Phú Nhuận,https://finance.vietstock.vn/PNT-ctcp-ky-thuat-xay-dung-phu-nhuan.htm
5,UPCoM,Phân phối và bán lẻ hàng lâu bền,POB,CTCP Xăng dầu Dầu khí Thái Bình,https://finance.vietstock.vn/POB-ctcp-xang-dau-dau-khi-thai-binh.htm
5,UPCoM,Nguyên vật liệu,POM,CTCP Thép Pomina,https://finance.vietstock.vn/POM-ctcp-thep-pomina.htm
5,UPCoM,Năng lượng,POS,"CTCP Dịch vụ Lắp đặt, Vận hành và Bảo dưỡng Công trình Dầu khí Biển PTSC",https://finance.vietstock.vn/POS-ctcp-dich-vu-lap-dat-van-hanh-va-bao-duong-cong-trinh-dau-khi-bien-ptsc.htm
2,HNX,Công nghệ phần cứng và thiết bị,POT,CTCP Thiết bị Bưu điện,https://finance.vietstock.vn/POT-ctcp-thiet-bi-buu-dien.htm
5,UPCoM,Phân phối và bán lẻ hàng lâu bền,POV,CTCP Xăng dầu Dầu khí Vũng Áng,https://finance.vietstock.vn/POV-ctcp-xang-dau-dau-khi-vung-ang.htm
1,HOSE,Dịch vụ tiện ích,POW,Tổng Công ty Điện lực Dầu khí Việt Nam - CTCP,https://finance.vietstock.vn/POW-tong-cong-ty-dien-luc-dau-khi-viet-nam-ctcp.htm
1,HOSE,Dịch vụ tiện ích,PPC,CTCP Nhiệt điện Phả Lại,https://finance.vietstock.vn/PPC-ctcp-nhiet-dien-pha-lai.htm
2,HNX,Dịch vụ chuyên biệt và thương mại,PPE,CTCP Tư vấn đầu tư PP Enterprise,https://finance.vietstock.vn/PPE-ctcp-tu-van-dau-tu-pp-enterprise.htm
5,UPCoM,Hàng tiêu dùng và trang trí,PPH,Tổng Công ty cổ phần Phong Phú,https://finance.vietstock.vn/PPH-tong-cong-ty-co-phan-phong-phu.htm
5,UPCoM,Phát triển và quản lý bất động sản,PPI,CTCP Đầu tư và Phát triển Dự án Hạ tầng Thái Bình Dương,https://finance.vietstock.vn/PPI-ctcp-dau-tu-va-phat-trien-du-an-ha-tang-thai-binh-duong.htm
2,HNX,"Dược phẩm, Công nghệ sinh học và Khoa học thường thức",PPP,CTCP Dược phẩm Phong Phú,https://finance.vietstock.vn/PPP-ctcp-duoc-pham-phong-phu.htm
2,HNX,Tư liệu sản xuất,PPS,CTCP Dịch vụ Kỹ thuật Điện lực Dầu khí Việt Nam,https://finance.vietstock.vn/PPS-ctcp-dich-vu-ky-thuat-dien-luc-dau-khi-viet-nam.htm
2,HNX,Phân phối và bán lẻ hàng lâu bền,PPT,CTCP Petro Times,https://finance.vietstock.vn/PPT-ctcp-petro-times.htm
2,HNX,Phân phối và bán lẻ hàng lâu bền,PPY,CTCP Xăng dầu Dầu khí Phú Yên,https://finance.vietstock.vn/PPY-ctcp-xang-dau-dau-khi-phu-yen.htm
5,UPCoM,Tư liệu sản xuất,PQN,CTCP Dịch vụ Dầu khí Quảng Ngãi PTSC,https://finance.vietstock.vn/PQN-ctcp-dich-vu-dau-khi-quang-ngai-ptsc.htm
2,HNX,Vận tải,PRC,CTCP Logistics Portserco,https://finance.vietstock.vn/PRC-ctcp-logistics-portserco.htm
2,HNX,Bảo hiểm,PRE,Tổng Công ty cổ phần Tái bảo hiểm Hà Nội,https://finance.vietstock.vn/PRE-tong-cong-ty-co-phan-tai-bao-hiem-ha-noi.htm
5,UPCoM,"Thực phẩm, đồ uống và thuốc lá",PRO,CTCP Procimex Việt Nam,https://finance.vietstock.vn/PRO-ctcp-procimex-viet-nam.htm
5,UPCoM,Hàng tiêu dùng và trang trí,PRT,Tổng Công ty Sản xuất - Xuất nhập khẩu Bình Dương - CTCP,https://finance.vietstock.vn/PRT-tong-cong-ty-san-xuat-xuat-nhap-khau-binh-duong-ctcp.htm
5,UPCoM,Năng lượng,PSB,CTCP Đầu tư Dầu khí Sao Mai - Bến Đình,https://finance.vietstock.vn/PSB-ctcp-dau-tu-dau-khi-sao-mai-ben-dinh.htm
2,HNX,Phân phối và bán lẻ hàng lâu bền,PSC,CTCP Vận tải và Dịch vụ Petrolimex Sài Gòn,https://finance.vietstock.vn/PSC-ctcp-van-tai-va-dich-vu-petrolimex-sai-gon.htm
2,HNX,Phân phối và bán lẻ hàng lâu bền,PSD,CTCP Dịch vụ Phân phối Tổng hợp Dầu khí,https://finance.vietstock.vn/PSD-ctcp-dich-vu-phan-phoi-tong-hop-dau-khi.htm
2,HNX,Nguyên vật liệu,PSE,CTCP Phân Bón và Hóa Chất Dầu khí Đông Nam Bộ,https://finance.vietstock.vn/PSE-ctcp-phan-bon-va-hoa-chat-dau-khi-dong-nam-bo.htm
5,UPCoM,Phát triển và quản lý bất động sản,PSG,CTCP Đầu Tư và Xây lắp Dầu khí Sài Gòn,https://finance.vietstock.vn/PSG-ctcp-dau-tu-va-xay-lap-dau-khi-sai-gon.htm
1,HOSE,Phân phối và bán lẻ hàng lâu bền,PSH,CTCP Thương mại Đầu tư Dầu khí Nam Sông Hậu,https://finance.vietstock.vn/PSH-ctcp-thuong-mai-dau-tu-dau-khi-nam-song-hau.htm
2,HNX,Dịch vụ tài chính,PSI,CTCP Chứng khoán Dầu khí,https://finance.vietstock.vn/PSI-ctcp-chung-khoan-dau-khi.htm
5,UPCoM,"Thực phẩm, đồ uống và thuốc lá",PSL,CTCP Chăn nuôi Phú Sơn,https://finance.vietstock.vn/PSL-ctcp-chan-nuoi-phu-son.htm
5,UPCoM,Vận tải,PSN,CTCP Dịch Vụ Kỹ Thuật PTSC Thanh Hóa,https://finance.vietstock.vn/PSN-ctcp-dich-vu-ky-thuat-ptsc-thanh-hoa.htm
5,UPCoM,Vận tải,PSP,CTCP Cảng Dịch vụ Dầu khí Đình Vũ,https://finance.vietstock.vn/PSP-ctcp-cang-dich-vu-dau-khi-dinh-vu.htm
2,HNX,Nguyên vật liệu,PSW,CTCP Phân bón và Hóa chất Dầu khí Tây Nam Bộ,https://finance.vietstock.vn/PSW-ctcp-phan-bon-va-hoa-chat-dau-khi-tay-nam-bo.htm
1,HOSE,Nguyên vật liệu,PTB,CTCP Phú Tài,https://finance.vietstock.vn/PTB-ctcp-phu-tai.htm
1,HOSE,Tư liệu sản xuất,PTC,CTCP Đầu Tư Icapital,https://finance.vietstock.vn/PTC-ctcp-dau-tu-icapital.htm
2,HNX,Tư liệu sản xuất,PTD,CTCP Thiết kế Xây dựng Thương mại Phúc Thịnh,https://finance.vietstock.vn/PTD-ctcp-thiet-ke-xay-dung-thuong-mai-phuc-thinh.htm
5,UPCoM,Nguyên vật liệu,PTE,CTCP Xi măng Phú Thọ,https://finance.vietstock.vn/PTE-ctcp-xi-mang-phu-tho.htm
5,UPCoM,Hàng tiêu dùng và trang trí,PTG,CTCP May Xuất khẩu Phan Thiết,https://finance.vietstock.vn/PTG-ctcp-may-xuat-khau-phan-thiet.htm
5,UPCoM,Phân phối và bán lẻ hàng lâu bền,PTH,CTCP Vận tải và Dịch vụ Petrolimex Hà Tây,https://finance.vietstock.vn/PTH-ctcp-van-tai-va-dich-vu-petrolimex-ha-tay.htm
2,HNX,Bảo hiểm,PTI,Tổng Công ty cổ phần Bảo hiểm Bưu điện,https://finance.vietstock.vn/PTI-tong-cong-ty-co-phan-bao-hiem-buu-dien.htm
1,HOSE,Phát triển và quản lý bất động sản,PTL,CTCP Victory Capital,https://finance.vietstock.vn/PTL-ctcp-victory-capital.htm
5,UPCoM,Tư liệu sản xuất,PTO,CTCP Dịch vụ - Xây dựng Công trình Bưu Điện,https://finance.vietstock.vn/PTO-ctcp-dich-vu-xay-dung-cong-trinh-buu-dien.htm
5,UPCoM,Dịch vụ viễn thông,PTP,CTCP Dịch vụ Viễn thông và In Bưu điện,https://finance.vietstock.vn/PTP-ctcp-dich-vu-vien-thong-va-in-buu-dien.htm
2,HNX,Vận tải,PTS,CTCP Vận tải và Dịch vụ Petrolimex Hải Phòng,https://finance.vietstock.vn/PTS-ctcp-van-tai-va-dich-vu-petrolimex-hai-phong.htm
5,UPCoM,Vận tải,PTT,CTCP Vận tải Dầu khí Đông Dương,https://finance.vietstock.vn/PTT-ctcp-van-tai-dau-khi-dong-duong.htm
5,UPCoM,Phân phối và bán lẻ hàng lâu bền,PTV,CTCP Thương mại Dầu khí,https://finance.vietstock.vn/PTV-ctcp-thuong-mai-dau-khi.htm
2,HNX,Phân phối và bán lẻ hàng lâu bền,PTX,CTCP Vận tải và Dịch vụ Petrolimex Nghệ Tĩnh,https://finance.vietstock.vn/PTX-ctcp-van-tai-va-dich-vu-petrolimex-nghe-tinh.htm
2,HNX,Phát triển và quản lý bất động sản,PV2,CTCP Đầu tư PV2,https://finance.vietstock.vn/PV2-ctcp-dau-tu-pv2.htm
5,UPCoM,Tư liệu sản xuất,PVA,CTCP Tổng Công ty Xây lắp Dầu khí Nghệ An,https://finance.vietstock.vn/PVA-ctcp-tong-cong-ty-xay-lap-dau-khi-nghe-an.htm
2,HNX,Năng lượng,PVB,CTCP Bọc ống Dầu khí Việt Nam,https://finance.vietstock.vn/PVB-ctcp-boc-ong-dau-khi-viet-nam.htm
2,HNX,Năng lượng,PVC,Tổng Công ty Hóa chất và Dịch vụ Dầu khí - CTCP,https://finance.vietstock.vn/PVC-tong-cong-ty-hoa-chat-va-dich-vu-dau-khi-ctcp.htm
1,HOSE,Năng lượng,PVD,Tổng Công ty cổ phần Khoan và Dịch vụ khoan Dầu khí ,https://finance.vietstock.vn/PVD-tong-cong-ty-co-phan-khoan-va-dich-vu-khoan-dau-khi.htm
5,UPCoM,Dịch vụ chuyên biệt và thương mại,PVE,Tổng Công ty Tư vấn thiết kế Dầu khí - CTCP,https://finance.vietstock.vn/PVE-tong-cong-ty-tu-van-thiet-ke-dau-khi-ctcp.htm
2,HNX,Dịch vụ tiện ích,PVG,CTCP Kinh doanh LPG Việt Nam,https://finance.vietstock.vn/PVG-ctcp-kinh-doanh-lpg-viet-nam.htm
5,UPCoM,Tư liệu sản xuất,PVH,CTCP Xây lắp Dầu khí Thanh Hóa,https://finance.vietstock.vn/PVH-ctcp-xay-lap-dau-khi-thanh-hoa.htm
2,HNX,Bảo hiểm,PVI,CTCP PVI,https://finance.vietstock.vn/PVI-ctcp-pvi.htm
5,UPCoM,Phát triển và quản lý bất động sản,PVL,CTCP Đầu tư Nhà Đất Việt,https://finance.vietstock.vn/PVL-ctcp-dau-tu-nha-dat-viet.htm
5,UPCoM,Tư liệu sản xuất,PVM,CTCP Máy - Thiết bị Dầu khí,https://finance.vietstock.vn/PVM-ctcp-may-thiet-bi-dau-khi.htm
5,UPCoM,Phân phối và bán lẻ hàng lâu bền,PVO,CTCP Dầu nhờn PV Oil,https://finance.vietstock.vn/PVO-ctcp-dau-nhon-pv-oil.htm
1,HOSE,Vận tải,PVP,CTCP Vận tải Dầu khí Thái Bình Dương,https://finance.vietstock.vn/PVP-ctcp-van-tai-dau-khi-thai-binh-duong.htm
5,UPCoM,Dịch vụ tài chính,PVR,CTCP Đầu tư PVR Hà Nội,https://finance.vietstock.vn/PVR-ctcp-dau-tu-pvr-ha-noi.htm
2,HNX,Năng lượng,PVS,Tổng Công ty cổ phần Dịch vụ Kỹ thuật Dầu khí Việt Nam,https://finance.vietstock.vn/PVS-tong-cong-ty-co-phan-dich-vu-ky-thuat-dau-khi-viet-nam.htm
1,HOSE,Vận tải,PVT,Tổng Công ty cổ phần Vận tải Dầu khí,https://finance.vietstock.vn/PVT-tong-cong-ty-co-phan-van-tai-dau-khi.htm
5,UPCoM,Phát triển và quản lý bất động sản,PVV,CTCP Vinaconex 39,https://finance.vietstock.vn/PVV-ctcp-vinaconex-39.htm
5,UPCoM,Tư liệu sản xuất,PVX,Tổng Công ty cổ phần Xây lắp Dầu khí Việt Nam,https://finance.vietstock.vn/PVX-tong-cong-ty-co-phan-xay-lap-dau-khi-viet-nam.htm
5,UPCoM,Tư liệu sản xuất,PVY,CTCP Chế tạo Giàn khoan Dầu khí,https://finance.vietstock.vn/PVY-ctcp-che-tao-gian-khoan-dau-khi.htm
5,UPCoM,Phát triển và quản lý bất động sản,PWA,CTCP Bất động sản Dầu khí,https://finance.vietstock.vn/PWA-ctcp-bat-dong-san-dau-khi.htm
5,UPCoM,Dịch vụ tiện ích,PWS,CTCP Cấp thoát nước Phú Yên,https://finance.vietstock.vn/PWS-ctcp-cap-thoat-nuoc-phu-yen.htm
5,UPCoM,Nguyên vật liệu,PX1,CTCP Xi măng Sông Lam 2,https://finance.vietstock.vn/PX1-ctcp-xi-mang-song-lam-2.htm
5,UPCoM,Phát triển và quản lý bất động sản,PXA,CTCP Đầu tư và Thương mại Dầu khí Nghệ An,https://finance.vietstock.vn/PXA-ctcp-dau-tu-va-thuong-mai-dau-khi-nghe-an.htm
5,UPCoM,Tư liệu sản xuất,PXC,CTCP Phát triển Đô thị Dầu khí,https://finance.vietstock.vn/PXC-ctcp-phat-trien-do-thi-dau-khi.htm
5,UPCoM,Phát triển và quản lý bất động sản,PXI,CTCP Xây dựng Công nghiệp và Dân dụng Dầu khí,https://finance.vietstock.vn/PXI-ctcp-xay-dung-cong-nghiep-va-dan-dung-dau-khi.htm
5,UPCoM,Phát triển và quản lý bất động sản,PXL,CTCP Đầu tư Khu Công nghiệp Dầu khí Long Sơn,https://finance.vietstock.vn/PXL-ctcp-dau-tu-khu-cong-nghiep-dau-khi-long-son.htm
5,UPCoM,Phân phối và bán lẻ hàng lâu bền,PXM,CTCP Xây lắp Dầu khí Miền Trung,https://finance.vietstock.vn/PXM-ctcp-xay-lap-dau-khi-mien-trung.htm
5,UPCoM,Tư liệu sản xuất,PXS,CTCP Kết cấu Kim loại và Lắp máy Dầu khí,https://finance.vietstock.vn/PXS-ctcp-ket-cau-kim-loai-va-lap-may-dau-khi.htm
5,UPCoM,Tư liệu sản xuất,PXT,CTCP Xây lắp Đường ống Bể chứa Dầu khí,https://finance.vietstock.vn/PXT-ctcp-xay-lap-duong-ong-be-chua-dau-khi.htm
5,UPCoM,Phân phối và bán lẻ hàng lâu bền,QBS,CTCP Xuất nhập khẩu Quảng Bình,https://finance.vietstock.vn/QBS-ctcp-xuat-nhap-khau-quang-binh.htm
5,UPCoM,Tư liệu sản xuất,QCC,CTCP Đầu tư Xây dựng và Phát triển Hạ tầng Viễn thông,https://finance.vietstock.vn/QCC-ctcp-dau-tu-xay-dung-va-phat-trien-ha-tang-vien-thong.htm
1,HOSE,Phát triển và quản lý bất động sản,QCG,CTCP Quốc Cường Gia Lai,https://finance.vietstock.vn/QCG-ctcp-quoc-cuong-gia-lai.htm
2,HNX,Tư liệu sản xuất,QHD,CTCP Que hàn điện Việt Đức,https://finance.vietstock.vn/QHD-ctcp-que-han-dien-viet-duc.htm
5,UPCoM,"Thực phẩm, đồ uống và thuốc lá",QHW,CTCP Nước khoáng Quảng Ninh,https://finance.vietstock.vn/QHW-ctcp-nuoc-khoang-quang-ninh.htm
5,UPCoM,Nguyên vật liệu,QNC,CTCP Xi măng và Xây dựng Quảng Ninh,https://finance.vietstock.vn/QNC-ctcp-xi-mang-va-xay-dung-quang-ninh.htm
1,HOSE,Vận tải,QNP,CTCP Cảng Quy Nhơn,https://finance.vietstock.vn/QNP-ctcp-cang-quy-nhon.htm
5,UPCoM,"Thực phẩm, đồ uống và thuốc lá",QNS,CTCP Đường Quảng Ngãi,https://finance.vietstock.vn/QNS-ctcp-duong-quang-ngai.htm
5,UPCoM,Dịch vụ chuyên biệt và thương mại,QNT,CTCP Tư vấn Phát triển Quảng Nam,https://finance.vietstock.vn/QNT-ctcp-tu-van-phat-trien-quang-nam.htm
5,UPCoM,Dịch vụ tiện ích,QNU,CTCP Môi trường Đô thị Quảng Nam,https://finance.vietstock.vn/QNU-ctcp-moi-truong-do-thi-quang-nam.htm
5,UPCoM,Dịch vụ tiện ích,QNW,CTCP Cấp thoát nước và Xây dựng Quảng Ngãi,https://finance.vietstock.vn/QNW-ctcp-cap-thoat-nuoc-va-xay-dung-quang-ngai.htm
5,UPCoM,Dịch vụ tiện ích,QPH,CTCP Thủy điện Quế Phong,https://finance.vietstock.vn/QPH-ctcp-thuy-dien-que-phong.htm
5,UPCoM,Vận tải,QSP,CTCP Tân Cảng Quy Nhơn,https://finance.vietstock.vn/QSP-ctcp-tan-cang-quy-nhon.htm
2,HNX,Truyền thông và giải trí,QST,CTCP Sách và Thiết bị Trường học Quảng Ninh,https://finance.vietstock.vn/QST-ctcp-sach-va-thiet-bi-truong-hoc-quang-ninh.htm
2,HNX,Tư liệu sản xuất,QTC,CTCP Công trình Giao thông Vận tải Quảng Nam,https://finance.vietstock.vn/QTC-ctcp-cong-trinh-giao-thong-van-tai-quang-nam.htm
5,UPCoM,Dịch vụ tiện ích,QTP,CTCP Nhiệt điện Quảng Ninh,https://finance.vietstock.vn/QTP-ctcp-nhiet-dien-quang-ninh.htm
1,HOSE,Hàng tiêu dùng và trang trí,RAL,CTCP Bóng đèn Phích nước Rạng Đông,https://finance.vietstock.vn/RAL-ctcp-bong-den-phich-nuoc-rang-dong.htm
5,UPCoM,Vận tải,RAT,CTCP Vận tải và Thương mại Đường sắt,https://finance.vietstock.vn/RAT-ctcp-van-tai-va-thuong-mai-duong-sat.htm
5,UPCoM,Xe và linh kiện,RBC,CTCP Công nghiệp và Xuất nhập khẩu Cao su,https://finance.vietstock.vn/RBC-ctcp-cong-nghiep-va-xuat-nhap-khau-cao-su.htm
5,UPCoM,Vận tải,RCC,CTCP Tổng Công ty Công trình Đường sắt,https://finance.vietstock.vn/RCC-ctcp-tong-cong-ty-cong-trinh-duong-sat.htm
5,UPCoM,Tư liệu sản xuất,RCD,CTCP  Xây dựng - Địa ốc Cao su,https://finance.vietstock.vn/RCD-ctcp-xay-dung-dia-oc-cao-su.htm
2,HNX,Phát triển và quản lý bất động sản,RCL,CTCP Địa ốc Chợ Lớn,https://finance.vietstock.vn/RCL-ctcp-dia-oc-cho-lon.htm
1,HOSE,Nguyên vật liệu,RDP,CTCP Rạng Đông Holding,https://finance.vietstock.vn/RDP-ctcp-rang-dong-holding.htm
1,HOSE,Dịch vụ tiện ích,REE,CTCP Cơ Điện Lạnh,https://finance.vietstock.vn/REE-ctcp-co-dien-lanh.htm
5,UPCoM,Dịch vụ tiêu dùng,RIC,CTCP Quốc tế Hoàng Gia,https://finance.vietstock.vn/RIC-ctcp-quoc-te-hoang-gia.htm
5,UPCoM,Nguyên vật liệu,RTB,CTCP Cao su Tân Biên,https://finance.vietstock.vn/RTB-ctcp-cao-su-tan-bien.htm
5,UPCoM,Tư liệu sản xuất,S12,CTCP Sông Đà 12,https://finance.vietstock.vn/S12-ctcp-song-da-12.htm
5,UPCoM,Hàng tiêu dùng và trang trí,S27,CTCP Sông Đà 27,https://finance.vietstock.vn/S27-ctcp-song-da-27.htm
1,HOSE,Dịch vụ tiện ích,S4A,CTCP Thủy điện Sê San 4A,https://finance.vietstock.vn/S4A-ctcp-thuy-dien-se-san-4a.htm
2,HNX,Tư liệu sản xuất,S55,CTCP Sông Đà 505,https://finance.vietstock.vn/S55-ctcp-song-da-505.htm
5,UPCoM,Dịch vụ tiện ích,S72,CTCP Sông Đà 7.02,https://finance.vietstock.vn/S72-ctcp-song-da-7-02.htm
5,UPCoM,Nguyên vật liệu,S74,CTCP Sông Đà 7.04,https://finance.vietstock.vn/S74-ctcp-song-da-7-04.htm
5,UPCoM,Tư liệu sản xuất,S96,CTCP Sông Đà 9.06,https://finance.vietstock.vn/S96-ctcp-song-da-9-06.htm
2,HNX,Tư liệu sản xuất,S99,CTCP SCI,https://finance.vietstock.vn/S99-ctcp-sci.htm
1,HOSE,"Thực phẩm, đồ uống và thuốc lá",SAB,Tổng Công ty cổ phần Bia - Rượu - Nước giải khát Sài Gòn,https://finance.vietstock.vn/SAB-tong-cong-ty-co-phan-bia-ruou-nuoc-giai-khat-sai-gon.htm
5,UPCoM,Vận tải,SAC,CTCP Xếp dỡ và Dịch vụ Cảng Sài Gòn,https://finance.vietstock.vn/SAC-ctcp-xep-do-va-dich-vu-cang-sai-gon.htm
2,HNX,"Thực phẩm, đồ uống và thuốc lá",SAF,CTCP Lương thực Thực phẩm Safoco,https://finance.vietstock.vn/SAF-ctcp-luong-thuc-thuc-pham-safoco.htm
5,UPCoM,Vận tải,SAL,CTCP Trục vớt Cứu hộ Việt Nam,https://finance.vietstock.vn/SAL-ctcp-truc-vot-cuu-ho-viet-nam.htm
1,HOSE,Hàng tiêu dùng và trang trí,SAM,CTCP SAM HOLDINGS,https://finance.vietstock.vn/SAM-ctcp-sam-holdings.htm
5,UPCoM,Dịch vụ chuyên biệt và thương mại,SAP,CTCP In Sách giáo khoa Thành phố Hồ Chí Minh,https://finance.vietstock.vn/SAP-ctcp-in-sach-giao-khoa-thanh-pho-ho-chi-minh.htm
5,UPCoM,Phân phối và bán lẻ hàng lâu bền,SAS,CTCP Dịch vụ Hàng không Sân bay Tân Sơn Nhất,https://finance.vietstock.vn/SAS-ctcp-dich-vu-hang-khong-san-bay-tan-son-nhat.htm
1,HOSE,Hàng tiêu dùng và trang trí,SAV,CTCP Hợp tác Kinh tế và Xuất nhập khẩu Savimex,https://finance.vietstock.vn/SAV-ctcp-hop-tac-kinh-te-va-xuat-nhap-khau-savimex.htm
5,UPCoM,"Thực phẩm, đồ uống và thuốc lá",SB1,CTCP Bia Sài Gòn - Nghệ Tĩnh,https://finance.vietstock.vn/SB1-ctcp-bia-sai-gon-nghe-tinh.htm
1,HOSE,Dịch vụ tiện ích,SBA,CTCP Sông Ba,https://finance.vietstock.vn/SBA-ctcp-song-ba.htm
5,UPCoM,"Thực phẩm, đồ uống và thuốc lá",SBB,CTCP Tập đoàn Bia Sài Gòn - Bình Tây,https://finance.vietstock.vn/SBB-ctcp-tap-doan-bia-sai-gon-binh-tay.htm
5,UPCoM,Truyền thông và giải trí,SBD,CTCP Công nghệ Sao Bắc Đẩu,https://finance.vietstock.vn/SBD-ctcp-cong-nghe-sao-bac-dau.htm
1,HOSE,Tư liệu sản xuất,SBG,CTCP Tập đoàn Cơ khí Công nghệ cao Siba,https://finance.vietstock.vn/SBG-ctcp-tap-doan-co-khi-cong-nghe-cao-siba.htm
5,UPCoM,Dịch vụ tiện ích,SBH,CTCP Thủy điện Sông Ba Hạ,https://finance.vietstock.vn/SBH-ctcp-thuy-dien-song-ba-ha.htm
5,UPCoM,"Thực phẩm, đồ uống và thuốc lá",SBL,CTCP Bia Sài Gòn - Bạc Liêu,https://finance.vietstock.vn/SBL-ctcp-bia-sai-gon-bac-lieu.htm
5,UPCoM,Dịch vụ tiện ích,SBM,CTCP Đầu tư Phát triển Bắc Minh,https://finance.vietstock.vn/SBM-ctcp-dau-tu-phat-trien-bac-minh.htm
5,UPCoM,Nguyên vật liệu,SBR,CTCP Cao su Sông Bé,https://finance.vietstock.vn/SBR-ctcp-cao-su-song-be.htm
5,UPCoM,Dịch vụ tài chính,SBS,CTCP Chứng khoán SBS,https://finance.vietstock.vn/SBS-ctcp-chung-khoan-sbs.htm
1,HOSE,"Thực phẩm, đồ uống và thuốc lá",SBT,CTCP Thành Thành Công - Biên Hòa,https://finance.vietstock.vn/SBT-ctcp-thanh-thanh-cong-bien-hoa.htm
1,HOSE,Hàng tiêu dùng và trang trí,SBV,CTCP Siam Brothers Việt Nam,https://finance.vietstock.vn/SBV-ctcp-siam-brothers-viet-nam.htm
1,HOSE,Tư liệu sản xuất,SC5,CTCP Xây dựng Số 5,https://finance.vietstock.vn/SC5-ctcp-xay-dung-so-5.htm
5,UPCoM,Nguyên vật liệu,SCC,CTCP Thương mại Đầu tư SHB,https://finance.vietstock.vn/SCC-ctcp-thuong-mai-dau-tu-shb.htm
5,UPCoM,"Thực phẩm, đồ uống và thuốc lá",SCD,CTCP Nước giải khát Chương Dương,https://finance.vietstock.vn/SCD-ctcp-nuoc-giai-khat-chuong-duong.htm
2,HNX,Tư liệu sản xuất,SCG,CTCP Tập đoàn Xây dựng SCG,https://finance.vietstock.vn/SCG-ctcp-tap-doan-xay-dung-scg.htm
2,HNX,Tư liệu sản xuất,SCI,CTCP SCI E&C,https://finance.vietstock.vn/SCI-ctcp-sci-ec.htm
5,UPCoM,Nguyên vật liệu,SCJ,CTCP Xi măng Sài Sơn,https://finance.vietstock.vn/SCJ-ctcp-xi-mang-sai-son.htm
5,UPCoM,Nguyên vật liệu,SCL,CTCP Sông Đà Cao Cường,https://finance.vietstock.vn/SCL-ctcp-song-da-cao-cuong.htm
5,UPCoM,Phân phối và bán lẻ hàng lâu bền,SCO,CTCP Công nghiệp Thủy sản,https://finance.vietstock.vn/SCO-ctcp-cong-nghiep-thuy-san.htm
1,HOSE,Phát triển và quản lý bất động sản,SCR,CTCP Địa ốc Sài Gòn Thương Tín,https://finance.vietstock.vn/SCR-ctcp-dia-oc-sai-gon-thuong-tin.htm
1,HOSE,Vận tải,SCS,CTCP Dịch vụ Hàng hóa Sài Gòn,https://finance.vietstock.vn/SCS-ctcp-dich-vu-hang-hoa-sai-gon.htm
5,UPCoM,Tư liệu sản xuất,SCY,CTCP Đóng tàu Sông Cấm,https://finance.vietstock.vn/SCY-ctcp-dong-tau-song-cam.htm
5,UPCoM,Tư liệu sản xuất,SD1,CTCP Sông Đà 1,https://finance.vietstock.vn/SD1-ctcp-song-da-1.htm
5,UPCoM,Tư liệu sản xuất,SD2,CTCP Sông Đà 2,https://finance.vietstock.vn/SD2-ctcp-song-da-2.htm
5,UPCoM,Dịch vụ tiện ích,SD3,CTCP Sông Đà 3,https://finance.vietstock.vn/SD3-ctcp-song-da-3.htm
5,UPCoM,Tư liệu sản xuất,SD4,CTCP Sông Đà 4,https://finance.vietstock.vn/SD4-ctcp-song-da-4.htm
2,HNX,Tư liệu sản xuất,SD5,CTCP Sông Đà 5,https://finance.vietstock.vn/SD5-ctcp-song-da-5.htm
5,UPCoM,Tư liệu sản xuất,SD6,CTCP Sông Đà 6,https://finance.vietstock.vn/SD6-ctcp-song-da-6.htm
5,UPCoM,Tư liệu sản xuất,SD7,CTCP Sông Đà 7,https://finance.vietstock.vn/SD7-ctcp-song-da-7.htm
5,UPCoM,Tư liệu sản xuất,SD8,CTCP Sông Đà 8,https://finance.vietstock.vn/SD8-ctcp-song-da-8.htm
2,HNX,Tư liệu sản xuất,SD9,CTCP Sông Đà 9,https://finance.vietstock.vn/SD9-ctcp-song-da-9.htm
2,HNX,Dịch vụ chuyên biệt và thương mại,SDA,CTCP Simco Sông Đà,https://finance.vietstock.vn/SDA-ctcp-simco-song-da.htm
5,UPCoM,Tư liệu sản xuất,SDB,CTCP Sông Đà 207,https://finance.vietstock.vn/SDB-ctcp-song-da-207.htm
2,HNX,Dịch vụ chuyên biệt và thương mại,SDC,CTCP Tư vấn Sông Đà,https://finance.vietstock.vn/SDC-ctcp-tu-van-song-da.htm
5,UPCoM,Tư liệu sản xuất,SDD,CTCP Đầu tư và Xây lắp Sông Đà,https://finance.vietstock.vn/SDD-ctcp-dau-tu-va-xay-lap-song-da.htm
2,HNX,Nguyên vật liệu,SDG,CTCP Sadico Cần Thơ,https://finance.vietstock.vn/SDG-ctcp-sadico-can-tho.htm
5,UPCoM,Tư liệu sản xuất,SDJ,CTCP Sông Đà 25,https://finance.vietstock.vn/SDJ-ctcp-song-da-25.htm
5,UPCoM,Tư liệu sản xuất,SDK,CTCP Cơ khí Luyện kim,https://finance.vietstock.vn/SDK-ctcp-co-khi-luyen-kim.htm
2,HNX,Nguyên vật liệu,SDN,CTCP Sơn Đồng Nai,https://finance.vietstock.vn/SDN-ctcp-son-dong-nai.htm
5,UPCoM,Phân phối và bán lẻ hàng lâu bền,SDP,CTCP SDP,https://finance.vietstock.vn/SDP-ctcp-sdp.htm
5,UPCoM,Tư liệu sản xuất,SDT,CTCP Sông Đà 10,https://finance.vietstock.vn/SDT-ctcp-song-da-10.htm
2,HNX,Phát triển và quản lý bất động sản,SDU,CTCP Đầu tư Xây dựng và Phát triển Đô thị Sông Đà,https://finance.vietstock.vn/SDU-ctcp-dau-tu-xay-dung-va-phat-trien-do-thi-song-da.htm
5,UPCoM,Dịch vụ chuyên biệt và thương mại,SDV,CTCP Dịch vụ Sonadezi,https://finance.vietstock.vn/SDV-ctcp-dich-vu-sonadezi.htm
5,UPCoM,Tư liệu sản xuất,SDX,CTCP Phòng cháy Chữa cháy và Đầu tư Xây dựng Sông Đà,https://finance.vietstock.vn/SDX-ctcp-phong-chay-chua-chay-va-dau-tu-xay-dung-song-da.htm
5,UPCoM,Nguyên vật liệu,SDY,CTCP Xi măng Sông Đà Yaly,https://finance.vietstock.vn/SDY-ctcp-xi-mang-song-da-yaly.htm
5,UPCoM,"Thực phẩm, đồ uống và thuốc lá",SEA,Tổng Công ty Thủy sản Việt Nam - CTCP,https://finance.vietstock.vn/SEA-tong-cong-ty-thuy-san-viet-nam-ctcp.htm
2,HNX,Dịch vụ tiện ích,SEB,CTCP Đầu tư và Phát triển Điện Miền Trung,https://finance.vietstock.vn/SEB-ctcp-dau-tu-va-phat-trien-dien-mien-trung.htm
2,HNX,Truyền thông và giải trí,SED,CTCP Đầu tư và Phát triển Giáo dục Phương Nam,https://finance.vietstock.vn/SED-ctcp-dau-tu-va-phat-trien-giao-duc-phuong-nam.htm
5,UPCoM,"Thực phẩm, đồ uống và thuốc lá",SEP,CTCP Tổng Công ty Thương mại Quảng Trị,https://finance.vietstock.vn/SEP-ctcp-tong-cong-ty-thuong-mai-quang-tri.htm
1,HOSE,Phân phối và bán lẻ hàng lâu bền,SFC,CTCP Nhiên liệu Sài Gòn,https://finance.vietstock.vn/SFC-ctcp-nhien-lieu-sai-gon.htm
1,HOSE,Nguyên vật liệu,SFG,CTCP Phân Bón Miền Nam,https://finance.vietstock.vn/SFG-ctcp-phan-bon-mien-nam.htm
1,HOSE,Vận tải,SFI,CTCP Đại lý Vận tải SAFI,https://finance.vietstock.vn/SFI-ctcp-dai-ly-van-tai-safi.htm
2,HNX,Nguyên vật liệu,SFN,CTCP Dệt lưới Sài Gòn,https://finance.vietstock.vn/SFN-ctcp-det-luoi-sai-gon.htm
5,UPCoM,Tổ chức tín dụng,SGB,Ngân hàng TMCP Sài Gòn Công Thương,https://finance.vietstock.vn/SGB-ngan-hang-tmcp-sai-gon-cong-thuong.htm
2,HNX,"Thực phẩm, đồ uống và thuốc lá",SGC,CTCP Xuất nhập khẩu Sa Giang,https://finance.vietstock.vn/SGC-ctcp-xuat-nhap-khau-sa-giang.htm
2,HNX,Truyền thông và giải trí,SGD,CTCP Sách Giáo dục tại Thành phố Hồ Chí Minh,https://finance.vietstock.vn/SGD-ctcp-sach-giao-duc-tai-thanh-pho-ho-chi-minh.htm
2,HNX,Dịch vụ tiêu dùng,SGH,CTCP Khách sạn Sài Gòn,https://finance.vietstock.vn/SGH-ctcp-khach-san-sai-gon.htm
5,UPCoM,Hàng tiêu dùng và trang trí,SGI,CTCP Đầu tư Phát triển Sài Gòn 3 Group,https://finance.vietstock.vn/SGI-ctcp-dau-tu-phat-trien-sai-gon-3-group.htm
1,HOSE,Vận tải,SGN,CTCP Phục vụ Mặt đất Sài Gòn,https://finance.vietstock.vn/SGN-ctcp-phuc-vu-mat-dat-sai-gon.htm
5,UPCoM,Vận tải,SGP,CTCP Cảng Sài Gòn,https://finance.vietstock.vn/SGP-ctcp-cang-sai-gon.htm
1,HOSE,Phát triển và quản lý bất động sản,SGR,CTCP Tổng CTCP Địa ốc Sài Gòn,https://finance.vietstock.vn/SGR-ctcp-tong-ctcp-dia-oc-sai-gon.htm
5,UPCoM,Vận tải,SGS,CTCP Vận tải biển Sài Gòn,https://finance.vietstock.vn/SGS-ctcp-van-tai-bien-sai-gon.htm
1,HOSE,Dịch vụ viễn thông,SGT,CTCP Công nghệ Viễn Thông Sài Gòn,https://finance.vietstock.vn/SGT-ctcp-cong-nghe-vien-thong-sai-gon.htm
1,HOSE,Hàng tiêu dùng và trang trí,SHA,CTCP Sơn Hà Sài Gòn,https://finance.vietstock.vn/SHA-ctcp-son-ha-sai-gon.htm
1,HOSE,Tổ chức tín dụng,SHB,Ngân hàng TMCP Sài Gòn - Hà Nội,https://finance.vietstock.vn/SHB-ngan-hang-tmcp-sai-gon-ha-noi.htm
5,UPCoM,Vận tải,SHC,CTCP Hàng hải Sài Gòn,https://finance.vietstock.vn/SHC-ctcp-hang-hai-sai-gon.htm
2,HNX,Tư liệu sản xuất,SHE,CTCP Phát triển Năng lượng Sơn Hà,https://finance.vietstock.vn/SHE-ctcp-phat-trien-nang-luong-son-ha.htm
5,UPCoM,Tư liệu sản xuất,SHG,Tổng Công ty cổ phần Sông Hồng,https://finance.vietstock.vn/SHG-tong-cong-ty-co-phan-song-hong.htm
1,HOSE,Nguyên vật liệu,SHI,CTCP Quốc tế Sơn Hà,https://finance.vietstock.vn/SHI-ctcp-quoc-te-son-ha.htm
2,HNX,Phân phối và bán lẻ hàng lâu bền,SHN,CTCP Đầu tư Tổng hợp Hà Nội,https://finance.vietstock.vn/SHN-ctcp-dau-tu-tong-hop-ha-noi.htm
1,HOSE,Dịch vụ tiện ích,SHP,CTCP Thủy điện Miền Nam,https://finance.vietstock.vn/SHP-ctcp-thuy-dien-mien-nam.htm
2,HNX,Dịch vụ tài chính,SHS,CTCP Chứng khoán Sài Gòn - Hà Nội,https://finance.vietstock.vn/SHS-ctcp-chung-khoan-sai-gon-ha-noi.htm
5,UPCoM,Phát triển và quản lý bất động sản,SID,CTCP Đầu tư Phát triển Sài Gòn Co.op,https://finance.vietstock.vn/SID-ctcp-dau-tu-phat-trien-sai-gon-co-op.htm
5,UPCoM,Dịch vụ chuyên biệt và thương mại,SIG,CTCP Đầu tư và Thương mại Sông Đà,https://finance.vietstock.vn/SIG-ctcp-dau-tu-va-thuong-mai-song-da.htm
5,UPCoM,Dịch vụ tiện ích,SII,CTCP Hạ tầng Nước Sài Gòn,https://finance.vietstock.vn/SII-ctcp-ha-tang-nuoc-sai-gon.htm
1,HOSE,Phát triển và quản lý bất động sản,SIP,CTCP Đầu tư Sài Gòn VRG,https://finance.vietstock.vn/SIP-ctcp-dau-tu-sai-gon-vrg.htm
5,UPCoM,Nguyên vật liệu,SIV,CTCP SIVICO,https://finance.vietstock.vn/SIV-ctcp-sivico.htm
5,UPCoM,Vận tải,TCW,CTCP Kho Vận Tân Cảng,https://finance.vietstock.vn/TCW-ctcp-kho-van-tan-cang.htm
2,HNX,"Thực phẩm, đồ uống và thuốc lá",SJ1,CTCP Nông nghiệp Hùng Hậu,https://finance.vietstock.vn/SJ1-ctcp-nong-nghiep-hung-hau.htm
5,UPCoM,Phát triển và quản lý bất động sản,SJC,CTCP Sông Đà 1.01,https://finance.vietstock.vn/SJC-ctcp-song-da-1-01.htm
1,HOSE,Dịch vụ tiện ích,SJD,CTCP Thủy điện Cần Đơn,https://finance.vietstock.vn/SJD-ctcp-thuy-dien-can-don.htm
2,HNX,Tư liệu sản xuất,SJE,CTCP Sông Đà 11,https://finance.vietstock.vn/SJE-ctcp-song-da-11.htm
1,HOSE,Nguyên vật liệu,SJF,CTCP Đầu tư Sao Thái Dương,https://finance.vietstock.vn/SJF-ctcp-dau-tu-sao-thai-duong.htm
5,UPCoM,Tư liệu sản xuất,SJG,Tổng Công ty Sông Đà - CTCP,https://finance.vietstock.vn/SJG-tong-cong-ty-song-da-ctcp.htm
5,UPCoM,Tư liệu sản xuất,SJM,CTCP Sông Đà 19,https://finance.vietstock.vn/SJM-ctcp-song-da-19.htm
1,HOSE,Phát triển và quản lý bất động sản,SJS,CTCP SJ Group,https://finance.vietstock.vn/SJS-ctcp-sj-group.htm
1,HOSE,Vận tải,SKG,CTCP Tàu cao tốc Superdong - Kiên Giang,https://finance.vietstock.vn/SKG-ctcp-tau-cao-toc-superdong-kien-giang.htm
5,UPCoM,"Thực phẩm, đồ uống và thuốc lá",SKH,CTCP Nước giải khát Sanest Khánh Hòa,https://finance.vietstock.vn/SKH-ctcp-nuoc-giai-khat-sanest-khanh-hoa.htm
5,UPCoM,"Thực phẩm, đồ uống và thuốc lá",SKN,CTCP Nước giải khát Sanna Khánh Hòa,https://finance.vietstock.vn/SKN-ctcp-nuoc-giai-khat-sanna-khanh-hoa.htm
5,UPCoM,"Thực phẩm, đồ uống và thuốc lá",SKV,CTCP Nước giải khát Yến sào Khánh Hòa,https://finance.vietstock.vn/SKV-ctcp-nuoc-giai-khat-yen-sao-khanh-hoa.htm
2,HNX,"Thực phẩm, đồ uống và thuốc lá",SLS,CTCP Mía Đường Sơn La,https://finance.vietstock.vn/SLS-ctcp-mia-duong-son-la.htm
1,HOSE,Phân phối và bán lẻ hàng lâu bền,SMA,CTCP Thiết bị Phụ tùng Sài Gòn,https://finance.vietstock.vn/SMA-ctcp-thiet-bi-phu-tung-sai-gon.htm
1,HOSE,"Thực phẩm, đồ uống và thuốc lá",SMB,CTCP Bia Sài Gòn - Miền Trung,https://finance.vietstock.vn/SMB-ctcp-bia-sai-gon-mien-trung.htm
1,HOSE,Phân phối và bán lẻ hàng lâu bền,SMC,CTCP Đầu tư Thương mại SMC,https://finance.vietstock.vn/SMC-ctcp-dau-tu-thuong-mai-smc.htm
2,HNX,Truyền thông và giải trí,SMN,CTCP Sách và Thiết bị Giáo dục Miền Nam,https://finance.vietstock.vn/SMN-ctcp-sach-va-thiet-bi-giao-duc-mien-nam.htm
2,HNX,Công nghệ phần cứng và thiết bị,SMT,CTCP Sametel,https://finance.vietstock.vn/SMT-ctcp-sametel.htm
5,UPCoM,"Thực phẩm, đồ uống và thuốc lá",SNC,CTCP Xuất nhập khẩu Thủy sản Năm Căn,https://finance.vietstock.vn/SNC-ctcp-xuat-nhap-khau-thuy-san-nam-can.htm
5,UPCoM,Phát triển và quản lý bất động sản,SNZ,Tổng Công ty cổ phần Phát triển Khu Công nghiệp,https://finance.vietstock.vn/SNZ-tong-cong-ty-co-phan-phat-trien-khu-cong-nghiep.htm
5,UPCoM,Dịch vụ tiện ích,SP2,CTCP Thủy điện Sử Pán 2,https://finance.vietstock.vn/SP2-ctcp-thuy-dien-su-pan-2.htm
5,UPCoM,Hàng tiêu dùng và trang trí,SPB,CTCP Sợi Phú Bài,https://finance.vietstock.vn/SPB-ctcp-soi-phu-bai.htm
2,HNX,Nguyên vật liệu,SPC,CTCP Bảo vệ Thực vật Sài Gòn,https://finance.vietstock.vn/SPC-ctcp-bao-ve-thuc-vat-sai-gon.htm
5,UPCoM,"Thực phẩm, đồ uống và thuốc lá",SPD,CTCP Xuất nhập khẩu Thủy sản Miền Trung,https://finance.vietstock.vn/SPD-ctcp-xuat-nhap-khau-thuy-san-mien-trung.htm
5,UPCoM,"Thực phẩm, đồ uống và thuốc lá",SPH,CTCP Xuất nhập khẩu Thủy sản Hà Nội,https://finance.vietstock.vn/SPH-ctcp-xuat-nhap-khau-thuy-san-ha-noi.htm
2,HNX,Nguyên vật liệu,SPI,CTCP Spiral Galaxy,https://finance.vietstock.vn/SPI-ctcp-spiral-galaxy.htm
1,HOSE,"Dược phẩm, Công nghệ sinh học và Khoa học thường thức",SPM,CTCP SPM,https://finance.vietstock.vn/SPM-ctcp-spm.htm
5,UPCoM,"Thực phẩm, đồ uống và thuốc lá",SPV,CTCP Thủy Đặc sản,https://finance.vietstock.vn/SPV-ctcp-thuy-dac-san.htm
5,UPCoM,Nguyên vật liệu,SQC,CTCP Khoáng sản Sài Gòn - Quy Nhơn,https://finance.vietstock.vn/SQC-ctcp-khoang-san-sai-gon-quy-nhon.htm
2,HNX,Phân phối và bán lẻ hàng lâu bền,SRA,CTCP Sara Việt Nam,https://finance.vietstock.vn/SRA-ctcp-sara-viet-nam.htm
5,UPCoM,Dịch vụ tiêu dùng,SRB,CTCP Tập đoàn Sara,https://finance.vietstock.vn/SRB-ctcp-tap-doan-sara.htm
1,HOSE,Xe và linh kiện,SRC,CTCP Cao su Sao Vàng,https://finance.vietstock.vn/SRC-ctcp-cao-su-sao-vang.htm
1,HOSE,Tư liệu sản xuất,SRF,CTCP SEAREFICO,https://finance.vietstock.vn/SRF-ctcp-searefico.htm
5,UPCoM,Vận tải,SRT,CTCP Vận tải Đường sắt Sài Gòn,https://finance.vietstock.vn/SRT-ctcp-van-tai-duong-sat-sai-gon.htm
1,HOSE,Tổ chức tín dụng,SSB,Ngân hàng TMCP Đông Nam Á,https://finance.vietstock.vn/SSB-ngan-hang-tmcp-dong-nam-a.htm
1,HOSE,"Thực phẩm, đồ uống và thuốc lá",SSC,CTCP Giống cây trồng Miền Nam,https://finance.vietstock.vn/SSC-ctcp-giong-cay-trong-mien-nam.htm
5,UPCoM,Hàng tiêu dùng và trang trí,SSF,CTCP Giáo dục G Sài Gòn,https://finance.vietstock.vn/SSF-ctcp-giao-duc-g-sai-gon.htm
5,UPCoM,Vận tải,SSG,CTCP Vận tải biển Hải Âu,https://finance.vietstock.vn/SSG-ctcp-van-tai-bien-hai-au.htm
5,UPCoM,Phát triển và quản lý bất động sản,SSH,CTCP Phát triển Sunshine Homes,https://finance.vietstock.vn/SSH-ctcp-phat-trien-sunshine-homes.htm
1,HOSE,Dịch vụ tài chính,SSI,CTCP Chứng khoán SSI,https://finance.vietstock.vn/SSI-ctcp-chung-khoan-ssi.htm
2,HNX,Nguyên vật liệu,SSM,CTCP Chế tạo kết cấu Thép Vneco.SSM,https://finance.vietstock.vn/SSM-ctcp-che-tao-ket-cau-thep-vneco-ssm.htm
5,UPCoM,"Thực phẩm, đồ uống và thuốc lá",SSN,CTCP Xuất nhập khẩu Thủy sản Sài Gòn,https://finance.vietstock.vn/SSN-ctcp-xuat-nhap-khau-thuy-san-sai-gon.htm
1,HOSE,Phân phối và bán lẻ hàng lâu bền,ST8,CTCP Tập đoàn ST8,https://finance.vietstock.vn/ST8-ctcp-tap-doan-st8.htm
1,HOSE,Tổ chức tín dụng,STB,Ngân hàng TMCP Sài Gòn Thương Tín,https://finance.vietstock.vn/STB-ngan-hang-tmcp-sai-gon-thuong-tin.htm
2,HNX,Truyền thông và giải trí,STC,CTCP Sách và Thiết bị Trường học Thành phố Hồ Chí Minh,https://finance.vietstock.vn/STC-ctcp-sach-va-thiet-bi-truong-hoc-thanh-pho-ho-chi-minh.htm
1,HOSE,Vận tải,STG,CTCP Kho vận Miền Nam,https://finance.vietstock.vn/STG-ctcp-kho-van-mien-nam.htm
5,UPCoM,Phân phối và bán lẻ hàng lâu bền,STH,CTCP Phát hành Sách Thái Nguyên,https://finance.vietstock.vn/STH-ctcp-phat-hanh-sach-thai-nguyen.htm
1,HOSE,Hàng tiêu dùng và trang trí,STK,CTCP Sợi Thế Kỷ,https://finance.vietstock.vn/STK-ctcp-soi-the-ky.htm
5,UPCoM,Phát triển và quản lý bất động sản,STL,CTCP Sông Đà Thăng Long,https://finance.vietstock.vn/STL-ctcp-song-da-thang-long.htm
2,HNX,Nguyên vật liệu,STP,CTCP Công nghiệp Thương mại Sông Đà,https://finance.vietstock.vn/STP-ctcp-cong-nghiep-thuong-mai-song-da.htm
5,UPCoM,Vận tải,STS,CTCP Dịch vụ Vận tải Sài Gòn,https://finance.vietstock.vn/STS-ctcp-dich-vu-van-tai-sai-gon.htm
5,UPCoM,Vận tải,STT,CTCP Vận chuyển Sài Gòn Tourist,https://finance.vietstock.vn/STT-ctcp-van-chuyen-sai-gon-tourist.htm
5,UPCoM,Dịch vụ tiện ích,STW,CTCP Cấp nước Sóc Trăng,https://finance.vietstock.vn/STW-ctcp-cap-nuoc-soc-trang.htm
1,HOSE,Phân phối và bán lẻ hàng lâu bền,SVC,CTCP Dịch vụ Tổng hợp Sài Gòn,https://finance.vietstock.vn/SVC-ctcp-dich-vu-tong-hop-sai-gon.htm
1,HOSE,Hàng tiêu dùng và trang trí,SVD,CTCP Đầu tư & Thương mại Vũ Đăng,https://finance.vietstock.vn/SVD-ctcp-dau-tu-thuong-mai-vu-dang.htm
5,UPCoM,Hàng tiêu dùng và trang trí,SVG,CTCP Hơi Kỹ nghệ Que hàn,https://finance.vietstock.vn/SVG-ctcp-hoi-ky-nghe-que-han.htm
5,UPCoM,Dịch vụ tiện ích,SVH,CTCP Thủy điện Sông Vàng,https://finance.vietstock.vn/SVH-ctcp-thuy-dien-song-vang.htm
1,HOSE,Nguyên vật liệu,SVI,CTCP Bao bì Biên Hòa,https://finance.vietstock.vn/SVI-ctcp-bao-bi-bien-hoa.htm
2,HNX,"Thực phẩm, đồ uống và thuốc lá",SVN,CTCP Tập đoàn Vexilla Việt Nam,https://finance.vietstock.vn/SVN-ctcp-tap-doan-vexilla-viet-nam.htm
1,HOSE,Xe và linh kiện,SVT,CTCP Công nghệ Sài Gòn Viễn Đông,https://finance.vietstock.vn/SVT-ctcp-cong-nghe-sai-gon-vien-dong.htm
5,UPCoM,Vận tải,SWC,Tổng Công ty cổ phần Đường sông Miền Nam,https://finance.vietstock.vn/SWC-tong-cong-ty-co-phan-duong-song-mien-nam.htm
2,HNX,Phát triển và quản lý bất động sản,SZB,CTCP Sonadezi Long Bình,https://finance.vietstock.vn/SZB-ctcp-sonadezi-long-binh.htm
1,HOSE,Phát triển và quản lý bất động sản,SZC,CTCP Sonadezi Châu Đức,https://finance.vietstock.vn/SZC-ctcp-sonadezi-chau-duc.htm
5,UPCoM,Dịch vụ tiện ích,SZE,CTCP Môi trường Sonadezi,https://finance.vietstock.vn/SZE-ctcp-moi-truong-sonadezi.htm
5,UPCoM,Phát triển và quản lý bất động sản,SZG,CTCP Sonadezi Giang Điền,https://finance.vietstock.vn/SZG-ctcp-sonadezi-giang-dien.htm
1,HOSE,Phát triển và quản lý bất động sản,SZL,CTCP Sonadezi Long Thành,https://finance.vietstock.vn/SZL-ctcp-sonadezi-long-thanh.htm
5,UPCoM,Tư liệu sản xuất,TA6,CTCP Đầu tư và Xây lắp Thành An 665,https://finance.vietstock.vn/TA6-ctcp-dau-tu-va-xay-lap-thanh-an-665.htm
2,HNX,Tư liệu sản xuất,TA9,CTCP Xây lắp Thành An 96,https://finance.vietstock.vn/TA9-ctcp-xay-lap-thanh-an-96.htm
5,UPCoM,Nguyên vật liệu,TAB,CTCP Freco Việt Nam,https://finance.vietstock.vn/TAB-ctcp-freco-viet-nam.htm
5,UPCoM,Phát triển và quản lý bất động sản,TAL,CTCP Đầu tư Bất động sản Taseco,https://finance.vietstock.vn/TAL-ctcp-dau-tu-bat-dong-san-taseco.htm
5,UPCoM,"Thực phẩm, đồ uống và thuốc lá",TAN,CTCP Cà phê Thuận An,https://finance.vietstock.vn/TAN-ctcp-ca-phe-thuan-an.htm
5,UPCoM,"Thực phẩm, đồ uống và thuốc lá",TAR,CTCP Nông nghiệp Công nghệ cao Trung An,https://finance.vietstock.vn/TAR-ctcp-nong-nghiep-cong-nghe-cao-trung-an.htm
5,UPCoM,Dịch vụ tiện ích,TAW,CTCP Cấp nước Trung An,https://finance.vietstock.vn/TAW-ctcp-cap-nuoc-trung-an.htm
5,UPCoM,Tư liệu sản xuất,TB8,CTCP Sản xuất và Kinh doanh Vật tư Thiết bị - VVMI,https://finance.vietstock.vn/TB8-ctcp-san-xuat-va-kinh-doanh-vat-tu-thiet-bi-vvmi.htm
1,HOSE,Dịch vụ tiện ích,TBC,CTCP Thủy điện Thác Bà,https://finance.vietstock.vn/TBC-ctcp-thuy-dien-thac-ba.htm
5,UPCoM,Hàng tiêu dùng và trang trí,TBD,Tổng Công ty Thiết bị Điện Đông Anh - CTCP,https://finance.vietstock.vn/TBD-tong-cong-ty-thiet-bi-dien-dong-anh-ctcp.htm
5,UPCoM,Phát triển và quản lý bất động sản,TBH,CTCP Tổng Bách Hóa,https://finance.vietstock.vn/TBH-ctcp-tong-bach-hoa.htm
5,UPCoM,Phát triển và quản lý bất động sản,TBR,CTCP Địa ốc Tân Bình,https://finance.vietstock.vn/TBR-ctcp-dia-oc-tan-binh.htm
5,UPCoM,Tư liệu sản xuất,TBT,CTCP Xây dựng Công trình Giao thông Bến Tre,https://finance.vietstock.vn/TBT-ctcp-xay-dung-cong-trinh-giao-thong-ben-tre.htm
5,UPCoM,Dịch vụ tiện ích,TBW,CTCP Nước sạch Thái Bình,https://finance.vietstock.vn/TBW-ctcp-nuoc-sach-thai-binh.htm
2,HNX,Nguyên vật liệu,TBX,CTCP Xi măng Thái Bình,https://finance.vietstock.vn/TBX-ctcp-xi-mang-thai-binh.htm
1,HOSE,Tổ chức tín dụng,TCB,Ngân hàng TMCP Kỹ thương Việt Nam,https://finance.vietstock.vn/TCB-ngan-hang-tmcp-ky-thuong-viet-nam.htm
1,HOSE,Tư liệu sản xuất,TCD,CTCP Tập đoàn Xây dựng TRACODI,https://finance.vietstock.vn/TCD-ctcp-tap-doan-xay-dung-tracodi.htm
1,HOSE,Phát triển và quản lý bất động sản,TCH,CTCP Đầu tư Dịch vụ Tài chính Hoàng Huy,https://finance.vietstock.vn/TCH-ctcp-dau-tu-dich-vu-tai-chinh-hoang-huy.htm
1,HOSE,Dịch vụ tài chính,TCI,CTCP Chứng khoán Thành Công,https://finance.vietstock.vn/TCI-ctcp-chung-khoan-thanh-cong.htm
5,UPCoM,"Thực phẩm, đồ uống và thuốc lá",TCJ,CTCP Tô Châu,https://finance.vietstock.vn/TCJ-ctcp-to-chau.htm
5,UPCoM,Tư liệu sản xuất,TCK,Tổng Công ty Cơ khí Xây dựng - CTCP,https://finance.vietstock.vn/TCK-tong-cong-ty-co-khi-xay-dung-ctcp.htm
1,HOSE,Vận tải,TCL,CTCP Đại lý Giao nhận Vận tải Xếp dỡ Tân Cảng,https://finance.vietstock.vn/TCL-ctcp-dai-ly-giao-nhan-van-tai-xep-do-tan-cang.htm
1,HOSE,Hàng tiêu dùng và trang trí,TCM,CTCP Dệt may - Đầu tư - Thương mại Thành Công,https://finance.vietstock.vn/TCM-ctcp-det-may-dau-tu-thuong-mai-thanh-cong.htm
1,HOSE,Vận tải,TCO,CTCP TCO Holdings,https://finance.vietstock.vn/TCO-ctcp-tco-holdings.htm
1,HOSE,Nguyên vật liệu,TCR,CTCP Công nghiệp Gốm sứ Taicera,https://finance.vietstock.vn/TCR-ctcp-cong-nghiep-gom-su-taicera.htm
1,HOSE,Vận tải,TCT,CTCP Cáp treo Núi Bà Tây Ninh,https://finance.vietstock.vn/TCT-ctcp-cap-treo-nui-ba-tay-ninh.htm
5,UPCoM,Dịch vụ tiện ích,TDB,CTCP Thủy điện Định Bình,https://finance.vietstock.vn/TDB-ctcp-thuy-dien-dinh-binh.htm
1,HOSE,Phát triển và quản lý bất động sản,TDC,CTCP Kinh doanh và Phát triển Bình Dương,https://finance.vietstock.vn/TDC-ctcp-kinh-doanh-va-phat-trien-binh-duong.htm
5,UPCoM,Nguyên vật liệu,TDF,CTCP Trung Đô,https://finance.vietstock.vn/TDF-ctcp-trung-do.htm
1,HOSE,Phân phối và bán lẻ hàng lâu bền,TDG,CTCP Đầu tư TDG Global,https://finance.vietstock.vn/TDG-ctcp-dau-tu-tdg-global.htm
1,HOSE,Phát triển và quản lý bất động sản,TDH,CTCP Phát triển Nhà Thủ Đức,https://finance.vietstock.vn/TDH-ctcp-phat-trien-nha-thu-duc.htm
1,HOSE,Dịch vụ tiện ích,TDM,CTCP Nước Thủ Dầu Một,https://finance.vietstock.vn/TDM-ctcp-nuoc-thu-dau-mot.htm
1,HOSE,Nguyên vật liệu,TDP,CTCP Thuận Đức,https://finance.vietstock.vn/TDP-ctcp-thuan-duc.htm
5,UPCoM,Nguyên vật liệu,TDS,CTCP Thép Thủ Đức - VNSTEEL,https://finance.vietstock.vn/TDS-ctcp-thep-thu-duc-vnsteel.htm
2,HNX,Hàng tiêu dùng và trang trí,TDT,CTCP Đầu tư và Phát triển TDT,https://finance.vietstock.vn/TDT-ctcp-dau-tu-va-phat-trien-tdt.htm
1,HOSE,Dịch vụ tiện ích,TDW,CTCP Cấp nước Thủ Đức,https://finance.vietstock.vn/TDW-ctcp-cap-nuoc-thu-duc.htm
5,UPCoM,Tư liệu sản xuất,TED,Tổng Công ty tư vấn thiết kế giao thông vận tải - CTCP,https://finance.vietstock.vn/TED-tong-cong-ty-tu-van-thiet-ke-giao-thong-van-tai-ctcp.htm
1,HOSE,Phát triển và quản lý bất động sản,TEG,CTCP Năng lượng và Bất động sản Trường Thành,https://finance.vietstock.vn/TEG-ctcp-nang-luong-va-bat-dong-san-truong-thanh.htm
5,UPCoM,Tư liệu sản xuất,TEL,CTCP Phát triển Công trình Viễn thông,https://finance.vietstock.vn/TEL-ctcp-phat-trien-cong-trinh-vien-thong.htm
2,HNX,Hàng tiêu dùng và trang trí,TET,CTCP Vải sợi May mặc Miền Bắc,https://finance.vietstock.vn/TET-ctcp-vai-soi-may-mac-mien-bac.htm
2,HNX,"Thực phẩm, đồ uống và thuốc lá",TFC,CTCP Trang,https://finance.vietstock.vn/TFC-ctcp-trang.htm
5,UPCoM,Phát triển và quản lý bất động sản,TGG,CTCP The Golden Group,https://finance.vietstock.vn/TGG-ctcp-the-golden-group.htm
5,UPCoM,Dịch vụ viễn thông,TGP,CTCP Trường Phú,https://finance.vietstock.vn/TGP-ctcp-truong-phu.htm
5,UPCoM,Phân phối và bán lẻ hàng lâu bền,TH1,CTCP Xuất nhập khẩu tổng hợp 1 Việt Nam,https://finance.vietstock.vn/TH1-ctcp-xuat-nhap-khau-tong-hop-1-viet-nam.htm
2,HNX,"Thực phẩm, đồ uống và thuốc lá",THB,CTCP Bia Hà Nội - Thanh Hóa,https://finance.vietstock.vn/THB-ctcp-bia-ha-noi-thanh-hoa.htm
2,HNX,Tư liệu sản xuất,THD,CTCP Thaiholdings,https://finance.vietstock.vn/THD-ctcp-thaiholdings.htm
1,HOSE,Nguyên vật liệu,THG,CTCP Đầu tư và Xây dựng Tiền Giang,https://finance.vietstock.vn/THG-ctcp-dau-tu-va-xay-dung-tien-giang.htm
5,UPCoM,Hàng tiêu dùng và trang trí,THM,CTCP Tứ Hải Hà Nam,https://finance.vietstock.vn/THM-ctcp-tu-hai-ha-nam.htm
5,UPCoM,Dịch vụ tiện ích,THN,CTCP Cấp nước Thanh Hóa,https://finance.vietstock.vn/THN-ctcp-cap-nuoc-thanh-hoa.htm
5,UPCoM,"Thực phẩm, đồ uống và thuốc lá",THP,CTCP Thủy sản và Thương mại Thuận Phước,https://finance.vietstock.vn/THP-ctcp-thuy-san-va-thuong-mai-thuan-phuoc.htm
2,HNX,Phân phối và bán lẻ hàng lâu bền,THS,CTCP Thanh Hoa - Sông Đà,https://finance.vietstock.vn/THS-ctcp-thanh-hoa-song-da.htm
2,HNX,Năng lượng,THT,CTCP Than Hà Tu - Vinacomin,https://finance.vietstock.vn/THT-ctcp-than-ha-tu-vinacomin.htm
5,UPCoM,Dịch vụ tiện ích,THU,CTCP Môi trường và Công trình Đô thị Thanh Hóa,https://finance.vietstock.vn/THU-ctcp-moi-truong-va-cong-trinh-do-thi-thanh-hoa.htm
5,UPCoM,Dịch vụ tiện ích,THW,CTCP Cấp nước Tân Hòa,https://finance.vietstock.vn/THW-ctcp-cap-nuoc-tan-hoa.htm
5,UPCoM,"Thực phẩm, đồ uống và thuốc lá",TID,CTCP Tổng Công ty Tín Nghĩa,https://finance.vietstock.vn/TID-ctcp-tong-cong-ty-tin-nghia.htm
5,UPCoM,Phân phối và bán lẻ hàng lâu bền,TIE,CTCP TIE,https://finance.vietstock.vn/TIE-ctcp-tie.htm
2,HNX,Phát triển và quản lý bất động sản,TIG,CTCP Tập đoàn Đầu tư Thăng Long,https://finance.vietstock.vn/TIG-ctcp-tap-doan-dau-tu-thang-long.htm
5,UPCoM,Tổ chức tín dụng,TIN,Công Ty Tài chính Cổ phần Tín Việt,https://finance.vietstock.vn/TIN-cong-ty-tai-chinh-co-phan-tin-viet.htm
1,HOSE,Phát triển và quản lý bất động sản,TIP,CTCP Phát triển Khu Công nghiệp Tín Nghĩa,https://finance.vietstock.vn/TIP-ctcp-phat-trien-khu-cong-nghiep-tin-nghia.htm
5,UPCoM,Nguyên vật liệu,TIS,CTCP Gang thép Thái Nguyên,https://finance.vietstock.vn/TIS-ctcp-gang-thep-thai-nguyen.htm
1,HOSE,Phát triển và quản lý bất động sản,TIX,CTCP Sản xuất Kinh doanh Xuất nhập khẩu Dịch vụ và Đầu tư Tân Bình,https://finance.vietstock.vn/TIX-ctcp-san-xuat-kinh-doanh-xuat-nhap-khau-dich-vu-va-dau-tu-tan-binh.htm
2,HNX,Vận tải,TJC,CTCP Dịch vụ Vận tải và Thương mại,https://finance.vietstock.vn/TJC-ctcp-dich-vu-van-tai-va-thuong-mai.htm
5,UPCoM,Nguyên vật liệu,TKA,CTCP Bao bì Tân Khánh An,https://finance.vietstock.vn/TKA-ctcp-bao-bi-tan-khanh-an.htm
5,UPCoM,Tư liệu sản xuất,TKC,CTCP Xây dựng và Kinh doanh Địa ốc Tân Kỷ,https://finance.vietstock.vn/TKC-ctcp-xay-dung-va-kinh-doanh-dia-oc-tan-ky.htm
2,HNX,Hàng tiêu dùng và trang trí,TKG,CTCP Sản xuất và Thương mại Tùng Khánh,https://finance.vietstock.vn/TKG-ctcp-san-xuat-va-thuong-mai-tung-khanh.htm
2,HNX,Nguyên vật liệu,TKU,CTCP Công nghiệp Tung Kuang,https://finance.vietstock.vn/TKU-ctcp-cong-nghiep-tung-kuang.htm
5,UPCoM,Tư liệu sản xuất,TL4,Tổng Công ty cổ phần Xây dựng Thủy Lợi 4,https://finance.vietstock.vn/TL4-tong-cong-ty-co-phan-xay-dung-thuy-loi-4.htm
1,HOSE,Tư liệu sản xuất,TLD,CTCP Đầu tư Xây dựng và Phát triển Đô thị Thăng Long,https://finance.vietstock.vn/TLD-ctcp-dau-tu-xay-dung-va-phat-trien-do-thi-thang-long.htm
1,HOSE,Hàng tiêu dùng và trang trí,TLG,CTCP Tập đoàn Thiên Long,https://finance.vietstock.vn/TLG-ctcp-tap-doan-thien-long.htm
1,HOSE,Phân phối và bán lẻ hàng lâu bền,TLH,CTCP Tập đoàn Thép Tiến Lên,https://finance.vietstock.vn/TLH-ctcp-tap-doan-thep-tien-len.htm
5,UPCoM,Hàng tiêu dùng và trang trí,TLI,CTCP May Quốc tế Thắng Lợi,https://finance.vietstock.vn/TLI-ctcp-may-quoc-te-thang-loi.htm
5,UPCoM,Phân phối và bán lẻ hàng lâu bền,TLP,Tổng Công ty Thương mại Xuất nhập khẩu Thanh Lễ - CTCP,https://finance.vietstock.vn/TLP-tong-cong-ty-thuong-mai-xuat-nhap-khau-thanh-le-ctcp.htm
5,UPCoM,Nguyên vật liệu,TLT,CTCP Viglacera Thăng Long ,https://finance.vietstock.vn/TLT-ctcp-viglacera-thang-long.htm
2,HNX,Năng lượng,TMB,CTCP Kinh doanh Than Miền Bắc - Vinacomin,https://finance.vietstock.vn/TMB-ctcp-kinh-doanh-than-mien-bac-vinacomin.htm
2,HNX,Phân phối và bán lẻ hàng lâu bền,TMC,CTCP Thương mại Xuất nhập khẩu Thủ Đức,https://finance.vietstock.vn/TMC-ctcp-thuong-mai-xuat-nhap-khau-thu-duc.htm
5,UPCoM,Nguyên vật liệu,TMG,CTCP Kim loại màu Thái Nguyên - Vimico,https://finance.vietstock.vn/TMG-ctcp-kim-loai-mau-thai-nguyen-vimico.htm
1,HOSE,Dịch vụ tiện ích,TMP,CTCP Thủy điện Thác Mơ,https://finance.vietstock.vn/TMP-ctcp-thuy-dien-thac-mo.htm
1,HOSE,Vận tải,TMS,CTCP Transimex,https://finance.vietstock.vn/TMS-ctcp-transimex.htm
1,HOSE,Xe và linh kiện,TMT,CTCP Ô tô TMT,https://finance.vietstock.vn/TMT-ctcp-o-to-tmt.htm
5,UPCoM,Nguyên vật liệu,TMW,CTCP Tổng hợp Gỗ Tân Mai,https://finance.vietstock.vn/TMW-ctcp-tong-hop-go-tan-mai.htm
2,HNX,Nguyên vật liệu,TMX,CTCP VICEM Thương mại Xi măng,https://finance.vietstock.vn/TMX-ctcp-vicem-thuong-mai-xi-mang.htm
1,HOSE,Phát triển và quản lý bất động sản,TN1,CTCP Rox Key Holdings,https://finance.vietstock.vn/TN1-ctcp-rox-key-holdings.htm
1,HOSE,Phân phối và bán lẻ hàng lâu bền,TNA,CTCP Thương mại Xuất nhập khẩu Thiên Nam,https://finance.vietstock.vn/TNA-ctcp-thuong-mai-xuat-nhap-khau-thien-nam.htm
5,UPCoM,Nguyên vật liệu,TNB,CTCP Thép Nhà Bè - VNSTEEL,https://finance.vietstock.vn/TNB-ctcp-thep-nha-be-vnsteel.htm
1,HOSE,Nguyên vật liệu,TNC,CTCP Cao su Thống Nhất,https://finance.vietstock.vn/TNC-ctcp-cao-su-thong-nhat.htm
2,HNX,Hàng tiêu dùng và trang trí,TNG,CTCP Đầu tư và Thương mại TNG,https://finance.vietstock.vn/TNG-ctcp-dau-tu-va-thuong-mai-tng.htm
1,HOSE,Dịch vụ và thiết bị chăm sóc sức khỏe,TNH,CTCP Tập đoàn Bệnh viện TNH,https://finance.vietstock.vn/TNH-ctcp-tap-doan-benh-vien-tnh.htm
1,HOSE,Phân phối và bán lẻ hàng lâu bền,TNI,CTCP Tập đoàn Thành Nam,https://finance.vietstock.vn/TNI-ctcp-tap-doan-thanh-nam.htm
5,UPCoM,Tư liệu sản xuất,TNM,CTCP Xuất nhập khẩu và Xây dựng Công trình,https://finance.vietstock.vn/TNM-ctcp-xuat-nhap-khau-va-xay-dung-cong-trinh.htm
5,UPCoM,Vận tải,TNP,CTCP Cảng Thị Nại,https://finance.vietstock.vn/TNP-ctcp-cang-thi-nai.htm
5,UPCoM,Nguyên vật liệu,TNS,CTCP Thép tấm lá Thống Nhất,https://finance.vietstock.vn/TNS-ctcp-thep-tam-la-thong-nhat.htm
1,HOSE,Nguyên vật liệu,TNT,CTCP Tập đoàn TNT,https://finance.vietstock.vn/TNT-ctcp-tap-doan-tnt.htm
5,UPCoM,Dịch vụ tiện ích,TNW,CTCP Nước sạch Thái Nguyên,https://finance.vietstock.vn/TNW-ctcp-nuoc-sach-thai-nguyen.htm
5,UPCoM,Phân phối và bán lẻ hàng lâu bền,TOP,CTCP Phân phối Top One,https://finance.vietstock.vn/TOP-ctcp-phan-phoi-top-one.htm
5,UPCoM,Vận tải,TOS,CTCP Dịch vụ biển Tân Cảng,https://finance.vietstock.vn/TOS-ctcp-dich-vu-bien-tan-cang.htm
2,HNX,Vận tải,TOT,CTCP Transimex Logistics,https://finance.vietstock.vn/TOT-ctcp-transimex-logistics.htm
5,UPCoM,Dịch vụ tiện ích,TOW,CTCP Cấp nước Trà Nóc - Ô Môn,https://finance.vietstock.vn/TOW-ctcp-cap-nuoc-tra-noc-o-mon.htm
1,HOSE,Tổ chức tín dụng,TPB,Ngân hàng TMCP Tiên Phong,https://finance.vietstock.vn/TPB-ngan-hang-tmcp-tien-phong.htm
1,HOSE,Nguyên vật liệu,TPC,CTCP Nhựa Tân Đại Hưng,https://finance.vietstock.vn/TPC-ctcp-nhua-tan-dai-hung.htm
2,HNX,Truyền thông và giải trí,TPH,CTCP In sách giáo khoa tại Thành phố Hà Nội,https://finance.vietstock.vn/TPH-ctcp-in-sach-giao-khoa-tai-thanh-pho-ha-noi.htm
2,HNX,Nguyên vật liệu,TPP,CTCP Tân Phú Việt Nam,https://finance.vietstock.vn/TPP-ctcp-tan-phu-viet-nam.htm
5,UPCoM,Vận tải,TPS,CTCP Bến Bãi Vận tải Sài Gòn,https://finance.vietstock.vn/TPS-ctcp-ben-bai-van-tai-sai-gon.htm
5,UPCoM,Nguyên vật liệu,TQN,CTCP Thông Quảng Ninh,https://finance.vietstock.vn/TQN-ctcp-thong-quang-ninh.htm
5,UPCoM,Dịch vụ tiện ích,TQW,CTCP Cấp thoát nước Tuyên Quang,https://finance.vietstock.vn/TQW-ctcp-cap-thoat-nuoc-tuyen-quang.htm
5,UPCoM,Vận tải,TR1,CTCP Vận Tải 1 Traco,https://finance.vietstock.vn/TR1-ctcp-van-tai-1-traco.htm
1,HOSE,"Dược phẩm, Công nghệ sinh học và Khoa học thường thức",TRA,CTCP Traphaco,https://finance.vietstock.vn/TRA-ctcp-traphaco.htm
1,HOSE,Nguyên vật liệu,TRC,CTCP Cao su Tây Ninh,https://finance.vietstock.vn/TRC-ctcp-cao-su-tay-ninh.htm
5,UPCoM,Vận tải,TRS,CTCP Vận tải và Dịch vụ Hàng hải,https://finance.vietstock.vn/TRS-ctcp-van-tai-va-dich-vu-hang-hai.htm
5,UPCoM,Nguyên vật liệu,TRT,CTCP RedstarCera,https://finance.vietstock.vn/TRT-ctcp-redstarcera.htm
5,UPCoM,Tư liệu sản xuất,TS3,CTCP Trường Sơn 532,https://finance.vietstock.vn/TS3-ctcp-truong-son-532.htm
5,UPCoM,"Thực phẩm, đồ uống và thuốc lá",TS4,CTCP Thủy sản Số 4,https://finance.vietstock.vn/TS4-ctcp-thuy-san-so-4.htm
5,UPCoM,Tư liệu sản xuất,TSA,CTCP Đầu tư và Xây lắp Trường Sơn,https://finance.vietstock.vn/TSA-ctcp-dau-tu-va-xay-lap-truong-son.htm
2,HNX,Hàng tiêu dùng và trang trí,TSB,CTCP Ắc quy Tia Sáng,https://finance.vietstock.vn/TSB-ctcp-ac-quy-tia-sang.htm
1,HOSE,Phân phối và bán lẻ hàng lâu bền,TSC,CTCP Vật tư Kỹ thuật nông nghiệp Cần Thơ,https://finance.vietstock.vn/TSC-ctcp-vat-tu-ky-thuat-nong-nghiep-can-tho.htm
5,UPCoM,Dịch vụ tiêu dùng,TSD,CTCP Du lịch Trường Sơn COECCO,https://finance.vietstock.vn/TSD-ctcp-du-lich-truong-son-coecco.htm
5,UPCoM,Vận tải,TSG,CTCP Thông tin Tín hiệu Đường sắt Sài Gòn,https://finance.vietstock.vn/TSG-ctcp-thong-tin-tin-hieu-duong-sat-sai-gon.htm
5,UPCoM,Vận tải,TSJ,CTCP Du lịch Dịch vụ Hà Nội,https://finance.vietstock.vn/TSJ-ctcp-du-lich-dich-vu-ha-noi.htm
5,UPCoM,Tư liệu sản xuất,TST,CTCP Dịch vụ Kỹ Thuật Viễn thông,https://finance.vietstock.vn/TST-ctcp-dich-vu-ky-thuat-vien-thong.htm
5,UPCoM,"Thực phẩm, đồ uống và thuốc lá",TT6,CTCP Tập đoàn Tiến Thịnh,https://finance.vietstock.vn/TT6-ctcp-tap-doan-tien-thinh.htm
1,HOSE,Dịch vụ tiện ích,TTA,CTCP Đầu tư Xây dựng và Phát triển Trường Thành,https://finance.vietstock.vn/TTA-ctcp-dau-tu-xay-dung-va-phat-trien-truong-thanh.htm
5,UPCoM,Phân phối và bán lẻ hàng lâu bền,TTB,CTCP TTBGroup,https://finance.vietstock.vn/TTB-ctcp-ttbgroup.htm
2,HNX,Nguyên vật liệu,TTC,CTCP Gạch men Thanh Thanh,https://finance.vietstock.vn/TTC-ctcp-gach-men-thanh-thanh.htm
5,UPCoM,Dịch vụ và thiết bị chăm sóc sức khỏe,TTD,CTCP Bệnh viện tim Tâm Đức,https://finance.vietstock.vn/TTD-ctcp-benh-vien-tim-tam-duc.htm
1,HOSE,Dịch vụ tiện ích,TTE,CTCP Đầu tư Năng lượng Trường Thịnh,https://finance.vietstock.vn/TTE-ctcp-dau-tu-nang-luong-truong-thinh.htm
1,HOSE,Hàng tiêu dùng và trang trí,TTF,CTCP Tập đoàn Kỹ nghệ gỗ Trường Thành,https://finance.vietstock.vn/TTF-ctcp-tap-doan-ky-nghe-go-truong-thanh.htm
5,UPCoM,Hàng tiêu dùng và trang trí,TTG,CTCP May Thanh Trì,https://finance.vietstock.vn/TTG-ctcp-may-thanh-tri.htm
2,HNX,Phân phối và bán lẻ hàng lâu bền,TTH,CTCP Thương mại và Dịch vụ Tiến Thành,https://finance.vietstock.vn/TTH-ctcp-thuong-mai-va-dich-vu-tien-thanh.htm
2,HNX,Tư liệu sản xuất,TTL,Tổng Công ty Thăng Long - CTCP,https://finance.vietstock.vn/TTL-tong-cong-ty-thang-long-ctcp.htm
5,UPCoM,Dịch vụ viễn thông,TTN,CTCP Công nghệ và Truyền thông Việt Nam,https://finance.vietstock.vn/TTN-ctcp-cong-nghe-va-truyen-thong-viet-nam.htm
5,UPCoM,Nguyên vật liệu,TTP,CTCP Bao bì Tân Tiến,https://finance.vietstock.vn/TTP-ctcp-bao-bi-tan-tien.htm
5,UPCoM,Nguyên vật liệu,TTS,CTCP Cán Thép Thái Trung,https://finance.vietstock.vn/TTS-ctcp-can-thep-thai-trung.htm
2,HNX,Dịch vụ chuyên biệt và thương mại,TTT,CTCP Du lịch - Thương mại Tây Ninh,https://finance.vietstock.vn/TTT-ctcp-du-lich-thuong-mai-tay-ninh.htm
5,UPCoM,Vận tải,TTZ,CTCP Đầu tư Xây dựng và Công nghệ Tiến Trung,https://finance.vietstock.vn/TTZ-ctcp-dau-tu-xay-dung-va-cong-nghe-tien-trung.htm
5,UPCoM,Vận tải,TUG,CTCP Lai Dắt và Vận tải Cảng Hải Phòng,https://finance.vietstock.vn/TUG-ctcp-lai-dat-va-van-tai-cang-hai-phong.htm
5,UPCoM,Dịch vụ chuyên biệt và thương mại,TV1,CTCP Tư vấn Xây dựng Điện 1,https://finance.vietstock.vn/TV1-ctcp-tu-van-xay-dung-dien-1.htm
1,HOSE,Dịch vụ chuyên biệt và thương mại,TV2,CTCP Tư vấn Xây dựng Điện 2,https://finance.vietstock.vn/TV2-ctcp-tu-van-xay-dung-dien-2.htm
2,HNX,Dịch vụ chuyên biệt và thương mại,TV3,CTCP Tư vấn Xây dựng Điện 3,https://finance.vietstock.vn/TV3-ctcp-tu-van-xay-dung-dien-3.htm
2,HNX,Dịch vụ chuyên biệt và thương mại,TV4,CTCP Tư vấn Xây dựng Điện 4,https://finance.vietstock.vn/TV4-ctcp-tu-van-xay-dung-dien-4.htm
5,UPCoM,Tư liệu sản xuất,TV6,CTCP Tập đoàn EMA Land,https://finance.vietstock.vn/TV6-ctcp-tap-doan-ema-land.htm
5,UPCoM,Phân phối và bán lẻ hàng lâu bền,TVA,CTCP Sứ Viglacera Thanh Trì,https://finance.vietstock.vn/TVA-ctcp-su-viglacera-thanh-tri.htm
1,HOSE,Dịch vụ tài chính,TVB,CTCP Chứng khoán Trí Việt,https://finance.vietstock.vn/TVB-ctcp-chung-khoan-tri-viet.htm
2,HNX,Dịch vụ tài chính,TVC,CTCP Tập đoàn Quản lý Tài sản Trí Việt,https://finance.vietstock.vn/TVC-ctcp-tap-doan-quan-ly-tai-san-tri-viet.htm
2,HNX,Năng lượng,TVD,CTCP Than Vàng Danh - Vinacomin,https://finance.vietstock.vn/TVD-ctcp-than-vang-danh-vinacomin.htm
5,UPCoM,Dịch vụ chuyên biệt và thương mại,TVG,CTCP Tư vấn Đầu tư và Xây dựng Giao thông Vận tải,https://finance.vietstock.vn/TVG-ctcp-tu-van-dau-tu-va-xay-dung-giao-thong-van-tai.htm
5,UPCoM,Dịch vụ chuyên biệt và thương mại,TVH,CTCP Tư vấn Xây dựng công trình Hàng hải,https://finance.vietstock.vn/TVH-ctcp-tu-van-xay-dung-cong-trinh-hang-hai.htm
5,UPCoM,Dịch vụ chuyên biệt và thương mại,TVM,CTCP Tư vấn Đầu tư mỏ và Công Nghiệp - Vinacomin,https://finance.vietstock.vn/TVM-ctcp-tu-van-dau-tu-mo-va-cong-nghiep-vinacomin.htm
5,UPCoM,Nguyên vật liệu,TVN,Tổng Công ty Thép Việt Nam - CTCP,https://finance.vietstock.vn/TVN-tong-cong-ty-thep-viet-nam-ctcp.htm
1,HOSE,Dịch vụ tài chính,TVS,CTCP Chứng khoán Thiên Việt,https://finance.vietstock.vn/TVS-ctcp-chung-khoan-thien-viet.htm
1,HOSE,Hàng tiêu dùng và trang trí,TVT,Tổng Công ty Việt Thắng - CTCP,https://finance.vietstock.vn/TVT-tong-cong-ty-viet-thang-ctcp.htm
5,UPCoM,"Dược phẩm, Công nghệ sinh học và Khoa học thường thức",TW3,CTCP Dược Trung ương 3,https://finance.vietstock.vn/TW3-ctcp-duoc-trung-uong-3.htm
2,HNX,Nguyên vật liệu,TXM,CTCP VICEM Thạch cao Xi măng,https://finance.vietstock.vn/TXM-ctcp-vicem-thach-cao-xi-mang.htm
1,HOSE,Hàng tiêu dùng và trang trí,TYA,CTCP Dây và Cáp Điện Taya Việt Nam,https://finance.vietstock.vn/TYA-ctcp-day-va-cap-dien-taya-viet-nam.htm
5,UPCoM,Dịch vụ tiện ích,UCT,CTCP Đô thị Cần Thơ,https://finance.vietstock.vn/UCT-ctcp-do-thi-can-tho.htm
5,UPCoM,Tư liệu sản xuất,UDC,CTCP Xây dựng và Phát triển Đô thị Tỉnh Bà Rịa Vũng Tàu,https://finance.vietstock.vn/UDC-ctcp-xay-dung-va-phat-trien-do-thi-tinh-ba-ria-vung-tau.htm
5,UPCoM,Phát triển và quản lý bất động sản,UDJ,CTCP Phát triển Đô thị,https://finance.vietstock.vn/UDJ-ctcp-phat-trien-do-thi.htm
5,UPCoM,Dịch vụ chuyên biệt và thương mại,UDL,CTCP Đô thị và Môi trường Đắk Lắk,https://finance.vietstock.vn/UDL-ctcp-do-thi-va-moi-truong-dak-lak.htm
5,UPCoM,Hàng tiêu dùng và trang trí,UEM,CTCP Cơ điện Uông Bí - Vinacomin,https://finance.vietstock.vn/UEM-ctcp-co-dien-uong-bi-vinacomin.htm
1,HOSE,Dịch vụ tiện ích,UIC,CTCP Đầu tư Phát triển Nhà và Đô thị IDICO,https://finance.vietstock.vn/UIC-ctcp-dau-tu-phat-trien-nha-va-do-thi-idico.htm
5,UPCoM,Dịch vụ chuyên biệt và thương mại,UMC,CTCP Công trình Đô thị Nam Định,https://finance.vietstock.vn/UMC-ctcp-cong-trinh-do-thi-nam-dinh.htm
2,HNX,Phân phối và bán lẻ hàng lâu bền,UNI,CTCP Đầu Tư Và Phát Triển Sao Mai Việt,https://finance.vietstock.vn/UNI-ctcp-dau-tu-va-phat-trien-sao-mai-viet.htm
2,HNX,Tư liệu sản xuất,VE8,CTCP Xây dựng Điện VNECO 8,https://finance.vietstock.vn/VE8-ctcp-xay-dung-dien-vneco-8.htm
5,UPCoM,Dịch vụ tiện ích,UPC,CTCP Phát triển Công viên Cây xanh và Đô thị Vũng Tàu,https://finance.vietstock.vn/UPC-ctcp-phat-trien-cong-vien-cay-xanh-va-do-thi-vung-tau.htm
5,UPCoM,"Dược phẩm, Công nghệ sinh học và Khoa học thường thức",UPH,CTCP Dược phẩm TW 25,https://finance.vietstock.vn/UPH-ctcp-duoc-pham-tw-25.htm
5,UPCoM,Dịch vụ chuyên biệt và thương mại,USC,CTCP Khảo sát và Xây dựng -USCO,https://finance.vietstock.vn/USC-ctcp-khao-sat-va-xay-dung-usco.htm
5,UPCoM,Dịch vụ chuyên biệt và thương mại,USD,CTCP Công trình Đô thị Sóc Trăng,https://finance.vietstock.vn/USD-ctcp-cong-trinh-do-thi-soc-trang.htm
5,UPCoM,Tư liệu sản xuất,V11,CTCP Xây dựng Số 11,https://finance.vietstock.vn/V11-ctcp-xay-dung-so-11.htm
2,HNX,Tư liệu sản xuất,V12,CTCP Xây dựng Số 12,https://finance.vietstock.vn/V12-ctcp-xay-dung-so-12.htm
5,UPCoM,Tư liệu sản xuất,V15,CTCP Xây dựng Số 15,https://finance.vietstock.vn/V15-ctcp-xay-dung-so-15.htm
2,HNX,Phát triển và quản lý bất động sản,V21,CTCP Vinaconex 21,https://finance.vietstock.vn/V21-ctcp-vinaconex-21.htm
5,UPCoM,Tổ chức tín dụng,VAB,Ngân hàng TMCP Việt Á,https://finance.vietstock.vn/VAB-ngan-hang-tmcp-viet-a.htm
1,HOSE,Nguyên vật liệu,VAF,CTCP Phân lân Nung chảy Văn Điển,https://finance.vietstock.vn/VAF-ctcp-phan-lan-nung-chay-van-dien.htm
5,UPCoM,Dịch vụ tiện ích,VAV,CTCP VIWACO,https://finance.vietstock.vn/VAV-ctcp-viwaco.htm
5,UPCoM,Tổ chức tín dụng,VBB,Ngân hàng TMCP Việt Nam Thương Tín,https://finance.vietstock.vn/VBB-ngan-hang-tmcp-viet-nam-thuong-tin.htm
2,HNX,Nguyên vật liệu,VBC,CTCP Nhựa - Bao bì Vinh,https://finance.vietstock.vn/VBC-ctcp-nhua-bao-bi-vinh.htm
5,UPCoM,Dịch vụ chuyên biệt và thương mại,VBG,CTCP Địa chất Việt Bắc - TKV,https://finance.vietstock.vn/VBG-ctcp-dia-chat-viet-bac-tkv.htm
5,UPCoM,Chất bán dẫn và thiết bị bán dẫn,VBH,CTCP Điện tử Bình Hòa,https://finance.vietstock.vn/VBH-ctcp-dien-tu-binh-hoa.htm
2,HNX,Tư liệu sản xuất,VC1,CTCP Xây dựng Số 1,https://finance.vietstock.vn/VC1-ctcp-xay-dung-so-1.htm
2,HNX,Tư liệu sản xuất,VC2,CTCP Đầu tư và Xây dựng Vina2,https://finance.vietstock.vn/VC2-ctcp-dau-tu-va-xay-dung-vina2.htm
2,HNX,Phát triển và quản lý bất động sản,VC3,CTCP Tập đoàn Nam Mê Kông,https://finance.vietstock.vn/VC3-ctcp-tap-doan-nam-me-kong.htm
5,UPCoM,Tư liệu sản xuất,VC5,CTCP Xây dựng Số 5,https://finance.vietstock.vn/VC5-ctcp-xay-dung-so-5.htm
2,HNX,Tư liệu sản xuất,VC6,CTCP Xây dựng và Đầu tư Visicons,https://finance.vietstock.vn/VC6-ctcp-xay-dung-va-dau-tu-visicons.htm
2,HNX,Phát triển và quản lý bất động sản,VC7,CTCP Tập đoàn BGI,https://finance.vietstock.vn/VC7-ctcp-tap-doan-bgi.htm
2,HNX,Tư liệu sản xuất,VC9,CTCP Xây dựng số 9 - VC9,https://finance.vietstock.vn/VC9-ctcp-xay-dung-so-9-vc9.htm
1,HOSE,Nguyên vật liệu,VCA,CTCP Thép VICASA - VNSTEEL,https://finance.vietstock.vn/VCA-ctcp-thep-vicasa-vnsteel.htm
1,HOSE,Tổ chức tín dụng,VCB,Ngân hàng TMCP Ngoại thương Việt Nam,https://finance.vietstock.vn/VCB-ngan-hang-tmcp-ngoai-thuong-viet-nam.htm
2,HNX,Tư liệu sản xuất,VCC,CTCP Vinaconex 25,https://finance.vietstock.vn/VCC-ctcp-vinaconex-25.htm
5,UPCoM,Nguyên vật liệu,VCE,CTCP Xây lắp Môi trường,https://finance.vietstock.vn/VCE-ctcp-xay-lap-moi-truong.htm
1,HOSE,"Thực phẩm, đồ uống và thuốc lá",VCF,CTCP Vinacafé Biên Hòa,https://finance.vietstock.vn/VCF-ctcp-vinacafe-bien-hoa.htm
1,HOSE,Tư liệu sản xuất,VCG,Tổng Công ty cổ phần Xuất nhập khẩu và Xây dựng Việt Nam,https://finance.vietstock.vn/VCG-tong-cong-ty-co-phan-xuat-nhap-khau-va-xay-dung-viet-nam.htm
1,HOSE,Dịch vụ tài chính,VCI,CTCP Chứng khoán Vietcap,https://finance.vietstock.vn/VCI-ctcp-chung-khoan-vietcap.htm
2,HNX,Phân phối và bán lẻ hàng lâu bền,VCM,CTCP BV Life,https://finance.vietstock.vn/VCM-ctcp-bv-life.htm
5,UPCoM,Dịch vụ tiện ích,VCP,CTCP Xây Dựng Và Năng Lượng VCP,https://finance.vietstock.vn/VCP-ctcp-xay-dung-va-nang-luong-vcp.htm
5,UPCoM,Phát triển và quản lý bất động sản,VCR,CTCP Đầu tư và Phát triển Du lịch Vinaconex,https://finance.vietstock.vn/VCR-ctcp-dau-tu-va-phat-trien-du-lich-vinaconex.htm
2,HNX,Nguyên vật liệu,VCS,CTCP Vicostone,https://finance.vietstock.vn/VCS-ctcp-vicostone.htm
5,UPCoM,Dịch vụ chuyên biệt và thương mại,VCT,CTCP Tư vấn Xây dựng Vinaconex,https://finance.vietstock.vn/VCT-ctcp-tu-van-xay-dung-vinaconex.htm
5,UPCoM,Dịch vụ tiện ích,VCW,CTCP Đầu tư Nước sạch Sông Đà,https://finance.vietstock.vn/VCW-ctcp-dau-tu-nuoc-sach-song-da.htm
5,UPCoM,Nguyên vật liệu,VCX,CTCP Xi măng Yên Bình,https://finance.vietstock.vn/VCX-ctcp-xi-mang-yen-binh.htm
5,UPCoM,Năng lượng,VDB,CTCP Vận tải và Chế biến Than Đông Bắc,https://finance.vietstock.vn/VDB-ctcp-van-tai-va-che-bien-than-dong-bac.htm
5,UPCoM,Hàng tiêu dùng và trang trí,VDG,CTCP Vạn Đạt Group,https://finance.vietstock.vn/VDG-ctcp-van-dat-group.htm
2,HNX,"Thực phẩm, đồ uống và thuốc lá",VDL,CTCP Thực phẩm Lâm Đồng,https://finance.vietstock.vn/VDL-ctcp-thuc-pham-lam-dong.htm
5,UPCoM,Hàng tiêu dùng và trang trí,VDN,CTCP Vinatex Đà Nẵng,https://finance.vietstock.vn/VDN-ctcp-vinatex-da-nang.htm
1,HOSE,"Dược phẩm, Công nghệ sinh học và Khoa học thường thức",VDP,CTCP Dược phẩm Trung ương VIDIPHA,https://finance.vietstock.vn/VDP-ctcp-duoc-pham-trung-uong-vidipha.htm
1,HOSE,Dịch vụ tài chính,VDS,CTCP Chứng khoán Rồng Việt,https://finance.vietstock.vn/VDS-ctcp-chung-khoan-rong-viet.htm
5,UPCoM,Nguyên vật liệu,VDT,CTCP Lưới thép Bình Tây,https://finance.vietstock.vn/VDT-ctcp-luoi-thep-binh-tay.htm
2,HNX,Tư liệu sản xuất,VE1,CTCP Xây dựng Điện VNECO 1,https://finance.vietstock.vn/VE1-ctcp-xay-dung-dien-vneco-1.htm
5,UPCoM,Tư liệu sản xuất,VE2,CTCP Xây dựng Điện VNECO 2,https://finance.vietstock.vn/VE2-ctcp-xay-dung-dien-vneco-2.htm
2,HNX,Tư liệu sản xuất,VE3,CTCP Xây dựng Điện VNECO 3,https://finance.vietstock.vn/VE3-ctcp-xay-dung-dien-vneco-3.htm
2,HNX,Tư liệu sản xuất,VE4,CTCP Xây dựng Điện VNECO4,https://finance.vietstock.vn/VE4-ctcp-xay-dung-dien-vneco4.htm
5,UPCoM,Tư liệu sản xuất,VE9,CTCP Đầu tư và Xây dựng VNECO 9,https://finance.vietstock.vn/VE9-ctcp-dau-tu-va-xay-dung-vneco-9.htm
5,UPCoM,Tư liệu sản xuất,VEA,Tổng Công ty Máy động lực và Máy nông nghiệp Việt Nam – CTCP,https://finance.vietstock.vn/VEA-tong-cong-ty-may-dong-luc-va-may-nong-nghiep-viet-nam-–-ctcp.htm
5,UPCoM,Hàng tiêu dùng và trang trí,VEC,Tổng Công ty cổ phần Điện tử và Tin học Việt Nam,https://finance.vietstock.vn/VEC-tong-cong-ty-co-phan-dien-tu-va-tin-hoc-viet-nam.htm
5,UPCoM,Dịch vụ chuyên biệt và thương mại,VEF,CTCP Trung tâm Hội chợ Triển lãm Việt Nam,https://finance.vietstock.vn/VEF-ctcp-trung-tam-hoi-cho-trien-lam-viet-nam.htm
5,UPCoM,Phát triển và quản lý bất động sản,VES,CTCP Đầu tư và Xây dựng Điện Mêca Vneco,https://finance.vietstock.vn/VES-ctcp-dau-tu-va-xay-dung-dien-meca-vneco.htm
5,UPCoM,"Dược phẩm, Công nghệ sinh học và Khoa học thường thức",VET,CTCP Thuốc thú y Trung ương Navetco,https://finance.vietstock.vn/VET-ctcp-thuoc-thu-y-trung-uong-navetco.htm
5,UPCoM,Vận tải,VFC,CTCP Vinafco,https://finance.vietstock.vn/VFC-ctcp-vinafco.htm
1,HOSE,Phân phối và bán lẻ hàng lâu bền,VFG,CTCP Khử trùng Việt Nam,https://finance.vietstock.vn/VFG-ctcp-khu-trung-viet-nam.htm
5,UPCoM,Vận tải,VFR,CTCP Vận tải và Thuê tàu,https://finance.vietstock.vn/VFR-ctcp-van-tai-va-thue-tau.htm
2,HNX,Dịch vụ tài chính,VFS,CTCP Chứng khoán Nhất Việt,https://finance.vietstock.vn/VFS-ctcp-chung-khoan-nhat-viet.htm
1,HOSE,Nguyên vật liệu,VGC,Tổng Công ty Viglacera - CTCP,https://finance.vietstock.vn/VGC-tong-cong-ty-viglacera-ctcp.htm
5,UPCoM,Hàng tiêu dùng và trang trí,VGG,Tổng Công ty cổ phần May Việt Tiến,https://finance.vietstock.vn/VGG-tong-cong-ty-co-phan-may-viet-tien.htm
5,UPCoM,Dịch vụ viễn thông,VGI,Tổng Công ty cổ phần Đầu tư Quốc tế Viettel,https://finance.vietstock.vn/VGI-tong-cong-ty-co-phan-dau-tu-quoc-te-viettel.htm
5,UPCoM,Nguyên vật liệu,VGL,CTCP Mạ Kẽm Công Nghiệp Vingal - Vnsteel,https://finance.vietstock.vn/VGL-ctcp-ma-kem-cong-nghiep-vingal-vnsteel.htm
2,HNX,Vận tải,VGP,CTCP Cảng Rau Quả,https://finance.vietstock.vn/VGP-ctcp-cang-rau-qua.htm
5,UPCoM,Vận tải,VGR,CTCP Cảng Xanh Vip,https://finance.vietstock.vn/VGR-ctcp-cang-xanh-vip.htm
2,HNX,Nguyên vật liệu,VGS,CTCP Ống thép Việt Đức VG PIPE,https://finance.vietstock.vn/VGS-ctcp-ong-thep-viet-duc-vg-pipe.htm
5,UPCoM,Hàng tiêu dùng và trang trí,VGT,Tập đoàn Dệt May Việt Nam,https://finance.vietstock.vn/VGT-tap-doan-det-may-viet-nam.htm
5,UPCoM,Dịch vụ chuyên biệt và thương mại,VGV,Tổng Công ty Tư vấn Xây dựng Việt Nam - CTCP,https://finance.vietstock.vn/VGV-tong-cong-ty-tu-van-xay-dung-viet-nam-ctcp.htm
1,HOSE,"Thực phẩm, đồ uống và thuốc lá",VHC,CTCP Vĩnh Hoàn,https://finance.vietstock.vn/VHC-ctcp-vinh-hoan.htm
5,UPCoM,Phát triển và quản lý bất động sản,VHD,CTCP Đầu tư Phát triển Nhà và Đô Thị VINAHUD,https://finance.vietstock.vn/VHD-ctcp-dau-tu-phat-trien-nha-va-do-thi-vinahud.htm
2,HNX,"Thực phẩm, đồ uống và thuốc lá",VHE,CTCP Dược liệu và Thực phẩm Việt Nam,https://finance.vietstock.vn/VHE-ctcp-duoc-lieu-va-thuc-pham-viet-nam.htm
5,UPCoM,"Thực phẩm, đồ uống và thuốc lá",VHF,CTCP Xây dựng và Chế biến Lương thực Vĩnh Hà,https://finance.vietstock.vn/VHF-ctcp-xay-dung-va-che-bien-luong-thuc-vinh-ha.htm
5,UPCoM,Nguyên vật liệu,VHG,CTCP Đầu tư Phát triển Việt Trung Nam,https://finance.vietstock.vn/VHG-ctcp-dau-tu-phat-trien-viet-trung-nam.htm
5,UPCoM,Nguyên vật liệu,VHH,CTCP Đầu tư Kinh doanh Nhà Thành Đạt,https://finance.vietstock.vn/VHH-ctcp-dau-tu-kinh-doanh-nha-thanh-dat.htm
2,HNX,Nguyên vật liệu,VHL,CTCP Viglacera Hạ Long,https://finance.vietstock.vn/VHL-ctcp-viglacera-ha-long.htm
1,HOSE,Phát triển và quản lý bất động sản,VHM,CTCP Vinhomes,https://finance.vietstock.vn/VHM-ctcp-vinhomes.htm
1,HOSE,Tổ chức tín dụng,VIB,Ngân hàng TMCP Quốc tế Việt Nam,https://finance.vietstock.vn/VIB-ngan-hang-tmcp-quoc-te-viet-nam.htm
1,HOSE,Phát triển và quản lý bất động sản,VIC,Tập đoàn VINGROUP - CTCP,https://finance.vietstock.vn/VIC-tap-doan-vingroup-ctcp.htm
1,HOSE,Phân phối và bán lẻ hàng lâu bền,VID,CTCP Đầu tư Phát triển Thương mại Viễn Đông,https://finance.vietstock.vn/VID-ctcp-dau-tu-phat-trien-thuong-mai-vien-dong.htm
5,UPCoM,Dịch vụ viễn thông,VIE,CTCP Công nghệ Viễn thông VITECO,https://finance.vietstock.vn/VIE-ctcp-cong-nghe-vien-thong-viteco.htm
2,HNX,Nguyên vật liệu,VIF,Tổng Công ty Lâm nghiệp Việt Nam - CTCP,https://finance.vietstock.vn/VIF-tong-cong-ty-lam-nghiep-viet-nam-ctcp.htm
2,HNX,Dịch vụ tài chính,VIG,CTCP Chứng khoán Đầu tư tài chính Việt Nam,https://finance.vietstock.vn/VIG-ctcp-chung-khoan-dau-tu-tai-chinh-viet-nam.htm
5,UPCoM,Nguyên vật liệu,VIH,CTCP Viglacera Hà Nội,https://finance.vietstock.vn/VIH-ctcp-viglacera-ha-noi.htm
5,UPCoM,Nguyên vật liệu,VIM,CTCP Khoáng sản Viglacera,https://finance.vietstock.vn/VIM-ctcp-khoang-san-viglacera.htm
5,UPCoM,Vận tải,VIN,CTCP Giao nhận Kho vận Ngoại Thương Việt Nam,https://finance.vietstock.vn/VIN-ctcp-giao-nhan-kho-van-ngoai-thuong-viet-nam.htm
1,HOSE,Vận tải,VIP,CTCP Vận tải Xăng dầu Vipco,https://finance.vietstock.vn/VIP-ctcp-van-tai-xang-dau-vipco.htm
5,UPCoM,Dịch vụ tiêu dùng,VIR,CTCP Du lịch Quốc tế Vũng Tàu,https://finance.vietstock.vn/VIR-ctcp-du-lich-quoc-te-vung-tau.htm
2,HNX,Nguyên vật liệu,VIT,CTCP Viglacera Tiên Sơn,https://finance.vietstock.vn/VIT-ctcp-viglacera-tien-son.htm
5,UPCoM,Tư liệu sản xuất,VIW,Tổng Công ty Đầu tư Nước và Môi trường Việt Nam,https://finance.vietstock.vn/VIW-tong-cong-ty-dau-tu-nuoc-va-moi-truong-viet-nam.htm
1,HOSE,Dịch vụ tài chính,VIX,CTCP Chứng khoán VIX,https://finance.vietstock.vn/VIX-ctcp-chung-khoan-vix.htm
1,HOSE,Vận tải,VJC,CTCP Hàng không Vietjet,https://finance.vietstock.vn/VJC-ctcp-hang-khong-vietjet.htm
5,UPCoM,Phân phối và bán lẻ hàng lâu bền,VKC,CTCP VKC Holdings ,https://finance.vietstock.vn/VKC-ctcp-vkc-holdings.htm
5,UPCoM,Nguyên vật liệu,VKP,CTCP Nhựa Tân Hóa,https://finance.vietstock.vn/VKP-ctcp-nhua-tan-hoa.htm
2,HNX,Hàng tiêu dùng và trang trí,X20,CTCP X20,https://finance.vietstock.vn/X20-ctcp-x20.htm
2,HNX,Dịch vụ tiêu dùng,VLA,CTCP Đầu tư và Phát triển Công nghệ Văn Lang,https://finance.vietstock.vn/VLA-ctcp-dau-tu-va-phat-trien-cong-nghe-van-lang.htm
5,UPCoM,Nguyên vật liệu,VLB,CTCP Xây dựng và Sản xuất Vật liệu xây dựng Biên Hòa,https://finance.vietstock.vn/VLB-ctcp-xay-dung-va-san-xuat-vat-lieu-xay-dung-bien-hoa.htm
5,UPCoM,"Thực phẩm, đồ uống và thuốc lá",VLC,Tổng Công ty Chăn Nuôi Việt Nam - CTCP,https://finance.vietstock.vn/VLC-tong-cong-ty-chan-nuoi-viet-nam-ctcp.htm
5,UPCoM,"Thực phẩm, đồ uống và thuốc lá",VLF,CTCP Lương thực Thực phẩm Vĩnh Long,https://finance.vietstock.vn/VLF-ctcp-luong-thuc-thuc-pham-vinh-long.htm
5,UPCoM,Vận tải,VLG,CTCP VIMC Logistics,https://finance.vietstock.vn/VLG-ctcp-vimc-logistics.htm
5,UPCoM,Dịch vụ tiện ích,VLP,CTCP Công trình Công cộng Vĩnh Long,https://finance.vietstock.vn/VLP-ctcp-cong-trinh-cong-cong-vinh-long.htm
5,UPCoM,Dịch vụ tiện ích,VLW,CTCP Cấp nước Vĩnh Long,https://finance.vietstock.vn/VLW-ctcp-cap-nuoc-vinh-long.htm
5,UPCoM,Xe và linh kiện,VMA,CTCP Công nghiệp Ô tô - Vinacomin,https://finance.vietstock.vn/VMA-ctcp-cong-nghiep-o-to-vinacomin.htm
2,HNX,Tư liệu sản xuất,VMC,CTCP Vimeco,https://finance.vietstock.vn/VMC-ctcp-vimeco.htm
1,HOSE,Phân phối và bán lẻ hàng lâu bền,VMD,CTCP Y Dược phẩm Vimedimex,https://finance.vietstock.vn/VMD-ctcp-y-duoc-pham-vimedimex.htm
5,UPCoM,Dịch vụ tiện ích,VMG,CTCP Thương mại và Dịch vụ Dầu khí Vũng Tàu,https://finance.vietstock.vn/VMG-ctcp-thuong-mai-va-dich-vu-dau-khi-vung-tau.htm
5,UPCoM,Dịch vụ tiện ích,VMK,CTCP Vimarko,https://finance.vietstock.vn/VMK-ctcp-vimarko.htm
2,HNX,Vận tải,VMS,CTCP Phát triển Hàng Hải,https://finance.vietstock.vn/VMS-ctcp-phat-trien-hang-hai.htm
5,UPCoM,Vận tải,VMT,CTCP Giao nhận Vận tải miền Trung,https://finance.vietstock.vn/VMT-ctcp-giao-nhan-van-tai-mien-trung.htm
5,UPCoM,Vận tải,VNA,CTCP Vận tải Biển Vinaship,https://finance.vietstock.vn/VNA-ctcp-van-tai-bien-vinaship.htm
5,UPCoM,Truyền thông và giải trí,VNB,CTCP Sách Việt Nam,https://finance.vietstock.vn/VNB-ctcp-sach-viet-nam.htm
2,HNX,Dịch vụ chuyên biệt và thương mại,VNC,CTCP Tập đoàn Vinacontrol,https://finance.vietstock.vn/VNC-ctcp-tap-doan-vinacontrol.htm
1,HOSE,Dịch vụ tài chính,VND,CTCP Chứng khoán VNDIRECT ,https://finance.vietstock.vn/VND-ctcp-chung-khoan-vndirect.htm
1,HOSE,Tư liệu sản xuất,VNE,Tổng Công ty cổ phần Xây dựng Điện Việt Nam,https://finance.vietstock.vn/VNE-tong-cong-ty-co-phan-xay-dung-dien-viet-nam.htm
2,HNX,Vận tải,VNF,CTCP Vinafreight,https://finance.vietstock.vn/VNF-ctcp-vinafreight.htm
1,HOSE,Dịch vụ tiêu dùng,VNG,CTCP Du lịch Thành Thành Công,https://finance.vietstock.vn/VNG-ctcp-du-lich-thanh-thanh-cong.htm
5,UPCoM,"Thực phẩm, đồ uống và thuốc lá",VNH,CTCP Đầu tư Việt Việt Nhật,https://finance.vietstock.vn/VNH-ctcp-dau-tu-viet-viet-nhat.htm
5,UPCoM,Phát triển và quản lý bất động sản,VNI,CTCP Đầu tư Bất động sản Việt Nam,https://finance.vietstock.vn/VNI-ctcp-dau-tu-bat-dong-san-viet-nam.htm
1,HOSE,Vận tải,VNL,CTCP Logistics Vinalink,https://finance.vietstock.vn/VNL-ctcp-logistics-vinalink.htm
1,HOSE,"Thực phẩm, đồ uống và thuốc lá",VNM,CTCP Sữa Việt Nam,https://finance.vietstock.vn/VNM-ctcp-sua-viet-nam.htm
5,UPCoM,Nguyên vật liệu,VNP,CTCP Nhựa Việt Nam,https://finance.vietstock.vn/VNP-ctcp-nhua-viet-nam.htm
2,HNX,Bảo hiểm,VNR,Tổng Công ty cổ phần Tái Bảo hiểm Quốc gia Việt Nam,https://finance.vietstock.vn/VNR-tong-cong-ty-co-phan-tai-bao-hiem-quoc-gia-viet-nam.htm
1,HOSE,Vận tải,VNS,CTCP Ánh Dương Việt Nam,https://finance.vietstock.vn/VNS-ctcp-anh-duong-viet-nam.htm
2,HNX,Vận tải,VNT,CTCP Giao nhận Vận tải Ngoại thương,https://finance.vietstock.vn/VNT-ctcp-giao-nhan-van-tai-ngoai-thuong.htm
5,UPCoM,Truyền thông và giải trí,VNX,CTCP Quảng cáo và Hội chợ Thương mại,https://finance.vietstock.vn/VNX-ctcp-quang-cao-va-hoi-cho-thuong-mai.htm
5,UPCoM,"Dược phẩm, Công nghệ sinh học và Khoa học thường thức",VNY,CTCP Thuốc thú y Trung ương I,https://finance.vietstock.vn/VNY-ctcp-thuoc-thu-y-trung-uong-i.htm
5,UPCoM,Truyền thông và giải trí,VNZ,CTCP VNG ,https://finance.vietstock.vn/VNZ-ctcp-vng.htm
5,UPCoM,"Thực phẩm, đồ uống và thuốc lá",VOC,Tổng Công ty Công Nghiệp Dầu Thực Vật Việt Nam - CTCP,https://finance.vietstock.vn/VOC-tong-cong-ty-cong-nghiep-dau-thuc-vat-viet-nam-ctcp.htm
1,HOSE,Vận tải,VOS,CTCP Vận tải Biển Việt Nam,https://finance.vietstock.vn/VOS-ctcp-van-tai-bien-viet-nam.htm
5,UPCoM,Vận tải,VPA,CTCP Vận tải Hoá Dầu VP,https://finance.vietstock.vn/VPA-ctcp-van-tai-hoa-dau-vp.htm
1,HOSE,Tổ chức tín dụng,VPB,Ngân hàng TMCP Việt Nam Thịnh Vượng,https://finance.vietstock.vn/VPB-ngan-hang-tmcp-viet-nam-thinh-vuong.htm
5,UPCoM,Tư liệu sản xuất,VPC,CTCP Đầu tư và Phát triển Năng lượng Việt Nam,https://finance.vietstock.vn/VPC-ctcp-dau-tu-va-phat-trien-nang-luong-viet-nam.htm
1,HOSE,Dịch vụ tiện ích,VPD,CTCP Phát triển Điện lực Việt Nam,https://finance.vietstock.vn/VPD-ctcp-phat-trien-dien-luc-viet-nam.htm
1,HOSE,Phân phối và bán lẻ hàng lâu bền,VPG,CTCP Đầu tư Thương mại Xuất nhập khẩu Việt Phát,https://finance.vietstock.vn/VPG-ctcp-dau-tu-thuong-mai-xuat-nhap-khau-viet-phat.htm
1,HOSE,Phát triển và quản lý bất động sản,VPH,CTCP Vạn Phát Hưng,https://finance.vietstock.vn/VPH-ctcp-van-phat-hung.htm
1,HOSE,Phát triển và quản lý bất động sản,VPI,CTCP Đầu tư Văn Phú - INVEST,https://finance.vietstock.vn/VPI-ctcp-dau-tu-van-phu-invest.htm
5,UPCoM,Phát triển và quản lý bất động sản,VPR,CTCP VinaPrint,https://finance.vietstock.vn/VPR-ctcp-vinaprint.htm
1,HOSE,Nguyên vật liệu,VPS,CTCP Thuốc sát trùng Việt Nam ,https://finance.vietstock.vn/VPS-ctcp-thuoc-sat-trung-viet-nam.htm
5,UPCoM,Dịch vụ tiện ích,VPW,CTCP Cấp thoát nước Số 1 Vĩnh Phúc,https://finance.vietstock.vn/VPW-ctcp-cap-thoat-nuoc-so-1-vinh-phuc.htm
5,UPCoM,Dịch vụ chuyên biệt và thương mại,VQC,CTCP Giám định - Vinacomin,https://finance.vietstock.vn/VQC-ctcp-giam-dinh-vinacomin.htm
5,UPCoM,Hàng tiêu dùng và trang trí,X26,CTCP 26,https://finance.vietstock.vn/X26-ctcp-26.htm
1,HOSE,Phát triển và quản lý bất động sản,VRC,CTCP Bất động sản và Đầu tư VRC,https://finance.vietstock.vn/VRC-ctcp-bat-dong-san-va-dau-tu-vrc.htm
1,HOSE,Phát triển và quản lý bất động sản,VRE,CTCP Vincom Retail,https://finance.vietstock.vn/VRE-ctcp-vincom-retail.htm
5,UPCoM,Phát triển và quản lý bất động sản,VRG,CTCP Phát triển Đô thị và Khu công nghiệp Cao su Việt Nam,https://finance.vietstock.vn/VRG-ctcp-phat-trien-do-thi-va-khu-cong-nghiep-cao-su-viet-nam.htm
2,HNX,Vận tải,VSA,CTCP Đại lý Hàng hải Việt Nam,https://finance.vietstock.vn/VSA-ctcp-dai-ly-hang-hai-viet-nam.htm
1,HOSE,Vận tải,VSC,CTCP Container Việt Nam,https://finance.vietstock.vn/VSC-ctcp-container-viet-nam.htm
5,UPCoM,Tư liệu sản xuất,VSE,CTCP Dịch vụ Đường cao tốc Việt Nam,https://finance.vietstock.vn/VSE-ctcp-dich-vu-duong-cao-toc-viet-nam.htm
5,UPCoM,"Thực phẩm, đồ uống và thuốc lá",VSF,Tổng Công ty Lương thực Miền Nam - CTCP,https://finance.vietstock.vn/VSF-tong-cong-ty-luong-thuc-mien-nam-ctcp.htm
5,UPCoM,Vận tải,VSG,CTCP Container Phía Nam,https://finance.vietstock.vn/VSG-ctcp-container-phia-nam.htm
1,HOSE,Dịch vụ tiện ích,VSH,CTCP Thủy điện Vĩnh Sơn - Sông Hinh,https://finance.vietstock.vn/VSH-ctcp-thuy-dien-vinh-son-song-hinh.htm
1,HOSE,Tư liệu sản xuất,VSI,CTCP Đầu tư và Xây dựng Cấp thoát nước,https://finance.vietstock.vn/VSI-ctcp-dau-tu-va-xay-dung-cap-thoat-nuoc.htm
2,HNX,Vận tải,VSM,CTCP Container Miền Trung,https://finance.vietstock.vn/VSM-ctcp-container-mien-trung.htm
5,UPCoM,"Thực phẩm, đồ uống và thuốc lá",VSN,CTCP Việt Nam Kỹ nghệ Súc sản,https://finance.vietstock.vn/VSN-ctcp-viet-nam-ky-nghe-suc-san.htm
5,UPCoM,Vận tải,VST,CTCP Vận tải và Thuê tàu biển Việt Nam,https://finance.vietstock.vn/VST-ctcp-van-tai-va-thue-tau-bien-viet-nam.htm
5,UPCoM,Nguyên vật liệu,VTA,CTCP Vitaly,https://finance.vietstock.vn/VTA-ctcp-vitaly.htm
1,HOSE,Công nghệ phần cứng và thiết bị,VTB,CTCP Viettronics Tân Bình,https://finance.vietstock.vn/VTB-ctcp-viettronics-tan-binh.htm
2,HNX,Dịch vụ viễn thông,VTC,CTCP Viễn thông VTC,https://finance.vietstock.vn/VTC-ctcp-vien-thong-vtc.htm
5,UPCoM,Vận tải,VTD,CTCP Du lịch Vietourist,https://finance.vietstock.vn/VTD-ctcp-du-lich-vietourist.htm
5,UPCoM,Chất bán dẫn và thiết bị bán dẫn,VTE,CTCP VINACAP Kim Long,https://finance.vietstock.vn/VTE-ctcp-vinacap-kim-long.htm
5,UPCoM,Dịch vụ tiêu dùng,VTG,CTCP Du lịch Tỉnh Bà Rịa - Vũng Tàu,https://finance.vietstock.vn/VTG-ctcp-du-lich-tinh-ba-ria-vung-tau.htm
2,HNX,Hàng tiêu dùng và trang trí,VTH,CTCP Dây cáp Điện Việt Thái,https://finance.vietstock.vn/VTH-ctcp-day-cap-dien-viet-thai.htm
5,UPCoM,Hàng tiêu dùng và trang trí,VTI,CTCP Sản xuất - Xuất nhập khẩu Dệt may,https://finance.vietstock.vn/VTI-ctcp-san-xuat-xuat-nhap-khau-det-may.htm
2,HNX,Phát triển và quản lý bất động sản,VTJ,CTCP Thương mại và Đầu tư VI NA TA BA,https://finance.vietstock.vn/VTJ-ctcp-thuong-mai-va-dau-tu-vi-na-ta-ba.htm
5,UPCoM,Dịch vụ viễn thông,VTK,CTCP Tư Vấn Và Dịch Vụ Viettel,https://finance.vietstock.vn/VTK-ctcp-tu-van-va-dich-vu-viettel.htm
5,UPCoM,"Thực phẩm, đồ uống và thuốc lá",VTL,CTCP Vang Thăng Long,https://finance.vietstock.vn/VTL-ctcp-vang-thang-long.htm
5,UPCoM,Vận tải,VTM,CTCP Vận tải và Đưa đón thợ mỏ - VINACOMIN,https://finance.vietstock.vn/VTM-ctcp-van-tai-va-dua-don-tho-mo-vinacomin.htm
1,HOSE,Vận tải,VTO,CTCP Vận tải Xăng dầu Vitaco,https://finance.vietstock.vn/VTO-ctcp-van-tai-xang-dau-vitaco.htm
1,HOSE,Vận tải,VTP,Tổng Công ty cổ phần Bưu chính Viettel,https://finance.vietstock.vn/VTP-tong-cong-ty-co-phan-buu-chinh-viettel.htm
5,UPCoM,Nguyên vật liệu,VTQ,CTCP Việt Trung Quảng Bình,https://finance.vietstock.vn/VTQ-ctcp-viet-trung-quang-binh.htm
5,UPCoM,Vận tải,VTR,CTCP Du lịch và Tiếp thị Giao thông Vận tải Việt Nam - Vietravel,https://finance.vietstock.vn/VTR-ctcp-du-lich-va-tiep-thi-giao-thong-van-tai-viet-nam-vietravel.htm
5,UPCoM,Nguyên vật liệu,VTS,CTCP Viglacera Từ Sơn,https://finance.vietstock.vn/VTS-ctcp-viglacera-tu-son.htm
2,HNX,Phân phối và bán lẻ hàng lâu bền,VTV,CTCP Năng lượng và Môi trường VICEM,https://finance.vietstock.vn/VTV-ctcp-nang-luong-va-moi-truong-vicem.htm
5,UPCoM,Vận tải,VTX,CTCP Vận tải Đa Phương Thức Vietranstimex ,https://finance.vietstock.vn/VTX-ctcp-van-tai-da-phuong-thuc-vietranstimex.htm
2,HNX,Nguyên vật liệu,VTZ,CTCP Sản xuất và Thương mại Nhựa Việt Thành,https://finance.vietstock.vn/VTZ-ctcp-san-xuat-va-thuong-mai-nhua-viet-thanh.htm
5,UPCoM,Dịch vụ tài chính,VUA,CTCP Chứng khoán Stanley Brothers,https://finance.vietstock.vn/VUA-ctcp-chung-khoan-stanley-brothers.htm
5,UPCoM,Tư liệu sản xuất,VVN,Tổng Công ty cổ phần Xây dựng Công nghiệp Việt Nam,https://finance.vietstock.vn/VVN-tong-cong-ty-co-phan-xay-dung-cong-nghiep-viet-nam.htm
5,UPCoM,Phân phối và bán lẻ hàng lâu bền,VVS,CTCP Đầu tư phát triển máy Việt Nam,https://finance.vietstock.vn/VVS-ctcp-dau-tu-phat-trien-may-viet-nam.htm
5,UPCoM,Tư liệu sản xuất,VW3,CTCP Viwaseen3,https://finance.vietstock.vn/VW3-ctcp-viwaseen3.htm
5,UPCoM,Dịch vụ tiện ích,VWS,CTCP Nước và Môi Trường Việt Nam,https://finance.vietstock.vn/VWS-ctcp-nuoc-va-moi-truong-viet-nam.htm
5,UPCoM,Tư liệu sản xuất,VXB,CTCP Vật liệu Xây dựng Bến Tre,https://finance.vietstock.vn/VXB-ctcp-vat-lieu-xay-dung-ben-tre.htm
5,UPCoM,"Dược phẩm, Công nghệ sinh học và Khoa học thường thức",VXP,CTCP Thuốc Thú y Trung ương VETVACO,https://finance.vietstock.vn/VXP-ctcp-thuoc-thu-y-trung-uong-vetvaco.htm
5,UPCoM,Phân phối và bán lẻ hàng lâu bền,VXT,CTCP Kho vận và Dịch vụ Thương mại,https://finance.vietstock.vn/VXT-ctcp-kho-van-va-dich-vu-thuong-mai.htm
2,HNX,Vận tải,WCS,CTCP Bến xe Miền Tây,https://finance.vietstock.vn/WCS-ctcp-ben-xe-mien-tay.htm
5,UPCoM,"Thực phẩm, đồ uống và thuốc lá",WSB,CTCP Bia Sài Gòn - Miền Tây,https://finance.vietstock.vn/WSB-ctcp-bia-sai-gon-mien-tay.htm
2,HNX,Dịch vụ tài chính,WSS,CTCP Chứng khoán Phố Wall,https://finance.vietstock.vn/WSS-ctcp-chung-khoan-pho-wall.htm
5,UPCoM,Vận tải,WTC,CTCP Vận tải Thủy - Vinacomin,https://finance.vietstock.vn/WTC-ctcp-van-tai-thuy-vinacomin.htm
5,UPCoM,Nguyên vật liệu,X77,CTCP Thành An 77,https://finance.vietstock.vn/X77-ctcp-thanh-an-77.htm
5,UPCoM,Phát triển và quản lý bất động sản,XDH,CTCP Đầu tư Xây dựng Dân dụng Hà Nội,https://finance.vietstock.vn/XDH-ctcp-dau-tu-xay-dung-dan-dung-ha-noi.htm
5,UPCoM,Nguyên vật liệu,XHC,CTCP Xuân Hòa Việt Nam,https://finance.vietstock.vn/XHC-ctcp-xuan-hoa-viet-nam.htm
5,UPCoM,Tư liệu sản xuất,XLV,CTCP Xây Lắp và Dịch vụ Sông Đà,https://finance.vietstock.vn/XLV-ctcp-xay-lap-va-dich-vu-song-da.htm
5,UPCoM,Phát triển và quản lý bất động sản,XMC,CTCP Đầu tư  và Xây dựng Xuân Mai,https://finance.vietstock.vn/XMC-ctcp-dau-tu-va-xay-dung-xuan-mai.htm
5,UPCoM,Nguyên vật liệu,XMD,CTCP Xuân Mai - Đạo Tú,https://finance.vietstock.vn/XMD-ctcp-xuan-mai-dao-tu.htm
5,UPCoM,Dịch vụ tiện ích,XMP,CTCP Thủy điện Xuân Minh,https://finance.vietstock.vn/XMP-ctcp-thuy-dien-xuan-minh.htm
5,UPCoM,Đồ gia dụng và cá nhân,XPH,CTCP Xà phòng Hà Nội,https://finance.vietstock.vn/XPH-ctcp-xa-phong-ha-noi.htm
5,UPCoM,Nguyên vật liệu,YBC,CTCP Xi măng và Khoáng sản Yên Bái,https://finance.vietstock.vn/YBC-ctcp-xi-mang-va-khoang-san-yen-bai.htm
1,HOSE,Nguyên vật liệu,YBM,CTCP Khoáng sản Công nghiệp Yên Bái,https://finance.vietstock.vn/YBM-ctcp-khoang-san-cong-nghiep-yen-bai.htm
1,HOSE,Truyền thông và giải trí,YEG,CTCP Tập đoàn Yeah1,https://finance.vietstock.vn/YEG-ctcp-tap-doan-yeah1.htm
5,UPCoM,Phân phối và bán lẻ hàng lâu bền,YTC,CTCP Xuất nhập khẩu Y tế Thành phố Hồ Chí Minh,https://finance.vietstock.vn/YTC-ctcp-xuat-nhap-khau-y-te-thanh-pho-ho-chi-minh.htm
3,OTC,NaN,126IBC,CTCP Đầu tư Kinh doanh và Xây dựng 126,https://finance.vietstock.vn/126IBC-ctcp-dau-tu-kinh-doanh-va-xay-dung-126.htm
4,Khác,NaN,3TAudit,Công ty TNHH Dịch vụ Tài chính - Kế toán và Kiểm toán 3T,https://finance.vietstock.vn/3TAudit-cong-ty-tnhh-dich-vu-tai-chinh-ke-toan-va-kiem-toan-3t.htm
4,Khác,NaN,AA,Công ty TNHH Kiểm toán Mỹ,https://finance.vietstock.vn/AA-cong-ty-tnhh-kiem-toan-my.htm
3,OTC,NaN,AAAA,CTCP Bảo hiểm AAA,https://finance.vietstock.vn/AAAA-ctcp-bao-hiem-aaa.htm
4,Khác,NaN,AAAT,"Công ty TNHH Dịch vụ Kiểm toán, Kế toán và Tư vấn Thuế AAT",https://finance.vietstock.vn/AAAT-cong-ty-tnhh-dich-vu-kiem-toan-ke-toan-va-tu-van-thue-aat.htm
4,Khác,NaN,AAC,Công ty TNHH Kiểm toán và Kế toán AAC,https://finance.vietstock.vn/AAC-cong-ty-tnhh-kiem-toan-va-ke-toan-aac.htm
4,Khác,NaN,AACA,Công ty TNHH Tư vấn và Kiểm toán Á Châu,https://finance.vietstock.vn/AACA-cong-ty-tnhh-tu-van-va-kiem-toan-a-chau.htm
4,Khác,NaN,AACC,Công ty TNHH Kế toán Kiểm toán Tư vấn Việt Nam,https://finance.vietstock.vn/AACC-cong-ty-tnhh-ke-toan-kiem-toan-tu-van-viet-nam.htm
4,Khác,NaN,AACVN,Công ty TNHH Kiểm toán - Tư vấn Định giá ACC Việt Nam,https://finance.vietstock.vn/AACVN-cong-ty-tnhh-kiem-toan-tu-van-dinh-gia-acc-viet-nam.htm
4,Khác,NaN,AAFC,Công ty TNHH Tư vấn Tài chính Kế toán và Kiểm toán Việt Nam,https://finance.vietstock.vn/AAFC-cong-ty-tnhh-tu-van-tai-chinh-ke-toan-va-kiem-toan-viet-nam.htm
4,Khác,NaN,AASC,Công ty TNHH Hãng Kiểm toán AASC,https://finance.vietstock.vn/AASC-cong-ty-tnhh-hang-kiem-toan-aasc.htm
4,Khác,NaN,AASCN,Công ty TNHH Dịch vụ Tư vấn Tài chính Kinh tế và Kiểm toán Nam Việt,https://finance.vietstock.vn/AASCN-cong-ty-tnhh-dich-vu-tu-van-tai-chinh-kinh-te-va-kiem-toan-nam-viet.htm
4,Khác,NaN,AASCS,Công ty TNHH Dịch vụ Tư vấn Tài chính Kế toán và Kiểm toán Phía Nam,https://finance.vietstock.vn/AASCS-cong-ty-tnhh-dich-vu-tu-van-tai-chinh-ke-toan-va-kiem-toan-phia-nam.htm
3,OTC,NaN,AAUS,CTCP Chứng khoán Á - Âu,https://finance.vietstock.vn/AAUS-ctcp-chung-khoan-a-au.htm
4,Khác,NaN,ABA,CTCP Giải pháp thương mại A BA,https://finance.vietstock.vn/ABA-ctcp-giai-phap-thuong-mai-a-ba.htm
4,Khác,NaN,ABBVietNam,Công ty TNHH Kiểm toán A.B.B Việt Nam,https://finance.vietstock.vn/ABBVietNam-cong-ty-tnhh-kiem-toan-a-b-b-viet-nam.htm
3,OTC,NaN,ABFM,CTCP Quản lý Quỹ đầu tư Chứng khoán An Bình,https://finance.vietstock.vn/ABFM-ctcp-quan-ly-quy-dau-tu-chung-khoan-an-binh.htm
3,OTC,Tư liệu sản xuất,AC4,CTCP ACC-244,https://finance.vietstock.vn/AC4-ctcp-acc-244.htm
4,Khác,NaN,ACAGroup,Công ty TNHH Kiểm toán và Tư vấn Tài chính,https://finance.vietstock.vn/ACAGroup-cong-ty-tnhh-kiem-toan-va-tu-van-tai-chinh.htm
4,Khác,NaN,ACBC,Công ty TNHH MTV Quản lý Quỹ ACB,https://finance.vietstock.vn/ACBC-cong-ty-tnhh-mtv-quan-ly-quy-acb.htm
4,Khác,NaN,ACBS,Công ty TNHH Chứng khoán ACB,https://finance.vietstock.vn/ACBS-cong-ty-tnhh-chung-khoan-acb.htm
3,OTC,NaN,ACCCO,CTCP Tư vấn Kiến trúc và Xây dựng Thành phố Hồ Chí Minh,https://finance.vietstock.vn/ACCCO-ctcp-tu-van-kien-truc-va-xay-dung-thanh-pho-ho-chi-minh.htm
4,Khác,NaN,ACGroup,Công ty TNHH Tư vấn và Kiểm toán Quốc tế,https://finance.vietstock.vn/ACGroup-cong-ty-tnhh-tu-van-va-kiem-toan-quoc-te.htm
3,OTC,NaN,ACHAU,CTCP Tơ tằm Á Châu,https://finance.vietstock.vn/ACHAU-ctcp-to-tam-a-chau.htm
4,Khác,NaN,AChauAudit,Công ty TNHH Kiểm toán Quốc tế Á Châu,https://finance.vietstock.vn/AChauAudit-cong-ty-tnhh-kiem-toan-quoc-te-a-chau.htm
3,OTC,NaN,Aclii,CTCP Cho thuê Tài chính II Ngân hàng Nông nghiệp và Phát triển Nông thôn Việt Nam,https://finance.vietstock.vn/Aclii-ctcp-cho-thue-tai-chinh-ii-ngan-hang-nong-nghiep-va-phat-trien-nong-thon-viet-nam.htm
4,Khác,NaN,ACPA,Công ty TNHH Kiểm toán và Tư vấn Nexia  ACPA,https://finance.vietstock.vn/ACPA-cong-ty-tnhh-kiem-toan-va-tu-van-nexia-acpa.htm
3,OTC,NaN,ACSVN,CTCP ACS Việt Nam,https://finance.vietstock.vn/ACSVN-ctcp-acs-viet-nam.htm
4,Khác,NaN,ACVietNam,Công ty TNHH Tài chính và Kiểm toán Việt Nam,https://finance.vietstock.vn/ACVietNam-cong-ty-tnhh-tai-chinh-va-kiem-toan-viet-nam.htm
4,Khác,NaN,AEAAudit,Công ty TNHH Kiểm toán Đông Á,https://finance.vietstock.vn/AEAAudit-cong-ty-tnhh-kiem-toan-dong-a.htm
3,OTC,NaN,AECS,CTCP Tư vấn Xây dựng và Dịch vụ Hàng Không,https://finance.vietstock.vn/AECS-ctcp-tu-van-xay-dung-va-dich-vu-hang-khong.htm
3,OTC,Dịch vụ chuyên biệt và thương mại,AFC,CTCP Nông Lâm nghiệp Bình Dương,https://finance.vietstock.vn/AFC-ctcp-nong-lam-nghiep-binh-duong.htm
3,OTC,"Thực phẩm, đồ uống và thuốc lá",CBC,CTCP Chè Bàu Cạn,https://finance.vietstock.vn/CBC-ctcp-che-bau-can.htm
4,Khác,NaN,AFCAudit,Công ty TNHH Kiểm toán AFC Việt Nam,https://finance.vietstock.vn/AFCAudit-cong-ty-tnhh-kiem-toan-afc-viet-nam.htm
4,Khác,NaN,AFCC,Công ty TNHH Kiểm toán và Tư vấn Tài chính A.F.C.C,https://finance.vietstock.vn/AFCC-cong-ty-tnhh-kiem-toan-va-tu-van-tai-chinh-a-f-c-c.htm
4,Khác,NaN,AFCVietNam,Công ty TNHH Kiểm toán và Tư vấn Tài chính Kế toán Việt Nam,https://finance.vietstock.vn/AFCVietNam-cong-ty-tnhh-kiem-toan-va-tu-van-tai-chinh-ke-toan-viet-nam.htm
4,Khác,NaN,AFCVietnamFund,Quỹ AFC Vietnam Fund,https://finance.vietstock.vn/AFCVietnamFund-quy-afc-vietnam-fund.htm
4,Khác,NaN,AFPAudit,Công ty TNHH Kiểm toán và Tư vấn AFP,https://finance.vietstock.vn/AFPAudit-cong-ty-tnhh-kiem-toan-va-tu-van-afp.htm
4,Khác,NaN,AFVI,Công ty TNHH Kiểm toán Tư vấn Tài chính và Đầu tư Việt Nam,https://finance.vietstock.vn/AFVI-cong-ty-tnhh-kiem-toan-tu-van-tai-chinh-va-dau-tu-viet-nam.htm
3,OTC,"Thực phẩm, đồ uống và thuốc lá",AGC,CTCP Cà phê An Giang,https://finance.vietstock.vn/AGC-ctcp-ca-phe-an-giang.htm
3,OTC,"Thực phẩm, đồ uống và thuốc lá",AGD,CTCP Gò Đàng,https://finance.vietstock.vn/AGD-ctcp-go-dang.htm
3,OTC,Dịch vụ tiện ích,AGE,CTCP Môi trường Đô thị An Giang,https://finance.vietstock.vn/AGE-ctcp-moi-truong-do-thi-an-giang.htm
4,Khác,NaN,Agribank,Ngân hàng Nông nghiệp và Phát triển Nông thôn Việt Nam,https://finance.vietstock.vn/Agribank-ngan-hang-nong-nghiep-va-phat-trien-nong-thon-viet-nam.htm
3,OTC,NaN,AGRIMECO,Tổng Công ty Cơ điện Xây dựng - CTCP,https://finance.vietstock.vn/AGRIMECO-tong-cong-ty-co-dien-xay-dung-ctcp.htm
3,OTC,NaN,AgrimexcoCaMau,CTCP Xuất nhập khẩu Nông sản Thực phẩm Cà Mau,https://finance.vietstock.vn/AgrimexcoCaMau-ctcp-xuat-nhap-khau-nong-san-thuc-pham-ca-mau.htm
3,OTC,NaN,AGRITOUR,CTCP Du lịch Thương mại Nông nghiệp Việt Nam,https://finance.vietstock.vn/AGRITOUR-ctcp-du-lich-thuong-mai-nong-nghiep-viet-nam.htm
3,OTC,NaN,AGROMAS,CTCP Cơ điện Nông Nghiệp và Thủy Lợi II,https://finance.vietstock.vn/AGROMAS-ctcp-co-dien-nong-nghiep-va-thuy-loi-ii.htm
3,OTC,NaN,AGTourimex,CTCP Du lịch An Giang,https://finance.vietstock.vn/AGTourimex-ctcp-du-lich-an-giang.htm
4,Khác,NaN,AIA,Công ty TNHH Bảo hiểm Nhân thọ AIA (Việt Nam),https://finance.vietstock.vn/AIA-cong-ty-tnhh-bao-hiem-nhan-tho-aia-viet-nam.htm
4,Khác,NaN,AICA,Công ty TNHH Tư vấn - Kiểm toán Liên Minh Quốc tế,https://finance.vietstock.vn/AICA-cong-ty-tnhh-tu-van-kiem-toan-lien-minh-quoc-te.htm
4,Khác,NaN,AICapital,Công ty Quản lý Quỹ đầu tư A.I Capital,https://finance.vietstock.vn/AICapital-cong-ty-quan-ly-quy-dau-tu-a-i-capital.htm
4,Khác,NaN,AIG,CTCP Nguyên liệu Á Châu AIG,https://finance.vietstock.vn/AIG-ctcp-nguyen-lieu-a-chau-aig.htm
3,OTC,NaN,Airserco,CTCP Cung ứng Dịch vụ Hàng Không,https://finance.vietstock.vn/Airserco-ctcp-cung-ung-dich-vu-hang-khong.htm
4,Khác,NaN,AISC,Công ty TNHH Kiểm toán và Dịch vụ Tin học,https://finance.vietstock.vn/AISC-cong-ty-tnhh-kiem-toan-va-dich-vu-tin-hoc.htm
3,OTC,NaN,AITS,CTCP Tin học Viễn thông Hàng không,https://finance.vietstock.vn/AITS-ctcp-tin-hoc-vien-thong-hang-khong.htm
3,OTC,NaN,ALC,CTCP Âu Lạc,https://finance.vietstock.vn/ALC-ctcp-au-lac.htm
3,OTC,Hàng tiêu dùng và trang trí,ALP,CTCP Đầu tư Alphanam,https://finance.vietstock.vn/ALP-ctcp-dau-tu-alphanam.htm
3,OTC,NaN,ALS,CTCP Logistics Hàng không,https://finance.vietstock.vn/ALS-ctcp-logistics-hang-khong.htm
3,OTC,NaN,AMIC,CTCP Đầu tư AMIC,https://finance.vietstock.vn/AMIC-ctcp-dau-tu-amic.htm
3,OTC,NaN,ANCO,CTCP Dinh dưỡng Nông nghiệp Quốc tế,https://finance.vietstock.vn/ANCO-ctcp-dinh-duong-nong-nghiep-quoc-te.htm
4,Khác,NaN,AnPhatAudit,Công ty TNHH Kiểm toán và Kế toán An Phát,https://finance.vietstock.vn/AnPhatAudit-cong-ty-tnhh-kiem-toan-va-ke-toan-an-phat.htm
3,OTC,NaN,AnphatCapital,CTCP Quản lý Quỹ NTP,https://finance.vietstock.vn/AnphatCapital-ctcp-quan-ly-quy-ntp.htm
3,OTC,NaN,AnPhu,CTCP An Phú,https://finance.vietstock.vn/AnPhu-ctcp-an-phu.htm
3,OTC,NaN,AnPhuCorp,CTCP Đầu tư Bất động sản An Phú,https://finance.vietstock.vn/AnPhuCorp-ctcp-dau-tu-bat-dong-san-an-phu.htm
4,Khác,NaN,AnPhuGroup,Công ty TNHH Kiểm toán An Phú,https://finance.vietstock.vn/AnPhuGroup-cong-ty-tnhh-kiem-toan-an-phu.htm
3,OTC,NaN,Anresco,CTCP Địa ốc An Giang,https://finance.vietstock.vn/Anresco-ctcp-dia-oc-an-giang.htm
4,Khác,NaN,ANZB,Ngân hàng TNHH MTV ANZ Việt Nam,https://finance.vietstock.vn/ANZB-ngan-hang-tnhh-mtv-anz-viet-nam.htm
4,Khác,NaN,AON,Công ty TNHH AON Việt Nam,https://finance.vietstock.vn/AON-cong-ty-tnhh-aon-viet-nam.htm
4,Khác,NaN,APBAudit,Công ty TNHH Kiểm toán và Kế toán A.P.B,https://finance.vietstock.vn/APBAudit-cong-ty-tnhh-kiem-toan-va-ke-toan-a-p-b.htm
4,Khác,NaN,ApecAudit,Công ty TNHH Kiểm toán APEC,https://finance.vietstock.vn/ApecAudit-cong-ty-tnhh-kiem-toan-apec.htm
3,OTC,NaN,Aplaco,CTCP Nhựa Cao Cấp Hàng Không,https://finance.vietstock.vn/Aplaco-ctcp-nhua-cao-cap-hang-khong.htm
3,OTC,NaN,APRest,CTCP Thương mại Đầu tư Bất động sản An Phát,https://finance.vietstock.vn/APRest-ctcp-thuong-mai-dau-tu-bat-dong-san-an-phat.htm
3,OTC,NaN,APSC,CTCP Chứng khoán Alpha,https://finance.vietstock.vn/APSC-ctcp-chung-khoan-alpha.htm
3,OTC,Hàng tiêu dùng và trang trí,AQN,CTCP 28 Quảng Ngãi,https://finance.vietstock.vn/AQN-ctcp-28-quang-ngai.htm
3,OTC,NaN,Artexport,CTCP Xuất nhập khẩu Thủ công mỹ nghệ,https://finance.vietstock.vn/Artexport-ctcp-xuat-nhap-khau-thu-cong-my-nghe.htm
3,OTC,NaN,ArtexSaigon,CTCP Xuất nhập khẩu Hàng tiểu thủ công nghiệp Sài Gòn,https://finance.vietstock.vn/ArtexSaigon-ctcp-xuat-nhap-khau-hang-tieu-thu-cong-nghiep-sai-gon.htm
4,Khác,NaN,ASCAudit,Công ty TNHH Kiểm toán ASC,https://finance.vietstock.vn/ASCAudit-cong-ty-tnhh-kiem-toan-asc.htm
3,OTC,NaN,ASCH,CTCP Hóa chất Á Châu,https://finance.vietstock.vn/ASCH-ctcp-hoa-chat-a-chau.htm
4,Khác,NaN,ASCO,Công ty TNHH Kiểm toán ASCO,https://finance.vietstock.vn/ASCO-cong-ty-tnhh-kiem-toan-asco.htm
3,OTC,NaN,ASCSaiGon,CTCP Đầu tư Nông nghiệp ASC Sài Gòn,https://finance.vietstock.vn/ASCSaiGon-ctcp-dau-tu-nong-nghiep-asc-sai-gon.htm
3,OTC,Tư liệu sản xuất,ASD,CTCP Sông Đà Hà Nội,https://finance.vietstock.vn/ASD-ctcp-song-da-ha-noi.htm
4,Khác,NaN,AseanAudit,Công ty TNHH Kiểm toán và Tư vấn ASEAN,https://finance.vietstock.vn/AseanAudit-cong-ty-tnhh-kiem-toan-va-tu-van-asean.htm
3,OTC,NaN,ASIACorp,CTCP Châu Á,https://finance.vietstock.vn/ASIACorp-ctcp-chau-a.htm
3,OTC,Dịch vụ tài chính,ASIAGF,Quỹ đầu tư Tăng trưởng ACB,https://finance.vietstock.vn/ASIAGF-quy-dau-tu-tang-truong-acb.htm
4,Khác,NaN,ASNAF,Công ty TNHH Kiểm toán ASNAF VN,https://finance.vietstock.vn/ASNAF-cong-ty-tnhh-kiem-toan-asnaf-vn.htm
4,Khác,NaN,ATAAudit,Công ty TNHH Kiểm toán Quốc tế ATA,https://finance.vietstock.vn/ATAAudit-cong-ty-tnhh-kiem-toan-quoc-te-ata.htm
4,Khác,NaN,ATAX,Công ty TNHH Kiểm toán và Tư vấn Thuế ATAX,https://finance.vietstock.vn/ATAX-cong-ty-tnhh-kiem-toan-va-tu-van-thue-atax.htm
3,OTC,NaN,ATC,CTCP Sản xuất - Thương mại - Xuất nhập khẩu Viễn Thông A,https://finance.vietstock.vn/ATC-ctcp-san-xuat-thuong-mai-xuat-nhap-khau-vien-thong-a.htm
3,OTC,Hàng tiêu dùng và trang trí,ATD,CTCP 28 Đà Nẵng,https://finance.vietstock.vn/ATD-ctcp-28-da-nang.htm
4,Khác,NaN,ATICVietnam,Công ty TNHH Kiểm toán Tư vấn Việt Nam,https://finance.vietstock.vn/ATICVietnam-cong-ty-tnhh-kiem-toan-tu-van-viet-nam.htm
3,OTC,NaN,ATSC,CTCP Chứng khoán An Thành,https://finance.vietstock.vn/ATSC-ctcp-chung-khoan-an-thanh.htm
4,Khác,NaN,AUDI,Công ty TNHH Kiểm toán - Tư vấn Thuế,https://finance.vietstock.vn/AUDI-cong-ty-tnhh-kiem-toan-tu-van-thue.htm
4,Khác,NaN,AuditConsult,Công ty TNHH Kiểm toán và Tư vấn A&C,https://finance.vietstock.vn/AuditConsult-cong-ty-tnhh-kiem-toan-va-tu-van-ac.htm
4,Khác,NaN,AuLac,Công ty TNHH Kiểm toán Âu Lạc,https://finance.vietstock.vn/AuLac-cong-ty-tnhh-kiem-toan-au-lac.htm
3,OTC,"Thực phẩm, đồ uống và thuốc lá",AUM,CTCP Vinacafe Sơn Thành,https://finance.vietstock.vn/AUM-ctcp-vinacafe-son-thanh.htm
3,OTC,NaN,Auto15,CTCP Ô tô 1-5,https://finance.vietstock.vn/Auto15-ctcp-o-to-1-5.htm
4,Khác,NaN,AVA,Công ty TNHH Kiểm toán và Thẩm định giá Việt Nam,https://finance.vietstock.vn/AVA-cong-ty-tnhh-kiem-toan-va-tham-dinh-gia-viet-nam.htm
4,Khác,NaN,AVICO,Công ty TNHH Kiểm toán AVICO,https://finance.vietstock.vn/AVICO-cong-ty-tnhh-kiem-toan-avico.htm
3,OTC,NaN,Avicon,CTCP Công trình Hàng không,https://finance.vietstock.vn/Avicon-ctcp-cong-trinh-hang-khong.htm
4,Khác,NaN,AVINA,"Công ty TNHH Tư vấn Thuế, Kế toán và Kiểm toán Việt Nam",https://finance.vietstock.vn/AVINA-cong-ty-tnhh-tu-van-thue-ke-toan-va-kiem-toan-viet-nam.htm
3,OTC,Dịch vụ tài chính,AVS,CTCP Chứng khoán Âu Việt,https://finance.vietstock.vn/AVS-ctcp-chung-khoan-au-viet.htm
3,OTC,NaN,AzureCity,CTCP Thành Phố Xanh,https://finance.vietstock.vn/AzureCity-ctcp-thanh-pho-xanh.htm
3,OTC,Tư liệu sản xuất,B82,CTCP 482,https://finance.vietstock.vn/B82-ctcp-482.htm
3,OTC,NaN,BacGiang,CTCP Xuất nhập Khẩu Bắc Giang,https://finance.vietstock.vn/BacGiang-ctcp-xuat-nhap-khau-bac-giang.htm
3,OTC,NaN,BachViet,CTCP Công nghệ và Đầu tư Bách Việt,https://finance.vietstock.vn/BachViet-ctcp-cong-nghe-va-dau-tu-bach-viet.htm
3,OTC,NaN,BAFECO,CTCP Thức ăn Chăn nuôi Bạc Liêu,https://finance.vietstock.vn/BAFECO-ctcp-thuc-an-chan-nuoi-bac-lieu.htm
3,OTC,Nguyên vật liệu,BAM,CTCP Khoáng sản và Luyện kim Bắc Á,https://finance.vietstock.vn/BAM-ctcp-khoang-san-va-luyen-kim-bac-a.htm
4,Khác,NaN,BaoBi277,Công ty TNHH MTV Bao Bì 277 Hà Nội,https://finance.vietstock.vn/BaoBi277-cong-ty-tnhh-mtv-bao-bi-277-ha-noi.htm
3,OTC,NaN,BaoBiDuoc,CTCP  Bao bì Dược,https://finance.vietstock.vn/BaoBiDuoc-ctcp-bao-bi-duoc.htm
3,OTC,NaN,BaoHoLaoDong,CTCP Tạp phẩm và Bảo hộ Lao động,https://finance.vietstock.vn/BaoHoLaoDong-ctcp-tap-pham-va-bao-ho-lao-dong.htm
3,OTC,NaN,BaoVietBank,Ngân hàng TMCP Bảo Việt,https://finance.vietstock.vn/BaoVietBank-ngan-hang-tmcp-bao-viet.htm
3,OTC,NaN,BaoVietResort,CTCP Khách Sạn và Du Lịch Bảo Việt,https://finance.vietstock.vn/BaoVietResort-ctcp-khach-san-va-du-lich-bao-viet.htm
3,OTC,NaN,Barotex,CTCP Thương mại và Đầu tư Barotex Việt Nam,https://finance.vietstock.vn/Barotex-ctcp-thuong-mai-va-dau-tu-barotex-viet-nam.htm
3,OTC,"Thực phẩm, đồ uống và thuốc lá",BAS,CTCP Basa,https://finance.vietstock.vn/BAS-ctcp-basa.htm
3,OTC,NaN,Baseafood,CTCP Chế biến Xuất nhập khẩu Thủy sản Bà Rịa - Vũng Tàu,https://finance.vietstock.vn/Baseafood-ctcp-che-bien-xuat-nhap-khau-thuy-san-ba-ria-vung-tau.htm
3,OTC,NaN,BAV,CTCP Hàng không Tre Việt,https://finance.vietstock.vn/BAV-ctcp-hang-khong-tre-viet.htm
3,OTC,NaN,BBL,CTCP Bourbon Bến Lức,https://finance.vietstock.vn/BBL-ctcp-bourbon-ben-luc.htm
6,Lào,NaN,BCEL,Ngân hàng Ngoại Thương Lào,https://finance.vietstock.vn/BCEL-ngan-hang-ngoai-thuong-lao.htm
4,Khác,NaN,BCEL-KT,BCEL-KT Securities Co. LTD,https://finance.vietstock.vn/BCEL-KT-bcel-kt-securities-co-ltd.htm
4,Khác,Phát triển và quản lý bất động sản,BCI,Công ty TNHH MTV Đầu tư Kinh doanh Nhà Khang Phúc,https://finance.vietstock.vn/BCI-cong-ty-tnhh-mtv-dau-tu-kinh-doanh-nha-khang-phuc.htm
3,OTC,Tư liệu sản xuất,BDC,Tổng Công ty Xây dựng Bạch Đằng - CTCP,https://finance.vietstock.vn/BDC-tong-cong-ty-xay-dung-bach-dang-ctcp.htm
3,OTC,Hàng tiêu dùng và trang trí,BDF,CTCP Giày Bình Định,https://finance.vietstock.vn/BDF-ctcp-giay-binh-dinh.htm
3,OTC,NaN,BDMienTrung,CTCP Xây lắp Bưu điện Miền Trung,https://finance.vietstock.vn/BDMienTrung-ctcp-xay-lap-buu-dien-mien-trung.htm
4,Khác,NaN,BDOAudit,Công ty TNHH Kiểm toán BDO,https://finance.vietstock.vn/BDOAudit-cong-ty-tnhh-kiem-toan-bdo.htm
3,OTC,Phát triển và quản lý bất động sản,BDP,CTCP Biệt thự và Khách sạn biển Đông Phương,https://finance.vietstock.vn/BDP-ctcp-biet-thu-va-khach-san-bien-dong-phuong.htm
3,OTC,"Thực phẩm, đồ uống và thuốc lá",BDS,CTCP Đường Bình Định,https://finance.vietstock.vn/BDS-ctcp-duong-binh-dinh.htm
3,OTC,NaN,BDSDKVN,CTCP Bất động sản Dầu khí Việt Nam,https://finance.vietstock.vn/BDSDKVN-ctcp-bat-dong-san-dau-khi-viet-nam.htm
3,OTC,NaN,BDSThanhNien,CTCP Bất động sản Thanh Niên,https://finance.vietstock.vn/BDSThanhNien-ctcp-bat-dong-san-thanh-nien.htm
3,OTC,NaN,BecamexCMC,CTCP Vật liệu Xây dựng Becamex,https://finance.vietstock.vn/BecamexCMC-ctcp-vat-lieu-xay-dung-becamex.htm
3,OTC,NaN,BenhVienGiaoThong,CTCP Bệnh viện Giao thông Vận tải ,https://finance.vietstock.vn/BenhVienGiaoThong-ctcp-benh-vien-giao-thong-van-tai.htm
3,OTC,NaN,BenThanhG,Tổng Công ty Bến Thành,https://finance.vietstock.vn/BenThanhG-tong-cong-ty-ben-thanh.htm
3,OTC,NaN,Benthanhhouse,CTCP Phát triển và Dịch vụ Nhà Bến Thành,https://finance.vietstock.vn/Benthanhhouse-ctcp-phat-trien-va-dich-vu-nha-ben-thanh.htm
3,OTC,NaN,Beta,CTCP Chứng khoán Beta,https://finance.vietstock.vn/Beta-ctcp-chung-khoan-beta.htm
3,OTC,NaN,BeTongHaiAu,CTCP Bê tông Hải Âu,https://finance.vietstock.vn/BeTongHaiAu-ctcp-be-tong-hai-au.htm
3,OTC,Nguyên vật liệu,BGM,CTCP Khai Thác và Chế Biến khoáng Sản Bắc Giang,https://finance.vietstock.vn/BGM-ctcp-khai-thac-va-che-bien-khoang-san-bac-giang.htm
4,Khác,NaN,BHAAC,Công ty TNHH Kiểm toán và Kế toán Biên Hoà,https://finance.vietstock.vn/BHAAC-cong-ty-tnhh-kiem-toan-va-ke-toan-bien-hoa.htm
3,OTC,NaN,BHDienMay,CTCP Bách hóa Điện máy Sài Gòn,https://finance.vietstock.vn/BHDienMay-ctcp-bach-hoa-dien-may-sai-gon.htm
4,Khác,"Thực phẩm, đồ uống và thuốc lá",BHS,Công ty TNHH MTV Đường TTC Biên Hòa - Đồng Nai,https://finance.vietstock.vn/BHS-cong-ty-tnhh-mtv-duong-ttc-bien-hoa-dong-nai.htm
3,OTC,Tư liệu sản xuất,BHT,CTCP Đầu tư Xây dựng Bạch Đằng TMC,https://finance.vietstock.vn/BHT-ctcp-dau-tu-xay-dung-bach-dang-tmc.htm
3,OTC,Nguyên vật liệu,BHV,CTCP Bá Hiến,https://finance.vietstock.vn/BHV-ctcp-ba-hien.htm
3,OTC,NaN,BiaCanTho,CTCP  Bia Nước giải khát Cần Thơ,https://finance.vietstock.vn/BiaCanTho-ctcp-bia-nuoc-giai-khat-can-tho.htm
3,OTC,NaN,BiaSaiGonDongNai,CTCP Bia Sài Gòn - Đồng Nai,https://finance.vietstock.vn/BiaSaiGonDongNai-ctcp-bia-sai-gon-dong-nai.htm
3,OTC,NaN,BiaSaiGonHaNam,CTCP Bia Sài Gòn - Hà Nam,https://finance.vietstock.vn/BiaSaiGonHaNam-ctcp-bia-sai-gon-ha-nam.htm
3,OTC,NaN,BiaSaiGonPhuYen,CTCP Bia Sài Gòn - Phú Yên,https://finance.vietstock.vn/BiaSaiGonPhuYen-ctcp-bia-sai-gon-phu-yen.htm
3,OTC,NaN,BiaSaiGonQuyNhon,CTCP Bia Sài Gòn - Quy Nhơn,https://finance.vietstock.vn/BiaSaiGonQuyNhon-ctcp-bia-sai-gon-quy-nhon.htm
3,OTC,NaN,BiaVietHa,CTCP Bia và Nước giải khát Việt Hà,https://finance.vietstock.vn/BiaVietHa-ctcp-bia-va-nuoc-giai-khat-viet-ha.htm
4,Khác,NaN,BIDVMetlife,Công ty TNHH Bảo hiểm nhân thọ BIDV Metlife,https://finance.vietstock.vn/BIDVMetlife-cong-ty-tnhh-bao-hiem-nhan-tho-bidv-metlife.htm
4,Khác,NaN,BikeThongNhat,CTCP Thống Nhất Hà Nội,https://finance.vietstock.vn/BikeThongNhat-ctcp-thong-nhat-ha-noi.htm
3,OTC,NaN,BinhAnSeaFood,CTCP Thủy sản Bình An,https://finance.vietstock.vn/BinhAnSeaFood-ctcp-thuy-san-binh-an.htm
3,OTC,NaN,BinhDien,CTCP Thủy điện Bình Điền,https://finance.vietstock.vn/BinhDien-ctcp-thuy-dien-bi`nh-dien.htm
3,OTC,NaN,BinhDinh,CTCP Vật tư Kỹ thuật Nông nghiệp Bình Định,https://finance.vietstock.vn/BinhDinh-ctcp-vat-tu-ky-thuat-nong-nghiep-binh-dinh.htm
3,OTC,NaN,BinhTriThien,CTCP Lương thực Bình Trị Thiên,https://finance.vietstock.vn/BinhTriThien-ctcp-luong-thuc-binh-tri-thien.htm
3,OTC,NaN,Biprica,CTCP In và Bao bì Bình Định,https://finance.vietstock.vn/Biprica-ctcp-in-va-bao-bi-binh-dinh.htm
3,OTC,NaN,BJC,CTCP VRG - Bảo Lộc,https://finance.vietstock.vn/BJC-ctcp-vrg-bao-loc.htm
3,OTC,"Thực phẩm, đồ uống và thuốc lá",BKH,CTCP Bánh mứt kẹo Hà Nội,https://finance.vietstock.vn/BKH-ctcp-banh-mut-keo-ha-noi.htm
3,OTC,Dịch vụ chuyên biệt và thương mại,BLU,Trung tâm Dịch vụ Đô thị tỉnh Bạc Liêu,https://finance.vietstock.vn/BLU-trung-tam-dich-vu-do-thi-tinh-bac-lieu.htm
3,OTC,NaN,Bluechipfund,Quỹ đầu tư Cổ phiếu Hàng đầu VCBF,https://finance.vietstock.vn/Bluechipfund-quy-dau-tu-co-phieu-hang-dau-vcbf.htm
3,OTC,Dịch vụ tiện ích,BLW,CTCP Cấp nước Bạc Liêu,https://finance.vietstock.vn/BLW-ctcp-cap-nuoc-bac-lieu.htm
3,OTC,Phân phối và bán lẻ hàng lâu bền,BM9,CTCP Đầu tư Xây dựng 319 Miền Nam,https://finance.vietstock.vn/BM9-ctcp-dau-tu-xay-dung-319-mien-nam.htm
3,OTC,NaN,BMJC,CTCP Xây dựng và Sản xuất Vật liệu Xây dựng,https://finance.vietstock.vn/BMJC-ctcp-xay-dung-va-san-xuat-vat-lieu-xay-dung.htm
3,OTC,NaN,BNC,CTCP Dịch vụ Cáp treo Bà Nà,https://finance.vietstock.vn/BNC-ctcp-dich-vu-cap-treo-ba-na.htm
3,OTC,NaN,BongSen,CTCP Bông Sen,https://finance.vietstock.vn/BongSen-ctcp-bong-sen.htm
4,Khác,NaN,BOT741,CTCP Kinh doanh BOT đường ĐT.741,https://finance.vietstock.vn/BOT741-ctcp-kinh-doanh-bot-duong-dt-741.htm
4,Khác,NaN,BOTRM,Công ty TNHH B.O.T Cầu Rạch Miễu,https://finance.vietstock.vn/BOTRM-cong-ty-tnhh-b-o-t-cau-rach-mieu.htm
3,OTC,NaN,BPMC,CTCP Vật tư Xăng dầu Bình Thuận,https://finance.vietstock.vn/BPMC-ctcp-vat-tu-xang-dau-binh-thuan.htm
3,OTC,Dịch vụ tiện ích,BPW,CTCP Cấp thoát nước Bình Phước,https://finance.vietstock.vn/BPW-ctcp-cap-thoat-nuoc-binh-phuoc.htm
3,OTC,NaN,Britec,CTCP Tư vấn Thiết kế Cầu Lớn - Hầm,https://finance.vietstock.vn/Britec-ctcp-tu-van-thiet-ke-cau-lon-ham.htm
3,OTC,NaN,BSMCorp,CTCP Phần mềm Giải pháp Quản lý Mã vạch,https://finance.vietstock.vn/BSMCorp-ctcp-phan-mem-giai-phap-quan-ly-ma-vach.htm
3,OTC,Tư liệu sản xuất,BTC,CTCP Cơ khí  và Xây dựng Bình Triệu,https://finance.vietstock.vn/BTC-ctcp-co-khi-va-xay-dung-binh-trieu.htm
3,OTC,NaN,BTCom,CTCP Đầu tư Thương mại Bến Thành,https://finance.vietstock.vn/BTCom-ctcp-dau-tu-thuong-mai-ben-thanh.htm
3,OTC,NaN,BTJ,CTCP Vàng bạc Đá quý Bến Thành,https://finance.vietstock.vn/BTJ-ctcp-vang-bac-da-quy-ben-thanh.htm
3,OTC,NaN,BTL,CTCP Tập đoàn Capella,https://finance.vietstock.vn/BTL-ctcp-tap-doan-capella.htm
3,OTC,Vận tải,BTR,CTCP Đường sắt Bình Trị Thiên,https://finance.vietstock.vn/BTR-ctcp-duong-sat-binh-tri-thien.htm
3,OTC,NaN,BTWASECO,CTCP Cấp thoát nước Bình Thuận,https://finance.vietstock.vn/BTWASECO-ctcp-cap-thoat-nuoc-binh-thuan.htm
3,OTC,Dịch vụ chuyên biệt và thương mại,BUD,CTCP Khoa học Công nghệ Việt Nam,https://finance.vietstock.vn/BUD-ctcp-khoa-hoc-cong-nghe-viet-nam.htm
3,OTC,NaN,BuuDienCM,CTCP Xây lắp và Dịch vụ Bưu điện Cà Mau,https://finance.vietstock.vn/BuuDienCM-ctcp-xay-lap-va-dich-vu-buu-dien-ca-mau.htm
4,Khác,NaN,CBV,CTCP CTCBIO Việt Nam,https://finance.vietstock.vn/CBV-ctcp-ctcbio-viet-nam.htm
3,OTC,NaN,BVA,CTCP Sản xuất và Thương mại Bắc Việt,https://finance.vietstock.vn/BVA-ctcp-san-xuat-va-thuong-mai-bac-viet.htm
3,OTC,NaN,BVC,CTCP Nhựa Bảo Vân,https://finance.vietstock.vn/BVC-ctcp-nhua-bao-van.htm
3,OTC,NaN,BVF1,Quỹ đầu tư Chứng khoán Bảo Việt,https://finance.vietstock.vn/BVF1-quy-dau-tu-chung-khoan-bao-viet.htm
3,OTC,NaN,BVFED,Quỹ đầu tư Cổ phiếu Năng động Bảo Việt,https://finance.vietstock.vn/BVFED-quy-dau-tu-co-phieu-nang-dong-bao-viet.htm
4,Khác,NaN,BVFMC,Công ty TNHH Quản lý Quỹ Bảo Việt,https://finance.vietstock.vn/BVFMC-cong-ty-tnhh-quan-ly-quy-bao-viet.htm
4,Khác,NaN,BVIM,CTCP Quản lý Quỹ BVIM,https://finance.vietstock.vn/BVIM-ctcp-quan-ly-quy-bvim.htm
4,Khác,NaN,BXBTQuangNinh,Công ty TNHH MTV Bến Xe - Bến Tàu Quảng Ninh,https://finance.vietstock.vn/BXBTQuangNinh-cong-ty-tnhh-mtv-ben-xe-ben-tau-quang-ninh.htm
3,OTC,Vận tải,BXD,CTCP Vận tải và Quản lý Bến xe Đà Nẵng,https://finance.vietstock.vn/BXD-ctcp-van-tai-va-quan-ly-ben-xe-da-nang.htm
3,OTC,Vận tải,BXT,CTCP Bến xe Tàu Hậu Giang,https://finance.vietstock.vn/BXT-ctcp-ben-xe-tau-hau-giang.htm
3,OTC,Tư liệu sản xuất,C36,CTCP Quản lý và Xây dựng Công trình Giao thông 236,https://finance.vietstock.vn/C36-ctcp-quan-ly-va-xay-dung-cong-trinh-giao-thong-236.htm
3,OTC,NaN,C42,CTCP Xây dựng Thủy lợi 42,https://finance.vietstock.vn/C42-ctcp-xay-dung-thuy-loi-42.htm
3,OTC,Tư liệu sản xuất,C71,CTCP 471,https://finance.vietstock.vn/C71-ctcp-471.htm
4,Khác,NaN,CAA,Công ty TNHH Tư vấn và Kiểm toán CA&A,https://finance.vietstock.vn/CAA-cong-ty-tnhh-tu-van-va-kiem-toan-caa.htm
3,OTC,NaN,CADICO,CTCP Cadico,https://finance.vietstock.vn/CADICO-ctcp-cadico.htm
3,OTC,NaN,Cafatex,CTCP Thủy sản Cafatex,https://finance.vietstock.vn/Cafatex-ctcp-thuy-san-cafatex.htm
3,OTC,NaN,CafeControl,CTCP Giám định Cà phê và Hàng Hoá Xuất nhập khẩu,https://finance.vietstock.vn/CafeControl-ctcp-giam-dinh-ca-phe-va-hang-hoa-xuat-nhap-khau.htm
4,Khác,NaN,CAGLOBAL,Công ty TNHH Kiểm toán và Tư vấn Toàn cầu,https://finance.vietstock.vn/CAGLOBAL-cong-ty-tnhh-kiem-toan-va-tu-van-toan-cau.htm
3,OTC,Dịch vụ tiện ích,CAM,CTCP Môi trường đô thị Cà Mau,https://finance.vietstock.vn/CAM-ctcp-moi-truong-do-thi-ca-mau.htm
3,OTC,NaN,CamRanh,CTCP Thương mại Hàng không Cam Ranh,https://finance.vietstock.vn/CamRanh-ctcp-thuong-mai-hang-khong-cam-ranh.htm
3,OTC,NaN,CangVatCach,CTCP Cảng Vật Cách,https://finance.vietstock.vn/CangVatCach-ctcp-cang-vat-cach.htm
3,OTC,NaN,CanHoNamLong,CTCP Phát triển Căn hộ Nam Long,https://finance.vietstock.vn/CanHoNamLong-ctcp-phat-trien-can-ho-nam-long.htm
4,Khác,NaN,CanhXuanAudit,Công ty TNHH Kiểm toán Cảnh Xuân,https://finance.vietstock.vn/CanhXuanAudit-cong-ty-tnhh-kiem-toan-canh-xuan.htm
3,OTC,NaN,CaoSuBinhDuong,CTCP Cao su Bình Dương,https://finance.vietstock.vn/CaoSuBinhDuong-ctcp-cao-su-binh-duong.htm
4,Khác,NaN,CAPHEDALAT,Công ty TNHH MTV Xuất nhập khẩu Cà phê Đà Lạt,https://finance.vietstock.vn/CAPHEDALAT-cong-ty-tnhh-mtv-xuat-nhap-khau-ca-phe-da-lat.htm
4,Khác,NaN,CapitaLand,Công ty TNHH Quản lý Bất động sản CapitalLand,https://finance.vietstock.vn/CapitaLand-cong-ty-tnhh-quan-ly-bat-dong-san-capitalland.htm
3,OTC,NaN,CapNuocCanTho2,CTCP Cấp nước Cần Thơ II,https://finance.vietstock.vn/CapNuocCanTho2-ctcp-cap-nuoc-can-tho-ii.htm
4,Khác,NaN,CapNuocNghiaLo,Công ty TNHH Xây dựng Cấp thoát nước Nghĩa Lộ,https://finance.vietstock.vn/CapNuocNghiaLo-cong-ty-tnhh-xay-dung-cap-thoat-nuoc-nghia-lo.htm
4,Khác,NaN,CapNuocYenBai,Công ty TNHH MTV Cấp nước Yên Bái,https://finance.vietstock.vn/CapNuocYenBai-cong-ty-tnhh-mtv-ca´p-nuo´c-yen-ba´i.htm
3,OTC,NaN,CapQuang,CTCP Công nghệ Cáp quang và Thiết bị Bưu điện,https://finance.vietstock.vn/CapQuang-ctcp-cong-nghe-cap-quang-va-thiet-bi-buu-dien.htm
3,OTC,NaN,CapVietNhat,CTCP Đầu tư Thương mại Việt Nhật,https://finance.vietstock.vn/CapVietNhat-ctcp-dau-tu-thuong-mai-viet-nhat.htm
3,OTC,Dịch vụ tiêu dùng,CAR,CTCP Tập đoàn Giáo dục Trí Việt,https://finance.vietstock.vn/CAR-ctcp-tap-doan-giao-duc-tri-viet.htm
3,OTC,NaN,Caric,CTCP Caric,https://finance.vietstock.vn/Caric-ctcp-caric.htm
3,OTC,NaN,CASHIN,CTCP Công nghiệp Tàu thủy và Vận tải Cần Thơ,https://finance.vietstock.vn/CASHIN-ctcp-cong-nghiep-tau-thuy-va-van-tai-can-tho.htm
3,OTC,NaN,CASOCO,CTCP Cảng Phú Định ,https://finance.vietstock.vn/CASOCO-ctcp-cang-phu-dinh.htm
4,Khác,NaN,CathayLife,Công ty TNHH Bảo hiểm Nhân thọ Cathay - Việt Nam,https://finance.vietstock.vn/CathayLife-cong-ty-tnhh-bao-hiem-nhan-tho-cathay-viet-nam.htm
4,Khác,NaN,CatTuongAudit,Công ty Kiểm toán Cát Tường VAI,https://finance.vietstock.vn/CatTuongAudit-cong-ty-kiem-toan-cat-tuong-vai.htm
3,OTC,NaN,Cau14,CTCP Cầu 14 - Cienco 1,https://finance.vietstock.vn/Cau14-ctcp-cau-14-cienco-1.htm
3,OTC,NaN,CauGiay,CTCP Đầu tư Thương mại Dịch vụ Cầu Giấy,https://finance.vietstock.vn/CauGiay-ctcp-dau-tu-thuong-mai-dich-vu-cau-giay.htm
3,OTC,NaN,CauTre,CTCP Thực phẩm CJ Cầu Tre,https://finance.vietstock.vn/CauTre-ctcp-thuc-pham-cj-cau-tre.htm
3,OTC,Hàng tiêu dùng và trang trí,CAV,CTCP Dây Cáp điện Việt Nam,https://finance.vietstock.vn/CAV-ctcp-day-cap-dien-viet-nam.htm
3,OTC,NaN,Cavicob,CTCP Cavico Xây dựng Cầu Hầm,https://finance.vietstock.vn/Cavicob-ctcp-cavico-xay-dung-cau-ham.htm
3,OTC,NaN,CavicoEc,CTCP Xây dựng Năng lượng,https://finance.vietstock.vn/CavicoEc-ctcp-xay-dung-nang-luong.htm
3,OTC,NaN,CavicoGiaoThong,CTCP CAVICO Giao thông,https://finance.vietstock.vn/CavicoGiaoThong-ctcp-cavico-giao-thong.htm
3,OTC,NaN,CavicoHaTang,CTCP Cavico Xây dựng Hạ tầng,https://finance.vietstock.vn/CavicoHaTang-ctcp-cavico-xay-dung-ha-tang.htm
3,OTC,NaN,CavicoHC,CTCP Cavico Xây dựng Thủy điện,https://finance.vietstock.vn/CavicoHC-ctcp-cavico-xay-dung-thuy-dien.htm
3,OTC,NaN,CavicoVN,CTCP  Xây dựng và Đầu Tư Cavico Việt Nam,https://finance.vietstock.vn/CavicoVN-ctcp-xay-dung-va-dau-tu-cavico-viet-nam.htm
3,OTC,NaN,CayTrong,CTCP Giống cây trồng Quảng Ninh,https://finance.vietstock.vn/CayTrong-ctcp-giong-cay-trong-quang-ninh.htm
4,Khác,NaN,CBBank,Ngân hàng Thương mại TNHH MTV Xây dựng Việt Nam,https://finance.vietstock.vn/CBBank-ngan-hang-thuong-mai-tnhh-mtv-xay-dung-viet-nam.htm
3,OTC,NaN,CC7,CTCP Xây dựng Công trình Giao thông 710,https://finance.vietstock.vn/CC7-ctcp-xay-dung-cong-trinh-giao-thong-710.htm
3,OTC,Dịch vụ chuyên biệt và thương mại,CCH,CTCP Tư vấn và Đầu tư Xây dựng CCIC Hà Nội,https://finance.vietstock.vn/CCH-ctcp-tu-van-va-dau-tu-xay-dung-ccic-ha-noi.htm
3,OTC,NaN,CCN2,CTCP Xây dựng Số 2 Quảng Ninh,https://finance.vietstock.vn/CCN2-ctcp-xay-dung-so-2-quang-ninh.htm
3,OTC,Dịch vụ chuyên biệt và thương mại,CEC,CTCP Thiết kế Công Nghiệp Hóa chất,https://finance.vietstock.vn/CEC-ctcp-thiet-ke-cong-nghiep-hoa-chat.htm
3,OTC,Tư liệu sản xuất,CEE,CTCP Xây dựng Hạ tầng CII,https://finance.vietstock.vn/CEE-ctcp-xay-dung-ha-tang-cii.htm
3,OTC,NaN,CemacoHanoi,CTCP Hóa chất và Vật tư Khoa học Kỹ thuật,https://finance.vietstock.vn/CemacoHanoi-ctcp-hoa-chat-va-vat-tu-khoa-hoc-ky-thuat.htm
3,OTC,Dịch vụ chuyên biệt và thương mại,CER,CTCP Địa chính và Tài nguyên Môi trường,https://finance.vietstock.vn/CER-ctcp-dia-chinh-va-tai-nguyen-moi-truong.htm
3,OTC,"Thực phẩm, đồ uống và thuốc lá",CFC,CTCP Cafico Việt Nam,https://finance.vietstock.vn/CFC-ctcp-cafico-viet-nam.htm
3,OTC,Phân phối và bán lẻ hàng lâu bền,CGL,CTCP Thương mại Gia Lai,https://finance.vietstock.vn/CGL-ctcp-thuong-mai-gia-lai.htm
3,OTC,"Dược phẩm, Công nghệ sinh học và Khoa học thường thức",CGP,CTCP Dược phẩm Cần Giờ,https://finance.vietstock.vn/CGP-ctcp-duoc-pham-can-gio.htm
4,Khác,NaN,CheBienLamSan,Công ty Vận tải và Chế biến Lâm sản,https://finance.vietstock.vn/CheBienLamSan-cong-ty-van-tai-va-che-bien-lam-san.htm
4,Khác,NaN,CheBienThucPham,Xí Nghiệp Kinh doanh Gia súc Gia cầm và Chế biến Thực phẩm,https://finance.vietstock.vn/CheBienThucPham-xi-nghiep-kinh-doanh-gia-suc-gia-cam-va-che-bien-thuc-pham.htm
3,OTC,NaN,CheLamDong,CTCP Chè Lâm Đồng,https://finance.vietstock.vn/CheLamDong-ctcp-che-lam-dong.htm
3,OTC,NaN,CHIN2,CTCP Chín Chín Núi,https://finance.vietstock.vn/CHIN2-ctcp-chin-chin-nui.htm
3,OTC,NaN,ChipSang,CTCP Chíp Sáng,https://finance.vietstock.vn/ChipSang-ctcp-chip-sang.htm
3,OTC,NaN,ChoLonTourist,CTCP Dịch vụ Du lịch Chợ lớn,https://finance.vietstock.vn/ChoLonTourist-ctcp-dich-vu-du-lich-cho-lon.htm
4,Khác,NaN,ChuanVang,Công ty TNHH Kiểm toán Chuẩn Vàng,https://finance.vietstock.vn/ChuanVang-cong-ty-tnhh-kiem-toan-chuan-vang.htm
4,Khác,NaN,CHUBBLIFE,Công ty TNHH MTV Quản lý Quỹ CHUBB LIFE,https://finance.vietstock.vn/CHUBBLIFE-cong-ty-tnhh-mtv-quan-ly-quy-chubb-life.htm
4,Khác,NaN,ChubbLifeVN,Công ty TNHH Bảo hiểm nhân thọ Chubb Việt Nam,https://finance.vietstock.vn/ChubbLifeVN-cong-ty-tnhh-bao-hiem-nhan-tho-chubb-viet-nam.htm
3,OTC,NaN,CHULAIQN,CTCP Đầu tư và Phát triển Kỳ Hà - Chu Lai  Quảng Nam,https://finance.vietstock.vn/CHULAIQN-ctcp-dau-tu-va-phat-trien-ky-ha-chu-lai-quang-nam.htm
3,OTC,Tư liệu sản xuất,CIC,CTCP Đầu tư và Xây dựng Cotec,https://finance.vietstock.vn/CIC-ctcp-dau-tu-va-xay-dung-cotec.htm
3,OTC,NaN,CIC1,CTCP Xây dựng Dân dụng Công nghiệp Số 1 - Đồng Nai,https://finance.vietstock.vn/CIC1-ctcp-xay-dung-dan-dung-cong-nghiep-so-1-dong-nai.htm
3,OTC,NaN,CIC8,CTCP Đầu tư và Xây dựng Số 8,https://finance.vietstock.vn/CIC8-ctcp-dau-tu-va-xay-dung-so-8.htm
3,OTC,NaN,CICP1,CTCP Tư vấn Đầu tư và Xây dựng Công trình 1,https://finance.vietstock.vn/CICP1-ctcp-tu-van-dau-tu-va-xay-dung-cong-trinh-1.htm
3,OTC,NaN,CIE,CTCP Đầu tư và Xây dựng Công trình 128,https://finance.vietstock.vn/CIE-ctcp-dau-tu-va-xay-dung-cong-trinh-128.htm
3,OTC,NaN,CIENCO1,Tổng Công ty Xây dựng Công trình Giao thông 1 - CTCP,https://finance.vietstock.vn/CIENCO1-tong-cong-ty-xay-dung-cong-trinh-giao-thong-1-ctcp.htm
3,OTC,NaN,CIENCO473,CTCP 473,https://finance.vietstock.vn/CIENCO473-ctcp-473.htm
3,OTC,NaN,CIENCO5,Tổng Công ty Xây dựng Công trình Giao thông 5 - CTCP,https://finance.vietstock.vn/CIENCO5-tong-cong-ty-xay-dung-cong-trinh-giao-thong-5-ctcp.htm
3,OTC,NaN,CIENCO503,CTCP Xây dựng Giao thông 503,https://finance.vietstock.vn/CIENCO503-ctcp-xay-dung-giao-thong-503.htm
3,OTC,NaN,CIENCO610,CTCP Xây dựng Công trình Giao thông 610,https://finance.vietstock.vn/CIENCO610-ctcp-xay-dung-cong-trinh-giao-thong-610.htm
3,OTC,NaN,CIENCO624,CTCP Vật tư Thiết bị và Xây dựng Công trình 624,https://finance.vietstock.vn/CIENCO624-ctcp-vat-tu-thiet-bi-va-xay-dung-cong-trinh-624.htm
4,Khác,NaN,CIENCO8,Tổng Công ty Xây dựng Công trình Giao thông 8 - CTCP,https://finance.vietstock.vn/CIENCO8-tong-cong-ty-xay-dung-cong-trinh-giao-thong-8-ctcp.htm
3,OTC,NaN,Ciencoland,CTCP Đầu tư Xây dựng và Kinh doanh Bất động sản Tổng Sáu,https://finance.vietstock.vn/Ciencoland-ctcp-dau-tu-xay-dung-va-kinh-doanh-bat-dong-san-tong-sau.htm
4,Khác,NaN,CIMB,Công ty TNHH Chứng khoán CIMB-VINASHIN,https://finance.vietstock.vn/CIMB-cong-ty-tnhh-chung-khoan-cimb-vinashin.htm
3,OTC,NaN,Cistra,CTCP Dịch vụ Thương mại Thành Phố,https://finance.vietstock.vn/Cistra-ctcp-dich-vu-thuong-mai-thanh-pho.htm
3,OTC,NaN,CIV,CTCP Đầu tư Vinamotor,https://finance.vietstock.vn/CIV-ctcp-dau-tu-vinamotor.htm
3,OTC,NaN,CJC203,CTCP Xây dựng 203,https://finance.vietstock.vn/CJC203-ctcp-xay-dung-203.htm
3,OTC,Tư liệu sản xuất,CKH,CTCP Cơ khí Chế Tạo Hải Phòng,https://finance.vietstock.vn/CKH-ctcp-co-khi-che-tao-hai-phong.htm
3,OTC,NaN,CKI,CTCP Cơ khí ngành In,https://finance.vietstock.vn/CKI-ctcp-co-khi-nganh-in.htm
3,OTC,NaN,CKTAYNINH,CTCP Cơ khí Tây Ninh,https://finance.vietstock.vn/CKTAYNINH-ctcp-co-khi-tay-ninh.htm
3,OTC,"Thực phẩm, đồ uống và thuốc lá",CLP,CTCP Thủy sản Cửu Long,https://finance.vietstock.vn/CLP-ctcp-thuy-san-cuu-long.htm
3,OTC,Dịch vụ tài chính,CLS,CTCP Chứng khoán Chợ Lớn,https://finance.vietstock.vn/CLS-ctcp-chung-khoan-cho-lon.htm
3,OTC,NaN,CMCHanoi,CTCP Vật liệu Xây dựng Hà Nội,https://finance.vietstock.vn/CMCHanoi-ctcp-vat-lieu-xay-dung-ha-noi.htm
4,Khác,NaN,CMIBBank,Ngân hàng TNHH MTV CIMB Việt Nam,https://finance.vietstock.vn/CMIBBank-ngan-hang-tnhh-mtv-cimb-viet-nam.htm
3,OTC,Vận tải,CNH,CTCP Cảng Nha Trang,https://finance.vietstock.vn/CNH-ctcp-cang-nha-trang.htm
3,OTC,NaN,CO122,CTCP Xây dựng và Đầu tư 122 - Cienco 1,https://finance.vietstock.vn/CO122-ctcp-xay-dung-va-dau-tu-122-cienco-1.htm
4,Khác,NaN,CoKhiDuyenHai,Công ty TNHH Nhà nước MTV Cơ khí Duyên Hải,https://finance.vietstock.vn/CoKhiDuyenHai-cong-ty-tnhh-nha-nuoc-mtv-co-khi-duyen-hai.htm
3,OTC,NaN,CoKhiHonGai,CTCP Cơ khí Hòn Gai - Vinacomin,https://finance.vietstock.vn/CoKhiHonGai-ctcp-co-khi´-ho`n-gai-vinacomin.htm
3,OTC,NaN,CokhiNgoGiaTu,CTCP Cơ khí Ngô Gia Tự,https://finance.vietstock.vn/CokhiNgoGiaTu-ctcp-co-khi-ngo-gia-tu.htm
3,OTC,NaN,CoKhiOTo32,CTCP Cơ khí Ô Tô 3-2,https://finance.vietstock.vn/CoKhiOTo32-ctcp-co-khi-o-to-3-2.htm
4,Khác,NaN,COMPT,"Công ty TNHH Tư vấn Đầu tư, Tài chính, Kế toán Thuế - Kiểm toán COM.PT",https://finance.vietstock.vn/COMPT-cong-ty-tnhh-tu-van-dau-tu-tai-chinh-ke-toan-thue-kiem-toan-com-pt.htm
3,OTC,NaN,ConDao,CTCP Thủy sản và Xuất nhập khẩu Côn Đảo,https://finance.vietstock.vn/ConDao-ctcp-thuy-san-va-xuat-nhap-khau-con-dao.htm
3,OTC,NaN,CongNgheCao,CTCP Công nghệ Cao,https://finance.vietstock.vn/CongNgheCao-ctcp-cong-nghe-cao.htm
3,OTC,NaN,CongNghiepMasan,CTCP Công nghiệp Masan,https://finance.vietstock.vn/CongNghiepMasan-ctcp-cong-nghiep-masan.htm
3,OTC,NaN,CongNghiepPhuYen,CTCP Công nghiệp Phú Yên,https://finance.vietstock.vn/CongNghiepPhuYen-ctcp-cong-nghiep-phu-yen.htm
3,OTC,NaN,CongThanh,CTCP Xi măng Công Thanh,https://finance.vietstock.vn/CongThanh-ctcp-xi-mang-cong-thanh.htm
3,OTC,NaN,CongTrinh134,CTCP Đầu tư và Xây dựng Công trình 134,https://finance.vietstock.vn/CongTrinh134-ctcp-dau-tu-va-xay-dung-cong-trinh-134.htm
3,OTC,NaN,CongTrinh525,CTCP Xây dựng Công trình 525,https://finance.vietstock.vn/CongTrinh525-ctcp-xay-dung-cong-trinh-525.htm
3,OTC,NaN,CongTrinhBuuDien,CTCP Phát triển Công trình Bưu điện,https://finance.vietstock.vn/CongTrinhBuuDien-ctcp-phat-trien-cong-trinh-buu-dien.htm
3,OTC,NaN,CongTrinhGTDB,CTCP Công trình Giao thông Tỉnh Điện Biên,https://finance.vietstock.vn/CongTrinhGTDB-ctcp-cong-trinh-giao-thong-tinh-dien-bien.htm
3,OTC,NaN,CongTrinhHaNoi,CTCP Đầu Tư Công trình Hà Nội,https://finance.vietstock.vn/CongTrinhHaNoi-ctcp-dau-tu-cong-trinh-ha-noi.htm
3,OTC,NaN,CongTy118,CTCP 118,https://finance.vietstock.vn/CongTy118-ctcp-118.htm
3,OTC,NaN,CONSTRAD423,CTCP  Xây dựng và Thương mại 423,https://finance.vietstock.vn/CONSTRAD423-ctcp-xay-dung-va-thuong-mai-423.htm
4,Khác,NaN,CoopBank,Ngân hàng Hợp tác xã Việt Nam,https://finance.vietstock.vn/CoopBank-ngan-hang-hop-tac-xa-viet-nam.htm
3,OTC,NaN,COPAC,CTCP Đầu Tư Xây dựng và Thương mại Thái Bình Dương,https://finance.vietstock.vn/COPAC-ctcp-dau-tu-xay-dung-va-thuong-mai-thai-binh-duong.htm
3,OTC,NaN,Coresco,CTCP Đầu Tư Xây dựng Kinh doanh Nhà Bến Thành,https://finance.vietstock.vn/Coresco-ctcp-dau-tu-xay-dung-kinh-doanh-nha-ben-thanh.htm
3,OTC,NaN,Cosaco,CTCP Sài Gòn Xây dựng,https://finance.vietstock.vn/Cosaco-ctcp-sai-gon-xay-dung.htm
3,OTC,NaN,Cosevco1,CTCP Sản xuất Vật liệu và Xây dựng Cosevco 1,https://finance.vietstock.vn/Cosevco1-ctcp-san-xuat-vat-lieu-va-xay-dung-cosevco-1.htm
3,OTC,NaN,Cosevco75,CTCP Cosevco 75,https://finance.vietstock.vn/Cosevco75-ctcp-cosevco-75.htm
3,OTC,NaN,COT60,CTCP Công trình Giao thông 60,https://finance.vietstock.vn/COT60-ctcp-cong-trinh-giao-thong-60.htm
3,OTC,NaN,Cotec,CTCP Kỹ thuật Xây dựng và Vật liệu Xây dựng COTEC,https://finance.vietstock.vn/Cotec-ctcp-ky-thuat-xay-dung-va-vat-lieu-xay-dung-cotec.htm
3,OTC,NaN,CotecAnpha,CTCP Kỹ thuật Xây dựng Anpha,https://finance.vietstock.vn/CotecAnpha-ctcp-ky-thuat-xay-dung-anpha.htm
3,OTC,NaN,COXANO,CTCP Cơ khí Xây dựng Công trình Thừa Thiên Huế,https://finance.vietstock.vn/COXANO-ctcp-co-khi-xay-dung-cong-trinh-thua-thien-hue.htm
4,Khác,NaN,CPAHaNoi,Công ty Kiểm toán và Kế toán Hà Nội,https://finance.vietstock.vn/CPAHaNoi-cong-ty-kiem-toan-va-ke-toan-ha-noi.htm
4,Khác,NaN,CPAHCM,Công ty TNHH Kiểm toán và Tư vấn CPA HCM,https://finance.vietstock.vn/CPAHCM-cong-ty-tnhh-kiem-toan-va-tu-van-cpa-hcm.htm
4,Khác,NaN,CPAVietNam,Công ty Hợp danh Kiểm toán Việt Nam,https://finance.vietstock.vn/CPAVietNam-cong-ty-hop-danh-kiem-toan-viet-nam.htm
4,Khác,NaN,CPHACO,CTCP Đầu tư Xây dựng Chánh Phú Hòa,https://finance.vietstock.vn/CPHACO-ctcp-dau-tu-xay-dung-chanh-phu-hoa.htm
3,OTC,NaN,CPT,CTCP Xây lắp Bưu điện,https://finance.vietstock.vn/CPT-ctcp-xay-lap-buu-dien.htm
3,OTC,Tư liệu sản xuất,CPW,CTCP Công trình Giao thông Công chánh,https://finance.vietstock.vn/CPW-ctcp-cong-trinh-giao-thong-cong-chanh.htm
4,Khác,NaN,CRV,CTCP Tập đoàn Bất động sản CRV,https://finance.vietstock.vn/CRV-ctcp-tap-doan-bat-dong-san-crv.htm
3,OTC,NaN,CSCJ,CTCP Chứng khoán Thủ Đô,https://finance.vietstock.vn/CSCJ-ctcp-chung-khoan-thu-do.htm
3,OTC,Dịch vụ viễn thông,CSG,CTCP Cáp Sài Gòn,https://finance.vietstock.vn/CSG-ctcp-cap-sai-gon.htm
3,OTC,NaN,CST124,CTCP Xây dựng Giao thông và Thương mại 124,https://finance.vietstock.vn/CST124-ctcp-xay-dung-giao-thong-va-thuong-mai-124.htm
4,Khác,NaN,CT185,CTCP Trường Sơn 185,https://finance.vietstock.vn/CT185-ctcp-truong-son-185.htm
3,OTC,Tư liệu sản xuất,CT5,CTCP 319.5,https://finance.vietstock.vn/CT5-ctcp-319-5.htm
3,OTC,NaN,CTCCorp,CTCP Đô thị Du lịch Cần Giờ,https://finance.vietstock.vn/CTCCorp-ctcp-do-thi-du-lich-can-gio.htm
3,OTC,NaN,CTE,CTCP Hạ Tầng Viễn Thông CMC,https://finance.vietstock.vn/CTE-ctcp-ha-tang-vien-thong-cmc.htm
3,OTC,NaN,CTGT,CTCP Công trình Giao thông Tỉnh Bà Rịa - Vũng Tàu,https://finance.vietstock.vn/CTGT-ctcp-cong-trinh-giao-thong-tinh-ba-ria-vung-tau.htm
3,OTC,Tư liệu sản xuất,CTM,CTCP Đầu tư Xây dựng và Khai thác mỏ Vinavico,https://finance.vietstock.vn/CTM-ctcp-dau-tu-xay-dung-va-khai-thac-mo-vinavico.htm
3,OTC,Phân phối và bán lẻ hàng lâu bền,CTV,CTCP Đầu tư - Sản xuất và Thương mại Việt Nam,https://finance.vietstock.vn/CTV-ctcp-dau-tu-san-xuat-va-thuong-mai-viet-nam.htm
3,OTC,NaN,Cty479,CTCP 479,https://finance.vietstock.vn/Cty479-ctcp-479.htm
4,Khác,NaN,CTYCN2,Công ty TNHH MTV Cấp nước số 2,https://finance.vietstock.vn/CTYCN2-cong-ty-tnhh-mtv-cap-nuoc-so-2.htm
3,OTC,Hàng tiêu dùng và trang trí,CVC,CTCP Cơ điện Vật tư,https://finance.vietstock.vn/CVC-ctcp-co-dien-vat-tu.htm
3,OTC,Dịch vụ chuyên biệt và thương mại,CVH,"CTCP Công viên, Cây xanh Hải Phòng",https://finance.vietstock.vn/CVH-ctcp-cong-vien-cay-xanh-hai-phong.htm
3,OTC,Vận tải,CVP,CTCP Cảng Cửa Việt,https://finance.vietstock.vn/CVP-ctcp-cang-cua-viet.htm
3,OTC,NaN,CVS,CTCP Chứng khoán CV,https://finance.vietstock.vn/CVS-ctcp-chung-khoan-cv.htm
3,OTC,NaN,CXC,CTCP Cầu Xây,https://finance.vietstock.vn/CXC-ctcp-cau-xay.htm
3,OTC,Vận tải,CXH,CTCP Xe khách Hà Nội,https://finance.vietstock.vn/CXH-ctcp-xe-khach-ha-noi.htm
3,OTC,Năng lượng,CZC,CTCP Than Miền Trung,https://finance.vietstock.vn/CZC-ctcp-than-mien-trung.htm
3,OTC,Tư liệu sản xuất,D26,CTCP Quản lý và Xây dựng Đường bộ 26,https://finance.vietstock.vn/D26-ctcp-quan-ly-va-xay-dung-duong-bo-26.htm
4,Khác,NaN,DAB,Ngân hàng TMCP Đại Á,https://finance.vietstock.vn/DAB-ngan-hang-tmcp-dai-a.htm
3,OTC,NaN,DaBinhDinh,CTCP VRG Đá Bình Định,https://finance.vietstock.vn/DaBinhDinh-ctcp-vrg-da-binh-dinh.htm
3,OTC,NaN,DaGiayHaiPhong,CTCP Da Giầy và Phát triển Hải Phòng,https://finance.vietstock.vn/DaGiayHaiPhong-ctcp-da-giay-va-phat-trien-hai-phong.htm
3,OTC,NaN,DaGiayVietNam,CTCP  Da Giầy Việt Nam,https://finance.vietstock.vn/DaGiayVietNam-ctcp-da-giay-viet-nam.htm
4,Khác,NaN,DaichiLife,Công ty TNHH Bảo hiểm Nhân thọ Dai-ichi Việt Nam,https://finance.vietstock.vn/DaichiLife-cong-ty-tnhh-bao-hiem-nhan-tho-dai-ichi-viet-nam.htm
3,OTC,NaN,DaiMo,CTCP Cơ khí Xây dựng Đại Mỗ,https://finance.vietstock.vn/DaiMo-ctcp-co-khi-xay-dung-dai-mo.htm
4,Khác,NaN,DaiNam,Văn Phòng Thám Tử Điều Tra - Theo Dõi Đại Nam,https://finance.vietstock.vn/DaiNam-van-phong-tham-tu-dieu-tra-theo-doi-dai-nam.htm
4,Khác,NaN,DaiNamAudit,Công ty TNHH Kiểm toán và Giải pháp Công nghệ Thông tin Đại Nam,https://finance.vietstock.vn/DaiNamAudit-cong-ty-tnhh-kiem-toan-va-giai-phap-cong-nghe-thong-tin-dai-nam.htm
4,Khác,NaN,DaiTinAudit,Công ty TNHH Kiểm toán Đại Tín,https://finance.vietstock.vn/DaiTinAudit-cong-ty-tnhh-kiem-toan-dai-tin.htm
3,OTC,NaN,DaNangXD,CTCP Xây dựng Công trình Giao thông Đà Nẵng,https://finance.vietstock.vn/DaNangXD-ctcp-xay-dung-cong-trinh-giao-thong-da-nang.htm
3,OTC,NaN,DANATEX,CTCP Dệt Hòa Khánh - Đà Nẵng,https://finance.vietstock.vn/DANATEX-ctcp-det-hoa-khanh-da-nang.htm
3,OTC,Nguyên vật liệu,DAP,CTCP Đông Á,https://finance.vietstock.vn/DAP-ctcp-dong-a.htm
3,OTC,Dịch vụ chuyên biệt và thương mại,DAR,CTCP Xe lửa Dĩ An,https://finance.vietstock.vn/DAR-ctcp-xe-lua-di-an.htm
3,OTC,NaN,DaTayDo,CTCP Da Tây Đô,https://finance.vietstock.vn/DaTayDo-ctcp-da-tay-do.htm
4,Khác,NaN,DATC,Công ty TNHH Mua Bán Nợ Việt Nam,https://finance.vietstock.vn/DATC-cong-ty-tnhh-mua-ban-no-viet-nam.htm
3,OTC,NaN,DatVang,CTCP Sông Đà - Đất Vàng,https://finance.vietstock.vn/DatVang-ctcp-song-da-dat-vang.htm
3,OTC,NaN,DauTuHaNoi,CTCP Thương mại và Đầu tư TIC Hà Nội,https://finance.vietstock.vn/DauTuHaNoi-ctcp-thuong-mai-va-dau-tu-tic-ha-noi.htm
3,OTC,Phân phối và bán lẻ hàng lâu bền,DBF,CTCP Lương thực Đông Bắc,https://finance.vietstock.vn/DBF-ctcp-luong-thuc-dong-bac.htm
3,OTC,Tư liệu sản xuất,DBH,CTCP Đường bộ Hải Phòng,https://finance.vietstock.vn/DBH-ctcp-duong-bo-hai-phong.htm
3,OTC,Dịch vụ tiện ích,DBW,CTCP Cấp nước Điện Biên,https://finance.vietstock.vn/DBW-ctcp-cap-nuoc-dien-bien.htm
3,OTC,Tư liệu sản xuất,DCC,CTCP Xây dựng Công nghiệp (DESCON),https://finance.vietstock.vn/DCC-ctcp-xay-dung-cong-nghiep-descon.htm
4,Khác,Dịch vụ tiêu dùng,DCD,CTCP Du lịch và Thương mại DIC,https://finance.vietstock.vn/DCD-ctcp-du-lich-va-thuong-mai-dic.htm
3,OTC,Nguyên vật liệu,DCI,CTCP Công nghiệp Hóa chất Đà Nẵng,https://finance.vietstock.vn/DCI-ctcp-cong-nghiep-hoa-chat-da-nang.htm
4,Khác,NaN,DCPA,Công ty TNHH Tư vấn DCPA,https://finance.vietstock.vn/DCPA-cong-ty-tnhh-tu-van-dcpa.htm
3,OTC,NaN,DDS,CTCP Chứng khoán AIS,https://finance.vietstock.vn/DDS-ctcp-chung-khoan-ais.htm
4,Khác,NaN,Deloitte,Công ty TNHH Deloitte Việt Nam,https://finance.vietstock.vn/Deloitte-cong-ty-tnhh-deloitte-viet-nam.htm
3,OTC,NaN,DeltaAgf,CTCP Đầu tư và Xây dựng Delta AGF,https://finance.vietstock.vn/DeltaAgf-ctcp-dau-tu-va-xay-dung-delta-agf.htm
3,OTC,NaN,DeltaCorp,CTCP Đầu tư Châu Thổ,https://finance.vietstock.vn/DeltaCorp-ctcp-dau-tu-chau-tho.htm
3,OTC,NaN,DeltaTower,CTCP Cảnh Hưng Hải Thành,https://finance.vietstock.vn/DeltaTower-ctcp-canh-hung-hai-thanh.htm
3,OTC,NaN,DetHaDong,CTCP Dệt Hà Đông,https://finance.vietstock.vn/DetHaDong-ctcp-det-ha-dong.htm
3,OTC,NaN,DetPhongPhu,CTCP Dệt vải Phong Phú,https://finance.vietstock.vn/DetPhongPhu-ctcp-det-vai-phong-phu.htm
3,OTC,NaN,DetVinhPhu,CTCP Dệt Vĩnh Phú,https://finance.vietstock.vn/DetVinhPhu-ctcp-det-vinh-phu.htm
4,Khác,NaN,DeutscheBank,Ngân hàng Deutsche Việt Nam,https://finance.vietstock.vn/DeutscheBank-ngan-hang-deutsche-viet-nam.htm
4,Khác,NaN,DFK,Công ty TNHH Kiểm toán DFK Việt Nam,https://finance.vietstock.vn/DFK-cong-ty-tnhh-kiem-toan-dfk-viet-nam.htm
3,OTC,"Thực phẩm, đồ uống và thuốc lá",DFS,CTCP Chế biến Xuất nhập khẩu Nông sản Thực phẩm Đồng Nai,https://finance.vietstock.vn/DFS-ctcp-che-bien-xuat-nhap-khau-nong-san-thuc-pham-dong-nai.htm
4,Khác,NaN,DFVN,Công ty TNHH MTV Quản lý Quỹ Dai-Ichi Life Việt Nam,https://finance.vietstock.vn/DFVN-cong-ty-tnhh-mtv-quan-ly-quy-dai-ichi-life-viet-nam.htm
4,Khác,Nguyên vật liệu,DGL,CTCP Hóa chất Đức Giang - Lào Cai,https://finance.vietstock.vn/DGL-ctcp-hoa-chat-duc-giang-lao-cai.htm
3,OTC,Dịch vụ chuyên biệt và thương mại,DHI,CTCP In Diên Hồng,https://finance.vietstock.vn/DHI-ctcp-in-dien-hong.htm
3,OTC,Nguyên vật liệu,DHL,CTCP Cơ khí Vận tải Thương mại Đại Hưng,https://finance.vietstock.vn/DHL-ctcp-co-khi-van-tai-thuong-mai-dai-hung.htm
3,OTC,NaN,DIAOC3,CTCP Xây dựng và Kinh doanh Địa Ốc III,https://finance.vietstock.vn/DIAOC3-ctcp-xay-dung-va-kinh-doanh-dia-oc-iii.htm
4,Khác,NaN,DIAOC8,CTCP Địa ốc 8,https://finance.vietstock.vn/DIAOC8-ctcp-dia-oc-8.htm
3,OTC,NaN,DiaOcGiaDinh,CTCP Đầu tư Địa ốc Gia Định,https://finance.vietstock.vn/DiaOcGiaDinh-ctcp-dau-tu-dia-oc-gia-dinh.htm
3,OTC,NaN,DIC1,CTCP Xây dựng Đô thị và Khu công nghiệp,https://finance.vietstock.vn/DIC1-ctcp-xay-dung-do-thi-va-khu-cong-nghiep.htm
3,OTC,NaN,DICThanhBinh,CTCP Đầu tư Phát triển Xây dựng Thanh Bình,https://finance.vietstock.vn/DICThanhBinh-ctcp-dau-tu-phat-trien-xay-dung-thanh-binh.htm
3,OTC,NaN,DienLucDaNang,CTCP Thủy điện Điện Lực Đà Nẵng,https://finance.vietstock.vn/DienLucDaNang-ctcp-thuy-dien-dien-luc-da-nang.htm
3,OTC,NaN,DienNuocHaNoi,CTCP Xây dựng Lắp máy Điện nước Hà Nội,https://finance.vietstock.vn/DienNuocHaNoi-ctcp-xay-dung-lap-may-dien-nuoc-ha-noi.htm
3,OTC,NaN,DienThuBon,CTCP Thủy điện Thu Bồn,https://finance.vietstock.vn/DienThuBon-ctcp-thuy-dien-thu-bon.htm
3,OTC,NaN,Diginet,CTCP Định Gia Nét,https://finance.vietstock.vn/Diginet-ctcp-dinh-gia-net.htm
4,Khác,NaN,DinhThien,Công Ty TNHH Thương mại Dịch vụ Kỹ thuật Đỉnh Thiên,https://finance.vietstock.vn/DinhThien-cong-ty-tnhh-thuong-mai-dich-vu-ky-thuat-dinh-thien.htm
3,OTC,Dịch vụ chuyên biệt và thương mại,DKH,Trung tâm Đăng kiểm phương tiện Giao thông Thủy bộ,https://finance.vietstock.vn/DKH-trung-tam-dang-kiem-phuong-tien-giao-thong-thuy-bo.htm
3,OTC,"Dược phẩm, Công nghệ sinh học và Khoa học thường thức",DKP,CTCP Dược Khoa,https://finance.vietstock.vn/DKP-ctcp-duoc-khoa.htm
3,OTC,NaN,DLBD,CTCP Du lịch Bưu điện,https://finance.vietstock.vn/DLBD-ctcp-du-lich-buu-dien.htm
3,OTC,Dịch vụ tiêu dùng,DLC,CTCP Du lịch Cần Thơ,https://finance.vietstock.vn/DLC-ctcp-du-lich-can-tho.htm
3,OTC,Tư liệu sản xuất,DLM,CTCP Chiếu sáng công cộng Đà Nẵng,https://finance.vietstock.vn/DLM-ctcp-chieu-sang-cong-cong-da-nang.htm
4,Khác,NaN,DLTHUDUC,Công ty TNHH MTV Dịch vụ Du lịch Thủ Đức,https://finance.vietstock.vn/DLTHUDUC-cong-ty-tnhh-mtv-dich-vu-du-lich-thu-duc.htm
3,OTC,"Thực phẩm, đồ uống và thuốc lá",DLV,CTCP Du lịch Việt Nam - VITOURS,https://finance.vietstock.vn/DLV-ctcp-du-lich-viet-nam-vitours.htm
3,OTC,NaN,DLX,CTCP Delex Việt Nam,https://finance.vietstock.vn/DLX-ctcp-delex-viet-nam.htm
3,OTC,NaN,DMH,CTCP Dược Minh Hải,https://finance.vietstock.vn/DMH-ctcp-duoc-minh-hai.htm
3,OTC,NaN,DMTC,CTCP Khoan và Dịch vụ Kỹ thuật Khai thác Mỏ,https://finance.vietstock.vn/DMTC-ctcp-khoan-va-dich-vu-ky-thuat-khai-thac-mo.htm
3,OTC,Phân phối và bán lẻ hàng lâu bền,DNB,CTCP Sách và Thiết bị trường học tỉnh Đắk Nông,https://finance.vietstock.vn/DNB-ctcp-sach-va-thiet-bi-truong-hoc-tinh-dak-nong.htm
3,OTC,"Thực phẩm, đồ uống và thuốc lá",DNF,CTCP Lương thực Đà Nẵng,https://finance.vietstock.vn/DNF-ctcp-luong-thuc-da-nang.htm
3,OTC,NaN,DNG,CTCP Lắp máy Điện nước và Xây dựng,https://finance.vietstock.vn/DNG-ctcp-lap-may-dien-nuoc-va-xay-dung.htm
4,Khác,NaN,DNPAudit,Công ty TNHH Kiểm toán - Tư vấn Tài chính D.N.P,https://finance.vietstock.vn/DNPAudit-cong-ty-tnhh-kiem-toan-tu-van-tai-chinh-d-n-p.htm
3,OTC,Vận tải,DNR,CTCP Đường sắt Quảng Nam - Đà Nẵng,https://finance.vietstock.vn/DNR-ctcp-duong-sat-quang-nam-da-nang.htm
3,OTC,Nguyên vật liệu,DNS,CTCP Thép Đà Nẵng,https://finance.vietstock.vn/DNS-ctcp-thep-da-nang.htm
3,OTC,NaN,DNTD,CTCP Thiết kế Viễn thông Tin học Đà Nẵng,https://finance.vietstock.vn/DNTD-ctcp-thiet-ke-vien-thong-tin-hoc-da-nang.htm
3,OTC,NaN,DNV,CTCP Thương mại Dịch vụ VDA Đà Nẵng,https://finance.vietstock.vn/DNV-ctcp-thuong-mai-dich-vu-vda-da-nang.htm
3,OTC,Nguyên vật liệu,DNY,CTCP Thép DANA - Ý,https://finance.vietstock.vn/DNY-ctcp-thep-dana-y.htm
3,OTC,NaN,Donatraco,CTCP Sản xuất Thương mại Dịch vụ Đồng Nai,https://finance.vietstock.vn/Donatraco-ctcp-san-xuat-thuong-mai-dich-vu-dong-nai.htm
3,OTC,NaN,DongABank,Ngân hàng TMCP Đông Á,https://finance.vietstock.vn/DongABank-ngan-hang-tmcp-dong-a.htm
4,Khác,NaN,DongACapital,Công ty TNHH Quản lý Quỹ đầu tư Chứng khoán Đông Á,https://finance.vietstock.vn/DongACapital-cong-ty-tnhh-quan-ly-quy-dau-tu-chung-khoan-dong-a.htm
3,OTC,NaN,DongAnhSteel,CTCP Kết cấu Thép Xây dựng ,https://finance.vietstock.vn/DongAnhSteel-ctcp-ket-cau-thep-xay-dung.htm
4,Khác,NaN,DongASecurities,Công ty TNHH MTV Chứng khoán Ngân hàng Đông Á,https://finance.vietstock.vn/DongASecurities-cong-ty-tnhh-mtv-chung-khoan-ngan-hang-dong-a.htm
4,Khác,NaN,DongDuong,Công ty TNHH Kiểm toán Đông Dương,https://finance.vietstock.vn/DongDuong-cong-ty-tnhh-kiem-toan-dong-duong.htm
4,Khác,NaN,DongLong,Công ty TNHH Vận tải biển Đông Long,https://finance.vietstock.vn/DongLong-cong-ty-tnhh-van-tai-bien-dong-long.htm
4,Khác,NaN,DongNam,Công ty TNHH Kiểm toán Đông Nam,https://finance.vietstock.vn/DongNam-cong-ty-tnhh-kiem-toan-dong-nam.htm
4,Khác,NaN,DongPhuongAudit,Công ty TNHH Tư vấn Tài chính và Kiểm toán Đông Phương,https://finance.vietstock.vn/DongPhuongAudit-cong-ty-tnhh-tu-van-tai-chinh-va-kiem-toan-dong-phuong.htm
3,OTC,NaN,DongTam,CTCP Đồng Tâm,https://finance.vietstock.vn/DongTam-ctcp-dong-tam.htm
3,OTC,NaN,DongTauAnPhu,CTCP Đóng Tàu An Phú,https://finance.vietstock.vn/DongTauAnPhu-ctcp-dong-tau-an-phu.htm
4,Khác,NaN,DongThang,Công ty TNHH Kiểm toán Đồng Thắng,https://finance.vietstock.vn/DongThang-cong-ty-tnhh-kiem-toan-dong-thang.htm
3,OTC,NaN,DongThapTourist,CTCP Du lịch Đồng Tháp,https://finance.vietstock.vn/DongThapTourist-ctcp-du-lich-dong-thap.htm
3,OTC,NaN,DongTien,CTCP Đồng Tiến,https://finance.vietstock.vn/DongTien-ctcp-dong-tien.htm
3,OTC,NaN,DongXanh,CTCP Đồng Xanh,https://finance.vietstock.vn/DongXanh-ctcp-dong-xanh.htm
3,OTC,NaN,DoThi18,CTCP Đầu tư Hạ tầng 18,https://finance.vietstock.vn/DoThi18-ctcp-dau-tu-ha-tang-18.htm
3,OTC,NaN,DothiGialai,CTCP Công trình Đô thị Gia Lai,https://finance.vietstock.vn/DothiGialai-ctcp-cong-trinh-do-thi-gia-lai.htm
4,Khác,NaN,DoThiGiaLam,CTCP Môi trường Đô thị Gia Lâm,https://finance.vietstock.vn/DoThiGiaLam-ctcp-moi-truong-do-thi-gia-lam.htm
4,Khác,Nguyên vật liệu,DPD,CTCP Cao su Đồng Phú - Đắk Nông,https://finance.vietstock.vn/DPD-ctcp-cao-su-dong-phu-dak-nong.htm
3,OTC,Dịch vụ tài chính,DSC,CTCP Chứng khoán DSC,https://finance.vietstock.vn/DSC-ctcp-chung-khoan-dsc.htm
3,OTC,Vận tải,DSS,CTCP Đường sắt Sài Gòn,https://finance.vietstock.vn/DSS-ctcp-duong-sat-sai-gon.htm
3,OTC,Vận tải,DSV,CTCP Đường sắt Vĩnh Phú,https://finance.vietstock.vn/DSV-ctcp-duong-sat-vinh-phu.htm
4,Khác,NaN,DSVN,Tổng Công ty Đường sắt Việt Nam,https://finance.vietstock.vn/DSVN-tong-cong-ty-duong-sat-viet-nam.htm
3,OTC,NaN,DT319,CTCP Đầu tư và Thương mại 319,https://finance.vietstock.vn/DT319-ctcp-dau-tu-va-thuong-mai-319.htm
3,OTC,Vận tải,DT4,CTCP Quản Lý Đường Sông Số 4,https://finance.vietstock.vn/DT4-ctcp-quan-ly-duong-song-so-4.htm
3,OTC,NaN,DTF,CTCP Thực phẩm và Nước giải khát Dona New Tower,https://finance.vietstock.vn/DTF-ctcp-thuc-pham-va-nuoc-giai-khat-dona-new-tower.htm
4,Khác,NaN,DTLAuditing,Công ty TNHH Kiểm toán D.T.L,https://finance.vietstock.vn/DTLAuditing-cong-ty-tnhh-kiem-toan-d-t-l.htm
3,OTC,Đồ gia dụng và cá nhân,DTN,CTCP Diêm Thống Nhất,https://finance.vietstock.vn/DTN-ctcp-diem-thong-nhat.htm
3,OTC,NaN,DTS,CTCP Dịch vụ Du lịch Đà Lạt,https://finance.vietstock.vn/DTS-ctcp-dich-vu-du-lich-da-lat.htm
3,OTC,NaN,DTSC,CTCP Chứng khoán Delta,https://finance.vietstock.vn/DTSC-ctcp-chung-khoan-delta.htm
3,OTC,Dịch vụ tiện ích,DTV,CTCP Phát triển Điện Trà Vinh,https://finance.vietstock.vn/DTV-ctcp-phat-trien-dien-tra-vinh.htm
4,Khác,NaN,DucAnhAudit,Công ty TNHH Kiểm toán Quốc tế Đức - Anh,https://finance.vietstock.vn/DucAnhAudit-cong-ty-tnhh-kiem-toan-quoc-te-duc-anh.htm
4,Khác,NaN,DucKhai,Công ty TNHH Thương mại Thiết bị Điện Đức Khải,https://finance.vietstock.vn/DucKhai-cong-ty-tnhh-thuong-mai-thiet-bi-dien-duc-khai.htm
3,OTC,NaN,DucTanLong,CTCP Đúc Tân Long - Constrexim ,https://finance.vietstock.vn/DucTanLong-ctcp-duc-tan-long-constrexim.htm
3,OTC,NaN,DuLichDaNang,CTCP Du lịch Đà Nẵng,https://finance.vietstock.vn/DuLichDaNang-ctcp-du-lich-da-nang.htm
3,OTC,NaN,DULICHKHANHHOA,CTCP Du lịch Khánh Hòa,https://finance.vietstock.vn/DULICHKHANHHOA-ctcp-du-lich-khanh-hoa.htm
3,OTC,NaN,DuLichTaCu,CTCP Du lịch Núi Tà Cú,https://finance.vietstock.vn/DuLichTaCu-ctcp-du-lich-nui-ta-cu.htm
3,OTC,NaN,DuLichThanhBinh,CTCP Du lịch Thanh Bình,https://finance.vietstock.vn/DuLichThanhBinh-ctcp-du-lich-thanh-binh.htm
3,OTC,NaN,DuLichThanhHoa,CTCP Du lịch Thanh Hóa,https://finance.vietstock.vn/DuLichThanhHoa-ctcp-du-lich-thanh-hoa.htm
3,OTC,NaN,DuLichThuongMai,CTCP Du lịch và Thương mại Vinacomin,https://finance.vietstock.vn/DuLichThuongMai-ctcp-du-lich-va-thuong-mai-vinacomin.htm
3,OTC,NaN,DuocBaoChau,CTCP Tập đoàn Dược Bảo Châu,https://finance.vietstock.vn/DuocBaoChau-ctcp-tap-doan-duoc-bao-chau.htm
3,OTC,NaN,DuocDomedic,CTCP Y Dược Domedic,https://finance.vietstock.vn/DuocDomedic-ctcp-y-duoc-domedic.htm
3,OTC,NaN,DuocICA,CTCP Công nghệ sinh học Dược phẩm ICA,https://finance.vietstock.vn/DuocICA-ctcp-cong-nghe-sinh-hoc-duoc-pham-ica.htm
3,OTC,NaN,DuocLieuTW2,CTCP Dược Liệu Trung ương 2,https://finance.vietstock.vn/DuocLieuTW2-ctcp-duoc-lieu-trung-uong-2.htm
3,OTC,NaN,DuocNamHa,CTCP Dược phẩm Nam Hà,https://finance.vietstock.vn/DuocNamHa-ctcp-duoc-pham-nam-ha.htm
3,OTC,NaN,DuocPham32,CTCP Dược phẩm 3/2,https://finance.vietstock.vn/DuocPham32-ctcp-duoc-pham-3-2.htm
3,OTC,NaN,DuocTanPhat,CTCP Dược - Trang Thiết bị Y Tế Tân Phát,https://finance.vietstock.vn/DuocTanPhat-ctcp-duoc-trang-thiet-bi-y-te-tan-phat.htm
3,OTC,NaN,DuocYenBai,CTCP Dược phẩm Yên Bái,https://finance.vietstock.vn/DuocYenBai-ctcp-duoc-pham-yen-bai.htm
3,OTC,NaN,DuongBo234,CTCP Quản Lý và Xây dựng Đường bộ 234,https://finance.vietstock.vn/DuongBo234-ctcp-quan-ly-va-xay-dung-duong-bo-234.htm
4,Khác,NaN,DuongBoDakLak,Công ty TNHH MTV Quản Lý và Sửa Chữa Đường bộ Đắk Lắk,https://finance.vietstock.vn/DuongBoDakLak-cong-ty-tnhh-mtv-quan-ly-va-sua-chua-duong-bo-dak-lak.htm
3,OTC,NaN,DuongCanTho,CTCP Mía đường Cần Thơ,https://finance.vietstock.vn/DuongCanTho-ctcp-mia-duong-can-tho.htm
3,OTC,NaN,DuongLaNga,CTCP Mía đường La Ngà,https://finance.vietstock.vn/DuongLaNga-ctcp-mia-duong-la-nga.htm
3,OTC,NaN,DuongSatPhiaNam,CTCP Đường sắt Phía Nam,https://finance.vietstock.vn/DuongSatPhiaNam-ctcp-duong-sat-phia-nam.htm
3,OTC,NaN,DuongSocTrang,CTCP Mía đường Sóc Trăng,https://finance.vietstock.vn/DuongSocTrang-ctcp-mia-duong-soc-trang.htm
3,OTC,NaN,DuyHoang07,CTCP Duy Hoàng 07,https://finance.vietstock.vn/DuyHoang07-ctcp-duy-hoang-07.htm
3,OTC,NaN,DVCCBinhDuong,CTCP Xây dựng và Dịch vụ Công Cộng Bình Dương,https://finance.vietstock.vn/DVCCBinhDuong-ctcp-xay-dung-va-dich-vu-cong-cong-binh-duong.htm
3,OTC,"Dược phẩm, Công nghệ sinh học và Khoa học thường thức",DVD,CTCP Dược phẩm Viễn Đông,https://finance.vietstock.vn/DVD-ctcp-duoc-pham-vien-dong.htm
3,OTC,Dịch vụ chuyên biệt và thương mại,DVH,CTCP Chế tạo Máy điện Việt Nam - Hungari,https://finance.vietstock.vn/DVH-ctcp-che-tao-may-dien-viet-nam-hungari.htm
3,OTC,NaN,DVSC,CTCP Chứng khoán Đại Việt,https://finance.vietstock.vn/DVSC-ctcp-chung-khoan-dai-viet.htm
3,OTC,NaN,DVVTKHANHHOA,CTCP Khai thác Bến xe và Dịch vụ Vận tải Khánh Hòa,https://finance.vietstock.vn/DVVTKHANHHOA-ctcp-khai-thac-ben-xe-va-dich-vu-van-tai-khanh-hoa.htm
3,OTC,Tư liệu sản xuất,DX2,CTCP Đầu tư và Xây dựng 319.2,https://finance.vietstock.vn/DX2-ctcp-dau-tu-va-xay-dung-319-2.htm
3,OTC,Tư liệu sản xuất,DXD,CTCP Đầu tư và Phát triển Xây lắp Đông Anh,https://finance.vietstock.vn/DXD-ctcp-dau-tu-va-phat-trien-xay-lap-dong-anh.htm
3,OTC,Dịch vụ tiện ích,EAD,CTCP Thủy điện Điện lực Đắk Lắk,https://finance.vietstock.vn/EAD-ctcp-thuy-dien-dien-luc-dak-lak.htm
4,Khác,NaN,EasternAudit,Công ty TNHH Kiểm toán Phương Đông,https://finance.vietstock.vn/EasternAudit-cong-ty-tnhh-kiem-toan-phuong-dong.htm
3,OTC,Dịch vụ tiện ích,EBA,CTCP Điện Bắc Nà,https://finance.vietstock.vn/EBA-ctcp-dien-bac-na.htm
3,OTC,NaN,ECC,CTCP Chứng khoán Eurocapital,https://finance.vietstock.vn/ECC-ctcp-chung-khoan-eurocapital.htm
4,Khác,NaN,ECOVIS,Công ty TNHH ECOVIS STT Việt Nam,https://finance.vietstock.vn/ECOVIS-cong-ty-tnhh-ecovis-stt-viet-nam.htm
3,OTC,NaN,Eden,CTCP Ê Đen,https://finance.vietstock.vn/Eden-ctcp-e-den.htm
6,Lào,NaN,EDL-Gen,Công ty Phát Điện Lào,https://finance.vietstock.vn/EDL-Gen-cong-ty-phat-dien-lao.htm
3,OTC,NaN,EDX,CTCP Tập đoàn EDX,https://finance.vietstock.vn/EDX-ctcp-tap-doan-edx.htm
3,OTC,NaN,Geleximco,Tập đoàn Geleximco - CTCP,https://finance.vietstock.vn/Geleximco-tap-doan-geleximco-ctcp.htm
4,Khác,NaN,EIFMC,Công ty TNHH Quản lý Quỹ Eastspring Investments,https://finance.vietstock.vn/EIFMC-cong-ty-tnhh-quan-ly-quy-eastspring-investments.htm
4,Khác,NaN,EJung,Công ty TNHH Kiểm toán E-JUNG,https://finance.vietstock.vn/EJung-cong-ty-tnhh-kiem-toan-e-jung.htm
3,OTC,NaN,ELINCO,CTCP Điện tử Tin học Hóa chất,https://finance.vietstock.vn/ELINCO-ctcp-dien-tu-tin-hoc-hoa-chat.htm
3,OTC,Hàng tiêu dùng và trang trí,EMC,CTCP Cơ điện Thủ Đức,https://finance.vietstock.vn/EMC-ctcp-co-dien-thu-duc.htm
3,OTC,NaN,ENF,Quỹ đầu tư Năng động Eastspring Investments Việt Nam,https://finance.vietstock.vn/ENF-quy-dau-tu-nang-dong-eastspring-investments-viet-nam.htm
4,Khác,NaN,ErnstYoung,Công ty TNHH Ernst & Young Việt Nam,https://finance.vietstock.vn/ErnstYoung-cong-ty-tnhh-ernst-young-viet-nam.htm
3,OTC,NaN,ETCC,CTCP Cáp và Thiết bị Viễn Thông,https://finance.vietstock.vn/ETCC-ctcp-cap-va-thiet-bi-vien-thong.htm
3,OTC,NaN,Eurowindow,CTCP Cửa sổ Nhựa Châu Âu,https://finance.vietstock.vn/Eurowindow-ctcp-cua-so-nhua-chau-au.htm
4,Khác,NaN,EVN,Tập đoàn Điện lực Việt Nam,https://finance.vietstock.vn/EVN-tap-doan-dien-luc-viet-nam.htm
3,OTC,NaN,Eximland,CTCP Bất động sản Exim,https://finance.vietstock.vn/Eximland-ctcp-bat-dong-san-exim.htm
4,Khác,NaN,EYvn,Công ty TNHH Ernst & Young Việt Nam,https://finance.vietstock.vn/EYvn-cong-ty-tnhh-ernst-young-viet-nam.htm
4,Khác,NaN,FAC,Công ty TNHH Kiểm toán FAC,https://finance.vietstock.vn/FAC-cong-ty-tnhh-kiem-toan-fac.htm
4,Khác,NaN,FACOM,Công ty TNHH Kiểm toán và Tư vấn Tài chính Việt Nam,https://finance.vietstock.vn/FACOM-cong-ty-tnhh-kiem-toan-va-tu-van-tai-chinh-viet-nam.htm
4,Khác,NaN,FADACO,Công ty TNHH Kiểm toán và Tư vấn Đầu tư Tài chính Châu Á,https://finance.vietstock.vn/FADACO-cong-ty-tnhh-kiem-toan-va-tu-van-dau-tu-tai-chinh-chau-a.htm
3,OTC,NaN,Falcon,CTCP Vận tải Dầu khí Việt Nam,https://finance.vietstock.vn/Falcon-ctcp-van-tai-dau-khi-viet-nam.htm
4,Khác,NaN,FanansaFund,Công ty Quản lý Quỹ Finansa,https://finance.vietstock.vn/FanansaFund-cong-ty-quan-ly-quy-finansa.htm
3,OTC,"Thực phẩm, đồ uống và thuốc lá",FBT,CTCP Xuất nhập khẩu Lâm Thủy sản Bến Tre,https://finance.vietstock.vn/FBT-ctcp-xuat-nhap-khau-lam-thuy-san-ben-tre.htm
3,OTC,NaN,FCB,Ngân hàng TMCP Đệ Nhất,https://finance.vietstock.vn/FCB-ngan-hang-tmcp-de-nhat.htm
3,OTC,Phân phối và bán lẻ hàng lâu bền,FDG,CTCP Docimexco,https://finance.vietstock.vn/FDG-ctcp-docimexco.htm
3,OTC,Dịch vụ chuyên biệt và thương mại,FDT,CTCP FIDITOUR,https://finance.vietstock.vn/FDT-ctcp-fiditour.htm
4,Khác,NaN,FECREDIT,Công ty Tài chính TNHH MTV Ngân hàng Việt Nam Thịnh Vượng,https://finance.vietstock.vn/FECREDIT-cong-ty-tai-chinh-tnhh-mtv-ngan-hang-viet-nam-thinh-vuong.htm
4,Khác,NaN,FENB,Ngân hàng Far East National Bank Chi nhánh Thành phố Hồ Chí Minh,https://finance.vietstock.vn/FENB-ngan-hang-far-east-national-bank-chi-nhanh-thanh-pho-ho-chi-minh.htm
3,OTC,NaN,FHH,CTCP Đầu tư Kinh doanh Phát triển Bất Động Sản FLCHOMES,https://finance.vietstock.vn/FHH-ctcp-dau-tu-kinh-doanh-phat-trien-bat-dong-san-flchomes.htm
3,OTC,NaN,FIS,CTCP Hệ thống Thông tin FPT,https://finance.vietstock.vn/FIS-ctcp-he-thong-thong-tin-fpt.htm
3,OTC,NaN,Foodinco,Tổng Công ty cổ phần Đầu tư và Xuất nhập khẩu Foodinco,https://finance.vietstock.vn/Foodinco-tong-cong-ty-co-phan-dau-tu-va-xuat-nhap-khau-foodinco.htm
3,OTC,NaN,Formach,CTCP Formach ,https://finance.vietstock.vn/Formach-ctcp-formach.htm
3,OTC,Tư liệu sản xuất,FPC,CTCP Full Power,https://finance.vietstock.vn/FPC-ctcp-full-power.htm
3,OTC,NaN,FPTCapital,CTCP Quản lý Quỹ  Đầu tư FPT,https://finance.vietstock.vn/FPTCapital-ctcp-quan-ly-quy-dau-tu-fpt.htm
3,OTC,NaN,FPTTrading,CTCP Thương mại FPT,https://finance.vietstock.vn/FPTTrading-ctcp-thuong-mai-fpt.htm
3,OTC,NaN,FritHue,CTCP Frit Huế,https://finance.vietstock.vn/FritHue-ctcp-frit-hue.htm
3,OTC,NaN,FSS,CTCP Giải pháp Phần mềm Tài chính,https://finance.vietstock.vn/FSS-ctcp-giai-phap-phan-mem-tai-chinh.htm
3,OTC,NaN,FTV,CTCP Công nghiệp Ngũ kim Fortress Việt Nam,https://finance.vietstock.vn/FTV-ctcp-cong-nghiep-ngu-kim-fortress-viet-nam.htm
4,Khác,NaN,FubonVN,Công ty TNHH Bảo hiểm nhân thọ Fubon,https://finance.vietstock.vn/FubonVN-cong-ty-tnhh-bao-hiem-nhan-tho-fubon.htm
4,Khác,Dịch vụ tài chính,FUCTVGF1,Quỹ đầu tư Tăng trưởng TVAM,https://finance.vietstock.vn/FUCTVGF1-quy-dau-tu-tang-truong-tvam.htm
3,OTC,Dịch vụ tài chính,FUCTVGF2,Quỹ Đầu tư Tăng trưởng Thiên Việt 2,https://finance.vietstock.vn/FUCTVGF2-quy-dau-tu-tang-truong-thien-viet-2.htm
4,Khác,NaN,Fullhouse,Công ty TNHH Nhà nước MTV Đầu tư và Du lịch Huế,https://finance.vietstock.vn/Fullhouse-cong-ty-tnhh-nha-nuoc-mtv-dau-tu-va-du-lich-hue.htm
4,Khác,NaN,FWDVN,Công ty TNHH Bảo hiểm nhân thọ FWD Việt Nam,https://finance.vietstock.vn/FWDVN-cong-ty-tnhh-bao-hiem-nhan-tho-fwd-viet-nam.htm
3,OTC,NaN,GachThaiBinh,CTCP Gạch ốp lát Thái Bình,https://finance.vietstock.vn/GachThaiBinh-ctcp-gach-op-lat-thai-binh.htm
4,Khác,NaN,GAFC,Công ty TNHH Kiểm toán và Tư vấn Tài chính Toàn cầu,https://finance.vietstock.vn/GAFC-cong-ty-tnhh-kiem-toan-va-tu-van-tai-chinh-toan-cau.htm
3,OTC,NaN,GANGTHEPLAOCAI,CTCP Đầu tư Gang thép Lào Cai - Vimico,https://finance.vietstock.vn/GANGTHEPLAOCAI-ctcp-dau-tu-gang-thep-lao-cai-vimico.htm
4,Khác,NaN,GaoXKTN,Nhà máy Gạo Xuất khẩu Tây Ninh,https://finance.vietstock.vn/GaoXKTN-nha-may-gao-xuat-khau-tay-ninh.htm
3,OTC,Dịch vụ tài chính,GBS,CTCP Chứng khoán Golden Bridge Việt Nam,https://finance.vietstock.vn/GBS-ctcp-chung-khoan-golden-bridge-viet-nam.htm
3,OTC,NaN,GCC,CTCP Văn hóa Tổng hợp Bến Thành,https://finance.vietstock.vn/GCC-ctcp-van-hoa-tong-hop-ben-thanh.htm
3,OTC,NaN,GDC,CTCP Xuất nhập khẩu Gia Định,https://finance.vietstock.vn/GDC-ctcp-xuat-nhap-khau-gia-dinh.htm
3,OTC,Dịch vụ tiện ích,GE2,Tổng Công ty Phát điện 2 - CTCP,https://finance.vietstock.vn/GE2-tong-cong-ty-phat-dien-2-ctcp.htm
3,OTC,NaN,GEC,CTCP Cơ khí Gang Thép,https://finance.vietstock.vn/GEC-ctcp-co-khi-gang-thep.htm
3,OTC,NaN,Gefoseco,CTCP Thực phẩm và Dịch vụ Tổng hợp,https://finance.vietstock.vn/Gefoseco-ctcp-thuc-pham-va-dich-vu-tong-hop.htm
3,OTC,NaN,Gelimex,CTCP Điện máy và Kỹ thuật Công Nghệ,https://finance.vietstock.vn/Gelimex-ctcp-dien-may-va-ky-thuat-cong-nghe.htm
3,OTC,NaN,Generalimex,CTCP Xuất nhập khẩu Tổng hợp II,https://finance.vietstock.vn/Generalimex-ctcp-xuat-nhap-khau-tong-hop-ii.htm
4,Khác,NaN,GeneraliVN,Công ty TNHH Bảo hiểm nhân thọ Generali,https://finance.vietstock.vn/GeneraliVN-cong-ty-tnhh-bao-hiem-nhan-tho-generali.htm
3,OTC,NaN,Genesis,CTCP Quản lý quỹ Genesis,https://finance.vietstock.vn/Genesis-ctcp-quan-ly-quy-genesis.htm
3,OTC,NaN,Genexim,CTCP Vật tư Tổng hợp Thành phố Hồ Chí Minh,https://finance.vietstock.vn/Genexim-ctcp-vat-tu-tong-hop-thanh-pho-ho-chi-minh.htm
4,Khác,NaN,GENIMEX,CTCP Lâm sản và Xuất nhập khẩu Tổng hợp Bình Dương,https://finance.vietstock.vn/GENIMEX-ctcp-lam-san-va-xuat-nhap-khau-tong-hop-binh-duong.htm
3,OTC,NaN,Gentraco,CTCP Gentraco,https://finance.vietstock.vn/Gentraco-ctcp-gentraco.htm
3,OTC,NaN,Getraco,CTCP Thương mại Tổng hợp Tỉnh Bà Rịa - Vũng Tàu,https://finance.vietstock.vn/Getraco-ctcp-thuong-mai-tong-hop-tinh-ba-ria-vung-tau.htm
3,OTC,Phân phối và bán lẻ hàng lâu bền,GFC,CTCP Sản xuất Thương mại Dịch vụ GFC,https://finance.vietstock.vn/GFC-ctcp-san-xuat-thuong-mai-dich-vu-gfc.htm
3,OTC,"Thực phẩm, đồ uống và thuốc lá",GGS,CTCP Giống gia súc Hà Nội,https://finance.vietstock.vn/GGS-ctcp-giong-gia-suc-ha-noi.htm
4,Khác,Nguyên vật liệu,GHA,CTCP Hapaco Hải Âu,https://finance.vietstock.vn/GHA-ctcp-hapaco-hai-au.htm
4,Khác,NaN,GiaCatAudit,Công ty TNHH Tư vấn và Kiểm toán Gia Cát,https://finance.vietstock.vn/GiaCatAudit-cong-ty-tnhh-tu-van-va-kiem-toan-gia-cat.htm
3,OTC,NaN,GiaDinhCo,CTCP Đầu tư Phát triển Gia Định,https://finance.vietstock.vn/GiaDinhCo-ctcp-dau-tu-phat-trien-gia-dinh.htm
3,OTC,NaN,GiaDungPhongPhu,CTCP Dệt Gia dụng Phong Phú,https://finance.vietstock.vn/GiaDungPhongPhu-ctcp-det-gia-dung-phong-phu.htm
3,OTC,NaN,GiaiPhapS2P,CTCP Dịch vụ Kĩ thuật và Giải pháp Số S2P,https://finance.vietstock.vn/GiaiPhapS2P-ctcp-dich-vu-ki-thuat-va-giai-phap-so-s2p.htm
4,Khác,NaN,GiaLam,CTCP Xe lửa Gia Lâm,https://finance.vietstock.vn/GiaLam-ctcp-xe-lua-gia-lam.htm
3,OTC,NaN,GiaoThong,CTCP Thiết bị Xây lắp Giao thông,https://finance.vietstock.vn/GiaoThong-ctcp-thiet-bi-xay-lap-giao-thong.htm
3,OTC,NaN,GiaoThong2,CTCP Công trình Giao thông 2,https://finance.vietstock.vn/GiaoThong2-ctcp-cong-trinh-giao-thong-2.htm
3,OTC,NaN,GiaoThongQN,CTCP Xây dựng Giao thông Quảng Nam,https://finance.vietstock.vn/GiaoThongQN-ctcp-xay-dung-giao-thong-quang-nam.htm
3,OTC,NaN,GiaSangSteel,CTCP Luyện cán thép Gia Sàng,https://finance.vietstock.vn/GiaSangSteel-ctcp-luyen-can-thep-gia-sang.htm
3,OTC,NaN,GiayDepWEC,CTCP May Thêu Giày Dép W.E.C Sài Gòn,https://finance.vietstock.vn/GiayDepWEC-ctcp-may-theu-giay-dep-w-e-c-sai-gon.htm
3,OTC,NaN,GiayHaiDuong,CTCP Giầy Hải Dương,https://finance.vietstock.vn/GiayHaiDuong-ctcp-giay-hai-duong.htm
3,OTC,NaN,GiayHaNoi,CTCP Đầu tư Xuất nhập khẩu Da giày Hà Nội,https://finance.vietstock.vn/GiayHaNoi-ctcp-dau-tu-xuat-nhap-khau-da-giay-ha-noi.htm
3,OTC,NaN,GiayLamSon,CTCP Giấy Lam Sơn,https://finance.vietstock.vn/GiayLamSon-ctcp-giay-lam-son.htm
3,OTC,NaN,GiayLeHoa,CTCP Giấy tập Lệ Hoa,https://finance.vietstock.vn/GiayLeHoa-ctcp-giay-tap-le-hoa.htm
3,OTC,NaN,GID,CTCP Dệt may Gia Định,https://finance.vietstock.vn/GID-ctcp-det-may-gia-dinh.htm
3,OTC,NaN,GLH,CTCP GLEXHOMES,https://finance.vietstock.vn/GLH-ctcp-glexhomes.htm
3,OTC,NaN,GLS,CTCP Chứng khoán Sen Vàng,https://finance.vietstock.vn/GLS-ctcp-chung-khoan-sen-vang.htm
4,Khác,NaN,GocVietAudit,Công ty TNHH Kiểm toán Gốc Việt,https://finance.vietstock.vn/GocVietAudit-cong-ty-tnhh-kiem-toan-goc-viet.htm
3,OTC,NaN,GoldenGate,CTCP Thương mại Dịch vụ Cổng Vàng,https://finance.vietstock.vn/GoldenGate-ctcp-thuong-mai-dich-vu-cong-vang.htm
4,Khác,NaN,GPBank,Ngân hàng Thương mại TNHH MTV Dầu khí Toàn cầu,https://finance.vietstock.vn/GPBank-ngan-hang-thuong-mai-tnhh-mtv-dau-khi-toan-cau.htm
3,OTC,"Thực phẩm, đồ uống và thuốc lá",GQN,Trung tâm Giống Thủy sản Quảng Nam,https://finance.vietstock.vn/GQN-trung-tam-giong-thuy-san-quang-nam.htm
4,Khác,NaN,GrantThornton,Công ty TNHH Grant Thornton Việt Nam,https://finance.vietstock.vn/GrantThornton-cong-ty-tnhh-grant-thornton-viet-nam.htm
4,Khác,NaN,GreatEastern,Công ty TNHH Bảo hiểm Nhân Thọ Great Eastern Việt Nam,https://finance.vietstock.vn/GreatEastern-cong-ty-tnhh-bao-hiem-nhan-tho-great-eastern-viet-nam.htm
3,OTC,NaN,GRL,CTCP Tiếp Vận Xanh,https://finance.vietstock.vn/GRL-ctcp-tiep-van-xanh.htm
4,Khác,NaN,Groupama,Công ty TNHH Bảo hiểm Tổng hợp Groupama Việt Nam,https://finance.vietstock.vn/Groupama-cong-ty-tnhh-bao-hiem-tong-hop-groupama-viet-nam.htm
3,OTC,NaN,GSC,CTCP Thủy điện Geruco Sông Côn,https://finance.vietstock.vn/GSC-ctcp-thuy-dien-geruco-song-con.htm
3,OTC,NaN,GT6,Tổng Công ty Xây dựng Công trình Giao thông 6 - CTCP,https://finance.vietstock.vn/GT6-tong-cong-ty-xay-dung-cong-trinh-giao-thong-6-ctcp.htm
3,OTC,"Thực phẩm, đồ uống và thuốc lá",GTC,CTCP Trà Rồng Vàng,https://finance.vietstock.vn/GTC-ctcp-tra-rong-vang.htm
3,OTC,Tư liệu sản xuất,GTH,CTCP Xây dựng - Giao thông Thừa Thiên Huế,https://finance.vietstock.vn/GTH-ctcp-xay-dung-giao-thong-thua-thien-hue.htm
7,Campuchia,NaN,GTI,Công ty Grand Twins International (Campuchia),https://finance.vietstock.vn/GTI-cong-ty-grand-twins-international-campuchia.htm
3,OTC,Hàng tiêu dùng và trang trí,GTK,CTCP Giầy Thụy Khê,https://finance.vietstock.vn/GTK-ctcp-giay-thuy-khe.htm
3,OTC,"Thực phẩm, đồ uống và thuốc lá",GTN,CTCP GTNFoods,https://finance.vietstock.vn/GTN-ctcp-gtnfoods.htm
3,OTC,NaN,H22,CTCP Đầu tư và Phát triển Nhà Hà Nội 22,https://finance.vietstock.vn/H22-ctcp-dau-tu-va-phat-trien-nha-ha-noi-22.htm
4,Khác,NaN,HAA,Công ty TNHH Kiểm toán và Tư vấn Hàn Quốc,https://finance.vietstock.vn/HAA-cong-ty-tnhh-kiem-toan-va-tu-van-han-quoc.htm
3,OTC,Truyền thông và giải trí,HAB,CTCP Sách và Thiết bị Trường học Hà Nội,https://finance.vietstock.vn/HAB-ctcp-sach-va-thiet-bi-truong-hoc-ha-noi.htm
3,OTC,NaN,Habac,CTCP Cơ khí Xây dựng Số 2 Hà Bắc,https://finance.vietstock.vn/Habac-ctcp-co-khi-xay-dung-so-2-ha-bac.htm
3,OTC,NaN,HACO,CTCP Kiến Trúc Hà Nội,https://finance.vietstock.vn/HACO-ctcp-kien-truc-ha-noi.htm
3,OTC,NaN,HADIC,CTCP Tư vấn Đầu tư và Phát triển Bưu điện Hà Nội,https://finance.vietstock.vn/HADIC-ctcp-tu-van-dau-tu-va-phat-trien-buu-dien-ha-noi.htm
3,OTC,NaN,HAFIC,CTCP Tài chính Handico,https://finance.vietstock.vn/HAFIC-ctcp-tai-chinh-handico.htm
3,OTC,NaN,HaiAn,CTCP Đóng Tàu Hải An,https://finance.vietstock.vn/HaiAn-ctcp-dong-tau-hai-an.htm
3,OTC,NaN,Haicatex,CTCP Dệt Công nghiệp Hà Nội,https://finance.vietstock.vn/Haicatex-ctcp-det-cong-nghiep-ha-noi.htm
3,OTC,NaN,HaiChau,CTCP Bánh kẹo Hải Châu,https://finance.vietstock.vn/HaiChau-ctcp-banh-keo-hai-chau.htm
3,OTC,NaN,HaiPhongMarine,CTCP Đầu tư và Thương mại Hàng Hải Hải Phòng,https://finance.vietstock.vn/HaiPhongMarine-ctcp-dau-tu-va-thuong-mai-hang-hai-hai-phong.htm
3,OTC,NaN,HaiVanNam,CTCP Hải Vân Nam,https://finance.vietstock.vn/HaiVanNam-ctcp-hai-van-nam.htm
3,OTC,NaN,HAMC,CTCP Cơ khí Ô Tô Hòa Bình,https://finance.vietstock.vn/HAMC-ctcp-co-khi-o-to-hoa-binh.htm
3,OTC,NaN,Hanaka,CTCP Tập đoàn Hanaka,https://finance.vietstock.vn/Hanaka-ctcp-tap-doan-hanaka.htm
3,OTC,NaN,HaNamNinh,CTCP Lương thực Hà Nam Ninh,https://finance.vietstock.vn/HaNamNinh-ctcp-luong-thuc-ha-nam-ninh.htm
4,Khác,NaN,Haneco,Công ty TNHH MTV Xuất nhập khẩu và Thương mại Haneco,https://finance.vietstock.vn/Haneco-cong-ty-tnhh-mtv-xuat-nhap-khau-va-thuong-mai-haneco.htm
3,OTC,NaN,Hanexim,CTCP Xuất nhập khẩu Hà Anh,https://finance.vietstock.vn/Hanexim-ctcp-xuat-nhap-khau-ha-anh.htm
4,Khác,NaN,HANOIAC,Công ty TNHH Kiểm toán và Dịch vụ Tư vấn Hà Nội,https://finance.vietstock.vn/HANOIAC-cong-ty-tnhh-kiem-toan-va-dich-vu-tu-van-ha-noi.htm
3,OTC,NaN,HaNoiFood,CTCP Chế biến Kinh doanh Lương thực Thực phẩm Hà Nội,https://finance.vietstock.vn/HaNoiFood-ctcp-che-bien-kinh-doanh-luong-thuc-thuc-pham-ha-noi.htm
4,Khác,NaN,HaNoiFund,Quỹ đầu tư Chứng khoán Hà Nội,https://finance.vietstock.vn/HaNoiFund-quy-dau-tu-chung-khoan-ha-noi.htm
3,OTC,NaN,HaNoiNonNuoc,CTCP Đầu tư Du lịch Hà Nội Non Nước,https://finance.vietstock.vn/HaNoiNonNuoc-ctcp-dau-tu-du-lich-ha-noi-non-nuoc.htm
3,OTC,NaN,HaNoiOptic,CTCP Kính mắt Hà Nội,https://finance.vietstock.vn/HaNoiOptic-ctcp-kinh-mat-ha-noi.htm
3,OTC,NaN,HaNoiTD,CTCP Phát triển Thương mại Hà Nội,https://finance.vietstock.vn/HaNoiTD-ctcp-phat-trien-thuong-mai-ha-noi.htm
3,OTC,NaN,Hanosimex,CTCP Thương mại Hải Phòng - Hanosimex,https://finance.vietstock.vn/Hanosimex-ctcp-thuong-mai-hai-phong-hanosimex.htm
4,Khác,NaN,HANVIFA,Công ty TNHH Dịch vụ Tài chính và Kiểm toán Hàn Việt,https://finance.vietstock.vn/HANVIFA-cong-ty-tnhh-dich-vu-tai-chinh-va-kiem-toan-han-viet.htm
4,Khác,NaN,HanwhaLifeVN,Công ty TNHH Bảo hiểm nhân thọ Hanwha Life Việt Nam,https://finance.vietstock.vn/HanwhaLifeVN-cong-ty-tnhh-bao-hiem-nhan-tho-hanwha-life-viet-nam.htm
3,OTC,NaN,HAPHARCO,CTCP Dược phẩm Thiết bị Y tế Hà Nội,https://finance.vietstock.vn/HAPHARCO-ctcp-duoc-pham-thiet-bi-y-te-ha-noi.htm
3,OTC,NaN,Hapoco,CTCP Sứ Hải Dương,https://finance.vietstock.vn/Hapoco-ctcp-su-hai-duong.htm
4,Khác,NaN,Haprosimex,Công ty TNHH MTV Haprosimex,https://finance.vietstock.vn/Haprosimex-cong-ty-tnhh-mtv-haprosimex.htm
3,OTC,NaN,HapuIndus,CTCP Công nghiệp Hapulico,https://finance.vietstock.vn/HapuIndus-ctcp-cong-nghiep-hapulico.htm
3,OTC,NaN,HAPULICO,CTCP Đầu tư Bất động sản Hapulico,https://finance.vietstock.vn/HAPULICO-ctcp-dau-tu-bat-dong-san-hapulico.htm
3,OTC,NaN,HARATOUR,CTCP Dịch vụ Du lịch Đường sắt Hà Nội,https://finance.vietstock.vn/HARATOUR-ctcp-dich-vu-du-lich-duong-sat-ha-noi.htm
3,OTC,NaN,HARUTOUR,CTCP Du lịch Cao su Hàm Rồng,https://finance.vietstock.vn/HARUTOUR-ctcp-du-lich-cao-su-ham-rong.htm
3,OTC,NaN,HASCOM,CTCP Thép và Cơ khí Vật liệu Xây dựng Hải Phòng,https://finance.vietstock.vn/HASCOM-ctcp-thep-va-co-khi-vat-lieu-xay-dung-hai-phong.htm
4,Khác,NaN,HATEXCO,Công ty TNHH MTV Dệt 19/5 Hà Nội,https://finance.vietstock.vn/HATEXCO-cong-ty-tnhh-mtv-det-19-5-ha-noi.htm
4,Khác,NaN,HaThanhAudit,Công ty TNHH Kiểm toán và Tư vấn Hà Thành,https://finance.vietstock.vn/HaThanhAudit-cong-ty-tnhh-kiem-toan-va-tu-van-ha-thanh.htm
3,OTC,NaN,HaTienKienGiang,CTCP Xi măng Hà Tiên Kiên Giang,https://finance.vietstock.vn/HaTienKienGiang-ctcp-xi-mang-ha-tien-kien-giang.htm
3,OTC,NaN,HAW,Trung tâm Nước sạch và Vệ sinh môi trường nông thôn,https://finance.vietstock.vn/HAW-trung-tam-nuoc-sach-va-ve-sinh-moi-truong-nong-thon.htm
4,Khác,Tổ chức tín dụng,HBB,Ngân hàng TMCP Nhà Hà Nội,https://finance.vietstock.vn/HBB-ngan-hang-tmcp-nha-ha-noi.htm
3,OTC,Truyền thông và giải trí,HBE,CTCP Sách thiết bị Trường học Hà Tĩnh,https://finance.vietstock.vn/HBE-ctcp-sach-thiet-bi-truong-hoc-ha-tinh.htm
3,OTC,Phát triển và quản lý bất động sản,HBI,CTCP HBI,https://finance.vietstock.vn/HBI-ctcp-hbi.htm
3,OTC,Dịch vụ tiện ích,HBW,CTCP Nước sạch Hòa Bình,https://finance.vietstock.vn/HBW-ctcp-nuoc-sach-hoa-binh.htm
3,OTC,Vận tải,HCS,CTCP Thông tin Tín hiệu Đường sắt Hà Nội,https://finance.vietstock.vn/HCS-ctcp-thong-tin-tin-hieu-duong-sat-ha-noi.htm
3,OTC,Phát triển và quản lý bất động sản,HD3,CTCP Đầu tư phát triển Nhà và Đô thị MHDI3,https://finance.vietstock.vn/HD3-ctcp-dau-tu-phat-trien-nha-va-do-thi-mhdi3.htm
3,OTC,NaN,HDBS,CTCP Chứng khoán HD,https://finance.vietstock.vn/HDBS-ctcp-chung-khoan-hd.htm
3,OTC,NaN,HDCC1,CTCP Xây dựng Số 1 Hải Dương,https://finance.vietstock.vn/HDCC1-ctcp-xay-dung-so-1-hai-duong.htm
3,OTC,NaN,HDLinvest,CTCP Thương mại và Đầu tư HDL,https://finance.vietstock.vn/HDLinvest-ctcp-thuong-mai-va-dau-tu-hdl.htm
4,Khác,NaN,HDSAISON,Công ty Tài chính TNHH HD Saison,https://finance.vietstock.vn/HDSAISON-cong-ty-tai-chinh-tnhh-hd-saison.htm
4,Khác,NaN,HDTAudit,Công ty TNHH Kiểm toán HDT Việt Nam,https://finance.vietstock.vn/HDTAudit-cong-ty-tnhh-kiem-toan-hdt-viet-nam.htm
3,OTC,NaN,Heco,CTCP Tư vấn Thiết kế Đường bộ,https://finance.vietstock.vn/Heco-ctcp-tu-van-thiet-ke-duong-bo.htm
3,OTC,Tư liệu sản xuất,HEM,CTCP Chế tạo Điện Cơ Hà Nội,https://finance.vietstock.vn/HEM-ctcp-che-tao-dien-co-ha-noi.htm
3,OTC,NaN,Hemco,CTCP Học liệu Giáo dục Hà Nội,https://finance.vietstock.vn/Hemco-ctcp-hoc-lieu-giao-duc-ha-noi.htm
4,Khác,NaN,HFIC,Công ty Đầu tư Tài chính Nhà nước Thành phố Hồ Chí Minh,https://finance.vietstock.vn/HFIC-cong-ty-dau-tu-tai-chinh-nha-nuoc-thanh-pho-ho-chi-minh.htm
3,OTC,Hàng tiêu dùng và trang trí,HFS,CTCP Thương mại Dịch vụ Thời trang Hà Nội,https://finance.vietstock.vn/HFS-ctcp-thuong-mai-dich-vu-thoi-trang-ha-noi.htm
3,OTC,Dịch vụ tài chính,HFT,CTCP Chứng khoán Pinetree,https://finance.vietstock.vn/HFT-ctcp-chung-khoan-pinetree.htm
3,OTC,Dịch vụ chuyên biệt và thương mại,HGA,Trung tâm Giống Nông nghiệp tỉnh Hậu Giang,https://finance.vietstock.vn/HGA-trung-tam-giong-nong-nghiep-tinh-hau-giang.htm
3,OTC,Dịch vụ chuyên biệt và thương mại,HGC,Trung tâm Quy hoạch - Kiến trúc tỉnh Hậu Giang,https://finance.vietstock.vn/HGC-trung-tam-quy-hoach-kien-truc-tinh-hau-giang.htm
3,OTC,NaN,HGR,CTCP Tài nguyên và Môi trường Hậu Giang,https://finance.vietstock.vn/HGR-ctcp-tai-nguyen-va-moi-truong-hau-giang.htm
3,OTC,Dịch vụ tiện ích,HGW,CTCP Cấp thoát nước - Công trình Đô thị Hậu Giang,https://finance.vietstock.vn/HGW-ctcp-cap-thoat-nuoc-cong-trinh-do-thi-hau-giang.htm
3,OTC,Hàng tiêu dùng và trang trí,HHA,CTCP Văn phòng phẩm Hồng Hà,https://finance.vietstock.vn/HHA-ctcp-van-phong-pham-hong-ha.htm
3,OTC,NaN,HHD,CTCP Kinh doanh Phát triển Nhà và Đô thị Hà Nội,https://finance.vietstock.vn/HHD-ctcp-kinh-doanh-phat-trien-nha-va-do-thi-ha-noi.htm
3,OTC,Tư liệu sản xuất,HHL,CTCP Hồng Hà Long An,https://finance.vietstock.vn/HHL-ctcp-hong-ha-long-an.htm
3,OTC,Tư liệu sản xuất,HHR,CTCP Đường sắt Hà Hải,https://finance.vietstock.vn/HHR-ctcp-duong-sat-ha-hai.htm
3,OTC,NaN,HIC,CTCP Đầu tư và Xây dựng Số 1 Hà Nội,https://finance.vietstock.vn/HIC-ctcp-dau-tu-va-xay-dung-so-1-ha-noi.htm
3,OTC,NaN,Hidico,CTCP Đầu tư Phát triển Nhà và Khu công nghiệp Đồng Tháp,https://finance.vietstock.vn/Hidico-ctcp-dau-tu-phat-trien-nha-va-khu-cong-nghiep-dong-thap.htm
4,Khác,NaN,HienLongAudit,Công ty TNHH Kiểm toán Tư vấn Hiển Long,https://finance.vietstock.vn/HienLongAudit-cong-ty-tnhh-kiem-toan-tu-van-hien-long.htm
4,Khác,NaN,HiepPhuoc,Công Ty TNHH Thương mại Dịch vụ In Ấn Hiệp Phước,https://finance.vietstock.vn/HiepPhuoc-cong-ty-tnhh-thuong-mai-dich-vu-in-an-hiep-phuoc.htm
3,OTC,NaN,HiepThanh,CTCP Hiệp Thành,https://finance.vietstock.vn/HiepThanh-ctcp-hiep-thanh.htm
3,OTC,NaN,HimLam,CTCP Him Lam,https://finance.vietstock.vn/HimLam-ctcp-him-lam.htm
3,OTC,NaN,HIS,CTCP Đầu tư và Kinh doanh Thương mại Vinaconex,https://finance.vietstock.vn/HIS-ctcp-dau-tu-va-kinh-doanh-thuong-mai-vinaconex.htm
3,OTC,Phát triển và quản lý bất động sản,HIZ,CTCP Khu Công nghiệp Hố Nai,https://finance.vietstock.vn/HIZ-ctcp-khu-cong-nghiep-ho-nai.htm
3,OTC,Hàng tiêu dùng và trang trí,HKC,CTCP Dệt kim Hà Nội,https://finance.vietstock.vn/HKC-ctcp-det-kim-ha-noi.htm
3,OTC,Nguyên vật liệu,HKP,CTCP Bao bì Hà Tiên,https://finance.vietstock.vn/HKP-ctcp-bao-bi-ha-tien.htm
3,OTC,Tư liệu sản xuất,HLE,CTCP Điện Chiếu sáng Hải Phòng,https://finance.vietstock.vn/HLE-ctcp-dien-chieu-sang-hai-phong.htm
3,OTC,"Thực phẩm, đồ uống và thuốc lá",HLG,CTCP Tập đoàn Hoàng Long,https://finance.vietstock.vn/HLG-ctcp-tap-doan-hoang-long.htm
3,OTC,Vận tải,HLR,CTCP Đường sắt Hà Lạng,https://finance.vietstock.vn/HLR-ctcp-duong-sat-ha-lang.htm
3,OTC,NaN,HN184,CTCP 18-4 Hà Nội,https://finance.vietstock.vn/HN184-ctcp-18-4-ha-noi.htm
3,OTC,NaN,HNC,CTCP Xi măng Hữu Nghị,https://finance.vietstock.vn/HNC-ctcp-xi-mang-huu-nghi.htm
3,OTC,Phân phối và bán lẻ hàng lâu bền,HNE,CTCP Hanel,https://finance.vietstock.vn/HNE-ctcp-hanel.htm
3,OTC,NaN,HNInvest,CTCP Đầu tư Bất động sản Hà Nội,https://finance.vietstock.vn/HNInvest-ctcp-dau-tu-bat-dong-san-ha-noi.htm
3,OTC,Vận tải,HNT,CTCP Xe điện Hà Nội,https://finance.vietstock.vn/HNT-ctcp-xe-dien-ha-noi.htm
4,Khác,NaN,HNX,Sở Giao dịch Chứng khoán Hà Nội,https://finance.vietstock.vn/HNX-so-giao-dich-chung-khoan-ha-noi.htm
3,OTC,NaN,HoaBinh,CTCP Hòa Bình,https://finance.vietstock.vn/HoaBinh-ctcp-hoa-binh.htm
3,OTC,NaN,HoaChat,CTCP Hóa Chất,https://finance.vietstock.vn/HoaChat-ctcp-hoa-chat.htm
3,OTC,NaN,HoaChatCanTho,CTCP Phân bón và Hóa chất Cần Thơ,https://finance.vietstock.vn/HoaChatCanTho-ctcp-phan-bon-va-hoa-chat-can-tho.htm
3,OTC,NaN,Hoachatmiennam,CTCP Hóa chất Miền Nam,https://finance.vietstock.vn/Hoachatmiennam-ctcp-hoa-chat-mien-nam.htm
3,OTC,NaN,HoaChatViSinh,CTCP Công nghiệp Hóa chất và Vi sinh,https://finance.vietstock.vn/HoaChatViSinh-ctcp-cong-nghiep-hoa-chat-va-vi-sinh.htm
3,OTC,NaN,HoaDuocVN,CTCP Hóa dược Việt Nam,https://finance.vietstock.vn/HoaDuocVN-ctcp-hoa-duoc-viet-nam.htm
3,OTC,NaN,HoaMinhDuc,CTCP Hóa chất Minh Đức,https://finance.vietstock.vn/HoaMinhDuc-ctcp-hoa-chat-minh-duc.htm
4,Khác,NaN,HoangGiaSCCT,Công ty TNHH Tư vấn Luật và Kiểm toán Hoàng Gia - SCCT,https://finance.vietstock.vn/HoangGiaSCCT-cong-ty-tnhh-tu-van-luat-va-kiem-toan-hoang-gia-scct.htm
3,OTC,NaN,HoangHac,CTCP Hoàng Hạc,https://finance.vietstock.vn/HoangHac-ctcp-hoang-hac.htm
3,OTC,NaN,HoangLongAn,CTCP Hoàng Long Long An,https://finance.vietstock.vn/HoangLongAn-ctcp-hoang-long-long-an.htm
4,Khác,NaN,HoangThang,Công ty TNHH Hoàng & Thắng,https://finance.vietstock.vn/HoangThang-cong-ty-tnhh-hoang-thang.htm
3,OTC,NaN,HoBon,CTCP Thủy điện Hồ Bốn,https://finance.vietstock.vn/HoBon-ctcp-thuy-dien-ho-bon.htm
4,Khác,NaN,HOMECREDIT,Công ty Tài chính TNHH MTV Home Credit Việt Nam,https://finance.vietstock.vn/HOMECREDIT-cong-ty-tai-chinh-tnhh-mtv-home-credit-viet-nam.htm
3,OTC,NaN,Honeyboy,CTCP Honeyboy,https://finance.vietstock.vn/Honeyboy-ctcp-honeyboy.htm
4,Khác,NaN,HongDuc,Công ty TNHH Kiểm toán và Tư vấn Tài chính Kinh tế Hồng Đức,https://finance.vietstock.vn/HongDuc-cong-ty-tnhh-kiem-toan-va-tu-van-tai-chinh-kinh-te-hong-duc.htm
4,Khác,NaN,HongHaAudit,Công ty TNHH Kiểm toán Hồng Hà,https://finance.vietstock.vn/HongHaAudit-cong-ty-tnhh-kiem-toan-hong-ha.htm
3,OTC,NaN,HongHaInvest,CTCP Đầu tư và Phát triển Hồng Hà,https://finance.vietstock.vn/HongHaInvest-ctcp-dau-tu-va-phat-trien-hong-ha.htm
4,Khác,NaN,HongLeong,Ngân hàng TNHH MTV Hong Leong Việt Nam,https://finance.vietstock.vn/HongLeong-ngan-hang-tnhh-mtv-hong-leong-viet-nam.htm
3,OTC,NaN,HongNam,CTCP Cơ khí Hồng Nam,https://finance.vietstock.vn/HongNam-ctcp-co-khi-hong-nam.htm
3,OTC,NaN,HOPACO,CTCP Giấy Hoàng Văn Thụ,https://finance.vietstock.vn/HOPACO-ctcp-giay-hoang-van-thu.htm
3,OTC,NaN,HopNhat,CTCP Hợp Nhất Việt Nam,https://finance.vietstock.vn/HopNhat-ctcp-hop-nhat-viet-nam.htm
3,OTC,NaN,HopThinh,CTCP Viglacera Hợp Thịnh,https://finance.vietstock.vn/HopThinh-ctcp-viglacera-hop-thinh.htm
4,Khác,NaN,HOSE,Sở Giao dịch Chứng khoán Thành phố Hồ Chí Minh,https://finance.vietstock.vn/HOSE-so-giao-dich-chung-khoan-thanh-pho-ho-chi-minh.htm
3,OTC,NaN,HPA,CTCP Thủy tinh Hưng Phú,https://finance.vietstock.vn/HPA-ctcp-thuy-tinh-hung-phu.htm
4,Khác,NaN,HPAuditing,Công ty TNHH Kiểm toán và Tư vấn Tài chính Kế toán HP,https://finance.vietstock.vn/HPAuditing-cong-ty-tnhh-kiem-toan-va-tu-van-tai-chinh-ke-toan-hp.htm
3,OTC,NaN,HPE,CTCP Điện tử Chuyên dụng Hanel,https://finance.vietstock.vn/HPE-ctcp-dien-tu-chuyen-dung-hanel.htm
4,Khác,NaN,HPHoatHinhVN,Công ty TNHH MTV Hãng phim Hoạt hình Việt Nam,https://finance.vietstock.vn/HPHoatHinhVN-cong-ty-tnhh-mtv-hang-phim-hoat-hinh-viet-nam.htm
3,OTC,Vận tải,HPL,CTCP Bến xe Tàu Phà Cần Thơ,https://finance.vietstock.vn/HPL-ctcp-ben-xe-tau-pha-can-tho.htm
3,OTC,Phát triển và quản lý bất động sản,HPR,CTCP Đầu tư Xây dựng Hồng Phát,https://finance.vietstock.vn/HPR-ctcp-dau-tu-xay-dung-hong-phat.htm
3,OTC,NaN,HPRAILCO,CTCP Toa xe Hải Phòng,https://finance.vietstock.vn/HPRAILCO-ctcp-toa-xe-hai-phong.htm
3,OTC,Nguyên vật liệu,HPS,CTCP Đá Xây dựng Hòa Phát,https://finance.vietstock.vn/HPS-ctcp-da-xay-dung-hoa-phat.htm
3,OTC,NaN,HPTourism,CTCP Du lịch Hải Phòng,https://finance.vietstock.vn/HPTourism-ctcp-du-lich-hai-phong.htm
3,OTC,Hàng tiêu dùng và trang trí,HPU,CTCP 28 Hưng Phú,https://finance.vietstock.vn/HPU-ctcp-28-hung-phu.htm
3,OTC,NaN,HQM,CTCP Tư vấn Thương mại Dịch vụ Địa Ốc Hoàng Quân Mê Kông,https://finance.vietstock.vn/HQM-ctcp-tu-van-thuong-mai-dich-vu-dia-oc-hoang-quan-me-kong.htm
3,OTC,Hàng tiêu dùng và trang trí,HRG,CTCP Cao su Hà Nội,https://finance.vietstock.vn/HRG-ctcp-cao-su-ha-noi.htm
3,OTC,NaN,HRS,CTCP Chứng khoán SmartMind,https://finance.vietstock.vn/HRS-ctcp-chung-khoan-smartmind.htm
4,Khác,NaN,HSAC,Công ty TNHH Kiểm toán và Tư vấn Hoàng Sao,https://finance.vietstock.vn/HSAC-cong-ty-tnhh-kiem-toan-va-tu-van-hoang-sao.htm
4,Khác,NaN,HSBC,Ngân hàng TNHH MTV HSBC (Việt Nam),https://finance.vietstock.vn/HSBC-ngan-hang-tnhh-mtv-hsbc-viet-nam.htm
3,OTC,Dịch vụ tiêu dùng,HSC,CTCP Hacinco,https://finance.vietstock.vn/HSC-ctcp-hacinco.htm
4,Khác,NaN,HSKAudit,Công ty TNHH Kiểm toán HSK Việt Nam,https://finance.vietstock.vn/HSKAudit-cong-ty-tnhh-kiem-toan-hsk-viet-nam.htm
3,OTC,NaN,HSSC,CTCP Chứng khoán Hà Nội,https://finance.vietstock.vn/HSSC-ctcp-chung-khoan-ha-noi.htm
3,OTC,Truyền thông và giải trí,HST,CTCP Phát hành sách và Thiết bị Trường học Hưng Yên,https://finance.vietstock.vn/HST-ctcp-phat-hanh-sach-va-thiet-bi-truong-hoc-hung-yen.htm
3,OTC,Nguyên vật liệu,HT2,CTCP Xi măng Hà Tiên 2,https://finance.vietstock.vn/HT2-ctcp-xi-mang-ha-tien-2.htm
3,OTC,Tư liệu sản xuất,HTB,CTCP Xây dựng Huy Thắng,https://finance.vietstock.vn/HTB-ctcp-xay-dung-huy-thang.htm
3,OTC,NaN,HTCJC2,CTCP Công trình Giao thông 2 Hà Nội,https://finance.vietstock.vn/HTCJC2-ctcp-cong-trinh-giao-thong-2-ha-noi.htm
3,OTC,Vận tải,HTH,CTCP Hoa tiêu hàng hải - TKV,https://finance.vietstock.vn/HTH-ctcp-hoa-tieu-hang-hai-tkv.htm
3,OTC,Vận tải,HTK,CTCP Đăng kiểm xe cơ giới Hải Dương,https://finance.vietstock.vn/HTK-ctcp-dang-kiem-xe-co-gioi-hai-duong.htm
3,OTC,Vận tải,HTR,CTCP Đường sắt Hà Thái,https://finance.vietstock.vn/HTR-ctcp-duong-sat-ha-thai.htm
3,OTC,NaN,HTS,CTCP Thép Hương Thịnh,https://finance.vietstock.vn/HTS-ctcp-thep-huong-thinh.htm
3,OTC,Dịch vụ chuyên biệt và thương mại,HTU,CTCP Môi trường và Công trình đô thị Hà Tĩnh ,https://finance.vietstock.vn/HTU-ctcp-moi-truong-va-cong-trinh-do-thi-ha-tinh.htm
3,OTC,Dịch vụ tiện ích,HTW,CTCP Cấp nước Hà Tĩnh,https://finance.vietstock.vn/HTW-ctcp-cap-nuoc-ha-tinh.htm
4,Khác,NaN,HUD,Tổng Công ty Đầu tư Phát triển Nhà và Đô Thị,https://finance.vietstock.vn/HUD-tong-cong-ty-dau-tu-phat-trien-nha-va-do-thi.htm
3,OTC,NaN,Hudeco,CTCP Đầu tư và Phát triển Giáo dục HUDECO,https://finance.vietstock.vn/Hudeco-ctcp-dau-tu-va-phat-trien-giao-duc-hudeco.htm
4,Khác,NaN,HUDKienGiang,Công ty TNHH Đầu tư và Phát triển Nhà Kiên Giang,https://finance.vietstock.vn/HUDKienGiang-cong-ty-tnhh-dau-tu-va-phat-trien-nha-kien-giang.htm
3,OTC,NaN,Humic,CTCP Phân hữu cơ HUMIC Quảng Ngãi,https://finance.vietstock.vn/Humic-ctcp-phan-huu-co-humic-quang-ngai.htm
3,OTC,NaN,HungPhu,CTCP Hưng Phú,https://finance.vietstock.vn/HungPhu-ctcp-hung-phu.htm
3,OTC,NaN,HuongGiangCIC,CTCP Tư vấn Đầu tư và Xây dựng Hương Giang,https://finance.vietstock.vn/HuongGiangCIC-ctcp-tu-van-dau-tu-va-xay-dung-huong-giang.htm
3,OTC,NaN,HUTIC,CTCP Xây lắp Bưu điện Huế,https://finance.vietstock.vn/HUTIC-ctcp-xay-lap-buu-dien-hue.htm
3,OTC,NaN,HuuNghiDaNang,CTCP Sản xuất Thương mại Hữu Nghị Đà Nẵng,https://finance.vietstock.vn/HuuNghiDaNang-ctcp-san-xuat-thuong-mai-huu-nghi-da-nang.htm
3,OTC,NaN,HuuNghiNgheAn,CTCP Hữu Nghị Nghệ An,https://finance.vietstock.vn/HuuNghiNgheAn-ctcp-huu-nghi-nghe-an.htm
3,OTC,NaN,HuuToan,CTCP Hữu Toàn,https://finance.vietstock.vn/HuuToan-ctcp-huu-toan.htm
3,OTC,Nguyên vật liệu,HUX,CTCP Khoáng sản Thừa Thiên Huế,https://finance.vietstock.vn/HUX-ctcp-khoang-san-thua-thien-hue.htm
4,Khác,NaN,HVAC,Công ty TNHH Kiểm toán Hùng Vương,https://finance.vietstock.vn/HVAC-cong-ty-tnhh-kiem-toan-hung-vuong.htm
3,OTC,NaN,HVB,CTCP Bảo hiểm Hùng Vương,https://finance.vietstock.vn/HVB-ctcp-bao-hiem-hung-vuong.htm
3,OTC,Nguyên vật liệu,HVC,CTCP Hưng Vượng,https://finance.vietstock.vn/HVC-ctcp-hung-vuong.htm
3,OTC,NaN,HVCapital,Công Ty TNHH Quản Lý Quỹ KIM Việt Nam,https://finance.vietstock.vn/HVCapital-cong-ty-tnhh-quan-ly-quy-kim-viet-nam.htm
3,OTC,NaN,HVS,CTCP Chứng khoán HVS Việt Nam,https://finance.vietstock.vn/HVS-ctcp-chung-khoan-hvs-viet-nam.htm
3,OTC,Tư liệu sản xuất,I10,CTCP Đầu tư Xây dựng Số 10 IDICO,https://finance.vietstock.vn/I10-ctcp-dau-tu-xay-dung-so-10-idico.htm
4,Khác,NaN,IACAudit,Công ty TNHH Kiểm toán Tư vấn Độc Lập,https://finance.vietstock.vn/IACAudit-cong-ty-tnhh-kiem-toan-tu-van-doc-lap.htm
3,OTC,NaN,IBFM,CTCP Quản lý Quỹ Đầu Tư Đỏ,https://finance.vietstock.vn/IBFM-ctcp-quan-ly-quy-dau-tu-do.htm
3,OTC,Truyền thông và giải trí,IBN,CTCP In Báo Nghệ An,https://finance.vietstock.vn/IBN-ctcp-in-bao-nghe-an.htm
3,OTC,NaN,ICJC,CTCP Đầu tư Xây lắp Thương mại 1,https://finance.vietstock.vn/ICJC-ctcp-dau-tu-xay-lap-thuong-mai-1.htm
3,OTC,NaN,ICL,CTCP Xuất nhập khẩu Vĩnh Long,https://finance.vietstock.vn/ICL-ctcp-xuat-nhap-khau-vinh-long.htm
3,OTC,NaN,ICPC,CTCP Hàng Gia dụng Quốc tế,https://finance.vietstock.vn/ICPC-ctcp-hang-gia-dung-quoc-te.htm
3,OTC,NaN,IDICOICT,CTCP Đầu Tư Xây dựng và Du lịch IDICO,https://finance.vietstock.vn/IDICOICT-ctcp-dau-tu-xay-dung-va-du-lich-idico.htm
3,OTC,Dịch vụ chuyên biệt và thương mại,IDN,CTCP In và Dịch vụ Đà Nẵng,https://finance.vietstock.vn/IDN-ctcp-in-va-dich-vu-da-nang.htm
3,OTC,NaN,IDPCo,CTCP I.D.P,https://finance.vietstock.vn/IDPCo-ctcp-i-d-p.htm
3,OTC,NaN,IETC,CTCP Kinh doanh Thiết bị Công Nghiệp,https://finance.vietstock.vn/IETC-ctcp-kinh-doanh-thiet-bi-cong-nghiep.htm
3,OTC,Phân phối và bán lẻ hàng lâu bền,IFC,CTCP Thực phẩm Công nghệ Sài Gòn,https://finance.vietstock.vn/IFC-ctcp-thuc-pham-cong-nghe-sai-gon.htm
4,Khác,NaN,IFCVietNam,Công ty TNHH Kiểm toán và Tư vấn Tài chính Quốc tế,https://finance.vietstock.vn/IFCVietNam-cong-ty-tnhh-kiem-toan-va-tu-van-tai-chinh-quoc-te.htm
3,OTC,NaN,IFMC,CTCP Quản lý Quỹ Quốc tế,https://finance.vietstock.vn/IFMC-ctcp-quan-ly-quy-quoc-te.htm
4,Khác,NaN,IGL,Công ty TNHH Kiểm toán IGL,https://finance.vietstock.vn/IGL-cong-ty-tnhh-kiem-toan-igl.htm
3,OTC,Dịch vụ chuyên biệt và thương mại,IKH,CTCP In Khoa học Kỹ thuật,https://finance.vietstock.vn/IKH-ctcp-in-khoa-hoc-ky-thuat.htm
3,OTC,NaN,IMEXBINHDINH,CTCP Xuất nhập khẩu Bình Định,https://finance.vietstock.vn/IMEXBINHDINH-ctcp-xuat-nhap-khau-binh-dinh.htm
4,Khác,NaN,IMMA,Công ty TNHH Kiểm toán IMMANUEL,https://finance.vietstock.vn/IMMA-cong-ty-tnhh-kiem-toan-immanuel.htm
3,OTC,Phân phối và bán lẻ hàng lâu bền,IMT,CTCP Xuất nhập khẩu Tổng hợp và Đầu tư Thành phố Hồ Chí Minh,https://finance.vietstock.vn/IMT-ctcp-xuat-nhap-khau-tong-hop-va-dau-tu-thanh-pho-ho-chi-minh.htm
3,OTC,NaN,Inconess,CTCP Dịch vụ Hỗ trợ Doanh nghiệp và Tư vấn Đầu tư,https://finance.vietstock.vn/Inconess-ctcp-dich-vu-ho-tro-doanh-nghiep-va-tu-van-dau-tu.htm
3,OTC,NaN,Indeco,CTCP Phát triển Hạ tầng Khu Công nghiệp Tây Ninh,https://finance.vietstock.vn/Indeco-ctcp-phat-trien-ha-tang-khu-cong-nghiep-tay-ninh.htm
4,Khác,NaN,Indovinabank,Ngân hàng TNHH Indovina,https://finance.vietstock.vn/Indovinabank-ngan-hang-tnhh-indovina.htm
4,Khác,NaN,INEXIM,CTCP Xuất nhập khẩu Hàng Công nghiệp,https://finance.vietstock.vn/INEXIM-ctcp-xuat-nhap-khau-hang-cong-nghiep.htm
3,OTC,NaN,IneximDaklak,CTCP Đầu tư Xuất nhập khẩu Đăklăk,https://finance.vietstock.vn/IneximDaklak-ctcp-dau-tu-xuat-nhap-khau-daklak.htm
3,OTC,NaN,InPhucYen,CTCP In Phúc Yên,https://finance.vietstock.vn/InPhucYen-ctcp-in-phuc-yen.htm
3,OTC,NaN,InSaiGon,CTCP Thương mại Dịch vụ Quảng Cáo In Sài Gòn,https://finance.vietstock.vn/InSaiGon-ctcp-thuong-mai-dich-vu-quang-cao-in-sai-gon.htm
3,OTC,NaN,InSo7,CTCP In Số 7,https://finance.vietstock.vn/InSo7-ctcp-in-so-7.htm
3,OTC,NaN,InTaiChinh,CTCP In Tài chính,https://finance.vietstock.vn/InTaiChinh-ctcp-in-tai-chinh.htm
3,OTC,NaN,InThongNhat,CTCP In và Thương mại Thống Nhất,https://finance.vietstock.vn/InThongNhat-ctcp-in-va-thuong-mai-thong-nhat.htm
3,OTC,NaN,InTienGiang,CTCP In Tiền Giang,https://finance.vietstock.vn/InTienGiang-ctcp-in-tien-giang.htm
3,OTC,NaN,Intimex,CTCP Tập đoàn Intimex,https://finance.vietstock.vn/Intimex-ctcp-tap-doan-intimex.htm
3,OTC,NaN,Intimexco,CTCP Intimex Việt Nam,https://finance.vietstock.vn/Intimexco-ctcp-intimex-viet-nam.htm
3,OTC,NaN,InTranPhu,CTCP In Trần Phú,https://finance.vietstock.vn/InTranPhu-ctcp-in-tran-phu.htm
3,OTC,NaN,InVanHoaPham,CTCP In và Văn Hóa Phẩm,https://finance.vietstock.vn/InVanHoaPham-ctcp-in-va-van-hoa-pham.htm
3,OTC,NaN,INVESTCOM,CTCP Đầu tư Investcom,https://finance.vietstock.vn/INVESTCOM-ctcp-dau-tu-investcom.htm
3,OTC,NaN,INVESTREAL,CTCP Đầu tư và Kinh doanh Bất động sản,https://finance.vietstock.vn/INVESTREAL-ctcp-dau-tu-va-kinh-doanh-bat-dong-san.htm
4,Khác,NaN,IPAM,Công ty TNHH MTV Quản lý Quỹ đầu tư Chứng khoán I.P.A,https://finance.vietstock.vn/IPAM-cong-ty-tnhh-mtv-quan-ly-quy-dau-tu-chung-khoan-i-p-a.htm
4,Khác,NaN,IPC,Công ty TNHH MTV Phát triển Công nghiệp Tân Thuận,https://finance.vietstock.vn/IPC-cong-ty-tnhh-mtv-phat-trien-cong-nghiep-tan-thuan.htm
3,OTC,Dịch vụ chuyên biệt và thương mại,IPH,CTCP In và Phát hành biểu mẫu Thống kê,https://finance.vietstock.vn/IPH-ctcp-in-va-phat-hanh-bieu-mau-thong-ke.htm
3,OTC,NaN,IRS,CTCP Chứng khoán Quốc tế Hoàng Gia,https://finance.vietstock.vn/IRS-ctcp-chung-khoan-quoc-te-hoang-gia.htm
3,OTC,NaN,ISC,CTCP Chứng khoán Công nghiệp Việt Nam,https://finance.vietstock.vn/ISC-ctcp-chung-khoan-cong-nghiep-viet-nam.htm
4,Khác,NaN,ITOAudit,Công ty TNHH Kiểm toán I.T.O,https://finance.vietstock.vn/ITOAudit-cong-ty-tnhh-kiem-toan-i-t-o.htm
3,OTC,NaN,IVAM,CTCP Quản lý Quỹ Trí tuệ Việt Nam,https://finance.vietstock.vn/IVAM-ctcp-quan-ly-quy-tri-tue-viet-nam.htm
3,OTC,NaN,JBC5,CTCP Vật liệu Xây dựng và Xây lắp Số 5,https://finance.vietstock.vn/JBC5-ctcp-vat-lieu-xay-dung-va-xay-lap-so-5.htm
4,Khác,NaN,JIVF,Công ty Tài chính TNHH MTV Quốc tế Việt Nam JACCS,https://finance.vietstock.vn/JIVF-cong-ty-tai-chinh-tnhh-mtv-quoc-te-viet-nam-jaccs.htm
4,Khác,NaN,JPMorgan,Ngân hàng JP Morgan Chase N.A Chi Nhánh Thành phố Hồ Chí Minh,https://finance.vietstock.vn/JPMorgan-ngan-hang-jp-morgan-chase-n-a-chi-nhanh-thanh-pho-ho-chi-minh.htm
3,OTC,Tư liệu sản xuất,JSC,CTCP Đầu tư và Xây dựng Cầu đường Hà Nội,https://finance.vietstock.vn/JSC-ctcp-dau-tu-va-xay-dung-cau-duong-ha-noi.htm
3,OTC,NaN,JSI,Công ty TNHH Chứng khoán Nhật Bản,https://finance.vietstock.vn/JSI-cong-ty-tnhh-chung-khoan-nhat-ban.htm
3,OTC,NaN,KAFI,CTCP Chứng khoán KAFI,https://finance.vietstock.vn/KAFI-ctcp-chung-khoan-kafi.htm
3,OTC,NaN,KAL,CTCP Nhôm Khánh Hoà,https://finance.vietstock.vn/KAL-ctcp-nhom-khanh-hoa.htm
3,OTC,NaN,KASJSC,CTCP Xây lắp và Dịch vụ Bưu điện Kiên Giang,https://finance.vietstock.vn/KASJSC-ctcp-xay-lap-va-dich-vu-buu-dien-kien-giang.htm
3,OTC,Truyền thông và giải trí,KBE,CTCP Sách Thiết bị Trường học Kiên Giang,https://finance.vietstock.vn/KBE-ctcp-sach-thiet-bi-truong-hoc-kien-giang.htm
3,OTC,Nguyên vật liệu,KBT,CTCP Gạch ngói Kiên Giang,https://finance.vietstock.vn/KBT-ctcp-gach-ngoi-kien-giang.htm
4,Khác,NaN,KCNBacGiang,Công ty Phát triển Hạ tầng Khu Công nghiệp Bắc Giang,https://finance.vietstock.vn/KCNBacGiang-cong-ty-phat-trien-ha-tang-khu-cong-nghiep-bac-giang.htm
4,Khác,"Thực phẩm, đồ uống và thuốc lá",KDF,CTCP Thực phẩm Đông lạnh KIDO,https://finance.vietstock.vn/KDF-ctcp-thuc-pham-dong-lanh-kido.htm
3,OTC,NaN,KGTICJC,CTCP Xây dựng Giao thông Thuỷ Lợi Kiên Giang,https://finance.vietstock.vn/KGTICJC-ctcp-xay-dung-giao-thong-thuy-loi-kien-giang.htm
3,OTC,Dịch vụ tiện ích,KGU,CTCP Phát triển Đô thị Kiên Giang,https://finance.vietstock.vn/KGU-ctcp-phat-trien-do-thi-kien-giang.htm
3,OTC,Phát triển và quản lý bất động sản,KHA,CTCP Đầu tư và Dịch vụ Khánh Hội,https://finance.vietstock.vn/KHA-ctcp-dau-tu-va-dich-vu-khanh-hoi.htm
4,Khác,NaN,KHAFEED,Công ty TNHH MTV Thức ăn Chăn nuôi Khatoco,https://finance.vietstock.vn/KHAFEED-cong-ty-tnhh-mtv-thuc-an-chan-nuoi-khatoco.htm
3,OTC,NaN,Khaithacda,CTCP Khai Thác Đá Thừa Thiên Huế,https://finance.vietstock.vn/Khaithacda-ctcp-khai-thac-da-thua-thien-hue.htm
3,OTC,NaN,KhanhTan,CTCP Khánh Tân,https://finance.vietstock.vn/KhanhTan-ctcp-khanh-tan.htm
3,OTC,NaN,KHATOCO,CTCP In Bao bì Khatoco,https://finance.vietstock.vn/KHATOCO-ctcp-in-bao-bi-khatoco.htm
3,OTC,Nguyên vật liệu,KHB,CTCP Khoáng sản Hòa Bình,https://finance.vietstock.vn/KHB-ctcp-khoang-san-hoa-binh.htm
3,OTC,NaN,KHOANGSAN4,CTCP Phát triển Khoáng sản 4,https://finance.vietstock.vn/KHOANGSAN4-ctcp-phat-trien-khoang-san-4.htm
3,OTC,NaN,KhoangSanPhuYen,CTCP Khoáng sản Phú Yên,https://finance.vietstock.vn/KhoangSanPhuYen-ctcp-khoang-san-phu-yen.htm
3,OTC,NaN,KhoangSanSongDa,CTCP Khai Thác và Chế Biến Khoáng Sản Sông Đà,https://finance.vietstock.vn/KhoangSanSongDa-ctcp-khai-thac-va-che-bien-khoang-san-song-da.htm
3,OTC,NaN,KhoaVietTiep,CTCP Khóa Việt - Tiệp,https://finance.vietstock.vn/KhoaVietTiep-ctcp-khoa-viet-tiep.htm
3,OTC,NaN,Kido,CTCP KIDO,https://finance.vietstock.vn/Kido-ctcp-kido.htm
3,OTC,NaN,KiemNghia,CTCP Kiềm Nghĩa,https://finance.vietstock.vn/KiemNghia-ctcp-kiem-nghia.htm
3,OTC,NaN,KienGiangPetro,CTCP Dầu khí Dương Đông Kiên Giang,https://finance.vietstock.vn/KienGiangPetro-ctcp-dau-khi-duong-dong-kien-giang.htm
4,Khác,NaN,KienHungAudit,Công ty TNHH Kế toán Kiểm toán và Tin học Kiến Hưng,https://finance.vietstock.vn/KienHungAudit-cong-ty-tnhh-ke-toan-kiem-toan-va-tin-hoc-kien-hung.htm
3,OTC,NaN,KienTrucADC,CTCP Xây dựng Trang trí Kiến trúc ADC,https://finance.vietstock.vn/KienTrucADC-ctcp-xay-dung-trang-tri-kien-truc-adc.htm
4,Khác,NaN,KIENTUONG,Công ty TNHH MTV Cấp thoát nước và Môi trường Kiến Tường,https://finance.vietstock.vn/KIENTUONG-cong-ty-tnhh-mtv-cap-thoat-nuoc-va-moi-truong-kien-tuong.htm
3,OTC,NaN,Kigitraco,CTCP Kinh doanh Nông Sản Kiên Giang,https://finance.vietstock.vn/Kigitraco-ctcp-kinh-doanh-nong-san-kien-giang.htm
3,OTC,NaN,KIGIWI,CTCP Vận tải Thuỷ Bộ Kiên Giang,https://finance.vietstock.vn/KIGIWI-ctcp-van-tai-thuy-bo-kien-giang.htm
3,OTC,NaN,KimAnh,CTCP Chè Kim Anh,https://finance.vietstock.vn/KimAnh-ctcp-che-kim-anh.htm
3,OTC,NaN,KimKhiBacThai,CTCP Kim khí Bắc Thái,https://finance.vietstock.vn/KimKhiBacThai-ctcp-kim-khi-bac-thai.htm
3,OTC,NaN,KimLien,CTCP Du lịch Kim Liên,https://finance.vietstock.vn/KimLien-ctcp-du-lich-kim-lien.htm
3,OTC,NaN,KimOanh,CTCP Dịch vụ Thương mại và Xây dựng Địa ốc Kim Oanh,https://finance.vietstock.vn/KimOanh-ctcp-dich-vu-thuong-mai-va-xay-dung-dia-oc-kim-oanh.htm
3,OTC,NaN,KimTuThap,CTCP Công nghệ Mới Kim Tự Tháp Việt Nam,https://finance.vietstock.vn/KimTuThap-ctcp-cong-nghe-moi-kim-tu-thap-viet-nam.htm
3,OTC,NaN,KinhDoLand,CTCP Địa Ốc Kinh Đô,https://finance.vietstock.vn/KinhDoLand-ctcp-dia-oc-kinh-do.htm
3,OTC,NaN,KIS,CTCP Chứng khoán KIS Việt Nam,https://finance.vietstock.vn/KIS-ctcp-chung-khoan-kis-viet-nam.htm
3,OTC,NaN,KISUCO,CTCP Mía Đường Kiên Giang,https://finance.vietstock.vn/KISUCO-ctcp-mia-duong-kien-giang.htm
3,OTC,Nguyên vật liệu,KLM,CTCP Kim loại màu Nghệ Tĩnh,https://finance.vietstock.vn/KLM-ctcp-kim-loai-mau-nghe-tinh.htm
3,OTC,Dịch vụ tài chính,KLS,CTCP Chứng khoán Kim Long,https://finance.vietstock.vn/KLS-ctcp-chung-khoan-kim-long.htm
3,OTC,Hàng tiêu dùng và trang trí,KMF,CTCP Mirae Fiber,https://finance.vietstock.vn/KMF-ctcp-mirae-fiber.htm
3,OTC,NaN,KNITEXIM,CTCP Haprosimex Thăng Long,https://finance.vietstock.vn/KNITEXIM-ctcp-haprosimex-thang-long.htm
3,OTC,NaN,KPC,CTCP Đầu tư Sản xuất Thương mại Kim Phong,https://finance.vietstock.vn/KPC-ctcp-dau-tu-san-xuat-thuong-mai-kim-phong.htm
4,Khác,NaN,KPMG,Công ty TNHH KPMG Việt Nam,https://finance.vietstock.vn/KPMG-cong-ty-tnhh-kpmg-viet-nam.htm
4,Khác,NaN,KRESTON,Công ty TNHH Kiểm toán KRESTON ACA Việt Nam,https://finance.vietstock.vn/KRESTON-cong-ty-tnhh-kiem-toan-kreston-aca-viet-nam.htm
3,OTC,Nguyên vật liệu,KSA,CTCP Công nghiệp khoáng sản Bình Thuận ,https://finance.vietstock.vn/KSA-ctcp-cong-nghiep-khoang-san-binh-thuan.htm
3,OTC,"Thực phẩm, đồ uống và thuốc lá",KSC,CTCP Muối Khánh Hòa,https://finance.vietstock.vn/KSC-ctcp-muoi-khanh-hoa.htm
3,OTC,"Thực phẩm, đồ uống và thuốc lá",KSE,CTCP Xuất khẩu Thủy sản Khánh Hòa,https://finance.vietstock.vn/KSE-ctcp-xuat-khau-thuy-san-khanh-hoa.htm
3,OTC,NaN,KSG,CTCP Khoáng sản và Vật liệu Xây dựng Gia Lai,https://finance.vietstock.vn/KSG-ctcp-khoang-san-va-vat-lieu-xay-dung-gia-lai.htm
4,Khác,NaN,KSHCPhuTho,Xí nghiệp Khai thác - Dịch vụ Khoáng sản và Hóa chất Phú Thọ,https://finance.vietstock.vn/KSHCPhuTho-xi-nghiep-khai-thac-dich-vu-khoang-san-va-hoa-chat-phu-tho.htm
4,Khác,NaN,KSIAudit,Công ty TNHH Kiểm toán KSI Việt Nam,https://finance.vietstock.vn/KSIAudit-cong-ty-tnhh-kiem-toan-ksi-viet-nam.htm
3,OTC,Nguyên vật liệu,KSK,CTCP Khoáng sản Luyện kim màu,https://finance.vietstock.vn/KSK-ctcp-khoang-san-luyen-kim-mau.htm
3,OTC,Nguyên vật liệu,KSS,CTCP Khoáng sản Na Rì Hamico,https://finance.vietstock.vn/KSS-ctcp-khoang-san-na-ri-hamico.htm
4,Khác,NaN,KTAChau,Công ty TNHH Kiểm toán Á Châu,https://finance.vietstock.vn/KTAChau-cong-ty-tnhh-kiem-toan-a-chau.htm
3,OTC,Nguyên vật liệu,KTB,CTCP Đầu tư Khoáng sản Tây Bắc,https://finance.vietstock.vn/KTB-ctcp-dau-tu-khoang-san-tay-bac.htm
3,OTC,NaN,KTBX,CTCP Bến xe KonTum,https://finance.vietstock.vn/KTBX-ctcp-ben-xe-kontum.htm
4,Khác,NaN,KTCAudit,Công ty TNHH Kiểm toán và Tư vấn Doanh Nghiệp KTC,https://finance.vietstock.vn/KTCAudit-cong-ty-tnhh-kiem-toan-va-tu-van-doanh-nghiep-ktc.htm
4,Khác,NaN,KTMienTrung,Công ty TNHH Kiểm toán Miền Trung,https://finance.vietstock.vn/KTMienTrung-cong-ty-tnhh-kiem-toan-mien-trung.htm
4,Khác,NaN,KTQuocgia,Công ty TNHH Kiểm toán Độc lập Quốc gia Việt Nam,https://finance.vietstock.vn/KTQuocgia-cong-ty-tnhh-kiem-toan-doc-lap-quoc-gia-viet-nam.htm
4,Khác,NaN,KTSKienGiang,Công ty TNHH MTV Thương mại Dịch vụ Kiên Giang,https://finance.vietstock.vn/KTSKienGiang-cong-ty-tnhh-mtv-thuong-mai-dich-vu-kien-giang.htm
3,OTC,Dịch vụ chuyên biệt và thương mại,KTU,CTCP Môi trường Đô thị Kon Tum,https://finance.vietstock.vn/KTU-ctcp-moi-truong-do-thi-kon-tum.htm
4,Khác,NaN,KTV,Công ty TNHH Kiểm toán KTV,https://finance.vietstock.vn/KTV-cong-ty-tnhh-kiem-toan-ktv.htm
4,Khác,NaN,KTXaydungVN,Công ty TNHH Kiểm toán Tư vấn Xây dựng Việt Nam,https://finance.vietstock.vn/KTXaydungVN-cong-ty-tnhh-kiem-toan-tu-van-xay-dung-viet-nam.htm
4,Khác,NaN,KVAC,Công ty TNHH Kiểm toán Tư vấn Khang Việt,https://finance.vietstock.vn/KVAC-cong-ty-tnhh-kiem-toan-tu-van-khang-viet.htm
3,OTC,NaN,KVS,CTCP Chứng khoán BIS,https://finance.vietstock.vn/KVS-ctcp-chung-khoan-bis.htm
3,OTC,NaN,LacHong,CTCP Đầu tư Lạc Hồng,https://finance.vietstock.vn/LacHong-ctcp-dau-tu-lac-hong.htm
3,OTC,NaN,LamDong,CTCP Xây dựng Số 1 Lâm Đồng,https://finance.vietstock.vn/LamDong-ctcp-xay-dung-so-1-lam-dong.htm
4,Khác,NaN,LamNghiepBD,Công ty TNHH MTV Lâm nghiệp Bình Dương,https://finance.vietstock.vn/LamNghiepBD-cong-ty-tnhh-mtv-lam-nghiep-binh-duong.htm
3,OTC,NaN,LamSankienGiang,CTCP Nông Lâm Sản Kiên Giang,https://finance.vietstock.vn/LamSankienGiang-ctcp-nong-lam-san-kien-giang.htm
3,OTC,NaN,LaNga,CTCP Đầu tư La Ngà,https://finance.vietstock.vn/LaNga-ctcp-dau-tu-la-nga.htm
3,OTC,NaN,Lanmak,CTCP Đầu tư Xây dựng Bất động sản Lanmak,https://finance.vietstock.vn/Lanmak-ctcp-dau-tu-xay-dung-bat-dong-san-lanmak.htm
3,OTC,NaN,LaoDongQuocTe,CTCP Xây dựng và Cung ứng Lao động Quốc tế,https://finance.vietstock.vn/LaoDongQuocTe-ctcp-xay-dung-va-cung-ung-lao-dong-quoc-te.htm
4,Khác,NaN,LaoVietBank,Ngân hàng Liên doanh Lào - Việt,https://finance.vietstock.vn/LaoVietBank-ngan-hang-lien-doanh-lao-viet.htm
3,OTC,NaN,Lasotra,CTCP Thương mại Lạng Sơn,https://finance.vietstock.vn/Lasotra-ctcp-thuong-mai-lang-son.htm
3,OTC,Phân phối và bán lẻ hàng lâu bền,LBC,CTCP Thương mại - Đầu tư Long Biên,https://finance.vietstock.vn/LBC-ctcp-thuong-mai-dau-tu-long-bien.htm
4,Khác,NaN,LBMi,CTCP Lê Bảo Minh,https://finance.vietstock.vn/LBMi-ctcp-le-bao-minh.htm
3,OTC,NaN,LCO,CTCP Licogi 16.1,https://finance.vietstock.vn/LCO-ctcp-licogi-16-1.htm
3,OTC,Dịch vụ tiện ích,LCW,CTCP Nước sạch Lai Châu,https://finance.vietstock.vn/LCW-ctcp-nuoc-sach-lai-chau.htm
4,Khác,NaN,LeQuanTech,Công ty TNHH Kỹ thuật Lê Quân,https://finance.vietstock.vn/LeQuanTech-cong-ty-tnhh-ky-thuat-le-quan.htm
3,OTC,NaN,Liberty,CTCP Quê Hương - Liberty,https://finance.vietstock.vn/Liberty-ctcp-que-huong-liberty.htm
4,Khác,NaN,LibertyInsurance,Công ty TNHH Bảo hiểm Phi Nhân thọ Liberty Việt Nam,https://finance.vietstock.vn/LibertyInsurance-cong-ty-tnhh-bao-hiem-phi-nhan-tho-liberty-viet-nam.htm
4,Khác,NaN,LIBREXCO,Công ty TNHH MTV Chăn nuôi Tiền Giang,https://finance.vietstock.vn/LIBREXCO-cong-ty-tnhh-mtv-chan-nuoi-tien-giang.htm
3,OTC,NaN,Licogi16,CTCP Licogi 16 M&C,https://finance.vietstock.vn/Licogi16-ctcp-licogi-16-mc.htm
3,OTC,NaN,Licogi162,CTCP Xây dựng Licogi 16.2,https://finance.vietstock.vn/Licogi162-ctcp-xay-dung-licogi-16-2.htm
3,OTC,NaN,Licogi165,CTCP Licogi 16.5,https://finance.vietstock.vn/Licogi165-ctcp-licogi-16-5.htm
3,OTC,NaN,Licogi169,CTCP Licogi 16.9,https://finance.vietstock.vn/Licogi169-ctcp-licogi-16-9.htm
3,OTC,NaN,Lidovit,CTCP Công nghiệp và Thương mại LIDOVIT,https://finance.vietstock.vn/Lidovit-ctcp-cong-nghiep-va-thuong-mai-lidovit.htm
4,Khác,NaN,LIKSIN,Tổng Công ty Công nghiệp - In - Bao bì Liksin TNHH MTV,https://finance.vietstock.vn/LIKSIN-tong-cong-ty-cong-nghiep-in-bao-bi-liksin-tnhh-mtv.htm
3,OTC,NaN,LilamaHN,CTCP Lilama Hà Nội,https://finance.vietstock.vn/LilamaHN-ctcp-lilama-ha-noi.htm
3,OTC,NaN,LilamaPhaLai,CTCP Lilama 69-1 Phả Lại,https://finance.vietstock.vn/LilamaPhaLai-ctcp-lilama-69-1-pha-lai.htm
3,OTC,NaN,LinhGas,CTCP Linh Gas Việt Nam,https://finance.vietstock.vn/LinhGas-ctcp-linh-gas-viet-nam.htm
3,OTC,NaN,LMR,CTCP Liên Minh,https://finance.vietstock.vn/LMR-ctcp-lien-minh.htm
4,Khác,NaN,LOGOS,Công ty TNHH với Kế toán và Kiểm toán,https://finance.vietstock.vn/LOGOS-cong-ty-tnhh-voi-ke-toan-va-kiem-toan.htm
3,OTC,NaN,LongTho,CTCP Long Thọ,https://finance.vietstock.vn/LongTho-ctcp-long-tho.htm
3,OTC,NaN,LotusIMC,CTCP Quản lý Quỹ Bông Sen,https://finance.vietstock.vn/LotusIMC-ctcp-quan-ly-quy-bong-sen.htm
4,Khác,NaN,LPBankI,Tổng CTCP Bảo hiểm LPBank,https://finance.vietstock.vn/LPBankI-tong-ctcp-bao-hiem-lpbank.htm
4,Khác,NaN,LungLo3,Công ty TNHH MTV Lũng Lô 3,https://finance.vietstock.vn/LungLo3-cong-ty-tnhh-mtv-lung-lo-3.htm
3,OTC,NaN,LuongMyPoultry,CTCP Giống Gia Cầm Lương Mỹ,https://finance.vietstock.vn/LuongMyPoultry-ctcp-giong-gia-cam-luong-my.htm
3,OTC,NaN,LuongSonHoaBinh,CTCP Xi măng Vinaconex Lương Sơn Hoà Bình,https://finance.vietstock.vn/LuongSonHoaBinh-ctcp-xi-mang-vinaconex-luong-son-hoa-binh.htm
3,OTC,NaN,LVC,CTCP Quản lý Quỹ Lộc Việt,https://finance.vietstock.vn/LVC-ctcp-quan-ly-quy-loc-viet.htm
3,OTC,NaN,LVN,CTCP Len Việt Nam,https://finance.vietstock.vn/LVN-ctcp-len-viet-nam.htm
3,OTC,NaN,LVS,CTCP Chứng khoán LPBank,https://finance.vietstock.vn/LVS-ctcp-chung-khoan-lpbank.htm
6,Lào,NaN,LWPC,Công ty Thế giới Lào,https://finance.vietstock.vn/LWPC-cong-ty-the-gioi-lao.htm
3,OTC,Dịch vụ tiện ích,LWS,CTCP Cấp nước Tỉnh Lào Cai,https://finance.vietstock.vn/LWS-ctcp-cap-nuoc-tinh-lao-cai.htm
6,Lào,NaN,LXS,CTCP Chứng khoán Lanexang,https://finance.vietstock.vn/LXS-ctcp-chung-khoan-lanexang.htm
3,OTC,"Thực phẩm, đồ uống và thuốc lá",LYF,CTCP Lương thực Lương Yên,https://finance.vietstock.vn/LYF-ctcp-luong-thuc-luong-yen.htm
4,Khác,NaN,MAAC,Công ty TNHH Quản Lý - Kiểm toán - Tư vấn M.A.A.C,https://finance.vietstock.vn/MAAC-cong-ty-tnhh-quan-ly-kiem-toan-tu-van-m-a-a-c.htm
4,Khác,NaN,MAFC,Công ty Tài chính TNHH MTV Mirae Asset,https://finance.vietstock.vn/MAFC-cong-ty-tai-chinh-tnhh-mtv-mirae-asset.htm
3,OTC,NaN,MAFEQI,Quỹ đầu tư Cổ phiếu Manulife,https://finance.vietstock.vn/MAFEQI-quy-dau-tu-co-phieu-manulife.htm
3,OTC,Dịch vụ tài chính,MAFPF1,Quỹ đầu tư tăng trưởng Manulife,https://finance.vietstock.vn/MAFPF1-quy-dau-tu-tang-truong-manulife.htm
4,Khác,NaN,MaiDong,Công ty TNHH MTV Mai Động,https://finance.vietstock.vn/MaiDong-cong-ty-tnhh-mtv-mai-dong.htm
4,Khác,NaN,Manulife,Công ty TNHH Manulife (Việt Nam),https://finance.vietstock.vn/Manulife-cong-ty-tnhh-manulife-viet-nam.htm
4,Khác,NaN,ManulifeAM,Công ty TNHH Quản lý Quỹ Manulife Investment (Việt Nam),https://finance.vietstock.vn/ManulifeAM-cong-ty-tnhh-quan-ly-quy-manulife-investment-viet-nam.htm
3,OTC,Nguyên vật liệu,MAX,CTCP Khai khoáng và Cơ khí Hữu Nghị Vĩnh Sinh,https://finance.vietstock.vn/MAX-ctcp-khai-khoang-va-co-khi-huu-nghi-vinh-sinh.htm
3,OTC,NaN,MayDongA,CTCP Dệt may Đông Á,https://finance.vietstock.vn/MayDongA-ctcp-det-may-dong-a.htm
3,OTC,NaN,MayLongAn,CTCP Cơ khí và Chế tạo Máy Long An,https://finance.vietstock.vn/MayLongAn-ctcp-co-khi-va-che-tao-may-long-an.htm
3,OTC,NaN,MayPhuongDong,CTCP May Phương Đông,https://finance.vietstock.vn/MayPhuongDong-ctcp-may-phuong-dong.htm
3,OTC,NaN,MaySaiGon2,CTCP May Sài Gòn 2,https://finance.vietstock.vn/MaySaiGon2-ctcp-may-sai-gon-2.htm
3,OTC,NaN,MaySaiGon3,CTCP May Sài Gòn 3,https://finance.vietstock.vn/MaySaiGon3-ctcp-may-sai-gon-3.htm
3,OTC,NaN,MayThangLong,CTCP May Thăng Long,https://finance.vietstock.vn/MayThangLong-ctcp-may-thang-long.htm
3,OTC,NaN,MayVietThang,CTCP May Việt Thắng,https://finance.vietstock.vn/MayVietThang-ctcp-may-viet-thang.htm
3,OTC,NaN,MayVietThinh,CTCP May Việt Thịnh,https://finance.vietstock.vn/MayVietThinh-ctcp-may-viet-thinh.htm
4,Khác,NaN,Mazars,Công ty TNHH Mazars Việt Nam,https://finance.vietstock.vn/Mazars-cong-ty-tnhh-mazars-viet-nam.htm
4,Khác,NaN,MBAgeasLife,Công ty TNHH Bảo hiểm nhân thọ MB Ageas,https://finance.vietstock.vn/MBAgeasLife-cong-ty-tnhh-bao-hiem-nhan-tho-mb-ageas.htm
3,OTC,NaN,MBCapital,CTCP Quản lý Quỹ đầu tư MB,https://finance.vietstock.vn/MBCapital-ctcp-quan-ly-quy-dau-tu-mb.htm
4,Khác,NaN,MBEF1,Quỹ đầu tư Cổ phần MB Capital 1,https://finance.vietstock.vn/MBEF1-quy-dau-tu-co-phan-mb-capital-1.htm
4,Khác,NaN,MBKE,Công ty TNHH Chứng khoán Maybank,https://finance.vietstock.vn/MBKE-cong-ty-tnhh-chung-khoan-maybank.htm
3,OTC,NaN,MBVF,Quỹ đầu tư Giá trị MB Capital,https://finance.vietstock.vn/MBVF-quy-dau-tu-gia-tri-mb-capital.htm
3,OTC,Nguyên vật liệu,MC3,CTCP Khoáng sản 3 - Vimico,https://finance.vietstock.vn/MC3-ctcp-khoang-san-3-vimico.htm
3,OTC,NaN,Mccons,CTCP Thi công Cơ giới và Dịch vụ,https://finance.vietstock.vn/Mccons-ctcp-thi-cong-co-gioi-va-dich-vu.htm
3,OTC,Dịch vụ tiện ích,MCD,CTCP Môi trường và Công trình Đô thị Đông Hà,https://finance.vietstock.vn/MCD-ctcp-moi-truong-va-cong-trinh-do-thi-dong-ha.htm
3,OTC,Tư liệu sản xuất,MCI,CTCP Đầu tư Xây dựng và Phát triển Vật liệu IDICO,https://finance.vietstock.vn/MCI-ctcp-dau-tu-xay-dung-va-phat-trien-vat-lieu-idico.htm
3,OTC,NaN,MCJ,CTCP Thiết bị Phụ tùng,https://finance.vietstock.vn/MCJ-ctcp-thiet-bi-phu-tung.htm
3,OTC,Nguyên vật liệu,MCL,CTCP Phát triển Nhà và Sản xuất Vật liệu Xây dựng Chí Linh,https://finance.vietstock.vn/MCL-ctcp-phat-trien-nha-va-san-xuat-vat-lieu-xay-dung-chi-linh.htm
3,OTC,NaN,MCS,CTCP Thi công Cơ giới Xây lắp,https://finance.vietstock.vn/MCS-ctcp-thi-cong-co-gioi-xay-lap.htm
3,OTC,Nguyên vật liệu,MCT,CTCP Kinh doanh Vật Tư và Xây dựng,https://finance.vietstock.vn/MCT-ctcp-kinh-doanh-vat-tu-va-xay-dung.htm
3,OTC,Tư liệu sản xuất,MCV,CTCP Cavico Việt Nam Khai thác mỏ và Xây dựng,https://finance.vietstock.vn/MCV-ctcp-cavico-viet-nam-khai-thac-mo-va-xay-dung.htm
4,Khác,NaN,MDB,Ngân hàng TMCP Phát triển Mê Kông,https://finance.vietstock.vn/MDB-ngan-hang-tmcp-phat-trien-me-kong.htm
4,Khác,NaN,MDFVINAFOR,Công ty TNHH MDF Vinafor – Tân An Hòa Bình,https://finance.vietstock.vn/MDFVINAFOR-cong-ty-tnhh-mdf-vinafor-–-tan-an-hoa-binh.htm
3,OTC,Hàng tiêu dùng và trang trí,MDN,CTCP Tổng Công ty May Đồng Nai,https://finance.vietstock.vn/MDN-ctcp-tong-cong-ty-may-dong-nai.htm
3,OTC,Tư liệu sản xuất,MDT,CTCP Cơ khí mỏ và Đóng tàu - TKV,https://finance.vietstock.vn/MDT-ctcp-co-khi-mo-va-dong-tau-tkv.htm
3,OTC,NaN,MEBI,CTCP Dược phẩm và Sinh học Y tế,https://finance.vietstock.vn/MEBI-ctcp-duoc-pham-va-sinh-hoc-y-te.htm
3,OTC,NaN,MECO,CTCP Cơ điện Luyện kim Thái Nguyên,https://finance.vietstock.vn/MECO-ctcp-co-dien-luyen-kim-thai-nguyen.htm
3,OTC,NaN,Medico,CTCP Phát triển khoáng Sản,https://finance.vietstock.vn/Medico-ctcp-phat-trien-khoang-san.htm
3,OTC,NaN,Mediplast,CTCP Nhựa Y tế Mediplast,https://finance.vietstock.vn/Mediplast-ctcp-nhua-y-te-mediplast.htm
3,OTC,Hàng tiêu dùng và trang trí,MEG,CTCP Megram,https://finance.vietstock.vn/MEG-ctcp-megram.htm
4,Khác,NaN,MekongCapital,Công ty TNHH Tư vấn Mekong Capital,https://finance.vietstock.vn/MekongCapital-cong-ty-tnhh-tu-van-mekong-capital.htm
3,OTC,NaN,MEKONIMEX,CTCP Nông sản Thực phẩm Xuất khẩu Cần Thơ,https://finance.vietstock.vn/MEKONIMEX-ctcp-nong-san-thuc-pham-xuat-khau-can-tho.htm
4,Khác,NaN,MHAuditing,Công ty TNHH Kiểm toán M&H,https://finance.vietstock.vn/MHAuditing-cong-ty-tnhh-kiem-toan-mh.htm
4,Khác,NaN,MHB,Ngân hàng TMCP Phát triển Nhà Đồng bằng sông Cửu Long,https://finance.vietstock.vn/MHB-ngan-hang-tmcp-phat-trien-nha-dong-bang-song-cuu-long.htm
3,OTC,NaN,MHBS,CTCP Chứng khoán MHB,https://finance.vietstock.vn/MHBS-ctcp-chung-khoan-mhb.htm
4,Khác,NaN,MHDAudit,Công ty TNHH Kiểm toán MHD,https://finance.vietstock.vn/MHDAudit-cong-ty-tnhh-kiem-toan-mhd.htm
3,OTC,Dịch vụ chuyên biệt và thương mại,MHP,CTCP Môi trường và Dịch vụ Đô thị Việt Trì,https://finance.vietstock.vn/MHP-ctcp-moi-truong-va-dich-vu-do-thi-viet-tri.htm
3,OTC,Dịch vụ chuyên biệt và thương mại,MHY,CTCP Môi trường và Công trình Đô thị Hưng Yên,https://finance.vietstock.vn/MHY-ctcp-moi-truong-va-cong-trinh-do-thi-hung-yen.htm
3,OTC,NaN,MiaDuongBenTre,CTCP Mía đường Bến Tre,https://finance.vietstock.vn/MiaDuongBenTre-ctcp-mia-duong-ben-tre.htm
3,OTC,NaN,MiaDuongNongCong,CTCP Mía Đường Nông Cống,https://finance.vietstock.vn/MiaDuongNongCong-ctcp-mia-duong-nong-cong.htm
3,OTC,NaN,MiaDuongSonDuong,CTCP Mía đường Sơn Dương,https://finance.vietstock.vn/MiaDuongSonDuong-ctcp-mia-duong-son-duong.htm
3,OTC,NaN,MienTrung,CTCP Đầu tư và Phát triển Miền Trung,https://finance.vietstock.vn/MienTrung-ctcp-dau-tu-va-phat-trien-mien-trung.htm
3,OTC,Nguyên vật liệu,MIH,CTCP Xuất nhập khẩu Khoáng sản Hà Nam,https://finance.vietstock.vn/MIH-ctcp-xuat-nhap-khau-khoang-san-ha-nam.htm
3,OTC,NaN,MINEXCO,CTCP Khoáng sản và Đầu tư Khánh Hòa,https://finance.vietstock.vn/MINEXCO-ctcp-khoang-san-va-dau-tu-khanh-hoa.htm
3,OTC,NaN,MinhPhuc,CTCP Sản xuất và Thương mại Minh Phúc,https://finance.vietstock.vn/MinhPhuc-ctcp-san-xuat-va-thuong-mai-minh-phuc.htm
3,OTC,NaN,MinhVietCapital,CTCP Quản lý Quỹ PAVO CAPITAL,https://finance.vietstock.vn/MinhVietCapital-ctcp-quan-ly-quy-pavo-capital.htm
4,Khác,NaN,MiraeAsset,CTCP Chứng khoán Mirae Asset (Việt Nam),https://finance.vietstock.vn/MiraeAsset-ctcp-chung-khoan-mirae-asset-viet-nam.htm
3,OTC,NaN,MIREX,CTCP Khoáng sản và Luyện kim Việt Nam,https://finance.vietstock.vn/MIREX-ctcp-khoang-san-va-luyen-kim-viet-nam.htm
3,OTC,NaN,MIWACO,CTCP Nước khoáng và Du Lịch Sơn Kim,https://finance.vietstock.vn/MIWACO-ctcp-nuoc-khoang-va-du-lich-son-kim.htm
3,OTC,Phân phối và bán lẻ hàng lâu bền,MJC,CTCP Thương mại Mộc Hóa,https://finance.vietstock.vn/MJC-ctcp-thuong-mai-moc-hoa.htm
3,OTC,Hàng tiêu dùng và trang trí,MKT,CTCP Dệt Minh Khai,https://finance.vietstock.vn/MKT-ctcp-det-minh-khai.htm
3,OTC,NaN,MLG,CTCP Tập đoàn Mai Linh,https://finance.vietstock.vn/MLG-ctcp-tap-doan-mai-linh.htm
4,Khác,Vận tải,MLN,CTCP Mai Linh Miền Bắc,https://finance.vietstock.vn/MLN-ctcp-mai-linh-mien-bac.htm
4,Khác,Nguyên vật liệu,MMC,CTCP khoáng Sản Mangan,https://finance.vietstock.vn/MMC-ctcp-khoang-san-mangan.htm
4,Khác,Vận tải,MNC,CTCP Mai Linh Miền Trung,https://finance.vietstock.vn/MNC-ctcp-mai-linh-mien-trung.htm
4,Khác,NaN,MobiFone,Tổng Công ty Viễn thông MobiFone - Công ty TNHH MTV,https://finance.vietstock.vn/MobiFone-tong-cong-ty-vien-thong-mobifone-cong-ty-tnhh-mtv.htm
3,OTC,NaN,MOBITECHS,CTCP Dịch vụ Kỹ thuật và Hạ tầng Mạng Thông Tin Di Động,https://finance.vietstock.vn/MOBITECHS-ctcp-dich-vu-ky-thuat-va-ha-tang-mang-thong-tin-di-dong.htm
3,OTC,NaN,MotorVN,CTCP United Motor Việt Nam,https://finance.vietstock.vn/MotorVN-ctcp-united-motor-viet-nam.htm
3,OTC,Phân phối và bán lẻ hàng lâu bền,MSC,CTCP Dịch vụ Phú Nhuận,https://finance.vietstock.vn/MSC-ctcp-dich-vu-phu-nhuan.htm
4,Khác,NaN,MSGS,Công ty TNHH chứng khoán JB Việt Nam,https://finance.vietstock.vn/MSGS-cong-ty-tnhh-chung-khoan-jb-viet-nam.htm
3,OTC,NaN,MSI,CTCP Chứng khoán KB Việt Nam,https://finance.vietstock.vn/MSI-ctcp-chung-khoan-kb-viet-nam.htm
3,OTC,NaN,MTJ,CTCP Tư vấn và Xây dựng công trình Miền Trung,https://finance.vietstock.vn/MTJ-ctcp-tu-van-va-xay-dung-cong-trinh-mien-trung.htm
3,OTC,Nguyên vật liệu,MTM,CTCP mỏ và Xuất nhập khẩu Khoáng sản Miền Trung,https://finance.vietstock.vn/MTM-ctcp-mo-va-xuat-nhap-khau-khoang-san-mien-trung.htm
3,OTC,Dịch vụ chuyên biệt và thương mại,MVY,CTCP Môi trường và Dịch vụ Đô Thị Vĩnh Yên,https://finance.vietstock.vn/MVY-ctcp-moi-truong-va-dich-vu-do-thi-vinh-yen.htm
3,OTC,Nguyên vật liệu,MXC,Trung tâm Nông nghiệp Mùa Xuân,https://finance.vietstock.vn/MXC-trung-tam-nong-nghiep-mua-xuan.htm
3,OTC,NaN,MyKhe,CTCP Mỹ Khê Việt Nam,https://finance.vietstock.vn/MyKhe-ctcp-my-khe-viet-nam.htm
3,OTC,NaN,MyPhamSG,CTCP Mỹ phẩm Sài Gòn,https://finance.vietstock.vn/MyPhamSG-ctcp-my-pham-sai-gon.htm
3,OTC,NaN,Nakydaco,CTCP Dầu thực vật Tân Bình,https://finance.vietstock.vn/Nakydaco-ctcp-dau-thuc-vat-tan-binh.htm
3,OTC,NaN,NamChien,CTCP Thủy điện Nậm Chiến,https://finance.vietstock.vn/NamChien-ctcp-thuy-dien-nam-chien.htm
3,OTC,NaN,NAMCO,CTCP Khoáng sản Nghệ An,https://finance.vietstock.vn/NAMCO-ctcp-khoang-san-nghe-an.htm
3,OTC,NaN,NamKhang,CTCP Đầu tư Nam Khang,https://finance.vietstock.vn/NamKhang-ctcp-dau-tu-nam-khang.htm
3,OTC,NaN,NamMuc,CTCP Thủy điện Nậm Mức,https://finance.vietstock.vn/NamMuc-ctcp-thuy-dien-nam-muc.htm
3,OTC,NaN,NamThi,CTCP Thủy điện Nậm Thi - Sông Đà 7,https://finance.vietstock.vn/NamThi-ctcp-thuy-dien-nam-thi-song-da-7.htm
3,OTC,NaN,NamTrieu,CTCP Công nghiệp Tàu thủy và Xây dựng Nam Triệu,https://finance.vietstock.vn/NamTrieu-ctcp-cong-nghiep-tau-thuy-va-xay-dung-nam-trieu.htm
3,OTC,NaN,NamVietOil,CTCP Lọc Hoá Dầu Nam Việt,https://finance.vietstock.vn/NamVietOil-ctcp-loc-hoa-dau-nam-viet.htm
3,OTC,NaN,Natraco,CTCP Thương mại Nghệ An,https://finance.vietstock.vn/Natraco-ctcp-thuong-mai-nghe-an.htm
3,OTC,NaN,NBN,CTCP Xây dựng Công trình 545,https://finance.vietstock.vn/NBN-ctcp-xay-dung-cong-trinh-545.htm
3,OTC,Vận tải,NBR,CTCP Đường sắt Nghĩa Bình,https://finance.vietstock.vn/NBR-ctcp-duong-sat-nghia-binh.htm
3,OTC,Vận tải,NBS,CTCP Bến xe Nghệ An,https://finance.vietstock.vn/NBS-ctcp-ben-xe-nghe-an.htm
4,Khác,Dịch vụ tiện ích,NCP,CTCP Nhiệt điện Cẩm Phả - TKV,https://finance.vietstock.vn/NCP-ctcp-nhiet-dien-cam-pha-tkv.htm
3,OTC,NaN,NgocHy,CTCP Dịch vụ In Trần Ngọc Hy Cà Mau,https://finance.vietstock.vn/NgocHy-ctcp-dich-vu-in-tran-ngoc-hy-ca-mau.htm
3,OTC,NaN,NgocTung,CTCP Sản xuất Thương mại Dịch vụ Ngọc Tùng,https://finance.vietstock.vn/NgocTung-ctcp-san-xuat-thuong-mai-dich-vu-ngoc-tung.htm
3,OTC,NaN,NgoVietNam,CTCP Đầu tư Phát triển Ngô Việt Nam,https://finance.vietstock.vn/NgoVietNam-ctcp-dau-tu-phat-trien-ngo-viet-nam.htm
3,OTC,NaN,NhaBeTech,CTCP Tư vấn Công nghệ Nhà Bè,https://finance.vietstock.vn/NhaBeTech-ctcp-tu-van-cong-nghe-nha-be.htm
4,Khác,NaN,NHACANTHO,Công ty TNHH MTV Phát triển và Kinh doanh Nhà Thành phố Cần Thơ,https://finance.vietstock.vn/NHACANTHO-cong-ty-tnhh-mtv-phat-trien-va-kinh-doanh-nha-thanh-pho-can-tho.htm
3,OTC,NaN,NhanLuc,CTCP Phát triển Nguồn nhân lực LOD,https://finance.vietstock.vn/NhanLuc-ctcp-phat-trien-nguon-nhan-luc-lod.htm
3,OTC,NaN,NhaSaiGon,CTCP Đầu tư Xây dựng và Kinh doanh Nhà Sài Gòn,https://finance.vietstock.vn/NhaSaiGon-ctcp-dau-tu-xay-dung-va-kinh-doanh-nha-sai-gon.htm
4,Khác,NaN,NhatMinhAudit,Công ty TNHH Kiểm toán Nhất Minh,https://finance.vietstock.vn/NhatMinhAudit-cong-ty-tnhh-kiem-toan-nhat-minh.htm
3,OTC,NaN,NhatNam,CTCP Nhất Nam,https://finance.vietstock.vn/NhatNam-ctcp-nhat-nam.htm
4,Khác,NaN,NHDulieu,Công ty TNHH Ngân hàng Dữ liệu,https://finance.vietstock.vn/NHDulieu-cong-ty-tnhh-ngan-hang-du-lieu.htm
3,OTC,NaN,NhietDienMienBac,CTCP Dịch vụ Sửa chữa Nhiệt điện Miền Bắc,https://finance.vietstock.vn/NhietDienMienBac-ctcp-dich-vu-sua-chua-nhiet-dien-mien-bac.htm
3,OTC,Phát triển và quản lý bất động sản,NHN,CTCP Phát triển Đô thị Nam Hà Nội,https://finance.vietstock.vn/NHN-ctcp-phat-trien-do-thi-nam-ha-noi.htm
3,OTC,NaN,NhoQue1,CTCP Thủy điện Nho Quế 1,https://finance.vietstock.vn/NhoQue1-ctcp-thuy-dien-nho-que-1.htm
3,OTC,"Thực phẩm, đồ uống và thuốc lá",NHS,CTCP Đường Ninh Hòa,https://finance.vietstock.vn/NHS-ctcp-duong-ninh-hoa.htm
4,Khác,NaN,NHSV,Công ty TNHH Chứng khoán NH Việt Nam,https://finance.vietstock.vn/NHSV-cong-ty-tnhh-chung-khoan-nh-viet-nam.htm
3,OTC,NaN,NhuNgoc,CTCP Sản xuất và Thương mại Xuất nhập khẩu Như Ngọc,https://finance.vietstock.vn/NhuNgoc-ctcp-san-xuat-va-thuong-mai-xuat-nhap-khau-nhu-ngoc.htm
3,OTC,Chất bán dẫn và thiết bị bán dẫn,NHW,CTCP Ngô Han,https://finance.vietstock.vn/NHW-ctcp-ngo-han.htm
3,OTC,NaN,NIC,CTCP Đầu tư Nhơn Trạch,https://finance.vietstock.vn/NIC-ctcp-dau-tu-nhon-trach.htm
4,Khác,NaN,Nicotex,CTCP Nicotex,https://finance.vietstock.vn/Nicotex-ctcp-nicotex.htm
3,OTC,NaN,NinhBac,CTCP Đầu tư Tài chính Ninh Bắc,https://finance.vietstock.vn/NinhBac-ctcp-dau-tu-tai-chinh-ninh-bac.htm
3,OTC,Dịch vụ viễn thông,NIS,CTCP Dịch vụ Hạ tầng Mạng,https://finance.vietstock.vn/NIS-ctcp-dich-vu-ha-tang-mang.htm
3,OTC,NaN,NISACO,CTCP Muối Ninh Thuận,https://finance.vietstock.vn/NISACO-ctcp-muoi-ninh-thuan.htm
3,OTC,"Thực phẩm, đồ uống và thuốc lá",NKD,CTCP Chế biến thực phẩm Kinh Đô Miền Bắc,https://finance.vietstock.vn/NKD-ctcp-che´-bie´n-thuc-pham-kinh-do-mien-bac.htm
3,OTC,Dịch vụ tiện ích,NLC,CTCP Thủy điện Nà Lơi,https://finance.vietstock.vn/NLC-ctcp-thuy-dien-na-loi.htm
3,OTC,Tư liệu sản xuất,NMK,CTCP Xây dựng Công trình 510,https://finance.vietstock.vn/NMK-ctcp-xay-dung-cong-trinh-510.htm
3,OTC,Dịch vụ tiện ích,NNB,CTCP Cấp thoát nước Ninh Bình,https://finance.vietstock.vn/NNB-ctcp-cap-thoat-nuoc-ninh-binh.htm
3,OTC,Nguyên vật liệu,NNG,CTCP Công nghiệp - Dịch vụ - Thương mại Ngọc Nghĩa,https://finance.vietstock.vn/NNG-ctcp-cong-nghiep-dich-vu-thuong-mai-ngoc-nghia.htm
3,OTC,Dịch vụ chuyên biệt và thương mại,NNQ,CTCP Giống Nông nghiệp Quảng Nam,https://finance.vietstock.vn/NNQ-ctcp-giong-nong-nghiep-quang-nam.htm
3,OTC,NaN,NoiHoiVN,CTCP Nồi hơi Việt Nam,https://finance.vietstock.vn/NoiHoiVN-ctcp-noi-hoi-viet-nam.htm
3,OTC,NaN,NongSanNinhThuan,CTCP Xuất khẩu Nông sản Ninh Thuận,https://finance.vietstock.vn/NongSanNinhThuan-ctcp-xuat-khau-nong-san-ninh-thuan.htm
3,OTC,NaN,NovaGroup,CTCP Tập đoàn NovaGroup,https://finance.vietstock.vn/NovaGroup-ctcp-tap-doan-novagroup.htm
3,OTC,Dịch vụ tiêu dùng,NPH,CTCP Khách Sạn Bưu Điện Nha Trang,https://finance.vietstock.vn/NPH-ctcp-khach-san-buu-dien-nha-trang.htm
3,OTC,Hàng tiêu dùng và trang trí,NPS,CTCP May Phú Thịnh - Nhà Bè,https://finance.vietstock.vn/NPS-ctcp-may-phu-thinh-nha-be.htm
3,OTC,Dịch vụ tiện ích,NS3,CTCP Sản xuất Kinh doanh Nước sạch Số 3 Hà Nội,https://finance.vietstock.vn/NS3-ctcp-san-xuat-kinh-doanh-nuoc-sach-so-3-ha-noi.htm
3,OTC,NaN,NSCTech,CTCP Công nghệ NCS,https://finance.vietstock.vn/NSCTech-ctcp-cong-nghe-ncs.htm
3,OTC,NaN,NSI,CTCP Chứng khoán Quốc Gia,https://finance.vietstock.vn/NSI-ctcp-chung-khoan-quoc-gia.htm
3,OTC,Tư liệu sản xuất,NSN,CTCP Xây dựng 565,https://finance.vietstock.vn/NSN-ctcp-xay-dung-565.htm
3,OTC,Nguyên vật liệu,NSP,CTCP Nhựa Sam Phú,https://finance.vietstock.vn/NSP-ctcp-nhua-sam-phu.htm
3,OTC,Vận tải,NTR,CTCP Đường sắt Nghệ Tĩnh,https://finance.vietstock.vn/NTR-ctcp-duong-sat-nghe-tinh.htm
3,OTC,NaN,NTS,CTCP Nội thất SHINEC,https://finance.vietstock.vn/NTS-ctcp-noi-that-shinec.htm
4,Khác,NaN,NuiPhao,Công ty TNHH Khai thác chế biến khoáng sản Núi Pháo,https://finance.vietstock.vn/NuiPhao-cong-ty-tnhh-khai-thac-che-bien-khoang-san-nui-phao.htm
3,OTC,NaN,Nuocdathuysan,CTCP Nước đá Thủy sản Kiên giang,https://finance.vietstock.vn/Nuocdathuysan-ctcp-nuoc-da-thuy-san-kien-giang.htm
3,OTC,NaN,NuocQuangNam,CTCP Cấp thoát nước Quảng Nam,https://finance.vietstock.vn/NuocQuangNam-ctcp-cap-thoat-nuoc-quang-nam.htm
4,Khác,NaN,NuocSachLaoCai,Công ty TNHH MTV Kinh doanh Nước sạch Lào Cai,https://finance.vietstock.vn/NuocSachLaoCai-cong-ty-tnhh-mtv-kinh-doanh-nuoc-sach-lao-cai.htm
3,OTC,NaN,Nutifood,CTCP Thực phẩm Dinh dưỡng Đồng Tâm,https://finance.vietstock.vn/Nutifood-ctcp-thuc-pham-dinh-duong-dong-tam.htm
3,OTC,Phân phối và bán lẻ hàng lâu bền,NVC,CTCP Nam Vang,https://finance.vietstock.vn/NVC-ctcp-nam-vang.htm
3,OTC,Phát triển và quản lý bất động sản,NVN,CTCP Nhà Việt Nam,https://finance.vietstock.vn/NVN-ctcp-nha-viet-nam.htm
3,OTC,NaN,NVS,CTCP Chứng khoán Navibank,https://finance.vietstock.vn/NVS-ctcp-chung-khoan-navibank.htm
4,Khác,NaN,Oceanbank,Ngân hàng Thương mại TNHH MTV Đại Dương,https://finance.vietstock.vn/Oceanbank-ngan-hang-thuong-mai-tnhh-mtv-dai-duong.htm
3,OTC,NaN,OLC,"CTCP Xây dựng, Dịch vụ và Hợp tác Lao động",https://finance.vietstock.vn/OLC-ctcp-xay-dung-dich-vu-va-hop-tac-lao-dong.htm
3,OTC,NaN,OMC,CTCP Quản lý Quỹ Đầu tư Lighthouse,https://finance.vietstock.vn/OMC-ctcp-quan-ly-quy-dau-tu-lighthouse.htm
3,OTC,NaN,ORC,CTCP Bán lẻ và Quản lý Bất động sản Đại Dương,https://finance.vietstock.vn/ORC-ctcp-ban-le-va-quan-ly-bat-dong-san-dai-duong.htm
3,OTC,NaN,OSC,CTCP Chứng khoán Đại Tây Dương,https://finance.vietstock.vn/OSC-ctcp-chung-khoan-dai-tay-duong.htm
3,OTC,NaN,OSCVN,CTCP Du lịch Dịch vụ Dầu khí Việt Nam,https://finance.vietstock.vn/OSCVN-ctcp-du-lich-dich-vu-dau-khi-viet-nam.htm
3,OTC,NaN,Oseven,CTCP Oseven,https://finance.vietstock.vn/Oseven-ctcp-oseven.htm
3,OTC,NaN,OTG,CTCP Otran Logistics,https://finance.vietstock.vn/OTG-ctcp-otran-logistics.htm
3,OTC,NaN,OtoTienGiang,CTCP Vận tải Ô Tô Tiền Giang,https://finance.vietstock.vn/OtoTienGiang-ctcp-van-tai-o-to-tien-giang.htm
4,Khác,NaN,PacificAudit,Công ty TNHH Kiểm toán Thái Bình Dương,https://finance.vietstock.vn/PacificAudit-cong-ty-tnhh-kiem-toan-thai-binh-duong.htm
3,OTC,NaN,PACKEXIM,CTCP Sản xuất và Xuất nhập khẩu Bao bì,https://finance.vietstock.vn/PACKEXIM-ctcp-san-xuat-va-xuat-nhap-khau-bao-bi.htm
3,OTC,NaN,Packsimex,CTCP Xuất nhập khẩu Sản xuất Gia công và Bao bì,https://finance.vietstock.vn/Packsimex-ctcp-xuat-nhap-khau-san-xuat-gia-cong-va-bao-bi.htm
4,Khác,NaN,PACO,Công ty TNHH Dịch vụ Kiểm toán và Tư vấn Kế toán Bắc Đẩu,https://finance.vietstock.vn/PACO-cong-ty-tnhh-dich-vu-kiem-toan-va-tu-van-ke-toan-bac-dau.htm
3,OTC,NaN,PAMCO,CTCP Quản lý Quỹ Leadvisors,https://finance.vietstock.vn/PAMCO-ctcp-quan-ly-quy-leadvisors.htm
3,OTC,Dịch vụ tiện ích,PBK,CTCP Điện lực Dầu khí Bắc Kạn,https://finance.vietstock.vn/PBK-ctcp-dien-luc-dau-khi-bac-kan.htm
4,Khác,NaN,PDAC,Công ty TNHH Kiểm toán và Tư vấn Phan Dũng,https://finance.vietstock.vn/PDAC-cong-ty-tnhh-kiem-toan-va-tu-van-phan-dung.htm
3,OTC,Phân phối và bán lẻ hàng lâu bền,PDT,CTCP Thương mại Dầu khí Đồng Tháp,https://finance.vietstock.vn/PDT-ctcp-thuong-mai-dau-khi-dong-thap.htm
3,OTC,NaN,PeaceTour,CTCP Du lịch Hòa Bình Việt Nam,https://finance.vietstock.vn/PeaceTour-ctcp-du-lich-hoa-binh-viet-nam.htm
3,OTC,NaN,PetroKienGiang,CTCP Xăng dầu Dầu khí Kiên Giang,https://finance.vietstock.vn/PetroKienGiang-ctcp-xang-dau-dau-khi-kien-giang.htm
3,OTC,NaN,PETROMAT,CTCP Vật tư Xăng dầu Petec,https://finance.vietstock.vn/PETROMAT-ctcp-vat-tu-xang-dau-petec.htm
3,OTC,NaN,PETROMEKONG,CTCP Vận tải Dầu khí Mê Kông,https://finance.vietstock.vn/PETROMEKONG-ctcp-van-tai-dau-khi-me-kong.htm
6,Lào,NaN,PetroTrade,Công ty Thương mại Xăng dầu Lào,https://finance.vietstock.vn/PetroTrade-cong-ty-thuong-mai-xang-dau-lao.htm
4,Khác,NaN,PetroVietnam,Tập đoàn Dầu khí Việt Nam,https://finance.vietstock.vn/PetroVietnam-tap-doan-dau-khi-viet-nam.htm
3,OTC,NaN,PFH,CTCP Đầu tư Tài chính Bảo hiểm Dầu khí,https://finance.vietstock.vn/PFH-ctcp-dau-tu-tai-chinh-bao-hiem-dau-khi.htm
3,OTC,NaN,PFI,CTCP Đầu tư Tài chính Công đoàn Dầu khí Việt Nam,https://finance.vietstock.vn/PFI-ctcp-dau-tu-tai-chinh-cong-doan-dau-khi-viet-nam.htm
3,OTC,Phát triển và quản lý bất động sản,PFV,CTCP Đầu tư và Thương mại PFV,https://finance.vietstock.vn/PFV-ctcp-dau-tu-va-thuong-mai-pfv.htm
3,OTC,NaN,PhanPhoiVietnam,CTCP Đầu tư và Phát triển Hệ thống Phân phối Việt Nam,https://finance.vietstock.vn/PhanPhoiVietnam-ctcp-dau-tu-va-phat-trien-he-thong-phan-phoi-viet-nam.htm
3,OTC,NaN,PhanVu,CTCP Đầu tư Phan vũ,https://finance.vietstock.vn/PhanVu-ctcp-dau-tu-phan-vu.htm
3,OTC,NaN,PHFM,CTCP Quản lý Quỹ Phú Hưng,https://finance.vietstock.vn/PHFM-ctcp-quan-ly-quy-phu-hung.htm
3,OTC,NaN,PhimGiaiPhong,CTCP Phim Giải phóng,https://finance.vietstock.vn/PhimGiaiPhong-ctcp-phim-giai-phong.htm
3,OTC,NaN,PhimThienNgan,CTCP Phim Thiên Ngân,https://finance.vietstock.vn/PhimThienNgan-ctcp-phim-thien-ngan.htm
3,OTC,Nguyên vật liệu,PHT,CTCP Sản xuất và Thương mại Phúc Tiến,https://finance.vietstock.vn/PHT-ctcp-san-xuat-va-thuong-mai-phuc-tien.htm
3,OTC,NaN,PhuDat,CTCP Đầu tư và Xây dựng Dầu khí Phú Đạt,https://finance.vietstock.vn/PhuDat-ctcp-dau-tu-va-xay-dung-dau-khi-phu-dat.htm
3,OTC,NaN,PhuHung,CTCP Bảo hiểm Phú Hưng,https://finance.vietstock.vn/PhuHung-ctcp-bao-hiem-phu-hung.htm
4,Khác,NaN,PhuHungLife,CTCP Bảo hiểm nhân thọ Phú Hưng,https://finance.vietstock.vn/PhuHungLife-ctcp-bao-hiem-nhan-tho-phu-hung.htm
3,OTC,NaN,PhuLong,CTCP Địa ốc Phú Long,https://finance.vietstock.vn/PhuLong-ctcp-dia-oc-phu-long.htm
3,OTC,NaN,PHUMYOIL,CTCP Sản xuất và Chế biến Dầu khí Phú Mỹ,https://finance.vietstock.vn/PHUMYOIL-ctcp-san-xuat-va-che-bien-dau-khi-phu-my.htm
3,OTC,NaN,PhuongNamSF,CTCP Chế biến Thực phẩm Phương Nam,https://finance.vietstock.vn/PhuongNamSF-ctcp-che-bien-thuc-pham-phuong-nam.htm
3,OTC,NaN,PhuongTrang,CTCP Du lịch và Vận tải Phương Trang,https://finance.vietstock.vn/PhuongTrang-ctcp-du-lich-va-van-tai-phuong-trang.htm
3,OTC,NaN,PhuQuoc,CTCP Du lịch Phú Quốc,https://finance.vietstock.vn/PhuQuoc-ctcp-du-lich-phu-quoc.htm
3,OTC,NaN,PhuTung,CTCP Xuất nhập khẩu Máy và Phụ tùng,https://finance.vietstock.vn/PhuTung-ctcp-xuat-nhap-khau-may-va-phu-tung.htm
3,OTC,NaN,PIDIC,CTCP Đầu tư Phát triển Hạ tầng Phú Quốc,https://finance.vietstock.vn/PIDIC-ctcp-dau-tu-phat-trien-ha-tang-phu-quoc.htm
3,OTC,NaN,Pisico,CTCP Chế biến Gỗ nội thất Pisico,https://finance.vietstock.vn/Pisico-ctcp-che-bien-go-noi-that-pisico.htm
3,OTC,NaN,PisicoDongAn,CTCP Chế biến gỗ Pisico Đồng An,https://finance.vietstock.vn/PisicoDongAn-ctcp-che-bien-go-pisico-dong-an.htm
3,OTC,Vận tải,PKR,CTCP Đường sắt Phú Khánh,https://finance.vietstock.vn/PKR-ctcp-duong-sat-phu-khanh.htm
3,OTC,"Dược phẩm, Công nghệ sinh học và Khoa học thường thức",PME,CTCP Pymepharco,https://finance.vietstock.vn/PME-ctcp-pymepharco.htm
3,OTC,NaN,PMM,CTCP Hàng hải Phú Mỹ,https://finance.vietstock.vn/PMM-ctcp-hang-hai-phu-my.htm
4,Khác,NaN,PNB,Ngân hàng TMCP Phương Nam,https://finance.vietstock.vn/PNB-ngan-hang-tmcp-phuong-nam.htm
3,OTC,NaN,PNS,CTCP Chứng khoán Funan,https://finance.vietstock.vn/PNS-ctcp-chung-khoan-funan.htm
4,Khác,NaN,PNTAudit,Công ty TNHH Kiểm toán Quốc tế PNT,https://finance.vietstock.vn/PNTAudit-cong-ty-tnhh-kiem-toan-quoc-te-pnt.htm
3,OTC,NaN,Porycoast,CTCP Tư vấn Thiết kế Cảng - Kỹ thuật biển,https://finance.vietstock.vn/Porycoast-ctcp-tu-van-thiet-ke-cang-ky-thuat-bien.htm
3,OTC,NaN,POTRACO,CTCP Vận tải và Dịch vụ Điện lực,https://finance.vietstock.vn/POTRACO-ctcp-van-tai-va-dich-vu-dien-luc.htm
7,Campuchia,NaN,PPAP,Công ty Cảng Phnom Penh,https://finance.vietstock.vn/PPAP-cong-ty-cang-phnom-penh.htm
3,OTC,Hàng tiêu dùng và trang trí,PPG,CTCP Sản xuất - Thương mại - Dịch vụ Phú Phong,https://finance.vietstock.vn/PPG-ctcp-san-xuat-thuong-mai-dich-vu-phu-phong.htm
7,Campuchia,NaN,PPSP,Đặc khu Kinh tế Phnom Penh,https://finance.vietstock.vn/PPSP-dac-khu-kinh-te-phnom-penh.htm
7,Campuchia,NaN,PPWSA,Công ty Cấp thoát nước Phnom Penh,https://finance.vietstock.vn/PPWSA-cong-ty-cap-thoat-nuoc-phnom-penh.htm
4,Khác,NaN,Prevoir,Công ty TNHH Bảo hiểm Nhân thọ Mirae Asset Prévoir,https://finance.vietstock.vn/Prevoir-cong-ty-tnhh-bao-hiem-nhan-tho-mirae-asset-prevoir.htm
3,OTC,NaN,Proconco,CTCP Việt Pháp Sản xuất Thức ăn Gia súc PROCONCO,https://finance.vietstock.vn/Proconco-ctcp-viet-phap-san-xuat-thuc-an-gia-suc-proconco.htm
3,OTC,NaN,PROMEXCO,CTCP Sản xuất Bao bì và Hàng xuất khẩu,https://finance.vietstock.vn/PROMEXCO-ctcp-san-xuat-bao-bi-va-hang-xuat-khau.htm
3,OTC,Dịch vụ tài chính,PRUBF1,Quỹ đầu tư Cân bằng Prudential,https://finance.vietstock.vn/PRUBF1-quy-dau-tu-can-bang-prudential.htm
4,Khác,NaN,Prudential,Công ty TNHH Bảo hiểm Nhân thọ Prudiential Việt Nam,https://finance.vietstock.vn/Prudential-cong-ty-tnhh-bao-hiem-nhan-tho-prudiential-viet-nam.htm
4,Khác,NaN,PTF,Công ty Tài chính TNHH MTV Bưu Điện,https://finance.vietstock.vn/PTF-cong-ty-tai-chinh-tnhh-mtv-buu-dien.htm
3,OTC,NaN,PTHTKCNThaiNguyen,CTCP Phát Triển Hạ tầng Khu Công nghiệp Thái Nguyên,https://finance.vietstock.vn/PTHTKCNThaiNguyen-ctcp-pha´t-trien-ha-tang-khu-cong-nghiep-thai-nguyen.htm
3,OTC,NaN,PTICC,CTCP Tư vấn Đầu tư và Xây dựng Bưu điện,https://finance.vietstock.vn/PTICC-ctcp-tu-van-dau-tu-va-xay-dung-buu-dien.htm
3,OTC,Nguyên vật liệu,PTK,CTCP Luyện kim Phú Thịnh,https://finance.vietstock.vn/PTK-ctcp-luyen-kim-phu-thinh.htm
3,OTC,Phân phối và bán lẻ hàng lâu bền,PTM,CTCP Sản xuất Thương mại và Dịch vụ Ô Tô PTM,https://finance.vietstock.vn/PTM-ctcp-san-xuat-thuong-mai-va-dich-vu-o-to-ptm.htm
3,OTC,Phát triển và quản lý bất động sản,PTN,CTCP Phát triển nhà Khánh Hòa,https://finance.vietstock.vn/PTN-ctcp-phat-trien-nha-khanh-hoa.htm
3,OTC,NaN,PVCI,CTCP Đầu tư Xây lắp Dầu khí Việt Nam,https://finance.vietstock.vn/PVCI-ctcp-dau-tu-xay-lap-dau-khi-viet-nam.htm
3,OTC,NaN,PVCME,CTCP Thi Công Cơ giới và Lắp máy Dầu khí,https://finance.vietstock.vn/PVCME-ctcp-thi-cong-co-gioi-va-lap-may-dau-khi.htm
3,OTC,NaN,PVcomBank,Ngân hàng TMCP Đại chúng Việt Nam,https://finance.vietstock.vn/PVcomBank-ngan-hang-tmcp-dai-chung-viet-nam.htm
3,OTC,NaN,PVEIC,Tổng Công ty Bảo dưỡng - Sửa chữa Công trình Dầu khí,https://finance.vietstock.vn/PVEIC-tong-cong-ty-bao-duong-sua-chua-cong-trinh-dau-khi.htm
3,OTC,Dịch vụ tài chính,PVF,Tổng Công ty Tài chính Cổ phần Dầu khí Việt Nam,https://finance.vietstock.vn/PVF-tong-cong-ty-tai-chinh-co-phan-dau-khi-viet-nam.htm
3,OTC,NaN,PVFCCapital,CTCP Quản lý Quỹ Ngân hàng TMCP Đại chúng Việt Nam,https://finance.vietstock.vn/PVFCCapital-ctcp-quan-ly-quy-ngan-hang-tmcp-dai-chung-viet-nam.htm
3,OTC,NaN,PVIASSET,CTCP Quản lý Quỹ PVI,https://finance.vietstock.vn/PVIASSET-ctcp-quan-ly-quy-pvi.htm
3,OTC,NaN,PVID,CTCP Đầu tư và Xây lắp khí,https://finance.vietstock.vn/PVID-ctcp-dau-tu-va-xay-lap-khi.htm
3,OTC,NaN,PVQuangNinh,CTCP Xăng dầu Dầu khí Quảng Ninh,https://finance.vietstock.vn/PVQuangNinh-ctcp-xang-dau-dau-khi-quang-ninh.htm
3,OTC,NaN,PVSH,CTCP Vạn Khởi Thành,https://finance.vietstock.vn/PVSH-ctcp-van-khoi-thanh.htm
3,OTC,NaN,PVST,CTCP Du Lịch Dầu khí Sapa,https://finance.vietstock.vn/PVST-ctcp-du-lich-dau-khi-sapa.htm
3,OTC,NaN,PVThaiNguyen,CTCP Xăng dầu Dầu khí Thái Nguyên,https://finance.vietstock.vn/PVThaiNguyen-ctcp-xang-dau-dau-khi-thai-nguyen.htm
4,Khác,NaN,PWC,Công ty TNHH Price Waterhouse Coopers Việt Nam,https://finance.vietstock.vn/PWC-cong-ty-tnhh-price-waterhouse-coopers-viet-nam.htm
3,OTC,NaN,PXH,CTCP Xây lắp Dầu khí Hà Nội,https://finance.vietstock.vn/PXH-ctcp-xay-lap-dau-khi-ha-noi.htm
3,OTC,NaN,PXK,CTCP Đầu tư và Xây lắp Dầu khí Kinh Bắc,https://finance.vietstock.vn/PXK-ctcp-dau-tu-va-xay-lap-dau-khi-kinh-bac.htm
3,OTC,Dịch vụ chuyên biệt và thương mại,PYU,CTCP Môi trường và Công trình Đô thị Phúc Yên,https://finance.vietstock.vn/PYU-ctcp-moi-truong-va-cong-trinh-do-thi-phuc-yen.htm
3,OTC,Vận tải,QBR,CTCP Đường sắt Quảng Bình,https://finance.vietstock.vn/QBR-ctcp-duong-sat-quang-binh.htm
4,Khác,NaN,QCAudit,Công ty TNHH Kiểm toán Quy Chuẩn,https://finance.vietstock.vn/QCAudit-cong-ty-tnhh-kiem-toan-quy-chuan.htm
3,OTC,Tư liệu sản xuất,QLD,CTCP Quản lý và Xây dựng Giao thông Lạng Sơn,https://finance.vietstock.vn/QLD-ctcp-quan-ly-va-xay-dung-giao-thong-lang-son.htm
3,OTC,Vận tải,QLT,CTCP Quản lý Bảo trì Đường thủy Nội địa Số 10,https://finance.vietstock.vn/QLT-ctcp-quan-ly-bao-tri-duong-thuy-noi-dia-so-10.htm
4,Khác,NaN,QNAASC,Công ty TNHH Dịch vụ Tư vấn Tài chính Kế toán Kiểm toán Quảng Ninh,https://finance.vietstock.vn/QNAASC-cong-ty-tnhh-dich-vu-tu-van-tai-chinh-ke-toan-kiem-toan-quang-ninh.htm
3,OTC,NaN,QNSC,CTCP Cung ứng Tàu biển Quảng Ninh,https://finance.vietstock.vn/QNSC-ctcp-cung-ung-tau-bien-quang-ninh.htm
4,Khác,NaN,QuangMinh,Công ty TNHH Kiểm toán Quang Minh,https://finance.vietstock.vn/QuangMinh-cong-ty-tnhh-kiem-toan-quang-minh.htm
3,OTC,NaN,QuangtruongQT,CTCP Thương mại Dịch vụ Quảng trường Quốc tế,https://finance.vietstock.vn/QuangtruongQT-ctcp-thuong-mai-dich-vu-quang-truong-quoc-te.htm
3,OTC,NaN,QuyDauTuVN,CTCP Quản lý Quỹ Đầu tư Dragon Capital Việt Nam,https://finance.vietstock.vn/QuyDauTuVN-ctcp-quan-ly-quy-dau-tu-dragon-capital-viet-nam.htm
3,OTC,NaN,QuyVCBF,Quỹ đầu tư Cân bằng Chiến lược VCBF,https://finance.vietstock.vn/QuyVCBF-quy-dau-tu-can-bang-chien-luoc-vcbf.htm
3,OTC,NaN,QuyVietCat,CTCP Quản lý Quỹ Việt Cát,https://finance.vietstock.vn/QuyVietCat-ctcp-quan-ly-quy-viet-cat.htm
4,Khác,NaN,QVA,Công ty TNHH Kiểm toán Quảng Việt,https://finance.vietstock.vn/QVA-cong-ty-tnhh-kiem-toan-quang-viet.htm
3,OTC,NaN,RauQua1,CTCP Xuất nhập khẩu Rau Quả I,https://finance.vietstock.vn/RauQua1-ctcp-xuat-nhap-khau-rau-qua-i.htm
3,OTC,NaN,RECO,CTCP Cơ khí Cao su,https://finance.vietstock.vn/RECO-ctcp-co-khi-cao-su.htm
3,OTC,Tư liệu sản xuất,REM,CTCP Tu bổ Di tích Trung ương - Vinaremon,https://finance.vietstock.vn/REM-ctcp-tu-bo-di-tich-trung-uong-vinaremon.htm
3,OTC,NaN,REN,CTCP Xây dựng và Đầu tư KDL Sinh Thái,https://finance.vietstock.vn/REN-ctcp-xay-dung-va-dau-tu-kdl-sinh-thai.htm
3,OTC,NaN,RES10,CTCP Địa ốc 10,https://finance.vietstock.vn/RES10-ctcp-dia-oc-10.htm
3,OTC,NaN,RESCO8,CTCP Địa  ốc 8,https://finance.vietstock.vn/RESCO8-ctcp-dia-oc-8.htm
4,Khác,NaN,RESCONHA,CTCP Phát triển và Kinh doanh Nhà,https://finance.vietstock.vn/RESCONHA-ctcp-phat-trien-va-kinh-doanh-nha.htm
3,OTC,Truyền thông và giải trí,RGC,CTCP Đầu tư PV - Inconess,https://finance.vietstock.vn/RGC-ctcp-dau-tu-pv-inconess.htm
3,OTC,Dịch vụ tiện ích,RHC,CTCP Thủy điện Ry Ninh II,https://finance.vietstock.vn/RHC-ctcp-thuy-dien-ry-ninh-ii.htm
3,OTC,Tư liệu sản xuất,RHN,CTCP Đường sắt Hà Ninh,https://finance.vietstock.vn/RHN-ctcp-duong-sat-ha-ninh.htm
3,OTC,NaN,Ricons,CTCP Đầu tư Xây dựng Ricons,https://finance.vietstock.vn/Ricons-ctcp-dau-tu-xay-dung-ricons.htm
3,OTC,Tư liệu sản xuất,RLC,CTCP Đường bộ Lào Cai,https://finance.vietstock.vn/RLC-ctcp-duong-bo-lao-cai.htm
3,OTC,Tư liệu sản xuất,ROS,CTCP Xây dựng FLC Faros,https://finance.vietstock.vn/ROS-ctcp-xay-dung-flc-faros.htm
4,Khác,NaN,RoyalVN,Công ty Tư vấn Kiểm toán Hoàng Gia Việt Nam,https://finance.vietstock.vn/RoyalVN-cong-ty-tu-van-kiem-toan-hoang-gia-viet-nam.htm
3,OTC,Tư liệu sản xuất,RTH,CTCP Đường sắt Thanh Hóa,https://finance.vietstock.vn/RTH-ctcp-duong-sat-thanh-hoa.htm
3,OTC,Vận tải,RTS,CTCP Thông tin Tín hiệu Đường sắt Đà Nẵng,https://finance.vietstock.vn/RTS-ctcp-thong-tin-tin-hieu-duong-sat-da-nang.htm
3,OTC,NaN,RUID,CTCP Đầu tư Phát triển Hạ tầng và Đô thị Đường sắt,https://finance.vietstock.vn/RUID-ctcp-dau-tu-phat-trien-ha-tang-va-do-thi-duong-sat.htm
3,OTC,NaN,RUSCO,CTCP Kho vận và Dịch vụ Hàng hóa Cao su,https://finance.vietstock.vn/RUSCO-ctcp-kho-van-va-dich-vu-hang-hoa-cao-su.htm
3,OTC,NaN,RYG,CTCP Sản xuất và Đầu tư Hoàng Gia,https://finance.vietstock.vn/RYG-ctcp-san-xuat-va-dau-tu-hoang-gia.htm
3,OTC,"Thực phẩm, đồ uống và thuốc lá",S33,CTCP Mía đường 333,https://finance.vietstock.vn/S33-ctcp-mia-duong-333.htm
3,OTC,Tư liệu sản xuất,S64,CTCP Sông Đà 6.04,https://finance.vietstock.vn/S64-ctcp-song-da-6-04.htm
3,OTC,Tư liệu sản xuất,S91,CTCP Sông Đà 9.01,https://finance.vietstock.vn/S91-ctcp-song-da-9-01.htm
4,Khác,NaN,SAAC,Công ty TNHH Kế toán và Kiểm toán Phương Nam,https://finance.vietstock.vn/SAAC-cong-ty-tnhh-ke-toan-va-kiem-toan-phuong-nam.htm
3,OTC,NaN,SabecoMienDong,CTCP Thương mại Sabeco Miền Đông,https://finance.vietstock.vn/SabecoMienDong-ctcp-thuong-mai-sabeco-mien-dong.htm
3,OTC,NaN,SabecoNTB,CTCP Thương mại Bia Sài Gòn Nam Trung Bộ,https://finance.vietstock.vn/SabecoNTB-ctcp-thuong-mai-bia-sai-gon-nam-trung-bo.htm
3,OTC,NaN,SabecoSongHau,CTCP Thương mại Sabeco Sông Hậu,https://finance.vietstock.vn/SabecoSongHau-ctcp-thuong-mai-sabeco-song-hau.htm
3,OTC,NaN,SabecoTayNguyen,CTCP Thương mại Bia Sài Gòn Tây Nguyên,https://finance.vietstock.vn/SabecoTayNguyen-ctcp-thuong-mai-bia-sai-gon-tay-nguyen.htm
3,OTC,NaN,SachBinhDuong,CTCP Sách - Thiết bị Giáo dục Bình Dương,https://finance.vietstock.vn/SachBinhDuong-ctcp-sach-thiet-bi-giao-duc-binh-duong.htm
3,OTC,NaN,SachHoaBinh,CTCP Sách và Thiết bị Trường học Hòa Bình,https://finance.vietstock.vn/SachHoaBinh-ctcp-sach-va-thiet-bi-truong-hoc-hoa-binh.htm
3,OTC,NaN,SachThanhHoa,CTCP Sách và Thiết bị Trường học Thanh Hóa,https://finance.vietstock.vn/SachThanhHoa-ctcp-sach-va-thiet-bi-truong-hoc-thanh-hoa.htm
3,OTC,NaN,Sadaco,CTCP Phát triển Sản xuất Thương mại Sài Gòn,https://finance.vietstock.vn/Sadaco-ctcp-phat-trien-san-xuat-thuong-mai-sai-gon.htm
3,OTC,NaN,SAGEL,CTCP Điện tử và Dịch vụ Công nghiệp Sài Gòn,https://finance.vietstock.vn/SAGEL-ctcp-dien-tu-va-dich-vu-cong-nghiep-sai-gon.htm
4,Khác,NaN,SAGRI,Tổng Công ty Nông nghiệp Sài Gòn - TNHH MTV,https://finance.vietstock.vn/SAGRI-tong-cong-ty-nong-nghiep-sai-gon-tnhh-mtv.htm
3,OTC,NaN,Saicom,CTCP Đầu Tư và Xây dựng Bưu Chính Viễn Thông,https://finance.vietstock.vn/Saicom-ctcp-dau-tu-va-xay-dung-buu-chinh-vien-thong.htm
3,OTC,NaN,SAIGON5,CTCP Phát triển địa ốc Sài Gòn 5,https://finance.vietstock.vn/SAIGON5-ctcp-phat-trien-dia-oc-sai-gon-5.htm
3,OTC,NaN,SaiGonAir,CTCP Sài Gòn Sân Bay,https://finance.vietstock.vn/SaiGonAir-ctcp-sai-gon-san-bay.htm
3,OTC,NaN,SaiGonART,CTCP Mỹ thuật Sài Gòn,https://finance.vietstock.vn/SaiGonART-ctcp-my-thuat-sai-gon.htm
4,Khác,NaN,SaiGonAuditing,Công ty TNHH Kiểm toán - Thuế - Tư vấn Sài Gòn,https://finance.vietstock.vn/SaiGonAuditing-cong-ty-tnhh-kiem-toan-thue-tu-van-sai-gon.htm
3,OTC,NaN,SaiGonCapital,CTCP Quản lý Quỹ Sài Gòn,https://finance.vietstock.vn/SaiGonCapital-ctcp-quan-ly-quy-sai-gon.htm
4,Khác,NaN,SAIGONIPD,Công ty TNHH MTV Phát triển Khu Công nghiệp Sài Gòn,https://finance.vietstock.vn/SAIGONIPD-cong-ty-tnhh-mtv-phat-trien-khu-cong-nghiep-sai-gon.htm
3,OTC,NaN,SaiGonNinhChu,CTCP Du lịch Sài Gòn Ninh Chữ,https://finance.vietstock.vn/SaiGonNinhChu-ctcp-du-lich-sai-gon-ninh-chu.htm
3,OTC,NaN,SHINEC,CTCP Công nghiệp Tàu thủy Shinec,https://finance.vietstock.vn/SHINEC-ctcp-cong-nghiep-tau-thuy-shinec.htm
3,OTC,NaN,Saigontourist,Tổng Công ty Du lịch Sài Gòn - Công ty TNHH MTV,https://finance.vietstock.vn/Saigontourist-tong-cong-ty-du-lich-sai-gon-cong-ty-tnhh-mtv.htm
3,OTC,NaN,SaiGonXanh,CTCP Đầu tư Phát triển Địa Ốc Sài Gòn Xanh,https://finance.vietstock.vn/SaiGonXanh-ctcp-dau-tu-phat-trien-dia-oc-sai-gon-xanh.htm
4,Khác,NaN,SAMCO,Tổng Công ty Cơ Khí Giao thông Vận tải Sài Gòn TNHH MTV,https://finance.vietstock.vn/SAMCO-tong-cong-ty-co-khi-giao-thong-van-tai-sai-gon-tnhh-mtv.htm
3,OTC,NaN,SamSet,CTCP Vận tải và Dịch vụ Hàng Hải Cảng Sài Gòn,https://finance.vietstock.vn/SamSet-ctcp-van-tai-va-dich-vu-hang-hai-cang-sai-gon.htm
4,Khác,NaN,SanglapAchau,Công ty TNHH Kiểm toán Tư vấn Sáng lập Á Châu,https://finance.vietstock.vn/SanglapAchau-cong-ty-tnhh-kiem-toan-tu-van-sang-lap-a-chau.htm
4,Khác,NaN,SaoViet,Công ty TNHH Kiểm toán Sao Việt,https://finance.vietstock.vn/SaoViet-cong-ty-tnhh-kiem-toan-sao-viet.htm
3,OTC,NaN,Sapasco,CTCP Bao bì và Dịch vụ Sam Thịnh,https://finance.vietstock.vn/Sapasco-ctcp-bao-bi-va-dich-vu-sam-thinh.htm
4,Khác,NaN,SATICO,Công ty TNHH MTV Satra Tiền Giang,https://finance.vietstock.vn/SATICO-cong-ty-tnhh-mtv-satra-tien-giang.htm
4,Khác,NaN,SATRA,Tổng Công ty Thương mại Sài Gòn TNHH MTV,https://finance.vietstock.vn/SATRA-tong-cong-ty-thuong-mai-sai-gon-tnhh-mtv.htm
4,Khác,NaN,SatraTayNam,Công ty TNHH MTV Satra Tây Nam,https://finance.vietstock.vn/SatraTayNam-cong-ty-tnhh-mtv-satra-tay-nam.htm
3,OTC,NaN,SBBS,CTCP Chứng khoán Saigonbank Berjaya,https://finance.vietstock.vn/SBBS-ctcp-chung-khoan-saigonbank-berjaya.htm
3,OTC,Vận tải,SBC,CTCP Vận tải và Giao nhận Bia Sài Gòn,https://finance.vietstock.vn/SBC-ctcp-van-tai-va-giao-nhan-bia-sai-gon.htm
3,OTC,NaN,SBF,CTCP Quản lý Quỹ Sabeco,https://finance.vietstock.vn/SBF-ctcp-quan-ly-quy-sabeco.htm
4,Khác,NaN,SBF1,Quỹ đầu tư Sabeco 1,https://finance.vietstock.vn/SBF1-quy-dau-tu-sabeco-1.htm
3,OTC,"Thực phẩm, đồ uống và thuốc lá",SCA,CTCP Nông nghiệp Sông Con,https://finance.vietstock.vn/SCA-ctcp-nong-nghiep-song-con.htm
3,OTC,NaN,SCB,Ngân hàng TMCP Sài Gòn,https://finance.vietstock.vn/SCB-ngan-hang-tmcp-sai-gon.htm
3,OTC,NaN,SCCV,CTCP Than Miền Nam - Vinacomin,https://finance.vietstock.vn/SCCV-ctcp-than-mien-nam-vinacomin.htm
3,OTC,NaN,SCFC,CTCP Lương thực Nam Trung Bộ,https://finance.vietstock.vn/SCFC-ctcp-luong-thuc-nam-trung-bo.htm
3,OTC,Dịch vụ tiện ích,SCH,CTCP Thủy điện Sông Chảy 5,https://finance.vietstock.vn/SCH-ctcp-thuy-dien-song-chay-5.htm
4,Khác,NaN,SCIC,Tổng Công ty Đầu tư và Kinh doanh Vốn Nhà nước,https://finance.vietstock.vn/SCIC-tong-cong-ty-dau-tu-va-kinh-doanh-von-nha-nuoc.htm
3,OTC,NaN,SCJSC,CTCP Sài Gòn - Cam Ranh,https://finance.vietstock.vn/SCJSC-ctcp-sai-gon-cam-ranh.htm
3,OTC,"Thực phẩm, đồ uống và thuốc lá",SCV,CTCP Muối Việt Nam,https://finance.vietstock.vn/SCV-ctcp-muoi-viet-nam.htm
3,OTC,NaN,SDBP,CTCP Sông Đà Bình Phước,https://finance.vietstock.vn/SDBP-ctcp-song-da-binh-phuoc.htm
3,OTC,Tư liệu sản xuất,SDE,CTCP Kỹ thuật Điện Sông Đà,https://finance.vietstock.vn/SDE-ctcp-ky-thuat-dien-song-da.htm
3,OTC,Dịch vụ tài chính,SDF,Công ty Tài chính Cổ phần Sông Đà,https://finance.vietstock.vn/SDF-cong-ty-tai-chinh-co-phan-song-da.htm
3,OTC,Tư liệu sản xuất,SDH,CTCP Xây dựng Hạ tầng Sông Đà,https://finance.vietstock.vn/SDH-ctcp-xay-dung-ha-tang-song-da.htm
4,Khác,Phát triển và quản lý bất động sản,SDI,CTCP Đầu Tư và Phát triển Đô Thị Sài Đồng,https://finance.vietstock.vn/SDI-ctcp-dau-tu-va-phat-trien-do-thi-sai-dong.htm
3,OTC,NaN,SDL,CTCP Sông Đà - Hoàng Long,https://finance.vietstock.vn/SDL-ctcp-song-da-hoang-long.htm
3,OTC,NaN,SDNT,CTCP Sông Đà - Nha Trang,https://finance.vietstock.vn/SDNT-ctcp-song-da-nha-trang.htm
3,OTC,Tư liệu sản xuất,SDS,CTCP Xây lắp và Đầu tư Sông Đà,https://finance.vietstock.vn/SDS-ctcp-xay-lap-va-dau-tu-song-da.htm
3,OTC,NaN,SeafoodF17,CTCP Nha Trang Seafoods - F17,https://finance.vietstock.vn/SeafoodF17-ctcp-nha-trang-seafoods-f17.htm
3,OTC,NaN,SeASecurities,CTCP Chứng khoán Asean,https://finance.vietstock.vn/SeASecurities-ctcp-chung-khoan-asean.htm
3,OTC,"Thực phẩm, đồ uống và thuốc lá",SEC,CTCP Mía đường - Nhiệt điện Gia Lai,https://finance.vietstock.vn/SEC-ctcp-mia-duong-nhiet-dien-gia-lai.htm
3,OTC,Tư liệu sản xuất,SEL,CTCP Sông Đà 11 Thăng Long,https://finance.vietstock.vn/SEL-ctcp-song-da-11-thang-long.htm
3,OTC,NaN,Serrano,CTCP Serrano Việt Nam,https://finance.vietstock.vn/Serrano-ctcp-serrano-viet-nam.htm
4,Khác,NaN,SFA1,Quỹ đầu tư Chứng khoán Sài Gòn A1,https://finance.vietstock.vn/SFA1-quy-dau-tu-chung-khoan-sai-gon-a1.htm
4,Khác,NaN,SFA2,Quỹ đầu tư Chứng khoán Sài Gòn A2,https://finance.vietstock.vn/SFA2-quy-dau-tu-chung-khoan-sai-gon-a2.htm
3,OTC,Phần mềm và dịch vụ,SFT,CTCP Softech,https://finance.vietstock.vn/SFT-ctcp-softech.htm
4,Khác,NaN,SGAudit,Công ty TNHH Kiểm toán và Tin học Sài Gòn,https://finance.vietstock.vn/SGAudit-cong-ty-tnhh-kiem-toan-va-tin-hoc-sai-gon.htm
3,OTC,NaN,SGCLInresco,CTCP Đầu tư và Địa ốc Sài Gòn Chợ Lớn,https://finance.vietstock.vn/SGCLInresco-ctcp-dau-tu-va-dia-oc-sai-gon-cho-lon.htm
3,OTC,NaN,SGDiamond,CTCP Sài Gòn Kim Cương,https://finance.vietstock.vn/SGDiamond-ctcp-sai-gon-kim-cuong.htm
3,OTC,NaN,SGIC,CTCP Quản lý Quỹ đầu tư SGI,https://finance.vietstock.vn/SGIC-ctcp-quan-ly-quy-dau-tu-sgi.htm
4,Khác,NaN,SGNAudit,Công ty TNHH Kiểm toán và Tư vấn Tài chính Kế toán SGN,https://finance.vietstock.vn/SGNAudit-cong-ty-tnhh-kiem-toan-va-tu-van-tai-chinh-ke-toan-sgn.htm
3,OTC,"Thực phẩm, đồ uống và thuốc lá",SGO,CTCP Dầu thực vật Sài Gòn,https://finance.vietstock.vn/SGO-ctcp-dau-thuc-vat-sai-gon.htm
3,OTC,NaN,SGPC,CTCP Giấy Sài Gòn,https://finance.vietstock.vn/SGPC-ctcp-giay-sai-gon.htm
4,Khác,NaN,SHBFinance,Công ty TNHH MTV Ngân hàng TMCP Sài Gòn - Hà Nội,https://finance.vietstock.vn/SHBFinance-cong-ty-tnhh-mtv-ngan-hang-tmcp-sai-gon-ha-noi.htm
3,OTC,NaN,SHBS,CTCP Chứng khoán SHB,https://finance.vietstock.vn/SHBS-ctcp-chung-khoan-shb.htm
3,OTC,NaN,SHF,CTCP Quản lý Quỹ đầu tư Sài Gòn - Hà Nội,https://finance.vietstock.vn/SHF-ctcp-quan-ly-quy-dau-tu-sai-gon-ha-noi.htm
4,Khác,NaN,Shinhan,Ngân hàng TNHH MTV Shinhan Việt Nam,https://finance.vietstock.vn/Shinhan-ngan-hang-tnhh-mtv-shinhan-viet-nam.htm
4,Khác,NaN,ShinhanFi,Công ty Tài chính TNHH MTV Shinhan Việt Nam,https://finance.vietstock.vn/ShinhanFi-cong-ty-tai-chinh-tnhh-mtv-shinhan-viet-nam.htm
4,Khác,NaN,Shinhanvina,Ngân hàng Liên doanh Shinhanvina,https://finance.vietstock.vn/Shinhanvina-ngan-hang-lien-doanh-shinhanvina.htm
3,OTC,NaN,SHL,CTCP Đầu tư Sông Hồng - Thăng Long,https://finance.vietstock.vn/SHL-ctcp-dau-tu-song-hong-thang-long.htm
3,OTC,"Thực phẩm, đồ uống và thuốc lá",SHV,CTCP Hải Việt,https://finance.vietstock.vn/SHV-ctcp-hai-viet.htm
3,OTC,Vận tải,SHX,CTCP Sài Gòn Hỏa xa,https://finance.vietstock.vn/SHX-ctcp-sai-gon-hoa-xa.htm
3,OTC,Phát triển và quản lý bất động sản,SIC,CTCP ANI,https://finance.vietstock.vn/SIC-ctcp-ani.htm
7,Campuchia,NaN,Sihanoukville,Tập đoàn Quản Lý Cảng Biển Sihanoukville Autonomous Port,https://finance.vietstock.vn/Sihanoukville-tap-doan-quan-ly-cang-bien-sihanoukville-autonomous-port.htm
3,OTC,NaN,SJCG,Công ty TNHH MTV Vàng bạc Đá quý Sài Gòn - SJC,https://finance.vietstock.vn/SJCG-cong-ty-tnhh-mtv-vang-bac-da-quy-sai-gon-sjc.htm
3,OTC,NaN,SJCS,CTCP Chứng khoán ASAM,https://finance.vietstock.vn/SJCS-ctcp-chung-khoan-asam.htm
3,OTC,Tư liệu sản xuất,SKS,CTCP Công trình Giao thông Sông Đà,https://finance.vietstock.vn/SKS-ctcp-cong-trinh-giao-thong-song-da.htm
3,OTC,Dịch vụ chuyên biệt và thương mại,SLC,CTCP Dịch vụ Xuất khẩu Lao động và Chuyên gia,https://finance.vietstock.vn/SLC-ctcp-dich-vu-xuat-khau-lao-dong-va-chuyen-gia.htm
3,OTC,NaN,SLD,CTCP Địa ốc Sacom,https://finance.vietstock.vn/SLD-ctcp-dia-oc-sacom.htm
3,OTC,NaN,Smartlink,CTCP Dịch vụ Thẻ Smartlink,https://finance.vietstock.vn/Smartlink-ctcp-dich-vu-the-smartlink.htm
3,OTC,Dịch vụ tài chính,SME,CTCP Chứng khoán SME,https://finance.vietstock.vn/SME-ctcp-chung-khoan-sme.htm
3,OTC,NaN,SMEC,CTCP Quản lý Quỹ Amber,https://finance.vietstock.vn/SMEC-ctcp-quan-ly-quy-amber.htm
3,OTC,Tư liệu sản xuất,SMVC,CTCP Seoul Metal Việt Nam,https://finance.vietstock.vn/SMVC-ctcp-seoul-metal-viet-nam.htm
3,OTC,Tư liệu sản xuất,SNG,CTCP Sông Đà 10.1,https://finance.vietstock.vn/SNG-ctcp-song-da-10-1.htm
3,OTC,NaN,SocTrang,CTCP Thủy sản Sóc Trăng,https://finance.vietstock.vn/SocTrang-ctcp-thuy-san-soc-trang.htm
3,OTC,NaN,SoiTraLy,CTCP Sợi Trà Lý,https://finance.vietstock.vn/SoiTraLy-ctcp-soi-tra-ly.htm
3,OTC,Dịch vụ chuyên biệt và thương mại,SON,CTCP Cung ứng Nhân lực Quốc tế và Thương mại,https://finance.vietstock.vn/SON-ctcp-cung-ung-nhan-luc-quoc-te-va-thuong-mai.htm
3,OTC,NaN,Sonacon,CTCP Xây lắp Sonacons,https://finance.vietstock.vn/Sonacon-ctcp-xay-lap-sonacons.htm
3,OTC,NaN,SonBachTuyet,CTCP Sơn Bạch Tuyết,https://finance.vietstock.vn/SonBachTuyet-ctcp-son-bach-tuyet.htm
3,OTC,NaN,SonChatDeo,CTCP Sơn - Chất Dẻo,https://finance.vietstock.vn/SonChatDeo-ctcp-son-chat-deo.htm
3,OTC,NaN,SongDa,CTCP Vật liệu Xây dựng Sông Đà,https://finance.vietstock.vn/SongDa-ctcp-vat-lieu-xay-dung-song-da.htm
3,OTC,NaN,SongDa109,CTCP Sông Đà 10.9,https://finance.vietstock.vn/SongDa109-ctcp-song-da-10-9.htm
3,OTC,NaN,SongDa17,CTCP Sông Đà 17,https://finance.vietstock.vn/SongDa17-ctcp-song-da-17.htm
3,OTC,NaN,SongDaHoangLien,CTCP Thủy điện Sông Đà - Hoàng Liên,https://finance.vietstock.vn/SongDaHoangLien-ctcp-thuy-dien-song-da-hoang-lien.htm
3,OTC,NaN,SongHau,CTCP Chế biến Thực phẩm Sông Hậu,https://finance.vietstock.vn/SongHau-ctcp-che-bien-thuc-pham-song-hau.htm
3,OTC,NaN,SongHong,CTCP Năng lượng Sông Hồng,https://finance.vietstock.vn/SongHong-ctcp-nang-luong-song-hong.htm
4,Khác,NaN,SonlaUrenco,CTCP Môi trường và Dịch vụ Đô thị Sơn La,https://finance.vietstock.vn/SonlaUrenco-ctcp-moi-truong-va-dich-vu-do-thi-son-la.htm
3,OTC,NaN,SonTra,CTCP Đầu tư Phong Phú Sơn Trà,https://finance.vietstock.vn/SonTra-ctcp-dau-tu-phong-phu-son-tra.htm
3,OTC,NaN,SOSAL,CTCP Tập đoàn Muối Miền Nam,https://finance.vietstock.vn/SOSAL-ctcp-tap-doan-muoi-mien-nam.htm
3,OTC,Bán lẻ thực phẩm và nhu yếu phẩm,SOV,CTCP Mắt kính Sài Gòn,https://finance.vietstock.vn/SOV-ctcp-mat-kinh-sai-gon.htm
3,OTC,NaN,Sovico,CTCP Tập đoàn Sovico,https://finance.vietstock.vn/Sovico-ctcp-tap-doan-sovico.htm
3,OTC,Nguyên vật liệu,SPA,CTCP Bao bì Sài Gòn,https://finance.vietstock.vn/SPA-ctcp-bao-bi-sai-gon.htm
3,OTC,Nguyên vật liệu,SPP,CTCP Bao bì Nhựa Sài Gòn,https://finance.vietstock.vn/SPP-ctcp-bao-bi-nhua-sai-gon.htm
3,OTC,NaN,SPS,CTCP Dịch vụ Dầu khí Sài Gòn,https://finance.vietstock.vn/SPS-ctcp-dich-vu-dau-khi-sai-gon.htm
3,OTC,NaN,SPT,CTCP Dịch vụ Bưu chính Viễn thông Sài Gòn,https://finance.vietstock.vn/SPT-ctcp-dich-vu-buu-chinh-vien-thong-sai-gon.htm
4,Khác,NaN,SPTAudit,Công ty TNHH Định giá và Kiểm toán SPT,https://finance.vietstock.vn/SPTAudit-cong-ty-tnhh-dinh-gia-va-kiem-toan-spt.htm
4,Khác,NaN,SSAudit,Công ty TNHH Tư vấn - Kiểm toán S&S,https://finance.vietstock.vn/SSAudit-cong-ty-tnhh-tu-van-kiem-toan-ss.htm
3,OTC,NaN,SSGGroup,CTCP Tập đoàn S.S.G,https://finance.vietstock.vn/SSGGroup-ctcp-tap-doan-s-s-g.htm
4,Khác,NaN,SSIAM,Công ty TNHH Quản lý Quỹ SSI,https://finance.vietstock.vn/SSIAM-cong-ty-tnhh-quan-ly-quy-ssi.htm
4,Khác,NaN,SSIIMF,Quỹ đầu tư Thành viên SSI,https://finance.vietstock.vn/SSIIMF-quy-dau-tu-thanh-vien-ssi.htm
3,OTC,NaN,SSISCA,Quỹ đầu tư Lợi thế Cạnh tranh Bền vững SSI,https://finance.vietstock.vn/SSISCA-quy-dau-tu-loi-the-canh-tranh-ben-vung-ssi.htm
4,Khác,NaN,SSIVF,Quỹ Tầm Nhìn SSI,https://finance.vietstock.vn/SSIVF-quy-tam-nhin-ssi.htm
3,OTC,Tư liệu sản xuất,SSS,CTCP Sông Đà 6.06,https://finance.vietstock.vn/SSS-ctcp-song-da-6-06.htm
3,OTC,"Thực phẩm, đồ uống và thuốc lá",SST,CTCP Thương mại Bia Sài Gòn Sông Tiền,https://finance.vietstock.vn/SST-ctcp-thuong-mai-bia-sai-gon-song-tien.htm
3,OTC,Dịch vụ tiện ích,SSU,CTCP Môi trường Đô thị Sóc Sơn,https://finance.vietstock.vn/SSU-ctcp-moi-truong-do-thi-soc-son.htm
4,Khác,NaN,SSV,Công Ty TNHH Chứng Khoán Shinhan Việt Nam,https://finance.vietstock.vn/SSV-cong-ty-tnhh-chung-khoan-shinhan-viet-nam.htm
4,Khác,NaN,StandardAudit,Công ty TNHH Kiểm toán Tiêu Chuẩn,https://finance.vietstock.vn/StandardAudit-cong-ty-tnhh-kiem-toan-tieu-chuan.htm
4,Khác,NaN,StandardChartered,Ngân hàng TNHH MTV Standard Chartered Việt Nam,https://finance.vietstock.vn/StandardChartered-ngan-hang-tnhh-mtv-standard-chartered-viet-nam.htm
3,OTC,"Thực phẩm, đồ uống và thuốc lá",STD,CTCP Bia - Nước giải khát Sài Gòn - Tây Đô,https://finance.vietstock.vn/STD-ctcp-bia-nuoc-giai-khat-sai-gon-tay-do.htm
3,OTC,NaN,STI,CTCP Đầu tư Sài Gòn Thương Tín,https://finance.vietstock.vn/STI-ctcp-dau-tu-sai-gon-thuong-tin.htm
3,OTC,NaN,STJ,CTCP Vận tải Sonadezi,https://finance.vietstock.vn/STJ-ctcp-van-tai-sonadezi.htm
3,OTC,NaN,STSC,CTCP Chứng khoán STSC,https://finance.vietstock.vn/STSC-ctcp-chung-khoan-stsc.htm
3,OTC,Dịch vụ chuyên biệt và thương mại,STU,CTCP Môi Trường và Công trình Đô Thị Sơn Tây,https://finance.vietstock.vn/STU-ctcp-moi-truong-va-cong-trinh-do-thi-son-tay.htm
3,OTC,Nguyên vật liệu,STV,CTCP Chế tác Đá Việt Nam,https://finance.vietstock.vn/STV-ctcp-che-tac-da-viet-nam.htm
3,OTC,Dịch vụ chuyên biệt và thương mại,SUM,CTCP Đo đạc và Khoáng sản,https://finance.vietstock.vn/SUM-ctcp-do-dac-va-khoang-san.htm
3,OTC,NaN,SunCapital,CTCP Quản lý Quỹ đầu tư Chứng khoán Thái Dương,https://finance.vietstock.vn/SunCapital-ctcp-quan-ly-quy-dau-tu-chung-khoan-thai-duong.htm
3,OTC,NaN,SunCo,CTCP Xây dựng Thương mại Thái Dương,https://finance.vietstock.vn/SunCo-ctcp-xay-dung-thuong-mai-thai-duong.htm
3,OTC,NaN,SunGroup,CTCP Tập đoàn Mặt trời - Sun Group,https://finance.vietstock.vn/SunGroup-ctcp-tap-doan-mat-troi-sun-group.htm
4,Khác,NaN,SunLifeVN,Công ty TNHH Bảo hiểm nhân thọ Sun Life Việt Nam,https://finance.vietstock.vn/SunLifeVN-cong-ty-tnhh-bao-hiem-nhan-tho-sun-life-viet-nam.htm
3,OTC,NaN,SuThanhHa,CTCP Gốm sứ Thanh Hà,https://finance.vietstock.vn/SuThanhHa-ctcp-gom-su-thanh-ha.htm
3,OTC,NaN,SVJ,CTCP Santomas Việt Nam,https://finance.vietstock.vn/SVJ-ctcp-santomas-viet-nam.htm
3,OTC,NaN,SVL,CTCP Nhân lực Quốc tế Sovilaco,https://finance.vietstock.vn/SVL-ctcp-nhan-luc-quoc-te-sovilaco.htm
3,OTC,Dịch vụ tài chính,SVS,CTCP Chứng khoán Sao Việt,https://finance.vietstock.vn/SVS-ctcp-chung-khoan-sao-viet.htm
3,OTC,NaN,SZA,CTCP Sonadezi An Bình,https://finance.vietstock.vn/SZA-ctcp-sonadezi-an-binh.htm
3,OTC,Phân phối và bán lẻ hàng lâu bền,T12,CTCP Thương mại Dịch vụ Tràng Thi,https://finance.vietstock.vn/T12-ctcp-thuong-mai-dich-vu-trang-thi.htm
3,OTC,Tư liệu sản xuất,TA3,CTCP Đầu tư và Xây lắp Thành An 386,https://finance.vietstock.vn/TA3-ctcp-dau-tu-va-xay-lap-thanh-an-386.htm
3,OTC,"Thực phẩm, đồ uống và thuốc lá",TAC,CTCP Dầu thực vật Tường An,https://finance.vietstock.vn/TAC-ctcp-dau-thuc-vat-tuong-an.htm
3,OTC,NaN,TAFiCO,CTCP Xi măng Fico Tây Ninh,https://finance.vietstock.vn/TAFiCO-ctcp-xi-mang-fico-tay-ninh.htm
3,OTC,NaN,TAFM,CTCP Quản lý Quỹ Đầu tư Pacific Bridge,https://finance.vietstock.vn/TAFM-ctcp-quan-ly-quy-dau-tu-pacific-bridge.htm
3,OTC,Phân phối và bán lẻ hàng lâu bền,TAG,CTCP Thế Giới Số Trần Anh,https://finance.vietstock.vn/TAG-ctcp-the-gioi-so-tran-anh.htm
3,OTC,NaN,TAHUE,CTCP Thuận An,https://finance.vietstock.vn/TAHUE-ctcp-thuan-an.htm
3,OTC,NaN,TaiChinhBIDV,CTCP Đầu tư Tài chính BIDV,https://finance.vietstock.vn/TaiChinhBIDV-ctcp-dau-tu-tai-chinh-bidv.htm
4,Khác,NaN,TamViet,Công ty TNHH Kiểm toán Tâm Việt,https://finance.vietstock.vn/TamViet-cong-ty-tnhh-kiem-toan-tam-viet.htm
3,OTC,NaN,TanHung,CTCP Đầu tư Tấn Hưng,https://finance.vietstock.vn/TanHung-ctcp-dau-tu-tan-hung.htm
3,OTC,NaN,TANISUGAR,CTCP Mía đường Tây Ninh,https://finance.vietstock.vn/TANISUGAR-ctcp-mia-duong-tay-ninh.htm
3,OTC,NaN,TanLam,CTCP Nông sản Tân Lâm,https://finance.vietstock.vn/TanLam-ctcp-nong-san-tan-lam.htm
3,OTC,NaN,TanMai,CTCP Tập đoàn Tân Mai,https://finance.vietstock.vn/TanMai-ctcp-tap-doan-tan-mai.htm
4,Khác,NaN,TanManh,Công ty TNHH Thiết kế Kiến trúc Xây dựng Tấn Mạnh,https://finance.vietstock.vn/TanManh-cong-ty-tnhh-thiet-ke-kien-truc-xay-dung-tan-manh.htm
3,OTC,NaN,TanPhat,CTCP Tấn Phát,https://finance.vietstock.vn/TanPhat-ctcp-tan-phat.htm
3,OTC,NaN,TanTan,CTCP Tân Tân,https://finance.vietstock.vn/TanTan-ctcp-tan-tan.htm
3,OTC,NaN,TanThanhMy,CTCP Tân Thành Mỹ,https://finance.vietstock.vn/TanThanhMy-ctcp-tan-thanh-my.htm
3,OTC,NaN,TanTien,CTCP Dệt Tân Tiến,https://finance.vietstock.vn/TanTien-ctcp-det-tan-tien.htm
3,OTC,Dịch vụ tiện ích,TAP,CTCP Đô thị Tân An,https://finance.vietstock.vn/TAP-ctcp-do-thi-tan-an.htm
3,OTC,NaN,TAPIOCA,CTCP Khoai Mì Nước Trong,https://finance.vietstock.vn/TAPIOCA-ctcp-khoai-mi-nuoc-trong.htm
3,OTC,NaN,TapPham,CTCP Xuất nhập khẩu Tạp Phẩm,https://finance.vietstock.vn/TapPham-ctcp-xuat-nhap-khau-tap-pham.htm
3,OTC,NaN,TapPhamSG,CTCP Đầu tư và Thương mại Tạp phẩm Sài Gòn,https://finance.vietstock.vn/TapPhamSG-ctcp-dau-tu-va-thuong-mai-tap-pham-sai-gon.htm
3,OTC,NaN,TARCO,CTCP Đăng kiểm Xe cơ giới Tây Ninh,https://finance.vietstock.vn/TARCO-ctcp-dang-kiem-xe-co-gioi-tay-ninh.htm
4,Khác,NaN,TARUCO,Công ty TNHH MTV Cao su 1-5 Tây Ninh,https://finance.vietstock.vn/TARUCO-cong-ty-tnhh-mtv-cao-su-1-5-tay-ninh.htm
3,OTC,Dịch vụ tài chính,TAS,CTCP Chứng khoán Tràng An,https://finance.vietstock.vn/TAS-ctcp-chung-khoan-trang-an.htm
3,OTC,NaN,TauBienHP,CTCP Cung ứng Tàu biển Hải Phòng,https://finance.vietstock.vn/TauBienHP-ctcp-cung-ung-tau-bien-hai-phong.htm
3,OTC,NaN,TauCuoc,CTCP Tàu Cuốc,https://finance.vietstock.vn/TauCuoc-ctcp-tau-cuoc.htm
3,OTC,NaN,TayHo,CTCP Đầu Tư và Xây dựng Tây Hồ,https://finance.vietstock.vn/TayHo-ctcp-dau-tu-va-xay-dung-tay-ho.htm
3,OTC,NaN,TayHoHousing,CTCP Đầu tư Phát triển Nhà và Xây dựng Tây Hồ,https://finance.vietstock.vn/TayHoHousing-ctcp-dau-tu-phat-trien-nha-va-xay-dung-tay-ho.htm
3,OTC,NaN,TayHoQP,CTCP Đầu Tư và Xây lắp Tây Hồ,https://finance.vietstock.vn/TayHoQP-ctcp-dau-tu-va-xay-lap-tay-ho.htm
3,OTC,NaN,TayNinh,CTCP Đo đạc Địa chính Tây Ninh,https://finance.vietstock.vn/TayNinh-ctcp-do-dac-dia-chinh-tay-ninh.htm
3,OTC,Dịch vụ tiện ích,TBN,CTCP Thoát nước và Xử lý Nước thải Bắc Ninh,https://finance.vietstock.vn/TBN-ctcp-thoat-nuoc-va-xu-ly-nuoc-thai-bac-ninh.htm
4,Khác,Năng lượng,TC6,CTCP Than Cọc Sáu - Vinacomin,https://finance.vietstock.vn/TC6-ctcp-than-coc-sau-vinacomin.htm
3,OTC,NaN,TCAM,Công ty TNHH Quản lý Quỹ Thành Công,https://finance.vietstock.vn/TCAM-cong-ty-tnhh-quan-ly-quy-thanh-cong.htm
4,Khác,NaN,TCBS,CTCP Chứng khoán Kỹ thương,https://finance.vietstock.vn/TCBS-ctcp-chung-khoan-ky-thuong.htm
4,Khác,Năng lượng,TCS,CTCP Than Cao Sơn - Vinacomin,https://finance.vietstock.vn/TCS-ctcp-than-cao-son-vinacomin.htm
4,Khác,NaN,TCVN,Công ty TNHH Tư vấn Đầu tư Chứng khoán TC Capital Việt Nam,https://finance.vietstock.vn/TCVN-cong-ty-tnhh-tu-van-dau-tu-chung-khoan-tc-capital-viet-nam.htm
3,OTC,Nguyên vật liệu,TDA,CTCP Đầu tư Xây lắp và Vật liệu Xây dựng Đông Anh,https://finance.vietstock.vn/TDA-ctcp-dau-tu-xay-lap-va-vat-lieu-xay-dung-dong-anh.htm
4,Khác,NaN,TDAuditing,Công ty TNHH Kiểm toán và Tư vấn Tài chính Kế toán Thanh Đức,https://finance.vietstock.vn/TDAuditing-cong-ty-tnhh-kiem-toan-va-tu-van-tai-chinh-ke-toan-thanh-duc.htm
3,OTC,NaN,TDCorp,CTCP Phát triển Kỹ thuật Xây dựng,https://finance.vietstock.vn/TDCorp-ctcp-phat-trien-ky-thuat-xay-dung.htm
3,OTC,Tư liệu sản xuất,TDI,CTCP Tập đoàn TDI,https://finance.vietstock.vn/TDI-ctcp-tap-doan-tdi.htm
3,OTC,NaN,TDLA,CTCP Bê tông Ly tâm Thủ Đức - Long An,https://finance.vietstock.vn/TDLA-ctcp-be-tong-ly-tam-thu-duc-long-an.htm
4,Khác,Năng lượng,TDN,CTCP Than Đèo Nai - Vinacomin,https://finance.vietstock.vn/TDN-ctcp-than-deo-nai-vinacomin.htm
3,OTC,Dịch vụ tiêu dùng,TEC,CTCP TRAENCO,https://finance.vietstock.vn/TEC-ctcp-traenco.htm
4,Khác,NaN,TechcomCapital,CTCP Quản lý Quỹ Kỹ Thương,https://finance.vietstock.vn/TechcomCapital-ctcp-quan-ly-quy-ky-thuong.htm
3,OTC,NaN,TechGen,CTCP Kỹ thuật Công nghệ Sài Gòn,https://finance.vietstock.vn/TechGen-ctcp-ky-thuat-cong-nghe-sai-gon.htm
3,OTC,NaN,Tecserco,CTCP Kỹ Thuật Thương mại Dịch vụ Cảng Sài Gòn,https://finance.vietstock.vn/Tecserco-ctcp-ky-thuat-thuong-mai-dich-vu-cang-sai-gon.htm
3,OTC,NaN,TediSouth,CTCP Tư vấn Thiết kế Giao thông Vận tải Phía Nam,https://finance.vietstock.vn/TediSouth-ctcp-tu-van-thiet-ke-giao-thong-van-tai-phia-nam.htm
3,OTC,NaN,TEKCAST,CTCP Công nghệ và Truyền hình,https://finance.vietstock.vn/TEKCAST-ctcp-cong-nghe-va-truyen-hinh.htm
7,Campuchia,NaN,TelecomCambodia,Công ty Viễn thông Campuchia,https://finance.vietstock.vn/TelecomCambodia-cong-ty-vien-thong-campuchia.htm
3,OTC,Tư liệu sản xuất,THA,CTCP Tập đoàn Trường Hải,https://finance.vietstock.vn/THA-ctcp-tap-doan-truong-hai.htm
3,OTC,NaN,ThachBan,CTCP Thạch Bàn,https://finance.vietstock.vn/ThachBan-ctcp-thach-ban.htm
4,Khác,NaN,ThaiHoaCapNuoc,Công ty TNHH MTV Cấp nước Thái Hòa,https://finance.vietstock.vn/ThaiHoaCapNuoc-cong-ty-tnhh-mtv-cap-nuoc-thai-hoa.htm
4,Khác,NaN,ThangLong,Công ty TNHH Kiểm toán và Định giá Thăng Long - T.D.K,https://finance.vietstock.vn/ThangLong-cong-ty-tnhh-kiem-toan-va-dinh-gia-thang-long-t-d-k.htm
3,OTC,NaN,ThangLong9,CTCP Xây dựng Số 9 Thăng Long,https://finance.vietstock.vn/ThangLong9-ctcp-xay-dung-so-9-thang-long.htm
4,Khác,NaN,ThangLongAudit,Công ty TNHH Kiểm toán Thăng Long,https://finance.vietstock.vn/ThangLongAudit-cong-ty-tnhh-kiem-toan-thang-long.htm
3,OTC,NaN,ThangLongGTC,CTCP Thăng Long GTC,https://finance.vietstock.vn/ThangLongGTC-ctcp-thang-long-gtc.htm
3,OTC,NaN,ThangLongTSC,CTCP Cơ giới và Xây dựng Thăng Long,https://finance.vietstock.vn/ThangLongTSC-ctcp-co-gioi-va-xay-dung-thang-long.htm
3,OTC,NaN,ThanhBinh,CTCP Thanh Bình,https://finance.vietstock.vn/ThanhBinh-ctcp-thanh-binh.htm
3,OTC,NaN,ThanhCong,CTCP Thành Công,https://finance.vietstock.vn/ThanhCong-ctcp-thanh-cong.htm
4,Khác,NaN,ThanhHoaAudit,Công ty TNHH Kiểm toán Thanh Hoá,https://finance.vietstock.vn/ThanhHoaAudit-cong-ty-tnhh-kiem-toan-thanh-hoa.htm
3,OTC,NaN,ThanhHoaPort,CTCP Cảng Thanh Hóa,https://finance.vietstock.vn/ThanhHoaPort-ctcp-cang-thanh-hoa.htm
3,OTC,NaN,ThanhLe,CTCP Bao Bì Thanh Lễ,https://finance.vietstock.vn/ThanhLe-ctcp-bao-bi-thanh-le.htm
4,Khác,NaN,ThanhMinhNhat,Công ty TNHH Dịch vụ Kiểm toán Thanh Minh Nhật,https://finance.vietstock.vn/ThanhMinhNhat-cong-ty-tnhh-dich-vu-kiem-toan-thanh-minh-nhat.htm
3,OTC,NaN,ThanhNienMedia,CTCP Tập đoàn Truyền thông Thanh niên,https://finance.vietstock.vn/ThanhNienMedia-ctcp-tap-doan-truyen-thong-thanh-nien.htm
3,OTC,NaN,ThanhThanhCong,CTCP Thành Thành Công,https://finance.vietstock.vn/ThanhThanhCong-ctcp-thanh-thanh-cong.htm
4,Khác,NaN,ThanVinacomin,Tập Đoàn Công Nghiệp Than - Khoáng Sản Việt Nam,https://finance.vietstock.vn/ThanVinacomin-tap-doan-cong-nghiep-than-khoang-san-viet-nam.htm
4,Khác,NaN,ThaoNguyenXanh,Công ty TNHH Kiểm toán Thảo Nguyên Xanh,https://finance.vietstock.vn/ThaoNguyenXanh-cong-ty-tnhh-kiem-toan-thao-nguyen-xanh.htm
3,OTC,NaN,ThepDinhVu,CTCP Thép Đình Vũ,https://finance.vietstock.vn/ThepDinhVu-ctcp-thep-dinh-vu.htm
3,OTC,NaN,ThepNinhBinh,CTCP Bê tông - Thép Ninh Bình,https://finance.vietstock.vn/ThepNinhBinh-ctcp-be-tong-thep-ninh-binh.htm
3,OTC,NaN,ThepSongHong,CTCP Thép Sông Hồng,https://finance.vietstock.vn/ThepSongHong-ctcp-thep-song-hong.htm
3,OTC,NaN,ThepTanThuan,CTCP Thép Tân Thuận,https://finance.vietstock.vn/ThepTanThuan-ctcp-thep-tan-thuan.htm
3,OTC,NaN,ThepVanLoi,CTCP Thép Vạn Lợi,https://finance.vietstock.vn/ThepVanLoi-ctcp-thep-van-loi.htm
3,OTC,NaN,ThethaoHanoi,Công ty TNHH Nhà nước MTV Đầu tư - Phát triển Thể thao Hà Nội,https://finance.vietstock.vn/ThethaoHanoi-cong-ty-tnhh-nha-nuoc-mtv-dau-tu-phat-trien-the-thao-ha-noi.htm
3,OTC,Tư liệu sản xuất,THI,CTCP Thiết bị Điện,https://finance.vietstock.vn/THI-ctcp-thiet-bi-dien.htm
3,OTC,NaN,ThienHoa,CTCP Đầu tư Tài chính Thiên Hóa,https://finance.vietstock.vn/ThienHoa-ctcp-dau-tu-tai-chinh-thien-hoa.htm
3,OTC,NaN,ThienHuong,CTCP Thực phẩm Thiên Hương,https://finance.vietstock.vn/ThienHuong-ctcp-thuc-pham-thien-huong.htm
3,OTC,NaN,ThienKim,CTCP Thương mại Dịch vụ Du lịch Thiên Kim,https://finance.vietstock.vn/ThienKim-ctcp-thuong-mai-dich-vu-du-lich-thien-kim.htm
4,Khác,NaN,ThienVietAudit,Công ty TNHH Kiểm toán và Tư vấn Thiên Việt,https://finance.vietstock.vn/ThienVietAudit-cong-ty-tnhh-kiem-toan-va-tu-van-thien-viet.htm
3,OTC,NaN,ThietBiThuyLoi,CTCP Thiết bị Thủy Lợi,https://finance.vietstock.vn/ThietBiThuyLoi-ctcp-thiet-bi-thuy-loi.htm
3,OTC,NaN,Thikeco,CTCP Tư vấn Đầu tư Phát triển và Xây dựng Thikeco,https://finance.vietstock.vn/Thikeco-ctcp-tu-van-dau-tu-phat-trien-va-xay-dung-thikeco.htm
3,OTC,NaN,ThinhLiet,CTCP Đầu tư và Bê tông Thịnh Liệt,https://finance.vietstock.vn/ThinhLiet-ctcp-dau-tu-va-be-tong-thinh-liet.htm
3,OTC,NaN,THMilk,CTCP Chuỗi Thực phẩm TH,https://finance.vietstock.vn/THMilk-ctcp-chuoi-thuc-pham-th.htm
3,OTC,NaN,ThongTinEIS,CTCP Công nghệ Thông tin EIS,https://finance.vietstock.vn/ThongTinEIS-ctcp-cong-nghe-thong-tin-eis.htm
3,OTC,Vận tải,THR,CTCP Đường sắt Thuận Hải,https://finance.vietstock.vn/THR-ctcp-duong-sat-thuan-hai.htm
3,OTC,NaN,ThuanAn,CTCP Thương mại Tổng hợp Thuận An,https://finance.vietstock.vn/ThuanAn-ctcp-thuong-mai-tong-hop-thuan-an.htm
4,Khác,NaN,ThuDo,Công ty TNHH Kiểm toán Tư vấn Thủ Đô,https://finance.vietstock.vn/ThuDo-cong-ty-tnhh-kiem-toan-tu-van-thu-do.htm
3,OTC,NaN,ThuThiemDIC,CTCP Đầu tư Phát triển Thủ Thiêm,https://finance.vietstock.vn/ThuThiemDIC-ctcp-dau-tu-phat-trien-thu-thiem.htm
4,Khác,NaN,ThuychungAudit,Công ty TNHH Kiểm toán Thuỷ Chung,https://finance.vietstock.vn/ThuychungAudit-cong-ty-tnhh-kiem-toan-thuy-chung.htm
4,Khác,NaN,ThuyLoiDienBien,Công ty TNHH Xây dựng Và Dịch vụ Thủy lợi Tỉnh Điện Biên,https://finance.vietstock.vn/ThuyLoiDienBien-cong-ty-tnhh-xay-dung-va`-dich-vu-thuy-loi-tinh-dien-bien.htm
3,OTC,NaN,ThuySanKienGiang,CTCP Khai thác Thủy sản Kiên Giang,https://finance.vietstock.vn/ThuySanKienGiang-ctcp-khai-thac-thuy-san-kien-giang.htm
3,OTC,"Thực phẩm, đồ uống và thuốc lá",THV,CTCP Tập đoàn Thái Hòa Việt Nam,https://finance.vietstock.vn/THV-ctcp-tap-doan-thai-hoa-viet-nam.htm
4,Khác,Dịch vụ tiện ích,TIC,CTCP Đầu tư Điện Tây Nguyên,https://finance.vietstock.vn/TIC-ctcp-dau-tu-dien-tay-nguyen.htm
3,OTC,NaN,Tico,CTCP TICO,https://finance.vietstock.vn/Tico-ctcp-tico.htm
4,Khác,NaN,TIIDC,Công ty TNHH MTV Đầu tư Phát triển Hạ tầng Thanh Hóa,https://finance.vietstock.vn/TIIDC-cong-ty-tnhh-mtv-dau-tu-phat-trien-ha-tang-thanh-hoa.htm
4,Khác,NaN,TIKI,Công ty TNHH TI KI,https://finance.vietstock.vn/TIKI-cong-ty-tnhh-ti-ki.htm
3,OTC,NaN,TinHieu,CTCP Viễn Thông - Tín Hiệu Đường sắt,https://finance.vietstock.vn/TinHieu-ctcp-vien-thong-tin-hieu-duong-sat.htm
3,OTC,NaN,TinHoang,CTCP khoáng Sản Tín Hoằng,https://finance.vietstock.vn/TinHoang-ctcp-khoang-san-tin-hoang.htm
4,Khác,NaN,TinNghiaBank,Ngân hàng TMCP Việt Nam Tín Nghĩa,https://finance.vietstock.vn/TinNghiaBank-ngan-hang-tmcp-viet-nam-tin-nghia.htm
3,OTC,NaN,TinNghiaPetro,CTCP Xăng dầu Tín Nghĩa,https://finance.vietstock.vn/TinNghiaPetro-ctcp-xang-dau-tin-nghia.htm
3,OTC,NaN,Titco,CTCP Sản xuất và Thương mại Hàng Xuất khẩu Tân Bình,https://finance.vietstock.vn/Titco-ctcp-san-xuat-va-thuong-mai-hang-xuat-khau-tan-binh.htm
3,OTC,NaN,TKR,CTCP Cao su Tân Biên - Kampongthom,https://finance.vietstock.vn/TKR-ctcp-cao-su-tan-bien-kampongthom.htm
3,OTC,NaN,TKSC,CTCP Chứng khoán Tonkin,https://finance.vietstock.vn/TKSC-ctcp-chung-khoan-tonkin.htm
4,Khác,NaN,TKTAudit,Công ty TNHH Kiểm toán và Tư vấn TKT,https://finance.vietstock.vn/TKTAudit-cong-ty-tnhh-kiem-toan-va-tu-van-tkt.htm
3,OTC,Dịch vụ viễn thông,TLC,CTCP Viễn thông Thăng Long,https://finance.vietstock.vn/TLC-ctcp-vien-thong-thang-long.htm
3,OTC,NaN,TLCF,CTCP Quản lý Quỹ FIDES (VIỆT NAM),https://finance.vietstock.vn/TLCF-ctcp-quan-ly-quy-fides-viet-nam.htm
3,OTC,NaN,TLG6,CTCP Xây dựng số 6 Thăng Long,https://finance.vietstock.vn/TLG6-ctcp-xay-dung-so-6-thang-long.htm
3,OTC,NaN,TLMECO,CTCP Cơ khí 4 và Xây dựng Thăng Long,https://finance.vietstock.vn/TLMECO-ctcp-co-khi-4-va-xay-dung-thang-long.htm
3,OTC,NaN,TMD,CTCP Thương mại và Đại lý Dầu Tỉnh Bà Rịa - Vũng Tàu,https://finance.vietstock.vn/TMD-ctcp-thuong-mai-va-dai-ly-dau-tinh-ba-ria-vung-tau.htm
4,Khác,NaN,TMDTKH,CTCP Thương mại và Đầu tư Khánh Hòa,https://finance.vietstock.vn/TMDTKH-ctcp-thuong-mai-va-dau-tu-khanh-hoa.htm
3,OTC,NaN,TMMNThanhHoa,CTCP Thương mại Miền Núi Thanh Hóa,https://finance.vietstock.vn/TMMNThanhHoa-ctcp-thuong-mai-mien-nui-thanh-hoa.htm
3,OTC,NaN,TMPhuongDong,CTCP Sản xuất và Thương mại Phương Đông,https://finance.vietstock.vn/TMPhuongDong-ctcp-san-xuat-va-thuong-mai-phuong-dong.htm
3,OTC,NaN,TMQN,CTCP Thương mại Quảng Ninh,https://finance.vietstock.vn/TMQN-ctcp-thuong-mai-quang-ninh.htm
4,Khác,NaN,TMXDDongDuong,CTCP Thương mại và Xây dựng Đông Dương,https://finance.vietstock.vn/TMXDDongDuong-ctcp-thuong-mai-va-xay-dung-dong-duong.htm
4,Khác,Năng lượng,TND,CTCP Than Tây Nam Đá mài - Vinacomin,https://finance.vietstock.vn/TND-ctcp-than-tay-nam-da-mai-vinacomin.htm
3,OTC,Tư liệu sản xuất,TNY,CTCP Đầu tư Xây dựng Thanh Niên,https://finance.vietstock.vn/TNY-ctcp-dau-tu-xay-dung-thanh-nien.htm
3,OTC,NaN,ToanCau,CTCP Bảo hiểm Toàn cầu,https://finance.vietstock.vn/ToanCau-ctcp-bao-hiem-toan-cau.htm
3,OTC,NaN,ToanThinhPhat,CTCP Đầu tư - Kiến trúc - Xây dựng Toàn Thịnh Phát,https://finance.vietstock.vn/ToanThinhPhat-ctcp-dau-tu-kien-truc-xay-dung-toan-thinh-phat.htm
3,OTC,NaN,Todimax,CTCP Điện máy Thành phố Hồ Chí Minh,https://finance.vietstock.vn/Todimax-ctcp-dien-may-thanh-pho-ho-chi-minh.htm
3,OTC,NaN,TourismHCM,CTCP Du lịch Việt Nam Thành phố Hồ Chí Minh,https://finance.vietstock.vn/TourismHCM-ctcp-du-lich-viet-nam-thanh-pho-ho-chi-minh.htm
3,OTC,NaN,TPF,Công Ty TNHH Quản Lý Quỹ Mirae Asset (Việt Nam),https://finance.vietstock.vn/TPF-cong-ty-tnhh-quan-ly-quy-mirae-asset-viet-nam.htm
3,OTC,NaN,TraBac,CTCP Trà Bắc,https://finance.vietstock.vn/TraBac-ctcp-tra-bac.htm
3,OTC,NaN,TRACIMEXCO,CTCP Xuất nhập khẩu và Hợp tác Đầu tư GTVT,https://finance.vietstock.vn/TRACIMEXCO-ctcp-xuat-nhap-khau-va-hop-tac-dau-tu-gtvt.htm
3,OTC,NaN,Tracomeco,CTCP Cơ khí - Xây dựng Giao thông,https://finance.vietstock.vn/Tracomeco-ctcp-co-khi-xay-dung-giao-thong.htm
4,Khác,NaN,TRANCINWA,Công ty TNHH MTV Vận tải và Xếp dỡ Đường thủy Nội địa,https://finance.vietstock.vn/TRANCINWA-cong-ty-tnhh-mtv-van-tai-va-xep-do-duong-thuy-noi-dia.htm
3,OTC,NaN,TrangAn,CTCP Tràng An,https://finance.vietstock.vn/TrangAn-ctcp-trang-an.htm
3,OTC,NaN,TranPhu,CTCP Cơ điện Trần Phú,https://finance.vietstock.vn/TranPhu-ctcp-co-dien-tran-phu.htm
3,OTC,"Thực phẩm, đồ uống và thuốc lá",TRI,CTCP Nước giải khát Sài Gòn,https://finance.vietstock.vn/TRI-ctcp-nuoc-giai-khat-sai-gon.htm
3,OTC,NaN,TRICO,CTCP Đầu tư Thương mại và Xây dựng Giao thông I,https://finance.vietstock.vn/TRICO-ctcp-dau-tu-thuong-mai-va-xay-dung-giao-thong-i.htm
3,OTC,NaN,TrieuAn,CTCP Bệnh viện Đa khoa tư nhân Triều An,https://finance.vietstock.vn/TrieuAn-ctcp-benh-vien-da-khoa-tu-nhan-trieu-an.htm
3,OTC,NaN,TriThucDoanhNghiep,CTCP Tri thức Doanh nghiệp Quốc tế,https://finance.vietstock.vn/TriThucDoanhNghiep-ctcp-tri-thuc-doanh-nghiep-quoc-te.htm
4,Khác,NaN,TriThucViet,Công ty TNHH Tri Thức Việt,https://finance.vietstock.vn/TriThucViet-cong-ty-tnhh-tri-thuc-viet.htm
4,Khác,NaN,TriTue,Công ty Hợp danh Kiểm toán Trí tuệ,https://finance.vietstock.vn/TriTue-cong-ty-hop-danh-kiem-toan-tri-tue.htm
3,OTC,NaN,TrungNguyenInvest,CTCP Đầu tư Trung Nguyên,https://finance.vietstock.vn/TrungNguyenInvest-ctcp-dau-tu-trung-nguyen.htm
4,Khác,NaN,TrungTinDuc,Công ty TNHH Tư vấn - Kiểm toán Trung Tín Đức,https://finance.vietstock.vn/TrungTinDuc-cong-ty-tnhh-tu-van-kiem-toan-trung-tin-duc.htm
3,OTC,NaN,TruongSon,CTCP Trường Sơn Hà Nội,https://finance.vietstock.vn/TruongSon-ctcp-truong-son-ha-noi.htm
3,OTC,NaN,TruongSonJSC,CTCP Trường Sơn,https://finance.vietstock.vn/TruongSonJSC-ctcp-truong-son.htm
4,Khác,NaN,TruongThanhAudit,Công ty TNHH Kiểm toán Trường Thành,https://finance.vietstock.vn/TruongThanhAudit-cong-ty-tnhh-kiem-toan-truong-thanh.htm
4,Khác,NaN,TruongThinhICC,Công ty TNHH MTV Đầu tư Xây dựng Trường Thịnh,https://finance.vietstock.vn/TruongThinhICC-cong-ty-tnhh-mtv-dau-tu-xay-dung-truong-thinh.htm
3,OTC,Tư liệu sản xuất,TS5,CTCP Trường Sơn 145,https://finance.vietstock.vn/TS5-ctcp-truong-son-145.htm
3,OTC,Nguyên vật liệu,TSM,CTCP Xi măng Tiên Sơn Hà Tây,https://finance.vietstock.vn/TSM-ctcp-xi-mang-tien-son-ha-tay.htm
3,OTC,NaN,TSS,CTCP Chứng khoán Trường Sơn,https://finance.vietstock.vn/TSS-ctcp-chung-khoan-truong-son.htm
3,OTC,NaN,TTCExpress,CTCP Chuyển phát nhanh Tín Thành,https://finance.vietstock.vn/TTCExpress-ctcp-chuyen-phat-nhanh-tin-thanh.htm
3,OTC,"Thực phẩm, đồ uống và thuốc lá",TTJ,CTCP Thủy Tạ,https://finance.vietstock.vn/TTJ-ctcp-thuy-ta.htm
3,OTC,"Thực phẩm, đồ uống và thuốc lá",TTR,CTCP Du lịch Thương mại và Đầu Tư,https://finance.vietstock.vn/TTR-ctcp-du-lich-thuong-mai-va-dau-tu.htm
3,OTC,Vận tải,TTV,CTCP Thông tin Tín hiệu Đường sắt Vinh,https://finance.vietstock.vn/TTV-ctcp-thong-tin-tin-hieu-duong-sat-vinh.htm
4,Khác,NaN,TuvanAPEC,Công ty TNHH Kiểm toán và Tư vấn APEC,https://finance.vietstock.vn/TuvanAPEC-cong-ty-tnhh-kiem-toan-va-tu-van-apec.htm
3,OTC,NaN,TuyPhuoc,CTCP Xây lắp Điện Tuy Phước,https://finance.vietstock.vn/TuyPhuoc-ctcp-xay-lap-dien-tuy-phuoc.htm
4,Khác,NaN,TVAC,Công ty TNHH Kiểm toán và Tư vấn Tín Việt,https://finance.vietstock.vn/TVAC-cong-ty-tnhh-kiem-toan-va-tu-van-tin-viet.htm
3,OTC,NaN,TVAM,CTCP Quản lý Quỹ Thiên Việt,https://finance.vietstock.vn/TVAM-ctcp-quan-ly-quy-thien-viet.htm
3,OTC,NaN,TVFC,Công ty Tài chính TNHH MTV Cộng Đồng,https://finance.vietstock.vn/TVFC-cong-ty-tai-chinh-tnhh-mtv-cong-dong.htm
3,OTC,NaN,TVI,CTCP Đầu tư Truyền hình,https://finance.vietstock.vn/TVI-ctcp-dau-tu-truyen-hinh.htm
3,OTC,NaN,TVMC,CTCP Quản lý Quỹ đầu tư Thành Việt,https://finance.vietstock.vn/TVMC-ctcp-quan-ly-quy-dau-tu-thanh-viet.htm
3,OTC,"Dược phẩm, Công nghệ sinh học và Khoa học thường thức",TVP,CTCP Dược phẩm TV.Pharm,https://finance.vietstock.vn/TVP-ctcp-duoc-pham-tv-pharm.htm
3,OTC,NaN,TVSI,CTCP Chứng khoán Tân Việt,https://finance.vietstock.vn/TVSI-ctcp-chung-khoan-tan-viet.htm
3,OTC,Dịch vụ tiện ích,TVU,CTCP Công trình Đô thị Trà Vinh,https://finance.vietstock.vn/TVU-ctcp-cong-trinh-do-thi-tra-vinh.htm
3,OTC,Dịch vụ tiện ích,TVW,CTCP Cấp thoát nước Trà Vinh,https://finance.vietstock.vn/TVW-ctcp-cap-thoat-nuoc-tra-vinh.htm
3,OTC,NaN,UAMC,CTCP Cơ khí Ôtô Uông Bí,https://finance.vietstock.vn/UAMC-ctcp-co-khi-oto-uong-bi.htm
4,Khác,NaN,UHY,Công ty TNHH Dịch vụ Kiểm toán và Tư vấn UHY,https://finance.vietstock.vn/UHY-cong-ty-tnhh-dich-vu-kiem-toan-va-tu-van-uhy.htm
4,Khác,NaN,UIAudit,Công ty TNHH Kiểm toán U&I,https://finance.vietstock.vn/UIAudit-cong-ty-tnhh-kiem-toan-ui.htm
4,Khác,NaN,UICVN,Công ty Bảo hiểm Liên Hiệp,https://finance.vietstock.vn/UICVN-cong-ty-bao-hiem-lien-hiep.htm
4,Khác,NaN,Unicons,Công ty TNHH Đầu tư Xây dựng Unicons,https://finance.vietstock.vn/Unicons-cong-ty-tnhh-dau-tu-xay-dung-unicons.htm
4,Khác,NaN,UnimexHanoi,Công ty TNHH MTV Xuất nhập khẩu và Đầu tư Hà Nội,https://finance.vietstock.vn/UnimexHanoi-cong-ty-tnhh-mtv-xuat-nhap-khau-va`-dau-tu-ha-noi.htm
4,Khác,NaN,UNISTARS,Công ty TNHH Kiểm toán Quốc tế UNISTARS,https://finance.vietstock.vn/UNISTARS-cong-ty-tnhh-kiem-toan-quoc-te-unistars.htm
3,OTC,NaN,UOBAM,CTCP Quản lý Quỹ UOB Asset Management (Việt Nam),https://finance.vietstock.vn/UOBAM-ctcp-quan-ly-quy-uob-asset-management-viet-nam.htm
4,Khác,NaN,UOBBank,Ngân hàng TNHH MTV United Overseas Bank (Việt Nam),https://finance.vietstock.vn/UOBBank-ngan-hang-tnhh-mtv-united-overseas-bank-viet-nam.htm
3,OTC,NaN,Upexim,CTCP Sản xuất - Xuất nhập khẩu Lâm sản và Hàng tiểu thủ Công nghiệp,https://finance.vietstock.vn/Upexim-ctcp-san-xuat-xuat-nhap-khau-lam-san-va-hang-tieu-thu-cong-nghiep.htm
4,Khác,NaN,USCInterco,CTCP Tư vấn Đầu tư Quốc tế và Dịch vụ Thương mại USC,https://finance.vietstock.vn/USCInterco-ctcp-tu-van-dau-tu-quoc-te-va-dich-vu-thuong-mai-usc.htm
3,OTC,NaN,UXC,CTCP Chế biến Thủy sản Út Xi,https://finance.vietstock.vn/UXC-ctcp-che-bien-thuy-san-ut-xi.htm
3,OTC,NaN,V45,CTCP Đầu Tư và Xây dựng Số 45,https://finance.vietstock.vn/V45-ctcp-dau-tu-va-xay-dung-so-45.htm
4,Khác,NaN,VAAC,Công ty TNHH Kiểm toán và Kế toán Việt Nam,https://finance.vietstock.vn/VAAC-cong-ty-tnhh-kiem-toan-va-ke-toan-viet-nam.htm
4,Khác,NaN,VAC,Công ty TNHH Kiểm toán Vũng Tàu,https://finance.vietstock.vn/VAC-cong-ty-tnhh-kiem-toan-vung-tau.htm
4,Khác,NaN,VACA,Công ty TNHH Tư vấn Kiểm toán Vạn An,https://finance.vietstock.vn/VACA-cong-ty-tnhh-tu-van-kiem-toan-van-an.htm
4,Khác,NaN,VACO,Công ty TNHH Kiểm toán VACO,https://finance.vietstock.vn/VACO-cong-ty-tnhh-kiem-toan-vaco.htm
4,Khác,NaN,VACPA,Công ty TNHH Kiểm toán và Kế toán Độc lập Việt Nam,https://finance.vietstock.vn/VACPA-cong-ty-tnhh-kiem-toan-va-ke-toan-doc-lap-viet-nam.htm
4,Khác,NaN,VAE,Công ty TNHH Kiểm toán và Định giá VN,https://finance.vietstock.vn/VAE-cong-ty-tnhh-kiem-toan-va-dinh-gia-vn.htm
4,Khác,NaN,Vafaco,CTCP Vật phẩm Văn hóa Sài Gòn,https://finance.vietstock.vn/Vafaco-ctcp-vat-pham-van-hoa-sai-gon.htm
3,OTC,NaN,VanDiem,CTCP Thực phẩm Vạn Điểm,https://finance.vietstock.vn/VanDiem-ctcp-thuc-pham-van-diem.htm
3,OTC,NaN,VangAgribank,CTCP Vàng bạc đá quý ASEAN,https://finance.vietstock.vn/VangAgribank-ctcp-vang-bac-da-quy-asean.htm
3,OTC,NaN,VangBacNJC,CTCP Thương mại Vàng bạc Đá quý Phương Nam - NJC,https://finance.vietstock.vn/VangBacNJC-ctcp-thuong-mai-vang-bac-da-quy-phuong-nam-njc.htm
3,OTC,NaN,VanPhucGia,CTCP Đầu tư Vạn Phúc Gia,https://finance.vietstock.vn/VanPhucGia-ctcp-dau-tu-van-phuc-gia.htm
3,OTC,NaN,VanTaiThuy3,CTCP Vận tải Thủy Số 3,https://finance.vietstock.vn/VanTaiThuy3-ctcp-van-tai-thuy-so-3.htm
4,Khác,NaN,VanTuong,Công ty TNHH MTV Đầu tư Xây dựng Vạn Tường,https://finance.vietstock.vn/VanTuong-cong-ty-tnhh-mtv-dau-tu-xay-dung-van-tuong.htm
3,OTC,NaN,VASC,CTCP Giáo dục Quốc tế Việt Úc,https://finance.vietstock.vn/VASC-ctcp-giao-duc-quoc-te-viet-uc.htm
3,OTC,NaN,VASS,CTCP Bảo hiểm Viễn Đông,https://finance.vietstock.vn/VASS-ctcp-bao-hiem-vien-dong.htm
3,OTC,Dịch vụ chuyên biệt và thương mại,VAT,CTCP Viễn thông Vạn Xuân,https://finance.vietstock.vn/VAT-ctcp-vien-thong-van-xuan.htm
4,Khác,NaN,Vatuco378,CTCP Vatuco.378,https://finance.vietstock.vn/Vatuco378-ctcp-vatuco-378.htm
4,Khác,NaN,VBI,Công ty TNHH MTV Bảo hiểm Ngân hàng TMCP Công thương Việt Nam ,https://finance.vietstock.vn/VBI-cong-ty-tnhh-mtv-bao-hiem-ngan-hang-tmcp-cong-thuong-viet-nam.htm
4,Khác,NaN,VBSP,Ngân hàng Chính sách xã hội Việt Nam,https://finance.vietstock.vn/VBSP-ngan-hang-chinh-sach-xa-hoi-viet-nam.htm
3,OTC,NaN,VCAMBF,Quỹ đầu tư Cân bằng Bản Việt,https://finance.vietstock.vn/VCAMBF-quy-dau-tu-can-bang-ban-viet.htm
4,Khác,NaN,VCBF,Công ty TNHH Quản Lý Quỹ Đầu Tư Chứng Khoán Vietcombank (VCBF),https://finance.vietstock.vn/VCBF-cong-ty-tnhh-quan-ly-quy-dau-tu-chung-khoan-vietcombank-vcbf.htm
4,Khác,NaN,VCBS,Công ty TNHH Chứng khoán Ngân hàng TMCP Ngoại thương Việt Nam,https://finance.vietstock.vn/VCBS-cong-ty-tnhh-chung-khoan-ngan-hang-tmcp-ngoai-thuong-viet-nam.htm
3,OTC,NaN,VCFC,Công ty Tài chính TNHH MTV Lotte Việt Nam,https://finance.vietstock.vn/VCFC-cong-ty-tai-chinh-tnhh-mtv-lotte-viet-nam.htm
3,OTC,Tư liệu sản xuất,VCH,CTCP Đầu tư Xây dựng và Phát triển Hạ tầng Vinaconex,https://finance.vietstock.vn/VCH-ctcp-dau-tu-xay-dung-va-phat-trien-ha-tang-vinaconex.htm
4,Khác,NaN,VCHF,Quỹ Thành viên Y tế Bản Việt,https://finance.vietstock.vn/VCHF-quy-thanh-vien-y-te-ban-viet.htm
3,OTC,NaN,VCN,CTCP Đầu tư VCN,https://finance.vietstock.vn/VCN-ctcp-dau-tu-vcn.htm
4,Khác,NaN,VCPA,Công ty TNHH Kiểm toán Việt Tin,https://finance.vietstock.vn/VCPA-cong-ty-tnhh-kiem-toan-viet-tin.htm
3,OTC,NaN,VCTN,CTCP Tập đoàn Vật liệu Chịu Lửa Thái Nguyên,https://finance.vietstock.vn/VCTN-ctcp-tap-doan-vat-lieu-chiu-lua-thai-nguyen.htm
3,OTC,Vận tải,VCV,CTCP Vận tải Vinaconex,https://finance.vietstock.vn/VCV-ctcp-van-tai-vinaconex.htm
4,Khác,NaN,VDAC,Công ty TNHH Kiểm toán Tư vấn Rồng Việt,https://finance.vietstock.vn/VDAC-cong-ty-tnhh-kiem-toan-tu-van-rong-viet.htm
4,Khác,NaN,VDAHauGiang,CTCP Thương mại - Dịch vụ VDA Hậu Giang,https://finance.vietstock.vn/VDAHauGiang-ctcp-thuong-mai-dich-vu-vda-hau-giang.htm
4,Khác,NaN,VDBank,Ngân hàng Phát triển Việt Nam,https://finance.vietstock.vn/VDBank-ngan-hang-phat-trien-viet-nam.htm
3,OTC,Dịch vụ chuyên biệt và thương mại,VDM,Viện Dệt May,https://finance.vietstock.vn/VDM-vien-det-may.htm
3,OTC,NaN,VDSE,CTCP Chứng khoán Viễn Đông,https://finance.vietstock.vn/VDSE-ctcp-chung-khoan-vien-dong.htm
3,OTC,NaN,VECVN,Tổng công ty Đầu tư phát triển đường cao tốc Việt Nam (VEC),https://finance.vietstock.vn/VECVN-tong-cong-ty-dau-tu-phat-trien-duong-cao-toc-viet-nam-vec.htm
3,OTC,Tư liệu sản xuất,VEE,CTCP Thiết bị Điện Cẩm Phả,https://finance.vietstock.vn/VEE-ctcp-thiet-bi-dien-cam-pha.htm
3,OTC,NaN,Vegetexco,"Tổng Công ty Rau Quả, Nông Sản - CTCP",https://finance.vietstock.vn/Vegetexco-tong-cong-ty-rau-qua-nong-san-ctcp.htm
3,OTC,NaN,Vegetigi,CTCP Rau quả Tiền Giang,https://finance.vietstock.vn/Vegetigi-ctcp-rau-qua-tien-giang.htm
3,OTC,NaN,Vemedim,CTCP Sản xuất Kinh doanh Vật tư và Thuốc Thú y,https://finance.vietstock.vn/Vemedim-ctcp-san-xuat-kinh-doanh-vat-tu-va-thuoc-thu-y.htm
3,OTC,NaN,VEOF,Quỹ đầu tư Cổ phiếu Hưng Thịnh Vinacapital,https://finance.vietstock.vn/VEOF-quy-dau-tu-co-phieu-hung-thinh-vinacapital.htm
4,Khác,NaN,VF2,Quỹ đầu tư Tăng trưởng Việt Nam,https://finance.vietstock.vn/VF2-quy-dau-tu-tang-truong-viet-nam.htm
4,Khác,NaN,VFAAudit,Công ty TNHH Kiểm toán VFA,https://finance.vietstock.vn/VFAAudit-cong-ty-tnhh-kiem-toan-vfa.htm
4,Khác,NaN,VFMK,CTCP Quản lý quỹ đầu tư Việt Nam (VFM),https://finance.vietstock.vn/VFMK-ctcp-quan-ly-quy-dau-tu-viet-nam-vfm.htm
3,OTC,Dịch vụ tài chính,VFMVF1,Quỹ Đầu tư Chứng khoán Năng động DC,https://finance.vietstock.vn/VFMVF1-quy-dau-tu-chung-khoan-nang-dong-dc.htm
3,OTC,Dịch vụ tài chính,VFMVF4,Quỹ Đầu tư Doanh nghiệp Hàng đầu DC,https://finance.vietstock.vn/VFMVF4-quy-dau-tu-doanh-nghiep-hang-dau-dc.htm
3,OTC,Dịch vụ tài chính,VFMVFA,Quỹ đầu tư Năng Động Việt Nam,https://finance.vietstock.vn/VFMVFA-quy-dau-tu-nang-dong-viet-nam.htm
3,OTC,Phân phối và bán lẻ hàng lâu bền,VHI,CTCP Kinh doanh và Đầu tư Việt Hà,https://finance.vietstock.vn/VHI-ctcp-kinh-doanh-va-dau-tu-viet-ha.htm
3,OTC,"Thực phẩm, đồ uống và thuốc lá",VIA,CTCP  Vian,https://finance.vietstock.vn/VIA-ctcp-vian.htm
4,Khác,NaN,VIAAudit,Công ty TNHH Kiểm toán Quốc gia VIA,https://finance.vietstock.vn/VIAAudit-cong-ty-tnhh-kiem-toan-quoc-gia-via.htm
3,OTC,NaN,Viapco,CTCP Pin Ắc quy Vĩnh Phú,https://finance.vietstock.vn/Viapco-ctcp-pin-ac-quy-vinh-phu.htm
4,Khác,NaN,VIAVietNam,Công ty Liên doanh Bảo hiểm Quốc tế Việt Nam,https://finance.vietstock.vn/VIAVietNam-cong-ty-lien-doanh-bao-hiem-quoc-te-viet-nam.htm
3,OTC,NaN,Vibex,CTCP Bê tông Xây dựng Hà Nội,https://finance.vietstock.vn/Vibex-ctcp-be-tong-xay-dung-ha-noi.htm
3,OTC,NaN,VICEM,Tổng công ty Xi măng Việt Nam,https://finance.vietstock.vn/VICEM-tong-cong-ty-xi-mang-viet-nam.htm
3,OTC,NaN,Vicopharm,CTCP Dược Vacopharm,https://finance.vietstock.vn/Vicopharm-ctcp-duoc-vacopharm.htm
3,OTC,NaN,VICOSA,CTCP Đại lý Hàng hải - Vinacomin,https://finance.vietstock.vn/VICOSA-ctcp-dai-ly-hang-hai-vinacomin.htm
4,Khác,NaN,VIDBank,Ngân hàng TNHH MTV Public Việt Nam,https://finance.vietstock.vn/VIDBank-ngan-hang-tnhh-mtv-public-viet-nam.htm
3,OTC,NaN,VIDOCO,CTCP Thiết kế Xây lắp Viễn Đông,https://finance.vietstock.vn/VIDOCO-ctcp-thiet-ke-xay-lap-vien-dong.htm
3,OTC,NaN,VienthongBacLieu,CTCP Đầu tư - Xây lắp Viễn thông Bạc Liêu,https://finance.vietstock.vn/VienthongBacLieu-ctcp-dau-tu-xay-lap-vien-thong-bac-lieu.htm
3,OTC,NaN,VienthongBacMT,CTCP Phát triển Viễn thông Bắc Miền Trung,https://finance.vietstock.vn/VienthongBacMT-ctcp-phat-trien-vien-thong-bac-mien-trung.htm
3,OTC,NaN,VienthongCT,CTCP Đầu tư Xây dựng Viễn thông Cần Thơ,https://finance.vietstock.vn/VienthongCT-ctcp-dau-tu-xay-dung-vien-thong-can-tho.htm
3,OTC,NaN,VienthongDaLat,CTCP Dịch vụ Thương mại và Xây lắp Viễn thông Đà Lạt,https://finance.vietstock.vn/VienthongDaLat-ctcp-dich-vu-thuong-mai-va-xay-lap-vien-thong-da-lat.htm
3,OTC,NaN,VienThongDongDo,CTCP Viễn thông Đông Đô,https://finance.vietstock.vn/VienThongDongDo-ctcp-vien-thong-dong-do.htm
3,OTC,NaN,VienThongDongThap,CTCP Đầu tư Xây dựng Viễn thông Đồng Tháp,https://finance.vietstock.vn/VienThongDongThap-ctcp-dau-tu-xay-dung-vien-thong-dong-thap.htm
4,Khác,NaN,VietAnh,Công ty TNHH Kiểm toán Việt Anh,https://finance.vietstock.vn/VietAnh-cong-ty-tnhh-kiem-toan-viet-anh.htm
4,Khác,NaN,VietAuditors,Công ty TNHH Kiểm toán và Đầu tư Tài chính Nam Việt,https://finance.vietstock.vn/VietAuditors-cong-ty-tnhh-kiem-toan-va-dau-tu-tai-chinh-nam-viet.htm
3,OTC,NaN,VietBac,CTCP Bất động sản Việt Bắc,https://finance.vietstock.vn/VietBac-ctcp-bat-dong-san-viet-bac.htm
4,Khác,NaN,Vietbook,Công ty TNHH MTV Sách và Thương mại Hà Nội,https://finance.vietstock.vn/Vietbook-cong-ty-tnhh-mtv-sach-va-thuong-mai-ha-noi.htm
3,OTC,NaN,VietCapital,CTCP Quản lý Quỹ Đầu tư Chứng khoán Bản Việt,https://finance.vietstock.vn/VietCapital-ctcp-quan-ly-quy-dau-tu-chung-khoan-ban-viet.htm
3,OTC,NaN,VietCeramics,CTCP Quốc tế Gốm sứ Việt,https://finance.vietstock.vn/VietCeramics-ctcp-quoc-te-gom-su-viet.htm
4,Khác,NaN,VIETCPA,Công ty TNHH Kiểm toán Việt,https://finance.vietstock.vn/VIETCPA-cong-ty-tnhh-kiem-toan-viet.htm
4,Khác,NaN,VietDucAudit,Công ty TNHH Kiểm toán Việt Đức,https://finance.vietstock.vn/VietDucAudit-cong-ty-tnhh-kiem-toan-viet-duc.htm
4,Khác,NaN,VietDuong,Công ty TNHH Kiểm toán và Tư vấn Việt Dương,https://finance.vietstock.vn/VietDuong-cong-ty-tnhh-kiem-toan-va-tu-van-viet-duong.htm
4,Khác,NaN,VietHaAudit,Công ty TNHH Kiểm toán và Tư vấn Việt Hà,https://finance.vietstock.vn/VietHaAudit-cong-ty-tnhh-kiem-toan-va-tu-van-viet-ha.htm
3,OTC,NaN,VietHung,CTCP Việt Hưng,https://finance.vietstock.vn/VietHung-ctcp-viet-hung.htm
4,Khác,NaN,VietinbankCapital,Công ty TNHH MTV Quản lý Quỹ Ngân hàng TMCP Công thương Việt Nam,https://finance.vietstock.vn/VietinbankCapital-cong-ty-tnhh-mtv-quan-ly-quy-ngan-hang-tmcp-cong-thuong-viet-nam.htm
4,Khác,NaN,Vietland,Công ty TNHH Kiểm toán và Tư vấn Đất Việt,https://finance.vietstock.vn/Vietland-cong-ty-tnhh-kiem-toan-va-tu-van-dat-viet.htm
4,Khác,NaN,VietLongAudit,Công ty TNHH Kiểm toán Việt Long,https://finance.vietstock.vn/VietLongAudit-cong-ty-tnhh-kiem-toan-viet-long.htm
4,Khác,NaN,Vietlott,Công ty TNHH MTV Xổ số điện toán Việt Nam,https://finance.vietstock.vn/Vietlott-cong-ty-tnhh-mtv-xo-so-dien-toan-viet-nam.htm
4,Khác,NaN,VietMyAudit,Công ty TNHH Kiểm toán Việt Mỹ,https://finance.vietstock.vn/VietMyAudit-cong-ty-tnhh-kiem-toan-viet-my.htm
4,Khác,NaN,VietnamTiger,Quỹ Thành viên Con Hổ Việt Nam,https://finance.vietstock.vn/VietnamTiger-quy-thanh-vien-con-ho-viet-nam.htm
3,OTC,NaN,Vietnamtourism,CTCP Du lịch Việt Nam - Hà Nội,https://finance.vietstock.vn/Vietnamtourism-ctcp-du-lich-viet-nam-ha-noi.htm
4,Khác,NaN,VietNgaBank,Ngân hàng Liên doanh Việt - Nga,https://finance.vietstock.vn/VietNgaBank-ngan-hang-lien-doanh-viet-nga.htm
4,Khác,NaN,VietNhat,Công ty TNHH Kiểm toán Việt Nhất,https://finance.vietstock.vn/VietNhat-cong-ty-tnhh-kiem-toan-viet-nhat.htm
4,Khác,NaN,VietNhatFPT,Quỹ Thành viên Việt Nhật FPT,https://finance.vietstock.vn/VietNhatFPT-quy-thanh-vien-viet-nhat-fpt.htm
3,OTC,NaN,VietSangTao,CTCP Việt Sáng Tạo,https://finance.vietstock.vn/VietSangTao-ctcp-viet-sang-tao.htm
3,OTC,NaN,Viettel,Tập đoàn Công nghiệp - Viễn thông Quân đội (Viettel),https://finance.vietstock.vn/Viettel-tap-doan-cong-nghiep-vien-thong-quan-doi-viettel.htm
4,Khác,NaN,VietTinAudit,Công ty TNHH Kiểm toán Việt Tín,https://finance.vietstock.vn/VietTinAudit-cong-ty-tnhh-kiem-toan-viet-tin.htm
3,OTC,NaN,VIETTRANS6,CTCP Vận tải Đa Phương Thức 6,https://finance.vietstock.vn/VIETTRANS6-ctcp-van-tai-da-phuong-thuc-6.htm
4,Khác,NaN,Vietvalue,Công ty TNHH Kiểm toán và Tư vấn Chuẩn Việt,https://finance.vietstock.vn/Vietvalue-cong-ty-tnhh-kiem-toan-va-tu-van-chuan-viet.htm
3,OTC,NaN,VietY,CTCP Gạch Graint Nam Định,https://finance.vietstock.vn/VietY-ctcp-gach-graint-nam-dinh.htm
3,OTC,NaN,VIFON,CTCP Kỹ thuật Thực phẩm Việt Nam,https://finance.vietstock.vn/VIFON-ctcp-ky-thuat-thuc-pham-viet-nam.htm
3,OTC,NaN,Vigatexco,CTCP Dệt may Thắng Lợi,https://finance.vietstock.vn/Vigatexco-ctcp-det-may-thang-loi.htm
4,Khác,NaN,VIGECAM,Tổng Công ty Vật tư Nông nghiệp - CTCP,https://finance.vietstock.vn/VIGECAM-tong-cong-ty-vat-tu-nong-nghiep-ctcp.htm
3,OTC,NaN,Viger,CTCP Bia Rượu Viger,https://finance.vietstock.vn/Viger-ctcp-bia-ruou-viger.htm
3,OTC,NaN,ViglaceraPB,CTCP Bao bì và Má phanh Viglacera,https://finance.vietstock.vn/ViglaceraPB-ctcp-bao-bi-va-ma-phanh-viglacera.htm
3,OTC,NaN,ViglaceraVanHai,CTCP Viglacera Vân Hải,https://finance.vietstock.vn/ViglaceraVanHai-ctcp-viglacera-van-hai.htm
3,OTC,NaN,Viha,CTCP Viha Thống Nhất,https://finance.vietstock.vn/Viha-ctcp-viha-thong-nhat.htm
4,Khác,NaN,VIHAAC,Công ty TNHH Tư vấn và Kiểm toán VIHA,https://finance.vietstock.vn/VIHAAC-cong-ty-tnhh-tu-van-va-kiem-toan-viha.htm
3,OTC,NaN,Vikhaco,CTCP Thương mại và Đầu tư Việt Khánh,https://finance.vietstock.vn/Vikhaco-ctcp-thuong-mai-va-dau-tu-viet-khanh.htm
3,OTC,NaN,VIKOR,CTCP Tôn Vikor,https://finance.vietstock.vn/VIKOR-ctcp-ton-vikor.htm
3,OTC,NaN,VILACONA,CTCP Đầu tư Hợp tác Kinh tế Việt Lào,https://finance.vietstock.vn/VILACONA-ctcp-dau-tu-hop-tac-kinh-te-viet-lao.htm
3,OTC,NaN,Vimec,CTCP Thương mại Đầu tư VIMEC,https://finance.vietstock.vn/Vimec-ctcp-thuong-mai-dau-tu-vimec.htm
3,OTC,NaN,VimecMedical,CTCP Thiết bị Y tế VIMEC,https://finance.vietstock.vn/VimecMedical-ctcp-thiet-bi-y-te-vimec.htm
3,OTC,NaN,Vinabico,CTCP Bánh kẹo Vinabico,https://finance.vietstock.vn/Vinabico-ctcp-banh-keo-vinabico.htm
3,OTC,NaN,Vinabomi,CTCP Bột mì Bình An,https://finance.vietstock.vn/Vinabomi-ctcp-bot-mi-binh-an.htm
3,OTC,NaN,VINACAFE,CTCP Vinacafe Miền Bắc,https://finance.vietstock.vn/VINACAFE-ctcp-vinacafe-mien-bac.htm
4,Khác,NaN,VinaCapital,Tập đoàn VinaCapital,https://finance.vietstock.vn/VinaCapital-tap-doan-vinacapital.htm
4,Khác,NaN,VINACCO,Tổng Công ty Xây dựng Nông nghiệp và Phát triển Nông thôn - CT TNHH MTV,https://finance.vietstock.vn/VINACCO-tong-cong-ty-xay-dung-nong-nghiep-va-phat-trien-nong-thon-ct-tnhh-mtv.htm
4,Khác,NaN,VINACHEM,Tập đoàn Hóa chất Việt Nam,https://finance.vietstock.vn/VINACHEM-tap-doan-hoa-chat-viet-nam.htm
3,OTC,NaN,Vinachimex,CTCP Vật tư và Xuất nhập khẩu Hóa chất,https://finance.vietstock.vn/Vinachimex-ctcp-vat-tu-va-xuat-nhap-khau-hoa-chat.htm
4,Khác,NaN,VinacominLand,Công ty TNHH MTV Đầu tư Phát triển Nhà và Hạ Tầng - Vinacomin,https://finance.vietstock.vn/VinacominLand-cong-ty-tnhh-mtv-dau-tu-phat-trien-nha-va-ha-tang-vinacomin.htm
3,OTC,NaN,Vinaconex17,CTCP Xây dựng Số 17,https://finance.vietstock.vn/Vinaconex17-ctcp-xay-dung-so-17.htm
3,OTC,NaN,vinaconex91,CTCP Xây dựng Số 9.1,https://finance.vietstock.vn/vinaconex91-ctcp-xay-dung-so-9-1.htm
3,OTC,NaN,VinaconexAlphanam,CTCP Đầu tư và Phát triển Hạ tầng Vinaconex - Alphanam,https://finance.vietstock.vn/VinaconexAlphanam-ctcp-dau-tu-va-phat-trien-ha-tang-vinaconex-alphanam.htm
3,OTC,NaN,VinaconexQT,CTCP Xây dựng và Xuất nhập khẩu Quyết Thắng,https://finance.vietstock.vn/VinaconexQT-ctcp-xay-dung-va-xuat-nhap-khau-quyet-thang.htm
3,OTC,NaN,VinaconexSG,CTCP Vinaconex Sài Gòn,https://finance.vietstock.vn/VinaconexSG-ctcp-vinaconex-sai-gon.htm
3,OTC,NaN,VinaFood1,Tổng Công ty Lương thực Miền Bắc,https://finance.vietstock.vn/VinaFood1-tong-cong-ty-luong-thuc-mien-bac.htm
3,OTC,NaN,VinafoodHD,CTCP Vinafood 1 Hải Dương,https://finance.vietstock.vn/VinafoodHD-ctcp-vinafood-1-hai-duong.htm
3,OTC,NaN,Vinafor,CTCP Vinafor Đà Nẵng,https://finance.vietstock.vn/Vinafor-ctcp-vinafor-da-nang.htm
4,Khác,NaN,VINALINES,Công ty TNHH Sửa chữa Tàu biển Vinalines,https://finance.vietstock.vn/VINALINES-cong-ty-tnhh-sua-chua-tau-bien-vinalines.htm
4,Khác,NaN,VinalinesNT,Công ty TNHH MTV Vinalines Nha Trang,https://finance.vietstock.vn/VinalinesNT-cong-ty-tnhh-mtv-vinalines-nha-trang.htm
4,Khác,NaN,VINAMED,Tổng Công ty Thiết bị Y tế Việt Nam - Công ty TNHH MTV,https://finance.vietstock.vn/VINAMED-tong-cong-ty-thiet-bi-y-te-viet-nam-cong-ty-tnhh-mtv.htm
3,OTC,NaN,Vinamit,CTCP Vinamit,https://finance.vietstock.vn/Vinamit-ctcp-vinamit.htm
3,OTC,NaN,VINAMOTOR,Tổng Công ty Công nghiệp Ô tô Việt Nam - CTCP,https://finance.vietstock.vn/VINAMOTOR-tong-cong-ty-cong-nghiep-o-to-viet-nam-ctcp.htm
4,Khác,NaN,Vinapaco,Tổng Công ty Giấy Việt Nam,https://finance.vietstock.vn/Vinapaco-tong-cong-ty-giay-viet-nam.htm
4,Khác,NaN,Vinaphone,Tổng Công ty Dịch vụ Viễn Thông,https://finance.vietstock.vn/Vinaphone-tong-cong-ty-dich-vu-vien-thong.htm
3,OTC,NaN,VinaSaiGon,CTCP Sản xuất và Xuất nhập khẩu Lâm sản Sài Gòn,https://finance.vietstock.vn/VinaSaiGon-ctcp-san-xuat-va-xuat-nhap-khau-lam-san-sai-gon.htm
3,OTC,NaN,VinashinNamThanh,CTCP Công nghiệp Thủy sản Vinashin Nam Thanh,https://finance.vietstock.vn/VinashinNamThanh-ctcp-cong-nghiep-thuy-san-vinashin-nam-thanh.htm
4,Khác,NaN,Vinasiam,Ngân hàng Liên doanh Việt Thái,https://finance.vietstock.vn/Vinasiam-ngan-hang-lien-doanh-viet-thai.htm
3,OTC,NaN,VINASINO,CTCP Thiết bị Điện Vinasinio,https://finance.vietstock.vn/VINASINO-ctcp-thiet-bi-dien-vinasinio.htm
3,OTC,NaN,VinasugarI,Tổng Công ty Mía đường I - CTCP,https://finance.vietstock.vn/VinasugarI-tong-cong-ty-mia-duong-i-ctcp.htm
3,OTC,NaN,VinasugarII,Tổng Công ty Mía đường II - CTCP,https://finance.vietstock.vn/VinasugarII-tong-cong-ty-mia-duong-ii-ctcp.htm
4,Khác,NaN,Vinataba,Tổng Công ty Thuốc lá Việt Nam,https://finance.vietstock.vn/Vinataba-tong-cong-ty-thuoc-la-viet-nam.htm
3,OTC,NaN,Vinatea,Tổng Công ty Chè Việt Nam - CTCP,https://finance.vietstock.vn/Vinatea-tong-cong-ty-che-viet-nam-ctcp.htm
3,OTC,NaN,Vinatour,CTCP Du lịch và Thương mại Quốc tế Vinatour,https://finance.vietstock.vn/Vinatour-ctcp-du-lich-va-thuong-mai-quoc-te-vinatour.htm
4,Khác,NaN,VINAWACO,Tổng Công ty Xây dựng Đường thủy,https://finance.vietstock.vn/VINAWACO-tong-cong-ty-xay-dung-duong-thuy.htm
3,OTC,NaN,VinaWealth,CTCP Quản lý Quỹ VinaCapital,https://finance.vietstock.vn/VinaWealth-ctcp-quan-ly-quy-vinacapital.htm
3,OTC,NaN,VinaWind,CTCP Điện cơ Thống Nhất,https://finance.vietstock.vn/VinaWind-ctcp-dien-co-thong-nhat.htm
3,OTC,NaN,Vineco5,CTCP Xây dựng Điện VNECO 5,https://finance.vietstock.vn/Vineco5-ctcp-xay-dung-dien-vneco-5.htm
4,Khác,NaN,VinFast,Công ty TNHH Kinh doanh Thương mại và Dịch vụ VinFast,https://finance.vietstock.vn/VinFast-cong-ty-tnhh-kinh-doanh-thuong-mai-va-dich-vu-vinfast.htm
3,OTC,NaN,VinhCuu,CTCP Vĩnh Cửu,https://finance.vietstock.vn/VinhCuu-ctcp-vinh-cuu.htm
3,OTC,NaN,Vinhhao,CTCP Nước khoáng Vĩnh Hảo,https://finance.vietstock.vn/Vinhhao-ctcp-nuoc-khoang-vinh-hao.htm
3,OTC,NaN,VinhHue,CTCP Giấy Vĩnh Huê,https://finance.vietstock.vn/VinhHue-ctcp-giay-vinh-hue.htm
3,OTC,NaN,VinhLoi,CTCP Xuất nhập khẩu Vĩnh Lợi,https://finance.vietstock.vn/VinhLoi-ctcp-xuat-nhap-khau-vinh-loi.htm
3,OTC,NaN,VinhTuong,CTCP Công nghiệp Vĩnh Tường,https://finance.vietstock.vn/VinhTuong-ctcp-cong-nghiep-vinh-tuong.htm
3,OTC,NaN,Vinphaco,CTCP Dược phẩm Vĩnh Phúc,https://finance.vietstock.vn/Vinphaco-ctcp-duoc-pham-vinh-phuc.htm
3,OTC,NaN,Vipaco,CTCP VIPACO,https://finance.vietstock.vn/Vipaco-ctcp-vipaco.htm
3,OTC,NaN,Viptour,CTCP Du lịch và Xúc tiến Đầu tư,https://finance.vietstock.vn/Viptour-ctcp-du-lich-va-xuc-tien-dau-tu.htm
3,OTC,NaN,VIRASIMEX ,CTCP Xuất nhập khẩu Vật tư Thiết bị Đường sắt,https://finance.vietstock.vn/VIRASIMEX-ctcp-xuat-nhap-khau-vat-tu-thiet-bi-duong-sat.htm
3,OTC,NaN,VIRESCO,CTCP Địa ốc Vĩnh Long,https://finance.vietstock.vn/VIRESCO-ctcp-dia-oc-vinh-long.htm
3,OTC,Nguyên vật liệu,VIS,CTCP Thép Việt Ý,https://finance.vietstock.vn/VIS-ctcp-thep-viet-y.htm
3,OTC,NaN,VISE,CTCP Chứng khoán Quốc tế Việt Nam,https://finance.vietstock.vn/VISE-ctcp-chung-khoan-quoc-te-viet-nam.htm
3,OTC,NaN,VISECO,CTCP Chứng khoán Việt,https://finance.vietstock.vn/VISECO-ctcp-chung-khoan-viet.htm
3,OTC,NaN,Vitranimex,CTCP Vận tải và Thương mại,https://finance.vietstock.vn/Vitranimex-ctcp-van-tai-va-thuong-mai.htm
3,OTC,NaN,VITS,CTCP Chứng khoán VIT,https://finance.vietstock.vn/VITS-ctcp-chung-khoan-vit.htm
3,OTC,NaN,VIVASO,Tổng Công ty Vận tải thủy - CTCP,https://finance.vietstock.vn/VIVASO-tong-cong-ty-van-tai-thuy-ctcp.htm
3,OTC,NaN,Viwaseen1,CTCP Xây dựng Cấp thoát nước Số 1,https://finance.vietstock.vn/Viwaseen1-ctcp-xay-dung-cap-thoat-nuoc-so-1.htm
3,OTC,NaN,Viwaseen2,CTCP Cơ khí Xây dựng Cấp thoát nước Viwaseen.2,https://finance.vietstock.vn/Viwaseen2-ctcp-co-khi-xay-dung-cap-thoat-nuoc-viwaseen-2.htm
3,OTC,"Thực phẩm, đồ uống và thuốc lá",VKD,CTCP Nước khoáng Khánh Hòa,https://finance.vietstock.vn/VKD-ctcp-nuoc-khoang-khanh-hoa.htm
3,OTC,NaN,VLD,CTCP Bất động sản Viettronics,https://finance.vietstock.vn/VLD-ctcp-bat-dong-san-viettronics.htm
3,OTC,NaN,VLFM,CTCP Quản lý quỹ Rồng Việt,https://finance.vietstock.vn/VLFM-ctcp-quan-ly-quy-rong-viet.htm
4,Khác,NaN,VLIF,Quỹ đầu tư Tăng trưởng Việt Long,https://finance.vietstock.vn/VLIF-quy-dau-tu-tang-truong-viet-long.htm
3,OTC,NaN,VLPort,CTCP Cảng Vĩnh Long,https://finance.vietstock.vn/VLPort-ctcp-cang-vinh-long.htm
3,OTC,NaN,VMCCo,CTCP Vật tư Tổng Hợp Vĩnh Phú,https://finance.vietstock.vn/VMCCo-ctcp-vat-tu-tong-hop-vinh-phu.htm
3,OTC,Tư liệu sản xuất,VMI,CTCP Khoáng sản và Đầu tư Visaco,https://finance.vietstock.vn/VMI-ctcp-khoang-san-va-dau-tu-visaco.htm
4,Khác,NaN,VNAA,Công ty TNHH Kế toán và Kiểm toán Việt Nam VNAA,https://finance.vietstock.vn/VNAA-cong-ty-tnhh-ke-toan-va-kiem-toan-viet-nam-vnaa.htm
4,Khác,NaN,VNAAFC,Công ty TNHH Tài chính Kế toán và Kiểm toán Việt Nam,https://finance.vietstock.vn/VNAAFC-cong-ty-tnhh-tai-chinh-ke-toan-va-kiem-toan-viet-nam.htm
4,Khác,NaN,VNAAudit,Công ty TNHH Kiểm toán và Dịch vụ có đảm bảo VNA,https://finance.vietstock.vn/VNAAudit-cong-ty-tnhh-kiem-toan-va-dich-vu-co-dam-bao-vna.htm
3,OTC,NaN,VNAC,CTCP Quản lý Quỹ HD,https://finance.vietstock.vn/VNAC-ctcp-quan-ly-quy-hd.htm
4,Khác,NaN,VNAFC,Công ty TNHH Kiểm toán Kế toán và Tư vấn Tài chính Việt Nam,https://finance.vietstock.vn/VNAFC-cong-ty-tnhh-kiem-toan-ke-toan-va-tu-van-tai-chinh-viet-nam.htm
4,Khác,NaN,VNASC,Công ty TNHH Tư vấn và Kiểm toán VNASC,https://finance.vietstock.vn/VNASC-cong-ty-tnhh-tu-van-va-kiem-toan-vnasc.htm
4,Khác,NaN,VNAudit,Công ty TNHH Kiểm toán và Tư vấn Việt Nam,https://finance.vietstock.vn/VNAudit-cong-ty-tnhh-kiem-toan-va-tu-van-viet-nam.htm
3,OTC,NaN,VNCafe,Tổng công ty Cà phê Việt Nam,https://finance.vietstock.vn/VNCafe-tong-cong-ty-ca-phe-viet-nam.htm
4,Khác,NaN,VNCAudit,Công ty TNHH Kiểm toán VNC,https://finance.vietstock.vn/VNCAudit-cong-ty-tnhh-kiem-toan-vnc.htm
3,OTC,NaN,VNECO,CTCP Du Lịch Xanh Nghệ An,https://finance.vietstock.vn/VNECO-ctcp-du-lich-xanh-nghe-an.htm
3,OTC,NaN,Vneco6,CTCP Xây dựng Điện VNECO 6,https://finance.vietstock.vn/Vneco6-ctcp-xay-dung-dien-vneco-6.htm
3,OTC,NaN,Vneco7,CTCP Xây dựng Điện VNECO 7,https://finance.vietstock.vn/Vneco7-ctcp-xay-dung-dien-vneco-7.htm
3,OTC,Phân phối và bán lẻ hàng lâu bền,VNN,CTCP Đầu tư Thương mại VNN,https://finance.vietstock.vn/VNN-ctcp-dau-tu-thuong-mai-vnn.htm
4,Khác,NaN,VNPT,Tập đoàn Bưu chính Viễn thông Việt Nam,https://finance.vietstock.vn/VNPT-tap-doan-buu-chinh-vien-thong-viet-nam.htm
3,OTC,NaN,VNPTLAND,CTCP Bất động sản Bưu chính Viễn thông Việt Nam,https://finance.vietstock.vn/VNPTLAND-ctcp-bat-dong-san-buu-chinh-vien-thong-viet-nam.htm
3,OTC,NaN,VNSC,CTCP Chứng khoán Vina,https://finance.vietstock.vn/VNSC-ctcp-chung-khoan-vina.htm
4,Khác,NaN,VPAudit,Công ty TNHH Kiểm toán Nhân Tâm Việt,https://finance.vietstock.vn/VPAudit-cong-ty-tnhh-kiem-toan-nhan-tam-viet.htm
3,OTC,NaN,VPBankS,CTCP Chứng khoán VPBank,https://finance.vietstock.vn/VPBankS-ctcp-chung-khoan-vpbank.htm
4,Khác,NaN,VPF1,Quỹ đầu tư Chứng khoán Vietcombank 1,https://finance.vietstock.vn/VPF1-quy-dau-tu-chung-khoan-vietcombank-1.htm
4,Khác,NaN,VPF2,Quỹ đầu tư Chứng khoán Vietcombank 2,https://finance.vietstock.vn/VPF2-quy-dau-tu-chung-khoan-vietcombank-2.htm
4,Khác,NaN,VPF3,Quỹ đầu tư Chứng khoán Vietcombank 3,https://finance.vietstock.vn/VPF3-quy-dau-tu-chung-khoan-vietcombank-3.htm
3,OTC,NaN,VPIG,CTCP Tập đoàn Đầu tư Việt Phương,https://finance.vietstock.vn/VPIG-ctcp-tap-doan-dau-tu-viet-phuong.htm
3,OTC,NaN,VPJSC,CTCP Đầu tư Xây dựng Bưu chính Viễn thông Vũng Tàu,https://finance.vietstock.vn/VPJSC-ctcp-dau-tu-xay-dung-buu-chinh-vien-thong-vung-tau.htm
4,Khác,Nguyên vật liệu,VPK,CTCP Bao bì Dầu Thực Vật,https://finance.vietstock.vn/VPK-ctcp-bao-bi-dau-thuc-vat.htm
3,OTC,Dịch vụ tiêu dùng,VPL,CTCP Vinpearl,https://finance.vietstock.vn/VPL-ctcp-vinpearl.htm
3,OTC,NaN,VPSS,CTCP Chứng khoán VPS,https://finance.vietstock.vn/VPSS-ctcp-chung-khoan-vps.htm
3,OTC,NaN,VQSC,CTCP Chứng khoán Việt Quốc,https://finance.vietstock.vn/VQSC-ctcp-chung-khoan-viet-quoc.htm
3,OTC,NaN,VRTS,CTCP Dịch vụ Vận tải Đường sắt,https://finance.vietstock.vn/VRTS-ctcp-dich-vu-van-tai-duong-sat.htm
3,OTC,NaN,VSEC,Công ty Chứng khoán Ngân hàng Public Việt Nam,https://finance.vietstock.vn/VSEC-cong-ty-chung-khoan-ngan-hang-public-viet-nam.htm
3,OTC,NaN,VSETGROUP,CTCP Tập đoàn VSETGROUP,https://finance.vietstock.vn/VSETGROUP-ctcp-tap-doan-vsetgroup.htm
4,Khác,NaN,VSFC,Công ty Tài chính TNHH MTV Công nghiệp Tàu thuỷ,https://finance.vietstock.vn/VSFC-cong-ty-tai-chinh-tnhh-mtv-cong-nghiep-tau-thuy.htm
3,OTC,NaN,VSIndustry,CTCP VS Industry Vietnam,https://finance.vietstock.vn/VSIndustry-ctcp-vs-industry-vietnam.htm
3,OTC,NaN,VSMS,CTCP Chứng khoán VSM,https://finance.vietstock.vn/VSMS-ctcp-chung-khoan-vsm.htm
3,OTC,Vận tải,VSP,CTCP Vận tải biển và Bất động sản Việt Hải,https://finance.vietstock.vn/VSP-ctcp-van-tai-bien-va-bat-dong-san-viet-hai.htm
3,OTC,Phân phối và bán lẻ hàng lâu bền,VT1,CTCP Vật tư Bến Thành,https://finance.vietstock.vn/VT1-ctcp-vat-tu-ben-thanh.htm
3,OTC,Vận tải,VT8,CTCP Dịch vụ Vận tải Ô Tô Số 8,https://finance.vietstock.vn/VT8-ctcp-dich-vu-van-tai-o-to-so-8.htm
3,OTC,NaN,VTCC,CTCP Quản lý Quỹ Việt Tín,https://finance.vietstock.vn/VTCC-ctcp-quan-ly-quy-viet-tin.htm
3,OTC,NaN,VTCOnline,CTCP VTC Truyền thông Trực tuyến,https://finance.vietstock.vn/VTCOnline-ctcp-vtc-truyen-thong-truc-tuyen.htm
3,OTC,"Thực phẩm, đồ uống và thuốc lá",VTF,CTCP Thức ăn Chăn nuôi Việt Thắng,https://finance.vietstock.vn/VTF-ctcp-thuc-an-chan-nuoi-viet-thang.htm
3,OTC,NaN,VTPGroup,CTCP Tập đoàn Vạn Thịnh Phát,https://finance.vietstock.vn/VTPGroup-ctcp-tap-doan-van-thinh-phat.htm
3,OTC,NaN,VTSC,CTCP Chứng khoán Việt Thành,https://finance.vietstock.vn/VTSC-ctcp-chung-khoan-viet-thanh.htm
3,OTC,NaN,VTSS,CTCP Chứng khoán Việt Tín,https://finance.vietstock.vn/VTSS-ctcp-chung-khoan-viet-tin.htm
3,OTC,NaN,VTT,CTCP Công nghệ Việt Thành,https://finance.vietstock.vn/VTT-ctcp-cong-nghe-viet-thanh.htm
3,OTC,NaN,VuaNem,CTCP Vua Nệm,https://finance.vietstock.vn/VuaNem-ctcp-vua-nem.htm
3,OTC,NaN,VUG,CTCP Thủy sản Việt úc,https://finance.vietstock.vn/VUG-ctcp-thuy-san-viet-uc.htm
3,OTC,NaN,VungTauShip,CTCP Dịch vụ và Vận tải Biển Vũng Tàu,https://finance.vietstock.vn/VungTauShip-ctcp-dich-vu-va-van-tai-bien-vung-tau.htm
3,OTC,NaN,VVF,Công Tài chính Cổ Phần Vinaconex - Viettel,https://finance.vietstock.vn/VVF-cong-tai-chinh-co-phan-vinaconex-viettel.htm
4,Khác,NaN,WEB,Ngân hàng TMCP Phương Tây,https://finance.vietstock.vn/WEB-ngan-hang-tmcp-phuong-tay.htm
4,Khác,NaN,WooriBank,Ngân hàng TNHH MTV Woori Việt Nam,https://finance.vietstock.vn/WooriBank-ngan-hang-tnhh-mtv-woori-viet-nam.htm
4,Khác,NaN,WTB,CTCP Thủy điện To Buông,https://finance.vietstock.vn/WTB-ctcp-thuy-dien-to-buong.htm
3,OTC,Dịch vụ tiện ích,WTN,CTCP Cấp thoát nước Tây Ninh,https://finance.vietstock.vn/WTN-ctcp-cap-thoat-nuoc-tay-ninh.htm
3,OTC,Nguyên vật liệu,X18,CTCP Xi măng X18,https://finance.vietstock.vn/X18-ctcp-xi-mang-x18.htm
3,OTC,NaN,X78,CTCP ACC-78,https://finance.vietstock.vn/X78-ctcp-acc-78.htm
3,OTC,NaN,XayDung14,CTCP Xây dựng Số 14,https://finance.vietstock.vn/XayDung14-ctcp-xay-dung-so-14.htm
3,OTC,NaN,XayDung204,CTCP Xây dựng 204,https://finance.vietstock.vn/XayDung204-ctcp-xay-dung-204.htm
3,OTC,NaN,XayDung24,CTCP Đầu tư và Xây dựng 24,https://finance.vietstock.vn/XayDung24-ctcp-dau-tu-va-xay-dung-24.htm
3,OTC,NaN,XayDung40,CTCP Xây dựng 40,https://finance.vietstock.vn/XayDung40-ctcp-xay-dung-40.htm
3,OTC,NaN,XayDung720,CTCP Vật liệu Xây dựng 720,https://finance.vietstock.vn/XayDung720-ctcp-vat-lieu-xay-dung-720.htm
3,OTC,NaN,XaylapGialai,CTCP Xây lắp và Phát triển Bưu điện Gia Lai,https://finance.vietstock.vn/XaylapGialai-ctcp-xay-lap-va-phat-trien-buu-dien-gia-lai.htm
3,OTC,NaN,XayLapHoangLien,CTCP Xây lắp Sông Đà Hoàng Liên,https://finance.vietstock.vn/XayLapHoangLien-ctcp-xay-lap-song-da-hoang-lien.htm
3,OTC,NaN,XDBD,CTCP Xây dựng Bình Dương,https://finance.vietstock.vn/XDBD-ctcp-xay-dung-binh-duong.htm
3,OTC,NaN,XDBinhDinh,CTCP Đầu tư và Xây dựng Bình Định,https://finance.vietstock.vn/XDBinhDinh-ctcp-dau-tu-va-xay-dung-binh-dinh.htm
3,OTC,NaN,XDBinhDuong,CTCP Tư vấn Xây dựng Tổng hợp Bình Dương,https://finance.vietstock.vn/XDBinhDuong-ctcp-tu-van-xay-dung-tong-hop-binh-duong.htm
3,OTC,Tư liệu sản xuất,XDC,CTCP Xây Dựng Công Trình Tân Cảng,https://finance.vietstock.vn/XDC-ctcp-xay-dung-cong-trinh-tan-cang.htm
3,OTC,NaN,XDCT507,CTCP Xây dựng Công trình 507,https://finance.vietstock.vn/XDCT507-ctcp-xay-dung-cong-trinh-507.htm
3,OTC,NaN,XDHTCanTho,CTCP Xây dựng Hạ tầng Khu Công nghiệp Cần Thơ,https://finance.vietstock.vn/XDHTCanTho-ctcp-xay-dung-ha-tang-khu-cong-nghiep-can-tho.htm
4,Khác,NaN,XDTruongThanh,Công ty TNHH MTV Trường Thành,https://finance.vietstock.vn/XDTruongThanh-cong-ty-tnhh-mtv-truong-thanh.htm
3,OTC,NaN,XDVinaconex,CTCP Xây dựng và Dịch vụ Vinaconex,https://finance.vietstock.vn/XDVinaconex-ctcp-xay-dung-va-dich-vu-vinaconex.htm
3,OTC,NaN,XeThaiBinh,CTCP Xe khách Thái Bình,https://finance.vietstock.vn/XeThaiBinh-ctcp-xe-khach-thai-binh.htm
3,OTC,NaN,XiMangBacGiang,CTCP Xi măng Bắc Giang,https://finance.vietstock.vn/XiMangBacGiang-ctcp-xi-mang-bac-giang.htm
3,OTC,NaN,XiMangGiaLai,CTCP Xi măng Gia Lai,https://finance.vietstock.vn/XiMangGiaLai-ctcp-xi-mang-gia-lai.htm
3,OTC,NaN,XiMangKienGiang,CTCP Xi măng Kiên Giang,https://finance.vietstock.vn/XiMangKienGiang-ctcp-xi-mang-kien-giang.htm
3,OTC,NaN,XimangTayDo,CTCP Xi măng Tây Đô,https://finance.vietstock.vn/XimangTayDo-ctcp-xi-mang-tay-do.htm
3,OTC,NaN,XMCOSEVCO,Tổng Công ty Miền Trung - CTCP,https://finance.vietstock.vn/XMCOSEVCO-tong-cong-ty-mien-trung-ctcp.htm
3,OTC,NaN,XMTuyenQuang,CTCP Xi măng Tuyên Quang,https://finance.vietstock.vn/XMTuyenQuang-ctcp-xi-mang-tuyen-quang.htm
3,OTC,NaN,XNKNinhBinh,CTCP Sản xuất Xuất nhập khẩu Ninh Bình,https://finance.vietstock.vn/XNKNinhBinh-ctcp-san-xuat-xuat-nhap-khau-ninh-binh.htm
3,OTC,NaN,XNKNongSan,CTCP Dịch vụ - Xuất nhập khẩu Nông sản Hà Nội,https://finance.vietstock.vn/XNKNongSan-ctcp-dich-vu-xuat-nhap-khau-nong-san-ha-noi.htm
3,OTC,NaN,XNKSaigontourist,CTCP Xuất nhập khẩu Saigontourist,https://finance.vietstock.vn/XNKSaigontourist-ctcp-xuat-nhap-khau-saigontourist.htm
3,OTC,NaN,XNKThaiBinh,CTCP Xuất nhập khẩu Tỉnh Thái Bình,https://finance.vietstock.vn/XNKThaiBinh-ctcp-xuat-nhap-khau-tinh-thai-binh.htm
3,OTC,NaN,XuatKhauLongAn,CTCP May Xuất khẩu Long An,https://finance.vietstock.vn/XuatKhauLongAn-ctcp-may-xuat-khau-long-an.htm
3,OTC,NaN,Yeah1Edigital,CTCP Yeah1 Edigital,https://finance.vietstock.vn/Yeah1Edigital-ctcp-yeah1-edigital.htm
3,OTC,NaN,YenBai,CTCP Xây dựng Số 3 Yên Bái,https://finance.vietstock.vn/YenBai-ctcp-xay-dung-so-3-yen-bai.htm
3,OTC,Vận tải,YRC,CTCP Đường sắt Yên Lào,https://finance.vietstock.vn/YRC-ctcp-duong-sat-yen-lao.htm
3,OTC,Nguyên vật liệu,YSC,CTCP Hapaco Yên Sơn,https://finance.vietstock.vn/YSC-ctcp-hapaco-yen-son.htm
4,Khác,Dịch vụ tài chính,YSVN,Công ty TNHH Chứng khoán Yuanta Việt Nam,https://finance.vietstock.vn/YSVN-cong-ty-tnhh-chung-khoan-yuanta-viet-nam.htm
4,Khác,NaN,ÐTPTTruongAn,Công ty TNHH MTV Đầu tư và Phát triển Trường An,https://finance.vietstock.vn/ÐTPTTruongAn-cong-ty-tnhh-mtv-dau-tu-va-phat-trien-truong-an.htm
