ID,CatID,Exchange,IndustryName,Code,Name,TotalShares,URL,Row,TotalRecord
4712,5,UPCoM,Hàng tiêu dùng và trang trí,A32,CTCP 32,6800000,https://finance.vietstock.vn/A32-ctcp-32.htm,1,3275
2541,1,HOSE,Nguyên vật liệu,AAA,CTCP Nhựa An Phát Xanh,382274496,https://finance.vietstock.vn/AAA-ctcp-nhua-an-phat-xanh.htm,2,3275
5601,5,UPCoM,Năng lượng,AAH,CTCP Hợp Nhất,117900000,https://finance.vietstock.vn/AAH-ctcp-hop-nhat.htm,3,3275
1813,1,HOSE,"Thực phẩm, đồ uống và thuốc lá",AAM,CTCP Thủy sản MeKong,12346411,https://finance.vietstock.vn/AAM-ctcp-thuy-san-mekong.htm,4,3275
1339,5,UPCoM,Dịch vụ tài chính,AAS,CTCP Chứng khoán SmartInvest ,229999521,https://finance.vietstock.vn/AAS-ctcp-chung-khoan-smartinvest.htm,5,3275
3905,1,HOSE,Hàng tiêu dùng và trang trí,AAT,CTCP Tập Đoàn Tiên Sơn Thanh Hóa ,70819103,https://finance.vietstock.vn/AAT-ctcp-tap-doan-tien-son-thanh-hoa.htm,6,3275
4522,2,HNX,Phát triển và quản lý bất động sản,AAV,CTCP AAV Group,68987661,https://finance.vietstock.vn/AAV-ctcp-aav-group.htm,7,3275
1196,5,UPCoM,Tổ chức tín dụng,ABB,Ngân hàng TMCP An Bình,1035036762,https://finance.vietstock.vn/ABB-ngan-hang-tmcp-an-binh.htm,8,3275
2920,5,UPCoM,Dịch vụ viễn thông,ABC,CTCP Truyền thông VMG,20393000,https://finance.vietstock.vn/ABC-ctcp-truyen-thong-vmg.htm,9,3275
1786,5,UPCoM,Bảo hiểm,ABI,CTCP Bảo hiểm Ngân hàng Nông nghiệp Việt Nam,72391750,https://finance.vietstock.vn/ABI-ctcp-bao-hiem-ngan-hang-nong-nghiep-viet-nam.htm,10,3275
4473,1,HOSE,Dịch vụ viễn thông,ABR,CTCP Đầu tư Nhãn hiệu Việt,20000000,https://finance.vietstock.vn/ABR-ctcp-dau-tu-nhan-hieu-viet.htm,11,3275
4784,1,HOSE,Nguyên vật liệu,ABS,CTCP Dịch vụ Nông nghiệp Bình Thuận,80000000,https://finance.vietstock.vn/ABS-ctcp-dich-vu-nong-nghiep-binh-thuan.htm,12,3275
783,1,HOSE,"Thực phẩm, đồ uống và thuốc lá",ABT,CTCP Xuất nhập khẩu Thủy sản Bến Tre,14387207,https://finance.vietstock.vn/ABT-ctcp-xuat-nhap-khau-thuy-san-ben-tre.htm,13,3275
1318,5,UPCoM,Dịch vụ tài chính,ABW,CTCP Chứng khoán An Bình,101150000,https://finance.vietstock.vn/ABW-ctcp-chung-khoan-an-binh.htm,14,3275
885,1,HOSE,Tổ chức tín dụng,ACB,Ngân hàng TMCP Á Châu,4466657912,https://finance.vietstock.vn/ACB-ngan-hang-tmcp-a-chau.htm,15,3275
2041,1,HOSE,Nguyên vật liệu,ACC,CTCP Đầu tư và Xây dựng Bình Dương ACC,104999993,https://finance.vietstock.vn/ACC-ctcp-dau-tu-va-xay-dung-binh-duong-acc.htm,16,3275
1525,5,UPCoM,Nguyên vật liệu,ACE,CTCP Bê tông Ly tâm An Giang,3050781,https://finance.vietstock.vn/ACE-ctcp-be-tong-ly-tam-an-giang.htm,17,3275
4793,1,HOSE,Nguyên vật liệu,ACG,CTCP Gỗ An Cường,150787946,https://finance.vietstock.vn/ACG-ctcp-go-an-cuong.htm,18,3275
936,1,HOSE,"Thực phẩm, đồ uống và thuốc lá",ACL,CTCP Xuất nhập khẩu Thủy sản Cửu Long An Giang,50159019,https://finance.vietstock.vn/ACL-ctcp-xuat-nhap-khau-thuy-san-cuu-long-an-giang.htm,19,3275
4027,5,UPCoM,Nguyên vật liệu,ACM,CTCP Tập đoàn Khoáng sản Á Cường,51000000,https://finance.vietstock.vn/ACM-ctcp-tap-doan-khoang-san-a-cuong.htm,20,3275
1997,5,UPCoM,Tư liệu sản xuất,ACS,CTCP Xây lắp Thương mại 2,4000000,https://finance.vietstock.vn/ACS-ctcp-xay-lap-thuong-mai-2.htm,21,3275
4052,5,UPCoM,Vận tải,ACV,Tổng Công ty Cảng Hàng không Việt Nam - CTCP,2177173236,https://finance.vietstock.vn/ACV-tong-cong-ty-cang-hang-khong-viet-nam-ctcp.htm,22,3275
2486,2,HNX,Truyền thông và giải trí,ADC,CTCP Mỹ thuật và Truyền thông,3977936,https://finance.vietstock.vn/ADC-ctcp-my-thuat-va-truyen-thong.htm,23,3275
4779,1,HOSE,Truyền thông và giải trí,ADG,CTCP Clever Group,21380521,https://finance.vietstock.vn/ADG-ctcp-clever-group.htm,24,3275
2017,1,HOSE,Nguyên vật liệu,ADP,CTCP Sơn Á Đông,23039850,https://finance.vietstock.vn/ADP-ctcp-son-a-dong.htm,25,3275
3181,1,HOSE,Hàng tiêu dùng và trang trí,ADS,CTCP Damsan,76394727,https://finance.vietstock.vn/ADS-ctcp-damsan.htm,26,3275
3218,5,UPCoM,"Thực phẩm, đồ uống và thuốc lá",AFX,CTCP Xuất nhập khẩu Nông sản Thực phẩm An Giang,35000000,https://finance.vietstock.vn/AFX-ctcp-xuat-nhap-khau-nong-san-thuc-pham-an-giang.htm,27,3275
4633,5,UPCoM,Hàng tiêu dùng và trang trí,AG1,CTCP 28.1,4863386,https://finance.vietstock.vn/AG1-ctcp-28-1.htm,28,3275
38,5,UPCoM,"Thực phẩm, đồ uống và thuốc lá",AGF,CTCP Xuất nhập khẩu Thủy sản An Giang,28109743,https://finance.vietstock.vn/AGF-ctcp-xuat-nhap-khau-thuy-san-an-giang.htm,29,3275
4782,1,HOSE,Phát triển và quản lý bất động sản,AGG,CTCP Đầu tư và Phát triển Bất động sản An Gia,156397281,https://finance.vietstock.vn/AGG-ctcp-dau-tu-va-phat-trien-bat-dong-san-an-gia.htm,30,3275
1935,1,HOSE,"Thực phẩm, đồ uống và thuốc lá",AGM,CTCP Xuất Nhập khẩu An Giang,18200000,https://finance.vietstock.vn/AGM-ctcp-xuat-nhap-khau-an-giang.htm,31,3275
2493,5,UPCoM,"Dược phẩm, Công nghệ sinh học và Khoa học thường thức",AGP,CTCP Dược phẩm Agimexpharm,23143941,https://finance.vietstock.vn/AGP-ctcp-duoc-pham-agimexpharm.htm,32,3275
1401,1,HOSE,Dịch vụ tài chính,AGR,CTCP Chứng khoán Agribank,215391309,https://finance.vietstock.vn/AGR-ctcp-chung-khoan-agribank.htm,33,3275
1245,5,UPCoM,"Thực phẩm, đồ uống và thuốc lá",AGX,CTCP Thực phẩm Nông Sản xuất khẩu Sài Gòn,10800000,https://finance.vietstock.vn/AGX-ctcp-thuc-pham-nong-san-xuat-khau-sai-gon.htm,34,3275
1991,5,UPCoM,Bảo hiểm,AIC,Tổng Công ty Cổ phần Bảo hiểm Hàng không,100000000,https://finance.vietstock.vn/AIC-tong-cong-ty-co-phan-bao-hiem-hang-khong.htm,35,3275
778,2,HNX,Nguyên vật liệu,ALT,CTCP Văn hóa Tân Bình,6172523,https://finance.vietstock.vn/ALT-ctcp-van-hoa-tan-binh.htm,36,3275
2657,5,UPCoM,Nguyên vật liệu,ALV,CTCP Xây dựng ALVICO,5657936,https://finance.vietstock.vn/ALV-ctcp-xay-dung-alvico.htm,37,3275
2655,2,HNX,Nguyên vật liệu,AMC,CTCP Khoáng sản Á Châu,2850000,https://finance.vietstock.vn/AMC-ctcp-khoang-san-a-chau.htm,38,3275
3728,5,UPCoM,Phân phối và bán lẻ hàng lâu bền,AMD,CTCP Đầu tư và Khoáng sản FLC Stone,163504874,https://finance.vietstock.vn/AMD-ctcp-dau-tu-va-khoang-san-flc-stone.htm,39,3275
2611,2,HNX,Tư liệu sản xuất,AME,CTCP Alphanam E&C,65200000,https://finance.vietstock.vn/AME-ctcp-alphanam-ec.htm,40,3275
2607,5,UPCoM,Phân phối và bán lẻ hàng lâu bền,AMP,CTCP Armephaco,13000000,https://finance.vietstock.vn/AMP-ctcp-armephaco.htm,41,3275
3116,5,UPCoM,Tư liệu sản xuất,AMS,CTCP Cơ khí Xây dựng AMECC,60000000,https://finance.vietstock.vn/AMS-ctcp-co-khi-xay-dung-amecc.htm,42,3275
2121,2,HNX,Dịch vụ và thiết bị chăm sóc sức khỏe,AMV,CTCP Sản xuất Kinh doanh Dược và Trang thiết bị Y tế Việt Mỹ,131105650,https://finance.vietstock.vn/AMV-ctcp-san-xuat-kinh-doanh-duoc-va-trang-thiet-bi-y-te-viet-my.htm,43,3275
3215,5,UPCoM,"Thực phẩm, đồ uống và thuốc lá",ANT,CTCP Rau quả Thực phẩm An Giang,18399823,https://finance.vietstock.vn/ANT-ctcp-rau-qua-thuc-pham-an-giang.htm,44,3275
1016,1,HOSE,"Thực phẩm, đồ uống và thuốc lá",ANV,CTCP Nam Việt,133539625,https://finance.vietstock.vn/ANV-ctcp-nam-viet.htm,45,3275
1896,5,UPCoM,Dịch vụ chuyên biệt và thương mại,APC,CTCP Chiếu xạ An Phú,20121395,https://finance.vietstock.vn/APC-ctcp-chieu-xa-an-phu.htm,46,3275
1704,5,UPCoM,"Thực phẩm, đồ uống và thuốc lá",APF,CTCP Nông sản Thực phẩm Quảng Ngãi,29770578,https://finance.vietstock.vn/APF-ctcp-nong-san-thuc-pham-quang-ngai.htm,47,3275
1201,1,HOSE,Dịch vụ tài chính,APG,CTCP Chứng khoán APG,223621942,https://finance.vietstock.vn/APG-ctcp-chung-khoan-apg.htm,48,3275
4803,1,HOSE,Nguyên vật liệu,APH,CTCP Tập đoàn An Phát Holdings,243884268,https://finance.vietstock.vn/APH-ctcp-tap-doan-an-phat-holdings.htm,49,3275
1864,2,HNX,Phát triển và quản lý bất động sản,API,CTCP Đầu tư Châu Á - Thái Bình Dương,84083976,https://finance.vietstock.vn/API-ctcp-dau-tu-chau-a-thai-binh-duong.htm,50,3275
4393,5,UPCoM,Phân phối và bán lẻ hàng lâu bền,APL,CTCP Cơ khí và Thiết bị áp lực - VVMI,1200000,https://finance.vietstock.vn/APL-ctcp-co-khi-va-thiet-bi-ap-luc-vvmi.htm,51,3275
2670,5,UPCoM,Năng lượng,APP,CTCP Phát triển Phụ gia và Sản phẩm Dầu Mỏ,4724632,https://finance.vietstock.vn/APP-ctcp-phat-trien-phu-gia-va-san-pham-dau-mo.htm,52,3275
1319,2,HNX,Dịch vụ tài chính,APS,CTCP Chứng khoán Châu Á Thái Bình Dương,83000000,https://finance.vietstock.vn/APS-ctcp-chung-khoan-chau-a-thai-binh-duong.htm,53,3275
2104,5,UPCoM,"Thực phẩm, đồ uống và thuốc lá",APT,CTCP Kinh doanh Thủy Hải Sản Sài Gòn,8800000,https://finance.vietstock.vn/APT-ctcp-kinh-doanh-thuy-hai-san-sai-gon.htm,54,3275
1756,2,HNX,Vận tải,ARM,CTCP Xuất nhập khẩu Hàng không,3111283,https://finance.vietstock.vn/ARM-ctcp-xuat-nhap-khau-hang-khong.htm,55,3275
1321,5,UPCoM,Dịch vụ tài chính,ART,CTCP Chứng khoán BOS,96922509,https://finance.vietstock.vn/ART-ctcp-chung-khoan-bos.htm,56,3275
3021,5,UPCoM,Tư liệu sản xuất,ASA,CTCP ASA,10000000,https://finance.vietstock.vn/ASA-ctcp-asa.htm,57,3275
4698,1,HOSE,Vận tải,ASG,CTCP Tập đoàn ASG,90784669,https://finance.vietstock.vn/ASG-ctcp-tap-doan-asg.htm,58,3275
1930,1,HOSE,"Thực phẩm, đồ uống và thuốc lá",ASM,CTCP Tập đoàn Sao Mai,370178250,https://finance.vietstock.vn/ASM-ctcp-tap-doan-sao-mai.htm,59,3275
1060,1,HOSE,Dịch vụ tiện ích,ASP,CTCP Tập đoàn Dầu khí An Pha,37339929,https://finance.vietstock.vn/ASP-ctcp-tap-doan-dau-khi-an-pha.htm,60,3275
4626,1,HOSE,Vận tải,AST,CTCP Dịch vụ Hàng không Taseco,45000000,https://finance.vietstock.vn/AST-ctcp-dich-vu-hang-khong-taseco.htm,61,3275
1817,5,UPCoM,"Thực phẩm, đồ uống và thuốc lá",ATA,CTCP Ntaco,11999998,https://finance.vietstock.vn/ATA-ctcp-ntaco.htm,62,3275
4543,5,UPCoM,Tư liệu sản xuất,ATB,CTCP An Thịnh,13884000,https://finance.vietstock.vn/ATB-ctcp-an-thinh.htm,63,3275
4323,5,UPCoM,Nguyên vật liệu,ATG,CTCP An Trường An,15220000,https://finance.vietstock.vn/ATG-ctcp-an-truong-an.htm,64,3275
4136,2,HNX,Dịch vụ tiêu dùng,ATS,CTCP Tập Đoàn Dược Phẩm Atesco,3500000,https://finance.vietstock.vn/ATS-ctcp-tap-doan-duoc-pham-atesco.htm,65,3275
3123,5,UPCoM,Dịch vụ tiện ích,AVC,CTCP Thủy điện A Vương,75052052,https://finance.vietstock.vn/AVC-ctcp-thuy-dien-a-vuong.htm,66,3275
2704,5,UPCoM,"Thực phẩm, đồ uống và thuốc lá",AVF,CTCP Việt An,43338000,https://finance.vietstock.vn/AVF-ctcp-viet-an.htm,67,3275
4957,5,UPCoM,Nguyên vật liệu,AVG,CTCP Phân bón Quốc tế Âu Việt,13600000,https://finance.vietstock.vn/AVG-ctcp-phan-bon-quoc-te-au-viet.htm,68,3275
1191,2,HNX,Tổ chức tín dụng,BAB,Ngân hàng TMCP Bắc Á,895933642,https://finance.vietstock.vn/BAB-ngan-hang-tmcp-bac-a.htm,69,3275
4880,1,HOSE,"Thực phẩm, đồ uống và thuốc lá",BAF,CTCP Nông nghiệp BAF Việt Nam,239021642,https://finance.vietstock.vn/BAF-ctcp-nong-nghiep-baf-viet-nam.htm,70,3275
2158,5,UPCoM,"Thực phẩm, đồ uống và thuốc lá",BAL,CTCP Bao bì Bia - Rượu - Nước giải khát,2000000,https://finance.vietstock.vn/BAL-ctcp-bao-bi-bia-ruou-nuoc-giai-khat.htm,71,3275
1561,2,HNX,Phát triển và quản lý bất động sản,BAX,CTCP Thống Nhất,8200000,https://finance.vietstock.vn/BAX-ctcp-tho´ng-nha´t.htm,72,3275
47,1,HOSE,"Thực phẩm, đồ uống và thuốc lá",BBC,CTCP Bibica,18752687,https://finance.vietstock.vn/BBC-ctcp-bibica.htm,73,3275
4801,5,UPCoM,Nguyên vật liệu,BBH,CTCP Bao bì Hoàng Thạch,2047932,https://finance.vietstock.vn/BBH-ctcp-bao-bi-hoang-thach.htm,74,3275
4004,5,UPCoM,"Thực phẩm, đồ uống và thuốc lá",BBM,CTCP Bia Hà Nội - Nam Định,2000000,https://finance.vietstock.vn/BBM-ctcp-bia-ha-noi-nam-dinh.htm,75,3275
889,2,HNX,Nguyên vật liệu,BBS,CTCP VICEM Bao bì Bút Sơn,6000000,https://finance.vietstock.vn/BBS-ctcp-vicem-bao-bi-but-son.htm,76,3275
315,5,UPCoM,Dịch vụ và thiết bị chăm sóc sức khỏe,BBT,CTCP Bông Bạch Tuyết,9800000,https://finance.vietstock.vn/BBT-ctcp-bong-bach-tuyet.htm,77,3275
4874,5,UPCoM,Nguyên vật liệu,BCA,CTCP B.C.H,19000000,https://finance.vietstock.vn/BCA-ctcp-b-c-h.htm,78,3275
4713,5,UPCoM,Năng lượng,BCB,CTCP 397,5700000,https://finance.vietstock.vn/BCB-ctcp-397.htm,79,3275
892,2,HNX,Nguyên vật liệu,BCC,CTCP Xi măng Bỉm Sơn,123209812,https://finance.vietstock.vn/BCC-ctcp-xi-mang-bim-son.htm,80,3275
1769,1,HOSE,Phát triển và quản lý bất động sản,BCE,CTCP Xây dựng và Giao thông Bình Dương,35000000,https://finance.vietstock.vn/BCE-ctcp-xay-dung-va-giao-thong-binh-duong.htm,81,3275
2727,2,HNX,"Thực phẩm, đồ uống và thuốc lá",BCF,CTCP Thực phẩm Bích Chi,33897213,https://finance.vietstock.vn/BCF-ctcp-thuc-pham-bich-chi.htm,82,3275
4058,1,HOSE,Tư liệu sản xuất,BCG,CTCP Tập đoàn Bamboo Capital,880210644,https://finance.vietstock.vn/BCG-ctcp-tap-doan-bamboo-capital.htm,83,3275
4586,1,HOSE,Phát triển và quản lý bất động sản,BCM,Tổng Công ty Đầu tư và Phát triển Công nghiệp – CTCP,1035000000,https://finance.vietstock.vn/BCM-tong-cong-ty-dau-tu-va-phat-trien-cong-nghiep-–-ctcp.htm,84,3275
4243,5,UPCoM,Tư liệu sản xuất,BCO,CTCP Xây dựng Bình Phước,5631895,https://finance.vietstock.vn/BCO-ctcp-xay-dung-binh-phuoc.htm,85,3275
1652,5,UPCoM,"Dược phẩm, Công nghệ sinh học và Khoa học thường thức",BCP,CTCP Dược ENLIE,6000000,https://finance.vietstock.vn/BCP-ctcp-duoc-enlie.htm,86,3275
4945,5,UPCoM,Phát triển và quản lý bất động sản,BCR,CTCP BCG Land,473799913,https://finance.vietstock.vn/BCR-ctcp-bcg-land.htm,87,3275
4846,5,UPCoM,Dịch vụ tiêu dùng,BCV,CTCP Du lịch và Thương mại Bằng Giang Cao Bằng - Vimico,1800000,https://finance.vietstock.vn/BCV-ctcp-du-lich-va-thuong-mai-bang-giang-cao-bang-vimico.htm,88,3275
1862,2,HNX,Truyền thông và giải trí,BDB,CTCP Sách và Thiết bị Bình Định,1126474,https://finance.vietstock.vn/BDB-ctcp-sach-va-thiet-bi-binh-dinh.htm,89,3275
4163,5,UPCoM,Hàng tiêu dùng và trang trí,BDG,CTCP May mặc Bình Dương,24799920,https://finance.vietstock.vn/BDG-ctcp-may-mac-binh-duong.htm,90,3275
4363,5,UPCoM,Nguyên vật liệu,BDT,CTCP Xây lắp và Vật liệu Xây dựng Đồng Tháp,38600000,https://finance.vietstock.vn/BDT-ctcp-xay-lap-va-vat-lieu-xay-dung-dong-thap.htm,91,3275
3877,5,UPCoM,Dịch vụ tiện ích,BDW,CTCP Cấp thoát nước Bình Định,12410800,https://finance.vietstock.vn/BDW-ctcp-cap-thoat-nuoc-binh-dinh.htm,92,3275
1848,2,HNX,Truyền thông và giải trí,BED,CTCP Sách và Thiết bị Trường học Đà Nẵng,3000000,https://finance.vietstock.vn/BED-ctcp-sach-va-thiet-bi-truong-hoc-da-nang.htm,93,3275
1276,5,UPCoM,Công nghệ phần cứng và thiết bị,BEL,CTCP Điện tử Biên Hòa,6000000,https://finance.vietstock.vn/BEL-ctcp-dien-tu-bien-hoa.htm,94,3275
3629,1,HOSE,Nguyên vật liệu,BFC,CTCP Phân bón Bình Điền,57167993,https://finance.vietstock.vn/BFC-ctcp-phan-bon-binh-dien.htm,95,3275
5694,5,UPCoM,Dịch vụ tiện ích,BGE,CTCP BCG Energy,730000000,https://finance.vietstock.vn/BGE-ctcp-bcg-energy.htm,96,3275
4087,5,UPCoM,Dịch vụ tiện ích,BGW,CTCP Nước sạch Bắc Giang,18149446,https://finance.vietstock.vn/BGW-ctcp-nuoc-sach-bac-giang.htm,97,3275
4531,5,UPCoM,Dịch vụ tiện ích,BHA,CTCP Thủy điện Bắc Hà,66000000,https://finance.vietstock.vn/BHA-ctcp-thuy-dien-bac-ha.htm,98,3275
1558,5,UPCoM,Nguyên vật liệu,BHC,CTCP Bê tông Biên Hòa,4500000,https://finance.vietstock.vn/BHC-ctcp-be-tong-bien-hoa.htm,99,3275
4715,5,UPCoM,"Thực phẩm, đồ uống và thuốc lá",BHG,CTCP Chè Biển Hồ,8935643,https://finance.vietstock.vn/BHG-ctcp-che-bien-ho.htm,100,3275
2048,5,UPCoM,Bảo hiểm,BHI,Tổng Công ty cổ phần Bảo hiểm Sài Gòn - Hà Nội,100000000,https://finance.vietstock.vn/BHI-tong-cong-ty-co-phan-bao-hiem-sai-gon-ha-noi.htm,101,3275
4671,5,UPCoM,"Thực phẩm, đồ uống và thuốc lá",BHK,CTCP Bia Hà Nội - Kim Bài,3986000,https://finance.vietstock.vn/BHK-ctcp-bia-ha-noi-kim-bai.htm,102,3275
1313,1,HOSE,"Thực phẩm, đồ uống và thuốc lá",BHN,Tổng Công ty cổ phần Bia - Rượu - Nước giải khát Hà Nội,231800000,https://finance.vietstock.vn/BHN-tong-cong-ty-co-phan-bia-ruou-nuoc-giai-khat-ha-noi.htm,103,3275
2185,5,UPCoM,"Thực phẩm, đồ uống và thuốc lá",BHP,CTCP Bia Hà Nội - Hải Phòng,9179290,https://finance.vietstock.vn/BHP-ctcp-bia-ha-noi-hai-phong.htm,104,3275
1909,1,HOSE,Bảo hiểm,BIC,Tổng Công ty cổ phần Bảo hiểm Ngân hàng Đầu tư và Phát triển Việt Nam,117276895,https://finance.vietstock.vn/BIC-tong-cong-ty-co-phan-bao-hiem-ngan-hang-dau-tu-va-phat-trien-viet-nam.htm,105,3275
1161,1,HOSE,Tổ chức tín dụng,BID,Ngân hàng TMCP Đầu tư và Phát triển Việt Nam,5700435900,https://finance.vietstock.vn/BID-ngan-hang-tmcp-dau-tu-va-phat-trien-viet-nam.htm,106,3275
4891,5,UPCoM,Phân phối và bán lẻ hàng lâu bền,BIG,CTCP Big Invest Group,5000000,https://finance.vietstock.vn/BIG-ctcp-big-invest-group.htm,107,3275
3746,5,UPCoM,Phát triển và quản lý bất động sản,BII,CTCP Louis Land,57680000,https://finance.vietstock.vn/BII-ctcp-louis-land.htm,108,3275
4260,5,UPCoM,"Dược phẩm, Công nghệ sinh học và Khoa học thường thức",BIO,CTCP Vắc xin và Sinh phẩm Nha Trang,8562000,https://finance.vietstock.vn/BIO-ctcp-vac-xin-va-sinh-pham-nha-trang.htm,109,3275
1806,2,HNX,Nguyên vật liệu,BKC,CTCP Khoáng sản Bắc Kạn,11737728,https://finance.vietstock.vn/BKC-ctcp-khoang-san-bac-kan.htm,110,3275
4847,1,HOSE,Nguyên vật liệu,BKG,CTCP Đầu tư BKG Việt Nam,71609020,https://finance.vietstock.vn/BKG-ctcp-dau-tu-bkg-viet-nam.htm,111,3275
1151,5,UPCoM,"Thực phẩm, đồ uống và thuốc lá",BLF,CTCP Thủy sản Bạc Liêu,11500000,https://finance.vietstock.vn/BLF-ctcp-thuy-san-bac-lieu.htm,112,3275
1873,5,UPCoM,Bảo hiểm,BLI,Tổng Công ty cổ phần Bảo hiểm Bảo Long,60000000,https://finance.vietstock.vn/BLI-tong-cong-ty-co-phan-bao-hiem-bao-long.htm,113,3275
3980,5,UPCoM,Vận tải,BLN,CTCP Vận tải và Dịch vụ Liên Ninh,5000000,https://finance.vietstock.vn/BLN-ctcp-van-tai-va-dich-vu-lien-ninh.htm,114,3275
2478,5,UPCoM,"Thực phẩm, đồ uống và thuốc lá",BLT,CTCP Lương thực Bình Định,4000000,https://finance.vietstock.vn/BLT-ctcp-luong-thuc-binh-dinh.htm,115,3275
785,1,HOSE,Nguyên vật liệu,BMC,CTCP Khoáng sản Bình Định,12392630,https://finance.vietstock.vn/BMC-ctcp-khoang-san-binh-dinh.htm,116,3275
4512,5,UPCoM,Dịch vụ tiện ích,BMD,CTCP Môi trường và Dịch vụ Đô thị Bình Thuận,2753280,https://finance.vietstock.vn/BMD-ctcp-moi-truong-va-dich-vu-do-thi-binh-thuan.htm,117,3275
4670,5,UPCoM,Phân phối và bán lẻ hàng lâu bền,BMF,CTCP Vật liệu Xây dựng và Chất đốt Đồng Nai,15848063,https://finance.vietstock.vn/BMF-ctcp-vat-lieu-xay-dung-va-chat-dot-dong-nai.htm,118,3275
4719,5,UPCoM,Hàng tiêu dùng và trang trí,BMG,CTCP May Bình Minh,5292000,https://finance.vietstock.vn/BMG-ctcp-may-binh-minh.htm,119,3275
894,1,HOSE,Bảo hiểm,BMI,Tổng Công ty cổ phần Bảo Minh,120585408,https://finance.vietstock.vn/BMI-tong-cong-ty-co-phan-bao-minh.htm,120,3275
2026,5,UPCoM,Nguyên vật liệu,BMJ,CTCP Khoáng sản Miền Đông AHP,104999978,https://finance.vietstock.vn/BMJ-ctcp-khoang-san-mien-dong-ahp.htm,121,3275
4294,5,UPCoM,Tư liệu sản xuất,BMN,CTCP 715,2750000,https://finance.vietstock.vn/BMN-ctcp-715.htm,122,3275
712,1,HOSE,Nguyên vật liệu,BMP,CTCP Nhựa Bình Minh,81860938,https://finance.vietstock.vn/BMP-ctcp-nhua-binh-minh.htm,123,3275
1323,5,UPCoM,Dịch vụ tài chính,BMS,CTCP Chứng khoán Bảo Minh,71111425,https://finance.vietstock.vn/BMS-ctcp-chung-khoan-bao-minh.htm,124,3275
4391,5,UPCoM,"Thực phẩm, đồ uống và thuốc lá",BMV,CTCP Bột mỳ Vinafood 1,24200000,https://finance.vietstock.vn/BMV-ctcp-bot-my-vinafood-1.htm,125,3275
4834,2,HNX,"Thực phẩm, đồ uống và thuốc lá",BNA,CTCP Tập đoàn Đầu tư Bảo Ngọc,24999855,https://finance.vietstock.vn/BNA-ctcp-tap-doan-dau-tu-bao-ngoc.htm,126,3275
4445,5,UPCoM,Dịch vụ tiện ích,BNW,CTCP Nước sạch Bắc Ninh,37549391,https://finance.vietstock.vn/BNW-ctcp-nuoc-sach-bac-ninh.htm,127,3275
4727,5,UPCoM,Tư liệu sản xuất,BOT,CTCP BOT Cầu Thái Hà,59246800,https://finance.vietstock.vn/BOT-ctcp-bot-cau-thai-ha.htm,128,3275
40,2,HNX,Nguyên vật liệu,BPC,CTCP VICEM Bao bì Bỉm Sơn,3800000,https://finance.vietstock.vn/BPC-ctcp-vicem-bao-bi-bim-son.htm,129,3275
4629,5,UPCoM,"Thực phẩm, đồ uống và thuốc lá",BQB,CTCP Bia Hà Nội - Quảng Bình,5800000,https://finance.vietstock.vn/BQB-ctcp-bia-ha-noi-quang-binh.htm,130,3275
2146,1,HOSE,Xe và linh kiện,BRC,CTCP Cao su Bến Thành,12374997,https://finance.vietstock.vn/BRC-ctcp-cao-su-ben-thanh.htm,131,3275
4515,5,UPCoM,Nguyên vật liệu,BRR,CTCP Cao su Bà Rịa,112500000,https://finance.vietstock.vn/BRR-ctcp-cao-su-ba-ria.htm,132,3275
3829,5,UPCoM,Dịch vụ tiện ích,BRS,CTCP Dịch vụ Đô thị Bà Rịa,4541950,https://finance.vietstock.vn/BRS-ctcp-dich-vu-do-thi-ba-ria.htm,133,3275
4699,5,UPCoM,Dịch vụ tiện ích,BSA,CTCP Thủy điện Buôn Đôn,66850975,https://finance.vietstock.vn/BSA-ctcp-thuy-dien-buon-don.htm,134,3275
2081,2,HNX,Dịch vụ chuyên biệt và thương mại,BSC,CTCP Dịch vụ Bến Thành,3150747,https://finance.vietstock.vn/BSC-ctcp-dich-vu-ben-thanh.htm,135,3275
4495,5,UPCoM,"Thực phẩm, đồ uống và thuốc lá",BSD,"CTCP Bia, Rượu Sài Gòn - Đồng Xuân",3000000,https://finance.vietstock.vn/BSD-ctcp-bia-ruou-sai-gon-dong-xuan.htm,136,3275
4253,5,UPCoM,Vận tải,BSG,CTCP Xe khách Sài Gòn,60000000,https://finance.vietstock.vn/BSG-ctcp-xe-khach-sai-gon.htm,137,3275
4694,5,UPCoM,"Thực phẩm, đồ uống và thuốc lá",BSH,CTCP Bia Sài Gòn - Hà Nội,18000000,https://finance.vietstock.vn/BSH-ctcp-bia-sai-gon-ha-noi.htm,138,3275
1402,1,HOSE,Dịch vụ tài chính,BSI,CTCP Chứng khoán BIDV,223060701,https://finance.vietstock.vn/BSI-ctcp-chung-khoan-bidv.htm,139,3275
4514,5,UPCoM,"Thực phẩm, đồ uống và thuốc lá",BSL,CTCP Bia Sài Gòn - Sông Lam,45000000,https://finance.vietstock.vn/BSL-ctcp-bia-sai-gon-song-lam.htm,140,3275
4365,5,UPCoM,"Thực phẩm, đồ uống và thuốc lá",BSP,CTCP Bia Sài Gòn - Phú Thọ,12500000,https://finance.vietstock.vn/BSP-ctcp-bia-sai-gon-phu-tho.htm,141,3275
2802,5,UPCoM,"Thực phẩm, đồ uống và thuốc lá",BSQ,CTCP Bia Sài Gòn - Quảng Ngãi,45000000,https://finance.vietstock.vn/BSQ-ctcp-bia-sai-gon-quang-ngai.htm,142,3275
4338,5,UPCoM,Năng lượng,BSR,CTCP Lọc hóa Dầu Bình Sơn,244119369,https://finance.vietstock.vn/BSR-ctcp-loc-hoa-dau-binh-son.htm,143,3275
1447,2,HNX,Truyền thông và giải trí,BST,CTCP Sách và Thiết bị Bình Thuận,1100000,https://finance.vietstock.vn/BST-ctcp-sach-va-thiet-bi-binh-thuan.htm,144,3275
2857,5,UPCoM,Nguyên vật liệu,BT1,CTCP Bảo vệ Thực vật 1 Trung Ương,5669959,https://finance.vietstock.vn/BT1-ctcp-bao-ve-thuc-vat-1-trung-uong.htm,145,3275
36,5,UPCoM,Nguyên vật liệu,BT6,CTCP Beton 6,32993550,https://finance.vietstock.vn/BT6-ctcp-beton-6.htm,146,3275
2401,5,UPCoM,"Thực phẩm, đồ uống và thuốc lá",BTB,CTCP Bia Hà Nội - Thái Bình,7691226,https://finance.vietstock.vn/BTB-ctcp-bia-ha-noi-thai-binh.htm,147,3275
2455,5,UPCoM,Nguyên vật liệu,BTD,CTCP Bê tông Ly tâm Thủ Đức,6414100,https://finance.vietstock.vn/BTD-ctcp-be-tong-ly-tam-thu-duc.htm,148,3275
1934,5,UPCoM,Nguyên vật liệu,BTG,CTCP Bao bì Tiền Giang,1190000,https://finance.vietstock.vn/BTG-ctcp-bao-bi-tien-giang.htm,149,3275
1117,5,UPCoM,Hàng tiêu dùng và trang trí,BTH,CTCP Chế tạo Biến thế và Vật liệu Điện Hà Nội,25000000,https://finance.vietstock.vn/BTH-ctcp-che-tao-bien-the-va-vat-lieu-dien-ha-noi.htm,150,3275
4627,5,UPCoM,Nguyên vật liệu,BTN,CTCP Đầu tư Bitco Bình Định,4465570,https://finance.vietstock.vn/BTN-ctcp-dau-tu-bitco-binh-dinh.htm,151,3275
1702,1,HOSE,Dịch vụ tiện ích,BTP,CTCP Nhiệt điện Bà Rịa,60485600,https://finance.vietstock.vn/BTP-ctcp-nhiet-dien-ba-ria.htm,152,3275
895,2,HNX,Nguyên vật liệu,BTS,CTCP Xi măng VICEM Bút Sơn,123559858,https://finance.vietstock.vn/BTS-ctcp-xi-mang-vicem-but-son.htm,153,3275
2042,1,HOSE,Phân phối và bán lẻ hàng lâu bền,BTT,CTCP Thương mại Dịch vụ Bến Thành,13500000,https://finance.vietstock.vn/BTT-ctcp-thuong-mai-dich-vu-ben-thanh.htm,154,3275
3849,5,UPCoM,Dịch vụ chuyên biệt và thương mại,BTU,CTCP Công trình Đô thị Bến Tre,3600000,https://finance.vietstock.vn/BTU-ctcp-cong-trinh-do-thi-ben-tre.htm,155,3275
3848,5,UPCoM,Dịch vụ tiêu dùng,BTV,CTCP Dịch vụ Du lịch Bến Thành,25000000,https://finance.vietstock.vn/BTV-ctcp-dich-vu-du-lich-ben-thanh.htm,156,3275
1307,2,HNX,Dịch vụ tiện ích,BTW,CTCP Cấp nước Bến Thành,9360000,https://finance.vietstock.vn/BTW-ctcp-cap-nuoc-ben-thanh.htm,157,3275
1197,5,UPCoM,Tổ chức tín dụng,BVB,Ngân hàng TMCP Bản Việt,551846215,https://finance.vietstock.vn/BVB-ngan-hang-tmcp-ban-viet.htm,158,3275
2626,5,UPCoM,Nguyên vật liệu,BVG,CTCP Group Bắc Việt,9750948,https://finance.vietstock.vn/BVG-ctcp-group-bac-viet.htm,159,3275
1544,1,HOSE,Bảo hiểm,BVH,Tập đoàn Bảo Việt,742322764,https://finance.vietstock.vn/BVH-tap-doan-bao-viet.htm,160,3275
4867,5,UPCoM,Phát triển và quản lý bất động sản,BVL,CTCP BV Land,82788300,https://finance.vietstock.vn/BVL-ctcp-bv-land.htm,161,3275
2340,5,UPCoM,Hàng tiêu dùng và trang trí,BVN,CTCP Bông Việt Nam,5000000,https://finance.vietstock.vn/BVN-ctcp-bong-viet-nam.htm,162,3275
897,2,HNX,Dịch vụ tài chính,BVS,CTCP Chứng khoán Bảo Việt,72233937,https://finance.vietstock.vn/BVS-ctcp-chung-khoan-bao-viet.htm,163,3275
2547,5,UPCoM,Dịch vụ tiện ích,BWA,CTCP Cấp thoát nước và Xây dựng Bảo Lộc,2700000,https://finance.vietstock.vn/BWA-ctcp-cap-thoat-nuoc-va-xay-dung-bao-loc.htm,164,3275
4355,1,HOSE,Dịch vụ tiện ích,BWE,CTCP - Tổng công ty nước - môi trường Bình Dương,219928644,https://finance.vietstock.vn/BWE-ctcp-tong-cong-ty-nuoc-moi-truong-binh-duong.htm,165,3275
2440,5,UPCoM,Dịch vụ tiện ích,BWS,CTCP Cấp nước Bà Rịa - Vũng Tàu,100007569,https://finance.vietstock.vn/BWS-ctcp-cap-nuoc-ba-ria-vung-tau.htm,166,3275
1563,2,HNX,Nguyên vật liệu,BXH,CTCP VICEM Bao bì Hải Phòng,3012040,https://finance.vietstock.vn/BXH-ctcp-vicem-bao-bi-hai-phong.htm,167,3275
2928,5,UPCoM,Tư liệu sản xuất,C12,CTCP Cầu 12,4850000,https://finance.vietstock.vn/C12-ctcp-cau-12.htm,168,3275
2003,5,UPCoM,Phát triển và quản lý bất động sản,C21,CTCP Thế Kỷ 21 ,19336371,https://finance.vietstock.vn/C21-ctcp-the-ky-21.htm,169,3275
4679,5,UPCoM,"Thực phẩm, đồ uống và thuốc lá",C22,CTCP 22,3550000,https://finance.vietstock.vn/C22-ctcp-22.htm,170,3275
2055,1,HOSE,Nguyên vật liệu,C32,CTCP CIC39,15030145,https://finance.vietstock.vn/C32-ctcp-cic39.htm,171,3275
2120,1,HOSE,Tư liệu sản xuất,C47,CTCP Xây dựng 47,36342269,https://finance.vietstock.vn/C47-ctcp-xay-dung-47.htm,172,3275
3803,5,UPCoM,Tư liệu sản xuất,C4G,CTCP Tập đoàn CIENCO4,357300754,https://finance.vietstock.vn/C4G-ctcp-tap-doan-cienco4.htm,173,3275
4397,2,HNX,Tư liệu sản xuất,C69,CTCP Xây dựng 1369,61799972,https://finance.vietstock.vn/C69-ctcp-xay-dung-1369.htm,174,3275
1028,5,UPCoM,Tư liệu sản xuất,C92,CTCP Xây dựng và Đầu tư 492,5312920,https://finance.vietstock.vn/C92-ctcp-xay-dung-va-dau-tu-492.htm,175,3275
4665,5,UPCoM,Truyền thông và giải trí,CAB,CTCP Tổng Công ty Truyền hình Cáp Việt Nam,45745876,https://finance.vietstock.vn/CAB-ctcp-tong-cong-ty-truyen-hinh-cap-viet-nam.htm,176,3275
1454,5,UPCoM,"Thực phẩm, đồ uống và thuốc lá",CAD,CTCP Chế biến và Xuất nhập khẩu Thủy sản Cadovimex,8799927,https://finance.vietstock.vn/CAD-ctcp-che-bien-va-xuat-nhap-khau-thuy-san-cadovimex.htm,177,3275
4504,2,HNX,Vận tải,CAG,CTCP Cảng An Giang,13800000,https://finance.vietstock.vn/CAG-ctcp-cang-an-giang.htm,178,3275
48,2,HNX,"Thực phẩm, đồ uống và thuốc lá",CAN,CTCP Đồ hộp Hạ Long,5000000,https://finance.vietstock.vn/CAN-ctcp-do-hop-ha-long.htm,179,3275
1029,2,HNX,"Thực phẩm, đồ uống và thuốc lá",CAP,CTCP Lâm Nông sản Thực phẩm Yên Bái,15269965,https://finance.vietstock.vn/CAP-ctcp-lam-nong-san-thuc-pham-yen-bai.htm,180,3275
1259,5,UPCoM,"Thực phẩm, đồ uống và thuốc lá",CAT,CTCP Thủy sản Cà Mau,9748579,https://finance.vietstock.vn/CAT-ctcp-thuy-san-ca-mau.htm,181,3275
4562,5,UPCoM,Nguyên vật liệu,CBI,CTCP Gang thép Cao Bằng,43006366,https://finance.vietstock.vn/CBI-ctcp-gang-thep-cao-bang.htm,182,3275
3337,5,UPCoM,"Thực phẩm, đồ uống và thuốc lá",CBS,CTCP Mía Đường Cao Bằng,5291868,https://finance.vietstock.vn/CBS-ctcp-mia-duong-cao-bang.htm,183,3275
4343,5,UPCoM,Tư liệu sản xuất,CC1,Tổng Công ty Xây dựng Số 1 - CTCP,358507825,https://finance.vietstock.vn/CC1-tong-cong-ty-xay-dung-so-1-ctcp.htm,184,3275
2253,5,UPCoM,Tư liệu sản xuất,CC4,CTCP Đầu tư và Xây dựng Số 4,64000000,https://finance.vietstock.vn/CC4-ctcp-dau-tu-va-xay-dung-so-4.htm,185,3275
3004,5,UPCoM,"Thực phẩm, đồ uống và thuốc lá",CCA,CTCP Xuất nhập khẩu Thuỷ sản Cần Thơ,15092326,https://finance.vietstock.vn/CCA-ctcp-xuat-nhap-khau-thuy-san-can-tho.htm,186,3275
5693,5,UPCoM,Tư liệu sản xuất,CCC,CTCP Xây dựng CDC,40250000,https://finance.vietstock.vn/CCC-ctcp-xay-dung-cdc.htm,187,3275
1277,1,HOSE,Phân phối và bán lẻ hàng lâu bền,CCI,CTCP Đầu tư Phát triển Công nghiệp Thương mại Củ Chi,17743865,https://finance.vietstock.vn/CCI-ctcp-dau-tu-phat-trien-cong-nghiep-thuong-mai-cu-chi.htm,188,3275
2710,1,HOSE,Phát triển và quản lý bất động sản,CCL,CTCP Đầu tư và Phát triển Đô thị Dầu khí Cửu Long,59581418,https://finance.vietstock.vn/CCL-ctcp-dau-tu-va-phat-trien-do-thi-dau-khi-cuu-long.htm,189,3275
1312,5,UPCoM,Nguyên vật liệu,CCM,CTCP khoáng sản và Xi măng Cần Thơ,6199900,https://finance.vietstock.vn/CCM-ctcp-khoang-san-va-xi-mang-can-tho.htm,190,3275
1638,5,UPCoM,Vận tải,CCP,CTCP Cảng Cửa Cấm Hải Phòng,2400000,https://finance.vietstock.vn/CCP-ctcp-cang-cua-cam-hai-phong.htm,191,3275
3999,2,HNX,Vận tải,CCR,CTCP Cảng Cam Ranh,24501817,https://finance.vietstock.vn/CCR-ctcp-cang-cam-ranh.htm,192,3275
3878,5,UPCoM,Vận tải,CCT,CTCP Cảng Cần Thơ,28480000,https://finance.vietstock.vn/CCT-ctcp-cang-can-tho.htm,193,3275
3835,5,UPCoM,Dịch vụ chuyên biệt và thương mại,CCV,CTCP Tư vấn Xây dựng Công nghiệp và Đô thị Việt Nam,1800000,https://finance.vietstock.vn/CCV-ctcp-tu-van-xay-dung-cong-nghiep-va-do-thi-viet-nam.htm,194,3275
1031,1,HOSE,Phát triển và quản lý bất động sản,CDC,CTCP Chương Dương,21988716,https://finance.vietstock.vn/CDC-ctcp-chuong-duong.htm,195,3275
2284,5,UPCoM,Nguyên vật liệu,CDG,CTCP Cầu Đuống,3464995,https://finance.vietstock.vn/CDG-ctcp-cau-duong.htm,196,3275
4324,5,UPCoM,Dịch vụ tiện ích,CDH,CTCP Công trình Công cộng và Dịch vụ Du lịch Hải Phòng,2000000,https://finance.vietstock.vn/CDH-ctcp-cong-trinh-cong-cong-va-dich-vu-du-lich-hai-phong.htm,197,3275
3777,2,HNX,Vận tải,CDN,CTCP Cảng Đà Nẵng,99000000,https://finance.vietstock.vn/CDN-ctcp-cang-da-nang.htm,198,3275
3982,5,UPCoM,Phân phối và bán lẻ hàng lâu bền,CDO,CTCP Tư vấn Thiết kế và Phát triển Đô thị,31504975,https://finance.vietstock.vn/CDO-ctcp-tu-van-thiet-ke-va-phat-trien-do-thi.htm,199,3275
2524,5,UPCoM,Phân phối và bán lẻ hàng lâu bền,CDP,CTCP Dược phẩm Trung ương Codupha,18270000,https://finance.vietstock.vn/CDP-ctcp-duoc-pham-trung-uong-codupha.htm,200,3275
3228,5,UPCoM,Tư liệu sản xuất,CDR,CTCP Xây dựng Cao su Đồng Nai,2133271,https://finance.vietstock.vn/CDR-ctcp-xay-dung-cao-su-dong-nai.htm,201,3275
3010,5,UPCoM,Tư liệu sản xuất,CE1,CTCP Xây dựng và Thiết bị Công nghiệp CIE1,6000000,https://finance.vietstock.vn/CE1-ctcp-xay-dung-va-thiet-bi-cong-nghiep-cie1.htm,202,3275
2005,5,UPCoM,Tư liệu sản xuất,CEG,CTCP Tập đoàn Xây dựng và Thiết bị Công nghiệp,3800000,https://finance.vietstock.vn/CEG-ctcp-tap-doan-xay-dung-va-thiet-bi-cong-nghiep.htm,203,3275
4685,5,UPCoM,Phân phối và bán lẻ hàng lâu bền,CEN,CTCP CENCON Việt Nam,21712440,https://finance.vietstock.vn/CEN-ctcp-cencon-viet-nam.htm,204,3275
3345,2,HNX,Phát triển và quản lý bất động sản,CEO,CTCP Tập đoàn C.E.O,540406432,https://finance.vietstock.vn/CEO-ctcp-tap-doan-c-e-o.htm,205,3275
4380,2,HNX,Hàng tiêu dùng và trang trí,CET,CTCP HTC Holding,6050000,https://finance.vietstock.vn/CET-ctcp-htc-holding.htm,206,3275
4853,5,UPCoM,Dịch vụ tiêu dùng,CFM,CTCP Đầu tư CFM,2000000,https://finance.vietstock.vn/CFM-ctcp-dau-tu-cfm.htm,207,3275
4735,5,UPCoM,"Thực phẩm, đồ uống và thuốc lá",CFV,CTCP Cà phê Thắng Lợi,8096000,https://finance.vietstock.vn/CFV-ctcp-ca-phe-thang-loi.htm,208,3275
2141,5,UPCoM,Nguyên vật liệu,CGV,CTCP Vinaceglass,9499956,https://finance.vietstock.vn/CGV-ctcp-vinaceglass.htm,209,3275
2793,5,UPCoM,Tư liệu sản xuất,CH5,CTCP Xây dựng Số 5 Hà Nội,3732450,https://finance.vietstock.vn/CH5-ctcp-xay-dung-so-5-ha-noi.htm,210,3275
2936,5,UPCoM,Nguyên vật liệu,CHC,CTCP Cẩm Hà,6731596,https://finance.vietstock.vn/CHC-ctcp-cam-ha.htm,211,3275
2123,1,HOSE,Dịch vụ tiện ích,CHP,CTCP Thủy điện Miền Trung,146912668,https://finance.vietstock.vn/CHP-ctcp-thuy-dien-mien-trung.htm,212,3275
4242,5,UPCoM,Tư liệu sản xuất,CHS,CTCP Chiếu sáng Công cộng Thành phố Hồ Chí Minh,28400000,https://finance.vietstock.vn/CHS-ctcp-chieu-sang-cong-cong-thanh-pho-ho-chi-minh.htm,213,3275
2827,5,UPCoM,Tư liệu sản xuất,CI5,CTCP Đầu Tư Xây dựng Số 5,2700000,https://finance.vietstock.vn/CI5-ctcp-dau-tu-xay-dung-so-5.htm,214,3275
4510,2,HNX,Vận tải,CIA,CTCP Dịch vụ Sân bay Quốc tế Cam Ranh,19709904,https://finance.vietstock.vn/CIA-ctcp-dich-vu-san-bay-quoc-te-cam-ranh.htm,215,3275
899,5,UPCoM,Phát triển và quản lý bất động sản,CID,CTCP Xây dựng và Phát triển Cơ sở Hạ tầng,1082000,https://finance.vietstock.vn/CID-ctcp-xay-dung-va-phat-trien-co-so-ha-tang.htm,216,3275
2933,1,HOSE,Phát triển và quản lý bất động sản,CIG,CTCP COMA 18,31539947,https://finance.vietstock.vn/CIG-ctcp-coma-18.htm,217,3275
95,1,HOSE,Tư liệu sản xuất,CII,CTCP Đầu tư Hạ tầng Kỹ thuật Thành phố Hồ Chí Minh,318778113,https://finance.vietstock.vn/CII-ctcp-dau-tu-ha-tang-ky-thuat-thanh-pho-ho-chi-minh.htm,218,3275
2922,5,UPCoM,Tư liệu sản xuất,CIP,CTCP Xây lắp và Sản xuất Công nghiệp,4545000,https://finance.vietstock.vn/CIP-ctcp-xay-lap-va-san-xuat-cong-nghiep.htm,219,3275
900,2,HNX,Tư liệu sản xuất,CJC,CTCP Cơ điện Miền Trung,8000000,https://finance.vietstock.vn/CJC-ctcp-co-dien-mien-trung.htm,220,3275
3175,5,UPCoM,Vận tải,CK8,CTCP Cơ khí 120,3000000,https://finance.vietstock.vn/CK8-ctcp-co-khi-120.htm,221,3275
4711,5,UPCoM,Nguyên vật liệu,CKA,CTCP Cơ Khí An Giang,3286404,https://finance.vietstock.vn/CKA-ctcp-co-khi-an-giang.htm,222,3275
3620,5,UPCoM,Nguyên vật liệu,CKD,CTCP Cơ khí Đông Anh LICOGI,31000000,https://finance.vietstock.vn/CKD-ctcp-co-khi-dong-anh-licogi.htm,223,3275
2239,1,HOSE,Phát triển và quản lý bất động sản,CKG,CTCP Tập đoàn Tư vấn Đầu tư Xây dựng Kiên Giang,95259361,https://finance.vietstock.vn/CKG-ctcp-tap-doan-tu-van-dau-tu-xay-dung-kien-giang.htm,224,3275
2175,2,HNX,Dịch vụ viễn thông,CKV,CTCP COKYVINA,4050000,https://finance.vietstock.vn/CKV-ctcp-cokyvina.htm,225,3275
779,1,HOSE,"Thực phẩm, đồ uống và thuốc lá",CLC,CTCP Cát Lợi,26207583,https://finance.vietstock.vn/CLC-ctcp-cat-loi.htm,226,3275
2252,5,UPCoM,Tư liệu sản xuất,CLG,CTCP Đầu tư và Phát triển Nhà đất COTEC,21150000,https://finance.vietstock.vn/CLG-ctcp-dau-tu-va-phat-trien-nha-dat-cotec.htm,227,3275
2153,2,HNX,Nguyên vật liệu,CLH,CTCP Xi măng La Hiên VVMI,12000000,https://finance.vietstock.vn/CLH-ctcp-xi-mang-la-hien-vvmi.htm,228,3275
1637,1,HOSE,Vận tải,CLL,CTCP Cảng Cát Lái,34000000,https://finance.vietstock.vn/CLL-ctcp-cang-cat-lai.htm,229,3275
2221,2,HNX,Năng lượng,CLM,CTCP Xuất nhập khẩu Than - Vinacomin,11000000,https://finance.vietstock.vn/CLM-ctcp-xuat-nhap-khau-than-vinacomin.htm,230,3275
1918,1,HOSE,Dịch vụ tiện ích,CLW,CTCP Cấp nước Chợ Lớn,13000000,https://finance.vietstock.vn/CLW-ctcp-cap-nuoc-cho-lon.htm,231,3275
4252,5,UPCoM,Phân phối và bán lẻ hàng lâu bền,CLX,CTCP Xuất nhập khẩu và Đầu tư Chợ Lớn (CHOLIMEX),86600000,https://finance.vietstock.vn/CLX-ctcp-xuat-nhap-khau-va-dau-tu-cho-lon-cholimex.htm,232,3275
901,2,HNX,Phân phối và bán lẻ hàng lâu bền,CMC,CTCP Đầu tư CMC,4561050,https://finance.vietstock.vn/CMC-ctcp-dau-tu-cmc.htm,233,3275
1247,5,UPCoM,Phân phối và bán lẻ hàng lâu bền,CMD,CTCP Vật liệu Xây dựng và Trang trí nội thất Thành phố Hồ Chí Minh,15000000,https://finance.vietstock.vn/CMD-ctcp-vat-lieu-xay-dung-va-trang-tri-noi-that-thanh-pho-ho-chi-minh.htm,234,3275
2312,5,UPCoM,"Thực phẩm, đồ uống và thuốc lá",CMF,CTCP Thực phẩm Cholimex,8100000,https://finance.vietstock.vn/CMF-ctcp-thuc-pham-cholimex.htm,235,3275
1879,1,HOSE,Phần mềm và dịch vụ,CMG,CTCP Tập đoàn Công nghệ CMC,190439296,https://finance.vietstock.vn/CMG-ctcp-tap-doan-cong-nghe-cmc.htm,236,3275
1860,5,UPCoM,Nguyên vật liệu,CMI,CTCP CMISTONE Việt Nam,15002500,https://finance.vietstock.vn/CMI-ctcp-cmistone-viet-nam.htm,237,3275
3078,5,UPCoM,Phân phối và bán lẻ hàng lâu bền,CMK,CTCP Cơ khí Mạo Khê - Vinacomin,1432578,https://finance.vietstock.vn/CMK-ctcp-co-khi-mao-khe-vinacomin.htm,238,3275
4920,5,UPCoM,"Thực phẩm, đồ uống và thuốc lá",CMM,CTCP Camimex,91849998,https://finance.vietstock.vn/CMM-ctcp-camimex.htm,239,3275
2161,5,UPCoM,"Thực phẩm, đồ uống và thuốc lá",CMN,CTCP Lương thực Thực phẩm Colusa - Miliket,4800000,https://finance.vietstock.vn/CMN-ctcp-luong-thuc-thuc-pham-colusa-miliket.htm,240,3275
3868,5,UPCoM,Vận tải,CMP,CTCP Cảng Chân Mây,32405415,https://finance.vietstock.vn/CMP-ctcp-cang-chan-may.htm,241,3275
2529,2,HNX,Tư liệu sản xuất,CMS,CTCP Tập Đoàn CMH Việt Nam,25452500,https://finance.vietstock.vn/CMS-ctcp-tap-doan-cmh-viet-nam.htm,242,3275
1897,5,UPCoM,Phần mềm và dịch vụ,CMT,CTCP Công nghệ Mạng và Truyền thông,8000000,https://finance.vietstock.vn/CMT-ctcp-cong-nghe-mang-va-truyen-thong.htm,243,3275
1733,1,HOSE,Phân phối và bán lẻ hàng lâu bền,CMV,CTCP Thương nghiệp Cà Mau,18155868,https://finance.vietstock.vn/CMV-ctcp-thuong-nghiep-ca-mau.htm,244,3275
4478,5,UPCoM,Dịch vụ tiện ích,CMW,CTCP Cấp nước Cà Mau,15534900,https://finance.vietstock.vn/CMW-ctcp-cap-nuoc-ca-mau.htm,245,3275
2368,1,HOSE,"Thực phẩm, đồ uống và thuốc lá",CMX,CTCP Camimex Group,101898990,https://finance.vietstock.vn/CMX-ctcp-camimex-group.htm,246,3275
4884,5,UPCoM,"Thực phẩm, đồ uống và thuốc lá",CNA,CTCP Tổng Công ty Chè Nghệ An,793917,https://finance.vietstock.vn/CNA-ctcp-tong-cong-ty-che-nghe-an.htm,247,3275
3015,5,UPCoM,Phân phối và bán lẻ hàng lâu bền,CNC,CTCP Công nghệ Cao Traphaco,11364325,https://finance.vietstock.vn/CNC-ctcp-cong-nghe-cao-traphaco.htm,248,3275
3053,1,HOSE,Dịch vụ tiện ích,CNG,CTCP CNG Việt Nam,35099625,https://finance.vietstock.vn/CNG-ctcp-cng-viet-nam.htm,249,3275
3837,5,UPCoM,Dịch vụ chuyên biệt và thương mại,CNN,CTCP Tư vấn Công nghệ Thiết bị và Kiểm Định Xây dựng - Coninco,8800000,https://finance.vietstock.vn/CNN-ctcp-tu-van-cong-nghe-thiet-bi-va-kiem-dinh-xay-dung-coninco.htm,250,3275
1227,5,UPCoM,Phân phối và bán lẻ hàng lâu bền,CNT,CTCP Tập đoàn CNT,50392785,https://finance.vietstock.vn/CNT-ctcp-tap-doan-cnt.htm,251,3275
768,1,HOSE,Phân phối và bán lẻ hàng lâu bền,COM,CTCP Vật tư Xăng Dầu,14120628,https://finance.vietstock.vn/COM-ctcp-vat-tu-xang-dau.htm,252,3275
4484,5,UPCoM,"Thực phẩm, đồ uống và thuốc lá",CPA,CTCP Cà phê Phước An,23627990,https://finance.vietstock.vn/CPA-ctcp-ca-phe-phuoc-an.htm,253,3275
1841,2,HNX,Nguyên vật liệu,CPC,CTCP Thuốc sát trùng Cần Thơ,4303050,https://finance.vietstock.vn/CPC-ctcp-thuoc-sat-trung-can-tho.htm,254,3275
4455,5,UPCoM,Dịch vụ tiêu dùng,CPH,CTCP Phục vụ Mai táng Hải Phòng,4400000,https://finance.vietstock.vn/CPH-ctcp-phuc-vu-mai-tang-hai-phong.htm,255,3275
2855,5,UPCoM,Vận tải,CPI,CTCP Đầu tư Cảng Cái Lân,36505000,https://finance.vietstock.vn/CPI-ctcp-dau-tu-cang-cai-lan.htm,256,3275
3778,5,UPCoM,Vận tải,CQN,CTCP Cảng Quảng Ninh,75049936,https://finance.vietstock.vn/CQN-ctcp-cang-quang-ninh.htm,257,3275
3833,5,UPCoM,Nguyên vật liệu,CQT,CTCP Xi măng Quán Triều VVMI,25000000,https://finance.vietstock.vn/CQT-ctcp-xi-mang-quan-trieu-vvmi.htm,258,3275
4519,1,HOSE,Nguyên vật liệu,CRC,CTCP Create Capital Việt Nam,60000000,https://finance.vietstock.vn/CRC-ctcp-create-capital-viet-nam.htm,259,3275
4674,1,HOSE,Phát triển và quản lý bất động sản,CRE,CTCP Bất động sản Thế Kỷ,463678534,https://finance.vietstock.vn/CRE-ctcp-bat-dong-san-the-ky.htm,260,3275
1522,2,HNX,Phát triển và quản lý bất động sản,CSC,CTCP Tập đoàn COTANA,37408982,https://finance.vietstock.vn/CSC-ctcp-tap-doan-cotana.htm,261,3275
1476,5,UPCoM,Dịch vụ tài chính,CSI,CTCP Chứng khoán Kiến thiết Việt Nam,16800000,https://finance.vietstock.vn/CSI-ctcp-chung-khoan-kien-thiet-viet-nam.htm,262,3275
1253,1,HOSE,Xe và linh kiện,CSM,CTCP Công nghiệp Cao su Miền Nam,103626467,https://finance.vietstock.vn/CSM-ctcp-cong-nghiep-cao-su-mien-nam.htm,263,3275
4861,5,UPCoM,Năng lượng,CST,CTCP Than Cao Sơn - TKV,42846773,https://finance.vietstock.vn/CST-ctcp-than-cao-son-tkv.htm,264,3275
3862,1,HOSE,Nguyên vật liệu,CSV,CTCP Hóa chất Cơ bản Miền Nam,110499910,https://finance.vietstock.vn/CSV-ctcp-hoa-chat-co-ban-mien-nam.htm,265,3275
1894,5,UPCoM,Tư liệu sản xuất,CT3,CTCP Đầu tư và Xây dựng Công trình 3,8799849,https://finance.vietstock.vn/CT3-ctcp-dau-tu-va-xay-dung-cong-trinh-3.htm,266,3275
2100,5,UPCoM,Tư liệu sản xuất,CT6,CTCP Công trình 6,6108078,https://finance.vietstock.vn/CT6-ctcp-cong-trinh-6.htm,267,3275
2643,5,UPCoM,Nguyên vật liệu,CTA,CTCP Vinavico,8454381,https://finance.vietstock.vn/CTA-ctcp-vinavico.htm,268,3275
902,2,HNX,Tư liệu sản xuất,CTB,CTCP Chế tạo Bơm Hải Dương,13680000,https://finance.vietstock.vn/CTB-ctcp-che-tao-bom-hai-duong.htm,269,3275
1213,2,HNX,Dịch vụ tiêu dùng,CTC,CTCP Tập đoàn Hoàng Kim Tây Nguyên,15799926,https://finance.vietstock.vn/CTC-ctcp-tap-doan-hoang-kim-tay-nguyen.htm,270,3275
1553,1,HOSE,Tư liệu sản xuất,CTD,CTCP Xây dựng Coteccons,103633261,https://finance.vietstock.vn/CTD-ctcp-xay-dung-coteccons.htm,271,3275
4428,1,HOSE,Phân phối và bán lẻ hàng lâu bền,CTF,CTCP City Auto,89396463,https://finance.vietstock.vn/CTF-ctcp-city-auto.htm,272,3275
1160,1,HOSE,Tổ chức tín dụng,CTG,Ngân hàng TMCP Công Thương Việt Nam,5369991748,https://finance.vietstock.vn/CTG-ngan-hang-tmcp-cong-thuong-viet-nam.htm,273,3275
1856,1,HOSE,Tư liệu sản xuất,CTI,CTCP Đầu tư Phát triển Cường Thuận IDICO,62999997,https://finance.vietstock.vn/CTI-ctcp-dau-tu-phat-trien-cuong-thuan-idico.htm,274,3275
903,5,UPCoM,Tư liệu sản xuất,CTN,CTCP Xây dựng Công trình ngầm,6958345,https://finance.vietstock.vn/CTN-ctcp-xay-dung-cong-trinh-ngam.htm,275,3275
4291,2,HNX,"Thực phẩm, đồ uống và thuốc lá",CTP,CTCP Minh Khang Capital Trading Public,12099992,https://finance.vietstock.vn/CTP-ctcp-minh-khang-capital-trading-public.htm,276,3275
2931,1,HOSE,Dịch vụ viễn thông,CTR,Tổng Công ty cổ phần Công trình Viettel,114385879,https://finance.vietstock.vn/CTR-tong-cong-ty-co-phan-cong-trinh-viettel.htm,277,3275
1405,1,HOSE,Dịch vụ tài chính,CTS,CTCP Chứng khoán Ngân hàng Công thương Việt Nam,148738311,https://finance.vietstock.vn/CTS-ctcp-chung-khoan-ngan-hang-cong-thuong-viet-nam.htm,278,3275
2747,2,HNX,Tư liệu sản xuất,CTT,CTCP Chế tạo Máy - Vinacomin,4697351,https://finance.vietstock.vn/CTT-ctcp-che-tao-may-vinacomin.htm,279,3275
4057,5,UPCoM,Dịch vụ tiện ích,CTW,CTCP Cấp thoát nước Cần Thơ,28000000,https://finance.vietstock.vn/CTW-ctcp-cap-thoat-nuoc-can-tho.htm,280,3275
2271,5,UPCoM,Tư liệu sản xuất,CTX,Tổng Công ty cổ phần Đầu tư Xây dựng và Thương mại Việt Nam,78907276,https://finance.vietstock.vn/CTX-tong-cong-ty-co-phan-dau-tu-xay-dung-va-thuong-mai-viet-nam.htm,281,3275
2618,2,HNX,"Thực phẩm, đồ uống và thuốc lá",CVN,CTCP Vinam,29699991,https://finance.vietstock.vn/CVN-ctcp-vinam.htm,282,3275
1854,1,HOSE,Nguyên vật liệu,CVT,CTCP CMC,36690887,https://finance.vietstock.vn/CVT-ctcp-cmc.htm,283,3275
1431,2,HNX,Tư liệu sản xuất,CX8,CTCP Đầu tư và Xây lắp Constrexim Số 8,2553771,https://finance.vietstock.vn/CX8-ctcp-dau-tu-va-xay-lap-constrexim-so-8.htm,284,3275
767,5,UPCoM,Nguyên vật liệu,CYC,CTCP Gạch men Chang Yih,1990530,https://finance.vietstock.vn/CYC-ctcp-gach-men-chang-yih.htm,285,3275
2489,2,HNX,Phát triển và quản lý bất động sản,D11,CTCP Địa ốc 11,7338138,https://finance.vietstock.vn/D11-ctcp-dia-oc-11.htm,286,3275
5598,5,UPCoM,Phân phối và bán lẻ hàng lâu bền,D17,CTCP Đồng Tân,5259700,https://finance.vietstock.vn/D17-ctcp-dong-tan.htm,287,3275
1805,1,HOSE,Phát triển và quản lý bất động sản,D2D,CTCP Phát triển Đô thị Công nghiệp số 2,30304758,https://finance.vietstock.vn/D2D-ctcp-phat-trien-do-thi-cong-nghiep-so-2.htm,288,3275
904,5,UPCoM,Nguyên vật liệu,DAC,CTCP 382 Đông Anh,1004974,https://finance.vietstock.vn/DAC-ctcp-382-dong-anh.htm,289,3275
1811,2,HNX,Truyền thông và giải trí,DAD,CTCP Đầu tư và Phát triển Giáo dục Đà Nẵng,5000000,https://finance.vietstock.vn/DAD-ctcp-dau-tu-va-phat-trien-giao-duc-da-nang.htm,290,3275
905,2,HNX,Truyền thông và giải trí,DAE,CTCP Sách Giáo dục tại Thành phố Đà Nẵng,1925658,https://finance.vietstock.vn/DAE-ctcp-sach-giao-duc-tai-thanh-pho-da-nang.htm,291,3275
1838,1,HOSE,Nguyên vật liệu,DAG,CTCP Tập đoàn Nhựa Đông Á,60314112,https://finance.vietstock.vn/DAG-ctcp-tap-doan-nhua-dong-a.htm,292,3275
4356,1,HOSE,Dịch vụ tiêu dùng,DAH,CTCP Tập đoàn Khách sạn Đông Á,84200000,https://finance.vietstock.vn/DAH-ctcp-tap-doan-khach-san-dong-a.htm,293,3275
2351,5,UPCoM,"Dược phẩm, Công nghệ sinh học và Khoa học thường thức",DAN,CTCP Dược Danapha,20938000,https://finance.vietstock.vn/DAN-ctcp-duoc-danapha.htm,294,3275
1722,5,UPCoM,Phân phối và bán lẻ hàng lâu bền,DAS,CTCP Máy - Thiết bị Dầu khí Đà Nẵng,4200000,https://finance.vietstock.vn/DAS-ctcp-may-thiet-bi-dau-khi-da-nang.htm,295,3275
4167,1,HOSE,"Thực phẩm, đồ uống và thuốc lá",DAT,CTCP Đầu tư du lịch và Phát triển Thủy sản,69228341,https://finance.vietstock.vn/DAT-ctcp-dau-tu-du-lich-va-phat-trien-thuy-san.htm,296,3275
1131,1,HOSE,"Thực phẩm, đồ uống và thuốc lá",DBC,CTCP Tập đoàn Dabaco Việt Nam,334669145,https://finance.vietstock.vn/DBC-ctcp-tap-doan-dabaco-viet-nam.htm,297,3275
2696,1,HOSE,"Dược phẩm, Công nghệ sinh học và Khoa học thường thức",DBD,CTCP Dược - Trang thiết bị Y tế Bình Định (BIDIPHAR),93593847,https://finance.vietstock.vn/DBD-ctcp-duoc-trang-thiet-bi-y-te-binh-dinh-bidiphar.htm,298,3275
1654,5,UPCoM,"Dược phẩm, Công nghệ sinh học và Khoa học thường thức",DBM,CTCP Dược - Vật tư Y Tế Đăk Lăk,1941588,https://finance.vietstock.vn/DBM-ctcp-duoc-vat-tu-y-te-dak-lak.htm,299,3275
1851,1,HOSE,"Dược phẩm, Công nghệ sinh học và Khoa học thường thức",DBT,CTCP Dược phẩm Bến Tre,18610650,https://finance.vietstock.vn/DBT-ctcp-duoc-pham-ben-tre.htm,300,3275
2636,5,UPCoM,Tư liệu sản xuất,DC1,CTCP Đầu tư Phát triển Xây dựng Số 1,4504337,https://finance.vietstock.vn/DC1-ctcp-dau-tu-phat-trien-xay-dung-so-1.htm,301,3275
2534,2,HNX,Tư liệu sản xuất,DC2,CTCP Đầu tư - Phát triển - Xây dựng (DIC) Số 2,7556341,https://finance.vietstock.vn/DC2-ctcp-dau-tu-phat-trien-xay-dung-dic-so-2.htm,302,3275
1432,1,HOSE,Tư liệu sản xuất,DC4,CTCP Xây dựng DIC Holdings,57749267,https://finance.vietstock.vn/DC4-ctcp-xay-dung-dic-holdings.htm,303,3275
1761,5,UPCoM,Tư liệu sản xuất,DCF,CTCP Xây dựng và Thiết kế Số 1,30000000,https://finance.vietstock.vn/DCF-ctcp-xay-dung-va-thiet-ke-so-1.htm,304,3275
2273,5,UPCoM,Hàng tiêu dùng và trang trí,DCG,CTCP Tổng Công ty May Đáp Cầu,6825000,https://finance.vietstock.vn/DCG-ctcp-tong-cong-ty-may-dap-cau.htm,305,3275
4069,5,UPCoM,Dịch vụ chuyên biệt và thương mại,DCH,CTCP Địa chính Hà Nội,2880000,https://finance.vietstock.vn/DCH-ctcp-dia-chinh-ha-noi.htm,306,3275
1305,1,HOSE,"Dược phẩm, Công nghệ sinh học và Khoa học thường thức",DCL,CTCP Dược phẩm Cửu Long,73041030,https://finance.vietstock.vn/DCL-ctcp-duoc-pham-cuu-long.htm,307,3275
3844,1,HOSE,Nguyên vật liệu,DCM,CTCP Phân bón Dầu khí Cà Mau,529400000,https://finance.vietstock.vn/DCM-ctcp-phan-bon-dau-khi-ca-mau.htm,308,3275
1791,5,UPCoM,Nguyên vật liệu,DCR,CTCP Gạch men Cosevco,6500000,https://finance.vietstock.vn/DCR-ctcp-gach-men-cosevco.htm,309,3275
1032,5,UPCoM,Hàng tiêu dùng và trang trí,DCS,CTCP Tập đoàn Đại Châu,60310988,https://finance.vietstock.vn/DCS-ctcp-tap-doan-dai-chau.htm,310,3275
781,5,UPCoM,Nguyên vật liệu,DCT,CTCP Tấm lợp Vật liệu Xây dựng Đồng Nai,27223647,https://finance.vietstock.vn/DCT-ctcp-tam-lop-vat-lieu-xay-dung-dong-nai.htm,311,3275
4675,2,HNX,Dịch vụ tiện ích,DDG,CTCP Đầu tư Công nghiệp Xuất nhập khẩu Đông Dương,59839886,https://finance.vietstock.vn/DDG-ctcp-dau-tu-cong-nghiep-xuat-nhap-khau-dong-duong.htm,312,3275
4325,5,UPCoM,Vận tải,DDH,CTCP Đảm bảo Giao thông Đường thủy Hải Phòng,3600000,https://finance.vietstock.vn/DDH-ctcp-dam-bao-giao-thong-duong-thuy-hai-phong.htm,313,3275
1212,5,UPCoM,Vận tải,DDM,CTCP Hàng Hải Đông Đô,12244495,https://finance.vietstock.vn/DDM-ctcp-hang-hai-dong-do.htm,314,3275
1780,5,UPCoM,Phân phối và bán lẻ hàng lâu bền,DDN,CTCP Dược và Thiết bị Y tế Đà Nẵng,15349328,https://finance.vietstock.vn/DDN-ctcp-duoc-va-thiet-bi-y-te-da-nang.htm,315,3275
3769,5,UPCoM,Nguyên vật liệu,DDV,CTCP DAP - VINACHEM,146109900,https://finance.vietstock.vn/DDV-ctcp-dap-vinachem.htm,316,3275
3346,5,UPCoM,Nguyên vật liệu,DFC,CTCP Xích líp Đông Anh,11400000,https://finance.vietstock.vn/DFC-ctcp-xich-lip-dong-anh.htm,317,3275
4869,5,UPCoM,Tư liệu sản xuất,DFF,CTCP Tập đoàn Đua Fat,80000000,https://finance.vietstock.vn/DFF-ctcp-tap-doan-dua-fat.htm,318,3275
2374,1,HOSE,Nguyên vật liệu,DGC,CTCP Tập đoàn Hóa chất Đức Giang,379779286,https://finance.vietstock.vn/DGC-ctcp-tap-doan-hoa-chat-duc-giang.htm,319,3275
2140,5,UPCoM,Tư liệu sản xuất,DGT,CTCP Công trình Giao thông Đồng Nai,79000000,https://finance.vietstock.vn/DGT-ctcp-cong-trinh-giao-thong-dong-nai.htm,320,3275
4086,1,HOSE,Phân phối và bán lẻ hàng lâu bền,DGW,CTCP Thế Giới Số,217320169,https://finance.vietstock.vn/DGW-ctcp-the-gioi-so.htm,321,3275
666,1,HOSE,Nguyên vật liệu,DHA,CTCP Hóa An,15119946,https://finance.vietstock.vn/DHA-ctcp-hoa-an.htm,322,3275
4169,5,UPCoM,Nguyên vật liệu,DHB,CTCP Phân đạm và Hóa chất Hà Bắc,272200000,https://finance.vietstock.vn/DHB-ctcp-phan-dam-va-hoa-chat-ha-bac.htm,323,3275
1800,1,HOSE,Nguyên vật liệu,DHC,CTCP Đông Hải Bến Tre,80493048,https://finance.vietstock.vn/DHC-ctcp-dong-hai-ben-tre.htm,324,3275
2467,5,UPCoM,"Dược phẩm, Công nghệ sinh học và Khoa học thường thức",DHD,CTCP Dược Vật tư Y tế Hải Dương,27947317,https://finance.vietstock.vn/DHD-ctcp-duoc-vat-tu-y-te-hai-duong.htm,325,3275
822,1,HOSE,"Dược phẩm, Công nghệ sinh học và Khoa học thường thức",DHG,CTCP Dược Hậu Giang,130746071,https://finance.vietstock.vn/DHG-ctcp-duoc-hau-giang.htm,326,3275
3250,1,HOSE,Nguyên vật liệu,DHM,CTCP Thương mại và Khai thác Khoáng sản Dương Hiếu,31396180,https://finance.vietstock.vn/DHM-ctcp-thuong-mai-va-khai-thac-khoang-san-duong-hieu.htm,327,3275
1656,5,UPCoM,"Dược phẩm, Công nghệ sinh học và Khoa học thường thức",DHN,CTCP Dược phẩm Hà Nội,6290900,https://finance.vietstock.vn/DHN-ctcp-duoc-pham-ha-noi.htm,328,3275
3307,2,HNX,Hàng tiêu dùng và trang trí,DHP,CTCP Điện cơ Hải Phòng,9492200,https://finance.vietstock.vn/DHP-ctcp-dien-co-hai-phong.htm,329,3275
1395,2,HNX,"Dược phẩm, Công nghệ sinh học và Khoa học thường thức",DHT,CTCP Dược phẩm Hà Tây,82341773,https://finance.vietstock.vn/DHT-ctcp-duoc-pham-ha-tay.htm,330,3275
787,5,UPCoM,Phân phối và bán lẻ hàng lâu bền,DIC,CTCP Đầu tư và Thương mại DIC,26585840,https://finance.vietstock.vn/DIC-ctcp-dau-tu-va-thuong-mai-dic.htm,331,3275
1982,5,UPCoM,Nguyên vật liệu,DID,CTCP DIC - Đồng Tiến,15622552,https://finance.vietstock.vn/DID-ctcp-dic-dong-tien.htm,332,3275
1554,1,HOSE,Phát triển và quản lý bất động sản,DIG,Tổng Công ty cổ phần Đầu tư Phát triển Xây dựng,609851995,https://finance.vietstock.vn/DIG-tong-cong-ty-co-phan-dau-tu-phat-trien-xay-dung.htm,333,3275
1751,2,HNX,Tư liệu sản xuất,DIH,CTCP Đầu tư Phát triển Xây dựng - Hội An,6879164,https://finance.vietstock.vn/DIH-ctcp-dau-tu-phat-trien-xay-dung-hoi-an.htm,334,3275
3018,5,UPCoM,Phát triển và quản lý bất động sản,DKC,CTCP Chợ Lạng Sơn,2288540,https://finance.vietstock.vn/DKC-ctcp-cho-lang-son.htm,335,3275
2075,2,HNX,Vận tải,DL1,CTCP Tập đoàn Alpha Seven,106236094,https://finance.vietstock.vn/DL1-ctcp-tap-doan-alpha-seven.htm,336,3275
2691,5,UPCoM,Dịch vụ tiêu dùng,DLD,CTCP Du lịch Đắk Lắk,9307415,https://finance.vietstock.vn/DLD-ctcp-du-lich-dak-lak.htm,337,3275
1551,1,HOSE,Tư liệu sản xuất,DLG,CTCP Tập đoàn Đức Long Gia Lai,299309720,https://finance.vietstock.vn/DLG-ctcp-tap-doan-duc-long-gia-lai.htm,338,3275
2133,5,UPCoM,Tư liệu sản xuất,DLR,CTCP Địa ốc Đà Lạt,4500000,https://finance.vietstock.vn/DLR-ctcp-dia-oc-da-lat.htm,339,3275
2332,5,UPCoM,Dịch vụ tiêu dùng,DLT,CTCP Du lịch và Thương mại - Vinacomin,2500056,https://finance.vietstock.vn/DLT-ctcp-du-lich-va-thuong-mai-vinacomin.htm,340,3275
4710,5,UPCoM,Hàng tiêu dùng và trang trí,DM7,CTCP Dệt May 7,15411100,https://finance.vietstock.vn/DM7-ctcp-det-may-7.htm,341,3275
788,1,HOSE,"Dược phẩm, Công nghệ sinh học và Khoa học thường thức",DMC,CTCP Xuất nhập khẩu Y Tế Domesco,34727465,https://finance.vietstock.vn/DMC-ctcp-xuat-nhap-khau-y-te-domesco.htm,342,3275
2880,5,UPCoM,"Thực phẩm, đồ uống và thuốc lá",DMN,CTCP Domenal,12500000,https://finance.vietstock.vn/DMN-ctcp-domenal.htm,343,3275
3353,5,UPCoM,Đồ gia dụng và cá nhân,DMS,CTCP Hóa phẩm Dầu khí DMC - Miền Nam,4000000,https://finance.vietstock.vn/DMS-ctcp-hoa-pham-dau-khi-dmc-mien-nam.htm,344,3275
4573,5,UPCoM,Dịch vụ tiện ích,DNA,CTCP Điện Nước An Giang,56329567,https://finance.vietstock.vn/DNA-ctcp-dien-nuoc-an-giang.htm,345,3275
1962,2,HNX,Dịch vụ tiện ích,DNC,CTCP Điện Nước Lắp máy Hải Phòng,8027780,https://finance.vietstock.vn/DNC-ctcp-dien-nuoc-lap-may-hai-phong.htm,346,3275
2012,5,UPCoM,Nguyên vật liệu,DND,CTCP Đầu tư Xây dựng và Vật liệu Đồng Nai,8834000,https://finance.vietstock.vn/DND-ctcp-dau-tu-xay-dung-va-vat-lieu-dong-nai.htm,347,3275
4476,5,UPCoM,Dịch vụ tiện ích,DNE,CTCP Môi trường Đô thị Đà Nẵng,5773600,https://finance.vietstock.vn/DNE-ctcp-moi-truong-do-thi-da-nang.htm,348,3275
4516,5,UPCoM,Dịch vụ tiện ích,DNH,CTCP Thủy điện Đa Nhim - Hàm Thuận - Đa Mi,422400000,https://finance.vietstock.vn/DNH-ctcp-thuy-dien-da-nhim-ham-thuan-da-mi.htm,349,3275
2940,5,UPCoM,Vận tải,DNL,CTCP Logistics Cảng Đà Nẵng,4310000,https://finance.vietstock.vn/DNL-ctcp-logistics-cang-da-nang.htm,350,3275
2159,5,UPCoM,Dịch vụ và thiết bị chăm sóc sức khỏe,DNM,Tổng Công ty cổ phần Y tế DANAMECO,5253070,https://finance.vietstock.vn/DNM-tong-cong-ty-co-phan-y-te-danameco.htm,351,3275
4525,5,UPCoM,Dịch vụ tiện ích,DNN,CTCP Cấp nước Đà Nẵng,57964061,https://finance.vietstock.vn/DNN-ctcp-cap-nuoc-da-nang.htm,352,3275
789,2,HNX,Nguyên vật liệu,DNP,CTCP DNP Holding,140974846,https://finance.vietstock.vn/DNP-ctcp-dnp-holding.htm,353,3275
1649,5,UPCoM,Dịch vụ tiêu dùng,DNT,CTCP Du lịch Đồng Nai,7459675,https://finance.vietstock.vn/DNT-ctcp-du-lich-dong-nai.htm,354,3275
3853,5,UPCoM,Dịch vụ tiện ích,DNW,CTCP Cấp nước Đồng Nai,120000000,https://finance.vietstock.vn/DNW-ctcp-cap-nuoc-dong-nai.htm,355,3275
3075,5,UPCoM,Nguyên vật liệu,DOC,CTCP Vật tư Nông Nghiệp Đồng Nai,10000000,https://finance.vietstock.vn/DOC-ctcp-vat-tu-nong-nghiep-dong-nai.htm,356,3275
2845,5,UPCoM,Vận tải,DOP,CTCP Vận tải Xăng dầu Đồng Tháp,4719950,https://finance.vietstock.vn/DOP-ctcp-van-tai-xang-dau-dong-thap.htm,357,3275
4117,5,UPCoM,Phân phối và bán lẻ hàng lâu bền,DP1,CTCP Dược phẩm Trung ương CPC1,20979000,https://finance.vietstock.vn/DP1-ctcp-duoc-pham-trung-uong-cpc1.htm,358,3275
4496,5,UPCoM,"Dược phẩm, Công nghệ sinh học và Khoa học thường thức",DP2,CTCP Dược phẩm Trung ương 2,20000000,https://finance.vietstock.vn/DP2-ctcp-duoc-pham-trung-uong-2.htm,359,3275
2124,2,HNX,"Dược phẩm, Công nghệ sinh học và Khoa học thường thức",DP3,CTCP Dược phẩm Trung ương 3,21499933,https://finance.vietstock.vn/DP3-ctcp-duoc-pham-trung-uong-3.htm,360,3275
45,5,UPCoM,Nguyên vật liệu,DPC,CTCP Nhựa Đà Nẵng,2237280,https://finance.vietstock.vn/DPC-ctcp-nhua-da-nang.htm,361,3275
2364,1,HOSE,Tư liệu sản xuất,DPG,CTCP Tập đoàn Đạt Phương,62999554,https://finance.vietstock.vn/DPG-ctcp-tap-doan-dat-phuong.htm,362,3275
2871,5,UPCoM,"Dược phẩm, Công nghệ sinh học và Khoa học thường thức",DPH,CTCP Dược phẩm Hải Phòng,3000000,https://finance.vietstock.vn/DPH-ctcp-duoc-pham-hai-phong.htm,363,3275
994,1,HOSE,Nguyên vật liệu,DPM,Tổng Công ty Phân bón và Hóa chất Dầu khí - CTCP,391400000,https://finance.vietstock.vn/DPM-tong-cong-ty-phan-bon-va-hoa-chat-dau-khi-ctcp.htm,364,3275
1661,5,UPCoM,Phân phối và bán lẻ hàng lâu bền,DPP,CTCP Dược Đồng Nai,3000010,https://finance.vietstock.vn/DPP-ctcp-duoc-dong-nai.htm,365,3275
1013,1,HOSE,Nguyên vật liệu,DPR,CTCP Cao su Đồng Phú,86885932,https://finance.vietstock.vn/DPR-ctcp-cao-su-dong-phu.htm,366,3275
4019,5,UPCoM,Phân phối và bán lẻ hàng lâu bền,DPS,CTCP Đầu tư Phát triển Sóc Sơn,31085257,https://finance.vietstock.vn/DPS-ctcp-dau-tu-phat-trien-soc-son.htm,367,3275
1059,1,HOSE,Hàng tiêu dùng và trang trí,DQC,CTCP Tập đoàn Điện Quang,34359416,https://finance.vietstock.vn/DQC-ctcp-tap-doan-dien-quang.htm,368,3275
790,1,HOSE,Xe và linh kiện,DRC,CTCP Cao su Đà Nẵng,118792605,https://finance.vietstock.vn/DRC-ctcp-cao-su-da-nang.htm,369,3275
4775,5,UPCoM,Nguyên vật liệu,DRG,CTCP Cao su Đắk Lắk,1658400,https://finance.vietstock.vn/DRG-ctcp-cao-su-dak-lak.htm,370,3275
2613,1,HOSE,Phát triển và quản lý bất động sản,DRH,CTCP DRH Holdings,124353866,https://finance.vietstock.vn/DRH-ctcp-drh-holdings.htm,371,3275
4500,5,UPCoM,Nguyên vật liệu,DRI,CTCP Đầu tư Cao su Đắk Lắk,73200000,https://finance.vietstock.vn/DRI-ctcp-dau-tu-cao-su-dak-lak.htm,372,3275
2825,1,HOSE,Dịch vụ tiện ích,DRL,CTCP Thủy điện - Điện Lực 3,9500000,https://finance.vietstock.vn/DRL-ctcp-thuy-dien-dien-luc-3.htm,373,3275
4517,2,HNX,Vận tải,DS3,CTCP Quản lý Đường sông Số 3,10669730,https://finance.vietstock.vn/DS3-ctcp-quan-ly-duong-song-so-3.htm,374,3275
4899,5,UPCoM,Dịch vụ tiêu dùng,DSD,CTCP DHC Suối Đôi,36600000,https://finance.vietstock.vn/DSD-ctcp-dhc-suoi-doi.htm,375,3275
1329,1,HOSE,Dịch vụ tài chính,DSE,CTCP Chứng khoán DNSE,330000000,https://finance.vietstock.vn/DSE-ctcp-chung-khoan-dnse.htm,376,3275
1691,5,UPCoM,Hàng tiêu dùng và trang trí,DSG,CTCP Kính Đáp Cầu,30000000,https://finance.vietstock.vn/DSG-ctcp-kinh-dap-cau.htm,377,3275
2346,1,HOSE,Dịch vụ tiêu dùng,DSN,CTCP Công viên nước Đầm Sen,12083009,https://finance.vietstock.vn/DSN-ctcp-cong-vien-nuoc-dam-sen.htm,378,3275
4216,5,UPCoM,Dịch vụ tiêu dùng,DSP,CTCP Dịch vụ Du lịch Phú Thọ,118684000,https://finance.vietstock.vn/DSP-ctcp-dich-vu-du-lich-phu-tho.htm,379,3275
1033,2,HNX,Truyền thông và giải trí,DST,CTCP Đầu tư Sao Thăng Long,32300000,https://finance.vietstock.vn/DST-ctcp-dau-tu-sao-thang-long.htm,380,3275
2617,1,HOSE,Phát triển và quản lý bất động sản,DTA,CTCP Đệ Tam,18059832,https://finance.vietstock.vn/DTA-ctcp-de-tam.htm,381,3275
4751,5,UPCoM,Dịch vụ chuyên biệt và thương mại,DTB,CTCP Công trình Đô thị Bảo Lộc,1558248,https://finance.vietstock.vn/DTB-ctcp-cong-trinh-do-thi-bao-loc.htm,382,3275
907,2,HNX,Nguyên vật liệu,DTC,CTCP Viglacera Đông Triều,10000000,https://finance.vietstock.vn/DTC-ctcp-viglacera-dong-trieu.htm,383,3275
4584,2,HNX,Phát triển và quản lý bất động sản,DTD,CTCP Đầu tư Phát triển Thành Đạt,56745285,https://finance.vietstock.vn/DTD-ctcp-dau-tu-phat-trien-thanh-dat.htm,384,3275
4850,5,UPCoM,Dịch vụ tiện ích,DTE,CTCP Đầu tư Năng lượng Đại Trường Thành Holdings,50725887,https://finance.vietstock.vn/DTE-ctcp-dau-tu-nang-luong-dai-truong-thanh-holdings.htm,385,3275
2116,2,HNX,"Dược phẩm, Công nghệ sinh học và Khoa học thường thức",DTG,CTCP Dược phẩm Tipharco,8352573,https://finance.vietstock.vn/DTG-ctcp-duoc-pham-tipharco.htm,386,3275
1653,5,UPCoM,"Dược phẩm, Công nghệ sinh học và Khoa học thường thức",DTH,CTCP Dược Vật tư Y Tế Thanh Hóa,7471614,https://finance.vietstock.vn/DTH-ctcp-duoc-vat-tu-y-te-thanh-hoa.htm,387,3275
4632,5,UPCoM,Phát triển và quản lý bất động sản,DTI,CTCP Đầu tư Đức Trung,13488800,https://finance.vietstock.vn/DTI-ctcp-dau-tu-duc-trung.htm,388,3275
4018,2,HNX,Dịch vụ tiện ích,DTK,Tổng Công ty Điện lực TKV - CTCP,682767475,https://finance.vietstock.vn/DTK-tong-cong-ty-dien-luc-tkv-ctcp.htm,389,3275
2435,1,HOSE,Nguyên vật liệu,DTL,CTCP Đại Thiên Lộc,61435604,https://finance.vietstock.vn/DTL-ctcp-dai-thien-loc.htm,390,3275
4816,5,UPCoM,"Dược phẩm, Công nghệ sinh học và Khoa học thường thức",DTP,CTCP Dược phẩm CPC1 Hà Nội,16229042,https://finance.vietstock.vn/DTP-ctcp-duoc-pham-cpc1-ha-noi.htm,391,3275
791,1,HOSE,Nguyên vật liệu,DTT,CTCP Kỹ nghệ Đô Thành,8151820,https://finance.vietstock.vn/DTT-ctcp-ky-nghe-do-thanh.htm,392,3275
4783,5,UPCoM,Dịch vụ chuyên biệt và thương mại,DUS,CTCP Dịch vụ Đô thị Đà Lạt,5614300,https://finance.vietstock.vn/DUS-ctcp-dich-vu-do-thi-da-lat.htm,393,3275
1730,5,UPCoM,Phân phối và bán lẻ hàng lâu bền,DVC,CTCP Thương mại Dịch vụ Tổng hợp Cảng Hải Phòng,10793670,https://finance.vietstock.vn/DVC-ctcp-thuong-mai-dich-vu-tong-hop-cang-hai-phong.htm,394,3275
4851,5,UPCoM,Nguyên vật liệu,DVG,CTCP Đại Việt Group DVG,28000000,https://finance.vietstock.vn/DVG-ctcp-dai-viet-group-dvg.htm,395,3275
4903,2,HNX,"Dược phẩm, Công nghệ sinh học và Khoa học thường thức",DVM,CTCP Dược liệu Việt Nam,42779916,https://finance.vietstock.vn/DVM-ctcp-duoc-lieu-viet-nam.htm,396,3275
4322,5,UPCoM,"Dược phẩm, Công nghệ sinh học và Khoa học thường thức",DVN,Tổng Công ty Dược Việt Nam - CTCP,237000000,https://finance.vietstock.vn/DVN-tong-cong-ty-duoc-viet-nam-ctcp.htm,397,3275
1505,1,HOSE,Vận tải,DVP,CTCP Đầu tư và Phát triển Cảng Đình Vũ,40000000,https://finance.vietstock.vn/DVP-ctcp-dau-tu-va-phat-trien-cang-dinh-vu.htm,398,3275
4681,5,UPCoM,Tư liệu sản xuất,DVW,CTCP Dịch vụ và Xây dựng Cấp nước Đồng Nai,2345000,https://finance.vietstock.vn/DVW-ctcp-dich-vu-va-xay-dung-cap-nuoc-dong-nai.htm,399,3275
4886,5,UPCoM,Dịch vụ tiện ích,DWC,CTCP Cấp nước Đắk Lắk,20172800,https://finance.vietstock.vn/DWC-ctcp-cap-nuoc-dak-lak.htm,400,3275
4441,5,UPCoM,Dịch vụ tiện ích,DWS,CTCP Cấp nước và Môi trường đô thị Đồng Tháp,25918130,https://finance.vietstock.vn/DWS-ctcp-cap-nuoc-va-moi-truong-do-thi-dong-thap.htm,401,3275
1914,1,HOSE,Phát triển và quản lý bất động sản,DXG,CTCP Tập đoàn Đất Xanh,722450921,https://finance.vietstock.vn/DXG-ctcp-tap-doan-dat-xanh.htm,402,3275
2610,5,UPCoM,Dịch vụ tiêu dùng,DXL,CTCP Du Lịch và Xuất nhập khẩu Lạng Sơn,3957900,https://finance.vietstock.vn/DXL-ctcp-du-lich-va-xuat-nhap-khau-lang-son.htm,403,3275
792,2,HNX,Vận tải,DXP,CTCP Cảng Đoạn Xá,59910133,https://finance.vietstock.vn/DXP-ctcp-cang-doan-xa.htm,404,3275
4868,1,HOSE,Phát triển và quản lý bất động sản,DXS,CTCP Dịch vụ Bất động sản Đất Xanh,579103124,https://finance.vietstock.vn/DXS-ctcp-dich-vu-bat-dong-san-dat-xanh.htm,405,3275
1116,1,HOSE,Nguyên vật liệu,DXV,CTCP VICEM Vật liệu Xây dựng Đà Nẵng,9900000,https://finance.vietstock.vn/DXV-ctcp-vicem-vat-lieu-xay-dung-da-nang.htm,406,3275
1763,5,UPCoM,Tư liệu sản xuất,DZM,CTCP Cơ điện Dzĩ An,5395985,https://finance.vietstock.vn/DZM-ctcp-co-dien-dzi-an.htm,407,3275
3232,5,UPCoM,Tư liệu sản xuất,E12,CTCP Xây dựng Điện VNECO12,1200000,https://finance.vietstock.vn/E12-ctcp-xay-dung-dien-vneco12.htm,408,3275
3747,1,HOSE,Dịch vụ tài chính,E1VFVN30,Quỹ ETF DCVFMVN30,303800000,https://finance.vietstock.vn/E1VFVN30-quy-etf-dcvfmvn30.htm,409,3275
4766,5,UPCoM,Tư liệu sản xuất,E29,CTCP Đầu tư Xây dựng và Kỹ thuật 29,5000000,https://finance.vietstock.vn/E29-ctcp-dau-tu-xay-dung-va-ky-thuat-29.htm,410,3275
908,2,HNX,Truyền thông và giải trí,EBS,CTCP Sách Giáo dục tại Thành phố Hà Nội,10219484,https://finance.vietstock.vn/EBS-ctcp-sach-giao-duc-tai-thanh-pho-ha-noi.htm,411,3275
1785,2,HNX,Truyền thông và giải trí,ECI,CTCP Tập Đoàn ECI,1860000,https://finance.vietstock.vn/ECI-ctcp-tap-doan-eci.htm,412,3275
5692,5,UPCoM,Nguyên vật liệu,ECO,CTCP Nhựa sinh thái Việt Nam,20000000,https://finance.vietstock.vn/ECO-ctcp-nhua-sinh-thai-viet-nam.htm,413,3275
1829,5,UPCoM,Dịch vụ tài chính,EFI,CTCP Đầu tư Tài chính Giáo dục,10880000,https://finance.vietstock.vn/EFI-ctcp-dau-tu-tai-chinh-giao-duc.htm,414,3275
1171,1,HOSE,Tổ chức tín dụng,EIB,Ngân hàng TMCP Xuất nhập khẩu Việt Nam,1868810607,https://finance.vietstock.vn/EIB-ngan-hang-tmcp-xuat-nhap-khau-viet-nam.htm,415,3275
2952,5,UPCoM,Dịch vụ tiện ích,EIC,CTCP EVN Quốc tế,36677145,https://finance.vietstock.vn/EIC-ctcp-evn-quoc-te.htm,416,3275
1804,2,HNX,Truyền thông và giải trí,EID,CTCP Đầu tư và Phát triển Giáo dục Hà Nội,15000000,https://finance.vietstock.vn/EID-ctcp-dau-tu-va-phat-trien-giao-duc-ha-noi.htm,417,3275
3252,5,UPCoM,Dịch vụ tiêu dùng,EIN,CTCP Đầu tư - Thương mại - Dịch vụ Điện Lực,45407161,https://finance.vietstock.vn/EIN-ctcp-dau-tu-thuong-mai-dich-vu-dien-luc.htm,418,3275
2623,1,HOSE,Dịch vụ viễn thông,ELC,CTCP Công Nghệ - Viễn Thông Elcom,83290077,https://finance.vietstock.vn/ELC-ctcp-cong-nghe-vien-thong-elcom.htm,419,3275
2750,5,UPCoM,Nguyên vật liệu,EME,CTCP Điện cơ,3780298,https://finance.vietstock.vn/EME-ctcp-dien-co.htm,420,3275
2862,5,UPCoM,Tư liệu sản xuất,EMG,CTCP Thiết bị Phụ Tùng Cơ Điện,3000000,https://finance.vietstock.vn/EMG-ctcp-thiet-bi-phu-tung-co-dien.htm,421,3275
3708,5,UPCoM,Vận tải,EMS,Tổng Công ty Chuyển phát nhanh Bưu Điện - CTCP,20999440,https://finance.vietstock.vn/EMS-tong-cong-ty-chuyen-phat-nhanh-buu-dien-ctcp.htm,422,3275
4705,5,UPCoM,"Thực phẩm, đồ uống và thuốc lá",EPC,CTCP Cà phê Ea Pốk,9388500,https://finance.vietstock.vn/EPC-ctcp-ca-phe-ea-pok.htm,423,3275
3126,5,UPCoM,Truyền thông và giải trí,EPH,CTCP Dịch vụ Xuất bản Giáo dục Hà Nội,2500000,https://finance.vietstock.vn/EPH-ctcp-dich-vu-xuat-ban-giao-duc-ha-noi.htm,424,3275
2647,1,HOSE,Hàng tiêu dùng và trang trí,EVE,CTCP Everpia,41979773,https://finance.vietstock.vn/EVE-ctcp-everpia.htm,425,3275
2445,1,HOSE,Tổ chức tín dụng,EVF,Công ty Tài chính Cổ phần Điện lực,704248289,https://finance.vietstock.vn/EVF-cong-ty-tai-chinh-co-phan-dien-luc.htm,426,3275
4480,1,HOSE,Phát triển và quản lý bất động sản,EVG,CTCP Tập đoàn EverLand,215249836,https://finance.vietstock.vn/EVG-ctcp-tap-doan-everland.htm,427,3275
1349,2,HNX,Dịch vụ tài chính,EVS,CTCP Chứng khoán Everest,164800618,https://finance.vietstock.vn/EVS-ctcp-chung-khoan-everest.htm,428,3275
1744,5,UPCoM,Phân phối và bán lẻ hàng lâu bền,FBA,CTCP Tập đoàn Quốc tế FBA,3414900,https://finance.vietstock.vn/FBA-ctcp-tap-doan-quoc-te-fba.htm,429,3275
4574,5,UPCoM,Xe và linh kiện,FBC,CTCP Cơ khí Phổ Yên,3700000,https://finance.vietstock.vn/FBC-ctcp-co-khi-pho-yen.htm,430,3275
4131,5,UPCoM,"Thực phẩm, đồ uống và thuốc lá",FCC,CTCP Liên hợp Thực phẩm,5997040,https://finance.vietstock.vn/FCC-ctcp-lien-hop-thuc-pham.htm,431,3275
3570,1,HOSE,Nguyên vật liệu,FCM,CTCP Khoáng sản FECON,45099969,https://finance.vietstock.vn/FCM-ctcp-khoang-san-fecon.htm,432,3275
3109,1,HOSE,Tư liệu sản xuất,FCN,CTCP FECON,157439005,https://finance.vietstock.vn/FCN-ctcp-fecon.htm,433,3275
4340,5,UPCoM,"Thực phẩm, đồ uống và thuốc lá",FCS,CTCP Lương thực Thành phố Hồ Chí Minh,29450000,https://finance.vietstock.vn/FCS-ctcp-luong-thuc-thanh-pho-ho-chi-minh.htm,434,3275
97,1,HOSE,Phát triển và quản lý bất động sản,FDC,CTCP Ngoại thương và  Phát triển Đầu tư Thành phố Hồ Chí Minh,38629988,https://finance.vietstock.vn/FDC-ctcp-ngoai-thuong-va-phat-trien-dau-tu-thanh-pho-ho-chi-minh.htm,435,3275
4701,5,UPCoM,"Thực phẩm, đồ uống và thuốc lá",FGL,CTCP Cà phê Gia Lai,14676300,https://finance.vietstock.vn/FGL-ctcp-ca-phe-gia-lai.htm,436,3275
2390,5,UPCoM,"Thực phẩm, đồ uống và thuốc lá",FHN,CTCP Xuất nhập khẩu Lương thực Thực phẩm Hà Nội,3000000,https://finance.vietstock.vn/FHN-ctcp-xuat-nhap-khau-luong-thuc-thuc-pham-ha-noi.htm,437,3275
2281,5,UPCoM,Phân phối và bán lẻ hàng lâu bền,FHS,CTCP Phát hành Sách Thành phố Hồ Chí Minh,12751462,https://finance.vietstock.vn/FHS-ctcp-phat-hanh-sach-thanh-pho-ho-chi-minh.htm,438,3275
4358,5,UPCoM,Nguyên vật liệu,FIC,Tổng Công ty Vật liệu Xây dựng số 1 - CTCP,127000000,https://finance.vietstock.vn/FIC-tong-cong-ty-vat-lieu-xay-dung-so-1-ctcp.htm,439,3275
3897,2,HNX,Phân phối và bán lẻ hàng lâu bền,FID,CTCP Đầu tư và Phát triển Doanh nghiệp Việt Nam,24715958,https://finance.vietstock.vn/FID-ctcp-dau-tu-va-phat-trien-doanh-nghiep-viet-nam.htm,440,3275
4692,1,HOSE,Phát triển và quản lý bất động sản,FIR,CTCP Địa ốc First Real,64245281,https://finance.vietstock.vn/FIR-ctcp-dia-oc-first-real.htm,441,3275
3564,1,HOSE,"Dược phẩm, Công nghệ sinh học và Khoa học thường thức",FIT,CTCP Tập đoàn F.I.T,339933034,https://finance.vietstock.vn/FIT-ctcp-tap-doan-f-i-t.htm,442,3275
2652,5,UPCoM,Phát triển và quản lý bất động sản,FLC,CTCP Tập đoàn FLC,709997807,https://finance.vietstock.vn/FLC-ctcp-tap-doan-flc.htm,443,3275
793,1,HOSE,"Thực phẩm, đồ uống và thuốc lá",FMC,CTCP Thực phẩm Sao Ta,65388889,https://finance.vietstock.vn/FMC-ctcp-thuc-pham-sao-ta.htm,444,3275
2412,5,UPCoM,Dịch vụ viễn thông,FOC,CTCP Dịch vụ Trực tuyến FPT,18471275,https://finance.vietstock.vn/FOC-ctcp-dich-vu-truc-tuyen-fpt.htm,445,3275
2371,5,UPCoM,Dịch vụ viễn thông,FOX,CTCP Viễn thông FPT,492509164,https://finance.vietstock.vn/FOX-ctcp-vien-thong-fpt.htm,446,3275
191,1,HOSE,Phần mềm và dịch vụ,FPT,CTCP FPT,1460448066,https://finance.vietstock.vn/FPT-ctcp-fpt.htm,447,3275
1693,5,UPCoM,Nguyên vật liệu,FRC,CTCP Lâm đặc sản Xuất khẩu Quảng Nam,3000000,https://finance.vietstock.vn/FRC-ctcp-lam-dac-san-xuat-khau-quang-nam.htm,448,3275
4196,5,UPCoM,Nguyên vật liệu,FRM,CTCP Lâm Nghiệp Sài Gòn,11700000,https://finance.vietstock.vn/FRM-ctcp-lam-nghiep-sai-gon.htm,449,3275
4668,1,HOSE,Phân phối và bán lẻ hàng lâu bền,FRT,CTCP Bán lẻ Kỹ thuật số FPT,136242389,https://finance.vietstock.vn/FRT-ctcp-ban-le-ky-thuat-so-fpt.htm,450,3275
1302,5,UPCoM,Tư liệu sản xuất,FSO,CTCP Cơ khí đóng tàu Thủy sản Việt Nam,5624966,https://finance.vietstock.vn/FSO-ctcp-co-khi-dong-tau-thuy-san-viet-nam.htm,451,3275
4559,5,UPCoM,Tư liệu sản xuất,FT1,CTCP Phụ tùng Máy số 1,7079853,https://finance.vietstock.vn/FT1-ctcp-phu-tung-may-so-1.htm,452,3275
4579,5,UPCoM,Phát triển và quản lý bất động sản,FTI,CTCP Công nghiệp - Thương mại Hữu Nghị,3943710,https://finance.vietstock.vn/FTI-ctcp-cong-nghiep-thuong-mai-huu-nghi.htm,453,3275
4050,5,UPCoM,Hàng tiêu dùng và trang trí,FTM,CTCP Đầu tư và Phát triển Đức Quân,50000000,https://finance.vietstock.vn/FTM-ctcp-dau-tu-va-phat-trien-duc-quan.htm,454,3275
1178,1,HOSE,Dịch vụ tài chính,FTS,CTCP Chứng khoán FPT,305919366,https://finance.vietstock.vn/FTS-ctcp-chung-khoan-fpt.htm,455,3275
4881,1,HOSE,Dịch vụ tài chính,FUCTVGF3,Quỹ Đầu tư Tăng trưởng Thiên Việt 3,19900800,https://finance.vietstock.vn/FUCTVGF3-quy-dau-tu-tang-truong-thien-viet-3.htm,456,3275
4914,1,HOSE,Dịch vụ tài chính,FUCTVGF4,Quỹ Đầu tư Tăng trưởng Thiên Việt 4,20060000,https://finance.vietstock.vn/FUCTVGF4-quy-dau-tu-tang-truong-thien-viet-4.htm,457,3275
4959,1,HOSE,Dịch vụ tài chính,FUCTVGF5,Quỹ đầu tư tăng trưởng Thiên Việt 5,17280000,https://finance.vietstock.vn/FUCTVGF5-quy-dau-tu-tang-truong-thien-viet-5.htm,458,3275
4362,1,HOSE,Dịch vụ tài chính,FUCVREIT,Quỹ đầu tư Bất động sản Techcom Việt Nam,5000000,https://finance.vietstock.vn/FUCVREIT-quy-dau-tu-bat-dong-san-techcom-viet-nam.htm,459,3275
5695,1,HOSE,Dịch vụ tài chính,FUEABVND,Chứng chỉ Quỹ ETF ABFVN DIAMOND,5300000,https://finance.vietstock.vn/FUEABVND-chung-chi-quy-etf-abfvn-diamond.htm,460,3275
4939,1,HOSE,Dịch vụ tài chính,FUEBFVND,Chứng chỉ Quỹ ETF BVFVN DIAMOND,4000000,https://finance.vietstock.vn/FUEBFVND-chung-chi-quy-etf-bvfvn-diamond.htm,461,3275
4915,1,HOSE,Dịch vụ tài chính,FUEDCMID,Chứng chỉ Quỹ ETF DCVFMVNMIDCAP,30500000,https://finance.vietstock.vn/FUEDCMID-chung-chi-quy-etf-dcvfmvnmidcap.htm,462,3275
4930,1,HOSE,Dịch vụ tài chính,FUEFCV50,Chứng chỉ Quỹ ETF FPT CAPITAL VNX50,5700000,https://finance.vietstock.vn/FUEFCV50-chung-chi-quy-etf-fpt-capital-vnx50.htm,463,3275
4879,1,HOSE,Dịch vụ tài chính,FUEIP100,Chứng chỉ Quỹ ETF IPAAM VN100,5400000,https://finance.vietstock.vn/FUEIP100-chung-chi-quy-etf-ipaam-vn100.htm,464,3275
4888,1,HOSE,Dịch vụ tài chính,FUEKIV30,Chứng chỉ Quỹ ETF KIM GROWTH VN30,194300000,https://finance.vietstock.vn/FUEKIV30-chung-chi-quy-etf-kim-growth-vn30.htm,465,3275
4919,1,HOSE,Dịch vụ tài chính,FUEKIVFS,Chứng chỉ Quỹ ETF Kim Growth VNFINSELECT,24400000,https://finance.vietstock.vn/FUEKIVFS-chung-chi-quy-etf-kim-growth-vnfinselect.htm,466,3275
5688,1,HOSE,Dịch vụ tài chính,FUEKIVND,Chứng chỉ Quỹ ETF KIM GROWTH VN DIAMOND,8500000,https://finance.vietstock.vn/FUEKIVND-chung-chi-quy-etf-kim-growth-vn-diamond.htm,467,3275
4841,1,HOSE,Dịch vụ tài chính,FUEMAV30,Quỹ ETF MAFM VN30,24100000,https://finance.vietstock.vn/FUEMAV30-quy-etf-mafm-vn30.htm,468,3275
4929,1,HOSE,Dịch vụ tài chính,FUEMAVND,Chứng chỉ Quỹ ETF MAFM VNDIAMOND,31700000,https://finance.vietstock.vn/FUEMAVND-chung-chi-quy-etf-mafm-vndiamond.htm,469,3275
4833,1,HOSE,Dịch vụ tài chính,FUESSV30,Quỹ ETF SSIAM VN30,10300000,https://finance.vietstock.vn/FUESSV30-quy-etf-ssiam-vn30.htm,470,3275
4581,1,HOSE,Dịch vụ tài chính,FUESSV50,Quỹ ETF SSIAM VNX50,6400000,https://finance.vietstock.vn/FUESSV50-quy-etf-ssiam-vnx50.htm,471,3275
4798,1,HOSE,Dịch vụ tài chính,FUESSVFL,Quỹ ETF SSIAM VNFIN LEAD,26700000,https://finance.vietstock.vn/FUESSVFL-quy-etf-ssiam-vnfin-lead.htm,472,3275
4802,1,HOSE,Dịch vụ tài chính,FUEVFVND,Quỹ ETF DCVFMVN DIAMOND,388100000,https://finance.vietstock.vn/FUEVFVND-quy-etf-dcvfmvn-diamond.htm,473,3275
4831,1,HOSE,Dịch vụ tài chính,FUEVN100,Quỹ ETF VINACAPITAL VN100,29300000,https://finance.vietstock.vn/FUEVN100-quy-etf-vinacapital-vn100.htm,474,3275
3987,5,UPCoM,Hàng tiêu dùng và trang trí,G20,CTCP Đầu tư Dệt may Vĩnh Phúc,14400000,https://finance.vietstock.vn/G20-ctcp-dau-tu-det-may-vinh-phuc.htm,475,3275
4280,5,UPCoM,Tư liệu sản xuất,G36,Tổng Công ty 36 - CTCP,103745067,https://finance.vietstock.vn/G36-tong-cong-ty-36-ctcp.htm,476,3275
4749,5,UPCoM,Nguyên vật liệu,GAB,CTCP Đầu tư Khai Khoáng và Quản lý Tài sản FLC,14903987,https://finance.vietstock.vn/GAB-ctcp-dau-tu-khai-khoang-va-quan-ly-tai-san-flc.htm,477,3275
2728,1,HOSE,Dịch vụ tiện ích,GAS,Tổng Công ty Khí Việt Nam - CTCP,2296739847,https://finance.vietstock.vn/GAS-tong-cong-ty-khi-viet-nam-ctcp.htm,478,3275
2260,5,UPCoM,Phân phối và bán lẻ hàng lâu bền,GCB,CTCP Petec Bình Định,4039147,https://finance.vietstock.vn/GCB-ctcp-petec-binh-dinh.htm,479,3275
4923,5,UPCoM,"Thực phẩm, đồ uống và thuốc lá",GCF,CTCP Thực phẩm G.C,30679999,https://finance.vietstock.vn/GCF-ctcp-thuc-pham-g-c.htm,480,3275
2651,5,UPCoM,Nguyên vật liệu,GDA,CTCP Tôn Đông Á,114691510,https://finance.vietstock.vn/GDA-ctcp-ton-dong-a.htm,481,3275
1837,1,HOSE,Hàng tiêu dùng và trang trí,GDT,CTCP Chế biến Gỗ Đức Thành,21738692,https://finance.vietstock.vn/GDT-ctcp-che-bien-go-duc-thanh.htm,482,3275
1240,2,HNX,Dịch vụ tiện ích,GDW,CTCP Cấp nước Gia Định,9500000,https://finance.vietstock.vn/GDW-ctcp-cap-nuoc-gia-dinh.htm,483,3275
4896,1,HOSE,Hàng tiêu dùng và trang trí,GEE,CTCP Điện lực Gelex,300000000,https://finance.vietstock.vn/GEE-ctcp-dien-luc-gelex.htm,484,3275
3025,1,HOSE,Dịch vụ tiện ích,GEG,CTCP Điện Gia Lai,358308371,https://finance.vietstock.vn/GEG-ctcp-dien-gia-lai.htm,485,3275
2261,5,UPCoM,Xe và linh kiện,GER,CTCP Thể thao Ngôi sao Geru,2200000,https://finance.vietstock.vn/GER-ctcp-the-thao-ngoi-sao-geru.htm,486,3275
3086,1,HOSE,Hàng tiêu dùng và trang trí,GEX,CTCP Tập đoàn GELEX,851495793,https://finance.vietstock.vn/GEX-ctcp-tap-doan-gelex.htm,487,3275
1844,5,UPCoM,Tư liệu sản xuất,GGG,CTCP Ô tô Giải Phóng,29388589,https://finance.vietstock.vn/GGG-ctcp-o-to-giai-phong.htm,488,3275
4115,5,UPCoM,Tư liệu sản xuất,GH3,CTCP Công trình Giao thông Hà Nội,11500000,https://finance.vietstock.vn/GH3-ctcp-cong-trinh-giao-thong-ha-noi.htm,489,3275
2737,5,UPCoM,Dịch vụ tiện ích,GHC,CTCP Thủy điện Gia Lai,47662500,https://finance.vietstock.vn/GHC-ctcp-thuy-dien-gia-lai.htm,490,3275
4838,2,HNX,Vận tải,GIC,CTCP Đầu tư Dịch vụ và Phát triển Xanh,12120000,https://finance.vietstock.vn/GIC-ctcp-dau-tu-dich-vu-va-phat-trien-xanh.htm,491,3275
43,1,HOSE,Hàng tiêu dùng và trang trí,GIL,CTCP Sản xuất Kinh doanh và Xuất nhập khẩu Bình Thạnh,69950000,https://finance.vietstock.vn/GIL-ctcp-san-xuat-kinh-doanh-va-xuat-nhap-khau-binh-thanh.htm,492,3275
4353,2,HNX,Nguyên vật liệu,GKM,CTCP GKM Holdings,31434237,https://finance.vietstock.vn/GKM-ctcp-gkm-holdings.htm,493,3275
4721,5,UPCoM,Nguyên vật liệu,GLC,CTCP Vàng Lào Cai,10500000,https://finance.vietstock.vn/GLC-ctcp-vang-lao-cai.htm,494,3275
1268,2,HNX,Dịch vụ viễn thông,GLT,CTCP Kỹ thuật Điện Toàn cầu,10456092,https://finance.vietstock.vn/GLT-ctcp-ky-thuat-dien-toan-cau.htm,495,3275
4350,5,UPCoM,Dịch vụ tiện ích,GLW,CTCP Cấp thoát nước Gia Lai,18000000,https://finance.vietstock.vn/GLW-ctcp-cap-thoat-nuoc-gia-lai.htm,496,3275
4839,2,HNX,Phân phối và bán lẻ hàng lâu bền,GMA,CTCP G-Automobile,19999999,https://finance.vietstock.vn/GMA-ctcp-g-automobile.htm,497,3275
795,1,HOSE,Hàng tiêu dùng và trang trí,GMC,CTCP Garmex Sài Gòn,33000259,https://finance.vietstock.vn/GMC-ctcp-garmex-sai-gon.htm,498,3275
37,1,HOSE,Vận tải,GMD,CTCP Gemadept,310486957,https://finance.vietstock.vn/GMD-ctcp-gemadept.htm,499,3275
4892,1,HOSE,Nguyên vật liệu,GMH,CTCP Minh Hưng Quảng Trị,16500000,https://finance.vietstock.vn/GMH-ctcp-minh-hung-quang-tri.htm,500,3275
2189,2,HNX,Nguyên vật liệu,GMX,CTCP Gạch ngói Gốm Xây dựng Mỹ Xuân,9040697,https://finance.vietstock.vn/GMX-ctcp-gach-ngoi-gom-xay-dung-my-xuan.htm,501,3275
2255,5,UPCoM,Nguyên vật liệu,GND,CTCP Gạch ngói Đồng Nai,9000000,https://finance.vietstock.vn/GND-ctcp-gach-ngoi-dong-nai.htm,502,3275
4928,5,UPCoM,Phân phối và bán lẻ hàng lâu bền,GPC,CTCP Tập đoàn Green+,41594000,https://finance.vietstock.vn/GPC-ctcp-tap-doan-green+.htm,503,3275
3886,5,UPCoM,Dịch vụ tiện ích,GSM,CTCP Thủy điện Hương Sơn,28562000,https://finance.vietstock.vn/GSM-ctcp-thuy-dien-huong-son.htm,504,3275
3012,1,HOSE,Vận tải,GSP,CTCP Vận tải Sản Phẩm Khí Quốc tế,61379265,https://finance.vietstock.vn/GSP-ctcp-van-tai-san-pham-khi-quoc-te.htm,505,3275
891,1,HOSE,Nguyên vật liệu,GTA,CTCP Chế biến gỗ Thuận An,10400000,https://finance.vietstock.vn/GTA-ctcp-che-bien-go-thuan-an.htm,506,3275
4067,5,UPCoM,Hàng tiêu dùng và trang trí,GTD,CTCP Giầy Thượng Đình,9300000,https://finance.vietstock.vn/GTD-ctcp-giay-thuong-dinh.htm,507,3275
4238,5,UPCoM,Tư liệu sản xuất,GTS,CTCP Công trình Giao thông Sài Gòn,28499764,https://finance.vietstock.vn/GTS-ctcp-cong-trinh-giao-thong-sai-gon.htm,508,3275
2629,5,UPCoM,Vận tải,GTT,CTCP Thuận Thảo,43503000,https://finance.vietstock.vn/GTT-ctcp-thuan-thao.htm,509,3275
4645,1,HOSE,Nguyên vật liệu,GVR,Tập đoàn Công nghiệp Cao su Việt Nam - CTCP,4000000000,https://finance.vietstock.vn/GVR-tap-doan-cong-nghiep-cao-su-viet-nam-ctcp.htm,510,3275
2832,5,UPCoM,Nguyên vật liệu,GVT,CTCP Giấy Việt Trì,11605100,https://finance.vietstock.vn/GVT-ctcp-giay-viet-tri.htm,511,3275
2744,5,UPCoM,Tư liệu sản xuất,H11,CTCP Xây dựng HUD101,1060000,https://finance.vietstock.vn/H11-ctcp-xay-dung-hud101.htm,512,3275
916,5,UPCoM,Dịch vụ tài chính,HAC,CTCP Chứng khoán Hải Phòng,29181096,https://finance.vietstock.vn/HAC-ctcp-chung-khoan-hai-phong.htm,513,3275
1839,2,HNX,"Thực phẩm, đồ uống và thuốc lá",HAD,CTCP Bia Hà Nội - Hải Dương,4000000,https://finance.vietstock.vn/HAD-ctcp-bia-ha-noi-hai-duong.htm,514,3275
3884,5,UPCoM,"Thực phẩm, đồ uống và thuốc lá",HAF,CTCP Thực phẩm Hà Nội,14500000,https://finance.vietstock.vn/HAF-ctcp-thuc-pham-ha-noi.htm,515,3275
1448,1,HOSE,"Thực phẩm, đồ uống và thuốc lá",HAG,CTCP Hoàng Anh Gia Lai,1057467947,https://finance.vietstock.vn/HAG-ctcp-hoang-anh-gia-lai.htm,516,3275
3826,1,HOSE,Vận tải,HAH,CTCP Vận tải và Xếp dỡ Hải An,121343091,https://finance.vietstock.vn/HAH-ctcp-van-tai-va-xep-do-hai-an.htm,517,3275
910,5,UPCoM,Phân phối và bán lẻ hàng lâu bền,HAI,CTCP Nông dược H.A.I,182682799,https://finance.vietstock.vn/HAI-ctcp-nong-duoc-h-a-i.htm,518,3275
2065,5,UPCoM,Phân phối và bán lẻ hàng lâu bền,HAM,CTCP Vật tư Hậu Giang,9638061,https://finance.vietstock.vn/HAM-ctcp-vat-tu-hau-giang.htm,519,3275
3669,5,UPCoM,Tư liệu sản xuất,HAN,Tổng Công ty Xây dựng Hà Nội - CTCP,141048000,https://finance.vietstock.vn/HAN-tong-cong-ty-xay-dung-ha-noi-ctcp.htm,520,3275
24,1,HOSE,Nguyên vật liệu,HAP,CTCP Tập đoàn Hapaco,111097772,https://finance.vietstock.vn/HAP-ctcp-tap-doan-hapaco.htm,521,3275
3329,1,HOSE,Phát triển và quản lý bất động sản,HAR,CTCP Đầu tư Thương mại Bất động sản An Dương Thảo Điền,101350100,https://finance.vietstock.vn/HAR-ctcp-dau-tu-thuong-mai-bat-dong-san-an-duong-thao-dien.htm,522,3275
665,1,HOSE,Tư liệu sản xuất,HAS,CTCP Hacisco,8000000,https://finance.vietstock.vn/HAS-ctcp-hacisco.htm,523,3275
2449,2,HNX,"Thực phẩm, đồ uống và thuốc lá",HAT,CTCP Thương mại Bia Hà Nội,3123000,https://finance.vietstock.vn/HAT-ctcp-thuong-mai-bia-ha-noi.htm,524,3275
4607,5,UPCoM,"Thực phẩm, đồ uống và thuốc lá",HAV,CTCP Rượu Hapro,3297860,https://finance.vietstock.vn/HAV-ctcp-ruou-hapro.htm,525,3275
796,1,HOSE,Phân phối và bán lẻ hàng lâu bền,HAX,CTCP Dịch vụ Ô tô Hàng Xanh,107439681,https://finance.vietstock.vn/HAX-ctcp-dich-vu-o-to-hang-xanh.htm,526,3275
797,5,UPCoM,Tư liệu sản xuất,HBC,CTCP Tập đoàn Xây dựng Hòa Bình,347213270,https://finance.vietstock.vn/HBC-ctcp-tap-doan-xay-dung-hoa-binh.htm,527,3275
798,5,UPCoM,Nguyên vật liệu,HBD,CTCP Bao Bì PP Bình Dương,2011100,https://finance.vietstock.vn/HBD-ctcp-bao-bi-pp-binh-duong.htm,528,3275
3733,5,UPCoM,"Thực phẩm, đồ uống và thuốc lá",HBH,CTCP Habeco - Hải Phòng,16000000,https://finance.vietstock.vn/HBH-ctcp-habeco-hai-phong.htm,529,3275
1342,2,HNX,Dịch vụ tài chính,HBS,CTCP Chứng khoán Hòa Bình,32999980,https://finance.vietstock.vn/HBS-ctcp-chung-khoan-hoa-binh.htm,530,3275
1929,5,UPCoM,Tư liệu sản xuất,HC1,CTCP Xây dựng Số 1 Hà Nội,8000000,https://finance.vietstock.vn/HC1-ctcp-xay-dung-so-1-ha-noi.htm,531,3275
2025,5,UPCoM,Phát triển và quản lý bất động sản,HC3,CTCP Xây dựng Số 3 Hải Phòng,20685717,https://finance.vietstock.vn/HC3-ctcp-xay-dung-so-3-hai-phong.htm,532,3275
1895,5,UPCoM,Hàng tiêu dùng và trang trí,HCB,CTCP Dệt may 29/3,5199274,https://finance.vietstock.vn/HCB-ctcp-det-may-29-3.htm,533,3275
1035,2,HNX,Nguyên vật liệu,HCC,CTCP Bê tông Hòa Cầm - Intimex,6518586,https://finance.vietstock.vn/HCC-ctcp-be-tong-hoa-cam-intimex.htm,534,3275
4299,1,HOSE,Nguyên vật liệu,HCD,CTCP Đầu tư Sản xuất và Thương mại HCD,36958816,https://finance.vietstock.vn/HCD-ctcp-dau-tu-san-xuat-va-thuong-mai-hcd.htm,535,3275
2179,5,UPCoM,Phát triển và quản lý bất động sản,HCI,CTCP Đầu tư Xây dựng Hà Nội ,5232000,https://finance.vietstock.vn/HCI-ctcp-dau-tu-xay-dung-ha-noi.htm,536,3275
684,1,HOSE,Dịch vụ tài chính,HCM,CTCP Chứng khoán Thành phố Hồ Chí Minh,704811532,https://finance.vietstock.vn/HCM-ctcp-chung-khoan-thanh-pho-ho-chi-minh.htm,537,3275
1065,2,HNX,Vận tải,HCT,CTCP Thương mại Dịch vụ Vận tải Xi măng Hải Phòng,2016385,https://finance.vietstock.vn/HCT-ctcp-thuong-mai-dich-vu-van-tai-xi-mang-hai-phong.htm,538,3275
2921,5,UPCoM,Phát triển và quản lý bất động sản,HD2,CTCP Đầu tư Phát triển Nhà HUD2,8962353,https://finance.vietstock.vn/HD2-ctcp-dau-tu-phat-trien-nha-hud2.htm,539,3275
1920,5,UPCoM,Phát triển và quản lý bất động sản,HD6,CTCP Đầu tư và Phát triển Nhà Số 6 Hà Nội,15120000,https://finance.vietstock.vn/HD6-ctcp-dau-tu-va-phat-trien-nha-so-6-ha-noi.htm,540,3275
4730,5,UPCoM,Phát triển và quản lý bất động sản,HD8,CTCP Đầu tư Phát triển Nhà và Đô thị HUD8,10000000,https://finance.vietstock.vn/HD8-ctcp-dau-tu-phat-trien-nha-va-do-thi-hud8.htm,541,3275
2641,2,HNX,Nguyên vật liệu,HDA,CTCP Hãng sơn Đông Á,27599967,https://finance.vietstock.vn/HDA-ctcp-hang-son-dong-a.htm,542,3275
1195,1,HOSE,Tổ chức tín dụng,HDB,Ngân hàng TMCP Phát triển Thành phố Hồ Chí Minh,2907632132,https://finance.vietstock.vn/HDB-ngan-hang-tmcp-phat-trien-thanh-pho-ho-chi-minh.htm,543,3275
951,1,HOSE,Phát triển và quản lý bất động sản,HDC,CTCP Phát triển Nhà Bà Rịa - Vũng Tàu,178354966,https://finance.vietstock.vn/HDC-ctcp-phat-trien-nha-ba-ria-vung-tau.htm,544,3275
1511,1,HOSE,Phát triển và quản lý bất động sản,HDG,CTCP Tập đoàn Hà Đô,336331529,https://finance.vietstock.vn/HDG-ctcp-tap-doan-ha-do.htm,545,3275
2316,5,UPCoM,Hàng tiêu dùng và trang trí,HDM,CTCP Dệt may Huế,20096259,https://finance.vietstock.vn/HDM-ctcp-det-may-hue.htm,546,3275
1836,5,UPCoM,Tư liệu sản xuất,HDO,CTCP Hưng Đạo Container,16959879,https://finance.vietstock.vn/HDO-ctcp-hung-dao-container.htm,547,3275
2460,5,UPCoM,"Dược phẩm, Công nghệ sinh học và Khoa học thường thức",HDP,CTCP Dược Hà Tĩnh,9934418,https://finance.vietstock.vn/HDP-ctcp-duoc-ha-tinh.htm,548,3275
4181,5,UPCoM,"Thực phẩm, đồ uống và thuốc lá",HDS,CTCP Giống cây trồng Hải Dương,5162924,https://finance.vietstock.vn/HDS-ctcp-giong-cay-trong-hai-duong.htm,549,3275
4236,5,UPCoM,Dịch vụ tiện ích,HDW,CTCP Kinh doanh Nước sạch Hải Dương,31882470,https://finance.vietstock.vn/HDW-ctcp-kinh-doanh-nuoc-sach-hai-duong.htm,550,3275
2754,5,UPCoM,Tư liệu sản xuất,HEC,CTCP Tư vấn Xây dựng Thủy Lợi II,6000000,https://finance.vietstock.vn/HEC-ctcp-tu-van-xay-dung-thuy-loi-ii.htm,551,3275
4523,5,UPCoM,Dịch vụ chuyên biệt và thương mại,HEJ,Tổng Công ty Tư vấn Xây dựng Thủy lợi Việt Nam - CTCP,4400000,https://finance.vietstock.vn/HEJ-tong-cong-ty-tu-van-xay-dung-thuy-loi-viet-nam-ctcp.htm,552,3275
4615,5,UPCoM,Dịch vụ tiện ích,HEP,CTCP Môi trường và Công trình Đô thị Huế,6000000,https://finance.vietstock.vn/HEP-ctcp-moi-truong-va-cong-trinh-do-thi-hue.htm,553,3275
1666,5,UPCoM,Dịch vụ tiêu dùng,HES,CTCP Dịch vụ Giải trí Hà Nội,9297450,https://finance.vietstock.vn/HES-ctcp-dich-vu-giai-tri-ha-noi.htm,554,3275
1042,2,HNX,Truyền thông và giải trí,HEV,CTCP Sách Đại học - Dạy nghề,1000000,https://finance.vietstock.vn/HEV-ctcp-sach-dai-hoc-day-nghe.htm,555,3275
4237,5,UPCoM,Tư liệu sản xuất,HFB,CTCP Công trình Cầu phà Thành phố Hồ Chí Minh,9100000,https://finance.vietstock.vn/HFB-ctcp-cong-trinh-cau-pha-thanh-pho-ho-chi-minh.htm,556,3275
2022,5,UPCoM,Phân phối và bán lẻ hàng lâu bền,HFC,CTCP Xăng dầu HFC,10198105,https://finance.vietstock.vn/HFC-ctcp-xang-dau-hfc.htm,557,3275
2663,5,UPCoM,Phân phối và bán lẻ hàng lâu bền,HFX,CTCP Sản xuất - Xuất nhập khẩu Thanh Hà,1270000,https://finance.vietstock.vn/HFX-ctcp-san-xuat-xuat-nhap-khau-thanh-ha.htm,558,3275
1861,2,HNX,Nguyên vật liệu,HGM,CTCP Cơ khí và Khoáng sản Hà Giang,12600000,https://finance.vietstock.vn/HGM-ctcp-co-khi-va-khoang-san-ha-giang.htm,559,3275
2852,5,UPCoM,Dịch vụ tiêu dùng,HGT,CTCP Du lịch Hương Giang,20000000,https://finance.vietstock.vn/HGT-ctcp-du-lich-huong-giang.htm,560,3275
1056,2,HNX,"Thực phẩm, đồ uống và thuốc lá",HHC,CTCP Bánh kẹo Hải Hà ,16425000,https://finance.vietstock.vn/HHC-ctcp-banh-keo-hai-ha.htm,561,3275
2640,5,UPCoM,Vận tải,HHG,CTCP Hoàng Hà,34896354,https://finance.vietstock.vn/HHG-ctcp-hoang-ha.htm,562,3275
4414,5,UPCoM,Vận tải,HHN,CTCP Vận tải và Dịch vụ Hàng hóa Hà Nội,1440000,https://finance.vietstock.vn/HHN-ctcp-van-tai-va-dich-vu-hang-hoa-ha-noi.htm,563,3275
4686,1,HOSE,Nguyên vật liệu,HHP,CTCP HHP Global,86554343,https://finance.vietstock.vn/HHP-ctcp-hhp-global.htm,564,3275
2951,1,HOSE,Phân phối và bán lẻ hàng lâu bền,HHS,CTCP Đầu tư Dịch vụ Hoàng Huy,367985968,https://finance.vietstock.vn/HHS-ctcp-dau-tu-dich-vu-hoang-huy.htm,565,3275
4207,1,HOSE,Tư liệu sản xuất,HHV,CTCP Đầu tư Hạ tầng Giao thông Đèo Cả,432255528,https://finance.vietstock.vn/HHV-ctcp-dau-tu-ha-tang-giao-thong-deo-ca.htm,566,3275
4344,1,HOSE,Dịch vụ tiện ích,HID,CTCP Halcom Việt Nam,76765032,https://finance.vietstock.vn/HID-ctcp-halcom-viet-nam.htm,567,3275
1778,5,UPCoM,Dịch vụ viễn thông,HIG,CTCP Tập đoàn HIPT,22559030,https://finance.vietstock.vn/HIG-ctcp-tap-doan-hipt.htm,568,3275
4471,1,HOSE,Nguyên vật liệu,HII,CTCP An Tiến Industries,73663016,https://finance.vietstock.vn/HII-ctcp-an-tien-industries.htm,569,3275
4956,5,UPCoM,Dịch vụ tiện ích,HIO,CTCP Helio Energy,21000000,https://finance.vietstock.vn/HIO-ctcp-helio-energy.htm,570,3275
2193,5,UPCoM,"Thực phẩm, đồ uống và thuốc lá",HJC,CTCP Hòa Việt,12853052,https://finance.vietstock.vn/HJC-ctcp-hoa-viet.htm,571,3275
911,2,HNX,Dịch vụ tiện ích,HJS,CTCP Thủy điện Nậm Mu,20999900,https://finance.vietstock.vn/HJS-ctcp-thuy-dien-nam-mu.htm,572,3275
4009,5,UPCoM,"Thực phẩm, đồ uống và thuốc lá",HKB,CTCP Nông nghiệp và Thực phẩm Hà Nội - Kinh Bắc,51599999,https://finance.vietstock.vn/HKB-ctcp-nong-nghiep-va-thuc-pham-ha-noi-kinh-bac.htm,573,3275
4092,2,HNX,"Thực phẩm, đồ uống và thuốc lá",HKT,CTCP Đầu tư Ego Việt Nam,6135029,https://finance.vietstock.vn/HKT-ctcp-dau-tu-ego-viet-nam.htm,574,3275
1424,5,UPCoM,Nguyên vật liệu,HLA,CTCP Hữu Liên Á Châu,34459293,https://finance.vietstock.vn/HLA-ctcp-huu-lien-a-chau.htm,575,3275
2248,5,UPCoM,"Thực phẩm, đồ uống và thuốc lá",HLB,CTCP Bia và Nước giải khát Hạ Long,3000000,https://finance.vietstock.vn/HLB-ctcp-bia-va-nuoc-giai-khat-ha-long.htm,576,3275
1532,2,HNX,Năng lượng,HLC,CTCP Than Hà Lầm - Vinacomin,25415199,https://finance.vietstock.vn/HLC-ctcp-than-ha-lam-vinacomin.htm,577,3275
3321,2,HNX,Phát triển và quản lý bất động sản,HLD,CTCP Đầu tư và Phát triển Bất động sản HUDLAND,20000000,https://finance.vietstock.vn/HLD-ctcp-dau-tu-va-phat-trien-bat-dong-san-hudland.htm,578,3275
5689,5,UPCoM,Tư liệu sản xuất,HLO,CTCP Công nghệ Ha Lô,8000000,https://finance.vietstock.vn/HLO-ctcp-cong-nghe-ha-lo.htm,579,3275
3237,5,UPCoM,Hàng tiêu dùng và trang trí,HLS,CTCP Sứ Kỹ thuật Hoàng Liên Sơn,11169125,https://finance.vietstock.vn/HLS-ctcp-su-ky-thuat-hoang-lien-son.htm,580,3275
2234,5,UPCoM,Hàng tiêu dùng và trang trí,HLT,CTCP Dệt may Hoàng Thị Loan,5500000,https://finance.vietstock.vn/HLT-ctcp-det-may-hoang-thi-loan.htm,581,3275
912,5,UPCoM,Nguyên vật liệu,HLY,CTCP Gốm Xây Dựng Yên Hưng,1000000,https://finance.vietstock.vn/HLY-ctcp-gom-xay-dung-yen-hung.htm,582,3275
799,1,HOSE,Phân phối và bán lẻ hàng lâu bền,HMC,CTCP Kim khí Thành phố Hồ Chí Minh - VNSTEEL,27299999,https://finance.vietstock.vn/HMC-ctcp-kim-khi-thanh-pho-ho-chi-minh-vnsteel.htm,583,3275
1682,5,UPCoM,Phân phối và bán lẻ hàng lâu bền,HMG,CTCP Kim khí Hà Nội - VNSTEEL,9000000,https://finance.vietstock.vn/HMG-ctcp-kim-khi-ha-noi-vnsteel.htm,584,3275
2477,2,HNX,Vận tải,HMH,CTCP Hải Minh,13199847,https://finance.vietstock.vn/HMH-ctcp-hai-minh.htm,585,3275
4890,2,HNX,Nguyên vật liệu,HMR,CTCP Đá Hoàng Mai,5612444,https://finance.vietstock.vn/HMR-ctcp-da-hoang-mai.htm,586,3275
2258,5,UPCoM,Tư liệu sản xuất,HMS,CTCP Xây dựng Bảo tàng Hồ Chí Minh,10919846,https://finance.vietstock.vn/HMS-ctcp-xay-dung-bao-tang-ho-chi-minh.htm,587,3275
4567,1,HOSE,Dịch vụ tiện ích,HNA,CTCP Thủy điện Hủa Na,235232210,https://finance.vietstock.vn/HNA-ctcp-thuy-dien-hua-na.htm,588,3275
3653,5,UPCoM,Vận tải,HNB,CTCP Bến xe Hà Nội,9500000,https://finance.vietstock.vn/HNB-ctcp-ben-xe-ha-noi.htm,589,3275
3710,5,UPCoM,Dịch vụ tiện ích,HND,CTCP Nhiệt điện Hải Phòng,500000000,https://finance.vietstock.vn/HND-ctcp-nhiet-dien-hai-phong.htm,590,3275
2285,5,UPCoM,"Thực phẩm, đồ uống và thuốc lá",HNF,CTCP Thực phẩm Hữu Nghị,30000000,https://finance.vietstock.vn/HNF-ctcp-thuc-pham-huu-nghi.htm,591,3275
4100,5,UPCoM,"Thực phẩm, đồ uống và thuốc lá",HNG,CTCP Nông nghiệp Quốc tế Hoàng Anh Gia Lai,1108553895,https://finance.vietstock.vn/HNG-ctcp-nong-nghiep-quoc-te-hoang-anh-gia-lai.htm,592,3275
2997,5,UPCoM,Hàng tiêu dùng và trang trí,HNI,CTCP May Hữu Nghị,23778900,https://finance.vietstock.vn/HNI-ctcp-may-huu-nghi.htm,593,3275
915,5,UPCoM,"Thực phẩm, đồ uống và thuốc lá",HNM,CTCP Sữa Hà Nội,44400000,https://finance.vietstock.vn/HNM-ctcp-sua-ha-noi.htm,594,3275
1598,5,UPCoM,Nguyên vật liệu,HNP,CTCP Hanel Xốp nhựa,5000000,https://finance.vietstock.vn/HNP-ctcp-hanel-xop-nhua.htm,595,3275
2257,5,UPCoM,"Thực phẩm, đồ uống và thuốc lá",HNR,CTCP Rượu và Nước giải khát Hà Nội,20000000,https://finance.vietstock.vn/HNR-ctcp-ruou-va-nuoc-giai-khat-ha-noi.htm,596,3275
1389,2,HNX,Nguyên vật liệu,HOM,CTCP Xi măng VICEM Hoàng Mai,74769131,https://finance.vietstock.vn/HOM-ctcp-xi-mang-vicem-hoang-mai.htm,597,3275
1288,5,UPCoM,Dịch vụ tiêu dùng,HOT,CTCP Du lịch Dịch vụ Hội An,8000000,https://finance.vietstock.vn/HOT-ctcp-du-lich-dich-vu-hoi-an.htm,598,3275
2082,5,UPCoM,Nguyên vật liệu,HPB,CTCP Bao bì PP,3880000,https://finance.vietstock.vn/HPB-ctcp-bao-bi-pp.htm,599,3275
4094,5,UPCoM,Dịch vụ tiện ích,HPD,CTCP Thủy điện ĐăK Đoa,8306590,https://finance.vietstock.vn/HPD-ctcp-thuy-dien-dak-doa.htm,600,3275
997,1,HOSE,Nguyên vật liệu,HPG,CTCP Tập đoàn Hòa Phát,6396250200,https://finance.vietstock.vn/HPG-ctcp-tap-doan-hoa-phat.htm,601,3275
3138,5,UPCoM,Đồ gia dụng và cá nhân,HPH,CTCP Hóa Chất Hưng Phát Hà Bắc,8400000,https://finance.vietstock.vn/HPH-ctcp-hoa-chat-hung-phat-ha-bac.htm,602,3275
2620,5,UPCoM,Phát triển và quản lý bất động sản,HPI,CTCP Khu công nghiệp Hiệp Phước,60000000,https://finance.vietstock.vn/HPI-ctcp-khu-cong-nghiep-hiep-phuoc.htm,603,3275
4168,5,UPCoM,Nguyên vật liệu,HPM,CTCP Xây dựng Thương mại và Khoáng Sản Hoàng Phúc,3800000,https://finance.vietstock.vn/HPM-ctcp-xay-dung-thuong-mai-va-khoang-san-hoang-phuc.htm,604,3275
2377,5,UPCoM,Nguyên vật liệu,HPP,CTCP Sơn Hải Phòng,8007177,https://finance.vietstock.vn/HPP-ctcp-son-hai-phong.htm,605,3275
1664,5,UPCoM,Phần mềm và dịch vụ,HPT,CTCP Dịch vụ Công nghệ Tin học HPT,10065960,https://finance.vietstock.vn/HPT-ctcp-dich-vu-cong-nghe-tin-hoc-hpt.htm,606,3275
3926,5,UPCoM,Dịch vụ tiện ích,HPW,CTCP Cấp nước Hải Phòng,74206940,https://finance.vietstock.vn/HPW-ctcp-cap-nuoc-hai-phong.htm,607,3275
4682,1,HOSE,Phát triển và quản lý bất động sản,HPX,CTCP Đầu tư Hải Phát,304168581,https://finance.vietstock.vn/HPX-ctcp-dau-tu-hai-phat.htm,608,3275
2706,1,HOSE,Phát triển và quản lý bất động sản,HQC,CTCP Tư vấn Thương mại Dịch vụ Địa Ốc Hoàng Quân,576600000,https://finance.vietstock.vn/HQC-ctcp-tu-van-thuong-mai-dich-vu-dia-oc-hoang-quan.htm,609,3275
4587,5,UPCoM,Phát triển và quản lý bất động sản,HRB,CTCP Harec Đầu tư và Thương mại,6338400,https://finance.vietstock.vn/HRB-ctcp-harec-dau-tu-va-thuong-mai.htm,610,3275
800,1,HOSE,Nguyên vật liệu,HRC,CTCP Cao su Hòa Bình,30206622,https://finance.vietstock.vn/HRC-ctcp-cao-su-hoa-binh.htm,611,3275
4191,5,UPCoM,Vận tải,HRT,CTCP Vận tải Đường sắt Hà Nội,80058970,https://finance.vietstock.vn/HRT-ctcp-van-tai-duong-sat-ha-noi.htm,612,3275
4435,5,UPCoM,Dịch vụ tài chính,HSA,CTCP Hestia,7872727,https://finance.vietstock.vn/HSA-ctcp-hestia.htm,613,3275
1308,1,HOSE,Nguyên vật liệu,HSG,CTCP Tập đoàn Hoa Sen,615982309,https://finance.vietstock.vn/HSG-ctcp-tap-doan-hoa-sen.htm,614,3275
1023,5,UPCoM,Nguyên vật liệu,HSI,CTCP Vật tư Tổng hợp và Phân bón Hóa Sinh,10000000,https://finance.vietstock.vn/HSI-ctcp-vat-tu-tong-hop-va-phan-bon-hoa-sinh.htm,615,3275
4672,1,HOSE,"Thực phẩm, đồ uống và thuốc lá",HSL,CTCP Đầu tư Phát triển Thực phẩm Hồng Hà,38567363,https://finance.vietstock.vn/HSL-ctcp-dau-tu-phat-trien-thuc-pham-hong-ha.htm,616,3275
2444,5,UPCoM,Hàng tiêu dùng và trang trí,HSM,Tổng Công ty cổ phần Dệt may Hà Nội,20500000,https://finance.vietstock.vn/HSM-tong-cong-ty-co-phan-det-may-ha-noi.htm,617,3275
2020,5,UPCoM,Nguyên vật liệu,HSP,CTCP Sơn Tổng hợp Hà Nội,12027086,https://finance.vietstock.vn/HSP-ctcp-son-tong-hop-ha-noi.htm,618,3275
4860,5,UPCoM,Phân phối và bán lẻ hàng lâu bền,HSV,CTCP Tập đoàn HSV Việt Nam,15749994,https://finance.vietstock.vn/HSV-ctcp-tap-doan-hsv-viet-nam.htm,619,3275
1000,1,HOSE,Nguyên vật liệu,HT1,CTCP Xi Măng Vicem Hà Tiên,381589911,https://finance.vietstock.vn/HT1-ctcp-xi-mang-vicem-ha-tien.htm,620,3275
1397,2,HNX,Phân phối và bán lẻ hàng lâu bền,HTC,CTCP Thương mại Hóc Môn,16499993,https://finance.vietstock.vn/HTC-ctcp-thuong-mai-hoc-mon.htm,621,3275
2434,5,UPCoM,Tư liệu sản xuất,HTE,CTCP Đầu tư Kinh doanh Điện lực Thành phố Hồ Chí Minh,23608165,https://finance.vietstock.vn/HTE-ctcp-dau-tu-kinh-doanh-dien-luc-thanh-pho-ho-chi-minh.htm,622,3275
2330,1,HOSE,Hàng tiêu dùng và trang trí,HTG,Tổng Công ty cổ phần Dệt may Hòa Thọ,36002708,https://finance.vietstock.vn/HTG-tong-cong-ty-co-phan-det-may-hoa-tho.htm,623,3275
2676,1,HOSE,Tư liệu sản xuất,HTI,CTCP Đầu tư Phát triển Hạ tầng IDICO,24949200,https://finance.vietstock.vn/HTI-ctcp-dau-tu-phat-trien-ha-tang-idico.htm,624,3275
2609,1,HOSE,Phân phối và bán lẻ hàng lâu bền,HTL,CTCP Kỹ thuật và Ô tô Trường Long,12000000,https://finance.vietstock.vn/HTL-ctcp-ky-thuat-va-o-to-truong-long.htm,625,3275
4659,5,UPCoM,Phân phối và bán lẻ hàng lâu bền,HTM,Tổng Công ty Thương mại Hà Nội - CTCP,220000000,https://finance.vietstock.vn/HTM-tong-cong-ty-thuong-mai-ha-noi-ctcp.htm,626,3275
4691,1,HOSE,Tư liệu sản xuất,HTN,CTCP Hưng Thịnh Incons,89116411,https://finance.vietstock.vn/HTN-ctcp-hung-thinh-incons.htm,627,3275
919,5,UPCoM,Dịch vụ chuyên biệt và thương mại,HTP,CTCP In Sách Giáo khoa Hòa Phát,91804980,https://finance.vietstock.vn/HTP-ctcp-in-sach-giao-khoa-hoa-phat.htm,628,3275
4420,5,UPCoM,Phát triển và quản lý bất động sản,HTT,CTCP Thương mại Hà Tây,20000000,https://finance.vietstock.vn/HTT-ctcp-thuong-mai-ha-tay.htm,629,3275
74,1,HOSE,Vận tải,HTV,CTCP Logistics Vicem,13104000,https://finance.vietstock.vn/HTV-ctcp-logistics-vicem.htm,630,3275
2111,1,HOSE,Phát triển và quản lý bất động sản,HU1,CTCP Đầu tư và Xây dựng HUD1,10000000,https://finance.vietstock.vn/HU1-ctcp-dau-tu-va-xay-dung-hud1.htm,631,3275
2043,5,UPCoM,Tư liệu sản xuất,HU3,CTCP Đầu tư và Xây dựng HUD3,9999944,https://finance.vietstock.vn/HU3-ctcp-dau-tu-va-xay-dung-hud3.htm,632,3275
2187,5,UPCoM,Phát triển và quản lý bất động sản,HU4,CTCP Đầu tư và Xây dựng HUD4,15000000,https://finance.vietstock.vn/HU4-ctcp-dau-tu-va-xay-dung-hud4.htm,633,3275
2634,5,UPCoM,Phát triển và quản lý bất động sản,HU6,CTCP Đầu tư Phát triển Nhà và Đô thị HUD6,7500000,https://finance.vietstock.vn/HU6-ctcp-dau-tu-phat-trien-nha-va-do-thi-hud6.htm,634,3275
3108,1,HOSE,Tư liệu sản xuất,HUB,CTCP Xây lắp Thừa Thiên Huế,26298437,https://finance.vietstock.vn/HUB-ctcp-xay-lap-thua-thien-hue.htm,635,3275
2267,5,UPCoM,Hàng tiêu dùng và trang trí,HUG,Tổng Công ty May Hưng Yên - CTCP,19511389,https://finance.vietstock.vn/HUG-tong-cong-ty-may-hung-yen-ctcp.htm,636,3275
1132,2,HNX,Phân phối và bán lẻ hàng lâu bền,HUT,CTCP Tasco,892511965,https://finance.vietstock.vn/HUT-ctcp-tasco.htm,637,3275
4016,5,UPCoM,Dịch vụ tài chính,HVA,CTCP Đầu tư HVA,13650000,https://finance.vietstock.vn/HVA-ctcp-dau-tu-hva.htm,638,3275
1857,5,UPCoM,"Thực phẩm, đồ uống và thuốc lá",HVG,CTCP Hùng Vương,227038291,https://finance.vietstock.vn/HVG-ctcp-hung-vuong.htm,639,3275
4697,1,HOSE,Tư liệu sản xuất,HVH,CTCP Đầu tư và Công nghệ HVC,40644830,https://finance.vietstock.vn/HVH-ctcp-dau-tu-va-cong-nghe-hvc.htm,640,3275
3738,1,HOSE,Vận tải,HVN,Tổng Công ty Hàng không Việt Nam - CTCP,2214394174,https://finance.vietstock.vn/HVN-tong-cong-ty-hang-khong-viet-nam-ctcp.htm,641,3275
1556,2,HNX,Nguyên vật liệu,HVT,CTCP Hóa chất Việt Trì,10988059,https://finance.vietstock.vn/HVT-ctcp-hoa-chat-viet-tri.htm,642,3275
2519,1,HOSE,Nguyên vật liệu,HVX,CTCP Xi măng VICEM Hải Vân,38525250,https://finance.vietstock.vn/HVX-ctcp-xi-mang-vicem-hai-van.htm,643,3275
4401,5,UPCoM,Dịch vụ tiện ích,HWS,CTCP Cấp nước Thừa Thiên Huế,87600000,https://finance.vietstock.vn/HWS-ctcp-cap-nuoc-thua-thien-hue.htm,644,3275
4311,5,UPCoM,Dịch vụ tiêu dùng,IBC,CTCP Đầu tư Apax Holdings,83150661,https://finance.vietstock.vn/IBC-ctcp-dau-tu-apax-holdings.htm,645,3275
4733,5,UPCoM,Dịch vụ chuyên biệt và thương mại,IBD,CTCP In Tổng hợp Bình Dương,9000000,https://finance.vietstock.vn/IBD-ctcp-in-tong-hop-binh-duong.htm,646,3275
4225,5,UPCoM,Phát triển và quản lý bất động sản,ICC,CTCP Xây dựng Công nghiệp (ICC),3800000,https://finance.vietstock.vn/ICC-ctcp-xay-dung-cong-nghiep-icc.htm,647,3275
920,5,UPCoM,"Thực phẩm, đồ uống và thuốc lá",ICF,CTCP Đầu tư Thương mại Thủy sản,12807000,https://finance.vietstock.vn/ICF-ctcp-dau-tu-thuong-mai-thuy-san.htm,648,3275
1543,2,HNX,Phát triển và quản lý bất động sản,ICG,CTCP Xây dựng Sông Hồng,20000000,https://finance.vietstock.vn/ICG-ctcp-xay-dung-song-hong.htm,649,3275
1771,5,UPCoM,Tư liệu sản xuất,ICI,CTCP Đầu tư và Xây dựng Công nghiệp,4000000,https://finance.vietstock.vn/ICI-ctcp-dau-tu-va-xay-dung-cong-nghiep.htm,650,3275
2115,5,UPCoM,Tư liệu sản xuất,ICN,CTCP Đầu tư Xây dựng Dầu khí IDICO,20399960,https://finance.vietstock.vn/ICN-ctcp-dau-tu-xay-dung-dau-khi-idico.htm,651,3275
2411,1,HOSE,Dịch vụ viễn thông,ICT,CTCP Viễn thông - Tin học Bưu điện,32185000,https://finance.vietstock.vn/ICT-ctcp-vien-thong-tin-hoc-buu-dien.htm,652,3275
4552,2,HNX,Phát triển và quản lý bất động sản,IDC,Tổng Công ty IDICO – CTCP,329999929,https://finance.vietstock.vn/IDC-tong-cong-ty-idico-–-ctcp.htm,653,3275
2662,1,HOSE,"Thực phẩm, đồ uống và thuốc lá",IDI,CTCP Đầu tư và Phát triển Đa Quốc Gia - IDI,273172668,https://finance.vietstock.vn/IDI-ctcp-dau-tu-va-phat-trien-da-quoc-gia-idi.htm,654,3275
2066,2,HNX,Phát triển và quản lý bất động sản,IDJ,CTCP Đầu tư IDJ Việt Nam,173490193,https://finance.vietstock.vn/IDJ-ctcp-dau-tu-idj-viet-nam.htm,655,3275
4852,5,UPCoM,"Thực phẩm, đồ uống và thuốc lá",IDP,CTCP Sữa Quốc tế Lof,61804472,https://finance.vietstock.vn/IDP-ctcp-sua-quoc-te-lof.htm,656,3275
2006,2,HNX,Phát triển và quản lý bất động sản,IDV,CTCP Phát triển Hạ tầng Vĩnh Phúc,35858385,https://finance.vietstock.vn/IDV-ctcp-phat-trien-ha-tang-vinh-phuc.htm,657,3275
780,5,UPCoM,"Thực phẩm, đồ uống và thuốc lá",IFS,CTCP Thực phẩm Quốc tế,87140984,https://finance.vietstock.vn/IFS-ctcp-thuc-pham-quoc-te.htm,658,3275
2270,5,UPCoM,Dịch vụ chuyên biệt và thương mại,IHK,CTCP In Hàng Không,2141928,https://finance.vietstock.vn/IHK-ctcp-in-hang-khong.htm,659,3275
1705,1,HOSE,Phát triển và quản lý bất động sản,IJC,CTCP Phát triển Hạ tầng Kỹ thuật,377748384,https://finance.vietstock.vn/IJC-ctcp-phat-trien-ha-tang-ky-thuat.htm,660,3275
4600,5,UPCoM,Nguyên vật liệu,ILA,CTCP ILA,18529939,https://finance.vietstock.vn/ILA-ctcp-ila.htm,661,3275
3064,1,HOSE,Vận tải,ILB,CTCP ICD Tân Cảng - Long Bình,24502245,https://finance.vietstock.vn/ILB-ctcp-icd-tan-cang-long-binh.htm,662,3275
921,5,UPCoM,Vận tải,ILC,CTCP Hợp tác Lao động với nước ngoài,6100391,https://finance.vietstock.vn/ILC-ctcp-hop-tac-lao-dong-voi-nuoc-ngoai.htm,663,3275
4306,5,UPCoM,Vận tải,ILS,CTCP Đầu tư Thương mại và Dịch vụ Quốc tế,36000000,https://finance.vietstock.vn/ILS-ctcp-dau-tu-thuong-mai-va-dich-vu-quoc-te.htm,664,3275
1893,5,UPCoM,Tư liệu sản xuất,IME,CTCP Cơ khí và Xây lắp Công nghiệp,3599948,https://finance.vietstock.vn/IME-ctcp-co-khi-va-xay-lap-cong-nghiep.htm,665,3275
801,1,HOSE,"Dược phẩm, Công nghệ sinh học và Khoa học thường thức",IMP,CTCP Dược phẩm Imexpharm,154042762,https://finance.vietstock.vn/IMP-ctcp-duoc-pham-imexpharm.htm,666,3275
1252,5,UPCoM,Dịch vụ chuyên biệt và thương mại,IN4,CTCP In Số 4,1200000,https://finance.vietstock.vn/IN4-ctcp-in-so-4.htm,667,3275
1740,2,HNX,Dịch vụ chuyên biệt và thương mại,INC,CTCP Tư vấn Đầu tư IDICO,1800000,https://finance.vietstock.vn/INC-ctcp-tu-van-dau-tu-idico.htm,668,3275
1280,5,UPCoM,Phát triển và quản lý bất động sản,ING,CTCP  Đầu tư và Phát triển Xây dựng,20809702,https://finance.vietstock.vn/ING-ctcp-dau-tu-va-phat-trien-xay-dung.htm,669,3275
1885,2,HNX,Nguyên vật liệu,INN,CTCP Bao bì và In Nông nghiệp,18000000,https://finance.vietstock.vn/INN-ctcp-bao-bi-va-in-nong-nghiep.htm,670,3275
2392,2,HNX,Dịch vụ tài chính,IPA,CTCP Tập đoàn Đầu tư I.P.A,213835775,https://finance.vietstock.vn/IPA-ctcp-tap-doan-dau-tu-i-p-a.htm,671,3275
4591,5,UPCoM,Nguyên vật liệu,IRC,CTCP Cao su Công nghiệp,17500000,https://finance.vietstock.vn/IRC-ctcp-cao-su-cong-nghiep.htm,672,3275
2430,5,UPCoM,Vận tải,ISG,CTCP Vận tải biển và Hợp tác Lao động Quốc tế,8800000,https://finance.vietstock.vn/ISG-ctcp-van-tai-bien-va-hop-tac-lao-dong-quoc-te.htm,673,3275
1736,5,UPCoM,Dịch vụ tiện ích,ISH,CTCP Thủy điện Srok Phu Miêng IDICO,45000000,https://finance.vietstock.vn/ISH-ctcp-thuy-dien-srok-phu-mieng-idico.htm,674,3275
4411,5,UPCoM,Vận tải,IST,CTCP ICD Tân Cảng Sóng Thần,12008672,https://finance.vietstock.vn/IST-ctcp-icd-tan-cang-song-than.htm,675,3275
802,1,HOSE,Phát triển và quản lý bất động sản,ITA,CTCP Đầu tư và Công nghiệp Tân Tạo,938463607,https://finance.vietstock.vn/ITA-ctcp-dau-tu-va-cong-nghiep-tan-tao.htm,676,3275
1355,1,HOSE,Phát triển và quản lý bất động sản,ITC,CTCP Đầu tư và Kinh doanh Nhà,96375409,https://finance.vietstock.vn/ITC-ctcp-dau-tu-va-kinh-doanh-nha.htm,677,3275
1631,1,HOSE,Phần mềm và dịch vụ,ITD,CTCP Công nghệ Tiên Phong,24533591,https://finance.vietstock.vn/ITD-ctcp-cong-nghe-tien-phong.htm,678,3275
3006,2,HNX,Nguyên vật liệu,ITQ,CTCP Tập đoàn Thiên Quang,31843305,https://finance.vietstock.vn/ITQ-ctcp-tap-doan-thien-quang.htm,679,3275
2303,5,UPCoM,Năng lượng,ITS,CTCP Đầu tư Thương mại và Dịch vụ - Vinacomin,26459924,https://finance.vietstock.vn/ITS-ctcp-dau-tu-thuong-mai-va-dich-vu-vinacomin.htm,680,3275
1202,2,HNX,Dịch vụ tài chính,IVS,CTCP Chứng khoán Guotai Junan (Việt Nam),69350000,https://finance.vietstock.vn/IVS-ctcp-chung-khoan-guotai-junan-viet-nam.htm,681,3275
1304,5,UPCoM,"Thực phẩm, đồ uống và thuốc lá",JOS,CTCP Chế biến Thủy sản xuất khẩu Minh Hải,15322723,https://finance.vietstock.vn/JOS-ctcp-che-bien-thuy-san-xuat-khau-minh-hai.htm,682,3275
2757,1,HOSE,Phân phối và bán lẻ hàng lâu bền,JVC,CTCP Thiết bị Y tế Việt Nhật,112500171,https://finance.vietstock.vn/JVC-ctcp-thiet-bi-y-te-viet-nhat.htm,683,3275
2660,5,UPCoM,Phát triển và quản lý bất động sản,KAC,CTCP Đầu tư Địa ốc Khang An,23999999,https://finance.vietstock.vn/KAC-ctcp-dau-tu-dia-oc-khang-an.htm,684,3275
1066,1,HOSE,Phát triển và quản lý bất động sản,KBC,Tổng Công ty Phát triển Đô thị Kinh Bắc - CTCP,767604759,https://finance.vietstock.vn/KBC-tong-cong-ty-phat-trien-do-thi-kinh-bac-ctcp.htm,685,3275
3168,5,UPCoM,Nguyên vật liệu,KCB,CTCP khoáng Sản và Luyện Kim Cao Bằng,8000000,https://finance.vietstock.vn/KCB-ctcp-khoang-san-va-luyen-kim-cao-bang.htm,686,3275
2730,5,UPCoM,Nguyên vật liệu,KCE,CTCP Bê tông Ly tâm Điện Lực Khánh Hòa,1500000,https://finance.vietstock.vn/KCE-ctcp-be-tong-ly-tam-dien-luc-khanh-hoa.htm,687,3275
753,1,HOSE,"Thực phẩm, đồ uống và thuốc lá",KDC,CTCP Tập đoàn KIDO,289806316,https://finance.vietstock.vn/KDC-ctcp-tap-doan-kido.htm,688,3275
1905,1,HOSE,Phát triển và quản lý bất động sản,KDH,CTCP Đầu tư và Kinh doanh Nhà Khang Điền,909403715,https://finance.vietstock.vn/KDH-ctcp-dau-tu-va-kinh-doanh-nha-khang-dien.htm,689,3275
4173,2,HNX,Phân phối và bán lẻ hàng lâu bền,KDM,CTCP Tập Đoàn GCL,7596981,https://finance.vietstock.vn/KDM-ctcp-tap-doan-gcl.htm,690,3275
4307,5,UPCoM,"Thực phẩm, đồ uống và thuốc lá",KGM,CTCP Xuất nhập khẩu Kiên Giang,25430000,https://finance.vietstock.vn/KGM-ctcp-xuat-nhap-khau-kien-giang.htm,691,3275
3617,5,UPCoM,Nguyên vật liệu,KHD,CTCP Khai thác Chế biến Khoáng sản Hải Dương,3262818,https://finance.vietstock.vn/KHD-ctcp-khai-thac-che-bien-khoang-san-hai-duong.htm,692,3275
4871,1,HOSE,Phát triển và quản lý bất động sản,KHG,CTCP Tập đoàn Khải Hoàn Land,449435205,https://finance.vietstock.vn/KHG-ctcp-tap-doan-khai-hoan-land.htm,693,3275
2876,5,UPCoM,Nguyên vật liệu,KHL,CTCP Khoáng Sản Và Vật Liệu Xây Dựng Hưng Long,12000000,https://finance.vietstock.vn/KHL-ctcp-khoang-san-va-vat-lieu-xay-dung-hung-long.htm,694,3275
803,1,HOSE,Dịch vụ tiện ích,KHP,CTCP Điện lực Khánh Hòa,60405967,https://finance.vietstock.vn/KHP-ctcp-dien-luc-khanh-hoa.htm,695,3275
2772,2,HNX,"Thực phẩm, đồ uống và thuốc lá",KHS,CTCP Kiên Hùng,12090969,https://finance.vietstock.vn/KHS-ctcp-kien-hung.htm,696,3275
4459,5,UPCoM,Dịch vụ tiện ích,KHW,CTCP Cấp thoát nước Khánh Hòa,28599996,https://finance.vietstock.vn/KHW-ctcp-cap-thoat-nuoc-khanh-hoa.htm,697,3275
1681,5,UPCoM,Hàng tiêu dùng và trang trí,KIP,CTCP K.I.P Việt Nam,9800000,https://finance.vietstock.vn/KIP-ctcp-k-i-p-viet-nam.htm,698,3275
1235,2,HNX,Nguyên vật liệu,KKC,CTCP Tập Đoàn Thành Thái,5200000,https://finance.vietstock.vn/KKC-ctcp-tap-doan-thanh-thai.htm,699,3275
1223,5,UPCoM,Tổ chức tín dụng,KLB,Ngân hàng TMCP Kiên Long,365281878,https://finance.vietstock.vn/KLB-ngan-hang-tmcp-kien-long.htm,700,3275
3573,5,UPCoM,Phân phối và bán lẻ hàng lâu bền,KLF,CTCP Đầu tư Thương mại và Xuất nhập khẩu CFS,165352561,https://finance.vietstock.vn/KLF-ctcp-dau-tu-thuong-mai-va-xuat-nhap-khau-cfs.htm,701,3275
1159,1,HOSE,Hàng tiêu dùng và trang trí,KMR,CTCP Mirae,56881443,https://finance.vietstock.vn/KMR-ctcp-mirae.htm,702,3275
1683,2,HNX,Phân phối và bán lẻ hàng lâu bền,KMT,CTCP Kim khí Miền Trung,9846562,https://finance.vietstock.vn/KMT-ctcp-kim-khi-mien-trung.htm,703,3275
4572,1,HOSE,Phát triển và quản lý bất động sản,KOS,CTCP KOSY,216481335,https://finance.vietstock.vn/KOS-ctcp-kosy.htm,704,3275
4028,1,HOSE,Nguyên vật liệu,KPF,CTCP Đầu tư tài sản Koji,60867241,https://finance.vietstock.vn/KPF-ctcp-dau-tu-tai-san-koji.htm,705,3275
1891,1,HOSE,Nguyên vật liệu,KSB,CTCP Khoáng sản và Xây dựng Bình Dương,114779103,https://finance.vietstock.vn/KSB-ctcp-khoang-san-va-xay-dung-binh-duong.htm,706,3275
2598,2,HNX,Hàng tiêu dùng và trang trí,KSD,CTCP Đầu tư DNA,12000000,https://finance.vietstock.vn/KSD-ctcp-dau-tu-dna.htm,707,3275
4878,2,HNX,Phát triển và quản lý bất động sản,KSF,CTCP Tập đoàn Sunshine,300000000,https://finance.vietstock.vn/KSF-ctcp-tap-doan-sunshine.htm,708,3275
1437,5,UPCoM,Nguyên vật liệu,KSH,CTCP DAMAC GLS,57509675,https://finance.vietstock.vn/KSH-ctcp-damac-gls.htm,709,3275
3565,2,HNX,Nguyên vật liệu,KSQ,CTCP CNC Capital Việt Nam,30000000,https://finance.vietstock.vn/KSQ-ctcp-cnc-capital-viet-nam.htm,710,3275
2319,2,HNX,Dịch vụ viễn thông,KST,CTCP KASATI,5992020,https://finance.vietstock.vn/KST-ctcp-kasati.htm,711,3275
4051,2,HNX,Nguyên vật liệu,KSV,Tổng Công ty Khoáng sản TKV - CTCP,200000000,https://finance.vietstock.vn/KSV-tong-cong-ty-khoang-san-tkv-ctcp.htm,712,3275
4409,5,UPCoM,"Thực phẩm, đồ uống và thuốc lá",KTC,CTCP Thương mại Kiên Giang,36473833,https://finance.vietstock.vn/KTC-ctcp-thuong-mai-kien-giang.htm,713,3275
2999,5,UPCoM,Xe và linh kiện,KTL,CTCP Kim Khí Thăng Long,6519500,https://finance.vietstock.vn/KTL-ctcp-kim-khi-thang-long.htm,714,3275
2729,2,HNX,"Thực phẩm, đồ uống và thuốc lá",KTS,CTCP Đường Kon Tum,5070000,https://finance.vietstock.vn/KTS-ctcp-duong-kon-tum.htm,715,3275
2669,2,HNX,Tư liệu sản xuất,KTT,CTCP Tập đoàn Đầu tư KTT,2955000,https://finance.vietstock.vn/KTT-ctcp-tap-doan-dau-tu-ktt.htm,716,3275
5597,5,UPCoM,Dịch vụ tiện ích,KTW,CTCP Cấp nước Kon Tum,8330200,https://finance.vietstock.vn/KTW-ctcp-cap-nuoc-kon-tum.htm,717,3275
4006,5,UPCoM,Nguyên vật liệu,KVC,CTCP Sản xuất Xuất nhập khẩu Inox Kim Vĩ,49500000,https://finance.vietstock.vn/KVC-ctcp-san-xuat-xuat-nhap-khau-inox-kim-vi.htm,718,3275
1024,1,HOSE,Tư liệu sản xuất,L10,CTCP Lilama 10,9890000,https://finance.vietstock.vn/L10-ctcp-lilama-10.htm,719,3275
2184,5,UPCoM,Tư liệu sản xuất,L12,CTCP Licogi 12,7000000,https://finance.vietstock.vn/L12-ctcp-licogi-12.htm,720,3275
2404,2,HNX,Phát triển và quản lý bất động sản,L14,CTCP Licogi 14,30859515,https://finance.vietstock.vn/L14-ctcp-licogi-14.htm,721,3275
1133,2,HNX,Tư liệu sản xuất,L18,CTCP Đầu tư và Xây dựng Số 18,38116528,https://finance.vietstock.vn/L18-ctcp-dau-tu-va-xay-dung-so-18.htm,722,3275
1884,5,UPCoM,Tư liệu sản xuất,L35,CTCP Cơ khí Lắp máy Lilama,3265155,https://finance.vietstock.vn/L35-ctcp-co-khi-lap-may-lilama.htm,723,3275
2734,2,HNX,Tư liệu sản xuất,L40,CTCP Đầu Tư và Xây dựng 40,3600000,https://finance.vietstock.vn/L40-ctcp-dau-tu-va-xay-dung-40.htm,724,3275
1153,5,UPCoM,Tư liệu sản xuất,L43,CTCP Lilama 45.3,3500000,https://finance.vietstock.vn/L43-ctcp-lilama-45-3.htm,725,3275
1886,5,UPCoM,Tư liệu sản xuất,L44,CTCP Lilama 45.4,4000000,https://finance.vietstock.vn/L44-ctcp-lilama-45-4.htm,726,3275
2387,5,UPCoM,Hàng tiêu dùng và trang trí,L45,CTCP Lilama 45.1,4800000,https://finance.vietstock.vn/L45-ctcp-lilama-45-1.htm,727,3275
1440,5,UPCoM,Tư liệu sản xuất,L61,CTCP Lilama 69-1,7576200,https://finance.vietstock.vn/L61-ctcp-lilama-69-1.htm,728,3275
1134,5,UPCoM,Tư liệu sản xuất,L62,CTCP Lilama 69-2,8298243,https://finance.vietstock.vn/L62-ctcp-lilama-69-2.htm,729,3275
2328,5,UPCoM,Tư liệu sản xuất,L63,CTCP Lilama 69-3,8279361,https://finance.vietstock.vn/L63-ctcp-lilama-69-3.htm,730,3275
25,1,HOSE,"Thực phẩm, đồ uống và thuốc lá",LAF,CTCP Chế biến hàng Xuất khẩu Long An,15228019,https://finance.vietstock.vn/LAF-ctcp-che-bien-hang-xuat-khau-long-an.htm,731,3275
3077,5,UPCoM,Phát triển và quản lý bất động sản,LAI,CTCP Đầu Tư Xây dựng Long An IDICO,17100000,https://finance.vietstock.vn/LAI-ctcp-dau-tu-xay-dung-long-an-idico.htm,732,3275
2708,2,HNX,Nguyên vật liệu,LAS,CTCP Supe Phốt phát và Hóa chất Lâm Thao,112856400,https://finance.vietstock.vn/LAS-ctcp-supe-phot-phat-va-hoa-chat-lam-thao.htm,733,3275
3954,5,UPCoM,Dịch vụ tiện ích,LAW,CTCP Cấp thoát nước Long An,12200000,https://finance.vietstock.vn/LAW-ctcp-cap-thoat-nuoc-long-an.htm,734,3275
1058,2,HNX,Truyền thông và giải trí,LBE,CTCP Đầu tư và Thương mại LABECO,1999934,https://finance.vietstock.vn/LBE-ctcp-dau-tu-va-thuong-mai-labeco.htm,735,3275
804,1,HOSE,Nguyên vật liệu,LBM,CTCP Khoáng sản và Vật liệu Xây dựng Lâm Đồng,40000000,https://finance.vietstock.vn/LBM-ctcp-khoang-san-va-vat-lieu-xay-dung-lam-dong.htm,736,3275
2548,5,UPCoM,Nguyên vật liệu,LCC,CTCP Xi măng Hồng Phong,5838999,https://finance.vietstock.vn/LCC-ctcp-xi-mang-hong-phong.htm,737,3275
2425,2,HNX,Tư liệu sản xuất,LCD,CTCP Lắp máy - Thí nghiệm Cơ điện,1474000,https://finance.vietstock.vn/LCD-ctcp-lap-may-thi-nghiem-co-dien.htm,738,3275
1360,1,HOSE,Tư liệu sản xuất,LCG,CTCP Lizen,195091170,https://finance.vietstock.vn/LCG-ctcp-lizen.htm,739,3275
3024,5,UPCoM,Nguyên vật liệu,LCM,CTCP Khai thác và Chế biến khoáng sản Lào Cai,24633000,https://finance.vietstock.vn/LCM-ctcp-khai-thac-va-che-bien-khoang-san-lao-cai.htm,740,3275
2134,5,UPCoM,Tư liệu sản xuất,LCS,CTCP Licogi 166,7600000,https://finance.vietstock.vn/LCS-ctcp-licogi-166.htm,741,3275
4066,1,HOSE,Phát triển và quản lý bất động sản,LDG,CTCP Đầu tư LDG,256972585,https://finance.vietstock.vn/LDG-ctcp-dau-tu-ldg.htm,742,3275
2001,2,HNX,"Dược phẩm, Công nghệ sinh học và Khoa học thường thức",LDP,CTCP Dược Lâm Đồng (Ladophar),12703167,https://finance.vietstock.vn/LDP-ctcp-duoc-lam-dong-ladophar.htm,743,3275
4617,5,UPCoM,Dịch vụ tiện ích,LDW,CTCP Cấp thoát nước Lâm Đồng,78800000,https://finance.vietstock.vn/LDW-ctcp-cap-thoat-nuoc-lam-dong.htm,744,3275
1618,1,HOSE,Phát triển và quản lý bất động sản,LEC,CTCP Bất động sản Điện lực Miền Trung,26100000,https://finance.vietstock.vn/LEC-ctcp-bat-dong-san-dien-luc-mien-trung.htm,745,3275
4616,5,UPCoM,Tư liệu sản xuất,LG9,CTCP Cơ giới và Xây lắp Số 9,5026600,https://finance.vietstock.vn/LG9-ctcp-co-gioi-va-xay-lap-so-9.htm,746,3275
805,1,HOSE,Tư liệu sản xuất,LGC,CTCP Đầu tư Cầu đường CII,192854765,https://finance.vietstock.vn/LGC-ctcp-dau-tu-cau-duong-cii.htm,747,3275
1831,1,HOSE,Phát triển và quản lý bất động sản,LGL,CTCP Đầu tư và Phát triển Đô thị Long Giang,51500000,https://finance.vietstock.vn/LGL-ctcp-dau-tu-va-phat-trien-do-thi-long-giang.htm,748,3275
1412,5,UPCoM,Hàng tiêu dùng và trang trí,LGM,CTCP Giày da và May mặc Xuất khẩu,7400000,https://finance.vietstock.vn/LGM-ctcp-giay-da-va-may-mac-xuat-khau.htm,749,3275
1881,2,HNX,Tư liệu sản xuất,LHC,CTCP Đầu tư và Xây dựng Thủy lợi Lâm Đồng,14400000,https://finance.vietstock.vn/LHC-ctcp-dau-tu-va-xay-dung-thuy-loi-lam-dong.htm,750,3275
1314,1,HOSE,Phát triển và quản lý bất động sản,LHG,CTCP Long Hậu,50012010,https://finance.vietstock.vn/LHG-ctcp-long-hau.htm,751,3275
4015,5,UPCoM,Tư liệu sản xuất,LIC,Tổng Công ty LICOGI - CTCP,90000000,https://finance.vietstock.vn/LIC-tong-cong-ty-licogi-ctcp.htm,752,3275
2341,2,HNX,Tư liệu sản xuất,LIG,CTCP Licogi 13,95084569,https://finance.vietstock.vn/LIG-ctcp-licogi-13.htm,753,3275
1868,1,HOSE,Đồ gia dụng và cá nhân,LIX,CTCP Bột Giặt Lix,64800000,https://finance.vietstock.vn/LIX-ctcp-bot-giat-lix.htm,754,3275
1639,5,UPCoM,Dịch vụ tiện ích,LKW,CTCP Cấp nước Long Khánh,2500000,https://finance.vietstock.vn/LKW-ctcp-cap-nuoc-long-khanh.htm,755,3275
4182,5,UPCoM,Tư liệu sản xuất,LLM,Tổng Công ty Lắp máy Việt Nam - CTCP,79726104,https://finance.vietstock.vn/LLM-tong-cong-ty-lap-may-viet-nam-ctcp.htm,756,3275
1521,5,UPCoM,Tư liệu sản xuất,LM3,CTCP Lilama 3,5150000,https://finance.vietstock.vn/LM3-ctcp-lilama-3.htm,757,3275
2456,5,UPCoM,Tư liệu sản xuất,LM7,CTCP Lilama 7,5000000,https://finance.vietstock.vn/LM7-ctcp-lilama-7.htm,758,3275
1509,1,HOSE,Tư liệu sản xuất,LM8,CTCP Lilama 18,9388682,https://finance.vietstock.vn/LM8-ctcp-lilama-18.htm,759,3275
4554,5,UPCoM,Nguyên vật liệu,LMC,CTCP Long Beach LMC,1500000,https://finance.vietstock.vn/LMC-ctcp-long-beach-lmc.htm,760,3275
4677,5,UPCoM,Phân phối và bán lẻ hàng lâu bền,LMH,CTCP Quốc Tế Holding,25629995,https://finance.vietstock.vn/LMH-ctcp-quoc-te-holding.htm,761,3275
3089,5,UPCoM,Tư liệu sản xuất,LMI,CTCP Đầu tư Xây dựng Lắp máy IDICO,5500000,https://finance.vietstock.vn/LMI-ctcp-dau-tu-xay-dung-lap-may-idico.htm,762,3275
4507,5,UPCoM,"Thực phẩm, đồ uống và thuốc lá",LNC,CTCP Lệ Ninh,8230067,https://finance.vietstock.vn/LNC-ctcp-le-ninh.htm,763,3275
1865,5,UPCoM,Tư liệu sản xuất,LO5,CTCP Lilama 5,5149791,https://finance.vietstock.vn/LO5-ctcp-lilama-5.htm,764,3275
1988,1,HOSE,Tổ chức tín dụng,LPB,Ngân hàng TMCP Lộc Phát Việt Nam,2557616416,https://finance.vietstock.vn/LPB-ngan-hang-tmcp-loc-phat-viet-nam.htm,765,3275
4858,5,UPCoM,Phân phối và bán lẻ hàng lâu bền,LPT,CTCP Thương mại và Sản xuất Lập Phương Thành,12000000,https://finance.vietstock.vn/LPT-ctcp-thuong-mai-va-san-xuat-lap-phuong-thanh.htm,766,3275
3033,5,UPCoM,Nguyên vật liệu,LQN,CTCP Licogi Quảng Ngãi,1893540,https://finance.vietstock.vn/LQN-ctcp-licogi-quang-ngai.htm,767,3275
2438,5,UPCoM,Phát triển và quản lý bất động sản,LSG,CTCP Bất động sản Sài Gòn Vina,90000000,https://finance.vietstock.vn/LSG-ctcp-bat-dong-san-sai-gon-vina.htm,768,3275
1036,1,HOSE,"Thực phẩm, đồ uống và thuốc lá",LSS,CTCP Mía Đường Lam Sơn,80135051,https://finance.vietstock.vn/LSS-ctcp-mia-duong-lam-son.htm,769,3275
922,5,UPCoM,Tư liệu sản xuất,LTC,CTCP Điện nhẹ Viễn Thông,4586000,https://finance.vietstock.vn/LTC-ctcp-dien-nhe-vien-thong.htm,770,3275
1257,5,UPCoM,"Thực phẩm, đồ uống và thuốc lá",LTG,CTCP Tập đoàn Lộc Trời,100741465,https://finance.vietstock.vn/LTG-ctcp-tap-doan-loc-troi.htm,771,3275
1057,5,UPCoM,Tư liệu sản xuất,LUT,CTCP Đầu tư Xây dựng Lương Tài,15000000,https://finance.vietstock.vn/LUT-ctcp-dau-tu-xay-dung-luong-tai.htm,772,3275
2420,5,UPCoM,Hàng tiêu dùng và trang trí,M10,Tổng Công ty May 10 - CTCP,31751000,https://finance.vietstock.vn/M10-tong-cong-ty-may-10-ctcp.htm,773,3275
3686,5,UPCoM,Phát triển và quản lý bất động sản,MA1,CTCP Thiết bị,5289715,https://finance.vietstock.vn/MA1-ctcp-thiet-bi.htm,774,3275
1903,2,HNX,Vận tải,MAC,CTCP Cung ứng và Dịch vụ Kỹ thuật Hàng Hải,15139745,https://finance.vietstock.vn/MAC-ctcp-cung-ung-va-dich-vu-ky-thuat-hang-hai.htm,775,3275
1816,2,HNX,Vận tải,MAS,CTCP Dịch vụ Hàng không Sân bay Đà Nẵng,4267683,https://finance.vietstock.vn/MAS-ctcp-dich-vu-hang-khong-san-bay-da-nang.htm,776,3275
1190,1,HOSE,Tổ chức tín dụng,MBB,Ngân hàng TMCP Quân Đội,5287084052,https://finance.vietstock.vn/MBB-ngan-hang-tmcp-quan-doi.htm,777,3275
4054,2,HNX,Hàng tiêu dùng và trang trí,MBG,CTCP Tập đoàn MBG,120218540,https://finance.vietstock.vn/MBG-ctcp-tap-doan-mbg.htm,778,3275
4704,5,UPCoM,Dịch vụ tiện ích,MBN,CTCP Môi trường và Công trình đô thị Bắc Ninh,5750000,https://finance.vietstock.vn/MBN-ctcp-moi-truong-va-cong-trinh-do-thi-bac-ninh.htm,779,3275
30,2,HNX,Dịch vụ tài chính,MBS,CTCP Chứng khoán MB,437669993,https://finance.vietstock.vn/MBS-ctcp-chung-khoan-mb.htm,780,3275
2300,2,HNX,Nguyên vật liệu,MCC,CTCP Gạch ngói Cao cấp,5016124,https://finance.vietstock.vn/MCC-ctcp-gach-ngoi-cao-cap.htm,781,3275
2705,2,HNX,"Thực phẩm, đồ uống và thuốc lá",MCF,CTCP Xây lắp Cơ khí và Lương thực Thực phẩm,10777838,https://finance.vietstock.vn/MCF-ctcp-xay-lap-co-khi-va-luong-thuc-thuc-pham.htm,782,3275
1823,5,UPCoM,Tư liệu sản xuất,MCG,CTCP Năng lượng và Bất động sản MCG,57510000,https://finance.vietstock.vn/MCG-ctcp-nang-luong-va-bat-dong-san-mcg.htm,783,3275
1519,5,UPCoM,"Thực phẩm, đồ uống và thuốc lá",MCH,CTCP Hàng tiêu dùng Masan,735553179,https://finance.vietstock.vn/MCH-ctcp-hang-tieu-dung-masan.htm,784,3275
4772,1,HOSE,"Thực phẩm, đồ uống và thuốc lá",MCM,CTCP Giống Bò sữa Mộc Châu,110000000,https://finance.vietstock.vn/MCM-ctcp-giong-bo-sua-moc-chau.htm,785,3275
1081,2,HNX,Tư liệu sản xuất,MCO,CTCP Đầu tư và Xây dựng BDC Việt Nam,4103929,https://finance.vietstock.vn/MCO-ctcp-dau-tu-va-xay-dung-bdc-viet-nam.htm,786,3275
806,1,HOSE,Nguyên vật liệu,MCP,CTCP In và Bao bì Mỹ Châu,15071337,https://finance.vietstock.vn/MCP-ctcp-in-va-bao-bi-my-chau.htm,787,3275
4634,5,UPCoM,Dịch vụ tiện ích,MDA,CTCP Môi trường Đô thị Đông Anh,1200000,https://finance.vietstock.vn/MDA-ctcp-moi-truong-do-thi-dong-anh.htm,788,3275
1801,2,HNX,Năng lượng,MDC,CTCP Than Mông Dương - Vinacomin,21418346,https://finance.vietstock.vn/MDC-ctcp-than-mong-duong-vinacomin.htm,789,3275
1597,5,UPCoM,Nguyên vật liệu,MDF,CTCP Gỗ MDF VRG - Quảng Trị,55113595,https://finance.vietstock.vn/MDF-ctcp-go-mdf-vrg-quang-tri.htm,790,3275
2240,1,HOSE,Nguyên vật liệu,MDG,CTCP Miền Đông,10889031,https://finance.vietstock.vn/MDG-ctcp-mien-dong.htm,791,3275
924,5,UPCoM,Tư liệu sản xuất,MEC,CTCP Cơ khí - Lắp máy Sông Đà,8353620,https://finance.vietstock.vn/MEC-ctcp-co-khi-lap-may-song-da.htm,792,3275
2365,2,HNX,"Dược phẩm, Công nghệ sinh học và Khoa học thường thức",MED,CTCP Dược Trung ương Mediplantex,12410000,https://finance.vietstock.vn/MED-ctcp-duoc-trung-uong-mediplantex.htm,793,3275
1272,5,UPCoM,Hàng tiêu dùng và trang trí,MEF,CTCP MEINFA,3940522,https://finance.vietstock.vn/MEF-ctcp-meinfa.htm,794,3275
4518,2,HNX,Nguyên vật liệu,MEL,CTCP Thép Mê Lin,15000000,https://finance.vietstock.vn/MEL-ctcp-thep-me-lin.htm,795,3275
4157,5,UPCoM,Tư liệu sản xuất,MES,CTCP Cơ điện Công trình,18600000,https://finance.vietstock.vn/MES-ctcp-co-dien-cong-trinh.htm,796,3275
3874,5,UPCoM,Dịch vụ viễn thông,MFS,CTCP Dịch vụ Kỹ thuật Mobifone,7062979,https://finance.vietstock.vn/MFS-ctcp-dich-vu-ky-thuat-mobifone.htm,797,3275
4170,5,UPCoM,Năng lượng,MGC,CTCP Địa chất mỏ - TKV,10800000,https://finance.vietstock.vn/MGC-ctcp-dia-chat-mo-tkv.htm,798,3275
2233,5,UPCoM,Hàng tiêu dùng và trang trí,MGG,Tổng Công ty Đức Giang - CTCP,8999622,https://finance.vietstock.vn/MGG-tong-cong-ty-duc-giang-ctcp.htm,799,3275
4898,5,UPCoM,Phát triển và quản lý bất động sản,MGR,CTCP Tập đoàn MGROUP,20000000,https://finance.vietstock.vn/MGR-ctcp-tap-doan-mgroup.htm,800,3275
3347,5,UPCoM,Phát triển và quản lý bất động sản,MH3,CTCP Khu Công nghiệp Cao su Bình Long,24000000,https://finance.vietstock.vn/MH3-ctcp-khu-cong-nghiep-cao-su-binh-long.htm,801,3275
618,1,HOSE,Vận tải,MHC,CTCP MHC,41406964,https://finance.vietstock.vn/MHC-ctcp-mhc.htm,802,3275
1867,5,UPCoM,Hàng tiêu dùng và trang trí,MHL,CTCP Minh Hữu Liên,5430923,https://finance.vietstock.vn/MHL-ctcp-minh-huu-lien.htm,803,3275
1067,5,UPCoM,Nguyên vật liệu,MIC,CTCP Kỹ nghệ Khoáng sản Quảng Nam,5544946,https://finance.vietstock.vn/MIC-ctcp-ky-nghe-khoang-san-quang-nam.htm,804,3275
4398,5,UPCoM,Tư liệu sản xuất,MIE,Tổng Công ty Máy và Thiết bị Công nghiệp - CTCP,141991500,https://finance.vietstock.vn/MIE-tong-cong-ty-may-va-thiet-bi-cong-nghiep-ctcp.htm,805,3275
1940,1,HOSE,Bảo hiểm,MIG,Tổng Công ty cổ phần Bảo hiểm Quân Đội,172672500,https://finance.vietstock.vn/MIG-tong-cong-ty-co-phan-bao-hiem-quan-doi.htm,806,3275
2408,5,UPCoM,Nguyên vật liệu,MIM,CTCP Khoáng sản và Cơ khí,3409860,https://finance.vietstock.vn/MIM-ctcp-khoang-san-va-co-khi.htm,807,3275
1548,5,UPCoM,"Dược phẩm, Công nghệ sinh học và Khoa học thường thức",MKP,CTCP Hoá - Dược phẩm Mekophar,25545867,https://finance.vietstock.vn/MKP-ctcp-hoa-duoc-pham-mekophar.htm,808,3275
1441,2,HNX,"Dược phẩm, Công nghệ sinh học và Khoa học thường thức",MKV,CTCP Dược thú Y Cai Lậy,5000038,https://finance.vietstock.vn/MKV-ctcp-duoc-thu-y-cai-lay.htm,809,3275
4503,5,UPCoM,Dịch vụ tiện ích,MLC,CTCP Môi trường Đô thị Tỉnh Lào Cai,4171175,https://finance.vietstock.vn/MLC-ctcp-moi-truong-do-thi-tinh-lao-cai.htm,810,3275
4379,5,UPCoM,"Thực phẩm, đồ uống và thuốc lá",MLS,CTCP Chăn nuôi - Mitraco,4000000,https://finance.vietstock.vn/MLS-ctcp-chan-nuoi-mitraco.htm,811,3275
4771,5,UPCoM,"Thực phẩm, đồ uống và thuốc lá",MML,CTCP Masan MeatLife,327417947,https://finance.vietstock.vn/MML-ctcp-masan-meatlife.htm,812,3275
1335,5,UPCoM,Hàng tiêu dùng và trang trí,MNB,Tổng Công ty May Nhà Bè - CTCP,20000000,https://finance.vietstock.vn/MNB-tong-cong-ty-may-nha-be-ctcp.htm,813,3275
4536,5,UPCoM,Dịch vụ tiện ích,MND,CTCP Môi trường Nam Định,2194475,https://finance.vietstock.vn/MND-ctcp-moi-truong-nam-dinh.htm,814,3275
925,5,UPCoM,"Thực phẩm, đồ uống và thuốc lá",MPC,CTCP Tập đoàn Thủy sản Minh Phú,399887300,https://finance.vietstock.vn/MPC-ctcp-tap-doan-thuy-san-minh-phu.htm,815,3275
4119,5,UPCoM,Hàng tiêu dùng và trang trí,MPT,CTCP Tập đoàn MPT,17107164,https://finance.vietstock.vn/MPT-ctcp-tap-doan-mpt.htm,816,3275
4497,5,UPCoM,Dịch vụ tiện ích,MPY,CTCP Môi trường Đô thị Phú Yên,6143000,https://finance.vietstock.vn/MPY-ctcp-moi-truong-do-thi-phu-yen.htm,817,3275
4588,5,UPCoM,Dịch vụ tiện ích,MQB,CTCP Môi trường và Phát triển Đô thị Quảng Bình,3675675,https://finance.vietstock.vn/MQB-ctcp-moi-truong-va-phat-trien-do-thi-quang-binh.htm,818,3275
4689,5,UPCoM,Dịch vụ tiện ích,MQN,CTCP Môi trường đô thị Quảng Ngãi,7018925,https://finance.vietstock.vn/MQN-ctcp-moi-truong-do-thi-quang-ngai.htm,819,3275
2119,5,UPCoM,Xe và linh kiện,MRF,CTCP Merufa,6796172,https://finance.vietstock.vn/MRF-ctcp-merufa.htm,820,3275
1166,1,HOSE,Tổ chức tín dụng,MSB,Ngân hàng TMCP Hàng hải Việt Nam,2600000000,https://finance.vietstock.vn/MSB-ngan-hang-tmcp-hang-hai-viet-nam.htm,821,3275
1611,1,HOSE,Hàng tiêu dùng và trang trí,MSH,CTCP May Sông Hồng,75014100,https://finance.vietstock.vn/MSH-ctcp-may-song-hong.htm,822,3275
1858,1,HOSE,"Thực phẩm, đồ uống và thuốc lá",MSN,CTCP Tập đoàn Masan,1438351617,https://finance.vietstock.vn/MSN-ctcp-tap-doan-masan.htm,823,3275
4140,5,UPCoM,Nguyên vật liệu,MSR,CTCP Masan High-Tech Materials,1099155420,https://finance.vietstock.vn/MSR-ctcp-masan-high-tech-materials.htm,824,3275
4279,2,HNX,Tư liệu sản xuất,MST,CTCP Đầu tư MST,76004301,https://finance.vietstock.vn/MST-ctcp-dau-tu-mst.htm,825,3275
3622,5,UPCoM,Nguyên vật liệu,MTA,Tổng Công ty Khoáng sản và Thương mại Hà Tĩnh -  CTCP,110113591,https://finance.vietstock.vn/MTA-tong-cong-ty-khoang-san-va-thuong-mai-ha-tinh-ctcp.htm,826,3275
4845,5,UPCoM,Dịch vụ chuyên biệt và thương mại,MTB,CTCP Môi trường và Công trình Đô thị Tỉnh Thái Bình,6278259,https://finance.vietstock.vn/MTB-ctcp-moi-truong-va-cong-trinh-do-thi-tinh-thai-binh.htm,827,3275
2484,5,UPCoM,Dịch vụ tiêu dùng,MTC,CTCP Dịch vụ Du lịch Mỹ Trà,5200000,https://finance.vietstock.vn/MTC-ctcp-dich-vu-du-lich-my-tra.htm,828,3275
1461,5,UPCoM,Dịch vụ tiện ích,MTG,CTCP MT Gas,10450000,https://finance.vietstock.vn/MTG-ctcp-mt-gas.htm,829,3275
2388,5,UPCoM,Dịch vụ tiện ích,MTH,CTCP Môi trường Đô thị Hà Đông,4787910,https://finance.vietstock.vn/MTH-ctcp-moi-truong-do-thi-ha-dong.htm,830,3275
3881,5,UPCoM,Dịch vụ tiện ích,MTL,CTCP Dịch vụ Môi trường Đô thị Từ Liêm,6000000,https://finance.vietstock.vn/MTL-ctcp-dich-vu-moi-truong-do-thi-tu-liem.htm,831,3275
2683,5,UPCoM,"Dược phẩm, Công nghệ sinh học và Khoa học thường thức",MTP,CTCP Dược Medipharco,7455406,https://finance.vietstock.vn/MTP-ctcp-duoc-medipharco.htm,832,3275
3661,5,UPCoM,Phân phối và bán lẻ hàng lâu bền,MTS,CTCP Vật tư - TKV,15000000,https://finance.vietstock.vn/MTS-ctcp-vat-tu-tkv.htm,833,3275
4539,5,UPCoM,Dịch vụ tiện ích,MTV,CTCP Dịch vụ Môi trường và Công trình Đô thị Vũng Tàu,5400000,https://finance.vietstock.vn/MTV-ctcp-dich-vu-moi-truong-va-cong-trinh-do-thi-vung-tau.htm,834,3275
5696,5,UPCoM,Dịch vụ chuyên biệt và thương mại,MTX,CTCP Công trình Đô thị Gò Công,645000,https://finance.vietstock.vn/MTX-ctcp-cong-trinh-do-thi-go-cong.htm,835,3275
4070,2,HNX,Nguyên vật liệu,MVB,Tổng Công ty Công nghiệp mỏ Việt Bắc TKV - CTCP,105000000,https://finance.vietstock.vn/MVB-tong-cong-ty-cong-nghiep-mo-viet-bac-tkv-ctcp.htm,836,3275
4213,5,UPCoM,Phân phối và bán lẻ hàng lâu bền,MVC,CTCP Vật liệu và Xây dựng Bình Dương,100000000,https://finance.vietstock.vn/MVC-ctcp-vat-lieu-va-xay-dung-binh-duong.htm,837,3275
4708,5,UPCoM,Vận tải,MVN,Tổng Công ty Hàng hải Việt Nam - CTCP,6374700,https://finance.vietstock.vn/MVN-tong-cong-ty-hang-hai-viet-nam-ctcp.htm,838,3275
3362,1,HOSE,Phân phối và bán lẻ hàng lâu bền,MWG,CTCP Đầu tư Thế giới Di động,1462244177,https://finance.vietstock.vn/MWG-ctcp-dau-tu-the-gioi-di-dong.htm,839,3275
1172,1,HOSE,Tổ chức tín dụng,NAB,Ngân hàng TMCP Nam Á,1322550553,https://finance.vietstock.vn/NAB-ngan-hang-tmcp-nam-a.htm,840,3275
2278,5,UPCoM,Dịch vụ chuyên biệt và thương mại,NAC,CTCP Tư vấn Xây dựng Tổng hợp,2835000,https://finance.vietstock.vn/NAC-ctcp-tu-van-xay-dung-tong-hop.htm,841,3275
4162,1,HOSE,"Thực phẩm, đồ uống và thuốc lá",NAF,CTCP Nafoods Group,50564152,https://finance.vietstock.vn/NAF-ctcp-nafoods-group.htm,842,3275
1822,2,HNX,Hàng tiêu dùng và trang trí,NAG,CTCP Tập đoàn Nagakawa,31646541,https://finance.vietstock.vn/NAG-ctcp-tap-doan-nagakawa.htm,843,3275
3873,2,HNX,Vận tải,NAP,CTCP Cảng Nghệ Tĩnh,21517200,https://finance.vietstock.vn/NAP-ctcp-cang-nghe-tinh.htm,844,3275
1668,5,UPCoM,Vận tải,NAS,CTCP Dịch vụ Hàng không Sân bay Nội Bài,8315764,https://finance.vietstock.vn/NAS-ctcp-dich-vu-hang-khong-san-bay-noi-bai.htm,845,3275
4204,5,UPCoM,Dịch vụ tiện ích,NAU,CTCP Môi trường Đô thị Nghệ An,3669999,https://finance.vietstock.vn/NAU-ctcp-moi-truong-do-thi-nghe-an.htm,846,3275
808,1,HOSE,Hàng tiêu dùng và trang trí,NAV,CTCP Nam Việt,8000000,https://finance.vietstock.vn/NAV-ctcp-nam-viet.htm,847,3275
4203,5,UPCoM,Dịch vụ tiện ích,NAW,CTCP Cấp nước Nghệ An,37385983,https://finance.vietstock.vn/NAW-ctcp-cap-nuoc-nghe-an.htm,848,3275
1469,1,HOSE,Phát triển và quản lý bất động sản,NBB,CTCP Đầu tư Năm Bảy Bảy,100475656,https://finance.vietstock.vn/NBB-ctcp-dau-tu-nam-bay-bay.htm,849,3275
927,2,HNX,Năng lượng,NBC,CTCP Than Núi Béo - Vinacomin,36999124,https://finance.vietstock.vn/NBC-ctcp-than-nui-beo-vinacomin.htm,850,3275
2764,5,UPCoM,Truyền thông và giải trí,NBE,CTCP Sách và Thiết bị Giáo dục Miền Bắc,5000000,https://finance.vietstock.vn/NBE-ctcp-sach-va-thiet-bi-giao-duc-mien-bac.htm,851,3275
1802,2,HNX,Dịch vụ tiện ích,NBP,CTCP Nhiệt điện Ninh Bình,12865500,https://finance.vietstock.vn/NBP-ctcp-nhiet-dien-ninh-binh.htm,852,3275
4129,5,UPCoM,Dịch vụ tiện ích,NBT,CTCP Cấp thoát nước Bến Tre,29400000,https://finance.vietstock.vn/NBT-ctcp-cap-thoat-nuoc-ben-tre.htm,853,3275
2053,2,HNX,Dịch vụ tiện ích,NBW,CTCP Cấp nước Nhà Bè,10900000,https://finance.vietstock.vn/NBW-ctcp-cap-nuoc-nha-be.htm,854,3275
4895,5,UPCoM,"Thực phẩm, đồ uống và thuốc lá",NCG,CTCP Tập đoàn Nova Consumer,119784325,https://finance.vietstock.vn/NCG-ctcp-tap-doan-nova-consumer.htm,855,3275
1923,5,UPCoM,Vận tải,NCS,CTCP Suất ăn Hàng không Nội Bài,17949098,https://finance.vietstock.vn/NCS-ctcp-suat-an-hang-khong-noi-bai.htm,856,3275
2186,1,HOSE,Vận tải,NCT,CTCP Dịch vụ Hàng hóa Nội Bài,26166940,https://finance.vietstock.vn/NCT-ctcp-dich-vu-hang-hoa-noi-bai.htm,857,3275
1777,5,UPCoM,Tư liệu sản xuất,ND2,CTCP Đầu tư và Phát triển Điện Miền Bắc 2,49993960,https://finance.vietstock.vn/ND2-ctcp-dau-tu-va-phat-trien-dien-mien-bac-2.htm,858,3275
2274,5,UPCoM,"Dược phẩm, Công nghệ sinh học và Khoa học thường thức",NDC,CTCP Nam Dược,5964000,https://finance.vietstock.vn/NDC-ctcp-nam-duoc.htm,859,3275
3736,5,UPCoM,"Thực phẩm, đồ uống và thuốc lá",NDF,CTCP Chế biến Thực phẩm Nông sản xuất khẩu Nam Định,7853800,https://finance.vietstock.vn/NDF-ctcp-che-bien-thuc-pham-nong-san-xuat-khau-nam-dinh.htm,860,3275
2712,2,HNX,Phát triển và quản lý bất động sản,NDN,CTCP Đầu tư Phát triển Nhà Đà Nẵng,71657936,https://finance.vietstock.vn/NDN-ctcp-dau-tu-phat-trien-nha-da-nang.htm,861,3275
1655,5,UPCoM,"Dược phẩm, Công nghệ sinh học và Khoa học thường thức",NDP,CTCP Dược phẩm 2/9,11100000,https://finance.vietstock.vn/NDP-ctcp-duoc-pham-2-9.htm,862,3275
4198,5,UPCoM,Hàng tiêu dùng và trang trí,NDT,Tổng Công ty cổ phần Dệt May Nam Định,15639976,https://finance.vietstock.vn/NDT-tong-cong-ty-co-phan-det-may-nam-dinh.htm,863,3275
4742,5,UPCoM,Dịch vụ tiện ích,NDW,CTCP Cấp nước Nam Định,34311748,https://finance.vietstock.vn/NDW-ctcp-cap-nuoc-nam-dinh.htm,864,3275
3572,2,HNX,Tư liệu sản xuất,NDX,CTCP Xây lắp Phát triển Nhà Đà Nẵng,9987557,https://finance.vietstock.vn/NDX-ctcp-xay-lap-phat-trien-nha-da-nang.htm,865,3275
2405,5,UPCoM,Dịch vụ tiện ích,NED,CTCP Đầu tư và Phát triển Điện Tây Bắc,40500000,https://finance.vietstock.vn/NED-ctcp-dau-tu-va-phat-trien-dien-tay-bac.htm,866,3275
4596,5,UPCoM,Hàng tiêu dùng và trang trí,NEM,CTCP Thiết bị điện Miền Bắc,8848500,https://finance.vietstock.vn/NEM-ctcp-thiet-bi-dien-mien-bac.htm,867,3275
1242,2,HNX,Đồ gia dụng và cá nhân,NET,CTCP Bột giặt NET,22398374,https://finance.vietstock.vn/NET-ctcp-bot-giat-net.htm,868,3275
2307,2,HNX,Nguyên vật liệu,NFC,CTCP Phân lân Ninh Bình,15731260,https://finance.vietstock.vn/NFC-ctcp-phan-lan-ninh-binh.htm,869,3275
1082,5,UPCoM,"Thực phẩm, đồ uống và thuốc lá",NGC,CTCP Chế biến Thủy sản xuất khẩu Ngô Quyền,2299854,https://finance.vietstock.vn/NGC-ctcp-che-bien-thuy-san-xuat-khau-ngo-quyen.htm,870,3275
2614,1,HOSE,Phát triển và quản lý bất động sản,NHA,Tổng Công ty Đầu tư Phát triển Nhà và Đô thị Nam Hà Nội,44174520,https://finance.vietstock.vn/NHA-tong-cong-ty-dau-tu-phat-trien-nha-va-do-thi-nam-ha-noi.htm,871,3275
754,2,HNX,Nguyên vật liệu,NHC,CTCP Gạch ngói Nhị Hiệp,3041542,https://finance.vietstock.vn/NHC-ctcp-gach-ngoi-nhi-hiep.htm,872,3275
4549,1,HOSE,Tư liệu sản xuất,NHH,CTCP Nhựa Hà Nội,72880000,https://finance.vietstock.vn/NHH-ctcp-nhua-ha-noi.htm,873,3275
3986,5,UPCoM,Nguyên vật liệu,NHP,CTCP Sản xuất Xuất nhập khẩu NHP,27576490,https://finance.vietstock.vn/NHP-ctcp-san-xuat-xuat-nhap-khau-nhp.htm,874,3275
3028,1,HOSE,Nguyên vật liệu,NHT,CTCP Sản xuất và Thương mại Nam Hoa,24028169,https://finance.vietstock.vn/NHT-ctcp-san-xuat-va-thuong-mai-nam-hoa.htm,875,3275
4193,5,UPCoM,Phân phối và bán lẻ hàng lâu bền,NHV,CTCP Sức Khỏe Hồi Sinh Việt Nam,5480112,https://finance.vietstock.vn/NHV-ctcp-suc-khoe-hoi-sinh-viet-nam.htm,876,3275
4837,5,UPCoM,Hàng tiêu dùng và trang trí,NJC,CTCP May Nam Định,3150000,https://finance.vietstock.vn/NJC-ctcp-may-nam-dinh.htm,877,3275
2684,1,HOSE,Nguyên vật liệu,NKG,CTCP Thép Nam Kim,263277806,https://finance.vietstock.vn/NKG-ctcp-thep-nam-kim.htm,878,3275
1385,1,HOSE,Phát triển và quản lý bất động sản,NLG,CTCP Đầu tư Nam Long,384777471,https://finance.vietstock.vn/NLG-ctcp-dau-tu-nam-long.htm,879,3275
4359,5,UPCoM,Dịch vụ tiện ích,NLS,CTCP Cấp thoát nước Lạng Sơn,5009800,https://finance.vietstock.vn/NLS-ctcp-cap-thoat-nuoc-lang-son.htm,880,3275
1821,1,HOSE,Nguyên vật liệu,NNC,CTCP Đá Núi Nhỏ,21920000,https://finance.vietstock.vn/NNC-ctcp-da-nui-nho.htm,881,3275
2604,5,UPCoM,Dịch vụ tiện ích,NNT,CTCP Cấp nước Ninh Thuận,9490841,https://finance.vietstock.vn/NNT-ctcp-cap-nuoc-ninh-thuan.htm,882,3275
4894,1,HOSE,Phân phối và bán lẻ hàng lâu bền,NO1,CTCP Tập đoàn 911,24000000,https://finance.vietstock.vn/NO1-ctcp-tap-doan-911.htm,883,3275
1497,5,UPCoM,Vận tải,NOS,CTCP Vận tải biển và Thương mại Phương Đông,20056000,https://finance.vietstock.vn/NOS-ctcp-van-tai-bien-va-thuong-mai-phuong-dong.htm,884,3275
3840,5,UPCoM,Dịch vụ tiện ích,NQB,CTCP Cấp nước Quảng Bình,17230204,https://finance.vietstock.vn/NQB-ctcp-cap-nuoc-quang-binh.htm,885,3275
4688,5,UPCoM,Dịch vụ tiện ích,NQN,CTCP Nước sạch Quảng Ninh,50831593,https://finance.vietstock.vn/NQN-ctcp-nuoc-sach-quang-ninh.htm,886,3275
4201,5,UPCoM,Dịch vụ tiện ích,NQT,CTCP Nước sạch Quảng Trị,18233269,https://finance.vietstock.vn/NQT-ctcp-nuoc-sach-quang-tri.htm,887,3275
4663,2,HNX,Phát triển và quản lý bất động sản,NRC,CTCP Tập Đoàn Danh Khôi,92597762,https://finance.vietstock.vn/NRC-ctcp-tap-doan-danh-khoi.htm,888,3275
4005,5,UPCoM,Dịch vụ tiện ích,NS2,CTCP Nước sạch Số 2 Hà Nội,56800000,https://finance.vietstock.vn/NS2-ctcp-nuoc-sach-so-2-ha-noi.htm,889,3275
809,1,HOSE,"Thực phẩm, đồ uống và thuốc lá",NSC,CTCP Tập đoàn Giống cây trồng Việt Nam,17586988,https://finance.vietstock.vn/NSC-ctcp-tap-doan-giong-cay-trong-viet-nam.htm,890,3275
3220,5,UPCoM,Nguyên vật liệu,NSG,CTCP Nhựa Sài Gòn,8639208,https://finance.vietstock.vn/NSG-ctcp-nhua-sai-gon.htm,891,3275
2413,2,HNX,Nguyên vật liệu,NSH,CTCP Tập Đoàn Nhôm Sông Hồng Shalumi,20693437,https://finance.vietstock.vn/NSH-ctcp-tap-doan-nhom-song-hong-shalumi.htm,892,3275
4750,5,UPCoM,Dịch vụ tiện ích,NSL,CTCP Cấp nước Sơn La,10000000,https://finance.vietstock.vn/NSL-ctcp-cap-nuoc-son-la.htm,893,3275
4714,5,UPCoM,"Thực phẩm, đồ uống và thuốc lá",NSS,CTCP Nông Súc Sản Đồng Nai,10263942,https://finance.vietstock.vn/NSS-ctcp-nong-suc-san-dong-nai.htm,894,3275
930,2,HNX,"Thực phẩm, đồ uống và thuốc lá",NST,CTCP Ngân Sơn,11202003,https://finance.vietstock.vn/NST-ctcp-ngan-son.htm,895,3275
2348,1,HOSE,Dịch vụ tiện ích,NT2,CTCP Điện lực Dầu khí Nhơn Trạch 2,287876029,https://finance.vietstock.vn/NT2-ctcp-dien-luc-dau-khi-nhon-trach-2.htm,896,3275
2369,5,UPCoM,Tư liệu sản xuất,NTB,CTCP Đầu tư Xây dựng và Khai thác Công trình Giao thông 584,39779577,https://finance.vietstock.vn/NTB-ctcp-dau-tu-xay-dung-va-khai-thac-cong-trinh-giao-thong-584.htm,897,3275
2716,5,UPCoM,Phát triển và quản lý bất động sản,NTC,CTCP Khu Công nghiệp Nam Tân Uyên,23999980,https://finance.vietstock.vn/NTC-ctcp-khu-cong-nghiep-nam-tan-uyen.htm,898,3275
2443,5,UPCoM,"Dược phẩm, Công nghệ sinh học và Khoa học thường thức",NTF,CTCP Dược - Vật tư Y tế Nghệ An,6000000,https://finance.vietstock.vn/NTF-ctcp-duoc-vat-tu-y-te-nghe-an.htm,899,3275
4740,2,HNX,Dịch vụ tiện ích,NTH,CTCP Thủy điện Nước Trong,10802053,https://finance.vietstock.vn/NTH-ctcp-thuy-dien-nuoc-trong.htm,900,3275
1022,1,HOSE,Phát triển và quản lý bất động sản,NTL,CTCP Phát triển Đô thị Từ Liêm,121979900,https://finance.vietstock.vn/NTL-ctcp-phat-trien-do-thi-tu-liem.htm,901,3275
931,2,HNX,Nguyên vật liệu,NTP,CTCP Nhựa Thiếu niên Tiền Phong,142532284,https://finance.vietstock.vn/NTP-ctcp-nhua-thieu-nien-tien-phong.htm,902,3275
2283,5,UPCoM,Hàng tiêu dùng và trang trí,NTT,CTCP Dệt - May Nha Trang,23500000,https://finance.vietstock.vn/NTT-ctcp-det-may-nha-trang.htm,903,3275
2060,5,UPCoM,Dịch vụ tiện ích,NTW,CTCP Cấp nước Nhơn Trạch,10000000,https://finance.vietstock.vn/NTW-ctcp-cap-nuoc-nhon-trach.htm,904,3275
3839,5,UPCoM,Dịch vụ tiện ích,NUE,CTCP Môi trường Đô thị Nha Trang,6000000,https://finance.vietstock.vn/NUE-ctcp-moi-truong-do-thi-nha-trang.htm,905,3275
1210,2,HNX,Tổ chức tín dụng,NVB,Ngân hàng TMCP Quốc Dân,560155587,https://finance.vietstock.vn/NVB-ngan-hang-tmcp-quoc-dan.htm,906,3275
4046,1,HOSE,Phát triển và quản lý bất động sản,NVL,CTCP Tập đoàn Đầu tư Địa ốc No Va ,1950104538,https://finance.vietstock.vn/NVL-ctcp-tap-doan-dau-tu-dia-oc-no-va.htm,907,3275
4226,5,UPCoM,Dịch vụ tiện ích,NVP,CTCP Nước sạch Vĩnh Phúc,10963000,https://finance.vietstock.vn/NVP-ctcp-nuoc-sach-vinh-phuc.htm,908,3275
2347,1,HOSE,Dịch vụ tiêu dùng,NVT,CTCP Bất động sản Du lịch Ninh Vân Bay,90500000,https://finance.vietstock.vn/NVT-ctcp-bat-dong-san-du-lich-ninh-van-bay.htm,909,3275
3997,5,UPCoM,Vận tải,NWT,CTCP Vận tải Newway,8500000,https://finance.vietstock.vn/NWT-ctcp-van-tai-newway.htm,910,3275
4883,5,UPCoM,Phân phối và bán lẻ hàng lâu bền,NXT,CTCP Sản xuất và Cung ứng Vật liệu Xây dựng Kon Tum,6600000,https://finance.vietstock.vn/NXT-ctcp-san-xuat-va-cung-ung-vat-lieu-xay-dung-kon-tum.htm,911,3275
1199,1,HOSE,Tổ chức tín dụng,OCB,Ngân hàng TMCP Phương Đông,2465789152,https://finance.vietstock.vn/OCB-ngan-hang-tmcp-phuong-dong.htm,912,3275
2695,2,HNX,Dịch vụ tiêu dùng,OCH,CTCP One Capital Hospitality,200000000,https://finance.vietstock.vn/OCH-ctcp-one-capital-hospitality.htm,913,3275
4889,5,UPCoM,Dịch vụ chuyên biệt và thương mại,ODE,CTCP Tập đoàn Truyền thông và Giải trí ODE,10000000,https://finance.vietstock.vn/ODE-ctcp-tap-doan-truyen-thong-va-giai-tri-ode.htm,914,3275
2545,1,HOSE,"Thực phẩm, đồ uống và thuốc lá",OGC,CTCP Tập đoàn Đại Dương,300000000,https://finance.vietstock.vn/OGC-ctcp-tap-doan-dai-duong.htm,915,3275
4565,5,UPCoM,Phân phối và bán lẻ hàng lâu bền,OIL,Tổng Công ty Dầu Việt Nam - CTCP,201425936,https://finance.vietstock.vn/OIL-tong-cong-ty-dau-viet-nam-ctcp.htm,916,3275
1189,2,HNX,Dịch vụ viễn thông,ONE,CTCP Công nghệ One,7960310,https://finance.vietstock.vn/ONE-ctcp-cong-nghe-one.htm,917,3275
4454,5,UPCoM,Dịch vụ tiêu dùng,ONW,CTCP Dịch vụ Một Thế Giới,2000000,https://finance.vietstock.vn/ONW-ctcp-dich-vu-mot-the-gioi.htm,918,3275
1258,1,HOSE,"Dược phẩm, Công nghệ sinh học và Khoa học thường thức",OPC,CTCP Dược phẩm OPC,64050892,https://finance.vietstock.vn/OPC-ctcp-duoc-pham-opc.htm,919,3275
1350,1,HOSE,Dịch vụ tài chính,ORS,CTCP Chứng khoán Tiên Phong,335999743,https://finance.vietstock.vn/ORS-ctcp-chung-khoan-tien-phong.htm,920,3275
740,1,HOSE,Hàng tiêu dùng và trang trí,PAC,CTCP Pin Ắc quy Miền Nam,46471707,https://finance.vietstock.vn/PAC-ctcp-pin-ac-quy-mien-nam.htm,921,3275
4442,5,UPCoM,Phần mềm và dịch vụ,PAI,CTCP Công nghệ thông tin Viễn thông và Tự động hóa Dầu Khí,4235290,https://finance.vietstock.vn/PAI-ctcp-cong-nghe-thong-tin-vien-thong-va-tu-dong-hoa-dau-khi.htm,922,3275
932,1,HOSE,"Thực phẩm, đồ uống và thuốc lá",PAN,CTCP Tập đoàn PAN,216294580,https://finance.vietstock.vn/PAN-ctcp-tap-doan-pan.htm,923,3275
2671,5,UPCoM,Vận tải,PAP,CTCP Dầu khí Đầu tư Khai thác Cảng Phước An,200000000,https://finance.vietstock.vn/PAP-ctcp-dau-khi-dau-tu-khai-thac-cang-phuoc-an.htm,924,3275
4729,5,UPCoM,Nguyên vật liệu,PAS,CTCP Quốc tế Phương Anh,28049968,https://finance.vietstock.vn/PAS-ctcp-quoc-te-phuong-anh.htm,925,3275
4901,5,UPCoM,Nguyên vật liệu,PAT,CTCP Phốt Pho Apatit Việt Nam,25000000,https://finance.vietstock.vn/PAT-ctcp-phot-pho-apatit-viet-nam.htm,926,3275
2429,5,UPCoM,"Dược phẩm, Công nghệ sinh học và Khoa học thường thức",PBC,CTCP Dược phẩm Trung Ương 1- Pharbaco,113299902,https://finance.vietstock.vn/PBC-ctcp-duoc-pham-trung-uong-1-pharbaco.htm,927,3275
3752,2,HNX,Nguyên vật liệu,PBP,CTCP Bao bì Dầu khí Việt Nam,4799516,https://finance.vietstock.vn/PBP-ctcp-bao-bi-dau-khi-viet-nam.htm,928,3275
4339,5,UPCoM,Nguyên vật liệu,PBT,CTCP Bao bì và Thương mại dầu khí Bình Sơn,17522284,https://finance.vietstock.vn/PBT-ctcp-bao-bi-va-thuong-mai-dau-khi-binh-son.htm,929,3275
2858,1,HOSE,Tư liệu sản xuất,PC1,CTCP Tập Đoàn PC1,310995558,https://finance.vietstock.vn/PC1-ctcp-tap-doan-pc1.htm,930,3275
2130,5,UPCoM,Tư liệu sản xuất,PCC,CTCP Tập đoàn Xây lắp 1 - Petrolimex,11500000,https://finance.vietstock.vn/PCC-ctcp-tap-doan-xay-lap-1-petrolimex.htm,931,3275
4090,2,HNX,Nguyên vật liệu,PCE,CTCP Phân bón và Hóa chất Dầu khí Miền Trung,10000000,https://finance.vietstock.vn/PCE-ctcp-phan-bon-va-hoa-chat-dau-khi-mien-trung.htm,932,3275
1628,5,UPCoM,Phân phối và bán lẻ hàng lâu bền,PCF,CTCP Cà phê PETEC,3000000,https://finance.vietstock.vn/PCF-ctcp-ca-phe-petec.htm,933,3275
2483,2,HNX,Dịch vụ tiện ích,PCG,CTCP Đầu tư Phát triển Gas Đô thị,18870000,https://finance.vietstock.vn/PCG-ctcp-dau-tu-phat-trien-gas-do-thi.htm,934,3275
4893,2,HNX,Nguyên vật liệu,PCH,CTCP Nhựa Picomat,24199964,https://finance.vietstock.vn/PCH-ctcp-nhua-picomat.htm,935,3275
4535,5,UPCoM,Công nghệ phần cứng và thiết bị,PCM,CTCP Vật liệu Xây dựng Bưu điện,4000000,https://finance.vietstock.vn/PCM-ctcp-vat-lieu-xay-dung-buu-dien.htm,936,3275
3352,5,UPCoM,Phân phối và bán lẻ hàng lâu bền,PCN,CTCP Hóa phẩm Dầu khí DMC - Miền Bắc,3924550,https://finance.vietstock.vn/PCN-ctcp-hoa-pham-dau-khi-dmc-mien-bac.htm,937,3275
2668,2,HNX,Phân phối và bán lẻ hàng lâu bền,PCT,CTCP Vận tải biển Global Pacific,50035493,https://finance.vietstock.vn/PCT-ctcp-van-tai-bien-global-pacific.htm,938,3275
4020,2,HNX,Nguyên vật liệu,PDB,CTCP Tập đoàn Đầu tư Din Capital,8909981,https://finance.vietstock.vn/PDB-ctcp-tap-doan-dau-tu-din-capital.htm,939,3275
1828,5,UPCoM,Dịch vụ tiêu dùng,PDC,CTCP Du lịch Dầu khí Phương Đông,15000000,https://finance.vietstock.vn/PDC-ctcp-du-lich-dau-khi-phuong-dong.htm,940,3275
2074,1,HOSE,Vận tải,PDN,CTCP Cảng Đồng Nai,37043908,https://finance.vietstock.vn/PDN-ctcp-cang-dong-nai.htm,941,3275
2619,1,HOSE,Phát triển và quản lý bất động sản,PDR,CTCP Phát triển Bất động sản Phát Đạt,873140083,https://finance.vietstock.vn/PDR-ctcp-phat-trien-bat-dong-san-phat-dat.htm,942,3275
3223,5,UPCoM,Vận tải,PDV,CTCP Vận Tải Và Tiếp Vận Phương Đông Việt,43087331,https://finance.vietstock.vn/PDV-ctcp-van-tai-va-tiep-van-phuong-dong-viet.htm,943,3275
2256,5,UPCoM,Nguyên vật liệu,PEC,CTCP Cơ khí Điện lực,3115409,https://finance.vietstock.vn/PEC-ctcp-co-khi-dien-luc.htm,944,3275
4608,5,UPCoM,Phân phối và bán lẻ hàng lâu bền,PEG,Tổng Công ty Thương mại Kỹ thuật và Đầu tư - CTCP,231898919,https://finance.vietstock.vn/PEG-tong-cong-ty-thuong-mai-ky-thuat-va-dau-tu-ctcp.htm,945,3275
2160,2,HNX,Tư liệu sản xuất,PEN,CTCP Xây lắp III Petrolimex,5000000,https://finance.vietstock.vn/PEN-ctcp-xay-lap-iii-petrolimex.htm,946,3275
1724,5,UPCoM,Phân phối và bán lẻ hàng lâu bền,PEQ,CTCP Thiết bị Xăng dầu Petrolimex,4965514,https://finance.vietstock.vn/PEQ-ctcp-thiet-bi-xang-dau-petrolimex.htm,947,3275
941,1,HOSE,Phân phối và bán lẻ hàng lâu bền,PET,Tổng Công ty cổ phần Dịch vụ Tổng hợp Dầu khí,107334831,https://finance.vietstock.vn/PET-tong-cong-ty-co-phan-dich-vu-tong-hop-dau-khi.htm,948,3275
2509,5,UPCoM,Tư liệu sản xuất,PFL,CTCP Dầu khí Đông Đô,50000000,https://finance.vietstock.vn/PFL-ctcp-dau-khi-dong-do.htm,949,3275
1218,5,UPCoM,Tổ chức tín dụng,PGB,Ngân hàng TMCP Thịnh vượng và Phát triển,420000000,https://finance.vietstock.vn/PGB-ngan-hang-tmcp-thinh-vuong-va-phat-trien.htm,950,3275
810,1,HOSE,Dịch vụ tiện ích,PGC,Tổng Công ty Gas Petrolimex - CTCP,60342638,https://finance.vietstock.vn/PGC-tong-cong-ty-gas-petrolimex-ctcp.htm,951,3275
1552,1,HOSE,Dịch vụ tiện ích,PGD,CTCP Phân phối khí thấp áp Dầu khí Việt Nam,98998266,https://finance.vietstock.vn/PGD-ctcp-phan-phoi-khi-thap-ap-dau-khi-viet-nam.htm,952,3275
2044,1,HOSE,Bảo hiểm,PGI,Tổng Công ty cổ phần Bảo hiểm Petrolimex,110896796,https://finance.vietstock.vn/PGI-tong-cong-ty-co-phan-bao-hiem-petrolimex.htm,953,3275
4736,2,HNX,Đồ gia dụng và cá nhân,PGN,CTCP Phụ Gia Nhựa,9464859,https://finance.vietstock.vn/PGN-ctcp-phu-gia-nhua.htm,954,3275
1068,2,HNX,Dịch vụ tiện ích,PGS,CTCP Kinh doanh Khí Miền Nam,50000000,https://finance.vietstock.vn/PGS-ctcp-kinh-doanh-khi-mien-nam.htm,955,3275
1487,2,HNX,Vận tải,PGT,CTCP PGT Holdings,9241801,https://finance.vietstock.vn/PGT-ctcp-pgt-holdings.htm,956,3275
4653,1,HOSE,Dịch vụ tiện ích,PGV,Tổng Công ty Phát điện 3 - CTCP,1123468046,https://finance.vietstock.vn/PGV-tong-cong-ty-phat-dien-3-ctcp.htm,957,3275
1863,1,HOSE,Tư liệu sản xuất,PHC,CTCP Xây dựng Phục Hưng Holdings,50602094,https://finance.vietstock.vn/PHC-ctcp-xay-dung-phuc-hung-holdings.htm,958,3275
2236,5,UPCoM,Tư liệu sản xuất,PHH,CTCP Hồng Hà Việt Nam,20000000,https://finance.vietstock.vn/PHH-ctcp-hong-ha-viet-nam.htm,959,3275
1707,2,HNX,Hàng tiêu dùng và trang trí,PHN,CTCP Pin Hà Nội,7253911,https://finance.vietstock.vn/PHN-ctcp-pin-ha-noi.htm,960,3275
3781,5,UPCoM,Vận tải,PHP,CTCP Cảng Hải Phòng,326960000,https://finance.vietstock.vn/PHP-ctcp-cang-hai-phong.htm,961,3275
1549,1,HOSE,Nguyên vật liệu,PHR,CTCP Cao su Phước Hòa,135499198,https://finance.vietstock.vn/PHR-ctcp-cao-su-phuoc-hoa.htm,962,3275
848,5,UPCoM,Dịch vụ tài chính,PHS,CTCP Chứng khoán Phú Hưng,150009819,https://finance.vietstock.vn/PHS-ctcp-chung-khoan-phu-hung.htm,963,3275
4072,2,HNX,Phần mềm và dịch vụ,PIA,CTCP Tin học Viễn thông Petrolimex,3900000,https://finance.vietstock.vn/PIA-ctcp-tin-hoc-vien-thong-petrolimex.htm,964,3275
2069,2,HNX,Dịch vụ tiện ích,PIC,CTCP Đầu tư Điện lực 3,33339891,https://finance.vietstock.vn/PIC-ctcp-dau-tu-dien-luc-3.htm,965,3275
3216,5,UPCoM,Dịch vụ chuyên biệt và thương mại,PID,CTCP Trang Trí Nội Thất Dầu khí,4000000,https://finance.vietstock.vn/PID-ctcp-trang-tri-noi-that-dau-khi.htm,966,3275
4008,5,UPCoM,Nguyên vật liệu,PIS,Tổng Công ty Pisico Bình Định - CTCP,27500000,https://finance.vietstock.vn/PIS-tong-cong-ty-pisico-binh-dinh-ctcp.htm,967,3275
1079,1,HOSE,Phân phối và bán lẻ hàng lâu bền,PIT,CTCP Xuất nhập khẩu Petrolimex,15199345,https://finance.vietstock.vn/PIT-ctcp-xuat-nhap-khau-petrolimex.htm,968,3275
2656,5,UPCoM,Phân phối và bán lẻ hàng lâu bền,PIV,CTCP PIV,17324942,https://finance.vietstock.vn/PIV-ctcp-piv.htm,969,3275
933,2,HNX,Vận tải,PJC,CTCP Thương mại và Vận tải Petrolimex Hà Nội,7326928,https://finance.vietstock.vn/PJC-ctcp-thuong-mai-va-van-tai-petrolimex-ha-noi.htm,970,3275
1287,5,UPCoM,Dịch vụ tiện ích,PJS,CTCP Cấp nước Phú Hòa Tân,9000000,https://finance.vietstock.vn/PJS-ctcp-cap-nuoc-phu-hoa-tan.htm,971,3275
811,1,HOSE,Vận tải,PJT,CTCP Vận tải Xăng dầu đường Thủy Petrolimex,24882785,https://finance.vietstock.vn/PJT-ctcp-van-tai-xang-dau-duong-thuy-petrolimex.htm,972,3275
2142,5,UPCoM,Phát triển và quản lý bất động sản,PLA,CTCP Đầu tư và Dịch vụ Hạ tầng Xăng dầu,10000000,https://finance.vietstock.vn/PLA-ctcp-dau-tu-va-dich-vu-ha-tang-xang-dau.htm,973,3275
934,2,HNX,Nguyên vật liệu,PLC,Tổng Công ty Hóa dầu Petrolimex - CTCP,80798839,https://finance.vietstock.vn/PLC-tong-cong-ty-hoa-dau-petrolimex-ctcp.htm,974,3275
4849,5,UPCoM,Dịch vụ chuyên biệt và thương mại,PLE,CTCP Tư vấn Xây dựng Petrolimex,1215000,https://finance.vietstock.vn/PLE-ctcp-tu-van-xay-dung-petrolimex.htm,975,3275
2843,5,UPCoM,Phân phối và bán lẻ hàng lâu bền,PLO,CTCP Kho Vận Petec,7192550,https://finance.vietstock.vn/PLO-ctcp-kho-van-petec.htm,976,3275
4542,1,HOSE,Nguyên vật liệu,PLP,CTCP Sản xuất và Công nghệ Nhựa Pha Lê,70000000,https://finance.vietstock.vn/PLP-ctcp-san-xuat-va-cong-nghe-nhua-pha-le.htm,977,3275
3023,1,HOSE,Phân phối và bán lẻ hàng lâu bền,PLX,Tập đoàn Xăng Dầu Việt Nam,1293878081,https://finance.vietstock.vn/PLX-tap-doan-xang-dau-viet-nam.htm,978,3275
4123,2,HNX,Nguyên vật liệu,PMB,CTCP Phân bón và Hóa chất  Dầu khí Miền Bắc,12000000,https://finance.vietstock.vn/PMB-ctcp-phan-bon-va-hoa-chat-dau-khi-mien-bac.htm,979,3275
1316,2,HNX,"Dược phẩm, Công nghệ sinh học và Khoa học thường thức",PMC,CTCP Dược phẩm Dược liệu Pharmedic,9332573,https://finance.vietstock.vn/PMC-ctcp-duoc-pham-duoc-lieu-pharmedic.htm,980,3275
4639,1,HOSE,Phân phối và bán lẻ hàng lâu bền,PMG,CTCP Đầu tư và Sản xuất Petro Miền Trung,46336278,https://finance.vietstock.vn/PMG-ctcp-dau-tu-va-san-xuat-petro-mien-trung.htm,981,3275
1250,5,UPCoM,Phân phối và bán lẻ hàng lâu bền,PMJ,CTCP Vật tư Bưu Điện,1800000,https://finance.vietstock.vn/PMJ-ctcp-vat-tu-buu-dien.htm,982,3275
4084,2,HNX,Nguyên vật liệu,PMP,CTCP Bao bì đạm Phú Mỹ,4200000,https://finance.vietstock.vn/PMP-ctcp-bao-bi-dam-phu-my.htm,983,3275
654,2,HNX,Nguyên vật liệu,PMS,CTCP Cơ khí Xăng dầu,7227662,https://finance.vietstock.vn/PMS-ctcp-co-khi-xang-dau.htm,984,3275
2231,5,UPCoM,Dịch vụ viễn thông,PMT,CTCP Viễn thông TELVINA Việt Nam,5000000,https://finance.vietstock.vn/PMT-ctcp-vien-thong-telvina-viet-nam.htm,985,3275
1640,5,UPCoM,Dịch vụ tiện ích,PMW,CTCP Cấp nước Phú Mỹ,49999832,https://finance.vietstock.vn/PMW-ctcp-cap-nuoc-phu-my.htm,986,3275
1798,1,HOSE,Phân phối và bán lẻ hàng lâu bền,PNC,CTCP Văn hóa Phương Nam,11040241,https://finance.vietstock.vn/PNC-ctcp-van-hoa-phuong-nam.htm,987,3275
4457,5,UPCoM,Phân phối và bán lẻ hàng lâu bền,PND,CTCP Xăng dầu Dầu khí Nam Định,6666666,https://finance.vietstock.vn/PND-ctcp-xang-dau-dau-khi-nam-dinh.htm,988,3275
1732,5,UPCoM,Phân phối và bán lẻ hàng lâu bền,PNG,CTCP Thương mại Phú Nhuận,9000000,https://finance.vietstock.vn/PNG-ctcp-thuong-mai-phu-nhuan.htm,989,3275
1531,1,HOSE,Phân phối và bán lẻ hàng lâu bền,PNJ,CTCP Vàng bạc Đá quý Phú Nhuận,334729180,https://finance.vietstock.vn/PNJ-ctcp-vang-bac-da-quy-phu-nhuan.htm,990,3275
3230,5,UPCoM,Vận tải,PNP,CTCP Tân Cảng - Phú Hữu,16100000,https://finance.vietstock.vn/PNP-ctcp-tan-cang-phu-huu.htm,991,3275
1692,5,UPCoM,Phát triển và quản lý bất động sản,PNT,CTCP Kỹ thuật Xây dựng Phú Nhuận,9282802,https://finance.vietstock.vn/PNT-ctcp-ky-thuat-xay-dung-phu-nhuan.htm,992,3275
4563,5,UPCoM,Phân phối và bán lẻ hàng lâu bền,POB,CTCP Xăng dầu Dầu khí Thái Bình,10900000,https://finance.vietstock.vn/POB-ctcp-xang-dau-dau-khi-thai-binh.htm,993,3275
2415,5,UPCoM,Nguyên vật liệu,POM,CTCP Thép Pomina,279676336,https://finance.vietstock.vn/POM-ctcp-thep-pomina.htm,994,3275
3583,5,UPCoM,Năng lượng,POS,"CTCP Dịch vụ Lắp đặt, Vận hành và Bảo dưỡng Công trình Dầu khí Biển PTSC",40000000,https://finance.vietstock.vn/POS-ctcp-dich-vu-lap-dat-van-hanh-va-bao-duong-cong-trinh-dau-khi-bien-ptsc.htm,995,3275
935,2,HNX,Công nghệ phần cứng và thiết bị,POT,CTCP Thiết bị Bưu điện,19430006,https://finance.vietstock.vn/POT-ctcp-thiet-bi-buu-dien.htm,996,3275
2690,5,UPCoM,Phân phối và bán lẻ hàng lâu bền,POV,CTCP Xăng dầu Dầu khí Vũng Áng,12499612,https://finance.vietstock.vn/POV-ctcp-xang-dau-dau-khi-vung-ang.htm,997,3275
4620,1,HOSE,Dịch vụ tiện ích,POW,Tổng Công ty Điện lực Dầu khí Việt Nam - CTCP,2341871600,https://finance.vietstock.vn/POW-tong-cong-ty-dien-luc-dau-khi-viet-nam-ctcp.htm,998,3275
999,1,HOSE,Dịch vụ tiện ích,PPC,CTCP Nhiệt điện Phả Lại,326235000,https://finance.vietstock.vn/PPC-ctcp-nhiet-dien-pha-lai.htm,999,3275
2699,2,HNX,Dịch vụ chuyên biệt và thương mại,PPE,CTCP Tư vấn đầu tư PP Enterprise,2000000,https://finance.vietstock.vn/PPE-ctcp-tu-van-dau-tu-pp-enterprise.htm,1000,3275
1514,5,UPCoM,Hàng tiêu dùng và trang trí,PPH,Tổng Công ty cổ phần Phong Phú,74670891,https://finance.vietstock.vn/PPH-tong-cong-ty-co-phan-phong-phu.htm,1001,3275
2492,5,UPCoM,Phát triển và quản lý bất động sản,PPI,CTCP Đầu tư và Phát triển Dự án Hạ tầng Thái Bình Dương,48290629,https://finance.vietstock.vn/PPI-ctcp-dau-tu-va-phat-trien-du-an-ha-tang-thai-binh-duong.htm,1002,3275
1658,2,HNX,"Dược phẩm, Công nghệ sinh học và Khoa học thường thức",PPP,CTCP Dược phẩm Phong Phú,8799991,https://finance.vietstock.vn/PPP-ctcp-duoc-pham-phong-phu.htm,1003,3275
2693,2,HNX,Tư liệu sản xuất,PPS,CTCP Dịch vụ Kỹ thuật Điện lực Dầu khí Việt Nam,15000000,https://finance.vietstock.vn/PPS-ctcp-dich-vu-ky-thuat-dien-luc-dau-khi-viet-nam.htm,1004,3275
4900,2,HNX,Phân phối và bán lẻ hàng lâu bền,PPT,CTCP Petro Times,17324988,https://finance.vietstock.vn/PPT-ctcp-petro-times.htm,1005,3275
2674,2,HNX,Phân phối và bán lẻ hàng lâu bền,PPY,CTCP Xăng dầu Dầu khí Phú Yên,9343974,https://finance.vietstock.vn/PPY-ctcp-xang-dau-dau-khi-phu-yen.htm,1006,3275
4762,5,UPCoM,Tư liệu sản xuất,PQN,CTCP Dịch vụ Dầu khí Quảng Ngãi PTSC,30000000,https://finance.vietstock.vn/PQN-ctcp-dich-vu-dau-khi-quang-ngai-ptsc.htm,1007,3275
2516,2,HNX,Vận tải,PRC,CTCP Logistics Portserco,1200000,https://finance.vietstock.vn/PRC-ctcp-logistics-portserco.htm,1008,3275
4799,2,HNX,Bảo hiểm,PRE,Tổng Công ty cổ phần Tái bảo hiểm Hà Nội,104400000,https://finance.vietstock.vn/PRE-tong-cong-ty-co-phan-tai-bao-hiem-ha-noi.htm,1009,3275
2222,5,UPCoM,"Thực phẩm, đồ uống và thuốc lá",PRO,CTCP Procimex Việt Nam,3000000,https://finance.vietstock.vn/PRO-ctcp-procimex-viet-nam.htm,1010,3275
4661,5,UPCoM,Hàng tiêu dùng và trang trí,PRT,Tổng Công ty Sản xuất - Xuất nhập khẩu Bình Dương - CTCP,300000000,https://finance.vietstock.vn/PRT-tong-cong-ty-san-xuat-xuat-nhap-khau-binh-duong-ctcp.htm,1011,3275
2072,5,UPCoM,Năng lượng,PSB,CTCP Đầu tư Dầu khí Sao Mai - Bến Đình,50000000,https://finance.vietstock.vn/PSB-ctcp-dau-tu-dau-khi-sao-mai-ben-dinh.htm,1012,3275
938,2,HNX,Phân phối và bán lẻ hàng lâu bền,PSC,CTCP Vận tải và Dịch vụ Petrolimex Sài Gòn,7200000,https://finance.vietstock.vn/PSC-ctcp-van-tai-va-dich-vu-petrolimex-sai-gon.htm,1013,3275
3567,2,HNX,Phân phối và bán lẻ hàng lâu bền,PSD,CTCP Dịch vụ Phân phối Tổng hợp Dầu khí,51827894,https://finance.vietstock.vn/PSD-ctcp-dich-vu-phan-phoi-tong-hop-dau-khi.htm,1014,3275
3017,2,HNX,Nguyên vật liệu,PSE,CTCP Phân Bón và Hóa Chất Dầu khí Đông Nam Bộ,12500000,https://finance.vietstock.vn/PSE-ctcp-phan-bon-va-hoa-chat-dau-khi-dong-nam-bo.htm,1015,3275
2733,5,UPCoM,Phát triển và quản lý bất động sản,PSG,CTCP Đầu Tư và Xây lắp Dầu khí Sài Gòn,35000000,https://finance.vietstock.vn/PSG-ctcp-dau-tu-va-xay-lap-dau-khi-sai-gon.htm,1016,3275
4791,1,HOSE,Phân phối và bán lẻ hàng lâu bền,PSH,CTCP Thương mại Đầu tư Dầu khí Nam Sông Hậu,126196780,https://finance.vietstock.vn/PSH-ctcp-thuong-mai-dau-tu-dau-khi-nam-song-hau.htm,1017,3275
1353,2,HNX,Dịch vụ tài chính,PSI,CTCP Chứng khoán Dầu khí,59841300,https://finance.vietstock.vn/PSI-ctcp-chung-khoan-dau-khi.htm,1018,3275
2276,5,UPCoM,"Thực phẩm, đồ uống và thuốc lá",PSL,CTCP Chăn nuôi Phú Sơn,11812500,https://finance.vietstock.vn/PSL-ctcp-chan-nuoi-phu-son.htm,1019,3275
3348,5,UPCoM,Vận tải,PSN,CTCP Dịch Vụ Kỹ Thuật PTSC Thanh Hóa,40000000,https://finance.vietstock.vn/PSN-ctcp-dich-vu-ky-thuat-ptsc-thanh-hoa.htm,1020,3275
1869,5,UPCoM,Vận tải,PSP,CTCP Cảng Dịch vụ Dầu khí Đình Vũ,40000000,https://finance.vietstock.vn/PSP-ctcp-cang-dich-vu-dau-khi-dinh-vu.htm,1021,3275
3310,2,HNX,Nguyên vật liệu,PSW,CTCP Phân bón và Hóa chất Dầu khí Tây Nam Bộ,17000000,https://finance.vietstock.vn/PSW-ctcp-phan-bon-va-hoa-chat-dau-khi-tay-nam-bo.htm,1022,3275
1706,1,HOSE,Nguyên vật liệu,PTB,CTCP Phú Tài,66938403,https://finance.vietstock.vn/PTB-ctcp-phu-tai.htm,1023,3275
939,1,HOSE,Tư liệu sản xuất,PTC,CTCP Đầu Tư Icapital,32307324,https://finance.vietstock.vn/PTC-ctcp-dau-tu-icapital.htm,1024,3275
2019,2,HNX,Tư liệu sản xuất,PTD,CTCP Thiết kế Xây dựng Thương mại Phúc Thịnh,4999933,https://finance.vietstock.vn/PTD-ctcp-thiet-ke-xay-dung-thuong-mai-phuc-thinh.htm,1025,3275
2039,5,UPCoM,Nguyên vật liệu,PTE,CTCP Xi măng Phú Thọ,12500000,https://finance.vietstock.vn/PTE-ctcp-xi-mang-phu-tho.htm,1026,3275
2206,5,UPCoM,Hàng tiêu dùng và trang trí,PTG,CTCP May Xuất khẩu Phan Thiết,4996185,https://finance.vietstock.vn/PTG-ctcp-may-xuat-khau-phan-thiet.htm,1027,3275
2536,5,UPCoM,Phân phối và bán lẻ hàng lâu bền,PTH,CTCP Vận tải và Dịch vụ Petrolimex Hà Tây,3503164,https://finance.vietstock.vn/PTH-ctcp-van-tai-va-dich-vu-petrolimex-ha-tay.htm,1028,3275
1938,2,HNX,Bảo hiểm,PTI,Tổng Công ty cổ phần Bảo hiểm Bưu điện,80395709,https://finance.vietstock.vn/PTI-tong-cong-ty-co-phan-bao-hiem-buu-dien.htm,1029,3275
2602,1,HOSE,Phát triển và quản lý bất động sản,PTL,CTCP Victory Capital,100000000,https://finance.vietstock.vn/PTL-ctcp-victory-capital.htm,1030,3275
2107,5,UPCoM,Tư liệu sản xuất,PTO,CTCP Dịch vụ - Xây dựng Công trình Bưu Điện,1200000,https://finance.vietstock.vn/PTO-ctcp-dich-vu-xay-dung-cong-trinh-buu-dien.htm,1031,3275
1907,5,UPCoM,Dịch vụ viễn thông,PTP,CTCP Dịch vụ Viễn thông và In Bưu điện,6800000,https://finance.vietstock.vn/PTP-ctcp-dich-vu-vien-thong-va-in-buu-dien.htm,1032,3275
940,2,HNX,Vận tải,PTS,CTCP Vận tải và Dịch vụ Petrolimex Hải Phòng,5568000,https://finance.vietstock.vn/PTS-ctcp-van-tai-va-dich-vu-petrolimex-hai-phong.htm,1033,3275
2605,5,UPCoM,Vận tải,PTT,CTCP Vận tải Dầu khí Đông Dương,16493172,https://finance.vietstock.vn/PTT-ctcp-van-tai-dau-khi-dong-duong.htm,1034,3275
2653,5,UPCoM,Phân phối và bán lẻ hàng lâu bền,PTV,CTCP Thương mại Dầu khí,20000000,https://finance.vietstock.vn/PTV-ctcp-thuong-mai-dau-khi.htm,1035,3275
2254,2,HNX,Phân phối và bán lẻ hàng lâu bền,PTX,CTCP Vận tải và Dịch vụ Petrolimex Nghệ Tĩnh,6432453,https://finance.vietstock.vn/PTX-ctcp-van-tai-va-dich-vu-petrolimex-nghe-tinh.htm,1036,3275
2687,2,HNX,Phát triển và quản lý bất động sản,PV2,CTCP Đầu tư PV2,37350000,https://finance.vietstock.vn/PV2-ctcp-dau-tu-pv2.htm,1037,3275
1444,5,UPCoM,Tư liệu sản xuất,PVA,CTCP Tổng Công ty Xây lắp Dầu khí Nghệ An,21846000,https://finance.vietstock.vn/PVA-ctcp-tong-cong-ty-xay-lap-dau-khi-nghe-an.htm,1038,3275
3032,2,HNX,Năng lượng,PVB,CTCP Bọc ống Dầu khí Việt Nam,21599998,https://finance.vietstock.vn/PVB-ctcp-boc-ong-dau-khi-viet-nam.htm,1039,3275
1084,2,HNX,Năng lượng,PVC,Tổng Công ty Hóa chất và Dịch vụ Dầu khí - CTCP,81194463,https://finance.vietstock.vn/PVC-tong-cong-ty-hoa-chat-va-dich-vu-dau-khi-ctcp.htm,1040,3275
814,1,HOSE,Năng lượng,PVD,Tổng Công ty cổ phần Khoan và Dịch vụ khoan Dầu khí ,556296006,https://finance.vietstock.vn/PVD-tong-cong-ty-co-phan-khoan-va-dich-vu-khoan-dau-khi.htm,1041,3275
1085,5,UPCoM,Dịch vụ chuyên biệt và thương mại,PVE,Tổng Công ty Tư vấn thiết kế Dầu khí - CTCP,25000000,https://finance.vietstock.vn/PVE-tong-cong-ty-tu-van-thiet-ke-dau-khi-ctcp.htm,1042,3275
1456,2,HNX,Dịch vụ tiện ích,PVG,CTCP Kinh doanh LPG Việt Nam,39998522,https://finance.vietstock.vn/PVG-ctcp-kinh-doanh-lpg-viet-nam.htm,1043,3275
2965,5,UPCoM,Tư liệu sản xuất,PVH,CTCP Xây lắp Dầu khí Thanh Hóa,21000000,https://finance.vietstock.vn/PVH-ctcp-xay-lap-dau-khi-thanh-hoa.htm,1044,3275
944,2,HNX,Bảo hiểm,PVI,CTCP PVI,234241867,https://finance.vietstock.vn/PVI-ctcp-pvi.htm,1045,3275
2162,5,UPCoM,Phát triển và quản lý bất động sản,PVL,CTCP Đầu tư Nhà Đất Việt,50000000,https://finance.vietstock.vn/PVL-ctcp-dau-tu-nha-dat-viet.htm,1046,3275
2996,5,UPCoM,Tư liệu sản xuất,PVM,CTCP Máy - Thiết bị Dầu khí,38638600,https://finance.vietstock.vn/PVM-ctcp-may-thiet-bi-dau-khi.htm,1047,3275
3072,5,UPCoM,Phân phối và bán lẻ hàng lâu bền,PVO,CTCP Dầu nhờn PV Oil,8900000,https://finance.vietstock.vn/PVO-ctcp-dau-nhon-pv-oil.htm,1048,3275
2985,1,HOSE,Vận tải,PVP,CTCP Vận tải Dầu khí Thái Bình Dương,103702452,https://finance.vietstock.vn/PVP-ctcp-van-tai-dau-khi-thai-binh-duong.htm,1049,3275
2612,5,UPCoM,Dịch vụ tài chính,PVR,CTCP Đầu tư PVR Hà Nội,53100913,https://finance.vietstock.vn/PVR-ctcp-dau-tu-pvr-ha-noi.htm,1050,3275
945,2,HNX,Năng lượng,PVS,Tổng Công ty cổ phần Dịch vụ Kỹ thuật Dầu khí Việt Nam,477966290,https://finance.vietstock.vn/PVS-tong-cong-ty-co-phan-dich-vu-ky-thuat-dau-khi-viet-nam.htm,1051,3275
1015,1,HOSE,Vận tải,PVT,Tổng Công ty cổ phần Vận tải Dầu khí,356012638,https://finance.vietstock.vn/PVT-tong-cong-ty-co-phan-van-tai-dau-khi.htm,1052,3275
2631,5,UPCoM,Phát triển và quản lý bất động sản,PVV,CTCP Vinaconex 39,30000000,https://finance.vietstock.vn/PVV-ctcp-vinaconex-39.htm,1053,3275
1807,5,UPCoM,Tư liệu sản xuất,PVX,Tổng Công ty cổ phần Xây lắp Dầu khí Việt Nam,400000000,https://finance.vietstock.vn/PVX-tong-cong-ty-co-phan-xay-lap-dau-khi-viet-nam.htm,1054,3275
3115,5,UPCoM,Tư liệu sản xuất,PVY,CTCP Chế tạo Giàn khoan Dầu khí,59489787,https://finance.vietstock.vn/PVY-ctcp-che-tao-gian-khoan-dau-khi.htm,1055,3275
2525,5,UPCoM,Phát triển và quản lý bất động sản,PWA,CTCP Bất động sản Dầu khí,10000000,https://finance.vietstock.vn/PWA-ctcp-bat-dong-san-dau-khi.htm,1056,3275
4137,5,UPCoM,Dịch vụ tiện ích,PWS,CTCP Cấp thoát nước Phú Yên,38363579,https://finance.vietstock.vn/PWS-ctcp-cap-thoat-nuoc-phu-yen.htm,1057,3275
2506,5,UPCoM,Nguyên vật liệu,PX1,CTCP Xi măng Sông Lam 2,20000000,https://finance.vietstock.vn/PX1-ctcp-xi-mang-song-lam-2.htm,1058,3275
2738,5,UPCoM,Phát triển và quản lý bất động sản,PXA,CTCP Đầu tư và Thương mại Dầu khí Nghệ An,15000000,https://finance.vietstock.vn/PXA-ctcp-dau-tu-va-thuong-mai-dau-khi-nghe-an.htm,1059,3275
2906,5,UPCoM,Tư liệu sản xuất,PXC,CTCP Phát triển Đô thị Dầu khí,28068900,https://finance.vietstock.vn/PXC-ctcp-phat-trien-do-thi-dau-khi.htm,1060,3275
2586,5,UPCoM,Phát triển và quản lý bất động sản,PXI,CTCP Xây dựng Công nghiệp và Dân dụng Dầu khí,30000000,https://finance.vietstock.vn/PXI-ctcp-xay-dung-cong-nghiep-va-dan-dung-dau-khi.htm,1061,3275
2520,5,UPCoM,Phát triển và quản lý bất động sản,PXL,CTCP Đầu tư Khu Công nghiệp Dầu khí Long Sơn,82722212,https://finance.vietstock.vn/PXL-ctcp-dau-tu-khu-cong-nghiep-dau-khi-long-son.htm,1062,3275
2599,5,UPCoM,Phân phối và bán lẻ hàng lâu bền,PXM,CTCP Xây lắp Dầu khí Miền Trung,15000000,https://finance.vietstock.vn/PXM-ctcp-xay-lap-dau-khi-mien-trung.htm,1063,3275
2592,5,UPCoM,Tư liệu sản xuất,PXS,CTCP Kết cấu Kim loại và Lắp máy Dầu khí,60000000,https://finance.vietstock.vn/PXS-ctcp-ket-cau-kim-loai-va-lap-may-dau-khi.htm,1064,3275
2554,5,UPCoM,Tư liệu sản xuất,PXT,CTCP Xây lắp Đường ống Bể chứa Dầu khí,20000000,https://finance.vietstock.vn/PXT-ctcp-xay-lap-duong-ong-be-chua-dau-khi.htm,1065,3275
3758,5,UPCoM,Phân phối và bán lẻ hàng lâu bền,QBS,CTCP Xuất nhập khẩu Quảng Bình,69329928,https://finance.vietstock.vn/QBS-ctcp-xuat-nhap-khau-quang-binh.htm,1066,3275
1902,5,UPCoM,Tư liệu sản xuất,QCC,CTCP Đầu tư Xây dựng và Phát triển Hạ tầng Viễn thông,1500000,https://finance.vietstock.vn/QCC-ctcp-dau-tu-xay-dung-va-phat-trien-ha-tang-vien-thong.htm,1067,3275
1358,1,HOSE,Phát triển và quản lý bất động sản,QCG,CTCP Quốc Cường Gia Lai,275129310,https://finance.vietstock.vn/QCG-ctcp-quoc-cuong-gia-lai.htm,1068,3275
1908,2,HNX,Tư liệu sản xuất,QHD,CTCP Que hàn điện Việt Đức,5524716,https://finance.vietstock.vn/QHD-ctcp-que-han-dien-viet-duc.htm,1069,3275
4419,5,UPCoM,"Thực phẩm, đồ uống và thuốc lá",QHW,CTCP Nước khoáng Quảng Ninh,8000000,https://finance.vietstock.vn/QHW-ctcp-nuoc-khoang-quang-ninh.htm,1070,3275
1086,5,UPCoM,Nguyên vật liệu,QNC,CTCP Xi măng và Xây dựng Quảng Ninh,60000000,https://finance.vietstock.vn/QNC-ctcp-xi-mang-va-xay-dung-quang-ninh.htm,1071,3275
3624,1,HOSE,Vận tải,QNP,CTCP Cảng Quy Nhơn,40409950,https://finance.vietstock.vn/QNP-ctcp-cang-quy-nhon.htm,1072,3275
2953,5,UPCoM,"Thực phẩm, đồ uống và thuốc lá",QNS,CTCP Đường Quảng Ngãi,367648153,https://finance.vietstock.vn/QNS-ctcp-duong-quang-ngai.htm,1073,3275
4787,5,UPCoM,Dịch vụ chuyên biệt và thương mại,QNT,CTCP Tư vấn Phát triển Quảng Nam,3222000,https://finance.vietstock.vn/QNT-ctcp-tu-van-phat-trien-quang-nam.htm,1074,3275
4464,5,UPCoM,Dịch vụ tiện ích,QNU,CTCP Môi trường Đô thị Quảng Nam,6800000,https://finance.vietstock.vn/QNU-ctcp-moi-truong-do-thi-quang-nam.htm,1075,3275
4424,5,UPCoM,Dịch vụ tiện ích,QNW,CTCP Cấp thoát nước và Xây dựng Quảng Ngãi,20000000,https://finance.vietstock.vn/QNW-ctcp-cap-thoat-nuoc-va-xay-dung-quang-ngai.htm,1076,3275
3105,5,UPCoM,Dịch vụ tiện ích,QPH,CTCP Thủy điện Quế Phong,18583100,https://finance.vietstock.vn/QPH-ctcp-thuy-dien-que-phong.htm,1077,3275
3265,5,UPCoM,Vận tải,QSP,CTCP Tân Cảng Quy Nhơn,10792275,https://finance.vietstock.vn/QSP-ctcp-tan-cang-quy-nhon.htm,1078,3275
1520,2,HNX,Truyền thông và giải trí,QST,CTCP Sách và Thiết bị Trường học Quảng Ninh,3240000,https://finance.vietstock.vn/QST-ctcp-sach-va-thiet-bi-truong-hoc-quang-ninh.htm,1079,3275
1457,2,HNX,Tư liệu sản xuất,QTC,CTCP Công trình Giao thông Vận tải Quảng Nam,2700000,https://finance.vietstock.vn/QTC-ctcp-cong-trinh-giao-thong-van-tai-quang-nam.htm,1080,3275
3594,5,UPCoM,Dịch vụ tiện ích,QTP,CTCP Nhiệt điện Quảng Ninh,450000000,https://finance.vietstock.vn/QTP-ctcp-nhiet-dien-quang-ninh.htm,1081,3275
815,1,HOSE,Hàng tiêu dùng và trang trí,RAL,CTCP Bóng đèn Phích nước Rạng Đông,23547419,https://finance.vietstock.vn/RAL-ctcp-bong-den-phich-nuoc-rang-dong.htm,1082,3275
3340,5,UPCoM,Vận tải,RAT,CTCP Vận tải và Thương mại Đường sắt,5921841,https://finance.vietstock.vn/RAT-ctcp-van-tai-va-thuong-mai-duong-sat.htm,1083,3275
2010,5,UPCoM,Xe và linh kiện,RBC,CTCP Công nghiệp và Xuất nhập khẩu Cao su,10030308,https://finance.vietstock.vn/RBC-ctcp-cong-nghiep-va-xuat-nhap-khau-cao-su.htm,1084,3275
1855,5,UPCoM,Vận tải,RCC,CTCP Tổng Công ty Công trình Đường sắt,32064749,https://finance.vietstock.vn/RCC-ctcp-tong-cong-ty-cong-trinh-duong-sat.htm,1085,3275
2315,5,UPCoM,Tư liệu sản xuất,RCD,CTCP  Xây dựng - Địa ốc Cao su,5300062,https://finance.vietstock.vn/RCD-ctcp-xay-dung-dia-oc-cao-su.htm,1086,3275
946,2,HNX,Phát triển và quản lý bất động sản,RCL,CTCP Địa ốc Chợ Lớn,13858714,https://finance.vietstock.vn/RCL-ctcp-dia-oc-cho-lon.htm,1087,3275
1812,1,HOSE,Nguyên vật liệu,RDP,CTCP Rạng Đông Holding,49069803,https://finance.vietstock.vn/RDP-ctcp-rang-dong-holding.htm,1088,3275
21,1,HOSE,Dịch vụ tiện ích,REE,CTCP Cơ Điện Lạnh,471013400,https://finance.vietstock.vn/REE-ctcp-co-dien-lanh.htm,1089,3275
913,5,UPCoM,Dịch vụ tiêu dùng,RIC,CTCP Quốc tế Hoàng Gia,28708169,https://finance.vietstock.vn/RIC-ctcp-quoc-te-hoang-gia.htm,1090,3275
4254,5,UPCoM,Nguyên vật liệu,RTB,CTCP Cao su Tân Biên,87945000,https://finance.vietstock.vn/RTB-ctcp-cao-su-tan-bien.htm,1091,3275
1095,5,UPCoM,Tư liệu sản xuất,S12,CTCP Sông Đà 12,5000000,https://finance.vietstock.vn/S12-ctcp-song-da-12.htm,1092,3275
2223,5,UPCoM,Hàng tiêu dùng và trang trí,S27,CTCP Sông Đà 27,1572833,https://finance.vietstock.vn/S27-ctcp-song-da-27.htm,1093,3275
4229,1,HOSE,Dịch vụ tiện ích,S4A,CTCP Thủy điện Sê San 4A,42200000,https://finance.vietstock.vn/S4A-ctcp-thuy-dien-se-san-4a.htm,1094,3275
947,2,HNX,Tư liệu sản xuất,S55,CTCP Sông Đà 505,10000000,https://finance.vietstock.vn/S55-ctcp-song-da-505.htm,1095,3275
1421,5,UPCoM,Dịch vụ tiện ích,S72,CTCP Sông Đà 7.02,12000000,https://finance.vietstock.vn/S72-ctcp-song-da-7-02.htm,1096,3275
1799,5,UPCoM,Nguyên vật liệu,S74,CTCP Sông Đà 7.04,6480000,https://finance.vietstock.vn/S74-ctcp-song-da-7-04.htm,1097,3275
719,5,UPCoM,Tư liệu sản xuất,S96,CTCP Sông Đà 9.06,11155532,https://finance.vietstock.vn/S96-ctcp-song-da-9-06.htm,1098,3275
1096,2,HNX,Tư liệu sản xuất,S99,CTCP SCI,99134331,https://finance.vietstock.vn/S99-ctcp-sci.htm,1099,3275
1310,1,HOSE,"Thực phẩm, đồ uống và thuốc lá",SAB,Tổng Công ty cổ phần Bia - Rượu - Nước giải khát Sài Gòn,1282562372,https://finance.vietstock.vn/SAB-tong-cong-ty-co-phan-bia-ruou-nuoc-giai-khat-sai-gon.htm,1100,3275
3073,5,UPCoM,Vận tải,SAC,CTCP Xếp dỡ và Dịch vụ Cảng Sài Gòn,4050000,https://finance.vietstock.vn/SAC-ctcp-xep-do-va-dich-vu-cang-sai-gon.htm,1101,3275
816,2,HNX,"Thực phẩm, đồ uống và thuốc lá",SAF,CTCP Lương thực Thực phẩm Safoco,12046590,https://finance.vietstock.vn/SAF-ctcp-luong-thuc-thuc-pham-safoco.htm,1102,3275
3876,5,UPCoM,Vận tải,SAL,CTCP Trục vớt Cứu hộ Việt Nam,8310000,https://finance.vietstock.vn/SAL-ctcp-truc-vot-cuu-ho-viet-nam.htm,1103,3275
23,1,HOSE,Hàng tiêu dùng và trang trí,SAM,CTCP SAM HOLDINGS,379960971,https://finance.vietstock.vn/SAM-ctcp-sam-holdings.htm,1104,3275
957,5,UPCoM,Dịch vụ chuyên biệt và thương mại,SAP,CTCP In Sách giáo khoa Thành phố Hồ Chí Minh,1286984,https://finance.vietstock.vn/SAP-ctcp-in-sach-giao-khoa-thanh-pho-ho-chi-minh.htm,1105,3275
3765,5,UPCoM,Phân phối và bán lẻ hàng lâu bền,SAS,CTCP Dịch vụ Hàng không Sân bay Tân Sơn Nhất,133481310,https://finance.vietstock.vn/SAS-ctcp-dich-vu-hang-khong-san-bay-tan-son-nhat.htm,1106,3275
35,1,HOSE,Hàng tiêu dùng và trang trí,SAV,CTCP Hợp tác Kinh tế và Xuất nhập khẩu Savimex,25189965,https://finance.vietstock.vn/SAV-ctcp-hop-tac-kinh-te-va-xuat-nhap-khau-savimex.htm,1107,3275
2801,5,UPCoM,"Thực phẩm, đồ uống và thuốc lá",SB1,CTCP Bia Sài Gòn - Nghệ Tĩnh,10500000,https://finance.vietstock.vn/SB1-ctcp-bia-sai-gon-nghe-tinh.htm,1108,3275
1922,1,HOSE,Dịch vụ tiện ích,SBA,CTCP Sông Ba,60488261,https://finance.vietstock.vn/SBA-ctcp-song-ba.htm,1109,3275
2841,5,UPCoM,"Thực phẩm, đồ uống và thuốc lá",SBB,CTCP Tập đoàn Bia Sài Gòn - Bình Tây,87524536,https://finance.vietstock.vn/SBB-ctcp-tap-doan-bia-sai-gon-binh-tay.htm,1110,3275
1630,5,UPCoM,Truyền thông và giải trí,SBD,CTCP Công nghệ Sao Bắc Đẩu,13514680,https://finance.vietstock.vn/SBD-ctcp-cong-nghe-sao-bac-dau.htm,1111,3275
4951,1,HOSE,Tư liệu sản xuất,SBG,CTCP Tập đoàn Cơ khí Công nghệ cao Siba,25000000,https://finance.vietstock.vn/SBG-ctcp-tap-doan-co-khi-cong-nghe-cao-siba.htm,1112,3275
4683,5,UPCoM,Dịch vụ tiện ích,SBH,CTCP Thủy điện Sông Ba Hạ,124225000,https://finance.vietstock.vn/SBH-ctcp-thuy-dien-song-ba-ha.htm,1113,3275
4443,5,UPCoM,"Thực phẩm, đồ uống và thuốc lá",SBL,CTCP Bia Sài Gòn - Bạc Liêu,12012000,https://finance.vietstock.vn/SBL-ctcp-bia-sai-gon-bac-lieu.htm,1114,3275
4553,5,UPCoM,Dịch vụ tiện ích,SBM,CTCP Đầu tư Phát triển Bắc Minh,45044953,https://finance.vietstock.vn/SBM-ctcp-dau-tu-phat-trien-bac-minh.htm,1115,3275
4755,5,UPCoM,Nguyên vật liệu,SBR,CTCP Cao su Sông Bé,81396192,https://finance.vietstock.vn/SBR-ctcp-cao-su-song-be.htm,1116,3275
1406,5,UPCoM,Dịch vụ tài chính,SBS,CTCP Chứng khoán SBS,146607600,https://finance.vietstock.vn/SBS-ctcp-chung-khoan-sbs.htm,1117,3275
1115,1,HOSE,"Thực phẩm, đồ uống và thuốc lá",SBT,CTCP Thành Thành Công - Biên Hòa,740500993,https://finance.vietstock.vn/SBT-ctcp-thanh-thanh-cong-bien-hoa.htm,1118,3275
4416,1,HOSE,Hàng tiêu dùng và trang trí,SBV,CTCP Siam Brothers Việt Nam,27366476,https://finance.vietstock.vn/SBV-ctcp-siam-brothers-viet-nam.htm,1119,3275
974,1,HOSE,Tư liệu sản xuất,SC5,CTCP Xây dựng Số 5,14984550,https://finance.vietstock.vn/SC5-ctcp-xay-dung-so-5.htm,1120,3275
958,5,UPCoM,Nguyên vật liệu,SCC,CTCP Thương mại Đầu tư SHB,4884900,https://finance.vietstock.vn/SCC-ctcp-thuong-mai-dau-tu-shb.htm,1121,3275
729,5,UPCoM,"Thực phẩm, đồ uống và thuốc lá",SCD,CTCP Nước giải khát Chương Dương,8500000,https://finance.vietstock.vn/SCD-ctcp-nuoc-giai-khat-chuong-duong.htm,1122,3275
4856,2,HNX,Tư liệu sản xuất,SCG,CTCP Tập đoàn Xây dựng SCG,85000000,https://finance.vietstock.vn/SCG-ctcp-tap-doan-xay-dung-scg.htm,1123,3275
3729,2,HNX,Tư liệu sản xuất,SCI,CTCP SCI E&C,25409847,https://finance.vietstock.vn/SCI-ctcp-sci-ec.htm,1124,3275
963,5,UPCoM,Nguyên vật liệu,SCJ,CTCP Xi măng Sài Sơn,57839000,https://finance.vietstock.vn/SCJ-ctcp-xi-mang-sai-son.htm,1125,3275
2207,5,UPCoM,Nguyên vật liệu,SCL,CTCP Sông Đà Cao Cường,18660895,https://finance.vietstock.vn/SCL-ctcp-song-da-cao-cuong.htm,1126,3275
2122,5,UPCoM,Phân phối và bán lẻ hàng lâu bền,SCO,CTCP Công nghiệp Thủy sản,4200000,https://finance.vietstock.vn/SCO-ctcp-cong-nghiep-thuy-san.htm,1127,3275
1356,1,HOSE,Phát triển và quản lý bất động sản,SCR,CTCP Địa ốc Sài Gòn Thương Tín,395661775,https://finance.vietstock.vn/SCR-ctcp-dia-oc-sai-gon-thuong-tin.htm,1128,3275
3311,1,HOSE,Vận tải,SCS,CTCP Dịch vụ Hàng hóa Sài Gòn,94886982,https://finance.vietstock.vn/SCS-ctcp-dich-vu-hang-hoa-sai-gon.htm,1129,3275
4578,5,UPCoM,Tư liệu sản xuất,SCY,CTCP Đóng tàu Sông Cấm,61968926,https://finance.vietstock.vn/SCY-ctcp-dong-tau-song-cam.htm,1130,3275
2423,5,UPCoM,Tư liệu sản xuất,SD1,CTCP Sông Đà 1,5000000,https://finance.vietstock.vn/SD1-ctcp-song-da-1.htm,1131,3275
1097,5,UPCoM,Tư liệu sản xuất,SD2,CTCP Sông Đà 2,14423536,https://finance.vietstock.vn/SD2-ctcp-song-da-2.htm,1132,3275
962,5,UPCoM,Dịch vụ tiện ích,SD3,CTCP Sông Đà 3,15999356,https://finance.vietstock.vn/SD3-ctcp-song-da-3.htm,1133,3275
1169,5,UPCoM,Tư liệu sản xuất,SD4,CTCP Sông Đà 4,10300000,https://finance.vietstock.vn/SD4-ctcp-song-da-4.htm,1134,3275
961,2,HNX,Tư liệu sản xuất,SD5,CTCP Sông Đà 5,25999848,https://finance.vietstock.vn/SD5-ctcp-song-da-5.htm,1135,3275
964,5,UPCoM,Tư liệu sản xuất,SD6,CTCP Sông Đà 6,34771611,https://finance.vietstock.vn/SD6-ctcp-song-da-6.htm,1136,3275
965,5,UPCoM,Tư liệu sản xuất,SD7,CTCP Sông Đà 7,10600000,https://finance.vietstock.vn/SD7-ctcp-song-da-7.htm,1137,3275
1442,5,UPCoM,Tư liệu sản xuất,SD8,CTCP Sông Đà 8,2800000,https://finance.vietstock.vn/SD8-ctcp-song-da-8.htm,1138,3275
1098,2,HNX,Tư liệu sản xuất,SD9,CTCP Sông Đà 9,34234000,https://finance.vietstock.vn/SD9-ctcp-song-da-9.htm,1139,3275
966,2,HNX,Dịch vụ chuyên biệt và thương mại,SDA,CTCP Simco Sông Đà,26206158,https://finance.vietstock.vn/SDA-ctcp-simco-song-da.htm,1140,3275
1418,5,UPCoM,Tư liệu sản xuất,SDB,CTCP Sông Đà 207,11000000,https://finance.vietstock.vn/SDB-ctcp-song-da-207.htm,1141,3275
967,2,HNX,Dịch vụ chuyên biệt và thương mại,SDC,CTCP Tư vấn Sông Đà,2609710,https://finance.vietstock.vn/SDC-ctcp-tu-van-song-da.htm,1142,3275
1099,5,UPCoM,Tư liệu sản xuất,SDD,CTCP Đầu tư và Xây lắp Sông Đà,16007685,https://finance.vietstock.vn/SDD-ctcp-dau-tu-va-xay-lap-song-da.htm,1143,3275
1889,2,HNX,Nguyên vật liệu,SDG,CTCP Sadico Cần Thơ,10139997,https://finance.vietstock.vn/SDG-ctcp-sadico-can-tho.htm,1144,3275
1100,5,UPCoM,Tư liệu sản xuất,SDJ,CTCP Sông Đà 25,4343700,https://finance.vietstock.vn/SDJ-ctcp-song-da-25.htm,1145,3275
2649,5,UPCoM,Tư liệu sản xuất,SDK,CTCP Cơ khí Luyện kim,2600000,https://finance.vietstock.vn/SDK-ctcp-co-khi-luyen-kim.htm,1146,3275
817,2,HNX,Nguyên vật liệu,SDN,CTCP Sơn Đồng Nai,3036436,https://finance.vietstock.vn/SDN-ctcp-son-dong-nai.htm,1147,3275
1542,5,UPCoM,Phân phối và bán lẻ hàng lâu bền,SDP,CTCP SDP,11114472,https://finance.vietstock.vn/SDP-ctcp-sdp.htm,1148,3275
968,5,UPCoM,Tư liệu sản xuất,SDT,CTCP Sông Đà 10,42732311,https://finance.vietstock.vn/SDT-ctcp-song-da-10.htm,1149,3275
1827,2,HNX,Phát triển và quản lý bất động sản,SDU,CTCP Đầu tư Xây dựng và Phát triển Đô thị Sông Đà,20000000,https://finance.vietstock.vn/SDU-ctcp-dau-tu-xay-dung-va-phat-trien-do-thi-song-da.htm,1150,3275
2394,5,UPCoM,Dịch vụ chuyên biệt và thương mại,SDV,CTCP Dịch vụ Sonadezi,5000000,https://finance.vietstock.vn/SDV-ctcp-dich-vu-sonadezi.htm,1151,3275
4132,5,UPCoM,Tư liệu sản xuất,SDX,CTCP Phòng cháy Chữa cháy và Đầu tư Xây dựng Sông Đà,2250000,https://finance.vietstock.vn/SDX-ctcp-phong-chay-chua-chay-va-dau-tu-xay-dung-song-da.htm,1152,3275
969,5,UPCoM,Nguyên vật liệu,SDY,CTCP Xi măng Sông Đà Yaly,4500000,https://finance.vietstock.vn/SDY-ctcp-xi-mang-song-da-yaly.htm,1153,3275
3846,5,UPCoM,"Thực phẩm, đồ uống và thuốc lá",SEA,Tổng Công ty Thủy sản Việt Nam - CTCP,125000000,https://finance.vietstock.vn/SEA-tong-cong-ty-thuy-san-viet-nam-ctcp.htm,1154,3275
1460,2,HNX,Dịch vụ tiện ích,SEB,CTCP Đầu tư và Phát triển Điện Miền Trung,31999969,https://finance.vietstock.vn/SEB-ctcp-dau-tu-va-phat-trien-dien-mien-trung.htm,1155,3275
1810,2,HNX,Truyền thông và giải trí,SED,CTCP Đầu tư và Phát triển Giáo dục Phương Nam,10000000,https://finance.vietstock.vn/SED-ctcp-dau-tu-va-phat-trien-giao-duc-phuong-nam.htm,1156,3275
4446,5,UPCoM,"Thực phẩm, đồ uống và thuốc lá",SEP,CTCP Tổng Công ty Thương mại Quảng Trị,8400000,https://finance.vietstock.vn/SEP-ctcp-tong-cong-ty-thuong-mai-quang-tri.htm,1157,3275
592,1,HOSE,Phân phối và bán lẻ hàng lâu bền,SFC,CTCP Nhiên liệu Sài Gòn,11291459,https://finance.vietstock.vn/SFC-ctcp-nhien-lieu-sai-gon.htm,1158,3275
3207,1,HOSE,Nguyên vật liệu,SFG,CTCP Phân Bón Miền Nam,47897333,https://finance.vietstock.vn/SFG-ctcp-phan-bon-mien-nam.htm,1159,3275
818,1,HOSE,Vận tải,SFI,CTCP Đại lý Vận tải SAFI,24887046,https://finance.vietstock.vn/SFI-ctcp-dai-ly-van-tai-safi.htm,1160,3275
819,2,HNX,Nguyên vật liệu,SFN,CTCP Dệt lưới Sài Gòn,3000000,https://finance.vietstock.vn/SFN-ctcp-det-luoi-sai-gon.htm,1161,3275
1174,5,UPCoM,Tổ chức tín dụng,SGB,Ngân hàng TMCP Sài Gòn Công Thương,338799141,https://finance.vietstock.vn/SGB-ngan-hang-tmcp-sai-gon-cong-thuong.htm,1162,3275
736,2,HNX,"Thực phẩm, đồ uống và thuốc lá",SGC,CTCP Xuất nhập khẩu Sa Giang,7147580,https://finance.vietstock.vn/SGC-ctcp-xuat-nhap-khau-sa-giang.htm,1163,3275
970,2,HNX,Truyền thông và giải trí,SGD,CTCP Sách Giáo dục tại Thành phố Hồ Chí Minh,4137000,https://finance.vietstock.vn/SGD-ctcp-sach-giao-duc-tai-thanh-pho-ho-chi-minh.htm,1164,3275
26,2,HNX,Dịch vụ tiêu dùng,SGH,CTCP Khách sạn Sài Gòn,12364100,https://finance.vietstock.vn/SGH-ctcp-khach-san-sai-gon.htm,1165,3275
4877,5,UPCoM,Hàng tiêu dùng và trang trí,SGI,CTCP Đầu tư Phát triển Sài Gòn 3 Group,75464700,https://finance.vietstock.vn/SGI-ctcp-dau-tu-phat-trien-sai-gon-3-group.htm,1166,3275
3847,1,HOSE,Vận tải,SGN,CTCP Phục vụ Mặt đất Sài Gòn,33581691,https://finance.vietstock.vn/SGN-ctcp-phuc-vu-mat-dat-sai-gon.htm,1167,3275
4093,5,UPCoM,Vận tải,SGP,CTCP Cảng Sài Gòn,216294961,https://finance.vietstock.vn/SGP-ctcp-cang-sai-gon.htm,1168,3275
2015,1,HOSE,Phát triển và quản lý bất động sản,SGR,CTCP Tổng CTCP Địa ốc Sài Gòn,60000000,https://finance.vietstock.vn/SGR-ctcp-tong-ctcp-dia-oc-sai-gon.htm,1169,3275
1263,5,UPCoM,Vận tải,SGS,CTCP Vận tải biển Sài Gòn,14420000,https://finance.vietstock.vn/SGS-ctcp-van-tai-bien-sai-gon.htm,1170,3275
1037,1,HOSE,Dịch vụ viễn thông,SGT,CTCP Công nghệ Viễn Thông Sài Gòn,148003518,https://finance.vietstock.vn/SGT-ctcp-cong-nghe-vien-thong-sai-gon.htm,1171,3275
3269,1,HOSE,Hàng tiêu dùng và trang trí,SHA,CTCP Sơn Hà Sài Gòn,33446675,https://finance.vietstock.vn/SHA-ctcp-son-ha-sai-gon.htm,1172,3275
1208,1,HOSE,Tổ chức tín dụng,SHB,Ngân hàng TMCP Sài Gòn - Hà Nội,3662908542,https://finance.vietstock.vn/SHB-ngan-hang-tmcp-sai-gon-ha-noi.htm,1173,3275
773,5,UPCoM,Vận tải,SHC,CTCP Hàng hải Sài Gòn,4309550,https://finance.vietstock.vn/SHC-ctcp-hang-hai-sai-gon.htm,1174,3275
4725,2,HNX,Tư liệu sản xuất,SHE,CTCP Phát triển Năng lượng Sơn Hà,11502516,https://finance.vietstock.vn/SHE-ctcp-phat-trien-nang-luong-son-ha.htm,1175,3275
3102,5,UPCoM,Tư liệu sản xuất,SHG,Tổng Công ty cổ phần Sông Hồng,27000000,https://finance.vietstock.vn/SHG-tong-cong-ty-co-phan-song-hong.htm,1176,3275
2013,1,HOSE,Nguyên vật liệu,SHI,CTCP Quốc tế Sơn Hà,162176449,https://finance.vietstock.vn/SHI-ctcp-quoc-te-son-ha.htm,1177,3275
2011,2,HNX,Phân phối và bán lẻ hàng lâu bền,SHN,CTCP Đầu tư Tổng hợp Hà Nội,129607147,https://finance.vietstock.vn/SHN-ctcp-dau-tu-tong-hop-ha-noi.htm,1178,3275
1764,1,HOSE,Dịch vụ tiện ích,SHP,CTCP Thủy điện Miền Nam,101206352,https://finance.vietstock.vn/SHP-ctcp-thuy-dien-mien-nam.htm,1179,3275
1181,2,HNX,Dịch vụ tài chính,SHS,CTCP Chứng khoán Sài Gòn - Hà Nội,813156748,https://finance.vietstock.vn/SHS-ctcp-chung-khoan-sai-gon-ha-noi.htm,1180,3275
2441,5,UPCoM,Phát triển và quản lý bất động sản,SID,CTCP Đầu tư Phát triển Sài Gòn Co.op,100000000,https://finance.vietstock.vn/SID-ctcp-dau-tu-phat-trien-sai-gon-co-op.htm,1181,3275
3177,5,UPCoM,Dịch vụ chuyên biệt và thương mại,SIG,CTCP Đầu tư và Thương mại Sông Đà,10000000,https://finance.vietstock.vn/SIG-ctcp-dau-tu-va-thuong-mai-song-da.htm,1182,3275
3068,5,UPCoM,Dịch vụ tiện ích,SII,CTCP Hạ tầng Nước Sài Gòn,64522104,https://finance.vietstock.vn/SII-ctcp-ha-tang-nuoc-sai-gon.htm,1183,3275
4734,1,HOSE,Phát triển và quản lý bất động sản,SIP,CTCP Đầu tư Sài Gòn VRG,210533403,https://finance.vietstock.vn/SIP-ctcp-dau-tu-sai-gon-vrg.htm,1184,3275
4501,5,UPCoM,Nguyên vật liệu,SIV,CTCP SIVICO,3012374,https://finance.vietstock.vn/SIV-ctcp-sivico.htm,1185,3275
820,2,HNX,"Thực phẩm, đồ uống và thuốc lá",SJ1,CTCP Nông nghiệp Hùng Hậu,23485154,https://finance.vietstock.vn/SJ1-ctcp-nong-nghiep-hung-hau.htm,1186,3275
1101,5,UPCoM,Phát triển và quản lý bất động sản,SJC,CTCP Sông Đà 1.01,7226082,https://finance.vietstock.vn/SJC-ctcp-song-da-1-01.htm,1187,3275
821,1,HOSE,Dịch vụ tiện ích,SJD,CTCP Thủy điện Cần Đơn,68998620,https://finance.vietstock.vn/SJD-ctcp-thuy-dien-can-don.htm,1188,3275
973,2,HNX,Tư liệu sản xuất,SJE,CTCP Sông Đà 11,24168711,https://finance.vietstock.vn/SJE-ctcp-song-da-11.htm,1189,3275
4407,1,HOSE,Nguyên vật liệu,SJF,CTCP Đầu tư Sao Thái Dương,79200000,https://finance.vietstock.vn/SJF-ctcp-dau-tu-sao-thai-duong.htm,1190,3275
4605,5,UPCoM,Tư liệu sản xuất,SJG,Tổng Công ty Sông Đà - CTCP,449537112,https://finance.vietstock.vn/SJG-tong-cong-ty-song-da-ctcp.htm,1191,3275
1069,5,UPCoM,Tư liệu sản xuất,SJM,CTCP Sông Đà 19,5000000,https://finance.vietstock.vn/SJM-ctcp-song-da-19.htm,1192,3275
693,1,HOSE,Phát triển và quản lý bất động sản,SJS,CTCP SJ Group,114855540,https://finance.vietstock.vn/SJS-ctcp-sj-group.htm,1193,3275
3593,1,HOSE,Vận tải,SKG,CTCP Tàu cao tốc Superdong - Kiên Giang,66497697,https://finance.vietstock.vn/SKG-ctcp-tau-cao-toc-superdong-kien-giang.htm,1194,3275
4538,5,UPCoM,"Thực phẩm, đồ uống và thuốc lá",SKH,CTCP Nước giải khát Sanest Khánh Hòa,16126740,https://finance.vietstock.vn/SKH-ctcp-nuoc-giai-khat-sanest-khanh-hoa.htm,1195,3275
4706,5,UPCoM,"Thực phẩm, đồ uống và thuốc lá",SKN,CTCP Nước giải khát Sanna Khánh Hòa,5000000,https://finance.vietstock.vn/SKN-ctcp-nuoc-giai-khat-sanna-khanh-hoa.htm,1196,3275
4329,5,UPCoM,"Thực phẩm, đồ uống và thuốc lá",SKV,CTCP Nước giải khát Yến sào Khánh Hòa,23000000,https://finance.vietstock.vn/SKV-ctcp-nuoc-giai-khat-yen-sao-khanh-hoa.htm,1197,3275
2746,2,HNX,"Thực phẩm, đồ uống và thuốc lá",SLS,CTCP Mía Đường Sơn La,9791945,https://finance.vietstock.vn/SLS-ctcp-mia-duong-son-la.htm,1198,3275
2624,1,HOSE,Phân phối và bán lẻ hàng lâu bền,SMA,CTCP Thiết bị Phụ tùng Sài Gòn,20352836,https://finance.vietstock.vn/SMA-ctcp-thiet-bi-phu-tung-sai-gon.htm,1199,3275
2665,1,HOSE,"Thực phẩm, đồ uống và thuốc lá",SMB,CTCP Bia Sài Gòn - Miền Trung,29846648,https://finance.vietstock.vn/SMB-ctcp-bia-sai-gon-mien-trung.htm,1200,3275
823,1,HOSE,Phân phối và bán lẻ hàng lâu bền,SMC,CTCP Đầu tư Thương mại SMC,73678587,https://finance.vietstock.vn/SMC-ctcp-dau-tu-thuong-mai-smc.htm,1201,3275
3176,2,HNX,Truyền thông và giải trí,SMN,CTCP Sách và Thiết bị Giáo dục Miền Nam,4405000,https://finance.vietstock.vn/SMN-ctcp-sach-va-thiet-bi-giao-duc-mien-nam.htm,1202,3275
1759,2,HNX,Công nghệ phần cứng và thiết bị,SMT,CTCP Sametel,5467432,https://finance.vietstock.vn/SMT-ctcp-sametel.htm,1203,3275
2447,5,UPCoM,"Thực phẩm, đồ uống và thuốc lá",SNC,CTCP Xuất nhập khẩu Thủy sản Năm Căn,5000000,https://finance.vietstock.vn/SNC-ctcp-xuat-nhap-khau-thuy-san-nam-can.htm,1204,3275
4212,5,UPCoM,Phát triển và quản lý bất động sản,SNZ,Tổng Công ty cổ phần Phát triển Khu Công nghiệp,376500000,https://finance.vietstock.vn/SNZ-tong-cong-ty-co-phan-phat-trien-khu-cong-nghiep.htm,1205,3275
4384,5,UPCoM,Dịch vụ tiện ích,SP2,CTCP Thủy điện Sử Pán 2,20746000,https://finance.vietstock.vn/SP2-ctcp-thuy-dien-su-pan-2.htm,1206,3275
4360,5,UPCoM,Hàng tiêu dùng và trang trí,SPB,CTCP Sợi Phú Bài,13300087,https://finance.vietstock.vn/SPB-ctcp-soi-phu-bai.htm,1207,3275
2173,2,HNX,Nguyên vật liệu,SPC,CTCP Bảo vệ Thực vật Sài Gòn,10530000,https://finance.vietstock.vn/SPC-ctcp-bao-ve-thuc-vat-sai-gon.htm,1208,3275
2000,5,UPCoM,"Thực phẩm, đồ uống và thuốc lá",SPD,CTCP Xuất nhập khẩu Thủy sản Miền Trung,12000000,https://finance.vietstock.vn/SPD-ctcp-xuat-nhap-khau-thuy-san-mien-trung.htm,1209,3275
2232,5,UPCoM,"Thực phẩm, đồ uống và thuốc lá",SPH,CTCP Xuất nhập khẩu Thủy sản Hà Nội,10000000,https://finance.vietstock.vn/SPH-ctcp-xuat-nhap-khau-thuy-san-ha-noi.htm,1210,3275
3312,2,HNX,Nguyên vật liệu,SPI,CTCP Spiral Galaxy,16815000,https://finance.vietstock.vn/SPI-ctcp-spiral-galaxy.htm,1211,3275
1295,1,HOSE,"Dược phẩm, Công nghệ sinh học và Khoa học thường thức",SPM,CTCP SPM,14000000,https://finance.vietstock.vn/SPM-ctcp-spm.htm,1212,3275
2211,5,UPCoM,"Thực phẩm, đồ uống và thuốc lá",SPV,CTCP Thủy Đặc sản,10800000,https://finance.vietstock.vn/SPV-ctcp-thuy-dac-san.htm,1213,3275
1871,5,UPCoM,Nguyên vật liệu,SQC,CTCP Khoáng sản Sài Gòn - Quy Nhơn,110000000,https://finance.vietstock.vn/SQC-ctcp-khoang-san-sai-gon-quy-nhon.htm,1214,3275
1102,2,HNX,Phân phối và bán lẻ hàng lâu bền,SRA,CTCP Sara Việt Nam,43199974,https://finance.vietstock.vn/SRA-ctcp-sara-viet-nam.htm,1215,3275
1136,5,UPCoM,Dịch vụ tiêu dùng,SRB,CTCP Tập đoàn Sara,8500000,https://finance.vietstock.vn/SRB-ctcp-tap-doan-sara.htm,1216,3275
1832,1,HOSE,Xe và linh kiện,SRC,CTCP Cao su Sao Vàng,28065765,https://finance.vietstock.vn/SRC-ctcp-cao-su-sao-vang.htm,1217,3275
1847,1,HOSE,Tư liệu sản xuất,SRF,CTCP SEAREFICO,35566780,https://finance.vietstock.vn/SRF-ctcp-searefico.htm,1218,3275
4186,5,UPCoM,Vận tải,SRT,CTCP Vận tải Đường sắt Sài Gòn,50310000,https://finance.vietstock.vn/SRT-ctcp-van-tai-duong-sat-sai-gon.htm,1219,3275
1193,1,HOSE,Tổ chức tín dụng,SSB,Ngân hàng TMCP Đông Nam Á,2835000000,https://finance.vietstock.vn/SSB-ngan-hang-tmcp-dong-nam-a.htm,1220,3275
594,1,HOSE,"Thực phẩm, đồ uống và thuốc lá",SSC,CTCP Giống cây trồng Miền Nam,14992367,https://finance.vietstock.vn/SSC-ctcp-giong-cay-trong-mien-nam.htm,1221,3275
2313,5,UPCoM,Hàng tiêu dùng và trang trí,SSF,CTCP Giáo dục G Sài Gòn,3200000,https://finance.vietstock.vn/SSF-ctcp-giao-duc-g-sai-gon.htm,1222,3275
2639,5,UPCoM,Vận tải,SSG,CTCP Vận tải biển Hải Âu,5000000,https://finance.vietstock.vn/SSG-ctcp-van-tai-bien-hai-au.htm,1223,3275
4873,5,UPCoM,Phát triển và quản lý bất động sản,SSH,CTCP Phát triển Sunshine Homes,375000000,https://finance.vietstock.vn/SSH-ctcp-phat-trien-sunshine-homes.htm,1224,3275
993,1,HOSE,Dịch vụ tài chính,SSI,CTCP Chứng khoán SSI,1511130137,https://finance.vietstock.vn/SSI-ctcp-chung-khoan-ssi.htm,1225,3275
1396,2,HNX,Nguyên vật liệu,SSM,CTCP Chế tạo kết cấu Thép Vneco.SSM,5501024,https://finance.vietstock.vn/SSM-ctcp-che-tao-ket-cau-thep-vneco-ssm.htm,1226,3275
2078,5,UPCoM,"Thực phẩm, đồ uống và thuốc lá",SSN,CTCP Xuất nhập khẩu Thủy sản Sài Gòn,39600000,https://finance.vietstock.vn/SSN-ctcp-xuat-nhap-khau-thuy-san-sai-gon.htm,1227,3275
1021,1,HOSE,Phân phối và bán lẻ hàng lâu bền,ST8,CTCP Tập đoàn ST8,25720902,https://finance.vietstock.vn/ST8-ctcp-tap-doan-st8.htm,1228,3275
59,1,HOSE,Tổ chức tín dụng,STB,Ngân hàng TMCP Sài Gòn Thương Tín,1885215716,https://finance.vietstock.vn/STB-ngan-hang-tmcp-sai-gon-thuong-tin.htm,1229,3275
977,2,HNX,Truyền thông và giải trí,STC,CTCP Sách và Thiết bị Trường học Thành phố Hồ Chí Minh,5665530,https://finance.vietstock.vn/STC-ctcp-sach-va-thiet-bi-truong-hoc-thanh-pho-ho-chi-minh.htm,1230,3275
1510,1,HOSE,Vận tải,STG,CTCP Kho vận Miền Nam,98253357,https://finance.vietstock.vn/STG-ctcp-kho-van-mien-nam.htm,1231,3275
4796,5,UPCoM,Phân phối và bán lẻ hàng lâu bền,STH,CTCP Phát hành Sách Thái Nguyên,19500000,https://finance.vietstock.vn/STH-ctcp-phat-hanh-sach-thai-nguyen.htm,1232,3275
2758,1,HOSE,Hàng tiêu dùng và trang trí,STK,CTCP Sợi Thế Kỷ,96636924,https://finance.vietstock.vn/STK-ctcp-soi-the-ky.htm,1233,3275
1333,5,UPCoM,Phát triển và quản lý bất động sản,STL,CTCP Sông Đà Thăng Long,15000000,https://finance.vietstock.vn/STL-ctcp-song-da-thang-long.htm,1234,3275
978,2,HNX,Nguyên vật liệu,STP,CTCP Công nghiệp Thương mại Sông Đà,8045744,https://finance.vietstock.vn/STP-ctcp-cong-nghiep-thuong-mai-song-da.htm,1235,3275
1669,5,UPCoM,Vận tải,STS,CTCP Dịch vụ Vận tải Sài Gòn,2768221,https://finance.vietstock.vn/STS-ctcp-dich-vu-van-tai-sai-gon.htm,1236,3275
1274,5,UPCoM,Vận tải,STT,CTCP Vận chuyển Sài Gòn Tourist,8000000,https://finance.vietstock.vn/STT-ctcp-van-chuyen-sai-gon-tourist.htm,1237,3275
4695,5,UPCoM,Dịch vụ tiện ích,STW,CTCP Cấp nước Sóc Trăng,15863133,https://finance.vietstock.vn/STW-ctcp-cap-nuoc-soc-trang.htm,1238,3275
979,1,HOSE,Phân phối và bán lẻ hàng lâu bền,SVC,CTCP Dịch vụ Tổng hợp Sài Gòn,66630564,https://finance.vietstock.vn/SVC-ctcp-dich-vu-tong-hop-sai-gon.htm,1239,3275
4848,1,HOSE,Hàng tiêu dùng và trang trí,SVD,CTCP Đầu tư & Thương mại Vũ Đăng,27605908,https://finance.vietstock.vn/SVD-ctcp-dau-tu-thuong-mai-vu-dang.htm,1240,3275
3865,5,UPCoM,Hàng tiêu dùng và trang trí,SVG,CTCP Hơi Kỹ nghệ Que hàn,29350000,https://finance.vietstock.vn/SVG-ctcp-hoi-ky-nghe-que-han.htm,1241,3275
4621,5,UPCoM,Dịch vụ tiện ích,SVH,CTCP Thủy điện Sông Vàng,14820662,https://finance.vietstock.vn/SVH-ctcp-thuy-dien-song-vang.htm,1242,3275
1429,1,HOSE,Nguyên vật liệu,SVI,CTCP Bao bì Biên Hòa,12832437,https://finance.vietstock.vn/SVI-ctcp-bao-bi-bien-hoa.htm,1243,3275
3007,2,HNX,"Thực phẩm, đồ uống và thuốc lá",SVN,CTCP Tập đoàn Vexilla Việt Nam,21000000,https://finance.vietstock.vn/SVN-ctcp-tap-doan-vexilla-viet-nam.htm,1244,3275
2749,1,HOSE,Xe và linh kiện,SVT,CTCP Công nghệ Sài Gòn Viễn Đông,17310978,https://finance.vietstock.vn/SVT-ctcp-cong-nghe-sai-gon-vien-dong.htm,1245,3275
2166,5,UPCoM,Vận tải,SWC,Tổng Công ty cổ phần Đường sông Miền Nam,67100000,https://finance.vietstock.vn/SWC-tong-cong-ty-co-phan-duong-song-mien-nam.htm,1246,3275
3120,2,HNX,Phát triển và quản lý bất động sản,SZB,CTCP Sonadezi Long Bình,30000000,https://finance.vietstock.vn/SZB-ctcp-sonadezi-long-binh.htm,1247,3275
2183,1,HOSE,Phát triển và quản lý bất động sản,SZC,CTCP Sonadezi Châu Đức,179985863,https://finance.vietstock.vn/SZC-ctcp-sonadezi-chau-duc.htm,1248,3275
4122,5,UPCoM,Dịch vụ tiện ích,SZE,CTCP Môi trường Sonadezi,30000000,https://finance.vietstock.vn/SZE-ctcp-moi-truong-sonadezi.htm,1249,3275
4887,5,UPCoM,Phát triển và quản lý bất động sản,SZG,CTCP Sonadezi Giang Điền,54898000,https://finance.vietstock.vn/SZG-ctcp-sonadezi-giang-dien.htm,1250,3275
1292,1,HOSE,Phát triển và quản lý bất động sản,SZL,CTCP Sonadezi Long Thành,29114840,https://finance.vietstock.vn/SZL-ctcp-sonadezi-long-thanh.htm,1251,3275
4604,5,UPCoM,Tư liệu sản xuất,TA6,CTCP Đầu tư và Xây lắp Thành An 665,3000000,https://finance.vietstock.vn/TA6-ctcp-dau-tu-va-xay-lap-thanh-an-665.htm,1252,3275
2919,2,HNX,Tư liệu sản xuất,TA9,CTCP Xây lắp Thành An 96,12419787,https://finance.vietstock.vn/TA9-ctcp-xay-lap-thanh-an-96.htm,1253,3275
5699,5,UPCoM,Nguyên vật liệu,TAB,CTCP Freco Việt Nam,6500000,https://finance.vietstock.vn/TAB-ctcp-freco-viet-nam.htm,1254,3275
4960,5,UPCoM,Phát triển và quản lý bất động sản,TAL,CTCP Đầu tư Bất động sản Taseco,297000000,https://finance.vietstock.vn/TAL-ctcp-dau-tu-bat-dong-san-taseco.htm,1255,3275
4737,5,UPCoM,"Thực phẩm, đồ uống và thuốc lá",TAN,CTCP Cà phê Thuận An,1613690,https://finance.vietstock.vn/TAN-ctcp-ca-phe-thuan-an.htm,1256,3275
4724,5,UPCoM,"Thực phẩm, đồ uống và thuốc lá",TAR,CTCP Nông nghiệp Công nghệ cao Trung An,78319777,https://finance.vietstock.vn/TAR-ctcp-nong-nghiep-cong-nghe-cao-trung-an.htm,1257,3275
3842,5,UPCoM,Dịch vụ tiện ích,TAW,CTCP Cấp nước Trung An,5000000,https://finance.vietstock.vn/TAW-ctcp-cap-nuoc-trung-an.htm,1258,3275
4430,5,UPCoM,Tư liệu sản xuất,TB8,CTCP Sản xuất và Kinh doanh Vật tư Thiết bị - VVMI,1250000,https://finance.vietstock.vn/TB8-ctcp-san-xuat-va-kinh-doanh-vat-tu-thiet-bi-vvmi.htm,1259,3275
1004,1,HOSE,Dịch vụ tiện ích,TBC,CTCP Thủy điện Thác Bà,63500000,https://finance.vietstock.vn/TBC-ctcp-thuy-dien-thac-ba.htm,1260,3275
1627,5,UPCoM,Hàng tiêu dùng và trang trí,TBD,Tổng Công ty Thiết bị Điện Đông Anh - CTCP,32486392,https://finance.vietstock.vn/TBD-tong-cong-ty-thiet-bi-dien-dong-anh-ctcp.htm,1261,3275
2198,5,UPCoM,Phát triển và quản lý bất động sản,TBH,CTCP Tổng Bách Hóa,93117800,https://finance.vietstock.vn/TBH-ctcp-tong-bach-hoa.htm,1262,3275
1248,5,UPCoM,Phát triển và quản lý bất động sản,TBR,CTCP Địa ốc Tân Bình,8060000,https://finance.vietstock.vn/TBR-ctcp-dia-oc-tan-binh.htm,1263,3275
2238,5,UPCoM,Tư liệu sản xuất,TBT,CTCP Xây dựng Công trình Giao thông Bến Tre,1656470,https://finance.vietstock.vn/TBT-ctcp-xay-dung-cong-trinh-giao-thong-ben-tre.htm,1264,3275
5599,5,UPCoM,Dịch vụ tiện ích,TBW,CTCP Nước sạch Thái Bình,9850000,https://finance.vietstock.vn/TBW-ctcp-nuoc-sach-thai-binh.htm,1265,3275
1439,2,HNX,Nguyên vật liệu,TBX,CTCP Xi măng Thái Bình,1510280,https://finance.vietstock.vn/TBX-ctcp-xi-mang-thai-binh.htm,1266,3275
1176,1,HOSE,Tổ chức tín dụng,TCB,Ngân hàng TMCP Kỹ thương Việt Nam,7045021622,https://finance.vietstock.vn/TCB-ngan-hang-tmcp-ky-thuong-viet-nam.htm,1267,3275
3613,1,HOSE,Tư liệu sản xuất,TCD,CTCP Tập đoàn Xây dựng TRACODI,335820641,https://finance.vietstock.vn/TCD-ctcp-tap-doan-xay-dung-tracodi.htm,1268,3275
4383,1,HOSE,Phát triển và quản lý bất động sản,TCH,CTCP Đầu tư Dịch vụ Tài chính Hoàng Huy,668215843,https://finance.vietstock.vn/TCH-ctcp-dau-tu-dich-vu-tai-chinh-hoang-huy.htm,1269,3275
1369,1,HOSE,Dịch vụ tài chính,TCI,CTCP Chứng khoán Thành Công,115620964,https://finance.vietstock.vn/TCI-ctcp-chung-khoan-thanh-cong.htm,1270,3275
2127,5,UPCoM,"Thực phẩm, đồ uống và thuốc lá",TCJ,CTCP Tô Châu,10000000,https://finance.vietstock.vn/TCJ-ctcp-to-chau.htm,1271,3275
4337,5,UPCoM,Tư liệu sản xuất,TCK,Tổng Công ty Cơ khí Xây dựng - CTCP,23850000,https://finance.vietstock.vn/TCK-tong-cong-ty-co-khi-xay-dung-ctcp.htm,1272,3275
1239,1,HOSE,Vận tải,TCL,CTCP Đại lý Giao nhận Vận tải Xếp dỡ Tân Cảng,30158436,https://finance.vietstock.vn/TCL-ctcp-dai-ly-giao-nhan-van-tai-xep-do-tan-cang.htm,1273,3275
953,1,HOSE,Hàng tiêu dùng và trang trí,TCM,CTCP Dệt may - Đầu tư - Thương mại Thành Công,101955482,https://finance.vietstock.vn/TCM-ctcp-det-may-dau-tu-thuong-mai-thanh-cong.htm,1274,3275
1825,1,HOSE,Vận tải,TCO,CTCP TCO Holdings,18711000,https://finance.vietstock.vn/TCO-ctcp-tco-holdings.htm,1275,3275
825,1,HOSE,Nguyên vật liệu,TCR,CTCP Công nghiệp Gốm sứ Taicera,10373190,https://finance.vietstock.vn/TCR-ctcp-cong-nghiep-gom-su-taicera.htm,1276,3275
734,1,HOSE,Vận tải,TCT,CTCP Cáp treo Núi Bà Tây Ninh,12788000,https://finance.vietstock.vn/TCT-ctcp-cap-treo-nui-ba-tay-ninh.htm,1277,3275
3065,5,UPCoM,Vận tải,TCW,CTCP Kho Vận Tân Cảng,19991020,https://finance.vietstock.vn/TCW-ctcp-kho-van-tan-cang.htm,1278,3275
2944,5,UPCoM,Dịch vụ tiện ích,TDB,CTCP Thủy điện Định Bình,8230000,https://finance.vietstock.vn/TDB-ctcp-thuy-dien-dinh-binh.htm,1279,3275
1933,1,HOSE,Phát triển và quản lý bất động sản,TDC,CTCP Kinh doanh và Phát triển Bình Dương,100000000,https://finance.vietstock.vn/TDC-ctcp-kinh-doanh-va-phat-trien-binh-duong.htm,1280,3275
2815,5,UPCoM,Nguyên vật liệu,TDF,CTCP Trung Đô,30000000,https://finance.vietstock.vn/TDF-ctcp-trung-do.htm,1281,3275
4403,1,HOSE,Phân phối và bán lẻ hàng lâu bền,TDG,CTCP Đầu tư TDG Global,19369172,https://finance.vietstock.vn/TDG-ctcp-dau-tu-tdg-global.htm,1282,3275
826,1,HOSE,Phát triển và quản lý bất động sản,TDH,CTCP Phát triển Nhà Thủ Đức,112652767,https://finance.vietstock.vn/TDH-ctcp-phat-trien-nha-thu-duc.htm,1283,3275
4289,1,HOSE,Dịch vụ tiện ích,TDM,CTCP Nước Thủ Dầu Một,110000000,https://finance.vietstock.vn/TDM-ctcp-nuoc-thu-dau-mot.htm,1284,3275
4716,1,HOSE,Nguyên vật liệu,TDP,CTCP Thuận Đức,88222250,https://finance.vietstock.vn/TDP-ctcp-thuan-duc.htm,1285,3275
2518,5,UPCoM,Nguyên vật liệu,TDS,CTCP Thép Thủ Đức - VNSTEEL,12225393,https://finance.vietstock.vn/TDS-ctcp-thep-thu-duc-vnsteel.htm,1286,3275
4676,2,HNX,Hàng tiêu dùng và trang trí,TDT,CTCP Đầu tư và Phát triển TDT,23896534,https://finance.vietstock.vn/TDT-ctcp-dau-tu-va-phat-trien-tdt.htm,1287,3275
2191,1,HOSE,Dịch vụ tiện ích,TDW,CTCP Cấp nước Thủ Đức,8500000,https://finance.vietstock.vn/TDW-ctcp-cap-nuoc-thu-duc.htm,1288,3275
3806,5,UPCoM,Tư liệu sản xuất,TED,Tổng Công ty tư vấn thiết kế giao thông vận tải - CTCP,12500000,https://finance.vietstock.vn/TED-tong-cong-ty-tu-van-thiet-ke-giao-thong-van-tai-ctcp.htm,1289,3275
4179,1,HOSE,Phát triển và quản lý bất động sản,TEG,CTCP Năng lượng và Bất động sản Trường Thành,120806562,https://finance.vietstock.vn/TEG-ctcp-nang-luong-va-bat-dong-san-truong-thanh.htm,1290,3275
2814,5,UPCoM,Tư liệu sản xuất,TEL,CTCP Phát triển Công trình Viễn thông,5000000,https://finance.vietstock.vn/TEL-ctcp-phat-trien-cong-trinh-vien-thong.htm,1291,3275
1840,2,HNX,Hàng tiêu dùng và trang trí,TET,CTCP Vải sợi May mặc Miền Bắc,5702940,https://finance.vietstock.vn/TET-ctcp-vai-soi-may-mac-mien-bac.htm,1292,3275
4155,2,HNX,"Thực phẩm, đồ uống và thuốc lá",TFC,CTCP Trang,16829994,https://finance.vietstock.vn/TFC-ctcp-trang.htm,1293,3275
4678,5,UPCoM,Phát triển và quản lý bất động sản,TGG,CTCP The Golden Group,27299990,https://finance.vietstock.vn/TGG-ctcp-the-golden-group.htm,1294,3275
1784,5,UPCoM,Dịch vụ viễn thông,TGP,CTCP Trường Phú,11698575,https://finance.vietstock.vn/TGP-ctcp-truong-phu.htm,1295,3275
1262,5,UPCoM,Phân phối và bán lẻ hàng lâu bền,TH1,CTCP Xuất nhập khẩu tổng hợp 1 Việt Nam,13539267,https://finance.vietstock.vn/TH1-ctcp-xuat-nhap-khau-tong-hop-1-viet-nam.htm,1296,3275
1428,2,HNX,"Thực phẩm, đồ uống và thuốc lá",THB,CTCP Bia Hà Nội - Thanh Hóa,11424570,https://finance.vietstock.vn/THB-ctcp-bia-ha-noi-thanh-hoa.htm,1297,3275
4817,2,HNX,Tư liệu sản xuất,THD,CTCP Thaiholdings,384999972,https://finance.vietstock.vn/THD-ctcp-thaiholdings.htm,1298,3275
2125,1,HOSE,Nguyên vật liệu,THG,CTCP Đầu tư và Xây dựng Tiền Giang,25941887,https://finance.vietstock.vn/THG-ctcp-dau-tu-va-xay-dung-tien-giang.htm,1299,3275
4955,5,UPCoM,Hàng tiêu dùng và trang trí,THM,CTCP Tứ Hải Hà Nam,12152800,https://finance.vietstock.vn/THM-ctcp-tu-hai-ha-nam.htm,1300,3275
4245,5,UPCoM,Dịch vụ tiện ích,THN,CTCP Cấp nước Thanh Hóa,32995411,https://finance.vietstock.vn/THN-ctcp-cap-nuoc-thanh-hoa.htm,1301,3275
2385,5,UPCoM,"Thực phẩm, đồ uống và thuốc lá",THP,CTCP Thủy sản và Thương mại Thuận Phước,21611185,https://finance.vietstock.vn/THP-ctcp-thuy-san-va-thuong-mai-thuan-phuoc.htm,1302,3275
2419,2,HNX,Phân phối và bán lẻ hàng lâu bền,THS,CTCP Thanh Hoa - Sông Đà,3000000,https://finance.vietstock.vn/THS-ctcp-thanh-hoa-song-da.htm,1303,3275
1414,2,HNX,Năng lượng,THT,CTCP Than Hà Tu - Vinacomin,24569052,https://finance.vietstock.vn/THT-ctcp-than-ha-tu-vinacomin.htm,1304,3275
4506,5,UPCoM,Dịch vụ tiện ích,THU,CTCP Môi trường và Công trình Đô thị Thanh Hóa,3297790,https://finance.vietstock.vn/THU-ctcp-moi-truong-va-cong-trinh-do-thi-thanh-hoa.htm,1305,3275
4265,5,UPCoM,Dịch vụ tiện ích,THW,CTCP Cấp nước Tân Hòa,5000000,https://finance.vietstock.vn/THW-ctcp-cap-nuoc-tan-hoa.htm,1306,3275
4275,5,UPCoM,"Thực phẩm, đồ uống và thuốc lá",TID,CTCP Tổng Công ty Tín Nghĩa,200000000,https://finance.vietstock.vn/TID-ctcp-tong-cong-ty-tin-nghia.htm,1307,3275
1502,5,UPCoM,Phân phối và bán lẻ hàng lâu bền,TIE,CTCP TIE,9569900,https://finance.vietstock.vn/TIE-ctcp-tie.htm,1308,3275
2700,2,HNX,Phát triển và quản lý bất động sản,TIG,CTCP Tập đoàn Đầu tư Thăng Long,193606205,https://finance.vietstock.vn/TIG-ctcp-tap-doan-dau-tu-thang-long.htm,1309,3275
2170,5,UPCoM,Tổ chức tín dụng,TIN,Công Ty Tài chính Cổ phần Tín Việt,70137214,https://finance.vietstock.vn/TIN-cong-ty-tai-chinh-co-phan-tin-viet.htm,1310,3275
2054,1,HOSE,Phát triển và quản lý bất động sản,TIP,CTCP Phát triển Khu Công nghiệp Tín Nghĩa,65007857,https://finance.vietstock.vn/TIP-ctcp-phat-trien-khu-cong-nghiep-tin-nghia.htm,1311,3275
2745,5,UPCoM,Nguyên vật liệu,TIS,CTCP Gang thép Thái Nguyên,184000000,https://finance.vietstock.vn/TIS-ctcp-gang-thep-thai-nguyen.htm,1312,3275
1315,1,HOSE,Phát triển và quản lý bất động sản,TIX,CTCP Sản xuất Kinh doanh Xuất nhập khẩu Dịch vụ và Đầu tư Tân Bình,30000000,https://finance.vietstock.vn/TIX-ctcp-san-xuat-kinh-doanh-xuat-nhap-khau-dich-vu-va-dau-tu-tan-binh.htm,1313,3275
1103,2,HNX,Vận tải,TJC,CTCP Dịch vụ Vận tải và Thương mại,8600000,https://finance.vietstock.vn/TJC-ctcp-dich-vu-van-tai-va-thuong-mai.htm,1314,3275
4815,5,UPCoM,Nguyên vật liệu,TKA,CTCP Bao bì Tân Khánh An,3800000,https://finance.vietstock.vn/TKA-ctcp-bao-bi-tan-khanh-an.htm,1315,3275
1872,5,UPCoM,Tư liệu sản xuất,TKC,CTCP Xây dựng và Kinh doanh Địa ốc Tân Kỷ,15674712,https://finance.vietstock.vn/TKC-ctcp-xay-dung-va-kinh-doanh-dia-oc-tan-ky.htm,1316,3275
4859,2,HNX,Hàng tiêu dùng và trang trí,TKG,CTCP Sản xuất và Thương mại Tùng Khánh,6315312,https://finance.vietstock.vn/TKG-ctcp-san-xuat-va-thuong-mai-tung-khanh.htm,1317,3275
1005,2,HNX,Nguyên vật liệu,TKU,CTCP Công nghiệp Tung Kuang,7255744,https://finance.vietstock.vn/TKU-ctcp-cong-nghiep-tung-kuang.htm,1318,3275
2844,5,UPCoM,Tư liệu sản xuất,TL4,Tổng Công ty cổ phần Xây dựng Thủy Lợi 4,16008338,https://finance.vietstock.vn/TL4-tong-cong-ty-co-phan-xay-dung-thuy-loi-4.htm,1319,3275
4609,1,HOSE,Tư liệu sản xuất,TLD,CTCP Đầu tư Xây dựng và Phát triển Đô thị Thăng Long,77741356,https://finance.vietstock.vn/TLD-ctcp-dau-tu-xay-dung-va-phat-trien-do-thi-thang-long.htm,1320,3275
2050,1,HOSE,Hàng tiêu dùng và trang trí,TLG,CTCP Tập đoàn Thiên Long,78594453,https://finance.vietstock.vn/TLG-ctcp-tap-doan-thien-long.htm,1321,3275
2164,1,HOSE,Phân phối và bán lẻ hàng lâu bền,TLH,CTCP Tập đoàn Thép Tiến Lên,112320017,https://finance.vietstock.vn/TLH-ctcp-tap-doan-thep-tien-len.htm,1322,3275
2177,5,UPCoM,Hàng tiêu dùng và trang trí,TLI,CTCP May Quốc tế Thắng Lợi,3000000,https://finance.vietstock.vn/TLI-ctcp-may-quoc-te-thang-loi.htm,1323,3275
4566,5,UPCoM,Phân phối và bán lẻ hàng lâu bền,TLP,Tổng Công ty Thương mại Xuất nhập khẩu Thanh Lễ - CTCP,236600000,https://finance.vietstock.vn/TLP-tong-cong-ty-thuong-mai-xuat-nhap-khau-thanh-le-ctcp.htm,1324,3275
982,5,UPCoM,Nguyên vật liệu,TLT,CTCP Viglacera Thăng Long ,6989800,https://finance.vietstock.vn/TLT-ctcp-viglacera-thang-long.htm,1325,3275
2325,2,HNX,Năng lượng,TMB,CTCP Kinh doanh Than Miền Bắc - Vinacomin,15000000,https://finance.vietstock.vn/TMB-ctcp-kinh-doanh-than-mien-bac-vinacomin.htm,1326,3275
828,2,HNX,Phân phối và bán lẻ hàng lâu bền,TMC,CTCP Thương mại Xuất nhập khẩu Thủ Đức,12400000,https://finance.vietstock.vn/TMC-ctcp-thuong-mai-xuat-nhap-khau-thu-duc.htm,1327,3275
3785,5,UPCoM,Nguyên vật liệu,TMG,CTCP Kim loại màu Thái Nguyên - Vimico,18000000,https://finance.vietstock.vn/TMG-ctcp-kim-loai-mau-thai-nguyen-vimico.htm,1328,3275
1256,1,HOSE,Dịch vụ tiện ích,TMP,CTCP Thủy điện Thác Mơ,70000000,https://finance.vietstock.vn/TMP-ctcp-thuy-dien-thac-mo.htm,1329,3275
22,1,HOSE,Vận tải,TMS,CTCP Transimex,158270528,https://finance.vietstock.vn/TMS-ctcp-transimex.htm,1330,3275
2152,1,HOSE,Xe và linh kiện,TMT,CTCP Ô tô TMT,37287680,https://finance.vietstock.vn/TMT-ctcp-o-to-tmt.htm,1331,3275
2132,5,UPCoM,Nguyên vật liệu,TMW,CTCP Tổng hợp Gỗ Tân Mai,4662350,https://finance.vietstock.vn/TMW-ctcp-tong-hop-go-tan-mai.htm,1332,3275
1850,2,HNX,Nguyên vật liệu,TMX,CTCP VICEM Thương mại Xi măng,6000000,https://finance.vietstock.vn/TMX-ctcp-vicem-thuong-mai-xi-mang.htm,1333,3275
4731,1,HOSE,Phát triển và quản lý bất động sản,TN1,CTCP Rox Key Holdings,54632348,https://finance.vietstock.vn/TN1-ctcp-rox-key-holdings.htm,1334,3275
1334,1,HOSE,Phân phối và bán lẻ hàng lâu bền,TNA,CTCP Thương mại Xuất nhập khẩu Thiên Nam,49576264,https://finance.vietstock.vn/TNA-ctcp-thuong-mai-xuat-nhap-khau-thien-nam.htm,1335,3275
1728,5,UPCoM,Nguyên vật liệu,TNB,CTCP Thép Nhà Bè - VNSTEEL,14490000,https://finance.vietstock.vn/TNB-ctcp-thep-nha-be-vnsteel.htm,1336,3275
926,1,HOSE,Nguyên vật liệu,TNC,CTCP Cao su Thống Nhất,19250000,https://finance.vietstock.vn/TNC-ctcp-cao-su-thong-nhat.htm,1337,3275
1006,2,HNX,Hàng tiêu dùng và trang trí,TNG,CTCP Đầu tư và Thương mại TNG,122601206,https://finance.vietstock.vn/TNG-ctcp-dau-tu-va-thuong-mai-tng.htm,1338,3275
4769,1,HOSE,Dịch vụ và thiết bị chăm sóc sức khỏe,TNH,CTCP Tập đoàn Bệnh viện TNH,110174580,https://finance.vietstock.vn/TNH-ctcp-tap-doan-benh-vien-tnh.htm,1339,3275
3098,1,HOSE,Phân phối và bán lẻ hàng lâu bền,TNI,CTCP Tập đoàn Thành Nam,52500000,https://finance.vietstock.vn/TNI-ctcp-tap-doan-thanh-nam.htm,1340,3275
1845,5,UPCoM,Tư liệu sản xuất,TNM,CTCP Xuất nhập khẩu và Xây dựng Công trình,5800000,https://finance.vietstock.vn/TNM-ctcp-xuat-nhap-khau-va-xay-dung-cong-trinh.htm,1341,3275
3117,5,UPCoM,Vận tải,TNP,CTCP Cảng Thị Nại,7100000,https://finance.vietstock.vn/TNP-ctcp-cang-thi-nai.htm,1342,3275
2956,5,UPCoM,Nguyên vật liệu,TNS,CTCP Thép tấm lá Thống Nhất,20000000,https://finance.vietstock.vn/TNS-ctcp-thep-tam-la-thong-nhat.htm,1343,3275
2600,1,HOSE,Nguyên vật liệu,TNT,CTCP Tập đoàn TNT,51000000,https://finance.vietstock.vn/TNT-ctcp-tap-doan-tnt.htm,1344,3275
4502,5,UPCoM,Dịch vụ tiện ích,TNW,CTCP Nước sạch Thái Nguyên,16000000,https://finance.vietstock.vn/TNW-ctcp-nuoc-sach-thai-nguyen.htm,1345,3275
4104,5,UPCoM,Phân phối và bán lẻ hàng lâu bền,TOP,CTCP Phân phối Top One,25350000,https://finance.vietstock.vn/TOP-ctcp-phan-phoi-top-one.htm,1346,3275
4875,5,UPCoM,Vận tải,TOS,CTCP Dịch vụ biển Tân Cảng,30999886,https://finance.vietstock.vn/TOS-ctcp-dich-vu-bien-tan-cang.htm,1347,3275
4524,2,HNX,Vận tải,TOT,CTCP Transimex Logistics,9207842,https://finance.vietstock.vn/TOT-ctcp-transimex-logistics.htm,1348,3275
4722,5,UPCoM,Dịch vụ tiện ích,TOW,CTCP Cấp nước Trà Nóc - Ô Môn,7978150,https://finance.vietstock.vn/TOW-ctcp-cap-nuoc-tra-noc-o-mon.htm,1349,3275
1987,1,HOSE,Tổ chức tín dụng,TPB,Ngân hàng TMCP Tiên Phong,2641956196,https://finance.vietstock.vn/TPB-ngan-hang-tmcp-tien-phong.htm,1350,3275
1014,1,HOSE,Nguyên vật liệu,TPC,CTCP Nhựa Tân Đại Hưng,24430596,https://finance.vietstock.vn/TPC-ctcp-nhua-tan-dai-hung.htm,1351,3275
983,2,HNX,Truyền thông và giải trí,TPH,CTCP In sách giáo khoa tại Thành phố Hà Nội,2095985,https://finance.vietstock.vn/TPH-ctcp-in-sach-giao-khoa-tai-thanh-pho-ha-noi.htm,1352,3275
1337,2,HNX,Nguyên vật liệu,TPP,CTCP Tân Phú Việt Nam,45000000,https://finance.vietstock.vn/TPP-ctcp-tan-phu-viet-nam.htm,1353,3275
4187,5,UPCoM,Vận tải,TPS,CTCP Bến Bãi Vận tải Sài Gòn,5000000,https://finance.vietstock.vn/TPS-ctcp-ben-bai-van-tai-sai-gon.htm,1354,3275
3334,5,UPCoM,Nguyên vật liệu,TQN,CTCP Thông Quảng Ninh,3600000,https://finance.vietstock.vn/TQN-ctcp-thong-quang-ninh.htm,1355,3275
4381,5,UPCoM,Dịch vụ tiện ích,TQW,CTCP Cấp thoát nước Tuyên Quang,8933200,https://finance.vietstock.vn/TQW-ctcp-cap-thoat-nuoc-tuyen-quang.htm,1356,3275
2190,5,UPCoM,Vận tải,TR1,CTCP Vận Tải 1 Traco,4592490,https://finance.vietstock.vn/TR1-ctcp-van-tai-1-traco.htm,1357,3275
1297,1,HOSE,"Dược phẩm, Công nghệ sinh học và Khoa học thường thức",TRA,CTCP Traphaco,41453673,https://finance.vietstock.vn/TRA-ctcp-traphaco.htm,1358,3275
998,1,HOSE,Nguyên vật liệu,TRC,CTCP Cao su Tây Ninh,30000000,https://finance.vietstock.vn/TRC-ctcp-cao-su-tay-ninh.htm,1359,3275
4135,5,UPCoM,Vận tải,TRS,CTCP Vận tải và Dịch vụ Hàng hải,6544268,https://finance.vietstock.vn/TRS-ctcp-van-tai-va-dich-vu-hang-hai.htm,1360,3275
2113,5,UPCoM,Nguyên vật liệu,TRT,CTCP RedstarCera,11000000,https://finance.vietstock.vn/TRT-ctcp-redstarcera.htm,1361,3275
4570,5,UPCoM,Tư liệu sản xuất,TS3,CTCP Trường Sơn 532,3851880,https://finance.vietstock.vn/TS3-ctcp-truong-son-532.htm,1362,3275
606,5,UPCoM,"Thực phẩm, đồ uống và thuốc lá",TS4,CTCP Thủy sản Số 4,16160646,https://finance.vietstock.vn/TS4-ctcp-thuy-san-so-4.htm,1363,3275
5691,5,UPCoM,Tư liệu sản xuất,TSA,CTCP Đầu tư và Xây lắp Trường Sơn,35000000,https://finance.vietstock.vn/TSA-ctcp-dau-tu-va-xay-lap-truong-son.htm,1364,3275
2068,2,HNX,Hàng tiêu dùng và trang trí,TSB,CTCP Ắc quy Tia Sáng,6745480,https://finance.vietstock.vn/TSB-ctcp-ac-quy-tia-sang.htm,1365,3275
950,1,HOSE,Phân phối và bán lẻ hàng lâu bền,TSC,CTCP Vật tư Kỹ thuật nông nghiệp Cần Thơ,196858925,https://finance.vietstock.vn/TSC-ctcp-vat-tu-ky-thuat-nong-nghiep-can-tho.htm,1366,3275
4636,5,UPCoM,Dịch vụ tiêu dùng,TSD,CTCP Du lịch Trường Sơn COECCO,1300000,https://finance.vietstock.vn/TSD-ctcp-du-lich-truong-son-coecco.htm,1367,3275
4490,5,UPCoM,Vận tải,TSG,CTCP Thông tin Tín hiệu Đường sắt Sài Gòn,3074100,https://finance.vietstock.vn/TSG-ctcp-thong-tin-tin-hieu-duong-sat-sai-gon.htm,1368,3275
4013,5,UPCoM,Vận tải,TSJ,CTCP Du lịch Dịch vụ Hà Nội,74800000,https://finance.vietstock.vn/TSJ-ctcp-du-lich-dich-vu-ha-noi.htm,1369,3275
1104,5,UPCoM,Tư liệu sản xuất,TST,CTCP Dịch vụ Kỹ Thuật Viễn thông,4800000,https://finance.vietstock.vn/TST-ctcp-dich-vu-ky-thuat-vien-thong.htm,1370,3275
4952,5,UPCoM,"Thực phẩm, đồ uống và thuốc lá",TT6,CTCP Tập đoàn Tiến Thịnh,20545800,https://finance.vietstock.vn/TT6-ctcp-tap-doan-tien-thinh.htm,1371,3275
4830,1,HOSE,Dịch vụ tiện ích,TTA,CTCP Đầu tư Xây dựng và Phát triển Trường Thành,170057593,https://finance.vietstock.vn/TTA-ctcp-dau-tu-xay-dung-va-phat-trien-truong-thanh.htm,1372,3275
2886,5,UPCoM,Phân phối và bán lẻ hàng lâu bền,TTB,CTCP TTBGroup,101509583,https://finance.vietstock.vn/TTB-ctcp-ttbgroup.htm,1373,3275
769,2,HNX,Nguyên vật liệu,TTC,CTCP Gạch men Thanh Thanh,5992348,https://finance.vietstock.vn/TTC-ctcp-gach-men-thanh-thanh.htm,1374,3275
1504,5,UPCoM,Dịch vụ và thiết bị chăm sóc sức khỏe,TTD,CTCP Bệnh viện tim Tâm Đức,15552000,https://finance.vietstock.vn/TTD-ctcp-benh-vien-tim-tam-duc.htm,1375,3275
4702,1,HOSE,Dịch vụ tiện ích,TTE,CTCP Đầu tư Năng lượng Trường Thịnh,28490400,https://finance.vietstock.vn/TTE-ctcp-dau-tu-nang-luong-truong-thinh.htm,1376,3275
1061,1,HOSE,Hàng tiêu dùng và trang trí,TTF,CTCP Tập đoàn Kỹ nghệ gỗ Trường Thành,393548302,https://finance.vietstock.vn/TTF-ctcp-tap-doan-ky-nghe-go-truong-thanh.htm,1377,3275
2070,5,UPCoM,Hàng tiêu dùng và trang trí,TTG,CTCP May Thanh Trì,3400000,https://finance.vietstock.vn/TTG-ctcp-may-thanh-tri.htm,1378,3275
4321,2,HNX,Phân phối và bán lẻ hàng lâu bền,TTH,CTCP Thương mại và Dịch vụ Tiến Thành,37374846,https://finance.vietstock.vn/TTH-ctcp-thuong-mai-va-dich-vu-tien-thanh.htm,1379,3275
3801,2,HNX,Tư liệu sản xuất,TTL,Tổng Công ty Thăng Long - CTCP,41908000,https://finance.vietstock.vn/TTL-tong-cong-ty-thang-long-ctcp.htm,1380,3275
4489,5,UPCoM,Dịch vụ viễn thông,TTN,CTCP Công nghệ và Truyền thông Việt Nam,36727500,https://finance.vietstock.vn/TTN-ctcp-cong-nghe-va-truyen-thong-viet-nam.htm,1381,3275
829,5,UPCoM,Nguyên vật liệu,TTP,CTCP Bao bì Tân Tiến,14999998,https://finance.vietstock.vn/TTP-ctcp-bao-bi-tan-tien.htm,1382,3275
4223,5,UPCoM,Nguyên vật liệu,TTS,CTCP Cán Thép Thái Trung,50800000,https://finance.vietstock.vn/TTS-ctcp-can-thep-thai-trung.htm,1383,3275
1643,2,HNX,Dịch vụ chuyên biệt và thương mại,TTT,CTCP Du lịch - Thương mại Tây Ninh,4570210,https://finance.vietstock.vn/TTT-ctcp-du-lich-thuong-mai-tay-ninh.htm,1384,3275
3274,5,UPCoM,Vận tải,TTZ,CTCP Đầu tư Xây dựng và Công nghệ Tiến Trung,7570444,https://finance.vietstock.vn/TTZ-ctcp-dau-tu-xay-dung-va-cong-nghe-tien-trung.htm,1385,3275
3129,5,UPCoM,Vận tải,TUG,CTCP Lai Dắt và Vận tải Cảng Hải Phòng,2700000,https://finance.vietstock.vn/TUG-ctcp-lai-dat-va-van-tai-cang-hai-phong.htm,1386,3275
2436,5,UPCoM,Dịch vụ chuyên biệt và thương mại,TV1,CTCP Tư vấn Xây dựng Điện 1,26691319,https://finance.vietstock.vn/TV1-ctcp-tu-van-xay-dung-dien-1.htm,1387,3275
1846,1,HOSE,Dịch vụ chuyên biệt và thương mại,TV2,CTCP Tư vấn Xây dựng Điện 2,67526165,https://finance.vietstock.vn/TV2-ctcp-tu-van-xay-dung-dien-2.htm,1388,3275
1853,2,HNX,Dịch vụ chuyên biệt và thương mại,TV3,CTCP Tư vấn Xây dựng Điện 3,9517303,https://finance.vietstock.vn/TV3-ctcp-tu-van-xay-dung-dien-3.htm,1389,3275
1214,2,HNX,Dịch vụ chuyên biệt và thương mại,TV4,CTCP Tư vấn Xây dựng Điện 4,19846016,https://finance.vietstock.vn/TV4-ctcp-tu-van-xay-dung-dien-4.htm,1390,3275
4866,5,UPCoM,Tư liệu sản xuất,TV6,CTCP Tập đoàn EMA Land,3000000,https://finance.vietstock.vn/TV6-ctcp-tap-doan-ema-land.htm,1391,3275
4485,5,UPCoM,Phân phối và bán lẻ hàng lâu bền,TVA,CTCP Sứ Viglacera Thanh Trì,6300000,https://finance.vietstock.vn/TVA-ctcp-su-viglacera-thanh-tri.htm,1392,3275
1352,1,HOSE,Dịch vụ tài chính,TVB,CTCP Chứng khoán Trí Việt,112097019,https://finance.vietstock.vn/TVB-ctcp-chung-khoan-tri-viet.htm,1393,3275
3727,2,HNX,Dịch vụ tài chính,TVC,CTCP Tập đoàn Quản lý Tài sản Trí Việt,118610670,https://finance.vietstock.vn/TVC-ctcp-tap-doan-quan-ly-tai-san-tri-viet.htm,1394,3275
1718,2,HNX,Năng lượng,TVD,CTCP Than Vàng Danh - Vinacomin,44962864,https://finance.vietstock.vn/TVD-ctcp-than-vang-danh-vinacomin.htm,1395,3275
1919,5,UPCoM,Dịch vụ chuyên biệt và thương mại,TVG,CTCP Tư vấn Đầu tư và Xây dựng Giao thông Vận tải,2029589,https://finance.vietstock.vn/TVG-ctcp-tu-van-dau-tu-va-xay-dung-giao-thong-van-tai.htm,1396,3275
4720,5,UPCoM,Dịch vụ chuyên biệt và thương mại,TVH,CTCP Tư vấn Xây dựng công trình Hàng hải,4004000,https://finance.vietstock.vn/TVH-ctcp-tu-van-xay-dung-cong-trinh-hang-hai.htm,1397,3275
3213,5,UPCoM,Dịch vụ chuyên biệt và thương mại,TVM,CTCP Tư vấn Đầu tư mỏ và Công Nghiệp - Vinacomin,2400000,https://finance.vietstock.vn/TVM-ctcp-tu-van-dau-tu-mo-va-cong-nghiep-vinacomin.htm,1398,3275
3022,5,UPCoM,Nguyên vật liệu,TVN,Tổng Công ty Thép Việt Nam - CTCP,678000000,https://finance.vietstock.vn/TVN-tong-cong-ty-thep-viet-nam-ctcp.htm,1399,3275
1371,1,HOSE,Dịch vụ tài chính,TVS,CTCP Chứng khoán Thiên Việt,166995274,https://finance.vietstock.vn/TVS-ctcp-chung-khoan-thien-viet.htm,1400,3275
2287,1,HOSE,Hàng tiêu dùng và trang trí,TVT,Tổng Công ty Việt Thắng - CTCP,21000000,https://finance.vietstock.vn/TVT-tong-cong-ty-viet-thang-ctcp.htm,1401,3275
4396,5,UPCoM,"Dược phẩm, Công nghệ sinh học và Khoa học thường thức",TW3,CTCP Dược Trung ương 3,1750000,https://finance.vietstock.vn/TW3-ctcp-duoc-trung-uong-3.htm,1402,3275
1008,2,HNX,Nguyên vật liệu,TXM,CTCP VICEM Thạch cao Xi măng,7000000,https://finance.vietstock.vn/TXM-ctcp-vicem-thach-cao-xi-mang.htm,1403,3275
757,1,HOSE,Hàng tiêu dùng và trang trí,TYA,CTCP Dây và Cáp Điện Taya Việt Nam,6134773,https://finance.vietstock.vn/TYA-ctcp-day-va-cap-dien-taya-viet-nam.htm,1404,3275
4405,5,UPCoM,Dịch vụ tiện ích,UCT,CTCP Đô thị Cần Thơ,5344345,https://finance.vietstock.vn/UCT-ctcp-do-thi-can-tho.htm,1405,3275
2517,5,UPCoM,Tư liệu sản xuất,UDC,CTCP Xây dựng và Phát triển Đô thị Tỉnh Bà Rịa Vũng Tàu,35000000,https://finance.vietstock.vn/UDC-ctcp-xay-dung-va-phat-trien-do-thi-tinh-ba-ria-vung-tau.htm,1406,3275
2163,5,UPCoM,Phát triển và quản lý bất động sản,UDJ,CTCP Phát triển Đô thị,16500000,https://finance.vietstock.vn/UDJ-ctcp-phat-trien-do-thi.htm,1407,3275
4785,5,UPCoM,Dịch vụ chuyên biệt và thương mại,UDL,CTCP Đô thị và Môi trường Đắk Lắk,6620000,https://finance.vietstock.vn/UDL-ctcp-do-thi-va-moi-truong-dak-lak.htm,1408,3275
3087,5,UPCoM,Hàng tiêu dùng và trang trí,UEM,CTCP Cơ điện Uông Bí - Vinacomin,2438100,https://finance.vietstock.vn/UEM-ctcp-co-dien-uong-bi-vinacomin.htm,1409,3275
1001,1,HOSE,Dịch vụ tiện ích,UIC,CTCP Đầu tư Phát triển Nhà và Đô thị IDICO,8000000,https://finance.vietstock.vn/UIC-ctcp-dau-tu-phat-trien-nha-va-do-thi-idico.htm,1410,3275
4544,5,UPCoM,Dịch vụ chuyên biệt và thương mại,UMC,CTCP Công trình Đô thị Nam Định,1841617,https://finance.vietstock.vn/UMC-ctcp-cong-trinh-do-thi-nam-dinh.htm,1411,3275
381,2,HNX,Phân phối và bán lẻ hàng lâu bền,UNI,CTCP Đầu Tư Và Phát Triển Sao Mai Việt,15617632,https://finance.vietstock.vn/UNI-ctcp-dau-tu-va-phat-trien-sao-mai-viet.htm,1412,3275
2725,5,UPCoM,Dịch vụ tiện ích,UPC,CTCP Phát triển Công viên Cây xanh và Đô thị Vũng Tàu,3400000,https://finance.vietstock.vn/UPC-ctcp-phat-trien-cong-vien-cay-xanh-va-do-thi-vung-tau.htm,1413,3275
2452,5,UPCoM,"Dược phẩm, Công nghệ sinh học và Khoa học thường thức",UPH,CTCP Dược phẩm TW 25,13294641,https://finance.vietstock.vn/UPH-ctcp-duoc-pham-tw-25.htm,1414,3275
3871,5,UPCoM,Dịch vụ chuyên biệt và thương mại,USC,CTCP Khảo sát và Xây dựng -USCO,5500000,https://finance.vietstock.vn/USC-ctcp-khao-sat-va-xay-dung-usco.htm,1415,3275
4726,5,UPCoM,Dịch vụ chuyên biệt và thương mại,USD,CTCP Công trình Đô thị Sóc Trăng,5600000,https://finance.vietstock.vn/USD-ctcp-cong-trinh-do-thi-soc-trang.htm,1416,3275
1446,5,UPCoM,Tư liệu sản xuất,V11,CTCP Xây dựng Số 11,8399889,https://finance.vietstock.vn/V11-ctcp-xay-dung-so-11.htm,1417,3275
1866,2,HNX,Tư liệu sản xuất,V12,CTCP Xây dựng Số 12,11636000,https://finance.vietstock.vn/V12-ctcp-xay-dung-so-12.htm,1418,3275
1878,5,UPCoM,Tư liệu sản xuất,V15,CTCP Xây dựng Số 15,10000000,https://finance.vietstock.vn/V15-ctcp-xay-dung-so-15.htm,1419,3275
1757,2,HNX,Phát triển và quản lý bất động sản,V21,CTCP Vinaconex 21,11999789,https://finance.vietstock.vn/V21-ctcp-vinaconex-21.htm,1420,3275
1209,5,UPCoM,Tổ chức tín dụng,VAB,Ngân hàng TMCP Việt Á,539960043,https://finance.vietstock.vn/VAB-ngan-hang-tmcp-viet-a.htm,1421,3275
3602,1,HOSE,Nguyên vật liệu,VAF,CTCP Phân lân Nung chảy Văn Điển,37665348,https://finance.vietstock.vn/VAF-ctcp-phan-lan-nung-chay-van-dien.htm,1422,3275
4530,5,UPCoM,Dịch vụ tiện ích,VAV,CTCP VIWACO,32000000,https://finance.vietstock.vn/VAV-ctcp-viwaco.htm,1423,3275
1480,5,UPCoM,Tổ chức tín dụng,VBB,Ngân hàng TMCP Việt Nam Thương Tín,571153270,https://finance.vietstock.vn/VBB-ngan-hang-tmcp-viet-nam-thuong-tin.htm,1424,3275
1890,2,HNX,Nguyên vật liệu,VBC,CTCP Nhựa - Bao bì Vinh,7499972,https://finance.vietstock.vn/VBC-ctcp-nhua-bao-bi-vinh.htm,1425,3275
4188,5,UPCoM,Dịch vụ chuyên biệt và thương mại,VBG,CTCP Địa chất Việt Bắc - TKV,8600000,https://finance.vietstock.vn/VBG-ctcp-dia-chat-viet-bac-tkv.htm,1426,3275
985,5,UPCoM,Chất bán dẫn và thiết bị bán dẫn,VBH,CTCP Điện tử Bình Hòa,2900000,https://finance.vietstock.vn/VBH-ctcp-dien-tu-binh-hoa.htm,1427,3275
1557,2,HNX,Tư liệu sản xuất,VC1,CTCP Xây dựng Số 1,12000000,https://finance.vietstock.vn/VC1-ctcp-xay-dung-so-1.htm,1428,3275
987,2,HNX,Tư liệu sản xuất,VC2,CTCP Đầu tư và Xây dựng Vina2,68769410,https://finance.vietstock.vn/VC2-ctcp-dau-tu-va-xay-dung-vina2.htm,1429,3275
1070,2,HNX,Phát triển và quản lý bất động sản,VC3,CTCP Tập đoàn Nam Mê Kông,125150939,https://finance.vietstock.vn/VC3-ctcp-tap-doan-nam-me-kong.htm,1430,3275
1071,5,UPCoM,Tư liệu sản xuất,VC5,CTCP Xây dựng Số 5,5000000,https://finance.vietstock.vn/VC5-ctcp-xay-dung-so-5.htm,1431,3275
1074,2,HNX,Tư liệu sản xuất,VC6,CTCP Xây dựng và Đầu tư Visicons,9679686,https://finance.vietstock.vn/VC6-ctcp-xay-dung-va-dau-tu-visicons.htm,1432,3275
1078,2,HNX,Phát triển và quản lý bất động sản,VC7,CTCP Tập đoàn BGI,96090870,https://finance.vietstock.vn/VC7-ctcp-tap-doan-bgi.htm,1433,3275
1833,2,HNX,Tư liệu sản xuất,VC9,CTCP Xây dựng số 9 - VC9,17000000,https://finance.vietstock.vn/VC9-ctcp-xay-dung-so-9-vc9.htm,1434,3275
1727,1,HOSE,Nguyên vật liệu,VCA,CTCP Thép VICASA - VNSTEEL,15187322,https://finance.vietstock.vn/VCA-ctcp-thep-vicasa-vnsteel.htm,1435,3275
1167,1,HOSE,Tổ chức tín dụng,VCB,Ngân hàng TMCP Ngoại thương Việt Nam,5589091262,https://finance.vietstock.vn/VCB-ngan-hang-tmcp-ngoai-thuong-viet-nam.htm,1436,3275
1515,2,HNX,Tư liệu sản xuất,VCC,CTCP Vinaconex 25,24000000,https://finance.vietstock.vn/VCC-ctcp-vinaconex-25.htm,1437,3275
4133,5,UPCoM,Nguyên vật liệu,VCE,CTCP Xây lắp Môi trường,5000000,https://finance.vietstock.vn/VCE-ctcp-xay-lap-moi-truong.htm,1438,3275
1266,1,HOSE,"Thực phẩm, đồ uống và thuốc lá",VCF,CTCP Vinacafé Biên Hòa,26579135,https://finance.vietstock.vn/VCF-ctcp-vinacafe-bien-hoa.htm,1439,3275
1290,1,HOSE,Tư liệu sản xuất,VCG,Tổng Công ty cổ phần Xuất nhập khẩu và Xây dựng Việt Nam,598593458,https://finance.vietstock.vn/VCG-tong-cong-ty-co-phan-xuat-nhap-khau-va-xay-dung-viet-nam.htm,1440,3275
1182,1,HOSE,Dịch vụ tài chính,VCI,CTCP Chứng khoán Vietcap,574469480,https://finance.vietstock.vn/VCI-ctcp-chung-khoan-vietcap.htm,1441,3275
2553,2,HNX,Phân phối và bán lẻ hàng lâu bền,VCM,CTCP BV Life,3000000,https://finance.vietstock.vn/VCM-ctcp-bv-life.htm,1442,3275
2882,5,UPCoM,Dịch vụ tiện ích,VCP,CTCP Xây Dựng Và Năng Lượng VCP,83789658,https://finance.vietstock.vn/VCP-ctcp-xay-dung-va-nang-luong-vcp.htm,1443,3275
2549,5,UPCoM,Phát triển và quản lý bất động sản,VCR,CTCP Đầu tư và Phát triển Du lịch Vinaconex,210000000,https://finance.vietstock.vn/VCR-ctcp-dau-tu-va-phat-trien-du-lich-vinaconex.htm,1444,3275
1105,2,HNX,Nguyên vật liệu,VCS,CTCP Vicostone,160000000,https://finance.vietstock.vn/VCS-ctcp-vicostone.htm,1445,3275
2646,5,UPCoM,Dịch vụ chuyên biệt và thương mại,VCT,CTCP Tư vấn Xây dựng Vinaconex,1100000,https://finance.vietstock.vn/VCT-ctcp-tu-van-xay-dung-vinaconex.htm,1446,3275
3327,5,UPCoM,Dịch vụ tiện ích,VCW,CTCP Đầu tư Nước sạch Sông Đà,75000000,https://finance.vietstock.vn/VCW-ctcp-dau-tu-nuoc-sach-song-da.htm,1447,3275
2992,5,UPCoM,Nguyên vật liệu,VCX,CTCP Xi măng Yên Bình,26530000,https://finance.vietstock.vn/VCX-ctcp-xi-mang-yen-binh.htm,1448,3275
4718,5,UPCoM,Năng lượng,VDB,CTCP Vận tải và Chế biến Than Đông Bắc,8678238,https://finance.vietstock.vn/VDB-ctcp-van-tai-va-che-bien-than-dong-bac.htm,1449,3275
5698,5,UPCoM,Hàng tiêu dùng và trang trí,VDG,CTCP Vạn Đạt Group,5000000,https://finance.vietstock.vn/VDG-ctcp-van-dat-group.htm,1450,3275
1106,2,HNX,"Thực phẩm, đồ uống và thuốc lá",VDL,CTCP Thực phẩm Lâm Đồng,14657150,https://finance.vietstock.vn/VDL-ctcp-thuc-pham-lam-dong.htm,1451,3275
2264,5,UPCoM,Hàng tiêu dùng và trang trí,VDN,CTCP Vinatex Đà Nẵng,3142910,https://finance.vietstock.vn/VDN-ctcp-vinatex-da-nang.htm,1452,3275
1498,1,HOSE,"Dược phẩm, Công nghệ sinh học và Khoa học thường thức",VDP,CTCP Dược phẩm Trung ương VIDIPHA,22083392,https://finance.vietstock.vn/VDP-ctcp-duoc-pham-trung-uong-vidipha.htm,1453,3275
856,1,HOSE,Dịch vụ tài chính,VDS,CTCP Chứng khoán Rồng Việt,243000000,https://finance.vietstock.vn/VDS-ctcp-chung-khoan-rong-viet.htm,1454,3275
2354,5,UPCoM,Nguyên vật liệu,VDT,CTCP Lưới thép Bình Tây,1965440,https://finance.vietstock.vn/VDT-ctcp-luoi-thep-binh-tay.htm,1455,3275
1236,2,HNX,Tư liệu sản xuất,VE1,CTCP Xây dựng Điện VNECO 1,6000000,https://finance.vietstock.vn/VE1-ctcp-xay-dung-dien-vneco-1.htm,1456,3275
1899,5,UPCoM,Tư liệu sản xuất,VE2,CTCP Xây dựng Điện VNECO 2,2158880,https://finance.vietstock.vn/VE2-ctcp-xay-dung-dien-vneco-2.htm,1457,3275
2178,2,HNX,Tư liệu sản xuất,VE3,CTCP Xây dựng Điện VNECO 3,1319710,https://finance.vietstock.vn/VE3-ctcp-xay-dung-dien-vneco-3.htm,1458,3275
3231,2,HNX,Tư liệu sản xuất,VE4,CTCP Xây dựng Điện VNECO4,1028000,https://finance.vietstock.vn/VE4-ctcp-xay-dung-dien-vneco4.htm,1459,3275
2009,2,HNX,Tư liệu sản xuất,VE8,CTCP Xây dựng Điện VNECO 8,1800000,https://finance.vietstock.vn/VE8-ctcp-xay-dung-dien-vneco-8.htm,1460,3275
1107,5,UPCoM,Tư liệu sản xuất,VE9,CTCP Đầu tư và Xây dựng VNECO 9,12523613,https://finance.vietstock.vn/VE9-ctcp-dau-tu-va-xay-dung-vneco-9.htm,1461,3275
4361,5,UPCoM,Tư liệu sản xuất,VEA,Tổng Công ty Máy động lực và Máy nông nghiệp Việt Nam – CTCP,1328800000,https://finance.vietstock.vn/VEA-tong-cong-ty-may-dong-luc-va-may-nong-nghiep-viet-nam-–-ctcp.htm,1462,3275
1782,5,UPCoM,Hàng tiêu dùng và trang trí,VEC,Tổng Công ty cổ phần Điện tử và Tin học Việt Nam,43800000,https://finance.vietstock.vn/VEC-tong-cong-ty-co-phan-dien-tu-va-tin-hoc-viet-nam.htm,1463,3275
4001,5,UPCoM,Dịch vụ chuyên biệt và thương mại,VEF,CTCP Trung tâm Hội chợ Triển lãm Việt Nam,166604050,https://finance.vietstock.vn/VEF-ctcp-trung-tam-hoi-cho-trien-lam-viet-nam.htm,1464,3275
2543,5,UPCoM,Phát triển và quản lý bất động sản,VES,CTCP Đầu tư và Xây dựng Điện Mêca Vneco,9007500,https://finance.vietstock.vn/VES-ctcp-dau-tu-va-xay-dung-dien-meca-vneco.htm,1465,3275
4614,5,UPCoM,"Dược phẩm, Công nghệ sinh học và Khoa học thường thức",VET,CTCP Thuốc thú y Trung ương Navetco,16000000,https://finance.vietstock.vn/VET-ctcp-thuoc-thu-y-trung-uong-navetco.htm,1466,3275
765,5,UPCoM,Vận tải,VFC,CTCP Vinafco,34000000,https://finance.vietstock.vn/VFC-ctcp-vinafco.htm,1467,3275
1875,1,HOSE,Phân phối và bán lẻ hàng lâu bền,VFG,CTCP Khử trùng Việt Nam,41714614,https://finance.vietstock.vn/VFG-ctcp-khu-trung-viet-nam.htm,1468,3275
988,5,UPCoM,Vận tải,VFR,CTCP Vận tải và Thuê tàu,15000000,https://finance.vietstock.vn/VFR-ctcp-van-tai-va-thue-tau.htm,1469,3275
1481,2,HNX,Dịch vụ tài chính,VFS,CTCP Chứng khoán Nhất Việt,120000000,https://finance.vietstock.vn/VFS-ctcp-chung-khoan-nhat-viet.htm,1470,3275
3619,1,HOSE,Nguyên vật liệu,VGC,Tổng Công ty Viglacera - CTCP,448350000,https://finance.vietstock.vn/VGC-tong-cong-ty-viglacera-ctcp.htm,1471,3275
2417,5,UPCoM,Hàng tiêu dùng và trang trí,VGG,Tổng Công ty cổ phần May Việt Tiến,44100000,https://finance.vietstock.vn/VGG-tong-cong-ty-co-phan-may-viet-tien.htm,1472,3275
2521,5,UPCoM,Dịch vụ viễn thông,VGI,Tổng Công ty cổ phần Đầu tư Quốc tế Viettel,3043811200,https://finance.vietstock.vn/VGI-tong-cong-ty-co-phan-dau-tu-quoc-te-viettel.htm,1473,3275
3963,5,UPCoM,Nguyên vật liệu,VGL,CTCP Mạ Kẽm Công Nghiệp Vingal - Vnsteel,9325155,https://finance.vietstock.vn/VGL-ctcp-ma-kem-cong-nghiep-vingal-vnsteel.htm,1474,3275
831,2,HNX,Vận tải,VGP,CTCP Cảng Rau Quả,8214692,https://finance.vietstock.vn/VGP-ctcp-cang-rau-qua.htm,1475,3275
4669,5,UPCoM,Vận tải,VGR,CTCP Cảng Xanh Vip,63250000,https://finance.vietstock.vn/VGR-ctcp-cang-xanh-vip.htm,1476,3275
1420,2,HNX,Nguyên vật liệu,VGS,CTCP Ống thép Việt Đức VG PIPE,55932126,https://finance.vietstock.vn/VGS-ctcp-ong-thep-viet-duc-vg-pipe.htm,1477,3275
3579,5,UPCoM,Hàng tiêu dùng và trang trí,VGT,Tập đoàn Dệt May Việt Nam,500000000,https://finance.vietstock.vn/VGT-tap-doan-det-may-viet-nam.htm,1478,3275
4308,5,UPCoM,Dịch vụ chuyên biệt và thương mại,VGV,Tổng Công ty Tư vấn Xây dựng Việt Nam - CTCP,35774448,https://finance.vietstock.vn/VGV-tong-cong-ty-tu-van-xay-dung-viet-nam-ctcp.htm,1479,3275
1063,1,HOSE,"Thực phẩm, đồ uống và thuốc lá",VHC,CTCP Vĩnh Hoàn,224453159,https://finance.vietstock.vn/VHC-ctcp-vinh-hoan.htm,1480,3275
2917,5,UPCoM,Phát triển và quản lý bất động sản,VHD,CTCP Đầu tư Phát triển Nhà và Đô Thị VINAHUD,38000000,https://finance.vietstock.vn/VHD-ctcp-dau-tu-phat-trien-nha-va-do-thi-vinahud.htm,1481,3275
4723,2,HNX,"Thực phẩm, đồ uống và thuốc lá",VHE,CTCP Dược liệu và Thực phẩm Việt Nam,33140000,https://finance.vietstock.vn/VHE-ctcp-duoc-lieu-va-thuc-pham-viet-nam.htm,1482,3275
2063,5,UPCoM,"Thực phẩm, đồ uống và thuốc lá",VHF,CTCP Xây dựng và Chế biến Lương thực Vĩnh Hà,21500000,https://finance.vietstock.vn/VHF-ctcp-xay-dung-va-che-bien-luong-thuc-vinh-ha.htm,1483,3275
1040,5,UPCoM,Nguyên vật liệu,VHG,CTCP Đầu tư Phát triển Việt Trung Nam,150000000,https://finance.vietstock.vn/VHG-ctcp-dau-tu-phat-trien-viet-trung-nam.htm,1484,3275
2345,5,UPCoM,Nguyên vật liệu,VHH,CTCP Đầu tư Kinh doanh Nhà Thành Đạt,7500000,https://finance.vietstock.vn/VHH-ctcp-dau-tu-kinh-doanh-nha-thanh-dat.htm,1485,3275
1484,2,HNX,Nguyên vật liệu,VHL,CTCP Viglacera Hạ Long,25000000,https://finance.vietstock.vn/VHL-ctcp-viglacera-ha-long.htm,1486,3275
4673,1,HOSE,Phát triển và quản lý bất động sản,VHM,CTCP Vinhomes,4354367488,https://finance.vietstock.vn/VHM-ctcp-vinhomes.htm,1487,3275
278,1,HOSE,Tổ chức tín dụng,VIB,Ngân hàng TMCP Quốc tế Việt Nam,2536807534,https://finance.vietstock.vn/VIB-ngan-hang-tmcp-quoc-te-viet-nam.htm,1488,3275
942,1,HOSE,Phát triển và quản lý bất động sản,VIC,Tập đoàn VINGROUP - CTCP,3823661561,https://finance.vietstock.vn/VIC-tap-doan-vingroup-ctcp.htm,1489,3275
832,1,HOSE,Phân phối và bán lẻ hàng lâu bền,VID,CTCP Đầu tư Phát triển Thương mại Viễn Đông,40836069,https://finance.vietstock.vn/VID-ctcp-dau-tu-phat-trien-thuong-mai-vien-dong.htm,1490,3275
2004,5,UPCoM,Dịch vụ viễn thông,VIE,CTCP Công nghệ Viễn thông VITECO,5061244,https://finance.vietstock.vn/VIE-ctcp-cong-nghe-vien-thong-viteco.htm,1491,3275
4282,2,HNX,Nguyên vật liệu,VIF,Tổng Công ty Lâm nghiệp Việt Nam - CTCP,350000000,https://finance.vietstock.vn/VIF-tong-cong-ty-lam-nghiep-viet-nam-ctcp.htm,1492,3275
1206,2,HNX,Dịch vụ tài chính,VIG,CTCP Chứng khoán Đầu tư tài chính Việt Nam,45133300,https://finance.vietstock.vn/VIG-ctcp-chung-khoan-dau-tu-tai-chinh-viet-nam.htm,1493,3275
1435,5,UPCoM,Nguyên vật liệu,VIH,CTCP Viglacera Hà Nội,5600000,https://finance.vietstock.vn/VIH-ctcp-viglacera-ha-noi.htm,1494,3275
2490,5,UPCoM,Nguyên vật liệu,VIM,CTCP Khoáng sản Viglacera,1250000,https://finance.vietstock.vn/VIM-ctcp-khoang-san-viglacera.htm,1495,3275
3005,5,UPCoM,Vận tải,VIN,CTCP Giao nhận Kho vận Ngoại Thương Việt Nam,25500000,https://finance.vietstock.vn/VIN-ctcp-giao-nhan-kho-van-ngoai-thuong-viet-nam.htm,1496,3275
833,1,HOSE,Vận tải,VIP,CTCP Vận tải Xăng dầu Vipco,68470941,https://finance.vietstock.vn/VIP-ctcp-van-tai-xang-dau-vipco.htm,1497,3275
2143,5,UPCoM,Dịch vụ tiêu dùng,VIR,CTCP Du lịch Quốc tế Vũng Tàu,8240000,https://finance.vietstock.vn/VIR-ctcp-du-lich-quoc-te-vung-tau.htm,1498,3275
1842,2,HNX,Nguyên vật liệu,VIT,CTCP Viglacera Tiên Sơn,50000000,https://finance.vietstock.vn/VIT-ctcp-viglacera-tien-son.htm,1499,3275
3663,5,UPCoM,Tư liệu sản xuất,VIW,Tổng Công ty Đầu tư Nước và Môi trường Việt Nam,58018600,https://finance.vietstock.vn/VIW-tong-cong-ty-dau-tu-nuoc-va-moi-truong-viet-nam.htm,1500,3275
1186,1,HOSE,Dịch vụ tài chính,VIX,CTCP Chứng khoán VIX,669444725,https://finance.vietstock.vn/VIX-ctcp-chung-khoan-vix.htm,1501,3275
2421,1,HOSE,Vận tải,VJC,CTCP Hàng không Vietjet,541611334,https://finance.vietstock.vn/VJC-ctcp-hang-khong-vietjet.htm,1502,3275
2701,5,UPCoM,Phân phối và bán lẻ hàng lâu bền,VKC,CTCP VKC Holdings ,20000000,https://finance.vietstock.vn/VKC-ctcp-vkc-holdings.htm,1503,3275
1156,5,UPCoM,Nguyên vật liệu,VKP,CTCP Nhựa Tân Hóa,8000000,https://finance.vietstock.vn/VKP-ctcp-nhua-tan-hoa.htm,1504,3275
2601,2,HNX,Dịch vụ tiêu dùng,VLA,CTCP Đầu tư và Phát triển Công nghệ Văn Lang,3995996,https://finance.vietstock.vn/VLA-ctcp-dau-tu-va-phat-trien-cong-nghe-van-lang.htm,1505,3275
4128,5,UPCoM,Nguyên vật liệu,VLB,CTCP Xây dựng và Sản xuất Vật liệu xây dựng Biên Hòa,46921600,https://finance.vietstock.vn/VLB-ctcp-xay-dung-va-san-xuat-vat-lieu-xay-dung-bien-hoa.htm,1506,3275
3577,5,UPCoM,"Thực phẩm, đồ uống và thuốc lá",VLC,Tổng Công ty Chăn Nuôi Việt Nam - CTCP,212491611,https://finance.vietstock.vn/VLC-tong-cong-ty-chan-nuoi-viet-nam-ctcp.htm,1507,3275
2213,5,UPCoM,"Thực phẩm, đồ uống và thuốc lá",VLF,CTCP Lương thực Thực phẩm Vĩnh Long,11959982,https://finance.vietstock.vn/VLF-ctcp-luong-thuc-thuc-pham-vinh-long.htm,1508,3275
3338,5,UPCoM,Vận tải,VLG,CTCP VIMC Logistics,14212130,https://finance.vietstock.vn/VLG-ctcp-vimc-logistics.htm,1509,3275
4527,5,UPCoM,Dịch vụ tiện ích,VLP,CTCP Công trình Công cộng Vĩnh Long,3536222,https://finance.vietstock.vn/VLP-ctcp-cong-trinh-cong-cong-vinh-long.htm,1510,3275
4277,5,UPCoM,Dịch vụ tiện ích,VLW,CTCP Cấp nước Vĩnh Long,28900000,https://finance.vietstock.vn/VLW-ctcp-cap-nuoc-vinh-long.htm,1511,3275
2479,5,UPCoM,Xe và linh kiện,VMA,CTCP Công nghiệp Ô tô - Vinacomin,2700000,https://finance.vietstock.vn/VMA-ctcp-cong-nghiep-o-to-vinacomin.htm,1512,3275
989,2,HNX,Tư liệu sản xuất,VMC,CTCP Vimeco,26134132,https://finance.vietstock.vn/VMC-ctcp-vimeco.htm,1513,3275
2235,1,HOSE,Phân phối và bán lẻ hàng lâu bền,VMD,CTCP Y Dược phẩm Vimedimex,15440268,https://finance.vietstock.vn/VMD-ctcp-y-duoc-pham-vimedimex.htm,1514,3275
1830,5,UPCoM,Dịch vụ tiện ích,VMG,CTCP Thương mại và Dịch vụ Dầu khí Vũng Tàu,9600000,https://finance.vietstock.vn/VMG-ctcp-thuong-mai-va-dich-vu-dau-khi-vung-tau.htm,1515,3275
5600,5,UPCoM,Dịch vụ tiện ích,VMK,CTCP Vimarko,3885000,https://finance.vietstock.vn/VMK-ctcp-vimarko.htm,1516,3275
2265,2,HNX,Vận tải,VMS,CTCP Phát triển Hàng Hải,9000000,https://finance.vietstock.vn/VMS-ctcp-phat-trien-hang-hai.htm,1517,3275
4926,5,UPCoM,Vận tải,VMT,CTCP Giao nhận Vận tải miền Trung,3150000,https://finance.vietstock.vn/VMT-ctcp-giao-nhan-van-tai-mien-trung.htm,1518,3275
1291,5,UPCoM,Vận tải,VNA,CTCP Vận tải Biển Vinaship,33999960,https://finance.vietstock.vn/VNA-ctcp-van-tai-bien-vinaship.htm,1519,3275
4266,5,UPCoM,Truyền thông và giải trí,VNB,CTCP Sách Việt Nam,67909960,https://finance.vietstock.vn/VNB-ctcp-sach-viet-nam.htm,1520,3275
990,2,HNX,Dịch vụ chuyên biệt và thương mại,VNC,CTCP Tập đoàn Vinacontrol,10499955,https://finance.vietstock.vn/VNC-ctcp-tap-doan-vinacontrol.htm,1521,3275
1377,1,HOSE,Dịch vụ tài chính,VND,CTCP Chứng khoán VNDIRECT ,1522299908,https://finance.vietstock.vn/VND-ctcp-chung-khoan-vndirect.htm,1522,3275
995,1,HOSE,Tư liệu sản xuất,VNE,Tổng Công ty cổ phần Xây dựng Điện Việt Nam,90432953,https://finance.vietstock.vn/VNE-tong-cong-ty-co-phan-xay-dung-dien-viet-nam.htm,1523,3275
2337,2,HNX,Vận tải,VNF,CTCP Vinafreight,31715880,https://finance.vietstock.vn/VNF-ctcp-vinafreight.htm,1524,3275
1995,1,HOSE,Dịch vụ tiêu dùng,VNG,CTCP Du lịch Thành Thành Công,97276608,https://finance.vietstock.vn/VNG-ctcp-du-lich-thanh-thanh-cong.htm,1525,3275
2530,5,UPCoM,"Thực phẩm, đồ uống và thuốc lá",VNH,CTCP Đầu tư Việt Việt Nhật,8023071,https://finance.vietstock.vn/VNH-ctcp-dau-tu-viet-viet-nhat.htm,1526,3275
1818,5,UPCoM,Phát triển và quản lý bất động sản,VNI,CTCP Đầu tư Bất động sản Việt Nam,10559996,https://finance.vietstock.vn/VNI-ctcp-dau-tu-bat-dong-san-viet-nam.htm,1527,3275
1673,1,HOSE,Vận tải,VNL,CTCP Logistics Vinalink,14140487,https://finance.vietstock.vn/VNL-ctcp-logistics-vinalink.htm,1528,3275
686,1,HOSE,"Thực phẩm, đồ uống và thuốc lá",VNM,CTCP Sữa Việt Nam,2089955445,https://finance.vietstock.vn/VNM-ctcp-sua-viet-nam.htm,1529,3275
2512,5,UPCoM,Nguyên vật liệu,VNP,CTCP Nhựa Việt Nam,19428913,https://finance.vietstock.vn/VNP-ctcp-nhua-viet-nam.htm,1530,3275
992,2,HNX,Bảo hiểm,VNR,Tổng Công ty cổ phần Tái Bảo hiểm Quốc gia Việt Nam,165810617,https://finance.vietstock.vn/VNR-tong-cong-ty-co-phan-tai-bao-hiem-quoc-gia-viet-nam.htm,1531,3275
1228,1,HOSE,Vận tải,VNS,CTCP Ánh Dương Việt Nam,67859192,https://finance.vietstock.vn/VNS-ctcp-anh-duong-viet-nam.htm,1532,3275
1672,2,HNX,Vận tải,VNT,CTCP Giao nhận Vận tải Ngoại thương,16699497,https://finance.vietstock.vn/VNT-ctcp-giao-nhan-van-tai-ngoai-thuong.htm,1533,3275
2476,5,UPCoM,Truyền thông và giải trí,VNX,CTCP Quảng cáo và Hội chợ Thương mại,1224948,https://finance.vietstock.vn/VNX-ctcp-quang-cao-va-hoi-cho-thuong-mai.htm,1534,3275
2759,5,UPCoM,"Dược phẩm, Công nghệ sinh học và Khoa học thường thức",VNY,CTCP Thuốc thú y Trung ương I,16249969,https://finance.vietstock.vn/VNY-ctcp-thuoc-thu-y-trung-uong-i.htm,1535,3275
3095,5,UPCoM,Truyền thông và giải trí,VNZ,CTCP VNG ,28736000,https://finance.vietstock.vn/VNZ-ctcp-vng.htm,1536,3275
3748,5,UPCoM,"Thực phẩm, đồ uống và thuốc lá",VOC,Tổng Công ty Công Nghiệp Dầu Thực Vật Việt Nam - CTCP,121800000,https://finance.vietstock.vn/VOC-tong-cong-ty-cong-nghiep-dau-thuc-vat-viet-nam-ctcp.htm,1537,3275
2402,1,HOSE,Vận tải,VOS,CTCP Vận tải Biển Việt Nam,140000000,https://finance.vietstock.vn/VOS-ctcp-van-tai-bien-viet-nam.htm,1538,3275
3171,5,UPCoM,Vận tải,VPA,CTCP Vận tải Hoá Dầu VP,15076177,https://finance.vietstock.vn/VPA-ctcp-van-tai-hoa-dau-vp.htm,1539,3275
1175,1,HOSE,Tổ chức tín dụng,VPB,Ngân hàng TMCP Việt Nam Thịnh Vượng,7933923601,https://finance.vietstock.vn/VPB-ngan-hang-tmcp-viet-nam-thinh-vuong.htm,1540,3275
1834,5,UPCoM,Tư liệu sản xuất,VPC,CTCP Đầu tư và Phát triển Năng lượng Việt Nam,5625000,https://finance.vietstock.vn/VPC-ctcp-dau-tu-va-phat-trien-nang-luong-viet-nam.htm,1541,3275
4297,1,HOSE,Dịch vụ tiện ích,VPD,CTCP Phát triển Điện lực Việt Nam,106589629,https://finance.vietstock.vn/VPD-ctcp-phat-trien-dien-luc-viet-nam.htm,1542,3275
4644,1,HOSE,Phân phối và bán lẻ hàng lâu bền,VPG,CTCP Đầu tư Thương mại Xuất nhập khẩu Việt Phát,88415751,https://finance.vietstock.vn/VPG-ctcp-dau-tu-thuong-mai-xuat-nhap-khau-viet-phat.htm,1543,3275
1819,1,HOSE,Phát triển và quản lý bất động sản,VPH,CTCP Vạn Phát Hưng,95357800,https://finance.vietstock.vn/VPH-ctcp-van-phat-hung.htm,1544,3275
4568,1,HOSE,Phát triển và quản lý bất động sản,VPI,CTCP Đầu tư Văn Phú - INVEST,290399385,https://finance.vietstock.vn/VPI-ctcp-dau-tu-van-phu-invest.htm,1545,3275
4413,5,UPCoM,Phát triển và quản lý bất động sản,VPR,CTCP VinaPrint,5033539,https://finance.vietstock.vn/VPR-ctcp-vinaprint.htm,1546,3275
1726,1,HOSE,Nguyên vật liệu,VPS,CTCP Thuốc sát trùng Việt Nam ,24460792,https://finance.vietstock.vn/VPS-ctcp-thuoc-sat-trung-viet-nam.htm,1547,3275
4590,5,UPCoM,Dịch vụ tiện ích,VPW,CTCP Cấp thoát nước Số 1 Vĩnh Phúc,11168676,https://finance.vietstock.vn/VPW-ctcp-cap-thoat-nuoc-so-1-vinh-phuc.htm,1548,3275
2102,5,UPCoM,Dịch vụ chuyên biệt và thương mại,VQC,CTCP Giám định - Vinacomin,3599580,https://finance.vietstock.vn/VQC-ctcp-giam-dinh-vinacomin.htm,1549,3275
2229,1,HOSE,Phát triển và quản lý bất động sản,VRC,CTCP Bất động sản và Đầu tư VRC,50000000,https://finance.vietstock.vn/VRC-ctcp-bat-dong-san-va-dau-tu-vrc.htm,1550,3275
4585,1,HOSE,Phát triển và quản lý bất động sản,VRE,CTCP Vincom Retail,2328818410,https://finance.vietstock.vn/VRE-ctcp-vincom-retail.htm,1551,3275
2503,5,UPCoM,Phát triển và quản lý bất động sản,VRG,CTCP Phát triển Đô thị và Khu công nghiệp Cao su Việt Nam,25894868,https://finance.vietstock.vn/VRG-ctcp-phat-trien-do-thi-va-khu-cong-nghiep-cao-su-viet-nam.htm,1552,3275
1410,2,HNX,Vận tải,VSA,CTCP Đại lý Hàng hải Việt Nam,14096486,https://finance.vietstock.vn/VSA-ctcp-dai-ly-hang-hai-viet-nam.htm,1553,3275
1039,1,HOSE,Vận tải,VSC,CTCP Container Việt Nam,286796819,https://finance.vietstock.vn/VSC-ctcp-container-viet-nam.htm,1554,3275
4709,5,UPCoM,Tư liệu sản xuất,VSE,CTCP Dịch vụ Đường cao tốc Việt Nam,8937250,https://finance.vietstock.vn/VSE-ctcp-dich-vu-duong-cao-toc-viet-nam.htm,1555,3275
4657,5,UPCoM,"Thực phẩm, đồ uống và thuốc lá",VSF,Tổng Công ty Lương thực Miền Nam - CTCP,500000000,https://finance.vietstock.vn/VSF-tong-cong-ty-luong-thuc-mien-nam-ctcp.htm,1556,3275
1311,5,UPCoM,Vận tải,VSG,CTCP Container Phía Nam,11044000,https://finance.vietstock.vn/VSG-ctcp-container-phia-nam.htm,1557,3275
764,1,HOSE,Dịch vụ tiện ích,VSH,CTCP Thủy điện Vĩnh Sơn - Sông Hinh,236241246,https://finance.vietstock.vn/VSH-ctcp-thuy-dien-vinh-son-song-hinh.htm,1558,3275
2698,1,HOSE,Tư liệu sản xuất,VSI,CTCP Đầu tư và Xây dựng Cấp thoát nước,13200000,https://finance.vietstock.vn/VSI-ctcp-dau-tu-va-xay-dung-cap-thoat-nuoc.htm,1559,3275
4483,2,HNX,Vận tải,VSM,CTCP Container Miền Trung,3354996,https://finance.vietstock.vn/VSM-ctcp-container-mien-trung.htm,1560,3275
4248,5,UPCoM,"Thực phẩm, đồ uống và thuốc lá",VSN,CTCP Việt Nam Kỹ nghệ Súc sản,80914300,https://finance.vietstock.vn/VSN-ctcp-viet-nam-ky-nghe-suc-san.htm,1561,3275
1493,5,UPCoM,Vận tải,VST,CTCP Vận tải và Thuê tàu biển Việt Nam,66999337,https://finance.vietstock.vn/VST-ctcp-van-tai-va-thue-tau-bien-viet-nam.htm,1562,3275
836,5,UPCoM,Nguyên vật liệu,VTA,CTCP Vitaly,8000000,https://finance.vietstock.vn/VTA-ctcp-vitaly.htm,1563,3275
837,1,HOSE,Công nghệ phần cứng và thiết bị,VTB,CTCP Viettronics Tân Bình,11982050,https://finance.vietstock.vn/VTB-ctcp-viettronics-tan-binh.htm,1564,3275
69,2,HNX,Dịch vụ viễn thông,VTC,CTCP Viễn thông VTC,4534696,https://finance.vietstock.vn/VTC-ctcp-vien-thong-vtc.htm,1565,3275
4765,5,UPCoM,Vận tải,VTD,CTCP Du lịch Vietourist,12000000,https://finance.vietstock.vn/VTD-ctcp-du-lich-vietourist.htm,1566,3275
2424,5,UPCoM,Chất bán dẫn và thiết bị bán dẫn,VTE,CTCP VINACAP Kim Long,15600000,https://finance.vietstock.vn/VTE-ctcp-vinacap-kim-long.htm,1567,3275
2507,5,UPCoM,Dịch vụ tiêu dùng,VTG,CTCP Du lịch Tỉnh Bà Rịa - Vũng Tàu,18644500,https://finance.vietstock.vn/VTG-ctcp-du-lich-tinh-ba-ria-vung-tau.htm,1568,3275
1651,2,HNX,Hàng tiêu dùng và trang trí,VTH,CTCP Dây cáp Điện Việt Thái,7899989,https://finance.vietstock.vn/VTH-ctcp-day-cap-dien-viet-thai.htm,1569,3275
2079,5,UPCoM,Hàng tiêu dùng và trang trí,VTI,CTCP Sản xuất - Xuất nhập khẩu Dệt may,3500000,https://finance.vietstock.vn/VTI-ctcp-san-xuat-xuat-nhap-khau-det-may.htm,1570,3275
1729,2,HNX,Phát triển và quản lý bất động sản,VTJ,CTCP Thương mại và Đầu tư VI NA TA BA,11400000,https://finance.vietstock.vn/VTJ-ctcp-thuong-mai-va-dau-tu-vi-na-ta-ba.htm,1571,3275
2945,5,UPCoM,Dịch vụ viễn thông,VTK,CTCP Tư Vấn Và Dịch Vụ Viettel,9383230,https://finance.vietstock.vn/VTK-ctcp-tu-van-va-dich-vu-viettel.htm,1572,3275
1108,5,UPCoM,"Thực phẩm, đồ uống và thuốc lá",VTL,CTCP Vang Thăng Long,10119984,https://finance.vietstock.vn/VTL-ctcp-vang-thang-long.htm,1573,3275
3222,5,UPCoM,Vận tải,VTM,CTCP Vận tải và Đưa đón thợ mỏ - VINACOMIN,3279797,https://finance.vietstock.vn/VTM-ctcp-van-tai-va-dua-don-tho-mo-vinacomin.htm,1574,3275
952,1,HOSE,Vận tải,VTO,CTCP Vận tải Xăng dầu Vitaco,79866666,https://finance.vietstock.vn/VTO-ctcp-van-tai-xang-dau-vitaco.htm,1575,3275
2511,1,HOSE,Vận tải,VTP,Tổng Công ty cổ phần Bưu chính Viettel,121783042,https://finance.vietstock.vn/VTP-tong-cong-ty-co-phan-buu-chinh-viettel.htm,1576,3275
4508,5,UPCoM,Nguyên vật liệu,VTQ,CTCP Việt Trung Quảng Bình,17081791,https://finance.vietstock.vn/VTQ-ctcp-viet-trung-quang-binh.htm,1577,3275
4224,5,UPCoM,Vận tải,VTR,CTCP Du lịch và Tiếp thị Giao thông Vận tải Việt Nam - Vietravel,29239090,https://finance.vietstock.vn/VTR-ctcp-du-lich-va-tiep-thi-giao-thong-van-tai-viet-nam-vietravel.htm,1578,3275
1109,5,UPCoM,Nguyên vật liệu,VTS,CTCP Viglacera Từ Sơn,2000205,https://finance.vietstock.vn/VTS-ctcp-viglacera-tu-son.htm,1579,3275
1113,2,HNX,Phân phối và bán lẻ hàng lâu bền,VTV,CTCP Năng lượng và Môi trường VICEM,31199825,https://finance.vietstock.vn/VTV-ctcp-nang-luong-va-moi-truong-vicem.htm,1580,3275
2826,5,UPCoM,Vận tải,VTX,CTCP Vận tải Đa Phương Thức Vietranstimex ,20972321,https://finance.vietstock.vn/VTX-ctcp-van-tai-da-phuong-thuc-vietranstimex.htm,1581,3275
4882,2,HNX,Nguyên vật liệu,VTZ,CTCP Sản xuất và Thương mại Nhựa Việt Thành,48159833,https://finance.vietstock.vn/VTZ-ctcp-san-xuat-va-thuong-mai-nhua-viet-thanh.htm,1582,3275
1375,5,UPCoM,Dịch vụ tài chính,VUA,CTCP Chứng khoán Stanley Brothers,33900000,https://finance.vietstock.vn/VUA-ctcp-chung-khoan-stanley-brothers.htm,1583,3275
3679,5,UPCoM,Tư liệu sản xuất,VVN,Tổng Công ty cổ phần Xây dựng Công nghiệp Việt Nam,55000000,https://finance.vietstock.vn/VVN-tong-cong-ty-co-phan-xay-dung-cong-nghiep-viet-nam.htm,1584,3275
4917,5,UPCoM,Phân phối và bán lẻ hàng lâu bền,VVS,CTCP Đầu tư phát triển máy Việt Nam,21525000,https://finance.vietstock.vn/VVS-ctcp-dau-tu-phat-trien-may-viet-nam.htm,1585,3275
1680,5,UPCoM,Tư liệu sản xuất,VW3,CTCP Viwaseen3,2000000,https://finance.vietstock.vn/VW3-ctcp-viwaseen3.htm,1586,3275
4434,5,UPCoM,Dịch vụ tiện ích,VWS,CTCP Nước và Môi Trường Việt Nam,3600000,https://finance.vietstock.vn/VWS-ctcp-nuoc-va-moi-truong-viet-nam.htm,1587,3275
1911,5,UPCoM,Tư liệu sản xuất,VXB,CTCP Vật liệu Xây dựng Bến Tre,4049006,https://finance.vietstock.vn/VXB-ctcp-vat-lieu-xay-dung-ben-tre.htm,1588,3275
4752,5,UPCoM,"Dược phẩm, Công nghệ sinh học và Khoa học thường thức",VXP,CTCP Thuốc Thú y Trung ương VETVACO,3600000,https://finance.vietstock.vn/VXP-ctcp-thuoc-thu-y-trung-uong-vetvaco.htm,1589,3275
2292,5,UPCoM,Phân phối và bán lẻ hàng lâu bền,VXT,CTCP Kho vận và Dịch vụ Thương mại,6011932,https://finance.vietstock.vn/VXT-ctcp-kho-van-va-dich-vu-thuong-mai.htm,1590,3275
2180,2,HNX,Vận tải,WCS,CTCP Bến xe Miền Tây,2500000,https://finance.vietstock.vn/WCS-ctcp-ben-xe-mien-tay.htm,1591,3275
1506,5,UPCoM,"Thực phẩm, đồ uống và thuốc lá",WSB,CTCP Bia Sài Gòn - Miền Tây,14500000,https://finance.vietstock.vn/WSB-ctcp-bia-sai-gon-mien-tay.htm,1592,3275
1203,2,HNX,Dịch vụ tài chính,WSS,CTCP Chứng khoán Phố Wall,50300000,https://finance.vietstock.vn/WSS-ctcp-chung-khoan-pho-wall.htm,1593,3275
2615,5,UPCoM,Vận tải,WTC,CTCP Vận tải Thủy - Vinacomin,10000000,https://finance.vietstock.vn/WTC-ctcp-van-tai-thuy-vinacomin.htm,1594,3275
4638,2,HNX,Hàng tiêu dùng và trang trí,X20,CTCP X20,17250000,https://finance.vietstock.vn/X20-ctcp-x20.htm,1595,3275
4696,5,UPCoM,Hàng tiêu dùng và trang trí,X26,CTCP 26,5000000,https://finance.vietstock.vn/X26-ctcp-26.htm,1596,3275
4456,5,UPCoM,Nguyên vật liệu,X77,CTCP Thành An 77,1340877,https://finance.vietstock.vn/X77-ctcp-thanh-an-77.htm,1597,3275
2131,5,UPCoM,Phát triển và quản lý bất động sản,XDH,CTCP Đầu tư Xây dựng Dân dụng Hà Nội,27026907,https://finance.vietstock.vn/XDH-ctcp-dau-tu-xay-dung-dan-dung-ha-noi.htm,1598,3275
4085,5,UPCoM,Nguyên vật liệu,XHC,CTCP Xuân Hòa Việt Nam,21096500,https://finance.vietstock.vn/XHC-ctcp-xuan-hoa-viet-nam.htm,1599,3275
3227,5,UPCoM,Tư liệu sản xuất,XLV,CTCP Xây Lắp và Dịch vụ Sông Đà,3000000,https://finance.vietstock.vn/XLV-ctcp-xay-lap-va-dich-vu-song-da.htm,1600,3275
1073,5,UPCoM,Phát triển và quản lý bất động sản,XMC,CTCP Đầu tư  và Xây dựng Xuân Mai,71405689,https://finance.vietstock.vn/XMC-ctcp-dau-tu-va-xay-dung-xuan-mai.htm,1601,3275
2469,5,UPCoM,Nguyên vật liệu,XMD,CTCP Xuân Mai - Đạo Tú,4000000,https://finance.vietstock.vn/XMD-ctcp-xuan-mai-dao-tu.htm,1602,3275
4876,5,UPCoM,Dịch vụ tiện ích,XMP,CTCP Thủy điện Xuân Minh,15000000,https://finance.vietstock.vn/XMP-ctcp-thuy-dien-xuan-minh.htm,1603,3275
2298,5,UPCoM,Đồ gia dụng và cá nhân,XPH,CTCP Xà phòng Hà Nội,12972475,https://finance.vietstock.vn/XPH-ctcp-xa-phong-ha-noi.htm,1604,3275
1138,5,UPCoM,Nguyên vật liệu,YBC,CTCP Xi măng và Khoáng sản Yên Bái,11800000,https://finance.vietstock.vn/YBC-ctcp-xi-mang-va-khoang-san-yen-bai.htm,1605,3275
4687,1,HOSE,Nguyên vật liệu,YBM,CTCP Khoáng sản Công nghiệp Yên Bái,14299880,https://finance.vietstock.vn/YBM-ctcp-khoang-san-cong-nghiep-yen-bai.htm,1606,3275
4680,1,HOSE,Truyền thông và giải trí,YEG,CTCP Tập đoàn Yeah1,137001454,https://finance.vietstock.vn/YEG-ctcp-tap-doan-yeah1.htm,1607,3275
2008,5,UPCoM,Phân phối và bán lẻ hàng lâu bền,YTC,CTCP Xuất nhập khẩu Y tế Thành phố Hồ Chí Minh,9548000,https://finance.vietstock.vn/YTC-ctcp-xuat-nhap-khau-y-te-thanh-pho-ho-chi-minh.htm,1608,3275
4210,3,OTC,,126IBC,CTCP Đầu tư Kinh doanh và Xây dựng 126,0,https://finance.vietstock.vn/126IBC-ctcp-dau-tu-kinh-doanh-va-xay-dung-126.htm,1609,3275
3396,4,Khác,,3TAudit,Công ty TNHH Dịch vụ Tài chính - Kế toán và Kiểm toán 3T,0,https://finance.vietstock.vn/3TAudit-cong-ty-tnhh-dich-vu-tai-chinh-ke-toan-va-kiem-toan-3t.htm,1610,3275
2572,4,Khác,,AA,Công ty TNHH Kiểm toán Mỹ,0,https://finance.vietstock.vn/AA-cong-ty-tnhh-kiem-toan-my.htm,1611,3275
1926,3,OTC,,AAAA,CTCP Bảo hiểm AAA,0,https://finance.vietstock.vn/AAAA-ctcp-bao-hiem-aaa.htm,1612,3275
2581,4,Khác,,AAAT,"Công ty TNHH Dịch vụ Kiểm toán, Kế toán và Tư vấn Thuế AAT",0,https://finance.vietstock.vn/AAAT-cong-ty-tnhh-dich-vu-kiem-toan-ke-toan-va-tu-van-thue-aat.htm,1613,3275
2588,4,Khác,,AAC,Công ty TNHH Kiểm toán và Kế toán AAC,0,https://finance.vietstock.vn/AAC-cong-ty-tnhh-kiem-toan-va-ke-toan-aac.htm,1614,3275
3484,4,Khác,,AACA,Công ty TNHH Tư vấn và Kiểm toán Á Châu,0,https://finance.vietstock.vn/AACA-cong-ty-tnhh-tu-van-va-kiem-toan-a-chau.htm,1615,3275
3376,4,Khác,,AACC,Công ty TNHH Kế toán Kiểm toán Tư vấn Việt Nam,0,https://finance.vietstock.vn/AACC-cong-ty-tnhh-ke-toan-kiem-toan-tu-van-viet-nam.htm,1616,3275
3551,4,Khác,,AACVN,Công ty TNHH Kiểm toán - Tư vấn Định giá ACC Việt Nam,0,https://finance.vietstock.vn/AACVN-cong-ty-tnhh-kiem-toan-tu-van-dinh-gia-acc-viet-nam.htm,1617,3275
3409,4,Khác,,AAFC,Công ty TNHH Tư vấn Tài chính Kế toán và Kiểm toán Việt Nam,0,https://finance.vietstock.vn/AAFC-cong-ty-tnhh-tu-van-tai-chinh-ke-toan-va-kiem-toan-viet-nam.htm,1618,3275
2559,4,Khác,,AASC,Công ty TNHH Hãng Kiểm toán AASC,0,https://finance.vietstock.vn/AASC-cong-ty-tnhh-hang-kiem-toan-aasc.htm,1619,3275
2573,4,Khác,,AASCN,Công ty TNHH Dịch vụ Tư vấn Tài chính Kinh tế và Kiểm toán Nam Việt,0,https://finance.vietstock.vn/AASCN-cong-ty-tnhh-dich-vu-tu-van-tai-chinh-kinh-te-va-kiem-toan-nam-viet.htm,1620,3275
2582,4,Khác,,AASCS,Công ty TNHH Dịch vụ Tư vấn Tài chính Kế toán và Kiểm toán Phía Nam,0,https://finance.vietstock.vn/AASCS-cong-ty-tnhh-dich-vu-tu-van-tai-chinh-ke-toan-va-kiem-toan-phia-nam.htm,1621,3275
1285,3,OTC,,AAUS,CTCP Chứng khoán Á - Âu,3500000,https://finance.vietstock.vn/AAUS-ctcp-chung-khoan-a-au.htm,1622,3275
4947,4,Khác,,ABA,CTCP Giải pháp thương mại A BA,0,https://finance.vietstock.vn/ABA-ctcp-giai-phap-thuong-mai-a-ba.htm,1623,3275
3537,4,Khác,,ABBVietNam,Công ty TNHH Kiểm toán A.B.B Việt Nam,0,https://finance.vietstock.vn/ABBVietNam-cong-ty-tnhh-kiem-toan-a-b-b-viet-nam.htm,1624,3275
1948,3,OTC,,ABFM,CTCP Quản lý Quỹ đầu tư Chứng khoán An Bình,0,https://finance.vietstock.vn/ABFM-ctcp-quan-ly-quy-dau-tu-chung-khoan-an-binh.htm,1625,3275
2995,3,OTC,Tư liệu sản xuất,AC4,CTCP ACC-244,2940862,https://finance.vietstock.vn/AC4-ctcp-acc-244.htm,1626,3275
2569,4,Khác,,ACAGroup,Công ty TNHH Kiểm toán và Tư vấn Tài chính,0,https://finance.vietstock.vn/ACAGroup-cong-ty-tnhh-kiem-toan-va-tu-van-tai-chinh.htm,1627,3275
2032,4,Khác,,ACBC,Công ty TNHH MTV Quản lý Quỹ ACB,0,https://finance.vietstock.vn/ACBC-cong-ty-tnhh-mtv-quan-ly-quy-acb.htm,1628,3275
1157,4,Khác,,ACBS,Công ty TNHH Chứng khoán ACB,150000000,https://finance.vietstock.vn/ACBS-cong-ty-tnhh-chung-khoan-acb.htm,1629,3275
3589,3,OTC,,ACCCO,CTCP Tư vấn Kiến trúc và Xây dựng Thành phố Hồ Chí Minh,0,https://finance.vietstock.vn/ACCCO-ctcp-tu-van-kien-truc-va-xay-dung-thanh-pho-ho-chi-minh.htm,1630,3275
3406,4,Khác,,ACGroup,Công ty TNHH Tư vấn và Kiểm toán Quốc tế,0,https://finance.vietstock.vn/ACGroup-cong-ty-tnhh-tu-van-va-kiem-toan-quoc-te.htm,1631,3275
2367,3,OTC,,ACHAU,CTCP Tơ tằm Á Châu,5000000,https://finance.vietstock.vn/ACHAU-ctcp-to-tam-a-chau.htm,1632,3275
3381,4,Khác,,AChauAudit,Công ty TNHH Kiểm toán Quốc tế Á Châu,0,https://finance.vietstock.vn/AChauAudit-cong-ty-tnhh-kiem-toan-quoc-te-a-chau.htm,1633,3275
1485,3,OTC,,Aclii,CTCP Cho thuê Tài chính II Ngân hàng Nông nghiệp và Phát triển Nông thôn Việt Nam,0,https://finance.vietstock.vn/Aclii-ctcp-cho-thue-tai-chinh-ii-ngan-hang-nong-nghiep-va-phat-trien-nong-thon-viet-nam.htm,1634,3275
2587,4,Khác,,ACPA,Công ty TNHH Kiểm toán và Tư vấn Nexia  ACPA,0,https://finance.vietstock.vn/ACPA-cong-ty-tnhh-kiem-toan-va-tu-van-nexia-acpa.htm,1635,3275
3110,3,OTC,,ACSVN,CTCP ACS Việt Nam,10800000,https://finance.vietstock.vn/ACSVN-ctcp-acs-viet-nam.htm,1636,3275
3369,4,Khác,,ACVietNam,Công ty TNHH Tài chính và Kiểm toán Việt Nam,0,https://finance.vietstock.vn/ACVietNam-cong-ty-tnhh-tai-chinh-va-kiem-toan-viet-nam.htm,1637,3275
3503,4,Khác,,AEAAudit,Công ty TNHH Kiểm toán Đông Á,0,https://finance.vietstock.vn/AEAAudit-cong-ty-tnhh-kiem-toan-dong-a.htm,1638,3275
3588,3,OTC,,AECS,CTCP Tư vấn Xây dựng và Dịch vụ Hàng Không,0,https://finance.vietstock.vn/AECS-ctcp-tu-van-xay-dung-va-dich-vu-hang-khong.htm,1639,3275
4511,3,OTC,Dịch vụ chuyên biệt và thương mại,AFC,CTCP Nông Lâm nghiệp Bình Dương,10688363,https://finance.vietstock.vn/AFC-ctcp-nong-lam-nghiep-binh-duong.htm,1640,3275
2603,4,Khác,,AFCAudit,Công ty TNHH Kiểm toán AFC Việt Nam,0,https://finance.vietstock.vn/AFCAudit-cong-ty-tnhh-kiem-toan-afc-viet-nam.htm,1641,3275
3374,4,Khác,,AFCC,Công ty TNHH Kiểm toán và Tư vấn Tài chính A.F.C.C,0,https://finance.vietstock.vn/AFCC-cong-ty-tnhh-kiem-toan-va-tu-van-tai-chinh-a-f-c-c.htm,1642,3275
3384,4,Khác,,AFCVietNam,Công ty TNHH Kiểm toán và Tư vấn Tài chính Kế toán Việt Nam,0,https://finance.vietstock.vn/AFCVietNam-cong-ty-tnhh-kiem-toan-va-tu-van-tai-chinh-ke-toan-viet-nam.htm,1643,3275
4818,4,Khác,,AFCVietnamFund,Quỹ AFC Vietnam Fund,0,https://finance.vietstock.vn/AFCVietnamFund-quy-afc-vietnam-fund.htm,1644,3275
3432,4,Khác,,AFPAudit,Công ty TNHH Kiểm toán và Tư vấn AFP,0,https://finance.vietstock.vn/AFPAudit-cong-ty-tnhh-kiem-toan-va-tu-van-afp.htm,1645,3275
3557,4,Khác,,AFVI,Công ty TNHH Kiểm toán Tư vấn Tài chính và Đầu tư Việt Nam,0,https://finance.vietstock.vn/AFVI-cong-ty-tnhh-kiem-toan-tu-van-tai-chinh-va-dau-tu-viet-nam.htm,1646,3275
1455,3,OTC,"Thực phẩm, đồ uống và thuốc lá",AGC,CTCP Cà phê An Giang,8300000,https://finance.vietstock.vn/AGC-ctcp-ca-phe-an-giang.htm,1647,3275
1882,3,OTC,"Thực phẩm, đồ uống và thuốc lá",AGD,CTCP Gò Đàng,11999930,https://finance.vietstock.vn/AGD-ctcp-go-dang.htm,1648,3275
4664,3,OTC,Dịch vụ tiện ích,AGE,CTCP Môi trường Đô thị An Giang,19893000,https://finance.vietstock.vn/AGE-ctcp-moi-truong-do-thi-an-giang.htm,1649,3275
1162,4,Khác,,Agribank,Ngân hàng Nông nghiệp và Phát triển Nông thôn Việt Nam,0,https://finance.vietstock.vn/Agribank-ngan-hang-nong-nghiep-va-phat-trien-nong-thon-viet-nam.htm,1650,3275
4595,3,OTC,,AGRIMECO,Tổng Công ty Cơ điện Xây dựng - CTCP,0,https://finance.vietstock.vn/AGRIMECO-tong-cong-ty-co-dien-xay-dung-ctcp.htm,1651,3275
2391,3,OTC,,AgrimexcoCaMau,CTCP Xuất nhập khẩu Nông sản Thực phẩm Cà Mau,5000000,https://finance.vietstock.vn/AgrimexcoCaMau-ctcp-xuat-nhap-khau-nong-san-thuc-pham-ca-mau.htm,1652,3275
4603,3,OTC,,AGRITOUR,CTCP Du lịch Thương mại Nông nghiệp Việt Nam,0,https://finance.vietstock.vn/AGRITOUR-ctcp-du-lich-thuong-mai-nong-nghiep-viet-nam.htm,1653,3275
2822,3,OTC,,AGROMAS,CTCP Cơ điện Nông Nghiệp và Thủy Lợi II,0,https://finance.vietstock.vn/AGROMAS-ctcp-co-dien-nong-nghiep-va-thuy-loi-ii.htm,1654,3275
1645,3,OTC,,AGTourimex,CTCP Du lịch An Giang,0,https://finance.vietstock.vn/AGTourimex-ctcp-du-lich-an-giang.htm,1655,3275
2061,4,Khác,,AIA,Công ty TNHH Bảo hiểm Nhân thọ AIA (Việt Nam),0,https://finance.vietstock.vn/AIA-cong-ty-tnhh-bao-hiem-nhan-tho-aia-viet-nam.htm,1656,3275
3496,4,Khác,,AICA,Công ty TNHH Tư vấn - Kiểm toán Liên Minh Quốc tế,0,https://finance.vietstock.vn/AICA-cong-ty-tnhh-tu-van-kiem-toan-lien-minh-quoc-te.htm,1657,3275
2035,4,Khác,,AICapital,Công ty Quản lý Quỹ đầu tư A.I Capital,0,https://finance.vietstock.vn/AICapital-cong-ty-quan-ly-quy-dau-tu-a-i-capital.htm,1658,3275
4949,4,Khác,,AIG,CTCP Nguyên liệu Á Châu AIG,0,https://finance.vietstock.vn/AIG-ctcp-nguyen-lieu-a-chau-aig.htm,1659,3275
2778,3,OTC,,Airserco,CTCP Cung ứng Dịch vụ Hàng Không,2800000,https://finance.vietstock.vn/Airserco-ctcp-cung-ung-dich-vu-hang-khong.htm,1660,3275
2590,4,Khác,,AISC,Công ty TNHH Kiểm toán và Dịch vụ Tin học,0,https://finance.vietstock.vn/AISC-cong-ty-tnhh-kiem-toan-va-dich-vu-tin-hoc.htm,1661,3275
4098,3,OTC,,AITS,CTCP Tin học Viễn thông Hàng không,0,https://finance.vietstock.vn/AITS-ctcp-tin-hoc-vien-thong-hang-khong.htm,1662,3275
2353,3,OTC,,ALC,CTCP Âu Lạc,2890000,https://finance.vietstock.vn/ALC-ctcp-au-lac.htm,1663,3275
1064,3,OTC,Hàng tiêu dùng và trang trí,ALP,CTCP Đầu tư Alphanam,192484413,https://finance.vietstock.vn/ALP-ctcp-dau-tu-alphanam.htm,1664,3275
4781,3,OTC,,ALS,CTCP Logistics Hàng không,0,https://finance.vietstock.vn/ALS-ctcp-logistics-hang-khong.htm,1665,3275
2648,3,OTC,,AMIC,CTCP Đầu tư AMIC,12000000,https://finance.vietstock.vn/AMIC-ctcp-dau-tu-amic.htm,1666,3275
4406,3,OTC,,ANCO,CTCP Dinh dưỡng Nông nghiệp Quốc tế,0,https://finance.vietstock.vn/ANCO-ctcp-dinh-duong-nong-nghiep-quoc-te.htm,1667,3275
3548,4,Khác,,AnPhatAudit,Công ty TNHH Kiểm toán và Kế toán An Phát,0,https://finance.vietstock.vn/AnPhatAudit-cong-ty-tnhh-kiem-toan-va-ke-toan-an-phat.htm,1668,3275
1947,3,OTC,,AnphatCapital,CTCP Quản lý Quỹ NTP,2500000,https://finance.vietstock.vn/AnphatCapital-ctcp-quan-ly-quy-ntp.htm,1669,3275
1496,3,OTC,,AnPhu,CTCP An Phú,0,https://finance.vietstock.vn/AnPhu-ctcp-an-phu.htm,1670,3275
3608,3,OTC,,AnPhuCorp,CTCP Đầu tư Bất động sản An Phú,0,https://finance.vietstock.vn/AnPhuCorp-ctcp-dau-tu-bat-dong-san-an-phu.htm,1671,3275
2570,4,Khác,,AnPhuGroup,Công ty TNHH Kiểm toán An Phú,0,https://finance.vietstock.vn/AnPhuGroup-cong-ty-tnhh-kiem-toan-an-phu.htm,1672,3275
3625,3,OTC,,Anresco,CTCP Địa ốc An Giang,0,https://finance.vietstock.vn/Anresco-ctcp-dia-oc-an-giang.htm,1673,3275
1230,4,Khác,,ANZB,Ngân hàng TNHH MTV ANZ Việt Nam,0,https://finance.vietstock.vn/ANZB-ngan-hang-tnhh-mtv-anz-viet-nam.htm,1674,3275
2062,4,Khác,,AON,Công ty TNHH AON Việt Nam,0,https://finance.vietstock.vn/AON-cong-ty-tnhh-aon-viet-nam.htm,1675,3275
3542,4,Khác,,APBAudit,Công ty TNHH Kiểm toán và Kế toán A.P.B,0,https://finance.vietstock.vn/APBAudit-cong-ty-tnhh-kiem-toan-va-ke-toan-a-p-b.htm,1676,3275
3377,4,Khác,,ApecAudit,Công ty TNHH Kiểm toán APEC,0,https://finance.vietstock.vn/ApecAudit-cong-ty-tnhh-kiem-toan-apec.htm,1677,3275
2890,3,OTC,,Aplaco,CTCP Nhựa Cao Cấp Hàng Không,0,https://finance.vietstock.vn/Aplaco-ctcp-nhua-cao-cap-hang-khong.htm,1678,3275
4053,3,OTC,,APRest,CTCP Thương mại Đầu tư Bất động sản An Phát,50000000,https://finance.vietstock.vn/APRest-ctcp-thuong-mai-dau-tu-bat-dong-san-an-phat.htm,1679,3275
1320,3,OTC,,APSC,CTCP Chứng khoán Alpha,0,https://finance.vietstock.vn/APSC-ctcp-chung-khoan-alpha.htm,1680,3275
4732,3,OTC,Hàng tiêu dùng và trang trí,AQN,CTCP 28 Quảng Ngãi,1511097,https://finance.vietstock.vn/AQN-ctcp-28-quang-ngai.htm,1681,3275
2200,3,OTC,,Artexport,CTCP Xuất nhập khẩu Thủ công mỹ nghệ,0,https://finance.vietstock.vn/Artexport-ctcp-xuat-nhap-khau-thu-cong-my-nghe.htm,1682,3275
2782,3,OTC,,ArtexSaigon,CTCP Xuất nhập khẩu Hàng tiểu thủ công nghiệp Sài Gòn,2564430,https://finance.vietstock.vn/ArtexSaigon-ctcp-xuat-nhap-khau-hang-tieu-thu-cong-nghiep-sai-gon.htm,1683,3275
3407,4,Khác,,ASCAudit,Công ty TNHH Kiểm toán ASC,0,https://finance.vietstock.vn/ASCAudit-cong-ty-tnhh-kiem-toan-asc.htm,1684,3275
4768,3,OTC,,ASCH,CTCP Hóa chất Á Châu,0,https://finance.vietstock.vn/ASCH-ctcp-hoa-chat-a-chau.htm,1685,3275
3420,4,Khác,,ASCO,Công ty TNHH Kiểm toán ASCO,0,https://finance.vietstock.vn/ASCO-cong-ty-tnhh-kiem-toan-asco.htm,1686,3275
4378,3,OTC,,ASCSaiGon,CTCP Đầu tư Nông nghiệp ASC Sài Gòn,0,https://finance.vietstock.vn/ASCSaiGon-ctcp-dau-tu-nong-nghiep-asc-sai-gon.htm,1687,3275
3762,3,OTC,Tư liệu sản xuất,ASD,CTCP Sông Đà Hà Nội,4500000,https://finance.vietstock.vn/ASD-ctcp-song-da-ha-noi.htm,1688,3275
3485,4,Khác,,AseanAudit,Công ty TNHH Kiểm toán và Tư vấn ASEAN,0,https://finance.vietstock.vn/AseanAudit-cong-ty-tnhh-kiem-toan-va-tu-van-asean.htm,1689,3275
3061,3,OTC,,ASIACorp,CTCP Châu Á,3600000,https://finance.vietstock.vn/ASIACorp-ctcp-chau-a.htm,1690,3275
3055,3,OTC,Dịch vụ tài chính,ASIAGF,Quỹ đầu tư Tăng trưởng ACB,24008000,https://finance.vietstock.vn/ASIAGF-quy-dau-tu-tang-truong-acb.htm,1691,3275
2558,4,Khác,,ASNAF,Công ty TNHH Kiểm toán ASNAF VN,0,https://finance.vietstock.vn/ASNAF-cong-ty-tnhh-kiem-toan-asnaf-vn.htm,1692,3275
3512,4,Khác,,ATAAudit,Công ty TNHH Kiểm toán Quốc tế ATA,0,https://finance.vietstock.vn/ATAAudit-cong-ty-tnhh-kiem-toan-quoc-te-ata.htm,1693,3275
2556,4,Khác,,ATAX,Công ty TNHH Kiểm toán và Tư vấn Thuế ATAX,0,https://finance.vietstock.vn/ATAX-cong-ty-tnhh-kiem-toan-va-tu-van-thue-atax.htm,1694,3275
3094,3,OTC,,ATC,CTCP Sản xuất - Thương mại - Xuất nhập khẩu Viễn Thông A,3000000,https://finance.vietstock.vn/ATC-ctcp-san-xuat-thuong-mai-xuat-nhap-khau-vien-thong-a.htm,1695,3275
4746,3,OTC,Hàng tiêu dùng và trang trí,ATD,CTCP 28 Đà Nẵng,1544300,https://finance.vietstock.vn/ATD-ctcp-28-da-nang.htm,1696,3275
3434,4,Khác,,ATICVietnam,Công ty TNHH Kiểm toán Tư vấn Việt Nam,0,https://finance.vietstock.vn/ATICVietnam-cong-ty-tnhh-kiem-toan-tu-van-viet-nam.htm,1697,3275
1322,3,OTC,,ATSC,CTCP Chứng khoán An Thành,4100000,https://finance.vietstock.vn/ATSC-ctcp-chung-khoan-an-thanh.htm,1698,3275
3535,4,Khác,,AUDI,Công ty TNHH Kiểm toán - Tư vấn Thuế,0,https://finance.vietstock.vn/AUDI-cong-ty-tnhh-kiem-toan-tu-van-thue.htm,1699,3275
2589,4,Khác,,AuditConsult,Công ty TNHH Kiểm toán và Tư vấn A&C,0,https://finance.vietstock.vn/AuditConsult-cong-ty-tnhh-kiem-toan-va-tu-van-ac.htm,1700,3275
3390,4,Khác,,AuLac,Công ty TNHH Kiểm toán Âu Lạc,0,https://finance.vietstock.vn/AuLac-cong-ty-tnhh-kiem-toan-au-lac.htm,1701,3275
2835,3,OTC,"Thực phẩm, đồ uống và thuốc lá",AUM,CTCP Vinacafe Sơn Thành,1000000,https://finance.vietstock.vn/AUM-ctcp-vinacafe-son-thanh.htm,1702,3275
3649,3,OTC,,Auto15,CTCP Ô tô 1-5,0,https://finance.vietstock.vn/Auto15-ctcp-o-to-1-5.htm,1703,3275
2591,4,Khác,,AVA,Công ty TNHH Kiểm toán và Thẩm định giá Việt Nam,0,https://finance.vietstock.vn/AVA-cong-ty-tnhh-kiem-toan-va-tham-dinh-gia-viet-nam.htm,1704,3275
3509,4,Khác,,AVICO,Công ty TNHH Kiểm toán AVICO,0,https://finance.vietstock.vn/AVICO-cong-ty-tnhh-kiem-toan-avico.htm,1705,3275
2188,3,OTC,,Avicon,CTCP Công trình Hàng không,0,https://finance.vietstock.vn/Avicon-ctcp-cong-trinh-hang-khong.htm,1706,3275
2576,4,Khác,,AVINA,"Công ty TNHH Tư vấn Thuế, Kế toán và Kiểm toán Việt Nam",0,https://finance.vietstock.vn/AVINA-cong-ty-tnhh-tu-van-thue-ke-toan-va-kiem-toan-viet-nam.htm,1707,3275
1183,3,OTC,Dịch vụ tài chính,AVS,CTCP Chứng khoán Âu Việt,0,https://finance.vietstock.vn/AVS-ctcp-chung-khoan-au-viet.htm,1708,3275
3029,3,OTC,,AzureCity,CTCP Thành Phố Xanh,60000000,https://finance.vietstock.vn/AzureCity-ctcp-thanh-pho-xanh.htm,1709,3275
1135,3,OTC,Tư liệu sản xuất,B82,CTCP 482,5000000,https://finance.vietstock.vn/B82-ctcp-482.htm,1710,3275
2867,3,OTC,,BacGiang,CTCP Xuất nhập Khẩu Bắc Giang,0,https://finance.vietstock.vn/BacGiang-ctcp-xuat-nhap-khau-bac-giang.htm,1711,3275
2514,3,OTC,,BachViet,CTCP Công nghệ và Đầu tư Bách Việt,0,https://finance.vietstock.vn/BachViet-ctcp-cong-nghe-va-dau-tu-bach-viet.htm,1712,3275
3062,3,OTC,,BAFECO,CTCP Thức ăn Chăn nuôi Bạc Liêu,0,https://finance.vietstock.vn/BAFECO-ctcp-thuc-an-chan-nuoi-bac-lieu.htm,1713,3275
3763,3,OTC,Nguyên vật liệu,BAM,CTCP Khoáng sản và Luyện kim Bắc Á,30000000,https://finance.vietstock.vn/BAM-ctcp-khoang-san-va-luyen-kim-bac-a.htm,1714,3275
3912,4,Khác,,BaoBi277,Công ty TNHH MTV Bao Bì 277 Hà Nội,0,https://finance.vietstock.vn/BaoBi277-cong-ty-tnhh-mtv-bao-bi-277-ha-noi.htm,1715,3275
1562,3,OTC,,BaoBiDuoc,CTCP  Bao bì Dược,0,https://finance.vietstock.vn/BaoBiDuoc-ctcp-bao-bi-duoc.htm,1716,3275
1742,3,OTC,,BaoHoLaoDong,CTCP Tạp phẩm và Bảo hộ Lao động,0,https://finance.vietstock.vn/BaoHoLaoDong-ctcp-tap-pham-va-bao-ho-lao-dong.htm,1717,3275
1986,3,OTC,,BaoVietBank,Ngân hàng TMCP Bảo Việt,300000000,https://finance.vietstock.vn/BaoVietBank-ngan-hang-tmcp-bao-viet.htm,1718,3275
4268,3,OTC,,BaoVietResort,CTCP Khách Sạn và Du Lịch Bảo Việt,0,https://finance.vietstock.vn/BaoVietResort-ctcp-khach-san-va-du-lich-bao-viet.htm,1719,3275
2299,3,OTC,,Barotex,CTCP Thương mại và Đầu tư Barotex Việt Nam,65200000,https://finance.vietstock.vn/Barotex-ctcp-thuong-mai-va-dau-tu-barotex-viet-nam.htm,1720,3275
1436,3,OTC,"Thực phẩm, đồ uống và thuốc lá",BAS,CTCP Basa,9600000,https://finance.vietstock.vn/BAS-ctcp-basa.htm,1721,3275
1624,3,OTC,,Baseafood,CTCP Chế biến Xuất nhập khẩu Thủy sản Bà Rịa - Vũng Tàu,4800000,https://finance.vietstock.vn/Baseafood-ctcp-che-bien-xuat-nhap-khau-thuy-san-ba-ria-vung-tau.htm,1722,3275
4767,3,OTC,,BAV,CTCP Hàng không Tre Việt,0,https://finance.vietstock.vn/BAV-ctcp-hang-khong-tre-viet.htm,1723,3275
3586,3,OTC,,BBL,CTCP Bourbon Bến Lức,0,https://finance.vietstock.vn/BBL-ctcp-bourbon-ben-luc.htm,1724,3275
2739,6,Lào,,BCEL,Ngân hàng Ngoại Thương Lào,136577600,https://finance.vietstock.vn/BCEL-ngan-hang-ngoai-thuong-lao.htm,1725,3275
3054,4,Khác,,BCEL-KT,BCEL-KT Securities Co. LTD,0,https://finance.vietstock.vn/BCEL-KT-bcel-kt-securities-co-ltd.htm,1726,3275
1489,4,Khác,Phát triển và quản lý bất động sản,BCI,Công ty TNHH MTV Đầu tư Kinh doanh Nhà Khang Phúc,86720144,https://finance.vietstock.vn/BCI-cong-ty-tnhh-mtv-dau-tu-kinh-doanh-nha-khang-phuc.htm,1727,3275
3654,3,OTC,Tư liệu sản xuất,BDC,Tổng Công ty Xây dựng Bạch Đằng - CTCP,21735900,https://finance.vietstock.vn/BDC-tong-cong-ty-xay-dung-bach-dang-ctcp.htm,1728,3275
3104,3,OTC,Hàng tiêu dùng và trang trí,BDF,CTCP Giày Bình Định,1550000,https://finance.vietstock.vn/BDF-ctcp-giay-binh-dinh.htm,1729,3275
4622,3,OTC,,BDMienTrung,CTCP Xây lắp Bưu điện Miền Trung,0,https://finance.vietstock.vn/BDMienTrung-ctcp-xay-lap-buu-dien-mien-trung.htm,1730,3275
3523,4,Khác,,BDOAudit,Công ty TNHH Kiểm toán BDO,0,https://finance.vietstock.vn/BDOAudit-cong-ty-tnhh-kiem-toan-bdo.htm,1731,3275
4493,3,OTC,Phát triển và quản lý bất động sản,BDP,CTCP Biệt thự và Khách sạn biển Đông Phương,25000000,https://finance.vietstock.vn/BDP-ctcp-biet-thu-va-khach-san-bien-dong-phuong.htm,1732,3275
2500,3,OTC,"Thực phẩm, đồ uống và thuốc lá",BDS,CTCP Đường Bình Định,3400000,https://finance.vietstock.vn/BDS-ctcp-duong-binh-dinh.htm,1733,3275
4463,3,OTC,,BDSDKVN,CTCP Bất động sản Dầu khí Việt Nam,0,https://finance.vietstock.vn/BDSDKVN-ctcp-bat-dong-san-dau-khi-viet-nam.htm,1734,3275
3771,3,OTC,,BDSThanhNien,CTCP Bất động sản Thanh Niên,0,https://finance.vietstock.vn/BDSThanhNien-ctcp-bat-dong-san-thanh-nien.htm,1735,3275
3240,3,OTC,,BecamexCMC,CTCP Vật liệu Xây dựng Becamex,0,https://finance.vietstock.vn/BecamexCMC-ctcp-vat-lieu-xay-dung-becamex.htm,1736,3275
4145,3,OTC,,BenhVienGiaoThong,CTCP Bệnh viện Giao thông Vận tải ,0,https://finance.vietstock.vn/BenhVienGiaoThong-ctcp-benh-vien-giao-thong-van-tai.htm,1737,3275
4936,3,OTC,,BenThanhG,Tổng Công ty Bến Thành,0,https://finance.vietstock.vn/BenThanhG-tong-cong-ty-ben-thanh.htm,1738,3275
4102,3,OTC,,Benthanhhouse,CTCP Phát triển và Dịch vụ Nhà Bến Thành,0,https://finance.vietstock.vn/Benthanhhouse-ctcp-phat-trien-va-dich-vu-nha-ben-thanh.htm,1739,3275
1324,3,OTC,,Beta,CTCP Chứng khoán Beta,40000000,https://finance.vietstock.vn/Beta-ctcp-chung-khoan-beta.htm,1740,3275
2002,3,OTC,,BeTongHaiAu,CTCP Bê tông Hải Âu,0,https://finance.vietstock.vn/BeTongHaiAu-ctcp-be-tong-hai-au.htm,1741,3275
2760,3,OTC,Nguyên vật liệu,BGM,CTCP Khai Thác và Chế Biến khoáng Sản Bắc Giang,45753840,https://finance.vietstock.vn/BGM-ctcp-khai-thac-va-che-bien-khoang-san-bac-giang.htm,1742,3275
3415,4,Khác,,BHAAC,Công ty TNHH Kiểm toán và Kế toán Biên Hoà,0,https://finance.vietstock.vn/BHAAC-cong-ty-tnhh-kiem-toan-va-ke-toan-bien-hoa.htm,1743,3275
4521,3,OTC,,BHDienMay,CTCP Bách hóa Điện máy Sài Gòn,0,https://finance.vietstock.vn/BHDienMay-ctcp-bach-hoa-dien-may-sai-gon.htm,1744,3275
784,4,Khác,"Thực phẩm, đồ uống và thuốc lá",BHS,Công ty TNHH MTV Đường TTC Biên Hòa - Đồng Nai,297874449,https://finance.vietstock.vn/BHS-cong-ty-tnhh-mtv-duong-ttc-bien-hoa-dong-nai.htm,1745,3275
2659,3,OTC,Tư liệu sản xuất,BHT,CTCP Đầu tư Xây dựng Bạch Đằng TMC,4565000,https://finance.vietstock.vn/BHT-ctcp-dau-tu-xay-dung-bach-dang-tmc.htm,1746,3275
893,3,OTC,Nguyên vật liệu,BHV,CTCP Bá Hiến,972013,https://finance.vietstock.vn/BHV-ctcp-ba-hien.htm,1747,3275
2799,3,OTC,,BiaCanTho,CTCP  Bia Nước giải khát Cần Thơ,2390000,https://finance.vietstock.vn/BiaCanTho-ctcp-bia-nuoc-giai-khat-can-tho.htm,1748,3275
2789,3,OTC,,BiaSaiGonDongNai,CTCP Bia Sài Gòn - Đồng Nai,0,https://finance.vietstock.vn/BiaSaiGonDongNai-ctcp-bia-sai-gon-dong-nai.htm,1749,3275
2818,3,OTC,,BiaSaiGonHaNam,CTCP Bia Sài Gòn - Hà Nam,0,https://finance.vietstock.vn/BiaSaiGonHaNam-ctcp-bia-sai-gon-ha-nam.htm,1750,3275
2795,3,OTC,,BiaSaiGonPhuYen,CTCP Bia Sài Gòn - Phú Yên,6000000,https://finance.vietstock.vn/BiaSaiGonPhuYen-ctcp-bia-sai-gon-phu-yen.htm,1751,3275
2277,3,OTC,,BiaSaiGonQuyNhon,CTCP Bia Sài Gòn - Quy Nhơn,0,https://finance.vietstock.vn/BiaSaiGonQuyNhon-ctcp-bia-sai-gon-quy-nhon.htm,1752,3275
2673,3,OTC,,BiaVietHa,CTCP Bia và Nước giải khát Việt Hà,0,https://finance.vietstock.vn/BiaVietHa-ctcp-bia-va-nuoc-giai-khat-viet-ha.htm,1753,3275
4907,4,Khác,,BIDVMetlife,Công ty TNHH Bảo hiểm nhân thọ BIDV Metlife,0,https://finance.vietstock.vn/BIDVMetlife-cong-ty-tnhh-bao-hiem-nhan-tho-bidv-metlife.htm,1754,3275
4305,4,Khác,,BikeThongNhat,CTCP Thống Nhất Hà Nội,0,https://finance.vietstock.vn/BikeThongNhat-ctcp-thong-nhat-ha-noi.htm,1755,3275
2448,3,OTC,,BinhAnSeaFood,CTCP Thủy sản Bình An,50000000,https://finance.vietstock.vn/BinhAnSeaFood-ctcp-thuy-san-binh-an.htm,1756,3275
4199,3,OTC,,BinhDien,CTCP Thủy điện Bình Điền,0,https://finance.vietstock.vn/BinhDien-ctcp-thuy-dien-bi`nh-dien.htm,1757,3275
1760,3,OTC,,BinhDinh,CTCP Vật tư Kỹ thuật Nông nghiệp Bình Định,0,https://finance.vietstock.vn/BinhDinh-ctcp-vat-tu-ky-thuat-nong-nghiep-binh-dinh.htm,1758,3275
2336,3,OTC,,BinhTriThien,CTCP Lương thực Bình Trị Thiên,0,https://finance.vietstock.vn/BinhTriThien-ctcp-luong-thuc-binh-tri-thien.htm,1759,3275
2973,3,OTC,,Biprica,CTCP In và Bao bì Bình Định,0,https://finance.vietstock.vn/Biprica-ctcp-in-va-bao-bi-binh-dinh.htm,1760,3275
3355,3,OTC,,BJC,CTCP VRG - Bảo Lộc,0,https://finance.vietstock.vn/BJC-ctcp-vrg-bao-loc.htm,1761,3275
1565,3,OTC,"Thực phẩm, đồ uống và thuốc lá",BKH,CTCP Bánh mứt kẹo Hà Nội,1750000,https://finance.vietstock.vn/BKH-ctcp-banh-mut-keo-ha-noi.htm,1762,3275
4728,3,OTC,Dịch vụ chuyên biệt và thương mại,BLU,Trung tâm Dịch vụ Đô thị tỉnh Bạc Liêu,1337600,https://finance.vietstock.vn/BLU-trung-tam-dich-vu-do-thi-tinh-bac-lieu.htm,1763,3275
4000,3,OTC,,Bluechipfund,Quỹ đầu tư Cổ phiếu Hàng đầu VCBF,0,https://finance.vietstock.vn/Bluechipfund-quy-dau-tu-co-phieu-hang-dau-vcbf.htm,1764,3275
4061,3,OTC,Dịch vụ tiện ích,BLW,CTCP Cấp nước Bạc Liêu,11168800,https://finance.vietstock.vn/BLW-ctcp-cap-nuoc-bac-lieu.htm,1765,3275
4748,3,OTC,Phân phối và bán lẻ hàng lâu bền,BM9,CTCP Đầu tư Xây dựng 319 Miền Nam,3795680,https://finance.vietstock.vn/BM9-ctcp-dau-tu-xay-dung-319-mien-nam.htm,1766,3275
2773,3,OTC,,BMJC,CTCP Xây dựng và Sản xuất Vật liệu Xây dựng,0,https://finance.vietstock.vn/BMJC-ctcp-xay-dung-va-san-xuat-vat-lieu-xay-dung.htm,1767,3275
4301,3,OTC,,BNC,CTCP Dịch vụ Cáp treo Bà Nà,216400000,https://finance.vietstock.vn/BNC-ctcp-dich-vu-cap-treo-ba-na.htm,1768,3275
1354,3,OTC,,BongSen,CTCP Bông Sen,32663788,https://finance.vietstock.vn/BongSen-ctcp-bong-sen.htm,1769,3275
4335,4,Khác,,BOT741,CTCP Kinh doanh BOT đường ĐT.741,0,https://finance.vietstock.vn/BOT741-ctcp-kinh-doanh-bot-duong-dt-741.htm,1770,3275
3787,4,Khác,,BOTRM,Công ty TNHH B.O.T Cầu Rạch Miễu,0,https://finance.vietstock.vn/BOTRM-cong-ty-tnhh-b-o-t-cau-rach-mieu.htm,1771,3275
1752,3,OTC,,BPMC,CTCP Vật tư Xăng dầu Bình Thuận,0,https://finance.vietstock.vn/BPMC-ctcp-vat-tu-xang-dau-binh-thuan.htm,1772,3275
4240,3,OTC,Dịch vụ tiện ích,BPW,CTCP Cấp thoát nước Bình Phước,13203858,https://finance.vietstock.vn/BPW-ctcp-cap-thoat-nuoc-binh-phuoc.htm,1773,3275
2114,3,OTC,,Britec,CTCP Tư vấn Thiết kế Cầu Lớn - Hầm,0,https://finance.vietstock.vn/Britec-ctcp-tu-van-thiet-ke-cau-lon-ham.htm,1774,3275
2741,3,OTC,,BSMCorp,CTCP Phần mềm Giải pháp Quản lý Mã vạch,0,https://finance.vietstock.vn/BSMCorp-ctcp-phan-mem-giai-phap-quan-ly-ma-vach.htm,1775,3275
41,3,OTC,Tư liệu sản xuất,BTC,CTCP Cơ khí  và Xây dựng Bình Triệu,30000000,https://finance.vietstock.vn/BTC-ctcp-co-khi-va-xay-dung-binh-trieu.htm,1776,3275
4532,3,OTC,,BTCom,CTCP Đầu tư Thương mại Bến Thành,0,https://finance.vietstock.vn/BTCom-ctcp-dau-tu-thuong-mai-ben-thanh.htm,1777,3275
4777,3,OTC,,BTJ,CTCP Vàng bạc Đá quý Bến Thành,0,https://finance.vietstock.vn/BTJ-ctcp-vang-bac-da-quy-ben-thanh.htm,1778,3275
2608,3,OTC,,BTL,CTCP Tập đoàn Capella,13625400,https://finance.vietstock.vn/BTL-ctcp-tap-doan-capella.htm,1779,3275
4320,3,OTC,Vận tải,BTR,CTCP Đường sắt Bình Trị Thiên,1850000,https://finance.vietstock.vn/BTR-ctcp-duong-sat-binh-tri-thien.htm,1780,3275
4606,3,OTC,,BTWASECO,CTCP Cấp thoát nước Bình Thuận,0,https://finance.vietstock.vn/BTWASECO-ctcp-cap-thoat-nuoc-binh-thuan.htm,1781,3275
4623,3,OTC,Dịch vụ chuyên biệt và thương mại,BUD,CTCP Khoa học Công nghệ Việt Nam,10000000,https://finance.vietstock.vn/BUD-ctcp-khoa-hoc-cong-nghe-viet-nam.htm,1782,3275
4505,3,OTC,,BuuDienCM,CTCP Xây lắp và Dịch vụ Bưu điện Cà Mau,0,https://finance.vietstock.vn/BuuDienCM-ctcp-xay-lap-va-dich-vu-buu-dien-ca-mau.htm,1783,3275
4139,3,OTC,,BVA,CTCP Sản xuất và Thương mại Bắc Việt,0,https://finance.vietstock.vn/BVA-ctcp-san-xuat-va-thuong-mai-bac-viet.htm,1784,3275
2761,3,OTC,,BVC,CTCP Nhựa Bảo Vân,24000000,https://finance.vietstock.vn/BVC-ctcp-nhua-bao-van.htm,1785,3275
3247,3,OTC,,BVF1,Quỹ đầu tư Chứng khoán Bảo Việt,0,https://finance.vietstock.vn/BVF1-quy-dau-tu-chung-khoan-bao-viet.htm,1786,3275
3646,3,OTC,,BVFED,Quỹ đầu tư Cổ phiếu Năng động Bảo Việt,0,https://finance.vietstock.vn/BVFED-quy-dau-tu-co-phieu-nang-dong-bao-viet.htm,1787,3275
2030,4,Khác,,BVFMC,Công ty TNHH Quản lý Quỹ Bảo Việt,0,https://finance.vietstock.vn/BVFMC-cong-ty-tnhh-quan-ly-quy-bao-viet.htm,1788,3275
1976,4,Khác,,BVIM,CTCP Quản lý Quỹ BVIM,0,https://finance.vietstock.vn/BVIM-ctcp-quan-ly-quy-bvim.htm,1789,3275
4272,4,Khác,,BXBTQuangNinh,Công ty TNHH MTV Bến Xe - Bến Tàu Quảng Ninh,0,https://finance.vietstock.vn/BXBTQuangNinh-cong-ty-tnhh-mtv-ben-xe-ben-tau-quang-ninh.htm,1790,3275
2513,3,OTC,Vận tải,BXD,CTCP Vận tải và Quản lý Bến xe Đà Nẵng,1736500,https://finance.vietstock.vn/BXD-ctcp-van-tai-va-quan-ly-ben-xe-da-nang.htm,1791,3275
4739,3,OTC,Vận tải,BXT,CTCP Bến xe Tàu Hậu Giang,63400,https://finance.vietstock.vn/BXT-ctcp-ben-xe-tau-hau-giang.htm,1792,3275
2848,3,OTC,Tư liệu sản xuất,C36,CTCP Quản lý và Xây dựng Công trình Giao thông 236,1123500,https://finance.vietstock.vn/C36-ctcp-quan-ly-va-xay-dung-cong-trinh-giao-thong-236.htm,1793,3275
3359,3,OTC,,C42,CTCP Xây dựng Thủy lợi 42,0,https://finance.vietstock.vn/C42-ctcp-xay-dung-thuy-loi-42.htm,1794,3275
3000,3,OTC,Tư liệu sản xuất,C71,CTCP 471,5000000,https://finance.vietstock.vn/C71-ctcp-471.htm,1795,3275
2583,4,Khác,,CAA,Công ty TNHH Tư vấn và Kiểm toán CA&A,0,https://finance.vietstock.vn/CAA-cong-ty-tnhh-tu-van-va-kiem-toan-caa.htm,1796,3275
4649,3,OTC,,CADICO,CTCP Cadico,0,https://finance.vietstock.vn/CADICO-ctcp-cadico.htm,1797,3275
4021,3,OTC,,Cafatex,CTCP Thủy sản Cafatex,0,https://finance.vietstock.vn/Cafatex-ctcp-thuy-san-cafatex.htm,1798,3275
2941,3,OTC,,CafeControl,CTCP Giám định Cà phê và Hàng Hoá Xuất nhập khẩu,1700000,https://finance.vietstock.vn/CafeControl-ctcp-giam-dinh-ca-phe-va-hang-hoa-xuat-nhap-khau.htm,1799,3275
3500,4,Khác,,CAGLOBAL,Công ty TNHH Kiểm toán và Tư vấn Toàn cầu,0,https://finance.vietstock.vn/CAGLOBAL-cong-ty-tnhh-kiem-toan-va-tu-van-toan-cau.htm,1800,3275
4178,3,OTC,Dịch vụ tiện ích,CAM,CTCP Môi trường đô thị Cà Mau,1310700,https://finance.vietstock.vn/CAM-ctcp-moi-truong-do-thi-ca-mau.htm,1801,3275
2851,3,OTC,,CamRanh,CTCP Thương mại Hàng không Cam Ranh,0,https://finance.vietstock.vn/CamRanh-ctcp-thuong-mai-hang-khong-cam-ranh.htm,1802,3275
2106,3,OTC,,CangVatCach,CTCP Cảng Vật Cách,0,https://finance.vietstock.vn/CangVatCach-ctcp-cang-vat-cach.htm,1803,3275
2064,3,OTC,,CanHoNamLong,CTCP Phát triển Căn hộ Nam Long,0,https://finance.vietstock.vn/CanHoNamLong-ctcp-phat-trien-can-ho-nam-long.htm,1804,3275
3423,4,Khác,,CanhXuanAudit,Công ty TNHH Kiểm toán Cảnh Xuân,0,https://finance.vietstock.vn/CanhXuanAudit-cong-ty-tnhh-kiem-toan-canh-xuan.htm,1805,3275
4010,3,OTC,,CaoSuBinhDuong,CTCP Cao su Bình Dương,0,https://finance.vietstock.vn/CaoSuBinhDuong-ctcp-cao-su-binh-duong.htm,1806,3275
4209,4,Khác,,CAPHEDALAT,Công ty TNHH MTV Xuất nhập khẩu Cà phê Đà Lạt,0,https://finance.vietstock.vn/CAPHEDALAT-cong-ty-tnhh-mtv-xuat-nhap-khau-ca-phe-da-lat.htm,1807,3275
3988,4,Khác,,CapitaLand,Công ty TNHH Quản lý Bất động sản CapitalLand,0,https://finance.vietstock.vn/CapitaLand-cong-ty-tnhh-quan-ly-bat-dong-san-capitalland.htm,1808,3275
4423,3,OTC,,CapNuocCanTho2,CTCP Cấp nước Cần Thơ II,0,https://finance.vietstock.vn/CapNuocCanTho2-ctcp-cap-nuoc-can-tho-ii.htm,1809,3275
4219,4,Khác,,CapNuocNghiaLo,Công ty TNHH Xây dựng Cấp thoát nước Nghĩa Lộ,0,https://finance.vietstock.vn/CapNuocNghiaLo-cong-ty-tnhh-xay-dung-cap-thoat-nuoc-nghia-lo.htm,1810,3275
4158,4,Khác,,CapNuocYenBai,Công ty TNHH MTV Cấp nước Yên Bái,0,https://finance.vietstock.vn/CapNuocYenBai-cong-ty-tnhh-mtv-ca´p-nuo´c-yen-ba´i.htm,1811,3275
2432,3,OTC,,CapQuang,CTCP Công nghệ Cáp quang và Thiết bị Bưu điện,0,https://finance.vietstock.vn/CapQuang-ctcp-cong-nghe-cap-quang-va-thiet-bi-buu-dien.htm,1812,3275
3111,3,OTC,,CapVietNhat,CTCP Đầu tư Thương mại Việt Nhật,10000000,https://finance.vietstock.vn/CapVietNhat-ctcp-dau-tu-thuong-mai-viet-nhat.htm,1813,3275
4902,3,OTC,Dịch vụ tiêu dùng,CAR,CTCP Tập đoàn Giáo dục Trí Việt,5059098,https://finance.vietstock.vn/CAR-ctcp-tap-doan-giao-duc-tri-viet.htm,1814,3275
3627,3,OTC,,Caric,CTCP Caric,0,https://finance.vietstock.vn/Caric-ctcp-caric.htm,1815,3275
2856,3,OTC,,CASHIN,CTCP Công nghiệp Tàu thủy và Vận tải Cần Thơ,4732985,https://finance.vietstock.vn/CASHIN-ctcp-cong-nghiep-tau-thuy-va-van-tai-can-tho.htm,1816,3275
3859,3,OTC,,CASOCO,CTCP Cảng Phú Định ,0,https://finance.vietstock.vn/CASOCO-ctcp-cang-phu-dinh.htm,1817,3275
2076,4,Khác,,CathayLife,Công ty TNHH Bảo hiểm Nhân thọ Cathay - Việt Nam,0,https://finance.vietstock.vn/CathayLife-cong-ty-tnhh-bao-hiem-nhan-tho-cathay-viet-nam.htm,1818,3275
3491,4,Khác,,CatTuongAudit,Công ty Kiểm toán Cát Tường VAI,0,https://finance.vietstock.vn/CatTuongAudit-cong-ty-kiem-toan-cat-tuong-vai.htm,1819,3275
2986,3,OTC,,Cau14,CTCP Cầu 14 - Cienco 1,0,https://finance.vietstock.vn/Cau14-ctcp-cau-14-cienco-1.htm,1820,3275
2987,3,OTC,,CauGiay,CTCP Đầu tư Thương mại Dịch vụ Cầu Giấy,7670000,https://finance.vietstock.vn/CauGiay-ctcp-dau-tu-thuong-mai-dich-vu-cau-giay.htm,1821,3275
2037,3,OTC,,CauTre,CTCP Thực phẩm CJ Cầu Tre,11700000,https://finance.vietstock.vn/CauTre-ctcp-thuc-pham-cj-cau-tre.htm,1822,3275
1283,3,OTC,Hàng tiêu dùng và trang trí,CAV,CTCP Dây Cáp điện Việt Nam,57600000,https://finance.vietstock.vn/CAV-ctcp-day-cap-dien-viet-nam.htm,1823,3275
1883,3,OTC,,Cavicob,CTCP Cavico Xây dựng Cầu Hầm,7000000,https://finance.vietstock.vn/Cavicob-ctcp-cavico-xay-dung-cau-ham.htm,1824,3275
1391,3,OTC,,CavicoEc,CTCP Xây dựng Năng lượng,3250000,https://finance.vietstock.vn/CavicoEc-ctcp-xay-dung-nang-luong.htm,1825,3275
1619,3,OTC,,CavicoGiaoThong,CTCP CAVICO Giao thông,0,https://finance.vietstock.vn/CavicoGiaoThong-ctcp-cavico-giao-thong.htm,1826,3275
1620,3,OTC,,CavicoHaTang,CTCP Cavico Xây dựng Hạ tầng,0,https://finance.vietstock.vn/CavicoHaTang-ctcp-cavico-xay-dung-ha-tang.htm,1827,3275
1622,3,OTC,,CavicoHC,CTCP Cavico Xây dựng Thủy điện,6455103,https://finance.vietstock.vn/CavicoHC-ctcp-cavico-xay-dung-thuy-dien.htm,1828,3275
3026,3,OTC,,CavicoVN,CTCP  Xây dựng và Đầu Tư Cavico Việt Nam,0,https://finance.vietstock.vn/CavicoVN-ctcp-xay-dung-va-dau-tu-cavico-viet-nam.htm,1829,3275
1538,3,OTC,,CayTrong,CTCP Giống cây trồng Quảng Ninh,0,https://finance.vietstock.vn/CayTrong-ctcp-giong-cay-trong-quang-ninh.htm,1830,3275
1221,4,Khác,,CBBank,Ngân hàng Thương mại TNHH MTV Xây dựng Việt Nam,750000000,https://finance.vietstock.vn/CBBank-ngan-hang-thuong-mai-tnhh-mtv-xay-dung-viet-nam.htm,1831,3275
4417,3,OTC,"Thực phẩm, đồ uống và thuốc lá",CBC,CTCP Chè Bàu Cạn,11882400,https://finance.vietstock.vn/CBC-ctcp-che-bau-can.htm,1832,3275
4946,4,Khác,,CBV,CTCP CTCBIO Việt Nam,0,https://finance.vietstock.vn/CBV-ctcp-ctcbio-viet-nam.htm,1833,3275
2375,3,OTC,,CC7,CTCP Xây dựng Công trình Giao thông 710,3167323,https://finance.vietstock.vn/CC7-ctcp-xay-dung-cong-trinh-giao-thong-710.htm,1834,3275
2112,3,OTC,Dịch vụ chuyên biệt và thương mại,CCH,CTCP Tư vấn và Đầu tư Xây dựng CCIC Hà Nội,1000000,https://finance.vietstock.vn/CCH-ctcp-tu-van-va-dau-tu-xay-dung-ccic-ha-noi.htm,1835,3275
2842,3,OTC,,CCN2,CTCP Xây dựng Số 2 Quảng Ninh,0,https://finance.vietstock.vn/CCN2-ctcp-xay-dung-so-2-quang-ninh.htm,1836,3275
3099,3,OTC,Dịch vụ chuyên biệt và thương mại,CEC,CTCP Thiết kế Công Nghiệp Hóa chất,5977036,https://finance.vietstock.vn/CEC-ctcp-thiet-ke-cong-nghiep-hoa-chat.htm,1837,3275
4468,3,OTC,Tư liệu sản xuất,CEE,CTCP Xây dựng Hạ tầng CII,41500000,https://finance.vietstock.vn/CEE-ctcp-xay-dung-ha-tang-cii.htm,1838,3275
1678,3,OTC,,CemacoHanoi,CTCP Hóa chất và Vật tư Khoa học Kỹ thuật,0,https://finance.vietstock.vn/CemacoHanoi-ctcp-hoa-chat-va-vat-tu-khoa-hoc-ky-thuat.htm,1839,3275
4580,3,OTC,Dịch vụ chuyên biệt và thương mại,CER,CTCP Địa chính và Tài nguyên Môi trường,1335000,https://finance.vietstock.vn/CER-ctcp-dia-chinh-va-tai-nguyen-moi-truong.htm,1840,3275
1779,3,OTC,"Thực phẩm, đồ uống và thuốc lá",CFC,CTCP Cafico Việt Nam,2234280,https://finance.vietstock.vn/CFC-ctcp-cafico-viet-nam.htm,1841,3275
1731,3,OTC,Phân phối và bán lẻ hàng lâu bền,CGL,CTCP Thương mại Gia Lai,1880000,https://finance.vietstock.vn/CGL-ctcp-thuong-mai-gia-lai.htm,1842,3275
1547,3,OTC,"Dược phẩm, Công nghệ sinh học và Khoa học thường thức",CGP,CTCP Dược phẩm Cần Giờ,10735708,https://finance.vietstock.vn/CGP-ctcp-duoc-pham-can-gio.htm,1843,3275
3782,4,Khác,,CheBienLamSan,Công ty Vận tải và Chế biến Lâm sản,0,https://finance.vietstock.vn/CheBienLamSan-cong-ty-van-tai-va-che-bien-lam-san.htm,1844,3275
3869,4,Khác,,CheBienThucPham,Xí Nghiệp Kinh doanh Gia súc Gia cầm và Chế biến Thực phẩm,0,https://finance.vietstock.vn/CheBienThucPham-xi-nghiep-kinh-doanh-gia-suc-gia-cam-va-che-bien-thuc-pham.htm,1845,3275
4571,3,OTC,,CheLamDong,CTCP Chè Lâm Đồng,0,https://finance.vietstock.vn/CheLamDong-ctcp-che-lam-dong.htm,1846,3275
4526,3,OTC,,CHIN2,CTCP Chín Chín Núi,0,https://finance.vietstock.vn/CHIN2-ctcp-chin-chin-nui.htm,1847,3275
2227,3,OTC,,ChipSang,CTCP Chíp Sáng,0,https://finance.vietstock.vn/ChipSang-ctcp-chip-sang.htm,1848,3275
3313,3,OTC,,ChoLonTourist,CTCP Dịch vụ Du lịch Chợ lớn,0,https://finance.vietstock.vn/ChoLonTourist-ctcp-dich-vu-du-lich-cho-lon.htm,1849,3275
3367,4,Khác,,ChuanVang,Công ty TNHH Kiểm toán Chuẩn Vàng,0,https://finance.vietstock.vn/ChuanVang-cong-ty-tnhh-kiem-toan-chuan-vang.htm,1850,3275
4438,4,Khác,,CHUBBLIFE,Công ty TNHH MTV Quản lý Quỹ CHUBB LIFE,0,https://finance.vietstock.vn/CHUBBLIFE-cong-ty-tnhh-mtv-quan-ly-quy-chubb-life.htm,1851,3275
4905,4,Khác,,ChubbLifeVN,Công ty TNHH Bảo hiểm nhân thọ Chubb Việt Nam,0,https://finance.vietstock.vn/ChubbLifeVN-cong-ty-tnhh-bao-hiem-nhan-tho-chubb-viet-nam.htm,1852,3275
4141,3,OTC,,CHULAIQN,CTCP Đầu tư và Phát triển Kỳ Hà - Chu Lai  Quảng Nam,0,https://finance.vietstock.vn/CHULAIQN-ctcp-dau-tu-va-phat-trien-ky-ha-chu-lai-quang-nam.htm,1853,3275
898,3,OTC,Tư liệu sản xuất,CIC,CTCP Đầu tư và Xây dựng Cotec,4635062,https://finance.vietstock.vn/CIC-ctcp-dau-tu-va-xay-dung-cotec.htm,1854,3275
2268,3,OTC,,CIC1,CTCP Xây dựng Dân dụng Công nghiệp Số 1 - Đồng Nai,1537200,https://finance.vietstock.vn/CIC1-ctcp-xay-dung-dan-dung-cong-nghiep-so-1-dong-nai.htm,1855,3275
1357,3,OTC,,CIC8,CTCP Đầu tư và Xây dựng Số 8,400000,https://finance.vietstock.vn/CIC8-ctcp-dau-tu-va-xay-dung-so-8.htm,1856,3275
4250,3,OTC,,CICP1,CTCP Tư vấn Đầu tư và Xây dựng Công trình 1,0,https://finance.vietstock.vn/CICP1-ctcp-tu-van-dau-tu-va-xay-dung-cong-trinh-1.htm,1857,3275
2790,3,OTC,,CIE,CTCP Đầu tư và Xây dựng Công trình 128,0,https://finance.vietstock.vn/CIE-ctcp-dau-tu-va-xay-dung-cong-trinh-128.htm,1858,3275
3224,3,OTC,,CIENCO1,Tổng Công ty Xây dựng Công trình Giao thông 1 - CTCP,0,https://finance.vietstock.vn/CIENCO1-tong-cong-ty-xay-dung-cong-trinh-giao-thong-1-ctcp.htm,1859,3275
3180,3,OTC,,CIENCO473,CTCP 473,2000000,https://finance.vietstock.vn/CIENCO473-ctcp-473.htm,1860,3275
3799,3,OTC,,CIENCO5,Tổng Công ty Xây dựng Công trình Giao thông 5 - CTCP,0,https://finance.vietstock.vn/CIENCO5-tong-cong-ty-xay-dung-cong-trinh-giao-thong-5-ctcp.htm,1861,3275
3680,3,OTC,,CIENCO503,CTCP Xây dựng Giao thông 503,0,https://finance.vietstock.vn/CIENCO503-ctcp-xay-dung-giao-thong-503.htm,1862,3275
2994,3,OTC,,CIENCO610,CTCP Xây dựng Công trình Giao thông 610,2686300,https://finance.vietstock.vn/CIENCO610-ctcp-xay-dung-cong-trinh-giao-thong-610.htm,1863,3275
2816,3,OTC,,CIENCO624,CTCP Vật tư Thiết bị và Xây dựng Công trình 624,0,https://finance.vietstock.vn/CIENCO624-ctcp-vat-tu-thiet-bi-va-xay-dung-cong-trinh-624.htm,1864,3275
3784,4,Khác,,CIENCO8,Tổng Công ty Xây dựng Công trình Giao thông 8 - CTCP,0,https://finance.vietstock.vn/CIENCO8-tong-cong-ty-xay-dung-cong-trinh-giao-thong-8-ctcp.htm,1865,3275
3753,3,OTC,,Ciencoland,CTCP Đầu tư Xây dựng và Kinh doanh Bất động sản Tổng Sáu,0,https://finance.vietstock.vn/Ciencoland-ctcp-dau-tu-xay-dung-va-kinh-doanh-bat-dong-san-tong-sau.htm,1866,3275
1479,4,Khác,,CIMB,Công ty TNHH Chứng khoán CIMB-VINASHIN,33334000,https://finance.vietstock.vn/CIMB-cong-ty-tnhh-chung-khoan-cimb-vinashin.htm,1867,3275
2442,3,OTC,,Cistra,CTCP Dịch vụ Thương mại Thành Phố,0,https://finance.vietstock.vn/Cistra-ctcp-dich-vu-thuong-mai-thanh-pho.htm,1868,3275
3027,3,OTC,,CIV,CTCP Đầu tư Vinamotor,3155930,https://finance.vietstock.vn/CIV-ctcp-dau-tu-vinamotor.htm,1869,3275
3825,3,OTC,,CJC203,CTCP Xây dựng 203,0,https://finance.vietstock.vn/CJC203-ctcp-xay-dung-203.htm,1870,3275
2861,3,OTC,Tư liệu sản xuất,CKH,CTCP Cơ khí Chế Tạo Hải Phòng,1037626,https://finance.vietstock.vn/CKH-ctcp-co-khi-che-tao-hai-phong.htm,1871,3275
2027,3,OTC,,CKI,CTCP Cơ khí ngành In,0,https://finance.vietstock.vn/CKI-ctcp-co-khi-nganh-in.htm,1872,3275
4239,3,OTC,,CKTAYNINH,CTCP Cơ khí Tây Ninh,0,https://finance.vietstock.vn/CKTAYNINH-ctcp-co-khi-tay-ninh.htm,1873,3275
2949,3,OTC,"Thực phẩm, đồ uống và thuốc lá",CLP,CTCP Thủy sản Cửu Long,8000000,https://finance.vietstock.vn/CLP-ctcp-thuy-san-cuu-long.htm,1874,3275
1326,3,OTC,Dịch vụ tài chính,CLS,CTCP Chứng khoán Chợ Lớn,0,https://finance.vietstock.vn/CLS-ctcp-chung-khoan-cho-lon.htm,1875,3275
1939,3,OTC,,CMCHanoi,CTCP Vật liệu Xây dựng Hà Nội,0,https://finance.vietstock.vn/CMCHanoi-ctcp-vat-lieu-xay-dung-ha-noi.htm,1876,3275
4962,4,Khác,,CMIBBank,Ngân hàng TNHH MTV CIMB Việt Nam,0,https://finance.vietstock.vn/CMIBBank-ngan-hang-tnhh-mtv-cimb-viet-nam.htm,1877,3275
3780,3,OTC,Vận tải,CNH,CTCP Cảng Nha Trang,24539049,https://finance.vietstock.vn/CNH-ctcp-cang-nha-trang.htm,1878,3275
3356,3,OTC,,CO122,CTCP Xây dựng và Đầu tư 122 - Cienco 1,0,https://finance.vietstock.vn/CO122-ctcp-xay-dung-va-dau-tu-122-cienco-1.htm,1879,3275
3793,4,Khác,,CoKhiDuyenHai,Công ty TNHH Nhà nước MTV Cơ khí Duyên Hải,0,https://finance.vietstock.vn/CoKhiDuyenHai-cong-ty-tnhh-nha-nuoc-mtv-co-khi-duyen-hai.htm,1880,3275
4124,3,OTC,,CoKhiHonGai,CTCP Cơ khí Hòn Gai - Vinacomin,0,https://finance.vietstock.vn/CoKhiHonGai-ctcp-co-khi´-ho`n-gai-vinacomin.htm,1881,3275
3651,3,OTC,,CokhiNgoGiaTu,CTCP Cơ khí Ngô Gia Tự,0,https://finance.vietstock.vn/CokhiNgoGiaTu-ctcp-co-khi-ngo-gia-tu.htm,1882,3275
2930,3,OTC,,CoKhiOTo32,CTCP Cơ khí Ô Tô 3-2,0,https://finance.vietstock.vn/CoKhiOTo32-ctcp-co-khi-o-to-3-2.htm,1883,3275
3545,4,Khác,,COMPT,"Công ty TNHH Tư vấn Đầu tư, Tài chính, Kế toán Thuế - Kiểm toán COM.PT",0,https://finance.vietstock.vn/COMPT-cong-ty-tnhh-tu-van-dau-tu-tai-chinh-ke-toan-thue-kiem-toan-com-pt.htm,1884,3275
2499,3,OTC,,ConDao,CTCP Thủy sản và Xuất nhập khẩu Côn Đảo,0,https://finance.vietstock.vn/ConDao-ctcp-thuy-san-va-xuat-nhap-khau-con-dao.htm,1885,3275
1632,3,OTC,,CongNgheCao,CTCP Công nghệ Cao,0,https://finance.vietstock.vn/CongNgheCao-ctcp-cong-nghe-cao.htm,1886,3275
2399,3,OTC,,CongNghiepMasan,CTCP Công nghiệp Masan,0,https://finance.vietstock.vn/CongNghiepMasan-ctcp-cong-nghiep-masan.htm,1887,3275
2838,3,OTC,,CongNghiepPhuYen,CTCP Công nghiệp Phú Yên,0,https://finance.vietstock.vn/CongNghiepPhuYen-ctcp-cong-nghiep-phu-yen.htm,1888,3275
2208,3,OTC,,CongThanh,CTCP Xi măng Công Thanh,0,https://finance.vietstock.vn/CongThanh-ctcp-xi-mang-cong-thanh.htm,1889,3275
2288,3,OTC,,CongTrinh134,CTCP Đầu tư và Xây dựng Công trình 134,0,https://finance.vietstock.vn/CongTrinh134-ctcp-dau-tu-va-xay-dung-cong-trinh-134.htm,1890,3275
2406,3,OTC,,CongTrinh525,CTCP Xây dựng Công trình 525,3130000,https://finance.vietstock.vn/CongTrinh525-ctcp-xay-dung-cong-trinh-525.htm,1891,3275
2397,3,OTC,,CongTrinhBuuDien,CTCP Phát triển Công trình Bưu điện,0,https://finance.vietstock.vn/CongTrinhBuuDien-ctcp-phat-trien-cong-trinh-buu-dien.htm,1892,3275
4444,3,OTC,,CongTrinhGTDB,CTCP Công trình Giao thông Tỉnh Điện Biên,0,https://finance.vietstock.vn/CongTrinhGTDB-ctcp-cong-trinh-giao-thong-tinh-dien-bien.htm,1893,3275
2846,3,OTC,,CongTrinhHaNoi,CTCP Đầu Tư Công trình Hà Nội,0,https://finance.vietstock.vn/CongTrinhHaNoi-ctcp-dau-tu-cong-trinh-ha-noi.htm,1894,3275
2302,3,OTC,,CongTy118,CTCP 118,0,https://finance.vietstock.vn/CongTy118-ctcp-118.htm,1895,3275
2829,3,OTC,,CONSTRAD423,CTCP  Xây dựng và Thương mại 423,1250000,https://finance.vietstock.vn/CONSTRAD423-ctcp-xay-dung-va-thuong-mai-423.htm,1896,3275
3581,4,Khác,,CoopBank,Ngân hàng Hợp tác xã Việt Nam,0,https://finance.vietstock.vn/CoopBank-ngan-hang-hop-tac-xa-viet-nam.htm,1897,3275
2834,3,OTC,,COPAC,CTCP Đầu Tư Xây dựng và Thương mại Thái Bình Dương,9700000,https://finance.vietstock.vn/COPAC-ctcp-dau-tu-xay-dung-va-thuong-mai-thai-binh-duong.htm,1898,3275
3076,3,OTC,,Coresco,CTCP Đầu Tư Xây dựng Kinh doanh Nhà Bến Thành,2600000,https://finance.vietstock.vn/Coresco-ctcp-dau-tu-xay-dung-kinh-doanh-nha-ben-thanh.htm,1899,3275
1411,3,OTC,,Cosaco,CTCP Sài Gòn Xây dựng,0,https://finance.vietstock.vn/Cosaco-ctcp-sai-gon-xay-dung.htm,1900,3275
2502,3,OTC,,Cosevco1,CTCP Sản xuất Vật liệu và Xây dựng Cosevco 1,0,https://finance.vietstock.vn/Cosevco1-ctcp-san-xuat-vat-lieu-va-xay-dung-cosevco-1.htm,1901,3275
1621,3,OTC,,Cosevco75,CTCP Cosevco 75,0,https://finance.vietstock.vn/Cosevco75-ctcp-cosevco-75.htm,1902,3275
4528,3,OTC,,COT60,CTCP Công trình Giao thông 60,0,https://finance.vietstock.vn/COT60-ctcp-cong-trinh-giao-thong-60.htm,1903,3275
2269,3,OTC,,Cotec,CTCP Kỹ thuật Xây dựng và Vật liệu Xây dựng COTEC,0,https://finance.vietstock.vn/Cotec-ctcp-ky-thuat-xay-dung-va-vat-lieu-xay-dung-cotec.htm,1904,3275
2251,3,OTC,,CotecAnpha,CTCP Kỹ thuật Xây dựng Anpha,0,https://finance.vietstock.vn/CotecAnpha-ctcp-ky-thuat-xay-dung-anpha.htm,1905,3275
2777,3,OTC,,COXANO,CTCP Cơ khí Xây dựng Công trình Thừa Thiên Huế,1556240,https://finance.vietstock.vn/COXANO-ctcp-co-khi-xay-dung-cong-trinh-thua-thien-hue.htm,1906,3275
2560,4,Khác,,CPAHaNoi,Công ty Kiểm toán và Kế toán Hà Nội,0,https://finance.vietstock.vn/CPAHaNoi-cong-ty-kiem-toan-va-ke-toan-ha-noi.htm,1907,3275
3506,4,Khác,,CPAHCM,Công ty TNHH Kiểm toán và Tư vấn CPA HCM,0,https://finance.vietstock.vn/CPAHCM-cong-ty-tnhh-kiem-toan-va-tu-van-cpa-hcm.htm,1908,3275
2555,4,Khác,,CPAVietNam,Công ty Hợp danh Kiểm toán Việt Nam,0,https://finance.vietstock.vn/CPAVietNam-cong-ty-hop-danh-kiem-toan-viet-nam.htm,1909,3275
4418,4,Khác,,CPHACO,CTCP Đầu tư Xây dựng Chánh Phú Hòa,0,https://finance.vietstock.vn/CPHACO-ctcp-dau-tu-xay-dung-chanh-phu-hoa.htm,1910,3275
4078,3,OTC,,CPT,CTCP Xây lắp Bưu điện,0,https://finance.vietstock.vn/CPT-ctcp-xay-lap-buu-dien.htm,1911,3275
4106,3,OTC,Tư liệu sản xuất,CPW,CTCP Công trình Giao thông Công chánh,26875000,https://finance.vietstock.vn/CPW-ctcp-cong-trinh-giao-thong-cong-chanh.htm,1912,3275
4950,4,Khác,,CRV,CTCP Tập đoàn Bất động sản CRV,0,https://finance.vietstock.vn/CRV-ctcp-tap-doan-bat-dong-san-crv.htm,1913,3275
1327,3,OTC,,CSCJ,CTCP Chứng khoán Thủ Đô,7573667,https://finance.vietstock.vn/CSCJ-ctcp-chung-khoan-thu-do.htm,1914,3275
1137,3,OTC,Dịch vụ viễn thông,CSG,CTCP Cáp Sài Gòn,29742020,https://finance.vietstock.vn/CSG-ctcp-cap-sai-gon.htm,1915,3275
2427,3,OTC,,CST124,CTCP Xây dựng Giao thông và Thương mại 124,0,https://finance.vietstock.vn/CST124-ctcp-xay-dung-giao-thong-va-thuong-mai-124.htm,1916,3275
4425,4,Khác,,CT185,CTCP Trường Sơn 185,0,https://finance.vietstock.vn/CT185-ctcp-truong-son-185.htm,1917,3275
4789,3,OTC,Tư liệu sản xuất,CT5,CTCP 319.5,4400000,https://finance.vietstock.vn/CT5-ctcp-319-5.htm,1918,3275
3851,3,OTC,,CTCCorp,CTCP Đô thị Du lịch Cần Giờ,0,https://finance.vietstock.vn/CTCCorp-ctcp-do-thi-du-lich-can-gio.htm,1919,3275
4276,3,OTC,,CTE,CTCP Hạ Tầng Viễn Thông CMC,0,https://finance.vietstock.vn/CTE-ctcp-ha-tang-vien-thong-cmc.htm,1920,3275
2970,3,OTC,,CTGT,CTCP Công trình Giao thông Tỉnh Bà Rịa - Vũng Tàu,6000000,https://finance.vietstock.vn/CTGT-ctcp-cong-trinh-giao-thong-tinh-ba-ria-vung-tau.htm,1921,3275
1529,3,OTC,Tư liệu sản xuất,CTM,CTCP Đầu tư Xây dựng và Khai thác mỏ Vinavico,4399996,https://finance.vietstock.vn/CTM-ctcp-dau-tu-xay-dung-va-khai-thac-mo-vinavico.htm,1922,3275
2946,3,OTC,Phân phối và bán lẻ hàng lâu bền,CTV,CTCP Đầu tư - Sản xuất và Thương mại Việt Nam,2000000,https://finance.vietstock.vn/CTV-ctcp-dau-tu-san-xuat-va-thuong-mai-viet-nam.htm,1923,3275
2527,3,OTC,,Cty479,CTCP 479,0,https://finance.vietstock.vn/Cty479-ctcp-479.htm,1924,3275
3820,4,Khác,,CTYCN2,Công ty TNHH MTV Cấp nước số 2,0,https://finance.vietstock.vn/CTYCN2-cong-ty-tnhh-mtv-cap-nuoc-so-2.htm,1925,3275
2250,3,OTC,Hàng tiêu dùng và trang trí,CVC,CTCP Cơ điện Vật tư,2200000,https://finance.vietstock.vn/CVC-ctcp-co-dien-vat-tu.htm,1926,3275
4513,3,OTC,Dịch vụ chuyên biệt và thương mại,CVH,"CTCP Công viên, Cây xanh Hải Phòng",1280000,https://finance.vietstock.vn/CVH-ctcp-cong-vien-cay-xanh-hai-phong.htm,1927,3275
4897,3,OTC,Vận tải,CVP,CTCP Cảng Cửa Việt,3425980,https://finance.vietstock.vn/CVP-ctcp-cang-cua-viet.htm,1928,3275
2403,3,OTC,,CVS,CTCP Chứng khoán CV,0,https://finance.vietstock.vn/CVS-ctcp-chung-khoan-cv.htm,1929,3275
1880,3,OTC,,CXC,CTCP Cầu Xây,0,https://finance.vietstock.vn/CXC-ctcp-cau-xay.htm,1930,3275
4262,3,OTC,Vận tải,CXH,CTCP Xe khách Hà Nội,1885306,https://finance.vietstock.vn/CXH-ctcp-xe-khach-ha-noi.htm,1931,3275
2726,3,OTC,Năng lượng,CZC,CTCP Than Miền Trung,5602590,https://finance.vietstock.vn/CZC-ctcp-than-mien-trung.htm,1932,3275
1710,3,OTC,Tư liệu sản xuất,D26,CTCP Quản lý và Xây dựng Đường bộ 26,1000000,https://finance.vietstock.vn/D26-ctcp-quan-ly-va-xay-dung-duong-bo-26.htm,1933,3275
1217,4,Khác,,DAB,Ngân hàng TMCP Đại Á,310000000,https://finance.vietstock.vn/DAB-ngan-hang-tmcp-dai-a.htm,1934,3275
2883,3,OTC,,DaBinhDinh,CTCP VRG Đá Bình Định,0,https://finance.vietstock.vn/DaBinhDinh-ctcp-vrg-da-binh-dinh.htm,1935,3275
3894,3,OTC,,DaGiayHaiPhong,CTCP Da Giầy và Phát triển Hải Phòng,0,https://finance.vietstock.vn/DaGiayHaiPhong-ctcp-da-giay-va-phat-trien-hai-phong.htm,1936,3275
1641,3,OTC,,DaGiayVietNam,CTCP  Da Giầy Việt Nam,0,https://finance.vietstock.vn/DaGiayVietNam-ctcp-da-giay-viet-nam.htm,1937,3275
2084,4,Khác,,DaichiLife,Công ty TNHH Bảo hiểm Nhân thọ Dai-ichi Việt Nam,0,https://finance.vietstock.vn/DaichiLife-cong-ty-tnhh-bao-hiem-nhan-tho-dai-ichi-viet-nam.htm,1938,3275
2014,3,OTC,,DaiMo,CTCP Cơ khí Xây dựng Đại Mỗ,0,https://finance.vietstock.vn/DaiMo-ctcp-co-khi-xay-dung-dai-mo.htm,1939,3275
3167,4,Khác,,DaiNam,Văn Phòng Thám Tử Điều Tra - Theo Dõi Đại Nam,0,https://finance.vietstock.vn/DaiNam-van-phong-tham-tu-dieu-tra-theo-doi-dai-nam.htm,1940,3275
3435,4,Khác,,DaiNamAudit,Công ty TNHH Kiểm toán và Giải pháp Công nghệ Thông tin Đại Nam,0,https://finance.vietstock.vn/DaiNamAudit-cong-ty-tnhh-kiem-toan-va-giai-phap-cong-nghe-thong-tin-dai-nam.htm,1941,3275
3514,4,Khác,,DaiTinAudit,Công ty TNHH Kiểm toán Đại Tín,0,https://finance.vietstock.vn/DaiTinAudit-cong-ty-tnhh-kiem-toan-dai-tin.htm,1942,3275
2971,3,OTC,,DaNangXD,CTCP Xây dựng Công trình Giao thông Đà Nẵng,0,https://finance.vietstock.vn/DaNangXD-ctcp-xay-dung-cong-trinh-giao-thong-da-nang.htm,1943,3275
2895,3,OTC,,DANATEX,CTCP Dệt Hòa Khánh - Đà Nẵng,0,https://finance.vietstock.vn/DANATEX-ctcp-det-hoa-khanh-da-nang.htm,1944,3275
2540,3,OTC,Nguyên vật liệu,DAP,CTCP Đông Á,1680000,https://finance.vietstock.vn/DAP-ctcp-dong-a.htm,1945,3275
4194,3,OTC,Dịch vụ chuyên biệt và thương mại,DAR,CTCP Xe lửa Dĩ An,6500000,https://finance.vietstock.vn/DAR-ctcp-xe-lua-di-an.htm,1946,3275
1642,3,OTC,,DaTayDo,CTCP Da Tây Đô,0,https://finance.vietstock.vn/DaTayDo-ctcp-da-tay-do.htm,1947,3275
4684,4,Khác,,DATC,Công ty TNHH Mua Bán Nợ Việt Nam,0,https://finance.vietstock.vn/DATC-cong-ty-tnhh-mua-ban-no-viet-nam.htm,1948,3275
2515,3,OTC,,DatVang,CTCP Sông Đà - Đất Vàng,0,https://finance.vietstock.vn/DatVang-ctcp-song-da-dat-vang.htm,1949,3275
4127,3,OTC,,DauTuHaNoi,CTCP Thương mại và Đầu tư TIC Hà Nội,0,https://finance.vietstock.vn/DauTuHaNoi-ctcp-thuong-mai-va-dau-tu-tic-ha-noi.htm,1950,3275
2625,3,OTC,Phân phối và bán lẻ hàng lâu bền,DBF,CTCP Lương thực Đông Bắc,3679200,https://finance.vietstock.vn/DBF-ctcp-luong-thuc-dong-bac.htm,1951,3275
4313,3,OTC,Tư liệu sản xuất,DBH,CTCP Đường bộ Hải Phòng,2200000,https://finance.vietstock.vn/DBH-ctcp-duong-bo-hai-phong.htm,1952,3275
4109,3,OTC,Dịch vụ tiện ích,DBW,CTCP Cấp nước Điện Biên,39320100,https://finance.vietstock.vn/DBW-ctcp-cap-nuoc-dien-bien.htm,1953,3275
1018,3,OTC,Tư liệu sản xuất,DCC,CTCP Xây dựng Công nghiệp (DESCON),10300000,https://finance.vietstock.vn/DCC-ctcp-xay-dung-cong-nghiep-descon.htm,1954,3275
2176,4,Khác,Dịch vụ tiêu dùng,DCD,CTCP Du lịch và Thương mại DIC,11294323,https://finance.vietstock.vn/DCD-ctcp-du-lich-va-thuong-mai-dic.htm,1955,3275
2471,3,OTC,Nguyên vật liệu,DCI,CTCP Công nghiệp Hóa chất Đà Nẵng,2412518,https://finance.vietstock.vn/DCI-ctcp-cong-nghiep-hoa-chat-da-nang.htm,1956,3275
3552,4,Khác,,DCPA,Công ty TNHH Tư vấn DCPA,0,https://finance.vietstock.vn/DCPA-cong-ty-tnhh-tu-van-dcpa.htm,1957,3275
1187,3,OTC,,DDS,CTCP Chứng khoán AIS,3000000,https://finance.vietstock.vn/DDS-ctcp-chung-khoan-ais.htm,1958,3275
2567,4,Khác,,Deloitte,Công ty TNHH Deloitte Việt Nam,0,https://finance.vietstock.vn/Deloitte-cong-ty-tnhh-deloitte-viet-nam.htm,1959,3275
2975,3,OTC,,DeltaAgf,CTCP Đầu tư và Xây dựng Delta AGF,5691644,https://finance.vietstock.vn/DeltaAgf-ctcp-dau-tu-va-xay-dung-delta-agf.htm,1960,3275
3636,3,OTC,,DeltaCorp,CTCP Đầu tư Châu Thổ,0,https://finance.vietstock.vn/DeltaCorp-ctcp-dau-tu-chau-tho.htm,1961,3275
3079,3,OTC,,DeltaTower,CTCP Cảnh Hưng Hải Thành,24000000,https://finance.vietstock.vn/DeltaTower-ctcp-canh-hung-hai-thanh.htm,1962,3275
3148,3,OTC,,DetHaDong,CTCP Dệt Hà Đông,1300000,https://finance.vietstock.vn/DetHaDong-ctcp-det-ha-dong.htm,1963,3275
2101,3,OTC,,DetPhongPhu,CTCP Dệt vải Phong Phú,0,https://finance.vietstock.vn/DetPhongPhu-ctcp-det-vai-phong-phu.htm,1964,3275
2314,3,OTC,,DetVinhPhu,CTCP Dệt Vĩnh Phú,0,https://finance.vietstock.vn/DetVinhPhu-ctcp-det-vinh-phu.htm,1965,3275
1232,4,Khác,,DeutscheBank,Ngân hàng Deutsche Việt Nam,0,https://finance.vietstock.vn/DeutscheBank-ngan-hang-deutsche-viet-nam.htm,1966,3275
3524,4,Khác,,DFK,Công ty TNHH Kiểm toán DFK Việt Nam,0,https://finance.vietstock.vn/DFK-cong-ty-tnhh-kiem-toan-dfk-viet-nam.htm,1967,3275
4185,3,OTC,"Thực phẩm, đồ uống và thuốc lá",DFS,CTCP Chế biến Xuất nhập khẩu Nông sản Thực phẩm Đồng Nai,22500000,https://finance.vietstock.vn/DFS-ctcp-che-bien-xuat-nhap-khau-nong-san-thuc-pham-dong-nai.htm,1968,3275
3666,4,Khác,,DFVN,Công ty TNHH MTV Quản lý Quỹ Dai-Ichi Life Việt Nam,0,https://finance.vietstock.vn/DFVN-cong-ty-tnhh-mtv-quan-ly-quy-dai-ichi-life-viet-nam.htm,1969,3275
3354,4,Khác,Nguyên vật liệu,DGL,CTCP Hóa chất Đức Giang - Lào Cai,99785463,https://finance.vietstock.vn/DGL-ctcp-hoa-chat-duc-giang-lao-cai.htm,1970,3275
906,3,OTC,Dịch vụ chuyên biệt và thương mại,DHI,CTCP In Diên Hồng,2628042,https://finance.vietstock.vn/DHI-ctcp-in-dien-hong.htm,1971,3275
2925,3,OTC,Nguyên vật liệu,DHL,CTCP Cơ khí Vận tải Thương mại Đại Hưng,5500000,https://finance.vietstock.vn/DHL-ctcp-co-khi-van-tai-thuong-mai-dai-hung.htm,1972,3275
4230,3,OTC,,DIAOC3,CTCP Xây dựng và Kinh doanh Địa Ốc III,0,https://finance.vietstock.vn/DIAOC3-ctcp-xay-dung-va-kinh-doanh-dia-oc-iii.htm,1973,3275
4372,4,Khác,,DIAOC8,CTCP Địa ốc 8,0,https://finance.vietstock.vn/DIAOC8-ctcp-dia-oc-8.htm,1974,3275
4095,3,OTC,,DiaOcGiaDinh,CTCP Đầu tư Địa ốc Gia Định,0,https://finance.vietstock.vn/DiaOcGiaDinh-ctcp-dau-tu-dia-oc-gia-dinh.htm,1975,3275
2637,3,OTC,,DIC1,CTCP Xây dựng Đô thị và Khu công nghiệp,2000000,https://finance.vietstock.vn/DIC1-ctcp-xay-dung-do-thi-va-khu-cong-nghiep.htm,1976,3275
2974,3,OTC,,DICThanhBinh,CTCP Đầu tư Phát triển Xây dựng Thanh Bình,500000,https://finance.vietstock.vn/DICThanhBinh-ctcp-dau-tu-phat-trien-xay-dung-thanh-binh.htm,1977,3275
2957,3,OTC,,DienLucDaNang,CTCP Thủy điện Điện Lực Đà Nẵng,0,https://finance.vietstock.vn/DienLucDaNang-ctcp-thuy-dien-dien-luc-da-nang.htm,1978,3275
2290,3,OTC,,DienNuocHaNoi,CTCP Xây dựng Lắp máy Điện nước Hà Nội,0,https://finance.vietstock.vn/DienNuocHaNoi-ctcp-xay-dung-lap-may-dien-nuoc-ha-noi.htm,1979,3275
2446,3,OTC,,DienThuBon,CTCP Thủy điện Thu Bồn,0,https://finance.vietstock.vn/DienThuBon-ctcp-thuy-dien-thu-bon.htm,1980,3275
3119,3,OTC,,Diginet,CTCP Định Gia Nét,1500000,https://finance.vietstock.vn/Diginet-ctcp-dinh-gia-net.htm,1981,3275
3241,4,Khác,,DinhThien,Công Ty TNHH Thương mại Dịch vụ Kỹ thuật Đỉnh Thiên,0,https://finance.vietstock.vn/DinhThien-cong-ty-tnhh-thuong-mai-dich-vu-ky-thuat-dinh-thien.htm,1982,3275
4797,3,OTC,Dịch vụ chuyên biệt và thương mại,DKH,Trung tâm Đăng kiểm phương tiện Giao thông Thủy bộ,212036,https://finance.vietstock.vn/DKH-trung-tam-dang-kiem-phuong-tien-giao-thong-thuy-bo.htm,1983,3275
4707,3,OTC,"Dược phẩm, Công nghệ sinh học và Khoa học thường thức",DKP,CTCP Dược Khoa,3003910,https://finance.vietstock.vn/DKP-ctcp-duoc-khoa.htm,1984,3275
4546,3,OTC,,DLBD,CTCP Du lịch Bưu điện,0,https://finance.vietstock.vn/DLBD-ctcp-du-lich-buu-dien.htm,1985,3275
2149,3,OTC,Dịch vụ tiêu dùng,DLC,CTCP Du lịch Cần Thơ,4780080,https://finance.vietstock.vn/DLC-ctcp-du-lich-can-tho.htm,1986,3275
4927,3,OTC,Tư liệu sản xuất,DLM,CTCP Chiếu sáng công cộng Đà Nẵng,1160250,https://finance.vietstock.vn/DLM-ctcp-chieu-sang-cong-cong-da-nang.htm,1987,3275
4215,4,Khác,,DLTHUDUC,Công ty TNHH MTV Dịch vụ Du lịch Thủ Đức,0,https://finance.vietstock.vn/DLTHUDUC-cong-ty-tnhh-mtv-dich-vu-du-lich-thu-duc.htm,1988,3275
1644,3,OTC,"Thực phẩm, đồ uống và thuốc lá",DLV,CTCP Du lịch Việt Nam - VITOURS,0,https://finance.vietstock.vn/DLV-ctcp-du-lich-viet-nam-vitours.htm,1989,3275
4097,3,OTC,,DLX,CTCP Delex Việt Nam,0,https://finance.vietstock.vn/DLX-ctcp-delex-viet-nam.htm,1990,3275
2407,3,OTC,,DMH,CTCP Dược Minh Hải,2500000,https://finance.vietstock.vn/DMH-ctcp-duoc-minh-hai.htm,1991,3275
4125,3,OTC,,DMTC,CTCP Khoan và Dịch vụ Kỹ thuật Khai thác Mỏ,0,https://finance.vietstock.vn/DMTC-ctcp-khoan-va-dich-vu-ky-thuat-khai-thac-mo.htm,1992,3275
4743,3,OTC,Phân phối và bán lẻ hàng lâu bền,DNB,CTCP Sách và Thiết bị trường học tỉnh Đắk Nông,1447554,https://finance.vietstock.vn/DNB-ctcp-sach-va-thiet-bi-truong-hoc-tinh-dak-nong.htm,1993,3275
1694,3,OTC,"Thực phẩm, đồ uống và thuốc lá",DNF,CTCP Lương thực Đà Nẵng,5000000,https://finance.vietstock.vn/DNF-ctcp-luong-thuc-da-nang.htm,1994,3275
2459,3,OTC,,DNG,CTCP Lắp máy Điện nước và Xây dựng,0,https://finance.vietstock.vn/DNG-ctcp-lap-may-dien-nuoc-va-xay-dung.htm,1995,3275
3536,4,Khác,,DNPAudit,Công ty TNHH Kiểm toán - Tư vấn Tài chính D.N.P,0,https://finance.vietstock.vn/DNPAudit-cong-ty-tnhh-kiem-toan-tu-van-tai-chinh-d-n-p.htm,1996,3275
4300,3,OTC,Vận tải,DNR,CTCP Đường sắt Quảng Nam - Đà Nẵng,1577500,https://finance.vietstock.vn/DNR-ctcp-duong-sat-quang-nam-da-nang.htm,1997,3275
2537,3,OTC,Nguyên vật liệu,DNS,CTCP Thép Đà Nẵng,21600000,https://finance.vietstock.vn/DNS-ctcp-thep-da-nang.htm,1998,3275
4618,3,OTC,,DNTD,CTCP Thiết kế Viễn thông Tin học Đà Nẵng,0,https://finance.vietstock.vn/DNTD-ctcp-thiet-ke-vien-thong-tin-hoc-da-nang.htm,1999,3275
2719,3,OTC,,DNV,CTCP Thương mại Dịch vụ VDA Đà Nẵng,8100000,https://finance.vietstock.vn/DNV-ctcp-thuong-mai-dich-vu-vda-da-nang.htm,2000,3275
2546,3,OTC,Nguyên vật liệu,DNY,CTCP Thép DANA - Ý,26999517,https://finance.vietstock.vn/DNY-ctcp-thep-dana-y.htm,2001,3275
2939,3,OTC,,Donatraco,CTCP Sản xuất Thương mại Dịch vụ Đồng Nai,0,https://finance.vietstock.vn/Donatraco-ctcp-san-xuat-thuong-mai-dich-vu-dong-nai.htm,2002,3275
1177,3,OTC,,DongABank,Ngân hàng TMCP Đông Á,500000000,https://finance.vietstock.vn/DongABank-ngan-hang-tmcp-dong-a.htm,2003,3275
2031,4,Khác,,DongACapital,Công ty TNHH Quản lý Quỹ đầu tư Chứng khoán Đông Á,0,https://finance.vietstock.vn/DongACapital-cong-ty-tnhh-quan-ly-quy-dau-tu-chung-khoan-dong-a.htm,2004,3275
2505,3,OTC,,DongAnhSteel,CTCP Kết cấu Thép Xây dựng ,0,https://finance.vietstock.vn/DongAnhSteel-ctcp-ket-cau-thep-xay-dung.htm,2005,3275
1403,4,Khác,,DongASecurities,Công ty TNHH MTV Chứng khoán Ngân hàng Đông Á,50000000,https://finance.vietstock.vn/DongASecurities-cong-ty-tnhh-mtv-chung-khoan-ngan-hang-dong-a.htm,2006,3275
3389,4,Khác,,DongDuong,Công ty TNHH Kiểm toán Đông Dương,0,https://finance.vietstock.vn/DongDuong-cong-ty-tnhh-kiem-toan-dong-duong.htm,2007,3275
4658,4,Khác,,DongLong,Công ty TNHH Vận tải biển Đông Long,0,https://finance.vietstock.vn/DongLong-cong-ty-tnhh-van-tai-bien-dong-long.htm,2008,3275
3510,4,Khác,,DongNam,Công ty TNHH Kiểm toán Đông Nam,0,https://finance.vietstock.vn/DongNam-cong-ty-tnhh-kiem-toan-dong-nam.htm,2009,3275
3490,4,Khác,,DongPhuongAudit,Công ty TNHH Tư vấn Tài chính và Kiểm toán Đông Phương,0,https://finance.vietstock.vn/DongPhuongAudit-cong-ty-tnhh-tu-van-tai-chinh-va-kiem-toan-dong-phuong.htm,2010,3275
1301,3,OTC,,DongTam,CTCP Đồng Tâm,0,https://finance.vietstock.vn/DongTam-ctcp-dong-tam.htm,2011,3275
3860,3,OTC,,DongTauAnPhu,CTCP Đóng Tàu An Phú,0,https://finance.vietstock.vn/DongTauAnPhu-ctcp-dong-tau-an-phu.htm,2012,3275
3402,4,Khác,,DongThang,Công ty TNHH Kiểm toán Đồng Thắng,0,https://finance.vietstock.vn/DongThang-cong-ty-tnhh-kiem-toan-dong-thang.htm,2013,3275
3916,3,OTC,,DongThapTourist,CTCP Du lịch Đồng Tháp,0,https://finance.vietstock.vn/DongThapTourist-ctcp-du-lich-dong-thap.htm,2014,3275
1924,3,OTC,,DongTien,CTCP Đồng Tiến,0,https://finance.vietstock.vn/DongTien-ctcp-dong-tien.htm,2015,3275
2450,3,OTC,,DongXanh,CTCP Đồng Xanh,0,https://finance.vietstock.vn/DongXanh-ctcp-dong-xanh.htm,2016,3275
2038,3,OTC,,DoThi18,CTCP Đầu tư Hạ tầng 18,0,https://finance.vietstock.vn/DoThi18-ctcp-dau-tu-ha-tang-18.htm,2017,3275
4597,3,OTC,,DothiGialai,CTCP Công trình Đô thị Gia Lai,0,https://finance.vietstock.vn/DothiGialai-ctcp-cong-trinh-do-thi-gia-lai.htm,2018,3275
4218,4,Khác,,DoThiGiaLam,CTCP Môi trường Đô thị Gia Lâm,0,https://finance.vietstock.vn/DoThiGiaLam-ctcp-moi-truong-do-thi-gia-lam.htm,2019,3275
4854,4,Khác,Nguyên vật liệu,DPD,CTCP Cao su Đồng Phú - Đắk Nông,12000000,https://finance.vietstock.vn/DPD-ctcp-cao-su-dong-phu-dak-nong.htm,2020,3275
1328,3,OTC,Dịch vụ tài chính,DSC,CTCP Chứng khoán DSC,204838925,https://finance.vietstock.vn/DSC-ctcp-chung-khoan-dsc.htm,2021,3275
4492,3,OTC,Vận tải,DSS,CTCP Đường sắt Sài Gòn,2045000,https://finance.vietstock.vn/DSS-ctcp-duong-sat-sai-gon.htm,2022,3275
4408,3,OTC,Vận tải,DSV,CTCP Đường sắt Vĩnh Phú,1229579,https://finance.vietstock.vn/DSV-ctcp-duong-sat-vinh-phu.htm,2023,3275
4251,4,Khác,,DSVN,Tổng Công ty Đường sắt Việt Nam,0,https://finance.vietstock.vn/DSVN-tong-cong-ty-duong-sat-viet-nam.htm,2024,3275
4541,3,OTC,,DT319,CTCP Đầu tư và Thương mại 319,0,https://finance.vietstock.vn/DT319-ctcp-dau-tu-va-thuong-mai-319.htm,2025,3275
4302,3,OTC,Vận tải,DT4,CTCP Quản Lý Đường Sông Số 4,1160000,https://finance.vietstock.vn/DT4-ctcp-quan-ly-duong-song-so-4.htm,2026,3275
2501,3,OTC,,DTF,CTCP Thực phẩm và Nước giải khát Dona New Tower,10723266,https://finance.vietstock.vn/DTF-ctcp-thuc-pham-va-nuoc-giai-khat-dona-new-tower.htm,2027,3275
2580,4,Khác,,DTLAuditing,Công ty TNHH Kiểm toán D.T.L,0,https://finance.vietstock.vn/DTLAuditing-cong-ty-tnhh-kiem-toan-d-t-l.htm,2028,3275
2243,3,OTC,Đồ gia dụng và cá nhân,DTN,CTCP Diêm Thống Nhất,2200000,https://finance.vietstock.vn/DTN-ctcp-diem-thong-nhat.htm,2029,3275
1665,3,OTC,,DTS,CTCP Dịch vụ Du lịch Đà Lạt,10450000,https://finance.vietstock.vn/DTS-ctcp-dich-vu-du-lich-da-lat.htm,2030,3275
1366,3,OTC,,DTSC,CTCP Chứng khoán Delta,4000000,https://finance.vietstock.vn/DTSC-ctcp-chung-khoan-delta.htm,2031,3275
2538,3,OTC,Dịch vụ tiện ích,DTV,CTCP Phát triển Điện Trà Vinh,5280000,https://finance.vietstock.vn/DTV-ctcp-phat-trien-dien-tra-vinh.htm,2032,3275
3546,4,Khác,,DucAnhAudit,Công ty TNHH Kiểm toán Quốc tế Đức - Anh,0,https://finance.vietstock.vn/DucAnhAudit-cong-ty-tnhh-kiem-toan-quoc-te-duc-anh.htm,2033,3275
3266,4,Khác,,DucKhai,Công ty TNHH Thương mại Thiết bị Điện Đức Khải,0,https://finance.vietstock.vn/DucKhai-cong-ty-tnhh-thuong-mai-thiet-bi-dien-duc-khai.htm,2034,3275
2866,3,OTC,,DucTanLong,CTCP Đúc Tân Long - Constrexim ,0,https://finance.vietstock.vn/DucTanLong-ctcp-duc-tan-long-constrexim.htm,2035,3275
2129,3,OTC,,DuLichDaNang,CTCP Du lịch Đà Nẵng,0,https://finance.vietstock.vn/DuLichDaNang-ctcp-du-lich-da-nang.htm,2036,3275
4164,3,OTC,,DULICHKHANHHOA,CTCP Du lịch Khánh Hòa,0,https://finance.vietstock.vn/DULICHKHANHHOA-ctcp-du-lich-khanh-hoa.htm,2037,3275
3668,3,OTC,,DuLichTaCu,CTCP Du lịch Núi Tà Cú,0,https://finance.vietstock.vn/DuLichTaCu-ctcp-du-lich-nui-ta-cu.htm,2038,3275
2324,3,OTC,,DuLichThanhBinh,CTCP Du lịch Thanh Bình,0,https://finance.vietstock.vn/DuLichThanhBinh-ctcp-du-lich-thanh-binh.htm,2039,3275
2396,3,OTC,,DuLichThanhHoa,CTCP Du lịch Thanh Hóa,0,https://finance.vietstock.vn/DuLichThanhHoa-ctcp-du-lich-thanh-hoa.htm,2040,3275
3984,3,OTC,,DuLichThuongMai,CTCP Du lịch và Thương mại Vinacomin,0,https://finance.vietstock.vn/DuLichThuongMai-ctcp-du-lich-va-thuong-mai-vinacomin.htm,2041,3275
4754,3,OTC,,DuocBaoChau,CTCP Tập đoàn Dược Bảo Châu,0,https://finance.vietstock.vn/DuocBaoChau-ctcp-tap-doan-duoc-bao-chau.htm,2042,3275
2096,3,OTC,,DuocDomedic,CTCP Y Dược Domedic,0,https://finance.vietstock.vn/DuocDomedic-ctcp-y-duoc-domedic.htm,2043,3275
1270,3,OTC,,DuocICA,CTCP Công nghệ sinh học Dược phẩm ICA,0,https://finance.vietstock.vn/DuocICA-ctcp-cong-nghe-sinh-hoc-duoc-pham-ica.htm,2044,3275
2791,3,OTC,,DuocLieuTW2,CTCP Dược Liệu Trung ương 2,2800000,https://finance.vietstock.vn/DuocLieuTW2-ctcp-duoc-lieu-trung-uong-2.htm,2045,3275
1657,3,OTC,,DuocNamHa,CTCP Dược phẩm Nam Hà,0,https://finance.vietstock.vn/DuocNamHa-ctcp-duoc-pham-nam-ha.htm,2046,3275
2052,3,OTC,,DuocPham32,CTCP Dược phẩm 3/2,0,https://finance.vietstock.vn/DuocPham32-ctcp-duoc-pham-3-2.htm,2047,3275
2715,3,OTC,,DuocTanPhat,CTCP Dược - Trang Thiết bị Y Tế Tân Phát,3600000,https://finance.vietstock.vn/DuocTanPhat-ctcp-duoc-trang-thiet-bi-y-te-tan-phat.htm,2048,3275
1660,3,OTC,,DuocYenBai,CTCP Dược phẩm Yên Bái,0,https://finance.vietstock.vn/DuocYenBai-ctcp-duoc-pham-yen-bai.htm,2049,3275
2821,3,OTC,,DuongBo234,CTCP Quản Lý và Xây dựng Đường bộ 234,0,https://finance.vietstock.vn/DuongBo234-ctcp-quan-ly-va-xay-dung-duong-bo-234.htm,2050,3275
3811,4,Khác,,DuongBoDakLak,Công ty TNHH MTV Quản Lý và Sửa Chữa Đường bộ Đắk Lắk,0,https://finance.vietstock.vn/DuongBoDakLak-cong-ty-tnhh-mtv-quan-ly-va-sua-chua-duong-bo-dak-lak.htm,2051,3275
1699,3,OTC,,DuongCanTho,CTCP Mía đường Cần Thơ,13080547,https://finance.vietstock.vn/DuongCanTho-ctcp-mia-duong-can-tho.htm,2052,3275
1700,3,OTC,,DuongLaNga,CTCP Mía đường La Ngà,0,https://finance.vietstock.vn/DuongLaNga-ctcp-mia-duong-la-nga.htm,2053,3275
4091,3,OTC,,DuongSatPhiaNam,CTCP Đường sắt Phía Nam,0,https://finance.vietstock.vn/DuongSatPhiaNam-ctcp-duong-sat-phia-nam.htm,2054,3275
2523,3,OTC,,DuongSocTrang,CTCP Mía đường Sóc Trăng,0,https://finance.vietstock.vn/DuongSocTrang-ctcp-mia-duong-soc-trang.htm,2055,3275
1650,3,OTC,,DuyHoang07,CTCP Duy Hoàng 07,0,https://finance.vietstock.vn/DuyHoang07-ctcp-duy-hoang-07.htm,2056,3275
4382,3,OTC,,DVCCBinhDuong,CTCP Xây dựng và Dịch vụ Công Cộng Bình Dương,0,https://finance.vietstock.vn/DVCCBinhDuong-ctcp-xay-dung-va-dich-vu-cong-cong-binh-duong.htm,2057,3275
1888,3,OTC,"Dược phẩm, Công nghệ sinh học và Khoa học thường thức",DVD,CTCP Dược phẩm Viễn Đông,11910000,https://finance.vietstock.vn/DVD-ctcp-duoc-pham-vien-dong.htm,2058,3275
2678,3,OTC,Dịch vụ chuyên biệt và thương mại,DVH,CTCP Chế tạo Máy điện Việt Nam - Hungari,11000000,https://finance.vietstock.vn/DVH-ctcp-che-tao-may-dien-viet-nam-hungari.htm,2059,3275
1330,3,OTC,,DVSC,CTCP Chứng khoán Đại Việt,25000000,https://finance.vietstock.vn/DVSC-ctcp-chung-khoan-dai-viet.htm,2060,3275
4138,3,OTC,,DVVTKHANHHOA,CTCP Khai thác Bến xe và Dịch vụ Vận tải Khánh Hòa,0,https://finance.vietstock.vn/DVVTKHANHHOA-ctcp-khai-thac-ben-xe-va-dich-vu-van-tai-khanh-hoa.htm,2061,3275
4693,3,OTC,Tư liệu sản xuất,DX2,CTCP Đầu tư và Xây dựng 319.2,4950000,https://finance.vietstock.vn/DX2-ctcp-dau-tu-va-xay-dung-319-2.htm,2062,3275
4800,3,OTC,Tư liệu sản xuất,DXD,CTCP Đầu tư và Phát triển Xây lắp Đông Anh,1019700,https://finance.vietstock.vn/DXD-ctcp-dau-tu-va-phat-trien-xay-lap-dong-anh.htm,2063,3275
3712,3,OTC,Dịch vụ tiện ích,EAD,CTCP Thủy điện Điện lực Đắk Lắk,2877800,https://finance.vietstock.vn/EAD-ctcp-thuy-dien-dien-luc-dak-lak.htm,2064,3275
3550,4,Khác,,EasternAudit,Công ty TNHH Kiểm toán Phương Đông,0,https://finance.vietstock.vn/EasternAudit-cong-ty-tnhh-kiem-toan-phuong-dong.htm,2065,3275
4764,3,OTC,Dịch vụ tiện ích,EBA,CTCP Điện Bắc Nà,15500000,https://finance.vietstock.vn/EBA-ctcp-dien-bac-na.htm,2066,3275
1154,3,OTC,,ECC,CTCP Chứng khoán Eurocapital,15000000,https://finance.vietstock.vn/ECC-ctcp-chung-khoan-eurocapital.htm,2067,3275
3526,4,Khác,,ECOVIS,Công ty TNHH ECOVIS STT Việt Nam,0,https://finance.vietstock.vn/ECOVIS-cong-ty-tnhh-ecovis-stt-viet-nam.htm,2068,3275
1293,3,OTC,,Eden,CTCP Ê Đen,0,https://finance.vietstock.vn/Eden-ctcp-e-den.htm,2069,3275
2740,6,Lào,,EDL-Gen,Công ty Phát Điện Lào,1226216765,https://finance.vietstock.vn/EDL-Gen-cong-ty-phat-dien-lao.htm,2070,3275
4494,3,OTC,,EDX,CTCP Tập đoàn EDX,20612000,https://finance.vietstock.vn/EDX-ctcp-tap-doan-edx.htm,2071,3275
1978,4,Khác,,EIFMC,Công ty TNHH Quản lý Quỹ Eastspring Investments,2500000,https://finance.vietstock.vn/EIFMC-cong-ty-tnhh-quan-ly-quy-eastspring-investments.htm,2072,3275
3366,4,Khác,,EJung,Công ty TNHH Kiểm toán E-JUNG,0,https://finance.vietstock.vn/EJung-cong-ty-tnhh-kiem-toan-e-jung.htm,2073,3275
4641,3,OTC,,ELINCO,CTCP Điện tử Tin học Hóa chất,0,https://finance.vietstock.vn/ELINCO-ctcp-dien-tu-tin-hoc-hoa-chat.htm,2074,3275
2028,3,OTC,Hàng tiêu dùng và trang trí,EMC,CTCP Cơ điện Thủ Đức,15297333,https://finance.vietstock.vn/EMC-ctcp-co-dien-thu-duc.htm,2075,3275
3719,3,OTC,,ENF,Quỹ đầu tư Năng động Eastspring Investments Việt Nam,6831564,https://finance.vietstock.vn/ENF-quy-dau-tu-nang-dong-eastspring-investments-viet-nam.htm,2076,3275
2563,4,Khác,,ErnstYoung,Công ty TNHH Ernst & Young Việt Nam,0,https://finance.vietstock.vn/ErnstYoung-cong-ty-tnhh-ernst-young-viet-nam.htm,2077,3275
3173,3,OTC,,ETCC,CTCP Cáp và Thiết bị Viễn Thông,0,https://finance.vietstock.vn/ETCC-ctcp-cap-va-thiet-bi-vien-thong.htm,2078,3275
2976,3,OTC,,Eurowindow,CTCP Cửa sổ Nhựa Châu Âu,76500000,https://finance.vietstock.vn/Eurowindow-ctcp-cua-so-nhua-chau-au.htm,2079,3275
4387,4,Khác,,EVN,Tập đoàn Điện lực Việt Nam,0,https://finance.vietstock.vn/EVN-tap-doan-dien-luc-viet-nam.htm,2080,3275
2621,3,OTC,,Eximland,CTCP Bất động sản Exim,0,https://finance.vietstock.vn/Eximland-ctcp-bat-dong-san-exim.htm,2081,3275
5686,4,Khác,,EYvn,Công ty TNHH Ernst & Young Việt Nam,0,https://finance.vietstock.vn/EYvn-cong-ty-tnhh-ernst-young-viet-nam.htm,2082,3275
3556,4,Khác,,FAC,Công ty TNHH Kiểm toán FAC,0,https://finance.vietstock.vn/FAC-cong-ty-tnhh-kiem-toan-fac.htm,2083,3275
3558,4,Khác,,FACOM,Công ty TNHH Kiểm toán và Tư vấn Tài chính Việt Nam,0,https://finance.vietstock.vn/FACOM-cong-ty-tnhh-kiem-toan-va-tu-van-tai-chinh-viet-nam.htm,2084,3275
3383,4,Khác,,FADACO,Công ty TNHH Kiểm toán và Tư vấn Đầu tư Tài chính Châu Á,0,https://finance.vietstock.vn/FADACO-cong-ty-tnhh-kiem-toan-va-tu-van-dau-tu-tai-chinh-chau-a.htm,2085,3275
1267,3,OTC,,Falcon,CTCP Vận tải Dầu khí Việt Nam,0,https://finance.vietstock.vn/Falcon-ctcp-van-tai-dau-khi-viet-nam.htm,2086,3275
2034,4,Khác,,FanansaFund,Công ty Quản lý Quỹ Finansa,0,https://finance.vietstock.vn/FanansaFund-cong-ty-quan-ly-quy-finansa.htm,2087,3275
1038,3,OTC,"Thực phẩm, đồ uống và thuốc lá",FBT,CTCP Xuất nhập khẩu Lâm Thủy sản Bến Tre,15000000,https://finance.vietstock.vn/FBT-ctcp-xuat-nhap-khau-lam-thuy-san-ben-tre.htm,2088,3275
1984,3,OTC,,FCB,Ngân hàng TMCP Đệ Nhất,300000000,https://finance.vietstock.vn/FCB-ngan-hang-tmcp-de-nhat.htm,2089,3275
2356,3,OTC,Phân phối và bán lẻ hàng lâu bền,FDG,CTCP Docimexco,13200000,https://finance.vietstock.vn/FDG-ctcp-docimexco.htm,2090,3275
1758,3,OTC,Dịch vụ chuyên biệt và thương mại,FDT,CTCP FIDITOUR,3054500,https://finance.vietstock.vn/FDT-ctcp-fiditour.htm,2091,3275
4808,4,Khác,,FECREDIT,Công ty Tài chính TNHH MTV Ngân hàng Việt Nam Thịnh Vượng,0,https://finance.vietstock.vn/FECREDIT-cong-ty-tai-chinh-tnhh-mtv-ngan-hang-viet-nam-thinh-vuong.htm,2092,3275
1473,4,Khác,,FENB,Ngân hàng Far East National Bank Chi nhánh Thành phố Hồ Chí Minh,0,https://finance.vietstock.vn/FENB-ngan-hang-far-east-national-bank-chi-nhanh-thanh-pho-ho-chi-minh.htm,2093,3275
4770,3,OTC,,FHH,CTCP Đầu tư Kinh doanh Phát triển Bất Động Sản FLCHOMES,0,https://finance.vietstock.vn/FHH-ctcp-dau-tu-kinh-doanh-phat-trien-bat-dong-san-flchomes.htm,2094,3275
2667,3,OTC,,FIS,CTCP Hệ thống Thông tin FPT,44662295,https://finance.vietstock.vn/FIS-ctcp-he-thong-thong-tin-fpt.htm,2095,3275
2497,3,OTC,,Foodinco,Tổng Công ty cổ phần Đầu tư và Xuất nhập khẩu Foodinco,0,https://finance.vietstock.vn/Foodinco-tong-cong-ty-co-phan-dau-tu-va-xuat-nhap-khau-foodinco.htm,2096,3275
2197,3,OTC,,Formach,CTCP Formach ,0,https://finance.vietstock.vn/Formach-ctcp-formach.htm,2097,3275
766,3,OTC,Tư liệu sản xuất,FPC,CTCP Full Power,13106292,https://finance.vietstock.vn/FPC-ctcp-full-power.htm,2098,3275
1953,3,OTC,,FPTCapital,CTCP Quản lý Quỹ  Đầu tư FPT,0,https://finance.vietstock.vn/FPTCapital-ctcp-quan-ly-quy-dau-tu-fpt.htm,2099,3275
2929,3,OTC,,FPTTrading,CTCP Thương mại FPT,30000000,https://finance.vietstock.vn/FPTTrading-ctcp-thuong-mai-fpt.htm,2100,3275
2317,3,OTC,,FritHue,CTCP Frit Huế,0,https://finance.vietstock.vn/FritHue-ctcp-frit-hue.htm,2101,3275
3992,3,OTC,,FSS,CTCP Giải pháp Phần mềm Tài chính,0,https://finance.vietstock.vn/FSS-ctcp-giai-phap-phan-mem-tai-chinh.htm,2102,3275
4747,3,OTC,,FTV,CTCP Công nghiệp Ngũ kim Fortress Việt Nam,0,https://finance.vietstock.vn/FTV-ctcp-cong-nghiep-ngu-kim-fortress-viet-nam.htm,2103,3275
4910,4,Khác,,FubonVN,Công ty TNHH Bảo hiểm nhân thọ Fubon,0,https://finance.vietstock.vn/FubonVN-cong-ty-tnhh-bao-hiem-nhan-tho-fubon.htm,2104,3275
4429,4,Khác,Dịch vụ tài chính,FUCTVGF1,Quỹ đầu tư Tăng trưởng TVAM,15000000,https://finance.vietstock.vn/FUCTVGF1-quy-dau-tu-tang-truong-tvam.htm,2105,3275
4703,3,OTC,Dịch vụ tài chính,FUCTVGF2,Quỹ Đầu tư Tăng trưởng Thiên Việt 2,17000000,https://finance.vietstock.vn/FUCTVGF2-quy-dau-tu-tang-truong-thien-viet-2.htm,2106,3275
4371,4,Khác,,Fullhouse,Công ty TNHH Nhà nước MTV Đầu tư và Du lịch Huế,0,https://finance.vietstock.vn/Fullhouse-cong-ty-tnhh-nha-nuoc-mtv-dau-tu-va-du-lich-hue.htm,2107,3275
4913,4,Khác,,FWDVN,Công ty TNHH Bảo hiểm nhân thọ FWD Việt Nam,0,https://finance.vietstock.vn/FWDVN-cong-ty-tnhh-bao-hiem-nhan-tho-fwd-viet-nam.htm,2108,3275
2293,3,OTC,,GachThaiBinh,CTCP Gạch ốp lát Thái Bình,0,https://finance.vietstock.vn/GachThaiBinh-ctcp-gach-op-lat-thai-binh.htm,2109,3275
3499,4,Khác,,GAFC,Công ty TNHH Kiểm toán và Tư vấn Tài chính Toàn cầu,0,https://finance.vietstock.vn/GAFC-cong-ty-tnhh-kiem-toan-va-tu-van-tai-chinh-toan-cau.htm,2110,3275
4370,3,OTC,,GANGTHEPLAOCAI,CTCP Đầu tư Gang thép Lào Cai - Vimico,0,https://finance.vietstock.vn/GANGTHEPLAOCAI-ctcp-dau-tu-gang-thep-lao-cai-vimico.htm,2111,3275
3861,4,Khác,,GaoXKTN,Nhà máy Gạo Xuất khẩu Tây Ninh,0,https://finance.vietstock.vn/GaoXKTN-nha-may-gao-xuat-khau-tay-ninh.htm,2112,3275
1226,3,OTC,Dịch vụ tài chính,GBS,CTCP Chứng khoán Golden Bridge Việt Nam,13500000,https://finance.vietstock.vn/GBS-ctcp-chung-khoan-golden-bridge-viet-nam.htm,2113,3275
2363,3,OTC,,GCC,CTCP Văn hóa Tổng hợp Bến Thành,3300000,https://finance.vietstock.vn/GCC-ctcp-van-hoa-tong-hop-ben-thanh.htm,2114,3275
2103,3,OTC,,GDC,CTCP Xuất nhập khẩu Gia Định,0,https://finance.vietstock.vn/GDC-ctcp-xuat-nhap-khau-gia-dinh.htm,2115,3275
4804,3,OTC,Dịch vụ tiện ích,GE2,Tổng Công ty Phát điện 2 - CTCP,262500,https://finance.vietstock.vn/GE2-tong-cong-ty-phat-dien-2-ctcp.htm,2116,3275
2398,3,OTC,,GEC,CTCP Cơ khí Gang Thép,0,https://finance.vietstock.vn/GEC-ctcp-co-khi-gang-thep.htm,2117,3275
2379,3,OTC,,Gefoseco,CTCP Thực phẩm và Dịch vụ Tổng hợp,2500000,https://finance.vietstock.vn/Gefoseco-ctcp-thuc-pham-va-dich-vu-tong-hop.htm,2118,3275
3635,3,OTC,,Geleximco,Tập đoàn Geleximco - CTCP,0,https://finance.vietstock.vn/Geleximco-tap-doan-geleximco-ctcp.htm,2119,3275
3675,3,OTC,,Gelimex,CTCP Điện máy và Kỹ thuật Công Nghệ,0,https://finance.vietstock.vn/Gelimex-ctcp-dien-may-va-ky-thuat-cong-nghe.htm,2120,3275
2192,3,OTC,,Generalimex,CTCP Xuất nhập khẩu Tổng hợp II,0,https://finance.vietstock.vn/Generalimex-ctcp-xuat-nhap-khau-tong-hop-ii.htm,2121,3275
4911,4,Khác,,GeneraliVN,Công ty TNHH Bảo hiểm nhân thọ Generali,0,https://finance.vietstock.vn/GeneraliVN-cong-ty-tnhh-bao-hiem-nhan-tho-generali.htm,2122,3275
1959,3,OTC,,Genesis,CTCP Quản lý quỹ Genesis,0,https://finance.vietstock.vn/Genesis-ctcp-quan-ly-quy-genesis.htm,2123,3275
2362,3,OTC,,Genexim,CTCP Vật tư Tổng hợp Thành phố Hồ Chí Minh,3250000,https://finance.vietstock.vn/Genexim-ctcp-vat-tu-tong-hop-thanh-pho-ho-chi-minh.htm,2124,3275
4331,4,Khác,,GENIMEX,CTCP Lâm sản và Xuất nhập khẩu Tổng hợp Bình Dương,0,https://finance.vietstock.vn/GENIMEX-ctcp-lam-san-va-xuat-nhap-khau-tong-hop-binh-duong.htm,2125,3275
1671,3,OTC,,Gentraco,CTCP Gentraco,0,https://finance.vietstock.vn/Gentraco-ctcp-gentraco.htm,2126,3275
3088,3,OTC,,Getraco,CTCP Thương mại Tổng hợp Tỉnh Bà Rịa - Vũng Tàu,751770,https://finance.vietstock.vn/Getraco-ctcp-thuong-mai-tong-hop-tinh-ba-ria-vung-tau.htm,2127,3275
2654,3,OTC,Phân phối và bán lẻ hàng lâu bền,GFC,CTCP Sản xuất Thương mại Dịch vụ GFC,0,https://finance.vietstock.vn/GFC-ctcp-san-xuat-thuong-mai-dich-vu-gfc.htm,2128,3275
4130,3,OTC,"Thực phẩm, đồ uống và thuốc lá",GGS,CTCP Giống gia súc Hà Nội,11010000,https://finance.vietstock.vn/GGS-ctcp-giong-gia-suc-ha-noi.htm,2129,3275
909,4,Khác,Nguyên vật liệu,GHA,CTCP Hapaco Hải Âu,2616960,https://finance.vietstock.vn/GHA-ctcp-hapaco-hai-au.htm,2130,3275
3543,4,Khác,,GiaCatAudit,Công ty TNHH Tư vấn và Kiểm toán Gia Cát,0,https://finance.vietstock.vn/GiaCatAudit-cong-ty-tnhh-tu-van-va-kiem-toan-gia-cat.htm,2131,3275
1776,3,OTC,,GiaDinhCo,CTCP Đầu tư Phát triển Gia Định,0,https://finance.vietstock.vn/GiaDinhCo-ctcp-dau-tu-phat-trien-gia-dinh.htm,2132,3275
1662,3,OTC,,GiaDungPhongPhu,CTCP Dệt Gia dụng Phong Phú,0,https://finance.vietstock.vn/GiaDungPhongPhu-ctcp-det-gia-dung-phong-phu.htm,2133,3275
1518,3,OTC,,GiaiPhapS2P,CTCP Dịch vụ Kĩ thuật và Giải pháp Số S2P,0,https://finance.vietstock.vn/GiaiPhapS2P-ctcp-dich-vu-ki-thuat-va-giai-phap-so-s2p.htm,2134,3275
4954,4,Khác,,GiaLam,CTCP Xe lửa Gia Lâm,0,https://finance.vietstock.vn/GiaLam-ctcp-xe-lua-gia-lam.htm,2135,3275
2466,3,OTC,,GiaoThong,CTCP Thiết bị Xây lắp Giao thông,0,https://finance.vietstock.vn/GiaoThong-ctcp-thiet-bi-xay-lap-giao-thong.htm,2136,3275
2811,3,OTC,,GiaoThong2,CTCP Công trình Giao thông 2,0,https://finance.vietstock.vn/GiaoThong2-ctcp-cong-trinh-giao-thong-2.htm,2137,3275
2912,3,OTC,,GiaoThongQN,CTCP Xây dựng Giao thông Quảng Nam,0,https://finance.vietstock.vn/GiaoThongQN-ctcp-xay-dung-giao-thong-quang-nam.htm,2138,3275
2990,3,OTC,,GiaSangSteel,CTCP Luyện cán thép Gia Sàng,0,https://finance.vietstock.vn/GiaSangSteel-ctcp-luyen-can-thep-gia-sang.htm,2139,3275
1614,3,OTC,,GiayDepWEC,CTCP May Thêu Giày Dép W.E.C Sài Gòn,0,https://finance.vietstock.vn/GiayDepWEC-ctcp-may-theu-giay-dep-w-e-c-sai-gon.htm,2140,3275
1675,3,OTC,,GiayHaiDuong,CTCP Giầy Hải Dương,0,https://finance.vietstock.vn/GiayHaiDuong-ctcp-giay-hai-duong.htm,2141,3275
2366,3,OTC,,GiayHaNoi,CTCP Đầu tư Xuất nhập khẩu Da giày Hà Nội,5000000,https://finance.vietstock.vn/GiayHaNoi-ctcp-dau-tu-xuat-nhap-khau-da-giay-ha-noi.htm,2142,3275
2863,3,OTC,,GiayLamSon,CTCP Giấy Lam Sơn,0,https://finance.vietstock.vn/GiayLamSon-ctcp-giay-lam-son.htm,2143,3275
841,3,OTC,,GiayLeHoa,CTCP Giấy tập Lệ Hoa,0,https://finance.vietstock.vn/GiayLeHoa-ctcp-giay-tap-le-hoa.htm,2144,3275
4256,3,OTC,,GID,CTCP Dệt may Gia Định,0,https://finance.vietstock.vn/GID-ctcp-det-may-gia-dinh.htm,2145,3275
4925,3,OTC,,GLH,CTCP GLEXHOMES,0,https://finance.vietstock.vn/GLH-ctcp-glexhomes.htm,2146,3275
1204,3,OTC,,GLS,CTCP Chứng khoán Sen Vàng,13500000,https://finance.vietstock.vn/GLS-ctcp-chung-khoan-sen-vang.htm,2147,3275
3431,4,Khác,,GocVietAudit,Công ty TNHH Kiểm toán Gốc Việt,0,https://finance.vietstock.vn/GocVietAudit-cong-ty-tnhh-kiem-toan-goc-viet.htm,2148,3275
3699,3,OTC,,GoldenGate,CTCP Thương mại Dịch vụ Cổng Vàng,0,https://finance.vietstock.vn/GoldenGate-ctcp-thuong-mai-dich-vu-cong-vang.htm,2149,3275
1194,4,Khác,,GPBank,Ngân hàng Thương mại TNHH MTV Dầu khí Toàn cầu,200000000,https://finance.vietstock.vn/GPBank-ngan-hang-thuong-mai-tnhh-mtv-dau-khi-toan-cau.htm,2150,3275
4786,3,OTC,"Thực phẩm, đồ uống và thuốc lá",GQN,Trung tâm Giống Thủy sản Quảng Nam,846000,https://finance.vietstock.vn/GQN-trung-tam-giong-thuy-san-quang-nam.htm,2151,3275
2593,4,Khác,,GrantThornton,Công ty TNHH Grant Thornton Việt Nam,0,https://finance.vietstock.vn/GrantThornton-cong-ty-tnhh-grant-thornton-viet-nam.htm,2152,3275
2085,4,Khác,,GreatEastern,Công ty TNHH Bảo hiểm Nhân Thọ Great Eastern Việt Nam,0,https://finance.vietstock.vn/GreatEastern-cong-ty-tnhh-bao-hiem-nhan-tho-great-eastern-viet-nam.htm,2153,3275
3251,3,OTC,,GRL,CTCP Tiếp Vận Xanh,0,https://finance.vietstock.vn/GRL-ctcp-tiep-van-xanh.htm,2154,3275
2086,4,Khác,,Groupama,Công ty TNHH Bảo hiểm Tổng hợp Groupama Việt Nam,0,https://finance.vietstock.vn/Groupama-cong-ty-tnhh-bao-hiem-tong-hop-groupama-viet-nam.htm,2155,3275
3002,3,OTC,,GSC,CTCP Thủy điện Geruco Sông Côn,30000000,https://finance.vietstock.vn/GSC-ctcp-thuy-dien-geruco-song-con.htm,2156,3275
3821,3,OTC,,GT6,Tổng Công ty Xây dựng Công trình Giao thông 6 - CTCP,0,https://finance.vietstock.vn/GT6-tong-cong-ty-xay-dung-cong-trinh-giao-thong-6-ctcp.htm,2157,3275
3891,3,OTC,"Thực phẩm, đồ uống và thuốc lá",GTC,CTCP Trà Rồng Vàng,1032243,https://finance.vietstock.vn/GTC-ctcp-tra-rong-vang.htm,2158,3275
1859,3,OTC,Tư liệu sản xuất,GTH,CTCP Xây dựng - Giao thông Thừa Thiên Huế,2735500,https://finance.vietstock.vn/GTH-ctcp-xay-dung-giao-thong-thua-thien-hue.htm,2159,3275
3561,7,Campuchia,,GTI,Công ty Grand Twins International (Campuchia),0,https://finance.vietstock.vn/GTI-cong-ty-grand-twins-international-campuchia.htm,2160,3275
3979,3,OTC,Hàng tiêu dùng và trang trí,GTK,CTCP Giầy Thụy Khê,7700000,https://finance.vietstock.vn/GTK-ctcp-giay-thuy-khe.htm,2161,3275
3740,3,OTC,"Thực phẩm, đồ uống và thuốc lá",GTN,CTCP GTNFoods,250000000,https://finance.vietstock.vn/GTN-ctcp-gtnfoods.htm,2162,3275
1775,3,OTC,,H22,CTCP Đầu tư và Phát triển Nhà Hà Nội 22,0,https://finance.vietstock.vn/H22-ctcp-dau-tu-va-phat-trien-nha-ha-noi-22.htm,2163,3275
3373,4,Khác,,HAA,Công ty TNHH Kiểm toán và Tư vấn Hàn Quốc,0,https://finance.vietstock.vn/HAA-cong-ty-tnhh-kiem-toan-va-tu-van-han-quoc.htm,2164,3275
4628,3,OTC,Truyền thông và giải trí,HAB,CTCP Sách và Thiết bị Trường học Hà Nội,2000000,https://finance.vietstock.vn/HAB-ctcp-sach-va-thiet-bi-truong-hoc-ha-noi.htm,2165,3275
2338,3,OTC,,Habac,CTCP Cơ khí Xây dựng Số 2 Hà Bắc,1488970,https://finance.vietstock.vn/Habac-ctcp-co-khi-xay-dung-so-2-ha-bac.htm,2166,3275
2879,3,OTC,,HaChau,CTCP Hà Châu ,0,https://finance.vietstock.vn/HaChau-ctcp-ha-chau.htm,2167,3275
3011,3,OTC,,HACO,CTCP Kiến Trúc Hà Nội,1000000,https://finance.vietstock.vn/HACO-ctcp-kien-truc-ha-noi.htm,2168,3275
4625,3,OTC,,HADIC,CTCP Tư vấn Đầu tư và Phát triển Bưu điện Hà Nội,0,https://finance.vietstock.vn/HADIC-ctcp-tu-van-dau-tu-va-phat-trien-buu-dien-ha-noi.htm,2169,3275
3318,3,OTC,,HAFIC,CTCP Tài chính Handico,0,https://finance.vietstock.vn/HAFIC-ctcp-tai-chinh-handico.htm,2170,3275
2900,3,OTC,,HaiAn,CTCP Đóng Tàu Hải An,0,https://finance.vietstock.vn/HaiAn-ctcp-dong-tau-hai-an.htm,2171,3275
2289,3,OTC,,Haicatex,CTCP Dệt Công nghiệp Hà Nội,0,https://finance.vietstock.vn/Haicatex-ctcp-det-cong-nghiep-ha-noi.htm,2172,3275
2301,3,OTC,,HaiChau,CTCP Bánh kẹo Hải Châu,0,https://finance.vietstock.vn/HaiChau-ctcp-banh-keo-hai-chau.htm,2173,3275
3236,3,OTC,,HaiPhongMarine,CTCP Đầu tư và Thương mại Hàng Hải Hải Phòng,12000000,https://finance.vietstock.vn/HaiPhongMarine-ctcp-dau-tu-va-thuong-mai-hang-hai-hai-phong.htm,2174,3275
2359,3,OTC,,HaiVanNam,CTCP Hải Vân Nam,9970493,https://finance.vietstock.vn/HaiVanNam-ctcp-hai-van-nam.htm,2175,3275
3063,3,OTC,,HAMC,CTCP Cơ khí Ô Tô Hòa Bình,0,https://finance.vietstock.vn/HAMC-ctcp-co-khi-o-to-hoa-binh.htm,2176,3275
2297,3,OTC,,Hanaka,CTCP Tập đoàn Hanaka,0,https://finance.vietstock.vn/Hanaka-ctcp-tap-doan-hanaka.htm,2177,3275
2306,3,OTC,,HaNamNinh,CTCP Lương thực Hà Nam Ninh,0,https://finance.vietstock.vn/HaNamNinh-ctcp-luong-thuc-ha-nam-ninh.htm,2178,3275
4287,4,Khác,,Haneco,Công ty TNHH MTV Xuất nhập khẩu và Thương mại Haneco,0,https://finance.vietstock.vn/Haneco-cong-ty-tnhh-mtv-xuat-nhap-khau-va-thuong-mai-haneco.htm,2179,3275
1555,3,OTC,,Hanexim,CTCP Xuất nhập khẩu Hà Anh,0,https://finance.vietstock.vn/Hanexim-ctcp-xuat-nhap-khau-ha-anh.htm,2180,3275
3408,4,Khác,,HANOIAC,Công ty TNHH Kiểm toán và Dịch vụ Tư vấn Hà Nội,0,https://finance.vietstock.vn/HANOIAC-cong-ty-tnhh-kiem-toan-va-dich-vu-tu-van-ha-noi.htm,2181,3275
4482,3,OTC,,HaNoiFood,CTCP Chế biến Kinh doanh Lương thực Thực phẩm Hà Nội,0,https://finance.vietstock.vn/HaNoiFood-ctcp-che-bien-kinh-doanh-luong-thuc-thuc-pham-ha-noi.htm,2182,3275
3257,4,Khác,,HaNoiFund,Quỹ đầu tư Chứng khoán Hà Nội,0,https://finance.vietstock.vn/HaNoiFund-quy-dau-tu-chung-khoan-ha-noi.htm,2183,3275
3031,3,OTC,,HaNoiNonNuoc,CTCP Đầu tư Du lịch Hà Nội Non Nước,2600000,https://finance.vietstock.vn/HaNoiNonNuoc-ctcp-dau-tu-du-lich-ha-noi-non-nuoc.htm,2184,3275
3333,3,OTC,,HaNoiOptic,CTCP Kính mắt Hà Nội,0,https://finance.vietstock.vn/HaNoiOptic-ctcp-kinh-mat-ha-noi.htm,2185,3275
3323,3,OTC,,HaNoiTD,CTCP Phát triển Thương mại Hà Nội,0,https://finance.vietstock.vn/HaNoiTD-ctcp-phat-trien-thuong-mai-ha-noi.htm,2186,3275
2797,3,OTC,,Hanosimex,CTCP Thương mại Hải Phòng - Hanosimex,150000,https://finance.vietstock.vn/Hanosimex-ctcp-thuong-mai-hai-phong-hanosimex.htm,2187,3275
3419,4,Khác,,HANVIFA,Công ty TNHH Dịch vụ Tài chính và Kiểm toán Hàn Việt,0,https://finance.vietstock.vn/HANVIFA-cong-ty-tnhh-dich-vu-tai-chinh-va-kiem-toan-han-viet.htm,2188,3275
4912,4,Khác,,HanwhaLifeVN,Công ty TNHH Bảo hiểm nhân thọ Hanwha Life Việt Nam,0,https://finance.vietstock.vn/HanwhaLifeVN-cong-ty-tnhh-bao-hiem-nhan-tho-hanwha-life-viet-nam.htm,2189,3275
3612,3,OTC,,HAPHARCO,CTCP Dược phẩm Thiết bị Y tế Hà Nội,0,https://finance.vietstock.vn/HAPHARCO-ctcp-duoc-pham-thiet-bi-y-te-ha-noi.htm,2190,3275
3684,3,OTC,,Hapoco,CTCP Sứ Hải Dương,0,https://finance.vietstock.vn/Hapoco-ctcp-su-hai-duong.htm,2191,3275
4427,4,Khác,,Haprosimex,Công ty TNHH MTV Haprosimex,0,https://finance.vietstock.vn/Haprosimex-cong-ty-tnhh-mtv-haprosimex.htm,2192,3275
4660,3,OTC,,HapuIndus,CTCP Công nghiệp Hapulico,0,https://finance.vietstock.vn/HapuIndus-ctcp-cong-nghiep-hapulico.htm,2193,3275
4651,3,OTC,,HAPULICO,CTCP Đầu tư Bất động sản Hapulico,0,https://finance.vietstock.vn/HAPULICO-ctcp-dau-tu-bat-dong-san-hapulico.htm,2194,3275
4466,3,OTC,,HARATOUR,CTCP Dịch vụ Du lịch Đường sắt Hà Nội,0,https://finance.vietstock.vn/HARATOUR-ctcp-dich-vu-du-lich-duong-sat-ha-noi.htm,2195,3275
4652,3,OTC,,HARUTOUR,CTCP Du lịch Cao su Hàm Rồng,0,https://finance.vietstock.vn/HARUTOUR-ctcp-du-lich-cao-su-ham-rong.htm,2196,3275
4118,3,OTC,,HASCOM,CTCP Thép và Cơ khí Vật liệu Xây dựng Hải Phòng,0,https://finance.vietstock.vn/HASCOM-ctcp-thep-va-co-khi-vat-lieu-xay-dung-hai-phong.htm,2197,3275
4241,4,Khác,,HATEXCO,Công ty TNHH MTV Dệt 19/5 Hà Nội,0,https://finance.vietstock.vn/HATEXCO-cong-ty-tnhh-mtv-det-19-5-ha-noi.htm,2198,3275
3430,4,Khác,,HaThanhAudit,Công ty TNHH Kiểm toán và Tư vấn Hà Thành,0,https://finance.vietstock.vn/HaThanhAudit-cong-ty-tnhh-kiem-toan-va-tu-van-ha-thanh.htm,2199,3275
3610,3,OTC,,HaTienKienGiang,CTCP Xi măng Hà Tiên Kiên Giang,0,https://finance.vietstock.vn/HaTienKienGiang-ctcp-xi-mang-ha-tien-kien-giang.htm,2200,3275
4821,3,OTC,,HAW,Trung tâm Nước sạch và Vệ sinh môi trường nông thôn,61500,https://finance.vietstock.vn/HAW-trung-tam-nuoc-sach-va-ve-sinh-moi-truong-nong-thon.htm,2201,3275
1165,4,Khác,Tổ chức tín dụng,HBB,Ngân hàng TMCP Nhà Hà Nội,405000000,https://finance.vietstock.vn/HBB-ngan-hang-tmcp-nha-ha-noi.htm,2202,3275
1080,3,OTC,Truyền thông và giải trí,HBE,CTCP Sách thiết bị Trường học Hà Tĩnh,2231058,https://finance.vietstock.vn/HBE-ctcp-sach-thiet-bi-truong-hoc-ha-tinh.htm,2203,3275
4283,3,OTC,Phát triển và quản lý bất động sản,HBI,CTCP HBI,51000000,https://finance.vietstock.vn/HBI-ctcp-hbi.htm,2204,3275
4655,3,OTC,Dịch vụ tiện ích,HBW,CTCP Nước sạch Hòa Bình,6679289,https://finance.vietstock.vn/HBW-ctcp-nuoc-sach-hoa-binh.htm,2205,3275
4491,3,OTC,Vận tải,HCS,CTCP Thông tin Tín hiệu Đường sắt Hà Nội,2250000,https://finance.vietstock.vn/HCS-ctcp-thong-tin-tin-hieu-duong-sat-ha-noi.htm,2206,3275
4741,3,OTC,Phát triển và quản lý bất động sản,HD3,CTCP Đầu tư phát triển Nhà và Đô thị MHDI3,2000000,https://finance.vietstock.vn/HD3-ctcp-dau-tu-phat-trien-nha-va-do-thi-mhdi3.htm,2207,3275
1351,3,OTC,,HDBS,CTCP Chứng khoán HD,0,https://finance.vietstock.vn/HDBS-ctcp-chung-khoan-hd.htm,2208,3275
1491,3,OTC,,HDCC1,CTCP Xây dựng Số 1 Hải Dương,43910,https://finance.vietstock.vn/HDCC1-ctcp-xay-dung-so-1-hai-duong.htm,2209,3275
3267,3,OTC,,HDLinvest,CTCP Thương mại và Đầu tư HDL,0,https://finance.vietstock.vn/HDLinvest-ctcp-thuong-mai-va-dau-tu-hdl.htm,2210,3275
4809,4,Khác,,HDSAISON,Công ty Tài chính TNHH HD Saison,0,https://finance.vietstock.vn/HDSAISON-cong-ty-tai-chinh-tnhh-hd-saison.htm,2211,3275
3519,4,Khác,,HDTAudit,Công ty TNHH Kiểm toán HDT Việt Nam,0,https://finance.vietstock.vn/HDTAudit-cong-ty-tnhh-kiem-toan-hdt-viet-nam.htm,2212,3275
2145,3,OTC,,Heco,CTCP Tư vấn Thiết kế Đường bộ,0,https://finance.vietstock.vn/Heco-ctcp-tu-van-thiet-ke-duong-bo.htm,2213,3275
2911,3,OTC,Tư liệu sản xuất,HEM,CTCP Chế tạo Điện Cơ Hà Nội,38704650,https://finance.vietstock.vn/HEM-ctcp-che-tao-dien-co-ha-noi.htm,2214,3275
2138,3,OTC,,Hemco,CTCP Học liệu Giáo dục Hà Nội,0,https://finance.vietstock.vn/Hemco-ctcp-hoc-lieu-giao-duc-ha-noi.htm,2215,3275
2033,4,Khác,,HFIC,Công ty Đầu tư Tài chính Nhà nước Thành phố Hồ Chí Minh,0,https://finance.vietstock.vn/HFIC-cong-ty-dau-tu-tai-chinh-nha-nuoc-thanh-pho-ho-chi-minh.htm,2216,3275
3883,3,OTC,Hàng tiêu dùng và trang trí,HFS,CTCP Thương mại Dịch vụ Thời trang Hà Nội,10000000,https://finance.vietstock.vn/HFS-ctcp-thuong-mai-dich-vu-thoi-trang-ha-noi.htm,2217,3275
1346,3,OTC,Dịch vụ tài chính,HFT,CTCP Chứng khoán Pinetree,61500000,https://finance.vietstock.vn/HFT-ctcp-chung-khoan-pinetree.htm,2218,3275
4790,3,OTC,Dịch vụ chuyên biệt và thương mại,HGA,Trung tâm Giống Nông nghiệp tỉnh Hậu Giang,778181,https://finance.vietstock.vn/HGA-trung-tam-giong-nong-nghiep-tinh-hau-giang.htm,2219,3275
4795,3,OTC,Dịch vụ chuyên biệt và thương mại,HGC,Trung tâm Quy hoạch - Kiến trúc tỉnh Hậu Giang,55000,https://finance.vietstock.vn/HGC-trung-tam-quy-hoach-kien-truc-tinh-hau-giang.htm,2220,3275
4820,3,OTC,,HGR,CTCP Tài nguyên và Môi trường Hậu Giang,10000,https://finance.vietstock.vn/HGR-ctcp-tai-nguyen-va-moi-truong-hau-giang.htm,2221,3275
4436,3,OTC,Dịch vụ tiện ích,HGW,CTCP Cấp thoát nước - Công trình Đô thị Hậu Giang,24878291,https://finance.vietstock.vn/HGW-ctcp-cap-thoat-nuoc-cong-trinh-do-thi-hau-giang.htm,2222,3275
2242,3,OTC,Hàng tiêu dùng và trang trí,HHA,CTCP Văn phòng phẩm Hồng Hà,5896100,https://finance.vietstock.vn/HHA-ctcp-van-phong-pham-hong-ha.htm,2223,3275
1925,3,OTC,,HHD,CTCP Kinh doanh Phát triển Nhà và Đô thị Hà Nội,0,https://finance.vietstock.vn/HHD-ctcp-kinh-doanh-phat-trien-nha-va-do-thi-ha-noi.htm,2224,3275
1913,3,OTC,Tư liệu sản xuất,HHL,CTCP Hồng Hà Long An,2748270,https://finance.vietstock.vn/HHL-ctcp-hong-ha-long-an.htm,2225,3275
4458,3,OTC,Tư liệu sản xuất,HHR,CTCP Đường sắt Hà Hải,1380000,https://finance.vietstock.vn/HHR-ctcp-duong-sat-ha-hai.htm,2226,3275
2105,3,OTC,,HIC,CTCP Đầu tư và Xây dựng Số 1 Hà Nội,0,https://finance.vietstock.vn/HIC-ctcp-dau-tu-va-xay-dung-so-1-ha-noi.htm,2227,3275
2126,3,OTC,,Hidico,CTCP Đầu tư Phát triển Nhà và Khu công nghiệp Đồng Tháp,0,https://finance.vietstock.vn/Hidico-ctcp-dau-tu-phat-trien-nha-va-khu-cong-nghiep-dong-thap.htm,2228,3275
3429,4,Khác,,HienLongAudit,Công ty TNHH Kiểm toán Tư vấn Hiển Long,0,https://finance.vietstock.vn/HienLongAudit-cong-ty-tnhh-kiem-toan-tu-van-hien-long.htm,2229,3275
3242,4,Khác,,HiepPhuoc,Công Ty TNHH Thương mại Dịch vụ In Ấn Hiệp Phước,0,https://finance.vietstock.vn/HiepPhuoc-cong-ty-tnhh-thuong-mai-dich-vu-in-an-hiep-phuoc.htm,2230,3275
3146,3,OTC,,HiepThanh,CTCP Hiệp Thành,1260000,https://finance.vietstock.vn/HiepThanh-ctcp-hiep-thanh.htm,2231,3275
3633,3,OTC,,HimLam,CTCP Him Lam,0,https://finance.vietstock.vn/HimLam-ctcp-him-lam.htm,2232,3275
3714,3,OTC,,HIS,CTCP Đầu tư và Kinh doanh Thương mại Vinaconex,0,https://finance.vietstock.vn/HIS-ctcp-dau-tu-va-kinh-doanh-thuong-mai-vinaconex.htm,2233,3275
3331,3,OTC,Phát triển và quản lý bất động sản,HIZ,CTCP Khu Công nghiệp Hố Nai,7500000,https://finance.vietstock.vn/HIZ-ctcp-khu-cong-nghiep-ho-nai.htm,2234,3275
1663,3,OTC,Hàng tiêu dùng và trang trí,HKC,CTCP Dệt kim Hà Nội,2400000,https://finance.vietstock.vn/HKC-ctcp-det-kim-ha-noi.htm,2235,3275
2016,3,OTC,Nguyên vật liệu,HKP,CTCP Bao bì Hà Tiên,4000000,https://finance.vietstock.vn/HKP-ctcp-bao-bi-ha-tien.htm,2236,3275
4592,3,OTC,Tư liệu sản xuất,HLE,CTCP Điện Chiếu sáng Hải Phòng,2200000,https://finance.vietstock.vn/HLE-ctcp-dien-chieu-sang-hai-phong.htm,2237,3275
1508,3,OTC,"Thực phẩm, đồ uống và thuốc lá",HLG,CTCP Tập đoàn Hoàng Long,44375385,https://finance.vietstock.vn/HLG-ctcp-tap-doan-hoang-long.htm,2238,3275
4304,3,OTC,Vận tải,HLR,CTCP Đường sắt Hà Lạng,1650000,https://finance.vietstock.vn/HLR-ctcp-duong-sat-ha-lang.htm,2239,3275
3664,3,OTC,,HN184,CTCP 18-4 Hà Nội,0,https://finance.vietstock.vn/HN184-ctcp-18-4-ha-noi.htm,2240,3275
2487,3,OTC,,HNC,CTCP Xi măng Hữu Nghị,0,https://finance.vietstock.vn/HNC-ctcp-xi-mang-huu-nghi.htm,2241,3275
4281,3,OTC,Phân phối và bán lẻ hàng lâu bền,HNE,CTCP Hanel,192600000,https://finance.vietstock.vn/HNE-ctcp-hanel.htm,2242,3275
4569,3,OTC,,HNInvest,CTCP Đầu tư Bất động sản Hà Nội,0,https://finance.vietstock.vn/HNInvest-ctcp-dau-tu-bat-dong-san-ha-noi.htm,2243,3275
3996,3,OTC,Vận tải,HNT,CTCP Xe điện Hà Nội,5500000,https://finance.vietstock.vn/HNT-ctcp-xe-dien-ha-noi.htm,2244,3275
3141,4,Khác,,HNX,Sở Giao dịch Chứng khoán Hà Nội,0,https://finance.vietstock.vn/HNX-so-giao-dich-chung-khoan-ha-noi.htm,2245,3275
2474,3,OTC,,HoaBinh,CTCP Hòa Bình,10000000,https://finance.vietstock.vn/HoaBinh-ctcp-hoa-binh.htm,2246,3275
2792,3,OTC,,HoaChat,CTCP Hóa Chất,1900000,https://finance.vietstock.vn/HoaChat-ctcp-hoa-chat.htm,2247,3275
2333,3,OTC,,HoaChatCanTho,CTCP Phân bón và Hóa chất Cần Thơ,0,https://finance.vietstock.vn/HoaChatCanTho-ctcp-phan-bon-va-hoa-chat-can-tho.htm,2248,3275
3597,3,OTC,,Hoachatmiennam,CTCP Hóa chất Miền Nam,0,https://finance.vietstock.vn/Hoachatmiennam-ctcp-hoa-chat-mien-nam.htm,2249,3275
3924,3,OTC,,HoaChatViSinh,CTCP Công nghiệp Hóa chất và Vi sinh,0,https://finance.vietstock.vn/HoaChatViSinh-ctcp-cong-nghiep-hoa-chat-va-vi-sinh.htm,2250,3275
2461,3,OTC,,HoaDuocVN,CTCP Hóa dược Việt Nam,0,https://finance.vietstock.vn/HoaDuocVN-ctcp-hoa-duoc-viet-nam.htm,2251,3275
1677,3,OTC,,HoaMinhDuc,CTCP Hóa chất Minh Đức,0,https://finance.vietstock.vn/HoaMinhDuc-ctcp-hoa-chat-minh-duc.htm,2252,3275
3363,4,Khác,,HoangGiaSCCT,Công ty TNHH Tư vấn Luật và Kiểm toán Hoàng Gia - SCCT,0,https://finance.vietstock.vn/HoangGiaSCCT-cong-ty-tnhh-tu-van-luat-va-kiem-toan-hoang-gia-scct.htm,2253,3275
2650,3,OTC,,HoangHac,CTCP Hoàng Hạc,0,https://finance.vietstock.vn/HoangHac-ctcp-hoang-hac.htm,2254,3275
2400,3,OTC,,HoangLongAn,CTCP Hoàng Long Long An,0,https://finance.vietstock.vn/HoangLongAn-ctcp-hoang-long-long-an.htm,2255,3275
3498,4,Khác,,HoangThang,Công ty TNHH Hoàng & Thắng,0,https://finance.vietstock.vn/HoangThang-cong-ty-tnhh-hoang-thang.htm,2256,3275
4548,3,OTC,,HoBon,CTCP Thủy điện Hồ Bốn,0,https://finance.vietstock.vn/HoBon-ctcp-thuy-dien-ho-bon.htm,2257,3275
4810,4,Khác,,HOMECREDIT,Công ty Tài chính TNHH MTV Home Credit Việt Nam,0,https://finance.vietstock.vn/HOMECREDIT-cong-ty-tai-chinh-tnhh-mtv-home-credit-viet-nam.htm,2258,3275
3268,3,OTC,,Honeyboy,CTCP Honeyboy,0,https://finance.vietstock.vn/Honeyboy-ctcp-honeyboy.htm,2259,3275
2550,4,Khác,,HongDuc,Công ty TNHH Kiểm toán và Tư vấn Tài chính Kinh tế Hồng Đức,0,https://finance.vietstock.vn/HongDuc-cong-ty-tnhh-kiem-toan-va-tu-van-tai-chinh-kinh-te-hong-duc.htm,2260,3275
3553,4,Khác,,HongHaAudit,Công ty TNHH Kiểm toán Hồng Hà,0,https://finance.vietstock.vn/HongHaAudit-cong-ty-tnhh-kiem-toan-hong-ha.htm,2261,3275
2967,3,OTC,,HongHaInvest,CTCP Đầu tư và Phát triển Hồng Hà,0,https://finance.vietstock.vn/HongHaInvest-ctcp-dau-tu-va-phat-trien-hong-ha.htm,2262,3275
1471,4,Khác,,HongLeong,Ngân hàng TNHH MTV Hong Leong Việt Nam,0,https://finance.vietstock.vn/HongLeong-ngan-hang-tnhh-mtv-hong-leong-viet-nam.htm,2263,3275
2923,3,OTC,,HongNam,CTCP Cơ khí Hồng Nam,1500000,https://finance.vietstock.vn/HongNam-ctcp-co-khi-hong-nam.htm,2264,3275
3344,3,OTC,,HOPACO,CTCP Giấy Hoàng Văn Thụ,0,https://finance.vietstock.vn/HOPACO-ctcp-giay-hoang-van-thu.htm,2265,3275
2431,3,OTC,,HopNhat,CTCP Hợp Nhất Việt Nam,0,https://finance.vietstock.vn/HopNhat-ctcp-hop-nhat-viet-nam.htm,2266,3275
1433,3,OTC,,HopThinh,CTCP Viglacera Hợp Thịnh,0,https://finance.vietstock.vn/HopThinh-ctcp-viglacera-hop-thinh.htm,2267,3275
1516,4,Khác,,HOSE,Sở Giao dịch Chứng khoán Thành phố Hồ Chí Minh,0,https://finance.vietstock.vn/HOSE-so-giao-dich-chung-khoan-thanh-pho-ho-chi-minh.htm,2268,3275
2040,3,OTC,,HPA,CTCP Thủy tinh Hưng Phú,0,https://finance.vietstock.vn/HPA-ctcp-thuy-tinh-hung-phu.htm,2269,3275
3370,4,Khác,,HPAuditing,Công ty TNHH Kiểm toán và Tư vấn Tài chính Kế toán HP,0,https://finance.vietstock.vn/HPAuditing-cong-ty-tnhh-kiem-toan-va-tu-van-tai-chinh-ke-toan-hp.htm,2270,3275
4778,3,OTC,,HPE,CTCP Điện tử Chuyên dụng Hanel,0,https://finance.vietstock.vn/HPE-ctcp-dien-tu-chuyen-dung-hanel.htm,2271,3275
4290,4,Khác,,HPHoatHinhVN,Công ty TNHH MTV Hãng phim Hoạt hình Việt Nam,0,https://finance.vietstock.vn/HPHoatHinhVN-cong-ty-tnhh-mtv-hang-phim-hoat-hinh-viet-nam.htm,2272,3275
1569,3,OTC,Vận tải,HPL,CTCP Bến xe Tàu Phà Cần Thơ,2000000,https://finance.vietstock.vn/HPL-ctcp-ben-xe-tau-pha-can-tho.htm,2273,3275
2686,3,OTC,Phát triển và quản lý bất động sản,HPR,CTCP Đầu tư Xây dựng Hồng Phát,0,https://finance.vietstock.vn/HPR-ctcp-dau-tu-xay-dung-hong-phat.htm,2274,3275
4284,3,OTC,,HPRAILCO,CTCP Toa xe Hải Phòng,0,https://finance.vietstock.vn/HPRAILCO-ctcp-toa-xe-hai-phong.htm,2275,3275
917,3,OTC,Nguyên vật liệu,HPS,CTCP Đá Xây dựng Hòa Phát,1565250,https://finance.vietstock.vn/HPS-ctcp-da-xay-dung-hoa-phat.htm,2276,3275
1646,3,OTC,,HPTourism,CTCP Du lịch Hải Phòng,0,https://finance.vietstock.vn/HPTourism-ctcp-du-lich-hai-phong.htm,2277,3275
4643,3,OTC,Hàng tiêu dùng và trang trí,HPU,CTCP 28 Hưng Phú,2000000,https://finance.vietstock.vn/HPU-ctcp-28-hung-phu.htm,2278,3275
3059,3,OTC,,HQM,CTCP Tư vấn Thương mại Dịch vụ Địa Ốc Hoàng Quân Mê Kông,32000000,https://finance.vietstock.vn/HQM-ctcp-tu-van-thuong-mai-dich-vu-dia-oc-hoang-quan-me-kong.htm,2279,3275
4075,3,OTC,Hàng tiêu dùng và trang trí,HRG,CTCP Cao su Hà Nội,2650000,https://finance.vietstock.vn/HRG-ctcp-cao-su-ha-noi.htm,2280,3275
1343,3,OTC,,HRS,CTCP Chứng khoán SmartMind,7553846,https://finance.vietstock.vn/HRS-ctcp-chung-khoan-smartmind.htm,2281,3275
3505,4,Khác,,HSAC,Công ty TNHH Kiểm toán và Tư vấn Hoàng Sao,0,https://finance.vietstock.vn/HSAC-cong-ty-tnhh-kiem-toan-va-tu-van-hoang-sao.htm,2282,3275
1231,4,Khác,,HSBC,Ngân hàng TNHH MTV HSBC (Việt Nam),0,https://finance.vietstock.vn/HSBC-ngan-hang-tnhh-mtv-hsbc-viet-nam.htm,2283,3275
918,3,OTC,Dịch vụ tiêu dùng,HSC,CTCP Hacinco,0,https://finance.vietstock.vn/HSC-ctcp-hacinco.htm,2284,3275
3504,4,Khác,,HSKAudit,Công ty TNHH Kiểm toán HSK Việt Nam,0,https://finance.vietstock.vn/HSKAudit-cong-ty-tnhh-kiem-toan-hsk-viet-nam.htm,2285,3275
1344,3,OTC,,HSSC,CTCP Chứng khoán Hà Nội,5000000,https://finance.vietstock.vn/HSSC-ctcp-chung-khoan-ha-noi.htm,2286,3275
1904,3,OTC,Truyền thông và giải trí,HST,CTCP Phát hành sách và Thiết bị Trường học Hưng Yên,1500000,https://finance.vietstock.vn/HST-ctcp-phat-hanh-sach-va-thiet-bi-truong-hoc-hung-yen.htm,2287,3275
1533,3,OTC,Nguyên vật liệu,HT2,CTCP Xi măng Hà Tiên 2,88000000,https://finance.vietstock.vn/HT2-ctcp-xi-mang-ha-tien-2.htm,2288,3275
2535,3,OTC,Tư liệu sản xuất,HTB,CTCP Xây dựng Huy Thắng,1800000,https://finance.vietstock.vn/HTB-ctcp-xay-dung-huy-thang.htm,2289,3275
3324,3,OTC,,HTCJC2,CTCP Công trình Giao thông 2 Hà Nội,0,https://finance.vietstock.vn/HTCJC2-ctcp-cong-trinh-giao-thong-2-ha-noi.htm,2290,3275
4872,3,OTC,Vận tải,HTH,CTCP Hoa tiêu hàng hải - TKV,404400,https://finance.vietstock.vn/HTH-ctcp-hoa-tieu-hang-hai-tkv.htm,2291,3275
4700,3,OTC,Vận tải,HTK,CTCP Đăng kiểm xe cơ giới Hải Dương,1458710,https://finance.vietstock.vn/HTK-ctcp-dang-kiem-xe-co-gioi-hai-duong.htm,2292,3275
4462,3,OTC,Vận tải,HTR,CTCP Đường sắt Hà Thái,1500700,https://finance.vietstock.vn/HTR-ctcp-duong-sat-ha-thai.htm,2293,3275
2748,3,OTC,,HTS,CTCP Thép Hương Thịnh,14000000,https://finance.vietstock.vn/HTS-ctcp-thep-huong-thinh.htm,2294,3275
3773,3,OTC,Dịch vụ chuyên biệt và thương mại,HTU,CTCP Môi trường và Công trình đô thị Hà Tĩnh ,16438382,https://finance.vietstock.vn/HTU-ctcp-moi-truong-va-cong-trinh-do-thi-ha-tinh.htm,2295,3275
3896,3,OTC,Dịch vụ tiện ích,HTW,CTCP Cấp nước Hà Tĩnh,20400893,https://finance.vietstock.vn/HTW-ctcp-cap-nuoc-ha-tinh.htm,2296,3275
4270,4,Khác,,HUD,Tổng Công ty Đầu tư Phát triển Nhà và Đô Thị,0,https://finance.vietstock.vn/HUD-tong-cong-ty-dau-tu-phat-trien-nha-va-do-thi.htm,2297,3275
2948,3,OTC,,Hudeco,CTCP Đầu tư và Phát triển Giáo dục HUDECO,1900000,https://finance.vietstock.vn/Hudeco-ctcp-dau-tu-va-phat-trien-giao-duc-hudeco.htm,2298,3275
3818,4,Khác,,HUDKienGiang,Công ty TNHH Đầu tư và Phát triển Nhà Kiên Giang,0,https://finance.vietstock.vn/HUDKienGiang-cong-ty-tnhh-dau-tu-va-phat-trien-nha-kien-giang.htm,2299,3275
1524,3,OTC,,Humic,CTCP Phân hữu cơ HUMIC Quảng Ngãi,0,https://finance.vietstock.vn/Humic-ctcp-phan-huu-co-humic-quang-ngai.htm,2300,3275
2803,3,OTC,,HungPhu,CTCP Hưng Phú,1800000,https://finance.vietstock.vn/HungPhu-ctcp-hung-phu.htm,2301,3275
3221,3,OTC,,HuongGiangCIC,CTCP Tư vấn Đầu tư và Xây dựng Hương Giang,0,https://finance.vietstock.vn/HuongGiangCIC-ctcp-tu-van-dau-tu-va-xay-dung-huong-giang.htm,2302,3275
4648,3,OTC,,HUTIC,CTCP Xây lắp Bưu điện Huế,0,https://finance.vietstock.vn/HUTIC-ctcp-xay-lap-buu-dien-hue.htm,2303,3275
2937,3,OTC,,HuuNghiDaNang,CTCP Sản xuất Thương mại Hữu Nghị Đà Nẵng,0,https://finance.vietstock.vn/HuuNghiDaNang-ctcp-san-xuat-thuong-mai-huu-nghi-da-nang.htm,2304,3275
2212,3,OTC,,HuuNghiNgheAn,CTCP Hữu Nghị Nghệ An,0,https://finance.vietstock.vn/HuuNghiNgheAn-ctcp-huu-nghi-nghe-an.htm,2305,3275
1679,3,OTC,,HuuToan,CTCP Hữu Toàn,0,https://finance.vietstock.vn/HuuToan-ctcp-huu-toan.htm,2306,3275
4330,3,OTC,Nguyên vật liệu,HUX,CTCP Khoáng sản Thừa Thiên Huế,11338648,https://finance.vietstock.vn/HUX-ctcp-khoang-san-thua-thien-hue.htm,2307,3275
3530,4,Khác,,HVAC,Công ty TNHH Kiểm toán Hùng Vương,0,https://finance.vietstock.vn/HVAC-cong-ty-tnhh-kiem-toan-hung-vuong.htm,2308,3275
3317,3,OTC,,HVB,CTCP Bảo hiểm Hùng Vương,0,https://finance.vietstock.vn/HVB-ctcp-bao-hiem-hung-vuong.htm,2309,3275
2018,3,OTC,Nguyên vật liệu,HVC,CTCP Hưng Vượng,6920750,https://finance.vietstock.vn/HVC-ctcp-hung-vuong.htm,2310,3275
1967,3,OTC,,HVCapital,Công Ty TNHH Quản Lý Quỹ KIM Việt Nam,0,https://finance.vietstock.vn/HVCapital-cong-ty-tnhh-quan-ly-quy-kim-viet-nam.htm,2311,3275
1474,3,OTC,,HVS,CTCP Chứng khoán HVS Việt Nam,0,https://finance.vietstock.vn/HVS-ctcp-chung-khoan-hvs-viet-nam.htm,2312,3275
4295,3,OTC,Tư liệu sản xuất,I10,CTCP Đầu tư Xây dựng Số 10 IDICO,3500000,https://finance.vietstock.vn/I10-ctcp-dau-tu-xay-dung-so-10-idico.htm,2313,3275
3424,4,Khác,,IACAudit,Công ty TNHH Kiểm toán Tư vấn Độc Lập,0,https://finance.vietstock.vn/IACAudit-cong-ty-tnhh-kiem-toan-tu-van-doc-lap.htm,2314,3275
1964,3,OTC,,IBFM,CTCP Quản lý Quỹ Đầu Tư Đỏ,0,https://finance.vietstock.vn/IBFM-ctcp-quan-ly-quy-dau-tu-do.htm,2315,3275
4862,3,OTC,Truyền thông và giải trí,IBN,CTCP In Báo Nghệ An,1776800,https://finance.vietstock.vn/IBN-ctcp-in-bao-nghe-an.htm,2316,3275
2308,3,OTC,,ICJC,CTCP Đầu tư Xây lắp Thương mại 1,0,https://finance.vietstock.vn/ICJC-ctcp-dau-tu-xay-lap-thuong-mai-1.htm,2317,3275
2109,3,OTC,,ICL,CTCP Xuất nhập khẩu Vĩnh Long,0,https://finance.vietstock.vn/ICL-ctcp-xuat-nhap-khau-vinh-long.htm,2318,3275
3584,3,OTC,,ICPC,CTCP Hàng Gia dụng Quốc tế,0,https://finance.vietstock.vn/ICPC-ctcp-hang-gia-dung-quoc-te.htm,2319,3275
2884,3,OTC,,IDICOICT,CTCP Đầu Tư Xây dựng và Du lịch IDICO,0,https://finance.vietstock.vn/IDICOICT-ctcp-dau-tu-xay-dung-va-du-lich-idico.htm,2320,3275
2532,3,OTC,Dịch vụ chuyên biệt và thương mại,IDN,CTCP In và Dịch vụ Đà Nẵng,1100000,https://finance.vietstock.vn/IDN-ctcp-in-va-dich-vu-da-nang.htm,2321,3275
2491,3,OTC,,IDPCo,CTCP I.D.P,0,https://finance.vietstock.vn/IDPCo-ctcp-i-d-p.htm,2322,3275
3185,3,OTC,,IETC,CTCP Kinh doanh Thiết bị Công Nghiệp,1614640,https://finance.vietstock.vn/IETC-ctcp-kinh-doanh-thiet-bi-cong-nghiep.htm,2323,3275
2108,3,OTC,Phân phối và bán lẻ hàng lâu bền,IFC,CTCP Thực phẩm Công nghệ Sài Gòn,9000000,https://finance.vietstock.vn/IFC-ctcp-thuc-pham-cong-nghe-sai-gon.htm,2324,3275
2571,4,Khác,,IFCVietNam,Công ty TNHH Kiểm toán và Tư vấn Tài chính Quốc tế,0,https://finance.vietstock.vn/IFCVietNam-cong-ty-tnhh-kiem-toan-va-tu-van-tai-chinh-quoc-te.htm,2325,3275
1960,3,OTC,,IFMC,CTCP Quản lý Quỹ Quốc tế,0,https://finance.vietstock.vn/IFMC-ctcp-quan-ly-quy-quoc-te.htm,2326,3275
3439,4,Khác,,IGL,Công ty TNHH Kiểm toán IGL,0,https://finance.vietstock.vn/IGL-cong-ty-tnhh-kiem-toan-igl.htm,2327,3275
3326,3,OTC,Dịch vụ chuyên biệt và thương mại,IKH,CTCP In Khoa học Kỹ thuật,1571000,https://finance.vietstock.vn/IKH-ctcp-in-khoa-hoc-ky-thuat.htm,2328,3275
2470,3,OTC,,IMEXBINHDINH,CTCP Xuất nhập khẩu Bình Định,0,https://finance.vietstock.vn/IMEXBINHDINH-ctcp-xuat-nhap-khau-binh-dinh.htm,2329,3275
3433,4,Khác,,IMMA,Công ty TNHH Kiểm toán IMMANUEL,0,https://finance.vietstock.vn/IMMA-cong-ty-tnhh-kiem-toan-immanuel.htm,2330,3275
2244,3,OTC,Phân phối và bán lẻ hàng lâu bền,IMT,CTCP Xuất nhập khẩu Tổng hợp và Đầu tư Thành phố Hồ Chí Minh,3000000,https://finance.vietstock.vn/IMT-ctcp-xuat-nhap-khau-tong-hop-va-dau-tu-thanh-pho-ho-chi-minh.htm,2331,3275
2294,3,OTC,,Inconess,CTCP Dịch vụ Hỗ trợ Doanh nghiệp và Tư vấn Đầu tư,0,https://finance.vietstock.vn/Inconess-ctcp-dich-vu-ho-tro-doanh-nghiep-va-tu-van-dau-tu.htm,2332,3275
3983,3,OTC,,Indeco,CTCP Phát triển Hạ tầng Khu Công nghiệp Tây Ninh,0,https://finance.vietstock.vn/Indeco-ctcp-phat-trien-ha-tang-khu-cong-nghiep-tay-ninh.htm,2333,3275
1220,4,Khác,,Indovinabank,Ngân hàng TNHH Indovina,0,https://finance.vietstock.vn/Indovinabank-ngan-hang-tnhh-indovina.htm,2334,3275
4373,4,Khác,,INEXIM,CTCP Xuất nhập khẩu Hàng Công nghiệp,0,https://finance.vietstock.vn/INEXIM-ctcp-xuat-nhap-khau-hang-cong-nghiep.htm,2335,3275
3695,3,OTC,,IneximDaklak,CTCP Đầu tư Xuất nhập khẩu Đăklăk,0,https://finance.vietstock.vn/IneximDaklak-ctcp-dau-tu-xuat-nhap-khau-daklak.htm,2336,3275
3361,3,OTC,,InPhucYen,CTCP In Phúc Yên,0,https://finance.vietstock.vn/InPhucYen-ctcp-in-phuc-yen.htm,2337,3275
3270,3,OTC,,InSaiGon,CTCP Thương mại Dịch vụ Quảng Cáo In Sài Gòn,0,https://finance.vietstock.vn/InSaiGon-ctcp-thuong-mai-dich-vu-quang-cao-in-sai-gon.htm,2338,3275
2286,3,OTC,,InSo7,CTCP In Số 7,2000000,https://finance.vietstock.vn/InSo7-ctcp-in-so-7.htm,2339,3275
4156,3,OTC,,InTaiChinh,CTCP In Tài chính,0,https://finance.vietstock.vn/InTaiChinh-ctcp-in-tai-chinh.htm,2340,3275
4103,3,OTC,,InThongNhat,CTCP In và Thương mại Thống Nhất,0,https://finance.vietstock.vn/InThongNhat-ctcp-in-va-thuong-mai-thong-nhat.htm,2341,3275
1537,3,OTC,,InTienGiang,CTCP In Tiền Giang,0,https://finance.vietstock.vn/InTienGiang-ctcp-in-tien-giang.htm,2342,3275
2296,3,OTC,,Intimex,CTCP Tập đoàn Intimex,0,https://finance.vietstock.vn/Intimex-ctcp-tap-doan-intimex.htm,2343,3275
4142,3,OTC,,Intimexco,CTCP Intimex Việt Nam,0,https://finance.vietstock.vn/Intimexco-ctcp-intimex-viet-nam.htm,2344,3275
4175,3,OTC,,InTranPhu,CTCP In Trần Phú,0,https://finance.vietstock.vn/InTranPhu-ctcp-in-tran-phu.htm,2345,3275
3978,3,OTC,,InVanHoaPham,CTCP In và Văn Hóa Phẩm,0,https://finance.vietstock.vn/InVanHoaPham-ctcp-in-va-van-hoa-pham.htm,2346,3275
4774,3,OTC,,INVESTCOM,CTCP Đầu tư Investcom,0,https://finance.vietstock.vn/INVESTCOM-ctcp-dau-tu-investcom.htm,2347,3275
3225,3,OTC,,INVESTREAL,CTCP Đầu tư và Kinh doanh Bất động sản,7000000,https://finance.vietstock.vn/INVESTREAL-ctcp-dau-tu-va-kinh-doanh-bat-dong-san.htm,2348,3275
1979,4,Khác,,IPAM,Công ty TNHH MTV Quản lý Quỹ đầu tư Chứng khoán I.P.A,0,https://finance.vietstock.vn/IPAM-cong-ty-tnhh-mtv-quan-ly-quy-dau-tu-chung-khoan-i-p-a.htm,2349,3275
4410,4,Khác,,IPC,Công ty TNHH MTV Phát triển Công nghiệp Tân Thuận,0,https://finance.vietstock.vn/IPC-cong-ty-tnhh-mtv-phat-trien-cong-nghiep-tan-thuan.htm,2350,3275
4745,3,OTC,Dịch vụ chuyên biệt và thương mại,IPH,CTCP In và Phát hành biểu mẫu Thống kê,1000000,https://finance.vietstock.vn/IPH-ctcp-in-va-phat-hanh-bieu-mau-thong-ke.htm,2351,3275
1188,3,OTC,,IRS,CTCP Chứng khoán Quốc tế Hoàng Gia,13500000,https://finance.vietstock.vn/IRS-ctcp-chung-khoan-quoc-te-hoang-gia.htm,2352,3275
1472,3,OTC,,ISC,CTCP Chứng khoán Công nghiệp Việt Nam,0,https://finance.vietstock.vn/ISC-ctcp-chung-khoan-cong-nghiep-viet-nam.htm,2353,3275
3403,4,Khác,,ITOAudit,Công ty TNHH Kiểm toán I.T.O,0,https://finance.vietstock.vn/ITOAudit-cong-ty-tnhh-kiem-toan-i-t-o.htm,2354,3275
4440,3,OTC,,IVAM,CTCP Quản lý Quỹ Trí tuệ Việt Nam,11600000,https://finance.vietstock.vn/IVAM-ctcp-quan-ly-quy-tri-tue-viet-nam.htm,2355,3275
3691,3,OTC,,JBC5,CTCP Vật liệu Xây dựng và Xây lắp Số 5,0,https://finance.vietstock.vn/JBC5-ctcp-vat-lieu-xay-dung-va-xay-lap-so-5.htm,2356,3275
4813,4,Khác,,JIVF,Công ty Tài chính TNHH MTV Quốc tế Việt Nam JACCS,0,https://finance.vietstock.vn/JIVF-cong-ty-tai-chinh-tnhh-mtv-quoc-te-viet-nam-jaccs.htm,2357,3275
1475,4,Khác,,JPMorgan,Ngân hàng JP Morgan Chase N.A Chi Nhánh Thành phố Hồ Chí Minh,0,https://finance.vietstock.vn/JPMorgan-ngan-hang-jp-morgan-chase-n-a-chi-nhanh-thanh-pho-ho-chi-minh.htm,2358,3275
2568,3,OTC,Tư liệu sản xuất,JSC,CTCP Đầu tư và Xây dựng Cầu đường Hà Nội,1550000,https://finance.vietstock.vn/JSC-ctcp-dau-tu-va-xay-dung-cau-duong-ha-noi.htm,2359,3275
2606,3,OTC,,JSI,Công ty TNHH Chứng khoán Nhật Bản,4100000,https://finance.vietstock.vn/JSI-cong-ty-tnhh-chung-khoan-nhat-ban.htm,2360,3275
1365,3,OTC,,KAFI,CTCP Chứng khoán KAFI,0,https://finance.vietstock.vn/KAFI-ctcp-chung-khoan-kafi.htm,2361,3275
2888,3,OTC,,KAL,CTCP Nhôm Khánh Hoà,0,https://finance.vietstock.vn/KAL-ctcp-nhom-khanh-hoa.htm,2362,3275
4611,3,OTC,,KASJSC,CTCP Xây lắp và Dịch vụ Bưu điện Kiên Giang,0,https://finance.vietstock.vn/KASJSC-ctcp-xay-lap-va-dich-vu-buu-dien-kien-giang.htm,2363,3275
2475,3,OTC,Truyền thông và giải trí,KBE,CTCP Sách Thiết bị Trường học Kiên Giang,1231060,https://finance.vietstock.vn/KBE-ctcp-sach-thiet-bi-truong-hoc-kien-giang.htm,2364,3275
2465,3,OTC,Nguyên vật liệu,KBT,CTCP Gạch ngói Kiên Giang,3001699,https://finance.vietstock.vn/KBT-ctcp-gach-ngoi-kien-giang.htm,2365,3275
4498,4,Khác,,KCNBacGiang,Công ty Phát triển Hạ tầng Khu Công nghiệp Bắc Giang,0,https://finance.vietstock.vn/KCNBacGiang-cong-ty-phat-trien-ha-tang-khu-cong-nghiep-bac-giang.htm,2366,3275
4561,4,Khác,"Thực phẩm, đồ uống và thuốc lá",KDF,CTCP Thực phẩm Đông lạnh KIDO,56000000,https://finance.vietstock.vn/KDF-ctcp-thuc-pham-dong-lanh-kido.htm,2367,3275
3165,3,OTC,,KGTICJC,CTCP Xây dựng Giao thông Thuỷ Lợi Kiên Giang,0,https://finance.vietstock.vn/KGTICJC-ctcp-xay-dung-giao-thong-thuy-loi-kien-giang.htm,2368,3275
3097,3,OTC,Dịch vụ tiện ích,KGU,CTCP Phát triển Đô thị Kiên Giang,1489573,https://finance.vietstock.vn/KGU-ctcp-phat-trien-do-thi-kien-giang.htm,2369,3275
607,3,OTC,Phát triển và quản lý bất động sản,KHA,CTCP Đầu tư và Dịch vụ Khánh Hội,14120309,https://finance.vietstock.vn/KHA-ctcp-dau-tu-va-dich-vu-khanh-hoi.htm,2370,3275
4221,4,Khác,,KHAFEED,Công ty TNHH MTV Thức ăn Chăn nuôi Khatoco,0,https://finance.vietstock.vn/KHAFEED-cong-ty-tnhh-mtv-thuc-an-chan-nuoi-khatoco.htm,2371,3275
3234,3,OTC,,Khaithacda,CTCP Khai Thác Đá Thừa Thiên Huế,1000000,https://finance.vietstock.vn/Khaithacda-ctcp-khai-thac-da-thua-thien-hue.htm,2372,3275
3174,3,OTC,,KhanhTan,CTCP Khánh Tân,0,https://finance.vietstock.vn/KhanhTan-ctcp-khanh-tan.htm,2373,3275
4134,3,OTC,,KHATOCO,CTCP In Bao bì Khatoco,0,https://finance.vietstock.vn/KHATOCO-ctcp-in-bao-bi-khatoco.htm,2374,3275
2544,3,OTC,Nguyên vật liệu,KHB,CTCP Khoáng sản Hòa Bình,29075499,https://finance.vietstock.vn/KHB-ctcp-khoang-san-hoa-binh.htm,2375,3275
4364,3,OTC,,KHOANGSAN4,CTCP Phát triển Khoáng sản 4,0,https://finance.vietstock.vn/KHOANGSAN4-ctcp-phat-trien-khoang-san-4.htm,2376,3275
2266,3,OTC,,KhoangSanPhuYen,CTCP Khoáng sản Phú Yên,0,https://finance.vietstock.vn/KhoangSanPhuYen-ctcp-khoang-san-phu-yen.htm,2377,3275
3812,3,OTC,,KhoangSanSongDa,CTCP Khai Thác và Chế Biến Khoáng Sản Sông Đà,0,https://finance.vietstock.vn/KhoangSanSongDa-ctcp-khai-thac-va-che-bien-khoang-san-song-da.htm,2378,3275
2080,3,OTC,,KhoaVietTiep,CTCP Khóa Việt - Tiệp,0,https://finance.vietstock.vn/KhoaVietTiep-ctcp-khoa-viet-tiep.htm,2379,3275
1501,3,OTC,,Kido,CTCP KIDO,6900000,https://finance.vietstock.vn/Kido-ctcp-kido.htm,2380,3275
3990,3,OTC,,KiemNghia,CTCP Kiềm Nghĩa,0,https://finance.vietstock.vn/KiemNghia-ctcp-kiem-nghia.htm,2381,3275
4646,3,OTC,,KienGiangPetro,CTCP Dầu khí Dương Đông Kiên Giang,0,https://finance.vietstock.vn/KienGiangPetro-ctcp-dau-khi-duong-dong-kien-giang.htm,2382,3275
3421,4,Khác,,KienHungAudit,Công ty TNHH Kế toán Kiểm toán và Tin học Kiến Hưng,0,https://finance.vietstock.vn/KienHungAudit-cong-ty-tnhh-ke-toan-kiem-toan-va-tin-hoc-kien-hung.htm,2383,3275
2245,3,OTC,,KienTrucADC,CTCP Xây dựng Trang trí Kiến trúc ADC,0,https://finance.vietstock.vn/KienTrucADC-ctcp-xay-dung-trang-tri-kien-truc-adc.htm,2384,3275
4235,4,Khác,,KIENTUONG,Công ty TNHH MTV Cấp thoát nước và Môi trường Kiến Tường,0,https://finance.vietstock.vn/KIENTUONG-cong-ty-tnhh-mtv-cap-thoat-nuoc-va-moi-truong-kien-tuong.htm,2385,3275
3139,3,OTC,,Kigitraco,CTCP Kinh doanh Nông Sản Kiên Giang,4000000,https://finance.vietstock.vn/Kigitraco-ctcp-kinh-doanh-nong-san-kien-giang.htm,2386,3275
3164,3,OTC,,KIGIWI,CTCP Vận tải Thuỷ Bộ Kiên Giang,2114600,https://finance.vietstock.vn/KIGIWI-ctcp-van-tai-thuy-bo-kien-giang.htm,2387,3275
3057,3,OTC,,KimAnh,CTCP Chè Kim Anh,1049980,https://finance.vietstock.vn/KimAnh-ctcp-che-kim-anh.htm,2388,3275
2335,3,OTC,,KimKhiBacThai,CTCP Kim khí Bắc Thái,0,https://finance.vietstock.vn/KimKhiBacThai-ctcp-kim-khi-bac-thai.htm,2389,3275
2510,3,OTC,,KimLien,CTCP Du lịch Kim Liên,0,https://finance.vietstock.vn/KimLien-ctcp-du-lich-kim-lien.htm,2390,3275
3991,3,OTC,,KimOanh,CTCP Dịch vụ Thương mại và Xây dựng Địa ốc Kim Oanh,0,https://finance.vietstock.vn/KimOanh-ctcp-dich-vu-thuong-mai-va-xay-dung-dia-oc-kim-oanh.htm,2391,3275
2752,3,OTC,,KimTuThap,CTCP Công nghệ Mới Kim Tự Tháp Việt Nam,4000000,https://finance.vietstock.vn/KimTuThap-ctcp-cong-nghe-moi-kim-tu-thap-viet-nam.htm,2392,3275
3113,3,OTC,,KinhDoLand,CTCP Địa Ốc Kinh Đô,10000000,https://finance.vietstock.vn/KinhDoLand-ctcp-dia-oc-kinh-do.htm,2393,3275
1152,3,OTC,,KIS,CTCP Chứng khoán KIS Việt Nam,26364600,https://finance.vietstock.vn/KIS-ctcp-chung-khoan-kis-viet-nam.htm,2394,3275
3697,3,OTC,,KISUCO,CTCP Mía Đường Kiên Giang,0,https://finance.vietstock.vn/KISUCO-ctcp-mia-duong-kien-giang.htm,2395,3275
2526,3,OTC,Nguyên vật liệu,KLM,CTCP Kim loại màu Nghệ Tĩnh,3885000,https://finance.vietstock.vn/KLM-ctcp-kim-loai-mau-nghe-tinh.htm,2396,3275
1041,3,OTC,Dịch vụ tài chính,KLS,CTCP Chứng khoán Kim Long,202500000,https://finance.vietstock.vn/KLS-ctcp-chung-khoan-kim-long.htm,2397,3275
1072,3,OTC,Hàng tiêu dùng và trang trí,KMF,CTCP Mirae Fiber,0,https://finance.vietstock.vn/KMF-ctcp-mirae-fiber.htm,2398,3275
4288,3,OTC,,KNITEXIM,CTCP Haprosimex Thăng Long,0,https://finance.vietstock.vn/KNITEXIM-ctcp-haprosimex-thang-long.htm,2399,3275
2892,3,OTC,,KPC,CTCP Đầu tư Sản xuất Thương mại Kim Phong,0,https://finance.vietstock.vn/KPC-ctcp-dau-tu-san-xuat-thuong-mai-kim-phong.htm,2400,3275
2564,4,Khác,,KPMG,Công ty TNHH KPMG Việt Nam,0,https://finance.vietstock.vn/KPMG-cong-ty-tnhh-kpmg-viet-nam.htm,2401,3275
3528,4,Khác,,KRESTON,Công ty TNHH Kiểm toán KRESTON ACA Việt Nam,0,https://finance.vietstock.vn/KRESTON-cong-ty-tnhh-kiem-toan-kreston-aca-viet-nam.htm,2402,3275
2630,3,OTC,Nguyên vật liệu,KSA,CTCP Công nghiệp khoáng sản Bình Thuận ,93427360,https://finance.vietstock.vn/KSA-ctcp-cong-nghiep-khoang-san-binh-thuan.htm,2403,3275
1915,3,OTC,"Thực phẩm, đồ uống và thuốc lá",KSC,CTCP Muối Khánh Hòa,3739823,https://finance.vietstock.vn/KSC-ctcp-muoi-khanh-hoa.htm,2404,3275
4534,3,OTC,"Thực phẩm, đồ uống và thuốc lá",KSE,CTCP Xuất khẩu Thủy sản Khánh Hòa,1476000,https://finance.vietstock.vn/KSE-ctcp-xuat-khau-thuy-san-khanh-hoa.htm,2405,3275
3734,3,OTC,,KSG,CTCP Khoáng sản và Vật liệu Xây dựng Gia Lai,0,https://finance.vietstock.vn/KSG-ctcp-khoang-san-va-vat-lieu-xay-dung-gia-lai.htm,2406,3275
4328,4,Khác,,KSHCPhuTho,Xí nghiệp Khai thác - Dịch vụ Khoáng sản và Hóa chất Phú Thọ,0,https://finance.vietstock.vn/KSHCPhuTho-xi-nghiep-khai-thac-dich-vu-khoang-san-va-hoa-chat-phu-tho.htm,2407,3275
3534,4,Khác,,KSIAudit,Công ty TNHH Kiểm toán KSI Việt Nam,0,https://finance.vietstock.vn/KSIAudit-cong-ty-tnhh-kiem-toan-ksi-viet-nam.htm,2408,3275
3306,3,OTC,Nguyên vật liệu,KSK,CTCP Khoáng sản Luyện kim màu,23888000,https://finance.vietstock.vn/KSK-ctcp-khoang-san-luyen-kim-mau.htm,2409,3275
1910,3,OTC,Nguyên vật liệu,KSS,CTCP Khoáng sản Na Rì Hamico,49432500,https://finance.vietstock.vn/KSS-ctcp-khoang-san-na-ri-hamico.htm,2410,3275
3427,4,Khác,,KTAChau,Công ty TNHH Kiểm toán Á Châu,0,https://finance.vietstock.vn/KTAChau-cong-ty-tnhh-kiem-toan-a-chau.htm,2411,3275
2692,3,OTC,Nguyên vật liệu,KTB,CTCP Đầu tư Khoáng sản Tây Bắc,40200000,https://finance.vietstock.vn/KTB-ctcp-dau-tu-khoang-san-tay-bac.htm,2412,3275
3655,3,OTC,,KTBX,CTCP Bến xe KonTum,0,https://finance.vietstock.vn/KTBX-ctcp-ben-xe-kontum.htm,2413,3275
3388,4,Khác,,KTCAudit,Công ty TNHH Kiểm toán và Tư vấn Doanh Nghiệp KTC,0,https://finance.vietstock.vn/KTCAudit-cong-ty-tnhh-kiem-toan-va-tu-van-doanh-nghiep-ktc.htm,2414,3275
3555,4,Khác,,KTMienTrung,Công ty TNHH Kiểm toán Miền Trung,0,https://finance.vietstock.vn/KTMienTrung-cong-ty-tnhh-kiem-toan-mien-trung.htm,2415,3275
3529,4,Khác,,KTQuocgia,Công ty TNHH Kiểm toán Độc lập Quốc gia Việt Nam,0,https://finance.vietstock.vn/KTQuocgia-cong-ty-tnhh-kiem-toan-doc-lap-quoc-gia-viet-nam.htm,2416,3275
4470,4,Khác,,KTSKienGiang,Công ty TNHH MTV Thương mại Dịch vụ Kiên Giang,0,https://finance.vietstock.vn/KTSKienGiang-cong-ty-tnhh-mtv-thuong-mai-dich-vu-kien-giang.htm,2417,3275
4637,3,OTC,Dịch vụ chuyên biệt và thương mại,KTU,CTCP Môi trường Đô thị Kon Tum,1210330,https://finance.vietstock.vn/KTU-ctcp-moi-truong-do-thi-kon-tum.htm,2418,3275
3386,4,Khác,,KTV,Công ty TNHH Kiểm toán KTV,0,https://finance.vietstock.vn/KTV-cong-ty-tnhh-kiem-toan-ktv.htm,2419,3275
3544,4,Khác,,KTXaydungVN,Công ty TNHH Kiểm toán Tư vấn Xây dựng Việt Nam,0,https://finance.vietstock.vn/KTXaydungVN-cong-ty-tnhh-kiem-toan-tu-van-xay-dung-viet-nam.htm,2420,3275
3489,4,Khác,,KVAC,Công ty TNHH Kiểm toán Tư vấn Khang Việt,0,https://finance.vietstock.vn/KVAC-cong-ty-tnhh-kiem-toan-tu-van-khang-viet.htm,2421,3275
1464,3,OTC,,KVS,CTCP Chứng khoán BIS,4000000,https://finance.vietstock.vn/KVS-ctcp-chung-khoan-bis.htm,2422,3275
2462,3,OTC,,LacHong,CTCP Đầu tư Lạc Hồng,0,https://finance.vietstock.vn/LacHong-ctcp-dau-tu-lac-hong.htm,2423,3275
1541,3,OTC,,LamDong,CTCP Xây dựng Số 1 Lâm Đồng,0,https://finance.vietstock.vn/LamDong-ctcp-xay-dung-so-1-lam-dong.htm,2424,3275
4327,4,Khác,,LamNghiepBD,Công ty TNHH MTV Lâm nghiệp Bình Dương,0,https://finance.vietstock.vn/LamNghiepBD-cong-ty-tnhh-mtv-lam-nghiep-binh-duong.htm,2425,3275
2837,3,OTC,,LamSankienGiang,CTCP Nông Lâm Sản Kiên Giang,6393310,https://finance.vietstock.vn/LamSankienGiang-ctcp-nong-lam-san-kien-giang.htm,2426,3275
2983,3,OTC,,LaNga,CTCP Đầu tư La Ngà,1500000,https://finance.vietstock.vn/LaNga-ctcp-dau-tu-la-nga.htm,2427,3275
3106,3,OTC,,Lanmak,CTCP Đầu tư Xây dựng Bất động sản Lanmak,0,https://finance.vietstock.vn/Lanmak-ctcp-dau-tu-xay-dung-bat-dong-san-lanmak.htm,2428,3275
1494,3,OTC,,LaoDongQuocTe,CTCP Xây dựng và Cung ứng Lao động Quốc tế,0,https://finance.vietstock.vn/LaoDongQuocTe-ctcp-xay-dung-va-cung-ung-lao-dong-quoc-te.htm,2429,3275
1994,4,Khác,,LaoVietBank,Ngân hàng Liên doanh Lào - Việt,0,https://finance.vietstock.vn/LaoVietBank-ngan-hang-lien-doanh-lao-viet.htm,2430,3275
1921,3,OTC,,Lasotra,CTCP Thương mại Lạng Sơn,0,https://finance.vietstock.vn/Lasotra-ctcp-thuong-mai-lang-son.htm,2431,3275
4540,3,OTC,Phân phối và bán lẻ hàng lâu bền,LBC,CTCP Thương mại - Đầu tư Long Biên,1500000,https://finance.vietstock.vn/LBC-ctcp-thuong-mai-dau-tu-long-bien.htm,2432,3275
4948,4,Khác,,LBMi,CTCP Lê Bảo Minh,0,https://finance.vietstock.vn/LBMi-ctcp-le-bao-minh.htm,2433,3275
2677,3,OTC,,LCO,CTCP Licogi 16.1,1500000,https://finance.vietstock.vn/LCO-ctcp-licogi-16-1.htm,2434,3275
4096,3,OTC,Dịch vụ tiện ích,LCW,CTCP Nước sạch Lai Châu,21586514,https://finance.vietstock.vn/LCW-ctcp-nuoc-sach-lai-chau.htm,2435,3275
4024,4,Khác,,LeQuanTech,Công ty TNHH Kỹ thuật Lê Quân,0,https://finance.vietstock.vn/LeQuanTech-cong-ty-tnhh-ky-thuat-le-quan.htm,2436,3275
1709,3,OTC,,Liberty,CTCP Quê Hương - Liberty,64900000,https://finance.vietstock.vn/Liberty-ctcp-que-huong-liberty.htm,2437,3275
2089,4,Khác,,LibertyInsurance,Công ty TNHH Bảo hiểm Phi Nhân thọ Liberty Việt Nam,0,https://finance.vietstock.vn/LibertyInsurance-cong-ty-tnhh-bao-hiem-phi-nhan-tho-liberty-viet-nam.htm,2438,3275
4317,4,Khác,,LIBREXCO,Công ty TNHH MTV Chăn nuôi Tiền Giang,5100000,https://finance.vietstock.vn/LIBREXCO-cong-ty-tnhh-mtv-chan-nuoi-tien-giang.htm,2439,3275
2689,3,OTC,,Licogi16,CTCP Licogi 16 M&C,0,https://finance.vietstock.vn/Licogi16-ctcp-licogi-16-mc.htm,2440,3275
1507,3,OTC,,Licogi162,CTCP Xây dựng Licogi 16.2,0,https://finance.vietstock.vn/Licogi162-ctcp-xay-dung-licogi-16-2.htm,2441,3275
2988,3,OTC,,Licogi165,CTCP Licogi 16.5,0,https://finance.vietstock.vn/Licogi165-ctcp-licogi-16-5.htm,2442,3275
3090,3,OTC,,Licogi169,CTCP Licogi 16.9,3600000,https://finance.vietstock.vn/Licogi169-ctcp-licogi-16-9.htm,2443,3275
2311,3,OTC,,Lidovit,CTCP Công nghiệp và Thương mại LIDOVIT,0,https://finance.vietstock.vn/Lidovit-ctcp-cong-nghiep-va-thuong-mai-lidovit.htm,2444,3275
4336,4,Khác,,LIKSIN,Tổng Công ty Công nghiệp - In - Bao bì Liksin TNHH MTV,0,https://finance.vietstock.vn/LIKSIN-tong-cong-ty-cong-nghiep-in-bao-bi-liksin-tnhh-mtv.htm,2445,3275
2295,3,OTC,,LilamaHN,CTCP Lilama Hà Nội,0,https://finance.vietstock.vn/LilamaHN-ctcp-lilama-ha-noi.htm,2446,3275
3893,3,OTC,,LilamaPhaLai,CTCP Lilama 69-1 Phả Lại,0,https://finance.vietstock.vn/LilamaPhaLai-ctcp-lilama-69-1-pha-lai.htm,2447,3275
1723,3,OTC,,LinhGas,CTCP Linh Gas Việt Nam,0,https://finance.vietstock.vn/LinhGas-ctcp-linh-gas-viet-nam.htm,2448,3275
2711,3,OTC,,LMR,CTCP Liên Minh,10000000,https://finance.vietstock.vn/LMR-ctcp-lien-minh.htm,2449,3275
3437,4,Khác,,LOGOS,Công ty TNHH với Kế toán và Kiểm toán,0,https://finance.vietstock.vn/LOGOS-cong-ty-tnhh-voi-ke-toan-va-kiem-toan.htm,2450,3275
2496,3,OTC,,LongTho,CTCP Long Thọ,0,https://finance.vietstock.vn/LongTho-ctcp-long-tho.htm,2451,3275
1958,3,OTC,,LotusIMC,CTCP Quản lý Quỹ Bông Sen,0,https://finance.vietstock.vn/LotusIMC-ctcp-quan-ly-quy-bong-sen.htm,2452,3275
5604,4,Khác,,LPBankI,Tổng CTCP Bảo hiểm LPBank,0,https://finance.vietstock.vn/LPBankI-tong-ctcp-bao-hiem-lpbank.htm,2453,3275
4666,4,Khác,,LungLo3,Công ty TNHH MTV Lũng Lô 3,0,https://finance.vietstock.vn/LungLo3-cong-ty-tnhh-mtv-lung-lo-3.htm,2454,3275
2878,3,OTC,,LuongMyPoultry,CTCP Giống Gia Cầm Lương Mỹ,0,https://finance.vietstock.vn/LuongMyPoultry-ctcp-giong-gia-cam-luong-my.htm,2455,3275
2451,3,OTC,,LuongSonHoaBinh,CTCP Xi măng Vinaconex Lương Sơn Hoà Bình,0,https://finance.vietstock.vn/LuongSonHoaBinh-ctcp-xi-mang-vinaconex-luong-son-hoa-binh.htm,2456,3275
1966,3,OTC,,LVC,CTCP Quản lý Quỹ Lộc Việt,0,https://finance.vietstock.vn/LVC-ctcp-quan-ly-quy-loc-viet.htm,2457,3275
2021,3,OTC,,LVN,CTCP Len Việt Nam,0,https://finance.vietstock.vn/LVN-ctcp-len-viet-nam.htm,2458,3275
2905,3,OTC,,LVS,CTCP Chứng khoán LPBank,12500000,https://finance.vietstock.vn/LVS-ctcp-chung-khoan-lpbank.htm,2459,3275
3658,6,Lào,,LWPC,Công ty Thế giới Lào,0,https://finance.vietstock.vn/LWPC-cong-ty-the-gioi-lao.htm,2460,3275
4619,3,OTC,Dịch vụ tiện ích,LWS,CTCP Cấp nước Tỉnh Lào Cai,17717665,https://finance.vietstock.vn/LWS-ctcp-cap-nuoc-tinh-lao-cai.htm,2461,3275
3888,6,Lào,,LXS,CTCP Chứng khoán Lanexang,0,https://finance.vietstock.vn/LXS-ctcp-chung-khoan-lanexang.htm,2462,3275
4865,3,OTC,"Thực phẩm, đồ uống và thuốc lá",LYF,CTCP Lương thực Lương Yên,300,https://finance.vietstock.vn/LYF-ctcp-luong-thuc-luong-yen.htm,2463,3275
3533,4,Khác,,MAAC,Công ty TNHH Quản Lý - Kiểm toán - Tư vấn M.A.A.C,0,https://finance.vietstock.vn/MAAC-cong-ty-tnhh-quan-ly-kiem-toan-tu-van-m-a-a-c.htm,2464,3275
4807,4,Khác,,MAFC,Công ty Tài chính TNHH MTV Mirae Asset,0,https://finance.vietstock.vn/MAFC-cong-ty-tai-chinh-tnhh-mtv-mirae-asset.htm,2465,3275
3757,3,OTC,,MAFEQI,Quỹ đầu tư Cổ phiếu Manulife,6511338,https://finance.vietstock.vn/MAFEQI-quy-dau-tu-co-phieu-manulife.htm,2466,3275
1025,3,OTC,Dịch vụ tài chính,MAFPF1,Quỹ đầu tư tăng trưởng Manulife,21409530,https://finance.vietstock.vn/MAFPF1-quy-dau-tu-tang-truong-manulife.htm,2467,3275
4264,4,Khác,,MaiDong,Công ty TNHH MTV Mai Động,0,https://finance.vietstock.vn/MaiDong-cong-ty-tnhh-mtv-mai-dong.htm,2468,3275
2091,4,Khác,,Manulife,Công ty TNHH Manulife (Việt Nam),0,https://finance.vietstock.vn/Manulife-cong-ty-tnhh-manulife-viet-nam.htm,2469,3275
1981,4,Khác,,ManulifeAM,Công ty TNHH Quản lý Quỹ Manulife Investment (Việt Nam),0,https://finance.vietstock.vn/ManulifeAM-cong-ty-tnhh-quan-ly-quy-manulife-investment-viet-nam.htm,2470,3275
2682,3,OTC,Nguyên vật liệu,MAX,CTCP Khai khoáng và Cơ khí Hữu Nghị Vĩnh Sinh,7200000,https://finance.vietstock.vn/MAX-ctcp-khai-khoang-va-co-khi-huu-nghi-vinh-sinh.htm,2471,3275
2380,3,OTC,,MayDongA,CTCP Dệt may Đông Á,3650000,https://finance.vietstock.vn/MayDongA-ctcp-det-may-dong-a.htm,2472,3275
2458,3,OTC,,MayLongAn,CTCP Cơ khí và Chế tạo Máy Long An,0,https://finance.vietstock.vn/MayLongAn-ctcp-co-khi-va-che-tao-may-long-an.htm,2473,3275
2150,3,OTC,,MayPhuongDong,CTCP May Phương Đông,0,https://finance.vietstock.vn/MayPhuongDong-ctcp-may-phuong-dong.htm,2474,3275
2875,3,OTC,,MaySaiGon2,CTCP May Sài Gòn 2,0,https://finance.vietstock.vn/MaySaiGon2-ctcp-may-sai-gon-2.htm,2475,3275
2393,3,OTC,,MaySaiGon3,CTCP May Sài Gòn 3,0,https://finance.vietstock.vn/MaySaiGon3-ctcp-may-sai-gon-3.htm,2476,3275
2372,3,OTC,,MayThangLong,CTCP May Thăng Long,2330670,https://finance.vietstock.vn/MayThangLong-ctcp-may-thang-long.htm,2477,3275
2360,3,OTC,,MayVietThang,CTCP May Việt Thắng,1600000,https://finance.vietstock.vn/MayVietThang-ctcp-may-viet-thang.htm,2478,3275
2926,3,OTC,,MayVietThinh,CTCP May Việt Thịnh,26000000,https://finance.vietstock.vn/MayVietThinh-ctcp-may-viet-thinh.htm,2479,3275
3532,4,Khác,,Mazars,Công ty TNHH Mazars Việt Nam,0,https://finance.vietstock.vn/Mazars-cong-ty-tnhh-mazars-viet-nam.htm,2480,3275
4906,4,Khác,,MBAgeasLife,Công ty TNHH Bảo hiểm nhân thọ MB Ageas,0,https://finance.vietstock.vn/MBAgeasLife-cong-ty-tnhh-bao-hiem-nhan-tho-mb-ageas.htm,2481,3275
1943,3,OTC,,MBCapital,CTCP Quản lý Quỹ đầu tư MB,0,https://finance.vietstock.vn/MBCapital-ctcp-quan-ly-quy-dau-tu-mb.htm,2482,3275
3258,4,Khác,,MBEF1,Quỹ đầu tư Cổ phần MB Capital 1,0,https://finance.vietstock.vn/MBEF1-quy-dau-tu-co-phan-mb-capital-1.htm,2483,3275
1184,4,Khác,,MBKE,Công ty TNHH Chứng khoán Maybank,20000000,https://finance.vietstock.vn/MBKE-cong-ty-tnhh-chung-khoan-maybank.htm,2484,3275
3723,3,OTC,,MBVF,Quỹ đầu tư Giá trị MB Capital,11907937,https://finance.vietstock.vn/MBVF-quy-dau-tu-gia-tri-mb-capital.htm,2485,3275
3357,3,OTC,Nguyên vật liệu,MC3,CTCP Khoáng sản 3 - Vimico,3500000,https://finance.vietstock.vn/MC3-ctcp-khoang-san-3-vimico.htm,2486,3275
2361,3,OTC,,Mccons,CTCP Thi công Cơ giới và Dịch vụ,3510000,https://finance.vietstock.vn/Mccons-ctcp-thi-cong-co-gioi-va-dich-vu.htm,2487,3275
4916,3,OTC,Dịch vụ tiện ích,MCD,CTCP Môi trường và Công trình Đô thị Đông Hà,332019,https://finance.vietstock.vn/MCD-ctcp-moi-truong-va-cong-trinh-do-thi-dong-ha.htm,2488,3275
2457,3,OTC,Tư liệu sản xuất,MCI,CTCP Đầu tư Xây dựng và Phát triển Vật liệu IDICO,3500000,https://finance.vietstock.vn/MCI-ctcp-dau-tu-xay-dung-va-phat-trien-vat-lieu-idico.htm,2489,3275
1721,3,OTC,,MCJ,CTCP Thiết bị Phụ tùng,5000000,https://finance.vietstock.vn/MCJ-ctcp-thiet-bi-phu-tung.htm,2490,3275
2732,3,OTC,Nguyên vật liệu,MCL,CTCP Phát triển Nhà và Sản xuất Vật liệu Xây dựng Chí Linh,2220000,https://finance.vietstock.vn/MCL-ctcp-phat-trien-nha-va-san-xuat-vat-lieu-xay-dung-chi-linh.htm,2491,3275
2664,3,OTC,,MCS,CTCP Thi công Cơ giới Xây lắp,3500000,https://finance.vietstock.vn/MCS-ctcp-thi-cong-co-gioi-xay-lap.htm,2492,3275
2090,3,OTC,Nguyên vật liệu,MCT,CTCP Kinh doanh Vật Tư và Xây dựng,2500000,https://finance.vietstock.vn/MCT-ctcp-kinh-doanh-vat-tu-va-xay-dung.htm,2493,3275
807,3,OTC,Tư liệu sản xuất,MCV,CTCP Cavico Việt Nam Khai thác mỏ và Xây dựng,12092161,https://finance.vietstock.vn/MCV-ctcp-cavico-viet-nam-khai-thac-mo-va-xay-dung.htm,2494,3275
1219,4,Khác,,MDB,Ngân hàng TMCP Phát triển Mê Kông,375000000,https://finance.vietstock.vn/MDB-ngan-hang-tmcp-phat-trien-me-kong.htm,2495,3275
4367,4,Khác,,MDFVINAFOR,Công ty TNHH MDF Vinafor – Tân An Hòa Bình,0,https://finance.vietstock.vn/MDFVINAFOR-cong-ty-tnhh-mdf-vinafor-–-tan-an-hoa-binh.htm,2496,3275
1697,3,OTC,Hàng tiêu dùng và trang trí,MDN,CTCP Tổng Công ty May Đồng Nai,10935584,https://finance.vietstock.vn/MDN-ctcp-tong-cong-ty-may-dong-nai.htm,2497,3275
4076,3,OTC,Tư liệu sản xuất,MDT,CTCP Cơ khí mỏ và Đóng tàu - TKV,1510000,https://finance.vietstock.vn/MDT-ctcp-co-khi-mo-va-dong-tau-tkv.htm,2498,3275
4166,3,OTC,,MEBI,CTCP Dược phẩm và Sinh học Y tế,0,https://finance.vietstock.vn/MEBI-ctcp-duoc-pham-va-sinh-hoc-y-te.htm,2499,3275
1635,3,OTC,,MECO,CTCP Cơ điện Luyện kim Thái Nguyên,0,https://finance.vietstock.vn/MECO-ctcp-co-dien-luyen-kim-thai-nguyen.htm,2500,3275
2847,3,OTC,,Medico,CTCP Phát triển khoáng Sản,0,https://finance.vietstock.vn/Medico-ctcp-phat-trien-khoang-san.htm,2501,3275
2327,3,OTC,,Mediplast,CTCP Nhựa Y tế Mediplast,0,https://finance.vietstock.vn/Mediplast-ctcp-nhua-y-te-mediplast.htm,2502,3275
4228,3,OTC,Hàng tiêu dùng và trang trí,MEG,CTCP Megram,44000000,https://finance.vietstock.vn/MEG-ctcp-megram.htm,2503,3275
3163,4,Khác,,MekongCapital,Công ty TNHH Tư vấn Mekong Capital,0,https://finance.vietstock.vn/MekongCapital-cong-ty-tnhh-tu-van-mekong-capital.htm,2504,3275
4602,3,OTC,,MEKONIMEX,CTCP Nông sản Thực phẩm Xuất khẩu Cần Thơ,0,https://finance.vietstock.vn/MEKONIMEX-ctcp-nong-san-thuc-pham-xuat-khau-can-tho.htm,2505,3275
3372,4,Khác,,MHAuditing,Công ty TNHH Kiểm toán M&H,0,https://finance.vietstock.vn/MHAuditing-cong-ty-tnhh-kiem-toan-mh.htm,2506,3275
1163,4,Khác,,MHB,Ngân hàng TMCP Phát triển Nhà Đồng bằng sông Cửu Long,306215200,https://finance.vietstock.vn/MHB-ngan-hang-tmcp-phat-trien-nha-dong-bang-song-cuu-long.htm,2507,3275
1363,3,OTC,,MHBS,CTCP Chứng khoán MHB,14000000,https://finance.vietstock.vn/MHBS-ctcp-chung-khoan-mhb.htm,2508,3275
3399,4,Khác,,MHDAudit,Công ty TNHH Kiểm toán MHD,0,https://finance.vietstock.vn/MHDAudit-cong-ty-tnhh-kiem-toan-mhd.htm,2509,3275
4840,3,OTC,Dịch vụ chuyên biệt và thương mại,MHP,CTCP Môi trường và Dịch vụ Đô thị Việt Trì,3583140,https://finance.vietstock.vn/MHP-ctcp-moi-truong-va-dich-vu-do-thi-viet-tri.htm,2510,3275
4738,3,OTC,Dịch vụ chuyên biệt và thương mại,MHY,CTCP Môi trường và Công trình Đô thị Hưng Yên,31800,https://finance.vietstock.vn/MHY-ctcp-moi-truong-va-cong-trinh-do-thi-hung-yen.htm,2511,3275
2322,3,OTC,,MiaDuongBenTre,CTCP Mía đường Bến Tre,0,https://finance.vietstock.vn/MiaDuongBenTre-ctcp-mia-duong-ben-tre.htm,2512,3275
2881,3,OTC,,MiaDuongNongCong,CTCP Mía Đường Nông Cống,0,https://finance.vietstock.vn/MiaDuongNongCong-ctcp-mia-duong-nong-cong.htm,2513,3275
2357,3,OTC,,MiaDuongSonDuong,CTCP Mía đường Sơn Dương,0,https://finance.vietstock.vn/MiaDuongSonDuong-ctcp-mia-duong-son-duong.htm,2514,3275
2194,3,OTC,,MienTrung,CTCP Đầu tư và Phát triển Miền Trung,0,https://finance.vietstock.vn/MienTrung-ctcp-dau-tu-va-phat-trien-mien-trung.htm,2515,3275
1892,3,OTC,Nguyên vật liệu,MIH,CTCP Xuất nhập khẩu Khoáng sản Hà Nam,4000000,https://finance.vietstock.vn/MIH-ctcp-xuat-nhap-khau-khoang-san-ha-nam.htm,2516,3275
4286,3,OTC,,MINEXCO,CTCP Khoáng sản và Đầu tư Khánh Hòa,0,https://finance.vietstock.vn/MINEXCO-ctcp-khoang-san-va-dau-tu-khanh-hoa.htm,2517,3275
2731,3,OTC,,MinhPhuc,CTCP Sản xuất và Thương mại Minh Phúc,4757770,https://finance.vietstock.vn/MinhPhuc-ctcp-san-xuat-va-thuong-mai-minh-phuc.htm,2518,3275
1951,3,OTC,,MinhVietCapital,CTCP Quản lý Quỹ PAVO CAPITAL,0,https://finance.vietstock.vn/MinhVietCapital-ctcp-quan-ly-quy-pavo-capital.htm,2519,3275
1180,4,Khác,,MiraeAsset,CTCP Chứng khoán Mirae Asset (Việt Nam),0,https://finance.vietstock.vn/MiraeAsset-ctcp-chung-khoan-mirae-asset-viet-nam.htm,2520,3275
3713,3,OTC,,MIREX,CTCP Khoáng sản và Luyện kim Việt Nam,0,https://finance.vietstock.vn/MIREX-ctcp-khoang-san-va-luyen-kim-viet-nam.htm,2521,3275
3184,3,OTC,,MIWACO,CTCP Nước khoáng và Du Lịch Sơn Kim,0,https://finance.vietstock.vn/MIWACO-ctcp-nuoc-khoang-va-du-lich-son-kim.htm,2522,3275
2528,3,OTC,Phân phối và bán lẻ hàng lâu bền,MJC,CTCP Thương mại Mộc Hóa,1596620,https://finance.vietstock.vn/MJC-ctcp-thuong-mai-moc-hoa.htm,2523,3275
3895,3,OTC,Hàng tiêu dùng và trang trí,MKT,CTCP Dệt Minh Khai,3200000,https://finance.vietstock.vn/MKT-ctcp-det-minh-khai.htm,2524,3275
1495,3,OTC,,MLG,CTCP Tập đoàn Mai Linh,70716427,https://finance.vietstock.vn/MLG-ctcp-tap-doan-mai-linh.htm,2525,3275
2226,4,Khác,Vận tải,MLN,CTCP Mai Linh Miền Bắc,48625332,https://finance.vietstock.vn/MLN-ctcp-mai-linh-mien-bac.htm,2526,3275
1229,4,Khác,Nguyên vật liệu,MMC,CTCP khoáng Sản Mangan,3160000,https://finance.vietstock.vn/MMC-ctcp-khoang-san-mangan.htm,2527,3275
1743,4,Khác,Vận tải,MNC,CTCP Mai Linh Miền Trung,9279261,https://finance.vietstock.vn/MNC-ctcp-mai-linh-mien-trung.htm,2528,3275
4285,4,Khác,,MobiFone,Tổng Công ty Viễn thông MobiFone - Công ty TNHH MTV,0,https://finance.vietstock.vn/MobiFone-tong-cong-ty-vien-thong-mobifone-cong-ty-tnhh-mtv.htm,2529,3275
3341,3,OTC,,MOBITECHS,CTCP Dịch vụ Kỹ thuật và Hạ tầng Mạng Thông Tin Di Động,0,https://finance.vietstock.vn/MOBITECHS-ctcp-dich-vu-ky-thuat-va-ha-tang-mang-thong-tin-di-dong.htm,2530,3275
2542,3,OTC,,MotorVN,CTCP United Motor Việt Nam,37500000,https://finance.vietstock.vn/MotorVN-ctcp-united-motor-viet-nam.htm,2531,3275
2381,3,OTC,Phân phối và bán lẻ hàng lâu bền,MSC,CTCP Dịch vụ Phú Nhuận,22500000,https://finance.vietstock.vn/MSC-ctcp-dich-vu-phu-nhuan.htm,2532,3275
1364,4,Khác,,MSGS,Công ty TNHH chứng khoán JB Việt Nam,30000000,https://finance.vietstock.vn/MSGS-cong-ty-tnhh-chung-khoan-jb-viet-nam.htm,2533,3275
1400,3,OTC,,MSI,CTCP Chứng khoán KB Việt Nam,0,https://finance.vietstock.vn/MSI-ctcp-chung-khoan-kb-viet-nam.htm,2534,3275
3186,3,OTC,,MTJ,CTCP Tư vấn và Xây dựng công trình Miền Trung,4500000,https://finance.vietstock.vn/MTJ-ctcp-tu-van-va-xay-dung-cong-trinh-mien-trung.htm,2535,3275
3900,3,OTC,Nguyên vật liệu,MTM,CTCP mỏ và Xuất nhập khẩu Khoáng sản Miền Trung,31000000,https://finance.vietstock.vn/MTM-ctcp-mo-va-xuat-nhap-khau-khoang-san-mien-trung.htm,2536,3275
3360,3,OTC,Dịch vụ chuyên biệt và thương mại,MVY,CTCP Môi trường và Dịch vụ Đô Thị Vĩnh Yên,5969946,https://finance.vietstock.vn/MVY-ctcp-moi-truong-va-dich-vu-do-thi-vinh-yen.htm,2537,3275
4843,3,OTC,Nguyên vật liệu,MXC,Trung tâm Nông nghiệp Mùa Xuân,700938,https://finance.vietstock.vn/MXC-trung-tam-nong-nghiep-mua-xuan.htm,2538,3275
3152,3,OTC,,MyKhe,CTCP Mỹ Khê Việt Nam,0,https://finance.vietstock.vn/MyKhe-ctcp-my-khe-viet-nam.htm,2539,3275
1255,3,OTC,,MyPhamSG,CTCP Mỹ phẩm Sài Gòn,0,https://finance.vietstock.vn/MyPhamSG-ctcp-my-pham-sai-gon.htm,2540,3275
2355,3,OTC,,Nakydaco,CTCP Dầu thực vật Tân Bình,4310000,https://finance.vietstock.vn/Nakydaco-ctcp-dau-thuc-vat-tan-binh.htm,2541,3275
4662,3,OTC,,NamChien,CTCP Thủy điện Nậm Chiến,0,https://finance.vietstock.vn/NamChien-ctcp-thuy-dien-nam-chien.htm,2542,3275
3315,3,OTC,,NAMCO,CTCP Khoáng sản Nghệ An,0,https://finance.vietstock.vn/NAMCO-ctcp-khoang-san-nghe-an.htm,2543,3275
3133,3,OTC,,NamKhang,CTCP Đầu tư Nam Khang,8300000,https://finance.vietstock.vn/NamKhang-ctcp-dau-tu-nam-khang.htm,2544,3275
4547,3,OTC,,NamMuc,CTCP Thủy điện Nậm Mức,0,https://finance.vietstock.vn/NamMuc-ctcp-thuy-dien-nam-muc.htm,2545,3275
2977,3,OTC,,NamThi,CTCP Thủy điện Nậm Thi - Sông Đà 7,0,https://finance.vietstock.vn/NamThi-ctcp-thuy-dien-nam-thi-song-da-7.htm,2546,3275
2225,3,OTC,,NamTrieu,CTCP Công nghiệp Tàu thủy và Xây dựng Nam Triệu,0,https://finance.vietstock.vn/NamTrieu-ctcp-cong-nghiep-tau-thuy-va-xay-dung-nam-trieu.htm,2547,3275
2908,3,OTC,,NamVietOil,CTCP Lọc Hoá Dầu Nam Việt,0,https://finance.vietstock.vn/NamVietOil-ctcp-loc-hoa-dau-nam-viet.htm,2548,3275
4332,3,OTC,,Natraco,CTCP Thương mại Nghệ An,0,https://finance.vietstock.vn/Natraco-ctcp-thuong-mai-nghe-an.htm,2549,3275
2389,3,OTC,,NBN,CTCP Xây dựng Công trình 545,0,https://finance.vietstock.vn/NBN-ctcp-xay-dung-cong-trinh-545.htm,2550,3275
4309,3,OTC,Vận tải,NBR,CTCP Đường sắt Nghĩa Bình,1806000,https://finance.vietstock.vn/NBR-ctcp-duong-sat-nghia-binh.htm,2551,3275
2480,3,OTC,Vận tải,NBS,CTCP Bến xe Nghệ An,3153200,https://finance.vietstock.vn/NBS-ctcp-ben-xe-nghe-an.htm,2552,3275
4558,4,Khác,Dịch vụ tiện ích,NCP,CTCP Nhiệt điện Cẩm Phả - TKV,196980622,https://finance.vietstock.vn/NCP-ctcp-nhiet-dien-cam-pha-tkv.htm,2553,3275
1528,3,OTC,,NgocHy,CTCP Dịch vụ In Trần Ngọc Hy Cà Mau,0,https://finance.vietstock.vn/NgocHy-ctcp-dich-vu-in-tran-ngoc-hy-ca-mau.htm,2554,3275
2924,3,OTC,,NgocTung,CTCP Sản xuất Thương mại Dịch vụ Ngọc Tùng,0,https://finance.vietstock.vn/NgocTung-ctcp-san-xuat-thuong-mai-dich-vu-ngoc-tung.htm,2555,3275
4475,3,OTC,,NgoVietNam,CTCP Đầu tư Phát triển Ngô Việt Nam,0,https://finance.vietstock.vn/NgoVietNam-ctcp-dau-tu-phat-trien-ngo-viet-nam.htm,2556,3275
2756,3,OTC,,NhaBeTech,CTCP Tư vấn Công nghệ Nhà Bè,0,https://finance.vietstock.vn/NhaBeTech-ctcp-tu-van-cong-nghe-nha-be.htm,2557,3275
4348,4,Khác,,NHACANTHO,Công ty TNHH MTV Phát triển và Kinh doanh Nhà Thành phố Cần Thơ,0,https://finance.vietstock.vn/NHACANTHO-cong-ty-tnhh-mtv-phat-trien-va-kinh-doanh-nha-thanh-pho-can-tho.htm,2558,3275
1492,3,OTC,,NhanLuc,CTCP Phát triển Nguồn nhân lực LOD,0,https://finance.vietstock.vn/NhanLuc-ctcp-phat-trien-nguon-nhan-luc-lod.htm,2559,3275
2058,3,OTC,,NhaSaiGon,CTCP Đầu tư Xây dựng và Kinh doanh Nhà Sài Gòn,0,https://finance.vietstock.vn/NhaSaiGon-ctcp-dau-tu-xay-dung-va-kinh-doanh-nha-sai-gon.htm,2560,3275
3488,4,Khác,,NhatMinhAudit,Công ty TNHH Kiểm toán Nhất Minh,0,https://finance.vietstock.vn/NhatMinhAudit-cong-ty-tnhh-kiem-toan-nhat-minh.htm,2561,3275
1703,3,OTC,,NhatNam,CTCP Nhất Nam,0,https://finance.vietstock.vn/NhatNam-ctcp-nhat-nam.htm,2562,3275
3507,4,Khác,,NHDulieu,Công ty TNHH Ngân hàng Dữ liệu,0,https://finance.vietstock.vn/NHDulieu-cong-ty-tnhh-ngan-hang-du-lieu.htm,2563,3275
4437,3,OTC,,NhietDienMienBac,CTCP Dịch vụ Sửa chữa Nhiệt điện Miền Bắc,0,https://finance.vietstock.vn/NhietDienMienBac-ctcp-dich-vu-sua-chua-nhiet-dien-mien-bac.htm,2564,3275
3067,3,OTC,Phát triển và quản lý bất động sản,NHN,CTCP Phát triển Đô thị Nam Hà Nội,200000000,https://finance.vietstock.vn/NHN-ctcp-phat-trien-do-thi-nam-ha-noi.htm,2565,3275
4271,3,OTC,,NhoQue1,CTCP Thủy điện Nho Quế 1,0,https://finance.vietstock.vn/NhoQue1-ctcp-thuy-dien-nho-que-1.htm,2566,3275
2155,3,OTC,"Thực phẩm, đồ uống và thuốc lá",NHS,CTCP Đường Ninh Hòa,60750000,https://finance.vietstock.vn/NHS-ctcp-duong-ninh-hoa.htm,2567,3275
1325,4,Khác,,NHSV,Công ty TNHH Chứng khoán NH Việt Nam,0,https://finance.vietstock.vn/NHSV-cong-ty-tnhh-chung-khoan-nh-viet-nam.htm,2568,3275
2344,3,OTC,,NhuNgoc,CTCP Sản xuất và Thương mại Xuất nhập khẩu Như Ngọc,0,https://finance.vietstock.vn/NhuNgoc-ctcp-san-xuat-va-thuong-mai-xuat-nhap-khau-nhu-ngoc.htm,2569,3275
1877,3,OTC,Chất bán dẫn và thiết bị bán dẫn,NHW,CTCP Ngô Han,22950627,https://finance.vietstock.vn/NHW-ctcp-ngo-han.htm,2570,3275
3342,3,OTC,,NIC,CTCP Đầu tư Nhơn Trạch,0,https://finance.vietstock.vn/NIC-ctcp-dau-tu-nhon-trach.htm,2571,3275
2522,4,Khác,,Nicotex,CTCP Nicotex,0,https://finance.vietstock.vn/Nicotex-ctcp-nicotex.htm,2572,3275
2622,3,OTC,,NinhBac,CTCP Đầu tư Tài chính Ninh Bắc,0,https://finance.vietstock.vn/NinhBac-ctcp-dau-tu-tai-chinh-ninh-bac.htm,2573,3275
2539,3,OTC,Dịch vụ viễn thông,NIS,CTCP Dịch vụ Hạ tầng Mạng,3000000,https://finance.vietstock.vn/NIS-ctcp-dich-vu-ha-tang-mang.htm,2574,3275
2874,3,OTC,,NISACO,CTCP Muối Ninh Thuận,0,https://finance.vietstock.vn/NISACO-ctcp-muoi-ninh-thuan.htm,2575,3275
747,3,OTC,"Thực phẩm, đồ uống và thuốc lá",NKD,CTCP Chế biến thực phẩm Kinh Đô Miền Bắc,15124213,https://finance.vietstock.vn/NKD-ctcp-che´-bie´n-thuc-pham-kinh-do-mien-bac.htm,2576,3275
928,3,OTC,Dịch vụ tiện ích,NLC,CTCP Thủy điện Nà Lơi,5000000,https://finance.vietstock.vn/NLC-ctcp-thuy-dien-na-loi.htm,2577,3275
2828,3,OTC,Tư liệu sản xuất,NMK,CTCP Xây dựng Công trình 510,2700000,https://finance.vietstock.vn/NMK-ctcp-xay-dung-cong-trinh-510.htm,2578,3275
4110,3,OTC,Dịch vụ tiện ích,NNB,CTCP Cấp thoát nước Ninh Bình,15080000,https://finance.vietstock.vn/NNB-ctcp-cap-thoat-nuoc-ninh-binh.htm,2579,3275
2472,3,OTC,Nguyên vật liệu,NNG,CTCP Công nghiệp - Dịch vụ - Thương mại Ngọc Nghĩa,81570988,https://finance.vietstock.vn/NNG-ctcp-cong-nghiep-dich-vu-thuong-mai-ngoc-nghia.htm,2580,3275
4792,3,OTC,Dịch vụ chuyên biệt và thương mại,NNQ,CTCP Giống Nông nghiệp Quảng Nam,1281303,https://finance.vietstock.vn/NNQ-ctcp-giong-nong-nghiep-quang-nam.htm,2581,3275
2247,3,OTC,,NoiHoiVN,CTCP Nồi hơi Việt Nam,0,https://finance.vietstock.vn/NoiHoiVN-ctcp-noi-hoi-viet-nam.htm,2582,3275
2508,3,OTC,,NongSanNinhThuan,CTCP Xuất khẩu Nông sản Ninh Thuận,0,https://finance.vietstock.vn/NongSanNinhThuan-ctcp-xuat-khau-nong-san-ninh-thuan.htm,2583,3275
4921,3,OTC,,NovaGroup,CTCP Tập đoàn NovaGroup,0,https://finance.vietstock.vn/NovaGroup-ctcp-tap-doan-novagroup.htm,2584,3275
4184,3,OTC,Dịch vụ tiêu dùng,NPH,CTCP Khách Sạn Bưu Điện Nha Trang,2000000,https://finance.vietstock.vn/NPH-ctcp-khach-san-buu-dien-nha-trang.htm,2585,3275
929,3,OTC,Hàng tiêu dùng và trang trí,NPS,CTCP May Phú Thịnh - Nhà Bè,2170000,https://finance.vietstock.vn/NPS-ctcp-may-phu-thinh-nha-be.htm,2586,3275
3977,3,OTC,Dịch vụ tiện ích,NS3,CTCP Sản xuất Kinh doanh Nước sạch Số 3 Hà Nội,7919999,https://finance.vietstock.vn/NS3-ctcp-san-xuat-kinh-doanh-nuoc-sach-so-3-ha-noi.htm,2587,3275
3100,3,OTC,,NSCTech,CTCP Công nghệ NCS,4000000,https://finance.vietstock.vn/NSCTech-ctcp-cong-nghe-ncs.htm,2588,3275
1348,3,OTC,,NSI,CTCP Chứng khoán Quốc Gia,5000000,https://finance.vietstock.vn/NSI-ctcp-chung-khoan-quoc-gia.htm,2589,3275
2531,3,OTC,Tư liệu sản xuất,NSN,CTCP Xây dựng 565,2959314,https://finance.vietstock.vn/NSN-ctcp-xay-dung-565.htm,2590,3275
2151,3,OTC,Nguyên vật liệu,NSP,CTCP Nhựa Sam Phú,5000000,https://finance.vietstock.vn/NSP-ctcp-nhua-sam-phu.htm,2591,3275
4404,3,OTC,Vận tải,NTR,CTCP Đường sắt Nghệ Tĩnh,1492000,https://finance.vietstock.vn/NTR-ctcp-duong-sat-nghe-tinh.htm,2592,3275
2378,3,OTC,,NTS,CTCP Nội thất SHINEC,2000000,https://finance.vietstock.vn/NTS-ctcp-noi-that-shinec.htm,2593,3275
4944,4,Khác,,NuiPhao,Công ty TNHH Khai thác chế biến khoáng sản Núi Pháo,0,https://finance.vietstock.vn/NuiPhao-cong-ty-tnhh-khai-thac-che-bien-khoang-san-nui-phao.htm,2594,3275
3322,3,OTC,,Nuocdathuysan,CTCP Nước đá Thủy sản Kiên giang,0,https://finance.vietstock.vn/Nuocdathuysan-ctcp-nuoc-da-thuy-san-kien-giang.htm,2595,3275
2950,3,OTC,,NuocQuangNam,CTCP Cấp thoát nước Quảng Nam,21600000,https://finance.vietstock.vn/NuocQuangNam-ctcp-cap-thoat-nuoc-quang-nam.htm,2596,3275
4233,4,Khác,,NuocSachLaoCai,Công ty TNHH MTV Kinh doanh Nước sạch Lào Cai,0,https://finance.vietstock.vn/NuocSachLaoCai-cong-ty-tnhh-mtv-kinh-doanh-nuoc-sach-lao-cai.htm,2597,3275
1434,3,OTC,,Nutifood,CTCP Thực phẩm Dinh dưỡng Đồng Tâm,0,https://finance.vietstock.vn/Nutifood-ctcp-thuc-pham-dinh-duong-dong-tam.htm,2598,3275
1083,3,OTC,Phân phối và bán lẻ hàng lâu bền,NVC,CTCP Nam Vang,16000000,https://finance.vietstock.vn/NVC-ctcp-nam-vang.htm,2599,3275
1244,3,OTC,Phát triển và quản lý bất động sản,NVN,CTCP Nhà Việt Nam,10656800,https://finance.vietstock.vn/NVN-ctcp-nha-viet-nam.htm,2600,3275
1332,3,OTC,,NVS,CTCP Chứng khoán Navibank,3500000,https://finance.vietstock.vn/NVS-ctcp-chung-khoan-navibank.htm,2601,3275
1211,4,Khác,,Oceanbank,Ngân hàng Thương mại TNHH MTV Đại Dương,0,https://finance.vietstock.vn/Oceanbank-ngan-hang-thuong-mai-tnhh-mtv-dai-duong.htm,2602,3275
3316,3,OTC,,OLC,"CTCP Xây dựng, Dịch vụ và Hợp tác Lao động",0,https://finance.vietstock.vn/OLC-ctcp-xay-dung-dich-vu-va-hop-tac-lao-dong.htm,2603,3275
1952,3,OTC,,OMC,CTCP Quản lý Quỹ Đầu tư Lighthouse,0,https://finance.vietstock.vn/OMC-ctcp-quan-ly-quy-dau-tu-lighthouse.htm,2604,3275
3644,3,OTC,,ORC,CTCP Bán lẻ và Quản lý Bất động sản Đại Dương,0,https://finance.vietstock.vn/ORC-ctcp-ban-le-va-quan-ly-bat-dong-san-dai-duong.htm,2605,3275
1205,3,OTC,,OSC,CTCP Chứng khoán Đại Tây Dương,13500000,https://finance.vietstock.vn/OSC-ctcp-chung-khoan-dai-tay-duong.htm,2606,3275
4180,3,OTC,,OSCVN,CTCP Du lịch Dịch vụ Dầu khí Việt Nam,0,https://finance.vietstock.vn/OSCVN-ctcp-du-lich-dich-vu-dau-khi-viet-nam.htm,2607,3275
2087,3,OTC,,Oseven,CTCP Oseven,111600000,https://finance.vietstock.vn/Oseven-ctcp-oseven.htm,2608,3275
4278,3,OTC,,OTG,CTCP Otran Logistics,0,https://finance.vietstock.vn/OTG-ctcp-otran-logistics.htm,2609,3275
2798,3,OTC,,OtoTienGiang,CTCP Vận tải Ô Tô Tiền Giang,0,https://finance.vietstock.vn/OtoTienGiang-ctcp-van-tai-o-to-tien-giang.htm,2610,3275
3397,4,Khác,,PacificAudit,Công ty TNHH Kiểm toán Thái Bình Dương,0,https://finance.vietstock.vn/PacificAudit-cong-ty-tnhh-kiem-toan-thai-binh-duong.htm,2611,3275
2824,3,OTC,,PACKEXIM,CTCP Sản xuất và Xuất nhập khẩu Bao bì,0,https://finance.vietstock.vn/PACKEXIM-ctcp-san-xuat-va-xuat-nhap-khau-bao-bi.htm,2612,3275
1927,3,OTC,,Packsimex,CTCP Xuất nhập khẩu Sản xuất Gia công và Bao bì,0,https://finance.vietstock.vn/Packsimex-ctcp-xuat-nhap-khau-san-xuat-gia-cong-va-bao-bi.htm,2613,3275
3380,4,Khác,,PACO,Công ty TNHH Dịch vụ Kiểm toán và Tư vấn Kế toán Bắc Đẩu,0,https://finance.vietstock.vn/PACO-cong-ty-tnhh-dich-vu-kiem-toan-va-tu-van-ke-toan-bac-dau.htm,2614,3275
1950,3,OTC,,PAMCO,CTCP Quản lý Quỹ Leadvisors,0,https://finance.vietstock.vn/PAMCO-ctcp-quan-ly-quy-leadvisors.htm,2615,3275
4599,3,OTC,Dịch vụ tiện ích,PBK,CTCP Điện lực Dầu khí Bắc Kạn,8642300,https://finance.vietstock.vn/PBK-ctcp-dien-luc-dau-khi-bac-kan.htm,2616,3275
3387,4,Khác,,PDAC,Công ty TNHH Kiểm toán và Tư vấn Phan Dũng,0,https://finance.vietstock.vn/PDAC-cong-ty-tnhh-kiem-toan-va-tu-van-phan-dung.htm,2617,3275
4717,3,OTC,Phân phối và bán lẻ hàng lâu bền,PDT,CTCP Thương mại Dầu khí Đồng Tháp,773526,https://finance.vietstock.vn/PDT-ctcp-thuong-mai-dau-khi-dong-thap.htm,2618,3275
3339,3,OTC,,PeaceTour,CTCP Du lịch Hòa Bình Việt Nam,0,https://finance.vietstock.vn/PeaceTour-ctcp-du-lich-hoa-binh-viet-nam.htm,2619,3275
4465,3,OTC,,PetroKienGiang,CTCP Xăng dầu Dầu khí Kiên Giang,0,https://finance.vietstock.vn/PetroKienGiang-ctcp-xang-dau-dau-khi-kien-giang.htm,2620,3275
2386,3,OTC,,PETROMAT,CTCP Vật tư Xăng dầu Petec,0,https://finance.vietstock.vn/PETROMAT-ctcp-vat-tu-xang-dau-petec.htm,2621,3275
4113,3,OTC,,PETROMEKONG,CTCP Vận tải Dầu khí Mê Kông,0,https://finance.vietstock.vn/PETROMEKONG-ctcp-van-tai-dau-khi-me-kong.htm,2622,3275
3889,6,Lào,,PetroTrade,Công ty Thương mại Xăng dầu Lào,235000000,https://finance.vietstock.vn/PetroTrade-cong-ty-thuong-mai-xang-dau-lao.htm,2623,3275
4386,4,Khác,,PetroVietnam,Tập đoàn Dầu khí Việt Nam,0,https://finance.vietstock.vn/PetroVietnam-tap-doan-dau-khi-viet-nam.htm,2624,3275
2498,3,OTC,,PFH,CTCP Đầu tư Tài chính Bảo hiểm Dầu khí,0,https://finance.vietstock.vn/PFH-ctcp-dau-tu-tai-chinh-bao-hiem-dau-khi.htm,2625,3275
2418,3,OTC,,PFI,CTCP Đầu tư Tài chính Công đoàn Dầu khí Việt Nam,0,https://finance.vietstock.vn/PFI-ctcp-dau-tu-tai-chinh-cong-doan-dau-khi-viet-nam.htm,2626,3275
2638,3,OTC,Phát triển và quản lý bất động sản,PFV,CTCP Đầu tư và Thương mại PFV,60000000,https://finance.vietstock.vn/PFV-ctcp-dau-tu-va-thuong-mai-pfv.htm,2627,3275
3703,3,OTC,,PhanPhoiVietnam,CTCP Đầu tư và Phát triển Hệ thống Phân phối Việt Nam,0,https://finance.vietstock.vn/PhanPhoiVietnam-ctcp-dau-tu-va-phat-trien-he-thong-phan-phoi-viet-nam.htm,2628,3275
2709,3,OTC,,PhanVu,CTCP Đầu tư Phan vũ,15000000,https://finance.vietstock.vn/PhanVu-ctcp-dau-tu-phan-vu.htm,2629,3275
1957,3,OTC,,PHFM,CTCP Quản lý Quỹ Phú Hưng,0,https://finance.vietstock.vn/PHFM-ctcp-quan-ly-quy-phu-hung.htm,2630,3275
4099,3,OTC,,PhimGiaiPhong,CTCP Phim Giải phóng,0,https://finance.vietstock.vn/PhimGiaiPhong-ctcp-phim-giai-phong.htm,2631,3275
3641,3,OTC,,PhimThienNgan,CTCP Phim Thiên Ngân,0,https://finance.vietstock.vn/PhimThienNgan-ctcp-phim-thien-ngan.htm,2632,3275
1826,3,OTC,Nguyên vật liệu,PHT,CTCP Sản xuất và Thương mại Phúc Tiến,21440030,https://finance.vietstock.vn/PHT-ctcp-san-xuat-va-thuong-mai-phuc-tien.htm,2633,3275
3066,3,OTC,,PhuDat,CTCP Đầu tư và Xây dựng Dầu khí Phú Đạt,43000000,https://finance.vietstock.vn/PhuDat-ctcp-dau-tu-va-xay-dung-dau-khi-phu-dat.htm,2634,3275
1936,3,OTC,,PhuHung,CTCP Bảo hiểm Phú Hưng,30000000,https://finance.vietstock.vn/PhuHung-ctcp-bao-hiem-phu-hung.htm,2635,3275
4909,4,Khác,,PhuHungLife,CTCP Bảo hiểm nhân thọ Phú Hưng,0,https://finance.vietstock.vn/PhuHungLife-ctcp-bao-hiem-nhan-tho-phu-hung.htm,2636,3275
4773,3,OTC,,PhuLong,CTCP Địa ốc Phú Long,0,https://finance.vietstock.vn/PhuLong-ctcp-dia-oc-phu-long.htm,2637,3275
4776,3,OTC,,PHUMYOIL,CTCP Sản xuất và Chế biến Dầu khí Phú Mỹ,0,https://finance.vietstock.vn/PHUMYOIL-ctcp-san-xuat-va-che-bien-dau-khi-phu-my.htm,2638,3275
3314,3,OTC,,PhuongNamSF,CTCP Chế biến Thực phẩm Phương Nam,0,https://finance.vietstock.vn/PhuongNamSF-ctcp-che-bien-thuc-pham-phuong-nam.htm,2639,3275
3716,3,OTC,,PhuongTrang,CTCP Du lịch và Vận tải Phương Trang,0,https://finance.vietstock.vn/PhuongTrang-ctcp-du-lich-va-van-tai-phuong-trang.htm,2640,3275
1241,3,OTC,,PhuQuoc,CTCP Du lịch Phú Quốc,0,https://finance.vietstock.vn/PhuQuoc-ctcp-du-lich-phu-quoc.htm,2641,3275
2272,3,OTC,,PhuTung,CTCP Xuất nhập khẩu Máy và Phụ tùng,0,https://finance.vietstock.vn/PhuTung-ctcp-xuat-nhap-khau-may-va-phu-tung.htm,2642,3275
4269,3,OTC,,PIDIC,CTCP Đầu tư Phát triển Hạ tầng Phú Quốc,0,https://finance.vietstock.vn/PIDIC-ctcp-dau-tu-phat-trien-ha-tang-phu-quoc.htm,2643,3275
2428,3,OTC,,Pisico,CTCP Chế biến Gỗ nội thất Pisico,0,https://finance.vietstock.vn/Pisico-ctcp-che-bien-go-noi-that-pisico.htm,2644,3275
1623,3,OTC,,PisicoDongAn,CTCP Chế biến gỗ Pisico Đồng An,0,https://finance.vietstock.vn/PisicoDongAn-ctcp-che-bien-go-pisico-dong-an.htm,2645,3275
4432,3,OTC,Vận tải,PKR,CTCP Đường sắt Phú Khánh,2000000,https://finance.vietstock.vn/PKR-ctcp-duong-sat-phu-khanh.htm,2646,3275
2249,3,OTC,"Dược phẩm, Công nghệ sinh học và Khoa học thường thức",PME,CTCP Pymepharco,0,https://finance.vietstock.vn/PME-ctcp-pymepharco.htm,2647,3275
2349,3,OTC,,PMM,CTCP Hàng hải Phú Mỹ,2396640,https://finance.vietstock.vn/PMM-ctcp-hang-hai-phu-my.htm,2648,3275
1198,4,Khác,,PNB,Ngân hàng TMCP Phương Nam,321247998,https://finance.vietstock.vn/PNB-ngan-hang-tmcp-phuong-nam.htm,2649,3275
1465,3,OTC,,PNS,CTCP Chứng khoán Funan,0,https://finance.vietstock.vn/PNS-ctcp-chung-khoan-funan.htm,2650,3275
3412,4,Khác,,PNTAudit,Công ty TNHH Kiểm toán Quốc tế PNT,0,https://finance.vietstock.vn/PNTAudit-cong-ty-tnhh-kiem-toan-quoc-te-pnt.htm,2651,3275
1286,3,OTC,,Porycoast,CTCP Tư vấn Thiết kế Cảng - Kỹ thuật biển,0,https://finance.vietstock.vn/Porycoast-ctcp-tu-van-thiet-ke-cang-ky-thuat-bien.htm,2652,3275
2694,3,OTC,,POTRACO,CTCP Vận tải và Dịch vụ Điện lực,4700000,https://finance.vietstock.vn/POTRACO-ctcp-van-tai-va-dich-vu-dien-luc.htm,2653,3275
4217,7,Campuchia,,PPAP,Công ty Cảng Phnom Penh,0,https://finance.vietstock.vn/PPAP-cong-ty-cang-phnom-penh.htm,2654,3275
937,3,OTC,Hàng tiêu dùng và trang trí,PPG,CTCP Sản xuất - Thương mại - Dịch vụ Phú Phong,7342500,https://finance.vietstock.vn/PPG-ctcp-san-xuat-thuong-mai-dich-vu-phu-phong.htm,2655,3275
4292,7,Campuchia,,PPSP,Đặc khu Kinh tế Phnom Penh,0,https://finance.vietstock.vn/PPSP-dac-khu-kinh-te-phnom-penh.htm,2656,3275
3162,7,Campuchia,,PPWSA,Công ty Cấp thoát nước Phnom Penh,86973162,https://finance.vietstock.vn/PPWSA-cong-ty-cap-thoat-nuoc-phnom-penh.htm,2657,3275
2095,4,Khác,,Prevoir,Công ty TNHH Bảo hiểm Nhân thọ Mirae Asset Prévoir,0,https://finance.vietstock.vn/Prevoir-cong-ty-tnhh-bao-hiem-nhan-tho-mirae-asset-prevoir.htm,2658,3275
3319,3,OTC,,Proconco,CTCP Việt Pháp Sản xuất Thức ăn Gia súc PROCONCO,0,https://finance.vietstock.vn/Proconco-ctcp-viet-phap-san-xuat-thuc-an-gia-suc-proconco.htm,2659,3275
3183,3,OTC,,PROMEXCO,CTCP Sản xuất Bao bì và Hàng xuất khẩu,5000000,https://finance.vietstock.vn/PROMEXCO-ctcp-san-xuat-bao-bi-va-hang-xuat-khau.htm,2660,3275
838,3,OTC,Dịch vụ tài chính,PRUBF1,Quỹ đầu tư Cân bằng Prudential,50000000,https://finance.vietstock.vn/PRUBF1-quy-dau-tu-can-bang-prudential.htm,2661,3275
2097,4,Khác,,Prudential,Công ty TNHH Bảo hiểm Nhân thọ Prudiential Việt Nam,0,https://finance.vietstock.vn/Prudential-cong-ty-tnhh-bao-hiem-nhan-tho-prudiential-viet-nam.htm,2662,3275
4805,4,Khác,,PTF,Công ty Tài chính TNHH MTV Bưu Điện,0,https://finance.vietstock.vn/PTF-cong-ty-tai-chinh-tnhh-mtv-buu-dien.htm,2663,3275
4192,3,OTC,,PTHTKCNThaiNguyen,CTCP Phát Triển Hạ tầng Khu Công nghiệp Thái Nguyên,0,https://finance.vietstock.vn/PTHTKCNThaiNguyen-ctcp-pha´t-trien-ha-tang-khu-cong-nghiep-thai-nguyen.htm,2664,3275
3134,3,OTC,,PTICC,CTCP Tư vấn Đầu tư và Xây dựng Bưu điện,0,https://finance.vietstock.vn/PTICC-ctcp-tu-van-dau-tu-va-xay-dung-buu-dien.htm,2665,3275
3273,3,OTC,Nguyên vật liệu,PTK,CTCP Luyện kim Phú Thịnh,21600000,https://finance.vietstock.vn/PTK-ctcp-luyen-kim-phu-thinh.htm,2666,3275
1468,3,OTC,Phân phối và bán lẻ hàng lâu bền,PTM,CTCP Sản xuất Thương mại và Dịch vụ Ô Tô PTM,4200000,https://finance.vietstock.vn/PTM-ctcp-san-xuat-thuong-mai-va-dich-vu-o-to-ptm.htm,2667,3275
4918,3,OTC,Phát triển và quản lý bất động sản,PTN,CTCP Phát triển nhà Khánh Hòa,5801924,https://finance.vietstock.vn/PTN-ctcp-phat-trien-nha-khanh-hoa.htm,2668,3275
3328,3,OTC,,PVCI,CTCP Đầu tư Xây lắp Dầu khí Việt Nam,0,https://finance.vietstock.vn/PVCI-ctcp-dau-tu-xay-lap-dau-khi-viet-nam.htm,2669,3275
3084,3,OTC,,PVCME,CTCP Thi Công Cơ giới và Lắp máy Dầu khí,50000000,https://finance.vietstock.vn/PVCME-ctcp-thi-cong-co-gioi-va-lap-may-dau-khi.htm,2670,3275
3604,3,OTC,,PVcomBank,Ngân hàng TMCP Đại chúng Việt Nam,0,https://finance.vietstock.vn/PVcomBank-ngan-hang-tmcp-dai-chung-viet-nam.htm,2671,3275
4351,3,OTC,,PVEIC,Tổng Công ty Bảo dưỡng - Sửa chữa Công trình Dầu khí,0,https://finance.vietstock.vn/PVEIC-tong-cong-ty-bao-duong-sua-chua-cong-trinh-dau-khi.htm,2672,3275
1430,3,OTC,Dịch vụ tài chính,PVF,Tổng Công ty Tài chính Cổ phần Dầu khí Việt Nam,600000000,https://finance.vietstock.vn/PVF-tong-cong-ty-tai-chinh-co-phan-dau-khi-viet-nam.htm,2673,3275
1955,3,OTC,,PVFCCapital,CTCP Quản lý Quỹ Ngân hàng TMCP Đại chúng Việt Nam,0,https://finance.vietstock.vn/PVFCCapital-ctcp-quan-ly-quy-ngan-hang-tmcp-dai-chung-viet-nam.htm,2674,3275
4439,3,OTC,,PVIASSET,CTCP Quản lý Quỹ PVI,0,https://finance.vietstock.vn/PVIASSET-ctcp-quan-ly-quy-pvi.htm,2675,3275
3742,3,OTC,,PVID,CTCP Đầu tư và Xây lắp khí,0,https://finance.vietstock.vn/PVID-ctcp-dau-tu-va-xay-lap-khi.htm,2676,3275
4488,3,OTC,,PVQuangNinh,CTCP Xăng dầu Dầu khí Quảng Ninh,0,https://finance.vietstock.vn/PVQuangNinh-ctcp-xang-dau-dau-khi-quang-ninh.htm,2677,3275
3114,3,OTC,,PVSH,CTCP Vạn Khởi Thành,44697200,https://finance.vietstock.vn/PVSH-ctcp-van-khoi-thanh.htm,2678,3275
3118,3,OTC,,PVST,CTCP Du Lịch Dầu khí Sapa,10000000,https://finance.vietstock.vn/PVST-ctcp-du-lich-dau-khi-sapa.htm,2679,3275
4560,3,OTC,,PVThaiNguyen,CTCP Xăng dầu Dầu khí Thái Nguyên,0,https://finance.vietstock.vn/PVThaiNguyen-ctcp-xang-dau-dau-khi-thai-nguyen.htm,2680,3275
2574,4,Khác,,PWC,Công ty TNHH Price Waterhouse Coopers Việt Nam,0,https://finance.vietstock.vn/PWC-cong-ty-tnhh-price-waterhouse-coopers-viet-nam.htm,2681,3275
2934,3,OTC,,PXH,CTCP Xây lắp Dầu khí Hà Nội,30000000,https://finance.vietstock.vn/PXH-ctcp-xay-lap-dau-khi-ha-noi.htm,2682,3275
3304,3,OTC,,PXK,CTCP Đầu tư và Xây lắp Dầu khí Kinh Bắc,15000000,https://finance.vietstock.vn/PXK-ctcp-dau-tu-va-xay-lap-dau-khi-kinh-bac.htm,2683,3275
3330,3,OTC,Dịch vụ chuyên biệt và thương mại,PYU,CTCP Môi trường và Công trình Đô thị Phúc Yên,2073985,https://finance.vietstock.vn/PYU-ctcp-moi-truong-va-cong-trinh-do-thi-phuc-yen.htm,2684,3275
4334,3,OTC,Vận tải,QBR,CTCP Đường sắt Quảng Bình,1760500,https://finance.vietstock.vn/QBR-ctcp-duong-sat-quang-binh.htm,2685,3275
3508,4,Khác,,QCAudit,Công ty TNHH Kiểm toán Quy Chuẩn,0,https://finance.vietstock.vn/QCAudit-cong-ty-tnhh-kiem-toan-quy-chuan.htm,2686,3275
4630,3,OTC,Tư liệu sản xuất,QLD,CTCP Quản lý và Xây dựng Giao thông Lạng Sơn,1207400,https://finance.vietstock.vn/QLD-ctcp-quan-ly-va-xay-dung-giao-thong-lang-son.htm,2687,3275
4477,3,OTC,Vận tải,QLT,CTCP Quản lý Bảo trì Đường thủy Nội địa Số 10,1500000,https://finance.vietstock.vn/QLT-ctcp-quan-ly-bao-tri-duong-thuy-noi-dia-so-10.htm,2688,3275
3416,4,Khác,,QNAASC,Công ty TNHH Dịch vụ Tư vấn Tài chính Kế toán Kiểm toán Quảng Ninh,0,https://finance.vietstock.vn/QNAASC-cong-ty-tnhh-dich-vu-tu-van-tai-chinh-ke-toan-kiem-toan-quang-ninh.htm,2689,3275
2410,3,OTC,,QNSC,CTCP Cung ứng Tàu biển Quảng Ninh,0,https://finance.vietstock.vn/QNSC-ctcp-cung-ung-tau-bien-quang-ninh.htm,2690,3275
3560,4,Khác,,QuangMinh,Công ty TNHH Kiểm toán Quang Minh,0,https://finance.vietstock.vn/QuangMinh-cong-ty-tnhh-kiem-toan-quang-minh.htm,2691,3275
4598,3,OTC,,QuangtruongQT,CTCP Thương mại Dịch vụ Quảng trường Quốc tế,0,https://finance.vietstock.vn/QuangtruongQT-ctcp-thuong-mai-dich-vu-quang-truong-quoc-te.htm,2692,3275
2049,3,OTC,,QuyDauTuVN,CTCP Quản lý Quỹ Đầu tư Dragon Capital Việt Nam,0,https://finance.vietstock.vn/QuyDauTuVN-ctcp-quan-ly-quy-dau-tu-dragon-capital-viet-nam.htm,2693,3275
3642,3,OTC,,QuyVCBF,Quỹ đầu tư Cân bằng Chiến lược VCBF,0,https://finance.vietstock.vn/QuyVCBF-quy-dau-tu-can-bang-chien-luoc-vcbf.htm,2694,3275
1974,3,OTC,,QuyVietCat,CTCP Quản lý Quỹ Việt Cát,0,https://finance.vietstock.vn/QuyVietCat-ctcp-quan-ly-quy-viet-cat.htm,2695,3275
3411,4,Khác,,QVA,Công ty TNHH Kiểm toán Quảng Việt,0,https://finance.vietstock.vn/QVA-cong-ty-tnhh-kiem-toan-quang-viet.htm,2696,3275
1526,3,OTC,,RauQua1,CTCP Xuất nhập khẩu Rau Quả I,1980000,https://finance.vietstock.vn/RauQua1-ctcp-xuat-nhap-khau-rau-qua-i.htm,2697,3275
1634,3,OTC,,RECO,CTCP Cơ khí Cao su,0,https://finance.vietstock.vn/RECO-ctcp-co-khi-cao-su.htm,2698,3275
2533,3,OTC,Tư liệu sản xuất,REM,CTCP Tu bổ Di tích Trung ương - Vinaremon,1148600,https://finance.vietstock.vn/REM-ctcp-tu-bo-di-tich-trung-uong-vinaremon.htm,2699,3275
2755,3,OTC,,REN,CTCP Xây dựng và Đầu tư KDL Sinh Thái,2818032,https://finance.vietstock.vn/REN-ctcp-xay-dung-va-dau-tu-kdl-sinh-thai.htm,2700,3275
4263,3,OTC,,RES10,CTCP Địa ốc 10,0,https://finance.vietstock.vn/RES10-ctcp-dia-oc-10.htm,2701,3275
4172,3,OTC,,RESCO8,CTCP Địa  ốc 8,0,https://finance.vietstock.vn/RESCO8-ctcp-dia-oc-8.htm,2702,3275
4231,4,Khác,,RESCONHA,CTCP Phát triển và Kinh doanh Nhà,0,https://finance.vietstock.vn/RESCONHA-ctcp-phat-trien-va-kinh-doanh-nha.htm,2703,3275
3226,3,OTC,Truyền thông và giải trí,RGC,CTCP Đầu tư PV - Inconess,89123600,https://finance.vietstock.vn/RGC-ctcp-dau-tu-pv-inconess.htm,2704,3275
762,3,OTC,Dịch vụ tiện ích,RHC,CTCP Thủy điện Ry Ninh II,5120000,https://finance.vietstock.vn/RHC-ctcp-thuy-dien-ry-ninh-ii.htm,2705,3275
4469,3,OTC,Tư liệu sản xuất,RHN,CTCP Đường sắt Hà Ninh,1509900,https://finance.vietstock.vn/RHN-ctcp-duong-sat-ha-ninh.htm,2706,3275
2383,3,OTC,,Ricons,CTCP Đầu tư Xây dựng Ricons,0,https://finance.vietstock.vn/Ricons-ctcp-dau-tu-xay-dung-ricons.htm,2707,3275
4412,3,OTC,Tư liệu sản xuất,RLC,CTCP Đường bộ Lào Cai,1138689,https://finance.vietstock.vn/RLC-ctcp-duong-bo-lao-cai.htm,2708,3275
4357,3,OTC,Tư liệu sản xuất,ROS,CTCP Xây dựng FLC Faros,567598121,https://finance.vietstock.vn/ROS-ctcp-xay-dung-flc-faros.htm,2709,3275
3513,4,Khác,,RoyalVN,Công ty Tư vấn Kiểm toán Hoàng Gia Việt Nam,0,https://finance.vietstock.vn/RoyalVN-cong-ty-tu-van-kiem-toan-hoang-gia-viet-nam.htm,2710,3275
4461,3,OTC,Tư liệu sản xuất,RTH,CTCP Đường sắt Thanh Hóa,2085900,https://finance.vietstock.vn/RTH-ctcp-duong-sat-thanh-hoa.htm,2711,3275
4399,3,OTC,Vận tải,RTS,CTCP Thông tin Tín hiệu Đường sắt Đà Nẵng,1083333,https://finance.vietstock.vn/RTS-ctcp-thong-tin-tin-hieu-duong-sat-da-nang.htm,2712,3275
4261,3,OTC,,RUID,CTCP Đầu tư Phát triển Hạ tầng và Đô thị Đường sắt,0,https://finance.vietstock.vn/RUID-ctcp-dau-tu-phat-trien-ha-tang-va-do-thi-duong-sat.htm,2713,3275
4197,3,OTC,,RUSCO,CTCP Kho vận và Dịch vụ Hàng hóa Cao su,0,https://finance.vietstock.vn/RUSCO-ctcp-kho-van-va-dich-vu-hang-hoa-cao-su.htm,2714,3275
4958,3,OTC,,RYG,CTCP Sản xuất và Đầu tư Hoàng Gia,0,https://finance.vietstock.vn/RYG-ctcp-san-xuat-va-dau-tu-hoang-gia.htm,2715,3275
2156,3,OTC,"Thực phẩm, đồ uống và thuốc lá",S33,CTCP Mía đường 333,8331409,https://finance.vietstock.vn/S33-ctcp-mia-duong-333.htm,2716,3275
948,3,OTC,Tư liệu sản xuất,S64,CTCP Sông Đà 6.04,2000000,https://finance.vietstock.vn/S64-ctcp-song-da-6-04.htm,2717,3275
956,3,OTC,Tư liệu sản xuất,S91,CTCP Sông Đà 9.01,2940000,https://finance.vietstock.vn/S91-ctcp-song-da-9-01.htm,2718,3275
3516,4,Khác,,SAAC,Công ty TNHH Kế toán và Kiểm toán Phương Nam,0,https://finance.vietstock.vn/SAAC-cong-ty-tnhh-ke-toan-va-kiem-toan-phuong-nam.htm,2719,3275
2961,3,OTC,,SabecoMienDong,CTCP Thương mại Sabeco Miền Đông,0,https://finance.vietstock.vn/SabecoMienDong-ctcp-thuong-mai-sabeco-mien-dong.htm,2720,3275
2318,3,OTC,,SabecoNTB,CTCP Thương mại Bia Sài Gòn Nam Trung Bộ,0,https://finance.vietstock.vn/SabecoNTB-ctcp-thuong-mai-bia-sai-gon-nam-trung-bo.htm,2721,3275
2960,3,OTC,,SabecoSongHau,CTCP Thương mại Sabeco Sông Hậu,0,https://finance.vietstock.vn/SabecoSongHau-ctcp-thuong-mai-sabeco-song-hau.htm,2722,3275
2959,3,OTC,,SabecoTayNguyen,CTCP Thương mại Bia Sài Gòn Tây Nguyên,0,https://finance.vietstock.vn/SabecoTayNguyen-ctcp-thuong-mai-bia-sai-gon-tay-nguyen.htm,2723,3275
2023,3,OTC,,SachBinhDuong,CTCP Sách - Thiết bị Giáo dục Bình Dương,1000000,https://finance.vietstock.vn/SachBinhDuong-ctcp-sach-thiet-bi-giao-duc-binh-duong.htm,2724,3275
2707,3,OTC,,SachHoaBinh,CTCP Sách và Thiết bị Trường học Hòa Bình,1000000,https://finance.vietstock.vn/SachHoaBinh-ctcp-sach-va-thiet-bi-truong-hoc-hoa-binh.htm,2725,3275
2713,3,OTC,,SachThanhHoa,CTCP Sách và Thiết bị Trường học Thanh Hóa,1050000,https://finance.vietstock.vn/SachThanhHoa-ctcp-sach-va-thiet-bi-truong-hoc-thanh-hoa.htm,2726,3275
2230,3,OTC,,Sadaco,CTCP Phát triển Sản xuất Thương mại Sài Gòn,0,https://finance.vietstock.vn/Sadaco-ctcp-phat-trien-san-xuat-thuong-mai-sai-gon.htm,2727,3275
4451,3,OTC,,SAGEL,CTCP Điện tử và Dịch vụ Công nghiệp Sài Gòn,0,https://finance.vietstock.vn/SAGEL-ctcp-dien-tu-va-dich-vu-cong-nghiep-sai-gon.htm,2728,3275
4385,4,Khác,,SAGRI,Tổng Công ty Nông nghiệp Sài Gòn - TNHH MTV,0,https://finance.vietstock.vn/SAGRI-tong-cong-ty-nong-nghiep-sai-gon-tnhh-mtv.htm,2729,3275
2339,3,OTC,,Saicom,CTCP Đầu Tư và Xây dựng Bưu Chính Viễn Thông,0,https://finance.vietstock.vn/Saicom-ctcp-dau-tu-va-xay-dung-buu-chinh-vien-thong.htm,2730,3275
4234,3,OTC,,SAIGON5,CTCP Phát triển địa ốc Sài Gòn 5,0,https://finance.vietstock.vn/SAIGON5-ctcp-phat-trien-dia-oc-sai-gon-5.htm,2731,3275
1712,3,OTC,,SaiGonAir,CTCP Sài Gòn Sân Bay,0,https://finance.vietstock.vn/SaiGonAir-ctcp-sai-gon-san-bay.htm,2732,3275
4481,3,OTC,,SaiGonART,CTCP Mỹ thuật Sài Gòn,0,https://finance.vietstock.vn/SaiGonART-ctcp-my-thuat-sai-gon.htm,2733,3275
3501,4,Khác,,SaiGonAuditing,Công ty TNHH Kiểm toán - Thuế - Tư vấn Sài Gòn,0,https://finance.vietstock.vn/SaiGonAuditing-cong-ty-tnhh-kiem-toan-thue-tu-van-sai-gon.htm,2734,3275
1996,3,OTC,,SaiGonCapital,CTCP Quản lý Quỹ Sài Gòn,4380000,https://finance.vietstock.vn/SaiGonCapital-ctcp-quan-ly-quy-sai-gon.htm,2735,3275
4246,4,Khác,,SAIGONIPD,Công ty TNHH MTV Phát triển Khu Công nghiệp Sài Gòn,0,https://finance.vietstock.vn/SAIGONIPD-cong-ty-tnhh-mtv-phat-trien-khu-cong-nghiep-sai-gon.htm,2736,3275
1527,3,OTC,,SaiGonNinhChu,CTCP Du lịch Sài Gòn Ninh Chữ,6900000,https://finance.vietstock.vn/SaiGonNinhChu-ctcp-du-lich-sai-gon-ninh-chu.htm,2737,3275
4937,3,OTC,,Saigontourist,Tổng Công ty Du lịch Sài Gòn - Công ty TNHH MTV,0,https://finance.vietstock.vn/Saigontourist-tong-cong-ty-du-lich-sai-gon-cong-ty-tnhh-mtv.htm,2738,3275
2942,3,OTC,,SaiGonXanh,CTCP Đầu tư Phát triển Địa Ốc Sài Gòn Xanh,30000000,https://finance.vietstock.vn/SaiGonXanh-ctcp-dau-tu-phat-trien-dia-oc-sai-gon-xanh.htm,2739,3275
4341,4,Khác,,SAMCO,Tổng Công ty Cơ Khí Giao thông Vận tải Sài Gòn TNHH MTV,0,https://finance.vietstock.vn/SAMCO-tong-cong-ty-co-khi-giao-thong-van-tai-sai-gon-tnhh-mtv.htm,2740,3275
2893,3,OTC,,SamSet,CTCP Vận tải và Dịch vụ Hàng Hải Cảng Sài Gòn,0,https://finance.vietstock.vn/SamSet-ctcp-van-tai-va-dich-vu-hang-hai-cang-sai-gon.htm,2741,3275
3515,4,Khác,,SanglapAchau,Công ty TNHH Kiểm toán Tư vấn Sáng lập Á Châu,0,https://finance.vietstock.vn/SanglapAchau-cong-ty-tnhh-kiem-toan-tu-van-sang-lap-a-chau.htm,2742,3275
2596,4,Khác,,SaoViet,Công ty TNHH Kiểm toán Sao Việt,0,https://finance.vietstock.vn/SaoViet-cong-ty-tnhh-kiem-toan-sao-viet.htm,2743,3275
2869,3,OTC,,Sapasco,CTCP Bao bì và Dịch vụ Sam Thịnh,0,https://finance.vietstock.vn/Sapasco-ctcp-bao-bi-va-dich-vu-sam-thinh.htm,2744,3275
3855,4,Khác,,SATICO,Công ty TNHH MTV Satra Tiền Giang,0,https://finance.vietstock.vn/SATICO-cong-ty-tnhh-mtv-satra-tien-giang.htm,2745,3275
4374,4,Khác,,SATRA,Tổng Công ty Thương mại Sài Gòn TNHH MTV,0,https://finance.vietstock.vn/SATRA-tong-cong-ty-thuong-mai-sai-gon-tnhh-mtv.htm,2746,3275
3856,4,Khác,,SatraTayNam,Công ty TNHH MTV Satra Tây Nam,0,https://finance.vietstock.vn/SatraTayNam-cong-ty-tnhh-mtv-satra-tay-nam.htm,2747,3275
1466,3,OTC,,SBBS,CTCP Chứng khoán Saigonbank Berjaya,30000000,https://finance.vietstock.vn/SBBS-ctcp-chung-khoan-saigonbank-berjaya.htm,2748,3275
2205,3,OTC,Vận tải,SBC,CTCP Vận tải và Giao nhận Bia Sài Gòn,8000000,https://finance.vietstock.vn/SBC-ctcp-van-tai-va-giao-nhan-bia-sai-gon.htm,2749,3275
1970,3,OTC,,SBF,CTCP Quản lý Quỹ Sabeco,0,https://finance.vietstock.vn/SBF-ctcp-quan-ly-quy-sabeco.htm,2750,3275
3256,4,Khác,,SBF1,Quỹ đầu tư Sabeco 1,0,https://finance.vietstock.vn/SBF1-quy-dau-tu-sabeco-1.htm,2751,3275
4819,3,OTC,"Thực phẩm, đồ uống và thuốc lá",SCA,CTCP Nông nghiệp Sông Con,2076000,https://finance.vietstock.vn/SCA-ctcp-nong-nghiep-song-con.htm,2752,3275
268,3,OTC,,SCB,Ngân hàng TMCP Sài Gòn,0,https://finance.vietstock.vn/SCB-ngan-hang-tmcp-sai-gon.htm,2753,3275
3822,3,OTC,,SCCV,CTCP Than Miền Nam - Vinacomin,0,https://finance.vietstock.vn/SCCV-ctcp-than-mien-nam-vinacomin.htm,2754,3275
2214,3,OTC,,SCFC,CTCP Lương thực Nam Trung Bộ,0,https://finance.vietstock.vn/SCFC-ctcp-luong-thuc-nam-trung-bo.htm,2755,3275
4421,3,OTC,Dịch vụ tiện ích,SCH,CTCP Thủy điện Sông Chảy 5,15000000,https://finance.vietstock.vn/SCH-ctcp-thuy-dien-song-chay-5.htm,2756,3275
3994,4,Khác,,SCIC,Tổng Công ty Đầu tư và Kinh doanh Vốn Nhà nước,0,https://finance.vietstock.vn/SCIC-tong-cong-ty-dau-tu-va-kinh-doanh-von-nha-nuoc.htm,2757,3275
4582,3,OTC,,SCJSC,CTCP Sài Gòn - Cam Ranh,0,https://finance.vietstock.vn/SCJSC-ctcp-sai-gon-cam-ranh.htm,2758,3275
4863,3,OTC,"Thực phẩm, đồ uống và thuốc lá",SCV,CTCP Muối Việt Nam,1279392,https://finance.vietstock.vn/SCV-ctcp-muoi-viet-nam.htm,2759,3275
3145,3,OTC,,SDBP,CTCP Sông Đà Bình Phước,7000000,https://finance.vietstock.vn/SDBP-ctcp-song-da-binh-phuoc.htm,2760,3275
2174,3,OTC,Tư liệu sản xuất,SDE,CTCP Kỹ thuật Điện Sông Đà,1751092,https://finance.vietstock.vn/SDE-ctcp-ky-thuat-dien-song-da.htm,2761,3275
2464,3,OTC,Dịch vụ tài chính,SDF,Công ty Tài chính Cổ phần Sông Đà,68600000,https://finance.vietstock.vn/SDF-cong-ty-tai-chinh-co-phan-song-da.htm,2762,3275
1849,3,OTC,Tư liệu sản xuất,SDH,CTCP Xây dựng Hạ tầng Sông Đà,20950000,https://finance.vietstock.vn/SDH-ctcp-xay-dung-ha-tang-song-da.htm,2763,3275
3019,4,Khác,Phát triển và quản lý bất động sản,SDI,CTCP Đầu Tư và Phát triển Đô Thị Sài Đồng,119995800,https://finance.vietstock.vn/SDI-ctcp-dau-tu-va-phat-trien-do-thi-sai-dong.htm,2764,3275
3182,3,OTC,,SDL,CTCP Sông Đà - Hoàng Long,0,https://finance.vietstock.vn/SDL-ctcp-song-da-hoang-long.htm,2765,3275
3599,3,OTC,,SDNT,CTCP Sông Đà - Nha Trang,0,https://finance.vietstock.vn/SDNT-ctcp-song-da-nha-trang.htm,2766,3275
1215,3,OTC,Tư liệu sản xuất,SDS,CTCP Xây lắp và Đầu tư Sông Đà,0,https://finance.vietstock.vn/SDS-ctcp-xay-lap-va-dau-tu-song-da.htm,2767,3275
2154,3,OTC,,SeafoodF17,CTCP Nha Trang Seafoods - F17,0,https://finance.vietstock.vn/SeafoodF17-ctcp-nha-trang-seafoods-f17.htm,2768,3275
1367,3,OTC,,SeASecurities,CTCP Chứng khoán Asean,50000000,https://finance.vietstock.vn/SeASecurities-ctcp-chung-khoan-asean.htm,2769,3275
1843,3,OTC,"Thực phẩm, đồ uống và thuốc lá",SEC,CTCP Mía đường - Nhiệt điện Gia Lai,38999876,https://finance.vietstock.vn/SEC-ctcp-mia-duong-nhiet-dien-gia-lai.htm,2770,3275
2628,3,OTC,Tư liệu sản xuất,SEL,CTCP Sông Đà 11 Thăng Long,5000000,https://finance.vietstock.vn/SEL-ctcp-song-da-11-thang-long.htm,2771,3275
3150,3,OTC,,Serrano,CTCP Serrano Việt Nam,5300000,https://finance.vietstock.vn/Serrano-ctcp-serrano-viet-nam.htm,2772,3275
3259,4,Khác,,SFA1,Quỹ đầu tư Chứng khoán Sài Gòn A1,0,https://finance.vietstock.vn/SFA1-quy-dau-tu-chung-khoan-sai-gon-a1.htm,2773,3275
3261,4,Khác,,SFA2,Quỹ đầu tư Chứng khoán Sài Gòn A2,0,https://finance.vietstock.vn/SFA2-quy-dau-tu-chung-khoan-sai-gon-a2.htm,2774,3275
3151,3,OTC,Phần mềm và dịch vụ,SFT,CTCP Softech,3000000,https://finance.vietstock.vn/SFT-ctcp-softech.htm,2775,3275
3418,4,Khác,,SGAudit,Công ty TNHH Kiểm toán và Tin học Sài Gòn,0,https://finance.vietstock.vn/SGAudit-cong-ty-tnhh-kiem-toan-va-tin-hoc-sai-gon.htm,2776,3275
4267,3,OTC,,SGCLInresco,CTCP Đầu tư và Địa ốc Sài Gòn Chợ Lớn,0,https://finance.vietstock.vn/SGCLInresco-ctcp-dau-tu-va-dia-oc-sai-gon-cho-lon.htm,2777,3275
4556,3,OTC,,SGDiamond,CTCP Sài Gòn Kim Cương,0,https://finance.vietstock.vn/SGDiamond-ctcp-sai-gon-kim-cuong.htm,2778,3275
1954,3,OTC,,SGIC,CTCP Quản lý Quỹ đầu tư SGI,0,https://finance.vietstock.vn/SGIC-ctcp-quan-ly-quy-dau-tu-sgi.htm,2779,3275
3547,4,Khác,,SGNAudit,Công ty TNHH Kiểm toán và Tư vấn Tài chính Kế toán SGN,0,https://finance.vietstock.vn/SGNAudit-cong-ty-tnhh-kiem-toan-va-tu-van-tai-chinh-ke-toan-sgn.htm,2780,3275
4114,3,OTC,"Thực phẩm, đồ uống và thuốc lá",SGO,CTCP Dầu thực vật Sài Gòn,20000000,https://finance.vietstock.vn/SGO-ctcp-dau-thuc-vat-sai-gon.htm,2781,3275
3705,3,OTC,,SGPC,CTCP Giấy Sài Gòn,0,https://finance.vietstock.vn/SGPC-ctcp-giay-sai-gon.htm,2782,3275
4855,4,Khác,,SHBFinance,Công ty TNHH MTV Ngân hàng TMCP Sài Gòn - Hà Nội,0,https://finance.vietstock.vn/SHBFinance-cong-ty-tnhh-mtv-ngan-hang-tmcp-sai-gon-ha-noi.htm,2783,3275
1404,3,OTC,,SHBS,CTCP Chứng khoán SHB,15000000,https://finance.vietstock.vn/SHBS-ctcp-chung-khoan-shb.htm,2784,3275
1975,3,OTC,,SHF,CTCP Quản lý Quỹ đầu tư Sài Gòn - Hà Nội,0,https://finance.vietstock.vn/SHF-ctcp-quan-ly-quy-dau-tu-sai-gon-ha-noi.htm,2785,3275
3147,3,OTC,,SHINEC,CTCP Công nghiệp Tàu thủy Shinec,1500000,https://finance.vietstock.vn/SHINEC-ctcp-cong-nghiep-tau-thuy-shinec.htm,2786,3275
1470,4,Khác,,Shinhan,Ngân hàng TNHH MTV Shinhan Việt Nam,0,https://finance.vietstock.vn/Shinhan-ngan-hang-tnhh-mtv-shinhan-viet-nam.htm,2787,3275
4811,4,Khác,,ShinhanFi,Công ty Tài chính TNHH MTV Shinhan Việt Nam,0,https://finance.vietstock.vn/ShinhanFi-cong-ty-tai-chinh-tnhh-mtv-shinhan-viet-nam.htm,2788,3275
1993,4,Khác,,Shinhanvina,Ngân hàng Liên doanh Shinhanvina,0,https://finance.vietstock.vn/Shinhanvina-ngan-hang-lien-doanh-shinhanvina.htm,2789,3275
2736,3,OTC,,SHL,CTCP Đầu tư Sông Hồng - Thăng Long,3000000,https://finance.vietstock.vn/SHL-ctcp-dau-tu-song-hong-thang-long.htm,2790,3275
2246,3,OTC,"Thực phẩm, đồ uống và thuốc lá",SHV,CTCP Hải Việt,6263720,https://finance.vietstock.vn/SHV-ctcp-hai-viet.htm,2791,3275
4395,3,OTC,Vận tải,SHX,CTCP Sài Gòn Hỏa xa,1720000,https://finance.vietstock.vn/SHX-ctcp-sai-gon-hoa-xa.htm,2792,3275
971,3,OTC,Phát triển và quản lý bất động sản,SIC,CTCP ANI,23999270,https://finance.vietstock.vn/SIC-ctcp-ani.htm,2793,3275
3253,7,Campuchia,,Sihanoukville,Tập đoàn Quản Lý Cảng Biển Sihanoukville Autonomous Port,0,https://finance.vietstock.vn/Sihanoukville-tap-doan-quan-ly-cang-bien-sihanoukville-autonomous-port.htm,2794,3275
4931,3,OTC,,SJCG,Công ty TNHH MTV Vàng bạc Đá quý Sài Gòn - SJC,0,https://finance.vietstock.vn/SJCG-cong-ty-tnhh-mtv-vang-bac-da-quy-sai-gon-sjc.htm,2795,3275
1467,3,OTC,,SJCS,CTCP Chứng khoán ASAM,0,https://finance.vietstock.vn/SJCS-ctcp-chung-khoan-asam.htm,2796,3275
1416,3,OTC,Tư liệu sản xuất,SKS,CTCP Công trình Giao thông Sông Đà,4500000,https://finance.vietstock.vn/SKS-ctcp-cong-trinh-giao-thong-song-da.htm,2797,3275
4022,3,OTC,Dịch vụ chuyên biệt và thương mại,SLC,CTCP Dịch vụ Xuất khẩu Lao động và Chuyên gia,9200000,https://finance.vietstock.vn/SLC-ctcp-dich-vu-xuat-khau-lao-dong-va-chuyen-gia.htm,2798,3275
4753,3,OTC,,SLD,CTCP Địa ốc Sacom,0,https://finance.vietstock.vn/SLD-ctcp-dia-oc-sacom.htm,2799,3275
1874,3,OTC,,Smartlink,CTCP Dịch vụ Thẻ Smartlink,0,https://finance.vietstock.vn/Smartlink-ctcp-dich-vu-the-smartlink.htm,2800,3275
1370,3,OTC,Dịch vụ tài chính,SME,CTCP Chứng khoán SME,22500000,https://finance.vietstock.vn/SME-ctcp-chung-khoan-sme.htm,2801,3275
1969,3,OTC,,SMEC,CTCP Quản lý Quỹ Amber,7000000,https://finance.vietstock.vn/SMEC-ctcp-quan-ly-quy-amber.htm,2802,3275
4551,3,OTC,Tư liệu sản xuất,SMVC,CTCP Seoul Metal Việt Nam,0,https://finance.vietstock.vn/SMVC-ctcp-seoul-metal-viet-nam.htm,2803,3275
975,3,OTC,Tư liệu sản xuất,SNG,CTCP Sông Đà 10.1,4663060,https://finance.vietstock.vn/SNG-ctcp-song-da-10-1.htm,2804,3275
1317,3,OTC,,SocTrang,CTCP Thủy sản Sóc Trăng,0,https://finance.vietstock.vn/SocTrang-ctcp-thuy-san-soc-trang.htm,2805,3275
2279,3,OTC,,SoiTraLy,CTCP Sợi Trà Lý,0,https://finance.vietstock.vn/SoiTraLy-ctcp-soi-tra-ly.htm,2806,3275
4071,3,OTC,Dịch vụ chuyên biệt và thương mại,SON,CTCP Cung ứng Nhân lực Quốc tế và Thương mại,9729930,https://finance.vietstock.vn/SON-ctcp-cung-ung-nhan-luc-quoc-te-va-thuong-mai.htm,2807,3275
2045,3,OTC,,Sonacon,CTCP Xây lắp Sonacons,0,https://finance.vietstock.vn/Sonacon-ctcp-xay-lap-sonacons.htm,2808,3275
4422,3,OTC,,SonBachTuyet,CTCP Sơn Bạch Tuyết,0,https://finance.vietstock.vn/SonBachTuyet-ctcp-son-bach-tuyet.htm,2809,3275
3866,3,OTC,,SonChatDeo,CTCP Sơn - Chất Dẻo,0,https://finance.vietstock.vn/SonChatDeo-ctcp-son-chat-deo.htm,2810,3275
1422,3,OTC,,SongDa,CTCP Vật liệu Xây dựng Sông Đà,0,https://finance.vietstock.vn/SongDa-ctcp-vat-lieu-xay-dung-song-da.htm,2811,3275
2714,3,OTC,,SongDa109,CTCP Sông Đà 10.9,1550000,https://finance.vietstock.vn/SongDa109-ctcp-song-da-10-9.htm,2812,3275
1419,3,OTC,,SongDa17,CTCP Sông Đà 17,0,https://finance.vietstock.vn/SongDa17-ctcp-song-da-17.htm,2813,3275
2887,3,OTC,,SongDaHoangLien,CTCP Thủy điện Sông Đà - Hoàng Liên,0,https://finance.vietstock.vn/SongDaHoangLien-ctcp-thuy-dien-song-da-hoang-lien.htm,2814,3275
2136,3,OTC,,SongHau,CTCP Chế biến Thực phẩm Sông Hậu,0,https://finance.vietstock.vn/SongHau-ctcp-che-bien-thuc-pham-song-hau.htm,2815,3275
1486,3,OTC,,SongHong,CTCP Năng lượng Sông Hồng,0,https://finance.vietstock.vn/SongHong-ctcp-nang-luong-song-hong.htm,2816,3275
4310,4,Khác,,SonlaUrenco,CTCP Môi trường và Dịch vụ Đô thị Sơn La,0,https://finance.vietstock.vn/SonlaUrenco-ctcp-moi-truong-va-dich-vu-do-thi-son-la.htm,2817,3275
2904,3,OTC,,SonTra,CTCP Đầu tư Phong Phú Sơn Trà,0,https://finance.vietstock.vn/SonTra-ctcp-dau-tu-phong-phu-son-tra.htm,2818,3275
4003,3,OTC,,SOSAL,CTCP Tập đoàn Muối Miền Nam,0,https://finance.vietstock.vn/SOSAL-ctcp-tap-doan-muoi-mien-nam.htm,2819,3275
1916,3,OTC,Bán lẻ thực phẩm và nhu yếu phẩm,SOV,CTCP Mắt kính Sài Gòn,1914900,https://finance.vietstock.vn/SOV-ctcp-mat-kinh-sai-gon.htm,2820,3275
3631,3,OTC,,Sovico,CTCP Tập đoàn Sovico,0,https://finance.vietstock.vn/Sovico-ctcp-tap-doan-sovico.htm,2821,3275
2323,3,OTC,Nguyên vật liệu,SPA,CTCP Bao bì Sài Gòn,8500000,https://finance.vietstock.vn/SPA-ctcp-bao-bi-sai-gon.htm,2822,3275
1264,3,OTC,Nguyên vật liệu,SPP,CTCP Bao bì Nhựa Sài Gòn,25120000,https://finance.vietstock.vn/SPP-ctcp-bao-bi-nhua-sai-gon.htm,2823,3275
1488,3,OTC,,SPS,CTCP Dịch vụ Dầu khí Sài Gòn,0,https://finance.vietstock.vn/SPS-ctcp-dich-vu-dau-khi-sai-gon.htm,2824,3275
2494,3,OTC,,SPT,CTCP Dịch vụ Bưu chính Viễn thông Sài Gòn,0,https://finance.vietstock.vn/SPT-ctcp-dich-vu-buu-chinh-vien-thong-sai-gon.htm,2825,3275
3438,4,Khác,,SPTAudit,Công ty TNHH Định giá và Kiểm toán SPT,0,https://finance.vietstock.vn/SPTAudit-cong-ty-tnhh-dinh-gia-va-kiem-toan-spt.htm,2826,3275
3539,4,Khác,,SSAudit,Công ty TNHH Tư vấn - Kiểm toán S&S,0,https://finance.vietstock.vn/SSAudit-cong-ty-tnhh-tu-van-kiem-toan-ss.htm,2827,3275
2763,3,OTC,,SSGGroup,CTCP Tập đoàn S.S.G,55000000,https://finance.vietstock.vn/SSGGroup-ctcp-tap-doan-s-s-g.htm,2828,3275
2029,4,Khác,,SSIAM,Công ty TNHH Quản lý Quỹ SSI,9800000,https://finance.vietstock.vn/SSIAM-cong-ty-tnhh-quan-ly-quy-ssi.htm,2829,3275
3255,4,Khác,,SSIIMF,Quỹ đầu tư Thành viên SSI,0,https://finance.vietstock.vn/SSIIMF-quy-dau-tu-thanh-vien-ssi.htm,2830,3275
3767,3,OTC,,SSISCA,Quỹ đầu tư Lợi thế Cạnh tranh Bền vững SSI,11192242,https://finance.vietstock.vn/SSISCA-quy-dau-tu-loi-the-canh-tranh-ben-vung-ssi.htm,2831,3275
3245,4,Khác,,SSIVF,Quỹ Tầm Nhìn SSI,0,https://finance.vietstock.vn/SSIVF-quy-tam-nhin-ssi.htm,2832,3275
976,3,OTC,Tư liệu sản xuất,SSS,CTCP Sông Đà 6.06,2500000,https://finance.vietstock.vn/SSS-ctcp-song-da-6-06.htm,2833,3275
2820,3,OTC,"Thực phẩm, đồ uống và thuốc lá",SST,CTCP Thương mại Bia Sài Gòn Sông Tiền,4000000,https://finance.vietstock.vn/SST-ctcp-thuong-mai-bia-sai-gon-song-tien.htm,2834,3275
4415,3,OTC,Dịch vụ tiện ích,SSU,CTCP Môi trường Đô thị Sóc Sơn,2500000,https://finance.vietstock.vn/SSU-ctcp-moi-truong-do-thi-soc-son.htm,2835,3275
1158,4,Khác,,SSV,Công Ty TNHH Chứng Khoán Shinhan Việt Nam,0,https://finance.vietstock.vn/SSV-cong-ty-tnhh-chung-khoan-shinhan-viet-nam.htm,2836,3275
3494,4,Khác,,StandardAudit,Công ty TNHH Kiểm toán Tiêu Chuẩn,0,https://finance.vietstock.vn/StandardAudit-cong-ty-tnhh-kiem-toan-tieu-chuan.htm,2837,3275
1989,4,Khác,,StandardChartered,Ngân hàng TNHH MTV Standard Chartered Việt Nam,0,https://finance.vietstock.vn/StandardChartered-ngan-hang-tnhh-mtv-standard-chartered-viet-nam.htm,2838,3275
4763,3,OTC,"Thực phẩm, đồ uống và thuốc lá",STD,CTCP Bia - Nước giải khát Sài Gòn - Tây Đô,20000000,https://finance.vietstock.vn/STD-ctcp-bia-nuoc-giai-khat-sai-gon-tay-do.htm,2839,3275
3030,3,OTC,,STI,CTCP Đầu tư Sài Gòn Thương Tín,37500000,https://finance.vietstock.vn/STI-ctcp-dau-tu-sai-gon-thuong-tin.htm,2840,3275
2437,3,OTC,,STJ,CTCP Vận tải Sonadezi,4200000,https://finance.vietstock.vn/STJ-ctcp-van-tai-sonadezi.htm,2841,3275
1409,3,OTC,,STSC,CTCP Chứng khoán STSC,31871000,https://finance.vietstock.vn/STSC-ctcp-chung-khoan-stsc.htm,2842,3275
2718,3,OTC,Dịch vụ chuyên biệt và thương mại,STU,CTCP Môi Trường và Công trình Đô Thị Sơn Tây,1876000,https://finance.vietstock.vn/STU-ctcp-moi-truong-va-cong-trinh-do-thi-son-tay.htm,2843,3275
1626,3,OTC,Nguyên vật liệu,STV,CTCP Chế tác Đá Việt Nam,11000000,https://finance.vietstock.vn/STV-ctcp-che-tac-da-viet-nam.htm,2844,3275
4635,3,OTC,Dịch vụ chuyên biệt và thương mại,SUM,CTCP Đo đạc và Khoáng sản,2380000,https://finance.vietstock.vn/SUM-ctcp-do-dac-va-khoang-san.htm,2845,3275
1946,3,OTC,,SunCapital,CTCP Quản lý Quỹ đầu tư Chứng khoán Thái Dương,0,https://finance.vietstock.vn/SunCapital-ctcp-quan-ly-quy-dau-tu-chung-khoan-thai-duong.htm,2846,3275
3659,3,OTC,,SunCo,CTCP Xây dựng Thương mại Thái Dương,0,https://finance.vietstock.vn/SunCo-ctcp-xay-dung-thuong-mai-thai-duong.htm,2847,3275
3607,3,OTC,,SunGroup,CTCP Tập đoàn Mặt trời - Sun Group,0,https://finance.vietstock.vn/SunGroup-ctcp-tap-doan-mat-troi-sun-group.htm,2848,3275
4908,4,Khác,,SunLifeVN,Công ty TNHH Bảo hiểm nhân thọ Sun Life Việt Nam,0,https://finance.vietstock.vn/SunLifeVN-cong-ty-tnhh-bao-hiem-nhan-tho-sun-life-viet-nam.htm,2849,3275
2409,3,OTC,,SuThanhHa,CTCP Gốm sứ Thanh Hà,0,https://finance.vietstock.vn/SuThanhHa-ctcp-gom-su-thanh-ha.htm,2850,3275
4227,3,OTC,,SVJ,CTCP Santomas Việt Nam,14515192,https://finance.vietstock.vn/SVJ-ctcp-santomas-viet-nam.htm,2851,3275
4062,3,OTC,,SVL,CTCP Nhân lực Quốc tế Sovilaco,3270858,https://finance.vietstock.vn/SVL-ctcp-nhan-luc-quoc-te-sovilaco.htm,2852,3275
1824,3,OTC,Dịch vụ tài chính,SVS,CTCP Chứng khoán Sao Việt,0,https://finance.vietstock.vn/SVS-ctcp-chung-khoan-sao-viet.htm,2853,3275
2868,3,OTC,,SZA,CTCP Sonadezi An Bình,0,https://finance.vietstock.vn/SZA-ctcp-sonadezi-an-binh.htm,2854,3275
4081,3,OTC,Phân phối và bán lẻ hàng lâu bền,T12,CTCP Thương mại Dịch vụ Tràng Thi,54000000,https://finance.vietstock.vn/T12-ctcp-thuong-mai-dich-vu-trang-thi.htm,2855,3275
4631,3,OTC,Tư liệu sản xuất,TA3,CTCP Đầu tư và Xây lắp Thành An 386,2309908,https://finance.vietstock.vn/TA3-ctcp-dau-tu-va-xay-lap-thanh-an-386.htm,2856,3275
824,3,OTC,"Thực phẩm, đồ uống và thuốc lá",TAC,CTCP Dầu thực vật Tường An,33879648,https://finance.vietstock.vn/TAC-ctcp-dau-thuc-vat-tuong-an.htm,2857,3275
4589,3,OTC,,TAFiCO,CTCP Xi măng Fico Tây Ninh,0,https://finance.vietstock.vn/TAFiCO-ctcp-xi-mang-fico-tay-ninh.htm,2858,3275
2047,3,OTC,,TAFM,CTCP Quản lý Quỹ Đầu tư Pacific Bridge,0,https://finance.vietstock.vn/TAFM-ctcp-quan-ly-quy-dau-tu-pacific-bridge.htm,2859,3275
1734,3,OTC,Phân phối và bán lẻ hàng lâu bền,TAG,CTCP Thế Giới Số Trần Anh,24914991,https://finance.vietstock.vn/TAG-ctcp-the-gioi-so-tran-anh.htm,2860,3275
4529,3,OTC,,TAHUE,CTCP Thuận An,0,https://finance.vietstock.vn/TAHUE-ctcp-thuan-an.htm,2861,3275
2439,3,OTC,,TaiChinhBIDV,CTCP Đầu tư Tài chính BIDV,0,https://finance.vietstock.vn/TaiChinhBIDV-ctcp-dau-tu-tai-chinh-bidv.htm,2862,3275
3549,4,Khác,,TamViet,Công ty TNHH Kiểm toán Tâm Việt,0,https://finance.vietstock.vn/TamViet-cong-ty-tnhh-kiem-toan-tam-viet.htm,2863,3275
2980,3,OTC,,TanHung,CTCP Đầu tư Tấn Hưng,50000000,https://finance.vietstock.vn/TanHung-ctcp-dau-tu-tan-hung.htm,2864,3275
4202,3,OTC,,TANISUGAR,CTCP Mía đường Tây Ninh,0,https://finance.vietstock.vn/TANISUGAR-ctcp-mia-duong-tay-ninh.htm,2865,3275
2204,3,OTC,,TanLam,CTCP Nông sản Tân Lâm,1100000,https://finance.vietstock.vn/TanLam-ctcp-nong-san-tan-lam.htm,2866,3275
1503,3,OTC,,TanMai,CTCP Tập đoàn Tân Mai,78074927,https://finance.vietstock.vn/TanMai-ctcp-tap-doan-tan-mai.htm,2867,3275
3271,4,Khác,,TanManh,Công ty TNHH Thiết kế Kiến trúc Xây dựng Tấn Mạnh,0,https://finance.vietstock.vn/TanManh-cong-ty-tnhh-thiet-ke-kien-truc-xay-dung-tan-manh.htm,2868,3275
2735,3,OTC,,TanPhat,CTCP Tấn Phát,12000000,https://finance.vietstock.vn/TanPhat-ctcp-tan-phat.htm,2869,3275
2765,3,OTC,,TanTan,CTCP Tân Tân,0,https://finance.vietstock.vn/TanTan-ctcp-tan-tan.htm,2870,3275
3137,3,OTC,,TanThanhMy,CTCP Tân Thành Mỹ,2900000,https://finance.vietstock.vn/TanThanhMy-ctcp-tan-thanh-my.htm,2871,3275
2968,3,OTC,,TanTien,CTCP Dệt Tân Tiến,9671100,https://finance.vietstock.vn/TanTien-ctcp-det-tan-tien.htm,2872,3275
4376,3,OTC,Dịch vụ tiện ích,TAP,CTCP Đô thị Tân An,1416700,https://finance.vietstock.vn/TAP-ctcp-do-thi-tan-an.htm,2873,3275
4080,3,OTC,,TAPIOCA,CTCP Khoai Mì Nước Trong,0,https://finance.vietstock.vn/TAPIOCA-ctcp-khoai-mi-nuoc-trong.htm,2874,3275
2215,3,OTC,,TapPham,CTCP Xuất nhập khẩu Tạp Phẩm,0,https://finance.vietstock.vn/TapPham-ctcp-xuat-nhap-khau-tap-pham.htm,2875,3275
2384,3,OTC,,TapPhamSG,CTCP Đầu tư và Thương mại Tạp phẩm Sài Gòn,0,https://finance.vietstock.vn/TapPhamSG-ctcp-dau-tu-va-thuong-mai-tap-pham-sai-gon.htm,2876,3275
3824,3,OTC,,TARCO,CTCP Đăng kiểm Xe cơ giới Tây Ninh,0,https://finance.vietstock.vn/TARCO-ctcp-dang-kiem-xe-co-gioi-tay-ninh.htm,2877,3275
4244,4,Khác,,TARUCO,Công ty TNHH MTV Cao su 1-5 Tây Ninh,0,https://finance.vietstock.vn/TARUCO-cong-ty-tnhh-mtv-cao-su-1-5-tay-ninh.htm,2878,3275
1368,3,OTC,Dịch vụ tài chính,TAS,CTCP Chứng khoán Tràng An,13900000,https://finance.vietstock.vn/TAS-ctcp-chung-khoan-trang-an.htm,2879,3275
1745,3,OTC,,TauBienHP,CTCP Cung ứng Tàu biển Hải Phòng,0,https://finance.vietstock.vn/TauBienHP-ctcp-cung-ung-tau-bien-hai-phong.htm,2880,3275
2099,3,OTC,,TauCuoc,CTCP Tàu Cuốc,0,https://finance.vietstock.vn/TauCuoc-ctcp-tau-cuoc.htm,2881,3275
2833,3,OTC,,TayHo,CTCP Đầu Tư và Xây dựng Tây Hồ,9000000,https://finance.vietstock.vn/TayHo-ctcp-dau-tu-va-xay-dung-tay-ho.htm,2882,3275
2870,3,OTC,,TayHoHousing,CTCP Đầu tư Phát triển Nhà và Xây dựng Tây Hồ,0,https://finance.vietstock.vn/TayHoHousing-ctcp-dau-tu-phat-trien-nha-va-xay-dung-tay-ho.htm,2883,3275
3140,3,OTC,,TayHoQP,CTCP Đầu Tư và Xây lắp Tây Hồ,0,https://finance.vietstock.vn/TayHoQP-ctcp-dau-tu-va-xay-lap-tay-ho.htm,2884,3275
1535,3,OTC,,TayNinh,CTCP Đo đạc Địa chính Tây Ninh,0,https://finance.vietstock.vn/TayNinh-ctcp-do-dac-dia-chinh-tay-ninh.htm,2885,3275
4555,3,OTC,Dịch vụ tiện ích,TBN,CTCP Thoát nước và Xử lý Nước thải Bắc Ninh,4417592,https://finance.vietstock.vn/TBN-ctcp-thoat-nuoc-va-xu-ly-nuoc-thai-bac-ninh.htm,2886,3275
1168,4,Khác,Năng lượng,TC6,CTCP Than Cọc Sáu - Vinacomin,32496105,https://finance.vietstock.vn/TC6-ctcp-than-coc-sau-vinacomin.htm,2887,3275
1965,3,OTC,,TCAM,Công ty TNHH Quản lý Quỹ Thành Công,0,https://finance.vietstock.vn/TCAM-cong-ty-tnhh-quan-ly-quy-thanh-cong.htm,2888,3275
1478,4,Khác,,TCBS,CTCP Chứng khoán Kỹ thương,30000000,https://finance.vietstock.vn/TCBS-ctcp-chung-khoan-ky-thuong.htm,2889,3275
1386,4,Khác,Năng lượng,TCS,CTCP Than Cao Sơn - Vinacomin,26846773,https://finance.vietstock.vn/TCS-ctcp-than-cao-son-vinacomin.htm,2890,3275
1408,4,Khác,,TCVN,Công ty TNHH Tư vấn Đầu tư Chứng khoán TC Capital Việt Nam,0,https://finance.vietstock.vn/TCVN-cong-ty-tnhh-tu-van-dau-tu-chung-khoan-tc-capital-viet-nam.htm,2891,3275
2962,3,OTC,Nguyên vật liệu,TDA,CTCP Đầu tư Xây lắp và Vật liệu Xây dựng Đông Anh,2950000,https://finance.vietstock.vn/TDA-ctcp-dau-tu-xay-lap-va-vat-lieu-xay-dung-dong-anh.htm,2892,3275
3436,4,Khác,,TDAuditing,Công ty TNHH Kiểm toán và Tư vấn Tài chính Kế toán Thanh Đức,0,https://finance.vietstock.vn/TDAuditing-cong-ty-tnhh-kiem-toan-va-tu-van-tai-chinh-ke-toan-thanh-duc.htm,2893,3275
2885,3,OTC,,TDCorp,CTCP Phát triển Kỹ thuật Xây dựng,2500000,https://finance.vietstock.vn/TDCorp-ctcp-phat-trien-ky-thuat-xay-dung.htm,2894,3275
4924,3,OTC,Tư liệu sản xuất,TDI,CTCP Tập đoàn TDI,3000000,https://finance.vietstock.vn/TDI-ctcp-tap-doan-tdi.htm,2895,3275
3351,3,OTC,,TDLA,CTCP Bê tông Ly tâm Thủ Đức - Long An,0,https://finance.vietstock.vn/TDLA-ctcp-be-tong-ly-tam-thu-duc-long-an.htm,2896,3275
1387,4,Khác,Năng lượng,TDN,CTCP Than Đèo Nai - Vinacomin,29439097,https://finance.vietstock.vn/TDN-ctcp-than-deo-nai-vinacomin.htm,2897,3275
2453,3,OTC,Dịch vụ tiêu dùng,TEC,CTCP TRAENCO,1660340,https://finance.vietstock.vn/TEC-ctcp-traenco.htm,2898,3275
1980,4,Khác,,TechcomCapital,CTCP Quản lý Quỹ Kỹ Thương,0,https://finance.vietstock.vn/TechcomCapital-ctcp-quan-ly-quy-ky-thuong.htm,2899,3275
2485,3,OTC,,TechGen,CTCP Kỹ thuật Công nghệ Sài Gòn,0,https://finance.vietstock.vn/TechGen-ctcp-ky-thuat-cong-nghe-sai-gon.htm,2900,3275
2979,3,OTC,,Tecserco,CTCP Kỹ Thuật Thương mại Dịch vụ Cảng Sài Gòn,1998000,https://finance.vietstock.vn/Tecserco-ctcp-ky-thuat-thuong-mai-dich-vu-cang-sai-gon.htm,2901,3275
2199,3,OTC,,TediSouth,CTCP Tư vấn Thiết kế Giao thông Vận tải Phía Nam,0,https://finance.vietstock.vn/TediSouth-ctcp-tu-van-thiet-ke-giao-thong-van-tai-phia-nam.htm,2902,3275
4368,3,OTC,,TEKCAST,CTCP Công nghệ và Truyền hình,0,https://finance.vietstock.vn/TEKCAST-ctcp-cong-nghe-va-truyen-hinh.htm,2903,3275
3254,7,Campuchia,,TelecomCambodia,Công ty Viễn thông Campuchia,0,https://finance.vietstock.vn/TelecomCambodia-cong-ty-vien-thong-campuchia.htm,2904,3275
2680,3,OTC,Tư liệu sản xuất,THA,CTCP Tập đoàn Trường Hải,250000000,https://finance.vietstock.vn/THA-ctcp-tap-doan-truong-hai.htm,2905,3275
2128,3,OTC,,ThachBan,CTCP Thạch Bàn,0,https://finance.vietstock.vn/ThachBan-ctcp-thach-ban.htm,2906,3275
4077,4,Khác,,ThaiHoaCapNuoc,Công ty TNHH MTV Cấp nước Thái Hòa,0,https://finance.vietstock.vn/ThaiHoaCapNuoc-cong-ty-tnhh-mtv-cap-nuoc-thai-hoa.htm,2907,3275
2565,4,Khác,,ThangLong,Công ty TNHH Kiểm toán và Định giá Thăng Long - T.D.K,0,https://finance.vietstock.vn/ThangLong-cong-ty-tnhh-kiem-toan-va-dinh-gia-thang-long-t-d-k.htm,2908,3275
1754,3,OTC,,ThangLong9,CTCP Xây dựng Số 9 Thăng Long,0,https://finance.vietstock.vn/ThangLong9-ctcp-xay-dung-so-9-thang-long.htm,2909,3275
3400,4,Khác,,ThangLongAudit,Công ty TNHH Kiểm toán Thăng Long,0,https://finance.vietstock.vn/ThangLongAudit-cong-ty-tnhh-kiem-toan-thang-long.htm,2910,3275
4107,3,OTC,,ThangLongGTC,CTCP Thăng Long GTC,0,https://finance.vietstock.vn/ThangLongGTC-ctcp-thang-long-gtc.htm,2911,3275
1633,3,OTC,,ThangLongTSC,CTCP Cơ giới và Xây dựng Thăng Long,0,https://finance.vietstock.vn/ThangLongTSC-ctcp-co-gioi-va-xay-dung-thang-long.htm,2912,3275
1719,3,OTC,,ThanhBinh,CTCP Thanh Bình,0,https://finance.vietstock.vn/ThanhBinh-ctcp-thanh-binh.htm,2913,3275
1901,3,OTC,,ThanhCong,CTCP Thành Công,0,https://finance.vietstock.vn/ThanhCong-ctcp-thanh-cong.htm,2914,3275
3385,4,Khác,,ThanhHoaAudit,Công ty TNHH Kiểm toán Thanh Hoá,0,https://finance.vietstock.vn/ThanhHoaAudit-cong-ty-tnhh-kiem-toan-thanh-hoa.htm,2915,3275
4593,3,OTC,,ThanhHoaPort,CTCP Cảng Thanh Hóa,0,https://finance.vietstock.vn/ThanhHoaPort-ctcp-cang-thanh-hoa.htm,2916,3275
2916,3,OTC,,ThanhLe,CTCP Bao Bì Thanh Lễ,0,https://finance.vietstock.vn/ThanhLe-ctcp-bao-bi-thanh-le.htm,2917,3275
3395,4,Khác,,ThanhMinhNhat,Công ty TNHH Dịch vụ Kiểm toán Thanh Minh Nhật,0,https://finance.vietstock.vn/ThanhMinhNhat-cong-ty-tnhh-dich-vu-kiem-toan-thanh-minh-nhat.htm,2918,3275
1932,3,OTC,,ThanhNienMedia,CTCP Tập đoàn Truyền thông Thanh niên,0,https://finance.vietstock.vn/ThanhNienMedia-ctcp-tap-doan-truyen-thong-thanh-nien.htm,2919,3275
3238,3,OTC,,ThanhThanhCong,CTCP Thành Thành Công,0,https://finance.vietstock.vn/ThanhThanhCong-ctcp-thanh-thanh-cong.htm,2920,3275
3744,4,Khác,,ThanVinacomin,Tập Đoàn Công Nghiệp Than - Khoáng Sản Việt Nam,0,https://finance.vietstock.vn/ThanVinacomin-tap-doan-cong-nghiep-than-khoang-san-viet-nam.htm,2921,3275
3410,4,Khác,,ThaoNguyenXanh,Công ty TNHH Kiểm toán Thảo Nguyên Xanh,0,https://finance.vietstock.vn/ThaoNguyenXanh-cong-ty-tnhh-kiem-toan-thao-nguyen-xanh.htm,2922,3275
1383,3,OTC,,ThepDinhVu,CTCP Thép Đình Vũ,0,https://finance.vietstock.vn/ThepDinhVu-ctcp-thep-dinh-vu.htm,2923,3275
2807,3,OTC,,ThepNinhBinh,CTCP Bê tông - Thép Ninh Bình,0,https://finance.vietstock.vn/ThepNinhBinh-ctcp-be-tong-thep-ninh-binh.htm,2924,3275
3272,3,OTC,,ThepSongHong,CTCP Thép Sông Hồng,0,https://finance.vietstock.vn/ThepSongHong-ctcp-thep-song-hong.htm,2925,3275
3698,3,OTC,,ThepTanThuan,CTCP Thép Tân Thuận,0,https://finance.vietstock.vn/ThepTanThuan-ctcp-thep-tan-thuan.htm,2926,3275
2343,3,OTC,,ThepVanLoi,CTCP Thép Vạn Lợi,0,https://finance.vietstock.vn/ThepVanLoi-ctcp-thep-van-loi.htm,2927,3275
3755,3,OTC,,ThethaoHanoi,Công ty TNHH Nhà nước MTV Đầu tư - Phát triển Thể thao Hà Nội,0,https://finance.vietstock.vn/ThethaoHanoi-cong-ty-tnhh-nha-nuoc-mtv-dau-tu-phat-trien-the-thao-ha-noi.htm,2928,3275
2137,3,OTC,Tư liệu sản xuất,THI,CTCP Thiết bị Điện,48800000,https://finance.vietstock.vn/THI-ctcp-thiet-bi-dien.htm,2929,3275
3130,3,OTC,,ThienHoa,CTCP Đầu tư Tài chính Thiên Hóa,20000000,https://finance.vietstock.vn/ThienHoa-ctcp-dau-tu-tai-chinh-thien-hoa.htm,2930,3275
1271,3,OTC,,ThienHuong,CTCP Thực phẩm Thiên Hương,0,https://finance.vietstock.vn/ThienHuong-ctcp-thuc-pham-thien-huong.htm,2931,3275
839,3,OTC,,ThienKim,CTCP Thương mại Dịch vụ Du lịch Thiên Kim,0,https://finance.vietstock.vn/ThienKim-ctcp-thuong-mai-dich-vu-du-lich-thien-kim.htm,2932,3275
3483,4,Khác,,ThienVietAudit,Công ty TNHH Kiểm toán và Tư vấn Thiên Việt,0,https://finance.vietstock.vn/ThienVietAudit-cong-ty-tnhh-kiem-toan-va-tu-van-thien-viet.htm,2933,3275
2753,3,OTC,,ThietBiThuyLoi,CTCP Thiết bị Thủy Lợi,2017060,https://finance.vietstock.vn/ThietBiThuyLoi-ctcp-thiet-bi-thuy-loi.htm,2934,3275
2007,3,OTC,,Thikeco,CTCP Tư vấn Đầu tư Phát triển và Xây dựng Thikeco,0,https://finance.vietstock.vn/Thikeco-ctcp-tu-van-dau-tu-phat-trien-va-xay-dung-thikeco.htm,2935,3275
2259,3,OTC,,ThinhLiet,CTCP Đầu tư và Bê tông Thịnh Liệt,0,https://finance.vietstock.vn/ThinhLiet-ctcp-dau-tu-va-be-tong-thinh-liet.htm,2936,3275
4023,3,OTC,,THMilk,CTCP Chuỗi Thực phẩm TH,0,https://finance.vietstock.vn/THMilk-ctcp-chuoi-thuc-pham-th.htm,2937,3275
2291,3,OTC,,ThongTinEIS,CTCP Công nghệ Thông tin EIS,0,https://finance.vietstock.vn/ThongTinEIS-ctcp-cong-nghe-thong-tin-eis.htm,2938,3275
4486,3,OTC,Vận tải,THR,CTCP Đường sắt Thuận Hải,1688860,https://finance.vietstock.vn/THR-ctcp-duong-sat-thuan-hai.htm,2939,3275
4487,3,OTC,,ThuanAn,CTCP Thương mại Tổng hợp Thuận An,0,https://finance.vietstock.vn/ThuanAn-ctcp-thuong-mai-tong-hop-thuan-an.htm,2940,3275
3559,4,Khác,,ThuDo,Công ty TNHH Kiểm toán Tư vấn Thủ Đô,0,https://finance.vietstock.vn/ThuDo-cong-ty-tnhh-kiem-toan-tu-van-thu-do.htm,2941,3275
3857,3,OTC,,ThuThiemDIC,CTCP Đầu tư Phát triển Thủ Thiêm,0,https://finance.vietstock.vn/ThuThiemDIC-ctcp-dau-tu-phat-trien-thu-thiem.htm,2942,3275
3521,4,Khác,,ThuychungAudit,Công ty TNHH Kiểm toán Thuỷ Chung,0,https://finance.vietstock.vn/ThuychungAudit-cong-ty-tnhh-kiem-toan-thuy-chung.htm,2943,3275
4208,4,Khác,,ThuyLoiDienBien,Công ty TNHH Xây dựng Và Dịch vụ Thủy lợi Tỉnh Điện Biên,0,https://finance.vietstock.vn/ThuyLoiDienBien-cong-ty-tnhh-xay-dung-va`-dich-vu-thuy-loi-tinh-dien-bien.htm,2944,3275
2331,3,OTC,,ThuySanKienGiang,CTCP Khai thác Thủy sản Kiên Giang,0,https://finance.vietstock.vn/ThuySanKienGiang-ctcp-khai-thac-thuy-san-kien-giang.htm,2945,3275
2720,3,OTC,"Thực phẩm, đồ uống và thuốc lá",THV,CTCP Tập đoàn Thái Hòa Việt Nam,0,https://finance.vietstock.vn/THV-ctcp-tap-doan-thai-hoa-viet-nam.htm,2946,3275
1814,4,Khác,Dịch vụ tiện ích,TIC,CTCP Đầu tư Điện Tây Nguyên,24656988,https://finance.vietstock.vn/TIC-ctcp-dau-tu-dien-tay-nguyen.htm,2947,3275
2220,3,OTC,,Tico,CTCP TICO,0,https://finance.vietstock.vn/Tico-ctcp-tico.htm,2948,3275
4247,4,Khác,,TIIDC,Công ty TNHH MTV Đầu tư Phát triển Hạ tầng Thanh Hóa,0,https://finance.vietstock.vn/TIIDC-cong-ty-tnhh-mtv-dau-tu-phat-trien-ha-tang-thanh-hoa.htm,2949,3275
4942,4,Khác,,TIKI,Công ty TNHH TI KI,0,https://finance.vietstock.vn/TIKI-cong-ty-tnhh-ti-ki.htm,2950,3275
2914,3,OTC,,TinHieu,CTCP Viễn Thông - Tín Hiệu Đường sắt,0,https://finance.vietstock.vn/TinHieu-ctcp-vien-thong-tin-hieu-duong-sat.htm,2951,3275
2935,3,OTC,,TinHoang,CTCP khoáng Sản Tín Hoằng,11016286,https://finance.vietstock.vn/TinHoang-ctcp-khoang-san-tin-hoang.htm,2952,3275
1773,4,Khác,,TinNghiaBank,Ngân hàng TMCP Việt Nam Tín Nghĩa,458800000,https://finance.vietstock.vn/TinNghiaBank-ngan-hang-tmcp-viet-nam-tin-nghia.htm,2953,3275
3217,3,OTC,,TinNghiaPetro,CTCP Xăng dầu Tín Nghĩa,21343760,https://finance.vietstock.vn/TinNghiaPetro-ctcp-xang-dau-tin-nghia.htm,2954,3275
2780,3,OTC,,Titco,CTCP Sản xuất và Thương mại Hàng Xuất khẩu Tân Bình,1245150,https://finance.vietstock.vn/Titco-ctcp-san-xuat-va-thuong-mai-hang-xuat-khau-tan-binh.htm,2955,3275
3335,3,OTC,,TKR,CTCP Cao su Tân Biên - Kampongthom,0,https://finance.vietstock.vn/TKR-ctcp-cao-su-tan-bien-kampongthom.htm,2956,3275
1341,3,OTC,,TKSC,CTCP Chứng khoán Tonkin,15000000,https://finance.vietstock.vn/TKSC-ctcp-chung-khoan-tonkin.htm,2957,3275
3401,4,Khác,,TKTAudit,Công ty TNHH Kiểm toán và Tư vấn TKT,0,https://finance.vietstock.vn/TKTAudit-cong-ty-tnhh-kiem-toan-va-tu-van-tkt.htm,2958,3275
981,3,OTC,Dịch vụ viễn thông,TLC,CTCP Viễn thông Thăng Long,0,https://finance.vietstock.vn/TLC-ctcp-vien-thong-thang-long.htm,2959,3275
1972,3,OTC,,TLCF,CTCP Quản lý Quỹ FIDES (VIỆT NAM),0,https://finance.vietstock.vn/TLCF-ctcp-quan-ly-quy-fides-viet-nam.htm,2960,3275
3149,3,OTC,,TLG6,CTCP Xây dựng số 6 Thăng Long,0,https://finance.vietstock.vn/TLG6-ctcp-xay-dung-so-6-thang-long.htm,2961,3275
3166,3,OTC,,TLMECO,CTCP Cơ khí 4 và Xây dựng Thăng Long,2057921,https://finance.vietstock.vn/TLMECO-ctcp-co-khi-4-va-xay-dung-thang-long.htm,2962,3275
2071,3,OTC,,TMD,CTCP Thương mại và Đại lý Dầu Tỉnh Bà Rịa - Vũng Tàu,4513859,https://finance.vietstock.vn/TMD-ctcp-thuong-mai-va-dai-ly-dau-tinh-ba-ria-vung-tau.htm,2963,3275
4108,4,Khác,,TMDTKH,CTCP Thương mại và Đầu tư Khánh Hòa,0,https://finance.vietstock.vn/TMDTKH-ctcp-thuong-mai-va-dau-tu-khanh-hoa.htm,2964,3275
4249,3,OTC,,TMMNThanhHoa,CTCP Thương mại Miền Núi Thanh Hóa,0,https://finance.vietstock.vn/TMMNThanhHoa-ctcp-thuong-mai-mien-nui-thanh-hoa.htm,2965,3275
2147,3,OTC,,TMPhuongDong,CTCP Sản xuất và Thương mại Phương Đông,0,https://finance.vietstock.vn/TMPhuongDong-ctcp-san-xuat-va-thuong-mai-phuong-dong.htm,2966,3275
1539,3,OTC,,TMQN,CTCP Thương mại Quảng Ninh,0,https://finance.vietstock.vn/TMQN-ctcp-thuong-mai-quang-ninh.htm,2967,3275
4943,4,Khác,,TMXDDongDuong,CTCP Thương mại và Xây dựng Đông Dương,0,https://finance.vietstock.vn/TMXDDongDuong-ctcp-thuong-mai-va-xay-dung-dong-duong.htm,2968,3275
3562,4,Khác,Năng lượng,TND,CTCP Than Tây Nam Đá mài - Vinacomin,16000000,https://finance.vietstock.vn/TND-ctcp-than-tay-nam-da-mai-vinacomin.htm,2969,3275
2110,3,OTC,Tư liệu sản xuất,TNY,CTCP Đầu tư Xây dựng Thanh Niên,3000000,https://finance.vietstock.vn/TNY-ctcp-dau-tu-xay-dung-thanh-nien.htm,2970,3275
2051,3,OTC,,ToanCau,CTCP Bảo hiểm Toàn cầu,0,https://finance.vietstock.vn/ToanCau-ctcp-bao-hiem-toan-cau.htm,2971,3275
1284,3,OTC,,ToanThinhPhat,CTCP Đầu tư - Kiến trúc - Xây dựng Toàn Thịnh Phát,30000000,https://finance.vietstock.vn/ToanThinhPhat-ctcp-dau-tu-kien-truc-xay-dung-toan-thinh-phat.htm,2972,3275
1278,3,OTC,,Todimax,CTCP Điện máy Thành phố Hồ Chí Minh,0,https://finance.vietstock.vn/Todimax-ctcp-dien-may-thanh-pho-ho-chi-minh.htm,2973,3275
3656,3,OTC,,TourismHCM,CTCP Du lịch Việt Nam Thành phố Hồ Chí Minh,0,https://finance.vietstock.vn/TourismHCM-ctcp-du-lich-viet-nam-thanh-pho-ho-chi-minh.htm,2974,3275
1973,3,OTC,,TPF,Công Ty TNHH Quản Lý Quỹ Mirae Asset (Việt Nam),0,https://finance.vietstock.vn/TPF-cong-ty-tnhh-quan-ly-quy-mirae-asset-viet-nam.htm,2975,3275
2771,3,OTC,,TraBac,CTCP Trà Bắc,3284988,https://finance.vietstock.vn/TraBac-ctcp-tra-bac.htm,2976,3275
3863,3,OTC,,TRACIMEXCO,CTCP Xuất nhập khẩu và Hợp tác Đầu tư GTVT,0,https://finance.vietstock.vn/TRACIMEXCO-ctcp-xuat-nhap-khau-va-hop-tac-dau-tu-gtvt.htm,2977,3275
2098,3,OTC,,Tracomeco,CTCP Cơ khí - Xây dựng Giao thông,0,https://finance.vietstock.vn/Tracomeco-ctcp-co-khi-xay-dung-giao-thong.htm,2978,3275
3805,4,Khác,,TRANCINWA,Công ty TNHH MTV Vận tải và Xếp dỡ Đường thủy Nội địa,0,https://finance.vietstock.vn/TRANCINWA-cong-ty-tnhh-mtv-van-tai-va-xep-do-duong-thuy-noi-dia.htm,2979,3275
1738,3,OTC,,TrangAn,CTCP Tràng An,0,https://finance.vietstock.vn/TrangAn-ctcp-trang-an.htm,2980,3275
3001,3,OTC,,TranPhu,CTCP Cơ điện Trần Phú,0,https://finance.vietstock.vn/TranPhu-ctcp-co-dien-tran-phu.htm,2981,3275
44,3,OTC,"Thực phẩm, đồ uống và thuốc lá",TRI,CTCP Nước giải khát Sài Gòn,27548360,https://finance.vietstock.vn/TRI-ctcp-nuoc-giai-khat-sai-gon.htm,2982,3275
3074,3,OTC,,TRICO,CTCP Đầu tư Thương mại và Xây dựng Giao thông I,8000000,https://finance.vietstock.vn/TRICO-ctcp-dau-tu-thuong-mai-va-xay-dung-giao-thong-i.htm,2983,3275
1261,3,OTC,,TrieuAn,CTCP Bệnh viện Đa khoa tư nhân Triều An,49000000,https://finance.vietstock.vn/TrieuAn-ctcp-benh-vien-da-khoa-tu-nhan-trieu-an.htm,2984,3275
3898,3,OTC,,TriThucDoanhNghiep,CTCP Tri thức Doanh nghiệp Quốc tế,0,https://finance.vietstock.vn/TriThucDoanhNghiep-ctcp-tri-thuc-doanh-nghiep-quoc-te.htm,2985,3275
3375,4,Khác,,TriThucViet,Công ty TNHH Tri Thức Việt,0,https://finance.vietstock.vn/TriThucViet-cong-ty-tnhh-tri-thuc-viet.htm,2986,3275
3517,4,Khác,,TriTue,Công ty Hợp danh Kiểm toán Trí tuệ,0,https://finance.vietstock.vn/TriTue-cong-ty-hop-danh-kiem-toan-tri-tue.htm,2987,3275
4690,3,OTC,,TrungNguyenInvest,CTCP Đầu tư Trung Nguyên,0,https://finance.vietstock.vn/TrungNguyenInvest-ctcp-dau-tu-trung-nguyen.htm,2988,3275
3541,4,Khác,,TrungTinDuc,Công ty TNHH Tư vấn - Kiểm toán Trung Tín Đức,0,https://finance.vietstock.vn/TrungTinDuc-cong-ty-tnhh-tu-van-kiem-toan-trung-tin-duc.htm,2989,3275
2743,3,OTC,,TruongSon,CTCP Trường Sơn Hà Nội,0,https://finance.vietstock.vn/TruongSon-ctcp-truong-son-ha-noi.htm,2990,3275
3233,3,OTC,,TruongSonJSC,CTCP Trường Sơn,3500000,https://finance.vietstock.vn/TruongSonJSC-ctcp-truong-son.htm,2991,3275
3497,4,Khác,,TruongThanhAudit,Công ty TNHH Kiểm toán Trường Thành,0,https://finance.vietstock.vn/TruongThanhAudit-cong-ty-tnhh-kiem-toan-truong-thanh.htm,2992,3275
3976,4,Khác,,TruongThinhICC,Công ty TNHH MTV Đầu tư Xây dựng Trường Thịnh,0,https://finance.vietstock.vn/TruongThinhICC-cong-ty-tnhh-mtv-dau-tu-xay-dung-truong-thinh.htm,2993,3275
4577,3,OTC,Tư liệu sản xuất,TS5,CTCP Trường Sơn 145,314122,https://finance.vietstock.vn/TS5-ctcp-truong-son-145.htm,2994,3275
2135,3,OTC,Nguyên vật liệu,TSM,CTCP Xi măng Tiên Sơn Hà Tây,2936140,https://finance.vietstock.vn/TSM-ctcp-xi-mang-tien-son-ha-tay.htm,2995,3275
1477,3,OTC,,TSS,CTCP Chứng khoán Trường Sơn,4100000,https://finance.vietstock.vn/TSS-ctcp-chung-khoan-truong-son.htm,2996,3275
3219,3,OTC,,TTCExpress,CTCP Chuyển phát nhanh Tín Thành,0,https://finance.vietstock.vn/TTCExpress-ctcp-chuyen-phat-nhanh-tin-thanh.htm,2997,3275
2864,3,OTC,"Thực phẩm, đồ uống và thuốc lá",TTJ,CTCP Thủy Tạ,3000000,https://finance.vietstock.vn/TTJ-ctcp-thuy-ta.htm,2998,3275
1647,3,OTC,"Thực phẩm, đồ uống và thuốc lá",TTR,CTCP Du lịch Thương mại và Đầu Tư,1993393,https://finance.vietstock.vn/TTR-ctcp-du-lich-thuong-mai-va-dau-tu.htm,2999,3275
4392,3,OTC,Vận tải,TTV,CTCP Thông tin Tín hiệu Đường sắt Vinh,1313800,https://finance.vietstock.vn/TTV-ctcp-thong-tin-tin-hieu-duong-sat-vinh.htm,3000,3275
3554,4,Khác,,TuvanAPEC,Công ty TNHH Kiểm toán và Tư vấn APEC,0,https://finance.vietstock.vn/TuvanAPEC-cong-ty-tnhh-kiem-toan-va-tu-van-apec.htm,3001,3275
2969,3,OTC,,TuyPhuoc,CTCP Xây lắp Điện Tuy Phước,0,https://finance.vietstock.vn/TuyPhuoc-ctcp-xay-lap-dien-tuy-phuoc.htm,3002,3275
3495,4,Khác,,TVAC,Công ty TNHH Kiểm toán và Tư vấn Tín Việt,0,https://finance.vietstock.vn/TVAC-cong-ty-tnhh-kiem-toan-va-tu-van-tin-viet.htm,3003,3275
1949,3,OTC,,TVAM,CTCP Quản lý Quỹ Thiên Việt,12500000,https://finance.vietstock.vn/TVAM-ctcp-quan-ly-quy-thien-viet.htm,3004,3275
3677,3,OTC,,TVFC,Công ty Tài chính TNHH MTV Cộng Đồng,0,https://finance.vietstock.vn/TVFC-cong-ty-tai-chinh-tnhh-mtv-cong-dong.htm,3005,3275
3349,3,OTC,,TVI,CTCP Đầu tư Truyền hình,0,https://finance.vietstock.vn/TVI-ctcp-dau-tu-truyen-hinh.htm,3006,3275
1941,3,OTC,,TVMC,CTCP Quản lý Quỹ đầu tư Thành Việt,0,https://finance.vietstock.vn/TVMC-ctcp-quan-ly-quy-dau-tu-thanh-viet.htm,3007,3275
2171,3,OTC,"Dược phẩm, Công nghệ sinh học và Khoa học thường thức",TVP,CTCP Dược phẩm TV.Pharm,29493529,https://finance.vietstock.vn/TVP-ctcp-duoc-pham-tv-pharm.htm,3008,3275
1372,3,OTC,,TVSI,CTCP Chứng khoán Tân Việt,500000000,https://finance.vietstock.vn/TVSI-ctcp-chung-khoan-tan-viet.htm,3009,3275
4402,3,OTC,Dịch vụ tiện ích,TVU,CTCP Công trình Đô thị Trà Vinh,1750000,https://finance.vietstock.vn/TVU-ctcp-cong-trinh-do-thi-tra-vinh.htm,3010,3275
4296,3,OTC,Dịch vụ tiện ích,TVW,CTCP Cấp thoát nước Trà Vinh,14597860,https://finance.vietstock.vn/TVW-ctcp-cap-thoat-nuoc-tra-vinh.htm,3011,3275
3350,3,OTC,,UAMC,CTCP Cơ khí Ôtô Uông Bí,0,https://finance.vietstock.vn/UAMC-ctcp-co-khi-oto-uong-bi.htm,3012,3275
2575,4,Khác,,UHY,Công ty TNHH Dịch vụ Kiểm toán và Tư vấn UHY,0,https://finance.vietstock.vn/UHY-cong-ty-tnhh-dich-vu-kiem-toan-va-tu-van-uhy.htm,3013,3275
3525,4,Khác,,UIAudit,Công ty TNHH Kiểm toán U&I,0,https://finance.vietstock.vn/UIAudit-cong-ty-tnhh-kiem-toan-ui.htm,3014,3275
1992,4,Khác,,UICVN,Công ty Bảo hiểm Liên Hiệp,0,https://finance.vietstock.vn/UICVN-cong-ty-bao-hiem-lien-hiep.htm,3015,3275
1273,4,Khác,,Unicons,Công ty TNHH Đầu tư Xây dựng Unicons,0,https://finance.vietstock.vn/Unicons-cong-ty-tnhh-dau-tu-xay-dung-unicons.htm,3016,3275
4174,4,Khác,,UnimexHanoi,Công ty TNHH MTV Xuất nhập khẩu và Đầu tư Hà Nội,0,https://finance.vietstock.vn/UnimexHanoi-cong-ty-tnhh-mtv-xuat-nhap-khau-va`-dau-tu-ha-noi.htm,3017,3275
3425,4,Khác,,UNISTARS,Công ty TNHH Kiểm toán Quốc tế UNISTARS,0,https://finance.vietstock.vn/UNISTARS-cong-ty-tnhh-kiem-toan-quoc-te-unistars.htm,3018,3275
1945,3,OTC,,UOBAM,CTCP Quản lý Quỹ UOB Asset Management (Việt Nam),0,https://finance.vietstock.vn/UOBAM-ctcp-quan-ly-quy-uob-asset-management-viet-nam.htm,3019,3275
4961,4,Khác,,UOBBank,Ngân hàng TNHH MTV United Overseas Bank (Việt Nam),0,https://finance.vietstock.vn/UOBBank-ngan-hang-tnhh-mtv-united-overseas-bank-viet-nam.htm,3020,3275
2358,3,OTC,,Upexim,CTCP Sản xuất - Xuất nhập khẩu Lâm sản và Hàng tiểu thủ Công nghiệp,4000000,https://finance.vietstock.vn/Upexim-ctcp-san-xuat-xuat-nhap-khau-lam-san-va-hang-tieu-thu-cong-nghiep.htm,3021,3275
4794,4,Khác,,USCInterco,CTCP Tư vấn Đầu tư Quốc tế và Dịch vụ Thương mại USC,0,https://finance.vietstock.vn/USCInterco-ctcp-tu-van-dau-tu-quoc-te-va-dich-vu-thuong-mai-usc.htm,3022,3275
1294,3,OTC,,UXC,CTCP Chế biến Thủy sản Út Xi,19500000,https://finance.vietstock.vn/UXC-ctcp-che-bien-thuy-san-ut-xi.htm,3023,3275
2907,3,OTC,,V45,CTCP Đầu Tư và Xây dựng Số 45,7970000,https://finance.vietstock.vn/V45-ctcp-dau-tu-va-xay-dung-so-45.htm,3024,3275
2566,4,Khác,,VAAC,Công ty TNHH Kiểm toán và Kế toán Việt Nam,0,https://finance.vietstock.vn/VAAC-cong-ty-tnhh-kiem-toan-va-ke-toan-viet-nam.htm,3025,3275
2552,4,Khác,,VAC,Công ty TNHH Kiểm toán Vũng Tàu,0,https://finance.vietstock.vn/VAC-cong-ty-tnhh-kiem-toan-vung-tau.htm,3026,3275
3382,4,Khác,,VACA,Công ty TNHH Tư vấn Kiểm toán Vạn An,0,https://finance.vietstock.vn/VACA-cong-ty-tnhh-tu-van-kiem-toan-van-an.htm,3027,3275
3428,4,Khác,,VACO,Công ty TNHH Kiểm toán VACO,0,https://finance.vietstock.vn/VACO-cong-ty-tnhh-kiem-toan-vaco.htm,3028,3275
3540,4,Khác,,VACPA,Công ty TNHH Kiểm toán và Kế toán Độc lập Việt Nam,0,https://finance.vietstock.vn/VACPA-cong-ty-tnhh-kiem-toan-va-ke-toan-doc-lap-viet-nam.htm,3029,3275
2562,4,Khác,,VAE,Công ty TNHH Kiểm toán và Định giá VN,0,https://finance.vietstock.vn/VAE-cong-ty-tnhh-kiem-toan-va-dinh-gia-vn.htm,3030,3275
3751,4,Khác,,Vafaco,CTCP Vật phẩm Văn hóa Sài Gòn,0,https://finance.vietstock.vn/Vafaco-ctcp-vat-pham-van-hoa-sai-gon.htm,3031,3275
1737,3,OTC,,VanDiem,CTCP Thực phẩm Vạn Điểm,0,https://finance.vietstock.vn/VanDiem-ctcp-thuc-pham-van-diem.htm,3032,3275
2482,3,OTC,,VangAgribank,CTCP Vàng bạc đá quý ASEAN,0,https://finance.vietstock.vn/VangAgribank-ctcp-vang-bac-da-quy-asean.htm,3033,3275
1546,3,OTC,,VangBacNJC,CTCP Thương mại Vàng bạc Đá quý Phương Nam - NJC,0,https://finance.vietstock.vn/VangBacNJC-ctcp-thuong-mai-vang-bac-da-quy-phuong-nam-njc.htm,3034,3275
2702,3,OTC,,VanPhucGia,CTCP Đầu tư Vạn Phúc Gia,5000000,https://finance.vietstock.vn/VanPhucGia-ctcp-dau-tu-van-phuc-gia.htm,3035,3275
3187,3,OTC,,VanTaiThuy3,CTCP Vận tải Thủy Số 3,1900000,https://finance.vietstock.vn/VanTaiThuy3-ctcp-van-tai-thuy-so-3.htm,3036,3275
4667,4,Khác,,VanTuong,Công ty TNHH MTV Đầu tư Xây dựng Vạn Tường,0,https://finance.vietstock.vn/VanTuong-cong-ty-tnhh-mtv-dau-tu-xay-dung-van-tuong.htm,3037,3275
3235,3,OTC,,VASC,CTCP Giáo dục Quốc tế Việt Úc,8200000,https://finance.vietstock.vn/VASC-ctcp-giao-duc-quoc-te-viet-uc.htm,3038,3275
2056,3,OTC,,VASS,CTCP Bảo hiểm Viễn Đông,0,https://finance.vietstock.vn/VASS-ctcp-bao-hiem-vien-dong.htm,3039,3275
2645,3,OTC,Dịch vụ chuyên biệt và thương mại,VAT,CTCP Viễn thông Vạn Xuân,4612953,https://finance.vietstock.vn/VAT-ctcp-vien-thong-van-xuan.htm,3040,3275
4431,4,Khác,,Vatuco378,CTCP Vatuco.378,0,https://finance.vietstock.vn/Vatuco378-ctcp-vatuco-378.htm,3041,3275
2083,4,Khác,,VBI,Công ty TNHH MTV Bảo hiểm Ngân hàng TMCP Công thương Việt Nam ,0,https://finance.vietstock.vn/VBI-cong-ty-tnhh-mtv-bao-hiem-ngan-hang-tmcp-cong-thuong-viet-nam.htm,3042,3275
1164,4,Khác,,VBSP,Ngân hàng Chính sách xã hội Việt Nam,0,https://finance.vietstock.vn/VBSP-ngan-hang-chinh-sach-xa-hoi-viet-nam.htm,3043,3275
3648,3,OTC,,VCAMBF,Quỹ đầu tư Cân bằng Bản Việt,5431408,https://finance.vietstock.vn/VCAMBF-quy-dau-tu-can-bang-ban-viet.htm,3044,3275
1977,4,Khác,,VCBF,Công ty TNHH Quản Lý Quỹ Đầu Tư Chứng Khoán Vietcombank (VCBF),0,https://finance.vietstock.vn/VCBF-cong-ty-tnhh-quan-ly-quy-dau-tu-chung-khoan-vietcombank-vcbf.htm,3045,3275
1483,4,Khác,,VCBS,Công ty TNHH Chứng khoán Ngân hàng TMCP Ngoại thương Việt Nam,70000000,https://finance.vietstock.vn/VCBS-cong-ty-tnhh-chung-khoan-ngan-hang-tmcp-ngoai-thuong-viet-nam.htm,3046,3275
3013,3,OTC,,VCFC,Công ty Tài chính TNHH MTV Lotte Việt Nam,60000000,https://finance.vietstock.vn/VCFC-cong-ty-tai-chinh-tnhh-mtv-lotte-viet-nam.htm,3047,3275
2342,3,OTC,Tư liệu sản xuất,VCH,CTCP Đầu tư Xây dựng và Phát triển Hạ tầng Vinaconex,0,https://finance.vietstock.vn/VCH-ctcp-dau-tu-xay-dung-va-phat-trien-ha-tang-vinaconex.htm,3048,3275
3244,4,Khác,,VCHF,Quỹ Thành viên Y tế Bản Việt,0,https://finance.vietstock.vn/VCHF-quy-thanh-vien-y-te-ban-viet.htm,3049,3275
3093,3,OTC,,VCN,CTCP Đầu tư VCN,6000000,https://finance.vietstock.vn/VCN-ctcp-dau-tu-vcn.htm,3050,3275
3378,4,Khác,,VCPA,Công ty TNHH Kiểm toán Việt Tin,0,https://finance.vietstock.vn/VCPA-cong-ty-tnhh-kiem-toan-viet-tin.htm,3051,3275
2901,3,OTC,,VCTN,CTCP Tập đoàn Vật liệu Chịu Lửa Thái Nguyên,0,https://finance.vietstock.vn/VCTN-ctcp-tap-doan-vat-lieu-chiu-lua-thai-nguyen.htm,3052,3275
2627,3,OTC,Vận tải,VCV,CTCP Vận tải Vinaconex,11007183,https://finance.vietstock.vn/VCV-ctcp-van-tai-vinaconex.htm,3053,3275
3404,4,Khác,,VDAC,Công ty TNHH Kiểm toán Tư vấn Rồng Việt,0,https://finance.vietstock.vn/VDAC-cong-ty-tnhh-kiem-toan-tu-van-rong-viet.htm,3054,3275
3854,4,Khác,,VDAHauGiang,CTCP Thương mại - Dịch vụ VDA Hậu Giang,0,https://finance.vietstock.vn/VDAHauGiang-ctcp-thuong-mai-dich-vu-vda-hau-giang.htm,3055,3275
1983,4,Khác,,VDBank,Ngân hàng Phát triển Việt Nam,0,https://finance.vietstock.vn/VDBank-ngan-hang-phat-trien-viet-nam.htm,3056,3275
4656,3,OTC,Dịch vụ chuyên biệt và thương mại,VDM,Viện Dệt May,5000000,https://finance.vietstock.vn/VDM-vien-det-may.htm,3057,3275
1373,3,OTC,,VDSE,CTCP Chứng khoán Viễn Đông,0,https://finance.vietstock.vn/VDSE-ctcp-chung-khoan-vien-dong.htm,3058,3275
4932,3,OTC,,VECVN,Tổng công ty Đầu tư phát triển đường cao tốc Việt Nam (VEC),0,https://finance.vietstock.vn/VECVN-tong-cong-ty-dau-tu-phat-trien-duong-cao-toc-viet-nam-vec.htm,3059,3275
2216,3,OTC,Tư liệu sản xuất,VEE,CTCP Thiết bị Điện Cẩm Phả,10185820,https://finance.vietstock.vn/VEE-ctcp-thiet-bi-dien-cam-pha.htm,3060,3275
4116,3,OTC,,Vegetexco,"Tổng Công ty Rau Quả, Nông Sản - CTCP",0,https://finance.vietstock.vn/Vegetexco-tong-cong-ty-rau-qua-nong-san-ctcp.htm,3061,3275
1711,3,OTC,,Vegetigi,CTCP Rau quả Tiền Giang,0,https://finance.vietstock.vn/Vegetigi-ctcp-rau-qua-tien-giang.htm,3062,3275
2275,3,OTC,,Vemedim,CTCP Sản xuất Kinh doanh Vật tư và Thuốc Thú y,0,https://finance.vietstock.vn/Vemedim-ctcp-san-xuat-kinh-doanh-vat-tu-va-thuoc-thu-y.htm,3063,3275
3717,3,OTC,,VEOF,Quỹ đầu tư Cổ phiếu Hưng Thịnh Vinacapital,0,https://finance.vietstock.vn/VEOF-quy-dau-tu-co-phieu-hung-thinh-vinacapital.htm,3064,3275
3248,4,Khác,,VF2,Quỹ đầu tư Tăng trưởng Việt Nam,0,https://finance.vietstock.vn/VF2-quy-dau-tu-tang-truong-viet-nam.htm,3065,3275
3426,4,Khác,,VFAAudit,Công ty TNHH Kiểm toán VFA,0,https://finance.vietstock.vn/VFAAudit-cong-ty-tnhh-kiem-toan-vfa.htm,3066,3275
5690,4,Khác,,VFMK,CTCP Quản lý quỹ đầu tư Việt Nam (VFM),0,https://finance.vietstock.vn/VFMK-ctcp-quan-ly-quy-dau-tu-viet-nam-vfm.htm,3067,3275
1279,3,OTC,Dịch vụ tài chính,VFMVF1,Quỹ Đầu tư Chứng khoán Năng động DC,100000000,https://finance.vietstock.vn/VFMVF1-quy-dau-tu-chung-khoan-nang-dong-dc.htm,3068,3275
1155,3,OTC,Dịch vụ tài chính,VFMVF4,Quỹ Đầu tư Doanh nghiệp Hàng đầu DC,80646000,https://finance.vietstock.vn/VFMVF4-quy-dau-tu-doanh-nghiep-hang-dau-dc.htm,3069,3275
2616,3,OTC,Dịch vụ tài chính,VFMVFA,Quỹ đầu tư Năng Động Việt Nam,24043760,https://finance.vietstock.vn/VFMVFA-quy-dau-tu-nang-dong-viet-nam.htm,3070,3275
4232,3,OTC,Phân phối và bán lẻ hàng lâu bền,VHI,CTCP Kinh doanh và Đầu tư Việt Hà,76900000,https://finance.vietstock.vn/VHI-ctcp-kinh-doanh-va-dau-tu-viet-ha.htm,3071,3275
2169,3,OTC,"Thực phẩm, đồ uống và thuốc lá",VIA,CTCP  Vian,1200000,https://finance.vietstock.vn/VIA-ctcp-vian.htm,3072,3275
3531,4,Khác,,VIAAudit,Công ty TNHH Kiểm toán Quốc gia VIA,0,https://finance.vietstock.vn/VIAAudit-cong-ty-tnhh-kiem-toan-quoc-gia-via.htm,3073,3275
2376,3,OTC,,Viapco,CTCP Pin Ắc quy Vĩnh Phú,0,https://finance.vietstock.vn/Viapco-ctcp-pin-ac-quy-vinh-phu.htm,3074,3275
1985,4,Khác,,VIAVietNam,Công ty Liên doanh Bảo hiểm Quốc tế Việt Nam,0,https://finance.vietstock.vn/VIAVietNam-cong-ty-lien-doanh-bao-hiem-quoc-te-viet-nam.htm,3075,3275
2320,3,OTC,,Vibex,CTCP Bê tông Xây dựng Hà Nội,0,https://finance.vietstock.vn/Vibex-ctcp-be-tong-xay-dung-ha-noi.htm,3076,3275
5702,3,OTC,,VICEM,Tổng công ty Xi măng Việt Nam,0,https://finance.vietstock.vn/VICEM-tong-cong-ty-xi-mang-viet-nam.htm,3077,3275
2148,3,OTC,,Vicopharm,CTCP Dược Vacopharm,2740000,https://finance.vietstock.vn/Vicopharm-ctcp-duoc-vacopharm.htm,3078,3275
4012,3,OTC,,VICOSA,CTCP Đại lý Hàng hải - Vinacomin,0,https://finance.vietstock.vn/VICOSA-ctcp-dai-ly-hang-hai-vinacomin.htm,3079,3275
1216,4,Khác,,VIDBank,Ngân hàng TNHH MTV Public Việt Nam,0,https://finance.vietstock.vn/VIDBank-ngan-hang-tnhh-mtv-public-viet-nam.htm,3080,3275
3214,3,OTC,,VIDOCO,CTCP Thiết kế Xây lắp Viễn Đông,4000000,https://finance.vietstock.vn/VIDOCO-ctcp-thiet-ke-xay-lap-vien-dong.htm,3081,3275
4647,3,OTC,,VienthongBacLieu,CTCP Đầu tư - Xây lắp Viễn thông Bạc Liêu,0,https://finance.vietstock.vn/VienthongBacLieu-ctcp-dau-tu-xay-lap-vien-thong-bac-lieu.htm,3082,3275
4650,3,OTC,,VienthongBacMT,CTCP Phát triển Viễn thông Bắc Miền Trung,0,https://finance.vietstock.vn/VienthongBacMT-ctcp-phat-trien-vien-thong-bac-mien-trung.htm,3083,3275
4520,3,OTC,,VienthongCT,CTCP Đầu tư Xây dựng Viễn thông Cần Thơ,0,https://finance.vietstock.vn/VienthongCT-ctcp-dau-tu-xay-dung-vien-thong-can-tho.htm,3084,3275
4642,3,OTC,,VienthongDaLat,CTCP Dịch vụ Thương mại và Xây lắp Viễn thông Đà Lạt,0,https://finance.vietstock.vn/VienthongDaLat-ctcp-dich-vu-thuong-mai-va-xay-lap-vien-thong-da-lat.htm,3085,3275
2422,3,OTC,,VienThongDongDo,CTCP Viễn thông Đông Đô,0,https://finance.vietstock.vn/VienThongDongDo-ctcp-vien-thong-dong-do.htm,3086,3275
4460,3,OTC,,VienThongDongThap,CTCP Đầu tư Xây dựng Viễn thông Đồng Tháp,0,https://finance.vietstock.vn/VienThongDongThap-ctcp-dau-tu-xay-dung-vien-thong-dong-thap.htm,3087,3275
3538,4,Khác,,VietAnh,Công ty TNHH Kiểm toán Việt Anh,0,https://finance.vietstock.vn/VietAnh-cong-ty-tnhh-kiem-toan-viet-anh.htm,3088,3275
2597,4,Khác,,VietAuditors,Công ty TNHH Kiểm toán và Đầu tư Tài chính Nam Việt,0,https://finance.vietstock.vn/VietAuditors-cong-ty-tnhh-kiem-toan-va-dau-tu-tai-chinh-nam-viet.htm,3089,3275
3563,3,OTC,,VietBac,CTCP Bất động sản Việt Bắc,0,https://finance.vietstock.vn/VietBac-ctcp-bat-dong-san-viet-bac.htm,3090,3275
4082,4,Khác,,Vietbook,Công ty TNHH MTV Sách và Thương mại Hà Nội,0,https://finance.vietstock.vn/Vietbook-cong-ty-tnhh-mtv-sach-va-thuong-mai-ha-noi.htm,3091,3275
1956,3,OTC,,VietCapital,CTCP Quản lý Quỹ Đầu tư Chứng khoán Bản Việt,0,https://finance.vietstock.vn/VietCapital-ctcp-quan-ly-quy-dau-tu-chung-khoan-ban-viet.htm,3092,3275
3332,3,OTC,,VietCeramics,CTCP Quốc tế Gốm sứ Việt,0,https://finance.vietstock.vn/VietCeramics-ctcp-quoc-te-gom-su-viet.htm,3093,3275
3413,4,Khác,,VIETCPA,Công ty TNHH Kiểm toán Việt,0,https://finance.vietstock.vn/VIETCPA-cong-ty-tnhh-kiem-toan-viet.htm,3094,3275
3493,4,Khác,,VietDucAudit,Công ty TNHH Kiểm toán Việt Đức,0,https://finance.vietstock.vn/VietDucAudit-cong-ty-tnhh-kiem-toan-viet-duc.htm,3095,3275
3405,4,Khác,,VietDuong,Công ty TNHH Kiểm toán và Tư vấn Việt Dương,0,https://finance.vietstock.vn/VietDuong-cong-ty-tnhh-kiem-toan-va-tu-van-viet-duong.htm,3096,3275
3511,4,Khác,,VietHaAudit,Công ty TNHH Kiểm toán và Tư vấn Việt Hà,0,https://finance.vietstock.vn/VietHaAudit-cong-ty-tnhh-kiem-toan-va-tu-van-viet-ha.htm,3097,3275
2981,3,OTC,,VietHung,CTCP Việt Hưng,0,https://finance.vietstock.vn/VietHung-ctcp-viet-hung.htm,3098,3275
3058,4,Khác,,VietinbankCapital,Công ty TNHH MTV Quản lý Quỹ Ngân hàng TMCP Công thương Việt Nam,0,https://finance.vietstock.vn/VietinbankCapital-cong-ty-tnhh-mtv-quan-ly-quy-ngan-hang-tmcp-cong-thuong-viet-nam.htm,3099,3275
2584,4,Khác,,Vietland,Công ty TNHH Kiểm toán và Tư vấn Đất Việt,0,https://finance.vietstock.vn/Vietland-cong-ty-tnhh-kiem-toan-va-tu-van-dat-viet.htm,3100,3275
3487,4,Khác,,VietLongAudit,Công ty TNHH Kiểm toán Việt Long,0,https://finance.vietstock.vn/VietLongAudit-cong-ty-tnhh-kiem-toan-viet-long.htm,3101,3275
4760,4,Khác,,Vietlott,Công ty TNHH MTV Xổ số điện toán Việt Nam,0,https://finance.vietstock.vn/Vietlott-cong-ty-tnhh-mtv-xo-so-dien-toan-viet-nam.htm,3102,3275
3492,4,Khác,,VietMyAudit,Công ty TNHH Kiểm toán Việt Mỹ,0,https://finance.vietstock.vn/VietMyAudit-cong-ty-tnhh-kiem-toan-viet-my.htm,3103,3275
3246,4,Khác,,VietnamTiger,Quỹ Thành viên Con Hổ Việt Nam,0,https://finance.vietstock.vn/VietnamTiger-quy-thanh-vien-con-ho-viet-nam.htm,3104,3275
1648,3,OTC,,Vietnamtourism,CTCP Du lịch Việt Nam - Hà Nội,0,https://finance.vietstock.vn/Vietnamtourism-ctcp-du-lich-viet-nam-ha-noi.htm,3105,3275
1990,4,Khác,,VietNgaBank,Ngân hàng Liên doanh Việt - Nga,0,https://finance.vietstock.vn/VietNgaBank-ngan-hang-lien-doanh-viet-nga.htm,3106,3275
2594,4,Khác,,VietNhat,Công ty TNHH Kiểm toán Việt Nhất,0,https://finance.vietstock.vn/VietNhat-cong-ty-tnhh-kiem-toan-viet-nhat.htm,3107,3275
3243,4,Khác,,VietNhatFPT,Quỹ Thành viên Việt Nhật FPT,0,https://finance.vietstock.vn/VietNhatFPT-quy-thanh-vien-viet-nhat-fpt.htm,3108,3275
2309,3,OTC,,VietSangTao,CTCP Việt Sáng Tạo,2253030,https://finance.vietstock.vn/VietSangTao-ctcp-viet-sang-tao.htm,3109,3275
4935,3,OTC,,Viettel,Tập đoàn Công nghiệp - Viễn thông Quân đội (Viettel),0,https://finance.vietstock.vn/Viettel-tap-doan-cong-nghiep-vien-thong-quan-doi-viettel.htm,3110,3275
3502,4,Khác,,VietTinAudit,Công ty TNHH Kiểm toán Việt Tín,0,https://finance.vietstock.vn/VietTinAudit-cong-ty-tnhh-kiem-toan-viet-tin.htm,3111,3275
3170,3,OTC,,VIETTRANS6,CTCP Vận tải Đa Phương Thức 6,1340022,https://finance.vietstock.vn/VIETTRANS6-ctcp-van-tai-da-phuong-thuc-6.htm,3112,3275
2561,4,Khác,,Vietvalue,Công ty TNHH Kiểm toán và Tư vấn Chuẩn Việt,0,https://finance.vietstock.vn/Vietvalue-cong-ty-tnhh-kiem-toan-va-tu-van-chuan-viet.htm,3113,3275
3008,3,OTC,,VietY,CTCP Gạch Graint Nam Định,3400000,https://finance.vietstock.vn/VietY-ctcp-gach-graint-nam-dinh.htm,3114,3275
4161,3,OTC,,VIFON,CTCP Kỹ thuật Thực phẩm Việt Nam,0,https://finance.vietstock.vn/VIFON-ctcp-ky-thuat-thuc-pham-viet-nam.htm,3115,3275
2352,3,OTC,,Vigatexco,CTCP Dệt may Thắng Lợi,9500000,https://finance.vietstock.vn/Vigatexco-ctcp-det-may-thang-loi.htm,3116,3275
4345,4,Khác,,VIGECAM,Tổng Công ty Vật tư Nông nghiệp - CTCP,22000000,https://finance.vietstock.vn/VIGECAM-tong-cong-ty-vat-tu-nong-nghiep-ctcp.htm,3117,3275
2751,3,OTC,,Viger,CTCP Bia Rượu Viger,1800000,https://finance.vietstock.vn/Viger-ctcp-bia-ruou-viger.htm,3118,3275
1392,3,OTC,,ViglaceraPB,CTCP Bao bì và Má phanh Viglacera,0,https://finance.vietstock.vn/ViglaceraPB-ctcp-bao-bi-va-ma-phanh-viglacera.htm,3119,3275
3687,3,OTC,,ViglaceraVanHai,CTCP Viglacera Vân Hải,0,https://finance.vietstock.vn/ViglaceraVanHai-ctcp-viglacera-van-hai.htm,3120,3275
3998,3,OTC,,Viha,CTCP Viha Thống Nhất,0,https://finance.vietstock.vn/Viha-ctcp-viha-thong-nhat.htm,3121,3275
3379,4,Khác,,VIHAAC,Công ty TNHH Tư vấn và Kiểm toán VIHA,0,https://finance.vietstock.vn/VIHAAC-cong-ty-tnhh-tu-van-va-kiem-toan-viha.htm,3122,3275
3701,3,OTC,,Vikhaco,CTCP Thương mại và Đầu tư Việt Khánh,0,https://finance.vietstock.vn/Vikhaco-ctcp-thuong-mai-va-dau-tu-viet-khanh.htm,3123,3275
4640,3,OTC,,VIKOR,CTCP Tôn Vikor,0,https://finance.vietstock.vn/VIKOR-ctcp-ton-vikor.htm,3124,3275
3229,3,OTC,,VILACONA,CTCP Đầu tư Hợp tác Kinh tế Việt Lào,2069000,https://finance.vietstock.vn/VILACONA-ctcp-dau-tu-hop-tac-kinh-te-viet-lao.htm,3125,3275
2118,3,OTC,,Vimec,CTCP Thương mại Đầu tư VIMEC,0,https://finance.vietstock.vn/Vimec-ctcp-thuong-mai-dau-tu-vimec.htm,3126,3275
3325,3,OTC,,VimecMedical,CTCP Thiết bị Y tế VIMEC,0,https://finance.vietstock.vn/VimecMedical-ctcp-thiet-bi-y-te-vimec.htm,3127,3275
2504,3,OTC,,Vinabico,CTCP Bánh kẹo Vinabico,0,https://finance.vietstock.vn/Vinabico-ctcp-banh-keo-vinabico.htm,3128,3275
1254,3,OTC,,Vinabomi,CTCP Bột mì Bình An,0,https://finance.vietstock.vn/Vinabomi-ctcp-bot-mi-binh-an.htm,3129,3275
4206,3,OTC,,VINACAFE,CTCP Vinacafe Miền Bắc,0,https://finance.vietstock.vn/VINACAFE-ctcp-vinacafe-mien-bac.htm,3130,3275
3034,4,Khác,,VinaCapital,Tập đoàn VinaCapital,0,https://finance.vietstock.vn/VinaCapital-tap-doan-vinacapital.htm,3131,3275
3775,4,Khác,,VINACCO,Tổng Công ty Xây dựng Nông nghiệp và Phát triển Nông thôn - CT TNHH MTV,0,https://finance.vietstock.vn/VINACCO-tong-cong-ty-xay-dung-nong-nghiep-va-phat-trien-nong-thon-ct-tnhh-mtv.htm,3132,3275
4757,4,Khác,,VINACHEM,Tập đoàn Hóa chất Việt Nam,0,https://finance.vietstock.vn/VINACHEM-tap-doan-hoa-chat-viet-nam.htm,3133,3275
4101,3,OTC,,Vinachimex,CTCP Vật tư và Xuất nhập khẩu Hóa chất,0,https://finance.vietstock.vn/Vinachimex-ctcp-vat-tu-va-xuat-nhap-khau-hoa-chat.htm,3134,3275
4171,4,Khác,,VinacominLand,Công ty TNHH MTV Đầu tư Phát triển Nhà và Hạ Tầng - Vinacomin,0,https://finance.vietstock.vn/VinacominLand-cong-ty-tnhh-mtv-dau-tu-phat-trien-nha-va-ha-tang-vinacomin.htm,3135,3275
887,3,OTC,,Vinaconex17,CTCP Xây dựng Số 17,0,https://finance.vietstock.vn/Vinaconex17-ctcp-xay-dung-so-17.htm,3136,3275
2947,3,OTC,,vinaconex91,CTCP Xây dựng Số 9.1,0,https://finance.vietstock.vn/vinaconex91-ctcp-xay-dung-so-9-1.htm,3137,3275
3336,3,OTC,,VinaconexAlphanam,CTCP Đầu tư và Phát triển Hạ tầng Vinaconex - Alphanam,0,https://finance.vietstock.vn/VinaconexAlphanam-ctcp-dau-tu-va-phat-trien-ha-tang-vinaconex-alphanam.htm,3138,3275
2849,3,OTC,,VinaconexQT,CTCP Xây dựng và Xuất nhập khẩu Quyết Thắng,0,https://finance.vietstock.vn/VinaconexQT-ctcp-xay-dung-va-xuat-nhap-khau-quyet-thang.htm,3139,3275
2157,3,OTC,,VinaconexSG,CTCP Vinaconex Sài Gòn,0,https://finance.vietstock.vn/VinaconexSG-ctcp-vinaconex-sai-gon.htm,3140,3275
4934,3,OTC,,VinaFood1,Tổng Công ty Lương thực Miền Bắc,0,https://finance.vietstock.vn/VinaFood1-tong-cong-ty-luong-thuc-mien-bac.htm,3141,3275
2913,3,OTC,,VinafoodHD,CTCP Vinafood 1 Hải Dương,0,https://finance.vietstock.vn/VinafoodHD-ctcp-vinafood-1-hai-duong.htm,3142,3275
2481,3,OTC,,Vinafor,CTCP Vinafor Đà Nẵng,0,https://finance.vietstock.vn/Vinafor-ctcp-vinafor-da-nang.htm,3143,3275
4474,4,Khác,,VINALINES,Công ty TNHH Sửa chữa Tàu biển Vinalines,0,https://finance.vietstock.vn/VINALINES-cong-ty-tnhh-sua-chua-tau-bien-vinalines.htm,3144,3275
3816,4,Khác,,VinalinesNT,Công ty TNHH MTV Vinalines Nha Trang,0,https://finance.vietstock.vn/VinalinesNT-cong-ty-tnhh-mtv-vinalines-nha-trang.htm,3145,3275
4293,4,Khác,,VINAMED,Tổng Công ty Thiết bị Y tế Việt Nam - Công ty TNHH MTV,0,https://finance.vietstock.vn/VINAMED-tong-cong-ty-thiet-bi-y-te-viet-nam-cong-ty-tnhh-mtv.htm,3146,3275
2688,3,OTC,,Vinamit,CTCP Vinamit,0,https://finance.vietstock.vn/Vinamit-ctcp-vinamit.htm,3147,3275
3795,3,OTC,,VINAMOTOR,Tổng Công ty Công nghiệp Ô tô Việt Nam - CTCP,0,https://finance.vietstock.vn/VINAMOTOR-tong-cong-ty-cong-nghiep-o-to-viet-nam-ctcp.htm,3148,3275
4759,4,Khác,,Vinapaco,Tổng Công ty Giấy Việt Nam,0,https://finance.vietstock.vn/Vinapaco-tong-cong-ty-giay-viet-nam.htm,3149,3275
4761,4,Khác,,Vinaphone,Tổng Công ty Dịch vụ Viễn Thông,0,https://finance.vietstock.vn/Vinaphone-tong-cong-ty-dich-vu-vien-thong.htm,3150,3275
1748,3,OTC,,VinaSaiGon,CTCP Sản xuất và Xuất nhập khẩu Lâm sản Sài Gòn,0,https://finance.vietstock.vn/VinaSaiGon-ctcp-san-xuat-va-xuat-nhap-khau-lam-san-sai-gon.htm,3151,3275
1540,3,OTC,,VinashinNamThanh,CTCP Công nghiệp Thủy sản Vinashin Nam Thanh,0,https://finance.vietstock.vn/VinashinNamThanh-ctcp-cong-nghiep-thuy-san-vinashin-nam-thanh.htm,3152,3275
1224,4,Khác,,Vinasiam,Ngân hàng Liên doanh Việt Thái,0,https://finance.vietstock.vn/Vinasiam-ngan-hang-lien-doanh-viet-thai.htm,3153,3275
4545,3,OTC,,VINASINO,CTCP Thiết bị Điện Vinasinio,0,https://finance.vietstock.vn/VINASINO-ctcp-thiet-bi-dien-vinasinio.htm,3154,3275
3932,3,OTC,,VinasugarI,Tổng Công ty Mía đường I - CTCP,0,https://finance.vietstock.vn/VinasugarI-tong-cong-ty-mia-duong-i-ctcp.htm,3155,3275
4654,3,OTC,,VinasugarII,Tổng Công ty Mía đường II - CTCP,0,https://finance.vietstock.vn/VinasugarII-tong-cong-ty-mia-duong-ii-ctcp.htm,3156,3275
4758,4,Khác,,Vinataba,Tổng Công ty Thuốc lá Việt Nam,0,https://finance.vietstock.vn/Vinataba-tong-cong-ty-thuoc-la-viet-nam.htm,3157,3275
4126,3,OTC,,Vinatea,Tổng Công ty Chè Việt Nam - CTCP,0,https://finance.vietstock.vn/Vinatea-tong-cong-ty-che-viet-nam-ctcp.htm,3158,3275
2370,3,OTC,,Vinatour,CTCP Du lịch và Thương mại Quốc tế Vinatour,0,https://finance.vietstock.vn/Vinatour-ctcp-du-lich-va-thuong-mai-quoc-te-vinatour.htm,3159,3275
3797,4,Khác,,VINAWACO,Tổng Công ty Xây dựng Đường thủy,0,https://finance.vietstock.vn/VINAWACO-tong-cong-ty-xay-dung-duong-thuy.htm,3160,3275
1971,3,OTC,,VinaWealth,CTCP Quản lý Quỹ VinaCapital,0,https://finance.vietstock.vn/VinaWealth-ctcp-quan-ly-quy-vinacapital.htm,3161,3275
3995,3,OTC,,VinaWind,CTCP Điện cơ Thống Nhất,0,https://finance.vietstock.vn/VinaWind-ctcp-dien-co-thong-nhat.htm,3162,3275
1998,3,OTC,,Vineco5,CTCP Xây dựng Điện VNECO 5,0,https://finance.vietstock.vn/Vineco5-ctcp-xay-dung-dien-vneco-5.htm,3163,3275
4941,4,Khác,,VinFast,Công ty TNHH Kinh doanh Thương mại và Dịch vụ VinFast,0,https://finance.vietstock.vn/VinFast-cong-ty-tnhh-kinh-doanh-thuong-mai-va-dich-vu-vinfast.htm,3164,3275
1361,3,OTC,,VinhCuu,CTCP Vĩnh Cửu,4000000,https://finance.vietstock.vn/VinhCuu-ctcp-vinh-cuu.htm,3165,3275
1362,3,OTC,,Vinhhao,CTCP Nước khoáng Vĩnh Hảo,0,https://finance.vietstock.vn/Vinhhao-ctcp-nuoc-khoang-vinh-hao.htm,3166,3275
1674,3,OTC,,VinhHue,CTCP Giấy Vĩnh Huê,0,https://finance.vietstock.vn/VinhHue-ctcp-giay-vinh-hue.htm,3167,3275
2217,3,OTC,,VinhLoi,CTCP Xuất nhập khẩu Vĩnh Lợi,0,https://finance.vietstock.vn/VinhLoi-ctcp-xuat-nhap-khau-vinh-loi.htm,3168,3275
1629,3,OTC,,VinhTuong,CTCP Công nghiệp Vĩnh Tường,0,https://finance.vietstock.vn/VinhTuong-ctcp-cong-nghiep-vinh-tuong.htm,3169,3275
3682,3,OTC,,Vinphaco,CTCP Dược phẩm Vĩnh Phúc,0,https://finance.vietstock.vn/Vinphaco-ctcp-duoc-pham-vinh-phuc.htm,3170,3275
2762,3,OTC,,Vipaco,CTCP VIPACO,3000000,https://finance.vietstock.vn/Vipaco-ctcp-vipaco.htm,3171,3275
4074,3,OTC,,Viptour,CTCP Du lịch và Xúc tiến Đầu tư,0,https://finance.vietstock.vn/Viptour-ctcp-du-lich-va-xuc-tien-dau-tu.htm,3172,3275
4349,3,OTC,,VIRASIMEX ,CTCP Xuất nhập khẩu Vật tư Thiết bị Đường sắt,0,https://finance.vietstock.vn/VIRASIMEX-ctcp-xuat-nhap-khau-vat-tu-thiet-bi-duong-sat.htm,3173,3275
4220,3,OTC,,VIRESCO,CTCP Địa ốc Vĩnh Long,0,https://finance.vietstock.vn/VIRESCO-ctcp-dia-oc-vinh-long.htm,3174,3275
834,3,OTC,Nguyên vật liệu,VIS,CTCP Thép Việt Ý,73830393,https://finance.vietstock.vn/VIS-ctcp-thep-viet-y.htm,3175,3275
1376,3,OTC,,VISE,CTCP Chứng khoán Quốc tế Việt Nam,0,https://finance.vietstock.vn/VISE-ctcp-chung-khoan-quoc-te-viet-nam.htm,3176,3275
1374,3,OTC,,VISECO,CTCP Chứng khoán Việt,0,https://finance.vietstock.vn/VISECO-ctcp-chung-khoan-viet.htm,3177,3275
3689,3,OTC,,Vitranimex,CTCP Vận tải và Thương mại,0,https://finance.vietstock.vn/Vitranimex-ctcp-van-tai-va-thuong-mai.htm,3178,3275
1347,3,OTC,,VITS,CTCP Chứng khoán VIT,1600000,https://finance.vietstock.vn/VITS-ctcp-chung-khoan-vit.htm,3179,3275
3673,3,OTC,,VIVASO,Tổng Công ty Vận tải thủy - CTCP,0,https://finance.vietstock.vn/VIVASO-tong-cong-ty-van-tai-thuy-ctcp.htm,3180,3275
2859,3,OTC,,Viwaseen1,CTCP Xây dựng Cấp thoát nước Số 1,0,https://finance.vietstock.vn/Viwaseen1-ctcp-xay-dung-cap-thoat-nuoc-so-1.htm,3181,3275
3020,3,OTC,,Viwaseen2,CTCP Cơ khí Xây dựng Cấp thoát nước Viwaseen.2,100000,https://finance.vietstock.vn/Viwaseen2-ctcp-co-khi-xay-dung-cap-thoat-nuoc-viwaseen-2.htm,3182,3275
2139,3,OTC,"Thực phẩm, đồ uống và thuốc lá",VKD,CTCP Nước khoáng Khánh Hòa,12499988,https://finance.vietstock.vn/VKD-ctcp-nuoc-khoang-khanh-hoa.htm,3183,3275
3591,3,OTC,,VLD,CTCP Bất động sản Viettronics,0,https://finance.vietstock.vn/VLD-ctcp-bat-dong-san-viettronics.htm,3184,3275
1944,3,OTC,,VLFM,CTCP Quản lý quỹ Rồng Việt,0,https://finance.vietstock.vn/VLFM-ctcp-quan-ly-quy-rong-viet.htm,3185,3275
3249,4,Khác,,VLIF,Quỹ đầu tư Tăng trưởng Việt Long,0,https://finance.vietstock.vn/VLIF-quy-dau-tu-tang-truong-viet-long.htm,3186,3275
4537,3,OTC,,VLPort,CTCP Cảng Vĩnh Long,0,https://finance.vietstock.vn/VLPort-ctcp-cang-vinh-long.htm,3187,3275
2831,3,OTC,,VMCCo,CTCP Vật tư Tổng Hợp Vĩnh Phú,1469900,https://finance.vietstock.vn/VMCCo-ctcp-vat-tu-tong-hop-vinh-phu.htm,3188,3275
3749,3,OTC,Tư liệu sản xuất,VMI,CTCP Khoáng sản và Đầu tư Visaco,10949999,https://finance.vietstock.vn/VMI-ctcp-khoang-san-va-dau-tu-visaco.htm,3189,3275
3422,4,Khác,,VNAA,Công ty TNHH Kế toán và Kiểm toán Việt Nam VNAA,0,https://finance.vietstock.vn/VNAA-cong-ty-tnhh-ke-toan-va-kiem-toan-viet-nam-vnaa.htm,3190,3275
3414,4,Khác,,VNAAFC,Công ty TNHH Tài chính Kế toán và Kiểm toán Việt Nam,0,https://finance.vietstock.vn/VNAAFC-cong-ty-tnhh-tai-chinh-ke-toan-va-kiem-toan-viet-nam.htm,3191,3275
3398,4,Khác,,VNAAudit,Công ty TNHH Kiểm toán và Dịch vụ có đảm bảo VNA,0,https://finance.vietstock.vn/VNAAudit-cong-ty-tnhh-kiem-toan-va-dich-vu-co-dam-bao-vna.htm,3192,3275
1942,3,OTC,,VNAC,CTCP Quản lý Quỹ HD,0,https://finance.vietstock.vn/VNAC-ctcp-quan-ly-quy-hd.htm,3193,3275
3486,4,Khác,,VNAFC,Công ty TNHH Kiểm toán Kế toán và Tư vấn Tài chính Việt Nam,0,https://finance.vietstock.vn/VNAFC-cong-ty-tnhh-kiem-toan-ke-toan-va-tu-van-tai-chinh-viet-nam.htm,3194,3275
3392,4,Khác,,VNASC,Công ty TNHH Tư vấn và Kiểm toán VNASC,0,https://finance.vietstock.vn/VNASC-cong-ty-tnhh-tu-van-va-kiem-toan-vnasc.htm,3195,3275
2585,4,Khác,,VNAudit,Công ty TNHH Kiểm toán và Tư vấn Việt Nam,0,https://finance.vietstock.vn/VNAudit-cong-ty-tnhh-kiem-toan-va-tu-van-viet-nam.htm,3196,3275
4933,3,OTC,,VNCafe,Tổng công ty Cà phê Việt Nam,0,https://finance.vietstock.vn/VNCafe-tong-cong-ty-ca-phe-viet-nam.htm,3197,3275
3391,4,Khác,,VNCAudit,Công ty TNHH Kiểm toán VNC,0,https://finance.vietstock.vn/VNCAudit-cong-ty-tnhh-kiem-toan-vnc.htm,3198,3275
2819,3,OTC,,VNECO,CTCP Du Lịch Xanh Nghệ An,0,https://finance.vietstock.vn/VNECO-ctcp-du-lich-xanh-nghe-an.htm,3199,3275
1755,3,OTC,,Vneco6,CTCP Xây dựng Điện VNECO 6,0,https://finance.vietstock.vn/Vneco6-ctcp-xay-dung-dien-vneco-6.htm,3200,3275
2927,3,OTC,,Vneco7,CTCP Xây dựng Điện VNECO 7,0,https://finance.vietstock.vn/Vneco7-ctcp-xay-dung-dien-vneco-7.htm,3201,3275
3309,3,OTC,Phân phối và bán lẻ hàng lâu bền,VNN,CTCP Đầu tư Thương mại VNN,5726698,https://finance.vietstock.vn/VNN-ctcp-dau-tu-thuong-mai-vnn.htm,3202,3275
4390,4,Khác,,VNPT,Tập đoàn Bưu chính Viễn thông Việt Nam,0,https://finance.vietstock.vn/VNPT-tap-doan-buu-chinh-vien-thong-viet-nam.htm,3203,3275
4073,3,OTC,,VNPTLAND,CTCP Bất động sản Bưu chính Viễn thông Việt Nam,0,https://finance.vietstock.vn/VNPTLAND-ctcp-bat-dong-san-buu-chinh-vien-thong-viet-nam.htm,3204,3275
1378,3,OTC,,VNSC,CTCP Chứng khoán Vina,4500000,https://finance.vietstock.vn/VNSC-ctcp-chung-khoan-vina.htm,3205,3275
3393,4,Khác,,VPAudit,Công ty TNHH Kiểm toán Nhân Tâm Việt,0,https://finance.vietstock.vn/VPAudit-cong-ty-tnhh-kiem-toan-nhan-tam-viet.htm,3206,3275
2955,3,OTC,,VPBankS,CTCP Chứng khoán VPBank,5600000,https://finance.vietstock.vn/VPBankS-ctcp-chung-khoan-vpbank.htm,3207,3275
3262,4,Khác,,VPF1,Quỹ đầu tư Chứng khoán Vietcombank 1,0,https://finance.vietstock.vn/VPF1-quy-dau-tu-chung-khoan-vietcombank-1.htm,3208,3275
3263,4,Khác,,VPF2,Quỹ đầu tư Chứng khoán Vietcombank 2,0,https://finance.vietstock.vn/VPF2-quy-dau-tu-chung-khoan-vietcombank-2.htm,3209,3275
3264,4,Khác,,VPF3,Quỹ đầu tư Chứng khoán Vietcombank 3,0,https://finance.vietstock.vn/VPF3-quy-dau-tu-chung-khoan-vietcombank-3.htm,3210,3275
3637,3,OTC,,VPIG,CTCP Tập đoàn Đầu tư Việt Phương,0,https://finance.vietstock.vn/VPIG-ctcp-tap-doan-dau-tu-viet-phuong.htm,3211,3275
4613,3,OTC,,VPJSC,CTCP Đầu tư Xây dựng Bưu chính Viễn thông Vũng Tàu,0,https://finance.vietstock.vn/VPJSC-ctcp-dau-tu-xay-dung-buu-chinh-vien-thong-vung-tau.htm,3212,3275
835,4,Khác,Nguyên vật liệu,VPK,CTCP Bao bì Dầu Thực Vật,14998817,https://finance.vietstock.vn/VPK-ctcp-bao-bi-dau-thuc-vat.htm,3213,3275
1062,3,OTC,Dịch vụ tiêu dùng,VPL,CTCP Vinpearl,205498489,https://finance.vietstock.vn/VPL-ctcp-vinpearl.htm,3214,3275
1407,3,OTC,,VPSS,CTCP Chứng khoán VPS,80000000,https://finance.vietstock.vn/VPSS-ctcp-chung-khoan-vps.htm,3215,3275
1381,3,OTC,,VQSC,CTCP Chứng khoán Việt Quốc,0,https://finance.vietstock.vn/VQSC-ctcp-chung-khoan-viet-quoc.htm,3216,3275
1670,3,OTC,,VRTS,CTCP Dịch vụ Vận tải Đường sắt,0,https://finance.vietstock.vn/VRTS-ctcp-dich-vu-van-tai-duong-sat.htm,3217,3275
1380,3,OTC,,VSEC,Công ty Chứng khoán Ngân hàng Public Việt Nam,13500000,https://finance.vietstock.vn/VSEC-cong-ty-chung-khoan-ngan-hang-public-viet-nam.htm,3218,3275
4836,3,OTC,,VSETGROUP,CTCP Tập đoàn VSETGROUP,0,https://finance.vietstock.vn/VSETGROUP-ctcp-tap-doan-vsetgroup.htm,3219,3275
4814,4,Khác,,VSFC,Công ty Tài chính TNHH MTV Công nghiệp Tàu thuỷ,0,https://finance.vietstock.vn/VSFC-cong-ty-tai-chinh-tnhh-mtv-cong-nghiep-tau-thuy.htm,3220,3275
3127,3,OTC,,VSIndustry,CTCP VS Industry Vietnam,0,https://finance.vietstock.vn/VSIndustry-ctcp-vs-industry-vietnam.htm,3221,3275
1340,3,OTC,,VSMS,CTCP Chứng khoán VSM,20000000,https://finance.vietstock.vn/VSMS-ctcp-chung-khoan-vsm.htm,3222,3275
1118,3,OTC,Vận tải,VSP,CTCP Vận tải biển và Bất động sản Việt Hải,38084489,https://finance.vietstock.vn/VSP-ctcp-van-tai-bien-va-bat-dong-san-viet-hai.htm,3223,3275
2077,3,OTC,Phân phối và bán lẻ hàng lâu bền,VT1,CTCP Vật tư Bến Thành,2000000,https://finance.vietstock.vn/VT1-ctcp-vat-tu-ben-thanh.htm,3224,3275
3121,3,OTC,Vận tải,VT8,CTCP Dịch vụ Vận tải Ô Tô Số 8,7549491,https://finance.vietstock.vn/VT8-ctcp-dich-vu-van-tai-o-to-so-8.htm,3225,3275
2046,3,OTC,,VTCC,CTCP Quản lý Quỹ Việt Tín,0,https://finance.vietstock.vn/VTCC-ctcp-quan-ly-quy-viet-tin.htm,3226,3275
4610,3,OTC,,VTCOnline,CTCP VTC Truyền thông Trực tuyến,0,https://finance.vietstock.vn/VTCOnline-ctcp-vtc-truyen-thong-truc-tuyen.htm,3227,3275
2219,3,OTC,"Thực phẩm, đồ uống và thuốc lá",VTF,CTCP Thức ăn Chăn nuôi Việt Thắng,41812781,https://finance.vietstock.vn/VTF-ctcp-thuc-an-chan-nuoi-viet-thang.htm,3228,3275
4756,3,OTC,,VTPGroup,CTCP Tập đoàn Vạn Thịnh Phát,0,https://finance.vietstock.vn/VTPGroup-ctcp-tap-doan-van-thinh-phat.htm,3229,3275
1399,3,OTC,,VTSC,CTCP Chứng khoán Việt Thành,3500000,https://finance.vietstock.vn/VTSC-ctcp-chung-khoan-viet-thanh.htm,3230,3275
1398,3,OTC,,VTSS,CTCP Chứng khoán Việt Tín,13800000,https://finance.vietstock.vn/VTSS-ctcp-chung-khoan-viet-tin.htm,3231,3275
3615,3,OTC,,VTT,CTCP Công nghệ Việt Thành,0,https://finance.vietstock.vn/VTT-ctcp-cong-nghe-viet-thanh.htm,3232,3275
5687,3,OTC,,VuaNem,CTCP Vua Nệm,0,https://finance.vietstock.vn/VuaNem-ctcp-vua-nem.htm,3233,3275
4938,3,OTC,,VUG,CTCP Thủy sản Việt úc,0,https://finance.vietstock.vn/VUG-ctcp-thuy-san-viet-uc.htm,3234,3275
3721,3,OTC,,VungTauShip,CTCP Dịch vụ và Vận tải Biển Vũng Tàu,0,https://finance.vietstock.vn/VungTauShip-ctcp-dich-vu-va-van-tai-bien-vung-tau.htm,3235,3275
2910,3,OTC,,VVF,Công Tài chính Cổ Phần Vinaconex - Viettel,100000000,https://finance.vietstock.vn/VVF-cong-tai-chinh-co-phan-vinaconex-viettel.htm,3236,3275
1222,4,Khác,,WEB,Ngân hàng TMCP Phương Tây,300000000,https://finance.vietstock.vn/WEB-ngan-hang-tmcp-phuong-tay.htm,3237,3275
4964,4,Khác,,WooriBank,Ngân hàng TNHH MTV Woori Việt Nam,0,https://finance.vietstock.vn/WooriBank-ngan-hang-tnhh-mtv-woori-viet-nam.htm,3238,3275
4953,4,Khác,,WTB,CTCP Thủy điện To Buông,0,https://finance.vietstock.vn/WTB-ctcp-thuy-dien-to-buong.htm,3239,3275
4200,3,OTC,Dịch vụ tiện ích,WTN,CTCP Cấp thoát nước Tây Ninh,10576827,https://finance.vietstock.vn/WTN-ctcp-cap-thoat-nuoc-tay-ninh.htm,3240,3275
2350,3,OTC,Nguyên vật liệu,X18,CTCP Xi măng X18,4155777,https://finance.vietstock.vn/X18-ctcp-xi-mang-x18.htm,3241,3275
3014,3,OTC,,X78,CTCP ACC-78,2160000,https://finance.vietstock.vn/X78-ctcp-acc-78.htm,3242,3275
2382,3,OTC,,XayDung14,CTCP Xây dựng Số 14,0,https://finance.vietstock.vn/XayDung14-ctcp-xay-dung-so-14.htm,3243,3275
2310,3,OTC,,XayDung204,CTCP Xây dựng 204,0,https://finance.vietstock.vn/XayDung204-ctcp-xay-dung-204.htm,3244,3275
3143,3,OTC,,XayDung24,CTCP Đầu tư và Xây dựng 24,0,https://finance.vietstock.vn/XayDung24-ctcp-dau-tu-va-xay-dung-24.htm,3245,3275
2202,3,OTC,,XayDung40,CTCP Xây dựng 40,0,https://finance.vietstock.vn/XayDung40-ctcp-xay-dung-40.htm,3246,3275
2463,3,OTC,,XayDung720,CTCP Vật liệu Xây dựng 720,0,https://finance.vietstock.vn/XayDung720-ctcp-vat-lieu-xay-dung-720.htm,3247,3275
4612,3,OTC,,XaylapGialai,CTCP Xây lắp và Phát triển Bưu điện Gia Lai,0,https://finance.vietstock.vn/XaylapGialai-ctcp-xay-lap-va-phat-trien-buu-dien-gia-lai.htm,3248,3275
3358,3,OTC,,XayLapHoangLien,CTCP Xây lắp Sông Đà Hoàng Liên,0,https://finance.vietstock.vn/XayLapHoangLien-ctcp-xay-lap-song-da-hoang-lien.htm,3249,3275
2776,3,OTC,,XDBD,CTCP Xây dựng Bình Dương,10700000,https://finance.vietstock.vn/XDBD-ctcp-xay-dung-binh-duong.htm,3250,3275
4564,3,OTC,,XDBinhDinh,CTCP Đầu tư và Xây dựng Bình Định,0,https://finance.vietstock.vn/XDBinhDinh-ctcp-dau-tu-va-xay-dung-binh-dinh.htm,3251,3275
1536,3,OTC,,XDBinhDuong,CTCP Tư vấn Xây dựng Tổng hợp Bình Dương,0,https://finance.vietstock.vn/XDBinhDuong-ctcp-tu-van-xay-dung-tong-hop-binh-duong.htm,3252,3275
4922,3,OTC,Tư liệu sản xuất,XDC,CTCP Xây Dựng Công Trình Tân Cảng,8200,https://finance.vietstock.vn/XDC-ctcp-xay-dung-cong-trinh-tan-cang.htm,3253,3275
3671,3,OTC,,XDCT507,CTCP Xây dựng Công trình 507,0,https://finance.vietstock.vn/XDCT507-ctcp-xay-dung-cong-trinh-507.htm,3254,3275
4055,3,OTC,,XDHTCanTho,CTCP Xây dựng Hạ tầng Khu Công nghiệp Cần Thơ,0,https://finance.vietstock.vn/XDHTCanTho-ctcp-xay-dung-ha-tang-khu-cong-nghiep-can-tho.htm,3255,3275
4509,4,Khác,,XDTruongThanh,Công ty TNHH MTV Trường Thành,0,https://finance.vietstock.vn/XDTruongThanh-cong-ty-tnhh-mtv-truong-thanh.htm,3256,3275
2850,3,OTC,,XDVinaconex,CTCP Xây dựng và Dịch vụ Vinaconex,0,https://finance.vietstock.vn/XDVinaconex-ctcp-xay-dung-va-dich-vu-vinaconex.htm,3257,3275
2993,3,OTC,,XeThaiBinh,CTCP Xe khách Thái Bình,0,https://finance.vietstock.vn/XeThaiBinh-ctcp-xe-khach-thai-binh.htm,3258,3275
2902,3,OTC,,XiMangBacGiang,CTCP Xi măng Bắc Giang,3527300,https://finance.vietstock.vn/XiMangBacGiang-ctcp-xi-mang-bac-giang.htm,3259,3275
2918,3,OTC,,XiMangGiaLai,CTCP Xi măng Gia Lai,1002895,https://finance.vietstock.vn/XiMangGiaLai-ctcp-xi-mang-gia-lai.htm,3260,3275
2237,3,OTC,,XiMangKienGiang,CTCP Xi măng Kiên Giang,0,https://finance.vietstock.vn/XiMangKienGiang-ctcp-xi-mang-kien-giang.htm,3261,3275
2723,3,OTC,,XimangTayDo,CTCP Xi măng Tây Đô,0,https://finance.vietstock.vn/XimangTayDo-ctcp-xi-mang-tay-do.htm,3262,3275
4400,3,OTC,,XMCOSEVCO,Tổng Công ty Miền Trung - CTCP,0,https://finance.vietstock.vn/XMCOSEVCO-tong-cong-ty-mien-trung-ctcp.htm,3263,3275
4467,3,OTC,,XMTuyenQuang,CTCP Xi măng Tuyên Quang,0,https://finance.vietstock.vn/XMTuyenQuang-ctcp-xi-mang-tuyen-quang.htm,3264,3275
2809,3,OTC,,XNKNinhBinh,CTCP Sản xuất Xuất nhập khẩu Ninh Bình,0,https://finance.vietstock.vn/XNKNinhBinh-ctcp-san-xuat-xuat-nhap-khau-ninh-binh.htm,3265,3275
4014,3,OTC,,XNKNongSan,CTCP Dịch vụ - Xuất nhập khẩu Nông sản Hà Nội,0,https://finance.vietstock.vn/XNKNongSan-ctcp-dich-vu-xuat-nhap-khau-nong-san-ha-noi.htm,3266,3275
2305,3,OTC,,XNKSaigontourist,CTCP Xuất nhập khẩu Saigontourist,0,https://finance.vietstock.vn/XNKSaigontourist-ctcp-xuat-nhap-khau-saigontourist.htm,3267,3275
4452,3,OTC,,XNKThaiBinh,CTCP Xuất nhập khẩu Tỉnh Thái Bình,0,https://finance.vietstock.vn/XNKThaiBinh-ctcp-xuat-nhap-khau-tinh-thai-binh.htm,3268,3275
2373,3,OTC,,XuatKhauLongAn,CTCP May Xuất khẩu Long An,1200000,https://finance.vietstock.vn/XuatKhauLongAn-ctcp-may-xuat-khau-long-an.htm,3269,3275
4870,3,OTC,,Yeah1Edigital,CTCP Yeah1 Edigital,0,https://finance.vietstock.vn/Yeah1Edigital-ctcp-yeah1-edigital.htm,3270,3275
1523,3,OTC,,YenBai,CTCP Xây dựng Số 3 Yên Bái,0,https://finance.vietstock.vn/YenBai-ctcp-xay-dung-so-3-yen-bai.htm,3271,3275
4377,3,OTC,Vận tải,YRC,CTCP Đường sắt Yên Lào,1900000,https://finance.vietstock.vn/YRC-ctcp-duong-sat-yen-lao.htm,3272,3275
1112,3,OTC,Nguyên vật liệu,YSC,CTCP Hapaco Yên Sơn,1100000,https://finance.vietstock.vn/YSC-ctcp-hapaco-yen-son.htm,3273,3275
31,4,Khác,Dịch vụ tài chính,YSVN,Công ty TNHH Chứng khoán Yuanta Việt Nam,30000000,https://finance.vietstock.vn/YSVN-cong-ty-tnhh-chung-khoan-yuanta-viet-nam.htm,3274,3275
4079,4,Khác,,ÐTPTTruongAn,Công ty TNHH MTV Đầu tư và Phát triển Trường An,0,https://finance.vietstock.vn/ÐTPTTruongAn-cong-ty-tnhh-mtv-dau-tu-va-phat-trien-truong-an.htm,3275,3275
