[2024-11-01T05:53:03.428+0000] {processor.py:186} INFO - Started process (PID=82) to work on /home/airflow/.local/lib/python3.12/site-packages/airflow/example_dags/example_branch_operator_decorator.py
[2024-11-01T05:53:03.428+0000] {processor.py:914} INFO - Processing file /home/airflow/.local/lib/python3.12/site-packages/airflow/example_dags/example_branch_operator_decorator.py for tasks to queue
[2024-11-01T05:53:03.430+0000] {logging_mixin.py:190} INFO - [2024-11-01T05:53:03.430+0000] {dagbag.py:588} INFO - Filling up the DagBag from /home/airflow/.local/lib/python3.12/site-packages/airflow/example_dags/example_branch_operator_decorator.py
[2024-11-01T05:53:03.456+0000] {processor.py:925} INFO - DAG(s) 'example_branch_python_operator_decorator' retrieved from /home/airflow/.local/lib/python3.12/site-packages/airflow/example_dags/example_branch_operator_decorator.py
[2024-11-01T05:53:03.665+0000] {logging_mixin.py:190} INFO - [2024-11-01T05:53:03.664+0000] {override.py:1900} INFO - Created Permission View: can edit on DAG:example_branch_python_operator_decorator
[2024-11-01T05:53:03.678+0000] {logging_mixin.py:190} INFO - [2024-11-01T05:53:03.677+0000] {override.py:1900} INFO - Created Permission View: can delete on DAG:example_branch_python_operator_decorator
[2024-11-01T05:53:03.688+0000] {logging_mixin.py:190} INFO - [2024-11-01T05:53:03.687+0000] {override.py:1900} INFO - Created Permission View: can read on DAG:example_branch_python_operator_decorator
[2024-11-01T05:53:03.701+0000] {logging_mixin.py:190} INFO - [2024-11-01T05:53:03.701+0000] {override.py:1900} INFO - Created Permission View: menu access on DAG Run:example_branch_python_operator_decorator
[2024-11-01T05:53:03.709+0000] {logging_mixin.py:190} INFO - [2024-11-01T05:53:03.708+0000] {override.py:1900} INFO - Created Permission View: can create on DAG Run:example_branch_python_operator_decorator
[2024-11-01T05:53:03.719+0000] {logging_mixin.py:190} INFO - [2024-11-01T05:53:03.718+0000] {override.py:1900} INFO - Created Permission View: can delete on DAG Run:example_branch_python_operator_decorator
[2024-11-01T05:53:03.729+0000] {logging_mixin.py:190} INFO - [2024-11-01T05:53:03.729+0000] {override.py:1900} INFO - Created Permission View: can read on DAG Run:example_branch_python_operator_decorator
[2024-11-01T05:53:03.730+0000] {logging_mixin.py:190} INFO - [2024-11-01T05:53:03.730+0000] {dag.py:3239} INFO - Sync 1 DAGs
[2024-11-01T05:53:03.743+0000] {logging_mixin.py:190} INFO - [2024-11-01T05:53:03.743+0000] {dag.py:3262} INFO - Creating ORM DAG for example_branch_python_operator_decorator
[2024-11-01T05:53:03.760+0000] {logging_mixin.py:190} INFO - [2024-11-01T05:53:03.759+0000] {dag.py:4180} INFO - Setting next_dagrun for example_branch_python_operator_decorator to 2024-10-31 00:00:00+00:00, run_after=2024-11-01 00:00:00+00:00
[2024-11-01T05:53:03.785+0000] {processor.py:208} INFO - Processing /home/airflow/.local/lib/python3.12/site-packages/airflow/example_dags/example_branch_operator_decorator.py took 0.362 seconds
[2024-11-01T05:53:33.831+0000] {processor.py:186} INFO - Started process (PID=147) to work on /home/airflow/.local/lib/python3.12/site-packages/airflow/example_dags/example_branch_operator_decorator.py
[2024-11-01T05:53:33.831+0000] {processor.py:914} INFO - Processing file /home/airflow/.local/lib/python3.12/site-packages/airflow/example_dags/example_branch_operator_decorator.py for tasks to queue
[2024-11-01T05:53:33.833+0000] {logging_mixin.py:190} INFO - [2024-11-01T05:53:33.833+0000] {dagbag.py:588} INFO - Filling up the DagBag from /home/airflow/.local/lib/python3.12/site-packages/airflow/example_dags/example_branch_operator_decorator.py
[2024-11-01T05:53:33.846+0000] {processor.py:925} INFO - DAG(s) 'example_branch_python_operator_decorator' retrieved from /home/airflow/.local/lib/python3.12/site-packages/airflow/example_dags/example_branch_operator_decorator.py
[2024-11-01T05:53:33.864+0000] {logging_mixin.py:190} INFO - [2024-11-01T05:53:33.863+0000] {dag.py:3239} INFO - Sync 1 DAGs
[2024-11-01T05:53:33.878+0000] {logging_mixin.py:190} INFO - [2024-11-01T05:53:33.878+0000] {dag.py:4180} INFO - Setting next_dagrun for example_branch_python_operator_decorator to 2024-10-31 00:00:00+00:00, run_after=2024-11-01 00:00:00+00:00
[2024-11-01T05:53:33.891+0000] {processor.py:208} INFO - Processing /home/airflow/.local/lib/python3.12/site-packages/airflow/example_dags/example_branch_operator_decorator.py took 0.064 seconds
[2024-11-01T05:54:03.937+0000] {processor.py:186} INFO - Started process (PID=211) to work on /home/airflow/.local/lib/python3.12/site-packages/airflow/example_dags/example_branch_operator_decorator.py
[2024-11-01T05:54:03.938+0000] {processor.py:914} INFO - Processing file /home/airflow/.local/lib/python3.12/site-packages/airflow/example_dags/example_branch_operator_decorator.py for tasks to queue
[2024-11-01T05:54:03.939+0000] {logging_mixin.py:190} INFO - [2024-11-01T05:54:03.939+0000] {dagbag.py:588} INFO - Filling up the DagBag from /home/airflow/.local/lib/python3.12/site-packages/airflow/example_dags/example_branch_operator_decorator.py
[2024-11-01T05:54:03.953+0000] {processor.py:925} INFO - DAG(s) 'example_branch_python_operator_decorator' retrieved from /home/airflow/.local/lib/python3.12/site-packages/airflow/example_dags/example_branch_operator_decorator.py
[2024-11-01T05:54:03.973+0000] {logging_mixin.py:190} INFO - [2024-11-01T05:54:03.972+0000] {dag.py:3239} INFO - Sync 1 DAGs
[2024-11-01T05:54:03.990+0000] {logging_mixin.py:190} INFO - [2024-11-01T05:54:03.990+0000] {dag.py:4180} INFO - Setting next_dagrun for example_branch_python_operator_decorator to 2024-10-31 00:00:00+00:00, run_after=2024-11-01 00:00:00+00:00
[2024-11-01T05:54:04.005+0000] {processor.py:208} INFO - Processing /home/airflow/.local/lib/python3.12/site-packages/airflow/example_dags/example_branch_operator_decorator.py took 0.072 seconds
[2024-11-01T05:54:34.253+0000] {processor.py:186} INFO - Started process (PID=276) to work on /home/airflow/.local/lib/python3.12/site-packages/airflow/example_dags/example_branch_operator_decorator.py
[2024-11-01T05:54:34.254+0000] {processor.py:914} INFO - Processing file /home/airflow/.local/lib/python3.12/site-packages/airflow/example_dags/example_branch_operator_decorator.py for tasks to queue
[2024-11-01T05:54:34.255+0000] {logging_mixin.py:190} INFO - [2024-11-01T05:54:34.255+0000] {dagbag.py:588} INFO - Filling up the DagBag from /home/airflow/.local/lib/python3.12/site-packages/airflow/example_dags/example_branch_operator_decorator.py
[2024-11-01T05:54:34.269+0000] {processor.py:925} INFO - DAG(s) 'example_branch_python_operator_decorator' retrieved from /home/airflow/.local/lib/python3.12/site-packages/airflow/example_dags/example_branch_operator_decorator.py
[2024-11-01T05:54:34.286+0000] {logging_mixin.py:190} INFO - [2024-11-01T05:54:34.286+0000] {dag.py:3239} INFO - Sync 1 DAGs
[2024-11-01T05:54:34.301+0000] {logging_mixin.py:190} INFO - [2024-11-01T05:54:34.300+0000] {dag.py:4180} INFO - Setting next_dagrun for example_branch_python_operator_decorator to 2024-10-31 00:00:00+00:00, run_after=2024-11-01 00:00:00+00:00
[2024-11-01T05:54:34.312+0000] {processor.py:208} INFO - Processing /home/airflow/.local/lib/python3.12/site-packages/airflow/example_dags/example_branch_operator_decorator.py took 0.063 seconds
[2024-11-01T05:55:04.804+0000] {processor.py:186} INFO - Started process (PID=341) to work on /home/airflow/.local/lib/python3.12/site-packages/airflow/example_dags/example_branch_operator_decorator.py
[2024-11-01T05:55:04.805+0000] {processor.py:914} INFO - Processing file /home/airflow/.local/lib/python3.12/site-packages/airflow/example_dags/example_branch_operator_decorator.py for tasks to queue
[2024-11-01T05:55:04.807+0000] {logging_mixin.py:190} INFO - [2024-11-01T05:55:04.807+0000] {dagbag.py:588} INFO - Filling up the DagBag from /home/airflow/.local/lib/python3.12/site-packages/airflow/example_dags/example_branch_operator_decorator.py
[2024-11-01T05:55:04.821+0000] {processor.py:925} INFO - DAG(s) 'example_branch_python_operator_decorator' retrieved from /home/airflow/.local/lib/python3.12/site-packages/airflow/example_dags/example_branch_operator_decorator.py
[2024-11-01T05:55:04.837+0000] {logging_mixin.py:190} INFO - [2024-11-01T05:55:04.837+0000] {dag.py:3239} INFO - Sync 1 DAGs
[2024-11-01T05:55:04.853+0000] {logging_mixin.py:190} INFO - [2024-11-01T05:55:04.853+0000] {dag.py:4180} INFO - Setting next_dagrun for example_branch_python_operator_decorator to 2024-10-31 00:00:00+00:00, run_after=2024-11-01 00:00:00+00:00
[2024-11-01T05:55:04.866+0000] {processor.py:208} INFO - Processing /home/airflow/.local/lib/python3.12/site-packages/airflow/example_dags/example_branch_operator_decorator.py took 0.066 seconds
[2024-11-01T05:55:35.081+0000] {processor.py:186} INFO - Started process (PID=406) to work on /home/airflow/.local/lib/python3.12/site-packages/airflow/example_dags/example_branch_operator_decorator.py
[2024-11-01T05:55:35.082+0000] {processor.py:914} INFO - Processing file /home/airflow/.local/lib/python3.12/site-packages/airflow/example_dags/example_branch_operator_decorator.py for tasks to queue
[2024-11-01T05:55:35.083+0000] {logging_mixin.py:190} INFO - [2024-11-01T05:55:35.083+0000] {dagbag.py:588} INFO - Filling up the DagBag from /home/airflow/.local/lib/python3.12/site-packages/airflow/example_dags/example_branch_operator_decorator.py
[2024-11-01T05:55:35.098+0000] {processor.py:925} INFO - DAG(s) 'example_branch_python_operator_decorator' retrieved from /home/airflow/.local/lib/python3.12/site-packages/airflow/example_dags/example_branch_operator_decorator.py
[2024-11-01T05:55:35.119+0000] {logging_mixin.py:190} INFO - [2024-11-01T05:55:35.119+0000] {dag.py:3239} INFO - Sync 1 DAGs
[2024-11-01T05:55:35.135+0000] {logging_mixin.py:190} INFO - [2024-11-01T05:55:35.134+0000] {dag.py:4180} INFO - Setting next_dagrun for example_branch_python_operator_decorator to 2024-10-31 00:00:00+00:00, run_after=2024-11-01 00:00:00+00:00
[2024-11-01T05:55:35.146+0000] {processor.py:208} INFO - Processing /home/airflow/.local/lib/python3.12/site-packages/airflow/example_dags/example_branch_operator_decorator.py took 0.069 seconds
[2024-11-01T05:56:05.852+0000] {processor.py:186} INFO - Started process (PID=471) to work on /home/airflow/.local/lib/python3.12/site-packages/airflow/example_dags/example_branch_operator_decorator.py
[2024-11-01T05:56:05.853+0000] {processor.py:914} INFO - Processing file /home/airflow/.local/lib/python3.12/site-packages/airflow/example_dags/example_branch_operator_decorator.py for tasks to queue
[2024-11-01T05:56:05.854+0000] {logging_mixin.py:190} INFO - [2024-11-01T05:56:05.854+0000] {dagbag.py:588} INFO - Filling up the DagBag from /home/airflow/.local/lib/python3.12/site-packages/airflow/example_dags/example_branch_operator_decorator.py
[2024-11-01T05:56:05.871+0000] {processor.py:925} INFO - DAG(s) 'example_branch_python_operator_decorator' retrieved from /home/airflow/.local/lib/python3.12/site-packages/airflow/example_dags/example_branch_operator_decorator.py
[2024-11-01T05:56:05.892+0000] {logging_mixin.py:190} INFO - [2024-11-01T05:56:05.892+0000] {dag.py:3239} INFO - Sync 1 DAGs
[2024-11-01T05:56:05.914+0000] {logging_mixin.py:190} INFO - [2024-11-01T05:56:05.914+0000] {dag.py:4180} INFO - Setting next_dagrun for example_branch_python_operator_decorator to 2024-10-31 00:00:00+00:00, run_after=2024-11-01 00:00:00+00:00
[2024-11-01T05:56:05.930+0000] {processor.py:208} INFO - Processing /home/airflow/.local/lib/python3.12/site-packages/airflow/example_dags/example_branch_operator_decorator.py took 0.083 seconds
[2024-11-01T11:25:12.314+0000] {processor.py:186} INFO - Started process (PID=71) to work on /home/airflow/.local/lib/python3.12/site-packages/airflow/example_dags/example_branch_operator_decorator.py
[2024-11-01T11:25:12.315+0000] {processor.py:914} INFO - Processing file /home/airflow/.local/lib/python3.12/site-packages/airflow/example_dags/example_branch_operator_decorator.py for tasks to queue
[2024-11-01T11:25:12.316+0000] {logging_mixin.py:190} INFO - [2024-11-01T11:25:12.316+0000] {dagbag.py:588} INFO - Filling up the DagBag from /home/airflow/.local/lib/python3.12/site-packages/airflow/example_dags/example_branch_operator_decorator.py
[2024-11-01T11:25:12.331+0000] {processor.py:925} INFO - DAG(s) 'example_branch_python_operator_decorator' retrieved from /home/airflow/.local/lib/python3.12/site-packages/airflow/example_dags/example_branch_operator_decorator.py
[2024-11-01T11:25:12.413+0000] {logging_mixin.py:190} INFO - [2024-11-01T11:25:12.413+0000] {dag.py:3239} INFO - Sync 1 DAGs
[2024-11-01T11:25:12.430+0000] {logging_mixin.py:190} INFO - [2024-11-01T11:25:12.430+0000] {dag.py:4180} INFO - Setting next_dagrun for example_branch_python_operator_decorator to 2024-10-31 00:00:00+00:00, run_after=2024-11-01 00:00:00+00:00
[2024-11-01T11:25:12.447+0000] {processor.py:208} INFO - Processing /home/airflow/.local/lib/python3.12/site-packages/airflow/example_dags/example_branch_operator_decorator.py took 0.136 seconds
[2024-11-01T11:25:42.678+0000] {processor.py:186} INFO - Started process (PID=135) to work on /home/airflow/.local/lib/python3.12/site-packages/airflow/example_dags/example_branch_operator_decorator.py
[2024-11-01T11:25:42.679+0000] {processor.py:914} INFO - Processing file /home/airflow/.local/lib/python3.12/site-packages/airflow/example_dags/example_branch_operator_decorator.py for tasks to queue
[2024-11-01T11:25:42.680+0000] {logging_mixin.py:190} INFO - [2024-11-01T11:25:42.680+0000] {dagbag.py:588} INFO - Filling up the DagBag from /home/airflow/.local/lib/python3.12/site-packages/airflow/example_dags/example_branch_operator_decorator.py
[2024-11-01T11:25:42.693+0000] {processor.py:925} INFO - DAG(s) 'example_branch_python_operator_decorator' retrieved from /home/airflow/.local/lib/python3.12/site-packages/airflow/example_dags/example_branch_operator_decorator.py
[2024-11-01T11:25:42.709+0000] {logging_mixin.py:190} INFO - [2024-11-01T11:25:42.709+0000] {dag.py:3239} INFO - Sync 1 DAGs
[2024-11-01T11:25:42.724+0000] {logging_mixin.py:190} INFO - [2024-11-01T11:25:42.724+0000] {dag.py:4180} INFO - Setting next_dagrun for example_branch_python_operator_decorator to 2024-10-31 00:00:00+00:00, run_after=2024-11-01 00:00:00+00:00
[2024-11-01T11:25:42.735+0000] {processor.py:208} INFO - Processing /home/airflow/.local/lib/python3.12/site-packages/airflow/example_dags/example_branch_operator_decorator.py took 0.060 seconds
[2024-11-01T11:26:13.010+0000] {processor.py:186} INFO - Started process (PID=200) to work on /home/airflow/.local/lib/python3.12/site-packages/airflow/example_dags/example_branch_operator_decorator.py
[2024-11-01T11:26:13.010+0000] {processor.py:914} INFO - Processing file /home/airflow/.local/lib/python3.12/site-packages/airflow/example_dags/example_branch_operator_decorator.py for tasks to queue
[2024-11-01T11:26:13.012+0000] {logging_mixin.py:190} INFO - [2024-11-01T11:26:13.012+0000] {dagbag.py:588} INFO - Filling up the DagBag from /home/airflow/.local/lib/python3.12/site-packages/airflow/example_dags/example_branch_operator_decorator.py
[2024-11-01T11:26:13.027+0000] {processor.py:925} INFO - DAG(s) 'example_branch_python_operator_decorator' retrieved from /home/airflow/.local/lib/python3.12/site-packages/airflow/example_dags/example_branch_operator_decorator.py
[2024-11-01T11:26:13.045+0000] {logging_mixin.py:190} INFO - [2024-11-01T11:26:13.045+0000] {dag.py:3239} INFO - Sync 1 DAGs
[2024-11-01T11:26:13.062+0000] {logging_mixin.py:190} INFO - [2024-11-01T11:26:13.062+0000] {dag.py:4180} INFO - Setting next_dagrun for example_branch_python_operator_decorator to 2024-10-31 00:00:00+00:00, run_after=2024-11-01 00:00:00+00:00
[2024-11-01T11:26:13.077+0000] {processor.py:208} INFO - Processing /home/airflow/.local/lib/python3.12/site-packages/airflow/example_dags/example_branch_operator_decorator.py took 0.072 seconds
[2024-11-01T11:26:44.038+0000] {processor.py:186} INFO - Started process (PID=265) to work on /home/airflow/.local/lib/python3.12/site-packages/airflow/example_dags/example_branch_operator_decorator.py
[2024-11-01T11:26:44.038+0000] {processor.py:914} INFO - Processing file /home/airflow/.local/lib/python3.12/site-packages/airflow/example_dags/example_branch_operator_decorator.py for tasks to queue
[2024-11-01T11:26:44.040+0000] {logging_mixin.py:190} INFO - [2024-11-01T11:26:44.039+0000] {dagbag.py:588} INFO - Filling up the DagBag from /home/airflow/.local/lib/python3.12/site-packages/airflow/example_dags/example_branch_operator_decorator.py
[2024-11-01T11:26:44.054+0000] {processor.py:925} INFO - DAG(s) 'example_branch_python_operator_decorator' retrieved from /home/airflow/.local/lib/python3.12/site-packages/airflow/example_dags/example_branch_operator_decorator.py
[2024-11-01T11:26:44.073+0000] {logging_mixin.py:190} INFO - [2024-11-01T11:26:44.072+0000] {dag.py:3239} INFO - Sync 1 DAGs
[2024-11-01T11:26:44.092+0000] {logging_mixin.py:190} INFO - [2024-11-01T11:26:44.092+0000] {dag.py:4180} INFO - Setting next_dagrun for example_branch_python_operator_decorator to 2024-10-31 00:00:00+00:00, run_after=2024-11-01 00:00:00+00:00
[2024-11-01T11:26:44.107+0000] {processor.py:208} INFO - Processing /home/airflow/.local/lib/python3.12/site-packages/airflow/example_dags/example_branch_operator_decorator.py took 0.073 seconds
[2024-11-01T11:27:14.157+0000] {processor.py:186} INFO - Started process (PID=330) to work on /home/airflow/.local/lib/python3.12/site-packages/airflow/example_dags/example_branch_operator_decorator.py
[2024-11-01T11:27:14.157+0000] {processor.py:914} INFO - Processing file /home/airflow/.local/lib/python3.12/site-packages/airflow/example_dags/example_branch_operator_decorator.py for tasks to queue
[2024-11-01T11:27:14.158+0000] {logging_mixin.py:190} INFO - [2024-11-01T11:27:14.158+0000] {dagbag.py:588} INFO - Filling up the DagBag from /home/airflow/.local/lib/python3.12/site-packages/airflow/example_dags/example_branch_operator_decorator.py
[2024-11-01T11:27:14.171+0000] {processor.py:925} INFO - DAG(s) 'example_branch_python_operator_decorator' retrieved from /home/airflow/.local/lib/python3.12/site-packages/airflow/example_dags/example_branch_operator_decorator.py
[2024-11-01T11:27:14.189+0000] {logging_mixin.py:190} INFO - [2024-11-01T11:27:14.189+0000] {dag.py:3239} INFO - Sync 1 DAGs
[2024-11-01T11:27:14.206+0000] {logging_mixin.py:190} INFO - [2024-11-01T11:27:14.205+0000] {dag.py:4180} INFO - Setting next_dagrun for example_branch_python_operator_decorator to 2024-10-31 00:00:00+00:00, run_after=2024-11-01 00:00:00+00:00
[2024-11-01T11:27:14.219+0000] {processor.py:208} INFO - Processing /home/airflow/.local/lib/python3.12/site-packages/airflow/example_dags/example_branch_operator_decorator.py took 0.066 seconds
[2024-11-01T11:27:44.276+0000] {processor.py:186} INFO - Started process (PID=395) to work on /home/airflow/.local/lib/python3.12/site-packages/airflow/example_dags/example_branch_operator_decorator.py
[2024-11-01T11:27:44.277+0000] {processor.py:914} INFO - Processing file /home/airflow/.local/lib/python3.12/site-packages/airflow/example_dags/example_branch_operator_decorator.py for tasks to queue
[2024-11-01T11:27:44.278+0000] {logging_mixin.py:190} INFO - [2024-11-01T11:27:44.278+0000] {dagbag.py:588} INFO - Filling up the DagBag from /home/airflow/.local/lib/python3.12/site-packages/airflow/example_dags/example_branch_operator_decorator.py
[2024-11-01T11:27:44.291+0000] {processor.py:925} INFO - DAG(s) 'example_branch_python_operator_decorator' retrieved from /home/airflow/.local/lib/python3.12/site-packages/airflow/example_dags/example_branch_operator_decorator.py
[2024-11-01T11:27:44.309+0000] {logging_mixin.py:190} INFO - [2024-11-01T11:27:44.309+0000] {dag.py:3239} INFO - Sync 1 DAGs
[2024-11-01T11:27:44.326+0000] {logging_mixin.py:190} INFO - [2024-11-01T11:27:44.325+0000] {dag.py:4180} INFO - Setting next_dagrun for example_branch_python_operator_decorator to 2024-10-31 00:00:00+00:00, run_after=2024-11-01 00:00:00+00:00
[2024-11-01T11:27:44.340+0000] {processor.py:208} INFO - Processing /home/airflow/.local/lib/python3.12/site-packages/airflow/example_dags/example_branch_operator_decorator.py took 0.067 seconds
[2024-11-01T11:28:14.859+0000] {processor.py:186} INFO - Started process (PID=460) to work on /home/airflow/.local/lib/python3.12/site-packages/airflow/example_dags/example_branch_operator_decorator.py
[2024-11-01T11:28:14.860+0000] {processor.py:914} INFO - Processing file /home/airflow/.local/lib/python3.12/site-packages/airflow/example_dags/example_branch_operator_decorator.py for tasks to queue
[2024-11-01T11:28:14.862+0000] {logging_mixin.py:190} INFO - [2024-11-01T11:28:14.861+0000] {dagbag.py:588} INFO - Filling up the DagBag from /home/airflow/.local/lib/python3.12/site-packages/airflow/example_dags/example_branch_operator_decorator.py
[2024-11-01T11:28:14.876+0000] {processor.py:925} INFO - DAG(s) 'example_branch_python_operator_decorator' retrieved from /home/airflow/.local/lib/python3.12/site-packages/airflow/example_dags/example_branch_operator_decorator.py
[2024-11-01T11:28:14.894+0000] {logging_mixin.py:190} INFO - [2024-11-01T11:28:14.893+0000] {dag.py:3239} INFO - Sync 1 DAGs
[2024-11-01T11:28:14.909+0000] {logging_mixin.py:190} INFO - [2024-11-01T11:28:14.909+0000] {dag.py:4180} INFO - Setting next_dagrun for example_branch_python_operator_decorator to 2024-10-31 00:00:00+00:00, run_after=2024-11-01 00:00:00+00:00
[2024-11-01T11:28:14.922+0000] {processor.py:208} INFO - Processing /home/airflow/.local/lib/python3.12/site-packages/airflow/example_dags/example_branch_operator_decorator.py took 0.067 seconds
[2024-11-01T11:28:45.202+0000] {processor.py:186} INFO - Started process (PID=525) to work on /home/airflow/.local/lib/python3.12/site-packages/airflow/example_dags/example_branch_operator_decorator.py
[2024-11-01T11:28:45.202+0000] {processor.py:914} INFO - Processing file /home/airflow/.local/lib/python3.12/site-packages/airflow/example_dags/example_branch_operator_decorator.py for tasks to queue
[2024-11-01T11:28:45.204+0000] {logging_mixin.py:190} INFO - [2024-11-01T11:28:45.204+0000] {dagbag.py:588} INFO - Filling up the DagBag from /home/airflow/.local/lib/python3.12/site-packages/airflow/example_dags/example_branch_operator_decorator.py
[2024-11-01T11:28:45.216+0000] {processor.py:925} INFO - DAG(s) 'example_branch_python_operator_decorator' retrieved from /home/airflow/.local/lib/python3.12/site-packages/airflow/example_dags/example_branch_operator_decorator.py
[2024-11-01T11:28:45.234+0000] {logging_mixin.py:190} INFO - [2024-11-01T11:28:45.234+0000] {dag.py:3239} INFO - Sync 1 DAGs
[2024-11-01T11:28:45.250+0000] {logging_mixin.py:190} INFO - [2024-11-01T11:28:45.250+0000] {dag.py:4180} INFO - Setting next_dagrun for example_branch_python_operator_decorator to 2024-10-31 00:00:00+00:00, run_after=2024-11-01 00:00:00+00:00
[2024-11-01T11:28:45.264+0000] {processor.py:208} INFO - Processing /home/airflow/.local/lib/python3.12/site-packages/airflow/example_dags/example_branch_operator_decorator.py took 0.066 seconds
[2024-11-01T11:29:15.626+0000] {processor.py:186} INFO - Started process (PID=590) to work on /home/airflow/.local/lib/python3.12/site-packages/airflow/example_dags/example_branch_operator_decorator.py
[2024-11-01T11:29:15.627+0000] {processor.py:914} INFO - Processing file /home/airflow/.local/lib/python3.12/site-packages/airflow/example_dags/example_branch_operator_decorator.py for tasks to queue
[2024-11-01T11:29:15.629+0000] {logging_mixin.py:190} INFO - [2024-11-01T11:29:15.628+0000] {dagbag.py:588} INFO - Filling up the DagBag from /home/airflow/.local/lib/python3.12/site-packages/airflow/example_dags/example_branch_operator_decorator.py
[2024-11-01T11:29:15.642+0000] {processor.py:925} INFO - DAG(s) 'example_branch_python_operator_decorator' retrieved from /home/airflow/.local/lib/python3.12/site-packages/airflow/example_dags/example_branch_operator_decorator.py
[2024-11-01T11:29:15.661+0000] {logging_mixin.py:190} INFO - [2024-11-01T11:29:15.660+0000] {dag.py:3239} INFO - Sync 1 DAGs
[2024-11-01T11:29:15.676+0000] {logging_mixin.py:190} INFO - [2024-11-01T11:29:15.676+0000] {dag.py:4180} INFO - Setting next_dagrun for example_branch_python_operator_decorator to 2024-10-31 00:00:00+00:00, run_after=2024-11-01 00:00:00+00:00
[2024-11-01T11:29:15.689+0000] {processor.py:208} INFO - Processing /home/airflow/.local/lib/python3.12/site-packages/airflow/example_dags/example_branch_operator_decorator.py took 0.067 seconds
[2024-11-01T11:29:46.041+0000] {processor.py:186} INFO - Started process (PID=655) to work on /home/airflow/.local/lib/python3.12/site-packages/airflow/example_dags/example_branch_operator_decorator.py
[2024-11-01T11:29:46.042+0000] {processor.py:914} INFO - Processing file /home/airflow/.local/lib/python3.12/site-packages/airflow/example_dags/example_branch_operator_decorator.py for tasks to queue
[2024-11-01T11:29:46.043+0000] {logging_mixin.py:190} INFO - [2024-11-01T11:29:46.043+0000] {dagbag.py:588} INFO - Filling up the DagBag from /home/airflow/.local/lib/python3.12/site-packages/airflow/example_dags/example_branch_operator_decorator.py
[2024-11-01T11:29:46.056+0000] {processor.py:925} INFO - DAG(s) 'example_branch_python_operator_decorator' retrieved from /home/airflow/.local/lib/python3.12/site-packages/airflow/example_dags/example_branch_operator_decorator.py
[2024-11-01T11:29:46.075+0000] {logging_mixin.py:190} INFO - [2024-11-01T11:29:46.074+0000] {dag.py:3239} INFO - Sync 1 DAGs
[2024-11-01T11:29:46.093+0000] {logging_mixin.py:190} INFO - [2024-11-01T11:29:46.092+0000] {dag.py:4180} INFO - Setting next_dagrun for example_branch_python_operator_decorator to 2024-10-31 00:00:00+00:00, run_after=2024-11-01 00:00:00+00:00
[2024-11-01T11:29:46.107+0000] {processor.py:208} INFO - Processing /home/airflow/.local/lib/python3.12/site-packages/airflow/example_dags/example_branch_operator_decorator.py took 0.069 seconds
[2024-11-01T11:30:16.271+0000] {processor.py:186} INFO - Started process (PID=720) to work on /home/airflow/.local/lib/python3.12/site-packages/airflow/example_dags/example_branch_operator_decorator.py
[2024-11-01T11:30:16.271+0000] {processor.py:914} INFO - Processing file /home/airflow/.local/lib/python3.12/site-packages/airflow/example_dags/example_branch_operator_decorator.py for tasks to queue
[2024-11-01T11:30:16.273+0000] {logging_mixin.py:190} INFO - [2024-11-01T11:30:16.272+0000] {dagbag.py:588} INFO - Filling up the DagBag from /home/airflow/.local/lib/python3.12/site-packages/airflow/example_dags/example_branch_operator_decorator.py
[2024-11-01T11:30:16.284+0000] {processor.py:925} INFO - DAG(s) 'example_branch_python_operator_decorator' retrieved from /home/airflow/.local/lib/python3.12/site-packages/airflow/example_dags/example_branch_operator_decorator.py
[2024-11-01T11:30:16.301+0000] {logging_mixin.py:190} INFO - [2024-11-01T11:30:16.301+0000] {dag.py:3239} INFO - Sync 1 DAGs
[2024-11-01T11:30:16.314+0000] {logging_mixin.py:190} INFO - [2024-11-01T11:30:16.314+0000] {dag.py:4180} INFO - Setting next_dagrun for example_branch_python_operator_decorator to 2024-10-31 00:00:00+00:00, run_after=2024-11-01 00:00:00+00:00
[2024-11-01T11:30:16.329+0000] {processor.py:208} INFO - Processing /home/airflow/.local/lib/python3.12/site-packages/airflow/example_dags/example_branch_operator_decorator.py took 0.062 seconds
[2024-11-01T11:30:46.666+0000] {processor.py:186} INFO - Started process (PID=785) to work on /home/airflow/.local/lib/python3.12/site-packages/airflow/example_dags/example_branch_operator_decorator.py
[2024-11-01T11:30:46.667+0000] {processor.py:914} INFO - Processing file /home/airflow/.local/lib/python3.12/site-packages/airflow/example_dags/example_branch_operator_decorator.py for tasks to queue
[2024-11-01T11:30:46.668+0000] {logging_mixin.py:190} INFO - [2024-11-01T11:30:46.668+0000] {dagbag.py:588} INFO - Filling up the DagBag from /home/airflow/.local/lib/python3.12/site-packages/airflow/example_dags/example_branch_operator_decorator.py
[2024-11-01T11:30:46.682+0000] {processor.py:925} INFO - DAG(s) 'example_branch_python_operator_decorator' retrieved from /home/airflow/.local/lib/python3.12/site-packages/airflow/example_dags/example_branch_operator_decorator.py
[2024-11-01T11:30:46.700+0000] {logging_mixin.py:190} INFO - [2024-11-01T11:30:46.700+0000] {dag.py:3239} INFO - Sync 1 DAGs
[2024-11-01T11:30:46.716+0000] {logging_mixin.py:190} INFO - [2024-11-01T11:30:46.716+0000] {dag.py:4180} INFO - Setting next_dagrun for example_branch_python_operator_decorator to 2024-10-31 00:00:00+00:00, run_after=2024-11-01 00:00:00+00:00
[2024-11-01T11:30:46.729+0000] {processor.py:208} INFO - Processing /home/airflow/.local/lib/python3.12/site-packages/airflow/example_dags/example_branch_operator_decorator.py took 0.067 seconds
[2024-11-01T11:31:17.040+0000] {processor.py:186} INFO - Started process (PID=850) to work on /home/airflow/.local/lib/python3.12/site-packages/airflow/example_dags/example_branch_operator_decorator.py
[2024-11-01T11:31:17.041+0000] {processor.py:914} INFO - Processing file /home/airflow/.local/lib/python3.12/site-packages/airflow/example_dags/example_branch_operator_decorator.py for tasks to queue
[2024-11-01T11:31:17.043+0000] {logging_mixin.py:190} INFO - [2024-11-01T11:31:17.042+0000] {dagbag.py:588} INFO - Filling up the DagBag from /home/airflow/.local/lib/python3.12/site-packages/airflow/example_dags/example_branch_operator_decorator.py
[2024-11-01T11:31:17.056+0000] {processor.py:925} INFO - DAG(s) 'example_branch_python_operator_decorator' retrieved from /home/airflow/.local/lib/python3.12/site-packages/airflow/example_dags/example_branch_operator_decorator.py
[2024-11-01T11:31:17.074+0000] {logging_mixin.py:190} INFO - [2024-11-01T11:31:17.074+0000] {dag.py:3239} INFO - Sync 1 DAGs
[2024-11-01T11:31:17.090+0000] {logging_mixin.py:190} INFO - [2024-11-01T11:31:17.090+0000] {dag.py:4180} INFO - Setting next_dagrun for example_branch_python_operator_decorator to 2024-10-31 00:00:00+00:00, run_after=2024-11-01 00:00:00+00:00
[2024-11-01T11:31:17.105+0000] {processor.py:208} INFO - Processing /home/airflow/.local/lib/python3.12/site-packages/airflow/example_dags/example_branch_operator_decorator.py took 0.068 seconds
[2024-11-01T11:31:47.430+0000] {processor.py:186} INFO - Started process (PID=915) to work on /home/airflow/.local/lib/python3.12/site-packages/airflow/example_dags/example_branch_operator_decorator.py
[2024-11-01T11:31:47.431+0000] {processor.py:914} INFO - Processing file /home/airflow/.local/lib/python3.12/site-packages/airflow/example_dags/example_branch_operator_decorator.py for tasks to queue
[2024-11-01T11:31:47.433+0000] {logging_mixin.py:190} INFO - [2024-11-01T11:31:47.432+0000] {dagbag.py:588} INFO - Filling up the DagBag from /home/airflow/.local/lib/python3.12/site-packages/airflow/example_dags/example_branch_operator_decorator.py
[2024-11-01T11:31:47.444+0000] {processor.py:925} INFO - DAG(s) 'example_branch_python_operator_decorator' retrieved from /home/airflow/.local/lib/python3.12/site-packages/airflow/example_dags/example_branch_operator_decorator.py
[2024-11-01T11:31:47.463+0000] {logging_mixin.py:190} INFO - [2024-11-01T11:31:47.463+0000] {dag.py:3239} INFO - Sync 1 DAGs
[2024-11-01T11:31:47.478+0000] {logging_mixin.py:190} INFO - [2024-11-01T11:31:47.478+0000] {dag.py:4180} INFO - Setting next_dagrun for example_branch_python_operator_decorator to 2024-10-31 00:00:00+00:00, run_after=2024-11-01 00:00:00+00:00
[2024-11-01T11:31:47.490+0000] {processor.py:208} INFO - Processing /home/airflow/.local/lib/python3.12/site-packages/airflow/example_dags/example_branch_operator_decorator.py took 0.063 seconds
[2024-11-01T11:32:17.833+0000] {processor.py:186} INFO - Started process (PID=980) to work on /home/airflow/.local/lib/python3.12/site-packages/airflow/example_dags/example_branch_operator_decorator.py
[2024-11-01T11:32:17.834+0000] {processor.py:914} INFO - Processing file /home/airflow/.local/lib/python3.12/site-packages/airflow/example_dags/example_branch_operator_decorator.py for tasks to queue
[2024-11-01T11:32:17.835+0000] {logging_mixin.py:190} INFO - [2024-11-01T11:32:17.835+0000] {dagbag.py:588} INFO - Filling up the DagBag from /home/airflow/.local/lib/python3.12/site-packages/airflow/example_dags/example_branch_operator_decorator.py
[2024-11-01T11:32:17.849+0000] {processor.py:925} INFO - DAG(s) 'example_branch_python_operator_decorator' retrieved from /home/airflow/.local/lib/python3.12/site-packages/airflow/example_dags/example_branch_operator_decorator.py
[2024-11-01T11:32:17.867+0000] {logging_mixin.py:190} INFO - [2024-11-01T11:32:17.866+0000] {dag.py:3239} INFO - Sync 1 DAGs
[2024-11-01T11:32:17.883+0000] {logging_mixin.py:190} INFO - [2024-11-01T11:32:17.883+0000] {dag.py:4180} INFO - Setting next_dagrun for example_branch_python_operator_decorator to 2024-10-31 00:00:00+00:00, run_after=2024-11-01 00:00:00+00:00
[2024-11-01T11:32:17.898+0000] {processor.py:208} INFO - Processing /home/airflow/.local/lib/python3.12/site-packages/airflow/example_dags/example_branch_operator_decorator.py took 0.069 seconds
[2024-11-01T11:32:48.374+0000] {processor.py:186} INFO - Started process (PID=1046) to work on /home/airflow/.local/lib/python3.12/site-packages/airflow/example_dags/example_branch_operator_decorator.py
[2024-11-01T11:32:48.374+0000] {processor.py:914} INFO - Processing file /home/airflow/.local/lib/python3.12/site-packages/airflow/example_dags/example_branch_operator_decorator.py for tasks to queue
[2024-11-01T11:32:48.376+0000] {logging_mixin.py:190} INFO - [2024-11-01T11:32:48.375+0000] {dagbag.py:588} INFO - Filling up the DagBag from /home/airflow/.local/lib/python3.12/site-packages/airflow/example_dags/example_branch_operator_decorator.py
[2024-11-01T11:32:48.387+0000] {processor.py:925} INFO - DAG(s) 'example_branch_python_operator_decorator' retrieved from /home/airflow/.local/lib/python3.12/site-packages/airflow/example_dags/example_branch_operator_decorator.py
[2024-11-01T11:32:48.404+0000] {logging_mixin.py:190} INFO - [2024-11-01T11:32:48.404+0000] {dag.py:3239} INFO - Sync 1 DAGs
[2024-11-01T11:32:48.418+0000] {logging_mixin.py:190} INFO - [2024-11-01T11:32:48.418+0000] {dag.py:4180} INFO - Setting next_dagrun for example_branch_python_operator_decorator to 2024-10-31 00:00:00+00:00, run_after=2024-11-01 00:00:00+00:00
[2024-11-01T11:32:48.431+0000] {processor.py:208} INFO - Processing /home/airflow/.local/lib/python3.12/site-packages/airflow/example_dags/example_branch_operator_decorator.py took 0.061 seconds
[2024-11-01T11:33:18.713+0000] {processor.py:186} INFO - Started process (PID=1111) to work on /home/airflow/.local/lib/python3.12/site-packages/airflow/example_dags/example_branch_operator_decorator.py
[2024-11-01T11:33:18.713+0000] {processor.py:914} INFO - Processing file /home/airflow/.local/lib/python3.12/site-packages/airflow/example_dags/example_branch_operator_decorator.py for tasks to queue
[2024-11-01T11:33:18.715+0000] {logging_mixin.py:190} INFO - [2024-11-01T11:33:18.714+0000] {dagbag.py:588} INFO - Filling up the DagBag from /home/airflow/.local/lib/python3.12/site-packages/airflow/example_dags/example_branch_operator_decorator.py
[2024-11-01T11:33:18.729+0000] {processor.py:925} INFO - DAG(s) 'example_branch_python_operator_decorator' retrieved from /home/airflow/.local/lib/python3.12/site-packages/airflow/example_dags/example_branch_operator_decorator.py
[2024-11-01T11:33:18.746+0000] {logging_mixin.py:190} INFO - [2024-11-01T11:33:18.746+0000] {dag.py:3239} INFO - Sync 1 DAGs
[2024-11-01T11:33:18.763+0000] {logging_mixin.py:190} INFO - [2024-11-01T11:33:18.763+0000] {dag.py:4180} INFO - Setting next_dagrun for example_branch_python_operator_decorator to 2024-10-31 00:00:00+00:00, run_after=2024-11-01 00:00:00+00:00
[2024-11-01T11:33:18.776+0000] {processor.py:208} INFO - Processing /home/airflow/.local/lib/python3.12/site-packages/airflow/example_dags/example_branch_operator_decorator.py took 0.067 seconds
[2024-11-01T11:33:48.843+0000] {processor.py:186} INFO - Started process (PID=1176) to work on /home/airflow/.local/lib/python3.12/site-packages/airflow/example_dags/example_branch_operator_decorator.py
[2024-11-01T11:33:48.844+0000] {processor.py:914} INFO - Processing file /home/airflow/.local/lib/python3.12/site-packages/airflow/example_dags/example_branch_operator_decorator.py for tasks to queue
[2024-11-01T11:33:48.845+0000] {logging_mixin.py:190} INFO - [2024-11-01T11:33:48.845+0000] {dagbag.py:588} INFO - Filling up the DagBag from /home/airflow/.local/lib/python3.12/site-packages/airflow/example_dags/example_branch_operator_decorator.py
[2024-11-01T11:33:48.859+0000] {processor.py:925} INFO - DAG(s) 'example_branch_python_operator_decorator' retrieved from /home/airflow/.local/lib/python3.12/site-packages/airflow/example_dags/example_branch_operator_decorator.py
[2024-11-01T11:33:48.877+0000] {logging_mixin.py:190} INFO - [2024-11-01T11:33:48.877+0000] {dag.py:3239} INFO - Sync 1 DAGs
[2024-11-01T11:33:48.894+0000] {logging_mixin.py:190} INFO - [2024-11-01T11:33:48.894+0000] {dag.py:4180} INFO - Setting next_dagrun for example_branch_python_operator_decorator to 2024-10-31 00:00:00+00:00, run_after=2024-11-01 00:00:00+00:00
[2024-11-01T11:33:48.908+0000] {processor.py:208} INFO - Processing /home/airflow/.local/lib/python3.12/site-packages/airflow/example_dags/example_branch_operator_decorator.py took 0.069 seconds
[2024-11-01T11:34:19.500+0000] {processor.py:186} INFO - Started process (PID=1241) to work on /home/airflow/.local/lib/python3.12/site-packages/airflow/example_dags/example_branch_operator_decorator.py
[2024-11-01T11:34:19.501+0000] {processor.py:914} INFO - Processing file /home/airflow/.local/lib/python3.12/site-packages/airflow/example_dags/example_branch_operator_decorator.py for tasks to queue
[2024-11-01T11:34:19.502+0000] {logging_mixin.py:190} INFO - [2024-11-01T11:34:19.502+0000] {dagbag.py:588} INFO - Filling up the DagBag from /home/airflow/.local/lib/python3.12/site-packages/airflow/example_dags/example_branch_operator_decorator.py
[2024-11-01T11:34:19.516+0000] {processor.py:925} INFO - DAG(s) 'example_branch_python_operator_decorator' retrieved from /home/airflow/.local/lib/python3.12/site-packages/airflow/example_dags/example_branch_operator_decorator.py
[2024-11-01T11:34:19.534+0000] {logging_mixin.py:190} INFO - [2024-11-01T11:34:19.534+0000] {dag.py:3239} INFO - Sync 1 DAGs
[2024-11-01T11:34:19.550+0000] {logging_mixin.py:190} INFO - [2024-11-01T11:34:19.550+0000] {dag.py:4180} INFO - Setting next_dagrun for example_branch_python_operator_decorator to 2024-10-31 00:00:00+00:00, run_after=2024-11-01 00:00:00+00:00
[2024-11-01T11:34:19.564+0000] {processor.py:208} INFO - Processing /home/airflow/.local/lib/python3.12/site-packages/airflow/example_dags/example_branch_operator_decorator.py took 0.068 seconds
[2024-11-01T11:34:50.068+0000] {processor.py:186} INFO - Started process (PID=1306) to work on /home/airflow/.local/lib/python3.12/site-packages/airflow/example_dags/example_branch_operator_decorator.py
[2024-11-01T11:34:50.069+0000] {processor.py:914} INFO - Processing file /home/airflow/.local/lib/python3.12/site-packages/airflow/example_dags/example_branch_operator_decorator.py for tasks to queue
[2024-11-01T11:34:50.070+0000] {logging_mixin.py:190} INFO - [2024-11-01T11:34:50.070+0000] {dagbag.py:588} INFO - Filling up the DagBag from /home/airflow/.local/lib/python3.12/site-packages/airflow/example_dags/example_branch_operator_decorator.py
[2024-11-01T11:34:50.084+0000] {processor.py:925} INFO - DAG(s) 'example_branch_python_operator_decorator' retrieved from /home/airflow/.local/lib/python3.12/site-packages/airflow/example_dags/example_branch_operator_decorator.py
[2024-11-01T11:34:50.101+0000] {logging_mixin.py:190} INFO - [2024-11-01T11:34:50.101+0000] {dag.py:3239} INFO - Sync 1 DAGs
[2024-11-01T11:34:50.119+0000] {logging_mixin.py:190} INFO - [2024-11-01T11:34:50.118+0000] {dag.py:4180} INFO - Setting next_dagrun for example_branch_python_operator_decorator to 2024-10-31 00:00:00+00:00, run_after=2024-11-01 00:00:00+00:00
[2024-11-01T11:34:50.135+0000] {processor.py:208} INFO - Processing /home/airflow/.local/lib/python3.12/site-packages/airflow/example_dags/example_branch_operator_decorator.py took 0.071 seconds
[2024-11-01T11:35:20.884+0000] {processor.py:186} INFO - Started process (PID=1371) to work on /home/airflow/.local/lib/python3.12/site-packages/airflow/example_dags/example_branch_operator_decorator.py
[2024-11-01T11:35:20.884+0000] {processor.py:914} INFO - Processing file /home/airflow/.local/lib/python3.12/site-packages/airflow/example_dags/example_branch_operator_decorator.py for tasks to queue
[2024-11-01T11:35:20.886+0000] {logging_mixin.py:190} INFO - [2024-11-01T11:35:20.886+0000] {dagbag.py:588} INFO - Filling up the DagBag from /home/airflow/.local/lib/python3.12/site-packages/airflow/example_dags/example_branch_operator_decorator.py
[2024-11-01T11:35:20.901+0000] {processor.py:925} INFO - DAG(s) 'example_branch_python_operator_decorator' retrieved from /home/airflow/.local/lib/python3.12/site-packages/airflow/example_dags/example_branch_operator_decorator.py
[2024-11-01T11:35:20.929+0000] {logging_mixin.py:190} INFO - [2024-11-01T11:35:20.928+0000] {dag.py:3239} INFO - Sync 1 DAGs
[2024-11-01T11:35:20.951+0000] {logging_mixin.py:190} INFO - [2024-11-01T11:35:20.950+0000] {dag.py:4180} INFO - Setting next_dagrun for example_branch_python_operator_decorator to 2024-10-31 00:00:00+00:00, run_after=2024-11-01 00:00:00+00:00
[2024-11-01T11:35:20.965+0000] {processor.py:208} INFO - Processing /home/airflow/.local/lib/python3.12/site-packages/airflow/example_dags/example_branch_operator_decorator.py took 0.085 seconds
[2024-11-01T11:35:51.280+0000] {processor.py:186} INFO - Started process (PID=1436) to work on /home/airflow/.local/lib/python3.12/site-packages/airflow/example_dags/example_branch_operator_decorator.py
[2024-11-01T11:35:51.281+0000] {processor.py:914} INFO - Processing file /home/airflow/.local/lib/python3.12/site-packages/airflow/example_dags/example_branch_operator_decorator.py for tasks to queue
[2024-11-01T11:35:51.282+0000] {logging_mixin.py:190} INFO - [2024-11-01T11:35:51.282+0000] {dagbag.py:588} INFO - Filling up the DagBag from /home/airflow/.local/lib/python3.12/site-packages/airflow/example_dags/example_branch_operator_decorator.py
[2024-11-01T11:35:51.296+0000] {processor.py:925} INFO - DAG(s) 'example_branch_python_operator_decorator' retrieved from /home/airflow/.local/lib/python3.12/site-packages/airflow/example_dags/example_branch_operator_decorator.py
[2024-11-01T11:35:51.321+0000] {logging_mixin.py:190} INFO - [2024-11-01T11:35:51.320+0000] {dag.py:3239} INFO - Sync 1 DAGs
[2024-11-01T11:35:51.342+0000] {logging_mixin.py:190} INFO - [2024-11-01T11:35:51.341+0000] {dag.py:4180} INFO - Setting next_dagrun for example_branch_python_operator_decorator to 2024-10-31 00:00:00+00:00, run_after=2024-11-01 00:00:00+00:00
[2024-11-01T11:35:51.357+0000] {processor.py:208} INFO - Processing /home/airflow/.local/lib/python3.12/site-packages/airflow/example_dags/example_branch_operator_decorator.py took 0.080 seconds
[2024-11-01T11:36:22.423+0000] {processor.py:186} INFO - Started process (PID=1501) to work on /home/airflow/.local/lib/python3.12/site-packages/airflow/example_dags/example_branch_operator_decorator.py
[2024-11-01T11:36:22.423+0000] {processor.py:914} INFO - Processing file /home/airflow/.local/lib/python3.12/site-packages/airflow/example_dags/example_branch_operator_decorator.py for tasks to queue
[2024-11-01T11:36:22.425+0000] {logging_mixin.py:190} INFO - [2024-11-01T11:36:22.424+0000] {dagbag.py:588} INFO - Filling up the DagBag from /home/airflow/.local/lib/python3.12/site-packages/airflow/example_dags/example_branch_operator_decorator.py
[2024-11-01T11:36:22.436+0000] {processor.py:925} INFO - DAG(s) 'example_branch_python_operator_decorator' retrieved from /home/airflow/.local/lib/python3.12/site-packages/airflow/example_dags/example_branch_operator_decorator.py
[2024-11-01T11:36:22.453+0000] {logging_mixin.py:190} INFO - [2024-11-01T11:36:22.453+0000] {dag.py:3239} INFO - Sync 1 DAGs
[2024-11-01T11:36:22.467+0000] {logging_mixin.py:190} INFO - [2024-11-01T11:36:22.466+0000] {dag.py:4180} INFO - Setting next_dagrun for example_branch_python_operator_decorator to 2024-10-31 00:00:00+00:00, run_after=2024-11-01 00:00:00+00:00
[2024-11-01T11:36:22.479+0000] {processor.py:208} INFO - Processing /home/airflow/.local/lib/python3.12/site-packages/airflow/example_dags/example_branch_operator_decorator.py took 0.060 seconds
[2024-11-01T11:36:52.570+0000] {processor.py:186} INFO - Started process (PID=1565) to work on /home/airflow/.local/lib/python3.12/site-packages/airflow/example_dags/example_branch_operator_decorator.py
[2024-11-01T11:36:52.571+0000] {processor.py:914} INFO - Processing file /home/airflow/.local/lib/python3.12/site-packages/airflow/example_dags/example_branch_operator_decorator.py for tasks to queue
[2024-11-01T11:36:52.572+0000] {logging_mixin.py:190} INFO - [2024-11-01T11:36:52.572+0000] {dagbag.py:588} INFO - Filling up the DagBag from /home/airflow/.local/lib/python3.12/site-packages/airflow/example_dags/example_branch_operator_decorator.py
[2024-11-01T11:36:52.586+0000] {processor.py:925} INFO - DAG(s) 'example_branch_python_operator_decorator' retrieved from /home/airflow/.local/lib/python3.12/site-packages/airflow/example_dags/example_branch_operator_decorator.py
[2024-11-01T11:36:52.604+0000] {logging_mixin.py:190} INFO - [2024-11-01T11:36:52.604+0000] {dag.py:3239} INFO - Sync 1 DAGs
[2024-11-01T11:36:52.620+0000] {logging_mixin.py:190} INFO - [2024-11-01T11:36:52.620+0000] {dag.py:4180} INFO - Setting next_dagrun for example_branch_python_operator_decorator to 2024-10-31 00:00:00+00:00, run_after=2024-11-01 00:00:00+00:00
[2024-11-01T11:36:52.635+0000] {processor.py:208} INFO - Processing /home/airflow/.local/lib/python3.12/site-packages/airflow/example_dags/example_branch_operator_decorator.py took 0.068 seconds
[2024-11-01T11:37:23.023+0000] {processor.py:186} INFO - Started process (PID=1631) to work on /home/airflow/.local/lib/python3.12/site-packages/airflow/example_dags/example_branch_operator_decorator.py
[2024-11-01T11:37:23.024+0000] {processor.py:914} INFO - Processing file /home/airflow/.local/lib/python3.12/site-packages/airflow/example_dags/example_branch_operator_decorator.py for tasks to queue
[2024-11-01T11:37:23.025+0000] {logging_mixin.py:190} INFO - [2024-11-01T11:37:23.025+0000] {dagbag.py:588} INFO - Filling up the DagBag from /home/airflow/.local/lib/python3.12/site-packages/airflow/example_dags/example_branch_operator_decorator.py
[2024-11-01T11:37:23.038+0000] {processor.py:925} INFO - DAG(s) 'example_branch_python_operator_decorator' retrieved from /home/airflow/.local/lib/python3.12/site-packages/airflow/example_dags/example_branch_operator_decorator.py
[2024-11-01T11:37:23.059+0000] {logging_mixin.py:190} INFO - [2024-11-01T11:37:23.059+0000] {dag.py:3239} INFO - Sync 1 DAGs
[2024-11-01T11:37:23.075+0000] {logging_mixin.py:190} INFO - [2024-11-01T11:37:23.075+0000] {dag.py:4180} INFO - Setting next_dagrun for example_branch_python_operator_decorator to 2024-10-31 00:00:00+00:00, run_after=2024-11-01 00:00:00+00:00
[2024-11-01T11:37:23.089+0000] {processor.py:208} INFO - Processing /home/airflow/.local/lib/python3.12/site-packages/airflow/example_dags/example_branch_operator_decorator.py took 0.069 seconds
[2024-11-01T11:37:54.026+0000] {processor.py:186} INFO - Started process (PID=1695) to work on /home/airflow/.local/lib/python3.12/site-packages/airflow/example_dags/example_branch_operator_decorator.py
[2024-11-01T11:37:54.027+0000] {processor.py:914} INFO - Processing file /home/airflow/.local/lib/python3.12/site-packages/airflow/example_dags/example_branch_operator_decorator.py for tasks to queue
[2024-11-01T11:37:54.028+0000] {logging_mixin.py:190} INFO - [2024-11-01T11:37:54.028+0000] {dagbag.py:588} INFO - Filling up the DagBag from /home/airflow/.local/lib/python3.12/site-packages/airflow/example_dags/example_branch_operator_decorator.py
[2024-11-01T11:37:54.042+0000] {processor.py:925} INFO - DAG(s) 'example_branch_python_operator_decorator' retrieved from /home/airflow/.local/lib/python3.12/site-packages/airflow/example_dags/example_branch_operator_decorator.py
[2024-11-01T11:37:54.059+0000] {logging_mixin.py:190} INFO - [2024-11-01T11:37:54.058+0000] {dag.py:3239} INFO - Sync 1 DAGs
[2024-11-01T11:37:54.074+0000] {logging_mixin.py:190} INFO - [2024-11-01T11:37:54.074+0000] {dag.py:4180} INFO - Setting next_dagrun for example_branch_python_operator_decorator to 2024-10-31 00:00:00+00:00, run_after=2024-11-01 00:00:00+00:00
[2024-11-01T11:37:54.089+0000] {processor.py:208} INFO - Processing /home/airflow/.local/lib/python3.12/site-packages/airflow/example_dags/example_branch_operator_decorator.py took 0.067 seconds
[2024-11-01T11:38:24.263+0000] {processor.py:186} INFO - Started process (PID=1760) to work on /home/airflow/.local/lib/python3.12/site-packages/airflow/example_dags/example_branch_operator_decorator.py
[2024-11-01T11:38:24.263+0000] {processor.py:914} INFO - Processing file /home/airflow/.local/lib/python3.12/site-packages/airflow/example_dags/example_branch_operator_decorator.py for tasks to queue
[2024-11-01T11:38:24.265+0000] {logging_mixin.py:190} INFO - [2024-11-01T11:38:24.264+0000] {dagbag.py:588} INFO - Filling up the DagBag from /home/airflow/.local/lib/python3.12/site-packages/airflow/example_dags/example_branch_operator_decorator.py
[2024-11-01T11:38:24.278+0000] {processor.py:925} INFO - DAG(s) 'example_branch_python_operator_decorator' retrieved from /home/airflow/.local/lib/python3.12/site-packages/airflow/example_dags/example_branch_operator_decorator.py
[2024-11-01T11:38:24.301+0000] {logging_mixin.py:190} INFO - [2024-11-01T11:38:24.301+0000] {dag.py:3239} INFO - Sync 1 DAGs
[2024-11-01T11:38:24.320+0000] {logging_mixin.py:190} INFO - [2024-11-01T11:38:24.320+0000] {dag.py:4180} INFO - Setting next_dagrun for example_branch_python_operator_decorator to 2024-10-31 00:00:00+00:00, run_after=2024-11-01 00:00:00+00:00
[2024-11-01T11:38:24.338+0000] {processor.py:208} INFO - Processing /home/airflow/.local/lib/python3.12/site-packages/airflow/example_dags/example_branch_operator_decorator.py took 0.079 seconds
[2024-11-01T11:38:54.362+0000] {processor.py:186} INFO - Started process (PID=1825) to work on /home/airflow/.local/lib/python3.12/site-packages/airflow/example_dags/example_branch_operator_decorator.py
[2024-11-01T11:38:54.363+0000] {processor.py:914} INFO - Processing file /home/airflow/.local/lib/python3.12/site-packages/airflow/example_dags/example_branch_operator_decorator.py for tasks to queue
[2024-11-01T11:38:54.364+0000] {logging_mixin.py:190} INFO - [2024-11-01T11:38:54.364+0000] {dagbag.py:588} INFO - Filling up the DagBag from /home/airflow/.local/lib/python3.12/site-packages/airflow/example_dags/example_branch_operator_decorator.py
[2024-11-01T11:38:54.379+0000] {processor.py:925} INFO - DAG(s) 'example_branch_python_operator_decorator' retrieved from /home/airflow/.local/lib/python3.12/site-packages/airflow/example_dags/example_branch_operator_decorator.py
[2024-11-01T11:38:54.396+0000] {logging_mixin.py:190} INFO - [2024-11-01T11:38:54.396+0000] {dag.py:3239} INFO - Sync 1 DAGs
[2024-11-01T11:38:54.414+0000] {logging_mixin.py:190} INFO - [2024-11-01T11:38:54.413+0000] {dag.py:4180} INFO - Setting next_dagrun for example_branch_python_operator_decorator to 2024-10-31 00:00:00+00:00, run_after=2024-11-01 00:00:00+00:00
[2024-11-01T11:38:54.428+0000] {processor.py:208} INFO - Processing /home/airflow/.local/lib/python3.12/site-packages/airflow/example_dags/example_branch_operator_decorator.py took 0.070 seconds
[2024-11-01T11:39:25.132+0000] {processor.py:186} INFO - Started process (PID=1890) to work on /home/airflow/.local/lib/python3.12/site-packages/airflow/example_dags/example_branch_operator_decorator.py
[2024-11-01T11:39:25.133+0000] {processor.py:914} INFO - Processing file /home/airflow/.local/lib/python3.12/site-packages/airflow/example_dags/example_branch_operator_decorator.py for tasks to queue
[2024-11-01T11:39:25.134+0000] {logging_mixin.py:190} INFO - [2024-11-01T11:39:25.134+0000] {dagbag.py:588} INFO - Filling up the DagBag from /home/airflow/.local/lib/python3.12/site-packages/airflow/example_dags/example_branch_operator_decorator.py
[2024-11-01T11:39:25.147+0000] {processor.py:925} INFO - DAG(s) 'example_branch_python_operator_decorator' retrieved from /home/airflow/.local/lib/python3.12/site-packages/airflow/example_dags/example_branch_operator_decorator.py
[2024-11-01T11:39:25.165+0000] {logging_mixin.py:190} INFO - [2024-11-01T11:39:25.165+0000] {dag.py:3239} INFO - Sync 1 DAGs
[2024-11-01T11:39:25.180+0000] {logging_mixin.py:190} INFO - [2024-11-01T11:39:25.180+0000] {dag.py:4180} INFO - Setting next_dagrun for example_branch_python_operator_decorator to 2024-10-31 00:00:00+00:00, run_after=2024-11-01 00:00:00+00:00
[2024-11-01T11:39:25.195+0000] {processor.py:208} INFO - Processing /home/airflow/.local/lib/python3.12/site-packages/airflow/example_dags/example_branch_operator_decorator.py took 0.068 seconds
[2024-11-01T11:39:55.900+0000] {processor.py:186} INFO - Started process (PID=1955) to work on /home/airflow/.local/lib/python3.12/site-packages/airflow/example_dags/example_branch_operator_decorator.py
[2024-11-01T11:39:55.901+0000] {processor.py:914} INFO - Processing file /home/airflow/.local/lib/python3.12/site-packages/airflow/example_dags/example_branch_operator_decorator.py for tasks to queue
[2024-11-01T11:39:55.902+0000] {logging_mixin.py:190} INFO - [2024-11-01T11:39:55.902+0000] {dagbag.py:588} INFO - Filling up the DagBag from /home/airflow/.local/lib/python3.12/site-packages/airflow/example_dags/example_branch_operator_decorator.py
[2024-11-01T11:39:55.916+0000] {processor.py:925} INFO - DAG(s) 'example_branch_python_operator_decorator' retrieved from /home/airflow/.local/lib/python3.12/site-packages/airflow/example_dags/example_branch_operator_decorator.py
[2024-11-01T11:39:55.935+0000] {logging_mixin.py:190} INFO - [2024-11-01T11:39:55.935+0000] {dag.py:3239} INFO - Sync 1 DAGs
[2024-11-01T11:39:55.952+0000] {logging_mixin.py:190} INFO - [2024-11-01T11:39:55.952+0000] {dag.py:4180} INFO - Setting next_dagrun for example_branch_python_operator_decorator to 2024-10-31 00:00:00+00:00, run_after=2024-11-01 00:00:00+00:00
[2024-11-01T11:39:55.965+0000] {processor.py:208} INFO - Processing /home/airflow/.local/lib/python3.12/site-packages/airflow/example_dags/example_branch_operator_decorator.py took 0.069 seconds
[2024-11-01T11:40:26.032+0000] {processor.py:186} INFO - Started process (PID=2020) to work on /home/airflow/.local/lib/python3.12/site-packages/airflow/example_dags/example_branch_operator_decorator.py
[2024-11-01T11:40:26.032+0000] {processor.py:914} INFO - Processing file /home/airflow/.local/lib/python3.12/site-packages/airflow/example_dags/example_branch_operator_decorator.py for tasks to queue
[2024-11-01T11:40:26.034+0000] {logging_mixin.py:190} INFO - [2024-11-01T11:40:26.034+0000] {dagbag.py:588} INFO - Filling up the DagBag from /home/airflow/.local/lib/python3.12/site-packages/airflow/example_dags/example_branch_operator_decorator.py
[2024-11-01T11:40:26.048+0000] {processor.py:925} INFO - DAG(s) 'example_branch_python_operator_decorator' retrieved from /home/airflow/.local/lib/python3.12/site-packages/airflow/example_dags/example_branch_operator_decorator.py
[2024-11-01T11:40:26.066+0000] {logging_mixin.py:190} INFO - [2024-11-01T11:40:26.066+0000] {dag.py:3239} INFO - Sync 1 DAGs
[2024-11-01T11:40:26.082+0000] {logging_mixin.py:190} INFO - [2024-11-01T11:40:26.082+0000] {dag.py:4180} INFO - Setting next_dagrun for example_branch_python_operator_decorator to 2024-10-31 00:00:00+00:00, run_after=2024-11-01 00:00:00+00:00
[2024-11-01T11:40:26.095+0000] {processor.py:208} INFO - Processing /home/airflow/.local/lib/python3.12/site-packages/airflow/example_dags/example_branch_operator_decorator.py took 0.067 seconds
[2024-11-01T11:40:56.429+0000] {processor.py:186} INFO - Started process (PID=2085) to work on /home/airflow/.local/lib/python3.12/site-packages/airflow/example_dags/example_branch_operator_decorator.py
[2024-11-01T11:40:56.430+0000] {processor.py:914} INFO - Processing file /home/airflow/.local/lib/python3.12/site-packages/airflow/example_dags/example_branch_operator_decorator.py for tasks to queue
[2024-11-01T11:40:56.431+0000] {logging_mixin.py:190} INFO - [2024-11-01T11:40:56.431+0000] {dagbag.py:588} INFO - Filling up the DagBag from /home/airflow/.local/lib/python3.12/site-packages/airflow/example_dags/example_branch_operator_decorator.py
[2024-11-01T11:40:56.443+0000] {processor.py:925} INFO - DAG(s) 'example_branch_python_operator_decorator' retrieved from /home/airflow/.local/lib/python3.12/site-packages/airflow/example_dags/example_branch_operator_decorator.py
[2024-11-01T11:40:56.460+0000] {logging_mixin.py:190} INFO - [2024-11-01T11:40:56.459+0000] {dag.py:3239} INFO - Sync 1 DAGs
[2024-11-01T11:40:56.474+0000] {logging_mixin.py:190} INFO - [2024-11-01T11:40:56.474+0000] {dag.py:4180} INFO - Setting next_dagrun for example_branch_python_operator_decorator to 2024-10-31 00:00:00+00:00, run_after=2024-11-01 00:00:00+00:00
[2024-11-01T11:40:56.485+0000] {processor.py:208} INFO - Processing /home/airflow/.local/lib/python3.12/site-packages/airflow/example_dags/example_branch_operator_decorator.py took 0.060 seconds
[2024-11-01T11:41:27.315+0000] {processor.py:186} INFO - Started process (PID=2150) to work on /home/airflow/.local/lib/python3.12/site-packages/airflow/example_dags/example_branch_operator_decorator.py
[2024-11-01T11:41:27.315+0000] {processor.py:914} INFO - Processing file /home/airflow/.local/lib/python3.12/site-packages/airflow/example_dags/example_branch_operator_decorator.py for tasks to queue
[2024-11-01T11:41:27.317+0000] {logging_mixin.py:190} INFO - [2024-11-01T11:41:27.317+0000] {dagbag.py:588} INFO - Filling up the DagBag from /home/airflow/.local/lib/python3.12/site-packages/airflow/example_dags/example_branch_operator_decorator.py
[2024-11-01T11:41:27.330+0000] {processor.py:925} INFO - DAG(s) 'example_branch_python_operator_decorator' retrieved from /home/airflow/.local/lib/python3.12/site-packages/airflow/example_dags/example_branch_operator_decorator.py
[2024-11-01T11:41:27.349+0000] {logging_mixin.py:190} INFO - [2024-11-01T11:41:27.349+0000] {dag.py:3239} INFO - Sync 1 DAGs
[2024-11-01T11:41:27.365+0000] {logging_mixin.py:190} INFO - [2024-11-01T11:41:27.365+0000] {dag.py:4180} INFO - Setting next_dagrun for example_branch_python_operator_decorator to 2024-10-31 00:00:00+00:00, run_after=2024-11-01 00:00:00+00:00
[2024-11-01T11:41:27.379+0000] {processor.py:208} INFO - Processing /home/airflow/.local/lib/python3.12/site-packages/airflow/example_dags/example_branch_operator_decorator.py took 0.068 seconds
[2024-11-01T11:41:58.151+0000] {processor.py:186} INFO - Started process (PID=2215) to work on /home/airflow/.local/lib/python3.12/site-packages/airflow/example_dags/example_branch_operator_decorator.py
[2024-11-01T11:41:58.152+0000] {processor.py:914} INFO - Processing file /home/airflow/.local/lib/python3.12/site-packages/airflow/example_dags/example_branch_operator_decorator.py for tasks to queue
[2024-11-01T11:41:58.153+0000] {logging_mixin.py:190} INFO - [2024-11-01T11:41:58.153+0000] {dagbag.py:588} INFO - Filling up the DagBag from /home/airflow/.local/lib/python3.12/site-packages/airflow/example_dags/example_branch_operator_decorator.py
[2024-11-01T11:41:58.168+0000] {processor.py:925} INFO - DAG(s) 'example_branch_python_operator_decorator' retrieved from /home/airflow/.local/lib/python3.12/site-packages/airflow/example_dags/example_branch_operator_decorator.py
[2024-11-01T11:41:58.186+0000] {logging_mixin.py:190} INFO - [2024-11-01T11:41:58.185+0000] {dag.py:3239} INFO - Sync 1 DAGs
[2024-11-01T11:41:58.201+0000] {logging_mixin.py:190} INFO - [2024-11-01T11:41:58.201+0000] {dag.py:4180} INFO - Setting next_dagrun for example_branch_python_operator_decorator to 2024-10-31 00:00:00+00:00, run_after=2024-11-01 00:00:00+00:00
[2024-11-01T11:41:58.214+0000] {processor.py:208} INFO - Processing /home/airflow/.local/lib/python3.12/site-packages/airflow/example_dags/example_branch_operator_decorator.py took 0.067 seconds
[2024-11-01T11:42:28.812+0000] {processor.py:186} INFO - Started process (PID=2280) to work on /home/airflow/.local/lib/python3.12/site-packages/airflow/example_dags/example_branch_operator_decorator.py
[2024-11-01T11:42:28.812+0000] {processor.py:914} INFO - Processing file /home/airflow/.local/lib/python3.12/site-packages/airflow/example_dags/example_branch_operator_decorator.py for tasks to queue
[2024-11-01T11:42:28.814+0000] {logging_mixin.py:190} INFO - [2024-11-01T11:42:28.814+0000] {dagbag.py:588} INFO - Filling up the DagBag from /home/airflow/.local/lib/python3.12/site-packages/airflow/example_dags/example_branch_operator_decorator.py
[2024-11-01T11:42:28.828+0000] {processor.py:925} INFO - DAG(s) 'example_branch_python_operator_decorator' retrieved from /home/airflow/.local/lib/python3.12/site-packages/airflow/example_dags/example_branch_operator_decorator.py
[2024-11-01T11:42:28.846+0000] {logging_mixin.py:190} INFO - [2024-11-01T11:42:28.846+0000] {dag.py:3239} INFO - Sync 1 DAGs
[2024-11-01T11:42:28.862+0000] {logging_mixin.py:190} INFO - [2024-11-01T11:42:28.862+0000] {dag.py:4180} INFO - Setting next_dagrun for example_branch_python_operator_decorator to 2024-10-31 00:00:00+00:00, run_after=2024-11-01 00:00:00+00:00
[2024-11-01T11:42:28.875+0000] {processor.py:208} INFO - Processing /home/airflow/.local/lib/python3.12/site-packages/airflow/example_dags/example_branch_operator_decorator.py took 0.067 seconds
[2024-11-01T11:42:58.913+0000] {processor.py:186} INFO - Started process (PID=2346) to work on /home/airflow/.local/lib/python3.12/site-packages/airflow/example_dags/example_branch_operator_decorator.py
[2024-11-01T11:42:58.914+0000] {processor.py:914} INFO - Processing file /home/airflow/.local/lib/python3.12/site-packages/airflow/example_dags/example_branch_operator_decorator.py for tasks to queue
[2024-11-01T11:42:58.915+0000] {logging_mixin.py:190} INFO - [2024-11-01T11:42:58.915+0000] {dagbag.py:588} INFO - Filling up the DagBag from /home/airflow/.local/lib/python3.12/site-packages/airflow/example_dags/example_branch_operator_decorator.py
[2024-11-01T11:42:58.929+0000] {processor.py:925} INFO - DAG(s) 'example_branch_python_operator_decorator' retrieved from /home/airflow/.local/lib/python3.12/site-packages/airflow/example_dags/example_branch_operator_decorator.py
[2024-11-01T11:42:58.947+0000] {logging_mixin.py:190} INFO - [2024-11-01T11:42:58.947+0000] {dag.py:3239} INFO - Sync 1 DAGs
[2024-11-01T11:42:58.962+0000] {logging_mixin.py:190} INFO - [2024-11-01T11:42:58.962+0000] {dag.py:4180} INFO - Setting next_dagrun for example_branch_python_operator_decorator to 2024-10-31 00:00:00+00:00, run_after=2024-11-01 00:00:00+00:00
[2024-11-01T11:42:58.979+0000] {processor.py:208} INFO - Processing /home/airflow/.local/lib/python3.12/site-packages/airflow/example_dags/example_branch_operator_decorator.py took 0.069 seconds
[2024-11-01T11:43:29.162+0000] {processor.py:186} INFO - Started process (PID=2411) to work on /home/airflow/.local/lib/python3.12/site-packages/airflow/example_dags/example_branch_operator_decorator.py
[2024-11-01T11:43:29.163+0000] {processor.py:914} INFO - Processing file /home/airflow/.local/lib/python3.12/site-packages/airflow/example_dags/example_branch_operator_decorator.py for tasks to queue
[2024-11-01T11:43:29.164+0000] {logging_mixin.py:190} INFO - [2024-11-01T11:43:29.164+0000] {dagbag.py:588} INFO - Filling up the DagBag from /home/airflow/.local/lib/python3.12/site-packages/airflow/example_dags/example_branch_operator_decorator.py
[2024-11-01T11:43:29.178+0000] {processor.py:925} INFO - DAG(s) 'example_branch_python_operator_decorator' retrieved from /home/airflow/.local/lib/python3.12/site-packages/airflow/example_dags/example_branch_operator_decorator.py
[2024-11-01T11:43:29.198+0000] {logging_mixin.py:190} INFO - [2024-11-01T11:43:29.198+0000] {dag.py:3239} INFO - Sync 1 DAGs
[2024-11-01T11:43:29.214+0000] {logging_mixin.py:190} INFO - [2024-11-01T11:43:29.213+0000] {dag.py:4180} INFO - Setting next_dagrun for example_branch_python_operator_decorator to 2024-10-31 00:00:00+00:00, run_after=2024-11-01 00:00:00+00:00
[2024-11-01T11:43:29.229+0000] {processor.py:208} INFO - Processing /home/airflow/.local/lib/python3.12/site-packages/airflow/example_dags/example_branch_operator_decorator.py took 0.071 seconds
[2024-11-01T11:43:59.840+0000] {processor.py:186} INFO - Started process (PID=2476) to work on /home/airflow/.local/lib/python3.12/site-packages/airflow/example_dags/example_branch_operator_decorator.py
[2024-11-01T11:43:59.841+0000] {processor.py:914} INFO - Processing file /home/airflow/.local/lib/python3.12/site-packages/airflow/example_dags/example_branch_operator_decorator.py for tasks to queue
[2024-11-01T11:43:59.842+0000] {logging_mixin.py:190} INFO - [2024-11-01T11:43:59.842+0000] {dagbag.py:588} INFO - Filling up the DagBag from /home/airflow/.local/lib/python3.12/site-packages/airflow/example_dags/example_branch_operator_decorator.py
[2024-11-01T11:43:59.856+0000] {processor.py:925} INFO - DAG(s) 'example_branch_python_operator_decorator' retrieved from /home/airflow/.local/lib/python3.12/site-packages/airflow/example_dags/example_branch_operator_decorator.py
[2024-11-01T11:43:59.875+0000] {logging_mixin.py:190} INFO - [2024-11-01T11:43:59.875+0000] {dag.py:3239} INFO - Sync 1 DAGs
[2024-11-01T11:43:59.891+0000] {logging_mixin.py:190} INFO - [2024-11-01T11:43:59.891+0000] {dag.py:4180} INFO - Setting next_dagrun for example_branch_python_operator_decorator to 2024-10-31 00:00:00+00:00, run_after=2024-11-01 00:00:00+00:00
[2024-11-01T11:43:59.904+0000] {processor.py:208} INFO - Processing /home/airflow/.local/lib/python3.12/site-packages/airflow/example_dags/example_branch_operator_decorator.py took 0.068 seconds
[2024-11-01T11:44:30.288+0000] {processor.py:186} INFO - Started process (PID=2541) to work on /home/airflow/.local/lib/python3.12/site-packages/airflow/example_dags/example_branch_operator_decorator.py
[2024-11-01T11:44:30.289+0000] {processor.py:914} INFO - Processing file /home/airflow/.local/lib/python3.12/site-packages/airflow/example_dags/example_branch_operator_decorator.py for tasks to queue
[2024-11-01T11:44:30.291+0000] {logging_mixin.py:190} INFO - [2024-11-01T11:44:30.290+0000] {dagbag.py:588} INFO - Filling up the DagBag from /home/airflow/.local/lib/python3.12/site-packages/airflow/example_dags/example_branch_operator_decorator.py
[2024-11-01T11:44:30.304+0000] {processor.py:925} INFO - DAG(s) 'example_branch_python_operator_decorator' retrieved from /home/airflow/.local/lib/python3.12/site-packages/airflow/example_dags/example_branch_operator_decorator.py
[2024-11-01T11:44:30.324+0000] {logging_mixin.py:190} INFO - [2024-11-01T11:44:30.324+0000] {dag.py:3239} INFO - Sync 1 DAGs
[2024-11-01T11:44:30.344+0000] {logging_mixin.py:190} INFO - [2024-11-01T11:44:30.343+0000] {dag.py:4180} INFO - Setting next_dagrun for example_branch_python_operator_decorator to 2024-10-31 00:00:00+00:00, run_after=2024-11-01 00:00:00+00:00
[2024-11-01T11:44:30.362+0000] {processor.py:208} INFO - Processing /home/airflow/.local/lib/python3.12/site-packages/airflow/example_dags/example_branch_operator_decorator.py took 0.078 seconds
[2024-11-01T11:45:00.873+0000] {processor.py:186} INFO - Started process (PID=2606) to work on /home/airflow/.local/lib/python3.12/site-packages/airflow/example_dags/example_branch_operator_decorator.py
[2024-11-01T11:45:00.874+0000] {processor.py:914} INFO - Processing file /home/airflow/.local/lib/python3.12/site-packages/airflow/example_dags/example_branch_operator_decorator.py for tasks to queue
[2024-11-01T11:45:00.875+0000] {logging_mixin.py:190} INFO - [2024-11-01T11:45:00.875+0000] {dagbag.py:588} INFO - Filling up the DagBag from /home/airflow/.local/lib/python3.12/site-packages/airflow/example_dags/example_branch_operator_decorator.py
[2024-11-01T11:45:00.889+0000] {processor.py:925} INFO - DAG(s) 'example_branch_python_operator_decorator' retrieved from /home/airflow/.local/lib/python3.12/site-packages/airflow/example_dags/example_branch_operator_decorator.py
[2024-11-01T11:45:00.909+0000] {logging_mixin.py:190} INFO - [2024-11-01T11:45:00.909+0000] {dag.py:3239} INFO - Sync 1 DAGs
[2024-11-01T11:45:00.928+0000] {logging_mixin.py:190} INFO - [2024-11-01T11:45:00.927+0000] {dag.py:4180} INFO - Setting next_dagrun for example_branch_python_operator_decorator to 2024-10-31 00:00:00+00:00, run_after=2024-11-01 00:00:00+00:00
[2024-11-01T11:45:00.943+0000] {processor.py:208} INFO - Processing /home/airflow/.local/lib/python3.12/site-packages/airflow/example_dags/example_branch_operator_decorator.py took 0.074 seconds
[2024-11-01T11:45:31.411+0000] {processor.py:186} INFO - Started process (PID=2671) to work on /home/airflow/.local/lib/python3.12/site-packages/airflow/example_dags/example_branch_operator_decorator.py
[2024-11-01T11:45:31.412+0000] {processor.py:914} INFO - Processing file /home/airflow/.local/lib/python3.12/site-packages/airflow/example_dags/example_branch_operator_decorator.py for tasks to queue
[2024-11-01T11:45:31.413+0000] {logging_mixin.py:190} INFO - [2024-11-01T11:45:31.413+0000] {dagbag.py:588} INFO - Filling up the DagBag from /home/airflow/.local/lib/python3.12/site-packages/airflow/example_dags/example_branch_operator_decorator.py
[2024-11-01T11:45:31.427+0000] {processor.py:925} INFO - DAG(s) 'example_branch_python_operator_decorator' retrieved from /home/airflow/.local/lib/python3.12/site-packages/airflow/example_dags/example_branch_operator_decorator.py
[2024-11-01T11:45:31.445+0000] {logging_mixin.py:190} INFO - [2024-11-01T11:45:31.445+0000] {dag.py:3239} INFO - Sync 1 DAGs
[2024-11-01T11:45:31.461+0000] {logging_mixin.py:190} INFO - [2024-11-01T11:45:31.461+0000] {dag.py:4180} INFO - Setting next_dagrun for example_branch_python_operator_decorator to 2024-10-31 00:00:00+00:00, run_after=2024-11-01 00:00:00+00:00
[2024-11-01T11:45:31.475+0000] {processor.py:208} INFO - Processing /home/airflow/.local/lib/python3.12/site-packages/airflow/example_dags/example_branch_operator_decorator.py took 0.068 seconds
[2024-11-01T11:46:02.073+0000] {processor.py:186} INFO - Started process (PID=2736) to work on /home/airflow/.local/lib/python3.12/site-packages/airflow/example_dags/example_branch_operator_decorator.py
[2024-11-01T11:46:02.074+0000] {processor.py:914} INFO - Processing file /home/airflow/.local/lib/python3.12/site-packages/airflow/example_dags/example_branch_operator_decorator.py for tasks to queue
[2024-11-01T11:46:02.076+0000] {logging_mixin.py:190} INFO - [2024-11-01T11:46:02.075+0000] {dagbag.py:588} INFO - Filling up the DagBag from /home/airflow/.local/lib/python3.12/site-packages/airflow/example_dags/example_branch_operator_decorator.py
[2024-11-01T11:46:02.089+0000] {processor.py:925} INFO - DAG(s) 'example_branch_python_operator_decorator' retrieved from /home/airflow/.local/lib/python3.12/site-packages/airflow/example_dags/example_branch_operator_decorator.py
[2024-11-01T11:46:02.106+0000] {logging_mixin.py:190} INFO - [2024-11-01T11:46:02.106+0000] {dag.py:3239} INFO - Sync 1 DAGs
[2024-11-01T11:46:02.120+0000] {logging_mixin.py:190} INFO - [2024-11-01T11:46:02.120+0000] {dag.py:4180} INFO - Setting next_dagrun for example_branch_python_operator_decorator to 2024-10-31 00:00:00+00:00, run_after=2024-11-01 00:00:00+00:00
[2024-11-01T11:46:02.132+0000] {processor.py:208} INFO - Processing /home/airflow/.local/lib/python3.12/site-packages/airflow/example_dags/example_branch_operator_decorator.py took 0.062 seconds
[2024-11-01T11:46:32.173+0000] {processor.py:186} INFO - Started process (PID=2800) to work on /home/airflow/.local/lib/python3.12/site-packages/airflow/example_dags/example_branch_operator_decorator.py
[2024-11-01T11:46:32.174+0000] {processor.py:914} INFO - Processing file /home/airflow/.local/lib/python3.12/site-packages/airflow/example_dags/example_branch_operator_decorator.py for tasks to queue
[2024-11-01T11:46:32.176+0000] {logging_mixin.py:190} INFO - [2024-11-01T11:46:32.175+0000] {dagbag.py:588} INFO - Filling up the DagBag from /home/airflow/.local/lib/python3.12/site-packages/airflow/example_dags/example_branch_operator_decorator.py
[2024-11-01T11:46:32.189+0000] {processor.py:925} INFO - DAG(s) 'example_branch_python_operator_decorator' retrieved from /home/airflow/.local/lib/python3.12/site-packages/airflow/example_dags/example_branch_operator_decorator.py
[2024-11-01T11:46:32.205+0000] {logging_mixin.py:190} INFO - [2024-11-01T11:46:32.205+0000] {dag.py:3239} INFO - Sync 1 DAGs
[2024-11-01T11:46:32.219+0000] {logging_mixin.py:190} INFO - [2024-11-01T11:46:32.219+0000] {dag.py:4180} INFO - Setting next_dagrun for example_branch_python_operator_decorator to 2024-10-31 00:00:00+00:00, run_after=2024-11-01 00:00:00+00:00
[2024-11-01T11:46:32.232+0000] {processor.py:208} INFO - Processing /home/airflow/.local/lib/python3.12/site-packages/airflow/example_dags/example_branch_operator_decorator.py took 0.062 seconds
[2024-11-01T11:47:02.806+0000] {processor.py:186} INFO - Started process (PID=2865) to work on /home/airflow/.local/lib/python3.12/site-packages/airflow/example_dags/example_branch_operator_decorator.py
[2024-11-01T11:47:02.807+0000] {processor.py:914} INFO - Processing file /home/airflow/.local/lib/python3.12/site-packages/airflow/example_dags/example_branch_operator_decorator.py for tasks to queue
[2024-11-01T11:47:02.808+0000] {logging_mixin.py:190} INFO - [2024-11-01T11:47:02.808+0000] {dagbag.py:588} INFO - Filling up the DagBag from /home/airflow/.local/lib/python3.12/site-packages/airflow/example_dags/example_branch_operator_decorator.py
[2024-11-01T11:47:02.823+0000] {processor.py:925} INFO - DAG(s) 'example_branch_python_operator_decorator' retrieved from /home/airflow/.local/lib/python3.12/site-packages/airflow/example_dags/example_branch_operator_decorator.py
[2024-11-01T11:47:02.841+0000] {logging_mixin.py:190} INFO - [2024-11-01T11:47:02.840+0000] {dag.py:3239} INFO - Sync 1 DAGs
[2024-11-01T11:47:02.856+0000] {logging_mixin.py:190} INFO - [2024-11-01T11:47:02.856+0000] {dag.py:4180} INFO - Setting next_dagrun for example_branch_python_operator_decorator to 2024-10-31 00:00:00+00:00, run_after=2024-11-01 00:00:00+00:00
[2024-11-01T11:47:02.871+0000] {processor.py:208} INFO - Processing /home/airflow/.local/lib/python3.12/site-packages/airflow/example_dags/example_branch_operator_decorator.py took 0.068 seconds
[2024-11-01T11:47:33.539+0000] {processor.py:186} INFO - Started process (PID=2930) to work on /home/airflow/.local/lib/python3.12/site-packages/airflow/example_dags/example_branch_operator_decorator.py
[2024-11-01T11:47:33.540+0000] {processor.py:914} INFO - Processing file /home/airflow/.local/lib/python3.12/site-packages/airflow/example_dags/example_branch_operator_decorator.py for tasks to queue
[2024-11-01T11:47:33.541+0000] {logging_mixin.py:190} INFO - [2024-11-01T11:47:33.541+0000] {dagbag.py:588} INFO - Filling up the DagBag from /home/airflow/.local/lib/python3.12/site-packages/airflow/example_dags/example_branch_operator_decorator.py
[2024-11-01T11:47:33.554+0000] {processor.py:925} INFO - DAG(s) 'example_branch_python_operator_decorator' retrieved from /home/airflow/.local/lib/python3.12/site-packages/airflow/example_dags/example_branch_operator_decorator.py
[2024-11-01T11:47:33.572+0000] {logging_mixin.py:190} INFO - [2024-11-01T11:47:33.571+0000] {dag.py:3239} INFO - Sync 1 DAGs
[2024-11-01T11:47:33.587+0000] {logging_mixin.py:190} INFO - [2024-11-01T11:47:33.587+0000] {dag.py:4180} INFO - Setting next_dagrun for example_branch_python_operator_decorator to 2024-10-31 00:00:00+00:00, run_after=2024-11-01 00:00:00+00:00
[2024-11-01T11:47:33.601+0000] {processor.py:208} INFO - Processing /home/airflow/.local/lib/python3.12/site-packages/airflow/example_dags/example_branch_operator_decorator.py took 0.066 seconds
[2024-11-01T11:48:03.774+0000] {processor.py:186} INFO - Started process (PID=2995) to work on /home/airflow/.local/lib/python3.12/site-packages/airflow/example_dags/example_branch_operator_decorator.py
[2024-11-01T11:48:03.774+0000] {processor.py:914} INFO - Processing file /home/airflow/.local/lib/python3.12/site-packages/airflow/example_dags/example_branch_operator_decorator.py for tasks to queue
[2024-11-01T11:48:03.776+0000] {logging_mixin.py:190} INFO - [2024-11-01T11:48:03.776+0000] {dagbag.py:588} INFO - Filling up the DagBag from /home/airflow/.local/lib/python3.12/site-packages/airflow/example_dags/example_branch_operator_decorator.py
[2024-11-01T11:48:03.790+0000] {processor.py:925} INFO - DAG(s) 'example_branch_python_operator_decorator' retrieved from /home/airflow/.local/lib/python3.12/site-packages/airflow/example_dags/example_branch_operator_decorator.py
[2024-11-01T11:48:03.808+0000] {logging_mixin.py:190} INFO - [2024-11-01T11:48:03.808+0000] {dag.py:3239} INFO - Sync 1 DAGs
[2024-11-01T11:48:03.824+0000] {logging_mixin.py:190} INFO - [2024-11-01T11:48:03.824+0000] {dag.py:4180} INFO - Setting next_dagrun for example_branch_python_operator_decorator to 2024-10-31 00:00:00+00:00, run_after=2024-11-01 00:00:00+00:00
[2024-11-01T11:48:03.838+0000] {processor.py:208} INFO - Processing /home/airflow/.local/lib/python3.12/site-packages/airflow/example_dags/example_branch_operator_decorator.py took 0.069 seconds
[2024-11-01T11:48:34.512+0000] {processor.py:186} INFO - Started process (PID=3060) to work on /home/airflow/.local/lib/python3.12/site-packages/airflow/example_dags/example_branch_operator_decorator.py
[2024-11-01T11:48:34.513+0000] {processor.py:914} INFO - Processing file /home/airflow/.local/lib/python3.12/site-packages/airflow/example_dags/example_branch_operator_decorator.py for tasks to queue
[2024-11-01T11:48:34.514+0000] {logging_mixin.py:190} INFO - [2024-11-01T11:48:34.514+0000] {dagbag.py:588} INFO - Filling up the DagBag from /home/airflow/.local/lib/python3.12/site-packages/airflow/example_dags/example_branch_operator_decorator.py
[2024-11-01T11:48:34.529+0000] {processor.py:925} INFO - DAG(s) 'example_branch_python_operator_decorator' retrieved from /home/airflow/.local/lib/python3.12/site-packages/airflow/example_dags/example_branch_operator_decorator.py
[2024-11-01T11:48:34.547+0000] {logging_mixin.py:190} INFO - [2024-11-01T11:48:34.546+0000] {dag.py:3239} INFO - Sync 1 DAGs
[2024-11-01T11:48:34.564+0000] {logging_mixin.py:190} INFO - [2024-11-01T11:48:34.564+0000] {dag.py:4180} INFO - Setting next_dagrun for example_branch_python_operator_decorator to 2024-10-31 00:00:00+00:00, run_after=2024-11-01 00:00:00+00:00
[2024-11-01T11:48:34.577+0000] {processor.py:208} INFO - Processing /home/airflow/.local/lib/python3.12/site-packages/airflow/example_dags/example_branch_operator_decorator.py took 0.068 seconds
[2024-11-01T11:49:05.404+0000] {processor.py:186} INFO - Started process (PID=3125) to work on /home/airflow/.local/lib/python3.12/site-packages/airflow/example_dags/example_branch_operator_decorator.py
[2024-11-01T11:49:05.405+0000] {processor.py:914} INFO - Processing file /home/airflow/.local/lib/python3.12/site-packages/airflow/example_dags/example_branch_operator_decorator.py for tasks to queue
[2024-11-01T11:49:05.407+0000] {logging_mixin.py:190} INFO - [2024-11-01T11:49:05.406+0000] {dagbag.py:588} INFO - Filling up the DagBag from /home/airflow/.local/lib/python3.12/site-packages/airflow/example_dags/example_branch_operator_decorator.py
[2024-11-01T11:49:05.419+0000] {processor.py:925} INFO - DAG(s) 'example_branch_python_operator_decorator' retrieved from /home/airflow/.local/lib/python3.12/site-packages/airflow/example_dags/example_branch_operator_decorator.py
[2024-11-01T11:49:05.436+0000] {logging_mixin.py:190} INFO - [2024-11-01T11:49:05.436+0000] {dag.py:3239} INFO - Sync 1 DAGs
[2024-11-01T11:49:05.452+0000] {logging_mixin.py:190} INFO - [2024-11-01T11:49:05.452+0000] {dag.py:4180} INFO - Setting next_dagrun for example_branch_python_operator_decorator to 2024-10-31 00:00:00+00:00, run_after=2024-11-01 00:00:00+00:00
[2024-11-01T11:49:05.466+0000] {processor.py:208} INFO - Processing /home/airflow/.local/lib/python3.12/site-packages/airflow/example_dags/example_branch_operator_decorator.py took 0.066 seconds
[2024-11-01T11:49:35.782+0000] {processor.py:186} INFO - Started process (PID=3190) to work on /home/airflow/.local/lib/python3.12/site-packages/airflow/example_dags/example_branch_operator_decorator.py
[2024-11-01T11:49:35.783+0000] {processor.py:914} INFO - Processing file /home/airflow/.local/lib/python3.12/site-packages/airflow/example_dags/example_branch_operator_decorator.py for tasks to queue
[2024-11-01T11:49:35.784+0000] {logging_mixin.py:190} INFO - [2024-11-01T11:49:35.784+0000] {dagbag.py:588} INFO - Filling up the DagBag from /home/airflow/.local/lib/python3.12/site-packages/airflow/example_dags/example_branch_operator_decorator.py
[2024-11-01T11:49:35.798+0000] {processor.py:925} INFO - DAG(s) 'example_branch_python_operator_decorator' retrieved from /home/airflow/.local/lib/python3.12/site-packages/airflow/example_dags/example_branch_operator_decorator.py
[2024-11-01T11:49:35.817+0000] {logging_mixin.py:190} INFO - [2024-11-01T11:49:35.816+0000] {dag.py:3239} INFO - Sync 1 DAGs
[2024-11-01T11:49:35.833+0000] {logging_mixin.py:190} INFO - [2024-11-01T11:49:35.833+0000] {dag.py:4180} INFO - Setting next_dagrun for example_branch_python_operator_decorator to 2024-10-31 00:00:00+00:00, run_after=2024-11-01 00:00:00+00:00
[2024-11-01T11:49:35.846+0000] {processor.py:208} INFO - Processing /home/airflow/.local/lib/python3.12/site-packages/airflow/example_dags/example_branch_operator_decorator.py took 0.068 seconds
[2024-11-01T11:50:06.347+0000] {processor.py:186} INFO - Started process (PID=3255) to work on /home/airflow/.local/lib/python3.12/site-packages/airflow/example_dags/example_branch_operator_decorator.py
[2024-11-01T11:50:06.348+0000] {processor.py:914} INFO - Processing file /home/airflow/.local/lib/python3.12/site-packages/airflow/example_dags/example_branch_operator_decorator.py for tasks to queue
[2024-11-01T11:50:06.350+0000] {logging_mixin.py:190} INFO - [2024-11-01T11:50:06.349+0000] {dagbag.py:588} INFO - Filling up the DagBag from /home/airflow/.local/lib/python3.12/site-packages/airflow/example_dags/example_branch_operator_decorator.py
[2024-11-01T11:50:06.365+0000] {processor.py:925} INFO - DAG(s) 'example_branch_python_operator_decorator' retrieved from /home/airflow/.local/lib/python3.12/site-packages/airflow/example_dags/example_branch_operator_decorator.py
[2024-11-01T11:50:06.383+0000] {logging_mixin.py:190} INFO - [2024-11-01T11:50:06.383+0000] {dag.py:3239} INFO - Sync 1 DAGs
[2024-11-01T11:50:06.399+0000] {logging_mixin.py:190} INFO - [2024-11-01T11:50:06.399+0000] {dag.py:4180} INFO - Setting next_dagrun for example_branch_python_operator_decorator to 2024-10-31 00:00:00+00:00, run_after=2024-11-01 00:00:00+00:00
[2024-11-01T11:50:06.413+0000] {processor.py:208} INFO - Processing /home/airflow/.local/lib/python3.12/site-packages/airflow/example_dags/example_branch_operator_decorator.py took 0.070 seconds
[2024-11-01T11:50:36.858+0000] {processor.py:186} INFO - Started process (PID=3320) to work on /home/airflow/.local/lib/python3.12/site-packages/airflow/example_dags/example_branch_operator_decorator.py
[2024-11-01T11:50:36.858+0000] {processor.py:914} INFO - Processing file /home/airflow/.local/lib/python3.12/site-packages/airflow/example_dags/example_branch_operator_decorator.py for tasks to queue
[2024-11-01T11:50:36.860+0000] {logging_mixin.py:190} INFO - [2024-11-01T11:50:36.860+0000] {dagbag.py:588} INFO - Filling up the DagBag from /home/airflow/.local/lib/python3.12/site-packages/airflow/example_dags/example_branch_operator_decorator.py
[2024-11-01T11:50:36.873+0000] {processor.py:925} INFO - DAG(s) 'example_branch_python_operator_decorator' retrieved from /home/airflow/.local/lib/python3.12/site-packages/airflow/example_dags/example_branch_operator_decorator.py
[2024-11-01T11:50:36.891+0000] {logging_mixin.py:190} INFO - [2024-11-01T11:50:36.890+0000] {dag.py:3239} INFO - Sync 1 DAGs
[2024-11-01T11:50:36.908+0000] {logging_mixin.py:190} INFO - [2024-11-01T11:50:36.908+0000] {dag.py:4180} INFO - Setting next_dagrun for example_branch_python_operator_decorator to 2024-10-31 00:00:00+00:00, run_after=2024-11-01 00:00:00+00:00
[2024-11-01T11:50:36.922+0000] {processor.py:208} INFO - Processing /home/airflow/.local/lib/python3.12/site-packages/airflow/example_dags/example_branch_operator_decorator.py took 0.068 seconds
[2024-11-01T11:51:07.779+0000] {processor.py:186} INFO - Started process (PID=3385) to work on /home/airflow/.local/lib/python3.12/site-packages/airflow/example_dags/example_branch_operator_decorator.py
[2024-11-01T11:51:07.780+0000] {processor.py:914} INFO - Processing file /home/airflow/.local/lib/python3.12/site-packages/airflow/example_dags/example_branch_operator_decorator.py for tasks to queue
[2024-11-01T11:51:07.781+0000] {logging_mixin.py:190} INFO - [2024-11-01T11:51:07.781+0000] {dagbag.py:588} INFO - Filling up the DagBag from /home/airflow/.local/lib/python3.12/site-packages/airflow/example_dags/example_branch_operator_decorator.py
[2024-11-01T11:51:07.795+0000] {processor.py:925} INFO - DAG(s) 'example_branch_python_operator_decorator' retrieved from /home/airflow/.local/lib/python3.12/site-packages/airflow/example_dags/example_branch_operator_decorator.py
[2024-11-01T11:51:07.812+0000] {logging_mixin.py:190} INFO - [2024-11-01T11:51:07.812+0000] {dag.py:3239} INFO - Sync 1 DAGs
[2024-11-01T11:51:07.828+0000] {logging_mixin.py:190} INFO - [2024-11-01T11:51:07.827+0000] {dag.py:4180} INFO - Setting next_dagrun for example_branch_python_operator_decorator to 2024-10-31 00:00:00+00:00, run_after=2024-11-01 00:00:00+00:00
[2024-11-01T11:51:07.841+0000] {processor.py:208} INFO - Processing /home/airflow/.local/lib/python3.12/site-packages/airflow/example_dags/example_branch_operator_decorator.py took 0.066 seconds
[2024-11-01T11:51:38.144+0000] {processor.py:186} INFO - Started process (PID=3450) to work on /home/airflow/.local/lib/python3.12/site-packages/airflow/example_dags/example_branch_operator_decorator.py
[2024-11-01T11:51:38.145+0000] {processor.py:914} INFO - Processing file /home/airflow/.local/lib/python3.12/site-packages/airflow/example_dags/example_branch_operator_decorator.py for tasks to queue
[2024-11-01T11:51:38.146+0000] {logging_mixin.py:190} INFO - [2024-11-01T11:51:38.146+0000] {dagbag.py:588} INFO - Filling up the DagBag from /home/airflow/.local/lib/python3.12/site-packages/airflow/example_dags/example_branch_operator_decorator.py
[2024-11-01T11:51:38.160+0000] {processor.py:925} INFO - DAG(s) 'example_branch_python_operator_decorator' retrieved from /home/airflow/.local/lib/python3.12/site-packages/airflow/example_dags/example_branch_operator_decorator.py
[2024-11-01T11:51:38.177+0000] {logging_mixin.py:190} INFO - [2024-11-01T11:51:38.177+0000] {dag.py:3239} INFO - Sync 1 DAGs
[2024-11-01T11:51:38.193+0000] {logging_mixin.py:190} INFO - [2024-11-01T11:51:38.193+0000] {dag.py:4180} INFO - Setting next_dagrun for example_branch_python_operator_decorator to 2024-10-31 00:00:00+00:00, run_after=2024-11-01 00:00:00+00:00
[2024-11-01T11:51:38.206+0000] {processor.py:208} INFO - Processing /home/airflow/.local/lib/python3.12/site-packages/airflow/example_dags/example_branch_operator_decorator.py took 0.066 seconds
[2024-11-01T11:52:08.662+0000] {processor.py:186} INFO - Started process (PID=3515) to work on /home/airflow/.local/lib/python3.12/site-packages/airflow/example_dags/example_branch_operator_decorator.py
[2024-11-01T11:52:08.663+0000] {processor.py:914} INFO - Processing file /home/airflow/.local/lib/python3.12/site-packages/airflow/example_dags/example_branch_operator_decorator.py for tasks to queue
[2024-11-01T11:52:08.664+0000] {logging_mixin.py:190} INFO - [2024-11-01T11:52:08.664+0000] {dagbag.py:588} INFO - Filling up the DagBag from /home/airflow/.local/lib/python3.12/site-packages/airflow/example_dags/example_branch_operator_decorator.py
[2024-11-01T11:52:08.677+0000] {processor.py:925} INFO - DAG(s) 'example_branch_python_operator_decorator' retrieved from /home/airflow/.local/lib/python3.12/site-packages/airflow/example_dags/example_branch_operator_decorator.py
[2024-11-01T11:52:08.696+0000] {logging_mixin.py:190} INFO - [2024-11-01T11:52:08.696+0000] {dag.py:3239} INFO - Sync 1 DAGs
[2024-11-01T11:52:08.722+0000] {logging_mixin.py:190} INFO - [2024-11-01T11:52:08.721+0000] {dag.py:4180} INFO - Setting next_dagrun for example_branch_python_operator_decorator to 2024-10-31 00:00:00+00:00, run_after=2024-11-01 00:00:00+00:00
[2024-11-01T11:52:08.735+0000] {processor.py:208} INFO - Processing /home/airflow/.local/lib/python3.12/site-packages/airflow/example_dags/example_branch_operator_decorator.py took 0.077 seconds
[2024-11-01T11:52:39.175+0000] {processor.py:186} INFO - Started process (PID=3581) to work on /home/airflow/.local/lib/python3.12/site-packages/airflow/example_dags/example_branch_operator_decorator.py
[2024-11-01T11:52:39.176+0000] {processor.py:914} INFO - Processing file /home/airflow/.local/lib/python3.12/site-packages/airflow/example_dags/example_branch_operator_decorator.py for tasks to queue
[2024-11-01T11:52:39.177+0000] {logging_mixin.py:190} INFO - [2024-11-01T11:52:39.177+0000] {dagbag.py:588} INFO - Filling up the DagBag from /home/airflow/.local/lib/python3.12/site-packages/airflow/example_dags/example_branch_operator_decorator.py
[2024-11-01T11:52:39.189+0000] {processor.py:925} INFO - DAG(s) 'example_branch_python_operator_decorator' retrieved from /home/airflow/.local/lib/python3.12/site-packages/airflow/example_dags/example_branch_operator_decorator.py
[2024-11-01T11:52:39.205+0000] {logging_mixin.py:190} INFO - [2024-11-01T11:52:39.205+0000] {dag.py:3239} INFO - Sync 1 DAGs
[2024-11-01T11:52:39.219+0000] {logging_mixin.py:190} INFO - [2024-11-01T11:52:39.219+0000] {dag.py:4180} INFO - Setting next_dagrun for example_branch_python_operator_decorator to 2024-10-31 00:00:00+00:00, run_after=2024-11-01 00:00:00+00:00
[2024-11-01T11:52:39.231+0000] {processor.py:208} INFO - Processing /home/airflow/.local/lib/python3.12/site-packages/airflow/example_dags/example_branch_operator_decorator.py took 0.060 seconds
[2024-11-01T11:53:09.614+0000] {processor.py:186} INFO - Started process (PID=3646) to work on /home/airflow/.local/lib/python3.12/site-packages/airflow/example_dags/example_branch_operator_decorator.py
[2024-11-01T11:53:09.614+0000] {processor.py:914} INFO - Processing file /home/airflow/.local/lib/python3.12/site-packages/airflow/example_dags/example_branch_operator_decorator.py for tasks to queue
[2024-11-01T11:53:09.616+0000] {logging_mixin.py:190} INFO - [2024-11-01T11:53:09.616+0000] {dagbag.py:588} INFO - Filling up the DagBag from /home/airflow/.local/lib/python3.12/site-packages/airflow/example_dags/example_branch_operator_decorator.py
[2024-11-01T11:53:09.628+0000] {processor.py:925} INFO - DAG(s) 'example_branch_python_operator_decorator' retrieved from /home/airflow/.local/lib/python3.12/site-packages/airflow/example_dags/example_branch_operator_decorator.py
[2024-11-01T11:53:09.645+0000] {logging_mixin.py:190} INFO - [2024-11-01T11:53:09.644+0000] {dag.py:3239} INFO - Sync 1 DAGs
[2024-11-01T11:53:09.658+0000] {logging_mixin.py:190} INFO - [2024-11-01T11:53:09.658+0000] {dag.py:4180} INFO - Setting next_dagrun for example_branch_python_operator_decorator to 2024-10-31 00:00:00+00:00, run_after=2024-11-01 00:00:00+00:00
[2024-11-01T11:53:09.671+0000] {processor.py:208} INFO - Processing /home/airflow/.local/lib/python3.12/site-packages/airflow/example_dags/example_branch_operator_decorator.py took 0.061 seconds
[2024-11-01T11:53:39.963+0000] {processor.py:186} INFO - Started process (PID=3710) to work on /home/airflow/.local/lib/python3.12/site-packages/airflow/example_dags/example_branch_operator_decorator.py
[2024-11-01T11:53:39.964+0000] {processor.py:914} INFO - Processing file /home/airflow/.local/lib/python3.12/site-packages/airflow/example_dags/example_branch_operator_decorator.py for tasks to queue
[2024-11-01T11:53:39.965+0000] {logging_mixin.py:190} INFO - [2024-11-01T11:53:39.965+0000] {dagbag.py:588} INFO - Filling up the DagBag from /home/airflow/.local/lib/python3.12/site-packages/airflow/example_dags/example_branch_operator_decorator.py
[2024-11-01T11:53:39.978+0000] {processor.py:925} INFO - DAG(s) 'example_branch_python_operator_decorator' retrieved from /home/airflow/.local/lib/python3.12/site-packages/airflow/example_dags/example_branch_operator_decorator.py
[2024-11-01T11:53:39.998+0000] {logging_mixin.py:190} INFO - [2024-11-01T11:53:39.998+0000] {dag.py:3239} INFO - Sync 1 DAGs
[2024-11-01T11:53:40.016+0000] {logging_mixin.py:190} INFO - [2024-11-01T11:53:40.016+0000] {dag.py:4180} INFO - Setting next_dagrun for example_branch_python_operator_decorator to 2024-10-31 00:00:00+00:00, run_after=2024-11-01 00:00:00+00:00
[2024-11-01T11:53:40.030+0000] {processor.py:208} INFO - Processing /home/airflow/.local/lib/python3.12/site-packages/airflow/example_dags/example_branch_operator_decorator.py took 0.071 seconds
[2024-11-01T11:54:10.412+0000] {processor.py:186} INFO - Started process (PID=3775) to work on /home/airflow/.local/lib/python3.12/site-packages/airflow/example_dags/example_branch_operator_decorator.py
[2024-11-01T11:54:10.413+0000] {processor.py:914} INFO - Processing file /home/airflow/.local/lib/python3.12/site-packages/airflow/example_dags/example_branch_operator_decorator.py for tasks to queue
[2024-11-01T11:54:10.414+0000] {logging_mixin.py:190} INFO - [2024-11-01T11:54:10.414+0000] {dagbag.py:588} INFO - Filling up the DagBag from /home/airflow/.local/lib/python3.12/site-packages/airflow/example_dags/example_branch_operator_decorator.py
[2024-11-01T11:54:10.428+0000] {processor.py:925} INFO - DAG(s) 'example_branch_python_operator_decorator' retrieved from /home/airflow/.local/lib/python3.12/site-packages/airflow/example_dags/example_branch_operator_decorator.py
[2024-11-01T11:54:10.447+0000] {logging_mixin.py:190} INFO - [2024-11-01T11:54:10.446+0000] {dag.py:3239} INFO - Sync 1 DAGs
[2024-11-01T11:54:10.463+0000] {logging_mixin.py:190} INFO - [2024-11-01T11:54:10.463+0000] {dag.py:4180} INFO - Setting next_dagrun for example_branch_python_operator_decorator to 2024-10-31 00:00:00+00:00, run_after=2024-11-01 00:00:00+00:00
[2024-11-01T11:54:10.477+0000] {processor.py:208} INFO - Processing /home/airflow/.local/lib/python3.12/site-packages/airflow/example_dags/example_branch_operator_decorator.py took 0.069 seconds
[2024-11-01T11:54:40.848+0000] {processor.py:186} INFO - Started process (PID=3840) to work on /home/airflow/.local/lib/python3.12/site-packages/airflow/example_dags/example_branch_operator_decorator.py
[2024-11-01T11:54:40.848+0000] {processor.py:914} INFO - Processing file /home/airflow/.local/lib/python3.12/site-packages/airflow/example_dags/example_branch_operator_decorator.py for tasks to queue
[2024-11-01T11:54:40.850+0000] {logging_mixin.py:190} INFO - [2024-11-01T11:54:40.849+0000] {dagbag.py:588} INFO - Filling up the DagBag from /home/airflow/.local/lib/python3.12/site-packages/airflow/example_dags/example_branch_operator_decorator.py
[2024-11-01T11:54:40.863+0000] {processor.py:925} INFO - DAG(s) 'example_branch_python_operator_decorator' retrieved from /home/airflow/.local/lib/python3.12/site-packages/airflow/example_dags/example_branch_operator_decorator.py
[2024-11-01T11:54:40.883+0000] {logging_mixin.py:190} INFO - [2024-11-01T11:54:40.883+0000] {dag.py:3239} INFO - Sync 1 DAGs
[2024-11-01T11:54:40.900+0000] {logging_mixin.py:190} INFO - [2024-11-01T11:54:40.899+0000] {dag.py:4180} INFO - Setting next_dagrun for example_branch_python_operator_decorator to 2024-10-31 00:00:00+00:00, run_after=2024-11-01 00:00:00+00:00
[2024-11-01T11:54:40.914+0000] {processor.py:208} INFO - Processing /home/airflow/.local/lib/python3.12/site-packages/airflow/example_dags/example_branch_operator_decorator.py took 0.070 seconds
[2024-11-01T11:55:11.408+0000] {processor.py:186} INFO - Started process (PID=3905) to work on /home/airflow/.local/lib/python3.12/site-packages/airflow/example_dags/example_branch_operator_decorator.py
[2024-11-01T11:55:11.409+0000] {processor.py:914} INFO - Processing file /home/airflow/.local/lib/python3.12/site-packages/airflow/example_dags/example_branch_operator_decorator.py for tasks to queue
[2024-11-01T11:55:11.410+0000] {logging_mixin.py:190} INFO - [2024-11-01T11:55:11.410+0000] {dagbag.py:588} INFO - Filling up the DagBag from /home/airflow/.local/lib/python3.12/site-packages/airflow/example_dags/example_branch_operator_decorator.py
[2024-11-01T11:55:11.423+0000] {processor.py:925} INFO - DAG(s) 'example_branch_python_operator_decorator' retrieved from /home/airflow/.local/lib/python3.12/site-packages/airflow/example_dags/example_branch_operator_decorator.py
[2024-11-01T11:55:11.442+0000] {logging_mixin.py:190} INFO - [2024-11-01T11:55:11.442+0000] {dag.py:3239} INFO - Sync 1 DAGs
[2024-11-01T11:55:11.458+0000] {logging_mixin.py:190} INFO - [2024-11-01T11:55:11.458+0000] {dag.py:4180} INFO - Setting next_dagrun for example_branch_python_operator_decorator to 2024-10-31 00:00:00+00:00, run_after=2024-11-01 00:00:00+00:00
[2024-11-01T11:55:11.472+0000] {processor.py:208} INFO - Processing /home/airflow/.local/lib/python3.12/site-packages/airflow/example_dags/example_branch_operator_decorator.py took 0.068 seconds
[2024-11-01T11:55:41.998+0000] {processor.py:186} INFO - Started process (PID=3970) to work on /home/airflow/.local/lib/python3.12/site-packages/airflow/example_dags/example_branch_operator_decorator.py
[2024-11-01T11:55:41.998+0000] {processor.py:914} INFO - Processing file /home/airflow/.local/lib/python3.12/site-packages/airflow/example_dags/example_branch_operator_decorator.py for tasks to queue
[2024-11-01T11:55:42.000+0000] {logging_mixin.py:190} INFO - [2024-11-01T11:55:42.000+0000] {dagbag.py:588} INFO - Filling up the DagBag from /home/airflow/.local/lib/python3.12/site-packages/airflow/example_dags/example_branch_operator_decorator.py
[2024-11-01T11:55:42.014+0000] {processor.py:925} INFO - DAG(s) 'example_branch_python_operator_decorator' retrieved from /home/airflow/.local/lib/python3.12/site-packages/airflow/example_dags/example_branch_operator_decorator.py
[2024-11-01T11:55:42.033+0000] {logging_mixin.py:190} INFO - [2024-11-01T11:55:42.033+0000] {dag.py:3239} INFO - Sync 1 DAGs
[2024-11-01T11:55:42.050+0000] {logging_mixin.py:190} INFO - [2024-11-01T11:55:42.050+0000] {dag.py:4180} INFO - Setting next_dagrun for example_branch_python_operator_decorator to 2024-10-31 00:00:00+00:00, run_after=2024-11-01 00:00:00+00:00
[2024-11-01T11:55:42.064+0000] {processor.py:208} INFO - Processing /home/airflow/.local/lib/python3.12/site-packages/airflow/example_dags/example_branch_operator_decorator.py took 0.070 seconds
[2024-11-01T11:56:12.779+0000] {processor.py:186} INFO - Started process (PID=4036) to work on /home/airflow/.local/lib/python3.12/site-packages/airflow/example_dags/example_branch_operator_decorator.py
[2024-11-01T11:56:12.780+0000] {processor.py:914} INFO - Processing file /home/airflow/.local/lib/python3.12/site-packages/airflow/example_dags/example_branch_operator_decorator.py for tasks to queue
[2024-11-01T11:56:12.781+0000] {logging_mixin.py:190} INFO - [2024-11-01T11:56:12.781+0000] {dagbag.py:588} INFO - Filling up the DagBag from /home/airflow/.local/lib/python3.12/site-packages/airflow/example_dags/example_branch_operator_decorator.py
[2024-11-01T11:56:12.794+0000] {processor.py:925} INFO - DAG(s) 'example_branch_python_operator_decorator' retrieved from /home/airflow/.local/lib/python3.12/site-packages/airflow/example_dags/example_branch_operator_decorator.py
[2024-11-01T11:56:12.812+0000] {logging_mixin.py:190} INFO - [2024-11-01T11:56:12.812+0000] {dag.py:3239} INFO - Sync 1 DAGs
[2024-11-01T11:56:12.827+0000] {logging_mixin.py:190} INFO - [2024-11-01T11:56:12.827+0000] {dag.py:4180} INFO - Setting next_dagrun for example_branch_python_operator_decorator to 2024-10-31 00:00:00+00:00, run_after=2024-11-01 00:00:00+00:00
[2024-11-01T11:56:12.841+0000] {processor.py:208} INFO - Processing /home/airflow/.local/lib/python3.12/site-packages/airflow/example_dags/example_branch_operator_decorator.py took 0.065 seconds
[2024-11-01T11:56:43.807+0000] {processor.py:186} INFO - Started process (PID=4100) to work on /home/airflow/.local/lib/python3.12/site-packages/airflow/example_dags/example_branch_operator_decorator.py
[2024-11-01T11:56:43.809+0000] {processor.py:914} INFO - Processing file /home/airflow/.local/lib/python3.12/site-packages/airflow/example_dags/example_branch_operator_decorator.py for tasks to queue
[2024-11-01T11:56:43.810+0000] {logging_mixin.py:190} INFO - [2024-11-01T11:56:43.810+0000] {dagbag.py:588} INFO - Filling up the DagBag from /home/airflow/.local/lib/python3.12/site-packages/airflow/example_dags/example_branch_operator_decorator.py
[2024-11-01T11:56:43.824+0000] {processor.py:925} INFO - DAG(s) 'example_branch_python_operator_decorator' retrieved from /home/airflow/.local/lib/python3.12/site-packages/airflow/example_dags/example_branch_operator_decorator.py
[2024-11-01T11:56:43.842+0000] {logging_mixin.py:190} INFO - [2024-11-01T11:56:43.842+0000] {dag.py:3239} INFO - Sync 1 DAGs
[2024-11-01T11:56:43.859+0000] {logging_mixin.py:190} INFO - [2024-11-01T11:56:43.858+0000] {dag.py:4180} INFO - Setting next_dagrun for example_branch_python_operator_decorator to 2024-10-31 00:00:00+00:00, run_after=2024-11-01 00:00:00+00:00
[2024-11-01T11:56:43.872+0000] {processor.py:208} INFO - Processing /home/airflow/.local/lib/python3.12/site-packages/airflow/example_dags/example_branch_operator_decorator.py took 0.069 seconds
[2024-11-01T11:57:14.536+0000] {processor.py:186} INFO - Started process (PID=4165) to work on /home/airflow/.local/lib/python3.12/site-packages/airflow/example_dags/example_branch_operator_decorator.py
[2024-11-01T11:57:14.538+0000] {processor.py:914} INFO - Processing file /home/airflow/.local/lib/python3.12/site-packages/airflow/example_dags/example_branch_operator_decorator.py for tasks to queue
[2024-11-01T11:57:14.539+0000] {logging_mixin.py:190} INFO - [2024-11-01T11:57:14.539+0000] {dagbag.py:588} INFO - Filling up the DagBag from /home/airflow/.local/lib/python3.12/site-packages/airflow/example_dags/example_branch_operator_decorator.py
[2024-11-01T11:57:14.553+0000] {processor.py:925} INFO - DAG(s) 'example_branch_python_operator_decorator' retrieved from /home/airflow/.local/lib/python3.12/site-packages/airflow/example_dags/example_branch_operator_decorator.py
[2024-11-01T11:57:14.570+0000] {logging_mixin.py:190} INFO - [2024-11-01T11:57:14.570+0000] {dag.py:3239} INFO - Sync 1 DAGs
[2024-11-01T11:57:14.588+0000] {logging_mixin.py:190} INFO - [2024-11-01T11:57:14.588+0000] {dag.py:4180} INFO - Setting next_dagrun for example_branch_python_operator_decorator to 2024-10-31 00:00:00+00:00, run_after=2024-11-01 00:00:00+00:00
[2024-11-01T11:57:14.602+0000] {processor.py:208} INFO - Processing /home/airflow/.local/lib/python3.12/site-packages/airflow/example_dags/example_branch_operator_decorator.py took 0.070 seconds
[2024-11-01T11:57:44.811+0000] {processor.py:186} INFO - Started process (PID=4230) to work on /home/airflow/.local/lib/python3.12/site-packages/airflow/example_dags/example_branch_operator_decorator.py
[2024-11-01T11:57:44.813+0000] {processor.py:914} INFO - Processing file /home/airflow/.local/lib/python3.12/site-packages/airflow/example_dags/example_branch_operator_decorator.py for tasks to queue
[2024-11-01T11:57:44.814+0000] {logging_mixin.py:190} INFO - [2024-11-01T11:57:44.814+0000] {dagbag.py:588} INFO - Filling up the DagBag from /home/airflow/.local/lib/python3.12/site-packages/airflow/example_dags/example_branch_operator_decorator.py
[2024-11-01T11:57:44.827+0000] {processor.py:925} INFO - DAG(s) 'example_branch_python_operator_decorator' retrieved from /home/airflow/.local/lib/python3.12/site-packages/airflow/example_dags/example_branch_operator_decorator.py
[2024-11-01T11:57:44.850+0000] {logging_mixin.py:190} INFO - [2024-11-01T11:57:44.850+0000] {dag.py:3239} INFO - Sync 1 DAGs
[2024-11-01T11:57:44.869+0000] {logging_mixin.py:190} INFO - [2024-11-01T11:57:44.869+0000] {dag.py:4180} INFO - Setting next_dagrun for example_branch_python_operator_decorator to 2024-10-31 00:00:00+00:00, run_after=2024-11-01 00:00:00+00:00
[2024-11-01T11:57:44.884+0000] {processor.py:208} INFO - Processing /home/airflow/.local/lib/python3.12/site-packages/airflow/example_dags/example_branch_operator_decorator.py took 0.077 seconds
[2024-11-01T11:58:15.723+0000] {processor.py:186} INFO - Started process (PID=4295) to work on /home/airflow/.local/lib/python3.12/site-packages/airflow/example_dags/example_branch_operator_decorator.py
[2024-11-01T11:58:15.725+0000] {processor.py:914} INFO - Processing file /home/airflow/.local/lib/python3.12/site-packages/airflow/example_dags/example_branch_operator_decorator.py for tasks to queue
[2024-11-01T11:58:15.726+0000] {logging_mixin.py:190} INFO - [2024-11-01T11:58:15.726+0000] {dagbag.py:588} INFO - Filling up the DagBag from /home/airflow/.local/lib/python3.12/site-packages/airflow/example_dags/example_branch_operator_decorator.py
[2024-11-01T11:58:15.739+0000] {processor.py:925} INFO - DAG(s) 'example_branch_python_operator_decorator' retrieved from /home/airflow/.local/lib/python3.12/site-packages/airflow/example_dags/example_branch_operator_decorator.py
[2024-11-01T11:58:15.764+0000] {logging_mixin.py:190} INFO - [2024-11-01T11:58:15.763+0000] {dag.py:3239} INFO - Sync 1 DAGs
[2024-11-01T11:58:15.782+0000] {logging_mixin.py:190} INFO - [2024-11-01T11:58:15.782+0000] {dag.py:4180} INFO - Setting next_dagrun for example_branch_python_operator_decorator to 2024-10-31 00:00:00+00:00, run_after=2024-11-01 00:00:00+00:00
[2024-11-01T11:58:15.798+0000] {processor.py:208} INFO - Processing /home/airflow/.local/lib/python3.12/site-packages/airflow/example_dags/example_branch_operator_decorator.py took 0.079 seconds
[2024-11-01T11:58:46.027+0000] {processor.py:186} INFO - Started process (PID=4360) to work on /home/airflow/.local/lib/python3.12/site-packages/airflow/example_dags/example_branch_operator_decorator.py
[2024-11-01T11:58:46.028+0000] {processor.py:914} INFO - Processing file /home/airflow/.local/lib/python3.12/site-packages/airflow/example_dags/example_branch_operator_decorator.py for tasks to queue
[2024-11-01T11:58:46.030+0000] {logging_mixin.py:190} INFO - [2024-11-01T11:58:46.030+0000] {dagbag.py:588} INFO - Filling up the DagBag from /home/airflow/.local/lib/python3.12/site-packages/airflow/example_dags/example_branch_operator_decorator.py
[2024-11-01T11:58:46.043+0000] {processor.py:925} INFO - DAG(s) 'example_branch_python_operator_decorator' retrieved from /home/airflow/.local/lib/python3.12/site-packages/airflow/example_dags/example_branch_operator_decorator.py
[2024-11-01T11:58:46.061+0000] {logging_mixin.py:190} INFO - [2024-11-01T11:58:46.061+0000] {dag.py:3239} INFO - Sync 1 DAGs
[2024-11-01T11:58:46.078+0000] {logging_mixin.py:190} INFO - [2024-11-01T11:58:46.077+0000] {dag.py:4180} INFO - Setting next_dagrun for example_branch_python_operator_decorator to 2024-10-31 00:00:00+00:00, run_after=2024-11-01 00:00:00+00:00
[2024-11-01T11:58:46.092+0000] {processor.py:208} INFO - Processing /home/airflow/.local/lib/python3.12/site-packages/airflow/example_dags/example_branch_operator_decorator.py took 0.069 seconds
[2024-11-01T11:59:16.626+0000] {processor.py:186} INFO - Started process (PID=4425) to work on /home/airflow/.local/lib/python3.12/site-packages/airflow/example_dags/example_branch_operator_decorator.py
[2024-11-01T11:59:16.627+0000] {processor.py:914} INFO - Processing file /home/airflow/.local/lib/python3.12/site-packages/airflow/example_dags/example_branch_operator_decorator.py for tasks to queue
[2024-11-01T11:59:16.629+0000] {logging_mixin.py:190} INFO - [2024-11-01T11:59:16.629+0000] {dagbag.py:588} INFO - Filling up the DagBag from /home/airflow/.local/lib/python3.12/site-packages/airflow/example_dags/example_branch_operator_decorator.py
[2024-11-01T11:59:16.642+0000] {processor.py:925} INFO - DAG(s) 'example_branch_python_operator_decorator' retrieved from /home/airflow/.local/lib/python3.12/site-packages/airflow/example_dags/example_branch_operator_decorator.py
[2024-11-01T11:59:16.660+0000] {logging_mixin.py:190} INFO - [2024-11-01T11:59:16.660+0000] {dag.py:3239} INFO - Sync 1 DAGs
[2024-11-01T11:59:16.676+0000] {logging_mixin.py:190} INFO - [2024-11-01T11:59:16.676+0000] {dag.py:4180} INFO - Setting next_dagrun for example_branch_python_operator_decorator to 2024-10-31 00:00:00+00:00, run_after=2024-11-01 00:00:00+00:00
[2024-11-01T11:59:16.689+0000] {processor.py:208} INFO - Processing /home/airflow/.local/lib/python3.12/site-packages/airflow/example_dags/example_branch_operator_decorator.py took 0.068 seconds
[2024-11-01T11:59:47.285+0000] {processor.py:186} INFO - Started process (PID=4496) to work on /home/airflow/.local/lib/python3.12/site-packages/airflow/example_dags/example_branch_operator_decorator.py
[2024-11-01T11:59:47.286+0000] {processor.py:914} INFO - Processing file /home/airflow/.local/lib/python3.12/site-packages/airflow/example_dags/example_branch_operator_decorator.py for tasks to queue
[2024-11-01T11:59:47.288+0000] {logging_mixin.py:190} INFO - [2024-11-01T11:59:47.287+0000] {dagbag.py:588} INFO - Filling up the DagBag from /home/airflow/.local/lib/python3.12/site-packages/airflow/example_dags/example_branch_operator_decorator.py
[2024-11-01T11:59:47.301+0000] {processor.py:925} INFO - DAG(s) 'example_branch_python_operator_decorator' retrieved from /home/airflow/.local/lib/python3.12/site-packages/airflow/example_dags/example_branch_operator_decorator.py
[2024-11-01T11:59:47.319+0000] {logging_mixin.py:190} INFO - [2024-11-01T11:59:47.318+0000] {dag.py:3239} INFO - Sync 1 DAGs
[2024-11-01T11:59:47.334+0000] {logging_mixin.py:190} INFO - [2024-11-01T11:59:47.334+0000] {dag.py:4180} INFO - Setting next_dagrun for example_branch_python_operator_decorator to 2024-10-31 00:00:00+00:00, run_after=2024-11-01 00:00:00+00:00
[2024-11-01T11:59:47.348+0000] {processor.py:208} INFO - Processing /home/airflow/.local/lib/python3.12/site-packages/airflow/example_dags/example_branch_operator_decorator.py took 0.067 seconds
[2024-11-01T12:00:17.437+0000] {processor.py:186} INFO - Started process (PID=4561) to work on /home/airflow/.local/lib/python3.12/site-packages/airflow/example_dags/example_branch_operator_decorator.py
[2024-11-01T12:00:17.439+0000] {processor.py:914} INFO - Processing file /home/airflow/.local/lib/python3.12/site-packages/airflow/example_dags/example_branch_operator_decorator.py for tasks to queue
[2024-11-01T12:00:17.441+0000] {logging_mixin.py:190} INFO - [2024-11-01T12:00:17.440+0000] {dagbag.py:588} INFO - Filling up the DagBag from /home/airflow/.local/lib/python3.12/site-packages/airflow/example_dags/example_branch_operator_decorator.py
[2024-11-01T12:00:17.454+0000] {processor.py:925} INFO - DAG(s) 'example_branch_python_operator_decorator' retrieved from /home/airflow/.local/lib/python3.12/site-packages/airflow/example_dags/example_branch_operator_decorator.py
[2024-11-01T12:00:17.472+0000] {logging_mixin.py:190} INFO - [2024-11-01T12:00:17.472+0000] {dag.py:3239} INFO - Sync 1 DAGs
[2024-11-01T12:00:17.488+0000] {logging_mixin.py:190} INFO - [2024-11-01T12:00:17.488+0000] {dag.py:4180} INFO - Setting next_dagrun for example_branch_python_operator_decorator to 2024-10-31 00:00:00+00:00, run_after=2024-11-01 00:00:00+00:00
[2024-11-01T12:00:17.503+0000] {processor.py:208} INFO - Processing /home/airflow/.local/lib/python3.12/site-packages/airflow/example_dags/example_branch_operator_decorator.py took 0.072 seconds
[2024-11-01T12:00:47.853+0000] {processor.py:186} INFO - Started process (PID=4626) to work on /home/airflow/.local/lib/python3.12/site-packages/airflow/example_dags/example_branch_operator_decorator.py
[2024-11-01T12:00:47.854+0000] {processor.py:914} INFO - Processing file /home/airflow/.local/lib/python3.12/site-packages/airflow/example_dags/example_branch_operator_decorator.py for tasks to queue
[2024-11-01T12:00:47.856+0000] {logging_mixin.py:190} INFO - [2024-11-01T12:00:47.856+0000] {dagbag.py:588} INFO - Filling up the DagBag from /home/airflow/.local/lib/python3.12/site-packages/airflow/example_dags/example_branch_operator_decorator.py
[2024-11-01T12:00:47.869+0000] {processor.py:925} INFO - DAG(s) 'example_branch_python_operator_decorator' retrieved from /home/airflow/.local/lib/python3.12/site-packages/airflow/example_dags/example_branch_operator_decorator.py
[2024-11-01T12:00:47.886+0000] {logging_mixin.py:190} INFO - [2024-11-01T12:00:47.886+0000] {dag.py:3239} INFO - Sync 1 DAGs
[2024-11-01T12:00:47.903+0000] {logging_mixin.py:190} INFO - [2024-11-01T12:00:47.903+0000] {dag.py:4180} INFO - Setting next_dagrun for example_branch_python_operator_decorator to 2024-10-31 00:00:00+00:00, run_after=2024-11-01 00:00:00+00:00
[2024-11-01T12:00:47.916+0000] {processor.py:208} INFO - Processing /home/airflow/.local/lib/python3.12/site-packages/airflow/example_dags/example_branch_operator_decorator.py took 0.068 seconds
[2024-11-01T12:01:18.259+0000] {processor.py:186} INFO - Started process (PID=4691) to work on /home/airflow/.local/lib/python3.12/site-packages/airflow/example_dags/example_branch_operator_decorator.py
[2024-11-01T12:01:18.261+0000] {processor.py:914} INFO - Processing file /home/airflow/.local/lib/python3.12/site-packages/airflow/example_dags/example_branch_operator_decorator.py for tasks to queue
[2024-11-01T12:01:18.263+0000] {logging_mixin.py:190} INFO - [2024-11-01T12:01:18.263+0000] {dagbag.py:588} INFO - Filling up the DagBag from /home/airflow/.local/lib/python3.12/site-packages/airflow/example_dags/example_branch_operator_decorator.py
[2024-11-01T12:01:18.278+0000] {processor.py:925} INFO - DAG(s) 'example_branch_python_operator_decorator' retrieved from /home/airflow/.local/lib/python3.12/site-packages/airflow/example_dags/example_branch_operator_decorator.py
[2024-11-01T12:01:18.295+0000] {logging_mixin.py:190} INFO - [2024-11-01T12:01:18.294+0000] {dag.py:3239} INFO - Sync 1 DAGs
[2024-11-01T12:01:18.311+0000] {logging_mixin.py:190} INFO - [2024-11-01T12:01:18.311+0000] {dag.py:4180} INFO - Setting next_dagrun for example_branch_python_operator_decorator to 2024-10-31 00:00:00+00:00, run_after=2024-11-01 00:00:00+00:00
[2024-11-01T12:01:18.324+0000] {processor.py:208} INFO - Processing /home/airflow/.local/lib/python3.12/site-packages/airflow/example_dags/example_branch_operator_decorator.py took 0.069 seconds
[2024-11-01T12:01:48.635+0000] {processor.py:186} INFO - Started process (PID=4756) to work on /home/airflow/.local/lib/python3.12/site-packages/airflow/example_dags/example_branch_operator_decorator.py
[2024-11-01T12:01:48.635+0000] {processor.py:914} INFO - Processing file /home/airflow/.local/lib/python3.12/site-packages/airflow/example_dags/example_branch_operator_decorator.py for tasks to queue
[2024-11-01T12:01:48.637+0000] {logging_mixin.py:190} INFO - [2024-11-01T12:01:48.636+0000] {dagbag.py:588} INFO - Filling up the DagBag from /home/airflow/.local/lib/python3.12/site-packages/airflow/example_dags/example_branch_operator_decorator.py
[2024-11-01T12:01:48.649+0000] {processor.py:925} INFO - DAG(s) 'example_branch_python_operator_decorator' retrieved from /home/airflow/.local/lib/python3.12/site-packages/airflow/example_dags/example_branch_operator_decorator.py
[2024-11-01T12:01:48.668+0000] {logging_mixin.py:190} INFO - [2024-11-01T12:01:48.668+0000] {dag.py:3239} INFO - Sync 1 DAGs
[2024-11-01T12:01:48.684+0000] {logging_mixin.py:190} INFO - [2024-11-01T12:01:48.684+0000] {dag.py:4180} INFO - Setting next_dagrun for example_branch_python_operator_decorator to 2024-10-31 00:00:00+00:00, run_after=2024-11-01 00:00:00+00:00
[2024-11-01T12:01:48.698+0000] {processor.py:208} INFO - Processing /home/airflow/.local/lib/python3.12/site-packages/airflow/example_dags/example_branch_operator_decorator.py took 0.067 seconds
[2024-11-01T12:02:19.022+0000] {processor.py:186} INFO - Started process (PID=4822) to work on /home/airflow/.local/lib/python3.12/site-packages/airflow/example_dags/example_branch_operator_decorator.py
[2024-11-01T12:02:19.023+0000] {processor.py:914} INFO - Processing file /home/airflow/.local/lib/python3.12/site-packages/airflow/example_dags/example_branch_operator_decorator.py for tasks to queue
[2024-11-01T12:02:19.025+0000] {logging_mixin.py:190} INFO - [2024-11-01T12:02:19.025+0000] {dagbag.py:588} INFO - Filling up the DagBag from /home/airflow/.local/lib/python3.12/site-packages/airflow/example_dags/example_branch_operator_decorator.py
[2024-11-01T12:02:19.038+0000] {processor.py:925} INFO - DAG(s) 'example_branch_python_operator_decorator' retrieved from /home/airflow/.local/lib/python3.12/site-packages/airflow/example_dags/example_branch_operator_decorator.py
[2024-11-01T12:02:19.057+0000] {logging_mixin.py:190} INFO - [2024-11-01T12:02:19.057+0000] {dag.py:3239} INFO - Sync 1 DAGs
[2024-11-01T12:02:19.074+0000] {logging_mixin.py:190} INFO - [2024-11-01T12:02:19.073+0000] {dag.py:4180} INFO - Setting next_dagrun for example_branch_python_operator_decorator to 2024-10-31 00:00:00+00:00, run_after=2024-11-01 00:00:00+00:00
[2024-11-01T12:02:19.087+0000] {processor.py:208} INFO - Processing /home/airflow/.local/lib/python3.12/site-packages/airflow/example_dags/example_branch_operator_decorator.py took 0.069 seconds
[2024-11-01T12:02:49.424+0000] {processor.py:186} INFO - Started process (PID=4887) to work on /home/airflow/.local/lib/python3.12/site-packages/airflow/example_dags/example_branch_operator_decorator.py
[2024-11-01T12:02:49.424+0000] {processor.py:914} INFO - Processing file /home/airflow/.local/lib/python3.12/site-packages/airflow/example_dags/example_branch_operator_decorator.py for tasks to queue
[2024-11-01T12:02:49.426+0000] {logging_mixin.py:190} INFO - [2024-11-01T12:02:49.426+0000] {dagbag.py:588} INFO - Filling up the DagBag from /home/airflow/.local/lib/python3.12/site-packages/airflow/example_dags/example_branch_operator_decorator.py
[2024-11-01T12:02:49.439+0000] {processor.py:925} INFO - DAG(s) 'example_branch_python_operator_decorator' retrieved from /home/airflow/.local/lib/python3.12/site-packages/airflow/example_dags/example_branch_operator_decorator.py
[2024-11-01T12:02:49.456+0000] {logging_mixin.py:190} INFO - [2024-11-01T12:02:49.456+0000] {dag.py:3239} INFO - Sync 1 DAGs
[2024-11-01T12:02:49.472+0000] {logging_mixin.py:190} INFO - [2024-11-01T12:02:49.472+0000] {dag.py:4180} INFO - Setting next_dagrun for example_branch_python_operator_decorator to 2024-10-31 00:00:00+00:00, run_after=2024-11-01 00:00:00+00:00
[2024-11-01T12:02:49.486+0000] {processor.py:208} INFO - Processing /home/airflow/.local/lib/python3.12/site-packages/airflow/example_dags/example_branch_operator_decorator.py took 0.066 seconds
[2024-11-01T12:03:19.820+0000] {processor.py:186} INFO - Started process (PID=4952) to work on /home/airflow/.local/lib/python3.12/site-packages/airflow/example_dags/example_branch_operator_decorator.py
[2024-11-01T12:03:19.821+0000] {processor.py:914} INFO - Processing file /home/airflow/.local/lib/python3.12/site-packages/airflow/example_dags/example_branch_operator_decorator.py for tasks to queue
[2024-11-01T12:03:19.823+0000] {logging_mixin.py:190} INFO - [2024-11-01T12:03:19.823+0000] {dagbag.py:588} INFO - Filling up the DagBag from /home/airflow/.local/lib/python3.12/site-packages/airflow/example_dags/example_branch_operator_decorator.py
[2024-11-01T12:03:19.836+0000] {processor.py:925} INFO - DAG(s) 'example_branch_python_operator_decorator' retrieved from /home/airflow/.local/lib/python3.12/site-packages/airflow/example_dags/example_branch_operator_decorator.py
[2024-11-01T12:03:19.854+0000] {logging_mixin.py:190} INFO - [2024-11-01T12:03:19.854+0000] {dag.py:3239} INFO - Sync 1 DAGs
[2024-11-01T12:03:19.870+0000] {logging_mixin.py:190} INFO - [2024-11-01T12:03:19.870+0000] {dag.py:4180} INFO - Setting next_dagrun for example_branch_python_operator_decorator to 2024-10-31 00:00:00+00:00, run_after=2024-11-01 00:00:00+00:00
[2024-11-01T12:03:19.883+0000] {processor.py:208} INFO - Processing /home/airflow/.local/lib/python3.12/site-packages/airflow/example_dags/example_branch_operator_decorator.py took 0.068 seconds
[2024-11-01T12:03:50.236+0000] {processor.py:186} INFO - Started process (PID=5018) to work on /home/airflow/.local/lib/python3.12/site-packages/airflow/example_dags/example_branch_operator_decorator.py
[2024-11-01T12:03:50.238+0000] {processor.py:914} INFO - Processing file /home/airflow/.local/lib/python3.12/site-packages/airflow/example_dags/example_branch_operator_decorator.py for tasks to queue
[2024-11-01T12:03:50.240+0000] {logging_mixin.py:190} INFO - [2024-11-01T12:03:50.239+0000] {dagbag.py:588} INFO - Filling up the DagBag from /home/airflow/.local/lib/python3.12/site-packages/airflow/example_dags/example_branch_operator_decorator.py
[2024-11-01T12:03:50.253+0000] {processor.py:925} INFO - DAG(s) 'example_branch_python_operator_decorator' retrieved from /home/airflow/.local/lib/python3.12/site-packages/airflow/example_dags/example_branch_operator_decorator.py
[2024-11-01T12:03:50.271+0000] {logging_mixin.py:190} INFO - [2024-11-01T12:03:50.270+0000] {dag.py:3239} INFO - Sync 1 DAGs
[2024-11-01T12:03:50.287+0000] {logging_mixin.py:190} INFO - [2024-11-01T12:03:50.287+0000] {dag.py:4180} INFO - Setting next_dagrun for example_branch_python_operator_decorator to 2024-10-31 00:00:00+00:00, run_after=2024-11-01 00:00:00+00:00
[2024-11-01T12:03:50.302+0000] {processor.py:208} INFO - Processing /home/airflow/.local/lib/python3.12/site-packages/airflow/example_dags/example_branch_operator_decorator.py took 0.071 seconds
[2024-11-01T12:04:20.653+0000] {processor.py:186} INFO - Started process (PID=5083) to work on /home/airflow/.local/lib/python3.12/site-packages/airflow/example_dags/example_branch_operator_decorator.py
[2024-11-01T12:04:20.654+0000] {processor.py:914} INFO - Processing file /home/airflow/.local/lib/python3.12/site-packages/airflow/example_dags/example_branch_operator_decorator.py for tasks to queue
[2024-11-01T12:04:20.656+0000] {logging_mixin.py:190} INFO - [2024-11-01T12:04:20.656+0000] {dagbag.py:588} INFO - Filling up the DagBag from /home/airflow/.local/lib/python3.12/site-packages/airflow/example_dags/example_branch_operator_decorator.py
[2024-11-01T12:04:20.672+0000] {processor.py:925} INFO - DAG(s) 'example_branch_python_operator_decorator' retrieved from /home/airflow/.local/lib/python3.12/site-packages/airflow/example_dags/example_branch_operator_decorator.py
[2024-11-01T12:04:20.693+0000] {logging_mixin.py:190} INFO - [2024-11-01T12:04:20.693+0000] {dag.py:3239} INFO - Sync 1 DAGs
[2024-11-01T12:04:20.713+0000] {logging_mixin.py:190} INFO - [2024-11-01T12:04:20.713+0000] {dag.py:4180} INFO - Setting next_dagrun for example_branch_python_operator_decorator to 2024-10-31 00:00:00+00:00, run_after=2024-11-01 00:00:00+00:00
[2024-11-01T12:04:20.729+0000] {processor.py:208} INFO - Processing /home/airflow/.local/lib/python3.12/site-packages/airflow/example_dags/example_branch_operator_decorator.py took 0.081 seconds
[2024-11-01T12:04:51.112+0000] {processor.py:186} INFO - Started process (PID=5148) to work on /home/airflow/.local/lib/python3.12/site-packages/airflow/example_dags/example_branch_operator_decorator.py
[2024-11-01T12:04:51.114+0000] {processor.py:914} INFO - Processing file /home/airflow/.local/lib/python3.12/site-packages/airflow/example_dags/example_branch_operator_decorator.py for tasks to queue
[2024-11-01T12:04:51.116+0000] {logging_mixin.py:190} INFO - [2024-11-01T12:04:51.116+0000] {dagbag.py:588} INFO - Filling up the DagBag from /home/airflow/.local/lib/python3.12/site-packages/airflow/example_dags/example_branch_operator_decorator.py
[2024-11-01T12:04:51.131+0000] {processor.py:925} INFO - DAG(s) 'example_branch_python_operator_decorator' retrieved from /home/airflow/.local/lib/python3.12/site-packages/airflow/example_dags/example_branch_operator_decorator.py
[2024-11-01T12:04:51.149+0000] {logging_mixin.py:190} INFO - [2024-11-01T12:04:51.149+0000] {dag.py:3239} INFO - Sync 1 DAGs
[2024-11-01T12:04:51.165+0000] {logging_mixin.py:190} INFO - [2024-11-01T12:04:51.165+0000] {dag.py:4180} INFO - Setting next_dagrun for example_branch_python_operator_decorator to 2024-10-31 00:00:00+00:00, run_after=2024-11-01 00:00:00+00:00
[2024-11-01T12:04:51.179+0000] {processor.py:208} INFO - Processing /home/airflow/.local/lib/python3.12/site-packages/airflow/example_dags/example_branch_operator_decorator.py took 0.071 seconds
[2024-11-01T12:05:21.503+0000] {processor.py:186} INFO - Started process (PID=5213) to work on /home/airflow/.local/lib/python3.12/site-packages/airflow/example_dags/example_branch_operator_decorator.py
[2024-11-01T12:05:21.505+0000] {processor.py:914} INFO - Processing file /home/airflow/.local/lib/python3.12/site-packages/airflow/example_dags/example_branch_operator_decorator.py for tasks to queue
[2024-11-01T12:05:21.506+0000] {logging_mixin.py:190} INFO - [2024-11-01T12:05:21.506+0000] {dagbag.py:588} INFO - Filling up the DagBag from /home/airflow/.local/lib/python3.12/site-packages/airflow/example_dags/example_branch_operator_decorator.py
[2024-11-01T12:05:21.520+0000] {processor.py:925} INFO - DAG(s) 'example_branch_python_operator_decorator' retrieved from /home/airflow/.local/lib/python3.12/site-packages/airflow/example_dags/example_branch_operator_decorator.py
[2024-11-01T12:05:21.538+0000] {logging_mixin.py:190} INFO - [2024-11-01T12:05:21.538+0000] {dag.py:3239} INFO - Sync 1 DAGs
[2024-11-01T12:05:21.554+0000] {logging_mixin.py:190} INFO - [2024-11-01T12:05:21.554+0000] {dag.py:4180} INFO - Setting next_dagrun for example_branch_python_operator_decorator to 2024-10-31 00:00:00+00:00, run_after=2024-11-01 00:00:00+00:00
[2024-11-01T12:05:21.568+0000] {processor.py:208} INFO - Processing /home/airflow/.local/lib/python3.12/site-packages/airflow/example_dags/example_branch_operator_decorator.py took 0.069 seconds
[2024-11-01T12:05:52.125+0000] {processor.py:186} INFO - Started process (PID=5278) to work on /home/airflow/.local/lib/python3.12/site-packages/airflow/example_dags/example_branch_operator_decorator.py
[2024-11-01T12:05:52.127+0000] {processor.py:914} INFO - Processing file /home/airflow/.local/lib/python3.12/site-packages/airflow/example_dags/example_branch_operator_decorator.py for tasks to queue
[2024-11-01T12:05:52.130+0000] {logging_mixin.py:190} INFO - [2024-11-01T12:05:52.129+0000] {dagbag.py:588} INFO - Filling up the DagBag from /home/airflow/.local/lib/python3.12/site-packages/airflow/example_dags/example_branch_operator_decorator.py
[2024-11-01T12:05:52.144+0000] {processor.py:925} INFO - DAG(s) 'example_branch_python_operator_decorator' retrieved from /home/airflow/.local/lib/python3.12/site-packages/airflow/example_dags/example_branch_operator_decorator.py
[2024-11-01T12:05:52.161+0000] {logging_mixin.py:190} INFO - [2024-11-01T12:05:52.161+0000] {dag.py:3239} INFO - Sync 1 DAGs
[2024-11-01T12:05:52.179+0000] {logging_mixin.py:190} INFO - [2024-11-01T12:05:52.179+0000] {dag.py:4180} INFO - Setting next_dagrun for example_branch_python_operator_decorator to 2024-10-31 00:00:00+00:00, run_after=2024-11-01 00:00:00+00:00
[2024-11-01T12:05:52.193+0000] {processor.py:208} INFO - Processing /home/airflow/.local/lib/python3.12/site-packages/airflow/example_dags/example_branch_operator_decorator.py took 0.074 seconds
[2024-11-01T12:08:57.680+0000] {processor.py:186} INFO - Started process (PID=65) to work on /home/airflow/.local/lib/python3.12/site-packages/airflow/example_dags/example_branch_operator_decorator.py
[2024-11-01T12:08:57.681+0000] {processor.py:914} INFO - Processing file /home/airflow/.local/lib/python3.12/site-packages/airflow/example_dags/example_branch_operator_decorator.py for tasks to queue
[2024-11-01T12:08:57.683+0000] {logging_mixin.py:190} INFO - [2024-11-01T12:08:57.682+0000] {dagbag.py:588} INFO - Filling up the DagBag from /home/airflow/.local/lib/python3.12/site-packages/airflow/example_dags/example_branch_operator_decorator.py
[2024-11-01T12:08:57.697+0000] {processor.py:925} INFO - DAG(s) 'example_branch_python_operator_decorator' retrieved from /home/airflow/.local/lib/python3.12/site-packages/airflow/example_dags/example_branch_operator_decorator.py
[2024-11-01T12:08:57.785+0000] {logging_mixin.py:190} INFO - [2024-11-01T12:08:57.785+0000] {dag.py:3239} INFO - Sync 1 DAGs
[2024-11-01T12:08:57.800+0000] {logging_mixin.py:190} INFO - [2024-11-01T12:08:57.800+0000] {dag.py:4180} INFO - Setting next_dagrun for example_branch_python_operator_decorator to 2024-10-31 00:00:00+00:00, run_after=2024-11-01 00:00:00+00:00
[2024-11-01T12:08:57.816+0000] {processor.py:208} INFO - Processing /home/airflow/.local/lib/python3.12/site-packages/airflow/example_dags/example_branch_operator_decorator.py took 0.138 seconds
[2024-11-01T12:09:28.914+0000] {processor.py:186} INFO - Started process (PID=130) to work on /home/airflow/.local/lib/python3.12/site-packages/airflow/example_dags/example_branch_operator_decorator.py
[2024-11-01T12:09:28.915+0000] {processor.py:914} INFO - Processing file /home/airflow/.local/lib/python3.12/site-packages/airflow/example_dags/example_branch_operator_decorator.py for tasks to queue
[2024-11-01T12:09:28.917+0000] {logging_mixin.py:190} INFO - [2024-11-01T12:09:28.917+0000] {dagbag.py:588} INFO - Filling up the DagBag from /home/airflow/.local/lib/python3.12/site-packages/airflow/example_dags/example_branch_operator_decorator.py
[2024-11-01T12:09:28.944+0000] {processor.py:925} INFO - DAG(s) 'example_branch_python_operator_decorator' retrieved from /home/airflow/.local/lib/python3.12/site-packages/airflow/example_dags/example_branch_operator_decorator.py
[2024-11-01T12:09:28.977+0000] {logging_mixin.py:190} INFO - [2024-11-01T12:09:28.977+0000] {dag.py:3239} INFO - Sync 1 DAGs
[2024-11-01T12:09:29.017+0000] {logging_mixin.py:190} INFO - [2024-11-01T12:09:29.016+0000] {dag.py:4180} INFO - Setting next_dagrun for example_branch_python_operator_decorator to 2024-10-31 00:00:00+00:00, run_after=2024-11-01 00:00:00+00:00
[2024-11-01T12:09:29.048+0000] {processor.py:208} INFO - Processing /home/airflow/.local/lib/python3.12/site-packages/airflow/example_dags/example_branch_operator_decorator.py took 0.141 seconds
[2024-11-01T12:09:59.410+0000] {processor.py:186} INFO - Started process (PID=194) to work on /home/airflow/.local/lib/python3.12/site-packages/airflow/example_dags/example_branch_operator_decorator.py
[2024-11-01T12:09:59.412+0000] {processor.py:914} INFO - Processing file /home/airflow/.local/lib/python3.12/site-packages/airflow/example_dags/example_branch_operator_decorator.py for tasks to queue
[2024-11-01T12:09:59.420+0000] {logging_mixin.py:190} INFO - [2024-11-01T12:09:59.417+0000] {dagbag.py:588} INFO - Filling up the DagBag from /home/airflow/.local/lib/python3.12/site-packages/airflow/example_dags/example_branch_operator_decorator.py
[2024-11-01T12:09:59.473+0000] {processor.py:925} INFO - DAG(s) 'example_branch_python_operator_decorator' retrieved from /home/airflow/.local/lib/python3.12/site-packages/airflow/example_dags/example_branch_operator_decorator.py
[2024-11-01T12:09:59.547+0000] {logging_mixin.py:190} INFO - [2024-11-01T12:09:59.546+0000] {dag.py:3239} INFO - Sync 1 DAGs
[2024-11-01T12:09:59.604+0000] {logging_mixin.py:190} INFO - [2024-11-01T12:09:59.603+0000] {dag.py:4180} INFO - Setting next_dagrun for example_branch_python_operator_decorator to 2024-10-31 00:00:00+00:00, run_after=2024-11-01 00:00:00+00:00
[2024-11-01T12:09:59.651+0000] {processor.py:208} INFO - Processing /home/airflow/.local/lib/python3.12/site-packages/airflow/example_dags/example_branch_operator_decorator.py took 0.255 seconds
[2024-11-01T12:10:29.766+0000] {processor.py:186} INFO - Started process (PID=259) to work on /home/airflow/.local/lib/python3.12/site-packages/airflow/example_dags/example_branch_operator_decorator.py
[2024-11-01T12:10:29.769+0000] {processor.py:914} INFO - Processing file /home/airflow/.local/lib/python3.12/site-packages/airflow/example_dags/example_branch_operator_decorator.py for tasks to queue
[2024-11-01T12:10:29.776+0000] {logging_mixin.py:190} INFO - [2024-11-01T12:10:29.774+0000] {dagbag.py:588} INFO - Filling up the DagBag from /home/airflow/.local/lib/python3.12/site-packages/airflow/example_dags/example_branch_operator_decorator.py
[2024-11-01T12:10:29.798+0000] {processor.py:925} INFO - DAG(s) 'example_branch_python_operator_decorator' retrieved from /home/airflow/.local/lib/python3.12/site-packages/airflow/example_dags/example_branch_operator_decorator.py
[2024-11-01T12:10:29.824+0000] {logging_mixin.py:190} INFO - [2024-11-01T12:10:29.823+0000] {dag.py:3239} INFO - Sync 1 DAGs
[2024-11-01T12:10:29.853+0000] {logging_mixin.py:190} INFO - [2024-11-01T12:10:29.852+0000] {dag.py:4180} INFO - Setting next_dagrun for example_branch_python_operator_decorator to 2024-10-31 00:00:00+00:00, run_after=2024-11-01 00:00:00+00:00
[2024-11-01T12:10:29.874+0000] {processor.py:208} INFO - Processing /home/airflow/.local/lib/python3.12/site-packages/airflow/example_dags/example_branch_operator_decorator.py took 0.120 seconds
[2024-11-01T12:11:00.611+0000] {processor.py:186} INFO - Started process (PID=324) to work on /home/airflow/.local/lib/python3.12/site-packages/airflow/example_dags/example_branch_operator_decorator.py
[2024-11-01T12:11:00.612+0000] {processor.py:914} INFO - Processing file /home/airflow/.local/lib/python3.12/site-packages/airflow/example_dags/example_branch_operator_decorator.py for tasks to queue
[2024-11-01T12:11:00.614+0000] {logging_mixin.py:190} INFO - [2024-11-01T12:11:00.614+0000] {dagbag.py:588} INFO - Filling up the DagBag from /home/airflow/.local/lib/python3.12/site-packages/airflow/example_dags/example_branch_operator_decorator.py
[2024-11-01T12:11:00.633+0000] {processor.py:925} INFO - DAG(s) 'example_branch_python_operator_decorator' retrieved from /home/airflow/.local/lib/python3.12/site-packages/airflow/example_dags/example_branch_operator_decorator.py
[2024-11-01T12:11:00.660+0000] {logging_mixin.py:190} INFO - [2024-11-01T12:11:00.660+0000] {dag.py:3239} INFO - Sync 1 DAGs
[2024-11-01T12:11:00.685+0000] {logging_mixin.py:190} INFO - [2024-11-01T12:11:00.685+0000] {dag.py:4180} INFO - Setting next_dagrun for example_branch_python_operator_decorator to 2024-10-31 00:00:00+00:00, run_after=2024-11-01 00:00:00+00:00
[2024-11-01T12:11:00.708+0000] {processor.py:208} INFO - Processing /home/airflow/.local/lib/python3.12/site-packages/airflow/example_dags/example_branch_operator_decorator.py took 0.102 seconds
[2024-11-01T12:11:31.054+0000] {processor.py:186} INFO - Started process (PID=390) to work on /home/airflow/.local/lib/python3.12/site-packages/airflow/example_dags/example_branch_operator_decorator.py
[2024-11-01T12:11:31.055+0000] {processor.py:914} INFO - Processing file /home/airflow/.local/lib/python3.12/site-packages/airflow/example_dags/example_branch_operator_decorator.py for tasks to queue
[2024-11-01T12:11:31.056+0000] {logging_mixin.py:190} INFO - [2024-11-01T12:11:31.056+0000] {dagbag.py:588} INFO - Filling up the DagBag from /home/airflow/.local/lib/python3.12/site-packages/airflow/example_dags/example_branch_operator_decorator.py
[2024-11-01T12:11:31.068+0000] {processor.py:925} INFO - DAG(s) 'example_branch_python_operator_decorator' retrieved from /home/airflow/.local/lib/python3.12/site-packages/airflow/example_dags/example_branch_operator_decorator.py
[2024-11-01T12:11:31.085+0000] {logging_mixin.py:190} INFO - [2024-11-01T12:11:31.085+0000] {dag.py:3239} INFO - Sync 1 DAGs
[2024-11-01T12:11:31.100+0000] {logging_mixin.py:190} INFO - [2024-11-01T12:11:31.100+0000] {dag.py:4180} INFO - Setting next_dagrun for example_branch_python_operator_decorator to 2024-10-31 00:00:00+00:00, run_after=2024-11-01 00:00:00+00:00
[2024-11-01T12:11:31.113+0000] {processor.py:208} INFO - Processing /home/airflow/.local/lib/python3.12/site-packages/airflow/example_dags/example_branch_operator_decorator.py took 0.063 seconds
[2024-11-01T12:12:01.356+0000] {processor.py:186} INFO - Started process (PID=455) to work on /home/airflow/.local/lib/python3.12/site-packages/airflow/example_dags/example_branch_operator_decorator.py
[2024-11-01T12:12:01.356+0000] {processor.py:914} INFO - Processing file /home/airflow/.local/lib/python3.12/site-packages/airflow/example_dags/example_branch_operator_decorator.py for tasks to queue
[2024-11-01T12:12:01.358+0000] {logging_mixin.py:190} INFO - [2024-11-01T12:12:01.358+0000] {dagbag.py:588} INFO - Filling up the DagBag from /home/airflow/.local/lib/python3.12/site-packages/airflow/example_dags/example_branch_operator_decorator.py
[2024-11-01T12:12:01.371+0000] {processor.py:925} INFO - DAG(s) 'example_branch_python_operator_decorator' retrieved from /home/airflow/.local/lib/python3.12/site-packages/airflow/example_dags/example_branch_operator_decorator.py
[2024-11-01T12:12:01.389+0000] {logging_mixin.py:190} INFO - [2024-11-01T12:12:01.389+0000] {dag.py:3239} INFO - Sync 1 DAGs
[2024-11-01T12:12:01.407+0000] {logging_mixin.py:190} INFO - [2024-11-01T12:12:01.407+0000] {dag.py:4180} INFO - Setting next_dagrun for example_branch_python_operator_decorator to 2024-10-31 00:00:00+00:00, run_after=2024-11-01 00:00:00+00:00
[2024-11-01T12:12:01.420+0000] {processor.py:208} INFO - Processing /home/airflow/.local/lib/python3.12/site-packages/airflow/example_dags/example_branch_operator_decorator.py took 0.068 seconds
[2024-11-01T12:12:31.761+0000] {processor.py:186} INFO - Started process (PID=526) to work on /home/airflow/.local/lib/python3.12/site-packages/airflow/example_dags/example_branch_operator_decorator.py
[2024-11-01T12:12:31.762+0000] {processor.py:914} INFO - Processing file /home/airflow/.local/lib/python3.12/site-packages/airflow/example_dags/example_branch_operator_decorator.py for tasks to queue
[2024-11-01T12:12:31.763+0000] {logging_mixin.py:190} INFO - [2024-11-01T12:12:31.763+0000] {dagbag.py:588} INFO - Filling up the DagBag from /home/airflow/.local/lib/python3.12/site-packages/airflow/example_dags/example_branch_operator_decorator.py
[2024-11-01T12:12:31.776+0000] {processor.py:925} INFO - DAG(s) 'example_branch_python_operator_decorator' retrieved from /home/airflow/.local/lib/python3.12/site-packages/airflow/example_dags/example_branch_operator_decorator.py
[2024-11-01T12:12:31.800+0000] {logging_mixin.py:190} INFO - [2024-11-01T12:12:31.799+0000] {dag.py:3239} INFO - Sync 1 DAGs
[2024-11-01T12:12:31.814+0000] {logging_mixin.py:190} INFO - [2024-11-01T12:12:31.814+0000] {dag.py:4180} INFO - Setting next_dagrun for example_branch_python_operator_decorator to 2024-10-31 00:00:00+00:00, run_after=2024-11-01 00:00:00+00:00
[2024-11-01T12:12:31.828+0000] {processor.py:208} INFO - Processing /home/airflow/.local/lib/python3.12/site-packages/airflow/example_dags/example_branch_operator_decorator.py took 0.070 seconds
[2024-11-01T12:13:01.938+0000] {processor.py:186} INFO - Started process (PID=591) to work on /home/airflow/.local/lib/python3.12/site-packages/airflow/example_dags/example_branch_operator_decorator.py
[2024-11-01T12:13:01.939+0000] {processor.py:914} INFO - Processing file /home/airflow/.local/lib/python3.12/site-packages/airflow/example_dags/example_branch_operator_decorator.py for tasks to queue
[2024-11-01T12:13:01.940+0000] {logging_mixin.py:190} INFO - [2024-11-01T12:13:01.940+0000] {dagbag.py:588} INFO - Filling up the DagBag from /home/airflow/.local/lib/python3.12/site-packages/airflow/example_dags/example_branch_operator_decorator.py
[2024-11-01T12:13:01.953+0000] {processor.py:925} INFO - DAG(s) 'example_branch_python_operator_decorator' retrieved from /home/airflow/.local/lib/python3.12/site-packages/airflow/example_dags/example_branch_operator_decorator.py
[2024-11-01T12:13:01.969+0000] {logging_mixin.py:190} INFO - [2024-11-01T12:13:01.969+0000] {dag.py:3239} INFO - Sync 1 DAGs
[2024-11-01T12:13:01.985+0000] {logging_mixin.py:190} INFO - [2024-11-01T12:13:01.984+0000] {dag.py:4180} INFO - Setting next_dagrun for example_branch_python_operator_decorator to 2024-10-31 00:00:00+00:00, run_after=2024-11-01 00:00:00+00:00
[2024-11-01T12:13:01.999+0000] {processor.py:208} INFO - Processing /home/airflow/.local/lib/python3.12/site-packages/airflow/example_dags/example_branch_operator_decorator.py took 0.064 seconds
[2024-11-01T12:13:32.932+0000] {processor.py:186} INFO - Started process (PID=655) to work on /home/airflow/.local/lib/python3.12/site-packages/airflow/example_dags/example_branch_operator_decorator.py
[2024-11-01T12:13:32.932+0000] {processor.py:914} INFO - Processing file /home/airflow/.local/lib/python3.12/site-packages/airflow/example_dags/example_branch_operator_decorator.py for tasks to queue
[2024-11-01T12:13:32.935+0000] {logging_mixin.py:190} INFO - [2024-11-01T12:13:32.934+0000] {dagbag.py:588} INFO - Filling up the DagBag from /home/airflow/.local/lib/python3.12/site-packages/airflow/example_dags/example_branch_operator_decorator.py
[2024-11-01T12:13:32.952+0000] {processor.py:925} INFO - DAG(s) 'example_branch_python_operator_decorator' retrieved from /home/airflow/.local/lib/python3.12/site-packages/airflow/example_dags/example_branch_operator_decorator.py
[2024-11-01T12:13:32.988+0000] {logging_mixin.py:190} INFO - [2024-11-01T12:13:32.988+0000] {dag.py:3239} INFO - Sync 1 DAGs
[2024-11-01T12:13:33.021+0000] {logging_mixin.py:190} INFO - [2024-11-01T12:13:33.021+0000] {dag.py:4180} INFO - Setting next_dagrun for example_branch_python_operator_decorator to 2024-10-31 00:00:00+00:00, run_after=2024-11-01 00:00:00+00:00
[2024-11-01T12:13:33.049+0000] {processor.py:208} INFO - Processing /home/airflow/.local/lib/python3.12/site-packages/airflow/example_dags/example_branch_operator_decorator.py took 0.121 seconds
[2024-11-01T12:14:03.192+0000] {processor.py:186} INFO - Started process (PID=720) to work on /home/airflow/.local/lib/python3.12/site-packages/airflow/example_dags/example_branch_operator_decorator.py
[2024-11-01T12:14:03.193+0000] {processor.py:914} INFO - Processing file /home/airflow/.local/lib/python3.12/site-packages/airflow/example_dags/example_branch_operator_decorator.py for tasks to queue
[2024-11-01T12:14:03.194+0000] {logging_mixin.py:190} INFO - [2024-11-01T12:14:03.194+0000] {dagbag.py:588} INFO - Filling up the DagBag from /home/airflow/.local/lib/python3.12/site-packages/airflow/example_dags/example_branch_operator_decorator.py
[2024-11-01T12:14:03.208+0000] {processor.py:925} INFO - DAG(s) 'example_branch_python_operator_decorator' retrieved from /home/airflow/.local/lib/python3.12/site-packages/airflow/example_dags/example_branch_operator_decorator.py
[2024-11-01T12:14:03.227+0000] {logging_mixin.py:190} INFO - [2024-11-01T12:14:03.227+0000] {dag.py:3239} INFO - Sync 1 DAGs
[2024-11-01T12:14:03.245+0000] {logging_mixin.py:190} INFO - [2024-11-01T12:14:03.245+0000] {dag.py:4180} INFO - Setting next_dagrun for example_branch_python_operator_decorator to 2024-10-31 00:00:00+00:00, run_after=2024-11-01 00:00:00+00:00
[2024-11-01T12:14:03.260+0000] {processor.py:208} INFO - Processing /home/airflow/.local/lib/python3.12/site-packages/airflow/example_dags/example_branch_operator_decorator.py took 0.072 seconds
[2024-11-01T12:14:33.804+0000] {processor.py:186} INFO - Started process (PID=785) to work on /home/airflow/.local/lib/python3.12/site-packages/airflow/example_dags/example_branch_operator_decorator.py
[2024-11-01T12:14:33.804+0000] {processor.py:914} INFO - Processing file /home/airflow/.local/lib/python3.12/site-packages/airflow/example_dags/example_branch_operator_decorator.py for tasks to queue
[2024-11-01T12:14:33.806+0000] {logging_mixin.py:190} INFO - [2024-11-01T12:14:33.805+0000] {dagbag.py:588} INFO - Filling up the DagBag from /home/airflow/.local/lib/python3.12/site-packages/airflow/example_dags/example_branch_operator_decorator.py
[2024-11-01T12:14:33.818+0000] {processor.py:925} INFO - DAG(s) 'example_branch_python_operator_decorator' retrieved from /home/airflow/.local/lib/python3.12/site-packages/airflow/example_dags/example_branch_operator_decorator.py
[2024-11-01T12:14:33.836+0000] {logging_mixin.py:190} INFO - [2024-11-01T12:14:33.836+0000] {dag.py:3239} INFO - Sync 1 DAGs
[2024-11-01T12:14:33.852+0000] {logging_mixin.py:190} INFO - [2024-11-01T12:14:33.852+0000] {dag.py:4180} INFO - Setting next_dagrun for example_branch_python_operator_decorator to 2024-10-31 00:00:00+00:00, run_after=2024-11-01 00:00:00+00:00
[2024-11-01T12:14:33.865+0000] {processor.py:208} INFO - Processing /home/airflow/.local/lib/python3.12/site-packages/airflow/example_dags/example_branch_operator_decorator.py took 0.064 seconds
[2024-11-01T12:15:04.463+0000] {processor.py:186} INFO - Started process (PID=850) to work on /home/airflow/.local/lib/python3.12/site-packages/airflow/example_dags/example_branch_operator_decorator.py
[2024-11-01T12:15:04.464+0000] {processor.py:914} INFO - Processing file /home/airflow/.local/lib/python3.12/site-packages/airflow/example_dags/example_branch_operator_decorator.py for tasks to queue
[2024-11-01T12:15:04.465+0000] {logging_mixin.py:190} INFO - [2024-11-01T12:15:04.465+0000] {dagbag.py:588} INFO - Filling up the DagBag from /home/airflow/.local/lib/python3.12/site-packages/airflow/example_dags/example_branch_operator_decorator.py
[2024-11-01T12:15:04.486+0000] {processor.py:925} INFO - DAG(s) 'example_branch_python_operator_decorator' retrieved from /home/airflow/.local/lib/python3.12/site-packages/airflow/example_dags/example_branch_operator_decorator.py
[2024-11-01T12:15:04.505+0000] {logging_mixin.py:190} INFO - [2024-11-01T12:15:04.505+0000] {dag.py:3239} INFO - Sync 1 DAGs
[2024-11-01T12:15:04.532+0000] {logging_mixin.py:190} INFO - [2024-11-01T12:15:04.531+0000] {dag.py:4180} INFO - Setting next_dagrun for example_branch_python_operator_decorator to 2024-10-31 00:00:00+00:00, run_after=2024-11-01 00:00:00+00:00
[2024-11-01T12:15:04.558+0000] {processor.py:208} INFO - Processing /home/airflow/.local/lib/python3.12/site-packages/airflow/example_dags/example_branch_operator_decorator.py took 0.099 seconds
[2024-11-01T12:15:35.280+0000] {processor.py:186} INFO - Started process (PID=915) to work on /home/airflow/.local/lib/python3.12/site-packages/airflow/example_dags/example_branch_operator_decorator.py
[2024-11-01T12:15:35.281+0000] {processor.py:914} INFO - Processing file /home/airflow/.local/lib/python3.12/site-packages/airflow/example_dags/example_branch_operator_decorator.py for tasks to queue
[2024-11-01T12:15:35.282+0000] {logging_mixin.py:190} INFO - [2024-11-01T12:15:35.282+0000] {dagbag.py:588} INFO - Filling up the DagBag from /home/airflow/.local/lib/python3.12/site-packages/airflow/example_dags/example_branch_operator_decorator.py
[2024-11-01T12:15:35.299+0000] {processor.py:925} INFO - DAG(s) 'example_branch_python_operator_decorator' retrieved from /home/airflow/.local/lib/python3.12/site-packages/airflow/example_dags/example_branch_operator_decorator.py
[2024-11-01T12:15:35.327+0000] {logging_mixin.py:190} INFO - [2024-11-01T12:15:35.326+0000] {dag.py:3239} INFO - Sync 1 DAGs
[2024-11-01T12:15:35.350+0000] {logging_mixin.py:190} INFO - [2024-11-01T12:15:35.350+0000] {dag.py:4180} INFO - Setting next_dagrun for example_branch_python_operator_decorator to 2024-10-31 00:00:00+00:00, run_after=2024-11-01 00:00:00+00:00
[2024-11-01T12:15:35.373+0000] {processor.py:208} INFO - Processing /home/airflow/.local/lib/python3.12/site-packages/airflow/example_dags/example_branch_operator_decorator.py took 0.097 seconds
[2024-11-01T12:16:05.638+0000] {processor.py:186} INFO - Started process (PID=980) to work on /home/airflow/.local/lib/python3.12/site-packages/airflow/example_dags/example_branch_operator_decorator.py
[2024-11-01T12:16:05.639+0000] {processor.py:914} INFO - Processing file /home/airflow/.local/lib/python3.12/site-packages/airflow/example_dags/example_branch_operator_decorator.py for tasks to queue
[2024-11-01T12:16:05.641+0000] {logging_mixin.py:190} INFO - [2024-11-01T12:16:05.640+0000] {dagbag.py:588} INFO - Filling up the DagBag from /home/airflow/.local/lib/python3.12/site-packages/airflow/example_dags/example_branch_operator_decorator.py
[2024-11-01T12:16:05.659+0000] {processor.py:925} INFO - DAG(s) 'example_branch_python_operator_decorator' retrieved from /home/airflow/.local/lib/python3.12/site-packages/airflow/example_dags/example_branch_operator_decorator.py
[2024-11-01T12:16:05.680+0000] {logging_mixin.py:190} INFO - [2024-11-01T12:16:05.680+0000] {dag.py:3239} INFO - Sync 1 DAGs
[2024-11-01T12:16:05.698+0000] {logging_mixin.py:190} INFO - [2024-11-01T12:16:05.698+0000] {dag.py:4180} INFO - Setting next_dagrun for example_branch_python_operator_decorator to 2024-10-31 00:00:00+00:00, run_after=2024-11-01 00:00:00+00:00
[2024-11-01T12:16:05.717+0000] {processor.py:208} INFO - Processing /home/airflow/.local/lib/python3.12/site-packages/airflow/example_dags/example_branch_operator_decorator.py took 0.085 seconds
[2024-11-01T12:16:35.850+0000] {processor.py:186} INFO - Started process (PID=1046) to work on /home/airflow/.local/lib/python3.12/site-packages/airflow/example_dags/example_branch_operator_decorator.py
[2024-11-01T12:16:35.851+0000] {processor.py:914} INFO - Processing file /home/airflow/.local/lib/python3.12/site-packages/airflow/example_dags/example_branch_operator_decorator.py for tasks to queue
[2024-11-01T12:16:35.853+0000] {logging_mixin.py:190} INFO - [2024-11-01T12:16:35.852+0000] {dagbag.py:588} INFO - Filling up the DagBag from /home/airflow/.local/lib/python3.12/site-packages/airflow/example_dags/example_branch_operator_decorator.py
[2024-11-01T12:16:35.871+0000] {processor.py:925} INFO - DAG(s) 'example_branch_python_operator_decorator' retrieved from /home/airflow/.local/lib/python3.12/site-packages/airflow/example_dags/example_branch_operator_decorator.py
[2024-11-01T12:16:35.892+0000] {logging_mixin.py:190} INFO - [2024-11-01T12:16:35.892+0000] {dag.py:3239} INFO - Sync 1 DAGs
[2024-11-01T12:16:35.910+0000] {logging_mixin.py:190} INFO - [2024-11-01T12:16:35.910+0000] {dag.py:4180} INFO - Setting next_dagrun for example_branch_python_operator_decorator to 2024-10-31 00:00:00+00:00, run_after=2024-11-01 00:00:00+00:00
[2024-11-01T12:16:35.929+0000] {processor.py:208} INFO - Processing /home/airflow/.local/lib/python3.12/site-packages/airflow/example_dags/example_branch_operator_decorator.py took 0.083 seconds
[2024-11-01T12:17:06.844+0000] {processor.py:186} INFO - Started process (PID=1111) to work on /home/airflow/.local/lib/python3.12/site-packages/airflow/example_dags/example_branch_operator_decorator.py
[2024-11-01T12:17:06.846+0000] {processor.py:914} INFO - Processing file /home/airflow/.local/lib/python3.12/site-packages/airflow/example_dags/example_branch_operator_decorator.py for tasks to queue
[2024-11-01T12:17:06.850+0000] {logging_mixin.py:190} INFO - [2024-11-01T12:17:06.849+0000] {dagbag.py:588} INFO - Filling up the DagBag from /home/airflow/.local/lib/python3.12/site-packages/airflow/example_dags/example_branch_operator_decorator.py
[2024-11-01T12:17:06.879+0000] {processor.py:925} INFO - DAG(s) 'example_branch_python_operator_decorator' retrieved from /home/airflow/.local/lib/python3.12/site-packages/airflow/example_dags/example_branch_operator_decorator.py
[2024-11-01T12:17:06.905+0000] {logging_mixin.py:190} INFO - [2024-11-01T12:17:06.903+0000] {dag.py:3239} INFO - Sync 1 DAGs
[2024-11-01T12:17:06.938+0000] {logging_mixin.py:190} INFO - [2024-11-01T12:17:06.938+0000] {dag.py:4180} INFO - Setting next_dagrun for example_branch_python_operator_decorator to 2024-10-31 00:00:00+00:00, run_after=2024-11-01 00:00:00+00:00
[2024-11-01T12:17:06.966+0000] {processor.py:208} INFO - Processing /home/airflow/.local/lib/python3.12/site-packages/airflow/example_dags/example_branch_operator_decorator.py took 0.132 seconds
[2024-11-01T12:17:37.833+0000] {processor.py:186} INFO - Started process (PID=1176) to work on /home/airflow/.local/lib/python3.12/site-packages/airflow/example_dags/example_branch_operator_decorator.py
[2024-11-01T12:17:37.833+0000] {processor.py:914} INFO - Processing file /home/airflow/.local/lib/python3.12/site-packages/airflow/example_dags/example_branch_operator_decorator.py for tasks to queue
[2024-11-01T12:17:37.835+0000] {logging_mixin.py:190} INFO - [2024-11-01T12:17:37.834+0000] {dagbag.py:588} INFO - Filling up the DagBag from /home/airflow/.local/lib/python3.12/site-packages/airflow/example_dags/example_branch_operator_decorator.py
[2024-11-01T12:17:37.849+0000] {processor.py:925} INFO - DAG(s) 'example_branch_python_operator_decorator' retrieved from /home/airflow/.local/lib/python3.12/site-packages/airflow/example_dags/example_branch_operator_decorator.py
[2024-11-01T12:17:37.868+0000] {logging_mixin.py:190} INFO - [2024-11-01T12:17:37.868+0000] {dag.py:3239} INFO - Sync 1 DAGs
[2024-11-01T12:17:37.886+0000] {logging_mixin.py:190} INFO - [2024-11-01T12:17:37.886+0000] {dag.py:4180} INFO - Setting next_dagrun for example_branch_python_operator_decorator to 2024-10-31 00:00:00+00:00, run_after=2024-11-01 00:00:00+00:00
[2024-11-01T12:17:37.902+0000] {processor.py:208} INFO - Processing /home/airflow/.local/lib/python3.12/site-packages/airflow/example_dags/example_branch_operator_decorator.py took 0.073 seconds
[2024-11-01T12:18:08.630+0000] {processor.py:186} INFO - Started process (PID=1241) to work on /home/airflow/.local/lib/python3.12/site-packages/airflow/example_dags/example_branch_operator_decorator.py
[2024-11-01T12:18:08.630+0000] {processor.py:914} INFO - Processing file /home/airflow/.local/lib/python3.12/site-packages/airflow/example_dags/example_branch_operator_decorator.py for tasks to queue
[2024-11-01T12:18:08.632+0000] {logging_mixin.py:190} INFO - [2024-11-01T12:18:08.632+0000] {dagbag.py:588} INFO - Filling up the DagBag from /home/airflow/.local/lib/python3.12/site-packages/airflow/example_dags/example_branch_operator_decorator.py
[2024-11-01T12:18:08.647+0000] {processor.py:925} INFO - DAG(s) 'example_branch_python_operator_decorator' retrieved from /home/airflow/.local/lib/python3.12/site-packages/airflow/example_dags/example_branch_operator_decorator.py
[2024-11-01T12:18:08.667+0000] {logging_mixin.py:190} INFO - [2024-11-01T12:18:08.667+0000] {dag.py:3239} INFO - Sync 1 DAGs
[2024-11-01T12:18:08.684+0000] {logging_mixin.py:190} INFO - [2024-11-01T12:18:08.684+0000] {dag.py:4180} INFO - Setting next_dagrun for example_branch_python_operator_decorator to 2024-10-31 00:00:00+00:00, run_after=2024-11-01 00:00:00+00:00
[2024-11-01T12:18:08.704+0000] {processor.py:208} INFO - Processing /home/airflow/.local/lib/python3.12/site-packages/airflow/example_dags/example_branch_operator_decorator.py took 0.079 seconds
[2024-11-01T12:18:39.300+0000] {processor.py:186} INFO - Started process (PID=1306) to work on /home/airflow/.local/lib/python3.12/site-packages/airflow/example_dags/example_branch_operator_decorator.py
[2024-11-01T12:18:39.301+0000] {processor.py:914} INFO - Processing file /home/airflow/.local/lib/python3.12/site-packages/airflow/example_dags/example_branch_operator_decorator.py for tasks to queue
[2024-11-01T12:18:39.303+0000] {logging_mixin.py:190} INFO - [2024-11-01T12:18:39.302+0000] {dagbag.py:588} INFO - Filling up the DagBag from /home/airflow/.local/lib/python3.12/site-packages/airflow/example_dags/example_branch_operator_decorator.py
[2024-11-01T12:18:39.317+0000] {processor.py:925} INFO - DAG(s) 'example_branch_python_operator_decorator' retrieved from /home/airflow/.local/lib/python3.12/site-packages/airflow/example_dags/example_branch_operator_decorator.py
[2024-11-01T12:18:39.337+0000] {logging_mixin.py:190} INFO - [2024-11-01T12:18:39.337+0000] {dag.py:3239} INFO - Sync 1 DAGs
[2024-11-01T12:18:39.356+0000] {logging_mixin.py:190} INFO - [2024-11-01T12:18:39.355+0000] {dag.py:4180} INFO - Setting next_dagrun for example_branch_python_operator_decorator to 2024-10-31 00:00:00+00:00, run_after=2024-11-01 00:00:00+00:00
[2024-11-01T12:18:39.372+0000] {processor.py:208} INFO - Processing /home/airflow/.local/lib/python3.12/site-packages/airflow/example_dags/example_branch_operator_decorator.py took 0.076 seconds
[2024-11-01T12:19:09.992+0000] {processor.py:186} INFO - Started process (PID=1371) to work on /home/airflow/.local/lib/python3.12/site-packages/airflow/example_dags/example_branch_operator_decorator.py
[2024-11-01T12:19:09.992+0000] {processor.py:914} INFO - Processing file /home/airflow/.local/lib/python3.12/site-packages/airflow/example_dags/example_branch_operator_decorator.py for tasks to queue
[2024-11-01T12:19:09.994+0000] {logging_mixin.py:190} INFO - [2024-11-01T12:19:09.994+0000] {dagbag.py:588} INFO - Filling up the DagBag from /home/airflow/.local/lib/python3.12/site-packages/airflow/example_dags/example_branch_operator_decorator.py
[2024-11-01T12:19:10.008+0000] {processor.py:925} INFO - DAG(s) 'example_branch_python_operator_decorator' retrieved from /home/airflow/.local/lib/python3.12/site-packages/airflow/example_dags/example_branch_operator_decorator.py
[2024-11-01T12:19:10.027+0000] {logging_mixin.py:190} INFO - [2024-11-01T12:19:10.026+0000] {dag.py:3239} INFO - Sync 1 DAGs
[2024-11-01T12:19:10.043+0000] {logging_mixin.py:190} INFO - [2024-11-01T12:19:10.043+0000] {dag.py:4180} INFO - Setting next_dagrun for example_branch_python_operator_decorator to 2024-10-31 00:00:00+00:00, run_after=2024-11-01 00:00:00+00:00
[2024-11-01T12:19:10.057+0000] {processor.py:208} INFO - Processing /home/airflow/.local/lib/python3.12/site-packages/airflow/example_dags/example_branch_operator_decorator.py took 0.070 seconds
[2024-11-01T12:19:40.846+0000] {processor.py:186} INFO - Started process (PID=1436) to work on /home/airflow/.local/lib/python3.12/site-packages/airflow/example_dags/example_branch_operator_decorator.py
[2024-11-01T12:19:40.846+0000] {processor.py:914} INFO - Processing file /home/airflow/.local/lib/python3.12/site-packages/airflow/example_dags/example_branch_operator_decorator.py for tasks to queue
[2024-11-01T12:19:40.848+0000] {logging_mixin.py:190} INFO - [2024-11-01T12:19:40.848+0000] {dagbag.py:588} INFO - Filling up the DagBag from /home/airflow/.local/lib/python3.12/site-packages/airflow/example_dags/example_branch_operator_decorator.py
[2024-11-01T12:19:40.863+0000] {processor.py:925} INFO - DAG(s) 'example_branch_python_operator_decorator' retrieved from /home/airflow/.local/lib/python3.12/site-packages/airflow/example_dags/example_branch_operator_decorator.py
[2024-11-01T12:19:40.883+0000] {logging_mixin.py:190} INFO - [2024-11-01T12:19:40.883+0000] {dag.py:3239} INFO - Sync 1 DAGs
[2024-11-01T12:19:40.900+0000] {logging_mixin.py:190} INFO - [2024-11-01T12:19:40.900+0000] {dag.py:4180} INFO - Setting next_dagrun for example_branch_python_operator_decorator to 2024-10-31 00:00:00+00:00, run_after=2024-11-01 00:00:00+00:00
[2024-11-01T12:19:40.915+0000] {processor.py:208} INFO - Processing /home/airflow/.local/lib/python3.12/site-packages/airflow/example_dags/example_branch_operator_decorator.py took 0.076 seconds
[2024-11-01T12:20:11.167+0000] {processor.py:186} INFO - Started process (PID=1501) to work on /home/airflow/.local/lib/python3.12/site-packages/airflow/example_dags/example_branch_operator_decorator.py
[2024-11-01T12:20:11.167+0000] {processor.py:914} INFO - Processing file /home/airflow/.local/lib/python3.12/site-packages/airflow/example_dags/example_branch_operator_decorator.py for tasks to queue
[2024-11-01T12:20:11.169+0000] {logging_mixin.py:190} INFO - [2024-11-01T12:20:11.169+0000] {dagbag.py:588} INFO - Filling up the DagBag from /home/airflow/.local/lib/python3.12/site-packages/airflow/example_dags/example_branch_operator_decorator.py
[2024-11-01T12:20:11.186+0000] {processor.py:925} INFO - DAG(s) 'example_branch_python_operator_decorator' retrieved from /home/airflow/.local/lib/python3.12/site-packages/airflow/example_dags/example_branch_operator_decorator.py
[2024-11-01T12:20:11.207+0000] {logging_mixin.py:190} INFO - [2024-11-01T12:20:11.207+0000] {dag.py:3239} INFO - Sync 1 DAGs
[2024-11-01T12:20:11.227+0000] {logging_mixin.py:190} INFO - [2024-11-01T12:20:11.227+0000] {dag.py:4180} INFO - Setting next_dagrun for example_branch_python_operator_decorator to 2024-10-31 00:00:00+00:00, run_after=2024-11-01 00:00:00+00:00
[2024-11-01T12:20:11.246+0000] {processor.py:208} INFO - Processing /home/airflow/.local/lib/python3.12/site-packages/airflow/example_dags/example_branch_operator_decorator.py took 0.083 seconds
[2024-11-01T12:20:41.852+0000] {processor.py:186} INFO - Started process (PID=1566) to work on /home/airflow/.local/lib/python3.12/site-packages/airflow/example_dags/example_branch_operator_decorator.py
[2024-11-01T12:20:41.853+0000] {processor.py:914} INFO - Processing file /home/airflow/.local/lib/python3.12/site-packages/airflow/example_dags/example_branch_operator_decorator.py for tasks to queue
[2024-11-01T12:20:41.854+0000] {logging_mixin.py:190} INFO - [2024-11-01T12:20:41.854+0000] {dagbag.py:588} INFO - Filling up the DagBag from /home/airflow/.local/lib/python3.12/site-packages/airflow/example_dags/example_branch_operator_decorator.py
[2024-11-01T12:20:41.868+0000] {processor.py:925} INFO - DAG(s) 'example_branch_python_operator_decorator' retrieved from /home/airflow/.local/lib/python3.12/site-packages/airflow/example_dags/example_branch_operator_decorator.py
[2024-11-01T12:20:41.887+0000] {logging_mixin.py:190} INFO - [2024-11-01T12:20:41.887+0000] {dag.py:3239} INFO - Sync 1 DAGs
[2024-11-01T12:20:41.905+0000] {logging_mixin.py:190} INFO - [2024-11-01T12:20:41.905+0000] {dag.py:4180} INFO - Setting next_dagrun for example_branch_python_operator_decorator to 2024-10-31 00:00:00+00:00, run_after=2024-11-01 00:00:00+00:00
[2024-11-01T12:20:41.923+0000] {processor.py:208} INFO - Processing /home/airflow/.local/lib/python3.12/site-packages/airflow/example_dags/example_branch_operator_decorator.py took 0.074 seconds
[2024-11-01T12:21:12.305+0000] {processor.py:186} INFO - Started process (PID=1631) to work on /home/airflow/.local/lib/python3.12/site-packages/airflow/example_dags/example_branch_operator_decorator.py
[2024-11-01T12:21:12.306+0000] {processor.py:914} INFO - Processing file /home/airflow/.local/lib/python3.12/site-packages/airflow/example_dags/example_branch_operator_decorator.py for tasks to queue
[2024-11-01T12:21:12.307+0000] {logging_mixin.py:190} INFO - [2024-11-01T12:21:12.307+0000] {dagbag.py:588} INFO - Filling up the DagBag from /home/airflow/.local/lib/python3.12/site-packages/airflow/example_dags/example_branch_operator_decorator.py
[2024-11-01T12:21:12.326+0000] {processor.py:925} INFO - DAG(s) 'example_branch_python_operator_decorator' retrieved from /home/airflow/.local/lib/python3.12/site-packages/airflow/example_dags/example_branch_operator_decorator.py
[2024-11-01T12:21:12.351+0000] {logging_mixin.py:190} INFO - [2024-11-01T12:21:12.350+0000] {dag.py:3239} INFO - Sync 1 DAGs
[2024-11-01T12:21:12.371+0000] {logging_mixin.py:190} INFO - [2024-11-01T12:21:12.371+0000] {dag.py:4180} INFO - Setting next_dagrun for example_branch_python_operator_decorator to 2024-10-31 00:00:00+00:00, run_after=2024-11-01 00:00:00+00:00
[2024-11-01T12:21:12.391+0000] {processor.py:208} INFO - Processing /home/airflow/.local/lib/python3.12/site-packages/airflow/example_dags/example_branch_operator_decorator.py took 0.091 seconds
[2024-11-01T12:21:42.706+0000] {processor.py:186} INFO - Started process (PID=1696) to work on /home/airflow/.local/lib/python3.12/site-packages/airflow/example_dags/example_branch_operator_decorator.py
[2024-11-01T12:21:42.706+0000] {processor.py:914} INFO - Processing file /home/airflow/.local/lib/python3.12/site-packages/airflow/example_dags/example_branch_operator_decorator.py for tasks to queue
[2024-11-01T12:21:42.708+0000] {logging_mixin.py:190} INFO - [2024-11-01T12:21:42.707+0000] {dagbag.py:588} INFO - Filling up the DagBag from /home/airflow/.local/lib/python3.12/site-packages/airflow/example_dags/example_branch_operator_decorator.py
[2024-11-01T12:21:42.723+0000] {processor.py:925} INFO - DAG(s) 'example_branch_python_operator_decorator' retrieved from /home/airflow/.local/lib/python3.12/site-packages/airflow/example_dags/example_branch_operator_decorator.py
[2024-11-01T12:21:42.744+0000] {logging_mixin.py:190} INFO - [2024-11-01T12:21:42.744+0000] {dag.py:3239} INFO - Sync 1 DAGs
[2024-11-01T12:21:42.761+0000] {logging_mixin.py:190} INFO - [2024-11-01T12:21:42.761+0000] {dag.py:4180} INFO - Setting next_dagrun for example_branch_python_operator_decorator to 2024-10-31 00:00:00+00:00, run_after=2024-11-01 00:00:00+00:00
[2024-11-01T12:21:42.777+0000] {processor.py:208} INFO - Processing /home/airflow/.local/lib/python3.12/site-packages/airflow/example_dags/example_branch_operator_decorator.py took 0.076 seconds
[2024-11-01T12:22:12.832+0000] {processor.py:186} INFO - Started process (PID=1761) to work on /home/airflow/.local/lib/python3.12/site-packages/airflow/example_dags/example_branch_operator_decorator.py
[2024-11-01T12:22:12.833+0000] {processor.py:914} INFO - Processing file /home/airflow/.local/lib/python3.12/site-packages/airflow/example_dags/example_branch_operator_decorator.py for tasks to queue
[2024-11-01T12:22:12.835+0000] {logging_mixin.py:190} INFO - [2024-11-01T12:22:12.834+0000] {dagbag.py:588} INFO - Filling up the DagBag from /home/airflow/.local/lib/python3.12/site-packages/airflow/example_dags/example_branch_operator_decorator.py
[2024-11-01T12:22:12.851+0000] {processor.py:925} INFO - DAG(s) 'example_branch_python_operator_decorator' retrieved from /home/airflow/.local/lib/python3.12/site-packages/airflow/example_dags/example_branch_operator_decorator.py
[2024-11-01T12:22:12.873+0000] {logging_mixin.py:190} INFO - [2024-11-01T12:22:12.872+0000] {dag.py:3239} INFO - Sync 1 DAGs
[2024-11-01T12:22:12.893+0000] {logging_mixin.py:190} INFO - [2024-11-01T12:22:12.893+0000] {dag.py:4180} INFO - Setting next_dagrun for example_branch_python_operator_decorator to 2024-10-31 00:00:00+00:00, run_after=2024-11-01 00:00:00+00:00
[2024-11-01T12:22:12.910+0000] {processor.py:208} INFO - Processing /home/airflow/.local/lib/python3.12/site-packages/airflow/example_dags/example_branch_operator_decorator.py took 0.084 seconds
[2024-11-01T12:22:43.194+0000] {processor.py:186} INFO - Started process (PID=1826) to work on /home/airflow/.local/lib/python3.12/site-packages/airflow/example_dags/example_branch_operator_decorator.py
[2024-11-01T12:22:43.194+0000] {processor.py:914} INFO - Processing file /home/airflow/.local/lib/python3.12/site-packages/airflow/example_dags/example_branch_operator_decorator.py for tasks to queue
[2024-11-01T12:22:43.196+0000] {logging_mixin.py:190} INFO - [2024-11-01T12:22:43.196+0000] {dagbag.py:588} INFO - Filling up the DagBag from /home/airflow/.local/lib/python3.12/site-packages/airflow/example_dags/example_branch_operator_decorator.py
[2024-11-01T12:22:43.213+0000] {processor.py:925} INFO - DAG(s) 'example_branch_python_operator_decorator' retrieved from /home/airflow/.local/lib/python3.12/site-packages/airflow/example_dags/example_branch_operator_decorator.py
[2024-11-01T12:22:43.240+0000] {logging_mixin.py:190} INFO - [2024-11-01T12:22:43.239+0000] {dag.py:3239} INFO - Sync 1 DAGs
[2024-11-01T12:22:43.262+0000] {logging_mixin.py:190} INFO - [2024-11-01T12:22:43.262+0000] {dag.py:4180} INFO - Setting next_dagrun for example_branch_python_operator_decorator to 2024-10-31 00:00:00+00:00, run_after=2024-11-01 00:00:00+00:00
[2024-11-01T12:22:43.284+0000] {processor.py:208} INFO - Processing /home/airflow/.local/lib/python3.12/site-packages/airflow/example_dags/example_branch_operator_decorator.py took 0.094 seconds
[2024-11-01T12:23:13.857+0000] {processor.py:186} INFO - Started process (PID=1891) to work on /home/airflow/.local/lib/python3.12/site-packages/airflow/example_dags/example_branch_operator_decorator.py
[2024-11-01T12:23:13.858+0000] {processor.py:914} INFO - Processing file /home/airflow/.local/lib/python3.12/site-packages/airflow/example_dags/example_branch_operator_decorator.py for tasks to queue
[2024-11-01T12:23:13.859+0000] {logging_mixin.py:190} INFO - [2024-11-01T12:23:13.859+0000] {dagbag.py:588} INFO - Filling up the DagBag from /home/airflow/.local/lib/python3.12/site-packages/airflow/example_dags/example_branch_operator_decorator.py
[2024-11-01T12:23:13.872+0000] {processor.py:925} INFO - DAG(s) 'example_branch_python_operator_decorator' retrieved from /home/airflow/.local/lib/python3.12/site-packages/airflow/example_dags/example_branch_operator_decorator.py
[2024-11-01T12:23:13.892+0000] {logging_mixin.py:190} INFO - [2024-11-01T12:23:13.891+0000] {dag.py:3239} INFO - Sync 1 DAGs
[2024-11-01T12:23:13.910+0000] {logging_mixin.py:190} INFO - [2024-11-01T12:23:13.909+0000] {dag.py:4180} INFO - Setting next_dagrun for example_branch_python_operator_decorator to 2024-10-31 00:00:00+00:00, run_after=2024-11-01 00:00:00+00:00
[2024-11-01T12:23:13.928+0000] {processor.py:208} INFO - Processing /home/airflow/.local/lib/python3.12/site-packages/airflow/example_dags/example_branch_operator_decorator.py took 0.074 seconds
[2024-11-01T12:23:43.970+0000] {processor.py:186} INFO - Started process (PID=1955) to work on /home/airflow/.local/lib/python3.12/site-packages/airflow/example_dags/example_branch_operator_decorator.py
[2024-11-01T12:23:43.971+0000] {processor.py:914} INFO - Processing file /home/airflow/.local/lib/python3.12/site-packages/airflow/example_dags/example_branch_operator_decorator.py for tasks to queue
[2024-11-01T12:23:43.972+0000] {logging_mixin.py:190} INFO - [2024-11-01T12:23:43.972+0000] {dagbag.py:588} INFO - Filling up the DagBag from /home/airflow/.local/lib/python3.12/site-packages/airflow/example_dags/example_branch_operator_decorator.py
[2024-11-01T12:23:43.988+0000] {processor.py:925} INFO - DAG(s) 'example_branch_python_operator_decorator' retrieved from /home/airflow/.local/lib/python3.12/site-packages/airflow/example_dags/example_branch_operator_decorator.py
[2024-11-01T12:23:44.007+0000] {logging_mixin.py:190} INFO - [2024-11-01T12:23:44.007+0000] {dag.py:3239} INFO - Sync 1 DAGs
[2024-11-01T12:23:44.024+0000] {logging_mixin.py:190} INFO - [2024-11-01T12:23:44.023+0000] {dag.py:4180} INFO - Setting next_dagrun for example_branch_python_operator_decorator to 2024-10-31 00:00:00+00:00, run_after=2024-11-01 00:00:00+00:00
[2024-11-01T12:23:44.040+0000] {processor.py:208} INFO - Processing /home/airflow/.local/lib/python3.12/site-packages/airflow/example_dags/example_branch_operator_decorator.py took 0.076 seconds
[2024-11-01T12:24:14.444+0000] {processor.py:186} INFO - Started process (PID=2020) to work on /home/airflow/.local/lib/python3.12/site-packages/airflow/example_dags/example_branch_operator_decorator.py
[2024-11-01T12:24:14.445+0000] {processor.py:914} INFO - Processing file /home/airflow/.local/lib/python3.12/site-packages/airflow/example_dags/example_branch_operator_decorator.py for tasks to queue
[2024-11-01T12:24:14.446+0000] {logging_mixin.py:190} INFO - [2024-11-01T12:24:14.446+0000] {dagbag.py:588} INFO - Filling up the DagBag from /home/airflow/.local/lib/python3.12/site-packages/airflow/example_dags/example_branch_operator_decorator.py
[2024-11-01T12:24:14.463+0000] {processor.py:925} INFO - DAG(s) 'example_branch_python_operator_decorator' retrieved from /home/airflow/.local/lib/python3.12/site-packages/airflow/example_dags/example_branch_operator_decorator.py
[2024-11-01T12:24:14.490+0000] {logging_mixin.py:190} INFO - [2024-11-01T12:24:14.489+0000] {dag.py:3239} INFO - Sync 1 DAGs
[2024-11-01T12:24:14.511+0000] {logging_mixin.py:190} INFO - [2024-11-01T12:24:14.511+0000] {dag.py:4180} INFO - Setting next_dagrun for example_branch_python_operator_decorator to 2024-10-31 00:00:00+00:00, run_after=2024-11-01 00:00:00+00:00
[2024-11-01T12:24:14.529+0000] {processor.py:208} INFO - Processing /home/airflow/.local/lib/python3.12/site-packages/airflow/example_dags/example_branch_operator_decorator.py took 0.089 seconds
[2024-11-01T12:24:44.756+0000] {processor.py:186} INFO - Started process (PID=2085) to work on /home/airflow/.local/lib/python3.12/site-packages/airflow/example_dags/example_branch_operator_decorator.py
[2024-11-01T12:24:44.757+0000] {processor.py:914} INFO - Processing file /home/airflow/.local/lib/python3.12/site-packages/airflow/example_dags/example_branch_operator_decorator.py for tasks to queue
[2024-11-01T12:24:44.758+0000] {logging_mixin.py:190} INFO - [2024-11-01T12:24:44.758+0000] {dagbag.py:588} INFO - Filling up the DagBag from /home/airflow/.local/lib/python3.12/site-packages/airflow/example_dags/example_branch_operator_decorator.py
[2024-11-01T12:24:44.776+0000] {processor.py:925} INFO - DAG(s) 'example_branch_python_operator_decorator' retrieved from /home/airflow/.local/lib/python3.12/site-packages/airflow/example_dags/example_branch_operator_decorator.py
[2024-11-01T12:24:44.808+0000] {logging_mixin.py:190} INFO - [2024-11-01T12:24:44.808+0000] {dag.py:3239} INFO - Sync 1 DAGs
[2024-11-01T12:24:44.835+0000] {logging_mixin.py:190} INFO - [2024-11-01T12:24:44.835+0000] {dag.py:4180} INFO - Setting next_dagrun for example_branch_python_operator_decorator to 2024-10-31 00:00:00+00:00, run_after=2024-11-01 00:00:00+00:00
[2024-11-01T12:24:44.854+0000] {processor.py:208} INFO - Processing /home/airflow/.local/lib/python3.12/site-packages/airflow/example_dags/example_branch_operator_decorator.py took 0.105 seconds
[2024-11-01T12:25:14.999+0000] {processor.py:186} INFO - Started process (PID=2150) to work on /home/airflow/.local/lib/python3.12/site-packages/airflow/example_dags/example_branch_operator_decorator.py
[2024-11-01T12:25:15.000+0000] {processor.py:914} INFO - Processing file /home/airflow/.local/lib/python3.12/site-packages/airflow/example_dags/example_branch_operator_decorator.py for tasks to queue
[2024-11-01T12:25:15.002+0000] {logging_mixin.py:190} INFO - [2024-11-01T12:25:15.001+0000] {dagbag.py:588} INFO - Filling up the DagBag from /home/airflow/.local/lib/python3.12/site-packages/airflow/example_dags/example_branch_operator_decorator.py
[2024-11-01T12:25:15.017+0000] {processor.py:925} INFO - DAG(s) 'example_branch_python_operator_decorator' retrieved from /home/airflow/.local/lib/python3.12/site-packages/airflow/example_dags/example_branch_operator_decorator.py
[2024-11-01T12:25:15.041+0000] {logging_mixin.py:190} INFO - [2024-11-01T12:25:15.041+0000] {dag.py:3239} INFO - Sync 1 DAGs
[2024-11-01T12:25:15.062+0000] {logging_mixin.py:190} INFO - [2024-11-01T12:25:15.062+0000] {dag.py:4180} INFO - Setting next_dagrun for example_branch_python_operator_decorator to 2024-10-31 00:00:00+00:00, run_after=2024-11-01 00:00:00+00:00
[2024-11-01T12:25:15.078+0000] {processor.py:208} INFO - Processing /home/airflow/.local/lib/python3.12/site-packages/airflow/example_dags/example_branch_operator_decorator.py took 0.083 seconds
[2024-11-01T12:25:45.851+0000] {processor.py:186} INFO - Started process (PID=2215) to work on /home/airflow/.local/lib/python3.12/site-packages/airflow/example_dags/example_branch_operator_decorator.py
[2024-11-01T12:25:45.852+0000] {processor.py:914} INFO - Processing file /home/airflow/.local/lib/python3.12/site-packages/airflow/example_dags/example_branch_operator_decorator.py for tasks to queue
[2024-11-01T12:25:45.856+0000] {logging_mixin.py:190} INFO - [2024-11-01T12:25:45.856+0000] {dagbag.py:588} INFO - Filling up the DagBag from /home/airflow/.local/lib/python3.12/site-packages/airflow/example_dags/example_branch_operator_decorator.py
[2024-11-01T12:25:45.872+0000] {processor.py:925} INFO - DAG(s) 'example_branch_python_operator_decorator' retrieved from /home/airflow/.local/lib/python3.12/site-packages/airflow/example_dags/example_branch_operator_decorator.py
[2024-11-01T12:25:45.894+0000] {logging_mixin.py:190} INFO - [2024-11-01T12:25:45.893+0000] {dag.py:3239} INFO - Sync 1 DAGs
[2024-11-01T12:25:45.914+0000] {logging_mixin.py:190} INFO - [2024-11-01T12:25:45.914+0000] {dag.py:4180} INFO - Setting next_dagrun for example_branch_python_operator_decorator to 2024-10-31 00:00:00+00:00, run_after=2024-11-01 00:00:00+00:00
[2024-11-01T12:25:45.931+0000] {processor.py:208} INFO - Processing /home/airflow/.local/lib/python3.12/site-packages/airflow/example_dags/example_branch_operator_decorator.py took 0.084 seconds
[2024-11-01T12:26:16.520+0000] {processor.py:186} INFO - Started process (PID=2280) to work on /home/airflow/.local/lib/python3.12/site-packages/airflow/example_dags/example_branch_operator_decorator.py
[2024-11-01T12:26:16.521+0000] {processor.py:914} INFO - Processing file /home/airflow/.local/lib/python3.12/site-packages/airflow/example_dags/example_branch_operator_decorator.py for tasks to queue
[2024-11-01T12:26:16.524+0000] {logging_mixin.py:190} INFO - [2024-11-01T12:26:16.523+0000] {dagbag.py:588} INFO - Filling up the DagBag from /home/airflow/.local/lib/python3.12/site-packages/airflow/example_dags/example_branch_operator_decorator.py
[2024-11-01T12:26:16.543+0000] {processor.py:925} INFO - DAG(s) 'example_branch_python_operator_decorator' retrieved from /home/airflow/.local/lib/python3.12/site-packages/airflow/example_dags/example_branch_operator_decorator.py
[2024-11-01T12:26:16.568+0000] {logging_mixin.py:190} INFO - [2024-11-01T12:26:16.568+0000] {dag.py:3239} INFO - Sync 1 DAGs
[2024-11-01T12:26:16.786+0000] {logging_mixin.py:190} INFO - [2024-11-01T12:26:16.786+0000] {dag.py:4180} INFO - Setting next_dagrun for example_branch_python_operator_decorator to 2024-10-31 00:00:00+00:00, run_after=2024-11-01 00:00:00+00:00
[2024-11-01T12:26:16.806+0000] {processor.py:208} INFO - Processing /home/airflow/.local/lib/python3.12/site-packages/airflow/example_dags/example_branch_operator_decorator.py took 0.291 seconds
[2024-11-01T12:26:47.072+0000] {processor.py:186} INFO - Started process (PID=2346) to work on /home/airflow/.local/lib/python3.12/site-packages/airflow/example_dags/example_branch_operator_decorator.py
[2024-11-01T12:26:47.074+0000] {processor.py:914} INFO - Processing file /home/airflow/.local/lib/python3.12/site-packages/airflow/example_dags/example_branch_operator_decorator.py for tasks to queue
[2024-11-01T12:26:47.075+0000] {logging_mixin.py:190} INFO - [2024-11-01T12:26:47.075+0000] {dagbag.py:588} INFO - Filling up the DagBag from /home/airflow/.local/lib/python3.12/site-packages/airflow/example_dags/example_branch_operator_decorator.py
[2024-11-01T12:26:47.092+0000] {processor.py:925} INFO - DAG(s) 'example_branch_python_operator_decorator' retrieved from /home/airflow/.local/lib/python3.12/site-packages/airflow/example_dags/example_branch_operator_decorator.py
[2024-11-01T12:26:47.113+0000] {logging_mixin.py:190} INFO - [2024-11-01T12:26:47.113+0000] {dag.py:3239} INFO - Sync 1 DAGs
[2024-11-01T12:26:47.297+0000] {logging_mixin.py:190} INFO - [2024-11-01T12:26:47.297+0000] {dag.py:4180} INFO - Setting next_dagrun for example_branch_python_operator_decorator to 2024-10-31 00:00:00+00:00, run_after=2024-11-01 00:00:00+00:00
[2024-11-01T12:26:47.314+0000] {processor.py:208} INFO - Processing /home/airflow/.local/lib/python3.12/site-packages/airflow/example_dags/example_branch_operator_decorator.py took 0.246 seconds
[2024-11-01T12:27:17.694+0000] {processor.py:186} INFO - Started process (PID=2411) to work on /home/airflow/.local/lib/python3.12/site-packages/airflow/example_dags/example_branch_operator_decorator.py
[2024-11-01T12:27:17.695+0000] {processor.py:914} INFO - Processing file /home/airflow/.local/lib/python3.12/site-packages/airflow/example_dags/example_branch_operator_decorator.py for tasks to queue
[2024-11-01T12:27:17.696+0000] {logging_mixin.py:190} INFO - [2024-11-01T12:27:17.696+0000] {dagbag.py:588} INFO - Filling up the DagBag from /home/airflow/.local/lib/python3.12/site-packages/airflow/example_dags/example_branch_operator_decorator.py
[2024-11-01T12:27:17.710+0000] {processor.py:925} INFO - DAG(s) 'example_branch_python_operator_decorator' retrieved from /home/airflow/.local/lib/python3.12/site-packages/airflow/example_dags/example_branch_operator_decorator.py
[2024-11-01T12:27:17.730+0000] {logging_mixin.py:190} INFO - [2024-11-01T12:27:17.729+0000] {dag.py:3239} INFO - Sync 1 DAGs
[2024-11-01T12:27:17.886+0000] {logging_mixin.py:190} INFO - [2024-11-01T12:27:17.886+0000] {dag.py:4180} INFO - Setting next_dagrun for example_branch_python_operator_decorator to 2024-10-31 00:00:00+00:00, run_after=2024-11-01 00:00:00+00:00
[2024-11-01T12:27:17.901+0000] {processor.py:208} INFO - Processing /home/airflow/.local/lib/python3.12/site-packages/airflow/example_dags/example_branch_operator_decorator.py took 0.212 seconds
[2024-11-01T12:27:47.945+0000] {processor.py:186} INFO - Started process (PID=2476) to work on /home/airflow/.local/lib/python3.12/site-packages/airflow/example_dags/example_branch_operator_decorator.py
[2024-11-01T12:27:47.946+0000] {processor.py:914} INFO - Processing file /home/airflow/.local/lib/python3.12/site-packages/airflow/example_dags/example_branch_operator_decorator.py for tasks to queue
[2024-11-01T12:27:47.947+0000] {logging_mixin.py:190} INFO - [2024-11-01T12:27:47.947+0000] {dagbag.py:588} INFO - Filling up the DagBag from /home/airflow/.local/lib/python3.12/site-packages/airflow/example_dags/example_branch_operator_decorator.py
[2024-11-01T12:27:47.964+0000] {processor.py:925} INFO - DAG(s) 'example_branch_python_operator_decorator' retrieved from /home/airflow/.local/lib/python3.12/site-packages/airflow/example_dags/example_branch_operator_decorator.py
[2024-11-01T12:27:47.985+0000] {logging_mixin.py:190} INFO - [2024-11-01T12:27:47.984+0000] {dag.py:3239} INFO - Sync 1 DAGs
[2024-11-01T12:27:48.147+0000] {logging_mixin.py:190} INFO - [2024-11-01T12:27:48.147+0000] {dag.py:4180} INFO - Setting next_dagrun for example_branch_python_operator_decorator to 2024-10-31 00:00:00+00:00, run_after=2024-11-01 00:00:00+00:00
[2024-11-01T12:27:48.163+0000] {processor.py:208} INFO - Processing /home/airflow/.local/lib/python3.12/site-packages/airflow/example_dags/example_branch_operator_decorator.py took 0.226 seconds
[2024-11-01T12:28:18.884+0000] {processor.py:186} INFO - Started process (PID=2540) to work on /home/airflow/.local/lib/python3.12/site-packages/airflow/example_dags/example_branch_operator_decorator.py
[2024-11-01T12:28:18.885+0000] {processor.py:914} INFO - Processing file /home/airflow/.local/lib/python3.12/site-packages/airflow/example_dags/example_branch_operator_decorator.py for tasks to queue
[2024-11-01T12:28:18.886+0000] {logging_mixin.py:190} INFO - [2024-11-01T12:28:18.886+0000] {dagbag.py:588} INFO - Filling up the DagBag from /home/airflow/.local/lib/python3.12/site-packages/airflow/example_dags/example_branch_operator_decorator.py
[2024-11-01T12:28:18.903+0000] {processor.py:925} INFO - DAG(s) 'example_branch_python_operator_decorator' retrieved from /home/airflow/.local/lib/python3.12/site-packages/airflow/example_dags/example_branch_operator_decorator.py
[2024-11-01T12:28:18.926+0000] {logging_mixin.py:190} INFO - [2024-11-01T12:28:18.926+0000] {dag.py:3239} INFO - Sync 1 DAGs
[2024-11-01T12:28:18.946+0000] {logging_mixin.py:190} INFO - [2024-11-01T12:28:18.946+0000] {dag.py:4180} INFO - Setting next_dagrun for example_branch_python_operator_decorator to 2024-10-31 00:00:00+00:00, run_after=2024-11-01 00:00:00+00:00
[2024-11-01T12:28:18.963+0000] {processor.py:208} INFO - Processing /home/airflow/.local/lib/python3.12/site-packages/airflow/example_dags/example_branch_operator_decorator.py took 0.083 seconds
[2024-11-01T12:28:49.338+0000] {processor.py:186} INFO - Started process (PID=2605) to work on /home/airflow/.local/lib/python3.12/site-packages/airflow/example_dags/example_branch_operator_decorator.py
[2024-11-01T12:28:49.338+0000] {processor.py:914} INFO - Processing file /home/airflow/.local/lib/python3.12/site-packages/airflow/example_dags/example_branch_operator_decorator.py for tasks to queue
[2024-11-01T12:28:49.340+0000] {logging_mixin.py:190} INFO - [2024-11-01T12:28:49.340+0000] {dagbag.py:588} INFO - Filling up the DagBag from /home/airflow/.local/lib/python3.12/site-packages/airflow/example_dags/example_branch_operator_decorator.py
[2024-11-01T12:28:49.357+0000] {processor.py:925} INFO - DAG(s) 'example_branch_python_operator_decorator' retrieved from /home/airflow/.local/lib/python3.12/site-packages/airflow/example_dags/example_branch_operator_decorator.py
[2024-11-01T12:28:49.381+0000] {logging_mixin.py:190} INFO - [2024-11-01T12:28:49.381+0000] {dag.py:3239} INFO - Sync 1 DAGs
[2024-11-01T12:28:49.401+0000] {logging_mixin.py:190} INFO - [2024-11-01T12:28:49.401+0000] {dag.py:4180} INFO - Setting next_dagrun for example_branch_python_operator_decorator to 2024-10-31 00:00:00+00:00, run_after=2024-11-01 00:00:00+00:00
[2024-11-01T12:28:49.420+0000] {processor.py:208} INFO - Processing /home/airflow/.local/lib/python3.12/site-packages/airflow/example_dags/example_branch_operator_decorator.py took 0.085 seconds
[2024-11-01T12:29:19.749+0000] {processor.py:186} INFO - Started process (PID=2670) to work on /home/airflow/.local/lib/python3.12/site-packages/airflow/example_dags/example_branch_operator_decorator.py
[2024-11-01T12:29:19.751+0000] {processor.py:914} INFO - Processing file /home/airflow/.local/lib/python3.12/site-packages/airflow/example_dags/example_branch_operator_decorator.py for tasks to queue
[2024-11-01T12:29:19.755+0000] {logging_mixin.py:190} INFO - [2024-11-01T12:29:19.754+0000] {dagbag.py:588} INFO - Filling up the DagBag from /home/airflow/.local/lib/python3.12/site-packages/airflow/example_dags/example_branch_operator_decorator.py
[2024-11-01T12:29:19.772+0000] {processor.py:925} INFO - DAG(s) 'example_branch_python_operator_decorator' retrieved from /home/airflow/.local/lib/python3.12/site-packages/airflow/example_dags/example_branch_operator_decorator.py
[2024-11-01T12:29:19.794+0000] {logging_mixin.py:190} INFO - [2024-11-01T12:29:19.794+0000] {dag.py:3239} INFO - Sync 1 DAGs
[2024-11-01T12:29:19.817+0000] {logging_mixin.py:190} INFO - [2024-11-01T12:29:19.817+0000] {dag.py:4180} INFO - Setting next_dagrun for example_branch_python_operator_decorator to 2024-10-31 00:00:00+00:00, run_after=2024-11-01 00:00:00+00:00
[2024-11-01T12:29:19.835+0000] {processor.py:208} INFO - Processing /home/airflow/.local/lib/python3.12/site-packages/airflow/example_dags/example_branch_operator_decorator.py took 0.092 seconds
[2024-11-01T12:29:49.899+0000] {processor.py:186} INFO - Started process (PID=2735) to work on /home/airflow/.local/lib/python3.12/site-packages/airflow/example_dags/example_branch_operator_decorator.py
[2024-11-01T12:29:49.900+0000] {processor.py:914} INFO - Processing file /home/airflow/.local/lib/python3.12/site-packages/airflow/example_dags/example_branch_operator_decorator.py for tasks to queue
[2024-11-01T12:29:49.902+0000] {logging_mixin.py:190} INFO - [2024-11-01T12:29:49.901+0000] {dagbag.py:588} INFO - Filling up the DagBag from /home/airflow/.local/lib/python3.12/site-packages/airflow/example_dags/example_branch_operator_decorator.py
[2024-11-01T12:29:49.917+0000] {processor.py:925} INFO - DAG(s) 'example_branch_python_operator_decorator' retrieved from /home/airflow/.local/lib/python3.12/site-packages/airflow/example_dags/example_branch_operator_decorator.py
[2024-11-01T12:29:49.942+0000] {logging_mixin.py:190} INFO - [2024-11-01T12:29:49.942+0000] {dag.py:3239} INFO - Sync 1 DAGs
[2024-11-01T12:29:49.961+0000] {logging_mixin.py:190} INFO - [2024-11-01T12:29:49.961+0000] {dag.py:4180} INFO - Setting next_dagrun for example_branch_python_operator_decorator to 2024-10-31 00:00:00+00:00, run_after=2024-11-01 00:00:00+00:00
[2024-11-01T12:29:49.977+0000] {processor.py:208} INFO - Processing /home/airflow/.local/lib/python3.12/site-packages/airflow/example_dags/example_branch_operator_decorator.py took 0.082 seconds
[2024-11-01T12:30:20.451+0000] {processor.py:186} INFO - Started process (PID=2800) to work on /home/airflow/.local/lib/python3.12/site-packages/airflow/example_dags/example_branch_operator_decorator.py
[2024-11-01T12:30:20.452+0000] {processor.py:914} INFO - Processing file /home/airflow/.local/lib/python3.12/site-packages/airflow/example_dags/example_branch_operator_decorator.py for tasks to queue
[2024-11-01T12:30:20.453+0000] {logging_mixin.py:190} INFO - [2024-11-01T12:30:20.453+0000] {dagbag.py:588} INFO - Filling up the DagBag from /home/airflow/.local/lib/python3.12/site-packages/airflow/example_dags/example_branch_operator_decorator.py
[2024-11-01T12:30:20.467+0000] {processor.py:925} INFO - DAG(s) 'example_branch_python_operator_decorator' retrieved from /home/airflow/.local/lib/python3.12/site-packages/airflow/example_dags/example_branch_operator_decorator.py
[2024-11-01T12:30:20.485+0000] {logging_mixin.py:190} INFO - [2024-11-01T12:30:20.485+0000] {dag.py:3239} INFO - Sync 1 DAGs
[2024-11-01T12:30:20.502+0000] {logging_mixin.py:190} INFO - [2024-11-01T12:30:20.501+0000] {dag.py:4180} INFO - Setting next_dagrun for example_branch_python_operator_decorator to 2024-10-31 00:00:00+00:00, run_after=2024-11-01 00:00:00+00:00
[2024-11-01T12:30:20.516+0000] {processor.py:208} INFO - Processing /home/airflow/.local/lib/python3.12/site-packages/airflow/example_dags/example_branch_operator_decorator.py took 0.069 seconds
[2024-11-01T12:30:51.027+0000] {processor.py:186} INFO - Started process (PID=2866) to work on /home/airflow/.local/lib/python3.12/site-packages/airflow/example_dags/example_branch_operator_decorator.py
[2024-11-01T12:30:51.027+0000] {processor.py:914} INFO - Processing file /home/airflow/.local/lib/python3.12/site-packages/airflow/example_dags/example_branch_operator_decorator.py for tasks to queue
[2024-11-01T12:30:51.029+0000] {logging_mixin.py:190} INFO - [2024-11-01T12:30:51.029+0000] {dagbag.py:588} INFO - Filling up the DagBag from /home/airflow/.local/lib/python3.12/site-packages/airflow/example_dags/example_branch_operator_decorator.py
[2024-11-01T12:30:51.042+0000] {processor.py:925} INFO - DAG(s) 'example_branch_python_operator_decorator' retrieved from /home/airflow/.local/lib/python3.12/site-packages/airflow/example_dags/example_branch_operator_decorator.py
[2024-11-01T12:30:51.061+0000] {logging_mixin.py:190} INFO - [2024-11-01T12:30:51.061+0000] {dag.py:3239} INFO - Sync 1 DAGs
[2024-11-01T12:30:51.077+0000] {logging_mixin.py:190} INFO - [2024-11-01T12:30:51.077+0000] {dag.py:4180} INFO - Setting next_dagrun for example_branch_python_operator_decorator to 2024-10-31 00:00:00+00:00, run_after=2024-11-01 00:00:00+00:00
[2024-11-01T12:30:51.092+0000] {processor.py:208} INFO - Processing /home/airflow/.local/lib/python3.12/site-packages/airflow/example_dags/example_branch_operator_decorator.py took 0.070 seconds
[2024-11-01T12:31:21.600+0000] {processor.py:186} INFO - Started process (PID=2931) to work on /home/airflow/.local/lib/python3.12/site-packages/airflow/example_dags/example_branch_operator_decorator.py
[2024-11-01T12:31:21.601+0000] {processor.py:914} INFO - Processing file /home/airflow/.local/lib/python3.12/site-packages/airflow/example_dags/example_branch_operator_decorator.py for tasks to queue
[2024-11-01T12:31:21.602+0000] {logging_mixin.py:190} INFO - [2024-11-01T12:31:21.602+0000] {dagbag.py:588} INFO - Filling up the DagBag from /home/airflow/.local/lib/python3.12/site-packages/airflow/example_dags/example_branch_operator_decorator.py
[2024-11-01T12:31:21.616+0000] {processor.py:925} INFO - DAG(s) 'example_branch_python_operator_decorator' retrieved from /home/airflow/.local/lib/python3.12/site-packages/airflow/example_dags/example_branch_operator_decorator.py
[2024-11-01T12:31:21.634+0000] {logging_mixin.py:190} INFO - [2024-11-01T12:31:21.634+0000] {dag.py:3239} INFO - Sync 1 DAGs
[2024-11-01T12:31:21.650+0000] {logging_mixin.py:190} INFO - [2024-11-01T12:31:21.650+0000] {dag.py:4180} INFO - Setting next_dagrun for example_branch_python_operator_decorator to 2024-10-31 00:00:00+00:00, run_after=2024-11-01 00:00:00+00:00
[2024-11-01T12:31:21.666+0000] {processor.py:208} INFO - Processing /home/airflow/.local/lib/python3.12/site-packages/airflow/example_dags/example_branch_operator_decorator.py took 0.071 seconds
[2024-11-01T12:31:52.207+0000] {processor.py:186} INFO - Started process (PID=2996) to work on /home/airflow/.local/lib/python3.12/site-packages/airflow/example_dags/example_branch_operator_decorator.py
[2024-11-01T12:31:52.208+0000] {processor.py:914} INFO - Processing file /home/airflow/.local/lib/python3.12/site-packages/airflow/example_dags/example_branch_operator_decorator.py for tasks to queue
[2024-11-01T12:31:52.210+0000] {logging_mixin.py:190} INFO - [2024-11-01T12:31:52.209+0000] {dagbag.py:588} INFO - Filling up the DagBag from /home/airflow/.local/lib/python3.12/site-packages/airflow/example_dags/example_branch_operator_decorator.py
[2024-11-01T12:31:52.223+0000] {processor.py:925} INFO - DAG(s) 'example_branch_python_operator_decorator' retrieved from /home/airflow/.local/lib/python3.12/site-packages/airflow/example_dags/example_branch_operator_decorator.py
[2024-11-01T12:31:52.242+0000] {logging_mixin.py:190} INFO - [2024-11-01T12:31:52.242+0000] {dag.py:3239} INFO - Sync 1 DAGs
[2024-11-01T12:31:52.258+0000] {logging_mixin.py:190} INFO - [2024-11-01T12:31:52.258+0000] {dag.py:4180} INFO - Setting next_dagrun for example_branch_python_operator_decorator to 2024-10-31 00:00:00+00:00, run_after=2024-11-01 00:00:00+00:00
[2024-11-01T12:31:52.273+0000] {processor.py:208} INFO - Processing /home/airflow/.local/lib/python3.12/site-packages/airflow/example_dags/example_branch_operator_decorator.py took 0.071 seconds
[2024-11-01T12:32:22.707+0000] {processor.py:186} INFO - Started process (PID=3061) to work on /home/airflow/.local/lib/python3.12/site-packages/airflow/example_dags/example_branch_operator_decorator.py
[2024-11-01T12:32:22.708+0000] {processor.py:914} INFO - Processing file /home/airflow/.local/lib/python3.12/site-packages/airflow/example_dags/example_branch_operator_decorator.py for tasks to queue
[2024-11-01T12:32:22.709+0000] {logging_mixin.py:190} INFO - [2024-11-01T12:32:22.709+0000] {dagbag.py:588} INFO - Filling up the DagBag from /home/airflow/.local/lib/python3.12/site-packages/airflow/example_dags/example_branch_operator_decorator.py
[2024-11-01T12:32:22.723+0000] {processor.py:925} INFO - DAG(s) 'example_branch_python_operator_decorator' retrieved from /home/airflow/.local/lib/python3.12/site-packages/airflow/example_dags/example_branch_operator_decorator.py
[2024-11-01T12:32:22.741+0000] {logging_mixin.py:190} INFO - [2024-11-01T12:32:22.741+0000] {dag.py:3239} INFO - Sync 1 DAGs
[2024-11-01T12:32:22.757+0000] {logging_mixin.py:190} INFO - [2024-11-01T12:32:22.757+0000] {dag.py:4180} INFO - Setting next_dagrun for example_branch_python_operator_decorator to 2024-10-31 00:00:00+00:00, run_after=2024-11-01 00:00:00+00:00
[2024-11-01T12:32:22.772+0000] {processor.py:208} INFO - Processing /home/airflow/.local/lib/python3.12/site-packages/airflow/example_dags/example_branch_operator_decorator.py took 0.069 seconds
[2024-11-01T12:32:53.348+0000] {processor.py:186} INFO - Started process (PID=3126) to work on /home/airflow/.local/lib/python3.12/site-packages/airflow/example_dags/example_branch_operator_decorator.py
[2024-11-01T12:32:53.349+0000] {processor.py:914} INFO - Processing file /home/airflow/.local/lib/python3.12/site-packages/airflow/example_dags/example_branch_operator_decorator.py for tasks to queue
[2024-11-01T12:32:53.350+0000] {logging_mixin.py:190} INFO - [2024-11-01T12:32:53.350+0000] {dagbag.py:588} INFO - Filling up the DagBag from /home/airflow/.local/lib/python3.12/site-packages/airflow/example_dags/example_branch_operator_decorator.py
[2024-11-01T12:32:53.363+0000] {processor.py:925} INFO - DAG(s) 'example_branch_python_operator_decorator' retrieved from /home/airflow/.local/lib/python3.12/site-packages/airflow/example_dags/example_branch_operator_decorator.py
[2024-11-01T12:32:53.381+0000] {logging_mixin.py:190} INFO - [2024-11-01T12:32:53.380+0000] {dag.py:3239} INFO - Sync 1 DAGs
[2024-11-01T12:32:53.397+0000] {logging_mixin.py:190} INFO - [2024-11-01T12:32:53.397+0000] {dag.py:4180} INFO - Setting next_dagrun for example_branch_python_operator_decorator to 2024-10-31 00:00:00+00:00, run_after=2024-11-01 00:00:00+00:00
[2024-11-01T12:32:53.413+0000] {processor.py:208} INFO - Processing /home/airflow/.local/lib/python3.12/site-packages/airflow/example_dags/example_branch_operator_decorator.py took 0.069 seconds
[2024-11-01T12:33:23.825+0000] {processor.py:186} INFO - Started process (PID=3191) to work on /home/airflow/.local/lib/python3.12/site-packages/airflow/example_dags/example_branch_operator_decorator.py
[2024-11-01T12:33:23.825+0000] {processor.py:914} INFO - Processing file /home/airflow/.local/lib/python3.12/site-packages/airflow/example_dags/example_branch_operator_decorator.py for tasks to queue
[2024-11-01T12:33:23.827+0000] {logging_mixin.py:190} INFO - [2024-11-01T12:33:23.827+0000] {dagbag.py:588} INFO - Filling up the DagBag from /home/airflow/.local/lib/python3.12/site-packages/airflow/example_dags/example_branch_operator_decorator.py
[2024-11-01T12:33:23.840+0000] {processor.py:925} INFO - DAG(s) 'example_branch_python_operator_decorator' retrieved from /home/airflow/.local/lib/python3.12/site-packages/airflow/example_dags/example_branch_operator_decorator.py
[2024-11-01T12:33:23.860+0000] {logging_mixin.py:190} INFO - [2024-11-01T12:33:23.860+0000] {dag.py:3239} INFO - Sync 1 DAGs
[2024-11-01T12:33:23.877+0000] {logging_mixin.py:190} INFO - [2024-11-01T12:33:23.877+0000] {dag.py:4180} INFO - Setting next_dagrun for example_branch_python_operator_decorator to 2024-10-31 00:00:00+00:00, run_after=2024-11-01 00:00:00+00:00
[2024-11-01T12:33:23.891+0000] {processor.py:208} INFO - Processing /home/airflow/.local/lib/python3.12/site-packages/airflow/example_dags/example_branch_operator_decorator.py took 0.071 seconds
[2024-11-01T12:33:54.507+0000] {processor.py:186} INFO - Started process (PID=3256) to work on /home/airflow/.local/lib/python3.12/site-packages/airflow/example_dags/example_branch_operator_decorator.py
[2024-11-01T12:33:54.508+0000] {processor.py:914} INFO - Processing file /home/airflow/.local/lib/python3.12/site-packages/airflow/example_dags/example_branch_operator_decorator.py for tasks to queue
[2024-11-01T12:33:54.509+0000] {logging_mixin.py:190} INFO - [2024-11-01T12:33:54.509+0000] {dagbag.py:588} INFO - Filling up the DagBag from /home/airflow/.local/lib/python3.12/site-packages/airflow/example_dags/example_branch_operator_decorator.py
[2024-11-01T12:33:54.524+0000] {processor.py:925} INFO - DAG(s) 'example_branch_python_operator_decorator' retrieved from /home/airflow/.local/lib/python3.12/site-packages/airflow/example_dags/example_branch_operator_decorator.py
[2024-11-01T12:33:54.547+0000] {logging_mixin.py:190} INFO - [2024-11-01T12:33:54.547+0000] {dag.py:3239} INFO - Sync 1 DAGs
[2024-11-01T12:33:54.565+0000] {logging_mixin.py:190} INFO - [2024-11-01T12:33:54.564+0000] {dag.py:4180} INFO - Setting next_dagrun for example_branch_python_operator_decorator to 2024-10-31 00:00:00+00:00, run_after=2024-11-01 00:00:00+00:00
[2024-11-01T12:33:54.579+0000] {processor.py:208} INFO - Processing /home/airflow/.local/lib/python3.12/site-packages/airflow/example_dags/example_branch_operator_decorator.py took 0.077 seconds
[2024-11-01T12:34:24.929+0000] {processor.py:186} INFO - Started process (PID=3321) to work on /home/airflow/.local/lib/python3.12/site-packages/airflow/example_dags/example_branch_operator_decorator.py
[2024-11-01T12:34:24.930+0000] {processor.py:914} INFO - Processing file /home/airflow/.local/lib/python3.12/site-packages/airflow/example_dags/example_branch_operator_decorator.py for tasks to queue
[2024-11-01T12:34:24.931+0000] {logging_mixin.py:190} INFO - [2024-11-01T12:34:24.931+0000] {dagbag.py:588} INFO - Filling up the DagBag from /home/airflow/.local/lib/python3.12/site-packages/airflow/example_dags/example_branch_operator_decorator.py
[2024-11-01T12:34:24.945+0000] {processor.py:925} INFO - DAG(s) 'example_branch_python_operator_decorator' retrieved from /home/airflow/.local/lib/python3.12/site-packages/airflow/example_dags/example_branch_operator_decorator.py
[2024-11-01T12:34:24.964+0000] {logging_mixin.py:190} INFO - [2024-11-01T12:34:24.963+0000] {dag.py:3239} INFO - Sync 1 DAGs
[2024-11-01T12:34:24.979+0000] {logging_mixin.py:190} INFO - [2024-11-01T12:34:24.979+0000] {dag.py:4180} INFO - Setting next_dagrun for example_branch_python_operator_decorator to 2024-10-31 00:00:00+00:00, run_after=2024-11-01 00:00:00+00:00
[2024-11-01T12:34:24.994+0000] {processor.py:208} INFO - Processing /home/airflow/.local/lib/python3.12/site-packages/airflow/example_dags/example_branch_operator_decorator.py took 0.069 seconds
[2024-11-01T12:34:55.522+0000] {processor.py:186} INFO - Started process (PID=3386) to work on /home/airflow/.local/lib/python3.12/site-packages/airflow/example_dags/example_branch_operator_decorator.py
[2024-11-01T12:34:55.523+0000] {processor.py:914} INFO - Processing file /home/airflow/.local/lib/python3.12/site-packages/airflow/example_dags/example_branch_operator_decorator.py for tasks to queue
[2024-11-01T12:34:55.524+0000] {logging_mixin.py:190} INFO - [2024-11-01T12:34:55.524+0000] {dagbag.py:588} INFO - Filling up the DagBag from /home/airflow/.local/lib/python3.12/site-packages/airflow/example_dags/example_branch_operator_decorator.py
[2024-11-01T12:34:55.538+0000] {processor.py:925} INFO - DAG(s) 'example_branch_python_operator_decorator' retrieved from /home/airflow/.local/lib/python3.12/site-packages/airflow/example_dags/example_branch_operator_decorator.py
[2024-11-01T12:34:55.558+0000] {logging_mixin.py:190} INFO - [2024-11-01T12:34:55.557+0000] {dag.py:3239} INFO - Sync 1 DAGs
[2024-11-01T12:34:55.574+0000] {logging_mixin.py:190} INFO - [2024-11-01T12:34:55.574+0000] {dag.py:4180} INFO - Setting next_dagrun for example_branch_python_operator_decorator to 2024-10-31 00:00:00+00:00, run_after=2024-11-01 00:00:00+00:00
[2024-11-01T12:34:55.590+0000] {processor.py:208} INFO - Processing /home/airflow/.local/lib/python3.12/site-packages/airflow/example_dags/example_branch_operator_decorator.py took 0.071 seconds
[2024-11-01T12:35:26.220+0000] {processor.py:186} INFO - Started process (PID=3450) to work on /home/airflow/.local/lib/python3.12/site-packages/airflow/example_dags/example_branch_operator_decorator.py
[2024-11-01T12:35:26.221+0000] {processor.py:914} INFO - Processing file /home/airflow/.local/lib/python3.12/site-packages/airflow/example_dags/example_branch_operator_decorator.py for tasks to queue
[2024-11-01T12:35:26.222+0000] {logging_mixin.py:190} INFO - [2024-11-01T12:35:26.222+0000] {dagbag.py:588} INFO - Filling up the DagBag from /home/airflow/.local/lib/python3.12/site-packages/airflow/example_dags/example_branch_operator_decorator.py
[2024-11-01T12:35:26.236+0000] {processor.py:925} INFO - DAG(s) 'example_branch_python_operator_decorator' retrieved from /home/airflow/.local/lib/python3.12/site-packages/airflow/example_dags/example_branch_operator_decorator.py
[2024-11-01T12:35:26.256+0000] {logging_mixin.py:190} INFO - [2024-11-01T12:35:26.256+0000] {dag.py:3239} INFO - Sync 1 DAGs
[2024-11-01T12:35:26.281+0000] {logging_mixin.py:190} INFO - [2024-11-01T12:35:26.281+0000] {dag.py:4180} INFO - Setting next_dagrun for example_branch_python_operator_decorator to 2024-10-31 00:00:00+00:00, run_after=2024-11-01 00:00:00+00:00
[2024-11-01T12:35:26.298+0000] {processor.py:208} INFO - Processing /home/airflow/.local/lib/python3.12/site-packages/airflow/example_dags/example_branch_operator_decorator.py took 0.082 seconds
[2024-11-01T12:35:57.238+0000] {processor.py:186} INFO - Started process (PID=3516) to work on /home/airflow/.local/lib/python3.12/site-packages/airflow/example_dags/example_branch_operator_decorator.py
[2024-11-01T12:35:57.239+0000] {processor.py:914} INFO - Processing file /home/airflow/.local/lib/python3.12/site-packages/airflow/example_dags/example_branch_operator_decorator.py for tasks to queue
[2024-11-01T12:35:57.240+0000] {logging_mixin.py:190} INFO - [2024-11-01T12:35:57.240+0000] {dagbag.py:588} INFO - Filling up the DagBag from /home/airflow/.local/lib/python3.12/site-packages/airflow/example_dags/example_branch_operator_decorator.py
[2024-11-01T12:35:57.253+0000] {processor.py:925} INFO - DAG(s) 'example_branch_python_operator_decorator' retrieved from /home/airflow/.local/lib/python3.12/site-packages/airflow/example_dags/example_branch_operator_decorator.py
[2024-11-01T12:35:57.271+0000] {logging_mixin.py:190} INFO - [2024-11-01T12:35:57.271+0000] {dag.py:3239} INFO - Sync 1 DAGs
[2024-11-01T12:35:57.288+0000] {logging_mixin.py:190} INFO - [2024-11-01T12:35:57.288+0000] {dag.py:4180} INFO - Setting next_dagrun for example_branch_python_operator_decorator to 2024-10-31 00:00:00+00:00, run_after=2024-11-01 00:00:00+00:00
[2024-11-01T12:35:57.303+0000] {processor.py:208} INFO - Processing /home/airflow/.local/lib/python3.12/site-packages/airflow/example_dags/example_branch_operator_decorator.py took 0.070 seconds
[2024-11-01T12:36:28.065+0000] {processor.py:186} INFO - Started process (PID=3581) to work on /home/airflow/.local/lib/python3.12/site-packages/airflow/example_dags/example_branch_operator_decorator.py
[2024-11-01T12:36:28.066+0000] {processor.py:914} INFO - Processing file /home/airflow/.local/lib/python3.12/site-packages/airflow/example_dags/example_branch_operator_decorator.py for tasks to queue
[2024-11-01T12:36:28.067+0000] {logging_mixin.py:190} INFO - [2024-11-01T12:36:28.067+0000] {dagbag.py:588} INFO - Filling up the DagBag from /home/airflow/.local/lib/python3.12/site-packages/airflow/example_dags/example_branch_operator_decorator.py
[2024-11-01T12:36:28.081+0000] {processor.py:925} INFO - DAG(s) 'example_branch_python_operator_decorator' retrieved from /home/airflow/.local/lib/python3.12/site-packages/airflow/example_dags/example_branch_operator_decorator.py
[2024-11-01T12:36:28.098+0000] {logging_mixin.py:190} INFO - [2024-11-01T12:36:28.098+0000] {dag.py:3239} INFO - Sync 1 DAGs
[2024-11-01T12:36:28.116+0000] {logging_mixin.py:190} INFO - [2024-11-01T12:36:28.116+0000] {dag.py:4180} INFO - Setting next_dagrun for example_branch_python_operator_decorator to 2024-10-31 00:00:00+00:00, run_after=2024-11-01 00:00:00+00:00
[2024-11-01T12:36:28.130+0000] {processor.py:208} INFO - Processing /home/airflow/.local/lib/python3.12/site-packages/airflow/example_dags/example_branch_operator_decorator.py took 0.069 seconds
[2024-11-01T12:36:58.181+0000] {processor.py:186} INFO - Started process (PID=3646) to work on /home/airflow/.local/lib/python3.12/site-packages/airflow/example_dags/example_branch_operator_decorator.py
[2024-11-01T12:36:58.182+0000] {processor.py:914} INFO - Processing file /home/airflow/.local/lib/python3.12/site-packages/airflow/example_dags/example_branch_operator_decorator.py for tasks to queue
[2024-11-01T12:36:58.183+0000] {logging_mixin.py:190} INFO - [2024-11-01T12:36:58.183+0000] {dagbag.py:588} INFO - Filling up the DagBag from /home/airflow/.local/lib/python3.12/site-packages/airflow/example_dags/example_branch_operator_decorator.py
[2024-11-01T12:36:58.196+0000] {processor.py:925} INFO - DAG(s) 'example_branch_python_operator_decorator' retrieved from /home/airflow/.local/lib/python3.12/site-packages/airflow/example_dags/example_branch_operator_decorator.py
[2024-11-01T12:36:58.214+0000] {logging_mixin.py:190} INFO - [2024-11-01T12:36:58.214+0000] {dag.py:3239} INFO - Sync 1 DAGs
[2024-11-01T12:36:58.230+0000] {logging_mixin.py:190} INFO - [2024-11-01T12:36:58.230+0000] {dag.py:4180} INFO - Setting next_dagrun for example_branch_python_operator_decorator to 2024-10-31 00:00:00+00:00, run_after=2024-11-01 00:00:00+00:00
[2024-11-01T12:36:58.245+0000] {processor.py:208} INFO - Processing /home/airflow/.local/lib/python3.12/site-packages/airflow/example_dags/example_branch_operator_decorator.py took 0.068 seconds
[2024-11-01T12:37:28.356+0000] {processor.py:186} INFO - Started process (PID=3711) to work on /home/airflow/.local/lib/python3.12/site-packages/airflow/example_dags/example_branch_operator_decorator.py
[2024-11-01T12:37:28.357+0000] {processor.py:914} INFO - Processing file /home/airflow/.local/lib/python3.12/site-packages/airflow/example_dags/example_branch_operator_decorator.py for tasks to queue
[2024-11-01T12:37:28.358+0000] {logging_mixin.py:190} INFO - [2024-11-01T12:37:28.358+0000] {dagbag.py:588} INFO - Filling up the DagBag from /home/airflow/.local/lib/python3.12/site-packages/airflow/example_dags/example_branch_operator_decorator.py
[2024-11-01T12:37:28.373+0000] {processor.py:925} INFO - DAG(s) 'example_branch_python_operator_decorator' retrieved from /home/airflow/.local/lib/python3.12/site-packages/airflow/example_dags/example_branch_operator_decorator.py
[2024-11-01T12:37:28.391+0000] {logging_mixin.py:190} INFO - [2024-11-01T12:37:28.390+0000] {dag.py:3239} INFO - Sync 1 DAGs
[2024-11-01T12:37:28.407+0000] {logging_mixin.py:190} INFO - [2024-11-01T12:37:28.406+0000] {dag.py:4180} INFO - Setting next_dagrun for example_branch_python_operator_decorator to 2024-10-31 00:00:00+00:00, run_after=2024-11-01 00:00:00+00:00
[2024-11-01T12:37:28.420+0000] {processor.py:208} INFO - Processing /home/airflow/.local/lib/python3.12/site-packages/airflow/example_dags/example_branch_operator_decorator.py took 0.068 seconds
[2024-11-01T12:37:59.178+0000] {processor.py:186} INFO - Started process (PID=3776) to work on /home/airflow/.local/lib/python3.12/site-packages/airflow/example_dags/example_branch_operator_decorator.py
[2024-11-01T12:37:59.178+0000] {processor.py:914} INFO - Processing file /home/airflow/.local/lib/python3.12/site-packages/airflow/example_dags/example_branch_operator_decorator.py for tasks to queue
[2024-11-01T12:37:59.180+0000] {logging_mixin.py:190} INFO - [2024-11-01T12:37:59.179+0000] {dagbag.py:588} INFO - Filling up the DagBag from /home/airflow/.local/lib/python3.12/site-packages/airflow/example_dags/example_branch_operator_decorator.py
[2024-11-01T12:37:59.199+0000] {processor.py:925} INFO - DAG(s) 'example_branch_python_operator_decorator' retrieved from /home/airflow/.local/lib/python3.12/site-packages/airflow/example_dags/example_branch_operator_decorator.py
[2024-11-01T12:37:59.224+0000] {logging_mixin.py:190} INFO - [2024-11-01T12:37:59.223+0000] {dag.py:3239} INFO - Sync 1 DAGs
[2024-11-01T12:37:59.243+0000] {logging_mixin.py:190} INFO - [2024-11-01T12:37:59.242+0000] {dag.py:4180} INFO - Setting next_dagrun for example_branch_python_operator_decorator to 2024-10-31 00:00:00+00:00, run_after=2024-11-01 00:00:00+00:00
[2024-11-01T12:37:59.257+0000] {processor.py:208} INFO - Processing /home/airflow/.local/lib/python3.12/site-packages/airflow/example_dags/example_branch_operator_decorator.py took 0.083 seconds
[2024-11-01T12:38:29.872+0000] {processor.py:186} INFO - Started process (PID=3841) to work on /home/airflow/.local/lib/python3.12/site-packages/airflow/example_dags/example_branch_operator_decorator.py
[2024-11-01T12:38:29.873+0000] {processor.py:914} INFO - Processing file /home/airflow/.local/lib/python3.12/site-packages/airflow/example_dags/example_branch_operator_decorator.py for tasks to queue
[2024-11-01T12:38:29.874+0000] {logging_mixin.py:190} INFO - [2024-11-01T12:38:29.874+0000] {dagbag.py:588} INFO - Filling up the DagBag from /home/airflow/.local/lib/python3.12/site-packages/airflow/example_dags/example_branch_operator_decorator.py
[2024-11-01T12:38:29.887+0000] {processor.py:925} INFO - DAG(s) 'example_branch_python_operator_decorator' retrieved from /home/airflow/.local/lib/python3.12/site-packages/airflow/example_dags/example_branch_operator_decorator.py
[2024-11-01T12:38:29.905+0000] {logging_mixin.py:190} INFO - [2024-11-01T12:38:29.905+0000] {dag.py:3239} INFO - Sync 1 DAGs
[2024-11-01T12:38:29.920+0000] {logging_mixin.py:190} INFO - [2024-11-01T12:38:29.920+0000] {dag.py:4180} INFO - Setting next_dagrun for example_branch_python_operator_decorator to 2024-10-31 00:00:00+00:00, run_after=2024-11-01 00:00:00+00:00
[2024-11-01T12:38:29.935+0000] {processor.py:208} INFO - Processing /home/airflow/.local/lib/python3.12/site-packages/airflow/example_dags/example_branch_operator_decorator.py took 0.067 seconds
[2024-11-01T12:39:00.477+0000] {processor.py:186} INFO - Started process (PID=3906) to work on /home/airflow/.local/lib/python3.12/site-packages/airflow/example_dags/example_branch_operator_decorator.py
[2024-11-01T12:39:00.477+0000] {processor.py:914} INFO - Processing file /home/airflow/.local/lib/python3.12/site-packages/airflow/example_dags/example_branch_operator_decorator.py for tasks to queue
[2024-11-01T12:39:00.479+0000] {logging_mixin.py:190} INFO - [2024-11-01T12:39:00.479+0000] {dagbag.py:588} INFO - Filling up the DagBag from /home/airflow/.local/lib/python3.12/site-packages/airflow/example_dags/example_branch_operator_decorator.py
[2024-11-01T12:39:00.492+0000] {processor.py:925} INFO - DAG(s) 'example_branch_python_operator_decorator' retrieved from /home/airflow/.local/lib/python3.12/site-packages/airflow/example_dags/example_branch_operator_decorator.py
[2024-11-01T12:39:00.510+0000] {logging_mixin.py:190} INFO - [2024-11-01T12:39:00.510+0000] {dag.py:3239} INFO - Sync 1 DAGs
[2024-11-01T12:39:00.528+0000] {logging_mixin.py:190} INFO - [2024-11-01T12:39:00.528+0000] {dag.py:4180} INFO - Setting next_dagrun for example_branch_python_operator_decorator to 2024-10-31 00:00:00+00:00, run_after=2024-11-01 00:00:00+00:00
[2024-11-01T12:39:00.543+0000] {processor.py:208} INFO - Processing /home/airflow/.local/lib/python3.12/site-packages/airflow/example_dags/example_branch_operator_decorator.py took 0.071 seconds
[2024-11-01T12:39:31.122+0000] {processor.py:186} INFO - Started process (PID=3971) to work on /home/airflow/.local/lib/python3.12/site-packages/airflow/example_dags/example_branch_operator_decorator.py
[2024-11-01T12:39:31.123+0000] {processor.py:914} INFO - Processing file /home/airflow/.local/lib/python3.12/site-packages/airflow/example_dags/example_branch_operator_decorator.py for tasks to queue
[2024-11-01T12:39:31.124+0000] {logging_mixin.py:190} INFO - [2024-11-01T12:39:31.124+0000] {dagbag.py:588} INFO - Filling up the DagBag from /home/airflow/.local/lib/python3.12/site-packages/airflow/example_dags/example_branch_operator_decorator.py
[2024-11-01T12:39:31.138+0000] {processor.py:925} INFO - DAG(s) 'example_branch_python_operator_decorator' retrieved from /home/airflow/.local/lib/python3.12/site-packages/airflow/example_dags/example_branch_operator_decorator.py
[2024-11-01T12:39:31.157+0000] {logging_mixin.py:190} INFO - [2024-11-01T12:39:31.157+0000] {dag.py:3239} INFO - Sync 1 DAGs
[2024-11-01T12:39:31.175+0000] {logging_mixin.py:190} INFO - [2024-11-01T12:39:31.175+0000] {dag.py:4180} INFO - Setting next_dagrun for example_branch_python_operator_decorator to 2024-10-31 00:00:00+00:00, run_after=2024-11-01 00:00:00+00:00
[2024-11-01T12:39:31.191+0000] {processor.py:208} INFO - Processing /home/airflow/.local/lib/python3.12/site-packages/airflow/example_dags/example_branch_operator_decorator.py took 0.073 seconds
[2024-11-01T12:40:01.555+0000] {processor.py:186} INFO - Started process (PID=4036) to work on /home/airflow/.local/lib/python3.12/site-packages/airflow/example_dags/example_branch_operator_decorator.py
[2024-11-01T12:40:01.556+0000] {processor.py:914} INFO - Processing file /home/airflow/.local/lib/python3.12/site-packages/airflow/example_dags/example_branch_operator_decorator.py for tasks to queue
[2024-11-01T12:40:01.557+0000] {logging_mixin.py:190} INFO - [2024-11-01T12:40:01.557+0000] {dagbag.py:588} INFO - Filling up the DagBag from /home/airflow/.local/lib/python3.12/site-packages/airflow/example_dags/example_branch_operator_decorator.py
[2024-11-01T12:40:01.570+0000] {processor.py:925} INFO - DAG(s) 'example_branch_python_operator_decorator' retrieved from /home/airflow/.local/lib/python3.12/site-packages/airflow/example_dags/example_branch_operator_decorator.py
[2024-11-01T12:40:01.588+0000] {logging_mixin.py:190} INFO - [2024-11-01T12:40:01.588+0000] {dag.py:3239} INFO - Sync 1 DAGs
[2024-11-01T12:40:01.605+0000] {logging_mixin.py:190} INFO - [2024-11-01T12:40:01.605+0000] {dag.py:4180} INFO - Setting next_dagrun for example_branch_python_operator_decorator to 2024-10-31 00:00:00+00:00, run_after=2024-11-01 00:00:00+00:00
[2024-11-01T12:40:01.623+0000] {processor.py:208} INFO - Processing /home/airflow/.local/lib/python3.12/site-packages/airflow/example_dags/example_branch_operator_decorator.py took 0.072 seconds
[2024-11-01T12:40:32.006+0000] {processor.py:186} INFO - Started process (PID=4101) to work on /home/airflow/.local/lib/python3.12/site-packages/airflow/example_dags/example_branch_operator_decorator.py
[2024-11-01T12:40:32.007+0000] {processor.py:914} INFO - Processing file /home/airflow/.local/lib/python3.12/site-packages/airflow/example_dags/example_branch_operator_decorator.py for tasks to queue
[2024-11-01T12:40:32.008+0000] {logging_mixin.py:190} INFO - [2024-11-01T12:40:32.008+0000] {dagbag.py:588} INFO - Filling up the DagBag from /home/airflow/.local/lib/python3.12/site-packages/airflow/example_dags/example_branch_operator_decorator.py
[2024-11-01T12:40:32.022+0000] {processor.py:925} INFO - DAG(s) 'example_branch_python_operator_decorator' retrieved from /home/airflow/.local/lib/python3.12/site-packages/airflow/example_dags/example_branch_operator_decorator.py
[2024-11-01T12:40:32.041+0000] {logging_mixin.py:190} INFO - [2024-11-01T12:40:32.040+0000] {dag.py:3239} INFO - Sync 1 DAGs
[2024-11-01T12:40:32.060+0000] {logging_mixin.py:190} INFO - [2024-11-01T12:40:32.060+0000] {dag.py:4180} INFO - Setting next_dagrun for example_branch_python_operator_decorator to 2024-10-31 00:00:00+00:00, run_after=2024-11-01 00:00:00+00:00
[2024-11-01T12:40:32.077+0000] {processor.py:208} INFO - Processing /home/airflow/.local/lib/python3.12/site-packages/airflow/example_dags/example_branch_operator_decorator.py took 0.074 seconds
[2024-11-01T12:41:03.098+0000] {processor.py:186} INFO - Started process (PID=4166) to work on /home/airflow/.local/lib/python3.12/site-packages/airflow/example_dags/example_branch_operator_decorator.py
[2024-11-01T12:41:03.100+0000] {processor.py:914} INFO - Processing file /home/airflow/.local/lib/python3.12/site-packages/airflow/example_dags/example_branch_operator_decorator.py for tasks to queue
[2024-11-01T12:41:03.102+0000] {logging_mixin.py:190} INFO - [2024-11-01T12:41:03.102+0000] {dagbag.py:588} INFO - Filling up the DagBag from /home/airflow/.local/lib/python3.12/site-packages/airflow/example_dags/example_branch_operator_decorator.py
[2024-11-01T12:41:03.118+0000] {processor.py:925} INFO - DAG(s) 'example_branch_python_operator_decorator' retrieved from /home/airflow/.local/lib/python3.12/site-packages/airflow/example_dags/example_branch_operator_decorator.py
[2024-11-01T12:41:03.140+0000] {logging_mixin.py:190} INFO - [2024-11-01T12:41:03.140+0000] {dag.py:3239} INFO - Sync 1 DAGs
[2024-11-01T12:41:03.161+0000] {logging_mixin.py:190} INFO - [2024-11-01T12:41:03.160+0000] {dag.py:4180} INFO - Setting next_dagrun for example_branch_python_operator_decorator to 2024-10-31 00:00:00+00:00, run_after=2024-11-01 00:00:00+00:00
[2024-11-01T12:41:03.177+0000] {processor.py:208} INFO - Processing /home/airflow/.local/lib/python3.12/site-packages/airflow/example_dags/example_branch_operator_decorator.py took 0.083 seconds
[2024-11-01T12:41:33.741+0000] {processor.py:186} INFO - Started process (PID=4231) to work on /home/airflow/.local/lib/python3.12/site-packages/airflow/example_dags/example_branch_operator_decorator.py
[2024-11-01T12:41:33.742+0000] {processor.py:914} INFO - Processing file /home/airflow/.local/lib/python3.12/site-packages/airflow/example_dags/example_branch_operator_decorator.py for tasks to queue
[2024-11-01T12:41:33.744+0000] {logging_mixin.py:190} INFO - [2024-11-01T12:41:33.744+0000] {dagbag.py:588} INFO - Filling up the DagBag from /home/airflow/.local/lib/python3.12/site-packages/airflow/example_dags/example_branch_operator_decorator.py
[2024-11-01T12:41:33.761+0000] {processor.py:925} INFO - DAG(s) 'example_branch_python_operator_decorator' retrieved from /home/airflow/.local/lib/python3.12/site-packages/airflow/example_dags/example_branch_operator_decorator.py
[2024-11-01T12:41:33.782+0000] {logging_mixin.py:190} INFO - [2024-11-01T12:41:33.782+0000] {dag.py:3239} INFO - Sync 1 DAGs
[2024-11-01T12:41:33.800+0000] {logging_mixin.py:190} INFO - [2024-11-01T12:41:33.800+0000] {dag.py:4180} INFO - Setting next_dagrun for example_branch_python_operator_decorator to 2024-10-31 00:00:00+00:00, run_after=2024-11-01 00:00:00+00:00
[2024-11-01T12:41:33.816+0000] {processor.py:208} INFO - Processing /home/airflow/.local/lib/python3.12/site-packages/airflow/example_dags/example_branch_operator_decorator.py took 0.079 seconds
[2024-11-01T12:42:04.627+0000] {processor.py:186} INFO - Started process (PID=4296) to work on /home/airflow/.local/lib/python3.12/site-packages/airflow/example_dags/example_branch_operator_decorator.py
[2024-11-01T12:42:04.628+0000] {processor.py:914} INFO - Processing file /home/airflow/.local/lib/python3.12/site-packages/airflow/example_dags/example_branch_operator_decorator.py for tasks to queue
[2024-11-01T12:42:04.630+0000] {logging_mixin.py:190} INFO - [2024-11-01T12:42:04.630+0000] {dagbag.py:588} INFO - Filling up the DagBag from /home/airflow/.local/lib/python3.12/site-packages/airflow/example_dags/example_branch_operator_decorator.py
[2024-11-01T12:42:04.646+0000] {processor.py:925} INFO - DAG(s) 'example_branch_python_operator_decorator' retrieved from /home/airflow/.local/lib/python3.12/site-packages/airflow/example_dags/example_branch_operator_decorator.py
[2024-11-01T12:42:04.669+0000] {logging_mixin.py:190} INFO - [2024-11-01T12:42:04.669+0000] {dag.py:3239} INFO - Sync 1 DAGs
[2024-11-01T12:42:04.690+0000] {logging_mixin.py:190} INFO - [2024-11-01T12:42:04.690+0000] {dag.py:4180} INFO - Setting next_dagrun for example_branch_python_operator_decorator to 2024-10-31 00:00:00+00:00, run_after=2024-11-01 00:00:00+00:00
[2024-11-01T12:42:04.708+0000] {processor.py:208} INFO - Processing /home/airflow/.local/lib/python3.12/site-packages/airflow/example_dags/example_branch_operator_decorator.py took 0.084 seconds
[2024-11-01T12:42:35.507+0000] {processor.py:186} INFO - Started process (PID=4361) to work on /home/airflow/.local/lib/python3.12/site-packages/airflow/example_dags/example_branch_operator_decorator.py
[2024-11-01T12:42:35.507+0000] {processor.py:914} INFO - Processing file /home/airflow/.local/lib/python3.12/site-packages/airflow/example_dags/example_branch_operator_decorator.py for tasks to queue
[2024-11-01T12:42:35.509+0000] {logging_mixin.py:190} INFO - [2024-11-01T12:42:35.509+0000] {dagbag.py:588} INFO - Filling up the DagBag from /home/airflow/.local/lib/python3.12/site-packages/airflow/example_dags/example_branch_operator_decorator.py
[2024-11-01T12:42:35.522+0000] {processor.py:925} INFO - DAG(s) 'example_branch_python_operator_decorator' retrieved from /home/airflow/.local/lib/python3.12/site-packages/airflow/example_dags/example_branch_operator_decorator.py
[2024-11-01T12:42:35.541+0000] {logging_mixin.py:190} INFO - [2024-11-01T12:42:35.541+0000] {dag.py:3239} INFO - Sync 1 DAGs
[2024-11-01T12:42:35.557+0000] {logging_mixin.py:190} INFO - [2024-11-01T12:42:35.556+0000] {dag.py:4180} INFO - Setting next_dagrun for example_branch_python_operator_decorator to 2024-10-31 00:00:00+00:00, run_after=2024-11-01 00:00:00+00:00
[2024-11-01T12:42:35.572+0000] {processor.py:208} INFO - Processing /home/airflow/.local/lib/python3.12/site-packages/airflow/example_dags/example_branch_operator_decorator.py took 0.069 seconds
[2024-11-01T12:43:06.040+0000] {processor.py:186} INFO - Started process (PID=4426) to work on /home/airflow/.local/lib/python3.12/site-packages/airflow/example_dags/example_branch_operator_decorator.py
[2024-11-01T12:43:06.041+0000] {processor.py:914} INFO - Processing file /home/airflow/.local/lib/python3.12/site-packages/airflow/example_dags/example_branch_operator_decorator.py for tasks to queue
[2024-11-01T12:43:06.043+0000] {logging_mixin.py:190} INFO - [2024-11-01T12:43:06.042+0000] {dagbag.py:588} INFO - Filling up the DagBag from /home/airflow/.local/lib/python3.12/site-packages/airflow/example_dags/example_branch_operator_decorator.py
[2024-11-01T12:43:06.064+0000] {processor.py:925} INFO - DAG(s) 'example_branch_python_operator_decorator' retrieved from /home/airflow/.local/lib/python3.12/site-packages/airflow/example_dags/example_branch_operator_decorator.py
[2024-11-01T12:43:06.097+0000] {logging_mixin.py:190} INFO - [2024-11-01T12:43:06.097+0000] {dag.py:3239} INFO - Sync 1 DAGs
[2024-11-01T12:43:06.127+0000] {logging_mixin.py:190} INFO - [2024-11-01T12:43:06.127+0000] {dag.py:4180} INFO - Setting next_dagrun for example_branch_python_operator_decorator to 2024-10-31 00:00:00+00:00, run_after=2024-11-01 00:00:00+00:00
[2024-11-01T12:43:06.191+0000] {processor.py:208} INFO - Processing /home/airflow/.local/lib/python3.12/site-packages/airflow/example_dags/example_branch_operator_decorator.py took 0.156 seconds
[2024-11-01T12:43:37.126+0000] {processor.py:186} INFO - Started process (PID=4498) to work on /home/airflow/.local/lib/python3.12/site-packages/airflow/example_dags/example_branch_operator_decorator.py
[2024-11-01T12:43:37.126+0000] {processor.py:914} INFO - Processing file /home/airflow/.local/lib/python3.12/site-packages/airflow/example_dags/example_branch_operator_decorator.py for tasks to queue
[2024-11-01T12:43:37.128+0000] {logging_mixin.py:190} INFO - [2024-11-01T12:43:37.127+0000] {dagbag.py:588} INFO - Filling up the DagBag from /home/airflow/.local/lib/python3.12/site-packages/airflow/example_dags/example_branch_operator_decorator.py
[2024-11-01T12:43:37.142+0000] {processor.py:925} INFO - DAG(s) 'example_branch_python_operator_decorator' retrieved from /home/airflow/.local/lib/python3.12/site-packages/airflow/example_dags/example_branch_operator_decorator.py
[2024-11-01T12:43:37.160+0000] {logging_mixin.py:190} INFO - [2024-11-01T12:43:37.159+0000] {dag.py:3239} INFO - Sync 1 DAGs
[2024-11-01T12:43:37.176+0000] {logging_mixin.py:190} INFO - [2024-11-01T12:43:37.175+0000] {dag.py:4180} INFO - Setting next_dagrun for example_branch_python_operator_decorator to 2024-10-31 00:00:00+00:00, run_after=2024-11-01 00:00:00+00:00
[2024-11-01T12:43:37.191+0000] {processor.py:208} INFO - Processing /home/airflow/.local/lib/python3.12/site-packages/airflow/example_dags/example_branch_operator_decorator.py took 0.069 seconds
[2024-11-01T12:44:07.342+0000] {processor.py:186} INFO - Started process (PID=4563) to work on /home/airflow/.local/lib/python3.12/site-packages/airflow/example_dags/example_branch_operator_decorator.py
[2024-11-01T12:44:07.343+0000] {processor.py:914} INFO - Processing file /home/airflow/.local/lib/python3.12/site-packages/airflow/example_dags/example_branch_operator_decorator.py for tasks to queue
[2024-11-01T12:44:07.345+0000] {logging_mixin.py:190} INFO - [2024-11-01T12:44:07.345+0000] {dagbag.py:588} INFO - Filling up the DagBag from /home/airflow/.local/lib/python3.12/site-packages/airflow/example_dags/example_branch_operator_decorator.py
[2024-11-01T12:44:07.362+0000] {processor.py:925} INFO - DAG(s) 'example_branch_python_operator_decorator' retrieved from /home/airflow/.local/lib/python3.12/site-packages/airflow/example_dags/example_branch_operator_decorator.py
[2024-11-01T12:44:07.382+0000] {logging_mixin.py:190} INFO - [2024-11-01T12:44:07.382+0000] {dag.py:3239} INFO - Sync 1 DAGs
[2024-11-01T12:44:07.400+0000] {logging_mixin.py:190} INFO - [2024-11-01T12:44:07.400+0000] {dag.py:4180} INFO - Setting next_dagrun for example_branch_python_operator_decorator to 2024-10-31 00:00:00+00:00, run_after=2024-11-01 00:00:00+00:00
[2024-11-01T12:44:07.415+0000] {processor.py:208} INFO - Processing /home/airflow/.local/lib/python3.12/site-packages/airflow/example_dags/example_branch_operator_decorator.py took 0.079 seconds
[2024-11-01T12:44:37.498+0000] {processor.py:186} INFO - Started process (PID=4628) to work on /home/airflow/.local/lib/python3.12/site-packages/airflow/example_dags/example_branch_operator_decorator.py
[2024-11-01T12:44:37.498+0000] {processor.py:914} INFO - Processing file /home/airflow/.local/lib/python3.12/site-packages/airflow/example_dags/example_branch_operator_decorator.py for tasks to queue
[2024-11-01T12:44:37.500+0000] {logging_mixin.py:190} INFO - [2024-11-01T12:44:37.500+0000] {dagbag.py:588} INFO - Filling up the DagBag from /home/airflow/.local/lib/python3.12/site-packages/airflow/example_dags/example_branch_operator_decorator.py
[2024-11-01T12:44:37.514+0000] {processor.py:925} INFO - DAG(s) 'example_branch_python_operator_decorator' retrieved from /home/airflow/.local/lib/python3.12/site-packages/airflow/example_dags/example_branch_operator_decorator.py
[2024-11-01T12:44:37.534+0000] {logging_mixin.py:190} INFO - [2024-11-01T12:44:37.534+0000] {dag.py:3239} INFO - Sync 1 DAGs
[2024-11-01T12:44:37.552+0000] {logging_mixin.py:190} INFO - [2024-11-01T12:44:37.551+0000] {dag.py:4180} INFO - Setting next_dagrun for example_branch_python_operator_decorator to 2024-10-31 00:00:00+00:00, run_after=2024-11-01 00:00:00+00:00
[2024-11-01T12:44:37.568+0000] {processor.py:208} INFO - Processing /home/airflow/.local/lib/python3.12/site-packages/airflow/example_dags/example_branch_operator_decorator.py took 0.074 seconds
[2024-11-01T12:45:07.682+0000] {processor.py:186} INFO - Started process (PID=4693) to work on /home/airflow/.local/lib/python3.12/site-packages/airflow/example_dags/example_branch_operator_decorator.py
[2024-11-01T12:45:07.683+0000] {processor.py:914} INFO - Processing file /home/airflow/.local/lib/python3.12/site-packages/airflow/example_dags/example_branch_operator_decorator.py for tasks to queue
[2024-11-01T12:45:07.684+0000] {logging_mixin.py:190} INFO - [2024-11-01T12:45:07.684+0000] {dagbag.py:588} INFO - Filling up the DagBag from /home/airflow/.local/lib/python3.12/site-packages/airflow/example_dags/example_branch_operator_decorator.py
[2024-11-01T12:45:07.700+0000] {processor.py:925} INFO - DAG(s) 'example_branch_python_operator_decorator' retrieved from /home/airflow/.local/lib/python3.12/site-packages/airflow/example_dags/example_branch_operator_decorator.py
[2024-11-01T12:45:07.721+0000] {logging_mixin.py:190} INFO - [2024-11-01T12:45:07.721+0000] {dag.py:3239} INFO - Sync 1 DAGs
[2024-11-01T12:45:07.742+0000] {logging_mixin.py:190} INFO - [2024-11-01T12:45:07.742+0000] {dag.py:4180} INFO - Setting next_dagrun for example_branch_python_operator_decorator to 2024-10-31 00:00:00+00:00, run_after=2024-11-01 00:00:00+00:00
[2024-11-01T12:45:07.760+0000] {processor.py:208} INFO - Processing /home/airflow/.local/lib/python3.12/site-packages/airflow/example_dags/example_branch_operator_decorator.py took 0.082 seconds
[2024-11-01T12:45:38.061+0000] {processor.py:186} INFO - Started process (PID=4758) to work on /home/airflow/.local/lib/python3.12/site-packages/airflow/example_dags/example_branch_operator_decorator.py
[2024-11-01T12:45:38.062+0000] {processor.py:914} INFO - Processing file /home/airflow/.local/lib/python3.12/site-packages/airflow/example_dags/example_branch_operator_decorator.py for tasks to queue
[2024-11-01T12:45:38.064+0000] {logging_mixin.py:190} INFO - [2024-11-01T12:45:38.063+0000] {dagbag.py:588} INFO - Filling up the DagBag from /home/airflow/.local/lib/python3.12/site-packages/airflow/example_dags/example_branch_operator_decorator.py
[2024-11-01T12:45:38.079+0000] {processor.py:925} INFO - DAG(s) 'example_branch_python_operator_decorator' retrieved from /home/airflow/.local/lib/python3.12/site-packages/airflow/example_dags/example_branch_operator_decorator.py
[2024-11-01T12:45:38.101+0000] {logging_mixin.py:190} INFO - [2024-11-01T12:45:38.101+0000] {dag.py:3239} INFO - Sync 1 DAGs
[2024-11-01T12:45:38.119+0000] {logging_mixin.py:190} INFO - [2024-11-01T12:45:38.119+0000] {dag.py:4180} INFO - Setting next_dagrun for example_branch_python_operator_decorator to 2024-10-31 00:00:00+00:00, run_after=2024-11-01 00:00:00+00:00
[2024-11-01T12:45:38.134+0000] {processor.py:208} INFO - Processing /home/airflow/.local/lib/python3.12/site-packages/airflow/example_dags/example_branch_operator_decorator.py took 0.078 seconds
[2024-11-01T12:46:08.201+0000] {processor.py:186} INFO - Started process (PID=4823) to work on /home/airflow/.local/lib/python3.12/site-packages/airflow/example_dags/example_branch_operator_decorator.py
[2024-11-01T12:46:08.202+0000] {processor.py:914} INFO - Processing file /home/airflow/.local/lib/python3.12/site-packages/airflow/example_dags/example_branch_operator_decorator.py for tasks to queue
[2024-11-01T12:46:08.203+0000] {logging_mixin.py:190} INFO - [2024-11-01T12:46:08.203+0000] {dagbag.py:588} INFO - Filling up the DagBag from /home/airflow/.local/lib/python3.12/site-packages/airflow/example_dags/example_branch_operator_decorator.py
[2024-11-01T12:46:08.221+0000] {processor.py:925} INFO - DAG(s) 'example_branch_python_operator_decorator' retrieved from /home/airflow/.local/lib/python3.12/site-packages/airflow/example_dags/example_branch_operator_decorator.py
[2024-11-01T12:46:08.241+0000] {logging_mixin.py:190} INFO - [2024-11-01T12:46:08.241+0000] {dag.py:3239} INFO - Sync 1 DAGs
[2024-11-01T12:46:08.260+0000] {logging_mixin.py:190} INFO - [2024-11-01T12:46:08.259+0000] {dag.py:4180} INFO - Setting next_dagrun for example_branch_python_operator_decorator to 2024-10-31 00:00:00+00:00, run_after=2024-11-01 00:00:00+00:00
[2024-11-01T12:46:08.277+0000] {processor.py:208} INFO - Processing /home/airflow/.local/lib/python3.12/site-packages/airflow/example_dags/example_branch_operator_decorator.py took 0.082 seconds
[2024-11-01T12:46:38.483+0000] {processor.py:186} INFO - Started process (PID=4888) to work on /home/airflow/.local/lib/python3.12/site-packages/airflow/example_dags/example_branch_operator_decorator.py
[2024-11-01T12:46:38.484+0000] {processor.py:914} INFO - Processing file /home/airflow/.local/lib/python3.12/site-packages/airflow/example_dags/example_branch_operator_decorator.py for tasks to queue
[2024-11-01T12:46:38.485+0000] {logging_mixin.py:190} INFO - [2024-11-01T12:46:38.485+0000] {dagbag.py:588} INFO - Filling up the DagBag from /home/airflow/.local/lib/python3.12/site-packages/airflow/example_dags/example_branch_operator_decorator.py
[2024-11-01T12:46:38.498+0000] {processor.py:925} INFO - DAG(s) 'example_branch_python_operator_decorator' retrieved from /home/airflow/.local/lib/python3.12/site-packages/airflow/example_dags/example_branch_operator_decorator.py
[2024-11-01T12:46:38.517+0000] {logging_mixin.py:190} INFO - [2024-11-01T12:46:38.516+0000] {dag.py:3239} INFO - Sync 1 DAGs
[2024-11-01T12:46:38.534+0000] {logging_mixin.py:190} INFO - [2024-11-01T12:46:38.533+0000] {dag.py:4180} INFO - Setting next_dagrun for example_branch_python_operator_decorator to 2024-10-31 00:00:00+00:00, run_after=2024-11-01 00:00:00+00:00
[2024-11-01T12:46:38.549+0000] {processor.py:208} INFO - Processing /home/airflow/.local/lib/python3.12/site-packages/airflow/example_dags/example_branch_operator_decorator.py took 0.070 seconds
[2024-11-01T14:19:46.841+0000] {processor.py:186} INFO - Started process (PID=84) to work on /home/airflow/.local/lib/python3.12/site-packages/airflow/example_dags/example_branch_operator_decorator.py
[2024-11-01T14:19:46.842+0000] {processor.py:914} INFO - Processing file /home/airflow/.local/lib/python3.12/site-packages/airflow/example_dags/example_branch_operator_decorator.py for tasks to queue
[2024-11-01T14:19:46.844+0000] {logging_mixin.py:190} INFO - [2024-11-01T14:19:46.843+0000] {dagbag.py:588} INFO - Filling up the DagBag from /home/airflow/.local/lib/python3.12/site-packages/airflow/example_dags/example_branch_operator_decorator.py
[2024-11-01T14:19:46.867+0000] {processor.py:925} INFO - DAG(s) 'example_branch_python_operator_decorator' retrieved from /home/airflow/.local/lib/python3.12/site-packages/airflow/example_dags/example_branch_operator_decorator.py
[2024-11-01T14:19:47.074+0000] {logging_mixin.py:190} INFO - [2024-11-01T14:19:47.074+0000] {dag.py:3239} INFO - Sync 1 DAGs
[2024-11-01T14:19:47.093+0000] {logging_mixin.py:190} INFO - [2024-11-01T14:19:47.093+0000] {dag.py:4180} INFO - Setting next_dagrun for example_branch_python_operator_decorator to 2024-10-31 00:00:00+00:00, run_after=2024-11-01 00:00:00+00:00
[2024-11-01T14:19:47.111+0000] {processor.py:208} INFO - Processing /home/airflow/.local/lib/python3.12/site-packages/airflow/example_dags/example_branch_operator_decorator.py took 0.274 seconds
[2024-11-01T14:20:18.081+0000] {processor.py:186} INFO - Started process (PID=149) to work on /home/airflow/.local/lib/python3.12/site-packages/airflow/example_dags/example_branch_operator_decorator.py
[2024-11-01T14:20:18.083+0000] {processor.py:914} INFO - Processing file /home/airflow/.local/lib/python3.12/site-packages/airflow/example_dags/example_branch_operator_decorator.py for tasks to queue
[2024-11-01T14:20:18.089+0000] {logging_mixin.py:190} INFO - [2024-11-01T14:20:18.089+0000] {dagbag.py:588} INFO - Filling up the DagBag from /home/airflow/.local/lib/python3.12/site-packages/airflow/example_dags/example_branch_operator_decorator.py
[2024-11-01T14:20:18.132+0000] {processor.py:925} INFO - DAG(s) 'example_branch_python_operator_decorator' retrieved from /home/airflow/.local/lib/python3.12/site-packages/airflow/example_dags/example_branch_operator_decorator.py
[2024-11-01T14:20:18.220+0000] {logging_mixin.py:190} INFO - [2024-11-01T14:20:18.219+0000] {dag.py:3239} INFO - Sync 1 DAGs
[2024-11-01T14:20:18.345+0000] {logging_mixin.py:190} INFO - [2024-11-01T14:20:18.337+0000] {dag.py:4180} INFO - Setting next_dagrun for example_branch_python_operator_decorator to 2024-10-31 00:00:00+00:00, run_after=2024-11-01 00:00:00+00:00
[2024-11-01T14:20:18.436+0000] {processor.py:208} INFO - Processing /home/airflow/.local/lib/python3.12/site-packages/airflow/example_dags/example_branch_operator_decorator.py took 0.368 seconds
[2024-11-01T14:22:27.333+0000] {processor.py:186} INFO - Started process (PID=214) to work on /home/airflow/.local/lib/python3.12/site-packages/airflow/example_dags/example_branch_operator_decorator.py
[2024-11-01T14:22:27.334+0000] {processor.py:914} INFO - Processing file /home/airflow/.local/lib/python3.12/site-packages/airflow/example_dags/example_branch_operator_decorator.py for tasks to queue
[2024-11-01T14:22:27.335+0000] {logging_mixin.py:190} INFO - [2024-11-01T14:22:27.335+0000] {dagbag.py:588} INFO - Filling up the DagBag from /home/airflow/.local/lib/python3.12/site-packages/airflow/example_dags/example_branch_operator_decorator.py
[2024-11-01T14:22:27.358+0000] {processor.py:925} INFO - DAG(s) 'example_branch_python_operator_decorator' retrieved from /home/airflow/.local/lib/python3.12/site-packages/airflow/example_dags/example_branch_operator_decorator.py
[2024-11-01T14:22:27.384+0000] {logging_mixin.py:190} INFO - [2024-11-01T14:22:27.383+0000] {dag.py:3239} INFO - Sync 1 DAGs
[2024-11-01T14:22:27.406+0000] {logging_mixin.py:190} INFO - [2024-11-01T14:22:27.406+0000] {dag.py:4180} INFO - Setting next_dagrun for example_branch_python_operator_decorator to 2024-10-31 00:00:00+00:00, run_after=2024-11-01 00:00:00+00:00
[2024-11-01T14:22:27.425+0000] {processor.py:208} INFO - Processing /home/airflow/.local/lib/python3.12/site-packages/airflow/example_dags/example_branch_operator_decorator.py took 0.098 seconds
[2024-11-01T14:22:58.231+0000] {processor.py:186} INFO - Started process (PID=278) to work on /home/airflow/.local/lib/python3.12/site-packages/airflow/example_dags/example_branch_operator_decorator.py
[2024-11-01T14:22:58.232+0000] {processor.py:914} INFO - Processing file /home/airflow/.local/lib/python3.12/site-packages/airflow/example_dags/example_branch_operator_decorator.py for tasks to queue
[2024-11-01T14:22:58.233+0000] {logging_mixin.py:190} INFO - [2024-11-01T14:22:58.233+0000] {dagbag.py:588} INFO - Filling up the DagBag from /home/airflow/.local/lib/python3.12/site-packages/airflow/example_dags/example_branch_operator_decorator.py
[2024-11-01T14:22:58.260+0000] {processor.py:925} INFO - DAG(s) 'example_branch_python_operator_decorator' retrieved from /home/airflow/.local/lib/python3.12/site-packages/airflow/example_dags/example_branch_operator_decorator.py
[2024-11-01T14:22:58.292+0000] {logging_mixin.py:190} INFO - [2024-11-01T14:22:58.292+0000] {dag.py:3239} INFO - Sync 1 DAGs
[2024-11-01T14:22:58.314+0000] {logging_mixin.py:190} INFO - [2024-11-01T14:22:58.314+0000] {dag.py:4180} INFO - Setting next_dagrun for example_branch_python_operator_decorator to 2024-10-31 00:00:00+00:00, run_after=2024-11-01 00:00:00+00:00
[2024-11-01T14:22:58.333+0000] {processor.py:208} INFO - Processing /home/airflow/.local/lib/python3.12/site-packages/airflow/example_dags/example_branch_operator_decorator.py took 0.108 seconds
[2024-11-01T14:23:28.595+0000] {processor.py:186} INFO - Started process (PID=343) to work on /home/airflow/.local/lib/python3.12/site-packages/airflow/example_dags/example_branch_operator_decorator.py
[2024-11-01T14:23:28.596+0000] {processor.py:914} INFO - Processing file /home/airflow/.local/lib/python3.12/site-packages/airflow/example_dags/example_branch_operator_decorator.py for tasks to queue
[2024-11-01T14:23:28.597+0000] {logging_mixin.py:190} INFO - [2024-11-01T14:23:28.597+0000] {dagbag.py:588} INFO - Filling up the DagBag from /home/airflow/.local/lib/python3.12/site-packages/airflow/example_dags/example_branch_operator_decorator.py
[2024-11-01T14:23:28.612+0000] {processor.py:925} INFO - DAG(s) 'example_branch_python_operator_decorator' retrieved from /home/airflow/.local/lib/python3.12/site-packages/airflow/example_dags/example_branch_operator_decorator.py
[2024-11-01T14:23:28.631+0000] {logging_mixin.py:190} INFO - [2024-11-01T14:23:28.631+0000] {dag.py:3239} INFO - Sync 1 DAGs
[2024-11-01T14:23:28.650+0000] {logging_mixin.py:190} INFO - [2024-11-01T14:23:28.649+0000] {dag.py:4180} INFO - Setting next_dagrun for example_branch_python_operator_decorator to 2024-10-31 00:00:00+00:00, run_after=2024-11-01 00:00:00+00:00
[2024-11-01T14:23:28.668+0000] {processor.py:208} INFO - Processing /home/airflow/.local/lib/python3.12/site-packages/airflow/example_dags/example_branch_operator_decorator.py took 0.078 seconds
[2024-11-01T14:23:59.455+0000] {processor.py:186} INFO - Started process (PID=408) to work on /home/airflow/.local/lib/python3.12/site-packages/airflow/example_dags/example_branch_operator_decorator.py
[2024-11-01T14:23:59.455+0000] {processor.py:914} INFO - Processing file /home/airflow/.local/lib/python3.12/site-packages/airflow/example_dags/example_branch_operator_decorator.py for tasks to queue
[2024-11-01T14:23:59.456+0000] {logging_mixin.py:190} INFO - [2024-11-01T14:23:59.456+0000] {dagbag.py:588} INFO - Filling up the DagBag from /home/airflow/.local/lib/python3.12/site-packages/airflow/example_dags/example_branch_operator_decorator.py
[2024-11-01T14:23:59.470+0000] {processor.py:925} INFO - DAG(s) 'example_branch_python_operator_decorator' retrieved from /home/airflow/.local/lib/python3.12/site-packages/airflow/example_dags/example_branch_operator_decorator.py
[2024-11-01T14:23:59.487+0000] {logging_mixin.py:190} INFO - [2024-11-01T14:23:59.487+0000] {dag.py:3239} INFO - Sync 1 DAGs
[2024-11-01T14:23:59.504+0000] {logging_mixin.py:190} INFO - [2024-11-01T14:23:59.504+0000] {dag.py:4180} INFO - Setting next_dagrun for example_branch_python_operator_decorator to 2024-10-31 00:00:00+00:00, run_after=2024-11-01 00:00:00+00:00
[2024-11-01T14:23:59.520+0000] {processor.py:208} INFO - Processing /home/airflow/.local/lib/python3.12/site-packages/airflow/example_dags/example_branch_operator_decorator.py took 0.069 seconds
[2024-11-01T14:24:29.803+0000] {processor.py:186} INFO - Started process (PID=473) to work on /home/airflow/.local/lib/python3.12/site-packages/airflow/example_dags/example_branch_operator_decorator.py
[2024-11-01T14:24:29.804+0000] {processor.py:914} INFO - Processing file /home/airflow/.local/lib/python3.12/site-packages/airflow/example_dags/example_branch_operator_decorator.py for tasks to queue
[2024-11-01T14:24:29.804+0000] {logging_mixin.py:190} INFO - [2024-11-01T14:24:29.804+0000] {dagbag.py:588} INFO - Filling up the DagBag from /home/airflow/.local/lib/python3.12/site-packages/airflow/example_dags/example_branch_operator_decorator.py
[2024-11-01T14:24:29.818+0000] {processor.py:925} INFO - DAG(s) 'example_branch_python_operator_decorator' retrieved from /home/airflow/.local/lib/python3.12/site-packages/airflow/example_dags/example_branch_operator_decorator.py
[2024-11-01T14:24:29.837+0000] {logging_mixin.py:190} INFO - [2024-11-01T14:24:29.836+0000] {dag.py:3239} INFO - Sync 1 DAGs
[2024-11-01T14:24:29.853+0000] {logging_mixin.py:190} INFO - [2024-11-01T14:24:29.853+0000] {dag.py:4180} INFO - Setting next_dagrun for example_branch_python_operator_decorator to 2024-10-31 00:00:00+00:00, run_after=2024-11-01 00:00:00+00:00
[2024-11-01T14:24:29.868+0000] {processor.py:208} INFO - Processing /home/airflow/.local/lib/python3.12/site-packages/airflow/example_dags/example_branch_operator_decorator.py took 0.069 seconds
[2024-11-01T14:25:00.378+0000] {processor.py:186} INFO - Started process (PID=538) to work on /home/airflow/.local/lib/python3.12/site-packages/airflow/example_dags/example_branch_operator_decorator.py
[2024-11-01T14:25:00.379+0000] {processor.py:914} INFO - Processing file /home/airflow/.local/lib/python3.12/site-packages/airflow/example_dags/example_branch_operator_decorator.py for tasks to queue
[2024-11-01T14:25:00.379+0000] {logging_mixin.py:190} INFO - [2024-11-01T14:25:00.379+0000] {dagbag.py:588} INFO - Filling up the DagBag from /home/airflow/.local/lib/python3.12/site-packages/airflow/example_dags/example_branch_operator_decorator.py
[2024-11-01T14:25:00.394+0000] {processor.py:925} INFO - DAG(s) 'example_branch_python_operator_decorator' retrieved from /home/airflow/.local/lib/python3.12/site-packages/airflow/example_dags/example_branch_operator_decorator.py
[2024-11-01T14:25:00.413+0000] {logging_mixin.py:190} INFO - [2024-11-01T14:25:00.413+0000] {dag.py:3239} INFO - Sync 1 DAGs
[2024-11-01T14:25:00.430+0000] {logging_mixin.py:190} INFO - [2024-11-01T14:25:00.429+0000] {dag.py:4180} INFO - Setting next_dagrun for example_branch_python_operator_decorator to 2024-10-31 00:00:00+00:00, run_after=2024-11-01 00:00:00+00:00
[2024-11-01T14:25:00.448+0000] {processor.py:208} INFO - Processing /home/airflow/.local/lib/python3.12/site-packages/airflow/example_dags/example_branch_operator_decorator.py took 0.074 seconds
[2024-11-01T14:25:31.006+0000] {processor.py:186} INFO - Started process (PID=603) to work on /home/airflow/.local/lib/python3.12/site-packages/airflow/example_dags/example_branch_operator_decorator.py
[2024-11-01T14:25:31.006+0000] {processor.py:914} INFO - Processing file /home/airflow/.local/lib/python3.12/site-packages/airflow/example_dags/example_branch_operator_decorator.py for tasks to queue
[2024-11-01T14:25:31.007+0000] {logging_mixin.py:190} INFO - [2024-11-01T14:25:31.007+0000] {dagbag.py:588} INFO - Filling up the DagBag from /home/airflow/.local/lib/python3.12/site-packages/airflow/example_dags/example_branch_operator_decorator.py
[2024-11-01T14:25:31.023+0000] {processor.py:925} INFO - DAG(s) 'example_branch_python_operator_decorator' retrieved from /home/airflow/.local/lib/python3.12/site-packages/airflow/example_dags/example_branch_operator_decorator.py
[2024-11-01T14:25:31.041+0000] {logging_mixin.py:190} INFO - [2024-11-01T14:25:31.041+0000] {dag.py:3239} INFO - Sync 1 DAGs
[2024-11-01T14:25:31.060+0000] {logging_mixin.py:190} INFO - [2024-11-01T14:25:31.059+0000] {dag.py:4180} INFO - Setting next_dagrun for example_branch_python_operator_decorator to 2024-10-31 00:00:00+00:00, run_after=2024-11-01 00:00:00+00:00
[2024-11-01T14:25:31.074+0000] {processor.py:208} INFO - Processing /home/airflow/.local/lib/python3.12/site-packages/airflow/example_dags/example_branch_operator_decorator.py took 0.072 seconds
[2024-11-01T14:26:01.623+0000] {processor.py:186} INFO - Started process (PID=668) to work on /home/airflow/.local/lib/python3.12/site-packages/airflow/example_dags/example_branch_operator_decorator.py
[2024-11-01T14:26:01.624+0000] {processor.py:914} INFO - Processing file /home/airflow/.local/lib/python3.12/site-packages/airflow/example_dags/example_branch_operator_decorator.py for tasks to queue
[2024-11-01T14:26:01.624+0000] {logging_mixin.py:190} INFO - [2024-11-01T14:26:01.624+0000] {dagbag.py:588} INFO - Filling up the DagBag from /home/airflow/.local/lib/python3.12/site-packages/airflow/example_dags/example_branch_operator_decorator.py
[2024-11-01T14:26:01.638+0000] {processor.py:925} INFO - DAG(s) 'example_branch_python_operator_decorator' retrieved from /home/airflow/.local/lib/python3.12/site-packages/airflow/example_dags/example_branch_operator_decorator.py
[2024-11-01T14:26:01.657+0000] {logging_mixin.py:190} INFO - [2024-11-01T14:26:01.657+0000] {dag.py:3239} INFO - Sync 1 DAGs
[2024-11-01T14:26:01.675+0000] {logging_mixin.py:190} INFO - [2024-11-01T14:26:01.674+0000] {dag.py:4180} INFO - Setting next_dagrun for example_branch_python_operator_decorator to 2024-10-31 00:00:00+00:00, run_after=2024-11-01 00:00:00+00:00
[2024-11-01T14:26:01.691+0000] {processor.py:208} INFO - Processing /home/airflow/.local/lib/python3.12/site-packages/airflow/example_dags/example_branch_operator_decorator.py took 0.071 seconds
[2024-11-01T14:26:32.280+0000] {processor.py:186} INFO - Started process (PID=733) to work on /home/airflow/.local/lib/python3.12/site-packages/airflow/example_dags/example_branch_operator_decorator.py
[2024-11-01T14:26:32.280+0000] {processor.py:914} INFO - Processing file /home/airflow/.local/lib/python3.12/site-packages/airflow/example_dags/example_branch_operator_decorator.py for tasks to queue
[2024-11-01T14:26:32.281+0000] {logging_mixin.py:190} INFO - [2024-11-01T14:26:32.281+0000] {dagbag.py:588} INFO - Filling up the DagBag from /home/airflow/.local/lib/python3.12/site-packages/airflow/example_dags/example_branch_operator_decorator.py
[2024-11-01T14:26:32.295+0000] {processor.py:925} INFO - DAG(s) 'example_branch_python_operator_decorator' retrieved from /home/airflow/.local/lib/python3.12/site-packages/airflow/example_dags/example_branch_operator_decorator.py
[2024-11-01T14:26:32.314+0000] {logging_mixin.py:190} INFO - [2024-11-01T14:26:32.313+0000] {dag.py:3239} INFO - Sync 1 DAGs
[2024-11-01T14:26:32.330+0000] {logging_mixin.py:190} INFO - [2024-11-01T14:26:32.330+0000] {dag.py:4180} INFO - Setting next_dagrun for example_branch_python_operator_decorator to 2024-10-31 00:00:00+00:00, run_after=2024-11-01 00:00:00+00:00
[2024-11-01T14:26:32.345+0000] {processor.py:208} INFO - Processing /home/airflow/.local/lib/python3.12/site-packages/airflow/example_dags/example_branch_operator_decorator.py took 0.070 seconds
[2024-11-01T14:27:02.915+0000] {processor.py:186} INFO - Started process (PID=798) to work on /home/airflow/.local/lib/python3.12/site-packages/airflow/example_dags/example_branch_operator_decorator.py
[2024-11-01T14:27:02.915+0000] {processor.py:914} INFO - Processing file /home/airflow/.local/lib/python3.12/site-packages/airflow/example_dags/example_branch_operator_decorator.py for tasks to queue
[2024-11-01T14:27:02.916+0000] {logging_mixin.py:190} INFO - [2024-11-01T14:27:02.916+0000] {dagbag.py:588} INFO - Filling up the DagBag from /home/airflow/.local/lib/python3.12/site-packages/airflow/example_dags/example_branch_operator_decorator.py
[2024-11-01T14:27:02.930+0000] {processor.py:925} INFO - DAG(s) 'example_branch_python_operator_decorator' retrieved from /home/airflow/.local/lib/python3.12/site-packages/airflow/example_dags/example_branch_operator_decorator.py
[2024-11-01T14:27:02.949+0000] {logging_mixin.py:190} INFO - [2024-11-01T14:27:02.948+0000] {dag.py:3239} INFO - Sync 1 DAGs
[2024-11-01T14:27:02.965+0000] {logging_mixin.py:190} INFO - [2024-11-01T14:27:02.965+0000] {dag.py:4180} INFO - Setting next_dagrun for example_branch_python_operator_decorator to 2024-10-31 00:00:00+00:00, run_after=2024-11-01 00:00:00+00:00
[2024-11-01T14:27:02.981+0000] {processor.py:208} INFO - Processing /home/airflow/.local/lib/python3.12/site-packages/airflow/example_dags/example_branch_operator_decorator.py took 0.070 seconds
[2024-11-01T14:27:33.495+0000] {processor.py:186} INFO - Started process (PID=863) to work on /home/airflow/.local/lib/python3.12/site-packages/airflow/example_dags/example_branch_operator_decorator.py
[2024-11-01T14:27:33.496+0000] {processor.py:914} INFO - Processing file /home/airflow/.local/lib/python3.12/site-packages/airflow/example_dags/example_branch_operator_decorator.py for tasks to queue
[2024-11-01T14:27:33.497+0000] {logging_mixin.py:190} INFO - [2024-11-01T14:27:33.497+0000] {dagbag.py:588} INFO - Filling up the DagBag from /home/airflow/.local/lib/python3.12/site-packages/airflow/example_dags/example_branch_operator_decorator.py
[2024-11-01T14:27:33.512+0000] {processor.py:925} INFO - DAG(s) 'example_branch_python_operator_decorator' retrieved from /home/airflow/.local/lib/python3.12/site-packages/airflow/example_dags/example_branch_operator_decorator.py
[2024-11-01T14:27:33.530+0000] {logging_mixin.py:190} INFO - [2024-11-01T14:27:33.530+0000] {dag.py:3239} INFO - Sync 1 DAGs
[2024-11-01T14:27:33.547+0000] {logging_mixin.py:190} INFO - [2024-11-01T14:27:33.547+0000] {dag.py:4180} INFO - Setting next_dagrun for example_branch_python_operator_decorator to 2024-10-31 00:00:00+00:00, run_after=2024-11-01 00:00:00+00:00
[2024-11-01T14:27:33.564+0000] {processor.py:208} INFO - Processing /home/airflow/.local/lib/python3.12/site-packages/airflow/example_dags/example_branch_operator_decorator.py took 0.072 seconds
[2024-11-01T14:28:04.058+0000] {processor.py:186} INFO - Started process (PID=928) to work on /home/airflow/.local/lib/python3.12/site-packages/airflow/example_dags/example_branch_operator_decorator.py
[2024-11-01T14:28:04.059+0000] {processor.py:914} INFO - Processing file /home/airflow/.local/lib/python3.12/site-packages/airflow/example_dags/example_branch_operator_decorator.py for tasks to queue
[2024-11-01T14:28:04.059+0000] {logging_mixin.py:190} INFO - [2024-11-01T14:28:04.059+0000] {dagbag.py:588} INFO - Filling up the DagBag from /home/airflow/.local/lib/python3.12/site-packages/airflow/example_dags/example_branch_operator_decorator.py
[2024-11-01T14:28:04.074+0000] {processor.py:925} INFO - DAG(s) 'example_branch_python_operator_decorator' retrieved from /home/airflow/.local/lib/python3.12/site-packages/airflow/example_dags/example_branch_operator_decorator.py
[2024-11-01T14:28:04.092+0000] {logging_mixin.py:190} INFO - [2024-11-01T14:28:04.092+0000] {dag.py:3239} INFO - Sync 1 DAGs
[2024-11-01T14:28:04.109+0000] {logging_mixin.py:190} INFO - [2024-11-01T14:28:04.108+0000] {dag.py:4180} INFO - Setting next_dagrun for example_branch_python_operator_decorator to 2024-10-31 00:00:00+00:00, run_after=2024-11-01 00:00:00+00:00
[2024-11-01T14:28:04.124+0000] {processor.py:208} INFO - Processing /home/airflow/.local/lib/python3.12/site-packages/airflow/example_dags/example_branch_operator_decorator.py took 0.070 seconds
[2024-11-01T14:28:34.785+0000] {processor.py:186} INFO - Started process (PID=993) to work on /home/airflow/.local/lib/python3.12/site-packages/airflow/example_dags/example_branch_operator_decorator.py
[2024-11-01T14:28:34.786+0000] {processor.py:914} INFO - Processing file /home/airflow/.local/lib/python3.12/site-packages/airflow/example_dags/example_branch_operator_decorator.py for tasks to queue
[2024-11-01T14:28:34.786+0000] {logging_mixin.py:190} INFO - [2024-11-01T14:28:34.786+0000] {dagbag.py:588} INFO - Filling up the DagBag from /home/airflow/.local/lib/python3.12/site-packages/airflow/example_dags/example_branch_operator_decorator.py
[2024-11-01T14:28:34.801+0000] {processor.py:925} INFO - DAG(s) 'example_branch_python_operator_decorator' retrieved from /home/airflow/.local/lib/python3.12/site-packages/airflow/example_dags/example_branch_operator_decorator.py
[2024-11-01T14:28:34.819+0000] {logging_mixin.py:190} INFO - [2024-11-01T14:28:34.819+0000] {dag.py:3239} INFO - Sync 1 DAGs
[2024-11-01T14:28:34.836+0000] {logging_mixin.py:190} INFO - [2024-11-01T14:28:34.836+0000] {dag.py:4180} INFO - Setting next_dagrun for example_branch_python_operator_decorator to 2024-10-31 00:00:00+00:00, run_after=2024-11-01 00:00:00+00:00
[2024-11-01T14:28:34.851+0000] {processor.py:208} INFO - Processing /home/airflow/.local/lib/python3.12/site-packages/airflow/example_dags/example_branch_operator_decorator.py took 0.070 seconds
[2024-11-01T14:29:05.558+0000] {processor.py:186} INFO - Started process (PID=1058) to work on /home/airflow/.local/lib/python3.12/site-packages/airflow/example_dags/example_branch_operator_decorator.py
[2024-11-01T14:29:05.559+0000] {processor.py:914} INFO - Processing file /home/airflow/.local/lib/python3.12/site-packages/airflow/example_dags/example_branch_operator_decorator.py for tasks to queue
[2024-11-01T14:29:05.560+0000] {logging_mixin.py:190} INFO - [2024-11-01T14:29:05.560+0000] {dagbag.py:588} INFO - Filling up the DagBag from /home/airflow/.local/lib/python3.12/site-packages/airflow/example_dags/example_branch_operator_decorator.py
[2024-11-01T14:29:05.574+0000] {processor.py:925} INFO - DAG(s) 'example_branch_python_operator_decorator' retrieved from /home/airflow/.local/lib/python3.12/site-packages/airflow/example_dags/example_branch_operator_decorator.py
[2024-11-01T14:29:05.592+0000] {logging_mixin.py:190} INFO - [2024-11-01T14:29:05.592+0000] {dag.py:3239} INFO - Sync 1 DAGs
[2024-11-01T14:29:05.609+0000] {logging_mixin.py:190} INFO - [2024-11-01T14:29:05.608+0000] {dag.py:4180} INFO - Setting next_dagrun for example_branch_python_operator_decorator to 2024-10-31 00:00:00+00:00, run_after=2024-11-01 00:00:00+00:00
[2024-11-01T14:29:05.624+0000] {processor.py:208} INFO - Processing /home/airflow/.local/lib/python3.12/site-packages/airflow/example_dags/example_branch_operator_decorator.py took 0.070 seconds
[2024-11-01T14:29:36.231+0000] {processor.py:186} INFO - Started process (PID=1123) to work on /home/airflow/.local/lib/python3.12/site-packages/airflow/example_dags/example_branch_operator_decorator.py
[2024-11-01T14:29:36.231+0000] {processor.py:914} INFO - Processing file /home/airflow/.local/lib/python3.12/site-packages/airflow/example_dags/example_branch_operator_decorator.py for tasks to queue
[2024-11-01T14:29:36.232+0000] {logging_mixin.py:190} INFO - [2024-11-01T14:29:36.232+0000] {dagbag.py:588} INFO - Filling up the DagBag from /home/airflow/.local/lib/python3.12/site-packages/airflow/example_dags/example_branch_operator_decorator.py
[2024-11-01T14:29:36.248+0000] {processor.py:925} INFO - DAG(s) 'example_branch_python_operator_decorator' retrieved from /home/airflow/.local/lib/python3.12/site-packages/airflow/example_dags/example_branch_operator_decorator.py
[2024-11-01T14:29:36.269+0000] {logging_mixin.py:190} INFO - [2024-11-01T14:29:36.269+0000] {dag.py:3239} INFO - Sync 1 DAGs
[2024-11-01T14:29:36.290+0000] {logging_mixin.py:190} INFO - [2024-11-01T14:29:36.290+0000] {dag.py:4180} INFO - Setting next_dagrun for example_branch_python_operator_decorator to 2024-10-31 00:00:00+00:00, run_after=2024-11-01 00:00:00+00:00
[2024-11-01T14:29:36.306+0000] {processor.py:208} INFO - Processing /home/airflow/.local/lib/python3.12/site-packages/airflow/example_dags/example_branch_operator_decorator.py took 0.079 seconds
[2024-11-01T14:30:06.956+0000] {processor.py:186} INFO - Started process (PID=1188) to work on /home/airflow/.local/lib/python3.12/site-packages/airflow/example_dags/example_branch_operator_decorator.py
[2024-11-01T14:30:06.957+0000] {processor.py:914} INFO - Processing file /home/airflow/.local/lib/python3.12/site-packages/airflow/example_dags/example_branch_operator_decorator.py for tasks to queue
[2024-11-01T14:30:06.957+0000] {logging_mixin.py:190} INFO - [2024-11-01T14:30:06.957+0000] {dagbag.py:588} INFO - Filling up the DagBag from /home/airflow/.local/lib/python3.12/site-packages/airflow/example_dags/example_branch_operator_decorator.py
[2024-11-01T14:30:06.973+0000] {processor.py:925} INFO - DAG(s) 'example_branch_python_operator_decorator' retrieved from /home/airflow/.local/lib/python3.12/site-packages/airflow/example_dags/example_branch_operator_decorator.py
[2024-11-01T14:30:07.002+0000] {logging_mixin.py:190} INFO - [2024-11-01T14:30:07.001+0000] {dag.py:3239} INFO - Sync 1 DAGs
[2024-11-01T14:30:07.021+0000] {logging_mixin.py:190} INFO - [2024-11-01T14:30:07.021+0000] {dag.py:4180} INFO - Setting next_dagrun for example_branch_python_operator_decorator to 2024-10-31 00:00:00+00:00, run_after=2024-11-01 00:00:00+00:00
[2024-11-01T14:30:07.038+0000] {processor.py:208} INFO - Processing /home/airflow/.local/lib/python3.12/site-packages/airflow/example_dags/example_branch_operator_decorator.py took 0.088 seconds
[2024-11-01T14:30:37.815+0000] {processor.py:186} INFO - Started process (PID=1253) to work on /home/airflow/.local/lib/python3.12/site-packages/airflow/example_dags/example_branch_operator_decorator.py
[2024-11-01T14:30:37.816+0000] {processor.py:914} INFO - Processing file /home/airflow/.local/lib/python3.12/site-packages/airflow/example_dags/example_branch_operator_decorator.py for tasks to queue
[2024-11-01T14:30:37.817+0000] {logging_mixin.py:190} INFO - [2024-11-01T14:30:37.816+0000] {dagbag.py:588} INFO - Filling up the DagBag from /home/airflow/.local/lib/python3.12/site-packages/airflow/example_dags/example_branch_operator_decorator.py
[2024-11-01T14:30:37.832+0000] {processor.py:925} INFO - DAG(s) 'example_branch_python_operator_decorator' retrieved from /home/airflow/.local/lib/python3.12/site-packages/airflow/example_dags/example_branch_operator_decorator.py
[2024-11-01T14:30:37.850+0000] {logging_mixin.py:190} INFO - [2024-11-01T14:30:37.850+0000] {dag.py:3239} INFO - Sync 1 DAGs
[2024-11-01T14:30:37.868+0000] {logging_mixin.py:190} INFO - [2024-11-01T14:30:37.868+0000] {dag.py:4180} INFO - Setting next_dagrun for example_branch_python_operator_decorator to 2024-10-31 00:00:00+00:00, run_after=2024-11-01 00:00:00+00:00
[2024-11-01T14:30:37.888+0000] {processor.py:208} INFO - Processing /home/airflow/.local/lib/python3.12/site-packages/airflow/example_dags/example_branch_operator_decorator.py took 0.078 seconds
[2024-11-01T14:31:08.283+0000] {processor.py:186} INFO - Started process (PID=1318) to work on /home/airflow/.local/lib/python3.12/site-packages/airflow/example_dags/example_branch_operator_decorator.py
[2024-11-01T14:31:08.284+0000] {processor.py:914} INFO - Processing file /home/airflow/.local/lib/python3.12/site-packages/airflow/example_dags/example_branch_operator_decorator.py for tasks to queue
[2024-11-01T14:31:08.286+0000] {logging_mixin.py:190} INFO - [2024-11-01T14:31:08.285+0000] {dagbag.py:588} INFO - Filling up the DagBag from /home/airflow/.local/lib/python3.12/site-packages/airflow/example_dags/example_branch_operator_decorator.py
[2024-11-01T14:31:08.316+0000] {processor.py:925} INFO - DAG(s) 'example_branch_python_operator_decorator' retrieved from /home/airflow/.local/lib/python3.12/site-packages/airflow/example_dags/example_branch_operator_decorator.py
[2024-11-01T14:31:08.347+0000] {logging_mixin.py:190} INFO - [2024-11-01T14:31:08.347+0000] {dag.py:3239} INFO - Sync 1 DAGs
[2024-11-01T14:31:08.384+0000] {logging_mixin.py:190} INFO - [2024-11-01T14:31:08.384+0000] {dag.py:4180} INFO - Setting next_dagrun for example_branch_python_operator_decorator to 2024-10-31 00:00:00+00:00, run_after=2024-11-01 00:00:00+00:00
[2024-11-01T14:31:08.417+0000] {processor.py:208} INFO - Processing /home/airflow/.local/lib/python3.12/site-packages/airflow/example_dags/example_branch_operator_decorator.py took 0.140 seconds
[2024-11-01T14:31:38.519+0000] {processor.py:186} INFO - Started process (PID=1383) to work on /home/airflow/.local/lib/python3.12/site-packages/airflow/example_dags/example_branch_operator_decorator.py
[2024-11-01T14:31:38.522+0000] {processor.py:914} INFO - Processing file /home/airflow/.local/lib/python3.12/site-packages/airflow/example_dags/example_branch_operator_decorator.py for tasks to queue
[2024-11-01T14:31:38.525+0000] {logging_mixin.py:190} INFO - [2024-11-01T14:31:38.524+0000] {dagbag.py:588} INFO - Filling up the DagBag from /home/airflow/.local/lib/python3.12/site-packages/airflow/example_dags/example_branch_operator_decorator.py
[2024-11-01T14:31:38.552+0000] {processor.py:925} INFO - DAG(s) 'example_branch_python_operator_decorator' retrieved from /home/airflow/.local/lib/python3.12/site-packages/airflow/example_dags/example_branch_operator_decorator.py
[2024-11-01T14:31:38.589+0000] {logging_mixin.py:190} INFO - [2024-11-01T14:31:38.589+0000] {dag.py:3239} INFO - Sync 1 DAGs
[2024-11-01T14:31:38.626+0000] {logging_mixin.py:190} INFO - [2024-11-01T14:31:38.625+0000] {dag.py:4180} INFO - Setting next_dagrun for example_branch_python_operator_decorator to 2024-10-31 00:00:00+00:00, run_after=2024-11-01 00:00:00+00:00
[2024-11-01T14:31:38.657+0000] {processor.py:208} INFO - Processing /home/airflow/.local/lib/python3.12/site-packages/airflow/example_dags/example_branch_operator_decorator.py took 0.145 seconds
[2024-11-01T14:32:09.065+0000] {processor.py:186} INFO - Started process (PID=1449) to work on /home/airflow/.local/lib/python3.12/site-packages/airflow/example_dags/example_branch_operator_decorator.py
[2024-11-01T14:32:09.066+0000] {processor.py:914} INFO - Processing file /home/airflow/.local/lib/python3.12/site-packages/airflow/example_dags/example_branch_operator_decorator.py for tasks to queue
[2024-11-01T14:32:09.067+0000] {logging_mixin.py:190} INFO - [2024-11-01T14:32:09.066+0000] {dagbag.py:588} INFO - Filling up the DagBag from /home/airflow/.local/lib/python3.12/site-packages/airflow/example_dags/example_branch_operator_decorator.py
[2024-11-01T14:32:09.081+0000] {processor.py:925} INFO - DAG(s) 'example_branch_python_operator_decorator' retrieved from /home/airflow/.local/lib/python3.12/site-packages/airflow/example_dags/example_branch_operator_decorator.py
[2024-11-01T14:32:09.100+0000] {logging_mixin.py:190} INFO - [2024-11-01T14:32:09.100+0000] {dag.py:3239} INFO - Sync 1 DAGs
[2024-11-01T14:32:09.120+0000] {logging_mixin.py:190} INFO - [2024-11-01T14:32:09.120+0000] {dag.py:4180} INFO - Setting next_dagrun for example_branch_python_operator_decorator to 2024-10-31 00:00:00+00:00, run_after=2024-11-01 00:00:00+00:00
[2024-11-01T14:32:09.138+0000] {processor.py:208} INFO - Processing /home/airflow/.local/lib/python3.12/site-packages/airflow/example_dags/example_branch_operator_decorator.py took 0.076 seconds
[2024-11-01T14:32:39.315+0000] {processor.py:186} INFO - Started process (PID=1514) to work on /home/airflow/.local/lib/python3.12/site-packages/airflow/example_dags/example_branch_operator_decorator.py
[2024-11-01T14:32:39.316+0000] {processor.py:914} INFO - Processing file /home/airflow/.local/lib/python3.12/site-packages/airflow/example_dags/example_branch_operator_decorator.py for tasks to queue
[2024-11-01T14:32:39.317+0000] {logging_mixin.py:190} INFO - [2024-11-01T14:32:39.316+0000] {dagbag.py:588} INFO - Filling up the DagBag from /home/airflow/.local/lib/python3.12/site-packages/airflow/example_dags/example_branch_operator_decorator.py
[2024-11-01T14:32:39.332+0000] {processor.py:925} INFO - DAG(s) 'example_branch_python_operator_decorator' retrieved from /home/airflow/.local/lib/python3.12/site-packages/airflow/example_dags/example_branch_operator_decorator.py
[2024-11-01T14:32:39.351+0000] {logging_mixin.py:190} INFO - [2024-11-01T14:32:39.350+0000] {dag.py:3239} INFO - Sync 1 DAGs
[2024-11-01T14:32:39.369+0000] {logging_mixin.py:190} INFO - [2024-11-01T14:32:39.369+0000] {dag.py:4180} INFO - Setting next_dagrun for example_branch_python_operator_decorator to 2024-10-31 00:00:00+00:00, run_after=2024-11-01 00:00:00+00:00
[2024-11-01T14:32:39.383+0000] {processor.py:208} INFO - Processing /home/airflow/.local/lib/python3.12/site-packages/airflow/example_dags/example_branch_operator_decorator.py took 0.072 seconds
[2024-11-01T14:33:09.916+0000] {processor.py:186} INFO - Started process (PID=1579) to work on /home/airflow/.local/lib/python3.12/site-packages/airflow/example_dags/example_branch_operator_decorator.py
[2024-11-01T14:33:09.917+0000] {processor.py:914} INFO - Processing file /home/airflow/.local/lib/python3.12/site-packages/airflow/example_dags/example_branch_operator_decorator.py for tasks to queue
[2024-11-01T14:33:09.918+0000] {logging_mixin.py:190} INFO - [2024-11-01T14:33:09.917+0000] {dagbag.py:588} INFO - Filling up the DagBag from /home/airflow/.local/lib/python3.12/site-packages/airflow/example_dags/example_branch_operator_decorator.py
[2024-11-01T14:33:09.933+0000] {processor.py:925} INFO - DAG(s) 'example_branch_python_operator_decorator' retrieved from /home/airflow/.local/lib/python3.12/site-packages/airflow/example_dags/example_branch_operator_decorator.py
[2024-11-01T14:33:09.953+0000] {logging_mixin.py:190} INFO - [2024-11-01T14:33:09.952+0000] {dag.py:3239} INFO - Sync 1 DAGs
[2024-11-01T14:33:09.973+0000] {logging_mixin.py:190} INFO - [2024-11-01T14:33:09.973+0000] {dag.py:4180} INFO - Setting next_dagrun for example_branch_python_operator_decorator to 2024-10-31 00:00:00+00:00, run_after=2024-11-01 00:00:00+00:00
[2024-11-01T14:33:09.989+0000] {processor.py:208} INFO - Processing /home/airflow/.local/lib/python3.12/site-packages/airflow/example_dags/example_branch_operator_decorator.py took 0.076 seconds
[2024-11-01T14:33:40.382+0000] {processor.py:186} INFO - Started process (PID=1644) to work on /home/airflow/.local/lib/python3.12/site-packages/airflow/example_dags/example_branch_operator_decorator.py
[2024-11-01T14:33:40.382+0000] {processor.py:914} INFO - Processing file /home/airflow/.local/lib/python3.12/site-packages/airflow/example_dags/example_branch_operator_decorator.py for tasks to queue
[2024-11-01T14:33:40.383+0000] {logging_mixin.py:190} INFO - [2024-11-01T14:33:40.383+0000] {dagbag.py:588} INFO - Filling up the DagBag from /home/airflow/.local/lib/python3.12/site-packages/airflow/example_dags/example_branch_operator_decorator.py
[2024-11-01T14:33:40.398+0000] {processor.py:925} INFO - DAG(s) 'example_branch_python_operator_decorator' retrieved from /home/airflow/.local/lib/python3.12/site-packages/airflow/example_dags/example_branch_operator_decorator.py
[2024-11-01T14:33:40.420+0000] {logging_mixin.py:190} INFO - [2024-11-01T14:33:40.420+0000] {dag.py:3239} INFO - Sync 1 DAGs
[2024-11-01T14:33:40.440+0000] {logging_mixin.py:190} INFO - [2024-11-01T14:33:40.440+0000] {dag.py:4180} INFO - Setting next_dagrun for example_branch_python_operator_decorator to 2024-10-31 00:00:00+00:00, run_after=2024-11-01 00:00:00+00:00
[2024-11-01T14:33:40.456+0000] {processor.py:208} INFO - Processing /home/airflow/.local/lib/python3.12/site-packages/airflow/example_dags/example_branch_operator_decorator.py took 0.079 seconds
[2024-11-01T14:34:11.268+0000] {processor.py:186} INFO - Started process (PID=1709) to work on /home/airflow/.local/lib/python3.12/site-packages/airflow/example_dags/example_branch_operator_decorator.py
[2024-11-01T14:34:11.269+0000] {processor.py:914} INFO - Processing file /home/airflow/.local/lib/python3.12/site-packages/airflow/example_dags/example_branch_operator_decorator.py for tasks to queue
[2024-11-01T14:34:11.269+0000] {logging_mixin.py:190} INFO - [2024-11-01T14:34:11.269+0000] {dagbag.py:588} INFO - Filling up the DagBag from /home/airflow/.local/lib/python3.12/site-packages/airflow/example_dags/example_branch_operator_decorator.py
[2024-11-01T14:34:11.284+0000] {processor.py:925} INFO - DAG(s) 'example_branch_python_operator_decorator' retrieved from /home/airflow/.local/lib/python3.12/site-packages/airflow/example_dags/example_branch_operator_decorator.py
[2024-11-01T14:34:11.303+0000] {logging_mixin.py:190} INFO - [2024-11-01T14:34:11.303+0000] {dag.py:3239} INFO - Sync 1 DAGs
[2024-11-01T14:34:11.321+0000] {logging_mixin.py:190} INFO - [2024-11-01T14:34:11.320+0000] {dag.py:4180} INFO - Setting next_dagrun for example_branch_python_operator_decorator to 2024-10-31 00:00:00+00:00, run_after=2024-11-01 00:00:00+00:00
[2024-11-01T14:34:11.333+0000] {processor.py:208} INFO - Processing /home/airflow/.local/lib/python3.12/site-packages/airflow/example_dags/example_branch_operator_decorator.py took 0.069 seconds
[2024-11-01T14:36:48.397+0000] {processor.py:186} INFO - Started process (PID=1780) to work on /home/airflow/.local/lib/python3.12/site-packages/airflow/example_dags/example_branch_operator_decorator.py
[2024-11-01T14:36:48.399+0000] {processor.py:914} INFO - Processing file /home/airflow/.local/lib/python3.12/site-packages/airflow/example_dags/example_branch_operator_decorator.py for tasks to queue
[2024-11-01T14:36:48.400+0000] {logging_mixin.py:190} INFO - [2024-11-01T14:36:48.400+0000] {dagbag.py:588} INFO - Filling up the DagBag from /home/airflow/.local/lib/python3.12/site-packages/airflow/example_dags/example_branch_operator_decorator.py
[2024-11-01T14:36:48.460+0000] {processor.py:925} INFO - DAG(s) 'example_branch_python_operator_decorator' retrieved from /home/airflow/.local/lib/python3.12/site-packages/airflow/example_dags/example_branch_operator_decorator.py
[2024-11-01T14:36:48.535+0000] {logging_mixin.py:190} INFO - [2024-11-01T14:36:48.534+0000] {dag.py:3239} INFO - Sync 1 DAGs
[2024-11-01T14:36:48.576+0000] {logging_mixin.py:190} INFO - [2024-11-01T14:36:48.575+0000] {dag.py:4180} INFO - Setting next_dagrun for example_branch_python_operator_decorator to 2024-10-31 00:00:00+00:00, run_after=2024-11-01 00:00:00+00:00
[2024-11-01T14:36:48.604+0000] {processor.py:208} INFO - Processing /home/airflow/.local/lib/python3.12/site-packages/airflow/example_dags/example_branch_operator_decorator.py took 0.225 seconds
[2024-11-01T14:37:19.461+0000] {processor.py:186} INFO - Started process (PID=1851) to work on /home/airflow/.local/lib/python3.12/site-packages/airflow/example_dags/example_branch_operator_decorator.py
[2024-11-01T14:37:19.462+0000] {processor.py:914} INFO - Processing file /home/airflow/.local/lib/python3.12/site-packages/airflow/example_dags/example_branch_operator_decorator.py for tasks to queue
[2024-11-01T14:37:19.464+0000] {logging_mixin.py:190} INFO - [2024-11-01T14:37:19.463+0000] {dagbag.py:588} INFO - Filling up the DagBag from /home/airflow/.local/lib/python3.12/site-packages/airflow/example_dags/example_branch_operator_decorator.py
[2024-11-01T14:37:19.482+0000] {processor.py:925} INFO - DAG(s) 'example_branch_python_operator_decorator' retrieved from /home/airflow/.local/lib/python3.12/site-packages/airflow/example_dags/example_branch_operator_decorator.py
[2024-11-01T14:37:19.513+0000] {logging_mixin.py:190} INFO - [2024-11-01T14:37:19.513+0000] {dag.py:3239} INFO - Sync 1 DAGs
[2024-11-01T14:37:19.540+0000] {logging_mixin.py:190} INFO - [2024-11-01T14:37:19.540+0000] {dag.py:4180} INFO - Setting next_dagrun for example_branch_python_operator_decorator to 2024-10-31 00:00:00+00:00, run_after=2024-11-01 00:00:00+00:00
[2024-11-01T14:37:19.561+0000] {processor.py:208} INFO - Processing /home/airflow/.local/lib/python3.12/site-packages/airflow/example_dags/example_branch_operator_decorator.py took 0.105 seconds
[2024-11-01T14:37:49.744+0000] {processor.py:186} INFO - Started process (PID=1916) to work on /home/airflow/.local/lib/python3.12/site-packages/airflow/example_dags/example_branch_operator_decorator.py
[2024-11-01T14:37:49.745+0000] {processor.py:914} INFO - Processing file /home/airflow/.local/lib/python3.12/site-packages/airflow/example_dags/example_branch_operator_decorator.py for tasks to queue
[2024-11-01T14:37:49.746+0000] {logging_mixin.py:190} INFO - [2024-11-01T14:37:49.746+0000] {dagbag.py:588} INFO - Filling up the DagBag from /home/airflow/.local/lib/python3.12/site-packages/airflow/example_dags/example_branch_operator_decorator.py
[2024-11-01T14:37:49.760+0000] {processor.py:925} INFO - DAG(s) 'example_branch_python_operator_decorator' retrieved from /home/airflow/.local/lib/python3.12/site-packages/airflow/example_dags/example_branch_operator_decorator.py
[2024-11-01T14:37:49.778+0000] {logging_mixin.py:190} INFO - [2024-11-01T14:37:49.778+0000] {dag.py:3239} INFO - Sync 1 DAGs
[2024-11-01T14:37:49.794+0000] {logging_mixin.py:190} INFO - [2024-11-01T14:37:49.794+0000] {dag.py:4180} INFO - Setting next_dagrun for example_branch_python_operator_decorator to 2024-10-31 00:00:00+00:00, run_after=2024-11-01 00:00:00+00:00
[2024-11-01T14:37:49.811+0000] {processor.py:208} INFO - Processing /home/airflow/.local/lib/python3.12/site-packages/airflow/example_dags/example_branch_operator_decorator.py took 0.071 seconds
[2024-11-01T14:38:20.497+0000] {processor.py:186} INFO - Started process (PID=1981) to work on /home/airflow/.local/lib/python3.12/site-packages/airflow/example_dags/example_branch_operator_decorator.py
[2024-11-01T14:38:20.498+0000] {processor.py:914} INFO - Processing file /home/airflow/.local/lib/python3.12/site-packages/airflow/example_dags/example_branch_operator_decorator.py for tasks to queue
[2024-11-01T14:38:20.499+0000] {logging_mixin.py:190} INFO - [2024-11-01T14:38:20.499+0000] {dagbag.py:588} INFO - Filling up the DagBag from /home/airflow/.local/lib/python3.12/site-packages/airflow/example_dags/example_branch_operator_decorator.py
[2024-11-01T14:38:20.517+0000] {processor.py:925} INFO - DAG(s) 'example_branch_python_operator_decorator' retrieved from /home/airflow/.local/lib/python3.12/site-packages/airflow/example_dags/example_branch_operator_decorator.py
[2024-11-01T14:38:20.540+0000] {logging_mixin.py:190} INFO - [2024-11-01T14:38:20.539+0000] {dag.py:3239} INFO - Sync 1 DAGs
[2024-11-01T14:38:20.560+0000] {logging_mixin.py:190} INFO - [2024-11-01T14:38:20.559+0000] {dag.py:4180} INFO - Setting next_dagrun for example_branch_python_operator_decorator to 2024-10-31 00:00:00+00:00, run_after=2024-11-01 00:00:00+00:00
[2024-11-01T14:38:20.576+0000] {processor.py:208} INFO - Processing /home/airflow/.local/lib/python3.12/site-packages/airflow/example_dags/example_branch_operator_decorator.py took 0.084 seconds
[2024-11-01T14:38:50.717+0000] {processor.py:186} INFO - Started process (PID=2046) to work on /home/airflow/.local/lib/python3.12/site-packages/airflow/example_dags/example_branch_operator_decorator.py
[2024-11-01T14:38:50.718+0000] {processor.py:914} INFO - Processing file /home/airflow/.local/lib/python3.12/site-packages/airflow/example_dags/example_branch_operator_decorator.py for tasks to queue
[2024-11-01T14:38:50.719+0000] {logging_mixin.py:190} INFO - [2024-11-01T14:38:50.718+0000] {dagbag.py:588} INFO - Filling up the DagBag from /home/airflow/.local/lib/python3.12/site-packages/airflow/example_dags/example_branch_operator_decorator.py
[2024-11-01T14:38:50.735+0000] {processor.py:925} INFO - DAG(s) 'example_branch_python_operator_decorator' retrieved from /home/airflow/.local/lib/python3.12/site-packages/airflow/example_dags/example_branch_operator_decorator.py
[2024-11-01T14:38:50.753+0000] {logging_mixin.py:190} INFO - [2024-11-01T14:38:50.753+0000] {dag.py:3239} INFO - Sync 1 DAGs
[2024-11-01T14:38:50.771+0000] {logging_mixin.py:190} INFO - [2024-11-01T14:38:50.770+0000] {dag.py:4180} INFO - Setting next_dagrun for example_branch_python_operator_decorator to 2024-10-31 00:00:00+00:00, run_after=2024-11-01 00:00:00+00:00
[2024-11-01T14:38:50.788+0000] {processor.py:208} INFO - Processing /home/airflow/.local/lib/python3.12/site-packages/airflow/example_dags/example_branch_operator_decorator.py took 0.076 seconds
[2024-11-01T14:39:21.729+0000] {processor.py:186} INFO - Started process (PID=2112) to work on /home/airflow/.local/lib/python3.12/site-packages/airflow/example_dags/example_branch_operator_decorator.py
[2024-11-01T14:39:21.729+0000] {processor.py:914} INFO - Processing file /home/airflow/.local/lib/python3.12/site-packages/airflow/example_dags/example_branch_operator_decorator.py for tasks to queue
[2024-11-01T14:39:21.730+0000] {logging_mixin.py:190} INFO - [2024-11-01T14:39:21.730+0000] {dagbag.py:588} INFO - Filling up the DagBag from /home/airflow/.local/lib/python3.12/site-packages/airflow/example_dags/example_branch_operator_decorator.py
[2024-11-01T14:39:21.746+0000] {processor.py:925} INFO - DAG(s) 'example_branch_python_operator_decorator' retrieved from /home/airflow/.local/lib/python3.12/site-packages/airflow/example_dags/example_branch_operator_decorator.py
[2024-11-01T14:39:21.768+0000] {logging_mixin.py:190} INFO - [2024-11-01T14:39:21.767+0000] {dag.py:3239} INFO - Sync 1 DAGs
[2024-11-01T14:39:21.786+0000] {logging_mixin.py:190} INFO - [2024-11-01T14:39:21.785+0000] {dag.py:4180} INFO - Setting next_dagrun for example_branch_python_operator_decorator to 2024-10-31 00:00:00+00:00, run_after=2024-11-01 00:00:00+00:00
[2024-11-01T14:39:21.801+0000] {processor.py:208} INFO - Processing /home/airflow/.local/lib/python3.12/site-packages/airflow/example_dags/example_branch_operator_decorator.py took 0.078 seconds
[2024-11-01T14:39:52.296+0000] {processor.py:186} INFO - Started process (PID=2177) to work on /home/airflow/.local/lib/python3.12/site-packages/airflow/example_dags/example_branch_operator_decorator.py
[2024-11-01T14:39:52.297+0000] {processor.py:914} INFO - Processing file /home/airflow/.local/lib/python3.12/site-packages/airflow/example_dags/example_branch_operator_decorator.py for tasks to queue
[2024-11-01T14:39:52.298+0000] {logging_mixin.py:190} INFO - [2024-11-01T14:39:52.297+0000] {dagbag.py:588} INFO - Filling up the DagBag from /home/airflow/.local/lib/python3.12/site-packages/airflow/example_dags/example_branch_operator_decorator.py
[2024-11-01T14:39:52.315+0000] {processor.py:925} INFO - DAG(s) 'example_branch_python_operator_decorator' retrieved from /home/airflow/.local/lib/python3.12/site-packages/airflow/example_dags/example_branch_operator_decorator.py
[2024-11-01T14:39:52.339+0000] {logging_mixin.py:190} INFO - [2024-11-01T14:39:52.339+0000] {dag.py:3239} INFO - Sync 1 DAGs
[2024-11-01T14:39:52.360+0000] {logging_mixin.py:190} INFO - [2024-11-01T14:39:52.360+0000] {dag.py:4180} INFO - Setting next_dagrun for example_branch_python_operator_decorator to 2024-10-31 00:00:00+00:00, run_after=2024-11-01 00:00:00+00:00
[2024-11-01T14:39:52.376+0000] {processor.py:208} INFO - Processing /home/airflow/.local/lib/python3.12/site-packages/airflow/example_dags/example_branch_operator_decorator.py took 0.085 seconds
[2024-11-01T14:40:22.715+0000] {processor.py:186} INFO - Started process (PID=2242) to work on /home/airflow/.local/lib/python3.12/site-packages/airflow/example_dags/example_branch_operator_decorator.py
[2024-11-01T14:40:22.716+0000] {processor.py:914} INFO - Processing file /home/airflow/.local/lib/python3.12/site-packages/airflow/example_dags/example_branch_operator_decorator.py for tasks to queue
[2024-11-01T14:40:22.717+0000] {logging_mixin.py:190} INFO - [2024-11-01T14:40:22.716+0000] {dagbag.py:588} INFO - Filling up the DagBag from /home/airflow/.local/lib/python3.12/site-packages/airflow/example_dags/example_branch_operator_decorator.py
[2024-11-01T14:40:22.897+0000] {processor.py:925} INFO - DAG(s) 'example_branch_python_operator_decorator' retrieved from /home/airflow/.local/lib/python3.12/site-packages/airflow/example_dags/example_branch_operator_decorator.py
[2024-11-01T14:40:22.914+0000] {logging_mixin.py:190} INFO - [2024-11-01T14:40:22.914+0000] {dag.py:3239} INFO - Sync 1 DAGs
[2024-11-01T14:40:22.929+0000] {logging_mixin.py:190} INFO - [2024-11-01T14:40:22.928+0000] {dag.py:4180} INFO - Setting next_dagrun for example_branch_python_operator_decorator to 2024-10-31 00:00:00+00:00, run_after=2024-11-01 00:00:00+00:00
[2024-11-01T14:40:22.942+0000] {processor.py:208} INFO - Processing /home/airflow/.local/lib/python3.12/site-packages/airflow/example_dags/example_branch_operator_decorator.py took 0.232 seconds
[2024-11-01T14:40:53.465+0000] {processor.py:186} INFO - Started process (PID=2307) to work on /home/airflow/.local/lib/python3.12/site-packages/airflow/example_dags/example_branch_operator_decorator.py
[2024-11-01T14:40:53.466+0000] {processor.py:914} INFO - Processing file /home/airflow/.local/lib/python3.12/site-packages/airflow/example_dags/example_branch_operator_decorator.py for tasks to queue
[2024-11-01T14:40:53.467+0000] {logging_mixin.py:190} INFO - [2024-11-01T14:40:53.467+0000] {dagbag.py:588} INFO - Filling up the DagBag from /home/airflow/.local/lib/python3.12/site-packages/airflow/example_dags/example_branch_operator_decorator.py
[2024-11-01T14:40:53.488+0000] {processor.py:925} INFO - DAG(s) 'example_branch_python_operator_decorator' retrieved from /home/airflow/.local/lib/python3.12/site-packages/airflow/example_dags/example_branch_operator_decorator.py
[2024-11-01T14:40:53.510+0000] {logging_mixin.py:190} INFO - [2024-11-01T14:40:53.509+0000] {dag.py:3239} INFO - Sync 1 DAGs
[2024-11-01T14:40:53.526+0000] {logging_mixin.py:190} INFO - [2024-11-01T14:40:53.526+0000] {dag.py:4180} INFO - Setting next_dagrun for example_branch_python_operator_decorator to 2024-10-31 00:00:00+00:00, run_after=2024-11-01 00:00:00+00:00
[2024-11-01T14:40:53.542+0000] {processor.py:208} INFO - Processing /home/airflow/.local/lib/python3.12/site-packages/airflow/example_dags/example_branch_operator_decorator.py took 0.082 seconds
[2024-11-01T14:41:23.611+0000] {processor.py:186} INFO - Started process (PID=2372) to work on /home/airflow/.local/lib/python3.12/site-packages/airflow/example_dags/example_branch_operator_decorator.py
[2024-11-01T14:41:23.612+0000] {processor.py:914} INFO - Processing file /home/airflow/.local/lib/python3.12/site-packages/airflow/example_dags/example_branch_operator_decorator.py for tasks to queue
[2024-11-01T14:41:23.613+0000] {logging_mixin.py:190} INFO - [2024-11-01T14:41:23.613+0000] {dagbag.py:588} INFO - Filling up the DagBag from /home/airflow/.local/lib/python3.12/site-packages/airflow/example_dags/example_branch_operator_decorator.py
[2024-11-01T14:41:23.628+0000] {processor.py:925} INFO - DAG(s) 'example_branch_python_operator_decorator' retrieved from /home/airflow/.local/lib/python3.12/site-packages/airflow/example_dags/example_branch_operator_decorator.py
[2024-11-01T14:41:23.648+0000] {logging_mixin.py:190} INFO - [2024-11-01T14:41:23.648+0000] {dag.py:3239} INFO - Sync 1 DAGs
[2024-11-01T14:41:23.665+0000] {logging_mixin.py:190} INFO - [2024-11-01T14:41:23.665+0000] {dag.py:4180} INFO - Setting next_dagrun for example_branch_python_operator_decorator to 2024-10-31 00:00:00+00:00, run_after=2024-11-01 00:00:00+00:00
[2024-11-01T14:41:23.680+0000] {processor.py:208} INFO - Processing /home/airflow/.local/lib/python3.12/site-packages/airflow/example_dags/example_branch_operator_decorator.py took 0.074 seconds
[2024-11-01T14:41:54.494+0000] {processor.py:186} INFO - Started process (PID=2439) to work on /home/airflow/.local/lib/python3.12/site-packages/airflow/example_dags/example_branch_operator_decorator.py
[2024-11-01T14:41:54.494+0000] {processor.py:914} INFO - Processing file /home/airflow/.local/lib/python3.12/site-packages/airflow/example_dags/example_branch_operator_decorator.py for tasks to queue
[2024-11-01T14:41:54.495+0000] {logging_mixin.py:190} INFO - [2024-11-01T14:41:54.495+0000] {dagbag.py:588} INFO - Filling up the DagBag from /home/airflow/.local/lib/python3.12/site-packages/airflow/example_dags/example_branch_operator_decorator.py
[2024-11-01T14:41:54.512+0000] {processor.py:925} INFO - DAG(s) 'example_branch_python_operator_decorator' retrieved from /home/airflow/.local/lib/python3.12/site-packages/airflow/example_dags/example_branch_operator_decorator.py
[2024-11-01T14:41:54.533+0000] {logging_mixin.py:190} INFO - [2024-11-01T14:41:54.533+0000] {dag.py:3239} INFO - Sync 1 DAGs
[2024-11-01T14:41:54.553+0000] {logging_mixin.py:190} INFO - [2024-11-01T14:41:54.553+0000] {dag.py:4180} INFO - Setting next_dagrun for example_branch_python_operator_decorator to 2024-10-31 00:00:00+00:00, run_after=2024-11-01 00:00:00+00:00
[2024-11-01T14:41:54.572+0000] {processor.py:208} INFO - Processing /home/airflow/.local/lib/python3.12/site-packages/airflow/example_dags/example_branch_operator_decorator.py took 0.083 seconds
[2024-11-01T14:42:25.446+0000] {processor.py:186} INFO - Started process (PID=2505) to work on /home/airflow/.local/lib/python3.12/site-packages/airflow/example_dags/example_branch_operator_decorator.py
[2024-11-01T14:42:25.447+0000] {processor.py:914} INFO - Processing file /home/airflow/.local/lib/python3.12/site-packages/airflow/example_dags/example_branch_operator_decorator.py for tasks to queue
[2024-11-01T14:42:25.448+0000] {logging_mixin.py:190} INFO - [2024-11-01T14:42:25.447+0000] {dagbag.py:588} INFO - Filling up the DagBag from /home/airflow/.local/lib/python3.12/site-packages/airflow/example_dags/example_branch_operator_decorator.py
[2024-11-01T14:42:25.462+0000] {processor.py:925} INFO - DAG(s) 'example_branch_python_operator_decorator' retrieved from /home/airflow/.local/lib/python3.12/site-packages/airflow/example_dags/example_branch_operator_decorator.py
[2024-11-01T14:42:25.482+0000] {logging_mixin.py:190} INFO - [2024-11-01T14:42:25.482+0000] {dag.py:3239} INFO - Sync 1 DAGs
[2024-11-01T14:42:25.503+0000] {logging_mixin.py:190} INFO - [2024-11-01T14:42:25.503+0000] {dag.py:4180} INFO - Setting next_dagrun for example_branch_python_operator_decorator to 2024-10-31 00:00:00+00:00, run_after=2024-11-01 00:00:00+00:00
[2024-11-01T14:42:25.522+0000] {processor.py:208} INFO - Processing /home/airflow/.local/lib/python3.12/site-packages/airflow/example_dags/example_branch_operator_decorator.py took 0.081 seconds
[2024-11-01T14:42:55.704+0000] {processor.py:186} INFO - Started process (PID=2570) to work on /home/airflow/.local/lib/python3.12/site-packages/airflow/example_dags/example_branch_operator_decorator.py
[2024-11-01T14:42:55.705+0000] {processor.py:914} INFO - Processing file /home/airflow/.local/lib/python3.12/site-packages/airflow/example_dags/example_branch_operator_decorator.py for tasks to queue
[2024-11-01T14:42:55.705+0000] {logging_mixin.py:190} INFO - [2024-11-01T14:42:55.705+0000] {dagbag.py:588} INFO - Filling up the DagBag from /home/airflow/.local/lib/python3.12/site-packages/airflow/example_dags/example_branch_operator_decorator.py
[2024-11-01T14:42:55.721+0000] {processor.py:925} INFO - DAG(s) 'example_branch_python_operator_decorator' retrieved from /home/airflow/.local/lib/python3.12/site-packages/airflow/example_dags/example_branch_operator_decorator.py
[2024-11-01T14:42:55.741+0000] {logging_mixin.py:190} INFO - [2024-11-01T14:42:55.741+0000] {dag.py:3239} INFO - Sync 1 DAGs
[2024-11-01T14:42:55.758+0000] {logging_mixin.py:190} INFO - [2024-11-01T14:42:55.758+0000] {dag.py:4180} INFO - Setting next_dagrun for example_branch_python_operator_decorator to 2024-10-31 00:00:00+00:00, run_after=2024-11-01 00:00:00+00:00
[2024-11-01T14:42:55.773+0000] {processor.py:208} INFO - Processing /home/airflow/.local/lib/python3.12/site-packages/airflow/example_dags/example_branch_operator_decorator.py took 0.074 seconds
[2024-11-01T14:43:26.751+0000] {processor.py:186} INFO - Started process (PID=2635) to work on /home/airflow/.local/lib/python3.12/site-packages/airflow/example_dags/example_branch_operator_decorator.py
[2024-11-01T14:43:26.752+0000] {processor.py:914} INFO - Processing file /home/airflow/.local/lib/python3.12/site-packages/airflow/example_dags/example_branch_operator_decorator.py for tasks to queue
[2024-11-01T14:43:26.753+0000] {logging_mixin.py:190} INFO - [2024-11-01T14:43:26.752+0000] {dagbag.py:588} INFO - Filling up the DagBag from /home/airflow/.local/lib/python3.12/site-packages/airflow/example_dags/example_branch_operator_decorator.py
[2024-11-01T14:43:26.769+0000] {processor.py:925} INFO - DAG(s) 'example_branch_python_operator_decorator' retrieved from /home/airflow/.local/lib/python3.12/site-packages/airflow/example_dags/example_branch_operator_decorator.py
[2024-11-01T14:43:26.808+0000] {logging_mixin.py:190} INFO - [2024-11-01T14:43:26.808+0000] {dag.py:3239} INFO - Sync 1 DAGs
[2024-11-01T14:43:26.826+0000] {logging_mixin.py:190} INFO - [2024-11-01T14:43:26.825+0000] {dag.py:4180} INFO - Setting next_dagrun for example_branch_python_operator_decorator to 2024-10-31 00:00:00+00:00, run_after=2024-11-01 00:00:00+00:00
[2024-11-01T14:43:26.842+0000] {processor.py:208} INFO - Processing /home/airflow/.local/lib/python3.12/site-packages/airflow/example_dags/example_branch_operator_decorator.py took 0.096 seconds
[2024-11-01T14:43:57.060+0000] {processor.py:186} INFO - Started process (PID=2700) to work on /home/airflow/.local/lib/python3.12/site-packages/airflow/example_dags/example_branch_operator_decorator.py
[2024-11-01T14:43:57.062+0000] {processor.py:914} INFO - Processing file /home/airflow/.local/lib/python3.12/site-packages/airflow/example_dags/example_branch_operator_decorator.py for tasks to queue
[2024-11-01T14:43:57.063+0000] {logging_mixin.py:190} INFO - [2024-11-01T14:43:57.063+0000] {dagbag.py:588} INFO - Filling up the DagBag from /home/airflow/.local/lib/python3.12/site-packages/airflow/example_dags/example_branch_operator_decorator.py
[2024-11-01T14:43:57.081+0000] {processor.py:925} INFO - DAG(s) 'example_branch_python_operator_decorator' retrieved from /home/airflow/.local/lib/python3.12/site-packages/airflow/example_dags/example_branch_operator_decorator.py
[2024-11-01T14:43:57.115+0000] {logging_mixin.py:190} INFO - [2024-11-01T14:43:57.115+0000] {dag.py:3239} INFO - Sync 1 DAGs
[2024-11-01T14:43:57.149+0000] {logging_mixin.py:190} INFO - [2024-11-01T14:43:57.148+0000] {dag.py:4180} INFO - Setting next_dagrun for example_branch_python_operator_decorator to 2024-10-31 00:00:00+00:00, run_after=2024-11-01 00:00:00+00:00
[2024-11-01T14:43:57.165+0000] {processor.py:208} INFO - Processing /home/airflow/.local/lib/python3.12/site-packages/airflow/example_dags/example_branch_operator_decorator.py took 0.112 seconds
[2024-11-01T14:44:27.358+0000] {processor.py:186} INFO - Started process (PID=2765) to work on /home/airflow/.local/lib/python3.12/site-packages/airflow/example_dags/example_branch_operator_decorator.py
[2024-11-01T14:44:27.359+0000] {processor.py:914} INFO - Processing file /home/airflow/.local/lib/python3.12/site-packages/airflow/example_dags/example_branch_operator_decorator.py for tasks to queue
[2024-11-01T14:44:27.360+0000] {logging_mixin.py:190} INFO - [2024-11-01T14:44:27.360+0000] {dagbag.py:588} INFO - Filling up the DagBag from /home/airflow/.local/lib/python3.12/site-packages/airflow/example_dags/example_branch_operator_decorator.py
[2024-11-01T14:44:27.383+0000] {processor.py:925} INFO - DAG(s) 'example_branch_python_operator_decorator' retrieved from /home/airflow/.local/lib/python3.12/site-packages/airflow/example_dags/example_branch_operator_decorator.py
[2024-11-01T14:44:27.413+0000] {logging_mixin.py:190} INFO - [2024-11-01T14:44:27.412+0000] {dag.py:3239} INFO - Sync 1 DAGs
[2024-11-01T14:44:27.441+0000] {logging_mixin.py:190} INFO - [2024-11-01T14:44:27.440+0000] {dag.py:4180} INFO - Setting next_dagrun for example_branch_python_operator_decorator to 2024-10-31 00:00:00+00:00, run_after=2024-11-01 00:00:00+00:00
[2024-11-01T14:44:27.484+0000] {processor.py:208} INFO - Processing /home/airflow/.local/lib/python3.12/site-packages/airflow/example_dags/example_branch_operator_decorator.py took 0.133 seconds
[2024-11-01T14:44:57.899+0000] {processor.py:186} INFO - Started process (PID=2830) to work on /home/airflow/.local/lib/python3.12/site-packages/airflow/example_dags/example_branch_operator_decorator.py
[2024-11-01T14:44:57.900+0000] {processor.py:914} INFO - Processing file /home/airflow/.local/lib/python3.12/site-packages/airflow/example_dags/example_branch_operator_decorator.py for tasks to queue
[2024-11-01T14:44:57.901+0000] {logging_mixin.py:190} INFO - [2024-11-01T14:44:57.901+0000] {dagbag.py:588} INFO - Filling up the DagBag from /home/airflow/.local/lib/python3.12/site-packages/airflow/example_dags/example_branch_operator_decorator.py
[2024-11-01T14:44:57.938+0000] {processor.py:925} INFO - DAG(s) 'example_branch_python_operator_decorator' retrieved from /home/airflow/.local/lib/python3.12/site-packages/airflow/example_dags/example_branch_operator_decorator.py
[2024-11-01T14:44:57.983+0000] {logging_mixin.py:190} INFO - [2024-11-01T14:44:57.982+0000] {dag.py:3239} INFO - Sync 1 DAGs
[2024-11-01T14:44:58.048+0000] {logging_mixin.py:190} INFO - [2024-11-01T14:44:58.047+0000] {dag.py:4180} INFO - Setting next_dagrun for example_branch_python_operator_decorator to 2024-10-31 00:00:00+00:00, run_after=2024-11-01 00:00:00+00:00
[2024-11-01T14:44:58.090+0000] {processor.py:208} INFO - Processing /home/airflow/.local/lib/python3.12/site-packages/airflow/example_dags/example_branch_operator_decorator.py took 0.203 seconds
[2024-11-01T14:45:28.797+0000] {processor.py:186} INFO - Started process (PID=2895) to work on /home/airflow/.local/lib/python3.12/site-packages/airflow/example_dags/example_branch_operator_decorator.py
[2024-11-01T14:45:28.798+0000] {processor.py:914} INFO - Processing file /home/airflow/.local/lib/python3.12/site-packages/airflow/example_dags/example_branch_operator_decorator.py for tasks to queue
[2024-11-01T14:45:28.800+0000] {logging_mixin.py:190} INFO - [2024-11-01T14:45:28.799+0000] {dagbag.py:588} INFO - Filling up the DagBag from /home/airflow/.local/lib/python3.12/site-packages/airflow/example_dags/example_branch_operator_decorator.py
[2024-11-01T14:45:28.822+0000] {processor.py:925} INFO - DAG(s) 'example_branch_python_operator_decorator' retrieved from /home/airflow/.local/lib/python3.12/site-packages/airflow/example_dags/example_branch_operator_decorator.py
[2024-11-01T14:45:28.856+0000] {logging_mixin.py:190} INFO - [2024-11-01T14:45:28.856+0000] {dag.py:3239} INFO - Sync 1 DAGs
[2024-11-01T14:45:28.890+0000] {logging_mixin.py:190} INFO - [2024-11-01T14:45:28.890+0000] {dag.py:4180} INFO - Setting next_dagrun for example_branch_python_operator_decorator to 2024-10-31 00:00:00+00:00, run_after=2024-11-01 00:00:00+00:00
[2024-11-01T14:45:28.937+0000] {processor.py:208} INFO - Processing /home/airflow/.local/lib/python3.12/site-packages/airflow/example_dags/example_branch_operator_decorator.py took 0.146 seconds
[2024-11-01T14:45:59.149+0000] {processor.py:186} INFO - Started process (PID=2960) to work on /home/airflow/.local/lib/python3.12/site-packages/airflow/example_dags/example_branch_operator_decorator.py
[2024-11-01T14:45:59.150+0000] {processor.py:914} INFO - Processing file /home/airflow/.local/lib/python3.12/site-packages/airflow/example_dags/example_branch_operator_decorator.py for tasks to queue
[2024-11-01T14:45:59.151+0000] {logging_mixin.py:190} INFO - [2024-11-01T14:45:59.150+0000] {dagbag.py:588} INFO - Filling up the DagBag from /home/airflow/.local/lib/python3.12/site-packages/airflow/example_dags/example_branch_operator_decorator.py
[2024-11-01T14:45:59.176+0000] {processor.py:925} INFO - DAG(s) 'example_branch_python_operator_decorator' retrieved from /home/airflow/.local/lib/python3.12/site-packages/airflow/example_dags/example_branch_operator_decorator.py
[2024-11-01T14:45:59.205+0000] {logging_mixin.py:190} INFO - [2024-11-01T14:45:59.205+0000] {dag.py:3239} INFO - Sync 1 DAGs
[2024-11-01T14:45:59.227+0000] {logging_mixin.py:190} INFO - [2024-11-01T14:45:59.227+0000] {dag.py:4180} INFO - Setting next_dagrun for example_branch_python_operator_decorator to 2024-10-31 00:00:00+00:00, run_after=2024-11-01 00:00:00+00:00
[2024-11-01T14:45:59.247+0000] {processor.py:208} INFO - Processing /home/airflow/.local/lib/python3.12/site-packages/airflow/example_dags/example_branch_operator_decorator.py took 0.104 seconds
[2024-11-01T14:46:29.461+0000] {processor.py:186} INFO - Started process (PID=3025) to work on /home/airflow/.local/lib/python3.12/site-packages/airflow/example_dags/example_branch_operator_decorator.py
[2024-11-01T14:46:29.462+0000] {processor.py:914} INFO - Processing file /home/airflow/.local/lib/python3.12/site-packages/airflow/example_dags/example_branch_operator_decorator.py for tasks to queue
[2024-11-01T14:46:29.463+0000] {logging_mixin.py:190} INFO - [2024-11-01T14:46:29.462+0000] {dagbag.py:588} INFO - Filling up the DagBag from /home/airflow/.local/lib/python3.12/site-packages/airflow/example_dags/example_branch_operator_decorator.py
[2024-11-01T14:46:29.480+0000] {processor.py:925} INFO - DAG(s) 'example_branch_python_operator_decorator' retrieved from /home/airflow/.local/lib/python3.12/site-packages/airflow/example_dags/example_branch_operator_decorator.py
[2024-11-01T14:46:29.500+0000] {logging_mixin.py:190} INFO - [2024-11-01T14:46:29.500+0000] {dag.py:3239} INFO - Sync 1 DAGs
[2024-11-01T14:46:29.520+0000] {logging_mixin.py:190} INFO - [2024-11-01T14:46:29.520+0000] {dag.py:4180} INFO - Setting next_dagrun for example_branch_python_operator_decorator to 2024-10-31 00:00:00+00:00, run_after=2024-11-01 00:00:00+00:00
[2024-11-01T14:46:29.535+0000] {processor.py:208} INFO - Processing /home/airflow/.local/lib/python3.12/site-packages/airflow/example_dags/example_branch_operator_decorator.py took 0.079 seconds
[2024-11-01T14:46:59.685+0000] {processor.py:186} INFO - Started process (PID=3090) to work on /home/airflow/.local/lib/python3.12/site-packages/airflow/example_dags/example_branch_operator_decorator.py
[2024-11-01T14:46:59.686+0000] {processor.py:914} INFO - Processing file /home/airflow/.local/lib/python3.12/site-packages/airflow/example_dags/example_branch_operator_decorator.py for tasks to queue
[2024-11-01T14:46:59.687+0000] {logging_mixin.py:190} INFO - [2024-11-01T14:46:59.687+0000] {dagbag.py:588} INFO - Filling up the DagBag from /home/airflow/.local/lib/python3.12/site-packages/airflow/example_dags/example_branch_operator_decorator.py
[2024-11-01T14:46:59.701+0000] {processor.py:925} INFO - DAG(s) 'example_branch_python_operator_decorator' retrieved from /home/airflow/.local/lib/python3.12/site-packages/airflow/example_dags/example_branch_operator_decorator.py
[2024-11-01T14:46:59.723+0000] {logging_mixin.py:190} INFO - [2024-11-01T14:46:59.723+0000] {dag.py:3239} INFO - Sync 1 DAGs
[2024-11-01T14:46:59.751+0000] {logging_mixin.py:190} INFO - [2024-11-01T14:46:59.750+0000] {dag.py:4180} INFO - Setting next_dagrun for example_branch_python_operator_decorator to 2024-10-31 00:00:00+00:00, run_after=2024-11-01 00:00:00+00:00
[2024-11-01T14:46:59.775+0000] {processor.py:208} INFO - Processing /home/airflow/.local/lib/python3.12/site-packages/airflow/example_dags/example_branch_operator_decorator.py took 0.094 seconds
[2024-11-01T14:47:29.848+0000] {processor.py:186} INFO - Started process (PID=3155) to work on /home/airflow/.local/lib/python3.12/site-packages/airflow/example_dags/example_branch_operator_decorator.py
[2024-11-01T14:47:29.849+0000] {processor.py:914} INFO - Processing file /home/airflow/.local/lib/python3.12/site-packages/airflow/example_dags/example_branch_operator_decorator.py for tasks to queue
[2024-11-01T14:47:29.850+0000] {logging_mixin.py:190} INFO - [2024-11-01T14:47:29.850+0000] {dagbag.py:588} INFO - Filling up the DagBag from /home/airflow/.local/lib/python3.12/site-packages/airflow/example_dags/example_branch_operator_decorator.py
[2024-11-01T14:47:29.870+0000] {processor.py:925} INFO - DAG(s) 'example_branch_python_operator_decorator' retrieved from /home/airflow/.local/lib/python3.12/site-packages/airflow/example_dags/example_branch_operator_decorator.py
[2024-11-01T14:47:29.897+0000] {logging_mixin.py:190} INFO - [2024-11-01T14:47:29.897+0000] {dag.py:3239} INFO - Sync 1 DAGs
[2024-11-01T14:47:29.916+0000] {logging_mixin.py:190} INFO - [2024-11-01T14:47:29.916+0000] {dag.py:4180} INFO - Setting next_dagrun for example_branch_python_operator_decorator to 2024-10-31 00:00:00+00:00, run_after=2024-11-01 00:00:00+00:00
[2024-11-01T14:47:29.930+0000] {processor.py:208} INFO - Processing /home/airflow/.local/lib/python3.12/site-packages/airflow/example_dags/example_branch_operator_decorator.py took 0.087 seconds
[2024-11-01T14:48:00.114+0000] {processor.py:186} INFO - Started process (PID=3220) to work on /home/airflow/.local/lib/python3.12/site-packages/airflow/example_dags/example_branch_operator_decorator.py
[2024-11-01T14:48:00.115+0000] {processor.py:914} INFO - Processing file /home/airflow/.local/lib/python3.12/site-packages/airflow/example_dags/example_branch_operator_decorator.py for tasks to queue
[2024-11-01T14:48:00.116+0000] {logging_mixin.py:190} INFO - [2024-11-01T14:48:00.116+0000] {dagbag.py:588} INFO - Filling up the DagBag from /home/airflow/.local/lib/python3.12/site-packages/airflow/example_dags/example_branch_operator_decorator.py
[2024-11-01T14:48:00.132+0000] {processor.py:925} INFO - DAG(s) 'example_branch_python_operator_decorator' retrieved from /home/airflow/.local/lib/python3.12/site-packages/airflow/example_dags/example_branch_operator_decorator.py
[2024-11-01T14:48:00.152+0000] {logging_mixin.py:190} INFO - [2024-11-01T14:48:00.152+0000] {dag.py:3239} INFO - Sync 1 DAGs
[2024-11-01T14:48:00.171+0000] {logging_mixin.py:190} INFO - [2024-11-01T14:48:00.170+0000] {dag.py:4180} INFO - Setting next_dagrun for example_branch_python_operator_decorator to 2024-10-31 00:00:00+00:00, run_after=2024-11-01 00:00:00+00:00
[2024-11-01T14:48:00.190+0000] {processor.py:208} INFO - Processing /home/airflow/.local/lib/python3.12/site-packages/airflow/example_dags/example_branch_operator_decorator.py took 0.082 seconds
[2024-11-01T14:48:30.404+0000] {processor.py:186} INFO - Started process (PID=3284) to work on /home/airflow/.local/lib/python3.12/site-packages/airflow/example_dags/example_branch_operator_decorator.py
[2024-11-01T14:48:30.405+0000] {processor.py:914} INFO - Processing file /home/airflow/.local/lib/python3.12/site-packages/airflow/example_dags/example_branch_operator_decorator.py for tasks to queue
[2024-11-01T14:48:30.406+0000] {logging_mixin.py:190} INFO - [2024-11-01T14:48:30.406+0000] {dagbag.py:588} INFO - Filling up the DagBag from /home/airflow/.local/lib/python3.12/site-packages/airflow/example_dags/example_branch_operator_decorator.py
[2024-11-01T14:48:30.425+0000] {processor.py:925} INFO - DAG(s) 'example_branch_python_operator_decorator' retrieved from /home/airflow/.local/lib/python3.12/site-packages/airflow/example_dags/example_branch_operator_decorator.py
[2024-11-01T14:48:30.448+0000] {logging_mixin.py:190} INFO - [2024-11-01T14:48:30.448+0000] {dag.py:3239} INFO - Sync 1 DAGs
[2024-11-01T14:48:30.469+0000] {logging_mixin.py:190} INFO - [2024-11-01T14:48:30.469+0000] {dag.py:4180} INFO - Setting next_dagrun for example_branch_python_operator_decorator to 2024-10-31 00:00:00+00:00, run_after=2024-11-01 00:00:00+00:00
[2024-11-01T14:48:30.484+0000] {processor.py:208} INFO - Processing /home/airflow/.local/lib/python3.12/site-packages/airflow/example_dags/example_branch_operator_decorator.py took 0.086 seconds
[2024-11-01T14:49:00.778+0000] {processor.py:186} INFO - Started process (PID=3349) to work on /home/airflow/.local/lib/python3.12/site-packages/airflow/example_dags/example_branch_operator_decorator.py
[2024-11-01T14:49:00.779+0000] {processor.py:914} INFO - Processing file /home/airflow/.local/lib/python3.12/site-packages/airflow/example_dags/example_branch_operator_decorator.py for tasks to queue
[2024-11-01T14:49:00.780+0000] {logging_mixin.py:190} INFO - [2024-11-01T14:49:00.780+0000] {dagbag.py:588} INFO - Filling up the DagBag from /home/airflow/.local/lib/python3.12/site-packages/airflow/example_dags/example_branch_operator_decorator.py
[2024-11-01T14:49:00.797+0000] {processor.py:925} INFO - DAG(s) 'example_branch_python_operator_decorator' retrieved from /home/airflow/.local/lib/python3.12/site-packages/airflow/example_dags/example_branch_operator_decorator.py
[2024-11-01T14:49:00.817+0000] {logging_mixin.py:190} INFO - [2024-11-01T14:49:00.817+0000] {dag.py:3239} INFO - Sync 1 DAGs
[2024-11-01T14:49:00.835+0000] {logging_mixin.py:190} INFO - [2024-11-01T14:49:00.835+0000] {dag.py:4180} INFO - Setting next_dagrun for example_branch_python_operator_decorator to 2024-10-31 00:00:00+00:00, run_after=2024-11-01 00:00:00+00:00
[2024-11-01T14:49:00.850+0000] {processor.py:208} INFO - Processing /home/airflow/.local/lib/python3.12/site-packages/airflow/example_dags/example_branch_operator_decorator.py took 0.076 seconds
[2024-11-01T14:49:31.265+0000] {processor.py:186} INFO - Started process (PID=3414) to work on /home/airflow/.local/lib/python3.12/site-packages/airflow/example_dags/example_branch_operator_decorator.py
[2024-11-01T14:49:31.267+0000] {processor.py:914} INFO - Processing file /home/airflow/.local/lib/python3.12/site-packages/airflow/example_dags/example_branch_operator_decorator.py for tasks to queue
[2024-11-01T14:49:31.268+0000] {logging_mixin.py:190} INFO - [2024-11-01T14:49:31.267+0000] {dagbag.py:588} INFO - Filling up the DagBag from /home/airflow/.local/lib/python3.12/site-packages/airflow/example_dags/example_branch_operator_decorator.py
[2024-11-01T14:49:31.298+0000] {processor.py:925} INFO - DAG(s) 'example_branch_python_operator_decorator' retrieved from /home/airflow/.local/lib/python3.12/site-packages/airflow/example_dags/example_branch_operator_decorator.py
[2024-11-01T14:49:31.346+0000] {logging_mixin.py:190} INFO - [2024-11-01T14:49:31.346+0000] {dag.py:3239} INFO - Sync 1 DAGs
[2024-11-01T14:49:31.378+0000] {logging_mixin.py:190} INFO - [2024-11-01T14:49:31.377+0000] {dag.py:4180} INFO - Setting next_dagrun for example_branch_python_operator_decorator to 2024-10-31 00:00:00+00:00, run_after=2024-11-01 00:00:00+00:00
[2024-11-01T14:49:31.397+0000] {processor.py:208} INFO - Processing /home/airflow/.local/lib/python3.12/site-packages/airflow/example_dags/example_branch_operator_decorator.py took 0.138 seconds
[2024-11-01T14:50:01.813+0000] {processor.py:186} INFO - Started process (PID=3479) to work on /home/airflow/.local/lib/python3.12/site-packages/airflow/example_dags/example_branch_operator_decorator.py
[2024-11-01T14:50:01.814+0000] {processor.py:914} INFO - Processing file /home/airflow/.local/lib/python3.12/site-packages/airflow/example_dags/example_branch_operator_decorator.py for tasks to queue
[2024-11-01T14:50:01.815+0000] {logging_mixin.py:190} INFO - [2024-11-01T14:50:01.815+0000] {dagbag.py:588} INFO - Filling up the DagBag from /home/airflow/.local/lib/python3.12/site-packages/airflow/example_dags/example_branch_operator_decorator.py
[2024-11-01T14:50:01.833+0000] {processor.py:925} INFO - DAG(s) 'example_branch_python_operator_decorator' retrieved from /home/airflow/.local/lib/python3.12/site-packages/airflow/example_dags/example_branch_operator_decorator.py
[2024-11-01T14:50:01.861+0000] {logging_mixin.py:190} INFO - [2024-11-01T14:50:01.861+0000] {dag.py:3239} INFO - Sync 1 DAGs
[2024-11-01T14:50:01.885+0000] {logging_mixin.py:190} INFO - [2024-11-01T14:50:01.884+0000] {dag.py:4180} INFO - Setting next_dagrun for example_branch_python_operator_decorator to 2024-10-31 00:00:00+00:00, run_after=2024-11-01 00:00:00+00:00
[2024-11-01T14:50:01.902+0000] {processor.py:208} INFO - Processing /home/airflow/.local/lib/python3.12/site-packages/airflow/example_dags/example_branch_operator_decorator.py took 0.095 seconds
[2024-11-01T14:50:32.436+0000] {processor.py:186} INFO - Started process (PID=3544) to work on /home/airflow/.local/lib/python3.12/site-packages/airflow/example_dags/example_branch_operator_decorator.py
[2024-11-01T14:50:32.437+0000] {processor.py:914} INFO - Processing file /home/airflow/.local/lib/python3.12/site-packages/airflow/example_dags/example_branch_operator_decorator.py for tasks to queue
[2024-11-01T14:50:32.438+0000] {logging_mixin.py:190} INFO - [2024-11-01T14:50:32.437+0000] {dagbag.py:588} INFO - Filling up the DagBag from /home/airflow/.local/lib/python3.12/site-packages/airflow/example_dags/example_branch_operator_decorator.py
[2024-11-01T14:50:32.455+0000] {processor.py:925} INFO - DAG(s) 'example_branch_python_operator_decorator' retrieved from /home/airflow/.local/lib/python3.12/site-packages/airflow/example_dags/example_branch_operator_decorator.py
[2024-11-01T14:50:32.476+0000] {logging_mixin.py:190} INFO - [2024-11-01T14:50:32.476+0000] {dag.py:3239} INFO - Sync 1 DAGs
[2024-11-01T14:50:32.496+0000] {logging_mixin.py:190} INFO - [2024-11-01T14:50:32.495+0000] {dag.py:4180} INFO - Setting next_dagrun for example_branch_python_operator_decorator to 2024-10-31 00:00:00+00:00, run_after=2024-11-01 00:00:00+00:00
[2024-11-01T14:50:32.514+0000] {processor.py:208} INFO - Processing /home/airflow/.local/lib/python3.12/site-packages/airflow/example_dags/example_branch_operator_decorator.py took 0.082 seconds
[2024-11-01T14:51:03.392+0000] {processor.py:186} INFO - Started process (PID=3609) to work on /home/airflow/.local/lib/python3.12/site-packages/airflow/example_dags/example_branch_operator_decorator.py
[2024-11-01T14:51:03.393+0000] {processor.py:914} INFO - Processing file /home/airflow/.local/lib/python3.12/site-packages/airflow/example_dags/example_branch_operator_decorator.py for tasks to queue
[2024-11-01T14:51:03.394+0000] {logging_mixin.py:190} INFO - [2024-11-01T14:51:03.393+0000] {dagbag.py:588} INFO - Filling up the DagBag from /home/airflow/.local/lib/python3.12/site-packages/airflow/example_dags/example_branch_operator_decorator.py
[2024-11-01T14:51:03.409+0000] {processor.py:925} INFO - DAG(s) 'example_branch_python_operator_decorator' retrieved from /home/airflow/.local/lib/python3.12/site-packages/airflow/example_dags/example_branch_operator_decorator.py
[2024-11-01T14:51:03.431+0000] {logging_mixin.py:190} INFO - [2024-11-01T14:51:03.431+0000] {dag.py:3239} INFO - Sync 1 DAGs
[2024-11-01T14:51:03.449+0000] {logging_mixin.py:190} INFO - [2024-11-01T14:51:03.449+0000] {dag.py:4180} INFO - Setting next_dagrun for example_branch_python_operator_decorator to 2024-10-31 00:00:00+00:00, run_after=2024-11-01 00:00:00+00:00
[2024-11-01T14:51:03.464+0000] {processor.py:208} INFO - Processing /home/airflow/.local/lib/python3.12/site-packages/airflow/example_dags/example_branch_operator_decorator.py took 0.077 seconds
[2024-11-01T14:51:33.700+0000] {processor.py:186} INFO - Started process (PID=3674) to work on /home/airflow/.local/lib/python3.12/site-packages/airflow/example_dags/example_branch_operator_decorator.py
[2024-11-01T14:51:33.701+0000] {processor.py:914} INFO - Processing file /home/airflow/.local/lib/python3.12/site-packages/airflow/example_dags/example_branch_operator_decorator.py for tasks to queue
[2024-11-01T14:51:33.702+0000] {logging_mixin.py:190} INFO - [2024-11-01T14:51:33.702+0000] {dagbag.py:588} INFO - Filling up the DagBag from /home/airflow/.local/lib/python3.12/site-packages/airflow/example_dags/example_branch_operator_decorator.py
[2024-11-01T14:51:33.718+0000] {processor.py:925} INFO - DAG(s) 'example_branch_python_operator_decorator' retrieved from /home/airflow/.local/lib/python3.12/site-packages/airflow/example_dags/example_branch_operator_decorator.py
[2024-11-01T14:51:33.740+0000] {logging_mixin.py:190} INFO - [2024-11-01T14:51:33.739+0000] {dag.py:3239} INFO - Sync 1 DAGs
[2024-11-01T14:51:33.760+0000] {logging_mixin.py:190} INFO - [2024-11-01T14:51:33.760+0000] {dag.py:4180} INFO - Setting next_dagrun for example_branch_python_operator_decorator to 2024-10-31 00:00:00+00:00, run_after=2024-11-01 00:00:00+00:00
[2024-11-01T14:51:33.774+0000] {processor.py:208} INFO - Processing /home/airflow/.local/lib/python3.12/site-packages/airflow/example_dags/example_branch_operator_decorator.py took 0.079 seconds
[2024-11-01T14:52:04.174+0000] {processor.py:186} INFO - Started process (PID=3739) to work on /home/airflow/.local/lib/python3.12/site-packages/airflow/example_dags/example_branch_operator_decorator.py
[2024-11-01T14:52:04.175+0000] {processor.py:914} INFO - Processing file /home/airflow/.local/lib/python3.12/site-packages/airflow/example_dags/example_branch_operator_decorator.py for tasks to queue
[2024-11-01T14:52:04.176+0000] {logging_mixin.py:190} INFO - [2024-11-01T14:52:04.176+0000] {dagbag.py:588} INFO - Filling up the DagBag from /home/airflow/.local/lib/python3.12/site-packages/airflow/example_dags/example_branch_operator_decorator.py
[2024-11-01T14:52:04.193+0000] {processor.py:925} INFO - DAG(s) 'example_branch_python_operator_decorator' retrieved from /home/airflow/.local/lib/python3.12/site-packages/airflow/example_dags/example_branch_operator_decorator.py
[2024-11-01T14:52:04.215+0000] {logging_mixin.py:190} INFO - [2024-11-01T14:52:04.215+0000] {dag.py:3239} INFO - Sync 1 DAGs
[2024-11-01T14:52:04.237+0000] {logging_mixin.py:190} INFO - [2024-11-01T14:52:04.237+0000] {dag.py:4180} INFO - Setting next_dagrun for example_branch_python_operator_decorator to 2024-10-31 00:00:00+00:00, run_after=2024-11-01 00:00:00+00:00
[2024-11-01T14:52:04.252+0000] {processor.py:208} INFO - Processing /home/airflow/.local/lib/python3.12/site-packages/airflow/example_dags/example_branch_operator_decorator.py took 0.082 seconds
[2024-11-01T14:52:34.610+0000] {processor.py:186} INFO - Started process (PID=3804) to work on /home/airflow/.local/lib/python3.12/site-packages/airflow/example_dags/example_branch_operator_decorator.py
[2024-11-01T14:52:34.611+0000] {processor.py:914} INFO - Processing file /home/airflow/.local/lib/python3.12/site-packages/airflow/example_dags/example_branch_operator_decorator.py for tasks to queue
[2024-11-01T14:52:34.612+0000] {logging_mixin.py:190} INFO - [2024-11-01T14:52:34.612+0000] {dagbag.py:588} INFO - Filling up the DagBag from /home/airflow/.local/lib/python3.12/site-packages/airflow/example_dags/example_branch_operator_decorator.py
[2024-11-01T14:52:34.629+0000] {processor.py:925} INFO - DAG(s) 'example_branch_python_operator_decorator' retrieved from /home/airflow/.local/lib/python3.12/site-packages/airflow/example_dags/example_branch_operator_decorator.py
[2024-11-01T14:52:34.657+0000] {logging_mixin.py:190} INFO - [2024-11-01T14:52:34.657+0000] {dag.py:3239} INFO - Sync 1 DAGs
[2024-11-01T14:52:34.678+0000] {logging_mixin.py:190} INFO - [2024-11-01T14:52:34.678+0000] {dag.py:4180} INFO - Setting next_dagrun for example_branch_python_operator_decorator to 2024-10-31 00:00:00+00:00, run_after=2024-11-01 00:00:00+00:00
[2024-11-01T14:52:34.699+0000] {processor.py:208} INFO - Processing /home/airflow/.local/lib/python3.12/site-packages/airflow/example_dags/example_branch_operator_decorator.py took 0.093 seconds
[2024-11-01T14:53:05.502+0000] {processor.py:186} INFO - Started process (PID=3869) to work on /home/airflow/.local/lib/python3.12/site-packages/airflow/example_dags/example_branch_operator_decorator.py
[2024-11-01T14:53:05.503+0000] {processor.py:914} INFO - Processing file /home/airflow/.local/lib/python3.12/site-packages/airflow/example_dags/example_branch_operator_decorator.py for tasks to queue
[2024-11-01T14:53:05.504+0000] {logging_mixin.py:190} INFO - [2024-11-01T14:53:05.503+0000] {dagbag.py:588} INFO - Filling up the DagBag from /home/airflow/.local/lib/python3.12/site-packages/airflow/example_dags/example_branch_operator_decorator.py
[2024-11-01T14:53:05.522+0000] {processor.py:925} INFO - DAG(s) 'example_branch_python_operator_decorator' retrieved from /home/airflow/.local/lib/python3.12/site-packages/airflow/example_dags/example_branch_operator_decorator.py
[2024-11-01T14:53:05.553+0000] {logging_mixin.py:190} INFO - [2024-11-01T14:53:05.553+0000] {dag.py:3239} INFO - Sync 1 DAGs
[2024-11-01T14:53:05.586+0000] {logging_mixin.py:190} INFO - [2024-11-01T14:53:05.585+0000] {dag.py:4180} INFO - Setting next_dagrun for example_branch_python_operator_decorator to 2024-10-31 00:00:00+00:00, run_after=2024-11-01 00:00:00+00:00
[2024-11-01T14:53:05.617+0000] {processor.py:208} INFO - Processing /home/airflow/.local/lib/python3.12/site-packages/airflow/example_dags/example_branch_operator_decorator.py took 0.122 seconds
[2024-11-01T14:53:35.767+0000] {processor.py:186} INFO - Started process (PID=3934) to work on /home/airflow/.local/lib/python3.12/site-packages/airflow/example_dags/example_branch_operator_decorator.py
[2024-11-01T14:53:35.768+0000] {processor.py:914} INFO - Processing file /home/airflow/.local/lib/python3.12/site-packages/airflow/example_dags/example_branch_operator_decorator.py for tasks to queue
[2024-11-01T14:53:35.769+0000] {logging_mixin.py:190} INFO - [2024-11-01T14:53:35.769+0000] {dagbag.py:588} INFO - Filling up the DagBag from /home/airflow/.local/lib/python3.12/site-packages/airflow/example_dags/example_branch_operator_decorator.py
[2024-11-01T14:53:35.784+0000] {processor.py:925} INFO - DAG(s) 'example_branch_python_operator_decorator' retrieved from /home/airflow/.local/lib/python3.12/site-packages/airflow/example_dags/example_branch_operator_decorator.py
[2024-11-01T14:53:35.805+0000] {logging_mixin.py:190} INFO - [2024-11-01T14:53:35.805+0000] {dag.py:3239} INFO - Sync 1 DAGs
[2024-11-01T14:53:35.823+0000] {logging_mixin.py:190} INFO - [2024-11-01T14:53:35.823+0000] {dag.py:4180} INFO - Setting next_dagrun for example_branch_python_operator_decorator to 2024-10-31 00:00:00+00:00, run_after=2024-11-01 00:00:00+00:00
[2024-11-01T14:53:35.839+0000] {processor.py:208} INFO - Processing /home/airflow/.local/lib/python3.12/site-packages/airflow/example_dags/example_branch_operator_decorator.py took 0.075 seconds
[2024-11-01T14:54:06.068+0000] {processor.py:186} INFO - Started process (PID=3999) to work on /home/airflow/.local/lib/python3.12/site-packages/airflow/example_dags/example_branch_operator_decorator.py
[2024-11-01T14:54:06.069+0000] {processor.py:914} INFO - Processing file /home/airflow/.local/lib/python3.12/site-packages/airflow/example_dags/example_branch_operator_decorator.py for tasks to queue
[2024-11-01T14:54:06.070+0000] {logging_mixin.py:190} INFO - [2024-11-01T14:54:06.070+0000] {dagbag.py:588} INFO - Filling up the DagBag from /home/airflow/.local/lib/python3.12/site-packages/airflow/example_dags/example_branch_operator_decorator.py
[2024-11-01T14:54:06.084+0000] {processor.py:925} INFO - DAG(s) 'example_branch_python_operator_decorator' retrieved from /home/airflow/.local/lib/python3.12/site-packages/airflow/example_dags/example_branch_operator_decorator.py
[2024-11-01T14:54:06.103+0000] {logging_mixin.py:190} INFO - [2024-11-01T14:54:06.103+0000] {dag.py:3239} INFO - Sync 1 DAGs
[2024-11-01T14:54:06.122+0000] {logging_mixin.py:190} INFO - [2024-11-01T14:54:06.122+0000] {dag.py:4180} INFO - Setting next_dagrun for example_branch_python_operator_decorator to 2024-10-31 00:00:00+00:00, run_after=2024-11-01 00:00:00+00:00
[2024-11-01T14:54:06.136+0000] {processor.py:208} INFO - Processing /home/airflow/.local/lib/python3.12/site-packages/airflow/example_dags/example_branch_operator_decorator.py took 0.072 seconds
[2024-11-01T14:54:36.426+0000] {processor.py:186} INFO - Started process (PID=4065) to work on /home/airflow/.local/lib/python3.12/site-packages/airflow/example_dags/example_branch_operator_decorator.py
[2024-11-01T14:54:36.427+0000] {processor.py:914} INFO - Processing file /home/airflow/.local/lib/python3.12/site-packages/airflow/example_dags/example_branch_operator_decorator.py for tasks to queue
[2024-11-01T14:54:36.429+0000] {logging_mixin.py:190} INFO - [2024-11-01T14:54:36.428+0000] {dagbag.py:588} INFO - Filling up the DagBag from /home/airflow/.local/lib/python3.12/site-packages/airflow/example_dags/example_branch_operator_decorator.py
[2024-11-01T14:54:36.464+0000] {processor.py:925} INFO - DAG(s) 'example_branch_python_operator_decorator' retrieved from /home/airflow/.local/lib/python3.12/site-packages/airflow/example_dags/example_branch_operator_decorator.py
[2024-11-01T14:54:36.509+0000] {logging_mixin.py:190} INFO - [2024-11-01T14:54:36.508+0000] {dag.py:3239} INFO - Sync 1 DAGs
[2024-11-01T14:54:36.543+0000] {logging_mixin.py:190} INFO - [2024-11-01T14:54:36.542+0000] {dag.py:4180} INFO - Setting next_dagrun for example_branch_python_operator_decorator to 2024-10-31 00:00:00+00:00, run_after=2024-11-01 00:00:00+00:00
[2024-11-01T14:54:36.561+0000] {processor.py:208} INFO - Processing /home/airflow/.local/lib/python3.12/site-packages/airflow/example_dags/example_branch_operator_decorator.py took 0.140 seconds
[2024-11-01T14:55:07.468+0000] {processor.py:186} INFO - Started process (PID=4129) to work on /home/airflow/.local/lib/python3.12/site-packages/airflow/example_dags/example_branch_operator_decorator.py
[2024-11-01T14:55:07.469+0000] {processor.py:914} INFO - Processing file /home/airflow/.local/lib/python3.12/site-packages/airflow/example_dags/example_branch_operator_decorator.py for tasks to queue
[2024-11-01T14:55:07.470+0000] {logging_mixin.py:190} INFO - [2024-11-01T14:55:07.470+0000] {dagbag.py:588} INFO - Filling up the DagBag from /home/airflow/.local/lib/python3.12/site-packages/airflow/example_dags/example_branch_operator_decorator.py
[2024-11-01T14:55:07.484+0000] {processor.py:925} INFO - DAG(s) 'example_branch_python_operator_decorator' retrieved from /home/airflow/.local/lib/python3.12/site-packages/airflow/example_dags/example_branch_operator_decorator.py
[2024-11-01T14:55:07.502+0000] {logging_mixin.py:190} INFO - [2024-11-01T14:55:07.502+0000] {dag.py:3239} INFO - Sync 1 DAGs
[2024-11-01T14:55:07.520+0000] {logging_mixin.py:190} INFO - [2024-11-01T14:55:07.520+0000] {dag.py:4180} INFO - Setting next_dagrun for example_branch_python_operator_decorator to 2024-10-31 00:00:00+00:00, run_after=2024-11-01 00:00:00+00:00
[2024-11-01T14:55:07.536+0000] {processor.py:208} INFO - Processing /home/airflow/.local/lib/python3.12/site-packages/airflow/example_dags/example_branch_operator_decorator.py took 0.072 seconds
[2024-11-01T14:55:37.945+0000] {processor.py:186} INFO - Started process (PID=4194) to work on /home/airflow/.local/lib/python3.12/site-packages/airflow/example_dags/example_branch_operator_decorator.py
[2024-11-01T14:55:37.946+0000] {processor.py:914} INFO - Processing file /home/airflow/.local/lib/python3.12/site-packages/airflow/example_dags/example_branch_operator_decorator.py for tasks to queue
[2024-11-01T14:55:37.947+0000] {logging_mixin.py:190} INFO - [2024-11-01T14:55:37.947+0000] {dagbag.py:588} INFO - Filling up the DagBag from /home/airflow/.local/lib/python3.12/site-packages/airflow/example_dags/example_branch_operator_decorator.py
[2024-11-01T14:55:37.961+0000] {processor.py:925} INFO - DAG(s) 'example_branch_python_operator_decorator' retrieved from /home/airflow/.local/lib/python3.12/site-packages/airflow/example_dags/example_branch_operator_decorator.py
[2024-11-01T14:55:37.980+0000] {logging_mixin.py:190} INFO - [2024-11-01T14:55:37.979+0000] {dag.py:3239} INFO - Sync 1 DAGs
[2024-11-01T14:55:37.999+0000] {logging_mixin.py:190} INFO - [2024-11-01T14:55:37.998+0000] {dag.py:4180} INFO - Setting next_dagrun for example_branch_python_operator_decorator to 2024-10-31 00:00:00+00:00, run_after=2024-11-01 00:00:00+00:00
[2024-11-01T14:55:38.020+0000] {processor.py:208} INFO - Processing /home/airflow/.local/lib/python3.12/site-packages/airflow/example_dags/example_branch_operator_decorator.py took 0.079 seconds
[2024-11-01T14:58:10.684+0000] {processor.py:186} INFO - Started process (PID=86) to work on /home/airflow/.local/lib/python3.12/site-packages/airflow/example_dags/example_branch_operator_decorator.py
[2024-11-01T14:58:10.685+0000] {processor.py:914} INFO - Processing file /home/airflow/.local/lib/python3.12/site-packages/airflow/example_dags/example_branch_operator_decorator.py for tasks to queue
[2024-11-01T14:58:10.687+0000] {logging_mixin.py:190} INFO - [2024-11-01T14:58:10.686+0000] {dagbag.py:588} INFO - Filling up the DagBag from /home/airflow/.local/lib/python3.12/site-packages/airflow/example_dags/example_branch_operator_decorator.py
[2024-11-01T14:58:10.716+0000] {processor.py:925} INFO - DAG(s) 'example_branch_python_operator_decorator' retrieved from /home/airflow/.local/lib/python3.12/site-packages/airflow/example_dags/example_branch_operator_decorator.py
[2024-11-01T14:58:10.824+0000] {logging_mixin.py:190} INFO - [2024-11-01T14:58:10.824+0000] {dag.py:3239} INFO - Sync 1 DAGs
[2024-11-01T14:58:10.845+0000] {logging_mixin.py:190} INFO - [2024-11-01T14:58:10.845+0000] {dag.py:4180} INFO - Setting next_dagrun for example_branch_python_operator_decorator to 2024-10-31 00:00:00+00:00, run_after=2024-11-01 00:00:00+00:00
[2024-11-01T14:58:10.867+0000] {processor.py:208} INFO - Processing /home/airflow/.local/lib/python3.12/site-packages/airflow/example_dags/example_branch_operator_decorator.py took 0.188 seconds
[2024-11-01T14:58:41.996+0000] {processor.py:186} INFO - Started process (PID=151) to work on /home/airflow/.local/lib/python3.12/site-packages/airflow/example_dags/example_branch_operator_decorator.py
[2024-11-01T14:58:41.997+0000] {processor.py:914} INFO - Processing file /home/airflow/.local/lib/python3.12/site-packages/airflow/example_dags/example_branch_operator_decorator.py for tasks to queue
[2024-11-01T14:58:41.998+0000] {logging_mixin.py:190} INFO - [2024-11-01T14:58:41.998+0000] {dagbag.py:588} INFO - Filling up the DagBag from /home/airflow/.local/lib/python3.12/site-packages/airflow/example_dags/example_branch_operator_decorator.py
[2024-11-01T14:58:42.018+0000] {processor.py:925} INFO - DAG(s) 'example_branch_python_operator_decorator' retrieved from /home/airflow/.local/lib/python3.12/site-packages/airflow/example_dags/example_branch_operator_decorator.py
[2024-11-01T14:58:42.046+0000] {logging_mixin.py:190} INFO - [2024-11-01T14:58:42.046+0000] {dag.py:3239} INFO - Sync 1 DAGs
[2024-11-01T14:58:42.076+0000] {logging_mixin.py:190} INFO - [2024-11-01T14:58:42.076+0000] {dag.py:4180} INFO - Setting next_dagrun for example_branch_python_operator_decorator to 2024-10-31 00:00:00+00:00, run_after=2024-11-01 00:00:00+00:00
[2024-11-01T14:58:42.100+0000] {processor.py:208} INFO - Processing /home/airflow/.local/lib/python3.12/site-packages/airflow/example_dags/example_branch_operator_decorator.py took 0.108 seconds
[2024-11-01T14:59:12.533+0000] {processor.py:186} INFO - Started process (PID=215) to work on /home/airflow/.local/lib/python3.12/site-packages/airflow/example_dags/example_branch_operator_decorator.py
[2024-11-01T14:59:12.534+0000] {processor.py:914} INFO - Processing file /home/airflow/.local/lib/python3.12/site-packages/airflow/example_dags/example_branch_operator_decorator.py for tasks to queue
[2024-11-01T14:59:12.535+0000] {logging_mixin.py:190} INFO - [2024-11-01T14:59:12.535+0000] {dagbag.py:588} INFO - Filling up the DagBag from /home/airflow/.local/lib/python3.12/site-packages/airflow/example_dags/example_branch_operator_decorator.py
[2024-11-01T14:59:12.550+0000] {processor.py:925} INFO - DAG(s) 'example_branch_python_operator_decorator' retrieved from /home/airflow/.local/lib/python3.12/site-packages/airflow/example_dags/example_branch_operator_decorator.py
[2024-11-01T14:59:12.570+0000] {logging_mixin.py:190} INFO - [2024-11-01T14:59:12.570+0000] {dag.py:3239} INFO - Sync 1 DAGs
[2024-11-01T14:59:12.586+0000] {logging_mixin.py:190} INFO - [2024-11-01T14:59:12.586+0000] {dag.py:4180} INFO - Setting next_dagrun for example_branch_python_operator_decorator to 2024-10-31 00:00:00+00:00, run_after=2024-11-01 00:00:00+00:00
[2024-11-01T14:59:12.600+0000] {processor.py:208} INFO - Processing /home/airflow/.local/lib/python3.12/site-packages/airflow/example_dags/example_branch_operator_decorator.py took 0.071 seconds
[2024-11-01T14:59:43.482+0000] {processor.py:186} INFO - Started process (PID=280) to work on /home/airflow/.local/lib/python3.12/site-packages/airflow/example_dags/example_branch_operator_decorator.py
[2024-11-01T14:59:43.483+0000] {processor.py:914} INFO - Processing file /home/airflow/.local/lib/python3.12/site-packages/airflow/example_dags/example_branch_operator_decorator.py for tasks to queue
[2024-11-01T14:59:43.485+0000] {logging_mixin.py:190} INFO - [2024-11-01T14:59:43.484+0000] {dagbag.py:588} INFO - Filling up the DagBag from /home/airflow/.local/lib/python3.12/site-packages/airflow/example_dags/example_branch_operator_decorator.py
[2024-11-01T14:59:43.499+0000] {processor.py:925} INFO - DAG(s) 'example_branch_python_operator_decorator' retrieved from /home/airflow/.local/lib/python3.12/site-packages/airflow/example_dags/example_branch_operator_decorator.py
[2024-11-01T14:59:43.518+0000] {logging_mixin.py:190} INFO - [2024-11-01T14:59:43.518+0000] {dag.py:3239} INFO - Sync 1 DAGs
[2024-11-01T14:59:43.538+0000] {logging_mixin.py:190} INFO - [2024-11-01T14:59:43.538+0000] {dag.py:4180} INFO - Setting next_dagrun for example_branch_python_operator_decorator to 2024-10-31 00:00:00+00:00, run_after=2024-11-01 00:00:00+00:00
[2024-11-01T14:59:43.553+0000] {processor.py:208} INFO - Processing /home/airflow/.local/lib/python3.12/site-packages/airflow/example_dags/example_branch_operator_decorator.py took 0.075 seconds
[2024-11-01T15:00:14.134+0000] {processor.py:186} INFO - Started process (PID=345) to work on /home/airflow/.local/lib/python3.12/site-packages/airflow/example_dags/example_branch_operator_decorator.py
[2024-11-01T15:00:14.135+0000] {processor.py:914} INFO - Processing file /home/airflow/.local/lib/python3.12/site-packages/airflow/example_dags/example_branch_operator_decorator.py for tasks to queue
[2024-11-01T15:00:14.136+0000] {logging_mixin.py:190} INFO - [2024-11-01T15:00:14.136+0000] {dagbag.py:588} INFO - Filling up the DagBag from /home/airflow/.local/lib/python3.12/site-packages/airflow/example_dags/example_branch_operator_decorator.py
[2024-11-01T15:00:14.152+0000] {processor.py:925} INFO - DAG(s) 'example_branch_python_operator_decorator' retrieved from /home/airflow/.local/lib/python3.12/site-packages/airflow/example_dags/example_branch_operator_decorator.py
[2024-11-01T15:00:14.171+0000] {logging_mixin.py:190} INFO - [2024-11-01T15:00:14.171+0000] {dag.py:3239} INFO - Sync 1 DAGs
[2024-11-01T15:00:14.190+0000] {logging_mixin.py:190} INFO - [2024-11-01T15:00:14.189+0000] {dag.py:4180} INFO - Setting next_dagrun for example_branch_python_operator_decorator to 2024-10-31 00:00:00+00:00, run_after=2024-11-01 00:00:00+00:00
[2024-11-01T15:00:14.203+0000] {processor.py:208} INFO - Processing /home/airflow/.local/lib/python3.12/site-packages/airflow/example_dags/example_branch_operator_decorator.py took 0.073 seconds
[2024-11-01T15:00:44.759+0000] {processor.py:186} INFO - Started process (PID=410) to work on /home/airflow/.local/lib/python3.12/site-packages/airflow/example_dags/example_branch_operator_decorator.py
[2024-11-01T15:00:44.760+0000] {processor.py:914} INFO - Processing file /home/airflow/.local/lib/python3.12/site-packages/airflow/example_dags/example_branch_operator_decorator.py for tasks to queue
[2024-11-01T15:00:44.761+0000] {logging_mixin.py:190} INFO - [2024-11-01T15:00:44.761+0000] {dagbag.py:588} INFO - Filling up the DagBag from /home/airflow/.local/lib/python3.12/site-packages/airflow/example_dags/example_branch_operator_decorator.py
[2024-11-01T15:00:44.776+0000] {processor.py:925} INFO - DAG(s) 'example_branch_python_operator_decorator' retrieved from /home/airflow/.local/lib/python3.12/site-packages/airflow/example_dags/example_branch_operator_decorator.py
[2024-11-01T15:00:44.795+0000] {logging_mixin.py:190} INFO - [2024-11-01T15:00:44.795+0000] {dag.py:3239} INFO - Sync 1 DAGs
[2024-11-01T15:00:44.812+0000] {logging_mixin.py:190} INFO - [2024-11-01T15:00:44.812+0000] {dag.py:4180} INFO - Setting next_dagrun for example_branch_python_operator_decorator to 2024-10-31 00:00:00+00:00, run_after=2024-11-01 00:00:00+00:00
[2024-11-01T15:00:44.826+0000] {processor.py:208} INFO - Processing /home/airflow/.local/lib/python3.12/site-packages/airflow/example_dags/example_branch_operator_decorator.py took 0.071 seconds
[2024-11-01T15:01:55.051+0000] {processor.py:186} INFO - Started process (PID=81) to work on /home/airflow/.local/lib/python3.12/site-packages/airflow/example_dags/example_branch_operator_decorator.py
[2024-11-01T15:01:55.052+0000] {processor.py:914} INFO - Processing file /home/airflow/.local/lib/python3.12/site-packages/airflow/example_dags/example_branch_operator_decorator.py for tasks to queue
[2024-11-01T15:01:55.054+0000] {logging_mixin.py:190} INFO - [2024-11-01T15:01:55.053+0000] {dagbag.py:588} INFO - Filling up the DagBag from /home/airflow/.local/lib/python3.12/site-packages/airflow/example_dags/example_branch_operator_decorator.py
[2024-11-01T15:01:55.080+0000] {processor.py:925} INFO - DAG(s) 'example_branch_python_operator_decorator' retrieved from /home/airflow/.local/lib/python3.12/site-packages/airflow/example_dags/example_branch_operator_decorator.py
[2024-11-01T15:01:55.192+0000] {logging_mixin.py:190} INFO - [2024-11-01T15:01:55.192+0000] {dag.py:3239} INFO - Sync 1 DAGs
[2024-11-01T15:01:55.214+0000] {logging_mixin.py:190} INFO - [2024-11-01T15:01:55.214+0000] {dag.py:4180} INFO - Setting next_dagrun for example_branch_python_operator_decorator to 2024-10-31 00:00:00+00:00, run_after=2024-11-01 00:00:00+00:00
[2024-11-01T15:01:55.233+0000] {processor.py:208} INFO - Processing /home/airflow/.local/lib/python3.12/site-packages/airflow/example_dags/example_branch_operator_decorator.py took 0.187 seconds
[2024-11-01T15:02:27.146+0000] {processor.py:186} INFO - Started process (PID=145) to work on /home/airflow/.local/lib/python3.12/site-packages/airflow/example_dags/example_branch_operator_decorator.py
[2024-11-01T15:02:27.146+0000] {processor.py:914} INFO - Processing file /home/airflow/.local/lib/python3.12/site-packages/airflow/example_dags/example_branch_operator_decorator.py for tasks to queue
[2024-11-01T15:02:27.148+0000] {logging_mixin.py:190} INFO - [2024-11-01T15:02:27.148+0000] {dagbag.py:588} INFO - Filling up the DagBag from /home/airflow/.local/lib/python3.12/site-packages/airflow/example_dags/example_branch_operator_decorator.py
[2024-11-01T15:02:27.167+0000] {processor.py:925} INFO - DAG(s) 'example_branch_python_operator_decorator' retrieved from /home/airflow/.local/lib/python3.12/site-packages/airflow/example_dags/example_branch_operator_decorator.py
[2024-11-01T15:02:27.191+0000] {logging_mixin.py:190} INFO - [2024-11-01T15:02:27.190+0000] {dag.py:3239} INFO - Sync 1 DAGs
[2024-11-01T15:02:27.213+0000] {logging_mixin.py:190} INFO - [2024-11-01T15:02:27.213+0000] {dag.py:4180} INFO - Setting next_dagrun for example_branch_python_operator_decorator to 2024-10-31 00:00:00+00:00, run_after=2024-11-01 00:00:00+00:00
[2024-11-01T15:02:27.233+0000] {processor.py:208} INFO - Processing /home/airflow/.local/lib/python3.12/site-packages/airflow/example_dags/example_branch_operator_decorator.py took 0.092 seconds
[2024-11-01T15:02:58.032+0000] {processor.py:186} INFO - Started process (PID=216) to work on /home/airflow/.local/lib/python3.12/site-packages/airflow/example_dags/example_branch_operator_decorator.py
[2024-11-01T15:02:58.032+0000] {processor.py:914} INFO - Processing file /home/airflow/.local/lib/python3.12/site-packages/airflow/example_dags/example_branch_operator_decorator.py for tasks to queue
[2024-11-01T15:02:58.034+0000] {logging_mixin.py:190} INFO - [2024-11-01T15:02:58.033+0000] {dagbag.py:588} INFO - Filling up the DagBag from /home/airflow/.local/lib/python3.12/site-packages/airflow/example_dags/example_branch_operator_decorator.py
[2024-11-01T15:02:58.048+0000] {processor.py:925} INFO - DAG(s) 'example_branch_python_operator_decorator' retrieved from /home/airflow/.local/lib/python3.12/site-packages/airflow/example_dags/example_branch_operator_decorator.py
[2024-11-01T15:02:58.066+0000] {logging_mixin.py:190} INFO - [2024-11-01T15:02:58.065+0000] {dag.py:3239} INFO - Sync 1 DAGs
[2024-11-01T15:02:58.080+0000] {logging_mixin.py:190} INFO - [2024-11-01T15:02:58.080+0000] {dag.py:4180} INFO - Setting next_dagrun for example_branch_python_operator_decorator to 2024-10-31 00:00:00+00:00, run_after=2024-11-01 00:00:00+00:00
[2024-11-01T15:02:58.093+0000] {processor.py:208} INFO - Processing /home/airflow/.local/lib/python3.12/site-packages/airflow/example_dags/example_branch_operator_decorator.py took 0.065 seconds
[2024-11-01T15:03:28.863+0000] {processor.py:186} INFO - Started process (PID=280) to work on /home/airflow/.local/lib/python3.12/site-packages/airflow/example_dags/example_branch_operator_decorator.py
[2024-11-01T15:03:28.863+0000] {processor.py:914} INFO - Processing file /home/airflow/.local/lib/python3.12/site-packages/airflow/example_dags/example_branch_operator_decorator.py for tasks to queue
[2024-11-01T15:03:28.865+0000] {logging_mixin.py:190} INFO - [2024-11-01T15:03:28.865+0000] {dagbag.py:588} INFO - Filling up the DagBag from /home/airflow/.local/lib/python3.12/site-packages/airflow/example_dags/example_branch_operator_decorator.py
[2024-11-01T15:03:28.883+0000] {processor.py:925} INFO - DAG(s) 'example_branch_python_operator_decorator' retrieved from /home/airflow/.local/lib/python3.12/site-packages/airflow/example_dags/example_branch_operator_decorator.py
[2024-11-01T15:03:28.906+0000] {logging_mixin.py:190} INFO - [2024-11-01T15:03:28.906+0000] {dag.py:3239} INFO - Sync 1 DAGs
[2024-11-01T15:03:28.934+0000] {logging_mixin.py:190} INFO - [2024-11-01T15:03:28.934+0000] {dag.py:4180} INFO - Setting next_dagrun for example_branch_python_operator_decorator to 2024-10-31 00:00:00+00:00, run_after=2024-11-01 00:00:00+00:00
[2024-11-01T15:03:28.953+0000] {processor.py:208} INFO - Processing /home/airflow/.local/lib/python3.12/site-packages/airflow/example_dags/example_branch_operator_decorator.py took 0.095 seconds
[2024-11-01T15:03:59.738+0000] {processor.py:186} INFO - Started process (PID=345) to work on /home/airflow/.local/lib/python3.12/site-packages/airflow/example_dags/example_branch_operator_decorator.py
[2024-11-01T15:03:59.739+0000] {processor.py:914} INFO - Processing file /home/airflow/.local/lib/python3.12/site-packages/airflow/example_dags/example_branch_operator_decorator.py for tasks to queue
[2024-11-01T15:03:59.741+0000] {logging_mixin.py:190} INFO - [2024-11-01T15:03:59.741+0000] {dagbag.py:588} INFO - Filling up the DagBag from /home/airflow/.local/lib/python3.12/site-packages/airflow/example_dags/example_branch_operator_decorator.py
[2024-11-01T15:03:59.759+0000] {processor.py:925} INFO - DAG(s) 'example_branch_python_operator_decorator' retrieved from /home/airflow/.local/lib/python3.12/site-packages/airflow/example_dags/example_branch_operator_decorator.py
[2024-11-01T15:03:59.786+0000] {logging_mixin.py:190} INFO - [2024-11-01T15:03:59.786+0000] {dag.py:3239} INFO - Sync 1 DAGs
[2024-11-01T15:03:59.810+0000] {logging_mixin.py:190} INFO - [2024-11-01T15:03:59.810+0000] {dag.py:4180} INFO - Setting next_dagrun for example_branch_python_operator_decorator to 2024-10-31 00:00:00+00:00, run_after=2024-11-01 00:00:00+00:00
[2024-11-01T15:03:59.828+0000] {processor.py:208} INFO - Processing /home/airflow/.local/lib/python3.12/site-packages/airflow/example_dags/example_branch_operator_decorator.py took 0.096 seconds
[2024-11-01T15:04:29.858+0000] {processor.py:186} INFO - Started process (PID=410) to work on /home/airflow/.local/lib/python3.12/site-packages/airflow/example_dags/example_branch_operator_decorator.py
[2024-11-01T15:04:29.859+0000] {processor.py:914} INFO - Processing file /home/airflow/.local/lib/python3.12/site-packages/airflow/example_dags/example_branch_operator_decorator.py for tasks to queue
[2024-11-01T15:04:29.860+0000] {logging_mixin.py:190} INFO - [2024-11-01T15:04:29.860+0000] {dagbag.py:588} INFO - Filling up the DagBag from /home/airflow/.local/lib/python3.12/site-packages/airflow/example_dags/example_branch_operator_decorator.py
[2024-11-01T15:04:29.876+0000] {processor.py:925} INFO - DAG(s) 'example_branch_python_operator_decorator' retrieved from /home/airflow/.local/lib/python3.12/site-packages/airflow/example_dags/example_branch_operator_decorator.py
[2024-11-01T15:04:29.899+0000] {logging_mixin.py:190} INFO - [2024-11-01T15:04:29.899+0000] {dag.py:3239} INFO - Sync 1 DAGs
[2024-11-01T15:04:29.918+0000] {logging_mixin.py:190} INFO - [2024-11-01T15:04:29.918+0000] {dag.py:4180} INFO - Setting next_dagrun for example_branch_python_operator_decorator to 2024-10-31 00:00:00+00:00, run_after=2024-11-01 00:00:00+00:00
[2024-11-01T15:04:29.935+0000] {processor.py:208} INFO - Processing /home/airflow/.local/lib/python3.12/site-packages/airflow/example_dags/example_branch_operator_decorator.py took 0.081 seconds
[2024-11-01T15:05:00.374+0000] {processor.py:186} INFO - Started process (PID=475) to work on /home/airflow/.local/lib/python3.12/site-packages/airflow/example_dags/example_branch_operator_decorator.py
[2024-11-01T15:05:00.375+0000] {processor.py:914} INFO - Processing file /home/airflow/.local/lib/python3.12/site-packages/airflow/example_dags/example_branch_operator_decorator.py for tasks to queue
[2024-11-01T15:05:00.377+0000] {logging_mixin.py:190} INFO - [2024-11-01T15:05:00.376+0000] {dagbag.py:588} INFO - Filling up the DagBag from /home/airflow/.local/lib/python3.12/site-packages/airflow/example_dags/example_branch_operator_decorator.py
[2024-11-01T15:05:00.390+0000] {processor.py:925} INFO - DAG(s) 'example_branch_python_operator_decorator' retrieved from /home/airflow/.local/lib/python3.12/site-packages/airflow/example_dags/example_branch_operator_decorator.py
[2024-11-01T15:05:00.410+0000] {logging_mixin.py:190} INFO - [2024-11-01T15:05:00.410+0000] {dag.py:3239} INFO - Sync 1 DAGs
[2024-11-01T15:05:00.427+0000] {logging_mixin.py:190} INFO - [2024-11-01T15:05:00.427+0000] {dag.py:4180} INFO - Setting next_dagrun for example_branch_python_operator_decorator to 2024-10-31 00:00:00+00:00, run_after=2024-11-01 00:00:00+00:00
[2024-11-01T15:05:00.442+0000] {processor.py:208} INFO - Processing /home/airflow/.local/lib/python3.12/site-packages/airflow/example_dags/example_branch_operator_decorator.py took 0.071 seconds
[2024-11-01T15:05:30.578+0000] {processor.py:186} INFO - Started process (PID=540) to work on /home/airflow/.local/lib/python3.12/site-packages/airflow/example_dags/example_branch_operator_decorator.py
[2024-11-01T15:05:30.578+0000] {processor.py:914} INFO - Processing file /home/airflow/.local/lib/python3.12/site-packages/airflow/example_dags/example_branch_operator_decorator.py for tasks to queue
[2024-11-01T15:05:30.580+0000] {logging_mixin.py:190} INFO - [2024-11-01T15:05:30.580+0000] {dagbag.py:588} INFO - Filling up the DagBag from /home/airflow/.local/lib/python3.12/site-packages/airflow/example_dags/example_branch_operator_decorator.py
[2024-11-01T15:05:30.594+0000] {processor.py:925} INFO - DAG(s) 'example_branch_python_operator_decorator' retrieved from /home/airflow/.local/lib/python3.12/site-packages/airflow/example_dags/example_branch_operator_decorator.py
[2024-11-01T15:05:30.613+0000] {logging_mixin.py:190} INFO - [2024-11-01T15:05:30.613+0000] {dag.py:3239} INFO - Sync 1 DAGs
[2024-11-01T15:05:30.630+0000] {logging_mixin.py:190} INFO - [2024-11-01T15:05:30.630+0000] {dag.py:4180} INFO - Setting next_dagrun for example_branch_python_operator_decorator to 2024-10-31 00:00:00+00:00, run_after=2024-11-01 00:00:00+00:00
[2024-11-01T15:05:30.645+0000] {processor.py:208} INFO - Processing /home/airflow/.local/lib/python3.12/site-packages/airflow/example_dags/example_branch_operator_decorator.py took 0.071 seconds
[2024-11-01T15:06:00.826+0000] {processor.py:186} INFO - Started process (PID=605) to work on /home/airflow/.local/lib/python3.12/site-packages/airflow/example_dags/example_branch_operator_decorator.py
[2024-11-01T15:06:00.827+0000] {processor.py:914} INFO - Processing file /home/airflow/.local/lib/python3.12/site-packages/airflow/example_dags/example_branch_operator_decorator.py for tasks to queue
[2024-11-01T15:06:00.828+0000] {logging_mixin.py:190} INFO - [2024-11-01T15:06:00.828+0000] {dagbag.py:588} INFO - Filling up the DagBag from /home/airflow/.local/lib/python3.12/site-packages/airflow/example_dags/example_branch_operator_decorator.py
[2024-11-01T15:06:00.844+0000] {processor.py:925} INFO - DAG(s) 'example_branch_python_operator_decorator' retrieved from /home/airflow/.local/lib/python3.12/site-packages/airflow/example_dags/example_branch_operator_decorator.py
[2024-11-01T15:06:00.863+0000] {logging_mixin.py:190} INFO - [2024-11-01T15:06:00.863+0000] {dag.py:3239} INFO - Sync 1 DAGs
[2024-11-01T15:06:00.880+0000] {logging_mixin.py:190} INFO - [2024-11-01T15:06:00.880+0000] {dag.py:4180} INFO - Setting next_dagrun for example_branch_python_operator_decorator to 2024-10-31 00:00:00+00:00, run_after=2024-11-01 00:00:00+00:00
[2024-11-01T15:06:00.895+0000] {processor.py:208} INFO - Processing /home/airflow/.local/lib/python3.12/site-packages/airflow/example_dags/example_branch_operator_decorator.py took 0.073 seconds
[2024-11-01T15:06:31.439+0000] {processor.py:186} INFO - Started process (PID=670) to work on /home/airflow/.local/lib/python3.12/site-packages/airflow/example_dags/example_branch_operator_decorator.py
[2024-11-01T15:06:31.440+0000] {processor.py:914} INFO - Processing file /home/airflow/.local/lib/python3.12/site-packages/airflow/example_dags/example_branch_operator_decorator.py for tasks to queue
[2024-11-01T15:06:31.441+0000] {logging_mixin.py:190} INFO - [2024-11-01T15:06:31.441+0000] {dagbag.py:588} INFO - Filling up the DagBag from /home/airflow/.local/lib/python3.12/site-packages/airflow/example_dags/example_branch_operator_decorator.py
[2024-11-01T15:06:31.455+0000] {processor.py:925} INFO - DAG(s) 'example_branch_python_operator_decorator' retrieved from /home/airflow/.local/lib/python3.12/site-packages/airflow/example_dags/example_branch_operator_decorator.py
[2024-11-01T15:06:31.475+0000] {logging_mixin.py:190} INFO - [2024-11-01T15:06:31.474+0000] {dag.py:3239} INFO - Sync 1 DAGs
[2024-11-01T15:06:31.493+0000] {logging_mixin.py:190} INFO - [2024-11-01T15:06:31.492+0000] {dag.py:4180} INFO - Setting next_dagrun for example_branch_python_operator_decorator to 2024-10-31 00:00:00+00:00, run_after=2024-11-01 00:00:00+00:00
[2024-11-01T15:06:31.506+0000] {processor.py:208} INFO - Processing /home/airflow/.local/lib/python3.12/site-packages/airflow/example_dags/example_branch_operator_decorator.py took 0.071 seconds
[2024-11-01T15:07:01.742+0000] {processor.py:186} INFO - Started process (PID=735) to work on /home/airflow/.local/lib/python3.12/site-packages/airflow/example_dags/example_branch_operator_decorator.py
[2024-11-01T15:07:01.743+0000] {processor.py:914} INFO - Processing file /home/airflow/.local/lib/python3.12/site-packages/airflow/example_dags/example_branch_operator_decorator.py for tasks to queue
[2024-11-01T15:07:01.744+0000] {logging_mixin.py:190} INFO - [2024-11-01T15:07:01.744+0000] {dagbag.py:588} INFO - Filling up the DagBag from /home/airflow/.local/lib/python3.12/site-packages/airflow/example_dags/example_branch_operator_decorator.py
[2024-11-01T15:07:01.760+0000] {processor.py:925} INFO - DAG(s) 'example_branch_python_operator_decorator' retrieved from /home/airflow/.local/lib/python3.12/site-packages/airflow/example_dags/example_branch_operator_decorator.py
[2024-11-01T15:07:01.778+0000] {logging_mixin.py:190} INFO - [2024-11-01T15:07:01.778+0000] {dag.py:3239} INFO - Sync 1 DAGs
[2024-11-01T15:07:01.802+0000] {logging_mixin.py:190} INFO - [2024-11-01T15:07:01.802+0000] {dag.py:4180} INFO - Setting next_dagrun for example_branch_python_operator_decorator to 2024-10-31 00:00:00+00:00, run_after=2024-11-01 00:00:00+00:00
[2024-11-01T15:07:01.819+0000] {processor.py:208} INFO - Processing /home/airflow/.local/lib/python3.12/site-packages/airflow/example_dags/example_branch_operator_decorator.py took 0.081 seconds
[2024-11-01T15:07:32.522+0000] {processor.py:186} INFO - Started process (PID=800) to work on /home/airflow/.local/lib/python3.12/site-packages/airflow/example_dags/example_branch_operator_decorator.py
[2024-11-01T15:07:32.523+0000] {processor.py:914} INFO - Processing file /home/airflow/.local/lib/python3.12/site-packages/airflow/example_dags/example_branch_operator_decorator.py for tasks to queue
[2024-11-01T15:07:32.524+0000] {logging_mixin.py:190} INFO - [2024-11-01T15:07:32.524+0000] {dagbag.py:588} INFO - Filling up the DagBag from /home/airflow/.local/lib/python3.12/site-packages/airflow/example_dags/example_branch_operator_decorator.py
[2024-11-01T15:07:32.539+0000] {processor.py:925} INFO - DAG(s) 'example_branch_python_operator_decorator' retrieved from /home/airflow/.local/lib/python3.12/site-packages/airflow/example_dags/example_branch_operator_decorator.py
[2024-11-01T15:07:32.560+0000] {logging_mixin.py:190} INFO - [2024-11-01T15:07:32.560+0000] {dag.py:3239} INFO - Sync 1 DAGs
[2024-11-01T15:07:32.578+0000] {logging_mixin.py:190} INFO - [2024-11-01T15:07:32.578+0000] {dag.py:4180} INFO - Setting next_dagrun for example_branch_python_operator_decorator to 2024-10-31 00:00:00+00:00, run_after=2024-11-01 00:00:00+00:00
[2024-11-01T15:07:32.593+0000] {processor.py:208} INFO - Processing /home/airflow/.local/lib/python3.12/site-packages/airflow/example_dags/example_branch_operator_decorator.py took 0.075 seconds
[2024-11-01T15:08:04.514+0000] {processor.py:186} INFO - Started process (PID=865) to work on /home/airflow/.local/lib/python3.12/site-packages/airflow/example_dags/example_branch_operator_decorator.py
[2024-11-01T15:08:04.516+0000] {processor.py:914} INFO - Processing file /home/airflow/.local/lib/python3.12/site-packages/airflow/example_dags/example_branch_operator_decorator.py for tasks to queue
[2024-11-01T15:08:04.520+0000] {logging_mixin.py:190} INFO - [2024-11-01T15:08:04.518+0000] {dagbag.py:588} INFO - Filling up the DagBag from /home/airflow/.local/lib/python3.12/site-packages/airflow/example_dags/example_branch_operator_decorator.py
[2024-11-01T15:08:04.565+0000] {processor.py:925} INFO - DAG(s) 'example_branch_python_operator_decorator' retrieved from /home/airflow/.local/lib/python3.12/site-packages/airflow/example_dags/example_branch_operator_decorator.py
[2024-11-01T15:08:04.614+0000] {logging_mixin.py:190} INFO - [2024-11-01T15:08:04.614+0000] {dag.py:3239} INFO - Sync 1 DAGs
[2024-11-01T15:08:04.658+0000] {logging_mixin.py:190} INFO - [2024-11-01T15:08:04.657+0000] {dag.py:4180} INFO - Setting next_dagrun for example_branch_python_operator_decorator to 2024-10-31 00:00:00+00:00, run_after=2024-11-01 00:00:00+00:00
[2024-11-01T15:08:04.711+0000] {processor.py:208} INFO - Processing /home/airflow/.local/lib/python3.12/site-packages/airflow/example_dags/example_branch_operator_decorator.py took 0.206 seconds
[2024-11-01T15:08:47.926+0000] {processor.py:186} INFO - Started process (PID=909) to work on /home/airflow/.local/lib/python3.12/site-packages/airflow/example_dags/example_branch_operator_decorator.py
[2024-11-01T15:08:47.927+0000] {processor.py:914} INFO - Processing file /home/airflow/.local/lib/python3.12/site-packages/airflow/example_dags/example_branch_operator_decorator.py for tasks to queue
[2024-11-01T15:08:47.929+0000] {logging_mixin.py:190} INFO - [2024-11-01T15:08:47.929+0000] {dagbag.py:588} INFO - Filling up the DagBag from /home/airflow/.local/lib/python3.12/site-packages/airflow/example_dags/example_branch_operator_decorator.py
[2024-11-01T15:08:47.949+0000] {processor.py:925} INFO - DAG(s) 'example_branch_python_operator_decorator' retrieved from /home/airflow/.local/lib/python3.12/site-packages/airflow/example_dags/example_branch_operator_decorator.py
[2024-11-01T15:08:47.986+0000] {logging_mixin.py:190} INFO - [2024-11-01T15:08:47.986+0000] {dag.py:3239} INFO - Sync 1 DAGs
[2024-11-01T15:08:48.010+0000] {logging_mixin.py:190} INFO - [2024-11-01T15:08:48.010+0000] {dag.py:4180} INFO - Setting next_dagrun for example_branch_python_operator_decorator to 2024-10-31 00:00:00+00:00, run_after=2024-11-01 00:00:00+00:00
[2024-11-01T15:08:48.034+0000] {processor.py:208} INFO - Processing /home/airflow/.local/lib/python3.12/site-packages/airflow/example_dags/example_branch_operator_decorator.py took 0.113 seconds
[2024-11-01T15:09:18.444+0000] {processor.py:186} INFO - Started process (PID=974) to work on /home/airflow/.local/lib/python3.12/site-packages/airflow/example_dags/example_branch_operator_decorator.py
[2024-11-01T15:09:18.445+0000] {processor.py:914} INFO - Processing file /home/airflow/.local/lib/python3.12/site-packages/airflow/example_dags/example_branch_operator_decorator.py for tasks to queue
[2024-11-01T15:09:18.445+0000] {logging_mixin.py:190} INFO - [2024-11-01T15:09:18.445+0000] {dagbag.py:588} INFO - Filling up the DagBag from /home/airflow/.local/lib/python3.12/site-packages/airflow/example_dags/example_branch_operator_decorator.py
[2024-11-01T15:09:18.458+0000] {processor.py:925} INFO - DAG(s) 'example_branch_python_operator_decorator' retrieved from /home/airflow/.local/lib/python3.12/site-packages/airflow/example_dags/example_branch_operator_decorator.py
[2024-11-01T15:09:18.480+0000] {logging_mixin.py:190} INFO - [2024-11-01T15:09:18.480+0000] {dag.py:3239} INFO - Sync 1 DAGs
[2024-11-01T15:09:18.499+0000] {logging_mixin.py:190} INFO - [2024-11-01T15:09:18.498+0000] {dag.py:4180} INFO - Setting next_dagrun for example_branch_python_operator_decorator to 2024-10-31 00:00:00+00:00, run_after=2024-11-01 00:00:00+00:00
[2024-11-01T15:09:18.516+0000] {processor.py:208} INFO - Processing /home/airflow/.local/lib/python3.12/site-packages/airflow/example_dags/example_branch_operator_decorator.py took 0.075 seconds
[2024-11-01T15:09:49.279+0000] {processor.py:186} INFO - Started process (PID=1038) to work on /home/airflow/.local/lib/python3.12/site-packages/airflow/example_dags/example_branch_operator_decorator.py
[2024-11-01T15:09:49.280+0000] {processor.py:914} INFO - Processing file /home/airflow/.local/lib/python3.12/site-packages/airflow/example_dags/example_branch_operator_decorator.py for tasks to queue
[2024-11-01T15:09:49.282+0000] {logging_mixin.py:190} INFO - [2024-11-01T15:09:49.281+0000] {dagbag.py:588} INFO - Filling up the DagBag from /home/airflow/.local/lib/python3.12/site-packages/airflow/example_dags/example_branch_operator_decorator.py
[2024-11-01T15:09:49.314+0000] {processor.py:925} INFO - DAG(s) 'example_branch_python_operator_decorator' retrieved from /home/airflow/.local/lib/python3.12/site-packages/airflow/example_dags/example_branch_operator_decorator.py
[2024-11-01T15:09:49.368+0000] {logging_mixin.py:190} INFO - [2024-11-01T15:09:49.367+0000] {dag.py:3239} INFO - Sync 1 DAGs
[2024-11-01T15:09:49.420+0000] {logging_mixin.py:190} INFO - [2024-11-01T15:09:49.419+0000] {dag.py:4180} INFO - Setting next_dagrun for example_branch_python_operator_decorator to 2024-10-31 00:00:00+00:00, run_after=2024-11-01 00:00:00+00:00
[2024-11-01T15:09:49.472+0000] {processor.py:208} INFO - Processing /home/airflow/.local/lib/python3.12/site-packages/airflow/example_dags/example_branch_operator_decorator.py took 0.201 seconds
[2024-11-01T15:10:20.015+0000] {processor.py:186} INFO - Started process (PID=1103) to work on /home/airflow/.local/lib/python3.12/site-packages/airflow/example_dags/example_branch_operator_decorator.py
[2024-11-01T15:10:20.016+0000] {processor.py:914} INFO - Processing file /home/airflow/.local/lib/python3.12/site-packages/airflow/example_dags/example_branch_operator_decorator.py for tasks to queue
[2024-11-01T15:10:20.018+0000] {logging_mixin.py:190} INFO - [2024-11-01T15:10:20.017+0000] {dagbag.py:588} INFO - Filling up the DagBag from /home/airflow/.local/lib/python3.12/site-packages/airflow/example_dags/example_branch_operator_decorator.py
[2024-11-01T15:10:20.046+0000] {processor.py:925} INFO - DAG(s) 'example_branch_python_operator_decorator' retrieved from /home/airflow/.local/lib/python3.12/site-packages/airflow/example_dags/example_branch_operator_decorator.py
[2024-11-01T15:10:20.087+0000] {logging_mixin.py:190} INFO - [2024-11-01T15:10:20.087+0000] {dag.py:3239} INFO - Sync 1 DAGs
[2024-11-01T15:10:20.121+0000] {logging_mixin.py:190} INFO - [2024-11-01T15:10:20.121+0000] {dag.py:4180} INFO - Setting next_dagrun for example_branch_python_operator_decorator to 2024-10-31 00:00:00+00:00, run_after=2024-11-01 00:00:00+00:00
[2024-11-01T15:10:20.154+0000] {processor.py:208} INFO - Processing /home/airflow/.local/lib/python3.12/site-packages/airflow/example_dags/example_branch_operator_decorator.py took 0.147 seconds
[2024-11-01T15:10:50.530+0000] {processor.py:186} INFO - Started process (PID=1168) to work on /home/airflow/.local/lib/python3.12/site-packages/airflow/example_dags/example_branch_operator_decorator.py
[2024-11-01T15:10:50.531+0000] {processor.py:914} INFO - Processing file /home/airflow/.local/lib/python3.12/site-packages/airflow/example_dags/example_branch_operator_decorator.py for tasks to queue
[2024-11-01T15:10:50.532+0000] {logging_mixin.py:190} INFO - [2024-11-01T15:10:50.532+0000] {dagbag.py:588} INFO - Filling up the DagBag from /home/airflow/.local/lib/python3.12/site-packages/airflow/example_dags/example_branch_operator_decorator.py
[2024-11-01T15:10:50.548+0000] {processor.py:925} INFO - DAG(s) 'example_branch_python_operator_decorator' retrieved from /home/airflow/.local/lib/python3.12/site-packages/airflow/example_dags/example_branch_operator_decorator.py
[2024-11-01T15:10:50.570+0000] {logging_mixin.py:190} INFO - [2024-11-01T15:10:50.570+0000] {dag.py:3239} INFO - Sync 1 DAGs
[2024-11-01T15:10:50.592+0000] {logging_mixin.py:190} INFO - [2024-11-01T15:10:50.592+0000] {dag.py:4180} INFO - Setting next_dagrun for example_branch_python_operator_decorator to 2024-10-31 00:00:00+00:00, run_after=2024-11-01 00:00:00+00:00
[2024-11-01T15:10:50.618+0000] {processor.py:208} INFO - Processing /home/airflow/.local/lib/python3.12/site-packages/airflow/example_dags/example_branch_operator_decorator.py took 0.092 seconds
[2024-11-01T15:11:21.777+0000] {processor.py:186} INFO - Started process (PID=1233) to work on /home/airflow/.local/lib/python3.12/site-packages/airflow/example_dags/example_branch_operator_decorator.py
[2024-11-01T15:11:21.778+0000] {processor.py:914} INFO - Processing file /home/airflow/.local/lib/python3.12/site-packages/airflow/example_dags/example_branch_operator_decorator.py for tasks to queue
[2024-11-01T15:11:21.779+0000] {logging_mixin.py:190} INFO - [2024-11-01T15:11:21.779+0000] {dagbag.py:588} INFO - Filling up the DagBag from /home/airflow/.local/lib/python3.12/site-packages/airflow/example_dags/example_branch_operator_decorator.py
[2024-11-01T15:11:21.794+0000] {processor.py:925} INFO - DAG(s) 'example_branch_python_operator_decorator' retrieved from /home/airflow/.local/lib/python3.12/site-packages/airflow/example_dags/example_branch_operator_decorator.py
[2024-11-01T15:11:21.817+0000] {logging_mixin.py:190} INFO - [2024-11-01T15:11:21.816+0000] {dag.py:3239} INFO - Sync 1 DAGs
[2024-11-01T15:11:21.835+0000] {logging_mixin.py:190} INFO - [2024-11-01T15:11:21.835+0000] {dag.py:4180} INFO - Setting next_dagrun for example_branch_python_operator_decorator to 2024-10-31 00:00:00+00:00, run_after=2024-11-01 00:00:00+00:00
[2024-11-01T15:11:21.850+0000] {processor.py:208} INFO - Processing /home/airflow/.local/lib/python3.12/site-packages/airflow/example_dags/example_branch_operator_decorator.py took 0.076 seconds
[2024-11-01T15:11:53.194+0000] {processor.py:186} INFO - Started process (PID=1298) to work on /home/airflow/.local/lib/python3.12/site-packages/airflow/example_dags/example_branch_operator_decorator.py
[2024-11-01T15:11:53.196+0000] {processor.py:914} INFO - Processing file /home/airflow/.local/lib/python3.12/site-packages/airflow/example_dags/example_branch_operator_decorator.py for tasks to queue
[2024-11-01T15:11:53.197+0000] {logging_mixin.py:190} INFO - [2024-11-01T15:11:53.197+0000] {dagbag.py:588} INFO - Filling up the DagBag from /home/airflow/.local/lib/python3.12/site-packages/airflow/example_dags/example_branch_operator_decorator.py
[2024-11-01T15:11:53.212+0000] {processor.py:925} INFO - DAG(s) 'example_branch_python_operator_decorator' retrieved from /home/airflow/.local/lib/python3.12/site-packages/airflow/example_dags/example_branch_operator_decorator.py
[2024-11-01T15:11:53.232+0000] {logging_mixin.py:190} INFO - [2024-11-01T15:11:53.232+0000] {dag.py:3239} INFO - Sync 1 DAGs
[2024-11-01T15:11:53.252+0000] {logging_mixin.py:190} INFO - [2024-11-01T15:11:53.252+0000] {dag.py:4180} INFO - Setting next_dagrun for example_branch_python_operator_decorator to 2024-10-31 00:00:00+00:00, run_after=2024-11-01 00:00:00+00:00
[2024-11-01T15:11:53.267+0000] {processor.py:208} INFO - Processing /home/airflow/.local/lib/python3.12/site-packages/airflow/example_dags/example_branch_operator_decorator.py took 0.077 seconds
[2024-11-01T15:12:23.359+0000] {processor.py:186} INFO - Started process (PID=1363) to work on /home/airflow/.local/lib/python3.12/site-packages/airflow/example_dags/example_branch_operator_decorator.py
[2024-11-01T15:12:23.360+0000] {processor.py:914} INFO - Processing file /home/airflow/.local/lib/python3.12/site-packages/airflow/example_dags/example_branch_operator_decorator.py for tasks to queue
[2024-11-01T15:12:23.361+0000] {logging_mixin.py:190} INFO - [2024-11-01T15:12:23.360+0000] {dagbag.py:588} INFO - Filling up the DagBag from /home/airflow/.local/lib/python3.12/site-packages/airflow/example_dags/example_branch_operator_decorator.py
[2024-11-01T15:12:23.376+0000] {processor.py:925} INFO - DAG(s) 'example_branch_python_operator_decorator' retrieved from /home/airflow/.local/lib/python3.12/site-packages/airflow/example_dags/example_branch_operator_decorator.py
[2024-11-01T15:12:23.395+0000] {logging_mixin.py:190} INFO - [2024-11-01T15:12:23.394+0000] {dag.py:3239} INFO - Sync 1 DAGs
[2024-11-01T15:12:23.412+0000] {logging_mixin.py:190} INFO - [2024-11-01T15:12:23.412+0000] {dag.py:4180} INFO - Setting next_dagrun for example_branch_python_operator_decorator to 2024-10-31 00:00:00+00:00, run_after=2024-11-01 00:00:00+00:00
[2024-11-01T15:12:23.430+0000] {processor.py:208} INFO - Processing /home/airflow/.local/lib/python3.12/site-packages/airflow/example_dags/example_branch_operator_decorator.py took 0.075 seconds
[2024-11-01T15:12:56.099+0000] {processor.py:186} INFO - Started process (PID=1428) to work on /home/airflow/.local/lib/python3.12/site-packages/airflow/example_dags/example_branch_operator_decorator.py
[2024-11-01T15:12:56.100+0000] {processor.py:914} INFO - Processing file /home/airflow/.local/lib/python3.12/site-packages/airflow/example_dags/example_branch_operator_decorator.py for tasks to queue
[2024-11-01T15:12:56.101+0000] {logging_mixin.py:190} INFO - [2024-11-01T15:12:56.100+0000] {dagbag.py:588} INFO - Filling up the DagBag from /home/airflow/.local/lib/python3.12/site-packages/airflow/example_dags/example_branch_operator_decorator.py
[2024-11-01T15:12:56.115+0000] {processor.py:925} INFO - DAG(s) 'example_branch_python_operator_decorator' retrieved from /home/airflow/.local/lib/python3.12/site-packages/airflow/example_dags/example_branch_operator_decorator.py
[2024-11-01T15:12:56.134+0000] {logging_mixin.py:190} INFO - [2024-11-01T15:12:56.134+0000] {dag.py:3239} INFO - Sync 1 DAGs
[2024-11-01T15:12:56.152+0000] {logging_mixin.py:190} INFO - [2024-11-01T15:12:56.152+0000] {dag.py:4180} INFO - Setting next_dagrun for example_branch_python_operator_decorator to 2024-10-31 00:00:00+00:00, run_after=2024-11-01 00:00:00+00:00
[2024-11-01T15:12:56.166+0000] {processor.py:208} INFO - Processing /home/airflow/.local/lib/python3.12/site-packages/airflow/example_dags/example_branch_operator_decorator.py took 0.070 seconds
[2024-11-01T15:13:29.551+0000] {processor.py:186} INFO - Started process (PID=1494) to work on /home/airflow/.local/lib/python3.12/site-packages/airflow/example_dags/example_branch_operator_decorator.py
[2024-11-01T15:13:29.552+0000] {processor.py:914} INFO - Processing file /home/airflow/.local/lib/python3.12/site-packages/airflow/example_dags/example_branch_operator_decorator.py for tasks to queue
[2024-11-01T15:13:29.553+0000] {logging_mixin.py:190} INFO - [2024-11-01T15:13:29.553+0000] {dagbag.py:588} INFO - Filling up the DagBag from /home/airflow/.local/lib/python3.12/site-packages/airflow/example_dags/example_branch_operator_decorator.py
[2024-11-01T15:13:29.569+0000] {processor.py:925} INFO - DAG(s) 'example_branch_python_operator_decorator' retrieved from /home/airflow/.local/lib/python3.12/site-packages/airflow/example_dags/example_branch_operator_decorator.py
[2024-11-01T15:13:29.589+0000] {logging_mixin.py:190} INFO - [2024-11-01T15:13:29.589+0000] {dag.py:3239} INFO - Sync 1 DAGs
[2024-11-01T15:13:29.608+0000] {logging_mixin.py:190} INFO - [2024-11-01T15:13:29.608+0000] {dag.py:4180} INFO - Setting next_dagrun for example_branch_python_operator_decorator to 2024-10-31 00:00:00+00:00, run_after=2024-11-01 00:00:00+00:00
[2024-11-01T15:13:29.624+0000] {processor.py:208} INFO - Processing /home/airflow/.local/lib/python3.12/site-packages/airflow/example_dags/example_branch_operator_decorator.py took 0.078 seconds
[2024-11-01T15:14:41.763+0000] {processor.py:186} INFO - Started process (PID=1563) to work on /home/airflow/.local/lib/python3.12/site-packages/airflow/example_dags/example_branch_operator_decorator.py
[2024-11-01T15:14:41.764+0000] {processor.py:914} INFO - Processing file /home/airflow/.local/lib/python3.12/site-packages/airflow/example_dags/example_branch_operator_decorator.py for tasks to queue
[2024-11-01T15:14:41.765+0000] {logging_mixin.py:190} INFO - [2024-11-01T15:14:41.765+0000] {dagbag.py:588} INFO - Filling up the DagBag from /home/airflow/.local/lib/python3.12/site-packages/airflow/example_dags/example_branch_operator_decorator.py
[2024-11-01T15:14:41.793+0000] {processor.py:925} INFO - DAG(s) 'example_branch_python_operator_decorator' retrieved from /home/airflow/.local/lib/python3.12/site-packages/airflow/example_dags/example_branch_operator_decorator.py
[2024-11-01T15:14:41.824+0000] {logging_mixin.py:190} INFO - [2024-11-01T15:14:41.823+0000] {dag.py:3239} INFO - Sync 1 DAGs
[2024-11-01T15:14:41.852+0000] {logging_mixin.py:190} INFO - [2024-11-01T15:14:41.852+0000] {dag.py:4180} INFO - Setting next_dagrun for example_branch_python_operator_decorator to 2024-10-31 00:00:00+00:00, run_after=2024-11-01 00:00:00+00:00
[2024-11-01T15:14:41.879+0000] {processor.py:208} INFO - Processing /home/airflow/.local/lib/python3.12/site-packages/airflow/example_dags/example_branch_operator_decorator.py took 0.121 seconds
[2024-11-01T15:15:12.834+0000] {processor.py:186} INFO - Started process (PID=1629) to work on /home/airflow/.local/lib/python3.12/site-packages/airflow/example_dags/example_branch_operator_decorator.py
[2024-11-01T15:15:12.834+0000] {processor.py:914} INFO - Processing file /home/airflow/.local/lib/python3.12/site-packages/airflow/example_dags/example_branch_operator_decorator.py for tasks to queue
[2024-11-01T15:15:12.835+0000] {logging_mixin.py:190} INFO - [2024-11-01T15:15:12.835+0000] {dagbag.py:588} INFO - Filling up the DagBag from /home/airflow/.local/lib/python3.12/site-packages/airflow/example_dags/example_branch_operator_decorator.py
[2024-11-01T15:15:12.851+0000] {processor.py:925} INFO - DAG(s) 'example_branch_python_operator_decorator' retrieved from /home/airflow/.local/lib/python3.12/site-packages/airflow/example_dags/example_branch_operator_decorator.py
[2024-11-01T15:15:12.874+0000] {logging_mixin.py:190} INFO - [2024-11-01T15:15:12.873+0000] {dag.py:3239} INFO - Sync 1 DAGs
[2024-11-01T15:15:12.898+0000] {logging_mixin.py:190} INFO - [2024-11-01T15:15:12.898+0000] {dag.py:4180} INFO - Setting next_dagrun for example_branch_python_operator_decorator to 2024-10-31 00:00:00+00:00, run_after=2024-11-01 00:00:00+00:00
[2024-11-01T15:15:12.917+0000] {processor.py:208} INFO - Processing /home/airflow/.local/lib/python3.12/site-packages/airflow/example_dags/example_branch_operator_decorator.py took 0.088 seconds
[2024-11-01T15:15:43.837+0000] {processor.py:186} INFO - Started process (PID=1693) to work on /home/airflow/.local/lib/python3.12/site-packages/airflow/example_dags/example_branch_operator_decorator.py
[2024-11-01T15:15:43.838+0000] {processor.py:914} INFO - Processing file /home/airflow/.local/lib/python3.12/site-packages/airflow/example_dags/example_branch_operator_decorator.py for tasks to queue
[2024-11-01T15:15:43.839+0000] {logging_mixin.py:190} INFO - [2024-11-01T15:15:43.839+0000] {dagbag.py:588} INFO - Filling up the DagBag from /home/airflow/.local/lib/python3.12/site-packages/airflow/example_dags/example_branch_operator_decorator.py
[2024-11-01T15:15:43.855+0000] {processor.py:925} INFO - DAG(s) 'example_branch_python_operator_decorator' retrieved from /home/airflow/.local/lib/python3.12/site-packages/airflow/example_dags/example_branch_operator_decorator.py
[2024-11-01T15:15:43.885+0000] {logging_mixin.py:190} INFO - [2024-11-01T15:15:43.884+0000] {dag.py:3239} INFO - Sync 1 DAGs
[2024-11-01T15:15:43.906+0000] {logging_mixin.py:190} INFO - [2024-11-01T15:15:43.906+0000] {dag.py:4180} INFO - Setting next_dagrun for example_branch_python_operator_decorator to 2024-10-31 00:00:00+00:00, run_after=2024-11-01 00:00:00+00:00
[2024-11-01T15:15:43.923+0000] {processor.py:208} INFO - Processing /home/airflow/.local/lib/python3.12/site-packages/airflow/example_dags/example_branch_operator_decorator.py took 0.090 seconds
[2024-11-01T15:16:14.029+0000] {processor.py:186} INFO - Started process (PID=1758) to work on /home/airflow/.local/lib/python3.12/site-packages/airflow/example_dags/example_branch_operator_decorator.py
[2024-11-01T15:16:14.029+0000] {processor.py:914} INFO - Processing file /home/airflow/.local/lib/python3.12/site-packages/airflow/example_dags/example_branch_operator_decorator.py for tasks to queue
[2024-11-01T15:16:14.030+0000] {logging_mixin.py:190} INFO - [2024-11-01T15:16:14.030+0000] {dagbag.py:588} INFO - Filling up the DagBag from /home/airflow/.local/lib/python3.12/site-packages/airflow/example_dags/example_branch_operator_decorator.py
[2024-11-01T15:16:14.043+0000] {processor.py:925} INFO - DAG(s) 'example_branch_python_operator_decorator' retrieved from /home/airflow/.local/lib/python3.12/site-packages/airflow/example_dags/example_branch_operator_decorator.py
[2024-11-01T15:16:14.063+0000] {logging_mixin.py:190} INFO - [2024-11-01T15:16:14.063+0000] {dag.py:3239} INFO - Sync 1 DAGs
[2024-11-01T15:16:14.080+0000] {logging_mixin.py:190} INFO - [2024-11-01T15:16:14.080+0000] {dag.py:4180} INFO - Setting next_dagrun for example_branch_python_operator_decorator to 2024-10-31 00:00:00+00:00, run_after=2024-11-01 00:00:00+00:00
[2024-11-01T15:16:14.094+0000] {processor.py:208} INFO - Processing /home/airflow/.local/lib/python3.12/site-packages/airflow/example_dags/example_branch_operator_decorator.py took 0.069 seconds
[2024-11-01T15:16:44.713+0000] {processor.py:186} INFO - Started process (PID=1823) to work on /home/airflow/.local/lib/python3.12/site-packages/airflow/example_dags/example_branch_operator_decorator.py
[2024-11-01T15:16:44.713+0000] {processor.py:914} INFO - Processing file /home/airflow/.local/lib/python3.12/site-packages/airflow/example_dags/example_branch_operator_decorator.py for tasks to queue
[2024-11-01T15:16:44.714+0000] {logging_mixin.py:190} INFO - [2024-11-01T15:16:44.714+0000] {dagbag.py:588} INFO - Filling up the DagBag from /home/airflow/.local/lib/python3.12/site-packages/airflow/example_dags/example_branch_operator_decorator.py
[2024-11-01T15:16:44.728+0000] {processor.py:925} INFO - DAG(s) 'example_branch_python_operator_decorator' retrieved from /home/airflow/.local/lib/python3.12/site-packages/airflow/example_dags/example_branch_operator_decorator.py
[2024-11-01T15:16:44.747+0000] {logging_mixin.py:190} INFO - [2024-11-01T15:16:44.746+0000] {dag.py:3239} INFO - Sync 1 DAGs
[2024-11-01T15:16:44.763+0000] {logging_mixin.py:190} INFO - [2024-11-01T15:16:44.763+0000] {dag.py:4180} INFO - Setting next_dagrun for example_branch_python_operator_decorator to 2024-10-31 00:00:00+00:00, run_after=2024-11-01 00:00:00+00:00
[2024-11-01T15:16:44.776+0000] {processor.py:208} INFO - Processing /home/airflow/.local/lib/python3.12/site-packages/airflow/example_dags/example_branch_operator_decorator.py took 0.068 seconds
[2024-11-01T15:17:15.657+0000] {processor.py:186} INFO - Started process (PID=1888) to work on /home/airflow/.local/lib/python3.12/site-packages/airflow/example_dags/example_branch_operator_decorator.py
[2024-11-01T15:17:15.659+0000] {processor.py:914} INFO - Processing file /home/airflow/.local/lib/python3.12/site-packages/airflow/example_dags/example_branch_operator_decorator.py for tasks to queue
[2024-11-01T15:17:15.660+0000] {logging_mixin.py:190} INFO - [2024-11-01T15:17:15.660+0000] {dagbag.py:588} INFO - Filling up the DagBag from /home/airflow/.local/lib/python3.12/site-packages/airflow/example_dags/example_branch_operator_decorator.py
[2024-11-01T15:17:15.675+0000] {processor.py:925} INFO - DAG(s) 'example_branch_python_operator_decorator' retrieved from /home/airflow/.local/lib/python3.12/site-packages/airflow/example_dags/example_branch_operator_decorator.py
[2024-11-01T15:17:15.695+0000] {logging_mixin.py:190} INFO - [2024-11-01T15:17:15.695+0000] {dag.py:3239} INFO - Sync 1 DAGs
[2024-11-01T15:17:15.712+0000] {logging_mixin.py:190} INFO - [2024-11-01T15:17:15.712+0000] {dag.py:4180} INFO - Setting next_dagrun for example_branch_python_operator_decorator to 2024-10-31 00:00:00+00:00, run_after=2024-11-01 00:00:00+00:00
[2024-11-01T15:17:15.726+0000] {processor.py:208} INFO - Processing /home/airflow/.local/lib/python3.12/site-packages/airflow/example_dags/example_branch_operator_decorator.py took 0.073 seconds
[2024-11-01T15:17:46.375+0000] {processor.py:186} INFO - Started process (PID=1953) to work on /home/airflow/.local/lib/python3.12/site-packages/airflow/example_dags/example_branch_operator_decorator.py
[2024-11-01T15:17:46.382+0000] {processor.py:914} INFO - Processing file /home/airflow/.local/lib/python3.12/site-packages/airflow/example_dags/example_branch_operator_decorator.py for tasks to queue
[2024-11-01T15:17:46.384+0000] {logging_mixin.py:190} INFO - [2024-11-01T15:17:46.384+0000] {dagbag.py:588} INFO - Filling up the DagBag from /home/airflow/.local/lib/python3.12/site-packages/airflow/example_dags/example_branch_operator_decorator.py
[2024-11-01T15:17:46.432+0000] {processor.py:925} INFO - DAG(s) 'example_branch_python_operator_decorator' retrieved from /home/airflow/.local/lib/python3.12/site-packages/airflow/example_dags/example_branch_operator_decorator.py
[2024-11-01T15:17:46.488+0000] {logging_mixin.py:190} INFO - [2024-11-01T15:17:46.487+0000] {dag.py:3239} INFO - Sync 1 DAGs
[2024-11-01T15:17:46.537+0000] {logging_mixin.py:190} INFO - [2024-11-01T15:17:46.536+0000] {dag.py:4180} INFO - Setting next_dagrun for example_branch_python_operator_decorator to 2024-10-31 00:00:00+00:00, run_after=2024-11-01 00:00:00+00:00
[2024-11-01T15:17:46.581+0000] {processor.py:208} INFO - Processing /home/airflow/.local/lib/python3.12/site-packages/airflow/example_dags/example_branch_operator_decorator.py took 0.219 seconds
[2024-11-01T15:18:17.044+0000] {processor.py:186} INFO - Started process (PID=2018) to work on /home/airflow/.local/lib/python3.12/site-packages/airflow/example_dags/example_branch_operator_decorator.py
[2024-11-01T15:18:17.046+0000] {processor.py:914} INFO - Processing file /home/airflow/.local/lib/python3.12/site-packages/airflow/example_dags/example_branch_operator_decorator.py for tasks to queue
[2024-11-01T15:18:17.047+0000] {logging_mixin.py:190} INFO - [2024-11-01T15:18:17.047+0000] {dagbag.py:588} INFO - Filling up the DagBag from /home/airflow/.local/lib/python3.12/site-packages/airflow/example_dags/example_branch_operator_decorator.py
[2024-11-01T15:18:17.061+0000] {processor.py:925} INFO - DAG(s) 'example_branch_python_operator_decorator' retrieved from /home/airflow/.local/lib/python3.12/site-packages/airflow/example_dags/example_branch_operator_decorator.py
[2024-11-01T15:18:17.080+0000] {logging_mixin.py:190} INFO - [2024-11-01T15:18:17.079+0000] {dag.py:3239} INFO - Sync 1 DAGs
[2024-11-01T15:18:17.096+0000] {logging_mixin.py:190} INFO - [2024-11-01T15:18:17.096+0000] {dag.py:4180} INFO - Setting next_dagrun for example_branch_python_operator_decorator to 2024-10-31 00:00:00+00:00, run_after=2024-11-01 00:00:00+00:00
[2024-11-01T15:18:17.112+0000] {processor.py:208} INFO - Processing /home/airflow/.local/lib/python3.12/site-packages/airflow/example_dags/example_branch_operator_decorator.py took 0.072 seconds
[2024-11-01T15:18:47.155+0000] {processor.py:186} INFO - Started process (PID=2083) to work on /home/airflow/.local/lib/python3.12/site-packages/airflow/example_dags/example_branch_operator_decorator.py
[2024-11-01T15:18:47.156+0000] {processor.py:914} INFO - Processing file /home/airflow/.local/lib/python3.12/site-packages/airflow/example_dags/example_branch_operator_decorator.py for tasks to queue
[2024-11-01T15:18:47.156+0000] {logging_mixin.py:190} INFO - [2024-11-01T15:18:47.156+0000] {dagbag.py:588} INFO - Filling up the DagBag from /home/airflow/.local/lib/python3.12/site-packages/airflow/example_dags/example_branch_operator_decorator.py
[2024-11-01T15:18:47.169+0000] {processor.py:925} INFO - DAG(s) 'example_branch_python_operator_decorator' retrieved from /home/airflow/.local/lib/python3.12/site-packages/airflow/example_dags/example_branch_operator_decorator.py
[2024-11-01T15:18:47.188+0000] {logging_mixin.py:190} INFO - [2024-11-01T15:18:47.187+0000] {dag.py:3239} INFO - Sync 1 DAGs
[2024-11-01T15:18:47.203+0000] {logging_mixin.py:190} INFO - [2024-11-01T15:18:47.203+0000] {dag.py:4180} INFO - Setting next_dagrun for example_branch_python_operator_decorator to 2024-10-31 00:00:00+00:00, run_after=2024-11-01 00:00:00+00:00
[2024-11-01T15:18:47.215+0000] {processor.py:208} INFO - Processing /home/airflow/.local/lib/python3.12/site-packages/airflow/example_dags/example_branch_operator_decorator.py took 0.064 seconds
[2024-11-01T15:19:17.293+0000] {processor.py:186} INFO - Started process (PID=2148) to work on /home/airflow/.local/lib/python3.12/site-packages/airflow/example_dags/example_branch_operator_decorator.py
[2024-11-01T15:19:17.293+0000] {processor.py:914} INFO - Processing file /home/airflow/.local/lib/python3.12/site-packages/airflow/example_dags/example_branch_operator_decorator.py for tasks to queue
[2024-11-01T15:19:17.294+0000] {logging_mixin.py:190} INFO - [2024-11-01T15:19:17.294+0000] {dagbag.py:588} INFO - Filling up the DagBag from /home/airflow/.local/lib/python3.12/site-packages/airflow/example_dags/example_branch_operator_decorator.py
[2024-11-01T15:19:17.307+0000] {processor.py:925} INFO - DAG(s) 'example_branch_python_operator_decorator' retrieved from /home/airflow/.local/lib/python3.12/site-packages/airflow/example_dags/example_branch_operator_decorator.py
[2024-11-01T15:19:17.326+0000] {logging_mixin.py:190} INFO - [2024-11-01T15:19:17.326+0000] {dag.py:3239} INFO - Sync 1 DAGs
[2024-11-01T15:19:17.343+0000] {logging_mixin.py:190} INFO - [2024-11-01T15:19:17.342+0000] {dag.py:4180} INFO - Setting next_dagrun for example_branch_python_operator_decorator to 2024-10-31 00:00:00+00:00, run_after=2024-11-01 00:00:00+00:00
[2024-11-01T15:19:17.358+0000] {processor.py:208} INFO - Processing /home/airflow/.local/lib/python3.12/site-packages/airflow/example_dags/example_branch_operator_decorator.py took 0.069 seconds
[2024-11-01T15:19:47.408+0000] {processor.py:186} INFO - Started process (PID=2213) to work on /home/airflow/.local/lib/python3.12/site-packages/airflow/example_dags/example_branch_operator_decorator.py
[2024-11-01T15:19:47.409+0000] {processor.py:914} INFO - Processing file /home/airflow/.local/lib/python3.12/site-packages/airflow/example_dags/example_branch_operator_decorator.py for tasks to queue
[2024-11-01T15:19:47.410+0000] {logging_mixin.py:190} INFO - [2024-11-01T15:19:47.410+0000] {dagbag.py:588} INFO - Filling up the DagBag from /home/airflow/.local/lib/python3.12/site-packages/airflow/example_dags/example_branch_operator_decorator.py
[2024-11-01T15:19:47.422+0000] {processor.py:925} INFO - DAG(s) 'example_branch_python_operator_decorator' retrieved from /home/airflow/.local/lib/python3.12/site-packages/airflow/example_dags/example_branch_operator_decorator.py
[2024-11-01T15:19:47.440+0000] {logging_mixin.py:190} INFO - [2024-11-01T15:19:47.440+0000] {dag.py:3239} INFO - Sync 1 DAGs
[2024-11-01T15:19:47.455+0000] {logging_mixin.py:190} INFO - [2024-11-01T15:19:47.455+0000] {dag.py:4180} INFO - Setting next_dagrun for example_branch_python_operator_decorator to 2024-10-31 00:00:00+00:00, run_after=2024-11-01 00:00:00+00:00
[2024-11-01T15:19:47.468+0000] {processor.py:208} INFO - Processing /home/airflow/.local/lib/python3.12/site-packages/airflow/example_dags/example_branch_operator_decorator.py took 0.063 seconds
[2024-11-01T15:20:17.569+0000] {processor.py:186} INFO - Started process (PID=2278) to work on /home/airflow/.local/lib/python3.12/site-packages/airflow/example_dags/example_branch_operator_decorator.py
[2024-11-01T15:20:17.570+0000] {processor.py:914} INFO - Processing file /home/airflow/.local/lib/python3.12/site-packages/airflow/example_dags/example_branch_operator_decorator.py for tasks to queue
[2024-11-01T15:20:17.570+0000] {logging_mixin.py:190} INFO - [2024-11-01T15:20:17.570+0000] {dagbag.py:588} INFO - Filling up the DagBag from /home/airflow/.local/lib/python3.12/site-packages/airflow/example_dags/example_branch_operator_decorator.py
[2024-11-01T15:20:17.584+0000] {processor.py:925} INFO - DAG(s) 'example_branch_python_operator_decorator' retrieved from /home/airflow/.local/lib/python3.12/site-packages/airflow/example_dags/example_branch_operator_decorator.py
[2024-11-01T15:20:17.605+0000] {logging_mixin.py:190} INFO - [2024-11-01T15:20:17.604+0000] {dag.py:3239} INFO - Sync 1 DAGs
[2024-11-01T15:20:17.620+0000] {logging_mixin.py:190} INFO - [2024-11-01T15:20:17.619+0000] {dag.py:4180} INFO - Setting next_dagrun for example_branch_python_operator_decorator to 2024-10-31 00:00:00+00:00, run_after=2024-11-01 00:00:00+00:00
[2024-11-01T15:20:17.631+0000] {processor.py:208} INFO - Processing /home/airflow/.local/lib/python3.12/site-packages/airflow/example_dags/example_branch_operator_decorator.py took 0.066 seconds
[2024-11-01T15:20:47.887+0000] {processor.py:186} INFO - Started process (PID=2343) to work on /home/airflow/.local/lib/python3.12/site-packages/airflow/example_dags/example_branch_operator_decorator.py
[2024-11-01T15:20:47.887+0000] {processor.py:914} INFO - Processing file /home/airflow/.local/lib/python3.12/site-packages/airflow/example_dags/example_branch_operator_decorator.py for tasks to queue
[2024-11-01T15:20:47.888+0000] {logging_mixin.py:190} INFO - [2024-11-01T15:20:47.888+0000] {dagbag.py:588} INFO - Filling up the DagBag from /home/airflow/.local/lib/python3.12/site-packages/airflow/example_dags/example_branch_operator_decorator.py
[2024-11-01T15:20:47.906+0000] {processor.py:925} INFO - DAG(s) 'example_branch_python_operator_decorator' retrieved from /home/airflow/.local/lib/python3.12/site-packages/airflow/example_dags/example_branch_operator_decorator.py
[2024-11-01T15:20:47.934+0000] {logging_mixin.py:190} INFO - [2024-11-01T15:20:47.934+0000] {dag.py:3239} INFO - Sync 1 DAGs
[2024-11-01T15:20:47.956+0000] {logging_mixin.py:190} INFO - [2024-11-01T15:20:47.956+0000] {dag.py:4180} INFO - Setting next_dagrun for example_branch_python_operator_decorator to 2024-10-31 00:00:00+00:00, run_after=2024-11-01 00:00:00+00:00
[2024-11-01T15:20:47.973+0000] {processor.py:208} INFO - Processing /home/airflow/.local/lib/python3.12/site-packages/airflow/example_dags/example_branch_operator_decorator.py took 0.093 seconds
[2024-11-01T15:21:18.982+0000] {processor.py:186} INFO - Started process (PID=2408) to work on /home/airflow/.local/lib/python3.12/site-packages/airflow/example_dags/example_branch_operator_decorator.py
[2024-11-01T15:21:18.983+0000] {processor.py:914} INFO - Processing file /home/airflow/.local/lib/python3.12/site-packages/airflow/example_dags/example_branch_operator_decorator.py for tasks to queue
[2024-11-01T15:21:18.984+0000] {logging_mixin.py:190} INFO - [2024-11-01T15:21:18.983+0000] {dagbag.py:588} INFO - Filling up the DagBag from /home/airflow/.local/lib/python3.12/site-packages/airflow/example_dags/example_branch_operator_decorator.py
[2024-11-01T15:21:18.999+0000] {processor.py:925} INFO - DAG(s) 'example_branch_python_operator_decorator' retrieved from /home/airflow/.local/lib/python3.12/site-packages/airflow/example_dags/example_branch_operator_decorator.py
[2024-11-01T15:21:19.017+0000] {logging_mixin.py:190} INFO - [2024-11-01T15:21:19.017+0000] {dag.py:3239} INFO - Sync 1 DAGs
[2024-11-01T15:21:19.033+0000] {logging_mixin.py:190} INFO - [2024-11-01T15:21:19.032+0000] {dag.py:4180} INFO - Setting next_dagrun for example_branch_python_operator_decorator to 2024-10-31 00:00:00+00:00, run_after=2024-11-01 00:00:00+00:00
[2024-11-01T15:21:19.047+0000] {processor.py:208} INFO - Processing /home/airflow/.local/lib/python3.12/site-packages/airflow/example_dags/example_branch_operator_decorator.py took 0.070 seconds
[2024-11-01T15:21:49.958+0000] {processor.py:186} INFO - Started process (PID=2473) to work on /home/airflow/.local/lib/python3.12/site-packages/airflow/example_dags/example_branch_operator_decorator.py
[2024-11-01T15:21:49.960+0000] {processor.py:914} INFO - Processing file /home/airflow/.local/lib/python3.12/site-packages/airflow/example_dags/example_branch_operator_decorator.py for tasks to queue
[2024-11-01T15:21:49.961+0000] {logging_mixin.py:190} INFO - [2024-11-01T15:21:49.961+0000] {dagbag.py:588} INFO - Filling up the DagBag from /home/airflow/.local/lib/python3.12/site-packages/airflow/example_dags/example_branch_operator_decorator.py
[2024-11-01T15:21:49.976+0000] {processor.py:925} INFO - DAG(s) 'example_branch_python_operator_decorator' retrieved from /home/airflow/.local/lib/python3.12/site-packages/airflow/example_dags/example_branch_operator_decorator.py
[2024-11-01T15:21:50.001+0000] {logging_mixin.py:190} INFO - [2024-11-01T15:21:50.001+0000] {dag.py:3239} INFO - Sync 1 DAGs
[2024-11-01T15:21:50.019+0000] {logging_mixin.py:190} INFO - [2024-11-01T15:21:50.019+0000] {dag.py:4180} INFO - Setting next_dagrun for example_branch_python_operator_decorator to 2024-10-31 00:00:00+00:00, run_after=2024-11-01 00:00:00+00:00
[2024-11-01T15:21:50.033+0000] {processor.py:208} INFO - Processing /home/airflow/.local/lib/python3.12/site-packages/airflow/example_dags/example_branch_operator_decorator.py took 0.079 seconds
[2024-11-01T15:22:20.576+0000] {processor.py:186} INFO - Started process (PID=2538) to work on /home/airflow/.local/lib/python3.12/site-packages/airflow/example_dags/example_branch_operator_decorator.py
[2024-11-01T15:22:20.578+0000] {processor.py:914} INFO - Processing file /home/airflow/.local/lib/python3.12/site-packages/airflow/example_dags/example_branch_operator_decorator.py for tasks to queue
[2024-11-01T15:22:20.578+0000] {logging_mixin.py:190} INFO - [2024-11-01T15:22:20.578+0000] {dagbag.py:588} INFO - Filling up the DagBag from /home/airflow/.local/lib/python3.12/site-packages/airflow/example_dags/example_branch_operator_decorator.py
[2024-11-01T15:22:20.593+0000] {processor.py:925} INFO - DAG(s) 'example_branch_python_operator_decorator' retrieved from /home/airflow/.local/lib/python3.12/site-packages/airflow/example_dags/example_branch_operator_decorator.py
[2024-11-01T15:22:20.612+0000] {logging_mixin.py:190} INFO - [2024-11-01T15:22:20.612+0000] {dag.py:3239} INFO - Sync 1 DAGs
[2024-11-01T15:22:20.629+0000] {logging_mixin.py:190} INFO - [2024-11-01T15:22:20.628+0000] {dag.py:4180} INFO - Setting next_dagrun for example_branch_python_operator_decorator to 2024-10-31 00:00:00+00:00, run_after=2024-11-01 00:00:00+00:00
[2024-11-01T15:22:20.644+0000] {processor.py:208} INFO - Processing /home/airflow/.local/lib/python3.12/site-packages/airflow/example_dags/example_branch_operator_decorator.py took 0.074 seconds
[2024-11-01T15:22:51.350+0000] {processor.py:186} INFO - Started process (PID=2603) to work on /home/airflow/.local/lib/python3.12/site-packages/airflow/example_dags/example_branch_operator_decorator.py
[2024-11-01T15:22:51.352+0000] {processor.py:914} INFO - Processing file /home/airflow/.local/lib/python3.12/site-packages/airflow/example_dags/example_branch_operator_decorator.py for tasks to queue
[2024-11-01T15:22:51.353+0000] {logging_mixin.py:190} INFO - [2024-11-01T15:22:51.353+0000] {dagbag.py:588} INFO - Filling up the DagBag from /home/airflow/.local/lib/python3.12/site-packages/airflow/example_dags/example_branch_operator_decorator.py
[2024-11-01T15:22:51.371+0000] {processor.py:925} INFO - DAG(s) 'example_branch_python_operator_decorator' retrieved from /home/airflow/.local/lib/python3.12/site-packages/airflow/example_dags/example_branch_operator_decorator.py
[2024-11-01T15:22:51.391+0000] {logging_mixin.py:190} INFO - [2024-11-01T15:22:51.391+0000] {dag.py:3239} INFO - Sync 1 DAGs
[2024-11-01T15:22:51.410+0000] {logging_mixin.py:190} INFO - [2024-11-01T15:22:51.410+0000] {dag.py:4180} INFO - Setting next_dagrun for example_branch_python_operator_decorator to 2024-10-31 00:00:00+00:00, run_after=2024-11-01 00:00:00+00:00
[2024-11-01T15:22:51.426+0000] {processor.py:208} INFO - Processing /home/airflow/.local/lib/python3.12/site-packages/airflow/example_dags/example_branch_operator_decorator.py took 0.081 seconds
[2024-11-01T15:23:21.700+0000] {processor.py:186} INFO - Started process (PID=2668) to work on /home/airflow/.local/lib/python3.12/site-packages/airflow/example_dags/example_branch_operator_decorator.py
[2024-11-01T15:23:21.702+0000] {processor.py:914} INFO - Processing file /home/airflow/.local/lib/python3.12/site-packages/airflow/example_dags/example_branch_operator_decorator.py for tasks to queue
[2024-11-01T15:23:21.703+0000] {logging_mixin.py:190} INFO - [2024-11-01T15:23:21.703+0000] {dagbag.py:588} INFO - Filling up the DagBag from /home/airflow/.local/lib/python3.12/site-packages/airflow/example_dags/example_branch_operator_decorator.py
[2024-11-01T15:23:21.718+0000] {processor.py:925} INFO - DAG(s) 'example_branch_python_operator_decorator' retrieved from /home/airflow/.local/lib/python3.12/site-packages/airflow/example_dags/example_branch_operator_decorator.py
[2024-11-01T15:23:21.737+0000] {logging_mixin.py:190} INFO - [2024-11-01T15:23:21.737+0000] {dag.py:3239} INFO - Sync 1 DAGs
[2024-11-01T15:23:21.756+0000] {logging_mixin.py:190} INFO - [2024-11-01T15:23:21.755+0000] {dag.py:4180} INFO - Setting next_dagrun for example_branch_python_operator_decorator to 2024-10-31 00:00:00+00:00, run_after=2024-11-01 00:00:00+00:00
[2024-11-01T15:23:21.771+0000] {processor.py:208} INFO - Processing /home/airflow/.local/lib/python3.12/site-packages/airflow/example_dags/example_branch_operator_decorator.py took 0.075 seconds
[2024-11-01T15:23:51.998+0000] {processor.py:186} INFO - Started process (PID=2733) to work on /home/airflow/.local/lib/python3.12/site-packages/airflow/example_dags/example_branch_operator_decorator.py
[2024-11-01T15:23:52.000+0000] {processor.py:914} INFO - Processing file /home/airflow/.local/lib/python3.12/site-packages/airflow/example_dags/example_branch_operator_decorator.py for tasks to queue
[2024-11-01T15:23:52.001+0000] {logging_mixin.py:190} INFO - [2024-11-01T15:23:52.001+0000] {dagbag.py:588} INFO - Filling up the DagBag from /home/airflow/.local/lib/python3.12/site-packages/airflow/example_dags/example_branch_operator_decorator.py
[2024-11-01T15:23:52.022+0000] {processor.py:925} INFO - DAG(s) 'example_branch_python_operator_decorator' retrieved from /home/airflow/.local/lib/python3.12/site-packages/airflow/example_dags/example_branch_operator_decorator.py
[2024-11-01T15:23:52.044+0000] {logging_mixin.py:190} INFO - [2024-11-01T15:23:52.044+0000] {dag.py:3239} INFO - Sync 1 DAGs
[2024-11-01T15:23:52.067+0000] {logging_mixin.py:190} INFO - [2024-11-01T15:23:52.066+0000] {dag.py:4180} INFO - Setting next_dagrun for example_branch_python_operator_decorator to 2024-10-31 00:00:00+00:00, run_after=2024-11-01 00:00:00+00:00
[2024-11-01T15:23:52.081+0000] {processor.py:208} INFO - Processing /home/airflow/.local/lib/python3.12/site-packages/airflow/example_dags/example_branch_operator_decorator.py took 0.088 seconds
[2024-11-01T15:24:22.448+0000] {processor.py:186} INFO - Started process (PID=2798) to work on /home/airflow/.local/lib/python3.12/site-packages/airflow/example_dags/example_branch_operator_decorator.py
[2024-11-01T15:24:22.449+0000] {processor.py:914} INFO - Processing file /home/airflow/.local/lib/python3.12/site-packages/airflow/example_dags/example_branch_operator_decorator.py for tasks to queue
[2024-11-01T15:24:22.450+0000] {logging_mixin.py:190} INFO - [2024-11-01T15:24:22.450+0000] {dagbag.py:588} INFO - Filling up the DagBag from /home/airflow/.local/lib/python3.12/site-packages/airflow/example_dags/example_branch_operator_decorator.py
[2024-11-01T15:24:22.464+0000] {processor.py:925} INFO - DAG(s) 'example_branch_python_operator_decorator' retrieved from /home/airflow/.local/lib/python3.12/site-packages/airflow/example_dags/example_branch_operator_decorator.py
[2024-11-01T15:24:22.483+0000] {logging_mixin.py:190} INFO - [2024-11-01T15:24:22.482+0000] {dag.py:3239} INFO - Sync 1 DAGs
[2024-11-01T15:24:22.501+0000] {logging_mixin.py:190} INFO - [2024-11-01T15:24:22.501+0000] {dag.py:4180} INFO - Setting next_dagrun for example_branch_python_operator_decorator to 2024-10-31 00:00:00+00:00, run_after=2024-11-01 00:00:00+00:00
[2024-11-01T15:24:22.516+0000] {processor.py:208} INFO - Processing /home/airflow/.local/lib/python3.12/site-packages/airflow/example_dags/example_branch_operator_decorator.py took 0.072 seconds
[2024-11-01T15:24:52.986+0000] {processor.py:186} INFO - Started process (PID=2863) to work on /home/airflow/.local/lib/python3.12/site-packages/airflow/example_dags/example_branch_operator_decorator.py
[2024-11-01T15:24:52.987+0000] {processor.py:914} INFO - Processing file /home/airflow/.local/lib/python3.12/site-packages/airflow/example_dags/example_branch_operator_decorator.py for tasks to queue
[2024-11-01T15:24:52.988+0000] {logging_mixin.py:190} INFO - [2024-11-01T15:24:52.988+0000] {dagbag.py:588} INFO - Filling up the DagBag from /home/airflow/.local/lib/python3.12/site-packages/airflow/example_dags/example_branch_operator_decorator.py
[2024-11-01T15:24:53.010+0000] {processor.py:925} INFO - DAG(s) 'example_branch_python_operator_decorator' retrieved from /home/airflow/.local/lib/python3.12/site-packages/airflow/example_dags/example_branch_operator_decorator.py
[2024-11-01T15:24:53.030+0000] {logging_mixin.py:190} INFO - [2024-11-01T15:24:53.030+0000] {dag.py:3239} INFO - Sync 1 DAGs
[2024-11-01T15:24:53.049+0000] {logging_mixin.py:190} INFO - [2024-11-01T15:24:53.048+0000] {dag.py:4180} INFO - Setting next_dagrun for example_branch_python_operator_decorator to 2024-10-31 00:00:00+00:00, run_after=2024-11-01 00:00:00+00:00
[2024-11-01T15:24:53.064+0000] {processor.py:208} INFO - Processing /home/airflow/.local/lib/python3.12/site-packages/airflow/example_dags/example_branch_operator_decorator.py took 0.083 seconds
[2024-11-01T15:25:23.084+0000] {processor.py:186} INFO - Started process (PID=2928) to work on /home/airflow/.local/lib/python3.12/site-packages/airflow/example_dags/example_branch_operator_decorator.py
[2024-11-01T15:25:23.085+0000] {processor.py:914} INFO - Processing file /home/airflow/.local/lib/python3.12/site-packages/airflow/example_dags/example_branch_operator_decorator.py for tasks to queue
[2024-11-01T15:25:23.086+0000] {logging_mixin.py:190} INFO - [2024-11-01T15:25:23.085+0000] {dagbag.py:588} INFO - Filling up the DagBag from /home/airflow/.local/lib/python3.12/site-packages/airflow/example_dags/example_branch_operator_decorator.py
[2024-11-01T15:25:23.098+0000] {processor.py:925} INFO - DAG(s) 'example_branch_python_operator_decorator' retrieved from /home/airflow/.local/lib/python3.12/site-packages/airflow/example_dags/example_branch_operator_decorator.py
[2024-11-01T15:25:23.115+0000] {logging_mixin.py:190} INFO - [2024-11-01T15:25:23.115+0000] {dag.py:3239} INFO - Sync 1 DAGs
[2024-11-01T15:25:23.132+0000] {logging_mixin.py:190} INFO - [2024-11-01T15:25:23.132+0000] {dag.py:4180} INFO - Setting next_dagrun for example_branch_python_operator_decorator to 2024-10-31 00:00:00+00:00, run_after=2024-11-01 00:00:00+00:00
[2024-11-01T15:25:23.145+0000] {processor.py:208} INFO - Processing /home/airflow/.local/lib/python3.12/site-packages/airflow/example_dags/example_branch_operator_decorator.py took 0.064 seconds
[2024-11-01T15:25:53.230+0000] {processor.py:186} INFO - Started process (PID=2992) to work on /home/airflow/.local/lib/python3.12/site-packages/airflow/example_dags/example_branch_operator_decorator.py
[2024-11-01T15:25:53.231+0000] {processor.py:914} INFO - Processing file /home/airflow/.local/lib/python3.12/site-packages/airflow/example_dags/example_branch_operator_decorator.py for tasks to queue
[2024-11-01T15:25:53.231+0000] {logging_mixin.py:190} INFO - [2024-11-01T15:25:53.231+0000] {dagbag.py:588} INFO - Filling up the DagBag from /home/airflow/.local/lib/python3.12/site-packages/airflow/example_dags/example_branch_operator_decorator.py
[2024-11-01T15:25:53.250+0000] {processor.py:925} INFO - DAG(s) 'example_branch_python_operator_decorator' retrieved from /home/airflow/.local/lib/python3.12/site-packages/airflow/example_dags/example_branch_operator_decorator.py
[2024-11-01T15:25:53.284+0000] {logging_mixin.py:190} INFO - [2024-11-01T15:25:53.284+0000] {dag.py:3239} INFO - Sync 1 DAGs
[2024-11-01T15:25:53.320+0000] {logging_mixin.py:190} INFO - [2024-11-01T15:25:53.319+0000] {dag.py:4180} INFO - Setting next_dagrun for example_branch_python_operator_decorator to 2024-10-31 00:00:00+00:00, run_after=2024-11-01 00:00:00+00:00
[2024-11-01T15:25:53.343+0000] {processor.py:208} INFO - Processing /home/airflow/.local/lib/python3.12/site-packages/airflow/example_dags/example_branch_operator_decorator.py took 0.118 seconds
[2024-11-01T15:26:24.040+0000] {processor.py:186} INFO - Started process (PID=3057) to work on /home/airflow/.local/lib/python3.12/site-packages/airflow/example_dags/example_branch_operator_decorator.py
[2024-11-01T15:26:24.042+0000] {processor.py:914} INFO - Processing file /home/airflow/.local/lib/python3.12/site-packages/airflow/example_dags/example_branch_operator_decorator.py for tasks to queue
[2024-11-01T15:26:24.044+0000] {logging_mixin.py:190} INFO - [2024-11-01T15:26:24.043+0000] {dagbag.py:588} INFO - Filling up the DagBag from /home/airflow/.local/lib/python3.12/site-packages/airflow/example_dags/example_branch_operator_decorator.py
[2024-11-01T15:26:24.084+0000] {processor.py:925} INFO - DAG(s) 'example_branch_python_operator_decorator' retrieved from /home/airflow/.local/lib/python3.12/site-packages/airflow/example_dags/example_branch_operator_decorator.py
[2024-11-01T15:26:24.117+0000] {logging_mixin.py:190} INFO - [2024-11-01T15:26:24.116+0000] {dag.py:3239} INFO - Sync 1 DAGs
[2024-11-01T15:26:24.143+0000] {logging_mixin.py:190} INFO - [2024-11-01T15:26:24.142+0000] {dag.py:4180} INFO - Setting next_dagrun for example_branch_python_operator_decorator to 2024-10-31 00:00:00+00:00, run_after=2024-11-01 00:00:00+00:00
[2024-11-01T15:26:24.165+0000] {processor.py:208} INFO - Processing /home/airflow/.local/lib/python3.12/site-packages/airflow/example_dags/example_branch_operator_decorator.py took 0.135 seconds
[2024-11-01T15:26:54.818+0000] {processor.py:186} INFO - Started process (PID=3123) to work on /home/airflow/.local/lib/python3.12/site-packages/airflow/example_dags/example_branch_operator_decorator.py
[2024-11-01T15:26:54.818+0000] {processor.py:914} INFO - Processing file /home/airflow/.local/lib/python3.12/site-packages/airflow/example_dags/example_branch_operator_decorator.py for tasks to queue
[2024-11-01T15:26:54.819+0000] {logging_mixin.py:190} INFO - [2024-11-01T15:26:54.819+0000] {dagbag.py:588} INFO - Filling up the DagBag from /home/airflow/.local/lib/python3.12/site-packages/airflow/example_dags/example_branch_operator_decorator.py
[2024-11-01T15:26:54.833+0000] {processor.py:925} INFO - DAG(s) 'example_branch_python_operator_decorator' retrieved from /home/airflow/.local/lib/python3.12/site-packages/airflow/example_dags/example_branch_operator_decorator.py
[2024-11-01T15:26:54.854+0000] {logging_mixin.py:190} INFO - [2024-11-01T15:26:54.853+0000] {dag.py:3239} INFO - Sync 1 DAGs
[2024-11-01T15:26:54.874+0000] {logging_mixin.py:190} INFO - [2024-11-01T15:26:54.874+0000] {dag.py:4180} INFO - Setting next_dagrun for example_branch_python_operator_decorator to 2024-10-31 00:00:00+00:00, run_after=2024-11-01 00:00:00+00:00
[2024-11-01T15:26:54.893+0000] {processor.py:208} INFO - Processing /home/airflow/.local/lib/python3.12/site-packages/airflow/example_dags/example_branch_operator_decorator.py took 0.079 seconds
[2024-11-01T15:27:25.271+0000] {processor.py:186} INFO - Started process (PID=3189) to work on /home/airflow/.local/lib/python3.12/site-packages/airflow/example_dags/example_branch_operator_decorator.py
[2024-11-01T15:27:25.271+0000] {processor.py:914} INFO - Processing file /home/airflow/.local/lib/python3.12/site-packages/airflow/example_dags/example_branch_operator_decorator.py for tasks to queue
[2024-11-01T15:27:25.272+0000] {logging_mixin.py:190} INFO - [2024-11-01T15:27:25.272+0000] {dagbag.py:588} INFO - Filling up the DagBag from /home/airflow/.local/lib/python3.12/site-packages/airflow/example_dags/example_branch_operator_decorator.py
[2024-11-01T15:27:25.286+0000] {processor.py:925} INFO - DAG(s) 'example_branch_python_operator_decorator' retrieved from /home/airflow/.local/lib/python3.12/site-packages/airflow/example_dags/example_branch_operator_decorator.py
[2024-11-01T15:27:25.305+0000] {logging_mixin.py:190} INFO - [2024-11-01T15:27:25.305+0000] {dag.py:3239} INFO - Sync 1 DAGs
[2024-11-01T15:27:25.323+0000] {logging_mixin.py:190} INFO - [2024-11-01T15:27:25.323+0000] {dag.py:4180} INFO - Setting next_dagrun for example_branch_python_operator_decorator to 2024-10-31 00:00:00+00:00, run_after=2024-11-01 00:00:00+00:00
[2024-11-01T15:27:25.337+0000] {processor.py:208} INFO - Processing /home/airflow/.local/lib/python3.12/site-packages/airflow/example_dags/example_branch_operator_decorator.py took 0.071 seconds
[2024-11-01T15:27:56.008+0000] {processor.py:186} INFO - Started process (PID=3255) to work on /home/airflow/.local/lib/python3.12/site-packages/airflow/example_dags/example_branch_operator_decorator.py
[2024-11-01T15:27:56.009+0000] {processor.py:914} INFO - Processing file /home/airflow/.local/lib/python3.12/site-packages/airflow/example_dags/example_branch_operator_decorator.py for tasks to queue
[2024-11-01T15:27:56.010+0000] {logging_mixin.py:190} INFO - [2024-11-01T15:27:56.009+0000] {dagbag.py:588} INFO - Filling up the DagBag from /home/airflow/.local/lib/python3.12/site-packages/airflow/example_dags/example_branch_operator_decorator.py
[2024-11-01T15:27:56.027+0000] {processor.py:925} INFO - DAG(s) 'example_branch_python_operator_decorator' retrieved from /home/airflow/.local/lib/python3.12/site-packages/airflow/example_dags/example_branch_operator_decorator.py
[2024-11-01T15:27:56.047+0000] {logging_mixin.py:190} INFO - [2024-11-01T15:27:56.047+0000] {dag.py:3239} INFO - Sync 1 DAGs
[2024-11-01T15:27:56.067+0000] {logging_mixin.py:190} INFO - [2024-11-01T15:27:56.066+0000] {dag.py:4180} INFO - Setting next_dagrun for example_branch_python_operator_decorator to 2024-10-31 00:00:00+00:00, run_after=2024-11-01 00:00:00+00:00
[2024-11-01T15:27:56.082+0000] {processor.py:208} INFO - Processing /home/airflow/.local/lib/python3.12/site-packages/airflow/example_dags/example_branch_operator_decorator.py took 0.079 seconds
[2024-11-01T15:28:26.366+0000] {processor.py:186} INFO - Started process (PID=3321) to work on /home/airflow/.local/lib/python3.12/site-packages/airflow/example_dags/example_branch_operator_decorator.py
[2024-11-01T15:28:26.366+0000] {processor.py:914} INFO - Processing file /home/airflow/.local/lib/python3.12/site-packages/airflow/example_dags/example_branch_operator_decorator.py for tasks to queue
[2024-11-01T15:28:26.367+0000] {logging_mixin.py:190} INFO - [2024-11-01T15:28:26.367+0000] {dagbag.py:588} INFO - Filling up the DagBag from /home/airflow/.local/lib/python3.12/site-packages/airflow/example_dags/example_branch_operator_decorator.py
[2024-11-01T15:28:26.381+0000] {processor.py:925} INFO - DAG(s) 'example_branch_python_operator_decorator' retrieved from /home/airflow/.local/lib/python3.12/site-packages/airflow/example_dags/example_branch_operator_decorator.py
[2024-11-01T15:28:26.401+0000] {logging_mixin.py:190} INFO - [2024-11-01T15:28:26.400+0000] {dag.py:3239} INFO - Sync 1 DAGs
[2024-11-01T15:28:26.419+0000] {logging_mixin.py:190} INFO - [2024-11-01T15:28:26.419+0000] {dag.py:4180} INFO - Setting next_dagrun for example_branch_python_operator_decorator to 2024-10-31 00:00:00+00:00, run_after=2024-11-01 00:00:00+00:00
[2024-11-01T15:28:26.433+0000] {processor.py:208} INFO - Processing /home/airflow/.local/lib/python3.12/site-packages/airflow/example_dags/example_branch_operator_decorator.py took 0.072 seconds
[2024-11-01T15:28:56.581+0000] {processor.py:186} INFO - Started process (PID=3387) to work on /home/airflow/.local/lib/python3.12/site-packages/airflow/example_dags/example_branch_operator_decorator.py
[2024-11-01T15:28:56.582+0000] {processor.py:914} INFO - Processing file /home/airflow/.local/lib/python3.12/site-packages/airflow/example_dags/example_branch_operator_decorator.py for tasks to queue
[2024-11-01T15:28:56.583+0000] {logging_mixin.py:190} INFO - [2024-11-01T15:28:56.582+0000] {dagbag.py:588} INFO - Filling up the DagBag from /home/airflow/.local/lib/python3.12/site-packages/airflow/example_dags/example_branch_operator_decorator.py
[2024-11-01T15:28:56.597+0000] {processor.py:925} INFO - DAG(s) 'example_branch_python_operator_decorator' retrieved from /home/airflow/.local/lib/python3.12/site-packages/airflow/example_dags/example_branch_operator_decorator.py
[2024-11-01T15:28:56.615+0000] {logging_mixin.py:190} INFO - [2024-11-01T15:28:56.615+0000] {dag.py:3239} INFO - Sync 1 DAGs
[2024-11-01T15:28:56.634+0000] {logging_mixin.py:190} INFO - [2024-11-01T15:28:56.633+0000] {dag.py:4180} INFO - Setting next_dagrun for example_branch_python_operator_decorator to 2024-10-31 00:00:00+00:00, run_after=2024-11-01 00:00:00+00:00
[2024-11-01T15:28:56.649+0000] {processor.py:208} INFO - Processing /home/airflow/.local/lib/python3.12/site-packages/airflow/example_dags/example_branch_operator_decorator.py took 0.072 seconds
[2024-11-01T15:29:26.983+0000] {processor.py:186} INFO - Started process (PID=3453) to work on /home/airflow/.local/lib/python3.12/site-packages/airflow/example_dags/example_branch_operator_decorator.py
[2024-11-01T15:29:26.983+0000] {processor.py:914} INFO - Processing file /home/airflow/.local/lib/python3.12/site-packages/airflow/example_dags/example_branch_operator_decorator.py for tasks to queue
[2024-11-01T15:29:26.984+0000] {logging_mixin.py:190} INFO - [2024-11-01T15:29:26.984+0000] {dagbag.py:588} INFO - Filling up the DagBag from /home/airflow/.local/lib/python3.12/site-packages/airflow/example_dags/example_branch_operator_decorator.py
[2024-11-01T15:29:27.002+0000] {processor.py:925} INFO - DAG(s) 'example_branch_python_operator_decorator' retrieved from /home/airflow/.local/lib/python3.12/site-packages/airflow/example_dags/example_branch_operator_decorator.py
[2024-11-01T15:29:27.023+0000] {logging_mixin.py:190} INFO - [2024-11-01T15:29:27.022+0000] {dag.py:3239} INFO - Sync 1 DAGs
[2024-11-01T15:29:27.044+0000] {logging_mixin.py:190} INFO - [2024-11-01T15:29:27.043+0000] {dag.py:4180} INFO - Setting next_dagrun for example_branch_python_operator_decorator to 2024-10-31 00:00:00+00:00, run_after=2024-11-01 00:00:00+00:00
[2024-11-01T15:29:27.060+0000] {processor.py:208} INFO - Processing /home/airflow/.local/lib/python3.12/site-packages/airflow/example_dags/example_branch_operator_decorator.py took 0.082 seconds
[2024-11-01T15:29:57.231+0000] {processor.py:186} INFO - Started process (PID=3519) to work on /home/airflow/.local/lib/python3.12/site-packages/airflow/example_dags/example_branch_operator_decorator.py
[2024-11-01T15:29:57.232+0000] {processor.py:914} INFO - Processing file /home/airflow/.local/lib/python3.12/site-packages/airflow/example_dags/example_branch_operator_decorator.py for tasks to queue
[2024-11-01T15:29:57.232+0000] {logging_mixin.py:190} INFO - [2024-11-01T15:29:57.232+0000] {dagbag.py:588} INFO - Filling up the DagBag from /home/airflow/.local/lib/python3.12/site-packages/airflow/example_dags/example_branch_operator_decorator.py
[2024-11-01T15:29:57.246+0000] {processor.py:925} INFO - DAG(s) 'example_branch_python_operator_decorator' retrieved from /home/airflow/.local/lib/python3.12/site-packages/airflow/example_dags/example_branch_operator_decorator.py
[2024-11-01T15:29:57.266+0000] {logging_mixin.py:190} INFO - [2024-11-01T15:29:57.266+0000] {dag.py:3239} INFO - Sync 1 DAGs
[2024-11-01T15:29:57.283+0000] {logging_mixin.py:190} INFO - [2024-11-01T15:29:57.283+0000] {dag.py:4180} INFO - Setting next_dagrun for example_branch_python_operator_decorator to 2024-10-31 00:00:00+00:00, run_after=2024-11-01 00:00:00+00:00
[2024-11-01T15:29:57.297+0000] {processor.py:208} INFO - Processing /home/airflow/.local/lib/python3.12/site-packages/airflow/example_dags/example_branch_operator_decorator.py took 0.070 seconds
[2024-11-01T15:30:28.103+0000] {processor.py:186} INFO - Started process (PID=3585) to work on /home/airflow/.local/lib/python3.12/site-packages/airflow/example_dags/example_branch_operator_decorator.py
[2024-11-01T15:30:28.104+0000] {processor.py:914} INFO - Processing file /home/airflow/.local/lib/python3.12/site-packages/airflow/example_dags/example_branch_operator_decorator.py for tasks to queue
[2024-11-01T15:30:28.106+0000] {logging_mixin.py:190} INFO - [2024-11-01T15:30:28.106+0000] {dagbag.py:588} INFO - Filling up the DagBag from /home/airflow/.local/lib/python3.12/site-packages/airflow/example_dags/example_branch_operator_decorator.py
[2024-11-01T15:30:28.136+0000] {processor.py:925} INFO - DAG(s) 'example_branch_python_operator_decorator' retrieved from /home/airflow/.local/lib/python3.12/site-packages/airflow/example_dags/example_branch_operator_decorator.py
[2024-11-01T15:30:28.182+0000] {logging_mixin.py:190} INFO - [2024-11-01T15:30:28.182+0000] {dag.py:3239} INFO - Sync 1 DAGs
[2024-11-01T15:30:28.217+0000] {logging_mixin.py:190} INFO - [2024-11-01T15:30:28.217+0000] {dag.py:4180} INFO - Setting next_dagrun for example_branch_python_operator_decorator to 2024-10-31 00:00:00+00:00, run_after=2024-11-01 00:00:00+00:00
[2024-11-01T15:30:28.238+0000] {processor.py:208} INFO - Processing /home/airflow/.local/lib/python3.12/site-packages/airflow/example_dags/example_branch_operator_decorator.py took 0.145 seconds
[2024-11-01T15:30:58.317+0000] {processor.py:186} INFO - Started process (PID=3651) to work on /home/airflow/.local/lib/python3.12/site-packages/airflow/example_dags/example_branch_operator_decorator.py
[2024-11-01T15:30:58.318+0000] {processor.py:914} INFO - Processing file /home/airflow/.local/lib/python3.12/site-packages/airflow/example_dags/example_branch_operator_decorator.py for tasks to queue
[2024-11-01T15:30:58.320+0000] {logging_mixin.py:190} INFO - [2024-11-01T15:30:58.319+0000] {dagbag.py:588} INFO - Filling up the DagBag from /home/airflow/.local/lib/python3.12/site-packages/airflow/example_dags/example_branch_operator_decorator.py
[2024-11-01T15:30:58.341+0000] {processor.py:925} INFO - DAG(s) 'example_branch_python_operator_decorator' retrieved from /home/airflow/.local/lib/python3.12/site-packages/airflow/example_dags/example_branch_operator_decorator.py
[2024-11-01T15:30:58.370+0000] {logging_mixin.py:190} INFO - [2024-11-01T15:30:58.369+0000] {dag.py:3239} INFO - Sync 1 DAGs
[2024-11-01T15:30:58.401+0000] {logging_mixin.py:190} INFO - [2024-11-01T15:30:58.400+0000] {dag.py:4180} INFO - Setting next_dagrun for example_branch_python_operator_decorator to 2024-10-31 00:00:00+00:00, run_after=2024-11-01 00:00:00+00:00
[2024-11-01T15:30:58.426+0000] {processor.py:208} INFO - Processing /home/airflow/.local/lib/python3.12/site-packages/airflow/example_dags/example_branch_operator_decorator.py took 0.117 seconds
[2024-11-01T15:31:29.394+0000] {processor.py:186} INFO - Started process (PID=3717) to work on /home/airflow/.local/lib/python3.12/site-packages/airflow/example_dags/example_branch_operator_decorator.py
[2024-11-01T15:31:29.395+0000] {processor.py:914} INFO - Processing file /home/airflow/.local/lib/python3.12/site-packages/airflow/example_dags/example_branch_operator_decorator.py for tasks to queue
[2024-11-01T15:31:29.396+0000] {logging_mixin.py:190} INFO - [2024-11-01T15:31:29.395+0000] {dagbag.py:588} INFO - Filling up the DagBag from /home/airflow/.local/lib/python3.12/site-packages/airflow/example_dags/example_branch_operator_decorator.py
[2024-11-01T15:31:29.418+0000] {processor.py:925} INFO - DAG(s) 'example_branch_python_operator_decorator' retrieved from /home/airflow/.local/lib/python3.12/site-packages/airflow/example_dags/example_branch_operator_decorator.py
[2024-11-01T15:31:29.444+0000] {logging_mixin.py:190} INFO - [2024-11-01T15:31:29.444+0000] {dag.py:3239} INFO - Sync 1 DAGs
[2024-11-01T15:31:29.472+0000] {logging_mixin.py:190} INFO - [2024-11-01T15:31:29.472+0000] {dag.py:4180} INFO - Setting next_dagrun for example_branch_python_operator_decorator to 2024-10-31 00:00:00+00:00, run_after=2024-11-01 00:00:00+00:00
[2024-11-01T15:31:29.492+0000] {processor.py:208} INFO - Processing /home/airflow/.local/lib/python3.12/site-packages/airflow/example_dags/example_branch_operator_decorator.py took 0.102 seconds
[2024-11-01T15:31:59.801+0000] {processor.py:186} INFO - Started process (PID=3783) to work on /home/airflow/.local/lib/python3.12/site-packages/airflow/example_dags/example_branch_operator_decorator.py
[2024-11-01T15:31:59.802+0000] {processor.py:914} INFO - Processing file /home/airflow/.local/lib/python3.12/site-packages/airflow/example_dags/example_branch_operator_decorator.py for tasks to queue
[2024-11-01T15:31:59.802+0000] {logging_mixin.py:190} INFO - [2024-11-01T15:31:59.802+0000] {dagbag.py:588} INFO - Filling up the DagBag from /home/airflow/.local/lib/python3.12/site-packages/airflow/example_dags/example_branch_operator_decorator.py
[2024-11-01T15:31:59.820+0000] {processor.py:925} INFO - DAG(s) 'example_branch_python_operator_decorator' retrieved from /home/airflow/.local/lib/python3.12/site-packages/airflow/example_dags/example_branch_operator_decorator.py
[2024-11-01T15:31:59.842+0000] {logging_mixin.py:190} INFO - [2024-11-01T15:31:59.842+0000] {dag.py:3239} INFO - Sync 1 DAGs
[2024-11-01T15:31:59.865+0000] {logging_mixin.py:190} INFO - [2024-11-01T15:31:59.864+0000] {dag.py:4180} INFO - Setting next_dagrun for example_branch_python_operator_decorator to 2024-10-31 00:00:00+00:00, run_after=2024-11-01 00:00:00+00:00
[2024-11-01T15:31:59.881+0000] {processor.py:208} INFO - Processing /home/airflow/.local/lib/python3.12/site-packages/airflow/example_dags/example_branch_operator_decorator.py took 0.085 seconds
[2024-11-01T15:32:30.098+0000] {processor.py:186} INFO - Started process (PID=3849) to work on /home/airflow/.local/lib/python3.12/site-packages/airflow/example_dags/example_branch_operator_decorator.py
[2024-11-01T15:32:30.099+0000] {processor.py:914} INFO - Processing file /home/airflow/.local/lib/python3.12/site-packages/airflow/example_dags/example_branch_operator_decorator.py for tasks to queue
[2024-11-01T15:32:30.100+0000] {logging_mixin.py:190} INFO - [2024-11-01T15:32:30.100+0000] {dagbag.py:588} INFO - Filling up the DagBag from /home/airflow/.local/lib/python3.12/site-packages/airflow/example_dags/example_branch_operator_decorator.py
[2024-11-01T15:32:30.117+0000] {processor.py:925} INFO - DAG(s) 'example_branch_python_operator_decorator' retrieved from /home/airflow/.local/lib/python3.12/site-packages/airflow/example_dags/example_branch_operator_decorator.py
[2024-11-01T15:32:30.138+0000] {logging_mixin.py:190} INFO - [2024-11-01T15:32:30.137+0000] {dag.py:3239} INFO - Sync 1 DAGs
[2024-11-01T15:32:30.159+0000] {logging_mixin.py:190} INFO - [2024-11-01T15:32:30.158+0000] {dag.py:4180} INFO - Setting next_dagrun for example_branch_python_operator_decorator to 2024-10-31 00:00:00+00:00, run_after=2024-11-01 00:00:00+00:00
[2024-11-01T15:32:30.175+0000] {processor.py:208} INFO - Processing /home/airflow/.local/lib/python3.12/site-packages/airflow/example_dags/example_branch_operator_decorator.py took 0.082 seconds
[2024-11-01T15:33:00.400+0000] {processor.py:186} INFO - Started process (PID=3915) to work on /home/airflow/.local/lib/python3.12/site-packages/airflow/example_dags/example_branch_operator_decorator.py
[2024-11-01T15:33:00.401+0000] {processor.py:914} INFO - Processing file /home/airflow/.local/lib/python3.12/site-packages/airflow/example_dags/example_branch_operator_decorator.py for tasks to queue
[2024-11-01T15:33:00.401+0000] {logging_mixin.py:190} INFO - [2024-11-01T15:33:00.401+0000] {dagbag.py:588} INFO - Filling up the DagBag from /home/airflow/.local/lib/python3.12/site-packages/airflow/example_dags/example_branch_operator_decorator.py
[2024-11-01T15:33:00.415+0000] {processor.py:925} INFO - DAG(s) 'example_branch_python_operator_decorator' retrieved from /home/airflow/.local/lib/python3.12/site-packages/airflow/example_dags/example_branch_operator_decorator.py
[2024-11-01T15:33:00.435+0000] {logging_mixin.py:190} INFO - [2024-11-01T15:33:00.435+0000] {dag.py:3239} INFO - Sync 1 DAGs
[2024-11-01T15:33:00.453+0000] {logging_mixin.py:190} INFO - [2024-11-01T15:33:00.452+0000] {dag.py:4180} INFO - Setting next_dagrun for example_branch_python_operator_decorator to 2024-10-31 00:00:00+00:00, run_after=2024-11-01 00:00:00+00:00
[2024-11-01T15:33:00.467+0000] {processor.py:208} INFO - Processing /home/airflow/.local/lib/python3.12/site-packages/airflow/example_dags/example_branch_operator_decorator.py took 0.071 seconds
[2024-11-01T15:33:31.491+0000] {processor.py:186} INFO - Started process (PID=3981) to work on /home/airflow/.local/lib/python3.12/site-packages/airflow/example_dags/example_branch_operator_decorator.py
[2024-11-01T15:33:31.492+0000] {processor.py:914} INFO - Processing file /home/airflow/.local/lib/python3.12/site-packages/airflow/example_dags/example_branch_operator_decorator.py for tasks to queue
[2024-11-01T15:33:31.493+0000] {logging_mixin.py:190} INFO - [2024-11-01T15:33:31.492+0000] {dagbag.py:588} INFO - Filling up the DagBag from /home/airflow/.local/lib/python3.12/site-packages/airflow/example_dags/example_branch_operator_decorator.py
[2024-11-01T15:33:31.506+0000] {processor.py:925} INFO - DAG(s) 'example_branch_python_operator_decorator' retrieved from /home/airflow/.local/lib/python3.12/site-packages/airflow/example_dags/example_branch_operator_decorator.py
[2024-11-01T15:33:31.526+0000] {logging_mixin.py:190} INFO - [2024-11-01T15:33:31.525+0000] {dag.py:3239} INFO - Sync 1 DAGs
[2024-11-01T15:33:31.543+0000] {logging_mixin.py:190} INFO - [2024-11-01T15:33:31.543+0000] {dag.py:4180} INFO - Setting next_dagrun for example_branch_python_operator_decorator to 2024-10-31 00:00:00+00:00, run_after=2024-11-01 00:00:00+00:00
[2024-11-01T15:33:31.558+0000] {processor.py:208} INFO - Processing /home/airflow/.local/lib/python3.12/site-packages/airflow/example_dags/example_branch_operator_decorator.py took 0.070 seconds
[2024-11-01T15:34:02.197+0000] {processor.py:186} INFO - Started process (PID=4047) to work on /home/airflow/.local/lib/python3.12/site-packages/airflow/example_dags/example_branch_operator_decorator.py
[2024-11-01T15:34:02.198+0000] {processor.py:914} INFO - Processing file /home/airflow/.local/lib/python3.12/site-packages/airflow/example_dags/example_branch_operator_decorator.py for tasks to queue
[2024-11-01T15:34:02.199+0000] {logging_mixin.py:190} INFO - [2024-11-01T15:34:02.198+0000] {dagbag.py:588} INFO - Filling up the DagBag from /home/airflow/.local/lib/python3.12/site-packages/airflow/example_dags/example_branch_operator_decorator.py
[2024-11-01T15:34:02.218+0000] {processor.py:925} INFO - DAG(s) 'example_branch_python_operator_decorator' retrieved from /home/airflow/.local/lib/python3.12/site-packages/airflow/example_dags/example_branch_operator_decorator.py
[2024-11-01T15:34:02.242+0000] {logging_mixin.py:190} INFO - [2024-11-01T15:34:02.242+0000] {dag.py:3239} INFO - Sync 1 DAGs
[2024-11-01T15:34:02.266+0000] {logging_mixin.py:190} INFO - [2024-11-01T15:34:02.265+0000] {dag.py:4180} INFO - Setting next_dagrun for example_branch_python_operator_decorator to 2024-10-31 00:00:00+00:00, run_after=2024-11-01 00:00:00+00:00
[2024-11-01T15:34:02.311+0000] {processor.py:208} INFO - Processing /home/airflow/.local/lib/python3.12/site-packages/airflow/example_dags/example_branch_operator_decorator.py took 0.120 seconds
[2024-11-01T15:34:32.378+0000] {processor.py:186} INFO - Started process (PID=4113) to work on /home/airflow/.local/lib/python3.12/site-packages/airflow/example_dags/example_branch_operator_decorator.py
[2024-11-01T15:34:32.379+0000] {processor.py:914} INFO - Processing file /home/airflow/.local/lib/python3.12/site-packages/airflow/example_dags/example_branch_operator_decorator.py for tasks to queue
[2024-11-01T15:34:32.380+0000] {logging_mixin.py:190} INFO - [2024-11-01T15:34:32.380+0000] {dagbag.py:588} INFO - Filling up the DagBag from /home/airflow/.local/lib/python3.12/site-packages/airflow/example_dags/example_branch_operator_decorator.py
[2024-11-01T15:34:32.393+0000] {processor.py:925} INFO - DAG(s) 'example_branch_python_operator_decorator' retrieved from /home/airflow/.local/lib/python3.12/site-packages/airflow/example_dags/example_branch_operator_decorator.py
[2024-11-01T15:34:32.413+0000] {logging_mixin.py:190} INFO - [2024-11-01T15:34:32.413+0000] {dag.py:3239} INFO - Sync 1 DAGs
[2024-11-01T15:34:32.432+0000] {logging_mixin.py:190} INFO - [2024-11-01T15:34:32.432+0000] {dag.py:4180} INFO - Setting next_dagrun for example_branch_python_operator_decorator to 2024-10-31 00:00:00+00:00, run_after=2024-11-01 00:00:00+00:00
[2024-11-01T15:34:32.447+0000] {processor.py:208} INFO - Processing /home/airflow/.local/lib/python3.12/site-packages/airflow/example_dags/example_branch_operator_decorator.py took 0.072 seconds
[2024-11-01T15:35:02.791+0000] {processor.py:186} INFO - Started process (PID=4179) to work on /home/airflow/.local/lib/python3.12/site-packages/airflow/example_dags/example_branch_operator_decorator.py
[2024-11-01T15:35:02.793+0000] {processor.py:914} INFO - Processing file /home/airflow/.local/lib/python3.12/site-packages/airflow/example_dags/example_branch_operator_decorator.py for tasks to queue
[2024-11-01T15:35:02.794+0000] {logging_mixin.py:190} INFO - [2024-11-01T15:35:02.794+0000] {dagbag.py:588} INFO - Filling up the DagBag from /home/airflow/.local/lib/python3.12/site-packages/airflow/example_dags/example_branch_operator_decorator.py
[2024-11-01T15:35:02.815+0000] {processor.py:925} INFO - DAG(s) 'example_branch_python_operator_decorator' retrieved from /home/airflow/.local/lib/python3.12/site-packages/airflow/example_dags/example_branch_operator_decorator.py
[2024-11-01T15:35:02.841+0000] {logging_mixin.py:190} INFO - [2024-11-01T15:35:02.840+0000] {dag.py:3239} INFO - Sync 1 DAGs
[2024-11-01T15:35:02.863+0000] {logging_mixin.py:190} INFO - [2024-11-01T15:35:02.862+0000] {dag.py:4180} INFO - Setting next_dagrun for example_branch_python_operator_decorator to 2024-10-31 00:00:00+00:00, run_after=2024-11-01 00:00:00+00:00
[2024-11-01T15:35:02.879+0000] {processor.py:208} INFO - Processing /home/airflow/.local/lib/python3.12/site-packages/airflow/example_dags/example_branch_operator_decorator.py took 0.092 seconds
[2024-11-01T15:35:33.021+0000] {processor.py:186} INFO - Started process (PID=4245) to work on /home/airflow/.local/lib/python3.12/site-packages/airflow/example_dags/example_branch_operator_decorator.py
[2024-11-01T15:35:33.022+0000] {processor.py:914} INFO - Processing file /home/airflow/.local/lib/python3.12/site-packages/airflow/example_dags/example_branch_operator_decorator.py for tasks to queue
[2024-11-01T15:35:33.023+0000] {logging_mixin.py:190} INFO - [2024-11-01T15:35:33.023+0000] {dagbag.py:588} INFO - Filling up the DagBag from /home/airflow/.local/lib/python3.12/site-packages/airflow/example_dags/example_branch_operator_decorator.py
[2024-11-01T15:35:33.044+0000] {processor.py:925} INFO - DAG(s) 'example_branch_python_operator_decorator' retrieved from /home/airflow/.local/lib/python3.12/site-packages/airflow/example_dags/example_branch_operator_decorator.py
[2024-11-01T15:35:33.069+0000] {logging_mixin.py:190} INFO - [2024-11-01T15:35:33.069+0000] {dag.py:3239} INFO - Sync 1 DAGs
[2024-11-01T15:35:33.094+0000] {logging_mixin.py:190} INFO - [2024-11-01T15:35:33.094+0000] {dag.py:4180} INFO - Setting next_dagrun for example_branch_python_operator_decorator to 2024-10-31 00:00:00+00:00, run_after=2024-11-01 00:00:00+00:00
[2024-11-01T15:35:33.113+0000] {processor.py:208} INFO - Processing /home/airflow/.local/lib/python3.12/site-packages/airflow/example_dags/example_branch_operator_decorator.py took 0.097 seconds
[2024-11-01T15:36:03.605+0000] {processor.py:186} INFO - Started process (PID=4311) to work on /home/airflow/.local/lib/python3.12/site-packages/airflow/example_dags/example_branch_operator_decorator.py
[2024-11-01T15:36:03.605+0000] {processor.py:914} INFO - Processing file /home/airflow/.local/lib/python3.12/site-packages/airflow/example_dags/example_branch_operator_decorator.py for tasks to queue
[2024-11-01T15:36:03.606+0000] {logging_mixin.py:190} INFO - [2024-11-01T15:36:03.606+0000] {dagbag.py:588} INFO - Filling up the DagBag from /home/airflow/.local/lib/python3.12/site-packages/airflow/example_dags/example_branch_operator_decorator.py
[2024-11-01T15:36:03.620+0000] {processor.py:925} INFO - DAG(s) 'example_branch_python_operator_decorator' retrieved from /home/airflow/.local/lib/python3.12/site-packages/airflow/example_dags/example_branch_operator_decorator.py
[2024-11-01T15:36:03.637+0000] {logging_mixin.py:190} INFO - [2024-11-01T15:36:03.637+0000] {dag.py:3239} INFO - Sync 1 DAGs
[2024-11-01T15:36:03.653+0000] {logging_mixin.py:190} INFO - [2024-11-01T15:36:03.652+0000] {dag.py:4180} INFO - Setting next_dagrun for example_branch_python_operator_decorator to 2024-10-31 00:00:00+00:00, run_after=2024-11-01 00:00:00+00:00
[2024-11-01T15:36:03.666+0000] {processor.py:208} INFO - Processing /home/airflow/.local/lib/python3.12/site-packages/airflow/example_dags/example_branch_operator_decorator.py took 0.064 seconds
[2024-11-01T15:36:34.198+0000] {processor.py:186} INFO - Started process (PID=4377) to work on /home/airflow/.local/lib/python3.12/site-packages/airflow/example_dags/example_branch_operator_decorator.py
[2024-11-01T15:36:34.199+0000] {processor.py:914} INFO - Processing file /home/airflow/.local/lib/python3.12/site-packages/airflow/example_dags/example_branch_operator_decorator.py for tasks to queue
[2024-11-01T15:36:34.200+0000] {logging_mixin.py:190} INFO - [2024-11-01T15:36:34.200+0000] {dagbag.py:588} INFO - Filling up the DagBag from /home/airflow/.local/lib/python3.12/site-packages/airflow/example_dags/example_branch_operator_decorator.py
[2024-11-01T15:36:34.223+0000] {processor.py:925} INFO - DAG(s) 'example_branch_python_operator_decorator' retrieved from /home/airflow/.local/lib/python3.12/site-packages/airflow/example_dags/example_branch_operator_decorator.py
[2024-11-01T15:36:34.252+0000] {logging_mixin.py:190} INFO - [2024-11-01T15:36:34.251+0000] {dag.py:3239} INFO - Sync 1 DAGs
[2024-11-01T15:36:34.278+0000] {logging_mixin.py:190} INFO - [2024-11-01T15:36:34.278+0000] {dag.py:4180} INFO - Setting next_dagrun for example_branch_python_operator_decorator to 2024-10-31 00:00:00+00:00, run_after=2024-11-01 00:00:00+00:00
[2024-11-01T15:36:34.297+0000] {processor.py:208} INFO - Processing /home/airflow/.local/lib/python3.12/site-packages/airflow/example_dags/example_branch_operator_decorator.py took 0.104 seconds
[2024-11-01T15:37:04.871+0000] {processor.py:186} INFO - Started process (PID=4442) to work on /home/airflow/.local/lib/python3.12/site-packages/airflow/example_dags/example_branch_operator_decorator.py
[2024-11-01T15:37:04.872+0000] {processor.py:914} INFO - Processing file /home/airflow/.local/lib/python3.12/site-packages/airflow/example_dags/example_branch_operator_decorator.py for tasks to queue
[2024-11-01T15:37:04.873+0000] {logging_mixin.py:190} INFO - [2024-11-01T15:37:04.872+0000] {dagbag.py:588} INFO - Filling up the DagBag from /home/airflow/.local/lib/python3.12/site-packages/airflow/example_dags/example_branch_operator_decorator.py
[2024-11-01T15:37:04.888+0000] {processor.py:925} INFO - DAG(s) 'example_branch_python_operator_decorator' retrieved from /home/airflow/.local/lib/python3.12/site-packages/airflow/example_dags/example_branch_operator_decorator.py
[2024-11-01T15:37:04.907+0000] {logging_mixin.py:190} INFO - [2024-11-01T15:37:04.907+0000] {dag.py:3239} INFO - Sync 1 DAGs
[2024-11-01T15:37:04.926+0000] {logging_mixin.py:190} INFO - [2024-11-01T15:37:04.926+0000] {dag.py:4180} INFO - Setting next_dagrun for example_branch_python_operator_decorator to 2024-10-31 00:00:00+00:00, run_after=2024-11-01 00:00:00+00:00
[2024-11-01T15:37:04.941+0000] {processor.py:208} INFO - Processing /home/airflow/.local/lib/python3.12/site-packages/airflow/example_dags/example_branch_operator_decorator.py took 0.074 seconds
[2024-11-01T15:37:35.290+0000] {processor.py:186} INFO - Started process (PID=4508) to work on /home/airflow/.local/lib/python3.12/site-packages/airflow/example_dags/example_branch_operator_decorator.py
[2024-11-01T15:37:35.291+0000] {processor.py:914} INFO - Processing file /home/airflow/.local/lib/python3.12/site-packages/airflow/example_dags/example_branch_operator_decorator.py for tasks to queue
[2024-11-01T15:37:35.292+0000] {logging_mixin.py:190} INFO - [2024-11-01T15:37:35.291+0000] {dagbag.py:588} INFO - Filling up the DagBag from /home/airflow/.local/lib/python3.12/site-packages/airflow/example_dags/example_branch_operator_decorator.py
[2024-11-01T15:37:35.308+0000] {processor.py:925} INFO - DAG(s) 'example_branch_python_operator_decorator' retrieved from /home/airflow/.local/lib/python3.12/site-packages/airflow/example_dags/example_branch_operator_decorator.py
[2024-11-01T15:37:35.328+0000] {logging_mixin.py:190} INFO - [2024-11-01T15:37:35.328+0000] {dag.py:3239} INFO - Sync 1 DAGs
[2024-11-01T15:37:35.346+0000] {logging_mixin.py:190} INFO - [2024-11-01T15:37:35.346+0000] {dag.py:4180} INFO - Setting next_dagrun for example_branch_python_operator_decorator to 2024-10-31 00:00:00+00:00, run_after=2024-11-01 00:00:00+00:00
[2024-11-01T15:37:35.360+0000] {processor.py:208} INFO - Processing /home/airflow/.local/lib/python3.12/site-packages/airflow/example_dags/example_branch_operator_decorator.py took 0.076 seconds
[2024-11-01T15:38:05.803+0000] {processor.py:186} INFO - Started process (PID=4574) to work on /home/airflow/.local/lib/python3.12/site-packages/airflow/example_dags/example_branch_operator_decorator.py
[2024-11-01T15:38:05.804+0000] {processor.py:914} INFO - Processing file /home/airflow/.local/lib/python3.12/site-packages/airflow/example_dags/example_branch_operator_decorator.py for tasks to queue
[2024-11-01T15:38:05.805+0000] {logging_mixin.py:190} INFO - [2024-11-01T15:38:05.805+0000] {dagbag.py:588} INFO - Filling up the DagBag from /home/airflow/.local/lib/python3.12/site-packages/airflow/example_dags/example_branch_operator_decorator.py
[2024-11-01T15:38:05.824+0000] {processor.py:925} INFO - DAG(s) 'example_branch_python_operator_decorator' retrieved from /home/airflow/.local/lib/python3.12/site-packages/airflow/example_dags/example_branch_operator_decorator.py
[2024-11-01T15:38:05.846+0000] {logging_mixin.py:190} INFO - [2024-11-01T15:38:05.846+0000] {dag.py:3239} INFO - Sync 1 DAGs
[2024-11-01T15:38:05.867+0000] {logging_mixin.py:190} INFO - [2024-11-01T15:38:05.866+0000] {dag.py:4180} INFO - Setting next_dagrun for example_branch_python_operator_decorator to 2024-10-31 00:00:00+00:00, run_after=2024-11-01 00:00:00+00:00
[2024-11-01T15:38:05.882+0000] {processor.py:208} INFO - Processing /home/airflow/.local/lib/python3.12/site-packages/airflow/example_dags/example_branch_operator_decorator.py took 0.084 seconds
[2024-11-01T15:38:36.141+0000] {processor.py:186} INFO - Started process (PID=4640) to work on /home/airflow/.local/lib/python3.12/site-packages/airflow/example_dags/example_branch_operator_decorator.py
[2024-11-01T15:38:36.142+0000] {processor.py:914} INFO - Processing file /home/airflow/.local/lib/python3.12/site-packages/airflow/example_dags/example_branch_operator_decorator.py for tasks to queue
[2024-11-01T15:38:36.143+0000] {logging_mixin.py:190} INFO - [2024-11-01T15:38:36.143+0000] {dagbag.py:588} INFO - Filling up the DagBag from /home/airflow/.local/lib/python3.12/site-packages/airflow/example_dags/example_branch_operator_decorator.py
[2024-11-01T15:38:36.158+0000] {processor.py:925} INFO - DAG(s) 'example_branch_python_operator_decorator' retrieved from /home/airflow/.local/lib/python3.12/site-packages/airflow/example_dags/example_branch_operator_decorator.py
[2024-11-01T15:38:36.178+0000] {logging_mixin.py:190} INFO - [2024-11-01T15:38:36.177+0000] {dag.py:3239} INFO - Sync 1 DAGs
[2024-11-01T15:38:36.194+0000] {logging_mixin.py:190} INFO - [2024-11-01T15:38:36.194+0000] {dag.py:4180} INFO - Setting next_dagrun for example_branch_python_operator_decorator to 2024-10-31 00:00:00+00:00, run_after=2024-11-01 00:00:00+00:00
[2024-11-01T15:38:36.210+0000] {processor.py:208} INFO - Processing /home/airflow/.local/lib/python3.12/site-packages/airflow/example_dags/example_branch_operator_decorator.py took 0.073 seconds
[2024-11-01T15:39:06.539+0000] {processor.py:186} INFO - Started process (PID=4706) to work on /home/airflow/.local/lib/python3.12/site-packages/airflow/example_dags/example_branch_operator_decorator.py
[2024-11-01T15:39:06.539+0000] {processor.py:914} INFO - Processing file /home/airflow/.local/lib/python3.12/site-packages/airflow/example_dags/example_branch_operator_decorator.py for tasks to queue
[2024-11-01T15:39:06.540+0000] {logging_mixin.py:190} INFO - [2024-11-01T15:39:06.540+0000] {dagbag.py:588} INFO - Filling up the DagBag from /home/airflow/.local/lib/python3.12/site-packages/airflow/example_dags/example_branch_operator_decorator.py
[2024-11-01T15:39:06.554+0000] {processor.py:925} INFO - DAG(s) 'example_branch_python_operator_decorator' retrieved from /home/airflow/.local/lib/python3.12/site-packages/airflow/example_dags/example_branch_operator_decorator.py
[2024-11-01T15:39:06.574+0000] {logging_mixin.py:190} INFO - [2024-11-01T15:39:06.573+0000] {dag.py:3239} INFO - Sync 1 DAGs
[2024-11-01T15:39:06.592+0000] {logging_mixin.py:190} INFO - [2024-11-01T15:39:06.592+0000] {dag.py:4180} INFO - Setting next_dagrun for example_branch_python_operator_decorator to 2024-10-31 00:00:00+00:00, run_after=2024-11-01 00:00:00+00:00
[2024-11-01T15:39:06.609+0000] {processor.py:208} INFO - Processing /home/airflow/.local/lib/python3.12/site-packages/airflow/example_dags/example_branch_operator_decorator.py took 0.075 seconds
[2024-11-01T15:39:36.742+0000] {processor.py:186} INFO - Started process (PID=4772) to work on /home/airflow/.local/lib/python3.12/site-packages/airflow/example_dags/example_branch_operator_decorator.py
[2024-11-01T15:39:36.743+0000] {processor.py:914} INFO - Processing file /home/airflow/.local/lib/python3.12/site-packages/airflow/example_dags/example_branch_operator_decorator.py for tasks to queue
[2024-11-01T15:39:36.744+0000] {logging_mixin.py:190} INFO - [2024-11-01T15:39:36.744+0000] {dagbag.py:588} INFO - Filling up the DagBag from /home/airflow/.local/lib/python3.12/site-packages/airflow/example_dags/example_branch_operator_decorator.py
[2024-11-01T15:39:36.767+0000] {processor.py:925} INFO - DAG(s) 'example_branch_python_operator_decorator' retrieved from /home/airflow/.local/lib/python3.12/site-packages/airflow/example_dags/example_branch_operator_decorator.py
[2024-11-01T15:39:36.795+0000] {logging_mixin.py:190} INFO - [2024-11-01T15:39:36.795+0000] {dag.py:3239} INFO - Sync 1 DAGs
[2024-11-01T15:39:36.824+0000] {logging_mixin.py:190} INFO - [2024-11-01T15:39:36.824+0000] {dag.py:4180} INFO - Setting next_dagrun for example_branch_python_operator_decorator to 2024-10-31 00:00:00+00:00, run_after=2024-11-01 00:00:00+00:00
[2024-11-01T15:39:36.841+0000] {processor.py:208} INFO - Processing /home/airflow/.local/lib/python3.12/site-packages/airflow/example_dags/example_branch_operator_decorator.py took 0.103 seconds
[2024-11-01T15:40:07.086+0000] {processor.py:186} INFO - Started process (PID=4838) to work on /home/airflow/.local/lib/python3.12/site-packages/airflow/example_dags/example_branch_operator_decorator.py
[2024-11-01T15:40:07.088+0000] {processor.py:914} INFO - Processing file /home/airflow/.local/lib/python3.12/site-packages/airflow/example_dags/example_branch_operator_decorator.py for tasks to queue
[2024-11-01T15:40:07.089+0000] {logging_mixin.py:190} INFO - [2024-11-01T15:40:07.088+0000] {dagbag.py:588} INFO - Filling up the DagBag from /home/airflow/.local/lib/python3.12/site-packages/airflow/example_dags/example_branch_operator_decorator.py
[2024-11-01T15:40:07.106+0000] {processor.py:925} INFO - DAG(s) 'example_branch_python_operator_decorator' retrieved from /home/airflow/.local/lib/python3.12/site-packages/airflow/example_dags/example_branch_operator_decorator.py
[2024-11-01T15:40:07.126+0000] {logging_mixin.py:190} INFO - [2024-11-01T15:40:07.126+0000] {dag.py:3239} INFO - Sync 1 DAGs
[2024-11-01T15:40:07.144+0000] {logging_mixin.py:190} INFO - [2024-11-01T15:40:07.144+0000] {dag.py:4180} INFO - Setting next_dagrun for example_branch_python_operator_decorator to 2024-10-31 00:00:00+00:00, run_after=2024-11-01 00:00:00+00:00
[2024-11-01T15:40:07.158+0000] {processor.py:208} INFO - Processing /home/airflow/.local/lib/python3.12/site-packages/airflow/example_dags/example_branch_operator_decorator.py took 0.075 seconds
[2024-11-01T15:40:37.773+0000] {processor.py:186} INFO - Started process (PID=4905) to work on /home/airflow/.local/lib/python3.12/site-packages/airflow/example_dags/example_branch_operator_decorator.py
[2024-11-01T15:40:37.774+0000] {processor.py:914} INFO - Processing file /home/airflow/.local/lib/python3.12/site-packages/airflow/example_dags/example_branch_operator_decorator.py for tasks to queue
[2024-11-01T15:40:37.775+0000] {logging_mixin.py:190} INFO - [2024-11-01T15:40:37.774+0000] {dagbag.py:588} INFO - Filling up the DagBag from /home/airflow/.local/lib/python3.12/site-packages/airflow/example_dags/example_branch_operator_decorator.py
[2024-11-01T15:40:37.794+0000] {processor.py:925} INFO - DAG(s) 'example_branch_python_operator_decorator' retrieved from /home/airflow/.local/lib/python3.12/site-packages/airflow/example_dags/example_branch_operator_decorator.py
[2024-11-01T15:40:37.820+0000] {logging_mixin.py:190} INFO - [2024-11-01T15:40:37.820+0000] {dag.py:3239} INFO - Sync 1 DAGs
[2024-11-01T15:40:37.839+0000] {logging_mixin.py:190} INFO - [2024-11-01T15:40:37.839+0000] {dag.py:4180} INFO - Setting next_dagrun for example_branch_python_operator_decorator to 2024-10-31 00:00:00+00:00, run_after=2024-11-01 00:00:00+00:00
[2024-11-01T15:40:37.856+0000] {processor.py:208} INFO - Processing /home/airflow/.local/lib/python3.12/site-packages/airflow/example_dags/example_branch_operator_decorator.py took 0.088 seconds
[2024-11-01T15:42:07.544+0000] {processor.py:186} INFO - Started process (PID=4977) to work on /home/airflow/.local/lib/python3.12/site-packages/airflow/example_dags/example_branch_operator_decorator.py
[2024-11-01T15:42:07.544+0000] {processor.py:914} INFO - Processing file /home/airflow/.local/lib/python3.12/site-packages/airflow/example_dags/example_branch_operator_decorator.py for tasks to queue
[2024-11-01T15:42:07.545+0000] {logging_mixin.py:190} INFO - [2024-11-01T15:42:07.545+0000] {dagbag.py:588} INFO - Filling up the DagBag from /home/airflow/.local/lib/python3.12/site-packages/airflow/example_dags/example_branch_operator_decorator.py
[2024-11-01T15:42:07.566+0000] {processor.py:925} INFO - DAG(s) 'example_branch_python_operator_decorator' retrieved from /home/airflow/.local/lib/python3.12/site-packages/airflow/example_dags/example_branch_operator_decorator.py
[2024-11-01T15:42:07.601+0000] {logging_mixin.py:190} INFO - [2024-11-01T15:42:07.601+0000] {dag.py:3239} INFO - Sync 1 DAGs
[2024-11-01T15:42:07.627+0000] {logging_mixin.py:190} INFO - [2024-11-01T15:42:07.627+0000] {dag.py:4180} INFO - Setting next_dagrun for example_branch_python_operator_decorator to 2024-10-31 00:00:00+00:00, run_after=2024-11-01 00:00:00+00:00
[2024-11-01T15:42:07.646+0000] {processor.py:208} INFO - Processing /home/airflow/.local/lib/python3.12/site-packages/airflow/example_dags/example_branch_operator_decorator.py took 0.108 seconds
[2024-11-01T15:42:38.232+0000] {processor.py:186} INFO - Started process (PID=5043) to work on /home/airflow/.local/lib/python3.12/site-packages/airflow/example_dags/example_branch_operator_decorator.py
[2024-11-01T15:42:38.233+0000] {processor.py:914} INFO - Processing file /home/airflow/.local/lib/python3.12/site-packages/airflow/example_dags/example_branch_operator_decorator.py for tasks to queue
[2024-11-01T15:42:38.234+0000] {logging_mixin.py:190} INFO - [2024-11-01T15:42:38.233+0000] {dagbag.py:588} INFO - Filling up the DagBag from /home/airflow/.local/lib/python3.12/site-packages/airflow/example_dags/example_branch_operator_decorator.py
[2024-11-01T15:42:38.250+0000] {processor.py:925} INFO - DAG(s) 'example_branch_python_operator_decorator' retrieved from /home/airflow/.local/lib/python3.12/site-packages/airflow/example_dags/example_branch_operator_decorator.py
[2024-11-01T15:42:38.271+0000] {logging_mixin.py:190} INFO - [2024-11-01T15:42:38.271+0000] {dag.py:3239} INFO - Sync 1 DAGs
[2024-11-01T15:42:38.291+0000] {logging_mixin.py:190} INFO - [2024-11-01T15:42:38.291+0000] {dag.py:4180} INFO - Setting next_dagrun for example_branch_python_operator_decorator to 2024-10-31 00:00:00+00:00, run_after=2024-11-01 00:00:00+00:00
[2024-11-01T15:42:38.310+0000] {processor.py:208} INFO - Processing /home/airflow/.local/lib/python3.12/site-packages/airflow/example_dags/example_branch_operator_decorator.py took 0.082 seconds
[2024-11-01T15:43:08.769+0000] {processor.py:186} INFO - Started process (PID=5109) to work on /home/airflow/.local/lib/python3.12/site-packages/airflow/example_dags/example_branch_operator_decorator.py
[2024-11-01T15:43:08.770+0000] {processor.py:914} INFO - Processing file /home/airflow/.local/lib/python3.12/site-packages/airflow/example_dags/example_branch_operator_decorator.py for tasks to queue
[2024-11-01T15:43:08.770+0000] {logging_mixin.py:190} INFO - [2024-11-01T15:43:08.770+0000] {dagbag.py:588} INFO - Filling up the DagBag from /home/airflow/.local/lib/python3.12/site-packages/airflow/example_dags/example_branch_operator_decorator.py
[2024-11-01T15:43:08.786+0000] {processor.py:925} INFO - DAG(s) 'example_branch_python_operator_decorator' retrieved from /home/airflow/.local/lib/python3.12/site-packages/airflow/example_dags/example_branch_operator_decorator.py
[2024-11-01T15:43:08.808+0000] {logging_mixin.py:190} INFO - [2024-11-01T15:43:08.808+0000] {dag.py:3239} INFO - Sync 1 DAGs
[2024-11-01T15:43:08.827+0000] {logging_mixin.py:190} INFO - [2024-11-01T15:43:08.827+0000] {dag.py:4180} INFO - Setting next_dagrun for example_branch_python_operator_decorator to 2024-10-31 00:00:00+00:00, run_after=2024-11-01 00:00:00+00:00
[2024-11-01T15:43:08.844+0000] {processor.py:208} INFO - Processing /home/airflow/.local/lib/python3.12/site-packages/airflow/example_dags/example_branch_operator_decorator.py took 0.079 seconds
[2024-11-01T15:49:03.769+0000] {processor.py:186} INFO - Started process (PID=81) to work on /home/airflow/.local/lib/python3.12/site-packages/airflow/example_dags/example_branch_operator_decorator.py
[2024-11-01T15:49:03.770+0000] {processor.py:914} INFO - Processing file /home/airflow/.local/lib/python3.12/site-packages/airflow/example_dags/example_branch_operator_decorator.py for tasks to queue
[2024-11-01T15:49:03.772+0000] {logging_mixin.py:190} INFO - [2024-11-01T15:49:03.771+0000] {dagbag.py:588} INFO - Filling up the DagBag from /home/airflow/.local/lib/python3.12/site-packages/airflow/example_dags/example_branch_operator_decorator.py
[2024-11-01T15:49:03.796+0000] {processor.py:925} INFO - DAG(s) 'example_branch_python_operator_decorator' retrieved from /home/airflow/.local/lib/python3.12/site-packages/airflow/example_dags/example_branch_operator_decorator.py
[2024-11-01T15:49:03.892+0000] {logging_mixin.py:190} INFO - [2024-11-01T15:49:03.891+0000] {dag.py:3239} INFO - Sync 1 DAGs
[2024-11-01T15:49:03.911+0000] {logging_mixin.py:190} INFO - [2024-11-01T15:49:03.910+0000] {dag.py:4180} INFO - Setting next_dagrun for example_branch_python_operator_decorator to 2024-10-31 00:00:00+00:00, run_after=2024-11-01 00:00:00+00:00
[2024-11-01T15:49:03.929+0000] {processor.py:208} INFO - Processing /home/airflow/.local/lib/python3.12/site-packages/airflow/example_dags/example_branch_operator_decorator.py took 0.164 seconds
[2024-11-01T15:49:34.099+0000] {processor.py:186} INFO - Started process (PID=146) to work on /home/airflow/.local/lib/python3.12/site-packages/airflow/example_dags/example_branch_operator_decorator.py
[2024-11-01T15:49:34.100+0000] {processor.py:914} INFO - Processing file /home/airflow/.local/lib/python3.12/site-packages/airflow/example_dags/example_branch_operator_decorator.py for tasks to queue
[2024-11-01T15:49:34.102+0000] {logging_mixin.py:190} INFO - [2024-11-01T15:49:34.102+0000] {dagbag.py:588} INFO - Filling up the DagBag from /home/airflow/.local/lib/python3.12/site-packages/airflow/example_dags/example_branch_operator_decorator.py
[2024-11-01T15:49:34.120+0000] {processor.py:925} INFO - DAG(s) 'example_branch_python_operator_decorator' retrieved from /home/airflow/.local/lib/python3.12/site-packages/airflow/example_dags/example_branch_operator_decorator.py
[2024-11-01T15:49:34.141+0000] {logging_mixin.py:190} INFO - [2024-11-01T15:49:34.141+0000] {dag.py:3239} INFO - Sync 1 DAGs
[2024-11-01T15:49:34.160+0000] {logging_mixin.py:190} INFO - [2024-11-01T15:49:34.159+0000] {dag.py:4180} INFO - Setting next_dagrun for example_branch_python_operator_decorator to 2024-10-31 00:00:00+00:00, run_after=2024-11-01 00:00:00+00:00
[2024-11-01T15:49:34.174+0000] {processor.py:208} INFO - Processing /home/airflow/.local/lib/python3.12/site-packages/airflow/example_dags/example_branch_operator_decorator.py took 0.080 seconds
[2024-11-01T15:50:04.784+0000] {processor.py:186} INFO - Started process (PID=212) to work on /home/airflow/.local/lib/python3.12/site-packages/airflow/example_dags/example_branch_operator_decorator.py
[2024-11-01T15:50:04.785+0000] {processor.py:914} INFO - Processing file /home/airflow/.local/lib/python3.12/site-packages/airflow/example_dags/example_branch_operator_decorator.py for tasks to queue
[2024-11-01T15:50:04.787+0000] {logging_mixin.py:190} INFO - [2024-11-01T15:50:04.786+0000] {dagbag.py:588} INFO - Filling up the DagBag from /home/airflow/.local/lib/python3.12/site-packages/airflow/example_dags/example_branch_operator_decorator.py
[2024-11-01T15:50:04.803+0000] {processor.py:925} INFO - DAG(s) 'example_branch_python_operator_decorator' retrieved from /home/airflow/.local/lib/python3.12/site-packages/airflow/example_dags/example_branch_operator_decorator.py
[2024-11-01T15:50:04.822+0000] {logging_mixin.py:190} INFO - [2024-11-01T15:50:04.822+0000] {dag.py:3239} INFO - Sync 1 DAGs
[2024-11-01T15:50:04.837+0000] {logging_mixin.py:190} INFO - [2024-11-01T15:50:04.836+0000] {dag.py:4180} INFO - Setting next_dagrun for example_branch_python_operator_decorator to 2024-10-31 00:00:00+00:00, run_after=2024-11-01 00:00:00+00:00
[2024-11-01T15:50:04.850+0000] {processor.py:208} INFO - Processing /home/airflow/.local/lib/python3.12/site-packages/airflow/example_dags/example_branch_operator_decorator.py took 0.070 seconds
[2024-11-01T15:50:35.706+0000] {processor.py:186} INFO - Started process (PID=278) to work on /home/airflow/.local/lib/python3.12/site-packages/airflow/example_dags/example_branch_operator_decorator.py
[2024-11-01T15:50:35.707+0000] {processor.py:914} INFO - Processing file /home/airflow/.local/lib/python3.12/site-packages/airflow/example_dags/example_branch_operator_decorator.py for tasks to queue
[2024-11-01T15:50:35.708+0000] {logging_mixin.py:190} INFO - [2024-11-01T15:50:35.708+0000] {dagbag.py:588} INFO - Filling up the DagBag from /home/airflow/.local/lib/python3.12/site-packages/airflow/example_dags/example_branch_operator_decorator.py
[2024-11-01T15:50:35.724+0000] {processor.py:925} INFO - DAG(s) 'example_branch_python_operator_decorator' retrieved from /home/airflow/.local/lib/python3.12/site-packages/airflow/example_dags/example_branch_operator_decorator.py
[2024-11-01T15:50:35.744+0000] {logging_mixin.py:190} INFO - [2024-11-01T15:50:35.744+0000] {dag.py:3239} INFO - Sync 1 DAGs
[2024-11-01T15:50:35.762+0000] {logging_mixin.py:190} INFO - [2024-11-01T15:50:35.762+0000] {dag.py:4180} INFO - Setting next_dagrun for example_branch_python_operator_decorator to 2024-10-31 00:00:00+00:00, run_after=2024-11-01 00:00:00+00:00
[2024-11-01T15:50:35.777+0000] {processor.py:208} INFO - Processing /home/airflow/.local/lib/python3.12/site-packages/airflow/example_dags/example_branch_operator_decorator.py took 0.075 seconds
[2024-11-01T15:51:05.838+0000] {processor.py:186} INFO - Started process (PID=344) to work on /home/airflow/.local/lib/python3.12/site-packages/airflow/example_dags/example_branch_operator_decorator.py
[2024-11-01T15:51:05.839+0000] {processor.py:914} INFO - Processing file /home/airflow/.local/lib/python3.12/site-packages/airflow/example_dags/example_branch_operator_decorator.py for tasks to queue
[2024-11-01T15:51:05.841+0000] {logging_mixin.py:190} INFO - [2024-11-01T15:51:05.841+0000] {dagbag.py:588} INFO - Filling up the DagBag from /home/airflow/.local/lib/python3.12/site-packages/airflow/example_dags/example_branch_operator_decorator.py
[2024-11-01T15:51:05.857+0000] {processor.py:925} INFO - DAG(s) 'example_branch_python_operator_decorator' retrieved from /home/airflow/.local/lib/python3.12/site-packages/airflow/example_dags/example_branch_operator_decorator.py
[2024-11-01T15:51:05.878+0000] {logging_mixin.py:190} INFO - [2024-11-01T15:51:05.878+0000] {dag.py:3239} INFO - Sync 1 DAGs
[2024-11-01T15:51:05.897+0000] {logging_mixin.py:190} INFO - [2024-11-01T15:51:05.896+0000] {dag.py:4180} INFO - Setting next_dagrun for example_branch_python_operator_decorator to 2024-10-31 00:00:00+00:00, run_after=2024-11-01 00:00:00+00:00
[2024-11-01T15:51:05.911+0000] {processor.py:208} INFO - Processing /home/airflow/.local/lib/python3.12/site-packages/airflow/example_dags/example_branch_operator_decorator.py took 0.076 seconds
[2024-11-01T15:51:36.294+0000] {processor.py:186} INFO - Started process (PID=410) to work on /home/airflow/.local/lib/python3.12/site-packages/airflow/example_dags/example_branch_operator_decorator.py
[2024-11-01T15:51:36.294+0000] {processor.py:914} INFO - Processing file /home/airflow/.local/lib/python3.12/site-packages/airflow/example_dags/example_branch_operator_decorator.py for tasks to queue
[2024-11-01T15:51:36.296+0000] {logging_mixin.py:190} INFO - [2024-11-01T15:51:36.295+0000] {dagbag.py:588} INFO - Filling up the DagBag from /home/airflow/.local/lib/python3.12/site-packages/airflow/example_dags/example_branch_operator_decorator.py
[2024-11-01T15:51:36.311+0000] {processor.py:925} INFO - DAG(s) 'example_branch_python_operator_decorator' retrieved from /home/airflow/.local/lib/python3.12/site-packages/airflow/example_dags/example_branch_operator_decorator.py
[2024-11-01T15:51:36.329+0000] {logging_mixin.py:190} INFO - [2024-11-01T15:51:36.329+0000] {dag.py:3239} INFO - Sync 1 DAGs
[2024-11-01T15:51:36.347+0000] {logging_mixin.py:190} INFO - [2024-11-01T15:51:36.347+0000] {dag.py:4180} INFO - Setting next_dagrun for example_branch_python_operator_decorator to 2024-10-31 00:00:00+00:00, run_after=2024-11-01 00:00:00+00:00
[2024-11-01T15:51:36.360+0000] {processor.py:208} INFO - Processing /home/airflow/.local/lib/python3.12/site-packages/airflow/example_dags/example_branch_operator_decorator.py took 0.070 seconds
[2024-11-01T15:52:06.971+0000] {processor.py:186} INFO - Started process (PID=476) to work on /home/airflow/.local/lib/python3.12/site-packages/airflow/example_dags/example_branch_operator_decorator.py
[2024-11-01T15:52:06.972+0000] {processor.py:914} INFO - Processing file /home/airflow/.local/lib/python3.12/site-packages/airflow/example_dags/example_branch_operator_decorator.py for tasks to queue
[2024-11-01T15:52:06.973+0000] {logging_mixin.py:190} INFO - [2024-11-01T15:52:06.973+0000] {dagbag.py:588} INFO - Filling up the DagBag from /home/airflow/.local/lib/python3.12/site-packages/airflow/example_dags/example_branch_operator_decorator.py
[2024-11-01T15:52:06.987+0000] {processor.py:925} INFO - DAG(s) 'example_branch_python_operator_decorator' retrieved from /home/airflow/.local/lib/python3.12/site-packages/airflow/example_dags/example_branch_operator_decorator.py
[2024-11-01T15:52:07.007+0000] {logging_mixin.py:190} INFO - [2024-11-01T15:52:07.006+0000] {dag.py:3239} INFO - Sync 1 DAGs
[2024-11-01T15:52:07.021+0000] {logging_mixin.py:190} INFO - [2024-11-01T15:52:07.021+0000] {dag.py:4180} INFO - Setting next_dagrun for example_branch_python_operator_decorator to 2024-10-31 00:00:00+00:00, run_after=2024-11-01 00:00:00+00:00
[2024-11-01T15:52:07.033+0000] {processor.py:208} INFO - Processing /home/airflow/.local/lib/python3.12/site-packages/airflow/example_dags/example_branch_operator_decorator.py took 0.066 seconds
[2024-11-01T15:52:37.504+0000] {processor.py:186} INFO - Started process (PID=542) to work on /home/airflow/.local/lib/python3.12/site-packages/airflow/example_dags/example_branch_operator_decorator.py
[2024-11-01T15:52:37.505+0000] {processor.py:914} INFO - Processing file /home/airflow/.local/lib/python3.12/site-packages/airflow/example_dags/example_branch_operator_decorator.py for tasks to queue
[2024-11-01T15:52:37.507+0000] {logging_mixin.py:190} INFO - [2024-11-01T15:52:37.507+0000] {dagbag.py:588} INFO - Filling up the DagBag from /home/airflow/.local/lib/python3.12/site-packages/airflow/example_dags/example_branch_operator_decorator.py
[2024-11-01T15:52:37.520+0000] {processor.py:925} INFO - DAG(s) 'example_branch_python_operator_decorator' retrieved from /home/airflow/.local/lib/python3.12/site-packages/airflow/example_dags/example_branch_operator_decorator.py
[2024-11-01T15:52:37.540+0000] {logging_mixin.py:190} INFO - [2024-11-01T15:52:37.539+0000] {dag.py:3239} INFO - Sync 1 DAGs
[2024-11-01T15:52:37.557+0000] {logging_mixin.py:190} INFO - [2024-11-01T15:52:37.556+0000] {dag.py:4180} INFO - Setting next_dagrun for example_branch_python_operator_decorator to 2024-10-31 00:00:00+00:00, run_after=2024-11-01 00:00:00+00:00
[2024-11-01T15:52:37.569+0000] {processor.py:208} INFO - Processing /home/airflow/.local/lib/python3.12/site-packages/airflow/example_dags/example_branch_operator_decorator.py took 0.069 seconds
[2024-11-01T15:53:07.786+0000] {processor.py:186} INFO - Started process (PID=608) to work on /home/airflow/.local/lib/python3.12/site-packages/airflow/example_dags/example_branch_operator_decorator.py
[2024-11-01T15:53:07.787+0000] {processor.py:914} INFO - Processing file /home/airflow/.local/lib/python3.12/site-packages/airflow/example_dags/example_branch_operator_decorator.py for tasks to queue
[2024-11-01T15:53:07.788+0000] {logging_mixin.py:190} INFO - [2024-11-01T15:53:07.788+0000] {dagbag.py:588} INFO - Filling up the DagBag from /home/airflow/.local/lib/python3.12/site-packages/airflow/example_dags/example_branch_operator_decorator.py
[2024-11-01T15:53:07.803+0000] {processor.py:925} INFO - DAG(s) 'example_branch_python_operator_decorator' retrieved from /home/airflow/.local/lib/python3.12/site-packages/airflow/example_dags/example_branch_operator_decorator.py
[2024-11-01T15:53:07.823+0000] {logging_mixin.py:190} INFO - [2024-11-01T15:53:07.823+0000] {dag.py:3239} INFO - Sync 1 DAGs
[2024-11-01T15:53:07.839+0000] {logging_mixin.py:190} INFO - [2024-11-01T15:53:07.838+0000] {dag.py:4180} INFO - Setting next_dagrun for example_branch_python_operator_decorator to 2024-10-31 00:00:00+00:00, run_after=2024-11-01 00:00:00+00:00
[2024-11-01T15:53:07.850+0000] {processor.py:208} INFO - Processing /home/airflow/.local/lib/python3.12/site-packages/airflow/example_dags/example_branch_operator_decorator.py took 0.069 seconds
[2024-11-01T15:53:38.034+0000] {processor.py:186} INFO - Started process (PID=674) to work on /home/airflow/.local/lib/python3.12/site-packages/airflow/example_dags/example_branch_operator_decorator.py
[2024-11-01T15:53:38.035+0000] {processor.py:914} INFO - Processing file /home/airflow/.local/lib/python3.12/site-packages/airflow/example_dags/example_branch_operator_decorator.py for tasks to queue
[2024-11-01T15:53:38.037+0000] {logging_mixin.py:190} INFO - [2024-11-01T15:53:38.037+0000] {dagbag.py:588} INFO - Filling up the DagBag from /home/airflow/.local/lib/python3.12/site-packages/airflow/example_dags/example_branch_operator_decorator.py
[2024-11-01T15:53:38.053+0000] {processor.py:925} INFO - DAG(s) 'example_branch_python_operator_decorator' retrieved from /home/airflow/.local/lib/python3.12/site-packages/airflow/example_dags/example_branch_operator_decorator.py
[2024-11-01T15:53:38.072+0000] {logging_mixin.py:190} INFO - [2024-11-01T15:53:38.072+0000] {dag.py:3239} INFO - Sync 1 DAGs
[2024-11-01T15:53:38.089+0000] {logging_mixin.py:190} INFO - [2024-11-01T15:53:38.089+0000] {dag.py:4180} INFO - Setting next_dagrun for example_branch_python_operator_decorator to 2024-10-31 00:00:00+00:00, run_after=2024-11-01 00:00:00+00:00
[2024-11-01T15:53:38.103+0000] {processor.py:208} INFO - Processing /home/airflow/.local/lib/python3.12/site-packages/airflow/example_dags/example_branch_operator_decorator.py took 0.073 seconds
[2024-11-01T15:54:08.289+0000] {processor.py:186} INFO - Started process (PID=740) to work on /home/airflow/.local/lib/python3.12/site-packages/airflow/example_dags/example_branch_operator_decorator.py
[2024-11-01T15:54:08.290+0000] {processor.py:914} INFO - Processing file /home/airflow/.local/lib/python3.12/site-packages/airflow/example_dags/example_branch_operator_decorator.py for tasks to queue
[2024-11-01T15:54:08.292+0000] {logging_mixin.py:190} INFO - [2024-11-01T15:54:08.292+0000] {dagbag.py:588} INFO - Filling up the DagBag from /home/airflow/.local/lib/python3.12/site-packages/airflow/example_dags/example_branch_operator_decorator.py
[2024-11-01T15:54:08.310+0000] {processor.py:925} INFO - DAG(s) 'example_branch_python_operator_decorator' retrieved from /home/airflow/.local/lib/python3.12/site-packages/airflow/example_dags/example_branch_operator_decorator.py
[2024-11-01T15:54:08.340+0000] {logging_mixin.py:190} INFO - [2024-11-01T15:54:08.340+0000] {dag.py:3239} INFO - Sync 1 DAGs
[2024-11-01T15:54:08.364+0000] {logging_mixin.py:190} INFO - [2024-11-01T15:54:08.363+0000] {dag.py:4180} INFO - Setting next_dagrun for example_branch_python_operator_decorator to 2024-10-31 00:00:00+00:00, run_after=2024-11-01 00:00:00+00:00
[2024-11-01T15:54:08.378+0000] {processor.py:208} INFO - Processing /home/airflow/.local/lib/python3.12/site-packages/airflow/example_dags/example_branch_operator_decorator.py took 0.094 seconds
[2024-11-01T15:54:39.425+0000] {processor.py:186} INFO - Started process (PID=806) to work on /home/airflow/.local/lib/python3.12/site-packages/airflow/example_dags/example_branch_operator_decorator.py
[2024-11-01T15:54:39.426+0000] {processor.py:914} INFO - Processing file /home/airflow/.local/lib/python3.12/site-packages/airflow/example_dags/example_branch_operator_decorator.py for tasks to queue
[2024-11-01T15:54:39.427+0000] {logging_mixin.py:190} INFO - [2024-11-01T15:54:39.427+0000] {dagbag.py:588} INFO - Filling up the DagBag from /home/airflow/.local/lib/python3.12/site-packages/airflow/example_dags/example_branch_operator_decorator.py
[2024-11-01T15:54:39.441+0000] {processor.py:925} INFO - DAG(s) 'example_branch_python_operator_decorator' retrieved from /home/airflow/.local/lib/python3.12/site-packages/airflow/example_dags/example_branch_operator_decorator.py
[2024-11-01T15:54:39.459+0000] {logging_mixin.py:190} INFO - [2024-11-01T15:54:39.459+0000] {dag.py:3239} INFO - Sync 1 DAGs
[2024-11-01T15:54:39.475+0000] {logging_mixin.py:190} INFO - [2024-11-01T15:54:39.475+0000] {dag.py:4180} INFO - Setting next_dagrun for example_branch_python_operator_decorator to 2024-10-31 00:00:00+00:00, run_after=2024-11-01 00:00:00+00:00
[2024-11-01T15:54:39.493+0000] {processor.py:208} INFO - Processing /home/airflow/.local/lib/python3.12/site-packages/airflow/example_dags/example_branch_operator_decorator.py took 0.072 seconds
[2024-11-01T15:55:09.621+0000] {processor.py:186} INFO - Started process (PID=872) to work on /home/airflow/.local/lib/python3.12/site-packages/airflow/example_dags/example_branch_operator_decorator.py
[2024-11-01T15:55:09.622+0000] {processor.py:914} INFO - Processing file /home/airflow/.local/lib/python3.12/site-packages/airflow/example_dags/example_branch_operator_decorator.py for tasks to queue
[2024-11-01T15:55:09.623+0000] {logging_mixin.py:190} INFO - [2024-11-01T15:55:09.623+0000] {dagbag.py:588} INFO - Filling up the DagBag from /home/airflow/.local/lib/python3.12/site-packages/airflow/example_dags/example_branch_operator_decorator.py
[2024-11-01T15:55:09.638+0000] {processor.py:925} INFO - DAG(s) 'example_branch_python_operator_decorator' retrieved from /home/airflow/.local/lib/python3.12/site-packages/airflow/example_dags/example_branch_operator_decorator.py
[2024-11-01T15:55:09.657+0000] {logging_mixin.py:190} INFO - [2024-11-01T15:55:09.657+0000] {dag.py:3239} INFO - Sync 1 DAGs
[2024-11-01T15:55:09.674+0000] {logging_mixin.py:190} INFO - [2024-11-01T15:55:09.674+0000] {dag.py:4180} INFO - Setting next_dagrun for example_branch_python_operator_decorator to 2024-10-31 00:00:00+00:00, run_after=2024-11-01 00:00:00+00:00
[2024-11-01T15:55:09.690+0000] {processor.py:208} INFO - Processing /home/airflow/.local/lib/python3.12/site-packages/airflow/example_dags/example_branch_operator_decorator.py took 0.073 seconds
[2024-11-01T15:55:39.880+0000] {processor.py:186} INFO - Started process (PID=938) to work on /home/airflow/.local/lib/python3.12/site-packages/airflow/example_dags/example_branch_operator_decorator.py
[2024-11-01T15:55:39.881+0000] {processor.py:914} INFO - Processing file /home/airflow/.local/lib/python3.12/site-packages/airflow/example_dags/example_branch_operator_decorator.py for tasks to queue
[2024-11-01T15:55:39.882+0000] {logging_mixin.py:190} INFO - [2024-11-01T15:55:39.882+0000] {dagbag.py:588} INFO - Filling up the DagBag from /home/airflow/.local/lib/python3.12/site-packages/airflow/example_dags/example_branch_operator_decorator.py
[2024-11-01T15:55:39.898+0000] {processor.py:925} INFO - DAG(s) 'example_branch_python_operator_decorator' retrieved from /home/airflow/.local/lib/python3.12/site-packages/airflow/example_dags/example_branch_operator_decorator.py
[2024-11-01T15:55:39.923+0000] {logging_mixin.py:190} INFO - [2024-11-01T15:55:39.923+0000] {dag.py:3239} INFO - Sync 1 DAGs
[2024-11-01T15:55:39.946+0000] {logging_mixin.py:190} INFO - [2024-11-01T15:55:39.945+0000] {dag.py:4180} INFO - Setting next_dagrun for example_branch_python_operator_decorator to 2024-10-31 00:00:00+00:00, run_after=2024-11-01 00:00:00+00:00
[2024-11-01T15:55:39.964+0000] {processor.py:208} INFO - Processing /home/airflow/.local/lib/python3.12/site-packages/airflow/example_dags/example_branch_operator_decorator.py took 0.088 seconds
[2024-11-01T15:56:10.223+0000] {processor.py:186} INFO - Started process (PID=1004) to work on /home/airflow/.local/lib/python3.12/site-packages/airflow/example_dags/example_branch_operator_decorator.py
[2024-11-01T15:56:10.223+0000] {processor.py:914} INFO - Processing file /home/airflow/.local/lib/python3.12/site-packages/airflow/example_dags/example_branch_operator_decorator.py for tasks to queue
[2024-11-01T15:56:10.225+0000] {logging_mixin.py:190} INFO - [2024-11-01T15:56:10.225+0000] {dagbag.py:588} INFO - Filling up the DagBag from /home/airflow/.local/lib/python3.12/site-packages/airflow/example_dags/example_branch_operator_decorator.py
[2024-11-01T15:56:10.241+0000] {processor.py:925} INFO - DAG(s) 'example_branch_python_operator_decorator' retrieved from /home/airflow/.local/lib/python3.12/site-packages/airflow/example_dags/example_branch_operator_decorator.py
[2024-11-01T15:56:10.260+0000] {logging_mixin.py:190} INFO - [2024-11-01T15:56:10.260+0000] {dag.py:3239} INFO - Sync 1 DAGs
[2024-11-01T15:56:10.278+0000] {logging_mixin.py:190} INFO - [2024-11-01T15:56:10.278+0000] {dag.py:4180} INFO - Setting next_dagrun for example_branch_python_operator_decorator to 2024-10-31 00:00:00+00:00, run_after=2024-11-01 00:00:00+00:00
[2024-11-01T15:56:10.291+0000] {processor.py:208} INFO - Processing /home/airflow/.local/lib/python3.12/site-packages/airflow/example_dags/example_branch_operator_decorator.py took 0.073 seconds
[2024-11-01T15:56:40.631+0000] {processor.py:186} INFO - Started process (PID=1070) to work on /home/airflow/.local/lib/python3.12/site-packages/airflow/example_dags/example_branch_operator_decorator.py
[2024-11-01T15:56:40.634+0000] {processor.py:914} INFO - Processing file /home/airflow/.local/lib/python3.12/site-packages/airflow/example_dags/example_branch_operator_decorator.py for tasks to queue
[2024-11-01T15:56:40.635+0000] {logging_mixin.py:190} INFO - [2024-11-01T15:56:40.635+0000] {dagbag.py:588} INFO - Filling up the DagBag from /home/airflow/.local/lib/python3.12/site-packages/airflow/example_dags/example_branch_operator_decorator.py
[2024-11-01T15:56:40.653+0000] {processor.py:925} INFO - DAG(s) 'example_branch_python_operator_decorator' retrieved from /home/airflow/.local/lib/python3.12/site-packages/airflow/example_dags/example_branch_operator_decorator.py
[2024-11-01T15:56:40.674+0000] {logging_mixin.py:190} INFO - [2024-11-01T15:56:40.673+0000] {dag.py:3239} INFO - Sync 1 DAGs
[2024-11-01T15:56:40.692+0000] {logging_mixin.py:190} INFO - [2024-11-01T15:56:40.692+0000] {dag.py:4180} INFO - Setting next_dagrun for example_branch_python_operator_decorator to 2024-10-31 00:00:00+00:00, run_after=2024-11-01 00:00:00+00:00
[2024-11-01T15:56:40.708+0000] {processor.py:208} INFO - Processing /home/airflow/.local/lib/python3.12/site-packages/airflow/example_dags/example_branch_operator_decorator.py took 0.081 seconds
[2024-11-01T15:57:11.385+0000] {processor.py:186} INFO - Started process (PID=1136) to work on /home/airflow/.local/lib/python3.12/site-packages/airflow/example_dags/example_branch_operator_decorator.py
[2024-11-01T15:57:11.387+0000] {processor.py:914} INFO - Processing file /home/airflow/.local/lib/python3.12/site-packages/airflow/example_dags/example_branch_operator_decorator.py for tasks to queue
[2024-11-01T15:57:11.389+0000] {logging_mixin.py:190} INFO - [2024-11-01T15:57:11.388+0000] {dagbag.py:588} INFO - Filling up the DagBag from /home/airflow/.local/lib/python3.12/site-packages/airflow/example_dags/example_branch_operator_decorator.py
[2024-11-01T15:57:11.411+0000] {processor.py:925} INFO - DAG(s) 'example_branch_python_operator_decorator' retrieved from /home/airflow/.local/lib/python3.12/site-packages/airflow/example_dags/example_branch_operator_decorator.py
[2024-11-01T15:57:11.438+0000] {logging_mixin.py:190} INFO - [2024-11-01T15:57:11.437+0000] {dag.py:3239} INFO - Sync 1 DAGs
[2024-11-01T15:57:11.460+0000] {logging_mixin.py:190} INFO - [2024-11-01T15:57:11.460+0000] {dag.py:4180} INFO - Setting next_dagrun for example_branch_python_operator_decorator to 2024-10-31 00:00:00+00:00, run_after=2024-11-01 00:00:00+00:00
[2024-11-01T15:57:11.480+0000] {processor.py:208} INFO - Processing /home/airflow/.local/lib/python3.12/site-packages/airflow/example_dags/example_branch_operator_decorator.py took 0.100 seconds
[2024-11-01T15:57:42.353+0000] {processor.py:186} INFO - Started process (PID=1202) to work on /home/airflow/.local/lib/python3.12/site-packages/airflow/example_dags/example_branch_operator_decorator.py
[2024-11-01T15:57:42.353+0000] {processor.py:914} INFO - Processing file /home/airflow/.local/lib/python3.12/site-packages/airflow/example_dags/example_branch_operator_decorator.py for tasks to queue
[2024-11-01T15:57:42.355+0000] {logging_mixin.py:190} INFO - [2024-11-01T15:57:42.355+0000] {dagbag.py:588} INFO - Filling up the DagBag from /home/airflow/.local/lib/python3.12/site-packages/airflow/example_dags/example_branch_operator_decorator.py
[2024-11-01T15:57:42.370+0000] {processor.py:925} INFO - DAG(s) 'example_branch_python_operator_decorator' retrieved from /home/airflow/.local/lib/python3.12/site-packages/airflow/example_dags/example_branch_operator_decorator.py
[2024-11-01T15:57:42.402+0000] {logging_mixin.py:190} INFO - [2024-11-01T15:57:42.402+0000] {dag.py:3239} INFO - Sync 1 DAGs
[2024-11-01T15:57:42.428+0000] {logging_mixin.py:190} INFO - [2024-11-01T15:57:42.428+0000] {dag.py:4180} INFO - Setting next_dagrun for example_branch_python_operator_decorator to 2024-10-31 00:00:00+00:00, run_after=2024-11-01 00:00:00+00:00
[2024-11-01T15:57:42.447+0000] {processor.py:208} INFO - Processing /home/airflow/.local/lib/python3.12/site-packages/airflow/example_dags/example_branch_operator_decorator.py took 0.099 seconds
[2024-11-01T15:58:13.442+0000] {processor.py:186} INFO - Started process (PID=1268) to work on /home/airflow/.local/lib/python3.12/site-packages/airflow/example_dags/example_branch_operator_decorator.py
[2024-11-01T15:58:13.443+0000] {processor.py:914} INFO - Processing file /home/airflow/.local/lib/python3.12/site-packages/airflow/example_dags/example_branch_operator_decorator.py for tasks to queue
[2024-11-01T15:58:13.444+0000] {logging_mixin.py:190} INFO - [2024-11-01T15:58:13.444+0000] {dagbag.py:588} INFO - Filling up the DagBag from /home/airflow/.local/lib/python3.12/site-packages/airflow/example_dags/example_branch_operator_decorator.py
[2024-11-01T15:58:13.460+0000] {processor.py:925} INFO - DAG(s) 'example_branch_python_operator_decorator' retrieved from /home/airflow/.local/lib/python3.12/site-packages/airflow/example_dags/example_branch_operator_decorator.py
[2024-11-01T15:58:13.479+0000] {logging_mixin.py:190} INFO - [2024-11-01T15:58:13.478+0000] {dag.py:3239} INFO - Sync 1 DAGs
[2024-11-01T15:58:13.496+0000] {logging_mixin.py:190} INFO - [2024-11-01T15:58:13.496+0000] {dag.py:4180} INFO - Setting next_dagrun for example_branch_python_operator_decorator to 2024-10-31 00:00:00+00:00, run_after=2024-11-01 00:00:00+00:00
[2024-11-01T15:58:13.510+0000] {processor.py:208} INFO - Processing /home/airflow/.local/lib/python3.12/site-packages/airflow/example_dags/example_branch_operator_decorator.py took 0.072 seconds
[2024-11-01T15:58:44.482+0000] {processor.py:186} INFO - Started process (PID=1334) to work on /home/airflow/.local/lib/python3.12/site-packages/airflow/example_dags/example_branch_operator_decorator.py
[2024-11-01T15:58:44.483+0000] {processor.py:914} INFO - Processing file /home/airflow/.local/lib/python3.12/site-packages/airflow/example_dags/example_branch_operator_decorator.py for tasks to queue
[2024-11-01T15:58:44.485+0000] {logging_mixin.py:190} INFO - [2024-11-01T15:58:44.484+0000] {dagbag.py:588} INFO - Filling up the DagBag from /home/airflow/.local/lib/python3.12/site-packages/airflow/example_dags/example_branch_operator_decorator.py
[2024-11-01T15:58:44.498+0000] {processor.py:925} INFO - DAG(s) 'example_branch_python_operator_decorator' retrieved from /home/airflow/.local/lib/python3.12/site-packages/airflow/example_dags/example_branch_operator_decorator.py
[2024-11-01T15:58:44.517+0000] {logging_mixin.py:190} INFO - [2024-11-01T15:58:44.517+0000] {dag.py:3239} INFO - Sync 1 DAGs
[2024-11-01T15:58:44.534+0000] {logging_mixin.py:190} INFO - [2024-11-01T15:58:44.534+0000] {dag.py:4180} INFO - Setting next_dagrun for example_branch_python_operator_decorator to 2024-10-31 00:00:00+00:00, run_after=2024-11-01 00:00:00+00:00
[2024-11-01T15:58:44.550+0000] {processor.py:208} INFO - Processing /home/airflow/.local/lib/python3.12/site-packages/airflow/example_dags/example_branch_operator_decorator.py took 0.072 seconds
[2024-11-01T15:59:14.959+0000] {processor.py:186} INFO - Started process (PID=1399) to work on /home/airflow/.local/lib/python3.12/site-packages/airflow/example_dags/example_branch_operator_decorator.py
[2024-11-01T15:59:14.960+0000] {processor.py:914} INFO - Processing file /home/airflow/.local/lib/python3.12/site-packages/airflow/example_dags/example_branch_operator_decorator.py for tasks to queue
[2024-11-01T15:59:14.961+0000] {logging_mixin.py:190} INFO - [2024-11-01T15:59:14.961+0000] {dagbag.py:588} INFO - Filling up the DagBag from /home/airflow/.local/lib/python3.12/site-packages/airflow/example_dags/example_branch_operator_decorator.py
[2024-11-01T15:59:14.976+0000] {processor.py:925} INFO - DAG(s) 'example_branch_python_operator_decorator' retrieved from /home/airflow/.local/lib/python3.12/site-packages/airflow/example_dags/example_branch_operator_decorator.py
[2024-11-01T15:59:14.996+0000] {logging_mixin.py:190} INFO - [2024-11-01T15:59:14.995+0000] {dag.py:3239} INFO - Sync 1 DAGs
[2024-11-01T15:59:15.014+0000] {logging_mixin.py:190} INFO - [2024-11-01T15:59:15.013+0000] {dag.py:4180} INFO - Setting next_dagrun for example_branch_python_operator_decorator to 2024-10-31 00:00:00+00:00, run_after=2024-11-01 00:00:00+00:00
[2024-11-01T15:59:15.027+0000] {processor.py:208} INFO - Processing /home/airflow/.local/lib/python3.12/site-packages/airflow/example_dags/example_branch_operator_decorator.py took 0.073 seconds
[2024-11-01T15:59:46.026+0000] {processor.py:186} INFO - Started process (PID=1466) to work on /home/airflow/.local/lib/python3.12/site-packages/airflow/example_dags/example_branch_operator_decorator.py
[2024-11-01T15:59:46.027+0000] {processor.py:914} INFO - Processing file /home/airflow/.local/lib/python3.12/site-packages/airflow/example_dags/example_branch_operator_decorator.py for tasks to queue
[2024-11-01T15:59:46.029+0000] {logging_mixin.py:190} INFO - [2024-11-01T15:59:46.028+0000] {dagbag.py:588} INFO - Filling up the DagBag from /home/airflow/.local/lib/python3.12/site-packages/airflow/example_dags/example_branch_operator_decorator.py
[2024-11-01T15:59:46.042+0000] {processor.py:925} INFO - DAG(s) 'example_branch_python_operator_decorator' retrieved from /home/airflow/.local/lib/python3.12/site-packages/airflow/example_dags/example_branch_operator_decorator.py
[2024-11-01T15:59:46.067+0000] {logging_mixin.py:190} INFO - [2024-11-01T15:59:46.067+0000] {dag.py:3239} INFO - Sync 1 DAGs
[2024-11-01T15:59:46.084+0000] {logging_mixin.py:190} INFO - [2024-11-01T15:59:46.084+0000] {dag.py:4180} INFO - Setting next_dagrun for example_branch_python_operator_decorator to 2024-10-31 00:00:00+00:00, run_after=2024-11-01 00:00:00+00:00
[2024-11-01T15:59:46.099+0000] {processor.py:208} INFO - Processing /home/airflow/.local/lib/python3.12/site-packages/airflow/example_dags/example_branch_operator_decorator.py took 0.077 seconds
[2024-11-01T16:00:17.192+0000] {processor.py:186} INFO - Started process (PID=1532) to work on /home/airflow/.local/lib/python3.12/site-packages/airflow/example_dags/example_branch_operator_decorator.py
[2024-11-01T16:00:17.193+0000] {processor.py:914} INFO - Processing file /home/airflow/.local/lib/python3.12/site-packages/airflow/example_dags/example_branch_operator_decorator.py for tasks to queue
[2024-11-01T16:00:17.195+0000] {logging_mixin.py:190} INFO - [2024-11-01T16:00:17.194+0000] {dagbag.py:588} INFO - Filling up the DagBag from /home/airflow/.local/lib/python3.12/site-packages/airflow/example_dags/example_branch_operator_decorator.py
[2024-11-01T16:00:17.209+0000] {processor.py:925} INFO - DAG(s) 'example_branch_python_operator_decorator' retrieved from /home/airflow/.local/lib/python3.12/site-packages/airflow/example_dags/example_branch_operator_decorator.py
[2024-11-01T16:00:17.227+0000] {logging_mixin.py:190} INFO - [2024-11-01T16:00:17.227+0000] {dag.py:3239} INFO - Sync 1 DAGs
[2024-11-01T16:00:17.242+0000] {logging_mixin.py:190} INFO - [2024-11-01T16:00:17.242+0000] {dag.py:4180} INFO - Setting next_dagrun for example_branch_python_operator_decorator to 2024-10-31 00:00:00+00:00, run_after=2024-11-01 00:00:00+00:00
[2024-11-01T16:00:17.256+0000] {processor.py:208} INFO - Processing /home/airflow/.local/lib/python3.12/site-packages/airflow/example_dags/example_branch_operator_decorator.py took 0.067 seconds
[2024-11-01T16:00:48.012+0000] {processor.py:186} INFO - Started process (PID=1598) to work on /home/airflow/.local/lib/python3.12/site-packages/airflow/example_dags/example_branch_operator_decorator.py
[2024-11-01T16:00:48.012+0000] {processor.py:914} INFO - Processing file /home/airflow/.local/lib/python3.12/site-packages/airflow/example_dags/example_branch_operator_decorator.py for tasks to queue
[2024-11-01T16:00:48.014+0000] {logging_mixin.py:190} INFO - [2024-11-01T16:00:48.013+0000] {dagbag.py:588} INFO - Filling up the DagBag from /home/airflow/.local/lib/python3.12/site-packages/airflow/example_dags/example_branch_operator_decorator.py
[2024-11-01T16:00:48.026+0000] {processor.py:925} INFO - DAG(s) 'example_branch_python_operator_decorator' retrieved from /home/airflow/.local/lib/python3.12/site-packages/airflow/example_dags/example_branch_operator_decorator.py
[2024-11-01T16:00:48.044+0000] {logging_mixin.py:190} INFO - [2024-11-01T16:00:48.044+0000] {dag.py:3239} INFO - Sync 1 DAGs
[2024-11-01T16:00:48.058+0000] {logging_mixin.py:190} INFO - [2024-11-01T16:00:48.058+0000] {dag.py:4180} INFO - Setting next_dagrun for example_branch_python_operator_decorator to 2024-10-31 00:00:00+00:00, run_after=2024-11-01 00:00:00+00:00
[2024-11-01T16:00:48.071+0000] {processor.py:208} INFO - Processing /home/airflow/.local/lib/python3.12/site-packages/airflow/example_dags/example_branch_operator_decorator.py took 0.063 seconds
[2024-11-01T16:01:18.215+0000] {processor.py:186} INFO - Started process (PID=1664) to work on /home/airflow/.local/lib/python3.12/site-packages/airflow/example_dags/example_branch_operator_decorator.py
[2024-11-01T16:01:18.215+0000] {processor.py:914} INFO - Processing file /home/airflow/.local/lib/python3.12/site-packages/airflow/example_dags/example_branch_operator_decorator.py for tasks to queue
[2024-11-01T16:01:18.217+0000] {logging_mixin.py:190} INFO - [2024-11-01T16:01:18.217+0000] {dagbag.py:588} INFO - Filling up the DagBag from /home/airflow/.local/lib/python3.12/site-packages/airflow/example_dags/example_branch_operator_decorator.py
[2024-11-01T16:01:18.234+0000] {processor.py:925} INFO - DAG(s) 'example_branch_python_operator_decorator' retrieved from /home/airflow/.local/lib/python3.12/site-packages/airflow/example_dags/example_branch_operator_decorator.py
[2024-11-01T16:01:18.253+0000] {logging_mixin.py:190} INFO - [2024-11-01T16:01:18.253+0000] {dag.py:3239} INFO - Sync 1 DAGs
[2024-11-01T16:01:18.271+0000] {logging_mixin.py:190} INFO - [2024-11-01T16:01:18.270+0000] {dag.py:4180} INFO - Setting next_dagrun for example_branch_python_operator_decorator to 2024-10-31 00:00:00+00:00, run_after=2024-11-01 00:00:00+00:00
[2024-11-01T16:01:18.284+0000] {processor.py:208} INFO - Processing /home/airflow/.local/lib/python3.12/site-packages/airflow/example_dags/example_branch_operator_decorator.py took 0.073 seconds
[2024-11-01T16:01:48.434+0000] {processor.py:186} INFO - Started process (PID=1730) to work on /home/airflow/.local/lib/python3.12/site-packages/airflow/example_dags/example_branch_operator_decorator.py
[2024-11-01T16:01:48.434+0000] {processor.py:914} INFO - Processing file /home/airflow/.local/lib/python3.12/site-packages/airflow/example_dags/example_branch_operator_decorator.py for tasks to queue
[2024-11-01T16:01:48.436+0000] {logging_mixin.py:190} INFO - [2024-11-01T16:01:48.436+0000] {dagbag.py:588} INFO - Filling up the DagBag from /home/airflow/.local/lib/python3.12/site-packages/airflow/example_dags/example_branch_operator_decorator.py
[2024-11-01T16:01:48.450+0000] {processor.py:925} INFO - DAG(s) 'example_branch_python_operator_decorator' retrieved from /home/airflow/.local/lib/python3.12/site-packages/airflow/example_dags/example_branch_operator_decorator.py
[2024-11-01T16:01:48.470+0000] {logging_mixin.py:190} INFO - [2024-11-01T16:01:48.470+0000] {dag.py:3239} INFO - Sync 1 DAGs
[2024-11-01T16:01:48.487+0000] {logging_mixin.py:190} INFO - [2024-11-01T16:01:48.487+0000] {dag.py:4180} INFO - Setting next_dagrun for example_branch_python_operator_decorator to 2024-10-31 00:00:00+00:00, run_after=2024-11-01 00:00:00+00:00
[2024-11-01T16:01:48.504+0000] {processor.py:208} INFO - Processing /home/airflow/.local/lib/python3.12/site-packages/airflow/example_dags/example_branch_operator_decorator.py took 0.074 seconds
[2024-11-01T16:02:19.001+0000] {processor.py:186} INFO - Started process (PID=1796) to work on /home/airflow/.local/lib/python3.12/site-packages/airflow/example_dags/example_branch_operator_decorator.py
[2024-11-01T16:02:19.002+0000] {processor.py:914} INFO - Processing file /home/airflow/.local/lib/python3.12/site-packages/airflow/example_dags/example_branch_operator_decorator.py for tasks to queue
[2024-11-01T16:02:19.004+0000] {logging_mixin.py:190} INFO - [2024-11-01T16:02:19.004+0000] {dagbag.py:588} INFO - Filling up the DagBag from /home/airflow/.local/lib/python3.12/site-packages/airflow/example_dags/example_branch_operator_decorator.py
[2024-11-01T16:02:19.021+0000] {processor.py:925} INFO - DAG(s) 'example_branch_python_operator_decorator' retrieved from /home/airflow/.local/lib/python3.12/site-packages/airflow/example_dags/example_branch_operator_decorator.py
[2024-11-01T16:02:19.041+0000] {logging_mixin.py:190} INFO - [2024-11-01T16:02:19.041+0000] {dag.py:3239} INFO - Sync 1 DAGs
[2024-11-01T16:02:19.061+0000] {logging_mixin.py:190} INFO - [2024-11-01T16:02:19.061+0000] {dag.py:4180} INFO - Setting next_dagrun for example_branch_python_operator_decorator to 2024-10-31 00:00:00+00:00, run_after=2024-11-01 00:00:00+00:00
[2024-11-01T16:02:19.075+0000] {processor.py:208} INFO - Processing /home/airflow/.local/lib/python3.12/site-packages/airflow/example_dags/example_branch_operator_decorator.py took 0.078 seconds
[2024-11-01T16:03:49.077+0000] {processor.py:186} INFO - Started process (PID=1863) to work on /home/airflow/.local/lib/python3.12/site-packages/airflow/example_dags/example_branch_operator_decorator.py
[2024-11-01T16:03:49.079+0000] {processor.py:914} INFO - Processing file /home/airflow/.local/lib/python3.12/site-packages/airflow/example_dags/example_branch_operator_decorator.py for tasks to queue
[2024-11-01T16:03:49.081+0000] {logging_mixin.py:190} INFO - [2024-11-01T16:03:49.080+0000] {dagbag.py:588} INFO - Filling up the DagBag from /home/airflow/.local/lib/python3.12/site-packages/airflow/example_dags/example_branch_operator_decorator.py
[2024-11-01T16:03:49.100+0000] {processor.py:925} INFO - DAG(s) 'example_branch_python_operator_decorator' retrieved from /home/airflow/.local/lib/python3.12/site-packages/airflow/example_dags/example_branch_operator_decorator.py
[2024-11-01T16:03:49.124+0000] {logging_mixin.py:190} INFO - [2024-11-01T16:03:49.123+0000] {dag.py:3239} INFO - Sync 1 DAGs
[2024-11-01T16:03:49.145+0000] {logging_mixin.py:190} INFO - [2024-11-01T16:03:49.144+0000] {dag.py:4180} INFO - Setting next_dagrun for example_branch_python_operator_decorator to 2024-10-31 00:00:00+00:00, run_after=2024-11-01 00:00:00+00:00
[2024-11-01T16:03:49.162+0000] {processor.py:208} INFO - Processing /home/airflow/.local/lib/python3.12/site-packages/airflow/example_dags/example_branch_operator_decorator.py took 0.090 seconds
[2024-11-01T16:04:19.247+0000] {processor.py:186} INFO - Started process (PID=1929) to work on /home/airflow/.local/lib/python3.12/site-packages/airflow/example_dags/example_branch_operator_decorator.py
[2024-11-01T16:04:19.248+0000] {processor.py:914} INFO - Processing file /home/airflow/.local/lib/python3.12/site-packages/airflow/example_dags/example_branch_operator_decorator.py for tasks to queue
[2024-11-01T16:04:19.250+0000] {logging_mixin.py:190} INFO - [2024-11-01T16:04:19.249+0000] {dagbag.py:588} INFO - Filling up the DagBag from /home/airflow/.local/lib/python3.12/site-packages/airflow/example_dags/example_branch_operator_decorator.py
[2024-11-01T16:04:19.273+0000] {processor.py:925} INFO - DAG(s) 'example_branch_python_operator_decorator' retrieved from /home/airflow/.local/lib/python3.12/site-packages/airflow/example_dags/example_branch_operator_decorator.py
[2024-11-01T16:04:19.316+0000] {logging_mixin.py:190} INFO - [2024-11-01T16:04:19.316+0000] {dag.py:3239} INFO - Sync 1 DAGs
[2024-11-01T16:04:19.349+0000] {logging_mixin.py:190} INFO - [2024-11-01T16:04:19.349+0000] {dag.py:4180} INFO - Setting next_dagrun for example_branch_python_operator_decorator to 2024-10-31 00:00:00+00:00, run_after=2024-11-01 00:00:00+00:00
[2024-11-01T16:04:19.376+0000] {processor.py:208} INFO - Processing /home/airflow/.local/lib/python3.12/site-packages/airflow/example_dags/example_branch_operator_decorator.py took 0.134 seconds
[2024-11-01T16:04:49.703+0000] {processor.py:186} INFO - Started process (PID=1994) to work on /home/airflow/.local/lib/python3.12/site-packages/airflow/example_dags/example_branch_operator_decorator.py
[2024-11-01T16:04:49.704+0000] {processor.py:914} INFO - Processing file /home/airflow/.local/lib/python3.12/site-packages/airflow/example_dags/example_branch_operator_decorator.py for tasks to queue
[2024-11-01T16:04:49.706+0000] {logging_mixin.py:190} INFO - [2024-11-01T16:04:49.705+0000] {dagbag.py:588} INFO - Filling up the DagBag from /home/airflow/.local/lib/python3.12/site-packages/airflow/example_dags/example_branch_operator_decorator.py
[2024-11-01T16:04:49.723+0000] {processor.py:925} INFO - DAG(s) 'example_branch_python_operator_decorator' retrieved from /home/airflow/.local/lib/python3.12/site-packages/airflow/example_dags/example_branch_operator_decorator.py
[2024-11-01T16:04:49.744+0000] {logging_mixin.py:190} INFO - [2024-11-01T16:04:49.744+0000] {dag.py:3239} INFO - Sync 1 DAGs
[2024-11-01T16:04:49.763+0000] {logging_mixin.py:190} INFO - [2024-11-01T16:04:49.763+0000] {dag.py:4180} INFO - Setting next_dagrun for example_branch_python_operator_decorator to 2024-10-31 00:00:00+00:00, run_after=2024-11-01 00:00:00+00:00
[2024-11-01T16:04:49.780+0000] {processor.py:208} INFO - Processing /home/airflow/.local/lib/python3.12/site-packages/airflow/example_dags/example_branch_operator_decorator.py took 0.082 seconds
[2024-11-01T16:05:20.724+0000] {processor.py:186} INFO - Started process (PID=2060) to work on /home/airflow/.local/lib/python3.12/site-packages/airflow/example_dags/example_branch_operator_decorator.py
[2024-11-01T16:05:20.725+0000] {processor.py:914} INFO - Processing file /home/airflow/.local/lib/python3.12/site-packages/airflow/example_dags/example_branch_operator_decorator.py for tasks to queue
[2024-11-01T16:05:20.726+0000] {logging_mixin.py:190} INFO - [2024-11-01T16:05:20.726+0000] {dagbag.py:588} INFO - Filling up the DagBag from /home/airflow/.local/lib/python3.12/site-packages/airflow/example_dags/example_branch_operator_decorator.py
[2024-11-01T16:05:20.740+0000] {processor.py:925} INFO - DAG(s) 'example_branch_python_operator_decorator' retrieved from /home/airflow/.local/lib/python3.12/site-packages/airflow/example_dags/example_branch_operator_decorator.py
[2024-11-01T16:05:20.760+0000] {logging_mixin.py:190} INFO - [2024-11-01T16:05:20.760+0000] {dag.py:3239} INFO - Sync 1 DAGs
[2024-11-01T16:05:20.778+0000] {logging_mixin.py:190} INFO - [2024-11-01T16:05:20.778+0000] {dag.py:4180} INFO - Setting next_dagrun for example_branch_python_operator_decorator to 2024-10-31 00:00:00+00:00, run_after=2024-11-01 00:00:00+00:00
[2024-11-01T16:05:20.793+0000] {processor.py:208} INFO - Processing /home/airflow/.local/lib/python3.12/site-packages/airflow/example_dags/example_branch_operator_decorator.py took 0.073 seconds
[2024-11-01T16:05:51.091+0000] {processor.py:186} INFO - Started process (PID=2126) to work on /home/airflow/.local/lib/python3.12/site-packages/airflow/example_dags/example_branch_operator_decorator.py
[2024-11-01T16:05:51.092+0000] {processor.py:914} INFO - Processing file /home/airflow/.local/lib/python3.12/site-packages/airflow/example_dags/example_branch_operator_decorator.py for tasks to queue
[2024-11-01T16:05:51.094+0000] {logging_mixin.py:190} INFO - [2024-11-01T16:05:51.093+0000] {dagbag.py:588} INFO - Filling up the DagBag from /home/airflow/.local/lib/python3.12/site-packages/airflow/example_dags/example_branch_operator_decorator.py
[2024-11-01T16:05:51.113+0000] {processor.py:925} INFO - DAG(s) 'example_branch_python_operator_decorator' retrieved from /home/airflow/.local/lib/python3.12/site-packages/airflow/example_dags/example_branch_operator_decorator.py
[2024-11-01T16:05:51.138+0000] {logging_mixin.py:190} INFO - [2024-11-01T16:05:51.138+0000] {dag.py:3239} INFO - Sync 1 DAGs
[2024-11-01T16:05:51.159+0000] {logging_mixin.py:190} INFO - [2024-11-01T16:05:51.159+0000] {dag.py:4180} INFO - Setting next_dagrun for example_branch_python_operator_decorator to 2024-10-31 00:00:00+00:00, run_after=2024-11-01 00:00:00+00:00
[2024-11-01T16:05:51.176+0000] {processor.py:208} INFO - Processing /home/airflow/.local/lib/python3.12/site-packages/airflow/example_dags/example_branch_operator_decorator.py took 0.090 seconds
[2024-11-01T16:06:21.932+0000] {processor.py:186} INFO - Started process (PID=2192) to work on /home/airflow/.local/lib/python3.12/site-packages/airflow/example_dags/example_branch_operator_decorator.py
[2024-11-01T16:06:21.933+0000] {processor.py:914} INFO - Processing file /home/airflow/.local/lib/python3.12/site-packages/airflow/example_dags/example_branch_operator_decorator.py for tasks to queue
[2024-11-01T16:06:21.934+0000] {logging_mixin.py:190} INFO - [2024-11-01T16:06:21.934+0000] {dagbag.py:588} INFO - Filling up the DagBag from /home/airflow/.local/lib/python3.12/site-packages/airflow/example_dags/example_branch_operator_decorator.py
[2024-11-01T16:06:21.948+0000] {processor.py:925} INFO - DAG(s) 'example_branch_python_operator_decorator' retrieved from /home/airflow/.local/lib/python3.12/site-packages/airflow/example_dags/example_branch_operator_decorator.py
[2024-11-01T16:06:21.967+0000] {logging_mixin.py:190} INFO - [2024-11-01T16:06:21.966+0000] {dag.py:3239} INFO - Sync 1 DAGs
[2024-11-01T16:06:21.983+0000] {logging_mixin.py:190} INFO - [2024-11-01T16:06:21.983+0000] {dag.py:4180} INFO - Setting next_dagrun for example_branch_python_operator_decorator to 2024-10-31 00:00:00+00:00, run_after=2024-11-01 00:00:00+00:00
[2024-11-01T16:06:21.996+0000] {processor.py:208} INFO - Processing /home/airflow/.local/lib/python3.12/site-packages/airflow/example_dags/example_branch_operator_decorator.py took 0.068 seconds
[2024-11-01T16:06:52.055+0000] {processor.py:186} INFO - Started process (PID=2258) to work on /home/airflow/.local/lib/python3.12/site-packages/airflow/example_dags/example_branch_operator_decorator.py
[2024-11-01T16:06:52.056+0000] {processor.py:914} INFO - Processing file /home/airflow/.local/lib/python3.12/site-packages/airflow/example_dags/example_branch_operator_decorator.py for tasks to queue
[2024-11-01T16:06:52.057+0000] {logging_mixin.py:190} INFO - [2024-11-01T16:06:52.057+0000] {dagbag.py:588} INFO - Filling up the DagBag from /home/airflow/.local/lib/python3.12/site-packages/airflow/example_dags/example_branch_operator_decorator.py
[2024-11-01T16:06:52.073+0000] {processor.py:925} INFO - DAG(s) 'example_branch_python_operator_decorator' retrieved from /home/airflow/.local/lib/python3.12/site-packages/airflow/example_dags/example_branch_operator_decorator.py
[2024-11-01T16:06:52.093+0000] {logging_mixin.py:190} INFO - [2024-11-01T16:06:52.093+0000] {dag.py:3239} INFO - Sync 1 DAGs
[2024-11-01T16:06:52.110+0000] {logging_mixin.py:190} INFO - [2024-11-01T16:06:52.110+0000] {dag.py:4180} INFO - Setting next_dagrun for example_branch_python_operator_decorator to 2024-10-31 00:00:00+00:00, run_after=2024-11-01 00:00:00+00:00
[2024-11-01T16:06:52.124+0000] {processor.py:208} INFO - Processing /home/airflow/.local/lib/python3.12/site-packages/airflow/example_dags/example_branch_operator_decorator.py took 0.074 seconds
[2024-11-01T16:07:22.618+0000] {processor.py:186} INFO - Started process (PID=2324) to work on /home/airflow/.local/lib/python3.12/site-packages/airflow/example_dags/example_branch_operator_decorator.py
[2024-11-01T16:07:22.619+0000] {processor.py:914} INFO - Processing file /home/airflow/.local/lib/python3.12/site-packages/airflow/example_dags/example_branch_operator_decorator.py for tasks to queue
[2024-11-01T16:07:22.621+0000] {logging_mixin.py:190} INFO - [2024-11-01T16:07:22.621+0000] {dagbag.py:588} INFO - Filling up the DagBag from /home/airflow/.local/lib/python3.12/site-packages/airflow/example_dags/example_branch_operator_decorator.py
[2024-11-01T16:07:22.638+0000] {processor.py:925} INFO - DAG(s) 'example_branch_python_operator_decorator' retrieved from /home/airflow/.local/lib/python3.12/site-packages/airflow/example_dags/example_branch_operator_decorator.py
[2024-11-01T16:07:22.663+0000] {logging_mixin.py:190} INFO - [2024-11-01T16:07:22.663+0000] {dag.py:3239} INFO - Sync 1 DAGs
[2024-11-01T16:07:22.684+0000] {logging_mixin.py:190} INFO - [2024-11-01T16:07:22.684+0000] {dag.py:4180} INFO - Setting next_dagrun for example_branch_python_operator_decorator to 2024-10-31 00:00:00+00:00, run_after=2024-11-01 00:00:00+00:00
[2024-11-01T16:07:22.701+0000] {processor.py:208} INFO - Processing /home/airflow/.local/lib/python3.12/site-packages/airflow/example_dags/example_branch_operator_decorator.py took 0.087 seconds
[2024-11-01T16:07:52.881+0000] {processor.py:186} INFO - Started process (PID=2390) to work on /home/airflow/.local/lib/python3.12/site-packages/airflow/example_dags/example_branch_operator_decorator.py
[2024-11-01T16:07:52.882+0000] {processor.py:914} INFO - Processing file /home/airflow/.local/lib/python3.12/site-packages/airflow/example_dags/example_branch_operator_decorator.py for tasks to queue
[2024-11-01T16:07:52.884+0000] {logging_mixin.py:190} INFO - [2024-11-01T16:07:52.883+0000] {dagbag.py:588} INFO - Filling up the DagBag from /home/airflow/.local/lib/python3.12/site-packages/airflow/example_dags/example_branch_operator_decorator.py
[2024-11-01T16:07:52.898+0000] {processor.py:925} INFO - DAG(s) 'example_branch_python_operator_decorator' retrieved from /home/airflow/.local/lib/python3.12/site-packages/airflow/example_dags/example_branch_operator_decorator.py
[2024-11-01T16:07:52.917+0000] {logging_mixin.py:190} INFO - [2024-11-01T16:07:52.917+0000] {dag.py:3239} INFO - Sync 1 DAGs
[2024-11-01T16:07:52.943+0000] {logging_mixin.py:190} INFO - [2024-11-01T16:07:52.943+0000] {dag.py:4180} INFO - Setting next_dagrun for example_branch_python_operator_decorator to 2024-10-31 00:00:00+00:00, run_after=2024-11-01 00:00:00+00:00
[2024-11-01T16:07:52.968+0000] {processor.py:208} INFO - Processing /home/airflow/.local/lib/python3.12/site-packages/airflow/example_dags/example_branch_operator_decorator.py took 0.091 seconds
[2024-11-01T16:08:23.033+0000] {processor.py:186} INFO - Started process (PID=2456) to work on /home/airflow/.local/lib/python3.12/site-packages/airflow/example_dags/example_branch_operator_decorator.py
[2024-11-01T16:08:23.034+0000] {processor.py:914} INFO - Processing file /home/airflow/.local/lib/python3.12/site-packages/airflow/example_dags/example_branch_operator_decorator.py for tasks to queue
[2024-11-01T16:08:23.035+0000] {logging_mixin.py:190} INFO - [2024-11-01T16:08:23.035+0000] {dagbag.py:588} INFO - Filling up the DagBag from /home/airflow/.local/lib/python3.12/site-packages/airflow/example_dags/example_branch_operator_decorator.py
[2024-11-01T16:08:23.048+0000] {processor.py:925} INFO - DAG(s) 'example_branch_python_operator_decorator' retrieved from /home/airflow/.local/lib/python3.12/site-packages/airflow/example_dags/example_branch_operator_decorator.py
[2024-11-01T16:08:23.065+0000] {logging_mixin.py:190} INFO - [2024-11-01T16:08:23.065+0000] {dag.py:3239} INFO - Sync 1 DAGs
[2024-11-01T16:08:23.080+0000] {logging_mixin.py:190} INFO - [2024-11-01T16:08:23.080+0000] {dag.py:4180} INFO - Setting next_dagrun for example_branch_python_operator_decorator to 2024-10-31 00:00:00+00:00, run_after=2024-11-01 00:00:00+00:00
[2024-11-01T16:08:23.092+0000] {processor.py:208} INFO - Processing /home/airflow/.local/lib/python3.12/site-packages/airflow/example_dags/example_branch_operator_decorator.py took 0.063 seconds
[2024-11-01T16:08:53.986+0000] {processor.py:186} INFO - Started process (PID=2522) to work on /home/airflow/.local/lib/python3.12/site-packages/airflow/example_dags/example_branch_operator_decorator.py
[2024-11-01T16:08:53.987+0000] {processor.py:914} INFO - Processing file /home/airflow/.local/lib/python3.12/site-packages/airflow/example_dags/example_branch_operator_decorator.py for tasks to queue
[2024-11-01T16:08:53.989+0000] {logging_mixin.py:190} INFO - [2024-11-01T16:08:53.988+0000] {dagbag.py:588} INFO - Filling up the DagBag from /home/airflow/.local/lib/python3.12/site-packages/airflow/example_dags/example_branch_operator_decorator.py
[2024-11-01T16:08:54.003+0000] {processor.py:925} INFO - DAG(s) 'example_branch_python_operator_decorator' retrieved from /home/airflow/.local/lib/python3.12/site-packages/airflow/example_dags/example_branch_operator_decorator.py
[2024-11-01T16:08:54.023+0000] {logging_mixin.py:190} INFO - [2024-11-01T16:08:54.023+0000] {dag.py:3239} INFO - Sync 1 DAGs
[2024-11-01T16:08:54.039+0000] {logging_mixin.py:190} INFO - [2024-11-01T16:08:54.038+0000] {dag.py:4180} INFO - Setting next_dagrun for example_branch_python_operator_decorator to 2024-10-31 00:00:00+00:00, run_after=2024-11-01 00:00:00+00:00
[2024-11-01T16:08:54.052+0000] {processor.py:208} INFO - Processing /home/airflow/.local/lib/python3.12/site-packages/airflow/example_dags/example_branch_operator_decorator.py took 0.071 seconds
[2024-11-01T16:09:24.650+0000] {processor.py:186} INFO - Started process (PID=2588) to work on /home/airflow/.local/lib/python3.12/site-packages/airflow/example_dags/example_branch_operator_decorator.py
[2024-11-01T16:09:24.651+0000] {processor.py:914} INFO - Processing file /home/airflow/.local/lib/python3.12/site-packages/airflow/example_dags/example_branch_operator_decorator.py for tasks to queue
[2024-11-01T16:09:24.653+0000] {logging_mixin.py:190} INFO - [2024-11-01T16:09:24.652+0000] {dagbag.py:588} INFO - Filling up the DagBag from /home/airflow/.local/lib/python3.12/site-packages/airflow/example_dags/example_branch_operator_decorator.py
[2024-11-01T16:09:24.669+0000] {processor.py:925} INFO - DAG(s) 'example_branch_python_operator_decorator' retrieved from /home/airflow/.local/lib/python3.12/site-packages/airflow/example_dags/example_branch_operator_decorator.py
[2024-11-01T16:09:24.698+0000] {logging_mixin.py:190} INFO - [2024-11-01T16:09:24.697+0000] {dag.py:3239} INFO - Sync 1 DAGs
[2024-11-01T16:09:24.718+0000] {logging_mixin.py:190} INFO - [2024-11-01T16:09:24.717+0000] {dag.py:4180} INFO - Setting next_dagrun for example_branch_python_operator_decorator to 2024-10-31 00:00:00+00:00, run_after=2024-11-01 00:00:00+00:00
[2024-11-01T16:09:24.733+0000] {processor.py:208} INFO - Processing /home/airflow/.local/lib/python3.12/site-packages/airflow/example_dags/example_branch_operator_decorator.py took 0.087 seconds
[2024-11-01T16:09:55.302+0000] {processor.py:186} INFO - Started process (PID=2654) to work on /home/airflow/.local/lib/python3.12/site-packages/airflow/example_dags/example_branch_operator_decorator.py
[2024-11-01T16:09:55.304+0000] {processor.py:914} INFO - Processing file /home/airflow/.local/lib/python3.12/site-packages/airflow/example_dags/example_branch_operator_decorator.py for tasks to queue
[2024-11-01T16:09:55.307+0000] {logging_mixin.py:190} INFO - [2024-11-01T16:09:55.306+0000] {dagbag.py:588} INFO - Filling up the DagBag from /home/airflow/.local/lib/python3.12/site-packages/airflow/example_dags/example_branch_operator_decorator.py
[2024-11-01T16:09:55.328+0000] {processor.py:925} INFO - DAG(s) 'example_branch_python_operator_decorator' retrieved from /home/airflow/.local/lib/python3.12/site-packages/airflow/example_dags/example_branch_operator_decorator.py
[2024-11-01T16:09:55.349+0000] {logging_mixin.py:190} INFO - [2024-11-01T16:09:55.349+0000] {dag.py:3239} INFO - Sync 1 DAGs
[2024-11-01T16:09:55.366+0000] {logging_mixin.py:190} INFO - [2024-11-01T16:09:55.366+0000] {dag.py:4180} INFO - Setting next_dagrun for example_branch_python_operator_decorator to 2024-10-31 00:00:00+00:00, run_after=2024-11-01 00:00:00+00:00
[2024-11-01T16:09:55.394+0000] {processor.py:208} INFO - Processing /home/airflow/.local/lib/python3.12/site-packages/airflow/example_dags/example_branch_operator_decorator.py took 0.099 seconds
[2024-11-01T16:10:25.717+0000] {processor.py:186} INFO - Started process (PID=2720) to work on /home/airflow/.local/lib/python3.12/site-packages/airflow/example_dags/example_branch_operator_decorator.py
[2024-11-01T16:10:25.718+0000] {processor.py:914} INFO - Processing file /home/airflow/.local/lib/python3.12/site-packages/airflow/example_dags/example_branch_operator_decorator.py for tasks to queue
[2024-11-01T16:10:25.722+0000] {logging_mixin.py:190} INFO - [2024-11-01T16:10:25.721+0000] {dagbag.py:588} INFO - Filling up the DagBag from /home/airflow/.local/lib/python3.12/site-packages/airflow/example_dags/example_branch_operator_decorator.py
[2024-11-01T16:10:25.746+0000] {processor.py:925} INFO - DAG(s) 'example_branch_python_operator_decorator' retrieved from /home/airflow/.local/lib/python3.12/site-packages/airflow/example_dags/example_branch_operator_decorator.py
[2024-11-01T16:10:25.769+0000] {logging_mixin.py:190} INFO - [2024-11-01T16:10:25.769+0000] {dag.py:3239} INFO - Sync 1 DAGs
[2024-11-01T16:10:25.793+0000] {logging_mixin.py:190} INFO - [2024-11-01T16:10:25.793+0000] {dag.py:4180} INFO - Setting next_dagrun for example_branch_python_operator_decorator to 2024-10-31 00:00:00+00:00, run_after=2024-11-01 00:00:00+00:00
[2024-11-01T16:10:25.808+0000] {processor.py:208} INFO - Processing /home/airflow/.local/lib/python3.12/site-packages/airflow/example_dags/example_branch_operator_decorator.py took 0.099 seconds
[2024-11-01T16:10:56.818+0000] {processor.py:186} INFO - Started process (PID=2786) to work on /home/airflow/.local/lib/python3.12/site-packages/airflow/example_dags/example_branch_operator_decorator.py
[2024-11-01T16:10:56.819+0000] {processor.py:914} INFO - Processing file /home/airflow/.local/lib/python3.12/site-packages/airflow/example_dags/example_branch_operator_decorator.py for tasks to queue
[2024-11-01T16:10:56.821+0000] {logging_mixin.py:190} INFO - [2024-11-01T16:10:56.821+0000] {dagbag.py:588} INFO - Filling up the DagBag from /home/airflow/.local/lib/python3.12/site-packages/airflow/example_dags/example_branch_operator_decorator.py
[2024-11-01T16:10:56.838+0000] {processor.py:925} INFO - DAG(s) 'example_branch_python_operator_decorator' retrieved from /home/airflow/.local/lib/python3.12/site-packages/airflow/example_dags/example_branch_operator_decorator.py
[2024-11-01T16:10:56.862+0000] {logging_mixin.py:190} INFO - [2024-11-01T16:10:56.861+0000] {dag.py:3239} INFO - Sync 1 DAGs
[2024-11-01T16:10:56.880+0000] {logging_mixin.py:190} INFO - [2024-11-01T16:10:56.880+0000] {dag.py:4180} INFO - Setting next_dagrun for example_branch_python_operator_decorator to 2024-10-31 00:00:00+00:00, run_after=2024-11-01 00:00:00+00:00
[2024-11-01T16:10:56.895+0000] {processor.py:208} INFO - Processing /home/airflow/.local/lib/python3.12/site-packages/airflow/example_dags/example_branch_operator_decorator.py took 0.083 seconds
[2024-11-01T16:11:27.349+0000] {processor.py:186} INFO - Started process (PID=2852) to work on /home/airflow/.local/lib/python3.12/site-packages/airflow/example_dags/example_branch_operator_decorator.py
[2024-11-01T16:11:27.350+0000] {processor.py:914} INFO - Processing file /home/airflow/.local/lib/python3.12/site-packages/airflow/example_dags/example_branch_operator_decorator.py for tasks to queue
[2024-11-01T16:11:27.351+0000] {logging_mixin.py:190} INFO - [2024-11-01T16:11:27.351+0000] {dagbag.py:588} INFO - Filling up the DagBag from /home/airflow/.local/lib/python3.12/site-packages/airflow/example_dags/example_branch_operator_decorator.py
[2024-11-01T16:11:27.367+0000] {processor.py:925} INFO - DAG(s) 'example_branch_python_operator_decorator' retrieved from /home/airflow/.local/lib/python3.12/site-packages/airflow/example_dags/example_branch_operator_decorator.py
[2024-11-01T16:11:27.396+0000] {logging_mixin.py:190} INFO - [2024-11-01T16:11:27.396+0000] {dag.py:3239} INFO - Sync 1 DAGs
[2024-11-01T16:11:27.423+0000] {logging_mixin.py:190} INFO - [2024-11-01T16:11:27.422+0000] {dag.py:4180} INFO - Setting next_dagrun for example_branch_python_operator_decorator to 2024-10-31 00:00:00+00:00, run_after=2024-11-01 00:00:00+00:00
[2024-11-01T16:11:27.440+0000] {processor.py:208} INFO - Processing /home/airflow/.local/lib/python3.12/site-packages/airflow/example_dags/example_branch_operator_decorator.py took 0.096 seconds
[2024-11-01T16:11:58.240+0000] {processor.py:186} INFO - Started process (PID=2918) to work on /home/airflow/.local/lib/python3.12/site-packages/airflow/example_dags/example_branch_operator_decorator.py
[2024-11-01T16:11:58.241+0000] {processor.py:914} INFO - Processing file /home/airflow/.local/lib/python3.12/site-packages/airflow/example_dags/example_branch_operator_decorator.py for tasks to queue
[2024-11-01T16:11:58.243+0000] {logging_mixin.py:190} INFO - [2024-11-01T16:11:58.242+0000] {dagbag.py:588} INFO - Filling up the DagBag from /home/airflow/.local/lib/python3.12/site-packages/airflow/example_dags/example_branch_operator_decorator.py
[2024-11-01T16:11:58.258+0000] {processor.py:925} INFO - DAG(s) 'example_branch_python_operator_decorator' retrieved from /home/airflow/.local/lib/python3.12/site-packages/airflow/example_dags/example_branch_operator_decorator.py
[2024-11-01T16:11:58.278+0000] {logging_mixin.py:190} INFO - [2024-11-01T16:11:58.278+0000] {dag.py:3239} INFO - Sync 1 DAGs
[2024-11-01T16:11:58.299+0000] {logging_mixin.py:190} INFO - [2024-11-01T16:11:58.299+0000] {dag.py:4180} INFO - Setting next_dagrun for example_branch_python_operator_decorator to 2024-10-31 00:00:00+00:00, run_after=2024-11-01 00:00:00+00:00
[2024-11-01T16:11:58.313+0000] {processor.py:208} INFO - Processing /home/airflow/.local/lib/python3.12/site-packages/airflow/example_dags/example_branch_operator_decorator.py took 0.077 seconds
[2024-11-01T16:12:28.873+0000] {processor.py:186} INFO - Started process (PID=2984) to work on /home/airflow/.local/lib/python3.12/site-packages/airflow/example_dags/example_branch_operator_decorator.py
[2024-11-01T16:12:28.873+0000] {processor.py:914} INFO - Processing file /home/airflow/.local/lib/python3.12/site-packages/airflow/example_dags/example_branch_operator_decorator.py for tasks to queue
[2024-11-01T16:12:28.875+0000] {logging_mixin.py:190} INFO - [2024-11-01T16:12:28.875+0000] {dagbag.py:588} INFO - Filling up the DagBag from /home/airflow/.local/lib/python3.12/site-packages/airflow/example_dags/example_branch_operator_decorator.py
[2024-11-01T16:12:28.896+0000] {processor.py:925} INFO - DAG(s) 'example_branch_python_operator_decorator' retrieved from /home/airflow/.local/lib/python3.12/site-packages/airflow/example_dags/example_branch_operator_decorator.py
[2024-11-01T16:12:28.921+0000] {logging_mixin.py:190} INFO - [2024-11-01T16:12:28.921+0000] {dag.py:3239} INFO - Sync 1 DAGs
[2024-11-01T16:12:28.942+0000] {logging_mixin.py:190} INFO - [2024-11-01T16:12:28.942+0000] {dag.py:4180} INFO - Setting next_dagrun for example_branch_python_operator_decorator to 2024-10-31 00:00:00+00:00, run_after=2024-11-01 00:00:00+00:00
[2024-11-01T16:12:28.958+0000] {processor.py:208} INFO - Processing /home/airflow/.local/lib/python3.12/site-packages/airflow/example_dags/example_branch_operator_decorator.py took 0.090 seconds
[2024-11-01T16:12:59.532+0000] {processor.py:186} INFO - Started process (PID=3050) to work on /home/airflow/.local/lib/python3.12/site-packages/airflow/example_dags/example_branch_operator_decorator.py
[2024-11-01T16:12:59.533+0000] {processor.py:914} INFO - Processing file /home/airflow/.local/lib/python3.12/site-packages/airflow/example_dags/example_branch_operator_decorator.py for tasks to queue
[2024-11-01T16:12:59.535+0000] {logging_mixin.py:190} INFO - [2024-11-01T16:12:59.535+0000] {dagbag.py:588} INFO - Filling up the DagBag from /home/airflow/.local/lib/python3.12/site-packages/airflow/example_dags/example_branch_operator_decorator.py
[2024-11-01T16:12:59.562+0000] {processor.py:925} INFO - DAG(s) 'example_branch_python_operator_decorator' retrieved from /home/airflow/.local/lib/python3.12/site-packages/airflow/example_dags/example_branch_operator_decorator.py
[2024-11-01T16:12:59.603+0000] {logging_mixin.py:190} INFO - [2024-11-01T16:12:59.602+0000] {dag.py:3239} INFO - Sync 1 DAGs
[2024-11-01T16:12:59.636+0000] {logging_mixin.py:190} INFO - [2024-11-01T16:12:59.636+0000] {dag.py:4180} INFO - Setting next_dagrun for example_branch_python_operator_decorator to 2024-10-31 00:00:00+00:00, run_after=2024-11-01 00:00:00+00:00
[2024-11-01T16:12:59.656+0000] {processor.py:208} INFO - Processing /home/airflow/.local/lib/python3.12/site-packages/airflow/example_dags/example_branch_operator_decorator.py took 0.129 seconds
[2024-11-01T16:14:16.322+0000] {processor.py:186} INFO - Started process (PID=3110) to work on /home/airflow/.local/lib/python3.12/site-packages/airflow/example_dags/example_branch_operator_decorator.py
[2024-11-01T16:14:16.323+0000] {processor.py:914} INFO - Processing file /home/airflow/.local/lib/python3.12/site-packages/airflow/example_dags/example_branch_operator_decorator.py for tasks to queue
[2024-11-01T16:14:16.325+0000] {logging_mixin.py:190} INFO - [2024-11-01T16:14:16.325+0000] {dagbag.py:588} INFO - Filling up the DagBag from /home/airflow/.local/lib/python3.12/site-packages/airflow/example_dags/example_branch_operator_decorator.py
[2024-11-01T16:14:16.344+0000] {processor.py:925} INFO - DAG(s) 'example_branch_python_operator_decorator' retrieved from /home/airflow/.local/lib/python3.12/site-packages/airflow/example_dags/example_branch_operator_decorator.py
[2024-11-01T16:14:16.381+0000] {logging_mixin.py:190} INFO - [2024-11-01T16:14:16.381+0000] {dag.py:3239} INFO - Sync 1 DAGs
[2024-11-01T16:14:16.414+0000] {logging_mixin.py:190} INFO - [2024-11-01T16:14:16.414+0000] {dag.py:4180} INFO - Setting next_dagrun for example_branch_python_operator_decorator to 2024-10-31 00:00:00+00:00, run_after=2024-11-01 00:00:00+00:00
[2024-11-01T16:14:16.438+0000] {processor.py:208} INFO - Processing /home/airflow/.local/lib/python3.12/site-packages/airflow/example_dags/example_branch_operator_decorator.py took 0.121 seconds
[2024-11-01T16:18:38.434+0000] {processor.py:186} INFO - Started process (PID=75) to work on /home/airflow/.local/lib/python3.12/site-packages/airflow/example_dags/example_branch_operator_decorator.py
[2024-11-01T16:18:38.435+0000] {processor.py:914} INFO - Processing file /home/airflow/.local/lib/python3.12/site-packages/airflow/example_dags/example_branch_operator_decorator.py for tasks to queue
[2024-11-01T16:18:38.438+0000] {logging_mixin.py:190} INFO - [2024-11-01T16:18:38.437+0000] {dagbag.py:588} INFO - Filling up the DagBag from /home/airflow/.local/lib/python3.12/site-packages/airflow/example_dags/example_branch_operator_decorator.py
[2024-11-01T16:18:38.465+0000] {processor.py:925} INFO - DAG(s) 'example_branch_python_operator_decorator' retrieved from /home/airflow/.local/lib/python3.12/site-packages/airflow/example_dags/example_branch_operator_decorator.py
[2024-11-01T16:18:38.565+0000] {logging_mixin.py:190} INFO - [2024-11-01T16:18:38.565+0000] {dag.py:3239} INFO - Sync 1 DAGs
[2024-11-01T16:18:38.584+0000] {logging_mixin.py:190} INFO - [2024-11-01T16:18:38.584+0000] {dag.py:4180} INFO - Setting next_dagrun for example_branch_python_operator_decorator to 2024-10-31 00:00:00+00:00, run_after=2024-11-01 00:00:00+00:00
[2024-11-01T16:18:38.604+0000] {processor.py:208} INFO - Processing /home/airflow/.local/lib/python3.12/site-packages/airflow/example_dags/example_branch_operator_decorator.py took 0.175 seconds
[2024-11-01T16:19:09.215+0000] {processor.py:186} INFO - Started process (PID=147) to work on /home/airflow/.local/lib/python3.12/site-packages/airflow/example_dags/example_branch_operator_decorator.py
[2024-11-01T16:19:09.216+0000] {processor.py:914} INFO - Processing file /home/airflow/.local/lib/python3.12/site-packages/airflow/example_dags/example_branch_operator_decorator.py for tasks to queue
[2024-11-01T16:19:09.218+0000] {logging_mixin.py:190} INFO - [2024-11-01T16:19:09.218+0000] {dagbag.py:588} INFO - Filling up the DagBag from /home/airflow/.local/lib/python3.12/site-packages/airflow/example_dags/example_branch_operator_decorator.py
[2024-11-01T16:19:09.239+0000] {processor.py:925} INFO - DAG(s) 'example_branch_python_operator_decorator' retrieved from /home/airflow/.local/lib/python3.12/site-packages/airflow/example_dags/example_branch_operator_decorator.py
[2024-11-01T16:19:09.259+0000] {logging_mixin.py:190} INFO - [2024-11-01T16:19:09.258+0000] {dag.py:3239} INFO - Sync 1 DAGs
[2024-11-01T16:19:09.275+0000] {logging_mixin.py:190} INFO - [2024-11-01T16:19:09.275+0000] {dag.py:4180} INFO - Setting next_dagrun for example_branch_python_operator_decorator to 2024-10-31 00:00:00+00:00, run_after=2024-11-01 00:00:00+00:00
[2024-11-01T16:19:09.290+0000] {processor.py:208} INFO - Processing /home/airflow/.local/lib/python3.12/site-packages/airflow/example_dags/example_branch_operator_decorator.py took 0.079 seconds
[2024-11-01T16:19:41.385+0000] {processor.py:186} INFO - Started process (PID=212) to work on /home/airflow/.local/lib/python3.12/site-packages/airflow/example_dags/example_branch_operator_decorator.py
[2024-11-01T16:19:41.388+0000] {processor.py:914} INFO - Processing file /home/airflow/.local/lib/python3.12/site-packages/airflow/example_dags/example_branch_operator_decorator.py for tasks to queue
[2024-11-01T16:19:41.390+0000] {logging_mixin.py:190} INFO - [2024-11-01T16:19:41.389+0000] {dagbag.py:588} INFO - Filling up the DagBag from /home/airflow/.local/lib/python3.12/site-packages/airflow/example_dags/example_branch_operator_decorator.py
[2024-11-01T16:19:41.550+0000] {processor.py:925} INFO - DAG(s) 'example_branch_python_operator_decorator' retrieved from /home/airflow/.local/lib/python3.12/site-packages/airflow/example_dags/example_branch_operator_decorator.py
[2024-11-01T16:19:41.990+0000] {logging_mixin.py:190} INFO - [2024-11-01T16:19:41.966+0000] {dag.py:3239} INFO - Sync 1 DAGs
[2024-11-01T16:19:42.041+0000] {logging_mixin.py:190} INFO - [2024-11-01T16:19:42.041+0000] {dag.py:4180} INFO - Setting next_dagrun for example_branch_python_operator_decorator to 2024-10-31 00:00:00+00:00, run_after=2024-11-01 00:00:00+00:00
[2024-11-01T16:19:42.070+0000] {processor.py:208} INFO - Processing /home/airflow/.local/lib/python3.12/site-packages/airflow/example_dags/example_branch_operator_decorator.py took 0.691 seconds
[2024-11-01T16:20:12.707+0000] {processor.py:186} INFO - Started process (PID=278) to work on /home/airflow/.local/lib/python3.12/site-packages/airflow/example_dags/example_branch_operator_decorator.py
[2024-11-01T16:20:12.708+0000] {processor.py:914} INFO - Processing file /home/airflow/.local/lib/python3.12/site-packages/airflow/example_dags/example_branch_operator_decorator.py for tasks to queue
[2024-11-01T16:20:12.709+0000] {logging_mixin.py:190} INFO - [2024-11-01T16:20:12.709+0000] {dagbag.py:588} INFO - Filling up the DagBag from /home/airflow/.local/lib/python3.12/site-packages/airflow/example_dags/example_branch_operator_decorator.py
[2024-11-01T16:20:12.726+0000] {processor.py:925} INFO - DAG(s) 'example_branch_python_operator_decorator' retrieved from /home/airflow/.local/lib/python3.12/site-packages/airflow/example_dags/example_branch_operator_decorator.py
[2024-11-01T16:20:12.746+0000] {logging_mixin.py:190} INFO - [2024-11-01T16:20:12.746+0000] {dag.py:3239} INFO - Sync 1 DAGs
[2024-11-01T16:20:12.762+0000] {logging_mixin.py:190} INFO - [2024-11-01T16:20:12.762+0000] {dag.py:4180} INFO - Setting next_dagrun for example_branch_python_operator_decorator to 2024-10-31 00:00:00+00:00, run_after=2024-11-01 00:00:00+00:00
[2024-11-01T16:20:12.777+0000] {processor.py:208} INFO - Processing /home/airflow/.local/lib/python3.12/site-packages/airflow/example_dags/example_branch_operator_decorator.py took 0.076 seconds
[2024-11-01T16:20:42.861+0000] {processor.py:186} INFO - Started process (PID=344) to work on /home/airflow/.local/lib/python3.12/site-packages/airflow/example_dags/example_branch_operator_decorator.py
[2024-11-01T16:20:42.861+0000] {processor.py:914} INFO - Processing file /home/airflow/.local/lib/python3.12/site-packages/airflow/example_dags/example_branch_operator_decorator.py for tasks to queue
[2024-11-01T16:20:42.863+0000] {logging_mixin.py:190} INFO - [2024-11-01T16:20:42.863+0000] {dagbag.py:588} INFO - Filling up the DagBag from /home/airflow/.local/lib/python3.12/site-packages/airflow/example_dags/example_branch_operator_decorator.py
[2024-11-01T16:20:42.879+0000] {processor.py:925} INFO - DAG(s) 'example_branch_python_operator_decorator' retrieved from /home/airflow/.local/lib/python3.12/site-packages/airflow/example_dags/example_branch_operator_decorator.py
[2024-11-01T16:20:42.898+0000] {logging_mixin.py:190} INFO - [2024-11-01T16:20:42.897+0000] {dag.py:3239} INFO - Sync 1 DAGs
[2024-11-01T16:20:42.914+0000] {logging_mixin.py:190} INFO - [2024-11-01T16:20:42.914+0000] {dag.py:4180} INFO - Setting next_dagrun for example_branch_python_operator_decorator to 2024-10-31 00:00:00+00:00, run_after=2024-11-01 00:00:00+00:00
[2024-11-01T16:20:42.929+0000] {processor.py:208} INFO - Processing /home/airflow/.local/lib/python3.12/site-packages/airflow/example_dags/example_branch_operator_decorator.py took 0.074 seconds
[2024-11-01T16:21:13.049+0000] {processor.py:186} INFO - Started process (PID=410) to work on /home/airflow/.local/lib/python3.12/site-packages/airflow/example_dags/example_branch_operator_decorator.py
[2024-11-01T16:21:13.050+0000] {processor.py:914} INFO - Processing file /home/airflow/.local/lib/python3.12/site-packages/airflow/example_dags/example_branch_operator_decorator.py for tasks to queue
[2024-11-01T16:21:13.051+0000] {logging_mixin.py:190} INFO - [2024-11-01T16:21:13.051+0000] {dagbag.py:588} INFO - Filling up the DagBag from /home/airflow/.local/lib/python3.12/site-packages/airflow/example_dags/example_branch_operator_decorator.py
[2024-11-01T16:21:13.066+0000] {processor.py:925} INFO - DAG(s) 'example_branch_python_operator_decorator' retrieved from /home/airflow/.local/lib/python3.12/site-packages/airflow/example_dags/example_branch_operator_decorator.py
[2024-11-01T16:21:13.084+0000] {logging_mixin.py:190} INFO - [2024-11-01T16:21:13.084+0000] {dag.py:3239} INFO - Sync 1 DAGs
[2024-11-01T16:21:13.107+0000] {logging_mixin.py:190} INFO - [2024-11-01T16:21:13.107+0000] {dag.py:4180} INFO - Setting next_dagrun for example_branch_python_operator_decorator to 2024-10-31 00:00:00+00:00, run_after=2024-11-01 00:00:00+00:00
[2024-11-01T16:21:13.122+0000] {processor.py:208} INFO - Processing /home/airflow/.local/lib/python3.12/site-packages/airflow/example_dags/example_branch_operator_decorator.py took 0.077 seconds
[2024-11-01T16:21:43.307+0000] {processor.py:186} INFO - Started process (PID=476) to work on /home/airflow/.local/lib/python3.12/site-packages/airflow/example_dags/example_branch_operator_decorator.py
[2024-11-01T16:21:43.308+0000] {processor.py:914} INFO - Processing file /home/airflow/.local/lib/python3.12/site-packages/airflow/example_dags/example_branch_operator_decorator.py for tasks to queue
[2024-11-01T16:21:43.309+0000] {logging_mixin.py:190} INFO - [2024-11-01T16:21:43.309+0000] {dagbag.py:588} INFO - Filling up the DagBag from /home/airflow/.local/lib/python3.12/site-packages/airflow/example_dags/example_branch_operator_decorator.py
[2024-11-01T16:21:43.323+0000] {processor.py:925} INFO - DAG(s) 'example_branch_python_operator_decorator' retrieved from /home/airflow/.local/lib/python3.12/site-packages/airflow/example_dags/example_branch_operator_decorator.py
[2024-11-01T16:21:43.350+0000] {logging_mixin.py:190} INFO - [2024-11-01T16:21:43.350+0000] {dag.py:3239} INFO - Sync 1 DAGs
[2024-11-01T16:21:43.371+0000] {logging_mixin.py:190} INFO - [2024-11-01T16:21:43.371+0000] {dag.py:4180} INFO - Setting next_dagrun for example_branch_python_operator_decorator to 2024-10-31 00:00:00+00:00, run_after=2024-11-01 00:00:00+00:00
[2024-11-01T16:21:43.389+0000] {processor.py:208} INFO - Processing /home/airflow/.local/lib/python3.12/site-packages/airflow/example_dags/example_branch_operator_decorator.py took 0.087 seconds
[2024-11-01T16:22:13.528+0000] {processor.py:186} INFO - Started process (PID=542) to work on /home/airflow/.local/lib/python3.12/site-packages/airflow/example_dags/example_branch_operator_decorator.py
[2024-11-01T16:22:13.529+0000] {processor.py:914} INFO - Processing file /home/airflow/.local/lib/python3.12/site-packages/airflow/example_dags/example_branch_operator_decorator.py for tasks to queue
[2024-11-01T16:22:13.530+0000] {logging_mixin.py:190} INFO - [2024-11-01T16:22:13.530+0000] {dagbag.py:588} INFO - Filling up the DagBag from /home/airflow/.local/lib/python3.12/site-packages/airflow/example_dags/example_branch_operator_decorator.py
[2024-11-01T16:22:13.545+0000] {processor.py:925} INFO - DAG(s) 'example_branch_python_operator_decorator' retrieved from /home/airflow/.local/lib/python3.12/site-packages/airflow/example_dags/example_branch_operator_decorator.py
[2024-11-01T16:22:13.563+0000] {logging_mixin.py:190} INFO - [2024-11-01T16:22:13.563+0000] {dag.py:3239} INFO - Sync 1 DAGs
[2024-11-01T16:22:13.580+0000] {logging_mixin.py:190} INFO - [2024-11-01T16:22:13.580+0000] {dag.py:4180} INFO - Setting next_dagrun for example_branch_python_operator_decorator to 2024-10-31 00:00:00+00:00, run_after=2024-11-01 00:00:00+00:00
[2024-11-01T16:22:13.594+0000] {processor.py:208} INFO - Processing /home/airflow/.local/lib/python3.12/site-packages/airflow/example_dags/example_branch_operator_decorator.py took 0.071 seconds
[2024-11-01T16:22:44.317+0000] {processor.py:186} INFO - Started process (PID=608) to work on /home/airflow/.local/lib/python3.12/site-packages/airflow/example_dags/example_branch_operator_decorator.py
[2024-11-01T16:22:44.318+0000] {processor.py:914} INFO - Processing file /home/airflow/.local/lib/python3.12/site-packages/airflow/example_dags/example_branch_operator_decorator.py for tasks to queue
[2024-11-01T16:22:44.319+0000] {logging_mixin.py:190} INFO - [2024-11-01T16:22:44.319+0000] {dagbag.py:588} INFO - Filling up the DagBag from /home/airflow/.local/lib/python3.12/site-packages/airflow/example_dags/example_branch_operator_decorator.py
[2024-11-01T16:22:44.334+0000] {processor.py:925} INFO - DAG(s) 'example_branch_python_operator_decorator' retrieved from /home/airflow/.local/lib/python3.12/site-packages/airflow/example_dags/example_branch_operator_decorator.py
[2024-11-01T16:22:44.355+0000] {logging_mixin.py:190} INFO - [2024-11-01T16:22:44.355+0000] {dag.py:3239} INFO - Sync 1 DAGs
[2024-11-01T16:22:44.372+0000] {logging_mixin.py:190} INFO - [2024-11-01T16:22:44.372+0000] {dag.py:4180} INFO - Setting next_dagrun for example_branch_python_operator_decorator to 2024-10-31 00:00:00+00:00, run_after=2024-11-01 00:00:00+00:00
[2024-11-01T16:22:44.386+0000] {processor.py:208} INFO - Processing /home/airflow/.local/lib/python3.12/site-packages/airflow/example_dags/example_branch_operator_decorator.py took 0.075 seconds
[2024-11-01T16:23:14.602+0000] {processor.py:186} INFO - Started process (PID=674) to work on /home/airflow/.local/lib/python3.12/site-packages/airflow/example_dags/example_branch_operator_decorator.py
[2024-11-01T16:23:14.602+0000] {processor.py:914} INFO - Processing file /home/airflow/.local/lib/python3.12/site-packages/airflow/example_dags/example_branch_operator_decorator.py for tasks to queue
[2024-11-01T16:23:14.604+0000] {logging_mixin.py:190} INFO - [2024-11-01T16:23:14.604+0000] {dagbag.py:588} INFO - Filling up the DagBag from /home/airflow/.local/lib/python3.12/site-packages/airflow/example_dags/example_branch_operator_decorator.py
[2024-11-01T16:23:14.619+0000] {processor.py:925} INFO - DAG(s) 'example_branch_python_operator_decorator' retrieved from /home/airflow/.local/lib/python3.12/site-packages/airflow/example_dags/example_branch_operator_decorator.py
[2024-11-01T16:23:14.638+0000] {logging_mixin.py:190} INFO - [2024-11-01T16:23:14.638+0000] {dag.py:3239} INFO - Sync 1 DAGs
[2024-11-01T16:23:14.655+0000] {logging_mixin.py:190} INFO - [2024-11-01T16:23:14.655+0000] {dag.py:4180} INFO - Setting next_dagrun for example_branch_python_operator_decorator to 2024-10-31 00:00:00+00:00, run_after=2024-11-01 00:00:00+00:00
[2024-11-01T16:23:14.670+0000] {processor.py:208} INFO - Processing /home/airflow/.local/lib/python3.12/site-packages/airflow/example_dags/example_branch_operator_decorator.py took 0.074 seconds
[2024-11-01T16:23:44.773+0000] {processor.py:186} INFO - Started process (PID=740) to work on /home/airflow/.local/lib/python3.12/site-packages/airflow/example_dags/example_branch_operator_decorator.py
[2024-11-01T16:23:44.775+0000] {processor.py:914} INFO - Processing file /home/airflow/.local/lib/python3.12/site-packages/airflow/example_dags/example_branch_operator_decorator.py for tasks to queue
[2024-11-01T16:23:44.777+0000] {logging_mixin.py:190} INFO - [2024-11-01T16:23:44.777+0000] {dagbag.py:588} INFO - Filling up the DagBag from /home/airflow/.local/lib/python3.12/site-packages/airflow/example_dags/example_branch_operator_decorator.py
[2024-11-01T16:23:44.791+0000] {processor.py:925} INFO - DAG(s) 'example_branch_python_operator_decorator' retrieved from /home/airflow/.local/lib/python3.12/site-packages/airflow/example_dags/example_branch_operator_decorator.py
[2024-11-01T16:23:44.813+0000] {logging_mixin.py:190} INFO - [2024-11-01T16:23:44.813+0000] {dag.py:3239} INFO - Sync 1 DAGs
[2024-11-01T16:23:44.833+0000] {logging_mixin.py:190} INFO - [2024-11-01T16:23:44.833+0000] {dag.py:4180} INFO - Setting next_dagrun for example_branch_python_operator_decorator to 2024-10-31 00:00:00+00:00, run_after=2024-11-01 00:00:00+00:00
[2024-11-01T16:23:44.849+0000] {processor.py:208} INFO - Processing /home/airflow/.local/lib/python3.12/site-packages/airflow/example_dags/example_branch_operator_decorator.py took 0.080 seconds
[2024-11-01T16:24:15.151+0000] {processor.py:186} INFO - Started process (PID=806) to work on /home/airflow/.local/lib/python3.12/site-packages/airflow/example_dags/example_branch_operator_decorator.py
[2024-11-01T16:24:15.152+0000] {processor.py:914} INFO - Processing file /home/airflow/.local/lib/python3.12/site-packages/airflow/example_dags/example_branch_operator_decorator.py for tasks to queue
[2024-11-01T16:24:15.153+0000] {logging_mixin.py:190} INFO - [2024-11-01T16:24:15.153+0000] {dagbag.py:588} INFO - Filling up the DagBag from /home/airflow/.local/lib/python3.12/site-packages/airflow/example_dags/example_branch_operator_decorator.py
[2024-11-01T16:24:15.168+0000] {processor.py:925} INFO - DAG(s) 'example_branch_python_operator_decorator' retrieved from /home/airflow/.local/lib/python3.12/site-packages/airflow/example_dags/example_branch_operator_decorator.py
[2024-11-01T16:24:15.187+0000] {logging_mixin.py:190} INFO - [2024-11-01T16:24:15.186+0000] {dag.py:3239} INFO - Sync 1 DAGs
[2024-11-01T16:24:15.202+0000] {logging_mixin.py:190} INFO - [2024-11-01T16:24:15.202+0000] {dag.py:4180} INFO - Setting next_dagrun for example_branch_python_operator_decorator to 2024-10-31 00:00:00+00:00, run_after=2024-11-01 00:00:00+00:00
[2024-11-01T16:24:15.218+0000] {processor.py:208} INFO - Processing /home/airflow/.local/lib/python3.12/site-packages/airflow/example_dags/example_branch_operator_decorator.py took 0.073 seconds
[2024-11-01T16:24:45.453+0000] {processor.py:186} INFO - Started process (PID=872) to work on /home/airflow/.local/lib/python3.12/site-packages/airflow/example_dags/example_branch_operator_decorator.py
[2024-11-01T16:24:45.454+0000] {processor.py:914} INFO - Processing file /home/airflow/.local/lib/python3.12/site-packages/airflow/example_dags/example_branch_operator_decorator.py for tasks to queue
[2024-11-01T16:24:45.456+0000] {logging_mixin.py:190} INFO - [2024-11-01T16:24:45.456+0000] {dagbag.py:588} INFO - Filling up the DagBag from /home/airflow/.local/lib/python3.12/site-packages/airflow/example_dags/example_branch_operator_decorator.py
[2024-11-01T16:24:45.474+0000] {processor.py:925} INFO - DAG(s) 'example_branch_python_operator_decorator' retrieved from /home/airflow/.local/lib/python3.12/site-packages/airflow/example_dags/example_branch_operator_decorator.py
[2024-11-01T16:24:45.502+0000] {logging_mixin.py:190} INFO - [2024-11-01T16:24:45.502+0000] {dag.py:3239} INFO - Sync 1 DAGs
[2024-11-01T16:24:45.525+0000] {logging_mixin.py:190} INFO - [2024-11-01T16:24:45.524+0000] {dag.py:4180} INFO - Setting next_dagrun for example_branch_python_operator_decorator to 2024-10-31 00:00:00+00:00, run_after=2024-11-01 00:00:00+00:00
[2024-11-01T16:24:45.544+0000] {processor.py:208} INFO - Processing /home/airflow/.local/lib/python3.12/site-packages/airflow/example_dags/example_branch_operator_decorator.py took 0.096 seconds
[2024-11-01T16:25:15.934+0000] {processor.py:186} INFO - Started process (PID=938) to work on /home/airflow/.local/lib/python3.12/site-packages/airflow/example_dags/example_branch_operator_decorator.py
[2024-11-01T16:25:15.936+0000] {processor.py:914} INFO - Processing file /home/airflow/.local/lib/python3.12/site-packages/airflow/example_dags/example_branch_operator_decorator.py for tasks to queue
[2024-11-01T16:25:15.938+0000] {logging_mixin.py:190} INFO - [2024-11-01T16:25:15.938+0000] {dagbag.py:588} INFO - Filling up the DagBag from /home/airflow/.local/lib/python3.12/site-packages/airflow/example_dags/example_branch_operator_decorator.py
[2024-11-01T16:25:15.967+0000] {processor.py:925} INFO - DAG(s) 'example_branch_python_operator_decorator' retrieved from /home/airflow/.local/lib/python3.12/site-packages/airflow/example_dags/example_branch_operator_decorator.py
[2024-11-01T16:25:15.993+0000] {logging_mixin.py:190} INFO - [2024-11-01T16:25:15.992+0000] {dag.py:3239} INFO - Sync 1 DAGs
[2024-11-01T16:25:16.016+0000] {logging_mixin.py:190} INFO - [2024-11-01T16:25:16.015+0000] {dag.py:4180} INFO - Setting next_dagrun for example_branch_python_operator_decorator to 2024-10-31 00:00:00+00:00, run_after=2024-11-01 00:00:00+00:00
[2024-11-01T16:25:16.031+0000] {processor.py:208} INFO - Processing /home/airflow/.local/lib/python3.12/site-packages/airflow/example_dags/example_branch_operator_decorator.py took 0.102 seconds
[2024-11-01T16:25:46.391+0000] {processor.py:186} INFO - Started process (PID=1004) to work on /home/airflow/.local/lib/python3.12/site-packages/airflow/example_dags/example_branch_operator_decorator.py
[2024-11-01T16:25:46.392+0000] {processor.py:914} INFO - Processing file /home/airflow/.local/lib/python3.12/site-packages/airflow/example_dags/example_branch_operator_decorator.py for tasks to queue
[2024-11-01T16:25:46.394+0000] {logging_mixin.py:190} INFO - [2024-11-01T16:25:46.394+0000] {dagbag.py:588} INFO - Filling up the DagBag from /home/airflow/.local/lib/python3.12/site-packages/airflow/example_dags/example_branch_operator_decorator.py
[2024-11-01T16:25:46.415+0000] {processor.py:925} INFO - DAG(s) 'example_branch_python_operator_decorator' retrieved from /home/airflow/.local/lib/python3.12/site-packages/airflow/example_dags/example_branch_operator_decorator.py
[2024-11-01T16:25:46.447+0000] {logging_mixin.py:190} INFO - [2024-11-01T16:25:46.447+0000] {dag.py:3239} INFO - Sync 1 DAGs
[2024-11-01T16:25:46.473+0000] {logging_mixin.py:190} INFO - [2024-11-01T16:25:46.472+0000] {dag.py:4180} INFO - Setting next_dagrun for example_branch_python_operator_decorator to 2024-10-31 00:00:00+00:00, run_after=2024-11-01 00:00:00+00:00
[2024-11-01T16:25:46.493+0000] {processor.py:208} INFO - Processing /home/airflow/.local/lib/python3.12/site-packages/airflow/example_dags/example_branch_operator_decorator.py took 0.107 seconds
[2024-11-01T16:26:16.886+0000] {processor.py:186} INFO - Started process (PID=1070) to work on /home/airflow/.local/lib/python3.12/site-packages/airflow/example_dags/example_branch_operator_decorator.py
[2024-11-01T16:26:16.887+0000] {processor.py:914} INFO - Processing file /home/airflow/.local/lib/python3.12/site-packages/airflow/example_dags/example_branch_operator_decorator.py for tasks to queue
[2024-11-01T16:26:16.889+0000] {logging_mixin.py:190} INFO - [2024-11-01T16:26:16.889+0000] {dagbag.py:588} INFO - Filling up the DagBag from /home/airflow/.local/lib/python3.12/site-packages/airflow/example_dags/example_branch_operator_decorator.py
[2024-11-01T16:26:16.906+0000] {processor.py:925} INFO - DAG(s) 'example_branch_python_operator_decorator' retrieved from /home/airflow/.local/lib/python3.12/site-packages/airflow/example_dags/example_branch_operator_decorator.py
[2024-11-01T16:26:16.933+0000] {logging_mixin.py:190} INFO - [2024-11-01T16:26:16.933+0000] {dag.py:3239} INFO - Sync 1 DAGs
[2024-11-01T16:26:16.953+0000] {logging_mixin.py:190} INFO - [2024-11-01T16:26:16.953+0000] {dag.py:4180} INFO - Setting next_dagrun for example_branch_python_operator_decorator to 2024-10-31 00:00:00+00:00, run_after=2024-11-01 00:00:00+00:00
[2024-11-01T16:26:16.972+0000] {processor.py:208} INFO - Processing /home/airflow/.local/lib/python3.12/site-packages/airflow/example_dags/example_branch_operator_decorator.py took 0.090 seconds
[2024-11-01T16:26:47.579+0000] {processor.py:186} INFO - Started process (PID=1136) to work on /home/airflow/.local/lib/python3.12/site-packages/airflow/example_dags/example_branch_operator_decorator.py
[2024-11-01T16:26:47.580+0000] {processor.py:914} INFO - Processing file /home/airflow/.local/lib/python3.12/site-packages/airflow/example_dags/example_branch_operator_decorator.py for tasks to queue
[2024-11-01T16:26:47.582+0000] {logging_mixin.py:190} INFO - [2024-11-01T16:26:47.581+0000] {dagbag.py:588} INFO - Filling up the DagBag from /home/airflow/.local/lib/python3.12/site-packages/airflow/example_dags/example_branch_operator_decorator.py
[2024-11-01T16:26:47.597+0000] {processor.py:925} INFO - DAG(s) 'example_branch_python_operator_decorator' retrieved from /home/airflow/.local/lib/python3.12/site-packages/airflow/example_dags/example_branch_operator_decorator.py
[2024-11-01T16:26:47.618+0000] {logging_mixin.py:190} INFO - [2024-11-01T16:26:47.618+0000] {dag.py:3239} INFO - Sync 1 DAGs
[2024-11-01T16:26:47.639+0000] {logging_mixin.py:190} INFO - [2024-11-01T16:26:47.639+0000] {dag.py:4180} INFO - Setting next_dagrun for example_branch_python_operator_decorator to 2024-10-31 00:00:00+00:00, run_after=2024-11-01 00:00:00+00:00
[2024-11-01T16:26:47.653+0000] {processor.py:208} INFO - Processing /home/airflow/.local/lib/python3.12/site-packages/airflow/example_dags/example_branch_operator_decorator.py took 0.078 seconds
[2024-11-01T16:27:18.538+0000] {processor.py:186} INFO - Started process (PID=1202) to work on /home/airflow/.local/lib/python3.12/site-packages/airflow/example_dags/example_branch_operator_decorator.py
[2024-11-01T16:27:18.539+0000] {processor.py:914} INFO - Processing file /home/airflow/.local/lib/python3.12/site-packages/airflow/example_dags/example_branch_operator_decorator.py for tasks to queue
[2024-11-01T16:27:18.540+0000] {logging_mixin.py:190} INFO - [2024-11-01T16:27:18.540+0000] {dagbag.py:588} INFO - Filling up the DagBag from /home/airflow/.local/lib/python3.12/site-packages/airflow/example_dags/example_branch_operator_decorator.py
[2024-11-01T16:27:18.556+0000] {processor.py:925} INFO - DAG(s) 'example_branch_python_operator_decorator' retrieved from /home/airflow/.local/lib/python3.12/site-packages/airflow/example_dags/example_branch_operator_decorator.py
[2024-11-01T16:27:18.575+0000] {logging_mixin.py:190} INFO - [2024-11-01T16:27:18.575+0000] {dag.py:3239} INFO - Sync 1 DAGs
[2024-11-01T16:27:18.591+0000] {logging_mixin.py:190} INFO - [2024-11-01T16:27:18.591+0000] {dag.py:4180} INFO - Setting next_dagrun for example_branch_python_operator_decorator to 2024-10-31 00:00:00+00:00, run_after=2024-11-01 00:00:00+00:00
[2024-11-01T16:27:18.605+0000] {processor.py:208} INFO - Processing /home/airflow/.local/lib/python3.12/site-packages/airflow/example_dags/example_branch_operator_decorator.py took 0.072 seconds
[2024-11-01T16:27:49.532+0000] {processor.py:186} INFO - Started process (PID=1268) to work on /home/airflow/.local/lib/python3.12/site-packages/airflow/example_dags/example_branch_operator_decorator.py
[2024-11-01T16:27:49.533+0000] {processor.py:914} INFO - Processing file /home/airflow/.local/lib/python3.12/site-packages/airflow/example_dags/example_branch_operator_decorator.py for tasks to queue
[2024-11-01T16:27:49.535+0000] {logging_mixin.py:190} INFO - [2024-11-01T16:27:49.534+0000] {dagbag.py:588} INFO - Filling up the DagBag from /home/airflow/.local/lib/python3.12/site-packages/airflow/example_dags/example_branch_operator_decorator.py
[2024-11-01T16:27:49.549+0000] {processor.py:925} INFO - DAG(s) 'example_branch_python_operator_decorator' retrieved from /home/airflow/.local/lib/python3.12/site-packages/airflow/example_dags/example_branch_operator_decorator.py
[2024-11-01T16:27:49.568+0000] {logging_mixin.py:190} INFO - [2024-11-01T16:27:49.567+0000] {dag.py:3239} INFO - Sync 1 DAGs
[2024-11-01T16:27:49.585+0000] {logging_mixin.py:190} INFO - [2024-11-01T16:27:49.585+0000] {dag.py:4180} INFO - Setting next_dagrun for example_branch_python_operator_decorator to 2024-10-31 00:00:00+00:00, run_after=2024-11-01 00:00:00+00:00
[2024-11-01T16:27:49.608+0000] {processor.py:208} INFO - Processing /home/airflow/.local/lib/python3.12/site-packages/airflow/example_dags/example_branch_operator_decorator.py took 0.079 seconds
[2024-11-01T16:28:19.970+0000] {processor.py:186} INFO - Started process (PID=1334) to work on /home/airflow/.local/lib/python3.12/site-packages/airflow/example_dags/example_branch_operator_decorator.py
[2024-11-01T16:28:19.972+0000] {processor.py:914} INFO - Processing file /home/airflow/.local/lib/python3.12/site-packages/airflow/example_dags/example_branch_operator_decorator.py for tasks to queue
[2024-11-01T16:28:19.974+0000] {logging_mixin.py:190} INFO - [2024-11-01T16:28:19.973+0000] {dagbag.py:588} INFO - Filling up the DagBag from /home/airflow/.local/lib/python3.12/site-packages/airflow/example_dags/example_branch_operator_decorator.py
[2024-11-01T16:28:19.990+0000] {processor.py:925} INFO - DAG(s) 'example_branch_python_operator_decorator' retrieved from /home/airflow/.local/lib/python3.12/site-packages/airflow/example_dags/example_branch_operator_decorator.py
[2024-11-01T16:28:20.008+0000] {logging_mixin.py:190} INFO - [2024-11-01T16:28:20.008+0000] {dag.py:3239} INFO - Sync 1 DAGs
[2024-11-01T16:28:20.023+0000] {logging_mixin.py:190} INFO - [2024-11-01T16:28:20.023+0000] {dag.py:4180} INFO - Setting next_dagrun for example_branch_python_operator_decorator to 2024-10-31 00:00:00+00:00, run_after=2024-11-01 00:00:00+00:00
[2024-11-01T16:28:20.037+0000] {processor.py:208} INFO - Processing /home/airflow/.local/lib/python3.12/site-packages/airflow/example_dags/example_branch_operator_decorator.py took 0.073 seconds
[2024-11-01T16:28:50.823+0000] {processor.py:186} INFO - Started process (PID=1400) to work on /home/airflow/.local/lib/python3.12/site-packages/airflow/example_dags/example_branch_operator_decorator.py
[2024-11-01T16:28:50.823+0000] {processor.py:914} INFO - Processing file /home/airflow/.local/lib/python3.12/site-packages/airflow/example_dags/example_branch_operator_decorator.py for tasks to queue
[2024-11-01T16:28:50.825+0000] {logging_mixin.py:190} INFO - [2024-11-01T16:28:50.824+0000] {dagbag.py:588} INFO - Filling up the DagBag from /home/airflow/.local/lib/python3.12/site-packages/airflow/example_dags/example_branch_operator_decorator.py
[2024-11-01T16:28:50.839+0000] {processor.py:925} INFO - DAG(s) 'example_branch_python_operator_decorator' retrieved from /home/airflow/.local/lib/python3.12/site-packages/airflow/example_dags/example_branch_operator_decorator.py
[2024-11-01T16:28:50.857+0000] {logging_mixin.py:190} INFO - [2024-11-01T16:28:50.857+0000] {dag.py:3239} INFO - Sync 1 DAGs
[2024-11-01T16:28:50.874+0000] {logging_mixin.py:190} INFO - [2024-11-01T16:28:50.874+0000] {dag.py:4180} INFO - Setting next_dagrun for example_branch_python_operator_decorator to 2024-10-31 00:00:00+00:00, run_after=2024-11-01 00:00:00+00:00
[2024-11-01T16:28:50.890+0000] {processor.py:208} INFO - Processing /home/airflow/.local/lib/python3.12/site-packages/airflow/example_dags/example_branch_operator_decorator.py took 0.072 seconds
[2024-11-01T16:29:21.238+0000] {processor.py:186} INFO - Started process (PID=1466) to work on /home/airflow/.local/lib/python3.12/site-packages/airflow/example_dags/example_branch_operator_decorator.py
[2024-11-01T16:29:21.239+0000] {processor.py:914} INFO - Processing file /home/airflow/.local/lib/python3.12/site-packages/airflow/example_dags/example_branch_operator_decorator.py for tasks to queue
[2024-11-01T16:29:21.241+0000] {logging_mixin.py:190} INFO - [2024-11-01T16:29:21.240+0000] {dagbag.py:588} INFO - Filling up the DagBag from /home/airflow/.local/lib/python3.12/site-packages/airflow/example_dags/example_branch_operator_decorator.py
[2024-11-01T16:29:21.257+0000] {processor.py:925} INFO - DAG(s) 'example_branch_python_operator_decorator' retrieved from /home/airflow/.local/lib/python3.12/site-packages/airflow/example_dags/example_branch_operator_decorator.py
[2024-11-01T16:29:21.279+0000] {logging_mixin.py:190} INFO - [2024-11-01T16:29:21.279+0000] {dag.py:3239} INFO - Sync 1 DAGs
[2024-11-01T16:29:21.298+0000] {logging_mixin.py:190} INFO - [2024-11-01T16:29:21.297+0000] {dag.py:4180} INFO - Setting next_dagrun for example_branch_python_operator_decorator to 2024-10-31 00:00:00+00:00, run_after=2024-11-01 00:00:00+00:00
[2024-11-01T16:29:21.314+0000] {processor.py:208} INFO - Processing /home/airflow/.local/lib/python3.12/site-packages/airflow/example_dags/example_branch_operator_decorator.py took 0.080 seconds
[2024-11-01T17:42:25.401+0000] {processor.py:186} INFO - Started process (PID=85) to work on /home/airflow/.local/lib/python3.12/site-packages/airflow/example_dags/example_branch_operator_decorator.py
[2024-11-01T17:42:25.402+0000] {processor.py:914} INFO - Processing file /home/airflow/.local/lib/python3.12/site-packages/airflow/example_dags/example_branch_operator_decorator.py for tasks to queue
[2024-11-01T17:42:25.404+0000] {logging_mixin.py:190} INFO - [2024-11-01T17:42:25.403+0000] {dagbag.py:588} INFO - Filling up the DagBag from /home/airflow/.local/lib/python3.12/site-packages/airflow/example_dags/example_branch_operator_decorator.py
[2024-11-01T17:42:25.430+0000] {processor.py:925} INFO - DAG(s) 'example_branch_python_operator_decorator' retrieved from /home/airflow/.local/lib/python3.12/site-packages/airflow/example_dags/example_branch_operator_decorator.py
[2024-11-01T17:42:25.544+0000] {logging_mixin.py:190} INFO - [2024-11-01T17:42:25.544+0000] {dag.py:3239} INFO - Sync 1 DAGs
[2024-11-01T17:42:25.571+0000] {logging_mixin.py:190} INFO - [2024-11-01T17:42:25.570+0000] {dag.py:4180} INFO - Setting next_dagrun for example_branch_python_operator_decorator to 2024-10-31 00:00:00+00:00, run_after=2024-11-01 00:00:00+00:00
[2024-11-01T17:42:25.600+0000] {processor.py:208} INFO - Processing /home/airflow/.local/lib/python3.12/site-packages/airflow/example_dags/example_branch_operator_decorator.py took 0.203 seconds
[2024-11-01T17:42:56.522+0000] {processor.py:186} INFO - Started process (PID=151) to work on /home/airflow/.local/lib/python3.12/site-packages/airflow/example_dags/example_branch_operator_decorator.py
[2024-11-01T17:42:56.523+0000] {processor.py:914} INFO - Processing file /home/airflow/.local/lib/python3.12/site-packages/airflow/example_dags/example_branch_operator_decorator.py for tasks to queue
[2024-11-01T17:42:56.528+0000] {logging_mixin.py:190} INFO - [2024-11-01T17:42:56.527+0000] {dagbag.py:588} INFO - Filling up the DagBag from /home/airflow/.local/lib/python3.12/site-packages/airflow/example_dags/example_branch_operator_decorator.py
[2024-11-01T17:42:56.554+0000] {processor.py:925} INFO - DAG(s) 'example_branch_python_operator_decorator' retrieved from /home/airflow/.local/lib/python3.12/site-packages/airflow/example_dags/example_branch_operator_decorator.py
[2024-11-01T17:42:56.593+0000] {logging_mixin.py:190} INFO - [2024-11-01T17:42:56.592+0000] {dag.py:3239} INFO - Sync 1 DAGs
[2024-11-01T17:42:56.632+0000] {logging_mixin.py:190} INFO - [2024-11-01T17:42:56.631+0000] {dag.py:4180} INFO - Setting next_dagrun for example_branch_python_operator_decorator to 2024-10-31 00:00:00+00:00, run_after=2024-11-01 00:00:00+00:00
[2024-11-01T17:42:56.658+0000] {processor.py:208} INFO - Processing /home/airflow/.local/lib/python3.12/site-packages/airflow/example_dags/example_branch_operator_decorator.py took 0.143 seconds
