[2024-11-01T05:53:02.726+0000] {processor.py:186} INFO - Started process (PID=76) to work on /home/airflow/.local/lib/python3.12/site-packages/airflow/example_dags/example_workday_timetable.py
[2024-11-01T05:53:02.726+0000] {processor.py:914} INFO - Processing file /home/airflow/.local/lib/python3.12/site-packages/airflow/example_dags/example_workday_timetable.py for tasks to queue
[2024-11-01T05:53:02.728+0000] {logging_mixin.py:190} INFO - [2024-11-01T05:53:02.728+0000] {dagbag.py:588} INFO - Filling up the DagBag from /home/airflow/.local/lib/python3.12/site-packages/airflow/example_dags/example_workday_timetable.py
[2024-11-01T05:53:02.734+0000] {processor.py:925} INFO - DAG(s) 'example_workday_timetable' retrieved from /home/airflow/.local/lib/python3.12/site-packages/airflow/example_dags/example_workday_timetable.py
[2024-11-01T05:53:02.824+0000] {logging_mixin.py:190} INFO - [2024-11-01T05:53:02.823+0000] {override.py:1900} INFO - Created Permission View: can edit on DAG:example_workday_timetable
[2024-11-01T05:53:02.834+0000] {logging_mixin.py:190} INFO - [2024-11-01T05:53:02.833+0000] {override.py:1900} INFO - Created Permission View: can delete on DAG:example_workday_timetable
[2024-11-01T05:53:02.841+0000] {logging_mixin.py:190} INFO - [2024-11-01T05:53:02.841+0000] {override.py:1900} INFO - Created Permission View: can read on DAG:example_workday_timetable
[2024-11-01T05:53:02.851+0000] {logging_mixin.py:190} INFO - [2024-11-01T05:53:02.851+0000] {override.py:1900} INFO - Created Permission View: menu access on DAG Run:example_workday_timetable
[2024-11-01T05:53:02.859+0000] {logging_mixin.py:190} INFO - [2024-11-01T05:53:02.858+0000] {override.py:1900} INFO - Created Permission View: can create on DAG Run:example_workday_timetable
[2024-11-01T05:53:02.866+0000] {logging_mixin.py:190} INFO - [2024-11-01T05:53:02.865+0000] {override.py:1900} INFO - Created Permission View: can delete on DAG Run:example_workday_timetable
[2024-11-01T05:53:02.873+0000] {logging_mixin.py:190} INFO - [2024-11-01T05:53:02.873+0000] {override.py:1900} INFO - Created Permission View: can read on DAG Run:example_workday_timetable
[2024-11-01T05:53:02.873+0000] {logging_mixin.py:190} INFO - [2024-11-01T05:53:02.873+0000] {dag.py:3239} INFO - Sync 1 DAGs
[2024-11-01T05:53:02.883+0000] {logging_mixin.py:190} INFO - [2024-11-01T05:53:02.882+0000] {dag.py:3262} INFO - Creating ORM DAG for example_workday_timetable
[2024-11-01T05:53:02.954+0000] {logging_mixin.py:190} INFO - [2024-11-01T05:53:02.954+0000] {dag.py:4180} INFO - Setting next_dagrun for example_workday_timetable to 2021-01-04 00:00:00+00:00, run_after=2021-01-05 00:00:00+00:00
[2024-11-01T05:53:02.978+0000] {processor.py:208} INFO - Processing /home/airflow/.local/lib/python3.12/site-packages/airflow/example_dags/example_workday_timetable.py took 0.256 seconds
[2024-11-01T05:53:33.343+0000] {processor.py:186} INFO - Started process (PID=141) to work on /home/airflow/.local/lib/python3.12/site-packages/airflow/example_dags/example_workday_timetable.py
[2024-11-01T05:53:33.343+0000] {processor.py:914} INFO - Processing file /home/airflow/.local/lib/python3.12/site-packages/airflow/example_dags/example_workday_timetable.py for tasks to queue
[2024-11-01T05:53:33.345+0000] {logging_mixin.py:190} INFO - [2024-11-01T05:53:33.345+0000] {dagbag.py:588} INFO - Filling up the DagBag from /home/airflow/.local/lib/python3.12/site-packages/airflow/example_dags/example_workday_timetable.py
[2024-11-01T05:53:33.349+0000] {processor.py:925} INFO - DAG(s) 'example_workday_timetable' retrieved from /home/airflow/.local/lib/python3.12/site-packages/airflow/example_dags/example_workday_timetable.py
[2024-11-01T05:53:33.365+0000] {logging_mixin.py:190} INFO - [2024-11-01T05:53:33.365+0000] {dag.py:3239} INFO - Sync 1 DAGs
[2024-11-01T05:53:33.416+0000] {logging_mixin.py:190} INFO - [2024-11-01T05:53:33.416+0000] {dag.py:4180} INFO - Setting next_dagrun for example_workday_timetable to 2021-01-04 00:00:00+00:00, run_after=2021-01-05 00:00:00+00:00
[2024-11-01T05:53:33.432+0000] {processor.py:208} INFO - Processing /home/airflow/.local/lib/python3.12/site-packages/airflow/example_dags/example_workday_timetable.py took 0.093 seconds
[2024-11-01T05:54:03.568+0000] {processor.py:186} INFO - Started process (PID=205) to work on /home/airflow/.local/lib/python3.12/site-packages/airflow/example_dags/example_workday_timetable.py
[2024-11-01T05:54:03.569+0000] {processor.py:914} INFO - Processing file /home/airflow/.local/lib/python3.12/site-packages/airflow/example_dags/example_workday_timetable.py for tasks to queue
[2024-11-01T05:54:03.571+0000] {logging_mixin.py:190} INFO - [2024-11-01T05:54:03.570+0000] {dagbag.py:588} INFO - Filling up the DagBag from /home/airflow/.local/lib/python3.12/site-packages/airflow/example_dags/example_workday_timetable.py
[2024-11-01T05:54:03.574+0000] {processor.py:925} INFO - DAG(s) 'example_workday_timetable' retrieved from /home/airflow/.local/lib/python3.12/site-packages/airflow/example_dags/example_workday_timetable.py
[2024-11-01T05:54:03.589+0000] {logging_mixin.py:190} INFO - [2024-11-01T05:54:03.589+0000] {dag.py:3239} INFO - Sync 1 DAGs
[2024-11-01T05:54:03.630+0000] {logging_mixin.py:190} INFO - [2024-11-01T05:54:03.630+0000] {dag.py:4180} INFO - Setting next_dagrun for example_workday_timetable to 2021-01-04 00:00:00+00:00, run_after=2021-01-05 00:00:00+00:00
[2024-11-01T05:54:03.646+0000] {processor.py:208} INFO - Processing /home/airflow/.local/lib/python3.12/site-packages/airflow/example_dags/example_workday_timetable.py took 0.082 seconds
[2024-11-01T05:54:34.027+0000] {processor.py:186} INFO - Started process (PID=270) to work on /home/airflow/.local/lib/python3.12/site-packages/airflow/example_dags/example_workday_timetable.py
[2024-11-01T05:54:34.028+0000] {processor.py:914} INFO - Processing file /home/airflow/.local/lib/python3.12/site-packages/airflow/example_dags/example_workday_timetable.py for tasks to queue
[2024-11-01T05:54:34.029+0000] {logging_mixin.py:190} INFO - [2024-11-01T05:54:34.029+0000] {dagbag.py:588} INFO - Filling up the DagBag from /home/airflow/.local/lib/python3.12/site-packages/airflow/example_dags/example_workday_timetable.py
[2024-11-01T05:54:34.033+0000] {processor.py:925} INFO - DAG(s) 'example_workday_timetable' retrieved from /home/airflow/.local/lib/python3.12/site-packages/airflow/example_dags/example_workday_timetable.py
[2024-11-01T05:54:34.046+0000] {logging_mixin.py:190} INFO - [2024-11-01T05:54:34.046+0000] {dag.py:3239} INFO - Sync 1 DAGs
[2024-11-01T05:54:34.087+0000] {logging_mixin.py:190} INFO - [2024-11-01T05:54:34.086+0000] {dag.py:4180} INFO - Setting next_dagrun for example_workday_timetable to 2021-01-04 00:00:00+00:00, run_after=2021-01-05 00:00:00+00:00
[2024-11-01T05:54:34.101+0000] {processor.py:208} INFO - Processing /home/airflow/.local/lib/python3.12/site-packages/airflow/example_dags/example_workday_timetable.py took 0.078 seconds
[2024-11-01T05:55:04.576+0000] {processor.py:186} INFO - Started process (PID=335) to work on /home/airflow/.local/lib/python3.12/site-packages/airflow/example_dags/example_workday_timetable.py
[2024-11-01T05:55:04.577+0000] {processor.py:914} INFO - Processing file /home/airflow/.local/lib/python3.12/site-packages/airflow/example_dags/example_workday_timetable.py for tasks to queue
[2024-11-01T05:55:04.578+0000] {logging_mixin.py:190} INFO - [2024-11-01T05:55:04.578+0000] {dagbag.py:588} INFO - Filling up the DagBag from /home/airflow/.local/lib/python3.12/site-packages/airflow/example_dags/example_workday_timetable.py
[2024-11-01T05:55:04.582+0000] {processor.py:925} INFO - DAG(s) 'example_workday_timetable' retrieved from /home/airflow/.local/lib/python3.12/site-packages/airflow/example_dags/example_workday_timetable.py
[2024-11-01T05:55:04.595+0000] {logging_mixin.py:190} INFO - [2024-11-01T05:55:04.595+0000] {dag.py:3239} INFO - Sync 1 DAGs
[2024-11-01T05:55:04.636+0000] {logging_mixin.py:190} INFO - [2024-11-01T05:55:04.635+0000] {dag.py:4180} INFO - Setting next_dagrun for example_workday_timetable to 2021-01-04 00:00:00+00:00, run_after=2021-01-05 00:00:00+00:00
[2024-11-01T05:55:04.651+0000] {processor.py:208} INFO - Processing /home/airflow/.local/lib/python3.12/site-packages/airflow/example_dags/example_workday_timetable.py took 0.080 seconds
[2024-11-01T05:55:34.862+0000] {processor.py:186} INFO - Started process (PID=401) to work on /home/airflow/.local/lib/python3.12/site-packages/airflow/example_dags/example_workday_timetable.py
[2024-11-01T05:55:34.862+0000] {processor.py:914} INFO - Processing file /home/airflow/.local/lib/python3.12/site-packages/airflow/example_dags/example_workday_timetable.py for tasks to queue
[2024-11-01T05:55:34.864+0000] {logging_mixin.py:190} INFO - [2024-11-01T05:55:34.864+0000] {dagbag.py:588} INFO - Filling up the DagBag from /home/airflow/.local/lib/python3.12/site-packages/airflow/example_dags/example_workday_timetable.py
[2024-11-01T05:55:34.869+0000] {processor.py:925} INFO - DAG(s) 'example_workday_timetable' retrieved from /home/airflow/.local/lib/python3.12/site-packages/airflow/example_dags/example_workday_timetable.py
[2024-11-01T05:55:34.883+0000] {logging_mixin.py:190} INFO - [2024-11-01T05:55:34.883+0000] {dag.py:3239} INFO - Sync 1 DAGs
[2024-11-01T05:55:34.935+0000] {logging_mixin.py:190} INFO - [2024-11-01T05:55:34.934+0000] {dag.py:4180} INFO - Setting next_dagrun for example_workday_timetable to 2021-01-04 00:00:00+00:00, run_after=2021-01-05 00:00:00+00:00
[2024-11-01T05:55:34.950+0000] {processor.py:208} INFO - Processing /home/airflow/.local/lib/python3.12/site-packages/airflow/example_dags/example_workday_timetable.py took 0.094 seconds
[2024-11-01T05:56:05.561+0000] {processor.py:186} INFO - Started process (PID=465) to work on /home/airflow/.local/lib/python3.12/site-packages/airflow/example_dags/example_workday_timetable.py
[2024-11-01T05:56:05.563+0000] {processor.py:914} INFO - Processing file /home/airflow/.local/lib/python3.12/site-packages/airflow/example_dags/example_workday_timetable.py for tasks to queue
[2024-11-01T05:56:05.566+0000] {logging_mixin.py:190} INFO - [2024-11-01T05:56:05.565+0000] {dagbag.py:588} INFO - Filling up the DagBag from /home/airflow/.local/lib/python3.12/site-packages/airflow/example_dags/example_workday_timetable.py
[2024-11-01T05:56:05.570+0000] {processor.py:925} INFO - DAG(s) 'example_workday_timetable' retrieved from /home/airflow/.local/lib/python3.12/site-packages/airflow/example_dags/example_workday_timetable.py
[2024-11-01T05:56:05.586+0000] {logging_mixin.py:190} INFO - [2024-11-01T05:56:05.586+0000] {dag.py:3239} INFO - Sync 1 DAGs
[2024-11-01T05:56:05.637+0000] {logging_mixin.py:190} INFO - [2024-11-01T05:56:05.636+0000] {dag.py:4180} INFO - Setting next_dagrun for example_workday_timetable to 2021-01-04 00:00:00+00:00, run_after=2021-01-05 00:00:00+00:00
[2024-11-01T05:56:05.653+0000] {processor.py:208} INFO - Processing /home/airflow/.local/lib/python3.12/site-packages/airflow/example_dags/example_workday_timetable.py took 0.097 seconds
[2024-11-01T05:57:03.837+0000] {processor.py:186} INFO - Started process (PID=530) to work on /home/airflow/.local/lib/python3.12/site-packages/airflow/example_dags/example_workday_timetable.py
[2024-11-01T05:57:03.855+0000] {processor.py:914} INFO - Processing file /home/airflow/.local/lib/python3.12/site-packages/airflow/example_dags/example_workday_timetable.py for tasks to queue
[2024-11-01T05:57:03.869+0000] {logging_mixin.py:190} INFO - [2024-11-01T05:57:03.861+0000] {dagbag.py:588} INFO - Filling up the DagBag from /home/airflow/.local/lib/python3.12/site-packages/airflow/example_dags/example_workday_timetable.py
[2024-11-01T05:57:03.965+0000] {processor.py:925} INFO - DAG(s) 'example_workday_timetable' retrieved from /home/airflow/.local/lib/python3.12/site-packages/airflow/example_dags/example_workday_timetable.py
[2024-11-01T05:57:05.673+0000] {logging_mixin.py:190} INFO - [2024-11-01T05:57:05.598+0000] {dag.py:3239} INFO - Sync 1 DAGs
[2024-11-01T11:25:11.721+0000] {processor.py:186} INFO - Started process (PID=59) to work on /home/airflow/.local/lib/python3.12/site-packages/airflow/example_dags/example_workday_timetable.py
[2024-11-01T11:25:11.722+0000] {processor.py:914} INFO - Processing file /home/airflow/.local/lib/python3.12/site-packages/airflow/example_dags/example_workday_timetable.py for tasks to queue
[2024-11-01T11:25:11.723+0000] {logging_mixin.py:190} INFO - [2024-11-01T11:25:11.723+0000] {dagbag.py:588} INFO - Filling up the DagBag from /home/airflow/.local/lib/python3.12/site-packages/airflow/example_dags/example_workday_timetable.py
[2024-11-01T11:25:11.728+0000] {processor.py:925} INFO - DAG(s) 'example_workday_timetable' retrieved from /home/airflow/.local/lib/python3.12/site-packages/airflow/example_dags/example_workday_timetable.py
[2024-11-01T11:25:11.837+0000] {logging_mixin.py:190} INFO - [2024-11-01T11:25:11.837+0000] {dag.py:3239} INFO - Sync 1 DAGs
[2024-11-01T11:25:11.890+0000] {logging_mixin.py:190} INFO - [2024-11-01T11:25:11.889+0000] {dag.py:4180} INFO - Setting next_dagrun for example_workday_timetable to 2021-01-04 00:00:00+00:00, run_after=2021-01-05 00:00:00+00:00
[2024-11-01T11:25:11.909+0000] {processor.py:208} INFO - Processing /home/airflow/.local/lib/python3.12/site-packages/airflow/example_dags/example_workday_timetable.py took 0.192 seconds
[2024-11-01T11:25:42.409+0000] {processor.py:186} INFO - Started process (PID=129) to work on /home/airflow/.local/lib/python3.12/site-packages/airflow/example_dags/example_workday_timetable.py
[2024-11-01T11:25:42.410+0000] {processor.py:914} INFO - Processing file /home/airflow/.local/lib/python3.12/site-packages/airflow/example_dags/example_workday_timetable.py for tasks to queue
[2024-11-01T11:25:42.412+0000] {logging_mixin.py:190} INFO - [2024-11-01T11:25:42.411+0000] {dagbag.py:588} INFO - Filling up the DagBag from /home/airflow/.local/lib/python3.12/site-packages/airflow/example_dags/example_workday_timetable.py
[2024-11-01T11:25:42.415+0000] {processor.py:925} INFO - DAG(s) 'example_workday_timetable' retrieved from /home/airflow/.local/lib/python3.12/site-packages/airflow/example_dags/example_workday_timetable.py
[2024-11-01T11:25:42.427+0000] {logging_mixin.py:190} INFO - [2024-11-01T11:25:42.427+0000] {dag.py:3239} INFO - Sync 1 DAGs
[2024-11-01T11:25:42.467+0000] {logging_mixin.py:190} INFO - [2024-11-01T11:25:42.467+0000] {dag.py:4180} INFO - Setting next_dagrun for example_workday_timetable to 2021-01-04 00:00:00+00:00, run_after=2021-01-05 00:00:00+00:00
[2024-11-01T11:25:42.482+0000] {processor.py:208} INFO - Processing /home/airflow/.local/lib/python3.12/site-packages/airflow/example_dags/example_workday_timetable.py took 0.076 seconds
[2024-11-01T11:26:12.760+0000] {processor.py:186} INFO - Started process (PID=194) to work on /home/airflow/.local/lib/python3.12/site-packages/airflow/example_dags/example_workday_timetable.py
[2024-11-01T11:26:12.761+0000] {processor.py:914} INFO - Processing file /home/airflow/.local/lib/python3.12/site-packages/airflow/example_dags/example_workday_timetable.py for tasks to queue
[2024-11-01T11:26:12.762+0000] {logging_mixin.py:190} INFO - [2024-11-01T11:26:12.762+0000] {dagbag.py:588} INFO - Filling up the DagBag from /home/airflow/.local/lib/python3.12/site-packages/airflow/example_dags/example_workday_timetable.py
[2024-11-01T11:26:12.766+0000] {processor.py:925} INFO - DAG(s) 'example_workday_timetable' retrieved from /home/airflow/.local/lib/python3.12/site-packages/airflow/example_dags/example_workday_timetable.py
[2024-11-01T11:26:12.778+0000] {logging_mixin.py:190} INFO - [2024-11-01T11:26:12.778+0000] {dag.py:3239} INFO - Sync 1 DAGs
[2024-11-01T11:26:12.834+0000] {logging_mixin.py:190} INFO - [2024-11-01T11:26:12.834+0000] {dag.py:4180} INFO - Setting next_dagrun for example_workday_timetable to 2021-01-04 00:00:00+00:00, run_after=2021-01-05 00:00:00+00:00
[2024-11-01T11:26:12.852+0000] {processor.py:208} INFO - Processing /home/airflow/.local/lib/python3.12/site-packages/airflow/example_dags/example_workday_timetable.py took 0.096 seconds
[2024-11-01T11:26:43.811+0000] {processor.py:186} INFO - Started process (PID=259) to work on /home/airflow/.local/lib/python3.12/site-packages/airflow/example_dags/example_workday_timetable.py
[2024-11-01T11:26:43.811+0000] {processor.py:914} INFO - Processing file /home/airflow/.local/lib/python3.12/site-packages/airflow/example_dags/example_workday_timetable.py for tasks to queue
[2024-11-01T11:26:43.812+0000] {logging_mixin.py:190} INFO - [2024-11-01T11:26:43.812+0000] {dagbag.py:588} INFO - Filling up the DagBag from /home/airflow/.local/lib/python3.12/site-packages/airflow/example_dags/example_workday_timetable.py
[2024-11-01T11:26:43.816+0000] {processor.py:925} INFO - DAG(s) 'example_workday_timetable' retrieved from /home/airflow/.local/lib/python3.12/site-packages/airflow/example_dags/example_workday_timetable.py
[2024-11-01T11:26:43.827+0000] {logging_mixin.py:190} INFO - [2024-11-01T11:26:43.827+0000] {dag.py:3239} INFO - Sync 1 DAGs
[2024-11-01T11:26:43.869+0000] {logging_mixin.py:190} INFO - [2024-11-01T11:26:43.869+0000] {dag.py:4180} INFO - Setting next_dagrun for example_workday_timetable to 2021-01-04 00:00:00+00:00, run_after=2021-01-05 00:00:00+00:00
[2024-11-01T11:26:43.883+0000] {processor.py:208} INFO - Processing /home/airflow/.local/lib/python3.12/site-packages/airflow/example_dags/example_workday_timetable.py took 0.076 seconds
[2024-11-01T11:27:13.931+0000] {processor.py:186} INFO - Started process (PID=324) to work on /home/airflow/.local/lib/python3.12/site-packages/airflow/example_dags/example_workday_timetable.py
[2024-11-01T11:27:13.932+0000] {processor.py:914} INFO - Processing file /home/airflow/.local/lib/python3.12/site-packages/airflow/example_dags/example_workday_timetable.py for tasks to queue
[2024-11-01T11:27:13.933+0000] {logging_mixin.py:190} INFO - [2024-11-01T11:27:13.933+0000] {dagbag.py:588} INFO - Filling up the DagBag from /home/airflow/.local/lib/python3.12/site-packages/airflow/example_dags/example_workday_timetable.py
[2024-11-01T11:27:13.936+0000] {processor.py:925} INFO - DAG(s) 'example_workday_timetable' retrieved from /home/airflow/.local/lib/python3.12/site-packages/airflow/example_dags/example_workday_timetable.py
[2024-11-01T11:27:13.947+0000] {logging_mixin.py:190} INFO - [2024-11-01T11:27:13.947+0000] {dag.py:3239} INFO - Sync 1 DAGs
[2024-11-01T11:27:13.983+0000] {logging_mixin.py:190} INFO - [2024-11-01T11:27:13.982+0000] {dag.py:4180} INFO - Setting next_dagrun for example_workday_timetable to 2021-01-04 00:00:00+00:00, run_after=2021-01-05 00:00:00+00:00
[2024-11-01T11:27:13.995+0000] {processor.py:208} INFO - Processing /home/airflow/.local/lib/python3.12/site-packages/airflow/example_dags/example_workday_timetable.py took 0.068 seconds
[2024-11-01T11:27:44.054+0000] {processor.py:186} INFO - Started process (PID=389) to work on /home/airflow/.local/lib/python3.12/site-packages/airflow/example_dags/example_workday_timetable.py
[2024-11-01T11:27:44.055+0000] {processor.py:914} INFO - Processing file /home/airflow/.local/lib/python3.12/site-packages/airflow/example_dags/example_workday_timetable.py for tasks to queue
[2024-11-01T11:27:44.057+0000] {logging_mixin.py:190} INFO - [2024-11-01T11:27:44.056+0000] {dagbag.py:588} INFO - Filling up the DagBag from /home/airflow/.local/lib/python3.12/site-packages/airflow/example_dags/example_workday_timetable.py
[2024-11-01T11:27:44.060+0000] {processor.py:925} INFO - DAG(s) 'example_workday_timetable' retrieved from /home/airflow/.local/lib/python3.12/site-packages/airflow/example_dags/example_workday_timetable.py
[2024-11-01T11:27:44.071+0000] {logging_mixin.py:190} INFO - [2024-11-01T11:27:44.071+0000] {dag.py:3239} INFO - Sync 1 DAGs
[2024-11-01T11:27:44.108+0000] {logging_mixin.py:190} INFO - [2024-11-01T11:27:44.107+0000] {dag.py:4180} INFO - Setting next_dagrun for example_workday_timetable to 2021-01-04 00:00:00+00:00, run_after=2021-01-05 00:00:00+00:00
[2024-11-01T11:27:44.120+0000] {processor.py:208} INFO - Processing /home/airflow/.local/lib/python3.12/site-packages/airflow/example_dags/example_workday_timetable.py took 0.070 seconds
[2024-11-01T11:28:14.650+0000] {processor.py:186} INFO - Started process (PID=454) to work on /home/airflow/.local/lib/python3.12/site-packages/airflow/example_dags/example_workday_timetable.py
[2024-11-01T11:28:14.650+0000] {processor.py:914} INFO - Processing file /home/airflow/.local/lib/python3.12/site-packages/airflow/example_dags/example_workday_timetable.py for tasks to queue
[2024-11-01T11:28:14.652+0000] {logging_mixin.py:190} INFO - [2024-11-01T11:28:14.652+0000] {dagbag.py:588} INFO - Filling up the DagBag from /home/airflow/.local/lib/python3.12/site-packages/airflow/example_dags/example_workday_timetable.py
[2024-11-01T11:28:14.656+0000] {processor.py:925} INFO - DAG(s) 'example_workday_timetable' retrieved from /home/airflow/.local/lib/python3.12/site-packages/airflow/example_dags/example_workday_timetable.py
[2024-11-01T11:28:14.668+0000] {logging_mixin.py:190} INFO - [2024-11-01T11:28:14.667+0000] {dag.py:3239} INFO - Sync 1 DAGs
[2024-11-01T11:28:14.707+0000] {logging_mixin.py:190} INFO - [2024-11-01T11:28:14.707+0000] {dag.py:4180} INFO - Setting next_dagrun for example_workday_timetable to 2021-01-04 00:00:00+00:00, run_after=2021-01-05 00:00:00+00:00
[2024-11-01T11:28:14.721+0000] {processor.py:208} INFO - Processing /home/airflow/.local/lib/python3.12/site-packages/airflow/example_dags/example_workday_timetable.py took 0.075 seconds
[2024-11-01T11:28:44.981+0000] {processor.py:186} INFO - Started process (PID=519) to work on /home/airflow/.local/lib/python3.12/site-packages/airflow/example_dags/example_workday_timetable.py
[2024-11-01T11:28:44.981+0000] {processor.py:914} INFO - Processing file /home/airflow/.local/lib/python3.12/site-packages/airflow/example_dags/example_workday_timetable.py for tasks to queue
[2024-11-01T11:28:44.983+0000] {logging_mixin.py:190} INFO - [2024-11-01T11:28:44.982+0000] {dagbag.py:588} INFO - Filling up the DagBag from /home/airflow/.local/lib/python3.12/site-packages/airflow/example_dags/example_workday_timetable.py
[2024-11-01T11:28:44.986+0000] {processor.py:925} INFO - DAG(s) 'example_workday_timetable' retrieved from /home/airflow/.local/lib/python3.12/site-packages/airflow/example_dags/example_workday_timetable.py
[2024-11-01T11:28:44.998+0000] {logging_mixin.py:190} INFO - [2024-11-01T11:28:44.998+0000] {dag.py:3239} INFO - Sync 1 DAGs
[2024-11-01T11:28:45.039+0000] {logging_mixin.py:190} INFO - [2024-11-01T11:28:45.039+0000] {dag.py:4180} INFO - Setting next_dagrun for example_workday_timetable to 2021-01-04 00:00:00+00:00, run_after=2021-01-05 00:00:00+00:00
[2024-11-01T11:28:45.053+0000] {processor.py:208} INFO - Processing /home/airflow/.local/lib/python3.12/site-packages/airflow/example_dags/example_workday_timetable.py took 0.076 seconds
[2024-11-01T11:29:15.415+0000] {processor.py:186} INFO - Started process (PID=584) to work on /home/airflow/.local/lib/python3.12/site-packages/airflow/example_dags/example_workday_timetable.py
[2024-11-01T11:29:15.416+0000] {processor.py:914} INFO - Processing file /home/airflow/.local/lib/python3.12/site-packages/airflow/example_dags/example_workday_timetable.py for tasks to queue
[2024-11-01T11:29:15.418+0000] {logging_mixin.py:190} INFO - [2024-11-01T11:29:15.417+0000] {dagbag.py:588} INFO - Filling up the DagBag from /home/airflow/.local/lib/python3.12/site-packages/airflow/example_dags/example_workday_timetable.py
[2024-11-01T11:29:15.421+0000] {processor.py:925} INFO - DAG(s) 'example_workday_timetable' retrieved from /home/airflow/.local/lib/python3.12/site-packages/airflow/example_dags/example_workday_timetable.py
[2024-11-01T11:29:15.433+0000] {logging_mixin.py:190} INFO - [2024-11-01T11:29:15.433+0000] {dag.py:3239} INFO - Sync 1 DAGs
[2024-11-01T11:29:15.473+0000] {logging_mixin.py:190} INFO - [2024-11-01T11:29:15.473+0000] {dag.py:4180} INFO - Setting next_dagrun for example_workday_timetable to 2021-01-04 00:00:00+00:00, run_after=2021-01-05 00:00:00+00:00
[2024-11-01T11:29:15.487+0000] {processor.py:208} INFO - Processing /home/airflow/.local/lib/python3.12/site-packages/airflow/example_dags/example_workday_timetable.py took 0.076 seconds
[2024-11-01T11:29:45.819+0000] {processor.py:186} INFO - Started process (PID=649) to work on /home/airflow/.local/lib/python3.12/site-packages/airflow/example_dags/example_workday_timetable.py
[2024-11-01T11:29:45.819+0000] {processor.py:914} INFO - Processing file /home/airflow/.local/lib/python3.12/site-packages/airflow/example_dags/example_workday_timetable.py for tasks to queue
[2024-11-01T11:29:45.821+0000] {logging_mixin.py:190} INFO - [2024-11-01T11:29:45.820+0000] {dagbag.py:588} INFO - Filling up the DagBag from /home/airflow/.local/lib/python3.12/site-packages/airflow/example_dags/example_workday_timetable.py
[2024-11-01T11:29:45.824+0000] {processor.py:925} INFO - DAG(s) 'example_workday_timetable' retrieved from /home/airflow/.local/lib/python3.12/site-packages/airflow/example_dags/example_workday_timetable.py
[2024-11-01T11:29:45.835+0000] {logging_mixin.py:190} INFO - [2024-11-01T11:29:45.835+0000] {dag.py:3239} INFO - Sync 1 DAGs
[2024-11-01T11:29:45.877+0000] {logging_mixin.py:190} INFO - [2024-11-01T11:29:45.877+0000] {dag.py:4180} INFO - Setting next_dagrun for example_workday_timetable to 2021-01-04 00:00:00+00:00, run_after=2021-01-05 00:00:00+00:00
[2024-11-01T11:29:45.892+0000] {processor.py:208} INFO - Processing /home/airflow/.local/lib/python3.12/site-packages/airflow/example_dags/example_workday_timetable.py took 0.077 seconds
[2024-11-01T11:30:16.007+0000] {processor.py:186} INFO - Started process (PID=714) to work on /home/airflow/.local/lib/python3.12/site-packages/airflow/example_dags/example_workday_timetable.py
[2024-11-01T11:30:16.008+0000] {processor.py:914} INFO - Processing file /home/airflow/.local/lib/python3.12/site-packages/airflow/example_dags/example_workday_timetable.py for tasks to queue
[2024-11-01T11:30:16.010+0000] {logging_mixin.py:190} INFO - [2024-11-01T11:30:16.009+0000] {dagbag.py:588} INFO - Filling up the DagBag from /home/airflow/.local/lib/python3.12/site-packages/airflow/example_dags/example_workday_timetable.py
[2024-11-01T11:30:16.013+0000] {processor.py:925} INFO - DAG(s) 'example_workday_timetable' retrieved from /home/airflow/.local/lib/python3.12/site-packages/airflow/example_dags/example_workday_timetable.py
[2024-11-01T11:30:16.025+0000] {logging_mixin.py:190} INFO - [2024-11-01T11:30:16.025+0000] {dag.py:3239} INFO - Sync 1 DAGs
[2024-11-01T11:30:16.064+0000] {logging_mixin.py:190} INFO - [2024-11-01T11:30:16.064+0000] {dag.py:4180} INFO - Setting next_dagrun for example_workday_timetable to 2021-01-04 00:00:00+00:00, run_after=2021-01-05 00:00:00+00:00
[2024-11-01T11:30:16.079+0000] {processor.py:208} INFO - Processing /home/airflow/.local/lib/python3.12/site-packages/airflow/example_dags/example_workday_timetable.py took 0.075 seconds
[2024-11-01T11:30:46.450+0000] {processor.py:186} INFO - Started process (PID=779) to work on /home/airflow/.local/lib/python3.12/site-packages/airflow/example_dags/example_workday_timetable.py
[2024-11-01T11:30:46.451+0000] {processor.py:914} INFO - Processing file /home/airflow/.local/lib/python3.12/site-packages/airflow/example_dags/example_workday_timetable.py for tasks to queue
[2024-11-01T11:30:46.452+0000] {logging_mixin.py:190} INFO - [2024-11-01T11:30:46.452+0000] {dagbag.py:588} INFO - Filling up the DagBag from /home/airflow/.local/lib/python3.12/site-packages/airflow/example_dags/example_workday_timetable.py
[2024-11-01T11:30:46.456+0000] {processor.py:925} INFO - DAG(s) 'example_workday_timetable' retrieved from /home/airflow/.local/lib/python3.12/site-packages/airflow/example_dags/example_workday_timetable.py
[2024-11-01T11:30:46.468+0000] {logging_mixin.py:190} INFO - [2024-11-01T11:30:46.468+0000] {dag.py:3239} INFO - Sync 1 DAGs
[2024-11-01T11:30:46.507+0000] {logging_mixin.py:190} INFO - [2024-11-01T11:30:46.507+0000] {dag.py:4180} INFO - Setting next_dagrun for example_workday_timetable to 2021-01-04 00:00:00+00:00, run_after=2021-01-05 00:00:00+00:00
[2024-11-01T11:30:46.521+0000] {processor.py:208} INFO - Processing /home/airflow/.local/lib/python3.12/site-packages/airflow/example_dags/example_workday_timetable.py took 0.075 seconds
[2024-11-01T11:31:16.831+0000] {processor.py:186} INFO - Started process (PID=844) to work on /home/airflow/.local/lib/python3.12/site-packages/airflow/example_dags/example_workday_timetable.py
[2024-11-01T11:31:16.831+0000] {processor.py:914} INFO - Processing file /home/airflow/.local/lib/python3.12/site-packages/airflow/example_dags/example_workday_timetable.py for tasks to queue
[2024-11-01T11:31:16.833+0000] {logging_mixin.py:190} INFO - [2024-11-01T11:31:16.832+0000] {dagbag.py:588} INFO - Filling up the DagBag from /home/airflow/.local/lib/python3.12/site-packages/airflow/example_dags/example_workday_timetable.py
[2024-11-01T11:31:16.836+0000] {processor.py:925} INFO - DAG(s) 'example_workday_timetable' retrieved from /home/airflow/.local/lib/python3.12/site-packages/airflow/example_dags/example_workday_timetable.py
[2024-11-01T11:31:16.849+0000] {logging_mixin.py:190} INFO - [2024-11-01T11:31:16.848+0000] {dag.py:3239} INFO - Sync 1 DAGs
[2024-11-01T11:31:16.888+0000] {logging_mixin.py:190} INFO - [2024-11-01T11:31:16.888+0000] {dag.py:4180} INFO - Setting next_dagrun for example_workday_timetable to 2021-01-04 00:00:00+00:00, run_after=2021-01-05 00:00:00+00:00
[2024-11-01T11:31:16.902+0000] {processor.py:208} INFO - Processing /home/airflow/.local/lib/python3.12/site-packages/airflow/example_dags/example_workday_timetable.py took 0.075 seconds
[2024-11-01T11:31:47.164+0000] {processor.py:186} INFO - Started process (PID=909) to work on /home/airflow/.local/lib/python3.12/site-packages/airflow/example_dags/example_workday_timetable.py
[2024-11-01T11:31:47.165+0000] {processor.py:914} INFO - Processing file /home/airflow/.local/lib/python3.12/site-packages/airflow/example_dags/example_workday_timetable.py for tasks to queue
[2024-11-01T11:31:47.167+0000] {logging_mixin.py:190} INFO - [2024-11-01T11:31:47.166+0000] {dagbag.py:588} INFO - Filling up the DagBag from /home/airflow/.local/lib/python3.12/site-packages/airflow/example_dags/example_workday_timetable.py
[2024-11-01T11:31:47.170+0000] {processor.py:925} INFO - DAG(s) 'example_workday_timetable' retrieved from /home/airflow/.local/lib/python3.12/site-packages/airflow/example_dags/example_workday_timetable.py
[2024-11-01T11:31:47.182+0000] {logging_mixin.py:190} INFO - [2024-11-01T11:31:47.182+0000] {dag.py:3239} INFO - Sync 1 DAGs
[2024-11-01T11:31:47.223+0000] {logging_mixin.py:190} INFO - [2024-11-01T11:31:47.223+0000] {dag.py:4180} INFO - Setting next_dagrun for example_workday_timetable to 2021-01-04 00:00:00+00:00, run_after=2021-01-05 00:00:00+00:00
[2024-11-01T11:31:47.237+0000] {processor.py:208} INFO - Processing /home/airflow/.local/lib/python3.12/site-packages/airflow/example_dags/example_workday_timetable.py took 0.076 seconds
[2024-11-01T11:32:17.566+0000] {processor.py:186} INFO - Started process (PID=974) to work on /home/airflow/.local/lib/python3.12/site-packages/airflow/example_dags/example_workday_timetable.py
[2024-11-01T11:32:17.567+0000] {processor.py:914} INFO - Processing file /home/airflow/.local/lib/python3.12/site-packages/airflow/example_dags/example_workday_timetable.py for tasks to queue
[2024-11-01T11:32:17.568+0000] {logging_mixin.py:190} INFO - [2024-11-01T11:32:17.568+0000] {dagbag.py:588} INFO - Filling up the DagBag from /home/airflow/.local/lib/python3.12/site-packages/airflow/example_dags/example_workday_timetable.py
[2024-11-01T11:32:17.572+0000] {processor.py:925} INFO - DAG(s) 'example_workday_timetable' retrieved from /home/airflow/.local/lib/python3.12/site-packages/airflow/example_dags/example_workday_timetable.py
[2024-11-01T11:32:17.584+0000] {logging_mixin.py:190} INFO - [2024-11-01T11:32:17.584+0000] {dag.py:3239} INFO - Sync 1 DAGs
[2024-11-01T11:32:17.623+0000] {logging_mixin.py:190} INFO - [2024-11-01T11:32:17.623+0000] {dag.py:4180} INFO - Setting next_dagrun for example_workday_timetable to 2021-01-04 00:00:00+00:00, run_after=2021-01-05 00:00:00+00:00
[2024-11-01T11:32:17.637+0000] {processor.py:208} INFO - Processing /home/airflow/.local/lib/python3.12/site-packages/airflow/example_dags/example_workday_timetable.py took 0.074 seconds
[2024-11-01T11:32:48.040+0000] {processor.py:186} INFO - Started process (PID=1039) to work on /home/airflow/.local/lib/python3.12/site-packages/airflow/example_dags/example_workday_timetable.py
[2024-11-01T11:32:48.040+0000] {processor.py:914} INFO - Processing file /home/airflow/.local/lib/python3.12/site-packages/airflow/example_dags/example_workday_timetable.py for tasks to queue
[2024-11-01T11:32:48.042+0000] {logging_mixin.py:190} INFO - [2024-11-01T11:32:48.042+0000] {dagbag.py:588} INFO - Filling up the DagBag from /home/airflow/.local/lib/python3.12/site-packages/airflow/example_dags/example_workday_timetable.py
[2024-11-01T11:32:48.046+0000] {processor.py:925} INFO - DAG(s) 'example_workday_timetable' retrieved from /home/airflow/.local/lib/python3.12/site-packages/airflow/example_dags/example_workday_timetable.py
[2024-11-01T11:32:48.058+0000] {logging_mixin.py:190} INFO - [2024-11-01T11:32:48.058+0000] {dag.py:3239} INFO - Sync 1 DAGs
[2024-11-01T11:32:48.098+0000] {logging_mixin.py:190} INFO - [2024-11-01T11:32:48.098+0000] {dag.py:4180} INFO - Setting next_dagrun for example_workday_timetable to 2021-01-04 00:00:00+00:00, run_after=2021-01-05 00:00:00+00:00
[2024-11-01T11:32:48.112+0000] {processor.py:208} INFO - Processing /home/airflow/.local/lib/python3.12/site-packages/airflow/example_dags/example_workday_timetable.py took 0.077 seconds
[2024-11-01T11:33:18.505+0000] {processor.py:186} INFO - Started process (PID=1105) to work on /home/airflow/.local/lib/python3.12/site-packages/airflow/example_dags/example_workday_timetable.py
[2024-11-01T11:33:18.506+0000] {processor.py:914} INFO - Processing file /home/airflow/.local/lib/python3.12/site-packages/airflow/example_dags/example_workday_timetable.py for tasks to queue
[2024-11-01T11:33:18.507+0000] {logging_mixin.py:190} INFO - [2024-11-01T11:33:18.507+0000] {dagbag.py:588} INFO - Filling up the DagBag from /home/airflow/.local/lib/python3.12/site-packages/airflow/example_dags/example_workday_timetable.py
[2024-11-01T11:33:18.511+0000] {processor.py:925} INFO - DAG(s) 'example_workday_timetable' retrieved from /home/airflow/.local/lib/python3.12/site-packages/airflow/example_dags/example_workday_timetable.py
[2024-11-01T11:33:18.523+0000] {logging_mixin.py:190} INFO - [2024-11-01T11:33:18.523+0000] {dag.py:3239} INFO - Sync 1 DAGs
[2024-11-01T11:33:18.562+0000] {logging_mixin.py:190} INFO - [2024-11-01T11:33:18.562+0000] {dag.py:4180} INFO - Setting next_dagrun for example_workday_timetable to 2021-01-04 00:00:00+00:00, run_after=2021-01-05 00:00:00+00:00
[2024-11-01T11:33:18.577+0000] {processor.py:208} INFO - Processing /home/airflow/.local/lib/python3.12/site-packages/airflow/example_dags/example_workday_timetable.py took 0.076 seconds
[2024-11-01T11:33:48.631+0000] {processor.py:186} INFO - Started process (PID=1170) to work on /home/airflow/.local/lib/python3.12/site-packages/airflow/example_dags/example_workday_timetable.py
[2024-11-01T11:33:48.632+0000] {processor.py:914} INFO - Processing file /home/airflow/.local/lib/python3.12/site-packages/airflow/example_dags/example_workday_timetable.py for tasks to queue
[2024-11-01T11:33:48.633+0000] {logging_mixin.py:190} INFO - [2024-11-01T11:33:48.633+0000] {dagbag.py:588} INFO - Filling up the DagBag from /home/airflow/.local/lib/python3.12/site-packages/airflow/example_dags/example_workday_timetable.py
[2024-11-01T11:33:48.636+0000] {processor.py:925} INFO - DAG(s) 'example_workday_timetable' retrieved from /home/airflow/.local/lib/python3.12/site-packages/airflow/example_dags/example_workday_timetable.py
[2024-11-01T11:33:48.649+0000] {logging_mixin.py:190} INFO - [2024-11-01T11:33:48.648+0000] {dag.py:3239} INFO - Sync 1 DAGs
[2024-11-01T11:33:48.688+0000] {logging_mixin.py:190} INFO - [2024-11-01T11:33:48.688+0000] {dag.py:4180} INFO - Setting next_dagrun for example_workday_timetable to 2021-01-04 00:00:00+00:00, run_after=2021-01-05 00:00:00+00:00
[2024-11-01T11:33:48.703+0000] {processor.py:208} INFO - Processing /home/airflow/.local/lib/python3.12/site-packages/airflow/example_dags/example_workday_timetable.py took 0.076 seconds
[2024-11-01T11:34:19.290+0000] {processor.py:186} INFO - Started process (PID=1235) to work on /home/airflow/.local/lib/python3.12/site-packages/airflow/example_dags/example_workday_timetable.py
[2024-11-01T11:34:19.291+0000] {processor.py:914} INFO - Processing file /home/airflow/.local/lib/python3.12/site-packages/airflow/example_dags/example_workday_timetable.py for tasks to queue
[2024-11-01T11:34:19.292+0000] {logging_mixin.py:190} INFO - [2024-11-01T11:34:19.292+0000] {dagbag.py:588} INFO - Filling up the DagBag from /home/airflow/.local/lib/python3.12/site-packages/airflow/example_dags/example_workday_timetable.py
[2024-11-01T11:34:19.296+0000] {processor.py:925} INFO - DAG(s) 'example_workday_timetable' retrieved from /home/airflow/.local/lib/python3.12/site-packages/airflow/example_dags/example_workday_timetable.py
[2024-11-01T11:34:19.308+0000] {logging_mixin.py:190} INFO - [2024-11-01T11:34:19.307+0000] {dag.py:3239} INFO - Sync 1 DAGs
[2024-11-01T11:34:19.347+0000] {logging_mixin.py:190} INFO - [2024-11-01T11:34:19.346+0000] {dag.py:4180} INFO - Setting next_dagrun for example_workday_timetable to 2021-01-04 00:00:00+00:00, run_after=2021-01-05 00:00:00+00:00
[2024-11-01T11:34:19.361+0000] {processor.py:208} INFO - Processing /home/airflow/.local/lib/python3.12/site-packages/airflow/example_dags/example_workday_timetable.py took 0.075 seconds
[2024-11-01T11:34:49.803+0000] {processor.py:186} INFO - Started process (PID=1300) to work on /home/airflow/.local/lib/python3.12/site-packages/airflow/example_dags/example_workday_timetable.py
[2024-11-01T11:34:49.804+0000] {processor.py:914} INFO - Processing file /home/airflow/.local/lib/python3.12/site-packages/airflow/example_dags/example_workday_timetable.py for tasks to queue
[2024-11-01T11:34:49.805+0000] {logging_mixin.py:190} INFO - [2024-11-01T11:34:49.805+0000] {dagbag.py:588} INFO - Filling up the DagBag from /home/airflow/.local/lib/python3.12/site-packages/airflow/example_dags/example_workday_timetable.py
[2024-11-01T11:34:49.808+0000] {processor.py:925} INFO - DAG(s) 'example_workday_timetable' retrieved from /home/airflow/.local/lib/python3.12/site-packages/airflow/example_dags/example_workday_timetable.py
[2024-11-01T11:34:49.821+0000] {logging_mixin.py:190} INFO - [2024-11-01T11:34:49.820+0000] {dag.py:3239} INFO - Sync 1 DAGs
[2024-11-01T11:34:49.859+0000] {logging_mixin.py:190} INFO - [2024-11-01T11:34:49.858+0000] {dag.py:4180} INFO - Setting next_dagrun for example_workday_timetable to 2021-01-04 00:00:00+00:00, run_after=2021-01-05 00:00:00+00:00
[2024-11-01T11:34:49.872+0000] {processor.py:208} INFO - Processing /home/airflow/.local/lib/python3.12/site-packages/airflow/example_dags/example_workday_timetable.py took 0.072 seconds
[2024-11-01T11:35:20.486+0000] {processor.py:186} INFO - Started process (PID=1365) to work on /home/airflow/.local/lib/python3.12/site-packages/airflow/example_dags/example_workday_timetable.py
[2024-11-01T11:35:20.487+0000] {processor.py:914} INFO - Processing file /home/airflow/.local/lib/python3.12/site-packages/airflow/example_dags/example_workday_timetable.py for tasks to queue
[2024-11-01T11:35:20.489+0000] {logging_mixin.py:190} INFO - [2024-11-01T11:35:20.488+0000] {dagbag.py:588} INFO - Filling up the DagBag from /home/airflow/.local/lib/python3.12/site-packages/airflow/example_dags/example_workday_timetable.py
[2024-11-01T11:35:20.494+0000] {processor.py:925} INFO - DAG(s) 'example_workday_timetable' retrieved from /home/airflow/.local/lib/python3.12/site-packages/airflow/example_dags/example_workday_timetable.py
[2024-11-01T11:35:20.508+0000] {logging_mixin.py:190} INFO - [2024-11-01T11:35:20.508+0000] {dag.py:3239} INFO - Sync 1 DAGs
[2024-11-01T11:35:20.554+0000] {logging_mixin.py:190} INFO - [2024-11-01T11:35:20.554+0000] {dag.py:4180} INFO - Setting next_dagrun for example_workday_timetable to 2021-01-04 00:00:00+00:00, run_after=2021-01-05 00:00:00+00:00
[2024-11-01T11:35:20.571+0000] {processor.py:208} INFO - Processing /home/airflow/.local/lib/python3.12/site-packages/airflow/example_dags/example_workday_timetable.py took 0.091 seconds
[2024-11-01T11:35:51.045+0000] {processor.py:186} INFO - Started process (PID=1430) to work on /home/airflow/.local/lib/python3.12/site-packages/airflow/example_dags/example_workday_timetable.py
[2024-11-01T11:35:51.046+0000] {processor.py:914} INFO - Processing file /home/airflow/.local/lib/python3.12/site-packages/airflow/example_dags/example_workday_timetable.py for tasks to queue
[2024-11-01T11:35:51.047+0000] {logging_mixin.py:190} INFO - [2024-11-01T11:35:51.047+0000] {dagbag.py:588} INFO - Filling up the DagBag from /home/airflow/.local/lib/python3.12/site-packages/airflow/example_dags/example_workday_timetable.py
[2024-11-01T11:35:51.051+0000] {processor.py:925} INFO - DAG(s) 'example_workday_timetable' retrieved from /home/airflow/.local/lib/python3.12/site-packages/airflow/example_dags/example_workday_timetable.py
[2024-11-01T11:35:51.063+0000] {logging_mixin.py:190} INFO - [2024-11-01T11:35:51.063+0000] {dag.py:3239} INFO - Sync 1 DAGs
[2024-11-01T11:35:51.107+0000] {logging_mixin.py:190} INFO - [2024-11-01T11:35:51.106+0000] {dag.py:4180} INFO - Setting next_dagrun for example_workday_timetable to 2021-01-04 00:00:00+00:00, run_after=2021-01-05 00:00:00+00:00
[2024-11-01T11:35:51.121+0000] {processor.py:208} INFO - Processing /home/airflow/.local/lib/python3.12/site-packages/airflow/example_dags/example_workday_timetable.py took 0.080 seconds
[2024-11-01T11:36:22.046+0000] {processor.py:186} INFO - Started process (PID=1495) to work on /home/airflow/.local/lib/python3.12/site-packages/airflow/example_dags/example_workday_timetable.py
[2024-11-01T11:36:22.046+0000] {processor.py:914} INFO - Processing file /home/airflow/.local/lib/python3.12/site-packages/airflow/example_dags/example_workday_timetable.py for tasks to queue
[2024-11-01T11:36:22.048+0000] {logging_mixin.py:190} INFO - [2024-11-01T11:36:22.047+0000] {dagbag.py:588} INFO - Filling up the DagBag from /home/airflow/.local/lib/python3.12/site-packages/airflow/example_dags/example_workday_timetable.py
[2024-11-01T11:36:22.051+0000] {processor.py:925} INFO - DAG(s) 'example_workday_timetable' retrieved from /home/airflow/.local/lib/python3.12/site-packages/airflow/example_dags/example_workday_timetable.py
[2024-11-01T11:36:22.063+0000] {logging_mixin.py:190} INFO - [2024-11-01T11:36:22.062+0000] {dag.py:3239} INFO - Sync 1 DAGs
[2024-11-01T11:36:22.099+0000] {logging_mixin.py:190} INFO - [2024-11-01T11:36:22.099+0000] {dag.py:4180} INFO - Setting next_dagrun for example_workday_timetable to 2021-01-04 00:00:00+00:00, run_after=2021-01-05 00:00:00+00:00
[2024-11-01T11:36:22.111+0000] {processor.py:208} INFO - Processing /home/airflow/.local/lib/python3.12/site-packages/airflow/example_dags/example_workday_timetable.py took 0.068 seconds
[2024-11-01T11:36:52.359+0000] {processor.py:186} INFO - Started process (PID=1559) to work on /home/airflow/.local/lib/python3.12/site-packages/airflow/example_dags/example_workday_timetable.py
[2024-11-01T11:36:52.360+0000] {processor.py:914} INFO - Processing file /home/airflow/.local/lib/python3.12/site-packages/airflow/example_dags/example_workday_timetable.py for tasks to queue
[2024-11-01T11:36:52.361+0000] {logging_mixin.py:190} INFO - [2024-11-01T11:36:52.361+0000] {dagbag.py:588} INFO - Filling up the DagBag from /home/airflow/.local/lib/python3.12/site-packages/airflow/example_dags/example_workday_timetable.py
[2024-11-01T11:36:52.365+0000] {processor.py:925} INFO - DAG(s) 'example_workday_timetable' retrieved from /home/airflow/.local/lib/python3.12/site-packages/airflow/example_dags/example_workday_timetable.py
[2024-11-01T11:36:52.377+0000] {logging_mixin.py:190} INFO - [2024-11-01T11:36:52.377+0000] {dag.py:3239} INFO - Sync 1 DAGs
[2024-11-01T11:36:52.417+0000] {logging_mixin.py:190} INFO - [2024-11-01T11:36:52.417+0000] {dag.py:4180} INFO - Setting next_dagrun for example_workday_timetable to 2021-01-04 00:00:00+00:00, run_after=2021-01-05 00:00:00+00:00
[2024-11-01T11:36:52.431+0000] {processor.py:208} INFO - Processing /home/airflow/.local/lib/python3.12/site-packages/airflow/example_dags/example_workday_timetable.py took 0.076 seconds
[2024-11-01T11:37:22.790+0000] {processor.py:186} INFO - Started process (PID=1624) to work on /home/airflow/.local/lib/python3.12/site-packages/airflow/example_dags/example_workday_timetable.py
[2024-11-01T11:37:22.792+0000] {processor.py:914} INFO - Processing file /home/airflow/.local/lib/python3.12/site-packages/airflow/example_dags/example_workday_timetable.py for tasks to queue
[2024-11-01T11:37:22.793+0000] {logging_mixin.py:190} INFO - [2024-11-01T11:37:22.793+0000] {dagbag.py:588} INFO - Filling up the DagBag from /home/airflow/.local/lib/python3.12/site-packages/airflow/example_dags/example_workday_timetable.py
[2024-11-01T11:37:22.797+0000] {processor.py:925} INFO - DAG(s) 'example_workday_timetable' retrieved from /home/airflow/.local/lib/python3.12/site-packages/airflow/example_dags/example_workday_timetable.py
[2024-11-01T11:37:22.809+0000] {logging_mixin.py:190} INFO - [2024-11-01T11:37:22.809+0000] {dag.py:3239} INFO - Sync 1 DAGs
[2024-11-01T11:37:22.849+0000] {logging_mixin.py:190} INFO - [2024-11-01T11:37:22.849+0000] {dag.py:4180} INFO - Setting next_dagrun for example_workday_timetable to 2021-01-04 00:00:00+00:00, run_after=2021-01-05 00:00:00+00:00
[2024-11-01T11:37:22.863+0000] {processor.py:208} INFO - Processing /home/airflow/.local/lib/python3.12/site-packages/airflow/example_dags/example_workday_timetable.py took 0.077 seconds
[2024-11-01T11:37:53.758+0000] {processor.py:186} INFO - Started process (PID=1689) to work on /home/airflow/.local/lib/python3.12/site-packages/airflow/example_dags/example_workday_timetable.py
[2024-11-01T11:37:53.759+0000] {processor.py:914} INFO - Processing file /home/airflow/.local/lib/python3.12/site-packages/airflow/example_dags/example_workday_timetable.py for tasks to queue
[2024-11-01T11:37:53.760+0000] {logging_mixin.py:190} INFO - [2024-11-01T11:37:53.760+0000] {dagbag.py:588} INFO - Filling up the DagBag from /home/airflow/.local/lib/python3.12/site-packages/airflow/example_dags/example_workday_timetable.py
[2024-11-01T11:37:53.763+0000] {processor.py:925} INFO - DAG(s) 'example_workday_timetable' retrieved from /home/airflow/.local/lib/python3.12/site-packages/airflow/example_dags/example_workday_timetable.py
[2024-11-01T11:37:53.775+0000] {logging_mixin.py:190} INFO - [2024-11-01T11:37:53.775+0000] {dag.py:3239} INFO - Sync 1 DAGs
[2024-11-01T11:37:53.820+0000] {logging_mixin.py:190} INFO - [2024-11-01T11:37:53.820+0000] {dag.py:4180} INFO - Setting next_dagrun for example_workday_timetable to 2021-01-04 00:00:00+00:00, run_after=2021-01-05 00:00:00+00:00
[2024-11-01T11:37:53.834+0000] {processor.py:208} INFO - Processing /home/airflow/.local/lib/python3.12/site-packages/airflow/example_dags/example_workday_timetable.py took 0.080 seconds
[2024-11-01T11:38:23.998+0000] {processor.py:186} INFO - Started process (PID=1754) to work on /home/airflow/.local/lib/python3.12/site-packages/airflow/example_dags/example_workday_timetable.py
[2024-11-01T11:38:23.999+0000] {processor.py:914} INFO - Processing file /home/airflow/.local/lib/python3.12/site-packages/airflow/example_dags/example_workday_timetable.py for tasks to queue
[2024-11-01T11:38:24.000+0000] {logging_mixin.py:190} INFO - [2024-11-01T11:38:24.000+0000] {dagbag.py:588} INFO - Filling up the DagBag from /home/airflow/.local/lib/python3.12/site-packages/airflow/example_dags/example_workday_timetable.py
[2024-11-01T11:38:24.004+0000] {processor.py:925} INFO - DAG(s) 'example_workday_timetable' retrieved from /home/airflow/.local/lib/python3.12/site-packages/airflow/example_dags/example_workday_timetable.py
[2024-11-01T11:38:24.016+0000] {logging_mixin.py:190} INFO - [2024-11-01T11:38:24.016+0000] {dag.py:3239} INFO - Sync 1 DAGs
[2024-11-01T11:38:24.056+0000] {logging_mixin.py:190} INFO - [2024-11-01T11:38:24.055+0000] {dag.py:4180} INFO - Setting next_dagrun for example_workday_timetable to 2021-01-04 00:00:00+00:00, run_after=2021-01-05 00:00:00+00:00
[2024-11-01T11:38:24.070+0000] {processor.py:208} INFO - Processing /home/airflow/.local/lib/python3.12/site-packages/airflow/example_dags/example_workday_timetable.py took 0.076 seconds
[2024-11-01T11:38:54.144+0000] {processor.py:186} INFO - Started process (PID=1819) to work on /home/airflow/.local/lib/python3.12/site-packages/airflow/example_dags/example_workday_timetable.py
[2024-11-01T11:38:54.145+0000] {processor.py:914} INFO - Processing file /home/airflow/.local/lib/python3.12/site-packages/airflow/example_dags/example_workday_timetable.py for tasks to queue
[2024-11-01T11:38:54.146+0000] {logging_mixin.py:190} INFO - [2024-11-01T11:38:54.146+0000] {dagbag.py:588} INFO - Filling up the DagBag from /home/airflow/.local/lib/python3.12/site-packages/airflow/example_dags/example_workday_timetable.py
[2024-11-01T11:38:54.149+0000] {processor.py:925} INFO - DAG(s) 'example_workday_timetable' retrieved from /home/airflow/.local/lib/python3.12/site-packages/airflow/example_dags/example_workday_timetable.py
[2024-11-01T11:38:54.161+0000] {logging_mixin.py:190} INFO - [2024-11-01T11:38:54.161+0000] {dag.py:3239} INFO - Sync 1 DAGs
[2024-11-01T11:38:54.201+0000] {logging_mixin.py:190} INFO - [2024-11-01T11:38:54.201+0000] {dag.py:4180} INFO - Setting next_dagrun for example_workday_timetable to 2021-01-04 00:00:00+00:00, run_after=2021-01-05 00:00:00+00:00
[2024-11-01T11:38:54.215+0000] {processor.py:208} INFO - Processing /home/airflow/.local/lib/python3.12/site-packages/airflow/example_dags/example_workday_timetable.py took 0.074 seconds
[2024-11-01T11:39:24.920+0000] {processor.py:186} INFO - Started process (PID=1884) to work on /home/airflow/.local/lib/python3.12/site-packages/airflow/example_dags/example_workday_timetable.py
[2024-11-01T11:39:24.921+0000] {processor.py:914} INFO - Processing file /home/airflow/.local/lib/python3.12/site-packages/airflow/example_dags/example_workday_timetable.py for tasks to queue
[2024-11-01T11:39:24.922+0000] {logging_mixin.py:190} INFO - [2024-11-01T11:39:24.922+0000] {dagbag.py:588} INFO - Filling up the DagBag from /home/airflow/.local/lib/python3.12/site-packages/airflow/example_dags/example_workday_timetable.py
[2024-11-01T11:39:24.926+0000] {processor.py:925} INFO - DAG(s) 'example_workday_timetable' retrieved from /home/airflow/.local/lib/python3.12/site-packages/airflow/example_dags/example_workday_timetable.py
[2024-11-01T11:39:24.938+0000] {logging_mixin.py:190} INFO - [2024-11-01T11:39:24.938+0000] {dag.py:3239} INFO - Sync 1 DAGs
[2024-11-01T11:39:24.978+0000] {logging_mixin.py:190} INFO - [2024-11-01T11:39:24.978+0000] {dag.py:4180} INFO - Setting next_dagrun for example_workday_timetable to 2021-01-04 00:00:00+00:00, run_after=2021-01-05 00:00:00+00:00
[2024-11-01T11:39:24.992+0000] {processor.py:208} INFO - Processing /home/airflow/.local/lib/python3.12/site-packages/airflow/example_dags/example_workday_timetable.py took 0.076 seconds
[2024-11-01T11:39:55.692+0000] {processor.py:186} INFO - Started process (PID=1949) to work on /home/airflow/.local/lib/python3.12/site-packages/airflow/example_dags/example_workday_timetable.py
[2024-11-01T11:39:55.692+0000] {processor.py:914} INFO - Processing file /home/airflow/.local/lib/python3.12/site-packages/airflow/example_dags/example_workday_timetable.py for tasks to queue
[2024-11-01T11:39:55.694+0000] {logging_mixin.py:190} INFO - [2024-11-01T11:39:55.694+0000] {dagbag.py:588} INFO - Filling up the DagBag from /home/airflow/.local/lib/python3.12/site-packages/airflow/example_dags/example_workday_timetable.py
[2024-11-01T11:39:55.697+0000] {processor.py:925} INFO - DAG(s) 'example_workday_timetable' retrieved from /home/airflow/.local/lib/python3.12/site-packages/airflow/example_dags/example_workday_timetable.py
[2024-11-01T11:39:55.710+0000] {logging_mixin.py:190} INFO - [2024-11-01T11:39:55.710+0000] {dag.py:3239} INFO - Sync 1 DAGs
[2024-11-01T11:39:55.749+0000] {logging_mixin.py:190} INFO - [2024-11-01T11:39:55.749+0000] {dag.py:4180} INFO - Setting next_dagrun for example_workday_timetable to 2021-01-04 00:00:00+00:00, run_after=2021-01-05 00:00:00+00:00
[2024-11-01T11:39:55.764+0000] {processor.py:208} INFO - Processing /home/airflow/.local/lib/python3.12/site-packages/airflow/example_dags/example_workday_timetable.py took 0.076 seconds
[2024-11-01T11:40:25.819+0000] {processor.py:186} INFO - Started process (PID=2014) to work on /home/airflow/.local/lib/python3.12/site-packages/airflow/example_dags/example_workday_timetable.py
[2024-11-01T11:40:25.820+0000] {processor.py:914} INFO - Processing file /home/airflow/.local/lib/python3.12/site-packages/airflow/example_dags/example_workday_timetable.py for tasks to queue
[2024-11-01T11:40:25.821+0000] {logging_mixin.py:190} INFO - [2024-11-01T11:40:25.821+0000] {dagbag.py:588} INFO - Filling up the DagBag from /home/airflow/.local/lib/python3.12/site-packages/airflow/example_dags/example_workday_timetable.py
[2024-11-01T11:40:25.825+0000] {processor.py:925} INFO - DAG(s) 'example_workday_timetable' retrieved from /home/airflow/.local/lib/python3.12/site-packages/airflow/example_dags/example_workday_timetable.py
[2024-11-01T11:40:25.837+0000] {logging_mixin.py:190} INFO - [2024-11-01T11:40:25.837+0000] {dag.py:3239} INFO - Sync 1 DAGs
[2024-11-01T11:40:25.878+0000] {logging_mixin.py:190} INFO - [2024-11-01T11:40:25.878+0000] {dag.py:4180} INFO - Setting next_dagrun for example_workday_timetable to 2021-01-04 00:00:00+00:00, run_after=2021-01-05 00:00:00+00:00
[2024-11-01T11:40:25.893+0000] {processor.py:208} INFO - Processing /home/airflow/.local/lib/python3.12/site-packages/airflow/example_dags/example_workday_timetable.py took 0.078 seconds
[2024-11-01T11:40:56.153+0000] {processor.py:186} INFO - Started process (PID=2079) to work on /home/airflow/.local/lib/python3.12/site-packages/airflow/example_dags/example_workday_timetable.py
[2024-11-01T11:40:56.154+0000] {processor.py:914} INFO - Processing file /home/airflow/.local/lib/python3.12/site-packages/airflow/example_dags/example_workday_timetable.py for tasks to queue
[2024-11-01T11:40:56.155+0000] {logging_mixin.py:190} INFO - [2024-11-01T11:40:56.155+0000] {dagbag.py:588} INFO - Filling up the DagBag from /home/airflow/.local/lib/python3.12/site-packages/airflow/example_dags/example_workday_timetable.py
[2024-11-01T11:40:56.159+0000] {processor.py:925} INFO - DAG(s) 'example_workday_timetable' retrieved from /home/airflow/.local/lib/python3.12/site-packages/airflow/example_dags/example_workday_timetable.py
[2024-11-01T11:40:56.173+0000] {logging_mixin.py:190} INFO - [2024-11-01T11:40:56.173+0000] {dag.py:3239} INFO - Sync 1 DAGs
[2024-11-01T11:40:56.219+0000] {logging_mixin.py:190} INFO - [2024-11-01T11:40:56.218+0000] {dag.py:4180} INFO - Setting next_dagrun for example_workday_timetable to 2021-01-04 00:00:00+00:00, run_after=2021-01-05 00:00:00+00:00
[2024-11-01T11:40:56.233+0000] {processor.py:208} INFO - Processing /home/airflow/.local/lib/python3.12/site-packages/airflow/example_dags/example_workday_timetable.py took 0.084 seconds
[2024-11-01T11:41:27.102+0000] {processor.py:186} INFO - Started process (PID=2144) to work on /home/airflow/.local/lib/python3.12/site-packages/airflow/example_dags/example_workday_timetable.py
[2024-11-01T11:41:27.103+0000] {processor.py:914} INFO - Processing file /home/airflow/.local/lib/python3.12/site-packages/airflow/example_dags/example_workday_timetable.py for tasks to queue
[2024-11-01T11:41:27.104+0000] {logging_mixin.py:190} INFO - [2024-11-01T11:41:27.104+0000] {dagbag.py:588} INFO - Filling up the DagBag from /home/airflow/.local/lib/python3.12/site-packages/airflow/example_dags/example_workday_timetable.py
[2024-11-01T11:41:27.108+0000] {processor.py:925} INFO - DAG(s) 'example_workday_timetable' retrieved from /home/airflow/.local/lib/python3.12/site-packages/airflow/example_dags/example_workday_timetable.py
[2024-11-01T11:41:27.120+0000] {logging_mixin.py:190} INFO - [2024-11-01T11:41:27.120+0000] {dag.py:3239} INFO - Sync 1 DAGs
[2024-11-01T11:41:27.160+0000] {logging_mixin.py:190} INFO - [2024-11-01T11:41:27.160+0000] {dag.py:4180} INFO - Setting next_dagrun for example_workday_timetable to 2021-01-04 00:00:00+00:00, run_after=2021-01-05 00:00:00+00:00
[2024-11-01T11:41:27.174+0000] {processor.py:208} INFO - Processing /home/airflow/.local/lib/python3.12/site-packages/airflow/example_dags/example_workday_timetable.py took 0.075 seconds
[2024-11-01T11:41:57.942+0000] {processor.py:186} INFO - Started process (PID=2209) to work on /home/airflow/.local/lib/python3.12/site-packages/airflow/example_dags/example_workday_timetable.py
[2024-11-01T11:41:57.943+0000] {processor.py:914} INFO - Processing file /home/airflow/.local/lib/python3.12/site-packages/airflow/example_dags/example_workday_timetable.py for tasks to queue
[2024-11-01T11:41:57.944+0000] {logging_mixin.py:190} INFO - [2024-11-01T11:41:57.944+0000] {dagbag.py:588} INFO - Filling up the DagBag from /home/airflow/.local/lib/python3.12/site-packages/airflow/example_dags/example_workday_timetable.py
[2024-11-01T11:41:57.948+0000] {processor.py:925} INFO - DAG(s) 'example_workday_timetable' retrieved from /home/airflow/.local/lib/python3.12/site-packages/airflow/example_dags/example_workday_timetable.py
[2024-11-01T11:41:57.961+0000] {logging_mixin.py:190} INFO - [2024-11-01T11:41:57.961+0000] {dag.py:3239} INFO - Sync 1 DAGs
[2024-11-01T11:41:58.001+0000] {logging_mixin.py:190} INFO - [2024-11-01T11:41:58.001+0000] {dag.py:4180} INFO - Setting next_dagrun for example_workday_timetable to 2021-01-04 00:00:00+00:00, run_after=2021-01-05 00:00:00+00:00
[2024-11-01T11:41:58.015+0000] {processor.py:208} INFO - Processing /home/airflow/.local/lib/python3.12/site-packages/airflow/example_dags/example_workday_timetable.py took 0.077 seconds
[2024-11-01T11:42:28.592+0000] {processor.py:186} INFO - Started process (PID=2274) to work on /home/airflow/.local/lib/python3.12/site-packages/airflow/example_dags/example_workday_timetable.py
[2024-11-01T11:42:28.593+0000] {processor.py:914} INFO - Processing file /home/airflow/.local/lib/python3.12/site-packages/airflow/example_dags/example_workday_timetable.py for tasks to queue
[2024-11-01T11:42:28.594+0000] {logging_mixin.py:190} INFO - [2024-11-01T11:42:28.594+0000] {dagbag.py:588} INFO - Filling up the DagBag from /home/airflow/.local/lib/python3.12/site-packages/airflow/example_dags/example_workday_timetable.py
[2024-11-01T11:42:28.598+0000] {processor.py:925} INFO - DAG(s) 'example_workday_timetable' retrieved from /home/airflow/.local/lib/python3.12/site-packages/airflow/example_dags/example_workday_timetable.py
[2024-11-01T11:42:28.609+0000] {logging_mixin.py:190} INFO - [2024-11-01T11:42:28.609+0000] {dag.py:3239} INFO - Sync 1 DAGs
[2024-11-01T11:42:28.659+0000] {logging_mixin.py:190} INFO - [2024-11-01T11:42:28.659+0000] {dag.py:4180} INFO - Setting next_dagrun for example_workday_timetable to 2021-01-04 00:00:00+00:00, run_after=2021-01-05 00:00:00+00:00
[2024-11-01T11:42:28.674+0000] {processor.py:208} INFO - Processing /home/airflow/.local/lib/python3.12/site-packages/airflow/example_dags/example_workday_timetable.py took 0.086 seconds
[2024-11-01T11:42:58.702+0000] {processor.py:186} INFO - Started process (PID=2340) to work on /home/airflow/.local/lib/python3.12/site-packages/airflow/example_dags/example_workday_timetable.py
[2024-11-01T11:42:58.703+0000] {processor.py:914} INFO - Processing file /home/airflow/.local/lib/python3.12/site-packages/airflow/example_dags/example_workday_timetable.py for tasks to queue
[2024-11-01T11:42:58.704+0000] {logging_mixin.py:190} INFO - [2024-11-01T11:42:58.704+0000] {dagbag.py:588} INFO - Filling up the DagBag from /home/airflow/.local/lib/python3.12/site-packages/airflow/example_dags/example_workday_timetable.py
[2024-11-01T11:42:58.708+0000] {processor.py:925} INFO - DAG(s) 'example_workday_timetable' retrieved from /home/airflow/.local/lib/python3.12/site-packages/airflow/example_dags/example_workday_timetable.py
[2024-11-01T11:42:58.720+0000] {logging_mixin.py:190} INFO - [2024-11-01T11:42:58.720+0000] {dag.py:3239} INFO - Sync 1 DAGs
[2024-11-01T11:42:58.759+0000] {logging_mixin.py:190} INFO - [2024-11-01T11:42:58.759+0000] {dag.py:4180} INFO - Setting next_dagrun for example_workday_timetable to 2021-01-04 00:00:00+00:00, run_after=2021-01-05 00:00:00+00:00
[2024-11-01T11:42:58.773+0000] {processor.py:208} INFO - Processing /home/airflow/.local/lib/python3.12/site-packages/airflow/example_dags/example_workday_timetable.py took 0.075 seconds
[2024-11-01T11:43:28.950+0000] {processor.py:186} INFO - Started process (PID=2405) to work on /home/airflow/.local/lib/python3.12/site-packages/airflow/example_dags/example_workday_timetable.py
[2024-11-01T11:43:28.951+0000] {processor.py:914} INFO - Processing file /home/airflow/.local/lib/python3.12/site-packages/airflow/example_dags/example_workday_timetable.py for tasks to queue
[2024-11-01T11:43:28.952+0000] {logging_mixin.py:190} INFO - [2024-11-01T11:43:28.952+0000] {dagbag.py:588} INFO - Filling up the DagBag from /home/airflow/.local/lib/python3.12/site-packages/airflow/example_dags/example_workday_timetable.py
[2024-11-01T11:43:28.956+0000] {processor.py:925} INFO - DAG(s) 'example_workday_timetable' retrieved from /home/airflow/.local/lib/python3.12/site-packages/airflow/example_dags/example_workday_timetable.py
[2024-11-01T11:43:28.967+0000] {logging_mixin.py:190} INFO - [2024-11-01T11:43:28.967+0000] {dag.py:3239} INFO - Sync 1 DAGs
[2024-11-01T11:43:29.007+0000] {logging_mixin.py:190} INFO - [2024-11-01T11:43:29.007+0000] {dag.py:4180} INFO - Setting next_dagrun for example_workday_timetable to 2021-01-04 00:00:00+00:00, run_after=2021-01-05 00:00:00+00:00
[2024-11-01T11:43:29.023+0000] {processor.py:208} INFO - Processing /home/airflow/.local/lib/python3.12/site-packages/airflow/example_dags/example_workday_timetable.py took 0.077 seconds
[2024-11-01T11:43:59.624+0000] {processor.py:186} INFO - Started process (PID=2470) to work on /home/airflow/.local/lib/python3.12/site-packages/airflow/example_dags/example_workday_timetable.py
[2024-11-01T11:43:59.625+0000] {processor.py:914} INFO - Processing file /home/airflow/.local/lib/python3.12/site-packages/airflow/example_dags/example_workday_timetable.py for tasks to queue
[2024-11-01T11:43:59.626+0000] {logging_mixin.py:190} INFO - [2024-11-01T11:43:59.626+0000] {dagbag.py:588} INFO - Filling up the DagBag from /home/airflow/.local/lib/python3.12/site-packages/airflow/example_dags/example_workday_timetable.py
[2024-11-01T11:43:59.630+0000] {processor.py:925} INFO - DAG(s) 'example_workday_timetable' retrieved from /home/airflow/.local/lib/python3.12/site-packages/airflow/example_dags/example_workday_timetable.py
[2024-11-01T11:43:59.642+0000] {logging_mixin.py:190} INFO - [2024-11-01T11:43:59.642+0000] {dag.py:3239} INFO - Sync 1 DAGs
[2024-11-01T11:43:59.681+0000] {logging_mixin.py:190} INFO - [2024-11-01T11:43:59.681+0000] {dag.py:4180} INFO - Setting next_dagrun for example_workday_timetable to 2021-01-04 00:00:00+00:00, run_after=2021-01-05 00:00:00+00:00
[2024-11-01T11:43:59.696+0000] {processor.py:208} INFO - Processing /home/airflow/.local/lib/python3.12/site-packages/airflow/example_dags/example_workday_timetable.py took 0.076 seconds
[2024-11-01T11:44:30.051+0000] {processor.py:186} INFO - Started process (PID=2535) to work on /home/airflow/.local/lib/python3.12/site-packages/airflow/example_dags/example_workday_timetable.py
[2024-11-01T11:44:30.052+0000] {processor.py:914} INFO - Processing file /home/airflow/.local/lib/python3.12/site-packages/airflow/example_dags/example_workday_timetable.py for tasks to queue
[2024-11-01T11:44:30.053+0000] {logging_mixin.py:190} INFO - [2024-11-01T11:44:30.053+0000] {dagbag.py:588} INFO - Filling up the DagBag from /home/airflow/.local/lib/python3.12/site-packages/airflow/example_dags/example_workday_timetable.py
[2024-11-01T11:44:30.057+0000] {processor.py:925} INFO - DAG(s) 'example_workday_timetable' retrieved from /home/airflow/.local/lib/python3.12/site-packages/airflow/example_dags/example_workday_timetable.py
[2024-11-01T11:44:30.070+0000] {logging_mixin.py:190} INFO - [2024-11-01T11:44:30.070+0000] {dag.py:3239} INFO - Sync 1 DAGs
[2024-11-01T11:44:30.115+0000] {logging_mixin.py:190} INFO - [2024-11-01T11:44:30.115+0000] {dag.py:4180} INFO - Setting next_dagrun for example_workday_timetable to 2021-01-04 00:00:00+00:00, run_after=2021-01-05 00:00:00+00:00
[2024-11-01T11:44:30.131+0000] {processor.py:208} INFO - Processing /home/airflow/.local/lib/python3.12/site-packages/airflow/example_dags/example_workday_timetable.py took 0.084 seconds
[2024-11-01T11:45:00.624+0000] {processor.py:186} INFO - Started process (PID=2600) to work on /home/airflow/.local/lib/python3.12/site-packages/airflow/example_dags/example_workday_timetable.py
[2024-11-01T11:45:00.624+0000] {processor.py:914} INFO - Processing file /home/airflow/.local/lib/python3.12/site-packages/airflow/example_dags/example_workday_timetable.py for tasks to queue
[2024-11-01T11:45:00.626+0000] {logging_mixin.py:190} INFO - [2024-11-01T11:45:00.626+0000] {dagbag.py:588} INFO - Filling up the DagBag from /home/airflow/.local/lib/python3.12/site-packages/airflow/example_dags/example_workday_timetable.py
[2024-11-01T11:45:00.629+0000] {processor.py:925} INFO - DAG(s) 'example_workday_timetable' retrieved from /home/airflow/.local/lib/python3.12/site-packages/airflow/example_dags/example_workday_timetable.py
[2024-11-01T11:45:00.642+0000] {logging_mixin.py:190} INFO - [2024-11-01T11:45:00.641+0000] {dag.py:3239} INFO - Sync 1 DAGs
[2024-11-01T11:45:00.688+0000] {logging_mixin.py:190} INFO - [2024-11-01T11:45:00.688+0000] {dag.py:4180} INFO - Setting next_dagrun for example_workday_timetable to 2021-01-04 00:00:00+00:00, run_after=2021-01-05 00:00:00+00:00
[2024-11-01T11:45:00.703+0000] {processor.py:208} INFO - Processing /home/airflow/.local/lib/python3.12/site-packages/airflow/example_dags/example_workday_timetable.py took 0.083 seconds
[2024-11-01T11:45:31.197+0000] {processor.py:186} INFO - Started process (PID=2665) to work on /home/airflow/.local/lib/python3.12/site-packages/airflow/example_dags/example_workday_timetable.py
[2024-11-01T11:45:31.198+0000] {processor.py:914} INFO - Processing file /home/airflow/.local/lib/python3.12/site-packages/airflow/example_dags/example_workday_timetable.py for tasks to queue
[2024-11-01T11:45:31.199+0000] {logging_mixin.py:190} INFO - [2024-11-01T11:45:31.199+0000] {dagbag.py:588} INFO - Filling up the DagBag from /home/airflow/.local/lib/python3.12/site-packages/airflow/example_dags/example_workday_timetable.py
[2024-11-01T11:45:31.203+0000] {processor.py:925} INFO - DAG(s) 'example_workday_timetable' retrieved from /home/airflow/.local/lib/python3.12/site-packages/airflow/example_dags/example_workday_timetable.py
[2024-11-01T11:45:31.215+0000] {logging_mixin.py:190} INFO - [2024-11-01T11:45:31.215+0000] {dag.py:3239} INFO - Sync 1 DAGs
[2024-11-01T11:45:31.254+0000] {logging_mixin.py:190} INFO - [2024-11-01T11:45:31.254+0000] {dag.py:4180} INFO - Setting next_dagrun for example_workday_timetable to 2021-01-04 00:00:00+00:00, run_after=2021-01-05 00:00:00+00:00
[2024-11-01T11:45:31.268+0000] {processor.py:208} INFO - Processing /home/airflow/.local/lib/python3.12/site-packages/airflow/example_dags/example_workday_timetable.py took 0.075 seconds
[2024-11-01T11:46:01.682+0000] {processor.py:186} INFO - Started process (PID=2730) to work on /home/airflow/.local/lib/python3.12/site-packages/airflow/example_dags/example_workday_timetable.py
[2024-11-01T11:46:01.682+0000] {processor.py:914} INFO - Processing file /home/airflow/.local/lib/python3.12/site-packages/airflow/example_dags/example_workday_timetable.py for tasks to queue
[2024-11-01T11:46:01.683+0000] {logging_mixin.py:190} INFO - [2024-11-01T11:46:01.683+0000] {dagbag.py:588} INFO - Filling up the DagBag from /home/airflow/.local/lib/python3.12/site-packages/airflow/example_dags/example_workday_timetable.py
[2024-11-01T11:46:01.687+0000] {processor.py:925} INFO - DAG(s) 'example_workday_timetable' retrieved from /home/airflow/.local/lib/python3.12/site-packages/airflow/example_dags/example_workday_timetable.py
[2024-11-01T11:46:01.698+0000] {logging_mixin.py:190} INFO - [2024-11-01T11:46:01.698+0000] {dag.py:3239} INFO - Sync 1 DAGs
[2024-11-01T11:46:01.733+0000] {logging_mixin.py:190} INFO - [2024-11-01T11:46:01.733+0000] {dag.py:4180} INFO - Setting next_dagrun for example_workday_timetable to 2021-01-04 00:00:00+00:00, run_after=2021-01-05 00:00:00+00:00
[2024-11-01T11:46:01.746+0000] {processor.py:208} INFO - Processing /home/airflow/.local/lib/python3.12/site-packages/airflow/example_dags/example_workday_timetable.py took 0.067 seconds
[2024-11-01T11:46:31.848+0000] {processor.py:186} INFO - Started process (PID=2794) to work on /home/airflow/.local/lib/python3.12/site-packages/airflow/example_dags/example_workday_timetable.py
[2024-11-01T11:46:31.849+0000] {processor.py:914} INFO - Processing file /home/airflow/.local/lib/python3.12/site-packages/airflow/example_dags/example_workday_timetable.py for tasks to queue
[2024-11-01T11:46:31.850+0000] {logging_mixin.py:190} INFO - [2024-11-01T11:46:31.850+0000] {dagbag.py:588} INFO - Filling up the DagBag from /home/airflow/.local/lib/python3.12/site-packages/airflow/example_dags/example_workday_timetable.py
[2024-11-01T11:46:31.854+0000] {processor.py:925} INFO - DAG(s) 'example_workday_timetable' retrieved from /home/airflow/.local/lib/python3.12/site-packages/airflow/example_dags/example_workday_timetable.py
[2024-11-01T11:46:31.867+0000] {logging_mixin.py:190} INFO - [2024-11-01T11:46:31.867+0000] {dag.py:3239} INFO - Sync 1 DAGs
[2024-11-01T11:46:31.907+0000] {logging_mixin.py:190} INFO - [2024-11-01T11:46:31.907+0000] {dag.py:4180} INFO - Setting next_dagrun for example_workday_timetable to 2021-01-04 00:00:00+00:00, run_after=2021-01-05 00:00:00+00:00
[2024-11-01T11:46:31.921+0000] {processor.py:208} INFO - Processing /home/airflow/.local/lib/python3.12/site-packages/airflow/example_dags/example_workday_timetable.py took 0.077 seconds
[2024-11-01T11:47:02.536+0000] {processor.py:186} INFO - Started process (PID=2859) to work on /home/airflow/.local/lib/python3.12/site-packages/airflow/example_dags/example_workday_timetable.py
[2024-11-01T11:47:02.537+0000] {processor.py:914} INFO - Processing file /home/airflow/.local/lib/python3.12/site-packages/airflow/example_dags/example_workday_timetable.py for tasks to queue
[2024-11-01T11:47:02.539+0000] {logging_mixin.py:190} INFO - [2024-11-01T11:47:02.538+0000] {dagbag.py:588} INFO - Filling up the DagBag from /home/airflow/.local/lib/python3.12/site-packages/airflow/example_dags/example_workday_timetable.py
[2024-11-01T11:47:02.542+0000] {processor.py:925} INFO - DAG(s) 'example_workday_timetable' retrieved from /home/airflow/.local/lib/python3.12/site-packages/airflow/example_dags/example_workday_timetable.py
[2024-11-01T11:47:02.554+0000] {logging_mixin.py:190} INFO - [2024-11-01T11:47:02.554+0000] {dag.py:3239} INFO - Sync 1 DAGs
[2024-11-01T11:47:02.593+0000] {logging_mixin.py:190} INFO - [2024-11-01T11:47:02.593+0000] {dag.py:4180} INFO - Setting next_dagrun for example_workday_timetable to 2021-01-04 00:00:00+00:00, run_after=2021-01-05 00:00:00+00:00
[2024-11-01T11:47:02.607+0000] {processor.py:208} INFO - Processing /home/airflow/.local/lib/python3.12/site-packages/airflow/example_dags/example_workday_timetable.py took 0.075 seconds
[2024-11-01T11:47:33.269+0000] {processor.py:186} INFO - Started process (PID=2924) to work on /home/airflow/.local/lib/python3.12/site-packages/airflow/example_dags/example_workday_timetable.py
[2024-11-01T11:47:33.270+0000] {processor.py:914} INFO - Processing file /home/airflow/.local/lib/python3.12/site-packages/airflow/example_dags/example_workday_timetable.py for tasks to queue
[2024-11-01T11:47:33.271+0000] {logging_mixin.py:190} INFO - [2024-11-01T11:47:33.271+0000] {dagbag.py:588} INFO - Filling up the DagBag from /home/airflow/.local/lib/python3.12/site-packages/airflow/example_dags/example_workday_timetable.py
[2024-11-01T11:47:33.275+0000] {processor.py:925} INFO - DAG(s) 'example_workday_timetable' retrieved from /home/airflow/.local/lib/python3.12/site-packages/airflow/example_dags/example_workday_timetable.py
[2024-11-01T11:47:33.287+0000] {logging_mixin.py:190} INFO - [2024-11-01T11:47:33.286+0000] {dag.py:3239} INFO - Sync 1 DAGs
[2024-11-01T11:47:33.326+0000] {logging_mixin.py:190} INFO - [2024-11-01T11:47:33.326+0000] {dag.py:4180} INFO - Setting next_dagrun for example_workday_timetable to 2021-01-04 00:00:00+00:00, run_after=2021-01-05 00:00:00+00:00
[2024-11-01T11:47:33.340+0000] {processor.py:208} INFO - Processing /home/airflow/.local/lib/python3.12/site-packages/airflow/example_dags/example_workday_timetable.py took 0.075 seconds
[2024-11-01T11:48:03.558+0000] {processor.py:186} INFO - Started process (PID=2989) to work on /home/airflow/.local/lib/python3.12/site-packages/airflow/example_dags/example_workday_timetable.py
[2024-11-01T11:48:03.559+0000] {processor.py:914} INFO - Processing file /home/airflow/.local/lib/python3.12/site-packages/airflow/example_dags/example_workday_timetable.py for tasks to queue
[2024-11-01T11:48:03.561+0000] {logging_mixin.py:190} INFO - [2024-11-01T11:48:03.560+0000] {dagbag.py:588} INFO - Filling up the DagBag from /home/airflow/.local/lib/python3.12/site-packages/airflow/example_dags/example_workday_timetable.py
[2024-11-01T11:48:03.564+0000] {processor.py:925} INFO - DAG(s) 'example_workday_timetable' retrieved from /home/airflow/.local/lib/python3.12/site-packages/airflow/example_dags/example_workday_timetable.py
[2024-11-01T11:48:03.576+0000] {logging_mixin.py:190} INFO - [2024-11-01T11:48:03.576+0000] {dag.py:3239} INFO - Sync 1 DAGs
[2024-11-01T11:48:03.616+0000] {logging_mixin.py:190} INFO - [2024-11-01T11:48:03.616+0000] {dag.py:4180} INFO - Setting next_dagrun for example_workday_timetable to 2021-01-04 00:00:00+00:00, run_after=2021-01-05 00:00:00+00:00
[2024-11-01T11:48:03.630+0000] {processor.py:208} INFO - Processing /home/airflow/.local/lib/python3.12/site-packages/airflow/example_dags/example_workday_timetable.py took 0.075 seconds
[2024-11-01T11:48:34.301+0000] {processor.py:186} INFO - Started process (PID=3054) to work on /home/airflow/.local/lib/python3.12/site-packages/airflow/example_dags/example_workday_timetable.py
[2024-11-01T11:48:34.302+0000] {processor.py:914} INFO - Processing file /home/airflow/.local/lib/python3.12/site-packages/airflow/example_dags/example_workday_timetable.py for tasks to queue
[2024-11-01T11:48:34.304+0000] {logging_mixin.py:190} INFO - [2024-11-01T11:48:34.303+0000] {dagbag.py:588} INFO - Filling up the DagBag from /home/airflow/.local/lib/python3.12/site-packages/airflow/example_dags/example_workday_timetable.py
[2024-11-01T11:48:34.307+0000] {processor.py:925} INFO - DAG(s) 'example_workday_timetable' retrieved from /home/airflow/.local/lib/python3.12/site-packages/airflow/example_dags/example_workday_timetable.py
[2024-11-01T11:48:34.319+0000] {logging_mixin.py:190} INFO - [2024-11-01T11:48:34.319+0000] {dag.py:3239} INFO - Sync 1 DAGs
[2024-11-01T11:48:34.359+0000] {logging_mixin.py:190} INFO - [2024-11-01T11:48:34.358+0000] {dag.py:4180} INFO - Setting next_dagrun for example_workday_timetable to 2021-01-04 00:00:00+00:00, run_after=2021-01-05 00:00:00+00:00
[2024-11-01T11:48:34.373+0000] {processor.py:208} INFO - Processing /home/airflow/.local/lib/python3.12/site-packages/airflow/example_dags/example_workday_timetable.py took 0.076 seconds
[2024-11-01T11:49:05.133+0000] {processor.py:186} INFO - Started process (PID=3119) to work on /home/airflow/.local/lib/python3.12/site-packages/airflow/example_dags/example_workday_timetable.py
[2024-11-01T11:49:05.133+0000] {processor.py:914} INFO - Processing file /home/airflow/.local/lib/python3.12/site-packages/airflow/example_dags/example_workday_timetable.py for tasks to queue
[2024-11-01T11:49:05.135+0000] {logging_mixin.py:190} INFO - [2024-11-01T11:49:05.135+0000] {dagbag.py:588} INFO - Filling up the DagBag from /home/airflow/.local/lib/python3.12/site-packages/airflow/example_dags/example_workday_timetable.py
[2024-11-01T11:49:05.138+0000] {processor.py:925} INFO - DAG(s) 'example_workday_timetable' retrieved from /home/airflow/.local/lib/python3.12/site-packages/airflow/example_dags/example_workday_timetable.py
[2024-11-01T11:49:05.152+0000] {logging_mixin.py:190} INFO - [2024-11-01T11:49:05.151+0000] {dag.py:3239} INFO - Sync 1 DAGs
[2024-11-01T11:49:05.193+0000] {logging_mixin.py:190} INFO - [2024-11-01T11:49:05.192+0000] {dag.py:4180} INFO - Setting next_dagrun for example_workday_timetable to 2021-01-04 00:00:00+00:00, run_after=2021-01-05 00:00:00+00:00
[2024-11-01T11:49:05.206+0000] {processor.py:208} INFO - Processing /home/airflow/.local/lib/python3.12/site-packages/airflow/example_dags/example_workday_timetable.py took 0.078 seconds
[2024-11-01T11:49:35.563+0000] {processor.py:186} INFO - Started process (PID=3184) to work on /home/airflow/.local/lib/python3.12/site-packages/airflow/example_dags/example_workday_timetable.py
[2024-11-01T11:49:35.564+0000] {processor.py:914} INFO - Processing file /home/airflow/.local/lib/python3.12/site-packages/airflow/example_dags/example_workday_timetable.py for tasks to queue
[2024-11-01T11:49:35.565+0000] {logging_mixin.py:190} INFO - [2024-11-01T11:49:35.565+0000] {dagbag.py:588} INFO - Filling up the DagBag from /home/airflow/.local/lib/python3.12/site-packages/airflow/example_dags/example_workday_timetable.py
[2024-11-01T11:49:35.569+0000] {processor.py:925} INFO - DAG(s) 'example_workday_timetable' retrieved from /home/airflow/.local/lib/python3.12/site-packages/airflow/example_dags/example_workday_timetable.py
[2024-11-01T11:49:35.581+0000] {logging_mixin.py:190} INFO - [2024-11-01T11:49:35.581+0000] {dag.py:3239} INFO - Sync 1 DAGs
[2024-11-01T11:49:35.624+0000] {logging_mixin.py:190} INFO - [2024-11-01T11:49:35.624+0000] {dag.py:4180} INFO - Setting next_dagrun for example_workday_timetable to 2021-01-04 00:00:00+00:00, run_after=2021-01-05 00:00:00+00:00
[2024-11-01T11:49:35.640+0000] {processor.py:208} INFO - Processing /home/airflow/.local/lib/python3.12/site-packages/airflow/example_dags/example_workday_timetable.py took 0.080 seconds
[2024-11-01T11:50:06.122+0000] {processor.py:186} INFO - Started process (PID=3249) to work on /home/airflow/.local/lib/python3.12/site-packages/airflow/example_dags/example_workday_timetable.py
[2024-11-01T11:50:06.123+0000] {processor.py:914} INFO - Processing file /home/airflow/.local/lib/python3.12/site-packages/airflow/example_dags/example_workday_timetable.py for tasks to queue
[2024-11-01T11:50:06.125+0000] {logging_mixin.py:190} INFO - [2024-11-01T11:50:06.124+0000] {dagbag.py:588} INFO - Filling up the DagBag from /home/airflow/.local/lib/python3.12/site-packages/airflow/example_dags/example_workday_timetable.py
[2024-11-01T11:50:06.128+0000] {processor.py:925} INFO - DAG(s) 'example_workday_timetable' retrieved from /home/airflow/.local/lib/python3.12/site-packages/airflow/example_dags/example_workday_timetable.py
[2024-11-01T11:50:06.144+0000] {logging_mixin.py:190} INFO - [2024-11-01T11:50:06.143+0000] {dag.py:3239} INFO - Sync 1 DAGs
[2024-11-01T11:50:06.192+0000] {logging_mixin.py:190} INFO - [2024-11-01T11:50:06.192+0000] {dag.py:4180} INFO - Setting next_dagrun for example_workday_timetable to 2021-01-04 00:00:00+00:00, run_after=2021-01-05 00:00:00+00:00
[2024-11-01T11:50:06.206+0000] {processor.py:208} INFO - Processing /home/airflow/.local/lib/python3.12/site-packages/airflow/example_dags/example_workday_timetable.py took 0.088 seconds
[2024-11-01T11:50:36.635+0000] {processor.py:186} INFO - Started process (PID=3314) to work on /home/airflow/.local/lib/python3.12/site-packages/airflow/example_dags/example_workday_timetable.py
[2024-11-01T11:50:36.635+0000] {processor.py:914} INFO - Processing file /home/airflow/.local/lib/python3.12/site-packages/airflow/example_dags/example_workday_timetable.py for tasks to queue
[2024-11-01T11:50:36.637+0000] {logging_mixin.py:190} INFO - [2024-11-01T11:50:36.636+0000] {dagbag.py:588} INFO - Filling up the DagBag from /home/airflow/.local/lib/python3.12/site-packages/airflow/example_dags/example_workday_timetable.py
[2024-11-01T11:50:36.640+0000] {processor.py:925} INFO - DAG(s) 'example_workday_timetable' retrieved from /home/airflow/.local/lib/python3.12/site-packages/airflow/example_dags/example_workday_timetable.py
[2024-11-01T11:50:36.651+0000] {logging_mixin.py:190} INFO - [2024-11-01T11:50:36.651+0000] {dag.py:3239} INFO - Sync 1 DAGs
[2024-11-01T11:50:36.692+0000] {logging_mixin.py:190} INFO - [2024-11-01T11:50:36.692+0000] {dag.py:4180} INFO - Setting next_dagrun for example_workday_timetable to 2021-01-04 00:00:00+00:00, run_after=2021-01-05 00:00:00+00:00
[2024-11-01T11:50:36.706+0000] {processor.py:208} INFO - Processing /home/airflow/.local/lib/python3.12/site-packages/airflow/example_dags/example_workday_timetable.py took 0.075 seconds
[2024-11-01T11:51:07.497+0000] {processor.py:186} INFO - Started process (PID=3379) to work on /home/airflow/.local/lib/python3.12/site-packages/airflow/example_dags/example_workday_timetable.py
[2024-11-01T11:51:07.498+0000] {processor.py:914} INFO - Processing file /home/airflow/.local/lib/python3.12/site-packages/airflow/example_dags/example_workday_timetable.py for tasks to queue
[2024-11-01T11:51:07.499+0000] {logging_mixin.py:190} INFO - [2024-11-01T11:51:07.499+0000] {dagbag.py:588} INFO - Filling up the DagBag from /home/airflow/.local/lib/python3.12/site-packages/airflow/example_dags/example_workday_timetable.py
[2024-11-01T11:51:07.503+0000] {processor.py:925} INFO - DAG(s) 'example_workday_timetable' retrieved from /home/airflow/.local/lib/python3.12/site-packages/airflow/example_dags/example_workday_timetable.py
[2024-11-01T11:51:07.515+0000] {logging_mixin.py:190} INFO - [2024-11-01T11:51:07.515+0000] {dag.py:3239} INFO - Sync 1 DAGs
[2024-11-01T11:51:07.557+0000] {logging_mixin.py:190} INFO - [2024-11-01T11:51:07.557+0000] {dag.py:4180} INFO - Setting next_dagrun for example_workday_timetable to 2021-01-04 00:00:00+00:00, run_after=2021-01-05 00:00:00+00:00
[2024-11-01T11:51:07.571+0000] {processor.py:208} INFO - Processing /home/airflow/.local/lib/python3.12/site-packages/airflow/example_dags/example_workday_timetable.py took 0.078 seconds
[2024-11-01T11:51:37.934+0000] {processor.py:186} INFO - Started process (PID=3444) to work on /home/airflow/.local/lib/python3.12/site-packages/airflow/example_dags/example_workday_timetable.py
[2024-11-01T11:51:37.935+0000] {processor.py:914} INFO - Processing file /home/airflow/.local/lib/python3.12/site-packages/airflow/example_dags/example_workday_timetable.py for tasks to queue
[2024-11-01T11:51:37.937+0000] {logging_mixin.py:190} INFO - [2024-11-01T11:51:37.937+0000] {dagbag.py:588} INFO - Filling up the DagBag from /home/airflow/.local/lib/python3.12/site-packages/airflow/example_dags/example_workday_timetable.py
[2024-11-01T11:51:37.940+0000] {processor.py:925} INFO - DAG(s) 'example_workday_timetable' retrieved from /home/airflow/.local/lib/python3.12/site-packages/airflow/example_dags/example_workday_timetable.py
[2024-11-01T11:51:37.952+0000] {logging_mixin.py:190} INFO - [2024-11-01T11:51:37.952+0000] {dag.py:3239} INFO - Sync 1 DAGs
[2024-11-01T11:51:37.991+0000] {logging_mixin.py:190} INFO - [2024-11-01T11:51:37.991+0000] {dag.py:4180} INFO - Setting next_dagrun for example_workday_timetable to 2021-01-04 00:00:00+00:00, run_after=2021-01-05 00:00:00+00:00
[2024-11-01T11:51:38.006+0000] {processor.py:208} INFO - Processing /home/airflow/.local/lib/python3.12/site-packages/airflow/example_dags/example_workday_timetable.py took 0.075 seconds
[2024-11-01T11:52:08.390+0000] {processor.py:186} INFO - Started process (PID=3509) to work on /home/airflow/.local/lib/python3.12/site-packages/airflow/example_dags/example_workday_timetable.py
[2024-11-01T11:52:08.391+0000] {processor.py:914} INFO - Processing file /home/airflow/.local/lib/python3.12/site-packages/airflow/example_dags/example_workday_timetable.py for tasks to queue
[2024-11-01T11:52:08.392+0000] {logging_mixin.py:190} INFO - [2024-11-01T11:52:08.392+0000] {dagbag.py:588} INFO - Filling up the DagBag from /home/airflow/.local/lib/python3.12/site-packages/airflow/example_dags/example_workday_timetable.py
[2024-11-01T11:52:08.397+0000] {processor.py:925} INFO - DAG(s) 'example_workday_timetable' retrieved from /home/airflow/.local/lib/python3.12/site-packages/airflow/example_dags/example_workday_timetable.py
[2024-11-01T11:52:08.411+0000] {logging_mixin.py:190} INFO - [2024-11-01T11:52:08.411+0000] {dag.py:3239} INFO - Sync 1 DAGs
[2024-11-01T11:52:08.453+0000] {logging_mixin.py:190} INFO - [2024-11-01T11:52:08.452+0000] {dag.py:4180} INFO - Setting next_dagrun for example_workday_timetable to 2021-01-04 00:00:00+00:00, run_after=2021-01-05 00:00:00+00:00
[2024-11-01T11:52:08.466+0000] {processor.py:208} INFO - Processing /home/airflow/.local/lib/python3.12/site-packages/airflow/example_dags/example_workday_timetable.py took 0.080 seconds
[2024-11-01T11:52:38.899+0000] {processor.py:186} INFO - Started process (PID=3574) to work on /home/airflow/.local/lib/python3.12/site-packages/airflow/example_dags/example_workday_timetable.py
[2024-11-01T11:52:38.899+0000] {processor.py:914} INFO - Processing file /home/airflow/.local/lib/python3.12/site-packages/airflow/example_dags/example_workday_timetable.py for tasks to queue
[2024-11-01T11:52:38.900+0000] {logging_mixin.py:190} INFO - [2024-11-01T11:52:38.900+0000] {dagbag.py:588} INFO - Filling up the DagBag from /home/airflow/.local/lib/python3.12/site-packages/airflow/example_dags/example_workday_timetable.py
[2024-11-01T11:52:38.904+0000] {processor.py:925} INFO - DAG(s) 'example_workday_timetable' retrieved from /home/airflow/.local/lib/python3.12/site-packages/airflow/example_dags/example_workday_timetable.py
[2024-11-01T11:52:38.915+0000] {logging_mixin.py:190} INFO - [2024-11-01T11:52:38.915+0000] {dag.py:3239} INFO - Sync 1 DAGs
[2024-11-01T11:52:38.956+0000] {logging_mixin.py:190} INFO - [2024-11-01T11:52:38.956+0000] {dag.py:4180} INFO - Setting next_dagrun for example_workday_timetable to 2021-01-04 00:00:00+00:00, run_after=2021-01-05 00:00:00+00:00
[2024-11-01T11:52:38.970+0000] {processor.py:208} INFO - Processing /home/airflow/.local/lib/python3.12/site-packages/airflow/example_dags/example_workday_timetable.py took 0.075 seconds
[2024-11-01T11:53:09.338+0000] {processor.py:186} INFO - Started process (PID=3639) to work on /home/airflow/.local/lib/python3.12/site-packages/airflow/example_dags/example_workday_timetable.py
[2024-11-01T11:53:09.339+0000] {processor.py:914} INFO - Processing file /home/airflow/.local/lib/python3.12/site-packages/airflow/example_dags/example_workday_timetable.py for tasks to queue
[2024-11-01T11:53:09.340+0000] {logging_mixin.py:190} INFO - [2024-11-01T11:53:09.340+0000] {dagbag.py:588} INFO - Filling up the DagBag from /home/airflow/.local/lib/python3.12/site-packages/airflow/example_dags/example_workday_timetable.py
[2024-11-01T11:53:09.343+0000] {processor.py:925} INFO - DAG(s) 'example_workday_timetable' retrieved from /home/airflow/.local/lib/python3.12/site-packages/airflow/example_dags/example_workday_timetable.py
[2024-11-01T11:53:09.355+0000] {logging_mixin.py:190} INFO - [2024-11-01T11:53:09.355+0000] {dag.py:3239} INFO - Sync 1 DAGs
[2024-11-01T11:53:09.396+0000] {logging_mixin.py:190} INFO - [2024-11-01T11:53:09.395+0000] {dag.py:4180} INFO - Setting next_dagrun for example_workday_timetable to 2021-01-04 00:00:00+00:00, run_after=2021-01-05 00:00:00+00:00
[2024-11-01T11:53:09.410+0000] {processor.py:208} INFO - Processing /home/airflow/.local/lib/python3.12/site-packages/airflow/example_dags/example_workday_timetable.py took 0.076 seconds
[2024-11-01T11:53:39.735+0000] {processor.py:186} INFO - Started process (PID=3704) to work on /home/airflow/.local/lib/python3.12/site-packages/airflow/example_dags/example_workday_timetable.py
[2024-11-01T11:53:39.736+0000] {processor.py:914} INFO - Processing file /home/airflow/.local/lib/python3.12/site-packages/airflow/example_dags/example_workday_timetable.py for tasks to queue
[2024-11-01T11:53:39.737+0000] {logging_mixin.py:190} INFO - [2024-11-01T11:53:39.737+0000] {dagbag.py:588} INFO - Filling up the DagBag from /home/airflow/.local/lib/python3.12/site-packages/airflow/example_dags/example_workday_timetable.py
[2024-11-01T11:53:39.741+0000] {processor.py:925} INFO - DAG(s) 'example_workday_timetable' retrieved from /home/airflow/.local/lib/python3.12/site-packages/airflow/example_dags/example_workday_timetable.py
[2024-11-01T11:53:39.752+0000] {logging_mixin.py:190} INFO - [2024-11-01T11:53:39.752+0000] {dag.py:3239} INFO - Sync 1 DAGs
[2024-11-01T11:53:39.794+0000] {logging_mixin.py:190} INFO - [2024-11-01T11:53:39.793+0000] {dag.py:4180} INFO - Setting next_dagrun for example_workday_timetable to 2021-01-04 00:00:00+00:00, run_after=2021-01-05 00:00:00+00:00
[2024-11-01T11:53:39.807+0000] {processor.py:208} INFO - Processing /home/airflow/.local/lib/python3.12/site-packages/airflow/example_dags/example_workday_timetable.py took 0.076 seconds
[2024-11-01T11:54:10.197+0000] {processor.py:186} INFO - Started process (PID=3769) to work on /home/airflow/.local/lib/python3.12/site-packages/airflow/example_dags/example_workday_timetable.py
[2024-11-01T11:54:10.198+0000] {processor.py:914} INFO - Processing file /home/airflow/.local/lib/python3.12/site-packages/airflow/example_dags/example_workday_timetable.py for tasks to queue
[2024-11-01T11:54:10.199+0000] {logging_mixin.py:190} INFO - [2024-11-01T11:54:10.199+0000] {dagbag.py:588} INFO - Filling up the DagBag from /home/airflow/.local/lib/python3.12/site-packages/airflow/example_dags/example_workday_timetable.py
[2024-11-01T11:54:10.202+0000] {processor.py:925} INFO - DAG(s) 'example_workday_timetable' retrieved from /home/airflow/.local/lib/python3.12/site-packages/airflow/example_dags/example_workday_timetable.py
[2024-11-01T11:54:10.215+0000] {logging_mixin.py:190} INFO - [2024-11-01T11:54:10.214+0000] {dag.py:3239} INFO - Sync 1 DAGs
[2024-11-01T11:54:10.254+0000] {logging_mixin.py:190} INFO - [2024-11-01T11:54:10.253+0000] {dag.py:4180} INFO - Setting next_dagrun for example_workday_timetable to 2021-01-04 00:00:00+00:00, run_after=2021-01-05 00:00:00+00:00
[2024-11-01T11:54:10.269+0000] {processor.py:208} INFO - Processing /home/airflow/.local/lib/python3.12/site-packages/airflow/example_dags/example_workday_timetable.py took 0.076 seconds
[2024-11-01T11:54:40.609+0000] {processor.py:186} INFO - Started process (PID=3834) to work on /home/airflow/.local/lib/python3.12/site-packages/airflow/example_dags/example_workday_timetable.py
[2024-11-01T11:54:40.610+0000] {processor.py:914} INFO - Processing file /home/airflow/.local/lib/python3.12/site-packages/airflow/example_dags/example_workday_timetable.py for tasks to queue
[2024-11-01T11:54:40.611+0000] {logging_mixin.py:190} INFO - [2024-11-01T11:54:40.611+0000] {dagbag.py:588} INFO - Filling up the DagBag from /home/airflow/.local/lib/python3.12/site-packages/airflow/example_dags/example_workday_timetable.py
[2024-11-01T11:54:40.615+0000] {processor.py:925} INFO - DAG(s) 'example_workday_timetable' retrieved from /home/airflow/.local/lib/python3.12/site-packages/airflow/example_dags/example_workday_timetable.py
[2024-11-01T11:54:40.627+0000] {logging_mixin.py:190} INFO - [2024-11-01T11:54:40.627+0000] {dag.py:3239} INFO - Sync 1 DAGs
[2024-11-01T11:54:40.670+0000] {logging_mixin.py:190} INFO - [2024-11-01T11:54:40.670+0000] {dag.py:4180} INFO - Setting next_dagrun for example_workday_timetable to 2021-01-04 00:00:00+00:00, run_after=2021-01-05 00:00:00+00:00
[2024-11-01T11:54:40.685+0000] {processor.py:208} INFO - Processing /home/airflow/.local/lib/python3.12/site-packages/airflow/example_dags/example_workday_timetable.py took 0.080 seconds
[2024-11-01T11:55:11.176+0000] {processor.py:186} INFO - Started process (PID=3899) to work on /home/airflow/.local/lib/python3.12/site-packages/airflow/example_dags/example_workday_timetable.py
[2024-11-01T11:55:11.176+0000] {processor.py:914} INFO - Processing file /home/airflow/.local/lib/python3.12/site-packages/airflow/example_dags/example_workday_timetable.py for tasks to queue
[2024-11-01T11:55:11.178+0000] {logging_mixin.py:190} INFO - [2024-11-01T11:55:11.177+0000] {dagbag.py:588} INFO - Filling up the DagBag from /home/airflow/.local/lib/python3.12/site-packages/airflow/example_dags/example_workday_timetable.py
[2024-11-01T11:55:11.181+0000] {processor.py:925} INFO - DAG(s) 'example_workday_timetable' retrieved from /home/airflow/.local/lib/python3.12/site-packages/airflow/example_dags/example_workday_timetable.py
[2024-11-01T11:55:11.192+0000] {logging_mixin.py:190} INFO - [2024-11-01T11:55:11.192+0000] {dag.py:3239} INFO - Sync 1 DAGs
[2024-11-01T11:55:11.241+0000] {logging_mixin.py:190} INFO - [2024-11-01T11:55:11.241+0000] {dag.py:4180} INFO - Setting next_dagrun for example_workday_timetable to 2021-01-04 00:00:00+00:00, run_after=2021-01-05 00:00:00+00:00
[2024-11-01T11:55:11.256+0000] {processor.py:208} INFO - Processing /home/airflow/.local/lib/python3.12/site-packages/airflow/example_dags/example_workday_timetable.py took 0.084 seconds
[2024-11-01T11:55:41.750+0000] {processor.py:186} INFO - Started process (PID=3964) to work on /home/airflow/.local/lib/python3.12/site-packages/airflow/example_dags/example_workday_timetable.py
[2024-11-01T11:55:41.751+0000] {processor.py:914} INFO - Processing file /home/airflow/.local/lib/python3.12/site-packages/airflow/example_dags/example_workday_timetable.py for tasks to queue
[2024-11-01T11:55:41.753+0000] {logging_mixin.py:190} INFO - [2024-11-01T11:55:41.752+0000] {dagbag.py:588} INFO - Filling up the DagBag from /home/airflow/.local/lib/python3.12/site-packages/airflow/example_dags/example_workday_timetable.py
[2024-11-01T11:55:41.756+0000] {processor.py:925} INFO - DAG(s) 'example_workday_timetable' retrieved from /home/airflow/.local/lib/python3.12/site-packages/airflow/example_dags/example_workday_timetable.py
[2024-11-01T11:55:41.770+0000] {logging_mixin.py:190} INFO - [2024-11-01T11:55:41.769+0000] {dag.py:3239} INFO - Sync 1 DAGs
[2024-11-01T11:55:41.810+0000] {logging_mixin.py:190} INFO - [2024-11-01T11:55:41.810+0000] {dag.py:4180} INFO - Setting next_dagrun for example_workday_timetable to 2021-01-04 00:00:00+00:00, run_after=2021-01-05 00:00:00+00:00
[2024-11-01T11:55:41.825+0000] {processor.py:208} INFO - Processing /home/airflow/.local/lib/python3.12/site-packages/airflow/example_dags/example_workday_timetable.py took 0.078 seconds
[2024-11-01T11:56:12.354+0000] {processor.py:186} INFO - Started process (PID=4030) to work on /home/airflow/.local/lib/python3.12/site-packages/airflow/example_dags/example_workday_timetable.py
[2024-11-01T11:56:12.354+0000] {processor.py:914} INFO - Processing file /home/airflow/.local/lib/python3.12/site-packages/airflow/example_dags/example_workday_timetable.py for tasks to queue
[2024-11-01T11:56:12.356+0000] {logging_mixin.py:190} INFO - [2024-11-01T11:56:12.356+0000] {dagbag.py:588} INFO - Filling up the DagBag from /home/airflow/.local/lib/python3.12/site-packages/airflow/example_dags/example_workday_timetable.py
[2024-11-01T11:56:12.360+0000] {processor.py:925} INFO - DAG(s) 'example_workday_timetable' retrieved from /home/airflow/.local/lib/python3.12/site-packages/airflow/example_dags/example_workday_timetable.py
[2024-11-01T11:56:12.376+0000] {logging_mixin.py:190} INFO - [2024-11-01T11:56:12.376+0000] {dag.py:3239} INFO - Sync 1 DAGs
[2024-11-01T11:56:12.416+0000] {logging_mixin.py:190} INFO - [2024-11-01T11:56:12.416+0000] {dag.py:4180} INFO - Setting next_dagrun for example_workday_timetable to 2021-01-04 00:00:00+00:00, run_after=2021-01-05 00:00:00+00:00
[2024-11-01T11:56:12.429+0000] {processor.py:208} INFO - Processing /home/airflow/.local/lib/python3.12/site-packages/airflow/example_dags/example_workday_timetable.py took 0.080 seconds
[2024-11-01T11:56:42.584+0000] {processor.py:186} INFO - Started process (PID=4094) to work on /home/airflow/.local/lib/python3.12/site-packages/airflow/example_dags/example_workday_timetable.py
[2024-11-01T11:56:42.585+0000] {processor.py:914} INFO - Processing file /home/airflow/.local/lib/python3.12/site-packages/airflow/example_dags/example_workday_timetable.py for tasks to queue
[2024-11-01T11:56:42.586+0000] {logging_mixin.py:190} INFO - [2024-11-01T11:56:42.586+0000] {dagbag.py:588} INFO - Filling up the DagBag from /home/airflow/.local/lib/python3.12/site-packages/airflow/example_dags/example_workday_timetable.py
[2024-11-01T11:56:42.590+0000] {processor.py:925} INFO - DAG(s) 'example_workday_timetable' retrieved from /home/airflow/.local/lib/python3.12/site-packages/airflow/example_dags/example_workday_timetable.py
[2024-11-01T11:56:42.602+0000] {logging_mixin.py:190} INFO - [2024-11-01T11:56:42.602+0000] {dag.py:3239} INFO - Sync 1 DAGs
[2024-11-01T11:56:42.642+0000] {logging_mixin.py:190} INFO - [2024-11-01T11:56:42.642+0000] {dag.py:4180} INFO - Setting next_dagrun for example_workday_timetable to 2021-01-04 00:00:00+00:00, run_after=2021-01-05 00:00:00+00:00
[2024-11-01T11:56:42.656+0000] {processor.py:208} INFO - Processing /home/airflow/.local/lib/python3.12/site-packages/airflow/example_dags/example_workday_timetable.py took 0.075 seconds
[2024-11-01T11:57:13.303+0000] {processor.py:186} INFO - Started process (PID=4159) to work on /home/airflow/.local/lib/python3.12/site-packages/airflow/example_dags/example_workday_timetable.py
[2024-11-01T11:57:13.304+0000] {processor.py:914} INFO - Processing file /home/airflow/.local/lib/python3.12/site-packages/airflow/example_dags/example_workday_timetable.py for tasks to queue
[2024-11-01T11:57:13.306+0000] {logging_mixin.py:190} INFO - [2024-11-01T11:57:13.305+0000] {dagbag.py:588} INFO - Filling up the DagBag from /home/airflow/.local/lib/python3.12/site-packages/airflow/example_dags/example_workday_timetable.py
[2024-11-01T11:57:13.309+0000] {processor.py:925} INFO - DAG(s) 'example_workday_timetable' retrieved from /home/airflow/.local/lib/python3.12/site-packages/airflow/example_dags/example_workday_timetable.py
[2024-11-01T11:57:13.321+0000] {logging_mixin.py:190} INFO - [2024-11-01T11:57:13.321+0000] {dag.py:3239} INFO - Sync 1 DAGs
[2024-11-01T11:57:13.360+0000] {logging_mixin.py:190} INFO - [2024-11-01T11:57:13.360+0000] {dag.py:4180} INFO - Setting next_dagrun for example_workday_timetable to 2021-01-04 00:00:00+00:00, run_after=2021-01-05 00:00:00+00:00
[2024-11-01T11:57:13.374+0000] {processor.py:208} INFO - Processing /home/airflow/.local/lib/python3.12/site-packages/airflow/example_dags/example_workday_timetable.py took 0.075 seconds
[2024-11-01T11:57:43.582+0000] {processor.py:186} INFO - Started process (PID=4224) to work on /home/airflow/.local/lib/python3.12/site-packages/airflow/example_dags/example_workday_timetable.py
[2024-11-01T11:57:43.582+0000] {processor.py:914} INFO - Processing file /home/airflow/.local/lib/python3.12/site-packages/airflow/example_dags/example_workday_timetable.py for tasks to queue
[2024-11-01T11:57:43.584+0000] {logging_mixin.py:190} INFO - [2024-11-01T11:57:43.584+0000] {dagbag.py:588} INFO - Filling up the DagBag from /home/airflow/.local/lib/python3.12/site-packages/airflow/example_dags/example_workday_timetable.py
[2024-11-01T11:57:43.587+0000] {processor.py:925} INFO - DAG(s) 'example_workday_timetable' retrieved from /home/airflow/.local/lib/python3.12/site-packages/airflow/example_dags/example_workday_timetable.py
[2024-11-01T11:57:43.599+0000] {logging_mixin.py:190} INFO - [2024-11-01T11:57:43.599+0000] {dag.py:3239} INFO - Sync 1 DAGs
[2024-11-01T11:57:43.639+0000] {logging_mixin.py:190} INFO - [2024-11-01T11:57:43.639+0000] {dag.py:4180} INFO - Setting next_dagrun for example_workday_timetable to 2021-01-04 00:00:00+00:00, run_after=2021-01-05 00:00:00+00:00
[2024-11-01T11:57:43.656+0000] {processor.py:208} INFO - Processing /home/airflow/.local/lib/python3.12/site-packages/airflow/example_dags/example_workday_timetable.py took 0.078 seconds
[2024-11-01T11:58:14.484+0000] {processor.py:186} INFO - Started process (PID=4289) to work on /home/airflow/.local/lib/python3.12/site-packages/airflow/example_dags/example_workday_timetable.py
[2024-11-01T11:58:14.485+0000] {processor.py:914} INFO - Processing file /home/airflow/.local/lib/python3.12/site-packages/airflow/example_dags/example_workday_timetable.py for tasks to queue
[2024-11-01T11:58:14.486+0000] {logging_mixin.py:190} INFO - [2024-11-01T11:58:14.486+0000] {dagbag.py:588} INFO - Filling up the DagBag from /home/airflow/.local/lib/python3.12/site-packages/airflow/example_dags/example_workday_timetable.py
[2024-11-01T11:58:14.490+0000] {processor.py:925} INFO - DAG(s) 'example_workday_timetable' retrieved from /home/airflow/.local/lib/python3.12/site-packages/airflow/example_dags/example_workday_timetable.py
[2024-11-01T11:58:14.504+0000] {logging_mixin.py:190} INFO - [2024-11-01T11:58:14.504+0000] {dag.py:3239} INFO - Sync 1 DAGs
[2024-11-01T11:58:14.547+0000] {logging_mixin.py:190} INFO - [2024-11-01T11:58:14.546+0000] {dag.py:4180} INFO - Setting next_dagrun for example_workday_timetable to 2021-01-04 00:00:00+00:00, run_after=2021-01-05 00:00:00+00:00
[2024-11-01T11:58:14.561+0000] {processor.py:208} INFO - Processing /home/airflow/.local/lib/python3.12/site-packages/airflow/example_dags/example_workday_timetable.py took 0.081 seconds
[2024-11-01T11:58:44.799+0000] {processor.py:186} INFO - Started process (PID=4354) to work on /home/airflow/.local/lib/python3.12/site-packages/airflow/example_dags/example_workday_timetable.py
[2024-11-01T11:58:44.800+0000] {processor.py:914} INFO - Processing file /home/airflow/.local/lib/python3.12/site-packages/airflow/example_dags/example_workday_timetable.py for tasks to queue
[2024-11-01T11:58:44.802+0000] {logging_mixin.py:190} INFO - [2024-11-01T11:58:44.801+0000] {dagbag.py:588} INFO - Filling up the DagBag from /home/airflow/.local/lib/python3.12/site-packages/airflow/example_dags/example_workday_timetable.py
[2024-11-01T11:58:44.805+0000] {processor.py:925} INFO - DAG(s) 'example_workday_timetable' retrieved from /home/airflow/.local/lib/python3.12/site-packages/airflow/example_dags/example_workday_timetable.py
[2024-11-01T11:58:44.817+0000] {logging_mixin.py:190} INFO - [2024-11-01T11:58:44.817+0000] {dag.py:3239} INFO - Sync 1 DAGs
[2024-11-01T11:58:44.859+0000] {logging_mixin.py:190} INFO - [2024-11-01T11:58:44.859+0000] {dag.py:4180} INFO - Setting next_dagrun for example_workday_timetable to 2021-01-04 00:00:00+00:00, run_after=2021-01-05 00:00:00+00:00
[2024-11-01T11:58:44.873+0000] {processor.py:208} INFO - Processing /home/airflow/.local/lib/python3.12/site-packages/airflow/example_dags/example_workday_timetable.py took 0.078 seconds
[2024-11-01T11:59:15.398+0000] {processor.py:186} INFO - Started process (PID=4419) to work on /home/airflow/.local/lib/python3.12/site-packages/airflow/example_dags/example_workday_timetable.py
[2024-11-01T11:59:15.399+0000] {processor.py:914} INFO - Processing file /home/airflow/.local/lib/python3.12/site-packages/airflow/example_dags/example_workday_timetable.py for tasks to queue
[2024-11-01T11:59:15.401+0000] {logging_mixin.py:190} INFO - [2024-11-01T11:59:15.400+0000] {dagbag.py:588} INFO - Filling up the DagBag from /home/airflow/.local/lib/python3.12/site-packages/airflow/example_dags/example_workday_timetable.py
[2024-11-01T11:59:15.404+0000] {processor.py:925} INFO - DAG(s) 'example_workday_timetable' retrieved from /home/airflow/.local/lib/python3.12/site-packages/airflow/example_dags/example_workday_timetable.py
[2024-11-01T11:59:15.417+0000] {logging_mixin.py:190} INFO - [2024-11-01T11:59:15.417+0000] {dag.py:3239} INFO - Sync 1 DAGs
[2024-11-01T11:59:15.457+0000] {logging_mixin.py:190} INFO - [2024-11-01T11:59:15.457+0000] {dag.py:4180} INFO - Setting next_dagrun for example_workday_timetable to 2021-01-04 00:00:00+00:00, run_after=2021-01-05 00:00:00+00:00
[2024-11-01T11:59:15.472+0000] {processor.py:208} INFO - Processing /home/airflow/.local/lib/python3.12/site-packages/airflow/example_dags/example_workday_timetable.py took 0.077 seconds
[2024-11-01T11:59:46.053+0000] {processor.py:186} INFO - Started process (PID=4484) to work on /home/airflow/.local/lib/python3.12/site-packages/airflow/example_dags/example_workday_timetable.py
[2024-11-01T11:59:46.053+0000] {processor.py:914} INFO - Processing file /home/airflow/.local/lib/python3.12/site-packages/airflow/example_dags/example_workday_timetable.py for tasks to queue
[2024-11-01T11:59:46.055+0000] {logging_mixin.py:190} INFO - [2024-11-01T11:59:46.055+0000] {dagbag.py:588} INFO - Filling up the DagBag from /home/airflow/.local/lib/python3.12/site-packages/airflow/example_dags/example_workday_timetable.py
[2024-11-01T11:59:46.058+0000] {processor.py:925} INFO - DAG(s) 'example_workday_timetable' retrieved from /home/airflow/.local/lib/python3.12/site-packages/airflow/example_dags/example_workday_timetable.py
[2024-11-01T11:59:46.071+0000] {logging_mixin.py:190} INFO - [2024-11-01T11:59:46.071+0000] {dag.py:3239} INFO - Sync 1 DAGs
[2024-11-01T11:59:46.112+0000] {logging_mixin.py:190} INFO - [2024-11-01T11:59:46.111+0000] {dag.py:4180} INFO - Setting next_dagrun for example_workday_timetable to 2021-01-04 00:00:00+00:00, run_after=2021-01-05 00:00:00+00:00
[2024-11-01T11:59:46.126+0000] {processor.py:208} INFO - Processing /home/airflow/.local/lib/python3.12/site-packages/airflow/example_dags/example_workday_timetable.py took 0.078 seconds
[2024-11-01T12:00:16.206+0000] {processor.py:186} INFO - Started process (PID=4549) to work on /home/airflow/.local/lib/python3.12/site-packages/airflow/example_dags/example_workday_timetable.py
[2024-11-01T12:00:16.207+0000] {processor.py:914} INFO - Processing file /home/airflow/.local/lib/python3.12/site-packages/airflow/example_dags/example_workday_timetable.py for tasks to queue
[2024-11-01T12:00:16.208+0000] {logging_mixin.py:190} INFO - [2024-11-01T12:00:16.208+0000] {dagbag.py:588} INFO - Filling up the DagBag from /home/airflow/.local/lib/python3.12/site-packages/airflow/example_dags/example_workday_timetable.py
[2024-11-01T12:00:16.212+0000] {processor.py:925} INFO - DAG(s) 'example_workday_timetable' retrieved from /home/airflow/.local/lib/python3.12/site-packages/airflow/example_dags/example_workday_timetable.py
[2024-11-01T12:00:16.224+0000] {logging_mixin.py:190} INFO - [2024-11-01T12:00:16.223+0000] {dag.py:3239} INFO - Sync 1 DAGs
[2024-11-01T12:00:16.264+0000] {logging_mixin.py:190} INFO - [2024-11-01T12:00:16.263+0000] {dag.py:4180} INFO - Setting next_dagrun for example_workday_timetable to 2021-01-04 00:00:00+00:00, run_after=2021-01-05 00:00:00+00:00
[2024-11-01T12:00:16.277+0000] {processor.py:208} INFO - Processing /home/airflow/.local/lib/python3.12/site-packages/airflow/example_dags/example_workday_timetable.py took 0.075 seconds
[2024-11-01T12:00:46.628+0000] {processor.py:186} INFO - Started process (PID=4614) to work on /home/airflow/.local/lib/python3.12/site-packages/airflow/example_dags/example_workday_timetable.py
[2024-11-01T12:00:46.628+0000] {processor.py:914} INFO - Processing file /home/airflow/.local/lib/python3.12/site-packages/airflow/example_dags/example_workday_timetable.py for tasks to queue
[2024-11-01T12:00:46.630+0000] {logging_mixin.py:190} INFO - [2024-11-01T12:00:46.630+0000] {dagbag.py:588} INFO - Filling up the DagBag from /home/airflow/.local/lib/python3.12/site-packages/airflow/example_dags/example_workday_timetable.py
[2024-11-01T12:00:46.633+0000] {processor.py:925} INFO - DAG(s) 'example_workday_timetable' retrieved from /home/airflow/.local/lib/python3.12/site-packages/airflow/example_dags/example_workday_timetable.py
[2024-11-01T12:00:46.646+0000] {logging_mixin.py:190} INFO - [2024-11-01T12:00:46.645+0000] {dag.py:3239} INFO - Sync 1 DAGs
[2024-11-01T12:00:46.685+0000] {logging_mixin.py:190} INFO - [2024-11-01T12:00:46.685+0000] {dag.py:4180} INFO - Setting next_dagrun for example_workday_timetable to 2021-01-04 00:00:00+00:00, run_after=2021-01-05 00:00:00+00:00
[2024-11-01T12:00:46.699+0000] {processor.py:208} INFO - Processing /home/airflow/.local/lib/python3.12/site-packages/airflow/example_dags/example_workday_timetable.py took 0.075 seconds
[2024-11-01T12:01:17.036+0000] {processor.py:186} INFO - Started process (PID=4679) to work on /home/airflow/.local/lib/python3.12/site-packages/airflow/example_dags/example_workday_timetable.py
[2024-11-01T12:01:17.036+0000] {processor.py:914} INFO - Processing file /home/airflow/.local/lib/python3.12/site-packages/airflow/example_dags/example_workday_timetable.py for tasks to queue
[2024-11-01T12:01:17.038+0000] {logging_mixin.py:190} INFO - [2024-11-01T12:01:17.037+0000] {dagbag.py:588} INFO - Filling up the DagBag from /home/airflow/.local/lib/python3.12/site-packages/airflow/example_dags/example_workday_timetable.py
[2024-11-01T12:01:17.041+0000] {processor.py:925} INFO - DAG(s) 'example_workday_timetable' retrieved from /home/airflow/.local/lib/python3.12/site-packages/airflow/example_dags/example_workday_timetable.py
[2024-11-01T12:01:17.053+0000] {logging_mixin.py:190} INFO - [2024-11-01T12:01:17.053+0000] {dag.py:3239} INFO - Sync 1 DAGs
[2024-11-01T12:01:17.093+0000] {logging_mixin.py:190} INFO - [2024-11-01T12:01:17.093+0000] {dag.py:4180} INFO - Setting next_dagrun for example_workday_timetable to 2021-01-04 00:00:00+00:00, run_after=2021-01-05 00:00:00+00:00
[2024-11-01T12:01:17.107+0000] {processor.py:208} INFO - Processing /home/airflow/.local/lib/python3.12/site-packages/airflow/example_dags/example_workday_timetable.py took 0.075 seconds
[2024-11-01T12:01:47.395+0000] {processor.py:186} INFO - Started process (PID=4744) to work on /home/airflow/.local/lib/python3.12/site-packages/airflow/example_dags/example_workday_timetable.py
[2024-11-01T12:01:47.396+0000] {processor.py:914} INFO - Processing file /home/airflow/.local/lib/python3.12/site-packages/airflow/example_dags/example_workday_timetable.py for tasks to queue
[2024-11-01T12:01:47.397+0000] {logging_mixin.py:190} INFO - [2024-11-01T12:01:47.397+0000] {dagbag.py:588} INFO - Filling up the DagBag from /home/airflow/.local/lib/python3.12/site-packages/airflow/example_dags/example_workday_timetable.py
[2024-11-01T12:01:47.401+0000] {processor.py:925} INFO - DAG(s) 'example_workday_timetable' retrieved from /home/airflow/.local/lib/python3.12/site-packages/airflow/example_dags/example_workday_timetable.py
[2024-11-01T12:01:47.420+0000] {logging_mixin.py:190} INFO - [2024-11-01T12:01:47.420+0000] {dag.py:3239} INFO - Sync 1 DAGs
[2024-11-01T12:01:47.465+0000] {logging_mixin.py:190} INFO - [2024-11-01T12:01:47.464+0000] {dag.py:4180} INFO - Setting next_dagrun for example_workday_timetable to 2021-01-04 00:00:00+00:00, run_after=2021-01-05 00:00:00+00:00
[2024-11-01T12:01:47.483+0000] {processor.py:208} INFO - Processing /home/airflow/.local/lib/python3.12/site-packages/airflow/example_dags/example_workday_timetable.py took 0.093 seconds
[2024-11-01T12:02:17.785+0000] {processor.py:186} INFO - Started process (PID=4816) to work on /home/airflow/.local/lib/python3.12/site-packages/airflow/example_dags/example_workday_timetable.py
[2024-11-01T12:02:17.785+0000] {processor.py:914} INFO - Processing file /home/airflow/.local/lib/python3.12/site-packages/airflow/example_dags/example_workday_timetable.py for tasks to queue
[2024-11-01T12:02:17.787+0000] {logging_mixin.py:190} INFO - [2024-11-01T12:02:17.786+0000] {dagbag.py:588} INFO - Filling up the DagBag from /home/airflow/.local/lib/python3.12/site-packages/airflow/example_dags/example_workday_timetable.py
[2024-11-01T12:02:17.790+0000] {processor.py:925} INFO - DAG(s) 'example_workday_timetable' retrieved from /home/airflow/.local/lib/python3.12/site-packages/airflow/example_dags/example_workday_timetable.py
[2024-11-01T12:02:17.802+0000] {logging_mixin.py:190} INFO - [2024-11-01T12:02:17.802+0000] {dag.py:3239} INFO - Sync 1 DAGs
[2024-11-01T12:02:17.843+0000] {logging_mixin.py:190} INFO - [2024-11-01T12:02:17.843+0000] {dag.py:4180} INFO - Setting next_dagrun for example_workday_timetable to 2021-01-04 00:00:00+00:00, run_after=2021-01-05 00:00:00+00:00
[2024-11-01T12:02:17.858+0000] {processor.py:208} INFO - Processing /home/airflow/.local/lib/python3.12/site-packages/airflow/example_dags/example_workday_timetable.py took 0.077 seconds
[2024-11-01T12:02:48.198+0000] {processor.py:186} INFO - Started process (PID=4881) to work on /home/airflow/.local/lib/python3.12/site-packages/airflow/example_dags/example_workday_timetable.py
[2024-11-01T12:02:48.199+0000] {processor.py:914} INFO - Processing file /home/airflow/.local/lib/python3.12/site-packages/airflow/example_dags/example_workday_timetable.py for tasks to queue
[2024-11-01T12:02:48.201+0000] {logging_mixin.py:190} INFO - [2024-11-01T12:02:48.200+0000] {dagbag.py:588} INFO - Filling up the DagBag from /home/airflow/.local/lib/python3.12/site-packages/airflow/example_dags/example_workday_timetable.py
[2024-11-01T12:02:48.204+0000] {processor.py:925} INFO - DAG(s) 'example_workday_timetable' retrieved from /home/airflow/.local/lib/python3.12/site-packages/airflow/example_dags/example_workday_timetable.py
[2024-11-01T12:02:48.218+0000] {logging_mixin.py:190} INFO - [2024-11-01T12:02:48.218+0000] {dag.py:3239} INFO - Sync 1 DAGs
[2024-11-01T12:02:48.257+0000] {logging_mixin.py:190} INFO - [2024-11-01T12:02:48.257+0000] {dag.py:4180} INFO - Setting next_dagrun for example_workday_timetable to 2021-01-04 00:00:00+00:00, run_after=2021-01-05 00:00:00+00:00
[2024-11-01T12:02:48.272+0000] {processor.py:208} INFO - Processing /home/airflow/.local/lib/python3.12/site-packages/airflow/example_dags/example_workday_timetable.py took 0.077 seconds
[2024-11-01T12:03:18.579+0000] {processor.py:186} INFO - Started process (PID=4946) to work on /home/airflow/.local/lib/python3.12/site-packages/airflow/example_dags/example_workday_timetable.py
[2024-11-01T12:03:18.579+0000] {processor.py:914} INFO - Processing file /home/airflow/.local/lib/python3.12/site-packages/airflow/example_dags/example_workday_timetable.py for tasks to queue
[2024-11-01T12:03:18.581+0000] {logging_mixin.py:190} INFO - [2024-11-01T12:03:18.581+0000] {dagbag.py:588} INFO - Filling up the DagBag from /home/airflow/.local/lib/python3.12/site-packages/airflow/example_dags/example_workday_timetable.py
[2024-11-01T12:03:18.585+0000] {processor.py:925} INFO - DAG(s) 'example_workday_timetable' retrieved from /home/airflow/.local/lib/python3.12/site-packages/airflow/example_dags/example_workday_timetable.py
[2024-11-01T12:03:18.597+0000] {logging_mixin.py:190} INFO - [2024-11-01T12:03:18.597+0000] {dag.py:3239} INFO - Sync 1 DAGs
[2024-11-01T12:03:18.639+0000] {logging_mixin.py:190} INFO - [2024-11-01T12:03:18.639+0000] {dag.py:4180} INFO - Setting next_dagrun for example_workday_timetable to 2021-01-04 00:00:00+00:00, run_after=2021-01-05 00:00:00+00:00
[2024-11-01T12:03:18.654+0000] {processor.py:208} INFO - Processing /home/airflow/.local/lib/python3.12/site-packages/airflow/example_dags/example_workday_timetable.py took 0.079 seconds
[2024-11-01T12:03:49.017+0000] {processor.py:186} INFO - Started process (PID=5012) to work on /home/airflow/.local/lib/python3.12/site-packages/airflow/example_dags/example_workday_timetable.py
[2024-11-01T12:03:49.018+0000] {processor.py:914} INFO - Processing file /home/airflow/.local/lib/python3.12/site-packages/airflow/example_dags/example_workday_timetable.py for tasks to queue
[2024-11-01T12:03:49.019+0000] {logging_mixin.py:190} INFO - [2024-11-01T12:03:49.019+0000] {dagbag.py:588} INFO - Filling up the DagBag from /home/airflow/.local/lib/python3.12/site-packages/airflow/example_dags/example_workday_timetable.py
[2024-11-01T12:03:49.023+0000] {processor.py:925} INFO - DAG(s) 'example_workday_timetable' retrieved from /home/airflow/.local/lib/python3.12/site-packages/airflow/example_dags/example_workday_timetable.py
[2024-11-01T12:03:49.034+0000] {logging_mixin.py:190} INFO - [2024-11-01T12:03:49.034+0000] {dag.py:3239} INFO - Sync 1 DAGs
[2024-11-01T12:03:49.074+0000] {logging_mixin.py:190} INFO - [2024-11-01T12:03:49.074+0000] {dag.py:4180} INFO - Setting next_dagrun for example_workday_timetable to 2021-01-04 00:00:00+00:00, run_after=2021-01-05 00:00:00+00:00
[2024-11-01T12:03:49.089+0000] {processor.py:208} INFO - Processing /home/airflow/.local/lib/python3.12/site-packages/airflow/example_dags/example_workday_timetable.py took 0.076 seconds
[2024-11-01T12:04:19.420+0000] {processor.py:186} INFO - Started process (PID=5077) to work on /home/airflow/.local/lib/python3.12/site-packages/airflow/example_dags/example_workday_timetable.py
[2024-11-01T12:04:19.421+0000] {processor.py:914} INFO - Processing file /home/airflow/.local/lib/python3.12/site-packages/airflow/example_dags/example_workday_timetable.py for tasks to queue
[2024-11-01T12:04:19.422+0000] {logging_mixin.py:190} INFO - [2024-11-01T12:04:19.422+0000] {dagbag.py:588} INFO - Filling up the DagBag from /home/airflow/.local/lib/python3.12/site-packages/airflow/example_dags/example_workday_timetable.py
[2024-11-01T12:04:19.426+0000] {processor.py:925} INFO - DAG(s) 'example_workday_timetable' retrieved from /home/airflow/.local/lib/python3.12/site-packages/airflow/example_dags/example_workday_timetable.py
[2024-11-01T12:04:19.439+0000] {logging_mixin.py:190} INFO - [2024-11-01T12:04:19.439+0000] {dag.py:3239} INFO - Sync 1 DAGs
[2024-11-01T12:04:19.480+0000] {logging_mixin.py:190} INFO - [2024-11-01T12:04:19.480+0000] {dag.py:4180} INFO - Setting next_dagrun for example_workday_timetable to 2021-01-04 00:00:00+00:00, run_after=2021-01-05 00:00:00+00:00
[2024-11-01T12:04:19.495+0000] {processor.py:208} INFO - Processing /home/airflow/.local/lib/python3.12/site-packages/airflow/example_dags/example_workday_timetable.py took 0.079 seconds
[2024-11-01T12:04:49.890+0000] {processor.py:186} INFO - Started process (PID=5142) to work on /home/airflow/.local/lib/python3.12/site-packages/airflow/example_dags/example_workday_timetable.py
[2024-11-01T12:04:49.891+0000] {processor.py:914} INFO - Processing file /home/airflow/.local/lib/python3.12/site-packages/airflow/example_dags/example_workday_timetable.py for tasks to queue
[2024-11-01T12:04:49.892+0000] {logging_mixin.py:190} INFO - [2024-11-01T12:04:49.892+0000] {dagbag.py:588} INFO - Filling up the DagBag from /home/airflow/.local/lib/python3.12/site-packages/airflow/example_dags/example_workday_timetable.py
[2024-11-01T12:04:49.896+0000] {processor.py:925} INFO - DAG(s) 'example_workday_timetable' retrieved from /home/airflow/.local/lib/python3.12/site-packages/airflow/example_dags/example_workday_timetable.py
[2024-11-01T12:04:49.908+0000] {logging_mixin.py:190} INFO - [2024-11-01T12:04:49.908+0000] {dag.py:3239} INFO - Sync 1 DAGs
[2024-11-01T12:04:49.948+0000] {logging_mixin.py:190} INFO - [2024-11-01T12:04:49.948+0000] {dag.py:4180} INFO - Setting next_dagrun for example_workday_timetable to 2021-01-04 00:00:00+00:00, run_after=2021-01-05 00:00:00+00:00
[2024-11-01T12:04:49.962+0000] {processor.py:208} INFO - Processing /home/airflow/.local/lib/python3.12/site-packages/airflow/example_dags/example_workday_timetable.py took 0.076 seconds
[2024-11-01T12:05:20.259+0000] {processor.py:186} INFO - Started process (PID=5207) to work on /home/airflow/.local/lib/python3.12/site-packages/airflow/example_dags/example_workday_timetable.py
[2024-11-01T12:05:20.260+0000] {processor.py:914} INFO - Processing file /home/airflow/.local/lib/python3.12/site-packages/airflow/example_dags/example_workday_timetable.py for tasks to queue
[2024-11-01T12:05:20.262+0000] {logging_mixin.py:190} INFO - [2024-11-01T12:05:20.261+0000] {dagbag.py:588} INFO - Filling up the DagBag from /home/airflow/.local/lib/python3.12/site-packages/airflow/example_dags/example_workday_timetable.py
[2024-11-01T12:05:20.265+0000] {processor.py:925} INFO - DAG(s) 'example_workday_timetable' retrieved from /home/airflow/.local/lib/python3.12/site-packages/airflow/example_dags/example_workday_timetable.py
[2024-11-01T12:05:20.278+0000] {logging_mixin.py:190} INFO - [2024-11-01T12:05:20.278+0000] {dag.py:3239} INFO - Sync 1 DAGs
[2024-11-01T12:05:20.321+0000] {logging_mixin.py:190} INFO - [2024-11-01T12:05:20.321+0000] {dag.py:4180} INFO - Setting next_dagrun for example_workday_timetable to 2021-01-04 00:00:00+00:00, run_after=2021-01-05 00:00:00+00:00
[2024-11-01T12:05:20.336+0000] {processor.py:208} INFO - Processing /home/airflow/.local/lib/python3.12/site-packages/airflow/example_dags/example_workday_timetable.py took 0.081 seconds
[2024-11-01T12:05:50.896+0000] {processor.py:186} INFO - Started process (PID=5272) to work on /home/airflow/.local/lib/python3.12/site-packages/airflow/example_dags/example_workday_timetable.py
[2024-11-01T12:05:50.897+0000] {processor.py:914} INFO - Processing file /home/airflow/.local/lib/python3.12/site-packages/airflow/example_dags/example_workday_timetable.py for tasks to queue
[2024-11-01T12:05:50.899+0000] {logging_mixin.py:190} INFO - [2024-11-01T12:05:50.898+0000] {dagbag.py:588} INFO - Filling up the DagBag from /home/airflow/.local/lib/python3.12/site-packages/airflow/example_dags/example_workday_timetable.py
[2024-11-01T12:05:50.902+0000] {processor.py:925} INFO - DAG(s) 'example_workday_timetable' retrieved from /home/airflow/.local/lib/python3.12/site-packages/airflow/example_dags/example_workday_timetable.py
[2024-11-01T12:05:50.914+0000] {logging_mixin.py:190} INFO - [2024-11-01T12:05:50.914+0000] {dag.py:3239} INFO - Sync 1 DAGs
[2024-11-01T12:05:50.955+0000] {logging_mixin.py:190} INFO - [2024-11-01T12:05:50.955+0000] {dag.py:4180} INFO - Setting next_dagrun for example_workday_timetable to 2021-01-04 00:00:00+00:00, run_after=2021-01-05 00:00:00+00:00
[2024-11-01T12:05:50.970+0000] {processor.py:208} INFO - Processing /home/airflow/.local/lib/python3.12/site-packages/airflow/example_dags/example_workday_timetable.py took 0.078 seconds
[2024-11-01T12:08:57.271+0000] {processor.py:186} INFO - Started process (PID=59) to work on /home/airflow/.local/lib/python3.12/site-packages/airflow/example_dags/example_workday_timetable.py
[2024-11-01T12:08:57.272+0000] {processor.py:914} INFO - Processing file /home/airflow/.local/lib/python3.12/site-packages/airflow/example_dags/example_workday_timetable.py for tasks to queue
[2024-11-01T12:08:57.273+0000] {logging_mixin.py:190} INFO - [2024-11-01T12:08:57.273+0000] {dagbag.py:588} INFO - Filling up the DagBag from /home/airflow/.local/lib/python3.12/site-packages/airflow/example_dags/example_workday_timetable.py
[2024-11-01T12:08:57.277+0000] {processor.py:925} INFO - DAG(s) 'example_workday_timetable' retrieved from /home/airflow/.local/lib/python3.12/site-packages/airflow/example_dags/example_workday_timetable.py
[2024-11-01T12:08:57.288+0000] {logging_mixin.py:190} INFO - [2024-11-01T12:08:57.288+0000] {dag.py:3239} INFO - Sync 1 DAGs
[2024-11-01T12:08:57.333+0000] {logging_mixin.py:190} INFO - [2024-11-01T12:08:57.333+0000] {dag.py:4180} INFO - Setting next_dagrun for example_workday_timetable to 2021-01-04 00:00:00+00:00, run_after=2021-01-05 00:00:00+00:00
[2024-11-01T12:08:57.349+0000] {processor.py:208} INFO - Processing /home/airflow/.local/lib/python3.12/site-packages/airflow/example_dags/example_workday_timetable.py took 0.081 seconds
[2024-11-01T12:09:27.822+0000] {processor.py:186} INFO - Started process (PID=123) to work on /home/airflow/.local/lib/python3.12/site-packages/airflow/example_dags/example_workday_timetable.py
[2024-11-01T12:09:27.825+0000] {processor.py:914} INFO - Processing file /home/airflow/.local/lib/python3.12/site-packages/airflow/example_dags/example_workday_timetable.py for tasks to queue
[2024-11-01T12:09:27.832+0000] {logging_mixin.py:190} INFO - [2024-11-01T12:09:27.831+0000] {dagbag.py:588} INFO - Filling up the DagBag from /home/airflow/.local/lib/python3.12/site-packages/airflow/example_dags/example_workday_timetable.py
[2024-11-01T12:09:27.840+0000] {processor.py:925} INFO - DAG(s) 'example_workday_timetable' retrieved from /home/airflow/.local/lib/python3.12/site-packages/airflow/example_dags/example_workday_timetable.py
[2024-11-01T12:09:27.883+0000] {logging_mixin.py:190} INFO - [2024-11-01T12:09:27.882+0000] {dag.py:3239} INFO - Sync 1 DAGs
[2024-11-01T12:09:27.999+0000] {logging_mixin.py:190} INFO - [2024-11-01T12:09:27.999+0000] {dag.py:4180} INFO - Setting next_dagrun for example_workday_timetable to 2021-01-04 00:00:00+00:00, run_after=2021-01-05 00:00:00+00:00
[2024-11-01T12:09:28.035+0000] {processor.py:208} INFO - Processing /home/airflow/.local/lib/python3.12/site-packages/airflow/example_dags/example_workday_timetable.py took 0.227 seconds
[2024-11-01T12:09:58.418+0000] {processor.py:186} INFO - Started process (PID=188) to work on /home/airflow/.local/lib/python3.12/site-packages/airflow/example_dags/example_workday_timetable.py
[2024-11-01T12:09:58.421+0000] {processor.py:914} INFO - Processing file /home/airflow/.local/lib/python3.12/site-packages/airflow/example_dags/example_workday_timetable.py for tasks to queue
[2024-11-01T12:09:58.426+0000] {logging_mixin.py:190} INFO - [2024-11-01T12:09:58.425+0000] {dagbag.py:588} INFO - Filling up the DagBag from /home/airflow/.local/lib/python3.12/site-packages/airflow/example_dags/example_workday_timetable.py
[2024-11-01T12:09:58.432+0000] {processor.py:925} INFO - DAG(s) 'example_workday_timetable' retrieved from /home/airflow/.local/lib/python3.12/site-packages/airflow/example_dags/example_workday_timetable.py
[2024-11-01T12:09:58.456+0000] {logging_mixin.py:190} INFO - [2024-11-01T12:09:58.455+0000] {dag.py:3239} INFO - Sync 1 DAGs
[2024-11-01T12:09:58.601+0000] {logging_mixin.py:190} INFO - [2024-11-01T12:09:58.601+0000] {dag.py:4180} INFO - Setting next_dagrun for example_workday_timetable to 2021-01-04 00:00:00+00:00, run_after=2021-01-05 00:00:00+00:00
[2024-11-01T12:09:58.639+0000] {processor.py:208} INFO - Processing /home/airflow/.local/lib/python3.12/site-packages/airflow/example_dags/example_workday_timetable.py took 0.232 seconds
[2024-11-01T12:10:29.391+0000] {processor.py:186} INFO - Started process (PID=253) to work on /home/airflow/.local/lib/python3.12/site-packages/airflow/example_dags/example_workday_timetable.py
[2024-11-01T12:10:29.394+0000] {processor.py:914} INFO - Processing file /home/airflow/.local/lib/python3.12/site-packages/airflow/example_dags/example_workday_timetable.py for tasks to queue
[2024-11-01T12:10:29.398+0000] {logging_mixin.py:190} INFO - [2024-11-01T12:10:29.398+0000] {dagbag.py:588} INFO - Filling up the DagBag from /home/airflow/.local/lib/python3.12/site-packages/airflow/example_dags/example_workday_timetable.py
[2024-11-01T12:10:29.406+0000] {processor.py:925} INFO - DAG(s) 'example_workday_timetable' retrieved from /home/airflow/.local/lib/python3.12/site-packages/airflow/example_dags/example_workday_timetable.py
[2024-11-01T12:10:29.429+0000] {logging_mixin.py:190} INFO - [2024-11-01T12:10:29.429+0000] {dag.py:3239} INFO - Sync 1 DAGs
[2024-11-01T12:10:29.546+0000] {logging_mixin.py:190} INFO - [2024-11-01T12:10:29.545+0000] {dag.py:4180} INFO - Setting next_dagrun for example_workday_timetable to 2021-01-04 00:00:00+00:00, run_after=2021-01-05 00:00:00+00:00
[2024-11-01T12:10:29.579+0000] {processor.py:208} INFO - Processing /home/airflow/.local/lib/python3.12/site-packages/airflow/example_dags/example_workday_timetable.py took 0.198 seconds
[2024-11-01T12:11:00.215+0000] {processor.py:186} INFO - Started process (PID=318) to work on /home/airflow/.local/lib/python3.12/site-packages/airflow/example_dags/example_workday_timetable.py
[2024-11-01T12:11:00.216+0000] {processor.py:914} INFO - Processing file /home/airflow/.local/lib/python3.12/site-packages/airflow/example_dags/example_workday_timetable.py for tasks to queue
[2024-11-01T12:11:00.218+0000] {logging_mixin.py:190} INFO - [2024-11-01T12:11:00.218+0000] {dagbag.py:588} INFO - Filling up the DagBag from /home/airflow/.local/lib/python3.12/site-packages/airflow/example_dags/example_workday_timetable.py
[2024-11-01T12:11:00.222+0000] {processor.py:925} INFO - DAG(s) 'example_workday_timetable' retrieved from /home/airflow/.local/lib/python3.12/site-packages/airflow/example_dags/example_workday_timetable.py
[2024-11-01T12:11:00.238+0000] {logging_mixin.py:190} INFO - [2024-11-01T12:11:00.238+0000] {dag.py:3239} INFO - Sync 1 DAGs
[2024-11-01T12:11:00.318+0000] {logging_mixin.py:190} INFO - [2024-11-01T12:11:00.318+0000] {dag.py:4180} INFO - Setting next_dagrun for example_workday_timetable to 2021-01-04 00:00:00+00:00, run_after=2021-01-05 00:00:00+00:00
[2024-11-01T12:11:00.353+0000] {processor.py:208} INFO - Processing /home/airflow/.local/lib/python3.12/site-packages/airflow/example_dags/example_workday_timetable.py took 0.145 seconds
[2024-11-01T12:11:30.762+0000] {processor.py:186} INFO - Started process (PID=384) to work on /home/airflow/.local/lib/python3.12/site-packages/airflow/example_dags/example_workday_timetable.py
[2024-11-01T12:11:30.763+0000] {processor.py:914} INFO - Processing file /home/airflow/.local/lib/python3.12/site-packages/airflow/example_dags/example_workday_timetable.py for tasks to queue
[2024-11-01T12:11:30.764+0000] {logging_mixin.py:190} INFO - [2024-11-01T12:11:30.764+0000] {dagbag.py:588} INFO - Filling up the DagBag from /home/airflow/.local/lib/python3.12/site-packages/airflow/example_dags/example_workday_timetable.py
[2024-11-01T12:11:30.769+0000] {processor.py:925} INFO - DAG(s) 'example_workday_timetable' retrieved from /home/airflow/.local/lib/python3.12/site-packages/airflow/example_dags/example_workday_timetable.py
[2024-11-01T12:11:30.785+0000] {logging_mixin.py:190} INFO - [2024-11-01T12:11:30.784+0000] {dag.py:3239} INFO - Sync 1 DAGs
[2024-11-01T12:11:30.834+0000] {logging_mixin.py:190} INFO - [2024-11-01T12:11:30.834+0000] {dag.py:4180} INFO - Setting next_dagrun for example_workday_timetable to 2021-01-04 00:00:00+00:00, run_after=2021-01-05 00:00:00+00:00
[2024-11-01T12:11:30.848+0000] {processor.py:208} INFO - Processing /home/airflow/.local/lib/python3.12/site-packages/airflow/example_dags/example_workday_timetable.py took 0.090 seconds
[2024-11-01T12:12:01.114+0000] {processor.py:186} INFO - Started process (PID=449) to work on /home/airflow/.local/lib/python3.12/site-packages/airflow/example_dags/example_workday_timetable.py
[2024-11-01T12:12:01.114+0000] {processor.py:914} INFO - Processing file /home/airflow/.local/lib/python3.12/site-packages/airflow/example_dags/example_workday_timetable.py for tasks to queue
[2024-11-01T12:12:01.115+0000] {logging_mixin.py:190} INFO - [2024-11-01T12:12:01.115+0000] {dagbag.py:588} INFO - Filling up the DagBag from /home/airflow/.local/lib/python3.12/site-packages/airflow/example_dags/example_workday_timetable.py
[2024-11-01T12:12:01.119+0000] {processor.py:925} INFO - DAG(s) 'example_workday_timetable' retrieved from /home/airflow/.local/lib/python3.12/site-packages/airflow/example_dags/example_workday_timetable.py
[2024-11-01T12:12:01.133+0000] {logging_mixin.py:190} INFO - [2024-11-01T12:12:01.133+0000] {dag.py:3239} INFO - Sync 1 DAGs
[2024-11-01T12:12:01.188+0000] {logging_mixin.py:190} INFO - [2024-11-01T12:12:01.188+0000] {dag.py:4180} INFO - Setting next_dagrun for example_workday_timetable to 2021-01-04 00:00:00+00:00, run_after=2021-01-05 00:00:00+00:00
[2024-11-01T12:12:01.201+0000] {processor.py:208} INFO - Processing /home/airflow/.local/lib/python3.12/site-packages/airflow/example_dags/example_workday_timetable.py took 0.091 seconds
[2024-11-01T12:12:31.433+0000] {processor.py:186} INFO - Started process (PID=514) to work on /home/airflow/.local/lib/python3.12/site-packages/airflow/example_dags/example_workday_timetable.py
[2024-11-01T12:12:31.434+0000] {processor.py:914} INFO - Processing file /home/airflow/.local/lib/python3.12/site-packages/airflow/example_dags/example_workday_timetable.py for tasks to queue
[2024-11-01T12:12:31.435+0000] {logging_mixin.py:190} INFO - [2024-11-01T12:12:31.435+0000] {dagbag.py:588} INFO - Filling up the DagBag from /home/airflow/.local/lib/python3.12/site-packages/airflow/example_dags/example_workday_timetable.py
[2024-11-01T12:12:31.439+0000] {processor.py:925} INFO - DAG(s) 'example_workday_timetable' retrieved from /home/airflow/.local/lib/python3.12/site-packages/airflow/example_dags/example_workday_timetable.py
[2024-11-01T12:12:31.452+0000] {logging_mixin.py:190} INFO - [2024-11-01T12:12:31.451+0000] {dag.py:3239} INFO - Sync 1 DAGs
[2024-11-01T12:12:31.498+0000] {logging_mixin.py:190} INFO - [2024-11-01T12:12:31.498+0000] {dag.py:4180} INFO - Setting next_dagrun for example_workday_timetable to 2021-01-04 00:00:00+00:00, run_after=2021-01-05 00:00:00+00:00
[2024-11-01T12:12:31.512+0000] {processor.py:208} INFO - Processing /home/airflow/.local/lib/python3.12/site-packages/airflow/example_dags/example_workday_timetable.py took 0.082 seconds
[2024-11-01T12:13:01.634+0000] {processor.py:186} INFO - Started process (PID=579) to work on /home/airflow/.local/lib/python3.12/site-packages/airflow/example_dags/example_workday_timetable.py
[2024-11-01T12:13:01.635+0000] {processor.py:914} INFO - Processing file /home/airflow/.local/lib/python3.12/site-packages/airflow/example_dags/example_workday_timetable.py for tasks to queue
[2024-11-01T12:13:01.637+0000] {logging_mixin.py:190} INFO - [2024-11-01T12:13:01.636+0000] {dagbag.py:588} INFO - Filling up the DagBag from /home/airflow/.local/lib/python3.12/site-packages/airflow/example_dags/example_workday_timetable.py
[2024-11-01T12:13:01.640+0000] {processor.py:925} INFO - DAG(s) 'example_workday_timetable' retrieved from /home/airflow/.local/lib/python3.12/site-packages/airflow/example_dags/example_workday_timetable.py
[2024-11-01T12:13:01.653+0000] {logging_mixin.py:190} INFO - [2024-11-01T12:13:01.653+0000] {dag.py:3239} INFO - Sync 1 DAGs
[2024-11-01T12:13:01.694+0000] {logging_mixin.py:190} INFO - [2024-11-01T12:13:01.694+0000] {dag.py:4180} INFO - Setting next_dagrun for example_workday_timetable to 2021-01-04 00:00:00+00:00, run_after=2021-01-05 00:00:00+00:00
[2024-11-01T12:13:01.710+0000] {processor.py:208} INFO - Processing /home/airflow/.local/lib/python3.12/site-packages/airflow/example_dags/example_workday_timetable.py took 0.080 seconds
[2024-11-01T12:13:32.439+0000] {processor.py:186} INFO - Started process (PID=649) to work on /home/airflow/.local/lib/python3.12/site-packages/airflow/example_dags/example_workday_timetable.py
[2024-11-01T12:13:32.441+0000] {processor.py:914} INFO - Processing file /home/airflow/.local/lib/python3.12/site-packages/airflow/example_dags/example_workday_timetable.py for tasks to queue
[2024-11-01T12:13:32.444+0000] {logging_mixin.py:190} INFO - [2024-11-01T12:13:32.444+0000] {dagbag.py:588} INFO - Filling up the DagBag from /home/airflow/.local/lib/python3.12/site-packages/airflow/example_dags/example_workday_timetable.py
[2024-11-01T12:13:32.455+0000] {processor.py:925} INFO - DAG(s) 'example_workday_timetable' retrieved from /home/airflow/.local/lib/python3.12/site-packages/airflow/example_dags/example_workday_timetable.py
[2024-11-01T12:13:32.475+0000] {logging_mixin.py:190} INFO - [2024-11-01T12:13:32.475+0000] {dag.py:3239} INFO - Sync 1 DAGs
[2024-11-01T12:13:32.531+0000] {logging_mixin.py:190} INFO - [2024-11-01T12:13:32.531+0000] {dag.py:4180} INFO - Setting next_dagrun for example_workday_timetable to 2021-01-04 00:00:00+00:00, run_after=2021-01-05 00:00:00+00:00
[2024-11-01T12:13:32.561+0000] {processor.py:208} INFO - Processing /home/airflow/.local/lib/python3.12/site-packages/airflow/example_dags/example_workday_timetable.py took 0.128 seconds
[2024-11-01T12:14:02.951+0000] {processor.py:186} INFO - Started process (PID=714) to work on /home/airflow/.local/lib/python3.12/site-packages/airflow/example_dags/example_workday_timetable.py
[2024-11-01T12:14:02.952+0000] {processor.py:914} INFO - Processing file /home/airflow/.local/lib/python3.12/site-packages/airflow/example_dags/example_workday_timetable.py for tasks to queue
[2024-11-01T12:14:02.953+0000] {logging_mixin.py:190} INFO - [2024-11-01T12:14:02.953+0000] {dagbag.py:588} INFO - Filling up the DagBag from /home/airflow/.local/lib/python3.12/site-packages/airflow/example_dags/example_workday_timetable.py
[2024-11-01T12:14:02.957+0000] {processor.py:925} INFO - DAG(s) 'example_workday_timetable' retrieved from /home/airflow/.local/lib/python3.12/site-packages/airflow/example_dags/example_workday_timetable.py
[2024-11-01T12:14:02.969+0000] {logging_mixin.py:190} INFO - [2024-11-01T12:14:02.969+0000] {dag.py:3239} INFO - Sync 1 DAGs
[2024-11-01T12:14:03.017+0000] {logging_mixin.py:190} INFO - [2024-11-01T12:14:03.017+0000] {dag.py:4180} INFO - Setting next_dagrun for example_workday_timetable to 2021-01-04 00:00:00+00:00, run_after=2021-01-05 00:00:00+00:00
[2024-11-01T12:14:03.038+0000] {processor.py:208} INFO - Processing /home/airflow/.local/lib/python3.12/site-packages/airflow/example_dags/example_workday_timetable.py took 0.091 seconds
[2024-11-01T12:14:33.494+0000] {processor.py:186} INFO - Started process (PID=779) to work on /home/airflow/.local/lib/python3.12/site-packages/airflow/example_dags/example_workday_timetable.py
[2024-11-01T12:14:33.495+0000] {processor.py:914} INFO - Processing file /home/airflow/.local/lib/python3.12/site-packages/airflow/example_dags/example_workday_timetable.py for tasks to queue
[2024-11-01T12:14:33.496+0000] {logging_mixin.py:190} INFO - [2024-11-01T12:14:33.496+0000] {dagbag.py:588} INFO - Filling up the DagBag from /home/airflow/.local/lib/python3.12/site-packages/airflow/example_dags/example_workday_timetable.py
[2024-11-01T12:14:33.500+0000] {processor.py:925} INFO - DAG(s) 'example_workday_timetable' retrieved from /home/airflow/.local/lib/python3.12/site-packages/airflow/example_dags/example_workday_timetable.py
[2024-11-01T12:14:33.512+0000] {logging_mixin.py:190} INFO - [2024-11-01T12:14:33.512+0000] {dag.py:3239} INFO - Sync 1 DAGs
[2024-11-01T12:14:33.578+0000] {logging_mixin.py:190} INFO - [2024-11-01T12:14:33.578+0000] {dag.py:4180} INFO - Setting next_dagrun for example_workday_timetable to 2021-01-04 00:00:00+00:00, run_after=2021-01-05 00:00:00+00:00
[2024-11-01T12:14:33.592+0000] {processor.py:208} INFO - Processing /home/airflow/.local/lib/python3.12/site-packages/airflow/example_dags/example_workday_timetable.py took 0.102 seconds
[2024-11-01T12:15:04.170+0000] {processor.py:186} INFO - Started process (PID=844) to work on /home/airflow/.local/lib/python3.12/site-packages/airflow/example_dags/example_workday_timetable.py
[2024-11-01T12:15:04.171+0000] {processor.py:914} INFO - Processing file /home/airflow/.local/lib/python3.12/site-packages/airflow/example_dags/example_workday_timetable.py for tasks to queue
[2024-11-01T12:15:04.173+0000] {logging_mixin.py:190} INFO - [2024-11-01T12:15:04.172+0000] {dagbag.py:588} INFO - Filling up the DagBag from /home/airflow/.local/lib/python3.12/site-packages/airflow/example_dags/example_workday_timetable.py
[2024-11-01T12:15:04.180+0000] {processor.py:925} INFO - DAG(s) 'example_workday_timetable' retrieved from /home/airflow/.local/lib/python3.12/site-packages/airflow/example_dags/example_workday_timetable.py
[2024-11-01T12:15:04.212+0000] {logging_mixin.py:190} INFO - [2024-11-01T12:15:04.212+0000] {dag.py:3239} INFO - Sync 1 DAGs
[2024-11-01T12:15:04.287+0000] {logging_mixin.py:190} INFO - [2024-11-01T12:15:04.287+0000] {dag.py:4180} INFO - Setting next_dagrun for example_workday_timetable to 2021-01-04 00:00:00+00:00, run_after=2021-01-05 00:00:00+00:00
[2024-11-01T12:15:04.301+0000] {processor.py:208} INFO - Processing /home/airflow/.local/lib/python3.12/site-packages/airflow/example_dags/example_workday_timetable.py took 0.143 seconds
[2024-11-01T12:15:34.961+0000] {processor.py:186} INFO - Started process (PID=909) to work on /home/airflow/.local/lib/python3.12/site-packages/airflow/example_dags/example_workday_timetable.py
[2024-11-01T12:15:34.961+0000] {processor.py:914} INFO - Processing file /home/airflow/.local/lib/python3.12/site-packages/airflow/example_dags/example_workday_timetable.py for tasks to queue
[2024-11-01T12:15:34.963+0000] {logging_mixin.py:190} INFO - [2024-11-01T12:15:34.963+0000] {dagbag.py:588} INFO - Filling up the DagBag from /home/airflow/.local/lib/python3.12/site-packages/airflow/example_dags/example_workday_timetable.py
[2024-11-01T12:15:34.972+0000] {processor.py:925} INFO - DAG(s) 'example_workday_timetable' retrieved from /home/airflow/.local/lib/python3.12/site-packages/airflow/example_dags/example_workday_timetable.py
[2024-11-01T12:15:34.988+0000] {logging_mixin.py:190} INFO - [2024-11-01T12:15:34.987+0000] {dag.py:3239} INFO - Sync 1 DAGs
[2024-11-01T12:15:35.045+0000] {logging_mixin.py:190} INFO - [2024-11-01T12:15:35.045+0000] {dag.py:4180} INFO - Setting next_dagrun for example_workday_timetable to 2021-01-04 00:00:00+00:00, run_after=2021-01-05 00:00:00+00:00
[2024-11-01T12:15:35.064+0000] {processor.py:208} INFO - Processing /home/airflow/.local/lib/python3.12/site-packages/airflow/example_dags/example_workday_timetable.py took 0.113 seconds
[2024-11-01T12:16:05.346+0000] {processor.py:186} INFO - Started process (PID=974) to work on /home/airflow/.local/lib/python3.12/site-packages/airflow/example_dags/example_workday_timetable.py
[2024-11-01T12:16:05.347+0000] {processor.py:914} INFO - Processing file /home/airflow/.local/lib/python3.12/site-packages/airflow/example_dags/example_workday_timetable.py for tasks to queue
[2024-11-01T12:16:05.348+0000] {logging_mixin.py:190} INFO - [2024-11-01T12:16:05.348+0000] {dagbag.py:588} INFO - Filling up the DagBag from /home/airflow/.local/lib/python3.12/site-packages/airflow/example_dags/example_workday_timetable.py
[2024-11-01T12:16:05.352+0000] {processor.py:925} INFO - DAG(s) 'example_workday_timetable' retrieved from /home/airflow/.local/lib/python3.12/site-packages/airflow/example_dags/example_workday_timetable.py
[2024-11-01T12:16:05.370+0000] {logging_mixin.py:190} INFO - [2024-11-01T12:16:05.370+0000] {dag.py:3239} INFO - Sync 1 DAGs
[2024-11-01T12:16:05.429+0000] {logging_mixin.py:190} INFO - [2024-11-01T12:16:05.428+0000] {dag.py:4180} INFO - Setting next_dagrun for example_workday_timetable to 2021-01-04 00:00:00+00:00, run_after=2021-01-05 00:00:00+00:00
[2024-11-01T12:16:05.448+0000] {processor.py:208} INFO - Processing /home/airflow/.local/lib/python3.12/site-packages/airflow/example_dags/example_workday_timetable.py took 0.108 seconds
[2024-11-01T12:16:35.591+0000] {processor.py:186} INFO - Started process (PID=1040) to work on /home/airflow/.local/lib/python3.12/site-packages/airflow/example_dags/example_workday_timetable.py
[2024-11-01T12:16:35.592+0000] {processor.py:914} INFO - Processing file /home/airflow/.local/lib/python3.12/site-packages/airflow/example_dags/example_workday_timetable.py for tasks to queue
[2024-11-01T12:16:35.593+0000] {logging_mixin.py:190} INFO - [2024-11-01T12:16:35.593+0000] {dagbag.py:588} INFO - Filling up the DagBag from /home/airflow/.local/lib/python3.12/site-packages/airflow/example_dags/example_workday_timetable.py
[2024-11-01T12:16:35.596+0000] {processor.py:925} INFO - DAG(s) 'example_workday_timetable' retrieved from /home/airflow/.local/lib/python3.12/site-packages/airflow/example_dags/example_workday_timetable.py
[2024-11-01T12:16:35.609+0000] {logging_mixin.py:190} INFO - [2024-11-01T12:16:35.609+0000] {dag.py:3239} INFO - Sync 1 DAGs
[2024-11-01T12:16:35.658+0000] {logging_mixin.py:190} INFO - [2024-11-01T12:16:35.658+0000] {dag.py:4180} INFO - Setting next_dagrun for example_workday_timetable to 2021-01-04 00:00:00+00:00, run_after=2021-01-05 00:00:00+00:00
[2024-11-01T12:16:35.673+0000] {processor.py:208} INFO - Processing /home/airflow/.local/lib/python3.12/site-packages/airflow/example_dags/example_workday_timetable.py took 0.086 seconds
[2024-11-01T12:17:06.379+0000] {processor.py:186} INFO - Started process (PID=1105) to work on /home/airflow/.local/lib/python3.12/site-packages/airflow/example_dags/example_workday_timetable.py
[2024-11-01T12:17:06.380+0000] {processor.py:914} INFO - Processing file /home/airflow/.local/lib/python3.12/site-packages/airflow/example_dags/example_workday_timetable.py for tasks to queue
[2024-11-01T12:17:06.382+0000] {logging_mixin.py:190} INFO - [2024-11-01T12:17:06.382+0000] {dagbag.py:588} INFO - Filling up the DagBag from /home/airflow/.local/lib/python3.12/site-packages/airflow/example_dags/example_workday_timetable.py
[2024-11-01T12:17:06.390+0000] {processor.py:925} INFO - DAG(s) 'example_workday_timetable' retrieved from /home/airflow/.local/lib/python3.12/site-packages/airflow/example_dags/example_workday_timetable.py
[2024-11-01T12:17:06.413+0000] {logging_mixin.py:190} INFO - [2024-11-01T12:17:06.413+0000] {dag.py:3239} INFO - Sync 1 DAGs
[2024-11-01T12:17:06.489+0000] {logging_mixin.py:190} INFO - [2024-11-01T12:17:06.488+0000] {dag.py:4180} INFO - Setting next_dagrun for example_workday_timetable to 2021-01-04 00:00:00+00:00, run_after=2021-01-05 00:00:00+00:00
[2024-11-01T12:17:06.513+0000] {processor.py:208} INFO - Processing /home/airflow/.local/lib/python3.12/site-packages/airflow/example_dags/example_workday_timetable.py took 0.142 seconds
[2024-11-01T12:17:36.600+0000] {processor.py:186} INFO - Started process (PID=1170) to work on /home/airflow/.local/lib/python3.12/site-packages/airflow/example_dags/example_workday_timetable.py
[2024-11-01T12:17:36.601+0000] {processor.py:914} INFO - Processing file /home/airflow/.local/lib/python3.12/site-packages/airflow/example_dags/example_workday_timetable.py for tasks to queue
[2024-11-01T12:17:36.602+0000] {logging_mixin.py:190} INFO - [2024-11-01T12:17:36.602+0000] {dagbag.py:588} INFO - Filling up the DagBag from /home/airflow/.local/lib/python3.12/site-packages/airflow/example_dags/example_workday_timetable.py
[2024-11-01T12:17:36.606+0000] {processor.py:925} INFO - DAG(s) 'example_workday_timetable' retrieved from /home/airflow/.local/lib/python3.12/site-packages/airflow/example_dags/example_workday_timetable.py
[2024-11-01T12:17:36.618+0000] {logging_mixin.py:190} INFO - [2024-11-01T12:17:36.618+0000] {dag.py:3239} INFO - Sync 1 DAGs
[2024-11-01T12:17:36.662+0000] {logging_mixin.py:190} INFO - [2024-11-01T12:17:36.662+0000] {dag.py:4180} INFO - Setting next_dagrun for example_workday_timetable to 2021-01-04 00:00:00+00:00, run_after=2021-01-05 00:00:00+00:00
[2024-11-01T12:17:36.676+0000] {processor.py:208} INFO - Processing /home/airflow/.local/lib/python3.12/site-packages/airflow/example_dags/example_workday_timetable.py took 0.080 seconds
[2024-11-01T12:18:07.419+0000] {processor.py:186} INFO - Started process (PID=1235) to work on /home/airflow/.local/lib/python3.12/site-packages/airflow/example_dags/example_workday_timetable.py
[2024-11-01T12:18:07.420+0000] {processor.py:914} INFO - Processing file /home/airflow/.local/lib/python3.12/site-packages/airflow/example_dags/example_workday_timetable.py for tasks to queue
[2024-11-01T12:18:07.423+0000] {logging_mixin.py:190} INFO - [2024-11-01T12:18:07.422+0000] {dagbag.py:588} INFO - Filling up the DagBag from /home/airflow/.local/lib/python3.12/site-packages/airflow/example_dags/example_workday_timetable.py
[2024-11-01T12:18:07.429+0000] {processor.py:925} INFO - DAG(s) 'example_workday_timetable' retrieved from /home/airflow/.local/lib/python3.12/site-packages/airflow/example_dags/example_workday_timetable.py
[2024-11-01T12:18:07.453+0000] {logging_mixin.py:190} INFO - [2024-11-01T12:18:07.452+0000] {dag.py:3239} INFO - Sync 1 DAGs
[2024-11-01T12:18:07.505+0000] {logging_mixin.py:190} INFO - [2024-11-01T12:18:07.504+0000] {dag.py:4180} INFO - Setting next_dagrun for example_workday_timetable to 2021-01-04 00:00:00+00:00, run_after=2021-01-05 00:00:00+00:00
[2024-11-01T12:18:07.521+0000] {processor.py:208} INFO - Processing /home/airflow/.local/lib/python3.12/site-packages/airflow/example_dags/example_workday_timetable.py took 0.107 seconds
[2024-11-01T12:18:38.068+0000] {processor.py:186} INFO - Started process (PID=1300) to work on /home/airflow/.local/lib/python3.12/site-packages/airflow/example_dags/example_workday_timetable.py
[2024-11-01T12:18:38.069+0000] {processor.py:914} INFO - Processing file /home/airflow/.local/lib/python3.12/site-packages/airflow/example_dags/example_workday_timetable.py for tasks to queue
[2024-11-01T12:18:38.070+0000] {logging_mixin.py:190} INFO - [2024-11-01T12:18:38.070+0000] {dagbag.py:588} INFO - Filling up the DagBag from /home/airflow/.local/lib/python3.12/site-packages/airflow/example_dags/example_workday_timetable.py
[2024-11-01T12:18:38.074+0000] {processor.py:925} INFO - DAG(s) 'example_workday_timetable' retrieved from /home/airflow/.local/lib/python3.12/site-packages/airflow/example_dags/example_workday_timetable.py
[2024-11-01T12:18:38.087+0000] {logging_mixin.py:190} INFO - [2024-11-01T12:18:38.087+0000] {dag.py:3239} INFO - Sync 1 DAGs
[2024-11-01T12:18:38.130+0000] {logging_mixin.py:190} INFO - [2024-11-01T12:18:38.130+0000] {dag.py:4180} INFO - Setting next_dagrun for example_workday_timetable to 2021-01-04 00:00:00+00:00, run_after=2021-01-05 00:00:00+00:00
[2024-11-01T12:18:38.144+0000] {processor.py:208} INFO - Processing /home/airflow/.local/lib/python3.12/site-packages/airflow/example_dags/example_workday_timetable.py took 0.080 seconds
[2024-11-01T12:19:08.803+0000] {processor.py:186} INFO - Started process (PID=1365) to work on /home/airflow/.local/lib/python3.12/site-packages/airflow/example_dags/example_workday_timetable.py
[2024-11-01T12:19:08.804+0000] {processor.py:914} INFO - Processing file /home/airflow/.local/lib/python3.12/site-packages/airflow/example_dags/example_workday_timetable.py for tasks to queue
[2024-11-01T12:19:08.805+0000] {logging_mixin.py:190} INFO - [2024-11-01T12:19:08.805+0000] {dagbag.py:588} INFO - Filling up the DagBag from /home/airflow/.local/lib/python3.12/site-packages/airflow/example_dags/example_workday_timetable.py
[2024-11-01T12:19:08.809+0000] {processor.py:925} INFO - DAG(s) 'example_workday_timetable' retrieved from /home/airflow/.local/lib/python3.12/site-packages/airflow/example_dags/example_workday_timetable.py
[2024-11-01T12:19:08.822+0000] {logging_mixin.py:190} INFO - [2024-11-01T12:19:08.822+0000] {dag.py:3239} INFO - Sync 1 DAGs
[2024-11-01T12:19:08.867+0000] {logging_mixin.py:190} INFO - [2024-11-01T12:19:08.866+0000] {dag.py:4180} INFO - Setting next_dagrun for example_workday_timetable to 2021-01-04 00:00:00+00:00, run_after=2021-01-05 00:00:00+00:00
[2024-11-01T12:19:08.881+0000] {processor.py:208} INFO - Processing /home/airflow/.local/lib/python3.12/site-packages/airflow/example_dags/example_workday_timetable.py took 0.082 seconds
[2024-11-01T12:19:39.565+0000] {processor.py:186} INFO - Started process (PID=1430) to work on /home/airflow/.local/lib/python3.12/site-packages/airflow/example_dags/example_workday_timetable.py
[2024-11-01T12:19:39.566+0000] {processor.py:914} INFO - Processing file /home/airflow/.local/lib/python3.12/site-packages/airflow/example_dags/example_workday_timetable.py for tasks to queue
[2024-11-01T12:19:39.568+0000] {logging_mixin.py:190} INFO - [2024-11-01T12:19:39.567+0000] {dagbag.py:588} INFO - Filling up the DagBag from /home/airflow/.local/lib/python3.12/site-packages/airflow/example_dags/example_workday_timetable.py
[2024-11-01T12:19:39.574+0000] {processor.py:925} INFO - DAG(s) 'example_workday_timetable' retrieved from /home/airflow/.local/lib/python3.12/site-packages/airflow/example_dags/example_workday_timetable.py
[2024-11-01T12:19:39.589+0000] {logging_mixin.py:190} INFO - [2024-11-01T12:19:39.589+0000] {dag.py:3239} INFO - Sync 1 DAGs
[2024-11-01T12:19:39.635+0000] {logging_mixin.py:190} INFO - [2024-11-01T12:19:39.635+0000] {dag.py:4180} INFO - Setting next_dagrun for example_workday_timetable to 2021-01-04 00:00:00+00:00, run_after=2021-01-05 00:00:00+00:00
[2024-11-01T12:19:39.651+0000] {processor.py:208} INFO - Processing /home/airflow/.local/lib/python3.12/site-packages/airflow/example_dags/example_workday_timetable.py took 0.089 seconds
[2024-11-01T12:20:09.931+0000] {processor.py:186} INFO - Started process (PID=1495) to work on /home/airflow/.local/lib/python3.12/site-packages/airflow/example_dags/example_workday_timetable.py
[2024-11-01T12:20:09.932+0000] {processor.py:914} INFO - Processing file /home/airflow/.local/lib/python3.12/site-packages/airflow/example_dags/example_workday_timetable.py for tasks to queue
[2024-11-01T12:20:09.934+0000] {logging_mixin.py:190} INFO - [2024-11-01T12:20:09.933+0000] {dagbag.py:588} INFO - Filling up the DagBag from /home/airflow/.local/lib/python3.12/site-packages/airflow/example_dags/example_workday_timetable.py
[2024-11-01T12:20:09.938+0000] {processor.py:925} INFO - DAG(s) 'example_workday_timetable' retrieved from /home/airflow/.local/lib/python3.12/site-packages/airflow/example_dags/example_workday_timetable.py
[2024-11-01T12:20:09.952+0000] {logging_mixin.py:190} INFO - [2024-11-01T12:20:09.952+0000] {dag.py:3239} INFO - Sync 1 DAGs
[2024-11-01T12:20:09.998+0000] {logging_mixin.py:190} INFO - [2024-11-01T12:20:09.998+0000] {dag.py:4180} INFO - Setting next_dagrun for example_workday_timetable to 2021-01-04 00:00:00+00:00, run_after=2021-01-05 00:00:00+00:00
[2024-11-01T12:20:10.034+0000] {processor.py:208} INFO - Processing /home/airflow/.local/lib/python3.12/site-packages/airflow/example_dags/example_workday_timetable.py took 0.107 seconds
[2024-11-01T12:20:40.578+0000] {processor.py:186} INFO - Started process (PID=1560) to work on /home/airflow/.local/lib/python3.12/site-packages/airflow/example_dags/example_workday_timetable.py
[2024-11-01T12:20:40.581+0000] {processor.py:914} INFO - Processing file /home/airflow/.local/lib/python3.12/site-packages/airflow/example_dags/example_workday_timetable.py for tasks to queue
[2024-11-01T12:20:40.582+0000] {logging_mixin.py:190} INFO - [2024-11-01T12:20:40.582+0000] {dagbag.py:588} INFO - Filling up the DagBag from /home/airflow/.local/lib/python3.12/site-packages/airflow/example_dags/example_workday_timetable.py
[2024-11-01T12:20:40.586+0000] {processor.py:925} INFO - DAG(s) 'example_workday_timetable' retrieved from /home/airflow/.local/lib/python3.12/site-packages/airflow/example_dags/example_workday_timetable.py
[2024-11-01T12:20:40.603+0000] {logging_mixin.py:190} INFO - [2024-11-01T12:20:40.602+0000] {dag.py:3239} INFO - Sync 1 DAGs
[2024-11-01T12:20:40.652+0000] {logging_mixin.py:190} INFO - [2024-11-01T12:20:40.652+0000] {dag.py:4180} INFO - Setting next_dagrun for example_workday_timetable to 2021-01-04 00:00:00+00:00, run_after=2021-01-05 00:00:00+00:00
[2024-11-01T12:20:40.668+0000] {processor.py:208} INFO - Processing /home/airflow/.local/lib/python3.12/site-packages/airflow/example_dags/example_workday_timetable.py took 0.095 seconds
[2024-11-01T12:21:11.026+0000] {processor.py:186} INFO - Started process (PID=1625) to work on /home/airflow/.local/lib/python3.12/site-packages/airflow/example_dags/example_workday_timetable.py
[2024-11-01T12:21:11.027+0000] {processor.py:914} INFO - Processing file /home/airflow/.local/lib/python3.12/site-packages/airflow/example_dags/example_workday_timetable.py for tasks to queue
[2024-11-01T12:21:11.029+0000] {logging_mixin.py:190} INFO - [2024-11-01T12:21:11.028+0000] {dagbag.py:588} INFO - Filling up the DagBag from /home/airflow/.local/lib/python3.12/site-packages/airflow/example_dags/example_workday_timetable.py
[2024-11-01T12:21:11.033+0000] {processor.py:925} INFO - DAG(s) 'example_workday_timetable' retrieved from /home/airflow/.local/lib/python3.12/site-packages/airflow/example_dags/example_workday_timetable.py
[2024-11-01T12:21:11.049+0000] {logging_mixin.py:190} INFO - [2024-11-01T12:21:11.049+0000] {dag.py:3239} INFO - Sync 1 DAGs
[2024-11-01T12:21:11.093+0000] {logging_mixin.py:190} INFO - [2024-11-01T12:21:11.093+0000] {dag.py:4180} INFO - Setting next_dagrun for example_workday_timetable to 2021-01-04 00:00:00+00:00, run_after=2021-01-05 00:00:00+00:00
[2024-11-01T12:21:11.108+0000] {processor.py:208} INFO - Processing /home/airflow/.local/lib/python3.12/site-packages/airflow/example_dags/example_workday_timetable.py took 0.087 seconds
[2024-11-01T12:21:41.494+0000] {processor.py:186} INFO - Started process (PID=1691) to work on /home/airflow/.local/lib/python3.12/site-packages/airflow/example_dags/example_workday_timetable.py
[2024-11-01T12:21:41.495+0000] {processor.py:914} INFO - Processing file /home/airflow/.local/lib/python3.12/site-packages/airflow/example_dags/example_workday_timetable.py for tasks to queue
[2024-11-01T12:21:41.497+0000] {logging_mixin.py:190} INFO - [2024-11-01T12:21:41.497+0000] {dagbag.py:588} INFO - Filling up the DagBag from /home/airflow/.local/lib/python3.12/site-packages/airflow/example_dags/example_workday_timetable.py
[2024-11-01T12:21:41.502+0000] {processor.py:925} INFO - DAG(s) 'example_workday_timetable' retrieved from /home/airflow/.local/lib/python3.12/site-packages/airflow/example_dags/example_workday_timetable.py
[2024-11-01T12:21:41.517+0000] {logging_mixin.py:190} INFO - [2024-11-01T12:21:41.517+0000] {dag.py:3239} INFO - Sync 1 DAGs
[2024-11-01T12:21:41.567+0000] {logging_mixin.py:190} INFO - [2024-11-01T12:21:41.567+0000] {dag.py:4180} INFO - Setting next_dagrun for example_workday_timetable to 2021-01-04 00:00:00+00:00, run_after=2021-01-05 00:00:00+00:00
[2024-11-01T12:21:41.583+0000] {processor.py:208} INFO - Processing /home/airflow/.local/lib/python3.12/site-packages/airflow/example_dags/example_workday_timetable.py took 0.093 seconds
[2024-11-01T12:22:11.623+0000] {processor.py:186} INFO - Started process (PID=1756) to work on /home/airflow/.local/lib/python3.12/site-packages/airflow/example_dags/example_workday_timetable.py
[2024-11-01T12:22:11.624+0000] {processor.py:914} INFO - Processing file /home/airflow/.local/lib/python3.12/site-packages/airflow/example_dags/example_workday_timetable.py for tasks to queue
[2024-11-01T12:22:11.625+0000] {logging_mixin.py:190} INFO - [2024-11-01T12:22:11.625+0000] {dagbag.py:588} INFO - Filling up the DagBag from /home/airflow/.local/lib/python3.12/site-packages/airflow/example_dags/example_workday_timetable.py
[2024-11-01T12:22:11.629+0000] {processor.py:925} INFO - DAG(s) 'example_workday_timetable' retrieved from /home/airflow/.local/lib/python3.12/site-packages/airflow/example_dags/example_workday_timetable.py
[2024-11-01T12:22:11.643+0000] {logging_mixin.py:190} INFO - [2024-11-01T12:22:11.643+0000] {dag.py:3239} INFO - Sync 1 DAGs
[2024-11-01T12:22:11.695+0000] {logging_mixin.py:190} INFO - [2024-11-01T12:22:11.695+0000] {dag.py:4180} INFO - Setting next_dagrun for example_workday_timetable to 2021-01-04 00:00:00+00:00, run_after=2021-01-05 00:00:00+00:00
[2024-11-01T12:22:11.711+0000] {processor.py:208} INFO - Processing /home/airflow/.local/lib/python3.12/site-packages/airflow/example_dags/example_workday_timetable.py took 0.091 seconds
[2024-11-01T12:22:41.959+0000] {processor.py:186} INFO - Started process (PID=1820) to work on /home/airflow/.local/lib/python3.12/site-packages/airflow/example_dags/example_workday_timetable.py
[2024-11-01T12:22:41.959+0000] {processor.py:914} INFO - Processing file /home/airflow/.local/lib/python3.12/site-packages/airflow/example_dags/example_workday_timetable.py for tasks to queue
[2024-11-01T12:22:41.961+0000] {logging_mixin.py:190} INFO - [2024-11-01T12:22:41.961+0000] {dagbag.py:588} INFO - Filling up the DagBag from /home/airflow/.local/lib/python3.12/site-packages/airflow/example_dags/example_workday_timetable.py
[2024-11-01T12:22:41.965+0000] {processor.py:925} INFO - DAG(s) 'example_workday_timetable' retrieved from /home/airflow/.local/lib/python3.12/site-packages/airflow/example_dags/example_workday_timetable.py
[2024-11-01T12:22:41.981+0000] {logging_mixin.py:190} INFO - [2024-11-01T12:22:41.980+0000] {dag.py:3239} INFO - Sync 1 DAGs
[2024-11-01T12:22:42.030+0000] {logging_mixin.py:190} INFO - [2024-11-01T12:22:42.030+0000] {dag.py:4180} INFO - Setting next_dagrun for example_workday_timetable to 2021-01-04 00:00:00+00:00, run_after=2021-01-05 00:00:00+00:00
[2024-11-01T12:22:42.048+0000] {processor.py:208} INFO - Processing /home/airflow/.local/lib/python3.12/site-packages/airflow/example_dags/example_workday_timetable.py took 0.094 seconds
[2024-11-01T12:23:12.455+0000] {processor.py:186} INFO - Started process (PID=1885) to work on /home/airflow/.local/lib/python3.12/site-packages/airflow/example_dags/example_workday_timetable.py
[2024-11-01T12:23:12.455+0000] {processor.py:914} INFO - Processing file /home/airflow/.local/lib/python3.12/site-packages/airflow/example_dags/example_workday_timetable.py for tasks to queue
[2024-11-01T12:23:12.457+0000] {logging_mixin.py:190} INFO - [2024-11-01T12:23:12.457+0000] {dagbag.py:588} INFO - Filling up the DagBag from /home/airflow/.local/lib/python3.12/site-packages/airflow/example_dags/example_workday_timetable.py
[2024-11-01T12:23:12.460+0000] {processor.py:925} INFO - DAG(s) 'example_workday_timetable' retrieved from /home/airflow/.local/lib/python3.12/site-packages/airflow/example_dags/example_workday_timetable.py
[2024-11-01T12:23:12.477+0000] {logging_mixin.py:190} INFO - [2024-11-01T12:23:12.476+0000] {dag.py:3239} INFO - Sync 1 DAGs
[2024-11-01T12:23:12.519+0000] {logging_mixin.py:190} INFO - [2024-11-01T12:23:12.519+0000] {dag.py:4180} INFO - Setting next_dagrun for example_workday_timetable to 2021-01-04 00:00:00+00:00, run_after=2021-01-05 00:00:00+00:00
[2024-11-01T12:23:12.534+0000] {processor.py:208} INFO - Processing /home/airflow/.local/lib/python3.12/site-packages/airflow/example_dags/example_workday_timetable.py took 0.084 seconds
[2024-11-01T12:23:42.714+0000] {processor.py:186} INFO - Started process (PID=1949) to work on /home/airflow/.local/lib/python3.12/site-packages/airflow/example_dags/example_workday_timetable.py
[2024-11-01T12:23:42.715+0000] {processor.py:914} INFO - Processing file /home/airflow/.local/lib/python3.12/site-packages/airflow/example_dags/example_workday_timetable.py for tasks to queue
[2024-11-01T12:23:42.717+0000] {logging_mixin.py:190} INFO - [2024-11-01T12:23:42.717+0000] {dagbag.py:588} INFO - Filling up the DagBag from /home/airflow/.local/lib/python3.12/site-packages/airflow/example_dags/example_workday_timetable.py
[2024-11-01T12:23:42.722+0000] {processor.py:925} INFO - DAG(s) 'example_workday_timetable' retrieved from /home/airflow/.local/lib/python3.12/site-packages/airflow/example_dags/example_workday_timetable.py
[2024-11-01T12:23:42.736+0000] {logging_mixin.py:190} INFO - [2024-11-01T12:23:42.735+0000] {dag.py:3239} INFO - Sync 1 DAGs
[2024-11-01T12:23:42.785+0000] {logging_mixin.py:190} INFO - [2024-11-01T12:23:42.785+0000] {dag.py:4180} INFO - Setting next_dagrun for example_workday_timetable to 2021-01-04 00:00:00+00:00, run_after=2021-01-05 00:00:00+00:00
[2024-11-01T12:23:42.806+0000] {processor.py:208} INFO - Processing /home/airflow/.local/lib/python3.12/site-packages/airflow/example_dags/example_workday_timetable.py took 0.096 seconds
[2024-11-01T12:24:13.160+0000] {processor.py:186} INFO - Started process (PID=2014) to work on /home/airflow/.local/lib/python3.12/site-packages/airflow/example_dags/example_workday_timetable.py
[2024-11-01T12:24:13.161+0000] {processor.py:914} INFO - Processing file /home/airflow/.local/lib/python3.12/site-packages/airflow/example_dags/example_workday_timetable.py for tasks to queue
[2024-11-01T12:24:13.163+0000] {logging_mixin.py:190} INFO - [2024-11-01T12:24:13.162+0000] {dagbag.py:588} INFO - Filling up the DagBag from /home/airflow/.local/lib/python3.12/site-packages/airflow/example_dags/example_workday_timetable.py
[2024-11-01T12:24:13.167+0000] {processor.py:925} INFO - DAG(s) 'example_workday_timetable' retrieved from /home/airflow/.local/lib/python3.12/site-packages/airflow/example_dags/example_workday_timetable.py
[2024-11-01T12:24:13.184+0000] {logging_mixin.py:190} INFO - [2024-11-01T12:24:13.182+0000] {dag.py:3239} INFO - Sync 1 DAGs
[2024-11-01T12:24:13.263+0000] {logging_mixin.py:190} INFO - [2024-11-01T12:24:13.263+0000] {dag.py:4180} INFO - Setting next_dagrun for example_workday_timetable to 2021-01-04 00:00:00+00:00, run_after=2021-01-05 00:00:00+00:00
[2024-11-01T12:24:13.282+0000] {processor.py:208} INFO - Processing /home/airflow/.local/lib/python3.12/site-packages/airflow/example_dags/example_workday_timetable.py took 0.125 seconds
[2024-11-01T12:24:43.487+0000] {processor.py:186} INFO - Started process (PID=2079) to work on /home/airflow/.local/lib/python3.12/site-packages/airflow/example_dags/example_workday_timetable.py
[2024-11-01T12:24:43.489+0000] {processor.py:914} INFO - Processing file /home/airflow/.local/lib/python3.12/site-packages/airflow/example_dags/example_workday_timetable.py for tasks to queue
[2024-11-01T12:24:43.490+0000] {logging_mixin.py:190} INFO - [2024-11-01T12:24:43.490+0000] {dagbag.py:588} INFO - Filling up the DagBag from /home/airflow/.local/lib/python3.12/site-packages/airflow/example_dags/example_workday_timetable.py
[2024-11-01T12:24:43.493+0000] {processor.py:925} INFO - DAG(s) 'example_workday_timetable' retrieved from /home/airflow/.local/lib/python3.12/site-packages/airflow/example_dags/example_workday_timetable.py
[2024-11-01T12:24:43.512+0000] {logging_mixin.py:190} INFO - [2024-11-01T12:24:43.511+0000] {dag.py:3239} INFO - Sync 1 DAGs
[2024-11-01T12:24:43.560+0000] {logging_mixin.py:190} INFO - [2024-11-01T12:24:43.559+0000] {dag.py:4180} INFO - Setting next_dagrun for example_workday_timetable to 2021-01-04 00:00:00+00:00, run_after=2021-01-05 00:00:00+00:00
[2024-11-01T12:24:43.576+0000] {processor.py:208} INFO - Processing /home/airflow/.local/lib/python3.12/site-packages/airflow/example_dags/example_workday_timetable.py took 0.094 seconds
[2024-11-01T12:25:14.525+0000] {processor.py:186} INFO - Started process (PID=2144) to work on /home/airflow/.local/lib/python3.12/site-packages/airflow/example_dags/example_workday_timetable.py
[2024-11-01T12:25:14.526+0000] {processor.py:914} INFO - Processing file /home/airflow/.local/lib/python3.12/site-packages/airflow/example_dags/example_workday_timetable.py for tasks to queue
[2024-11-01T12:25:14.527+0000] {logging_mixin.py:190} INFO - [2024-11-01T12:25:14.527+0000] {dagbag.py:588} INFO - Filling up the DagBag from /home/airflow/.local/lib/python3.12/site-packages/airflow/example_dags/example_workday_timetable.py
[2024-11-01T12:25:14.530+0000] {processor.py:925} INFO - DAG(s) 'example_workday_timetable' retrieved from /home/airflow/.local/lib/python3.12/site-packages/airflow/example_dags/example_workday_timetable.py
[2024-11-01T12:25:14.545+0000] {logging_mixin.py:190} INFO - [2024-11-01T12:25:14.545+0000] {dag.py:3239} INFO - Sync 1 DAGs
[2024-11-01T12:25:14.596+0000] {logging_mixin.py:190} INFO - [2024-11-01T12:25:14.596+0000] {dag.py:4180} INFO - Setting next_dagrun for example_workday_timetable to 2021-01-04 00:00:00+00:00, run_after=2021-01-05 00:00:00+00:00
[2024-11-01T12:25:14.806+0000] {processor.py:208} INFO - Processing /home/airflow/.local/lib/python3.12/site-packages/airflow/example_dags/example_workday_timetable.py took 0.285 seconds
[2024-11-01T12:25:45.126+0000] {processor.py:186} INFO - Started process (PID=2209) to work on /home/airflow/.local/lib/python3.12/site-packages/airflow/example_dags/example_workday_timetable.py
[2024-11-01T12:25:45.127+0000] {processor.py:914} INFO - Processing file /home/airflow/.local/lib/python3.12/site-packages/airflow/example_dags/example_workday_timetable.py for tasks to queue
[2024-11-01T12:25:45.129+0000] {logging_mixin.py:190} INFO - [2024-11-01T12:25:45.129+0000] {dagbag.py:588} INFO - Filling up the DagBag from /home/airflow/.local/lib/python3.12/site-packages/airflow/example_dags/example_workday_timetable.py
[2024-11-01T12:25:45.132+0000] {processor.py:925} INFO - DAG(s) 'example_workday_timetable' retrieved from /home/airflow/.local/lib/python3.12/site-packages/airflow/example_dags/example_workday_timetable.py
[2024-11-01T12:25:45.146+0000] {logging_mixin.py:190} INFO - [2024-11-01T12:25:45.146+0000] {dag.py:3239} INFO - Sync 1 DAGs
[2024-11-01T12:25:45.334+0000] {logging_mixin.py:190} INFO - [2024-11-01T12:25:45.334+0000] {dag.py:4180} INFO - Setting next_dagrun for example_workday_timetable to 2021-01-04 00:00:00+00:00, run_after=2021-01-05 00:00:00+00:00
[2024-11-01T12:25:45.349+0000] {processor.py:208} INFO - Processing /home/airflow/.local/lib/python3.12/site-packages/airflow/example_dags/example_workday_timetable.py took 0.227 seconds
[2024-11-01T12:26:15.519+0000] {processor.py:186} INFO - Started process (PID=2274) to work on /home/airflow/.local/lib/python3.12/site-packages/airflow/example_dags/example_workday_timetable.py
[2024-11-01T12:26:15.520+0000] {processor.py:914} INFO - Processing file /home/airflow/.local/lib/python3.12/site-packages/airflow/example_dags/example_workday_timetable.py for tasks to queue
[2024-11-01T12:26:15.522+0000] {logging_mixin.py:190} INFO - [2024-11-01T12:26:15.522+0000] {dagbag.py:588} INFO - Filling up the DagBag from /home/airflow/.local/lib/python3.12/site-packages/airflow/example_dags/example_workday_timetable.py
[2024-11-01T12:26:15.527+0000] {processor.py:925} INFO - DAG(s) 'example_workday_timetable' retrieved from /home/airflow/.local/lib/python3.12/site-packages/airflow/example_dags/example_workday_timetable.py
[2024-11-01T12:26:15.544+0000] {logging_mixin.py:190} INFO - [2024-11-01T12:26:15.544+0000] {dag.py:3239} INFO - Sync 1 DAGs
[2024-11-01T12:26:15.598+0000] {logging_mixin.py:190} INFO - [2024-11-01T12:26:15.598+0000] {dag.py:4180} INFO - Setting next_dagrun for example_workday_timetable to 2021-01-04 00:00:00+00:00, run_after=2021-01-05 00:00:00+00:00
[2024-11-01T12:26:15.617+0000] {processor.py:208} INFO - Processing /home/airflow/.local/lib/python3.12/site-packages/airflow/example_dags/example_workday_timetable.py took 0.102 seconds
[2024-11-01T12:26:46.131+0000] {processor.py:186} INFO - Started process (PID=2339) to work on /home/airflow/.local/lib/python3.12/site-packages/airflow/example_dags/example_workday_timetable.py
[2024-11-01T12:26:46.132+0000] {processor.py:914} INFO - Processing file /home/airflow/.local/lib/python3.12/site-packages/airflow/example_dags/example_workday_timetable.py for tasks to queue
[2024-11-01T12:26:46.133+0000] {logging_mixin.py:190} INFO - [2024-11-01T12:26:46.133+0000] {dagbag.py:588} INFO - Filling up the DagBag from /home/airflow/.local/lib/python3.12/site-packages/airflow/example_dags/example_workday_timetable.py
[2024-11-01T12:26:46.137+0000] {processor.py:925} INFO - DAG(s) 'example_workday_timetable' retrieved from /home/airflow/.local/lib/python3.12/site-packages/airflow/example_dags/example_workday_timetable.py
[2024-11-01T12:26:46.153+0000] {logging_mixin.py:190} INFO - [2024-11-01T12:26:46.152+0000] {dag.py:3239} INFO - Sync 1 DAGs
[2024-11-01T12:26:46.204+0000] {logging_mixin.py:190} INFO - [2024-11-01T12:26:46.204+0000] {dag.py:4180} INFO - Setting next_dagrun for example_workday_timetable to 2021-01-04 00:00:00+00:00, run_after=2021-01-05 00:00:00+00:00
[2024-11-01T12:26:46.222+0000] {processor.py:208} INFO - Processing /home/airflow/.local/lib/python3.12/site-packages/airflow/example_dags/example_workday_timetable.py took 0.095 seconds
[2024-11-01T12:27:16.985+0000] {processor.py:186} INFO - Started process (PID=2404) to work on /home/airflow/.local/lib/python3.12/site-packages/airflow/example_dags/example_workday_timetable.py
[2024-11-01T12:27:16.986+0000] {processor.py:914} INFO - Processing file /home/airflow/.local/lib/python3.12/site-packages/airflow/example_dags/example_workday_timetable.py for tasks to queue
[2024-11-01T12:27:16.988+0000] {logging_mixin.py:190} INFO - [2024-11-01T12:27:16.987+0000] {dagbag.py:588} INFO - Filling up the DagBag from /home/airflow/.local/lib/python3.12/site-packages/airflow/example_dags/example_workday_timetable.py
[2024-11-01T12:27:16.993+0000] {processor.py:925} INFO - DAG(s) 'example_workday_timetable' retrieved from /home/airflow/.local/lib/python3.12/site-packages/airflow/example_dags/example_workday_timetable.py
[2024-11-01T12:27:17.008+0000] {logging_mixin.py:190} INFO - [2024-11-01T12:27:17.008+0000] {dag.py:3239} INFO - Sync 1 DAGs
[2024-11-01T12:27:17.055+0000] {logging_mixin.py:190} INFO - [2024-11-01T12:27:17.054+0000] {dag.py:4180} INFO - Setting next_dagrun for example_workday_timetable to 2021-01-04 00:00:00+00:00, run_after=2021-01-05 00:00:00+00:00
[2024-11-01T12:27:17.070+0000] {processor.py:208} INFO - Processing /home/airflow/.local/lib/python3.12/site-packages/airflow/example_dags/example_workday_timetable.py took 0.089 seconds
[2024-11-01T12:27:47.363+0000] {processor.py:186} INFO - Started process (PID=2469) to work on /home/airflow/.local/lib/python3.12/site-packages/airflow/example_dags/example_workday_timetable.py
[2024-11-01T12:27:47.364+0000] {processor.py:914} INFO - Processing file /home/airflow/.local/lib/python3.12/site-packages/airflow/example_dags/example_workday_timetable.py for tasks to queue
[2024-11-01T12:27:47.365+0000] {logging_mixin.py:190} INFO - [2024-11-01T12:27:47.365+0000] {dagbag.py:588} INFO - Filling up the DagBag from /home/airflow/.local/lib/python3.12/site-packages/airflow/example_dags/example_workday_timetable.py
[2024-11-01T12:27:47.368+0000] {processor.py:925} INFO - DAG(s) 'example_workday_timetable' retrieved from /home/airflow/.local/lib/python3.12/site-packages/airflow/example_dags/example_workday_timetable.py
[2024-11-01T12:27:47.385+0000] {logging_mixin.py:190} INFO - [2024-11-01T12:27:47.384+0000] {dag.py:3239} INFO - Sync 1 DAGs
[2024-11-01T12:27:47.433+0000] {logging_mixin.py:190} INFO - [2024-11-01T12:27:47.433+0000] {dag.py:4180} INFO - Setting next_dagrun for example_workday_timetable to 2021-01-04 00:00:00+00:00, run_after=2021-01-05 00:00:00+00:00
[2024-11-01T12:27:47.450+0000] {processor.py:208} INFO - Processing /home/airflow/.local/lib/python3.12/site-packages/airflow/example_dags/example_workday_timetable.py took 0.092 seconds
[2024-11-01T12:28:17.609+0000] {processor.py:186} INFO - Started process (PID=2534) to work on /home/airflow/.local/lib/python3.12/site-packages/airflow/example_dags/example_workday_timetable.py
[2024-11-01T12:28:17.610+0000] {processor.py:914} INFO - Processing file /home/airflow/.local/lib/python3.12/site-packages/airflow/example_dags/example_workday_timetable.py for tasks to queue
[2024-11-01T12:28:17.611+0000] {logging_mixin.py:190} INFO - [2024-11-01T12:28:17.611+0000] {dagbag.py:588} INFO - Filling up the DagBag from /home/airflow/.local/lib/python3.12/site-packages/airflow/example_dags/example_workday_timetable.py
[2024-11-01T12:28:17.615+0000] {processor.py:925} INFO - DAG(s) 'example_workday_timetable' retrieved from /home/airflow/.local/lib/python3.12/site-packages/airflow/example_dags/example_workday_timetable.py
[2024-11-01T12:28:17.627+0000] {logging_mixin.py:190} INFO - [2024-11-01T12:28:17.627+0000] {dag.py:3239} INFO - Sync 1 DAGs
[2024-11-01T12:28:17.669+0000] {logging_mixin.py:190} INFO - [2024-11-01T12:28:17.669+0000] {dag.py:4180} INFO - Setting next_dagrun for example_workday_timetable to 2021-01-04 00:00:00+00:00, run_after=2021-01-05 00:00:00+00:00
[2024-11-01T12:28:17.683+0000] {processor.py:208} INFO - Processing /home/airflow/.local/lib/python3.12/site-packages/airflow/example_dags/example_workday_timetable.py took 0.078 seconds
[2024-11-01T12:28:48.110+0000] {processor.py:186} INFO - Started process (PID=2599) to work on /home/airflow/.local/lib/python3.12/site-packages/airflow/example_dags/example_workday_timetable.py
[2024-11-01T12:28:48.111+0000] {processor.py:914} INFO - Processing file /home/airflow/.local/lib/python3.12/site-packages/airflow/example_dags/example_workday_timetable.py for tasks to queue
[2024-11-01T12:28:48.113+0000] {logging_mixin.py:190} INFO - [2024-11-01T12:28:48.112+0000] {dagbag.py:588} INFO - Filling up the DagBag from /home/airflow/.local/lib/python3.12/site-packages/airflow/example_dags/example_workday_timetable.py
[2024-11-01T12:28:48.118+0000] {processor.py:925} INFO - DAG(s) 'example_workday_timetable' retrieved from /home/airflow/.local/lib/python3.12/site-packages/airflow/example_dags/example_workday_timetable.py
[2024-11-01T12:28:48.135+0000] {logging_mixin.py:190} INFO - [2024-11-01T12:28:48.135+0000] {dag.py:3239} INFO - Sync 1 DAGs
[2024-11-01T12:28:48.186+0000] {logging_mixin.py:190} INFO - [2024-11-01T12:28:48.185+0000] {dag.py:4180} INFO - Setting next_dagrun for example_workday_timetable to 2021-01-04 00:00:00+00:00, run_after=2021-01-05 00:00:00+00:00
[2024-11-01T12:28:48.203+0000] {processor.py:208} INFO - Processing /home/airflow/.local/lib/python3.12/site-packages/airflow/example_dags/example_workday_timetable.py took 0.099 seconds
[2024-11-01T12:29:18.433+0000] {processor.py:186} INFO - Started process (PID=2664) to work on /home/airflow/.local/lib/python3.12/site-packages/airflow/example_dags/example_workday_timetable.py
[2024-11-01T12:29:18.434+0000] {processor.py:914} INFO - Processing file /home/airflow/.local/lib/python3.12/site-packages/airflow/example_dags/example_workday_timetable.py for tasks to queue
[2024-11-01T12:29:18.435+0000] {logging_mixin.py:190} INFO - [2024-11-01T12:29:18.435+0000] {dagbag.py:588} INFO - Filling up the DagBag from /home/airflow/.local/lib/python3.12/site-packages/airflow/example_dags/example_workday_timetable.py
[2024-11-01T12:29:18.440+0000] {processor.py:925} INFO - DAG(s) 'example_workday_timetable' retrieved from /home/airflow/.local/lib/python3.12/site-packages/airflow/example_dags/example_workday_timetable.py
[2024-11-01T12:29:18.458+0000] {logging_mixin.py:190} INFO - [2024-11-01T12:29:18.457+0000] {dag.py:3239} INFO - Sync 1 DAGs
[2024-11-01T12:29:18.510+0000] {logging_mixin.py:190} INFO - [2024-11-01T12:29:18.510+0000] {dag.py:4180} INFO - Setting next_dagrun for example_workday_timetable to 2021-01-04 00:00:00+00:00, run_after=2021-01-05 00:00:00+00:00
[2024-11-01T12:29:18.526+0000] {processor.py:208} INFO - Processing /home/airflow/.local/lib/python3.12/site-packages/airflow/example_dags/example_workday_timetable.py took 0.099 seconds
[2024-11-01T12:29:48.634+0000] {processor.py:186} INFO - Started process (PID=2729) to work on /home/airflow/.local/lib/python3.12/site-packages/airflow/example_dags/example_workday_timetable.py
[2024-11-01T12:29:48.634+0000] {processor.py:914} INFO - Processing file /home/airflow/.local/lib/python3.12/site-packages/airflow/example_dags/example_workday_timetable.py for tasks to queue
[2024-11-01T12:29:48.636+0000] {logging_mixin.py:190} INFO - [2024-11-01T12:29:48.636+0000] {dagbag.py:588} INFO - Filling up the DagBag from /home/airflow/.local/lib/python3.12/site-packages/airflow/example_dags/example_workday_timetable.py
[2024-11-01T12:29:48.641+0000] {processor.py:925} INFO - DAG(s) 'example_workday_timetable' retrieved from /home/airflow/.local/lib/python3.12/site-packages/airflow/example_dags/example_workday_timetable.py
[2024-11-01T12:29:48.656+0000] {logging_mixin.py:190} INFO - [2024-11-01T12:29:48.655+0000] {dag.py:3239} INFO - Sync 1 DAGs
[2024-11-01T12:29:48.709+0000] {logging_mixin.py:190} INFO - [2024-11-01T12:29:48.709+0000] {dag.py:4180} INFO - Setting next_dagrun for example_workday_timetable to 2021-01-04 00:00:00+00:00, run_after=2021-01-05 00:00:00+00:00
[2024-11-01T12:29:48.724+0000] {processor.py:208} INFO - Processing /home/airflow/.local/lib/python3.12/site-packages/airflow/example_dags/example_workday_timetable.py took 0.095 seconds
[2024-11-01T12:30:19.199+0000] {processor.py:186} INFO - Started process (PID=2794) to work on /home/airflow/.local/lib/python3.12/site-packages/airflow/example_dags/example_workday_timetable.py
[2024-11-01T12:30:19.201+0000] {processor.py:914} INFO - Processing file /home/airflow/.local/lib/python3.12/site-packages/airflow/example_dags/example_workday_timetable.py for tasks to queue
[2024-11-01T12:30:19.202+0000] {logging_mixin.py:190} INFO - [2024-11-01T12:30:19.202+0000] {dagbag.py:588} INFO - Filling up the DagBag from /home/airflow/.local/lib/python3.12/site-packages/airflow/example_dags/example_workday_timetable.py
[2024-11-01T12:30:19.206+0000] {processor.py:925} INFO - DAG(s) 'example_workday_timetable' retrieved from /home/airflow/.local/lib/python3.12/site-packages/airflow/example_dags/example_workday_timetable.py
[2024-11-01T12:30:19.220+0000] {logging_mixin.py:190} INFO - [2024-11-01T12:30:19.219+0000] {dag.py:3239} INFO - Sync 1 DAGs
[2024-11-01T12:30:19.261+0000] {logging_mixin.py:190} INFO - [2024-11-01T12:30:19.261+0000] {dag.py:4180} INFO - Setting next_dagrun for example_workday_timetable to 2021-01-04 00:00:00+00:00, run_after=2021-01-05 00:00:00+00:00
[2024-11-01T12:30:19.275+0000] {processor.py:208} INFO - Processing /home/airflow/.local/lib/python3.12/site-packages/airflow/example_dags/example_workday_timetable.py took 0.080 seconds
[2024-11-01T12:30:49.778+0000] {processor.py:186} INFO - Started process (PID=2860) to work on /home/airflow/.local/lib/python3.12/site-packages/airflow/example_dags/example_workday_timetable.py
[2024-11-01T12:30:49.780+0000] {processor.py:914} INFO - Processing file /home/airflow/.local/lib/python3.12/site-packages/airflow/example_dags/example_workday_timetable.py for tasks to queue
[2024-11-01T12:30:49.782+0000] {logging_mixin.py:190} INFO - [2024-11-01T12:30:49.782+0000] {dagbag.py:588} INFO - Filling up the DagBag from /home/airflow/.local/lib/python3.12/site-packages/airflow/example_dags/example_workday_timetable.py
[2024-11-01T12:30:49.785+0000] {processor.py:925} INFO - DAG(s) 'example_workday_timetable' retrieved from /home/airflow/.local/lib/python3.12/site-packages/airflow/example_dags/example_workday_timetable.py
[2024-11-01T12:30:49.799+0000] {logging_mixin.py:190} INFO - [2024-11-01T12:30:49.799+0000] {dag.py:3239} INFO - Sync 1 DAGs
[2024-11-01T12:30:49.844+0000] {logging_mixin.py:190} INFO - [2024-11-01T12:30:49.843+0000] {dag.py:4180} INFO - Setting next_dagrun for example_workday_timetable to 2021-01-04 00:00:00+00:00, run_after=2021-01-05 00:00:00+00:00
[2024-11-01T12:30:49.857+0000] {processor.py:208} INFO - Processing /home/airflow/.local/lib/python3.12/site-packages/airflow/example_dags/example_workday_timetable.py took 0.083 seconds
[2024-11-01T12:31:20.336+0000] {processor.py:186} INFO - Started process (PID=2925) to work on /home/airflow/.local/lib/python3.12/site-packages/airflow/example_dags/example_workday_timetable.py
[2024-11-01T12:31:20.337+0000] {processor.py:914} INFO - Processing file /home/airflow/.local/lib/python3.12/site-packages/airflow/example_dags/example_workday_timetable.py for tasks to queue
[2024-11-01T12:31:20.338+0000] {logging_mixin.py:190} INFO - [2024-11-01T12:31:20.338+0000] {dagbag.py:588} INFO - Filling up the DagBag from /home/airflow/.local/lib/python3.12/site-packages/airflow/example_dags/example_workday_timetable.py
[2024-11-01T12:31:20.342+0000] {processor.py:925} INFO - DAG(s) 'example_workday_timetable' retrieved from /home/airflow/.local/lib/python3.12/site-packages/airflow/example_dags/example_workday_timetable.py
[2024-11-01T12:31:20.355+0000] {logging_mixin.py:190} INFO - [2024-11-01T12:31:20.355+0000] {dag.py:3239} INFO - Sync 1 DAGs
[2024-11-01T12:31:20.397+0000] {logging_mixin.py:190} INFO - [2024-11-01T12:31:20.397+0000] {dag.py:4180} INFO - Setting next_dagrun for example_workday_timetable to 2021-01-04 00:00:00+00:00, run_after=2021-01-05 00:00:00+00:00
[2024-11-01T12:31:20.410+0000] {processor.py:208} INFO - Processing /home/airflow/.local/lib/python3.12/site-packages/airflow/example_dags/example_workday_timetable.py took 0.078 seconds
[2024-11-01T12:31:50.945+0000] {processor.py:186} INFO - Started process (PID=2990) to work on /home/airflow/.local/lib/python3.12/site-packages/airflow/example_dags/example_workday_timetable.py
[2024-11-01T12:31:50.945+0000] {processor.py:914} INFO - Processing file /home/airflow/.local/lib/python3.12/site-packages/airflow/example_dags/example_workday_timetable.py for tasks to queue
[2024-11-01T12:31:50.947+0000] {logging_mixin.py:190} INFO - [2024-11-01T12:31:50.946+0000] {dagbag.py:588} INFO - Filling up the DagBag from /home/airflow/.local/lib/python3.12/site-packages/airflow/example_dags/example_workday_timetable.py
[2024-11-01T12:31:50.950+0000] {processor.py:925} INFO - DAG(s) 'example_workday_timetable' retrieved from /home/airflow/.local/lib/python3.12/site-packages/airflow/example_dags/example_workday_timetable.py
[2024-11-01T12:31:50.964+0000] {logging_mixin.py:190} INFO - [2024-11-01T12:31:50.964+0000] {dag.py:3239} INFO - Sync 1 DAGs
[2024-11-01T12:31:51.005+0000] {logging_mixin.py:190} INFO - [2024-11-01T12:31:51.005+0000] {dag.py:4180} INFO - Setting next_dagrun for example_workday_timetable to 2021-01-04 00:00:00+00:00, run_after=2021-01-05 00:00:00+00:00
[2024-11-01T12:31:51.019+0000] {processor.py:208} INFO - Processing /home/airflow/.local/lib/python3.12/site-packages/airflow/example_dags/example_workday_timetable.py took 0.078 seconds
[2024-11-01T12:32:21.453+0000] {processor.py:186} INFO - Started process (PID=3055) to work on /home/airflow/.local/lib/python3.12/site-packages/airflow/example_dags/example_workday_timetable.py
[2024-11-01T12:32:21.454+0000] {processor.py:914} INFO - Processing file /home/airflow/.local/lib/python3.12/site-packages/airflow/example_dags/example_workday_timetable.py for tasks to queue
[2024-11-01T12:32:21.455+0000] {logging_mixin.py:190} INFO - [2024-11-01T12:32:21.455+0000] {dagbag.py:588} INFO - Filling up the DagBag from /home/airflow/.local/lib/python3.12/site-packages/airflow/example_dags/example_workday_timetable.py
[2024-11-01T12:32:21.460+0000] {processor.py:925} INFO - DAG(s) 'example_workday_timetable' retrieved from /home/airflow/.local/lib/python3.12/site-packages/airflow/example_dags/example_workday_timetable.py
[2024-11-01T12:32:21.476+0000] {logging_mixin.py:190} INFO - [2024-11-01T12:32:21.476+0000] {dag.py:3239} INFO - Sync 1 DAGs
[2024-11-01T12:32:21.517+0000] {logging_mixin.py:190} INFO - [2024-11-01T12:32:21.516+0000] {dag.py:4180} INFO - Setting next_dagrun for example_workday_timetable to 2021-01-04 00:00:00+00:00, run_after=2021-01-05 00:00:00+00:00
[2024-11-01T12:32:21.530+0000] {processor.py:208} INFO - Processing /home/airflow/.local/lib/python3.12/site-packages/airflow/example_dags/example_workday_timetable.py took 0.082 seconds
[2024-11-01T12:32:52.094+0000] {processor.py:186} INFO - Started process (PID=3120) to work on /home/airflow/.local/lib/python3.12/site-packages/airflow/example_dags/example_workday_timetable.py
[2024-11-01T12:32:52.095+0000] {processor.py:914} INFO - Processing file /home/airflow/.local/lib/python3.12/site-packages/airflow/example_dags/example_workday_timetable.py for tasks to queue
[2024-11-01T12:32:52.096+0000] {logging_mixin.py:190} INFO - [2024-11-01T12:32:52.096+0000] {dagbag.py:588} INFO - Filling up the DagBag from /home/airflow/.local/lib/python3.12/site-packages/airflow/example_dags/example_workday_timetable.py
[2024-11-01T12:32:52.099+0000] {processor.py:925} INFO - DAG(s) 'example_workday_timetable' retrieved from /home/airflow/.local/lib/python3.12/site-packages/airflow/example_dags/example_workday_timetable.py
[2024-11-01T12:32:52.112+0000] {logging_mixin.py:190} INFO - [2024-11-01T12:32:52.112+0000] {dag.py:3239} INFO - Sync 1 DAGs
[2024-11-01T12:32:52.156+0000] {logging_mixin.py:190} INFO - [2024-11-01T12:32:52.156+0000] {dag.py:4180} INFO - Setting next_dagrun for example_workday_timetable to 2021-01-04 00:00:00+00:00, run_after=2021-01-05 00:00:00+00:00
[2024-11-01T12:32:52.173+0000] {processor.py:208} INFO - Processing /home/airflow/.local/lib/python3.12/site-packages/airflow/example_dags/example_workday_timetable.py took 0.083 seconds
[2024-11-01T12:33:22.619+0000] {processor.py:186} INFO - Started process (PID=3185) to work on /home/airflow/.local/lib/python3.12/site-packages/airflow/example_dags/example_workday_timetable.py
[2024-11-01T12:33:22.619+0000] {processor.py:914} INFO - Processing file /home/airflow/.local/lib/python3.12/site-packages/airflow/example_dags/example_workday_timetable.py for tasks to queue
[2024-11-01T12:33:22.621+0000] {logging_mixin.py:190} INFO - [2024-11-01T12:33:22.621+0000] {dagbag.py:588} INFO - Filling up the DagBag from /home/airflow/.local/lib/python3.12/site-packages/airflow/example_dags/example_workday_timetable.py
[2024-11-01T12:33:22.625+0000] {processor.py:925} INFO - DAG(s) 'example_workday_timetable' retrieved from /home/airflow/.local/lib/python3.12/site-packages/airflow/example_dags/example_workday_timetable.py
[2024-11-01T12:33:22.640+0000] {logging_mixin.py:190} INFO - [2024-11-01T12:33:22.640+0000] {dag.py:3239} INFO - Sync 1 DAGs
[2024-11-01T12:33:22.686+0000] {logging_mixin.py:190} INFO - [2024-11-01T12:33:22.686+0000] {dag.py:4180} INFO - Setting next_dagrun for example_workday_timetable to 2021-01-04 00:00:00+00:00, run_after=2021-01-05 00:00:00+00:00
[2024-11-01T12:33:22.702+0000] {processor.py:208} INFO - Processing /home/airflow/.local/lib/python3.12/site-packages/airflow/example_dags/example_workday_timetable.py took 0.087 seconds
[2024-11-01T12:33:53.217+0000] {processor.py:186} INFO - Started process (PID=3250) to work on /home/airflow/.local/lib/python3.12/site-packages/airflow/example_dags/example_workday_timetable.py
[2024-11-01T12:33:53.217+0000] {processor.py:914} INFO - Processing file /home/airflow/.local/lib/python3.12/site-packages/airflow/example_dags/example_workday_timetable.py for tasks to queue
[2024-11-01T12:33:53.219+0000] {logging_mixin.py:190} INFO - [2024-11-01T12:33:53.218+0000] {dagbag.py:588} INFO - Filling up the DagBag from /home/airflow/.local/lib/python3.12/site-packages/airflow/example_dags/example_workday_timetable.py
[2024-11-01T12:33:53.222+0000] {processor.py:925} INFO - DAG(s) 'example_workday_timetable' retrieved from /home/airflow/.local/lib/python3.12/site-packages/airflow/example_dags/example_workday_timetable.py
[2024-11-01T12:33:53.236+0000] {logging_mixin.py:190} INFO - [2024-11-01T12:33:53.235+0000] {dag.py:3239} INFO - Sync 1 DAGs
[2024-11-01T12:33:53.282+0000] {logging_mixin.py:190} INFO - [2024-11-01T12:33:53.281+0000] {dag.py:4180} INFO - Setting next_dagrun for example_workday_timetable to 2021-01-04 00:00:00+00:00, run_after=2021-01-05 00:00:00+00:00
[2024-11-01T12:33:53.296+0000] {processor.py:208} INFO - Processing /home/airflow/.local/lib/python3.12/site-packages/airflow/example_dags/example_workday_timetable.py took 0.083 seconds
[2024-11-01T12:34:24.049+0000] {processor.py:186} INFO - Started process (PID=3315) to work on /home/airflow/.local/lib/python3.12/site-packages/airflow/example_dags/example_workday_timetable.py
[2024-11-01T12:34:24.049+0000] {processor.py:914} INFO - Processing file /home/airflow/.local/lib/python3.12/site-packages/airflow/example_dags/example_workday_timetable.py for tasks to queue
[2024-11-01T12:34:24.051+0000] {logging_mixin.py:190} INFO - [2024-11-01T12:34:24.050+0000] {dagbag.py:588} INFO - Filling up the DagBag from /home/airflow/.local/lib/python3.12/site-packages/airflow/example_dags/example_workday_timetable.py
[2024-11-01T12:34:24.054+0000] {processor.py:925} INFO - DAG(s) 'example_workday_timetable' retrieved from /home/airflow/.local/lib/python3.12/site-packages/airflow/example_dags/example_workday_timetable.py
[2024-11-01T12:34:24.065+0000] {logging_mixin.py:190} INFO - [2024-11-01T12:34:24.065+0000] {dag.py:3239} INFO - Sync 1 DAGs
[2024-11-01T12:34:24.102+0000] {logging_mixin.py:190} INFO - [2024-11-01T12:34:24.102+0000] {dag.py:4180} INFO - Setting next_dagrun for example_workday_timetable to 2021-01-04 00:00:00+00:00, run_after=2021-01-05 00:00:00+00:00
[2024-11-01T12:34:24.114+0000] {processor.py:208} INFO - Processing /home/airflow/.local/lib/python3.12/site-packages/airflow/example_dags/example_workday_timetable.py took 0.069 seconds
[2024-11-01T12:34:54.174+0000] {processor.py:186} INFO - Started process (PID=3379) to work on /home/airflow/.local/lib/python3.12/site-packages/airflow/example_dags/example_workday_timetable.py
[2024-11-01T12:34:54.174+0000] {processor.py:914} INFO - Processing file /home/airflow/.local/lib/python3.12/site-packages/airflow/example_dags/example_workday_timetable.py for tasks to queue
[2024-11-01T12:34:54.176+0000] {logging_mixin.py:190} INFO - [2024-11-01T12:34:54.176+0000] {dagbag.py:588} INFO - Filling up the DagBag from /home/airflow/.local/lib/python3.12/site-packages/airflow/example_dags/example_workday_timetable.py
[2024-11-01T12:34:54.180+0000] {processor.py:925} INFO - DAG(s) 'example_workday_timetable' retrieved from /home/airflow/.local/lib/python3.12/site-packages/airflow/example_dags/example_workday_timetable.py
[2024-11-01T12:34:54.192+0000] {logging_mixin.py:190} INFO - [2024-11-01T12:34:54.192+0000] {dag.py:3239} INFO - Sync 1 DAGs
[2024-11-01T12:34:54.236+0000] {logging_mixin.py:190} INFO - [2024-11-01T12:34:54.236+0000] {dag.py:4180} INFO - Setting next_dagrun for example_workday_timetable to 2021-01-04 00:00:00+00:00, run_after=2021-01-05 00:00:00+00:00
[2024-11-01T12:34:54.252+0000] {processor.py:208} INFO - Processing /home/airflow/.local/lib/python3.12/site-packages/airflow/example_dags/example_workday_timetable.py took 0.082 seconds
[2024-11-01T12:35:25.019+0000] {processor.py:186} INFO - Started process (PID=3444) to work on /home/airflow/.local/lib/python3.12/site-packages/airflow/example_dags/example_workday_timetable.py
[2024-11-01T12:35:25.020+0000] {processor.py:914} INFO - Processing file /home/airflow/.local/lib/python3.12/site-packages/airflow/example_dags/example_workday_timetable.py for tasks to queue
[2024-11-01T12:35:25.022+0000] {logging_mixin.py:190} INFO - [2024-11-01T12:35:25.022+0000] {dagbag.py:588} INFO - Filling up the DagBag from /home/airflow/.local/lib/python3.12/site-packages/airflow/example_dags/example_workday_timetable.py
[2024-11-01T12:35:25.025+0000] {processor.py:925} INFO - DAG(s) 'example_workday_timetable' retrieved from /home/airflow/.local/lib/python3.12/site-packages/airflow/example_dags/example_workday_timetable.py
[2024-11-01T12:35:25.039+0000] {logging_mixin.py:190} INFO - [2024-11-01T12:35:25.039+0000] {dag.py:3239} INFO - Sync 1 DAGs
[2024-11-01T12:35:25.085+0000] {logging_mixin.py:190} INFO - [2024-11-01T12:35:25.084+0000] {dag.py:4180} INFO - Setting next_dagrun for example_workday_timetable to 2021-01-04 00:00:00+00:00, run_after=2021-01-05 00:00:00+00:00
[2024-11-01T12:35:25.099+0000] {processor.py:208} INFO - Processing /home/airflow/.local/lib/python3.12/site-packages/airflow/example_dags/example_workday_timetable.py took 0.084 seconds
[2024-11-01T12:35:55.941+0000] {processor.py:186} INFO - Started process (PID=3510) to work on /home/airflow/.local/lib/python3.12/site-packages/airflow/example_dags/example_workday_timetable.py
[2024-11-01T12:35:55.943+0000] {processor.py:914} INFO - Processing file /home/airflow/.local/lib/python3.12/site-packages/airflow/example_dags/example_workday_timetable.py for tasks to queue
[2024-11-01T12:35:55.945+0000] {logging_mixin.py:190} INFO - [2024-11-01T12:35:55.945+0000] {dagbag.py:588} INFO - Filling up the DagBag from /home/airflow/.local/lib/python3.12/site-packages/airflow/example_dags/example_workday_timetable.py
[2024-11-01T12:35:55.948+0000] {processor.py:925} INFO - DAG(s) 'example_workday_timetable' retrieved from /home/airflow/.local/lib/python3.12/site-packages/airflow/example_dags/example_workday_timetable.py
[2024-11-01T12:35:55.961+0000] {logging_mixin.py:190} INFO - [2024-11-01T12:35:55.960+0000] {dag.py:3239} INFO - Sync 1 DAGs
[2024-11-01T12:35:56.022+0000] {logging_mixin.py:190} INFO - [2024-11-01T12:35:56.021+0000] {dag.py:4180} INFO - Setting next_dagrun for example_workday_timetable to 2021-01-04 00:00:00+00:00, run_after=2021-01-05 00:00:00+00:00
[2024-11-01T12:35:56.038+0000] {processor.py:208} INFO - Processing /home/airflow/.local/lib/python3.12/site-packages/airflow/example_dags/example_workday_timetable.py took 0.101 seconds
[2024-11-01T12:36:26.797+0000] {processor.py:186} INFO - Started process (PID=3575) to work on /home/airflow/.local/lib/python3.12/site-packages/airflow/example_dags/example_workday_timetable.py
[2024-11-01T12:36:26.798+0000] {processor.py:914} INFO - Processing file /home/airflow/.local/lib/python3.12/site-packages/airflow/example_dags/example_workday_timetable.py for tasks to queue
[2024-11-01T12:36:26.799+0000] {logging_mixin.py:190} INFO - [2024-11-01T12:36:26.799+0000] {dagbag.py:588} INFO - Filling up the DagBag from /home/airflow/.local/lib/python3.12/site-packages/airflow/example_dags/example_workday_timetable.py
[2024-11-01T12:36:26.803+0000] {processor.py:925} INFO - DAG(s) 'example_workday_timetable' retrieved from /home/airflow/.local/lib/python3.12/site-packages/airflow/example_dags/example_workday_timetable.py
[2024-11-01T12:36:26.817+0000] {logging_mixin.py:190} INFO - [2024-11-01T12:36:26.817+0000] {dag.py:3239} INFO - Sync 1 DAGs
[2024-11-01T12:36:26.858+0000] {logging_mixin.py:190} INFO - [2024-11-01T12:36:26.858+0000] {dag.py:4180} INFO - Setting next_dagrun for example_workday_timetable to 2021-01-04 00:00:00+00:00, run_after=2021-01-05 00:00:00+00:00
[2024-11-01T12:36:26.872+0000] {processor.py:208} INFO - Processing /home/airflow/.local/lib/python3.12/site-packages/airflow/example_dags/example_workday_timetable.py took 0.079 seconds
[2024-11-01T12:36:56.916+0000] {processor.py:186} INFO - Started process (PID=3640) to work on /home/airflow/.local/lib/python3.12/site-packages/airflow/example_dags/example_workday_timetable.py
[2024-11-01T12:36:56.917+0000] {processor.py:914} INFO - Processing file /home/airflow/.local/lib/python3.12/site-packages/airflow/example_dags/example_workday_timetable.py for tasks to queue
[2024-11-01T12:36:56.918+0000] {logging_mixin.py:190} INFO - [2024-11-01T12:36:56.918+0000] {dagbag.py:588} INFO - Filling up the DagBag from /home/airflow/.local/lib/python3.12/site-packages/airflow/example_dags/example_workday_timetable.py
[2024-11-01T12:36:56.921+0000] {processor.py:925} INFO - DAG(s) 'example_workday_timetable' retrieved from /home/airflow/.local/lib/python3.12/site-packages/airflow/example_dags/example_workday_timetable.py
[2024-11-01T12:36:56.934+0000] {logging_mixin.py:190} INFO - [2024-11-01T12:36:56.933+0000] {dag.py:3239} INFO - Sync 1 DAGs
[2024-11-01T12:36:56.976+0000] {logging_mixin.py:190} INFO - [2024-11-01T12:36:56.976+0000] {dag.py:4180} INFO - Setting next_dagrun for example_workday_timetable to 2021-01-04 00:00:00+00:00, run_after=2021-01-05 00:00:00+00:00
[2024-11-01T12:36:56.990+0000] {processor.py:208} INFO - Processing /home/airflow/.local/lib/python3.12/site-packages/airflow/example_dags/example_workday_timetable.py took 0.077 seconds
[2024-11-01T12:37:27.100+0000] {processor.py:186} INFO - Started process (PID=3705) to work on /home/airflow/.local/lib/python3.12/site-packages/airflow/example_dags/example_workday_timetable.py
[2024-11-01T12:37:27.101+0000] {processor.py:914} INFO - Processing file /home/airflow/.local/lib/python3.12/site-packages/airflow/example_dags/example_workday_timetable.py for tasks to queue
[2024-11-01T12:37:27.103+0000] {logging_mixin.py:190} INFO - [2024-11-01T12:37:27.103+0000] {dagbag.py:588} INFO - Filling up the DagBag from /home/airflow/.local/lib/python3.12/site-packages/airflow/example_dags/example_workday_timetable.py
[2024-11-01T12:37:27.107+0000] {processor.py:925} INFO - DAG(s) 'example_workday_timetable' retrieved from /home/airflow/.local/lib/python3.12/site-packages/airflow/example_dags/example_workday_timetable.py
[2024-11-01T12:37:27.119+0000] {logging_mixin.py:190} INFO - [2024-11-01T12:37:27.119+0000] {dag.py:3239} INFO - Sync 1 DAGs
[2024-11-01T12:37:27.161+0000] {logging_mixin.py:190} INFO - [2024-11-01T12:37:27.161+0000] {dag.py:4180} INFO - Setting next_dagrun for example_workday_timetable to 2021-01-04 00:00:00+00:00, run_after=2021-01-05 00:00:00+00:00
[2024-11-01T12:37:27.174+0000] {processor.py:208} INFO - Processing /home/airflow/.local/lib/python3.12/site-packages/airflow/example_dags/example_workday_timetable.py took 0.079 seconds
[2024-11-01T12:37:57.933+0000] {processor.py:186} INFO - Started process (PID=3770) to work on /home/airflow/.local/lib/python3.12/site-packages/airflow/example_dags/example_workday_timetable.py
[2024-11-01T12:37:57.934+0000] {processor.py:914} INFO - Processing file /home/airflow/.local/lib/python3.12/site-packages/airflow/example_dags/example_workday_timetable.py for tasks to queue
[2024-11-01T12:37:57.938+0000] {logging_mixin.py:190} INFO - [2024-11-01T12:37:57.937+0000] {dagbag.py:588} INFO - Filling up the DagBag from /home/airflow/.local/lib/python3.12/site-packages/airflow/example_dags/example_workday_timetable.py
[2024-11-01T12:37:57.944+0000] {processor.py:925} INFO - DAG(s) 'example_workday_timetable' retrieved from /home/airflow/.local/lib/python3.12/site-packages/airflow/example_dags/example_workday_timetable.py
[2024-11-01T12:37:57.965+0000] {logging_mixin.py:190} INFO - [2024-11-01T12:37:57.964+0000] {dag.py:3239} INFO - Sync 1 DAGs
[2024-11-01T12:37:58.035+0000] {logging_mixin.py:190} INFO - [2024-11-01T12:37:58.035+0000] {dag.py:4180} INFO - Setting next_dagrun for example_workday_timetable to 2021-01-04 00:00:00+00:00, run_after=2021-01-05 00:00:00+00:00
[2024-11-01T12:37:58.062+0000] {processor.py:208} INFO - Processing /home/airflow/.local/lib/python3.12/site-packages/airflow/example_dags/example_workday_timetable.py took 0.134 seconds
[2024-11-01T12:38:28.625+0000] {processor.py:186} INFO - Started process (PID=3835) to work on /home/airflow/.local/lib/python3.12/site-packages/airflow/example_dags/example_workday_timetable.py
[2024-11-01T12:38:28.626+0000] {processor.py:914} INFO - Processing file /home/airflow/.local/lib/python3.12/site-packages/airflow/example_dags/example_workday_timetable.py for tasks to queue
[2024-11-01T12:38:28.628+0000] {logging_mixin.py:190} INFO - [2024-11-01T12:38:28.628+0000] {dagbag.py:588} INFO - Filling up the DagBag from /home/airflow/.local/lib/python3.12/site-packages/airflow/example_dags/example_workday_timetable.py
[2024-11-01T12:38:28.632+0000] {processor.py:925} INFO - DAG(s) 'example_workday_timetable' retrieved from /home/airflow/.local/lib/python3.12/site-packages/airflow/example_dags/example_workday_timetable.py
[2024-11-01T12:38:28.645+0000] {logging_mixin.py:190} INFO - [2024-11-01T12:38:28.645+0000] {dag.py:3239} INFO - Sync 1 DAGs
[2024-11-01T12:38:28.685+0000] {logging_mixin.py:190} INFO - [2024-11-01T12:38:28.685+0000] {dag.py:4180} INFO - Setting next_dagrun for example_workday_timetable to 2021-01-04 00:00:00+00:00, run_after=2021-01-05 00:00:00+00:00
[2024-11-01T12:38:28.698+0000] {processor.py:208} INFO - Processing /home/airflow/.local/lib/python3.12/site-packages/airflow/example_dags/example_workday_timetable.py took 0.077 seconds
[2024-11-01T12:38:59.273+0000] {processor.py:186} INFO - Started process (PID=3900) to work on /home/airflow/.local/lib/python3.12/site-packages/airflow/example_dags/example_workday_timetable.py
[2024-11-01T12:38:59.274+0000] {processor.py:914} INFO - Processing file /home/airflow/.local/lib/python3.12/site-packages/airflow/example_dags/example_workday_timetable.py for tasks to queue
[2024-11-01T12:38:59.275+0000] {logging_mixin.py:190} INFO - [2024-11-01T12:38:59.275+0000] {dagbag.py:588} INFO - Filling up the DagBag from /home/airflow/.local/lib/python3.12/site-packages/airflow/example_dags/example_workday_timetable.py
[2024-11-01T12:38:59.279+0000] {processor.py:925} INFO - DAG(s) 'example_workday_timetable' retrieved from /home/airflow/.local/lib/python3.12/site-packages/airflow/example_dags/example_workday_timetable.py
[2024-11-01T12:38:59.292+0000] {logging_mixin.py:190} INFO - [2024-11-01T12:38:59.292+0000] {dag.py:3239} INFO - Sync 1 DAGs
[2024-11-01T12:38:59.333+0000] {logging_mixin.py:190} INFO - [2024-11-01T12:38:59.332+0000] {dag.py:4180} INFO - Setting next_dagrun for example_workday_timetable to 2021-01-04 00:00:00+00:00, run_after=2021-01-05 00:00:00+00:00
[2024-11-01T12:38:59.347+0000] {processor.py:208} INFO - Processing /home/airflow/.local/lib/python3.12/site-packages/airflow/example_dags/example_workday_timetable.py took 0.078 seconds
[2024-11-01T12:39:29.920+0000] {processor.py:186} INFO - Started process (PID=3965) to work on /home/airflow/.local/lib/python3.12/site-packages/airflow/example_dags/example_workday_timetable.py
[2024-11-01T12:39:29.921+0000] {processor.py:914} INFO - Processing file /home/airflow/.local/lib/python3.12/site-packages/airflow/example_dags/example_workday_timetable.py for tasks to queue
[2024-11-01T12:39:29.922+0000] {logging_mixin.py:190} INFO - [2024-11-01T12:39:29.922+0000] {dagbag.py:588} INFO - Filling up the DagBag from /home/airflow/.local/lib/python3.12/site-packages/airflow/example_dags/example_workday_timetable.py
[2024-11-01T12:39:29.926+0000] {processor.py:925} INFO - DAG(s) 'example_workday_timetable' retrieved from /home/airflow/.local/lib/python3.12/site-packages/airflow/example_dags/example_workday_timetable.py
[2024-11-01T12:39:29.940+0000] {logging_mixin.py:190} INFO - [2024-11-01T12:39:29.940+0000] {dag.py:3239} INFO - Sync 1 DAGs
[2024-11-01T12:39:29.981+0000] {logging_mixin.py:190} INFO - [2024-11-01T12:39:29.981+0000] {dag.py:4180} INFO - Setting next_dagrun for example_workday_timetable to 2021-01-04 00:00:00+00:00, run_after=2021-01-05 00:00:00+00:00
[2024-11-01T12:39:29.995+0000] {processor.py:208} INFO - Processing /home/airflow/.local/lib/python3.12/site-packages/airflow/example_dags/example_workday_timetable.py took 0.078 seconds
[2024-11-01T12:40:00.295+0000] {processor.py:186} INFO - Started process (PID=4030) to work on /home/airflow/.local/lib/python3.12/site-packages/airflow/example_dags/example_workday_timetable.py
[2024-11-01T12:40:00.295+0000] {processor.py:914} INFO - Processing file /home/airflow/.local/lib/python3.12/site-packages/airflow/example_dags/example_workday_timetable.py for tasks to queue
[2024-11-01T12:40:00.297+0000] {logging_mixin.py:190} INFO - [2024-11-01T12:40:00.297+0000] {dagbag.py:588} INFO - Filling up the DagBag from /home/airflow/.local/lib/python3.12/site-packages/airflow/example_dags/example_workday_timetable.py
[2024-11-01T12:40:00.300+0000] {processor.py:925} INFO - DAG(s) 'example_workday_timetable' retrieved from /home/airflow/.local/lib/python3.12/site-packages/airflow/example_dags/example_workday_timetable.py
[2024-11-01T12:40:00.315+0000] {logging_mixin.py:190} INFO - [2024-11-01T12:40:00.314+0000] {dag.py:3239} INFO - Sync 1 DAGs
[2024-11-01T12:40:00.360+0000] {logging_mixin.py:190} INFO - [2024-11-01T12:40:00.359+0000] {dag.py:4180} INFO - Setting next_dagrun for example_workday_timetable to 2021-01-04 00:00:00+00:00, run_after=2021-01-05 00:00:00+00:00
[2024-11-01T12:40:00.378+0000] {processor.py:208} INFO - Processing /home/airflow/.local/lib/python3.12/site-packages/airflow/example_dags/example_workday_timetable.py took 0.088 seconds
[2024-11-01T12:40:30.728+0000] {processor.py:186} INFO - Started process (PID=4095) to work on /home/airflow/.local/lib/python3.12/site-packages/airflow/example_dags/example_workday_timetable.py
[2024-11-01T12:40:30.729+0000] {processor.py:914} INFO - Processing file /home/airflow/.local/lib/python3.12/site-packages/airflow/example_dags/example_workday_timetable.py for tasks to queue
[2024-11-01T12:40:30.731+0000] {logging_mixin.py:190} INFO - [2024-11-01T12:40:30.731+0000] {dagbag.py:588} INFO - Filling up the DagBag from /home/airflow/.local/lib/python3.12/site-packages/airflow/example_dags/example_workday_timetable.py
[2024-11-01T12:40:30.736+0000] {processor.py:925} INFO - DAG(s) 'example_workday_timetable' retrieved from /home/airflow/.local/lib/python3.12/site-packages/airflow/example_dags/example_workday_timetable.py
[2024-11-01T12:40:30.753+0000] {logging_mixin.py:190} INFO - [2024-11-01T12:40:30.753+0000] {dag.py:3239} INFO - Sync 1 DAGs
[2024-11-01T12:40:30.826+0000] {logging_mixin.py:190} INFO - [2024-11-01T12:40:30.826+0000] {dag.py:4180} INFO - Setting next_dagrun for example_workday_timetable to 2021-01-04 00:00:00+00:00, run_after=2021-01-05 00:00:00+00:00
[2024-11-01T12:40:30.841+0000] {processor.py:208} INFO - Processing /home/airflow/.local/lib/python3.12/site-packages/airflow/example_dags/example_workday_timetable.py took 0.117 seconds
[2024-11-01T12:41:01.821+0000] {processor.py:186} INFO - Started process (PID=4160) to work on /home/airflow/.local/lib/python3.12/site-packages/airflow/example_dags/example_workday_timetable.py
[2024-11-01T12:41:01.823+0000] {processor.py:914} INFO - Processing file /home/airflow/.local/lib/python3.12/site-packages/airflow/example_dags/example_workday_timetable.py for tasks to queue
[2024-11-01T12:41:01.825+0000] {logging_mixin.py:190} INFO - [2024-11-01T12:41:01.824+0000] {dagbag.py:588} INFO - Filling up the DagBag from /home/airflow/.local/lib/python3.12/site-packages/airflow/example_dags/example_workday_timetable.py
[2024-11-01T12:41:01.830+0000] {processor.py:925} INFO - DAG(s) 'example_workday_timetable' retrieved from /home/airflow/.local/lib/python3.12/site-packages/airflow/example_dags/example_workday_timetable.py
[2024-11-01T12:41:01.843+0000] {logging_mixin.py:190} INFO - [2024-11-01T12:41:01.843+0000] {dag.py:3239} INFO - Sync 1 DAGs
[2024-11-01T12:41:01.885+0000] {logging_mixin.py:190} INFO - [2024-11-01T12:41:01.885+0000] {dag.py:4180} INFO - Setting next_dagrun for example_workday_timetable to 2021-01-04 00:00:00+00:00, run_after=2021-01-05 00:00:00+00:00
[2024-11-01T12:41:01.904+0000] {processor.py:208} INFO - Processing /home/airflow/.local/lib/python3.12/site-packages/airflow/example_dags/example_workday_timetable.py took 0.089 seconds
[2024-11-01T12:41:32.429+0000] {processor.py:186} INFO - Started process (PID=4225) to work on /home/airflow/.local/lib/python3.12/site-packages/airflow/example_dags/example_workday_timetable.py
[2024-11-01T12:41:32.429+0000] {processor.py:914} INFO - Processing file /home/airflow/.local/lib/python3.12/site-packages/airflow/example_dags/example_workday_timetable.py for tasks to queue
[2024-11-01T12:41:32.431+0000] {logging_mixin.py:190} INFO - [2024-11-01T12:41:32.431+0000] {dagbag.py:588} INFO - Filling up the DagBag from /home/airflow/.local/lib/python3.12/site-packages/airflow/example_dags/example_workday_timetable.py
[2024-11-01T12:41:32.436+0000] {processor.py:925} INFO - DAG(s) 'example_workday_timetable' retrieved from /home/airflow/.local/lib/python3.12/site-packages/airflow/example_dags/example_workday_timetable.py
[2024-11-01T12:41:32.454+0000] {logging_mixin.py:190} INFO - [2024-11-01T12:41:32.453+0000] {dag.py:3239} INFO - Sync 1 DAGs
[2024-11-01T12:41:32.510+0000] {logging_mixin.py:190} INFO - [2024-11-01T12:41:32.509+0000] {dag.py:4180} INFO - Setting next_dagrun for example_workday_timetable to 2021-01-04 00:00:00+00:00, run_after=2021-01-05 00:00:00+00:00
[2024-11-01T12:41:32.532+0000] {processor.py:208} INFO - Processing /home/airflow/.local/lib/python3.12/site-packages/airflow/example_dags/example_workday_timetable.py took 0.110 seconds
[2024-11-01T12:42:03.351+0000] {processor.py:186} INFO - Started process (PID=4290) to work on /home/airflow/.local/lib/python3.12/site-packages/airflow/example_dags/example_workday_timetable.py
[2024-11-01T12:42:03.353+0000] {processor.py:914} INFO - Processing file /home/airflow/.local/lib/python3.12/site-packages/airflow/example_dags/example_workday_timetable.py for tasks to queue
[2024-11-01T12:42:03.355+0000] {logging_mixin.py:190} INFO - [2024-11-01T12:42:03.354+0000] {dagbag.py:588} INFO - Filling up the DagBag from /home/airflow/.local/lib/python3.12/site-packages/airflow/example_dags/example_workday_timetable.py
[2024-11-01T12:42:03.359+0000] {processor.py:925} INFO - DAG(s) 'example_workday_timetable' retrieved from /home/airflow/.local/lib/python3.12/site-packages/airflow/example_dags/example_workday_timetable.py
[2024-11-01T12:42:03.372+0000] {logging_mixin.py:190} INFO - [2024-11-01T12:42:03.372+0000] {dag.py:3239} INFO - Sync 1 DAGs
[2024-11-01T12:42:03.419+0000] {logging_mixin.py:190} INFO - [2024-11-01T12:42:03.419+0000] {dag.py:4180} INFO - Setting next_dagrun for example_workday_timetable to 2021-01-04 00:00:00+00:00, run_after=2021-01-05 00:00:00+00:00
[2024-11-01T12:42:03.435+0000] {processor.py:208} INFO - Processing /home/airflow/.local/lib/python3.12/site-packages/airflow/example_dags/example_workday_timetable.py took 0.090 seconds
[2024-11-01T12:42:34.255+0000] {processor.py:186} INFO - Started process (PID=4355) to work on /home/airflow/.local/lib/python3.12/site-packages/airflow/example_dags/example_workday_timetable.py
[2024-11-01T12:42:34.257+0000] {processor.py:914} INFO - Processing file /home/airflow/.local/lib/python3.12/site-packages/airflow/example_dags/example_workday_timetable.py for tasks to queue
[2024-11-01T12:42:34.259+0000] {logging_mixin.py:190} INFO - [2024-11-01T12:42:34.258+0000] {dagbag.py:588} INFO - Filling up the DagBag from /home/airflow/.local/lib/python3.12/site-packages/airflow/example_dags/example_workday_timetable.py
[2024-11-01T12:42:34.263+0000] {processor.py:925} INFO - DAG(s) 'example_workday_timetable' retrieved from /home/airflow/.local/lib/python3.12/site-packages/airflow/example_dags/example_workday_timetable.py
[2024-11-01T12:42:34.277+0000] {logging_mixin.py:190} INFO - [2024-11-01T12:42:34.277+0000] {dag.py:3239} INFO - Sync 1 DAGs
[2024-11-01T12:42:34.317+0000] {logging_mixin.py:190} INFO - [2024-11-01T12:42:34.317+0000] {dag.py:4180} INFO - Setting next_dagrun for example_workday_timetable to 2021-01-04 00:00:00+00:00, run_after=2021-01-05 00:00:00+00:00
[2024-11-01T12:42:34.332+0000] {processor.py:208} INFO - Processing /home/airflow/.local/lib/python3.12/site-packages/airflow/example_dags/example_workday_timetable.py took 0.080 seconds
[2024-11-01T12:43:04.764+0000] {processor.py:186} INFO - Started process (PID=4420) to work on /home/airflow/.local/lib/python3.12/site-packages/airflow/example_dags/example_workday_timetable.py
[2024-11-01T12:43:04.765+0000] {processor.py:914} INFO - Processing file /home/airflow/.local/lib/python3.12/site-packages/airflow/example_dags/example_workday_timetable.py for tasks to queue
[2024-11-01T12:43:04.767+0000] {logging_mixin.py:190} INFO - [2024-11-01T12:43:04.767+0000] {dagbag.py:588} INFO - Filling up the DagBag from /home/airflow/.local/lib/python3.12/site-packages/airflow/example_dags/example_workday_timetable.py
[2024-11-01T12:43:04.772+0000] {processor.py:925} INFO - DAG(s) 'example_workday_timetable' retrieved from /home/airflow/.local/lib/python3.12/site-packages/airflow/example_dags/example_workday_timetable.py
[2024-11-01T12:43:04.786+0000] {logging_mixin.py:190} INFO - [2024-11-01T12:43:04.786+0000] {dag.py:3239} INFO - Sync 1 DAGs
[2024-11-01T12:43:04.843+0000] {logging_mixin.py:190} INFO - [2024-11-01T12:43:04.843+0000] {dag.py:4180} INFO - Setting next_dagrun for example_workday_timetable to 2021-01-04 00:00:00+00:00, run_after=2021-01-05 00:00:00+00:00
[2024-11-01T12:43:04.860+0000] {processor.py:208} INFO - Processing /home/airflow/.local/lib/python3.12/site-packages/airflow/example_dags/example_workday_timetable.py took 0.102 seconds
[2024-11-01T12:43:34.898+0000] {processor.py:186} INFO - Started process (PID=4486) to work on /home/airflow/.local/lib/python3.12/site-packages/airflow/example_dags/example_workday_timetable.py
[2024-11-01T12:43:34.899+0000] {processor.py:914} INFO - Processing file /home/airflow/.local/lib/python3.12/site-packages/airflow/example_dags/example_workday_timetable.py for tasks to queue
[2024-11-01T12:43:34.902+0000] {logging_mixin.py:190} INFO - [2024-11-01T12:43:34.901+0000] {dagbag.py:588} INFO - Filling up the DagBag from /home/airflow/.local/lib/python3.12/site-packages/airflow/example_dags/example_workday_timetable.py
[2024-11-01T12:43:34.908+0000] {processor.py:925} INFO - DAG(s) 'example_workday_timetable' retrieved from /home/airflow/.local/lib/python3.12/site-packages/airflow/example_dags/example_workday_timetable.py
[2024-11-01T12:43:34.927+0000] {logging_mixin.py:190} INFO - [2024-11-01T12:43:34.926+0000] {dag.py:3239} INFO - Sync 1 DAGs
[2024-11-01T12:43:34.981+0000] {logging_mixin.py:190} INFO - [2024-11-01T12:43:34.981+0000] {dag.py:4180} INFO - Setting next_dagrun for example_workday_timetable to 2021-01-04 00:00:00+00:00, run_after=2021-01-05 00:00:00+00:00
[2024-11-01T12:43:34.998+0000] {processor.py:208} INFO - Processing /home/airflow/.local/lib/python3.12/site-packages/airflow/example_dags/example_workday_timetable.py took 0.107 seconds
[2024-11-01T12:44:05.906+0000] {processor.py:186} INFO - Started process (PID=4551) to work on /home/airflow/.local/lib/python3.12/site-packages/airflow/example_dags/example_workday_timetable.py
[2024-11-01T12:44:05.908+0000] {processor.py:914} INFO - Processing file /home/airflow/.local/lib/python3.12/site-packages/airflow/example_dags/example_workday_timetable.py for tasks to queue
[2024-11-01T12:44:05.910+0000] {logging_mixin.py:190} INFO - [2024-11-01T12:44:05.910+0000] {dagbag.py:588} INFO - Filling up the DagBag from /home/airflow/.local/lib/python3.12/site-packages/airflow/example_dags/example_workday_timetable.py
[2024-11-01T12:44:05.917+0000] {processor.py:925} INFO - DAG(s) 'example_workday_timetable' retrieved from /home/airflow/.local/lib/python3.12/site-packages/airflow/example_dags/example_workday_timetable.py
[2024-11-01T12:44:05.937+0000] {logging_mixin.py:190} INFO - [2024-11-01T12:44:05.937+0000] {dag.py:3239} INFO - Sync 1 DAGs
[2024-11-01T12:44:06.009+0000] {logging_mixin.py:190} INFO - [2024-11-01T12:44:06.009+0000] {dag.py:4180} INFO - Setting next_dagrun for example_workday_timetable to 2021-01-04 00:00:00+00:00, run_after=2021-01-05 00:00:00+00:00
[2024-11-01T12:44:06.030+0000] {processor.py:208} INFO - Processing /home/airflow/.local/lib/python3.12/site-packages/airflow/example_dags/example_workday_timetable.py took 0.128 seconds
[2024-11-01T12:44:36.185+0000] {processor.py:186} INFO - Started process (PID=4616) to work on /home/airflow/.local/lib/python3.12/site-packages/airflow/example_dags/example_workday_timetable.py
[2024-11-01T12:44:36.185+0000] {processor.py:914} INFO - Processing file /home/airflow/.local/lib/python3.12/site-packages/airflow/example_dags/example_workday_timetable.py for tasks to queue
[2024-11-01T12:44:36.187+0000] {logging_mixin.py:190} INFO - [2024-11-01T12:44:36.187+0000] {dagbag.py:588} INFO - Filling up the DagBag from /home/airflow/.local/lib/python3.12/site-packages/airflow/example_dags/example_workday_timetable.py
[2024-11-01T12:44:36.192+0000] {processor.py:925} INFO - DAG(s) 'example_workday_timetable' retrieved from /home/airflow/.local/lib/python3.12/site-packages/airflow/example_dags/example_workday_timetable.py
[2024-11-01T12:44:36.206+0000] {logging_mixin.py:190} INFO - [2024-11-01T12:44:36.206+0000] {dag.py:3239} INFO - Sync 1 DAGs
[2024-11-01T12:44:36.282+0000] {logging_mixin.py:190} INFO - [2024-11-01T12:44:36.282+0000] {dag.py:4180} INFO - Setting next_dagrun for example_workday_timetable to 2021-01-04 00:00:00+00:00, run_after=2021-01-05 00:00:00+00:00
[2024-11-01T12:44:36.298+0000] {processor.py:208} INFO - Processing /home/airflow/.local/lib/python3.12/site-packages/airflow/example_dags/example_workday_timetable.py took 0.119 seconds
[2024-11-01T12:45:06.385+0000] {processor.py:186} INFO - Started process (PID=4681) to work on /home/airflow/.local/lib/python3.12/site-packages/airflow/example_dags/example_workday_timetable.py
[2024-11-01T12:45:06.386+0000] {processor.py:914} INFO - Processing file /home/airflow/.local/lib/python3.12/site-packages/airflow/example_dags/example_workday_timetable.py for tasks to queue
[2024-11-01T12:45:06.387+0000] {logging_mixin.py:190} INFO - [2024-11-01T12:45:06.387+0000] {dagbag.py:588} INFO - Filling up the DagBag from /home/airflow/.local/lib/python3.12/site-packages/airflow/example_dags/example_workday_timetable.py
[2024-11-01T12:45:06.393+0000] {processor.py:925} INFO - DAG(s) 'example_workday_timetable' retrieved from /home/airflow/.local/lib/python3.12/site-packages/airflow/example_dags/example_workday_timetable.py
[2024-11-01T12:45:06.413+0000] {logging_mixin.py:190} INFO - [2024-11-01T12:45:06.413+0000] {dag.py:3239} INFO - Sync 1 DAGs
[2024-11-01T12:45:06.506+0000] {logging_mixin.py:190} INFO - [2024-11-01T12:45:06.505+0000] {dag.py:4180} INFO - Setting next_dagrun for example_workday_timetable to 2021-01-04 00:00:00+00:00, run_after=2021-01-05 00:00:00+00:00
[2024-11-01T12:45:06.536+0000] {processor.py:208} INFO - Processing /home/airflow/.local/lib/python3.12/site-packages/airflow/example_dags/example_workday_timetable.py took 0.156 seconds
[2024-11-01T12:45:36.730+0000] {processor.py:186} INFO - Started process (PID=4752) to work on /home/airflow/.local/lib/python3.12/site-packages/airflow/example_dags/example_workday_timetable.py
[2024-11-01T12:45:36.732+0000] {processor.py:914} INFO - Processing file /home/airflow/.local/lib/python3.12/site-packages/airflow/example_dags/example_workday_timetable.py for tasks to queue
[2024-11-01T12:45:36.737+0000] {logging_mixin.py:190} INFO - [2024-11-01T12:45:36.736+0000] {dagbag.py:588} INFO - Filling up the DagBag from /home/airflow/.local/lib/python3.12/site-packages/airflow/example_dags/example_workday_timetable.py
[2024-11-01T12:45:36.746+0000] {processor.py:925} INFO - DAG(s) 'example_workday_timetable' retrieved from /home/airflow/.local/lib/python3.12/site-packages/airflow/example_dags/example_workday_timetable.py
[2024-11-01T12:45:36.770+0000] {logging_mixin.py:190} INFO - [2024-11-01T12:45:36.769+0000] {dag.py:3239} INFO - Sync 1 DAGs
[2024-11-01T12:45:36.870+0000] {logging_mixin.py:190} INFO - [2024-11-01T12:45:36.870+0000] {dag.py:4180} INFO - Setting next_dagrun for example_workday_timetable to 2021-01-04 00:00:00+00:00, run_after=2021-01-05 00:00:00+00:00
[2024-11-01T12:45:36.885+0000] {processor.py:208} INFO - Processing /home/airflow/.local/lib/python3.12/site-packages/airflow/example_dags/example_workday_timetable.py took 0.164 seconds
[2024-11-01T12:46:06.945+0000] {processor.py:186} INFO - Started process (PID=4818) to work on /home/airflow/.local/lib/python3.12/site-packages/airflow/example_dags/example_workday_timetable.py
[2024-11-01T12:46:06.946+0000] {processor.py:914} INFO - Processing file /home/airflow/.local/lib/python3.12/site-packages/airflow/example_dags/example_workday_timetable.py for tasks to queue
[2024-11-01T12:46:06.948+0000] {logging_mixin.py:190} INFO - [2024-11-01T12:46:06.947+0000] {dagbag.py:588} INFO - Filling up the DagBag from /home/airflow/.local/lib/python3.12/site-packages/airflow/example_dags/example_workday_timetable.py
[2024-11-01T12:46:06.954+0000] {processor.py:925} INFO - DAG(s) 'example_workday_timetable' retrieved from /home/airflow/.local/lib/python3.12/site-packages/airflow/example_dags/example_workday_timetable.py
[2024-11-01T12:46:06.972+0000] {logging_mixin.py:190} INFO - [2024-11-01T12:46:06.972+0000] {dag.py:3239} INFO - Sync 1 DAGs
[2024-11-01T12:46:07.052+0000] {logging_mixin.py:190} INFO - [2024-11-01T12:46:07.052+0000] {dag.py:4180} INFO - Setting next_dagrun for example_workday_timetable to 2021-01-04 00:00:00+00:00, run_after=2021-01-05 00:00:00+00:00
[2024-11-01T12:46:07.066+0000] {processor.py:208} INFO - Processing /home/airflow/.local/lib/python3.12/site-packages/airflow/example_dags/example_workday_timetable.py took 0.127 seconds
[2024-11-01T12:46:37.190+0000] {processor.py:186} INFO - Started process (PID=4882) to work on /home/airflow/.local/lib/python3.12/site-packages/airflow/example_dags/example_workday_timetable.py
[2024-11-01T12:46:37.191+0000] {processor.py:914} INFO - Processing file /home/airflow/.local/lib/python3.12/site-packages/airflow/example_dags/example_workday_timetable.py for tasks to queue
[2024-11-01T12:46:37.194+0000] {logging_mixin.py:190} INFO - [2024-11-01T12:46:37.193+0000] {dagbag.py:588} INFO - Filling up the DagBag from /home/airflow/.local/lib/python3.12/site-packages/airflow/example_dags/example_workday_timetable.py
[2024-11-01T12:46:37.200+0000] {processor.py:925} INFO - DAG(s) 'example_workday_timetable' retrieved from /home/airflow/.local/lib/python3.12/site-packages/airflow/example_dags/example_workday_timetable.py
[2024-11-01T12:46:37.215+0000] {logging_mixin.py:190} INFO - [2024-11-01T12:46:37.215+0000] {dag.py:3239} INFO - Sync 1 DAGs
[2024-11-01T12:46:37.298+0000] {logging_mixin.py:190} INFO - [2024-11-01T12:46:37.298+0000] {dag.py:4180} INFO - Setting next_dagrun for example_workday_timetable to 2021-01-04 00:00:00+00:00, run_after=2021-01-05 00:00:00+00:00
[2024-11-01T12:46:37.313+0000] {processor.py:208} INFO - Processing /home/airflow/.local/lib/python3.12/site-packages/airflow/example_dags/example_workday_timetable.py took 0.128 seconds
[2024-11-01T14:19:46.316+0000] {processor.py:186} INFO - Started process (PID=78) to work on /home/airflow/.local/lib/python3.12/site-packages/airflow/example_dags/example_workday_timetable.py
[2024-11-01T14:19:46.316+0000] {processor.py:914} INFO - Processing file /home/airflow/.local/lib/python3.12/site-packages/airflow/example_dags/example_workday_timetable.py for tasks to queue
[2024-11-01T14:19:46.318+0000] {logging_mixin.py:190} INFO - [2024-11-01T14:19:46.318+0000] {dagbag.py:588} INFO - Filling up the DagBag from /home/airflow/.local/lib/python3.12/site-packages/airflow/example_dags/example_workday_timetable.py
[2024-11-01T14:19:46.322+0000] {processor.py:925} INFO - DAG(s) 'example_workday_timetable' retrieved from /home/airflow/.local/lib/python3.12/site-packages/airflow/example_dags/example_workday_timetable.py
[2024-11-01T14:19:46.337+0000] {logging_mixin.py:190} INFO - [2024-11-01T14:19:46.337+0000] {dag.py:3239} INFO - Sync 1 DAGs
[2024-11-01T14:19:46.387+0000] {logging_mixin.py:190} INFO - [2024-11-01T14:19:46.387+0000] {dag.py:4180} INFO - Setting next_dagrun for example_workday_timetable to 2021-01-04 00:00:00+00:00, run_after=2021-01-05 00:00:00+00:00
[2024-11-01T14:19:46.404+0000] {processor.py:208} INFO - Processing /home/airflow/.local/lib/python3.12/site-packages/airflow/example_dags/example_workday_timetable.py took 0.092 seconds
[2024-11-01T14:20:16.609+0000] {processor.py:186} INFO - Started process (PID=142) to work on /home/airflow/.local/lib/python3.12/site-packages/airflow/example_dags/example_workday_timetable.py
[2024-11-01T14:20:16.609+0000] {processor.py:914} INFO - Processing file /home/airflow/.local/lib/python3.12/site-packages/airflow/example_dags/example_workday_timetable.py for tasks to queue
[2024-11-01T14:20:16.611+0000] {logging_mixin.py:190} INFO - [2024-11-01T14:20:16.611+0000] {dagbag.py:588} INFO - Filling up the DagBag from /home/airflow/.local/lib/python3.12/site-packages/airflow/example_dags/example_workday_timetable.py
[2024-11-01T14:20:16.615+0000] {processor.py:925} INFO - DAG(s) 'example_workday_timetable' retrieved from /home/airflow/.local/lib/python3.12/site-packages/airflow/example_dags/example_workday_timetable.py
[2024-11-01T14:20:16.631+0000] {logging_mixin.py:190} INFO - [2024-11-01T14:20:16.631+0000] {dag.py:3239} INFO - Sync 1 DAGs
[2024-11-01T14:20:16.736+0000] {logging_mixin.py:190} INFO - [2024-11-01T14:20:16.736+0000] {dag.py:4180} INFO - Setting next_dagrun for example_workday_timetable to 2021-01-04 00:00:00+00:00, run_after=2021-01-05 00:00:00+00:00
[2024-11-01T14:20:16.768+0000] {processor.py:208} INFO - Processing /home/airflow/.local/lib/python3.12/site-packages/airflow/example_dags/example_workday_timetable.py took 0.164 seconds
[2024-11-01T14:22:25.884+0000] {processor.py:186} INFO - Started process (PID=205) to work on /home/airflow/.local/lib/python3.12/site-packages/airflow/example_dags/example_workday_timetable.py
[2024-11-01T14:22:25.888+0000] {processor.py:914} INFO - Processing file /home/airflow/.local/lib/python3.12/site-packages/airflow/example_dags/example_workday_timetable.py for tasks to queue
[2024-11-01T14:22:25.896+0000] {logging_mixin.py:190} INFO - [2024-11-01T14:22:25.893+0000] {dagbag.py:588} INFO - Filling up the DagBag from /home/airflow/.local/lib/python3.12/site-packages/airflow/example_dags/example_workday_timetable.py
[2024-11-01T14:22:25.912+0000] {processor.py:925} INFO - DAG(s) 'example_workday_timetable' retrieved from /home/airflow/.local/lib/python3.12/site-packages/airflow/example_dags/example_workday_timetable.py
[2024-11-01T14:22:25.964+0000] {logging_mixin.py:190} INFO - [2024-11-01T14:22:25.964+0000] {dag.py:3239} INFO - Sync 1 DAGs
[2024-11-01T14:22:26.210+0000] {logging_mixin.py:190} INFO - [2024-11-01T14:22:26.210+0000] {dag.py:4180} INFO - Setting next_dagrun for example_workday_timetable to 2021-01-04 00:00:00+00:00, run_after=2021-01-05 00:00:00+00:00
[2024-11-01T14:22:26.233+0000] {processor.py:208} INFO - Processing /home/airflow/.local/lib/python3.12/site-packages/airflow/example_dags/example_workday_timetable.py took 0.362 seconds
[2024-11-01T14:22:56.888+0000] {processor.py:186} INFO - Started process (PID=272) to work on /home/airflow/.local/lib/python3.12/site-packages/airflow/example_dags/example_workday_timetable.py
[2024-11-01T14:22:56.889+0000] {processor.py:914} INFO - Processing file /home/airflow/.local/lib/python3.12/site-packages/airflow/example_dags/example_workday_timetable.py for tasks to queue
[2024-11-01T14:22:56.890+0000] {logging_mixin.py:190} INFO - [2024-11-01T14:22:56.890+0000] {dagbag.py:588} INFO - Filling up the DagBag from /home/airflow/.local/lib/python3.12/site-packages/airflow/example_dags/example_workday_timetable.py
[2024-11-01T14:22:56.894+0000] {processor.py:925} INFO - DAG(s) 'example_workday_timetable' retrieved from /home/airflow/.local/lib/python3.12/site-packages/airflow/example_dags/example_workday_timetable.py
[2024-11-01T14:22:56.911+0000] {logging_mixin.py:190} INFO - [2024-11-01T14:22:56.910+0000] {dag.py:3239} INFO - Sync 1 DAGs
[2024-11-01T14:22:57.021+0000] {logging_mixin.py:190} INFO - [2024-11-01T14:22:57.021+0000] {dag.py:4180} INFO - Setting next_dagrun for example_workday_timetable to 2021-01-04 00:00:00+00:00, run_after=2021-01-05 00:00:00+00:00
[2024-11-01T14:22:57.041+0000] {processor.py:208} INFO - Processing /home/airflow/.local/lib/python3.12/site-packages/airflow/example_dags/example_workday_timetable.py took 0.158 seconds
[2024-11-01T14:23:27.348+0000] {processor.py:186} INFO - Started process (PID=337) to work on /home/airflow/.local/lib/python3.12/site-packages/airflow/example_dags/example_workday_timetable.py
[2024-11-01T14:23:27.349+0000] {processor.py:914} INFO - Processing file /home/airflow/.local/lib/python3.12/site-packages/airflow/example_dags/example_workday_timetable.py for tasks to queue
[2024-11-01T14:23:27.350+0000] {logging_mixin.py:190} INFO - [2024-11-01T14:23:27.349+0000] {dagbag.py:588} INFO - Filling up the DagBag from /home/airflow/.local/lib/python3.12/site-packages/airflow/example_dags/example_workday_timetable.py
[2024-11-01T14:23:27.353+0000] {processor.py:925} INFO - DAG(s) 'example_workday_timetable' retrieved from /home/airflow/.local/lib/python3.12/site-packages/airflow/example_dags/example_workday_timetable.py
[2024-11-01T14:23:27.367+0000] {logging_mixin.py:190} INFO - [2024-11-01T14:23:27.367+0000] {dag.py:3239} INFO - Sync 1 DAGs
[2024-11-01T14:23:27.415+0000] {logging_mixin.py:190} INFO - [2024-11-01T14:23:27.415+0000] {dag.py:4180} INFO - Setting next_dagrun for example_workday_timetable to 2021-01-04 00:00:00+00:00, run_after=2021-01-05 00:00:00+00:00
[2024-11-01T14:23:27.428+0000] {processor.py:208} INFO - Processing /home/airflow/.local/lib/python3.12/site-packages/airflow/example_dags/example_workday_timetable.py took 0.084 seconds
[2024-11-01T14:23:58.247+0000] {processor.py:186} INFO - Started process (PID=402) to work on /home/airflow/.local/lib/python3.12/site-packages/airflow/example_dags/example_workday_timetable.py
[2024-11-01T14:23:58.248+0000] {processor.py:914} INFO - Processing file /home/airflow/.local/lib/python3.12/site-packages/airflow/example_dags/example_workday_timetable.py for tasks to queue
[2024-11-01T14:23:58.249+0000] {logging_mixin.py:190} INFO - [2024-11-01T14:23:58.249+0000] {dagbag.py:588} INFO - Filling up the DagBag from /home/airflow/.local/lib/python3.12/site-packages/airflow/example_dags/example_workday_timetable.py
[2024-11-01T14:23:58.253+0000] {processor.py:925} INFO - DAG(s) 'example_workday_timetable' retrieved from /home/airflow/.local/lib/python3.12/site-packages/airflow/example_dags/example_workday_timetable.py
[2024-11-01T14:23:58.266+0000] {logging_mixin.py:190} INFO - [2024-11-01T14:23:58.266+0000] {dag.py:3239} INFO - Sync 1 DAGs
[2024-11-01T14:23:58.316+0000] {logging_mixin.py:190} INFO - [2024-11-01T14:23:58.316+0000] {dag.py:4180} INFO - Setting next_dagrun for example_workday_timetable to 2021-01-04 00:00:00+00:00, run_after=2021-01-05 00:00:00+00:00
[2024-11-01T14:23:58.332+0000] {processor.py:208} INFO - Processing /home/airflow/.local/lib/python3.12/site-packages/airflow/example_dags/example_workday_timetable.py took 0.089 seconds
[2024-11-01T14:24:28.588+0000] {processor.py:186} INFO - Started process (PID=467) to work on /home/airflow/.local/lib/python3.12/site-packages/airflow/example_dags/example_workday_timetable.py
[2024-11-01T14:24:28.589+0000] {processor.py:914} INFO - Processing file /home/airflow/.local/lib/python3.12/site-packages/airflow/example_dags/example_workday_timetable.py for tasks to queue
[2024-11-01T14:24:28.589+0000] {logging_mixin.py:190} INFO - [2024-11-01T14:24:28.589+0000] {dagbag.py:588} INFO - Filling up the DagBag from /home/airflow/.local/lib/python3.12/site-packages/airflow/example_dags/example_workday_timetable.py
[2024-11-01T14:24:28.593+0000] {processor.py:925} INFO - DAG(s) 'example_workday_timetable' retrieved from /home/airflow/.local/lib/python3.12/site-packages/airflow/example_dags/example_workday_timetable.py
[2024-11-01T14:24:28.606+0000] {logging_mixin.py:190} INFO - [2024-11-01T14:24:28.606+0000] {dag.py:3239} INFO - Sync 1 DAGs
[2024-11-01T14:24:28.675+0000] {logging_mixin.py:190} INFO - [2024-11-01T14:24:28.674+0000] {dag.py:4180} INFO - Setting next_dagrun for example_workday_timetable to 2021-01-04 00:00:00+00:00, run_after=2021-01-05 00:00:00+00:00
[2024-11-01T14:24:28.691+0000] {processor.py:208} INFO - Processing /home/airflow/.local/lib/python3.12/site-packages/airflow/example_dags/example_workday_timetable.py took 0.107 seconds
[2024-11-01T14:24:59.145+0000] {processor.py:186} INFO - Started process (PID=532) to work on /home/airflow/.local/lib/python3.12/site-packages/airflow/example_dags/example_workday_timetable.py
[2024-11-01T14:24:59.146+0000] {processor.py:914} INFO - Processing file /home/airflow/.local/lib/python3.12/site-packages/airflow/example_dags/example_workday_timetable.py for tasks to queue
[2024-11-01T14:24:59.147+0000] {logging_mixin.py:190} INFO - [2024-11-01T14:24:59.146+0000] {dagbag.py:588} INFO - Filling up the DagBag from /home/airflow/.local/lib/python3.12/site-packages/airflow/example_dags/example_workday_timetable.py
[2024-11-01T14:24:59.150+0000] {processor.py:925} INFO - DAG(s) 'example_workday_timetable' retrieved from /home/airflow/.local/lib/python3.12/site-packages/airflow/example_dags/example_workday_timetable.py
[2024-11-01T14:24:59.162+0000] {logging_mixin.py:190} INFO - [2024-11-01T14:24:59.162+0000] {dag.py:3239} INFO - Sync 1 DAGs
[2024-11-01T14:24:59.221+0000] {logging_mixin.py:190} INFO - [2024-11-01T14:24:59.221+0000] {dag.py:4180} INFO - Setting next_dagrun for example_workday_timetable to 2021-01-04 00:00:00+00:00, run_after=2021-01-05 00:00:00+00:00
[2024-11-01T14:24:59.236+0000] {processor.py:208} INFO - Processing /home/airflow/.local/lib/python3.12/site-packages/airflow/example_dags/example_workday_timetable.py took 0.094 seconds
[2024-11-01T14:25:29.792+0000] {processor.py:186} INFO - Started process (PID=597) to work on /home/airflow/.local/lib/python3.12/site-packages/airflow/example_dags/example_workday_timetable.py
[2024-11-01T14:25:29.792+0000] {processor.py:914} INFO - Processing file /home/airflow/.local/lib/python3.12/site-packages/airflow/example_dags/example_workday_timetable.py for tasks to queue
[2024-11-01T14:25:29.793+0000] {logging_mixin.py:190} INFO - [2024-11-01T14:25:29.793+0000] {dagbag.py:588} INFO - Filling up the DagBag from /home/airflow/.local/lib/python3.12/site-packages/airflow/example_dags/example_workday_timetable.py
[2024-11-01T14:25:29.797+0000] {processor.py:925} INFO - DAG(s) 'example_workday_timetable' retrieved from /home/airflow/.local/lib/python3.12/site-packages/airflow/example_dags/example_workday_timetable.py
[2024-11-01T14:25:29.811+0000] {logging_mixin.py:190} INFO - [2024-11-01T14:25:29.811+0000] {dag.py:3239} INFO - Sync 1 DAGs
[2024-11-01T14:25:29.864+0000] {logging_mixin.py:190} INFO - [2024-11-01T14:25:29.863+0000] {dag.py:4180} INFO - Setting next_dagrun for example_workday_timetable to 2021-01-04 00:00:00+00:00, run_after=2021-01-05 00:00:00+00:00
[2024-11-01T14:25:29.880+0000] {processor.py:208} INFO - Processing /home/airflow/.local/lib/python3.12/site-packages/airflow/example_dags/example_workday_timetable.py took 0.092 seconds
[2024-11-01T14:26:00.397+0000] {processor.py:186} INFO - Started process (PID=662) to work on /home/airflow/.local/lib/python3.12/site-packages/airflow/example_dags/example_workday_timetable.py
[2024-11-01T14:26:00.398+0000] {processor.py:914} INFO - Processing file /home/airflow/.local/lib/python3.12/site-packages/airflow/example_dags/example_workday_timetable.py for tasks to queue
[2024-11-01T14:26:00.399+0000] {logging_mixin.py:190} INFO - [2024-11-01T14:26:00.399+0000] {dagbag.py:588} INFO - Filling up the DagBag from /home/airflow/.local/lib/python3.12/site-packages/airflow/example_dags/example_workday_timetable.py
[2024-11-01T14:26:00.402+0000] {processor.py:925} INFO - DAG(s) 'example_workday_timetable' retrieved from /home/airflow/.local/lib/python3.12/site-packages/airflow/example_dags/example_workday_timetable.py
[2024-11-01T14:26:00.417+0000] {logging_mixin.py:190} INFO - [2024-11-01T14:26:00.417+0000] {dag.py:3239} INFO - Sync 1 DAGs
[2024-11-01T14:26:00.492+0000] {logging_mixin.py:190} INFO - [2024-11-01T14:26:00.492+0000] {dag.py:4180} INFO - Setting next_dagrun for example_workday_timetable to 2021-01-04 00:00:00+00:00, run_after=2021-01-05 00:00:00+00:00
[2024-11-01T14:26:00.511+0000] {processor.py:208} INFO - Processing /home/airflow/.local/lib/python3.12/site-packages/airflow/example_dags/example_workday_timetable.py took 0.117 seconds
[2024-11-01T14:26:31.072+0000] {processor.py:186} INFO - Started process (PID=727) to work on /home/airflow/.local/lib/python3.12/site-packages/airflow/example_dags/example_workday_timetable.py
[2024-11-01T14:26:31.073+0000] {processor.py:914} INFO - Processing file /home/airflow/.local/lib/python3.12/site-packages/airflow/example_dags/example_workday_timetable.py for tasks to queue
[2024-11-01T14:26:31.074+0000] {logging_mixin.py:190} INFO - [2024-11-01T14:26:31.074+0000] {dagbag.py:588} INFO - Filling up the DagBag from /home/airflow/.local/lib/python3.12/site-packages/airflow/example_dags/example_workday_timetable.py
[2024-11-01T14:26:31.078+0000] {processor.py:925} INFO - DAG(s) 'example_workday_timetable' retrieved from /home/airflow/.local/lib/python3.12/site-packages/airflow/example_dags/example_workday_timetable.py
[2024-11-01T14:26:31.092+0000] {logging_mixin.py:190} INFO - [2024-11-01T14:26:31.092+0000] {dag.py:3239} INFO - Sync 1 DAGs
[2024-11-01T14:26:31.153+0000] {logging_mixin.py:190} INFO - [2024-11-01T14:26:31.153+0000] {dag.py:4180} INFO - Setting next_dagrun for example_workday_timetable to 2021-01-04 00:00:00+00:00, run_after=2021-01-05 00:00:00+00:00
[2024-11-01T14:26:31.168+0000] {processor.py:208} INFO - Processing /home/airflow/.local/lib/python3.12/site-packages/airflow/example_dags/example_workday_timetable.py took 0.099 seconds
[2024-11-01T14:27:01.669+0000] {processor.py:186} INFO - Started process (PID=792) to work on /home/airflow/.local/lib/python3.12/site-packages/airflow/example_dags/example_workday_timetable.py
[2024-11-01T14:27:01.670+0000] {processor.py:914} INFO - Processing file /home/airflow/.local/lib/python3.12/site-packages/airflow/example_dags/example_workday_timetable.py for tasks to queue
[2024-11-01T14:27:01.670+0000] {logging_mixin.py:190} INFO - [2024-11-01T14:27:01.670+0000] {dagbag.py:588} INFO - Filling up the DagBag from /home/airflow/.local/lib/python3.12/site-packages/airflow/example_dags/example_workday_timetable.py
[2024-11-01T14:27:01.674+0000] {processor.py:925} INFO - DAG(s) 'example_workday_timetable' retrieved from /home/airflow/.local/lib/python3.12/site-packages/airflow/example_dags/example_workday_timetable.py
[2024-11-01T14:27:01.689+0000] {logging_mixin.py:190} INFO - [2024-11-01T14:27:01.688+0000] {dag.py:3239} INFO - Sync 1 DAGs
[2024-11-01T14:27:01.731+0000] {logging_mixin.py:190} INFO - [2024-11-01T14:27:01.731+0000] {dag.py:4180} INFO - Setting next_dagrun for example_workday_timetable to 2021-01-04 00:00:00+00:00, run_after=2021-01-05 00:00:00+00:00
[2024-11-01T14:27:01.745+0000] {processor.py:208} INFO - Processing /home/airflow/.local/lib/python3.12/site-packages/airflow/example_dags/example_workday_timetable.py took 0.079 seconds
[2024-11-01T14:27:32.283+0000] {processor.py:186} INFO - Started process (PID=857) to work on /home/airflow/.local/lib/python3.12/site-packages/airflow/example_dags/example_workday_timetable.py
[2024-11-01T14:27:32.284+0000] {processor.py:914} INFO - Processing file /home/airflow/.local/lib/python3.12/site-packages/airflow/example_dags/example_workday_timetable.py for tasks to queue
[2024-11-01T14:27:32.285+0000] {logging_mixin.py:190} INFO - [2024-11-01T14:27:32.285+0000] {dagbag.py:588} INFO - Filling up the DagBag from /home/airflow/.local/lib/python3.12/site-packages/airflow/example_dags/example_workday_timetable.py
[2024-11-01T14:27:32.289+0000] {processor.py:925} INFO - DAG(s) 'example_workday_timetable' retrieved from /home/airflow/.local/lib/python3.12/site-packages/airflow/example_dags/example_workday_timetable.py
[2024-11-01T14:27:32.302+0000] {logging_mixin.py:190} INFO - [2024-11-01T14:27:32.302+0000] {dag.py:3239} INFO - Sync 1 DAGs
[2024-11-01T14:27:32.368+0000] {logging_mixin.py:190} INFO - [2024-11-01T14:27:32.367+0000] {dag.py:4180} INFO - Setting next_dagrun for example_workday_timetable to 2021-01-04 00:00:00+00:00, run_after=2021-01-05 00:00:00+00:00
[2024-11-01T14:27:32.383+0000] {processor.py:208} INFO - Processing /home/airflow/.local/lib/python3.12/site-packages/airflow/example_dags/example_workday_timetable.py took 0.104 seconds
[2024-11-01T14:28:02.838+0000] {processor.py:186} INFO - Started process (PID=922) to work on /home/airflow/.local/lib/python3.12/site-packages/airflow/example_dags/example_workday_timetable.py
[2024-11-01T14:28:02.839+0000] {processor.py:914} INFO - Processing file /home/airflow/.local/lib/python3.12/site-packages/airflow/example_dags/example_workday_timetable.py for tasks to queue
[2024-11-01T14:28:02.839+0000] {logging_mixin.py:190} INFO - [2024-11-01T14:28:02.839+0000] {dagbag.py:588} INFO - Filling up the DagBag from /home/airflow/.local/lib/python3.12/site-packages/airflow/example_dags/example_workday_timetable.py
[2024-11-01T14:28:02.843+0000] {processor.py:925} INFO - DAG(s) 'example_workday_timetable' retrieved from /home/airflow/.local/lib/python3.12/site-packages/airflow/example_dags/example_workday_timetable.py
[2024-11-01T14:28:02.857+0000] {logging_mixin.py:190} INFO - [2024-11-01T14:28:02.857+0000] {dag.py:3239} INFO - Sync 1 DAGs
[2024-11-01T14:28:02.918+0000] {logging_mixin.py:190} INFO - [2024-11-01T14:28:02.918+0000] {dag.py:4180} INFO - Setting next_dagrun for example_workday_timetable to 2021-01-04 00:00:00+00:00, run_after=2021-01-05 00:00:00+00:00
[2024-11-01T14:28:02.934+0000] {processor.py:208} INFO - Processing /home/airflow/.local/lib/python3.12/site-packages/airflow/example_dags/example_workday_timetable.py took 0.101 seconds
[2024-11-01T14:28:33.574+0000] {processor.py:186} INFO - Started process (PID=987) to work on /home/airflow/.local/lib/python3.12/site-packages/airflow/example_dags/example_workday_timetable.py
[2024-11-01T14:28:33.575+0000] {processor.py:914} INFO - Processing file /home/airflow/.local/lib/python3.12/site-packages/airflow/example_dags/example_workday_timetable.py for tasks to queue
[2024-11-01T14:28:33.576+0000] {logging_mixin.py:190} INFO - [2024-11-01T14:28:33.575+0000] {dagbag.py:588} INFO - Filling up the DagBag from /home/airflow/.local/lib/python3.12/site-packages/airflow/example_dags/example_workday_timetable.py
[2024-11-01T14:28:33.579+0000] {processor.py:925} INFO - DAG(s) 'example_workday_timetable' retrieved from /home/airflow/.local/lib/python3.12/site-packages/airflow/example_dags/example_workday_timetable.py
[2024-11-01T14:28:33.594+0000] {logging_mixin.py:190} INFO - [2024-11-01T14:28:33.593+0000] {dag.py:3239} INFO - Sync 1 DAGs
[2024-11-01T14:28:33.650+0000] {logging_mixin.py:190} INFO - [2024-11-01T14:28:33.649+0000] {dag.py:4180} INFO - Setting next_dagrun for example_workday_timetable to 2021-01-04 00:00:00+00:00, run_after=2021-01-05 00:00:00+00:00
[2024-11-01T14:28:33.664+0000] {processor.py:208} INFO - Processing /home/airflow/.local/lib/python3.12/site-packages/airflow/example_dags/example_workday_timetable.py took 0.094 seconds
[2024-11-01T14:29:04.336+0000] {processor.py:186} INFO - Started process (PID=1052) to work on /home/airflow/.local/lib/python3.12/site-packages/airflow/example_dags/example_workday_timetable.py
[2024-11-01T14:29:04.336+0000] {processor.py:914} INFO - Processing file /home/airflow/.local/lib/python3.12/site-packages/airflow/example_dags/example_workday_timetable.py for tasks to queue
[2024-11-01T14:29:04.337+0000] {logging_mixin.py:190} INFO - [2024-11-01T14:29:04.337+0000] {dagbag.py:588} INFO - Filling up the DagBag from /home/airflow/.local/lib/python3.12/site-packages/airflow/example_dags/example_workday_timetable.py
[2024-11-01T14:29:04.342+0000] {processor.py:925} INFO - DAG(s) 'example_workday_timetable' retrieved from /home/airflow/.local/lib/python3.12/site-packages/airflow/example_dags/example_workday_timetable.py
[2024-11-01T14:29:04.357+0000] {logging_mixin.py:190} INFO - [2024-11-01T14:29:04.357+0000] {dag.py:3239} INFO - Sync 1 DAGs
[2024-11-01T14:29:04.419+0000] {logging_mixin.py:190} INFO - [2024-11-01T14:29:04.419+0000] {dag.py:4180} INFO - Setting next_dagrun for example_workday_timetable to 2021-01-04 00:00:00+00:00, run_after=2021-01-05 00:00:00+00:00
[2024-11-01T14:29:04.435+0000] {processor.py:208} INFO - Processing /home/airflow/.local/lib/python3.12/site-packages/airflow/example_dags/example_workday_timetable.py took 0.104 seconds
[2024-11-01T14:29:34.954+0000] {processor.py:186} INFO - Started process (PID=1117) to work on /home/airflow/.local/lib/python3.12/site-packages/airflow/example_dags/example_workday_timetable.py
[2024-11-01T14:29:34.955+0000] {processor.py:914} INFO - Processing file /home/airflow/.local/lib/python3.12/site-packages/airflow/example_dags/example_workday_timetable.py for tasks to queue
[2024-11-01T14:29:34.956+0000] {logging_mixin.py:190} INFO - [2024-11-01T14:29:34.956+0000] {dagbag.py:588} INFO - Filling up the DagBag from /home/airflow/.local/lib/python3.12/site-packages/airflow/example_dags/example_workday_timetable.py
[2024-11-01T14:29:34.959+0000] {processor.py:925} INFO - DAG(s) 'example_workday_timetable' retrieved from /home/airflow/.local/lib/python3.12/site-packages/airflow/example_dags/example_workday_timetable.py
[2024-11-01T14:29:34.978+0000] {logging_mixin.py:190} INFO - [2024-11-01T14:29:34.977+0000] {dag.py:3239} INFO - Sync 1 DAGs
[2024-11-01T14:29:35.035+0000] {logging_mixin.py:190} INFO - [2024-11-01T14:29:35.035+0000] {dag.py:4180} INFO - Setting next_dagrun for example_workday_timetable to 2021-01-04 00:00:00+00:00, run_after=2021-01-05 00:00:00+00:00
[2024-11-01T14:29:35.051+0000] {processor.py:208} INFO - Processing /home/airflow/.local/lib/python3.12/site-packages/airflow/example_dags/example_workday_timetable.py took 0.101 seconds
[2024-11-01T14:30:05.710+0000] {processor.py:186} INFO - Started process (PID=1182) to work on /home/airflow/.local/lib/python3.12/site-packages/airflow/example_dags/example_workday_timetable.py
[2024-11-01T14:30:05.710+0000] {processor.py:914} INFO - Processing file /home/airflow/.local/lib/python3.12/site-packages/airflow/example_dags/example_workday_timetable.py for tasks to queue
[2024-11-01T14:30:05.711+0000] {logging_mixin.py:190} INFO - [2024-11-01T14:30:05.711+0000] {dagbag.py:588} INFO - Filling up the DagBag from /home/airflow/.local/lib/python3.12/site-packages/airflow/example_dags/example_workday_timetable.py
[2024-11-01T14:30:05.715+0000] {processor.py:925} INFO - DAG(s) 'example_workday_timetable' retrieved from /home/airflow/.local/lib/python3.12/site-packages/airflow/example_dags/example_workday_timetable.py
[2024-11-01T14:30:05.729+0000] {logging_mixin.py:190} INFO - [2024-11-01T14:30:05.729+0000] {dag.py:3239} INFO - Sync 1 DAGs
[2024-11-01T14:30:05.771+0000] {logging_mixin.py:190} INFO - [2024-11-01T14:30:05.771+0000] {dag.py:4180} INFO - Setting next_dagrun for example_workday_timetable to 2021-01-04 00:00:00+00:00, run_after=2021-01-05 00:00:00+00:00
[2024-11-01T14:30:05.785+0000] {processor.py:208} INFO - Processing /home/airflow/.local/lib/python3.12/site-packages/airflow/example_dags/example_workday_timetable.py took 0.079 seconds
[2024-11-01T14:30:36.575+0000] {processor.py:186} INFO - Started process (PID=1247) to work on /home/airflow/.local/lib/python3.12/site-packages/airflow/example_dags/example_workday_timetable.py
[2024-11-01T14:30:36.575+0000] {processor.py:914} INFO - Processing file /home/airflow/.local/lib/python3.12/site-packages/airflow/example_dags/example_workday_timetable.py for tasks to queue
[2024-11-01T14:30:36.576+0000] {logging_mixin.py:190} INFO - [2024-11-01T14:30:36.576+0000] {dagbag.py:588} INFO - Filling up the DagBag from /home/airflow/.local/lib/python3.12/site-packages/airflow/example_dags/example_workday_timetable.py
[2024-11-01T14:30:36.582+0000] {processor.py:925} INFO - DAG(s) 'example_workday_timetable' retrieved from /home/airflow/.local/lib/python3.12/site-packages/airflow/example_dags/example_workday_timetable.py
[2024-11-01T14:30:36.595+0000] {logging_mixin.py:190} INFO - [2024-11-01T14:30:36.594+0000] {dag.py:3239} INFO - Sync 1 DAGs
[2024-11-01T14:30:36.674+0000] {logging_mixin.py:190} INFO - [2024-11-01T14:30:36.674+0000] {dag.py:4180} INFO - Setting next_dagrun for example_workday_timetable to 2021-01-04 00:00:00+00:00, run_after=2021-01-05 00:00:00+00:00
[2024-11-01T14:30:36.689+0000] {processor.py:208} INFO - Processing /home/airflow/.local/lib/python3.12/site-packages/airflow/example_dags/example_workday_timetable.py took 0.118 seconds
[2024-11-01T14:31:07.016+0000] {processor.py:186} INFO - Started process (PID=1312) to work on /home/airflow/.local/lib/python3.12/site-packages/airflow/example_dags/example_workday_timetable.py
[2024-11-01T14:31:07.017+0000] {processor.py:914} INFO - Processing file /home/airflow/.local/lib/python3.12/site-packages/airflow/example_dags/example_workday_timetable.py for tasks to queue
[2024-11-01T14:31:07.018+0000] {logging_mixin.py:190} INFO - [2024-11-01T14:31:07.017+0000] {dagbag.py:588} INFO - Filling up the DagBag from /home/airflow/.local/lib/python3.12/site-packages/airflow/example_dags/example_workday_timetable.py
[2024-11-01T14:31:07.022+0000] {processor.py:925} INFO - DAG(s) 'example_workday_timetable' retrieved from /home/airflow/.local/lib/python3.12/site-packages/airflow/example_dags/example_workday_timetable.py
[2024-11-01T14:31:07.037+0000] {logging_mixin.py:190} INFO - [2024-11-01T14:31:07.036+0000] {dag.py:3239} INFO - Sync 1 DAGs
[2024-11-01T14:31:07.128+0000] {logging_mixin.py:190} INFO - [2024-11-01T14:31:07.128+0000] {dag.py:4180} INFO - Setting next_dagrun for example_workday_timetable to 2021-01-04 00:00:00+00:00, run_after=2021-01-05 00:00:00+00:00
[2024-11-01T14:31:07.144+0000] {processor.py:208} INFO - Processing /home/airflow/.local/lib/python3.12/site-packages/airflow/example_dags/example_workday_timetable.py took 0.132 seconds
[2024-11-01T14:31:37.279+0000] {processor.py:186} INFO - Started process (PID=1378) to work on /home/airflow/.local/lib/python3.12/site-packages/airflow/example_dags/example_workday_timetable.py
[2024-11-01T14:31:37.280+0000] {processor.py:914} INFO - Processing file /home/airflow/.local/lib/python3.12/site-packages/airflow/example_dags/example_workday_timetable.py for tasks to queue
[2024-11-01T14:31:37.280+0000] {logging_mixin.py:190} INFO - [2024-11-01T14:31:37.280+0000] {dagbag.py:588} INFO - Filling up the DagBag from /home/airflow/.local/lib/python3.12/site-packages/airflow/example_dags/example_workday_timetable.py
[2024-11-01T14:31:37.284+0000] {processor.py:925} INFO - DAG(s) 'example_workday_timetable' retrieved from /home/airflow/.local/lib/python3.12/site-packages/airflow/example_dags/example_workday_timetable.py
[2024-11-01T14:31:37.300+0000] {logging_mixin.py:190} INFO - [2024-11-01T14:31:37.299+0000] {dag.py:3239} INFO - Sync 1 DAGs
[2024-11-01T14:31:37.399+0000] {logging_mixin.py:190} INFO - [2024-11-01T14:31:37.398+0000] {dag.py:4180} INFO - Setting next_dagrun for example_workday_timetable to 2021-01-04 00:00:00+00:00, run_after=2021-01-05 00:00:00+00:00
[2024-11-01T14:31:37.420+0000] {processor.py:208} INFO - Processing /home/airflow/.local/lib/python3.12/site-packages/airflow/example_dags/example_workday_timetable.py took 0.146 seconds
[2024-11-01T14:32:08.130+0000] {processor.py:186} INFO - Started process (PID=1443) to work on /home/airflow/.local/lib/python3.12/site-packages/airflow/example_dags/example_workday_timetable.py
[2024-11-01T14:32:08.131+0000] {processor.py:914} INFO - Processing file /home/airflow/.local/lib/python3.12/site-packages/airflow/example_dags/example_workday_timetable.py for tasks to queue
[2024-11-01T14:32:08.132+0000] {logging_mixin.py:190} INFO - [2024-11-01T14:32:08.131+0000] {dagbag.py:588} INFO - Filling up the DagBag from /home/airflow/.local/lib/python3.12/site-packages/airflow/example_dags/example_workday_timetable.py
[2024-11-01T14:32:08.135+0000] {processor.py:925} INFO - DAG(s) 'example_workday_timetable' retrieved from /home/airflow/.local/lib/python3.12/site-packages/airflow/example_dags/example_workday_timetable.py
[2024-11-01T14:32:08.149+0000] {logging_mixin.py:190} INFO - [2024-11-01T14:32:08.148+0000] {dag.py:3239} INFO - Sync 1 DAGs
[2024-11-01T14:32:08.234+0000] {logging_mixin.py:190} INFO - [2024-11-01T14:32:08.234+0000] {dag.py:4180} INFO - Setting next_dagrun for example_workday_timetable to 2021-01-04 00:00:00+00:00, run_after=2021-01-05 00:00:00+00:00
[2024-11-01T14:32:08.252+0000] {processor.py:208} INFO - Processing /home/airflow/.local/lib/python3.12/site-packages/airflow/example_dags/example_workday_timetable.py took 0.125 seconds
[2024-11-01T14:32:39.048+0000] {processor.py:186} INFO - Started process (PID=1508) to work on /home/airflow/.local/lib/python3.12/site-packages/airflow/example_dags/example_workday_timetable.py
[2024-11-01T14:32:39.049+0000] {processor.py:914} INFO - Processing file /home/airflow/.local/lib/python3.12/site-packages/airflow/example_dags/example_workday_timetable.py for tasks to queue
[2024-11-01T14:32:39.050+0000] {logging_mixin.py:190} INFO - [2024-11-01T14:32:39.050+0000] {dagbag.py:588} INFO - Filling up the DagBag from /home/airflow/.local/lib/python3.12/site-packages/airflow/example_dags/example_workday_timetable.py
[2024-11-01T14:32:39.054+0000] {processor.py:925} INFO - DAG(s) 'example_workday_timetable' retrieved from /home/airflow/.local/lib/python3.12/site-packages/airflow/example_dags/example_workday_timetable.py
[2024-11-01T14:32:39.068+0000] {logging_mixin.py:190} INFO - [2024-11-01T14:32:39.067+0000] {dag.py:3239} INFO - Sync 1 DAGs
[2024-11-01T14:32:39.173+0000] {logging_mixin.py:190} INFO - [2024-11-01T14:32:39.173+0000] {dag.py:4180} INFO - Setting next_dagrun for example_workday_timetable to 2021-01-04 00:00:00+00:00, run_after=2021-01-05 00:00:00+00:00
[2024-11-01T14:32:39.193+0000] {processor.py:208} INFO - Processing /home/airflow/.local/lib/python3.12/site-packages/airflow/example_dags/example_workday_timetable.py took 0.149 seconds
[2024-11-01T14:33:09.652+0000] {processor.py:186} INFO - Started process (PID=1573) to work on /home/airflow/.local/lib/python3.12/site-packages/airflow/example_dags/example_workday_timetable.py
[2024-11-01T14:33:09.653+0000] {processor.py:914} INFO - Processing file /home/airflow/.local/lib/python3.12/site-packages/airflow/example_dags/example_workday_timetable.py for tasks to queue
[2024-11-01T14:33:09.655+0000] {logging_mixin.py:190} INFO - [2024-11-01T14:33:09.654+0000] {dagbag.py:588} INFO - Filling up the DagBag from /home/airflow/.local/lib/python3.12/site-packages/airflow/example_dags/example_workday_timetable.py
[2024-11-01T14:33:09.659+0000] {processor.py:925} INFO - DAG(s) 'example_workday_timetable' retrieved from /home/airflow/.local/lib/python3.12/site-packages/airflow/example_dags/example_workday_timetable.py
[2024-11-01T14:33:09.672+0000] {logging_mixin.py:190} INFO - [2024-11-01T14:33:09.672+0000] {dag.py:3239} INFO - Sync 1 DAGs
[2024-11-01T14:33:09.757+0000] {logging_mixin.py:190} INFO - [2024-11-01T14:33:09.757+0000] {dag.py:4180} INFO - Setting next_dagrun for example_workday_timetable to 2021-01-04 00:00:00+00:00, run_after=2021-01-05 00:00:00+00:00
[2024-11-01T14:33:09.774+0000] {processor.py:208} INFO - Processing /home/airflow/.local/lib/python3.12/site-packages/airflow/example_dags/example_workday_timetable.py took 0.127 seconds
[2024-11-01T14:33:40.131+0000] {processor.py:186} INFO - Started process (PID=1638) to work on /home/airflow/.local/lib/python3.12/site-packages/airflow/example_dags/example_workday_timetable.py
[2024-11-01T14:33:40.132+0000] {processor.py:914} INFO - Processing file /home/airflow/.local/lib/python3.12/site-packages/airflow/example_dags/example_workday_timetable.py for tasks to queue
[2024-11-01T14:33:40.133+0000] {logging_mixin.py:190} INFO - [2024-11-01T14:33:40.133+0000] {dagbag.py:588} INFO - Filling up the DagBag from /home/airflow/.local/lib/python3.12/site-packages/airflow/example_dags/example_workday_timetable.py
[2024-11-01T14:33:40.137+0000] {processor.py:925} INFO - DAG(s) 'example_workday_timetable' retrieved from /home/airflow/.local/lib/python3.12/site-packages/airflow/example_dags/example_workday_timetable.py
[2024-11-01T14:33:40.152+0000] {logging_mixin.py:190} INFO - [2024-11-01T14:33:40.152+0000] {dag.py:3239} INFO - Sync 1 DAGs
[2024-11-01T14:33:40.237+0000] {logging_mixin.py:190} INFO - [2024-11-01T14:33:40.236+0000] {dag.py:4180} INFO - Setting next_dagrun for example_workday_timetable to 2021-01-04 00:00:00+00:00, run_after=2021-01-05 00:00:00+00:00
[2024-11-01T14:33:40.254+0000] {processor.py:208} INFO - Processing /home/airflow/.local/lib/python3.12/site-packages/airflow/example_dags/example_workday_timetable.py took 0.128 seconds
[2024-11-01T14:34:10.732+0000] {processor.py:186} INFO - Started process (PID=1703) to work on /home/airflow/.local/lib/python3.12/site-packages/airflow/example_dags/example_workday_timetable.py
[2024-11-01T14:34:10.734+0000] {processor.py:914} INFO - Processing file /home/airflow/.local/lib/python3.12/site-packages/airflow/example_dags/example_workday_timetable.py for tasks to queue
[2024-11-01T14:34:10.736+0000] {logging_mixin.py:190} INFO - [2024-11-01T14:34:10.736+0000] {dagbag.py:588} INFO - Filling up the DagBag from /home/airflow/.local/lib/python3.12/site-packages/airflow/example_dags/example_workday_timetable.py
[2024-11-01T14:34:10.741+0000] {processor.py:925} INFO - DAG(s) 'example_workday_timetable' retrieved from /home/airflow/.local/lib/python3.12/site-packages/airflow/example_dags/example_workday_timetable.py
[2024-11-01T14:34:10.759+0000] {logging_mixin.py:190} INFO - [2024-11-01T14:34:10.759+0000] {dag.py:3239} INFO - Sync 1 DAGs
[2024-11-01T14:34:10.861+0000] {logging_mixin.py:190} INFO - [2024-11-01T14:34:10.861+0000] {dag.py:4180} INFO - Setting next_dagrun for example_workday_timetable to 2021-01-04 00:00:00+00:00, run_after=2021-01-05 00:00:00+00:00
[2024-11-01T14:34:10.897+0000] {processor.py:208} INFO - Processing /home/airflow/.local/lib/python3.12/site-packages/airflow/example_dags/example_workday_timetable.py took 0.170 seconds
[2024-11-01T14:35:15.921+0000] {processor.py:186} INFO - Started process (PID=1774) to work on /home/airflow/.local/lib/python3.12/site-packages/airflow/example_dags/example_workday_timetable.py
[2024-11-01T14:35:15.923+0000] {processor.py:914} INFO - Processing file /home/airflow/.local/lib/python3.12/site-packages/airflow/example_dags/example_workday_timetable.py for tasks to queue
[2024-11-01T14:35:15.925+0000] {logging_mixin.py:190} INFO - [2024-11-01T14:35:15.924+0000] {dagbag.py:588} INFO - Filling up the DagBag from /home/airflow/.local/lib/python3.12/site-packages/airflow/example_dags/example_workday_timetable.py
[2024-11-01T14:35:15.941+0000] {processor.py:925} INFO - DAG(s) 'example_workday_timetable' retrieved from /home/airflow/.local/lib/python3.12/site-packages/airflow/example_dags/example_workday_timetable.py
[2024-11-01T14:35:16.005+0000] {logging_mixin.py:190} INFO - [2024-11-01T14:35:16.005+0000] {dag.py:3239} INFO - Sync 1 DAGs
[2024-11-01T14:35:16.307+0000] {logging_mixin.py:190} INFO - [2024-11-01T14:35:16.306+0000] {dag.py:4180} INFO - Setting next_dagrun for example_workday_timetable to 2021-01-04 00:00:00+00:00, run_after=2021-01-05 00:00:00+00:00
[2024-11-01T14:35:16.363+0000] {processor.py:208} INFO - Processing /home/airflow/.local/lib/python3.12/site-packages/airflow/example_dags/example_workday_timetable.py took 0.452 seconds
[2024-11-01T14:36:51.602+0000] {processor.py:186} INFO - Started process (PID=1818) to work on /home/airflow/.local/lib/python3.12/site-packages/airflow/example_dags/example_workday_timetable.py
[2024-11-01T14:36:51.603+0000] {processor.py:914} INFO - Processing file /home/airflow/.local/lib/python3.12/site-packages/airflow/example_dags/example_workday_timetable.py for tasks to queue
[2024-11-01T14:36:51.605+0000] {logging_mixin.py:190} INFO - [2024-11-01T14:36:51.604+0000] {dagbag.py:588} INFO - Filling up the DagBag from /home/airflow/.local/lib/python3.12/site-packages/airflow/example_dags/example_workday_timetable.py
[2024-11-01T14:36:51.609+0000] {processor.py:925} INFO - DAG(s) 'example_workday_timetable' retrieved from /home/airflow/.local/lib/python3.12/site-packages/airflow/example_dags/example_workday_timetable.py
[2024-11-01T14:36:51.625+0000] {logging_mixin.py:190} INFO - [2024-11-01T14:36:51.625+0000] {dag.py:3239} INFO - Sync 1 DAGs
[2024-11-01T14:36:51.732+0000] {logging_mixin.py:190} INFO - [2024-11-01T14:36:51.732+0000] {dag.py:4180} INFO - Setting next_dagrun for example_workday_timetable to 2021-01-04 00:00:00+00:00, run_after=2021-01-05 00:00:00+00:00
[2024-11-01T14:36:51.754+0000] {processor.py:208} INFO - Processing /home/airflow/.local/lib/python3.12/site-packages/airflow/example_dags/example_workday_timetable.py took 0.157 seconds
[2024-11-01T14:37:22.260+0000] {processor.py:186} INFO - Started process (PID=1882) to work on /home/airflow/.local/lib/python3.12/site-packages/airflow/example_dags/example_workday_timetable.py
[2024-11-01T14:37:22.261+0000] {processor.py:914} INFO - Processing file /home/airflow/.local/lib/python3.12/site-packages/airflow/example_dags/example_workday_timetable.py for tasks to queue
[2024-11-01T14:37:22.262+0000] {logging_mixin.py:190} INFO - [2024-11-01T14:37:22.261+0000] {dagbag.py:588} INFO - Filling up the DagBag from /home/airflow/.local/lib/python3.12/site-packages/airflow/example_dags/example_workday_timetable.py
[2024-11-01T14:37:22.266+0000] {processor.py:925} INFO - DAG(s) 'example_workday_timetable' retrieved from /home/airflow/.local/lib/python3.12/site-packages/airflow/example_dags/example_workday_timetable.py
[2024-11-01T14:37:22.281+0000] {logging_mixin.py:190} INFO - [2024-11-01T14:37:22.281+0000] {dag.py:3239} INFO - Sync 1 DAGs
[2024-11-01T14:37:22.361+0000] {logging_mixin.py:190} INFO - [2024-11-01T14:37:22.361+0000] {dag.py:4180} INFO - Setting next_dagrun for example_workday_timetable to 2021-01-04 00:00:00+00:00, run_after=2021-01-05 00:00:00+00:00
[2024-11-01T14:37:22.379+0000] {processor.py:208} INFO - Processing /home/airflow/.local/lib/python3.12/site-packages/airflow/example_dags/example_workday_timetable.py took 0.124 seconds
[2024-11-01T14:37:52.487+0000] {processor.py:186} INFO - Started process (PID=1947) to work on /home/airflow/.local/lib/python3.12/site-packages/airflow/example_dags/example_workday_timetable.py
[2024-11-01T14:37:52.488+0000] {processor.py:914} INFO - Processing file /home/airflow/.local/lib/python3.12/site-packages/airflow/example_dags/example_workday_timetable.py for tasks to queue
[2024-11-01T14:37:52.489+0000] {logging_mixin.py:190} INFO - [2024-11-01T14:37:52.488+0000] {dagbag.py:588} INFO - Filling up the DagBag from /home/airflow/.local/lib/python3.12/site-packages/airflow/example_dags/example_workday_timetable.py
[2024-11-01T14:37:52.493+0000] {processor.py:925} INFO - DAG(s) 'example_workday_timetable' retrieved from /home/airflow/.local/lib/python3.12/site-packages/airflow/example_dags/example_workday_timetable.py
[2024-11-01T14:37:52.507+0000] {logging_mixin.py:190} INFO - [2024-11-01T14:37:52.507+0000] {dag.py:3239} INFO - Sync 1 DAGs
[2024-11-01T14:37:52.574+0000] {logging_mixin.py:190} INFO - [2024-11-01T14:37:52.573+0000] {dag.py:4180} INFO - Setting next_dagrun for example_workday_timetable to 2021-01-04 00:00:00+00:00, run_after=2021-01-05 00:00:00+00:00
[2024-11-01T14:37:52.589+0000] {processor.py:208} INFO - Processing /home/airflow/.local/lib/python3.12/site-packages/airflow/example_dags/example_workday_timetable.py took 0.107 seconds
[2024-11-01T14:38:23.032+0000] {processor.py:186} INFO - Started process (PID=2012) to work on /home/airflow/.local/lib/python3.12/site-packages/airflow/example_dags/example_workday_timetable.py
[2024-11-01T14:38:23.033+0000] {processor.py:914} INFO - Processing file /home/airflow/.local/lib/python3.12/site-packages/airflow/example_dags/example_workday_timetable.py for tasks to queue
[2024-11-01T14:38:23.034+0000] {logging_mixin.py:190} INFO - [2024-11-01T14:38:23.033+0000] {dagbag.py:588} INFO - Filling up the DagBag from /home/airflow/.local/lib/python3.12/site-packages/airflow/example_dags/example_workday_timetable.py
[2024-11-01T14:38:23.037+0000] {processor.py:925} INFO - DAG(s) 'example_workday_timetable' retrieved from /home/airflow/.local/lib/python3.12/site-packages/airflow/example_dags/example_workday_timetable.py
[2024-11-01T14:38:23.051+0000] {logging_mixin.py:190} INFO - [2024-11-01T14:38:23.051+0000] {dag.py:3239} INFO - Sync 1 DAGs
[2024-11-01T14:38:23.109+0000] {logging_mixin.py:190} INFO - [2024-11-01T14:38:23.108+0000] {dag.py:4180} INFO - Setting next_dagrun for example_workday_timetable to 2021-01-04 00:00:00+00:00, run_after=2021-01-05 00:00:00+00:00
[2024-11-01T14:38:23.129+0000] {processor.py:208} INFO - Processing /home/airflow/.local/lib/python3.12/site-packages/airflow/example_dags/example_workday_timetable.py took 0.101 seconds
[2024-11-01T14:38:53.538+0000] {processor.py:186} INFO - Started process (PID=2078) to work on /home/airflow/.local/lib/python3.12/site-packages/airflow/example_dags/example_workday_timetable.py
[2024-11-01T14:38:53.539+0000] {processor.py:914} INFO - Processing file /home/airflow/.local/lib/python3.12/site-packages/airflow/example_dags/example_workday_timetable.py for tasks to queue
[2024-11-01T14:38:53.540+0000] {logging_mixin.py:190} INFO - [2024-11-01T14:38:53.540+0000] {dagbag.py:588} INFO - Filling up the DagBag from /home/airflow/.local/lib/python3.12/site-packages/airflow/example_dags/example_workday_timetable.py
[2024-11-01T14:38:53.544+0000] {processor.py:925} INFO - DAG(s) 'example_workday_timetable' retrieved from /home/airflow/.local/lib/python3.12/site-packages/airflow/example_dags/example_workday_timetable.py
[2024-11-01T14:38:53.559+0000] {logging_mixin.py:190} INFO - [2024-11-01T14:38:53.558+0000] {dag.py:3239} INFO - Sync 1 DAGs
[2024-11-01T14:38:53.633+0000] {logging_mixin.py:190} INFO - [2024-11-01T14:38:53.632+0000] {dag.py:4180} INFO - Setting next_dagrun for example_workday_timetable to 2021-01-04 00:00:00+00:00, run_after=2021-01-05 00:00:00+00:00
[2024-11-01T14:38:53.651+0000] {processor.py:208} INFO - Processing /home/airflow/.local/lib/python3.12/site-packages/airflow/example_dags/example_workday_timetable.py took 0.117 seconds
[2024-11-01T14:39:24.481+0000] {processor.py:186} INFO - Started process (PID=2142) to work on /home/airflow/.local/lib/python3.12/site-packages/airflow/example_dags/example_workday_timetable.py
[2024-11-01T14:39:24.482+0000] {processor.py:914} INFO - Processing file /home/airflow/.local/lib/python3.12/site-packages/airflow/example_dags/example_workday_timetable.py for tasks to queue
[2024-11-01T14:39:24.482+0000] {logging_mixin.py:190} INFO - [2024-11-01T14:39:24.482+0000] {dagbag.py:588} INFO - Filling up the DagBag from /home/airflow/.local/lib/python3.12/site-packages/airflow/example_dags/example_workday_timetable.py
[2024-11-01T14:39:24.486+0000] {processor.py:925} INFO - DAG(s) 'example_workday_timetable' retrieved from /home/airflow/.local/lib/python3.12/site-packages/airflow/example_dags/example_workday_timetable.py
[2024-11-01T14:39:24.501+0000] {logging_mixin.py:190} INFO - [2024-11-01T14:39:24.500+0000] {dag.py:3239} INFO - Sync 1 DAGs
[2024-11-01T14:39:24.561+0000] {logging_mixin.py:190} INFO - [2024-11-01T14:39:24.561+0000] {dag.py:4180} INFO - Setting next_dagrun for example_workday_timetable to 2021-01-04 00:00:00+00:00, run_after=2021-01-05 00:00:00+00:00
[2024-11-01T14:39:24.575+0000] {processor.py:208} INFO - Processing /home/airflow/.local/lib/python3.12/site-packages/airflow/example_dags/example_workday_timetable.py took 0.098 seconds
[2024-11-01T14:39:55.193+0000] {processor.py:186} INFO - Started process (PID=2207) to work on /home/airflow/.local/lib/python3.12/site-packages/airflow/example_dags/example_workday_timetable.py
[2024-11-01T14:39:55.194+0000] {processor.py:914} INFO - Processing file /home/airflow/.local/lib/python3.12/site-packages/airflow/example_dags/example_workday_timetable.py for tasks to queue
[2024-11-01T14:39:55.194+0000] {logging_mixin.py:190} INFO - [2024-11-01T14:39:55.194+0000] {dagbag.py:588} INFO - Filling up the DagBag from /home/airflow/.local/lib/python3.12/site-packages/airflow/example_dags/example_workday_timetable.py
[2024-11-01T14:39:55.199+0000] {processor.py:925} INFO - DAG(s) 'example_workday_timetable' retrieved from /home/airflow/.local/lib/python3.12/site-packages/airflow/example_dags/example_workday_timetable.py
[2024-11-01T14:39:55.220+0000] {logging_mixin.py:190} INFO - [2024-11-01T14:39:55.220+0000] {dag.py:3239} INFO - Sync 1 DAGs
[2024-11-01T14:39:55.309+0000] {logging_mixin.py:190} INFO - [2024-11-01T14:39:55.309+0000] {dag.py:4180} INFO - Setting next_dagrun for example_workday_timetable to 2021-01-04 00:00:00+00:00, run_after=2021-01-05 00:00:00+00:00
[2024-11-01T14:39:55.525+0000] {processor.py:208} INFO - Processing /home/airflow/.local/lib/python3.12/site-packages/airflow/example_dags/example_workday_timetable.py took 0.338 seconds
[2024-11-01T14:40:25.977+0000] {processor.py:186} INFO - Started process (PID=2274) to work on /home/airflow/.local/lib/python3.12/site-packages/airflow/example_dags/example_workday_timetable.py
[2024-11-01T14:40:25.978+0000] {processor.py:914} INFO - Processing file /home/airflow/.local/lib/python3.12/site-packages/airflow/example_dags/example_workday_timetable.py for tasks to queue
[2024-11-01T14:40:25.979+0000] {logging_mixin.py:190} INFO - [2024-11-01T14:40:25.979+0000] {dagbag.py:588} INFO - Filling up the DagBag from /home/airflow/.local/lib/python3.12/site-packages/airflow/example_dags/example_workday_timetable.py
[2024-11-01T14:40:25.983+0000] {processor.py:925} INFO - DAG(s) 'example_workday_timetable' retrieved from /home/airflow/.local/lib/python3.12/site-packages/airflow/example_dags/example_workday_timetable.py
[2024-11-01T14:40:25.999+0000] {logging_mixin.py:190} INFO - [2024-11-01T14:40:25.999+0000] {dag.py:3239} INFO - Sync 1 DAGs
[2024-11-01T14:40:26.049+0000] {logging_mixin.py:190} INFO - [2024-11-01T14:40:26.049+0000] {dag.py:4180} INFO - Setting next_dagrun for example_workday_timetable to 2021-01-04 00:00:00+00:00, run_after=2021-01-05 00:00:00+00:00
[2024-11-01T14:40:26.065+0000] {processor.py:208} INFO - Processing /home/airflow/.local/lib/python3.12/site-packages/airflow/example_dags/example_workday_timetable.py took 0.093 seconds
[2024-11-01T14:40:56.899+0000] {processor.py:186} INFO - Started process (PID=2337) to work on /home/airflow/.local/lib/python3.12/site-packages/airflow/example_dags/example_workday_timetable.py
[2024-11-01T14:40:56.900+0000] {processor.py:914} INFO - Processing file /home/airflow/.local/lib/python3.12/site-packages/airflow/example_dags/example_workday_timetable.py for tasks to queue
[2024-11-01T14:40:56.901+0000] {logging_mixin.py:190} INFO - [2024-11-01T14:40:56.900+0000] {dagbag.py:588} INFO - Filling up the DagBag from /home/airflow/.local/lib/python3.12/site-packages/airflow/example_dags/example_workday_timetable.py
[2024-11-01T14:40:56.904+0000] {processor.py:925} INFO - DAG(s) 'example_workday_timetable' retrieved from /home/airflow/.local/lib/python3.12/site-packages/airflow/example_dags/example_workday_timetable.py
[2024-11-01T14:40:56.922+0000] {logging_mixin.py:190} INFO - [2024-11-01T14:40:56.921+0000] {dag.py:3239} INFO - Sync 1 DAGs
[2024-11-01T14:40:56.982+0000] {logging_mixin.py:190} INFO - [2024-11-01T14:40:56.982+0000] {dag.py:4180} INFO - Setting next_dagrun for example_workday_timetable to 2021-01-04 00:00:00+00:00, run_after=2021-01-05 00:00:00+00:00
[2024-11-01T14:40:57.001+0000] {processor.py:208} INFO - Processing /home/airflow/.local/lib/python3.12/site-packages/airflow/example_dags/example_workday_timetable.py took 0.106 seconds
[2024-11-01T14:41:27.064+0000] {processor.py:186} INFO - Started process (PID=2402) to work on /home/airflow/.local/lib/python3.12/site-packages/airflow/example_dags/example_workday_timetable.py
[2024-11-01T14:41:27.065+0000] {processor.py:914} INFO - Processing file /home/airflow/.local/lib/python3.12/site-packages/airflow/example_dags/example_workday_timetable.py for tasks to queue
[2024-11-01T14:41:27.066+0000] {logging_mixin.py:190} INFO - [2024-11-01T14:41:27.066+0000] {dagbag.py:588} INFO - Filling up the DagBag from /home/airflow/.local/lib/python3.12/site-packages/airflow/example_dags/example_workday_timetable.py
[2024-11-01T14:41:27.070+0000] {processor.py:925} INFO - DAG(s) 'example_workday_timetable' retrieved from /home/airflow/.local/lib/python3.12/site-packages/airflow/example_dags/example_workday_timetable.py
[2024-11-01T14:41:27.092+0000] {logging_mixin.py:190} INFO - [2024-11-01T14:41:27.091+0000] {dag.py:3239} INFO - Sync 1 DAGs
[2024-11-01T14:41:27.160+0000] {logging_mixin.py:190} INFO - [2024-11-01T14:41:27.159+0000] {dag.py:4180} INFO - Setting next_dagrun for example_workday_timetable to 2021-01-04 00:00:00+00:00, run_after=2021-01-05 00:00:00+00:00
[2024-11-01T14:41:27.177+0000] {processor.py:208} INFO - Processing /home/airflow/.local/lib/python3.12/site-packages/airflow/example_dags/example_workday_timetable.py took 0.117 seconds
[2024-11-01T14:41:57.938+0000] {processor.py:186} INFO - Started process (PID=2468) to work on /home/airflow/.local/lib/python3.12/site-packages/airflow/example_dags/example_workday_timetable.py
[2024-11-01T14:41:57.939+0000] {processor.py:914} INFO - Processing file /home/airflow/.local/lib/python3.12/site-packages/airflow/example_dags/example_workday_timetable.py for tasks to queue
[2024-11-01T14:41:57.939+0000] {logging_mixin.py:190} INFO - [2024-11-01T14:41:57.939+0000] {dagbag.py:588} INFO - Filling up the DagBag from /home/airflow/.local/lib/python3.12/site-packages/airflow/example_dags/example_workday_timetable.py
[2024-11-01T14:41:57.943+0000] {processor.py:925} INFO - DAG(s) 'example_workday_timetable' retrieved from /home/airflow/.local/lib/python3.12/site-packages/airflow/example_dags/example_workday_timetable.py
[2024-11-01T14:41:57.956+0000] {logging_mixin.py:190} INFO - [2024-11-01T14:41:57.956+0000] {dag.py:3239} INFO - Sync 1 DAGs
[2024-11-01T14:41:58.015+0000] {logging_mixin.py:190} INFO - [2024-11-01T14:41:58.015+0000] {dag.py:4180} INFO - Setting next_dagrun for example_workday_timetable to 2021-01-04 00:00:00+00:00, run_after=2021-01-05 00:00:00+00:00
[2024-11-01T14:41:58.030+0000] {processor.py:208} INFO - Processing /home/airflow/.local/lib/python3.12/site-packages/airflow/example_dags/example_workday_timetable.py took 0.097 seconds
[2024-11-01T14:42:28.081+0000] {processor.py:186} INFO - Started process (PID=2533) to work on /home/airflow/.local/lib/python3.12/site-packages/airflow/example_dags/example_workday_timetable.py
[2024-11-01T14:42:28.082+0000] {processor.py:914} INFO - Processing file /home/airflow/.local/lib/python3.12/site-packages/airflow/example_dags/example_workday_timetable.py for tasks to queue
[2024-11-01T14:42:28.083+0000] {logging_mixin.py:190} INFO - [2024-11-01T14:42:28.082+0000] {dagbag.py:588} INFO - Filling up the DagBag from /home/airflow/.local/lib/python3.12/site-packages/airflow/example_dags/example_workday_timetable.py
[2024-11-01T14:42:28.088+0000] {processor.py:925} INFO - DAG(s) 'example_workday_timetable' retrieved from /home/airflow/.local/lib/python3.12/site-packages/airflow/example_dags/example_workday_timetable.py
[2024-11-01T14:42:28.107+0000] {logging_mixin.py:190} INFO - [2024-11-01T14:42:28.107+0000] {dag.py:3239} INFO - Sync 1 DAGs
[2024-11-01T14:42:28.208+0000] {logging_mixin.py:190} INFO - [2024-11-01T14:42:28.208+0000] {dag.py:4180} INFO - Setting next_dagrun for example_workday_timetable to 2021-01-04 00:00:00+00:00, run_after=2021-01-05 00:00:00+00:00
[2024-11-01T14:42:28.224+0000] {processor.py:208} INFO - Processing /home/airflow/.local/lib/python3.12/site-packages/airflow/example_dags/example_workday_timetable.py took 0.147 seconds
[2024-11-01T14:42:58.266+0000] {processor.py:186} INFO - Started process (PID=2599) to work on /home/airflow/.local/lib/python3.12/site-packages/airflow/example_dags/example_workday_timetable.py
[2024-11-01T14:42:58.267+0000] {processor.py:914} INFO - Processing file /home/airflow/.local/lib/python3.12/site-packages/airflow/example_dags/example_workday_timetable.py for tasks to queue
[2024-11-01T14:42:58.268+0000] {logging_mixin.py:190} INFO - [2024-11-01T14:42:58.268+0000] {dagbag.py:588} INFO - Filling up the DagBag from /home/airflow/.local/lib/python3.12/site-packages/airflow/example_dags/example_workday_timetable.py
[2024-11-01T14:42:58.272+0000] {processor.py:925} INFO - DAG(s) 'example_workday_timetable' retrieved from /home/airflow/.local/lib/python3.12/site-packages/airflow/example_dags/example_workday_timetable.py
[2024-11-01T14:42:58.291+0000] {logging_mixin.py:190} INFO - [2024-11-01T14:42:58.291+0000] {dag.py:3239} INFO - Sync 1 DAGs
[2024-11-01T14:42:58.362+0000] {logging_mixin.py:190} INFO - [2024-11-01T14:42:58.362+0000] {dag.py:4180} INFO - Setting next_dagrun for example_workday_timetable to 2021-01-04 00:00:00+00:00, run_after=2021-01-05 00:00:00+00:00
[2024-11-01T14:42:58.378+0000] {processor.py:208} INFO - Processing /home/airflow/.local/lib/python3.12/site-packages/airflow/example_dags/example_workday_timetable.py took 0.118 seconds
[2024-11-01T14:43:28.462+0000] {processor.py:186} INFO - Started process (PID=2664) to work on /home/airflow/.local/lib/python3.12/site-packages/airflow/example_dags/example_workday_timetable.py
[2024-11-01T14:43:28.463+0000] {processor.py:914} INFO - Processing file /home/airflow/.local/lib/python3.12/site-packages/airflow/example_dags/example_workday_timetable.py for tasks to queue
[2024-11-01T14:43:28.463+0000] {logging_mixin.py:190} INFO - [2024-11-01T14:43:28.463+0000] {dagbag.py:588} INFO - Filling up the DagBag from /home/airflow/.local/lib/python3.12/site-packages/airflow/example_dags/example_workday_timetable.py
[2024-11-01T14:43:28.467+0000] {processor.py:925} INFO - DAG(s) 'example_workday_timetable' retrieved from /home/airflow/.local/lib/python3.12/site-packages/airflow/example_dags/example_workday_timetable.py
[2024-11-01T14:43:28.490+0000] {logging_mixin.py:190} INFO - [2024-11-01T14:43:28.490+0000] {dag.py:3239} INFO - Sync 1 DAGs
[2024-11-01T14:43:28.559+0000] {logging_mixin.py:190} INFO - [2024-11-01T14:43:28.559+0000] {dag.py:4180} INFO - Setting next_dagrun for example_workday_timetable to 2021-01-04 00:00:00+00:00, run_after=2021-01-05 00:00:00+00:00
[2024-11-01T14:43:28.574+0000] {processor.py:208} INFO - Processing /home/airflow/.local/lib/python3.12/site-packages/airflow/example_dags/example_workday_timetable.py took 0.116 seconds
[2024-11-01T14:43:58.651+0000] {processor.py:186} INFO - Started process (PID=2728) to work on /home/airflow/.local/lib/python3.12/site-packages/airflow/example_dags/example_workday_timetable.py
[2024-11-01T14:43:58.652+0000] {processor.py:914} INFO - Processing file /home/airflow/.local/lib/python3.12/site-packages/airflow/example_dags/example_workday_timetable.py for tasks to queue
[2024-11-01T14:43:58.653+0000] {logging_mixin.py:190} INFO - [2024-11-01T14:43:58.653+0000] {dagbag.py:588} INFO - Filling up the DagBag from /home/airflow/.local/lib/python3.12/site-packages/airflow/example_dags/example_workday_timetable.py
[2024-11-01T14:43:58.658+0000] {processor.py:925} INFO - DAG(s) 'example_workday_timetable' retrieved from /home/airflow/.local/lib/python3.12/site-packages/airflow/example_dags/example_workday_timetable.py
[2024-11-01T14:43:58.676+0000] {logging_mixin.py:190} INFO - [2024-11-01T14:43:58.675+0000] {dag.py:3239} INFO - Sync 1 DAGs
[2024-11-01T14:43:58.740+0000] {logging_mixin.py:190} INFO - [2024-11-01T14:43:58.740+0000] {dag.py:4180} INFO - Setting next_dagrun for example_workday_timetable to 2021-01-04 00:00:00+00:00, run_after=2021-01-05 00:00:00+00:00
[2024-11-01T14:43:58.759+0000] {processor.py:208} INFO - Processing /home/airflow/.local/lib/python3.12/site-packages/airflow/example_dags/example_workday_timetable.py took 0.113 seconds
[2024-11-01T14:44:29.034+0000] {processor.py:186} INFO - Started process (PID=2791) to work on /home/airflow/.local/lib/python3.12/site-packages/airflow/example_dags/example_workday_timetable.py
[2024-11-01T14:44:29.035+0000] {processor.py:914} INFO - Processing file /home/airflow/.local/lib/python3.12/site-packages/airflow/example_dags/example_workday_timetable.py for tasks to queue
[2024-11-01T14:44:29.036+0000] {logging_mixin.py:190} INFO - [2024-11-01T14:44:29.035+0000] {dagbag.py:588} INFO - Filling up the DagBag from /home/airflow/.local/lib/python3.12/site-packages/airflow/example_dags/example_workday_timetable.py
[2024-11-01T14:44:29.039+0000] {processor.py:925} INFO - DAG(s) 'example_workday_timetable' retrieved from /home/airflow/.local/lib/python3.12/site-packages/airflow/example_dags/example_workday_timetable.py
[2024-11-01T14:44:29.053+0000] {logging_mixin.py:190} INFO - [2024-11-01T14:44:29.053+0000] {dag.py:3239} INFO - Sync 1 DAGs
[2024-11-01T14:44:29.115+0000] {logging_mixin.py:190} INFO - [2024-11-01T14:44:29.114+0000] {dag.py:4180} INFO - Setting next_dagrun for example_workday_timetable to 2021-01-04 00:00:00+00:00, run_after=2021-01-05 00:00:00+00:00
[2024-11-01T14:44:29.133+0000] {processor.py:208} INFO - Processing /home/airflow/.local/lib/python3.12/site-packages/airflow/example_dags/example_workday_timetable.py took 0.103 seconds
[2024-11-01T14:45:00.004+0000] {processor.py:186} INFO - Started process (PID=2844) to work on /home/airflow/.local/lib/python3.12/site-packages/airflow/example_dags/example_workday_timetable.py
[2024-11-01T14:45:00.007+0000] {processor.py:914} INFO - Processing file /home/airflow/.local/lib/python3.12/site-packages/airflow/example_dags/example_workday_timetable.py for tasks to queue
[2024-11-01T14:45:00.010+0000] {logging_mixin.py:190} INFO - [2024-11-01T14:45:00.009+0000] {dagbag.py:588} INFO - Filling up the DagBag from /home/airflow/.local/lib/python3.12/site-packages/airflow/example_dags/example_workday_timetable.py
[2024-11-01T14:45:00.021+0000] {processor.py:925} INFO - DAG(s) 'example_workday_timetable' retrieved from /home/airflow/.local/lib/python3.12/site-packages/airflow/example_dags/example_workday_timetable.py
[2024-11-01T14:45:00.074+0000] {logging_mixin.py:190} INFO - [2024-11-01T14:45:00.073+0000] {dag.py:3239} INFO - Sync 1 DAGs
[2024-11-01T14:45:00.200+0000] {logging_mixin.py:190} INFO - [2024-11-01T14:45:00.199+0000] {dag.py:4180} INFO - Setting next_dagrun for example_workday_timetable to 2021-01-04 00:00:00+00:00, run_after=2021-01-05 00:00:00+00:00
[2024-11-01T14:45:00.251+0000] {processor.py:208} INFO - Processing /home/airflow/.local/lib/python3.12/site-packages/airflow/example_dags/example_workday_timetable.py took 0.259 seconds
[2024-11-01T14:45:30.402+0000] {processor.py:186} INFO - Started process (PID=2910) to work on /home/airflow/.local/lib/python3.12/site-packages/airflow/example_dags/example_workday_timetable.py
[2024-11-01T14:45:30.404+0000] {processor.py:914} INFO - Processing file /home/airflow/.local/lib/python3.12/site-packages/airflow/example_dags/example_workday_timetable.py for tasks to queue
[2024-11-01T14:45:30.405+0000] {logging_mixin.py:190} INFO - [2024-11-01T14:45:30.404+0000] {dagbag.py:588} INFO - Filling up the DagBag from /home/airflow/.local/lib/python3.12/site-packages/airflow/example_dags/example_workday_timetable.py
[2024-11-01T14:45:30.410+0000] {processor.py:925} INFO - DAG(s) 'example_workday_timetable' retrieved from /home/airflow/.local/lib/python3.12/site-packages/airflow/example_dags/example_workday_timetable.py
[2024-11-01T14:45:30.428+0000] {logging_mixin.py:190} INFO - [2024-11-01T14:45:30.427+0000] {dag.py:3239} INFO - Sync 1 DAGs
[2024-11-01T14:45:30.502+0000] {logging_mixin.py:190} INFO - [2024-11-01T14:45:30.501+0000] {dag.py:4180} INFO - Setting next_dagrun for example_workday_timetable to 2021-01-04 00:00:00+00:00, run_after=2021-01-05 00:00:00+00:00
[2024-11-01T14:45:30.524+0000] {processor.py:208} INFO - Processing /home/airflow/.local/lib/python3.12/site-packages/airflow/example_dags/example_workday_timetable.py took 0.129 seconds
[2024-11-01T14:46:01.303+0000] {processor.py:186} INFO - Started process (PID=2974) to work on /home/airflow/.local/lib/python3.12/site-packages/airflow/example_dags/example_workday_timetable.py
[2024-11-01T14:46:01.304+0000] {processor.py:914} INFO - Processing file /home/airflow/.local/lib/python3.12/site-packages/airflow/example_dags/example_workday_timetable.py for tasks to queue
[2024-11-01T14:46:01.305+0000] {logging_mixin.py:190} INFO - [2024-11-01T14:46:01.305+0000] {dagbag.py:588} INFO - Filling up the DagBag from /home/airflow/.local/lib/python3.12/site-packages/airflow/example_dags/example_workday_timetable.py
[2024-11-01T14:46:01.311+0000] {processor.py:925} INFO - DAG(s) 'example_workday_timetable' retrieved from /home/airflow/.local/lib/python3.12/site-packages/airflow/example_dags/example_workday_timetable.py
[2024-11-01T14:46:01.335+0000] {logging_mixin.py:190} INFO - [2024-11-01T14:46:01.334+0000] {dag.py:3239} INFO - Sync 1 DAGs
[2024-11-01T14:46:01.439+0000] {logging_mixin.py:190} INFO - [2024-11-01T14:46:01.439+0000] {dag.py:4180} INFO - Setting next_dagrun for example_workday_timetable to 2021-01-04 00:00:00+00:00, run_after=2021-01-05 00:00:00+00:00
[2024-11-01T14:46:01.461+0000] {processor.py:208} INFO - Processing /home/airflow/.local/lib/python3.12/site-packages/airflow/example_dags/example_workday_timetable.py took 0.163 seconds
[2024-11-01T14:46:32.420+0000] {processor.py:186} INFO - Started process (PID=3039) to work on /home/airflow/.local/lib/python3.12/site-packages/airflow/example_dags/example_workday_timetable.py
[2024-11-01T14:46:32.421+0000] {processor.py:914} INFO - Processing file /home/airflow/.local/lib/python3.12/site-packages/airflow/example_dags/example_workday_timetable.py for tasks to queue
[2024-11-01T14:46:32.422+0000] {logging_mixin.py:190} INFO - [2024-11-01T14:46:32.422+0000] {dagbag.py:588} INFO - Filling up the DagBag from /home/airflow/.local/lib/python3.12/site-packages/airflow/example_dags/example_workday_timetable.py
[2024-11-01T14:46:32.428+0000] {processor.py:925} INFO - DAG(s) 'example_workday_timetable' retrieved from /home/airflow/.local/lib/python3.12/site-packages/airflow/example_dags/example_workday_timetable.py
[2024-11-01T14:46:32.453+0000] {logging_mixin.py:190} INFO - [2024-11-01T14:46:32.453+0000] {dag.py:3239} INFO - Sync 1 DAGs
[2024-11-01T14:46:32.567+0000] {logging_mixin.py:190} INFO - [2024-11-01T14:46:32.566+0000] {dag.py:4180} INFO - Setting next_dagrun for example_workday_timetable to 2021-01-04 00:00:00+00:00, run_after=2021-01-05 00:00:00+00:00
[2024-11-01T14:46:32.612+0000] {processor.py:208} INFO - Processing /home/airflow/.local/lib/python3.12/site-packages/airflow/example_dags/example_workday_timetable.py took 0.197 seconds
[2024-11-01T14:47:03.556+0000] {processor.py:186} INFO - Started process (PID=3104) to work on /home/airflow/.local/lib/python3.12/site-packages/airflow/example_dags/example_workday_timetable.py
[2024-11-01T14:47:03.558+0000] {processor.py:914} INFO - Processing file /home/airflow/.local/lib/python3.12/site-packages/airflow/example_dags/example_workday_timetable.py for tasks to queue
[2024-11-01T14:47:03.560+0000] {logging_mixin.py:190} INFO - [2024-11-01T14:47:03.559+0000] {dagbag.py:588} INFO - Filling up the DagBag from /home/airflow/.local/lib/python3.12/site-packages/airflow/example_dags/example_workday_timetable.py
[2024-11-01T14:47:03.565+0000] {processor.py:925} INFO - DAG(s) 'example_workday_timetable' retrieved from /home/airflow/.local/lib/python3.12/site-packages/airflow/example_dags/example_workday_timetable.py
[2024-11-01T14:47:03.582+0000] {logging_mixin.py:190} INFO - [2024-11-01T14:47:03.581+0000] {dag.py:3239} INFO - Sync 1 DAGs
[2024-11-01T14:47:03.636+0000] {logging_mixin.py:190} INFO - [2024-11-01T14:47:03.636+0000] {dag.py:4180} INFO - Setting next_dagrun for example_workday_timetable to 2021-01-04 00:00:00+00:00, run_after=2021-01-05 00:00:00+00:00
[2024-11-01T14:47:03.657+0000] {processor.py:208} INFO - Processing /home/airflow/.local/lib/python3.12/site-packages/airflow/example_dags/example_workday_timetable.py took 0.106 seconds
[2024-11-01T14:47:34.578+0000] {processor.py:186} INFO - Started process (PID=3169) to work on /home/airflow/.local/lib/python3.12/site-packages/airflow/example_dags/example_workday_timetable.py
[2024-11-01T14:47:34.580+0000] {processor.py:914} INFO - Processing file /home/airflow/.local/lib/python3.12/site-packages/airflow/example_dags/example_workday_timetable.py for tasks to queue
[2024-11-01T14:47:34.581+0000] {logging_mixin.py:190} INFO - [2024-11-01T14:47:34.581+0000] {dagbag.py:588} INFO - Filling up the DagBag from /home/airflow/.local/lib/python3.12/site-packages/airflow/example_dags/example_workday_timetable.py
[2024-11-01T14:47:34.585+0000] {processor.py:925} INFO - DAG(s) 'example_workday_timetable' retrieved from /home/airflow/.local/lib/python3.12/site-packages/airflow/example_dags/example_workday_timetable.py
[2024-11-01T14:47:34.599+0000] {logging_mixin.py:190} INFO - [2024-11-01T14:47:34.599+0000] {dag.py:3239} INFO - Sync 1 DAGs
[2024-11-01T14:47:34.654+0000] {logging_mixin.py:190} INFO - [2024-11-01T14:47:34.654+0000] {dag.py:4180} INFO - Setting next_dagrun for example_workday_timetable to 2021-01-04 00:00:00+00:00, run_after=2021-01-05 00:00:00+00:00
[2024-11-01T14:47:34.678+0000] {processor.py:208} INFO - Processing /home/airflow/.local/lib/python3.12/site-packages/airflow/example_dags/example_workday_timetable.py took 0.104 seconds
[2024-11-01T14:48:05.050+0000] {processor.py:186} INFO - Started process (PID=3234) to work on /home/airflow/.local/lib/python3.12/site-packages/airflow/example_dags/example_workday_timetable.py
[2024-11-01T14:48:05.052+0000] {processor.py:914} INFO - Processing file /home/airflow/.local/lib/python3.12/site-packages/airflow/example_dags/example_workday_timetable.py for tasks to queue
[2024-11-01T14:48:05.053+0000] {logging_mixin.py:190} INFO - [2024-11-01T14:48:05.052+0000] {dagbag.py:588} INFO - Filling up the DagBag from /home/airflow/.local/lib/python3.12/site-packages/airflow/example_dags/example_workday_timetable.py
[2024-11-01T14:48:05.059+0000] {processor.py:925} INFO - DAG(s) 'example_workday_timetable' retrieved from /home/airflow/.local/lib/python3.12/site-packages/airflow/example_dags/example_workday_timetable.py
[2024-11-01T14:48:05.090+0000] {logging_mixin.py:190} INFO - [2024-11-01T14:48:05.090+0000] {dag.py:3239} INFO - Sync 1 DAGs
[2024-11-01T14:48:05.138+0000] {logging_mixin.py:190} INFO - [2024-11-01T14:48:05.138+0000] {dag.py:4180} INFO - Setting next_dagrun for example_workday_timetable to 2021-01-04 00:00:00+00:00, run_after=2021-01-05 00:00:00+00:00
[2024-11-01T14:48:05.156+0000] {processor.py:208} INFO - Processing /home/airflow/.local/lib/python3.12/site-packages/airflow/example_dags/example_workday_timetable.py took 0.112 seconds
[2024-11-01T14:48:35.586+0000] {processor.py:186} INFO - Started process (PID=3299) to work on /home/airflow/.local/lib/python3.12/site-packages/airflow/example_dags/example_workday_timetable.py
[2024-11-01T14:48:35.588+0000] {processor.py:914} INFO - Processing file /home/airflow/.local/lib/python3.12/site-packages/airflow/example_dags/example_workday_timetable.py for tasks to queue
[2024-11-01T14:48:35.589+0000] {logging_mixin.py:190} INFO - [2024-11-01T14:48:35.589+0000] {dagbag.py:588} INFO - Filling up the DagBag from /home/airflow/.local/lib/python3.12/site-packages/airflow/example_dags/example_workday_timetable.py
[2024-11-01T14:48:35.593+0000] {processor.py:925} INFO - DAG(s) 'example_workday_timetable' retrieved from /home/airflow/.local/lib/python3.12/site-packages/airflow/example_dags/example_workday_timetable.py
[2024-11-01T14:48:35.611+0000] {logging_mixin.py:190} INFO - [2024-11-01T14:48:35.611+0000] {dag.py:3239} INFO - Sync 1 DAGs
[2024-11-01T14:48:35.667+0000] {logging_mixin.py:190} INFO - [2024-11-01T14:48:35.667+0000] {dag.py:4180} INFO - Setting next_dagrun for example_workday_timetable to 2021-01-04 00:00:00+00:00, run_after=2021-01-05 00:00:00+00:00
[2024-11-01T14:48:35.687+0000] {processor.py:208} INFO - Processing /home/airflow/.local/lib/python3.12/site-packages/airflow/example_dags/example_workday_timetable.py took 0.107 seconds
[2024-11-01T14:49:05.779+0000] {processor.py:186} INFO - Started process (PID=3364) to work on /home/airflow/.local/lib/python3.12/site-packages/airflow/example_dags/example_workday_timetable.py
[2024-11-01T14:49:05.782+0000] {processor.py:914} INFO - Processing file /home/airflow/.local/lib/python3.12/site-packages/airflow/example_dags/example_workday_timetable.py for tasks to queue
[2024-11-01T14:49:05.784+0000] {logging_mixin.py:190} INFO - [2024-11-01T14:49:05.783+0000] {dagbag.py:588} INFO - Filling up the DagBag from /home/airflow/.local/lib/python3.12/site-packages/airflow/example_dags/example_workday_timetable.py
[2024-11-01T14:49:05.792+0000] {processor.py:925} INFO - DAG(s) 'example_workday_timetable' retrieved from /home/airflow/.local/lib/python3.12/site-packages/airflow/example_dags/example_workday_timetable.py
[2024-11-01T14:49:05.810+0000] {logging_mixin.py:190} INFO - [2024-11-01T14:49:05.810+0000] {dag.py:3239} INFO - Sync 1 DAGs
[2024-11-01T14:49:05.868+0000] {logging_mixin.py:190} INFO - [2024-11-01T14:49:05.868+0000] {dag.py:4180} INFO - Setting next_dagrun for example_workday_timetable to 2021-01-04 00:00:00+00:00, run_after=2021-01-05 00:00:00+00:00
[2024-11-01T14:49:05.889+0000] {processor.py:208} INFO - Processing /home/airflow/.local/lib/python3.12/site-packages/airflow/example_dags/example_workday_timetable.py took 0.115 seconds
[2024-11-01T14:49:36.279+0000] {processor.py:186} INFO - Started process (PID=3429) to work on /home/airflow/.local/lib/python3.12/site-packages/airflow/example_dags/example_workday_timetable.py
[2024-11-01T14:49:36.281+0000] {processor.py:914} INFO - Processing file /home/airflow/.local/lib/python3.12/site-packages/airflow/example_dags/example_workday_timetable.py for tasks to queue
[2024-11-01T14:49:36.282+0000] {logging_mixin.py:190} INFO - [2024-11-01T14:49:36.282+0000] {dagbag.py:588} INFO - Filling up the DagBag from /home/airflow/.local/lib/python3.12/site-packages/airflow/example_dags/example_workday_timetable.py
[2024-11-01T14:49:36.288+0000] {processor.py:925} INFO - DAG(s) 'example_workday_timetable' retrieved from /home/airflow/.local/lib/python3.12/site-packages/airflow/example_dags/example_workday_timetable.py
[2024-11-01T14:49:36.307+0000] {logging_mixin.py:190} INFO - [2024-11-01T14:49:36.307+0000] {dag.py:3239} INFO - Sync 1 DAGs
[2024-11-01T14:49:36.368+0000] {logging_mixin.py:190} INFO - [2024-11-01T14:49:36.368+0000] {dag.py:4180} INFO - Setting next_dagrun for example_workday_timetable to 2021-01-04 00:00:00+00:00, run_after=2021-01-05 00:00:00+00:00
[2024-11-01T14:49:36.385+0000] {processor.py:208} INFO - Processing /home/airflow/.local/lib/python3.12/site-packages/airflow/example_dags/example_workday_timetable.py took 0.113 seconds
[2024-11-01T14:50:06.876+0000] {processor.py:186} INFO - Started process (PID=3494) to work on /home/airflow/.local/lib/python3.12/site-packages/airflow/example_dags/example_workday_timetable.py
[2024-11-01T14:50:06.877+0000] {processor.py:914} INFO - Processing file /home/airflow/.local/lib/python3.12/site-packages/airflow/example_dags/example_workday_timetable.py for tasks to queue
[2024-11-01T14:50:06.878+0000] {logging_mixin.py:190} INFO - [2024-11-01T14:50:06.878+0000] {dagbag.py:588} INFO - Filling up the DagBag from /home/airflow/.local/lib/python3.12/site-packages/airflow/example_dags/example_workday_timetable.py
[2024-11-01T14:50:06.883+0000] {processor.py:925} INFO - DAG(s) 'example_workday_timetable' retrieved from /home/airflow/.local/lib/python3.12/site-packages/airflow/example_dags/example_workday_timetable.py
[2024-11-01T14:50:06.905+0000] {logging_mixin.py:190} INFO - [2024-11-01T14:50:06.905+0000] {dag.py:3239} INFO - Sync 1 DAGs
[2024-11-01T14:50:06.994+0000] {logging_mixin.py:190} INFO - [2024-11-01T14:50:06.994+0000] {dag.py:4180} INFO - Setting next_dagrun for example_workday_timetable to 2021-01-04 00:00:00+00:00, run_after=2021-01-05 00:00:00+00:00
[2024-11-01T14:50:07.015+0000] {processor.py:208} INFO - Processing /home/airflow/.local/lib/python3.12/site-packages/airflow/example_dags/example_workday_timetable.py took 0.144 seconds
[2024-11-01T14:50:37.296+0000] {processor.py:186} INFO - Started process (PID=3558) to work on /home/airflow/.local/lib/python3.12/site-packages/airflow/example_dags/example_workday_timetable.py
[2024-11-01T14:50:37.297+0000] {processor.py:914} INFO - Processing file /home/airflow/.local/lib/python3.12/site-packages/airflow/example_dags/example_workday_timetable.py for tasks to queue
[2024-11-01T14:50:37.299+0000] {logging_mixin.py:190} INFO - [2024-11-01T14:50:37.298+0000] {dagbag.py:588} INFO - Filling up the DagBag from /home/airflow/.local/lib/python3.12/site-packages/airflow/example_dags/example_workday_timetable.py
[2024-11-01T14:50:37.303+0000] {processor.py:925} INFO - DAG(s) 'example_workday_timetable' retrieved from /home/airflow/.local/lib/python3.12/site-packages/airflow/example_dags/example_workday_timetable.py
[2024-11-01T14:50:37.323+0000] {logging_mixin.py:190} INFO - [2024-11-01T14:50:37.323+0000] {dag.py:3239} INFO - Sync 1 DAGs
[2024-11-01T14:50:37.379+0000] {logging_mixin.py:190} INFO - [2024-11-01T14:50:37.379+0000] {dag.py:4180} INFO - Setting next_dagrun for example_workday_timetable to 2021-01-04 00:00:00+00:00, run_after=2021-01-05 00:00:00+00:00
[2024-11-01T14:50:37.397+0000] {processor.py:208} INFO - Processing /home/airflow/.local/lib/python3.12/site-packages/airflow/example_dags/example_workday_timetable.py took 0.106 seconds
[2024-11-01T14:51:08.309+0000] {processor.py:186} INFO - Started process (PID=3623) to work on /home/airflow/.local/lib/python3.12/site-packages/airflow/example_dags/example_workday_timetable.py
[2024-11-01T14:51:08.311+0000] {processor.py:914} INFO - Processing file /home/airflow/.local/lib/python3.12/site-packages/airflow/example_dags/example_workday_timetable.py for tasks to queue
[2024-11-01T14:51:08.312+0000] {logging_mixin.py:190} INFO - [2024-11-01T14:51:08.312+0000] {dagbag.py:588} INFO - Filling up the DagBag from /home/airflow/.local/lib/python3.12/site-packages/airflow/example_dags/example_workday_timetable.py
[2024-11-01T14:51:08.317+0000] {processor.py:925} INFO - DAG(s) 'example_workday_timetable' retrieved from /home/airflow/.local/lib/python3.12/site-packages/airflow/example_dags/example_workday_timetable.py
[2024-11-01T14:51:08.331+0000] {logging_mixin.py:190} INFO - [2024-11-01T14:51:08.331+0000] {dag.py:3239} INFO - Sync 1 DAGs
[2024-11-01T14:51:08.373+0000] {logging_mixin.py:190} INFO - [2024-11-01T14:51:08.373+0000] {dag.py:4180} INFO - Setting next_dagrun for example_workday_timetable to 2021-01-04 00:00:00+00:00, run_after=2021-01-05 00:00:00+00:00
[2024-11-01T14:51:08.389+0000] {processor.py:208} INFO - Processing /home/airflow/.local/lib/python3.12/site-packages/airflow/example_dags/example_workday_timetable.py took 0.085 seconds
[2024-11-01T14:51:38.590+0000] {processor.py:186} INFO - Started process (PID=3688) to work on /home/airflow/.local/lib/python3.12/site-packages/airflow/example_dags/example_workday_timetable.py
[2024-11-01T14:51:38.591+0000] {processor.py:914} INFO - Processing file /home/airflow/.local/lib/python3.12/site-packages/airflow/example_dags/example_workday_timetable.py for tasks to queue
[2024-11-01T14:51:38.592+0000] {logging_mixin.py:190} INFO - [2024-11-01T14:51:38.592+0000] {dagbag.py:588} INFO - Filling up the DagBag from /home/airflow/.local/lib/python3.12/site-packages/airflow/example_dags/example_workday_timetable.py
[2024-11-01T14:51:38.597+0000] {processor.py:925} INFO - DAG(s) 'example_workday_timetable' retrieved from /home/airflow/.local/lib/python3.12/site-packages/airflow/example_dags/example_workday_timetable.py
[2024-11-01T14:51:38.615+0000] {logging_mixin.py:190} INFO - [2024-11-01T14:51:38.615+0000] {dag.py:3239} INFO - Sync 1 DAGs
[2024-11-01T14:51:38.696+0000] {logging_mixin.py:190} INFO - [2024-11-01T14:51:38.695+0000] {dag.py:4180} INFO - Setting next_dagrun for example_workday_timetable to 2021-01-04 00:00:00+00:00, run_after=2021-01-05 00:00:00+00:00
[2024-11-01T14:51:38.717+0000] {processor.py:208} INFO - Processing /home/airflow/.local/lib/python3.12/site-packages/airflow/example_dags/example_workday_timetable.py took 0.131 seconds
[2024-11-01T14:52:09.147+0000] {processor.py:186} INFO - Started process (PID=3753) to work on /home/airflow/.local/lib/python3.12/site-packages/airflow/example_dags/example_workday_timetable.py
[2024-11-01T14:52:09.149+0000] {processor.py:914} INFO - Processing file /home/airflow/.local/lib/python3.12/site-packages/airflow/example_dags/example_workday_timetable.py for tasks to queue
[2024-11-01T14:52:09.150+0000] {logging_mixin.py:190} INFO - [2024-11-01T14:52:09.150+0000] {dagbag.py:588} INFO - Filling up the DagBag from /home/airflow/.local/lib/python3.12/site-packages/airflow/example_dags/example_workday_timetable.py
[2024-11-01T14:52:09.157+0000] {processor.py:925} INFO - DAG(s) 'example_workday_timetable' retrieved from /home/airflow/.local/lib/python3.12/site-packages/airflow/example_dags/example_workday_timetable.py
[2024-11-01T14:52:09.177+0000] {logging_mixin.py:190} INFO - [2024-11-01T14:52:09.177+0000] {dag.py:3239} INFO - Sync 1 DAGs
[2024-11-01T14:52:09.235+0000] {logging_mixin.py:190} INFO - [2024-11-01T14:52:09.235+0000] {dag.py:4180} INFO - Setting next_dagrun for example_workday_timetable to 2021-01-04 00:00:00+00:00, run_after=2021-01-05 00:00:00+00:00
[2024-11-01T14:52:09.261+0000] {processor.py:208} INFO - Processing /home/airflow/.local/lib/python3.12/site-packages/airflow/example_dags/example_workday_timetable.py took 0.119 seconds
[2024-11-01T14:52:39.556+0000] {processor.py:186} INFO - Started process (PID=3818) to work on /home/airflow/.local/lib/python3.12/site-packages/airflow/example_dags/example_workday_timetable.py
[2024-11-01T14:52:39.558+0000] {processor.py:914} INFO - Processing file /home/airflow/.local/lib/python3.12/site-packages/airflow/example_dags/example_workday_timetable.py for tasks to queue
[2024-11-01T14:52:39.560+0000] {logging_mixin.py:190} INFO - [2024-11-01T14:52:39.560+0000] {dagbag.py:588} INFO - Filling up the DagBag from /home/airflow/.local/lib/python3.12/site-packages/airflow/example_dags/example_workday_timetable.py
[2024-11-01T14:52:39.571+0000] {processor.py:925} INFO - DAG(s) 'example_workday_timetable' retrieved from /home/airflow/.local/lib/python3.12/site-packages/airflow/example_dags/example_workday_timetable.py
[2024-11-01T14:52:39.605+0000] {logging_mixin.py:190} INFO - [2024-11-01T14:52:39.605+0000] {dag.py:3239} INFO - Sync 1 DAGs
[2024-11-01T14:52:39.683+0000] {logging_mixin.py:190} INFO - [2024-11-01T14:52:39.683+0000] {dag.py:4180} INFO - Setting next_dagrun for example_workday_timetable to 2021-01-04 00:00:00+00:00, run_after=2021-01-05 00:00:00+00:00
[2024-11-01T14:52:39.705+0000] {processor.py:208} INFO - Processing /home/airflow/.local/lib/python3.12/site-packages/airflow/example_dags/example_workday_timetable.py took 0.159 seconds
[2024-11-01T14:53:10.336+0000] {processor.py:186} INFO - Started process (PID=3883) to work on /home/airflow/.local/lib/python3.12/site-packages/airflow/example_dags/example_workday_timetable.py
[2024-11-01T14:53:10.339+0000] {processor.py:914} INFO - Processing file /home/airflow/.local/lib/python3.12/site-packages/airflow/example_dags/example_workday_timetable.py for tasks to queue
[2024-11-01T14:53:10.340+0000] {logging_mixin.py:190} INFO - [2024-11-01T14:53:10.340+0000] {dagbag.py:588} INFO - Filling up the DagBag from /home/airflow/.local/lib/python3.12/site-packages/airflow/example_dags/example_workday_timetable.py
[2024-11-01T14:53:10.347+0000] {processor.py:925} INFO - DAG(s) 'example_workday_timetable' retrieved from /home/airflow/.local/lib/python3.12/site-packages/airflow/example_dags/example_workday_timetable.py
[2024-11-01T14:53:10.372+0000] {logging_mixin.py:190} INFO - [2024-11-01T14:53:10.372+0000] {dag.py:3239} INFO - Sync 1 DAGs
[2024-11-01T14:53:10.456+0000] {logging_mixin.py:190} INFO - [2024-11-01T14:53:10.455+0000] {dag.py:4180} INFO - Setting next_dagrun for example_workday_timetable to 2021-01-04 00:00:00+00:00, run_after=2021-01-05 00:00:00+00:00
[2024-11-01T14:53:10.476+0000] {processor.py:208} INFO - Processing /home/airflow/.local/lib/python3.12/site-packages/airflow/example_dags/example_workday_timetable.py took 0.146 seconds
[2024-11-01T14:53:40.627+0000] {processor.py:186} INFO - Started process (PID=3948) to work on /home/airflow/.local/lib/python3.12/site-packages/airflow/example_dags/example_workday_timetable.py
[2024-11-01T14:53:40.630+0000] {processor.py:914} INFO - Processing file /home/airflow/.local/lib/python3.12/site-packages/airflow/example_dags/example_workday_timetable.py for tasks to queue
[2024-11-01T14:53:40.631+0000] {logging_mixin.py:190} INFO - [2024-11-01T14:53:40.631+0000] {dagbag.py:588} INFO - Filling up the DagBag from /home/airflow/.local/lib/python3.12/site-packages/airflow/example_dags/example_workday_timetable.py
[2024-11-01T14:53:40.637+0000] {processor.py:925} INFO - DAG(s) 'example_workday_timetable' retrieved from /home/airflow/.local/lib/python3.12/site-packages/airflow/example_dags/example_workday_timetable.py
[2024-11-01T14:53:40.654+0000] {logging_mixin.py:190} INFO - [2024-11-01T14:53:40.654+0000] {dag.py:3239} INFO - Sync 1 DAGs
[2024-11-01T14:53:40.718+0000] {logging_mixin.py:190} INFO - [2024-11-01T14:53:40.717+0000] {dag.py:4180} INFO - Setting next_dagrun for example_workday_timetable to 2021-01-04 00:00:00+00:00, run_after=2021-01-05 00:00:00+00:00
[2024-11-01T14:53:40.743+0000] {processor.py:208} INFO - Processing /home/airflow/.local/lib/python3.12/site-packages/airflow/example_dags/example_workday_timetable.py took 0.121 seconds
[2024-11-01T14:54:10.806+0000] {processor.py:186} INFO - Started process (PID=4013) to work on /home/airflow/.local/lib/python3.12/site-packages/airflow/example_dags/example_workday_timetable.py
[2024-11-01T14:54:10.808+0000] {processor.py:914} INFO - Processing file /home/airflow/.local/lib/python3.12/site-packages/airflow/example_dags/example_workday_timetable.py for tasks to queue
[2024-11-01T14:54:10.809+0000] {logging_mixin.py:190} INFO - [2024-11-01T14:54:10.809+0000] {dagbag.py:588} INFO - Filling up the DagBag from /home/airflow/.local/lib/python3.12/site-packages/airflow/example_dags/example_workday_timetable.py
[2024-11-01T14:54:10.813+0000] {processor.py:925} INFO - DAG(s) 'example_workday_timetable' retrieved from /home/airflow/.local/lib/python3.12/site-packages/airflow/example_dags/example_workday_timetable.py
[2024-11-01T14:54:10.826+0000] {logging_mixin.py:190} INFO - [2024-11-01T14:54:10.826+0000] {dag.py:3239} INFO - Sync 1 DAGs
[2024-11-01T14:54:10.895+0000] {logging_mixin.py:190} INFO - [2024-11-01T14:54:10.895+0000] {dag.py:4180} INFO - Setting next_dagrun for example_workday_timetable to 2021-01-04 00:00:00+00:00, run_after=2021-01-05 00:00:00+00:00
[2024-11-01T14:54:10.923+0000] {processor.py:208} INFO - Processing /home/airflow/.local/lib/python3.12/site-packages/airflow/example_dags/example_workday_timetable.py took 0.122 seconds
[2024-11-01T14:54:41.140+0000] {processor.py:186} INFO - Started process (PID=4079) to work on /home/airflow/.local/lib/python3.12/site-packages/airflow/example_dags/example_workday_timetable.py
[2024-11-01T14:54:41.143+0000] {processor.py:914} INFO - Processing file /home/airflow/.local/lib/python3.12/site-packages/airflow/example_dags/example_workday_timetable.py for tasks to queue
[2024-11-01T14:54:41.144+0000] {logging_mixin.py:190} INFO - [2024-11-01T14:54:41.144+0000] {dagbag.py:588} INFO - Filling up the DagBag from /home/airflow/.local/lib/python3.12/site-packages/airflow/example_dags/example_workday_timetable.py
[2024-11-01T14:54:41.152+0000] {processor.py:925} INFO - DAG(s) 'example_workday_timetable' retrieved from /home/airflow/.local/lib/python3.12/site-packages/airflow/example_dags/example_workday_timetable.py
[2024-11-01T14:54:41.166+0000] {logging_mixin.py:190} INFO - [2024-11-01T14:54:41.166+0000] {dag.py:3239} INFO - Sync 1 DAGs
[2024-11-01T14:54:41.211+0000] {logging_mixin.py:190} INFO - [2024-11-01T14:54:41.211+0000] {dag.py:4180} INFO - Setting next_dagrun for example_workday_timetable to 2021-01-04 00:00:00+00:00, run_after=2021-01-05 00:00:00+00:00
[2024-11-01T14:54:41.230+0000] {processor.py:208} INFO - Processing /home/airflow/.local/lib/python3.12/site-packages/airflow/example_dags/example_workday_timetable.py took 0.096 seconds
[2024-11-01T14:55:11.280+0000] {processor.py:186} INFO - Started process (PID=4143) to work on /home/airflow/.local/lib/python3.12/site-packages/airflow/example_dags/example_workday_timetable.py
[2024-11-01T14:55:11.282+0000] {processor.py:914} INFO - Processing file /home/airflow/.local/lib/python3.12/site-packages/airflow/example_dags/example_workday_timetable.py for tasks to queue
[2024-11-01T14:55:11.283+0000] {logging_mixin.py:190} INFO - [2024-11-01T14:55:11.283+0000] {dagbag.py:588} INFO - Filling up the DagBag from /home/airflow/.local/lib/python3.12/site-packages/airflow/example_dags/example_workday_timetable.py
[2024-11-01T14:55:11.287+0000] {processor.py:925} INFO - DAG(s) 'example_workday_timetable' retrieved from /home/airflow/.local/lib/python3.12/site-packages/airflow/example_dags/example_workday_timetable.py
[2024-11-01T14:55:11.301+0000] {logging_mixin.py:190} INFO - [2024-11-01T14:55:11.301+0000] {dag.py:3239} INFO - Sync 1 DAGs
[2024-11-01T14:55:11.346+0000] {logging_mixin.py:190} INFO - [2024-11-01T14:55:11.346+0000] {dag.py:4180} INFO - Setting next_dagrun for example_workday_timetable to 2021-01-04 00:00:00+00:00, run_after=2021-01-05 00:00:00+00:00
[2024-11-01T14:55:11.361+0000] {processor.py:208} INFO - Processing /home/airflow/.local/lib/python3.12/site-packages/airflow/example_dags/example_workday_timetable.py took 0.085 seconds
[2024-11-01T14:55:41.801+0000] {processor.py:186} INFO - Started process (PID=4208) to work on /home/airflow/.local/lib/python3.12/site-packages/airflow/example_dags/example_workday_timetable.py
[2024-11-01T14:55:41.802+0000] {processor.py:914} INFO - Processing file /home/airflow/.local/lib/python3.12/site-packages/airflow/example_dags/example_workday_timetable.py for tasks to queue
[2024-11-01T14:55:41.803+0000] {logging_mixin.py:190} INFO - [2024-11-01T14:55:41.803+0000] {dagbag.py:588} INFO - Filling up the DagBag from /home/airflow/.local/lib/python3.12/site-packages/airflow/example_dags/example_workday_timetable.py
[2024-11-01T14:55:41.809+0000] {processor.py:925} INFO - DAG(s) 'example_workday_timetable' retrieved from /home/airflow/.local/lib/python3.12/site-packages/airflow/example_dags/example_workday_timetable.py
[2024-11-01T14:55:41.824+0000] {logging_mixin.py:190} INFO - [2024-11-01T14:55:41.824+0000] {dag.py:3239} INFO - Sync 1 DAGs
[2024-11-01T14:55:41.866+0000] {logging_mixin.py:190} INFO - [2024-11-01T14:55:41.866+0000] {dag.py:4180} INFO - Setting next_dagrun for example_workday_timetable to 2021-01-04 00:00:00+00:00, run_after=2021-01-05 00:00:00+00:00
[2024-11-01T14:55:41.882+0000] {processor.py:208} INFO - Processing /home/airflow/.local/lib/python3.12/site-packages/airflow/example_dags/example_workday_timetable.py took 0.088 seconds
[2024-11-01T14:58:10.397+0000] {processor.py:186} INFO - Started process (PID=80) to work on /home/airflow/.local/lib/python3.12/site-packages/airflow/example_dags/example_workday_timetable.py
[2024-11-01T14:58:10.398+0000] {processor.py:914} INFO - Processing file /home/airflow/.local/lib/python3.12/site-packages/airflow/example_dags/example_workday_timetable.py for tasks to queue
[2024-11-01T14:58:10.399+0000] {logging_mixin.py:190} INFO - [2024-11-01T14:58:10.399+0000] {dagbag.py:588} INFO - Filling up the DagBag from /home/airflow/.local/lib/python3.12/site-packages/airflow/example_dags/example_workday_timetable.py
[2024-11-01T14:58:10.404+0000] {processor.py:925} INFO - DAG(s) 'example_workday_timetable' retrieved from /home/airflow/.local/lib/python3.12/site-packages/airflow/example_dags/example_workday_timetable.py
[2024-11-01T14:58:10.418+0000] {logging_mixin.py:190} INFO - [2024-11-01T14:58:10.418+0000] {dag.py:3239} INFO - Sync 1 DAGs
[2024-11-01T14:58:10.485+0000] {logging_mixin.py:190} INFO - [2024-11-01T14:58:10.485+0000] {dag.py:4180} INFO - Setting next_dagrun for example_workday_timetable to 2021-01-04 00:00:00+00:00, run_after=2021-01-05 00:00:00+00:00
[2024-11-01T14:58:10.504+0000] {processor.py:208} INFO - Processing /home/airflow/.local/lib/python3.12/site-packages/airflow/example_dags/example_workday_timetable.py took 0.111 seconds
[2024-11-01T14:58:41.432+0000] {processor.py:186} INFO - Started process (PID=145) to work on /home/airflow/.local/lib/python3.12/site-packages/airflow/example_dags/example_workday_timetable.py
[2024-11-01T14:58:41.433+0000] {processor.py:914} INFO - Processing file /home/airflow/.local/lib/python3.12/site-packages/airflow/example_dags/example_workday_timetable.py for tasks to queue
[2024-11-01T14:58:41.435+0000] {logging_mixin.py:190} INFO - [2024-11-01T14:58:41.435+0000] {dagbag.py:588} INFO - Filling up the DagBag from /home/airflow/.local/lib/python3.12/site-packages/airflow/example_dags/example_workday_timetable.py
[2024-11-01T14:58:41.442+0000] {processor.py:925} INFO - DAG(s) 'example_workday_timetable' retrieved from /home/airflow/.local/lib/python3.12/site-packages/airflow/example_dags/example_workday_timetable.py
[2024-11-01T14:58:41.465+0000] {logging_mixin.py:190} INFO - [2024-11-01T14:58:41.465+0000] {dag.py:3239} INFO - Sync 1 DAGs
[2024-11-01T14:58:41.556+0000] {logging_mixin.py:190} INFO - [2024-11-01T14:58:41.556+0000] {dag.py:4180} INFO - Setting next_dagrun for example_workday_timetable to 2021-01-04 00:00:00+00:00, run_after=2021-01-05 00:00:00+00:00
[2024-11-01T14:58:41.574+0000] {processor.py:208} INFO - Processing /home/airflow/.local/lib/python3.12/site-packages/airflow/example_dags/example_workday_timetable.py took 0.147 seconds
[2024-11-01T14:59:12.304+0000] {processor.py:186} INFO - Started process (PID=209) to work on /home/airflow/.local/lib/python3.12/site-packages/airflow/example_dags/example_workday_timetable.py
[2024-11-01T14:59:12.304+0000] {processor.py:914} INFO - Processing file /home/airflow/.local/lib/python3.12/site-packages/airflow/example_dags/example_workday_timetable.py for tasks to queue
[2024-11-01T14:59:12.306+0000] {logging_mixin.py:190} INFO - [2024-11-01T14:59:12.306+0000] {dagbag.py:588} INFO - Filling up the DagBag from /home/airflow/.local/lib/python3.12/site-packages/airflow/example_dags/example_workday_timetable.py
[2024-11-01T14:59:12.309+0000] {processor.py:925} INFO - DAG(s) 'example_workday_timetable' retrieved from /home/airflow/.local/lib/python3.12/site-packages/airflow/example_dags/example_workday_timetable.py
[2024-11-01T14:59:12.323+0000] {logging_mixin.py:190} INFO - [2024-11-01T14:59:12.323+0000] {dag.py:3239} INFO - Sync 1 DAGs
[2024-11-01T14:59:12.369+0000] {logging_mixin.py:190} INFO - [2024-11-01T14:59:12.368+0000] {dag.py:4180} INFO - Setting next_dagrun for example_workday_timetable to 2021-01-04 00:00:00+00:00, run_after=2021-01-05 00:00:00+00:00
[2024-11-01T14:59:12.383+0000] {processor.py:208} INFO - Processing /home/airflow/.local/lib/python3.12/site-packages/airflow/example_dags/example_workday_timetable.py took 0.084 seconds
[2024-11-01T14:59:43.251+0000] {processor.py:186} INFO - Started process (PID=274) to work on /home/airflow/.local/lib/python3.12/site-packages/airflow/example_dags/example_workday_timetable.py
[2024-11-01T14:59:43.252+0000] {processor.py:914} INFO - Processing file /home/airflow/.local/lib/python3.12/site-packages/airflow/example_dags/example_workday_timetable.py for tasks to queue
[2024-11-01T14:59:43.254+0000] {logging_mixin.py:190} INFO - [2024-11-01T14:59:43.253+0000] {dagbag.py:588} INFO - Filling up the DagBag from /home/airflow/.local/lib/python3.12/site-packages/airflow/example_dags/example_workday_timetable.py
[2024-11-01T14:59:43.258+0000] {processor.py:925} INFO - DAG(s) 'example_workday_timetable' retrieved from /home/airflow/.local/lib/python3.12/site-packages/airflow/example_dags/example_workday_timetable.py
[2024-11-01T14:59:43.271+0000] {logging_mixin.py:190} INFO - [2024-11-01T14:59:43.271+0000] {dag.py:3239} INFO - Sync 1 DAGs
[2024-11-01T14:59:43.353+0000] {logging_mixin.py:190} INFO - [2024-11-01T14:59:43.352+0000] {dag.py:4180} INFO - Setting next_dagrun for example_workday_timetable to 2021-01-04 00:00:00+00:00, run_after=2021-01-05 00:00:00+00:00
[2024-11-01T14:59:43.366+0000] {processor.py:208} INFO - Processing /home/airflow/.local/lib/python3.12/site-packages/airflow/example_dags/example_workday_timetable.py took 0.119 seconds
[2024-11-01T15:00:13.908+0000] {processor.py:186} INFO - Started process (PID=339) to work on /home/airflow/.local/lib/python3.12/site-packages/airflow/example_dags/example_workday_timetable.py
[2024-11-01T15:00:13.909+0000] {processor.py:914} INFO - Processing file /home/airflow/.local/lib/python3.12/site-packages/airflow/example_dags/example_workday_timetable.py for tasks to queue
[2024-11-01T15:00:13.911+0000] {logging_mixin.py:190} INFO - [2024-11-01T15:00:13.910+0000] {dagbag.py:588} INFO - Filling up the DagBag from /home/airflow/.local/lib/python3.12/site-packages/airflow/example_dags/example_workday_timetable.py
[2024-11-01T15:00:13.915+0000] {processor.py:925} INFO - DAG(s) 'example_workday_timetable' retrieved from /home/airflow/.local/lib/python3.12/site-packages/airflow/example_dags/example_workday_timetable.py
[2024-11-01T15:00:13.929+0000] {logging_mixin.py:190} INFO - [2024-11-01T15:00:13.928+0000] {dag.py:3239} INFO - Sync 1 DAGs
[2024-11-01T15:00:14.004+0000] {logging_mixin.py:190} INFO - [2024-11-01T15:00:14.004+0000] {dag.py:4180} INFO - Setting next_dagrun for example_workday_timetable to 2021-01-04 00:00:00+00:00, run_after=2021-01-05 00:00:00+00:00
[2024-11-01T15:00:14.019+0000] {processor.py:208} INFO - Processing /home/airflow/.local/lib/python3.12/site-packages/airflow/example_dags/example_workday_timetable.py took 0.115 seconds
[2024-11-01T15:00:44.530+0000] {processor.py:186} INFO - Started process (PID=404) to work on /home/airflow/.local/lib/python3.12/site-packages/airflow/example_dags/example_workday_timetable.py
[2024-11-01T15:00:44.531+0000] {processor.py:914} INFO - Processing file /home/airflow/.local/lib/python3.12/site-packages/airflow/example_dags/example_workday_timetable.py for tasks to queue
[2024-11-01T15:00:44.533+0000] {logging_mixin.py:190} INFO - [2024-11-01T15:00:44.533+0000] {dagbag.py:588} INFO - Filling up the DagBag from /home/airflow/.local/lib/python3.12/site-packages/airflow/example_dags/example_workday_timetable.py
[2024-11-01T15:00:44.537+0000] {processor.py:925} INFO - DAG(s) 'example_workday_timetable' retrieved from /home/airflow/.local/lib/python3.12/site-packages/airflow/example_dags/example_workday_timetable.py
[2024-11-01T15:00:44.554+0000] {logging_mixin.py:190} INFO - [2024-11-01T15:00:44.554+0000] {dag.py:3239} INFO - Sync 1 DAGs
[2024-11-01T15:00:44.599+0000] {logging_mixin.py:190} INFO - [2024-11-01T15:00:44.599+0000] {dag.py:4180} INFO - Setting next_dagrun for example_workday_timetable to 2021-01-04 00:00:00+00:00, run_after=2021-01-05 00:00:00+00:00
[2024-11-01T15:00:44.614+0000] {processor.py:208} INFO - Processing /home/airflow/.local/lib/python3.12/site-packages/airflow/example_dags/example_workday_timetable.py took 0.093 seconds
[2024-11-01T15:01:54.706+0000] {processor.py:186} INFO - Started process (PID=75) to work on /home/airflow/.local/lib/python3.12/site-packages/airflow/example_dags/example_workday_timetable.py
[2024-11-01T15:01:54.707+0000] {processor.py:914} INFO - Processing file /home/airflow/.local/lib/python3.12/site-packages/airflow/example_dags/example_workday_timetable.py for tasks to queue
[2024-11-01T15:01:54.708+0000] {logging_mixin.py:190} INFO - [2024-11-01T15:01:54.708+0000] {dagbag.py:588} INFO - Filling up the DagBag from /home/airflow/.local/lib/python3.12/site-packages/airflow/example_dags/example_workday_timetable.py
[2024-11-01T15:01:54.714+0000] {processor.py:925} INFO - DAG(s) 'example_workday_timetable' retrieved from /home/airflow/.local/lib/python3.12/site-packages/airflow/example_dags/example_workday_timetable.py
[2024-11-01T15:01:54.736+0000] {logging_mixin.py:190} INFO - [2024-11-01T15:01:54.735+0000] {dag.py:3239} INFO - Sync 1 DAGs
[2024-11-01T15:01:54.807+0000] {logging_mixin.py:190} INFO - [2024-11-01T15:01:54.807+0000] {dag.py:4180} INFO - Setting next_dagrun for example_workday_timetable to 2021-01-04 00:00:00+00:00, run_after=2021-01-05 00:00:00+00:00
[2024-11-01T15:01:54.831+0000] {processor.py:208} INFO - Processing /home/airflow/.local/lib/python3.12/site-packages/airflow/example_dags/example_workday_timetable.py took 0.131 seconds
[2024-11-01T15:02:26.396+0000] {processor.py:186} INFO - Started process (PID=139) to work on /home/airflow/.local/lib/python3.12/site-packages/airflow/example_dags/example_workday_timetable.py
[2024-11-01T15:02:26.397+0000] {processor.py:914} INFO - Processing file /home/airflow/.local/lib/python3.12/site-packages/airflow/example_dags/example_workday_timetable.py for tasks to queue
[2024-11-01T15:02:26.400+0000] {logging_mixin.py:190} INFO - [2024-11-01T15:02:26.399+0000] {dagbag.py:588} INFO - Filling up the DagBag from /home/airflow/.local/lib/python3.12/site-packages/airflow/example_dags/example_workday_timetable.py
[2024-11-01T15:02:26.408+0000] {processor.py:925} INFO - DAG(s) 'example_workday_timetable' retrieved from /home/airflow/.local/lib/python3.12/site-packages/airflow/example_dags/example_workday_timetable.py
[2024-11-01T15:02:26.431+0000] {logging_mixin.py:190} INFO - [2024-11-01T15:02:26.430+0000] {dag.py:3239} INFO - Sync 1 DAGs
[2024-11-01T15:02:26.525+0000] {logging_mixin.py:190} INFO - [2024-11-01T15:02:26.525+0000] {dag.py:4180} INFO - Setting next_dagrun for example_workday_timetable to 2021-01-04 00:00:00+00:00, run_after=2021-01-05 00:00:00+00:00
[2024-11-01T15:02:26.548+0000] {processor.py:208} INFO - Processing /home/airflow/.local/lib/python3.12/site-packages/airflow/example_dags/example_workday_timetable.py took 0.158 seconds
[2024-11-01T15:02:57.470+0000] {processor.py:186} INFO - Started process (PID=204) to work on /home/airflow/.local/lib/python3.12/site-packages/airflow/example_dags/example_workday_timetable.py
[2024-11-01T15:02:57.471+0000] {processor.py:914} INFO - Processing file /home/airflow/.local/lib/python3.12/site-packages/airflow/example_dags/example_workday_timetable.py for tasks to queue
[2024-11-01T15:02:57.473+0000] {logging_mixin.py:190} INFO - [2024-11-01T15:02:57.473+0000] {dagbag.py:588} INFO - Filling up the DagBag from /home/airflow/.local/lib/python3.12/site-packages/airflow/example_dags/example_workday_timetable.py
[2024-11-01T15:02:57.477+0000] {processor.py:925} INFO - DAG(s) 'example_workday_timetable' retrieved from /home/airflow/.local/lib/python3.12/site-packages/airflow/example_dags/example_workday_timetable.py
[2024-11-01T15:02:57.493+0000] {logging_mixin.py:190} INFO - [2024-11-01T15:02:57.493+0000] {dag.py:3239} INFO - Sync 1 DAGs
[2024-11-01T15:02:57.608+0000] {logging_mixin.py:190} INFO - [2024-11-01T15:02:57.608+0000] {dag.py:4180} INFO - Setting next_dagrun for example_workday_timetable to 2021-01-04 00:00:00+00:00, run_after=2021-01-05 00:00:00+00:00
[2024-11-01T15:02:57.629+0000] {processor.py:208} INFO - Processing /home/airflow/.local/lib/python3.12/site-packages/airflow/example_dags/example_workday_timetable.py took 0.165 seconds
[2024-11-01T15:03:28.564+0000] {processor.py:186} INFO - Started process (PID=274) to work on /home/airflow/.local/lib/python3.12/site-packages/airflow/example_dags/example_workday_timetable.py
[2024-11-01T15:03:28.565+0000] {processor.py:914} INFO - Processing file /home/airflow/.local/lib/python3.12/site-packages/airflow/example_dags/example_workday_timetable.py for tasks to queue
[2024-11-01T15:03:28.569+0000] {logging_mixin.py:190} INFO - [2024-11-01T15:03:28.569+0000] {dagbag.py:588} INFO - Filling up the DagBag from /home/airflow/.local/lib/python3.12/site-packages/airflow/example_dags/example_workday_timetable.py
[2024-11-01T15:03:28.576+0000] {processor.py:925} INFO - DAG(s) 'example_workday_timetable' retrieved from /home/airflow/.local/lib/python3.12/site-packages/airflow/example_dags/example_workday_timetable.py
[2024-11-01T15:03:28.593+0000] {logging_mixin.py:190} INFO - [2024-11-01T15:03:28.593+0000] {dag.py:3239} INFO - Sync 1 DAGs
[2024-11-01T15:03:28.688+0000] {logging_mixin.py:190} INFO - [2024-11-01T15:03:28.687+0000] {dag.py:4180} INFO - Setting next_dagrun for example_workday_timetable to 2021-01-04 00:00:00+00:00, run_after=2021-01-05 00:00:00+00:00
[2024-11-01T15:03:28.703+0000] {processor.py:208} INFO - Processing /home/airflow/.local/lib/python3.12/site-packages/airflow/example_dags/example_workday_timetable.py took 0.147 seconds
[2024-11-01T15:03:59.471+0000] {processor.py:186} INFO - Started process (PID=339) to work on /home/airflow/.local/lib/python3.12/site-packages/airflow/example_dags/example_workday_timetable.py
[2024-11-01T15:03:59.472+0000] {processor.py:914} INFO - Processing file /home/airflow/.local/lib/python3.12/site-packages/airflow/example_dags/example_workday_timetable.py for tasks to queue
[2024-11-01T15:03:59.473+0000] {logging_mixin.py:190} INFO - [2024-11-01T15:03:59.473+0000] {dagbag.py:588} INFO - Filling up the DagBag from /home/airflow/.local/lib/python3.12/site-packages/airflow/example_dags/example_workday_timetable.py
[2024-11-01T15:03:59.477+0000] {processor.py:925} INFO - DAG(s) 'example_workday_timetable' retrieved from /home/airflow/.local/lib/python3.12/site-packages/airflow/example_dags/example_workday_timetable.py
[2024-11-01T15:03:59.493+0000] {logging_mixin.py:190} INFO - [2024-11-01T15:03:59.493+0000] {dag.py:3239} INFO - Sync 1 DAGs
[2024-11-01T15:03:59.578+0000] {logging_mixin.py:190} INFO - [2024-11-01T15:03:59.578+0000] {dag.py:4180} INFO - Setting next_dagrun for example_workday_timetable to 2021-01-04 00:00:00+00:00, run_after=2021-01-05 00:00:00+00:00
[2024-11-01T15:03:59.593+0000] {processor.py:208} INFO - Processing /home/airflow/.local/lib/python3.12/site-packages/airflow/example_dags/example_workday_timetable.py took 0.127 seconds
[2024-11-01T15:04:29.654+0000] {processor.py:186} INFO - Started process (PID=405) to work on /home/airflow/.local/lib/python3.12/site-packages/airflow/example_dags/example_workday_timetable.py
[2024-11-01T15:04:29.654+0000] {processor.py:914} INFO - Processing file /home/airflow/.local/lib/python3.12/site-packages/airflow/example_dags/example_workday_timetable.py for tasks to queue
[2024-11-01T15:04:29.656+0000] {logging_mixin.py:190} INFO - [2024-11-01T15:04:29.656+0000] {dagbag.py:588} INFO - Filling up the DagBag from /home/airflow/.local/lib/python3.12/site-packages/airflow/example_dags/example_workday_timetable.py
[2024-11-01T15:04:29.660+0000] {processor.py:925} INFO - DAG(s) 'example_workday_timetable' retrieved from /home/airflow/.local/lib/python3.12/site-packages/airflow/example_dags/example_workday_timetable.py
[2024-11-01T15:04:29.674+0000] {logging_mixin.py:190} INFO - [2024-11-01T15:04:29.673+0000] {dag.py:3239} INFO - Sync 1 DAGs
[2024-11-01T15:04:29.737+0000] {logging_mixin.py:190} INFO - [2024-11-01T15:04:29.737+0000] {dag.py:4180} INFO - Setting next_dagrun for example_workday_timetable to 2021-01-04 00:00:00+00:00, run_after=2021-01-05 00:00:00+00:00
[2024-11-01T15:04:29.754+0000] {processor.py:208} INFO - Processing /home/airflow/.local/lib/python3.12/site-packages/airflow/example_dags/example_workday_timetable.py took 0.104 seconds
[2024-11-01T15:05:00.198+0000] {processor.py:186} INFO - Started process (PID=470) to work on /home/airflow/.local/lib/python3.12/site-packages/airflow/example_dags/example_workday_timetable.py
[2024-11-01T15:05:00.199+0000] {processor.py:914} INFO - Processing file /home/airflow/.local/lib/python3.12/site-packages/airflow/example_dags/example_workday_timetable.py for tasks to queue
[2024-11-01T15:05:00.201+0000] {logging_mixin.py:190} INFO - [2024-11-01T15:05:00.200+0000] {dagbag.py:588} INFO - Filling up the DagBag from /home/airflow/.local/lib/python3.12/site-packages/airflow/example_dags/example_workday_timetable.py
[2024-11-01T15:05:00.204+0000] {processor.py:925} INFO - DAG(s) 'example_workday_timetable' retrieved from /home/airflow/.local/lib/python3.12/site-packages/airflow/example_dags/example_workday_timetable.py
[2024-11-01T15:05:00.219+0000] {logging_mixin.py:190} INFO - [2024-11-01T15:05:00.218+0000] {dag.py:3239} INFO - Sync 1 DAGs
[2024-11-01T15:05:00.262+0000] {logging_mixin.py:190} INFO - [2024-11-01T15:05:00.261+0000] {dag.py:4180} INFO - Setting next_dagrun for example_workday_timetable to 2021-01-04 00:00:00+00:00, run_after=2021-01-05 00:00:00+00:00
[2024-11-01T15:05:00.277+0000] {processor.py:208} INFO - Processing /home/airflow/.local/lib/python3.12/site-packages/airflow/example_dags/example_workday_timetable.py took 0.083 seconds
[2024-11-01T15:05:30.340+0000] {processor.py:186} INFO - Started process (PID=534) to work on /home/airflow/.local/lib/python3.12/site-packages/airflow/example_dags/example_workday_timetable.py
[2024-11-01T15:05:30.340+0000] {processor.py:914} INFO - Processing file /home/airflow/.local/lib/python3.12/site-packages/airflow/example_dags/example_workday_timetable.py for tasks to queue
[2024-11-01T15:05:30.342+0000] {logging_mixin.py:190} INFO - [2024-11-01T15:05:30.341+0000] {dagbag.py:588} INFO - Filling up the DagBag from /home/airflow/.local/lib/python3.12/site-packages/airflow/example_dags/example_workday_timetable.py
[2024-11-01T15:05:30.345+0000] {processor.py:925} INFO - DAG(s) 'example_workday_timetable' retrieved from /home/airflow/.local/lib/python3.12/site-packages/airflow/example_dags/example_workday_timetable.py
[2024-11-01T15:05:30.358+0000] {logging_mixin.py:190} INFO - [2024-11-01T15:05:30.358+0000] {dag.py:3239} INFO - Sync 1 DAGs
[2024-11-01T15:05:30.400+0000] {logging_mixin.py:190} INFO - [2024-11-01T15:05:30.400+0000] {dag.py:4180} INFO - Setting next_dagrun for example_workday_timetable to 2021-01-04 00:00:00+00:00, run_after=2021-01-05 00:00:00+00:00
[2024-11-01T15:05:30.414+0000] {processor.py:208} INFO - Processing /home/airflow/.local/lib/python3.12/site-packages/airflow/example_dags/example_workday_timetable.py took 0.079 seconds
[2024-11-01T15:06:00.583+0000] {processor.py:186} INFO - Started process (PID=599) to work on /home/airflow/.local/lib/python3.12/site-packages/airflow/example_dags/example_workday_timetable.py
[2024-11-01T15:06:00.584+0000] {processor.py:914} INFO - Processing file /home/airflow/.local/lib/python3.12/site-packages/airflow/example_dags/example_workday_timetable.py for tasks to queue
[2024-11-01T15:06:00.586+0000] {logging_mixin.py:190} INFO - [2024-11-01T15:06:00.586+0000] {dagbag.py:588} INFO - Filling up the DagBag from /home/airflow/.local/lib/python3.12/site-packages/airflow/example_dags/example_workday_timetable.py
[2024-11-01T15:06:00.590+0000] {processor.py:925} INFO - DAG(s) 'example_workday_timetable' retrieved from /home/airflow/.local/lib/python3.12/site-packages/airflow/example_dags/example_workday_timetable.py
[2024-11-01T15:06:00.603+0000] {logging_mixin.py:190} INFO - [2024-11-01T15:06:00.603+0000] {dag.py:3239} INFO - Sync 1 DAGs
[2024-11-01T15:06:00.656+0000] {logging_mixin.py:190} INFO - [2024-11-01T15:06:00.656+0000] {dag.py:4180} INFO - Setting next_dagrun for example_workday_timetable to 2021-01-04 00:00:00+00:00, run_after=2021-01-05 00:00:00+00:00
[2024-11-01T15:06:00.672+0000] {processor.py:208} INFO - Processing /home/airflow/.local/lib/python3.12/site-packages/airflow/example_dags/example_workday_timetable.py took 0.093 seconds
[2024-11-01T15:06:31.177+0000] {processor.py:186} INFO - Started process (PID=664) to work on /home/airflow/.local/lib/python3.12/site-packages/airflow/example_dags/example_workday_timetable.py
[2024-11-01T15:06:31.178+0000] {processor.py:914} INFO - Processing file /home/airflow/.local/lib/python3.12/site-packages/airflow/example_dags/example_workday_timetable.py for tasks to queue
[2024-11-01T15:06:31.180+0000] {logging_mixin.py:190} INFO - [2024-11-01T15:06:31.180+0000] {dagbag.py:588} INFO - Filling up the DagBag from /home/airflow/.local/lib/python3.12/site-packages/airflow/example_dags/example_workday_timetable.py
[2024-11-01T15:06:31.187+0000] {processor.py:925} INFO - DAG(s) 'example_workday_timetable' retrieved from /home/airflow/.local/lib/python3.12/site-packages/airflow/example_dags/example_workday_timetable.py
[2024-11-01T15:06:31.201+0000] {logging_mixin.py:190} INFO - [2024-11-01T15:06:31.201+0000] {dag.py:3239} INFO - Sync 1 DAGs
[2024-11-01T15:06:31.292+0000] {logging_mixin.py:190} INFO - [2024-11-01T15:06:31.292+0000] {dag.py:4180} INFO - Setting next_dagrun for example_workday_timetable to 2021-01-04 00:00:00+00:00, run_after=2021-01-05 00:00:00+00:00
[2024-11-01T15:06:31.309+0000] {processor.py:208} INFO - Processing /home/airflow/.local/lib/python3.12/site-packages/airflow/example_dags/example_workday_timetable.py took 0.137 seconds
[2024-11-01T15:07:01.473+0000] {processor.py:186} INFO - Started process (PID=729) to work on /home/airflow/.local/lib/python3.12/site-packages/airflow/example_dags/example_workday_timetable.py
[2024-11-01T15:07:01.474+0000] {processor.py:914} INFO - Processing file /home/airflow/.local/lib/python3.12/site-packages/airflow/example_dags/example_workday_timetable.py for tasks to queue
[2024-11-01T15:07:01.475+0000] {logging_mixin.py:190} INFO - [2024-11-01T15:07:01.475+0000] {dagbag.py:588} INFO - Filling up the DagBag from /home/airflow/.local/lib/python3.12/site-packages/airflow/example_dags/example_workday_timetable.py
[2024-11-01T15:07:01.479+0000] {processor.py:925} INFO - DAG(s) 'example_workday_timetable' retrieved from /home/airflow/.local/lib/python3.12/site-packages/airflow/example_dags/example_workday_timetable.py
[2024-11-01T15:07:01.495+0000] {logging_mixin.py:190} INFO - [2024-11-01T15:07:01.495+0000] {dag.py:3239} INFO - Sync 1 DAGs
[2024-11-01T15:07:01.566+0000] {logging_mixin.py:190} INFO - [2024-11-01T15:07:01.566+0000] {dag.py:4180} INFO - Setting next_dagrun for example_workday_timetable to 2021-01-04 00:00:00+00:00, run_after=2021-01-05 00:00:00+00:00
[2024-11-01T15:07:01.581+0000] {processor.py:208} INFO - Processing /home/airflow/.local/lib/python3.12/site-packages/airflow/example_dags/example_workday_timetable.py took 0.112 seconds
[2024-11-01T15:07:32.265+0000] {processor.py:186} INFO - Started process (PID=794) to work on /home/airflow/.local/lib/python3.12/site-packages/airflow/example_dags/example_workday_timetable.py
[2024-11-01T15:07:32.266+0000] {processor.py:914} INFO - Processing file /home/airflow/.local/lib/python3.12/site-packages/airflow/example_dags/example_workday_timetable.py for tasks to queue
[2024-11-01T15:07:32.267+0000] {logging_mixin.py:190} INFO - [2024-11-01T15:07:32.267+0000] {dagbag.py:588} INFO - Filling up the DagBag from /home/airflow/.local/lib/python3.12/site-packages/airflow/example_dags/example_workday_timetable.py
[2024-11-01T15:07:32.272+0000] {processor.py:925} INFO - DAG(s) 'example_workday_timetable' retrieved from /home/airflow/.local/lib/python3.12/site-packages/airflow/example_dags/example_workday_timetable.py
[2024-11-01T15:07:32.287+0000] {logging_mixin.py:190} INFO - [2024-11-01T15:07:32.287+0000] {dag.py:3239} INFO - Sync 1 DAGs
[2024-11-01T15:07:32.359+0000] {logging_mixin.py:190} INFO - [2024-11-01T15:07:32.358+0000] {dag.py:4180} INFO - Setting next_dagrun for example_workday_timetable to 2021-01-04 00:00:00+00:00, run_after=2021-01-05 00:00:00+00:00
[2024-11-01T15:07:32.374+0000] {processor.py:208} INFO - Processing /home/airflow/.local/lib/python3.12/site-packages/airflow/example_dags/example_workday_timetable.py took 0.113 seconds
[2024-11-01T15:08:03.808+0000] {processor.py:186} INFO - Started process (PID=860) to work on /home/airflow/.local/lib/python3.12/site-packages/airflow/example_dags/example_workday_timetable.py
[2024-11-01T15:08:03.811+0000] {processor.py:914} INFO - Processing file /home/airflow/.local/lib/python3.12/site-packages/airflow/example_dags/example_workday_timetable.py for tasks to queue
[2024-11-01T15:08:03.816+0000] {logging_mixin.py:190} INFO - [2024-11-01T15:08:03.816+0000] {dagbag.py:588} INFO - Filling up the DagBag from /home/airflow/.local/lib/python3.12/site-packages/airflow/example_dags/example_workday_timetable.py
[2024-11-01T15:08:03.833+0000] {processor.py:925} INFO - DAG(s) 'example_workday_timetable' retrieved from /home/airflow/.local/lib/python3.12/site-packages/airflow/example_dags/example_workday_timetable.py
[2024-11-01T15:08:03.898+0000] {logging_mixin.py:190} INFO - [2024-11-01T15:08:03.898+0000] {dag.py:3239} INFO - Sync 1 DAGs
[2024-11-01T15:08:04.215+0000] {logging_mixin.py:190} INFO - [2024-11-01T15:08:04.214+0000] {dag.py:4180} INFO - Setting next_dagrun for example_workday_timetable to 2021-01-04 00:00:00+00:00, run_after=2021-01-05 00:00:00+00:00
[2024-11-01T15:08:04.265+0000] {processor.py:208} INFO - Processing /home/airflow/.local/lib/python3.12/site-packages/airflow/example_dags/example_workday_timetable.py took 0.472 seconds
[2024-11-01T15:08:47.515+0000] {processor.py:186} INFO - Started process (PID=903) to work on /home/airflow/.local/lib/python3.12/site-packages/airflow/example_dags/example_workday_timetable.py
[2024-11-01T15:08:47.516+0000] {processor.py:914} INFO - Processing file /home/airflow/.local/lib/python3.12/site-packages/airflow/example_dags/example_workday_timetable.py for tasks to queue
[2024-11-01T15:08:47.517+0000] {logging_mixin.py:190} INFO - [2024-11-01T15:08:47.517+0000] {dagbag.py:588} INFO - Filling up the DagBag from /home/airflow/.local/lib/python3.12/site-packages/airflow/example_dags/example_workday_timetable.py
[2024-11-01T15:08:47.522+0000] {processor.py:925} INFO - DAG(s) 'example_workday_timetable' retrieved from /home/airflow/.local/lib/python3.12/site-packages/airflow/example_dags/example_workday_timetable.py
[2024-11-01T15:08:47.536+0000] {logging_mixin.py:190} INFO - [2024-11-01T15:08:47.536+0000] {dag.py:3239} INFO - Sync 1 DAGs
[2024-11-01T15:08:47.623+0000] {logging_mixin.py:190} INFO - [2024-11-01T15:08:47.622+0000] {dag.py:4180} INFO - Setting next_dagrun for example_workday_timetable to 2021-01-04 00:00:00+00:00, run_after=2021-01-05 00:00:00+00:00
[2024-11-01T15:08:47.647+0000] {processor.py:208} INFO - Processing /home/airflow/.local/lib/python3.12/site-packages/airflow/example_dags/example_workday_timetable.py took 0.137 seconds
[2024-11-01T15:09:17.981+0000] {processor.py:186} INFO - Started process (PID=968) to work on /home/airflow/.local/lib/python3.12/site-packages/airflow/example_dags/example_workday_timetable.py
[2024-11-01T15:09:17.981+0000] {processor.py:914} INFO - Processing file /home/airflow/.local/lib/python3.12/site-packages/airflow/example_dags/example_workday_timetable.py for tasks to queue
[2024-11-01T15:09:17.982+0000] {logging_mixin.py:190} INFO - [2024-11-01T15:09:17.982+0000] {dagbag.py:588} INFO - Filling up the DagBag from /home/airflow/.local/lib/python3.12/site-packages/airflow/example_dags/example_workday_timetable.py
[2024-11-01T15:09:17.985+0000] {processor.py:925} INFO - DAG(s) 'example_workday_timetable' retrieved from /home/airflow/.local/lib/python3.12/site-packages/airflow/example_dags/example_workday_timetable.py
[2024-11-01T15:09:17.998+0000] {logging_mixin.py:190} INFO - [2024-11-01T15:09:17.998+0000] {dag.py:3239} INFO - Sync 1 DAGs
[2024-11-01T15:09:18.068+0000] {logging_mixin.py:190} INFO - [2024-11-01T15:09:18.068+0000] {dag.py:4180} INFO - Setting next_dagrun for example_workday_timetable to 2021-01-04 00:00:00+00:00, run_after=2021-01-05 00:00:00+00:00
[2024-11-01T15:09:18.082+0000] {processor.py:208} INFO - Processing /home/airflow/.local/lib/python3.12/site-packages/airflow/example_dags/example_workday_timetable.py took 0.105 seconds
[2024-11-01T15:09:48.924+0000] {processor.py:186} INFO - Started process (PID=1032) to work on /home/airflow/.local/lib/python3.12/site-packages/airflow/example_dags/example_workday_timetable.py
[2024-11-01T15:09:48.924+0000] {processor.py:914} INFO - Processing file /home/airflow/.local/lib/python3.12/site-packages/airflow/example_dags/example_workday_timetable.py for tasks to queue
[2024-11-01T15:09:48.926+0000] {logging_mixin.py:190} INFO - [2024-11-01T15:09:48.925+0000] {dagbag.py:588} INFO - Filling up the DagBag from /home/airflow/.local/lib/python3.12/site-packages/airflow/example_dags/example_workday_timetable.py
[2024-11-01T15:09:48.930+0000] {processor.py:925} INFO - DAG(s) 'example_workday_timetable' retrieved from /home/airflow/.local/lib/python3.12/site-packages/airflow/example_dags/example_workday_timetable.py
[2024-11-01T15:09:48.949+0000] {logging_mixin.py:190} INFO - [2024-11-01T15:09:48.948+0000] {dag.py:3239} INFO - Sync 1 DAGs
[2024-11-01T15:09:49.004+0000] {logging_mixin.py:190} INFO - [2024-11-01T15:09:49.004+0000] {dag.py:4180} INFO - Setting next_dagrun for example_workday_timetable to 2021-01-04 00:00:00+00:00, run_after=2021-01-05 00:00:00+00:00
[2024-11-01T15:09:49.021+0000] {processor.py:208} INFO - Processing /home/airflow/.local/lib/python3.12/site-packages/airflow/example_dags/example_workday_timetable.py took 0.103 seconds
[2024-11-01T15:10:19.541+0000] {processor.py:186} INFO - Started process (PID=1097) to work on /home/airflow/.local/lib/python3.12/site-packages/airflow/example_dags/example_workday_timetable.py
[2024-11-01T15:10:19.545+0000] {processor.py:914} INFO - Processing file /home/airflow/.local/lib/python3.12/site-packages/airflow/example_dags/example_workday_timetable.py for tasks to queue
[2024-11-01T15:10:19.546+0000] {logging_mixin.py:190} INFO - [2024-11-01T15:10:19.546+0000] {dagbag.py:588} INFO - Filling up the DagBag from /home/airflow/.local/lib/python3.12/site-packages/airflow/example_dags/example_workday_timetable.py
[2024-11-01T15:10:19.554+0000] {processor.py:925} INFO - DAG(s) 'example_workday_timetable' retrieved from /home/airflow/.local/lib/python3.12/site-packages/airflow/example_dags/example_workday_timetable.py
[2024-11-01T15:10:19.572+0000] {logging_mixin.py:190} INFO - [2024-11-01T15:10:19.572+0000] {dag.py:3239} INFO - Sync 1 DAGs
[2024-11-01T15:10:19.683+0000] {logging_mixin.py:190} INFO - [2024-11-01T15:10:19.682+0000] {dag.py:4180} INFO - Setting next_dagrun for example_workday_timetable to 2021-01-04 00:00:00+00:00, run_after=2021-01-05 00:00:00+00:00
[2024-11-01T15:10:19.707+0000] {processor.py:208} INFO - Processing /home/airflow/.local/lib/python3.12/site-packages/airflow/example_dags/example_workday_timetable.py took 0.171 seconds
[2024-11-01T15:10:50.149+0000] {processor.py:186} INFO - Started process (PID=1162) to work on /home/airflow/.local/lib/python3.12/site-packages/airflow/example_dags/example_workday_timetable.py
[2024-11-01T15:10:50.150+0000] {processor.py:914} INFO - Processing file /home/airflow/.local/lib/python3.12/site-packages/airflow/example_dags/example_workday_timetable.py for tasks to queue
[2024-11-01T15:10:50.151+0000] {logging_mixin.py:190} INFO - [2024-11-01T15:10:50.151+0000] {dagbag.py:588} INFO - Filling up the DagBag from /home/airflow/.local/lib/python3.12/site-packages/airflow/example_dags/example_workday_timetable.py
[2024-11-01T15:10:50.156+0000] {processor.py:925} INFO - DAG(s) 'example_workday_timetable' retrieved from /home/airflow/.local/lib/python3.12/site-packages/airflow/example_dags/example_workday_timetable.py
[2024-11-01T15:10:50.170+0000] {logging_mixin.py:190} INFO - [2024-11-01T15:10:50.170+0000] {dag.py:3239} INFO - Sync 1 DAGs
[2024-11-01T15:10:50.220+0000] {logging_mixin.py:190} INFO - [2024-11-01T15:10:50.220+0000] {dag.py:4180} INFO - Setting next_dagrun for example_workday_timetable to 2021-01-04 00:00:00+00:00, run_after=2021-01-05 00:00:00+00:00
[2024-11-01T15:10:50.239+0000] {processor.py:208} INFO - Processing /home/airflow/.local/lib/python3.12/site-packages/airflow/example_dags/example_workday_timetable.py took 0.094 seconds
[2024-11-01T15:11:21.455+0000] {processor.py:186} INFO - Started process (PID=1227) to work on /home/airflow/.local/lib/python3.12/site-packages/airflow/example_dags/example_workday_timetable.py
[2024-11-01T15:11:21.456+0000] {processor.py:914} INFO - Processing file /home/airflow/.local/lib/python3.12/site-packages/airflow/example_dags/example_workday_timetable.py for tasks to queue
[2024-11-01T15:11:21.457+0000] {logging_mixin.py:190} INFO - [2024-11-01T15:11:21.457+0000] {dagbag.py:588} INFO - Filling up the DagBag from /home/airflow/.local/lib/python3.12/site-packages/airflow/example_dags/example_workday_timetable.py
[2024-11-01T15:11:21.462+0000] {processor.py:925} INFO - DAG(s) 'example_workday_timetable' retrieved from /home/airflow/.local/lib/python3.12/site-packages/airflow/example_dags/example_workday_timetable.py
[2024-11-01T15:11:21.479+0000] {logging_mixin.py:190} INFO - [2024-11-01T15:11:21.478+0000] {dag.py:3239} INFO - Sync 1 DAGs
[2024-11-01T15:11:21.569+0000] {logging_mixin.py:190} INFO - [2024-11-01T15:11:21.569+0000] {dag.py:4180} INFO - Setting next_dagrun for example_workday_timetable to 2021-01-04 00:00:00+00:00, run_after=2021-01-05 00:00:00+00:00
[2024-11-01T15:11:21.596+0000] {processor.py:208} INFO - Processing /home/airflow/.local/lib/python3.12/site-packages/airflow/example_dags/example_workday_timetable.py took 0.145 seconds
[2024-11-01T15:11:52.428+0000] {processor.py:186} INFO - Started process (PID=1292) to work on /home/airflow/.local/lib/python3.12/site-packages/airflow/example_dags/example_workday_timetable.py
[2024-11-01T15:11:52.430+0000] {processor.py:914} INFO - Processing file /home/airflow/.local/lib/python3.12/site-packages/airflow/example_dags/example_workday_timetable.py for tasks to queue
[2024-11-01T15:11:52.433+0000] {logging_mixin.py:190} INFO - [2024-11-01T15:11:52.432+0000] {dagbag.py:588} INFO - Filling up the DagBag from /home/airflow/.local/lib/python3.12/site-packages/airflow/example_dags/example_workday_timetable.py
[2024-11-01T15:11:52.441+0000] {processor.py:925} INFO - DAG(s) 'example_workday_timetable' retrieved from /home/airflow/.local/lib/python3.12/site-packages/airflow/example_dags/example_workday_timetable.py
[2024-11-01T15:11:52.468+0000] {logging_mixin.py:190} INFO - [2024-11-01T15:11:52.467+0000] {dag.py:3239} INFO - Sync 1 DAGs
[2024-11-01T15:11:52.832+0000] {logging_mixin.py:190} INFO - [2024-11-01T15:11:52.832+0000] {dag.py:4180} INFO - Setting next_dagrun for example_workday_timetable to 2021-01-04 00:00:00+00:00, run_after=2021-01-05 00:00:00+00:00
[2024-11-01T15:11:52.852+0000] {processor.py:208} INFO - Processing /home/airflow/.local/lib/python3.12/site-packages/airflow/example_dags/example_workday_timetable.py took 0.429 seconds
[2024-11-01T15:12:23.097+0000] {processor.py:186} INFO - Started process (PID=1357) to work on /home/airflow/.local/lib/python3.12/site-packages/airflow/example_dags/example_workday_timetable.py
[2024-11-01T15:12:23.098+0000] {processor.py:914} INFO - Processing file /home/airflow/.local/lib/python3.12/site-packages/airflow/example_dags/example_workday_timetable.py for tasks to queue
[2024-11-01T15:12:23.099+0000] {logging_mixin.py:190} INFO - [2024-11-01T15:12:23.099+0000] {dagbag.py:588} INFO - Filling up the DagBag from /home/airflow/.local/lib/python3.12/site-packages/airflow/example_dags/example_workday_timetable.py
[2024-11-01T15:12:23.104+0000] {processor.py:925} INFO - DAG(s) 'example_workday_timetable' retrieved from /home/airflow/.local/lib/python3.12/site-packages/airflow/example_dags/example_workday_timetable.py
[2024-11-01T15:12:23.118+0000] {logging_mixin.py:190} INFO - [2024-11-01T15:12:23.118+0000] {dag.py:3239} INFO - Sync 1 DAGs
[2024-11-01T15:12:23.185+0000] {logging_mixin.py:190} INFO - [2024-11-01T15:12:23.185+0000] {dag.py:4180} INFO - Setting next_dagrun for example_workday_timetable to 2021-01-04 00:00:00+00:00, run_after=2021-01-05 00:00:00+00:00
[2024-11-01T15:12:23.201+0000] {processor.py:208} INFO - Processing /home/airflow/.local/lib/python3.12/site-packages/airflow/example_dags/example_workday_timetable.py took 0.108 seconds
[2024-11-01T15:12:55.625+0000] {processor.py:186} INFO - Started process (PID=1422) to work on /home/airflow/.local/lib/python3.12/site-packages/airflow/example_dags/example_workday_timetable.py
[2024-11-01T15:12:55.626+0000] {processor.py:914} INFO - Processing file /home/airflow/.local/lib/python3.12/site-packages/airflow/example_dags/example_workday_timetable.py for tasks to queue
[2024-11-01T15:12:55.627+0000] {logging_mixin.py:190} INFO - [2024-11-01T15:12:55.627+0000] {dagbag.py:588} INFO - Filling up the DagBag from /home/airflow/.local/lib/python3.12/site-packages/airflow/example_dags/example_workday_timetable.py
[2024-11-01T15:12:55.631+0000] {processor.py:925} INFO - DAG(s) 'example_workday_timetable' retrieved from /home/airflow/.local/lib/python3.12/site-packages/airflow/example_dags/example_workday_timetable.py
[2024-11-01T15:12:55.645+0000] {logging_mixin.py:190} INFO - [2024-11-01T15:12:55.644+0000] {dag.py:3239} INFO - Sync 1 DAGs
[2024-11-01T15:12:55.886+0000] {logging_mixin.py:190} INFO - [2024-11-01T15:12:55.886+0000] {dag.py:4180} INFO - Setting next_dagrun for example_workday_timetable to 2021-01-04 00:00:00+00:00, run_after=2021-01-05 00:00:00+00:00
[2024-11-01T15:12:55.901+0000] {processor.py:208} INFO - Processing /home/airflow/.local/lib/python3.12/site-packages/airflow/example_dags/example_workday_timetable.py took 0.280 seconds
[2024-11-01T15:13:28.588+0000] {processor.py:186} INFO - Started process (PID=1488) to work on /home/airflow/.local/lib/python3.12/site-packages/airflow/example_dags/example_workday_timetable.py
[2024-11-01T15:13:28.589+0000] {processor.py:914} INFO - Processing file /home/airflow/.local/lib/python3.12/site-packages/airflow/example_dags/example_workday_timetable.py for tasks to queue
[2024-11-01T15:13:28.590+0000] {logging_mixin.py:190} INFO - [2024-11-01T15:13:28.590+0000] {dagbag.py:588} INFO - Filling up the DagBag from /home/airflow/.local/lib/python3.12/site-packages/airflow/example_dags/example_workday_timetable.py
[2024-11-01T15:13:28.594+0000] {processor.py:925} INFO - DAG(s) 'example_workday_timetable' retrieved from /home/airflow/.local/lib/python3.12/site-packages/airflow/example_dags/example_workday_timetable.py
[2024-11-01T15:13:28.788+0000] {logging_mixin.py:190} INFO - [2024-11-01T15:13:28.787+0000] {dag.py:3239} INFO - Sync 1 DAGs
[2024-11-01T15:13:28.848+0000] {logging_mixin.py:190} INFO - [2024-11-01T15:13:28.848+0000] {dag.py:4180} INFO - Setting next_dagrun for example_workday_timetable to 2021-01-04 00:00:00+00:00, run_after=2021-01-05 00:00:00+00:00
[2024-11-01T15:13:28.862+0000] {processor.py:208} INFO - Processing /home/airflow/.local/lib/python3.12/site-packages/airflow/example_dags/example_workday_timetable.py took 0.278 seconds
[2024-11-01T15:14:41.163+0000] {processor.py:186} INFO - Started process (PID=1557) to work on /home/airflow/.local/lib/python3.12/site-packages/airflow/example_dags/example_workday_timetable.py
[2024-11-01T15:14:41.164+0000] {processor.py:914} INFO - Processing file /home/airflow/.local/lib/python3.12/site-packages/airflow/example_dags/example_workday_timetable.py for tasks to queue
[2024-11-01T15:14:41.165+0000] {logging_mixin.py:190} INFO - [2024-11-01T15:14:41.164+0000] {dagbag.py:588} INFO - Filling up the DagBag from /home/airflow/.local/lib/python3.12/site-packages/airflow/example_dags/example_workday_timetable.py
[2024-11-01T15:14:41.169+0000] {processor.py:925} INFO - DAG(s) 'example_workday_timetable' retrieved from /home/airflow/.local/lib/python3.12/site-packages/airflow/example_dags/example_workday_timetable.py
[2024-11-01T15:14:41.185+0000] {logging_mixin.py:190} INFO - [2024-11-01T15:14:41.185+0000] {dag.py:3239} INFO - Sync 1 DAGs
[2024-11-01T15:14:41.273+0000] {logging_mixin.py:190} INFO - [2024-11-01T15:14:41.272+0000] {dag.py:4180} INFO - Setting next_dagrun for example_workday_timetable to 2021-01-04 00:00:00+00:00, run_after=2021-01-05 00:00:00+00:00
[2024-11-01T15:14:41.296+0000] {processor.py:208} INFO - Processing /home/airflow/.local/lib/python3.12/site-packages/airflow/example_dags/example_workday_timetable.py took 0.138 seconds
[2024-11-01T15:15:12.192+0000] {processor.py:186} INFO - Started process (PID=1623) to work on /home/airflow/.local/lib/python3.12/site-packages/airflow/example_dags/example_workday_timetable.py
[2024-11-01T15:15:12.192+0000] {processor.py:914} INFO - Processing file /home/airflow/.local/lib/python3.12/site-packages/airflow/example_dags/example_workday_timetable.py for tasks to queue
[2024-11-01T15:15:12.193+0000] {logging_mixin.py:190} INFO - [2024-11-01T15:15:12.193+0000] {dagbag.py:588} INFO - Filling up the DagBag from /home/airflow/.local/lib/python3.12/site-packages/airflow/example_dags/example_workday_timetable.py
[2024-11-01T15:15:12.198+0000] {processor.py:925} INFO - DAG(s) 'example_workday_timetable' retrieved from /home/airflow/.local/lib/python3.12/site-packages/airflow/example_dags/example_workday_timetable.py
[2024-11-01T15:15:12.213+0000] {logging_mixin.py:190} INFO - [2024-11-01T15:15:12.213+0000] {dag.py:3239} INFO - Sync 1 DAGs
[2024-11-01T15:15:12.305+0000] {logging_mixin.py:190} INFO - [2024-11-01T15:15:12.305+0000] {dag.py:4180} INFO - Setting next_dagrun for example_workday_timetable to 2021-01-04 00:00:00+00:00, run_after=2021-01-05 00:00:00+00:00
[2024-11-01T15:15:12.325+0000] {processor.py:208} INFO - Processing /home/airflow/.local/lib/python3.12/site-packages/airflow/example_dags/example_workday_timetable.py took 0.138 seconds
[2024-11-01T15:15:42.557+0000] {processor.py:186} INFO - Started process (PID=1687) to work on /home/airflow/.local/lib/python3.12/site-packages/airflow/example_dags/example_workday_timetable.py
[2024-11-01T15:15:42.558+0000] {processor.py:914} INFO - Processing file /home/airflow/.local/lib/python3.12/site-packages/airflow/example_dags/example_workday_timetable.py for tasks to queue
[2024-11-01T15:15:42.559+0000] {logging_mixin.py:190} INFO - [2024-11-01T15:15:42.559+0000] {dagbag.py:588} INFO - Filling up the DagBag from /home/airflow/.local/lib/python3.12/site-packages/airflow/example_dags/example_workday_timetable.py
[2024-11-01T15:15:42.563+0000] {processor.py:925} INFO - DAG(s) 'example_workday_timetable' retrieved from /home/airflow/.local/lib/python3.12/site-packages/airflow/example_dags/example_workday_timetable.py
[2024-11-01T15:15:42.577+0000] {logging_mixin.py:190} INFO - [2024-11-01T15:15:42.577+0000] {dag.py:3239} INFO - Sync 1 DAGs
[2024-11-01T15:15:42.650+0000] {logging_mixin.py:190} INFO - [2024-11-01T15:15:42.649+0000] {dag.py:4180} INFO - Setting next_dagrun for example_workday_timetable to 2021-01-04 00:00:00+00:00, run_after=2021-01-05 00:00:00+00:00
[2024-11-01T15:15:42.663+0000] {processor.py:208} INFO - Processing /home/airflow/.local/lib/python3.12/site-packages/airflow/example_dags/example_workday_timetable.py took 0.110 seconds
[2024-11-01T15:16:12.781+0000] {processor.py:186} INFO - Started process (PID=1752) to work on /home/airflow/.local/lib/python3.12/site-packages/airflow/example_dags/example_workday_timetable.py
[2024-11-01T15:16:12.782+0000] {processor.py:914} INFO - Processing file /home/airflow/.local/lib/python3.12/site-packages/airflow/example_dags/example_workday_timetable.py for tasks to queue
[2024-11-01T15:16:12.783+0000] {logging_mixin.py:190} INFO - [2024-11-01T15:16:12.782+0000] {dagbag.py:588} INFO - Filling up the DagBag from /home/airflow/.local/lib/python3.12/site-packages/airflow/example_dags/example_workday_timetable.py
[2024-11-01T15:16:12.787+0000] {processor.py:925} INFO - DAG(s) 'example_workday_timetable' retrieved from /home/airflow/.local/lib/python3.12/site-packages/airflow/example_dags/example_workday_timetable.py
[2024-11-01T15:16:12.801+0000] {logging_mixin.py:190} INFO - [2024-11-01T15:16:12.800+0000] {dag.py:3239} INFO - Sync 1 DAGs
[2024-11-01T15:16:12.870+0000] {logging_mixin.py:190} INFO - [2024-11-01T15:16:12.870+0000] {dag.py:4180} INFO - Setting next_dagrun for example_workday_timetable to 2021-01-04 00:00:00+00:00, run_after=2021-01-05 00:00:00+00:00
[2024-11-01T15:16:12.885+0000] {processor.py:208} INFO - Processing /home/airflow/.local/lib/python3.12/site-packages/airflow/example_dags/example_workday_timetable.py took 0.108 seconds
[2024-11-01T15:16:43.472+0000] {processor.py:186} INFO - Started process (PID=1817) to work on /home/airflow/.local/lib/python3.12/site-packages/airflow/example_dags/example_workday_timetable.py
[2024-11-01T15:16:43.472+0000] {processor.py:914} INFO - Processing file /home/airflow/.local/lib/python3.12/site-packages/airflow/example_dags/example_workday_timetable.py for tasks to queue
[2024-11-01T15:16:43.473+0000] {logging_mixin.py:190} INFO - [2024-11-01T15:16:43.473+0000] {dagbag.py:588} INFO - Filling up the DagBag from /home/airflow/.local/lib/python3.12/site-packages/airflow/example_dags/example_workday_timetable.py
[2024-11-01T15:16:43.477+0000] {processor.py:925} INFO - DAG(s) 'example_workday_timetable' retrieved from /home/airflow/.local/lib/python3.12/site-packages/airflow/example_dags/example_workday_timetable.py
[2024-11-01T15:16:43.491+0000] {logging_mixin.py:190} INFO - [2024-11-01T15:16:43.491+0000] {dag.py:3239} INFO - Sync 1 DAGs
[2024-11-01T15:16:43.563+0000] {logging_mixin.py:190} INFO - [2024-11-01T15:16:43.563+0000] {dag.py:4180} INFO - Setting next_dagrun for example_workday_timetable to 2021-01-04 00:00:00+00:00, run_after=2021-01-05 00:00:00+00:00
[2024-11-01T15:16:43.578+0000] {processor.py:208} INFO - Processing /home/airflow/.local/lib/python3.12/site-packages/airflow/example_dags/example_workday_timetable.py took 0.111 seconds
[2024-11-01T15:17:14.424+0000] {processor.py:186} INFO - Started process (PID=1882) to work on /home/airflow/.local/lib/python3.12/site-packages/airflow/example_dags/example_workday_timetable.py
[2024-11-01T15:17:14.425+0000] {processor.py:914} INFO - Processing file /home/airflow/.local/lib/python3.12/site-packages/airflow/example_dags/example_workday_timetable.py for tasks to queue
[2024-11-01T15:17:14.426+0000] {logging_mixin.py:190} INFO - [2024-11-01T15:17:14.425+0000] {dagbag.py:588} INFO - Filling up the DagBag from /home/airflow/.local/lib/python3.12/site-packages/airflow/example_dags/example_workday_timetable.py
[2024-11-01T15:17:14.430+0000] {processor.py:925} INFO - DAG(s) 'example_workday_timetable' retrieved from /home/airflow/.local/lib/python3.12/site-packages/airflow/example_dags/example_workday_timetable.py
[2024-11-01T15:17:14.444+0000] {logging_mixin.py:190} INFO - [2024-11-01T15:17:14.443+0000] {dag.py:3239} INFO - Sync 1 DAGs
[2024-11-01T15:17:14.510+0000] {logging_mixin.py:190} INFO - [2024-11-01T15:17:14.510+0000] {dag.py:4180} INFO - Setting next_dagrun for example_workday_timetable to 2021-01-04 00:00:00+00:00, run_after=2021-01-05 00:00:00+00:00
[2024-11-01T15:17:14.524+0000] {processor.py:208} INFO - Processing /home/airflow/.local/lib/python3.12/site-packages/airflow/example_dags/example_workday_timetable.py took 0.104 seconds
[2024-11-01T15:17:44.803+0000] {processor.py:186} INFO - Started process (PID=1947) to work on /home/airflow/.local/lib/python3.12/site-packages/airflow/example_dags/example_workday_timetable.py
[2024-11-01T15:17:44.804+0000] {processor.py:914} INFO - Processing file /home/airflow/.local/lib/python3.12/site-packages/airflow/example_dags/example_workday_timetable.py for tasks to queue
[2024-11-01T15:17:44.806+0000] {logging_mixin.py:190} INFO - [2024-11-01T15:17:44.805+0000] {dagbag.py:588} INFO - Filling up the DagBag from /home/airflow/.local/lib/python3.12/site-packages/airflow/example_dags/example_workday_timetable.py
[2024-11-01T15:17:44.814+0000] {processor.py:925} INFO - DAG(s) 'example_workday_timetable' retrieved from /home/airflow/.local/lib/python3.12/site-packages/airflow/example_dags/example_workday_timetable.py
[2024-11-01T15:17:44.843+0000] {logging_mixin.py:190} INFO - [2024-11-01T15:17:44.843+0000] {dag.py:3239} INFO - Sync 1 DAGs
[2024-11-01T15:17:45.025+0000] {logging_mixin.py:190} INFO - [2024-11-01T15:17:45.025+0000] {dag.py:4180} INFO - Setting next_dagrun for example_workday_timetable to 2021-01-04 00:00:00+00:00, run_after=2021-01-05 00:00:00+00:00
[2024-11-01T15:17:45.075+0000] {processor.py:208} INFO - Processing /home/airflow/.local/lib/python3.12/site-packages/airflow/example_dags/example_workday_timetable.py took 0.278 seconds
[2024-11-01T15:18:15.618+0000] {processor.py:186} INFO - Started process (PID=2012) to work on /home/airflow/.local/lib/python3.12/site-packages/airflow/example_dags/example_workday_timetable.py
[2024-11-01T15:18:15.621+0000] {processor.py:914} INFO - Processing file /home/airflow/.local/lib/python3.12/site-packages/airflow/example_dags/example_workday_timetable.py for tasks to queue
[2024-11-01T15:18:15.621+0000] {logging_mixin.py:190} INFO - [2024-11-01T15:18:15.621+0000] {dagbag.py:588} INFO - Filling up the DagBag from /home/airflow/.local/lib/python3.12/site-packages/airflow/example_dags/example_workday_timetable.py
[2024-11-01T15:18:15.626+0000] {processor.py:925} INFO - DAG(s) 'example_workday_timetable' retrieved from /home/airflow/.local/lib/python3.12/site-packages/airflow/example_dags/example_workday_timetable.py
[2024-11-01T15:18:15.642+0000] {logging_mixin.py:190} INFO - [2024-11-01T15:18:15.641+0000] {dag.py:3239} INFO - Sync 1 DAGs
[2024-11-01T15:18:15.700+0000] {logging_mixin.py:190} INFO - [2024-11-01T15:18:15.700+0000] {dag.py:4180} INFO - Setting next_dagrun for example_workday_timetable to 2021-01-04 00:00:00+00:00, run_after=2021-01-05 00:00:00+00:00
[2024-11-01T15:18:15.718+0000] {processor.py:208} INFO - Processing /home/airflow/.local/lib/python3.12/site-packages/airflow/example_dags/example_workday_timetable.py took 0.104 seconds
[2024-11-01T15:18:45.878+0000] {processor.py:186} INFO - Started process (PID=2077) to work on /home/airflow/.local/lib/python3.12/site-packages/airflow/example_dags/example_workday_timetable.py
[2024-11-01T15:18:45.878+0000] {processor.py:914} INFO - Processing file /home/airflow/.local/lib/python3.12/site-packages/airflow/example_dags/example_workday_timetable.py for tasks to queue
[2024-11-01T15:18:45.879+0000] {logging_mixin.py:190} INFO - [2024-11-01T15:18:45.879+0000] {dagbag.py:588} INFO - Filling up the DagBag from /home/airflow/.local/lib/python3.12/site-packages/airflow/example_dags/example_workday_timetable.py
[2024-11-01T15:18:45.883+0000] {processor.py:925} INFO - DAG(s) 'example_workday_timetable' retrieved from /home/airflow/.local/lib/python3.12/site-packages/airflow/example_dags/example_workday_timetable.py
[2024-11-01T15:18:45.896+0000] {logging_mixin.py:190} INFO - [2024-11-01T15:18:45.896+0000] {dag.py:3239} INFO - Sync 1 DAGs
[2024-11-01T15:18:45.941+0000] {logging_mixin.py:190} INFO - [2024-11-01T15:18:45.941+0000] {dag.py:4180} INFO - Setting next_dagrun for example_workday_timetable to 2021-01-04 00:00:00+00:00, run_after=2021-01-05 00:00:00+00:00
[2024-11-01T15:18:45.956+0000] {processor.py:208} INFO - Processing /home/airflow/.local/lib/python3.12/site-packages/airflow/example_dags/example_workday_timetable.py took 0.083 seconds
[2024-11-01T15:19:16.964+0000] {processor.py:186} INFO - Started process (PID=2142) to work on /home/airflow/.local/lib/python3.12/site-packages/airflow/example_dags/example_workday_timetable.py
[2024-11-01T15:19:16.965+0000] {processor.py:914} INFO - Processing file /home/airflow/.local/lib/python3.12/site-packages/airflow/example_dags/example_workday_timetable.py for tasks to queue
[2024-11-01T15:19:16.965+0000] {logging_mixin.py:190} INFO - [2024-11-01T15:19:16.965+0000] {dagbag.py:588} INFO - Filling up the DagBag from /home/airflow/.local/lib/python3.12/site-packages/airflow/example_dags/example_workday_timetable.py
[2024-11-01T15:19:16.969+0000] {processor.py:925} INFO - DAG(s) 'example_workday_timetable' retrieved from /home/airflow/.local/lib/python3.12/site-packages/airflow/example_dags/example_workday_timetable.py
[2024-11-01T15:19:16.984+0000] {logging_mixin.py:190} INFO - [2024-11-01T15:19:16.984+0000] {dag.py:3239} INFO - Sync 1 DAGs
[2024-11-01T15:19:17.030+0000] {logging_mixin.py:190} INFO - [2024-11-01T15:19:17.030+0000] {dag.py:4180} INFO - Setting next_dagrun for example_workday_timetable to 2021-01-04 00:00:00+00:00, run_after=2021-01-05 00:00:00+00:00
[2024-11-01T15:19:17.046+0000] {processor.py:208} INFO - Processing /home/airflow/.local/lib/python3.12/site-packages/airflow/example_dags/example_workday_timetable.py took 0.086 seconds
[2024-11-01T15:19:47.106+0000] {processor.py:186} INFO - Started process (PID=2207) to work on /home/airflow/.local/lib/python3.12/site-packages/airflow/example_dags/example_workday_timetable.py
[2024-11-01T15:19:47.107+0000] {processor.py:914} INFO - Processing file /home/airflow/.local/lib/python3.12/site-packages/airflow/example_dags/example_workday_timetable.py for tasks to queue
[2024-11-01T15:19:47.108+0000] {logging_mixin.py:190} INFO - [2024-11-01T15:19:47.108+0000] {dagbag.py:588} INFO - Filling up the DagBag from /home/airflow/.local/lib/python3.12/site-packages/airflow/example_dags/example_workday_timetable.py
[2024-11-01T15:19:47.112+0000] {processor.py:925} INFO - DAG(s) 'example_workday_timetable' retrieved from /home/airflow/.local/lib/python3.12/site-packages/airflow/example_dags/example_workday_timetable.py
[2024-11-01T15:19:47.126+0000] {logging_mixin.py:190} INFO - [2024-11-01T15:19:47.126+0000] {dag.py:3239} INFO - Sync 1 DAGs
[2024-11-01T15:19:47.167+0000] {logging_mixin.py:190} INFO - [2024-11-01T15:19:47.167+0000] {dag.py:4180} INFO - Setting next_dagrun for example_workday_timetable to 2021-01-04 00:00:00+00:00, run_after=2021-01-05 00:00:00+00:00
[2024-11-01T15:19:47.181+0000] {processor.py:208} INFO - Processing /home/airflow/.local/lib/python3.12/site-packages/airflow/example_dags/example_workday_timetable.py took 0.079 seconds
[2024-11-01T15:20:17.322+0000] {processor.py:186} INFO - Started process (PID=2272) to work on /home/airflow/.local/lib/python3.12/site-packages/airflow/example_dags/example_workday_timetable.py
[2024-11-01T15:20:17.322+0000] {processor.py:914} INFO - Processing file /home/airflow/.local/lib/python3.12/site-packages/airflow/example_dags/example_workday_timetable.py for tasks to queue
[2024-11-01T15:20:17.323+0000] {logging_mixin.py:190} INFO - [2024-11-01T15:20:17.323+0000] {dagbag.py:588} INFO - Filling up the DagBag from /home/airflow/.local/lib/python3.12/site-packages/airflow/example_dags/example_workday_timetable.py
[2024-11-01T15:20:17.327+0000] {processor.py:925} INFO - DAG(s) 'example_workday_timetable' retrieved from /home/airflow/.local/lib/python3.12/site-packages/airflow/example_dags/example_workday_timetable.py
[2024-11-01T15:20:17.341+0000] {logging_mixin.py:190} INFO - [2024-11-01T15:20:17.340+0000] {dag.py:3239} INFO - Sync 1 DAGs
[2024-11-01T15:20:17.388+0000] {logging_mixin.py:190} INFO - [2024-11-01T15:20:17.388+0000] {dag.py:4180} INFO - Setting next_dagrun for example_workday_timetable to 2021-01-04 00:00:00+00:00, run_after=2021-01-05 00:00:00+00:00
[2024-11-01T15:20:17.404+0000] {processor.py:208} INFO - Processing /home/airflow/.local/lib/python3.12/site-packages/airflow/example_dags/example_workday_timetable.py took 0.086 seconds
[2024-11-01T15:20:47.542+0000] {processor.py:186} INFO - Started process (PID=2337) to work on /home/airflow/.local/lib/python3.12/site-packages/airflow/example_dags/example_workday_timetable.py
[2024-11-01T15:20:47.543+0000] {processor.py:914} INFO - Processing file /home/airflow/.local/lib/python3.12/site-packages/airflow/example_dags/example_workday_timetable.py for tasks to queue
[2024-11-01T15:20:47.544+0000] {logging_mixin.py:190} INFO - [2024-11-01T15:20:47.543+0000] {dagbag.py:588} INFO - Filling up the DagBag from /home/airflow/.local/lib/python3.12/site-packages/airflow/example_dags/example_workday_timetable.py
[2024-11-01T15:20:47.548+0000] {processor.py:925} INFO - DAG(s) 'example_workday_timetable' retrieved from /home/airflow/.local/lib/python3.12/site-packages/airflow/example_dags/example_workday_timetable.py
[2024-11-01T15:20:47.562+0000] {logging_mixin.py:190} INFO - [2024-11-01T15:20:47.562+0000] {dag.py:3239} INFO - Sync 1 DAGs
[2024-11-01T15:20:47.605+0000] {logging_mixin.py:190} INFO - [2024-11-01T15:20:47.604+0000] {dag.py:4180} INFO - Setting next_dagrun for example_workday_timetable to 2021-01-04 00:00:00+00:00, run_after=2021-01-05 00:00:00+00:00
[2024-11-01T15:20:47.618+0000] {processor.py:208} INFO - Processing /home/airflow/.local/lib/python3.12/site-packages/airflow/example_dags/example_workday_timetable.py took 0.080 seconds
[2024-11-01T15:21:17.710+0000] {processor.py:186} INFO - Started process (PID=2402) to work on /home/airflow/.local/lib/python3.12/site-packages/airflow/example_dags/example_workday_timetable.py
[2024-11-01T15:21:17.710+0000] {processor.py:914} INFO - Processing file /home/airflow/.local/lib/python3.12/site-packages/airflow/example_dags/example_workday_timetable.py for tasks to queue
[2024-11-01T15:21:17.711+0000] {logging_mixin.py:190} INFO - [2024-11-01T15:21:17.711+0000] {dagbag.py:588} INFO - Filling up the DagBag from /home/airflow/.local/lib/python3.12/site-packages/airflow/example_dags/example_workday_timetable.py
[2024-11-01T15:21:17.715+0000] {processor.py:925} INFO - DAG(s) 'example_workday_timetable' retrieved from /home/airflow/.local/lib/python3.12/site-packages/airflow/example_dags/example_workday_timetable.py
[2024-11-01T15:21:17.728+0000] {logging_mixin.py:190} INFO - [2024-11-01T15:21:17.728+0000] {dag.py:3239} INFO - Sync 1 DAGs
[2024-11-01T15:21:17.780+0000] {logging_mixin.py:190} INFO - [2024-11-01T15:21:17.780+0000] {dag.py:4180} INFO - Setting next_dagrun for example_workday_timetable to 2021-01-04 00:00:00+00:00, run_after=2021-01-05 00:00:00+00:00
[2024-11-01T15:21:17.794+0000] {processor.py:208} INFO - Processing /home/airflow/.local/lib/python3.12/site-packages/airflow/example_dags/example_workday_timetable.py took 0.088 seconds
[2024-11-01T15:21:48.650+0000] {processor.py:186} INFO - Started process (PID=2467) to work on /home/airflow/.local/lib/python3.12/site-packages/airflow/example_dags/example_workday_timetable.py
[2024-11-01T15:21:48.651+0000] {processor.py:914} INFO - Processing file /home/airflow/.local/lib/python3.12/site-packages/airflow/example_dags/example_workday_timetable.py for tasks to queue
[2024-11-01T15:21:48.652+0000] {logging_mixin.py:190} INFO - [2024-11-01T15:21:48.651+0000] {dagbag.py:588} INFO - Filling up the DagBag from /home/airflow/.local/lib/python3.12/site-packages/airflow/example_dags/example_workday_timetable.py
[2024-11-01T15:21:48.655+0000] {processor.py:925} INFO - DAG(s) 'example_workday_timetable' retrieved from /home/airflow/.local/lib/python3.12/site-packages/airflow/example_dags/example_workday_timetable.py
[2024-11-01T15:21:48.670+0000] {logging_mixin.py:190} INFO - [2024-11-01T15:21:48.670+0000] {dag.py:3239} INFO - Sync 1 DAGs
[2024-11-01T15:21:48.726+0000] {logging_mixin.py:190} INFO - [2024-11-01T15:21:48.725+0000] {dag.py:4180} INFO - Setting next_dagrun for example_workday_timetable to 2021-01-04 00:00:00+00:00, run_after=2021-01-05 00:00:00+00:00
[2024-11-01T15:21:48.751+0000] {processor.py:208} INFO - Processing /home/airflow/.local/lib/python3.12/site-packages/airflow/example_dags/example_workday_timetable.py took 0.105 seconds
[2024-11-01T15:22:19.274+0000] {processor.py:186} INFO - Started process (PID=2532) to work on /home/airflow/.local/lib/python3.12/site-packages/airflow/example_dags/example_workday_timetable.py
[2024-11-01T15:22:19.275+0000] {processor.py:914} INFO - Processing file /home/airflow/.local/lib/python3.12/site-packages/airflow/example_dags/example_workday_timetable.py for tasks to queue
[2024-11-01T15:22:19.276+0000] {logging_mixin.py:190} INFO - [2024-11-01T15:22:19.276+0000] {dagbag.py:588} INFO - Filling up the DagBag from /home/airflow/.local/lib/python3.12/site-packages/airflow/example_dags/example_workday_timetable.py
[2024-11-01T15:22:19.281+0000] {processor.py:925} INFO - DAG(s) 'example_workday_timetable' retrieved from /home/airflow/.local/lib/python3.12/site-packages/airflow/example_dags/example_workday_timetable.py
[2024-11-01T15:22:19.299+0000] {logging_mixin.py:190} INFO - [2024-11-01T15:22:19.298+0000] {dag.py:3239} INFO - Sync 1 DAGs
[2024-11-01T15:22:19.353+0000] {logging_mixin.py:190} INFO - [2024-11-01T15:22:19.353+0000] {dag.py:4180} INFO - Setting next_dagrun for example_workday_timetable to 2021-01-04 00:00:00+00:00, run_after=2021-01-05 00:00:00+00:00
[2024-11-01T15:22:19.369+0000] {processor.py:208} INFO - Processing /home/airflow/.local/lib/python3.12/site-packages/airflow/example_dags/example_workday_timetable.py took 0.100 seconds
[2024-11-01T15:22:50.088+0000] {processor.py:186} INFO - Started process (PID=2597) to work on /home/airflow/.local/lib/python3.12/site-packages/airflow/example_dags/example_workday_timetable.py
[2024-11-01T15:22:50.088+0000] {processor.py:914} INFO - Processing file /home/airflow/.local/lib/python3.12/site-packages/airflow/example_dags/example_workday_timetable.py for tasks to queue
[2024-11-01T15:22:50.089+0000] {logging_mixin.py:190} INFO - [2024-11-01T15:22:50.089+0000] {dagbag.py:588} INFO - Filling up the DagBag from /home/airflow/.local/lib/python3.12/site-packages/airflow/example_dags/example_workday_timetable.py
[2024-11-01T15:22:50.094+0000] {processor.py:925} INFO - DAG(s) 'example_workday_timetable' retrieved from /home/airflow/.local/lib/python3.12/site-packages/airflow/example_dags/example_workday_timetable.py
[2024-11-01T15:22:50.109+0000] {logging_mixin.py:190} INFO - [2024-11-01T15:22:50.109+0000] {dag.py:3239} INFO - Sync 1 DAGs
[2024-11-01T15:22:50.152+0000] {logging_mixin.py:190} INFO - [2024-11-01T15:22:50.152+0000] {dag.py:4180} INFO - Setting next_dagrun for example_workday_timetable to 2021-01-04 00:00:00+00:00, run_after=2021-01-05 00:00:00+00:00
[2024-11-01T15:22:50.166+0000] {processor.py:208} INFO - Processing /home/airflow/.local/lib/python3.12/site-packages/airflow/example_dags/example_workday_timetable.py took 0.083 seconds
[2024-11-01T15:23:20.430+0000] {processor.py:186} INFO - Started process (PID=2662) to work on /home/airflow/.local/lib/python3.12/site-packages/airflow/example_dags/example_workday_timetable.py
[2024-11-01T15:23:20.431+0000] {processor.py:914} INFO - Processing file /home/airflow/.local/lib/python3.12/site-packages/airflow/example_dags/example_workday_timetable.py for tasks to queue
[2024-11-01T15:23:20.432+0000] {logging_mixin.py:190} INFO - [2024-11-01T15:23:20.431+0000] {dagbag.py:588} INFO - Filling up the DagBag from /home/airflow/.local/lib/python3.12/site-packages/airflow/example_dags/example_workday_timetable.py
[2024-11-01T15:23:20.436+0000] {processor.py:925} INFO - DAG(s) 'example_workday_timetable' retrieved from /home/airflow/.local/lib/python3.12/site-packages/airflow/example_dags/example_workday_timetable.py
[2024-11-01T15:23:20.452+0000] {logging_mixin.py:190} INFO - [2024-11-01T15:23:20.451+0000] {dag.py:3239} INFO - Sync 1 DAGs
[2024-11-01T15:23:20.505+0000] {logging_mixin.py:190} INFO - [2024-11-01T15:23:20.505+0000] {dag.py:4180} INFO - Setting next_dagrun for example_workday_timetable to 2021-01-04 00:00:00+00:00, run_after=2021-01-05 00:00:00+00:00
[2024-11-01T15:23:20.520+0000] {processor.py:208} INFO - Processing /home/airflow/.local/lib/python3.12/site-packages/airflow/example_dags/example_workday_timetable.py took 0.095 seconds
[2024-11-01T15:23:50.709+0000] {processor.py:186} INFO - Started process (PID=2727) to work on /home/airflow/.local/lib/python3.12/site-packages/airflow/example_dags/example_workday_timetable.py
[2024-11-01T15:23:50.710+0000] {processor.py:914} INFO - Processing file /home/airflow/.local/lib/python3.12/site-packages/airflow/example_dags/example_workday_timetable.py for tasks to queue
[2024-11-01T15:23:50.711+0000] {logging_mixin.py:190} INFO - [2024-11-01T15:23:50.711+0000] {dagbag.py:588} INFO - Filling up the DagBag from /home/airflow/.local/lib/python3.12/site-packages/airflow/example_dags/example_workday_timetable.py
[2024-11-01T15:23:50.716+0000] {processor.py:925} INFO - DAG(s) 'example_workday_timetable' retrieved from /home/airflow/.local/lib/python3.12/site-packages/airflow/example_dags/example_workday_timetable.py
[2024-11-01T15:23:50.733+0000] {logging_mixin.py:190} INFO - [2024-11-01T15:23:50.733+0000] {dag.py:3239} INFO - Sync 1 DAGs
[2024-11-01T15:23:50.792+0000] {logging_mixin.py:190} INFO - [2024-11-01T15:23:50.792+0000] {dag.py:4180} INFO - Setting next_dagrun for example_workday_timetable to 2021-01-04 00:00:00+00:00, run_after=2021-01-05 00:00:00+00:00
[2024-11-01T15:23:50.811+0000] {processor.py:208} INFO - Processing /home/airflow/.local/lib/python3.12/site-packages/airflow/example_dags/example_workday_timetable.py took 0.107 seconds
[2024-11-01T15:24:21.098+0000] {processor.py:186} INFO - Started process (PID=2792) to work on /home/airflow/.local/lib/python3.12/site-packages/airflow/example_dags/example_workday_timetable.py
[2024-11-01T15:24:21.100+0000] {processor.py:914} INFO - Processing file /home/airflow/.local/lib/python3.12/site-packages/airflow/example_dags/example_workday_timetable.py for tasks to queue
[2024-11-01T15:24:21.102+0000] {logging_mixin.py:190} INFO - [2024-11-01T15:24:21.101+0000] {dagbag.py:588} INFO - Filling up the DagBag from /home/airflow/.local/lib/python3.12/site-packages/airflow/example_dags/example_workday_timetable.py
[2024-11-01T15:24:21.108+0000] {processor.py:925} INFO - DAG(s) 'example_workday_timetable' retrieved from /home/airflow/.local/lib/python3.12/site-packages/airflow/example_dags/example_workday_timetable.py
[2024-11-01T15:24:21.149+0000] {logging_mixin.py:190} INFO - [2024-11-01T15:24:21.148+0000] {dag.py:3239} INFO - Sync 1 DAGs
[2024-11-01T15:24:21.244+0000] {logging_mixin.py:190} INFO - [2024-11-01T15:24:21.244+0000] {dag.py:4180} INFO - Setting next_dagrun for example_workday_timetable to 2021-01-04 00:00:00+00:00, run_after=2021-01-05 00:00:00+00:00
[2024-11-01T15:24:21.267+0000] {processor.py:208} INFO - Processing /home/airflow/.local/lib/python3.12/site-packages/airflow/example_dags/example_workday_timetable.py took 0.176 seconds
[2024-11-01T15:24:51.558+0000] {processor.py:186} INFO - Started process (PID=2857) to work on /home/airflow/.local/lib/python3.12/site-packages/airflow/example_dags/example_workday_timetable.py
[2024-11-01T15:24:51.559+0000] {processor.py:914} INFO - Processing file /home/airflow/.local/lib/python3.12/site-packages/airflow/example_dags/example_workday_timetable.py for tasks to queue
[2024-11-01T15:24:51.559+0000] {logging_mixin.py:190} INFO - [2024-11-01T15:24:51.559+0000] {dagbag.py:588} INFO - Filling up the DagBag from /home/airflow/.local/lib/python3.12/site-packages/airflow/example_dags/example_workday_timetable.py
[2024-11-01T15:24:51.563+0000] {processor.py:925} INFO - DAG(s) 'example_workday_timetable' retrieved from /home/airflow/.local/lib/python3.12/site-packages/airflow/example_dags/example_workday_timetable.py
[2024-11-01T15:24:51.576+0000] {logging_mixin.py:190} INFO - [2024-11-01T15:24:51.576+0000] {dag.py:3239} INFO - Sync 1 DAGs
[2024-11-01T15:24:51.616+0000] {logging_mixin.py:190} INFO - [2024-11-01T15:24:51.616+0000] {dag.py:4180} INFO - Setting next_dagrun for example_workday_timetable to 2021-01-04 00:00:00+00:00, run_after=2021-01-05 00:00:00+00:00
[2024-11-01T15:24:51.629+0000] {processor.py:208} INFO - Processing /home/airflow/.local/lib/python3.12/site-packages/airflow/example_dags/example_workday_timetable.py took 0.075 seconds
[2024-11-01T15:25:22.657+0000] {processor.py:186} INFO - Started process (PID=2922) to work on /home/airflow/.local/lib/python3.12/site-packages/airflow/example_dags/example_workday_timetable.py
[2024-11-01T15:25:22.658+0000] {processor.py:914} INFO - Processing file /home/airflow/.local/lib/python3.12/site-packages/airflow/example_dags/example_workday_timetable.py for tasks to queue
[2024-11-01T15:25:22.658+0000] {logging_mixin.py:190} INFO - [2024-11-01T15:25:22.658+0000] {dagbag.py:588} INFO - Filling up the DagBag from /home/airflow/.local/lib/python3.12/site-packages/airflow/example_dags/example_workday_timetable.py
[2024-11-01T15:25:22.662+0000] {processor.py:925} INFO - DAG(s) 'example_workday_timetable' retrieved from /home/airflow/.local/lib/python3.12/site-packages/airflow/example_dags/example_workday_timetable.py
[2024-11-01T15:25:22.675+0000] {logging_mixin.py:190} INFO - [2024-11-01T15:25:22.675+0000] {dag.py:3239} INFO - Sync 1 DAGs
[2024-11-01T15:25:22.714+0000] {logging_mixin.py:190} INFO - [2024-11-01T15:25:22.714+0000] {dag.py:4180} INFO - Setting next_dagrun for example_workday_timetable to 2021-01-04 00:00:00+00:00, run_after=2021-01-05 00:00:00+00:00
[2024-11-01T15:25:22.729+0000] {processor.py:208} INFO - Processing /home/airflow/.local/lib/python3.12/site-packages/airflow/example_dags/example_workday_timetable.py took 0.076 seconds
[2024-11-01T15:25:52.937+0000] {processor.py:186} INFO - Started process (PID=2986) to work on /home/airflow/.local/lib/python3.12/site-packages/airflow/example_dags/example_workday_timetable.py
[2024-11-01T15:25:52.938+0000] {processor.py:914} INFO - Processing file /home/airflow/.local/lib/python3.12/site-packages/airflow/example_dags/example_workday_timetable.py for tasks to queue
[2024-11-01T15:25:52.938+0000] {logging_mixin.py:190} INFO - [2024-11-01T15:25:52.938+0000] {dagbag.py:588} INFO - Filling up the DagBag from /home/airflow/.local/lib/python3.12/site-packages/airflow/example_dags/example_workday_timetable.py
[2024-11-01T15:25:52.942+0000] {processor.py:925} INFO - DAG(s) 'example_workday_timetable' retrieved from /home/airflow/.local/lib/python3.12/site-packages/airflow/example_dags/example_workday_timetable.py
[2024-11-01T15:25:52.956+0000] {logging_mixin.py:190} INFO - [2024-11-01T15:25:52.956+0000] {dag.py:3239} INFO - Sync 1 DAGs
[2024-11-01T15:25:53.000+0000] {logging_mixin.py:190} INFO - [2024-11-01T15:25:53.000+0000] {dag.py:4180} INFO - Setting next_dagrun for example_workday_timetable to 2021-01-04 00:00:00+00:00, run_after=2021-01-05 00:00:00+00:00
[2024-11-01T15:25:53.015+0000] {processor.py:208} INFO - Processing /home/airflow/.local/lib/python3.12/site-packages/airflow/example_dags/example_workday_timetable.py took 0.082 seconds
[2024-11-01T15:26:23.646+0000] {processor.py:186} INFO - Started process (PID=3051) to work on /home/airflow/.local/lib/python3.12/site-packages/airflow/example_dags/example_workday_timetable.py
[2024-11-01T15:26:23.647+0000] {processor.py:914} INFO - Processing file /home/airflow/.local/lib/python3.12/site-packages/airflow/example_dags/example_workday_timetable.py for tasks to queue
[2024-11-01T15:26:23.649+0000] {logging_mixin.py:190} INFO - [2024-11-01T15:26:23.648+0000] {dagbag.py:588} INFO - Filling up the DagBag from /home/airflow/.local/lib/python3.12/site-packages/airflow/example_dags/example_workday_timetable.py
[2024-11-01T15:26:23.654+0000] {processor.py:925} INFO - DAG(s) 'example_workday_timetable' retrieved from /home/airflow/.local/lib/python3.12/site-packages/airflow/example_dags/example_workday_timetable.py
[2024-11-01T15:26:23.681+0000] {logging_mixin.py:190} INFO - [2024-11-01T15:26:23.681+0000] {dag.py:3239} INFO - Sync 1 DAGs
[2024-11-01T15:26:23.754+0000] {logging_mixin.py:190} INFO - [2024-11-01T15:26:23.753+0000] {dag.py:4180} INFO - Setting next_dagrun for example_workday_timetable to 2021-01-04 00:00:00+00:00, run_after=2021-01-05 00:00:00+00:00
[2024-11-01T15:26:23.781+0000] {processor.py:208} INFO - Processing /home/airflow/.local/lib/python3.12/site-packages/airflow/example_dags/example_workday_timetable.py took 0.146 seconds
[2024-11-01T15:26:54.522+0000] {processor.py:186} INFO - Started process (PID=3116) to work on /home/airflow/.local/lib/python3.12/site-packages/airflow/example_dags/example_workday_timetable.py
[2024-11-01T15:26:54.524+0000] {processor.py:914} INFO - Processing file /home/airflow/.local/lib/python3.12/site-packages/airflow/example_dags/example_workday_timetable.py for tasks to queue
[2024-11-01T15:26:54.525+0000] {logging_mixin.py:190} INFO - [2024-11-01T15:26:54.525+0000] {dagbag.py:588} INFO - Filling up the DagBag from /home/airflow/.local/lib/python3.12/site-packages/airflow/example_dags/example_workday_timetable.py
[2024-11-01T15:26:54.529+0000] {processor.py:925} INFO - DAG(s) 'example_workday_timetable' retrieved from /home/airflow/.local/lib/python3.12/site-packages/airflow/example_dags/example_workday_timetable.py
[2024-11-01T15:26:54.543+0000] {logging_mixin.py:190} INFO - [2024-11-01T15:26:54.543+0000] {dag.py:3239} INFO - Sync 1 DAGs
[2024-11-01T15:26:54.586+0000] {logging_mixin.py:190} INFO - [2024-11-01T15:26:54.585+0000] {dag.py:4180} INFO - Setting next_dagrun for example_workday_timetable to 2021-01-04 00:00:00+00:00, run_after=2021-01-05 00:00:00+00:00
[2024-11-01T15:26:54.600+0000] {processor.py:208} INFO - Processing /home/airflow/.local/lib/python3.12/site-packages/airflow/example_dags/example_workday_timetable.py took 0.082 seconds
[2024-11-01T15:27:24.969+0000] {processor.py:186} INFO - Started process (PID=3183) to work on /home/airflow/.local/lib/python3.12/site-packages/airflow/example_dags/example_workday_timetable.py
[2024-11-01T15:27:24.970+0000] {processor.py:914} INFO - Processing file /home/airflow/.local/lib/python3.12/site-packages/airflow/example_dags/example_workday_timetable.py for tasks to queue
[2024-11-01T15:27:24.971+0000] {logging_mixin.py:190} INFO - [2024-11-01T15:27:24.970+0000] {dagbag.py:588} INFO - Filling up the DagBag from /home/airflow/.local/lib/python3.12/site-packages/airflow/example_dags/example_workday_timetable.py
[2024-11-01T15:27:24.974+0000] {processor.py:925} INFO - DAG(s) 'example_workday_timetable' retrieved from /home/airflow/.local/lib/python3.12/site-packages/airflow/example_dags/example_workday_timetable.py
[2024-11-01T15:27:24.988+0000] {logging_mixin.py:190} INFO - [2024-11-01T15:27:24.988+0000] {dag.py:3239} INFO - Sync 1 DAGs
[2024-11-01T15:27:25.035+0000] {logging_mixin.py:190} INFO - [2024-11-01T15:27:25.035+0000] {dag.py:4180} INFO - Setting next_dagrun for example_workday_timetable to 2021-01-04 00:00:00+00:00, run_after=2021-01-05 00:00:00+00:00
[2024-11-01T15:27:25.052+0000] {processor.py:208} INFO - Processing /home/airflow/.local/lib/python3.12/site-packages/airflow/example_dags/example_workday_timetable.py took 0.086 seconds
[2024-11-01T15:27:55.669+0000] {processor.py:186} INFO - Started process (PID=3249) to work on /home/airflow/.local/lib/python3.12/site-packages/airflow/example_dags/example_workday_timetable.py
[2024-11-01T15:27:55.670+0000] {processor.py:914} INFO - Processing file /home/airflow/.local/lib/python3.12/site-packages/airflow/example_dags/example_workday_timetable.py for tasks to queue
[2024-11-01T15:27:55.670+0000] {logging_mixin.py:190} INFO - [2024-11-01T15:27:55.670+0000] {dagbag.py:588} INFO - Filling up the DagBag from /home/airflow/.local/lib/python3.12/site-packages/airflow/example_dags/example_workday_timetable.py
[2024-11-01T15:27:55.674+0000] {processor.py:925} INFO - DAG(s) 'example_workday_timetable' retrieved from /home/airflow/.local/lib/python3.12/site-packages/airflow/example_dags/example_workday_timetable.py
[2024-11-01T15:27:55.687+0000] {logging_mixin.py:190} INFO - [2024-11-01T15:27:55.687+0000] {dag.py:3239} INFO - Sync 1 DAGs
[2024-11-01T15:27:55.730+0000] {logging_mixin.py:190} INFO - [2024-11-01T15:27:55.730+0000] {dag.py:4180} INFO - Setting next_dagrun for example_workday_timetable to 2021-01-04 00:00:00+00:00, run_after=2021-01-05 00:00:00+00:00
[2024-11-01T15:27:55.745+0000] {processor.py:208} INFO - Processing /home/airflow/.local/lib/python3.12/site-packages/airflow/example_dags/example_workday_timetable.py took 0.080 seconds
[2024-11-01T15:28:26.068+0000] {processor.py:186} INFO - Started process (PID=3315) to work on /home/airflow/.local/lib/python3.12/site-packages/airflow/example_dags/example_workday_timetable.py
[2024-11-01T15:28:26.068+0000] {processor.py:914} INFO - Processing file /home/airflow/.local/lib/python3.12/site-packages/airflow/example_dags/example_workday_timetable.py for tasks to queue
[2024-11-01T15:28:26.069+0000] {logging_mixin.py:190} INFO - [2024-11-01T15:28:26.069+0000] {dagbag.py:588} INFO - Filling up the DagBag from /home/airflow/.local/lib/python3.12/site-packages/airflow/example_dags/example_workday_timetable.py
[2024-11-01T15:28:26.073+0000] {processor.py:925} INFO - DAG(s) 'example_workday_timetable' retrieved from /home/airflow/.local/lib/python3.12/site-packages/airflow/example_dags/example_workday_timetable.py
[2024-11-01T15:28:26.088+0000] {logging_mixin.py:190} INFO - [2024-11-01T15:28:26.088+0000] {dag.py:3239} INFO - Sync 1 DAGs
[2024-11-01T15:28:26.136+0000] {logging_mixin.py:190} INFO - [2024-11-01T15:28:26.136+0000] {dag.py:4180} INFO - Setting next_dagrun for example_workday_timetable to 2021-01-04 00:00:00+00:00, run_after=2021-01-05 00:00:00+00:00
[2024-11-01T15:28:26.154+0000] {processor.py:208} INFO - Processing /home/airflow/.local/lib/python3.12/site-packages/airflow/example_dags/example_workday_timetable.py took 0.090 seconds
[2024-11-01T15:28:56.208+0000] {processor.py:186} INFO - Started process (PID=3380) to work on /home/airflow/.local/lib/python3.12/site-packages/airflow/example_dags/example_workday_timetable.py
[2024-11-01T15:28:56.210+0000] {processor.py:914} INFO - Processing file /home/airflow/.local/lib/python3.12/site-packages/airflow/example_dags/example_workday_timetable.py for tasks to queue
[2024-11-01T15:28:56.211+0000] {logging_mixin.py:190} INFO - [2024-11-01T15:28:56.211+0000] {dagbag.py:588} INFO - Filling up the DagBag from /home/airflow/.local/lib/python3.12/site-packages/airflow/example_dags/example_workday_timetable.py
[2024-11-01T15:28:56.216+0000] {processor.py:925} INFO - DAG(s) 'example_workday_timetable' retrieved from /home/airflow/.local/lib/python3.12/site-packages/airflow/example_dags/example_workday_timetable.py
[2024-11-01T15:28:56.231+0000] {logging_mixin.py:190} INFO - [2024-11-01T15:28:56.231+0000] {dag.py:3239} INFO - Sync 1 DAGs
[2024-11-01T15:28:56.275+0000] {logging_mixin.py:190} INFO - [2024-11-01T15:28:56.275+0000] {dag.py:4180} INFO - Setting next_dagrun for example_workday_timetable to 2021-01-04 00:00:00+00:00, run_after=2021-01-05 00:00:00+00:00
[2024-11-01T15:28:56.289+0000] {processor.py:208} INFO - Processing /home/airflow/.local/lib/python3.12/site-packages/airflow/example_dags/example_workday_timetable.py took 0.087 seconds
[2024-11-01T15:29:26.558+0000] {processor.py:186} INFO - Started process (PID=3447) to work on /home/airflow/.local/lib/python3.12/site-packages/airflow/example_dags/example_workday_timetable.py
[2024-11-01T15:29:26.558+0000] {processor.py:914} INFO - Processing file /home/airflow/.local/lib/python3.12/site-packages/airflow/example_dags/example_workday_timetable.py for tasks to queue
[2024-11-01T15:29:26.559+0000] {logging_mixin.py:190} INFO - [2024-11-01T15:29:26.559+0000] {dagbag.py:588} INFO - Filling up the DagBag from /home/airflow/.local/lib/python3.12/site-packages/airflow/example_dags/example_workday_timetable.py
[2024-11-01T15:29:26.563+0000] {processor.py:925} INFO - DAG(s) 'example_workday_timetable' retrieved from /home/airflow/.local/lib/python3.12/site-packages/airflow/example_dags/example_workday_timetable.py
[2024-11-01T15:29:26.580+0000] {logging_mixin.py:190} INFO - [2024-11-01T15:29:26.580+0000] {dag.py:3239} INFO - Sync 1 DAGs
[2024-11-01T15:29:26.646+0000] {logging_mixin.py:190} INFO - [2024-11-01T15:29:26.646+0000] {dag.py:4180} INFO - Setting next_dagrun for example_workday_timetable to 2021-01-04 00:00:00+00:00, run_after=2021-01-05 00:00:00+00:00
[2024-11-01T15:29:26.670+0000] {processor.py:208} INFO - Processing /home/airflow/.local/lib/python3.12/site-packages/airflow/example_dags/example_workday_timetable.py took 0.117 seconds
[2024-11-01T15:29:56.957+0000] {processor.py:186} INFO - Started process (PID=3513) to work on /home/airflow/.local/lib/python3.12/site-packages/airflow/example_dags/example_workday_timetable.py
[2024-11-01T15:29:56.958+0000] {processor.py:914} INFO - Processing file /home/airflow/.local/lib/python3.12/site-packages/airflow/example_dags/example_workday_timetable.py for tasks to queue
[2024-11-01T15:29:56.959+0000] {logging_mixin.py:190} INFO - [2024-11-01T15:29:56.959+0000] {dagbag.py:588} INFO - Filling up the DagBag from /home/airflow/.local/lib/python3.12/site-packages/airflow/example_dags/example_workday_timetable.py
[2024-11-01T15:29:56.963+0000] {processor.py:925} INFO - DAG(s) 'example_workday_timetable' retrieved from /home/airflow/.local/lib/python3.12/site-packages/airflow/example_dags/example_workday_timetable.py
[2024-11-01T15:29:56.975+0000] {logging_mixin.py:190} INFO - [2024-11-01T15:29:56.975+0000] {dag.py:3239} INFO - Sync 1 DAGs
[2024-11-01T15:29:57.016+0000] {logging_mixin.py:190} INFO - [2024-11-01T15:29:57.016+0000] {dag.py:4180} INFO - Setting next_dagrun for example_workday_timetable to 2021-01-04 00:00:00+00:00, run_after=2021-01-05 00:00:00+00:00
[2024-11-01T15:29:57.030+0000] {processor.py:208} INFO - Processing /home/airflow/.local/lib/python3.12/site-packages/airflow/example_dags/example_workday_timetable.py took 0.077 seconds
[2024-11-01T15:30:27.525+0000] {processor.py:186} INFO - Started process (PID=3579) to work on /home/airflow/.local/lib/python3.12/site-packages/airflow/example_dags/example_workday_timetable.py
[2024-11-01T15:30:27.526+0000] {processor.py:914} INFO - Processing file /home/airflow/.local/lib/python3.12/site-packages/airflow/example_dags/example_workday_timetable.py for tasks to queue
[2024-11-01T15:30:27.528+0000] {logging_mixin.py:190} INFO - [2024-11-01T15:30:27.527+0000] {dagbag.py:588} INFO - Filling up the DagBag from /home/airflow/.local/lib/python3.12/site-packages/airflow/example_dags/example_workday_timetable.py
[2024-11-01T15:30:27.535+0000] {processor.py:925} INFO - DAG(s) 'example_workday_timetable' retrieved from /home/airflow/.local/lib/python3.12/site-packages/airflow/example_dags/example_workday_timetable.py
[2024-11-01T15:30:27.560+0000] {logging_mixin.py:190} INFO - [2024-11-01T15:30:27.560+0000] {dag.py:3239} INFO - Sync 1 DAGs
[2024-11-01T15:30:27.637+0000] {logging_mixin.py:190} INFO - [2024-11-01T15:30:27.636+0000] {dag.py:4180} INFO - Setting next_dagrun for example_workday_timetable to 2021-01-04 00:00:00+00:00, run_after=2021-01-05 00:00:00+00:00
[2024-11-01T15:30:27.656+0000] {processor.py:208} INFO - Processing /home/airflow/.local/lib/python3.12/site-packages/airflow/example_dags/example_workday_timetable.py took 0.139 seconds
[2024-11-01T15:30:57.937+0000] {processor.py:186} INFO - Started process (PID=3645) to work on /home/airflow/.local/lib/python3.12/site-packages/airflow/example_dags/example_workday_timetable.py
[2024-11-01T15:30:57.938+0000] {processor.py:914} INFO - Processing file /home/airflow/.local/lib/python3.12/site-packages/airflow/example_dags/example_workday_timetable.py for tasks to queue
[2024-11-01T15:30:57.939+0000] {logging_mixin.py:190} INFO - [2024-11-01T15:30:57.939+0000] {dagbag.py:588} INFO - Filling up the DagBag from /home/airflow/.local/lib/python3.12/site-packages/airflow/example_dags/example_workday_timetable.py
[2024-11-01T15:30:57.944+0000] {processor.py:925} INFO - DAG(s) 'example_workday_timetable' retrieved from /home/airflow/.local/lib/python3.12/site-packages/airflow/example_dags/example_workday_timetable.py
[2024-11-01T15:30:57.968+0000] {logging_mixin.py:190} INFO - [2024-11-01T15:30:57.967+0000] {dag.py:3239} INFO - Sync 1 DAGs
[2024-11-01T15:30:58.023+0000] {logging_mixin.py:190} INFO - [2024-11-01T15:30:58.023+0000] {dag.py:4180} INFO - Setting next_dagrun for example_workday_timetable to 2021-01-04 00:00:00+00:00, run_after=2021-01-05 00:00:00+00:00
[2024-11-01T15:30:58.039+0000] {processor.py:208} INFO - Processing /home/airflow/.local/lib/python3.12/site-packages/airflow/example_dags/example_workday_timetable.py took 0.108 seconds
[2024-11-01T15:31:28.952+0000] {processor.py:186} INFO - Started process (PID=3711) to work on /home/airflow/.local/lib/python3.12/site-packages/airflow/example_dags/example_workday_timetable.py
[2024-11-01T15:31:28.953+0000] {processor.py:914} INFO - Processing file /home/airflow/.local/lib/python3.12/site-packages/airflow/example_dags/example_workday_timetable.py for tasks to queue
[2024-11-01T15:31:28.954+0000] {logging_mixin.py:190} INFO - [2024-11-01T15:31:28.954+0000] {dagbag.py:588} INFO - Filling up the DagBag from /home/airflow/.local/lib/python3.12/site-packages/airflow/example_dags/example_workday_timetable.py
[2024-11-01T15:31:28.962+0000] {processor.py:925} INFO - DAG(s) 'example_workday_timetable' retrieved from /home/airflow/.local/lib/python3.12/site-packages/airflow/example_dags/example_workday_timetable.py
[2024-11-01T15:31:28.987+0000] {logging_mixin.py:190} INFO - [2024-11-01T15:31:28.987+0000] {dag.py:3239} INFO - Sync 1 DAGs
[2024-11-01T15:31:29.053+0000] {logging_mixin.py:190} INFO - [2024-11-01T15:31:29.053+0000] {dag.py:4180} INFO - Setting next_dagrun for example_workday_timetable to 2021-01-04 00:00:00+00:00, run_after=2021-01-05 00:00:00+00:00
[2024-11-01T15:31:29.070+0000] {processor.py:208} INFO - Processing /home/airflow/.local/lib/python3.12/site-packages/airflow/example_dags/example_workday_timetable.py took 0.125 seconds
[2024-11-01T15:31:59.463+0000] {processor.py:186} INFO - Started process (PID=3777) to work on /home/airflow/.local/lib/python3.12/site-packages/airflow/example_dags/example_workday_timetable.py
[2024-11-01T15:31:59.464+0000] {processor.py:914} INFO - Processing file /home/airflow/.local/lib/python3.12/site-packages/airflow/example_dags/example_workday_timetable.py for tasks to queue
[2024-11-01T15:31:59.464+0000] {logging_mixin.py:190} INFO - [2024-11-01T15:31:59.464+0000] {dagbag.py:588} INFO - Filling up the DagBag from /home/airflow/.local/lib/python3.12/site-packages/airflow/example_dags/example_workday_timetable.py
[2024-11-01T15:31:59.469+0000] {processor.py:925} INFO - DAG(s) 'example_workday_timetable' retrieved from /home/airflow/.local/lib/python3.12/site-packages/airflow/example_dags/example_workday_timetable.py
[2024-11-01T15:31:59.483+0000] {logging_mixin.py:190} INFO - [2024-11-01T15:31:59.482+0000] {dag.py:3239} INFO - Sync 1 DAGs
[2024-11-01T15:31:59.532+0000] {logging_mixin.py:190} INFO - [2024-11-01T15:31:59.532+0000] {dag.py:4180} INFO - Setting next_dagrun for example_workday_timetable to 2021-01-04 00:00:00+00:00, run_after=2021-01-05 00:00:00+00:00
[2024-11-01T15:31:59.549+0000] {processor.py:208} INFO - Processing /home/airflow/.local/lib/python3.12/site-packages/airflow/example_dags/example_workday_timetable.py took 0.090 seconds
[2024-11-01T15:32:29.776+0000] {processor.py:186} INFO - Started process (PID=3843) to work on /home/airflow/.local/lib/python3.12/site-packages/airflow/example_dags/example_workday_timetable.py
[2024-11-01T15:32:29.776+0000] {processor.py:914} INFO - Processing file /home/airflow/.local/lib/python3.12/site-packages/airflow/example_dags/example_workday_timetable.py for tasks to queue
[2024-11-01T15:32:29.777+0000] {logging_mixin.py:190} INFO - [2024-11-01T15:32:29.777+0000] {dagbag.py:588} INFO - Filling up the DagBag from /home/airflow/.local/lib/python3.12/site-packages/airflow/example_dags/example_workday_timetable.py
[2024-11-01T15:32:29.781+0000] {processor.py:925} INFO - DAG(s) 'example_workday_timetable' retrieved from /home/airflow/.local/lib/python3.12/site-packages/airflow/example_dags/example_workday_timetable.py
[2024-11-01T15:32:29.794+0000] {logging_mixin.py:190} INFO - [2024-11-01T15:32:29.794+0000] {dag.py:3239} INFO - Sync 1 DAGs
[2024-11-01T15:32:29.871+0000] {logging_mixin.py:190} INFO - [2024-11-01T15:32:29.871+0000] {dag.py:4180} INFO - Setting next_dagrun for example_workday_timetable to 2021-01-04 00:00:00+00:00, run_after=2021-01-05 00:00:00+00:00
[2024-11-01T15:32:29.886+0000] {processor.py:208} INFO - Processing /home/airflow/.local/lib/python3.12/site-packages/airflow/example_dags/example_workday_timetable.py took 0.114 seconds
[2024-11-01T15:33:00.080+0000] {processor.py:186} INFO - Started process (PID=3909) to work on /home/airflow/.local/lib/python3.12/site-packages/airflow/example_dags/example_workday_timetable.py
[2024-11-01T15:33:00.081+0000] {processor.py:914} INFO - Processing file /home/airflow/.local/lib/python3.12/site-packages/airflow/example_dags/example_workday_timetable.py for tasks to queue
[2024-11-01T15:33:00.082+0000] {logging_mixin.py:190} INFO - [2024-11-01T15:33:00.081+0000] {dagbag.py:588} INFO - Filling up the DagBag from /home/airflow/.local/lib/python3.12/site-packages/airflow/example_dags/example_workday_timetable.py
[2024-11-01T15:33:00.085+0000] {processor.py:925} INFO - DAG(s) 'example_workday_timetable' retrieved from /home/airflow/.local/lib/python3.12/site-packages/airflow/example_dags/example_workday_timetable.py
[2024-11-01T15:33:00.099+0000] {logging_mixin.py:190} INFO - [2024-11-01T15:33:00.098+0000] {dag.py:3239} INFO - Sync 1 DAGs
[2024-11-01T15:33:00.170+0000] {logging_mixin.py:190} INFO - [2024-11-01T15:33:00.170+0000] {dag.py:4180} INFO - Setting next_dagrun for example_workday_timetable to 2021-01-04 00:00:00+00:00, run_after=2021-01-05 00:00:00+00:00
[2024-11-01T15:33:00.185+0000] {processor.py:208} INFO - Processing /home/airflow/.local/lib/python3.12/site-packages/airflow/example_dags/example_workday_timetable.py took 0.108 seconds
[2024-11-01T15:33:31.195+0000] {processor.py:186} INFO - Started process (PID=3975) to work on /home/airflow/.local/lib/python3.12/site-packages/airflow/example_dags/example_workday_timetable.py
[2024-11-01T15:33:31.196+0000] {processor.py:914} INFO - Processing file /home/airflow/.local/lib/python3.12/site-packages/airflow/example_dags/example_workday_timetable.py for tasks to queue
[2024-11-01T15:33:31.197+0000] {logging_mixin.py:190} INFO - [2024-11-01T15:33:31.196+0000] {dagbag.py:588} INFO - Filling up the DagBag from /home/airflow/.local/lib/python3.12/site-packages/airflow/example_dags/example_workday_timetable.py
[2024-11-01T15:33:31.200+0000] {processor.py:925} INFO - DAG(s) 'example_workday_timetable' retrieved from /home/airflow/.local/lib/python3.12/site-packages/airflow/example_dags/example_workday_timetable.py
[2024-11-01T15:33:31.212+0000] {logging_mixin.py:190} INFO - [2024-11-01T15:33:31.212+0000] {dag.py:3239} INFO - Sync 1 DAGs
[2024-11-01T15:33:31.256+0000] {logging_mixin.py:190} INFO - [2024-11-01T15:33:31.256+0000] {dag.py:4180} INFO - Setting next_dagrun for example_workday_timetable to 2021-01-04 00:00:00+00:00, run_after=2021-01-05 00:00:00+00:00
[2024-11-01T15:33:31.272+0000] {processor.py:208} INFO - Processing /home/airflow/.local/lib/python3.12/site-packages/airflow/example_dags/example_workday_timetable.py took 0.081 seconds
[2024-11-01T15:34:01.883+0000] {processor.py:186} INFO - Started process (PID=4041) to work on /home/airflow/.local/lib/python3.12/site-packages/airflow/example_dags/example_workday_timetable.py
[2024-11-01T15:34:01.884+0000] {processor.py:914} INFO - Processing file /home/airflow/.local/lib/python3.12/site-packages/airflow/example_dags/example_workday_timetable.py for tasks to queue
[2024-11-01T15:34:01.884+0000] {logging_mixin.py:190} INFO - [2024-11-01T15:34:01.884+0000] {dagbag.py:588} INFO - Filling up the DagBag from /home/airflow/.local/lib/python3.12/site-packages/airflow/example_dags/example_workday_timetable.py
[2024-11-01T15:34:01.889+0000] {processor.py:925} INFO - DAG(s) 'example_workday_timetable' retrieved from /home/airflow/.local/lib/python3.12/site-packages/airflow/example_dags/example_workday_timetable.py
[2024-11-01T15:34:01.902+0000] {logging_mixin.py:190} INFO - [2024-11-01T15:34:01.902+0000] {dag.py:3239} INFO - Sync 1 DAGs
[2024-11-01T15:34:01.976+0000] {logging_mixin.py:190} INFO - [2024-11-01T15:34:01.976+0000] {dag.py:4180} INFO - Setting next_dagrun for example_workday_timetable to 2021-01-04 00:00:00+00:00, run_after=2021-01-05 00:00:00+00:00
[2024-11-01T15:34:01.991+0000] {processor.py:208} INFO - Processing /home/airflow/.local/lib/python3.12/site-packages/airflow/example_dags/example_workday_timetable.py took 0.112 seconds
[2024-11-01T15:34:32.101+0000] {processor.py:186} INFO - Started process (PID=4107) to work on /home/airflow/.local/lib/python3.12/site-packages/airflow/example_dags/example_workday_timetable.py
[2024-11-01T15:34:32.101+0000] {processor.py:914} INFO - Processing file /home/airflow/.local/lib/python3.12/site-packages/airflow/example_dags/example_workday_timetable.py for tasks to queue
[2024-11-01T15:34:32.102+0000] {logging_mixin.py:190} INFO - [2024-11-01T15:34:32.102+0000] {dagbag.py:588} INFO - Filling up the DagBag from /home/airflow/.local/lib/python3.12/site-packages/airflow/example_dags/example_workday_timetable.py
[2024-11-01T15:34:32.105+0000] {processor.py:925} INFO - DAG(s) 'example_workday_timetable' retrieved from /home/airflow/.local/lib/python3.12/site-packages/airflow/example_dags/example_workday_timetable.py
[2024-11-01T15:34:32.118+0000] {logging_mixin.py:190} INFO - [2024-11-01T15:34:32.118+0000] {dag.py:3239} INFO - Sync 1 DAGs
[2024-11-01T15:34:32.158+0000] {logging_mixin.py:190} INFO - [2024-11-01T15:34:32.158+0000] {dag.py:4180} INFO - Setting next_dagrun for example_workday_timetable to 2021-01-04 00:00:00+00:00, run_after=2021-01-05 00:00:00+00:00
[2024-11-01T15:34:32.173+0000] {processor.py:208} INFO - Processing /home/airflow/.local/lib/python3.12/site-packages/airflow/example_dags/example_workday_timetable.py took 0.076 seconds
[2024-11-01T15:35:02.473+0000] {processor.py:186} INFO - Started process (PID=4173) to work on /home/airflow/.local/lib/python3.12/site-packages/airflow/example_dags/example_workday_timetable.py
[2024-11-01T15:35:02.474+0000] {processor.py:914} INFO - Processing file /home/airflow/.local/lib/python3.12/site-packages/airflow/example_dags/example_workday_timetable.py for tasks to queue
[2024-11-01T15:35:02.475+0000] {logging_mixin.py:190} INFO - [2024-11-01T15:35:02.475+0000] {dagbag.py:588} INFO - Filling up the DagBag from /home/airflow/.local/lib/python3.12/site-packages/airflow/example_dags/example_workday_timetable.py
[2024-11-01T15:35:02.481+0000] {processor.py:925} INFO - DAG(s) 'example_workday_timetable' retrieved from /home/airflow/.local/lib/python3.12/site-packages/airflow/example_dags/example_workday_timetable.py
[2024-11-01T15:35:02.497+0000] {logging_mixin.py:190} INFO - [2024-11-01T15:35:02.496+0000] {dag.py:3239} INFO - Sync 1 DAGs
[2024-11-01T15:35:02.547+0000] {logging_mixin.py:190} INFO - [2024-11-01T15:35:02.547+0000] {dag.py:4180} INFO - Setting next_dagrun for example_workday_timetable to 2021-01-04 00:00:00+00:00, run_after=2021-01-05 00:00:00+00:00
[2024-11-01T15:35:02.565+0000] {processor.py:208} INFO - Processing /home/airflow/.local/lib/python3.12/site-packages/airflow/example_dags/example_workday_timetable.py took 0.099 seconds
[2024-11-01T15:35:32.638+0000] {processor.py:186} INFO - Started process (PID=4239) to work on /home/airflow/.local/lib/python3.12/site-packages/airflow/example_dags/example_workday_timetable.py
[2024-11-01T15:35:32.638+0000] {processor.py:914} INFO - Processing file /home/airflow/.local/lib/python3.12/site-packages/airflow/example_dags/example_workday_timetable.py for tasks to queue
[2024-11-01T15:35:32.639+0000] {logging_mixin.py:190} INFO - [2024-11-01T15:35:32.639+0000] {dagbag.py:588} INFO - Filling up the DagBag from /home/airflow/.local/lib/python3.12/site-packages/airflow/example_dags/example_workday_timetable.py
[2024-11-01T15:35:32.644+0000] {processor.py:925} INFO - DAG(s) 'example_workday_timetable' retrieved from /home/airflow/.local/lib/python3.12/site-packages/airflow/example_dags/example_workday_timetable.py
[2024-11-01T15:35:32.657+0000] {logging_mixin.py:190} INFO - [2024-11-01T15:35:32.657+0000] {dag.py:3239} INFO - Sync 1 DAGs
[2024-11-01T15:35:32.705+0000] {logging_mixin.py:190} INFO - [2024-11-01T15:35:32.705+0000] {dag.py:4180} INFO - Setting next_dagrun for example_workday_timetable to 2021-01-04 00:00:00+00:00, run_after=2021-01-05 00:00:00+00:00
[2024-11-01T15:35:32.731+0000] {processor.py:208} INFO - Processing /home/airflow/.local/lib/python3.12/site-packages/airflow/example_dags/example_workday_timetable.py took 0.098 seconds
[2024-11-01T15:36:03.248+0000] {processor.py:186} INFO - Started process (PID=4305) to work on /home/airflow/.local/lib/python3.12/site-packages/airflow/example_dags/example_workday_timetable.py
[2024-11-01T15:36:03.248+0000] {processor.py:914} INFO - Processing file /home/airflow/.local/lib/python3.12/site-packages/airflow/example_dags/example_workday_timetable.py for tasks to queue
[2024-11-01T15:36:03.249+0000] {logging_mixin.py:190} INFO - [2024-11-01T15:36:03.249+0000] {dagbag.py:588} INFO - Filling up the DagBag from /home/airflow/.local/lib/python3.12/site-packages/airflow/example_dags/example_workday_timetable.py
[2024-11-01T15:36:03.254+0000] {processor.py:925} INFO - DAG(s) 'example_workday_timetable' retrieved from /home/airflow/.local/lib/python3.12/site-packages/airflow/example_dags/example_workday_timetable.py
[2024-11-01T15:36:03.266+0000] {logging_mixin.py:190} INFO - [2024-11-01T15:36:03.266+0000] {dag.py:3239} INFO - Sync 1 DAGs
[2024-11-01T15:36:03.340+0000] {logging_mixin.py:190} INFO - [2024-11-01T15:36:03.340+0000] {dag.py:4180} INFO - Setting next_dagrun for example_workday_timetable to 2021-01-04 00:00:00+00:00, run_after=2021-01-05 00:00:00+00:00
[2024-11-01T15:36:03.354+0000] {processor.py:208} INFO - Processing /home/airflow/.local/lib/python3.12/site-packages/airflow/example_dags/example_workday_timetable.py took 0.111 seconds
[2024-11-01T15:36:33.669+0000] {processor.py:186} INFO - Started process (PID=4371) to work on /home/airflow/.local/lib/python3.12/site-packages/airflow/example_dags/example_workday_timetable.py
[2024-11-01T15:36:33.670+0000] {processor.py:914} INFO - Processing file /home/airflow/.local/lib/python3.12/site-packages/airflow/example_dags/example_workday_timetable.py for tasks to queue
[2024-11-01T15:36:33.671+0000] {logging_mixin.py:190} INFO - [2024-11-01T15:36:33.670+0000] {dagbag.py:588} INFO - Filling up the DagBag from /home/airflow/.local/lib/python3.12/site-packages/airflow/example_dags/example_workday_timetable.py
[2024-11-01T15:36:33.674+0000] {processor.py:925} INFO - DAG(s) 'example_workday_timetable' retrieved from /home/airflow/.local/lib/python3.12/site-packages/airflow/example_dags/example_workday_timetable.py
[2024-11-01T15:36:33.687+0000] {logging_mixin.py:190} INFO - [2024-11-01T15:36:33.687+0000] {dag.py:3239} INFO - Sync 1 DAGs
[2024-11-01T15:36:33.759+0000] {logging_mixin.py:190} INFO - [2024-11-01T15:36:33.759+0000] {dag.py:4180} INFO - Setting next_dagrun for example_workday_timetable to 2021-01-04 00:00:00+00:00, run_after=2021-01-05 00:00:00+00:00
[2024-11-01T15:36:33.773+0000] {processor.py:208} INFO - Processing /home/airflow/.local/lib/python3.12/site-packages/airflow/example_dags/example_workday_timetable.py took 0.107 seconds
[2024-11-01T15:37:04.563+0000] {processor.py:186} INFO - Started process (PID=4436) to work on /home/airflow/.local/lib/python3.12/site-packages/airflow/example_dags/example_workday_timetable.py
[2024-11-01T15:37:04.563+0000] {processor.py:914} INFO - Processing file /home/airflow/.local/lib/python3.12/site-packages/airflow/example_dags/example_workday_timetable.py for tasks to queue
[2024-11-01T15:37:04.564+0000] {logging_mixin.py:190} INFO - [2024-11-01T15:37:04.564+0000] {dagbag.py:588} INFO - Filling up the DagBag from /home/airflow/.local/lib/python3.12/site-packages/airflow/example_dags/example_workday_timetable.py
[2024-11-01T15:37:04.568+0000] {processor.py:925} INFO - DAG(s) 'example_workday_timetable' retrieved from /home/airflow/.local/lib/python3.12/site-packages/airflow/example_dags/example_workday_timetable.py
[2024-11-01T15:37:04.581+0000] {logging_mixin.py:190} INFO - [2024-11-01T15:37:04.580+0000] {dag.py:3239} INFO - Sync 1 DAGs
[2024-11-01T15:37:04.645+0000] {logging_mixin.py:190} INFO - [2024-11-01T15:37:04.645+0000] {dag.py:4180} INFO - Setting next_dagrun for example_workday_timetable to 2021-01-04 00:00:00+00:00, run_after=2021-01-05 00:00:00+00:00
[2024-11-01T15:37:04.660+0000] {processor.py:208} INFO - Processing /home/airflow/.local/lib/python3.12/site-packages/airflow/example_dags/example_workday_timetable.py took 0.102 seconds
[2024-11-01T15:37:34.970+0000] {processor.py:186} INFO - Started process (PID=4502) to work on /home/airflow/.local/lib/python3.12/site-packages/airflow/example_dags/example_workday_timetable.py
[2024-11-01T15:37:34.971+0000] {processor.py:914} INFO - Processing file /home/airflow/.local/lib/python3.12/site-packages/airflow/example_dags/example_workday_timetable.py for tasks to queue
[2024-11-01T15:37:34.972+0000] {logging_mixin.py:190} INFO - [2024-11-01T15:37:34.971+0000] {dagbag.py:588} INFO - Filling up the DagBag from /home/airflow/.local/lib/python3.12/site-packages/airflow/example_dags/example_workday_timetable.py
[2024-11-01T15:37:34.975+0000] {processor.py:925} INFO - DAG(s) 'example_workday_timetable' retrieved from /home/airflow/.local/lib/python3.12/site-packages/airflow/example_dags/example_workday_timetable.py
[2024-11-01T15:37:34.987+0000] {logging_mixin.py:190} INFO - [2024-11-01T15:37:34.987+0000] {dag.py:3239} INFO - Sync 1 DAGs
[2024-11-01T15:37:35.058+0000] {logging_mixin.py:190} INFO - [2024-11-01T15:37:35.058+0000] {dag.py:4180} INFO - Setting next_dagrun for example_workday_timetable to 2021-01-04 00:00:00+00:00, run_after=2021-01-05 00:00:00+00:00
[2024-11-01T15:37:35.073+0000] {processor.py:208} INFO - Processing /home/airflow/.local/lib/python3.12/site-packages/airflow/example_dags/example_workday_timetable.py took 0.108 seconds
[2024-11-01T15:38:05.430+0000] {processor.py:186} INFO - Started process (PID=4568) to work on /home/airflow/.local/lib/python3.12/site-packages/airflow/example_dags/example_workday_timetable.py
[2024-11-01T15:38:05.431+0000] {processor.py:914} INFO - Processing file /home/airflow/.local/lib/python3.12/site-packages/airflow/example_dags/example_workday_timetable.py for tasks to queue
[2024-11-01T15:38:05.432+0000] {logging_mixin.py:190} INFO - [2024-11-01T15:38:05.432+0000] {dagbag.py:588} INFO - Filling up the DagBag from /home/airflow/.local/lib/python3.12/site-packages/airflow/example_dags/example_workday_timetable.py
[2024-11-01T15:38:05.437+0000] {processor.py:925} INFO - DAG(s) 'example_workday_timetable' retrieved from /home/airflow/.local/lib/python3.12/site-packages/airflow/example_dags/example_workday_timetable.py
[2024-11-01T15:38:05.452+0000] {logging_mixin.py:190} INFO - [2024-11-01T15:38:05.452+0000] {dag.py:3239} INFO - Sync 1 DAGs
[2024-11-01T15:38:05.535+0000] {logging_mixin.py:190} INFO - [2024-11-01T15:38:05.535+0000] {dag.py:4180} INFO - Setting next_dagrun for example_workday_timetable to 2021-01-04 00:00:00+00:00, run_after=2021-01-05 00:00:00+00:00
[2024-11-01T15:38:05.553+0000] {processor.py:208} INFO - Processing /home/airflow/.local/lib/python3.12/site-packages/airflow/example_dags/example_workday_timetable.py took 0.130 seconds
[2024-11-01T15:38:35.729+0000] {processor.py:186} INFO - Started process (PID=4634) to work on /home/airflow/.local/lib/python3.12/site-packages/airflow/example_dags/example_workday_timetable.py
[2024-11-01T15:38:35.730+0000] {processor.py:914} INFO - Processing file /home/airflow/.local/lib/python3.12/site-packages/airflow/example_dags/example_workday_timetable.py for tasks to queue
[2024-11-01T15:38:35.730+0000] {logging_mixin.py:190} INFO - [2024-11-01T15:38:35.730+0000] {dagbag.py:588} INFO - Filling up the DagBag from /home/airflow/.local/lib/python3.12/site-packages/airflow/example_dags/example_workday_timetable.py
[2024-11-01T15:38:35.736+0000] {processor.py:925} INFO - DAG(s) 'example_workday_timetable' retrieved from /home/airflow/.local/lib/python3.12/site-packages/airflow/example_dags/example_workday_timetable.py
[2024-11-01T15:38:35.749+0000] {logging_mixin.py:190} INFO - [2024-11-01T15:38:35.748+0000] {dag.py:3239} INFO - Sync 1 DAGs
[2024-11-01T15:38:35.827+0000] {logging_mixin.py:190} INFO - [2024-11-01T15:38:35.827+0000] {dag.py:4180} INFO - Setting next_dagrun for example_workday_timetable to 2021-01-04 00:00:00+00:00, run_after=2021-01-05 00:00:00+00:00
[2024-11-01T15:38:35.843+0000] {processor.py:208} INFO - Processing /home/airflow/.local/lib/python3.12/site-packages/airflow/example_dags/example_workday_timetable.py took 0.118 seconds
[2024-11-01T15:39:06.020+0000] {processor.py:186} INFO - Started process (PID=4700) to work on /home/airflow/.local/lib/python3.12/site-packages/airflow/example_dags/example_workday_timetable.py
[2024-11-01T15:39:06.021+0000] {processor.py:914} INFO - Processing file /home/airflow/.local/lib/python3.12/site-packages/airflow/example_dags/example_workday_timetable.py for tasks to queue
[2024-11-01T15:39:06.022+0000] {logging_mixin.py:190} INFO - [2024-11-01T15:39:06.021+0000] {dagbag.py:588} INFO - Filling up the DagBag from /home/airflow/.local/lib/python3.12/site-packages/airflow/example_dags/example_workday_timetable.py
[2024-11-01T15:39:06.025+0000] {processor.py:925} INFO - DAG(s) 'example_workday_timetable' retrieved from /home/airflow/.local/lib/python3.12/site-packages/airflow/example_dags/example_workday_timetable.py
[2024-11-01T15:39:06.038+0000] {logging_mixin.py:190} INFO - [2024-11-01T15:39:06.038+0000] {dag.py:3239} INFO - Sync 1 DAGs
[2024-11-01T15:39:06.112+0000] {logging_mixin.py:190} INFO - [2024-11-01T15:39:06.112+0000] {dag.py:4180} INFO - Setting next_dagrun for example_workday_timetable to 2021-01-04 00:00:00+00:00, run_after=2021-01-05 00:00:00+00:00
[2024-11-01T15:39:06.128+0000] {processor.py:208} INFO - Processing /home/airflow/.local/lib/python3.12/site-packages/airflow/example_dags/example_workday_timetable.py took 0.112 seconds
[2024-11-01T15:39:36.288+0000] {processor.py:186} INFO - Started process (PID=4766) to work on /home/airflow/.local/lib/python3.12/site-packages/airflow/example_dags/example_workday_timetable.py
[2024-11-01T15:39:36.289+0000] {processor.py:914} INFO - Processing file /home/airflow/.local/lib/python3.12/site-packages/airflow/example_dags/example_workday_timetable.py for tasks to queue
[2024-11-01T15:39:36.290+0000] {logging_mixin.py:190} INFO - [2024-11-01T15:39:36.290+0000] {dagbag.py:588} INFO - Filling up the DagBag from /home/airflow/.local/lib/python3.12/site-packages/airflow/example_dags/example_workday_timetable.py
[2024-11-01T15:39:36.295+0000] {processor.py:925} INFO - DAG(s) 'example_workday_timetable' retrieved from /home/airflow/.local/lib/python3.12/site-packages/airflow/example_dags/example_workday_timetable.py
[2024-11-01T15:39:36.315+0000] {logging_mixin.py:190} INFO - [2024-11-01T15:39:36.315+0000] {dag.py:3239} INFO - Sync 1 DAGs
[2024-11-01T15:39:36.412+0000] {logging_mixin.py:190} INFO - [2024-11-01T15:39:36.412+0000] {dag.py:4180} INFO - Setting next_dagrun for example_workday_timetable to 2021-01-04 00:00:00+00:00, run_after=2021-01-05 00:00:00+00:00
[2024-11-01T15:39:36.433+0000] {processor.py:208} INFO - Processing /home/airflow/.local/lib/python3.12/site-packages/airflow/example_dags/example_workday_timetable.py took 0.151 seconds
[2024-11-01T15:40:06.772+0000] {processor.py:186} INFO - Started process (PID=4832) to work on /home/airflow/.local/lib/python3.12/site-packages/airflow/example_dags/example_workday_timetable.py
[2024-11-01T15:40:06.772+0000] {processor.py:914} INFO - Processing file /home/airflow/.local/lib/python3.12/site-packages/airflow/example_dags/example_workday_timetable.py for tasks to queue
[2024-11-01T15:40:06.773+0000] {logging_mixin.py:190} INFO - [2024-11-01T15:40:06.773+0000] {dagbag.py:588} INFO - Filling up the DagBag from /home/airflow/.local/lib/python3.12/site-packages/airflow/example_dags/example_workday_timetable.py
[2024-11-01T15:40:06.777+0000] {processor.py:925} INFO - DAG(s) 'example_workday_timetable' retrieved from /home/airflow/.local/lib/python3.12/site-packages/airflow/example_dags/example_workday_timetable.py
[2024-11-01T15:40:06.790+0000] {logging_mixin.py:190} INFO - [2024-11-01T15:40:06.790+0000] {dag.py:3239} INFO - Sync 1 DAGs
[2024-11-01T15:40:06.868+0000] {logging_mixin.py:190} INFO - [2024-11-01T15:40:06.868+0000] {dag.py:4180} INFO - Setting next_dagrun for example_workday_timetable to 2021-01-04 00:00:00+00:00, run_after=2021-01-05 00:00:00+00:00
[2024-11-01T15:40:06.883+0000] {processor.py:208} INFO - Processing /home/airflow/.local/lib/python3.12/site-packages/airflow/example_dags/example_workday_timetable.py took 0.116 seconds
[2024-11-01T15:40:37.347+0000] {processor.py:186} INFO - Started process (PID=4899) to work on /home/airflow/.local/lib/python3.12/site-packages/airflow/example_dags/example_workday_timetable.py
[2024-11-01T15:40:37.348+0000] {processor.py:914} INFO - Processing file /home/airflow/.local/lib/python3.12/site-packages/airflow/example_dags/example_workday_timetable.py for tasks to queue
[2024-11-01T15:40:37.349+0000] {logging_mixin.py:190} INFO - [2024-11-01T15:40:37.348+0000] {dagbag.py:588} INFO - Filling up the DagBag from /home/airflow/.local/lib/python3.12/site-packages/airflow/example_dags/example_workday_timetable.py
[2024-11-01T15:40:37.354+0000] {processor.py:925} INFO - DAG(s) 'example_workday_timetable' retrieved from /home/airflow/.local/lib/python3.12/site-packages/airflow/example_dags/example_workday_timetable.py
[2024-11-01T15:40:37.370+0000] {logging_mixin.py:190} INFO - [2024-11-01T15:40:37.369+0000] {dag.py:3239} INFO - Sync 1 DAGs
[2024-11-01T15:40:37.475+0000] {logging_mixin.py:190} INFO - [2024-11-01T15:40:37.475+0000] {dag.py:4180} INFO - Setting next_dagrun for example_workday_timetable to 2021-01-04 00:00:00+00:00, run_after=2021-01-05 00:00:00+00:00
[2024-11-01T15:40:37.494+0000] {processor.py:208} INFO - Processing /home/airflow/.local/lib/python3.12/site-packages/airflow/example_dags/example_workday_timetable.py took 0.151 seconds
[2024-11-01T15:42:07.177+0000] {processor.py:186} INFO - Started process (PID=4971) to work on /home/airflow/.local/lib/python3.12/site-packages/airflow/example_dags/example_workday_timetable.py
[2024-11-01T15:42:07.178+0000] {processor.py:914} INFO - Processing file /home/airflow/.local/lib/python3.12/site-packages/airflow/example_dags/example_workday_timetable.py for tasks to queue
[2024-11-01T15:42:07.179+0000] {logging_mixin.py:190} INFO - [2024-11-01T15:42:07.179+0000] {dagbag.py:588} INFO - Filling up the DagBag from /home/airflow/.local/lib/python3.12/site-packages/airflow/example_dags/example_workday_timetable.py
[2024-11-01T15:42:07.186+0000] {processor.py:925} INFO - DAG(s) 'example_workday_timetable' retrieved from /home/airflow/.local/lib/python3.12/site-packages/airflow/example_dags/example_workday_timetable.py
[2024-11-01T15:42:07.210+0000] {logging_mixin.py:190} INFO - [2024-11-01T15:42:07.209+0000] {dag.py:3239} INFO - Sync 1 DAGs
[2024-11-01T15:42:07.331+0000] {logging_mixin.py:190} INFO - [2024-11-01T15:42:07.331+0000] {dag.py:4180} INFO - Setting next_dagrun for example_workday_timetable to 2021-01-04 00:00:00+00:00, run_after=2021-01-05 00:00:00+00:00
[2024-11-01T15:42:07.350+0000] {processor.py:208} INFO - Processing /home/airflow/.local/lib/python3.12/site-packages/airflow/example_dags/example_workday_timetable.py took 0.179 seconds
[2024-11-01T15:42:37.938+0000] {processor.py:186} INFO - Started process (PID=5037) to work on /home/airflow/.local/lib/python3.12/site-packages/airflow/example_dags/example_workday_timetable.py
[2024-11-01T15:42:37.938+0000] {processor.py:914} INFO - Processing file /home/airflow/.local/lib/python3.12/site-packages/airflow/example_dags/example_workday_timetable.py for tasks to queue
[2024-11-01T15:42:37.939+0000] {logging_mixin.py:190} INFO - [2024-11-01T15:42:37.939+0000] {dagbag.py:588} INFO - Filling up the DagBag from /home/airflow/.local/lib/python3.12/site-packages/airflow/example_dags/example_workday_timetable.py
[2024-11-01T15:42:37.943+0000] {processor.py:925} INFO - DAG(s) 'example_workday_timetable' retrieved from /home/airflow/.local/lib/python3.12/site-packages/airflow/example_dags/example_workday_timetable.py
[2024-11-01T15:42:37.959+0000] {logging_mixin.py:190} INFO - [2024-11-01T15:42:37.959+0000] {dag.py:3239} INFO - Sync 1 DAGs
[2024-11-01T15:42:38.057+0000] {logging_mixin.py:190} INFO - [2024-11-01T15:42:38.057+0000] {dag.py:4180} INFO - Setting next_dagrun for example_workday_timetable to 2021-01-04 00:00:00+00:00, run_after=2021-01-05 00:00:00+00:00
[2024-11-01T15:42:38.075+0000] {processor.py:208} INFO - Processing /home/airflow/.local/lib/python3.12/site-packages/airflow/example_dags/example_workday_timetable.py took 0.141 seconds
[2024-11-01T15:43:08.396+0000] {processor.py:186} INFO - Started process (PID=5103) to work on /home/airflow/.local/lib/python3.12/site-packages/airflow/example_dags/example_workday_timetable.py
[2024-11-01T15:43:08.397+0000] {processor.py:914} INFO - Processing file /home/airflow/.local/lib/python3.12/site-packages/airflow/example_dags/example_workday_timetable.py for tasks to queue
[2024-11-01T15:43:08.398+0000] {logging_mixin.py:190} INFO - [2024-11-01T15:43:08.397+0000] {dagbag.py:588} INFO - Filling up the DagBag from /home/airflow/.local/lib/python3.12/site-packages/airflow/example_dags/example_workday_timetable.py
[2024-11-01T15:43:08.402+0000] {processor.py:925} INFO - DAG(s) 'example_workday_timetable' retrieved from /home/airflow/.local/lib/python3.12/site-packages/airflow/example_dags/example_workday_timetable.py
[2024-11-01T15:43:08.422+0000] {logging_mixin.py:190} INFO - [2024-11-01T15:43:08.422+0000] {dag.py:3239} INFO - Sync 1 DAGs
[2024-11-01T15:43:08.504+0000] {logging_mixin.py:190} INFO - [2024-11-01T15:43:08.503+0000] {dag.py:4180} INFO - Setting next_dagrun for example_workday_timetable to 2021-01-04 00:00:00+00:00, run_after=2021-01-05 00:00:00+00:00
[2024-11-01T15:43:08.525+0000] {processor.py:208} INFO - Processing /home/airflow/.local/lib/python3.12/site-packages/airflow/example_dags/example_workday_timetable.py took 0.133 seconds
[2024-11-01T15:49:03.128+0000] {processor.py:186} INFO - Started process (PID=69) to work on /home/airflow/.local/lib/python3.12/site-packages/airflow/example_dags/example_workday_timetable.py
[2024-11-01T15:49:03.129+0000] {processor.py:914} INFO - Processing file /home/airflow/.local/lib/python3.12/site-packages/airflow/example_dags/example_workday_timetable.py for tasks to queue
[2024-11-01T15:49:03.131+0000] {logging_mixin.py:190} INFO - [2024-11-01T15:49:03.131+0000] {dagbag.py:588} INFO - Filling up the DagBag from /home/airflow/.local/lib/python3.12/site-packages/airflow/example_dags/example_workday_timetable.py
[2024-11-01T15:49:03.136+0000] {processor.py:925} INFO - DAG(s) 'example_workday_timetable' retrieved from /home/airflow/.local/lib/python3.12/site-packages/airflow/example_dags/example_workday_timetable.py
[2024-11-01T15:49:03.155+0000] {logging_mixin.py:190} INFO - [2024-11-01T15:49:03.154+0000] {dag.py:3239} INFO - Sync 1 DAGs
[2024-11-01T15:49:03.235+0000] {logging_mixin.py:190} INFO - [2024-11-01T15:49:03.234+0000] {dag.py:4180} INFO - Setting next_dagrun for example_workday_timetable to 2021-01-04 00:00:00+00:00, run_after=2021-01-05 00:00:00+00:00
[2024-11-01T15:49:03.252+0000] {processor.py:208} INFO - Processing /home/airflow/.local/lib/python3.12/site-packages/airflow/example_dags/example_workday_timetable.py took 0.130 seconds
[2024-11-01T15:49:33.813+0000] {processor.py:186} INFO - Started process (PID=140) to work on /home/airflow/.local/lib/python3.12/site-packages/airflow/example_dags/example_workday_timetable.py
[2024-11-01T15:49:33.814+0000] {processor.py:914} INFO - Processing file /home/airflow/.local/lib/python3.12/site-packages/airflow/example_dags/example_workday_timetable.py for tasks to queue
[2024-11-01T15:49:33.817+0000] {logging_mixin.py:190} INFO - [2024-11-01T15:49:33.817+0000] {dagbag.py:588} INFO - Filling up the DagBag from /home/airflow/.local/lib/python3.12/site-packages/airflow/example_dags/example_workday_timetable.py
[2024-11-01T15:49:33.822+0000] {processor.py:925} INFO - DAG(s) 'example_workday_timetable' retrieved from /home/airflow/.local/lib/python3.12/site-packages/airflow/example_dags/example_workday_timetable.py
[2024-11-01T15:49:33.838+0000] {logging_mixin.py:190} INFO - [2024-11-01T15:49:33.837+0000] {dag.py:3239} INFO - Sync 1 DAGs
[2024-11-01T15:49:33.892+0000] {logging_mixin.py:190} INFO - [2024-11-01T15:49:33.892+0000] {dag.py:4180} INFO - Setting next_dagrun for example_workday_timetable to 2021-01-04 00:00:00+00:00, run_after=2021-01-05 00:00:00+00:00
[2024-11-01T15:49:33.910+0000] {processor.py:208} INFO - Processing /home/airflow/.local/lib/python3.12/site-packages/airflow/example_dags/example_workday_timetable.py took 0.101 seconds
[2024-11-01T15:50:04.553+0000] {processor.py:186} INFO - Started process (PID=206) to work on /home/airflow/.local/lib/python3.12/site-packages/airflow/example_dags/example_workday_timetable.py
[2024-11-01T15:50:04.554+0000] {processor.py:914} INFO - Processing file /home/airflow/.local/lib/python3.12/site-packages/airflow/example_dags/example_workday_timetable.py for tasks to queue
[2024-11-01T15:50:04.556+0000] {logging_mixin.py:190} INFO - [2024-11-01T15:50:04.555+0000] {dagbag.py:588} INFO - Filling up the DagBag from /home/airflow/.local/lib/python3.12/site-packages/airflow/example_dags/example_workday_timetable.py
[2024-11-01T15:50:04.559+0000] {processor.py:925} INFO - DAG(s) 'example_workday_timetable' retrieved from /home/airflow/.local/lib/python3.12/site-packages/airflow/example_dags/example_workday_timetable.py
[2024-11-01T15:50:04.573+0000] {logging_mixin.py:190} INFO - [2024-11-01T15:50:04.573+0000] {dag.py:3239} INFO - Sync 1 DAGs
[2024-11-01T15:50:04.628+0000] {logging_mixin.py:190} INFO - [2024-11-01T15:50:04.628+0000] {dag.py:4180} INFO - Setting next_dagrun for example_workday_timetable to 2021-01-04 00:00:00+00:00, run_after=2021-01-05 00:00:00+00:00
[2024-11-01T15:50:04.643+0000] {processor.py:208} INFO - Processing /home/airflow/.local/lib/python3.12/site-packages/airflow/example_dags/example_workday_timetable.py took 0.095 seconds
[2024-11-01T15:50:35.344+0000] {processor.py:186} INFO - Started process (PID=272) to work on /home/airflow/.local/lib/python3.12/site-packages/airflow/example_dags/example_workday_timetable.py
[2024-11-01T15:50:35.345+0000] {processor.py:914} INFO - Processing file /home/airflow/.local/lib/python3.12/site-packages/airflow/example_dags/example_workday_timetable.py for tasks to queue
[2024-11-01T15:50:35.346+0000] {logging_mixin.py:190} INFO - [2024-11-01T15:50:35.346+0000] {dagbag.py:588} INFO - Filling up the DagBag from /home/airflow/.local/lib/python3.12/site-packages/airflow/example_dags/example_workday_timetable.py
[2024-11-01T15:50:35.351+0000] {processor.py:925} INFO - DAG(s) 'example_workday_timetable' retrieved from /home/airflow/.local/lib/python3.12/site-packages/airflow/example_dags/example_workday_timetable.py
[2024-11-01T15:50:35.365+0000] {logging_mixin.py:190} INFO - [2024-11-01T15:50:35.365+0000] {dag.py:3239} INFO - Sync 1 DAGs
[2024-11-01T15:50:35.454+0000] {logging_mixin.py:190} INFO - [2024-11-01T15:50:35.454+0000] {dag.py:4180} INFO - Setting next_dagrun for example_workday_timetable to 2021-01-04 00:00:00+00:00, run_after=2021-01-05 00:00:00+00:00
[2024-11-01T15:50:35.472+0000] {processor.py:208} INFO - Processing /home/airflow/.local/lib/python3.12/site-packages/airflow/example_dags/example_workday_timetable.py took 0.134 seconds
[2024-11-01T15:51:05.587+0000] {processor.py:186} INFO - Started process (PID=338) to work on /home/airflow/.local/lib/python3.12/site-packages/airflow/example_dags/example_workday_timetable.py
[2024-11-01T15:51:05.588+0000] {processor.py:914} INFO - Processing file /home/airflow/.local/lib/python3.12/site-packages/airflow/example_dags/example_workday_timetable.py for tasks to queue
[2024-11-01T15:51:05.589+0000] {logging_mixin.py:190} INFO - [2024-11-01T15:51:05.589+0000] {dagbag.py:588} INFO - Filling up the DagBag from /home/airflow/.local/lib/python3.12/site-packages/airflow/example_dags/example_workday_timetable.py
[2024-11-01T15:51:05.594+0000] {processor.py:925} INFO - DAG(s) 'example_workday_timetable' retrieved from /home/airflow/.local/lib/python3.12/site-packages/airflow/example_dags/example_workday_timetable.py
[2024-11-01T15:51:05.608+0000] {logging_mixin.py:190} INFO - [2024-11-01T15:51:05.608+0000] {dag.py:3239} INFO - Sync 1 DAGs
[2024-11-01T15:51:05.690+0000] {logging_mixin.py:190} INFO - [2024-11-01T15:51:05.690+0000] {dag.py:4180} INFO - Setting next_dagrun for example_workday_timetable to 2021-01-04 00:00:00+00:00, run_after=2021-01-05 00:00:00+00:00
[2024-11-01T15:51:05.707+0000] {processor.py:208} INFO - Processing /home/airflow/.local/lib/python3.12/site-packages/airflow/example_dags/example_workday_timetable.py took 0.124 seconds
[2024-11-01T15:51:36.086+0000] {processor.py:186} INFO - Started process (PID=405) to work on /home/airflow/.local/lib/python3.12/site-packages/airflow/example_dags/example_workday_timetable.py
[2024-11-01T15:51:36.086+0000] {processor.py:914} INFO - Processing file /home/airflow/.local/lib/python3.12/site-packages/airflow/example_dags/example_workday_timetable.py for tasks to queue
[2024-11-01T15:51:36.088+0000] {logging_mixin.py:190} INFO - [2024-11-01T15:51:36.088+0000] {dagbag.py:588} INFO - Filling up the DagBag from /home/airflow/.local/lib/python3.12/site-packages/airflow/example_dags/example_workday_timetable.py
[2024-11-01T15:51:36.092+0000] {processor.py:925} INFO - DAG(s) 'example_workday_timetable' retrieved from /home/airflow/.local/lib/python3.12/site-packages/airflow/example_dags/example_workday_timetable.py
[2024-11-01T15:51:36.105+0000] {logging_mixin.py:190} INFO - [2024-11-01T15:51:36.105+0000] {dag.py:3239} INFO - Sync 1 DAGs
[2024-11-01T15:51:36.181+0000] {logging_mixin.py:190} INFO - [2024-11-01T15:51:36.180+0000] {dag.py:4180} INFO - Setting next_dagrun for example_workday_timetable to 2021-01-04 00:00:00+00:00, run_after=2021-01-05 00:00:00+00:00
[2024-11-01T15:51:36.198+0000] {processor.py:208} INFO - Processing /home/airflow/.local/lib/python3.12/site-packages/airflow/example_dags/example_workday_timetable.py took 0.117 seconds
[2024-11-01T15:52:06.635+0000] {processor.py:186} INFO - Started process (PID=470) to work on /home/airflow/.local/lib/python3.12/site-packages/airflow/example_dags/example_workday_timetable.py
[2024-11-01T15:52:06.636+0000] {processor.py:914} INFO - Processing file /home/airflow/.local/lib/python3.12/site-packages/airflow/example_dags/example_workday_timetable.py for tasks to queue
[2024-11-01T15:52:06.637+0000] {logging_mixin.py:190} INFO - [2024-11-01T15:52:06.637+0000] {dagbag.py:588} INFO - Filling up the DagBag from /home/airflow/.local/lib/python3.12/site-packages/airflow/example_dags/example_workday_timetable.py
[2024-11-01T15:52:06.641+0000] {processor.py:925} INFO - DAG(s) 'example_workday_timetable' retrieved from /home/airflow/.local/lib/python3.12/site-packages/airflow/example_dags/example_workday_timetable.py
[2024-11-01T15:52:06.654+0000] {logging_mixin.py:190} INFO - [2024-11-01T15:52:06.654+0000] {dag.py:3239} INFO - Sync 1 DAGs
[2024-11-01T15:52:06.735+0000] {logging_mixin.py:190} INFO - [2024-11-01T15:52:06.735+0000] {dag.py:4180} INFO - Setting next_dagrun for example_workday_timetable to 2021-01-04 00:00:00+00:00, run_after=2021-01-05 00:00:00+00:00
[2024-11-01T15:52:06.751+0000] {processor.py:208} INFO - Processing /home/airflow/.local/lib/python3.12/site-packages/airflow/example_dags/example_workday_timetable.py took 0.120 seconds
[2024-11-01T15:52:37.274+0000] {processor.py:186} INFO - Started process (PID=536) to work on /home/airflow/.local/lib/python3.12/site-packages/airflow/example_dags/example_workday_timetable.py
[2024-11-01T15:52:37.275+0000] {processor.py:914} INFO - Processing file /home/airflow/.local/lib/python3.12/site-packages/airflow/example_dags/example_workday_timetable.py for tasks to queue
[2024-11-01T15:52:37.277+0000] {logging_mixin.py:190} INFO - [2024-11-01T15:52:37.276+0000] {dagbag.py:588} INFO - Filling up the DagBag from /home/airflow/.local/lib/python3.12/site-packages/airflow/example_dags/example_workday_timetable.py
[2024-11-01T15:52:37.280+0000] {processor.py:925} INFO - DAG(s) 'example_workday_timetable' retrieved from /home/airflow/.local/lib/python3.12/site-packages/airflow/example_dags/example_workday_timetable.py
[2024-11-01T15:52:37.294+0000] {logging_mixin.py:190} INFO - [2024-11-01T15:52:37.294+0000] {dag.py:3239} INFO - Sync 1 DAGs
[2024-11-01T15:52:37.371+0000] {logging_mixin.py:190} INFO - [2024-11-01T15:52:37.371+0000] {dag.py:4180} INFO - Setting next_dagrun for example_workday_timetable to 2021-01-04 00:00:00+00:00, run_after=2021-01-05 00:00:00+00:00
[2024-11-01T15:52:37.388+0000] {processor.py:208} INFO - Processing /home/airflow/.local/lib/python3.12/site-packages/airflow/example_dags/example_workday_timetable.py took 0.118 seconds
[2024-11-01T15:53:07.558+0000] {processor.py:186} INFO - Started process (PID=602) to work on /home/airflow/.local/lib/python3.12/site-packages/airflow/example_dags/example_workday_timetable.py
[2024-11-01T15:53:07.559+0000] {processor.py:914} INFO - Processing file /home/airflow/.local/lib/python3.12/site-packages/airflow/example_dags/example_workday_timetable.py for tasks to queue
[2024-11-01T15:53:07.560+0000] {logging_mixin.py:190} INFO - [2024-11-01T15:53:07.560+0000] {dagbag.py:588} INFO - Filling up the DagBag from /home/airflow/.local/lib/python3.12/site-packages/airflow/example_dags/example_workday_timetable.py
[2024-11-01T15:53:07.564+0000] {processor.py:925} INFO - DAG(s) 'example_workday_timetable' retrieved from /home/airflow/.local/lib/python3.12/site-packages/airflow/example_dags/example_workday_timetable.py
[2024-11-01T15:53:07.577+0000] {logging_mixin.py:190} INFO - [2024-11-01T15:53:07.577+0000] {dag.py:3239} INFO - Sync 1 DAGs
[2024-11-01T15:53:07.652+0000] {logging_mixin.py:190} INFO - [2024-11-01T15:53:07.652+0000] {dag.py:4180} INFO - Setting next_dagrun for example_workday_timetable to 2021-01-04 00:00:00+00:00, run_after=2021-01-05 00:00:00+00:00
[2024-11-01T15:53:07.667+0000] {processor.py:208} INFO - Processing /home/airflow/.local/lib/python3.12/site-packages/airflow/example_dags/example_workday_timetable.py took 0.113 seconds
[2024-11-01T15:53:37.783+0000] {processor.py:186} INFO - Started process (PID=668) to work on /home/airflow/.local/lib/python3.12/site-packages/airflow/example_dags/example_workday_timetable.py
[2024-11-01T15:53:37.783+0000] {processor.py:914} INFO - Processing file /home/airflow/.local/lib/python3.12/site-packages/airflow/example_dags/example_workday_timetable.py for tasks to queue
[2024-11-01T15:53:37.785+0000] {logging_mixin.py:190} INFO - [2024-11-01T15:53:37.785+0000] {dagbag.py:588} INFO - Filling up the DagBag from /home/airflow/.local/lib/python3.12/site-packages/airflow/example_dags/example_workday_timetable.py
[2024-11-01T15:53:37.789+0000] {processor.py:925} INFO - DAG(s) 'example_workday_timetable' retrieved from /home/airflow/.local/lib/python3.12/site-packages/airflow/example_dags/example_workday_timetable.py
[2024-11-01T15:53:37.803+0000] {logging_mixin.py:190} INFO - [2024-11-01T15:53:37.803+0000] {dag.py:3239} INFO - Sync 1 DAGs
[2024-11-01T15:53:37.893+0000] {logging_mixin.py:190} INFO - [2024-11-01T15:53:37.893+0000] {dag.py:4180} INFO - Setting next_dagrun for example_workday_timetable to 2021-01-04 00:00:00+00:00, run_after=2021-01-05 00:00:00+00:00
[2024-11-01T15:53:37.909+0000] {processor.py:208} INFO - Processing /home/airflow/.local/lib/python3.12/site-packages/airflow/example_dags/example_workday_timetable.py took 0.131 seconds
[2024-11-01T15:54:08.046+0000] {processor.py:186} INFO - Started process (PID=734) to work on /home/airflow/.local/lib/python3.12/site-packages/airflow/example_dags/example_workday_timetable.py
[2024-11-01T15:54:08.047+0000] {processor.py:914} INFO - Processing file /home/airflow/.local/lib/python3.12/site-packages/airflow/example_dags/example_workday_timetable.py for tasks to queue
[2024-11-01T15:54:08.048+0000] {logging_mixin.py:190} INFO - [2024-11-01T15:54:08.048+0000] {dagbag.py:588} INFO - Filling up the DagBag from /home/airflow/.local/lib/python3.12/site-packages/airflow/example_dags/example_workday_timetable.py
[2024-11-01T15:54:08.052+0000] {processor.py:925} INFO - DAG(s) 'example_workday_timetable' retrieved from /home/airflow/.local/lib/python3.12/site-packages/airflow/example_dags/example_workday_timetable.py
[2024-11-01T15:54:08.065+0000] {logging_mixin.py:190} INFO - [2024-11-01T15:54:08.065+0000] {dag.py:3239} INFO - Sync 1 DAGs
[2024-11-01T15:54:08.142+0000] {logging_mixin.py:190} INFO - [2024-11-01T15:54:08.141+0000] {dag.py:4180} INFO - Setting next_dagrun for example_workday_timetable to 2021-01-04 00:00:00+00:00, run_after=2021-01-05 00:00:00+00:00
[2024-11-01T15:54:08.157+0000] {processor.py:208} INFO - Processing /home/airflow/.local/lib/python3.12/site-packages/airflow/example_dags/example_workday_timetable.py took 0.115 seconds
[2024-11-01T15:54:39.079+0000] {processor.py:186} INFO - Started process (PID=800) to work on /home/airflow/.local/lib/python3.12/site-packages/airflow/example_dags/example_workday_timetable.py
[2024-11-01T15:54:39.080+0000] {processor.py:914} INFO - Processing file /home/airflow/.local/lib/python3.12/site-packages/airflow/example_dags/example_workday_timetable.py for tasks to queue
[2024-11-01T15:54:39.082+0000] {logging_mixin.py:190} INFO - [2024-11-01T15:54:39.081+0000] {dagbag.py:588} INFO - Filling up the DagBag from /home/airflow/.local/lib/python3.12/site-packages/airflow/example_dags/example_workday_timetable.py
[2024-11-01T15:54:39.086+0000] {processor.py:925} INFO - DAG(s) 'example_workday_timetable' retrieved from /home/airflow/.local/lib/python3.12/site-packages/airflow/example_dags/example_workday_timetable.py
[2024-11-01T15:54:39.099+0000] {logging_mixin.py:190} INFO - [2024-11-01T15:54:39.099+0000] {dag.py:3239} INFO - Sync 1 DAGs
[2024-11-01T15:54:39.177+0000] {logging_mixin.py:190} INFO - [2024-11-01T15:54:39.177+0000] {dag.py:4180} INFO - Setting next_dagrun for example_workday_timetable to 2021-01-04 00:00:00+00:00, run_after=2021-01-05 00:00:00+00:00
[2024-11-01T15:54:39.192+0000] {processor.py:208} INFO - Processing /home/airflow/.local/lib/python3.12/site-packages/airflow/example_dags/example_workday_timetable.py took 0.117 seconds
[2024-11-01T15:55:09.394+0000] {processor.py:186} INFO - Started process (PID=866) to work on /home/airflow/.local/lib/python3.12/site-packages/airflow/example_dags/example_workday_timetable.py
[2024-11-01T15:55:09.395+0000] {processor.py:914} INFO - Processing file /home/airflow/.local/lib/python3.12/site-packages/airflow/example_dags/example_workday_timetable.py for tasks to queue
[2024-11-01T15:55:09.396+0000] {logging_mixin.py:190} INFO - [2024-11-01T15:55:09.396+0000] {dagbag.py:588} INFO - Filling up the DagBag from /home/airflow/.local/lib/python3.12/site-packages/airflow/example_dags/example_workday_timetable.py
[2024-11-01T15:55:09.400+0000] {processor.py:925} INFO - DAG(s) 'example_workday_timetable' retrieved from /home/airflow/.local/lib/python3.12/site-packages/airflow/example_dags/example_workday_timetable.py
[2024-11-01T15:55:09.414+0000] {logging_mixin.py:190} INFO - [2024-11-01T15:55:09.414+0000] {dag.py:3239} INFO - Sync 1 DAGs
[2024-11-01T15:55:09.489+0000] {logging_mixin.py:190} INFO - [2024-11-01T15:55:09.489+0000] {dag.py:4180} INFO - Setting next_dagrun for example_workday_timetable to 2021-01-04 00:00:00+00:00, run_after=2021-01-05 00:00:00+00:00
[2024-11-01T15:55:09.503+0000] {processor.py:208} INFO - Processing /home/airflow/.local/lib/python3.12/site-packages/airflow/example_dags/example_workday_timetable.py took 0.114 seconds
[2024-11-01T15:55:39.628+0000] {processor.py:186} INFO - Started process (PID=932) to work on /home/airflow/.local/lib/python3.12/site-packages/airflow/example_dags/example_workday_timetable.py
[2024-11-01T15:55:39.629+0000] {processor.py:914} INFO - Processing file /home/airflow/.local/lib/python3.12/site-packages/airflow/example_dags/example_workday_timetable.py for tasks to queue
[2024-11-01T15:55:39.631+0000] {logging_mixin.py:190} INFO - [2024-11-01T15:55:39.630+0000] {dagbag.py:588} INFO - Filling up the DagBag from /home/airflow/.local/lib/python3.12/site-packages/airflow/example_dags/example_workday_timetable.py
[2024-11-01T15:55:39.635+0000] {processor.py:925} INFO - DAG(s) 'example_workday_timetable' retrieved from /home/airflow/.local/lib/python3.12/site-packages/airflow/example_dags/example_workday_timetable.py
[2024-11-01T15:55:39.649+0000] {logging_mixin.py:190} INFO - [2024-11-01T15:55:39.649+0000] {dag.py:3239} INFO - Sync 1 DAGs
[2024-11-01T15:55:39.741+0000] {logging_mixin.py:190} INFO - [2024-11-01T15:55:39.741+0000] {dag.py:4180} INFO - Setting next_dagrun for example_workday_timetable to 2021-01-04 00:00:00+00:00, run_after=2021-01-05 00:00:00+00:00
[2024-11-01T15:55:39.756+0000] {processor.py:208} INFO - Processing /home/airflow/.local/lib/python3.12/site-packages/airflow/example_dags/example_workday_timetable.py took 0.132 seconds
[2024-11-01T15:56:09.949+0000] {processor.py:186} INFO - Started process (PID=998) to work on /home/airflow/.local/lib/python3.12/site-packages/airflow/example_dags/example_workday_timetable.py
[2024-11-01T15:56:09.950+0000] {processor.py:914} INFO - Processing file /home/airflow/.local/lib/python3.12/site-packages/airflow/example_dags/example_workday_timetable.py for tasks to queue
[2024-11-01T15:56:09.952+0000] {logging_mixin.py:190} INFO - [2024-11-01T15:56:09.951+0000] {dagbag.py:588} INFO - Filling up the DagBag from /home/airflow/.local/lib/python3.12/site-packages/airflow/example_dags/example_workday_timetable.py
[2024-11-01T15:56:09.956+0000] {processor.py:925} INFO - DAG(s) 'example_workday_timetable' retrieved from /home/airflow/.local/lib/python3.12/site-packages/airflow/example_dags/example_workday_timetable.py
[2024-11-01T15:56:09.971+0000] {logging_mixin.py:190} INFO - [2024-11-01T15:56:09.971+0000] {dag.py:3239} INFO - Sync 1 DAGs
[2024-11-01T15:56:10.042+0000] {logging_mixin.py:190} INFO - [2024-11-01T15:56:10.042+0000] {dag.py:4180} INFO - Setting next_dagrun for example_workday_timetable to 2021-01-04 00:00:00+00:00, run_after=2021-01-05 00:00:00+00:00
[2024-11-01T15:56:10.057+0000] {processor.py:208} INFO - Processing /home/airflow/.local/lib/python3.12/site-packages/airflow/example_dags/example_workday_timetable.py took 0.115 seconds
[2024-11-01T15:56:40.338+0000] {processor.py:186} INFO - Started process (PID=1064) to work on /home/airflow/.local/lib/python3.12/site-packages/airflow/example_dags/example_workday_timetable.py
[2024-11-01T15:56:40.338+0000] {processor.py:914} INFO - Processing file /home/airflow/.local/lib/python3.12/site-packages/airflow/example_dags/example_workday_timetable.py for tasks to queue
[2024-11-01T15:56:40.340+0000] {logging_mixin.py:190} INFO - [2024-11-01T15:56:40.340+0000] {dagbag.py:588} INFO - Filling up the DagBag from /home/airflow/.local/lib/python3.12/site-packages/airflow/example_dags/example_workday_timetable.py
[2024-11-01T15:56:40.344+0000] {processor.py:925} INFO - DAG(s) 'example_workday_timetable' retrieved from /home/airflow/.local/lib/python3.12/site-packages/airflow/example_dags/example_workday_timetable.py
[2024-11-01T15:56:40.358+0000] {logging_mixin.py:190} INFO - [2024-11-01T15:56:40.357+0000] {dag.py:3239} INFO - Sync 1 DAGs
[2024-11-01T15:56:40.432+0000] {logging_mixin.py:190} INFO - [2024-11-01T15:56:40.431+0000] {dag.py:4180} INFO - Setting next_dagrun for example_workday_timetable to 2021-01-04 00:00:00+00:00, run_after=2021-01-05 00:00:00+00:00
[2024-11-01T15:56:40.446+0000] {processor.py:208} INFO - Processing /home/airflow/.local/lib/python3.12/site-packages/airflow/example_dags/example_workday_timetable.py took 0.112 seconds
[2024-11-01T15:57:10.967+0000] {processor.py:186} INFO - Started process (PID=1130) to work on /home/airflow/.local/lib/python3.12/site-packages/airflow/example_dags/example_workday_timetable.py
[2024-11-01T15:57:10.967+0000] {processor.py:914} INFO - Processing file /home/airflow/.local/lib/python3.12/site-packages/airflow/example_dags/example_workday_timetable.py for tasks to queue
[2024-11-01T15:57:10.969+0000] {logging_mixin.py:190} INFO - [2024-11-01T15:57:10.969+0000] {dagbag.py:588} INFO - Filling up the DagBag from /home/airflow/.local/lib/python3.12/site-packages/airflow/example_dags/example_workday_timetable.py
[2024-11-01T15:57:10.974+0000] {processor.py:925} INFO - DAG(s) 'example_workday_timetable' retrieved from /home/airflow/.local/lib/python3.12/site-packages/airflow/example_dags/example_workday_timetable.py
[2024-11-01T15:57:10.998+0000] {logging_mixin.py:190} INFO - [2024-11-01T15:57:10.998+0000] {dag.py:3239} INFO - Sync 1 DAGs
[2024-11-01T15:57:11.124+0000] {logging_mixin.py:190} INFO - [2024-11-01T15:57:11.124+0000] {dag.py:4180} INFO - Setting next_dagrun for example_workday_timetable to 2021-01-04 00:00:00+00:00, run_after=2021-01-05 00:00:00+00:00
[2024-11-01T15:57:11.152+0000] {processor.py:208} INFO - Processing /home/airflow/.local/lib/python3.12/site-packages/airflow/example_dags/example_workday_timetable.py took 0.190 seconds
[2024-11-01T15:57:41.866+0000] {processor.py:186} INFO - Started process (PID=1196) to work on /home/airflow/.local/lib/python3.12/site-packages/airflow/example_dags/example_workday_timetable.py
[2024-11-01T15:57:41.867+0000] {processor.py:914} INFO - Processing file /home/airflow/.local/lib/python3.12/site-packages/airflow/example_dags/example_workday_timetable.py for tasks to queue
[2024-11-01T15:57:41.868+0000] {logging_mixin.py:190} INFO - [2024-11-01T15:57:41.868+0000] {dagbag.py:588} INFO - Filling up the DagBag from /home/airflow/.local/lib/python3.12/site-packages/airflow/example_dags/example_workday_timetable.py
[2024-11-01T15:57:41.875+0000] {processor.py:925} INFO - DAG(s) 'example_workday_timetable' retrieved from /home/airflow/.local/lib/python3.12/site-packages/airflow/example_dags/example_workday_timetable.py
[2024-11-01T15:57:41.889+0000] {logging_mixin.py:190} INFO - [2024-11-01T15:57:41.889+0000] {dag.py:3239} INFO - Sync 1 DAGs
[2024-11-01T15:57:41.963+0000] {logging_mixin.py:190} INFO - [2024-11-01T15:57:41.963+0000] {dag.py:4180} INFO - Setting next_dagrun for example_workday_timetable to 2021-01-04 00:00:00+00:00, run_after=2021-01-05 00:00:00+00:00
[2024-11-01T15:57:41.984+0000] {processor.py:208} INFO - Processing /home/airflow/.local/lib/python3.12/site-packages/airflow/example_dags/example_workday_timetable.py took 0.122 seconds
[2024-11-01T15:58:12.014+0000] {processor.py:186} INFO - Started process (PID=1261) to work on /home/airflow/.local/lib/python3.12/site-packages/airflow/example_dags/example_workday_timetable.py
[2024-11-01T15:58:12.014+0000] {processor.py:914} INFO - Processing file /home/airflow/.local/lib/python3.12/site-packages/airflow/example_dags/example_workday_timetable.py for tasks to queue
[2024-11-01T15:58:12.016+0000] {logging_mixin.py:190} INFO - [2024-11-01T15:58:12.015+0000] {dagbag.py:588} INFO - Filling up the DagBag from /home/airflow/.local/lib/python3.12/site-packages/airflow/example_dags/example_workday_timetable.py
[2024-11-01T15:58:12.020+0000] {processor.py:925} INFO - DAG(s) 'example_workday_timetable' retrieved from /home/airflow/.local/lib/python3.12/site-packages/airflow/example_dags/example_workday_timetable.py
[2024-11-01T15:58:12.032+0000] {logging_mixin.py:190} INFO - [2024-11-01T15:58:12.032+0000] {dag.py:3239} INFO - Sync 1 DAGs
[2024-11-01T15:58:12.077+0000] {logging_mixin.py:190} INFO - [2024-11-01T15:58:12.077+0000] {dag.py:4180} INFO - Setting next_dagrun for example_workday_timetable to 2021-01-04 00:00:00+00:00, run_after=2021-01-05 00:00:00+00:00
[2024-11-01T15:58:12.091+0000] {processor.py:208} INFO - Processing /home/airflow/.local/lib/python3.12/site-packages/airflow/example_dags/example_workday_timetable.py took 0.081 seconds
[2024-11-01T15:58:42.722+0000] {processor.py:186} INFO - Started process (PID=1327) to work on /home/airflow/.local/lib/python3.12/site-packages/airflow/example_dags/example_workday_timetable.py
[2024-11-01T15:58:42.722+0000] {processor.py:914} INFO - Processing file /home/airflow/.local/lib/python3.12/site-packages/airflow/example_dags/example_workday_timetable.py for tasks to queue
[2024-11-01T15:58:42.724+0000] {logging_mixin.py:190} INFO - [2024-11-01T15:58:42.724+0000] {dagbag.py:588} INFO - Filling up the DagBag from /home/airflow/.local/lib/python3.12/site-packages/airflow/example_dags/example_workday_timetable.py
[2024-11-01T15:58:42.728+0000] {processor.py:925} INFO - DAG(s) 'example_workday_timetable' retrieved from /home/airflow/.local/lib/python3.12/site-packages/airflow/example_dags/example_workday_timetable.py
[2024-11-01T15:58:42.745+0000] {logging_mixin.py:190} INFO - [2024-11-01T15:58:42.745+0000] {dag.py:3239} INFO - Sync 1 DAGs
[2024-11-01T15:58:42.824+0000] {logging_mixin.py:190} INFO - [2024-11-01T15:58:42.823+0000] {dag.py:4180} INFO - Setting next_dagrun for example_workday_timetable to 2021-01-04 00:00:00+00:00, run_after=2021-01-05 00:00:00+00:00
[2024-11-01T15:58:42.840+0000] {processor.py:208} INFO - Processing /home/airflow/.local/lib/python3.12/site-packages/airflow/example_dags/example_workday_timetable.py took 0.122 seconds
[2024-11-01T15:59:13.492+0000] {processor.py:186} INFO - Started process (PID=1393) to work on /home/airflow/.local/lib/python3.12/site-packages/airflow/example_dags/example_workday_timetable.py
[2024-11-01T15:59:13.492+0000] {processor.py:914} INFO - Processing file /home/airflow/.local/lib/python3.12/site-packages/airflow/example_dags/example_workday_timetable.py for tasks to queue
[2024-11-01T15:59:13.494+0000] {logging_mixin.py:190} INFO - [2024-11-01T15:59:13.494+0000] {dagbag.py:588} INFO - Filling up the DagBag from /home/airflow/.local/lib/python3.12/site-packages/airflow/example_dags/example_workday_timetable.py
[2024-11-01T15:59:13.498+0000] {processor.py:925} INFO - DAG(s) 'example_workday_timetable' retrieved from /home/airflow/.local/lib/python3.12/site-packages/airflow/example_dags/example_workday_timetable.py
[2024-11-01T15:59:13.514+0000] {logging_mixin.py:190} INFO - [2024-11-01T15:59:13.514+0000] {dag.py:3239} INFO - Sync 1 DAGs
[2024-11-01T15:59:13.580+0000] {logging_mixin.py:190} INFO - [2024-11-01T15:59:13.580+0000] {dag.py:4180} INFO - Setting next_dagrun for example_workday_timetable to 2021-01-04 00:00:00+00:00, run_after=2021-01-05 00:00:00+00:00
[2024-11-01T15:59:13.607+0000] {processor.py:208} INFO - Processing /home/airflow/.local/lib/python3.12/site-packages/airflow/example_dags/example_workday_timetable.py took 0.121 seconds
[2024-11-01T15:59:44.598+0000] {processor.py:186} INFO - Started process (PID=1459) to work on /home/airflow/.local/lib/python3.12/site-packages/airflow/example_dags/example_workday_timetable.py
[2024-11-01T15:59:44.598+0000] {processor.py:914} INFO - Processing file /home/airflow/.local/lib/python3.12/site-packages/airflow/example_dags/example_workday_timetable.py for tasks to queue
[2024-11-01T15:59:44.601+0000] {logging_mixin.py:190} INFO - [2024-11-01T15:59:44.600+0000] {dagbag.py:588} INFO - Filling up the DagBag from /home/airflow/.local/lib/python3.12/site-packages/airflow/example_dags/example_workday_timetable.py
[2024-11-01T15:59:44.606+0000] {processor.py:925} INFO - DAG(s) 'example_workday_timetable' retrieved from /home/airflow/.local/lib/python3.12/site-packages/airflow/example_dags/example_workday_timetable.py
[2024-11-01T15:59:44.623+0000] {logging_mixin.py:190} INFO - [2024-11-01T15:59:44.623+0000] {dag.py:3239} INFO - Sync 1 DAGs
[2024-11-01T15:59:44.678+0000] {logging_mixin.py:190} INFO - [2024-11-01T15:59:44.678+0000] {dag.py:4180} INFO - Setting next_dagrun for example_workday_timetable to 2021-01-04 00:00:00+00:00, run_after=2021-01-05 00:00:00+00:00
[2024-11-01T15:59:44.693+0000] {processor.py:208} INFO - Processing /home/airflow/.local/lib/python3.12/site-packages/airflow/example_dags/example_workday_timetable.py took 0.100 seconds
[2024-11-01T16:00:15.237+0000] {processor.py:186} INFO - Started process (PID=1525) to work on /home/airflow/.local/lib/python3.12/site-packages/airflow/example_dags/example_workday_timetable.py
[2024-11-01T16:00:15.238+0000] {processor.py:914} INFO - Processing file /home/airflow/.local/lib/python3.12/site-packages/airflow/example_dags/example_workday_timetable.py for tasks to queue
[2024-11-01T16:00:15.240+0000] {logging_mixin.py:190} INFO - [2024-11-01T16:00:15.239+0000] {dagbag.py:588} INFO - Filling up the DagBag from /home/airflow/.local/lib/python3.12/site-packages/airflow/example_dags/example_workday_timetable.py
[2024-11-01T16:00:15.244+0000] {processor.py:925} INFO - DAG(s) 'example_workday_timetable' retrieved from /home/airflow/.local/lib/python3.12/site-packages/airflow/example_dags/example_workday_timetable.py
[2024-11-01T16:00:15.262+0000] {logging_mixin.py:190} INFO - [2024-11-01T16:00:15.261+0000] {dag.py:3239} INFO - Sync 1 DAGs
[2024-11-01T16:00:15.314+0000] {logging_mixin.py:190} INFO - [2024-11-01T16:00:15.314+0000] {dag.py:4180} INFO - Setting next_dagrun for example_workday_timetable to 2021-01-04 00:00:00+00:00, run_after=2021-01-05 00:00:00+00:00
[2024-11-01T16:00:15.331+0000] {processor.py:208} INFO - Processing /home/airflow/.local/lib/python3.12/site-packages/airflow/example_dags/example_workday_timetable.py took 0.099 seconds
[2024-11-01T16:00:45.665+0000] {processor.py:186} INFO - Started process (PID=1591) to work on /home/airflow/.local/lib/python3.12/site-packages/airflow/example_dags/example_workday_timetable.py
[2024-11-01T16:00:45.666+0000] {processor.py:914} INFO - Processing file /home/airflow/.local/lib/python3.12/site-packages/airflow/example_dags/example_workday_timetable.py for tasks to queue
[2024-11-01T16:00:45.667+0000] {logging_mixin.py:190} INFO - [2024-11-01T16:00:45.667+0000] {dagbag.py:588} INFO - Filling up the DagBag from /home/airflow/.local/lib/python3.12/site-packages/airflow/example_dags/example_workday_timetable.py
[2024-11-01T16:00:45.671+0000] {processor.py:925} INFO - DAG(s) 'example_workday_timetable' retrieved from /home/airflow/.local/lib/python3.12/site-packages/airflow/example_dags/example_workday_timetable.py
[2024-11-01T16:00:45.684+0000] {logging_mixin.py:190} INFO - [2024-11-01T16:00:45.684+0000] {dag.py:3239} INFO - Sync 1 DAGs
[2024-11-01T16:00:45.728+0000] {logging_mixin.py:190} INFO - [2024-11-01T16:00:45.728+0000] {dag.py:4180} INFO - Setting next_dagrun for example_workday_timetable to 2021-01-04 00:00:00+00:00, run_after=2021-01-05 00:00:00+00:00
[2024-11-01T16:00:45.743+0000] {processor.py:208} INFO - Processing /home/airflow/.local/lib/python3.12/site-packages/airflow/example_dags/example_workday_timetable.py took 0.082 seconds
[2024-11-01T16:01:15.804+0000] {processor.py:186} INFO - Started process (PID=1657) to work on /home/airflow/.local/lib/python3.12/site-packages/airflow/example_dags/example_workday_timetable.py
[2024-11-01T16:01:15.805+0000] {processor.py:914} INFO - Processing file /home/airflow/.local/lib/python3.12/site-packages/airflow/example_dags/example_workday_timetable.py for tasks to queue
[2024-11-01T16:01:15.806+0000] {logging_mixin.py:190} INFO - [2024-11-01T16:01:15.806+0000] {dagbag.py:588} INFO - Filling up the DagBag from /home/airflow/.local/lib/python3.12/site-packages/airflow/example_dags/example_workday_timetable.py
[2024-11-01T16:01:15.810+0000] {processor.py:925} INFO - DAG(s) 'example_workday_timetable' retrieved from /home/airflow/.local/lib/python3.12/site-packages/airflow/example_dags/example_workday_timetable.py
[2024-11-01T16:01:15.824+0000] {logging_mixin.py:190} INFO - [2024-11-01T16:01:15.824+0000] {dag.py:3239} INFO - Sync 1 DAGs
[2024-11-01T16:01:15.870+0000] {logging_mixin.py:190} INFO - [2024-11-01T16:01:15.869+0000] {dag.py:4180} INFO - Setting next_dagrun for example_workday_timetable to 2021-01-04 00:00:00+00:00, run_after=2021-01-05 00:00:00+00:00
[2024-11-01T16:01:15.882+0000] {processor.py:208} INFO - Processing /home/airflow/.local/lib/python3.12/site-packages/airflow/example_dags/example_workday_timetable.py took 0.083 seconds
[2024-11-01T16:01:45.936+0000] {processor.py:186} INFO - Started process (PID=1723) to work on /home/airflow/.local/lib/python3.12/site-packages/airflow/example_dags/example_workday_timetable.py
[2024-11-01T16:01:45.937+0000] {processor.py:914} INFO - Processing file /home/airflow/.local/lib/python3.12/site-packages/airflow/example_dags/example_workday_timetable.py for tasks to queue
[2024-11-01T16:01:45.939+0000] {logging_mixin.py:190} INFO - [2024-11-01T16:01:45.939+0000] {dagbag.py:588} INFO - Filling up the DagBag from /home/airflow/.local/lib/python3.12/site-packages/airflow/example_dags/example_workday_timetable.py
[2024-11-01T16:01:45.945+0000] {processor.py:925} INFO - DAG(s) 'example_workday_timetable' retrieved from /home/airflow/.local/lib/python3.12/site-packages/airflow/example_dags/example_workday_timetable.py
[2024-11-01T16:01:45.960+0000] {logging_mixin.py:190} INFO - [2024-11-01T16:01:45.959+0000] {dag.py:3239} INFO - Sync 1 DAGs
[2024-11-01T16:01:46.007+0000] {logging_mixin.py:190} INFO - [2024-11-01T16:01:46.007+0000] {dag.py:4180} INFO - Setting next_dagrun for example_workday_timetable to 2021-01-04 00:00:00+00:00, run_after=2021-01-05 00:00:00+00:00
[2024-11-01T16:01:46.023+0000] {processor.py:208} INFO - Processing /home/airflow/.local/lib/python3.12/site-packages/airflow/example_dags/example_workday_timetable.py took 0.091 seconds
[2024-11-01T16:02:16.510+0000] {processor.py:186} INFO - Started process (PID=1789) to work on /home/airflow/.local/lib/python3.12/site-packages/airflow/example_dags/example_workday_timetable.py
[2024-11-01T16:02:16.512+0000] {processor.py:914} INFO - Processing file /home/airflow/.local/lib/python3.12/site-packages/airflow/example_dags/example_workday_timetable.py for tasks to queue
[2024-11-01T16:02:16.516+0000] {logging_mixin.py:190} INFO - [2024-11-01T16:02:16.516+0000] {dagbag.py:588} INFO - Filling up the DagBag from /home/airflow/.local/lib/python3.12/site-packages/airflow/example_dags/example_workday_timetable.py
[2024-11-01T16:02:16.523+0000] {processor.py:925} INFO - DAG(s) 'example_workday_timetable' retrieved from /home/airflow/.local/lib/python3.12/site-packages/airflow/example_dags/example_workday_timetable.py
[2024-11-01T16:02:16.543+0000] {logging_mixin.py:190} INFO - [2024-11-01T16:02:16.543+0000] {dag.py:3239} INFO - Sync 1 DAGs
[2024-11-01T16:02:16.616+0000] {logging_mixin.py:190} INFO - [2024-11-01T16:02:16.616+0000] {dag.py:4180} INFO - Setting next_dagrun for example_workday_timetable to 2021-01-04 00:00:00+00:00, run_after=2021-01-05 00:00:00+00:00
[2024-11-01T16:02:16.631+0000] {processor.py:208} INFO - Processing /home/airflow/.local/lib/python3.12/site-packages/airflow/example_dags/example_workday_timetable.py took 0.129 seconds
[2024-11-01T16:03:48.146+0000] {processor.py:186} INFO - Started process (PID=1857) to work on /home/airflow/.local/lib/python3.12/site-packages/airflow/example_dags/example_workday_timetable.py
[2024-11-01T16:03:48.147+0000] {processor.py:914} INFO - Processing file /home/airflow/.local/lib/python3.12/site-packages/airflow/example_dags/example_workday_timetable.py for tasks to queue
[2024-11-01T16:03:48.150+0000] {logging_mixin.py:190} INFO - [2024-11-01T16:03:48.150+0000] {dagbag.py:588} INFO - Filling up the DagBag from /home/airflow/.local/lib/python3.12/site-packages/airflow/example_dags/example_workday_timetable.py
[2024-11-01T16:03:48.163+0000] {processor.py:925} INFO - DAG(s) 'example_workday_timetable' retrieved from /home/airflow/.local/lib/python3.12/site-packages/airflow/example_dags/example_workday_timetable.py
[2024-11-01T16:03:48.195+0000] {logging_mixin.py:190} INFO - [2024-11-01T16:03:48.195+0000] {dag.py:3239} INFO - Sync 1 DAGs
[2024-11-01T16:03:48.346+0000] {logging_mixin.py:190} INFO - [2024-11-01T16:03:48.346+0000] {dag.py:4180} INFO - Setting next_dagrun for example_workday_timetable to 2021-01-04 00:00:00+00:00, run_after=2021-01-05 00:00:00+00:00
[2024-11-01T16:03:48.373+0000] {processor.py:208} INFO - Processing /home/airflow/.local/lib/python3.12/site-packages/airflow/example_dags/example_workday_timetable.py took 0.239 seconds
[2024-11-01T16:04:18.535+0000] {processor.py:186} INFO - Started process (PID=1922) to work on /home/airflow/.local/lib/python3.12/site-packages/airflow/example_dags/example_workday_timetable.py
[2024-11-01T16:04:18.537+0000] {processor.py:914} INFO - Processing file /home/airflow/.local/lib/python3.12/site-packages/airflow/example_dags/example_workday_timetable.py for tasks to queue
[2024-11-01T16:04:18.539+0000] {logging_mixin.py:190} INFO - [2024-11-01T16:04:18.539+0000] {dagbag.py:588} INFO - Filling up the DagBag from /home/airflow/.local/lib/python3.12/site-packages/airflow/example_dags/example_workday_timetable.py
[2024-11-01T16:04:18.547+0000] {processor.py:925} INFO - DAG(s) 'example_workday_timetable' retrieved from /home/airflow/.local/lib/python3.12/site-packages/airflow/example_dags/example_workday_timetable.py
[2024-11-01T16:04:18.577+0000] {logging_mixin.py:190} INFO - [2024-11-01T16:04:18.576+0000] {dag.py:3239} INFO - Sync 1 DAGs
[2024-11-01T16:04:18.686+0000] {logging_mixin.py:190} INFO - [2024-11-01T16:04:18.685+0000] {dag.py:4180} INFO - Setting next_dagrun for example_workday_timetable to 2021-01-04 00:00:00+00:00, run_after=2021-01-05 00:00:00+00:00
[2024-11-01T16:04:18.721+0000] {processor.py:208} INFO - Processing /home/airflow/.local/lib/python3.12/site-packages/airflow/example_dags/example_workday_timetable.py took 0.194 seconds
[2024-11-01T16:04:49.357+0000] {processor.py:186} INFO - Started process (PID=1988) to work on /home/airflow/.local/lib/python3.12/site-packages/airflow/example_dags/example_workday_timetable.py
[2024-11-01T16:04:49.357+0000] {processor.py:914} INFO - Processing file /home/airflow/.local/lib/python3.12/site-packages/airflow/example_dags/example_workday_timetable.py for tasks to queue
[2024-11-01T16:04:49.359+0000] {logging_mixin.py:190} INFO - [2024-11-01T16:04:49.359+0000] {dagbag.py:588} INFO - Filling up the DagBag from /home/airflow/.local/lib/python3.12/site-packages/airflow/example_dags/example_workday_timetable.py
[2024-11-01T16:04:49.364+0000] {processor.py:925} INFO - DAG(s) 'example_workday_timetable' retrieved from /home/airflow/.local/lib/python3.12/site-packages/airflow/example_dags/example_workday_timetable.py
[2024-11-01T16:04:49.379+0000] {logging_mixin.py:190} INFO - [2024-11-01T16:04:49.379+0000] {dag.py:3239} INFO - Sync 1 DAGs
[2024-11-01T16:04:49.423+0000] {logging_mixin.py:190} INFO - [2024-11-01T16:04:49.423+0000] {dag.py:4180} INFO - Setting next_dagrun for example_workday_timetable to 2021-01-04 00:00:00+00:00, run_after=2021-01-05 00:00:00+00:00
[2024-11-01T16:04:49.438+0000] {processor.py:208} INFO - Processing /home/airflow/.local/lib/python3.12/site-packages/airflow/example_dags/example_workday_timetable.py took 0.086 seconds
[2024-11-01T16:05:20.167+0000] {processor.py:186} INFO - Started process (PID=2054) to work on /home/airflow/.local/lib/python3.12/site-packages/airflow/example_dags/example_workday_timetable.py
[2024-11-01T16:05:20.168+0000] {processor.py:914} INFO - Processing file /home/airflow/.local/lib/python3.12/site-packages/airflow/example_dags/example_workday_timetable.py for tasks to queue
[2024-11-01T16:05:20.171+0000] {logging_mixin.py:190} INFO - [2024-11-01T16:05:20.170+0000] {dagbag.py:588} INFO - Filling up the DagBag from /home/airflow/.local/lib/python3.12/site-packages/airflow/example_dags/example_workday_timetable.py
[2024-11-01T16:05:20.176+0000] {processor.py:925} INFO - DAG(s) 'example_workday_timetable' retrieved from /home/airflow/.local/lib/python3.12/site-packages/airflow/example_dags/example_workday_timetable.py
[2024-11-01T16:05:20.202+0000] {logging_mixin.py:190} INFO - [2024-11-01T16:05:20.202+0000] {dag.py:3239} INFO - Sync 1 DAGs
[2024-11-01T16:05:20.355+0000] {logging_mixin.py:190} INFO - [2024-11-01T16:05:20.355+0000] {dag.py:4180} INFO - Setting next_dagrun for example_workday_timetable to 2021-01-04 00:00:00+00:00, run_after=2021-01-05 00:00:00+00:00
[2024-11-01T16:05:20.388+0000] {processor.py:208} INFO - Processing /home/airflow/.local/lib/python3.12/site-packages/airflow/example_dags/example_workday_timetable.py took 0.227 seconds
[2024-11-01T16:05:50.731+0000] {processor.py:186} INFO - Started process (PID=2120) to work on /home/airflow/.local/lib/python3.12/site-packages/airflow/example_dags/example_workday_timetable.py
[2024-11-01T16:05:50.731+0000] {processor.py:914} INFO - Processing file /home/airflow/.local/lib/python3.12/site-packages/airflow/example_dags/example_workday_timetable.py for tasks to queue
[2024-11-01T16:05:50.733+0000] {logging_mixin.py:190} INFO - [2024-11-01T16:05:50.733+0000] {dagbag.py:588} INFO - Filling up the DagBag from /home/airflow/.local/lib/python3.12/site-packages/airflow/example_dags/example_workday_timetable.py
[2024-11-01T16:05:50.737+0000] {processor.py:925} INFO - DAG(s) 'example_workday_timetable' retrieved from /home/airflow/.local/lib/python3.12/site-packages/airflow/example_dags/example_workday_timetable.py
[2024-11-01T16:05:50.752+0000] {logging_mixin.py:190} INFO - [2024-11-01T16:05:50.751+0000] {dag.py:3239} INFO - Sync 1 DAGs
[2024-11-01T16:05:50.795+0000] {logging_mixin.py:190} INFO - [2024-11-01T16:05:50.795+0000] {dag.py:4180} INFO - Setting next_dagrun for example_workday_timetable to 2021-01-04 00:00:00+00:00, run_after=2021-01-05 00:00:00+00:00
[2024-11-01T16:05:50.809+0000] {processor.py:208} INFO - Processing /home/airflow/.local/lib/python3.12/site-packages/airflow/example_dags/example_workday_timetable.py took 0.083 seconds
[2024-11-01T16:06:21.585+0000] {processor.py:186} INFO - Started process (PID=2186) to work on /home/airflow/.local/lib/python3.12/site-packages/airflow/example_dags/example_workday_timetable.py
[2024-11-01T16:06:21.585+0000] {processor.py:914} INFO - Processing file /home/airflow/.local/lib/python3.12/site-packages/airflow/example_dags/example_workday_timetable.py for tasks to queue
[2024-11-01T16:06:21.587+0000] {logging_mixin.py:190} INFO - [2024-11-01T16:06:21.587+0000] {dagbag.py:588} INFO - Filling up the DagBag from /home/airflow/.local/lib/python3.12/site-packages/airflow/example_dags/example_workday_timetable.py
[2024-11-01T16:06:21.591+0000] {processor.py:925} INFO - DAG(s) 'example_workday_timetable' retrieved from /home/airflow/.local/lib/python3.12/site-packages/airflow/example_dags/example_workday_timetable.py
[2024-11-01T16:06:21.605+0000] {logging_mixin.py:190} INFO - [2024-11-01T16:06:21.605+0000] {dag.py:3239} INFO - Sync 1 DAGs
[2024-11-01T16:06:21.655+0000] {logging_mixin.py:190} INFO - [2024-11-01T16:06:21.655+0000] {dag.py:4180} INFO - Setting next_dagrun for example_workday_timetable to 2021-01-04 00:00:00+00:00, run_after=2021-01-05 00:00:00+00:00
[2024-11-01T16:06:21.673+0000] {processor.py:208} INFO - Processing /home/airflow/.local/lib/python3.12/site-packages/airflow/example_dags/example_workday_timetable.py took 0.092 seconds
[2024-11-01T16:06:51.721+0000] {processor.py:186} INFO - Started process (PID=2252) to work on /home/airflow/.local/lib/python3.12/site-packages/airflow/example_dags/example_workday_timetable.py
[2024-11-01T16:06:51.722+0000] {processor.py:914} INFO - Processing file /home/airflow/.local/lib/python3.12/site-packages/airflow/example_dags/example_workday_timetable.py for tasks to queue
[2024-11-01T16:06:51.723+0000] {logging_mixin.py:190} INFO - [2024-11-01T16:06:51.723+0000] {dagbag.py:588} INFO - Filling up the DagBag from /home/airflow/.local/lib/python3.12/site-packages/airflow/example_dags/example_workday_timetable.py
[2024-11-01T16:06:51.727+0000] {processor.py:925} INFO - DAG(s) 'example_workday_timetable' retrieved from /home/airflow/.local/lib/python3.12/site-packages/airflow/example_dags/example_workday_timetable.py
[2024-11-01T16:06:51.740+0000] {logging_mixin.py:190} INFO - [2024-11-01T16:06:51.739+0000] {dag.py:3239} INFO - Sync 1 DAGs
[2024-11-01T16:06:51.779+0000] {logging_mixin.py:190} INFO - [2024-11-01T16:06:51.778+0000] {dag.py:4180} INFO - Setting next_dagrun for example_workday_timetable to 2021-01-04 00:00:00+00:00, run_after=2021-01-05 00:00:00+00:00
[2024-11-01T16:06:51.793+0000] {processor.py:208} INFO - Processing /home/airflow/.local/lib/python3.12/site-packages/airflow/example_dags/example_workday_timetable.py took 0.075 seconds
[2024-11-01T16:07:22.310+0000] {processor.py:186} INFO - Started process (PID=2318) to work on /home/airflow/.local/lib/python3.12/site-packages/airflow/example_dags/example_workday_timetable.py
[2024-11-01T16:07:22.310+0000] {processor.py:914} INFO - Processing file /home/airflow/.local/lib/python3.12/site-packages/airflow/example_dags/example_workday_timetable.py for tasks to queue
[2024-11-01T16:07:22.312+0000] {logging_mixin.py:190} INFO - [2024-11-01T16:07:22.312+0000] {dagbag.py:588} INFO - Filling up the DagBag from /home/airflow/.local/lib/python3.12/site-packages/airflow/example_dags/example_workday_timetable.py
[2024-11-01T16:07:22.315+0000] {processor.py:925} INFO - DAG(s) 'example_workday_timetable' retrieved from /home/airflow/.local/lib/python3.12/site-packages/airflow/example_dags/example_workday_timetable.py
[2024-11-01T16:07:22.328+0000] {logging_mixin.py:190} INFO - [2024-11-01T16:07:22.328+0000] {dag.py:3239} INFO - Sync 1 DAGs
[2024-11-01T16:07:22.370+0000] {logging_mixin.py:190} INFO - [2024-11-01T16:07:22.370+0000] {dag.py:4180} INFO - Setting next_dagrun for example_workday_timetable to 2021-01-04 00:00:00+00:00, run_after=2021-01-05 00:00:00+00:00
[2024-11-01T16:07:22.384+0000] {processor.py:208} INFO - Processing /home/airflow/.local/lib/python3.12/site-packages/airflow/example_dags/example_workday_timetable.py took 0.078 seconds
[2024-11-01T16:07:52.487+0000] {processor.py:186} INFO - Started process (PID=2384) to work on /home/airflow/.local/lib/python3.12/site-packages/airflow/example_dags/example_workday_timetable.py
[2024-11-01T16:07:52.488+0000] {processor.py:914} INFO - Processing file /home/airflow/.local/lib/python3.12/site-packages/airflow/example_dags/example_workday_timetable.py for tasks to queue
[2024-11-01T16:07:52.491+0000] {logging_mixin.py:190} INFO - [2024-11-01T16:07:52.490+0000] {dagbag.py:588} INFO - Filling up the DagBag from /home/airflow/.local/lib/python3.12/site-packages/airflow/example_dags/example_workday_timetable.py
[2024-11-01T16:07:52.495+0000] {processor.py:925} INFO - DAG(s) 'example_workday_timetable' retrieved from /home/airflow/.local/lib/python3.12/site-packages/airflow/example_dags/example_workday_timetable.py
[2024-11-01T16:07:52.512+0000] {logging_mixin.py:190} INFO - [2024-11-01T16:07:52.512+0000] {dag.py:3239} INFO - Sync 1 DAGs
[2024-11-01T16:07:52.561+0000] {logging_mixin.py:190} INFO - [2024-11-01T16:07:52.561+0000] {dag.py:4180} INFO - Setting next_dagrun for example_workday_timetable to 2021-01-04 00:00:00+00:00, run_after=2021-01-05 00:00:00+00:00
[2024-11-01T16:07:52.580+0000] {processor.py:208} INFO - Processing /home/airflow/.local/lib/python3.12/site-packages/airflow/example_dags/example_workday_timetable.py took 0.099 seconds
[2024-11-01T16:08:22.725+0000] {processor.py:186} INFO - Started process (PID=2450) to work on /home/airflow/.local/lib/python3.12/site-packages/airflow/example_dags/example_workday_timetable.py
[2024-11-01T16:08:22.725+0000] {processor.py:914} INFO - Processing file /home/airflow/.local/lib/python3.12/site-packages/airflow/example_dags/example_workday_timetable.py for tasks to queue
[2024-11-01T16:08:22.727+0000] {logging_mixin.py:190} INFO - [2024-11-01T16:08:22.726+0000] {dagbag.py:588} INFO - Filling up the DagBag from /home/airflow/.local/lib/python3.12/site-packages/airflow/example_dags/example_workday_timetable.py
[2024-11-01T16:08:22.730+0000] {processor.py:925} INFO - DAG(s) 'example_workday_timetable' retrieved from /home/airflow/.local/lib/python3.12/site-packages/airflow/example_dags/example_workday_timetable.py
[2024-11-01T16:08:22.743+0000] {logging_mixin.py:190} INFO - [2024-11-01T16:08:22.743+0000] {dag.py:3239} INFO - Sync 1 DAGs
[2024-11-01T16:08:22.786+0000] {logging_mixin.py:190} INFO - [2024-11-01T16:08:22.786+0000] {dag.py:4180} INFO - Setting next_dagrun for example_workday_timetable to 2021-01-04 00:00:00+00:00, run_after=2021-01-05 00:00:00+00:00
[2024-11-01T16:08:22.801+0000] {processor.py:208} INFO - Processing /home/airflow/.local/lib/python3.12/site-packages/airflow/example_dags/example_workday_timetable.py took 0.080 seconds
[2024-11-01T16:08:53.673+0000] {processor.py:186} INFO - Started process (PID=2516) to work on /home/airflow/.local/lib/python3.12/site-packages/airflow/example_dags/example_workday_timetable.py
[2024-11-01T16:08:53.674+0000] {processor.py:914} INFO - Processing file /home/airflow/.local/lib/python3.12/site-packages/airflow/example_dags/example_workday_timetable.py for tasks to queue
[2024-11-01T16:08:53.675+0000] {logging_mixin.py:190} INFO - [2024-11-01T16:08:53.675+0000] {dagbag.py:588} INFO - Filling up the DagBag from /home/airflow/.local/lib/python3.12/site-packages/airflow/example_dags/example_workday_timetable.py
[2024-11-01T16:08:53.678+0000] {processor.py:925} INFO - DAG(s) 'example_workday_timetable' retrieved from /home/airflow/.local/lib/python3.12/site-packages/airflow/example_dags/example_workday_timetable.py
[2024-11-01T16:08:53.692+0000] {logging_mixin.py:190} INFO - [2024-11-01T16:08:53.692+0000] {dag.py:3239} INFO - Sync 1 DAGs
[2024-11-01T16:08:53.734+0000] {logging_mixin.py:190} INFO - [2024-11-01T16:08:53.734+0000] {dag.py:4180} INFO - Setting next_dagrun for example_workday_timetable to 2021-01-04 00:00:00+00:00, run_after=2021-01-05 00:00:00+00:00
[2024-11-01T16:08:53.749+0000] {processor.py:208} INFO - Processing /home/airflow/.local/lib/python3.12/site-packages/airflow/example_dags/example_workday_timetable.py took 0.080 seconds
[2024-11-01T16:09:24.314+0000] {processor.py:186} INFO - Started process (PID=2582) to work on /home/airflow/.local/lib/python3.12/site-packages/airflow/example_dags/example_workday_timetable.py
[2024-11-01T16:09:24.315+0000] {processor.py:914} INFO - Processing file /home/airflow/.local/lib/python3.12/site-packages/airflow/example_dags/example_workday_timetable.py for tasks to queue
[2024-11-01T16:09:24.316+0000] {logging_mixin.py:190} INFO - [2024-11-01T16:09:24.316+0000] {dagbag.py:588} INFO - Filling up the DagBag from /home/airflow/.local/lib/python3.12/site-packages/airflow/example_dags/example_workday_timetable.py
[2024-11-01T16:09:24.321+0000] {processor.py:925} INFO - DAG(s) 'example_workday_timetable' retrieved from /home/airflow/.local/lib/python3.12/site-packages/airflow/example_dags/example_workday_timetable.py
[2024-11-01T16:09:24.347+0000] {logging_mixin.py:190} INFO - [2024-11-01T16:09:24.347+0000] {dag.py:3239} INFO - Sync 1 DAGs
[2024-11-01T16:09:24.428+0000] {logging_mixin.py:190} INFO - [2024-11-01T16:09:24.427+0000] {dag.py:4180} INFO - Setting next_dagrun for example_workday_timetable to 2021-01-04 00:00:00+00:00, run_after=2021-01-05 00:00:00+00:00
[2024-11-01T16:09:24.460+0000] {processor.py:208} INFO - Processing /home/airflow/.local/lib/python3.12/site-packages/airflow/example_dags/example_workday_timetable.py took 0.151 seconds
[2024-11-01T16:09:54.834+0000] {processor.py:186} INFO - Started process (PID=2648) to work on /home/airflow/.local/lib/python3.12/site-packages/airflow/example_dags/example_workday_timetable.py
[2024-11-01T16:09:54.835+0000] {processor.py:914} INFO - Processing file /home/airflow/.local/lib/python3.12/site-packages/airflow/example_dags/example_workday_timetable.py for tasks to queue
[2024-11-01T16:09:54.837+0000] {logging_mixin.py:190} INFO - [2024-11-01T16:09:54.837+0000] {dagbag.py:588} INFO - Filling up the DagBag from /home/airflow/.local/lib/python3.12/site-packages/airflow/example_dags/example_workday_timetable.py
[2024-11-01T16:09:54.841+0000] {processor.py:925} INFO - DAG(s) 'example_workday_timetable' retrieved from /home/airflow/.local/lib/python3.12/site-packages/airflow/example_dags/example_workday_timetable.py
[2024-11-01T16:09:54.855+0000] {logging_mixin.py:190} INFO - [2024-11-01T16:09:54.854+0000] {dag.py:3239} INFO - Sync 1 DAGs
[2024-11-01T16:09:54.914+0000] {logging_mixin.py:190} INFO - [2024-11-01T16:09:54.914+0000] {dag.py:4180} INFO - Setting next_dagrun for example_workday_timetable to 2021-01-04 00:00:00+00:00, run_after=2021-01-05 00:00:00+00:00
[2024-11-01T16:09:54.936+0000] {processor.py:208} INFO - Processing /home/airflow/.local/lib/python3.12/site-packages/airflow/example_dags/example_workday_timetable.py took 0.106 seconds
[2024-11-01T16:10:25.322+0000] {processor.py:186} INFO - Started process (PID=2714) to work on /home/airflow/.local/lib/python3.12/site-packages/airflow/example_dags/example_workday_timetable.py
[2024-11-01T16:10:25.323+0000] {processor.py:914} INFO - Processing file /home/airflow/.local/lib/python3.12/site-packages/airflow/example_dags/example_workday_timetable.py for tasks to queue
[2024-11-01T16:10:25.325+0000] {logging_mixin.py:190} INFO - [2024-11-01T16:10:25.325+0000] {dagbag.py:588} INFO - Filling up the DagBag from /home/airflow/.local/lib/python3.12/site-packages/airflow/example_dags/example_workday_timetable.py
[2024-11-01T16:10:25.330+0000] {processor.py:925} INFO - DAG(s) 'example_workday_timetable' retrieved from /home/airflow/.local/lib/python3.12/site-packages/airflow/example_dags/example_workday_timetable.py
[2024-11-01T16:10:25.348+0000] {logging_mixin.py:190} INFO - [2024-11-01T16:10:25.348+0000] {dag.py:3239} INFO - Sync 1 DAGs
[2024-11-01T16:10:25.402+0000] {logging_mixin.py:190} INFO - [2024-11-01T16:10:25.401+0000] {dag.py:4180} INFO - Setting next_dagrun for example_workday_timetable to 2021-01-04 00:00:00+00:00, run_after=2021-01-05 00:00:00+00:00
[2024-11-01T16:10:25.424+0000] {processor.py:208} INFO - Processing /home/airflow/.local/lib/python3.12/site-packages/airflow/example_dags/example_workday_timetable.py took 0.107 seconds
[2024-11-01T16:10:56.403+0000] {processor.py:186} INFO - Started process (PID=2780) to work on /home/airflow/.local/lib/python3.12/site-packages/airflow/example_dags/example_workday_timetable.py
[2024-11-01T16:10:56.404+0000] {processor.py:914} INFO - Processing file /home/airflow/.local/lib/python3.12/site-packages/airflow/example_dags/example_workday_timetable.py for tasks to queue
[2024-11-01T16:10:56.409+0000] {logging_mixin.py:190} INFO - [2024-11-01T16:10:56.408+0000] {dagbag.py:588} INFO - Filling up the DagBag from /home/airflow/.local/lib/python3.12/site-packages/airflow/example_dags/example_workday_timetable.py
[2024-11-01T16:10:56.418+0000] {processor.py:925} INFO - DAG(s) 'example_workday_timetable' retrieved from /home/airflow/.local/lib/python3.12/site-packages/airflow/example_dags/example_workday_timetable.py
[2024-11-01T16:10:56.445+0000] {logging_mixin.py:190} INFO - [2024-11-01T16:10:56.444+0000] {dag.py:3239} INFO - Sync 1 DAGs
[2024-11-01T16:10:56.502+0000] {logging_mixin.py:190} INFO - [2024-11-01T16:10:56.502+0000] {dag.py:4180} INFO - Setting next_dagrun for example_workday_timetable to 2021-01-04 00:00:00+00:00, run_after=2021-01-05 00:00:00+00:00
[2024-11-01T16:10:56.529+0000] {processor.py:208} INFO - Processing /home/airflow/.local/lib/python3.12/site-packages/airflow/example_dags/example_workday_timetable.py took 0.133 seconds
[2024-11-01T16:11:26.577+0000] {processor.py:186} INFO - Started process (PID=2845) to work on /home/airflow/.local/lib/python3.12/site-packages/airflow/example_dags/example_workday_timetable.py
[2024-11-01T16:11:26.578+0000] {processor.py:914} INFO - Processing file /home/airflow/.local/lib/python3.12/site-packages/airflow/example_dags/example_workday_timetable.py for tasks to queue
[2024-11-01T16:11:26.581+0000] {logging_mixin.py:190} INFO - [2024-11-01T16:11:26.580+0000] {dagbag.py:588} INFO - Filling up the DagBag from /home/airflow/.local/lib/python3.12/site-packages/airflow/example_dags/example_workday_timetable.py
[2024-11-01T16:11:26.587+0000] {processor.py:925} INFO - DAG(s) 'example_workday_timetable' retrieved from /home/airflow/.local/lib/python3.12/site-packages/airflow/example_dags/example_workday_timetable.py
[2024-11-01T16:11:26.603+0000] {logging_mixin.py:190} INFO - [2024-11-01T16:11:26.603+0000] {dag.py:3239} INFO - Sync 1 DAGs
[2024-11-01T16:11:26.752+0000] {logging_mixin.py:190} INFO - [2024-11-01T16:11:26.752+0000] {dag.py:4180} INFO - Setting next_dagrun for example_workday_timetable to 2021-01-04 00:00:00+00:00, run_after=2021-01-05 00:00:00+00:00
[2024-11-01T16:11:26.781+0000] {processor.py:208} INFO - Processing /home/airflow/.local/lib/python3.12/site-packages/airflow/example_dags/example_workday_timetable.py took 0.211 seconds
[2024-11-01T16:11:56.868+0000] {processor.py:186} INFO - Started process (PID=2911) to work on /home/airflow/.local/lib/python3.12/site-packages/airflow/example_dags/example_workday_timetable.py
[2024-11-01T16:11:56.869+0000] {processor.py:914} INFO - Processing file /home/airflow/.local/lib/python3.12/site-packages/airflow/example_dags/example_workday_timetable.py for tasks to queue
[2024-11-01T16:11:56.872+0000] {logging_mixin.py:190} INFO - [2024-11-01T16:11:56.871+0000] {dagbag.py:588} INFO - Filling up the DagBag from /home/airflow/.local/lib/python3.12/site-packages/airflow/example_dags/example_workday_timetable.py
[2024-11-01T16:11:56.876+0000] {processor.py:925} INFO - DAG(s) 'example_workday_timetable' retrieved from /home/airflow/.local/lib/python3.12/site-packages/airflow/example_dags/example_workday_timetable.py
[2024-11-01T16:11:56.889+0000] {logging_mixin.py:190} INFO - [2024-11-01T16:11:56.889+0000] {dag.py:3239} INFO - Sync 1 DAGs
[2024-11-01T16:11:56.940+0000] {logging_mixin.py:190} INFO - [2024-11-01T16:11:56.940+0000] {dag.py:4180} INFO - Setting next_dagrun for example_workday_timetable to 2021-01-04 00:00:00+00:00, run_after=2021-01-05 00:00:00+00:00
[2024-11-01T16:11:56.954+0000] {processor.py:208} INFO - Processing /home/airflow/.local/lib/python3.12/site-packages/airflow/example_dags/example_workday_timetable.py took 0.091 seconds
[2024-11-01T16:12:27.417+0000] {processor.py:186} INFO - Started process (PID=2977) to work on /home/airflow/.local/lib/python3.12/site-packages/airflow/example_dags/example_workday_timetable.py
[2024-11-01T16:12:27.418+0000] {processor.py:914} INFO - Processing file /home/airflow/.local/lib/python3.12/site-packages/airflow/example_dags/example_workday_timetable.py for tasks to queue
[2024-11-01T16:12:27.421+0000] {logging_mixin.py:190} INFO - [2024-11-01T16:12:27.421+0000] {dagbag.py:588} INFO - Filling up the DagBag from /home/airflow/.local/lib/python3.12/site-packages/airflow/example_dags/example_workday_timetable.py
[2024-11-01T16:12:27.432+0000] {processor.py:925} INFO - DAG(s) 'example_workday_timetable' retrieved from /home/airflow/.local/lib/python3.12/site-packages/airflow/example_dags/example_workday_timetable.py
[2024-11-01T16:12:27.469+0000] {logging_mixin.py:190} INFO - [2024-11-01T16:12:27.468+0000] {dag.py:3239} INFO - Sync 1 DAGs
[2024-11-01T16:12:27.587+0000] {logging_mixin.py:190} INFO - [2024-11-01T16:12:27.587+0000] {dag.py:4180} INFO - Setting next_dagrun for example_workday_timetable to 2021-01-04 00:00:00+00:00, run_after=2021-01-05 00:00:00+00:00
[2024-11-01T16:12:27.611+0000] {processor.py:208} INFO - Processing /home/airflow/.local/lib/python3.12/site-packages/airflow/example_dags/example_workday_timetable.py took 0.203 seconds
[2024-11-01T16:12:57.710+0000] {processor.py:186} INFO - Started process (PID=3043) to work on /home/airflow/.local/lib/python3.12/site-packages/airflow/example_dags/example_workday_timetable.py
[2024-11-01T16:12:57.712+0000] {processor.py:914} INFO - Processing file /home/airflow/.local/lib/python3.12/site-packages/airflow/example_dags/example_workday_timetable.py for tasks to queue
[2024-11-01T16:12:57.715+0000] {logging_mixin.py:190} INFO - [2024-11-01T16:12:57.714+0000] {dagbag.py:588} INFO - Filling up the DagBag from /home/airflow/.local/lib/python3.12/site-packages/airflow/example_dags/example_workday_timetable.py
[2024-11-01T16:12:57.731+0000] {processor.py:925} INFO - DAG(s) 'example_workday_timetable' retrieved from /home/airflow/.local/lib/python3.12/site-packages/airflow/example_dags/example_workday_timetable.py
[2024-11-01T16:12:57.798+0000] {logging_mixin.py:190} INFO - [2024-11-01T16:12:57.797+0000] {dag.py:3239} INFO - Sync 1 DAGs
[2024-11-01T16:12:58.092+0000] {logging_mixin.py:190} INFO - [2024-11-01T16:12:58.091+0000] {dag.py:4180} INFO - Setting next_dagrun for example_workday_timetable to 2021-01-04 00:00:00+00:00, run_after=2021-01-05 00:00:00+00:00
[2024-11-01T16:12:58.135+0000] {processor.py:208} INFO - Processing /home/airflow/.local/lib/python3.12/site-packages/airflow/example_dags/example_workday_timetable.py took 0.434 seconds
[2024-11-01T16:14:15.545+0000] {processor.py:186} INFO - Started process (PID=3104) to work on /home/airflow/.local/lib/python3.12/site-packages/airflow/example_dags/example_workday_timetable.py
[2024-11-01T16:14:15.546+0000] {processor.py:914} INFO - Processing file /home/airflow/.local/lib/python3.12/site-packages/airflow/example_dags/example_workday_timetable.py for tasks to queue
[2024-11-01T16:14:15.547+0000] {logging_mixin.py:190} INFO - [2024-11-01T16:14:15.547+0000] {dagbag.py:588} INFO - Filling up the DagBag from /home/airflow/.local/lib/python3.12/site-packages/airflow/example_dags/example_workday_timetable.py
[2024-11-01T16:14:15.552+0000] {processor.py:925} INFO - DAG(s) 'example_workday_timetable' retrieved from /home/airflow/.local/lib/python3.12/site-packages/airflow/example_dags/example_workday_timetable.py
[2024-11-01T16:14:15.569+0000] {logging_mixin.py:190} INFO - [2024-11-01T16:14:15.569+0000] {dag.py:3239} INFO - Sync 1 DAGs
[2024-11-01T16:14:15.668+0000] {logging_mixin.py:190} INFO - [2024-11-01T16:14:15.668+0000] {dag.py:4180} INFO - Setting next_dagrun for example_workday_timetable to 2021-01-04 00:00:00+00:00, run_after=2021-01-05 00:00:00+00:00
[2024-11-01T16:14:15.686+0000] {processor.py:208} INFO - Processing /home/airflow/.local/lib/python3.12/site-packages/airflow/example_dags/example_workday_timetable.py took 0.147 seconds
[2024-11-01T16:18:37.829+0000] {processor.py:186} INFO - Started process (PID=69) to work on /home/airflow/.local/lib/python3.12/site-packages/airflow/example_dags/example_workday_timetable.py
[2024-11-01T16:18:37.830+0000] {processor.py:914} INFO - Processing file /home/airflow/.local/lib/python3.12/site-packages/airflow/example_dags/example_workday_timetable.py for tasks to queue
[2024-11-01T16:18:37.832+0000] {logging_mixin.py:190} INFO - [2024-11-01T16:18:37.831+0000] {dagbag.py:588} INFO - Filling up the DagBag from /home/airflow/.local/lib/python3.12/site-packages/airflow/example_dags/example_workday_timetable.py
[2024-11-01T16:18:37.837+0000] {processor.py:925} INFO - DAG(s) 'example_workday_timetable' retrieved from /home/airflow/.local/lib/python3.12/site-packages/airflow/example_dags/example_workday_timetable.py
[2024-11-01T16:18:37.857+0000] {logging_mixin.py:190} INFO - [2024-11-01T16:18:37.856+0000] {dag.py:3239} INFO - Sync 1 DAGs
[2024-11-01T16:18:37.920+0000] {logging_mixin.py:190} INFO - [2024-11-01T16:18:37.919+0000] {dag.py:4180} INFO - Setting next_dagrun for example_workday_timetable to 2021-01-04 00:00:00+00:00, run_after=2021-01-05 00:00:00+00:00
[2024-11-01T16:18:37.941+0000] {processor.py:208} INFO - Processing /home/airflow/.local/lib/python3.12/site-packages/airflow/example_dags/example_workday_timetable.py took 0.117 seconds
[2024-11-01T16:19:08.769+0000] {processor.py:186} INFO - Started process (PID=135) to work on /home/airflow/.local/lib/python3.12/site-packages/airflow/example_dags/example_workday_timetable.py
[2024-11-01T16:19:08.769+0000] {processor.py:914} INFO - Processing file /home/airflow/.local/lib/python3.12/site-packages/airflow/example_dags/example_workday_timetable.py for tasks to queue
[2024-11-01T16:19:08.771+0000] {logging_mixin.py:190} INFO - [2024-11-01T16:19:08.770+0000] {dagbag.py:588} INFO - Filling up the DagBag from /home/airflow/.local/lib/python3.12/site-packages/airflow/example_dags/example_workday_timetable.py
[2024-11-01T16:19:08.774+0000] {processor.py:925} INFO - DAG(s) 'example_workday_timetable' retrieved from /home/airflow/.local/lib/python3.12/site-packages/airflow/example_dags/example_workday_timetable.py
[2024-11-01T16:19:08.787+0000] {logging_mixin.py:190} INFO - [2024-11-01T16:19:08.787+0000] {dag.py:3239} INFO - Sync 1 DAGs
[2024-11-01T16:19:08.828+0000] {logging_mixin.py:190} INFO - [2024-11-01T16:19:08.828+0000] {dag.py:4180} INFO - Setting next_dagrun for example_workday_timetable to 2021-01-04 00:00:00+00:00, run_after=2021-01-05 00:00:00+00:00
[2024-11-01T16:19:08.842+0000] {processor.py:208} INFO - Processing /home/airflow/.local/lib/python3.12/site-packages/airflow/example_dags/example_workday_timetable.py took 0.077 seconds
[2024-11-01T16:19:40.351+0000] {processor.py:186} INFO - Started process (PID=206) to work on /home/airflow/.local/lib/python3.12/site-packages/airflow/example_dags/example_workday_timetable.py
[2024-11-01T16:19:40.353+0000] {processor.py:914} INFO - Processing file /home/airflow/.local/lib/python3.12/site-packages/airflow/example_dags/example_workday_timetable.py for tasks to queue
[2024-11-01T16:19:40.356+0000] {logging_mixin.py:190} INFO - [2024-11-01T16:19:40.355+0000] {dagbag.py:588} INFO - Filling up the DagBag from /home/airflow/.local/lib/python3.12/site-packages/airflow/example_dags/example_workday_timetable.py
[2024-11-01T16:19:40.378+0000] {processor.py:925} INFO - DAG(s) 'example_workday_timetable' retrieved from /home/airflow/.local/lib/python3.12/site-packages/airflow/example_dags/example_workday_timetable.py
[2024-11-01T16:19:40.553+0000] {logging_mixin.py:190} INFO - [2024-11-01T16:19:40.552+0000] {dag.py:3239} INFO - Sync 1 DAGs
[2024-11-01T16:19:40.812+0000] {logging_mixin.py:190} INFO - [2024-11-01T16:19:40.812+0000] {dag.py:4180} INFO - Setting next_dagrun for example_workday_timetable to 2021-01-04 00:00:00+00:00, run_after=2021-01-05 00:00:00+00:00
[2024-11-01T16:19:40.913+0000] {processor.py:208} INFO - Processing /home/airflow/.local/lib/python3.12/site-packages/airflow/example_dags/example_workday_timetable.py took 0.573 seconds
[2024-11-01T16:20:11.449+0000] {processor.py:186} INFO - Started process (PID=272) to work on /home/airflow/.local/lib/python3.12/site-packages/airflow/example_dags/example_workday_timetable.py
[2024-11-01T16:20:11.450+0000] {processor.py:914} INFO - Processing file /home/airflow/.local/lib/python3.12/site-packages/airflow/example_dags/example_workday_timetable.py for tasks to queue
[2024-11-01T16:20:11.452+0000] {logging_mixin.py:190} INFO - [2024-11-01T16:20:11.452+0000] {dagbag.py:588} INFO - Filling up the DagBag from /home/airflow/.local/lib/python3.12/site-packages/airflow/example_dags/example_workday_timetable.py
[2024-11-01T16:20:11.456+0000] {processor.py:925} INFO - DAG(s) 'example_workday_timetable' retrieved from /home/airflow/.local/lib/python3.12/site-packages/airflow/example_dags/example_workday_timetable.py
[2024-11-01T16:20:11.471+0000] {logging_mixin.py:190} INFO - [2024-11-01T16:20:11.471+0000] {dag.py:3239} INFO - Sync 1 DAGs
[2024-11-01T16:20:11.564+0000] {logging_mixin.py:190} INFO - [2024-11-01T16:20:11.563+0000] {dag.py:4180} INFO - Setting next_dagrun for example_workday_timetable to 2021-01-04 00:00:00+00:00, run_after=2021-01-05 00:00:00+00:00
[2024-11-01T16:20:11.577+0000] {processor.py:208} INFO - Processing /home/airflow/.local/lib/python3.12/site-packages/airflow/example_dags/example_workday_timetable.py took 0.134 seconds
[2024-11-01T16:20:41.609+0000] {processor.py:186} INFO - Started process (PID=338) to work on /home/airflow/.local/lib/python3.12/site-packages/airflow/example_dags/example_workday_timetable.py
[2024-11-01T16:20:41.610+0000] {processor.py:914} INFO - Processing file /home/airflow/.local/lib/python3.12/site-packages/airflow/example_dags/example_workday_timetable.py for tasks to queue
[2024-11-01T16:20:41.611+0000] {logging_mixin.py:190} INFO - [2024-11-01T16:20:41.611+0000] {dagbag.py:588} INFO - Filling up the DagBag from /home/airflow/.local/lib/python3.12/site-packages/airflow/example_dags/example_workday_timetable.py
[2024-11-01T16:20:41.616+0000] {processor.py:925} INFO - DAG(s) 'example_workday_timetable' retrieved from /home/airflow/.local/lib/python3.12/site-packages/airflow/example_dags/example_workday_timetable.py
[2024-11-01T16:20:41.630+0000] {logging_mixin.py:190} INFO - [2024-11-01T16:20:41.630+0000] {dag.py:3239} INFO - Sync 1 DAGs
[2024-11-01T16:20:41.707+0000] {logging_mixin.py:190} INFO - [2024-11-01T16:20:41.706+0000] {dag.py:4180} INFO - Setting next_dagrun for example_workday_timetable to 2021-01-04 00:00:00+00:00, run_after=2021-01-05 00:00:00+00:00
[2024-11-01T16:20:41.723+0000] {processor.py:208} INFO - Processing /home/airflow/.local/lib/python3.12/site-packages/airflow/example_dags/example_workday_timetable.py took 0.120 seconds
[2024-11-01T16:21:11.802+0000] {processor.py:186} INFO - Started process (PID=404) to work on /home/airflow/.local/lib/python3.12/site-packages/airflow/example_dags/example_workday_timetable.py
[2024-11-01T16:21:11.803+0000] {processor.py:914} INFO - Processing file /home/airflow/.local/lib/python3.12/site-packages/airflow/example_dags/example_workday_timetable.py for tasks to queue
[2024-11-01T16:21:11.806+0000] {logging_mixin.py:190} INFO - [2024-11-01T16:21:11.805+0000] {dagbag.py:588} INFO - Filling up the DagBag from /home/airflow/.local/lib/python3.12/site-packages/airflow/example_dags/example_workday_timetable.py
[2024-11-01T16:21:11.810+0000] {processor.py:925} INFO - DAG(s) 'example_workday_timetable' retrieved from /home/airflow/.local/lib/python3.12/site-packages/airflow/example_dags/example_workday_timetable.py
[2024-11-01T16:21:11.826+0000] {logging_mixin.py:190} INFO - [2024-11-01T16:21:11.825+0000] {dag.py:3239} INFO - Sync 1 DAGs
[2024-11-01T16:21:11.908+0000] {logging_mixin.py:190} INFO - [2024-11-01T16:21:11.908+0000] {dag.py:4180} INFO - Setting next_dagrun for example_workday_timetable to 2021-01-04 00:00:00+00:00, run_after=2021-01-05 00:00:00+00:00
[2024-11-01T16:21:11.924+0000] {processor.py:208} INFO - Processing /home/airflow/.local/lib/python3.12/site-packages/airflow/example_dags/example_workday_timetable.py took 0.129 seconds
[2024-11-01T16:21:42.055+0000] {processor.py:186} INFO - Started process (PID=470) to work on /home/airflow/.local/lib/python3.12/site-packages/airflow/example_dags/example_workday_timetable.py
[2024-11-01T16:21:42.055+0000] {processor.py:914} INFO - Processing file /home/airflow/.local/lib/python3.12/site-packages/airflow/example_dags/example_workday_timetable.py for tasks to queue
[2024-11-01T16:21:42.057+0000] {logging_mixin.py:190} INFO - [2024-11-01T16:21:42.057+0000] {dagbag.py:588} INFO - Filling up the DagBag from /home/airflow/.local/lib/python3.12/site-packages/airflow/example_dags/example_workday_timetable.py
[2024-11-01T16:21:42.061+0000] {processor.py:925} INFO - DAG(s) 'example_workday_timetable' retrieved from /home/airflow/.local/lib/python3.12/site-packages/airflow/example_dags/example_workday_timetable.py
[2024-11-01T16:21:42.075+0000] {logging_mixin.py:190} INFO - [2024-11-01T16:21:42.075+0000] {dag.py:3239} INFO - Sync 1 DAGs
[2024-11-01T16:21:42.153+0000] {logging_mixin.py:190} INFO - [2024-11-01T16:21:42.153+0000] {dag.py:4180} INFO - Setting next_dagrun for example_workday_timetable to 2021-01-04 00:00:00+00:00, run_after=2021-01-05 00:00:00+00:00
[2024-11-01T16:21:42.168+0000] {processor.py:208} INFO - Processing /home/airflow/.local/lib/python3.12/site-packages/airflow/example_dags/example_workday_timetable.py took 0.118 seconds
[2024-11-01T16:22:12.271+0000] {processor.py:186} INFO - Started process (PID=536) to work on /home/airflow/.local/lib/python3.12/site-packages/airflow/example_dags/example_workday_timetable.py
[2024-11-01T16:22:12.272+0000] {processor.py:914} INFO - Processing file /home/airflow/.local/lib/python3.12/site-packages/airflow/example_dags/example_workday_timetable.py for tasks to queue
[2024-11-01T16:22:12.273+0000] {logging_mixin.py:190} INFO - [2024-11-01T16:22:12.273+0000] {dagbag.py:588} INFO - Filling up the DagBag from /home/airflow/.local/lib/python3.12/site-packages/airflow/example_dags/example_workday_timetable.py
[2024-11-01T16:22:12.277+0000] {processor.py:925} INFO - DAG(s) 'example_workday_timetable' retrieved from /home/airflow/.local/lib/python3.12/site-packages/airflow/example_dags/example_workday_timetable.py
[2024-11-01T16:22:12.299+0000] {logging_mixin.py:190} INFO - [2024-11-01T16:22:12.298+0000] {dag.py:3239} INFO - Sync 1 DAGs
[2024-11-01T16:22:12.388+0000] {logging_mixin.py:190} INFO - [2024-11-01T16:22:12.388+0000] {dag.py:4180} INFO - Setting next_dagrun for example_workday_timetable to 2021-01-04 00:00:00+00:00, run_after=2021-01-05 00:00:00+00:00
[2024-11-01T16:22:12.404+0000] {processor.py:208} INFO - Processing /home/airflow/.local/lib/python3.12/site-packages/airflow/example_dags/example_workday_timetable.py took 0.137 seconds
[2024-11-01T16:22:43.070+0000] {processor.py:186} INFO - Started process (PID=602) to work on /home/airflow/.local/lib/python3.12/site-packages/airflow/example_dags/example_workday_timetable.py
[2024-11-01T16:22:43.070+0000] {processor.py:914} INFO - Processing file /home/airflow/.local/lib/python3.12/site-packages/airflow/example_dags/example_workday_timetable.py for tasks to queue
[2024-11-01T16:22:43.072+0000] {logging_mixin.py:190} INFO - [2024-11-01T16:22:43.072+0000] {dagbag.py:588} INFO - Filling up the DagBag from /home/airflow/.local/lib/python3.12/site-packages/airflow/example_dags/example_workday_timetable.py
[2024-11-01T16:22:43.076+0000] {processor.py:925} INFO - DAG(s) 'example_workday_timetable' retrieved from /home/airflow/.local/lib/python3.12/site-packages/airflow/example_dags/example_workday_timetable.py
[2024-11-01T16:22:43.090+0000] {logging_mixin.py:190} INFO - [2024-11-01T16:22:43.089+0000] {dag.py:3239} INFO - Sync 1 DAGs
[2024-11-01T16:22:43.173+0000] {logging_mixin.py:190} INFO - [2024-11-01T16:22:43.173+0000] {dag.py:4180} INFO - Setting next_dagrun for example_workday_timetable to 2021-01-04 00:00:00+00:00, run_after=2021-01-05 00:00:00+00:00
[2024-11-01T16:22:43.186+0000] {processor.py:208} INFO - Processing /home/airflow/.local/lib/python3.12/site-packages/airflow/example_dags/example_workday_timetable.py took 0.121 seconds
[2024-11-01T16:23:13.353+0000] {processor.py:186} INFO - Started process (PID=668) to work on /home/airflow/.local/lib/python3.12/site-packages/airflow/example_dags/example_workday_timetable.py
[2024-11-01T16:23:13.354+0000] {processor.py:914} INFO - Processing file /home/airflow/.local/lib/python3.12/site-packages/airflow/example_dags/example_workday_timetable.py for tasks to queue
[2024-11-01T16:23:13.356+0000] {logging_mixin.py:190} INFO - [2024-11-01T16:23:13.356+0000] {dagbag.py:588} INFO - Filling up the DagBag from /home/airflow/.local/lib/python3.12/site-packages/airflow/example_dags/example_workday_timetable.py
[2024-11-01T16:23:13.360+0000] {processor.py:925} INFO - DAG(s) 'example_workday_timetable' retrieved from /home/airflow/.local/lib/python3.12/site-packages/airflow/example_dags/example_workday_timetable.py
[2024-11-01T16:23:13.374+0000] {logging_mixin.py:190} INFO - [2024-11-01T16:23:13.373+0000] {dag.py:3239} INFO - Sync 1 DAGs
[2024-11-01T16:23:13.458+0000] {logging_mixin.py:190} INFO - [2024-11-01T16:23:13.458+0000] {dag.py:4180} INFO - Setting next_dagrun for example_workday_timetable to 2021-01-04 00:00:00+00:00, run_after=2021-01-05 00:00:00+00:00
[2024-11-01T16:23:13.474+0000] {processor.py:208} INFO - Processing /home/airflow/.local/lib/python3.12/site-packages/airflow/example_dags/example_workday_timetable.py took 0.125 seconds
[2024-11-01T16:23:43.549+0000] {processor.py:186} INFO - Started process (PID=735) to work on /home/airflow/.local/lib/python3.12/site-packages/airflow/example_dags/example_workday_timetable.py
[2024-11-01T16:23:43.550+0000] {processor.py:914} INFO - Processing file /home/airflow/.local/lib/python3.12/site-packages/airflow/example_dags/example_workday_timetable.py for tasks to queue
[2024-11-01T16:23:43.551+0000] {logging_mixin.py:190} INFO - [2024-11-01T16:23:43.551+0000] {dagbag.py:588} INFO - Filling up the DagBag from /home/airflow/.local/lib/python3.12/site-packages/airflow/example_dags/example_workday_timetable.py
[2024-11-01T16:23:43.555+0000] {processor.py:925} INFO - DAG(s) 'example_workday_timetable' retrieved from /home/airflow/.local/lib/python3.12/site-packages/airflow/example_dags/example_workday_timetable.py
[2024-11-01T16:23:43.569+0000] {logging_mixin.py:190} INFO - [2024-11-01T16:23:43.569+0000] {dag.py:3239} INFO - Sync 1 DAGs
[2024-11-01T16:23:43.644+0000] {logging_mixin.py:190} INFO - [2024-11-01T16:23:43.644+0000] {dag.py:4180} INFO - Setting next_dagrun for example_workday_timetable to 2021-01-04 00:00:00+00:00, run_after=2021-01-05 00:00:00+00:00
[2024-11-01T16:23:43.659+0000] {processor.py:208} INFO - Processing /home/airflow/.local/lib/python3.12/site-packages/airflow/example_dags/example_workday_timetable.py took 0.113 seconds
[2024-11-01T16:24:13.811+0000] {processor.py:186} INFO - Started process (PID=800) to work on /home/airflow/.local/lib/python3.12/site-packages/airflow/example_dags/example_workday_timetable.py
[2024-11-01T16:24:13.814+0000] {processor.py:914} INFO - Processing file /home/airflow/.local/lib/python3.12/site-packages/airflow/example_dags/example_workday_timetable.py for tasks to queue
[2024-11-01T16:24:13.816+0000] {logging_mixin.py:190} INFO - [2024-11-01T16:24:13.816+0000] {dagbag.py:588} INFO - Filling up the DagBag from /home/airflow/.local/lib/python3.12/site-packages/airflow/example_dags/example_workday_timetable.py
[2024-11-01T16:24:13.822+0000] {processor.py:925} INFO - DAG(s) 'example_workday_timetable' retrieved from /home/airflow/.local/lib/python3.12/site-packages/airflow/example_dags/example_workday_timetable.py
[2024-11-01T16:24:13.838+0000] {logging_mixin.py:190} INFO - [2024-11-01T16:24:13.838+0000] {dag.py:3239} INFO - Sync 1 DAGs
[2024-11-01T16:24:13.937+0000] {logging_mixin.py:190} INFO - [2024-11-01T16:24:13.937+0000] {dag.py:4180} INFO - Setting next_dagrun for example_workday_timetable to 2021-01-04 00:00:00+00:00, run_after=2021-01-05 00:00:00+00:00
[2024-11-01T16:24:13.961+0000] {processor.py:208} INFO - Processing /home/airflow/.local/lib/python3.12/site-packages/airflow/example_dags/example_workday_timetable.py took 0.156 seconds
[2024-11-01T16:24:44.187+0000] {processor.py:186} INFO - Started process (PID=866) to work on /home/airflow/.local/lib/python3.12/site-packages/airflow/example_dags/example_workday_timetable.py
[2024-11-01T16:24:44.188+0000] {processor.py:914} INFO - Processing file /home/airflow/.local/lib/python3.12/site-packages/airflow/example_dags/example_workday_timetable.py for tasks to queue
[2024-11-01T16:24:44.189+0000] {logging_mixin.py:190} INFO - [2024-11-01T16:24:44.189+0000] {dagbag.py:588} INFO - Filling up the DagBag from /home/airflow/.local/lib/python3.12/site-packages/airflow/example_dags/example_workday_timetable.py
[2024-11-01T16:24:44.193+0000] {processor.py:925} INFO - DAG(s) 'example_workday_timetable' retrieved from /home/airflow/.local/lib/python3.12/site-packages/airflow/example_dags/example_workday_timetable.py
[2024-11-01T16:24:44.208+0000] {logging_mixin.py:190} INFO - [2024-11-01T16:24:44.207+0000] {dag.py:3239} INFO - Sync 1 DAGs
[2024-11-01T16:24:44.290+0000] {logging_mixin.py:190} INFO - [2024-11-01T16:24:44.290+0000] {dag.py:4180} INFO - Setting next_dagrun for example_workday_timetable to 2021-01-04 00:00:00+00:00, run_after=2021-01-05 00:00:00+00:00
[2024-11-01T16:24:44.305+0000] {processor.py:208} INFO - Processing /home/airflow/.local/lib/python3.12/site-packages/airflow/example_dags/example_workday_timetable.py took 0.122 seconds
[2024-11-01T16:25:14.681+0000] {processor.py:186} INFO - Started process (PID=932) to work on /home/airflow/.local/lib/python3.12/site-packages/airflow/example_dags/example_workday_timetable.py
[2024-11-01T16:25:14.681+0000] {processor.py:914} INFO - Processing file /home/airflow/.local/lib/python3.12/site-packages/airflow/example_dags/example_workday_timetable.py for tasks to queue
[2024-11-01T16:25:14.683+0000] {logging_mixin.py:190} INFO - [2024-11-01T16:25:14.682+0000] {dagbag.py:588} INFO - Filling up the DagBag from /home/airflow/.local/lib/python3.12/site-packages/airflow/example_dags/example_workday_timetable.py
[2024-11-01T16:25:14.687+0000] {processor.py:925} INFO - DAG(s) 'example_workday_timetable' retrieved from /home/airflow/.local/lib/python3.12/site-packages/airflow/example_dags/example_workday_timetable.py
[2024-11-01T16:25:14.703+0000] {logging_mixin.py:190} INFO - [2024-11-01T16:25:14.703+0000] {dag.py:3239} INFO - Sync 1 DAGs
[2024-11-01T16:25:14.800+0000] {logging_mixin.py:190} INFO - [2024-11-01T16:25:14.800+0000] {dag.py:4180} INFO - Setting next_dagrun for example_workday_timetable to 2021-01-04 00:00:00+00:00, run_after=2021-01-05 00:00:00+00:00
[2024-11-01T16:25:14.819+0000] {processor.py:208} INFO - Processing /home/airflow/.local/lib/python3.12/site-packages/airflow/example_dags/example_workday_timetable.py took 0.142 seconds
[2024-11-01T16:25:45.140+0000] {processor.py:186} INFO - Started process (PID=998) to work on /home/airflow/.local/lib/python3.12/site-packages/airflow/example_dags/example_workday_timetable.py
[2024-11-01T16:25:45.141+0000] {processor.py:914} INFO - Processing file /home/airflow/.local/lib/python3.12/site-packages/airflow/example_dags/example_workday_timetable.py for tasks to queue
[2024-11-01T16:25:45.142+0000] {logging_mixin.py:190} INFO - [2024-11-01T16:25:45.142+0000] {dagbag.py:588} INFO - Filling up the DagBag from /home/airflow/.local/lib/python3.12/site-packages/airflow/example_dags/example_workday_timetable.py
[2024-11-01T16:25:45.146+0000] {processor.py:925} INFO - DAG(s) 'example_workday_timetable' retrieved from /home/airflow/.local/lib/python3.12/site-packages/airflow/example_dags/example_workday_timetable.py
[2024-11-01T16:25:45.162+0000] {logging_mixin.py:190} INFO - [2024-11-01T16:25:45.161+0000] {dag.py:3239} INFO - Sync 1 DAGs
[2024-11-01T16:25:45.244+0000] {logging_mixin.py:190} INFO - [2024-11-01T16:25:45.244+0000] {dag.py:4180} INFO - Setting next_dagrun for example_workday_timetable to 2021-01-04 00:00:00+00:00, run_after=2021-01-05 00:00:00+00:00
[2024-11-01T16:25:45.260+0000] {processor.py:208} INFO - Processing /home/airflow/.local/lib/python3.12/site-packages/airflow/example_dags/example_workday_timetable.py took 0.124 seconds
[2024-11-01T16:26:15.654+0000] {processor.py:186} INFO - Started process (PID=1064) to work on /home/airflow/.local/lib/python3.12/site-packages/airflow/example_dags/example_workday_timetable.py
[2024-11-01T16:26:15.655+0000] {processor.py:914} INFO - Processing file /home/airflow/.local/lib/python3.12/site-packages/airflow/example_dags/example_workday_timetable.py for tasks to queue
[2024-11-01T16:26:15.656+0000] {logging_mixin.py:190} INFO - [2024-11-01T16:26:15.656+0000] {dagbag.py:588} INFO - Filling up the DagBag from /home/airflow/.local/lib/python3.12/site-packages/airflow/example_dags/example_workday_timetable.py
[2024-11-01T16:26:15.660+0000] {processor.py:925} INFO - DAG(s) 'example_workday_timetable' retrieved from /home/airflow/.local/lib/python3.12/site-packages/airflow/example_dags/example_workday_timetable.py
[2024-11-01T16:26:15.674+0000] {logging_mixin.py:190} INFO - [2024-11-01T16:26:15.674+0000] {dag.py:3239} INFO - Sync 1 DAGs
[2024-11-01T16:26:15.748+0000] {logging_mixin.py:190} INFO - [2024-11-01T16:26:15.748+0000] {dag.py:4180} INFO - Setting next_dagrun for example_workday_timetable to 2021-01-04 00:00:00+00:00, run_after=2021-01-05 00:00:00+00:00
[2024-11-01T16:26:15.764+0000] {processor.py:208} INFO - Processing /home/airflow/.local/lib/python3.12/site-packages/airflow/example_dags/example_workday_timetable.py took 0.114 seconds
[2024-11-01T16:26:46.277+0000] {processor.py:186} INFO - Started process (PID=1130) to work on /home/airflow/.local/lib/python3.12/site-packages/airflow/example_dags/example_workday_timetable.py
[2024-11-01T16:26:46.277+0000] {processor.py:914} INFO - Processing file /home/airflow/.local/lib/python3.12/site-packages/airflow/example_dags/example_workday_timetable.py for tasks to queue
[2024-11-01T16:26:46.279+0000] {logging_mixin.py:190} INFO - [2024-11-01T16:26:46.279+0000] {dagbag.py:588} INFO - Filling up the DagBag from /home/airflow/.local/lib/python3.12/site-packages/airflow/example_dags/example_workday_timetable.py
[2024-11-01T16:26:46.283+0000] {processor.py:925} INFO - DAG(s) 'example_workday_timetable' retrieved from /home/airflow/.local/lib/python3.12/site-packages/airflow/example_dags/example_workday_timetable.py
[2024-11-01T16:26:46.297+0000] {logging_mixin.py:190} INFO - [2024-11-01T16:26:46.297+0000] {dag.py:3239} INFO - Sync 1 DAGs
[2024-11-01T16:26:46.386+0000] {logging_mixin.py:190} INFO - [2024-11-01T16:26:46.386+0000] {dag.py:4180} INFO - Setting next_dagrun for example_workday_timetable to 2021-01-04 00:00:00+00:00, run_after=2021-01-05 00:00:00+00:00
[2024-11-01T16:26:46.401+0000] {processor.py:208} INFO - Processing /home/airflow/.local/lib/python3.12/site-packages/airflow/example_dags/example_workday_timetable.py took 0.130 seconds
[2024-11-01T16:27:17.275+0000] {processor.py:186} INFO - Started process (PID=1196) to work on /home/airflow/.local/lib/python3.12/site-packages/airflow/example_dags/example_workday_timetable.py
[2024-11-01T16:27:17.276+0000] {processor.py:914} INFO - Processing file /home/airflow/.local/lib/python3.12/site-packages/airflow/example_dags/example_workday_timetable.py for tasks to queue
[2024-11-01T16:27:17.278+0000] {logging_mixin.py:190} INFO - [2024-11-01T16:27:17.277+0000] {dagbag.py:588} INFO - Filling up the DagBag from /home/airflow/.local/lib/python3.12/site-packages/airflow/example_dags/example_workday_timetable.py
[2024-11-01T16:27:17.282+0000] {processor.py:925} INFO - DAG(s) 'example_workday_timetable' retrieved from /home/airflow/.local/lib/python3.12/site-packages/airflow/example_dags/example_workday_timetable.py
[2024-11-01T16:27:17.299+0000] {logging_mixin.py:190} INFO - [2024-11-01T16:27:17.298+0000] {dag.py:3239} INFO - Sync 1 DAGs
[2024-11-01T16:27:17.387+0000] {logging_mixin.py:190} INFO - [2024-11-01T16:27:17.386+0000] {dag.py:4180} INFO - Setting next_dagrun for example_workday_timetable to 2021-01-04 00:00:00+00:00, run_after=2021-01-05 00:00:00+00:00
[2024-11-01T16:27:17.403+0000] {processor.py:208} INFO - Processing /home/airflow/.local/lib/python3.12/site-packages/airflow/example_dags/example_workday_timetable.py took 0.134 seconds
[2024-11-01T16:27:48.297+0000] {processor.py:186} INFO - Started process (PID=1262) to work on /home/airflow/.local/lib/python3.12/site-packages/airflow/example_dags/example_workday_timetable.py
[2024-11-01T16:27:48.297+0000] {processor.py:914} INFO - Processing file /home/airflow/.local/lib/python3.12/site-packages/airflow/example_dags/example_workday_timetable.py for tasks to queue
[2024-11-01T16:27:48.299+0000] {logging_mixin.py:190} INFO - [2024-11-01T16:27:48.299+0000] {dagbag.py:588} INFO - Filling up the DagBag from /home/airflow/.local/lib/python3.12/site-packages/airflow/example_dags/example_workday_timetable.py
[2024-11-01T16:27:48.303+0000] {processor.py:925} INFO - DAG(s) 'example_workday_timetable' retrieved from /home/airflow/.local/lib/python3.12/site-packages/airflow/example_dags/example_workday_timetable.py
[2024-11-01T16:27:48.317+0000] {logging_mixin.py:190} INFO - [2024-11-01T16:27:48.317+0000] {dag.py:3239} INFO - Sync 1 DAGs
[2024-11-01T16:27:48.367+0000] {logging_mixin.py:190} INFO - [2024-11-01T16:27:48.366+0000] {dag.py:4180} INFO - Setting next_dagrun for example_workday_timetable to 2021-01-04 00:00:00+00:00, run_after=2021-01-05 00:00:00+00:00
[2024-11-01T16:27:48.382+0000] {processor.py:208} INFO - Processing /home/airflow/.local/lib/python3.12/site-packages/airflow/example_dags/example_workday_timetable.py took 0.089 seconds
[2024-11-01T16:28:18.731+0000] {processor.py:186} INFO - Started process (PID=1328) to work on /home/airflow/.local/lib/python3.12/site-packages/airflow/example_dags/example_workday_timetable.py
[2024-11-01T16:28:18.733+0000] {processor.py:914} INFO - Processing file /home/airflow/.local/lib/python3.12/site-packages/airflow/example_dags/example_workday_timetable.py for tasks to queue
[2024-11-01T16:28:18.734+0000] {logging_mixin.py:190} INFO - [2024-11-01T16:28:18.734+0000] {dagbag.py:588} INFO - Filling up the DagBag from /home/airflow/.local/lib/python3.12/site-packages/airflow/example_dags/example_workday_timetable.py
[2024-11-01T16:28:18.739+0000] {processor.py:925} INFO - DAG(s) 'example_workday_timetable' retrieved from /home/airflow/.local/lib/python3.12/site-packages/airflow/example_dags/example_workday_timetable.py
[2024-11-01T16:28:18.753+0000] {logging_mixin.py:190} INFO - [2024-11-01T16:28:18.753+0000] {dag.py:3239} INFO - Sync 1 DAGs
[2024-11-01T16:28:18.807+0000] {logging_mixin.py:190} INFO - [2024-11-01T16:28:18.807+0000] {dag.py:4180} INFO - Setting next_dagrun for example_workday_timetable to 2021-01-04 00:00:00+00:00, run_after=2021-01-05 00:00:00+00:00
[2024-11-01T16:28:18.823+0000] {processor.py:208} INFO - Processing /home/airflow/.local/lib/python3.12/site-packages/airflow/example_dags/example_workday_timetable.py took 0.098 seconds
[2024-11-01T16:28:49.539+0000] {processor.py:186} INFO - Started process (PID=1394) to work on /home/airflow/.local/lib/python3.12/site-packages/airflow/example_dags/example_workday_timetable.py
[2024-11-01T16:28:49.539+0000] {processor.py:914} INFO - Processing file /home/airflow/.local/lib/python3.12/site-packages/airflow/example_dags/example_workday_timetable.py for tasks to queue
[2024-11-01T16:28:49.541+0000] {logging_mixin.py:190} INFO - [2024-11-01T16:28:49.541+0000] {dagbag.py:588} INFO - Filling up the DagBag from /home/airflow/.local/lib/python3.12/site-packages/airflow/example_dags/example_workday_timetable.py
[2024-11-01T16:28:49.545+0000] {processor.py:925} INFO - DAG(s) 'example_workday_timetable' retrieved from /home/airflow/.local/lib/python3.12/site-packages/airflow/example_dags/example_workday_timetable.py
[2024-11-01T16:28:49.558+0000] {logging_mixin.py:190} INFO - [2024-11-01T16:28:49.558+0000] {dag.py:3239} INFO - Sync 1 DAGs
[2024-11-01T16:28:49.604+0000] {logging_mixin.py:190} INFO - [2024-11-01T16:28:49.604+0000] {dag.py:4180} INFO - Setting next_dagrun for example_workday_timetable to 2021-01-04 00:00:00+00:00, run_after=2021-01-05 00:00:00+00:00
[2024-11-01T16:28:49.619+0000] {processor.py:208} INFO - Processing /home/airflow/.local/lib/python3.12/site-packages/airflow/example_dags/example_workday_timetable.py took 0.085 seconds
[2024-11-01T16:29:19.691+0000] {processor.py:186} INFO - Started process (PID=1459) to work on /home/airflow/.local/lib/python3.12/site-packages/airflow/example_dags/example_workday_timetable.py
[2024-11-01T16:29:19.693+0000] {processor.py:914} INFO - Processing file /home/airflow/.local/lib/python3.12/site-packages/airflow/example_dags/example_workday_timetable.py for tasks to queue
[2024-11-01T16:29:19.697+0000] {logging_mixin.py:190} INFO - [2024-11-01T16:29:19.697+0000] {dagbag.py:588} INFO - Filling up the DagBag from /home/airflow/.local/lib/python3.12/site-packages/airflow/example_dags/example_workday_timetable.py
[2024-11-01T16:29:19.702+0000] {processor.py:925} INFO - DAG(s) 'example_workday_timetable' retrieved from /home/airflow/.local/lib/python3.12/site-packages/airflow/example_dags/example_workday_timetable.py
[2024-11-01T16:29:19.730+0000] {logging_mixin.py:190} INFO - [2024-11-01T16:29:19.730+0000] {dag.py:3239} INFO - Sync 1 DAGs
[2024-11-01T16:29:19.815+0000] {logging_mixin.py:190} INFO - [2024-11-01T16:29:19.815+0000] {dag.py:4180} INFO - Setting next_dagrun for example_workday_timetable to 2021-01-04 00:00:00+00:00, run_after=2021-01-05 00:00:00+00:00
[2024-11-01T16:29:19.843+0000] {processor.py:208} INFO - Processing /home/airflow/.local/lib/python3.12/site-packages/airflow/example_dags/example_workday_timetable.py took 0.160 seconds
[2024-11-01T17:42:25.096+0000] {processor.py:186} INFO - Started process (PID=79) to work on /home/airflow/.local/lib/python3.12/site-packages/airflow/example_dags/example_workday_timetable.py
[2024-11-01T17:42:25.097+0000] {processor.py:914} INFO - Processing file /home/airflow/.local/lib/python3.12/site-packages/airflow/example_dags/example_workday_timetable.py for tasks to queue
[2024-11-01T17:42:25.099+0000] {logging_mixin.py:190} INFO - [2024-11-01T17:42:25.098+0000] {dagbag.py:588} INFO - Filling up the DagBag from /home/airflow/.local/lib/python3.12/site-packages/airflow/example_dags/example_workday_timetable.py
[2024-11-01T17:42:25.104+0000] {processor.py:925} INFO - DAG(s) 'example_workday_timetable' retrieved from /home/airflow/.local/lib/python3.12/site-packages/airflow/example_dags/example_workday_timetable.py
[2024-11-01T17:42:25.120+0000] {logging_mixin.py:190} INFO - [2024-11-01T17:42:25.120+0000] {dag.py:3239} INFO - Sync 1 DAGs
[2024-11-01T17:42:25.198+0000] {logging_mixin.py:190} INFO - [2024-11-01T17:42:25.197+0000] {dag.py:4180} INFO - Setting next_dagrun for example_workday_timetable to 2021-01-04 00:00:00+00:00, run_after=2021-01-05 00:00:00+00:00
[2024-11-01T17:42:25.220+0000] {processor.py:208} INFO - Processing /home/airflow/.local/lib/python3.12/site-packages/airflow/example_dags/example_workday_timetable.py took 0.129 seconds
[2024-11-01T17:42:55.800+0000] {processor.py:186} INFO - Started process (PID=145) to work on /home/airflow/.local/lib/python3.12/site-packages/airflow/example_dags/example_workday_timetable.py
[2024-11-01T17:42:55.801+0000] {processor.py:914} INFO - Processing file /home/airflow/.local/lib/python3.12/site-packages/airflow/example_dags/example_workday_timetable.py for tasks to queue
[2024-11-01T17:42:55.804+0000] {logging_mixin.py:190} INFO - [2024-11-01T17:42:55.804+0000] {dagbag.py:588} INFO - Filling up the DagBag from /home/airflow/.local/lib/python3.12/site-packages/airflow/example_dags/example_workday_timetable.py
[2024-11-01T17:42:55.810+0000] {processor.py:925} INFO - DAG(s) 'example_workday_timetable' retrieved from /home/airflow/.local/lib/python3.12/site-packages/airflow/example_dags/example_workday_timetable.py
[2024-11-01T17:42:55.831+0000] {logging_mixin.py:190} INFO - [2024-11-01T17:42:55.831+0000] {dag.py:3239} INFO - Sync 1 DAGs
[2024-11-01T17:42:55.922+0000] {logging_mixin.py:190} INFO - [2024-11-01T17:42:55.921+0000] {dag.py:4180} INFO - Setting next_dagrun for example_workday_timetable to 2021-01-04 00:00:00+00:00, run_after=2021-01-05 00:00:00+00:00
[2024-11-01T17:42:55.946+0000] {processor.py:208} INFO - Processing /home/airflow/.local/lib/python3.12/site-packages/airflow/example_dags/example_workday_timetable.py took 0.151 seconds
