[2024-11-01T05:53:04.088+0000] {processor.py:186} INFO - Started process (PID=85) to work on /home/airflow/.local/lib/python3.12/site-packages/airflow/example_dags/example_dag_decorator.py
[2024-11-01T05:53:04.089+0000] {processor.py:914} INFO - Processing file /home/airflow/.local/lib/python3.12/site-packages/airflow/example_dags/example_dag_decorator.py for tasks to queue
[2024-11-01T05:53:04.090+0000] {logging_mixin.py:190} INFO - [2024-11-01T05:53:04.090+0000] {dagbag.py:588} INFO - Filling up the DagBag from /home/airflow/.local/lib/python3.12/site-packages/airflow/example_dags/example_dag_decorator.py
[2024-11-01T05:53:04.100+0000] {processor.py:925} INFO - DAG(s) 'example_dag_decorator' retrieved from /home/airflow/.local/lib/python3.12/site-packages/airflow/example_dags/example_dag_decorator.py
[2024-11-01T05:53:04.217+0000] {logging_mixin.py:190} INFO - [2024-11-01T05:53:04.216+0000] {override.py:1900} INFO - Created Permission View: can edit on DAG:example_dag_decorator
[2024-11-01T05:53:04.228+0000] {logging_mixin.py:190} INFO - [2024-11-01T05:53:04.228+0000] {override.py:1900} INFO - Created Permission View: can delete on DAG:example_dag_decorator
[2024-11-01T05:53:04.236+0000] {logging_mixin.py:190} INFO - [2024-11-01T05:53:04.236+0000] {override.py:1900} INFO - Created Permission View: can read on DAG:example_dag_decorator
[2024-11-01T05:53:04.247+0000] {logging_mixin.py:190} INFO - [2024-11-01T05:53:04.247+0000] {override.py:1900} INFO - Created Permission View: menu access on DAG Run:example_dag_decorator
[2024-11-01T05:53:04.256+0000] {logging_mixin.py:190} INFO - [2024-11-01T05:53:04.255+0000] {override.py:1900} INFO - Created Permission View: can create on DAG Run:example_dag_decorator
[2024-11-01T05:53:04.263+0000] {logging_mixin.py:190} INFO - [2024-11-01T05:53:04.262+0000] {override.py:1900} INFO - Created Permission View: can delete on DAG Run:example_dag_decorator
[2024-11-01T05:53:04.270+0000] {logging_mixin.py:190} INFO - [2024-11-01T05:53:04.269+0000] {override.py:1900} INFO - Created Permission View: can read on DAG Run:example_dag_decorator
[2024-11-01T05:53:04.270+0000] {logging_mixin.py:190} INFO - [2024-11-01T05:53:04.270+0000] {dag.py:3239} INFO - Sync 1 DAGs
[2024-11-01T05:53:04.280+0000] {logging_mixin.py:190} INFO - [2024-11-01T05:53:04.280+0000] {dag.py:3262} INFO - Creating ORM DAG for example_dag_decorator
[2024-11-01T05:53:04.281+0000] {logging_mixin.py:190} INFO - [2024-11-01T05:53:04.281+0000] {dag.py:4180} INFO - Setting next_dagrun for example_dag_decorator to None, run_after=None
[2024-11-01T05:53:04.294+0000] {processor.py:208} INFO - Processing /home/airflow/.local/lib/python3.12/site-packages/airflow/example_dags/example_dag_decorator.py took 0.211 seconds
[2024-11-01T05:53:35.085+0000] {processor.py:186} INFO - Started process (PID=150) to work on /home/airflow/.local/lib/python3.12/site-packages/airflow/example_dags/example_dag_decorator.py
[2024-11-01T05:53:35.085+0000] {processor.py:914} INFO - Processing file /home/airflow/.local/lib/python3.12/site-packages/airflow/example_dags/example_dag_decorator.py for tasks to queue
[2024-11-01T05:53:35.086+0000] {logging_mixin.py:190} INFO - [2024-11-01T05:53:35.086+0000] {dagbag.py:588} INFO - Filling up the DagBag from /home/airflow/.local/lib/python3.12/site-packages/airflow/example_dags/example_dag_decorator.py
[2024-11-01T05:53:35.093+0000] {processor.py:925} INFO - DAG(s) 'example_dag_decorator' retrieved from /home/airflow/.local/lib/python3.12/site-packages/airflow/example_dags/example_dag_decorator.py
[2024-11-01T05:53:35.161+0000] {logging_mixin.py:190} INFO - [2024-11-01T05:53:35.161+0000] {dag.py:3239} INFO - Sync 1 DAGs
[2024-11-01T05:53:35.169+0000] {logging_mixin.py:190} INFO - [2024-11-01T05:53:35.169+0000] {dag.py:4180} INFO - Setting next_dagrun for example_dag_decorator to None, run_after=None
[2024-11-01T05:53:35.183+0000] {processor.py:208} INFO - Processing /home/airflow/.local/lib/python3.12/site-packages/airflow/example_dags/example_dag_decorator.py took 0.102 seconds
[2024-11-01T05:54:05.241+0000] {processor.py:186} INFO - Started process (PID=214) to work on /home/airflow/.local/lib/python3.12/site-packages/airflow/example_dags/example_dag_decorator.py
[2024-11-01T05:54:05.242+0000] {processor.py:914} INFO - Processing file /home/airflow/.local/lib/python3.12/site-packages/airflow/example_dags/example_dag_decorator.py for tasks to queue
[2024-11-01T05:54:05.243+0000] {logging_mixin.py:190} INFO - [2024-11-01T05:54:05.243+0000] {dagbag.py:588} INFO - Filling up the DagBag from /home/airflow/.local/lib/python3.12/site-packages/airflow/example_dags/example_dag_decorator.py
[2024-11-01T05:54:05.251+0000] {processor.py:925} INFO - DAG(s) 'example_dag_decorator' retrieved from /home/airflow/.local/lib/python3.12/site-packages/airflow/example_dags/example_dag_decorator.py
[2024-11-01T05:54:05.329+0000] {logging_mixin.py:190} INFO - [2024-11-01T05:54:05.329+0000] {dag.py:3239} INFO - Sync 1 DAGs
[2024-11-01T05:54:05.338+0000] {logging_mixin.py:190} INFO - [2024-11-01T05:54:05.338+0000] {dag.py:4180} INFO - Setting next_dagrun for example_dag_decorator to None, run_after=None
[2024-11-01T05:54:05.354+0000] {processor.py:208} INFO - Processing /home/airflow/.local/lib/python3.12/site-packages/airflow/example_dags/example_dag_decorator.py took 0.117 seconds
[2024-11-01T05:54:35.405+0000] {processor.py:186} INFO - Started process (PID=279) to work on /home/airflow/.local/lib/python3.12/site-packages/airflow/example_dags/example_dag_decorator.py
[2024-11-01T05:54:35.406+0000] {processor.py:914} INFO - Processing file /home/airflow/.local/lib/python3.12/site-packages/airflow/example_dags/example_dag_decorator.py for tasks to queue
[2024-11-01T05:54:35.407+0000] {logging_mixin.py:190} INFO - [2024-11-01T05:54:35.407+0000] {dagbag.py:588} INFO - Filling up the DagBag from /home/airflow/.local/lib/python3.12/site-packages/airflow/example_dags/example_dag_decorator.py
[2024-11-01T05:54:35.415+0000] {processor.py:925} INFO - DAG(s) 'example_dag_decorator' retrieved from /home/airflow/.local/lib/python3.12/site-packages/airflow/example_dags/example_dag_decorator.py
[2024-11-01T05:54:35.493+0000] {logging_mixin.py:190} INFO - [2024-11-01T05:54:35.493+0000] {dag.py:3239} INFO - Sync 1 DAGs
[2024-11-01T05:54:35.502+0000] {logging_mixin.py:190} INFO - [2024-11-01T05:54:35.502+0000] {dag.py:4180} INFO - Setting next_dagrun for example_dag_decorator to None, run_after=None
[2024-11-01T05:54:35.516+0000] {processor.py:208} INFO - Processing /home/airflow/.local/lib/python3.12/site-packages/airflow/example_dags/example_dag_decorator.py took 0.115 seconds
[2024-11-01T05:55:05.915+0000] {processor.py:186} INFO - Started process (PID=344) to work on /home/airflow/.local/lib/python3.12/site-packages/airflow/example_dags/example_dag_decorator.py
[2024-11-01T05:55:05.916+0000] {processor.py:914} INFO - Processing file /home/airflow/.local/lib/python3.12/site-packages/airflow/example_dags/example_dag_decorator.py for tasks to queue
[2024-11-01T05:55:05.917+0000] {logging_mixin.py:190} INFO - [2024-11-01T05:55:05.917+0000] {dagbag.py:588} INFO - Filling up the DagBag from /home/airflow/.local/lib/python3.12/site-packages/airflow/example_dags/example_dag_decorator.py
[2024-11-01T05:55:05.924+0000] {processor.py:925} INFO - DAG(s) 'example_dag_decorator' retrieved from /home/airflow/.local/lib/python3.12/site-packages/airflow/example_dags/example_dag_decorator.py
[2024-11-01T05:55:05.997+0000] {logging_mixin.py:190} INFO - [2024-11-01T05:55:05.997+0000] {dag.py:3239} INFO - Sync 1 DAGs
[2024-11-01T05:55:06.007+0000] {logging_mixin.py:190} INFO - [2024-11-01T05:55:06.007+0000] {dag.py:4180} INFO - Setting next_dagrun for example_dag_decorator to None, run_after=None
[2024-11-01T05:55:06.023+0000] {processor.py:208} INFO - Processing /home/airflow/.local/lib/python3.12/site-packages/airflow/example_dags/example_dag_decorator.py took 0.111 seconds
[2024-11-01T05:55:36.222+0000] {processor.py:186} INFO - Started process (PID=409) to work on /home/airflow/.local/lib/python3.12/site-packages/airflow/example_dags/example_dag_decorator.py
[2024-11-01T05:55:36.223+0000] {processor.py:914} INFO - Processing file /home/airflow/.local/lib/python3.12/site-packages/airflow/example_dags/example_dag_decorator.py for tasks to queue
[2024-11-01T05:55:36.224+0000] {logging_mixin.py:190} INFO - [2024-11-01T05:55:36.224+0000] {dagbag.py:588} INFO - Filling up the DagBag from /home/airflow/.local/lib/python3.12/site-packages/airflow/example_dags/example_dag_decorator.py
[2024-11-01T05:55:36.236+0000] {processor.py:925} INFO - DAG(s) 'example_dag_decorator' retrieved from /home/airflow/.local/lib/python3.12/site-packages/airflow/example_dags/example_dag_decorator.py
[2024-11-01T05:55:36.251+0000] {logging_mixin.py:190} INFO - [2024-11-01T05:55:36.251+0000] {dag.py:3239} INFO - Sync 1 DAGs
[2024-11-01T05:55:36.264+0000] {logging_mixin.py:190} INFO - [2024-11-01T05:55:36.263+0000] {dag.py:4180} INFO - Setting next_dagrun for example_dag_decorator to None, run_after=None
[2024-11-01T05:55:36.282+0000] {processor.py:208} INFO - Processing /home/airflow/.local/lib/python3.12/site-packages/airflow/example_dags/example_dag_decorator.py took 0.064 seconds
[2024-11-01T05:56:07.038+0000] {processor.py:186} INFO - Started process (PID=474) to work on /home/airflow/.local/lib/python3.12/site-packages/airflow/example_dags/example_dag_decorator.py
[2024-11-01T05:56:07.039+0000] {processor.py:914} INFO - Processing file /home/airflow/.local/lib/python3.12/site-packages/airflow/example_dags/example_dag_decorator.py for tasks to queue
[2024-11-01T05:56:07.040+0000] {logging_mixin.py:190} INFO - [2024-11-01T05:56:07.040+0000] {dagbag.py:588} INFO - Filling up the DagBag from /home/airflow/.local/lib/python3.12/site-packages/airflow/example_dags/example_dag_decorator.py
[2024-11-01T05:56:07.049+0000] {processor.py:925} INFO - DAG(s) 'example_dag_decorator' retrieved from /home/airflow/.local/lib/python3.12/site-packages/airflow/example_dags/example_dag_decorator.py
[2024-11-01T05:56:07.068+0000] {logging_mixin.py:190} INFO - [2024-11-01T05:56:07.068+0000] {dag.py:3239} INFO - Sync 1 DAGs
[2024-11-01T05:56:07.079+0000] {logging_mixin.py:190} INFO - [2024-11-01T05:56:07.078+0000] {dag.py:4180} INFO - Setting next_dagrun for example_dag_decorator to None, run_after=None
[2024-11-01T05:56:07.096+0000] {processor.py:208} INFO - Processing /home/airflow/.local/lib/python3.12/site-packages/airflow/example_dags/example_dag_decorator.py took 0.062 seconds
[2024-11-01T11:25:12.774+0000] {processor.py:186} INFO - Started process (PID=74) to work on /home/airflow/.local/lib/python3.12/site-packages/airflow/example_dags/example_dag_decorator.py
[2024-11-01T11:25:12.774+0000] {processor.py:914} INFO - Processing file /home/airflow/.local/lib/python3.12/site-packages/airflow/example_dags/example_dag_decorator.py for tasks to queue
[2024-11-01T11:25:12.776+0000] {logging_mixin.py:190} INFO - [2024-11-01T11:25:12.776+0000] {dagbag.py:588} INFO - Filling up the DagBag from /home/airflow/.local/lib/python3.12/site-packages/airflow/example_dags/example_dag_decorator.py
[2024-11-01T11:25:12.784+0000] {processor.py:925} INFO - DAG(s) 'example_dag_decorator' retrieved from /home/airflow/.local/lib/python3.12/site-packages/airflow/example_dags/example_dag_decorator.py
[2024-11-01T11:25:12.864+0000] {logging_mixin.py:190} INFO - [2024-11-01T11:25:12.864+0000] {dag.py:3239} INFO - Sync 1 DAGs
[2024-11-01T11:25:12.872+0000] {logging_mixin.py:190} INFO - [2024-11-01T11:25:12.872+0000] {dag.py:4180} INFO - Setting next_dagrun for example_dag_decorator to None, run_after=None
[2024-11-01T11:25:12.890+0000] {processor.py:208} INFO - Processing /home/airflow/.local/lib/python3.12/site-packages/airflow/example_dags/example_dag_decorator.py took 0.120 seconds
[2024-11-01T11:25:42.919+0000] {processor.py:186} INFO - Started process (PID=138) to work on /home/airflow/.local/lib/python3.12/site-packages/airflow/example_dags/example_dag_decorator.py
[2024-11-01T11:25:42.919+0000] {processor.py:914} INFO - Processing file /home/airflow/.local/lib/python3.12/site-packages/airflow/example_dags/example_dag_decorator.py for tasks to queue
[2024-11-01T11:25:42.920+0000] {logging_mixin.py:190} INFO - [2024-11-01T11:25:42.920+0000] {dagbag.py:588} INFO - Filling up the DagBag from /home/airflow/.local/lib/python3.12/site-packages/airflow/example_dags/example_dag_decorator.py
[2024-11-01T11:25:42.928+0000] {processor.py:925} INFO - DAG(s) 'example_dag_decorator' retrieved from /home/airflow/.local/lib/python3.12/site-packages/airflow/example_dags/example_dag_decorator.py
[2024-11-01T11:25:42.942+0000] {logging_mixin.py:190} INFO - [2024-11-01T11:25:42.942+0000] {dag.py:3239} INFO - Sync 1 DAGs
[2024-11-01T11:25:42.951+0000] {logging_mixin.py:190} INFO - [2024-11-01T11:25:42.951+0000] {dag.py:4180} INFO - Setting next_dagrun for example_dag_decorator to None, run_after=None
[2024-11-01T11:25:42.965+0000] {processor.py:208} INFO - Processing /home/airflow/.local/lib/python3.12/site-packages/airflow/example_dags/example_dag_decorator.py took 0.050 seconds
[2024-11-01T11:26:13.164+0000] {processor.py:186} INFO - Started process (PID=203) to work on /home/airflow/.local/lib/python3.12/site-packages/airflow/example_dags/example_dag_decorator.py
[2024-11-01T11:26:13.165+0000] {processor.py:914} INFO - Processing file /home/airflow/.local/lib/python3.12/site-packages/airflow/example_dags/example_dag_decorator.py for tasks to queue
[2024-11-01T11:26:13.166+0000] {logging_mixin.py:190} INFO - [2024-11-01T11:26:13.166+0000] {dagbag.py:588} INFO - Filling up the DagBag from /home/airflow/.local/lib/python3.12/site-packages/airflow/example_dags/example_dag_decorator.py
[2024-11-01T11:26:13.175+0000] {processor.py:925} INFO - DAG(s) 'example_dag_decorator' retrieved from /home/airflow/.local/lib/python3.12/site-packages/airflow/example_dags/example_dag_decorator.py
[2024-11-01T11:26:13.194+0000] {logging_mixin.py:190} INFO - [2024-11-01T11:26:13.194+0000] {dag.py:3239} INFO - Sync 1 DAGs
[2024-11-01T11:26:13.206+0000] {logging_mixin.py:190} INFO - [2024-11-01T11:26:13.205+0000] {dag.py:4180} INFO - Setting next_dagrun for example_dag_decorator to None, run_after=None
[2024-11-01T11:26:13.221+0000] {processor.py:208} INFO - Processing /home/airflow/.local/lib/python3.12/site-packages/airflow/example_dags/example_dag_decorator.py took 0.061 seconds
[2024-11-01T11:26:44.211+0000] {processor.py:186} INFO - Started process (PID=268) to work on /home/airflow/.local/lib/python3.12/site-packages/airflow/example_dags/example_dag_decorator.py
[2024-11-01T11:26:44.212+0000] {processor.py:914} INFO - Processing file /home/airflow/.local/lib/python3.12/site-packages/airflow/example_dags/example_dag_decorator.py for tasks to queue
[2024-11-01T11:26:44.213+0000] {logging_mixin.py:190} INFO - [2024-11-01T11:26:44.213+0000] {dagbag.py:588} INFO - Filling up the DagBag from /home/airflow/.local/lib/python3.12/site-packages/airflow/example_dags/example_dag_decorator.py
[2024-11-01T11:26:44.221+0000] {processor.py:925} INFO - DAG(s) 'example_dag_decorator' retrieved from /home/airflow/.local/lib/python3.12/site-packages/airflow/example_dags/example_dag_decorator.py
[2024-11-01T11:26:44.236+0000] {logging_mixin.py:190} INFO - [2024-11-01T11:26:44.236+0000] {dag.py:3239} INFO - Sync 1 DAGs
[2024-11-01T11:26:44.245+0000] {logging_mixin.py:190} INFO - [2024-11-01T11:26:44.245+0000] {dag.py:4180} INFO - Setting next_dagrun for example_dag_decorator to None, run_after=None
[2024-11-01T11:26:44.260+0000] {processor.py:208} INFO - Processing /home/airflow/.local/lib/python3.12/site-packages/airflow/example_dags/example_dag_decorator.py took 0.053 seconds
[2024-11-01T11:27:15.251+0000] {processor.py:186} INFO - Started process (PID=333) to work on /home/airflow/.local/lib/python3.12/site-packages/airflow/example_dags/example_dag_decorator.py
[2024-11-01T11:27:15.252+0000] {processor.py:914} INFO - Processing file /home/airflow/.local/lib/python3.12/site-packages/airflow/example_dags/example_dag_decorator.py for tasks to queue
[2024-11-01T11:27:15.253+0000] {logging_mixin.py:190} INFO - [2024-11-01T11:27:15.253+0000] {dagbag.py:588} INFO - Filling up the DagBag from /home/airflow/.local/lib/python3.12/site-packages/airflow/example_dags/example_dag_decorator.py
[2024-11-01T11:27:15.259+0000] {processor.py:925} INFO - DAG(s) 'example_dag_decorator' retrieved from /home/airflow/.local/lib/python3.12/site-packages/airflow/example_dags/example_dag_decorator.py
[2024-11-01T11:27:15.331+0000] {logging_mixin.py:190} INFO - [2024-11-01T11:27:15.331+0000] {dag.py:3239} INFO - Sync 1 DAGs
[2024-11-01T11:27:15.338+0000] {logging_mixin.py:190} INFO - [2024-11-01T11:27:15.338+0000] {dag.py:4180} INFO - Setting next_dagrun for example_dag_decorator to None, run_after=None
[2024-11-01T11:27:15.354+0000] {processor.py:208} INFO - Processing /home/airflow/.local/lib/python3.12/site-packages/airflow/example_dags/example_dag_decorator.py took 0.106 seconds
[2024-11-01T11:27:45.405+0000] {processor.py:186} INFO - Started process (PID=397) to work on /home/airflow/.local/lib/python3.12/site-packages/airflow/example_dags/example_dag_decorator.py
[2024-11-01T11:27:45.406+0000] {processor.py:914} INFO - Processing file /home/airflow/.local/lib/python3.12/site-packages/airflow/example_dags/example_dag_decorator.py for tasks to queue
[2024-11-01T11:27:45.407+0000] {logging_mixin.py:190} INFO - [2024-11-01T11:27:45.407+0000] {dagbag.py:588} INFO - Filling up the DagBag from /home/airflow/.local/lib/python3.12/site-packages/airflow/example_dags/example_dag_decorator.py
[2024-11-01T11:27:45.413+0000] {processor.py:925} INFO - DAG(s) 'example_dag_decorator' retrieved from /home/airflow/.local/lib/python3.12/site-packages/airflow/example_dags/example_dag_decorator.py
[2024-11-01T11:27:45.480+0000] {logging_mixin.py:190} INFO - [2024-11-01T11:27:45.480+0000] {dag.py:3239} INFO - Sync 1 DAGs
[2024-11-01T11:27:45.487+0000] {logging_mixin.py:190} INFO - [2024-11-01T11:27:45.487+0000] {dag.py:4180} INFO - Setting next_dagrun for example_dag_decorator to None, run_after=None
[2024-11-01T11:27:45.502+0000] {processor.py:208} INFO - Processing /home/airflow/.local/lib/python3.12/site-packages/airflow/example_dags/example_dag_decorator.py took 0.100 seconds
[2024-11-01T11:28:15.893+0000] {processor.py:186} INFO - Started process (PID=463) to work on /home/airflow/.local/lib/python3.12/site-packages/airflow/example_dags/example_dag_decorator.py
[2024-11-01T11:28:15.893+0000] {processor.py:914} INFO - Processing file /home/airflow/.local/lib/python3.12/site-packages/airflow/example_dags/example_dag_decorator.py for tasks to queue
[2024-11-01T11:28:15.895+0000] {logging_mixin.py:190} INFO - [2024-11-01T11:28:15.895+0000] {dagbag.py:588} INFO - Filling up the DagBag from /home/airflow/.local/lib/python3.12/site-packages/airflow/example_dags/example_dag_decorator.py
[2024-11-01T11:28:15.901+0000] {processor.py:925} INFO - DAG(s) 'example_dag_decorator' retrieved from /home/airflow/.local/lib/python3.12/site-packages/airflow/example_dags/example_dag_decorator.py
[2024-11-01T11:28:15.974+0000] {logging_mixin.py:190} INFO - [2024-11-01T11:28:15.974+0000] {dag.py:3239} INFO - Sync 1 DAGs
[2024-11-01T11:28:15.981+0000] {logging_mixin.py:190} INFO - [2024-11-01T11:28:15.981+0000] {dag.py:4180} INFO - Setting next_dagrun for example_dag_decorator to None, run_after=None
[2024-11-01T11:28:15.997+0000] {processor.py:208} INFO - Processing /home/airflow/.local/lib/python3.12/site-packages/airflow/example_dags/example_dag_decorator.py took 0.108 seconds
[2024-11-01T11:28:46.300+0000] {processor.py:186} INFO - Started process (PID=528) to work on /home/airflow/.local/lib/python3.12/site-packages/airflow/example_dags/example_dag_decorator.py
[2024-11-01T11:28:46.301+0000] {processor.py:914} INFO - Processing file /home/airflow/.local/lib/python3.12/site-packages/airflow/example_dags/example_dag_decorator.py for tasks to queue
[2024-11-01T11:28:46.302+0000] {logging_mixin.py:190} INFO - [2024-11-01T11:28:46.302+0000] {dagbag.py:588} INFO - Filling up the DagBag from /home/airflow/.local/lib/python3.12/site-packages/airflow/example_dags/example_dag_decorator.py
[2024-11-01T11:28:46.309+0000] {processor.py:925} INFO - DAG(s) 'example_dag_decorator' retrieved from /home/airflow/.local/lib/python3.12/site-packages/airflow/example_dags/example_dag_decorator.py
[2024-11-01T11:28:46.379+0000] {logging_mixin.py:190} INFO - [2024-11-01T11:28:46.379+0000] {dag.py:3239} INFO - Sync 1 DAGs
[2024-11-01T11:28:46.387+0000] {logging_mixin.py:190} INFO - [2024-11-01T11:28:46.386+0000] {dag.py:4180} INFO - Setting next_dagrun for example_dag_decorator to None, run_after=None
[2024-11-01T11:28:46.403+0000] {processor.py:208} INFO - Processing /home/airflow/.local/lib/python3.12/site-packages/airflow/example_dags/example_dag_decorator.py took 0.106 seconds
[2024-11-01T11:29:16.665+0000] {processor.py:186} INFO - Started process (PID=593) to work on /home/airflow/.local/lib/python3.12/site-packages/airflow/example_dags/example_dag_decorator.py
[2024-11-01T11:29:16.665+0000] {processor.py:914} INFO - Processing file /home/airflow/.local/lib/python3.12/site-packages/airflow/example_dags/example_dag_decorator.py for tasks to queue
[2024-11-01T11:29:16.667+0000] {logging_mixin.py:190} INFO - [2024-11-01T11:29:16.666+0000] {dagbag.py:588} INFO - Filling up the DagBag from /home/airflow/.local/lib/python3.12/site-packages/airflow/example_dags/example_dag_decorator.py
[2024-11-01T11:29:16.673+0000] {processor.py:925} INFO - DAG(s) 'example_dag_decorator' retrieved from /home/airflow/.local/lib/python3.12/site-packages/airflow/example_dags/example_dag_decorator.py
[2024-11-01T11:29:16.742+0000] {logging_mixin.py:190} INFO - [2024-11-01T11:29:16.742+0000] {dag.py:3239} INFO - Sync 1 DAGs
[2024-11-01T11:29:16.751+0000] {logging_mixin.py:190} INFO - [2024-11-01T11:29:16.751+0000] {dag.py:4180} INFO - Setting next_dagrun for example_dag_decorator to None, run_after=None
[2024-11-01T11:29:16.766+0000] {processor.py:208} INFO - Processing /home/airflow/.local/lib/python3.12/site-packages/airflow/example_dags/example_dag_decorator.py took 0.105 seconds
[2024-11-01T11:29:47.141+0000] {processor.py:186} INFO - Started process (PID=658) to work on /home/airflow/.local/lib/python3.12/site-packages/airflow/example_dags/example_dag_decorator.py
[2024-11-01T11:29:47.141+0000] {processor.py:914} INFO - Processing file /home/airflow/.local/lib/python3.12/site-packages/airflow/example_dags/example_dag_decorator.py for tasks to queue
[2024-11-01T11:29:47.142+0000] {logging_mixin.py:190} INFO - [2024-11-01T11:29:47.142+0000] {dagbag.py:588} INFO - Filling up the DagBag from /home/airflow/.local/lib/python3.12/site-packages/airflow/example_dags/example_dag_decorator.py
[2024-11-01T11:29:47.149+0000] {processor.py:925} INFO - DAG(s) 'example_dag_decorator' retrieved from /home/airflow/.local/lib/python3.12/site-packages/airflow/example_dags/example_dag_decorator.py
[2024-11-01T11:29:47.165+0000] {logging_mixin.py:190} INFO - [2024-11-01T11:29:47.164+0000] {dag.py:3239} INFO - Sync 1 DAGs
[2024-11-01T11:29:47.174+0000] {logging_mixin.py:190} INFO - [2024-11-01T11:29:47.173+0000] {dag.py:4180} INFO - Setting next_dagrun for example_dag_decorator to None, run_after=None
[2024-11-01T11:29:47.188+0000] {processor.py:208} INFO - Processing /home/airflow/.local/lib/python3.12/site-packages/airflow/example_dags/example_dag_decorator.py took 0.051 seconds
[2024-11-01T11:30:17.361+0000] {processor.py:186} INFO - Started process (PID=723) to work on /home/airflow/.local/lib/python3.12/site-packages/airflow/example_dags/example_dag_decorator.py
[2024-11-01T11:30:17.362+0000] {processor.py:914} INFO - Processing file /home/airflow/.local/lib/python3.12/site-packages/airflow/example_dags/example_dag_decorator.py for tasks to queue
[2024-11-01T11:30:17.363+0000] {logging_mixin.py:190} INFO - [2024-11-01T11:30:17.363+0000] {dagbag.py:588} INFO - Filling up the DagBag from /home/airflow/.local/lib/python3.12/site-packages/airflow/example_dags/example_dag_decorator.py
[2024-11-01T11:30:17.369+0000] {processor.py:925} INFO - DAG(s) 'example_dag_decorator' retrieved from /home/airflow/.local/lib/python3.12/site-packages/airflow/example_dags/example_dag_decorator.py
[2024-11-01T11:30:17.440+0000] {logging_mixin.py:190} INFO - [2024-11-01T11:30:17.440+0000] {dag.py:3239} INFO - Sync 1 DAGs
[2024-11-01T11:30:17.448+0000] {logging_mixin.py:190} INFO - [2024-11-01T11:30:17.448+0000] {dag.py:4180} INFO - Setting next_dagrun for example_dag_decorator to None, run_after=None
[2024-11-01T11:30:17.464+0000] {processor.py:208} INFO - Processing /home/airflow/.local/lib/python3.12/site-packages/airflow/example_dags/example_dag_decorator.py took 0.107 seconds
[2024-11-01T11:30:47.702+0000] {processor.py:186} INFO - Started process (PID=788) to work on /home/airflow/.local/lib/python3.12/site-packages/airflow/example_dags/example_dag_decorator.py
[2024-11-01T11:30:47.702+0000] {processor.py:914} INFO - Processing file /home/airflow/.local/lib/python3.12/site-packages/airflow/example_dags/example_dag_decorator.py for tasks to queue
[2024-11-01T11:30:47.704+0000] {logging_mixin.py:190} INFO - [2024-11-01T11:30:47.704+0000] {dagbag.py:588} INFO - Filling up the DagBag from /home/airflow/.local/lib/python3.12/site-packages/airflow/example_dags/example_dag_decorator.py
[2024-11-01T11:30:47.710+0000] {processor.py:925} INFO - DAG(s) 'example_dag_decorator' retrieved from /home/airflow/.local/lib/python3.12/site-packages/airflow/example_dags/example_dag_decorator.py
[2024-11-01T11:30:47.780+0000] {logging_mixin.py:190} INFO - [2024-11-01T11:30:47.779+0000] {dag.py:3239} INFO - Sync 1 DAGs
[2024-11-01T11:30:47.787+0000] {logging_mixin.py:190} INFO - [2024-11-01T11:30:47.787+0000] {dag.py:4180} INFO - Setting next_dagrun for example_dag_decorator to None, run_after=None
[2024-11-01T11:30:47.805+0000] {processor.py:208} INFO - Processing /home/airflow/.local/lib/python3.12/site-packages/airflow/example_dags/example_dag_decorator.py took 0.107 seconds
[2024-11-01T11:31:18.078+0000] {processor.py:186} INFO - Started process (PID=853) to work on /home/airflow/.local/lib/python3.12/site-packages/airflow/example_dags/example_dag_decorator.py
[2024-11-01T11:31:18.078+0000] {processor.py:914} INFO - Processing file /home/airflow/.local/lib/python3.12/site-packages/airflow/example_dags/example_dag_decorator.py for tasks to queue
[2024-11-01T11:31:18.079+0000] {logging_mixin.py:190} INFO - [2024-11-01T11:31:18.079+0000] {dagbag.py:588} INFO - Filling up the DagBag from /home/airflow/.local/lib/python3.12/site-packages/airflow/example_dags/example_dag_decorator.py
[2024-11-01T11:31:18.086+0000] {processor.py:925} INFO - DAG(s) 'example_dag_decorator' retrieved from /home/airflow/.local/lib/python3.12/site-packages/airflow/example_dags/example_dag_decorator.py
[2024-11-01T11:31:18.154+0000] {logging_mixin.py:190} INFO - [2024-11-01T11:31:18.154+0000] {dag.py:3239} INFO - Sync 1 DAGs
[2024-11-01T11:31:18.161+0000] {logging_mixin.py:190} INFO - [2024-11-01T11:31:18.161+0000] {dag.py:4180} INFO - Setting next_dagrun for example_dag_decorator to None, run_after=None
[2024-11-01T11:31:18.176+0000] {processor.py:208} INFO - Processing /home/airflow/.local/lib/python3.12/site-packages/airflow/example_dags/example_dag_decorator.py took 0.103 seconds
[2024-11-01T11:31:48.524+0000] {processor.py:186} INFO - Started process (PID=918) to work on /home/airflow/.local/lib/python3.12/site-packages/airflow/example_dags/example_dag_decorator.py
[2024-11-01T11:31:48.525+0000] {processor.py:914} INFO - Processing file /home/airflow/.local/lib/python3.12/site-packages/airflow/example_dags/example_dag_decorator.py for tasks to queue
[2024-11-01T11:31:48.526+0000] {logging_mixin.py:190} INFO - [2024-11-01T11:31:48.526+0000] {dagbag.py:588} INFO - Filling up the DagBag from /home/airflow/.local/lib/python3.12/site-packages/airflow/example_dags/example_dag_decorator.py
[2024-11-01T11:31:48.533+0000] {processor.py:925} INFO - DAG(s) 'example_dag_decorator' retrieved from /home/airflow/.local/lib/python3.12/site-packages/airflow/example_dags/example_dag_decorator.py
[2024-11-01T11:31:48.548+0000] {logging_mixin.py:190} INFO - [2024-11-01T11:31:48.548+0000] {dag.py:3239} INFO - Sync 1 DAGs
[2024-11-01T11:31:48.557+0000] {logging_mixin.py:190} INFO - [2024-11-01T11:31:48.556+0000] {dag.py:4180} INFO - Setting next_dagrun for example_dag_decorator to None, run_after=None
[2024-11-01T11:31:48.570+0000] {processor.py:208} INFO - Processing /home/airflow/.local/lib/python3.12/site-packages/airflow/example_dags/example_dag_decorator.py took 0.049 seconds
[2024-11-01T11:32:18.919+0000] {processor.py:186} INFO - Started process (PID=983) to work on /home/airflow/.local/lib/python3.12/site-packages/airflow/example_dags/example_dag_decorator.py
[2024-11-01T11:32:18.920+0000] {processor.py:914} INFO - Processing file /home/airflow/.local/lib/python3.12/site-packages/airflow/example_dags/example_dag_decorator.py for tasks to queue
[2024-11-01T11:32:18.921+0000] {logging_mixin.py:190} INFO - [2024-11-01T11:32:18.921+0000] {dagbag.py:588} INFO - Filling up the DagBag from /home/airflow/.local/lib/python3.12/site-packages/airflow/example_dags/example_dag_decorator.py
[2024-11-01T11:32:18.928+0000] {processor.py:925} INFO - DAG(s) 'example_dag_decorator' retrieved from /home/airflow/.local/lib/python3.12/site-packages/airflow/example_dags/example_dag_decorator.py
[2024-11-01T11:32:18.997+0000] {logging_mixin.py:190} INFO - [2024-11-01T11:32:18.997+0000] {dag.py:3239} INFO - Sync 1 DAGs
[2024-11-01T11:32:19.004+0000] {logging_mixin.py:190} INFO - [2024-11-01T11:32:19.004+0000] {dag.py:4180} INFO - Setting next_dagrun for example_dag_decorator to None, run_after=None
[2024-11-01T11:32:19.021+0000] {processor.py:208} INFO - Processing /home/airflow/.local/lib/python3.12/site-packages/airflow/example_dags/example_dag_decorator.py took 0.105 seconds
[2024-11-01T11:32:49.392+0000] {processor.py:186} INFO - Started process (PID=1048) to work on /home/airflow/.local/lib/python3.12/site-packages/airflow/example_dags/example_dag_decorator.py
[2024-11-01T11:32:49.392+0000] {processor.py:914} INFO - Processing file /home/airflow/.local/lib/python3.12/site-packages/airflow/example_dags/example_dag_decorator.py for tasks to queue
[2024-11-01T11:32:49.393+0000] {logging_mixin.py:190} INFO - [2024-11-01T11:32:49.393+0000] {dagbag.py:588} INFO - Filling up the DagBag from /home/airflow/.local/lib/python3.12/site-packages/airflow/example_dags/example_dag_decorator.py
[2024-11-01T11:32:49.400+0000] {processor.py:925} INFO - DAG(s) 'example_dag_decorator' retrieved from /home/airflow/.local/lib/python3.12/site-packages/airflow/example_dags/example_dag_decorator.py
[2024-11-01T11:32:49.469+0000] {logging_mixin.py:190} INFO - [2024-11-01T11:32:49.469+0000] {dag.py:3239} INFO - Sync 1 DAGs
[2024-11-01T11:32:49.477+0000] {logging_mixin.py:190} INFO - [2024-11-01T11:32:49.476+0000] {dag.py:4180} INFO - Setting next_dagrun for example_dag_decorator to None, run_after=None
[2024-11-01T11:32:49.492+0000] {processor.py:208} INFO - Processing /home/airflow/.local/lib/python3.12/site-packages/airflow/example_dags/example_dag_decorator.py took 0.104 seconds
[2024-11-01T11:33:19.753+0000] {processor.py:186} INFO - Started process (PID=1114) to work on /home/airflow/.local/lib/python3.12/site-packages/airflow/example_dags/example_dag_decorator.py
[2024-11-01T11:33:19.753+0000] {processor.py:914} INFO - Processing file /home/airflow/.local/lib/python3.12/site-packages/airflow/example_dags/example_dag_decorator.py for tasks to queue
[2024-11-01T11:33:19.755+0000] {logging_mixin.py:190} INFO - [2024-11-01T11:33:19.755+0000] {dagbag.py:588} INFO - Filling up the DagBag from /home/airflow/.local/lib/python3.12/site-packages/airflow/example_dags/example_dag_decorator.py
[2024-11-01T11:33:19.761+0000] {processor.py:925} INFO - DAG(s) 'example_dag_decorator' retrieved from /home/airflow/.local/lib/python3.12/site-packages/airflow/example_dags/example_dag_decorator.py
[2024-11-01T11:33:19.830+0000] {logging_mixin.py:190} INFO - [2024-11-01T11:33:19.829+0000] {dag.py:3239} INFO - Sync 1 DAGs
[2024-11-01T11:33:19.837+0000] {logging_mixin.py:190} INFO - [2024-11-01T11:33:19.837+0000] {dag.py:4180} INFO - Setting next_dagrun for example_dag_decorator to None, run_after=None
[2024-11-01T11:33:19.854+0000] {processor.py:208} INFO - Processing /home/airflow/.local/lib/python3.12/site-packages/airflow/example_dags/example_dag_decorator.py took 0.105 seconds
[2024-11-01T11:33:49.879+0000] {processor.py:186} INFO - Started process (PID=1178) to work on /home/airflow/.local/lib/python3.12/site-packages/airflow/example_dags/example_dag_decorator.py
[2024-11-01T11:33:49.880+0000] {processor.py:914} INFO - Processing file /home/airflow/.local/lib/python3.12/site-packages/airflow/example_dags/example_dag_decorator.py for tasks to queue
[2024-11-01T11:33:49.882+0000] {logging_mixin.py:190} INFO - [2024-11-01T11:33:49.881+0000] {dagbag.py:588} INFO - Filling up the DagBag from /home/airflow/.local/lib/python3.12/site-packages/airflow/example_dags/example_dag_decorator.py
[2024-11-01T11:33:49.891+0000] {processor.py:925} INFO - DAG(s) 'example_dag_decorator' retrieved from /home/airflow/.local/lib/python3.12/site-packages/airflow/example_dags/example_dag_decorator.py
[2024-11-01T11:33:49.962+0000] {logging_mixin.py:190} INFO - [2024-11-01T11:33:49.962+0000] {dag.py:3239} INFO - Sync 1 DAGs
[2024-11-01T11:33:49.970+0000] {logging_mixin.py:190} INFO - [2024-11-01T11:33:49.969+0000] {dag.py:4180} INFO - Setting next_dagrun for example_dag_decorator to None, run_after=None
[2024-11-01T11:33:49.984+0000] {processor.py:208} INFO - Processing /home/airflow/.local/lib/python3.12/site-packages/airflow/example_dags/example_dag_decorator.py took 0.111 seconds
[2024-11-01T11:34:20.542+0000] {processor.py:186} INFO - Started process (PID=1244) to work on /home/airflow/.local/lib/python3.12/site-packages/airflow/example_dags/example_dag_decorator.py
[2024-11-01T11:34:20.543+0000] {processor.py:914} INFO - Processing file /home/airflow/.local/lib/python3.12/site-packages/airflow/example_dags/example_dag_decorator.py for tasks to queue
[2024-11-01T11:34:20.544+0000] {logging_mixin.py:190} INFO - [2024-11-01T11:34:20.544+0000] {dagbag.py:588} INFO - Filling up the DagBag from /home/airflow/.local/lib/python3.12/site-packages/airflow/example_dags/example_dag_decorator.py
[2024-11-01T11:34:20.551+0000] {processor.py:925} INFO - DAG(s) 'example_dag_decorator' retrieved from /home/airflow/.local/lib/python3.12/site-packages/airflow/example_dags/example_dag_decorator.py
[2024-11-01T11:34:20.566+0000] {logging_mixin.py:190} INFO - [2024-11-01T11:34:20.566+0000] {dag.py:3239} INFO - Sync 1 DAGs
[2024-11-01T11:34:20.575+0000] {logging_mixin.py:190} INFO - [2024-11-01T11:34:20.575+0000] {dag.py:4180} INFO - Setting next_dagrun for example_dag_decorator to None, run_after=None
[2024-11-01T11:34:20.589+0000] {processor.py:208} INFO - Processing /home/airflow/.local/lib/python3.12/site-packages/airflow/example_dags/example_dag_decorator.py took 0.051 seconds
[2024-11-01T11:34:51.168+0000] {processor.py:186} INFO - Started process (PID=1309) to work on /home/airflow/.local/lib/python3.12/site-packages/airflow/example_dags/example_dag_decorator.py
[2024-11-01T11:34:51.169+0000] {processor.py:914} INFO - Processing file /home/airflow/.local/lib/python3.12/site-packages/airflow/example_dags/example_dag_decorator.py for tasks to queue
[2024-11-01T11:34:51.170+0000] {logging_mixin.py:190} INFO - [2024-11-01T11:34:51.170+0000] {dagbag.py:588} INFO - Filling up the DagBag from /home/airflow/.local/lib/python3.12/site-packages/airflow/example_dags/example_dag_decorator.py
[2024-11-01T11:34:51.177+0000] {processor.py:925} INFO - DAG(s) 'example_dag_decorator' retrieved from /home/airflow/.local/lib/python3.12/site-packages/airflow/example_dags/example_dag_decorator.py
[2024-11-01T11:34:51.191+0000] {logging_mixin.py:190} INFO - [2024-11-01T11:34:51.191+0000] {dag.py:3239} INFO - Sync 1 DAGs
[2024-11-01T11:34:51.201+0000] {logging_mixin.py:190} INFO - [2024-11-01T11:34:51.200+0000] {dag.py:4180} INFO - Setting next_dagrun for example_dag_decorator to None, run_after=None
[2024-11-01T11:34:51.215+0000] {processor.py:208} INFO - Processing /home/airflow/.local/lib/python3.12/site-packages/airflow/example_dags/example_dag_decorator.py took 0.050 seconds
[2024-11-01T11:35:21.992+0000] {processor.py:186} INFO - Started process (PID=1374) to work on /home/airflow/.local/lib/python3.12/site-packages/airflow/example_dags/example_dag_decorator.py
[2024-11-01T11:35:21.993+0000] {processor.py:914} INFO - Processing file /home/airflow/.local/lib/python3.12/site-packages/airflow/example_dags/example_dag_decorator.py for tasks to queue
[2024-11-01T11:35:21.994+0000] {logging_mixin.py:190} INFO - [2024-11-01T11:35:21.994+0000] {dagbag.py:588} INFO - Filling up the DagBag from /home/airflow/.local/lib/python3.12/site-packages/airflow/example_dags/example_dag_decorator.py
[2024-11-01T11:35:22.002+0000] {processor.py:925} INFO - DAG(s) 'example_dag_decorator' retrieved from /home/airflow/.local/lib/python3.12/site-packages/airflow/example_dags/example_dag_decorator.py
[2024-11-01T11:35:22.088+0000] {logging_mixin.py:190} INFO - [2024-11-01T11:35:22.088+0000] {dag.py:3239} INFO - Sync 1 DAGs
[2024-11-01T11:35:22.096+0000] {logging_mixin.py:190} INFO - [2024-11-01T11:35:22.096+0000] {dag.py:4180} INFO - Setting next_dagrun for example_dag_decorator to None, run_after=None
[2024-11-01T11:35:22.111+0000] {processor.py:208} INFO - Processing /home/airflow/.local/lib/python3.12/site-packages/airflow/example_dags/example_dag_decorator.py took 0.122 seconds
[2024-11-01T11:35:52.386+0000] {processor.py:186} INFO - Started process (PID=1439) to work on /home/airflow/.local/lib/python3.12/site-packages/airflow/example_dags/example_dag_decorator.py
[2024-11-01T11:35:52.387+0000] {processor.py:914} INFO - Processing file /home/airflow/.local/lib/python3.12/site-packages/airflow/example_dags/example_dag_decorator.py for tasks to queue
[2024-11-01T11:35:52.388+0000] {logging_mixin.py:190} INFO - [2024-11-01T11:35:52.388+0000] {dagbag.py:588} INFO - Filling up the DagBag from /home/airflow/.local/lib/python3.12/site-packages/airflow/example_dags/example_dag_decorator.py
[2024-11-01T11:35:52.396+0000] {processor.py:925} INFO - DAG(s) 'example_dag_decorator' retrieved from /home/airflow/.local/lib/python3.12/site-packages/airflow/example_dags/example_dag_decorator.py
[2024-11-01T11:35:52.472+0000] {logging_mixin.py:190} INFO - [2024-11-01T11:35:52.472+0000] {dag.py:3239} INFO - Sync 1 DAGs
[2024-11-01T11:35:52.480+0000] {logging_mixin.py:190} INFO - [2024-11-01T11:35:52.480+0000] {dag.py:4180} INFO - Setting next_dagrun for example_dag_decorator to None, run_after=None
[2024-11-01T11:35:52.498+0000] {processor.py:208} INFO - Processing /home/airflow/.local/lib/python3.12/site-packages/airflow/example_dags/example_dag_decorator.py took 0.115 seconds
[2024-11-01T11:36:22.551+0000] {processor.py:186} INFO - Started process (PID=1503) to work on /home/airflow/.local/lib/python3.12/site-packages/airflow/example_dags/example_dag_decorator.py
[2024-11-01T11:36:22.551+0000] {processor.py:914} INFO - Processing file /home/airflow/.local/lib/python3.12/site-packages/airflow/example_dags/example_dag_decorator.py for tasks to queue
[2024-11-01T11:36:22.553+0000] {logging_mixin.py:190} INFO - [2024-11-01T11:36:22.552+0000] {dagbag.py:588} INFO - Filling up the DagBag from /home/airflow/.local/lib/python3.12/site-packages/airflow/example_dags/example_dag_decorator.py
[2024-11-01T11:36:22.559+0000] {processor.py:925} INFO - DAG(s) 'example_dag_decorator' retrieved from /home/airflow/.local/lib/python3.12/site-packages/airflow/example_dags/example_dag_decorator.py
[2024-11-01T11:36:22.573+0000] {logging_mixin.py:190} INFO - [2024-11-01T11:36:22.573+0000] {dag.py:3239} INFO - Sync 1 DAGs
[2024-11-01T11:36:22.581+0000] {logging_mixin.py:190} INFO - [2024-11-01T11:36:22.581+0000] {dag.py:4180} INFO - Setting next_dagrun for example_dag_decorator to None, run_after=None
[2024-11-01T11:36:22.593+0000] {processor.py:208} INFO - Processing /home/airflow/.local/lib/python3.12/site-packages/airflow/example_dags/example_dag_decorator.py took 0.045 seconds
[2024-11-01T11:36:52.650+0000] {processor.py:186} INFO - Started process (PID=1567) to work on /home/airflow/.local/lib/python3.12/site-packages/airflow/example_dags/example_dag_decorator.py
[2024-11-01T11:36:52.650+0000] {processor.py:914} INFO - Processing file /home/airflow/.local/lib/python3.12/site-packages/airflow/example_dags/example_dag_decorator.py for tasks to queue
[2024-11-01T11:36:52.652+0000] {logging_mixin.py:190} INFO - [2024-11-01T11:36:52.651+0000] {dagbag.py:588} INFO - Filling up the DagBag from /home/airflow/.local/lib/python3.12/site-packages/airflow/example_dags/example_dag_decorator.py
[2024-11-01T11:36:52.658+0000] {processor.py:925} INFO - DAG(s) 'example_dag_decorator' retrieved from /home/airflow/.local/lib/python3.12/site-packages/airflow/example_dags/example_dag_decorator.py
[2024-11-01T11:36:52.672+0000] {logging_mixin.py:190} INFO - [2024-11-01T11:36:52.672+0000] {dag.py:3239} INFO - Sync 1 DAGs
[2024-11-01T11:36:52.680+0000] {logging_mixin.py:190} INFO - [2024-11-01T11:36:52.680+0000] {dag.py:4180} INFO - Setting next_dagrun for example_dag_decorator to None, run_after=None
[2024-11-01T11:36:52.692+0000] {processor.py:208} INFO - Processing /home/airflow/.local/lib/python3.12/site-packages/airflow/example_dags/example_dag_decorator.py took 0.046 seconds
[2024-11-01T11:37:23.067+0000] {processor.py:186} INFO - Started process (PID=1632) to work on /home/airflow/.local/lib/python3.12/site-packages/airflow/example_dags/example_dag_decorator.py
[2024-11-01T11:37:23.068+0000] {processor.py:914} INFO - Processing file /home/airflow/.local/lib/python3.12/site-packages/airflow/example_dags/example_dag_decorator.py for tasks to queue
[2024-11-01T11:37:23.069+0000] {logging_mixin.py:190} INFO - [2024-11-01T11:37:23.069+0000] {dagbag.py:588} INFO - Filling up the DagBag from /home/airflow/.local/lib/python3.12/site-packages/airflow/example_dags/example_dag_decorator.py
[2024-11-01T11:37:23.076+0000] {processor.py:925} INFO - DAG(s) 'example_dag_decorator' retrieved from /home/airflow/.local/lib/python3.12/site-packages/airflow/example_dags/example_dag_decorator.py
[2024-11-01T11:37:23.091+0000] {logging_mixin.py:190} INFO - [2024-11-01T11:37:23.091+0000] {dag.py:3239} INFO - Sync 1 DAGs
[2024-11-01T11:37:23.101+0000] {logging_mixin.py:190} INFO - [2024-11-01T11:37:23.100+0000] {dag.py:4180} INFO - Setting next_dagrun for example_dag_decorator to None, run_after=None
[2024-11-01T11:37:23.114+0000] {processor.py:208} INFO - Processing /home/airflow/.local/lib/python3.12/site-packages/airflow/example_dags/example_dag_decorator.py took 0.051 seconds
[2024-11-01T11:37:54.092+0000] {processor.py:186} INFO - Started process (PID=1697) to work on /home/airflow/.local/lib/python3.12/site-packages/airflow/example_dags/example_dag_decorator.py
[2024-11-01T11:37:54.092+0000] {processor.py:914} INFO - Processing file /home/airflow/.local/lib/python3.12/site-packages/airflow/example_dags/example_dag_decorator.py for tasks to queue
[2024-11-01T11:37:54.094+0000] {logging_mixin.py:190} INFO - [2024-11-01T11:37:54.093+0000] {dagbag.py:588} INFO - Filling up the DagBag from /home/airflow/.local/lib/python3.12/site-packages/airflow/example_dags/example_dag_decorator.py
[2024-11-01T11:37:54.101+0000] {processor.py:925} INFO - DAG(s) 'example_dag_decorator' retrieved from /home/airflow/.local/lib/python3.12/site-packages/airflow/example_dags/example_dag_decorator.py
[2024-11-01T11:37:54.115+0000] {logging_mixin.py:190} INFO - [2024-11-01T11:37:54.115+0000] {dag.py:3239} INFO - Sync 1 DAGs
[2024-11-01T11:37:54.125+0000] {logging_mixin.py:190} INFO - [2024-11-01T11:37:54.124+0000] {dag.py:4180} INFO - Setting next_dagrun for example_dag_decorator to None, run_after=None
[2024-11-01T11:37:54.137+0000] {processor.py:208} INFO - Processing /home/airflow/.local/lib/python3.12/site-packages/airflow/example_dags/example_dag_decorator.py took 0.050 seconds
[2024-11-01T11:38:24.340+0000] {processor.py:186} INFO - Started process (PID=1762) to work on /home/airflow/.local/lib/python3.12/site-packages/airflow/example_dags/example_dag_decorator.py
[2024-11-01T11:38:24.341+0000] {processor.py:914} INFO - Processing file /home/airflow/.local/lib/python3.12/site-packages/airflow/example_dags/example_dag_decorator.py for tasks to queue
[2024-11-01T11:38:24.342+0000] {logging_mixin.py:190} INFO - [2024-11-01T11:38:24.342+0000] {dagbag.py:588} INFO - Filling up the DagBag from /home/airflow/.local/lib/python3.12/site-packages/airflow/example_dags/example_dag_decorator.py
[2024-11-01T11:38:24.350+0000] {processor.py:925} INFO - DAG(s) 'example_dag_decorator' retrieved from /home/airflow/.local/lib/python3.12/site-packages/airflow/example_dags/example_dag_decorator.py
[2024-11-01T11:38:24.420+0000] {logging_mixin.py:190} INFO - [2024-11-01T11:38:24.420+0000] {dag.py:3239} INFO - Sync 1 DAGs
[2024-11-01T11:38:24.427+0000] {logging_mixin.py:190} INFO - [2024-11-01T11:38:24.427+0000] {dag.py:4180} INFO - Setting next_dagrun for example_dag_decorator to None, run_after=None
[2024-11-01T11:38:24.439+0000] {processor.py:208} INFO - Processing /home/airflow/.local/lib/python3.12/site-packages/airflow/example_dags/example_dag_decorator.py took 0.103 seconds
[2024-11-01T11:38:54.479+0000] {processor.py:186} INFO - Started process (PID=1828) to work on /home/airflow/.local/lib/python3.12/site-packages/airflow/example_dags/example_dag_decorator.py
[2024-11-01T11:38:54.480+0000] {processor.py:914} INFO - Processing file /home/airflow/.local/lib/python3.12/site-packages/airflow/example_dags/example_dag_decorator.py for tasks to queue
[2024-11-01T11:38:54.481+0000] {logging_mixin.py:190} INFO - [2024-11-01T11:38:54.481+0000] {dagbag.py:588} INFO - Filling up the DagBag from /home/airflow/.local/lib/python3.12/site-packages/airflow/example_dags/example_dag_decorator.py
[2024-11-01T11:38:54.488+0000] {processor.py:925} INFO - DAG(s) 'example_dag_decorator' retrieved from /home/airflow/.local/lib/python3.12/site-packages/airflow/example_dags/example_dag_decorator.py
[2024-11-01T11:38:54.555+0000] {logging_mixin.py:190} INFO - [2024-11-01T11:38:54.555+0000] {dag.py:3239} INFO - Sync 1 DAGs
[2024-11-01T11:38:54.562+0000] {logging_mixin.py:190} INFO - [2024-11-01T11:38:54.562+0000] {dag.py:4180} INFO - Setting next_dagrun for example_dag_decorator to None, run_after=None
[2024-11-01T11:38:54.574+0000] {processor.py:208} INFO - Processing /home/airflow/.local/lib/python3.12/site-packages/airflow/example_dags/example_dag_decorator.py took 0.099 seconds
[2024-11-01T11:39:25.208+0000] {processor.py:186} INFO - Started process (PID=1892) to work on /home/airflow/.local/lib/python3.12/site-packages/airflow/example_dags/example_dag_decorator.py
[2024-11-01T11:39:25.209+0000] {processor.py:914} INFO - Processing file /home/airflow/.local/lib/python3.12/site-packages/airflow/example_dags/example_dag_decorator.py for tasks to queue
[2024-11-01T11:39:25.210+0000] {logging_mixin.py:190} INFO - [2024-11-01T11:39:25.210+0000] {dagbag.py:588} INFO - Filling up the DagBag from /home/airflow/.local/lib/python3.12/site-packages/airflow/example_dags/example_dag_decorator.py
[2024-11-01T11:39:25.217+0000] {processor.py:925} INFO - DAG(s) 'example_dag_decorator' retrieved from /home/airflow/.local/lib/python3.12/site-packages/airflow/example_dags/example_dag_decorator.py
[2024-11-01T11:39:25.231+0000] {logging_mixin.py:190} INFO - [2024-11-01T11:39:25.231+0000] {dag.py:3239} INFO - Sync 1 DAGs
[2024-11-01T11:39:25.240+0000] {logging_mixin.py:190} INFO - [2024-11-01T11:39:25.239+0000] {dag.py:4180} INFO - Setting next_dagrun for example_dag_decorator to None, run_after=None
[2024-11-01T11:39:25.251+0000] {processor.py:208} INFO - Processing /home/airflow/.local/lib/python3.12/site-packages/airflow/example_dags/example_dag_decorator.py took 0.046 seconds
[2024-11-01T11:39:55.982+0000] {processor.py:186} INFO - Started process (PID=1957) to work on /home/airflow/.local/lib/python3.12/site-packages/airflow/example_dags/example_dag_decorator.py
[2024-11-01T11:39:55.983+0000] {processor.py:914} INFO - Processing file /home/airflow/.local/lib/python3.12/site-packages/airflow/example_dags/example_dag_decorator.py for tasks to queue
[2024-11-01T11:39:55.984+0000] {logging_mixin.py:190} INFO - [2024-11-01T11:39:55.984+0000] {dagbag.py:588} INFO - Filling up the DagBag from /home/airflow/.local/lib/python3.12/site-packages/airflow/example_dags/example_dag_decorator.py
[2024-11-01T11:39:55.990+0000] {processor.py:925} INFO - DAG(s) 'example_dag_decorator' retrieved from /home/airflow/.local/lib/python3.12/site-packages/airflow/example_dags/example_dag_decorator.py
[2024-11-01T11:39:56.004+0000] {logging_mixin.py:190} INFO - [2024-11-01T11:39:56.004+0000] {dag.py:3239} INFO - Sync 1 DAGs
[2024-11-01T11:39:56.012+0000] {logging_mixin.py:190} INFO - [2024-11-01T11:39:56.012+0000] {dag.py:4180} INFO - Setting next_dagrun for example_dag_decorator to None, run_after=None
[2024-11-01T11:39:56.024+0000] {processor.py:208} INFO - Processing /home/airflow/.local/lib/python3.12/site-packages/airflow/example_dags/example_dag_decorator.py took 0.045 seconds
[2024-11-01T11:40:26.112+0000] {processor.py:186} INFO - Started process (PID=2022) to work on /home/airflow/.local/lib/python3.12/site-packages/airflow/example_dags/example_dag_decorator.py
[2024-11-01T11:40:26.113+0000] {processor.py:914} INFO - Processing file /home/airflow/.local/lib/python3.12/site-packages/airflow/example_dags/example_dag_decorator.py for tasks to queue
[2024-11-01T11:40:26.114+0000] {logging_mixin.py:190} INFO - [2024-11-01T11:40:26.114+0000] {dagbag.py:588} INFO - Filling up the DagBag from /home/airflow/.local/lib/python3.12/site-packages/airflow/example_dags/example_dag_decorator.py
[2024-11-01T11:40:26.122+0000] {processor.py:925} INFO - DAG(s) 'example_dag_decorator' retrieved from /home/airflow/.local/lib/python3.12/site-packages/airflow/example_dags/example_dag_decorator.py
[2024-11-01T11:40:26.191+0000] {logging_mixin.py:190} INFO - [2024-11-01T11:40:26.191+0000] {dag.py:3239} INFO - Sync 1 DAGs
[2024-11-01T11:40:26.315+0000] {logging_mixin.py:190} INFO - [2024-11-01T11:40:26.315+0000] {dag.py:4180} INFO - Setting next_dagrun for example_dag_decorator to None, run_after=None
[2024-11-01T11:40:26.329+0000] {processor.py:208} INFO - Processing /home/airflow/.local/lib/python3.12/site-packages/airflow/example_dags/example_dag_decorator.py took 0.221 seconds
[2024-11-01T11:40:56.506+0000] {processor.py:186} INFO - Started process (PID=2087) to work on /home/airflow/.local/lib/python3.12/site-packages/airflow/example_dags/example_dag_decorator.py
[2024-11-01T11:40:56.506+0000] {processor.py:914} INFO - Processing file /home/airflow/.local/lib/python3.12/site-packages/airflow/example_dags/example_dag_decorator.py for tasks to queue
[2024-11-01T11:40:56.507+0000] {logging_mixin.py:190} INFO - [2024-11-01T11:40:56.507+0000] {dagbag.py:588} INFO - Filling up the DagBag from /home/airflow/.local/lib/python3.12/site-packages/airflow/example_dags/example_dag_decorator.py
[2024-11-01T11:40:56.515+0000] {processor.py:925} INFO - DAG(s) 'example_dag_decorator' retrieved from /home/airflow/.local/lib/python3.12/site-packages/airflow/example_dags/example_dag_decorator.py
[2024-11-01T11:40:56.588+0000] {logging_mixin.py:190} INFO - [2024-11-01T11:40:56.588+0000] {dag.py:3239} INFO - Sync 1 DAGs
[2024-11-01T11:40:56.718+0000] {logging_mixin.py:190} INFO - [2024-11-01T11:40:56.718+0000] {dag.py:4180} INFO - Setting next_dagrun for example_dag_decorator to None, run_after=None
[2024-11-01T11:40:56.731+0000] {processor.py:208} INFO - Processing /home/airflow/.local/lib/python3.12/site-packages/airflow/example_dags/example_dag_decorator.py took 0.229 seconds
[2024-11-01T11:41:27.395+0000] {processor.py:186} INFO - Started process (PID=2152) to work on /home/airflow/.local/lib/python3.12/site-packages/airflow/example_dags/example_dag_decorator.py
[2024-11-01T11:41:27.396+0000] {processor.py:914} INFO - Processing file /home/airflow/.local/lib/python3.12/site-packages/airflow/example_dags/example_dag_decorator.py for tasks to queue
[2024-11-01T11:41:27.397+0000] {logging_mixin.py:190} INFO - [2024-11-01T11:41:27.397+0000] {dagbag.py:588} INFO - Filling up the DagBag from /home/airflow/.local/lib/python3.12/site-packages/airflow/example_dags/example_dag_decorator.py
[2024-11-01T11:41:27.404+0000] {processor.py:925} INFO - DAG(s) 'example_dag_decorator' retrieved from /home/airflow/.local/lib/python3.12/site-packages/airflow/example_dags/example_dag_decorator.py
[2024-11-01T11:41:27.474+0000] {logging_mixin.py:190} INFO - [2024-11-01T11:41:27.474+0000] {dag.py:3239} INFO - Sync 1 DAGs
[2024-11-01T11:41:27.598+0000] {logging_mixin.py:190} INFO - [2024-11-01T11:41:27.598+0000] {dag.py:4180} INFO - Setting next_dagrun for example_dag_decorator to None, run_after=None
[2024-11-01T11:41:27.611+0000] {processor.py:208} INFO - Processing /home/airflow/.local/lib/python3.12/site-packages/airflow/example_dags/example_dag_decorator.py took 0.220 seconds
[2024-11-01T11:41:58.231+0000] {processor.py:186} INFO - Started process (PID=2217) to work on /home/airflow/.local/lib/python3.12/site-packages/airflow/example_dags/example_dag_decorator.py
[2024-11-01T11:41:58.232+0000] {processor.py:914} INFO - Processing file /home/airflow/.local/lib/python3.12/site-packages/airflow/example_dags/example_dag_decorator.py for tasks to queue
[2024-11-01T11:41:58.233+0000] {logging_mixin.py:190} INFO - [2024-11-01T11:41:58.233+0000] {dagbag.py:588} INFO - Filling up the DagBag from /home/airflow/.local/lib/python3.12/site-packages/airflow/example_dags/example_dag_decorator.py
[2024-11-01T11:41:58.241+0000] {processor.py:925} INFO - DAG(s) 'example_dag_decorator' retrieved from /home/airflow/.local/lib/python3.12/site-packages/airflow/example_dags/example_dag_decorator.py
[2024-11-01T11:41:58.425+0000] {logging_mixin.py:190} INFO - [2024-11-01T11:41:58.424+0000] {dag.py:3239} INFO - Sync 1 DAGs
[2024-11-01T11:41:58.432+0000] {logging_mixin.py:190} INFO - [2024-11-01T11:41:58.431+0000] {dag.py:4180} INFO - Setting next_dagrun for example_dag_decorator to None, run_after=None
[2024-11-01T11:41:58.446+0000] {processor.py:208} INFO - Processing /home/airflow/.local/lib/python3.12/site-packages/airflow/example_dags/example_dag_decorator.py took 0.218 seconds
[2024-11-01T11:42:28.893+0000] {processor.py:186} INFO - Started process (PID=2282) to work on /home/airflow/.local/lib/python3.12/site-packages/airflow/example_dags/example_dag_decorator.py
[2024-11-01T11:42:28.894+0000] {processor.py:914} INFO - Processing file /home/airflow/.local/lib/python3.12/site-packages/airflow/example_dags/example_dag_decorator.py for tasks to queue
[2024-11-01T11:42:28.895+0000] {logging_mixin.py:190} INFO - [2024-11-01T11:42:28.895+0000] {dagbag.py:588} INFO - Filling up the DagBag from /home/airflow/.local/lib/python3.12/site-packages/airflow/example_dags/example_dag_decorator.py
[2024-11-01T11:42:28.901+0000] {processor.py:925} INFO - DAG(s) 'example_dag_decorator' retrieved from /home/airflow/.local/lib/python3.12/site-packages/airflow/example_dags/example_dag_decorator.py
[2024-11-01T11:42:29.087+0000] {logging_mixin.py:190} INFO - [2024-11-01T11:42:29.087+0000] {dag.py:3239} INFO - Sync 1 DAGs
[2024-11-01T11:42:29.094+0000] {logging_mixin.py:190} INFO - [2024-11-01T11:42:29.093+0000] {dag.py:4180} INFO - Setting next_dagrun for example_dag_decorator to None, run_after=None
[2024-11-01T11:42:29.106+0000] {processor.py:208} INFO - Processing /home/airflow/.local/lib/python3.12/site-packages/airflow/example_dags/example_dag_decorator.py took 0.216 seconds
[2024-11-01T11:42:59.947+0000] {processor.py:186} INFO - Started process (PID=2348) to work on /home/airflow/.local/lib/python3.12/site-packages/airflow/example_dags/example_dag_decorator.py
[2024-11-01T11:42:59.947+0000] {processor.py:914} INFO - Processing file /home/airflow/.local/lib/python3.12/site-packages/airflow/example_dags/example_dag_decorator.py for tasks to queue
[2024-11-01T11:42:59.949+0000] {logging_mixin.py:190} INFO - [2024-11-01T11:42:59.949+0000] {dagbag.py:588} INFO - Filling up the DagBag from /home/airflow/.local/lib/python3.12/site-packages/airflow/example_dags/example_dag_decorator.py
[2024-11-01T11:42:59.957+0000] {processor.py:925} INFO - DAG(s) 'example_dag_decorator' retrieved from /home/airflow/.local/lib/python3.12/site-packages/airflow/example_dags/example_dag_decorator.py
[2024-11-01T11:43:00.148+0000] {logging_mixin.py:190} INFO - [2024-11-01T11:43:00.148+0000] {dag.py:3239} INFO - Sync 1 DAGs
[2024-11-01T11:43:00.154+0000] {logging_mixin.py:190} INFO - [2024-11-01T11:43:00.154+0000] {dag.py:4180} INFO - Setting next_dagrun for example_dag_decorator to None, run_after=None
[2024-11-01T11:43:00.167+0000] {processor.py:208} INFO - Processing /home/airflow/.local/lib/python3.12/site-packages/airflow/example_dags/example_dag_decorator.py took 0.224 seconds
[2024-11-01T11:43:30.196+0000] {processor.py:186} INFO - Started process (PID=2413) to work on /home/airflow/.local/lib/python3.12/site-packages/airflow/example_dags/example_dag_decorator.py
[2024-11-01T11:43:30.198+0000] {processor.py:914} INFO - Processing file /home/airflow/.local/lib/python3.12/site-packages/airflow/example_dags/example_dag_decorator.py for tasks to queue
[2024-11-01T11:43:30.199+0000] {logging_mixin.py:190} INFO - [2024-11-01T11:43:30.199+0000] {dagbag.py:588} INFO - Filling up the DagBag from /home/airflow/.local/lib/python3.12/site-packages/airflow/example_dags/example_dag_decorator.py
[2024-11-01T11:43:30.206+0000] {processor.py:925} INFO - DAG(s) 'example_dag_decorator' retrieved from /home/airflow/.local/lib/python3.12/site-packages/airflow/example_dags/example_dag_decorator.py
[2024-11-01T11:43:30.393+0000] {logging_mixin.py:190} INFO - [2024-11-01T11:43:30.393+0000] {dag.py:3239} INFO - Sync 1 DAGs
[2024-11-01T11:43:30.400+0000] {logging_mixin.py:190} INFO - [2024-11-01T11:43:30.399+0000] {dag.py:4180} INFO - Setting next_dagrun for example_dag_decorator to None, run_after=None
[2024-11-01T11:43:30.413+0000] {processor.py:208} INFO - Processing /home/airflow/.local/lib/python3.12/site-packages/airflow/example_dags/example_dag_decorator.py took 0.222 seconds
[2024-11-01T11:44:00.873+0000] {processor.py:186} INFO - Started process (PID=2478) to work on /home/airflow/.local/lib/python3.12/site-packages/airflow/example_dags/example_dag_decorator.py
[2024-11-01T11:44:00.875+0000] {processor.py:914} INFO - Processing file /home/airflow/.local/lib/python3.12/site-packages/airflow/example_dags/example_dag_decorator.py for tasks to queue
[2024-11-01T11:44:00.877+0000] {logging_mixin.py:190} INFO - [2024-11-01T11:44:00.877+0000] {dagbag.py:588} INFO - Filling up the DagBag from /home/airflow/.local/lib/python3.12/site-packages/airflow/example_dags/example_dag_decorator.py
[2024-11-01T11:44:00.884+0000] {processor.py:925} INFO - DAG(s) 'example_dag_decorator' retrieved from /home/airflow/.local/lib/python3.12/site-packages/airflow/example_dags/example_dag_decorator.py
[2024-11-01T11:44:00.952+0000] {logging_mixin.py:190} INFO - [2024-11-01T11:44:00.952+0000] {dag.py:3239} INFO - Sync 1 DAGs
[2024-11-01T11:44:00.959+0000] {logging_mixin.py:190} INFO - [2024-11-01T11:44:00.959+0000] {dag.py:4180} INFO - Setting next_dagrun for example_dag_decorator to None, run_after=None
[2024-11-01T11:44:00.972+0000] {processor.py:208} INFO - Processing /home/airflow/.local/lib/python3.12/site-packages/airflow/example_dags/example_dag_decorator.py took 0.103 seconds
[2024-11-01T11:44:31.394+0000] {processor.py:186} INFO - Started process (PID=2543) to work on /home/airflow/.local/lib/python3.12/site-packages/airflow/example_dags/example_dag_decorator.py
[2024-11-01T11:44:31.396+0000] {processor.py:914} INFO - Processing file /home/airflow/.local/lib/python3.12/site-packages/airflow/example_dags/example_dag_decorator.py for tasks to queue
[2024-11-01T11:44:31.397+0000] {logging_mixin.py:190} INFO - [2024-11-01T11:44:31.397+0000] {dagbag.py:588} INFO - Filling up the DagBag from /home/airflow/.local/lib/python3.12/site-packages/airflow/example_dags/example_dag_decorator.py
[2024-11-01T11:44:31.405+0000] {processor.py:925} INFO - DAG(s) 'example_dag_decorator' retrieved from /home/airflow/.local/lib/python3.12/site-packages/airflow/example_dags/example_dag_decorator.py
[2024-11-01T11:44:31.473+0000] {logging_mixin.py:190} INFO - [2024-11-01T11:44:31.473+0000] {dag.py:3239} INFO - Sync 1 DAGs
[2024-11-01T11:44:31.481+0000] {logging_mixin.py:190} INFO - [2024-11-01T11:44:31.481+0000] {dag.py:4180} INFO - Setting next_dagrun for example_dag_decorator to None, run_after=None
[2024-11-01T11:44:31.493+0000] {processor.py:208} INFO - Processing /home/airflow/.local/lib/python3.12/site-packages/airflow/example_dags/example_dag_decorator.py took 0.103 seconds
[2024-11-01T11:45:01.967+0000] {processor.py:186} INFO - Started process (PID=2608) to work on /home/airflow/.local/lib/python3.12/site-packages/airflow/example_dags/example_dag_decorator.py
[2024-11-01T11:45:01.968+0000] {processor.py:914} INFO - Processing file /home/airflow/.local/lib/python3.12/site-packages/airflow/example_dags/example_dag_decorator.py for tasks to queue
[2024-11-01T11:45:01.969+0000] {logging_mixin.py:190} INFO - [2024-11-01T11:45:01.969+0000] {dagbag.py:588} INFO - Filling up the DagBag from /home/airflow/.local/lib/python3.12/site-packages/airflow/example_dags/example_dag_decorator.py
[2024-11-01T11:45:01.977+0000] {processor.py:925} INFO - DAG(s) 'example_dag_decorator' retrieved from /home/airflow/.local/lib/python3.12/site-packages/airflow/example_dags/example_dag_decorator.py
[2024-11-01T11:45:02.054+0000] {logging_mixin.py:190} INFO - [2024-11-01T11:45:02.053+0000] {dag.py:3239} INFO - Sync 1 DAGs
[2024-11-01T11:45:02.062+0000] {logging_mixin.py:190} INFO - [2024-11-01T11:45:02.061+0000] {dag.py:4180} INFO - Setting next_dagrun for example_dag_decorator to None, run_after=None
[2024-11-01T11:45:02.074+0000] {processor.py:208} INFO - Processing /home/airflow/.local/lib/python3.12/site-packages/airflow/example_dags/example_dag_decorator.py took 0.112 seconds
[2024-11-01T11:45:32.438+0000] {processor.py:186} INFO - Started process (PID=2673) to work on /home/airflow/.local/lib/python3.12/site-packages/airflow/example_dags/example_dag_decorator.py
[2024-11-01T11:45:32.440+0000] {processor.py:914} INFO - Processing file /home/airflow/.local/lib/python3.12/site-packages/airflow/example_dags/example_dag_decorator.py for tasks to queue
[2024-11-01T11:45:32.442+0000] {logging_mixin.py:190} INFO - [2024-11-01T11:45:32.441+0000] {dagbag.py:588} INFO - Filling up the DagBag from /home/airflow/.local/lib/python3.12/site-packages/airflow/example_dags/example_dag_decorator.py
[2024-11-01T11:45:32.449+0000] {processor.py:925} INFO - DAG(s) 'example_dag_decorator' retrieved from /home/airflow/.local/lib/python3.12/site-packages/airflow/example_dags/example_dag_decorator.py
[2024-11-01T11:45:32.523+0000] {logging_mixin.py:190} INFO - [2024-11-01T11:45:32.523+0000] {dag.py:3239} INFO - Sync 1 DAGs
[2024-11-01T11:45:32.532+0000] {logging_mixin.py:190} INFO - [2024-11-01T11:45:32.532+0000] {dag.py:4180} INFO - Setting next_dagrun for example_dag_decorator to None, run_after=None
[2024-11-01T11:45:32.547+0000] {processor.py:208} INFO - Processing /home/airflow/.local/lib/python3.12/site-packages/airflow/example_dags/example_dag_decorator.py took 0.113 seconds
[2024-11-01T11:46:02.596+0000] {processor.py:186} INFO - Started process (PID=2738) to work on /home/airflow/.local/lib/python3.12/site-packages/airflow/example_dags/example_dag_decorator.py
[2024-11-01T11:46:02.597+0000] {processor.py:914} INFO - Processing file /home/airflow/.local/lib/python3.12/site-packages/airflow/example_dags/example_dag_decorator.py for tasks to queue
[2024-11-01T11:46:02.598+0000] {logging_mixin.py:190} INFO - [2024-11-01T11:46:02.598+0000] {dagbag.py:588} INFO - Filling up the DagBag from /home/airflow/.local/lib/python3.12/site-packages/airflow/example_dags/example_dag_decorator.py
[2024-11-01T11:46:02.605+0000] {processor.py:925} INFO - DAG(s) 'example_dag_decorator' retrieved from /home/airflow/.local/lib/python3.12/site-packages/airflow/example_dags/example_dag_decorator.py
[2024-11-01T11:46:02.679+0000] {logging_mixin.py:190} INFO - [2024-11-01T11:46:02.679+0000] {dag.py:3239} INFO - Sync 1 DAGs
[2024-11-01T11:46:02.686+0000] {logging_mixin.py:190} INFO - [2024-11-01T11:46:02.686+0000] {dag.py:4180} INFO - Setting next_dagrun for example_dag_decorator to None, run_after=None
[2024-11-01T11:46:02.698+0000] {processor.py:208} INFO - Processing /home/airflow/.local/lib/python3.12/site-packages/airflow/example_dags/example_dag_decorator.py took 0.106 seconds
[2024-11-01T11:46:33.272+0000] {processor.py:186} INFO - Started process (PID=2803) to work on /home/airflow/.local/lib/python3.12/site-packages/airflow/example_dags/example_dag_decorator.py
[2024-11-01T11:46:33.272+0000] {processor.py:914} INFO - Processing file /home/airflow/.local/lib/python3.12/site-packages/airflow/example_dags/example_dag_decorator.py for tasks to queue
[2024-11-01T11:46:33.273+0000] {logging_mixin.py:190} INFO - [2024-11-01T11:46:33.273+0000] {dagbag.py:588} INFO - Filling up the DagBag from /home/airflow/.local/lib/python3.12/site-packages/airflow/example_dags/example_dag_decorator.py
[2024-11-01T11:46:33.280+0000] {processor.py:925} INFO - DAG(s) 'example_dag_decorator' retrieved from /home/airflow/.local/lib/python3.12/site-packages/airflow/example_dags/example_dag_decorator.py
[2024-11-01T11:46:33.346+0000] {logging_mixin.py:190} INFO - [2024-11-01T11:46:33.346+0000] {dag.py:3239} INFO - Sync 1 DAGs
[2024-11-01T11:46:33.353+0000] {logging_mixin.py:190} INFO - [2024-11-01T11:46:33.353+0000] {dag.py:4180} INFO - Setting next_dagrun for example_dag_decorator to None, run_after=None
[2024-11-01T11:46:33.365+0000] {processor.py:208} INFO - Processing /home/airflow/.local/lib/python3.12/site-packages/airflow/example_dags/example_dag_decorator.py took 0.097 seconds
[2024-11-01T11:47:03.890+0000] {processor.py:186} INFO - Started process (PID=2867) to work on /home/airflow/.local/lib/python3.12/site-packages/airflow/example_dags/example_dag_decorator.py
[2024-11-01T11:47:03.892+0000] {processor.py:914} INFO - Processing file /home/airflow/.local/lib/python3.12/site-packages/airflow/example_dags/example_dag_decorator.py for tasks to queue
[2024-11-01T11:47:03.893+0000] {logging_mixin.py:190} INFO - [2024-11-01T11:47:03.893+0000] {dagbag.py:588} INFO - Filling up the DagBag from /home/airflow/.local/lib/python3.12/site-packages/airflow/example_dags/example_dag_decorator.py
[2024-11-01T11:47:03.900+0000] {processor.py:925} INFO - DAG(s) 'example_dag_decorator' retrieved from /home/airflow/.local/lib/python3.12/site-packages/airflow/example_dags/example_dag_decorator.py
[2024-11-01T11:47:03.970+0000] {logging_mixin.py:190} INFO - [2024-11-01T11:47:03.970+0000] {dag.py:3239} INFO - Sync 1 DAGs
[2024-11-01T11:47:03.977+0000] {logging_mixin.py:190} INFO - [2024-11-01T11:47:03.977+0000] {dag.py:4180} INFO - Setting next_dagrun for example_dag_decorator to None, run_after=None
[2024-11-01T11:47:03.989+0000] {processor.py:208} INFO - Processing /home/airflow/.local/lib/python3.12/site-packages/airflow/example_dags/example_dag_decorator.py took 0.104 seconds
[2024-11-01T11:47:34.619+0000] {processor.py:186} INFO - Started process (PID=2932) to work on /home/airflow/.local/lib/python3.12/site-packages/airflow/example_dags/example_dag_decorator.py
[2024-11-01T11:47:34.620+0000] {processor.py:914} INFO - Processing file /home/airflow/.local/lib/python3.12/site-packages/airflow/example_dags/example_dag_decorator.py for tasks to queue
[2024-11-01T11:47:34.622+0000] {logging_mixin.py:190} INFO - [2024-11-01T11:47:34.622+0000] {dagbag.py:588} INFO - Filling up the DagBag from /home/airflow/.local/lib/python3.12/site-packages/airflow/example_dags/example_dag_decorator.py
[2024-11-01T11:47:34.629+0000] {processor.py:925} INFO - DAG(s) 'example_dag_decorator' retrieved from /home/airflow/.local/lib/python3.12/site-packages/airflow/example_dags/example_dag_decorator.py
[2024-11-01T11:47:34.699+0000] {logging_mixin.py:190} INFO - [2024-11-01T11:47:34.699+0000] {dag.py:3239} INFO - Sync 1 DAGs
[2024-11-01T11:47:34.706+0000] {logging_mixin.py:190} INFO - [2024-11-01T11:47:34.706+0000] {dag.py:4180} INFO - Setting next_dagrun for example_dag_decorator to None, run_after=None
[2024-11-01T11:47:34.717+0000] {processor.py:208} INFO - Processing /home/airflow/.local/lib/python3.12/site-packages/airflow/example_dags/example_dag_decorator.py took 0.103 seconds
[2024-11-01T11:48:04.809+0000] {processor.py:186} INFO - Started process (PID=2997) to work on /home/airflow/.local/lib/python3.12/site-packages/airflow/example_dags/example_dag_decorator.py
[2024-11-01T11:48:04.811+0000] {processor.py:914} INFO - Processing file /home/airflow/.local/lib/python3.12/site-packages/airflow/example_dags/example_dag_decorator.py for tasks to queue
[2024-11-01T11:48:04.812+0000] {logging_mixin.py:190} INFO - [2024-11-01T11:48:04.812+0000] {dagbag.py:588} INFO - Filling up the DagBag from /home/airflow/.local/lib/python3.12/site-packages/airflow/example_dags/example_dag_decorator.py
[2024-11-01T11:48:04.820+0000] {processor.py:925} INFO - DAG(s) 'example_dag_decorator' retrieved from /home/airflow/.local/lib/python3.12/site-packages/airflow/example_dags/example_dag_decorator.py
[2024-11-01T11:48:04.889+0000] {logging_mixin.py:190} INFO - [2024-11-01T11:48:04.889+0000] {dag.py:3239} INFO - Sync 1 DAGs
[2024-11-01T11:48:04.896+0000] {logging_mixin.py:190} INFO - [2024-11-01T11:48:04.895+0000] {dag.py:4180} INFO - Setting next_dagrun for example_dag_decorator to None, run_after=None
[2024-11-01T11:48:04.907+0000] {processor.py:208} INFO - Processing /home/airflow/.local/lib/python3.12/site-packages/airflow/example_dags/example_dag_decorator.py took 0.102 seconds
[2024-11-01T11:48:35.601+0000] {processor.py:186} INFO - Started process (PID=3062) to work on /home/airflow/.local/lib/python3.12/site-packages/airflow/example_dags/example_dag_decorator.py
[2024-11-01T11:48:35.602+0000] {processor.py:914} INFO - Processing file /home/airflow/.local/lib/python3.12/site-packages/airflow/example_dags/example_dag_decorator.py for tasks to queue
[2024-11-01T11:48:35.604+0000] {logging_mixin.py:190} INFO - [2024-11-01T11:48:35.604+0000] {dagbag.py:588} INFO - Filling up the DagBag from /home/airflow/.local/lib/python3.12/site-packages/airflow/example_dags/example_dag_decorator.py
[2024-11-01T11:48:35.614+0000] {processor.py:925} INFO - DAG(s) 'example_dag_decorator' retrieved from /home/airflow/.local/lib/python3.12/site-packages/airflow/example_dags/example_dag_decorator.py
[2024-11-01T11:48:35.629+0000] {logging_mixin.py:190} INFO - [2024-11-01T11:48:35.629+0000] {dag.py:3239} INFO - Sync 1 DAGs
[2024-11-01T11:48:35.640+0000] {logging_mixin.py:190} INFO - [2024-11-01T11:48:35.640+0000] {dag.py:4180} INFO - Setting next_dagrun for example_dag_decorator to None, run_after=None
[2024-11-01T11:48:35.654+0000] {processor.py:208} INFO - Processing /home/airflow/.local/lib/python3.12/site-packages/airflow/example_dags/example_dag_decorator.py took 0.058 seconds
[2024-11-01T11:49:06.484+0000] {processor.py:186} INFO - Started process (PID=3127) to work on /home/airflow/.local/lib/python3.12/site-packages/airflow/example_dags/example_dag_decorator.py
[2024-11-01T11:49:06.486+0000] {processor.py:914} INFO - Processing file /home/airflow/.local/lib/python3.12/site-packages/airflow/example_dags/example_dag_decorator.py for tasks to queue
[2024-11-01T11:49:06.487+0000] {logging_mixin.py:190} INFO - [2024-11-01T11:49:06.487+0000] {dagbag.py:588} INFO - Filling up the DagBag from /home/airflow/.local/lib/python3.12/site-packages/airflow/example_dags/example_dag_decorator.py
[2024-11-01T11:49:06.494+0000] {processor.py:925} INFO - DAG(s) 'example_dag_decorator' retrieved from /home/airflow/.local/lib/python3.12/site-packages/airflow/example_dags/example_dag_decorator.py
[2024-11-01T11:49:06.563+0000] {logging_mixin.py:190} INFO - [2024-11-01T11:49:06.562+0000] {dag.py:3239} INFO - Sync 1 DAGs
[2024-11-01T11:49:06.570+0000] {logging_mixin.py:190} INFO - [2024-11-01T11:49:06.570+0000] {dag.py:4180} INFO - Setting next_dagrun for example_dag_decorator to None, run_after=None
[2024-11-01T11:49:06.584+0000] {processor.py:208} INFO - Processing /home/airflow/.local/lib/python3.12/site-packages/airflow/example_dags/example_dag_decorator.py took 0.105 seconds
[2024-11-01T11:49:36.880+0000] {processor.py:186} INFO - Started process (PID=3192) to work on /home/airflow/.local/lib/python3.12/site-packages/airflow/example_dags/example_dag_decorator.py
[2024-11-01T11:49:36.882+0000] {processor.py:914} INFO - Processing file /home/airflow/.local/lib/python3.12/site-packages/airflow/example_dags/example_dag_decorator.py for tasks to queue
[2024-11-01T11:49:36.883+0000] {logging_mixin.py:190} INFO - [2024-11-01T11:49:36.883+0000] {dagbag.py:588} INFO - Filling up the DagBag from /home/airflow/.local/lib/python3.12/site-packages/airflow/example_dags/example_dag_decorator.py
[2024-11-01T11:49:36.890+0000] {processor.py:925} INFO - DAG(s) 'example_dag_decorator' retrieved from /home/airflow/.local/lib/python3.12/site-packages/airflow/example_dags/example_dag_decorator.py
[2024-11-01T11:49:36.959+0000] {logging_mixin.py:190} INFO - [2024-11-01T11:49:36.958+0000] {dag.py:3239} INFO - Sync 1 DAGs
[2024-11-01T11:49:36.967+0000] {logging_mixin.py:190} INFO - [2024-11-01T11:49:36.966+0000] {dag.py:4180} INFO - Setting next_dagrun for example_dag_decorator to None, run_after=None
[2024-11-01T11:49:36.980+0000] {processor.py:208} INFO - Processing /home/airflow/.local/lib/python3.12/site-packages/airflow/example_dags/example_dag_decorator.py took 0.105 seconds
[2024-11-01T11:50:07.381+0000] {processor.py:186} INFO - Started process (PID=3257) to work on /home/airflow/.local/lib/python3.12/site-packages/airflow/example_dags/example_dag_decorator.py
[2024-11-01T11:50:07.383+0000] {processor.py:914} INFO - Processing file /home/airflow/.local/lib/python3.12/site-packages/airflow/example_dags/example_dag_decorator.py for tasks to queue
[2024-11-01T11:50:07.385+0000] {logging_mixin.py:190} INFO - [2024-11-01T11:50:07.384+0000] {dagbag.py:588} INFO - Filling up the DagBag from /home/airflow/.local/lib/python3.12/site-packages/airflow/example_dags/example_dag_decorator.py
[2024-11-01T11:50:07.392+0000] {processor.py:925} INFO - DAG(s) 'example_dag_decorator' retrieved from /home/airflow/.local/lib/python3.12/site-packages/airflow/example_dags/example_dag_decorator.py
[2024-11-01T11:50:07.407+0000] {logging_mixin.py:190} INFO - [2024-11-01T11:50:07.407+0000] {dag.py:3239} INFO - Sync 1 DAGs
[2024-11-01T11:50:07.416+0000] {logging_mixin.py:190} INFO - [2024-11-01T11:50:07.416+0000] {dag.py:4180} INFO - Setting next_dagrun for example_dag_decorator to None, run_after=None
[2024-11-01T11:50:07.431+0000] {processor.py:208} INFO - Processing /home/airflow/.local/lib/python3.12/site-packages/airflow/example_dags/example_dag_decorator.py took 0.053 seconds
[2024-11-01T11:50:37.953+0000] {processor.py:186} INFO - Started process (PID=3322) to work on /home/airflow/.local/lib/python3.12/site-packages/airflow/example_dags/example_dag_decorator.py
[2024-11-01T11:50:37.955+0000] {processor.py:914} INFO - Processing file /home/airflow/.local/lib/python3.12/site-packages/airflow/example_dags/example_dag_decorator.py for tasks to queue
[2024-11-01T11:50:37.956+0000] {logging_mixin.py:190} INFO - [2024-11-01T11:50:37.956+0000] {dagbag.py:588} INFO - Filling up the DagBag from /home/airflow/.local/lib/python3.12/site-packages/airflow/example_dags/example_dag_decorator.py
[2024-11-01T11:50:37.963+0000] {processor.py:925} INFO - DAG(s) 'example_dag_decorator' retrieved from /home/airflow/.local/lib/python3.12/site-packages/airflow/example_dags/example_dag_decorator.py
[2024-11-01T11:50:38.033+0000] {logging_mixin.py:190} INFO - [2024-11-01T11:50:38.033+0000] {dag.py:3239} INFO - Sync 1 DAGs
[2024-11-01T11:50:38.041+0000] {logging_mixin.py:190} INFO - [2024-11-01T11:50:38.041+0000] {dag.py:4180} INFO - Setting next_dagrun for example_dag_decorator to None, run_after=None
[2024-11-01T11:50:38.056+0000] {processor.py:208} INFO - Processing /home/airflow/.local/lib/python3.12/site-packages/airflow/example_dags/example_dag_decorator.py took 0.107 seconds
[2024-11-01T11:51:08.865+0000] {processor.py:186} INFO - Started process (PID=3387) to work on /home/airflow/.local/lib/python3.12/site-packages/airflow/example_dags/example_dag_decorator.py
[2024-11-01T11:51:08.867+0000] {processor.py:914} INFO - Processing file /home/airflow/.local/lib/python3.12/site-packages/airflow/example_dags/example_dag_decorator.py for tasks to queue
[2024-11-01T11:51:08.869+0000] {logging_mixin.py:190} INFO - [2024-11-01T11:51:08.869+0000] {dagbag.py:588} INFO - Filling up the DagBag from /home/airflow/.local/lib/python3.12/site-packages/airflow/example_dags/example_dag_decorator.py
[2024-11-01T11:51:08.876+0000] {processor.py:925} INFO - DAG(s) 'example_dag_decorator' retrieved from /home/airflow/.local/lib/python3.12/site-packages/airflow/example_dags/example_dag_decorator.py
[2024-11-01T11:51:08.891+0000] {logging_mixin.py:190} INFO - [2024-11-01T11:51:08.891+0000] {dag.py:3239} INFO - Sync 1 DAGs
[2024-11-01T11:51:08.900+0000] {logging_mixin.py:190} INFO - [2024-11-01T11:51:08.900+0000] {dag.py:4180} INFO - Setting next_dagrun for example_dag_decorator to None, run_after=None
[2024-11-01T11:51:08.915+0000] {processor.py:208} INFO - Processing /home/airflow/.local/lib/python3.12/site-packages/airflow/example_dags/example_dag_decorator.py took 0.056 seconds
[2024-11-01T11:51:39.237+0000] {processor.py:186} INFO - Started process (PID=3452) to work on /home/airflow/.local/lib/python3.12/site-packages/airflow/example_dags/example_dag_decorator.py
[2024-11-01T11:51:39.239+0000] {processor.py:914} INFO - Processing file /home/airflow/.local/lib/python3.12/site-packages/airflow/example_dags/example_dag_decorator.py for tasks to queue
[2024-11-01T11:51:39.241+0000] {logging_mixin.py:190} INFO - [2024-11-01T11:51:39.240+0000] {dagbag.py:588} INFO - Filling up the DagBag from /home/airflow/.local/lib/python3.12/site-packages/airflow/example_dags/example_dag_decorator.py
[2024-11-01T11:51:39.248+0000] {processor.py:925} INFO - DAG(s) 'example_dag_decorator' retrieved from /home/airflow/.local/lib/python3.12/site-packages/airflow/example_dags/example_dag_decorator.py
[2024-11-01T11:51:39.263+0000] {logging_mixin.py:190} INFO - [2024-11-01T11:51:39.263+0000] {dag.py:3239} INFO - Sync 1 DAGs
[2024-11-01T11:51:39.272+0000] {logging_mixin.py:190} INFO - [2024-11-01T11:51:39.272+0000] {dag.py:4180} INFO - Setting next_dagrun for example_dag_decorator to None, run_after=None
[2024-11-01T11:51:39.290+0000] {processor.py:208} INFO - Processing /home/airflow/.local/lib/python3.12/site-packages/airflow/example_dags/example_dag_decorator.py took 0.057 seconds
[2024-11-01T11:52:09.753+0000] {processor.py:186} INFO - Started process (PID=3517) to work on /home/airflow/.local/lib/python3.12/site-packages/airflow/example_dags/example_dag_decorator.py
[2024-11-01T11:52:09.755+0000] {processor.py:914} INFO - Processing file /home/airflow/.local/lib/python3.12/site-packages/airflow/example_dags/example_dag_decorator.py for tasks to queue
[2024-11-01T11:52:09.756+0000] {logging_mixin.py:190} INFO - [2024-11-01T11:52:09.756+0000] {dagbag.py:588} INFO - Filling up the DagBag from /home/airflow/.local/lib/python3.12/site-packages/airflow/example_dags/example_dag_decorator.py
[2024-11-01T11:52:09.764+0000] {processor.py:925} INFO - DAG(s) 'example_dag_decorator' retrieved from /home/airflow/.local/lib/python3.12/site-packages/airflow/example_dags/example_dag_decorator.py
[2024-11-01T11:52:09.844+0000] {logging_mixin.py:190} INFO - [2024-11-01T11:52:09.844+0000] {dag.py:3239} INFO - Sync 1 DAGs
[2024-11-01T11:52:09.851+0000] {logging_mixin.py:190} INFO - [2024-11-01T11:52:09.851+0000] {dag.py:4180} INFO - Setting next_dagrun for example_dag_decorator to None, run_after=None
[2024-11-01T11:52:09.865+0000] {processor.py:208} INFO - Processing /home/airflow/.local/lib/python3.12/site-packages/airflow/example_dags/example_dag_decorator.py took 0.116 seconds
[2024-11-01T11:52:40.199+0000] {processor.py:186} INFO - Started process (PID=3582) to work on /home/airflow/.local/lib/python3.12/site-packages/airflow/example_dags/example_dag_decorator.py
[2024-11-01T11:52:40.201+0000] {processor.py:914} INFO - Processing file /home/airflow/.local/lib/python3.12/site-packages/airflow/example_dags/example_dag_decorator.py for tasks to queue
[2024-11-01T11:52:40.202+0000] {logging_mixin.py:190} INFO - [2024-11-01T11:52:40.202+0000] {dagbag.py:588} INFO - Filling up the DagBag from /home/airflow/.local/lib/python3.12/site-packages/airflow/example_dags/example_dag_decorator.py
[2024-11-01T11:52:40.209+0000] {processor.py:925} INFO - DAG(s) 'example_dag_decorator' retrieved from /home/airflow/.local/lib/python3.12/site-packages/airflow/example_dags/example_dag_decorator.py
[2024-11-01T11:52:40.278+0000] {logging_mixin.py:190} INFO - [2024-11-01T11:52:40.278+0000] {dag.py:3239} INFO - Sync 1 DAGs
[2024-11-01T11:52:40.285+0000] {logging_mixin.py:190} INFO - [2024-11-01T11:52:40.285+0000] {dag.py:4180} INFO - Setting next_dagrun for example_dag_decorator to None, run_after=None
[2024-11-01T11:52:40.299+0000] {processor.py:208} INFO - Processing /home/airflow/.local/lib/python3.12/site-packages/airflow/example_dags/example_dag_decorator.py took 0.104 seconds
[2024-11-01T11:53:10.638+0000] {processor.py:186} INFO - Started process (PID=3647) to work on /home/airflow/.local/lib/python3.12/site-packages/airflow/example_dags/example_dag_decorator.py
[2024-11-01T11:53:10.640+0000] {processor.py:914} INFO - Processing file /home/airflow/.local/lib/python3.12/site-packages/airflow/example_dags/example_dag_decorator.py for tasks to queue
[2024-11-01T11:53:10.641+0000] {logging_mixin.py:190} INFO - [2024-11-01T11:53:10.641+0000] {dagbag.py:588} INFO - Filling up the DagBag from /home/airflow/.local/lib/python3.12/site-packages/airflow/example_dags/example_dag_decorator.py
[2024-11-01T11:53:10.648+0000] {processor.py:925} INFO - DAG(s) 'example_dag_decorator' retrieved from /home/airflow/.local/lib/python3.12/site-packages/airflow/example_dags/example_dag_decorator.py
[2024-11-01T11:53:10.716+0000] {logging_mixin.py:190} INFO - [2024-11-01T11:53:10.716+0000] {dag.py:3239} INFO - Sync 1 DAGs
[2024-11-01T11:53:10.723+0000] {logging_mixin.py:190} INFO - [2024-11-01T11:53:10.723+0000] {dag.py:4180} INFO - Setting next_dagrun for example_dag_decorator to None, run_after=None
[2024-11-01T11:53:10.736+0000] {processor.py:208} INFO - Processing /home/airflow/.local/lib/python3.12/site-packages/airflow/example_dags/example_dag_decorator.py took 0.102 seconds
[2024-11-01T11:53:41.064+0000] {processor.py:186} INFO - Started process (PID=3712) to work on /home/airflow/.local/lib/python3.12/site-packages/airflow/example_dags/example_dag_decorator.py
[2024-11-01T11:53:41.065+0000] {processor.py:914} INFO - Processing file /home/airflow/.local/lib/python3.12/site-packages/airflow/example_dags/example_dag_decorator.py for tasks to queue
[2024-11-01T11:53:41.067+0000] {logging_mixin.py:190} INFO - [2024-11-01T11:53:41.067+0000] {dagbag.py:588} INFO - Filling up the DagBag from /home/airflow/.local/lib/python3.12/site-packages/airflow/example_dags/example_dag_decorator.py
[2024-11-01T11:53:41.076+0000] {processor.py:925} INFO - DAG(s) 'example_dag_decorator' retrieved from /home/airflow/.local/lib/python3.12/site-packages/airflow/example_dags/example_dag_decorator.py
[2024-11-01T11:53:41.144+0000] {logging_mixin.py:190} INFO - [2024-11-01T11:53:41.144+0000] {dag.py:3239} INFO - Sync 1 DAGs
[2024-11-01T11:53:41.151+0000] {logging_mixin.py:190} INFO - [2024-11-01T11:53:41.151+0000] {dag.py:4180} INFO - Setting next_dagrun for example_dag_decorator to None, run_after=None
[2024-11-01T11:53:41.164+0000] {processor.py:208} INFO - Processing /home/airflow/.local/lib/python3.12/site-packages/airflow/example_dags/example_dag_decorator.py took 0.105 seconds
[2024-11-01T11:54:11.447+0000] {processor.py:186} INFO - Started process (PID=3777) to work on /home/airflow/.local/lib/python3.12/site-packages/airflow/example_dags/example_dag_decorator.py
[2024-11-01T11:54:11.449+0000] {processor.py:914} INFO - Processing file /home/airflow/.local/lib/python3.12/site-packages/airflow/example_dags/example_dag_decorator.py for tasks to queue
[2024-11-01T11:54:11.450+0000] {logging_mixin.py:190} INFO - [2024-11-01T11:54:11.450+0000] {dagbag.py:588} INFO - Filling up the DagBag from /home/airflow/.local/lib/python3.12/site-packages/airflow/example_dags/example_dag_decorator.py
[2024-11-01T11:54:11.457+0000] {processor.py:925} INFO - DAG(s) 'example_dag_decorator' retrieved from /home/airflow/.local/lib/python3.12/site-packages/airflow/example_dags/example_dag_decorator.py
[2024-11-01T11:54:11.535+0000] {logging_mixin.py:190} INFO - [2024-11-01T11:54:11.535+0000] {dag.py:3239} INFO - Sync 1 DAGs
[2024-11-01T11:54:11.543+0000] {logging_mixin.py:190} INFO - [2024-11-01T11:54:11.543+0000] {dag.py:4180} INFO - Setting next_dagrun for example_dag_decorator to None, run_after=None
[2024-11-01T11:54:11.555+0000] {processor.py:208} INFO - Processing /home/airflow/.local/lib/python3.12/site-packages/airflow/example_dags/example_dag_decorator.py took 0.112 seconds
[2024-11-01T11:54:41.939+0000] {processor.py:186} INFO - Started process (PID=3842) to work on /home/airflow/.local/lib/python3.12/site-packages/airflow/example_dags/example_dag_decorator.py
[2024-11-01T11:54:41.941+0000] {processor.py:914} INFO - Processing file /home/airflow/.local/lib/python3.12/site-packages/airflow/example_dags/example_dag_decorator.py for tasks to queue
[2024-11-01T11:54:41.943+0000] {logging_mixin.py:190} INFO - [2024-11-01T11:54:41.942+0000] {dagbag.py:588} INFO - Filling up the DagBag from /home/airflow/.local/lib/python3.12/site-packages/airflow/example_dags/example_dag_decorator.py
[2024-11-01T11:54:41.951+0000] {processor.py:925} INFO - DAG(s) 'example_dag_decorator' retrieved from /home/airflow/.local/lib/python3.12/site-packages/airflow/example_dags/example_dag_decorator.py
[2024-11-01T11:54:42.035+0000] {logging_mixin.py:190} INFO - [2024-11-01T11:54:42.035+0000] {dag.py:3239} INFO - Sync 1 DAGs
[2024-11-01T11:54:42.044+0000] {logging_mixin.py:190} INFO - [2024-11-01T11:54:42.043+0000] {dag.py:4180} INFO - Setting next_dagrun for example_dag_decorator to None, run_after=None
[2024-11-01T11:54:42.062+0000] {processor.py:208} INFO - Processing /home/airflow/.local/lib/python3.12/site-packages/airflow/example_dags/example_dag_decorator.py took 0.128 seconds
[2024-11-01T11:55:12.513+0000] {processor.py:186} INFO - Started process (PID=3907) to work on /home/airflow/.local/lib/python3.12/site-packages/airflow/example_dags/example_dag_decorator.py
[2024-11-01T11:55:12.515+0000] {processor.py:914} INFO - Processing file /home/airflow/.local/lib/python3.12/site-packages/airflow/example_dags/example_dag_decorator.py for tasks to queue
[2024-11-01T11:55:12.517+0000] {logging_mixin.py:190} INFO - [2024-11-01T11:55:12.516+0000] {dagbag.py:588} INFO - Filling up the DagBag from /home/airflow/.local/lib/python3.12/site-packages/airflow/example_dags/example_dag_decorator.py
[2024-11-01T11:55:12.524+0000] {processor.py:925} INFO - DAG(s) 'example_dag_decorator' retrieved from /home/airflow/.local/lib/python3.12/site-packages/airflow/example_dags/example_dag_decorator.py
[2024-11-01T11:55:12.600+0000] {logging_mixin.py:190} INFO - [2024-11-01T11:55:12.600+0000] {dag.py:3239} INFO - Sync 1 DAGs
[2024-11-01T11:55:12.608+0000] {logging_mixin.py:190} INFO - [2024-11-01T11:55:12.607+0000] {dag.py:4180} INFO - Setting next_dagrun for example_dag_decorator to None, run_after=None
[2024-11-01T11:55:12.622+0000] {processor.py:208} INFO - Processing /home/airflow/.local/lib/python3.12/site-packages/airflow/example_dags/example_dag_decorator.py took 0.114 seconds
[2024-11-01T11:55:43.095+0000] {processor.py:186} INFO - Started process (PID=3972) to work on /home/airflow/.local/lib/python3.12/site-packages/airflow/example_dags/example_dag_decorator.py
[2024-11-01T11:55:43.096+0000] {processor.py:914} INFO - Processing file /home/airflow/.local/lib/python3.12/site-packages/airflow/example_dags/example_dag_decorator.py for tasks to queue
[2024-11-01T11:55:43.098+0000] {logging_mixin.py:190} INFO - [2024-11-01T11:55:43.097+0000] {dagbag.py:588} INFO - Filling up the DagBag from /home/airflow/.local/lib/python3.12/site-packages/airflow/example_dags/example_dag_decorator.py
[2024-11-01T11:55:43.105+0000] {processor.py:925} INFO - DAG(s) 'example_dag_decorator' retrieved from /home/airflow/.local/lib/python3.12/site-packages/airflow/example_dags/example_dag_decorator.py
[2024-11-01T11:55:43.120+0000] {logging_mixin.py:190} INFO - [2024-11-01T11:55:43.120+0000] {dag.py:3239} INFO - Sync 1 DAGs
[2024-11-01T11:55:43.130+0000] {logging_mixin.py:190} INFO - [2024-11-01T11:55:43.130+0000] {dag.py:4180} INFO - Setting next_dagrun for example_dag_decorator to None, run_after=None
[2024-11-01T11:55:43.146+0000] {processor.py:208} INFO - Processing /home/airflow/.local/lib/python3.12/site-packages/airflow/example_dags/example_dag_decorator.py took 0.055 seconds
[2024-11-01T11:56:13.869+0000] {processor.py:186} INFO - Started process (PID=4038) to work on /home/airflow/.local/lib/python3.12/site-packages/airflow/example_dags/example_dag_decorator.py
[2024-11-01T11:56:13.870+0000] {processor.py:914} INFO - Processing file /home/airflow/.local/lib/python3.12/site-packages/airflow/example_dags/example_dag_decorator.py for tasks to queue
[2024-11-01T11:56:13.872+0000] {logging_mixin.py:190} INFO - [2024-11-01T11:56:13.871+0000] {dagbag.py:588} INFO - Filling up the DagBag from /home/airflow/.local/lib/python3.12/site-packages/airflow/example_dags/example_dag_decorator.py
[2024-11-01T11:56:13.878+0000] {processor.py:925} INFO - DAG(s) 'example_dag_decorator' retrieved from /home/airflow/.local/lib/python3.12/site-packages/airflow/example_dags/example_dag_decorator.py
[2024-11-01T11:56:13.893+0000] {logging_mixin.py:190} INFO - [2024-11-01T11:56:13.893+0000] {dag.py:3239} INFO - Sync 1 DAGs
[2024-11-01T11:56:13.901+0000] {logging_mixin.py:190} INFO - [2024-11-01T11:56:13.901+0000] {dag.py:4180} INFO - Setting next_dagrun for example_dag_decorator to None, run_after=None
[2024-11-01T11:56:13.914+0000] {processor.py:208} INFO - Processing /home/airflow/.local/lib/python3.12/site-packages/airflow/example_dags/example_dag_decorator.py took 0.049 seconds
[2024-11-01T11:56:44.886+0000] {processor.py:186} INFO - Started process (PID=4103) to work on /home/airflow/.local/lib/python3.12/site-packages/airflow/example_dags/example_dag_decorator.py
[2024-11-01T11:56:44.886+0000] {processor.py:914} INFO - Processing file /home/airflow/.local/lib/python3.12/site-packages/airflow/example_dags/example_dag_decorator.py for tasks to queue
[2024-11-01T11:56:44.888+0000] {logging_mixin.py:190} INFO - [2024-11-01T11:56:44.887+0000] {dagbag.py:588} INFO - Filling up the DagBag from /home/airflow/.local/lib/python3.12/site-packages/airflow/example_dags/example_dag_decorator.py
[2024-11-01T11:56:44.895+0000] {processor.py:925} INFO - DAG(s) 'example_dag_decorator' retrieved from /home/airflow/.local/lib/python3.12/site-packages/airflow/example_dags/example_dag_decorator.py
[2024-11-01T11:56:44.968+0000] {logging_mixin.py:190} INFO - [2024-11-01T11:56:44.968+0000] {dag.py:3239} INFO - Sync 1 DAGs
[2024-11-01T11:56:44.976+0000] {logging_mixin.py:190} INFO - [2024-11-01T11:56:44.976+0000] {dag.py:4180} INFO - Setting next_dagrun for example_dag_decorator to None, run_after=None
[2024-11-01T11:56:44.993+0000] {processor.py:208} INFO - Processing /home/airflow/.local/lib/python3.12/site-packages/airflow/example_dags/example_dag_decorator.py took 0.112 seconds
[2024-11-01T11:57:15.618+0000] {processor.py:186} INFO - Started process (PID=4167) to work on /home/airflow/.local/lib/python3.12/site-packages/airflow/example_dags/example_dag_decorator.py
[2024-11-01T11:57:15.620+0000] {processor.py:914} INFO - Processing file /home/airflow/.local/lib/python3.12/site-packages/airflow/example_dags/example_dag_decorator.py for tasks to queue
[2024-11-01T11:57:15.621+0000] {logging_mixin.py:190} INFO - [2024-11-01T11:57:15.621+0000] {dagbag.py:588} INFO - Filling up the DagBag from /home/airflow/.local/lib/python3.12/site-packages/airflow/example_dags/example_dag_decorator.py
[2024-11-01T11:57:15.629+0000] {processor.py:925} INFO - DAG(s) 'example_dag_decorator' retrieved from /home/airflow/.local/lib/python3.12/site-packages/airflow/example_dags/example_dag_decorator.py
[2024-11-01T11:57:15.698+0000] {logging_mixin.py:190} INFO - [2024-11-01T11:57:15.697+0000] {dag.py:3239} INFO - Sync 1 DAGs
[2024-11-01T11:57:15.704+0000] {logging_mixin.py:190} INFO - [2024-11-01T11:57:15.704+0000] {dag.py:4180} INFO - Setting next_dagrun for example_dag_decorator to None, run_after=None
[2024-11-01T11:57:15.718+0000] {processor.py:208} INFO - Processing /home/airflow/.local/lib/python3.12/site-packages/airflow/example_dags/example_dag_decorator.py took 0.104 seconds
[2024-11-01T11:57:45.893+0000] {processor.py:186} INFO - Started process (PID=4232) to work on /home/airflow/.local/lib/python3.12/site-packages/airflow/example_dags/example_dag_decorator.py
[2024-11-01T11:57:45.895+0000] {processor.py:914} INFO - Processing file /home/airflow/.local/lib/python3.12/site-packages/airflow/example_dags/example_dag_decorator.py for tasks to queue
[2024-11-01T11:57:45.896+0000] {logging_mixin.py:190} INFO - [2024-11-01T11:57:45.896+0000] {dagbag.py:588} INFO - Filling up the DagBag from /home/airflow/.local/lib/python3.12/site-packages/airflow/example_dags/example_dag_decorator.py
[2024-11-01T11:57:45.904+0000] {processor.py:925} INFO - DAG(s) 'example_dag_decorator' retrieved from /home/airflow/.local/lib/python3.12/site-packages/airflow/example_dags/example_dag_decorator.py
[2024-11-01T11:57:45.976+0000] {logging_mixin.py:190} INFO - [2024-11-01T11:57:45.976+0000] {dag.py:3239} INFO - Sync 1 DAGs
[2024-11-01T11:57:45.984+0000] {logging_mixin.py:190} INFO - [2024-11-01T11:57:45.983+0000] {dag.py:4180} INFO - Setting next_dagrun for example_dag_decorator to None, run_after=None
[2024-11-01T11:57:45.996+0000] {processor.py:208} INFO - Processing /home/airflow/.local/lib/python3.12/site-packages/airflow/example_dags/example_dag_decorator.py took 0.107 seconds
[2024-11-01T11:58:16.812+0000] {processor.py:186} INFO - Started process (PID=4297) to work on /home/airflow/.local/lib/python3.12/site-packages/airflow/example_dags/example_dag_decorator.py
[2024-11-01T11:58:16.812+0000] {processor.py:914} INFO - Processing file /home/airflow/.local/lib/python3.12/site-packages/airflow/example_dags/example_dag_decorator.py for tasks to queue
[2024-11-01T11:58:16.814+0000] {logging_mixin.py:190} INFO - [2024-11-01T11:58:16.814+0000] {dagbag.py:588} INFO - Filling up the DagBag from /home/airflow/.local/lib/python3.12/site-packages/airflow/example_dags/example_dag_decorator.py
[2024-11-01T11:58:16.822+0000] {processor.py:925} INFO - DAG(s) 'example_dag_decorator' retrieved from /home/airflow/.local/lib/python3.12/site-packages/airflow/example_dags/example_dag_decorator.py
[2024-11-01T11:58:16.841+0000] {logging_mixin.py:190} INFO - [2024-11-01T11:58:16.841+0000] {dag.py:3239} INFO - Sync 1 DAGs
[2024-11-01T11:58:16.855+0000] {logging_mixin.py:190} INFO - [2024-11-01T11:58:16.855+0000] {dag.py:4180} INFO - Setting next_dagrun for example_dag_decorator to None, run_after=None
[2024-11-01T11:58:16.868+0000] {processor.py:208} INFO - Processing /home/airflow/.local/lib/python3.12/site-packages/airflow/example_dags/example_dag_decorator.py took 0.061 seconds
[2024-11-01T11:58:47.111+0000] {processor.py:186} INFO - Started process (PID=4368) to work on /home/airflow/.local/lib/python3.12/site-packages/airflow/example_dags/example_dag_decorator.py
[2024-11-01T11:58:47.113+0000] {processor.py:914} INFO - Processing file /home/airflow/.local/lib/python3.12/site-packages/airflow/example_dags/example_dag_decorator.py for tasks to queue
[2024-11-01T11:58:47.115+0000] {logging_mixin.py:190} INFO - [2024-11-01T11:58:47.115+0000] {dagbag.py:588} INFO - Filling up the DagBag from /home/airflow/.local/lib/python3.12/site-packages/airflow/example_dags/example_dag_decorator.py
[2024-11-01T11:58:47.123+0000] {processor.py:925} INFO - DAG(s) 'example_dag_decorator' retrieved from /home/airflow/.local/lib/python3.12/site-packages/airflow/example_dags/example_dag_decorator.py
[2024-11-01T11:58:47.138+0000] {logging_mixin.py:190} INFO - [2024-11-01T11:58:47.137+0000] {dag.py:3239} INFO - Sync 1 DAGs
[2024-11-01T11:58:47.147+0000] {logging_mixin.py:190} INFO - [2024-11-01T11:58:47.146+0000] {dag.py:4180} INFO - Setting next_dagrun for example_dag_decorator to None, run_after=None
[2024-11-01T11:58:47.160+0000] {processor.py:208} INFO - Processing /home/airflow/.local/lib/python3.12/site-packages/airflow/example_dags/example_dag_decorator.py took 0.055 seconds
[2024-11-01T11:59:17.710+0000] {processor.py:186} INFO - Started process (PID=4433) to work on /home/airflow/.local/lib/python3.12/site-packages/airflow/example_dags/example_dag_decorator.py
[2024-11-01T11:59:17.712+0000] {processor.py:914} INFO - Processing file /home/airflow/.local/lib/python3.12/site-packages/airflow/example_dags/example_dag_decorator.py for tasks to queue
[2024-11-01T11:59:17.714+0000] {logging_mixin.py:190} INFO - [2024-11-01T11:59:17.713+0000] {dagbag.py:588} INFO - Filling up the DagBag from /home/airflow/.local/lib/python3.12/site-packages/airflow/example_dags/example_dag_decorator.py
[2024-11-01T11:59:17.721+0000] {processor.py:925} INFO - DAG(s) 'example_dag_decorator' retrieved from /home/airflow/.local/lib/python3.12/site-packages/airflow/example_dags/example_dag_decorator.py
[2024-11-01T11:59:17.791+0000] {logging_mixin.py:190} INFO - [2024-11-01T11:59:17.791+0000] {dag.py:3239} INFO - Sync 1 DAGs
[2024-11-01T11:59:17.798+0000] {logging_mixin.py:190} INFO - [2024-11-01T11:59:17.798+0000] {dag.py:4180} INFO - Setting next_dagrun for example_dag_decorator to None, run_after=None
[2024-11-01T11:59:17.810+0000] {processor.py:208} INFO - Processing /home/airflow/.local/lib/python3.12/site-packages/airflow/example_dags/example_dag_decorator.py took 0.104 seconds
[2024-11-01T11:59:48.368+0000] {processor.py:186} INFO - Started process (PID=4498) to work on /home/airflow/.local/lib/python3.12/site-packages/airflow/example_dags/example_dag_decorator.py
[2024-11-01T11:59:48.370+0000] {processor.py:914} INFO - Processing file /home/airflow/.local/lib/python3.12/site-packages/airflow/example_dags/example_dag_decorator.py for tasks to queue
[2024-11-01T11:59:48.372+0000] {logging_mixin.py:190} INFO - [2024-11-01T11:59:48.371+0000] {dagbag.py:588} INFO - Filling up the DagBag from /home/airflow/.local/lib/python3.12/site-packages/airflow/example_dags/example_dag_decorator.py
[2024-11-01T11:59:48.379+0000] {processor.py:925} INFO - DAG(s) 'example_dag_decorator' retrieved from /home/airflow/.local/lib/python3.12/site-packages/airflow/example_dags/example_dag_decorator.py
[2024-11-01T11:59:48.447+0000] {logging_mixin.py:190} INFO - [2024-11-01T11:59:48.447+0000] {dag.py:3239} INFO - Sync 1 DAGs
[2024-11-01T11:59:48.454+0000] {logging_mixin.py:190} INFO - [2024-11-01T11:59:48.454+0000] {dag.py:4180} INFO - Setting next_dagrun for example_dag_decorator to None, run_after=None
[2024-11-01T11:59:48.466+0000] {processor.py:208} INFO - Processing /home/airflow/.local/lib/python3.12/site-packages/airflow/example_dags/example_dag_decorator.py took 0.102 seconds
[2024-11-01T12:00:18.517+0000] {processor.py:186} INFO - Started process (PID=4563) to work on /home/airflow/.local/lib/python3.12/site-packages/airflow/example_dags/example_dag_decorator.py
[2024-11-01T12:00:18.519+0000] {processor.py:914} INFO - Processing file /home/airflow/.local/lib/python3.12/site-packages/airflow/example_dags/example_dag_decorator.py for tasks to queue
[2024-11-01T12:00:18.520+0000] {logging_mixin.py:190} INFO - [2024-11-01T12:00:18.520+0000] {dagbag.py:588} INFO - Filling up the DagBag from /home/airflow/.local/lib/python3.12/site-packages/airflow/example_dags/example_dag_decorator.py
[2024-11-01T12:00:18.528+0000] {processor.py:925} INFO - DAG(s) 'example_dag_decorator' retrieved from /home/airflow/.local/lib/python3.12/site-packages/airflow/example_dags/example_dag_decorator.py
[2024-11-01T12:00:18.597+0000] {logging_mixin.py:190} INFO - [2024-11-01T12:00:18.597+0000] {dag.py:3239} INFO - Sync 1 DAGs
[2024-11-01T12:00:18.604+0000] {logging_mixin.py:190} INFO - [2024-11-01T12:00:18.604+0000] {dag.py:4180} INFO - Setting next_dagrun for example_dag_decorator to None, run_after=None
[2024-11-01T12:00:18.616+0000] {processor.py:208} INFO - Processing /home/airflow/.local/lib/python3.12/site-packages/airflow/example_dags/example_dag_decorator.py took 0.104 seconds
[2024-11-01T12:00:48.931+0000] {processor.py:186} INFO - Started process (PID=4628) to work on /home/airflow/.local/lib/python3.12/site-packages/airflow/example_dags/example_dag_decorator.py
[2024-11-01T12:00:48.933+0000] {processor.py:914} INFO - Processing file /home/airflow/.local/lib/python3.12/site-packages/airflow/example_dags/example_dag_decorator.py for tasks to queue
[2024-11-01T12:00:48.934+0000] {logging_mixin.py:190} INFO - [2024-11-01T12:00:48.934+0000] {dagbag.py:588} INFO - Filling up the DagBag from /home/airflow/.local/lib/python3.12/site-packages/airflow/example_dags/example_dag_decorator.py
[2024-11-01T12:00:48.942+0000] {processor.py:925} INFO - DAG(s) 'example_dag_decorator' retrieved from /home/airflow/.local/lib/python3.12/site-packages/airflow/example_dags/example_dag_decorator.py
[2024-11-01T12:00:48.957+0000] {logging_mixin.py:190} INFO - [2024-11-01T12:00:48.957+0000] {dag.py:3239} INFO - Sync 1 DAGs
[2024-11-01T12:00:48.966+0000] {logging_mixin.py:190} INFO - [2024-11-01T12:00:48.965+0000] {dag.py:4180} INFO - Setting next_dagrun for example_dag_decorator to None, run_after=None
[2024-11-01T12:00:48.982+0000] {processor.py:208} INFO - Processing /home/airflow/.local/lib/python3.12/site-packages/airflow/example_dags/example_dag_decorator.py took 0.055 seconds
[2024-11-01T12:01:19.340+0000] {processor.py:186} INFO - Started process (PID=4693) to work on /home/airflow/.local/lib/python3.12/site-packages/airflow/example_dags/example_dag_decorator.py
[2024-11-01T12:01:19.340+0000] {processor.py:914} INFO - Processing file /home/airflow/.local/lib/python3.12/site-packages/airflow/example_dags/example_dag_decorator.py for tasks to queue
[2024-11-01T12:01:19.342+0000] {logging_mixin.py:190} INFO - [2024-11-01T12:01:19.342+0000] {dagbag.py:588} INFO - Filling up the DagBag from /home/airflow/.local/lib/python3.12/site-packages/airflow/example_dags/example_dag_decorator.py
[2024-11-01T12:01:19.350+0000] {processor.py:925} INFO - DAG(s) 'example_dag_decorator' retrieved from /home/airflow/.local/lib/python3.12/site-packages/airflow/example_dags/example_dag_decorator.py
[2024-11-01T12:01:19.366+0000] {logging_mixin.py:190} INFO - [2024-11-01T12:01:19.366+0000] {dag.py:3239} INFO - Sync 1 DAGs
[2024-11-01T12:01:19.376+0000] {logging_mixin.py:190} INFO - [2024-11-01T12:01:19.376+0000] {dag.py:4180} INFO - Setting next_dagrun for example_dag_decorator to None, run_after=None
[2024-11-01T12:01:19.393+0000] {processor.py:208} INFO - Processing /home/airflow/.local/lib/python3.12/site-packages/airflow/example_dags/example_dag_decorator.py took 0.057 seconds
[2024-11-01T12:01:49.717+0000] {processor.py:186} INFO - Started process (PID=4758) to work on /home/airflow/.local/lib/python3.12/site-packages/airflow/example_dags/example_dag_decorator.py
[2024-11-01T12:01:49.718+0000] {processor.py:914} INFO - Processing file /home/airflow/.local/lib/python3.12/site-packages/airflow/example_dags/example_dag_decorator.py for tasks to queue
[2024-11-01T12:01:49.720+0000] {logging_mixin.py:190} INFO - [2024-11-01T12:01:49.720+0000] {dagbag.py:588} INFO - Filling up the DagBag from /home/airflow/.local/lib/python3.12/site-packages/airflow/example_dags/example_dag_decorator.py
[2024-11-01T12:01:49.727+0000] {processor.py:925} INFO - DAG(s) 'example_dag_decorator' retrieved from /home/airflow/.local/lib/python3.12/site-packages/airflow/example_dags/example_dag_decorator.py
[2024-11-01T12:01:49.798+0000] {logging_mixin.py:190} INFO - [2024-11-01T12:01:49.798+0000] {dag.py:3239} INFO - Sync 1 DAGs
[2024-11-01T12:01:49.805+0000] {logging_mixin.py:190} INFO - [2024-11-01T12:01:49.805+0000] {dag.py:4180} INFO - Setting next_dagrun for example_dag_decorator to None, run_after=None
[2024-11-01T12:01:49.817+0000] {processor.py:208} INFO - Processing /home/airflow/.local/lib/python3.12/site-packages/airflow/example_dags/example_dag_decorator.py took 0.104 seconds
[2024-11-01T12:02:20.107+0000] {processor.py:186} INFO - Started process (PID=4824) to work on /home/airflow/.local/lib/python3.12/site-packages/airflow/example_dags/example_dag_decorator.py
[2024-11-01T12:02:20.108+0000] {processor.py:914} INFO - Processing file /home/airflow/.local/lib/python3.12/site-packages/airflow/example_dags/example_dag_decorator.py for tasks to queue
[2024-11-01T12:02:20.109+0000] {logging_mixin.py:190} INFO - [2024-11-01T12:02:20.109+0000] {dagbag.py:588} INFO - Filling up the DagBag from /home/airflow/.local/lib/python3.12/site-packages/airflow/example_dags/example_dag_decorator.py
[2024-11-01T12:02:20.116+0000] {processor.py:925} INFO - DAG(s) 'example_dag_decorator' retrieved from /home/airflow/.local/lib/python3.12/site-packages/airflow/example_dags/example_dag_decorator.py
[2024-11-01T12:02:20.132+0000] {logging_mixin.py:190} INFO - [2024-11-01T12:02:20.131+0000] {dag.py:3239} INFO - Sync 1 DAGs
[2024-11-01T12:02:20.140+0000] {logging_mixin.py:190} INFO - [2024-11-01T12:02:20.140+0000] {dag.py:4180} INFO - Setting next_dagrun for example_dag_decorator to None, run_after=None
[2024-11-01T12:02:20.154+0000] {processor.py:208} INFO - Processing /home/airflow/.local/lib/python3.12/site-packages/airflow/example_dags/example_dag_decorator.py took 0.052 seconds
[2024-11-01T12:02:50.502+0000] {processor.py:186} INFO - Started process (PID=4889) to work on /home/airflow/.local/lib/python3.12/site-packages/airflow/example_dags/example_dag_decorator.py
[2024-11-01T12:02:50.504+0000] {processor.py:914} INFO - Processing file /home/airflow/.local/lib/python3.12/site-packages/airflow/example_dags/example_dag_decorator.py for tasks to queue
[2024-11-01T12:02:50.506+0000] {logging_mixin.py:190} INFO - [2024-11-01T12:02:50.505+0000] {dagbag.py:588} INFO - Filling up the DagBag from /home/airflow/.local/lib/python3.12/site-packages/airflow/example_dags/example_dag_decorator.py
[2024-11-01T12:02:50.513+0000] {processor.py:925} INFO - DAG(s) 'example_dag_decorator' retrieved from /home/airflow/.local/lib/python3.12/site-packages/airflow/example_dags/example_dag_decorator.py
[2024-11-01T12:02:50.591+0000] {logging_mixin.py:190} INFO - [2024-11-01T12:02:50.591+0000] {dag.py:3239} INFO - Sync 1 DAGs
[2024-11-01T12:02:50.598+0000] {logging_mixin.py:190} INFO - [2024-11-01T12:02:50.598+0000] {dag.py:4180} INFO - Setting next_dagrun for example_dag_decorator to None, run_after=None
[2024-11-01T12:02:50.610+0000] {processor.py:208} INFO - Processing /home/airflow/.local/lib/python3.12/site-packages/airflow/example_dags/example_dag_decorator.py took 0.112 seconds
[2024-11-01T12:03:20.900+0000] {processor.py:186} INFO - Started process (PID=4954) to work on /home/airflow/.local/lib/python3.12/site-packages/airflow/example_dags/example_dag_decorator.py
[2024-11-01T12:03:20.902+0000] {processor.py:914} INFO - Processing file /home/airflow/.local/lib/python3.12/site-packages/airflow/example_dags/example_dag_decorator.py for tasks to queue
[2024-11-01T12:03:20.904+0000] {logging_mixin.py:190} INFO - [2024-11-01T12:03:20.903+0000] {dagbag.py:588} INFO - Filling up the DagBag from /home/airflow/.local/lib/python3.12/site-packages/airflow/example_dags/example_dag_decorator.py
[2024-11-01T12:03:20.911+0000] {processor.py:925} INFO - DAG(s) 'example_dag_decorator' retrieved from /home/airflow/.local/lib/python3.12/site-packages/airflow/example_dags/example_dag_decorator.py
[2024-11-01T12:03:20.982+0000] {logging_mixin.py:190} INFO - [2024-11-01T12:03:20.982+0000] {dag.py:3239} INFO - Sync 1 DAGs
[2024-11-01T12:03:20.990+0000] {logging_mixin.py:190} INFO - [2024-11-01T12:03:20.990+0000] {dag.py:4180} INFO - Setting next_dagrun for example_dag_decorator to None, run_after=None
[2024-11-01T12:03:21.005+0000] {processor.py:208} INFO - Processing /home/airflow/.local/lib/python3.12/site-packages/airflow/example_dags/example_dag_decorator.py took 0.108 seconds
[2024-11-01T12:03:51.318+0000] {processor.py:186} INFO - Started process (PID=5020) to work on /home/airflow/.local/lib/python3.12/site-packages/airflow/example_dags/example_dag_decorator.py
[2024-11-01T12:03:51.318+0000] {processor.py:914} INFO - Processing file /home/airflow/.local/lib/python3.12/site-packages/airflow/example_dags/example_dag_decorator.py for tasks to queue
[2024-11-01T12:03:51.320+0000] {logging_mixin.py:190} INFO - [2024-11-01T12:03:51.320+0000] {dagbag.py:588} INFO - Filling up the DagBag from /home/airflow/.local/lib/python3.12/site-packages/airflow/example_dags/example_dag_decorator.py
[2024-11-01T12:03:51.327+0000] {processor.py:925} INFO - DAG(s) 'example_dag_decorator' retrieved from /home/airflow/.local/lib/python3.12/site-packages/airflow/example_dags/example_dag_decorator.py
[2024-11-01T12:03:51.397+0000] {logging_mixin.py:190} INFO - [2024-11-01T12:03:51.397+0000] {dag.py:3239} INFO - Sync 1 DAGs
[2024-11-01T12:03:51.404+0000] {logging_mixin.py:190} INFO - [2024-11-01T12:03:51.404+0000] {dag.py:4180} INFO - Setting next_dagrun for example_dag_decorator to None, run_after=None
[2024-11-01T12:03:51.416+0000] {processor.py:208} INFO - Processing /home/airflow/.local/lib/python3.12/site-packages/airflow/example_dags/example_dag_decorator.py took 0.103 seconds
[2024-11-01T12:04:21.747+0000] {processor.py:186} INFO - Started process (PID=5085) to work on /home/airflow/.local/lib/python3.12/site-packages/airflow/example_dags/example_dag_decorator.py
[2024-11-01T12:04:21.748+0000] {processor.py:914} INFO - Processing file /home/airflow/.local/lib/python3.12/site-packages/airflow/example_dags/example_dag_decorator.py for tasks to queue
[2024-11-01T12:04:21.749+0000] {logging_mixin.py:190} INFO - [2024-11-01T12:04:21.749+0000] {dagbag.py:588} INFO - Filling up the DagBag from /home/airflow/.local/lib/python3.12/site-packages/airflow/example_dags/example_dag_decorator.py
[2024-11-01T12:04:21.758+0000] {processor.py:925} INFO - DAG(s) 'example_dag_decorator' retrieved from /home/airflow/.local/lib/python3.12/site-packages/airflow/example_dags/example_dag_decorator.py
[2024-11-01T12:04:21.826+0000] {logging_mixin.py:190} INFO - [2024-11-01T12:04:21.826+0000] {dag.py:3239} INFO - Sync 1 DAGs
[2024-11-01T12:04:21.833+0000] {logging_mixin.py:190} INFO - [2024-11-01T12:04:21.833+0000] {dag.py:4180} INFO - Setting next_dagrun for example_dag_decorator to None, run_after=None
[2024-11-01T12:04:21.846+0000] {processor.py:208} INFO - Processing /home/airflow/.local/lib/python3.12/site-packages/airflow/example_dags/example_dag_decorator.py took 0.103 seconds
[2024-11-01T12:04:52.135+0000] {processor.py:186} INFO - Started process (PID=5150) to work on /home/airflow/.local/lib/python3.12/site-packages/airflow/example_dags/example_dag_decorator.py
[2024-11-01T12:04:52.136+0000] {processor.py:914} INFO - Processing file /home/airflow/.local/lib/python3.12/site-packages/airflow/example_dags/example_dag_decorator.py for tasks to queue
[2024-11-01T12:04:52.138+0000] {logging_mixin.py:190} INFO - [2024-11-01T12:04:52.138+0000] {dagbag.py:588} INFO - Filling up the DagBag from /home/airflow/.local/lib/python3.12/site-packages/airflow/example_dags/example_dag_decorator.py
[2024-11-01T12:04:52.146+0000] {processor.py:925} INFO - DAG(s) 'example_dag_decorator' retrieved from /home/airflow/.local/lib/python3.12/site-packages/airflow/example_dags/example_dag_decorator.py
[2024-11-01T12:04:52.219+0000] {logging_mixin.py:190} INFO - [2024-11-01T12:04:52.219+0000] {dag.py:3239} INFO - Sync 1 DAGs
[2024-11-01T12:04:52.227+0000] {logging_mixin.py:190} INFO - [2024-11-01T12:04:52.227+0000] {dag.py:4180} INFO - Setting next_dagrun for example_dag_decorator to None, run_after=None
[2024-11-01T12:04:52.241+0000] {processor.py:208} INFO - Processing /home/airflow/.local/lib/python3.12/site-packages/airflow/example_dags/example_dag_decorator.py took 0.111 seconds
[2024-11-01T12:05:22.583+0000] {processor.py:186} INFO - Started process (PID=5215) to work on /home/airflow/.local/lib/python3.12/site-packages/airflow/example_dags/example_dag_decorator.py
[2024-11-01T12:05:22.585+0000] {processor.py:914} INFO - Processing file /home/airflow/.local/lib/python3.12/site-packages/airflow/example_dags/example_dag_decorator.py for tasks to queue
[2024-11-01T12:05:22.587+0000] {logging_mixin.py:190} INFO - [2024-11-01T12:05:22.587+0000] {dagbag.py:588} INFO - Filling up the DagBag from /home/airflow/.local/lib/python3.12/site-packages/airflow/example_dags/example_dag_decorator.py
[2024-11-01T12:05:22.595+0000] {processor.py:925} INFO - DAG(s) 'example_dag_decorator' retrieved from /home/airflow/.local/lib/python3.12/site-packages/airflow/example_dags/example_dag_decorator.py
[2024-11-01T12:05:22.668+0000] {logging_mixin.py:190} INFO - [2024-11-01T12:05:22.668+0000] {dag.py:3239} INFO - Sync 1 DAGs
[2024-11-01T12:05:22.677+0000] {logging_mixin.py:190} INFO - [2024-11-01T12:05:22.677+0000] {dag.py:4180} INFO - Setting next_dagrun for example_dag_decorator to None, run_after=None
[2024-11-01T12:05:22.690+0000] {processor.py:208} INFO - Processing /home/airflow/.local/lib/python3.12/site-packages/airflow/example_dags/example_dag_decorator.py took 0.110 seconds
[2024-11-01T12:08:57.898+0000] {processor.py:186} INFO - Started process (PID=68) to work on /home/airflow/.local/lib/python3.12/site-packages/airflow/example_dags/example_dag_decorator.py
[2024-11-01T12:08:57.898+0000] {processor.py:914} INFO - Processing file /home/airflow/.local/lib/python3.12/site-packages/airflow/example_dags/example_dag_decorator.py for tasks to queue
[2024-11-01T12:08:57.900+0000] {logging_mixin.py:190} INFO - [2024-11-01T12:08:57.900+0000] {dagbag.py:588} INFO - Filling up the DagBag from /home/airflow/.local/lib/python3.12/site-packages/airflow/example_dags/example_dag_decorator.py
[2024-11-01T12:08:57.907+0000] {processor.py:925} INFO - DAG(s) 'example_dag_decorator' retrieved from /home/airflow/.local/lib/python3.12/site-packages/airflow/example_dags/example_dag_decorator.py
[2024-11-01T12:08:57.987+0000] {logging_mixin.py:190} INFO - [2024-11-01T12:08:57.987+0000] {dag.py:3239} INFO - Sync 1 DAGs
[2024-11-01T12:08:57.995+0000] {logging_mixin.py:190} INFO - [2024-11-01T12:08:57.994+0000] {dag.py:4180} INFO - Setting next_dagrun for example_dag_decorator to None, run_after=None
[2024-11-01T12:08:58.010+0000] {processor.py:208} INFO - Processing /home/airflow/.local/lib/python3.12/site-packages/airflow/example_dags/example_dag_decorator.py took 0.116 seconds
[2024-11-01T12:09:29.703+0000] {processor.py:186} INFO - Started process (PID=133) to work on /home/airflow/.local/lib/python3.12/site-packages/airflow/example_dags/example_dag_decorator.py
[2024-11-01T12:09:29.705+0000] {processor.py:914} INFO - Processing file /home/airflow/.local/lib/python3.12/site-packages/airflow/example_dags/example_dag_decorator.py for tasks to queue
[2024-11-01T12:09:29.707+0000] {logging_mixin.py:190} INFO - [2024-11-01T12:09:29.706+0000] {dagbag.py:588} INFO - Filling up the DagBag from /home/airflow/.local/lib/python3.12/site-packages/airflow/example_dags/example_dag_decorator.py
[2024-11-01T12:09:29.721+0000] {processor.py:925} INFO - DAG(s) 'example_dag_decorator' retrieved from /home/airflow/.local/lib/python3.12/site-packages/airflow/example_dags/example_dag_decorator.py
[2024-11-01T12:09:29.914+0000] {logging_mixin.py:190} INFO - [2024-11-01T12:09:29.914+0000] {dag.py:3239} INFO - Sync 1 DAGs
[2024-11-01T12:09:29.938+0000] {logging_mixin.py:190} INFO - [2024-11-01T12:09:29.937+0000] {dag.py:4180} INFO - Setting next_dagrun for example_dag_decorator to None, run_after=None
[2024-11-01T12:09:29.974+0000] {processor.py:208} INFO - Processing /home/airflow/.local/lib/python3.12/site-packages/airflow/example_dags/example_dag_decorator.py took 0.279 seconds
[2024-11-01T12:10:00.561+0000] {processor.py:186} INFO - Started process (PID=198) to work on /home/airflow/.local/lib/python3.12/site-packages/airflow/example_dags/example_dag_decorator.py
[2024-11-01T12:10:00.563+0000] {processor.py:914} INFO - Processing file /home/airflow/.local/lib/python3.12/site-packages/airflow/example_dags/example_dag_decorator.py for tasks to queue
[2024-11-01T12:10:00.568+0000] {logging_mixin.py:190} INFO - [2024-11-01T12:10:00.567+0000] {dagbag.py:588} INFO - Filling up the DagBag from /home/airflow/.local/lib/python3.12/site-packages/airflow/example_dags/example_dag_decorator.py
[2024-11-01T12:10:00.596+0000] {processor.py:925} INFO - DAG(s) 'example_dag_decorator' retrieved from /home/airflow/.local/lib/python3.12/site-packages/airflow/example_dags/example_dag_decorator.py
[2024-11-01T12:10:00.880+0000] {logging_mixin.py:190} INFO - [2024-11-01T12:10:00.878+0000] {dag.py:3239} INFO - Sync 1 DAGs
[2024-11-01T12:10:00.905+0000] {logging_mixin.py:190} INFO - [2024-11-01T12:10:00.905+0000] {dag.py:4180} INFO - Setting next_dagrun for example_dag_decorator to None, run_after=None
[2024-11-01T12:10:00.972+0000] {processor.py:208} INFO - Processing /home/airflow/.local/lib/python3.12/site-packages/airflow/example_dags/example_dag_decorator.py took 0.428 seconds
[2024-11-01T12:10:31.072+0000] {processor.py:186} INFO - Started process (PID=263) to work on /home/airflow/.local/lib/python3.12/site-packages/airflow/example_dags/example_dag_decorator.py
[2024-11-01T12:10:31.073+0000] {processor.py:914} INFO - Processing file /home/airflow/.local/lib/python3.12/site-packages/airflow/example_dags/example_dag_decorator.py for tasks to queue
[2024-11-01T12:10:31.075+0000] {logging_mixin.py:190} INFO - [2024-11-01T12:10:31.074+0000] {dagbag.py:588} INFO - Filling up the DagBag from /home/airflow/.local/lib/python3.12/site-packages/airflow/example_dags/example_dag_decorator.py
[2024-11-01T12:10:31.082+0000] {processor.py:925} INFO - DAG(s) 'example_dag_decorator' retrieved from /home/airflow/.local/lib/python3.12/site-packages/airflow/example_dags/example_dag_decorator.py
[2024-11-01T12:10:31.169+0000] {logging_mixin.py:190} INFO - [2024-11-01T12:10:31.168+0000] {dag.py:3239} INFO - Sync 1 DAGs
[2024-11-01T12:10:31.179+0000] {logging_mixin.py:190} INFO - [2024-11-01T12:10:31.178+0000] {dag.py:4180} INFO - Setting next_dagrun for example_dag_decorator to None, run_after=None
[2024-11-01T12:10:31.192+0000] {processor.py:208} INFO - Processing /home/airflow/.local/lib/python3.12/site-packages/airflow/example_dags/example_dag_decorator.py took 0.125 seconds
[2024-11-01T12:11:01.801+0000] {processor.py:186} INFO - Started process (PID=334) to work on /home/airflow/.local/lib/python3.12/site-packages/airflow/example_dags/example_dag_decorator.py
[2024-11-01T12:11:01.803+0000] {processor.py:914} INFO - Processing file /home/airflow/.local/lib/python3.12/site-packages/airflow/example_dags/example_dag_decorator.py for tasks to queue
[2024-11-01T12:11:01.804+0000] {logging_mixin.py:190} INFO - [2024-11-01T12:11:01.804+0000] {dagbag.py:588} INFO - Filling up the DagBag from /home/airflow/.local/lib/python3.12/site-packages/airflow/example_dags/example_dag_decorator.py
[2024-11-01T12:11:01.820+0000] {processor.py:925} INFO - DAG(s) 'example_dag_decorator' retrieved from /home/airflow/.local/lib/python3.12/site-packages/airflow/example_dags/example_dag_decorator.py
[2024-11-01T12:11:01.986+0000] {logging_mixin.py:190} INFO - [2024-11-01T12:11:01.986+0000] {dag.py:3239} INFO - Sync 1 DAGs
[2024-11-01T12:11:02.002+0000] {logging_mixin.py:190} INFO - [2024-11-01T12:11:02.002+0000] {dag.py:4180} INFO - Setting next_dagrun for example_dag_decorator to None, run_after=None
[2024-11-01T12:11:02.030+0000] {processor.py:208} INFO - Processing /home/airflow/.local/lib/python3.12/site-packages/airflow/example_dags/example_dag_decorator.py took 0.236 seconds
[2024-11-01T12:11:32.141+0000] {processor.py:186} INFO - Started process (PID=399) to work on /home/airflow/.local/lib/python3.12/site-packages/airflow/example_dags/example_dag_decorator.py
[2024-11-01T12:11:32.142+0000] {processor.py:914} INFO - Processing file /home/airflow/.local/lib/python3.12/site-packages/airflow/example_dags/example_dag_decorator.py for tasks to queue
[2024-11-01T12:11:32.144+0000] {logging_mixin.py:190} INFO - [2024-11-01T12:11:32.144+0000] {dagbag.py:588} INFO - Filling up the DagBag from /home/airflow/.local/lib/python3.12/site-packages/airflow/example_dags/example_dag_decorator.py
[2024-11-01T12:11:32.152+0000] {processor.py:925} INFO - DAG(s) 'example_dag_decorator' retrieved from /home/airflow/.local/lib/python3.12/site-packages/airflow/example_dags/example_dag_decorator.py
[2024-11-01T12:11:32.225+0000] {logging_mixin.py:190} INFO - [2024-11-01T12:11:32.225+0000] {dag.py:3239} INFO - Sync 1 DAGs
[2024-11-01T12:11:32.234+0000] {logging_mixin.py:190} INFO - [2024-11-01T12:11:32.234+0000] {dag.py:4180} INFO - Setting next_dagrun for example_dag_decorator to None, run_after=None
[2024-11-01T12:11:32.248+0000] {processor.py:208} INFO - Processing /home/airflow/.local/lib/python3.12/site-packages/airflow/example_dags/example_dag_decorator.py took 0.111 seconds
[2024-11-01T12:12:02.469+0000] {processor.py:186} INFO - Started process (PID=464) to work on /home/airflow/.local/lib/python3.12/site-packages/airflow/example_dags/example_dag_decorator.py
[2024-11-01T12:12:02.469+0000] {processor.py:914} INFO - Processing file /home/airflow/.local/lib/python3.12/site-packages/airflow/example_dags/example_dag_decorator.py for tasks to queue
[2024-11-01T12:12:02.471+0000] {logging_mixin.py:190} INFO - [2024-11-01T12:12:02.470+0000] {dagbag.py:588} INFO - Filling up the DagBag from /home/airflow/.local/lib/python3.12/site-packages/airflow/example_dags/example_dag_decorator.py
[2024-11-01T12:12:02.479+0000] {processor.py:925} INFO - DAG(s) 'example_dag_decorator' retrieved from /home/airflow/.local/lib/python3.12/site-packages/airflow/example_dags/example_dag_decorator.py
[2024-11-01T12:12:02.497+0000] {logging_mixin.py:190} INFO - [2024-11-01T12:12:02.497+0000] {dag.py:3239} INFO - Sync 1 DAGs
[2024-11-01T12:12:02.508+0000] {logging_mixin.py:190} INFO - [2024-11-01T12:12:02.508+0000] {dag.py:4180} INFO - Setting next_dagrun for example_dag_decorator to None, run_after=None
[2024-11-01T12:12:02.524+0000] {processor.py:208} INFO - Processing /home/airflow/.local/lib/python3.12/site-packages/airflow/example_dags/example_dag_decorator.py took 0.060 seconds
[2024-11-01T12:12:32.844+0000] {processor.py:186} INFO - Started process (PID=529) to work on /home/airflow/.local/lib/python3.12/site-packages/airflow/example_dags/example_dag_decorator.py
[2024-11-01T12:12:32.845+0000] {processor.py:914} INFO - Processing file /home/airflow/.local/lib/python3.12/site-packages/airflow/example_dags/example_dag_decorator.py for tasks to queue
[2024-11-01T12:12:32.846+0000] {logging_mixin.py:190} INFO - [2024-11-01T12:12:32.846+0000] {dagbag.py:588} INFO - Filling up the DagBag from /home/airflow/.local/lib/python3.12/site-packages/airflow/example_dags/example_dag_decorator.py
[2024-11-01T12:12:32.854+0000] {processor.py:925} INFO - DAG(s) 'example_dag_decorator' retrieved from /home/airflow/.local/lib/python3.12/site-packages/airflow/example_dags/example_dag_decorator.py
[2024-11-01T12:12:32.941+0000] {logging_mixin.py:190} INFO - [2024-11-01T12:12:32.941+0000] {dag.py:3239} INFO - Sync 1 DAGs
[2024-11-01T12:12:32.949+0000] {logging_mixin.py:190} INFO - [2024-11-01T12:12:32.949+0000] {dag.py:4180} INFO - Setting next_dagrun for example_dag_decorator to None, run_after=None
[2024-11-01T12:12:32.964+0000] {processor.py:208} INFO - Processing /home/airflow/.local/lib/python3.12/site-packages/airflow/example_dags/example_dag_decorator.py took 0.124 seconds
[2024-11-01T12:13:03.185+0000] {processor.py:186} INFO - Started process (PID=594) to work on /home/airflow/.local/lib/python3.12/site-packages/airflow/example_dags/example_dag_decorator.py
[2024-11-01T12:13:03.186+0000] {processor.py:914} INFO - Processing file /home/airflow/.local/lib/python3.12/site-packages/airflow/example_dags/example_dag_decorator.py for tasks to queue
[2024-11-01T12:13:03.187+0000] {logging_mixin.py:190} INFO - [2024-11-01T12:13:03.187+0000] {dagbag.py:588} INFO - Filling up the DagBag from /home/airflow/.local/lib/python3.12/site-packages/airflow/example_dags/example_dag_decorator.py
[2024-11-01T12:13:03.193+0000] {processor.py:925} INFO - DAG(s) 'example_dag_decorator' retrieved from /home/airflow/.local/lib/python3.12/site-packages/airflow/example_dags/example_dag_decorator.py
[2024-11-01T12:13:03.271+0000] {logging_mixin.py:190} INFO - [2024-11-01T12:13:03.271+0000] {dag.py:3239} INFO - Sync 1 DAGs
[2024-11-01T12:13:03.280+0000] {logging_mixin.py:190} INFO - [2024-11-01T12:13:03.279+0000] {dag.py:4180} INFO - Setting next_dagrun for example_dag_decorator to None, run_after=None
[2024-11-01T12:13:03.294+0000] {processor.py:208} INFO - Processing /home/airflow/.local/lib/python3.12/site-packages/airflow/example_dags/example_dag_decorator.py took 0.113 seconds
[2024-11-01T12:13:34.126+0000] {processor.py:186} INFO - Started process (PID=658) to work on /home/airflow/.local/lib/python3.12/site-packages/airflow/example_dags/example_dag_decorator.py
[2024-11-01T12:13:34.132+0000] {processor.py:914} INFO - Processing file /home/airflow/.local/lib/python3.12/site-packages/airflow/example_dags/example_dag_decorator.py for tasks to queue
[2024-11-01T12:13:34.136+0000] {logging_mixin.py:190} INFO - [2024-11-01T12:13:34.134+0000] {dagbag.py:588} INFO - Filling up the DagBag from /home/airflow/.local/lib/python3.12/site-packages/airflow/example_dags/example_dag_decorator.py
[2024-11-01T12:13:34.154+0000] {processor.py:925} INFO - DAG(s) 'example_dag_decorator' retrieved from /home/airflow/.local/lib/python3.12/site-packages/airflow/example_dags/example_dag_decorator.py
[2024-11-01T12:13:34.361+0000] {logging_mixin.py:190} INFO - [2024-11-01T12:13:34.361+0000] {dag.py:3239} INFO - Sync 1 DAGs
[2024-11-01T12:13:34.382+0000] {logging_mixin.py:190} INFO - [2024-11-01T12:13:34.382+0000] {dag.py:4180} INFO - Setting next_dagrun for example_dag_decorator to None, run_after=None
[2024-11-01T12:13:34.417+0000] {processor.py:208} INFO - Processing /home/airflow/.local/lib/python3.12/site-packages/airflow/example_dags/example_dag_decorator.py took 0.300 seconds
[2024-11-01T12:14:05.242+0000] {processor.py:186} INFO - Started process (PID=723) to work on /home/airflow/.local/lib/python3.12/site-packages/airflow/example_dags/example_dag_decorator.py
[2024-11-01T12:14:05.243+0000] {processor.py:914} INFO - Processing file /home/airflow/.local/lib/python3.12/site-packages/airflow/example_dags/example_dag_decorator.py for tasks to queue
[2024-11-01T12:14:05.245+0000] {logging_mixin.py:190} INFO - [2024-11-01T12:14:05.244+0000] {dagbag.py:588} INFO - Filling up the DagBag from /home/airflow/.local/lib/python3.12/site-packages/airflow/example_dags/example_dag_decorator.py
[2024-11-01T12:14:05.252+0000] {processor.py:925} INFO - DAG(s) 'example_dag_decorator' retrieved from /home/airflow/.local/lib/python3.12/site-packages/airflow/example_dags/example_dag_decorator.py
[2024-11-01T12:14:05.267+0000] {logging_mixin.py:190} INFO - [2024-11-01T12:14:05.267+0000] {dag.py:3239} INFO - Sync 1 DAGs
[2024-11-01T12:14:05.281+0000] {logging_mixin.py:190} INFO - [2024-11-01T12:14:05.280+0000] {dag.py:4180} INFO - Setting next_dagrun for example_dag_decorator to None, run_after=None
[2024-11-01T12:14:05.297+0000] {processor.py:208} INFO - Processing /home/airflow/.local/lib/python3.12/site-packages/airflow/example_dags/example_dag_decorator.py took 0.060 seconds
[2024-11-01T12:14:35.919+0000] {processor.py:186} INFO - Started process (PID=788) to work on /home/airflow/.local/lib/python3.12/site-packages/airflow/example_dags/example_dag_decorator.py
[2024-11-01T12:14:35.920+0000] {processor.py:914} INFO - Processing file /home/airflow/.local/lib/python3.12/site-packages/airflow/example_dags/example_dag_decorator.py for tasks to queue
[2024-11-01T12:14:35.922+0000] {logging_mixin.py:190} INFO - [2024-11-01T12:14:35.921+0000] {dagbag.py:588} INFO - Filling up the DagBag from /home/airflow/.local/lib/python3.12/site-packages/airflow/example_dags/example_dag_decorator.py
[2024-11-01T12:14:35.929+0000] {processor.py:925} INFO - DAG(s) 'example_dag_decorator' retrieved from /home/airflow/.local/lib/python3.12/site-packages/airflow/example_dags/example_dag_decorator.py
[2024-11-01T12:14:35.945+0000] {logging_mixin.py:190} INFO - [2024-11-01T12:14:35.945+0000] {dag.py:3239} INFO - Sync 1 DAGs
[2024-11-01T12:14:35.956+0000] {logging_mixin.py:190} INFO - [2024-11-01T12:14:35.956+0000] {dag.py:4180} INFO - Setting next_dagrun for example_dag_decorator to None, run_after=None
[2024-11-01T12:14:35.979+0000] {processor.py:208} INFO - Processing /home/airflow/.local/lib/python3.12/site-packages/airflow/example_dags/example_dag_decorator.py took 0.064 seconds
[2024-11-01T12:15:06.615+0000] {processor.py:186} INFO - Started process (PID=853) to work on /home/airflow/.local/lib/python3.12/site-packages/airflow/example_dags/example_dag_decorator.py
[2024-11-01T12:15:06.615+0000] {processor.py:914} INFO - Processing file /home/airflow/.local/lib/python3.12/site-packages/airflow/example_dags/example_dag_decorator.py for tasks to queue
[2024-11-01T12:15:06.617+0000] {logging_mixin.py:190} INFO - [2024-11-01T12:15:06.617+0000] {dagbag.py:588} INFO - Filling up the DagBag from /home/airflow/.local/lib/python3.12/site-packages/airflow/example_dags/example_dag_decorator.py
[2024-11-01T12:15:06.630+0000] {processor.py:925} INFO - DAG(s) 'example_dag_decorator' retrieved from /home/airflow/.local/lib/python3.12/site-packages/airflow/example_dags/example_dag_decorator.py
[2024-11-01T12:15:06.737+0000] {logging_mixin.py:190} INFO - [2024-11-01T12:15:06.737+0000] {dag.py:3239} INFO - Sync 1 DAGs
[2024-11-01T12:15:06.750+0000] {logging_mixin.py:190} INFO - [2024-11-01T12:15:06.750+0000] {dag.py:4180} INFO - Setting next_dagrun for example_dag_decorator to None, run_after=None
[2024-11-01T12:15:06.768+0000] {processor.py:208} INFO - Processing /home/airflow/.local/lib/python3.12/site-packages/airflow/example_dags/example_dag_decorator.py took 0.157 seconds
[2024-11-01T12:15:37.424+0000] {processor.py:186} INFO - Started process (PID=918) to work on /home/airflow/.local/lib/python3.12/site-packages/airflow/example_dags/example_dag_decorator.py
[2024-11-01T12:15:37.425+0000] {processor.py:914} INFO - Processing file /home/airflow/.local/lib/python3.12/site-packages/airflow/example_dags/example_dag_decorator.py for tasks to queue
[2024-11-01T12:15:37.426+0000] {logging_mixin.py:190} INFO - [2024-11-01T12:15:37.426+0000] {dagbag.py:588} INFO - Filling up the DagBag from /home/airflow/.local/lib/python3.12/site-packages/airflow/example_dags/example_dag_decorator.py
[2024-11-01T12:15:37.434+0000] {processor.py:925} INFO - DAG(s) 'example_dag_decorator' retrieved from /home/airflow/.local/lib/python3.12/site-packages/airflow/example_dags/example_dag_decorator.py
[2024-11-01T12:15:37.516+0000] {logging_mixin.py:190} INFO - [2024-11-01T12:15:37.516+0000] {dag.py:3239} INFO - Sync 1 DAGs
[2024-11-01T12:15:37.525+0000] {logging_mixin.py:190} INFO - [2024-11-01T12:15:37.525+0000] {dag.py:4180} INFO - Setting next_dagrun for example_dag_decorator to None, run_after=None
[2024-11-01T12:15:37.543+0000] {processor.py:208} INFO - Processing /home/airflow/.local/lib/python3.12/site-packages/airflow/example_dags/example_dag_decorator.py took 0.125 seconds
[2024-11-01T12:16:07.683+0000] {processor.py:186} INFO - Started process (PID=983) to work on /home/airflow/.local/lib/python3.12/site-packages/airflow/example_dags/example_dag_decorator.py
[2024-11-01T12:16:07.684+0000] {processor.py:914} INFO - Processing file /home/airflow/.local/lib/python3.12/site-packages/airflow/example_dags/example_dag_decorator.py for tasks to queue
[2024-11-01T12:16:07.685+0000] {logging_mixin.py:190} INFO - [2024-11-01T12:16:07.685+0000] {dagbag.py:588} INFO - Filling up the DagBag from /home/airflow/.local/lib/python3.12/site-packages/airflow/example_dags/example_dag_decorator.py
[2024-11-01T12:16:07.694+0000] {processor.py:925} INFO - DAG(s) 'example_dag_decorator' retrieved from /home/airflow/.local/lib/python3.12/site-packages/airflow/example_dags/example_dag_decorator.py
[2024-11-01T12:16:07.786+0000] {logging_mixin.py:190} INFO - [2024-11-01T12:16:07.786+0000] {dag.py:3239} INFO - Sync 1 DAGs
[2024-11-01T12:16:07.796+0000] {logging_mixin.py:190} INFO - [2024-11-01T12:16:07.796+0000] {dag.py:4180} INFO - Setting next_dagrun for example_dag_decorator to None, run_after=None
[2024-11-01T12:16:07.817+0000] {processor.py:208} INFO - Processing /home/airflow/.local/lib/python3.12/site-packages/airflow/example_dags/example_dag_decorator.py took 0.138 seconds
[2024-11-01T12:16:37.976+0000] {processor.py:186} INFO - Started process (PID=1049) to work on /home/airflow/.local/lib/python3.12/site-packages/airflow/example_dags/example_dag_decorator.py
[2024-11-01T12:16:37.977+0000] {processor.py:914} INFO - Processing file /home/airflow/.local/lib/python3.12/site-packages/airflow/example_dags/example_dag_decorator.py for tasks to queue
[2024-11-01T12:16:37.978+0000] {logging_mixin.py:190} INFO - [2024-11-01T12:16:37.978+0000] {dagbag.py:588} INFO - Filling up the DagBag from /home/airflow/.local/lib/python3.12/site-packages/airflow/example_dags/example_dag_decorator.py
[2024-11-01T12:16:37.985+0000] {processor.py:925} INFO - DAG(s) 'example_dag_decorator' retrieved from /home/airflow/.local/lib/python3.12/site-packages/airflow/example_dags/example_dag_decorator.py
[2024-11-01T12:16:38.055+0000] {logging_mixin.py:190} INFO - [2024-11-01T12:16:38.055+0000] {dag.py:3239} INFO - Sync 1 DAGs
[2024-11-01T12:16:38.062+0000] {logging_mixin.py:190} INFO - [2024-11-01T12:16:38.062+0000] {dag.py:4180} INFO - Setting next_dagrun for example_dag_decorator to None, run_after=None
[2024-11-01T12:16:38.078+0000] {processor.py:208} INFO - Processing /home/airflow/.local/lib/python3.12/site-packages/airflow/example_dags/example_dag_decorator.py took 0.106 seconds
[2024-11-01T12:17:08.991+0000] {processor.py:186} INFO - Started process (PID=1114) to work on /home/airflow/.local/lib/python3.12/site-packages/airflow/example_dags/example_dag_decorator.py
[2024-11-01T12:17:08.992+0000] {processor.py:914} INFO - Processing file /home/airflow/.local/lib/python3.12/site-packages/airflow/example_dags/example_dag_decorator.py for tasks to queue
[2024-11-01T12:17:08.995+0000] {logging_mixin.py:190} INFO - [2024-11-01T12:17:08.994+0000] {dagbag.py:588} INFO - Filling up the DagBag from /home/airflow/.local/lib/python3.12/site-packages/airflow/example_dags/example_dag_decorator.py
[2024-11-01T12:17:09.006+0000] {processor.py:925} INFO - DAG(s) 'example_dag_decorator' retrieved from /home/airflow/.local/lib/python3.12/site-packages/airflow/example_dags/example_dag_decorator.py
[2024-11-01T12:17:09.092+0000] {logging_mixin.py:190} INFO - [2024-11-01T12:17:09.092+0000] {dag.py:3239} INFO - Sync 1 DAGs
[2024-11-01T12:17:09.100+0000] {logging_mixin.py:190} INFO - [2024-11-01T12:17:09.099+0000] {dag.py:4180} INFO - Setting next_dagrun for example_dag_decorator to None, run_after=None
[2024-11-01T12:17:09.124+0000] {processor.py:208} INFO - Processing /home/airflow/.local/lib/python3.12/site-packages/airflow/example_dags/example_dag_decorator.py took 0.141 seconds
[2024-11-01T12:17:39.935+0000] {processor.py:186} INFO - Started process (PID=1179) to work on /home/airflow/.local/lib/python3.12/site-packages/airflow/example_dags/example_dag_decorator.py
[2024-11-01T12:17:39.936+0000] {processor.py:914} INFO - Processing file /home/airflow/.local/lib/python3.12/site-packages/airflow/example_dags/example_dag_decorator.py for tasks to queue
[2024-11-01T12:17:39.937+0000] {logging_mixin.py:190} INFO - [2024-11-01T12:17:39.937+0000] {dagbag.py:588} INFO - Filling up the DagBag from /home/airflow/.local/lib/python3.12/site-packages/airflow/example_dags/example_dag_decorator.py
[2024-11-01T12:17:39.945+0000] {processor.py:925} INFO - DAG(s) 'example_dag_decorator' retrieved from /home/airflow/.local/lib/python3.12/site-packages/airflow/example_dags/example_dag_decorator.py
[2024-11-01T12:17:40.020+0000] {logging_mixin.py:190} INFO - [2024-11-01T12:17:40.020+0000] {dag.py:3239} INFO - Sync 1 DAGs
[2024-11-01T12:17:40.029+0000] {logging_mixin.py:190} INFO - [2024-11-01T12:17:40.028+0000] {dag.py:4180} INFO - Setting next_dagrun for example_dag_decorator to None, run_after=None
[2024-11-01T12:17:40.047+0000] {processor.py:208} INFO - Processing /home/airflow/.local/lib/python3.12/site-packages/airflow/example_dags/example_dag_decorator.py took 0.116 seconds
[2024-11-01T12:18:10.757+0000] {processor.py:186} INFO - Started process (PID=1244) to work on /home/airflow/.local/lib/python3.12/site-packages/airflow/example_dags/example_dag_decorator.py
[2024-11-01T12:18:10.758+0000] {processor.py:914} INFO - Processing file /home/airflow/.local/lib/python3.12/site-packages/airflow/example_dags/example_dag_decorator.py for tasks to queue
[2024-11-01T12:18:10.759+0000] {logging_mixin.py:190} INFO - [2024-11-01T12:18:10.759+0000] {dagbag.py:588} INFO - Filling up the DagBag from /home/airflow/.local/lib/python3.12/site-packages/airflow/example_dags/example_dag_decorator.py
[2024-11-01T12:18:10.766+0000] {processor.py:925} INFO - DAG(s) 'example_dag_decorator' retrieved from /home/airflow/.local/lib/python3.12/site-packages/airflow/example_dags/example_dag_decorator.py
[2024-11-01T12:18:10.872+0000] {logging_mixin.py:190} INFO - [2024-11-01T12:18:10.872+0000] {dag.py:3239} INFO - Sync 1 DAGs
[2024-11-01T12:18:10.884+0000] {logging_mixin.py:190} INFO - [2024-11-01T12:18:10.884+0000] {dag.py:4180} INFO - Setting next_dagrun for example_dag_decorator to None, run_after=None
[2024-11-01T12:18:10.903+0000] {processor.py:208} INFO - Processing /home/airflow/.local/lib/python3.12/site-packages/airflow/example_dags/example_dag_decorator.py took 0.151 seconds
[2024-11-01T12:18:41.408+0000] {processor.py:186} INFO - Started process (PID=1309) to work on /home/airflow/.local/lib/python3.12/site-packages/airflow/example_dags/example_dag_decorator.py
[2024-11-01T12:18:41.409+0000] {processor.py:914} INFO - Processing file /home/airflow/.local/lib/python3.12/site-packages/airflow/example_dags/example_dag_decorator.py for tasks to queue
[2024-11-01T12:18:41.411+0000] {logging_mixin.py:190} INFO - [2024-11-01T12:18:41.411+0000] {dagbag.py:588} INFO - Filling up the DagBag from /home/airflow/.local/lib/python3.12/site-packages/airflow/example_dags/example_dag_decorator.py
[2024-11-01T12:18:41.418+0000] {processor.py:925} INFO - DAG(s) 'example_dag_decorator' retrieved from /home/airflow/.local/lib/python3.12/site-packages/airflow/example_dags/example_dag_decorator.py
[2024-11-01T12:18:41.494+0000] {logging_mixin.py:190} INFO - [2024-11-01T12:18:41.494+0000] {dag.py:3239} INFO - Sync 1 DAGs
[2024-11-01T12:18:41.502+0000] {logging_mixin.py:190} INFO - [2024-11-01T12:18:41.502+0000] {dag.py:4180} INFO - Setting next_dagrun for example_dag_decorator to None, run_after=None
[2024-11-01T12:18:41.517+0000] {processor.py:208} INFO - Processing /home/airflow/.local/lib/python3.12/site-packages/airflow/example_dags/example_dag_decorator.py took 0.115 seconds
[2024-11-01T12:19:12.091+0000] {processor.py:186} INFO - Started process (PID=1374) to work on /home/airflow/.local/lib/python3.12/site-packages/airflow/example_dags/example_dag_decorator.py
[2024-11-01T12:19:12.092+0000] {processor.py:914} INFO - Processing file /home/airflow/.local/lib/python3.12/site-packages/airflow/example_dags/example_dag_decorator.py for tasks to queue
[2024-11-01T12:19:12.093+0000] {logging_mixin.py:190} INFO - [2024-11-01T12:19:12.093+0000] {dagbag.py:588} INFO - Filling up the DagBag from /home/airflow/.local/lib/python3.12/site-packages/airflow/example_dags/example_dag_decorator.py
[2024-11-01T12:19:12.100+0000] {processor.py:925} INFO - DAG(s) 'example_dag_decorator' retrieved from /home/airflow/.local/lib/python3.12/site-packages/airflow/example_dags/example_dag_decorator.py
[2024-11-01T12:19:12.175+0000] {logging_mixin.py:190} INFO - [2024-11-01T12:19:12.175+0000] {dag.py:3239} INFO - Sync 1 DAGs
[2024-11-01T12:19:12.183+0000] {logging_mixin.py:190} INFO - [2024-11-01T12:19:12.183+0000] {dag.py:4180} INFO - Setting next_dagrun for example_dag_decorator to None, run_after=None
[2024-11-01T12:19:12.201+0000] {processor.py:208} INFO - Processing /home/airflow/.local/lib/python3.12/site-packages/airflow/example_dags/example_dag_decorator.py took 0.114 seconds
[2024-11-01T12:19:42.957+0000] {processor.py:186} INFO - Started process (PID=1439) to work on /home/airflow/.local/lib/python3.12/site-packages/airflow/example_dags/example_dag_decorator.py
[2024-11-01T12:19:42.957+0000] {processor.py:914} INFO - Processing file /home/airflow/.local/lib/python3.12/site-packages/airflow/example_dags/example_dag_decorator.py for tasks to queue
[2024-11-01T12:19:42.959+0000] {logging_mixin.py:190} INFO - [2024-11-01T12:19:42.959+0000] {dagbag.py:588} INFO - Filling up the DagBag from /home/airflow/.local/lib/python3.12/site-packages/airflow/example_dags/example_dag_decorator.py
[2024-11-01T12:19:42.970+0000] {processor.py:925} INFO - DAG(s) 'example_dag_decorator' retrieved from /home/airflow/.local/lib/python3.12/site-packages/airflow/example_dags/example_dag_decorator.py
[2024-11-01T12:19:43.056+0000] {logging_mixin.py:190} INFO - [2024-11-01T12:19:43.056+0000] {dag.py:3239} INFO - Sync 1 DAGs
[2024-11-01T12:19:43.068+0000] {logging_mixin.py:190} INFO - [2024-11-01T12:19:43.068+0000] {dag.py:4180} INFO - Setting next_dagrun for example_dag_decorator to None, run_after=None
[2024-11-01T12:19:43.086+0000] {processor.py:208} INFO - Processing /home/airflow/.local/lib/python3.12/site-packages/airflow/example_dags/example_dag_decorator.py took 0.133 seconds
[2024-11-01T12:20:13.298+0000] {processor.py:186} INFO - Started process (PID=1504) to work on /home/airflow/.local/lib/python3.12/site-packages/airflow/example_dags/example_dag_decorator.py
[2024-11-01T12:20:13.298+0000] {processor.py:914} INFO - Processing file /home/airflow/.local/lib/python3.12/site-packages/airflow/example_dags/example_dag_decorator.py for tasks to queue
[2024-11-01T12:20:13.300+0000] {logging_mixin.py:190} INFO - [2024-11-01T12:20:13.299+0000] {dagbag.py:588} INFO - Filling up the DagBag from /home/airflow/.local/lib/python3.12/site-packages/airflow/example_dags/example_dag_decorator.py
[2024-11-01T12:20:13.307+0000] {processor.py:925} INFO - DAG(s) 'example_dag_decorator' retrieved from /home/airflow/.local/lib/python3.12/site-packages/airflow/example_dags/example_dag_decorator.py
[2024-11-01T12:20:13.386+0000] {logging_mixin.py:190} INFO - [2024-11-01T12:20:13.386+0000] {dag.py:3239} INFO - Sync 1 DAGs
[2024-11-01T12:20:13.396+0000] {logging_mixin.py:190} INFO - [2024-11-01T12:20:13.396+0000] {dag.py:4180} INFO - Setting next_dagrun for example_dag_decorator to None, run_after=None
[2024-11-01T12:20:13.413+0000] {processor.py:208} INFO - Processing /home/airflow/.local/lib/python3.12/site-packages/airflow/example_dags/example_dag_decorator.py took 0.122 seconds
[2024-11-01T12:20:43.972+0000] {processor.py:186} INFO - Started process (PID=1569) to work on /home/airflow/.local/lib/python3.12/site-packages/airflow/example_dags/example_dag_decorator.py
[2024-11-01T12:20:43.972+0000] {processor.py:914} INFO - Processing file /home/airflow/.local/lib/python3.12/site-packages/airflow/example_dags/example_dag_decorator.py for tasks to queue
[2024-11-01T12:20:43.974+0000] {logging_mixin.py:190} INFO - [2024-11-01T12:20:43.973+0000] {dagbag.py:588} INFO - Filling up the DagBag from /home/airflow/.local/lib/python3.12/site-packages/airflow/example_dags/example_dag_decorator.py
[2024-11-01T12:20:43.983+0000] {processor.py:925} INFO - DAG(s) 'example_dag_decorator' retrieved from /home/airflow/.local/lib/python3.12/site-packages/airflow/example_dags/example_dag_decorator.py
[2024-11-01T12:20:44.062+0000] {logging_mixin.py:190} INFO - [2024-11-01T12:20:44.062+0000] {dag.py:3239} INFO - Sync 1 DAGs
[2024-11-01T12:20:44.071+0000] {logging_mixin.py:190} INFO - [2024-11-01T12:20:44.071+0000] {dag.py:4180} INFO - Setting next_dagrun for example_dag_decorator to None, run_after=None
[2024-11-01T12:20:44.087+0000] {processor.py:208} INFO - Processing /home/airflow/.local/lib/python3.12/site-packages/airflow/example_dags/example_dag_decorator.py took 0.119 seconds
[2024-11-01T12:21:14.446+0000] {processor.py:186} INFO - Started process (PID=1634) to work on /home/airflow/.local/lib/python3.12/site-packages/airflow/example_dags/example_dag_decorator.py
[2024-11-01T12:21:14.447+0000] {processor.py:914} INFO - Processing file /home/airflow/.local/lib/python3.12/site-packages/airflow/example_dags/example_dag_decorator.py for tasks to queue
[2024-11-01T12:21:14.449+0000] {logging_mixin.py:190} INFO - [2024-11-01T12:21:14.449+0000] {dagbag.py:588} INFO - Filling up the DagBag from /home/airflow/.local/lib/python3.12/site-packages/airflow/example_dags/example_dag_decorator.py
[2024-11-01T12:21:14.456+0000] {processor.py:925} INFO - DAG(s) 'example_dag_decorator' retrieved from /home/airflow/.local/lib/python3.12/site-packages/airflow/example_dags/example_dag_decorator.py
[2024-11-01T12:21:14.538+0000] {logging_mixin.py:190} INFO - [2024-11-01T12:21:14.537+0000] {dag.py:3239} INFO - Sync 1 DAGs
[2024-11-01T12:21:14.547+0000] {logging_mixin.py:190} INFO - [2024-11-01T12:21:14.547+0000] {dag.py:4180} INFO - Setting next_dagrun for example_dag_decorator to None, run_after=None
[2024-11-01T12:21:14.567+0000] {processor.py:208} INFO - Processing /home/airflow/.local/lib/python3.12/site-packages/airflow/example_dags/example_dag_decorator.py took 0.126 seconds
[2024-11-01T12:21:44.829+0000] {processor.py:186} INFO - Started process (PID=1699) to work on /home/airflow/.local/lib/python3.12/site-packages/airflow/example_dags/example_dag_decorator.py
[2024-11-01T12:21:44.830+0000] {processor.py:914} INFO - Processing file /home/airflow/.local/lib/python3.12/site-packages/airflow/example_dags/example_dag_decorator.py for tasks to queue
[2024-11-01T12:21:44.832+0000] {logging_mixin.py:190} INFO - [2024-11-01T12:21:44.832+0000] {dagbag.py:588} INFO - Filling up the DagBag from /home/airflow/.local/lib/python3.12/site-packages/airflow/example_dags/example_dag_decorator.py
[2024-11-01T12:21:44.840+0000] {processor.py:925} INFO - DAG(s) 'example_dag_decorator' retrieved from /home/airflow/.local/lib/python3.12/site-packages/airflow/example_dags/example_dag_decorator.py
[2024-11-01T12:21:44.925+0000] {logging_mixin.py:190} INFO - [2024-11-01T12:21:44.925+0000] {dag.py:3239} INFO - Sync 1 DAGs
[2024-11-01T12:21:44.936+0000] {logging_mixin.py:190} INFO - [2024-11-01T12:21:44.935+0000] {dag.py:4180} INFO - Setting next_dagrun for example_dag_decorator to None, run_after=None
[2024-11-01T12:21:44.956+0000] {processor.py:208} INFO - Processing /home/airflow/.local/lib/python3.12/site-packages/airflow/example_dags/example_dag_decorator.py took 0.133 seconds
[2024-11-01T12:22:15.002+0000] {processor.py:186} INFO - Started process (PID=1763) to work on /home/airflow/.local/lib/python3.12/site-packages/airflow/example_dags/example_dag_decorator.py
[2024-11-01T12:22:15.004+0000] {processor.py:914} INFO - Processing file /home/airflow/.local/lib/python3.12/site-packages/airflow/example_dags/example_dag_decorator.py for tasks to queue
[2024-11-01T12:22:15.006+0000] {logging_mixin.py:190} INFO - [2024-11-01T12:22:15.005+0000] {dagbag.py:588} INFO - Filling up the DagBag from /home/airflow/.local/lib/python3.12/site-packages/airflow/example_dags/example_dag_decorator.py
[2024-11-01T12:22:15.015+0000] {processor.py:925} INFO - DAG(s) 'example_dag_decorator' retrieved from /home/airflow/.local/lib/python3.12/site-packages/airflow/example_dags/example_dag_decorator.py
[2024-11-01T12:22:15.088+0000] {logging_mixin.py:190} INFO - [2024-11-01T12:22:15.088+0000] {dag.py:3239} INFO - Sync 1 DAGs
[2024-11-01T12:22:15.099+0000] {logging_mixin.py:190} INFO - [2024-11-01T12:22:15.098+0000] {dag.py:4180} INFO - Setting next_dagrun for example_dag_decorator to None, run_after=None
[2024-11-01T12:22:15.124+0000] {processor.py:208} INFO - Processing /home/airflow/.local/lib/python3.12/site-packages/airflow/example_dags/example_dag_decorator.py took 0.131 seconds
[2024-11-01T12:22:45.324+0000] {processor.py:186} INFO - Started process (PID=1828) to work on /home/airflow/.local/lib/python3.12/site-packages/airflow/example_dags/example_dag_decorator.py
[2024-11-01T12:22:45.326+0000] {processor.py:914} INFO - Processing file /home/airflow/.local/lib/python3.12/site-packages/airflow/example_dags/example_dag_decorator.py for tasks to queue
[2024-11-01T12:22:45.327+0000] {logging_mixin.py:190} INFO - [2024-11-01T12:22:45.327+0000] {dagbag.py:588} INFO - Filling up the DagBag from /home/airflow/.local/lib/python3.12/site-packages/airflow/example_dags/example_dag_decorator.py
[2024-11-01T12:22:45.338+0000] {processor.py:925} INFO - DAG(s) 'example_dag_decorator' retrieved from /home/airflow/.local/lib/python3.12/site-packages/airflow/example_dags/example_dag_decorator.py
[2024-11-01T12:22:45.427+0000] {logging_mixin.py:190} INFO - [2024-11-01T12:22:45.427+0000] {dag.py:3239} INFO - Sync 1 DAGs
[2024-11-01T12:22:45.437+0000] {logging_mixin.py:190} INFO - [2024-11-01T12:22:45.437+0000] {dag.py:4180} INFO - Setting next_dagrun for example_dag_decorator to None, run_after=None
[2024-11-01T12:22:45.454+0000] {processor.py:208} INFO - Processing /home/airflow/.local/lib/python3.12/site-packages/airflow/example_dags/example_dag_decorator.py took 0.134 seconds
[2024-11-01T12:23:15.977+0000] {processor.py:186} INFO - Started process (PID=1893) to work on /home/airflow/.local/lib/python3.12/site-packages/airflow/example_dags/example_dag_decorator.py
[2024-11-01T12:23:15.978+0000] {processor.py:914} INFO - Processing file /home/airflow/.local/lib/python3.12/site-packages/airflow/example_dags/example_dag_decorator.py for tasks to queue
[2024-11-01T12:23:15.979+0000] {logging_mixin.py:190} INFO - [2024-11-01T12:23:15.979+0000] {dagbag.py:588} INFO - Filling up the DagBag from /home/airflow/.local/lib/python3.12/site-packages/airflow/example_dags/example_dag_decorator.py
[2024-11-01T12:23:15.989+0000] {processor.py:925} INFO - DAG(s) 'example_dag_decorator' retrieved from /home/airflow/.local/lib/python3.12/site-packages/airflow/example_dags/example_dag_decorator.py
[2024-11-01T12:23:16.069+0000] {logging_mixin.py:190} INFO - [2024-11-01T12:23:16.069+0000] {dag.py:3239} INFO - Sync 1 DAGs
[2024-11-01T12:23:16.078+0000] {logging_mixin.py:190} INFO - [2024-11-01T12:23:16.077+0000] {dag.py:4180} INFO - Setting next_dagrun for example_dag_decorator to None, run_after=None
[2024-11-01T12:23:16.094+0000] {processor.py:208} INFO - Processing /home/airflow/.local/lib/python3.12/site-packages/airflow/example_dags/example_dag_decorator.py took 0.122 seconds
[2024-11-01T12:23:46.151+0000] {processor.py:186} INFO - Started process (PID=1958) to work on /home/airflow/.local/lib/python3.12/site-packages/airflow/example_dags/example_dag_decorator.py
[2024-11-01T12:23:46.153+0000] {processor.py:914} INFO - Processing file /home/airflow/.local/lib/python3.12/site-packages/airflow/example_dags/example_dag_decorator.py for tasks to queue
[2024-11-01T12:23:46.155+0000] {logging_mixin.py:190} INFO - [2024-11-01T12:23:46.155+0000] {dagbag.py:588} INFO - Filling up the DagBag from /home/airflow/.local/lib/python3.12/site-packages/airflow/example_dags/example_dag_decorator.py
[2024-11-01T12:23:46.162+0000] {processor.py:925} INFO - DAG(s) 'example_dag_decorator' retrieved from /home/airflow/.local/lib/python3.12/site-packages/airflow/example_dags/example_dag_decorator.py
[2024-11-01T12:23:46.255+0000] {logging_mixin.py:190} INFO - [2024-11-01T12:23:46.255+0000] {dag.py:3239} INFO - Sync 1 DAGs
[2024-11-01T12:23:46.263+0000] {logging_mixin.py:190} INFO - [2024-11-01T12:23:46.263+0000] {dag.py:4180} INFO - Setting next_dagrun for example_dag_decorator to None, run_after=None
[2024-11-01T12:23:46.279+0000] {processor.py:208} INFO - Processing /home/airflow/.local/lib/python3.12/site-packages/airflow/example_dags/example_dag_decorator.py took 0.135 seconds
[2024-11-01T12:24:16.587+0000] {processor.py:186} INFO - Started process (PID=2023) to work on /home/airflow/.local/lib/python3.12/site-packages/airflow/example_dags/example_dag_decorator.py
[2024-11-01T12:24:16.589+0000] {processor.py:914} INFO - Processing file /home/airflow/.local/lib/python3.12/site-packages/airflow/example_dags/example_dag_decorator.py for tasks to queue
[2024-11-01T12:24:16.591+0000] {logging_mixin.py:190} INFO - [2024-11-01T12:24:16.591+0000] {dagbag.py:588} INFO - Filling up the DagBag from /home/airflow/.local/lib/python3.12/site-packages/airflow/example_dags/example_dag_decorator.py
[2024-11-01T12:24:16.600+0000] {processor.py:925} INFO - DAG(s) 'example_dag_decorator' retrieved from /home/airflow/.local/lib/python3.12/site-packages/airflow/example_dags/example_dag_decorator.py
[2024-11-01T12:24:16.675+0000] {logging_mixin.py:190} INFO - [2024-11-01T12:24:16.675+0000] {dag.py:3239} INFO - Sync 1 DAGs
[2024-11-01T12:24:16.686+0000] {logging_mixin.py:190} INFO - [2024-11-01T12:24:16.686+0000] {dag.py:4180} INFO - Setting next_dagrun for example_dag_decorator to None, run_after=None
[2024-11-01T12:24:16.878+0000] {processor.py:208} INFO - Processing /home/airflow/.local/lib/python3.12/site-packages/airflow/example_dags/example_dag_decorator.py took 0.299 seconds
[2024-11-01T12:24:46.927+0000] {processor.py:186} INFO - Started process (PID=2088) to work on /home/airflow/.local/lib/python3.12/site-packages/airflow/example_dags/example_dag_decorator.py
[2024-11-01T12:24:46.928+0000] {processor.py:914} INFO - Processing file /home/airflow/.local/lib/python3.12/site-packages/airflow/example_dags/example_dag_decorator.py for tasks to queue
[2024-11-01T12:24:46.929+0000] {logging_mixin.py:190} INFO - [2024-11-01T12:24:46.929+0000] {dagbag.py:588} INFO - Filling up the DagBag from /home/airflow/.local/lib/python3.12/site-packages/airflow/example_dags/example_dag_decorator.py
[2024-11-01T12:24:46.939+0000] {processor.py:925} INFO - DAG(s) 'example_dag_decorator' retrieved from /home/airflow/.local/lib/python3.12/site-packages/airflow/example_dags/example_dag_decorator.py
[2024-11-01T12:24:47.009+0000] {logging_mixin.py:190} INFO - [2024-11-01T12:24:47.009+0000] {dag.py:3239} INFO - Sync 1 DAGs
[2024-11-01T12:24:47.164+0000] {logging_mixin.py:190} INFO - [2024-11-01T12:24:47.164+0000] {dag.py:4180} INFO - Setting next_dagrun for example_dag_decorator to None, run_after=None
[2024-11-01T12:24:47.179+0000] {processor.py:208} INFO - Processing /home/airflow/.local/lib/python3.12/site-packages/airflow/example_dags/example_dag_decorator.py took 0.256 seconds
[2024-11-01T12:25:18.119+0000] {processor.py:186} INFO - Started process (PID=2152) to work on /home/airflow/.local/lib/python3.12/site-packages/airflow/example_dags/example_dag_decorator.py
[2024-11-01T12:25:18.120+0000] {processor.py:914} INFO - Processing file /home/airflow/.local/lib/python3.12/site-packages/airflow/example_dags/example_dag_decorator.py for tasks to queue
[2024-11-01T12:25:18.122+0000] {logging_mixin.py:190} INFO - [2024-11-01T12:25:18.122+0000] {dagbag.py:588} INFO - Filling up the DagBag from /home/airflow/.local/lib/python3.12/site-packages/airflow/example_dags/example_dag_decorator.py
[2024-11-01T12:25:18.131+0000] {processor.py:925} INFO - DAG(s) 'example_dag_decorator' retrieved from /home/airflow/.local/lib/python3.12/site-packages/airflow/example_dags/example_dag_decorator.py
[2024-11-01T12:25:18.239+0000] {logging_mixin.py:190} INFO - [2024-11-01T12:25:18.239+0000] {dag.py:3239} INFO - Sync 1 DAGs
[2024-11-01T12:25:18.461+0000] {logging_mixin.py:190} INFO - [2024-11-01T12:25:18.461+0000] {dag.py:4180} INFO - Setting next_dagrun for example_dag_decorator to None, run_after=None
[2024-11-01T12:25:18.480+0000] {processor.py:208} INFO - Processing /home/airflow/.local/lib/python3.12/site-packages/airflow/example_dags/example_dag_decorator.py took 0.366 seconds
[2024-11-01T12:25:48.974+0000] {processor.py:186} INFO - Started process (PID=2217) to work on /home/airflow/.local/lib/python3.12/site-packages/airflow/example_dags/example_dag_decorator.py
[2024-11-01T12:25:48.976+0000] {processor.py:914} INFO - Processing file /home/airflow/.local/lib/python3.12/site-packages/airflow/example_dags/example_dag_decorator.py for tasks to queue
[2024-11-01T12:25:48.977+0000] {logging_mixin.py:190} INFO - [2024-11-01T12:25:48.977+0000] {dagbag.py:588} INFO - Filling up the DagBag from /home/airflow/.local/lib/python3.12/site-packages/airflow/example_dags/example_dag_decorator.py
[2024-11-01T12:25:48.987+0000] {processor.py:925} INFO - DAG(s) 'example_dag_decorator' retrieved from /home/airflow/.local/lib/python3.12/site-packages/airflow/example_dags/example_dag_decorator.py
[2024-11-01T12:25:49.080+0000] {logging_mixin.py:190} INFO - [2024-11-01T12:25:49.080+0000] {dag.py:3239} INFO - Sync 1 DAGs
[2024-11-01T12:25:49.294+0000] {logging_mixin.py:190} INFO - [2024-11-01T12:25:49.294+0000] {dag.py:4180} INFO - Setting next_dagrun for example_dag_decorator to None, run_after=None
[2024-11-01T12:25:49.312+0000] {processor.py:208} INFO - Processing /home/airflow/.local/lib/python3.12/site-packages/airflow/example_dags/example_dag_decorator.py took 0.345 seconds
[2024-11-01T12:26:19.647+0000] {processor.py:186} INFO - Started process (PID=2282) to work on /home/airflow/.local/lib/python3.12/site-packages/airflow/example_dags/example_dag_decorator.py
[2024-11-01T12:26:19.649+0000] {processor.py:914} INFO - Processing file /home/airflow/.local/lib/python3.12/site-packages/airflow/example_dags/example_dag_decorator.py for tasks to queue
[2024-11-01T12:26:19.651+0000] {logging_mixin.py:190} INFO - [2024-11-01T12:26:19.651+0000] {dagbag.py:588} INFO - Filling up the DagBag from /home/airflow/.local/lib/python3.12/site-packages/airflow/example_dags/example_dag_decorator.py
[2024-11-01T12:26:19.661+0000] {processor.py:925} INFO - DAG(s) 'example_dag_decorator' retrieved from /home/airflow/.local/lib/python3.12/site-packages/airflow/example_dags/example_dag_decorator.py
[2024-11-01T12:26:19.679+0000] {logging_mixin.py:190} INFO - [2024-11-01T12:26:19.679+0000] {dag.py:3239} INFO - Sync 1 DAGs
[2024-11-01T12:26:19.690+0000] {logging_mixin.py:190} INFO - [2024-11-01T12:26:19.689+0000] {dag.py:4180} INFO - Setting next_dagrun for example_dag_decorator to None, run_after=None
[2024-11-01T12:26:19.706+0000] {processor.py:208} INFO - Processing /home/airflow/.local/lib/python3.12/site-packages/airflow/example_dags/example_dag_decorator.py took 0.063 seconds
[2024-11-01T12:26:50.099+0000] {processor.py:186} INFO - Started process (PID=2347) to work on /home/airflow/.local/lib/python3.12/site-packages/airflow/example_dags/example_dag_decorator.py
[2024-11-01T12:26:50.101+0000] {processor.py:914} INFO - Processing file /home/airflow/.local/lib/python3.12/site-packages/airflow/example_dags/example_dag_decorator.py for tasks to queue
[2024-11-01T12:26:50.102+0000] {logging_mixin.py:190} INFO - [2024-11-01T12:26:50.102+0000] {dagbag.py:588} INFO - Filling up the DagBag from /home/airflow/.local/lib/python3.12/site-packages/airflow/example_dags/example_dag_decorator.py
[2024-11-01T12:26:50.112+0000] {processor.py:925} INFO - DAG(s) 'example_dag_decorator' retrieved from /home/airflow/.local/lib/python3.12/site-packages/airflow/example_dags/example_dag_decorator.py
[2024-11-01T12:26:50.392+0000] {logging_mixin.py:190} INFO - [2024-11-01T12:26:50.391+0000] {dag.py:3239} INFO - Sync 1 DAGs
[2024-11-01T12:26:50.401+0000] {logging_mixin.py:190} INFO - [2024-11-01T12:26:50.401+0000] {dag.py:4180} INFO - Setting next_dagrun for example_dag_decorator to None, run_after=None
[2024-11-01T12:26:50.417+0000] {processor.py:208} INFO - Processing /home/airflow/.local/lib/python3.12/site-packages/airflow/example_dags/example_dag_decorator.py took 0.324 seconds
[2024-11-01T12:27:20.714+0000] {processor.py:186} INFO - Started process (PID=2412) to work on /home/airflow/.local/lib/python3.12/site-packages/airflow/example_dags/example_dag_decorator.py
[2024-11-01T12:27:20.716+0000] {processor.py:914} INFO - Processing file /home/airflow/.local/lib/python3.12/site-packages/airflow/example_dags/example_dag_decorator.py for tasks to queue
[2024-11-01T12:27:20.718+0000] {logging_mixin.py:190} INFO - [2024-11-01T12:27:20.717+0000] {dagbag.py:588} INFO - Filling up the DagBag from /home/airflow/.local/lib/python3.12/site-packages/airflow/example_dags/example_dag_decorator.py
[2024-11-01T12:27:20.731+0000] {processor.py:925} INFO - DAG(s) 'example_dag_decorator' retrieved from /home/airflow/.local/lib/python3.12/site-packages/airflow/example_dags/example_dag_decorator.py
[2024-11-01T12:27:21.046+0000] {logging_mixin.py:190} INFO - [2024-11-01T12:27:21.046+0000] {dag.py:3239} INFO - Sync 1 DAGs
[2024-11-01T12:27:21.058+0000] {logging_mixin.py:190} INFO - [2024-11-01T12:27:21.057+0000] {dag.py:4180} INFO - Setting next_dagrun for example_dag_decorator to None, run_after=None
[2024-11-01T12:27:21.077+0000] {processor.py:208} INFO - Processing /home/airflow/.local/lib/python3.12/site-packages/airflow/example_dags/example_dag_decorator.py took 0.368 seconds
[2024-11-01T12:27:51.207+0000] {processor.py:186} INFO - Started process (PID=2478) to work on /home/airflow/.local/lib/python3.12/site-packages/airflow/example_dags/example_dag_decorator.py
[2024-11-01T12:27:51.208+0000] {processor.py:914} INFO - Processing file /home/airflow/.local/lib/python3.12/site-packages/airflow/example_dags/example_dag_decorator.py for tasks to queue
[2024-11-01T12:27:51.210+0000] {logging_mixin.py:190} INFO - [2024-11-01T12:27:51.210+0000] {dagbag.py:588} INFO - Filling up the DagBag from /home/airflow/.local/lib/python3.12/site-packages/airflow/example_dags/example_dag_decorator.py
[2024-11-01T12:27:51.220+0000] {processor.py:925} INFO - DAG(s) 'example_dag_decorator' retrieved from /home/airflow/.local/lib/python3.12/site-packages/airflow/example_dags/example_dag_decorator.py
[2024-11-01T12:27:51.465+0000] {logging_mixin.py:190} INFO - [2024-11-01T12:27:51.465+0000] {dag.py:3239} INFO - Sync 1 DAGs
[2024-11-01T12:27:51.474+0000] {logging_mixin.py:190} INFO - [2024-11-01T12:27:51.474+0000] {dag.py:4180} INFO - Setting next_dagrun for example_dag_decorator to None, run_after=None
[2024-11-01T12:27:51.488+0000] {processor.py:208} INFO - Processing /home/airflow/.local/lib/python3.12/site-packages/airflow/example_dags/example_dag_decorator.py took 0.286 seconds
[2024-11-01T12:28:21.999+0000] {processor.py:186} INFO - Started process (PID=2542) to work on /home/airflow/.local/lib/python3.12/site-packages/airflow/example_dags/example_dag_decorator.py
[2024-11-01T12:28:22.001+0000] {processor.py:914} INFO - Processing file /home/airflow/.local/lib/python3.12/site-packages/airflow/example_dags/example_dag_decorator.py for tasks to queue
[2024-11-01T12:28:22.004+0000] {logging_mixin.py:190} INFO - [2024-11-01T12:28:22.003+0000] {dagbag.py:588} INFO - Filling up the DagBag from /home/airflow/.local/lib/python3.12/site-packages/airflow/example_dags/example_dag_decorator.py
[2024-11-01T12:28:22.014+0000] {processor.py:925} INFO - DAG(s) 'example_dag_decorator' retrieved from /home/airflow/.local/lib/python3.12/site-packages/airflow/example_dags/example_dag_decorator.py
[2024-11-01T12:28:22.103+0000] {logging_mixin.py:190} INFO - [2024-11-01T12:28:22.103+0000] {dag.py:3239} INFO - Sync 1 DAGs
[2024-11-01T12:28:22.118+0000] {logging_mixin.py:190} INFO - [2024-11-01T12:28:22.118+0000] {dag.py:4180} INFO - Setting next_dagrun for example_dag_decorator to None, run_after=None
[2024-11-01T12:28:22.142+0000] {processor.py:208} INFO - Processing /home/airflow/.local/lib/python3.12/site-packages/airflow/example_dags/example_dag_decorator.py took 0.148 seconds
[2024-11-01T12:28:52.472+0000] {processor.py:186} INFO - Started process (PID=2607) to work on /home/airflow/.local/lib/python3.12/site-packages/airflow/example_dags/example_dag_decorator.py
[2024-11-01T12:28:52.474+0000] {processor.py:914} INFO - Processing file /home/airflow/.local/lib/python3.12/site-packages/airflow/example_dags/example_dag_decorator.py for tasks to queue
[2024-11-01T12:28:52.476+0000] {logging_mixin.py:190} INFO - [2024-11-01T12:28:52.476+0000] {dagbag.py:588} INFO - Filling up the DagBag from /home/airflow/.local/lib/python3.12/site-packages/airflow/example_dags/example_dag_decorator.py
[2024-11-01T12:28:52.485+0000] {processor.py:925} INFO - DAG(s) 'example_dag_decorator' retrieved from /home/airflow/.local/lib/python3.12/site-packages/airflow/example_dags/example_dag_decorator.py
[2024-11-01T12:28:52.580+0000] {logging_mixin.py:190} INFO - [2024-11-01T12:28:52.580+0000] {dag.py:3239} INFO - Sync 1 DAGs
[2024-11-01T12:28:52.595+0000] {logging_mixin.py:190} INFO - [2024-11-01T12:28:52.595+0000] {dag.py:4180} INFO - Setting next_dagrun for example_dag_decorator to None, run_after=None
[2024-11-01T12:28:52.613+0000] {processor.py:208} INFO - Processing /home/airflow/.local/lib/python3.12/site-packages/airflow/example_dags/example_dag_decorator.py took 0.147 seconds
[2024-11-01T12:29:22.874+0000] {processor.py:186} INFO - Started process (PID=2672) to work on /home/airflow/.local/lib/python3.12/site-packages/airflow/example_dags/example_dag_decorator.py
[2024-11-01T12:29:22.876+0000] {processor.py:914} INFO - Processing file /home/airflow/.local/lib/python3.12/site-packages/airflow/example_dags/example_dag_decorator.py for tasks to queue
[2024-11-01T12:29:22.880+0000] {logging_mixin.py:190} INFO - [2024-11-01T12:29:22.879+0000] {dagbag.py:588} INFO - Filling up the DagBag from /home/airflow/.local/lib/python3.12/site-packages/airflow/example_dags/example_dag_decorator.py
[2024-11-01T12:29:22.888+0000] {processor.py:925} INFO - DAG(s) 'example_dag_decorator' retrieved from /home/airflow/.local/lib/python3.12/site-packages/airflow/example_dags/example_dag_decorator.py
[2024-11-01T12:29:22.975+0000] {logging_mixin.py:190} INFO - [2024-11-01T12:29:22.975+0000] {dag.py:3239} INFO - Sync 1 DAGs
[2024-11-01T12:29:22.985+0000] {logging_mixin.py:190} INFO - [2024-11-01T12:29:22.984+0000] {dag.py:4180} INFO - Setting next_dagrun for example_dag_decorator to None, run_after=None
[2024-11-01T12:29:23.000+0000] {processor.py:208} INFO - Processing /home/airflow/.local/lib/python3.12/site-packages/airflow/example_dags/example_dag_decorator.py took 0.131 seconds
[2024-11-01T12:29:53.023+0000] {processor.py:186} INFO - Started process (PID=2738) to work on /home/airflow/.local/lib/python3.12/site-packages/airflow/example_dags/example_dag_decorator.py
[2024-11-01T12:29:53.023+0000] {processor.py:914} INFO - Processing file /home/airflow/.local/lib/python3.12/site-packages/airflow/example_dags/example_dag_decorator.py for tasks to queue
[2024-11-01T12:29:53.025+0000] {logging_mixin.py:190} INFO - [2024-11-01T12:29:53.025+0000] {dagbag.py:588} INFO - Filling up the DagBag from /home/airflow/.local/lib/python3.12/site-packages/airflow/example_dags/example_dag_decorator.py
[2024-11-01T12:29:53.032+0000] {processor.py:925} INFO - DAG(s) 'example_dag_decorator' retrieved from /home/airflow/.local/lib/python3.12/site-packages/airflow/example_dags/example_dag_decorator.py
[2024-11-01T12:29:53.108+0000] {logging_mixin.py:190} INFO - [2024-11-01T12:29:53.108+0000] {dag.py:3239} INFO - Sync 1 DAGs
[2024-11-01T12:29:53.116+0000] {logging_mixin.py:190} INFO - [2024-11-01T12:29:53.115+0000] {dag.py:4180} INFO - Setting next_dagrun for example_dag_decorator to None, run_after=None
[2024-11-01T12:29:53.130+0000] {processor.py:208} INFO - Processing /home/airflow/.local/lib/python3.12/site-packages/airflow/example_dags/example_dag_decorator.py took 0.111 seconds
[2024-11-01T12:30:23.553+0000] {processor.py:186} INFO - Started process (PID=2802) to work on /home/airflow/.local/lib/python3.12/site-packages/airflow/example_dags/example_dag_decorator.py
[2024-11-01T12:30:23.555+0000] {processor.py:914} INFO - Processing file /home/airflow/.local/lib/python3.12/site-packages/airflow/example_dags/example_dag_decorator.py for tasks to queue
[2024-11-01T12:30:23.557+0000] {logging_mixin.py:190} INFO - [2024-11-01T12:30:23.557+0000] {dagbag.py:588} INFO - Filling up the DagBag from /home/airflow/.local/lib/python3.12/site-packages/airflow/example_dags/example_dag_decorator.py
[2024-11-01T12:30:23.565+0000] {processor.py:925} INFO - DAG(s) 'example_dag_decorator' retrieved from /home/airflow/.local/lib/python3.12/site-packages/airflow/example_dags/example_dag_decorator.py
[2024-11-01T12:30:23.641+0000] {logging_mixin.py:190} INFO - [2024-11-01T12:30:23.641+0000] {dag.py:3239} INFO - Sync 1 DAGs
[2024-11-01T12:30:23.650+0000] {logging_mixin.py:190} INFO - [2024-11-01T12:30:23.650+0000] {dag.py:4180} INFO - Setting next_dagrun for example_dag_decorator to None, run_after=None
[2024-11-01T12:30:23.664+0000] {processor.py:208} INFO - Processing /home/airflow/.local/lib/python3.12/site-packages/airflow/example_dags/example_dag_decorator.py took 0.117 seconds
[2024-11-01T12:30:54.126+0000] {processor.py:186} INFO - Started process (PID=2868) to work on /home/airflow/.local/lib/python3.12/site-packages/airflow/example_dags/example_dag_decorator.py
[2024-11-01T12:30:54.127+0000] {processor.py:914} INFO - Processing file /home/airflow/.local/lib/python3.12/site-packages/airflow/example_dags/example_dag_decorator.py for tasks to queue
[2024-11-01T12:30:54.129+0000] {logging_mixin.py:190} INFO - [2024-11-01T12:30:54.129+0000] {dagbag.py:588} INFO - Filling up the DagBag from /home/airflow/.local/lib/python3.12/site-packages/airflow/example_dags/example_dag_decorator.py
[2024-11-01T12:30:54.136+0000] {processor.py:925} INFO - DAG(s) 'example_dag_decorator' retrieved from /home/airflow/.local/lib/python3.12/site-packages/airflow/example_dags/example_dag_decorator.py
[2024-11-01T12:30:54.224+0000] {logging_mixin.py:190} INFO - [2024-11-01T12:30:54.224+0000] {dag.py:3239} INFO - Sync 1 DAGs
[2024-11-01T12:30:54.233+0000] {logging_mixin.py:190} INFO - [2024-11-01T12:30:54.232+0000] {dag.py:4180} INFO - Setting next_dagrun for example_dag_decorator to None, run_after=None
[2024-11-01T12:30:54.247+0000] {processor.py:208} INFO - Processing /home/airflow/.local/lib/python3.12/site-packages/airflow/example_dags/example_dag_decorator.py took 0.126 seconds
[2024-11-01T12:31:24.702+0000] {processor.py:186} INFO - Started process (PID=2933) to work on /home/airflow/.local/lib/python3.12/site-packages/airflow/example_dags/example_dag_decorator.py
[2024-11-01T12:31:24.704+0000] {processor.py:914} INFO - Processing file /home/airflow/.local/lib/python3.12/site-packages/airflow/example_dags/example_dag_decorator.py for tasks to queue
[2024-11-01T12:31:24.706+0000] {logging_mixin.py:190} INFO - [2024-11-01T12:31:24.706+0000] {dagbag.py:588} INFO - Filling up the DagBag from /home/airflow/.local/lib/python3.12/site-packages/airflow/example_dags/example_dag_decorator.py
[2024-11-01T12:31:24.714+0000] {processor.py:925} INFO - DAG(s) 'example_dag_decorator' retrieved from /home/airflow/.local/lib/python3.12/site-packages/airflow/example_dags/example_dag_decorator.py
[2024-11-01T12:31:24.788+0000] {logging_mixin.py:190} INFO - [2024-11-01T12:31:24.788+0000] {dag.py:3239} INFO - Sync 1 DAGs
[2024-11-01T12:31:24.797+0000] {logging_mixin.py:190} INFO - [2024-11-01T12:31:24.797+0000] {dag.py:4180} INFO - Setting next_dagrun for example_dag_decorator to None, run_after=None
[2024-11-01T12:31:24.811+0000] {processor.py:208} INFO - Processing /home/airflow/.local/lib/python3.12/site-packages/airflow/example_dags/example_dag_decorator.py took 0.113 seconds
[2024-11-01T12:31:55.303+0000] {processor.py:186} INFO - Started process (PID=2998) to work on /home/airflow/.local/lib/python3.12/site-packages/airflow/example_dags/example_dag_decorator.py
[2024-11-01T12:31:55.305+0000] {processor.py:914} INFO - Processing file /home/airflow/.local/lib/python3.12/site-packages/airflow/example_dags/example_dag_decorator.py for tasks to queue
[2024-11-01T12:31:55.307+0000] {logging_mixin.py:190} INFO - [2024-11-01T12:31:55.307+0000] {dagbag.py:588} INFO - Filling up the DagBag from /home/airflow/.local/lib/python3.12/site-packages/airflow/example_dags/example_dag_decorator.py
[2024-11-01T12:31:55.315+0000] {processor.py:925} INFO - DAG(s) 'example_dag_decorator' retrieved from /home/airflow/.local/lib/python3.12/site-packages/airflow/example_dags/example_dag_decorator.py
[2024-11-01T12:31:55.390+0000] {logging_mixin.py:190} INFO - [2024-11-01T12:31:55.390+0000] {dag.py:3239} INFO - Sync 1 DAGs
[2024-11-01T12:31:55.398+0000] {logging_mixin.py:190} INFO - [2024-11-01T12:31:55.398+0000] {dag.py:4180} INFO - Setting next_dagrun for example_dag_decorator to None, run_after=None
[2024-11-01T12:31:55.414+0000] {processor.py:208} INFO - Processing /home/airflow/.local/lib/python3.12/site-packages/airflow/example_dags/example_dag_decorator.py took 0.114 seconds
[2024-11-01T12:32:25.800+0000] {processor.py:186} INFO - Started process (PID=3063) to work on /home/airflow/.local/lib/python3.12/site-packages/airflow/example_dags/example_dag_decorator.py
[2024-11-01T12:32:25.801+0000] {processor.py:914} INFO - Processing file /home/airflow/.local/lib/python3.12/site-packages/airflow/example_dags/example_dag_decorator.py for tasks to queue
[2024-11-01T12:32:25.803+0000] {logging_mixin.py:190} INFO - [2024-11-01T12:32:25.803+0000] {dagbag.py:588} INFO - Filling up the DagBag from /home/airflow/.local/lib/python3.12/site-packages/airflow/example_dags/example_dag_decorator.py
[2024-11-01T12:32:25.811+0000] {processor.py:925} INFO - DAG(s) 'example_dag_decorator' retrieved from /home/airflow/.local/lib/python3.12/site-packages/airflow/example_dags/example_dag_decorator.py
[2024-11-01T12:32:25.885+0000] {logging_mixin.py:190} INFO - [2024-11-01T12:32:25.885+0000] {dag.py:3239} INFO - Sync 1 DAGs
[2024-11-01T12:32:25.894+0000] {logging_mixin.py:190} INFO - [2024-11-01T12:32:25.894+0000] {dag.py:4180} INFO - Setting next_dagrun for example_dag_decorator to None, run_after=None
[2024-11-01T12:32:25.909+0000] {processor.py:208} INFO - Processing /home/airflow/.local/lib/python3.12/site-packages/airflow/example_dags/example_dag_decorator.py took 0.113 seconds
[2024-11-01T12:32:56.450+0000] {processor.py:186} INFO - Started process (PID=3128) to work on /home/airflow/.local/lib/python3.12/site-packages/airflow/example_dags/example_dag_decorator.py
[2024-11-01T12:32:56.452+0000] {processor.py:914} INFO - Processing file /home/airflow/.local/lib/python3.12/site-packages/airflow/example_dags/example_dag_decorator.py for tasks to queue
[2024-11-01T12:32:56.454+0000] {logging_mixin.py:190} INFO - [2024-11-01T12:32:56.454+0000] {dagbag.py:588} INFO - Filling up the DagBag from /home/airflow/.local/lib/python3.12/site-packages/airflow/example_dags/example_dag_decorator.py
[2024-11-01T12:32:56.462+0000] {processor.py:925} INFO - DAG(s) 'example_dag_decorator' retrieved from /home/airflow/.local/lib/python3.12/site-packages/airflow/example_dags/example_dag_decorator.py
[2024-11-01T12:32:56.537+0000] {logging_mixin.py:190} INFO - [2024-11-01T12:32:56.537+0000] {dag.py:3239} INFO - Sync 1 DAGs
[2024-11-01T12:32:56.546+0000] {logging_mixin.py:190} INFO - [2024-11-01T12:32:56.546+0000] {dag.py:4180} INFO - Setting next_dagrun for example_dag_decorator to None, run_after=None
[2024-11-01T12:32:56.561+0000] {processor.py:208} INFO - Processing /home/airflow/.local/lib/python3.12/site-packages/airflow/example_dags/example_dag_decorator.py took 0.115 seconds
[2024-11-01T12:33:26.937+0000] {processor.py:186} INFO - Started process (PID=3193) to work on /home/airflow/.local/lib/python3.12/site-packages/airflow/example_dags/example_dag_decorator.py
[2024-11-01T12:33:26.938+0000] {processor.py:914} INFO - Processing file /home/airflow/.local/lib/python3.12/site-packages/airflow/example_dags/example_dag_decorator.py for tasks to queue
[2024-11-01T12:33:26.940+0000] {logging_mixin.py:190} INFO - [2024-11-01T12:33:26.940+0000] {dagbag.py:588} INFO - Filling up the DagBag from /home/airflow/.local/lib/python3.12/site-packages/airflow/example_dags/example_dag_decorator.py
[2024-11-01T12:33:26.947+0000] {processor.py:925} INFO - DAG(s) 'example_dag_decorator' retrieved from /home/airflow/.local/lib/python3.12/site-packages/airflow/example_dags/example_dag_decorator.py
[2024-11-01T12:33:27.029+0000] {logging_mixin.py:190} INFO - [2024-11-01T12:33:27.029+0000] {dag.py:3239} INFO - Sync 1 DAGs
[2024-11-01T12:33:27.038+0000] {logging_mixin.py:190} INFO - [2024-11-01T12:33:27.038+0000] {dag.py:4180} INFO - Setting next_dagrun for example_dag_decorator to None, run_after=None
[2024-11-01T12:33:27.052+0000] {processor.py:208} INFO - Processing /home/airflow/.local/lib/python3.12/site-packages/airflow/example_dags/example_dag_decorator.py took 0.119 seconds
[2024-11-01T12:33:57.634+0000] {processor.py:186} INFO - Started process (PID=3258) to work on /home/airflow/.local/lib/python3.12/site-packages/airflow/example_dags/example_dag_decorator.py
[2024-11-01T12:33:57.636+0000] {processor.py:914} INFO - Processing file /home/airflow/.local/lib/python3.12/site-packages/airflow/example_dags/example_dag_decorator.py for tasks to queue
[2024-11-01T12:33:57.637+0000] {logging_mixin.py:190} INFO - [2024-11-01T12:33:57.637+0000] {dagbag.py:588} INFO - Filling up the DagBag from /home/airflow/.local/lib/python3.12/site-packages/airflow/example_dags/example_dag_decorator.py
[2024-11-01T12:33:57.645+0000] {processor.py:925} INFO - DAG(s) 'example_dag_decorator' retrieved from /home/airflow/.local/lib/python3.12/site-packages/airflow/example_dags/example_dag_decorator.py
[2024-11-01T12:33:57.718+0000] {logging_mixin.py:190} INFO - [2024-11-01T12:33:57.718+0000] {dag.py:3239} INFO - Sync 1 DAGs
[2024-11-01T12:33:57.727+0000] {logging_mixin.py:190} INFO - [2024-11-01T12:33:57.726+0000] {dag.py:4180} INFO - Setting next_dagrun for example_dag_decorator to None, run_after=None
[2024-11-01T12:33:57.741+0000] {processor.py:208} INFO - Processing /home/airflow/.local/lib/python3.12/site-packages/airflow/example_dags/example_dag_decorator.py took 0.112 seconds
[2024-11-01T12:34:28.016+0000] {processor.py:186} INFO - Started process (PID=3323) to work on /home/airflow/.local/lib/python3.12/site-packages/airflow/example_dags/example_dag_decorator.py
[2024-11-01T12:34:28.018+0000] {processor.py:914} INFO - Processing file /home/airflow/.local/lib/python3.12/site-packages/airflow/example_dags/example_dag_decorator.py for tasks to queue
[2024-11-01T12:34:28.020+0000] {logging_mixin.py:190} INFO - [2024-11-01T12:34:28.020+0000] {dagbag.py:588} INFO - Filling up the DagBag from /home/airflow/.local/lib/python3.12/site-packages/airflow/example_dags/example_dag_decorator.py
[2024-11-01T12:34:28.028+0000] {processor.py:925} INFO - DAG(s) 'example_dag_decorator' retrieved from /home/airflow/.local/lib/python3.12/site-packages/airflow/example_dags/example_dag_decorator.py
[2024-11-01T12:34:28.119+0000] {logging_mixin.py:190} INFO - [2024-11-01T12:34:28.119+0000] {dag.py:3239} INFO - Sync 1 DAGs
[2024-11-01T12:34:28.128+0000] {logging_mixin.py:190} INFO - [2024-11-01T12:34:28.128+0000] {dag.py:4180} INFO - Setting next_dagrun for example_dag_decorator to None, run_after=None
[2024-11-01T12:34:28.146+0000] {processor.py:208} INFO - Processing /home/airflow/.local/lib/python3.12/site-packages/airflow/example_dags/example_dag_decorator.py took 0.134 seconds
[2024-11-01T12:34:58.698+0000] {processor.py:186} INFO - Started process (PID=3388) to work on /home/airflow/.local/lib/python3.12/site-packages/airflow/example_dags/example_dag_decorator.py
[2024-11-01T12:34:58.700+0000] {processor.py:914} INFO - Processing file /home/airflow/.local/lib/python3.12/site-packages/airflow/example_dags/example_dag_decorator.py for tasks to queue
[2024-11-01T12:34:58.702+0000] {logging_mixin.py:190} INFO - [2024-11-01T12:34:58.702+0000] {dagbag.py:588} INFO - Filling up the DagBag from /home/airflow/.local/lib/python3.12/site-packages/airflow/example_dags/example_dag_decorator.py
[2024-11-01T12:34:58.710+0000] {processor.py:925} INFO - DAG(s) 'example_dag_decorator' retrieved from /home/airflow/.local/lib/python3.12/site-packages/airflow/example_dags/example_dag_decorator.py
[2024-11-01T12:34:58.793+0000] {logging_mixin.py:190} INFO - [2024-11-01T12:34:58.793+0000] {dag.py:3239} INFO - Sync 1 DAGs
[2024-11-01T12:34:58.808+0000] {logging_mixin.py:190} INFO - [2024-11-01T12:34:58.808+0000] {dag.py:4180} INFO - Setting next_dagrun for example_dag_decorator to None, run_after=None
[2024-11-01T12:34:58.831+0000] {processor.py:208} INFO - Processing /home/airflow/.local/lib/python3.12/site-packages/airflow/example_dags/example_dag_decorator.py took 0.137 seconds
[2024-11-01T12:35:29.388+0000] {processor.py:186} INFO - Started process (PID=3453) to work on /home/airflow/.local/lib/python3.12/site-packages/airflow/example_dags/example_dag_decorator.py
[2024-11-01T12:35:29.390+0000] {processor.py:914} INFO - Processing file /home/airflow/.local/lib/python3.12/site-packages/airflow/example_dags/example_dag_decorator.py for tasks to queue
[2024-11-01T12:35:29.392+0000] {logging_mixin.py:190} INFO - [2024-11-01T12:35:29.391+0000] {dagbag.py:588} INFO - Filling up the DagBag from /home/airflow/.local/lib/python3.12/site-packages/airflow/example_dags/example_dag_decorator.py
[2024-11-01T12:35:29.401+0000] {processor.py:925} INFO - DAG(s) 'example_dag_decorator' retrieved from /home/airflow/.local/lib/python3.12/site-packages/airflow/example_dags/example_dag_decorator.py
[2024-11-01T12:35:29.479+0000] {logging_mixin.py:190} INFO - [2024-11-01T12:35:29.478+0000] {dag.py:3239} INFO - Sync 1 DAGs
[2024-11-01T12:35:29.487+0000] {logging_mixin.py:190} INFO - [2024-11-01T12:35:29.487+0000] {dag.py:4180} INFO - Setting next_dagrun for example_dag_decorator to None, run_after=None
[2024-11-01T12:35:29.502+0000] {processor.py:208} INFO - Processing /home/airflow/.local/lib/python3.12/site-packages/airflow/example_dags/example_dag_decorator.py took 0.120 seconds
[2024-11-01T12:36:00.330+0000] {processor.py:186} INFO - Started process (PID=3519) to work on /home/airflow/.local/lib/python3.12/site-packages/airflow/example_dags/example_dag_decorator.py
[2024-11-01T12:36:00.330+0000] {processor.py:914} INFO - Processing file /home/airflow/.local/lib/python3.12/site-packages/airflow/example_dags/example_dag_decorator.py for tasks to queue
[2024-11-01T12:36:00.332+0000] {logging_mixin.py:190} INFO - [2024-11-01T12:36:00.332+0000] {dagbag.py:588} INFO - Filling up the DagBag from /home/airflow/.local/lib/python3.12/site-packages/airflow/example_dags/example_dag_decorator.py
[2024-11-01T12:36:00.341+0000] {processor.py:925} INFO - DAG(s) 'example_dag_decorator' retrieved from /home/airflow/.local/lib/python3.12/site-packages/airflow/example_dags/example_dag_decorator.py
[2024-11-01T12:36:00.361+0000] {logging_mixin.py:190} INFO - [2024-11-01T12:36:00.361+0000] {dag.py:3239} INFO - Sync 1 DAGs
[2024-11-01T12:36:00.372+0000] {logging_mixin.py:190} INFO - [2024-11-01T12:36:00.372+0000] {dag.py:4180} INFO - Setting next_dagrun for example_dag_decorator to None, run_after=None
[2024-11-01T12:36:00.389+0000] {processor.py:208} INFO - Processing /home/airflow/.local/lib/python3.12/site-packages/airflow/example_dags/example_dag_decorator.py took 0.065 seconds
[2024-11-01T12:36:31.170+0000] {processor.py:186} INFO - Started process (PID=3584) to work on /home/airflow/.local/lib/python3.12/site-packages/airflow/example_dags/example_dag_decorator.py
[2024-11-01T12:36:31.170+0000] {processor.py:914} INFO - Processing file /home/airflow/.local/lib/python3.12/site-packages/airflow/example_dags/example_dag_decorator.py for tasks to queue
[2024-11-01T12:36:31.172+0000] {logging_mixin.py:190} INFO - [2024-11-01T12:36:31.171+0000] {dagbag.py:588} INFO - Filling up the DagBag from /home/airflow/.local/lib/python3.12/site-packages/airflow/example_dags/example_dag_decorator.py
[2024-11-01T12:36:31.179+0000] {processor.py:925} INFO - DAG(s) 'example_dag_decorator' retrieved from /home/airflow/.local/lib/python3.12/site-packages/airflow/example_dags/example_dag_decorator.py
[2024-11-01T12:36:31.275+0000] {logging_mixin.py:190} INFO - [2024-11-01T12:36:31.274+0000] {dag.py:3239} INFO - Sync 1 DAGs
[2024-11-01T12:36:31.283+0000] {logging_mixin.py:190} INFO - [2024-11-01T12:36:31.283+0000] {dag.py:4180} INFO - Setting next_dagrun for example_dag_decorator to None, run_after=None
[2024-11-01T12:36:31.298+0000] {processor.py:208} INFO - Processing /home/airflow/.local/lib/python3.12/site-packages/airflow/example_dags/example_dag_decorator.py took 0.132 seconds
[2024-11-01T12:37:02.279+0000] {processor.py:186} INFO - Started process (PID=3648) to work on /home/airflow/.local/lib/python3.12/site-packages/airflow/example_dags/example_dag_decorator.py
[2024-11-01T12:37:02.280+0000] {processor.py:914} INFO - Processing file /home/airflow/.local/lib/python3.12/site-packages/airflow/example_dags/example_dag_decorator.py for tasks to queue
[2024-11-01T12:37:02.282+0000] {logging_mixin.py:190} INFO - [2024-11-01T12:37:02.281+0000] {dagbag.py:588} INFO - Filling up the DagBag from /home/airflow/.local/lib/python3.12/site-packages/airflow/example_dags/example_dag_decorator.py
[2024-11-01T12:37:02.290+0000] {processor.py:925} INFO - DAG(s) 'example_dag_decorator' retrieved from /home/airflow/.local/lib/python3.12/site-packages/airflow/example_dags/example_dag_decorator.py
[2024-11-01T12:37:02.370+0000] {logging_mixin.py:190} INFO - [2024-11-01T12:37:02.370+0000] {dag.py:3239} INFO - Sync 1 DAGs
[2024-11-01T12:37:02.379+0000] {logging_mixin.py:190} INFO - [2024-11-01T12:37:02.379+0000] {dag.py:4180} INFO - Setting next_dagrun for example_dag_decorator to None, run_after=None
[2024-11-01T12:37:02.394+0000] {processor.py:208} INFO - Processing /home/airflow/.local/lib/python3.12/site-packages/airflow/example_dags/example_dag_decorator.py took 0.119 seconds
[2024-11-01T12:37:32.461+0000] {processor.py:186} INFO - Started process (PID=3713) to work on /home/airflow/.local/lib/python3.12/site-packages/airflow/example_dags/example_dag_decorator.py
[2024-11-01T12:37:32.461+0000] {processor.py:914} INFO - Processing file /home/airflow/.local/lib/python3.12/site-packages/airflow/example_dags/example_dag_decorator.py for tasks to queue
[2024-11-01T12:37:32.463+0000] {logging_mixin.py:190} INFO - [2024-11-01T12:37:32.463+0000] {dagbag.py:588} INFO - Filling up the DagBag from /home/airflow/.local/lib/python3.12/site-packages/airflow/example_dags/example_dag_decorator.py
[2024-11-01T12:37:32.471+0000] {processor.py:925} INFO - DAG(s) 'example_dag_decorator' retrieved from /home/airflow/.local/lib/python3.12/site-packages/airflow/example_dags/example_dag_decorator.py
[2024-11-01T12:37:32.546+0000] {logging_mixin.py:190} INFO - [2024-11-01T12:37:32.546+0000] {dag.py:3239} INFO - Sync 1 DAGs
[2024-11-01T12:37:32.554+0000] {logging_mixin.py:190} INFO - [2024-11-01T12:37:32.554+0000] {dag.py:4180} INFO - Setting next_dagrun for example_dag_decorator to None, run_after=None
[2024-11-01T12:37:32.569+0000] {processor.py:208} INFO - Processing /home/airflow/.local/lib/python3.12/site-packages/airflow/example_dags/example_dag_decorator.py took 0.112 seconds
[2024-11-01T12:38:03.305+0000] {processor.py:186} INFO - Started process (PID=3779) to work on /home/airflow/.local/lib/python3.12/site-packages/airflow/example_dags/example_dag_decorator.py
[2024-11-01T12:38:03.306+0000] {processor.py:914} INFO - Processing file /home/airflow/.local/lib/python3.12/site-packages/airflow/example_dags/example_dag_decorator.py for tasks to queue
[2024-11-01T12:38:03.307+0000] {logging_mixin.py:190} INFO - [2024-11-01T12:38:03.307+0000] {dagbag.py:588} INFO - Filling up the DagBag from /home/airflow/.local/lib/python3.12/site-packages/airflow/example_dags/example_dag_decorator.py
[2024-11-01T12:38:03.316+0000] {processor.py:925} INFO - DAG(s) 'example_dag_decorator' retrieved from /home/airflow/.local/lib/python3.12/site-packages/airflow/example_dags/example_dag_decorator.py
[2024-11-01T12:38:03.397+0000] {logging_mixin.py:190} INFO - [2024-11-01T12:38:03.397+0000] {dag.py:3239} INFO - Sync 1 DAGs
[2024-11-01T12:38:03.405+0000] {logging_mixin.py:190} INFO - [2024-11-01T12:38:03.405+0000] {dag.py:4180} INFO - Setting next_dagrun for example_dag_decorator to None, run_after=None
[2024-11-01T12:38:03.419+0000] {processor.py:208} INFO - Processing /home/airflow/.local/lib/python3.12/site-packages/airflow/example_dags/example_dag_decorator.py took 0.118 seconds
[2024-11-01T12:38:33.992+0000] {processor.py:186} INFO - Started process (PID=3844) to work on /home/airflow/.local/lib/python3.12/site-packages/airflow/example_dags/example_dag_decorator.py
[2024-11-01T12:38:33.992+0000] {processor.py:914} INFO - Processing file /home/airflow/.local/lib/python3.12/site-packages/airflow/example_dags/example_dag_decorator.py for tasks to queue
[2024-11-01T12:38:33.994+0000] {logging_mixin.py:190} INFO - [2024-11-01T12:38:33.994+0000] {dagbag.py:588} INFO - Filling up the DagBag from /home/airflow/.local/lib/python3.12/site-packages/airflow/example_dags/example_dag_decorator.py
[2024-11-01T12:38:34.001+0000] {processor.py:925} INFO - DAG(s) 'example_dag_decorator' retrieved from /home/airflow/.local/lib/python3.12/site-packages/airflow/example_dags/example_dag_decorator.py
[2024-11-01T12:38:34.073+0000] {logging_mixin.py:190} INFO - [2024-11-01T12:38:34.072+0000] {dag.py:3239} INFO - Sync 1 DAGs
[2024-11-01T12:38:34.080+0000] {logging_mixin.py:190} INFO - [2024-11-01T12:38:34.080+0000] {dag.py:4180} INFO - Setting next_dagrun for example_dag_decorator to None, run_after=None
[2024-11-01T12:38:34.098+0000] {processor.py:208} INFO - Processing /home/airflow/.local/lib/python3.12/site-packages/airflow/example_dags/example_dag_decorator.py took 0.110 seconds
[2024-11-01T12:39:04.604+0000] {processor.py:186} INFO - Started process (PID=3909) to work on /home/airflow/.local/lib/python3.12/site-packages/airflow/example_dags/example_dag_decorator.py
[2024-11-01T12:39:04.605+0000] {processor.py:914} INFO - Processing file /home/airflow/.local/lib/python3.12/site-packages/airflow/example_dags/example_dag_decorator.py for tasks to queue
[2024-11-01T12:39:04.606+0000] {logging_mixin.py:190} INFO - [2024-11-01T12:39:04.606+0000] {dagbag.py:588} INFO - Filling up the DagBag from /home/airflow/.local/lib/python3.12/site-packages/airflow/example_dags/example_dag_decorator.py
[2024-11-01T12:39:04.614+0000] {processor.py:925} INFO - DAG(s) 'example_dag_decorator' retrieved from /home/airflow/.local/lib/python3.12/site-packages/airflow/example_dags/example_dag_decorator.py
[2024-11-01T12:39:04.689+0000] {logging_mixin.py:190} INFO - [2024-11-01T12:39:04.688+0000] {dag.py:3239} INFO - Sync 1 DAGs
[2024-11-01T12:39:04.697+0000] {logging_mixin.py:190} INFO - [2024-11-01T12:39:04.696+0000] {dag.py:4180} INFO - Setting next_dagrun for example_dag_decorator to None, run_after=None
[2024-11-01T12:39:04.711+0000] {processor.py:208} INFO - Processing /home/airflow/.local/lib/python3.12/site-packages/airflow/example_dags/example_dag_decorator.py took 0.111 seconds
[2024-11-01T12:39:35.257+0000] {processor.py:186} INFO - Started process (PID=3974) to work on /home/airflow/.local/lib/python3.12/site-packages/airflow/example_dags/example_dag_decorator.py
[2024-11-01T12:39:35.257+0000] {processor.py:914} INFO - Processing file /home/airflow/.local/lib/python3.12/site-packages/airflow/example_dags/example_dag_decorator.py for tasks to queue
[2024-11-01T12:39:35.259+0000] {logging_mixin.py:190} INFO - [2024-11-01T12:39:35.259+0000] {dagbag.py:588} INFO - Filling up the DagBag from /home/airflow/.local/lib/python3.12/site-packages/airflow/example_dags/example_dag_decorator.py
[2024-11-01T12:39:35.266+0000] {processor.py:925} INFO - DAG(s) 'example_dag_decorator' retrieved from /home/airflow/.local/lib/python3.12/site-packages/airflow/example_dags/example_dag_decorator.py
[2024-11-01T12:39:35.336+0000] {logging_mixin.py:190} INFO - [2024-11-01T12:39:35.336+0000] {dag.py:3239} INFO - Sync 1 DAGs
[2024-11-01T12:39:35.344+0000] {logging_mixin.py:190} INFO - [2024-11-01T12:39:35.344+0000] {dag.py:4180} INFO - Setting next_dagrun for example_dag_decorator to None, run_after=None
[2024-11-01T12:39:35.360+0000] {processor.py:208} INFO - Processing /home/airflow/.local/lib/python3.12/site-packages/airflow/example_dags/example_dag_decorator.py took 0.107 seconds
[2024-11-01T12:40:05.677+0000] {processor.py:186} INFO - Started process (PID=4039) to work on /home/airflow/.local/lib/python3.12/site-packages/airflow/example_dags/example_dag_decorator.py
[2024-11-01T12:40:05.677+0000] {processor.py:914} INFO - Processing file /home/airflow/.local/lib/python3.12/site-packages/airflow/example_dags/example_dag_decorator.py for tasks to queue
[2024-11-01T12:40:05.679+0000] {logging_mixin.py:190} INFO - [2024-11-01T12:40:05.679+0000] {dagbag.py:588} INFO - Filling up the DagBag from /home/airflow/.local/lib/python3.12/site-packages/airflow/example_dags/example_dag_decorator.py
[2024-11-01T12:40:05.691+0000] {processor.py:925} INFO - DAG(s) 'example_dag_decorator' retrieved from /home/airflow/.local/lib/python3.12/site-packages/airflow/example_dags/example_dag_decorator.py
[2024-11-01T12:40:05.772+0000] {logging_mixin.py:190} INFO - [2024-11-01T12:40:05.772+0000] {dag.py:3239} INFO - Sync 1 DAGs
[2024-11-01T12:40:05.786+0000] {logging_mixin.py:190} INFO - [2024-11-01T12:40:05.785+0000] {dag.py:4180} INFO - Setting next_dagrun for example_dag_decorator to None, run_after=None
[2024-11-01T12:40:05.800+0000] {processor.py:208} INFO - Processing /home/airflow/.local/lib/python3.12/site-packages/airflow/example_dags/example_dag_decorator.py took 0.127 seconds
[2024-11-01T12:40:36.130+0000] {processor.py:186} INFO - Started process (PID=4110) to work on /home/airflow/.local/lib/python3.12/site-packages/airflow/example_dags/example_dag_decorator.py
[2024-11-01T12:40:36.131+0000] {processor.py:914} INFO - Processing file /home/airflow/.local/lib/python3.12/site-packages/airflow/example_dags/example_dag_decorator.py for tasks to queue
[2024-11-01T12:40:36.133+0000] {logging_mixin.py:190} INFO - [2024-11-01T12:40:36.132+0000] {dagbag.py:588} INFO - Filling up the DagBag from /home/airflow/.local/lib/python3.12/site-packages/airflow/example_dags/example_dag_decorator.py
[2024-11-01T12:40:36.143+0000] {processor.py:925} INFO - DAG(s) 'example_dag_decorator' retrieved from /home/airflow/.local/lib/python3.12/site-packages/airflow/example_dags/example_dag_decorator.py
[2024-11-01T12:40:36.219+0000] {logging_mixin.py:190} INFO - [2024-11-01T12:40:36.219+0000] {dag.py:3239} INFO - Sync 1 DAGs
[2024-11-01T12:40:36.227+0000] {logging_mixin.py:190} INFO - [2024-11-01T12:40:36.227+0000] {dag.py:4180} INFO - Setting next_dagrun for example_dag_decorator to None, run_after=None
[2024-11-01T12:40:36.242+0000] {processor.py:208} INFO - Processing /home/airflow/.local/lib/python3.12/site-packages/airflow/example_dags/example_dag_decorator.py took 0.116 seconds
[2024-11-01T12:41:07.216+0000] {processor.py:186} INFO - Started process (PID=4175) to work on /home/airflow/.local/lib/python3.12/site-packages/airflow/example_dags/example_dag_decorator.py
[2024-11-01T12:41:07.216+0000] {processor.py:914} INFO - Processing file /home/airflow/.local/lib/python3.12/site-packages/airflow/example_dags/example_dag_decorator.py for tasks to queue
[2024-11-01T12:41:07.218+0000] {logging_mixin.py:190} INFO - [2024-11-01T12:41:07.217+0000] {dagbag.py:588} INFO - Filling up the DagBag from /home/airflow/.local/lib/python3.12/site-packages/airflow/example_dags/example_dag_decorator.py
[2024-11-01T12:41:07.224+0000] {processor.py:925} INFO - DAG(s) 'example_dag_decorator' retrieved from /home/airflow/.local/lib/python3.12/site-packages/airflow/example_dags/example_dag_decorator.py
[2024-11-01T12:41:07.295+0000] {logging_mixin.py:190} INFO - [2024-11-01T12:41:07.294+0000] {dag.py:3239} INFO - Sync 1 DAGs
[2024-11-01T12:41:07.304+0000] {logging_mixin.py:190} INFO - [2024-11-01T12:41:07.303+0000] {dag.py:4180} INFO - Setting next_dagrun for example_dag_decorator to None, run_after=None
[2024-11-01T12:41:07.319+0000] {processor.py:208} INFO - Processing /home/airflow/.local/lib/python3.12/site-packages/airflow/example_dags/example_dag_decorator.py took 0.107 seconds
[2024-11-01T12:41:37.858+0000] {processor.py:186} INFO - Started process (PID=4240) to work on /home/airflow/.local/lib/python3.12/site-packages/airflow/example_dags/example_dag_decorator.py
[2024-11-01T12:41:37.859+0000] {processor.py:914} INFO - Processing file /home/airflow/.local/lib/python3.12/site-packages/airflow/example_dags/example_dag_decorator.py for tasks to queue
[2024-11-01T12:41:37.860+0000] {logging_mixin.py:190} INFO - [2024-11-01T12:41:37.860+0000] {dagbag.py:588} INFO - Filling up the DagBag from /home/airflow/.local/lib/python3.12/site-packages/airflow/example_dags/example_dag_decorator.py
[2024-11-01T12:41:37.868+0000] {processor.py:925} INFO - DAG(s) 'example_dag_decorator' retrieved from /home/airflow/.local/lib/python3.12/site-packages/airflow/example_dags/example_dag_decorator.py
[2024-11-01T12:41:37.958+0000] {logging_mixin.py:190} INFO - [2024-11-01T12:41:37.958+0000] {dag.py:3239} INFO - Sync 1 DAGs
[2024-11-01T12:41:37.969+0000] {logging_mixin.py:190} INFO - [2024-11-01T12:41:37.968+0000] {dag.py:4180} INFO - Setting next_dagrun for example_dag_decorator to None, run_after=None
[2024-11-01T12:41:37.988+0000] {processor.py:208} INFO - Processing /home/airflow/.local/lib/python3.12/site-packages/airflow/example_dags/example_dag_decorator.py took 0.136 seconds
[2024-11-01T12:42:08.740+0000] {processor.py:186} INFO - Started process (PID=4305) to work on /home/airflow/.local/lib/python3.12/site-packages/airflow/example_dags/example_dag_decorator.py
[2024-11-01T12:42:08.741+0000] {processor.py:914} INFO - Processing file /home/airflow/.local/lib/python3.12/site-packages/airflow/example_dags/example_dag_decorator.py for tasks to queue
[2024-11-01T12:42:08.743+0000] {logging_mixin.py:190} INFO - [2024-11-01T12:42:08.743+0000] {dagbag.py:588} INFO - Filling up the DagBag from /home/airflow/.local/lib/python3.12/site-packages/airflow/example_dags/example_dag_decorator.py
[2024-11-01T12:42:08.750+0000] {processor.py:925} INFO - DAG(s) 'example_dag_decorator' retrieved from /home/airflow/.local/lib/python3.12/site-packages/airflow/example_dags/example_dag_decorator.py
[2024-11-01T12:42:08.832+0000] {logging_mixin.py:190} INFO - [2024-11-01T12:42:08.831+0000] {dag.py:3239} INFO - Sync 1 DAGs
[2024-11-01T12:42:08.841+0000] {logging_mixin.py:190} INFO - [2024-11-01T12:42:08.841+0000] {dag.py:4180} INFO - Setting next_dagrun for example_dag_decorator to None, run_after=None
[2024-11-01T12:42:08.857+0000] {processor.py:208} INFO - Processing /home/airflow/.local/lib/python3.12/site-packages/airflow/example_dags/example_dag_decorator.py took 0.122 seconds
[2024-11-01T12:42:39.631+0000] {processor.py:186} INFO - Started process (PID=4370) to work on /home/airflow/.local/lib/python3.12/site-packages/airflow/example_dags/example_dag_decorator.py
[2024-11-01T12:42:39.631+0000] {processor.py:914} INFO - Processing file /home/airflow/.local/lib/python3.12/site-packages/airflow/example_dags/example_dag_decorator.py for tasks to queue
[2024-11-01T12:42:39.633+0000] {logging_mixin.py:190} INFO - [2024-11-01T12:42:39.633+0000] {dagbag.py:588} INFO - Filling up the DagBag from /home/airflow/.local/lib/python3.12/site-packages/airflow/example_dags/example_dag_decorator.py
[2024-11-01T12:42:39.643+0000] {processor.py:925} INFO - DAG(s) 'example_dag_decorator' retrieved from /home/airflow/.local/lib/python3.12/site-packages/airflow/example_dags/example_dag_decorator.py
[2024-11-01T12:42:39.753+0000] {logging_mixin.py:190} INFO - [2024-11-01T12:42:39.753+0000] {dag.py:3239} INFO - Sync 1 DAGs
[2024-11-01T12:42:39.764+0000] {logging_mixin.py:190} INFO - [2024-11-01T12:42:39.764+0000] {dag.py:4180} INFO - Setting next_dagrun for example_dag_decorator to None, run_after=None
[2024-11-01T12:42:39.790+0000] {processor.py:208} INFO - Processing /home/airflow/.local/lib/python3.12/site-packages/airflow/example_dags/example_dag_decorator.py took 0.168 seconds
[2024-11-01T12:43:10.275+0000] {processor.py:186} INFO - Started process (PID=4436) to work on /home/airflow/.local/lib/python3.12/site-packages/airflow/example_dags/example_dag_decorator.py
[2024-11-01T12:43:10.276+0000] {processor.py:914} INFO - Processing file /home/airflow/.local/lib/python3.12/site-packages/airflow/example_dags/example_dag_decorator.py for tasks to queue
[2024-11-01T12:43:10.278+0000] {logging_mixin.py:190} INFO - [2024-11-01T12:43:10.278+0000] {dagbag.py:588} INFO - Filling up the DagBag from /home/airflow/.local/lib/python3.12/site-packages/airflow/example_dags/example_dag_decorator.py
[2024-11-01T12:43:10.289+0000] {processor.py:925} INFO - DAG(s) 'example_dag_decorator' retrieved from /home/airflow/.local/lib/python3.12/site-packages/airflow/example_dags/example_dag_decorator.py
[2024-11-01T12:43:10.383+0000] {logging_mixin.py:190} INFO - [2024-11-01T12:43:10.383+0000] {dag.py:3239} INFO - Sync 1 DAGs
[2024-11-01T12:43:10.392+0000] {logging_mixin.py:190} INFO - [2024-11-01T12:43:10.391+0000] {dag.py:4180} INFO - Setting next_dagrun for example_dag_decorator to None, run_after=None
[2024-11-01T12:43:10.406+0000] {processor.py:208} INFO - Processing /home/airflow/.local/lib/python3.12/site-packages/airflow/example_dags/example_dag_decorator.py took 0.138 seconds
[2024-11-01T12:43:41.249+0000] {processor.py:186} INFO - Started process (PID=4501) to work on /home/airflow/.local/lib/python3.12/site-packages/airflow/example_dags/example_dag_decorator.py
[2024-11-01T12:43:41.249+0000] {processor.py:914} INFO - Processing file /home/airflow/.local/lib/python3.12/site-packages/airflow/example_dags/example_dag_decorator.py for tasks to queue
[2024-11-01T12:43:41.252+0000] {logging_mixin.py:190} INFO - [2024-11-01T12:43:41.251+0000] {dagbag.py:588} INFO - Filling up the DagBag from /home/airflow/.local/lib/python3.12/site-packages/airflow/example_dags/example_dag_decorator.py
[2024-11-01T12:43:41.259+0000] {processor.py:925} INFO - DAG(s) 'example_dag_decorator' retrieved from /home/airflow/.local/lib/python3.12/site-packages/airflow/example_dags/example_dag_decorator.py
[2024-11-01T12:43:41.339+0000] {logging_mixin.py:190} INFO - [2024-11-01T12:43:41.338+0000] {dag.py:3239} INFO - Sync 1 DAGs
[2024-11-01T12:43:41.348+0000] {logging_mixin.py:190} INFO - [2024-11-01T12:43:41.348+0000] {dag.py:4180} INFO - Setting next_dagrun for example_dag_decorator to None, run_after=None
[2024-11-01T12:43:41.364+0000] {processor.py:208} INFO - Processing /home/airflow/.local/lib/python3.12/site-packages/airflow/example_dags/example_dag_decorator.py took 0.119 seconds
[2024-11-01T12:44:11.491+0000] {processor.py:186} INFO - Started process (PID=4566) to work on /home/airflow/.local/lib/python3.12/site-packages/airflow/example_dags/example_dag_decorator.py
[2024-11-01T12:44:11.493+0000] {processor.py:914} INFO - Processing file /home/airflow/.local/lib/python3.12/site-packages/airflow/example_dags/example_dag_decorator.py for tasks to queue
[2024-11-01T12:44:11.495+0000] {logging_mixin.py:190} INFO - [2024-11-01T12:44:11.495+0000] {dagbag.py:588} INFO - Filling up the DagBag from /home/airflow/.local/lib/python3.12/site-packages/airflow/example_dags/example_dag_decorator.py
[2024-11-01T12:44:11.504+0000] {processor.py:925} INFO - DAG(s) 'example_dag_decorator' retrieved from /home/airflow/.local/lib/python3.12/site-packages/airflow/example_dags/example_dag_decorator.py
[2024-11-01T12:44:11.618+0000] {logging_mixin.py:190} INFO - [2024-11-01T12:44:11.618+0000] {dag.py:3239} INFO - Sync 1 DAGs
[2024-11-01T12:44:11.629+0000] {logging_mixin.py:190} INFO - [2024-11-01T12:44:11.629+0000] {dag.py:4180} INFO - Setting next_dagrun for example_dag_decorator to None, run_after=None
[2024-11-01T12:44:11.653+0000] {processor.py:208} INFO - Processing /home/airflow/.local/lib/python3.12/site-packages/airflow/example_dags/example_dag_decorator.py took 0.169 seconds
[2024-11-01T12:44:41.693+0000] {processor.py:186} INFO - Started process (PID=4630) to work on /home/airflow/.local/lib/python3.12/site-packages/airflow/example_dags/example_dag_decorator.py
[2024-11-01T12:44:41.694+0000] {processor.py:914} INFO - Processing file /home/airflow/.local/lib/python3.12/site-packages/airflow/example_dags/example_dag_decorator.py for tasks to queue
[2024-11-01T12:44:41.695+0000] {logging_mixin.py:190} INFO - [2024-11-01T12:44:41.695+0000] {dagbag.py:588} INFO - Filling up the DagBag from /home/airflow/.local/lib/python3.12/site-packages/airflow/example_dags/example_dag_decorator.py
[2024-11-01T12:44:41.706+0000] {processor.py:925} INFO - DAG(s) 'example_dag_decorator' retrieved from /home/airflow/.local/lib/python3.12/site-packages/airflow/example_dags/example_dag_decorator.py
[2024-11-01T12:44:41.813+0000] {logging_mixin.py:190} INFO - [2024-11-01T12:44:41.813+0000] {dag.py:3239} INFO - Sync 1 DAGs
[2024-11-01T12:44:41.821+0000] {logging_mixin.py:190} INFO - [2024-11-01T12:44:41.821+0000] {dag.py:4180} INFO - Setting next_dagrun for example_dag_decorator to None, run_after=None
[2024-11-01T12:44:41.836+0000] {processor.py:208} INFO - Processing /home/airflow/.local/lib/python3.12/site-packages/airflow/example_dags/example_dag_decorator.py took 0.148 seconds
[2024-11-01T12:45:12.818+0000] {processor.py:186} INFO - Started process (PID=4696) to work on /home/airflow/.local/lib/python3.12/site-packages/airflow/example_dags/example_dag_decorator.py
[2024-11-01T12:45:12.820+0000] {processor.py:914} INFO - Processing file /home/airflow/.local/lib/python3.12/site-packages/airflow/example_dags/example_dag_decorator.py for tasks to queue
[2024-11-01T12:45:12.822+0000] {logging_mixin.py:190} INFO - [2024-11-01T12:45:12.821+0000] {dagbag.py:588} INFO - Filling up the DagBag from /home/airflow/.local/lib/python3.12/site-packages/airflow/example_dags/example_dag_decorator.py
[2024-11-01T12:45:12.830+0000] {processor.py:925} INFO - DAG(s) 'example_dag_decorator' retrieved from /home/airflow/.local/lib/python3.12/site-packages/airflow/example_dags/example_dag_decorator.py
[2024-11-01T12:45:12.989+0000] {logging_mixin.py:190} INFO - [2024-11-01T12:45:12.988+0000] {dag.py:3239} INFO - Sync 1 DAGs
[2024-11-01T12:45:13.002+0000] {logging_mixin.py:190} INFO - [2024-11-01T12:45:13.002+0000] {dag.py:4180} INFO - Setting next_dagrun for example_dag_decorator to None, run_after=None
[2024-11-01T12:45:13.026+0000] {processor.py:208} INFO - Processing /home/airflow/.local/lib/python3.12/site-packages/airflow/example_dags/example_dag_decorator.py took 0.213 seconds
[2024-11-01T12:45:43.186+0000] {processor.py:186} INFO - Started process (PID=4761) to work on /home/airflow/.local/lib/python3.12/site-packages/airflow/example_dags/example_dag_decorator.py
[2024-11-01T12:45:43.186+0000] {processor.py:914} INFO - Processing file /home/airflow/.local/lib/python3.12/site-packages/airflow/example_dags/example_dag_decorator.py for tasks to queue
[2024-11-01T12:45:43.188+0000] {logging_mixin.py:190} INFO - [2024-11-01T12:45:43.187+0000] {dagbag.py:588} INFO - Filling up the DagBag from /home/airflow/.local/lib/python3.12/site-packages/airflow/example_dags/example_dag_decorator.py
[2024-11-01T12:45:43.195+0000] {processor.py:925} INFO - DAG(s) 'example_dag_decorator' retrieved from /home/airflow/.local/lib/python3.12/site-packages/airflow/example_dags/example_dag_decorator.py
[2024-11-01T12:45:43.293+0000] {logging_mixin.py:190} INFO - [2024-11-01T12:45:43.292+0000] {dag.py:3239} INFO - Sync 1 DAGs
[2024-11-01T12:45:43.301+0000] {logging_mixin.py:190} INFO - [2024-11-01T12:45:43.301+0000] {dag.py:4180} INFO - Setting next_dagrun for example_dag_decorator to None, run_after=None
[2024-11-01T12:45:43.316+0000] {processor.py:208} INFO - Processing /home/airflow/.local/lib/python3.12/site-packages/airflow/example_dags/example_dag_decorator.py took 0.134 seconds
[2024-11-01T12:46:14.325+0000] {processor.py:186} INFO - Started process (PID=4826) to work on /home/airflow/.local/lib/python3.12/site-packages/airflow/example_dags/example_dag_decorator.py
[2024-11-01T12:46:14.326+0000] {processor.py:914} INFO - Processing file /home/airflow/.local/lib/python3.12/site-packages/airflow/example_dags/example_dag_decorator.py for tasks to queue
[2024-11-01T12:46:14.327+0000] {logging_mixin.py:190} INFO - [2024-11-01T12:46:14.327+0000] {dagbag.py:588} INFO - Filling up the DagBag from /home/airflow/.local/lib/python3.12/site-packages/airflow/example_dags/example_dag_decorator.py
[2024-11-01T12:46:14.334+0000] {processor.py:925} INFO - DAG(s) 'example_dag_decorator' retrieved from /home/airflow/.local/lib/python3.12/site-packages/airflow/example_dags/example_dag_decorator.py
[2024-11-01T12:46:14.421+0000] {logging_mixin.py:190} INFO - [2024-11-01T12:46:14.421+0000] {dag.py:3239} INFO - Sync 1 DAGs
[2024-11-01T12:46:14.430+0000] {logging_mixin.py:190} INFO - [2024-11-01T12:46:14.429+0000] {dag.py:4180} INFO - Setting next_dagrun for example_dag_decorator to None, run_after=None
[2024-11-01T12:46:14.445+0000] {processor.py:208} INFO - Processing /home/airflow/.local/lib/python3.12/site-packages/airflow/example_dags/example_dag_decorator.py took 0.124 seconds
[2024-11-01T12:46:44.604+0000] {processor.py:186} INFO - Started process (PID=4891) to work on /home/airflow/.local/lib/python3.12/site-packages/airflow/example_dags/example_dag_decorator.py
[2024-11-01T12:46:44.605+0000] {processor.py:914} INFO - Processing file /home/airflow/.local/lib/python3.12/site-packages/airflow/example_dags/example_dag_decorator.py for tasks to queue
[2024-11-01T12:46:44.606+0000] {logging_mixin.py:190} INFO - [2024-11-01T12:46:44.606+0000] {dagbag.py:588} INFO - Filling up the DagBag from /home/airflow/.local/lib/python3.12/site-packages/airflow/example_dags/example_dag_decorator.py
[2024-11-01T12:46:44.613+0000] {processor.py:925} INFO - DAG(s) 'example_dag_decorator' retrieved from /home/airflow/.local/lib/python3.12/site-packages/airflow/example_dags/example_dag_decorator.py
[2024-11-01T12:46:44.704+0000] {logging_mixin.py:190} INFO - [2024-11-01T12:46:44.704+0000] {dag.py:3239} INFO - Sync 1 DAGs
[2024-11-01T12:46:44.715+0000] {logging_mixin.py:190} INFO - [2024-11-01T12:46:44.714+0000] {dag.py:4180} INFO - Setting next_dagrun for example_dag_decorator to None, run_after=None
[2024-11-01T12:46:44.734+0000] {processor.py:208} INFO - Processing /home/airflow/.local/lib/python3.12/site-packages/airflow/example_dags/example_dag_decorator.py took 0.134 seconds
