[2024-11-01T05:53:06.005+0000] {processor.py:186} INFO - Started process (PID=98) to work on /home/airflow/.local/lib/python3.12/site-packages/airflow/example_dags/example_branch_python_dop_operator_3.py
[2024-11-01T05:53:06.006+0000] {processor.py:914} INFO - Processing file /home/airflow/.local/lib/python3.12/site-packages/airflow/example_dags/example_branch_python_dop_operator_3.py for tasks to queue
[2024-11-01T05:53:06.008+0000] {logging_mixin.py:190} INFO - [2024-11-01T05:53:06.007+0000] {dagbag.py:588} INFO - Filling up the DagBag from /home/airflow/.local/lib/python3.12/site-packages/airflow/example_dags/example_branch_python_dop_operator_3.py
[2024-11-01T05:53:06.016+0000] {processor.py:925} INFO - DAG(s) 'example_branch_dop_operator_v3' retrieved from /home/airflow/.local/lib/python3.12/site-packages/airflow/example_dags/example_branch_python_dop_operator_3.py
[2024-11-01T05:53:06.115+0000] {logging_mixin.py:190} INFO - [2024-11-01T05:53:06.115+0000] {override.py:1900} INFO - Created Permission View: can edit on DAG:example_branch_dop_operator_v3
[2024-11-01T05:53:06.126+0000] {logging_mixin.py:190} INFO - [2024-11-01T05:53:06.125+0000] {override.py:1900} INFO - Created Permission View: can delete on DAG:example_branch_dop_operator_v3
[2024-11-01T05:53:06.134+0000] {logging_mixin.py:190} INFO - [2024-11-01T05:53:06.133+0000] {override.py:1900} INFO - Created Permission View: can read on DAG:example_branch_dop_operator_v3
[2024-11-01T05:53:06.143+0000] {logging_mixin.py:190} INFO - [2024-11-01T05:53:06.143+0000] {override.py:1900} INFO - Created Permission View: menu access on DAG Run:example_branch_dop_operator_v3
[2024-11-01T05:53:06.149+0000] {logging_mixin.py:190} INFO - [2024-11-01T05:53:06.148+0000] {override.py:1900} INFO - Created Permission View: can create on DAG Run:example_branch_dop_operator_v3
[2024-11-01T05:53:06.155+0000] {logging_mixin.py:190} INFO - [2024-11-01T05:53:06.155+0000] {override.py:1900} INFO - Created Permission View: can delete on DAG Run:example_branch_dop_operator_v3
[2024-11-01T05:53:06.163+0000] {logging_mixin.py:190} INFO - [2024-11-01T05:53:06.162+0000] {override.py:1900} INFO - Created Permission View: can read on DAG Run:example_branch_dop_operator_v3
[2024-11-01T05:53:06.163+0000] {logging_mixin.py:190} INFO - [2024-11-01T05:53:06.163+0000] {dag.py:3239} INFO - Sync 1 DAGs
[2024-11-01T05:53:06.175+0000] {logging_mixin.py:190} INFO - [2024-11-01T05:53:06.174+0000] {dag.py:3262} INFO - Creating ORM DAG for example_branch_dop_operator_v3
[2024-11-01T05:53:06.187+0000] {logging_mixin.py:190} INFO - [2024-11-01T05:53:06.187+0000] {dag.py:4180} INFO - Setting next_dagrun for example_branch_dop_operator_v3 to 2024-11-01 05:52:00+00:00, run_after=2024-11-01 05:53:00+00:00
[2024-11-01T05:53:06.205+0000] {processor.py:208} INFO - Processing /home/airflow/.local/lib/python3.12/site-packages/airflow/example_dags/example_branch_python_dop_operator_3.py took 0.204 seconds
[2024-11-01T05:53:36.911+0000] {processor.py:186} INFO - Started process (PID=163) to work on /home/airflow/.local/lib/python3.12/site-packages/airflow/example_dags/example_branch_python_dop_operator_3.py
[2024-11-01T05:53:36.912+0000] {processor.py:914} INFO - Processing file /home/airflow/.local/lib/python3.12/site-packages/airflow/example_dags/example_branch_python_dop_operator_3.py for tasks to queue
[2024-11-01T05:53:36.913+0000] {logging_mixin.py:190} INFO - [2024-11-01T05:53:36.913+0000] {dagbag.py:588} INFO - Filling up the DagBag from /home/airflow/.local/lib/python3.12/site-packages/airflow/example_dags/example_branch_python_dop_operator_3.py
[2024-11-01T05:53:36.920+0000] {processor.py:925} INFO - DAG(s) 'example_branch_dop_operator_v3' retrieved from /home/airflow/.local/lib/python3.12/site-packages/airflow/example_dags/example_branch_python_dop_operator_3.py
[2024-11-01T05:53:36.933+0000] {logging_mixin.py:190} INFO - [2024-11-01T05:53:36.933+0000] {dag.py:3239} INFO - Sync 1 DAGs
[2024-11-01T05:53:36.952+0000] {logging_mixin.py:190} INFO - [2024-11-01T05:53:36.952+0000] {dag.py:4180} INFO - Setting next_dagrun for example_branch_dop_operator_v3 to 2024-11-01 05:52:00+00:00, run_after=2024-11-01 05:53:00+00:00
[2024-11-01T05:53:36.965+0000] {processor.py:208} INFO - Processing /home/airflow/.local/lib/python3.12/site-packages/airflow/example_dags/example_branch_python_dop_operator_3.py took 0.058 seconds
[2024-11-01T05:54:06.999+0000] {processor.py:186} INFO - Started process (PID=227) to work on /home/airflow/.local/lib/python3.12/site-packages/airflow/example_dags/example_branch_python_dop_operator_3.py
[2024-11-01T05:54:07.000+0000] {processor.py:914} INFO - Processing file /home/airflow/.local/lib/python3.12/site-packages/airflow/example_dags/example_branch_python_dop_operator_3.py for tasks to queue
[2024-11-01T05:54:07.002+0000] {logging_mixin.py:190} INFO - [2024-11-01T05:54:07.001+0000] {dagbag.py:588} INFO - Filling up the DagBag from /home/airflow/.local/lib/python3.12/site-packages/airflow/example_dags/example_branch_python_dop_operator_3.py
[2024-11-01T05:54:07.008+0000] {processor.py:925} INFO - DAG(s) 'example_branch_dop_operator_v3' retrieved from /home/airflow/.local/lib/python3.12/site-packages/airflow/example_dags/example_branch_python_dop_operator_3.py
[2024-11-01T05:54:07.020+0000] {logging_mixin.py:190} INFO - [2024-11-01T05:54:07.020+0000] {dag.py:3239} INFO - Sync 1 DAGs
[2024-11-01T05:54:07.035+0000] {logging_mixin.py:190} INFO - [2024-11-01T05:54:07.035+0000] {dag.py:4180} INFO - Setting next_dagrun for example_branch_dop_operator_v3 to 2024-11-01 05:53:00+00:00, run_after=2024-11-01 05:54:00+00:00
[2024-11-01T05:54:07.048+0000] {processor.py:208} INFO - Processing /home/airflow/.local/lib/python3.12/site-packages/airflow/example_dags/example_branch_python_dop_operator_3.py took 0.052 seconds
[2024-11-01T05:54:37.074+0000] {processor.py:186} INFO - Started process (PID=291) to work on /home/airflow/.local/lib/python3.12/site-packages/airflow/example_dags/example_branch_python_dop_operator_3.py
[2024-11-01T05:54:37.074+0000] {processor.py:914} INFO - Processing file /home/airflow/.local/lib/python3.12/site-packages/airflow/example_dags/example_branch_python_dop_operator_3.py for tasks to queue
[2024-11-01T05:54:37.076+0000] {logging_mixin.py:190} INFO - [2024-11-01T05:54:37.075+0000] {dagbag.py:588} INFO - Filling up the DagBag from /home/airflow/.local/lib/python3.12/site-packages/airflow/example_dags/example_branch_python_dop_operator_3.py
[2024-11-01T05:54:37.082+0000] {processor.py:925} INFO - DAG(s) 'example_branch_dop_operator_v3' retrieved from /home/airflow/.local/lib/python3.12/site-packages/airflow/example_dags/example_branch_python_dop_operator_3.py
[2024-11-01T05:54:37.095+0000] {logging_mixin.py:190} INFO - [2024-11-01T05:54:37.094+0000] {dag.py:3239} INFO - Sync 1 DAGs
[2024-11-01T05:54:37.113+0000] {logging_mixin.py:190} INFO - [2024-11-01T05:54:37.113+0000] {dag.py:4180} INFO - Setting next_dagrun for example_branch_dop_operator_v3 to 2024-11-01 05:53:00+00:00, run_after=2024-11-01 05:54:00+00:00
[2024-11-01T05:54:37.128+0000] {processor.py:208} INFO - Processing /home/airflow/.local/lib/python3.12/site-packages/airflow/example_dags/example_branch_python_dop_operator_3.py took 0.058 seconds
[2024-11-01T05:55:07.403+0000] {processor.py:186} INFO - Started process (PID=356) to work on /home/airflow/.local/lib/python3.12/site-packages/airflow/example_dags/example_branch_python_dop_operator_3.py
[2024-11-01T05:55:07.404+0000] {processor.py:914} INFO - Processing file /home/airflow/.local/lib/python3.12/site-packages/airflow/example_dags/example_branch_python_dop_operator_3.py for tasks to queue
[2024-11-01T05:55:07.406+0000] {logging_mixin.py:190} INFO - [2024-11-01T05:55:07.405+0000] {dagbag.py:588} INFO - Filling up the DagBag from /home/airflow/.local/lib/python3.12/site-packages/airflow/example_dags/example_branch_python_dop_operator_3.py
[2024-11-01T05:55:07.413+0000] {processor.py:925} INFO - DAG(s) 'example_branch_dop_operator_v3' retrieved from /home/airflow/.local/lib/python3.12/site-packages/airflow/example_dags/example_branch_python_dop_operator_3.py
[2024-11-01T05:55:07.425+0000] {logging_mixin.py:190} INFO - [2024-11-01T05:55:07.425+0000] {dag.py:3239} INFO - Sync 1 DAGs
[2024-11-01T05:55:07.443+0000] {logging_mixin.py:190} INFO - [2024-11-01T05:55:07.443+0000] {dag.py:4180} INFO - Setting next_dagrun for example_branch_dop_operator_v3 to 2024-11-01 05:54:00+00:00, run_after=2024-11-01 05:55:00+00:00
[2024-11-01T05:55:07.458+0000] {processor.py:208} INFO - Processing /home/airflow/.local/lib/python3.12/site-packages/airflow/example_dags/example_branch_python_dop_operator_3.py took 0.058 seconds
[2024-11-01T05:55:37.720+0000] {processor.py:186} INFO - Started process (PID=421) to work on /home/airflow/.local/lib/python3.12/site-packages/airflow/example_dags/example_branch_python_dop_operator_3.py
[2024-11-01T05:55:37.721+0000] {processor.py:914} INFO - Processing file /home/airflow/.local/lib/python3.12/site-packages/airflow/example_dags/example_branch_python_dop_operator_3.py for tasks to queue
[2024-11-01T05:55:37.722+0000] {logging_mixin.py:190} INFO - [2024-11-01T05:55:37.722+0000] {dagbag.py:588} INFO - Filling up the DagBag from /home/airflow/.local/lib/python3.12/site-packages/airflow/example_dags/example_branch_python_dop_operator_3.py
[2024-11-01T05:55:37.729+0000] {processor.py:925} INFO - DAG(s) 'example_branch_dop_operator_v3' retrieved from /home/airflow/.local/lib/python3.12/site-packages/airflow/example_dags/example_branch_python_dop_operator_3.py
[2024-11-01T05:55:37.742+0000] {logging_mixin.py:190} INFO - [2024-11-01T05:55:37.742+0000] {dag.py:3239} INFO - Sync 1 DAGs
[2024-11-01T05:55:37.759+0000] {logging_mixin.py:190} INFO - [2024-11-01T05:55:37.759+0000] {dag.py:4180} INFO - Setting next_dagrun for example_branch_dop_operator_v3 to 2024-11-01 05:54:00+00:00, run_after=2024-11-01 05:55:00+00:00
[2024-11-01T05:55:37.774+0000] {processor.py:208} INFO - Processing /home/airflow/.local/lib/python3.12/site-packages/airflow/example_dags/example_branch_python_dop_operator_3.py took 0.057 seconds
[2024-11-01T05:56:08.643+0000] {processor.py:186} INFO - Started process (PID=486) to work on /home/airflow/.local/lib/python3.12/site-packages/airflow/example_dags/example_branch_python_dop_operator_3.py
[2024-11-01T05:56:08.643+0000] {processor.py:914} INFO - Processing file /home/airflow/.local/lib/python3.12/site-packages/airflow/example_dags/example_branch_python_dop_operator_3.py for tasks to queue
[2024-11-01T05:56:08.645+0000] {logging_mixin.py:190} INFO - [2024-11-01T05:56:08.645+0000] {dagbag.py:588} INFO - Filling up the DagBag from /home/airflow/.local/lib/python3.12/site-packages/airflow/example_dags/example_branch_python_dop_operator_3.py
[2024-11-01T05:56:08.653+0000] {processor.py:925} INFO - DAG(s) 'example_branch_dop_operator_v3' retrieved from /home/airflow/.local/lib/python3.12/site-packages/airflow/example_dags/example_branch_python_dop_operator_3.py
[2024-11-01T05:56:08.670+0000] {logging_mixin.py:190} INFO - [2024-11-01T05:56:08.670+0000] {dag.py:3239} INFO - Sync 1 DAGs
[2024-11-01T05:56:08.694+0000] {logging_mixin.py:190} INFO - [2024-11-01T05:56:08.694+0000] {dag.py:4180} INFO - Setting next_dagrun for example_branch_dop_operator_v3 to 2024-11-01 05:55:00+00:00, run_after=2024-11-01 05:56:00+00:00
[2024-11-01T05:56:08.712+0000] {processor.py:208} INFO - Processing /home/airflow/.local/lib/python3.12/site-packages/airflow/example_dags/example_branch_python_dop_operator_3.py took 0.074 seconds
[2024-11-01T11:25:13.576+0000] {processor.py:186} INFO - Started process (PID=87) to work on /home/airflow/.local/lib/python3.12/site-packages/airflow/example_dags/example_branch_python_dop_operator_3.py
[2024-11-01T11:25:13.577+0000] {processor.py:914} INFO - Processing file /home/airflow/.local/lib/python3.12/site-packages/airflow/example_dags/example_branch_python_dop_operator_3.py for tasks to queue
[2024-11-01T11:25:13.579+0000] {logging_mixin.py:190} INFO - [2024-11-01T11:25:13.578+0000] {dagbag.py:588} INFO - Filling up the DagBag from /home/airflow/.local/lib/python3.12/site-packages/airflow/example_dags/example_branch_python_dop_operator_3.py
[2024-11-01T11:25:13.585+0000] {processor.py:925} INFO - DAG(s) 'example_branch_dop_operator_v3' retrieved from /home/airflow/.local/lib/python3.12/site-packages/airflow/example_dags/example_branch_python_dop_operator_3.py
[2024-11-01T11:25:13.600+0000] {logging_mixin.py:190} INFO - [2024-11-01T11:25:13.600+0000] {dag.py:3239} INFO - Sync 1 DAGs
[2024-11-01T11:25:13.618+0000] {logging_mixin.py:190} INFO - [2024-11-01T11:25:13.618+0000] {dag.py:4180} INFO - Setting next_dagrun for example_branch_dop_operator_v3 to 2024-11-01 11:24:00+00:00, run_after=2024-11-01 11:25:00+00:00
[2024-11-01T11:25:13.636+0000] {processor.py:208} INFO - Processing /home/airflow/.local/lib/python3.12/site-packages/airflow/example_dags/example_branch_python_dop_operator_3.py took 0.065 seconds
[2024-11-01T11:25:44.841+0000] {processor.py:186} INFO - Started process (PID=152) to work on /home/airflow/.local/lib/python3.12/site-packages/airflow/example_dags/example_branch_python_dop_operator_3.py
[2024-11-01T11:25:44.842+0000] {processor.py:914} INFO - Processing file /home/airflow/.local/lib/python3.12/site-packages/airflow/example_dags/example_branch_python_dop_operator_3.py for tasks to queue
[2024-11-01T11:25:44.843+0000] {logging_mixin.py:190} INFO - [2024-11-01T11:25:44.843+0000] {dagbag.py:588} INFO - Filling up the DagBag from /home/airflow/.local/lib/python3.12/site-packages/airflow/example_dags/example_branch_python_dop_operator_3.py
[2024-11-01T11:25:44.849+0000] {processor.py:925} INFO - DAG(s) 'example_branch_dop_operator_v3' retrieved from /home/airflow/.local/lib/python3.12/site-packages/airflow/example_dags/example_branch_python_dop_operator_3.py
[2024-11-01T11:25:44.862+0000] {logging_mixin.py:190} INFO - [2024-11-01T11:25:44.862+0000] {dag.py:3239} INFO - Sync 1 DAGs
[2024-11-01T11:25:44.880+0000] {logging_mixin.py:190} INFO - [2024-11-01T11:25:44.880+0000] {dag.py:4180} INFO - Setting next_dagrun for example_branch_dop_operator_v3 to 2024-11-01 11:24:00+00:00, run_after=2024-11-01 11:25:00+00:00
[2024-11-01T11:25:44.894+0000] {processor.py:208} INFO - Processing /home/airflow/.local/lib/python3.12/site-packages/airflow/example_dags/example_branch_python_dop_operator_3.py took 0.056 seconds
[2024-11-01T11:26:15.848+0000] {processor.py:186} INFO - Started process (PID=217) to work on /home/airflow/.local/lib/python3.12/site-packages/airflow/example_dags/example_branch_python_dop_operator_3.py
[2024-11-01T11:26:15.849+0000] {processor.py:914} INFO - Processing file /home/airflow/.local/lib/python3.12/site-packages/airflow/example_dags/example_branch_python_dop_operator_3.py for tasks to queue
[2024-11-01T11:26:15.850+0000] {logging_mixin.py:190} INFO - [2024-11-01T11:26:15.850+0000] {dagbag.py:588} INFO - Filling up the DagBag from /home/airflow/.local/lib/python3.12/site-packages/airflow/example_dags/example_branch_python_dop_operator_3.py
[2024-11-01T11:26:15.856+0000] {processor.py:925} INFO - DAG(s) 'example_branch_dop_operator_v3' retrieved from /home/airflow/.local/lib/python3.12/site-packages/airflow/example_dags/example_branch_python_dop_operator_3.py
[2024-11-01T11:26:15.868+0000] {logging_mixin.py:190} INFO - [2024-11-01T11:26:15.868+0000] {dag.py:3239} INFO - Sync 1 DAGs
[2024-11-01T11:26:15.884+0000] {logging_mixin.py:190} INFO - [2024-11-01T11:26:15.884+0000] {dag.py:4180} INFO - Setting next_dagrun for example_branch_dop_operator_v3 to 2024-11-01 11:25:00+00:00, run_after=2024-11-01 11:26:00+00:00
[2024-11-01T11:26:15.896+0000] {processor.py:208} INFO - Processing /home/airflow/.local/lib/python3.12/site-packages/airflow/example_dags/example_branch_python_dop_operator_3.py took 0.052 seconds
[2024-11-01T11:26:46.948+0000] {processor.py:186} INFO - Started process (PID=282) to work on /home/airflow/.local/lib/python3.12/site-packages/airflow/example_dags/example_branch_python_dop_operator_3.py
[2024-11-01T11:26:46.949+0000] {processor.py:914} INFO - Processing file /home/airflow/.local/lib/python3.12/site-packages/airflow/example_dags/example_branch_python_dop_operator_3.py for tasks to queue
[2024-11-01T11:26:46.950+0000] {logging_mixin.py:190} INFO - [2024-11-01T11:26:46.950+0000] {dagbag.py:588} INFO - Filling up the DagBag from /home/airflow/.local/lib/python3.12/site-packages/airflow/example_dags/example_branch_python_dop_operator_3.py
[2024-11-01T11:26:46.956+0000] {processor.py:925} INFO - DAG(s) 'example_branch_dop_operator_v3' retrieved from /home/airflow/.local/lib/python3.12/site-packages/airflow/example_dags/example_branch_python_dop_operator_3.py
[2024-11-01T11:26:46.969+0000] {logging_mixin.py:190} INFO - [2024-11-01T11:26:46.969+0000] {dag.py:3239} INFO - Sync 1 DAGs
[2024-11-01T11:26:46.985+0000] {logging_mixin.py:190} INFO - [2024-11-01T11:26:46.985+0000] {dag.py:4180} INFO - Setting next_dagrun for example_branch_dop_operator_v3 to 2024-11-01 11:25:00+00:00, run_after=2024-11-01 11:26:00+00:00
[2024-11-01T11:26:46.997+0000] {processor.py:208} INFO - Processing /home/airflow/.local/lib/python3.12/site-packages/airflow/example_dags/example_branch_python_dop_operator_3.py took 0.052 seconds
[2024-11-01T11:27:17.836+0000] {processor.py:186} INFO - Started process (PID=346) to work on /home/airflow/.local/lib/python3.12/site-packages/airflow/example_dags/example_branch_python_dop_operator_3.py
[2024-11-01T11:27:17.837+0000] {processor.py:914} INFO - Processing file /home/airflow/.local/lib/python3.12/site-packages/airflow/example_dags/example_branch_python_dop_operator_3.py for tasks to queue
[2024-11-01T11:27:17.839+0000] {logging_mixin.py:190} INFO - [2024-11-01T11:27:17.839+0000] {dagbag.py:588} INFO - Filling up the DagBag from /home/airflow/.local/lib/python3.12/site-packages/airflow/example_dags/example_branch_python_dop_operator_3.py
[2024-11-01T11:27:17.847+0000] {processor.py:925} INFO - DAG(s) 'example_branch_dop_operator_v3' retrieved from /home/airflow/.local/lib/python3.12/site-packages/airflow/example_dags/example_branch_python_dop_operator_3.py
[2024-11-01T11:27:17.864+0000] {logging_mixin.py:190} INFO - [2024-11-01T11:27:17.864+0000] {dag.py:3239} INFO - Sync 1 DAGs
[2024-11-01T11:27:17.887+0000] {logging_mixin.py:190} INFO - [2024-11-01T11:27:17.887+0000] {dag.py:4180} INFO - Setting next_dagrun for example_branch_dop_operator_v3 to 2024-11-01 11:26:00+00:00, run_after=2024-11-01 11:27:00+00:00
[2024-11-01T11:27:17.902+0000] {processor.py:208} INFO - Processing /home/airflow/.local/lib/python3.12/site-packages/airflow/example_dags/example_branch_python_dop_operator_3.py took 0.071 seconds
[2024-11-01T11:27:47.928+0000] {processor.py:186} INFO - Started process (PID=410) to work on /home/airflow/.local/lib/python3.12/site-packages/airflow/example_dags/example_branch_python_dop_operator_3.py
[2024-11-01T11:27:47.928+0000] {processor.py:914} INFO - Processing file /home/airflow/.local/lib/python3.12/site-packages/airflow/example_dags/example_branch_python_dop_operator_3.py for tasks to queue
[2024-11-01T11:27:47.930+0000] {logging_mixin.py:190} INFO - [2024-11-01T11:27:47.930+0000] {dagbag.py:588} INFO - Filling up the DagBag from /home/airflow/.local/lib/python3.12/site-packages/airflow/example_dags/example_branch_python_dop_operator_3.py
[2024-11-01T11:27:47.936+0000] {processor.py:925} INFO - DAG(s) 'example_branch_dop_operator_v3' retrieved from /home/airflow/.local/lib/python3.12/site-packages/airflow/example_dags/example_branch_python_dop_operator_3.py
[2024-11-01T11:27:47.951+0000] {logging_mixin.py:190} INFO - [2024-11-01T11:27:47.951+0000] {dag.py:3239} INFO - Sync 1 DAGs
[2024-11-01T11:27:47.971+0000] {logging_mixin.py:190} INFO - [2024-11-01T11:27:47.971+0000] {dag.py:4180} INFO - Setting next_dagrun for example_branch_dop_operator_v3 to 2024-11-01 11:26:00+00:00, run_after=2024-11-01 11:27:00+00:00
[2024-11-01T11:27:47.987+0000] {processor.py:208} INFO - Processing /home/airflow/.local/lib/python3.12/site-packages/airflow/example_dags/example_branch_python_dop_operator_3.py took 0.063 seconds
[2024-11-01T11:28:18.474+0000] {processor.py:186} INFO - Started process (PID=476) to work on /home/airflow/.local/lib/python3.12/site-packages/airflow/example_dags/example_branch_python_dop_operator_3.py
[2024-11-01T11:28:18.475+0000] {processor.py:914} INFO - Processing file /home/airflow/.local/lib/python3.12/site-packages/airflow/example_dags/example_branch_python_dop_operator_3.py for tasks to queue
[2024-11-01T11:28:18.476+0000] {logging_mixin.py:190} INFO - [2024-11-01T11:28:18.476+0000] {dagbag.py:588} INFO - Filling up the DagBag from /home/airflow/.local/lib/python3.12/site-packages/airflow/example_dags/example_branch_python_dop_operator_3.py
[2024-11-01T11:28:18.482+0000] {processor.py:925} INFO - DAG(s) 'example_branch_dop_operator_v3' retrieved from /home/airflow/.local/lib/python3.12/site-packages/airflow/example_dags/example_branch_python_dop_operator_3.py
[2024-11-01T11:28:18.495+0000] {logging_mixin.py:190} INFO - [2024-11-01T11:28:18.495+0000] {dag.py:3239} INFO - Sync 1 DAGs
[2024-11-01T11:28:18.512+0000] {logging_mixin.py:190} INFO - [2024-11-01T11:28:18.512+0000] {dag.py:4180} INFO - Setting next_dagrun for example_branch_dop_operator_v3 to 2024-11-01 11:27:00+00:00, run_after=2024-11-01 11:28:00+00:00
[2024-11-01T11:28:18.526+0000] {processor.py:208} INFO - Processing /home/airflow/.local/lib/python3.12/site-packages/airflow/example_dags/example_branch_python_dop_operator_3.py took 0.055 seconds
[2024-11-01T11:28:48.872+0000] {processor.py:186} INFO - Started process (PID=541) to work on /home/airflow/.local/lib/python3.12/site-packages/airflow/example_dags/example_branch_python_dop_operator_3.py
[2024-11-01T11:28:48.873+0000] {processor.py:914} INFO - Processing file /home/airflow/.local/lib/python3.12/site-packages/airflow/example_dags/example_branch_python_dop_operator_3.py for tasks to queue
[2024-11-01T11:28:48.874+0000] {logging_mixin.py:190} INFO - [2024-11-01T11:28:48.874+0000] {dagbag.py:588} INFO - Filling up the DagBag from /home/airflow/.local/lib/python3.12/site-packages/airflow/example_dags/example_branch_python_dop_operator_3.py
[2024-11-01T11:28:48.880+0000] {processor.py:925} INFO - DAG(s) 'example_branch_dop_operator_v3' retrieved from /home/airflow/.local/lib/python3.12/site-packages/airflow/example_dags/example_branch_python_dop_operator_3.py
[2024-11-01T11:28:48.893+0000] {logging_mixin.py:190} INFO - [2024-11-01T11:28:48.892+0000] {dag.py:3239} INFO - Sync 1 DAGs
[2024-11-01T11:28:48.911+0000] {logging_mixin.py:190} INFO - [2024-11-01T11:28:48.910+0000] {dag.py:4180} INFO - Setting next_dagrun for example_branch_dop_operator_v3 to 2024-11-01 11:27:00+00:00, run_after=2024-11-01 11:28:00+00:00
[2024-11-01T11:28:48.928+0000] {processor.py:208} INFO - Processing /home/airflow/.local/lib/python3.12/site-packages/airflow/example_dags/example_branch_python_dop_operator_3.py took 0.059 seconds
[2024-11-01T11:29:19.296+0000] {processor.py:186} INFO - Started process (PID=606) to work on /home/airflow/.local/lib/python3.12/site-packages/airflow/example_dags/example_branch_python_dop_operator_3.py
[2024-11-01T11:29:19.297+0000] {processor.py:914} INFO - Processing file /home/airflow/.local/lib/python3.12/site-packages/airflow/example_dags/example_branch_python_dop_operator_3.py for tasks to queue
[2024-11-01T11:29:19.299+0000] {logging_mixin.py:190} INFO - [2024-11-01T11:29:19.298+0000] {dagbag.py:588} INFO - Filling up the DagBag from /home/airflow/.local/lib/python3.12/site-packages/airflow/example_dags/example_branch_python_dop_operator_3.py
[2024-11-01T11:29:19.304+0000] {processor.py:925} INFO - DAG(s) 'example_branch_dop_operator_v3' retrieved from /home/airflow/.local/lib/python3.12/site-packages/airflow/example_dags/example_branch_python_dop_operator_3.py
[2024-11-01T11:29:19.317+0000] {logging_mixin.py:190} INFO - [2024-11-01T11:29:19.317+0000] {dag.py:3239} INFO - Sync 1 DAGs
[2024-11-01T11:29:19.334+0000] {logging_mixin.py:190} INFO - [2024-11-01T11:29:19.334+0000] {dag.py:4180} INFO - Setting next_dagrun for example_branch_dop_operator_v3 to 2024-11-01 11:28:00+00:00, run_after=2024-11-01 11:29:00+00:00
[2024-11-01T11:29:19.348+0000] {processor.py:208} INFO - Processing /home/airflow/.local/lib/python3.12/site-packages/airflow/example_dags/example_branch_python_dop_operator_3.py took 0.055 seconds
[2024-11-01T11:29:49.660+0000] {processor.py:186} INFO - Started process (PID=671) to work on /home/airflow/.local/lib/python3.12/site-packages/airflow/example_dags/example_branch_python_dop_operator_3.py
[2024-11-01T11:29:49.661+0000] {processor.py:914} INFO - Processing file /home/airflow/.local/lib/python3.12/site-packages/airflow/example_dags/example_branch_python_dop_operator_3.py for tasks to queue
[2024-11-01T11:29:49.662+0000] {logging_mixin.py:190} INFO - [2024-11-01T11:29:49.662+0000] {dagbag.py:588} INFO - Filling up the DagBag from /home/airflow/.local/lib/python3.12/site-packages/airflow/example_dags/example_branch_python_dop_operator_3.py
[2024-11-01T11:29:49.668+0000] {processor.py:925} INFO - DAG(s) 'example_branch_dop_operator_v3' retrieved from /home/airflow/.local/lib/python3.12/site-packages/airflow/example_dags/example_branch_python_dop_operator_3.py
[2024-11-01T11:29:49.681+0000] {logging_mixin.py:190} INFO - [2024-11-01T11:29:49.681+0000] {dag.py:3239} INFO - Sync 1 DAGs
[2024-11-01T11:29:49.699+0000] {logging_mixin.py:190} INFO - [2024-11-01T11:29:49.699+0000] {dag.py:4180} INFO - Setting next_dagrun for example_branch_dop_operator_v3 to 2024-11-01 11:28:00+00:00, run_after=2024-11-01 11:29:00+00:00
[2024-11-01T11:29:49.712+0000] {processor.py:208} INFO - Processing /home/airflow/.local/lib/python3.12/site-packages/airflow/example_dags/example_branch_python_dop_operator_3.py took 0.056 seconds
[2024-11-01T11:30:19.937+0000] {processor.py:186} INFO - Started process (PID=736) to work on /home/airflow/.local/lib/python3.12/site-packages/airflow/example_dags/example_branch_python_dop_operator_3.py
[2024-11-01T11:30:19.937+0000] {processor.py:914} INFO - Processing file /home/airflow/.local/lib/python3.12/site-packages/airflow/example_dags/example_branch_python_dop_operator_3.py for tasks to queue
[2024-11-01T11:30:19.939+0000] {logging_mixin.py:190} INFO - [2024-11-01T11:30:19.939+0000] {dagbag.py:588} INFO - Filling up the DagBag from /home/airflow/.local/lib/python3.12/site-packages/airflow/example_dags/example_branch_python_dop_operator_3.py
[2024-11-01T11:30:19.945+0000] {processor.py:925} INFO - DAG(s) 'example_branch_dop_operator_v3' retrieved from /home/airflow/.local/lib/python3.12/site-packages/airflow/example_dags/example_branch_python_dop_operator_3.py
[2024-11-01T11:30:19.960+0000] {logging_mixin.py:190} INFO - [2024-11-01T11:30:19.959+0000] {dag.py:3239} INFO - Sync 1 DAGs
[2024-11-01T11:30:19.978+0000] {logging_mixin.py:190} INFO - [2024-11-01T11:30:19.978+0000] {dag.py:4180} INFO - Setting next_dagrun for example_branch_dop_operator_v3 to 2024-11-01 11:29:00+00:00, run_after=2024-11-01 11:30:00+00:00
[2024-11-01T11:30:19.993+0000] {processor.py:208} INFO - Processing /home/airflow/.local/lib/python3.12/site-packages/airflow/example_dags/example_branch_python_dop_operator_3.py took 0.060 seconds
[2024-11-01T11:30:50.278+0000] {processor.py:186} INFO - Started process (PID=801) to work on /home/airflow/.local/lib/python3.12/site-packages/airflow/example_dags/example_branch_python_dop_operator_3.py
[2024-11-01T11:30:50.278+0000] {processor.py:914} INFO - Processing file /home/airflow/.local/lib/python3.12/site-packages/airflow/example_dags/example_branch_python_dop_operator_3.py for tasks to queue
[2024-11-01T11:30:50.280+0000] {logging_mixin.py:190} INFO - [2024-11-01T11:30:50.280+0000] {dagbag.py:588} INFO - Filling up the DagBag from /home/airflow/.local/lib/python3.12/site-packages/airflow/example_dags/example_branch_python_dop_operator_3.py
[2024-11-01T11:30:50.285+0000] {processor.py:925} INFO - DAG(s) 'example_branch_dop_operator_v3' retrieved from /home/airflow/.local/lib/python3.12/site-packages/airflow/example_dags/example_branch_python_dop_operator_3.py
[2024-11-01T11:30:50.298+0000] {logging_mixin.py:190} INFO - [2024-11-01T11:30:50.298+0000] {dag.py:3239} INFO - Sync 1 DAGs
[2024-11-01T11:30:50.317+0000] {logging_mixin.py:190} INFO - [2024-11-01T11:30:50.317+0000] {dag.py:4180} INFO - Setting next_dagrun for example_branch_dop_operator_v3 to 2024-11-01 11:29:00+00:00, run_after=2024-11-01 11:30:00+00:00
[2024-11-01T11:30:50.334+0000] {processor.py:208} INFO - Processing /home/airflow/.local/lib/python3.12/site-packages/airflow/example_dags/example_branch_python_dop_operator_3.py took 0.060 seconds
[2024-11-01T11:31:20.647+0000] {processor.py:186} INFO - Started process (PID=866) to work on /home/airflow/.local/lib/python3.12/site-packages/airflow/example_dags/example_branch_python_dop_operator_3.py
[2024-11-01T11:31:20.648+0000] {processor.py:914} INFO - Processing file /home/airflow/.local/lib/python3.12/site-packages/airflow/example_dags/example_branch_python_dop_operator_3.py for tasks to queue
[2024-11-01T11:31:20.649+0000] {logging_mixin.py:190} INFO - [2024-11-01T11:31:20.649+0000] {dagbag.py:588} INFO - Filling up the DagBag from /home/airflow/.local/lib/python3.12/site-packages/airflow/example_dags/example_branch_python_dop_operator_3.py
[2024-11-01T11:31:20.655+0000] {processor.py:925} INFO - DAG(s) 'example_branch_dop_operator_v3' retrieved from /home/airflow/.local/lib/python3.12/site-packages/airflow/example_dags/example_branch_python_dop_operator_3.py
[2024-11-01T11:31:20.668+0000] {logging_mixin.py:190} INFO - [2024-11-01T11:31:20.667+0000] {dag.py:3239} INFO - Sync 1 DAGs
[2024-11-01T11:31:20.685+0000] {logging_mixin.py:190} INFO - [2024-11-01T11:31:20.685+0000] {dag.py:4180} INFO - Setting next_dagrun for example_branch_dop_operator_v3 to 2024-11-01 11:30:00+00:00, run_after=2024-11-01 11:31:00+00:00
[2024-11-01T11:31:20.699+0000] {processor.py:208} INFO - Processing /home/airflow/.local/lib/python3.12/site-packages/airflow/example_dags/example_branch_python_dop_operator_3.py took 0.055 seconds
[2024-11-01T11:31:51.042+0000] {processor.py:186} INFO - Started process (PID=931) to work on /home/airflow/.local/lib/python3.12/site-packages/airflow/example_dags/example_branch_python_dop_operator_3.py
[2024-11-01T11:31:51.043+0000] {processor.py:914} INFO - Processing file /home/airflow/.local/lib/python3.12/site-packages/airflow/example_dags/example_branch_python_dop_operator_3.py for tasks to queue
[2024-11-01T11:31:51.044+0000] {logging_mixin.py:190} INFO - [2024-11-01T11:31:51.044+0000] {dagbag.py:588} INFO - Filling up the DagBag from /home/airflow/.local/lib/python3.12/site-packages/airflow/example_dags/example_branch_python_dop_operator_3.py
[2024-11-01T11:31:51.050+0000] {processor.py:925} INFO - DAG(s) 'example_branch_dop_operator_v3' retrieved from /home/airflow/.local/lib/python3.12/site-packages/airflow/example_dags/example_branch_python_dop_operator_3.py
[2024-11-01T11:31:51.063+0000] {logging_mixin.py:190} INFO - [2024-11-01T11:31:51.063+0000] {dag.py:3239} INFO - Sync 1 DAGs
[2024-11-01T11:31:51.080+0000] {logging_mixin.py:190} INFO - [2024-11-01T11:31:51.080+0000] {dag.py:4180} INFO - Setting next_dagrun for example_branch_dop_operator_v3 to 2024-11-01 11:30:00+00:00, run_after=2024-11-01 11:31:00+00:00
[2024-11-01T11:31:51.095+0000] {processor.py:208} INFO - Processing /home/airflow/.local/lib/python3.12/site-packages/airflow/example_dags/example_branch_python_dop_operator_3.py took 0.056 seconds
[2024-11-01T11:32:21.488+0000] {processor.py:186} INFO - Started process (PID=996) to work on /home/airflow/.local/lib/python3.12/site-packages/airflow/example_dags/example_branch_python_dop_operator_3.py
[2024-11-01T11:32:21.488+0000] {processor.py:914} INFO - Processing file /home/airflow/.local/lib/python3.12/site-packages/airflow/example_dags/example_branch_python_dop_operator_3.py for tasks to queue
[2024-11-01T11:32:21.490+0000] {logging_mixin.py:190} INFO - [2024-11-01T11:32:21.490+0000] {dagbag.py:588} INFO - Filling up the DagBag from /home/airflow/.local/lib/python3.12/site-packages/airflow/example_dags/example_branch_python_dop_operator_3.py
[2024-11-01T11:32:21.495+0000] {processor.py:925} INFO - DAG(s) 'example_branch_dop_operator_v3' retrieved from /home/airflow/.local/lib/python3.12/site-packages/airflow/example_dags/example_branch_python_dop_operator_3.py
[2024-11-01T11:32:21.508+0000] {logging_mixin.py:190} INFO - [2024-11-01T11:32:21.508+0000] {dag.py:3239} INFO - Sync 1 DAGs
[2024-11-01T11:32:21.525+0000] {logging_mixin.py:190} INFO - [2024-11-01T11:32:21.525+0000] {dag.py:4180} INFO - Setting next_dagrun for example_branch_dop_operator_v3 to 2024-11-01 11:31:00+00:00, run_after=2024-11-01 11:32:00+00:00
[2024-11-01T11:32:21.540+0000] {processor.py:208} INFO - Processing /home/airflow/.local/lib/python3.12/site-packages/airflow/example_dags/example_branch_python_dop_operator_3.py took 0.056 seconds
[2024-11-01T11:32:51.978+0000] {processor.py:186} INFO - Started process (PID=1061) to work on /home/airflow/.local/lib/python3.12/site-packages/airflow/example_dags/example_branch_python_dop_operator_3.py
[2024-11-01T11:32:51.979+0000] {processor.py:914} INFO - Processing file /home/airflow/.local/lib/python3.12/site-packages/airflow/example_dags/example_branch_python_dop_operator_3.py for tasks to queue
[2024-11-01T11:32:51.980+0000] {logging_mixin.py:190} INFO - [2024-11-01T11:32:51.980+0000] {dagbag.py:588} INFO - Filling up the DagBag from /home/airflow/.local/lib/python3.12/site-packages/airflow/example_dags/example_branch_python_dop_operator_3.py
[2024-11-01T11:32:51.986+0000] {processor.py:925} INFO - DAG(s) 'example_branch_dop_operator_v3' retrieved from /home/airflow/.local/lib/python3.12/site-packages/airflow/example_dags/example_branch_python_dop_operator_3.py
[2024-11-01T11:32:51.999+0000] {logging_mixin.py:190} INFO - [2024-11-01T11:32:51.998+0000] {dag.py:3239} INFO - Sync 1 DAGs
[2024-11-01T11:32:52.016+0000] {logging_mixin.py:190} INFO - [2024-11-01T11:32:52.016+0000] {dag.py:4180} INFO - Setting next_dagrun for example_branch_dop_operator_v3 to 2024-11-01 11:31:00+00:00, run_after=2024-11-01 11:32:00+00:00
[2024-11-01T11:32:52.030+0000] {processor.py:208} INFO - Processing /home/airflow/.local/lib/python3.12/site-packages/airflow/example_dags/example_branch_python_dop_operator_3.py took 0.055 seconds
[2024-11-01T11:33:22.341+0000] {processor.py:186} INFO - Started process (PID=1127) to work on /home/airflow/.local/lib/python3.12/site-packages/airflow/example_dags/example_branch_python_dop_operator_3.py
[2024-11-01T11:33:22.342+0000] {processor.py:914} INFO - Processing file /home/airflow/.local/lib/python3.12/site-packages/airflow/example_dags/example_branch_python_dop_operator_3.py for tasks to queue
[2024-11-01T11:33:22.343+0000] {logging_mixin.py:190} INFO - [2024-11-01T11:33:22.343+0000] {dagbag.py:588} INFO - Filling up the DagBag from /home/airflow/.local/lib/python3.12/site-packages/airflow/example_dags/example_branch_python_dop_operator_3.py
[2024-11-01T11:33:22.349+0000] {processor.py:925} INFO - DAG(s) 'example_branch_dop_operator_v3' retrieved from /home/airflow/.local/lib/python3.12/site-packages/airflow/example_dags/example_branch_python_dop_operator_3.py
[2024-11-01T11:33:22.362+0000] {logging_mixin.py:190} INFO - [2024-11-01T11:33:22.362+0000] {dag.py:3239} INFO - Sync 1 DAGs
[2024-11-01T11:33:22.378+0000] {logging_mixin.py:190} INFO - [2024-11-01T11:33:22.378+0000] {dag.py:4180} INFO - Setting next_dagrun for example_branch_dop_operator_v3 to 2024-11-01 11:32:00+00:00, run_after=2024-11-01 11:33:00+00:00
[2024-11-01T11:33:22.392+0000] {processor.py:208} INFO - Processing /home/airflow/.local/lib/python3.12/site-packages/airflow/example_dags/example_branch_python_dop_operator_3.py took 0.055 seconds
[2024-11-01T11:33:52.425+0000] {processor.py:186} INFO - Started process (PID=1191) to work on /home/airflow/.local/lib/python3.12/site-packages/airflow/example_dags/example_branch_python_dop_operator_3.py
[2024-11-01T11:33:52.426+0000] {processor.py:914} INFO - Processing file /home/airflow/.local/lib/python3.12/site-packages/airflow/example_dags/example_branch_python_dop_operator_3.py for tasks to queue
[2024-11-01T11:33:52.427+0000] {logging_mixin.py:190} INFO - [2024-11-01T11:33:52.427+0000] {dagbag.py:588} INFO - Filling up the DagBag from /home/airflow/.local/lib/python3.12/site-packages/airflow/example_dags/example_branch_python_dop_operator_3.py
[2024-11-01T11:33:52.433+0000] {processor.py:925} INFO - DAG(s) 'example_branch_dop_operator_v3' retrieved from /home/airflow/.local/lib/python3.12/site-packages/airflow/example_dags/example_branch_python_dop_operator_3.py
[2024-11-01T11:33:52.446+0000] {logging_mixin.py:190} INFO - [2024-11-01T11:33:52.446+0000] {dag.py:3239} INFO - Sync 1 DAGs
[2024-11-01T11:33:52.465+0000] {logging_mixin.py:190} INFO - [2024-11-01T11:33:52.465+0000] {dag.py:4180} INFO - Setting next_dagrun for example_branch_dop_operator_v3 to 2024-11-01 11:32:00+00:00, run_after=2024-11-01 11:33:00+00:00
[2024-11-01T11:33:52.479+0000] {processor.py:208} INFO - Processing /home/airflow/.local/lib/python3.12/site-packages/airflow/example_dags/example_branch_python_dop_operator_3.py took 0.057 seconds
[2024-11-01T11:34:23.058+0000] {processor.py:186} INFO - Started process (PID=1257) to work on /home/airflow/.local/lib/python3.12/site-packages/airflow/example_dags/example_branch_python_dop_operator_3.py
[2024-11-01T11:34:23.058+0000] {processor.py:914} INFO - Processing file /home/airflow/.local/lib/python3.12/site-packages/airflow/example_dags/example_branch_python_dop_operator_3.py for tasks to queue
[2024-11-01T11:34:23.060+0000] {logging_mixin.py:190} INFO - [2024-11-01T11:34:23.060+0000] {dagbag.py:588} INFO - Filling up the DagBag from /home/airflow/.local/lib/python3.12/site-packages/airflow/example_dags/example_branch_python_dop_operator_3.py
[2024-11-01T11:34:23.066+0000] {processor.py:925} INFO - DAG(s) 'example_branch_dop_operator_v3' retrieved from /home/airflow/.local/lib/python3.12/site-packages/airflow/example_dags/example_branch_python_dop_operator_3.py
[2024-11-01T11:34:23.079+0000] {logging_mixin.py:190} INFO - [2024-11-01T11:34:23.079+0000] {dag.py:3239} INFO - Sync 1 DAGs
[2024-11-01T11:34:23.096+0000] {logging_mixin.py:190} INFO - [2024-11-01T11:34:23.096+0000] {dag.py:4180} INFO - Setting next_dagrun for example_branch_dop_operator_v3 to 2024-11-01 11:33:00+00:00, run_after=2024-11-01 11:34:00+00:00
[2024-11-01T11:34:23.110+0000] {processor.py:208} INFO - Processing /home/airflow/.local/lib/python3.12/site-packages/airflow/example_dags/example_branch_python_dop_operator_3.py took 0.056 seconds
[2024-11-01T11:34:53.682+0000] {processor.py:186} INFO - Started process (PID=1322) to work on /home/airflow/.local/lib/python3.12/site-packages/airflow/example_dags/example_branch_python_dop_operator_3.py
[2024-11-01T11:34:53.683+0000] {processor.py:914} INFO - Processing file /home/airflow/.local/lib/python3.12/site-packages/airflow/example_dags/example_branch_python_dop_operator_3.py for tasks to queue
[2024-11-01T11:34:53.684+0000] {logging_mixin.py:190} INFO - [2024-11-01T11:34:53.684+0000] {dagbag.py:588} INFO - Filling up the DagBag from /home/airflow/.local/lib/python3.12/site-packages/airflow/example_dags/example_branch_python_dop_operator_3.py
[2024-11-01T11:34:53.690+0000] {processor.py:925} INFO - DAG(s) 'example_branch_dop_operator_v3' retrieved from /home/airflow/.local/lib/python3.12/site-packages/airflow/example_dags/example_branch_python_dop_operator_3.py
[2024-11-01T11:34:53.703+0000] {logging_mixin.py:190} INFO - [2024-11-01T11:34:53.703+0000] {dag.py:3239} INFO - Sync 1 DAGs
[2024-11-01T11:34:53.721+0000] {logging_mixin.py:190} INFO - [2024-11-01T11:34:53.721+0000] {dag.py:4180} INFO - Setting next_dagrun for example_branch_dop_operator_v3 to 2024-11-01 11:33:00+00:00, run_after=2024-11-01 11:34:00+00:00
[2024-11-01T11:34:53.735+0000] {processor.py:208} INFO - Processing /home/airflow/.local/lib/python3.12/site-packages/airflow/example_dags/example_branch_python_dop_operator_3.py took 0.056 seconds
[2024-11-01T11:35:24.682+0000] {processor.py:186} INFO - Started process (PID=1387) to work on /home/airflow/.local/lib/python3.12/site-packages/airflow/example_dags/example_branch_python_dop_operator_3.py
[2024-11-01T11:35:24.683+0000] {processor.py:914} INFO - Processing file /home/airflow/.local/lib/python3.12/site-packages/airflow/example_dags/example_branch_python_dop_operator_3.py for tasks to queue
[2024-11-01T11:35:24.685+0000] {logging_mixin.py:190} INFO - [2024-11-01T11:35:24.684+0000] {dagbag.py:588} INFO - Filling up the DagBag from /home/airflow/.local/lib/python3.12/site-packages/airflow/example_dags/example_branch_python_dop_operator_3.py
[2024-11-01T11:35:24.690+0000] {processor.py:925} INFO - DAG(s) 'example_branch_dop_operator_v3' retrieved from /home/airflow/.local/lib/python3.12/site-packages/airflow/example_dags/example_branch_python_dop_operator_3.py
[2024-11-01T11:35:24.703+0000] {logging_mixin.py:190} INFO - [2024-11-01T11:35:24.703+0000] {dag.py:3239} INFO - Sync 1 DAGs
[2024-11-01T11:35:24.720+0000] {logging_mixin.py:190} INFO - [2024-11-01T11:35:24.720+0000] {dag.py:4180} INFO - Setting next_dagrun for example_branch_dop_operator_v3 to 2024-11-01 11:34:00+00:00, run_after=2024-11-01 11:35:00+00:00
[2024-11-01T11:35:24.734+0000] {processor.py:208} INFO - Processing /home/airflow/.local/lib/python3.12/site-packages/airflow/example_dags/example_branch_python_dop_operator_3.py took 0.055 seconds
[2024-11-01T11:35:55.089+0000] {processor.py:186} INFO - Started process (PID=1452) to work on /home/airflow/.local/lib/python3.12/site-packages/airflow/example_dags/example_branch_python_dop_operator_3.py
[2024-11-01T11:35:55.090+0000] {processor.py:914} INFO - Processing file /home/airflow/.local/lib/python3.12/site-packages/airflow/example_dags/example_branch_python_dop_operator_3.py for tasks to queue
[2024-11-01T11:35:55.091+0000] {logging_mixin.py:190} INFO - [2024-11-01T11:35:55.091+0000] {dagbag.py:588} INFO - Filling up the DagBag from /home/airflow/.local/lib/python3.12/site-packages/airflow/example_dags/example_branch_python_dop_operator_3.py
[2024-11-01T11:35:55.097+0000] {processor.py:925} INFO - DAG(s) 'example_branch_dop_operator_v3' retrieved from /home/airflow/.local/lib/python3.12/site-packages/airflow/example_dags/example_branch_python_dop_operator_3.py
[2024-11-01T11:35:55.110+0000] {logging_mixin.py:190} INFO - [2024-11-01T11:35:55.110+0000] {dag.py:3239} INFO - Sync 1 DAGs
[2024-11-01T11:35:55.127+0000] {logging_mixin.py:190} INFO - [2024-11-01T11:35:55.127+0000] {dag.py:4180} INFO - Setting next_dagrun for example_branch_dop_operator_v3 to 2024-11-01 11:34:00+00:00, run_after=2024-11-01 11:35:00+00:00
[2024-11-01T11:35:55.141+0000] {processor.py:208} INFO - Processing /home/airflow/.local/lib/python3.12/site-packages/airflow/example_dags/example_branch_python_dop_operator_3.py took 0.056 seconds
[2024-11-01T11:36:25.477+0000] {processor.py:186} INFO - Started process (PID=1517) to work on /home/airflow/.local/lib/python3.12/site-packages/airflow/example_dags/example_branch_python_dop_operator_3.py
[2024-11-01T11:36:25.478+0000] {processor.py:914} INFO - Processing file /home/airflow/.local/lib/python3.12/site-packages/airflow/example_dags/example_branch_python_dop_operator_3.py for tasks to queue
[2024-11-01T11:36:25.480+0000] {logging_mixin.py:190} INFO - [2024-11-01T11:36:25.480+0000] {dagbag.py:588} INFO - Filling up the DagBag from /home/airflow/.local/lib/python3.12/site-packages/airflow/example_dags/example_branch_python_dop_operator_3.py
[2024-11-01T11:36:25.487+0000] {processor.py:925} INFO - DAG(s) 'example_branch_dop_operator_v3' retrieved from /home/airflow/.local/lib/python3.12/site-packages/airflow/example_dags/example_branch_python_dop_operator_3.py
[2024-11-01T11:36:25.505+0000] {logging_mixin.py:190} INFO - [2024-11-01T11:36:25.505+0000] {dag.py:3239} INFO - Sync 1 DAGs
[2024-11-01T11:36:25.531+0000] {logging_mixin.py:190} INFO - [2024-11-01T11:36:25.531+0000] {dag.py:4180} INFO - Setting next_dagrun for example_branch_dop_operator_v3 to 2024-11-01 11:35:00+00:00, run_after=2024-11-01 11:36:00+00:00
[2024-11-01T11:36:25.553+0000] {processor.py:208} INFO - Processing /home/airflow/.local/lib/python3.12/site-packages/airflow/example_dags/example_branch_python_dop_operator_3.py took 0.081 seconds
[2024-11-01T11:36:55.612+0000] {processor.py:186} INFO - Started process (PID=1581) to work on /home/airflow/.local/lib/python3.12/site-packages/airflow/example_dags/example_branch_python_dop_operator_3.py
[2024-11-01T11:36:55.613+0000] {processor.py:914} INFO - Processing file /home/airflow/.local/lib/python3.12/site-packages/airflow/example_dags/example_branch_python_dop_operator_3.py for tasks to queue
[2024-11-01T11:36:55.614+0000] {logging_mixin.py:190} INFO - [2024-11-01T11:36:55.614+0000] {dagbag.py:588} INFO - Filling up the DagBag from /home/airflow/.local/lib/python3.12/site-packages/airflow/example_dags/example_branch_python_dop_operator_3.py
[2024-11-01T11:36:55.620+0000] {processor.py:925} INFO - DAG(s) 'example_branch_dop_operator_v3' retrieved from /home/airflow/.local/lib/python3.12/site-packages/airflow/example_dags/example_branch_python_dop_operator_3.py
[2024-11-01T11:36:55.631+0000] {logging_mixin.py:190} INFO - [2024-11-01T11:36:55.631+0000] {dag.py:3239} INFO - Sync 1 DAGs
[2024-11-01T11:36:55.646+0000] {logging_mixin.py:190} INFO - [2024-11-01T11:36:55.646+0000] {dag.py:4180} INFO - Setting next_dagrun for example_branch_dop_operator_v3 to 2024-11-01 11:35:00+00:00, run_after=2024-11-01 11:36:00+00:00
[2024-11-01T11:36:55.659+0000] {processor.py:208} INFO - Processing /home/airflow/.local/lib/python3.12/site-packages/airflow/example_dags/example_branch_python_dop_operator_3.py took 0.051 seconds
[2024-11-01T11:37:26.633+0000] {processor.py:186} INFO - Started process (PID=1645) to work on /home/airflow/.local/lib/python3.12/site-packages/airflow/example_dags/example_branch_python_dop_operator_3.py
[2024-11-01T11:37:26.635+0000] {processor.py:914} INFO - Processing file /home/airflow/.local/lib/python3.12/site-packages/airflow/example_dags/example_branch_python_dop_operator_3.py for tasks to queue
[2024-11-01T11:37:26.637+0000] {logging_mixin.py:190} INFO - [2024-11-01T11:37:26.637+0000] {dagbag.py:588} INFO - Filling up the DagBag from /home/airflow/.local/lib/python3.12/site-packages/airflow/example_dags/example_branch_python_dop_operator_3.py
[2024-11-01T11:37:26.646+0000] {processor.py:925} INFO - DAG(s) 'example_branch_dop_operator_v3' retrieved from /home/airflow/.local/lib/python3.12/site-packages/airflow/example_dags/example_branch_python_dop_operator_3.py
[2024-11-01T11:37:26.658+0000] {logging_mixin.py:190} INFO - [2024-11-01T11:37:26.658+0000] {dag.py:3239} INFO - Sync 1 DAGs
[2024-11-01T11:37:26.674+0000] {logging_mixin.py:190} INFO - [2024-11-01T11:37:26.674+0000] {dag.py:4180} INFO - Setting next_dagrun for example_branch_dop_operator_v3 to 2024-11-01 11:36:00+00:00, run_after=2024-11-01 11:37:00+00:00
[2024-11-01T11:37:26.686+0000] {processor.py:208} INFO - Processing /home/airflow/.local/lib/python3.12/site-packages/airflow/example_dags/example_branch_python_dop_operator_3.py took 0.056 seconds
[2024-11-01T11:37:57.648+0000] {processor.py:186} INFO - Started process (PID=1710) to work on /home/airflow/.local/lib/python3.12/site-packages/airflow/example_dags/example_branch_python_dop_operator_3.py
[2024-11-01T11:37:57.650+0000] {processor.py:914} INFO - Processing file /home/airflow/.local/lib/python3.12/site-packages/airflow/example_dags/example_branch_python_dop_operator_3.py for tasks to queue
[2024-11-01T11:37:57.651+0000] {logging_mixin.py:190} INFO - [2024-11-01T11:37:57.651+0000] {dagbag.py:588} INFO - Filling up the DagBag from /home/airflow/.local/lib/python3.12/site-packages/airflow/example_dags/example_branch_python_dop_operator_3.py
[2024-11-01T11:37:57.660+0000] {processor.py:925} INFO - DAG(s) 'example_branch_dop_operator_v3' retrieved from /home/airflow/.local/lib/python3.12/site-packages/airflow/example_dags/example_branch_python_dop_operator_3.py
[2024-11-01T11:37:57.674+0000] {logging_mixin.py:190} INFO - [2024-11-01T11:37:57.673+0000] {dag.py:3239} INFO - Sync 1 DAGs
[2024-11-01T11:37:57.692+0000] {logging_mixin.py:190} INFO - [2024-11-01T11:37:57.691+0000] {dag.py:4180} INFO - Setting next_dagrun for example_branch_dop_operator_v3 to 2024-11-01 11:36:00+00:00, run_after=2024-11-01 11:37:00+00:00
[2024-11-01T11:37:57.703+0000] {processor.py:208} INFO - Processing /home/airflow/.local/lib/python3.12/site-packages/airflow/example_dags/example_branch_python_dop_operator_3.py took 0.060 seconds
[2024-11-01T11:38:27.913+0000] {processor.py:186} INFO - Started process (PID=1775) to work on /home/airflow/.local/lib/python3.12/site-packages/airflow/example_dags/example_branch_python_dop_operator_3.py
[2024-11-01T11:38:27.914+0000] {processor.py:914} INFO - Processing file /home/airflow/.local/lib/python3.12/site-packages/airflow/example_dags/example_branch_python_dop_operator_3.py for tasks to queue
[2024-11-01T11:38:27.916+0000] {logging_mixin.py:190} INFO - [2024-11-01T11:38:27.916+0000] {dagbag.py:588} INFO - Filling up the DagBag from /home/airflow/.local/lib/python3.12/site-packages/airflow/example_dags/example_branch_python_dop_operator_3.py
[2024-11-01T11:38:27.924+0000] {processor.py:925} INFO - DAG(s) 'example_branch_dop_operator_v3' retrieved from /home/airflow/.local/lib/python3.12/site-packages/airflow/example_dags/example_branch_python_dop_operator_3.py
[2024-11-01T11:38:27.936+0000] {logging_mixin.py:190} INFO - [2024-11-01T11:38:27.936+0000] {dag.py:3239} INFO - Sync 1 DAGs
[2024-11-01T11:38:27.952+0000] {logging_mixin.py:190} INFO - [2024-11-01T11:38:27.952+0000] {dag.py:4180} INFO - Setting next_dagrun for example_branch_dop_operator_v3 to 2024-11-01 11:37:00+00:00, run_after=2024-11-01 11:38:00+00:00
[2024-11-01T11:38:27.964+0000] {processor.py:208} INFO - Processing /home/airflow/.local/lib/python3.12/site-packages/airflow/example_dags/example_branch_python_dop_operator_3.py took 0.055 seconds
[2024-11-01T11:38:58.114+0000] {processor.py:186} INFO - Started process (PID=1840) to work on /home/airflow/.local/lib/python3.12/site-packages/airflow/example_dags/example_branch_python_dop_operator_3.py
[2024-11-01T11:38:58.116+0000] {processor.py:914} INFO - Processing file /home/airflow/.local/lib/python3.12/site-packages/airflow/example_dags/example_branch_python_dop_operator_3.py for tasks to queue
[2024-11-01T11:38:58.117+0000] {logging_mixin.py:190} INFO - [2024-11-01T11:38:58.117+0000] {dagbag.py:588} INFO - Filling up the DagBag from /home/airflow/.local/lib/python3.12/site-packages/airflow/example_dags/example_branch_python_dop_operator_3.py
[2024-11-01T11:38:58.125+0000] {processor.py:925} INFO - DAG(s) 'example_branch_dop_operator_v3' retrieved from /home/airflow/.local/lib/python3.12/site-packages/airflow/example_dags/example_branch_python_dop_operator_3.py
[2024-11-01T11:38:58.138+0000] {logging_mixin.py:190} INFO - [2024-11-01T11:38:58.137+0000] {dag.py:3239} INFO - Sync 1 DAGs
[2024-11-01T11:38:58.153+0000] {logging_mixin.py:190} INFO - [2024-11-01T11:38:58.153+0000] {dag.py:4180} INFO - Setting next_dagrun for example_branch_dop_operator_v3 to 2024-11-01 11:37:00+00:00, run_after=2024-11-01 11:38:00+00:00
[2024-11-01T11:38:58.165+0000] {processor.py:208} INFO - Processing /home/airflow/.local/lib/python3.12/site-packages/airflow/example_dags/example_branch_python_dop_operator_3.py took 0.057 seconds
[2024-11-01T11:39:28.762+0000] {processor.py:186} INFO - Started process (PID=1905) to work on /home/airflow/.local/lib/python3.12/site-packages/airflow/example_dags/example_branch_python_dop_operator_3.py
[2024-11-01T11:39:28.763+0000] {processor.py:914} INFO - Processing file /home/airflow/.local/lib/python3.12/site-packages/airflow/example_dags/example_branch_python_dop_operator_3.py for tasks to queue
[2024-11-01T11:39:28.766+0000] {logging_mixin.py:190} INFO - [2024-11-01T11:39:28.766+0000] {dagbag.py:588} INFO - Filling up the DagBag from /home/airflow/.local/lib/python3.12/site-packages/airflow/example_dags/example_branch_python_dop_operator_3.py
[2024-11-01T11:39:28.773+0000] {processor.py:925} INFO - DAG(s) 'example_branch_dop_operator_v3' retrieved from /home/airflow/.local/lib/python3.12/site-packages/airflow/example_dags/example_branch_python_dop_operator_3.py
[2024-11-01T11:39:28.785+0000] {logging_mixin.py:190} INFO - [2024-11-01T11:39:28.785+0000] {dag.py:3239} INFO - Sync 1 DAGs
[2024-11-01T11:39:28.800+0000] {logging_mixin.py:190} INFO - [2024-11-01T11:39:28.800+0000] {dag.py:4180} INFO - Setting next_dagrun for example_branch_dop_operator_v3 to 2024-11-01 11:38:00+00:00, run_after=2024-11-01 11:39:00+00:00
[2024-11-01T11:39:28.812+0000] {processor.py:208} INFO - Processing /home/airflow/.local/lib/python3.12/site-packages/airflow/example_dags/example_branch_python_dop_operator_3.py took 0.058 seconds
[2024-11-01T11:39:59.539+0000] {processor.py:186} INFO - Started process (PID=1970) to work on /home/airflow/.local/lib/python3.12/site-packages/airflow/example_dags/example_branch_python_dop_operator_3.py
[2024-11-01T11:39:59.540+0000] {processor.py:914} INFO - Processing file /home/airflow/.local/lib/python3.12/site-packages/airflow/example_dags/example_branch_python_dop_operator_3.py for tasks to queue
[2024-11-01T11:39:59.541+0000] {logging_mixin.py:190} INFO - [2024-11-01T11:39:59.541+0000] {dagbag.py:588} INFO - Filling up the DagBag from /home/airflow/.local/lib/python3.12/site-packages/airflow/example_dags/example_branch_python_dop_operator_3.py
[2024-11-01T11:39:59.549+0000] {processor.py:925} INFO - DAG(s) 'example_branch_dop_operator_v3' retrieved from /home/airflow/.local/lib/python3.12/site-packages/airflow/example_dags/example_branch_python_dop_operator_3.py
[2024-11-01T11:39:59.562+0000] {logging_mixin.py:190} INFO - [2024-11-01T11:39:59.562+0000] {dag.py:3239} INFO - Sync 1 DAGs
[2024-11-01T11:39:59.579+0000] {logging_mixin.py:190} INFO - [2024-11-01T11:39:59.579+0000] {dag.py:4180} INFO - Setting next_dagrun for example_branch_dop_operator_v3 to 2024-11-01 11:38:00+00:00, run_after=2024-11-01 11:39:00+00:00
[2024-11-01T11:39:59.592+0000] {processor.py:208} INFO - Processing /home/airflow/.local/lib/python3.12/site-packages/airflow/example_dags/example_branch_python_dop_operator_3.py took 0.057 seconds
[2024-11-01T11:40:29.855+0000] {processor.py:186} INFO - Started process (PID=2035) to work on /home/airflow/.local/lib/python3.12/site-packages/airflow/example_dags/example_branch_python_dop_operator_3.py
[2024-11-01T11:40:29.857+0000] {processor.py:914} INFO - Processing file /home/airflow/.local/lib/python3.12/site-packages/airflow/example_dags/example_branch_python_dop_operator_3.py for tasks to queue
[2024-11-01T11:40:29.859+0000] {logging_mixin.py:190} INFO - [2024-11-01T11:40:29.859+0000] {dagbag.py:588} INFO - Filling up the DagBag from /home/airflow/.local/lib/python3.12/site-packages/airflow/example_dags/example_branch_python_dop_operator_3.py
[2024-11-01T11:40:29.867+0000] {processor.py:925} INFO - DAG(s) 'example_branch_dop_operator_v3' retrieved from /home/airflow/.local/lib/python3.12/site-packages/airflow/example_dags/example_branch_python_dop_operator_3.py
[2024-11-01T11:40:29.880+0000] {logging_mixin.py:190} INFO - [2024-11-01T11:40:29.880+0000] {dag.py:3239} INFO - Sync 1 DAGs
[2024-11-01T11:40:29.898+0000] {logging_mixin.py:190} INFO - [2024-11-01T11:40:29.898+0000] {dag.py:4180} INFO - Setting next_dagrun for example_branch_dop_operator_v3 to 2024-11-01 11:39:00+00:00, run_after=2024-11-01 11:40:00+00:00
[2024-11-01T11:40:29.910+0000] {processor.py:208} INFO - Processing /home/airflow/.local/lib/python3.12/site-packages/airflow/example_dags/example_branch_python_dop_operator_3.py took 0.060 seconds
[2024-11-01T11:41:00.118+0000] {processor.py:186} INFO - Started process (PID=2100) to work on /home/airflow/.local/lib/python3.12/site-packages/airflow/example_dags/example_branch_python_dop_operator_3.py
[2024-11-01T11:41:00.120+0000] {processor.py:914} INFO - Processing file /home/airflow/.local/lib/python3.12/site-packages/airflow/example_dags/example_branch_python_dop_operator_3.py for tasks to queue
[2024-11-01T11:41:00.121+0000] {logging_mixin.py:190} INFO - [2024-11-01T11:41:00.121+0000] {dagbag.py:588} INFO - Filling up the DagBag from /home/airflow/.local/lib/python3.12/site-packages/airflow/example_dags/example_branch_python_dop_operator_3.py
[2024-11-01T11:41:00.129+0000] {processor.py:925} INFO - DAG(s) 'example_branch_dop_operator_v3' retrieved from /home/airflow/.local/lib/python3.12/site-packages/airflow/example_dags/example_branch_python_dop_operator_3.py
[2024-11-01T11:41:00.141+0000] {logging_mixin.py:190} INFO - [2024-11-01T11:41:00.141+0000] {dag.py:3239} INFO - Sync 1 DAGs
[2024-11-01T11:41:00.157+0000] {logging_mixin.py:190} INFO - [2024-11-01T11:41:00.157+0000] {dag.py:4180} INFO - Setting next_dagrun for example_branch_dop_operator_v3 to 2024-11-01 11:40:00+00:00, run_after=2024-11-01 11:41:00+00:00
[2024-11-01T11:41:00.169+0000] {processor.py:208} INFO - Processing /home/airflow/.local/lib/python3.12/site-packages/airflow/example_dags/example_branch_python_dop_operator_3.py took 0.056 seconds
[2024-11-01T11:41:30.962+0000] {processor.py:186} INFO - Started process (PID=2165) to work on /home/airflow/.local/lib/python3.12/site-packages/airflow/example_dags/example_branch_python_dop_operator_3.py
[2024-11-01T11:41:30.963+0000] {processor.py:914} INFO - Processing file /home/airflow/.local/lib/python3.12/site-packages/airflow/example_dags/example_branch_python_dop_operator_3.py for tasks to queue
[2024-11-01T11:41:30.964+0000] {logging_mixin.py:190} INFO - [2024-11-01T11:41:30.964+0000] {dagbag.py:588} INFO - Filling up the DagBag from /home/airflow/.local/lib/python3.12/site-packages/airflow/example_dags/example_branch_python_dop_operator_3.py
[2024-11-01T11:41:30.970+0000] {processor.py:925} INFO - DAG(s) 'example_branch_dop_operator_v3' retrieved from /home/airflow/.local/lib/python3.12/site-packages/airflow/example_dags/example_branch_python_dop_operator_3.py
[2024-11-01T11:41:30.982+0000] {logging_mixin.py:190} INFO - [2024-11-01T11:41:30.982+0000] {dag.py:3239} INFO - Sync 1 DAGs
[2024-11-01T11:41:30.998+0000] {logging_mixin.py:190} INFO - [2024-11-01T11:41:30.997+0000] {dag.py:4180} INFO - Setting next_dagrun for example_branch_dop_operator_v3 to 2024-11-01 11:40:00+00:00, run_after=2024-11-01 11:41:00+00:00
[2024-11-01T11:41:31.010+0000] {processor.py:208} INFO - Processing /home/airflow/.local/lib/python3.12/site-packages/airflow/example_dags/example_branch_python_dop_operator_3.py took 0.051 seconds
[2024-11-01T11:42:01.963+0000] {processor.py:186} INFO - Started process (PID=2230) to work on /home/airflow/.local/lib/python3.12/site-packages/airflow/example_dags/example_branch_python_dop_operator_3.py
[2024-11-01T11:42:01.964+0000] {processor.py:914} INFO - Processing file /home/airflow/.local/lib/python3.12/site-packages/airflow/example_dags/example_branch_python_dop_operator_3.py for tasks to queue
[2024-11-01T11:42:01.968+0000] {logging_mixin.py:190} INFO - [2024-11-01T11:42:01.967+0000] {dagbag.py:588} INFO - Filling up the DagBag from /home/airflow/.local/lib/python3.12/site-packages/airflow/example_dags/example_branch_python_dop_operator_3.py
[2024-11-01T11:42:01.977+0000] {processor.py:925} INFO - DAG(s) 'example_branch_dop_operator_v3' retrieved from /home/airflow/.local/lib/python3.12/site-packages/airflow/example_dags/example_branch_python_dop_operator_3.py
[2024-11-01T11:42:01.990+0000] {logging_mixin.py:190} INFO - [2024-11-01T11:42:01.990+0000] {dag.py:3239} INFO - Sync 1 DAGs
[2024-11-01T11:42:02.006+0000] {logging_mixin.py:190} INFO - [2024-11-01T11:42:02.006+0000] {dag.py:4180} INFO - Setting next_dagrun for example_branch_dop_operator_v3 to 2024-11-01 11:41:00+00:00, run_after=2024-11-01 11:42:00+00:00
[2024-11-01T11:42:02.018+0000] {processor.py:208} INFO - Processing /home/airflow/.local/lib/python3.12/site-packages/airflow/example_dags/example_branch_python_dop_operator_3.py took 0.061 seconds
[2024-11-01T11:42:32.640+0000] {processor.py:186} INFO - Started process (PID=2295) to work on /home/airflow/.local/lib/python3.12/site-packages/airflow/example_dags/example_branch_python_dop_operator_3.py
[2024-11-01T11:42:32.642+0000] {processor.py:914} INFO - Processing file /home/airflow/.local/lib/python3.12/site-packages/airflow/example_dags/example_branch_python_dop_operator_3.py for tasks to queue
[2024-11-01T11:42:32.644+0000] {logging_mixin.py:190} INFO - [2024-11-01T11:42:32.643+0000] {dagbag.py:588} INFO - Filling up the DagBag from /home/airflow/.local/lib/python3.12/site-packages/airflow/example_dags/example_branch_python_dop_operator_3.py
[2024-11-01T11:42:32.651+0000] {processor.py:925} INFO - DAG(s) 'example_branch_dop_operator_v3' retrieved from /home/airflow/.local/lib/python3.12/site-packages/airflow/example_dags/example_branch_python_dop_operator_3.py
[2024-11-01T11:42:32.664+0000] {logging_mixin.py:190} INFO - [2024-11-01T11:42:32.664+0000] {dag.py:3239} INFO - Sync 1 DAGs
[2024-11-01T11:42:32.682+0000] {logging_mixin.py:190} INFO - [2024-11-01T11:42:32.682+0000] {dag.py:4180} INFO - Setting next_dagrun for example_branch_dop_operator_v3 to 2024-11-01 11:41:00+00:00, run_after=2024-11-01 11:42:00+00:00
[2024-11-01T11:42:32.694+0000] {processor.py:208} INFO - Processing /home/airflow/.local/lib/python3.12/site-packages/airflow/example_dags/example_branch_python_dop_operator_3.py took 0.058 seconds
[2024-11-01T11:43:03.499+0000] {processor.py:186} INFO - Started process (PID=2361) to work on /home/airflow/.local/lib/python3.12/site-packages/airflow/example_dags/example_branch_python_dop_operator_3.py
[2024-11-01T11:43:03.500+0000] {processor.py:914} INFO - Processing file /home/airflow/.local/lib/python3.12/site-packages/airflow/example_dags/example_branch_python_dop_operator_3.py for tasks to queue
[2024-11-01T11:43:03.504+0000] {logging_mixin.py:190} INFO - [2024-11-01T11:43:03.504+0000] {dagbag.py:588} INFO - Filling up the DagBag from /home/airflow/.local/lib/python3.12/site-packages/airflow/example_dags/example_branch_python_dop_operator_3.py
[2024-11-01T11:43:03.511+0000] {processor.py:925} INFO - DAG(s) 'example_branch_dop_operator_v3' retrieved from /home/airflow/.local/lib/python3.12/site-packages/airflow/example_dags/example_branch_python_dop_operator_3.py
[2024-11-01T11:43:03.523+0000] {logging_mixin.py:190} INFO - [2024-11-01T11:43:03.523+0000] {dag.py:3239} INFO - Sync 1 DAGs
[2024-11-01T11:43:03.540+0000] {logging_mixin.py:190} INFO - [2024-11-01T11:43:03.540+0000] {dag.py:4180} INFO - Setting next_dagrun for example_branch_dop_operator_v3 to 2024-11-01 11:42:00+00:00, run_after=2024-11-01 11:43:00+00:00
[2024-11-01T11:43:03.551+0000] {processor.py:208} INFO - Processing /home/airflow/.local/lib/python3.12/site-packages/airflow/example_dags/example_branch_python_dop_operator_3.py took 0.056 seconds
[2024-11-01T11:43:33.749+0000] {processor.py:186} INFO - Started process (PID=2426) to work on /home/airflow/.local/lib/python3.12/site-packages/airflow/example_dags/example_branch_python_dop_operator_3.py
[2024-11-01T11:43:33.751+0000] {processor.py:914} INFO - Processing file /home/airflow/.local/lib/python3.12/site-packages/airflow/example_dags/example_branch_python_dop_operator_3.py for tasks to queue
[2024-11-01T11:43:33.754+0000] {logging_mixin.py:190} INFO - [2024-11-01T11:43:33.754+0000] {dagbag.py:588} INFO - Filling up the DagBag from /home/airflow/.local/lib/python3.12/site-packages/airflow/example_dags/example_branch_python_dop_operator_3.py
[2024-11-01T11:43:33.761+0000] {processor.py:925} INFO - DAG(s) 'example_branch_dop_operator_v3' retrieved from /home/airflow/.local/lib/python3.12/site-packages/airflow/example_dags/example_branch_python_dop_operator_3.py
[2024-11-01T11:43:33.773+0000] {logging_mixin.py:190} INFO - [2024-11-01T11:43:33.773+0000] {dag.py:3239} INFO - Sync 1 DAGs
[2024-11-01T11:43:33.789+0000] {logging_mixin.py:190} INFO - [2024-11-01T11:43:33.789+0000] {dag.py:4180} INFO - Setting next_dagrun for example_branch_dop_operator_v3 to 2024-11-01 11:42:00+00:00, run_after=2024-11-01 11:43:00+00:00
[2024-11-01T11:43:33.801+0000] {processor.py:208} INFO - Processing /home/airflow/.local/lib/python3.12/site-packages/airflow/example_dags/example_branch_python_dop_operator_3.py took 0.060 seconds
[2024-11-01T11:44:04.388+0000] {processor.py:186} INFO - Started process (PID=2491) to work on /home/airflow/.local/lib/python3.12/site-packages/airflow/example_dags/example_branch_python_dop_operator_3.py
[2024-11-01T11:44:04.390+0000] {processor.py:914} INFO - Processing file /home/airflow/.local/lib/python3.12/site-packages/airflow/example_dags/example_branch_python_dop_operator_3.py for tasks to queue
[2024-11-01T11:44:04.393+0000] {logging_mixin.py:190} INFO - [2024-11-01T11:44:04.392+0000] {dagbag.py:588} INFO - Filling up the DagBag from /home/airflow/.local/lib/python3.12/site-packages/airflow/example_dags/example_branch_python_dop_operator_3.py
[2024-11-01T11:44:04.401+0000] {processor.py:925} INFO - DAG(s) 'example_branch_dop_operator_v3' retrieved from /home/airflow/.local/lib/python3.12/site-packages/airflow/example_dags/example_branch_python_dop_operator_3.py
[2024-11-01T11:44:04.413+0000] {logging_mixin.py:190} INFO - [2024-11-01T11:44:04.412+0000] {dag.py:3239} INFO - Sync 1 DAGs
[2024-11-01T11:44:04.428+0000] {logging_mixin.py:190} INFO - [2024-11-01T11:44:04.427+0000] {dag.py:4180} INFO - Setting next_dagrun for example_branch_dop_operator_v3 to 2024-11-01 11:43:00+00:00, run_after=2024-11-01 11:44:00+00:00
[2024-11-01T11:44:04.442+0000] {processor.py:208} INFO - Processing /home/airflow/.local/lib/python3.12/site-packages/airflow/example_dags/example_branch_python_dop_operator_3.py took 0.059 seconds
[2024-11-01T11:44:34.908+0000] {processor.py:186} INFO - Started process (PID=2556) to work on /home/airflow/.local/lib/python3.12/site-packages/airflow/example_dags/example_branch_python_dop_operator_3.py
[2024-11-01T11:44:34.910+0000] {processor.py:914} INFO - Processing file /home/airflow/.local/lib/python3.12/site-packages/airflow/example_dags/example_branch_python_dop_operator_3.py for tasks to queue
[2024-11-01T11:44:34.912+0000] {logging_mixin.py:190} INFO - [2024-11-01T11:44:34.911+0000] {dagbag.py:588} INFO - Filling up the DagBag from /home/airflow/.local/lib/python3.12/site-packages/airflow/example_dags/example_branch_python_dop_operator_3.py
[2024-11-01T11:44:34.920+0000] {processor.py:925} INFO - DAG(s) 'example_branch_dop_operator_v3' retrieved from /home/airflow/.local/lib/python3.12/site-packages/airflow/example_dags/example_branch_python_dop_operator_3.py
[2024-11-01T11:44:34.931+0000] {logging_mixin.py:190} INFO - [2024-11-01T11:44:34.931+0000] {dag.py:3239} INFO - Sync 1 DAGs
[2024-11-01T11:44:34.947+0000] {logging_mixin.py:190} INFO - [2024-11-01T11:44:34.947+0000] {dag.py:4180} INFO - Setting next_dagrun for example_branch_dop_operator_v3 to 2024-11-01 11:43:00+00:00, run_after=2024-11-01 11:44:00+00:00
[2024-11-01T11:44:34.959+0000] {processor.py:208} INFO - Processing /home/airflow/.local/lib/python3.12/site-packages/airflow/example_dags/example_branch_python_dop_operator_3.py took 0.056 seconds
[2024-11-01T11:45:05.495+0000] {processor.py:186} INFO - Started process (PID=2621) to work on /home/airflow/.local/lib/python3.12/site-packages/airflow/example_dags/example_branch_python_dop_operator_3.py
[2024-11-01T11:45:05.496+0000] {processor.py:914} INFO - Processing file /home/airflow/.local/lib/python3.12/site-packages/airflow/example_dags/example_branch_python_dop_operator_3.py for tasks to queue
[2024-11-01T11:45:05.498+0000] {logging_mixin.py:190} INFO - [2024-11-01T11:45:05.498+0000] {dagbag.py:588} INFO - Filling up the DagBag from /home/airflow/.local/lib/python3.12/site-packages/airflow/example_dags/example_branch_python_dop_operator_3.py
[2024-11-01T11:45:05.505+0000] {processor.py:925} INFO - DAG(s) 'example_branch_dop_operator_v3' retrieved from /home/airflow/.local/lib/python3.12/site-packages/airflow/example_dags/example_branch_python_dop_operator_3.py
[2024-11-01T11:45:05.517+0000] {logging_mixin.py:190} INFO - [2024-11-01T11:45:05.517+0000] {dag.py:3239} INFO - Sync 1 DAGs
[2024-11-01T11:45:05.532+0000] {logging_mixin.py:190} INFO - [2024-11-01T11:45:05.532+0000] {dag.py:4180} INFO - Setting next_dagrun for example_branch_dop_operator_v3 to 2024-11-01 11:44:00+00:00, run_after=2024-11-01 11:45:00+00:00
[2024-11-01T11:45:05.544+0000] {processor.py:208} INFO - Processing /home/airflow/.local/lib/python3.12/site-packages/airflow/example_dags/example_branch_python_dop_operator_3.py took 0.054 seconds
[2024-11-01T11:45:35.989+0000] {processor.py:186} INFO - Started process (PID=2686) to work on /home/airflow/.local/lib/python3.12/site-packages/airflow/example_dags/example_branch_python_dop_operator_3.py
[2024-11-01T11:45:35.990+0000] {processor.py:914} INFO - Processing file /home/airflow/.local/lib/python3.12/site-packages/airflow/example_dags/example_branch_python_dop_operator_3.py for tasks to queue
[2024-11-01T11:45:35.992+0000] {logging_mixin.py:190} INFO - [2024-11-01T11:45:35.992+0000] {dagbag.py:588} INFO - Filling up the DagBag from /home/airflow/.local/lib/python3.12/site-packages/airflow/example_dags/example_branch_python_dop_operator_3.py
[2024-11-01T11:45:36.000+0000] {processor.py:925} INFO - DAG(s) 'example_branch_dop_operator_v3' retrieved from /home/airflow/.local/lib/python3.12/site-packages/airflow/example_dags/example_branch_python_dop_operator_3.py
[2024-11-01T11:45:36.011+0000] {logging_mixin.py:190} INFO - [2024-11-01T11:45:36.011+0000] {dag.py:3239} INFO - Sync 1 DAGs
[2024-11-01T11:45:36.026+0000] {logging_mixin.py:190} INFO - [2024-11-01T11:45:36.026+0000] {dag.py:4180} INFO - Setting next_dagrun for example_branch_dop_operator_v3 to 2024-11-01 11:44:00+00:00, run_after=2024-11-01 11:45:00+00:00
[2024-11-01T11:45:36.037+0000] {processor.py:208} INFO - Processing /home/airflow/.local/lib/python3.12/site-packages/airflow/example_dags/example_branch_python_dop_operator_3.py took 0.053 seconds
[2024-11-01T11:46:06.150+0000] {processor.py:186} INFO - Started process (PID=2751) to work on /home/airflow/.local/lib/python3.12/site-packages/airflow/example_dags/example_branch_python_dop_operator_3.py
[2024-11-01T11:46:06.151+0000] {processor.py:914} INFO - Processing file /home/airflow/.local/lib/python3.12/site-packages/airflow/example_dags/example_branch_python_dop_operator_3.py for tasks to queue
[2024-11-01T11:46:06.153+0000] {logging_mixin.py:190} INFO - [2024-11-01T11:46:06.153+0000] {dagbag.py:588} INFO - Filling up the DagBag from /home/airflow/.local/lib/python3.12/site-packages/airflow/example_dags/example_branch_python_dop_operator_3.py
[2024-11-01T11:46:06.159+0000] {processor.py:925} INFO - DAG(s) 'example_branch_dop_operator_v3' retrieved from /home/airflow/.local/lib/python3.12/site-packages/airflow/example_dags/example_branch_python_dop_operator_3.py
[2024-11-01T11:46:06.172+0000] {logging_mixin.py:190} INFO - [2024-11-01T11:46:06.171+0000] {dag.py:3239} INFO - Sync 1 DAGs
[2024-11-01T11:46:06.189+0000] {logging_mixin.py:190} INFO - [2024-11-01T11:46:06.189+0000] {dag.py:4180} INFO - Setting next_dagrun for example_branch_dop_operator_v3 to 2024-11-01 11:45:00+00:00, run_after=2024-11-01 11:46:00+00:00
[2024-11-01T11:46:06.202+0000] {processor.py:208} INFO - Processing /home/airflow/.local/lib/python3.12/site-packages/airflow/example_dags/example_branch_python_dop_operator_3.py took 0.055 seconds
[2024-11-01T11:46:36.765+0000] {processor.py:186} INFO - Started process (PID=2816) to work on /home/airflow/.local/lib/python3.12/site-packages/airflow/example_dags/example_branch_python_dop_operator_3.py
[2024-11-01T11:46:36.767+0000] {processor.py:914} INFO - Processing file /home/airflow/.local/lib/python3.12/site-packages/airflow/example_dags/example_branch_python_dop_operator_3.py for tasks to queue
[2024-11-01T11:46:36.769+0000] {logging_mixin.py:190} INFO - [2024-11-01T11:46:36.768+0000] {dagbag.py:588} INFO - Filling up the DagBag from /home/airflow/.local/lib/python3.12/site-packages/airflow/example_dags/example_branch_python_dop_operator_3.py
[2024-11-01T11:46:36.775+0000] {processor.py:925} INFO - DAG(s) 'example_branch_dop_operator_v3' retrieved from /home/airflow/.local/lib/python3.12/site-packages/airflow/example_dags/example_branch_python_dop_operator_3.py
[2024-11-01T11:46:36.792+0000] {logging_mixin.py:190} INFO - [2024-11-01T11:46:36.792+0000] {dag.py:3239} INFO - Sync 1 DAGs
[2024-11-01T11:46:36.818+0000] {logging_mixin.py:190} INFO - [2024-11-01T11:46:36.818+0000] {dag.py:4180} INFO - Setting next_dagrun for example_branch_dop_operator_v3 to 2024-11-01 11:45:00+00:00, run_after=2024-11-01 11:46:00+00:00
[2024-11-01T11:46:36.835+0000] {processor.py:208} INFO - Processing /home/airflow/.local/lib/python3.12/site-packages/airflow/example_dags/example_branch_python_dop_operator_3.py took 0.073 seconds
[2024-11-01T11:47:07.557+0000] {processor.py:186} INFO - Started process (PID=2881) to work on /home/airflow/.local/lib/python3.12/site-packages/airflow/example_dags/example_branch_python_dop_operator_3.py
[2024-11-01T11:47:07.559+0000] {processor.py:914} INFO - Processing file /home/airflow/.local/lib/python3.12/site-packages/airflow/example_dags/example_branch_python_dop_operator_3.py for tasks to queue
[2024-11-01T11:47:07.560+0000] {logging_mixin.py:190} INFO - [2024-11-01T11:47:07.560+0000] {dagbag.py:588} INFO - Filling up the DagBag from /home/airflow/.local/lib/python3.12/site-packages/airflow/example_dags/example_branch_python_dop_operator_3.py
[2024-11-01T11:47:07.569+0000] {processor.py:925} INFO - DAG(s) 'example_branch_dop_operator_v3' retrieved from /home/airflow/.local/lib/python3.12/site-packages/airflow/example_dags/example_branch_python_dop_operator_3.py
[2024-11-01T11:47:07.580+0000] {logging_mixin.py:190} INFO - [2024-11-01T11:47:07.580+0000] {dag.py:3239} INFO - Sync 1 DAGs
[2024-11-01T11:47:07.596+0000] {logging_mixin.py:190} INFO - [2024-11-01T11:47:07.596+0000] {dag.py:4180} INFO - Setting next_dagrun for example_branch_dop_operator_v3 to 2024-11-01 11:46:00+00:00, run_after=2024-11-01 11:47:00+00:00
[2024-11-01T11:47:07.609+0000] {processor.py:208} INFO - Processing /home/airflow/.local/lib/python3.12/site-packages/airflow/example_dags/example_branch_python_dop_operator_3.py took 0.056 seconds
[2024-11-01T11:47:37.899+0000] {processor.py:186} INFO - Started process (PID=2946) to work on /home/airflow/.local/lib/python3.12/site-packages/airflow/example_dags/example_branch_python_dop_operator_3.py
[2024-11-01T11:47:37.900+0000] {processor.py:914} INFO - Processing file /home/airflow/.local/lib/python3.12/site-packages/airflow/example_dags/example_branch_python_dop_operator_3.py for tasks to queue
[2024-11-01T11:47:37.902+0000] {logging_mixin.py:190} INFO - [2024-11-01T11:47:37.901+0000] {dagbag.py:588} INFO - Filling up the DagBag from /home/airflow/.local/lib/python3.12/site-packages/airflow/example_dags/example_branch_python_dop_operator_3.py
[2024-11-01T11:47:37.908+0000] {processor.py:925} INFO - DAG(s) 'example_branch_dop_operator_v3' retrieved from /home/airflow/.local/lib/python3.12/site-packages/airflow/example_dags/example_branch_python_dop_operator_3.py
[2024-11-01T11:47:37.920+0000] {logging_mixin.py:190} INFO - [2024-11-01T11:47:37.920+0000] {dag.py:3239} INFO - Sync 1 DAGs
[2024-11-01T11:47:37.937+0000] {logging_mixin.py:190} INFO - [2024-11-01T11:47:37.937+0000] {dag.py:4180} INFO - Setting next_dagrun for example_branch_dop_operator_v3 to 2024-11-01 11:46:00+00:00, run_after=2024-11-01 11:47:00+00:00
[2024-11-01T11:47:37.950+0000] {processor.py:208} INFO - Processing /home/airflow/.local/lib/python3.12/site-packages/airflow/example_dags/example_branch_python_dop_operator_3.py took 0.054 seconds
[2024-11-01T11:48:08.511+0000] {processor.py:186} INFO - Started process (PID=3011) to work on /home/airflow/.local/lib/python3.12/site-packages/airflow/example_dags/example_branch_python_dop_operator_3.py
[2024-11-01T11:48:08.511+0000] {processor.py:914} INFO - Processing file /home/airflow/.local/lib/python3.12/site-packages/airflow/example_dags/example_branch_python_dop_operator_3.py for tasks to queue
[2024-11-01T11:48:08.513+0000] {logging_mixin.py:190} INFO - [2024-11-01T11:48:08.513+0000] {dagbag.py:588} INFO - Filling up the DagBag from /home/airflow/.local/lib/python3.12/site-packages/airflow/example_dags/example_branch_python_dop_operator_3.py
[2024-11-01T11:48:08.519+0000] {processor.py:925} INFO - DAG(s) 'example_branch_dop_operator_v3' retrieved from /home/airflow/.local/lib/python3.12/site-packages/airflow/example_dags/example_branch_python_dop_operator_3.py
[2024-11-01T11:48:08.531+0000] {logging_mixin.py:190} INFO - [2024-11-01T11:48:08.531+0000] {dag.py:3239} INFO - Sync 1 DAGs
[2024-11-01T11:48:08.548+0000] {logging_mixin.py:190} INFO - [2024-11-01T11:48:08.548+0000] {dag.py:4180} INFO - Setting next_dagrun for example_branch_dop_operator_v3 to 2024-11-01 11:47:00+00:00, run_after=2024-11-01 11:48:00+00:00
[2024-11-01T11:48:08.561+0000] {processor.py:208} INFO - Processing /home/airflow/.local/lib/python3.12/site-packages/airflow/example_dags/example_branch_python_dop_operator_3.py took 0.054 seconds
[2024-11-01T11:48:39.120+0000] {processor.py:186} INFO - Started process (PID=3075) to work on /home/airflow/.local/lib/python3.12/site-packages/airflow/example_dags/example_branch_python_dop_operator_3.py
[2024-11-01T11:48:39.121+0000] {processor.py:914} INFO - Processing file /home/airflow/.local/lib/python3.12/site-packages/airflow/example_dags/example_branch_python_dop_operator_3.py for tasks to queue
[2024-11-01T11:48:39.123+0000] {logging_mixin.py:190} INFO - [2024-11-01T11:48:39.122+0000] {dagbag.py:588} INFO - Filling up the DagBag from /home/airflow/.local/lib/python3.12/site-packages/airflow/example_dags/example_branch_python_dop_operator_3.py
[2024-11-01T11:48:39.130+0000] {processor.py:925} INFO - DAG(s) 'example_branch_dop_operator_v3' retrieved from /home/airflow/.local/lib/python3.12/site-packages/airflow/example_dags/example_branch_python_dop_operator_3.py
[2024-11-01T11:48:39.141+0000] {logging_mixin.py:190} INFO - [2024-11-01T11:48:39.141+0000] {dag.py:3239} INFO - Sync 1 DAGs
[2024-11-01T11:48:39.157+0000] {logging_mixin.py:190} INFO - [2024-11-01T11:48:39.157+0000] {dag.py:4180} INFO - Setting next_dagrun for example_branch_dop_operator_v3 to 2024-11-01 11:47:00+00:00, run_after=2024-11-01 11:48:00+00:00
[2024-11-01T11:48:39.169+0000] {processor.py:208} INFO - Processing /home/airflow/.local/lib/python3.12/site-packages/airflow/example_dags/example_branch_python_dop_operator_3.py took 0.053 seconds
[2024-11-01T11:49:10.007+0000] {processor.py:186} INFO - Started process (PID=3140) to work on /home/airflow/.local/lib/python3.12/site-packages/airflow/example_dags/example_branch_python_dop_operator_3.py
[2024-11-01T11:49:10.008+0000] {processor.py:914} INFO - Processing file /home/airflow/.local/lib/python3.12/site-packages/airflow/example_dags/example_branch_python_dop_operator_3.py for tasks to queue
[2024-11-01T11:49:10.010+0000] {logging_mixin.py:190} INFO - [2024-11-01T11:49:10.010+0000] {dagbag.py:588} INFO - Filling up the DagBag from /home/airflow/.local/lib/python3.12/site-packages/airflow/example_dags/example_branch_python_dop_operator_3.py
[2024-11-01T11:49:10.018+0000] {processor.py:925} INFO - DAG(s) 'example_branch_dop_operator_v3' retrieved from /home/airflow/.local/lib/python3.12/site-packages/airflow/example_dags/example_branch_python_dop_operator_3.py
[2024-11-01T11:49:10.032+0000] {logging_mixin.py:190} INFO - [2024-11-01T11:49:10.032+0000] {dag.py:3239} INFO - Sync 1 DAGs
[2024-11-01T11:49:10.049+0000] {logging_mixin.py:190} INFO - [2024-11-01T11:49:10.049+0000] {dag.py:4180} INFO - Setting next_dagrun for example_branch_dop_operator_v3 to 2024-11-01 11:48:00+00:00, run_after=2024-11-01 11:49:00+00:00
[2024-11-01T11:49:10.061+0000] {processor.py:208} INFO - Processing /home/airflow/.local/lib/python3.12/site-packages/airflow/example_dags/example_branch_python_dop_operator_3.py took 0.058 seconds
[2024-11-01T11:49:40.395+0000] {processor.py:186} INFO - Started process (PID=3205) to work on /home/airflow/.local/lib/python3.12/site-packages/airflow/example_dags/example_branch_python_dop_operator_3.py
[2024-11-01T11:49:40.397+0000] {processor.py:914} INFO - Processing file /home/airflow/.local/lib/python3.12/site-packages/airflow/example_dags/example_branch_python_dop_operator_3.py for tasks to queue
[2024-11-01T11:49:40.399+0000] {logging_mixin.py:190} INFO - [2024-11-01T11:49:40.398+0000] {dagbag.py:588} INFO - Filling up the DagBag from /home/airflow/.local/lib/python3.12/site-packages/airflow/example_dags/example_branch_python_dop_operator_3.py
[2024-11-01T11:49:40.407+0000] {processor.py:925} INFO - DAG(s) 'example_branch_dop_operator_v3' retrieved from /home/airflow/.local/lib/python3.12/site-packages/airflow/example_dags/example_branch_python_dop_operator_3.py
[2024-11-01T11:49:40.419+0000] {logging_mixin.py:190} INFO - [2024-11-01T11:49:40.419+0000] {dag.py:3239} INFO - Sync 1 DAGs
[2024-11-01T11:49:40.434+0000] {logging_mixin.py:190} INFO - [2024-11-01T11:49:40.434+0000] {dag.py:4180} INFO - Setting next_dagrun for example_branch_dop_operator_v3 to 2024-11-01 11:48:00+00:00, run_after=2024-11-01 11:49:00+00:00
[2024-11-01T11:49:40.446+0000] {processor.py:208} INFO - Processing /home/airflow/.local/lib/python3.12/site-packages/airflow/example_dags/example_branch_python_dop_operator_3.py took 0.056 seconds
[2024-11-01T11:50:10.863+0000] {processor.py:186} INFO - Started process (PID=3270) to work on /home/airflow/.local/lib/python3.12/site-packages/airflow/example_dags/example_branch_python_dop_operator_3.py
[2024-11-01T11:50:10.864+0000] {processor.py:914} INFO - Processing file /home/airflow/.local/lib/python3.12/site-packages/airflow/example_dags/example_branch_python_dop_operator_3.py for tasks to queue
[2024-11-01T11:50:10.865+0000] {logging_mixin.py:190} INFO - [2024-11-01T11:50:10.865+0000] {dagbag.py:588} INFO - Filling up the DagBag from /home/airflow/.local/lib/python3.12/site-packages/airflow/example_dags/example_branch_python_dop_operator_3.py
[2024-11-01T11:50:10.873+0000] {processor.py:925} INFO - DAG(s) 'example_branch_dop_operator_v3' retrieved from /home/airflow/.local/lib/python3.12/site-packages/airflow/example_dags/example_branch_python_dop_operator_3.py
[2024-11-01T11:50:10.887+0000] {logging_mixin.py:190} INFO - [2024-11-01T11:50:10.887+0000] {dag.py:3239} INFO - Sync 1 DAGs
[2024-11-01T11:50:10.907+0000] {logging_mixin.py:190} INFO - [2024-11-01T11:50:10.906+0000] {dag.py:4180} INFO - Setting next_dagrun for example_branch_dop_operator_v3 to 2024-11-01 11:49:00+00:00, run_after=2024-11-01 11:50:00+00:00
[2024-11-01T11:50:10.919+0000] {processor.py:208} INFO - Processing /home/airflow/.local/lib/python3.12/site-packages/airflow/example_dags/example_branch_python_dop_operator_3.py took 0.062 seconds
[2024-11-01T11:50:41.459+0000] {processor.py:186} INFO - Started process (PID=3335) to work on /home/airflow/.local/lib/python3.12/site-packages/airflow/example_dags/example_branch_python_dop_operator_3.py
[2024-11-01T11:50:41.461+0000] {processor.py:914} INFO - Processing file /home/airflow/.local/lib/python3.12/site-packages/airflow/example_dags/example_branch_python_dop_operator_3.py for tasks to queue
[2024-11-01T11:50:41.464+0000] {logging_mixin.py:190} INFO - [2024-11-01T11:50:41.463+0000] {dagbag.py:588} INFO - Filling up the DagBag from /home/airflow/.local/lib/python3.12/site-packages/airflow/example_dags/example_branch_python_dop_operator_3.py
[2024-11-01T11:50:41.472+0000] {processor.py:925} INFO - DAG(s) 'example_branch_dop_operator_v3' retrieved from /home/airflow/.local/lib/python3.12/site-packages/airflow/example_dags/example_branch_python_dop_operator_3.py
[2024-11-01T11:50:41.484+0000] {logging_mixin.py:190} INFO - [2024-11-01T11:50:41.483+0000] {dag.py:3239} INFO - Sync 1 DAGs
[2024-11-01T11:50:41.499+0000] {logging_mixin.py:190} INFO - [2024-11-01T11:50:41.499+0000] {dag.py:4180} INFO - Setting next_dagrun for example_branch_dop_operator_v3 to 2024-11-01 11:49:00+00:00, run_after=2024-11-01 11:50:00+00:00
[2024-11-01T11:50:41.510+0000] {processor.py:208} INFO - Processing /home/airflow/.local/lib/python3.12/site-packages/airflow/example_dags/example_branch_python_dop_operator_3.py took 0.055 seconds
[2024-11-01T11:51:12.323+0000] {processor.py:186} INFO - Started process (PID=3400) to work on /home/airflow/.local/lib/python3.12/site-packages/airflow/example_dags/example_branch_python_dop_operator_3.py
[2024-11-01T11:51:12.325+0000] {processor.py:914} INFO - Processing file /home/airflow/.local/lib/python3.12/site-packages/airflow/example_dags/example_branch_python_dop_operator_3.py for tasks to queue
[2024-11-01T11:51:12.328+0000] {logging_mixin.py:190} INFO - [2024-11-01T11:51:12.327+0000] {dagbag.py:588} INFO - Filling up the DagBag from /home/airflow/.local/lib/python3.12/site-packages/airflow/example_dags/example_branch_python_dop_operator_3.py
[2024-11-01T11:51:12.337+0000] {processor.py:925} INFO - DAG(s) 'example_branch_dop_operator_v3' retrieved from /home/airflow/.local/lib/python3.12/site-packages/airflow/example_dags/example_branch_python_dop_operator_3.py
[2024-11-01T11:51:12.348+0000] {logging_mixin.py:190} INFO - [2024-11-01T11:51:12.348+0000] {dag.py:3239} INFO - Sync 1 DAGs
[2024-11-01T11:51:12.363+0000] {logging_mixin.py:190} INFO - [2024-11-01T11:51:12.363+0000] {dag.py:4180} INFO - Setting next_dagrun for example_branch_dop_operator_v3 to 2024-11-01 11:50:00+00:00, run_after=2024-11-01 11:51:00+00:00
[2024-11-01T11:51:12.375+0000] {processor.py:208} INFO - Processing /home/airflow/.local/lib/python3.12/site-packages/airflow/example_dags/example_branch_python_dop_operator_3.py took 0.057 seconds
[2024-11-01T11:51:42.751+0000] {processor.py:186} INFO - Started process (PID=3465) to work on /home/airflow/.local/lib/python3.12/site-packages/airflow/example_dags/example_branch_python_dop_operator_3.py
[2024-11-01T11:51:42.753+0000] {processor.py:914} INFO - Processing file /home/airflow/.local/lib/python3.12/site-packages/airflow/example_dags/example_branch_python_dop_operator_3.py for tasks to queue
[2024-11-01T11:51:42.756+0000] {logging_mixin.py:190} INFO - [2024-11-01T11:51:42.755+0000] {dagbag.py:588} INFO - Filling up the DagBag from /home/airflow/.local/lib/python3.12/site-packages/airflow/example_dags/example_branch_python_dop_operator_3.py
[2024-11-01T11:51:42.764+0000] {processor.py:925} INFO - DAG(s) 'example_branch_dop_operator_v3' retrieved from /home/airflow/.local/lib/python3.12/site-packages/airflow/example_dags/example_branch_python_dop_operator_3.py
[2024-11-01T11:51:42.776+0000] {logging_mixin.py:190} INFO - [2024-11-01T11:51:42.776+0000] {dag.py:3239} INFO - Sync 1 DAGs
[2024-11-01T11:51:42.791+0000] {logging_mixin.py:190} INFO - [2024-11-01T11:51:42.791+0000] {dag.py:4180} INFO - Setting next_dagrun for example_branch_dop_operator_v3 to 2024-11-01 11:50:00+00:00, run_after=2024-11-01 11:51:00+00:00
[2024-11-01T11:51:42.803+0000] {processor.py:208} INFO - Processing /home/airflow/.local/lib/python3.12/site-packages/airflow/example_dags/example_branch_python_dop_operator_3.py took 0.056 seconds
[2024-11-01T11:52:13.270+0000] {processor.py:186} INFO - Started process (PID=3530) to work on /home/airflow/.local/lib/python3.12/site-packages/airflow/example_dags/example_branch_python_dop_operator_3.py
[2024-11-01T11:52:13.271+0000] {processor.py:914} INFO - Processing file /home/airflow/.local/lib/python3.12/site-packages/airflow/example_dags/example_branch_python_dop_operator_3.py for tasks to queue
[2024-11-01T11:52:13.273+0000] {logging_mixin.py:190} INFO - [2024-11-01T11:52:13.272+0000] {dagbag.py:588} INFO - Filling up the DagBag from /home/airflow/.local/lib/python3.12/site-packages/airflow/example_dags/example_branch_python_dop_operator_3.py
[2024-11-01T11:52:13.280+0000] {processor.py:925} INFO - DAG(s) 'example_branch_dop_operator_v3' retrieved from /home/airflow/.local/lib/python3.12/site-packages/airflow/example_dags/example_branch_python_dop_operator_3.py
[2024-11-01T11:52:13.291+0000] {logging_mixin.py:190} INFO - [2024-11-01T11:52:13.291+0000] {dag.py:3239} INFO - Sync 1 DAGs
[2024-11-01T11:52:13.306+0000] {logging_mixin.py:190} INFO - [2024-11-01T11:52:13.306+0000] {dag.py:4180} INFO - Setting next_dagrun for example_branch_dop_operator_v3 to 2024-11-01 11:51:00+00:00, run_after=2024-11-01 11:52:00+00:00
[2024-11-01T11:52:13.318+0000] {processor.py:208} INFO - Processing /home/airflow/.local/lib/python3.12/site-packages/airflow/example_dags/example_branch_python_dop_operator_3.py took 0.052 seconds
[2024-11-01T11:52:43.709+0000] {processor.py:186} INFO - Started process (PID=3595) to work on /home/airflow/.local/lib/python3.12/site-packages/airflow/example_dags/example_branch_python_dop_operator_3.py
[2024-11-01T11:52:43.711+0000] {processor.py:914} INFO - Processing file /home/airflow/.local/lib/python3.12/site-packages/airflow/example_dags/example_branch_python_dop_operator_3.py for tasks to queue
[2024-11-01T11:52:43.713+0000] {logging_mixin.py:190} INFO - [2024-11-01T11:52:43.712+0000] {dagbag.py:588} INFO - Filling up the DagBag from /home/airflow/.local/lib/python3.12/site-packages/airflow/example_dags/example_branch_python_dop_operator_3.py
[2024-11-01T11:52:43.722+0000] {processor.py:925} INFO - DAG(s) 'example_branch_dop_operator_v3' retrieved from /home/airflow/.local/lib/python3.12/site-packages/airflow/example_dags/example_branch_python_dop_operator_3.py
[2024-11-01T11:52:43.734+0000] {logging_mixin.py:190} INFO - [2024-11-01T11:52:43.734+0000] {dag.py:3239} INFO - Sync 1 DAGs
[2024-11-01T11:52:43.750+0000] {logging_mixin.py:190} INFO - [2024-11-01T11:52:43.750+0000] {dag.py:4180} INFO - Setting next_dagrun for example_branch_dop_operator_v3 to 2024-11-01 11:51:00+00:00, run_after=2024-11-01 11:52:00+00:00
[2024-11-01T11:52:43.763+0000] {processor.py:208} INFO - Processing /home/airflow/.local/lib/python3.12/site-packages/airflow/example_dags/example_branch_python_dop_operator_3.py took 0.058 seconds
[2024-11-01T11:53:14.148+0000] {processor.py:186} INFO - Started process (PID=3660) to work on /home/airflow/.local/lib/python3.12/site-packages/airflow/example_dags/example_branch_python_dop_operator_3.py
[2024-11-01T11:53:14.150+0000] {processor.py:914} INFO - Processing file /home/airflow/.local/lib/python3.12/site-packages/airflow/example_dags/example_branch_python_dop_operator_3.py for tasks to queue
[2024-11-01T11:53:14.153+0000] {logging_mixin.py:190} INFO - [2024-11-01T11:53:14.153+0000] {dagbag.py:588} INFO - Filling up the DagBag from /home/airflow/.local/lib/python3.12/site-packages/airflow/example_dags/example_branch_python_dop_operator_3.py
[2024-11-01T11:53:14.162+0000] {processor.py:925} INFO - DAG(s) 'example_branch_dop_operator_v3' retrieved from /home/airflow/.local/lib/python3.12/site-packages/airflow/example_dags/example_branch_python_dop_operator_3.py
[2024-11-01T11:53:14.174+0000] {logging_mixin.py:190} INFO - [2024-11-01T11:53:14.173+0000] {dag.py:3239} INFO - Sync 1 DAGs
[2024-11-01T11:53:14.189+0000] {logging_mixin.py:190} INFO - [2024-11-01T11:53:14.189+0000] {dag.py:4180} INFO - Setting next_dagrun for example_branch_dop_operator_v3 to 2024-11-01 11:52:00+00:00, run_after=2024-11-01 11:53:00+00:00
[2024-11-01T11:53:14.202+0000] {processor.py:208} INFO - Processing /home/airflow/.local/lib/python3.12/site-packages/airflow/example_dags/example_branch_python_dop_operator_3.py took 0.059 seconds
[2024-11-01T11:53:44.567+0000] {processor.py:186} INFO - Started process (PID=3725) to work on /home/airflow/.local/lib/python3.12/site-packages/airflow/example_dags/example_branch_python_dop_operator_3.py
[2024-11-01T11:53:44.569+0000] {processor.py:914} INFO - Processing file /home/airflow/.local/lib/python3.12/site-packages/airflow/example_dags/example_branch_python_dop_operator_3.py for tasks to queue
[2024-11-01T11:53:44.572+0000] {logging_mixin.py:190} INFO - [2024-11-01T11:53:44.571+0000] {dagbag.py:588} INFO - Filling up the DagBag from /home/airflow/.local/lib/python3.12/site-packages/airflow/example_dags/example_branch_python_dop_operator_3.py
[2024-11-01T11:53:44.581+0000] {processor.py:925} INFO - DAG(s) 'example_branch_dop_operator_v3' retrieved from /home/airflow/.local/lib/python3.12/site-packages/airflow/example_dags/example_branch_python_dop_operator_3.py
[2024-11-01T11:53:44.592+0000] {logging_mixin.py:190} INFO - [2024-11-01T11:53:44.592+0000] {dag.py:3239} INFO - Sync 1 DAGs
[2024-11-01T11:53:44.607+0000] {logging_mixin.py:190} INFO - [2024-11-01T11:53:44.607+0000] {dag.py:4180} INFO - Setting next_dagrun for example_branch_dop_operator_v3 to 2024-11-01 11:52:00+00:00, run_after=2024-11-01 11:53:00+00:00
[2024-11-01T11:53:44.619+0000] {processor.py:208} INFO - Processing /home/airflow/.local/lib/python3.12/site-packages/airflow/example_dags/example_branch_python_dop_operator_3.py took 0.058 seconds
[2024-11-01T11:54:14.966+0000] {processor.py:186} INFO - Started process (PID=3790) to work on /home/airflow/.local/lib/python3.12/site-packages/airflow/example_dags/example_branch_python_dop_operator_3.py
[2024-11-01T11:54:14.967+0000] {processor.py:914} INFO - Processing file /home/airflow/.local/lib/python3.12/site-packages/airflow/example_dags/example_branch_python_dop_operator_3.py for tasks to queue
[2024-11-01T11:54:14.971+0000] {logging_mixin.py:190} INFO - [2024-11-01T11:54:14.970+0000] {dagbag.py:588} INFO - Filling up the DagBag from /home/airflow/.local/lib/python3.12/site-packages/airflow/example_dags/example_branch_python_dop_operator_3.py
[2024-11-01T11:54:14.979+0000] {processor.py:925} INFO - DAG(s) 'example_branch_dop_operator_v3' retrieved from /home/airflow/.local/lib/python3.12/site-packages/airflow/example_dags/example_branch_python_dop_operator_3.py
[2024-11-01T11:54:14.991+0000] {logging_mixin.py:190} INFO - [2024-11-01T11:54:14.991+0000] {dag.py:3239} INFO - Sync 1 DAGs
[2024-11-01T11:54:15.009+0000] {logging_mixin.py:190} INFO - [2024-11-01T11:54:15.009+0000] {dag.py:4180} INFO - Setting next_dagrun for example_branch_dop_operator_v3 to 2024-11-01 11:53:00+00:00, run_after=2024-11-01 11:54:00+00:00
[2024-11-01T11:54:15.021+0000] {processor.py:208} INFO - Processing /home/airflow/.local/lib/python3.12/site-packages/airflow/example_dags/example_branch_python_dop_operator_3.py took 0.061 seconds
[2024-11-01T11:54:45.467+0000] {processor.py:186} INFO - Started process (PID=3855) to work on /home/airflow/.local/lib/python3.12/site-packages/airflow/example_dags/example_branch_python_dop_operator_3.py
[2024-11-01T11:54:45.468+0000] {processor.py:914} INFO - Processing file /home/airflow/.local/lib/python3.12/site-packages/airflow/example_dags/example_branch_python_dop_operator_3.py for tasks to queue
[2024-11-01T11:54:45.471+0000] {logging_mixin.py:190} INFO - [2024-11-01T11:54:45.470+0000] {dagbag.py:588} INFO - Filling up the DagBag from /home/airflow/.local/lib/python3.12/site-packages/airflow/example_dags/example_branch_python_dop_operator_3.py
[2024-11-01T11:54:45.478+0000] {processor.py:925} INFO - DAG(s) 'example_branch_dop_operator_v3' retrieved from /home/airflow/.local/lib/python3.12/site-packages/airflow/example_dags/example_branch_python_dop_operator_3.py
[2024-11-01T11:54:45.491+0000] {logging_mixin.py:190} INFO - [2024-11-01T11:54:45.490+0000] {dag.py:3239} INFO - Sync 1 DAGs
[2024-11-01T11:54:45.507+0000] {logging_mixin.py:190} INFO - [2024-11-01T11:54:45.507+0000] {dag.py:4180} INFO - Setting next_dagrun for example_branch_dop_operator_v3 to 2024-11-01 11:53:00+00:00, run_after=2024-11-01 11:54:00+00:00
[2024-11-01T11:54:45.521+0000] {processor.py:208} INFO - Processing /home/airflow/.local/lib/python3.12/site-packages/airflow/example_dags/example_branch_python_dop_operator_3.py took 0.058 seconds
[2024-11-01T11:55:16.020+0000] {processor.py:186} INFO - Started process (PID=3920) to work on /home/airflow/.local/lib/python3.12/site-packages/airflow/example_dags/example_branch_python_dop_operator_3.py
[2024-11-01T11:55:16.021+0000] {processor.py:914} INFO - Processing file /home/airflow/.local/lib/python3.12/site-packages/airflow/example_dags/example_branch_python_dop_operator_3.py for tasks to queue
[2024-11-01T11:55:16.022+0000] {logging_mixin.py:190} INFO - [2024-11-01T11:55:16.022+0000] {dagbag.py:588} INFO - Filling up the DagBag from /home/airflow/.local/lib/python3.12/site-packages/airflow/example_dags/example_branch_python_dop_operator_3.py
[2024-11-01T11:55:16.030+0000] {processor.py:925} INFO - DAG(s) 'example_branch_dop_operator_v3' retrieved from /home/airflow/.local/lib/python3.12/site-packages/airflow/example_dags/example_branch_python_dop_operator_3.py
[2024-11-01T11:55:16.044+0000] {logging_mixin.py:190} INFO - [2024-11-01T11:55:16.043+0000] {dag.py:3239} INFO - Sync 1 DAGs
[2024-11-01T11:55:16.059+0000] {logging_mixin.py:190} INFO - [2024-11-01T11:55:16.059+0000] {dag.py:4180} INFO - Setting next_dagrun for example_branch_dop_operator_v3 to 2024-11-01 11:54:00+00:00, run_after=2024-11-01 11:55:00+00:00
[2024-11-01T11:55:16.073+0000] {processor.py:208} INFO - Processing /home/airflow/.local/lib/python3.12/site-packages/airflow/example_dags/example_branch_python_dop_operator_3.py took 0.058 seconds
[2024-11-01T11:55:46.597+0000] {processor.py:186} INFO - Started process (PID=3992) to work on /home/airflow/.local/lib/python3.12/site-packages/airflow/example_dags/example_branch_python_dop_operator_3.py
[2024-11-01T11:55:46.599+0000] {processor.py:914} INFO - Processing file /home/airflow/.local/lib/python3.12/site-packages/airflow/example_dags/example_branch_python_dop_operator_3.py for tasks to queue
[2024-11-01T11:55:46.600+0000] {logging_mixin.py:190} INFO - [2024-11-01T11:55:46.600+0000] {dagbag.py:588} INFO - Filling up the DagBag from /home/airflow/.local/lib/python3.12/site-packages/airflow/example_dags/example_branch_python_dop_operator_3.py
[2024-11-01T11:55:46.606+0000] {processor.py:925} INFO - DAG(s) 'example_branch_dop_operator_v3' retrieved from /home/airflow/.local/lib/python3.12/site-packages/airflow/example_dags/example_branch_python_dop_operator_3.py
[2024-11-01T11:55:46.618+0000] {logging_mixin.py:190} INFO - [2024-11-01T11:55:46.618+0000] {dag.py:3239} INFO - Sync 1 DAGs
[2024-11-01T11:55:46.634+0000] {logging_mixin.py:190} INFO - [2024-11-01T11:55:46.633+0000] {dag.py:4180} INFO - Setting next_dagrun for example_branch_dop_operator_v3 to 2024-11-01 11:54:00+00:00, run_after=2024-11-01 11:55:00+00:00
[2024-11-01T11:55:46.647+0000] {processor.py:208} INFO - Processing /home/airflow/.local/lib/python3.12/site-packages/airflow/example_dags/example_branch_python_dop_operator_3.py took 0.053 seconds
[2024-11-01T11:56:16.800+0000] {processor.py:186} INFO - Started process (PID=4057) to work on /home/airflow/.local/lib/python3.12/site-packages/airflow/example_dags/example_branch_python_dop_operator_3.py
[2024-11-01T11:56:16.801+0000] {processor.py:914} INFO - Processing file /home/airflow/.local/lib/python3.12/site-packages/airflow/example_dags/example_branch_python_dop_operator_3.py for tasks to queue
[2024-11-01T11:56:16.802+0000] {logging_mixin.py:190} INFO - [2024-11-01T11:56:16.802+0000] {dagbag.py:588} INFO - Filling up the DagBag from /home/airflow/.local/lib/python3.12/site-packages/airflow/example_dags/example_branch_python_dop_operator_3.py
[2024-11-01T11:56:16.809+0000] {processor.py:925} INFO - DAG(s) 'example_branch_dop_operator_v3' retrieved from /home/airflow/.local/lib/python3.12/site-packages/airflow/example_dags/example_branch_python_dop_operator_3.py
[2024-11-01T11:56:16.821+0000] {logging_mixin.py:190} INFO - [2024-11-01T11:56:16.821+0000] {dag.py:3239} INFO - Sync 1 DAGs
[2024-11-01T11:56:16.837+0000] {logging_mixin.py:190} INFO - [2024-11-01T11:56:16.837+0000] {dag.py:4180} INFO - Setting next_dagrun for example_branch_dop_operator_v3 to 2024-11-01 11:55:00+00:00, run_after=2024-11-01 11:56:00+00:00
[2024-11-01T11:56:16.852+0000] {processor.py:208} INFO - Processing /home/airflow/.local/lib/python3.12/site-packages/airflow/example_dags/example_branch_python_dop_operator_3.py took 0.055 seconds
[2024-11-01T11:56:47.631+0000] {processor.py:186} INFO - Started process (PID=4122) to work on /home/airflow/.local/lib/python3.12/site-packages/airflow/example_dags/example_branch_python_dop_operator_3.py
[2024-11-01T11:56:47.633+0000] {processor.py:914} INFO - Processing file /home/airflow/.local/lib/python3.12/site-packages/airflow/example_dags/example_branch_python_dop_operator_3.py for tasks to queue
[2024-11-01T11:56:47.635+0000] {logging_mixin.py:190} INFO - [2024-11-01T11:56:47.634+0000] {dagbag.py:588} INFO - Filling up the DagBag from /home/airflow/.local/lib/python3.12/site-packages/airflow/example_dags/example_branch_python_dop_operator_3.py
[2024-11-01T11:56:47.644+0000] {processor.py:925} INFO - DAG(s) 'example_branch_dop_operator_v3' retrieved from /home/airflow/.local/lib/python3.12/site-packages/airflow/example_dags/example_branch_python_dop_operator_3.py
[2024-11-01T11:56:47.657+0000] {logging_mixin.py:190} INFO - [2024-11-01T11:56:47.657+0000] {dag.py:3239} INFO - Sync 1 DAGs
[2024-11-01T11:56:47.676+0000] {logging_mixin.py:190} INFO - [2024-11-01T11:56:47.676+0000] {dag.py:4180} INFO - Setting next_dagrun for example_branch_dop_operator_v3 to 2024-11-01 11:55:00+00:00, run_after=2024-11-01 11:56:00+00:00
[2024-11-01T11:56:47.688+0000] {processor.py:208} INFO - Processing /home/airflow/.local/lib/python3.12/site-packages/airflow/example_dags/example_branch_python_dop_operator_3.py took 0.062 seconds
[2024-11-01T11:57:18.001+0000] {processor.py:186} INFO - Started process (PID=4187) to work on /home/airflow/.local/lib/python3.12/site-packages/airflow/example_dags/example_branch_python_dop_operator_3.py
[2024-11-01T11:57:18.002+0000] {processor.py:914} INFO - Processing file /home/airflow/.local/lib/python3.12/site-packages/airflow/example_dags/example_branch_python_dop_operator_3.py for tasks to queue
[2024-11-01T11:57:18.003+0000] {logging_mixin.py:190} INFO - [2024-11-01T11:57:18.003+0000] {dagbag.py:588} INFO - Filling up the DagBag from /home/airflow/.local/lib/python3.12/site-packages/airflow/example_dags/example_branch_python_dop_operator_3.py
[2024-11-01T11:57:18.009+0000] {processor.py:925} INFO - DAG(s) 'example_branch_dop_operator_v3' retrieved from /home/airflow/.local/lib/python3.12/site-packages/airflow/example_dags/example_branch_python_dop_operator_3.py
[2024-11-01T11:57:18.022+0000] {logging_mixin.py:190} INFO - [2024-11-01T11:57:18.021+0000] {dag.py:3239} INFO - Sync 1 DAGs
[2024-11-01T11:57:18.038+0000] {logging_mixin.py:190} INFO - [2024-11-01T11:57:18.038+0000] {dag.py:4180} INFO - Setting next_dagrun for example_branch_dop_operator_v3 to 2024-11-01 11:56:00+00:00, run_after=2024-11-01 11:57:00+00:00
[2024-11-01T11:57:18.052+0000] {processor.py:208} INFO - Processing /home/airflow/.local/lib/python3.12/site-packages/airflow/example_dags/example_branch_python_dop_operator_3.py took 0.055 seconds
[2024-11-01T11:57:48.540+0000] {processor.py:186} INFO - Started process (PID=4252) to work on /home/airflow/.local/lib/python3.12/site-packages/airflow/example_dags/example_branch_python_dop_operator_3.py
[2024-11-01T11:57:48.541+0000] {processor.py:914} INFO - Processing file /home/airflow/.local/lib/python3.12/site-packages/airflow/example_dags/example_branch_python_dop_operator_3.py for tasks to queue
[2024-11-01T11:57:48.542+0000] {logging_mixin.py:190} INFO - [2024-11-01T11:57:48.542+0000] {dagbag.py:588} INFO - Filling up the DagBag from /home/airflow/.local/lib/python3.12/site-packages/airflow/example_dags/example_branch_python_dop_operator_3.py
[2024-11-01T11:57:48.548+0000] {processor.py:925} INFO - DAG(s) 'example_branch_dop_operator_v3' retrieved from /home/airflow/.local/lib/python3.12/site-packages/airflow/example_dags/example_branch_python_dop_operator_3.py
[2024-11-01T11:57:48.560+0000] {logging_mixin.py:190} INFO - [2024-11-01T11:57:48.560+0000] {dag.py:3239} INFO - Sync 1 DAGs
[2024-11-01T11:57:48.577+0000] {logging_mixin.py:190} INFO - [2024-11-01T11:57:48.577+0000] {dag.py:4180} INFO - Setting next_dagrun for example_branch_dop_operator_v3 to 2024-11-01 11:56:00+00:00, run_after=2024-11-01 11:57:00+00:00
[2024-11-01T11:57:48.590+0000] {processor.py:208} INFO - Processing /home/airflow/.local/lib/python3.12/site-packages/airflow/example_dags/example_branch_python_dop_operator_3.py took 0.053 seconds
[2024-11-01T11:58:19.266+0000] {processor.py:186} INFO - Started process (PID=4316) to work on /home/airflow/.local/lib/python3.12/site-packages/airflow/example_dags/example_branch_python_dop_operator_3.py
[2024-11-01T11:58:19.268+0000] {processor.py:914} INFO - Processing file /home/airflow/.local/lib/python3.12/site-packages/airflow/example_dags/example_branch_python_dop_operator_3.py for tasks to queue
[2024-11-01T11:58:19.269+0000] {logging_mixin.py:190} INFO - [2024-11-01T11:58:19.269+0000] {dagbag.py:588} INFO - Filling up the DagBag from /home/airflow/.local/lib/python3.12/site-packages/airflow/example_dags/example_branch_python_dop_operator_3.py
[2024-11-01T11:58:19.277+0000] {processor.py:925} INFO - DAG(s) 'example_branch_dop_operator_v3' retrieved from /home/airflow/.local/lib/python3.12/site-packages/airflow/example_dags/example_branch_python_dop_operator_3.py
[2024-11-01T11:58:19.289+0000] {logging_mixin.py:190} INFO - [2024-11-01T11:58:19.289+0000] {dag.py:3239} INFO - Sync 1 DAGs
[2024-11-01T11:58:19.305+0000] {logging_mixin.py:190} INFO - [2024-11-01T11:58:19.304+0000] {dag.py:4180} INFO - Setting next_dagrun for example_branch_dop_operator_v3 to 2024-11-01 11:57:00+00:00, run_after=2024-11-01 11:58:00+00:00
[2024-11-01T11:58:19.317+0000] {processor.py:208} INFO - Processing /home/airflow/.local/lib/python3.12/site-packages/airflow/example_dags/example_branch_python_dop_operator_3.py took 0.054 seconds
[2024-11-01T11:58:49.566+0000] {processor.py:186} INFO - Started process (PID=4381) to work on /home/airflow/.local/lib/python3.12/site-packages/airflow/example_dags/example_branch_python_dop_operator_3.py
[2024-11-01T11:58:49.568+0000] {processor.py:914} INFO - Processing file /home/airflow/.local/lib/python3.12/site-packages/airflow/example_dags/example_branch_python_dop_operator_3.py for tasks to queue
[2024-11-01T11:58:49.572+0000] {logging_mixin.py:190} INFO - [2024-11-01T11:58:49.571+0000] {dagbag.py:588} INFO - Filling up the DagBag from /home/airflow/.local/lib/python3.12/site-packages/airflow/example_dags/example_branch_python_dop_operator_3.py
[2024-11-01T11:58:49.580+0000] {processor.py:925} INFO - DAG(s) 'example_branch_dop_operator_v3' retrieved from /home/airflow/.local/lib/python3.12/site-packages/airflow/example_dags/example_branch_python_dop_operator_3.py
[2024-11-01T11:58:49.593+0000] {logging_mixin.py:190} INFO - [2024-11-01T11:58:49.593+0000] {dag.py:3239} INFO - Sync 1 DAGs
[2024-11-01T11:58:49.612+0000] {logging_mixin.py:190} INFO - [2024-11-01T11:58:49.611+0000] {dag.py:4180} INFO - Setting next_dagrun for example_branch_dop_operator_v3 to 2024-11-01 11:57:00+00:00, run_after=2024-11-01 11:58:00+00:00
[2024-11-01T11:58:49.623+0000] {processor.py:208} INFO - Processing /home/airflow/.local/lib/python3.12/site-packages/airflow/example_dags/example_branch_python_dop_operator_3.py took 0.063 seconds
[2024-11-01T11:59:20.228+0000] {processor.py:186} INFO - Started process (PID=4446) to work on /home/airflow/.local/lib/python3.12/site-packages/airflow/example_dags/example_branch_python_dop_operator_3.py
[2024-11-01T11:59:20.230+0000] {processor.py:914} INFO - Processing file /home/airflow/.local/lib/python3.12/site-packages/airflow/example_dags/example_branch_python_dop_operator_3.py for tasks to queue
[2024-11-01T11:59:20.232+0000] {logging_mixin.py:190} INFO - [2024-11-01T11:59:20.231+0000] {dagbag.py:588} INFO - Filling up the DagBag from /home/airflow/.local/lib/python3.12/site-packages/airflow/example_dags/example_branch_python_dop_operator_3.py
[2024-11-01T11:59:20.238+0000] {processor.py:925} INFO - DAG(s) 'example_branch_dop_operator_v3' retrieved from /home/airflow/.local/lib/python3.12/site-packages/airflow/example_dags/example_branch_python_dop_operator_3.py
[2024-11-01T11:59:20.250+0000] {logging_mixin.py:190} INFO - [2024-11-01T11:59:20.250+0000] {dag.py:3239} INFO - Sync 1 DAGs
[2024-11-01T11:59:20.265+0000] {logging_mixin.py:190} INFO - [2024-11-01T11:59:20.265+0000] {dag.py:4180} INFO - Setting next_dagrun for example_branch_dop_operator_v3 to 2024-11-01 11:58:00+00:00, run_after=2024-11-01 11:59:00+00:00
[2024-11-01T11:59:20.277+0000] {processor.py:208} INFO - Processing /home/airflow/.local/lib/python3.12/site-packages/airflow/example_dags/example_branch_python_dop_operator_3.py took 0.056 seconds
[2024-11-01T11:59:50.882+0000] {processor.py:186} INFO - Started process (PID=4511) to work on /home/airflow/.local/lib/python3.12/site-packages/airflow/example_dags/example_branch_python_dop_operator_3.py
[2024-11-01T11:59:50.884+0000] {processor.py:914} INFO - Processing file /home/airflow/.local/lib/python3.12/site-packages/airflow/example_dags/example_branch_python_dop_operator_3.py for tasks to queue
[2024-11-01T11:59:50.886+0000] {logging_mixin.py:190} INFO - [2024-11-01T11:59:50.885+0000] {dagbag.py:588} INFO - Filling up the DagBag from /home/airflow/.local/lib/python3.12/site-packages/airflow/example_dags/example_branch_python_dop_operator_3.py
[2024-11-01T11:59:50.894+0000] {processor.py:925} INFO - DAG(s) 'example_branch_dop_operator_v3' retrieved from /home/airflow/.local/lib/python3.12/site-packages/airflow/example_dags/example_branch_python_dop_operator_3.py
[2024-11-01T11:59:50.906+0000] {logging_mixin.py:190} INFO - [2024-11-01T11:59:50.906+0000] {dag.py:3239} INFO - Sync 1 DAGs
[2024-11-01T11:59:50.921+0000] {logging_mixin.py:190} INFO - [2024-11-01T11:59:50.921+0000] {dag.py:4180} INFO - Setting next_dagrun for example_branch_dop_operator_v3 to 2024-11-01 11:58:00+00:00, run_after=2024-11-01 11:59:00+00:00
[2024-11-01T11:59:50.933+0000] {processor.py:208} INFO - Processing /home/airflow/.local/lib/python3.12/site-packages/airflow/example_dags/example_branch_python_dop_operator_3.py took 0.056 seconds
[2024-11-01T12:00:21.029+0000] {processor.py:186} INFO - Started process (PID=4576) to work on /home/airflow/.local/lib/python3.12/site-packages/airflow/example_dags/example_branch_python_dop_operator_3.py
[2024-11-01T12:00:21.032+0000] {processor.py:914} INFO - Processing file /home/airflow/.local/lib/python3.12/site-packages/airflow/example_dags/example_branch_python_dop_operator_3.py for tasks to queue
[2024-11-01T12:00:21.035+0000] {logging_mixin.py:190} INFO - [2024-11-01T12:00:21.034+0000] {dagbag.py:588} INFO - Filling up the DagBag from /home/airflow/.local/lib/python3.12/site-packages/airflow/example_dags/example_branch_python_dop_operator_3.py
[2024-11-01T12:00:21.044+0000] {processor.py:925} INFO - DAG(s) 'example_branch_dop_operator_v3' retrieved from /home/airflow/.local/lib/python3.12/site-packages/airflow/example_dags/example_branch_python_dop_operator_3.py
[2024-11-01T12:00:21.057+0000] {logging_mixin.py:190} INFO - [2024-11-01T12:00:21.057+0000] {dag.py:3239} INFO - Sync 1 DAGs
[2024-11-01T12:00:21.075+0000] {logging_mixin.py:190} INFO - [2024-11-01T12:00:21.075+0000] {dag.py:4180} INFO - Setting next_dagrun for example_branch_dop_operator_v3 to 2024-11-01 11:59:00+00:00, run_after=2024-11-01 12:00:00+00:00
[2024-11-01T12:00:21.088+0000] {processor.py:208} INFO - Processing /home/airflow/.local/lib/python3.12/site-packages/airflow/example_dags/example_branch_python_dop_operator_3.py took 0.064 seconds
[2024-11-01T12:00:51.409+0000] {processor.py:186} INFO - Started process (PID=4641) to work on /home/airflow/.local/lib/python3.12/site-packages/airflow/example_dags/example_branch_python_dop_operator_3.py
[2024-11-01T12:00:51.411+0000] {processor.py:914} INFO - Processing file /home/airflow/.local/lib/python3.12/site-packages/airflow/example_dags/example_branch_python_dop_operator_3.py for tasks to queue
[2024-11-01T12:00:51.415+0000] {logging_mixin.py:190} INFO - [2024-11-01T12:00:51.414+0000] {dagbag.py:588} INFO - Filling up the DagBag from /home/airflow/.local/lib/python3.12/site-packages/airflow/example_dags/example_branch_python_dop_operator_3.py
[2024-11-01T12:00:51.423+0000] {processor.py:925} INFO - DAG(s) 'example_branch_dop_operator_v3' retrieved from /home/airflow/.local/lib/python3.12/site-packages/airflow/example_dags/example_branch_python_dop_operator_3.py
[2024-11-01T12:00:51.435+0000] {logging_mixin.py:190} INFO - [2024-11-01T12:00:51.435+0000] {dag.py:3239} INFO - Sync 1 DAGs
[2024-11-01T12:00:51.450+0000] {logging_mixin.py:190} INFO - [2024-11-01T12:00:51.450+0000] {dag.py:4180} INFO - Setting next_dagrun for example_branch_dop_operator_v3 to 2024-11-01 11:59:00+00:00, run_after=2024-11-01 12:00:00+00:00
[2024-11-01T12:00:51.462+0000] {processor.py:208} INFO - Processing /home/airflow/.local/lib/python3.12/site-packages/airflow/example_dags/example_branch_python_dop_operator_3.py took 0.059 seconds
[2024-11-01T12:01:21.786+0000] {processor.py:186} INFO - Started process (PID=4706) to work on /home/airflow/.local/lib/python3.12/site-packages/airflow/example_dags/example_branch_python_dop_operator_3.py
[2024-11-01T12:01:21.786+0000] {processor.py:914} INFO - Processing file /home/airflow/.local/lib/python3.12/site-packages/airflow/example_dags/example_branch_python_dop_operator_3.py for tasks to queue
[2024-11-01T12:01:21.788+0000] {logging_mixin.py:190} INFO - [2024-11-01T12:01:21.787+0000] {dagbag.py:588} INFO - Filling up the DagBag from /home/airflow/.local/lib/python3.12/site-packages/airflow/example_dags/example_branch_python_dop_operator_3.py
[2024-11-01T12:01:21.794+0000] {processor.py:925} INFO - DAG(s) 'example_branch_dop_operator_v3' retrieved from /home/airflow/.local/lib/python3.12/site-packages/airflow/example_dags/example_branch_python_dop_operator_3.py
[2024-11-01T12:01:21.806+0000] {logging_mixin.py:190} INFO - [2024-11-01T12:01:21.806+0000] {dag.py:3239} INFO - Sync 1 DAGs
[2024-11-01T12:01:21.821+0000] {logging_mixin.py:190} INFO - [2024-11-01T12:01:21.821+0000] {dag.py:4180} INFO - Setting next_dagrun for example_branch_dop_operator_v3 to 2024-11-01 12:00:00+00:00, run_after=2024-11-01 12:01:00+00:00
[2024-11-01T12:01:21.833+0000] {processor.py:208} INFO - Processing /home/airflow/.local/lib/python3.12/site-packages/airflow/example_dags/example_branch_python_dop_operator_3.py took 0.053 seconds
[2024-11-01T12:01:52.224+0000] {processor.py:186} INFO - Started process (PID=4771) to work on /home/airflow/.local/lib/python3.12/site-packages/airflow/example_dags/example_branch_python_dop_operator_3.py
[2024-11-01T12:01:52.226+0000] {processor.py:914} INFO - Processing file /home/airflow/.local/lib/python3.12/site-packages/airflow/example_dags/example_branch_python_dop_operator_3.py for tasks to queue
[2024-11-01T12:01:52.229+0000] {logging_mixin.py:190} INFO - [2024-11-01T12:01:52.228+0000] {dagbag.py:588} INFO - Filling up the DagBag from /home/airflow/.local/lib/python3.12/site-packages/airflow/example_dags/example_branch_python_dop_operator_3.py
[2024-11-01T12:01:52.238+0000] {processor.py:925} INFO - DAG(s) 'example_branch_dop_operator_v3' retrieved from /home/airflow/.local/lib/python3.12/site-packages/airflow/example_dags/example_branch_python_dop_operator_3.py
[2024-11-01T12:01:52.252+0000] {logging_mixin.py:190} INFO - [2024-11-01T12:01:52.252+0000] {dag.py:3239} INFO - Sync 1 DAGs
[2024-11-01T12:01:52.269+0000] {logging_mixin.py:190} INFO - [2024-11-01T12:01:52.268+0000] {dag.py:4180} INFO - Setting next_dagrun for example_branch_dop_operator_v3 to 2024-11-01 12:00:00+00:00, run_after=2024-11-01 12:01:00+00:00
[2024-11-01T12:01:52.281+0000] {processor.py:208} INFO - Processing /home/airflow/.local/lib/python3.12/site-packages/airflow/example_dags/example_branch_python_dop_operator_3.py took 0.061 seconds
[2024-11-01T12:02:22.552+0000] {processor.py:186} INFO - Started process (PID=4837) to work on /home/airflow/.local/lib/python3.12/site-packages/airflow/example_dags/example_branch_python_dop_operator_3.py
[2024-11-01T12:02:22.552+0000] {processor.py:914} INFO - Processing file /home/airflow/.local/lib/python3.12/site-packages/airflow/example_dags/example_branch_python_dop_operator_3.py for tasks to queue
[2024-11-01T12:02:22.553+0000] {logging_mixin.py:190} INFO - [2024-11-01T12:02:22.553+0000] {dagbag.py:588} INFO - Filling up the DagBag from /home/airflow/.local/lib/python3.12/site-packages/airflow/example_dags/example_branch_python_dop_operator_3.py
[2024-11-01T12:02:22.559+0000] {processor.py:925} INFO - DAG(s) 'example_branch_dop_operator_v3' retrieved from /home/airflow/.local/lib/python3.12/site-packages/airflow/example_dags/example_branch_python_dop_operator_3.py
[2024-11-01T12:02:22.572+0000] {logging_mixin.py:190} INFO - [2024-11-01T12:02:22.572+0000] {dag.py:3239} INFO - Sync 1 DAGs
[2024-11-01T12:02:22.587+0000] {logging_mixin.py:190} INFO - [2024-11-01T12:02:22.587+0000] {dag.py:4180} INFO - Setting next_dagrun for example_branch_dop_operator_v3 to 2024-11-01 12:01:00+00:00, run_after=2024-11-01 12:02:00+00:00
[2024-11-01T12:02:22.599+0000] {processor.py:208} INFO - Processing /home/airflow/.local/lib/python3.12/site-packages/airflow/example_dags/example_branch_python_dop_operator_3.py took 0.053 seconds
[2024-11-01T12:02:53.015+0000] {processor.py:186} INFO - Started process (PID=4902) to work on /home/airflow/.local/lib/python3.12/site-packages/airflow/example_dags/example_branch_python_dop_operator_3.py
[2024-11-01T12:02:53.015+0000] {processor.py:914} INFO - Processing file /home/airflow/.local/lib/python3.12/site-packages/airflow/example_dags/example_branch_python_dop_operator_3.py for tasks to queue
[2024-11-01T12:02:53.018+0000] {logging_mixin.py:190} INFO - [2024-11-01T12:02:53.017+0000] {dagbag.py:588} INFO - Filling up the DagBag from /home/airflow/.local/lib/python3.12/site-packages/airflow/example_dags/example_branch_python_dop_operator_3.py
[2024-11-01T12:02:53.026+0000] {processor.py:925} INFO - DAG(s) 'example_branch_dop_operator_v3' retrieved from /home/airflow/.local/lib/python3.12/site-packages/airflow/example_dags/example_branch_python_dop_operator_3.py
[2024-11-01T12:02:53.038+0000] {logging_mixin.py:190} INFO - [2024-11-01T12:02:53.038+0000] {dag.py:3239} INFO - Sync 1 DAGs
[2024-11-01T12:02:53.053+0000] {logging_mixin.py:190} INFO - [2024-11-01T12:02:53.053+0000] {dag.py:4180} INFO - Setting next_dagrun for example_branch_dop_operator_v3 to 2024-11-01 12:01:00+00:00, run_after=2024-11-01 12:02:00+00:00
[2024-11-01T12:02:53.066+0000] {processor.py:208} INFO - Processing /home/airflow/.local/lib/python3.12/site-packages/airflow/example_dags/example_branch_python_dop_operator_3.py took 0.055 seconds
[2024-11-01T12:03:23.407+0000] {processor.py:186} INFO - Started process (PID=4967) to work on /home/airflow/.local/lib/python3.12/site-packages/airflow/example_dags/example_branch_python_dop_operator_3.py
[2024-11-01T12:03:23.409+0000] {processor.py:914} INFO - Processing file /home/airflow/.local/lib/python3.12/site-packages/airflow/example_dags/example_branch_python_dop_operator_3.py for tasks to queue
[2024-11-01T12:03:23.410+0000] {logging_mixin.py:190} INFO - [2024-11-01T12:03:23.410+0000] {dagbag.py:588} INFO - Filling up the DagBag from /home/airflow/.local/lib/python3.12/site-packages/airflow/example_dags/example_branch_python_dop_operator_3.py
[2024-11-01T12:03:23.418+0000] {processor.py:925} INFO - DAG(s) 'example_branch_dop_operator_v3' retrieved from /home/airflow/.local/lib/python3.12/site-packages/airflow/example_dags/example_branch_python_dop_operator_3.py
[2024-11-01T12:03:23.430+0000] {logging_mixin.py:190} INFO - [2024-11-01T12:03:23.430+0000] {dag.py:3239} INFO - Sync 1 DAGs
[2024-11-01T12:03:23.445+0000] {logging_mixin.py:190} INFO - [2024-11-01T12:03:23.445+0000] {dag.py:4180} INFO - Setting next_dagrun for example_branch_dop_operator_v3 to 2024-11-01 12:02:00+00:00, run_after=2024-11-01 12:03:00+00:00
[2024-11-01T12:03:23.457+0000] {processor.py:208} INFO - Processing /home/airflow/.local/lib/python3.12/site-packages/airflow/example_dags/example_branch_python_dop_operator_3.py took 0.054 seconds
[2024-11-01T12:03:53.825+0000] {processor.py:186} INFO - Started process (PID=5033) to work on /home/airflow/.local/lib/python3.12/site-packages/airflow/example_dags/example_branch_python_dop_operator_3.py
[2024-11-01T12:03:53.827+0000] {processor.py:914} INFO - Processing file /home/airflow/.local/lib/python3.12/site-packages/airflow/example_dags/example_branch_python_dop_operator_3.py for tasks to queue
[2024-11-01T12:03:53.830+0000] {logging_mixin.py:190} INFO - [2024-11-01T12:03:53.829+0000] {dagbag.py:588} INFO - Filling up the DagBag from /home/airflow/.local/lib/python3.12/site-packages/airflow/example_dags/example_branch_python_dop_operator_3.py
[2024-11-01T12:03:53.841+0000] {processor.py:925} INFO - DAG(s) 'example_branch_dop_operator_v3' retrieved from /home/airflow/.local/lib/python3.12/site-packages/airflow/example_dags/example_branch_python_dop_operator_3.py
[2024-11-01T12:03:53.852+0000] {logging_mixin.py:190} INFO - [2024-11-01T12:03:53.852+0000] {dag.py:3239} INFO - Sync 1 DAGs
[2024-11-01T12:03:53.868+0000] {logging_mixin.py:190} INFO - [2024-11-01T12:03:53.867+0000] {dag.py:4180} INFO - Setting next_dagrun for example_branch_dop_operator_v3 to 2024-11-01 12:02:00+00:00, run_after=2024-11-01 12:03:00+00:00
[2024-11-01T12:03:53.880+0000] {processor.py:208} INFO - Processing /home/airflow/.local/lib/python3.12/site-packages/airflow/example_dags/example_branch_python_dop_operator_3.py took 0.060 seconds
[2024-11-01T12:04:24.258+0000] {processor.py:186} INFO - Started process (PID=5098) to work on /home/airflow/.local/lib/python3.12/site-packages/airflow/example_dags/example_branch_python_dop_operator_3.py
[2024-11-01T12:04:24.258+0000] {processor.py:914} INFO - Processing file /home/airflow/.local/lib/python3.12/site-packages/airflow/example_dags/example_branch_python_dop_operator_3.py for tasks to queue
[2024-11-01T12:04:24.260+0000] {logging_mixin.py:190} INFO - [2024-11-01T12:04:24.259+0000] {dagbag.py:588} INFO - Filling up the DagBag from /home/airflow/.local/lib/python3.12/site-packages/airflow/example_dags/example_branch_python_dop_operator_3.py
[2024-11-01T12:04:24.266+0000] {processor.py:925} INFO - DAG(s) 'example_branch_dop_operator_v3' retrieved from /home/airflow/.local/lib/python3.12/site-packages/airflow/example_dags/example_branch_python_dop_operator_3.py
[2024-11-01T12:04:24.278+0000] {logging_mixin.py:190} INFO - [2024-11-01T12:04:24.278+0000] {dag.py:3239} INFO - Sync 1 DAGs
[2024-11-01T12:04:24.293+0000] {logging_mixin.py:190} INFO - [2024-11-01T12:04:24.293+0000] {dag.py:4180} INFO - Setting next_dagrun for example_branch_dop_operator_v3 to 2024-11-01 12:03:00+00:00, run_after=2024-11-01 12:04:00+00:00
[2024-11-01T12:04:24.305+0000] {processor.py:208} INFO - Processing /home/airflow/.local/lib/python3.12/site-packages/airflow/example_dags/example_branch_python_dop_operator_3.py took 0.052 seconds
[2024-11-01T12:04:54.654+0000] {processor.py:186} INFO - Started process (PID=5163) to work on /home/airflow/.local/lib/python3.12/site-packages/airflow/example_dags/example_branch_python_dop_operator_3.py
[2024-11-01T12:04:54.654+0000] {processor.py:914} INFO - Processing file /home/airflow/.local/lib/python3.12/site-packages/airflow/example_dags/example_branch_python_dop_operator_3.py for tasks to queue
[2024-11-01T12:04:54.656+0000] {logging_mixin.py:190} INFO - [2024-11-01T12:04:54.656+0000] {dagbag.py:588} INFO - Filling up the DagBag from /home/airflow/.local/lib/python3.12/site-packages/airflow/example_dags/example_branch_python_dop_operator_3.py
[2024-11-01T12:04:54.664+0000] {processor.py:925} INFO - DAG(s) 'example_branch_dop_operator_v3' retrieved from /home/airflow/.local/lib/python3.12/site-packages/airflow/example_dags/example_branch_python_dop_operator_3.py
[2024-11-01T12:04:54.676+0000] {logging_mixin.py:190} INFO - [2024-11-01T12:04:54.675+0000] {dag.py:3239} INFO - Sync 1 DAGs
[2024-11-01T12:04:54.691+0000] {logging_mixin.py:190} INFO - [2024-11-01T12:04:54.691+0000] {dag.py:4180} INFO - Setting next_dagrun for example_branch_dop_operator_v3 to 2024-11-01 12:03:00+00:00, run_after=2024-11-01 12:04:00+00:00
[2024-11-01T12:04:54.703+0000] {processor.py:208} INFO - Processing /home/airflow/.local/lib/python3.12/site-packages/airflow/example_dags/example_branch_python_dop_operator_3.py took 0.054 seconds
[2024-11-01T12:05:25.126+0000] {processor.py:186} INFO - Started process (PID=5228) to work on /home/airflow/.local/lib/python3.12/site-packages/airflow/example_dags/example_branch_python_dop_operator_3.py
[2024-11-01T12:05:25.128+0000] {processor.py:914} INFO - Processing file /home/airflow/.local/lib/python3.12/site-packages/airflow/example_dags/example_branch_python_dop_operator_3.py for tasks to queue
[2024-11-01T12:05:25.130+0000] {logging_mixin.py:190} INFO - [2024-11-01T12:05:25.130+0000] {dagbag.py:588} INFO - Filling up the DagBag from /home/airflow/.local/lib/python3.12/site-packages/airflow/example_dags/example_branch_python_dop_operator_3.py
[2024-11-01T12:05:25.138+0000] {processor.py:925} INFO - DAG(s) 'example_branch_dop_operator_v3' retrieved from /home/airflow/.local/lib/python3.12/site-packages/airflow/example_dags/example_branch_python_dop_operator_3.py
[2024-11-01T12:05:25.154+0000] {logging_mixin.py:190} INFO - [2024-11-01T12:05:25.154+0000] {dag.py:3239} INFO - Sync 1 DAGs
[2024-11-01T12:05:25.174+0000] {logging_mixin.py:190} INFO - [2024-11-01T12:05:25.174+0000] {dag.py:4180} INFO - Setting next_dagrun for example_branch_dop_operator_v3 to 2024-11-01 12:04:00+00:00, run_after=2024-11-01 12:05:00+00:00
[2024-11-01T12:05:25.188+0000] {processor.py:208} INFO - Processing /home/airflow/.local/lib/python3.12/site-packages/airflow/example_dags/example_branch_python_dop_operator_3.py took 0.067 seconds
[2024-11-01T12:08:58.504+0000] {processor.py:186} INFO - Started process (PID=81) to work on /home/airflow/.local/lib/python3.12/site-packages/airflow/example_dags/example_branch_python_dop_operator_3.py
[2024-11-01T12:08:58.505+0000] {processor.py:914} INFO - Processing file /home/airflow/.local/lib/python3.12/site-packages/airflow/example_dags/example_branch_python_dop_operator_3.py for tasks to queue
[2024-11-01T12:08:58.506+0000] {logging_mixin.py:190} INFO - [2024-11-01T12:08:58.506+0000] {dagbag.py:588} INFO - Filling up the DagBag from /home/airflow/.local/lib/python3.12/site-packages/airflow/example_dags/example_branch_python_dop_operator_3.py
[2024-11-01T12:08:58.512+0000] {processor.py:925} INFO - DAG(s) 'example_branch_dop_operator_v3' retrieved from /home/airflow/.local/lib/python3.12/site-packages/airflow/example_dags/example_branch_python_dop_operator_3.py
[2024-11-01T12:08:58.525+0000] {logging_mixin.py:190} INFO - [2024-11-01T12:08:58.524+0000] {dag.py:3239} INFO - Sync 1 DAGs
[2024-11-01T12:08:58.542+0000] {logging_mixin.py:190} INFO - [2024-11-01T12:08:58.542+0000] {dag.py:4180} INFO - Setting next_dagrun for example_branch_dop_operator_v3 to 2024-11-01 12:07:00+00:00, run_after=2024-11-01 12:08:00+00:00
[2024-11-01T12:08:58.558+0000] {processor.py:208} INFO - Processing /home/airflow/.local/lib/python3.12/site-packages/airflow/example_dags/example_branch_python_dop_operator_3.py took 0.058 seconds
[2024-11-01T12:09:31.046+0000] {processor.py:186} INFO - Started process (PID=146) to work on /home/airflow/.local/lib/python3.12/site-packages/airflow/example_dags/example_branch_python_dop_operator_3.py
[2024-11-01T12:09:31.047+0000] {processor.py:914} INFO - Processing file /home/airflow/.local/lib/python3.12/site-packages/airflow/example_dags/example_branch_python_dop_operator_3.py for tasks to queue
[2024-11-01T12:09:31.053+0000] {logging_mixin.py:190} INFO - [2024-11-01T12:09:31.052+0000] {dagbag.py:588} INFO - Filling up the DagBag from /home/airflow/.local/lib/python3.12/site-packages/airflow/example_dags/example_branch_python_dop_operator_3.py
[2024-11-01T12:09:31.071+0000] {processor.py:925} INFO - DAG(s) 'example_branch_dop_operator_v3' retrieved from /home/airflow/.local/lib/python3.12/site-packages/airflow/example_dags/example_branch_python_dop_operator_3.py
[2024-11-01T12:09:31.105+0000] {logging_mixin.py:190} INFO - [2024-11-01T12:09:31.104+0000] {dag.py:3239} INFO - Sync 1 DAGs
[2024-11-01T12:09:31.152+0000] {logging_mixin.py:190} INFO - [2024-11-01T12:09:31.151+0000] {dag.py:4180} INFO - Setting next_dagrun for example_branch_dop_operator_v3 to 2024-11-01 12:08:00+00:00, run_after=2024-11-01 12:09:00+00:00
[2024-11-01T12:09:31.189+0000] {processor.py:208} INFO - Processing /home/airflow/.local/lib/python3.12/site-packages/airflow/example_dags/example_branch_python_dop_operator_3.py took 0.152 seconds
[2024-11-01T12:10:02.338+0000] {processor.py:186} INFO - Started process (PID=217) to work on /home/airflow/.local/lib/python3.12/site-packages/airflow/example_dags/example_branch_python_dop_operator_3.py
[2024-11-01T12:10:02.339+0000] {processor.py:914} INFO - Processing file /home/airflow/.local/lib/python3.12/site-packages/airflow/example_dags/example_branch_python_dop_operator_3.py for tasks to queue
[2024-11-01T12:10:02.343+0000] {logging_mixin.py:190} INFO - [2024-11-01T12:10:02.342+0000] {dagbag.py:588} INFO - Filling up the DagBag from /home/airflow/.local/lib/python3.12/site-packages/airflow/example_dags/example_branch_python_dop_operator_3.py
[2024-11-01T12:10:02.369+0000] {processor.py:925} INFO - DAG(s) 'example_branch_dop_operator_v3' retrieved from /home/airflow/.local/lib/python3.12/site-packages/airflow/example_dags/example_branch_python_dop_operator_3.py
[2024-11-01T12:10:02.408+0000] {logging_mixin.py:190} INFO - [2024-11-01T12:10:02.408+0000] {dag.py:3239} INFO - Sync 1 DAGs
[2024-11-01T12:10:02.457+0000] {logging_mixin.py:190} INFO - [2024-11-01T12:10:02.456+0000] {dag.py:4180} INFO - Setting next_dagrun for example_branch_dop_operator_v3 to 2024-11-01 12:09:00+00:00, run_after=2024-11-01 12:10:00+00:00
[2024-11-01T12:10:02.484+0000] {processor.py:208} INFO - Processing /home/airflow/.local/lib/python3.12/site-packages/airflow/example_dags/example_branch_python_dop_operator_3.py took 0.153 seconds
[2024-11-01T12:10:33.280+0000] {processor.py:186} INFO - Started process (PID=282) to work on /home/airflow/.local/lib/python3.12/site-packages/airflow/example_dags/example_branch_python_dop_operator_3.py
[2024-11-01T12:10:33.280+0000] {processor.py:914} INFO - Processing file /home/airflow/.local/lib/python3.12/site-packages/airflow/example_dags/example_branch_python_dop_operator_3.py for tasks to queue
[2024-11-01T12:10:33.282+0000] {logging_mixin.py:190} INFO - [2024-11-01T12:10:33.282+0000] {dagbag.py:588} INFO - Filling up the DagBag from /home/airflow/.local/lib/python3.12/site-packages/airflow/example_dags/example_branch_python_dop_operator_3.py
[2024-11-01T12:10:33.288+0000] {processor.py:925} INFO - DAG(s) 'example_branch_dop_operator_v3' retrieved from /home/airflow/.local/lib/python3.12/site-packages/airflow/example_dags/example_branch_python_dop_operator_3.py
[2024-11-01T12:10:33.301+0000] {logging_mixin.py:190} INFO - [2024-11-01T12:10:33.301+0000] {dag.py:3239} INFO - Sync 1 DAGs
[2024-11-01T12:10:33.320+0000] {logging_mixin.py:190} INFO - [2024-11-01T12:10:33.319+0000] {dag.py:4180} INFO - Setting next_dagrun for example_branch_dop_operator_v3 to 2024-11-01 12:09:00+00:00, run_after=2024-11-01 12:10:00+00:00
[2024-11-01T12:10:33.335+0000] {processor.py:208} INFO - Processing /home/airflow/.local/lib/python3.12/site-packages/airflow/example_dags/example_branch_python_dop_operator_3.py took 0.060 seconds
[2024-11-01T12:11:03.774+0000] {processor.py:186} INFO - Started process (PID=348) to work on /home/airflow/.local/lib/python3.12/site-packages/airflow/example_dags/example_branch_python_dop_operator_3.py
[2024-11-01T12:11:03.775+0000] {processor.py:914} INFO - Processing file /home/airflow/.local/lib/python3.12/site-packages/airflow/example_dags/example_branch_python_dop_operator_3.py for tasks to queue
[2024-11-01T12:11:03.776+0000] {logging_mixin.py:190} INFO - [2024-11-01T12:11:03.776+0000] {dagbag.py:588} INFO - Filling up the DagBag from /home/airflow/.local/lib/python3.12/site-packages/airflow/example_dags/example_branch_python_dop_operator_3.py
[2024-11-01T12:11:03.783+0000] {processor.py:925} INFO - DAG(s) 'example_branch_dop_operator_v3' retrieved from /home/airflow/.local/lib/python3.12/site-packages/airflow/example_dags/example_branch_python_dop_operator_3.py
[2024-11-01T12:11:03.798+0000] {logging_mixin.py:190} INFO - [2024-11-01T12:11:03.798+0000] {dag.py:3239} INFO - Sync 1 DAGs
[2024-11-01T12:11:03.814+0000] {logging_mixin.py:190} INFO - [2024-11-01T12:11:03.814+0000] {dag.py:4180} INFO - Setting next_dagrun for example_branch_dop_operator_v3 to 2024-11-01 12:10:00+00:00, run_after=2024-11-01 12:11:00+00:00
[2024-11-01T12:11:03.826+0000] {processor.py:208} INFO - Processing /home/airflow/.local/lib/python3.12/site-packages/airflow/example_dags/example_branch_python_dop_operator_3.py took 0.055 seconds
[2024-11-01T12:11:34.941+0000] {processor.py:186} INFO - Started process (PID=413) to work on /home/airflow/.local/lib/python3.12/site-packages/airflow/example_dags/example_branch_python_dop_operator_3.py
[2024-11-01T12:11:34.942+0000] {processor.py:914} INFO - Processing file /home/airflow/.local/lib/python3.12/site-packages/airflow/example_dags/example_branch_python_dop_operator_3.py for tasks to queue
[2024-11-01T12:11:34.943+0000] {logging_mixin.py:190} INFO - [2024-11-01T12:11:34.943+0000] {dagbag.py:588} INFO - Filling up the DagBag from /home/airflow/.local/lib/python3.12/site-packages/airflow/example_dags/example_branch_python_dop_operator_3.py
[2024-11-01T12:11:34.949+0000] {processor.py:925} INFO - DAG(s) 'example_branch_dop_operator_v3' retrieved from /home/airflow/.local/lib/python3.12/site-packages/airflow/example_dags/example_branch_python_dop_operator_3.py
[2024-11-01T12:11:34.962+0000] {logging_mixin.py:190} INFO - [2024-11-01T12:11:34.962+0000] {dag.py:3239} INFO - Sync 1 DAGs
[2024-11-01T12:11:34.980+0000] {logging_mixin.py:190} INFO - [2024-11-01T12:11:34.980+0000] {dag.py:4180} INFO - Setting next_dagrun for example_branch_dop_operator_v3 to 2024-11-01 12:10:00+00:00, run_after=2024-11-01 12:11:00+00:00
[2024-11-01T12:11:34.996+0000] {processor.py:208} INFO - Processing /home/airflow/.local/lib/python3.12/site-packages/airflow/example_dags/example_branch_python_dop_operator_3.py took 0.058 seconds
[2024-11-01T12:12:05.043+0000] {processor.py:186} INFO - Started process (PID=477) to work on /home/airflow/.local/lib/python3.12/site-packages/airflow/example_dags/example_branch_python_dop_operator_3.py
[2024-11-01T12:12:05.044+0000] {processor.py:914} INFO - Processing file /home/airflow/.local/lib/python3.12/site-packages/airflow/example_dags/example_branch_python_dop_operator_3.py for tasks to queue
[2024-11-01T12:12:05.047+0000] {logging_mixin.py:190} INFO - [2024-11-01T12:12:05.047+0000] {dagbag.py:588} INFO - Filling up the DagBag from /home/airflow/.local/lib/python3.12/site-packages/airflow/example_dags/example_branch_python_dop_operator_3.py
[2024-11-01T12:12:05.055+0000] {processor.py:925} INFO - DAG(s) 'example_branch_dop_operator_v3' retrieved from /home/airflow/.local/lib/python3.12/site-packages/airflow/example_dags/example_branch_python_dop_operator_3.py
[2024-11-01T12:12:05.073+0000] {logging_mixin.py:190} INFO - [2024-11-01T12:12:05.073+0000] {dag.py:3239} INFO - Sync 1 DAGs
[2024-11-01T12:12:05.097+0000] {logging_mixin.py:190} INFO - [2024-11-01T12:12:05.096+0000] {dag.py:4180} INFO - Setting next_dagrun for example_branch_dop_operator_v3 to 2024-11-01 12:11:00+00:00, run_after=2024-11-01 12:12:00+00:00
[2024-11-01T12:12:05.117+0000] {processor.py:208} INFO - Processing /home/airflow/.local/lib/python3.12/site-packages/airflow/example_dags/example_branch_python_dop_operator_3.py took 0.078 seconds
[2024-11-01T12:12:35.411+0000] {processor.py:186} INFO - Started process (PID=542) to work on /home/airflow/.local/lib/python3.12/site-packages/airflow/example_dags/example_branch_python_dop_operator_3.py
[2024-11-01T12:12:35.411+0000] {processor.py:914} INFO - Processing file /home/airflow/.local/lib/python3.12/site-packages/airflow/example_dags/example_branch_python_dop_operator_3.py for tasks to queue
[2024-11-01T12:12:35.413+0000] {logging_mixin.py:190} INFO - [2024-11-01T12:12:35.413+0000] {dagbag.py:588} INFO - Filling up the DagBag from /home/airflow/.local/lib/python3.12/site-packages/airflow/example_dags/example_branch_python_dop_operator_3.py
[2024-11-01T12:12:35.419+0000] {processor.py:925} INFO - DAG(s) 'example_branch_dop_operator_v3' retrieved from /home/airflow/.local/lib/python3.12/site-packages/airflow/example_dags/example_branch_python_dop_operator_3.py
[2024-11-01T12:12:35.433+0000] {logging_mixin.py:190} INFO - [2024-11-01T12:12:35.433+0000] {dag.py:3239} INFO - Sync 1 DAGs
[2024-11-01T12:12:35.456+0000] {logging_mixin.py:190} INFO - [2024-11-01T12:12:35.456+0000] {dag.py:4180} INFO - Setting next_dagrun for example_branch_dop_operator_v3 to 2024-11-01 12:11:00+00:00, run_after=2024-11-01 12:12:00+00:00
[2024-11-01T12:12:35.469+0000] {processor.py:208} INFO - Processing /home/airflow/.local/lib/python3.12/site-packages/airflow/example_dags/example_branch_python_dop_operator_3.py took 0.062 seconds
[2024-11-01T12:13:05.642+0000] {processor.py:186} INFO - Started process (PID=607) to work on /home/airflow/.local/lib/python3.12/site-packages/airflow/example_dags/example_branch_python_dop_operator_3.py
[2024-11-01T12:13:05.642+0000] {processor.py:914} INFO - Processing file /home/airflow/.local/lib/python3.12/site-packages/airflow/example_dags/example_branch_python_dop_operator_3.py for tasks to queue
[2024-11-01T12:13:05.644+0000] {logging_mixin.py:190} INFO - [2024-11-01T12:13:05.644+0000] {dagbag.py:588} INFO - Filling up the DagBag from /home/airflow/.local/lib/python3.12/site-packages/airflow/example_dags/example_branch_python_dop_operator_3.py
[2024-11-01T12:13:05.650+0000] {processor.py:925} INFO - DAG(s) 'example_branch_dop_operator_v3' retrieved from /home/airflow/.local/lib/python3.12/site-packages/airflow/example_dags/example_branch_python_dop_operator_3.py
[2024-11-01T12:13:05.663+0000] {logging_mixin.py:190} INFO - [2024-11-01T12:13:05.663+0000] {dag.py:3239} INFO - Sync 1 DAGs
[2024-11-01T12:13:05.681+0000] {logging_mixin.py:190} INFO - [2024-11-01T12:13:05.681+0000] {dag.py:4180} INFO - Setting next_dagrun for example_branch_dop_operator_v3 to 2024-11-01 12:12:00+00:00, run_after=2024-11-01 12:13:00+00:00
[2024-11-01T12:13:05.695+0000] {processor.py:208} INFO - Processing /home/airflow/.local/lib/python3.12/site-packages/airflow/example_dags/example_branch_python_dop_operator_3.py took 0.057 seconds
[2024-11-01T12:13:36.756+0000] {processor.py:186} INFO - Started process (PID=671) to work on /home/airflow/.local/lib/python3.12/site-packages/airflow/example_dags/example_branch_python_dop_operator_3.py
[2024-11-01T12:13:36.760+0000] {processor.py:914} INFO - Processing file /home/airflow/.local/lib/python3.12/site-packages/airflow/example_dags/example_branch_python_dop_operator_3.py for tasks to queue
[2024-11-01T12:13:36.763+0000] {logging_mixin.py:190} INFO - [2024-11-01T12:13:36.762+0000] {dagbag.py:588} INFO - Filling up the DagBag from /home/airflow/.local/lib/python3.12/site-packages/airflow/example_dags/example_branch_python_dop_operator_3.py
[2024-11-01T12:13:36.775+0000] {processor.py:925} INFO - DAG(s) 'example_branch_dop_operator_v3' retrieved from /home/airflow/.local/lib/python3.12/site-packages/airflow/example_dags/example_branch_python_dop_operator_3.py
[2024-11-01T12:13:36.860+0000] {logging_mixin.py:190} INFO - [2024-11-01T12:13:36.860+0000] {dag.py:3239} INFO - Sync 1 DAGs
[2024-11-01T12:13:36.909+0000] {logging_mixin.py:190} INFO - [2024-11-01T12:13:36.908+0000] {dag.py:4180} INFO - Setting next_dagrun for example_branch_dop_operator_v3 to 2024-11-01 12:12:00+00:00, run_after=2024-11-01 12:13:00+00:00
[2024-11-01T12:13:36.960+0000] {processor.py:208} INFO - Processing /home/airflow/.local/lib/python3.12/site-packages/airflow/example_dags/example_branch_python_dop_operator_3.py took 0.213 seconds
[2024-11-01T12:14:07.841+0000] {processor.py:186} INFO - Started process (PID=736) to work on /home/airflow/.local/lib/python3.12/site-packages/airflow/example_dags/example_branch_python_dop_operator_3.py
[2024-11-01T12:14:07.841+0000] {processor.py:914} INFO - Processing file /home/airflow/.local/lib/python3.12/site-packages/airflow/example_dags/example_branch_python_dop_operator_3.py for tasks to queue
[2024-11-01T12:14:07.843+0000] {logging_mixin.py:190} INFO - [2024-11-01T12:14:07.843+0000] {dagbag.py:588} INFO - Filling up the DagBag from /home/airflow/.local/lib/python3.12/site-packages/airflow/example_dags/example_branch_python_dop_operator_3.py
[2024-11-01T12:14:07.852+0000] {processor.py:925} INFO - DAG(s) 'example_branch_dop_operator_v3' retrieved from /home/airflow/.local/lib/python3.12/site-packages/airflow/example_dags/example_branch_python_dop_operator_3.py
[2024-11-01T12:14:07.873+0000] {logging_mixin.py:190} INFO - [2024-11-01T12:14:07.873+0000] {dag.py:3239} INFO - Sync 1 DAGs
[2024-11-01T12:14:07.891+0000] {logging_mixin.py:190} INFO - [2024-11-01T12:14:07.890+0000] {dag.py:4180} INFO - Setting next_dagrun for example_branch_dop_operator_v3 to 2024-11-01 12:13:00+00:00, run_after=2024-11-01 12:14:00+00:00
[2024-11-01T12:14:07.904+0000] {processor.py:208} INFO - Processing /home/airflow/.local/lib/python3.12/site-packages/airflow/example_dags/example_branch_python_dop_operator_3.py took 0.068 seconds
[2024-11-01T12:14:38.499+0000] {processor.py:186} INFO - Started process (PID=801) to work on /home/airflow/.local/lib/python3.12/site-packages/airflow/example_dags/example_branch_python_dop_operator_3.py
[2024-11-01T12:14:38.499+0000] {processor.py:914} INFO - Processing file /home/airflow/.local/lib/python3.12/site-packages/airflow/example_dags/example_branch_python_dop_operator_3.py for tasks to queue
[2024-11-01T12:14:38.501+0000] {logging_mixin.py:190} INFO - [2024-11-01T12:14:38.501+0000] {dagbag.py:588} INFO - Filling up the DagBag from /home/airflow/.local/lib/python3.12/site-packages/airflow/example_dags/example_branch_python_dop_operator_3.py
[2024-11-01T12:14:38.507+0000] {processor.py:925} INFO - DAG(s) 'example_branch_dop_operator_v3' retrieved from /home/airflow/.local/lib/python3.12/site-packages/airflow/example_dags/example_branch_python_dop_operator_3.py
[2024-11-01T12:14:38.520+0000] {logging_mixin.py:190} INFO - [2024-11-01T12:14:38.520+0000] {dag.py:3239} INFO - Sync 1 DAGs
[2024-11-01T12:14:38.543+0000] {logging_mixin.py:190} INFO - [2024-11-01T12:14:38.543+0000] {dag.py:4180} INFO - Setting next_dagrun for example_branch_dop_operator_v3 to 2024-11-01 12:13:00+00:00, run_after=2024-11-01 12:14:00+00:00
[2024-11-01T12:14:38.560+0000] {processor.py:208} INFO - Processing /home/airflow/.local/lib/python3.12/site-packages/airflow/example_dags/example_branch_python_dop_operator_3.py took 0.066 seconds
[2024-11-01T12:15:09.219+0000] {processor.py:186} INFO - Started process (PID=866) to work on /home/airflow/.local/lib/python3.12/site-packages/airflow/example_dags/example_branch_python_dop_operator_3.py
[2024-11-01T12:15:09.219+0000] {processor.py:914} INFO - Processing file /home/airflow/.local/lib/python3.12/site-packages/airflow/example_dags/example_branch_python_dop_operator_3.py for tasks to queue
[2024-11-01T12:15:09.221+0000] {logging_mixin.py:190} INFO - [2024-11-01T12:15:09.221+0000] {dagbag.py:588} INFO - Filling up the DagBag from /home/airflow/.local/lib/python3.12/site-packages/airflow/example_dags/example_branch_python_dop_operator_3.py
[2024-11-01T12:15:09.226+0000] {processor.py:925} INFO - DAG(s) 'example_branch_dop_operator_v3' retrieved from /home/airflow/.local/lib/python3.12/site-packages/airflow/example_dags/example_branch_python_dop_operator_3.py
[2024-11-01T12:15:09.239+0000] {logging_mixin.py:190} INFO - [2024-11-01T12:15:09.239+0000] {dag.py:3239} INFO - Sync 1 DAGs
[2024-11-01T12:15:09.256+0000] {logging_mixin.py:190} INFO - [2024-11-01T12:15:09.256+0000] {dag.py:4180} INFO - Setting next_dagrun for example_branch_dop_operator_v3 to 2024-11-01 12:14:00+00:00, run_after=2024-11-01 12:15:00+00:00
[2024-11-01T12:15:09.269+0000] {processor.py:208} INFO - Processing /home/airflow/.local/lib/python3.12/site-packages/airflow/example_dags/example_branch_python_dop_operator_3.py took 0.055 seconds
[2024-11-01T12:15:40.080+0000] {processor.py:186} INFO - Started process (PID=931) to work on /home/airflow/.local/lib/python3.12/site-packages/airflow/example_dags/example_branch_python_dop_operator_3.py
[2024-11-01T12:15:40.080+0000] {processor.py:914} INFO - Processing file /home/airflow/.local/lib/python3.12/site-packages/airflow/example_dags/example_branch_python_dop_operator_3.py for tasks to queue
[2024-11-01T12:15:40.082+0000] {logging_mixin.py:190} INFO - [2024-11-01T12:15:40.082+0000] {dagbag.py:588} INFO - Filling up the DagBag from /home/airflow/.local/lib/python3.12/site-packages/airflow/example_dags/example_branch_python_dop_operator_3.py
[2024-11-01T12:15:40.089+0000] {processor.py:925} INFO - DAG(s) 'example_branch_dop_operator_v3' retrieved from /home/airflow/.local/lib/python3.12/site-packages/airflow/example_dags/example_branch_python_dop_operator_3.py
[2024-11-01T12:15:40.104+0000] {logging_mixin.py:190} INFO - [2024-11-01T12:15:40.104+0000] {dag.py:3239} INFO - Sync 1 DAGs
[2024-11-01T12:15:40.124+0000] {logging_mixin.py:190} INFO - [2024-11-01T12:15:40.124+0000] {dag.py:4180} INFO - Setting next_dagrun for example_branch_dop_operator_v3 to 2024-11-01 12:14:00+00:00, run_after=2024-11-01 12:15:00+00:00
[2024-11-01T12:15:40.143+0000] {processor.py:208} INFO - Processing /home/airflow/.local/lib/python3.12/site-packages/airflow/example_dags/example_branch_python_dop_operator_3.py took 0.068 seconds
[2024-11-01T12:16:10.636+0000] {processor.py:186} INFO - Started process (PID=996) to work on /home/airflow/.local/lib/python3.12/site-packages/airflow/example_dags/example_branch_python_dop_operator_3.py
[2024-11-01T12:16:10.637+0000] {processor.py:914} INFO - Processing file /home/airflow/.local/lib/python3.12/site-packages/airflow/example_dags/example_branch_python_dop_operator_3.py for tasks to queue
[2024-11-01T12:16:10.640+0000] {logging_mixin.py:190} INFO - [2024-11-01T12:16:10.639+0000] {dagbag.py:588} INFO - Filling up the DagBag from /home/airflow/.local/lib/python3.12/site-packages/airflow/example_dags/example_branch_python_dop_operator_3.py
[2024-11-01T12:16:10.646+0000] {processor.py:925} INFO - DAG(s) 'example_branch_dop_operator_v3' retrieved from /home/airflow/.local/lib/python3.12/site-packages/airflow/example_dags/example_branch_python_dop_operator_3.py
[2024-11-01T12:16:10.661+0000] {logging_mixin.py:190} INFO - [2024-11-01T12:16:10.661+0000] {dag.py:3239} INFO - Sync 1 DAGs
[2024-11-01T12:16:10.682+0000] {logging_mixin.py:190} INFO - [2024-11-01T12:16:10.682+0000] {dag.py:4180} INFO - Setting next_dagrun for example_branch_dop_operator_v3 to 2024-11-01 12:15:00+00:00, run_after=2024-11-01 12:16:00+00:00
[2024-11-01T12:16:10.701+0000] {processor.py:208} INFO - Processing /home/airflow/.local/lib/python3.12/site-packages/airflow/example_dags/example_branch_python_dop_operator_3.py took 0.070 seconds
[2024-11-01T12:16:41.515+0000] {processor.py:186} INFO - Started process (PID=1062) to work on /home/airflow/.local/lib/python3.12/site-packages/airflow/example_dags/example_branch_python_dop_operator_3.py
[2024-11-01T12:16:41.515+0000] {processor.py:914} INFO - Processing file /home/airflow/.local/lib/python3.12/site-packages/airflow/example_dags/example_branch_python_dop_operator_3.py for tasks to queue
[2024-11-01T12:16:41.517+0000] {logging_mixin.py:190} INFO - [2024-11-01T12:16:41.517+0000] {dagbag.py:588} INFO - Filling up the DagBag from /home/airflow/.local/lib/python3.12/site-packages/airflow/example_dags/example_branch_python_dop_operator_3.py
[2024-11-01T12:16:41.523+0000] {processor.py:925} INFO - DAG(s) 'example_branch_dop_operator_v3' retrieved from /home/airflow/.local/lib/python3.12/site-packages/airflow/example_dags/example_branch_python_dop_operator_3.py
[2024-11-01T12:16:41.537+0000] {logging_mixin.py:190} INFO - [2024-11-01T12:16:41.537+0000] {dag.py:3239} INFO - Sync 1 DAGs
[2024-11-01T12:16:41.554+0000] {logging_mixin.py:190} INFO - [2024-11-01T12:16:41.554+0000] {dag.py:4180} INFO - Setting next_dagrun for example_branch_dop_operator_v3 to 2024-11-01 12:15:00+00:00, run_after=2024-11-01 12:16:00+00:00
[2024-11-01T12:16:41.570+0000] {processor.py:208} INFO - Processing /home/airflow/.local/lib/python3.12/site-packages/airflow/example_dags/example_branch_python_dop_operator_3.py took 0.058 seconds
[2024-11-01T12:17:11.681+0000] {processor.py:186} INFO - Started process (PID=1126) to work on /home/airflow/.local/lib/python3.12/site-packages/airflow/example_dags/example_branch_python_dop_operator_3.py
[2024-11-01T12:17:11.683+0000] {processor.py:914} INFO - Processing file /home/airflow/.local/lib/python3.12/site-packages/airflow/example_dags/example_branch_python_dop_operator_3.py for tasks to queue
[2024-11-01T12:17:11.684+0000] {logging_mixin.py:190} INFO - [2024-11-01T12:17:11.684+0000] {dagbag.py:588} INFO - Filling up the DagBag from /home/airflow/.local/lib/python3.12/site-packages/airflow/example_dags/example_branch_python_dop_operator_3.py
[2024-11-01T12:17:11.692+0000] {processor.py:925} INFO - DAG(s) 'example_branch_dop_operator_v3' retrieved from /home/airflow/.local/lib/python3.12/site-packages/airflow/example_dags/example_branch_python_dop_operator_3.py
[2024-11-01T12:17:11.711+0000] {logging_mixin.py:190} INFO - [2024-11-01T12:17:11.711+0000] {dag.py:3239} INFO - Sync 1 DAGs
[2024-11-01T12:17:11.731+0000] {logging_mixin.py:190} INFO - [2024-11-01T12:17:11.731+0000] {dag.py:4180} INFO - Setting next_dagrun for example_branch_dop_operator_v3 to 2024-11-01 12:16:00+00:00, run_after=2024-11-01 12:17:00+00:00
[2024-11-01T12:17:11.752+0000] {processor.py:208} INFO - Processing /home/airflow/.local/lib/python3.12/site-packages/airflow/example_dags/example_branch_python_dop_operator_3.py took 0.076 seconds
[2024-11-01T12:17:42.492+0000] {processor.py:186} INFO - Started process (PID=1192) to work on /home/airflow/.local/lib/python3.12/site-packages/airflow/example_dags/example_branch_python_dop_operator_3.py
[2024-11-01T12:17:42.492+0000] {processor.py:914} INFO - Processing file /home/airflow/.local/lib/python3.12/site-packages/airflow/example_dags/example_branch_python_dop_operator_3.py for tasks to queue
[2024-11-01T12:17:42.494+0000] {logging_mixin.py:190} INFO - [2024-11-01T12:17:42.494+0000] {dagbag.py:588} INFO - Filling up the DagBag from /home/airflow/.local/lib/python3.12/site-packages/airflow/example_dags/example_branch_python_dop_operator_3.py
[2024-11-01T12:17:42.500+0000] {processor.py:925} INFO - DAG(s) 'example_branch_dop_operator_v3' retrieved from /home/airflow/.local/lib/python3.12/site-packages/airflow/example_dags/example_branch_python_dop_operator_3.py
[2024-11-01T12:17:42.513+0000] {logging_mixin.py:190} INFO - [2024-11-01T12:17:42.513+0000] {dag.py:3239} INFO - Sync 1 DAGs
[2024-11-01T12:17:42.532+0000] {logging_mixin.py:190} INFO - [2024-11-01T12:17:42.532+0000] {dag.py:4180} INFO - Setting next_dagrun for example_branch_dop_operator_v3 to 2024-11-01 12:16:00+00:00, run_after=2024-11-01 12:17:00+00:00
[2024-11-01T12:17:42.546+0000] {processor.py:208} INFO - Processing /home/airflow/.local/lib/python3.12/site-packages/airflow/example_dags/example_branch_python_dop_operator_3.py took 0.058 seconds
[2024-11-01T12:18:13.404+0000] {processor.py:186} INFO - Started process (PID=1257) to work on /home/airflow/.local/lib/python3.12/site-packages/airflow/example_dags/example_branch_python_dop_operator_3.py
[2024-11-01T12:18:13.405+0000] {processor.py:914} INFO - Processing file /home/airflow/.local/lib/python3.12/site-packages/airflow/example_dags/example_branch_python_dop_operator_3.py for tasks to queue
[2024-11-01T12:18:13.407+0000] {logging_mixin.py:190} INFO - [2024-11-01T12:18:13.407+0000] {dagbag.py:588} INFO - Filling up the DagBag from /home/airflow/.local/lib/python3.12/site-packages/airflow/example_dags/example_branch_python_dop_operator_3.py
[2024-11-01T12:18:13.414+0000] {processor.py:925} INFO - DAG(s) 'example_branch_dop_operator_v3' retrieved from /home/airflow/.local/lib/python3.12/site-packages/airflow/example_dags/example_branch_python_dop_operator_3.py
[2024-11-01T12:18:13.427+0000] {logging_mixin.py:190} INFO - [2024-11-01T12:18:13.427+0000] {dag.py:3239} INFO - Sync 1 DAGs
[2024-11-01T12:18:13.444+0000] {logging_mixin.py:190} INFO - [2024-11-01T12:18:13.444+0000] {dag.py:4180} INFO - Setting next_dagrun for example_branch_dop_operator_v3 to 2024-11-01 12:17:00+00:00, run_after=2024-11-01 12:18:00+00:00
[2024-11-01T12:18:13.458+0000] {processor.py:208} INFO - Processing /home/airflow/.local/lib/python3.12/site-packages/airflow/example_dags/example_branch_python_dop_operator_3.py took 0.058 seconds
[2024-11-01T12:18:43.985+0000] {processor.py:186} INFO - Started process (PID=1322) to work on /home/airflow/.local/lib/python3.12/site-packages/airflow/example_dags/example_branch_python_dop_operator_3.py
[2024-11-01T12:18:43.985+0000] {processor.py:914} INFO - Processing file /home/airflow/.local/lib/python3.12/site-packages/airflow/example_dags/example_branch_python_dop_operator_3.py for tasks to queue
[2024-11-01T12:18:43.987+0000] {logging_mixin.py:190} INFO - [2024-11-01T12:18:43.987+0000] {dagbag.py:588} INFO - Filling up the DagBag from /home/airflow/.local/lib/python3.12/site-packages/airflow/example_dags/example_branch_python_dop_operator_3.py
[2024-11-01T12:18:43.993+0000] {processor.py:925} INFO - DAG(s) 'example_branch_dop_operator_v3' retrieved from /home/airflow/.local/lib/python3.12/site-packages/airflow/example_dags/example_branch_python_dop_operator_3.py
[2024-11-01T12:18:44.006+0000] {logging_mixin.py:190} INFO - [2024-11-01T12:18:44.006+0000] {dag.py:3239} INFO - Sync 1 DAGs
[2024-11-01T12:18:44.023+0000] {logging_mixin.py:190} INFO - [2024-11-01T12:18:44.023+0000] {dag.py:4180} INFO - Setting next_dagrun for example_branch_dop_operator_v3 to 2024-11-01 12:17:00+00:00, run_after=2024-11-01 12:18:00+00:00
[2024-11-01T12:18:44.038+0000] {processor.py:208} INFO - Processing /home/airflow/.local/lib/python3.12/site-packages/airflow/example_dags/example_branch_python_dop_operator_3.py took 0.058 seconds
[2024-11-01T12:19:14.684+0000] {processor.py:186} INFO - Started process (PID=1387) to work on /home/airflow/.local/lib/python3.12/site-packages/airflow/example_dags/example_branch_python_dop_operator_3.py
[2024-11-01T12:19:14.685+0000] {processor.py:914} INFO - Processing file /home/airflow/.local/lib/python3.12/site-packages/airflow/example_dags/example_branch_python_dop_operator_3.py for tasks to queue
[2024-11-01T12:19:14.687+0000] {logging_mixin.py:190} INFO - [2024-11-01T12:19:14.687+0000] {dagbag.py:588} INFO - Filling up the DagBag from /home/airflow/.local/lib/python3.12/site-packages/airflow/example_dags/example_branch_python_dop_operator_3.py
[2024-11-01T12:19:14.693+0000] {processor.py:925} INFO - DAG(s) 'example_branch_dop_operator_v3' retrieved from /home/airflow/.local/lib/python3.12/site-packages/airflow/example_dags/example_branch_python_dop_operator_3.py
[2024-11-01T12:19:14.706+0000] {logging_mixin.py:190} INFO - [2024-11-01T12:19:14.706+0000] {dag.py:3239} INFO - Sync 1 DAGs
[2024-11-01T12:19:14.724+0000] {logging_mixin.py:190} INFO - [2024-11-01T12:19:14.724+0000] {dag.py:4180} INFO - Setting next_dagrun for example_branch_dop_operator_v3 to 2024-11-01 12:18:00+00:00, run_after=2024-11-01 12:19:00+00:00
[2024-11-01T12:19:14.738+0000] {processor.py:208} INFO - Processing /home/airflow/.local/lib/python3.12/site-packages/airflow/example_dags/example_branch_python_dop_operator_3.py took 0.060 seconds
[2024-11-01T12:19:45.630+0000] {processor.py:186} INFO - Started process (PID=1452) to work on /home/airflow/.local/lib/python3.12/site-packages/airflow/example_dags/example_branch_python_dop_operator_3.py
[2024-11-01T12:19:45.631+0000] {processor.py:914} INFO - Processing file /home/airflow/.local/lib/python3.12/site-packages/airflow/example_dags/example_branch_python_dop_operator_3.py for tasks to queue
[2024-11-01T12:19:45.633+0000] {logging_mixin.py:190} INFO - [2024-11-01T12:19:45.632+0000] {dagbag.py:588} INFO - Filling up the DagBag from /home/airflow/.local/lib/python3.12/site-packages/airflow/example_dags/example_branch_python_dop_operator_3.py
[2024-11-01T12:19:45.640+0000] {processor.py:925} INFO - DAG(s) 'example_branch_dop_operator_v3' retrieved from /home/airflow/.local/lib/python3.12/site-packages/airflow/example_dags/example_branch_python_dop_operator_3.py
[2024-11-01T12:19:45.661+0000] {logging_mixin.py:190} INFO - [2024-11-01T12:19:45.660+0000] {dag.py:3239} INFO - Sync 1 DAGs
[2024-11-01T12:19:45.687+0000] {logging_mixin.py:190} INFO - [2024-11-01T12:19:45.687+0000] {dag.py:4180} INFO - Setting next_dagrun for example_branch_dop_operator_v3 to 2024-11-01 12:18:00+00:00, run_after=2024-11-01 12:19:00+00:00
[2024-11-01T12:19:45.708+0000] {processor.py:208} INFO - Processing /home/airflow/.local/lib/python3.12/site-packages/airflow/example_dags/example_branch_python_dop_operator_3.py took 0.084 seconds
[2024-11-01T12:20:15.894+0000] {processor.py:186} INFO - Started process (PID=1516) to work on /home/airflow/.local/lib/python3.12/site-packages/airflow/example_dags/example_branch_python_dop_operator_3.py
[2024-11-01T12:20:15.896+0000] {processor.py:914} INFO - Processing file /home/airflow/.local/lib/python3.12/site-packages/airflow/example_dags/example_branch_python_dop_operator_3.py for tasks to queue
[2024-11-01T12:20:15.898+0000] {logging_mixin.py:190} INFO - [2024-11-01T12:20:15.898+0000] {dagbag.py:588} INFO - Filling up the DagBag from /home/airflow/.local/lib/python3.12/site-packages/airflow/example_dags/example_branch_python_dop_operator_3.py
[2024-11-01T12:20:15.905+0000] {processor.py:925} INFO - DAG(s) 'example_branch_dop_operator_v3' retrieved from /home/airflow/.local/lib/python3.12/site-packages/airflow/example_dags/example_branch_python_dop_operator_3.py
[2024-11-01T12:20:15.919+0000] {logging_mixin.py:190} INFO - [2024-11-01T12:20:15.919+0000] {dag.py:3239} INFO - Sync 1 DAGs
[2024-11-01T12:20:15.937+0000] {logging_mixin.py:190} INFO - [2024-11-01T12:20:15.937+0000] {dag.py:4180} INFO - Setting next_dagrun for example_branch_dop_operator_v3 to 2024-11-01 12:19:00+00:00, run_after=2024-11-01 12:20:00+00:00
[2024-11-01T12:20:15.953+0000] {processor.py:208} INFO - Processing /home/airflow/.local/lib/python3.12/site-packages/airflow/example_dags/example_branch_python_dop_operator_3.py took 0.064 seconds
[2024-11-01T12:20:46.565+0000] {processor.py:186} INFO - Started process (PID=1581) to work on /home/airflow/.local/lib/python3.12/site-packages/airflow/example_dags/example_branch_python_dop_operator_3.py
[2024-11-01T12:20:46.567+0000] {processor.py:914} INFO - Processing file /home/airflow/.local/lib/python3.12/site-packages/airflow/example_dags/example_branch_python_dop_operator_3.py for tasks to queue
[2024-11-01T12:20:46.570+0000] {logging_mixin.py:190} INFO - [2024-11-01T12:20:46.569+0000] {dagbag.py:588} INFO - Filling up the DagBag from /home/airflow/.local/lib/python3.12/site-packages/airflow/example_dags/example_branch_python_dop_operator_3.py
[2024-11-01T12:20:46.578+0000] {processor.py:925} INFO - DAG(s) 'example_branch_dop_operator_v3' retrieved from /home/airflow/.local/lib/python3.12/site-packages/airflow/example_dags/example_branch_python_dop_operator_3.py
[2024-11-01T12:20:46.594+0000] {logging_mixin.py:190} INFO - [2024-11-01T12:20:46.593+0000] {dag.py:3239} INFO - Sync 1 DAGs
[2024-11-01T12:20:46.616+0000] {logging_mixin.py:190} INFO - [2024-11-01T12:20:46.616+0000] {dag.py:4180} INFO - Setting next_dagrun for example_branch_dop_operator_v3 to 2024-11-01 12:19:00+00:00, run_after=2024-11-01 12:20:00+00:00
[2024-11-01T12:20:46.634+0000] {processor.py:208} INFO - Processing /home/airflow/.local/lib/python3.12/site-packages/airflow/example_dags/example_branch_python_dop_operator_3.py took 0.076 seconds
[2024-11-01T12:21:17.136+0000] {processor.py:186} INFO - Started process (PID=1646) to work on /home/airflow/.local/lib/python3.12/site-packages/airflow/example_dags/example_branch_python_dop_operator_3.py
[2024-11-01T12:21:17.138+0000] {processor.py:914} INFO - Processing file /home/airflow/.local/lib/python3.12/site-packages/airflow/example_dags/example_branch_python_dop_operator_3.py for tasks to queue
[2024-11-01T12:21:17.140+0000] {logging_mixin.py:190} INFO - [2024-11-01T12:21:17.140+0000] {dagbag.py:588} INFO - Filling up the DagBag from /home/airflow/.local/lib/python3.12/site-packages/airflow/example_dags/example_branch_python_dop_operator_3.py
[2024-11-01T12:21:17.147+0000] {processor.py:925} INFO - DAG(s) 'example_branch_dop_operator_v3' retrieved from /home/airflow/.local/lib/python3.12/site-packages/airflow/example_dags/example_branch_python_dop_operator_3.py
[2024-11-01T12:21:17.163+0000] {logging_mixin.py:190} INFO - [2024-11-01T12:21:17.163+0000] {dag.py:3239} INFO - Sync 1 DAGs
[2024-11-01T12:21:17.184+0000] {logging_mixin.py:190} INFO - [2024-11-01T12:21:17.184+0000] {dag.py:4180} INFO - Setting next_dagrun for example_branch_dop_operator_v3 to 2024-11-01 12:20:00+00:00, run_after=2024-11-01 12:21:00+00:00
[2024-11-01T12:21:17.200+0000] {processor.py:208} INFO - Processing /home/airflow/.local/lib/python3.12/site-packages/airflow/example_dags/example_branch_python_dop_operator_3.py took 0.068 seconds
[2024-11-01T12:21:47.568+0000] {processor.py:186} INFO - Started process (PID=1711) to work on /home/airflow/.local/lib/python3.12/site-packages/airflow/example_dags/example_branch_python_dop_operator_3.py
[2024-11-01T12:21:47.570+0000] {processor.py:914} INFO - Processing file /home/airflow/.local/lib/python3.12/site-packages/airflow/example_dags/example_branch_python_dop_operator_3.py for tasks to queue
[2024-11-01T12:21:47.572+0000] {logging_mixin.py:190} INFO - [2024-11-01T12:21:47.572+0000] {dagbag.py:588} INFO - Filling up the DagBag from /home/airflow/.local/lib/python3.12/site-packages/airflow/example_dags/example_branch_python_dop_operator_3.py
[2024-11-01T12:21:47.580+0000] {processor.py:925} INFO - DAG(s) 'example_branch_dop_operator_v3' retrieved from /home/airflow/.local/lib/python3.12/site-packages/airflow/example_dags/example_branch_python_dop_operator_3.py
[2024-11-01T12:21:47.596+0000] {logging_mixin.py:190} INFO - [2024-11-01T12:21:47.595+0000] {dag.py:3239} INFO - Sync 1 DAGs
[2024-11-01T12:21:47.618+0000] {logging_mixin.py:190} INFO - [2024-11-01T12:21:47.617+0000] {dag.py:4180} INFO - Setting next_dagrun for example_branch_dop_operator_v3 to 2024-11-01 12:20:00+00:00, run_after=2024-11-01 12:21:00+00:00
[2024-11-01T12:21:47.635+0000] {processor.py:208} INFO - Processing /home/airflow/.local/lib/python3.12/site-packages/airflow/example_dags/example_branch_python_dop_operator_3.py took 0.073 seconds
[2024-11-01T12:22:17.817+0000] {processor.py:186} INFO - Started process (PID=1776) to work on /home/airflow/.local/lib/python3.12/site-packages/airflow/example_dags/example_branch_python_dop_operator_3.py
[2024-11-01T12:22:17.819+0000] {processor.py:914} INFO - Processing file /home/airflow/.local/lib/python3.12/site-packages/airflow/example_dags/example_branch_python_dop_operator_3.py for tasks to queue
[2024-11-01T12:22:17.821+0000] {logging_mixin.py:190} INFO - [2024-11-01T12:22:17.821+0000] {dagbag.py:588} INFO - Filling up the DagBag from /home/airflow/.local/lib/python3.12/site-packages/airflow/example_dags/example_branch_python_dop_operator_3.py
[2024-11-01T12:22:17.827+0000] {processor.py:925} INFO - DAG(s) 'example_branch_dop_operator_v3' retrieved from /home/airflow/.local/lib/python3.12/site-packages/airflow/example_dags/example_branch_python_dop_operator_3.py
[2024-11-01T12:22:17.840+0000] {logging_mixin.py:190} INFO - [2024-11-01T12:22:17.840+0000] {dag.py:3239} INFO - Sync 1 DAGs
[2024-11-01T12:22:17.858+0000] {logging_mixin.py:190} INFO - [2024-11-01T12:22:17.857+0000] {dag.py:4180} INFO - Setting next_dagrun for example_branch_dop_operator_v3 to 2024-11-01 12:21:00+00:00, run_after=2024-11-01 12:22:00+00:00
[2024-11-01T12:22:17.872+0000] {processor.py:208} INFO - Processing /home/airflow/.local/lib/python3.12/site-packages/airflow/example_dags/example_branch_python_dop_operator_3.py took 0.061 seconds
[2024-11-01T12:22:48.075+0000] {processor.py:186} INFO - Started process (PID=1841) to work on /home/airflow/.local/lib/python3.12/site-packages/airflow/example_dags/example_branch_python_dop_operator_3.py
[2024-11-01T12:22:48.077+0000] {processor.py:914} INFO - Processing file /home/airflow/.local/lib/python3.12/site-packages/airflow/example_dags/example_branch_python_dop_operator_3.py for tasks to queue
[2024-11-01T12:22:48.079+0000] {logging_mixin.py:190} INFO - [2024-11-01T12:22:48.079+0000] {dagbag.py:588} INFO - Filling up the DagBag from /home/airflow/.local/lib/python3.12/site-packages/airflow/example_dags/example_branch_python_dop_operator_3.py
[2024-11-01T12:22:48.088+0000] {processor.py:925} INFO - DAG(s) 'example_branch_dop_operator_v3' retrieved from /home/airflow/.local/lib/python3.12/site-packages/airflow/example_dags/example_branch_python_dop_operator_3.py
[2024-11-01T12:22:48.104+0000] {logging_mixin.py:190} INFO - [2024-11-01T12:22:48.104+0000] {dag.py:3239} INFO - Sync 1 DAGs
[2024-11-01T12:22:48.124+0000] {logging_mixin.py:190} INFO - [2024-11-01T12:22:48.124+0000] {dag.py:4180} INFO - Setting next_dagrun for example_branch_dop_operator_v3 to 2024-11-01 12:21:00+00:00, run_after=2024-11-01 12:22:00+00:00
[2024-11-01T12:22:48.142+0000] {processor.py:208} INFO - Processing /home/airflow/.local/lib/python3.12/site-packages/airflow/example_dags/example_branch_python_dop_operator_3.py took 0.073 seconds
[2024-11-01T12:23:18.507+0000] {processor.py:186} INFO - Started process (PID=1906) to work on /home/airflow/.local/lib/python3.12/site-packages/airflow/example_dags/example_branch_python_dop_operator_3.py
[2024-11-01T12:23:18.509+0000] {processor.py:914} INFO - Processing file /home/airflow/.local/lib/python3.12/site-packages/airflow/example_dags/example_branch_python_dop_operator_3.py for tasks to queue
[2024-11-01T12:23:18.511+0000] {logging_mixin.py:190} INFO - [2024-11-01T12:23:18.511+0000] {dagbag.py:588} INFO - Filling up the DagBag from /home/airflow/.local/lib/python3.12/site-packages/airflow/example_dags/example_branch_python_dop_operator_3.py
[2024-11-01T12:23:18.519+0000] {processor.py:925} INFO - DAG(s) 'example_branch_dop_operator_v3' retrieved from /home/airflow/.local/lib/python3.12/site-packages/airflow/example_dags/example_branch_python_dop_operator_3.py
[2024-11-01T12:23:18.534+0000] {logging_mixin.py:190} INFO - [2024-11-01T12:23:18.534+0000] {dag.py:3239} INFO - Sync 1 DAGs
[2024-11-01T12:23:18.553+0000] {logging_mixin.py:190} INFO - [2024-11-01T12:23:18.553+0000] {dag.py:4180} INFO - Setting next_dagrun for example_branch_dop_operator_v3 to 2024-11-01 12:22:00+00:00, run_after=2024-11-01 12:23:00+00:00
[2024-11-01T12:23:18.571+0000] {processor.py:208} INFO - Processing /home/airflow/.local/lib/python3.12/site-packages/airflow/example_dags/example_branch_python_dop_operator_3.py took 0.068 seconds
[2024-11-01T12:23:48.712+0000] {processor.py:186} INFO - Started process (PID=1971) to work on /home/airflow/.local/lib/python3.12/site-packages/airflow/example_dags/example_branch_python_dop_operator_3.py
[2024-11-01T12:23:48.714+0000] {processor.py:914} INFO - Processing file /home/airflow/.local/lib/python3.12/site-packages/airflow/example_dags/example_branch_python_dop_operator_3.py for tasks to queue
[2024-11-01T12:23:48.717+0000] {logging_mixin.py:190} INFO - [2024-11-01T12:23:48.716+0000] {dagbag.py:588} INFO - Filling up the DagBag from /home/airflow/.local/lib/python3.12/site-packages/airflow/example_dags/example_branch_python_dop_operator_3.py
[2024-11-01T12:23:48.724+0000] {processor.py:925} INFO - DAG(s) 'example_branch_dop_operator_v3' retrieved from /home/airflow/.local/lib/python3.12/site-packages/airflow/example_dags/example_branch_python_dop_operator_3.py
[2024-11-01T12:23:48.740+0000] {logging_mixin.py:190} INFO - [2024-11-01T12:23:48.739+0000] {dag.py:3239} INFO - Sync 1 DAGs
[2024-11-01T12:23:48.762+0000] {logging_mixin.py:190} INFO - [2024-11-01T12:23:48.761+0000] {dag.py:4180} INFO - Setting next_dagrun for example_branch_dop_operator_v3 to 2024-11-01 12:22:00+00:00, run_after=2024-11-01 12:23:00+00:00
[2024-11-01T12:23:48.779+0000] {processor.py:208} INFO - Processing /home/airflow/.local/lib/python3.12/site-packages/airflow/example_dags/example_branch_python_dop_operator_3.py took 0.072 seconds
[2024-11-01T12:24:19.394+0000] {processor.py:186} INFO - Started process (PID=2036) to work on /home/airflow/.local/lib/python3.12/site-packages/airflow/example_dags/example_branch_python_dop_operator_3.py
[2024-11-01T12:24:19.394+0000] {processor.py:914} INFO - Processing file /home/airflow/.local/lib/python3.12/site-packages/airflow/example_dags/example_branch_python_dop_operator_3.py for tasks to queue
[2024-11-01T12:24:19.397+0000] {logging_mixin.py:190} INFO - [2024-11-01T12:24:19.396+0000] {dagbag.py:588} INFO - Filling up the DagBag from /home/airflow/.local/lib/python3.12/site-packages/airflow/example_dags/example_branch_python_dop_operator_3.py
[2024-11-01T12:24:19.406+0000] {processor.py:925} INFO - DAG(s) 'example_branch_dop_operator_v3' retrieved from /home/airflow/.local/lib/python3.12/site-packages/airflow/example_dags/example_branch_python_dop_operator_3.py
[2024-11-01T12:24:19.420+0000] {logging_mixin.py:190} INFO - [2024-11-01T12:24:19.420+0000] {dag.py:3239} INFO - Sync 1 DAGs
[2024-11-01T12:24:19.442+0000] {logging_mixin.py:190} INFO - [2024-11-01T12:24:19.442+0000] {dag.py:4180} INFO - Setting next_dagrun for example_branch_dop_operator_v3 to 2024-11-01 12:23:00+00:00, run_after=2024-11-01 12:24:00+00:00
[2024-11-01T12:24:19.457+0000] {processor.py:208} INFO - Processing /home/airflow/.local/lib/python3.12/site-packages/airflow/example_dags/example_branch_python_dop_operator_3.py took 0.069 seconds
[2024-11-01T12:24:50.083+0000] {processor.py:186} INFO - Started process (PID=2101) to work on /home/airflow/.local/lib/python3.12/site-packages/airflow/example_dags/example_branch_python_dop_operator_3.py
[2024-11-01T12:24:50.085+0000] {processor.py:914} INFO - Processing file /home/airflow/.local/lib/python3.12/site-packages/airflow/example_dags/example_branch_python_dop_operator_3.py for tasks to queue
[2024-11-01T12:24:50.088+0000] {logging_mixin.py:190} INFO - [2024-11-01T12:24:50.088+0000] {dagbag.py:588} INFO - Filling up the DagBag from /home/airflow/.local/lib/python3.12/site-packages/airflow/example_dags/example_branch_python_dop_operator_3.py
[2024-11-01T12:24:50.095+0000] {processor.py:925} INFO - DAG(s) 'example_branch_dop_operator_v3' retrieved from /home/airflow/.local/lib/python3.12/site-packages/airflow/example_dags/example_branch_python_dop_operator_3.py
[2024-11-01T12:24:50.110+0000] {logging_mixin.py:190} INFO - [2024-11-01T12:24:50.110+0000] {dag.py:3239} INFO - Sync 1 DAGs
[2024-11-01T12:24:50.129+0000] {logging_mixin.py:190} INFO - [2024-11-01T12:24:50.129+0000] {dag.py:4180} INFO - Setting next_dagrun for example_branch_dop_operator_v3 to 2024-11-01 12:23:00+00:00, run_after=2024-11-01 12:24:00+00:00
[2024-11-01T12:24:50.145+0000] {processor.py:208} INFO - Processing /home/airflow/.local/lib/python3.12/site-packages/airflow/example_dags/example_branch_python_dop_operator_3.py took 0.068 seconds
[2024-11-01T12:25:20.306+0000] {processor.py:186} INFO - Started process (PID=2166) to work on /home/airflow/.local/lib/python3.12/site-packages/airflow/example_dags/example_branch_python_dop_operator_3.py
[2024-11-01T12:25:20.307+0000] {processor.py:914} INFO - Processing file /home/airflow/.local/lib/python3.12/site-packages/airflow/example_dags/example_branch_python_dop_operator_3.py for tasks to queue
[2024-11-01T12:25:20.308+0000] {logging_mixin.py:190} INFO - [2024-11-01T12:25:20.308+0000] {dagbag.py:588} INFO - Filling up the DagBag from /home/airflow/.local/lib/python3.12/site-packages/airflow/example_dags/example_branch_python_dop_operator_3.py
[2024-11-01T12:25:20.314+0000] {processor.py:925} INFO - DAG(s) 'example_branch_dop_operator_v3' retrieved from /home/airflow/.local/lib/python3.12/site-packages/airflow/example_dags/example_branch_python_dop_operator_3.py
[2024-11-01T12:25:20.327+0000] {logging_mixin.py:190} INFO - [2024-11-01T12:25:20.326+0000] {dag.py:3239} INFO - Sync 1 DAGs
[2024-11-01T12:25:20.344+0000] {logging_mixin.py:190} INFO - [2024-11-01T12:25:20.343+0000] {dag.py:4180} INFO - Setting next_dagrun for example_branch_dop_operator_v3 to 2024-11-01 12:24:00+00:00, run_after=2024-11-01 12:25:00+00:00
[2024-11-01T12:25:20.357+0000] {processor.py:208} INFO - Processing /home/airflow/.local/lib/python3.12/site-packages/airflow/example_dags/example_branch_python_dop_operator_3.py took 0.055 seconds
[2024-11-01T12:25:50.732+0000] {processor.py:186} INFO - Started process (PID=2230) to work on /home/airflow/.local/lib/python3.12/site-packages/airflow/example_dags/example_branch_python_dop_operator_3.py
[2024-11-01T12:25:50.733+0000] {processor.py:914} INFO - Processing file /home/airflow/.local/lib/python3.12/site-packages/airflow/example_dags/example_branch_python_dop_operator_3.py for tasks to queue
[2024-11-01T12:25:50.737+0000] {logging_mixin.py:190} INFO - [2024-11-01T12:25:50.736+0000] {dagbag.py:588} INFO - Filling up the DagBag from /home/airflow/.local/lib/python3.12/site-packages/airflow/example_dags/example_branch_python_dop_operator_3.py
[2024-11-01T12:25:50.745+0000] {processor.py:925} INFO - DAG(s) 'example_branch_dop_operator_v3' retrieved from /home/airflow/.local/lib/python3.12/site-packages/airflow/example_dags/example_branch_python_dop_operator_3.py
[2024-11-01T12:25:50.764+0000] {logging_mixin.py:190} INFO - [2024-11-01T12:25:50.764+0000] {dag.py:3239} INFO - Sync 1 DAGs
[2024-11-01T12:25:50.793+0000] {logging_mixin.py:190} INFO - [2024-11-01T12:25:50.793+0000] {dag.py:4180} INFO - Setting next_dagrun for example_branch_dop_operator_v3 to 2024-11-01 12:24:00+00:00, run_after=2024-11-01 12:25:00+00:00
[2024-11-01T12:25:50.813+0000] {processor.py:208} INFO - Processing /home/airflow/.local/lib/python3.12/site-packages/airflow/example_dags/example_branch_python_dop_operator_3.py took 0.085 seconds
[2024-11-01T12:26:21.017+0000] {processor.py:186} INFO - Started process (PID=2294) to work on /home/airflow/.local/lib/python3.12/site-packages/airflow/example_dags/example_branch_python_dop_operator_3.py
[2024-11-01T12:26:21.018+0000] {processor.py:914} INFO - Processing file /home/airflow/.local/lib/python3.12/site-packages/airflow/example_dags/example_branch_python_dop_operator_3.py for tasks to queue
[2024-11-01T12:26:21.021+0000] {logging_mixin.py:190} INFO - [2024-11-01T12:26:21.020+0000] {dagbag.py:588} INFO - Filling up the DagBag from /home/airflow/.local/lib/python3.12/site-packages/airflow/example_dags/example_branch_python_dop_operator_3.py
[2024-11-01T12:26:21.030+0000] {processor.py:925} INFO - DAG(s) 'example_branch_dop_operator_v3' retrieved from /home/airflow/.local/lib/python3.12/site-packages/airflow/example_dags/example_branch_python_dop_operator_3.py
[2024-11-01T12:26:21.047+0000] {logging_mixin.py:190} INFO - [2024-11-01T12:26:21.046+0000] {dag.py:3239} INFO - Sync 1 DAGs
[2024-11-01T12:26:21.072+0000] {logging_mixin.py:190} INFO - [2024-11-01T12:26:21.072+0000] {dag.py:4180} INFO - Setting next_dagrun for example_branch_dop_operator_v3 to 2024-11-01 12:25:00+00:00, run_after=2024-11-01 12:26:00+00:00
[2024-11-01T12:26:21.278+0000] {processor.py:208} INFO - Processing /home/airflow/.local/lib/python3.12/site-packages/airflow/example_dags/example_branch_python_dop_operator_3.py took 0.266 seconds
[2024-11-01T12:26:51.710+0000] {processor.py:186} INFO - Started process (PID=2359) to work on /home/airflow/.local/lib/python3.12/site-packages/airflow/example_dags/example_branch_python_dop_operator_3.py
[2024-11-01T12:26:51.711+0000] {processor.py:914} INFO - Processing file /home/airflow/.local/lib/python3.12/site-packages/airflow/example_dags/example_branch_python_dop_operator_3.py for tasks to queue
[2024-11-01T12:26:51.713+0000] {logging_mixin.py:190} INFO - [2024-11-01T12:26:51.713+0000] {dagbag.py:588} INFO - Filling up the DagBag from /home/airflow/.local/lib/python3.12/site-packages/airflow/example_dags/example_branch_python_dop_operator_3.py
[2024-11-01T12:26:51.721+0000] {processor.py:925} INFO - DAG(s) 'example_branch_dop_operator_v3' retrieved from /home/airflow/.local/lib/python3.12/site-packages/airflow/example_dags/example_branch_python_dop_operator_3.py
[2024-11-01T12:26:51.737+0000] {logging_mixin.py:190} INFO - [2024-11-01T12:26:51.737+0000] {dag.py:3239} INFO - Sync 1 DAGs
[2024-11-01T12:26:51.946+0000] {logging_mixin.py:190} INFO - [2024-11-01T12:26:51.946+0000] {dag.py:4180} INFO - Setting next_dagrun for example_branch_dop_operator_v3 to 2024-11-01 12:25:00+00:00, run_after=2024-11-01 12:26:00+00:00
[2024-11-01T12:26:51.962+0000] {processor.py:208} INFO - Processing /home/airflow/.local/lib/python3.12/site-packages/airflow/example_dags/example_branch_python_dop_operator_3.py took 0.258 seconds
[2024-11-01T12:27:22.563+0000] {processor.py:186} INFO - Started process (PID=2425) to work on /home/airflow/.local/lib/python3.12/site-packages/airflow/example_dags/example_branch_python_dop_operator_3.py
[2024-11-01T12:27:22.564+0000] {processor.py:914} INFO - Processing file /home/airflow/.local/lib/python3.12/site-packages/airflow/example_dags/example_branch_python_dop_operator_3.py for tasks to queue
[2024-11-01T12:27:22.566+0000] {logging_mixin.py:190} INFO - [2024-11-01T12:27:22.566+0000] {dagbag.py:588} INFO - Filling up the DagBag from /home/airflow/.local/lib/python3.12/site-packages/airflow/example_dags/example_branch_python_dop_operator_3.py
[2024-11-01T12:27:22.577+0000] {processor.py:925} INFO - DAG(s) 'example_branch_dop_operator_v3' retrieved from /home/airflow/.local/lib/python3.12/site-packages/airflow/example_dags/example_branch_python_dop_operator_3.py
[2024-11-01T12:27:22.596+0000] {logging_mixin.py:190} INFO - [2024-11-01T12:27:22.595+0000] {dag.py:3239} INFO - Sync 1 DAGs
[2024-11-01T12:27:22.781+0000] {logging_mixin.py:190} INFO - [2024-11-01T12:27:22.780+0000] {dag.py:4180} INFO - Setting next_dagrun for example_branch_dop_operator_v3 to 2024-11-01 12:26:00+00:00, run_after=2024-11-01 12:27:00+00:00
[2024-11-01T12:27:22.795+0000] {processor.py:208} INFO - Processing /home/airflow/.local/lib/python3.12/site-packages/airflow/example_dags/example_branch_python_dop_operator_3.py took 0.238 seconds
[2024-11-01T12:27:53.475+0000] {processor.py:186} INFO - Started process (PID=2490) to work on /home/airflow/.local/lib/python3.12/site-packages/airflow/example_dags/example_branch_python_dop_operator_3.py
[2024-11-01T12:27:53.476+0000] {processor.py:914} INFO - Processing file /home/airflow/.local/lib/python3.12/site-packages/airflow/example_dags/example_branch_python_dop_operator_3.py for tasks to queue
[2024-11-01T12:27:53.478+0000] {logging_mixin.py:190} INFO - [2024-11-01T12:27:53.478+0000] {dagbag.py:588} INFO - Filling up the DagBag from /home/airflow/.local/lib/python3.12/site-packages/airflow/example_dags/example_branch_python_dop_operator_3.py
[2024-11-01T12:27:53.485+0000] {processor.py:925} INFO - DAG(s) 'example_branch_dop_operator_v3' retrieved from /home/airflow/.local/lib/python3.12/site-packages/airflow/example_dags/example_branch_python_dop_operator_3.py
[2024-11-01T12:27:53.500+0000] {logging_mixin.py:190} INFO - [2024-11-01T12:27:53.499+0000] {dag.py:3239} INFO - Sync 1 DAGs
[2024-11-01T12:27:53.684+0000] {logging_mixin.py:190} INFO - [2024-11-01T12:27:53.684+0000] {dag.py:4180} INFO - Setting next_dagrun for example_branch_dop_operator_v3 to 2024-11-01 12:26:00+00:00, run_after=2024-11-01 12:27:00+00:00
[2024-11-01T12:27:53.701+0000] {processor.py:208} INFO - Processing /home/airflow/.local/lib/python3.12/site-packages/airflow/example_dags/example_branch_python_dop_operator_3.py took 0.232 seconds
[2024-11-01T12:28:23.810+0000] {processor.py:186} INFO - Started process (PID=2555) to work on /home/airflow/.local/lib/python3.12/site-packages/airflow/example_dags/example_branch_python_dop_operator_3.py
[2024-11-01T12:28:23.811+0000] {processor.py:914} INFO - Processing file /home/airflow/.local/lib/python3.12/site-packages/airflow/example_dags/example_branch_python_dop_operator_3.py for tasks to queue
[2024-11-01T12:28:23.813+0000] {logging_mixin.py:190} INFO - [2024-11-01T12:28:23.813+0000] {dagbag.py:588} INFO - Filling up the DagBag from /home/airflow/.local/lib/python3.12/site-packages/airflow/example_dags/example_branch_python_dop_operator_3.py
[2024-11-01T12:28:23.818+0000] {processor.py:925} INFO - DAG(s) 'example_branch_dop_operator_v3' retrieved from /home/airflow/.local/lib/python3.12/site-packages/airflow/example_dags/example_branch_python_dop_operator_3.py
[2024-11-01T12:28:23.834+0000] {logging_mixin.py:190} INFO - [2024-11-01T12:28:23.833+0000] {dag.py:3239} INFO - Sync 1 DAGs
[2024-11-01T12:28:23.853+0000] {logging_mixin.py:190} INFO - [2024-11-01T12:28:23.853+0000] {dag.py:4180} INFO - Setting next_dagrun for example_branch_dop_operator_v3 to 2024-11-01 12:27:00+00:00, run_after=2024-11-01 12:28:00+00:00
[2024-11-01T12:28:23.869+0000] {processor.py:208} INFO - Processing /home/airflow/.local/lib/python3.12/site-packages/airflow/example_dags/example_branch_python_dop_operator_3.py took 0.064 seconds
[2024-11-01T12:28:54.031+0000] {processor.py:186} INFO - Started process (PID=2620) to work on /home/airflow/.local/lib/python3.12/site-packages/airflow/example_dags/example_branch_python_dop_operator_3.py
[2024-11-01T12:28:54.031+0000] {processor.py:914} INFO - Processing file /home/airflow/.local/lib/python3.12/site-packages/airflow/example_dags/example_branch_python_dop_operator_3.py for tasks to queue
[2024-11-01T12:28:54.033+0000] {logging_mixin.py:190} INFO - [2024-11-01T12:28:54.033+0000] {dagbag.py:588} INFO - Filling up the DagBag from /home/airflow/.local/lib/python3.12/site-packages/airflow/example_dags/example_branch_python_dop_operator_3.py
[2024-11-01T12:28:54.039+0000] {processor.py:925} INFO - DAG(s) 'example_branch_dop_operator_v3' retrieved from /home/airflow/.local/lib/python3.12/site-packages/airflow/example_dags/example_branch_python_dop_operator_3.py
[2024-11-01T12:28:54.054+0000] {logging_mixin.py:190} INFO - [2024-11-01T12:28:54.054+0000] {dag.py:3239} INFO - Sync 1 DAGs
[2024-11-01T12:28:54.078+0000] {logging_mixin.py:190} INFO - [2024-11-01T12:28:54.078+0000] {dag.py:4180} INFO - Setting next_dagrun for example_branch_dop_operator_v3 to 2024-11-01 12:27:00+00:00, run_after=2024-11-01 12:28:00+00:00
[2024-11-01T12:28:54.096+0000] {processor.py:208} INFO - Processing /home/airflow/.local/lib/python3.12/site-packages/airflow/example_dags/example_branch_python_dop_operator_3.py took 0.071 seconds
[2024-11-01T12:29:24.438+0000] {processor.py:186} INFO - Started process (PID=2684) to work on /home/airflow/.local/lib/python3.12/site-packages/airflow/example_dags/example_branch_python_dop_operator_3.py
[2024-11-01T12:29:24.438+0000] {processor.py:914} INFO - Processing file /home/airflow/.local/lib/python3.12/site-packages/airflow/example_dags/example_branch_python_dop_operator_3.py for tasks to queue
[2024-11-01T12:29:24.440+0000] {logging_mixin.py:190} INFO - [2024-11-01T12:29:24.439+0000] {dagbag.py:588} INFO - Filling up the DagBag from /home/airflow/.local/lib/python3.12/site-packages/airflow/example_dags/example_branch_python_dop_operator_3.py
[2024-11-01T12:29:24.448+0000] {processor.py:925} INFO - DAG(s) 'example_branch_dop_operator_v3' retrieved from /home/airflow/.local/lib/python3.12/site-packages/airflow/example_dags/example_branch_python_dop_operator_3.py
[2024-11-01T12:29:24.462+0000] {logging_mixin.py:190} INFO - [2024-11-01T12:29:24.462+0000] {dag.py:3239} INFO - Sync 1 DAGs
[2024-11-01T12:29:24.481+0000] {logging_mixin.py:190} INFO - [2024-11-01T12:29:24.481+0000] {dag.py:4180} INFO - Setting next_dagrun for example_branch_dop_operator_v3 to 2024-11-01 12:28:00+00:00, run_after=2024-11-01 12:29:00+00:00
[2024-11-01T12:29:24.496+0000] {processor.py:208} INFO - Processing /home/airflow/.local/lib/python3.12/site-packages/airflow/example_dags/example_branch_python_dop_operator_3.py took 0.062 seconds
[2024-11-01T12:29:54.562+0000] {processor.py:186} INFO - Started process (PID=2749) to work on /home/airflow/.local/lib/python3.12/site-packages/airflow/example_dags/example_branch_python_dop_operator_3.py
[2024-11-01T12:29:54.563+0000] {processor.py:914} INFO - Processing file /home/airflow/.local/lib/python3.12/site-packages/airflow/example_dags/example_branch_python_dop_operator_3.py for tasks to queue
[2024-11-01T12:29:54.564+0000] {logging_mixin.py:190} INFO - [2024-11-01T12:29:54.564+0000] {dagbag.py:588} INFO - Filling up the DagBag from /home/airflow/.local/lib/python3.12/site-packages/airflow/example_dags/example_branch_python_dop_operator_3.py
[2024-11-01T12:29:54.571+0000] {processor.py:925} INFO - DAG(s) 'example_branch_dop_operator_v3' retrieved from /home/airflow/.local/lib/python3.12/site-packages/airflow/example_dags/example_branch_python_dop_operator_3.py
[2024-11-01T12:29:54.583+0000] {logging_mixin.py:190} INFO - [2024-11-01T12:29:54.583+0000] {dag.py:3239} INFO - Sync 1 DAGs
[2024-11-01T12:29:54.599+0000] {logging_mixin.py:190} INFO - [2024-11-01T12:29:54.599+0000] {dag.py:4180} INFO - Setting next_dagrun for example_branch_dop_operator_v3 to 2024-11-01 12:28:00+00:00, run_after=2024-11-01 12:29:00+00:00
[2024-11-01T12:29:54.611+0000] {processor.py:208} INFO - Processing /home/airflow/.local/lib/python3.12/site-packages/airflow/example_dags/example_branch_python_dop_operator_3.py took 0.052 seconds
[2024-11-01T12:30:25.046+0000] {processor.py:186} INFO - Started process (PID=2814) to work on /home/airflow/.local/lib/python3.12/site-packages/airflow/example_dags/example_branch_python_dop_operator_3.py
[2024-11-01T12:30:25.047+0000] {processor.py:914} INFO - Processing file /home/airflow/.local/lib/python3.12/site-packages/airflow/example_dags/example_branch_python_dop_operator_3.py for tasks to queue
[2024-11-01T12:30:25.048+0000] {logging_mixin.py:190} INFO - [2024-11-01T12:30:25.048+0000] {dagbag.py:588} INFO - Filling up the DagBag from /home/airflow/.local/lib/python3.12/site-packages/airflow/example_dags/example_branch_python_dop_operator_3.py
[2024-11-01T12:30:25.055+0000] {processor.py:925} INFO - DAG(s) 'example_branch_dop_operator_v3' retrieved from /home/airflow/.local/lib/python3.12/site-packages/airflow/example_dags/example_branch_python_dop_operator_3.py
[2024-11-01T12:30:25.067+0000] {logging_mixin.py:190} INFO - [2024-11-01T12:30:25.067+0000] {dag.py:3239} INFO - Sync 1 DAGs
[2024-11-01T12:30:25.084+0000] {logging_mixin.py:190} INFO - [2024-11-01T12:30:25.083+0000] {dag.py:4180} INFO - Setting next_dagrun for example_branch_dop_operator_v3 to 2024-11-01 12:29:00+00:00, run_after=2024-11-01 12:30:00+00:00
[2024-11-01T12:30:25.095+0000] {processor.py:208} INFO - Processing /home/airflow/.local/lib/python3.12/site-packages/airflow/example_dags/example_branch_python_dop_operator_3.py took 0.053 seconds
[2024-11-01T12:30:55.582+0000] {processor.py:186} INFO - Started process (PID=2880) to work on /home/airflow/.local/lib/python3.12/site-packages/airflow/example_dags/example_branch_python_dop_operator_3.py
[2024-11-01T12:30:55.582+0000] {processor.py:914} INFO - Processing file /home/airflow/.local/lib/python3.12/site-packages/airflow/example_dags/example_branch_python_dop_operator_3.py for tasks to queue
[2024-11-01T12:30:55.584+0000] {logging_mixin.py:190} INFO - [2024-11-01T12:30:55.584+0000] {dagbag.py:588} INFO - Filling up the DagBag from /home/airflow/.local/lib/python3.12/site-packages/airflow/example_dags/example_branch_python_dop_operator_3.py
[2024-11-01T12:30:55.590+0000] {processor.py:925} INFO - DAG(s) 'example_branch_dop_operator_v3' retrieved from /home/airflow/.local/lib/python3.12/site-packages/airflow/example_dags/example_branch_python_dop_operator_3.py
[2024-11-01T12:30:55.602+0000] {logging_mixin.py:190} INFO - [2024-11-01T12:30:55.601+0000] {dag.py:3239} INFO - Sync 1 DAGs
[2024-11-01T12:30:55.619+0000] {logging_mixin.py:190} INFO - [2024-11-01T12:30:55.618+0000] {dag.py:4180} INFO - Setting next_dagrun for example_branch_dop_operator_v3 to 2024-11-01 12:29:00+00:00, run_after=2024-11-01 12:30:00+00:00
[2024-11-01T12:30:55.631+0000] {processor.py:208} INFO - Processing /home/airflow/.local/lib/python3.12/site-packages/airflow/example_dags/example_branch_python_dop_operator_3.py took 0.053 seconds
[2024-11-01T12:31:26.211+0000] {processor.py:186} INFO - Started process (PID=2945) to work on /home/airflow/.local/lib/python3.12/site-packages/airflow/example_dags/example_branch_python_dop_operator_3.py
[2024-11-01T12:31:26.212+0000] {processor.py:914} INFO - Processing file /home/airflow/.local/lib/python3.12/site-packages/airflow/example_dags/example_branch_python_dop_operator_3.py for tasks to queue
[2024-11-01T12:31:26.213+0000] {logging_mixin.py:190} INFO - [2024-11-01T12:31:26.213+0000] {dagbag.py:588} INFO - Filling up the DagBag from /home/airflow/.local/lib/python3.12/site-packages/airflow/example_dags/example_branch_python_dop_operator_3.py
[2024-11-01T12:31:26.220+0000] {processor.py:925} INFO - DAG(s) 'example_branch_dop_operator_v3' retrieved from /home/airflow/.local/lib/python3.12/site-packages/airflow/example_dags/example_branch_python_dop_operator_3.py
[2024-11-01T12:31:26.232+0000] {logging_mixin.py:190} INFO - [2024-11-01T12:31:26.232+0000] {dag.py:3239} INFO - Sync 1 DAGs
[2024-11-01T12:31:26.249+0000] {logging_mixin.py:190} INFO - [2024-11-01T12:31:26.249+0000] {dag.py:4180} INFO - Setting next_dagrun for example_branch_dop_operator_v3 to 2024-11-01 12:30:00+00:00, run_after=2024-11-01 12:31:00+00:00
[2024-11-01T12:31:26.263+0000] {processor.py:208} INFO - Processing /home/airflow/.local/lib/python3.12/site-packages/airflow/example_dags/example_branch_python_dop_operator_3.py took 0.056 seconds
[2024-11-01T12:31:56.785+0000] {processor.py:186} INFO - Started process (PID=3010) to work on /home/airflow/.local/lib/python3.12/site-packages/airflow/example_dags/example_branch_python_dop_operator_3.py
[2024-11-01T12:31:56.786+0000] {processor.py:914} INFO - Processing file /home/airflow/.local/lib/python3.12/site-packages/airflow/example_dags/example_branch_python_dop_operator_3.py for tasks to queue
[2024-11-01T12:31:56.787+0000] {logging_mixin.py:190} INFO - [2024-11-01T12:31:56.787+0000] {dagbag.py:588} INFO - Filling up the DagBag from /home/airflow/.local/lib/python3.12/site-packages/airflow/example_dags/example_branch_python_dop_operator_3.py
[2024-11-01T12:31:56.793+0000] {processor.py:925} INFO - DAG(s) 'example_branch_dop_operator_v3' retrieved from /home/airflow/.local/lib/python3.12/site-packages/airflow/example_dags/example_branch_python_dop_operator_3.py
[2024-11-01T12:31:56.805+0000] {logging_mixin.py:190} INFO - [2024-11-01T12:31:56.805+0000] {dag.py:3239} INFO - Sync 1 DAGs
[2024-11-01T12:31:56.821+0000] {logging_mixin.py:190} INFO - [2024-11-01T12:31:56.820+0000] {dag.py:4180} INFO - Setting next_dagrun for example_branch_dop_operator_v3 to 2024-11-01 12:30:00+00:00, run_after=2024-11-01 12:31:00+00:00
[2024-11-01T12:31:56.833+0000] {processor.py:208} INFO - Processing /home/airflow/.local/lib/python3.12/site-packages/airflow/example_dags/example_branch_python_dop_operator_3.py took 0.052 seconds
[2024-11-01T12:32:27.304+0000] {processor.py:186} INFO - Started process (PID=3075) to work on /home/airflow/.local/lib/python3.12/site-packages/airflow/example_dags/example_branch_python_dop_operator_3.py
[2024-11-01T12:32:27.305+0000] {processor.py:914} INFO - Processing file /home/airflow/.local/lib/python3.12/site-packages/airflow/example_dags/example_branch_python_dop_operator_3.py for tasks to queue
[2024-11-01T12:32:27.306+0000] {logging_mixin.py:190} INFO - [2024-11-01T12:32:27.306+0000] {dagbag.py:588} INFO - Filling up the DagBag from /home/airflow/.local/lib/python3.12/site-packages/airflow/example_dags/example_branch_python_dop_operator_3.py
[2024-11-01T12:32:27.312+0000] {processor.py:925} INFO - DAG(s) 'example_branch_dop_operator_v3' retrieved from /home/airflow/.local/lib/python3.12/site-packages/airflow/example_dags/example_branch_python_dop_operator_3.py
[2024-11-01T12:32:27.325+0000] {logging_mixin.py:190} INFO - [2024-11-01T12:32:27.325+0000] {dag.py:3239} INFO - Sync 1 DAGs
[2024-11-01T12:32:27.341+0000] {logging_mixin.py:190} INFO - [2024-11-01T12:32:27.341+0000] {dag.py:4180} INFO - Setting next_dagrun for example_branch_dop_operator_v3 to 2024-11-01 12:31:00+00:00, run_after=2024-11-01 12:32:00+00:00
[2024-11-01T12:32:27.354+0000] {processor.py:208} INFO - Processing /home/airflow/.local/lib/python3.12/site-packages/airflow/example_dags/example_branch_python_dop_operator_3.py took 0.054 seconds
[2024-11-01T12:32:57.882+0000] {processor.py:186} INFO - Started process (PID=3140) to work on /home/airflow/.local/lib/python3.12/site-packages/airflow/example_dags/example_branch_python_dop_operator_3.py
[2024-11-01T12:32:57.882+0000] {processor.py:914} INFO - Processing file /home/airflow/.local/lib/python3.12/site-packages/airflow/example_dags/example_branch_python_dop_operator_3.py for tasks to queue
[2024-11-01T12:32:57.884+0000] {logging_mixin.py:190} INFO - [2024-11-01T12:32:57.884+0000] {dagbag.py:588} INFO - Filling up the DagBag from /home/airflow/.local/lib/python3.12/site-packages/airflow/example_dags/example_branch_python_dop_operator_3.py
[2024-11-01T12:32:57.891+0000] {processor.py:925} INFO - DAG(s) 'example_branch_dop_operator_v3' retrieved from /home/airflow/.local/lib/python3.12/site-packages/airflow/example_dags/example_branch_python_dop_operator_3.py
[2024-11-01T12:32:57.904+0000] {logging_mixin.py:190} INFO - [2024-11-01T12:32:57.904+0000] {dag.py:3239} INFO - Sync 1 DAGs
[2024-11-01T12:32:57.922+0000] {logging_mixin.py:190} INFO - [2024-11-01T12:32:57.922+0000] {dag.py:4180} INFO - Setting next_dagrun for example_branch_dop_operator_v3 to 2024-11-01 12:31:00+00:00, run_after=2024-11-01 12:32:00+00:00
[2024-11-01T12:32:57.937+0000] {processor.py:208} INFO - Processing /home/airflow/.local/lib/python3.12/site-packages/airflow/example_dags/example_branch_python_dop_operator_3.py took 0.059 seconds
[2024-11-01T12:33:28.432+0000] {processor.py:186} INFO - Started process (PID=3205) to work on /home/airflow/.local/lib/python3.12/site-packages/airflow/example_dags/example_branch_python_dop_operator_3.py
[2024-11-01T12:33:28.432+0000] {processor.py:914} INFO - Processing file /home/airflow/.local/lib/python3.12/site-packages/airflow/example_dags/example_branch_python_dop_operator_3.py for tasks to queue
[2024-11-01T12:33:28.434+0000] {logging_mixin.py:190} INFO - [2024-11-01T12:33:28.433+0000] {dagbag.py:588} INFO - Filling up the DagBag from /home/airflow/.local/lib/python3.12/site-packages/airflow/example_dags/example_branch_python_dop_operator_3.py
[2024-11-01T12:33:28.440+0000] {processor.py:925} INFO - DAG(s) 'example_branch_dop_operator_v3' retrieved from /home/airflow/.local/lib/python3.12/site-packages/airflow/example_dags/example_branch_python_dop_operator_3.py
[2024-11-01T12:33:28.452+0000] {logging_mixin.py:190} INFO - [2024-11-01T12:33:28.452+0000] {dag.py:3239} INFO - Sync 1 DAGs
[2024-11-01T12:33:28.468+0000] {logging_mixin.py:190} INFO - [2024-11-01T12:33:28.468+0000] {dag.py:4180} INFO - Setting next_dagrun for example_branch_dop_operator_v3 to 2024-11-01 12:32:00+00:00, run_after=2024-11-01 12:33:00+00:00
[2024-11-01T12:33:28.481+0000] {processor.py:208} INFO - Processing /home/airflow/.local/lib/python3.12/site-packages/airflow/example_dags/example_branch_python_dop_operator_3.py took 0.053 seconds
[2024-11-01T12:33:59.123+0000] {processor.py:186} INFO - Started process (PID=3270) to work on /home/airflow/.local/lib/python3.12/site-packages/airflow/example_dags/example_branch_python_dop_operator_3.py
[2024-11-01T12:33:59.124+0000] {processor.py:914} INFO - Processing file /home/airflow/.local/lib/python3.12/site-packages/airflow/example_dags/example_branch_python_dop_operator_3.py for tasks to queue
[2024-11-01T12:33:59.125+0000] {logging_mixin.py:190} INFO - [2024-11-01T12:33:59.125+0000] {dagbag.py:588} INFO - Filling up the DagBag from /home/airflow/.local/lib/python3.12/site-packages/airflow/example_dags/example_branch_python_dop_operator_3.py
[2024-11-01T12:33:59.132+0000] {processor.py:925} INFO - DAG(s) 'example_branch_dop_operator_v3' retrieved from /home/airflow/.local/lib/python3.12/site-packages/airflow/example_dags/example_branch_python_dop_operator_3.py
[2024-11-01T12:33:59.144+0000] {logging_mixin.py:190} INFO - [2024-11-01T12:33:59.144+0000] {dag.py:3239} INFO - Sync 1 DAGs
[2024-11-01T12:33:59.160+0000] {logging_mixin.py:190} INFO - [2024-11-01T12:33:59.159+0000] {dag.py:4180} INFO - Setting next_dagrun for example_branch_dop_operator_v3 to 2024-11-01 12:32:00+00:00, run_after=2024-11-01 12:33:00+00:00
[2024-11-01T12:33:59.172+0000] {processor.py:208} INFO - Processing /home/airflow/.local/lib/python3.12/site-packages/airflow/example_dags/example_branch_python_dop_operator_3.py took 0.053 seconds
[2024-11-01T12:34:29.478+0000] {processor.py:186} INFO - Started process (PID=3335) to work on /home/airflow/.local/lib/python3.12/site-packages/airflow/example_dags/example_branch_python_dop_operator_3.py
[2024-11-01T12:34:29.479+0000] {processor.py:914} INFO - Processing file /home/airflow/.local/lib/python3.12/site-packages/airflow/example_dags/example_branch_python_dop_operator_3.py for tasks to queue
[2024-11-01T12:34:29.481+0000] {logging_mixin.py:190} INFO - [2024-11-01T12:34:29.480+0000] {dagbag.py:588} INFO - Filling up the DagBag from /home/airflow/.local/lib/python3.12/site-packages/airflow/example_dags/example_branch_python_dop_operator_3.py
[2024-11-01T12:34:29.487+0000] {processor.py:925} INFO - DAG(s) 'example_branch_dop_operator_v3' retrieved from /home/airflow/.local/lib/python3.12/site-packages/airflow/example_dags/example_branch_python_dop_operator_3.py
[2024-11-01T12:34:29.499+0000] {logging_mixin.py:190} INFO - [2024-11-01T12:34:29.498+0000] {dag.py:3239} INFO - Sync 1 DAGs
[2024-11-01T12:34:29.515+0000] {logging_mixin.py:190} INFO - [2024-11-01T12:34:29.515+0000] {dag.py:4180} INFO - Setting next_dagrun for example_branch_dop_operator_v3 to 2024-11-01 12:33:00+00:00, run_after=2024-11-01 12:34:00+00:00
[2024-11-01T12:34:29.527+0000] {processor.py:208} INFO - Processing /home/airflow/.local/lib/python3.12/site-packages/airflow/example_dags/example_branch_python_dop_operator_3.py took 0.054 seconds
[2024-11-01T12:35:00.220+0000] {processor.py:186} INFO - Started process (PID=3400) to work on /home/airflow/.local/lib/python3.12/site-packages/airflow/example_dags/example_branch_python_dop_operator_3.py
[2024-11-01T12:35:00.221+0000] {processor.py:914} INFO - Processing file /home/airflow/.local/lib/python3.12/site-packages/airflow/example_dags/example_branch_python_dop_operator_3.py for tasks to queue
[2024-11-01T12:35:00.224+0000] {logging_mixin.py:190} INFO - [2024-11-01T12:35:00.223+0000] {dagbag.py:588} INFO - Filling up the DagBag from /home/airflow/.local/lib/python3.12/site-packages/airflow/example_dags/example_branch_python_dop_operator_3.py
[2024-11-01T12:35:00.232+0000] {processor.py:925} INFO - DAG(s) 'example_branch_dop_operator_v3' retrieved from /home/airflow/.local/lib/python3.12/site-packages/airflow/example_dags/example_branch_python_dop_operator_3.py
[2024-11-01T12:35:00.249+0000] {logging_mixin.py:190} INFO - [2024-11-01T12:35:00.248+0000] {dag.py:3239} INFO - Sync 1 DAGs
[2024-11-01T12:35:00.271+0000] {logging_mixin.py:190} INFO - [2024-11-01T12:35:00.270+0000] {dag.py:4180} INFO - Setting next_dagrun for example_branch_dop_operator_v3 to 2024-11-01 12:34:00+00:00, run_after=2024-11-01 12:35:00+00:00
[2024-11-01T12:35:00.284+0000] {processor.py:208} INFO - Processing /home/airflow/.local/lib/python3.12/site-packages/airflow/example_dags/example_branch_python_dop_operator_3.py took 0.070 seconds
[2024-11-01T12:35:30.836+0000] {processor.py:186} INFO - Started process (PID=3465) to work on /home/airflow/.local/lib/python3.12/site-packages/airflow/example_dags/example_branch_python_dop_operator_3.py
[2024-11-01T12:35:30.837+0000] {processor.py:914} INFO - Processing file /home/airflow/.local/lib/python3.12/site-packages/airflow/example_dags/example_branch_python_dop_operator_3.py for tasks to queue
[2024-11-01T12:35:30.839+0000] {logging_mixin.py:190} INFO - [2024-11-01T12:35:30.838+0000] {dagbag.py:588} INFO - Filling up the DagBag from /home/airflow/.local/lib/python3.12/site-packages/airflow/example_dags/example_branch_python_dop_operator_3.py
[2024-11-01T12:35:30.844+0000] {processor.py:925} INFO - DAG(s) 'example_branch_dop_operator_v3' retrieved from /home/airflow/.local/lib/python3.12/site-packages/airflow/example_dags/example_branch_python_dop_operator_3.py
[2024-11-01T12:35:30.858+0000] {logging_mixin.py:190} INFO - [2024-11-01T12:35:30.858+0000] {dag.py:3239} INFO - Sync 1 DAGs
[2024-11-01T12:35:30.874+0000] {logging_mixin.py:190} INFO - [2024-11-01T12:35:30.874+0000] {dag.py:4180} INFO - Setting next_dagrun for example_branch_dop_operator_v3 to 2024-11-01 12:34:00+00:00, run_after=2024-11-01 12:35:00+00:00
[2024-11-01T12:35:30.887+0000] {processor.py:208} INFO - Processing /home/airflow/.local/lib/python3.12/site-packages/airflow/example_dags/example_branch_python_dop_operator_3.py took 0.055 seconds
[2024-11-01T12:36:01.008+0000] {processor.py:186} INFO - Started process (PID=3531) to work on /home/airflow/.local/lib/python3.12/site-packages/airflow/example_dags/example_branch_python_dop_operator_3.py
[2024-11-01T12:36:01.009+0000] {processor.py:914} INFO - Processing file /home/airflow/.local/lib/python3.12/site-packages/airflow/example_dags/example_branch_python_dop_operator_3.py for tasks to queue
[2024-11-01T12:36:01.010+0000] {logging_mixin.py:190} INFO - [2024-11-01T12:36:01.010+0000] {dagbag.py:588} INFO - Filling up the DagBag from /home/airflow/.local/lib/python3.12/site-packages/airflow/example_dags/example_branch_python_dop_operator_3.py
[2024-11-01T12:36:01.017+0000] {processor.py:925} INFO - DAG(s) 'example_branch_dop_operator_v3' retrieved from /home/airflow/.local/lib/python3.12/site-packages/airflow/example_dags/example_branch_python_dop_operator_3.py
[2024-11-01T12:36:01.029+0000] {logging_mixin.py:190} INFO - [2024-11-01T12:36:01.028+0000] {dag.py:3239} INFO - Sync 1 DAGs
[2024-11-01T12:36:01.045+0000] {logging_mixin.py:190} INFO - [2024-11-01T12:36:01.044+0000] {dag.py:4180} INFO - Setting next_dagrun for example_branch_dop_operator_v3 to 2024-11-01 12:35:00+00:00, run_after=2024-11-01 12:36:00+00:00
[2024-11-01T12:36:01.057+0000] {processor.py:208} INFO - Processing /home/airflow/.local/lib/python3.12/site-packages/airflow/example_dags/example_branch_python_dop_operator_3.py took 0.052 seconds
[2024-11-01T12:36:32.090+0000] {processor.py:186} INFO - Started process (PID=3596) to work on /home/airflow/.local/lib/python3.12/site-packages/airflow/example_dags/example_branch_python_dop_operator_3.py
[2024-11-01T12:36:32.090+0000] {processor.py:914} INFO - Processing file /home/airflow/.local/lib/python3.12/site-packages/airflow/example_dags/example_branch_python_dop_operator_3.py for tasks to queue
[2024-11-01T12:36:32.092+0000] {logging_mixin.py:190} INFO - [2024-11-01T12:36:32.091+0000] {dagbag.py:588} INFO - Filling up the DagBag from /home/airflow/.local/lib/python3.12/site-packages/airflow/example_dags/example_branch_python_dop_operator_3.py
[2024-11-01T12:36:32.098+0000] {processor.py:925} INFO - DAG(s) 'example_branch_dop_operator_v3' retrieved from /home/airflow/.local/lib/python3.12/site-packages/airflow/example_dags/example_branch_python_dop_operator_3.py
[2024-11-01T12:36:32.112+0000] {logging_mixin.py:190} INFO - [2024-11-01T12:36:32.111+0000] {dag.py:3239} INFO - Sync 1 DAGs
[2024-11-01T12:36:32.130+0000] {logging_mixin.py:190} INFO - [2024-11-01T12:36:32.129+0000] {dag.py:4180} INFO - Setting next_dagrun for example_branch_dop_operator_v3 to 2024-11-01 12:35:00+00:00, run_after=2024-11-01 12:36:00+00:00
[2024-11-01T12:36:32.144+0000] {processor.py:208} INFO - Processing /home/airflow/.local/lib/python3.12/site-packages/airflow/example_dags/example_branch_python_dop_operator_3.py took 0.058 seconds
[2024-11-01T12:37:02.709+0000] {processor.py:186} INFO - Started process (PID=3660) to work on /home/airflow/.local/lib/python3.12/site-packages/airflow/example_dags/example_branch_python_dop_operator_3.py
[2024-11-01T12:37:02.710+0000] {processor.py:914} INFO - Processing file /home/airflow/.local/lib/python3.12/site-packages/airflow/example_dags/example_branch_python_dop_operator_3.py for tasks to queue
[2024-11-01T12:37:02.711+0000] {logging_mixin.py:190} INFO - [2024-11-01T12:37:02.711+0000] {dagbag.py:588} INFO - Filling up the DagBag from /home/airflow/.local/lib/python3.12/site-packages/airflow/example_dags/example_branch_python_dop_operator_3.py
[2024-11-01T12:37:02.717+0000] {processor.py:925} INFO - DAG(s) 'example_branch_dop_operator_v3' retrieved from /home/airflow/.local/lib/python3.12/site-packages/airflow/example_dags/example_branch_python_dop_operator_3.py
[2024-11-01T12:37:02.731+0000] {logging_mixin.py:190} INFO - [2024-11-01T12:37:02.731+0000] {dag.py:3239} INFO - Sync 1 DAGs
[2024-11-01T12:37:02.750+0000] {logging_mixin.py:190} INFO - [2024-11-01T12:37:02.750+0000] {dag.py:4180} INFO - Setting next_dagrun for example_branch_dop_operator_v3 to 2024-11-01 12:36:00+00:00, run_after=2024-11-01 12:37:00+00:00
[2024-11-01T12:37:02.765+0000] {processor.py:208} INFO - Processing /home/airflow/.local/lib/python3.12/site-packages/airflow/example_dags/example_branch_python_dop_operator_3.py took 0.060 seconds
[2024-11-01T12:37:32.885+0000] {processor.py:186} INFO - Started process (PID=3725) to work on /home/airflow/.local/lib/python3.12/site-packages/airflow/example_dags/example_branch_python_dop_operator_3.py
[2024-11-01T12:37:32.885+0000] {processor.py:914} INFO - Processing file /home/airflow/.local/lib/python3.12/site-packages/airflow/example_dags/example_branch_python_dop_operator_3.py for tasks to queue
[2024-11-01T12:37:32.887+0000] {logging_mixin.py:190} INFO - [2024-11-01T12:37:32.887+0000] {dagbag.py:588} INFO - Filling up the DagBag from /home/airflow/.local/lib/python3.12/site-packages/airflow/example_dags/example_branch_python_dop_operator_3.py
[2024-11-01T12:37:32.893+0000] {processor.py:925} INFO - DAG(s) 'example_branch_dop_operator_v3' retrieved from /home/airflow/.local/lib/python3.12/site-packages/airflow/example_dags/example_branch_python_dop_operator_3.py
[2024-11-01T12:37:32.906+0000] {logging_mixin.py:190} INFO - [2024-11-01T12:37:32.906+0000] {dag.py:3239} INFO - Sync 1 DAGs
[2024-11-01T12:37:32.927+0000] {logging_mixin.py:190} INFO - [2024-11-01T12:37:32.927+0000] {dag.py:4180} INFO - Setting next_dagrun for example_branch_dop_operator_v3 to 2024-11-01 12:36:00+00:00, run_after=2024-11-01 12:37:00+00:00
[2024-11-01T12:37:32.941+0000] {processor.py:208} INFO - Processing /home/airflow/.local/lib/python3.12/site-packages/airflow/example_dags/example_branch_python_dop_operator_3.py took 0.060 seconds
[2024-11-01T12:38:03.966+0000] {processor.py:186} INFO - Started process (PID=3791) to work on /home/airflow/.local/lib/python3.12/site-packages/airflow/example_dags/example_branch_python_dop_operator_3.py
[2024-11-01T12:38:03.966+0000] {processor.py:914} INFO - Processing file /home/airflow/.local/lib/python3.12/site-packages/airflow/example_dags/example_branch_python_dop_operator_3.py for tasks to queue
[2024-11-01T12:38:03.968+0000] {logging_mixin.py:190} INFO - [2024-11-01T12:38:03.968+0000] {dagbag.py:588} INFO - Filling up the DagBag from /home/airflow/.local/lib/python3.12/site-packages/airflow/example_dags/example_branch_python_dop_operator_3.py
[2024-11-01T12:38:03.975+0000] {processor.py:925} INFO - DAG(s) 'example_branch_dop_operator_v3' retrieved from /home/airflow/.local/lib/python3.12/site-packages/airflow/example_dags/example_branch_python_dop_operator_3.py
[2024-11-01T12:38:03.988+0000] {logging_mixin.py:190} INFO - [2024-11-01T12:38:03.988+0000] {dag.py:3239} INFO - Sync 1 DAGs
[2024-11-01T12:38:04.004+0000] {logging_mixin.py:190} INFO - [2024-11-01T12:38:04.004+0000] {dag.py:4180} INFO - Setting next_dagrun for example_branch_dop_operator_v3 to 2024-11-01 12:37:00+00:00, run_after=2024-11-01 12:38:00+00:00
[2024-11-01T12:38:04.019+0000] {processor.py:208} INFO - Processing /home/airflow/.local/lib/python3.12/site-packages/airflow/example_dags/example_branch_python_dop_operator_3.py took 0.058 seconds
[2024-11-01T12:38:34.584+0000] {processor.py:186} INFO - Started process (PID=3856) to work on /home/airflow/.local/lib/python3.12/site-packages/airflow/example_dags/example_branch_python_dop_operator_3.py
[2024-11-01T12:38:34.585+0000] {processor.py:914} INFO - Processing file /home/airflow/.local/lib/python3.12/site-packages/airflow/example_dags/example_branch_python_dop_operator_3.py for tasks to queue
[2024-11-01T12:38:34.587+0000] {logging_mixin.py:190} INFO - [2024-11-01T12:38:34.586+0000] {dagbag.py:588} INFO - Filling up the DagBag from /home/airflow/.local/lib/python3.12/site-packages/airflow/example_dags/example_branch_python_dop_operator_3.py
[2024-11-01T12:38:34.593+0000] {processor.py:925} INFO - DAG(s) 'example_branch_dop_operator_v3' retrieved from /home/airflow/.local/lib/python3.12/site-packages/airflow/example_dags/example_branch_python_dop_operator_3.py
[2024-11-01T12:38:34.606+0000] {logging_mixin.py:190} INFO - [2024-11-01T12:38:34.606+0000] {dag.py:3239} INFO - Sync 1 DAGs
[2024-11-01T12:38:34.623+0000] {logging_mixin.py:190} INFO - [2024-11-01T12:38:34.623+0000] {dag.py:4180} INFO - Setting next_dagrun for example_branch_dop_operator_v3 to 2024-11-01 12:37:00+00:00, run_after=2024-11-01 12:38:00+00:00
[2024-11-01T12:38:34.637+0000] {processor.py:208} INFO - Processing /home/airflow/.local/lib/python3.12/site-packages/airflow/example_dags/example_branch_python_dop_operator_3.py took 0.057 seconds
[2024-11-01T12:39:05.164+0000] {processor.py:186} INFO - Started process (PID=3921) to work on /home/airflow/.local/lib/python3.12/site-packages/airflow/example_dags/example_branch_python_dop_operator_3.py
[2024-11-01T12:39:05.164+0000] {processor.py:914} INFO - Processing file /home/airflow/.local/lib/python3.12/site-packages/airflow/example_dags/example_branch_python_dop_operator_3.py for tasks to queue
[2024-11-01T12:39:05.166+0000] {logging_mixin.py:190} INFO - [2024-11-01T12:39:05.165+0000] {dagbag.py:588} INFO - Filling up the DagBag from /home/airflow/.local/lib/python3.12/site-packages/airflow/example_dags/example_branch_python_dop_operator_3.py
[2024-11-01T12:39:05.174+0000] {processor.py:925} INFO - DAG(s) 'example_branch_dop_operator_v3' retrieved from /home/airflow/.local/lib/python3.12/site-packages/airflow/example_dags/example_branch_python_dop_operator_3.py
[2024-11-01T12:39:05.190+0000] {logging_mixin.py:190} INFO - [2024-11-01T12:39:05.190+0000] {dag.py:3239} INFO - Sync 1 DAGs
[2024-11-01T12:39:05.208+0000] {logging_mixin.py:190} INFO - [2024-11-01T12:39:05.208+0000] {dag.py:4180} INFO - Setting next_dagrun for example_branch_dop_operator_v3 to 2024-11-01 12:38:00+00:00, run_after=2024-11-01 12:39:00+00:00
[2024-11-01T12:39:05.222+0000] {processor.py:208} INFO - Processing /home/airflow/.local/lib/python3.12/site-packages/airflow/example_dags/example_branch_python_dop_operator_3.py took 0.062 seconds
[2024-11-01T12:39:35.806+0000] {processor.py:186} INFO - Started process (PID=3992) to work on /home/airflow/.local/lib/python3.12/site-packages/airflow/example_dags/example_branch_python_dop_operator_3.py
[2024-11-01T12:39:35.807+0000] {processor.py:914} INFO - Processing file /home/airflow/.local/lib/python3.12/site-packages/airflow/example_dags/example_branch_python_dop_operator_3.py for tasks to queue
[2024-11-01T12:39:35.808+0000] {logging_mixin.py:190} INFO - [2024-11-01T12:39:35.808+0000] {dagbag.py:588} INFO - Filling up the DagBag from /home/airflow/.local/lib/python3.12/site-packages/airflow/example_dags/example_branch_python_dop_operator_3.py
[2024-11-01T12:39:35.815+0000] {processor.py:925} INFO - DAG(s) 'example_branch_dop_operator_v3' retrieved from /home/airflow/.local/lib/python3.12/site-packages/airflow/example_dags/example_branch_python_dop_operator_3.py
[2024-11-01T12:39:35.835+0000] {logging_mixin.py:190} INFO - [2024-11-01T12:39:35.835+0000] {dag.py:3239} INFO - Sync 1 DAGs
[2024-11-01T12:39:35.854+0000] {logging_mixin.py:190} INFO - [2024-11-01T12:39:35.854+0000] {dag.py:4180} INFO - Setting next_dagrun for example_branch_dop_operator_v3 to 2024-11-01 12:38:00+00:00, run_after=2024-11-01 12:39:00+00:00
[2024-11-01T12:39:35.869+0000] {processor.py:208} INFO - Processing /home/airflow/.local/lib/python3.12/site-packages/airflow/example_dags/example_branch_python_dop_operator_3.py took 0.066 seconds
[2024-11-01T12:40:06.240+0000] {processor.py:186} INFO - Started process (PID=4057) to work on /home/airflow/.local/lib/python3.12/site-packages/airflow/example_dags/example_branch_python_dop_operator_3.py
[2024-11-01T12:40:06.241+0000] {processor.py:914} INFO - Processing file /home/airflow/.local/lib/python3.12/site-packages/airflow/example_dags/example_branch_python_dop_operator_3.py for tasks to queue
[2024-11-01T12:40:06.243+0000] {logging_mixin.py:190} INFO - [2024-11-01T12:40:06.242+0000] {dagbag.py:588} INFO - Filling up the DagBag from /home/airflow/.local/lib/python3.12/site-packages/airflow/example_dags/example_branch_python_dop_operator_3.py
[2024-11-01T12:40:06.249+0000] {processor.py:925} INFO - DAG(s) 'example_branch_dop_operator_v3' retrieved from /home/airflow/.local/lib/python3.12/site-packages/airflow/example_dags/example_branch_python_dop_operator_3.py
[2024-11-01T12:40:06.262+0000] {logging_mixin.py:190} INFO - [2024-11-01T12:40:06.261+0000] {dag.py:3239} INFO - Sync 1 DAGs
[2024-11-01T12:40:06.280+0000] {logging_mixin.py:190} INFO - [2024-11-01T12:40:06.280+0000] {dag.py:4180} INFO - Setting next_dagrun for example_branch_dop_operator_v3 to 2024-11-01 12:39:00+00:00, run_after=2024-11-01 12:40:00+00:00
[2024-11-01T12:40:06.294+0000] {processor.py:208} INFO - Processing /home/airflow/.local/lib/python3.12/site-packages/airflow/example_dags/example_branch_python_dop_operator_3.py took 0.057 seconds
[2024-11-01T12:40:36.826+0000] {processor.py:186} INFO - Started process (PID=4122) to work on /home/airflow/.local/lib/python3.12/site-packages/airflow/example_dags/example_branch_python_dop_operator_3.py
[2024-11-01T12:40:36.827+0000] {processor.py:914} INFO - Processing file /home/airflow/.local/lib/python3.12/site-packages/airflow/example_dags/example_branch_python_dop_operator_3.py for tasks to queue
[2024-11-01T12:40:36.828+0000] {logging_mixin.py:190} INFO - [2024-11-01T12:40:36.828+0000] {dagbag.py:588} INFO - Filling up the DagBag from /home/airflow/.local/lib/python3.12/site-packages/airflow/example_dags/example_branch_python_dop_operator_3.py
[2024-11-01T12:40:36.835+0000] {processor.py:925} INFO - DAG(s) 'example_branch_dop_operator_v3' retrieved from /home/airflow/.local/lib/python3.12/site-packages/airflow/example_dags/example_branch_python_dop_operator_3.py
[2024-11-01T12:40:36.847+0000] {logging_mixin.py:190} INFO - [2024-11-01T12:40:36.847+0000] {dag.py:3239} INFO - Sync 1 DAGs
[2024-11-01T12:40:36.863+0000] {logging_mixin.py:190} INFO - [2024-11-01T12:40:36.863+0000] {dag.py:4180} INFO - Setting next_dagrun for example_branch_dop_operator_v3 to 2024-11-01 12:39:00+00:00, run_after=2024-11-01 12:40:00+00:00
[2024-11-01T12:40:36.876+0000] {processor.py:208} INFO - Processing /home/airflow/.local/lib/python3.12/site-packages/airflow/example_dags/example_branch_python_dop_operator_3.py took 0.053 seconds
