[2024-11-01T05:53:06.539+0000] {processor.py:186} INFO - Started process (PID=102) to work on /home/airflow/.local/lib/python3.12/site-packages/airflow/example_dags/tutorial_taskflow_api.py
[2024-11-01T05:53:06.540+0000] {processor.py:914} INFO - Processing file /home/airflow/.local/lib/python3.12/site-packages/airflow/example_dags/tutorial_taskflow_api.py for tasks to queue
[2024-11-01T05:53:06.541+0000] {logging_mixin.py:190} INFO - [2024-11-01T05:53:06.541+0000] {dagbag.py:588} INFO - Filling up the DagBag from /home/airflow/.local/lib/python3.12/site-packages/airflow/example_dags/tutorial_taskflow_api.py
[2024-11-01T05:53:06.548+0000] {processor.py:925} INFO - DAG(s) 'tutorial_taskflow_api' retrieved from /home/airflow/.local/lib/python3.12/site-packages/airflow/example_dags/tutorial_taskflow_api.py
[2024-11-01T05:53:06.646+0000] {logging_mixin.py:190} INFO - [2024-11-01T05:53:06.646+0000] {override.py:1900} INFO - Created Permission View: can edit on DAG:tutorial_taskflow_api
[2024-11-01T05:53:06.656+0000] {logging_mixin.py:190} INFO - [2024-11-01T05:53:06.656+0000] {override.py:1900} INFO - Created Permission View: can delete on DAG:tutorial_taskflow_api
[2024-11-01T05:53:06.662+0000] {logging_mixin.py:190} INFO - [2024-11-01T05:53:06.662+0000] {override.py:1900} INFO - Created Permission View: can read on DAG:tutorial_taskflow_api
[2024-11-01T05:53:06.670+0000] {logging_mixin.py:190} INFO - [2024-11-01T05:53:06.669+0000] {override.py:1900} INFO - Created Permission View: menu access on DAG Run:tutorial_taskflow_api
[2024-11-01T05:53:06.676+0000] {logging_mixin.py:190} INFO - [2024-11-01T05:53:06.676+0000] {override.py:1900} INFO - Created Permission View: can create on DAG Run:tutorial_taskflow_api
[2024-11-01T05:53:06.682+0000] {logging_mixin.py:190} INFO - [2024-11-01T05:53:06.682+0000] {override.py:1900} INFO - Created Permission View: can delete on DAG Run:tutorial_taskflow_api
[2024-11-01T05:53:06.688+0000] {logging_mixin.py:190} INFO - [2024-11-01T05:53:06.688+0000] {override.py:1900} INFO - Created Permission View: can read on DAG Run:tutorial_taskflow_api
[2024-11-01T05:53:06.689+0000] {logging_mixin.py:190} INFO - [2024-11-01T05:53:06.688+0000] {dag.py:3239} INFO - Sync 1 DAGs
[2024-11-01T05:53:06.701+0000] {logging_mixin.py:190} INFO - [2024-11-01T05:53:06.700+0000] {dag.py:3262} INFO - Creating ORM DAG for tutorial_taskflow_api
[2024-11-01T05:53:06.701+0000] {logging_mixin.py:190} INFO - [2024-11-01T05:53:06.701+0000] {dag.py:4180} INFO - Setting next_dagrun for tutorial_taskflow_api to None, run_after=None
[2024-11-01T05:53:06.717+0000] {processor.py:208} INFO - Processing /home/airflow/.local/lib/python3.12/site-packages/airflow/example_dags/tutorial_taskflow_api.py took 0.182 seconds
[2024-11-01T05:53:37.105+0000] {processor.py:186} INFO - Started process (PID=167) to work on /home/airflow/.local/lib/python3.12/site-packages/airflow/example_dags/tutorial_taskflow_api.py
[2024-11-01T05:53:37.105+0000] {processor.py:914} INFO - Processing file /home/airflow/.local/lib/python3.12/site-packages/airflow/example_dags/tutorial_taskflow_api.py for tasks to queue
[2024-11-01T05:53:37.107+0000] {logging_mixin.py:190} INFO - [2024-11-01T05:53:37.106+0000] {dagbag.py:588} INFO - Filling up the DagBag from /home/airflow/.local/lib/python3.12/site-packages/airflow/example_dags/tutorial_taskflow_api.py
[2024-11-01T05:53:37.112+0000] {processor.py:925} INFO - DAG(s) 'tutorial_taskflow_api' retrieved from /home/airflow/.local/lib/python3.12/site-packages/airflow/example_dags/tutorial_taskflow_api.py
[2024-11-01T05:53:37.125+0000] {logging_mixin.py:190} INFO - [2024-11-01T05:53:37.125+0000] {dag.py:3239} INFO - Sync 1 DAGs
[2024-11-01T05:53:37.134+0000] {logging_mixin.py:190} INFO - [2024-11-01T05:53:37.134+0000] {dag.py:4180} INFO - Setting next_dagrun for tutorial_taskflow_api to None, run_after=None
[2024-11-01T05:53:37.150+0000] {processor.py:208} INFO - Processing /home/airflow/.local/lib/python3.12/site-packages/airflow/example_dags/tutorial_taskflow_api.py took 0.048 seconds
[2024-11-01T05:54:07.457+0000] {processor.py:186} INFO - Started process (PID=232) to work on /home/airflow/.local/lib/python3.12/site-packages/airflow/example_dags/tutorial_taskflow_api.py
[2024-11-01T05:54:07.458+0000] {processor.py:914} INFO - Processing file /home/airflow/.local/lib/python3.12/site-packages/airflow/example_dags/tutorial_taskflow_api.py for tasks to queue
[2024-11-01T05:54:07.459+0000] {logging_mixin.py:190} INFO - [2024-11-01T05:54:07.459+0000] {dagbag.py:588} INFO - Filling up the DagBag from /home/airflow/.local/lib/python3.12/site-packages/airflow/example_dags/tutorial_taskflow_api.py
[2024-11-01T05:54:07.465+0000] {processor.py:925} INFO - DAG(s) 'tutorial_taskflow_api' retrieved from /home/airflow/.local/lib/python3.12/site-packages/airflow/example_dags/tutorial_taskflow_api.py
[2024-11-01T05:54:07.477+0000] {logging_mixin.py:190} INFO - [2024-11-01T05:54:07.477+0000] {dag.py:3239} INFO - Sync 1 DAGs
[2024-11-01T05:54:07.486+0000] {logging_mixin.py:190} INFO - [2024-11-01T05:54:07.486+0000] {dag.py:4180} INFO - Setting next_dagrun for tutorial_taskflow_api to None, run_after=None
[2024-11-01T05:54:07.498+0000] {processor.py:208} INFO - Processing /home/airflow/.local/lib/python3.12/site-packages/airflow/example_dags/tutorial_taskflow_api.py took 0.044 seconds
[2024-11-01T05:54:38.490+0000] {processor.py:186} INFO - Started process (PID=297) to work on /home/airflow/.local/lib/python3.12/site-packages/airflow/example_dags/tutorial_taskflow_api.py
[2024-11-01T05:54:38.491+0000] {processor.py:914} INFO - Processing file /home/airflow/.local/lib/python3.12/site-packages/airflow/example_dags/tutorial_taskflow_api.py for tasks to queue
[2024-11-01T05:54:38.492+0000] {logging_mixin.py:190} INFO - [2024-11-01T05:54:38.492+0000] {dagbag.py:588} INFO - Filling up the DagBag from /home/airflow/.local/lib/python3.12/site-packages/airflow/example_dags/tutorial_taskflow_api.py
[2024-11-01T05:54:38.498+0000] {processor.py:925} INFO - DAG(s) 'tutorial_taskflow_api' retrieved from /home/airflow/.local/lib/python3.12/site-packages/airflow/example_dags/tutorial_taskflow_api.py
[2024-11-01T05:54:38.510+0000] {logging_mixin.py:190} INFO - [2024-11-01T05:54:38.509+0000] {dag.py:3239} INFO - Sync 1 DAGs
[2024-11-01T05:54:38.518+0000] {logging_mixin.py:190} INFO - [2024-11-01T05:54:38.518+0000] {dag.py:4180} INFO - Setting next_dagrun for tutorial_taskflow_api to None, run_after=None
[2024-11-01T05:54:38.530+0000] {processor.py:208} INFO - Processing /home/airflow/.local/lib/python3.12/site-packages/airflow/example_dags/tutorial_taskflow_api.py took 0.044 seconds
[2024-11-01T05:55:08.682+0000] {processor.py:186} INFO - Started process (PID=361) to work on /home/airflow/.local/lib/python3.12/site-packages/airflow/example_dags/tutorial_taskflow_api.py
[2024-11-01T05:55:08.683+0000] {processor.py:914} INFO - Processing file /home/airflow/.local/lib/python3.12/site-packages/airflow/example_dags/tutorial_taskflow_api.py for tasks to queue
[2024-11-01T05:55:08.685+0000] {logging_mixin.py:190} INFO - [2024-11-01T05:55:08.684+0000] {dagbag.py:588} INFO - Filling up the DagBag from /home/airflow/.local/lib/python3.12/site-packages/airflow/example_dags/tutorial_taskflow_api.py
[2024-11-01T05:55:08.690+0000] {processor.py:925} INFO - DAG(s) 'tutorial_taskflow_api' retrieved from /home/airflow/.local/lib/python3.12/site-packages/airflow/example_dags/tutorial_taskflow_api.py
[2024-11-01T05:55:08.703+0000] {logging_mixin.py:190} INFO - [2024-11-01T05:55:08.703+0000] {dag.py:3239} INFO - Sync 1 DAGs
[2024-11-01T05:55:08.712+0000] {logging_mixin.py:190} INFO - [2024-11-01T05:55:08.712+0000] {dag.py:4180} INFO - Setting next_dagrun for tutorial_taskflow_api to None, run_after=None
[2024-11-01T05:55:08.726+0000] {processor.py:208} INFO - Processing /home/airflow/.local/lib/python3.12/site-packages/airflow/example_dags/tutorial_taskflow_api.py took 0.047 seconds
[2024-11-01T05:55:39.000+0000] {processor.py:186} INFO - Started process (PID=426) to work on /home/airflow/.local/lib/python3.12/site-packages/airflow/example_dags/tutorial_taskflow_api.py
[2024-11-01T05:55:39.000+0000] {processor.py:914} INFO - Processing file /home/airflow/.local/lib/python3.12/site-packages/airflow/example_dags/tutorial_taskflow_api.py for tasks to queue
[2024-11-01T05:55:39.002+0000] {logging_mixin.py:190} INFO - [2024-11-01T05:55:39.001+0000] {dagbag.py:588} INFO - Filling up the DagBag from /home/airflow/.local/lib/python3.12/site-packages/airflow/example_dags/tutorial_taskflow_api.py
[2024-11-01T05:55:39.006+0000] {processor.py:925} INFO - DAG(s) 'tutorial_taskflow_api' retrieved from /home/airflow/.local/lib/python3.12/site-packages/airflow/example_dags/tutorial_taskflow_api.py
[2024-11-01T05:55:39.019+0000] {logging_mixin.py:190} INFO - [2024-11-01T05:55:39.019+0000] {dag.py:3239} INFO - Sync 1 DAGs
[2024-11-01T05:55:39.029+0000] {logging_mixin.py:190} INFO - [2024-11-01T05:55:39.028+0000] {dag.py:4180} INFO - Setting next_dagrun for tutorial_taskflow_api to None, run_after=None
[2024-11-01T05:55:39.045+0000] {processor.py:208} INFO - Processing /home/airflow/.local/lib/python3.12/site-packages/airflow/example_dags/tutorial_taskflow_api.py took 0.049 seconds
[2024-11-01T05:56:09.926+0000] {processor.py:186} INFO - Started process (PID=491) to work on /home/airflow/.local/lib/python3.12/site-packages/airflow/example_dags/tutorial_taskflow_api.py
[2024-11-01T05:56:09.927+0000] {processor.py:914} INFO - Processing file /home/airflow/.local/lib/python3.12/site-packages/airflow/example_dags/tutorial_taskflow_api.py for tasks to queue
[2024-11-01T05:56:09.928+0000] {logging_mixin.py:190} INFO - [2024-11-01T05:56:09.928+0000] {dagbag.py:588} INFO - Filling up the DagBag from /home/airflow/.local/lib/python3.12/site-packages/airflow/example_dags/tutorial_taskflow_api.py
[2024-11-01T05:56:09.933+0000] {processor.py:925} INFO - DAG(s) 'tutorial_taskflow_api' retrieved from /home/airflow/.local/lib/python3.12/site-packages/airflow/example_dags/tutorial_taskflow_api.py
[2024-11-01T05:56:09.948+0000] {logging_mixin.py:190} INFO - [2024-11-01T05:56:09.948+0000] {dag.py:3239} INFO - Sync 1 DAGs
[2024-11-01T05:56:09.960+0000] {logging_mixin.py:190} INFO - [2024-11-01T05:56:09.960+0000] {dag.py:4180} INFO - Setting next_dagrun for tutorial_taskflow_api to None, run_after=None
[2024-11-01T05:56:09.976+0000] {processor.py:208} INFO - Processing /home/airflow/.local/lib/python3.12/site-packages/airflow/example_dags/tutorial_taskflow_api.py took 0.054 seconds
[2024-11-01T11:25:13.780+0000] {processor.py:186} INFO - Started process (PID=91) to work on /home/airflow/.local/lib/python3.12/site-packages/airflow/example_dags/tutorial_taskflow_api.py
[2024-11-01T11:25:13.781+0000] {processor.py:914} INFO - Processing file /home/airflow/.local/lib/python3.12/site-packages/airflow/example_dags/tutorial_taskflow_api.py for tasks to queue
[2024-11-01T11:25:13.782+0000] {logging_mixin.py:190} INFO - [2024-11-01T11:25:13.782+0000] {dagbag.py:588} INFO - Filling up the DagBag from /home/airflow/.local/lib/python3.12/site-packages/airflow/example_dags/tutorial_taskflow_api.py
[2024-11-01T11:25:13.788+0000] {processor.py:925} INFO - DAG(s) 'tutorial_taskflow_api' retrieved from /home/airflow/.local/lib/python3.12/site-packages/airflow/example_dags/tutorial_taskflow_api.py
[2024-11-01T11:25:13.800+0000] {logging_mixin.py:190} INFO - [2024-11-01T11:25:13.800+0000] {dag.py:3239} INFO - Sync 1 DAGs
[2024-11-01T11:25:13.811+0000] {logging_mixin.py:190} INFO - [2024-11-01T11:25:13.811+0000] {dag.py:4180} INFO - Setting next_dagrun for tutorial_taskflow_api to None, run_after=None
[2024-11-01T11:25:13.824+0000] {processor.py:208} INFO - Processing /home/airflow/.local/lib/python3.12/site-packages/airflow/example_dags/tutorial_taskflow_api.py took 0.048 seconds
[2024-11-01T11:25:45.148+0000] {processor.py:186} INFO - Started process (PID=156) to work on /home/airflow/.local/lib/python3.12/site-packages/airflow/example_dags/tutorial_taskflow_api.py
[2024-11-01T11:25:45.148+0000] {processor.py:914} INFO - Processing file /home/airflow/.local/lib/python3.12/site-packages/airflow/example_dags/tutorial_taskflow_api.py for tasks to queue
[2024-11-01T11:25:45.150+0000] {logging_mixin.py:190} INFO - [2024-11-01T11:25:45.149+0000] {dagbag.py:588} INFO - Filling up the DagBag from /home/airflow/.local/lib/python3.12/site-packages/airflow/example_dags/tutorial_taskflow_api.py
[2024-11-01T11:25:45.154+0000] {processor.py:925} INFO - DAG(s) 'tutorial_taskflow_api' retrieved from /home/airflow/.local/lib/python3.12/site-packages/airflow/example_dags/tutorial_taskflow_api.py
[2024-11-01T11:25:45.167+0000] {logging_mixin.py:190} INFO - [2024-11-01T11:25:45.167+0000] {dag.py:3239} INFO - Sync 1 DAGs
[2024-11-01T11:25:45.177+0000] {logging_mixin.py:190} INFO - [2024-11-01T11:25:45.177+0000] {dag.py:4180} INFO - Setting next_dagrun for tutorial_taskflow_api to None, run_after=None
[2024-11-01T11:25:45.192+0000] {processor.py:208} INFO - Processing /home/airflow/.local/lib/python3.12/site-packages/airflow/example_dags/tutorial_taskflow_api.py took 0.048 seconds
[2024-11-01T11:26:16.118+0000] {processor.py:186} INFO - Started process (PID=221) to work on /home/airflow/.local/lib/python3.12/site-packages/airflow/example_dags/tutorial_taskflow_api.py
[2024-11-01T11:26:16.119+0000] {processor.py:914} INFO - Processing file /home/airflow/.local/lib/python3.12/site-packages/airflow/example_dags/tutorial_taskflow_api.py for tasks to queue
[2024-11-01T11:26:16.120+0000] {logging_mixin.py:190} INFO - [2024-11-01T11:26:16.120+0000] {dagbag.py:588} INFO - Filling up the DagBag from /home/airflow/.local/lib/python3.12/site-packages/airflow/example_dags/tutorial_taskflow_api.py
[2024-11-01T11:26:16.125+0000] {processor.py:925} INFO - DAG(s) 'tutorial_taskflow_api' retrieved from /home/airflow/.local/lib/python3.12/site-packages/airflow/example_dags/tutorial_taskflow_api.py
[2024-11-01T11:26:16.137+0000] {logging_mixin.py:190} INFO - [2024-11-01T11:26:16.137+0000] {dag.py:3239} INFO - Sync 1 DAGs
[2024-11-01T11:26:16.146+0000] {logging_mixin.py:190} INFO - [2024-11-01T11:26:16.146+0000] {dag.py:4180} INFO - Setting next_dagrun for tutorial_taskflow_api to None, run_after=None
[2024-11-01T11:26:16.158+0000] {processor.py:208} INFO - Processing /home/airflow/.local/lib/python3.12/site-packages/airflow/example_dags/tutorial_taskflow_api.py took 0.044 seconds
[2024-11-01T11:26:47.218+0000] {processor.py:186} INFO - Started process (PID=286) to work on /home/airflow/.local/lib/python3.12/site-packages/airflow/example_dags/tutorial_taskflow_api.py
[2024-11-01T11:26:47.219+0000] {processor.py:914} INFO - Processing file /home/airflow/.local/lib/python3.12/site-packages/airflow/example_dags/tutorial_taskflow_api.py for tasks to queue
[2024-11-01T11:26:47.220+0000] {logging_mixin.py:190} INFO - [2024-11-01T11:26:47.220+0000] {dagbag.py:588} INFO - Filling up the DagBag from /home/airflow/.local/lib/python3.12/site-packages/airflow/example_dags/tutorial_taskflow_api.py
[2024-11-01T11:26:47.224+0000] {processor.py:925} INFO - DAG(s) 'tutorial_taskflow_api' retrieved from /home/airflow/.local/lib/python3.12/site-packages/airflow/example_dags/tutorial_taskflow_api.py
[2024-11-01T11:26:47.236+0000] {logging_mixin.py:190} INFO - [2024-11-01T11:26:47.236+0000] {dag.py:3239} INFO - Sync 1 DAGs
[2024-11-01T11:26:47.244+0000] {logging_mixin.py:190} INFO - [2024-11-01T11:26:47.244+0000] {dag.py:4180} INFO - Setting next_dagrun for tutorial_taskflow_api to None, run_after=None
[2024-11-01T11:26:47.256+0000] {processor.py:208} INFO - Processing /home/airflow/.local/lib/python3.12/site-packages/airflow/example_dags/tutorial_taskflow_api.py took 0.041 seconds
[2024-11-01T11:27:18.043+0000] {processor.py:186} INFO - Started process (PID=350) to work on /home/airflow/.local/lib/python3.12/site-packages/airflow/example_dags/tutorial_taskflow_api.py
[2024-11-01T11:27:18.044+0000] {processor.py:914} INFO - Processing file /home/airflow/.local/lib/python3.12/site-packages/airflow/example_dags/tutorial_taskflow_api.py for tasks to queue
[2024-11-01T11:27:18.045+0000] {logging_mixin.py:190} INFO - [2024-11-01T11:27:18.045+0000] {dagbag.py:588} INFO - Filling up the DagBag from /home/airflow/.local/lib/python3.12/site-packages/airflow/example_dags/tutorial_taskflow_api.py
[2024-11-01T11:27:18.050+0000] {processor.py:925} INFO - DAG(s) 'tutorial_taskflow_api' retrieved from /home/airflow/.local/lib/python3.12/site-packages/airflow/example_dags/tutorial_taskflow_api.py
[2024-11-01T11:27:18.063+0000] {logging_mixin.py:190} INFO - [2024-11-01T11:27:18.063+0000] {dag.py:3239} INFO - Sync 1 DAGs
[2024-11-01T11:27:18.073+0000] {logging_mixin.py:190} INFO - [2024-11-01T11:27:18.073+0000] {dag.py:4180} INFO - Setting next_dagrun for tutorial_taskflow_api to None, run_after=None
[2024-11-01T11:27:18.088+0000] {processor.py:208} INFO - Processing /home/airflow/.local/lib/python3.12/site-packages/airflow/example_dags/tutorial_taskflow_api.py took 0.048 seconds
[2024-11-01T11:27:48.176+0000] {processor.py:186} INFO - Started process (PID=415) to work on /home/airflow/.local/lib/python3.12/site-packages/airflow/example_dags/tutorial_taskflow_api.py
[2024-11-01T11:27:48.177+0000] {processor.py:914} INFO - Processing file /home/airflow/.local/lib/python3.12/site-packages/airflow/example_dags/tutorial_taskflow_api.py for tasks to queue
[2024-11-01T11:27:48.178+0000] {logging_mixin.py:190} INFO - [2024-11-01T11:27:48.178+0000] {dagbag.py:588} INFO - Filling up the DagBag from /home/airflow/.local/lib/python3.12/site-packages/airflow/example_dags/tutorial_taskflow_api.py
[2024-11-01T11:27:48.183+0000] {processor.py:925} INFO - DAG(s) 'tutorial_taskflow_api' retrieved from /home/airflow/.local/lib/python3.12/site-packages/airflow/example_dags/tutorial_taskflow_api.py
[2024-11-01T11:27:48.195+0000] {logging_mixin.py:190} INFO - [2024-11-01T11:27:48.195+0000] {dag.py:3239} INFO - Sync 1 DAGs
[2024-11-01T11:27:48.204+0000] {logging_mixin.py:190} INFO - [2024-11-01T11:27:48.204+0000] {dag.py:4180} INFO - Setting next_dagrun for tutorial_taskflow_api to None, run_after=None
[2024-11-01T11:27:48.217+0000] {processor.py:208} INFO - Processing /home/airflow/.local/lib/python3.12/site-packages/airflow/example_dags/tutorial_taskflow_api.py took 0.044 seconds
[2024-11-01T11:28:18.653+0000] {processor.py:186} INFO - Started process (PID=480) to work on /home/airflow/.local/lib/python3.12/site-packages/airflow/example_dags/tutorial_taskflow_api.py
[2024-11-01T11:28:18.654+0000] {processor.py:914} INFO - Processing file /home/airflow/.local/lib/python3.12/site-packages/airflow/example_dags/tutorial_taskflow_api.py for tasks to queue
[2024-11-01T11:28:18.655+0000] {logging_mixin.py:190} INFO - [2024-11-01T11:28:18.655+0000] {dagbag.py:588} INFO - Filling up the DagBag from /home/airflow/.local/lib/python3.12/site-packages/airflow/example_dags/tutorial_taskflow_api.py
[2024-11-01T11:28:18.660+0000] {processor.py:925} INFO - DAG(s) 'tutorial_taskflow_api' retrieved from /home/airflow/.local/lib/python3.12/site-packages/airflow/example_dags/tutorial_taskflow_api.py
[2024-11-01T11:28:18.673+0000] {logging_mixin.py:190} INFO - [2024-11-01T11:28:18.673+0000] {dag.py:3239} INFO - Sync 1 DAGs
[2024-11-01T11:28:18.682+0000] {logging_mixin.py:190} INFO - [2024-11-01T11:28:18.682+0000] {dag.py:4180} INFO - Setting next_dagrun for tutorial_taskflow_api to None, run_after=None
[2024-11-01T11:28:18.697+0000] {processor.py:208} INFO - Processing /home/airflow/.local/lib/python3.12/site-packages/airflow/example_dags/tutorial_taskflow_api.py took 0.047 seconds
[2024-11-01T11:28:49.058+0000] {processor.py:186} INFO - Started process (PID=545) to work on /home/airflow/.local/lib/python3.12/site-packages/airflow/example_dags/tutorial_taskflow_api.py
[2024-11-01T11:28:49.058+0000] {processor.py:914} INFO - Processing file /home/airflow/.local/lib/python3.12/site-packages/airflow/example_dags/tutorial_taskflow_api.py for tasks to queue
[2024-11-01T11:28:49.059+0000] {logging_mixin.py:190} INFO - [2024-11-01T11:28:49.059+0000] {dagbag.py:588} INFO - Filling up the DagBag from /home/airflow/.local/lib/python3.12/site-packages/airflow/example_dags/tutorial_taskflow_api.py
[2024-11-01T11:28:49.064+0000] {processor.py:925} INFO - DAG(s) 'tutorial_taskflow_api' retrieved from /home/airflow/.local/lib/python3.12/site-packages/airflow/example_dags/tutorial_taskflow_api.py
[2024-11-01T11:28:49.076+0000] {logging_mixin.py:190} INFO - [2024-11-01T11:28:49.076+0000] {dag.py:3239} INFO - Sync 1 DAGs
[2024-11-01T11:28:49.086+0000] {logging_mixin.py:190} INFO - [2024-11-01T11:28:49.085+0000] {dag.py:4180} INFO - Setting next_dagrun for tutorial_taskflow_api to None, run_after=None
[2024-11-01T11:28:49.099+0000] {processor.py:208} INFO - Processing /home/airflow/.local/lib/python3.12/site-packages/airflow/example_dags/tutorial_taskflow_api.py took 0.045 seconds
[2024-11-01T11:29:19.477+0000] {processor.py:186} INFO - Started process (PID=610) to work on /home/airflow/.local/lib/python3.12/site-packages/airflow/example_dags/tutorial_taskflow_api.py
[2024-11-01T11:29:19.477+0000] {processor.py:914} INFO - Processing file /home/airflow/.local/lib/python3.12/site-packages/airflow/example_dags/tutorial_taskflow_api.py for tasks to queue
[2024-11-01T11:29:19.479+0000] {logging_mixin.py:190} INFO - [2024-11-01T11:29:19.478+0000] {dagbag.py:588} INFO - Filling up the DagBag from /home/airflow/.local/lib/python3.12/site-packages/airflow/example_dags/tutorial_taskflow_api.py
[2024-11-01T11:29:19.483+0000] {processor.py:925} INFO - DAG(s) 'tutorial_taskflow_api' retrieved from /home/airflow/.local/lib/python3.12/site-packages/airflow/example_dags/tutorial_taskflow_api.py
[2024-11-01T11:29:19.495+0000] {logging_mixin.py:190} INFO - [2024-11-01T11:29:19.495+0000] {dag.py:3239} INFO - Sync 1 DAGs
[2024-11-01T11:29:19.505+0000] {logging_mixin.py:190} INFO - [2024-11-01T11:29:19.504+0000] {dag.py:4180} INFO - Setting next_dagrun for tutorial_taskflow_api to None, run_after=None
[2024-11-01T11:29:19.519+0000] {processor.py:208} INFO - Processing /home/airflow/.local/lib/python3.12/site-packages/airflow/example_dags/tutorial_taskflow_api.py took 0.046 seconds
[2024-11-01T11:29:49.841+0000] {processor.py:186} INFO - Started process (PID=675) to work on /home/airflow/.local/lib/python3.12/site-packages/airflow/example_dags/tutorial_taskflow_api.py
[2024-11-01T11:29:49.842+0000] {processor.py:914} INFO - Processing file /home/airflow/.local/lib/python3.12/site-packages/airflow/example_dags/tutorial_taskflow_api.py for tasks to queue
[2024-11-01T11:29:49.843+0000] {logging_mixin.py:190} INFO - [2024-11-01T11:29:49.843+0000] {dagbag.py:588} INFO - Filling up the DagBag from /home/airflow/.local/lib/python3.12/site-packages/airflow/example_dags/tutorial_taskflow_api.py
[2024-11-01T11:29:49.848+0000] {processor.py:925} INFO - DAG(s) 'tutorial_taskflow_api' retrieved from /home/airflow/.local/lib/python3.12/site-packages/airflow/example_dags/tutorial_taskflow_api.py
[2024-11-01T11:29:49.861+0000] {logging_mixin.py:190} INFO - [2024-11-01T11:29:49.861+0000] {dag.py:3239} INFO - Sync 1 DAGs
[2024-11-01T11:29:49.871+0000] {logging_mixin.py:190} INFO - [2024-11-01T11:29:49.871+0000] {dag.py:4180} INFO - Setting next_dagrun for tutorial_taskflow_api to None, run_after=None
[2024-11-01T11:29:49.886+0000] {processor.py:208} INFO - Processing /home/airflow/.local/lib/python3.12/site-packages/airflow/example_dags/tutorial_taskflow_api.py took 0.048 seconds
[2024-11-01T11:30:20.118+0000] {processor.py:186} INFO - Started process (PID=740) to work on /home/airflow/.local/lib/python3.12/site-packages/airflow/example_dags/tutorial_taskflow_api.py
[2024-11-01T11:30:20.119+0000] {processor.py:914} INFO - Processing file /home/airflow/.local/lib/python3.12/site-packages/airflow/example_dags/tutorial_taskflow_api.py for tasks to queue
[2024-11-01T11:30:20.120+0000] {logging_mixin.py:190} INFO - [2024-11-01T11:30:20.120+0000] {dagbag.py:588} INFO - Filling up the DagBag from /home/airflow/.local/lib/python3.12/site-packages/airflow/example_dags/tutorial_taskflow_api.py
[2024-11-01T11:30:20.125+0000] {processor.py:925} INFO - DAG(s) 'tutorial_taskflow_api' retrieved from /home/airflow/.local/lib/python3.12/site-packages/airflow/example_dags/tutorial_taskflow_api.py
[2024-11-01T11:30:20.138+0000] {logging_mixin.py:190} INFO - [2024-11-01T11:30:20.138+0000] {dag.py:3239} INFO - Sync 1 DAGs
[2024-11-01T11:30:20.147+0000] {logging_mixin.py:190} INFO - [2024-11-01T11:30:20.147+0000] {dag.py:4180} INFO - Setting next_dagrun for tutorial_taskflow_api to None, run_after=None
[2024-11-01T11:30:20.162+0000] {processor.py:208} INFO - Processing /home/airflow/.local/lib/python3.12/site-packages/airflow/example_dags/tutorial_taskflow_api.py took 0.047 seconds
[2024-11-01T11:30:50.466+0000] {processor.py:186} INFO - Started process (PID=805) to work on /home/airflow/.local/lib/python3.12/site-packages/airflow/example_dags/tutorial_taskflow_api.py
[2024-11-01T11:30:50.467+0000] {processor.py:914} INFO - Processing file /home/airflow/.local/lib/python3.12/site-packages/airflow/example_dags/tutorial_taskflow_api.py for tasks to queue
[2024-11-01T11:30:50.468+0000] {logging_mixin.py:190} INFO - [2024-11-01T11:30:50.468+0000] {dagbag.py:588} INFO - Filling up the DagBag from /home/airflow/.local/lib/python3.12/site-packages/airflow/example_dags/tutorial_taskflow_api.py
[2024-11-01T11:30:50.473+0000] {processor.py:925} INFO - DAG(s) 'tutorial_taskflow_api' retrieved from /home/airflow/.local/lib/python3.12/site-packages/airflow/example_dags/tutorial_taskflow_api.py
[2024-11-01T11:30:50.485+0000] {logging_mixin.py:190} INFO - [2024-11-01T11:30:50.485+0000] {dag.py:3239} INFO - Sync 1 DAGs
[2024-11-01T11:30:50.494+0000] {logging_mixin.py:190} INFO - [2024-11-01T11:30:50.494+0000] {dag.py:4180} INFO - Setting next_dagrun for tutorial_taskflow_api to None, run_after=None
[2024-11-01T11:30:50.510+0000] {processor.py:208} INFO - Processing /home/airflow/.local/lib/python3.12/site-packages/airflow/example_dags/tutorial_taskflow_api.py took 0.047 seconds
[2024-11-01T11:31:20.825+0000] {processor.py:186} INFO - Started process (PID=870) to work on /home/airflow/.local/lib/python3.12/site-packages/airflow/example_dags/tutorial_taskflow_api.py
[2024-11-01T11:31:20.826+0000] {processor.py:914} INFO - Processing file /home/airflow/.local/lib/python3.12/site-packages/airflow/example_dags/tutorial_taskflow_api.py for tasks to queue
[2024-11-01T11:31:20.828+0000] {logging_mixin.py:190} INFO - [2024-11-01T11:31:20.827+0000] {dagbag.py:588} INFO - Filling up the DagBag from /home/airflow/.local/lib/python3.12/site-packages/airflow/example_dags/tutorial_taskflow_api.py
[2024-11-01T11:31:20.833+0000] {processor.py:925} INFO - DAG(s) 'tutorial_taskflow_api' retrieved from /home/airflow/.local/lib/python3.12/site-packages/airflow/example_dags/tutorial_taskflow_api.py
[2024-11-01T11:31:20.845+0000] {logging_mixin.py:190} INFO - [2024-11-01T11:31:20.844+0000] {dag.py:3239} INFO - Sync 1 DAGs
[2024-11-01T11:31:20.854+0000] {logging_mixin.py:190} INFO - [2024-11-01T11:31:20.853+0000] {dag.py:4180} INFO - Setting next_dagrun for tutorial_taskflow_api to None, run_after=None
[2024-11-01T11:31:20.870+0000] {processor.py:208} INFO - Processing /home/airflow/.local/lib/python3.12/site-packages/airflow/example_dags/tutorial_taskflow_api.py took 0.048 seconds
[2024-11-01T11:31:51.223+0000] {processor.py:186} INFO - Started process (PID=935) to work on /home/airflow/.local/lib/python3.12/site-packages/airflow/example_dags/tutorial_taskflow_api.py
[2024-11-01T11:31:51.224+0000] {processor.py:914} INFO - Processing file /home/airflow/.local/lib/python3.12/site-packages/airflow/example_dags/tutorial_taskflow_api.py for tasks to queue
[2024-11-01T11:31:51.225+0000] {logging_mixin.py:190} INFO - [2024-11-01T11:31:51.225+0000] {dagbag.py:588} INFO - Filling up the DagBag from /home/airflow/.local/lib/python3.12/site-packages/airflow/example_dags/tutorial_taskflow_api.py
[2024-11-01T11:31:51.230+0000] {processor.py:925} INFO - DAG(s) 'tutorial_taskflow_api' retrieved from /home/airflow/.local/lib/python3.12/site-packages/airflow/example_dags/tutorial_taskflow_api.py
[2024-11-01T11:31:51.242+0000] {logging_mixin.py:190} INFO - [2024-11-01T11:31:51.242+0000] {dag.py:3239} INFO - Sync 1 DAGs
[2024-11-01T11:31:51.252+0000] {logging_mixin.py:190} INFO - [2024-11-01T11:31:51.251+0000] {dag.py:4180} INFO - Setting next_dagrun for tutorial_taskflow_api to None, run_after=None
[2024-11-01T11:31:51.267+0000] {processor.py:208} INFO - Processing /home/airflow/.local/lib/python3.12/site-packages/airflow/example_dags/tutorial_taskflow_api.py took 0.047 seconds
[2024-11-01T11:32:21.667+0000] {processor.py:186} INFO - Started process (PID=1000) to work on /home/airflow/.local/lib/python3.12/site-packages/airflow/example_dags/tutorial_taskflow_api.py
[2024-11-01T11:32:21.668+0000] {processor.py:914} INFO - Processing file /home/airflow/.local/lib/python3.12/site-packages/airflow/example_dags/tutorial_taskflow_api.py for tasks to queue
[2024-11-01T11:32:21.669+0000] {logging_mixin.py:190} INFO - [2024-11-01T11:32:21.669+0000] {dagbag.py:588} INFO - Filling up the DagBag from /home/airflow/.local/lib/python3.12/site-packages/airflow/example_dags/tutorial_taskflow_api.py
[2024-11-01T11:32:21.674+0000] {processor.py:925} INFO - DAG(s) 'tutorial_taskflow_api' retrieved from /home/airflow/.local/lib/python3.12/site-packages/airflow/example_dags/tutorial_taskflow_api.py
[2024-11-01T11:32:21.687+0000] {logging_mixin.py:190} INFO - [2024-11-01T11:32:21.687+0000] {dag.py:3239} INFO - Sync 1 DAGs
[2024-11-01T11:32:21.696+0000] {logging_mixin.py:190} INFO - [2024-11-01T11:32:21.696+0000] {dag.py:4180} INFO - Setting next_dagrun for tutorial_taskflow_api to None, run_after=None
[2024-11-01T11:32:21.709+0000] {processor.py:208} INFO - Processing /home/airflow/.local/lib/python3.12/site-packages/airflow/example_dags/tutorial_taskflow_api.py took 0.045 seconds
[2024-11-01T11:32:52.156+0000] {processor.py:186} INFO - Started process (PID=1065) to work on /home/airflow/.local/lib/python3.12/site-packages/airflow/example_dags/tutorial_taskflow_api.py
[2024-11-01T11:32:52.157+0000] {processor.py:914} INFO - Processing file /home/airflow/.local/lib/python3.12/site-packages/airflow/example_dags/tutorial_taskflow_api.py for tasks to queue
[2024-11-01T11:32:52.158+0000] {logging_mixin.py:190} INFO - [2024-11-01T11:32:52.158+0000] {dagbag.py:588} INFO - Filling up the DagBag from /home/airflow/.local/lib/python3.12/site-packages/airflow/example_dags/tutorial_taskflow_api.py
[2024-11-01T11:32:52.163+0000] {processor.py:925} INFO - DAG(s) 'tutorial_taskflow_api' retrieved from /home/airflow/.local/lib/python3.12/site-packages/airflow/example_dags/tutorial_taskflow_api.py
[2024-11-01T11:32:52.176+0000] {logging_mixin.py:190} INFO - [2024-11-01T11:32:52.176+0000] {dag.py:3239} INFO - Sync 1 DAGs
[2024-11-01T11:32:52.185+0000] {logging_mixin.py:190} INFO - [2024-11-01T11:32:52.185+0000] {dag.py:4180} INFO - Setting next_dagrun for tutorial_taskflow_api to None, run_after=None
[2024-11-01T11:32:52.199+0000] {processor.py:208} INFO - Processing /home/airflow/.local/lib/python3.12/site-packages/airflow/example_dags/tutorial_taskflow_api.py took 0.047 seconds
[2024-11-01T11:33:22.521+0000] {processor.py:186} INFO - Started process (PID=1131) to work on /home/airflow/.local/lib/python3.12/site-packages/airflow/example_dags/tutorial_taskflow_api.py
[2024-11-01T11:33:22.521+0000] {processor.py:914} INFO - Processing file /home/airflow/.local/lib/python3.12/site-packages/airflow/example_dags/tutorial_taskflow_api.py for tasks to queue
[2024-11-01T11:33:22.523+0000] {logging_mixin.py:190} INFO - [2024-11-01T11:33:22.522+0000] {dagbag.py:588} INFO - Filling up the DagBag from /home/airflow/.local/lib/python3.12/site-packages/airflow/example_dags/tutorial_taskflow_api.py
[2024-11-01T11:33:22.528+0000] {processor.py:925} INFO - DAG(s) 'tutorial_taskflow_api' retrieved from /home/airflow/.local/lib/python3.12/site-packages/airflow/example_dags/tutorial_taskflow_api.py
[2024-11-01T11:33:22.540+0000] {logging_mixin.py:190} INFO - [2024-11-01T11:33:22.539+0000] {dag.py:3239} INFO - Sync 1 DAGs
[2024-11-01T11:33:22.548+0000] {logging_mixin.py:190} INFO - [2024-11-01T11:33:22.548+0000] {dag.py:4180} INFO - Setting next_dagrun for tutorial_taskflow_api to None, run_after=None
[2024-11-01T11:33:22.562+0000] {processor.py:208} INFO - Processing /home/airflow/.local/lib/python3.12/site-packages/airflow/example_dags/tutorial_taskflow_api.py took 0.045 seconds
[2024-11-01T11:33:52.720+0000] {processor.py:186} INFO - Started process (PID=1196) to work on /home/airflow/.local/lib/python3.12/site-packages/airflow/example_dags/tutorial_taskflow_api.py
[2024-11-01T11:33:52.721+0000] {processor.py:914} INFO - Processing file /home/airflow/.local/lib/python3.12/site-packages/airflow/example_dags/tutorial_taskflow_api.py for tasks to queue
[2024-11-01T11:33:52.722+0000] {logging_mixin.py:190} INFO - [2024-11-01T11:33:52.722+0000] {dagbag.py:588} INFO - Filling up the DagBag from /home/airflow/.local/lib/python3.12/site-packages/airflow/example_dags/tutorial_taskflow_api.py
[2024-11-01T11:33:52.727+0000] {processor.py:925} INFO - DAG(s) 'tutorial_taskflow_api' retrieved from /home/airflow/.local/lib/python3.12/site-packages/airflow/example_dags/tutorial_taskflow_api.py
[2024-11-01T11:33:52.740+0000] {logging_mixin.py:190} INFO - [2024-11-01T11:33:52.740+0000] {dag.py:3239} INFO - Sync 1 DAGs
[2024-11-01T11:33:52.750+0000] {logging_mixin.py:190} INFO - [2024-11-01T11:33:52.750+0000] {dag.py:4180} INFO - Setting next_dagrun for tutorial_taskflow_api to None, run_after=None
[2024-11-01T11:33:52.764+0000] {processor.py:208} INFO - Processing /home/airflow/.local/lib/python3.12/site-packages/airflow/example_dags/tutorial_taskflow_api.py took 0.048 seconds
[2024-11-01T11:34:23.307+0000] {processor.py:186} INFO - Started process (PID=1261) to work on /home/airflow/.local/lib/python3.12/site-packages/airflow/example_dags/tutorial_taskflow_api.py
[2024-11-01T11:34:23.308+0000] {processor.py:914} INFO - Processing file /home/airflow/.local/lib/python3.12/site-packages/airflow/example_dags/tutorial_taskflow_api.py for tasks to queue
[2024-11-01T11:34:23.309+0000] {logging_mixin.py:190} INFO - [2024-11-01T11:34:23.309+0000] {dagbag.py:588} INFO - Filling up the DagBag from /home/airflow/.local/lib/python3.12/site-packages/airflow/example_dags/tutorial_taskflow_api.py
[2024-11-01T11:34:23.314+0000] {processor.py:925} INFO - DAG(s) 'tutorial_taskflow_api' retrieved from /home/airflow/.local/lib/python3.12/site-packages/airflow/example_dags/tutorial_taskflow_api.py
[2024-11-01T11:34:23.328+0000] {logging_mixin.py:190} INFO - [2024-11-01T11:34:23.328+0000] {dag.py:3239} INFO - Sync 1 DAGs
[2024-11-01T11:34:23.340+0000] {logging_mixin.py:190} INFO - [2024-11-01T11:34:23.340+0000] {dag.py:4180} INFO - Setting next_dagrun for tutorial_taskflow_api to None, run_after=None
[2024-11-01T11:34:23.355+0000] {processor.py:208} INFO - Processing /home/airflow/.local/lib/python3.12/site-packages/airflow/example_dags/tutorial_taskflow_api.py took 0.052 seconds
[2024-11-01T11:34:53.931+0000] {processor.py:186} INFO - Started process (PID=1326) to work on /home/airflow/.local/lib/python3.12/site-packages/airflow/example_dags/tutorial_taskflow_api.py
[2024-11-01T11:34:53.932+0000] {processor.py:914} INFO - Processing file /home/airflow/.local/lib/python3.12/site-packages/airflow/example_dags/tutorial_taskflow_api.py for tasks to queue
[2024-11-01T11:34:53.933+0000] {logging_mixin.py:190} INFO - [2024-11-01T11:34:53.933+0000] {dagbag.py:588} INFO - Filling up the DagBag from /home/airflow/.local/lib/python3.12/site-packages/airflow/example_dags/tutorial_taskflow_api.py
[2024-11-01T11:34:53.938+0000] {processor.py:925} INFO - DAG(s) 'tutorial_taskflow_api' retrieved from /home/airflow/.local/lib/python3.12/site-packages/airflow/example_dags/tutorial_taskflow_api.py
[2024-11-01T11:34:53.951+0000] {logging_mixin.py:190} INFO - [2024-11-01T11:34:53.951+0000] {dag.py:3239} INFO - Sync 1 DAGs
[2024-11-01T11:34:53.960+0000] {logging_mixin.py:190} INFO - [2024-11-01T11:34:53.960+0000] {dag.py:4180} INFO - Setting next_dagrun for tutorial_taskflow_api to None, run_after=None
[2024-11-01T11:34:53.975+0000] {processor.py:208} INFO - Processing /home/airflow/.local/lib/python3.12/site-packages/airflow/example_dags/tutorial_taskflow_api.py took 0.047 seconds
[2024-11-01T11:35:24.931+0000] {processor.py:186} INFO - Started process (PID=1391) to work on /home/airflow/.local/lib/python3.12/site-packages/airflow/example_dags/tutorial_taskflow_api.py
[2024-11-01T11:35:24.932+0000] {processor.py:914} INFO - Processing file /home/airflow/.local/lib/python3.12/site-packages/airflow/example_dags/tutorial_taskflow_api.py for tasks to queue
[2024-11-01T11:35:24.933+0000] {logging_mixin.py:190} INFO - [2024-11-01T11:35:24.933+0000] {dagbag.py:588} INFO - Filling up the DagBag from /home/airflow/.local/lib/python3.12/site-packages/airflow/example_dags/tutorial_taskflow_api.py
[2024-11-01T11:35:24.938+0000] {processor.py:925} INFO - DAG(s) 'tutorial_taskflow_api' retrieved from /home/airflow/.local/lib/python3.12/site-packages/airflow/example_dags/tutorial_taskflow_api.py
[2024-11-01T11:35:24.950+0000] {logging_mixin.py:190} INFO - [2024-11-01T11:35:24.950+0000] {dag.py:3239} INFO - Sync 1 DAGs
[2024-11-01T11:35:24.959+0000] {logging_mixin.py:190} INFO - [2024-11-01T11:35:24.959+0000] {dag.py:4180} INFO - Setting next_dagrun for tutorial_taskflow_api to None, run_after=None
[2024-11-01T11:35:24.974+0000] {processor.py:208} INFO - Processing /home/airflow/.local/lib/python3.12/site-packages/airflow/example_dags/tutorial_taskflow_api.py took 0.046 seconds
[2024-11-01T11:35:55.336+0000] {processor.py:186} INFO - Started process (PID=1456) to work on /home/airflow/.local/lib/python3.12/site-packages/airflow/example_dags/tutorial_taskflow_api.py
[2024-11-01T11:35:55.336+0000] {processor.py:914} INFO - Processing file /home/airflow/.local/lib/python3.12/site-packages/airflow/example_dags/tutorial_taskflow_api.py for tasks to queue
[2024-11-01T11:35:55.337+0000] {logging_mixin.py:190} INFO - [2024-11-01T11:35:55.337+0000] {dagbag.py:588} INFO - Filling up the DagBag from /home/airflow/.local/lib/python3.12/site-packages/airflow/example_dags/tutorial_taskflow_api.py
[2024-11-01T11:35:55.342+0000] {processor.py:925} INFO - DAG(s) 'tutorial_taskflow_api' retrieved from /home/airflow/.local/lib/python3.12/site-packages/airflow/example_dags/tutorial_taskflow_api.py
[2024-11-01T11:35:55.354+0000] {logging_mixin.py:190} INFO - [2024-11-01T11:35:55.354+0000] {dag.py:3239} INFO - Sync 1 DAGs
[2024-11-01T11:35:55.363+0000] {logging_mixin.py:190} INFO - [2024-11-01T11:35:55.363+0000] {dag.py:4180} INFO - Setting next_dagrun for tutorial_taskflow_api to None, run_after=None
[2024-11-01T11:35:55.376+0000] {processor.py:208} INFO - Processing /home/airflow/.local/lib/python3.12/site-packages/airflow/example_dags/tutorial_taskflow_api.py took 0.044 seconds
[2024-11-01T11:36:25.854+0000] {processor.py:186} INFO - Started process (PID=1521) to work on /home/airflow/.local/lib/python3.12/site-packages/airflow/example_dags/tutorial_taskflow_api.py
[2024-11-01T11:36:25.855+0000] {processor.py:914} INFO - Processing file /home/airflow/.local/lib/python3.12/site-packages/airflow/example_dags/tutorial_taskflow_api.py for tasks to queue
[2024-11-01T11:36:25.856+0000] {logging_mixin.py:190} INFO - [2024-11-01T11:36:25.856+0000] {dagbag.py:588} INFO - Filling up the DagBag from /home/airflow/.local/lib/python3.12/site-packages/airflow/example_dags/tutorial_taskflow_api.py
[2024-11-01T11:36:25.861+0000] {processor.py:925} INFO - DAG(s) 'tutorial_taskflow_api' retrieved from /home/airflow/.local/lib/python3.12/site-packages/airflow/example_dags/tutorial_taskflow_api.py
[2024-11-01T11:36:25.877+0000] {logging_mixin.py:190} INFO - [2024-11-01T11:36:25.877+0000] {dag.py:3239} INFO - Sync 1 DAGs
[2024-11-01T11:36:25.887+0000] {logging_mixin.py:190} INFO - [2024-11-01T11:36:25.887+0000] {dag.py:4180} INFO - Setting next_dagrun for tutorial_taskflow_api to None, run_after=None
[2024-11-01T11:36:25.904+0000] {processor.py:208} INFO - Processing /home/airflow/.local/lib/python3.12/site-packages/airflow/example_dags/tutorial_taskflow_api.py took 0.054 seconds
[2024-11-01T11:36:57.032+0000] {processor.py:186} INFO - Started process (PID=1586) to work on /home/airflow/.local/lib/python3.12/site-packages/airflow/example_dags/tutorial_taskflow_api.py
[2024-11-01T11:36:57.033+0000] {processor.py:914} INFO - Processing file /home/airflow/.local/lib/python3.12/site-packages/airflow/example_dags/tutorial_taskflow_api.py for tasks to queue
[2024-11-01T11:36:57.034+0000] {logging_mixin.py:190} INFO - [2024-11-01T11:36:57.034+0000] {dagbag.py:588} INFO - Filling up the DagBag from /home/airflow/.local/lib/python3.12/site-packages/airflow/example_dags/tutorial_taskflow_api.py
[2024-11-01T11:36:57.040+0000] {processor.py:925} INFO - DAG(s) 'tutorial_taskflow_api' retrieved from /home/airflow/.local/lib/python3.12/site-packages/airflow/example_dags/tutorial_taskflow_api.py
[2024-11-01T11:36:57.053+0000] {logging_mixin.py:190} INFO - [2024-11-01T11:36:57.053+0000] {dag.py:3239} INFO - Sync 1 DAGs
[2024-11-01T11:36:57.064+0000] {logging_mixin.py:190} INFO - [2024-11-01T11:36:57.064+0000] {dag.py:4180} INFO - Setting next_dagrun for tutorial_taskflow_api to None, run_after=None
[2024-11-01T11:36:57.083+0000] {processor.py:208} INFO - Processing /home/airflow/.local/lib/python3.12/site-packages/airflow/example_dags/tutorial_taskflow_api.py took 0.055 seconds
[2024-11-01T11:37:28.182+0000] {processor.py:186} INFO - Started process (PID=1651) to work on /home/airflow/.local/lib/python3.12/site-packages/airflow/example_dags/tutorial_taskflow_api.py
[2024-11-01T11:37:28.182+0000] {processor.py:914} INFO - Processing file /home/airflow/.local/lib/python3.12/site-packages/airflow/example_dags/tutorial_taskflow_api.py for tasks to queue
[2024-11-01T11:37:28.184+0000] {logging_mixin.py:190} INFO - [2024-11-01T11:37:28.183+0000] {dagbag.py:588} INFO - Filling up the DagBag from /home/airflow/.local/lib/python3.12/site-packages/airflow/example_dags/tutorial_taskflow_api.py
[2024-11-01T11:37:28.189+0000] {processor.py:925} INFO - DAG(s) 'tutorial_taskflow_api' retrieved from /home/airflow/.local/lib/python3.12/site-packages/airflow/example_dags/tutorial_taskflow_api.py
[2024-11-01T11:37:28.200+0000] {logging_mixin.py:190} INFO - [2024-11-01T11:37:28.200+0000] {dag.py:3239} INFO - Sync 1 DAGs
[2024-11-01T11:37:28.209+0000] {logging_mixin.py:190} INFO - [2024-11-01T11:37:28.208+0000] {dag.py:4180} INFO - Setting next_dagrun for tutorial_taskflow_api to None, run_after=None
[2024-11-01T11:37:28.221+0000] {processor.py:208} INFO - Processing /home/airflow/.local/lib/python3.12/site-packages/airflow/example_dags/tutorial_taskflow_api.py took 0.042 seconds
[2024-11-01T11:37:58.942+0000] {processor.py:186} INFO - Started process (PID=1715) to work on /home/airflow/.local/lib/python3.12/site-packages/airflow/example_dags/tutorial_taskflow_api.py
[2024-11-01T11:37:58.943+0000] {processor.py:914} INFO - Processing file /home/airflow/.local/lib/python3.12/site-packages/airflow/example_dags/tutorial_taskflow_api.py for tasks to queue
[2024-11-01T11:37:58.944+0000] {logging_mixin.py:190} INFO - [2024-11-01T11:37:58.944+0000] {dagbag.py:588} INFO - Filling up the DagBag from /home/airflow/.local/lib/python3.12/site-packages/airflow/example_dags/tutorial_taskflow_api.py
[2024-11-01T11:37:58.949+0000] {processor.py:925} INFO - DAG(s) 'tutorial_taskflow_api' retrieved from /home/airflow/.local/lib/python3.12/site-packages/airflow/example_dags/tutorial_taskflow_api.py
[2024-11-01T11:37:58.961+0000] {logging_mixin.py:190} INFO - [2024-11-01T11:37:58.961+0000] {dag.py:3239} INFO - Sync 1 DAGs
[2024-11-01T11:37:58.970+0000] {logging_mixin.py:190} INFO - [2024-11-01T11:37:58.970+0000] {dag.py:4180} INFO - Setting next_dagrun for tutorial_taskflow_api to None, run_after=None
[2024-11-01T11:37:58.985+0000] {processor.py:208} INFO - Processing /home/airflow/.local/lib/python3.12/site-packages/airflow/example_dags/tutorial_taskflow_api.py took 0.047 seconds
[2024-11-01T11:38:29.107+0000] {processor.py:186} INFO - Started process (PID=1780) to work on /home/airflow/.local/lib/python3.12/site-packages/airflow/example_dags/tutorial_taskflow_api.py
[2024-11-01T11:38:29.108+0000] {processor.py:914} INFO - Processing file /home/airflow/.local/lib/python3.12/site-packages/airflow/example_dags/tutorial_taskflow_api.py for tasks to queue
[2024-11-01T11:38:29.109+0000] {logging_mixin.py:190} INFO - [2024-11-01T11:38:29.109+0000] {dagbag.py:588} INFO - Filling up the DagBag from /home/airflow/.local/lib/python3.12/site-packages/airflow/example_dags/tutorial_taskflow_api.py
[2024-11-01T11:38:29.114+0000] {processor.py:925} INFO - DAG(s) 'tutorial_taskflow_api' retrieved from /home/airflow/.local/lib/python3.12/site-packages/airflow/example_dags/tutorial_taskflow_api.py
[2024-11-01T11:38:29.126+0000] {logging_mixin.py:190} INFO - [2024-11-01T11:38:29.126+0000] {dag.py:3239} INFO - Sync 1 DAGs
[2024-11-01T11:38:29.135+0000] {logging_mixin.py:190} INFO - [2024-11-01T11:38:29.135+0000] {dag.py:4180} INFO - Setting next_dagrun for tutorial_taskflow_api to None, run_after=None
[2024-11-01T11:38:29.150+0000] {processor.py:208} INFO - Processing /home/airflow/.local/lib/python3.12/site-packages/airflow/example_dags/tutorial_taskflow_api.py took 0.046 seconds
[2024-11-01T11:38:59.231+0000] {processor.py:186} INFO - Started process (PID=1844) to work on /home/airflow/.local/lib/python3.12/site-packages/airflow/example_dags/tutorial_taskflow_api.py
[2024-11-01T11:38:59.231+0000] {processor.py:914} INFO - Processing file /home/airflow/.local/lib/python3.12/site-packages/airflow/example_dags/tutorial_taskflow_api.py for tasks to queue
[2024-11-01T11:38:59.233+0000] {logging_mixin.py:190} INFO - [2024-11-01T11:38:59.232+0000] {dagbag.py:588} INFO - Filling up the DagBag from /home/airflow/.local/lib/python3.12/site-packages/airflow/example_dags/tutorial_taskflow_api.py
[2024-11-01T11:38:59.238+0000] {processor.py:925} INFO - DAG(s) 'tutorial_taskflow_api' retrieved from /home/airflow/.local/lib/python3.12/site-packages/airflow/example_dags/tutorial_taskflow_api.py
[2024-11-01T11:38:59.249+0000] {logging_mixin.py:190} INFO - [2024-11-01T11:38:59.249+0000] {dag.py:3239} INFO - Sync 1 DAGs
[2024-11-01T11:38:59.258+0000] {logging_mixin.py:190} INFO - [2024-11-01T11:38:59.258+0000] {dag.py:4180} INFO - Setting next_dagrun for tutorial_taskflow_api to None, run_after=None
[2024-11-01T11:38:59.272+0000] {processor.py:208} INFO - Processing /home/airflow/.local/lib/python3.12/site-packages/airflow/example_dags/tutorial_taskflow_api.py took 0.045 seconds
[2024-11-01T11:39:30.036+0000] {processor.py:186} INFO - Started process (PID=1910) to work on /home/airflow/.local/lib/python3.12/site-packages/airflow/example_dags/tutorial_taskflow_api.py
[2024-11-01T11:39:30.037+0000] {processor.py:914} INFO - Processing file /home/airflow/.local/lib/python3.12/site-packages/airflow/example_dags/tutorial_taskflow_api.py for tasks to queue
[2024-11-01T11:39:30.038+0000] {logging_mixin.py:190} INFO - [2024-11-01T11:39:30.038+0000] {dagbag.py:588} INFO - Filling up the DagBag from /home/airflow/.local/lib/python3.12/site-packages/airflow/example_dags/tutorial_taskflow_api.py
[2024-11-01T11:39:30.043+0000] {processor.py:925} INFO - DAG(s) 'tutorial_taskflow_api' retrieved from /home/airflow/.local/lib/python3.12/site-packages/airflow/example_dags/tutorial_taskflow_api.py
[2024-11-01T11:39:30.057+0000] {logging_mixin.py:190} INFO - [2024-11-01T11:39:30.057+0000] {dag.py:3239} INFO - Sync 1 DAGs
[2024-11-01T11:39:30.069+0000] {logging_mixin.py:190} INFO - [2024-11-01T11:39:30.068+0000] {dag.py:4180} INFO - Setting next_dagrun for tutorial_taskflow_api to None, run_after=None
[2024-11-01T11:39:30.084+0000] {processor.py:208} INFO - Processing /home/airflow/.local/lib/python3.12/site-packages/airflow/example_dags/tutorial_taskflow_api.py took 0.051 seconds
[2024-11-01T11:40:00.812+0000] {processor.py:186} INFO - Started process (PID=1975) to work on /home/airflow/.local/lib/python3.12/site-packages/airflow/example_dags/tutorial_taskflow_api.py
[2024-11-01T11:40:00.812+0000] {processor.py:914} INFO - Processing file /home/airflow/.local/lib/python3.12/site-packages/airflow/example_dags/tutorial_taskflow_api.py for tasks to queue
[2024-11-01T11:40:00.814+0000] {logging_mixin.py:190} INFO - [2024-11-01T11:40:00.813+0000] {dagbag.py:588} INFO - Filling up the DagBag from /home/airflow/.local/lib/python3.12/site-packages/airflow/example_dags/tutorial_taskflow_api.py
[2024-11-01T11:40:00.819+0000] {processor.py:925} INFO - DAG(s) 'tutorial_taskflow_api' retrieved from /home/airflow/.local/lib/python3.12/site-packages/airflow/example_dags/tutorial_taskflow_api.py
[2024-11-01T11:40:00.831+0000] {logging_mixin.py:190} INFO - [2024-11-01T11:40:00.831+0000] {dag.py:3239} INFO - Sync 1 DAGs
[2024-11-01T11:40:00.840+0000] {logging_mixin.py:190} INFO - [2024-11-01T11:40:00.840+0000] {dag.py:4180} INFO - Setting next_dagrun for tutorial_taskflow_api to None, run_after=None
[2024-11-01T11:40:00.853+0000] {processor.py:208} INFO - Processing /home/airflow/.local/lib/python3.12/site-packages/airflow/example_dags/tutorial_taskflow_api.py took 0.046 seconds
[2024-11-01T11:40:31.146+0000] {processor.py:186} INFO - Started process (PID=2040) to work on /home/airflow/.local/lib/python3.12/site-packages/airflow/example_dags/tutorial_taskflow_api.py
[2024-11-01T11:40:31.147+0000] {processor.py:914} INFO - Processing file /home/airflow/.local/lib/python3.12/site-packages/airflow/example_dags/tutorial_taskflow_api.py for tasks to queue
[2024-11-01T11:40:31.148+0000] {logging_mixin.py:190} INFO - [2024-11-01T11:40:31.148+0000] {dagbag.py:588} INFO - Filling up the DagBag from /home/airflow/.local/lib/python3.12/site-packages/airflow/example_dags/tutorial_taskflow_api.py
[2024-11-01T11:40:31.153+0000] {processor.py:925} INFO - DAG(s) 'tutorial_taskflow_api' retrieved from /home/airflow/.local/lib/python3.12/site-packages/airflow/example_dags/tutorial_taskflow_api.py
[2024-11-01T11:40:31.165+0000] {logging_mixin.py:190} INFO - [2024-11-01T11:40:31.165+0000] {dag.py:3239} INFO - Sync 1 DAGs
[2024-11-01T11:40:31.174+0000] {logging_mixin.py:190} INFO - [2024-11-01T11:40:31.174+0000] {dag.py:4180} INFO - Setting next_dagrun for tutorial_taskflow_api to None, run_after=None
[2024-11-01T11:40:31.188+0000] {processor.py:208} INFO - Processing /home/airflow/.local/lib/python3.12/site-packages/airflow/example_dags/tutorial_taskflow_api.py took 0.046 seconds
[2024-11-01T11:41:01.305+0000] {processor.py:186} INFO - Started process (PID=2105) to work on /home/airflow/.local/lib/python3.12/site-packages/airflow/example_dags/tutorial_taskflow_api.py
[2024-11-01T11:41:01.305+0000] {processor.py:914} INFO - Processing file /home/airflow/.local/lib/python3.12/site-packages/airflow/example_dags/tutorial_taskflow_api.py for tasks to queue
[2024-11-01T11:41:01.307+0000] {logging_mixin.py:190} INFO - [2024-11-01T11:41:01.306+0000] {dagbag.py:588} INFO - Filling up the DagBag from /home/airflow/.local/lib/python3.12/site-packages/airflow/example_dags/tutorial_taskflow_api.py
[2024-11-01T11:41:01.312+0000] {processor.py:925} INFO - DAG(s) 'tutorial_taskflow_api' retrieved from /home/airflow/.local/lib/python3.12/site-packages/airflow/example_dags/tutorial_taskflow_api.py
[2024-11-01T11:41:01.327+0000] {logging_mixin.py:190} INFO - [2024-11-01T11:41:01.326+0000] {dag.py:3239} INFO - Sync 1 DAGs
[2024-11-01T11:41:01.336+0000] {logging_mixin.py:190} INFO - [2024-11-01T11:41:01.336+0000] {dag.py:4180} INFO - Setting next_dagrun for tutorial_taskflow_api to None, run_after=None
[2024-11-01T11:41:01.352+0000] {processor.py:208} INFO - Processing /home/airflow/.local/lib/python3.12/site-packages/airflow/example_dags/tutorial_taskflow_api.py took 0.052 seconds
[2024-11-01T11:41:32.257+0000] {processor.py:186} INFO - Started process (PID=2170) to work on /home/airflow/.local/lib/python3.12/site-packages/airflow/example_dags/tutorial_taskflow_api.py
[2024-11-01T11:41:32.258+0000] {processor.py:914} INFO - Processing file /home/airflow/.local/lib/python3.12/site-packages/airflow/example_dags/tutorial_taskflow_api.py for tasks to queue
[2024-11-01T11:41:32.259+0000] {logging_mixin.py:190} INFO - [2024-11-01T11:41:32.259+0000] {dagbag.py:588} INFO - Filling up the DagBag from /home/airflow/.local/lib/python3.12/site-packages/airflow/example_dags/tutorial_taskflow_api.py
[2024-11-01T11:41:32.265+0000] {processor.py:925} INFO - DAG(s) 'tutorial_taskflow_api' retrieved from /home/airflow/.local/lib/python3.12/site-packages/airflow/example_dags/tutorial_taskflow_api.py
[2024-11-01T11:41:32.277+0000] {logging_mixin.py:190} INFO - [2024-11-01T11:41:32.276+0000] {dag.py:3239} INFO - Sync 1 DAGs
[2024-11-01T11:41:32.286+0000] {logging_mixin.py:190} INFO - [2024-11-01T11:41:32.285+0000] {dag.py:4180} INFO - Setting next_dagrun for tutorial_taskflow_api to None, run_after=None
[2024-11-01T11:41:32.299+0000] {processor.py:208} INFO - Processing /home/airflow/.local/lib/python3.12/site-packages/airflow/example_dags/tutorial_taskflow_api.py took 0.045 seconds
[2024-11-01T11:42:03.247+0000] {processor.py:186} INFO - Started process (PID=2235) to work on /home/airflow/.local/lib/python3.12/site-packages/airflow/example_dags/tutorial_taskflow_api.py
[2024-11-01T11:42:03.248+0000] {processor.py:914} INFO - Processing file /home/airflow/.local/lib/python3.12/site-packages/airflow/example_dags/tutorial_taskflow_api.py for tasks to queue
[2024-11-01T11:42:03.249+0000] {logging_mixin.py:190} INFO - [2024-11-01T11:42:03.249+0000] {dagbag.py:588} INFO - Filling up the DagBag from /home/airflow/.local/lib/python3.12/site-packages/airflow/example_dags/tutorial_taskflow_api.py
[2024-11-01T11:42:03.254+0000] {processor.py:925} INFO - DAG(s) 'tutorial_taskflow_api' retrieved from /home/airflow/.local/lib/python3.12/site-packages/airflow/example_dags/tutorial_taskflow_api.py
[2024-11-01T11:42:03.267+0000] {logging_mixin.py:190} INFO - [2024-11-01T11:42:03.267+0000] {dag.py:3239} INFO - Sync 1 DAGs
[2024-11-01T11:42:03.277+0000] {logging_mixin.py:190} INFO - [2024-11-01T11:42:03.276+0000] {dag.py:4180} INFO - Setting next_dagrun for tutorial_taskflow_api to None, run_after=None
[2024-11-01T11:42:03.290+0000] {processor.py:208} INFO - Processing /home/airflow/.local/lib/python3.12/site-packages/airflow/example_dags/tutorial_taskflow_api.py took 0.046 seconds
[2024-11-01T11:42:33.903+0000] {processor.py:186} INFO - Started process (PID=2300) to work on /home/airflow/.local/lib/python3.12/site-packages/airflow/example_dags/tutorial_taskflow_api.py
[2024-11-01T11:42:33.903+0000] {processor.py:914} INFO - Processing file /home/airflow/.local/lib/python3.12/site-packages/airflow/example_dags/tutorial_taskflow_api.py for tasks to queue
[2024-11-01T11:42:33.905+0000] {logging_mixin.py:190} INFO - [2024-11-01T11:42:33.904+0000] {dagbag.py:588} INFO - Filling up the DagBag from /home/airflow/.local/lib/python3.12/site-packages/airflow/example_dags/tutorial_taskflow_api.py
[2024-11-01T11:42:33.910+0000] {processor.py:925} INFO - DAG(s) 'tutorial_taskflow_api' retrieved from /home/airflow/.local/lib/python3.12/site-packages/airflow/example_dags/tutorial_taskflow_api.py
[2024-11-01T11:42:33.922+0000] {logging_mixin.py:190} INFO - [2024-11-01T11:42:33.922+0000] {dag.py:3239} INFO - Sync 1 DAGs
[2024-11-01T11:42:33.931+0000] {logging_mixin.py:190} INFO - [2024-11-01T11:42:33.931+0000] {dag.py:4180} INFO - Setting next_dagrun for tutorial_taskflow_api to None, run_after=None
[2024-11-01T11:42:33.945+0000] {processor.py:208} INFO - Processing /home/airflow/.local/lib/python3.12/site-packages/airflow/example_dags/tutorial_taskflow_api.py took 0.046 seconds
[2024-11-01T11:43:04.856+0000] {processor.py:186} INFO - Started process (PID=2366) to work on /home/airflow/.local/lib/python3.12/site-packages/airflow/example_dags/tutorial_taskflow_api.py
[2024-11-01T11:43:04.857+0000] {processor.py:914} INFO - Processing file /home/airflow/.local/lib/python3.12/site-packages/airflow/example_dags/tutorial_taskflow_api.py for tasks to queue
[2024-11-01T11:43:04.858+0000] {logging_mixin.py:190} INFO - [2024-11-01T11:43:04.858+0000] {dagbag.py:588} INFO - Filling up the DagBag from /home/airflow/.local/lib/python3.12/site-packages/airflow/example_dags/tutorial_taskflow_api.py
[2024-11-01T11:43:04.863+0000] {processor.py:925} INFO - DAG(s) 'tutorial_taskflow_api' retrieved from /home/airflow/.local/lib/python3.12/site-packages/airflow/example_dags/tutorial_taskflow_api.py
[2024-11-01T11:43:04.876+0000] {logging_mixin.py:190} INFO - [2024-11-01T11:43:04.876+0000] {dag.py:3239} INFO - Sync 1 DAGs
[2024-11-01T11:43:04.886+0000] {logging_mixin.py:190} INFO - [2024-11-01T11:43:04.886+0000] {dag.py:4180} INFO - Setting next_dagrun for tutorial_taskflow_api to None, run_after=None
[2024-11-01T11:43:04.901+0000] {processor.py:208} INFO - Processing /home/airflow/.local/lib/python3.12/site-packages/airflow/example_dags/tutorial_taskflow_api.py took 0.048 seconds
[2024-11-01T11:43:35.138+0000] {processor.py:186} INFO - Started process (PID=2431) to work on /home/airflow/.local/lib/python3.12/site-packages/airflow/example_dags/tutorial_taskflow_api.py
[2024-11-01T11:43:35.139+0000] {processor.py:914} INFO - Processing file /home/airflow/.local/lib/python3.12/site-packages/airflow/example_dags/tutorial_taskflow_api.py for tasks to queue
[2024-11-01T11:43:35.140+0000] {logging_mixin.py:190} INFO - [2024-11-01T11:43:35.140+0000] {dagbag.py:588} INFO - Filling up the DagBag from /home/airflow/.local/lib/python3.12/site-packages/airflow/example_dags/tutorial_taskflow_api.py
[2024-11-01T11:43:35.146+0000] {processor.py:925} INFO - DAG(s) 'tutorial_taskflow_api' retrieved from /home/airflow/.local/lib/python3.12/site-packages/airflow/example_dags/tutorial_taskflow_api.py
[2024-11-01T11:43:35.159+0000] {logging_mixin.py:190} INFO - [2024-11-01T11:43:35.158+0000] {dag.py:3239} INFO - Sync 1 DAGs
[2024-11-01T11:43:35.169+0000] {logging_mixin.py:190} INFO - [2024-11-01T11:43:35.169+0000] {dag.py:4180} INFO - Setting next_dagrun for tutorial_taskflow_api to None, run_after=None
[2024-11-01T11:43:35.185+0000] {processor.py:208} INFO - Processing /home/airflow/.local/lib/python3.12/site-packages/airflow/example_dags/tutorial_taskflow_api.py took 0.051 seconds
[2024-11-01T11:44:05.592+0000] {processor.py:186} INFO - Started process (PID=2496) to work on /home/airflow/.local/lib/python3.12/site-packages/airflow/example_dags/tutorial_taskflow_api.py
[2024-11-01T11:44:05.592+0000] {processor.py:914} INFO - Processing file /home/airflow/.local/lib/python3.12/site-packages/airflow/example_dags/tutorial_taskflow_api.py for tasks to queue
[2024-11-01T11:44:05.594+0000] {logging_mixin.py:190} INFO - [2024-11-01T11:44:05.593+0000] {dagbag.py:588} INFO - Filling up the DagBag from /home/airflow/.local/lib/python3.12/site-packages/airflow/example_dags/tutorial_taskflow_api.py
[2024-11-01T11:44:05.598+0000] {processor.py:925} INFO - DAG(s) 'tutorial_taskflow_api' retrieved from /home/airflow/.local/lib/python3.12/site-packages/airflow/example_dags/tutorial_taskflow_api.py
[2024-11-01T11:44:05.611+0000] {logging_mixin.py:190} INFO - [2024-11-01T11:44:05.611+0000] {dag.py:3239} INFO - Sync 1 DAGs
[2024-11-01T11:44:05.620+0000] {logging_mixin.py:190} INFO - [2024-11-01T11:44:05.620+0000] {dag.py:4180} INFO - Setting next_dagrun for tutorial_taskflow_api to None, run_after=None
[2024-11-01T11:44:05.634+0000] {processor.py:208} INFO - Processing /home/airflow/.local/lib/python3.12/site-packages/airflow/example_dags/tutorial_taskflow_api.py took 0.046 seconds
[2024-11-01T11:44:36.117+0000] {processor.py:186} INFO - Started process (PID=2561) to work on /home/airflow/.local/lib/python3.12/site-packages/airflow/example_dags/tutorial_taskflow_api.py
[2024-11-01T11:44:36.118+0000] {processor.py:914} INFO - Processing file /home/airflow/.local/lib/python3.12/site-packages/airflow/example_dags/tutorial_taskflow_api.py for tasks to queue
[2024-11-01T11:44:36.119+0000] {logging_mixin.py:190} INFO - [2024-11-01T11:44:36.119+0000] {dagbag.py:588} INFO - Filling up the DagBag from /home/airflow/.local/lib/python3.12/site-packages/airflow/example_dags/tutorial_taskflow_api.py
[2024-11-01T11:44:36.124+0000] {processor.py:925} INFO - DAG(s) 'tutorial_taskflow_api' retrieved from /home/airflow/.local/lib/python3.12/site-packages/airflow/example_dags/tutorial_taskflow_api.py
[2024-11-01T11:44:36.137+0000] {logging_mixin.py:190} INFO - [2024-11-01T11:44:36.136+0000] {dag.py:3239} INFO - Sync 1 DAGs
[2024-11-01T11:44:36.146+0000] {logging_mixin.py:190} INFO - [2024-11-01T11:44:36.146+0000] {dag.py:4180} INFO - Setting next_dagrun for tutorial_taskflow_api to None, run_after=None
[2024-11-01T11:44:36.160+0000] {processor.py:208} INFO - Processing /home/airflow/.local/lib/python3.12/site-packages/airflow/example_dags/tutorial_taskflow_api.py took 0.046 seconds
[2024-11-01T11:45:06.704+0000] {processor.py:186} INFO - Started process (PID=2626) to work on /home/airflow/.local/lib/python3.12/site-packages/airflow/example_dags/tutorial_taskflow_api.py
[2024-11-01T11:45:06.705+0000] {processor.py:914} INFO - Processing file /home/airflow/.local/lib/python3.12/site-packages/airflow/example_dags/tutorial_taskflow_api.py for tasks to queue
[2024-11-01T11:45:06.706+0000] {logging_mixin.py:190} INFO - [2024-11-01T11:45:06.706+0000] {dagbag.py:588} INFO - Filling up the DagBag from /home/airflow/.local/lib/python3.12/site-packages/airflow/example_dags/tutorial_taskflow_api.py
[2024-11-01T11:45:06.711+0000] {processor.py:925} INFO - DAG(s) 'tutorial_taskflow_api' retrieved from /home/airflow/.local/lib/python3.12/site-packages/airflow/example_dags/tutorial_taskflow_api.py
[2024-11-01T11:45:06.723+0000] {logging_mixin.py:190} INFO - [2024-11-01T11:45:06.723+0000] {dag.py:3239} INFO - Sync 1 DAGs
[2024-11-01T11:45:06.732+0000] {logging_mixin.py:190} INFO - [2024-11-01T11:45:06.732+0000] {dag.py:4180} INFO - Setting next_dagrun for tutorial_taskflow_api to None, run_after=None
[2024-11-01T11:45:06.746+0000] {processor.py:208} INFO - Processing /home/airflow/.local/lib/python3.12/site-packages/airflow/example_dags/tutorial_taskflow_api.py took 0.046 seconds
[2024-11-01T11:45:37.187+0000] {processor.py:186} INFO - Started process (PID=2691) to work on /home/airflow/.local/lib/python3.12/site-packages/airflow/example_dags/tutorial_taskflow_api.py
[2024-11-01T11:45:37.187+0000] {processor.py:914} INFO - Processing file /home/airflow/.local/lib/python3.12/site-packages/airflow/example_dags/tutorial_taskflow_api.py for tasks to queue
[2024-11-01T11:45:37.188+0000] {logging_mixin.py:190} INFO - [2024-11-01T11:45:37.188+0000] {dagbag.py:588} INFO - Filling up the DagBag from /home/airflow/.local/lib/python3.12/site-packages/airflow/example_dags/tutorial_taskflow_api.py
[2024-11-01T11:45:37.193+0000] {processor.py:925} INFO - DAG(s) 'tutorial_taskflow_api' retrieved from /home/airflow/.local/lib/python3.12/site-packages/airflow/example_dags/tutorial_taskflow_api.py
[2024-11-01T11:45:37.207+0000] {logging_mixin.py:190} INFO - [2024-11-01T11:45:37.206+0000] {dag.py:3239} INFO - Sync 1 DAGs
[2024-11-01T11:45:37.216+0000] {logging_mixin.py:190} INFO - [2024-11-01T11:45:37.216+0000] {dag.py:4180} INFO - Setting next_dagrun for tutorial_taskflow_api to None, run_after=None
[2024-11-01T11:45:37.231+0000] {processor.py:208} INFO - Processing /home/airflow/.local/lib/python3.12/site-packages/airflow/example_dags/tutorial_taskflow_api.py took 0.048 seconds
[2024-11-01T11:46:07.397+0000] {processor.py:186} INFO - Started process (PID=2756) to work on /home/airflow/.local/lib/python3.12/site-packages/airflow/example_dags/tutorial_taskflow_api.py
[2024-11-01T11:46:07.398+0000] {processor.py:914} INFO - Processing file /home/airflow/.local/lib/python3.12/site-packages/airflow/example_dags/tutorial_taskflow_api.py for tasks to queue
[2024-11-01T11:46:07.399+0000] {logging_mixin.py:190} INFO - [2024-11-01T11:46:07.399+0000] {dagbag.py:588} INFO - Filling up the DagBag from /home/airflow/.local/lib/python3.12/site-packages/airflow/example_dags/tutorial_taskflow_api.py
[2024-11-01T11:46:07.405+0000] {processor.py:925} INFO - DAG(s) 'tutorial_taskflow_api' retrieved from /home/airflow/.local/lib/python3.12/site-packages/airflow/example_dags/tutorial_taskflow_api.py
[2024-11-01T11:46:07.418+0000] {logging_mixin.py:190} INFO - [2024-11-01T11:46:07.418+0000] {dag.py:3239} INFO - Sync 1 DAGs
[2024-11-01T11:46:07.429+0000] {logging_mixin.py:190} INFO - [2024-11-01T11:46:07.429+0000] {dag.py:4180} INFO - Setting next_dagrun for tutorial_taskflow_api to None, run_after=None
[2024-11-01T11:46:07.448+0000] {processor.py:208} INFO - Processing /home/airflow/.local/lib/python3.12/site-packages/airflow/example_dags/tutorial_taskflow_api.py took 0.054 seconds
[2024-11-01T11:46:38.047+0000] {processor.py:186} INFO - Started process (PID=2821) to work on /home/airflow/.local/lib/python3.12/site-packages/airflow/example_dags/tutorial_taskflow_api.py
[2024-11-01T11:46:38.047+0000] {processor.py:914} INFO - Processing file /home/airflow/.local/lib/python3.12/site-packages/airflow/example_dags/tutorial_taskflow_api.py for tasks to queue
[2024-11-01T11:46:38.049+0000] {logging_mixin.py:190} INFO - [2024-11-01T11:46:38.049+0000] {dagbag.py:588} INFO - Filling up the DagBag from /home/airflow/.local/lib/python3.12/site-packages/airflow/example_dags/tutorial_taskflow_api.py
[2024-11-01T11:46:38.057+0000] {processor.py:925} INFO - DAG(s) 'tutorial_taskflow_api' retrieved from /home/airflow/.local/lib/python3.12/site-packages/airflow/example_dags/tutorial_taskflow_api.py
[2024-11-01T11:46:38.073+0000] {logging_mixin.py:190} INFO - [2024-11-01T11:46:38.072+0000] {dag.py:3239} INFO - Sync 1 DAGs
[2024-11-01T11:46:38.084+0000] {logging_mixin.py:190} INFO - [2024-11-01T11:46:38.084+0000] {dag.py:4180} INFO - Setting next_dagrun for tutorial_taskflow_api to None, run_after=None
[2024-11-01T11:46:38.102+0000] {processor.py:208} INFO - Processing /home/airflow/.local/lib/python3.12/site-packages/airflow/example_dags/tutorial_taskflow_api.py took 0.059 seconds
[2024-11-01T11:47:08.798+0000] {processor.py:186} INFO - Started process (PID=2886) to work on /home/airflow/.local/lib/python3.12/site-packages/airflow/example_dags/tutorial_taskflow_api.py
[2024-11-01T11:47:08.799+0000] {processor.py:914} INFO - Processing file /home/airflow/.local/lib/python3.12/site-packages/airflow/example_dags/tutorial_taskflow_api.py for tasks to queue
[2024-11-01T11:47:08.800+0000] {logging_mixin.py:190} INFO - [2024-11-01T11:47:08.800+0000] {dagbag.py:588} INFO - Filling up the DagBag from /home/airflow/.local/lib/python3.12/site-packages/airflow/example_dags/tutorial_taskflow_api.py
[2024-11-01T11:47:08.805+0000] {processor.py:925} INFO - DAG(s) 'tutorial_taskflow_api' retrieved from /home/airflow/.local/lib/python3.12/site-packages/airflow/example_dags/tutorial_taskflow_api.py
[2024-11-01T11:47:08.817+0000] {logging_mixin.py:190} INFO - [2024-11-01T11:47:08.817+0000] {dag.py:3239} INFO - Sync 1 DAGs
[2024-11-01T11:47:08.826+0000] {logging_mixin.py:190} INFO - [2024-11-01T11:47:08.826+0000] {dag.py:4180} INFO - Setting next_dagrun for tutorial_taskflow_api to None, run_after=None
[2024-11-01T11:47:08.841+0000] {processor.py:208} INFO - Processing /home/airflow/.local/lib/python3.12/site-packages/airflow/example_dags/tutorial_taskflow_api.py took 0.047 seconds
[2024-11-01T11:47:39.097+0000] {processor.py:186} INFO - Started process (PID=2951) to work on /home/airflow/.local/lib/python3.12/site-packages/airflow/example_dags/tutorial_taskflow_api.py
[2024-11-01T11:47:39.097+0000] {processor.py:914} INFO - Processing file /home/airflow/.local/lib/python3.12/site-packages/airflow/example_dags/tutorial_taskflow_api.py for tasks to queue
[2024-11-01T11:47:39.099+0000] {logging_mixin.py:190} INFO - [2024-11-01T11:47:39.099+0000] {dagbag.py:588} INFO - Filling up the DagBag from /home/airflow/.local/lib/python3.12/site-packages/airflow/example_dags/tutorial_taskflow_api.py
[2024-11-01T11:47:39.103+0000] {processor.py:925} INFO - DAG(s) 'tutorial_taskflow_api' retrieved from /home/airflow/.local/lib/python3.12/site-packages/airflow/example_dags/tutorial_taskflow_api.py
[2024-11-01T11:47:39.116+0000] {logging_mixin.py:190} INFO - [2024-11-01T11:47:39.116+0000] {dag.py:3239} INFO - Sync 1 DAGs
[2024-11-01T11:47:39.125+0000] {logging_mixin.py:190} INFO - [2024-11-01T11:47:39.125+0000] {dag.py:4180} INFO - Setting next_dagrun for tutorial_taskflow_api to None, run_after=None
[2024-11-01T11:47:39.138+0000] {processor.py:208} INFO - Processing /home/airflow/.local/lib/python3.12/site-packages/airflow/example_dags/tutorial_taskflow_api.py took 0.045 seconds
[2024-11-01T11:48:09.876+0000] {processor.py:186} INFO - Started process (PID=3016) to work on /home/airflow/.local/lib/python3.12/site-packages/airflow/example_dags/tutorial_taskflow_api.py
[2024-11-01T11:48:09.876+0000] {processor.py:914} INFO - Processing file /home/airflow/.local/lib/python3.12/site-packages/airflow/example_dags/tutorial_taskflow_api.py for tasks to queue
[2024-11-01T11:48:09.878+0000] {logging_mixin.py:190} INFO - [2024-11-01T11:48:09.877+0000] {dagbag.py:588} INFO - Filling up the DagBag from /home/airflow/.local/lib/python3.12/site-packages/airflow/example_dags/tutorial_taskflow_api.py
[2024-11-01T11:48:09.883+0000] {processor.py:925} INFO - DAG(s) 'tutorial_taskflow_api' retrieved from /home/airflow/.local/lib/python3.12/site-packages/airflow/example_dags/tutorial_taskflow_api.py
[2024-11-01T11:48:09.896+0000] {logging_mixin.py:190} INFO - [2024-11-01T11:48:09.896+0000] {dag.py:3239} INFO - Sync 1 DAGs
[2024-11-01T11:48:09.906+0000] {logging_mixin.py:190} INFO - [2024-11-01T11:48:09.906+0000] {dag.py:4180} INFO - Setting next_dagrun for tutorial_taskflow_api to None, run_after=None
[2024-11-01T11:48:09.921+0000] {processor.py:208} INFO - Processing /home/airflow/.local/lib/python3.12/site-packages/airflow/example_dags/tutorial_taskflow_api.py took 0.049 seconds
[2024-11-01T11:48:40.527+0000] {processor.py:186} INFO - Started process (PID=3081) to work on /home/airflow/.local/lib/python3.12/site-packages/airflow/example_dags/tutorial_taskflow_api.py
[2024-11-01T11:48:40.527+0000] {processor.py:914} INFO - Processing file /home/airflow/.local/lib/python3.12/site-packages/airflow/example_dags/tutorial_taskflow_api.py for tasks to queue
[2024-11-01T11:48:40.529+0000] {logging_mixin.py:190} INFO - [2024-11-01T11:48:40.528+0000] {dagbag.py:588} INFO - Filling up the DagBag from /home/airflow/.local/lib/python3.12/site-packages/airflow/example_dags/tutorial_taskflow_api.py
[2024-11-01T11:48:40.535+0000] {processor.py:925} INFO - DAG(s) 'tutorial_taskflow_api' retrieved from /home/airflow/.local/lib/python3.12/site-packages/airflow/example_dags/tutorial_taskflow_api.py
[2024-11-01T11:48:40.549+0000] {logging_mixin.py:190} INFO - [2024-11-01T11:48:40.549+0000] {dag.py:3239} INFO - Sync 1 DAGs
[2024-11-01T11:48:40.558+0000] {logging_mixin.py:190} INFO - [2024-11-01T11:48:40.557+0000] {dag.py:4180} INFO - Setting next_dagrun for tutorial_taskflow_api to None, run_after=None
[2024-11-01T11:48:40.570+0000] {processor.py:208} INFO - Processing /home/airflow/.local/lib/python3.12/site-packages/airflow/example_dags/tutorial_taskflow_api.py took 0.047 seconds
[2024-11-01T11:49:11.209+0000] {processor.py:186} INFO - Started process (PID=3145) to work on /home/airflow/.local/lib/python3.12/site-packages/airflow/example_dags/tutorial_taskflow_api.py
[2024-11-01T11:49:11.210+0000] {processor.py:914} INFO - Processing file /home/airflow/.local/lib/python3.12/site-packages/airflow/example_dags/tutorial_taskflow_api.py for tasks to queue
[2024-11-01T11:49:11.211+0000] {logging_mixin.py:190} INFO - [2024-11-01T11:49:11.211+0000] {dagbag.py:588} INFO - Filling up the DagBag from /home/airflow/.local/lib/python3.12/site-packages/airflow/example_dags/tutorial_taskflow_api.py
[2024-11-01T11:49:11.216+0000] {processor.py:925} INFO - DAG(s) 'tutorial_taskflow_api' retrieved from /home/airflow/.local/lib/python3.12/site-packages/airflow/example_dags/tutorial_taskflow_api.py
[2024-11-01T11:49:11.229+0000] {logging_mixin.py:190} INFO - [2024-11-01T11:49:11.229+0000] {dag.py:3239} INFO - Sync 1 DAGs
[2024-11-01T11:49:11.239+0000] {logging_mixin.py:190} INFO - [2024-11-01T11:49:11.238+0000] {dag.py:4180} INFO - Setting next_dagrun for tutorial_taskflow_api to None, run_after=None
[2024-11-01T11:49:11.252+0000] {processor.py:208} INFO - Processing /home/airflow/.local/lib/python3.12/site-packages/airflow/example_dags/tutorial_taskflow_api.py took 0.047 seconds
[2024-11-01T11:49:41.608+0000] {processor.py:186} INFO - Started process (PID=3210) to work on /home/airflow/.local/lib/python3.12/site-packages/airflow/example_dags/tutorial_taskflow_api.py
[2024-11-01T11:49:41.609+0000] {processor.py:914} INFO - Processing file /home/airflow/.local/lib/python3.12/site-packages/airflow/example_dags/tutorial_taskflow_api.py for tasks to queue
[2024-11-01T11:49:41.610+0000] {logging_mixin.py:190} INFO - [2024-11-01T11:49:41.610+0000] {dagbag.py:588} INFO - Filling up the DagBag from /home/airflow/.local/lib/python3.12/site-packages/airflow/example_dags/tutorial_taskflow_api.py
[2024-11-01T11:49:41.615+0000] {processor.py:925} INFO - DAG(s) 'tutorial_taskflow_api' retrieved from /home/airflow/.local/lib/python3.12/site-packages/airflow/example_dags/tutorial_taskflow_api.py
[2024-11-01T11:49:41.627+0000] {logging_mixin.py:190} INFO - [2024-11-01T11:49:41.627+0000] {dag.py:3239} INFO - Sync 1 DAGs
[2024-11-01T11:49:41.636+0000] {logging_mixin.py:190} INFO - [2024-11-01T11:49:41.636+0000] {dag.py:4180} INFO - Setting next_dagrun for tutorial_taskflow_api to None, run_after=None
[2024-11-01T11:49:41.649+0000] {processor.py:208} INFO - Processing /home/airflow/.local/lib/python3.12/site-packages/airflow/example_dags/tutorial_taskflow_api.py took 0.045 seconds
[2024-11-01T11:50:12.083+0000] {processor.py:186} INFO - Started process (PID=3275) to work on /home/airflow/.local/lib/python3.12/site-packages/airflow/example_dags/tutorial_taskflow_api.py
[2024-11-01T11:50:12.083+0000] {processor.py:914} INFO - Processing file /home/airflow/.local/lib/python3.12/site-packages/airflow/example_dags/tutorial_taskflow_api.py for tasks to queue
[2024-11-01T11:50:12.085+0000] {logging_mixin.py:190} INFO - [2024-11-01T11:50:12.084+0000] {dagbag.py:588} INFO - Filling up the DagBag from /home/airflow/.local/lib/python3.12/site-packages/airflow/example_dags/tutorial_taskflow_api.py
[2024-11-01T11:50:12.089+0000] {processor.py:925} INFO - DAG(s) 'tutorial_taskflow_api' retrieved from /home/airflow/.local/lib/python3.12/site-packages/airflow/example_dags/tutorial_taskflow_api.py
[2024-11-01T11:50:12.101+0000] {logging_mixin.py:190} INFO - [2024-11-01T11:50:12.101+0000] {dag.py:3239} INFO - Sync 1 DAGs
[2024-11-01T11:50:12.110+0000] {logging_mixin.py:190} INFO - [2024-11-01T11:50:12.110+0000] {dag.py:4180} INFO - Setting next_dagrun for tutorial_taskflow_api to None, run_after=None
[2024-11-01T11:50:12.125+0000] {processor.py:208} INFO - Processing /home/airflow/.local/lib/python3.12/site-packages/airflow/example_dags/tutorial_taskflow_api.py took 0.046 seconds
[2024-11-01T11:50:42.664+0000] {processor.py:186} INFO - Started process (PID=3340) to work on /home/airflow/.local/lib/python3.12/site-packages/airflow/example_dags/tutorial_taskflow_api.py
[2024-11-01T11:50:42.665+0000] {processor.py:914} INFO - Processing file /home/airflow/.local/lib/python3.12/site-packages/airflow/example_dags/tutorial_taskflow_api.py for tasks to queue
[2024-11-01T11:50:42.666+0000] {logging_mixin.py:190} INFO - [2024-11-01T11:50:42.666+0000] {dagbag.py:588} INFO - Filling up the DagBag from /home/airflow/.local/lib/python3.12/site-packages/airflow/example_dags/tutorial_taskflow_api.py
[2024-11-01T11:50:42.671+0000] {processor.py:925} INFO - DAG(s) 'tutorial_taskflow_api' retrieved from /home/airflow/.local/lib/python3.12/site-packages/airflow/example_dags/tutorial_taskflow_api.py
[2024-11-01T11:50:42.684+0000] {logging_mixin.py:190} INFO - [2024-11-01T11:50:42.684+0000] {dag.py:3239} INFO - Sync 1 DAGs
[2024-11-01T11:50:42.693+0000] {logging_mixin.py:190} INFO - [2024-11-01T11:50:42.693+0000] {dag.py:4180} INFO - Setting next_dagrun for tutorial_taskflow_api to None, run_after=None
[2024-11-01T11:50:42.708+0000] {processor.py:208} INFO - Processing /home/airflow/.local/lib/python3.12/site-packages/airflow/example_dags/tutorial_taskflow_api.py took 0.047 seconds
[2024-11-01T11:51:13.535+0000] {processor.py:186} INFO - Started process (PID=3405) to work on /home/airflow/.local/lib/python3.12/site-packages/airflow/example_dags/tutorial_taskflow_api.py
[2024-11-01T11:51:13.536+0000] {processor.py:914} INFO - Processing file /home/airflow/.local/lib/python3.12/site-packages/airflow/example_dags/tutorial_taskflow_api.py for tasks to queue
[2024-11-01T11:51:13.537+0000] {logging_mixin.py:190} INFO - [2024-11-01T11:51:13.537+0000] {dagbag.py:588} INFO - Filling up the DagBag from /home/airflow/.local/lib/python3.12/site-packages/airflow/example_dags/tutorial_taskflow_api.py
[2024-11-01T11:51:13.543+0000] {processor.py:925} INFO - DAG(s) 'tutorial_taskflow_api' retrieved from /home/airflow/.local/lib/python3.12/site-packages/airflow/example_dags/tutorial_taskflow_api.py
[2024-11-01T11:51:13.555+0000] {logging_mixin.py:190} INFO - [2024-11-01T11:51:13.554+0000] {dag.py:3239} INFO - Sync 1 DAGs
[2024-11-01T11:51:13.564+0000] {logging_mixin.py:190} INFO - [2024-11-01T11:51:13.563+0000] {dag.py:4180} INFO - Setting next_dagrun for tutorial_taskflow_api to None, run_after=None
[2024-11-01T11:51:13.577+0000] {processor.py:208} INFO - Processing /home/airflow/.local/lib/python3.12/site-packages/airflow/example_dags/tutorial_taskflow_api.py took 0.045 seconds
[2024-11-01T11:51:43.969+0000] {processor.py:186} INFO - Started process (PID=3470) to work on /home/airflow/.local/lib/python3.12/site-packages/airflow/example_dags/tutorial_taskflow_api.py
[2024-11-01T11:51:43.970+0000] {processor.py:914} INFO - Processing file /home/airflow/.local/lib/python3.12/site-packages/airflow/example_dags/tutorial_taskflow_api.py for tasks to queue
[2024-11-01T11:51:43.971+0000] {logging_mixin.py:190} INFO - [2024-11-01T11:51:43.971+0000] {dagbag.py:588} INFO - Filling up the DagBag from /home/airflow/.local/lib/python3.12/site-packages/airflow/example_dags/tutorial_taskflow_api.py
[2024-11-01T11:51:43.976+0000] {processor.py:925} INFO - DAG(s) 'tutorial_taskflow_api' retrieved from /home/airflow/.local/lib/python3.12/site-packages/airflow/example_dags/tutorial_taskflow_api.py
[2024-11-01T11:51:43.988+0000] {logging_mixin.py:190} INFO - [2024-11-01T11:51:43.988+0000] {dag.py:3239} INFO - Sync 1 DAGs
[2024-11-01T11:51:43.997+0000] {logging_mixin.py:190} INFO - [2024-11-01T11:51:43.997+0000] {dag.py:4180} INFO - Setting next_dagrun for tutorial_taskflow_api to None, run_after=None
[2024-11-01T11:51:44.011+0000] {processor.py:208} INFO - Processing /home/airflow/.local/lib/python3.12/site-packages/airflow/example_dags/tutorial_taskflow_api.py took 0.046 seconds
[2024-11-01T11:52:14.480+0000] {processor.py:186} INFO - Started process (PID=3535) to work on /home/airflow/.local/lib/python3.12/site-packages/airflow/example_dags/tutorial_taskflow_api.py
[2024-11-01T11:52:14.481+0000] {processor.py:914} INFO - Processing file /home/airflow/.local/lib/python3.12/site-packages/airflow/example_dags/tutorial_taskflow_api.py for tasks to queue
[2024-11-01T11:52:14.482+0000] {logging_mixin.py:190} INFO - [2024-11-01T11:52:14.482+0000] {dagbag.py:588} INFO - Filling up the DagBag from /home/airflow/.local/lib/python3.12/site-packages/airflow/example_dags/tutorial_taskflow_api.py
[2024-11-01T11:52:14.487+0000] {processor.py:925} INFO - DAG(s) 'tutorial_taskflow_api' retrieved from /home/airflow/.local/lib/python3.12/site-packages/airflow/example_dags/tutorial_taskflow_api.py
[2024-11-01T11:52:14.500+0000] {logging_mixin.py:190} INFO - [2024-11-01T11:52:14.500+0000] {dag.py:3239} INFO - Sync 1 DAGs
[2024-11-01T11:52:14.509+0000] {logging_mixin.py:190} INFO - [2024-11-01T11:52:14.509+0000] {dag.py:4180} INFO - Setting next_dagrun for tutorial_taskflow_api to None, run_after=None
[2024-11-01T11:52:14.523+0000] {processor.py:208} INFO - Processing /home/airflow/.local/lib/python3.12/site-packages/airflow/example_dags/tutorial_taskflow_api.py took 0.047 seconds
[2024-11-01T11:52:44.912+0000] {processor.py:186} INFO - Started process (PID=3600) to work on /home/airflow/.local/lib/python3.12/site-packages/airflow/example_dags/tutorial_taskflow_api.py
[2024-11-01T11:52:44.913+0000] {processor.py:914} INFO - Processing file /home/airflow/.local/lib/python3.12/site-packages/airflow/example_dags/tutorial_taskflow_api.py for tasks to queue
[2024-11-01T11:52:44.914+0000] {logging_mixin.py:190} INFO - [2024-11-01T11:52:44.914+0000] {dagbag.py:588} INFO - Filling up the DagBag from /home/airflow/.local/lib/python3.12/site-packages/airflow/example_dags/tutorial_taskflow_api.py
[2024-11-01T11:52:44.919+0000] {processor.py:925} INFO - DAG(s) 'tutorial_taskflow_api' retrieved from /home/airflow/.local/lib/python3.12/site-packages/airflow/example_dags/tutorial_taskflow_api.py
[2024-11-01T11:52:44.931+0000] {logging_mixin.py:190} INFO - [2024-11-01T11:52:44.931+0000] {dag.py:3239} INFO - Sync 1 DAGs
[2024-11-01T11:52:44.940+0000] {logging_mixin.py:190} INFO - [2024-11-01T11:52:44.940+0000] {dag.py:4180} INFO - Setting next_dagrun for tutorial_taskflow_api to None, run_after=None
[2024-11-01T11:52:44.954+0000] {processor.py:208} INFO - Processing /home/airflow/.local/lib/python3.12/site-packages/airflow/example_dags/tutorial_taskflow_api.py took 0.046 seconds
[2024-11-01T11:53:15.371+0000] {processor.py:186} INFO - Started process (PID=3665) to work on /home/airflow/.local/lib/python3.12/site-packages/airflow/example_dags/tutorial_taskflow_api.py
[2024-11-01T11:53:15.372+0000] {processor.py:914} INFO - Processing file /home/airflow/.local/lib/python3.12/site-packages/airflow/example_dags/tutorial_taskflow_api.py for tasks to queue
[2024-11-01T11:53:15.373+0000] {logging_mixin.py:190} INFO - [2024-11-01T11:53:15.373+0000] {dagbag.py:588} INFO - Filling up the DagBag from /home/airflow/.local/lib/python3.12/site-packages/airflow/example_dags/tutorial_taskflow_api.py
[2024-11-01T11:53:15.378+0000] {processor.py:925} INFO - DAG(s) 'tutorial_taskflow_api' retrieved from /home/airflow/.local/lib/python3.12/site-packages/airflow/example_dags/tutorial_taskflow_api.py
[2024-11-01T11:53:15.390+0000] {logging_mixin.py:190} INFO - [2024-11-01T11:53:15.390+0000] {dag.py:3239} INFO - Sync 1 DAGs
[2024-11-01T11:53:15.399+0000] {logging_mixin.py:190} INFO - [2024-11-01T11:53:15.399+0000] {dag.py:4180} INFO - Setting next_dagrun for tutorial_taskflow_api to None, run_after=None
[2024-11-01T11:53:15.413+0000] {processor.py:208} INFO - Processing /home/airflow/.local/lib/python3.12/site-packages/airflow/example_dags/tutorial_taskflow_api.py took 0.045 seconds
[2024-11-01T11:53:45.784+0000] {processor.py:186} INFO - Started process (PID=3730) to work on /home/airflow/.local/lib/python3.12/site-packages/airflow/example_dags/tutorial_taskflow_api.py
[2024-11-01T11:53:45.784+0000] {processor.py:914} INFO - Processing file /home/airflow/.local/lib/python3.12/site-packages/airflow/example_dags/tutorial_taskflow_api.py for tasks to queue
[2024-11-01T11:53:45.786+0000] {logging_mixin.py:190} INFO - [2024-11-01T11:53:45.785+0000] {dagbag.py:588} INFO - Filling up the DagBag from /home/airflow/.local/lib/python3.12/site-packages/airflow/example_dags/tutorial_taskflow_api.py
[2024-11-01T11:53:45.790+0000] {processor.py:925} INFO - DAG(s) 'tutorial_taskflow_api' retrieved from /home/airflow/.local/lib/python3.12/site-packages/airflow/example_dags/tutorial_taskflow_api.py
[2024-11-01T11:53:45.803+0000] {logging_mixin.py:190} INFO - [2024-11-01T11:53:45.803+0000] {dag.py:3239} INFO - Sync 1 DAGs
[2024-11-01T11:53:45.812+0000] {logging_mixin.py:190} INFO - [2024-11-01T11:53:45.812+0000] {dag.py:4180} INFO - Setting next_dagrun for tutorial_taskflow_api to None, run_after=None
[2024-11-01T11:53:45.826+0000] {processor.py:208} INFO - Processing /home/airflow/.local/lib/python3.12/site-packages/airflow/example_dags/tutorial_taskflow_api.py took 0.046 seconds
[2024-11-01T11:54:16.178+0000] {processor.py:186} INFO - Started process (PID=3795) to work on /home/airflow/.local/lib/python3.12/site-packages/airflow/example_dags/tutorial_taskflow_api.py
[2024-11-01T11:54:16.179+0000] {processor.py:914} INFO - Processing file /home/airflow/.local/lib/python3.12/site-packages/airflow/example_dags/tutorial_taskflow_api.py for tasks to queue
[2024-11-01T11:54:16.180+0000] {logging_mixin.py:190} INFO - [2024-11-01T11:54:16.180+0000] {dagbag.py:588} INFO - Filling up the DagBag from /home/airflow/.local/lib/python3.12/site-packages/airflow/example_dags/tutorial_taskflow_api.py
[2024-11-01T11:54:16.185+0000] {processor.py:925} INFO - DAG(s) 'tutorial_taskflow_api' retrieved from /home/airflow/.local/lib/python3.12/site-packages/airflow/example_dags/tutorial_taskflow_api.py
[2024-11-01T11:54:16.197+0000] {logging_mixin.py:190} INFO - [2024-11-01T11:54:16.197+0000] {dag.py:3239} INFO - Sync 1 DAGs
[2024-11-01T11:54:16.207+0000] {logging_mixin.py:190} INFO - [2024-11-01T11:54:16.207+0000] {dag.py:4180} INFO - Setting next_dagrun for tutorial_taskflow_api to None, run_after=None
[2024-11-01T11:54:16.221+0000] {processor.py:208} INFO - Processing /home/airflow/.local/lib/python3.12/site-packages/airflow/example_dags/tutorial_taskflow_api.py took 0.047 seconds
[2024-11-01T11:54:46.661+0000] {processor.py:186} INFO - Started process (PID=3866) to work on /home/airflow/.local/lib/python3.12/site-packages/airflow/example_dags/tutorial_taskflow_api.py
[2024-11-01T11:54:46.661+0000] {processor.py:914} INFO - Processing file /home/airflow/.local/lib/python3.12/site-packages/airflow/example_dags/tutorial_taskflow_api.py for tasks to queue
[2024-11-01T11:54:46.663+0000] {logging_mixin.py:190} INFO - [2024-11-01T11:54:46.662+0000] {dagbag.py:588} INFO - Filling up the DagBag from /home/airflow/.local/lib/python3.12/site-packages/airflow/example_dags/tutorial_taskflow_api.py
[2024-11-01T11:54:46.668+0000] {processor.py:925} INFO - DAG(s) 'tutorial_taskflow_api' retrieved from /home/airflow/.local/lib/python3.12/site-packages/airflow/example_dags/tutorial_taskflow_api.py
[2024-11-01T11:54:46.680+0000] {logging_mixin.py:190} INFO - [2024-11-01T11:54:46.680+0000] {dag.py:3239} INFO - Sync 1 DAGs
[2024-11-01T11:54:46.689+0000] {logging_mixin.py:190} INFO - [2024-11-01T11:54:46.688+0000] {dag.py:4180} INFO - Setting next_dagrun for tutorial_taskflow_api to None, run_after=None
[2024-11-01T11:54:46.702+0000] {processor.py:208} INFO - Processing /home/airflow/.local/lib/python3.12/site-packages/airflow/example_dags/tutorial_taskflow_api.py took 0.045 seconds
[2024-11-01T11:55:17.230+0000] {processor.py:186} INFO - Started process (PID=3931) to work on /home/airflow/.local/lib/python3.12/site-packages/airflow/example_dags/tutorial_taskflow_api.py
[2024-11-01T11:55:17.230+0000] {processor.py:914} INFO - Processing file /home/airflow/.local/lib/python3.12/site-packages/airflow/example_dags/tutorial_taskflow_api.py for tasks to queue
[2024-11-01T11:55:17.232+0000] {logging_mixin.py:190} INFO - [2024-11-01T11:55:17.231+0000] {dagbag.py:588} INFO - Filling up the DagBag from /home/airflow/.local/lib/python3.12/site-packages/airflow/example_dags/tutorial_taskflow_api.py
[2024-11-01T11:55:17.236+0000] {processor.py:925} INFO - DAG(s) 'tutorial_taskflow_api' retrieved from /home/airflow/.local/lib/python3.12/site-packages/airflow/example_dags/tutorial_taskflow_api.py
[2024-11-01T11:55:17.249+0000] {logging_mixin.py:190} INFO - [2024-11-01T11:55:17.249+0000] {dag.py:3239} INFO - Sync 1 DAGs
[2024-11-01T11:55:17.258+0000] {logging_mixin.py:190} INFO - [2024-11-01T11:55:17.258+0000] {dag.py:4180} INFO - Setting next_dagrun for tutorial_taskflow_api to None, run_after=None
[2024-11-01T11:55:17.272+0000] {processor.py:208} INFO - Processing /home/airflow/.local/lib/python3.12/site-packages/airflow/example_dags/tutorial_taskflow_api.py took 0.046 seconds
[2024-11-01T11:55:47.820+0000] {processor.py:186} INFO - Started process (PID=3997) to work on /home/airflow/.local/lib/python3.12/site-packages/airflow/example_dags/tutorial_taskflow_api.py
[2024-11-01T11:55:47.822+0000] {processor.py:914} INFO - Processing file /home/airflow/.local/lib/python3.12/site-packages/airflow/example_dags/tutorial_taskflow_api.py for tasks to queue
[2024-11-01T11:55:47.823+0000] {logging_mixin.py:190} INFO - [2024-11-01T11:55:47.823+0000] {dagbag.py:588} INFO - Filling up the DagBag from /home/airflow/.local/lib/python3.12/site-packages/airflow/example_dags/tutorial_taskflow_api.py
[2024-11-01T11:55:47.828+0000] {processor.py:925} INFO - DAG(s) 'tutorial_taskflow_api' retrieved from /home/airflow/.local/lib/python3.12/site-packages/airflow/example_dags/tutorial_taskflow_api.py
[2024-11-01T11:55:47.840+0000] {logging_mixin.py:190} INFO - [2024-11-01T11:55:47.840+0000] {dag.py:3239} INFO - Sync 1 DAGs
[2024-11-01T11:55:47.850+0000] {logging_mixin.py:190} INFO - [2024-11-01T11:55:47.850+0000] {dag.py:4180} INFO - Setting next_dagrun for tutorial_taskflow_api to None, run_after=None
[2024-11-01T11:55:47.864+0000] {processor.py:208} INFO - Processing /home/airflow/.local/lib/python3.12/site-packages/airflow/example_dags/tutorial_taskflow_api.py took 0.048 seconds
[2024-11-01T11:56:18.039+0000] {processor.py:186} INFO - Started process (PID=4062) to work on /home/airflow/.local/lib/python3.12/site-packages/airflow/example_dags/tutorial_taskflow_api.py
[2024-11-01T11:56:18.040+0000] {processor.py:914} INFO - Processing file /home/airflow/.local/lib/python3.12/site-packages/airflow/example_dags/tutorial_taskflow_api.py for tasks to queue
[2024-11-01T11:56:18.041+0000] {logging_mixin.py:190} INFO - [2024-11-01T11:56:18.041+0000] {dagbag.py:588} INFO - Filling up the DagBag from /home/airflow/.local/lib/python3.12/site-packages/airflow/example_dags/tutorial_taskflow_api.py
[2024-11-01T11:56:18.046+0000] {processor.py:925} INFO - DAG(s) 'tutorial_taskflow_api' retrieved from /home/airflow/.local/lib/python3.12/site-packages/airflow/example_dags/tutorial_taskflow_api.py
[2024-11-01T11:56:18.059+0000] {logging_mixin.py:190} INFO - [2024-11-01T11:56:18.058+0000] {dag.py:3239} INFO - Sync 1 DAGs
[2024-11-01T11:56:18.068+0000] {logging_mixin.py:190} INFO - [2024-11-01T11:56:18.067+0000] {dag.py:4180} INFO - Setting next_dagrun for tutorial_taskflow_api to None, run_after=None
[2024-11-01T11:56:18.082+0000] {processor.py:208} INFO - Processing /home/airflow/.local/lib/python3.12/site-packages/airflow/example_dags/tutorial_taskflow_api.py took 0.046 seconds
[2024-11-01T11:56:48.894+0000] {processor.py:186} INFO - Started process (PID=4127) to work on /home/airflow/.local/lib/python3.12/site-packages/airflow/example_dags/tutorial_taskflow_api.py
[2024-11-01T11:56:48.894+0000] {processor.py:914} INFO - Processing file /home/airflow/.local/lib/python3.12/site-packages/airflow/example_dags/tutorial_taskflow_api.py for tasks to queue
[2024-11-01T11:56:48.896+0000] {logging_mixin.py:190} INFO - [2024-11-01T11:56:48.895+0000] {dagbag.py:588} INFO - Filling up the DagBag from /home/airflow/.local/lib/python3.12/site-packages/airflow/example_dags/tutorial_taskflow_api.py
[2024-11-01T11:56:48.901+0000] {processor.py:925} INFO - DAG(s) 'tutorial_taskflow_api' retrieved from /home/airflow/.local/lib/python3.12/site-packages/airflow/example_dags/tutorial_taskflow_api.py
[2024-11-01T11:56:48.914+0000] {logging_mixin.py:190} INFO - [2024-11-01T11:56:48.914+0000] {dag.py:3239} INFO - Sync 1 DAGs
[2024-11-01T11:56:48.924+0000] {logging_mixin.py:190} INFO - [2024-11-01T11:56:48.924+0000] {dag.py:4180} INFO - Setting next_dagrun for tutorial_taskflow_api to None, run_after=None
[2024-11-01T11:56:48.939+0000] {processor.py:208} INFO - Processing /home/airflow/.local/lib/python3.12/site-packages/airflow/example_dags/tutorial_taskflow_api.py took 0.050 seconds
[2024-11-01T11:57:19.200+0000] {processor.py:186} INFO - Started process (PID=4192) to work on /home/airflow/.local/lib/python3.12/site-packages/airflow/example_dags/tutorial_taskflow_api.py
[2024-11-01T11:57:19.201+0000] {processor.py:914} INFO - Processing file /home/airflow/.local/lib/python3.12/site-packages/airflow/example_dags/tutorial_taskflow_api.py for tasks to queue
[2024-11-01T11:57:19.202+0000] {logging_mixin.py:190} INFO - [2024-11-01T11:57:19.202+0000] {dagbag.py:588} INFO - Filling up the DagBag from /home/airflow/.local/lib/python3.12/site-packages/airflow/example_dags/tutorial_taskflow_api.py
[2024-11-01T11:57:19.207+0000] {processor.py:925} INFO - DAG(s) 'tutorial_taskflow_api' retrieved from /home/airflow/.local/lib/python3.12/site-packages/airflow/example_dags/tutorial_taskflow_api.py
[2024-11-01T11:57:19.220+0000] {logging_mixin.py:190} INFO - [2024-11-01T11:57:19.220+0000] {dag.py:3239} INFO - Sync 1 DAGs
[2024-11-01T11:57:19.229+0000] {logging_mixin.py:190} INFO - [2024-11-01T11:57:19.229+0000] {dag.py:4180} INFO - Setting next_dagrun for tutorial_taskflow_api to None, run_after=None
[2024-11-01T11:57:19.243+0000] {processor.py:208} INFO - Processing /home/airflow/.local/lib/python3.12/site-packages/airflow/example_dags/tutorial_taskflow_api.py took 0.046 seconds
[2024-11-01T11:57:49.928+0000] {processor.py:186} INFO - Started process (PID=4257) to work on /home/airflow/.local/lib/python3.12/site-packages/airflow/example_dags/tutorial_taskflow_api.py
[2024-11-01T11:57:49.928+0000] {processor.py:914} INFO - Processing file /home/airflow/.local/lib/python3.12/site-packages/airflow/example_dags/tutorial_taskflow_api.py for tasks to queue
[2024-11-01T11:57:49.929+0000] {logging_mixin.py:190} INFO - [2024-11-01T11:57:49.929+0000] {dagbag.py:588} INFO - Filling up the DagBag from /home/airflow/.local/lib/python3.12/site-packages/airflow/example_dags/tutorial_taskflow_api.py
[2024-11-01T11:57:49.934+0000] {processor.py:925} INFO - DAG(s) 'tutorial_taskflow_api' retrieved from /home/airflow/.local/lib/python3.12/site-packages/airflow/example_dags/tutorial_taskflow_api.py
[2024-11-01T11:57:49.947+0000] {logging_mixin.py:190} INFO - [2024-11-01T11:57:49.947+0000] {dag.py:3239} INFO - Sync 1 DAGs
[2024-11-01T11:57:49.957+0000] {logging_mixin.py:190} INFO - [2024-11-01T11:57:49.957+0000] {dag.py:4180} INFO - Setting next_dagrun for tutorial_taskflow_api to None, run_after=None
[2024-11-01T11:57:49.973+0000] {processor.py:208} INFO - Processing /home/airflow/.local/lib/python3.12/site-packages/airflow/example_dags/tutorial_taskflow_api.py took 0.049 seconds
[2024-11-01T11:58:20.670+0000] {processor.py:186} INFO - Started process (PID=4322) to work on /home/airflow/.local/lib/python3.12/site-packages/airflow/example_dags/tutorial_taskflow_api.py
[2024-11-01T11:58:20.670+0000] {processor.py:914} INFO - Processing file /home/airflow/.local/lib/python3.12/site-packages/airflow/example_dags/tutorial_taskflow_api.py for tasks to queue
[2024-11-01T11:58:20.672+0000] {logging_mixin.py:190} INFO - [2024-11-01T11:58:20.671+0000] {dagbag.py:588} INFO - Filling up the DagBag from /home/airflow/.local/lib/python3.12/site-packages/airflow/example_dags/tutorial_taskflow_api.py
[2024-11-01T11:58:20.677+0000] {processor.py:925} INFO - DAG(s) 'tutorial_taskflow_api' retrieved from /home/airflow/.local/lib/python3.12/site-packages/airflow/example_dags/tutorial_taskflow_api.py
[2024-11-01T11:58:20.689+0000] {logging_mixin.py:190} INFO - [2024-11-01T11:58:20.689+0000] {dag.py:3239} INFO - Sync 1 DAGs
[2024-11-01T11:58:20.697+0000] {logging_mixin.py:190} INFO - [2024-11-01T11:58:20.697+0000] {dag.py:4180} INFO - Setting next_dagrun for tutorial_taskflow_api to None, run_after=None
[2024-11-01T11:58:20.710+0000] {processor.py:208} INFO - Processing /home/airflow/.local/lib/python3.12/site-packages/airflow/example_dags/tutorial_taskflow_api.py took 0.044 seconds
[2024-11-01T11:58:50.779+0000] {processor.py:186} INFO - Started process (PID=4386) to work on /home/airflow/.local/lib/python3.12/site-packages/airflow/example_dags/tutorial_taskflow_api.py
[2024-11-01T11:58:50.780+0000] {processor.py:914} INFO - Processing file /home/airflow/.local/lib/python3.12/site-packages/airflow/example_dags/tutorial_taskflow_api.py for tasks to queue
[2024-11-01T11:58:50.781+0000] {logging_mixin.py:190} INFO - [2024-11-01T11:58:50.781+0000] {dagbag.py:588} INFO - Filling up the DagBag from /home/airflow/.local/lib/python3.12/site-packages/airflow/example_dags/tutorial_taskflow_api.py
[2024-11-01T11:58:50.786+0000] {processor.py:925} INFO - DAG(s) 'tutorial_taskflow_api' retrieved from /home/airflow/.local/lib/python3.12/site-packages/airflow/example_dags/tutorial_taskflow_api.py
[2024-11-01T11:58:50.798+0000] {logging_mixin.py:190} INFO - [2024-11-01T11:58:50.798+0000] {dag.py:3239} INFO - Sync 1 DAGs
[2024-11-01T11:58:50.807+0000] {logging_mixin.py:190} INFO - [2024-11-01T11:58:50.807+0000] {dag.py:4180} INFO - Setting next_dagrun for tutorial_taskflow_api to None, run_after=None
[2024-11-01T11:58:50.822+0000] {processor.py:208} INFO - Processing /home/airflow/.local/lib/python3.12/site-packages/airflow/example_dags/tutorial_taskflow_api.py took 0.046 seconds
[2024-11-01T11:59:21.426+0000] {processor.py:186} INFO - Started process (PID=4451) to work on /home/airflow/.local/lib/python3.12/site-packages/airflow/example_dags/tutorial_taskflow_api.py
[2024-11-01T11:59:21.427+0000] {processor.py:914} INFO - Processing file /home/airflow/.local/lib/python3.12/site-packages/airflow/example_dags/tutorial_taskflow_api.py for tasks to queue
[2024-11-01T11:59:21.428+0000] {logging_mixin.py:190} INFO - [2024-11-01T11:59:21.428+0000] {dagbag.py:588} INFO - Filling up the DagBag from /home/airflow/.local/lib/python3.12/site-packages/airflow/example_dags/tutorial_taskflow_api.py
[2024-11-01T11:59:21.433+0000] {processor.py:925} INFO - DAG(s) 'tutorial_taskflow_api' retrieved from /home/airflow/.local/lib/python3.12/site-packages/airflow/example_dags/tutorial_taskflow_api.py
[2024-11-01T11:59:21.446+0000] {logging_mixin.py:190} INFO - [2024-11-01T11:59:21.445+0000] {dag.py:3239} INFO - Sync 1 DAGs
[2024-11-01T11:59:21.455+0000] {logging_mixin.py:190} INFO - [2024-11-01T11:59:21.454+0000] {dag.py:4180} INFO - Setting next_dagrun for tutorial_taskflow_api to None, run_after=None
[2024-11-01T11:59:21.468+0000] {processor.py:208} INFO - Processing /home/airflow/.local/lib/python3.12/site-packages/airflow/example_dags/tutorial_taskflow_api.py took 0.045 seconds
[2024-11-01T11:59:52.097+0000] {processor.py:186} INFO - Started process (PID=4516) to work on /home/airflow/.local/lib/python3.12/site-packages/airflow/example_dags/tutorial_taskflow_api.py
[2024-11-01T11:59:52.098+0000] {processor.py:914} INFO - Processing file /home/airflow/.local/lib/python3.12/site-packages/airflow/example_dags/tutorial_taskflow_api.py for tasks to queue
[2024-11-01T11:59:52.099+0000] {logging_mixin.py:190} INFO - [2024-11-01T11:59:52.099+0000] {dagbag.py:588} INFO - Filling up the DagBag from /home/airflow/.local/lib/python3.12/site-packages/airflow/example_dags/tutorial_taskflow_api.py
[2024-11-01T11:59:52.104+0000] {processor.py:925} INFO - DAG(s) 'tutorial_taskflow_api' retrieved from /home/airflow/.local/lib/python3.12/site-packages/airflow/example_dags/tutorial_taskflow_api.py
[2024-11-01T11:59:52.116+0000] {logging_mixin.py:190} INFO - [2024-11-01T11:59:52.116+0000] {dag.py:3239} INFO - Sync 1 DAGs
[2024-11-01T11:59:52.125+0000] {logging_mixin.py:190} INFO - [2024-11-01T11:59:52.125+0000] {dag.py:4180} INFO - Setting next_dagrun for tutorial_taskflow_api to None, run_after=None
[2024-11-01T11:59:52.138+0000] {processor.py:208} INFO - Processing /home/airflow/.local/lib/python3.12/site-packages/airflow/example_dags/tutorial_taskflow_api.py took 0.045 seconds
[2024-11-01T12:00:22.285+0000] {processor.py:186} INFO - Started process (PID=4581) to work on /home/airflow/.local/lib/python3.12/site-packages/airflow/example_dags/tutorial_taskflow_api.py
[2024-11-01T12:00:22.286+0000] {processor.py:914} INFO - Processing file /home/airflow/.local/lib/python3.12/site-packages/airflow/example_dags/tutorial_taskflow_api.py for tasks to queue
[2024-11-01T12:00:22.287+0000] {logging_mixin.py:190} INFO - [2024-11-01T12:00:22.287+0000] {dagbag.py:588} INFO - Filling up the DagBag from /home/airflow/.local/lib/python3.12/site-packages/airflow/example_dags/tutorial_taskflow_api.py
[2024-11-01T12:00:22.293+0000] {processor.py:925} INFO - DAG(s) 'tutorial_taskflow_api' retrieved from /home/airflow/.local/lib/python3.12/site-packages/airflow/example_dags/tutorial_taskflow_api.py
[2024-11-01T12:00:22.306+0000] {logging_mixin.py:190} INFO - [2024-11-01T12:00:22.305+0000] {dag.py:3239} INFO - Sync 1 DAGs
[2024-11-01T12:00:22.315+0000] {logging_mixin.py:190} INFO - [2024-11-01T12:00:22.315+0000] {dag.py:4180} INFO - Setting next_dagrun for tutorial_taskflow_api to None, run_after=None
[2024-11-01T12:00:22.329+0000] {processor.py:208} INFO - Processing /home/airflow/.local/lib/python3.12/site-packages/airflow/example_dags/tutorial_taskflow_api.py took 0.048 seconds
[2024-11-01T12:00:52.615+0000] {processor.py:186} INFO - Started process (PID=4646) to work on /home/airflow/.local/lib/python3.12/site-packages/airflow/example_dags/tutorial_taskflow_api.py
[2024-11-01T12:00:52.615+0000] {processor.py:914} INFO - Processing file /home/airflow/.local/lib/python3.12/site-packages/airflow/example_dags/tutorial_taskflow_api.py for tasks to queue
[2024-11-01T12:00:52.617+0000] {logging_mixin.py:190} INFO - [2024-11-01T12:00:52.616+0000] {dagbag.py:588} INFO - Filling up the DagBag from /home/airflow/.local/lib/python3.12/site-packages/airflow/example_dags/tutorial_taskflow_api.py
[2024-11-01T12:00:52.621+0000] {processor.py:925} INFO - DAG(s) 'tutorial_taskflow_api' retrieved from /home/airflow/.local/lib/python3.12/site-packages/airflow/example_dags/tutorial_taskflow_api.py
[2024-11-01T12:00:52.634+0000] {logging_mixin.py:190} INFO - [2024-11-01T12:00:52.633+0000] {dag.py:3239} INFO - Sync 1 DAGs
[2024-11-01T12:00:52.643+0000] {logging_mixin.py:190} INFO - [2024-11-01T12:00:52.643+0000] {dag.py:4180} INFO - Setting next_dagrun for tutorial_taskflow_api to None, run_after=None
[2024-11-01T12:00:52.656+0000] {processor.py:208} INFO - Processing /home/airflow/.local/lib/python3.12/site-packages/airflow/example_dags/tutorial_taskflow_api.py took 0.046 seconds
[2024-11-01T12:01:22.991+0000] {processor.py:186} INFO - Started process (PID=4711) to work on /home/airflow/.local/lib/python3.12/site-packages/airflow/example_dags/tutorial_taskflow_api.py
[2024-11-01T12:01:22.992+0000] {processor.py:914} INFO - Processing file /home/airflow/.local/lib/python3.12/site-packages/airflow/example_dags/tutorial_taskflow_api.py for tasks to queue
[2024-11-01T12:01:22.993+0000] {logging_mixin.py:190} INFO - [2024-11-01T12:01:22.993+0000] {dagbag.py:588} INFO - Filling up the DagBag from /home/airflow/.local/lib/python3.12/site-packages/airflow/example_dags/tutorial_taskflow_api.py
[2024-11-01T12:01:22.998+0000] {processor.py:925} INFO - DAG(s) 'tutorial_taskflow_api' retrieved from /home/airflow/.local/lib/python3.12/site-packages/airflow/example_dags/tutorial_taskflow_api.py
[2024-11-01T12:01:23.011+0000] {logging_mixin.py:190} INFO - [2024-11-01T12:01:23.011+0000] {dag.py:3239} INFO - Sync 1 DAGs
[2024-11-01T12:01:23.021+0000] {logging_mixin.py:190} INFO - [2024-11-01T12:01:23.020+0000] {dag.py:4180} INFO - Setting next_dagrun for tutorial_taskflow_api to None, run_after=None
[2024-11-01T12:01:23.035+0000] {processor.py:208} INFO - Processing /home/airflow/.local/lib/python3.12/site-packages/airflow/example_dags/tutorial_taskflow_api.py took 0.047 seconds
[2024-11-01T12:01:53.434+0000] {processor.py:186} INFO - Started process (PID=4776) to work on /home/airflow/.local/lib/python3.12/site-packages/airflow/example_dags/tutorial_taskflow_api.py
[2024-11-01T12:01:53.435+0000] {processor.py:914} INFO - Processing file /home/airflow/.local/lib/python3.12/site-packages/airflow/example_dags/tutorial_taskflow_api.py for tasks to queue
[2024-11-01T12:01:53.436+0000] {logging_mixin.py:190} INFO - [2024-11-01T12:01:53.436+0000] {dagbag.py:588} INFO - Filling up the DagBag from /home/airflow/.local/lib/python3.12/site-packages/airflow/example_dags/tutorial_taskflow_api.py
[2024-11-01T12:01:53.441+0000] {processor.py:925} INFO - DAG(s) 'tutorial_taskflow_api' retrieved from /home/airflow/.local/lib/python3.12/site-packages/airflow/example_dags/tutorial_taskflow_api.py
[2024-11-01T12:01:53.454+0000] {logging_mixin.py:190} INFO - [2024-11-01T12:01:53.454+0000] {dag.py:3239} INFO - Sync 1 DAGs
[2024-11-01T12:01:53.464+0000] {logging_mixin.py:190} INFO - [2024-11-01T12:01:53.463+0000] {dag.py:4180} INFO - Setting next_dagrun for tutorial_taskflow_api to None, run_after=None
[2024-11-01T12:01:53.478+0000] {processor.py:208} INFO - Processing /home/airflow/.local/lib/python3.12/site-packages/airflow/example_dags/tutorial_taskflow_api.py took 0.048 seconds
[2024-11-01T12:02:23.773+0000] {processor.py:186} INFO - Started process (PID=4842) to work on /home/airflow/.local/lib/python3.12/site-packages/airflow/example_dags/tutorial_taskflow_api.py
[2024-11-01T12:02:23.774+0000] {processor.py:914} INFO - Processing file /home/airflow/.local/lib/python3.12/site-packages/airflow/example_dags/tutorial_taskflow_api.py for tasks to queue
[2024-11-01T12:02:23.775+0000] {logging_mixin.py:190} INFO - [2024-11-01T12:02:23.775+0000] {dagbag.py:588} INFO - Filling up the DagBag from /home/airflow/.local/lib/python3.12/site-packages/airflow/example_dags/tutorial_taskflow_api.py
[2024-11-01T12:02:23.780+0000] {processor.py:925} INFO - DAG(s) 'tutorial_taskflow_api' retrieved from /home/airflow/.local/lib/python3.12/site-packages/airflow/example_dags/tutorial_taskflow_api.py
[2024-11-01T12:02:23.792+0000] {logging_mixin.py:190} INFO - [2024-11-01T12:02:23.792+0000] {dag.py:3239} INFO - Sync 1 DAGs
[2024-11-01T12:02:23.801+0000] {logging_mixin.py:190} INFO - [2024-11-01T12:02:23.801+0000] {dag.py:4180} INFO - Setting next_dagrun for tutorial_taskflow_api to None, run_after=None
[2024-11-01T12:02:23.816+0000] {processor.py:208} INFO - Processing /home/airflow/.local/lib/python3.12/site-packages/airflow/example_dags/tutorial_taskflow_api.py took 0.046 seconds
[2024-11-01T12:02:54.225+0000] {processor.py:186} INFO - Started process (PID=4907) to work on /home/airflow/.local/lib/python3.12/site-packages/airflow/example_dags/tutorial_taskflow_api.py
[2024-11-01T12:02:54.226+0000] {processor.py:914} INFO - Processing file /home/airflow/.local/lib/python3.12/site-packages/airflow/example_dags/tutorial_taskflow_api.py for tasks to queue
[2024-11-01T12:02:54.227+0000] {logging_mixin.py:190} INFO - [2024-11-01T12:02:54.227+0000] {dagbag.py:588} INFO - Filling up the DagBag from /home/airflow/.local/lib/python3.12/site-packages/airflow/example_dags/tutorial_taskflow_api.py
[2024-11-01T12:02:54.232+0000] {processor.py:925} INFO - DAG(s) 'tutorial_taskflow_api' retrieved from /home/airflow/.local/lib/python3.12/site-packages/airflow/example_dags/tutorial_taskflow_api.py
[2024-11-01T12:02:54.245+0000] {logging_mixin.py:190} INFO - [2024-11-01T12:02:54.245+0000] {dag.py:3239} INFO - Sync 1 DAGs
[2024-11-01T12:02:54.254+0000] {logging_mixin.py:190} INFO - [2024-11-01T12:02:54.254+0000] {dag.py:4180} INFO - Setting next_dagrun for tutorial_taskflow_api to None, run_after=None
[2024-11-01T12:02:54.268+0000] {processor.py:208} INFO - Processing /home/airflow/.local/lib/python3.12/site-packages/airflow/example_dags/tutorial_taskflow_api.py took 0.046 seconds
[2024-11-01T12:03:24.627+0000] {processor.py:186} INFO - Started process (PID=4972) to work on /home/airflow/.local/lib/python3.12/site-packages/airflow/example_dags/tutorial_taskflow_api.py
[2024-11-01T12:03:24.628+0000] {processor.py:914} INFO - Processing file /home/airflow/.local/lib/python3.12/site-packages/airflow/example_dags/tutorial_taskflow_api.py for tasks to queue
[2024-11-01T12:03:24.629+0000] {logging_mixin.py:190} INFO - [2024-11-01T12:03:24.629+0000] {dagbag.py:588} INFO - Filling up the DagBag from /home/airflow/.local/lib/python3.12/site-packages/airflow/example_dags/tutorial_taskflow_api.py
[2024-11-01T12:03:24.634+0000] {processor.py:925} INFO - DAG(s) 'tutorial_taskflow_api' retrieved from /home/airflow/.local/lib/python3.12/site-packages/airflow/example_dags/tutorial_taskflow_api.py
[2024-11-01T12:03:24.646+0000] {logging_mixin.py:190} INFO - [2024-11-01T12:03:24.646+0000] {dag.py:3239} INFO - Sync 1 DAGs
[2024-11-01T12:03:24.655+0000] {logging_mixin.py:190} INFO - [2024-11-01T12:03:24.655+0000] {dag.py:4180} INFO - Setting next_dagrun for tutorial_taskflow_api to None, run_after=None
[2024-11-01T12:03:24.669+0000] {processor.py:208} INFO - Processing /home/airflow/.local/lib/python3.12/site-packages/airflow/example_dags/tutorial_taskflow_api.py took 0.046 seconds
[2024-11-01T12:03:55.040+0000] {processor.py:186} INFO - Started process (PID=5038) to work on /home/airflow/.local/lib/python3.12/site-packages/airflow/example_dags/tutorial_taskflow_api.py
[2024-11-01T12:03:55.041+0000] {processor.py:914} INFO - Processing file /home/airflow/.local/lib/python3.12/site-packages/airflow/example_dags/tutorial_taskflow_api.py for tasks to queue
[2024-11-01T12:03:55.042+0000] {logging_mixin.py:190} INFO - [2024-11-01T12:03:55.042+0000] {dagbag.py:588} INFO - Filling up the DagBag from /home/airflow/.local/lib/python3.12/site-packages/airflow/example_dags/tutorial_taskflow_api.py
[2024-11-01T12:03:55.047+0000] {processor.py:925} INFO - DAG(s) 'tutorial_taskflow_api' retrieved from /home/airflow/.local/lib/python3.12/site-packages/airflow/example_dags/tutorial_taskflow_api.py
[2024-11-01T12:03:55.060+0000] {logging_mixin.py:190} INFO - [2024-11-01T12:03:55.060+0000] {dag.py:3239} INFO - Sync 1 DAGs
[2024-11-01T12:03:55.069+0000] {logging_mixin.py:190} INFO - [2024-11-01T12:03:55.069+0000] {dag.py:4180} INFO - Setting next_dagrun for tutorial_taskflow_api to None, run_after=None
[2024-11-01T12:03:55.084+0000] {processor.py:208} INFO - Processing /home/airflow/.local/lib/python3.12/site-packages/airflow/example_dags/tutorial_taskflow_api.py took 0.047 seconds
[2024-11-01T12:04:25.462+0000] {processor.py:186} INFO - Started process (PID=5103) to work on /home/airflow/.local/lib/python3.12/site-packages/airflow/example_dags/tutorial_taskflow_api.py
[2024-11-01T12:04:25.463+0000] {processor.py:914} INFO - Processing file /home/airflow/.local/lib/python3.12/site-packages/airflow/example_dags/tutorial_taskflow_api.py for tasks to queue
[2024-11-01T12:04:25.464+0000] {logging_mixin.py:190} INFO - [2024-11-01T12:04:25.464+0000] {dagbag.py:588} INFO - Filling up the DagBag from /home/airflow/.local/lib/python3.12/site-packages/airflow/example_dags/tutorial_taskflow_api.py
[2024-11-01T12:04:25.469+0000] {processor.py:925} INFO - DAG(s) 'tutorial_taskflow_api' retrieved from /home/airflow/.local/lib/python3.12/site-packages/airflow/example_dags/tutorial_taskflow_api.py
[2024-11-01T12:04:25.481+0000] {logging_mixin.py:190} INFO - [2024-11-01T12:04:25.481+0000] {dag.py:3239} INFO - Sync 1 DAGs
[2024-11-01T12:04:25.491+0000] {logging_mixin.py:190} INFO - [2024-11-01T12:04:25.491+0000] {dag.py:4180} INFO - Setting next_dagrun for tutorial_taskflow_api to None, run_after=None
[2024-11-01T12:04:25.505+0000] {processor.py:208} INFO - Processing /home/airflow/.local/lib/python3.12/site-packages/airflow/example_dags/tutorial_taskflow_api.py took 0.047 seconds
[2024-11-01T12:04:55.861+0000] {processor.py:186} INFO - Started process (PID=5168) to work on /home/airflow/.local/lib/python3.12/site-packages/airflow/example_dags/tutorial_taskflow_api.py
[2024-11-01T12:04:55.862+0000] {processor.py:914} INFO - Processing file /home/airflow/.local/lib/python3.12/site-packages/airflow/example_dags/tutorial_taskflow_api.py for tasks to queue
[2024-11-01T12:04:55.863+0000] {logging_mixin.py:190} INFO - [2024-11-01T12:04:55.863+0000] {dagbag.py:588} INFO - Filling up the DagBag from /home/airflow/.local/lib/python3.12/site-packages/airflow/example_dags/tutorial_taskflow_api.py
[2024-11-01T12:04:55.869+0000] {processor.py:925} INFO - DAG(s) 'tutorial_taskflow_api' retrieved from /home/airflow/.local/lib/python3.12/site-packages/airflow/example_dags/tutorial_taskflow_api.py
[2024-11-01T12:04:55.881+0000] {logging_mixin.py:190} INFO - [2024-11-01T12:04:55.881+0000] {dag.py:3239} INFO - Sync 1 DAGs
[2024-11-01T12:04:55.890+0000] {logging_mixin.py:190} INFO - [2024-11-01T12:04:55.890+0000] {dag.py:4180} INFO - Setting next_dagrun for tutorial_taskflow_api to None, run_after=None
[2024-11-01T12:04:55.905+0000] {processor.py:208} INFO - Processing /home/airflow/.local/lib/python3.12/site-packages/airflow/example_dags/tutorial_taskflow_api.py took 0.048 seconds
[2024-11-01T12:05:26.337+0000] {processor.py:186} INFO - Started process (PID=5233) to work on /home/airflow/.local/lib/python3.12/site-packages/airflow/example_dags/tutorial_taskflow_api.py
[2024-11-01T12:05:26.338+0000] {processor.py:914} INFO - Processing file /home/airflow/.local/lib/python3.12/site-packages/airflow/example_dags/tutorial_taskflow_api.py for tasks to queue
[2024-11-01T12:05:26.340+0000] {logging_mixin.py:190} INFO - [2024-11-01T12:05:26.339+0000] {dagbag.py:588} INFO - Filling up the DagBag from /home/airflow/.local/lib/python3.12/site-packages/airflow/example_dags/tutorial_taskflow_api.py
[2024-11-01T12:05:26.345+0000] {processor.py:925} INFO - DAG(s) 'tutorial_taskflow_api' retrieved from /home/airflow/.local/lib/python3.12/site-packages/airflow/example_dags/tutorial_taskflow_api.py
[2024-11-01T12:05:26.358+0000] {logging_mixin.py:190} INFO - [2024-11-01T12:05:26.358+0000] {dag.py:3239} INFO - Sync 1 DAGs
[2024-11-01T12:05:26.368+0000] {logging_mixin.py:190} INFO - [2024-11-01T12:05:26.368+0000] {dag.py:4180} INFO - Setting next_dagrun for tutorial_taskflow_api to None, run_after=None
[2024-11-01T12:05:26.384+0000] {processor.py:208} INFO - Processing /home/airflow/.local/lib/python3.12/site-packages/airflow/example_dags/tutorial_taskflow_api.py took 0.050 seconds
[2024-11-01T12:08:58.723+0000] {processor.py:186} INFO - Started process (PID=85) to work on /home/airflow/.local/lib/python3.12/site-packages/airflow/example_dags/tutorial_taskflow_api.py
[2024-11-01T12:08:58.724+0000] {processor.py:914} INFO - Processing file /home/airflow/.local/lib/python3.12/site-packages/airflow/example_dags/tutorial_taskflow_api.py for tasks to queue
[2024-11-01T12:08:58.726+0000] {logging_mixin.py:190} INFO - [2024-11-01T12:08:58.725+0000] {dagbag.py:588} INFO - Filling up the DagBag from /home/airflow/.local/lib/python3.12/site-packages/airflow/example_dags/tutorial_taskflow_api.py
[2024-11-01T12:08:58.731+0000] {processor.py:925} INFO - DAG(s) 'tutorial_taskflow_api' retrieved from /home/airflow/.local/lib/python3.12/site-packages/airflow/example_dags/tutorial_taskflow_api.py
[2024-11-01T12:08:58.748+0000] {logging_mixin.py:190} INFO - [2024-11-01T12:08:58.747+0000] {dag.py:3239} INFO - Sync 1 DAGs
[2024-11-01T12:08:58.761+0000] {logging_mixin.py:190} INFO - [2024-11-01T12:08:58.760+0000] {dag.py:4180} INFO - Setting next_dagrun for tutorial_taskflow_api to None, run_after=None
[2024-11-01T12:08:58.779+0000] {processor.py:208} INFO - Processing /home/airflow/.local/lib/python3.12/site-packages/airflow/example_dags/tutorial_taskflow_api.py took 0.060 seconds
[2024-11-01T12:09:31.612+0000] {processor.py:186} INFO - Started process (PID=156) to work on /home/airflow/.local/lib/python3.12/site-packages/airflow/example_dags/tutorial_taskflow_api.py
[2024-11-01T12:09:31.613+0000] {processor.py:914} INFO - Processing file /home/airflow/.local/lib/python3.12/site-packages/airflow/example_dags/tutorial_taskflow_api.py for tasks to queue
[2024-11-01T12:09:31.617+0000] {logging_mixin.py:190} INFO - [2024-11-01T12:09:31.616+0000] {dagbag.py:588} INFO - Filling up the DagBag from /home/airflow/.local/lib/python3.12/site-packages/airflow/example_dags/tutorial_taskflow_api.py
[2024-11-01T12:09:31.629+0000] {processor.py:925} INFO - DAG(s) 'tutorial_taskflow_api' retrieved from /home/airflow/.local/lib/python3.12/site-packages/airflow/example_dags/tutorial_taskflow_api.py
[2024-11-01T12:09:31.659+0000] {logging_mixin.py:190} INFO - [2024-11-01T12:09:31.658+0000] {dag.py:3239} INFO - Sync 1 DAGs
[2024-11-01T12:09:31.681+0000] {logging_mixin.py:190} INFO - [2024-11-01T12:09:31.680+0000] {dag.py:4180} INFO - Setting next_dagrun for tutorial_taskflow_api to None, run_after=None
[2024-11-01T12:09:31.712+0000] {processor.py:208} INFO - Processing /home/airflow/.local/lib/python3.12/site-packages/airflow/example_dags/tutorial_taskflow_api.py took 0.108 seconds
[2024-11-01T12:10:02.924+0000] {processor.py:186} INFO - Started process (PID=221) to work on /home/airflow/.local/lib/python3.12/site-packages/airflow/example_dags/tutorial_taskflow_api.py
[2024-11-01T12:10:02.926+0000] {processor.py:914} INFO - Processing file /home/airflow/.local/lib/python3.12/site-packages/airflow/example_dags/tutorial_taskflow_api.py for tasks to queue
[2024-11-01T12:10:02.930+0000] {logging_mixin.py:190} INFO - [2024-11-01T12:10:02.929+0000] {dagbag.py:588} INFO - Filling up the DagBag from /home/airflow/.local/lib/python3.12/site-packages/airflow/example_dags/tutorial_taskflow_api.py
[2024-11-01T12:10:02.950+0000] {processor.py:925} INFO - DAG(s) 'tutorial_taskflow_api' retrieved from /home/airflow/.local/lib/python3.12/site-packages/airflow/example_dags/tutorial_taskflow_api.py
[2024-11-01T12:10:02.981+0000] {logging_mixin.py:190} INFO - [2024-11-01T12:10:02.980+0000] {dag.py:3239} INFO - Sync 1 DAGs
[2024-11-01T12:10:03.016+0000] {logging_mixin.py:190} INFO - [2024-11-01T12:10:03.015+0000] {dag.py:4180} INFO - Setting next_dagrun for tutorial_taskflow_api to None, run_after=None
[2024-11-01T12:10:03.044+0000] {processor.py:208} INFO - Processing /home/airflow/.local/lib/python3.12/site-packages/airflow/example_dags/tutorial_taskflow_api.py took 0.130 seconds
[2024-11-01T12:10:33.538+0000] {processor.py:186} INFO - Started process (PID=286) to work on /home/airflow/.local/lib/python3.12/site-packages/airflow/example_dags/tutorial_taskflow_api.py
[2024-11-01T12:10:33.539+0000] {processor.py:914} INFO - Processing file /home/airflow/.local/lib/python3.12/site-packages/airflow/example_dags/tutorial_taskflow_api.py for tasks to queue
[2024-11-01T12:10:33.544+0000] {logging_mixin.py:190} INFO - [2024-11-01T12:10:33.543+0000] {dagbag.py:588} INFO - Filling up the DagBag from /home/airflow/.local/lib/python3.12/site-packages/airflow/example_dags/tutorial_taskflow_api.py
[2024-11-01T12:10:33.553+0000] {processor.py:925} INFO - DAG(s) 'tutorial_taskflow_api' retrieved from /home/airflow/.local/lib/python3.12/site-packages/airflow/example_dags/tutorial_taskflow_api.py
[2024-11-01T12:10:33.575+0000] {logging_mixin.py:190} INFO - [2024-11-01T12:10:33.574+0000] {dag.py:3239} INFO - Sync 1 DAGs
[2024-11-01T12:10:33.606+0000] {logging_mixin.py:190} INFO - [2024-11-01T12:10:33.606+0000] {dag.py:4180} INFO - Setting next_dagrun for tutorial_taskflow_api to None, run_after=None
[2024-11-01T12:10:33.633+0000] {processor.py:208} INFO - Processing /home/airflow/.local/lib/python3.12/site-packages/airflow/example_dags/tutorial_taskflow_api.py took 0.103 seconds
[2024-11-01T12:11:04.111+0000] {processor.py:186} INFO - Started process (PID=352) to work on /home/airflow/.local/lib/python3.12/site-packages/airflow/example_dags/tutorial_taskflow_api.py
[2024-11-01T12:11:04.112+0000] {processor.py:914} INFO - Processing file /home/airflow/.local/lib/python3.12/site-packages/airflow/example_dags/tutorial_taskflow_api.py for tasks to queue
[2024-11-01T12:11:04.113+0000] {logging_mixin.py:190} INFO - [2024-11-01T12:11:04.113+0000] {dagbag.py:588} INFO - Filling up the DagBag from /home/airflow/.local/lib/python3.12/site-packages/airflow/example_dags/tutorial_taskflow_api.py
[2024-11-01T12:11:04.118+0000] {processor.py:925} INFO - DAG(s) 'tutorial_taskflow_api' retrieved from /home/airflow/.local/lib/python3.12/site-packages/airflow/example_dags/tutorial_taskflow_api.py
[2024-11-01T12:11:04.131+0000] {logging_mixin.py:190} INFO - [2024-11-01T12:11:04.130+0000] {dag.py:3239} INFO - Sync 1 DAGs
[2024-11-01T12:11:04.140+0000] {logging_mixin.py:190} INFO - [2024-11-01T12:11:04.140+0000] {dag.py:4180} INFO - Setting next_dagrun for tutorial_taskflow_api to None, run_after=None
[2024-11-01T12:11:04.154+0000] {processor.py:208} INFO - Processing /home/airflow/.local/lib/python3.12/site-packages/airflow/example_dags/tutorial_taskflow_api.py took 0.046 seconds
[2024-11-01T12:11:35.312+0000] {processor.py:186} INFO - Started process (PID=417) to work on /home/airflow/.local/lib/python3.12/site-packages/airflow/example_dags/tutorial_taskflow_api.py
[2024-11-01T12:11:35.313+0000] {processor.py:914} INFO - Processing file /home/airflow/.local/lib/python3.12/site-packages/airflow/example_dags/tutorial_taskflow_api.py for tasks to queue
[2024-11-01T12:11:35.315+0000] {logging_mixin.py:190} INFO - [2024-11-01T12:11:35.314+0000] {dagbag.py:588} INFO - Filling up the DagBag from /home/airflow/.local/lib/python3.12/site-packages/airflow/example_dags/tutorial_taskflow_api.py
[2024-11-01T12:11:35.320+0000] {processor.py:925} INFO - DAG(s) 'tutorial_taskflow_api' retrieved from /home/airflow/.local/lib/python3.12/site-packages/airflow/example_dags/tutorial_taskflow_api.py
[2024-11-01T12:11:35.334+0000] {logging_mixin.py:190} INFO - [2024-11-01T12:11:35.334+0000] {dag.py:3239} INFO - Sync 1 DAGs
[2024-11-01T12:11:35.344+0000] {logging_mixin.py:190} INFO - [2024-11-01T12:11:35.343+0000] {dag.py:4180} INFO - Setting next_dagrun for tutorial_taskflow_api to None, run_after=None
[2024-11-01T12:11:35.358+0000] {processor.py:208} INFO - Processing /home/airflow/.local/lib/python3.12/site-packages/airflow/example_dags/tutorial_taskflow_api.py took 0.050 seconds
[2024-11-01T12:12:06.351+0000] {processor.py:186} INFO - Started process (PID=482) to work on /home/airflow/.local/lib/python3.12/site-packages/airflow/example_dags/tutorial_taskflow_api.py
[2024-11-01T12:12:06.351+0000] {processor.py:914} INFO - Processing file /home/airflow/.local/lib/python3.12/site-packages/airflow/example_dags/tutorial_taskflow_api.py for tasks to queue
[2024-11-01T12:12:06.352+0000] {logging_mixin.py:190} INFO - [2024-11-01T12:12:06.352+0000] {dagbag.py:588} INFO - Filling up the DagBag from /home/airflow/.local/lib/python3.12/site-packages/airflow/example_dags/tutorial_taskflow_api.py
[2024-11-01T12:12:06.357+0000] {processor.py:925} INFO - DAG(s) 'tutorial_taskflow_api' retrieved from /home/airflow/.local/lib/python3.12/site-packages/airflow/example_dags/tutorial_taskflow_api.py
[2024-11-01T12:12:06.369+0000] {logging_mixin.py:190} INFO - [2024-11-01T12:12:06.369+0000] {dag.py:3239} INFO - Sync 1 DAGs
[2024-11-01T12:12:06.377+0000] {logging_mixin.py:190} INFO - [2024-11-01T12:12:06.377+0000] {dag.py:4180} INFO - Setting next_dagrun for tutorial_taskflow_api to None, run_after=None
[2024-11-01T12:12:06.389+0000] {processor.py:208} INFO - Processing /home/airflow/.local/lib/python3.12/site-packages/airflow/example_dags/tutorial_taskflow_api.py took 0.042 seconds
[2024-11-01T12:12:36.631+0000] {processor.py:186} INFO - Started process (PID=546) to work on /home/airflow/.local/lib/python3.12/site-packages/airflow/example_dags/tutorial_taskflow_api.py
[2024-11-01T12:12:36.632+0000] {processor.py:914} INFO - Processing file /home/airflow/.local/lib/python3.12/site-packages/airflow/example_dags/tutorial_taskflow_api.py for tasks to queue
[2024-11-01T12:12:36.634+0000] {logging_mixin.py:190} INFO - [2024-11-01T12:12:36.634+0000] {dagbag.py:588} INFO - Filling up the DagBag from /home/airflow/.local/lib/python3.12/site-packages/airflow/example_dags/tutorial_taskflow_api.py
[2024-11-01T12:12:36.639+0000] {processor.py:925} INFO - DAG(s) 'tutorial_taskflow_api' retrieved from /home/airflow/.local/lib/python3.12/site-packages/airflow/example_dags/tutorial_taskflow_api.py
[2024-11-01T12:12:36.652+0000] {logging_mixin.py:190} INFO - [2024-11-01T12:12:36.652+0000] {dag.py:3239} INFO - Sync 1 DAGs
[2024-11-01T12:12:36.662+0000] {logging_mixin.py:190} INFO - [2024-11-01T12:12:36.661+0000] {dag.py:4180} INFO - Setting next_dagrun for tutorial_taskflow_api to None, run_after=None
[2024-11-01T12:12:36.675+0000] {processor.py:208} INFO - Processing /home/airflow/.local/lib/python3.12/site-packages/airflow/example_dags/tutorial_taskflow_api.py took 0.047 seconds
[2024-11-01T12:13:06.844+0000] {processor.py:186} INFO - Started process (PID=611) to work on /home/airflow/.local/lib/python3.12/site-packages/airflow/example_dags/tutorial_taskflow_api.py
[2024-11-01T12:13:06.845+0000] {processor.py:914} INFO - Processing file /home/airflow/.local/lib/python3.12/site-packages/airflow/example_dags/tutorial_taskflow_api.py for tasks to queue
[2024-11-01T12:13:06.847+0000] {logging_mixin.py:190} INFO - [2024-11-01T12:13:06.846+0000] {dagbag.py:588} INFO - Filling up the DagBag from /home/airflow/.local/lib/python3.12/site-packages/airflow/example_dags/tutorial_taskflow_api.py
[2024-11-01T12:13:06.854+0000] {processor.py:925} INFO - DAG(s) 'tutorial_taskflow_api' retrieved from /home/airflow/.local/lib/python3.12/site-packages/airflow/example_dags/tutorial_taskflow_api.py
[2024-11-01T12:13:06.866+0000] {logging_mixin.py:190} INFO - [2024-11-01T12:13:06.866+0000] {dag.py:3239} INFO - Sync 1 DAGs
[2024-11-01T12:13:06.876+0000] {logging_mixin.py:190} INFO - [2024-11-01T12:13:06.875+0000] {dag.py:4180} INFO - Setting next_dagrun for tutorial_taskflow_api to None, run_after=None
[2024-11-01T12:13:06.889+0000] {processor.py:208} INFO - Processing /home/airflow/.local/lib/python3.12/site-packages/airflow/example_dags/tutorial_taskflow_api.py took 0.049 seconds
[2024-11-01T12:13:37.236+0000] {processor.py:186} INFO - Started process (PID=675) to work on /home/airflow/.local/lib/python3.12/site-packages/airflow/example_dags/tutorial_taskflow_api.py
[2024-11-01T12:13:37.237+0000] {processor.py:914} INFO - Processing file /home/airflow/.local/lib/python3.12/site-packages/airflow/example_dags/tutorial_taskflow_api.py for tasks to queue
[2024-11-01T12:13:37.240+0000] {logging_mixin.py:190} INFO - [2024-11-01T12:13:37.239+0000] {dagbag.py:588} INFO - Filling up the DagBag from /home/airflow/.local/lib/python3.12/site-packages/airflow/example_dags/tutorial_taskflow_api.py
[2024-11-01T12:13:37.254+0000] {processor.py:925} INFO - DAG(s) 'tutorial_taskflow_api' retrieved from /home/airflow/.local/lib/python3.12/site-packages/airflow/example_dags/tutorial_taskflow_api.py
[2024-11-01T12:13:37.294+0000] {logging_mixin.py:190} INFO - [2024-11-01T12:13:37.293+0000] {dag.py:3239} INFO - Sync 1 DAGs
[2024-11-01T12:13:37.316+0000] {logging_mixin.py:190} INFO - [2024-11-01T12:13:37.315+0000] {dag.py:4180} INFO - Setting next_dagrun for tutorial_taskflow_api to None, run_after=None
[2024-11-01T12:13:37.348+0000] {processor.py:208} INFO - Processing /home/airflow/.local/lib/python3.12/site-packages/airflow/example_dags/tutorial_taskflow_api.py took 0.120 seconds
[2024-11-01T12:14:08.076+0000] {processor.py:186} INFO - Started process (PID=740) to work on /home/airflow/.local/lib/python3.12/site-packages/airflow/example_dags/tutorial_taskflow_api.py
[2024-11-01T12:14:08.079+0000] {processor.py:914} INFO - Processing file /home/airflow/.local/lib/python3.12/site-packages/airflow/example_dags/tutorial_taskflow_api.py for tasks to queue
[2024-11-01T12:14:08.084+0000] {logging_mixin.py:190} INFO - [2024-11-01T12:14:08.083+0000] {dagbag.py:588} INFO - Filling up the DagBag from /home/airflow/.local/lib/python3.12/site-packages/airflow/example_dags/tutorial_taskflow_api.py
[2024-11-01T12:14:08.089+0000] {processor.py:925} INFO - DAG(s) 'tutorial_taskflow_api' retrieved from /home/airflow/.local/lib/python3.12/site-packages/airflow/example_dags/tutorial_taskflow_api.py
[2024-11-01T12:14:08.109+0000] {logging_mixin.py:190} INFO - [2024-11-01T12:14:08.108+0000] {dag.py:3239} INFO - Sync 1 DAGs
[2024-11-01T12:14:08.123+0000] {logging_mixin.py:190} INFO - [2024-11-01T12:14:08.122+0000] {dag.py:4180} INFO - Setting next_dagrun for tutorial_taskflow_api to None, run_after=None
[2024-11-01T12:14:08.138+0000] {processor.py:208} INFO - Processing /home/airflow/.local/lib/python3.12/site-packages/airflow/example_dags/tutorial_taskflow_api.py took 0.068 seconds
[2024-11-01T12:14:38.730+0000] {processor.py:186} INFO - Started process (PID=805) to work on /home/airflow/.local/lib/python3.12/site-packages/airflow/example_dags/tutorial_taskflow_api.py
[2024-11-01T12:14:38.730+0000] {processor.py:914} INFO - Processing file /home/airflow/.local/lib/python3.12/site-packages/airflow/example_dags/tutorial_taskflow_api.py for tasks to queue
[2024-11-01T12:14:38.732+0000] {logging_mixin.py:190} INFO - [2024-11-01T12:14:38.732+0000] {dagbag.py:588} INFO - Filling up the DagBag from /home/airflow/.local/lib/python3.12/site-packages/airflow/example_dags/tutorial_taskflow_api.py
[2024-11-01T12:14:38.737+0000] {processor.py:925} INFO - DAG(s) 'tutorial_taskflow_api' retrieved from /home/airflow/.local/lib/python3.12/site-packages/airflow/example_dags/tutorial_taskflow_api.py
[2024-11-01T12:14:38.750+0000] {logging_mixin.py:190} INFO - [2024-11-01T12:14:38.750+0000] {dag.py:3239} INFO - Sync 1 DAGs
[2024-11-01T12:14:38.760+0000] {logging_mixin.py:190} INFO - [2024-11-01T12:14:38.760+0000] {dag.py:4180} INFO - Setting next_dagrun for tutorial_taskflow_api to None, run_after=None
[2024-11-01T12:14:38.773+0000] {processor.py:208} INFO - Processing /home/airflow/.local/lib/python3.12/site-packages/airflow/example_dags/tutorial_taskflow_api.py took 0.048 seconds
[2024-11-01T12:15:09.448+0000] {processor.py:186} INFO - Started process (PID=870) to work on /home/airflow/.local/lib/python3.12/site-packages/airflow/example_dags/tutorial_taskflow_api.py
[2024-11-01T12:15:09.448+0000] {processor.py:914} INFO - Processing file /home/airflow/.local/lib/python3.12/site-packages/airflow/example_dags/tutorial_taskflow_api.py for tasks to queue
[2024-11-01T12:15:09.450+0000] {logging_mixin.py:190} INFO - [2024-11-01T12:15:09.449+0000] {dagbag.py:588} INFO - Filling up the DagBag from /home/airflow/.local/lib/python3.12/site-packages/airflow/example_dags/tutorial_taskflow_api.py
[2024-11-01T12:15:09.455+0000] {processor.py:925} INFO - DAG(s) 'tutorial_taskflow_api' retrieved from /home/airflow/.local/lib/python3.12/site-packages/airflow/example_dags/tutorial_taskflow_api.py
[2024-11-01T12:15:09.468+0000] {logging_mixin.py:190} INFO - [2024-11-01T12:15:09.468+0000] {dag.py:3239} INFO - Sync 1 DAGs
[2024-11-01T12:15:09.485+0000] {logging_mixin.py:190} INFO - [2024-11-01T12:15:09.484+0000] {dag.py:4180} INFO - Setting next_dagrun for tutorial_taskflow_api to None, run_after=None
[2024-11-01T12:15:09.500+0000] {processor.py:208} INFO - Processing /home/airflow/.local/lib/python3.12/site-packages/airflow/example_dags/tutorial_taskflow_api.py took 0.056 seconds
[2024-11-01T12:15:40.361+0000] {processor.py:186} INFO - Started process (PID=935) to work on /home/airflow/.local/lib/python3.12/site-packages/airflow/example_dags/tutorial_taskflow_api.py
[2024-11-01T12:15:40.362+0000] {processor.py:914} INFO - Processing file /home/airflow/.local/lib/python3.12/site-packages/airflow/example_dags/tutorial_taskflow_api.py for tasks to queue
[2024-11-01T12:15:40.364+0000] {logging_mixin.py:190} INFO - [2024-11-01T12:15:40.363+0000] {dagbag.py:588} INFO - Filling up the DagBag from /home/airflow/.local/lib/python3.12/site-packages/airflow/example_dags/tutorial_taskflow_api.py
[2024-11-01T12:15:40.371+0000] {processor.py:925} INFO - DAG(s) 'tutorial_taskflow_api' retrieved from /home/airflow/.local/lib/python3.12/site-packages/airflow/example_dags/tutorial_taskflow_api.py
[2024-11-01T12:15:40.389+0000] {logging_mixin.py:190} INFO - [2024-11-01T12:15:40.389+0000] {dag.py:3239} INFO - Sync 1 DAGs
[2024-11-01T12:15:40.405+0000] {logging_mixin.py:190} INFO - [2024-11-01T12:15:40.405+0000] {dag.py:4180} INFO - Setting next_dagrun for tutorial_taskflow_api to None, run_after=None
[2024-11-01T12:15:40.423+0000] {processor.py:208} INFO - Processing /home/airflow/.local/lib/python3.12/site-packages/airflow/example_dags/tutorial_taskflow_api.py took 0.066 seconds
[2024-11-01T12:16:10.923+0000] {processor.py:186} INFO - Started process (PID=1000) to work on /home/airflow/.local/lib/python3.12/site-packages/airflow/example_dags/tutorial_taskflow_api.py
[2024-11-01T12:16:10.924+0000] {processor.py:914} INFO - Processing file /home/airflow/.local/lib/python3.12/site-packages/airflow/example_dags/tutorial_taskflow_api.py for tasks to queue
[2024-11-01T12:16:10.925+0000] {logging_mixin.py:190} INFO - [2024-11-01T12:16:10.925+0000] {dagbag.py:588} INFO - Filling up the DagBag from /home/airflow/.local/lib/python3.12/site-packages/airflow/example_dags/tutorial_taskflow_api.py
[2024-11-01T12:16:10.931+0000] {processor.py:925} INFO - DAG(s) 'tutorial_taskflow_api' retrieved from /home/airflow/.local/lib/python3.12/site-packages/airflow/example_dags/tutorial_taskflow_api.py
[2024-11-01T12:16:10.948+0000] {logging_mixin.py:190} INFO - [2024-11-01T12:16:10.948+0000] {dag.py:3239} INFO - Sync 1 DAGs
[2024-11-01T12:16:10.960+0000] {logging_mixin.py:190} INFO - [2024-11-01T12:16:10.960+0000] {dag.py:4180} INFO - Setting next_dagrun for tutorial_taskflow_api to None, run_after=None
[2024-11-01T12:16:10.978+0000] {processor.py:208} INFO - Processing /home/airflow/.local/lib/python3.12/site-packages/airflow/example_dags/tutorial_taskflow_api.py took 0.060 seconds
[2024-11-01T12:16:41.751+0000] {processor.py:186} INFO - Started process (PID=1066) to work on /home/airflow/.local/lib/python3.12/site-packages/airflow/example_dags/tutorial_taskflow_api.py
[2024-11-01T12:16:41.752+0000] {processor.py:914} INFO - Processing file /home/airflow/.local/lib/python3.12/site-packages/airflow/example_dags/tutorial_taskflow_api.py for tasks to queue
[2024-11-01T12:16:41.754+0000] {logging_mixin.py:190} INFO - [2024-11-01T12:16:41.754+0000] {dagbag.py:588} INFO - Filling up the DagBag from /home/airflow/.local/lib/python3.12/site-packages/airflow/example_dags/tutorial_taskflow_api.py
[2024-11-01T12:16:41.759+0000] {processor.py:925} INFO - DAG(s) 'tutorial_taskflow_api' retrieved from /home/airflow/.local/lib/python3.12/site-packages/airflow/example_dags/tutorial_taskflow_api.py
[2024-11-01T12:16:41.772+0000] {logging_mixin.py:190} INFO - [2024-11-01T12:16:41.772+0000] {dag.py:3239} INFO - Sync 1 DAGs
[2024-11-01T12:16:41.782+0000] {logging_mixin.py:190} INFO - [2024-11-01T12:16:41.781+0000] {dag.py:4180} INFO - Setting next_dagrun for tutorial_taskflow_api to None, run_after=None
[2024-11-01T12:16:41.796+0000] {processor.py:208} INFO - Processing /home/airflow/.local/lib/python3.12/site-packages/airflow/example_dags/tutorial_taskflow_api.py took 0.048 seconds
[2024-11-01T12:17:12.020+0000] {processor.py:186} INFO - Started process (PID=1131) to work on /home/airflow/.local/lib/python3.12/site-packages/airflow/example_dags/tutorial_taskflow_api.py
[2024-11-01T12:17:12.021+0000] {processor.py:914} INFO - Processing file /home/airflow/.local/lib/python3.12/site-packages/airflow/example_dags/tutorial_taskflow_api.py for tasks to queue
[2024-11-01T12:17:12.024+0000] {logging_mixin.py:190} INFO - [2024-11-01T12:17:12.023+0000] {dagbag.py:588} INFO - Filling up the DagBag from /home/airflow/.local/lib/python3.12/site-packages/airflow/example_dags/tutorial_taskflow_api.py
[2024-11-01T12:17:12.032+0000] {processor.py:925} INFO - DAG(s) 'tutorial_taskflow_api' retrieved from /home/airflow/.local/lib/python3.12/site-packages/airflow/example_dags/tutorial_taskflow_api.py
[2024-11-01T12:17:12.060+0000] {logging_mixin.py:190} INFO - [2024-11-01T12:17:12.060+0000] {dag.py:3239} INFO - Sync 1 DAGs
[2024-11-01T12:17:12.076+0000] {logging_mixin.py:190} INFO - [2024-11-01T12:17:12.076+0000] {dag.py:4180} INFO - Setting next_dagrun for tutorial_taskflow_api to None, run_after=None
[2024-11-01T12:17:12.094+0000] {processor.py:208} INFO - Processing /home/airflow/.local/lib/python3.12/site-packages/airflow/example_dags/tutorial_taskflow_api.py took 0.080 seconds
[2024-11-01T12:17:42.728+0000] {processor.py:186} INFO - Started process (PID=1196) to work on /home/airflow/.local/lib/python3.12/site-packages/airflow/example_dags/tutorial_taskflow_api.py
[2024-11-01T12:17:42.728+0000] {processor.py:914} INFO - Processing file /home/airflow/.local/lib/python3.12/site-packages/airflow/example_dags/tutorial_taskflow_api.py for tasks to queue
[2024-11-01T12:17:42.730+0000] {logging_mixin.py:190} INFO - [2024-11-01T12:17:42.730+0000] {dagbag.py:588} INFO - Filling up the DagBag from /home/airflow/.local/lib/python3.12/site-packages/airflow/example_dags/tutorial_taskflow_api.py
[2024-11-01T12:17:42.735+0000] {processor.py:925} INFO - DAG(s) 'tutorial_taskflow_api' retrieved from /home/airflow/.local/lib/python3.12/site-packages/airflow/example_dags/tutorial_taskflow_api.py
[2024-11-01T12:17:42.749+0000] {logging_mixin.py:190} INFO - [2024-11-01T12:17:42.749+0000] {dag.py:3239} INFO - Sync 1 DAGs
[2024-11-01T12:17:42.758+0000] {logging_mixin.py:190} INFO - [2024-11-01T12:17:42.758+0000] {dag.py:4180} INFO - Setting next_dagrun for tutorial_taskflow_api to None, run_after=None
[2024-11-01T12:17:42.773+0000] {processor.py:208} INFO - Processing /home/airflow/.local/lib/python3.12/site-packages/airflow/example_dags/tutorial_taskflow_api.py took 0.049 seconds
[2024-11-01T12:18:13.628+0000] {processor.py:186} INFO - Started process (PID=1261) to work on /home/airflow/.local/lib/python3.12/site-packages/airflow/example_dags/tutorial_taskflow_api.py
[2024-11-01T12:18:13.628+0000] {processor.py:914} INFO - Processing file /home/airflow/.local/lib/python3.12/site-packages/airflow/example_dags/tutorial_taskflow_api.py for tasks to queue
[2024-11-01T12:18:13.630+0000] {logging_mixin.py:190} INFO - [2024-11-01T12:18:13.630+0000] {dagbag.py:588} INFO - Filling up the DagBag from /home/airflow/.local/lib/python3.12/site-packages/airflow/example_dags/tutorial_taskflow_api.py
[2024-11-01T12:18:13.635+0000] {processor.py:925} INFO - DAG(s) 'tutorial_taskflow_api' retrieved from /home/airflow/.local/lib/python3.12/site-packages/airflow/example_dags/tutorial_taskflow_api.py
[2024-11-01T12:18:13.648+0000] {logging_mixin.py:190} INFO - [2024-11-01T12:18:13.647+0000] {dag.py:3239} INFO - Sync 1 DAGs
[2024-11-01T12:18:13.657+0000] {logging_mixin.py:190} INFO - [2024-11-01T12:18:13.657+0000] {dag.py:4180} INFO - Setting next_dagrun for tutorial_taskflow_api to None, run_after=None
[2024-11-01T12:18:13.671+0000] {processor.py:208} INFO - Processing /home/airflow/.local/lib/python3.12/site-packages/airflow/example_dags/tutorial_taskflow_api.py took 0.047 seconds
[2024-11-01T12:18:44.215+0000] {processor.py:186} INFO - Started process (PID=1326) to work on /home/airflow/.local/lib/python3.12/site-packages/airflow/example_dags/tutorial_taskflow_api.py
[2024-11-01T12:18:44.216+0000] {processor.py:914} INFO - Processing file /home/airflow/.local/lib/python3.12/site-packages/airflow/example_dags/tutorial_taskflow_api.py for tasks to queue
[2024-11-01T12:18:44.217+0000] {logging_mixin.py:190} INFO - [2024-11-01T12:18:44.217+0000] {dagbag.py:588} INFO - Filling up the DagBag from /home/airflow/.local/lib/python3.12/site-packages/airflow/example_dags/tutorial_taskflow_api.py
[2024-11-01T12:18:44.222+0000] {processor.py:925} INFO - DAG(s) 'tutorial_taskflow_api' retrieved from /home/airflow/.local/lib/python3.12/site-packages/airflow/example_dags/tutorial_taskflow_api.py
[2024-11-01T12:18:44.234+0000] {logging_mixin.py:190} INFO - [2024-11-01T12:18:44.234+0000] {dag.py:3239} INFO - Sync 1 DAGs
[2024-11-01T12:18:44.244+0000] {logging_mixin.py:190} INFO - [2024-11-01T12:18:44.244+0000] {dag.py:4180} INFO - Setting next_dagrun for tutorial_taskflow_api to None, run_after=None
[2024-11-01T12:18:44.259+0000] {processor.py:208} INFO - Processing /home/airflow/.local/lib/python3.12/site-packages/airflow/example_dags/tutorial_taskflow_api.py took 0.048 seconds
[2024-11-01T12:19:14.908+0000] {processor.py:186} INFO - Started process (PID=1391) to work on /home/airflow/.local/lib/python3.12/site-packages/airflow/example_dags/tutorial_taskflow_api.py
[2024-11-01T12:19:14.909+0000] {processor.py:914} INFO - Processing file /home/airflow/.local/lib/python3.12/site-packages/airflow/example_dags/tutorial_taskflow_api.py for tasks to queue
[2024-11-01T12:19:14.911+0000] {logging_mixin.py:190} INFO - [2024-11-01T12:19:14.910+0000] {dagbag.py:588} INFO - Filling up the DagBag from /home/airflow/.local/lib/python3.12/site-packages/airflow/example_dags/tutorial_taskflow_api.py
[2024-11-01T12:19:14.916+0000] {processor.py:925} INFO - DAG(s) 'tutorial_taskflow_api' retrieved from /home/airflow/.local/lib/python3.12/site-packages/airflow/example_dags/tutorial_taskflow_api.py
[2024-11-01T12:19:14.929+0000] {logging_mixin.py:190} INFO - [2024-11-01T12:19:14.929+0000] {dag.py:3239} INFO - Sync 1 DAGs
[2024-11-01T12:19:14.940+0000] {logging_mixin.py:190} INFO - [2024-11-01T12:19:14.940+0000] {dag.py:4180} INFO - Setting next_dagrun for tutorial_taskflow_api to None, run_after=None
[2024-11-01T12:19:14.955+0000] {processor.py:208} INFO - Processing /home/airflow/.local/lib/python3.12/site-packages/airflow/example_dags/tutorial_taskflow_api.py took 0.050 seconds
[2024-11-01T12:19:46.087+0000] {processor.py:186} INFO - Started process (PID=1456) to work on /home/airflow/.local/lib/python3.12/site-packages/airflow/example_dags/tutorial_taskflow_api.py
[2024-11-01T12:19:46.087+0000] {processor.py:914} INFO - Processing file /home/airflow/.local/lib/python3.12/site-packages/airflow/example_dags/tutorial_taskflow_api.py for tasks to queue
[2024-11-01T12:19:46.089+0000] {logging_mixin.py:190} INFO - [2024-11-01T12:19:46.089+0000] {dagbag.py:588} INFO - Filling up the DagBag from /home/airflow/.local/lib/python3.12/site-packages/airflow/example_dags/tutorial_taskflow_api.py
[2024-11-01T12:19:46.095+0000] {processor.py:925} INFO - DAG(s) 'tutorial_taskflow_api' retrieved from /home/airflow/.local/lib/python3.12/site-packages/airflow/example_dags/tutorial_taskflow_api.py
[2024-11-01T12:19:46.108+0000] {logging_mixin.py:190} INFO - [2024-11-01T12:19:46.108+0000] {dag.py:3239} INFO - Sync 1 DAGs
[2024-11-01T12:19:46.119+0000] {logging_mixin.py:190} INFO - [2024-11-01T12:19:46.119+0000] {dag.py:4180} INFO - Setting next_dagrun for tutorial_taskflow_api to None, run_after=None
[2024-11-01T12:19:46.136+0000] {processor.py:208} INFO - Processing /home/airflow/.local/lib/python3.12/site-packages/airflow/example_dags/tutorial_taskflow_api.py took 0.053 seconds
[2024-11-01T12:20:17.159+0000] {processor.py:186} INFO - Started process (PID=1521) to work on /home/airflow/.local/lib/python3.12/site-packages/airflow/example_dags/tutorial_taskflow_api.py
[2024-11-01T12:20:17.160+0000] {processor.py:914} INFO - Processing file /home/airflow/.local/lib/python3.12/site-packages/airflow/example_dags/tutorial_taskflow_api.py for tasks to queue
[2024-11-01T12:20:17.163+0000] {logging_mixin.py:190} INFO - [2024-11-01T12:20:17.162+0000] {dagbag.py:588} INFO - Filling up the DagBag from /home/airflow/.local/lib/python3.12/site-packages/airflow/example_dags/tutorial_taskflow_api.py
[2024-11-01T12:20:17.169+0000] {processor.py:925} INFO - DAG(s) 'tutorial_taskflow_api' retrieved from /home/airflow/.local/lib/python3.12/site-packages/airflow/example_dags/tutorial_taskflow_api.py
[2024-11-01T12:20:17.188+0000] {logging_mixin.py:190} INFO - [2024-11-01T12:20:17.188+0000] {dag.py:3239} INFO - Sync 1 DAGs
[2024-11-01T12:20:17.205+0000] {logging_mixin.py:190} INFO - [2024-11-01T12:20:17.204+0000] {dag.py:4180} INFO - Setting next_dagrun for tutorial_taskflow_api to None, run_after=None
[2024-11-01T12:20:17.222+0000] {processor.py:208} INFO - Processing /home/airflow/.local/lib/python3.12/site-packages/airflow/example_dags/tutorial_taskflow_api.py took 0.069 seconds
[2024-11-01T12:20:47.782+0000] {processor.py:186} INFO - Started process (PID=1586) to work on /home/airflow/.local/lib/python3.12/site-packages/airflow/example_dags/tutorial_taskflow_api.py
[2024-11-01T12:20:47.783+0000] {processor.py:914} INFO - Processing file /home/airflow/.local/lib/python3.12/site-packages/airflow/example_dags/tutorial_taskflow_api.py for tasks to queue
[2024-11-01T12:20:47.784+0000] {logging_mixin.py:190} INFO - [2024-11-01T12:20:47.784+0000] {dagbag.py:588} INFO - Filling up the DagBag from /home/airflow/.local/lib/python3.12/site-packages/airflow/example_dags/tutorial_taskflow_api.py
[2024-11-01T12:20:47.789+0000] {processor.py:925} INFO - DAG(s) 'tutorial_taskflow_api' retrieved from /home/airflow/.local/lib/python3.12/site-packages/airflow/example_dags/tutorial_taskflow_api.py
[2024-11-01T12:20:47.804+0000] {logging_mixin.py:190} INFO - [2024-11-01T12:20:47.804+0000] {dag.py:3239} INFO - Sync 1 DAGs
[2024-11-01T12:20:47.816+0000] {logging_mixin.py:190} INFO - [2024-11-01T12:20:47.816+0000] {dag.py:4180} INFO - Setting next_dagrun for tutorial_taskflow_api to None, run_after=None
[2024-11-01T12:20:47.830+0000] {processor.py:208} INFO - Processing /home/airflow/.local/lib/python3.12/site-packages/airflow/example_dags/tutorial_taskflow_api.py took 0.053 seconds
[2024-11-01T12:21:18.342+0000] {processor.py:186} INFO - Started process (PID=1651) to work on /home/airflow/.local/lib/python3.12/site-packages/airflow/example_dags/tutorial_taskflow_api.py
[2024-11-01T12:21:18.343+0000] {processor.py:914} INFO - Processing file /home/airflow/.local/lib/python3.12/site-packages/airflow/example_dags/tutorial_taskflow_api.py for tasks to queue
[2024-11-01T12:21:18.345+0000] {logging_mixin.py:190} INFO - [2024-11-01T12:21:18.345+0000] {dagbag.py:588} INFO - Filling up the DagBag from /home/airflow/.local/lib/python3.12/site-packages/airflow/example_dags/tutorial_taskflow_api.py
[2024-11-01T12:21:18.352+0000] {processor.py:925} INFO - DAG(s) 'tutorial_taskflow_api' retrieved from /home/airflow/.local/lib/python3.12/site-packages/airflow/example_dags/tutorial_taskflow_api.py
[2024-11-01T12:21:18.367+0000] {logging_mixin.py:190} INFO - [2024-11-01T12:21:18.367+0000] {dag.py:3239} INFO - Sync 1 DAGs
[2024-11-01T12:21:18.378+0000] {logging_mixin.py:190} INFO - [2024-11-01T12:21:18.378+0000] {dag.py:4180} INFO - Setting next_dagrun for tutorial_taskflow_api to None, run_after=None
[2024-11-01T12:21:18.393+0000] {processor.py:208} INFO - Processing /home/airflow/.local/lib/python3.12/site-packages/airflow/example_dags/tutorial_taskflow_api.py took 0.055 seconds
[2024-11-01T12:21:48.777+0000] {processor.py:186} INFO - Started process (PID=1716) to work on /home/airflow/.local/lib/python3.12/site-packages/airflow/example_dags/tutorial_taskflow_api.py
[2024-11-01T12:21:48.778+0000] {processor.py:914} INFO - Processing file /home/airflow/.local/lib/python3.12/site-packages/airflow/example_dags/tutorial_taskflow_api.py for tasks to queue
[2024-11-01T12:21:48.780+0000] {logging_mixin.py:190} INFO - [2024-11-01T12:21:48.779+0000] {dagbag.py:588} INFO - Filling up the DagBag from /home/airflow/.local/lib/python3.12/site-packages/airflow/example_dags/tutorial_taskflow_api.py
[2024-11-01T12:21:48.785+0000] {processor.py:925} INFO - DAG(s) 'tutorial_taskflow_api' retrieved from /home/airflow/.local/lib/python3.12/site-packages/airflow/example_dags/tutorial_taskflow_api.py
[2024-11-01T12:21:48.800+0000] {logging_mixin.py:190} INFO - [2024-11-01T12:21:48.800+0000] {dag.py:3239} INFO - Sync 1 DAGs
[2024-11-01T12:21:48.809+0000] {logging_mixin.py:190} INFO - [2024-11-01T12:21:48.809+0000] {dag.py:4180} INFO - Setting next_dagrun for tutorial_taskflow_api to None, run_after=None
[2024-11-01T12:21:48.823+0000] {processor.py:208} INFO - Processing /home/airflow/.local/lib/python3.12/site-packages/airflow/example_dags/tutorial_taskflow_api.py took 0.050 seconds
[2024-11-01T12:22:18.928+0000] {processor.py:186} INFO - Started process (PID=1780) to work on /home/airflow/.local/lib/python3.12/site-packages/airflow/example_dags/tutorial_taskflow_api.py
[2024-11-01T12:22:18.929+0000] {processor.py:914} INFO - Processing file /home/airflow/.local/lib/python3.12/site-packages/airflow/example_dags/tutorial_taskflow_api.py for tasks to queue
[2024-11-01T12:22:18.931+0000] {logging_mixin.py:190} INFO - [2024-11-01T12:22:18.930+0000] {dagbag.py:588} INFO - Filling up the DagBag from /home/airflow/.local/lib/python3.12/site-packages/airflow/example_dags/tutorial_taskflow_api.py
[2024-11-01T12:22:18.936+0000] {processor.py:925} INFO - DAG(s) 'tutorial_taskflow_api' retrieved from /home/airflow/.local/lib/python3.12/site-packages/airflow/example_dags/tutorial_taskflow_api.py
[2024-11-01T12:22:18.951+0000] {logging_mixin.py:190} INFO - [2024-11-01T12:22:18.951+0000] {dag.py:3239} INFO - Sync 1 DAGs
[2024-11-01T12:22:18.963+0000] {logging_mixin.py:190} INFO - [2024-11-01T12:22:18.963+0000] {dag.py:4180} INFO - Setting next_dagrun for tutorial_taskflow_api to None, run_after=None
[2024-11-01T12:22:18.979+0000] {processor.py:208} INFO - Processing /home/airflow/.local/lib/python3.12/site-packages/airflow/example_dags/tutorial_taskflow_api.py took 0.055 seconds
[2024-11-01T12:22:49.185+0000] {processor.py:186} INFO - Started process (PID=1845) to work on /home/airflow/.local/lib/python3.12/site-packages/airflow/example_dags/tutorial_taskflow_api.py
[2024-11-01T12:22:49.186+0000] {processor.py:914} INFO - Processing file /home/airflow/.local/lib/python3.12/site-packages/airflow/example_dags/tutorial_taskflow_api.py for tasks to queue
[2024-11-01T12:22:49.187+0000] {logging_mixin.py:190} INFO - [2024-11-01T12:22:49.187+0000] {dagbag.py:588} INFO - Filling up the DagBag from /home/airflow/.local/lib/python3.12/site-packages/airflow/example_dags/tutorial_taskflow_api.py
[2024-11-01T12:22:49.192+0000] {processor.py:925} INFO - DAG(s) 'tutorial_taskflow_api' retrieved from /home/airflow/.local/lib/python3.12/site-packages/airflow/example_dags/tutorial_taskflow_api.py
[2024-11-01T12:22:49.205+0000] {logging_mixin.py:190} INFO - [2024-11-01T12:22:49.205+0000] {dag.py:3239} INFO - Sync 1 DAGs
[2024-11-01T12:22:49.215+0000] {logging_mixin.py:190} INFO - [2024-11-01T12:22:49.215+0000] {dag.py:4180} INFO - Setting next_dagrun for tutorial_taskflow_api to None, run_after=None
[2024-11-01T12:22:49.229+0000] {processor.py:208} INFO - Processing /home/airflow/.local/lib/python3.12/site-packages/airflow/example_dags/tutorial_taskflow_api.py took 0.048 seconds
[2024-11-01T12:23:19.627+0000] {processor.py:186} INFO - Started process (PID=1910) to work on /home/airflow/.local/lib/python3.12/site-packages/airflow/example_dags/tutorial_taskflow_api.py
[2024-11-01T12:23:19.628+0000] {processor.py:914} INFO - Processing file /home/airflow/.local/lib/python3.12/site-packages/airflow/example_dags/tutorial_taskflow_api.py for tasks to queue
[2024-11-01T12:23:19.629+0000] {logging_mixin.py:190} INFO - [2024-11-01T12:23:19.629+0000] {dagbag.py:588} INFO - Filling up the DagBag from /home/airflow/.local/lib/python3.12/site-packages/airflow/example_dags/tutorial_taskflow_api.py
[2024-11-01T12:23:19.636+0000] {processor.py:925} INFO - DAG(s) 'tutorial_taskflow_api' retrieved from /home/airflow/.local/lib/python3.12/site-packages/airflow/example_dags/tutorial_taskflow_api.py
[2024-11-01T12:23:19.651+0000] {logging_mixin.py:190} INFO - [2024-11-01T12:23:19.650+0000] {dag.py:3239} INFO - Sync 1 DAGs
[2024-11-01T12:23:19.661+0000] {logging_mixin.py:190} INFO - [2024-11-01T12:23:19.661+0000] {dag.py:4180} INFO - Setting next_dagrun for tutorial_taskflow_api to None, run_after=None
[2024-11-01T12:23:19.677+0000] {processor.py:208} INFO - Processing /home/airflow/.local/lib/python3.12/site-packages/airflow/example_dags/tutorial_taskflow_api.py took 0.054 seconds
[2024-11-01T12:23:49.834+0000] {processor.py:186} INFO - Started process (PID=1975) to work on /home/airflow/.local/lib/python3.12/site-packages/airflow/example_dags/tutorial_taskflow_api.py
[2024-11-01T12:23:49.835+0000] {processor.py:914} INFO - Processing file /home/airflow/.local/lib/python3.12/site-packages/airflow/example_dags/tutorial_taskflow_api.py for tasks to queue
[2024-11-01T12:23:49.837+0000] {logging_mixin.py:190} INFO - [2024-11-01T12:23:49.836+0000] {dagbag.py:588} INFO - Filling up the DagBag from /home/airflow/.local/lib/python3.12/site-packages/airflow/example_dags/tutorial_taskflow_api.py
[2024-11-01T12:23:49.843+0000] {processor.py:925} INFO - DAG(s) 'tutorial_taskflow_api' retrieved from /home/airflow/.local/lib/python3.12/site-packages/airflow/example_dags/tutorial_taskflow_api.py
[2024-11-01T12:23:49.862+0000] {logging_mixin.py:190} INFO - [2024-11-01T12:23:49.862+0000] {dag.py:3239} INFO - Sync 1 DAGs
[2024-11-01T12:23:49.876+0000] {logging_mixin.py:190} INFO - [2024-11-01T12:23:49.876+0000] {dag.py:4180} INFO - Setting next_dagrun for tutorial_taskflow_api to None, run_after=None
[2024-11-01T12:23:49.895+0000] {processor.py:208} INFO - Processing /home/airflow/.local/lib/python3.12/site-packages/airflow/example_dags/tutorial_taskflow_api.py took 0.066 seconds
[2024-11-01T12:24:20.514+0000] {processor.py:186} INFO - Started process (PID=2040) to work on /home/airflow/.local/lib/python3.12/site-packages/airflow/example_dags/tutorial_taskflow_api.py
[2024-11-01T12:24:20.514+0000] {processor.py:914} INFO - Processing file /home/airflow/.local/lib/python3.12/site-packages/airflow/example_dags/tutorial_taskflow_api.py for tasks to queue
[2024-11-01T12:24:20.516+0000] {logging_mixin.py:190} INFO - [2024-11-01T12:24:20.516+0000] {dagbag.py:588} INFO - Filling up the DagBag from /home/airflow/.local/lib/python3.12/site-packages/airflow/example_dags/tutorial_taskflow_api.py
[2024-11-01T12:24:20.522+0000] {processor.py:925} INFO - DAG(s) 'tutorial_taskflow_api' retrieved from /home/airflow/.local/lib/python3.12/site-packages/airflow/example_dags/tutorial_taskflow_api.py
[2024-11-01T12:24:20.539+0000] {logging_mixin.py:190} INFO - [2024-11-01T12:24:20.539+0000] {dag.py:3239} INFO - Sync 1 DAGs
[2024-11-01T12:24:20.550+0000] {logging_mixin.py:190} INFO - [2024-11-01T12:24:20.550+0000] {dag.py:4180} INFO - Setting next_dagrun for tutorial_taskflow_api to None, run_after=None
[2024-11-01T12:24:20.567+0000] {processor.py:208} INFO - Processing /home/airflow/.local/lib/python3.12/site-packages/airflow/example_dags/tutorial_taskflow_api.py took 0.057 seconds
[2024-11-01T12:24:51.201+0000] {processor.py:186} INFO - Started process (PID=2105) to work on /home/airflow/.local/lib/python3.12/site-packages/airflow/example_dags/tutorial_taskflow_api.py
[2024-11-01T12:24:51.202+0000] {processor.py:914} INFO - Processing file /home/airflow/.local/lib/python3.12/site-packages/airflow/example_dags/tutorial_taskflow_api.py for tasks to queue
[2024-11-01T12:24:51.204+0000] {logging_mixin.py:190} INFO - [2024-11-01T12:24:51.203+0000] {dagbag.py:588} INFO - Filling up the DagBag from /home/airflow/.local/lib/python3.12/site-packages/airflow/example_dags/tutorial_taskflow_api.py
[2024-11-01T12:24:51.209+0000] {processor.py:925} INFO - DAG(s) 'tutorial_taskflow_api' retrieved from /home/airflow/.local/lib/python3.12/site-packages/airflow/example_dags/tutorial_taskflow_api.py
[2024-11-01T12:24:51.224+0000] {logging_mixin.py:190} INFO - [2024-11-01T12:24:51.224+0000] {dag.py:3239} INFO - Sync 1 DAGs
[2024-11-01T12:24:51.234+0000] {logging_mixin.py:190} INFO - [2024-11-01T12:24:51.233+0000] {dag.py:4180} INFO - Setting next_dagrun for tutorial_taskflow_api to None, run_after=None
[2024-11-01T12:24:51.248+0000] {processor.py:208} INFO - Processing /home/airflow/.local/lib/python3.12/site-packages/airflow/example_dags/tutorial_taskflow_api.py took 0.052 seconds
[2024-11-01T12:25:21.356+0000] {processor.py:186} INFO - Started process (PID=2170) to work on /home/airflow/.local/lib/python3.12/site-packages/airflow/example_dags/tutorial_taskflow_api.py
[2024-11-01T12:25:21.357+0000] {processor.py:914} INFO - Processing file /home/airflow/.local/lib/python3.12/site-packages/airflow/example_dags/tutorial_taskflow_api.py for tasks to queue
[2024-11-01T12:25:21.358+0000] {logging_mixin.py:190} INFO - [2024-11-01T12:25:21.358+0000] {dagbag.py:588} INFO - Filling up the DagBag from /home/airflow/.local/lib/python3.12/site-packages/airflow/example_dags/tutorial_taskflow_api.py
[2024-11-01T12:25:21.363+0000] {processor.py:925} INFO - DAG(s) 'tutorial_taskflow_api' retrieved from /home/airflow/.local/lib/python3.12/site-packages/airflow/example_dags/tutorial_taskflow_api.py
[2024-11-01T12:25:21.380+0000] {logging_mixin.py:190} INFO - [2024-11-01T12:25:21.380+0000] {dag.py:3239} INFO - Sync 1 DAGs
[2024-11-01T12:25:21.392+0000] {logging_mixin.py:190} INFO - [2024-11-01T12:25:21.391+0000] {dag.py:4180} INFO - Setting next_dagrun for tutorial_taskflow_api to None, run_after=None
[2024-11-01T12:25:21.409+0000] {processor.py:208} INFO - Processing /home/airflow/.local/lib/python3.12/site-packages/airflow/example_dags/tutorial_taskflow_api.py took 0.059 seconds
[2024-11-01T12:25:52.170+0000] {processor.py:186} INFO - Started process (PID=2235) to work on /home/airflow/.local/lib/python3.12/site-packages/airflow/example_dags/tutorial_taskflow_api.py
[2024-11-01T12:25:52.172+0000] {processor.py:914} INFO - Processing file /home/airflow/.local/lib/python3.12/site-packages/airflow/example_dags/tutorial_taskflow_api.py for tasks to queue
[2024-11-01T12:25:52.174+0000] {logging_mixin.py:190} INFO - [2024-11-01T12:25:52.174+0000] {dagbag.py:588} INFO - Filling up the DagBag from /home/airflow/.local/lib/python3.12/site-packages/airflow/example_dags/tutorial_taskflow_api.py
[2024-11-01T12:25:52.180+0000] {processor.py:925} INFO - DAG(s) 'tutorial_taskflow_api' retrieved from /home/airflow/.local/lib/python3.12/site-packages/airflow/example_dags/tutorial_taskflow_api.py
[2024-11-01T12:25:52.197+0000] {logging_mixin.py:190} INFO - [2024-11-01T12:25:52.197+0000] {dag.py:3239} INFO - Sync 1 DAGs
[2024-11-01T12:25:52.211+0000] {logging_mixin.py:190} INFO - [2024-11-01T12:25:52.211+0000] {dag.py:4180} INFO - Setting next_dagrun for tutorial_taskflow_api to None, run_after=None
[2024-11-01T12:25:52.229+0000] {processor.py:208} INFO - Processing /home/airflow/.local/lib/python3.12/site-packages/airflow/example_dags/tutorial_taskflow_api.py took 0.064 seconds
[2024-11-01T12:26:22.667+0000] {processor.py:186} INFO - Started process (PID=2299) to work on /home/airflow/.local/lib/python3.12/site-packages/airflow/example_dags/tutorial_taskflow_api.py
[2024-11-01T12:26:22.668+0000] {processor.py:914} INFO - Processing file /home/airflow/.local/lib/python3.12/site-packages/airflow/example_dags/tutorial_taskflow_api.py for tasks to queue
[2024-11-01T12:26:22.669+0000] {logging_mixin.py:190} INFO - [2024-11-01T12:26:22.669+0000] {dagbag.py:588} INFO - Filling up the DagBag from /home/airflow/.local/lib/python3.12/site-packages/airflow/example_dags/tutorial_taskflow_api.py
[2024-11-01T12:26:22.677+0000] {processor.py:925} INFO - DAG(s) 'tutorial_taskflow_api' retrieved from /home/airflow/.local/lib/python3.12/site-packages/airflow/example_dags/tutorial_taskflow_api.py
[2024-11-01T12:26:22.695+0000] {logging_mixin.py:190} INFO - [2024-11-01T12:26:22.695+0000] {dag.py:3239} INFO - Sync 1 DAGs
[2024-11-01T12:26:22.713+0000] {logging_mixin.py:190} INFO - [2024-11-01T12:26:22.713+0000] {dag.py:4180} INFO - Setting next_dagrun for tutorial_taskflow_api to None, run_after=None
[2024-11-01T12:26:22.943+0000] {processor.py:208} INFO - Processing /home/airflow/.local/lib/python3.12/site-packages/airflow/example_dags/tutorial_taskflow_api.py took 0.280 seconds
[2024-11-01T12:26:53.307+0000] {processor.py:186} INFO - Started process (PID=2364) to work on /home/airflow/.local/lib/python3.12/site-packages/airflow/example_dags/tutorial_taskflow_api.py
[2024-11-01T12:26:53.307+0000] {processor.py:914} INFO - Processing file /home/airflow/.local/lib/python3.12/site-packages/airflow/example_dags/tutorial_taskflow_api.py for tasks to queue
[2024-11-01T12:26:53.309+0000] {logging_mixin.py:190} INFO - [2024-11-01T12:26:53.308+0000] {dagbag.py:588} INFO - Filling up the DagBag from /home/airflow/.local/lib/python3.12/site-packages/airflow/example_dags/tutorial_taskflow_api.py
[2024-11-01T12:26:53.314+0000] {processor.py:925} INFO - DAG(s) 'tutorial_taskflow_api' retrieved from /home/airflow/.local/lib/python3.12/site-packages/airflow/example_dags/tutorial_taskflow_api.py
[2024-11-01T12:26:53.331+0000] {logging_mixin.py:190} INFO - [2024-11-01T12:26:53.331+0000] {dag.py:3239} INFO - Sync 1 DAGs
[2024-11-01T12:26:53.543+0000] {logging_mixin.py:190} INFO - [2024-11-01T12:26:53.542+0000] {dag.py:4180} INFO - Setting next_dagrun for tutorial_taskflow_api to None, run_after=None
[2024-11-01T12:26:53.560+0000] {processor.py:208} INFO - Processing /home/airflow/.local/lib/python3.12/site-packages/airflow/example_dags/tutorial_taskflow_api.py took 0.258 seconds
[2024-11-01T12:27:24.124+0000] {processor.py:186} INFO - Started process (PID=2429) to work on /home/airflow/.local/lib/python3.12/site-packages/airflow/example_dags/tutorial_taskflow_api.py
[2024-11-01T12:27:24.125+0000] {processor.py:914} INFO - Processing file /home/airflow/.local/lib/python3.12/site-packages/airflow/example_dags/tutorial_taskflow_api.py for tasks to queue
[2024-11-01T12:27:24.127+0000] {logging_mixin.py:190} INFO - [2024-11-01T12:27:24.127+0000] {dagbag.py:588} INFO - Filling up the DagBag from /home/airflow/.local/lib/python3.12/site-packages/airflow/example_dags/tutorial_taskflow_api.py
[2024-11-01T12:27:24.132+0000] {processor.py:925} INFO - DAG(s) 'tutorial_taskflow_api' retrieved from /home/airflow/.local/lib/python3.12/site-packages/airflow/example_dags/tutorial_taskflow_api.py
[2024-11-01T12:27:24.151+0000] {logging_mixin.py:190} INFO - [2024-11-01T12:27:24.151+0000] {dag.py:3239} INFO - Sync 1 DAGs
[2024-11-01T12:27:24.349+0000] {logging_mixin.py:190} INFO - [2024-11-01T12:27:24.348+0000] {dag.py:4180} INFO - Setting next_dagrun for tutorial_taskflow_api to None, run_after=None
[2024-11-01T12:27:24.364+0000] {processor.py:208} INFO - Processing /home/airflow/.local/lib/python3.12/site-packages/airflow/example_dags/tutorial_taskflow_api.py took 0.246 seconds
[2024-11-01T12:27:55.065+0000] {processor.py:186} INFO - Started process (PID=2494) to work on /home/airflow/.local/lib/python3.12/site-packages/airflow/example_dags/tutorial_taskflow_api.py
[2024-11-01T12:27:55.066+0000] {processor.py:914} INFO - Processing file /home/airflow/.local/lib/python3.12/site-packages/airflow/example_dags/tutorial_taskflow_api.py for tasks to queue
[2024-11-01T12:27:55.067+0000] {logging_mixin.py:190} INFO - [2024-11-01T12:27:55.067+0000] {dagbag.py:588} INFO - Filling up the DagBag from /home/airflow/.local/lib/python3.12/site-packages/airflow/example_dags/tutorial_taskflow_api.py
[2024-11-01T12:27:55.076+0000] {processor.py:925} INFO - DAG(s) 'tutorial_taskflow_api' retrieved from /home/airflow/.local/lib/python3.12/site-packages/airflow/example_dags/tutorial_taskflow_api.py
[2024-11-01T12:27:55.096+0000] {logging_mixin.py:190} INFO - [2024-11-01T12:27:55.095+0000] {dag.py:3239} INFO - Sync 1 DAGs
[2024-11-01T12:27:55.349+0000] {logging_mixin.py:190} INFO - [2024-11-01T12:27:55.349+0000] {dag.py:4180} INFO - Setting next_dagrun for tutorial_taskflow_api to None, run_after=None
[2024-11-01T12:27:55.367+0000] {processor.py:208} INFO - Processing /home/airflow/.local/lib/python3.12/site-packages/airflow/example_dags/tutorial_taskflow_api.py took 0.307 seconds
[2024-11-01T12:28:25.945+0000] {processor.py:186} INFO - Started process (PID=2559) to work on /home/airflow/.local/lib/python3.12/site-packages/airflow/example_dags/tutorial_taskflow_api.py
[2024-11-01T12:28:25.946+0000] {processor.py:914} INFO - Processing file /home/airflow/.local/lib/python3.12/site-packages/airflow/example_dags/tutorial_taskflow_api.py for tasks to queue
[2024-11-01T12:28:25.948+0000] {logging_mixin.py:190} INFO - [2024-11-01T12:28:25.947+0000] {dagbag.py:588} INFO - Filling up the DagBag from /home/airflow/.local/lib/python3.12/site-packages/airflow/example_dags/tutorial_taskflow_api.py
[2024-11-01T12:28:25.953+0000] {processor.py:925} INFO - DAG(s) 'tutorial_taskflow_api' retrieved from /home/airflow/.local/lib/python3.12/site-packages/airflow/example_dags/tutorial_taskflow_api.py
[2024-11-01T12:28:25.970+0000] {logging_mixin.py:190} INFO - [2024-11-01T12:28:25.970+0000] {dag.py:3239} INFO - Sync 1 DAGs
[2024-11-01T12:28:25.983+0000] {logging_mixin.py:190} INFO - [2024-11-01T12:28:25.983+0000] {dag.py:4180} INFO - Setting next_dagrun for tutorial_taskflow_api to None, run_after=None
[2024-11-01T12:28:26.000+0000] {processor.py:208} INFO - Processing /home/airflow/.local/lib/python3.12/site-packages/airflow/example_dags/tutorial_taskflow_api.py took 0.063 seconds
[2024-11-01T12:28:56.245+0000] {processor.py:186} INFO - Started process (PID=2624) to work on /home/airflow/.local/lib/python3.12/site-packages/airflow/example_dags/tutorial_taskflow_api.py
[2024-11-01T12:28:56.246+0000] {processor.py:914} INFO - Processing file /home/airflow/.local/lib/python3.12/site-packages/airflow/example_dags/tutorial_taskflow_api.py for tasks to queue
[2024-11-01T12:28:56.247+0000] {logging_mixin.py:190} INFO - [2024-11-01T12:28:56.247+0000] {dagbag.py:588} INFO - Filling up the DagBag from /home/airflow/.local/lib/python3.12/site-packages/airflow/example_dags/tutorial_taskflow_api.py
[2024-11-01T12:28:56.252+0000] {processor.py:925} INFO - DAG(s) 'tutorial_taskflow_api' retrieved from /home/airflow/.local/lib/python3.12/site-packages/airflow/example_dags/tutorial_taskflow_api.py
[2024-11-01T12:28:56.269+0000] {logging_mixin.py:190} INFO - [2024-11-01T12:28:56.268+0000] {dag.py:3239} INFO - Sync 1 DAGs
[2024-11-01T12:28:56.279+0000] {logging_mixin.py:190} INFO - [2024-11-01T12:28:56.278+0000] {dag.py:4180} INFO - Setting next_dagrun for tutorial_taskflow_api to None, run_after=None
[2024-11-01T12:28:56.297+0000] {processor.py:208} INFO - Processing /home/airflow/.local/lib/python3.12/site-packages/airflow/example_dags/tutorial_taskflow_api.py took 0.058 seconds
[2024-11-01T12:29:26.637+0000] {processor.py:186} INFO - Started process (PID=2689) to work on /home/airflow/.local/lib/python3.12/site-packages/airflow/example_dags/tutorial_taskflow_api.py
[2024-11-01T12:29:26.638+0000] {processor.py:914} INFO - Processing file /home/airflow/.local/lib/python3.12/site-packages/airflow/example_dags/tutorial_taskflow_api.py for tasks to queue
[2024-11-01T12:29:26.639+0000] {logging_mixin.py:190} INFO - [2024-11-01T12:29:26.639+0000] {dagbag.py:588} INFO - Filling up the DagBag from /home/airflow/.local/lib/python3.12/site-packages/airflow/example_dags/tutorial_taskflow_api.py
[2024-11-01T12:29:26.645+0000] {processor.py:925} INFO - DAG(s) 'tutorial_taskflow_api' retrieved from /home/airflow/.local/lib/python3.12/site-packages/airflow/example_dags/tutorial_taskflow_api.py
[2024-11-01T12:29:26.661+0000] {logging_mixin.py:190} INFO - [2024-11-01T12:29:26.660+0000] {dag.py:3239} INFO - Sync 1 DAGs
[2024-11-01T12:29:26.672+0000] {logging_mixin.py:190} INFO - [2024-11-01T12:29:26.671+0000] {dag.py:4180} INFO - Setting next_dagrun for tutorial_taskflow_api to None, run_after=None
[2024-11-01T12:29:26.689+0000] {processor.py:208} INFO - Processing /home/airflow/.local/lib/python3.12/site-packages/airflow/example_dags/tutorial_taskflow_api.py took 0.057 seconds
[2024-11-01T12:29:56.785+0000] {processor.py:186} INFO - Started process (PID=2754) to work on /home/airflow/.local/lib/python3.12/site-packages/airflow/example_dags/tutorial_taskflow_api.py
[2024-11-01T12:29:56.786+0000] {processor.py:914} INFO - Processing file /home/airflow/.local/lib/python3.12/site-packages/airflow/example_dags/tutorial_taskflow_api.py for tasks to queue
[2024-11-01T12:29:56.787+0000] {logging_mixin.py:190} INFO - [2024-11-01T12:29:56.787+0000] {dagbag.py:588} INFO - Filling up the DagBag from /home/airflow/.local/lib/python3.12/site-packages/airflow/example_dags/tutorial_taskflow_api.py
[2024-11-01T12:29:56.792+0000] {processor.py:925} INFO - DAG(s) 'tutorial_taskflow_api' retrieved from /home/airflow/.local/lib/python3.12/site-packages/airflow/example_dags/tutorial_taskflow_api.py
[2024-11-01T12:29:56.806+0000] {logging_mixin.py:190} INFO - [2024-11-01T12:29:56.806+0000] {dag.py:3239} INFO - Sync 1 DAGs
[2024-11-01T12:29:56.816+0000] {logging_mixin.py:190} INFO - [2024-11-01T12:29:56.816+0000] {dag.py:4180} INFO - Setting next_dagrun for tutorial_taskflow_api to None, run_after=None
[2024-11-01T12:29:56.840+0000] {processor.py:208} INFO - Processing /home/airflow/.local/lib/python3.12/site-packages/airflow/example_dags/tutorial_taskflow_api.py took 0.059 seconds
[2024-11-01T12:30:27.244+0000] {processor.py:186} INFO - Started process (PID=2819) to work on /home/airflow/.local/lib/python3.12/site-packages/airflow/example_dags/tutorial_taskflow_api.py
[2024-11-01T12:30:27.244+0000] {processor.py:914} INFO - Processing file /home/airflow/.local/lib/python3.12/site-packages/airflow/example_dags/tutorial_taskflow_api.py for tasks to queue
[2024-11-01T12:30:27.246+0000] {logging_mixin.py:190} INFO - [2024-11-01T12:30:27.246+0000] {dagbag.py:588} INFO - Filling up the DagBag from /home/airflow/.local/lib/python3.12/site-packages/airflow/example_dags/tutorial_taskflow_api.py
[2024-11-01T12:30:27.251+0000] {processor.py:925} INFO - DAG(s) 'tutorial_taskflow_api' retrieved from /home/airflow/.local/lib/python3.12/site-packages/airflow/example_dags/tutorial_taskflow_api.py
[2024-11-01T12:30:27.264+0000] {logging_mixin.py:190} INFO - [2024-11-01T12:30:27.264+0000] {dag.py:3239} INFO - Sync 1 DAGs
[2024-11-01T12:30:27.273+0000] {logging_mixin.py:190} INFO - [2024-11-01T12:30:27.273+0000] {dag.py:4180} INFO - Setting next_dagrun for tutorial_taskflow_api to None, run_after=None
[2024-11-01T12:30:27.287+0000] {processor.py:208} INFO - Processing /home/airflow/.local/lib/python3.12/site-packages/airflow/example_dags/tutorial_taskflow_api.py took 0.047 seconds
[2024-11-01T12:30:57.792+0000] {processor.py:186} INFO - Started process (PID=2885) to work on /home/airflow/.local/lib/python3.12/site-packages/airflow/example_dags/tutorial_taskflow_api.py
[2024-11-01T12:30:57.793+0000] {processor.py:914} INFO - Processing file /home/airflow/.local/lib/python3.12/site-packages/airflow/example_dags/tutorial_taskflow_api.py for tasks to queue
[2024-11-01T12:30:57.794+0000] {logging_mixin.py:190} INFO - [2024-11-01T12:30:57.794+0000] {dagbag.py:588} INFO - Filling up the DagBag from /home/airflow/.local/lib/python3.12/site-packages/airflow/example_dags/tutorial_taskflow_api.py
[2024-11-01T12:30:57.799+0000] {processor.py:925} INFO - DAG(s) 'tutorial_taskflow_api' retrieved from /home/airflow/.local/lib/python3.12/site-packages/airflow/example_dags/tutorial_taskflow_api.py
[2024-11-01T12:30:57.813+0000] {logging_mixin.py:190} INFO - [2024-11-01T12:30:57.813+0000] {dag.py:3239} INFO - Sync 1 DAGs
[2024-11-01T12:30:57.826+0000] {logging_mixin.py:190} INFO - [2024-11-01T12:30:57.825+0000] {dag.py:4180} INFO - Setting next_dagrun for tutorial_taskflow_api to None, run_after=None
[2024-11-01T12:30:57.842+0000] {processor.py:208} INFO - Processing /home/airflow/.local/lib/python3.12/site-packages/airflow/example_dags/tutorial_taskflow_api.py took 0.054 seconds
[2024-11-01T12:31:28.439+0000] {processor.py:186} INFO - Started process (PID=2950) to work on /home/airflow/.local/lib/python3.12/site-packages/airflow/example_dags/tutorial_taskflow_api.py
[2024-11-01T12:31:28.440+0000] {processor.py:914} INFO - Processing file /home/airflow/.local/lib/python3.12/site-packages/airflow/example_dags/tutorial_taskflow_api.py for tasks to queue
[2024-11-01T12:31:28.441+0000] {logging_mixin.py:190} INFO - [2024-11-01T12:31:28.441+0000] {dagbag.py:588} INFO - Filling up the DagBag from /home/airflow/.local/lib/python3.12/site-packages/airflow/example_dags/tutorial_taskflow_api.py
[2024-11-01T12:31:28.446+0000] {processor.py:925} INFO - DAG(s) 'tutorial_taskflow_api' retrieved from /home/airflow/.local/lib/python3.12/site-packages/airflow/example_dags/tutorial_taskflow_api.py
[2024-11-01T12:31:28.460+0000] {logging_mixin.py:190} INFO - [2024-11-01T12:31:28.459+0000] {dag.py:3239} INFO - Sync 1 DAGs
[2024-11-01T12:31:28.469+0000] {logging_mixin.py:190} INFO - [2024-11-01T12:31:28.469+0000] {dag.py:4180} INFO - Setting next_dagrun for tutorial_taskflow_api to None, run_after=None
[2024-11-01T12:31:28.484+0000] {processor.py:208} INFO - Processing /home/airflow/.local/lib/python3.12/site-packages/airflow/example_dags/tutorial_taskflow_api.py took 0.050 seconds
[2024-11-01T12:31:58.975+0000] {processor.py:186} INFO - Started process (PID=3015) to work on /home/airflow/.local/lib/python3.12/site-packages/airflow/example_dags/tutorial_taskflow_api.py
[2024-11-01T12:31:58.975+0000] {processor.py:914} INFO - Processing file /home/airflow/.local/lib/python3.12/site-packages/airflow/example_dags/tutorial_taskflow_api.py for tasks to queue
[2024-11-01T12:31:58.977+0000] {logging_mixin.py:190} INFO - [2024-11-01T12:31:58.977+0000] {dagbag.py:588} INFO - Filling up the DagBag from /home/airflow/.local/lib/python3.12/site-packages/airflow/example_dags/tutorial_taskflow_api.py
[2024-11-01T12:31:58.982+0000] {processor.py:925} INFO - DAG(s) 'tutorial_taskflow_api' retrieved from /home/airflow/.local/lib/python3.12/site-packages/airflow/example_dags/tutorial_taskflow_api.py
[2024-11-01T12:31:58.995+0000] {logging_mixin.py:190} INFO - [2024-11-01T12:31:58.995+0000] {dag.py:3239} INFO - Sync 1 DAGs
[2024-11-01T12:31:59.004+0000] {logging_mixin.py:190} INFO - [2024-11-01T12:31:59.004+0000] {dag.py:4180} INFO - Setting next_dagrun for tutorial_taskflow_api to None, run_after=None
[2024-11-01T12:31:59.017+0000] {processor.py:208} INFO - Processing /home/airflow/.local/lib/python3.12/site-packages/airflow/example_dags/tutorial_taskflow_api.py took 0.047 seconds
[2024-11-01T12:32:29.494+0000] {processor.py:186} INFO - Started process (PID=3080) to work on /home/airflow/.local/lib/python3.12/site-packages/airflow/example_dags/tutorial_taskflow_api.py
[2024-11-01T12:32:29.495+0000] {processor.py:914} INFO - Processing file /home/airflow/.local/lib/python3.12/site-packages/airflow/example_dags/tutorial_taskflow_api.py for tasks to queue
[2024-11-01T12:32:29.496+0000] {logging_mixin.py:190} INFO - [2024-11-01T12:32:29.496+0000] {dagbag.py:588} INFO - Filling up the DagBag from /home/airflow/.local/lib/python3.12/site-packages/airflow/example_dags/tutorial_taskflow_api.py
[2024-11-01T12:32:29.501+0000] {processor.py:925} INFO - DAG(s) 'tutorial_taskflow_api' retrieved from /home/airflow/.local/lib/python3.12/site-packages/airflow/example_dags/tutorial_taskflow_api.py
[2024-11-01T12:32:29.514+0000] {logging_mixin.py:190} INFO - [2024-11-01T12:32:29.514+0000] {dag.py:3239} INFO - Sync 1 DAGs
[2024-11-01T12:32:29.524+0000] {logging_mixin.py:190} INFO - [2024-11-01T12:32:29.524+0000] {dag.py:4180} INFO - Setting next_dagrun for tutorial_taskflow_api to None, run_after=None
[2024-11-01T12:32:29.537+0000] {processor.py:208} INFO - Processing /home/airflow/.local/lib/python3.12/site-packages/airflow/example_dags/tutorial_taskflow_api.py took 0.047 seconds
[2024-11-01T12:33:00.133+0000] {processor.py:186} INFO - Started process (PID=3145) to work on /home/airflow/.local/lib/python3.12/site-packages/airflow/example_dags/tutorial_taskflow_api.py
[2024-11-01T12:33:00.133+0000] {processor.py:914} INFO - Processing file /home/airflow/.local/lib/python3.12/site-packages/airflow/example_dags/tutorial_taskflow_api.py for tasks to queue
[2024-11-01T12:33:00.135+0000] {logging_mixin.py:190} INFO - [2024-11-01T12:33:00.134+0000] {dagbag.py:588} INFO - Filling up the DagBag from /home/airflow/.local/lib/python3.12/site-packages/airflow/example_dags/tutorial_taskflow_api.py
[2024-11-01T12:33:00.139+0000] {processor.py:925} INFO - DAG(s) 'tutorial_taskflow_api' retrieved from /home/airflow/.local/lib/python3.12/site-packages/airflow/example_dags/tutorial_taskflow_api.py
[2024-11-01T12:33:00.152+0000] {logging_mixin.py:190} INFO - [2024-11-01T12:33:00.152+0000] {dag.py:3239} INFO - Sync 1 DAGs
[2024-11-01T12:33:00.161+0000] {logging_mixin.py:190} INFO - [2024-11-01T12:33:00.161+0000] {dag.py:4180} INFO - Setting next_dagrun for tutorial_taskflow_api to None, run_after=None
[2024-11-01T12:33:00.175+0000] {processor.py:208} INFO - Processing /home/airflow/.local/lib/python3.12/site-packages/airflow/example_dags/tutorial_taskflow_api.py took 0.047 seconds
[2024-11-01T12:33:30.620+0000] {processor.py:186} INFO - Started process (PID=3210) to work on /home/airflow/.local/lib/python3.12/site-packages/airflow/example_dags/tutorial_taskflow_api.py
[2024-11-01T12:33:30.621+0000] {processor.py:914} INFO - Processing file /home/airflow/.local/lib/python3.12/site-packages/airflow/example_dags/tutorial_taskflow_api.py for tasks to queue
[2024-11-01T12:33:30.622+0000] {logging_mixin.py:190} INFO - [2024-11-01T12:33:30.622+0000] {dagbag.py:588} INFO - Filling up the DagBag from /home/airflow/.local/lib/python3.12/site-packages/airflow/example_dags/tutorial_taskflow_api.py
[2024-11-01T12:33:30.627+0000] {processor.py:925} INFO - DAG(s) 'tutorial_taskflow_api' retrieved from /home/airflow/.local/lib/python3.12/site-packages/airflow/example_dags/tutorial_taskflow_api.py
[2024-11-01T12:33:30.641+0000] {logging_mixin.py:190} INFO - [2024-11-01T12:33:30.640+0000] {dag.py:3239} INFO - Sync 1 DAGs
[2024-11-01T12:33:30.649+0000] {logging_mixin.py:190} INFO - [2024-11-01T12:33:30.649+0000] {dag.py:4180} INFO - Setting next_dagrun for tutorial_taskflow_api to None, run_after=None
[2024-11-01T12:33:30.664+0000] {processor.py:208} INFO - Processing /home/airflow/.local/lib/python3.12/site-packages/airflow/example_dags/tutorial_taskflow_api.py took 0.048 seconds
[2024-11-01T12:34:01.322+0000] {processor.py:186} INFO - Started process (PID=3275) to work on /home/airflow/.local/lib/python3.12/site-packages/airflow/example_dags/tutorial_taskflow_api.py
[2024-11-01T12:34:01.323+0000] {processor.py:914} INFO - Processing file /home/airflow/.local/lib/python3.12/site-packages/airflow/example_dags/tutorial_taskflow_api.py for tasks to queue
[2024-11-01T12:34:01.324+0000] {logging_mixin.py:190} INFO - [2024-11-01T12:34:01.324+0000] {dagbag.py:588} INFO - Filling up the DagBag from /home/airflow/.local/lib/python3.12/site-packages/airflow/example_dags/tutorial_taskflow_api.py
[2024-11-01T12:34:01.329+0000] {processor.py:925} INFO - DAG(s) 'tutorial_taskflow_api' retrieved from /home/airflow/.local/lib/python3.12/site-packages/airflow/example_dags/tutorial_taskflow_api.py
[2024-11-01T12:34:01.343+0000] {logging_mixin.py:190} INFO - [2024-11-01T12:34:01.342+0000] {dag.py:3239} INFO - Sync 1 DAGs
[2024-11-01T12:34:01.352+0000] {logging_mixin.py:190} INFO - [2024-11-01T12:34:01.352+0000] {dag.py:4180} INFO - Setting next_dagrun for tutorial_taskflow_api to None, run_after=None
[2024-11-01T12:34:01.366+0000] {processor.py:208} INFO - Processing /home/airflow/.local/lib/python3.12/site-packages/airflow/example_dags/tutorial_taskflow_api.py took 0.048 seconds
[2024-11-01T12:34:31.699+0000] {processor.py:186} INFO - Started process (PID=3340) to work on /home/airflow/.local/lib/python3.12/site-packages/airflow/example_dags/tutorial_taskflow_api.py
[2024-11-01T12:34:31.700+0000] {processor.py:914} INFO - Processing file /home/airflow/.local/lib/python3.12/site-packages/airflow/example_dags/tutorial_taskflow_api.py for tasks to queue
[2024-11-01T12:34:31.701+0000] {logging_mixin.py:190} INFO - [2024-11-01T12:34:31.701+0000] {dagbag.py:588} INFO - Filling up the DagBag from /home/airflow/.local/lib/python3.12/site-packages/airflow/example_dags/tutorial_taskflow_api.py
[2024-11-01T12:34:31.706+0000] {processor.py:925} INFO - DAG(s) 'tutorial_taskflow_api' retrieved from /home/airflow/.local/lib/python3.12/site-packages/airflow/example_dags/tutorial_taskflow_api.py
[2024-11-01T12:34:31.719+0000] {logging_mixin.py:190} INFO - [2024-11-01T12:34:31.719+0000] {dag.py:3239} INFO - Sync 1 DAGs
[2024-11-01T12:34:31.728+0000] {logging_mixin.py:190} INFO - [2024-11-01T12:34:31.727+0000] {dag.py:4180} INFO - Setting next_dagrun for tutorial_taskflow_api to None, run_after=None
[2024-11-01T12:34:31.741+0000] {processor.py:208} INFO - Processing /home/airflow/.local/lib/python3.12/site-packages/airflow/example_dags/tutorial_taskflow_api.py took 0.046 seconds
[2024-11-01T12:35:02.469+0000] {processor.py:186} INFO - Started process (PID=3405) to work on /home/airflow/.local/lib/python3.12/site-packages/airflow/example_dags/tutorial_taskflow_api.py
[2024-11-01T12:35:02.470+0000] {processor.py:914} INFO - Processing file /home/airflow/.local/lib/python3.12/site-packages/airflow/example_dags/tutorial_taskflow_api.py for tasks to queue
[2024-11-01T12:35:02.472+0000] {logging_mixin.py:190} INFO - [2024-11-01T12:35:02.471+0000] {dagbag.py:588} INFO - Filling up the DagBag from /home/airflow/.local/lib/python3.12/site-packages/airflow/example_dags/tutorial_taskflow_api.py
[2024-11-01T12:35:02.478+0000] {processor.py:925} INFO - DAG(s) 'tutorial_taskflow_api' retrieved from /home/airflow/.local/lib/python3.12/site-packages/airflow/example_dags/tutorial_taskflow_api.py
[2024-11-01T12:35:02.492+0000] {logging_mixin.py:190} INFO - [2024-11-01T12:35:02.492+0000] {dag.py:3239} INFO - Sync 1 DAGs
[2024-11-01T12:35:02.502+0000] {logging_mixin.py:190} INFO - [2024-11-01T12:35:02.502+0000] {dag.py:4180} INFO - Setting next_dagrun for tutorial_taskflow_api to None, run_after=None
[2024-11-01T12:35:02.520+0000] {processor.py:208} INFO - Processing /home/airflow/.local/lib/python3.12/site-packages/airflow/example_dags/tutorial_taskflow_api.py took 0.054 seconds
[2024-11-01T12:35:33.042+0000] {processor.py:186} INFO - Started process (PID=3470) to work on /home/airflow/.local/lib/python3.12/site-packages/airflow/example_dags/tutorial_taskflow_api.py
[2024-11-01T12:35:33.043+0000] {processor.py:914} INFO - Processing file /home/airflow/.local/lib/python3.12/site-packages/airflow/example_dags/tutorial_taskflow_api.py for tasks to queue
[2024-11-01T12:35:33.044+0000] {logging_mixin.py:190} INFO - [2024-11-01T12:35:33.044+0000] {dagbag.py:588} INFO - Filling up the DagBag from /home/airflow/.local/lib/python3.12/site-packages/airflow/example_dags/tutorial_taskflow_api.py
[2024-11-01T12:35:33.049+0000] {processor.py:925} INFO - DAG(s) 'tutorial_taskflow_api' retrieved from /home/airflow/.local/lib/python3.12/site-packages/airflow/example_dags/tutorial_taskflow_api.py
[2024-11-01T12:35:33.062+0000] {logging_mixin.py:190} INFO - [2024-11-01T12:35:33.061+0000] {dag.py:3239} INFO - Sync 1 DAGs
[2024-11-01T12:35:33.070+0000] {logging_mixin.py:190} INFO - [2024-11-01T12:35:33.070+0000] {dag.py:4180} INFO - Setting next_dagrun for tutorial_taskflow_api to None, run_after=None
[2024-11-01T12:35:33.083+0000] {processor.py:208} INFO - Processing /home/airflow/.local/lib/python3.12/site-packages/airflow/example_dags/tutorial_taskflow_api.py took 0.045 seconds
[2024-11-01T12:36:03.189+0000] {processor.py:186} INFO - Started process (PID=3536) to work on /home/airflow/.local/lib/python3.12/site-packages/airflow/example_dags/tutorial_taskflow_api.py
[2024-11-01T12:36:03.190+0000] {processor.py:914} INFO - Processing file /home/airflow/.local/lib/python3.12/site-packages/airflow/example_dags/tutorial_taskflow_api.py for tasks to queue
[2024-11-01T12:36:03.191+0000] {logging_mixin.py:190} INFO - [2024-11-01T12:36:03.191+0000] {dagbag.py:588} INFO - Filling up the DagBag from /home/airflow/.local/lib/python3.12/site-packages/airflow/example_dags/tutorial_taskflow_api.py
[2024-11-01T12:36:03.196+0000] {processor.py:925} INFO - DAG(s) 'tutorial_taskflow_api' retrieved from /home/airflow/.local/lib/python3.12/site-packages/airflow/example_dags/tutorial_taskflow_api.py
[2024-11-01T12:36:03.210+0000] {logging_mixin.py:190} INFO - [2024-11-01T12:36:03.210+0000] {dag.py:3239} INFO - Sync 1 DAGs
[2024-11-01T12:36:03.220+0000] {logging_mixin.py:190} INFO - [2024-11-01T12:36:03.220+0000] {dag.py:4180} INFO - Setting next_dagrun for tutorial_taskflow_api to None, run_after=None
[2024-11-01T12:36:03.236+0000] {processor.py:208} INFO - Processing /home/airflow/.local/lib/python3.12/site-packages/airflow/example_dags/tutorial_taskflow_api.py took 0.051 seconds
[2024-11-01T12:36:33.361+0000] {processor.py:186} INFO - Started process (PID=3601) to work on /home/airflow/.local/lib/python3.12/site-packages/airflow/example_dags/tutorial_taskflow_api.py
[2024-11-01T12:36:33.362+0000] {processor.py:914} INFO - Processing file /home/airflow/.local/lib/python3.12/site-packages/airflow/example_dags/tutorial_taskflow_api.py for tasks to queue
[2024-11-01T12:36:33.363+0000] {logging_mixin.py:190} INFO - [2024-11-01T12:36:33.363+0000] {dagbag.py:588} INFO - Filling up the DagBag from /home/airflow/.local/lib/python3.12/site-packages/airflow/example_dags/tutorial_taskflow_api.py
[2024-11-01T12:36:33.368+0000] {processor.py:925} INFO - DAG(s) 'tutorial_taskflow_api' retrieved from /home/airflow/.local/lib/python3.12/site-packages/airflow/example_dags/tutorial_taskflow_api.py
[2024-11-01T12:36:33.382+0000] {logging_mixin.py:190} INFO - [2024-11-01T12:36:33.382+0000] {dag.py:3239} INFO - Sync 1 DAGs
[2024-11-01T12:36:33.391+0000] {logging_mixin.py:190} INFO - [2024-11-01T12:36:33.391+0000] {dag.py:4180} INFO - Setting next_dagrun for tutorial_taskflow_api to None, run_after=None
[2024-11-01T12:36:33.404+0000] {processor.py:208} INFO - Processing /home/airflow/.local/lib/python3.12/site-packages/airflow/example_dags/tutorial_taskflow_api.py took 0.048 seconds
[2024-11-01T12:37:04.100+0000] {processor.py:186} INFO - Started process (PID=3666) to work on /home/airflow/.local/lib/python3.12/site-packages/airflow/example_dags/tutorial_taskflow_api.py
[2024-11-01T12:37:04.101+0000] {processor.py:914} INFO - Processing file /home/airflow/.local/lib/python3.12/site-packages/airflow/example_dags/tutorial_taskflow_api.py for tasks to queue
[2024-11-01T12:37:04.102+0000] {logging_mixin.py:190} INFO - [2024-11-01T12:37:04.102+0000] {dagbag.py:588} INFO - Filling up the DagBag from /home/airflow/.local/lib/python3.12/site-packages/airflow/example_dags/tutorial_taskflow_api.py
[2024-11-01T12:37:04.107+0000] {processor.py:925} INFO - DAG(s) 'tutorial_taskflow_api' retrieved from /home/airflow/.local/lib/python3.12/site-packages/airflow/example_dags/tutorial_taskflow_api.py
[2024-11-01T12:37:04.119+0000] {logging_mixin.py:190} INFO - [2024-11-01T12:37:04.119+0000] {dag.py:3239} INFO - Sync 1 DAGs
[2024-11-01T12:37:04.129+0000] {logging_mixin.py:190} INFO - [2024-11-01T12:37:04.128+0000] {dag.py:4180} INFO - Setting next_dagrun for tutorial_taskflow_api to None, run_after=None
[2024-11-01T12:37:04.142+0000] {processor.py:208} INFO - Processing /home/airflow/.local/lib/python3.12/site-packages/airflow/example_dags/tutorial_taskflow_api.py took 0.045 seconds
[2024-11-01T12:37:34.195+0000] {processor.py:186} INFO - Started process (PID=3730) to work on /home/airflow/.local/lib/python3.12/site-packages/airflow/example_dags/tutorial_taskflow_api.py
[2024-11-01T12:37:34.196+0000] {processor.py:914} INFO - Processing file /home/airflow/.local/lib/python3.12/site-packages/airflow/example_dags/tutorial_taskflow_api.py for tasks to queue
[2024-11-01T12:37:34.197+0000] {logging_mixin.py:190} INFO - [2024-11-01T12:37:34.197+0000] {dagbag.py:588} INFO - Filling up the DagBag from /home/airflow/.local/lib/python3.12/site-packages/airflow/example_dags/tutorial_taskflow_api.py
[2024-11-01T12:37:34.202+0000] {processor.py:925} INFO - DAG(s) 'tutorial_taskflow_api' retrieved from /home/airflow/.local/lib/python3.12/site-packages/airflow/example_dags/tutorial_taskflow_api.py
[2024-11-01T12:37:34.216+0000] {logging_mixin.py:190} INFO - [2024-11-01T12:37:34.215+0000] {dag.py:3239} INFO - Sync 1 DAGs
[2024-11-01T12:37:34.224+0000] {logging_mixin.py:190} INFO - [2024-11-01T12:37:34.224+0000] {dag.py:4180} INFO - Setting next_dagrun for tutorial_taskflow_api to None, run_after=None
[2024-11-01T12:37:34.239+0000] {processor.py:208} INFO - Processing /home/airflow/.local/lib/python3.12/site-packages/airflow/example_dags/tutorial_taskflow_api.py took 0.048 seconds
[2024-11-01T12:38:05.068+0000] {processor.py:186} INFO - Started process (PID=3795) to work on /home/airflow/.local/lib/python3.12/site-packages/airflow/example_dags/tutorial_taskflow_api.py
[2024-11-01T12:38:05.069+0000] {processor.py:914} INFO - Processing file /home/airflow/.local/lib/python3.12/site-packages/airflow/example_dags/tutorial_taskflow_api.py for tasks to queue
[2024-11-01T12:38:05.070+0000] {logging_mixin.py:190} INFO - [2024-11-01T12:38:05.070+0000] {dagbag.py:588} INFO - Filling up the DagBag from /home/airflow/.local/lib/python3.12/site-packages/airflow/example_dags/tutorial_taskflow_api.py
[2024-11-01T12:38:05.076+0000] {processor.py:925} INFO - DAG(s) 'tutorial_taskflow_api' retrieved from /home/airflow/.local/lib/python3.12/site-packages/airflow/example_dags/tutorial_taskflow_api.py
[2024-11-01T12:38:05.089+0000] {logging_mixin.py:190} INFO - [2024-11-01T12:38:05.088+0000] {dag.py:3239} INFO - Sync 1 DAGs
[2024-11-01T12:38:05.099+0000] {logging_mixin.py:190} INFO - [2024-11-01T12:38:05.099+0000] {dag.py:4180} INFO - Setting next_dagrun for tutorial_taskflow_api to None, run_after=None
[2024-11-01T12:38:05.116+0000] {processor.py:208} INFO - Processing /home/airflow/.local/lib/python3.12/site-packages/airflow/example_dags/tutorial_taskflow_api.py took 0.052 seconds
[2024-11-01T12:38:35.697+0000] {processor.py:186} INFO - Started process (PID=3866) to work on /home/airflow/.local/lib/python3.12/site-packages/airflow/example_dags/tutorial_taskflow_api.py
[2024-11-01T12:38:35.698+0000] {processor.py:914} INFO - Processing file /home/airflow/.local/lib/python3.12/site-packages/airflow/example_dags/tutorial_taskflow_api.py for tasks to queue
[2024-11-01T12:38:35.699+0000] {logging_mixin.py:190} INFO - [2024-11-01T12:38:35.699+0000] {dagbag.py:588} INFO - Filling up the DagBag from /home/airflow/.local/lib/python3.12/site-packages/airflow/example_dags/tutorial_taskflow_api.py
[2024-11-01T12:38:35.704+0000] {processor.py:925} INFO - DAG(s) 'tutorial_taskflow_api' retrieved from /home/airflow/.local/lib/python3.12/site-packages/airflow/example_dags/tutorial_taskflow_api.py
[2024-11-01T12:38:35.718+0000] {logging_mixin.py:190} INFO - [2024-11-01T12:38:35.718+0000] {dag.py:3239} INFO - Sync 1 DAGs
[2024-11-01T12:38:35.727+0000] {logging_mixin.py:190} INFO - [2024-11-01T12:38:35.727+0000] {dag.py:4180} INFO - Setting next_dagrun for tutorial_taskflow_api to None, run_after=None
[2024-11-01T12:38:35.740+0000] {processor.py:208} INFO - Processing /home/airflow/.local/lib/python3.12/site-packages/airflow/example_dags/tutorial_taskflow_api.py took 0.047 seconds
[2024-11-01T12:39:06.325+0000] {processor.py:186} INFO - Started process (PID=3931) to work on /home/airflow/.local/lib/python3.12/site-packages/airflow/example_dags/tutorial_taskflow_api.py
[2024-11-01T12:39:06.326+0000] {processor.py:914} INFO - Processing file /home/airflow/.local/lib/python3.12/site-packages/airflow/example_dags/tutorial_taskflow_api.py for tasks to queue
[2024-11-01T12:39:06.327+0000] {logging_mixin.py:190} INFO - [2024-11-01T12:39:06.327+0000] {dagbag.py:588} INFO - Filling up the DagBag from /home/airflow/.local/lib/python3.12/site-packages/airflow/example_dags/tutorial_taskflow_api.py
[2024-11-01T12:39:06.332+0000] {processor.py:925} INFO - DAG(s) 'tutorial_taskflow_api' retrieved from /home/airflow/.local/lib/python3.12/site-packages/airflow/example_dags/tutorial_taskflow_api.py
[2024-11-01T12:39:06.345+0000] {logging_mixin.py:190} INFO - [2024-11-01T12:39:06.344+0000] {dag.py:3239} INFO - Sync 1 DAGs
[2024-11-01T12:39:06.353+0000] {logging_mixin.py:190} INFO - [2024-11-01T12:39:06.353+0000] {dag.py:4180} INFO - Setting next_dagrun for tutorial_taskflow_api to None, run_after=None
[2024-11-01T12:39:06.368+0000] {processor.py:208} INFO - Processing /home/airflow/.local/lib/python3.12/site-packages/airflow/example_dags/tutorial_taskflow_api.py took 0.047 seconds
[2024-11-01T12:39:36.968+0000] {processor.py:186} INFO - Started process (PID=3996) to work on /home/airflow/.local/lib/python3.12/site-packages/airflow/example_dags/tutorial_taskflow_api.py
[2024-11-01T12:39:36.969+0000] {processor.py:914} INFO - Processing file /home/airflow/.local/lib/python3.12/site-packages/airflow/example_dags/tutorial_taskflow_api.py for tasks to queue
[2024-11-01T12:39:36.970+0000] {logging_mixin.py:190} INFO - [2024-11-01T12:39:36.970+0000] {dagbag.py:588} INFO - Filling up the DagBag from /home/airflow/.local/lib/python3.12/site-packages/airflow/example_dags/tutorial_taskflow_api.py
[2024-11-01T12:39:36.975+0000] {processor.py:925} INFO - DAG(s) 'tutorial_taskflow_api' retrieved from /home/airflow/.local/lib/python3.12/site-packages/airflow/example_dags/tutorial_taskflow_api.py
[2024-11-01T12:39:36.990+0000] {logging_mixin.py:190} INFO - [2024-11-01T12:39:36.990+0000] {dag.py:3239} INFO - Sync 1 DAGs
[2024-11-01T12:39:37.002+0000] {logging_mixin.py:190} INFO - [2024-11-01T12:39:37.002+0000] {dag.py:4180} INFO - Setting next_dagrun for tutorial_taskflow_api to None, run_after=None
[2024-11-01T12:39:37.018+0000] {processor.py:208} INFO - Processing /home/airflow/.local/lib/python3.12/site-packages/airflow/example_dags/tutorial_taskflow_api.py took 0.054 seconds
[2024-11-01T12:40:07.392+0000] {processor.py:186} INFO - Started process (PID=4061) to work on /home/airflow/.local/lib/python3.12/site-packages/airflow/example_dags/tutorial_taskflow_api.py
[2024-11-01T12:40:07.392+0000] {processor.py:914} INFO - Processing file /home/airflow/.local/lib/python3.12/site-packages/airflow/example_dags/tutorial_taskflow_api.py for tasks to queue
[2024-11-01T12:40:07.393+0000] {logging_mixin.py:190} INFO - [2024-11-01T12:40:07.393+0000] {dagbag.py:588} INFO - Filling up the DagBag from /home/airflow/.local/lib/python3.12/site-packages/airflow/example_dags/tutorial_taskflow_api.py
[2024-11-01T12:40:07.398+0000] {processor.py:925} INFO - DAG(s) 'tutorial_taskflow_api' retrieved from /home/airflow/.local/lib/python3.12/site-packages/airflow/example_dags/tutorial_taskflow_api.py
[2024-11-01T12:40:07.411+0000] {logging_mixin.py:190} INFO - [2024-11-01T12:40:07.411+0000] {dag.py:3239} INFO - Sync 1 DAGs
[2024-11-01T12:40:07.420+0000] {logging_mixin.py:190} INFO - [2024-11-01T12:40:07.420+0000] {dag.py:4180} INFO - Setting next_dagrun for tutorial_taskflow_api to None, run_after=None
[2024-11-01T12:40:07.434+0000] {processor.py:208} INFO - Processing /home/airflow/.local/lib/python3.12/site-packages/airflow/example_dags/tutorial_taskflow_api.py took 0.047 seconds
[2024-11-01T12:40:37.991+0000] {processor.py:186} INFO - Started process (PID=4126) to work on /home/airflow/.local/lib/python3.12/site-packages/airflow/example_dags/tutorial_taskflow_api.py
[2024-11-01T12:40:37.991+0000] {processor.py:914} INFO - Processing file /home/airflow/.local/lib/python3.12/site-packages/airflow/example_dags/tutorial_taskflow_api.py for tasks to queue
[2024-11-01T12:40:37.993+0000] {logging_mixin.py:190} INFO - [2024-11-01T12:40:37.993+0000] {dagbag.py:588} INFO - Filling up the DagBag from /home/airflow/.local/lib/python3.12/site-packages/airflow/example_dags/tutorial_taskflow_api.py
[2024-11-01T12:40:37.998+0000] {processor.py:925} INFO - DAG(s) 'tutorial_taskflow_api' retrieved from /home/airflow/.local/lib/python3.12/site-packages/airflow/example_dags/tutorial_taskflow_api.py
[2024-11-01T12:40:38.011+0000] {logging_mixin.py:190} INFO - [2024-11-01T12:40:38.011+0000] {dag.py:3239} INFO - Sync 1 DAGs
[2024-11-01T12:40:38.020+0000] {logging_mixin.py:190} INFO - [2024-11-01T12:40:38.020+0000] {dag.py:4180} INFO - Setting next_dagrun for tutorial_taskflow_api to None, run_after=None
[2024-11-01T12:40:38.033+0000] {processor.py:208} INFO - Processing /home/airflow/.local/lib/python3.12/site-packages/airflow/example_dags/tutorial_taskflow_api.py took 0.046 seconds
[2024-11-01T12:41:08.914+0000] {processor.py:186} INFO - Started process (PID=4191) to work on /home/airflow/.local/lib/python3.12/site-packages/airflow/example_dags/tutorial_taskflow_api.py
[2024-11-01T12:41:08.915+0000] {processor.py:914} INFO - Processing file /home/airflow/.local/lib/python3.12/site-packages/airflow/example_dags/tutorial_taskflow_api.py for tasks to queue
[2024-11-01T12:41:08.917+0000] {logging_mixin.py:190} INFO - [2024-11-01T12:41:08.916+0000] {dagbag.py:588} INFO - Filling up the DagBag from /home/airflow/.local/lib/python3.12/site-packages/airflow/example_dags/tutorial_taskflow_api.py
[2024-11-01T12:41:08.924+0000] {processor.py:925} INFO - DAG(s) 'tutorial_taskflow_api' retrieved from /home/airflow/.local/lib/python3.12/site-packages/airflow/example_dags/tutorial_taskflow_api.py
[2024-11-01T12:41:08.938+0000] {logging_mixin.py:190} INFO - [2024-11-01T12:41:08.937+0000] {dag.py:3239} INFO - Sync 1 DAGs
[2024-11-01T12:41:08.947+0000] {logging_mixin.py:190} INFO - [2024-11-01T12:41:08.947+0000] {dag.py:4180} INFO - Setting next_dagrun for tutorial_taskflow_api to None, run_after=None
[2024-11-01T12:41:08.961+0000] {processor.py:208} INFO - Processing /home/airflow/.local/lib/python3.12/site-packages/airflow/example_dags/tutorial_taskflow_api.py took 0.052 seconds
[2024-11-01T12:41:39.727+0000] {processor.py:186} INFO - Started process (PID=4256) to work on /home/airflow/.local/lib/python3.12/site-packages/airflow/example_dags/tutorial_taskflow_api.py
[2024-11-01T12:41:39.727+0000] {processor.py:914} INFO - Processing file /home/airflow/.local/lib/python3.12/site-packages/airflow/example_dags/tutorial_taskflow_api.py for tasks to queue
[2024-11-01T12:41:39.729+0000] {logging_mixin.py:190} INFO - [2024-11-01T12:41:39.728+0000] {dagbag.py:588} INFO - Filling up the DagBag from /home/airflow/.local/lib/python3.12/site-packages/airflow/example_dags/tutorial_taskflow_api.py
[2024-11-01T12:41:39.734+0000] {processor.py:925} INFO - DAG(s) 'tutorial_taskflow_api' retrieved from /home/airflow/.local/lib/python3.12/site-packages/airflow/example_dags/tutorial_taskflow_api.py
[2024-11-01T12:41:39.750+0000] {logging_mixin.py:190} INFO - [2024-11-01T12:41:39.749+0000] {dag.py:3239} INFO - Sync 1 DAGs
[2024-11-01T12:41:39.760+0000] {logging_mixin.py:190} INFO - [2024-11-01T12:41:39.760+0000] {dag.py:4180} INFO - Setting next_dagrun for tutorial_taskflow_api to None, run_after=None
[2024-11-01T12:41:39.774+0000] {processor.py:208} INFO - Processing /home/airflow/.local/lib/python3.12/site-packages/airflow/example_dags/tutorial_taskflow_api.py took 0.053 seconds
[2024-11-01T12:42:10.458+0000] {processor.py:186} INFO - Started process (PID=4321) to work on /home/airflow/.local/lib/python3.12/site-packages/airflow/example_dags/tutorial_taskflow_api.py
[2024-11-01T12:42:10.459+0000] {processor.py:914} INFO - Processing file /home/airflow/.local/lib/python3.12/site-packages/airflow/example_dags/tutorial_taskflow_api.py for tasks to queue
[2024-11-01T12:42:10.461+0000] {logging_mixin.py:190} INFO - [2024-11-01T12:42:10.460+0000] {dagbag.py:588} INFO - Filling up the DagBag from /home/airflow/.local/lib/python3.12/site-packages/airflow/example_dags/tutorial_taskflow_api.py
[2024-11-01T12:42:10.466+0000] {processor.py:925} INFO - DAG(s) 'tutorial_taskflow_api' retrieved from /home/airflow/.local/lib/python3.12/site-packages/airflow/example_dags/tutorial_taskflow_api.py
[2024-11-01T12:42:10.482+0000] {logging_mixin.py:190} INFO - [2024-11-01T12:42:10.482+0000] {dag.py:3239} INFO - Sync 1 DAGs
[2024-11-01T12:42:10.496+0000] {logging_mixin.py:190} INFO - [2024-11-01T12:42:10.496+0000] {dag.py:4180} INFO - Setting next_dagrun for tutorial_taskflow_api to None, run_after=None
[2024-11-01T12:42:10.515+0000] {processor.py:208} INFO - Processing /home/airflow/.local/lib/python3.12/site-packages/airflow/example_dags/tutorial_taskflow_api.py took 0.061 seconds
[2024-11-01T12:42:40.581+0000] {processor.py:186} INFO - Started process (PID=4386) to work on /home/airflow/.local/lib/python3.12/site-packages/airflow/example_dags/tutorial_taskflow_api.py
[2024-11-01T12:42:40.581+0000] {processor.py:914} INFO - Processing file /home/airflow/.local/lib/python3.12/site-packages/airflow/example_dags/tutorial_taskflow_api.py for tasks to queue
[2024-11-01T12:42:40.583+0000] {logging_mixin.py:190} INFO - [2024-11-01T12:42:40.582+0000] {dagbag.py:588} INFO - Filling up the DagBag from /home/airflow/.local/lib/python3.12/site-packages/airflow/example_dags/tutorial_taskflow_api.py
[2024-11-01T12:42:40.588+0000] {processor.py:925} INFO - DAG(s) 'tutorial_taskflow_api' retrieved from /home/airflow/.local/lib/python3.12/site-packages/airflow/example_dags/tutorial_taskflow_api.py
[2024-11-01T12:42:40.602+0000] {logging_mixin.py:190} INFO - [2024-11-01T12:42:40.602+0000] {dag.py:3239} INFO - Sync 1 DAGs
[2024-11-01T12:42:40.612+0000] {logging_mixin.py:190} INFO - [2024-11-01T12:42:40.611+0000] {dag.py:4180} INFO - Setting next_dagrun for tutorial_taskflow_api to None, run_after=None
[2024-11-01T12:42:40.626+0000] {processor.py:208} INFO - Processing /home/airflow/.local/lib/python3.12/site-packages/airflow/example_dags/tutorial_taskflow_api.py took 0.049 seconds
[2024-11-01T12:43:11.144+0000] {processor.py:186} INFO - Started process (PID=4452) to work on /home/airflow/.local/lib/python3.12/site-packages/airflow/example_dags/tutorial_taskflow_api.py
[2024-11-01T12:43:11.145+0000] {processor.py:914} INFO - Processing file /home/airflow/.local/lib/python3.12/site-packages/airflow/example_dags/tutorial_taskflow_api.py for tasks to queue
[2024-11-01T12:43:11.147+0000] {logging_mixin.py:190} INFO - [2024-11-01T12:43:11.146+0000] {dagbag.py:588} INFO - Filling up the DagBag from /home/airflow/.local/lib/python3.12/site-packages/airflow/example_dags/tutorial_taskflow_api.py
[2024-11-01T12:43:11.152+0000] {processor.py:925} INFO - DAG(s) 'tutorial_taskflow_api' retrieved from /home/airflow/.local/lib/python3.12/site-packages/airflow/example_dags/tutorial_taskflow_api.py
[2024-11-01T12:43:11.167+0000] {logging_mixin.py:190} INFO - [2024-11-01T12:43:11.167+0000] {dag.py:3239} INFO - Sync 1 DAGs
[2024-11-01T12:43:11.178+0000] {logging_mixin.py:190} INFO - [2024-11-01T12:43:11.178+0000] {dag.py:4180} INFO - Setting next_dagrun for tutorial_taskflow_api to None, run_after=None
[2024-11-01T12:43:11.194+0000] {processor.py:208} INFO - Processing /home/airflow/.local/lib/python3.12/site-packages/airflow/example_dags/tutorial_taskflow_api.py took 0.054 seconds
[2024-11-01T12:43:42.026+0000] {processor.py:186} INFO - Started process (PID=4517) to work on /home/airflow/.local/lib/python3.12/site-packages/airflow/example_dags/tutorial_taskflow_api.py
[2024-11-01T12:43:42.027+0000] {processor.py:914} INFO - Processing file /home/airflow/.local/lib/python3.12/site-packages/airflow/example_dags/tutorial_taskflow_api.py for tasks to queue
[2024-11-01T12:43:42.028+0000] {logging_mixin.py:190} INFO - [2024-11-01T12:43:42.028+0000] {dagbag.py:588} INFO - Filling up the DagBag from /home/airflow/.local/lib/python3.12/site-packages/airflow/example_dags/tutorial_taskflow_api.py
[2024-11-01T12:43:42.033+0000] {processor.py:925} INFO - DAG(s) 'tutorial_taskflow_api' retrieved from /home/airflow/.local/lib/python3.12/site-packages/airflow/example_dags/tutorial_taskflow_api.py
[2024-11-01T12:43:42.047+0000] {logging_mixin.py:190} INFO - [2024-11-01T12:43:42.047+0000] {dag.py:3239} INFO - Sync 1 DAGs
[2024-11-01T12:43:42.057+0000] {logging_mixin.py:190} INFO - [2024-11-01T12:43:42.057+0000] {dag.py:4180} INFO - Setting next_dagrun for tutorial_taskflow_api to None, run_after=None
[2024-11-01T12:43:42.072+0000] {processor.py:208} INFO - Processing /home/airflow/.local/lib/python3.12/site-packages/airflow/example_dags/tutorial_taskflow_api.py took 0.050 seconds
[2024-11-01T12:44:12.446+0000] {processor.py:186} INFO - Started process (PID=4582) to work on /home/airflow/.local/lib/python3.12/site-packages/airflow/example_dags/tutorial_taskflow_api.py
[2024-11-01T12:44:12.447+0000] {processor.py:914} INFO - Processing file /home/airflow/.local/lib/python3.12/site-packages/airflow/example_dags/tutorial_taskflow_api.py for tasks to queue
[2024-11-01T12:44:12.448+0000] {logging_mixin.py:190} INFO - [2024-11-01T12:44:12.448+0000] {dagbag.py:588} INFO - Filling up the DagBag from /home/airflow/.local/lib/python3.12/site-packages/airflow/example_dags/tutorial_taskflow_api.py
[2024-11-01T12:44:12.453+0000] {processor.py:925} INFO - DAG(s) 'tutorial_taskflow_api' retrieved from /home/airflow/.local/lib/python3.12/site-packages/airflow/example_dags/tutorial_taskflow_api.py
[2024-11-01T12:44:12.466+0000] {logging_mixin.py:190} INFO - [2024-11-01T12:44:12.465+0000] {dag.py:3239} INFO - Sync 1 DAGs
[2024-11-01T12:44:12.475+0000] {logging_mixin.py:190} INFO - [2024-11-01T12:44:12.475+0000] {dag.py:4180} INFO - Setting next_dagrun for tutorial_taskflow_api to None, run_after=None
[2024-11-01T12:44:12.487+0000] {processor.py:208} INFO - Processing /home/airflow/.local/lib/python3.12/site-packages/airflow/example_dags/tutorial_taskflow_api.py took 0.045 seconds
[2024-11-01T12:44:42.751+0000] {processor.py:186} INFO - Started process (PID=4647) to work on /home/airflow/.local/lib/python3.12/site-packages/airflow/example_dags/tutorial_taskflow_api.py
[2024-11-01T12:44:42.752+0000] {processor.py:914} INFO - Processing file /home/airflow/.local/lib/python3.12/site-packages/airflow/example_dags/tutorial_taskflow_api.py for tasks to queue
[2024-11-01T12:44:42.754+0000] {logging_mixin.py:190} INFO - [2024-11-01T12:44:42.753+0000] {dagbag.py:588} INFO - Filling up the DagBag from /home/airflow/.local/lib/python3.12/site-packages/airflow/example_dags/tutorial_taskflow_api.py
[2024-11-01T12:44:42.762+0000] {processor.py:925} INFO - DAG(s) 'tutorial_taskflow_api' retrieved from /home/airflow/.local/lib/python3.12/site-packages/airflow/example_dags/tutorial_taskflow_api.py
[2024-11-01T12:44:42.782+0000] {logging_mixin.py:190} INFO - [2024-11-01T12:44:42.782+0000] {dag.py:3239} INFO - Sync 1 DAGs
[2024-11-01T12:44:42.795+0000] {logging_mixin.py:190} INFO - [2024-11-01T12:44:42.795+0000] {dag.py:4180} INFO - Setting next_dagrun for tutorial_taskflow_api to None, run_after=None
[2024-11-01T12:44:42.818+0000] {processor.py:208} INFO - Processing /home/airflow/.local/lib/python3.12/site-packages/airflow/example_dags/tutorial_taskflow_api.py took 0.071 seconds
[2024-11-01T12:45:14.032+0000] {processor.py:186} INFO - Started process (PID=4712) to work on /home/airflow/.local/lib/python3.12/site-packages/airflow/example_dags/tutorial_taskflow_api.py
[2024-11-01T12:45:14.034+0000] {processor.py:914} INFO - Processing file /home/airflow/.local/lib/python3.12/site-packages/airflow/example_dags/tutorial_taskflow_api.py for tasks to queue
[2024-11-01T12:45:14.037+0000] {logging_mixin.py:190} INFO - [2024-11-01T12:45:14.037+0000] {dagbag.py:588} INFO - Filling up the DagBag from /home/airflow/.local/lib/python3.12/site-packages/airflow/example_dags/tutorial_taskflow_api.py
[2024-11-01T12:45:14.050+0000] {processor.py:925} INFO - DAG(s) 'tutorial_taskflow_api' retrieved from /home/airflow/.local/lib/python3.12/site-packages/airflow/example_dags/tutorial_taskflow_api.py
[2024-11-01T12:45:14.085+0000] {logging_mixin.py:190} INFO - [2024-11-01T12:45:14.085+0000] {dag.py:3239} INFO - Sync 1 DAGs
[2024-11-01T12:45:14.113+0000] {logging_mixin.py:190} INFO - [2024-11-01T12:45:14.113+0000] {dag.py:4180} INFO - Setting next_dagrun for tutorial_taskflow_api to None, run_after=None
[2024-11-01T12:45:14.152+0000] {processor.py:208} INFO - Processing /home/airflow/.local/lib/python3.12/site-packages/airflow/example_dags/tutorial_taskflow_api.py took 0.130 seconds
[2024-11-01T12:45:45.112+0000] {processor.py:186} INFO - Started process (PID=4777) to work on /home/airflow/.local/lib/python3.12/site-packages/airflow/example_dags/tutorial_taskflow_api.py
[2024-11-01T12:45:45.112+0000] {processor.py:914} INFO - Processing file /home/airflow/.local/lib/python3.12/site-packages/airflow/example_dags/tutorial_taskflow_api.py for tasks to queue
[2024-11-01T12:45:45.114+0000] {logging_mixin.py:190} INFO - [2024-11-01T12:45:45.114+0000] {dagbag.py:588} INFO - Filling up the DagBag from /home/airflow/.local/lib/python3.12/site-packages/airflow/example_dags/tutorial_taskflow_api.py
[2024-11-01T12:45:45.120+0000] {processor.py:925} INFO - DAG(s) 'tutorial_taskflow_api' retrieved from /home/airflow/.local/lib/python3.12/site-packages/airflow/example_dags/tutorial_taskflow_api.py
[2024-11-01T12:45:45.136+0000] {logging_mixin.py:190} INFO - [2024-11-01T12:45:45.135+0000] {dag.py:3239} INFO - Sync 1 DAGs
[2024-11-01T12:45:45.147+0000] {logging_mixin.py:190} INFO - [2024-11-01T12:45:45.147+0000] {dag.py:4180} INFO - Setting next_dagrun for tutorial_taskflow_api to None, run_after=None
[2024-11-01T12:45:45.164+0000] {processor.py:208} INFO - Processing /home/airflow/.local/lib/python3.12/site-packages/airflow/example_dags/tutorial_taskflow_api.py took 0.058 seconds
[2024-11-01T12:46:15.220+0000] {processor.py:186} INFO - Started process (PID=4842) to work on /home/airflow/.local/lib/python3.12/site-packages/airflow/example_dags/tutorial_taskflow_api.py
[2024-11-01T12:46:15.221+0000] {processor.py:914} INFO - Processing file /home/airflow/.local/lib/python3.12/site-packages/airflow/example_dags/tutorial_taskflow_api.py for tasks to queue
[2024-11-01T12:46:15.222+0000] {logging_mixin.py:190} INFO - [2024-11-01T12:46:15.222+0000] {dagbag.py:588} INFO - Filling up the DagBag from /home/airflow/.local/lib/python3.12/site-packages/airflow/example_dags/tutorial_taskflow_api.py
[2024-11-01T12:46:15.228+0000] {processor.py:925} INFO - DAG(s) 'tutorial_taskflow_api' retrieved from /home/airflow/.local/lib/python3.12/site-packages/airflow/example_dags/tutorial_taskflow_api.py
[2024-11-01T12:46:15.245+0000] {logging_mixin.py:190} INFO - [2024-11-01T12:46:15.245+0000] {dag.py:3239} INFO - Sync 1 DAGs
[2024-11-01T12:46:15.257+0000] {logging_mixin.py:190} INFO - [2024-11-01T12:46:15.257+0000] {dag.py:4180} INFO - Setting next_dagrun for tutorial_taskflow_api to None, run_after=None
[2024-11-01T12:46:15.273+0000] {processor.py:208} INFO - Processing /home/airflow/.local/lib/python3.12/site-packages/airflow/example_dags/tutorial_taskflow_api.py took 0.059 seconds
[2024-11-01T12:46:45.487+0000] {processor.py:186} INFO - Started process (PID=4907) to work on /home/airflow/.local/lib/python3.12/site-packages/airflow/example_dags/tutorial_taskflow_api.py
[2024-11-01T12:46:45.488+0000] {processor.py:914} INFO - Processing file /home/airflow/.local/lib/python3.12/site-packages/airflow/example_dags/tutorial_taskflow_api.py for tasks to queue
[2024-11-01T12:46:45.490+0000] {logging_mixin.py:190} INFO - [2024-11-01T12:46:45.490+0000] {dagbag.py:588} INFO - Filling up the DagBag from /home/airflow/.local/lib/python3.12/site-packages/airflow/example_dags/tutorial_taskflow_api.py
[2024-11-01T12:46:45.497+0000] {processor.py:925} INFO - DAG(s) 'tutorial_taskflow_api' retrieved from /home/airflow/.local/lib/python3.12/site-packages/airflow/example_dags/tutorial_taskflow_api.py
[2024-11-01T12:46:45.510+0000] {logging_mixin.py:190} INFO - [2024-11-01T12:46:45.510+0000] {dag.py:3239} INFO - Sync 1 DAGs
[2024-11-01T12:46:45.520+0000] {logging_mixin.py:190} INFO - [2024-11-01T12:46:45.520+0000] {dag.py:4180} INFO - Setting next_dagrun for tutorial_taskflow_api to None, run_after=None
[2024-11-01T12:46:45.534+0000] {processor.py:208} INFO - Processing /home/airflow/.local/lib/python3.12/site-packages/airflow/example_dags/tutorial_taskflow_api.py took 0.051 seconds
[2024-11-01T14:19:48.754+0000] {processor.py:186} INFO - Started process (PID=104) to work on /home/airflow/.local/lib/python3.12/site-packages/airflow/example_dags/tutorial_taskflow_api.py
[2024-11-01T14:19:48.755+0000] {processor.py:914} INFO - Processing file /home/airflow/.local/lib/python3.12/site-packages/airflow/example_dags/tutorial_taskflow_api.py for tasks to queue
[2024-11-01T14:19:48.757+0000] {logging_mixin.py:190} INFO - [2024-11-01T14:19:48.756+0000] {dagbag.py:588} INFO - Filling up the DagBag from /home/airflow/.local/lib/python3.12/site-packages/airflow/example_dags/tutorial_taskflow_api.py
[2024-11-01T14:19:48.763+0000] {processor.py:925} INFO - DAG(s) 'tutorial_taskflow_api' retrieved from /home/airflow/.local/lib/python3.12/site-packages/airflow/example_dags/tutorial_taskflow_api.py
[2024-11-01T14:19:48.780+0000] {logging_mixin.py:190} INFO - [2024-11-01T14:19:48.780+0000] {dag.py:3239} INFO - Sync 1 DAGs
[2024-11-01T14:19:48.791+0000] {logging_mixin.py:190} INFO - [2024-11-01T14:19:48.791+0000] {dag.py:4180} INFO - Setting next_dagrun for tutorial_taskflow_api to None, run_after=None
[2024-11-01T14:19:48.810+0000] {processor.py:208} INFO - Processing /home/airflow/.local/lib/python3.12/site-packages/airflow/example_dags/tutorial_taskflow_api.py took 0.061 seconds
[2024-11-01T14:20:21.177+0000] {processor.py:186} INFO - Started process (PID=169) to work on /home/airflow/.local/lib/python3.12/site-packages/airflow/example_dags/tutorial_taskflow_api.py
[2024-11-01T14:20:21.179+0000] {processor.py:914} INFO - Processing file /home/airflow/.local/lib/python3.12/site-packages/airflow/example_dags/tutorial_taskflow_api.py for tasks to queue
[2024-11-01T14:20:21.183+0000] {logging_mixin.py:190} INFO - [2024-11-01T14:20:21.182+0000] {dagbag.py:588} INFO - Filling up the DagBag from /home/airflow/.local/lib/python3.12/site-packages/airflow/example_dags/tutorial_taskflow_api.py
[2024-11-01T14:20:21.196+0000] {processor.py:925} INFO - DAG(s) 'tutorial_taskflow_api' retrieved from /home/airflow/.local/lib/python3.12/site-packages/airflow/example_dags/tutorial_taskflow_api.py
[2024-11-01T14:20:21.238+0000] {logging_mixin.py:190} INFO - [2024-11-01T14:20:21.238+0000] {dag.py:3239} INFO - Sync 1 DAGs
[2024-11-01T14:20:21.278+0000] {logging_mixin.py:190} INFO - [2024-11-01T14:20:21.277+0000] {dag.py:4180} INFO - Setting next_dagrun for tutorial_taskflow_api to None, run_after=None
[2024-11-01T14:20:21.329+0000] {processor.py:208} INFO - Processing /home/airflow/.local/lib/python3.12/site-packages/airflow/example_dags/tutorial_taskflow_api.py took 0.168 seconds
[2024-11-01T14:22:29.082+0000] {processor.py:186} INFO - Started process (PID=234) to work on /home/airflow/.local/lib/python3.12/site-packages/airflow/example_dags/tutorial_taskflow_api.py
[2024-11-01T14:22:29.083+0000] {processor.py:914} INFO - Processing file /home/airflow/.local/lib/python3.12/site-packages/airflow/example_dags/tutorial_taskflow_api.py for tasks to queue
[2024-11-01T14:22:29.085+0000] {logging_mixin.py:190} INFO - [2024-11-01T14:22:29.084+0000] {dagbag.py:588} INFO - Filling up the DagBag from /home/airflow/.local/lib/python3.12/site-packages/airflow/example_dags/tutorial_taskflow_api.py
[2024-11-01T14:22:29.091+0000] {processor.py:925} INFO - DAG(s) 'tutorial_taskflow_api' retrieved from /home/airflow/.local/lib/python3.12/site-packages/airflow/example_dags/tutorial_taskflow_api.py
[2024-11-01T14:22:29.105+0000] {logging_mixin.py:190} INFO - [2024-11-01T14:22:29.104+0000] {dag.py:3239} INFO - Sync 1 DAGs
[2024-11-01T14:22:29.116+0000] {logging_mixin.py:190} INFO - [2024-11-01T14:22:29.116+0000] {dag.py:4180} INFO - Setting next_dagrun for tutorial_taskflow_api to None, run_after=None
[2024-11-01T14:22:29.131+0000] {processor.py:208} INFO - Processing /home/airflow/.local/lib/python3.12/site-packages/airflow/example_dags/tutorial_taskflow_api.py took 0.053 seconds
[2024-11-01T14:22:59.591+0000] {processor.py:186} INFO - Started process (PID=299) to work on /home/airflow/.local/lib/python3.12/site-packages/airflow/example_dags/tutorial_taskflow_api.py
[2024-11-01T14:22:59.591+0000] {processor.py:914} INFO - Processing file /home/airflow/.local/lib/python3.12/site-packages/airflow/example_dags/tutorial_taskflow_api.py for tasks to queue
[2024-11-01T14:22:59.592+0000] {logging_mixin.py:190} INFO - [2024-11-01T14:22:59.592+0000] {dagbag.py:588} INFO - Filling up the DagBag from /home/airflow/.local/lib/python3.12/site-packages/airflow/example_dags/tutorial_taskflow_api.py
[2024-11-01T14:22:59.597+0000] {processor.py:925} INFO - DAG(s) 'tutorial_taskflow_api' retrieved from /home/airflow/.local/lib/python3.12/site-packages/airflow/example_dags/tutorial_taskflow_api.py
[2024-11-01T14:22:59.609+0000] {logging_mixin.py:190} INFO - [2024-11-01T14:22:59.609+0000] {dag.py:3239} INFO - Sync 1 DAGs
[2024-11-01T14:22:59.618+0000] {logging_mixin.py:190} INFO - [2024-11-01T14:22:59.618+0000] {dag.py:4180} INFO - Setting next_dagrun for tutorial_taskflow_api to None, run_after=None
[2024-11-01T14:22:59.632+0000] {processor.py:208} INFO - Processing /home/airflow/.local/lib/python3.12/site-packages/airflow/example_dags/tutorial_taskflow_api.py took 0.045 seconds
[2024-11-01T14:23:29.838+0000] {processor.py:186} INFO - Started process (PID=363) to work on /home/airflow/.local/lib/python3.12/site-packages/airflow/example_dags/tutorial_taskflow_api.py
[2024-11-01T14:23:29.838+0000] {processor.py:914} INFO - Processing file /home/airflow/.local/lib/python3.12/site-packages/airflow/example_dags/tutorial_taskflow_api.py for tasks to queue
[2024-11-01T14:23:29.839+0000] {logging_mixin.py:190} INFO - [2024-11-01T14:23:29.839+0000] {dagbag.py:588} INFO - Filling up the DagBag from /home/airflow/.local/lib/python3.12/site-packages/airflow/example_dags/tutorial_taskflow_api.py
[2024-11-01T14:23:29.845+0000] {processor.py:925} INFO - DAG(s) 'tutorial_taskflow_api' retrieved from /home/airflow/.local/lib/python3.12/site-packages/airflow/example_dags/tutorial_taskflow_api.py
[2024-11-01T14:23:29.862+0000] {logging_mixin.py:190} INFO - [2024-11-01T14:23:29.862+0000] {dag.py:3239} INFO - Sync 1 DAGs
[2024-11-01T14:23:29.878+0000] {logging_mixin.py:190} INFO - [2024-11-01T14:23:29.878+0000] {dag.py:4180} INFO - Setting next_dagrun for tutorial_taskflow_api to None, run_after=None
[2024-11-01T14:23:29.900+0000] {processor.py:208} INFO - Processing /home/airflow/.local/lib/python3.12/site-packages/airflow/example_dags/tutorial_taskflow_api.py took 0.066 seconds
[2024-11-01T14:24:00.376+0000] {processor.py:186} INFO - Started process (PID=428) to work on /home/airflow/.local/lib/python3.12/site-packages/airflow/example_dags/tutorial_taskflow_api.py
[2024-11-01T14:24:00.377+0000] {processor.py:914} INFO - Processing file /home/airflow/.local/lib/python3.12/site-packages/airflow/example_dags/tutorial_taskflow_api.py for tasks to queue
[2024-11-01T14:24:00.377+0000] {logging_mixin.py:190} INFO - [2024-11-01T14:24:00.377+0000] {dagbag.py:588} INFO - Filling up the DagBag from /home/airflow/.local/lib/python3.12/site-packages/airflow/example_dags/tutorial_taskflow_api.py
[2024-11-01T14:24:00.383+0000] {processor.py:925} INFO - DAG(s) 'tutorial_taskflow_api' retrieved from /home/airflow/.local/lib/python3.12/site-packages/airflow/example_dags/tutorial_taskflow_api.py
[2024-11-01T14:24:00.395+0000] {logging_mixin.py:190} INFO - [2024-11-01T14:24:00.395+0000] {dag.py:3239} INFO - Sync 1 DAGs
[2024-11-01T14:24:00.405+0000] {logging_mixin.py:190} INFO - [2024-11-01T14:24:00.405+0000] {dag.py:4180} INFO - Setting next_dagrun for tutorial_taskflow_api to None, run_after=None
[2024-11-01T14:24:00.419+0000] {processor.py:208} INFO - Processing /home/airflow/.local/lib/python3.12/site-packages/airflow/example_dags/tutorial_taskflow_api.py took 0.047 seconds
[2024-11-01T14:24:30.761+0000] {processor.py:186} INFO - Started process (PID=493) to work on /home/airflow/.local/lib/python3.12/site-packages/airflow/example_dags/tutorial_taskflow_api.py
[2024-11-01T14:24:30.762+0000] {processor.py:914} INFO - Processing file /home/airflow/.local/lib/python3.12/site-packages/airflow/example_dags/tutorial_taskflow_api.py for tasks to queue
[2024-11-01T14:24:30.762+0000] {logging_mixin.py:190} INFO - [2024-11-01T14:24:30.762+0000] {dagbag.py:588} INFO - Filling up the DagBag from /home/airflow/.local/lib/python3.12/site-packages/airflow/example_dags/tutorial_taskflow_api.py
[2024-11-01T14:24:30.768+0000] {processor.py:925} INFO - DAG(s) 'tutorial_taskflow_api' retrieved from /home/airflow/.local/lib/python3.12/site-packages/airflow/example_dags/tutorial_taskflow_api.py
[2024-11-01T14:24:30.781+0000] {logging_mixin.py:190} INFO - [2024-11-01T14:24:30.780+0000] {dag.py:3239} INFO - Sync 1 DAGs
[2024-11-01T14:24:30.790+0000] {logging_mixin.py:190} INFO - [2024-11-01T14:24:30.790+0000] {dag.py:4180} INFO - Setting next_dagrun for tutorial_taskflow_api to None, run_after=None
[2024-11-01T14:24:30.804+0000] {processor.py:208} INFO - Processing /home/airflow/.local/lib/python3.12/site-packages/airflow/example_dags/tutorial_taskflow_api.py took 0.047 seconds
[2024-11-01T14:25:01.268+0000] {processor.py:186} INFO - Started process (PID=558) to work on /home/airflow/.local/lib/python3.12/site-packages/airflow/example_dags/tutorial_taskflow_api.py
[2024-11-01T14:25:01.269+0000] {processor.py:914} INFO - Processing file /home/airflow/.local/lib/python3.12/site-packages/airflow/example_dags/tutorial_taskflow_api.py for tasks to queue
[2024-11-01T14:25:01.270+0000] {logging_mixin.py:190} INFO - [2024-11-01T14:25:01.269+0000] {dagbag.py:588} INFO - Filling up the DagBag from /home/airflow/.local/lib/python3.12/site-packages/airflow/example_dags/tutorial_taskflow_api.py
[2024-11-01T14:25:01.274+0000] {processor.py:925} INFO - DAG(s) 'tutorial_taskflow_api' retrieved from /home/airflow/.local/lib/python3.12/site-packages/airflow/example_dags/tutorial_taskflow_api.py
[2024-11-01T14:25:01.288+0000] {logging_mixin.py:190} INFO - [2024-11-01T14:25:01.288+0000] {dag.py:3239} INFO - Sync 1 DAGs
[2024-11-01T14:25:01.298+0000] {logging_mixin.py:190} INFO - [2024-11-01T14:25:01.297+0000] {dag.py:4180} INFO - Setting next_dagrun for tutorial_taskflow_api to None, run_after=None
[2024-11-01T14:25:01.312+0000] {processor.py:208} INFO - Processing /home/airflow/.local/lib/python3.12/site-packages/airflow/example_dags/tutorial_taskflow_api.py took 0.047 seconds
[2024-11-01T14:25:31.968+0000] {processor.py:186} INFO - Started process (PID=623) to work on /home/airflow/.local/lib/python3.12/site-packages/airflow/example_dags/tutorial_taskflow_api.py
[2024-11-01T14:25:31.969+0000] {processor.py:914} INFO - Processing file /home/airflow/.local/lib/python3.12/site-packages/airflow/example_dags/tutorial_taskflow_api.py for tasks to queue
[2024-11-01T14:25:31.969+0000] {logging_mixin.py:190} INFO - [2024-11-01T14:25:31.969+0000] {dagbag.py:588} INFO - Filling up the DagBag from /home/airflow/.local/lib/python3.12/site-packages/airflow/example_dags/tutorial_taskflow_api.py
[2024-11-01T14:25:31.975+0000] {processor.py:925} INFO - DAG(s) 'tutorial_taskflow_api' retrieved from /home/airflow/.local/lib/python3.12/site-packages/airflow/example_dags/tutorial_taskflow_api.py
[2024-11-01T14:25:31.991+0000] {logging_mixin.py:190} INFO - [2024-11-01T14:25:31.991+0000] {dag.py:3239} INFO - Sync 1 DAGs
[2024-11-01T14:25:32.004+0000] {logging_mixin.py:190} INFO - [2024-11-01T14:25:32.003+0000] {dag.py:4180} INFO - Setting next_dagrun for tutorial_taskflow_api to None, run_after=None
[2024-11-01T14:25:32.017+0000] {processor.py:208} INFO - Processing /home/airflow/.local/lib/python3.12/site-packages/airflow/example_dags/tutorial_taskflow_api.py took 0.053 seconds
[2024-11-01T14:26:02.555+0000] {processor.py:186} INFO - Started process (PID=688) to work on /home/airflow/.local/lib/python3.12/site-packages/airflow/example_dags/tutorial_taskflow_api.py
[2024-11-01T14:26:02.556+0000] {processor.py:914} INFO - Processing file /home/airflow/.local/lib/python3.12/site-packages/airflow/example_dags/tutorial_taskflow_api.py for tasks to queue
[2024-11-01T14:26:02.557+0000] {logging_mixin.py:190} INFO - [2024-11-01T14:26:02.557+0000] {dagbag.py:588} INFO - Filling up the DagBag from /home/airflow/.local/lib/python3.12/site-packages/airflow/example_dags/tutorial_taskflow_api.py
[2024-11-01T14:26:02.563+0000] {processor.py:925} INFO - DAG(s) 'tutorial_taskflow_api' retrieved from /home/airflow/.local/lib/python3.12/site-packages/airflow/example_dags/tutorial_taskflow_api.py
[2024-11-01T14:26:02.576+0000] {logging_mixin.py:190} INFO - [2024-11-01T14:26:02.576+0000] {dag.py:3239} INFO - Sync 1 DAGs
[2024-11-01T14:26:02.586+0000] {logging_mixin.py:190} INFO - [2024-11-01T14:26:02.586+0000] {dag.py:4180} INFO - Setting next_dagrun for tutorial_taskflow_api to None, run_after=None
[2024-11-01T14:26:02.599+0000] {processor.py:208} INFO - Processing /home/airflow/.local/lib/python3.12/site-packages/airflow/example_dags/tutorial_taskflow_api.py took 0.049 seconds
[2024-11-01T14:26:33.221+0000] {processor.py:186} INFO - Started process (PID=753) to work on /home/airflow/.local/lib/python3.12/site-packages/airflow/example_dags/tutorial_taskflow_api.py
[2024-11-01T14:26:33.222+0000] {processor.py:914} INFO - Processing file /home/airflow/.local/lib/python3.12/site-packages/airflow/example_dags/tutorial_taskflow_api.py for tasks to queue
[2024-11-01T14:26:33.223+0000] {logging_mixin.py:190} INFO - [2024-11-01T14:26:33.223+0000] {dagbag.py:588} INFO - Filling up the DagBag from /home/airflow/.local/lib/python3.12/site-packages/airflow/example_dags/tutorial_taskflow_api.py
[2024-11-01T14:26:33.228+0000] {processor.py:925} INFO - DAG(s) 'tutorial_taskflow_api' retrieved from /home/airflow/.local/lib/python3.12/site-packages/airflow/example_dags/tutorial_taskflow_api.py
[2024-11-01T14:26:33.242+0000] {logging_mixin.py:190} INFO - [2024-11-01T14:26:33.242+0000] {dag.py:3239} INFO - Sync 1 DAGs
[2024-11-01T14:26:33.252+0000] {logging_mixin.py:190} INFO - [2024-11-01T14:26:33.252+0000] {dag.py:4180} INFO - Setting next_dagrun for tutorial_taskflow_api to None, run_after=None
[2024-11-01T14:26:33.265+0000] {processor.py:208} INFO - Processing /home/airflow/.local/lib/python3.12/site-packages/airflow/example_dags/tutorial_taskflow_api.py took 0.048 seconds
[2024-11-01T14:27:03.836+0000] {processor.py:186} INFO - Started process (PID=818) to work on /home/airflow/.local/lib/python3.12/site-packages/airflow/example_dags/tutorial_taskflow_api.py
[2024-11-01T14:27:03.837+0000] {processor.py:914} INFO - Processing file /home/airflow/.local/lib/python3.12/site-packages/airflow/example_dags/tutorial_taskflow_api.py for tasks to queue
[2024-11-01T14:27:03.838+0000] {logging_mixin.py:190} INFO - [2024-11-01T14:27:03.838+0000] {dagbag.py:588} INFO - Filling up the DagBag from /home/airflow/.local/lib/python3.12/site-packages/airflow/example_dags/tutorial_taskflow_api.py
[2024-11-01T14:27:03.843+0000] {processor.py:925} INFO - DAG(s) 'tutorial_taskflow_api' retrieved from /home/airflow/.local/lib/python3.12/site-packages/airflow/example_dags/tutorial_taskflow_api.py
[2024-11-01T14:27:03.858+0000] {logging_mixin.py:190} INFO - [2024-11-01T14:27:03.858+0000] {dag.py:3239} INFO - Sync 1 DAGs
[2024-11-01T14:27:03.868+0000] {logging_mixin.py:190} INFO - [2024-11-01T14:27:03.868+0000] {dag.py:4180} INFO - Setting next_dagrun for tutorial_taskflow_api to None, run_after=None
[2024-11-01T14:27:03.882+0000] {processor.py:208} INFO - Processing /home/airflow/.local/lib/python3.12/site-packages/airflow/example_dags/tutorial_taskflow_api.py took 0.050 seconds
[2024-11-01T14:27:34.392+0000] {processor.py:186} INFO - Started process (PID=883) to work on /home/airflow/.local/lib/python3.12/site-packages/airflow/example_dags/tutorial_taskflow_api.py
[2024-11-01T14:27:34.393+0000] {processor.py:914} INFO - Processing file /home/airflow/.local/lib/python3.12/site-packages/airflow/example_dags/tutorial_taskflow_api.py for tasks to queue
[2024-11-01T14:27:34.394+0000] {logging_mixin.py:190} INFO - [2024-11-01T14:27:34.394+0000] {dagbag.py:588} INFO - Filling up the DagBag from /home/airflow/.local/lib/python3.12/site-packages/airflow/example_dags/tutorial_taskflow_api.py
[2024-11-01T14:27:34.399+0000] {processor.py:925} INFO - DAG(s) 'tutorial_taskflow_api' retrieved from /home/airflow/.local/lib/python3.12/site-packages/airflow/example_dags/tutorial_taskflow_api.py
[2024-11-01T14:27:34.411+0000] {logging_mixin.py:190} INFO - [2024-11-01T14:27:34.411+0000] {dag.py:3239} INFO - Sync 1 DAGs
[2024-11-01T14:27:34.421+0000] {logging_mixin.py:190} INFO - [2024-11-01T14:27:34.421+0000] {dag.py:4180} INFO - Setting next_dagrun for tutorial_taskflow_api to None, run_after=None
[2024-11-01T14:27:34.436+0000] {processor.py:208} INFO - Processing /home/airflow/.local/lib/python3.12/site-packages/airflow/example_dags/tutorial_taskflow_api.py took 0.047 seconds
[2024-11-01T14:28:05.116+0000] {processor.py:186} INFO - Started process (PID=948) to work on /home/airflow/.local/lib/python3.12/site-packages/airflow/example_dags/tutorial_taskflow_api.py
[2024-11-01T14:28:05.116+0000] {processor.py:914} INFO - Processing file /home/airflow/.local/lib/python3.12/site-packages/airflow/example_dags/tutorial_taskflow_api.py for tasks to queue
[2024-11-01T14:28:05.117+0000] {logging_mixin.py:190} INFO - [2024-11-01T14:28:05.117+0000] {dagbag.py:588} INFO - Filling up the DagBag from /home/airflow/.local/lib/python3.12/site-packages/airflow/example_dags/tutorial_taskflow_api.py
[2024-11-01T14:28:05.125+0000] {processor.py:925} INFO - DAG(s) 'tutorial_taskflow_api' retrieved from /home/airflow/.local/lib/python3.12/site-packages/airflow/example_dags/tutorial_taskflow_api.py
[2024-11-01T14:28:05.138+0000] {logging_mixin.py:190} INFO - [2024-11-01T14:28:05.138+0000] {dag.py:3239} INFO - Sync 1 DAGs
[2024-11-01T14:28:05.148+0000] {logging_mixin.py:190} INFO - [2024-11-01T14:28:05.148+0000] {dag.py:4180} INFO - Setting next_dagrun for tutorial_taskflow_api to None, run_after=None
[2024-11-01T14:28:05.161+0000] {processor.py:208} INFO - Processing /home/airflow/.local/lib/python3.12/site-packages/airflow/example_dags/tutorial_taskflow_api.py took 0.050 seconds
[2024-11-01T14:28:35.797+0000] {processor.py:186} INFO - Started process (PID=1013) to work on /home/airflow/.local/lib/python3.12/site-packages/airflow/example_dags/tutorial_taskflow_api.py
[2024-11-01T14:28:35.798+0000] {processor.py:914} INFO - Processing file /home/airflow/.local/lib/python3.12/site-packages/airflow/example_dags/tutorial_taskflow_api.py for tasks to queue
[2024-11-01T14:28:35.799+0000] {logging_mixin.py:190} INFO - [2024-11-01T14:28:35.799+0000] {dagbag.py:588} INFO - Filling up the DagBag from /home/airflow/.local/lib/python3.12/site-packages/airflow/example_dags/tutorial_taskflow_api.py
[2024-11-01T14:28:35.806+0000] {processor.py:925} INFO - DAG(s) 'tutorial_taskflow_api' retrieved from /home/airflow/.local/lib/python3.12/site-packages/airflow/example_dags/tutorial_taskflow_api.py
[2024-11-01T14:28:35.821+0000] {logging_mixin.py:190} INFO - [2024-11-01T14:28:35.821+0000] {dag.py:3239} INFO - Sync 1 DAGs
[2024-11-01T14:28:35.831+0000] {logging_mixin.py:190} INFO - [2024-11-01T14:28:35.831+0000] {dag.py:4180} INFO - Setting next_dagrun for tutorial_taskflow_api to None, run_after=None
[2024-11-01T14:28:35.846+0000] {processor.py:208} INFO - Processing /home/airflow/.local/lib/python3.12/site-packages/airflow/example_dags/tutorial_taskflow_api.py took 0.054 seconds
[2024-11-01T14:29:06.478+0000] {processor.py:186} INFO - Started process (PID=1078) to work on /home/airflow/.local/lib/python3.12/site-packages/airflow/example_dags/tutorial_taskflow_api.py
[2024-11-01T14:29:06.479+0000] {processor.py:914} INFO - Processing file /home/airflow/.local/lib/python3.12/site-packages/airflow/example_dags/tutorial_taskflow_api.py for tasks to queue
[2024-11-01T14:29:06.479+0000] {logging_mixin.py:190} INFO - [2024-11-01T14:29:06.479+0000] {dagbag.py:588} INFO - Filling up the DagBag from /home/airflow/.local/lib/python3.12/site-packages/airflow/example_dags/tutorial_taskflow_api.py
[2024-11-01T14:29:06.484+0000] {processor.py:925} INFO - DAG(s) 'tutorial_taskflow_api' retrieved from /home/airflow/.local/lib/python3.12/site-packages/airflow/example_dags/tutorial_taskflow_api.py
[2024-11-01T14:29:06.497+0000] {logging_mixin.py:190} INFO - [2024-11-01T14:29:06.497+0000] {dag.py:3239} INFO - Sync 1 DAGs
[2024-11-01T14:29:06.507+0000] {logging_mixin.py:190} INFO - [2024-11-01T14:29:06.506+0000] {dag.py:4180} INFO - Setting next_dagrun for tutorial_taskflow_api to None, run_after=None
[2024-11-01T14:29:06.520+0000] {processor.py:208} INFO - Processing /home/airflow/.local/lib/python3.12/site-packages/airflow/example_dags/tutorial_taskflow_api.py took 0.046 seconds
[2024-11-01T14:29:37.208+0000] {processor.py:186} INFO - Started process (PID=1143) to work on /home/airflow/.local/lib/python3.12/site-packages/airflow/example_dags/tutorial_taskflow_api.py
[2024-11-01T14:29:37.208+0000] {processor.py:914} INFO - Processing file /home/airflow/.local/lib/python3.12/site-packages/airflow/example_dags/tutorial_taskflow_api.py for tasks to queue
[2024-11-01T14:29:37.209+0000] {logging_mixin.py:190} INFO - [2024-11-01T14:29:37.209+0000] {dagbag.py:588} INFO - Filling up the DagBag from /home/airflow/.local/lib/python3.12/site-packages/airflow/example_dags/tutorial_taskflow_api.py
[2024-11-01T14:29:37.215+0000] {processor.py:925} INFO - DAG(s) 'tutorial_taskflow_api' retrieved from /home/airflow/.local/lib/python3.12/site-packages/airflow/example_dags/tutorial_taskflow_api.py
[2024-11-01T14:29:37.228+0000] {logging_mixin.py:190} INFO - [2024-11-01T14:29:37.228+0000] {dag.py:3239} INFO - Sync 1 DAGs
[2024-11-01T14:29:37.239+0000] {logging_mixin.py:190} INFO - [2024-11-01T14:29:37.238+0000] {dag.py:4180} INFO - Setting next_dagrun for tutorial_taskflow_api to None, run_after=None
[2024-11-01T14:29:37.253+0000] {processor.py:208} INFO - Processing /home/airflow/.local/lib/python3.12/site-packages/airflow/example_dags/tutorial_taskflow_api.py took 0.049 seconds
[2024-11-01T14:30:07.943+0000] {processor.py:186} INFO - Started process (PID=1208) to work on /home/airflow/.local/lib/python3.12/site-packages/airflow/example_dags/tutorial_taskflow_api.py
[2024-11-01T14:30:07.944+0000] {processor.py:914} INFO - Processing file /home/airflow/.local/lib/python3.12/site-packages/airflow/example_dags/tutorial_taskflow_api.py for tasks to queue
[2024-11-01T14:30:07.944+0000] {logging_mixin.py:190} INFO - [2024-11-01T14:30:07.944+0000] {dagbag.py:588} INFO - Filling up the DagBag from /home/airflow/.local/lib/python3.12/site-packages/airflow/example_dags/tutorial_taskflow_api.py
[2024-11-01T14:30:07.949+0000] {processor.py:925} INFO - DAG(s) 'tutorial_taskflow_api' retrieved from /home/airflow/.local/lib/python3.12/site-packages/airflow/example_dags/tutorial_taskflow_api.py
[2024-11-01T14:30:07.963+0000] {logging_mixin.py:190} INFO - [2024-11-01T14:30:07.963+0000] {dag.py:3239} INFO - Sync 1 DAGs
[2024-11-01T14:30:07.974+0000] {logging_mixin.py:190} INFO - [2024-11-01T14:30:07.974+0000] {dag.py:4180} INFO - Setting next_dagrun for tutorial_taskflow_api to None, run_after=None
[2024-11-01T14:30:07.990+0000] {processor.py:208} INFO - Processing /home/airflow/.local/lib/python3.12/site-packages/airflow/example_dags/tutorial_taskflow_api.py took 0.051 seconds
[2024-11-01T14:30:39.206+0000] {processor.py:186} INFO - Started process (PID=1273) to work on /home/airflow/.local/lib/python3.12/site-packages/airflow/example_dags/tutorial_taskflow_api.py
[2024-11-01T14:30:39.207+0000] {processor.py:914} INFO - Processing file /home/airflow/.local/lib/python3.12/site-packages/airflow/example_dags/tutorial_taskflow_api.py for tasks to queue
[2024-11-01T14:30:39.207+0000] {logging_mixin.py:190} INFO - [2024-11-01T14:30:39.207+0000] {dagbag.py:588} INFO - Filling up the DagBag from /home/airflow/.local/lib/python3.12/site-packages/airflow/example_dags/tutorial_taskflow_api.py
[2024-11-01T14:30:39.213+0000] {processor.py:925} INFO - DAG(s) 'tutorial_taskflow_api' retrieved from /home/airflow/.local/lib/python3.12/site-packages/airflow/example_dags/tutorial_taskflow_api.py
[2024-11-01T14:30:39.227+0000] {logging_mixin.py:190} INFO - [2024-11-01T14:30:39.227+0000] {dag.py:3239} INFO - Sync 1 DAGs
[2024-11-01T14:30:39.237+0000] {logging_mixin.py:190} INFO - [2024-11-01T14:30:39.237+0000] {dag.py:4180} INFO - Setting next_dagrun for tutorial_taskflow_api to None, run_after=None
[2024-11-01T14:30:39.252+0000] {processor.py:208} INFO - Processing /home/airflow/.local/lib/python3.12/site-packages/airflow/example_dags/tutorial_taskflow_api.py took 0.051 seconds
[2024-11-01T14:31:10.035+0000] {processor.py:186} INFO - Started process (PID=1338) to work on /home/airflow/.local/lib/python3.12/site-packages/airflow/example_dags/tutorial_taskflow_api.py
[2024-11-01T14:31:10.036+0000] {processor.py:914} INFO - Processing file /home/airflow/.local/lib/python3.12/site-packages/airflow/example_dags/tutorial_taskflow_api.py for tasks to queue
[2024-11-01T14:31:10.038+0000] {logging_mixin.py:190} INFO - [2024-11-01T14:31:10.037+0000] {dagbag.py:588} INFO - Filling up the DagBag from /home/airflow/.local/lib/python3.12/site-packages/airflow/example_dags/tutorial_taskflow_api.py
[2024-11-01T14:31:10.046+0000] {processor.py:925} INFO - DAG(s) 'tutorial_taskflow_api' retrieved from /home/airflow/.local/lib/python3.12/site-packages/airflow/example_dags/tutorial_taskflow_api.py
[2024-11-01T14:31:10.065+0000] {logging_mixin.py:190} INFO - [2024-11-01T14:31:10.065+0000] {dag.py:3239} INFO - Sync 1 DAGs
[2024-11-01T14:31:10.080+0000] {logging_mixin.py:190} INFO - [2024-11-01T14:31:10.080+0000] {dag.py:4180} INFO - Setting next_dagrun for tutorial_taskflow_api to None, run_after=None
[2024-11-01T14:31:10.112+0000] {processor.py:208} INFO - Processing /home/airflow/.local/lib/python3.12/site-packages/airflow/example_dags/tutorial_taskflow_api.py took 0.081 seconds
[2024-11-01T14:31:40.564+0000] {processor.py:186} INFO - Started process (PID=1403) to work on /home/airflow/.local/lib/python3.12/site-packages/airflow/example_dags/tutorial_taskflow_api.py
[2024-11-01T14:31:40.565+0000] {processor.py:914} INFO - Processing file /home/airflow/.local/lib/python3.12/site-packages/airflow/example_dags/tutorial_taskflow_api.py for tasks to queue
[2024-11-01T14:31:40.566+0000] {logging_mixin.py:190} INFO - [2024-11-01T14:31:40.566+0000] {dagbag.py:588} INFO - Filling up the DagBag from /home/airflow/.local/lib/python3.12/site-packages/airflow/example_dags/tutorial_taskflow_api.py
[2024-11-01T14:31:40.576+0000] {processor.py:925} INFO - DAG(s) 'tutorial_taskflow_api' retrieved from /home/airflow/.local/lib/python3.12/site-packages/airflow/example_dags/tutorial_taskflow_api.py
[2024-11-01T14:31:40.606+0000] {logging_mixin.py:190} INFO - [2024-11-01T14:31:40.606+0000] {dag.py:3239} INFO - Sync 1 DAGs
[2024-11-01T14:31:40.635+0000] {logging_mixin.py:190} INFO - [2024-11-01T14:31:40.635+0000] {dag.py:4180} INFO - Setting next_dagrun for tutorial_taskflow_api to None, run_after=None
[2024-11-01T14:31:40.668+0000] {processor.py:208} INFO - Processing /home/airflow/.local/lib/python3.12/site-packages/airflow/example_dags/tutorial_taskflow_api.py took 0.112 seconds
[2024-11-01T14:32:11.596+0000] {processor.py:186} INFO - Started process (PID=1469) to work on /home/airflow/.local/lib/python3.12/site-packages/airflow/example_dags/tutorial_taskflow_api.py
[2024-11-01T14:32:11.597+0000] {processor.py:914} INFO - Processing file /home/airflow/.local/lib/python3.12/site-packages/airflow/example_dags/tutorial_taskflow_api.py for tasks to queue
[2024-11-01T14:32:11.597+0000] {logging_mixin.py:190} INFO - [2024-11-01T14:32:11.597+0000] {dagbag.py:588} INFO - Filling up the DagBag from /home/airflow/.local/lib/python3.12/site-packages/airflow/example_dags/tutorial_taskflow_api.py
[2024-11-01T14:32:11.603+0000] {processor.py:925} INFO - DAG(s) 'tutorial_taskflow_api' retrieved from /home/airflow/.local/lib/python3.12/site-packages/airflow/example_dags/tutorial_taskflow_api.py
[2024-11-01T14:32:11.624+0000] {logging_mixin.py:190} INFO - [2024-11-01T14:32:11.623+0000] {dag.py:3239} INFO - Sync 1 DAGs
[2024-11-01T14:32:11.644+0000] {logging_mixin.py:190} INFO - [2024-11-01T14:32:11.643+0000] {dag.py:4180} INFO - Setting next_dagrun for tutorial_taskflow_api to None, run_after=None
[2024-11-01T14:32:11.660+0000] {processor.py:208} INFO - Processing /home/airflow/.local/lib/python3.12/site-packages/airflow/example_dags/tutorial_taskflow_api.py took 0.068 seconds
[2024-11-01T14:32:42.566+0000] {processor.py:186} INFO - Started process (PID=1534) to work on /home/airflow/.local/lib/python3.12/site-packages/airflow/example_dags/tutorial_taskflow_api.py
[2024-11-01T14:32:42.567+0000] {processor.py:914} INFO - Processing file /home/airflow/.local/lib/python3.12/site-packages/airflow/example_dags/tutorial_taskflow_api.py for tasks to queue
[2024-11-01T14:32:42.567+0000] {logging_mixin.py:190} INFO - [2024-11-01T14:32:42.567+0000] {dagbag.py:588} INFO - Filling up the DagBag from /home/airflow/.local/lib/python3.12/site-packages/airflow/example_dags/tutorial_taskflow_api.py
[2024-11-01T14:32:42.573+0000] {processor.py:925} INFO - DAG(s) 'tutorial_taskflow_api' retrieved from /home/airflow/.local/lib/python3.12/site-packages/airflow/example_dags/tutorial_taskflow_api.py
[2024-11-01T14:32:42.589+0000] {logging_mixin.py:190} INFO - [2024-11-01T14:32:42.588+0000] {dag.py:3239} INFO - Sync 1 DAGs
[2024-11-01T14:32:42.599+0000] {logging_mixin.py:190} INFO - [2024-11-01T14:32:42.599+0000] {dag.py:4180} INFO - Setting next_dagrun for tutorial_taskflow_api to None, run_after=None
[2024-11-01T14:32:42.615+0000] {processor.py:208} INFO - Processing /home/airflow/.local/lib/python3.12/site-packages/airflow/example_dags/tutorial_taskflow_api.py took 0.053 seconds
[2024-11-01T14:33:13.081+0000] {processor.py:186} INFO - Started process (PID=1599) to work on /home/airflow/.local/lib/python3.12/site-packages/airflow/example_dags/tutorial_taskflow_api.py
[2024-11-01T14:33:13.082+0000] {processor.py:914} INFO - Processing file /home/airflow/.local/lib/python3.12/site-packages/airflow/example_dags/tutorial_taskflow_api.py for tasks to queue
[2024-11-01T14:33:13.083+0000] {logging_mixin.py:190} INFO - [2024-11-01T14:33:13.083+0000] {dagbag.py:588} INFO - Filling up the DagBag from /home/airflow/.local/lib/python3.12/site-packages/airflow/example_dags/tutorial_taskflow_api.py
[2024-11-01T14:33:13.089+0000] {processor.py:925} INFO - DAG(s) 'tutorial_taskflow_api' retrieved from /home/airflow/.local/lib/python3.12/site-packages/airflow/example_dags/tutorial_taskflow_api.py
[2024-11-01T14:33:13.103+0000] {logging_mixin.py:190} INFO - [2024-11-01T14:33:13.103+0000] {dag.py:3239} INFO - Sync 1 DAGs
[2024-11-01T14:33:13.115+0000] {logging_mixin.py:190} INFO - [2024-11-01T14:33:13.114+0000] {dag.py:4180} INFO - Setting next_dagrun for tutorial_taskflow_api to None, run_after=None
[2024-11-01T14:33:13.132+0000] {processor.py:208} INFO - Processing /home/airflow/.local/lib/python3.12/site-packages/airflow/example_dags/tutorial_taskflow_api.py took 0.055 seconds
[2024-11-01T14:33:43.625+0000] {processor.py:186} INFO - Started process (PID=1664) to work on /home/airflow/.local/lib/python3.12/site-packages/airflow/example_dags/tutorial_taskflow_api.py
[2024-11-01T14:33:43.626+0000] {processor.py:914} INFO - Processing file /home/airflow/.local/lib/python3.12/site-packages/airflow/example_dags/tutorial_taskflow_api.py for tasks to queue
[2024-11-01T14:33:43.627+0000] {logging_mixin.py:190} INFO - [2024-11-01T14:33:43.627+0000] {dagbag.py:588} INFO - Filling up the DagBag from /home/airflow/.local/lib/python3.12/site-packages/airflow/example_dags/tutorial_taskflow_api.py
[2024-11-01T14:33:43.634+0000] {processor.py:925} INFO - DAG(s) 'tutorial_taskflow_api' retrieved from /home/airflow/.local/lib/python3.12/site-packages/airflow/example_dags/tutorial_taskflow_api.py
[2024-11-01T14:33:43.648+0000] {logging_mixin.py:190} INFO - [2024-11-01T14:33:43.648+0000] {dag.py:3239} INFO - Sync 1 DAGs
[2024-11-01T14:33:43.661+0000] {logging_mixin.py:190} INFO - [2024-11-01T14:33:43.661+0000] {dag.py:4180} INFO - Setting next_dagrun for tutorial_taskflow_api to None, run_after=None
[2024-11-01T14:33:43.692+0000] {processor.py:208} INFO - Processing /home/airflow/.local/lib/python3.12/site-packages/airflow/example_dags/tutorial_taskflow_api.py took 0.072 seconds
[2024-11-01T14:34:13.766+0000] {processor.py:186} INFO - Started process (PID=1728) to work on /home/airflow/.local/lib/python3.12/site-packages/airflow/example_dags/tutorial_taskflow_api.py
[2024-11-01T14:34:13.767+0000] {processor.py:914} INFO - Processing file /home/airflow/.local/lib/python3.12/site-packages/airflow/example_dags/tutorial_taskflow_api.py for tasks to queue
[2024-11-01T14:34:13.767+0000] {logging_mixin.py:190} INFO - [2024-11-01T14:34:13.767+0000] {dagbag.py:588} INFO - Filling up the DagBag from /home/airflow/.local/lib/python3.12/site-packages/airflow/example_dags/tutorial_taskflow_api.py
[2024-11-01T14:34:13.773+0000] {processor.py:925} INFO - DAG(s) 'tutorial_taskflow_api' retrieved from /home/airflow/.local/lib/python3.12/site-packages/airflow/example_dags/tutorial_taskflow_api.py
[2024-11-01T14:34:13.785+0000] {logging_mixin.py:190} INFO - [2024-11-01T14:34:13.785+0000] {dag.py:3239} INFO - Sync 1 DAGs
[2024-11-01T14:34:13.795+0000] {logging_mixin.py:190} INFO - [2024-11-01T14:34:13.795+0000] {dag.py:4180} INFO - Setting next_dagrun for tutorial_taskflow_api to None, run_after=None
[2024-11-01T14:34:13.808+0000] {processor.py:208} INFO - Processing /home/airflow/.local/lib/python3.12/site-packages/airflow/example_dags/tutorial_taskflow_api.py took 0.046 seconds
[2024-11-01T14:36:50.318+0000] {processor.py:186} INFO - Started process (PID=1805) to work on /home/airflow/.local/lib/python3.12/site-packages/airflow/example_dags/tutorial_taskflow_api.py
[2024-11-01T14:36:50.319+0000] {processor.py:914} INFO - Processing file /home/airflow/.local/lib/python3.12/site-packages/airflow/example_dags/tutorial_taskflow_api.py for tasks to queue
[2024-11-01T14:36:50.321+0000] {logging_mixin.py:190} INFO - [2024-11-01T14:36:50.320+0000] {dagbag.py:588} INFO - Filling up the DagBag from /home/airflow/.local/lib/python3.12/site-packages/airflow/example_dags/tutorial_taskflow_api.py
[2024-11-01T14:36:50.331+0000] {processor.py:925} INFO - DAG(s) 'tutorial_taskflow_api' retrieved from /home/airflow/.local/lib/python3.12/site-packages/airflow/example_dags/tutorial_taskflow_api.py
[2024-11-01T14:36:50.355+0000] {logging_mixin.py:190} INFO - [2024-11-01T14:36:50.355+0000] {dag.py:3239} INFO - Sync 1 DAGs
[2024-11-01T14:36:50.378+0000] {logging_mixin.py:190} INFO - [2024-11-01T14:36:50.378+0000] {dag.py:4180} INFO - Setting next_dagrun for tutorial_taskflow_api to None, run_after=None
[2024-11-01T14:36:50.406+0000] {processor.py:208} INFO - Processing /home/airflow/.local/lib/python3.12/site-packages/airflow/example_dags/tutorial_taskflow_api.py took 0.095 seconds
[2024-11-01T14:37:20.586+0000] {processor.py:186} INFO - Started process (PID=1870) to work on /home/airflow/.local/lib/python3.12/site-packages/airflow/example_dags/tutorial_taskflow_api.py
[2024-11-01T14:37:20.589+0000] {processor.py:914} INFO - Processing file /home/airflow/.local/lib/python3.12/site-packages/airflow/example_dags/tutorial_taskflow_api.py for tasks to queue
[2024-11-01T14:37:20.590+0000] {logging_mixin.py:190} INFO - [2024-11-01T14:37:20.590+0000] {dagbag.py:588} INFO - Filling up the DagBag from /home/airflow/.local/lib/python3.12/site-packages/airflow/example_dags/tutorial_taskflow_api.py
[2024-11-01T14:37:20.597+0000] {processor.py:925} INFO - DAG(s) 'tutorial_taskflow_api' retrieved from /home/airflow/.local/lib/python3.12/site-packages/airflow/example_dags/tutorial_taskflow_api.py
[2024-11-01T14:37:20.613+0000] {logging_mixin.py:190} INFO - [2024-11-01T14:37:20.613+0000] {dag.py:3239} INFO - Sync 1 DAGs
[2024-11-01T14:37:20.624+0000] {logging_mixin.py:190} INFO - [2024-11-01T14:37:20.624+0000] {dag.py:4180} INFO - Setting next_dagrun for tutorial_taskflow_api to None, run_after=None
[2024-11-01T14:37:20.639+0000] {processor.py:208} INFO - Processing /home/airflow/.local/lib/python3.12/site-packages/airflow/example_dags/tutorial_taskflow_api.py took 0.057 seconds
[2024-11-01T14:37:50.821+0000] {processor.py:186} INFO - Started process (PID=1935) to work on /home/airflow/.local/lib/python3.12/site-packages/airflow/example_dags/tutorial_taskflow_api.py
[2024-11-01T14:37:50.822+0000] {processor.py:914} INFO - Processing file /home/airflow/.local/lib/python3.12/site-packages/airflow/example_dags/tutorial_taskflow_api.py for tasks to queue
[2024-11-01T14:37:50.822+0000] {logging_mixin.py:190} INFO - [2024-11-01T14:37:50.822+0000] {dagbag.py:588} INFO - Filling up the DagBag from /home/airflow/.local/lib/python3.12/site-packages/airflow/example_dags/tutorial_taskflow_api.py
[2024-11-01T14:37:50.828+0000] {processor.py:925} INFO - DAG(s) 'tutorial_taskflow_api' retrieved from /home/airflow/.local/lib/python3.12/site-packages/airflow/example_dags/tutorial_taskflow_api.py
[2024-11-01T14:37:50.842+0000] {logging_mixin.py:190} INFO - [2024-11-01T14:37:50.841+0000] {dag.py:3239} INFO - Sync 1 DAGs
[2024-11-01T14:37:50.852+0000] {logging_mixin.py:190} INFO - [2024-11-01T14:37:50.852+0000] {dag.py:4180} INFO - Setting next_dagrun for tutorial_taskflow_api to None, run_after=None
[2024-11-01T14:37:50.866+0000] {processor.py:208} INFO - Processing /home/airflow/.local/lib/python3.12/site-packages/airflow/example_dags/tutorial_taskflow_api.py took 0.049 seconds
[2024-11-01T14:38:21.430+0000] {processor.py:186} INFO - Started process (PID=2001) to work on /home/airflow/.local/lib/python3.12/site-packages/airflow/example_dags/tutorial_taskflow_api.py
[2024-11-01T14:38:21.431+0000] {processor.py:914} INFO - Processing file /home/airflow/.local/lib/python3.12/site-packages/airflow/example_dags/tutorial_taskflow_api.py for tasks to queue
[2024-11-01T14:38:21.431+0000] {logging_mixin.py:190} INFO - [2024-11-01T14:38:21.431+0000] {dagbag.py:588} INFO - Filling up the DagBag from /home/airflow/.local/lib/python3.12/site-packages/airflow/example_dags/tutorial_taskflow_api.py
[2024-11-01T14:38:21.436+0000] {processor.py:925} INFO - DAG(s) 'tutorial_taskflow_api' retrieved from /home/airflow/.local/lib/python3.12/site-packages/airflow/example_dags/tutorial_taskflow_api.py
[2024-11-01T14:38:21.450+0000] {logging_mixin.py:190} INFO - [2024-11-01T14:38:21.450+0000] {dag.py:3239} INFO - Sync 1 DAGs
[2024-11-01T14:38:21.460+0000] {logging_mixin.py:190} INFO - [2024-11-01T14:38:21.460+0000] {dag.py:4180} INFO - Setting next_dagrun for tutorial_taskflow_api to None, run_after=None
[2024-11-01T14:38:21.475+0000] {processor.py:208} INFO - Processing /home/airflow/.local/lib/python3.12/site-packages/airflow/example_dags/tutorial_taskflow_api.py took 0.049 seconds
[2024-11-01T14:38:51.830+0000] {processor.py:186} INFO - Started process (PID=2066) to work on /home/airflow/.local/lib/python3.12/site-packages/airflow/example_dags/tutorial_taskflow_api.py
[2024-11-01T14:38:51.833+0000] {processor.py:914} INFO - Processing file /home/airflow/.local/lib/python3.12/site-packages/airflow/example_dags/tutorial_taskflow_api.py for tasks to queue
[2024-11-01T14:38:51.835+0000] {logging_mixin.py:190} INFO - [2024-11-01T14:38:51.835+0000] {dagbag.py:588} INFO - Filling up the DagBag from /home/airflow/.local/lib/python3.12/site-packages/airflow/example_dags/tutorial_taskflow_api.py
[2024-11-01T14:38:51.845+0000] {processor.py:925} INFO - DAG(s) 'tutorial_taskflow_api' retrieved from /home/airflow/.local/lib/python3.12/site-packages/airflow/example_dags/tutorial_taskflow_api.py
[2024-11-01T14:38:51.866+0000] {logging_mixin.py:190} INFO - [2024-11-01T14:38:51.866+0000] {dag.py:3239} INFO - Sync 1 DAGs
[2024-11-01T14:38:51.880+0000] {logging_mixin.py:190} INFO - [2024-11-01T14:38:51.879+0000] {dag.py:4180} INFO - Setting next_dagrun for tutorial_taskflow_api to None, run_after=None
[2024-11-01T14:38:51.899+0000] {processor.py:208} INFO - Processing /home/airflow/.local/lib/python3.12/site-packages/airflow/example_dags/tutorial_taskflow_api.py took 0.073 seconds
[2024-11-01T14:39:22.981+0000] {processor.py:186} INFO - Started process (PID=2133) to work on /home/airflow/.local/lib/python3.12/site-packages/airflow/example_dags/tutorial_taskflow_api.py
[2024-11-01T14:39:22.982+0000] {processor.py:914} INFO - Processing file /home/airflow/.local/lib/python3.12/site-packages/airflow/example_dags/tutorial_taskflow_api.py for tasks to queue
[2024-11-01T14:39:22.983+0000] {logging_mixin.py:190} INFO - [2024-11-01T14:39:22.982+0000] {dagbag.py:588} INFO - Filling up the DagBag from /home/airflow/.local/lib/python3.12/site-packages/airflow/example_dags/tutorial_taskflow_api.py
[2024-11-01T14:39:22.989+0000] {processor.py:925} INFO - DAG(s) 'tutorial_taskflow_api' retrieved from /home/airflow/.local/lib/python3.12/site-packages/airflow/example_dags/tutorial_taskflow_api.py
[2024-11-01T14:39:23.005+0000] {logging_mixin.py:190} INFO - [2024-11-01T14:39:23.005+0000] {dag.py:3239} INFO - Sync 1 DAGs
[2024-11-01T14:39:23.018+0000] {logging_mixin.py:190} INFO - [2024-11-01T14:39:23.018+0000] {dag.py:4180} INFO - Setting next_dagrun for tutorial_taskflow_api to None, run_after=None
[2024-11-01T14:39:23.036+0000] {processor.py:208} INFO - Processing /home/airflow/.local/lib/python3.12/site-packages/airflow/example_dags/tutorial_taskflow_api.py took 0.060 seconds
[2024-11-01T14:39:53.517+0000] {processor.py:186} INFO - Started process (PID=2198) to work on /home/airflow/.local/lib/python3.12/site-packages/airflow/example_dags/tutorial_taskflow_api.py
[2024-11-01T14:39:53.518+0000] {processor.py:914} INFO - Processing file /home/airflow/.local/lib/python3.12/site-packages/airflow/example_dags/tutorial_taskflow_api.py for tasks to queue
[2024-11-01T14:39:53.519+0000] {logging_mixin.py:190} INFO - [2024-11-01T14:39:53.519+0000] {dagbag.py:588} INFO - Filling up the DagBag from /home/airflow/.local/lib/python3.12/site-packages/airflow/example_dags/tutorial_taskflow_api.py
[2024-11-01T14:39:53.525+0000] {processor.py:925} INFO - DAG(s) 'tutorial_taskflow_api' retrieved from /home/airflow/.local/lib/python3.12/site-packages/airflow/example_dags/tutorial_taskflow_api.py
[2024-11-01T14:39:53.542+0000] {logging_mixin.py:190} INFO - [2024-11-01T14:39:53.542+0000] {dag.py:3239} INFO - Sync 1 DAGs
[2024-11-01T14:39:53.554+0000] {logging_mixin.py:190} INFO - [2024-11-01T14:39:53.554+0000] {dag.py:4180} INFO - Setting next_dagrun for tutorial_taskflow_api to None, run_after=None
[2024-11-01T14:39:53.570+0000] {processor.py:208} INFO - Processing /home/airflow/.local/lib/python3.12/site-packages/airflow/example_dags/tutorial_taskflow_api.py took 0.057 seconds
[2024-11-01T14:40:24.420+0000] {processor.py:186} INFO - Started process (PID=2263) to work on /home/airflow/.local/lib/python3.12/site-packages/airflow/example_dags/tutorial_taskflow_api.py
[2024-11-01T14:40:24.420+0000] {processor.py:914} INFO - Processing file /home/airflow/.local/lib/python3.12/site-packages/airflow/example_dags/tutorial_taskflow_api.py for tasks to queue
[2024-11-01T14:40:24.421+0000] {logging_mixin.py:190} INFO - [2024-11-01T14:40:24.421+0000] {dagbag.py:588} INFO - Filling up the DagBag from /home/airflow/.local/lib/python3.12/site-packages/airflow/example_dags/tutorial_taskflow_api.py
[2024-11-01T14:40:24.427+0000] {processor.py:925} INFO - DAG(s) 'tutorial_taskflow_api' retrieved from /home/airflow/.local/lib/python3.12/site-packages/airflow/example_dags/tutorial_taskflow_api.py
[2024-11-01T14:40:24.444+0000] {logging_mixin.py:190} INFO - [2024-11-01T14:40:24.444+0000] {dag.py:3239} INFO - Sync 1 DAGs
[2024-11-01T14:40:24.456+0000] {logging_mixin.py:190} INFO - [2024-11-01T14:40:24.456+0000] {dag.py:4180} INFO - Setting next_dagrun for tutorial_taskflow_api to None, run_after=None
[2024-11-01T14:40:24.473+0000] {processor.py:208} INFO - Processing /home/airflow/.local/lib/python3.12/site-packages/airflow/example_dags/tutorial_taskflow_api.py took 0.058 seconds
[2024-11-01T14:40:54.519+0000] {processor.py:186} INFO - Started process (PID=2328) to work on /home/airflow/.local/lib/python3.12/site-packages/airflow/example_dags/tutorial_taskflow_api.py
[2024-11-01T14:40:54.520+0000] {processor.py:914} INFO - Processing file /home/airflow/.local/lib/python3.12/site-packages/airflow/example_dags/tutorial_taskflow_api.py for tasks to queue
[2024-11-01T14:40:54.521+0000] {logging_mixin.py:190} INFO - [2024-11-01T14:40:54.521+0000] {dagbag.py:588} INFO - Filling up the DagBag from /home/airflow/.local/lib/python3.12/site-packages/airflow/example_dags/tutorial_taskflow_api.py
[2024-11-01T14:40:54.527+0000] {processor.py:925} INFO - DAG(s) 'tutorial_taskflow_api' retrieved from /home/airflow/.local/lib/python3.12/site-packages/airflow/example_dags/tutorial_taskflow_api.py
[2024-11-01T14:40:54.541+0000] {logging_mixin.py:190} INFO - [2024-11-01T14:40:54.541+0000] {dag.py:3239} INFO - Sync 1 DAGs
[2024-11-01T14:40:54.554+0000] {logging_mixin.py:190} INFO - [2024-11-01T14:40:54.554+0000] {dag.py:4180} INFO - Setting next_dagrun for tutorial_taskflow_api to None, run_after=None
[2024-11-01T14:40:54.569+0000] {processor.py:208} INFO - Processing /home/airflow/.local/lib/python3.12/site-packages/airflow/example_dags/tutorial_taskflow_api.py took 0.055 seconds
[2024-11-01T14:41:24.769+0000] {processor.py:186} INFO - Started process (PID=2393) to work on /home/airflow/.local/lib/python3.12/site-packages/airflow/example_dags/tutorial_taskflow_api.py
[2024-11-01T14:41:24.770+0000] {processor.py:914} INFO - Processing file /home/airflow/.local/lib/python3.12/site-packages/airflow/example_dags/tutorial_taskflow_api.py for tasks to queue
[2024-11-01T14:41:24.771+0000] {logging_mixin.py:190} INFO - [2024-11-01T14:41:24.771+0000] {dagbag.py:588} INFO - Filling up the DagBag from /home/airflow/.local/lib/python3.12/site-packages/airflow/example_dags/tutorial_taskflow_api.py
[2024-11-01T14:41:24.777+0000] {processor.py:925} INFO - DAG(s) 'tutorial_taskflow_api' retrieved from /home/airflow/.local/lib/python3.12/site-packages/airflow/example_dags/tutorial_taskflow_api.py
[2024-11-01T14:41:24.791+0000] {logging_mixin.py:190} INFO - [2024-11-01T14:41:24.791+0000] {dag.py:3239} INFO - Sync 1 DAGs
[2024-11-01T14:41:24.802+0000] {logging_mixin.py:190} INFO - [2024-11-01T14:41:24.802+0000] {dag.py:4180} INFO - Setting next_dagrun for tutorial_taskflow_api to None, run_after=None
[2024-11-01T14:41:24.817+0000] {processor.py:208} INFO - Processing /home/airflow/.local/lib/python3.12/site-packages/airflow/example_dags/tutorial_taskflow_api.py took 0.052 seconds
[2024-11-01T14:41:55.597+0000] {processor.py:186} INFO - Started process (PID=2459) to work on /home/airflow/.local/lib/python3.12/site-packages/airflow/example_dags/tutorial_taskflow_api.py
[2024-11-01T14:41:55.598+0000] {processor.py:914} INFO - Processing file /home/airflow/.local/lib/python3.12/site-packages/airflow/example_dags/tutorial_taskflow_api.py for tasks to queue
[2024-11-01T14:41:55.598+0000] {logging_mixin.py:190} INFO - [2024-11-01T14:41:55.598+0000] {dagbag.py:588} INFO - Filling up the DagBag from /home/airflow/.local/lib/python3.12/site-packages/airflow/example_dags/tutorial_taskflow_api.py
[2024-11-01T14:41:55.604+0000] {processor.py:925} INFO - DAG(s) 'tutorial_taskflow_api' retrieved from /home/airflow/.local/lib/python3.12/site-packages/airflow/example_dags/tutorial_taskflow_api.py
[2024-11-01T14:41:55.617+0000] {logging_mixin.py:190} INFO - [2024-11-01T14:41:55.617+0000] {dag.py:3239} INFO - Sync 1 DAGs
[2024-11-01T14:41:55.627+0000] {logging_mixin.py:190} INFO - [2024-11-01T14:41:55.627+0000] {dag.py:4180} INFO - Setting next_dagrun for tutorial_taskflow_api to None, run_after=None
[2024-11-01T14:41:55.642+0000] {processor.py:208} INFO - Processing /home/airflow/.local/lib/python3.12/site-packages/airflow/example_dags/tutorial_taskflow_api.py took 0.049 seconds
[2024-11-01T14:42:26.655+0000] {processor.py:186} INFO - Started process (PID=2524) to work on /home/airflow/.local/lib/python3.12/site-packages/airflow/example_dags/tutorial_taskflow_api.py
[2024-11-01T14:42:26.656+0000] {processor.py:914} INFO - Processing file /home/airflow/.local/lib/python3.12/site-packages/airflow/example_dags/tutorial_taskflow_api.py for tasks to queue
[2024-11-01T14:42:26.657+0000] {logging_mixin.py:190} INFO - [2024-11-01T14:42:26.656+0000] {dagbag.py:588} INFO - Filling up the DagBag from /home/airflow/.local/lib/python3.12/site-packages/airflow/example_dags/tutorial_taskflow_api.py
[2024-11-01T14:42:26.664+0000] {processor.py:925} INFO - DAG(s) 'tutorial_taskflow_api' retrieved from /home/airflow/.local/lib/python3.12/site-packages/airflow/example_dags/tutorial_taskflow_api.py
[2024-11-01T14:42:26.684+0000] {logging_mixin.py:190} INFO - [2024-11-01T14:42:26.683+0000] {dag.py:3239} INFO - Sync 1 DAGs
[2024-11-01T14:42:26.697+0000] {logging_mixin.py:190} INFO - [2024-11-01T14:42:26.697+0000] {dag.py:4180} INFO - Setting next_dagrun for tutorial_taskflow_api to None, run_after=None
[2024-11-01T14:42:26.712+0000] {processor.py:208} INFO - Processing /home/airflow/.local/lib/python3.12/site-packages/airflow/example_dags/tutorial_taskflow_api.py took 0.063 seconds
[2024-11-01T14:42:56.781+0000] {processor.py:186} INFO - Started process (PID=2589) to work on /home/airflow/.local/lib/python3.12/site-packages/airflow/example_dags/tutorial_taskflow_api.py
[2024-11-01T14:42:56.782+0000] {processor.py:914} INFO - Processing file /home/airflow/.local/lib/python3.12/site-packages/airflow/example_dags/tutorial_taskflow_api.py for tasks to queue
[2024-11-01T14:42:56.782+0000] {logging_mixin.py:190} INFO - [2024-11-01T14:42:56.782+0000] {dagbag.py:588} INFO - Filling up the DagBag from /home/airflow/.local/lib/python3.12/site-packages/airflow/example_dags/tutorial_taskflow_api.py
[2024-11-01T14:42:56.789+0000] {processor.py:925} INFO - DAG(s) 'tutorial_taskflow_api' retrieved from /home/airflow/.local/lib/python3.12/site-packages/airflow/example_dags/tutorial_taskflow_api.py
[2024-11-01T14:42:56.804+0000] {logging_mixin.py:190} INFO - [2024-11-01T14:42:56.804+0000] {dag.py:3239} INFO - Sync 1 DAGs
[2024-11-01T14:42:56.815+0000] {logging_mixin.py:190} INFO - [2024-11-01T14:42:56.815+0000] {dag.py:4180} INFO - Setting next_dagrun for tutorial_taskflow_api to None, run_after=None
[2024-11-01T14:42:56.831+0000] {processor.py:208} INFO - Processing /home/airflow/.local/lib/python3.12/site-packages/airflow/example_dags/tutorial_taskflow_api.py took 0.056 seconds
[2024-11-01T14:43:27.982+0000] {processor.py:186} INFO - Started process (PID=2657) to work on /home/airflow/.local/lib/python3.12/site-packages/airflow/example_dags/tutorial_taskflow_api.py
[2024-11-01T14:43:27.983+0000] {processor.py:914} INFO - Processing file /home/airflow/.local/lib/python3.12/site-packages/airflow/example_dags/tutorial_taskflow_api.py for tasks to queue
[2024-11-01T14:43:27.984+0000] {logging_mixin.py:190} INFO - [2024-11-01T14:43:27.984+0000] {dagbag.py:588} INFO - Filling up the DagBag from /home/airflow/.local/lib/python3.12/site-packages/airflow/example_dags/tutorial_taskflow_api.py
[2024-11-01T14:43:27.992+0000] {processor.py:925} INFO - DAG(s) 'tutorial_taskflow_api' retrieved from /home/airflow/.local/lib/python3.12/site-packages/airflow/example_dags/tutorial_taskflow_api.py
[2024-11-01T14:43:28.010+0000] {logging_mixin.py:190} INFO - [2024-11-01T14:43:28.010+0000] {dag.py:3239} INFO - Sync 1 DAGs
[2024-11-01T14:43:28.025+0000] {logging_mixin.py:190} INFO - [2024-11-01T14:43:28.025+0000] {dag.py:4180} INFO - Setting next_dagrun for tutorial_taskflow_api to None, run_after=None
[2024-11-01T14:43:28.044+0000] {processor.py:208} INFO - Processing /home/airflow/.local/lib/python3.12/site-packages/airflow/example_dags/tutorial_taskflow_api.py took 0.067 seconds
[2024-11-01T14:43:58.331+0000] {processor.py:186} INFO - Started process (PID=2722) to work on /home/airflow/.local/lib/python3.12/site-packages/airflow/example_dags/tutorial_taskflow_api.py
[2024-11-01T14:43:58.332+0000] {processor.py:914} INFO - Processing file /home/airflow/.local/lib/python3.12/site-packages/airflow/example_dags/tutorial_taskflow_api.py for tasks to queue
[2024-11-01T14:43:58.333+0000] {logging_mixin.py:190} INFO - [2024-11-01T14:43:58.332+0000] {dagbag.py:588} INFO - Filling up the DagBag from /home/airflow/.local/lib/python3.12/site-packages/airflow/example_dags/tutorial_taskflow_api.py
[2024-11-01T14:43:58.337+0000] {processor.py:925} INFO - DAG(s) 'tutorial_taskflow_api' retrieved from /home/airflow/.local/lib/python3.12/site-packages/airflow/example_dags/tutorial_taskflow_api.py
[2024-11-01T14:43:58.351+0000] {logging_mixin.py:190} INFO - [2024-11-01T14:43:58.351+0000] {dag.py:3239} INFO - Sync 1 DAGs
[2024-11-01T14:43:58.362+0000] {logging_mixin.py:190} INFO - [2024-11-01T14:43:58.362+0000] {dag.py:4180} INFO - Setting next_dagrun for tutorial_taskflow_api to None, run_after=None
[2024-11-01T14:43:58.379+0000] {processor.py:208} INFO - Processing /home/airflow/.local/lib/python3.12/site-packages/airflow/example_dags/tutorial_taskflow_api.py took 0.051 seconds
[2024-11-01T14:44:28.958+0000] {processor.py:186} INFO - Started process (PID=2790) to work on /home/airflow/.local/lib/python3.12/site-packages/airflow/example_dags/tutorial_taskflow_api.py
[2024-11-01T14:44:28.959+0000] {processor.py:914} INFO - Processing file /home/airflow/.local/lib/python3.12/site-packages/airflow/example_dags/tutorial_taskflow_api.py for tasks to queue
[2024-11-01T14:44:28.959+0000] {logging_mixin.py:190} INFO - [2024-11-01T14:44:28.959+0000] {dagbag.py:588} INFO - Filling up the DagBag from /home/airflow/.local/lib/python3.12/site-packages/airflow/example_dags/tutorial_taskflow_api.py
[2024-11-01T14:44:28.965+0000] {processor.py:925} INFO - DAG(s) 'tutorial_taskflow_api' retrieved from /home/airflow/.local/lib/python3.12/site-packages/airflow/example_dags/tutorial_taskflow_api.py
[2024-11-01T14:44:28.986+0000] {logging_mixin.py:190} INFO - [2024-11-01T14:44:28.985+0000] {dag.py:3239} INFO - Sync 1 DAGs
[2024-11-01T14:44:28.999+0000] {logging_mixin.py:190} INFO - [2024-11-01T14:44:28.999+0000] {dag.py:4180} INFO - Setting next_dagrun for tutorial_taskflow_api to None, run_after=None
[2024-11-01T14:44:29.013+0000] {processor.py:208} INFO - Processing /home/airflow/.local/lib/python3.12/site-packages/airflow/example_dags/tutorial_taskflow_api.py took 0.059 seconds
[2024-11-01T14:45:01.876+0000] {processor.py:186} INFO - Started process (PID=2859) to work on /home/airflow/.local/lib/python3.12/site-packages/airflow/example_dags/tutorial_taskflow_api.py
[2024-11-01T14:45:01.876+0000] {processor.py:914} INFO - Processing file /home/airflow/.local/lib/python3.12/site-packages/airflow/example_dags/tutorial_taskflow_api.py for tasks to queue
[2024-11-01T14:45:01.880+0000] {logging_mixin.py:190} INFO - [2024-11-01T14:45:01.877+0000] {dagbag.py:588} INFO - Filling up the DagBag from /home/airflow/.local/lib/python3.12/site-packages/airflow/example_dags/tutorial_taskflow_api.py
[2024-11-01T14:45:01.900+0000] {processor.py:925} INFO - DAG(s) 'tutorial_taskflow_api' retrieved from /home/airflow/.local/lib/python3.12/site-packages/airflow/example_dags/tutorial_taskflow_api.py
[2024-11-01T14:45:01.937+0000] {logging_mixin.py:190} INFO - [2024-11-01T14:45:01.936+0000] {dag.py:3239} INFO - Sync 1 DAGs
[2024-11-01T14:45:01.966+0000] {logging_mixin.py:190} INFO - [2024-11-01T14:45:01.965+0000] {dag.py:4180} INFO - Setting next_dagrun for tutorial_taskflow_api to None, run_after=None
[2024-11-01T14:45:02.025+0000] {processor.py:208} INFO - Processing /home/airflow/.local/lib/python3.12/site-packages/airflow/example_dags/tutorial_taskflow_api.py took 0.158 seconds
[2024-11-01T14:45:32.577+0000] {processor.py:186} INFO - Started process (PID=2924) to work on /home/airflow/.local/lib/python3.12/site-packages/airflow/example_dags/tutorial_taskflow_api.py
[2024-11-01T14:45:32.578+0000] {processor.py:914} INFO - Processing file /home/airflow/.local/lib/python3.12/site-packages/airflow/example_dags/tutorial_taskflow_api.py for tasks to queue
[2024-11-01T14:45:32.579+0000] {logging_mixin.py:190} INFO - [2024-11-01T14:45:32.579+0000] {dagbag.py:588} INFO - Filling up the DagBag from /home/airflow/.local/lib/python3.12/site-packages/airflow/example_dags/tutorial_taskflow_api.py
[2024-11-01T14:45:32.590+0000] {processor.py:925} INFO - DAG(s) 'tutorial_taskflow_api' retrieved from /home/airflow/.local/lib/python3.12/site-packages/airflow/example_dags/tutorial_taskflow_api.py
[2024-11-01T14:45:32.612+0000] {logging_mixin.py:190} INFO - [2024-11-01T14:45:32.611+0000] {dag.py:3239} INFO - Sync 1 DAGs
[2024-11-01T14:45:32.630+0000] {logging_mixin.py:190} INFO - [2024-11-01T14:45:32.629+0000] {dag.py:4180} INFO - Setting next_dagrun for tutorial_taskflow_api to None, run_after=None
[2024-11-01T14:45:32.661+0000] {processor.py:208} INFO - Processing /home/airflow/.local/lib/python3.12/site-packages/airflow/example_dags/tutorial_taskflow_api.py took 0.092 seconds
[2024-11-01T14:46:03.225+0000] {processor.py:186} INFO - Started process (PID=2989) to work on /home/airflow/.local/lib/python3.12/site-packages/airflow/example_dags/tutorial_taskflow_api.py
[2024-11-01T14:46:03.226+0000] {processor.py:914} INFO - Processing file /home/airflow/.local/lib/python3.12/site-packages/airflow/example_dags/tutorial_taskflow_api.py for tasks to queue
[2024-11-01T14:46:03.227+0000] {logging_mixin.py:190} INFO - [2024-11-01T14:46:03.227+0000] {dagbag.py:588} INFO - Filling up the DagBag from /home/airflow/.local/lib/python3.12/site-packages/airflow/example_dags/tutorial_taskflow_api.py
[2024-11-01T14:46:03.235+0000] {processor.py:925} INFO - DAG(s) 'tutorial_taskflow_api' retrieved from /home/airflow/.local/lib/python3.12/site-packages/airflow/example_dags/tutorial_taskflow_api.py
[2024-11-01T14:46:03.267+0000] {logging_mixin.py:190} INFO - [2024-11-01T14:46:03.267+0000] {dag.py:3239} INFO - Sync 1 DAGs
[2024-11-01T14:46:03.292+0000] {logging_mixin.py:190} INFO - [2024-11-01T14:46:03.292+0000] {dag.py:4180} INFO - Setting next_dagrun for tutorial_taskflow_api to None, run_after=None
[2024-11-01T14:46:03.316+0000] {processor.py:208} INFO - Processing /home/airflow/.local/lib/python3.12/site-packages/airflow/example_dags/tutorial_taskflow_api.py took 0.096 seconds
[2024-11-01T14:46:33.468+0000] {processor.py:186} INFO - Started process (PID=3054) to work on /home/airflow/.local/lib/python3.12/site-packages/airflow/example_dags/tutorial_taskflow_api.py
[2024-11-01T14:46:33.469+0000] {processor.py:914} INFO - Processing file /home/airflow/.local/lib/python3.12/site-packages/airflow/example_dags/tutorial_taskflow_api.py for tasks to queue
[2024-11-01T14:46:33.470+0000] {logging_mixin.py:190} INFO - [2024-11-01T14:46:33.470+0000] {dagbag.py:588} INFO - Filling up the DagBag from /home/airflow/.local/lib/python3.12/site-packages/airflow/example_dags/tutorial_taskflow_api.py
[2024-11-01T14:46:33.478+0000] {processor.py:925} INFO - DAG(s) 'tutorial_taskflow_api' retrieved from /home/airflow/.local/lib/python3.12/site-packages/airflow/example_dags/tutorial_taskflow_api.py
[2024-11-01T14:46:33.495+0000] {logging_mixin.py:190} INFO - [2024-11-01T14:46:33.495+0000] {dag.py:3239} INFO - Sync 1 DAGs
[2024-11-01T14:46:33.510+0000] {logging_mixin.py:190} INFO - [2024-11-01T14:46:33.509+0000] {dag.py:4180} INFO - Setting next_dagrun for tutorial_taskflow_api to None, run_after=None
[2024-11-01T14:46:33.531+0000] {processor.py:208} INFO - Processing /home/airflow/.local/lib/python3.12/site-packages/airflow/example_dags/tutorial_taskflow_api.py took 0.068 seconds
[2024-11-01T14:47:04.222+0000] {processor.py:186} INFO - Started process (PID=3119) to work on /home/airflow/.local/lib/python3.12/site-packages/airflow/example_dags/tutorial_taskflow_api.py
[2024-11-01T14:47:04.223+0000] {processor.py:914} INFO - Processing file /home/airflow/.local/lib/python3.12/site-packages/airflow/example_dags/tutorial_taskflow_api.py for tasks to queue
[2024-11-01T14:47:04.224+0000] {logging_mixin.py:190} INFO - [2024-11-01T14:47:04.223+0000] {dagbag.py:588} INFO - Filling up the DagBag from /home/airflow/.local/lib/python3.12/site-packages/airflow/example_dags/tutorial_taskflow_api.py
[2024-11-01T14:47:04.229+0000] {processor.py:925} INFO - DAG(s) 'tutorial_taskflow_api' retrieved from /home/airflow/.local/lib/python3.12/site-packages/airflow/example_dags/tutorial_taskflow_api.py
[2024-11-01T14:47:04.248+0000] {logging_mixin.py:190} INFO - [2024-11-01T14:47:04.248+0000] {dag.py:3239} INFO - Sync 1 DAGs
[2024-11-01T14:47:04.262+0000] {logging_mixin.py:190} INFO - [2024-11-01T14:47:04.262+0000] {dag.py:4180} INFO - Setting next_dagrun for tutorial_taskflow_api to None, run_after=None
[2024-11-01T14:47:04.279+0000] {processor.py:208} INFO - Processing /home/airflow/.local/lib/python3.12/site-packages/airflow/example_dags/tutorial_taskflow_api.py took 0.061 seconds
[2024-11-01T14:47:35.308+0000] {processor.py:186} INFO - Started process (PID=3184) to work on /home/airflow/.local/lib/python3.12/site-packages/airflow/example_dags/tutorial_taskflow_api.py
[2024-11-01T14:47:35.308+0000] {processor.py:914} INFO - Processing file /home/airflow/.local/lib/python3.12/site-packages/airflow/example_dags/tutorial_taskflow_api.py for tasks to queue
[2024-11-01T14:47:35.309+0000] {logging_mixin.py:190} INFO - [2024-11-01T14:47:35.309+0000] {dagbag.py:588} INFO - Filling up the DagBag from /home/airflow/.local/lib/python3.12/site-packages/airflow/example_dags/tutorial_taskflow_api.py
[2024-11-01T14:47:35.316+0000] {processor.py:925} INFO - DAG(s) 'tutorial_taskflow_api' retrieved from /home/airflow/.local/lib/python3.12/site-packages/airflow/example_dags/tutorial_taskflow_api.py
[2024-11-01T14:47:35.332+0000] {logging_mixin.py:190} INFO - [2024-11-01T14:47:35.332+0000] {dag.py:3239} INFO - Sync 1 DAGs
[2024-11-01T14:47:35.344+0000] {logging_mixin.py:190} INFO - [2024-11-01T14:47:35.344+0000] {dag.py:4180} INFO - Setting next_dagrun for tutorial_taskflow_api to None, run_after=None
[2024-11-01T14:47:35.362+0000] {processor.py:208} INFO - Processing /home/airflow/.local/lib/python3.12/site-packages/airflow/example_dags/tutorial_taskflow_api.py took 0.058 seconds
[2024-11-01T14:48:05.896+0000] {processor.py:186} INFO - Started process (PID=3249) to work on /home/airflow/.local/lib/python3.12/site-packages/airflow/example_dags/tutorial_taskflow_api.py
[2024-11-01T14:48:05.897+0000] {processor.py:914} INFO - Processing file /home/airflow/.local/lib/python3.12/site-packages/airflow/example_dags/tutorial_taskflow_api.py for tasks to queue
[2024-11-01T14:48:05.898+0000] {logging_mixin.py:190} INFO - [2024-11-01T14:48:05.898+0000] {dagbag.py:588} INFO - Filling up the DagBag from /home/airflow/.local/lib/python3.12/site-packages/airflow/example_dags/tutorial_taskflow_api.py
[2024-11-01T14:48:05.903+0000] {processor.py:925} INFO - DAG(s) 'tutorial_taskflow_api' retrieved from /home/airflow/.local/lib/python3.12/site-packages/airflow/example_dags/tutorial_taskflow_api.py
[2024-11-01T14:48:05.925+0000] {logging_mixin.py:190} INFO - [2024-11-01T14:48:05.925+0000] {dag.py:3239} INFO - Sync 1 DAGs
[2024-11-01T14:48:05.944+0000] {logging_mixin.py:190} INFO - [2024-11-01T14:48:05.944+0000] {dag.py:4180} INFO - Setting next_dagrun for tutorial_taskflow_api to None, run_after=None
[2024-11-01T14:48:05.957+0000] {processor.py:208} INFO - Processing /home/airflow/.local/lib/python3.12/site-packages/airflow/example_dags/tutorial_taskflow_api.py took 0.065 seconds
[2024-11-01T14:48:36.279+0000] {processor.py:186} INFO - Started process (PID=3314) to work on /home/airflow/.local/lib/python3.12/site-packages/airflow/example_dags/tutorial_taskflow_api.py
[2024-11-01T14:48:36.280+0000] {processor.py:914} INFO - Processing file /home/airflow/.local/lib/python3.12/site-packages/airflow/example_dags/tutorial_taskflow_api.py for tasks to queue
[2024-11-01T14:48:36.281+0000] {logging_mixin.py:190} INFO - [2024-11-01T14:48:36.281+0000] {dagbag.py:588} INFO - Filling up the DagBag from /home/airflow/.local/lib/python3.12/site-packages/airflow/example_dags/tutorial_taskflow_api.py
[2024-11-01T14:48:36.288+0000] {processor.py:925} INFO - DAG(s) 'tutorial_taskflow_api' retrieved from /home/airflow/.local/lib/python3.12/site-packages/airflow/example_dags/tutorial_taskflow_api.py
[2024-11-01T14:48:36.308+0000] {logging_mixin.py:190} INFO - [2024-11-01T14:48:36.308+0000] {dag.py:3239} INFO - Sync 1 DAGs
[2024-11-01T14:48:36.321+0000] {logging_mixin.py:190} INFO - [2024-11-01T14:48:36.321+0000] {dag.py:4180} INFO - Setting next_dagrun for tutorial_taskflow_api to None, run_after=None
[2024-11-01T14:48:36.338+0000] {processor.py:208} INFO - Processing /home/airflow/.local/lib/python3.12/site-packages/airflow/example_dags/tutorial_taskflow_api.py took 0.064 seconds
[2024-11-01T14:49:06.465+0000] {processor.py:186} INFO - Started process (PID=3379) to work on /home/airflow/.local/lib/python3.12/site-packages/airflow/example_dags/tutorial_taskflow_api.py
[2024-11-01T14:49:06.466+0000] {processor.py:914} INFO - Processing file /home/airflow/.local/lib/python3.12/site-packages/airflow/example_dags/tutorial_taskflow_api.py for tasks to queue
[2024-11-01T14:49:06.466+0000] {logging_mixin.py:190} INFO - [2024-11-01T14:49:06.466+0000] {dagbag.py:588} INFO - Filling up the DagBag from /home/airflow/.local/lib/python3.12/site-packages/airflow/example_dags/tutorial_taskflow_api.py
[2024-11-01T14:49:06.473+0000] {processor.py:925} INFO - DAG(s) 'tutorial_taskflow_api' retrieved from /home/airflow/.local/lib/python3.12/site-packages/airflow/example_dags/tutorial_taskflow_api.py
[2024-11-01T14:49:06.489+0000] {logging_mixin.py:190} INFO - [2024-11-01T14:49:06.489+0000] {dag.py:3239} INFO - Sync 1 DAGs
[2024-11-01T14:49:06.499+0000] {logging_mixin.py:190} INFO - [2024-11-01T14:49:06.499+0000] {dag.py:4180} INFO - Setting next_dagrun for tutorial_taskflow_api to None, run_after=None
[2024-11-01T14:49:06.513+0000] {processor.py:208} INFO - Processing /home/airflow/.local/lib/python3.12/site-packages/airflow/example_dags/tutorial_taskflow_api.py took 0.053 seconds
[2024-11-01T14:49:37.099+0000] {processor.py:186} INFO - Started process (PID=3444) to work on /home/airflow/.local/lib/python3.12/site-packages/airflow/example_dags/tutorial_taskflow_api.py
[2024-11-01T14:49:37.100+0000] {processor.py:914} INFO - Processing file /home/airflow/.local/lib/python3.12/site-packages/airflow/example_dags/tutorial_taskflow_api.py for tasks to queue
[2024-11-01T14:49:37.101+0000] {logging_mixin.py:190} INFO - [2024-11-01T14:49:37.101+0000] {dagbag.py:588} INFO - Filling up the DagBag from /home/airflow/.local/lib/python3.12/site-packages/airflow/example_dags/tutorial_taskflow_api.py
[2024-11-01T14:49:37.108+0000] {processor.py:925} INFO - DAG(s) 'tutorial_taskflow_api' retrieved from /home/airflow/.local/lib/python3.12/site-packages/airflow/example_dags/tutorial_taskflow_api.py
[2024-11-01T14:49:37.125+0000] {logging_mixin.py:190} INFO - [2024-11-01T14:49:37.124+0000] {dag.py:3239} INFO - Sync 1 DAGs
[2024-11-01T14:49:37.140+0000] {logging_mixin.py:190} INFO - [2024-11-01T14:49:37.140+0000] {dag.py:4180} INFO - Setting next_dagrun for tutorial_taskflow_api to None, run_after=None
[2024-11-01T14:49:37.164+0000] {processor.py:208} INFO - Processing /home/airflow/.local/lib/python3.12/site-packages/airflow/example_dags/tutorial_taskflow_api.py took 0.070 seconds
[2024-11-01T14:50:08.443+0000] {processor.py:186} INFO - Started process (PID=3509) to work on /home/airflow/.local/lib/python3.12/site-packages/airflow/example_dags/tutorial_taskflow_api.py
[2024-11-01T14:50:08.444+0000] {processor.py:914} INFO - Processing file /home/airflow/.local/lib/python3.12/site-packages/airflow/example_dags/tutorial_taskflow_api.py for tasks to queue
[2024-11-01T14:50:08.446+0000] {logging_mixin.py:190} INFO - [2024-11-01T14:50:08.445+0000] {dagbag.py:588} INFO - Filling up the DagBag from /home/airflow/.local/lib/python3.12/site-packages/airflow/example_dags/tutorial_taskflow_api.py
[2024-11-01T14:50:08.458+0000] {processor.py:925} INFO - DAG(s) 'tutorial_taskflow_api' retrieved from /home/airflow/.local/lib/python3.12/site-packages/airflow/example_dags/tutorial_taskflow_api.py
[2024-11-01T14:50:08.528+0000] {logging_mixin.py:190} INFO - [2024-11-01T14:50:08.528+0000] {dag.py:3239} INFO - Sync 1 DAGs
[2024-11-01T14:50:08.549+0000] {logging_mixin.py:190} INFO - [2024-11-01T14:50:08.548+0000] {dag.py:4180} INFO - Setting next_dagrun for tutorial_taskflow_api to None, run_after=None
[2024-11-01T14:50:08.577+0000] {processor.py:208} INFO - Processing /home/airflow/.local/lib/python3.12/site-packages/airflow/example_dags/tutorial_taskflow_api.py took 0.140 seconds
[2024-11-01T14:50:39.553+0000] {processor.py:186} INFO - Started process (PID=3574) to work on /home/airflow/.local/lib/python3.12/site-packages/airflow/example_dags/tutorial_taskflow_api.py
[2024-11-01T14:50:39.554+0000] {processor.py:914} INFO - Processing file /home/airflow/.local/lib/python3.12/site-packages/airflow/example_dags/tutorial_taskflow_api.py for tasks to queue
[2024-11-01T14:50:39.555+0000] {logging_mixin.py:190} INFO - [2024-11-01T14:50:39.555+0000] {dagbag.py:588} INFO - Filling up the DagBag from /home/airflow/.local/lib/python3.12/site-packages/airflow/example_dags/tutorial_taskflow_api.py
[2024-11-01T14:50:39.560+0000] {processor.py:925} INFO - DAG(s) 'tutorial_taskflow_api' retrieved from /home/airflow/.local/lib/python3.12/site-packages/airflow/example_dags/tutorial_taskflow_api.py
[2024-11-01T14:50:39.573+0000] {logging_mixin.py:190} INFO - [2024-11-01T14:50:39.572+0000] {dag.py:3239} INFO - Sync 1 DAGs
[2024-11-01T14:50:39.582+0000] {logging_mixin.py:190} INFO - [2024-11-01T14:50:39.582+0000] {dag.py:4180} INFO - Setting next_dagrun for tutorial_taskflow_api to None, run_after=None
[2024-11-01T14:50:39.596+0000] {processor.py:208} INFO - Processing /home/airflow/.local/lib/python3.12/site-packages/airflow/example_dags/tutorial_taskflow_api.py took 0.046 seconds
[2024-11-01T14:51:10.238+0000] {processor.py:186} INFO - Started process (PID=3638) to work on /home/airflow/.local/lib/python3.12/site-packages/airflow/example_dags/tutorial_taskflow_api.py
[2024-11-01T14:51:10.239+0000] {processor.py:914} INFO - Processing file /home/airflow/.local/lib/python3.12/site-packages/airflow/example_dags/tutorial_taskflow_api.py for tasks to queue
[2024-11-01T14:51:10.240+0000] {logging_mixin.py:190} INFO - [2024-11-01T14:51:10.240+0000] {dagbag.py:588} INFO - Filling up the DagBag from /home/airflow/.local/lib/python3.12/site-packages/airflow/example_dags/tutorial_taskflow_api.py
[2024-11-01T14:51:10.249+0000] {processor.py:925} INFO - DAG(s) 'tutorial_taskflow_api' retrieved from /home/airflow/.local/lib/python3.12/site-packages/airflow/example_dags/tutorial_taskflow_api.py
[2024-11-01T14:51:10.266+0000] {logging_mixin.py:190} INFO - [2024-11-01T14:51:10.266+0000] {dag.py:3239} INFO - Sync 1 DAGs
[2024-11-01T14:51:10.278+0000] {logging_mixin.py:190} INFO - [2024-11-01T14:51:10.278+0000] {dag.py:4180} INFO - Setting next_dagrun for tutorial_taskflow_api to None, run_after=None
[2024-11-01T14:51:10.295+0000] {processor.py:208} INFO - Processing /home/airflow/.local/lib/python3.12/site-packages/airflow/example_dags/tutorial_taskflow_api.py took 0.064 seconds
[2024-11-01T14:51:40.445+0000] {processor.py:186} INFO - Started process (PID=3703) to work on /home/airflow/.local/lib/python3.12/site-packages/airflow/example_dags/tutorial_taskflow_api.py
[2024-11-01T14:51:40.446+0000] {processor.py:914} INFO - Processing file /home/airflow/.local/lib/python3.12/site-packages/airflow/example_dags/tutorial_taskflow_api.py for tasks to queue
[2024-11-01T14:51:40.447+0000] {logging_mixin.py:190} INFO - [2024-11-01T14:51:40.447+0000] {dagbag.py:588} INFO - Filling up the DagBag from /home/airflow/.local/lib/python3.12/site-packages/airflow/example_dags/tutorial_taskflow_api.py
[2024-11-01T14:51:40.455+0000] {processor.py:925} INFO - DAG(s) 'tutorial_taskflow_api' retrieved from /home/airflow/.local/lib/python3.12/site-packages/airflow/example_dags/tutorial_taskflow_api.py
[2024-11-01T14:51:40.475+0000] {logging_mixin.py:190} INFO - [2024-11-01T14:51:40.474+0000] {dag.py:3239} INFO - Sync 1 DAGs
[2024-11-01T14:51:40.497+0000] {logging_mixin.py:190} INFO - [2024-11-01T14:51:40.497+0000] {dag.py:4180} INFO - Setting next_dagrun for tutorial_taskflow_api to None, run_after=None
[2024-11-01T14:51:40.517+0000] {processor.py:208} INFO - Processing /home/airflow/.local/lib/python3.12/site-packages/airflow/example_dags/tutorial_taskflow_api.py took 0.077 seconds
[2024-11-01T14:52:11.041+0000] {processor.py:186} INFO - Started process (PID=3768) to work on /home/airflow/.local/lib/python3.12/site-packages/airflow/example_dags/tutorial_taskflow_api.py
[2024-11-01T14:52:11.042+0000] {processor.py:914} INFO - Processing file /home/airflow/.local/lib/python3.12/site-packages/airflow/example_dags/tutorial_taskflow_api.py for tasks to queue
[2024-11-01T14:52:11.043+0000] {logging_mixin.py:190} INFO - [2024-11-01T14:52:11.043+0000] {dagbag.py:588} INFO - Filling up the DagBag from /home/airflow/.local/lib/python3.12/site-packages/airflow/example_dags/tutorial_taskflow_api.py
[2024-11-01T14:52:11.052+0000] {processor.py:925} INFO - DAG(s) 'tutorial_taskflow_api' retrieved from /home/airflow/.local/lib/python3.12/site-packages/airflow/example_dags/tutorial_taskflow_api.py
[2024-11-01T14:52:11.072+0000] {logging_mixin.py:190} INFO - [2024-11-01T14:52:11.072+0000] {dag.py:3239} INFO - Sync 1 DAGs
[2024-11-01T14:52:11.086+0000] {logging_mixin.py:190} INFO - [2024-11-01T14:52:11.086+0000] {dag.py:4180} INFO - Setting next_dagrun for tutorial_taskflow_api to None, run_after=None
[2024-11-01T14:52:11.104+0000] {processor.py:208} INFO - Processing /home/airflow/.local/lib/python3.12/site-packages/airflow/example_dags/tutorial_taskflow_api.py took 0.068 seconds
[2024-11-01T14:52:41.508+0000] {processor.py:186} INFO - Started process (PID=3833) to work on /home/airflow/.local/lib/python3.12/site-packages/airflow/example_dags/tutorial_taskflow_api.py
[2024-11-01T14:52:41.509+0000] {processor.py:914} INFO - Processing file /home/airflow/.local/lib/python3.12/site-packages/airflow/example_dags/tutorial_taskflow_api.py for tasks to queue
[2024-11-01T14:52:41.510+0000] {logging_mixin.py:190} INFO - [2024-11-01T14:52:41.509+0000] {dagbag.py:588} INFO - Filling up the DagBag from /home/airflow/.local/lib/python3.12/site-packages/airflow/example_dags/tutorial_taskflow_api.py
[2024-11-01T14:52:41.515+0000] {processor.py:925} INFO - DAG(s) 'tutorial_taskflow_api' retrieved from /home/airflow/.local/lib/python3.12/site-packages/airflow/example_dags/tutorial_taskflow_api.py
[2024-11-01T14:52:41.528+0000] {logging_mixin.py:190} INFO - [2024-11-01T14:52:41.528+0000] {dag.py:3239} INFO - Sync 1 DAGs
[2024-11-01T14:52:41.539+0000] {logging_mixin.py:190} INFO - [2024-11-01T14:52:41.539+0000] {dag.py:4180} INFO - Setting next_dagrun for tutorial_taskflow_api to None, run_after=None
[2024-11-01T14:52:41.554+0000] {processor.py:208} INFO - Processing /home/airflow/.local/lib/python3.12/site-packages/airflow/example_dags/tutorial_taskflow_api.py took 0.049 seconds
[2024-11-01T14:53:12.084+0000] {processor.py:186} INFO - Started process (PID=3898) to work on /home/airflow/.local/lib/python3.12/site-packages/airflow/example_dags/tutorial_taskflow_api.py
[2024-11-01T14:53:12.085+0000] {processor.py:914} INFO - Processing file /home/airflow/.local/lib/python3.12/site-packages/airflow/example_dags/tutorial_taskflow_api.py for tasks to queue
[2024-11-01T14:53:12.086+0000] {logging_mixin.py:190} INFO - [2024-11-01T14:53:12.086+0000] {dagbag.py:588} INFO - Filling up the DagBag from /home/airflow/.local/lib/python3.12/site-packages/airflow/example_dags/tutorial_taskflow_api.py
[2024-11-01T14:53:12.093+0000] {processor.py:925} INFO - DAG(s) 'tutorial_taskflow_api' retrieved from /home/airflow/.local/lib/python3.12/site-packages/airflow/example_dags/tutorial_taskflow_api.py
[2024-11-01T14:53:12.115+0000] {logging_mixin.py:190} INFO - [2024-11-01T14:53:12.114+0000] {dag.py:3239} INFO - Sync 1 DAGs
[2024-11-01T14:53:12.128+0000] {logging_mixin.py:190} INFO - [2024-11-01T14:53:12.128+0000] {dag.py:4180} INFO - Setting next_dagrun for tutorial_taskflow_api to None, run_after=None
[2024-11-01T14:53:12.145+0000] {processor.py:208} INFO - Processing /home/airflow/.local/lib/python3.12/site-packages/airflow/example_dags/tutorial_taskflow_api.py took 0.069 seconds
[2024-11-01T14:53:42.420+0000] {processor.py:186} INFO - Started process (PID=3963) to work on /home/airflow/.local/lib/python3.12/site-packages/airflow/example_dags/tutorial_taskflow_api.py
[2024-11-01T14:53:42.421+0000] {processor.py:914} INFO - Processing file /home/airflow/.local/lib/python3.12/site-packages/airflow/example_dags/tutorial_taskflow_api.py for tasks to queue
[2024-11-01T14:53:42.422+0000] {logging_mixin.py:190} INFO - [2024-11-01T14:53:42.422+0000] {dagbag.py:588} INFO - Filling up the DagBag from /home/airflow/.local/lib/python3.12/site-packages/airflow/example_dags/tutorial_taskflow_api.py
[2024-11-01T14:53:42.428+0000] {processor.py:925} INFO - DAG(s) 'tutorial_taskflow_api' retrieved from /home/airflow/.local/lib/python3.12/site-packages/airflow/example_dags/tutorial_taskflow_api.py
[2024-11-01T14:53:42.446+0000] {logging_mixin.py:190} INFO - [2024-11-01T14:53:42.446+0000] {dag.py:3239} INFO - Sync 1 DAGs
[2024-11-01T14:53:42.460+0000] {logging_mixin.py:190} INFO - [2024-11-01T14:53:42.459+0000] {dag.py:4180} INFO - Setting next_dagrun for tutorial_taskflow_api to None, run_after=None
[2024-11-01T14:53:42.479+0000] {processor.py:208} INFO - Processing /home/airflow/.local/lib/python3.12/site-packages/airflow/example_dags/tutorial_taskflow_api.py took 0.063 seconds
[2024-11-01T14:54:12.514+0000] {processor.py:186} INFO - Started process (PID=4028) to work on /home/airflow/.local/lib/python3.12/site-packages/airflow/example_dags/tutorial_taskflow_api.py
[2024-11-01T14:54:12.514+0000] {processor.py:914} INFO - Processing file /home/airflow/.local/lib/python3.12/site-packages/airflow/example_dags/tutorial_taskflow_api.py for tasks to queue
[2024-11-01T14:54:12.515+0000] {logging_mixin.py:190} INFO - [2024-11-01T14:54:12.515+0000] {dagbag.py:588} INFO - Filling up the DagBag from /home/airflow/.local/lib/python3.12/site-packages/airflow/example_dags/tutorial_taskflow_api.py
[2024-11-01T14:54:12.521+0000] {processor.py:925} INFO - DAG(s) 'tutorial_taskflow_api' retrieved from /home/airflow/.local/lib/python3.12/site-packages/airflow/example_dags/tutorial_taskflow_api.py
[2024-11-01T14:54:12.540+0000] {logging_mixin.py:190} INFO - [2024-11-01T14:54:12.540+0000] {dag.py:3239} INFO - Sync 1 DAGs
[2024-11-01T14:54:12.554+0000] {logging_mixin.py:190} INFO - [2024-11-01T14:54:12.553+0000] {dag.py:4180} INFO - Setting next_dagrun for tutorial_taskflow_api to None, run_after=None
[2024-11-01T14:54:12.571+0000] {processor.py:208} INFO - Processing /home/airflow/.local/lib/python3.12/site-packages/airflow/example_dags/tutorial_taskflow_api.py took 0.061 seconds
[2024-11-01T14:54:42.792+0000] {processor.py:186} INFO - Started process (PID=4094) to work on /home/airflow/.local/lib/python3.12/site-packages/airflow/example_dags/tutorial_taskflow_api.py
[2024-11-01T14:54:42.793+0000] {processor.py:914} INFO - Processing file /home/airflow/.local/lib/python3.12/site-packages/airflow/example_dags/tutorial_taskflow_api.py for tasks to queue
[2024-11-01T14:54:42.794+0000] {logging_mixin.py:190} INFO - [2024-11-01T14:54:42.794+0000] {dagbag.py:588} INFO - Filling up the DagBag from /home/airflow/.local/lib/python3.12/site-packages/airflow/example_dags/tutorial_taskflow_api.py
[2024-11-01T14:54:42.799+0000] {processor.py:925} INFO - DAG(s) 'tutorial_taskflow_api' retrieved from /home/airflow/.local/lib/python3.12/site-packages/airflow/example_dags/tutorial_taskflow_api.py
[2024-11-01T14:54:42.816+0000] {logging_mixin.py:190} INFO - [2024-11-01T14:54:42.815+0000] {dag.py:3239} INFO - Sync 1 DAGs
[2024-11-01T14:54:42.826+0000] {logging_mixin.py:190} INFO - [2024-11-01T14:54:42.826+0000] {dag.py:4180} INFO - Setting next_dagrun for tutorial_taskflow_api to None, run_after=None
[2024-11-01T14:54:42.840+0000] {processor.py:208} INFO - Processing /home/airflow/.local/lib/python3.12/site-packages/airflow/example_dags/tutorial_taskflow_api.py took 0.052 seconds
[2024-11-01T14:55:12.949+0000] {processor.py:186} INFO - Started process (PID=4158) to work on /home/airflow/.local/lib/python3.12/site-packages/airflow/example_dags/tutorial_taskflow_api.py
[2024-11-01T14:55:12.949+0000] {processor.py:914} INFO - Processing file /home/airflow/.local/lib/python3.12/site-packages/airflow/example_dags/tutorial_taskflow_api.py for tasks to queue
[2024-11-01T14:55:12.950+0000] {logging_mixin.py:190} INFO - [2024-11-01T14:55:12.950+0000] {dagbag.py:588} INFO - Filling up the DagBag from /home/airflow/.local/lib/python3.12/site-packages/airflow/example_dags/tutorial_taskflow_api.py
[2024-11-01T14:55:12.956+0000] {processor.py:925} INFO - DAG(s) 'tutorial_taskflow_api' retrieved from /home/airflow/.local/lib/python3.12/site-packages/airflow/example_dags/tutorial_taskflow_api.py
[2024-11-01T14:55:12.970+0000] {logging_mixin.py:190} INFO - [2024-11-01T14:55:12.970+0000] {dag.py:3239} INFO - Sync 1 DAGs
[2024-11-01T14:55:12.980+0000] {logging_mixin.py:190} INFO - [2024-11-01T14:55:12.980+0000] {dag.py:4180} INFO - Setting next_dagrun for tutorial_taskflow_api to None, run_after=None
[2024-11-01T14:55:12.996+0000] {processor.py:208} INFO - Processing /home/airflow/.local/lib/python3.12/site-packages/airflow/example_dags/tutorial_taskflow_api.py took 0.051 seconds
[2024-11-01T14:55:43.445+0000] {processor.py:186} INFO - Started process (PID=4223) to work on /home/airflow/.local/lib/python3.12/site-packages/airflow/example_dags/tutorial_taskflow_api.py
[2024-11-01T14:55:43.445+0000] {processor.py:914} INFO - Processing file /home/airflow/.local/lib/python3.12/site-packages/airflow/example_dags/tutorial_taskflow_api.py for tasks to queue
[2024-11-01T14:55:43.446+0000] {logging_mixin.py:190} INFO - [2024-11-01T14:55:43.446+0000] {dagbag.py:588} INFO - Filling up the DagBag from /home/airflow/.local/lib/python3.12/site-packages/airflow/example_dags/tutorial_taskflow_api.py
[2024-11-01T14:55:43.452+0000] {processor.py:925} INFO - DAG(s) 'tutorial_taskflow_api' retrieved from /home/airflow/.local/lib/python3.12/site-packages/airflow/example_dags/tutorial_taskflow_api.py
[2024-11-01T14:55:43.465+0000] {logging_mixin.py:190} INFO - [2024-11-01T14:55:43.464+0000] {dag.py:3239} INFO - Sync 1 DAGs
[2024-11-01T14:55:43.474+0000] {logging_mixin.py:190} INFO - [2024-11-01T14:55:43.474+0000] {dag.py:4180} INFO - Setting next_dagrun for tutorial_taskflow_api to None, run_after=None
[2024-11-01T14:55:43.489+0000] {processor.py:208} INFO - Processing /home/airflow/.local/lib/python3.12/site-packages/airflow/example_dags/tutorial_taskflow_api.py took 0.048 seconds
[2024-11-01T14:58:12.233+0000] {processor.py:186} INFO - Started process (PID=106) to work on /home/airflow/.local/lib/python3.12/site-packages/airflow/example_dags/tutorial_taskflow_api.py
[2024-11-01T14:58:12.234+0000] {processor.py:914} INFO - Processing file /home/airflow/.local/lib/python3.12/site-packages/airflow/example_dags/tutorial_taskflow_api.py for tasks to queue
[2024-11-01T14:58:12.236+0000] {logging_mixin.py:190} INFO - [2024-11-01T14:58:12.235+0000] {dagbag.py:588} INFO - Filling up the DagBag from /home/airflow/.local/lib/python3.12/site-packages/airflow/example_dags/tutorial_taskflow_api.py
[2024-11-01T14:58:12.243+0000] {processor.py:925} INFO - DAG(s) 'tutorial_taskflow_api' retrieved from /home/airflow/.local/lib/python3.12/site-packages/airflow/example_dags/tutorial_taskflow_api.py
[2024-11-01T14:58:12.261+0000] {logging_mixin.py:190} INFO - [2024-11-01T14:58:12.260+0000] {dag.py:3239} INFO - Sync 1 DAGs
[2024-11-01T14:58:12.273+0000] {logging_mixin.py:190} INFO - [2024-11-01T14:58:12.273+0000] {dag.py:4180} INFO - Setting next_dagrun for tutorial_taskflow_api to None, run_after=None
[2024-11-01T14:58:12.292+0000] {processor.py:208} INFO - Processing /home/airflow/.local/lib/python3.12/site-packages/airflow/example_dags/tutorial_taskflow_api.py took 0.064 seconds
[2024-11-01T14:58:43.315+0000] {processor.py:186} INFO - Started process (PID=171) to work on /home/airflow/.local/lib/python3.12/site-packages/airflow/example_dags/tutorial_taskflow_api.py
[2024-11-01T14:58:43.316+0000] {processor.py:914} INFO - Processing file /home/airflow/.local/lib/python3.12/site-packages/airflow/example_dags/tutorial_taskflow_api.py for tasks to queue
[2024-11-01T14:58:43.317+0000] {logging_mixin.py:190} INFO - [2024-11-01T14:58:43.317+0000] {dagbag.py:588} INFO - Filling up the DagBag from /home/airflow/.local/lib/python3.12/site-packages/airflow/example_dags/tutorial_taskflow_api.py
[2024-11-01T14:58:43.324+0000] {processor.py:925} INFO - DAG(s) 'tutorial_taskflow_api' retrieved from /home/airflow/.local/lib/python3.12/site-packages/airflow/example_dags/tutorial_taskflow_api.py
[2024-11-01T14:58:43.340+0000] {logging_mixin.py:190} INFO - [2024-11-01T14:58:43.339+0000] {dag.py:3239} INFO - Sync 1 DAGs
[2024-11-01T14:58:43.352+0000] {logging_mixin.py:190} INFO - [2024-11-01T14:58:43.352+0000] {dag.py:4180} INFO - Setting next_dagrun for tutorial_taskflow_api to None, run_after=None
[2024-11-01T14:58:43.372+0000] {processor.py:208} INFO - Processing /home/airflow/.local/lib/python3.12/site-packages/airflow/example_dags/tutorial_taskflow_api.py took 0.063 seconds
[2024-11-01T14:59:14.423+0000] {processor.py:186} INFO - Started process (PID=236) to work on /home/airflow/.local/lib/python3.12/site-packages/airflow/example_dags/tutorial_taskflow_api.py
[2024-11-01T14:59:14.423+0000] {processor.py:914} INFO - Processing file /home/airflow/.local/lib/python3.12/site-packages/airflow/example_dags/tutorial_taskflow_api.py for tasks to queue
[2024-11-01T14:59:14.425+0000] {logging_mixin.py:190} INFO - [2024-11-01T14:59:14.425+0000] {dagbag.py:588} INFO - Filling up the DagBag from /home/airflow/.local/lib/python3.12/site-packages/airflow/example_dags/tutorial_taskflow_api.py
[2024-11-01T14:59:14.431+0000] {processor.py:925} INFO - DAG(s) 'tutorial_taskflow_api' retrieved from /home/airflow/.local/lib/python3.12/site-packages/airflow/example_dags/tutorial_taskflow_api.py
[2024-11-01T14:59:14.445+0000] {logging_mixin.py:190} INFO - [2024-11-01T14:59:14.445+0000] {dag.py:3239} INFO - Sync 1 DAGs
[2024-11-01T14:59:14.457+0000] {logging_mixin.py:190} INFO - [2024-11-01T14:59:14.456+0000] {dag.py:4180} INFO - Setting next_dagrun for tutorial_taskflow_api to None, run_after=None
[2024-11-01T14:59:14.472+0000] {processor.py:208} INFO - Processing /home/airflow/.local/lib/python3.12/site-packages/airflow/example_dags/tutorial_taskflow_api.py took 0.054 seconds
[2024-11-01T14:59:44.549+0000] {processor.py:186} INFO - Started process (PID=300) to work on /home/airflow/.local/lib/python3.12/site-packages/airflow/example_dags/tutorial_taskflow_api.py
[2024-11-01T14:59:44.550+0000] {processor.py:914} INFO - Processing file /home/airflow/.local/lib/python3.12/site-packages/airflow/example_dags/tutorial_taskflow_api.py for tasks to queue
[2024-11-01T14:59:44.551+0000] {logging_mixin.py:190} INFO - [2024-11-01T14:59:44.551+0000] {dagbag.py:588} INFO - Filling up the DagBag from /home/airflow/.local/lib/python3.12/site-packages/airflow/example_dags/tutorial_taskflow_api.py
[2024-11-01T14:59:44.557+0000] {processor.py:925} INFO - DAG(s) 'tutorial_taskflow_api' retrieved from /home/airflow/.local/lib/python3.12/site-packages/airflow/example_dags/tutorial_taskflow_api.py
[2024-11-01T14:59:44.569+0000] {logging_mixin.py:190} INFO - [2024-11-01T14:59:44.569+0000] {dag.py:3239} INFO - Sync 1 DAGs
[2024-11-01T14:59:44.579+0000] {logging_mixin.py:190} INFO - [2024-11-01T14:59:44.579+0000] {dag.py:4180} INFO - Setting next_dagrun for tutorial_taskflow_api to None, run_after=None
[2024-11-01T14:59:44.593+0000] {processor.py:208} INFO - Processing /home/airflow/.local/lib/python3.12/site-packages/airflow/example_dags/tutorial_taskflow_api.py took 0.047 seconds
[2024-11-01T15:00:15.301+0000] {processor.py:186} INFO - Started process (PID=365) to work on /home/airflow/.local/lib/python3.12/site-packages/airflow/example_dags/tutorial_taskflow_api.py
[2024-11-01T15:00:15.301+0000] {processor.py:914} INFO - Processing file /home/airflow/.local/lib/python3.12/site-packages/airflow/example_dags/tutorial_taskflow_api.py for tasks to queue
[2024-11-01T15:00:15.303+0000] {logging_mixin.py:190} INFO - [2024-11-01T15:00:15.303+0000] {dagbag.py:588} INFO - Filling up the DagBag from /home/airflow/.local/lib/python3.12/site-packages/airflow/example_dags/tutorial_taskflow_api.py
[2024-11-01T15:00:15.309+0000] {processor.py:925} INFO - DAG(s) 'tutorial_taskflow_api' retrieved from /home/airflow/.local/lib/python3.12/site-packages/airflow/example_dags/tutorial_taskflow_api.py
[2024-11-01T15:00:15.323+0000] {logging_mixin.py:190} INFO - [2024-11-01T15:00:15.322+0000] {dag.py:3239} INFO - Sync 1 DAGs
[2024-11-01T15:00:15.332+0000] {logging_mixin.py:190} INFO - [2024-11-01T15:00:15.332+0000] {dag.py:4180} INFO - Setting next_dagrun for tutorial_taskflow_api to None, run_after=None
[2024-11-01T15:00:15.346+0000] {processor.py:208} INFO - Processing /home/airflow/.local/lib/python3.12/site-packages/airflow/example_dags/tutorial_taskflow_api.py took 0.050 seconds
[2024-11-01T15:01:56.835+0000] {processor.py:186} INFO - Started process (PID=101) to work on /home/airflow/.local/lib/python3.12/site-packages/airflow/example_dags/tutorial_taskflow_api.py
[2024-11-01T15:01:56.835+0000] {processor.py:914} INFO - Processing file /home/airflow/.local/lib/python3.12/site-packages/airflow/example_dags/tutorial_taskflow_api.py for tasks to queue
[2024-11-01T15:01:56.837+0000] {logging_mixin.py:190} INFO - [2024-11-01T15:01:56.837+0000] {dagbag.py:588} INFO - Filling up the DagBag from /home/airflow/.local/lib/python3.12/site-packages/airflow/example_dags/tutorial_taskflow_api.py
[2024-11-01T15:01:56.844+0000] {processor.py:925} INFO - DAG(s) 'tutorial_taskflow_api' retrieved from /home/airflow/.local/lib/python3.12/site-packages/airflow/example_dags/tutorial_taskflow_api.py
[2024-11-01T15:01:56.861+0000] {logging_mixin.py:190} INFO - [2024-11-01T15:01:56.861+0000] {dag.py:3239} INFO - Sync 1 DAGs
[2024-11-01T15:01:56.873+0000] {logging_mixin.py:190} INFO - [2024-11-01T15:01:56.872+0000] {dag.py:4180} INFO - Setting next_dagrun for tutorial_taskflow_api to None, run_after=None
[2024-11-01T15:01:56.891+0000] {processor.py:208} INFO - Processing /home/airflow/.local/lib/python3.12/site-packages/airflow/example_dags/tutorial_taskflow_api.py took 0.061 seconds
[2024-11-01T15:02:28.493+0000] {processor.py:186} INFO - Started process (PID=171) to work on /home/airflow/.local/lib/python3.12/site-packages/airflow/example_dags/tutorial_taskflow_api.py
[2024-11-01T15:02:28.494+0000] {processor.py:914} INFO - Processing file /home/airflow/.local/lib/python3.12/site-packages/airflow/example_dags/tutorial_taskflow_api.py for tasks to queue
[2024-11-01T15:02:28.496+0000] {logging_mixin.py:190} INFO - [2024-11-01T15:02:28.496+0000] {dagbag.py:588} INFO - Filling up the DagBag from /home/airflow/.local/lib/python3.12/site-packages/airflow/example_dags/tutorial_taskflow_api.py
[2024-11-01T15:02:28.502+0000] {processor.py:925} INFO - DAG(s) 'tutorial_taskflow_api' retrieved from /home/airflow/.local/lib/python3.12/site-packages/airflow/example_dags/tutorial_taskflow_api.py
[2024-11-01T15:02:28.522+0000] {logging_mixin.py:190} INFO - [2024-11-01T15:02:28.521+0000] {dag.py:3239} INFO - Sync 1 DAGs
[2024-11-01T15:02:28.542+0000] {logging_mixin.py:190} INFO - [2024-11-01T15:02:28.541+0000] {dag.py:4180} INFO - Setting next_dagrun for tutorial_taskflow_api to None, run_after=None
[2024-11-01T15:02:28.561+0000] {processor.py:208} INFO - Processing /home/airflow/.local/lib/python3.12/site-packages/airflow/example_dags/tutorial_taskflow_api.py took 0.074 seconds
[2024-11-01T15:02:59.491+0000] {processor.py:186} INFO - Started process (PID=236) to work on /home/airflow/.local/lib/python3.12/site-packages/airflow/example_dags/tutorial_taskflow_api.py
[2024-11-01T15:02:59.492+0000] {processor.py:914} INFO - Processing file /home/airflow/.local/lib/python3.12/site-packages/airflow/example_dags/tutorial_taskflow_api.py for tasks to queue
[2024-11-01T15:02:59.494+0000] {logging_mixin.py:190} INFO - [2024-11-01T15:02:59.493+0000] {dagbag.py:588} INFO - Filling up the DagBag from /home/airflow/.local/lib/python3.12/site-packages/airflow/example_dags/tutorial_taskflow_api.py
[2024-11-01T15:02:59.507+0000] {processor.py:925} INFO - DAG(s) 'tutorial_taskflow_api' retrieved from /home/airflow/.local/lib/python3.12/site-packages/airflow/example_dags/tutorial_taskflow_api.py
[2024-11-01T15:02:59.537+0000] {logging_mixin.py:190} INFO - [2024-11-01T15:02:59.536+0000] {dag.py:3239} INFO - Sync 1 DAGs
[2024-11-01T15:02:59.557+0000] {logging_mixin.py:190} INFO - [2024-11-01T15:02:59.557+0000] {dag.py:4180} INFO - Setting next_dagrun for tutorial_taskflow_api to None, run_after=None
[2024-11-01T15:02:59.581+0000] {processor.py:208} INFO - Processing /home/airflow/.local/lib/python3.12/site-packages/airflow/example_dags/tutorial_taskflow_api.py took 0.097 seconds
[2024-11-01T15:03:30.543+0000] {processor.py:186} INFO - Started process (PID=301) to work on /home/airflow/.local/lib/python3.12/site-packages/airflow/example_dags/tutorial_taskflow_api.py
[2024-11-01T15:03:30.544+0000] {processor.py:914} INFO - Processing file /home/airflow/.local/lib/python3.12/site-packages/airflow/example_dags/tutorial_taskflow_api.py for tasks to queue
[2024-11-01T15:03:30.546+0000] {logging_mixin.py:190} INFO - [2024-11-01T15:03:30.545+0000] {dagbag.py:588} INFO - Filling up the DagBag from /home/airflow/.local/lib/python3.12/site-packages/airflow/example_dags/tutorial_taskflow_api.py
[2024-11-01T15:03:30.558+0000] {processor.py:925} INFO - DAG(s) 'tutorial_taskflow_api' retrieved from /home/airflow/.local/lib/python3.12/site-packages/airflow/example_dags/tutorial_taskflow_api.py
[2024-11-01T15:03:30.577+0000] {logging_mixin.py:190} INFO - [2024-11-01T15:03:30.576+0000] {dag.py:3239} INFO - Sync 1 DAGs
[2024-11-01T15:03:30.592+0000] {logging_mixin.py:190} INFO - [2024-11-01T15:03:30.591+0000] {dag.py:4180} INFO - Setting next_dagrun for tutorial_taskflow_api to None, run_after=None
[2024-11-01T15:03:30.612+0000] {processor.py:208} INFO - Processing /home/airflow/.local/lib/python3.12/site-packages/airflow/example_dags/tutorial_taskflow_api.py took 0.074 seconds
[2024-11-01T15:04:01.818+0000] {processor.py:186} INFO - Started process (PID=366) to work on /home/airflow/.local/lib/python3.12/site-packages/airflow/example_dags/tutorial_taskflow_api.py
[2024-11-01T15:04:01.819+0000] {processor.py:914} INFO - Processing file /home/airflow/.local/lib/python3.12/site-packages/airflow/example_dags/tutorial_taskflow_api.py for tasks to queue
[2024-11-01T15:04:01.820+0000] {logging_mixin.py:190} INFO - [2024-11-01T15:04:01.820+0000] {dagbag.py:588} INFO - Filling up the DagBag from /home/airflow/.local/lib/python3.12/site-packages/airflow/example_dags/tutorial_taskflow_api.py
[2024-11-01T15:04:01.826+0000] {processor.py:925} INFO - DAG(s) 'tutorial_taskflow_api' retrieved from /home/airflow/.local/lib/python3.12/site-packages/airflow/example_dags/tutorial_taskflow_api.py
[2024-11-01T15:04:01.840+0000] {logging_mixin.py:190} INFO - [2024-11-01T15:04:01.840+0000] {dag.py:3239} INFO - Sync 1 DAGs
[2024-11-01T15:04:01.850+0000] {logging_mixin.py:190} INFO - [2024-11-01T15:04:01.850+0000] {dag.py:4180} INFO - Setting next_dagrun for tutorial_taskflow_api to None, run_after=None
[2024-11-01T15:04:01.864+0000] {processor.py:208} INFO - Processing /home/airflow/.local/lib/python3.12/site-packages/airflow/example_dags/tutorial_taskflow_api.py took 0.050 seconds
[2024-11-01T15:04:31.916+0000] {processor.py:186} INFO - Started process (PID=431) to work on /home/airflow/.local/lib/python3.12/site-packages/airflow/example_dags/tutorial_taskflow_api.py
[2024-11-01T15:04:31.916+0000] {processor.py:914} INFO - Processing file /home/airflow/.local/lib/python3.12/site-packages/airflow/example_dags/tutorial_taskflow_api.py for tasks to queue
[2024-11-01T15:04:31.918+0000] {logging_mixin.py:190} INFO - [2024-11-01T15:04:31.918+0000] {dagbag.py:588} INFO - Filling up the DagBag from /home/airflow/.local/lib/python3.12/site-packages/airflow/example_dags/tutorial_taskflow_api.py
[2024-11-01T15:04:31.923+0000] {processor.py:925} INFO - DAG(s) 'tutorial_taskflow_api' retrieved from /home/airflow/.local/lib/python3.12/site-packages/airflow/example_dags/tutorial_taskflow_api.py
[2024-11-01T15:04:31.935+0000] {logging_mixin.py:190} INFO - [2024-11-01T15:04:31.935+0000] {dag.py:3239} INFO - Sync 1 DAGs
[2024-11-01T15:04:31.944+0000] {logging_mixin.py:190} INFO - [2024-11-01T15:04:31.944+0000] {dag.py:4180} INFO - Setting next_dagrun for tutorial_taskflow_api to None, run_after=None
[2024-11-01T15:04:31.958+0000] {processor.py:208} INFO - Processing /home/airflow/.local/lib/python3.12/site-packages/airflow/example_dags/tutorial_taskflow_api.py took 0.046 seconds
[2024-11-01T15:05:02.373+0000] {processor.py:186} INFO - Started process (PID=495) to work on /home/airflow/.local/lib/python3.12/site-packages/airflow/example_dags/tutorial_taskflow_api.py
[2024-11-01T15:05:02.374+0000] {processor.py:914} INFO - Processing file /home/airflow/.local/lib/python3.12/site-packages/airflow/example_dags/tutorial_taskflow_api.py for tasks to queue
[2024-11-01T15:05:02.376+0000] {logging_mixin.py:190} INFO - [2024-11-01T15:05:02.375+0000] {dagbag.py:588} INFO - Filling up the DagBag from /home/airflow/.local/lib/python3.12/site-packages/airflow/example_dags/tutorial_taskflow_api.py
[2024-11-01T15:05:02.382+0000] {processor.py:925} INFO - DAG(s) 'tutorial_taskflow_api' retrieved from /home/airflow/.local/lib/python3.12/site-packages/airflow/example_dags/tutorial_taskflow_api.py
[2024-11-01T15:05:02.395+0000] {logging_mixin.py:190} INFO - [2024-11-01T15:05:02.395+0000] {dag.py:3239} INFO - Sync 1 DAGs
[2024-11-01T15:05:02.407+0000] {logging_mixin.py:190} INFO - [2024-11-01T15:05:02.406+0000] {dag.py:4180} INFO - Setting next_dagrun for tutorial_taskflow_api to None, run_after=None
[2024-11-01T15:05:02.422+0000] {processor.py:208} INFO - Processing /home/airflow/.local/lib/python3.12/site-packages/airflow/example_dags/tutorial_taskflow_api.py took 0.053 seconds
[2024-11-01T15:05:32.577+0000] {processor.py:186} INFO - Started process (PID=560) to work on /home/airflow/.local/lib/python3.12/site-packages/airflow/example_dags/tutorial_taskflow_api.py
[2024-11-01T15:05:32.578+0000] {processor.py:914} INFO - Processing file /home/airflow/.local/lib/python3.12/site-packages/airflow/example_dags/tutorial_taskflow_api.py for tasks to queue
[2024-11-01T15:05:32.579+0000] {logging_mixin.py:190} INFO - [2024-11-01T15:05:32.579+0000] {dagbag.py:588} INFO - Filling up the DagBag from /home/airflow/.local/lib/python3.12/site-packages/airflow/example_dags/tutorial_taskflow_api.py
[2024-11-01T15:05:32.584+0000] {processor.py:925} INFO - DAG(s) 'tutorial_taskflow_api' retrieved from /home/airflow/.local/lib/python3.12/site-packages/airflow/example_dags/tutorial_taskflow_api.py
[2024-11-01T15:05:32.597+0000] {logging_mixin.py:190} INFO - [2024-11-01T15:05:32.596+0000] {dag.py:3239} INFO - Sync 1 DAGs
[2024-11-01T15:05:32.606+0000] {logging_mixin.py:190} INFO - [2024-11-01T15:05:32.605+0000] {dag.py:4180} INFO - Setting next_dagrun for tutorial_taskflow_api to None, run_after=None
[2024-11-01T15:05:32.618+0000] {processor.py:208} INFO - Processing /home/airflow/.local/lib/python3.12/site-packages/airflow/example_dags/tutorial_taskflow_api.py took 0.044 seconds
[2024-11-01T15:06:02.957+0000] {processor.py:186} INFO - Started process (PID=625) to work on /home/airflow/.local/lib/python3.12/site-packages/airflow/example_dags/tutorial_taskflow_api.py
[2024-11-01T15:06:02.957+0000] {processor.py:914} INFO - Processing file /home/airflow/.local/lib/python3.12/site-packages/airflow/example_dags/tutorial_taskflow_api.py for tasks to queue
[2024-11-01T15:06:02.959+0000] {logging_mixin.py:190} INFO - [2024-11-01T15:06:02.959+0000] {dagbag.py:588} INFO - Filling up the DagBag from /home/airflow/.local/lib/python3.12/site-packages/airflow/example_dags/tutorial_taskflow_api.py
[2024-11-01T15:06:02.968+0000] {processor.py:925} INFO - DAG(s) 'tutorial_taskflow_api' retrieved from /home/airflow/.local/lib/python3.12/site-packages/airflow/example_dags/tutorial_taskflow_api.py
[2024-11-01T15:06:02.984+0000] {logging_mixin.py:190} INFO - [2024-11-01T15:06:02.984+0000] {dag.py:3239} INFO - Sync 1 DAGs
[2024-11-01T15:06:02.996+0000] {logging_mixin.py:190} INFO - [2024-11-01T15:06:02.996+0000] {dag.py:4180} INFO - Setting next_dagrun for tutorial_taskflow_api to None, run_after=None
[2024-11-01T15:06:03.010+0000] {processor.py:208} INFO - Processing /home/airflow/.local/lib/python3.12/site-packages/airflow/example_dags/tutorial_taskflow_api.py took 0.058 seconds
[2024-11-01T15:06:33.449+0000] {processor.py:186} INFO - Started process (PID=690) to work on /home/airflow/.local/lib/python3.12/site-packages/airflow/example_dags/tutorial_taskflow_api.py
[2024-11-01T15:06:33.449+0000] {processor.py:914} INFO - Processing file /home/airflow/.local/lib/python3.12/site-packages/airflow/example_dags/tutorial_taskflow_api.py for tasks to queue
[2024-11-01T15:06:33.451+0000] {logging_mixin.py:190} INFO - [2024-11-01T15:06:33.451+0000] {dagbag.py:588} INFO - Filling up the DagBag from /home/airflow/.local/lib/python3.12/site-packages/airflow/example_dags/tutorial_taskflow_api.py
[2024-11-01T15:06:33.457+0000] {processor.py:925} INFO - DAG(s) 'tutorial_taskflow_api' retrieved from /home/airflow/.local/lib/python3.12/site-packages/airflow/example_dags/tutorial_taskflow_api.py
[2024-11-01T15:06:33.470+0000] {logging_mixin.py:190} INFO - [2024-11-01T15:06:33.470+0000] {dag.py:3239} INFO - Sync 1 DAGs
[2024-11-01T15:06:33.481+0000] {logging_mixin.py:190} INFO - [2024-11-01T15:06:33.480+0000] {dag.py:4180} INFO - Setting next_dagrun for tutorial_taskflow_api to None, run_after=None
[2024-11-01T15:06:33.496+0000] {processor.py:208} INFO - Processing /home/airflow/.local/lib/python3.12/site-packages/airflow/example_dags/tutorial_taskflow_api.py took 0.052 seconds
[2024-11-01T15:07:03.741+0000] {processor.py:186} INFO - Started process (PID=755) to work on /home/airflow/.local/lib/python3.12/site-packages/airflow/example_dags/tutorial_taskflow_api.py
[2024-11-01T15:07:03.742+0000] {processor.py:914} INFO - Processing file /home/airflow/.local/lib/python3.12/site-packages/airflow/example_dags/tutorial_taskflow_api.py for tasks to queue
[2024-11-01T15:07:03.744+0000] {logging_mixin.py:190} INFO - [2024-11-01T15:07:03.744+0000] {dagbag.py:588} INFO - Filling up the DagBag from /home/airflow/.local/lib/python3.12/site-packages/airflow/example_dags/tutorial_taskflow_api.py
[2024-11-01T15:07:03.751+0000] {processor.py:925} INFO - DAG(s) 'tutorial_taskflow_api' retrieved from /home/airflow/.local/lib/python3.12/site-packages/airflow/example_dags/tutorial_taskflow_api.py
[2024-11-01T15:07:03.765+0000] {logging_mixin.py:190} INFO - [2024-11-01T15:07:03.764+0000] {dag.py:3239} INFO - Sync 1 DAGs
[2024-11-01T15:07:03.776+0000] {logging_mixin.py:190} INFO - [2024-11-01T15:07:03.776+0000] {dag.py:4180} INFO - Setting next_dagrun for tutorial_taskflow_api to None, run_after=None
[2024-11-01T15:07:03.791+0000] {processor.py:208} INFO - Processing /home/airflow/.local/lib/python3.12/site-packages/airflow/example_dags/tutorial_taskflow_api.py took 0.055 seconds
[2024-11-01T15:07:34.629+0000] {processor.py:186} INFO - Started process (PID=820) to work on /home/airflow/.local/lib/python3.12/site-packages/airflow/example_dags/tutorial_taskflow_api.py
[2024-11-01T15:07:34.630+0000] {processor.py:914} INFO - Processing file /home/airflow/.local/lib/python3.12/site-packages/airflow/example_dags/tutorial_taskflow_api.py for tasks to queue
[2024-11-01T15:07:34.631+0000] {logging_mixin.py:190} INFO - [2024-11-01T15:07:34.631+0000] {dagbag.py:588} INFO - Filling up the DagBag from /home/airflow/.local/lib/python3.12/site-packages/airflow/example_dags/tutorial_taskflow_api.py
[2024-11-01T15:07:34.637+0000] {processor.py:925} INFO - DAG(s) 'tutorial_taskflow_api' retrieved from /home/airflow/.local/lib/python3.12/site-packages/airflow/example_dags/tutorial_taskflow_api.py
[2024-11-01T15:07:34.650+0000] {logging_mixin.py:190} INFO - [2024-11-01T15:07:34.649+0000] {dag.py:3239} INFO - Sync 1 DAGs
[2024-11-01T15:07:34.659+0000] {logging_mixin.py:190} INFO - [2024-11-01T15:07:34.659+0000] {dag.py:4180} INFO - Setting next_dagrun for tutorial_taskflow_api to None, run_after=None
[2024-11-01T15:07:34.675+0000] {processor.py:208} INFO - Processing /home/airflow/.local/lib/python3.12/site-packages/airflow/example_dags/tutorial_taskflow_api.py took 0.050 seconds
[2024-11-01T15:08:45.964+0000] {processor.py:186} INFO - Started process (PID=890) to work on /home/airflow/.local/lib/python3.12/site-packages/airflow/example_dags/tutorial_taskflow_api.py
[2024-11-01T15:08:45.965+0000] {processor.py:914} INFO - Processing file /home/airflow/.local/lib/python3.12/site-packages/airflow/example_dags/tutorial_taskflow_api.py for tasks to queue
[2024-11-01T15:08:45.967+0000] {logging_mixin.py:190} INFO - [2024-11-01T15:08:45.967+0000] {dagbag.py:588} INFO - Filling up the DagBag from /home/airflow/.local/lib/python3.12/site-packages/airflow/example_dags/tutorial_taskflow_api.py
[2024-11-01T15:08:45.974+0000] {processor.py:925} INFO - DAG(s) 'tutorial_taskflow_api' retrieved from /home/airflow/.local/lib/python3.12/site-packages/airflow/example_dags/tutorial_taskflow_api.py
[2024-11-01T15:08:45.994+0000] {logging_mixin.py:190} INFO - [2024-11-01T15:08:45.994+0000] {dag.py:3239} INFO - Sync 1 DAGs
[2024-11-01T15:08:46.009+0000] {logging_mixin.py:190} INFO - [2024-11-01T15:08:46.009+0000] {dag.py:4180} INFO - Setting next_dagrun for tutorial_taskflow_api to None, run_after=None
[2024-11-01T15:08:46.029+0000] {processor.py:208} INFO - Processing /home/airflow/.local/lib/python3.12/site-packages/airflow/example_dags/tutorial_taskflow_api.py took 0.070 seconds
[2024-11-01T15:09:16.267+0000] {processor.py:186} INFO - Started process (PID=955) to work on /home/airflow/.local/lib/python3.12/site-packages/airflow/example_dags/tutorial_taskflow_api.py
[2024-11-01T15:09:16.268+0000] {processor.py:914} INFO - Processing file /home/airflow/.local/lib/python3.12/site-packages/airflow/example_dags/tutorial_taskflow_api.py for tasks to queue
[2024-11-01T15:09:16.269+0000] {logging_mixin.py:190} INFO - [2024-11-01T15:09:16.269+0000] {dagbag.py:588} INFO - Filling up the DagBag from /home/airflow/.local/lib/python3.12/site-packages/airflow/example_dags/tutorial_taskflow_api.py
[2024-11-01T15:09:16.274+0000] {processor.py:925} INFO - DAG(s) 'tutorial_taskflow_api' retrieved from /home/airflow/.local/lib/python3.12/site-packages/airflow/example_dags/tutorial_taskflow_api.py
[2024-11-01T15:09:16.287+0000] {logging_mixin.py:190} INFO - [2024-11-01T15:09:16.287+0000] {dag.py:3239} INFO - Sync 1 DAGs
[2024-11-01T15:09:16.297+0000] {logging_mixin.py:190} INFO - [2024-11-01T15:09:16.297+0000] {dag.py:4180} INFO - Setting next_dagrun for tutorial_taskflow_api to None, run_after=None
[2024-11-01T15:09:16.311+0000] {processor.py:208} INFO - Processing /home/airflow/.local/lib/python3.12/site-packages/airflow/example_dags/tutorial_taskflow_api.py took 0.047 seconds
[2024-11-01T15:09:47.072+0000] {processor.py:186} INFO - Started process (PID=1020) to work on /home/airflow/.local/lib/python3.12/site-packages/airflow/example_dags/tutorial_taskflow_api.py
[2024-11-01T15:09:47.072+0000] {processor.py:914} INFO - Processing file /home/airflow/.local/lib/python3.12/site-packages/airflow/example_dags/tutorial_taskflow_api.py for tasks to queue
[2024-11-01T15:09:47.073+0000] {logging_mixin.py:190} INFO - [2024-11-01T15:09:47.073+0000] {dagbag.py:588} INFO - Filling up the DagBag from /home/airflow/.local/lib/python3.12/site-packages/airflow/example_dags/tutorial_taskflow_api.py
[2024-11-01T15:09:47.079+0000] {processor.py:925} INFO - DAG(s) 'tutorial_taskflow_api' retrieved from /home/airflow/.local/lib/python3.12/site-packages/airflow/example_dags/tutorial_taskflow_api.py
[2024-11-01T15:09:47.093+0000] {logging_mixin.py:190} INFO - [2024-11-01T15:09:47.092+0000] {dag.py:3239} INFO - Sync 1 DAGs
[2024-11-01T15:09:47.103+0000] {logging_mixin.py:190} INFO - [2024-11-01T15:09:47.103+0000] {dag.py:4180} INFO - Setting next_dagrun for tutorial_taskflow_api to None, run_after=None
[2024-11-01T15:09:47.118+0000] {processor.py:208} INFO - Processing /home/airflow/.local/lib/python3.12/site-packages/airflow/example_dags/tutorial_taskflow_api.py took 0.050 seconds
[2024-11-01T15:10:17.828+0000] {processor.py:186} INFO - Started process (PID=1085) to work on /home/airflow/.local/lib/python3.12/site-packages/airflow/example_dags/tutorial_taskflow_api.py
[2024-11-01T15:10:17.828+0000] {processor.py:914} INFO - Processing file /home/airflow/.local/lib/python3.12/site-packages/airflow/example_dags/tutorial_taskflow_api.py for tasks to queue
[2024-11-01T15:10:17.829+0000] {logging_mixin.py:190} INFO - [2024-11-01T15:10:17.829+0000] {dagbag.py:588} INFO - Filling up the DagBag from /home/airflow/.local/lib/python3.12/site-packages/airflow/example_dags/tutorial_taskflow_api.py
[2024-11-01T15:10:17.835+0000] {processor.py:925} INFO - DAG(s) 'tutorial_taskflow_api' retrieved from /home/airflow/.local/lib/python3.12/site-packages/airflow/example_dags/tutorial_taskflow_api.py
[2024-11-01T15:10:17.848+0000] {logging_mixin.py:190} INFO - [2024-11-01T15:10:17.848+0000] {dag.py:3239} INFO - Sync 1 DAGs
[2024-11-01T15:10:17.859+0000] {logging_mixin.py:190} INFO - [2024-11-01T15:10:17.859+0000] {dag.py:4180} INFO - Setting next_dagrun for tutorial_taskflow_api to None, run_after=None
[2024-11-01T15:10:17.875+0000] {processor.py:208} INFO - Processing /home/airflow/.local/lib/python3.12/site-packages/airflow/example_dags/tutorial_taskflow_api.py took 0.051 seconds
[2024-11-01T15:10:48.395+0000] {processor.py:186} INFO - Started process (PID=1149) to work on /home/airflow/.local/lib/python3.12/site-packages/airflow/example_dags/tutorial_taskflow_api.py
[2024-11-01T15:10:48.397+0000] {processor.py:914} INFO - Processing file /home/airflow/.local/lib/python3.12/site-packages/airflow/example_dags/tutorial_taskflow_api.py for tasks to queue
[2024-11-01T15:10:48.398+0000] {logging_mixin.py:190} INFO - [2024-11-01T15:10:48.398+0000] {dagbag.py:588} INFO - Filling up the DagBag from /home/airflow/.local/lib/python3.12/site-packages/airflow/example_dags/tutorial_taskflow_api.py
[2024-11-01T15:10:48.404+0000] {processor.py:925} INFO - DAG(s) 'tutorial_taskflow_api' retrieved from /home/airflow/.local/lib/python3.12/site-packages/airflow/example_dags/tutorial_taskflow_api.py
[2024-11-01T15:10:48.418+0000] {logging_mixin.py:190} INFO - [2024-11-01T15:10:48.418+0000] {dag.py:3239} INFO - Sync 1 DAGs
[2024-11-01T15:10:48.428+0000] {logging_mixin.py:190} INFO - [2024-11-01T15:10:48.428+0000] {dag.py:4180} INFO - Setting next_dagrun for tutorial_taskflow_api to None, run_after=None
[2024-11-01T15:10:48.443+0000] {processor.py:208} INFO - Processing /home/airflow/.local/lib/python3.12/site-packages/airflow/example_dags/tutorial_taskflow_api.py took 0.052 seconds
[2024-11-01T15:11:19.789+0000] {processor.py:186} INFO - Started process (PID=1215) to work on /home/airflow/.local/lib/python3.12/site-packages/airflow/example_dags/tutorial_taskflow_api.py
[2024-11-01T15:11:19.790+0000] {processor.py:914} INFO - Processing file /home/airflow/.local/lib/python3.12/site-packages/airflow/example_dags/tutorial_taskflow_api.py for tasks to queue
[2024-11-01T15:11:19.791+0000] {logging_mixin.py:190} INFO - [2024-11-01T15:11:19.790+0000] {dagbag.py:588} INFO - Filling up the DagBag from /home/airflow/.local/lib/python3.12/site-packages/airflow/example_dags/tutorial_taskflow_api.py
[2024-11-01T15:11:19.802+0000] {processor.py:925} INFO - DAG(s) 'tutorial_taskflow_api' retrieved from /home/airflow/.local/lib/python3.12/site-packages/airflow/example_dags/tutorial_taskflow_api.py
[2024-11-01T15:11:19.835+0000] {logging_mixin.py:190} INFO - [2024-11-01T15:11:19.835+0000] {dag.py:3239} INFO - Sync 1 DAGs
[2024-11-01T15:11:19.856+0000] {logging_mixin.py:190} INFO - [2024-11-01T15:11:19.855+0000] {dag.py:4180} INFO - Setting next_dagrun for tutorial_taskflow_api to None, run_after=None
[2024-11-01T15:11:19.886+0000] {processor.py:208} INFO - Processing /home/airflow/.local/lib/python3.12/site-packages/airflow/example_dags/tutorial_taskflow_api.py took 0.105 seconds
[2024-11-01T15:11:50.464+0000] {processor.py:186} INFO - Started process (PID=1280) to work on /home/airflow/.local/lib/python3.12/site-packages/airflow/example_dags/tutorial_taskflow_api.py
[2024-11-01T15:11:50.465+0000] {processor.py:914} INFO - Processing file /home/airflow/.local/lib/python3.12/site-packages/airflow/example_dags/tutorial_taskflow_api.py for tasks to queue
[2024-11-01T15:11:50.467+0000] {logging_mixin.py:190} INFO - [2024-11-01T15:11:50.467+0000] {dagbag.py:588} INFO - Filling up the DagBag from /home/airflow/.local/lib/python3.12/site-packages/airflow/example_dags/tutorial_taskflow_api.py
[2024-11-01T15:11:50.479+0000] {processor.py:925} INFO - DAG(s) 'tutorial_taskflow_api' retrieved from /home/airflow/.local/lib/python3.12/site-packages/airflow/example_dags/tutorial_taskflow_api.py
[2024-11-01T15:11:50.507+0000] {logging_mixin.py:190} INFO - [2024-11-01T15:11:50.507+0000] {dag.py:3239} INFO - Sync 1 DAGs
[2024-11-01T15:11:50.525+0000] {logging_mixin.py:190} INFO - [2024-11-01T15:11:50.525+0000] {dag.py:4180} INFO - Setting next_dagrun for tutorial_taskflow_api to None, run_after=None
[2024-11-01T15:11:50.557+0000] {processor.py:208} INFO - Processing /home/airflow/.local/lib/python3.12/site-packages/airflow/example_dags/tutorial_taskflow_api.py took 0.101 seconds
[2024-11-01T15:12:22.193+0000] {processor.py:186} INFO - Started process (PID=1345) to work on /home/airflow/.local/lib/python3.12/site-packages/airflow/example_dags/tutorial_taskflow_api.py
[2024-11-01T15:12:22.194+0000] {processor.py:914} INFO - Processing file /home/airflow/.local/lib/python3.12/site-packages/airflow/example_dags/tutorial_taskflow_api.py for tasks to queue
[2024-11-01T15:12:22.195+0000] {logging_mixin.py:190} INFO - [2024-11-01T15:12:22.194+0000] {dagbag.py:588} INFO - Filling up the DagBag from /home/airflow/.local/lib/python3.12/site-packages/airflow/example_dags/tutorial_taskflow_api.py
[2024-11-01T15:12:22.201+0000] {processor.py:925} INFO - DAG(s) 'tutorial_taskflow_api' retrieved from /home/airflow/.local/lib/python3.12/site-packages/airflow/example_dags/tutorial_taskflow_api.py
[2024-11-01T15:12:22.215+0000] {logging_mixin.py:190} INFO - [2024-11-01T15:12:22.214+0000] {dag.py:3239} INFO - Sync 1 DAGs
[2024-11-01T15:12:22.224+0000] {logging_mixin.py:190} INFO - [2024-11-01T15:12:22.224+0000] {dag.py:4180} INFO - Setting next_dagrun for tutorial_taskflow_api to None, run_after=None
[2024-11-01T15:12:22.399+0000] {processor.py:208} INFO - Processing /home/airflow/.local/lib/python3.12/site-packages/airflow/example_dags/tutorial_taskflow_api.py took 0.210 seconds
[2024-11-01T15:12:55.158+0000] {processor.py:186} INFO - Started process (PID=1419) to work on /home/airflow/.local/lib/python3.12/site-packages/airflow/example_dags/tutorial_taskflow_api.py
[2024-11-01T15:12:55.159+0000] {processor.py:914} INFO - Processing file /home/airflow/.local/lib/python3.12/site-packages/airflow/example_dags/tutorial_taskflow_api.py for tasks to queue
[2024-11-01T15:12:55.160+0000] {logging_mixin.py:190} INFO - [2024-11-01T15:12:55.159+0000] {dagbag.py:588} INFO - Filling up the DagBag from /home/airflow/.local/lib/python3.12/site-packages/airflow/example_dags/tutorial_taskflow_api.py
[2024-11-01T15:12:55.166+0000] {processor.py:925} INFO - DAG(s) 'tutorial_taskflow_api' retrieved from /home/airflow/.local/lib/python3.12/site-packages/airflow/example_dags/tutorial_taskflow_api.py
[2024-11-01T15:12:55.180+0000] {logging_mixin.py:190} INFO - [2024-11-01T15:12:55.180+0000] {dag.py:3239} INFO - Sync 1 DAGs
[2024-11-01T15:12:55.352+0000] {logging_mixin.py:190} INFO - [2024-11-01T15:12:55.352+0000] {dag.py:4180} INFO - Setting next_dagrun for tutorial_taskflow_api to None, run_after=None
[2024-11-01T15:12:55.367+0000] {processor.py:208} INFO - Processing /home/airflow/.local/lib/python3.12/site-packages/airflow/example_dags/tutorial_taskflow_api.py took 0.213 seconds
[2024-11-01T15:13:28.322+0000] {processor.py:186} INFO - Started process (PID=1485) to work on /home/airflow/.local/lib/python3.12/site-packages/airflow/example_dags/tutorial_taskflow_api.py
[2024-11-01T15:13:28.323+0000] {processor.py:914} INFO - Processing file /home/airflow/.local/lib/python3.12/site-packages/airflow/example_dags/tutorial_taskflow_api.py for tasks to queue
[2024-11-01T15:13:28.323+0000] {logging_mixin.py:190} INFO - [2024-11-01T15:13:28.323+0000] {dagbag.py:588} INFO - Filling up the DagBag from /home/airflow/.local/lib/python3.12/site-packages/airflow/example_dags/tutorial_taskflow_api.py
[2024-11-01T15:13:28.330+0000] {processor.py:925} INFO - DAG(s) 'tutorial_taskflow_api' retrieved from /home/airflow/.local/lib/python3.12/site-packages/airflow/example_dags/tutorial_taskflow_api.py
[2024-11-01T15:13:28.509+0000] {logging_mixin.py:190} INFO - [2024-11-01T15:13:28.509+0000] {dag.py:3239} INFO - Sync 1 DAGs
[2024-11-01T15:13:28.518+0000] {logging_mixin.py:190} INFO - [2024-11-01T15:13:28.518+0000] {dag.py:4180} INFO - Setting next_dagrun for tutorial_taskflow_api to None, run_after=None
[2024-11-01T15:13:28.530+0000] {processor.py:208} INFO - Processing /home/airflow/.local/lib/python3.12/site-packages/airflow/example_dags/tutorial_taskflow_api.py took 0.212 seconds
[2024-11-01T15:14:43.406+0000] {processor.py:186} INFO - Started process (PID=1583) to work on /home/airflow/.local/lib/python3.12/site-packages/airflow/example_dags/tutorial_taskflow_api.py
[2024-11-01T15:14:43.407+0000] {processor.py:914} INFO - Processing file /home/airflow/.local/lib/python3.12/site-packages/airflow/example_dags/tutorial_taskflow_api.py for tasks to queue
[2024-11-01T15:14:43.408+0000] {logging_mixin.py:190} INFO - [2024-11-01T15:14:43.407+0000] {dagbag.py:588} INFO - Filling up the DagBag from /home/airflow/.local/lib/python3.12/site-packages/airflow/example_dags/tutorial_taskflow_api.py
[2024-11-01T15:14:43.413+0000] {processor.py:925} INFO - DAG(s) 'tutorial_taskflow_api' retrieved from /home/airflow/.local/lib/python3.12/site-packages/airflow/example_dags/tutorial_taskflow_api.py
[2024-11-01T15:14:43.427+0000] {logging_mixin.py:190} INFO - [2024-11-01T15:14:43.427+0000] {dag.py:3239} INFO - Sync 1 DAGs
[2024-11-01T15:14:43.438+0000] {logging_mixin.py:190} INFO - [2024-11-01T15:14:43.437+0000] {dag.py:4180} INFO - Setting next_dagrun for tutorial_taskflow_api to None, run_after=None
[2024-11-01T15:14:43.453+0000] {processor.py:208} INFO - Processing /home/airflow/.local/lib/python3.12/site-packages/airflow/example_dags/tutorial_taskflow_api.py took 0.051 seconds
[2024-11-01T15:15:14.742+0000] {processor.py:186} INFO - Started process (PID=1649) to work on /home/airflow/.local/lib/python3.12/site-packages/airflow/example_dags/tutorial_taskflow_api.py
[2024-11-01T15:15:14.743+0000] {processor.py:914} INFO - Processing file /home/airflow/.local/lib/python3.12/site-packages/airflow/example_dags/tutorial_taskflow_api.py for tasks to queue
[2024-11-01T15:15:14.744+0000] {logging_mixin.py:190} INFO - [2024-11-01T15:15:14.743+0000] {dagbag.py:588} INFO - Filling up the DagBag from /home/airflow/.local/lib/python3.12/site-packages/airflow/example_dags/tutorial_taskflow_api.py
[2024-11-01T15:15:14.751+0000] {processor.py:925} INFO - DAG(s) 'tutorial_taskflow_api' retrieved from /home/airflow/.local/lib/python3.12/site-packages/airflow/example_dags/tutorial_taskflow_api.py
[2024-11-01T15:15:14.768+0000] {logging_mixin.py:190} INFO - [2024-11-01T15:15:14.767+0000] {dag.py:3239} INFO - Sync 1 DAGs
[2024-11-01T15:15:14.781+0000] {logging_mixin.py:190} INFO - [2024-11-01T15:15:14.781+0000] {dag.py:4180} INFO - Setting next_dagrun for tutorial_taskflow_api to None, run_after=None
[2024-11-01T15:15:14.799+0000] {processor.py:208} INFO - Processing /home/airflow/.local/lib/python3.12/site-packages/airflow/example_dags/tutorial_taskflow_api.py took 0.061 seconds
[2024-11-01T15:15:45.272+0000] {processor.py:186} INFO - Started process (PID=1714) to work on /home/airflow/.local/lib/python3.12/site-packages/airflow/example_dags/tutorial_taskflow_api.py
[2024-11-01T15:15:45.273+0000] {processor.py:914} INFO - Processing file /home/airflow/.local/lib/python3.12/site-packages/airflow/example_dags/tutorial_taskflow_api.py for tasks to queue
[2024-11-01T15:15:45.273+0000] {logging_mixin.py:190} INFO - [2024-11-01T15:15:45.273+0000] {dagbag.py:588} INFO - Filling up the DagBag from /home/airflow/.local/lib/python3.12/site-packages/airflow/example_dags/tutorial_taskflow_api.py
[2024-11-01T15:15:45.279+0000] {processor.py:925} INFO - DAG(s) 'tutorial_taskflow_api' retrieved from /home/airflow/.local/lib/python3.12/site-packages/airflow/example_dags/tutorial_taskflow_api.py
[2024-11-01T15:15:45.294+0000] {logging_mixin.py:190} INFO - [2024-11-01T15:15:45.294+0000] {dag.py:3239} INFO - Sync 1 DAGs
[2024-11-01T15:15:45.308+0000] {logging_mixin.py:190} INFO - [2024-11-01T15:15:45.308+0000] {dag.py:4180} INFO - Setting next_dagrun for tutorial_taskflow_api to None, run_after=None
[2024-11-01T15:15:45.323+0000] {processor.py:208} INFO - Processing /home/airflow/.local/lib/python3.12/site-packages/airflow/example_dags/tutorial_taskflow_api.py took 0.055 seconds
[2024-11-01T15:16:16.147+0000] {processor.py:186} INFO - Started process (PID=1778) to work on /home/airflow/.local/lib/python3.12/site-packages/airflow/example_dags/tutorial_taskflow_api.py
[2024-11-01T15:16:16.148+0000] {processor.py:914} INFO - Processing file /home/airflow/.local/lib/python3.12/site-packages/airflow/example_dags/tutorial_taskflow_api.py for tasks to queue
[2024-11-01T15:16:16.149+0000] {logging_mixin.py:190} INFO - [2024-11-01T15:16:16.149+0000] {dagbag.py:588} INFO - Filling up the DagBag from /home/airflow/.local/lib/python3.12/site-packages/airflow/example_dags/tutorial_taskflow_api.py
[2024-11-01T15:16:16.157+0000] {processor.py:925} INFO - DAG(s) 'tutorial_taskflow_api' retrieved from /home/airflow/.local/lib/python3.12/site-packages/airflow/example_dags/tutorial_taskflow_api.py
[2024-11-01T15:16:16.174+0000] {logging_mixin.py:190} INFO - [2024-11-01T15:16:16.173+0000] {dag.py:3239} INFO - Sync 1 DAGs
[2024-11-01T15:16:16.189+0000] {logging_mixin.py:190} INFO - [2024-11-01T15:16:16.189+0000] {dag.py:4180} INFO - Setting next_dagrun for tutorial_taskflow_api to None, run_after=None
[2024-11-01T15:16:16.206+0000] {processor.py:208} INFO - Processing /home/airflow/.local/lib/python3.12/site-packages/airflow/example_dags/tutorial_taskflow_api.py took 0.064 seconds
[2024-11-01T15:16:46.667+0000] {processor.py:186} INFO - Started process (PID=1843) to work on /home/airflow/.local/lib/python3.12/site-packages/airflow/example_dags/tutorial_taskflow_api.py
[2024-11-01T15:16:46.668+0000] {processor.py:914} INFO - Processing file /home/airflow/.local/lib/python3.12/site-packages/airflow/example_dags/tutorial_taskflow_api.py for tasks to queue
[2024-11-01T15:16:46.668+0000] {logging_mixin.py:190} INFO - [2024-11-01T15:16:46.668+0000] {dagbag.py:588} INFO - Filling up the DagBag from /home/airflow/.local/lib/python3.12/site-packages/airflow/example_dags/tutorial_taskflow_api.py
[2024-11-01T15:16:46.674+0000] {processor.py:925} INFO - DAG(s) 'tutorial_taskflow_api' retrieved from /home/airflow/.local/lib/python3.12/site-packages/airflow/example_dags/tutorial_taskflow_api.py
[2024-11-01T15:16:46.687+0000] {logging_mixin.py:190} INFO - [2024-11-01T15:16:46.687+0000] {dag.py:3239} INFO - Sync 1 DAGs
[2024-11-01T15:16:46.697+0000] {logging_mixin.py:190} INFO - [2024-11-01T15:16:46.697+0000] {dag.py:4180} INFO - Setting next_dagrun for tutorial_taskflow_api to None, run_after=None
[2024-11-01T15:16:46.712+0000] {processor.py:208} INFO - Processing /home/airflow/.local/lib/python3.12/site-packages/airflow/example_dags/tutorial_taskflow_api.py took 0.049 seconds
[2024-11-01T15:17:17.578+0000] {processor.py:186} INFO - Started process (PID=1908) to work on /home/airflow/.local/lib/python3.12/site-packages/airflow/example_dags/tutorial_taskflow_api.py
[2024-11-01T15:17:17.579+0000] {processor.py:914} INFO - Processing file /home/airflow/.local/lib/python3.12/site-packages/airflow/example_dags/tutorial_taskflow_api.py for tasks to queue
[2024-11-01T15:17:17.580+0000] {logging_mixin.py:190} INFO - [2024-11-01T15:17:17.579+0000] {dagbag.py:588} INFO - Filling up the DagBag from /home/airflow/.local/lib/python3.12/site-packages/airflow/example_dags/tutorial_taskflow_api.py
[2024-11-01T15:17:17.585+0000] {processor.py:925} INFO - DAG(s) 'tutorial_taskflow_api' retrieved from /home/airflow/.local/lib/python3.12/site-packages/airflow/example_dags/tutorial_taskflow_api.py
[2024-11-01T15:17:17.597+0000] {logging_mixin.py:190} INFO - [2024-11-01T15:17:17.597+0000] {dag.py:3239} INFO - Sync 1 DAGs
[2024-11-01T15:17:17.607+0000] {logging_mixin.py:190} INFO - [2024-11-01T15:17:17.607+0000] {dag.py:4180} INFO - Setting next_dagrun for tutorial_taskflow_api to None, run_after=None
[2024-11-01T15:17:17.623+0000] {processor.py:208} INFO - Processing /home/airflow/.local/lib/python3.12/site-packages/airflow/example_dags/tutorial_taskflow_api.py took 0.049 seconds
[2024-11-01T15:17:48.332+0000] {processor.py:186} INFO - Started process (PID=1973) to work on /home/airflow/.local/lib/python3.12/site-packages/airflow/example_dags/tutorial_taskflow_api.py
[2024-11-01T15:17:48.333+0000] {processor.py:914} INFO - Processing file /home/airflow/.local/lib/python3.12/site-packages/airflow/example_dags/tutorial_taskflow_api.py for tasks to queue
[2024-11-01T15:17:48.334+0000] {logging_mixin.py:190} INFO - [2024-11-01T15:17:48.334+0000] {dagbag.py:588} INFO - Filling up the DagBag from /home/airflow/.local/lib/python3.12/site-packages/airflow/example_dags/tutorial_taskflow_api.py
[2024-11-01T15:17:48.348+0000] {processor.py:925} INFO - DAG(s) 'tutorial_taskflow_api' retrieved from /home/airflow/.local/lib/python3.12/site-packages/airflow/example_dags/tutorial_taskflow_api.py
[2024-11-01T15:17:48.377+0000] {logging_mixin.py:190} INFO - [2024-11-01T15:17:48.376+0000] {dag.py:3239} INFO - Sync 1 DAGs
[2024-11-01T15:17:48.399+0000] {logging_mixin.py:190} INFO - [2024-11-01T15:17:48.399+0000] {dag.py:4180} INFO - Setting next_dagrun for tutorial_taskflow_api to None, run_after=None
[2024-11-01T15:17:48.430+0000] {processor.py:208} INFO - Processing /home/airflow/.local/lib/python3.12/site-packages/airflow/example_dags/tutorial_taskflow_api.py took 0.110 seconds
[2024-11-01T15:18:19.018+0000] {processor.py:186} INFO - Started process (PID=2038) to work on /home/airflow/.local/lib/python3.12/site-packages/airflow/example_dags/tutorial_taskflow_api.py
[2024-11-01T15:18:19.019+0000] {processor.py:914} INFO - Processing file /home/airflow/.local/lib/python3.12/site-packages/airflow/example_dags/tutorial_taskflow_api.py for tasks to queue
[2024-11-01T15:18:19.020+0000] {logging_mixin.py:190} INFO - [2024-11-01T15:18:19.020+0000] {dagbag.py:588} INFO - Filling up the DagBag from /home/airflow/.local/lib/python3.12/site-packages/airflow/example_dags/tutorial_taskflow_api.py
[2024-11-01T15:18:19.026+0000] {processor.py:925} INFO - DAG(s) 'tutorial_taskflow_api' retrieved from /home/airflow/.local/lib/python3.12/site-packages/airflow/example_dags/tutorial_taskflow_api.py
[2024-11-01T15:18:19.038+0000] {logging_mixin.py:190} INFO - [2024-11-01T15:18:19.038+0000] {dag.py:3239} INFO - Sync 1 DAGs
[2024-11-01T15:18:19.048+0000] {logging_mixin.py:190} INFO - [2024-11-01T15:18:19.048+0000] {dag.py:4180} INFO - Setting next_dagrun for tutorial_taskflow_api to None, run_after=None
[2024-11-01T15:18:19.062+0000] {processor.py:208} INFO - Processing /home/airflow/.local/lib/python3.12/site-packages/airflow/example_dags/tutorial_taskflow_api.py took 0.047 seconds
[2024-11-01T15:18:50.073+0000] {processor.py:186} INFO - Started process (PID=2103) to work on /home/airflow/.local/lib/python3.12/site-packages/airflow/example_dags/tutorial_taskflow_api.py
[2024-11-01T15:18:50.075+0000] {processor.py:914} INFO - Processing file /home/airflow/.local/lib/python3.12/site-packages/airflow/example_dags/tutorial_taskflow_api.py for tasks to queue
[2024-11-01T15:18:50.077+0000] {logging_mixin.py:190} INFO - [2024-11-01T15:18:50.077+0000] {dagbag.py:588} INFO - Filling up the DagBag from /home/airflow/.local/lib/python3.12/site-packages/airflow/example_dags/tutorial_taskflow_api.py
[2024-11-01T15:18:50.083+0000] {processor.py:925} INFO - DAG(s) 'tutorial_taskflow_api' retrieved from /home/airflow/.local/lib/python3.12/site-packages/airflow/example_dags/tutorial_taskflow_api.py
[2024-11-01T15:18:50.096+0000] {logging_mixin.py:190} INFO - [2024-11-01T15:18:50.096+0000] {dag.py:3239} INFO - Sync 1 DAGs
[2024-11-01T15:18:50.107+0000] {logging_mixin.py:190} INFO - [2024-11-01T15:18:50.107+0000] {dag.py:4180} INFO - Setting next_dagrun for tutorial_taskflow_api to None, run_after=None
[2024-11-01T15:18:50.120+0000] {processor.py:208} INFO - Processing /home/airflow/.local/lib/python3.12/site-packages/airflow/example_dags/tutorial_taskflow_api.py took 0.052 seconds
[2024-11-01T15:19:20.418+0000] {processor.py:186} INFO - Started process (PID=2168) to work on /home/airflow/.local/lib/python3.12/site-packages/airflow/example_dags/tutorial_taskflow_api.py
[2024-11-01T15:19:20.418+0000] {processor.py:914} INFO - Processing file /home/airflow/.local/lib/python3.12/site-packages/airflow/example_dags/tutorial_taskflow_api.py for tasks to queue
[2024-11-01T15:19:20.419+0000] {logging_mixin.py:190} INFO - [2024-11-01T15:19:20.419+0000] {dagbag.py:588} INFO - Filling up the DagBag from /home/airflow/.local/lib/python3.12/site-packages/airflow/example_dags/tutorial_taskflow_api.py
[2024-11-01T15:19:20.424+0000] {processor.py:925} INFO - DAG(s) 'tutorial_taskflow_api' retrieved from /home/airflow/.local/lib/python3.12/site-packages/airflow/example_dags/tutorial_taskflow_api.py
[2024-11-01T15:19:20.437+0000] {logging_mixin.py:190} INFO - [2024-11-01T15:19:20.437+0000] {dag.py:3239} INFO - Sync 1 DAGs
[2024-11-01T15:19:20.447+0000] {logging_mixin.py:190} INFO - [2024-11-01T15:19:20.447+0000] {dag.py:4180} INFO - Setting next_dagrun for tutorial_taskflow_api to None, run_after=None
[2024-11-01T15:19:20.461+0000] {processor.py:208} INFO - Processing /home/airflow/.local/lib/python3.12/site-packages/airflow/example_dags/tutorial_taskflow_api.py took 0.048 seconds
[2024-11-01T15:19:51.389+0000] {processor.py:186} INFO - Started process (PID=2233) to work on /home/airflow/.local/lib/python3.12/site-packages/airflow/example_dags/tutorial_taskflow_api.py
[2024-11-01T15:19:51.390+0000] {processor.py:914} INFO - Processing file /home/airflow/.local/lib/python3.12/site-packages/airflow/example_dags/tutorial_taskflow_api.py for tasks to queue
[2024-11-01T15:19:51.390+0000] {logging_mixin.py:190} INFO - [2024-11-01T15:19:51.390+0000] {dagbag.py:588} INFO - Filling up the DagBag from /home/airflow/.local/lib/python3.12/site-packages/airflow/example_dags/tutorial_taskflow_api.py
[2024-11-01T15:19:51.396+0000] {processor.py:925} INFO - DAG(s) 'tutorial_taskflow_api' retrieved from /home/airflow/.local/lib/python3.12/site-packages/airflow/example_dags/tutorial_taskflow_api.py
[2024-11-01T15:19:51.410+0000] {logging_mixin.py:190} INFO - [2024-11-01T15:19:51.409+0000] {dag.py:3239} INFO - Sync 1 DAGs
[2024-11-01T15:19:51.421+0000] {logging_mixin.py:190} INFO - [2024-11-01T15:19:51.421+0000] {dag.py:4180} INFO - Setting next_dagrun for tutorial_taskflow_api to None, run_after=None
[2024-11-01T15:19:51.437+0000] {processor.py:208} INFO - Processing /home/airflow/.local/lib/python3.12/site-packages/airflow/example_dags/tutorial_taskflow_api.py took 0.052 seconds
[2024-11-01T15:20:21.757+0000] {processor.py:186} INFO - Started process (PID=2298) to work on /home/airflow/.local/lib/python3.12/site-packages/airflow/example_dags/tutorial_taskflow_api.py
[2024-11-01T15:20:21.758+0000] {processor.py:914} INFO - Processing file /home/airflow/.local/lib/python3.12/site-packages/airflow/example_dags/tutorial_taskflow_api.py for tasks to queue
[2024-11-01T15:20:21.758+0000] {logging_mixin.py:190} INFO - [2024-11-01T15:20:21.758+0000] {dagbag.py:588} INFO - Filling up the DagBag from /home/airflow/.local/lib/python3.12/site-packages/airflow/example_dags/tutorial_taskflow_api.py
[2024-11-01T15:20:21.764+0000] {processor.py:925} INFO - DAG(s) 'tutorial_taskflow_api' retrieved from /home/airflow/.local/lib/python3.12/site-packages/airflow/example_dags/tutorial_taskflow_api.py
[2024-11-01T15:20:21.779+0000] {logging_mixin.py:190} INFO - [2024-11-01T15:20:21.779+0000] {dag.py:3239} INFO - Sync 1 DAGs
[2024-11-01T15:20:21.794+0000] {logging_mixin.py:190} INFO - [2024-11-01T15:20:21.793+0000] {dag.py:4180} INFO - Setting next_dagrun for tutorial_taskflow_api to None, run_after=None
[2024-11-01T15:20:21.818+0000] {processor.py:208} INFO - Processing /home/airflow/.local/lib/python3.12/site-packages/airflow/example_dags/tutorial_taskflow_api.py took 0.065 seconds
[2024-11-01T15:20:52.802+0000] {processor.py:186} INFO - Started process (PID=2363) to work on /home/airflow/.local/lib/python3.12/site-packages/airflow/example_dags/tutorial_taskflow_api.py
[2024-11-01T15:20:52.803+0000] {processor.py:914} INFO - Processing file /home/airflow/.local/lib/python3.12/site-packages/airflow/example_dags/tutorial_taskflow_api.py for tasks to queue
[2024-11-01T15:20:52.804+0000] {logging_mixin.py:190} INFO - [2024-11-01T15:20:52.803+0000] {dagbag.py:588} INFO - Filling up the DagBag from /home/airflow/.local/lib/python3.12/site-packages/airflow/example_dags/tutorial_taskflow_api.py
[2024-11-01T15:20:52.809+0000] {processor.py:925} INFO - DAG(s) 'tutorial_taskflow_api' retrieved from /home/airflow/.local/lib/python3.12/site-packages/airflow/example_dags/tutorial_taskflow_api.py
[2024-11-01T15:20:52.822+0000] {logging_mixin.py:190} INFO - [2024-11-01T15:20:52.822+0000] {dag.py:3239} INFO - Sync 1 DAGs
[2024-11-01T15:20:52.832+0000] {logging_mixin.py:190} INFO - [2024-11-01T15:20:52.832+0000] {dag.py:4180} INFO - Setting next_dagrun for tutorial_taskflow_api to None, run_after=None
[2024-11-01T15:20:52.847+0000] {processor.py:208} INFO - Processing /home/airflow/.local/lib/python3.12/site-packages/airflow/example_dags/tutorial_taskflow_api.py took 0.049 seconds
[2024-11-01T15:21:23.011+0000] {processor.py:186} INFO - Started process (PID=2428) to work on /home/airflow/.local/lib/python3.12/site-packages/airflow/example_dags/tutorial_taskflow_api.py
[2024-11-01T15:21:23.011+0000] {processor.py:914} INFO - Processing file /home/airflow/.local/lib/python3.12/site-packages/airflow/example_dags/tutorial_taskflow_api.py for tasks to queue
[2024-11-01T15:21:23.012+0000] {logging_mixin.py:190} INFO - [2024-11-01T15:21:23.012+0000] {dagbag.py:588} INFO - Filling up the DagBag from /home/airflow/.local/lib/python3.12/site-packages/airflow/example_dags/tutorial_taskflow_api.py
[2024-11-01T15:21:23.017+0000] {processor.py:925} INFO - DAG(s) 'tutorial_taskflow_api' retrieved from /home/airflow/.local/lib/python3.12/site-packages/airflow/example_dags/tutorial_taskflow_api.py
[2024-11-01T15:21:23.030+0000] {logging_mixin.py:190} INFO - [2024-11-01T15:21:23.030+0000] {dag.py:3239} INFO - Sync 1 DAGs
[2024-11-01T15:21:23.040+0000] {logging_mixin.py:190} INFO - [2024-11-01T15:21:23.039+0000] {dag.py:4180} INFO - Setting next_dagrun for tutorial_taskflow_api to None, run_after=None
[2024-11-01T15:21:23.052+0000] {processor.py:208} INFO - Processing /home/airflow/.local/lib/python3.12/site-packages/airflow/example_dags/tutorial_taskflow_api.py took 0.045 seconds
[2024-11-01T15:21:53.190+0000] {processor.py:186} INFO - Started process (PID=2493) to work on /home/airflow/.local/lib/python3.12/site-packages/airflow/example_dags/tutorial_taskflow_api.py
[2024-11-01T15:21:53.191+0000] {processor.py:914} INFO - Processing file /home/airflow/.local/lib/python3.12/site-packages/airflow/example_dags/tutorial_taskflow_api.py for tasks to queue
[2024-11-01T15:21:53.192+0000] {logging_mixin.py:190} INFO - [2024-11-01T15:21:53.191+0000] {dagbag.py:588} INFO - Filling up the DagBag from /home/airflow/.local/lib/python3.12/site-packages/airflow/example_dags/tutorial_taskflow_api.py
[2024-11-01T15:21:53.199+0000] {processor.py:925} INFO - DAG(s) 'tutorial_taskflow_api' retrieved from /home/airflow/.local/lib/python3.12/site-packages/airflow/example_dags/tutorial_taskflow_api.py
[2024-11-01T15:21:53.217+0000] {logging_mixin.py:190} INFO - [2024-11-01T15:21:53.217+0000] {dag.py:3239} INFO - Sync 1 DAGs
[2024-11-01T15:21:53.229+0000] {logging_mixin.py:190} INFO - [2024-11-01T15:21:53.229+0000] {dag.py:4180} INFO - Setting next_dagrun for tutorial_taskflow_api to None, run_after=None
[2024-11-01T15:21:53.248+0000] {processor.py:208} INFO - Processing /home/airflow/.local/lib/python3.12/site-packages/airflow/example_dags/tutorial_taskflow_api.py took 0.064 seconds
[2024-11-01T15:22:23.424+0000] {processor.py:186} INFO - Started process (PID=2558) to work on /home/airflow/.local/lib/python3.12/site-packages/airflow/example_dags/tutorial_taskflow_api.py
[2024-11-01T15:22:23.424+0000] {processor.py:914} INFO - Processing file /home/airflow/.local/lib/python3.12/site-packages/airflow/example_dags/tutorial_taskflow_api.py for tasks to queue
[2024-11-01T15:22:23.425+0000] {logging_mixin.py:190} INFO - [2024-11-01T15:22:23.425+0000] {dagbag.py:588} INFO - Filling up the DagBag from /home/airflow/.local/lib/python3.12/site-packages/airflow/example_dags/tutorial_taskflow_api.py
[2024-11-01T15:22:23.430+0000] {processor.py:925} INFO - DAG(s) 'tutorial_taskflow_api' retrieved from /home/airflow/.local/lib/python3.12/site-packages/airflow/example_dags/tutorial_taskflow_api.py
[2024-11-01T15:22:23.443+0000] {logging_mixin.py:190} INFO - [2024-11-01T15:22:23.443+0000] {dag.py:3239} INFO - Sync 1 DAGs
[2024-11-01T15:22:23.453+0000] {logging_mixin.py:190} INFO - [2024-11-01T15:22:23.453+0000] {dag.py:4180} INFO - Setting next_dagrun for tutorial_taskflow_api to None, run_after=None
[2024-11-01T15:22:23.467+0000] {processor.py:208} INFO - Processing /home/airflow/.local/lib/python3.12/site-packages/airflow/example_dags/tutorial_taskflow_api.py took 0.047 seconds
[2024-11-01T15:22:54.218+0000] {processor.py:186} INFO - Started process (PID=2623) to work on /home/airflow/.local/lib/python3.12/site-packages/airflow/example_dags/tutorial_taskflow_api.py
[2024-11-01T15:22:54.219+0000] {processor.py:914} INFO - Processing file /home/airflow/.local/lib/python3.12/site-packages/airflow/example_dags/tutorial_taskflow_api.py for tasks to queue
[2024-11-01T15:22:54.220+0000] {logging_mixin.py:190} INFO - [2024-11-01T15:22:54.219+0000] {dagbag.py:588} INFO - Filling up the DagBag from /home/airflow/.local/lib/python3.12/site-packages/airflow/example_dags/tutorial_taskflow_api.py
[2024-11-01T15:22:54.225+0000] {processor.py:925} INFO - DAG(s) 'tutorial_taskflow_api' retrieved from /home/airflow/.local/lib/python3.12/site-packages/airflow/example_dags/tutorial_taskflow_api.py
[2024-11-01T15:22:54.238+0000] {logging_mixin.py:190} INFO - [2024-11-01T15:22:54.238+0000] {dag.py:3239} INFO - Sync 1 DAGs
[2024-11-01T15:22:54.248+0000] {logging_mixin.py:190} INFO - [2024-11-01T15:22:54.248+0000] {dag.py:4180} INFO - Setting next_dagrun for tutorial_taskflow_api to None, run_after=None
[2024-11-01T15:22:54.265+0000] {processor.py:208} INFO - Processing /home/airflow/.local/lib/python3.12/site-packages/airflow/example_dags/tutorial_taskflow_api.py took 0.050 seconds
[2024-11-01T15:23:24.749+0000] {processor.py:186} INFO - Started process (PID=2688) to work on /home/airflow/.local/lib/python3.12/site-packages/airflow/example_dags/tutorial_taskflow_api.py
[2024-11-01T15:23:24.749+0000] {processor.py:914} INFO - Processing file /home/airflow/.local/lib/python3.12/site-packages/airflow/example_dags/tutorial_taskflow_api.py for tasks to queue
[2024-11-01T15:23:24.750+0000] {logging_mixin.py:190} INFO - [2024-11-01T15:23:24.750+0000] {dagbag.py:588} INFO - Filling up the DagBag from /home/airflow/.local/lib/python3.12/site-packages/airflow/example_dags/tutorial_taskflow_api.py
[2024-11-01T15:23:24.756+0000] {processor.py:925} INFO - DAG(s) 'tutorial_taskflow_api' retrieved from /home/airflow/.local/lib/python3.12/site-packages/airflow/example_dags/tutorial_taskflow_api.py
[2024-11-01T15:23:24.774+0000] {logging_mixin.py:190} INFO - [2024-11-01T15:23:24.774+0000] {dag.py:3239} INFO - Sync 1 DAGs
[2024-11-01T15:23:24.791+0000] {logging_mixin.py:190} INFO - [2024-11-01T15:23:24.790+0000] {dag.py:4180} INFO - Setting next_dagrun for tutorial_taskflow_api to None, run_after=None
[2024-11-01T15:23:24.810+0000] {processor.py:208} INFO - Processing /home/airflow/.local/lib/python3.12/site-packages/airflow/example_dags/tutorial_taskflow_api.py took 0.065 seconds
[2024-11-01T15:23:54.944+0000] {processor.py:186} INFO - Started process (PID=2753) to work on /home/airflow/.local/lib/python3.12/site-packages/airflow/example_dags/tutorial_taskflow_api.py
[2024-11-01T15:23:54.944+0000] {processor.py:914} INFO - Processing file /home/airflow/.local/lib/python3.12/site-packages/airflow/example_dags/tutorial_taskflow_api.py for tasks to queue
[2024-11-01T15:23:54.945+0000] {logging_mixin.py:190} INFO - [2024-11-01T15:23:54.945+0000] {dagbag.py:588} INFO - Filling up the DagBag from /home/airflow/.local/lib/python3.12/site-packages/airflow/example_dags/tutorial_taskflow_api.py
[2024-11-01T15:23:54.951+0000] {processor.py:925} INFO - DAG(s) 'tutorial_taskflow_api' retrieved from /home/airflow/.local/lib/python3.12/site-packages/airflow/example_dags/tutorial_taskflow_api.py
[2024-11-01T15:23:54.965+0000] {logging_mixin.py:190} INFO - [2024-11-01T15:23:54.964+0000] {dag.py:3239} INFO - Sync 1 DAGs
[2024-11-01T15:23:54.975+0000] {logging_mixin.py:190} INFO - [2024-11-01T15:23:54.975+0000] {dag.py:4180} INFO - Setting next_dagrun for tutorial_taskflow_api to None, run_after=None
[2024-11-01T15:23:54.991+0000] {processor.py:208} INFO - Processing /home/airflow/.local/lib/python3.12/site-packages/airflow/example_dags/tutorial_taskflow_api.py took 0.051 seconds
[2024-11-01T15:24:25.503+0000] {processor.py:186} INFO - Started process (PID=2818) to work on /home/airflow/.local/lib/python3.12/site-packages/airflow/example_dags/tutorial_taskflow_api.py
[2024-11-01T15:24:25.504+0000] {processor.py:914} INFO - Processing file /home/airflow/.local/lib/python3.12/site-packages/airflow/example_dags/tutorial_taskflow_api.py for tasks to queue
[2024-11-01T15:24:25.505+0000] {logging_mixin.py:190} INFO - [2024-11-01T15:24:25.504+0000] {dagbag.py:588} INFO - Filling up the DagBag from /home/airflow/.local/lib/python3.12/site-packages/airflow/example_dags/tutorial_taskflow_api.py
[2024-11-01T15:24:25.510+0000] {processor.py:925} INFO - DAG(s) 'tutorial_taskflow_api' retrieved from /home/airflow/.local/lib/python3.12/site-packages/airflow/example_dags/tutorial_taskflow_api.py
[2024-11-01T15:24:25.526+0000] {logging_mixin.py:190} INFO - [2024-11-01T15:24:25.526+0000] {dag.py:3239} INFO - Sync 1 DAGs
[2024-11-01T15:24:25.539+0000] {logging_mixin.py:190} INFO - [2024-11-01T15:24:25.539+0000] {dag.py:4180} INFO - Setting next_dagrun for tutorial_taskflow_api to None, run_after=None
[2024-11-01T15:24:25.557+0000] {processor.py:208} INFO - Processing /home/airflow/.local/lib/python3.12/site-packages/airflow/example_dags/tutorial_taskflow_api.py took 0.059 seconds
[2024-11-01T15:24:55.937+0000] {processor.py:186} INFO - Started process (PID=2883) to work on /home/airflow/.local/lib/python3.12/site-packages/airflow/example_dags/tutorial_taskflow_api.py
[2024-11-01T15:24:55.938+0000] {processor.py:914} INFO - Processing file /home/airflow/.local/lib/python3.12/site-packages/airflow/example_dags/tutorial_taskflow_api.py for tasks to queue
[2024-11-01T15:24:55.939+0000] {logging_mixin.py:190} INFO - [2024-11-01T15:24:55.938+0000] {dagbag.py:588} INFO - Filling up the DagBag from /home/airflow/.local/lib/python3.12/site-packages/airflow/example_dags/tutorial_taskflow_api.py
[2024-11-01T15:24:55.944+0000] {processor.py:925} INFO - DAG(s) 'tutorial_taskflow_api' retrieved from /home/airflow/.local/lib/python3.12/site-packages/airflow/example_dags/tutorial_taskflow_api.py
[2024-11-01T15:24:55.958+0000] {logging_mixin.py:190} INFO - [2024-11-01T15:24:55.958+0000] {dag.py:3239} INFO - Sync 1 DAGs
[2024-11-01T15:24:55.968+0000] {logging_mixin.py:190} INFO - [2024-11-01T15:24:55.968+0000] {dag.py:4180} INFO - Setting next_dagrun for tutorial_taskflow_api to None, run_after=None
[2024-11-01T15:24:55.982+0000] {processor.py:208} INFO - Processing /home/airflow/.local/lib/python3.12/site-packages/airflow/example_dags/tutorial_taskflow_api.py took 0.049 seconds
[2024-11-01T15:25:26.190+0000] {processor.py:186} INFO - Started process (PID=2948) to work on /home/airflow/.local/lib/python3.12/site-packages/airflow/example_dags/tutorial_taskflow_api.py
[2024-11-01T15:25:26.190+0000] {processor.py:914} INFO - Processing file /home/airflow/.local/lib/python3.12/site-packages/airflow/example_dags/tutorial_taskflow_api.py for tasks to queue
[2024-11-01T15:25:26.191+0000] {logging_mixin.py:190} INFO - [2024-11-01T15:25:26.191+0000] {dagbag.py:588} INFO - Filling up the DagBag from /home/airflow/.local/lib/python3.12/site-packages/airflow/example_dags/tutorial_taskflow_api.py
[2024-11-01T15:25:26.197+0000] {processor.py:925} INFO - DAG(s) 'tutorial_taskflow_api' retrieved from /home/airflow/.local/lib/python3.12/site-packages/airflow/example_dags/tutorial_taskflow_api.py
[2024-11-01T15:25:26.210+0000] {logging_mixin.py:190} INFO - [2024-11-01T15:25:26.209+0000] {dag.py:3239} INFO - Sync 1 DAGs
[2024-11-01T15:25:26.219+0000] {logging_mixin.py:190} INFO - [2024-11-01T15:25:26.219+0000] {dag.py:4180} INFO - Setting next_dagrun for tutorial_taskflow_api to None, run_after=None
[2024-11-01T15:25:26.233+0000] {processor.py:208} INFO - Processing /home/airflow/.local/lib/python3.12/site-packages/airflow/example_dags/tutorial_taskflow_api.py took 0.047 seconds
[2024-11-01T15:25:57.419+0000] {processor.py:186} INFO - Started process (PID=3013) to work on /home/airflow/.local/lib/python3.12/site-packages/airflow/example_dags/tutorial_taskflow_api.py
[2024-11-01T15:25:57.423+0000] {processor.py:914} INFO - Processing file /home/airflow/.local/lib/python3.12/site-packages/airflow/example_dags/tutorial_taskflow_api.py for tasks to queue
[2024-11-01T15:25:57.424+0000] {logging_mixin.py:190} INFO - [2024-11-01T15:25:57.424+0000] {dagbag.py:588} INFO - Filling up the DagBag from /home/airflow/.local/lib/python3.12/site-packages/airflow/example_dags/tutorial_taskflow_api.py
[2024-11-01T15:25:57.432+0000] {processor.py:925} INFO - DAG(s) 'tutorial_taskflow_api' retrieved from /home/airflow/.local/lib/python3.12/site-packages/airflow/example_dags/tutorial_taskflow_api.py
[2024-11-01T15:25:57.448+0000] {logging_mixin.py:190} INFO - [2024-11-01T15:25:57.448+0000] {dag.py:3239} INFO - Sync 1 DAGs
[2024-11-01T15:25:57.459+0000] {logging_mixin.py:190} INFO - [2024-11-01T15:25:57.459+0000] {dag.py:4180} INFO - Setting next_dagrun for tutorial_taskflow_api to None, run_after=None
[2024-11-01T15:25:57.474+0000] {processor.py:208} INFO - Processing /home/airflow/.local/lib/python3.12/site-packages/airflow/example_dags/tutorial_taskflow_api.py took 0.059 seconds
[2024-11-01T15:26:27.536+0000] {processor.py:186} INFO - Started process (PID=3077) to work on /home/airflow/.local/lib/python3.12/site-packages/airflow/example_dags/tutorial_taskflow_api.py
[2024-11-01T15:26:27.537+0000] {processor.py:914} INFO - Processing file /home/airflow/.local/lib/python3.12/site-packages/airflow/example_dags/tutorial_taskflow_api.py for tasks to queue
[2024-11-01T15:26:27.538+0000] {logging_mixin.py:190} INFO - [2024-11-01T15:26:27.538+0000] {dagbag.py:588} INFO - Filling up the DagBag from /home/airflow/.local/lib/python3.12/site-packages/airflow/example_dags/tutorial_taskflow_api.py
[2024-11-01T15:26:27.546+0000] {processor.py:925} INFO - DAG(s) 'tutorial_taskflow_api' retrieved from /home/airflow/.local/lib/python3.12/site-packages/airflow/example_dags/tutorial_taskflow_api.py
[2024-11-01T15:26:27.562+0000] {logging_mixin.py:190} INFO - [2024-11-01T15:26:27.561+0000] {dag.py:3239} INFO - Sync 1 DAGs
[2024-11-01T15:26:27.575+0000] {logging_mixin.py:190} INFO - [2024-11-01T15:26:27.575+0000] {dag.py:4180} INFO - Setting next_dagrun for tutorial_taskflow_api to None, run_after=None
[2024-11-01T15:26:27.600+0000] {processor.py:208} INFO - Processing /home/airflow/.local/lib/python3.12/site-packages/airflow/example_dags/tutorial_taskflow_api.py took 0.067 seconds
[2024-11-01T15:26:58.103+0000] {processor.py:186} INFO - Started process (PID=3144) to work on /home/airflow/.local/lib/python3.12/site-packages/airflow/example_dags/tutorial_taskflow_api.py
[2024-11-01T15:26:58.104+0000] {processor.py:914} INFO - Processing file /home/airflow/.local/lib/python3.12/site-packages/airflow/example_dags/tutorial_taskflow_api.py for tasks to queue
[2024-11-01T15:26:58.105+0000] {logging_mixin.py:190} INFO - [2024-11-01T15:26:58.104+0000] {dagbag.py:588} INFO - Filling up the DagBag from /home/airflow/.local/lib/python3.12/site-packages/airflow/example_dags/tutorial_taskflow_api.py
[2024-11-01T15:26:58.110+0000] {processor.py:925} INFO - DAG(s) 'tutorial_taskflow_api' retrieved from /home/airflow/.local/lib/python3.12/site-packages/airflow/example_dags/tutorial_taskflow_api.py
[2024-11-01T15:26:58.123+0000] {logging_mixin.py:190} INFO - [2024-11-01T15:26:58.123+0000] {dag.py:3239} INFO - Sync 1 DAGs
[2024-11-01T15:26:58.132+0000] {logging_mixin.py:190} INFO - [2024-11-01T15:26:58.132+0000] {dag.py:4180} INFO - Setting next_dagrun for tutorial_taskflow_api to None, run_after=None
[2024-11-01T15:26:58.144+0000] {processor.py:208} INFO - Processing /home/airflow/.local/lib/python3.12/site-packages/airflow/example_dags/tutorial_taskflow_api.py took 0.045 seconds
[2024-11-01T15:27:28.237+0000] {processor.py:186} INFO - Started process (PID=3209) to work on /home/airflow/.local/lib/python3.12/site-packages/airflow/example_dags/tutorial_taskflow_api.py
[2024-11-01T15:27:28.238+0000] {processor.py:914} INFO - Processing file /home/airflow/.local/lib/python3.12/site-packages/airflow/example_dags/tutorial_taskflow_api.py for tasks to queue
[2024-11-01T15:27:28.239+0000] {logging_mixin.py:190} INFO - [2024-11-01T15:27:28.239+0000] {dagbag.py:588} INFO - Filling up the DagBag from /home/airflow/.local/lib/python3.12/site-packages/airflow/example_dags/tutorial_taskflow_api.py
[2024-11-01T15:27:28.245+0000] {processor.py:925} INFO - DAG(s) 'tutorial_taskflow_api' retrieved from /home/airflow/.local/lib/python3.12/site-packages/airflow/example_dags/tutorial_taskflow_api.py
[2024-11-01T15:27:28.258+0000] {logging_mixin.py:190} INFO - [2024-11-01T15:27:28.258+0000] {dag.py:3239} INFO - Sync 1 DAGs
[2024-11-01T15:27:28.269+0000] {logging_mixin.py:190} INFO - [2024-11-01T15:27:28.268+0000] {dag.py:4180} INFO - Setting next_dagrun for tutorial_taskflow_api to None, run_after=None
[2024-11-01T15:27:28.283+0000] {processor.py:208} INFO - Processing /home/airflow/.local/lib/python3.12/site-packages/airflow/example_dags/tutorial_taskflow_api.py took 0.050 seconds
[2024-11-01T15:27:59.057+0000] {processor.py:186} INFO - Started process (PID=3275) to work on /home/airflow/.local/lib/python3.12/site-packages/airflow/example_dags/tutorial_taskflow_api.py
[2024-11-01T15:27:59.058+0000] {processor.py:914} INFO - Processing file /home/airflow/.local/lib/python3.12/site-packages/airflow/example_dags/tutorial_taskflow_api.py for tasks to queue
[2024-11-01T15:27:59.060+0000] {logging_mixin.py:190} INFO - [2024-11-01T15:27:59.059+0000] {dagbag.py:588} INFO - Filling up the DagBag from /home/airflow/.local/lib/python3.12/site-packages/airflow/example_dags/tutorial_taskflow_api.py
[2024-11-01T15:27:59.067+0000] {processor.py:925} INFO - DAG(s) 'tutorial_taskflow_api' retrieved from /home/airflow/.local/lib/python3.12/site-packages/airflow/example_dags/tutorial_taskflow_api.py
[2024-11-01T15:27:59.085+0000] {logging_mixin.py:190} INFO - [2024-11-01T15:27:59.084+0000] {dag.py:3239} INFO - Sync 1 DAGs
[2024-11-01T15:27:59.098+0000] {logging_mixin.py:190} INFO - [2024-11-01T15:27:59.097+0000] {dag.py:4180} INFO - Setting next_dagrun for tutorial_taskflow_api to None, run_after=None
[2024-11-01T15:27:59.116+0000] {processor.py:208} INFO - Processing /home/airflow/.local/lib/python3.12/site-packages/airflow/example_dags/tutorial_taskflow_api.py took 0.063 seconds
[2024-11-01T15:28:29.453+0000] {processor.py:186} INFO - Started process (PID=3341) to work on /home/airflow/.local/lib/python3.12/site-packages/airflow/example_dags/tutorial_taskflow_api.py
[2024-11-01T15:28:29.454+0000] {processor.py:914} INFO - Processing file /home/airflow/.local/lib/python3.12/site-packages/airflow/example_dags/tutorial_taskflow_api.py for tasks to queue
[2024-11-01T15:28:29.455+0000] {logging_mixin.py:190} INFO - [2024-11-01T15:28:29.455+0000] {dagbag.py:588} INFO - Filling up the DagBag from /home/airflow/.local/lib/python3.12/site-packages/airflow/example_dags/tutorial_taskflow_api.py
[2024-11-01T15:28:29.460+0000] {processor.py:925} INFO - DAG(s) 'tutorial_taskflow_api' retrieved from /home/airflow/.local/lib/python3.12/site-packages/airflow/example_dags/tutorial_taskflow_api.py
[2024-11-01T15:28:29.472+0000] {logging_mixin.py:190} INFO - [2024-11-01T15:28:29.472+0000] {dag.py:3239} INFO - Sync 1 DAGs
[2024-11-01T15:28:29.481+0000] {logging_mixin.py:190} INFO - [2024-11-01T15:28:29.481+0000] {dag.py:4180} INFO - Setting next_dagrun for tutorial_taskflow_api to None, run_after=None
[2024-11-01T15:28:29.495+0000] {processor.py:208} INFO - Processing /home/airflow/.local/lib/python3.12/site-packages/airflow/example_dags/tutorial_taskflow_api.py took 0.045 seconds
[2024-11-01T15:28:59.585+0000] {processor.py:186} INFO - Started process (PID=3407) to work on /home/airflow/.local/lib/python3.12/site-packages/airflow/example_dags/tutorial_taskflow_api.py
[2024-11-01T15:28:59.586+0000] {processor.py:914} INFO - Processing file /home/airflow/.local/lib/python3.12/site-packages/airflow/example_dags/tutorial_taskflow_api.py for tasks to queue
[2024-11-01T15:28:59.587+0000] {logging_mixin.py:190} INFO - [2024-11-01T15:28:59.587+0000] {dagbag.py:588} INFO - Filling up the DagBag from /home/airflow/.local/lib/python3.12/site-packages/airflow/example_dags/tutorial_taskflow_api.py
[2024-11-01T15:28:59.593+0000] {processor.py:925} INFO - DAG(s) 'tutorial_taskflow_api' retrieved from /home/airflow/.local/lib/python3.12/site-packages/airflow/example_dags/tutorial_taskflow_api.py
[2024-11-01T15:28:59.606+0000] {logging_mixin.py:190} INFO - [2024-11-01T15:28:59.605+0000] {dag.py:3239} INFO - Sync 1 DAGs
[2024-11-01T15:28:59.616+0000] {logging_mixin.py:190} INFO - [2024-11-01T15:28:59.616+0000] {dag.py:4180} INFO - Setting next_dagrun for tutorial_taskflow_api to None, run_after=None
[2024-11-01T15:28:59.631+0000] {processor.py:208} INFO - Processing /home/airflow/.local/lib/python3.12/site-packages/airflow/example_dags/tutorial_taskflow_api.py took 0.050 seconds
[2024-11-01T15:29:30.189+0000] {processor.py:186} INFO - Started process (PID=3473) to work on /home/airflow/.local/lib/python3.12/site-packages/airflow/example_dags/tutorial_taskflow_api.py
[2024-11-01T15:29:30.190+0000] {processor.py:914} INFO - Processing file /home/airflow/.local/lib/python3.12/site-packages/airflow/example_dags/tutorial_taskflow_api.py for tasks to queue
[2024-11-01T15:29:30.191+0000] {logging_mixin.py:190} INFO - [2024-11-01T15:29:30.191+0000] {dagbag.py:588} INFO - Filling up the DagBag from /home/airflow/.local/lib/python3.12/site-packages/airflow/example_dags/tutorial_taskflow_api.py
[2024-11-01T15:29:30.197+0000] {processor.py:925} INFO - DAG(s) 'tutorial_taskflow_api' retrieved from /home/airflow/.local/lib/python3.12/site-packages/airflow/example_dags/tutorial_taskflow_api.py
[2024-11-01T15:29:30.212+0000] {logging_mixin.py:190} INFO - [2024-11-01T15:29:30.212+0000] {dag.py:3239} INFO - Sync 1 DAGs
[2024-11-01T15:29:30.223+0000] {logging_mixin.py:190} INFO - [2024-11-01T15:29:30.223+0000] {dag.py:4180} INFO - Setting next_dagrun for tutorial_taskflow_api to None, run_after=None
[2024-11-01T15:29:30.240+0000] {processor.py:208} INFO - Processing /home/airflow/.local/lib/python3.12/site-packages/airflow/example_dags/tutorial_taskflow_api.py took 0.055 seconds
[2024-11-01T15:30:01.216+0000] {processor.py:186} INFO - Started process (PID=3539) to work on /home/airflow/.local/lib/python3.12/site-packages/airflow/example_dags/tutorial_taskflow_api.py
[2024-11-01T15:30:01.217+0000] {processor.py:914} INFO - Processing file /home/airflow/.local/lib/python3.12/site-packages/airflow/example_dags/tutorial_taskflow_api.py for tasks to queue
[2024-11-01T15:30:01.218+0000] {logging_mixin.py:190} INFO - [2024-11-01T15:30:01.217+0000] {dagbag.py:588} INFO - Filling up the DagBag from /home/airflow/.local/lib/python3.12/site-packages/airflow/example_dags/tutorial_taskflow_api.py
[2024-11-01T15:30:01.224+0000] {processor.py:925} INFO - DAG(s) 'tutorial_taskflow_api' retrieved from /home/airflow/.local/lib/python3.12/site-packages/airflow/example_dags/tutorial_taskflow_api.py
[2024-11-01T15:30:01.238+0000] {logging_mixin.py:190} INFO - [2024-11-01T15:30:01.238+0000] {dag.py:3239} INFO - Sync 1 DAGs
[2024-11-01T15:30:01.248+0000] {logging_mixin.py:190} INFO - [2024-11-01T15:30:01.248+0000] {dag.py:4180} INFO - Setting next_dagrun for tutorial_taskflow_api to None, run_after=None
[2024-11-01T15:30:01.262+0000] {processor.py:208} INFO - Processing /home/airflow/.local/lib/python3.12/site-packages/airflow/example_dags/tutorial_taskflow_api.py took 0.050 seconds
[2024-11-01T15:30:32.149+0000] {processor.py:186} INFO - Started process (PID=3605) to work on /home/airflow/.local/lib/python3.12/site-packages/airflow/example_dags/tutorial_taskflow_api.py
[2024-11-01T15:30:32.150+0000] {processor.py:914} INFO - Processing file /home/airflow/.local/lib/python3.12/site-packages/airflow/example_dags/tutorial_taskflow_api.py for tasks to queue
[2024-11-01T15:30:32.151+0000] {logging_mixin.py:190} INFO - [2024-11-01T15:30:32.150+0000] {dagbag.py:588} INFO - Filling up the DagBag from /home/airflow/.local/lib/python3.12/site-packages/airflow/example_dags/tutorial_taskflow_api.py
[2024-11-01T15:30:32.156+0000] {processor.py:925} INFO - DAG(s) 'tutorial_taskflow_api' retrieved from /home/airflow/.local/lib/python3.12/site-packages/airflow/example_dags/tutorial_taskflow_api.py
[2024-11-01T15:30:32.169+0000] {logging_mixin.py:190} INFO - [2024-11-01T15:30:32.169+0000] {dag.py:3239} INFO - Sync 1 DAGs
[2024-11-01T15:30:32.179+0000] {logging_mixin.py:190} INFO - [2024-11-01T15:30:32.179+0000] {dag.py:4180} INFO - Setting next_dagrun for tutorial_taskflow_api to None, run_after=None
[2024-11-01T15:30:32.192+0000] {processor.py:208} INFO - Processing /home/airflow/.local/lib/python3.12/site-packages/airflow/example_dags/tutorial_taskflow_api.py took 0.047 seconds
[2024-11-01T15:31:02.853+0000] {processor.py:186} INFO - Started process (PID=3671) to work on /home/airflow/.local/lib/python3.12/site-packages/airflow/example_dags/tutorial_taskflow_api.py
[2024-11-01T15:31:02.855+0000] {processor.py:914} INFO - Processing file /home/airflow/.local/lib/python3.12/site-packages/airflow/example_dags/tutorial_taskflow_api.py for tasks to queue
[2024-11-01T15:31:02.856+0000] {logging_mixin.py:190} INFO - [2024-11-01T15:31:02.855+0000] {dagbag.py:588} INFO - Filling up the DagBag from /home/airflow/.local/lib/python3.12/site-packages/airflow/example_dags/tutorial_taskflow_api.py
[2024-11-01T15:31:02.862+0000] {processor.py:925} INFO - DAG(s) 'tutorial_taskflow_api' retrieved from /home/airflow/.local/lib/python3.12/site-packages/airflow/example_dags/tutorial_taskflow_api.py
[2024-11-01T15:31:02.888+0000] {logging_mixin.py:190} INFO - [2024-11-01T15:31:02.888+0000] {dag.py:3239} INFO - Sync 1 DAGs
[2024-11-01T15:31:02.905+0000] {logging_mixin.py:190} INFO - [2024-11-01T15:31:02.904+0000] {dag.py:4180} INFO - Setting next_dagrun for tutorial_taskflow_api to None, run_after=None
[2024-11-01T15:31:02.926+0000] {processor.py:208} INFO - Processing /home/airflow/.local/lib/python3.12/site-packages/airflow/example_dags/tutorial_taskflow_api.py took 0.080 seconds
[2024-11-01T15:31:33.647+0000] {processor.py:186} INFO - Started process (PID=3737) to work on /home/airflow/.local/lib/python3.12/site-packages/airflow/example_dags/tutorial_taskflow_api.py
[2024-11-01T15:31:33.648+0000] {processor.py:914} INFO - Processing file /home/airflow/.local/lib/python3.12/site-packages/airflow/example_dags/tutorial_taskflow_api.py for tasks to queue
[2024-11-01T15:31:33.649+0000] {logging_mixin.py:190} INFO - [2024-11-01T15:31:33.648+0000] {dagbag.py:588} INFO - Filling up the DagBag from /home/airflow/.local/lib/python3.12/site-packages/airflow/example_dags/tutorial_taskflow_api.py
[2024-11-01T15:31:33.655+0000] {processor.py:925} INFO - DAG(s) 'tutorial_taskflow_api' retrieved from /home/airflow/.local/lib/python3.12/site-packages/airflow/example_dags/tutorial_taskflow_api.py
[2024-11-01T15:31:33.670+0000] {logging_mixin.py:190} INFO - [2024-11-01T15:31:33.670+0000] {dag.py:3239} INFO - Sync 1 DAGs
[2024-11-01T15:31:33.682+0000] {logging_mixin.py:190} INFO - [2024-11-01T15:31:33.681+0000] {dag.py:4180} INFO - Setting next_dagrun for tutorial_taskflow_api to None, run_after=None
[2024-11-01T15:31:33.699+0000] {processor.py:208} INFO - Processing /home/airflow/.local/lib/python3.12/site-packages/airflow/example_dags/tutorial_taskflow_api.py took 0.056 seconds
[2024-11-01T15:32:03.763+0000] {processor.py:186} INFO - Started process (PID=3802) to work on /home/airflow/.local/lib/python3.12/site-packages/airflow/example_dags/tutorial_taskflow_api.py
[2024-11-01T15:32:03.763+0000] {processor.py:914} INFO - Processing file /home/airflow/.local/lib/python3.12/site-packages/airflow/example_dags/tutorial_taskflow_api.py for tasks to queue
[2024-11-01T15:32:03.764+0000] {logging_mixin.py:190} INFO - [2024-11-01T15:32:03.764+0000] {dagbag.py:588} INFO - Filling up the DagBag from /home/airflow/.local/lib/python3.12/site-packages/airflow/example_dags/tutorial_taskflow_api.py
[2024-11-01T15:32:03.769+0000] {processor.py:925} INFO - DAG(s) 'tutorial_taskflow_api' retrieved from /home/airflow/.local/lib/python3.12/site-packages/airflow/example_dags/tutorial_taskflow_api.py
[2024-11-01T15:32:03.783+0000] {logging_mixin.py:190} INFO - [2024-11-01T15:32:03.783+0000] {dag.py:3239} INFO - Sync 1 DAGs
[2024-11-01T15:32:03.792+0000] {logging_mixin.py:190} INFO - [2024-11-01T15:32:03.792+0000] {dag.py:4180} INFO - Setting next_dagrun for tutorial_taskflow_api to None, run_after=None
[2024-11-01T15:32:03.807+0000] {processor.py:208} INFO - Processing /home/airflow/.local/lib/python3.12/site-packages/airflow/example_dags/tutorial_taskflow_api.py took 0.049 seconds
[2024-11-01T15:32:34.153+0000] {processor.py:186} INFO - Started process (PID=3869) to work on /home/airflow/.local/lib/python3.12/site-packages/airflow/example_dags/tutorial_taskflow_api.py
[2024-11-01T15:32:34.154+0000] {processor.py:914} INFO - Processing file /home/airflow/.local/lib/python3.12/site-packages/airflow/example_dags/tutorial_taskflow_api.py for tasks to queue
[2024-11-01T15:32:34.154+0000] {logging_mixin.py:190} INFO - [2024-11-01T15:32:34.154+0000] {dagbag.py:588} INFO - Filling up the DagBag from /home/airflow/.local/lib/python3.12/site-packages/airflow/example_dags/tutorial_taskflow_api.py
[2024-11-01T15:32:34.161+0000] {processor.py:925} INFO - DAG(s) 'tutorial_taskflow_api' retrieved from /home/airflow/.local/lib/python3.12/site-packages/airflow/example_dags/tutorial_taskflow_api.py
[2024-11-01T15:32:34.177+0000] {logging_mixin.py:190} INFO - [2024-11-01T15:32:34.177+0000] {dag.py:3239} INFO - Sync 1 DAGs
[2024-11-01T15:32:34.188+0000] {logging_mixin.py:190} INFO - [2024-11-01T15:32:34.188+0000] {dag.py:4180} INFO - Setting next_dagrun for tutorial_taskflow_api to None, run_after=None
[2024-11-01T15:32:34.204+0000] {processor.py:208} INFO - Processing /home/airflow/.local/lib/python3.12/site-packages/airflow/example_dags/tutorial_taskflow_api.py took 0.056 seconds
[2024-11-01T15:33:04.399+0000] {processor.py:186} INFO - Started process (PID=3935) to work on /home/airflow/.local/lib/python3.12/site-packages/airflow/example_dags/tutorial_taskflow_api.py
[2024-11-01T15:33:04.400+0000] {processor.py:914} INFO - Processing file /home/airflow/.local/lib/python3.12/site-packages/airflow/example_dags/tutorial_taskflow_api.py for tasks to queue
[2024-11-01T15:33:04.401+0000] {logging_mixin.py:190} INFO - [2024-11-01T15:33:04.401+0000] {dagbag.py:588} INFO - Filling up the DagBag from /home/airflow/.local/lib/python3.12/site-packages/airflow/example_dags/tutorial_taskflow_api.py
[2024-11-01T15:33:04.409+0000] {processor.py:925} INFO - DAG(s) 'tutorial_taskflow_api' retrieved from /home/airflow/.local/lib/python3.12/site-packages/airflow/example_dags/tutorial_taskflow_api.py
[2024-11-01T15:33:04.424+0000] {logging_mixin.py:190} INFO - [2024-11-01T15:33:04.424+0000] {dag.py:3239} INFO - Sync 1 DAGs
[2024-11-01T15:33:04.435+0000] {logging_mixin.py:190} INFO - [2024-11-01T15:33:04.435+0000] {dag.py:4180} INFO - Setting next_dagrun for tutorial_taskflow_api to None, run_after=None
[2024-11-01T15:33:04.449+0000] {processor.py:208} INFO - Processing /home/airflow/.local/lib/python3.12/site-packages/airflow/example_dags/tutorial_taskflow_api.py took 0.054 seconds
[2024-11-01T15:33:34.647+0000] {processor.py:186} INFO - Started process (PID=4000) to work on /home/airflow/.local/lib/python3.12/site-packages/airflow/example_dags/tutorial_taskflow_api.py
[2024-11-01T15:33:34.648+0000] {processor.py:914} INFO - Processing file /home/airflow/.local/lib/python3.12/site-packages/airflow/example_dags/tutorial_taskflow_api.py for tasks to queue
[2024-11-01T15:33:34.649+0000] {logging_mixin.py:190} INFO - [2024-11-01T15:33:34.649+0000] {dagbag.py:588} INFO - Filling up the DagBag from /home/airflow/.local/lib/python3.12/site-packages/airflow/example_dags/tutorial_taskflow_api.py
[2024-11-01T15:33:34.655+0000] {processor.py:925} INFO - DAG(s) 'tutorial_taskflow_api' retrieved from /home/airflow/.local/lib/python3.12/site-packages/airflow/example_dags/tutorial_taskflow_api.py
[2024-11-01T15:33:34.670+0000] {logging_mixin.py:190} INFO - [2024-11-01T15:33:34.669+0000] {dag.py:3239} INFO - Sync 1 DAGs
[2024-11-01T15:33:34.682+0000] {logging_mixin.py:190} INFO - [2024-11-01T15:33:34.682+0000] {dag.py:4180} INFO - Setting next_dagrun for tutorial_taskflow_api to None, run_after=None
[2024-11-01T15:33:34.701+0000] {processor.py:208} INFO - Processing /home/airflow/.local/lib/python3.12/site-packages/airflow/example_dags/tutorial_taskflow_api.py took 0.061 seconds
[2024-11-01T15:34:05.317+0000] {processor.py:186} INFO - Started process (PID=4067) to work on /home/airflow/.local/lib/python3.12/site-packages/airflow/example_dags/tutorial_taskflow_api.py
[2024-11-01T15:34:05.317+0000] {processor.py:914} INFO - Processing file /home/airflow/.local/lib/python3.12/site-packages/airflow/example_dags/tutorial_taskflow_api.py for tasks to queue
[2024-11-01T15:34:05.318+0000] {logging_mixin.py:190} INFO - [2024-11-01T15:34:05.318+0000] {dagbag.py:588} INFO - Filling up the DagBag from /home/airflow/.local/lib/python3.12/site-packages/airflow/example_dags/tutorial_taskflow_api.py
[2024-11-01T15:34:05.324+0000] {processor.py:925} INFO - DAG(s) 'tutorial_taskflow_api' retrieved from /home/airflow/.local/lib/python3.12/site-packages/airflow/example_dags/tutorial_taskflow_api.py
[2024-11-01T15:34:05.337+0000] {logging_mixin.py:190} INFO - [2024-11-01T15:34:05.337+0000] {dag.py:3239} INFO - Sync 1 DAGs
[2024-11-01T15:34:05.347+0000] {logging_mixin.py:190} INFO - [2024-11-01T15:34:05.347+0000] {dag.py:4180} INFO - Setting next_dagrun for tutorial_taskflow_api to None, run_after=None
[2024-11-01T15:34:05.363+0000] {processor.py:208} INFO - Processing /home/airflow/.local/lib/python3.12/site-packages/airflow/example_dags/tutorial_taskflow_api.py took 0.050 seconds
[2024-11-01T15:34:36.342+0000] {processor.py:186} INFO - Started process (PID=4133) to work on /home/airflow/.local/lib/python3.12/site-packages/airflow/example_dags/tutorial_taskflow_api.py
[2024-11-01T15:34:36.343+0000] {processor.py:914} INFO - Processing file /home/airflow/.local/lib/python3.12/site-packages/airflow/example_dags/tutorial_taskflow_api.py for tasks to queue
[2024-11-01T15:34:36.344+0000] {logging_mixin.py:190} INFO - [2024-11-01T15:34:36.344+0000] {dagbag.py:588} INFO - Filling up the DagBag from /home/airflow/.local/lib/python3.12/site-packages/airflow/example_dags/tutorial_taskflow_api.py
[2024-11-01T15:34:36.349+0000] {processor.py:925} INFO - DAG(s) 'tutorial_taskflow_api' retrieved from /home/airflow/.local/lib/python3.12/site-packages/airflow/example_dags/tutorial_taskflow_api.py
[2024-11-01T15:34:36.362+0000] {logging_mixin.py:190} INFO - [2024-11-01T15:34:36.362+0000] {dag.py:3239} INFO - Sync 1 DAGs
[2024-11-01T15:34:36.372+0000] {logging_mixin.py:190} INFO - [2024-11-01T15:34:36.372+0000] {dag.py:4180} INFO - Setting next_dagrun for tutorial_taskflow_api to None, run_after=None
[2024-11-01T15:34:36.386+0000] {processor.py:208} INFO - Processing /home/airflow/.local/lib/python3.12/site-packages/airflow/example_dags/tutorial_taskflow_api.py took 0.047 seconds
[2024-11-01T15:35:06.808+0000] {processor.py:186} INFO - Started process (PID=4199) to work on /home/airflow/.local/lib/python3.12/site-packages/airflow/example_dags/tutorial_taskflow_api.py
[2024-11-01T15:35:06.809+0000] {processor.py:914} INFO - Processing file /home/airflow/.local/lib/python3.12/site-packages/airflow/example_dags/tutorial_taskflow_api.py for tasks to queue
[2024-11-01T15:35:06.810+0000] {logging_mixin.py:190} INFO - [2024-11-01T15:35:06.809+0000] {dagbag.py:588} INFO - Filling up the DagBag from /home/airflow/.local/lib/python3.12/site-packages/airflow/example_dags/tutorial_taskflow_api.py
[2024-11-01T15:35:06.816+0000] {processor.py:925} INFO - DAG(s) 'tutorial_taskflow_api' retrieved from /home/airflow/.local/lib/python3.12/site-packages/airflow/example_dags/tutorial_taskflow_api.py
[2024-11-01T15:35:06.835+0000] {logging_mixin.py:190} INFO - [2024-11-01T15:35:06.835+0000] {dag.py:3239} INFO - Sync 1 DAGs
[2024-11-01T15:35:06.848+0000] {logging_mixin.py:190} INFO - [2024-11-01T15:35:06.848+0000] {dag.py:4180} INFO - Setting next_dagrun for tutorial_taskflow_api to None, run_after=None
[2024-11-01T15:35:06.865+0000] {processor.py:208} INFO - Processing /home/airflow/.local/lib/python3.12/site-packages/airflow/example_dags/tutorial_taskflow_api.py took 0.063 seconds
[2024-11-01T15:35:37.061+0000] {processor.py:186} INFO - Started process (PID=4265) to work on /home/airflow/.local/lib/python3.12/site-packages/airflow/example_dags/tutorial_taskflow_api.py
[2024-11-01T15:35:37.062+0000] {processor.py:914} INFO - Processing file /home/airflow/.local/lib/python3.12/site-packages/airflow/example_dags/tutorial_taskflow_api.py for tasks to queue
[2024-11-01T15:35:37.063+0000] {logging_mixin.py:190} INFO - [2024-11-01T15:35:37.062+0000] {dagbag.py:588} INFO - Filling up the DagBag from /home/airflow/.local/lib/python3.12/site-packages/airflow/example_dags/tutorial_taskflow_api.py
[2024-11-01T15:35:37.068+0000] {processor.py:925} INFO - DAG(s) 'tutorial_taskflow_api' retrieved from /home/airflow/.local/lib/python3.12/site-packages/airflow/example_dags/tutorial_taskflow_api.py
[2024-11-01T15:35:37.085+0000] {logging_mixin.py:190} INFO - [2024-11-01T15:35:37.085+0000] {dag.py:3239} INFO - Sync 1 DAGs
[2024-11-01T15:35:37.097+0000] {logging_mixin.py:190} INFO - [2024-11-01T15:35:37.097+0000] {dag.py:4180} INFO - Setting next_dagrun for tutorial_taskflow_api to None, run_after=None
[2024-11-01T15:35:37.118+0000] {processor.py:208} INFO - Processing /home/airflow/.local/lib/python3.12/site-packages/airflow/example_dags/tutorial_taskflow_api.py took 0.062 seconds
[2024-11-01T15:36:07.511+0000] {processor.py:186} INFO - Started process (PID=4331) to work on /home/airflow/.local/lib/python3.12/site-packages/airflow/example_dags/tutorial_taskflow_api.py
[2024-11-01T15:36:07.512+0000] {processor.py:914} INFO - Processing file /home/airflow/.local/lib/python3.12/site-packages/airflow/example_dags/tutorial_taskflow_api.py for tasks to queue
[2024-11-01T15:36:07.513+0000] {logging_mixin.py:190} INFO - [2024-11-01T15:36:07.513+0000] {dagbag.py:588} INFO - Filling up the DagBag from /home/airflow/.local/lib/python3.12/site-packages/airflow/example_dags/tutorial_taskflow_api.py
[2024-11-01T15:36:07.518+0000] {processor.py:925} INFO - DAG(s) 'tutorial_taskflow_api' retrieved from /home/airflow/.local/lib/python3.12/site-packages/airflow/example_dags/tutorial_taskflow_api.py
[2024-11-01T15:36:07.532+0000] {logging_mixin.py:190} INFO - [2024-11-01T15:36:07.531+0000] {dag.py:3239} INFO - Sync 1 DAGs
[2024-11-01T15:36:07.541+0000] {logging_mixin.py:190} INFO - [2024-11-01T15:36:07.541+0000] {dag.py:4180} INFO - Setting next_dagrun for tutorial_taskflow_api to None, run_after=None
[2024-11-01T15:36:07.557+0000] {processor.py:208} INFO - Processing /home/airflow/.local/lib/python3.12/site-packages/airflow/example_dags/tutorial_taskflow_api.py took 0.049 seconds
[2024-11-01T15:36:37.826+0000] {processor.py:186} INFO - Started process (PID=4397) to work on /home/airflow/.local/lib/python3.12/site-packages/airflow/example_dags/tutorial_taskflow_api.py
[2024-11-01T15:36:37.826+0000] {processor.py:914} INFO - Processing file /home/airflow/.local/lib/python3.12/site-packages/airflow/example_dags/tutorial_taskflow_api.py for tasks to queue
[2024-11-01T15:36:37.827+0000] {logging_mixin.py:190} INFO - [2024-11-01T15:36:37.827+0000] {dagbag.py:588} INFO - Filling up the DagBag from /home/airflow/.local/lib/python3.12/site-packages/airflow/example_dags/tutorial_taskflow_api.py
[2024-11-01T15:36:37.832+0000] {processor.py:925} INFO - DAG(s) 'tutorial_taskflow_api' retrieved from /home/airflow/.local/lib/python3.12/site-packages/airflow/example_dags/tutorial_taskflow_api.py
[2024-11-01T15:36:37.846+0000] {logging_mixin.py:190} INFO - [2024-11-01T15:36:37.845+0000] {dag.py:3239} INFO - Sync 1 DAGs
[2024-11-01T15:36:37.855+0000] {logging_mixin.py:190} INFO - [2024-11-01T15:36:37.855+0000] {dag.py:4180} INFO - Setting next_dagrun for tutorial_taskflow_api to None, run_after=None
[2024-11-01T15:36:37.871+0000] {processor.py:208} INFO - Processing /home/airflow/.local/lib/python3.12/site-packages/airflow/example_dags/tutorial_taskflow_api.py took 0.049 seconds
[2024-11-01T15:37:08.151+0000] {processor.py:186} INFO - Started process (PID=4463) to work on /home/airflow/.local/lib/python3.12/site-packages/airflow/example_dags/tutorial_taskflow_api.py
[2024-11-01T15:37:08.151+0000] {processor.py:914} INFO - Processing file /home/airflow/.local/lib/python3.12/site-packages/airflow/example_dags/tutorial_taskflow_api.py for tasks to queue
[2024-11-01T15:37:08.152+0000] {logging_mixin.py:190} INFO - [2024-11-01T15:37:08.152+0000] {dagbag.py:588} INFO - Filling up the DagBag from /home/airflow/.local/lib/python3.12/site-packages/airflow/example_dags/tutorial_taskflow_api.py
[2024-11-01T15:37:08.159+0000] {processor.py:925} INFO - DAG(s) 'tutorial_taskflow_api' retrieved from /home/airflow/.local/lib/python3.12/site-packages/airflow/example_dags/tutorial_taskflow_api.py
[2024-11-01T15:37:08.175+0000] {logging_mixin.py:190} INFO - [2024-11-01T15:37:08.174+0000] {dag.py:3239} INFO - Sync 1 DAGs
[2024-11-01T15:37:08.187+0000] {logging_mixin.py:190} INFO - [2024-11-01T15:37:08.187+0000] {dag.py:4180} INFO - Setting next_dagrun for tutorial_taskflow_api to None, run_after=None
[2024-11-01T15:37:08.207+0000] {processor.py:208} INFO - Processing /home/airflow/.local/lib/python3.12/site-packages/airflow/example_dags/tutorial_taskflow_api.py took 0.061 seconds
[2024-11-01T15:37:38.779+0000] {processor.py:186} INFO - Started process (PID=4529) to work on /home/airflow/.local/lib/python3.12/site-packages/airflow/example_dags/tutorial_taskflow_api.py
[2024-11-01T15:37:38.780+0000] {processor.py:914} INFO - Processing file /home/airflow/.local/lib/python3.12/site-packages/airflow/example_dags/tutorial_taskflow_api.py for tasks to queue
[2024-11-01T15:37:38.781+0000] {logging_mixin.py:190} INFO - [2024-11-01T15:37:38.780+0000] {dagbag.py:588} INFO - Filling up the DagBag from /home/airflow/.local/lib/python3.12/site-packages/airflow/example_dags/tutorial_taskflow_api.py
[2024-11-01T15:37:38.787+0000] {processor.py:925} INFO - DAG(s) 'tutorial_taskflow_api' retrieved from /home/airflow/.local/lib/python3.12/site-packages/airflow/example_dags/tutorial_taskflow_api.py
[2024-11-01T15:37:38.805+0000] {logging_mixin.py:190} INFO - [2024-11-01T15:37:38.805+0000] {dag.py:3239} INFO - Sync 1 DAGs
[2024-11-01T15:37:38.818+0000] {logging_mixin.py:190} INFO - [2024-11-01T15:37:38.817+0000] {dag.py:4180} INFO - Setting next_dagrun for tutorial_taskflow_api to None, run_after=None
[2024-11-01T15:37:38.834+0000] {processor.py:208} INFO - Processing /home/airflow/.local/lib/python3.12/site-packages/airflow/example_dags/tutorial_taskflow_api.py took 0.059 seconds
[2024-11-01T15:38:09.010+0000] {processor.py:186} INFO - Started process (PID=4595) to work on /home/airflow/.local/lib/python3.12/site-packages/airflow/example_dags/tutorial_taskflow_api.py
[2024-11-01T15:38:09.011+0000] {processor.py:914} INFO - Processing file /home/airflow/.local/lib/python3.12/site-packages/airflow/example_dags/tutorial_taskflow_api.py for tasks to queue
[2024-11-01T15:38:09.011+0000] {logging_mixin.py:190} INFO - [2024-11-01T15:38:09.011+0000] {dagbag.py:588} INFO - Filling up the DagBag from /home/airflow/.local/lib/python3.12/site-packages/airflow/example_dags/tutorial_taskflow_api.py
[2024-11-01T15:38:09.017+0000] {processor.py:925} INFO - DAG(s) 'tutorial_taskflow_api' retrieved from /home/airflow/.local/lib/python3.12/site-packages/airflow/example_dags/tutorial_taskflow_api.py
[2024-11-01T15:38:09.032+0000] {logging_mixin.py:190} INFO - [2024-11-01T15:38:09.032+0000] {dag.py:3239} INFO - Sync 1 DAGs
[2024-11-01T15:38:09.042+0000] {logging_mixin.py:190} INFO - [2024-11-01T15:38:09.042+0000] {dag.py:4180} INFO - Setting next_dagrun for tutorial_taskflow_api to None, run_after=None
[2024-11-01T15:38:09.057+0000] {processor.py:208} INFO - Processing /home/airflow/.local/lib/python3.12/site-packages/airflow/example_dags/tutorial_taskflow_api.py took 0.051 seconds
[2024-11-01T15:38:39.344+0000] {processor.py:186} INFO - Started process (PID=4661) to work on /home/airflow/.local/lib/python3.12/site-packages/airflow/example_dags/tutorial_taskflow_api.py
[2024-11-01T15:38:39.344+0000] {processor.py:914} INFO - Processing file /home/airflow/.local/lib/python3.12/site-packages/airflow/example_dags/tutorial_taskflow_api.py for tasks to queue
[2024-11-01T15:38:39.345+0000] {logging_mixin.py:190} INFO - [2024-11-01T15:38:39.345+0000] {dagbag.py:588} INFO - Filling up the DagBag from /home/airflow/.local/lib/python3.12/site-packages/airflow/example_dags/tutorial_taskflow_api.py
[2024-11-01T15:38:39.351+0000] {processor.py:925} INFO - DAG(s) 'tutorial_taskflow_api' retrieved from /home/airflow/.local/lib/python3.12/site-packages/airflow/example_dags/tutorial_taskflow_api.py
[2024-11-01T15:38:39.365+0000] {logging_mixin.py:190} INFO - [2024-11-01T15:38:39.364+0000] {dag.py:3239} INFO - Sync 1 DAGs
[2024-11-01T15:38:39.374+0000] {logging_mixin.py:190} INFO - [2024-11-01T15:38:39.374+0000] {dag.py:4180} INFO - Setting next_dagrun for tutorial_taskflow_api to None, run_after=None
[2024-11-01T15:38:39.387+0000] {processor.py:208} INFO - Processing /home/airflow/.local/lib/python3.12/site-packages/airflow/example_dags/tutorial_taskflow_api.py took 0.046 seconds
[2024-11-01T15:39:09.643+0000] {processor.py:186} INFO - Started process (PID=4726) to work on /home/airflow/.local/lib/python3.12/site-packages/airflow/example_dags/tutorial_taskflow_api.py
[2024-11-01T15:39:09.644+0000] {processor.py:914} INFO - Processing file /home/airflow/.local/lib/python3.12/site-packages/airflow/example_dags/tutorial_taskflow_api.py for tasks to queue
[2024-11-01T15:39:09.645+0000] {logging_mixin.py:190} INFO - [2024-11-01T15:39:09.644+0000] {dagbag.py:588} INFO - Filling up the DagBag from /home/airflow/.local/lib/python3.12/site-packages/airflow/example_dags/tutorial_taskflow_api.py
[2024-11-01T15:39:09.651+0000] {processor.py:925} INFO - DAG(s) 'tutorial_taskflow_api' retrieved from /home/airflow/.local/lib/python3.12/site-packages/airflow/example_dags/tutorial_taskflow_api.py
[2024-11-01T15:39:09.668+0000] {logging_mixin.py:190} INFO - [2024-11-01T15:39:09.667+0000] {dag.py:3239} INFO - Sync 1 DAGs
[2024-11-01T15:39:09.686+0000] {logging_mixin.py:190} INFO - [2024-11-01T15:39:09.686+0000] {dag.py:4180} INFO - Setting next_dagrun for tutorial_taskflow_api to None, run_after=None
[2024-11-01T15:39:09.705+0000] {processor.py:208} INFO - Processing /home/airflow/.local/lib/python3.12/site-packages/airflow/example_dags/tutorial_taskflow_api.py took 0.067 seconds
[2024-11-01T15:39:39.893+0000] {processor.py:186} INFO - Started process (PID=4792) to work on /home/airflow/.local/lib/python3.12/site-packages/airflow/example_dags/tutorial_taskflow_api.py
[2024-11-01T15:39:39.893+0000] {processor.py:914} INFO - Processing file /home/airflow/.local/lib/python3.12/site-packages/airflow/example_dags/tutorial_taskflow_api.py for tasks to queue
[2024-11-01T15:39:39.894+0000] {logging_mixin.py:190} INFO - [2024-11-01T15:39:39.894+0000] {dagbag.py:588} INFO - Filling up the DagBag from /home/airflow/.local/lib/python3.12/site-packages/airflow/example_dags/tutorial_taskflow_api.py
[2024-11-01T15:39:39.899+0000] {processor.py:925} INFO - DAG(s) 'tutorial_taskflow_api' retrieved from /home/airflow/.local/lib/python3.12/site-packages/airflow/example_dags/tutorial_taskflow_api.py
[2024-11-01T15:39:39.915+0000] {logging_mixin.py:190} INFO - [2024-11-01T15:39:39.915+0000] {dag.py:3239} INFO - Sync 1 DAGs
[2024-11-01T15:39:39.927+0000] {logging_mixin.py:190} INFO - [2024-11-01T15:39:39.927+0000] {dag.py:4180} INFO - Setting next_dagrun for tutorial_taskflow_api to None, run_after=None
[2024-11-01T15:39:39.942+0000] {processor.py:208} INFO - Processing /home/airflow/.local/lib/python3.12/site-packages/airflow/example_dags/tutorial_taskflow_api.py took 0.054 seconds
[2024-11-01T15:40:10.155+0000] {processor.py:186} INFO - Started process (PID=4858) to work on /home/airflow/.local/lib/python3.12/site-packages/airflow/example_dags/tutorial_taskflow_api.py
[2024-11-01T15:40:10.155+0000] {processor.py:914} INFO - Processing file /home/airflow/.local/lib/python3.12/site-packages/airflow/example_dags/tutorial_taskflow_api.py for tasks to queue
[2024-11-01T15:40:10.156+0000] {logging_mixin.py:190} INFO - [2024-11-01T15:40:10.156+0000] {dagbag.py:588} INFO - Filling up the DagBag from /home/airflow/.local/lib/python3.12/site-packages/airflow/example_dags/tutorial_taskflow_api.py
[2024-11-01T15:40:10.162+0000] {processor.py:925} INFO - DAG(s) 'tutorial_taskflow_api' retrieved from /home/airflow/.local/lib/python3.12/site-packages/airflow/example_dags/tutorial_taskflow_api.py
[2024-11-01T15:40:10.175+0000] {logging_mixin.py:190} INFO - [2024-11-01T15:40:10.175+0000] {dag.py:3239} INFO - Sync 1 DAGs
[2024-11-01T15:40:10.185+0000] {logging_mixin.py:190} INFO - [2024-11-01T15:40:10.185+0000] {dag.py:4180} INFO - Setting next_dagrun for tutorial_taskflow_api to None, run_after=None
[2024-11-01T15:40:10.198+0000] {processor.py:208} INFO - Processing /home/airflow/.local/lib/python3.12/site-packages/airflow/example_dags/tutorial_taskflow_api.py took 0.047 seconds
[2024-11-01T15:40:40.889+0000] {processor.py:186} INFO - Started process (PID=4925) to work on /home/airflow/.local/lib/python3.12/site-packages/airflow/example_dags/tutorial_taskflow_api.py
[2024-11-01T15:40:40.890+0000] {processor.py:914} INFO - Processing file /home/airflow/.local/lib/python3.12/site-packages/airflow/example_dags/tutorial_taskflow_api.py for tasks to queue
[2024-11-01T15:40:40.891+0000] {logging_mixin.py:190} INFO - [2024-11-01T15:40:40.891+0000] {dagbag.py:588} INFO - Filling up the DagBag from /home/airflow/.local/lib/python3.12/site-packages/airflow/example_dags/tutorial_taskflow_api.py
[2024-11-01T15:40:40.900+0000] {processor.py:925} INFO - DAG(s) 'tutorial_taskflow_api' retrieved from /home/airflow/.local/lib/python3.12/site-packages/airflow/example_dags/tutorial_taskflow_api.py
[2024-11-01T15:40:40.920+0000] {logging_mixin.py:190} INFO - [2024-11-01T15:40:40.920+0000] {dag.py:3239} INFO - Sync 1 DAGs
[2024-11-01T15:40:40.931+0000] {logging_mixin.py:190} INFO - [2024-11-01T15:40:40.931+0000] {dag.py:4180} INFO - Setting next_dagrun for tutorial_taskflow_api to None, run_after=None
[2024-11-01T15:40:40.948+0000] {processor.py:208} INFO - Processing /home/airflow/.local/lib/python3.12/site-packages/airflow/example_dags/tutorial_taskflow_api.py took 0.065 seconds
[2024-11-01T15:42:20.323+0000] {processor.py:186} INFO - Started process (PID=4997) to work on /home/airflow/.local/lib/python3.12/site-packages/airflow/example_dags/tutorial_taskflow_api.py
[2024-11-01T15:42:20.324+0000] {processor.py:914} INFO - Processing file /home/airflow/.local/lib/python3.12/site-packages/airflow/example_dags/tutorial_taskflow_api.py for tasks to queue
[2024-11-01T15:42:20.325+0000] {logging_mixin.py:190} INFO - [2024-11-01T15:42:20.325+0000] {dagbag.py:588} INFO - Filling up the DagBag from /home/airflow/.local/lib/python3.12/site-packages/airflow/example_dags/tutorial_taskflow_api.py
[2024-11-01T15:42:20.333+0000] {processor.py:925} INFO - DAG(s) 'tutorial_taskflow_api' retrieved from /home/airflow/.local/lib/python3.12/site-packages/airflow/example_dags/tutorial_taskflow_api.py
[2024-11-01T15:42:20.354+0000] {logging_mixin.py:190} INFO - [2024-11-01T15:42:20.353+0000] {dag.py:3239} INFO - Sync 1 DAGs
[2024-11-01T15:42:20.368+0000] {logging_mixin.py:190} INFO - [2024-11-01T15:42:20.367+0000] {dag.py:4180} INFO - Setting next_dagrun for tutorial_taskflow_api to None, run_after=None
[2024-11-01T15:42:20.385+0000] {processor.py:208} INFO - Processing /home/airflow/.local/lib/python3.12/site-packages/airflow/example_dags/tutorial_taskflow_api.py took 0.067 seconds
[2024-11-01T15:42:50.676+0000] {processor.py:186} INFO - Started process (PID=5063) to work on /home/airflow/.local/lib/python3.12/site-packages/airflow/example_dags/tutorial_taskflow_api.py
[2024-11-01T15:42:50.676+0000] {processor.py:914} INFO - Processing file /home/airflow/.local/lib/python3.12/site-packages/airflow/example_dags/tutorial_taskflow_api.py for tasks to queue
[2024-11-01T15:42:50.677+0000] {logging_mixin.py:190} INFO - [2024-11-01T15:42:50.677+0000] {dagbag.py:588} INFO - Filling up the DagBag from /home/airflow/.local/lib/python3.12/site-packages/airflow/example_dags/tutorial_taskflow_api.py
[2024-11-01T15:42:50.685+0000] {processor.py:925} INFO - DAG(s) 'tutorial_taskflow_api' retrieved from /home/airflow/.local/lib/python3.12/site-packages/airflow/example_dags/tutorial_taskflow_api.py
[2024-11-01T15:42:50.709+0000] {logging_mixin.py:190} INFO - [2024-11-01T15:42:50.709+0000] {dag.py:3239} INFO - Sync 1 DAGs
[2024-11-01T15:42:50.721+0000] {logging_mixin.py:190} INFO - [2024-11-01T15:42:50.721+0000] {dag.py:4180} INFO - Setting next_dagrun for tutorial_taskflow_api to None, run_after=None
[2024-11-01T15:42:50.736+0000] {processor.py:208} INFO - Processing /home/airflow/.local/lib/python3.12/site-packages/airflow/example_dags/tutorial_taskflow_api.py took 0.066 seconds
[2024-11-01T15:43:20.939+0000] {processor.py:186} INFO - Started process (PID=5129) to work on /home/airflow/.local/lib/python3.12/site-packages/airflow/example_dags/tutorial_taskflow_api.py
[2024-11-01T15:43:20.939+0000] {processor.py:914} INFO - Processing file /home/airflow/.local/lib/python3.12/site-packages/airflow/example_dags/tutorial_taskflow_api.py for tasks to queue
[2024-11-01T15:43:20.940+0000] {logging_mixin.py:190} INFO - [2024-11-01T15:43:20.940+0000] {dagbag.py:588} INFO - Filling up the DagBag from /home/airflow/.local/lib/python3.12/site-packages/airflow/example_dags/tutorial_taskflow_api.py
[2024-11-01T15:43:20.946+0000] {processor.py:925} INFO - DAG(s) 'tutorial_taskflow_api' retrieved from /home/airflow/.local/lib/python3.12/site-packages/airflow/example_dags/tutorial_taskflow_api.py
[2024-11-01T15:43:20.961+0000] {logging_mixin.py:190} INFO - [2024-11-01T15:43:20.961+0000] {dag.py:3239} INFO - Sync 1 DAGs
[2024-11-01T15:43:20.973+0000] {logging_mixin.py:190} INFO - [2024-11-01T15:43:20.973+0000] {dag.py:4180} INFO - Setting next_dagrun for tutorial_taskflow_api to None, run_after=None
[2024-11-01T15:43:20.992+0000] {processor.py:208} INFO - Processing /home/airflow/.local/lib/python3.12/site-packages/airflow/example_dags/tutorial_taskflow_api.py took 0.057 seconds
[2024-11-01T15:49:05.530+0000] {processor.py:186} INFO - Started process (PID=101) to work on /home/airflow/.local/lib/python3.12/site-packages/airflow/example_dags/tutorial_taskflow_api.py
[2024-11-01T15:49:05.531+0000] {processor.py:914} INFO - Processing file /home/airflow/.local/lib/python3.12/site-packages/airflow/example_dags/tutorial_taskflow_api.py for tasks to queue
[2024-11-01T15:49:05.533+0000] {logging_mixin.py:190} INFO - [2024-11-01T15:49:05.533+0000] {dagbag.py:588} INFO - Filling up the DagBag from /home/airflow/.local/lib/python3.12/site-packages/airflow/example_dags/tutorial_taskflow_api.py
[2024-11-01T15:49:05.541+0000] {processor.py:925} INFO - DAG(s) 'tutorial_taskflow_api' retrieved from /home/airflow/.local/lib/python3.12/site-packages/airflow/example_dags/tutorial_taskflow_api.py
[2024-11-01T15:49:05.560+0000] {logging_mixin.py:190} INFO - [2024-11-01T15:49:05.560+0000] {dag.py:3239} INFO - Sync 1 DAGs
[2024-11-01T15:49:05.576+0000] {logging_mixin.py:190} INFO - [2024-11-01T15:49:05.575+0000] {dag.py:4180} INFO - Setting next_dagrun for tutorial_taskflow_api to None, run_after=None
[2024-11-01T15:49:05.592+0000] {processor.py:208} INFO - Processing /home/airflow/.local/lib/python3.12/site-packages/airflow/example_dags/tutorial_taskflow_api.py took 0.066 seconds
[2024-11-01T15:49:36.547+0000] {processor.py:186} INFO - Started process (PID=167) to work on /home/airflow/.local/lib/python3.12/site-packages/airflow/example_dags/tutorial_taskflow_api.py
[2024-11-01T15:49:36.547+0000] {processor.py:914} INFO - Processing file /home/airflow/.local/lib/python3.12/site-packages/airflow/example_dags/tutorial_taskflow_api.py for tasks to queue
[2024-11-01T15:49:36.549+0000] {logging_mixin.py:190} INFO - [2024-11-01T15:49:36.549+0000] {dagbag.py:588} INFO - Filling up the DagBag from /home/airflow/.local/lib/python3.12/site-packages/airflow/example_dags/tutorial_taskflow_api.py
[2024-11-01T15:49:36.560+0000] {processor.py:925} INFO - DAG(s) 'tutorial_taskflow_api' retrieved from /home/airflow/.local/lib/python3.12/site-packages/airflow/example_dags/tutorial_taskflow_api.py
[2024-11-01T15:49:36.580+0000] {logging_mixin.py:190} INFO - [2024-11-01T15:49:36.580+0000] {dag.py:3239} INFO - Sync 1 DAGs
[2024-11-01T15:49:36.594+0000] {logging_mixin.py:190} INFO - [2024-11-01T15:49:36.593+0000] {dag.py:4180} INFO - Setting next_dagrun for tutorial_taskflow_api to None, run_after=None
[2024-11-01T15:49:36.613+0000] {processor.py:208} INFO - Processing /home/airflow/.local/lib/python3.12/site-packages/airflow/example_dags/tutorial_taskflow_api.py took 0.071 seconds
[2024-11-01T15:50:07.862+0000] {processor.py:186} INFO - Started process (PID=233) to work on /home/airflow/.local/lib/python3.12/site-packages/airflow/example_dags/tutorial_taskflow_api.py
[2024-11-01T15:50:07.863+0000] {processor.py:914} INFO - Processing file /home/airflow/.local/lib/python3.12/site-packages/airflow/example_dags/tutorial_taskflow_api.py for tasks to queue
[2024-11-01T15:50:07.865+0000] {logging_mixin.py:190} INFO - [2024-11-01T15:50:07.865+0000] {dagbag.py:588} INFO - Filling up the DagBag from /home/airflow/.local/lib/python3.12/site-packages/airflow/example_dags/tutorial_taskflow_api.py
[2024-11-01T15:50:07.871+0000] {processor.py:925} INFO - DAG(s) 'tutorial_taskflow_api' retrieved from /home/airflow/.local/lib/python3.12/site-packages/airflow/example_dags/tutorial_taskflow_api.py
[2024-11-01T15:50:07.884+0000] {logging_mixin.py:190} INFO - [2024-11-01T15:50:07.884+0000] {dag.py:3239} INFO - Sync 1 DAGs
[2024-11-01T15:50:07.895+0000] {logging_mixin.py:190} INFO - [2024-11-01T15:50:07.895+0000] {dag.py:4180} INFO - Setting next_dagrun for tutorial_taskflow_api to None, run_after=None
[2024-11-01T15:50:07.912+0000] {processor.py:208} INFO - Processing /home/airflow/.local/lib/python3.12/site-packages/airflow/example_dags/tutorial_taskflow_api.py took 0.054 seconds
[2024-11-01T15:50:38.980+0000] {processor.py:186} INFO - Started process (PID=299) to work on /home/airflow/.local/lib/python3.12/site-packages/airflow/example_dags/tutorial_taskflow_api.py
[2024-11-01T15:50:38.981+0000] {processor.py:914} INFO - Processing file /home/airflow/.local/lib/python3.12/site-packages/airflow/example_dags/tutorial_taskflow_api.py for tasks to queue
[2024-11-01T15:50:38.984+0000] {logging_mixin.py:190} INFO - [2024-11-01T15:50:38.983+0000] {dagbag.py:588} INFO - Filling up the DagBag from /home/airflow/.local/lib/python3.12/site-packages/airflow/example_dags/tutorial_taskflow_api.py
[2024-11-01T15:50:38.995+0000] {processor.py:925} INFO - DAG(s) 'tutorial_taskflow_api' retrieved from /home/airflow/.local/lib/python3.12/site-packages/airflow/example_dags/tutorial_taskflow_api.py
[2024-11-01T15:50:39.020+0000] {logging_mixin.py:190} INFO - [2024-11-01T15:50:39.019+0000] {dag.py:3239} INFO - Sync 1 DAGs
[2024-11-01T15:50:39.034+0000] {logging_mixin.py:190} INFO - [2024-11-01T15:50:39.034+0000] {dag.py:4180} INFO - Setting next_dagrun for tutorial_taskflow_api to None, run_after=None
[2024-11-01T15:50:39.057+0000] {processor.py:208} INFO - Processing /home/airflow/.local/lib/python3.12/site-packages/airflow/example_dags/tutorial_taskflow_api.py took 0.085 seconds
[2024-11-01T15:51:10.012+0000] {processor.py:186} INFO - Started process (PID=365) to work on /home/airflow/.local/lib/python3.12/site-packages/airflow/example_dags/tutorial_taskflow_api.py
[2024-11-01T15:51:10.013+0000] {processor.py:914} INFO - Processing file /home/airflow/.local/lib/python3.12/site-packages/airflow/example_dags/tutorial_taskflow_api.py for tasks to queue
[2024-11-01T15:51:10.014+0000] {logging_mixin.py:190} INFO - [2024-11-01T15:51:10.014+0000] {dagbag.py:588} INFO - Filling up the DagBag from /home/airflow/.local/lib/python3.12/site-packages/airflow/example_dags/tutorial_taskflow_api.py
[2024-11-01T15:51:10.020+0000] {processor.py:925} INFO - DAG(s) 'tutorial_taskflow_api' retrieved from /home/airflow/.local/lib/python3.12/site-packages/airflow/example_dags/tutorial_taskflow_api.py
[2024-11-01T15:51:10.032+0000] {logging_mixin.py:190} INFO - [2024-11-01T15:51:10.032+0000] {dag.py:3239} INFO - Sync 1 DAGs
[2024-11-01T15:51:10.041+0000] {logging_mixin.py:190} INFO - [2024-11-01T15:51:10.041+0000] {dag.py:4180} INFO - Setting next_dagrun for tutorial_taskflow_api to None, run_after=None
[2024-11-01T15:51:10.056+0000] {processor.py:208} INFO - Processing /home/airflow/.local/lib/python3.12/site-packages/airflow/example_dags/tutorial_taskflow_api.py took 0.047 seconds
[2024-11-01T15:51:40.313+0000] {processor.py:186} INFO - Started process (PID=430) to work on /home/airflow/.local/lib/python3.12/site-packages/airflow/example_dags/tutorial_taskflow_api.py
[2024-11-01T15:51:40.314+0000] {processor.py:914} INFO - Processing file /home/airflow/.local/lib/python3.12/site-packages/airflow/example_dags/tutorial_taskflow_api.py for tasks to queue
[2024-11-01T15:51:40.316+0000] {logging_mixin.py:190} INFO - [2024-11-01T15:51:40.315+0000] {dagbag.py:588} INFO - Filling up the DagBag from /home/airflow/.local/lib/python3.12/site-packages/airflow/example_dags/tutorial_taskflow_api.py
[2024-11-01T15:51:40.323+0000] {processor.py:925} INFO - DAG(s) 'tutorial_taskflow_api' retrieved from /home/airflow/.local/lib/python3.12/site-packages/airflow/example_dags/tutorial_taskflow_api.py
[2024-11-01T15:51:40.339+0000] {logging_mixin.py:190} INFO - [2024-11-01T15:51:40.338+0000] {dag.py:3239} INFO - Sync 1 DAGs
[2024-11-01T15:51:40.352+0000] {logging_mixin.py:190} INFO - [2024-11-01T15:51:40.351+0000] {dag.py:4180} INFO - Setting next_dagrun for tutorial_taskflow_api to None, run_after=None
[2024-11-01T15:51:40.369+0000] {processor.py:208} INFO - Processing /home/airflow/.local/lib/python3.12/site-packages/airflow/example_dags/tutorial_taskflow_api.py took 0.061 seconds
[2024-11-01T15:52:10.945+0000] {processor.py:186} INFO - Started process (PID=496) to work on /home/airflow/.local/lib/python3.12/site-packages/airflow/example_dags/tutorial_taskflow_api.py
[2024-11-01T15:52:10.946+0000] {processor.py:914} INFO - Processing file /home/airflow/.local/lib/python3.12/site-packages/airflow/example_dags/tutorial_taskflow_api.py for tasks to queue
[2024-11-01T15:52:10.948+0000] {logging_mixin.py:190} INFO - [2024-11-01T15:52:10.948+0000] {dagbag.py:588} INFO - Filling up the DagBag from /home/airflow/.local/lib/python3.12/site-packages/airflow/example_dags/tutorial_taskflow_api.py
[2024-11-01T15:52:10.954+0000] {processor.py:925} INFO - DAG(s) 'tutorial_taskflow_api' retrieved from /home/airflow/.local/lib/python3.12/site-packages/airflow/example_dags/tutorial_taskflow_api.py
[2024-11-01T15:52:10.965+0000] {logging_mixin.py:190} INFO - [2024-11-01T15:52:10.965+0000] {dag.py:3239} INFO - Sync 1 DAGs
[2024-11-01T15:52:10.974+0000] {logging_mixin.py:190} INFO - [2024-11-01T15:52:10.974+0000] {dag.py:4180} INFO - Setting next_dagrun for tutorial_taskflow_api to None, run_after=None
[2024-11-01T15:52:10.986+0000] {processor.py:208} INFO - Processing /home/airflow/.local/lib/python3.12/site-packages/airflow/example_dags/tutorial_taskflow_api.py took 0.047 seconds
[2024-11-01T15:52:41.487+0000] {processor.py:186} INFO - Started process (PID=562) to work on /home/airflow/.local/lib/python3.12/site-packages/airflow/example_dags/tutorial_taskflow_api.py
[2024-11-01T15:52:41.488+0000] {processor.py:914} INFO - Processing file /home/airflow/.local/lib/python3.12/site-packages/airflow/example_dags/tutorial_taskflow_api.py for tasks to queue
[2024-11-01T15:52:41.490+0000] {logging_mixin.py:190} INFO - [2024-11-01T15:52:41.489+0000] {dagbag.py:588} INFO - Filling up the DagBag from /home/airflow/.local/lib/python3.12/site-packages/airflow/example_dags/tutorial_taskflow_api.py
[2024-11-01T15:52:41.496+0000] {processor.py:925} INFO - DAG(s) 'tutorial_taskflow_api' retrieved from /home/airflow/.local/lib/python3.12/site-packages/airflow/example_dags/tutorial_taskflow_api.py
[2024-11-01T15:52:41.508+0000] {logging_mixin.py:190} INFO - [2024-11-01T15:52:41.508+0000] {dag.py:3239} INFO - Sync 1 DAGs
[2024-11-01T15:52:41.516+0000] {logging_mixin.py:190} INFO - [2024-11-01T15:52:41.516+0000] {dag.py:4180} INFO - Setting next_dagrun for tutorial_taskflow_api to None, run_after=None
[2024-11-01T15:52:41.529+0000] {processor.py:208} INFO - Processing /home/airflow/.local/lib/python3.12/site-packages/airflow/example_dags/tutorial_taskflow_api.py took 0.047 seconds
[2024-11-01T15:53:11.886+0000] {processor.py:186} INFO - Started process (PID=628) to work on /home/airflow/.local/lib/python3.12/site-packages/airflow/example_dags/tutorial_taskflow_api.py
[2024-11-01T15:53:11.888+0000] {processor.py:914} INFO - Processing file /home/airflow/.local/lib/python3.12/site-packages/airflow/example_dags/tutorial_taskflow_api.py for tasks to queue
[2024-11-01T15:53:11.889+0000] {logging_mixin.py:190} INFO - [2024-11-01T15:53:11.889+0000] {dagbag.py:588} INFO - Filling up the DagBag from /home/airflow/.local/lib/python3.12/site-packages/airflow/example_dags/tutorial_taskflow_api.py
[2024-11-01T15:53:11.894+0000] {processor.py:925} INFO - DAG(s) 'tutorial_taskflow_api' retrieved from /home/airflow/.local/lib/python3.12/site-packages/airflow/example_dags/tutorial_taskflow_api.py
[2024-11-01T15:53:11.907+0000] {logging_mixin.py:190} INFO - [2024-11-01T15:53:11.906+0000] {dag.py:3239} INFO - Sync 1 DAGs
[2024-11-01T15:53:11.916+0000] {logging_mixin.py:190} INFO - [2024-11-01T15:53:11.916+0000] {dag.py:4180} INFO - Setting next_dagrun for tutorial_taskflow_api to None, run_after=None
[2024-11-01T15:53:11.930+0000] {processor.py:208} INFO - Processing /home/airflow/.local/lib/python3.12/site-packages/airflow/example_dags/tutorial_taskflow_api.py took 0.051 seconds
[2024-11-01T15:53:42.160+0000] {processor.py:186} INFO - Started process (PID=694) to work on /home/airflow/.local/lib/python3.12/site-packages/airflow/example_dags/tutorial_taskflow_api.py
[2024-11-01T15:53:42.161+0000] {processor.py:914} INFO - Processing file /home/airflow/.local/lib/python3.12/site-packages/airflow/example_dags/tutorial_taskflow_api.py for tasks to queue
[2024-11-01T15:53:42.163+0000] {logging_mixin.py:190} INFO - [2024-11-01T15:53:42.162+0000] {dagbag.py:588} INFO - Filling up the DagBag from /home/airflow/.local/lib/python3.12/site-packages/airflow/example_dags/tutorial_taskflow_api.py
[2024-11-01T15:53:42.169+0000] {processor.py:925} INFO - DAG(s) 'tutorial_taskflow_api' retrieved from /home/airflow/.local/lib/python3.12/site-packages/airflow/example_dags/tutorial_taskflow_api.py
[2024-11-01T15:53:42.183+0000] {logging_mixin.py:190} INFO - [2024-11-01T15:53:42.182+0000] {dag.py:3239} INFO - Sync 1 DAGs
[2024-11-01T15:53:42.192+0000] {logging_mixin.py:190} INFO - [2024-11-01T15:53:42.192+0000] {dag.py:4180} INFO - Setting next_dagrun for tutorial_taskflow_api to None, run_after=None
[2024-11-01T15:53:42.206+0000] {processor.py:208} INFO - Processing /home/airflow/.local/lib/python3.12/site-packages/airflow/example_dags/tutorial_taskflow_api.py took 0.052 seconds
[2024-11-01T15:54:12.327+0000] {processor.py:186} INFO - Started process (PID=760) to work on /home/airflow/.local/lib/python3.12/site-packages/airflow/example_dags/tutorial_taskflow_api.py
[2024-11-01T15:54:12.330+0000] {processor.py:914} INFO - Processing file /home/airflow/.local/lib/python3.12/site-packages/airflow/example_dags/tutorial_taskflow_api.py for tasks to queue
[2024-11-01T15:54:12.332+0000] {logging_mixin.py:190} INFO - [2024-11-01T15:54:12.332+0000] {dagbag.py:588} INFO - Filling up the DagBag from /home/airflow/.local/lib/python3.12/site-packages/airflow/example_dags/tutorial_taskflow_api.py
[2024-11-01T15:54:12.339+0000] {processor.py:925} INFO - DAG(s) 'tutorial_taskflow_api' retrieved from /home/airflow/.local/lib/python3.12/site-packages/airflow/example_dags/tutorial_taskflow_api.py
[2024-11-01T15:54:12.352+0000] {logging_mixin.py:190} INFO - [2024-11-01T15:54:12.351+0000] {dag.py:3239} INFO - Sync 1 DAGs
[2024-11-01T15:54:12.360+0000] {logging_mixin.py:190} INFO - [2024-11-01T15:54:12.360+0000] {dag.py:4180} INFO - Setting next_dagrun for tutorial_taskflow_api to None, run_after=None
[2024-11-01T15:54:12.372+0000] {processor.py:208} INFO - Processing /home/airflow/.local/lib/python3.12/site-packages/airflow/example_dags/tutorial_taskflow_api.py took 0.048 seconds
[2024-11-01T15:54:42.618+0000] {processor.py:186} INFO - Started process (PID=826) to work on /home/airflow/.local/lib/python3.12/site-packages/airflow/example_dags/tutorial_taskflow_api.py
[2024-11-01T15:54:42.620+0000] {processor.py:914} INFO - Processing file /home/airflow/.local/lib/python3.12/site-packages/airflow/example_dags/tutorial_taskflow_api.py for tasks to queue
[2024-11-01T15:54:42.621+0000] {logging_mixin.py:190} INFO - [2024-11-01T15:54:42.621+0000] {dagbag.py:588} INFO - Filling up the DagBag from /home/airflow/.local/lib/python3.12/site-packages/airflow/example_dags/tutorial_taskflow_api.py
[2024-11-01T15:54:42.628+0000] {processor.py:925} INFO - DAG(s) 'tutorial_taskflow_api' retrieved from /home/airflow/.local/lib/python3.12/site-packages/airflow/example_dags/tutorial_taskflow_api.py
[2024-11-01T15:54:42.640+0000] {logging_mixin.py:190} INFO - [2024-11-01T15:54:42.640+0000] {dag.py:3239} INFO - Sync 1 DAGs
[2024-11-01T15:54:42.649+0000] {logging_mixin.py:190} INFO - [2024-11-01T15:54:42.649+0000] {dag.py:4180} INFO - Setting next_dagrun for tutorial_taskflow_api to None, run_after=None
[2024-11-01T15:54:42.661+0000] {processor.py:208} INFO - Processing /home/airflow/.local/lib/python3.12/site-packages/airflow/example_dags/tutorial_taskflow_api.py took 0.048 seconds
[2024-11-01T15:55:12.799+0000] {processor.py:186} INFO - Started process (PID=892) to work on /home/airflow/.local/lib/python3.12/site-packages/airflow/example_dags/tutorial_taskflow_api.py
[2024-11-01T15:55:12.800+0000] {processor.py:914} INFO - Processing file /home/airflow/.local/lib/python3.12/site-packages/airflow/example_dags/tutorial_taskflow_api.py for tasks to queue
[2024-11-01T15:55:12.801+0000] {logging_mixin.py:190} INFO - [2024-11-01T15:55:12.801+0000] {dagbag.py:588} INFO - Filling up the DagBag from /home/airflow/.local/lib/python3.12/site-packages/airflow/example_dags/tutorial_taskflow_api.py
[2024-11-01T15:55:12.807+0000] {processor.py:925} INFO - DAG(s) 'tutorial_taskflow_api' retrieved from /home/airflow/.local/lib/python3.12/site-packages/airflow/example_dags/tutorial_taskflow_api.py
[2024-11-01T15:55:12.820+0000] {logging_mixin.py:190} INFO - [2024-11-01T15:55:12.820+0000] {dag.py:3239} INFO - Sync 1 DAGs
[2024-11-01T15:55:12.828+0000] {logging_mixin.py:190} INFO - [2024-11-01T15:55:12.828+0000] {dag.py:4180} INFO - Setting next_dagrun for tutorial_taskflow_api to None, run_after=None
[2024-11-01T15:55:12.841+0000] {processor.py:208} INFO - Processing /home/airflow/.local/lib/python3.12/site-packages/airflow/example_dags/tutorial_taskflow_api.py took 0.046 seconds
[2024-11-01T15:55:43.028+0000] {processor.py:186} INFO - Started process (PID=958) to work on /home/airflow/.local/lib/python3.12/site-packages/airflow/example_dags/tutorial_taskflow_api.py
[2024-11-01T15:55:43.029+0000] {processor.py:914} INFO - Processing file /home/airflow/.local/lib/python3.12/site-packages/airflow/example_dags/tutorial_taskflow_api.py for tasks to queue
[2024-11-01T15:55:43.031+0000] {logging_mixin.py:190} INFO - [2024-11-01T15:55:43.030+0000] {dagbag.py:588} INFO - Filling up the DagBag from /home/airflow/.local/lib/python3.12/site-packages/airflow/example_dags/tutorial_taskflow_api.py
[2024-11-01T15:55:43.037+0000] {processor.py:925} INFO - DAG(s) 'tutorial_taskflow_api' retrieved from /home/airflow/.local/lib/python3.12/site-packages/airflow/example_dags/tutorial_taskflow_api.py
[2024-11-01T15:55:43.050+0000] {logging_mixin.py:190} INFO - [2024-11-01T15:55:43.050+0000] {dag.py:3239} INFO - Sync 1 DAGs
[2024-11-01T15:55:43.061+0000] {logging_mixin.py:190} INFO - [2024-11-01T15:55:43.061+0000] {dag.py:4180} INFO - Setting next_dagrun for tutorial_taskflow_api to None, run_after=None
[2024-11-01T15:55:43.075+0000] {processor.py:208} INFO - Processing /home/airflow/.local/lib/python3.12/site-packages/airflow/example_dags/tutorial_taskflow_api.py took 0.051 seconds
[2024-11-01T15:56:13.423+0000] {processor.py:186} INFO - Started process (PID=1024) to work on /home/airflow/.local/lib/python3.12/site-packages/airflow/example_dags/tutorial_taskflow_api.py
[2024-11-01T15:56:13.424+0000] {processor.py:914} INFO - Processing file /home/airflow/.local/lib/python3.12/site-packages/airflow/example_dags/tutorial_taskflow_api.py for tasks to queue
[2024-11-01T15:56:13.425+0000] {logging_mixin.py:190} INFO - [2024-11-01T15:56:13.425+0000] {dagbag.py:588} INFO - Filling up the DagBag from /home/airflow/.local/lib/python3.12/site-packages/airflow/example_dags/tutorial_taskflow_api.py
[2024-11-01T15:56:13.431+0000] {processor.py:925} INFO - DAG(s) 'tutorial_taskflow_api' retrieved from /home/airflow/.local/lib/python3.12/site-packages/airflow/example_dags/tutorial_taskflow_api.py
[2024-11-01T15:56:13.444+0000] {logging_mixin.py:190} INFO - [2024-11-01T15:56:13.444+0000] {dag.py:3239} INFO - Sync 1 DAGs
[2024-11-01T15:56:13.454+0000] {logging_mixin.py:190} INFO - [2024-11-01T15:56:13.454+0000] {dag.py:4180} INFO - Setting next_dagrun for tutorial_taskflow_api to None, run_after=None
[2024-11-01T15:56:13.470+0000] {processor.py:208} INFO - Processing /home/airflow/.local/lib/python3.12/site-packages/airflow/example_dags/tutorial_taskflow_api.py took 0.051 seconds
[2024-11-01T15:56:43.869+0000] {processor.py:186} INFO - Started process (PID=1090) to work on /home/airflow/.local/lib/python3.12/site-packages/airflow/example_dags/tutorial_taskflow_api.py
[2024-11-01T15:56:43.870+0000] {processor.py:914} INFO - Processing file /home/airflow/.local/lib/python3.12/site-packages/airflow/example_dags/tutorial_taskflow_api.py for tasks to queue
[2024-11-01T15:56:43.872+0000] {logging_mixin.py:190} INFO - [2024-11-01T15:56:43.871+0000] {dagbag.py:588} INFO - Filling up the DagBag from /home/airflow/.local/lib/python3.12/site-packages/airflow/example_dags/tutorial_taskflow_api.py
[2024-11-01T15:56:43.880+0000] {processor.py:925} INFO - DAG(s) 'tutorial_taskflow_api' retrieved from /home/airflow/.local/lib/python3.12/site-packages/airflow/example_dags/tutorial_taskflow_api.py
[2024-11-01T15:56:43.894+0000] {logging_mixin.py:190} INFO - [2024-11-01T15:56:43.894+0000] {dag.py:3239} INFO - Sync 1 DAGs
[2024-11-01T15:56:43.905+0000] {logging_mixin.py:190} INFO - [2024-11-01T15:56:43.904+0000] {dag.py:4180} INFO - Setting next_dagrun for tutorial_taskflow_api to None, run_after=None
[2024-11-01T15:56:43.920+0000] {processor.py:208} INFO - Processing /home/airflow/.local/lib/python3.12/site-packages/airflow/example_dags/tutorial_taskflow_api.py took 0.055 seconds
[2024-11-01T15:57:14.485+0000] {processor.py:186} INFO - Started process (PID=1156) to work on /home/airflow/.local/lib/python3.12/site-packages/airflow/example_dags/tutorial_taskflow_api.py
[2024-11-01T15:57:14.486+0000] {processor.py:914} INFO - Processing file /home/airflow/.local/lib/python3.12/site-packages/airflow/example_dags/tutorial_taskflow_api.py for tasks to queue
[2024-11-01T15:57:14.489+0000] {logging_mixin.py:190} INFO - [2024-11-01T15:57:14.489+0000] {dagbag.py:588} INFO - Filling up the DagBag from /home/airflow/.local/lib/python3.12/site-packages/airflow/example_dags/tutorial_taskflow_api.py
[2024-11-01T15:57:14.496+0000] {processor.py:925} INFO - DAG(s) 'tutorial_taskflow_api' retrieved from /home/airflow/.local/lib/python3.12/site-packages/airflow/example_dags/tutorial_taskflow_api.py
[2024-11-01T15:57:14.508+0000] {logging_mixin.py:190} INFO - [2024-11-01T15:57:14.508+0000] {dag.py:3239} INFO - Sync 1 DAGs
[2024-11-01T15:57:14.517+0000] {logging_mixin.py:190} INFO - [2024-11-01T15:57:14.517+0000] {dag.py:4180} INFO - Setting next_dagrun for tutorial_taskflow_api to None, run_after=None
[2024-11-01T15:57:14.530+0000] {processor.py:208} INFO - Processing /home/airflow/.local/lib/python3.12/site-packages/airflow/example_dags/tutorial_taskflow_api.py took 0.055 seconds
[2024-11-01T15:57:44.928+0000] {processor.py:186} INFO - Started process (PID=1222) to work on /home/airflow/.local/lib/python3.12/site-packages/airflow/example_dags/tutorial_taskflow_api.py
[2024-11-01T15:57:44.930+0000] {processor.py:914} INFO - Processing file /home/airflow/.local/lib/python3.12/site-packages/airflow/example_dags/tutorial_taskflow_api.py for tasks to queue
[2024-11-01T15:57:44.932+0000] {logging_mixin.py:190} INFO - [2024-11-01T15:57:44.931+0000] {dagbag.py:588} INFO - Filling up the DagBag from /home/airflow/.local/lib/python3.12/site-packages/airflow/example_dags/tutorial_taskflow_api.py
[2024-11-01T15:57:44.941+0000] {processor.py:925} INFO - DAG(s) 'tutorial_taskflow_api' retrieved from /home/airflow/.local/lib/python3.12/site-packages/airflow/example_dags/tutorial_taskflow_api.py
[2024-11-01T15:57:45.000+0000] {logging_mixin.py:190} INFO - [2024-11-01T15:57:44.999+0000] {dag.py:3239} INFO - Sync 1 DAGs
[2024-11-01T15:57:45.012+0000] {logging_mixin.py:190} INFO - [2024-11-01T15:57:45.012+0000] {dag.py:4180} INFO - Setting next_dagrun for tutorial_taskflow_api to None, run_after=None
[2024-11-01T15:57:45.032+0000] {processor.py:208} INFO - Processing /home/airflow/.local/lib/python3.12/site-packages/airflow/example_dags/tutorial_taskflow_api.py took 0.115 seconds
[2024-11-01T15:58:15.645+0000] {processor.py:186} INFO - Started process (PID=1288) to work on /home/airflow/.local/lib/python3.12/site-packages/airflow/example_dags/tutorial_taskflow_api.py
[2024-11-01T15:58:15.646+0000] {processor.py:914} INFO - Processing file /home/airflow/.local/lib/python3.12/site-packages/airflow/example_dags/tutorial_taskflow_api.py for tasks to queue
[2024-11-01T15:58:15.647+0000] {logging_mixin.py:190} INFO - [2024-11-01T15:58:15.647+0000] {dagbag.py:588} INFO - Filling up the DagBag from /home/airflow/.local/lib/python3.12/site-packages/airflow/example_dags/tutorial_taskflow_api.py
[2024-11-01T15:58:15.653+0000] {processor.py:925} INFO - DAG(s) 'tutorial_taskflow_api' retrieved from /home/airflow/.local/lib/python3.12/site-packages/airflow/example_dags/tutorial_taskflow_api.py
[2024-11-01T15:58:15.666+0000] {logging_mixin.py:190} INFO - [2024-11-01T15:58:15.665+0000] {dag.py:3239} INFO - Sync 1 DAGs
[2024-11-01T15:58:15.676+0000] {logging_mixin.py:190} INFO - [2024-11-01T15:58:15.675+0000] {dag.py:4180} INFO - Setting next_dagrun for tutorial_taskflow_api to None, run_after=None
[2024-11-01T15:58:15.689+0000] {processor.py:208} INFO - Processing /home/airflow/.local/lib/python3.12/site-packages/airflow/example_dags/tutorial_taskflow_api.py took 0.049 seconds
[2024-11-01T15:58:47.008+0000] {processor.py:186} INFO - Started process (PID=1354) to work on /home/airflow/.local/lib/python3.12/site-packages/airflow/example_dags/tutorial_taskflow_api.py
[2024-11-01T15:58:47.009+0000] {processor.py:914} INFO - Processing file /home/airflow/.local/lib/python3.12/site-packages/airflow/example_dags/tutorial_taskflow_api.py for tasks to queue
[2024-11-01T15:58:47.010+0000] {logging_mixin.py:190} INFO - [2024-11-01T15:58:47.010+0000] {dagbag.py:588} INFO - Filling up the DagBag from /home/airflow/.local/lib/python3.12/site-packages/airflow/example_dags/tutorial_taskflow_api.py
[2024-11-01T15:58:47.015+0000] {processor.py:925} INFO - DAG(s) 'tutorial_taskflow_api' retrieved from /home/airflow/.local/lib/python3.12/site-packages/airflow/example_dags/tutorial_taskflow_api.py
[2024-11-01T15:58:47.027+0000] {logging_mixin.py:190} INFO - [2024-11-01T15:58:47.027+0000] {dag.py:3239} INFO - Sync 1 DAGs
[2024-11-01T15:58:47.036+0000] {logging_mixin.py:190} INFO - [2024-11-01T15:58:47.036+0000] {dag.py:4180} INFO - Setting next_dagrun for tutorial_taskflow_api to None, run_after=None
[2024-11-01T15:58:47.048+0000] {processor.py:208} INFO - Processing /home/airflow/.local/lib/python3.12/site-packages/airflow/example_dags/tutorial_taskflow_api.py took 0.043 seconds
[2024-11-01T15:59:17.410+0000] {processor.py:186} INFO - Started process (PID=1420) to work on /home/airflow/.local/lib/python3.12/site-packages/airflow/example_dags/tutorial_taskflow_api.py
[2024-11-01T15:59:17.411+0000] {processor.py:914} INFO - Processing file /home/airflow/.local/lib/python3.12/site-packages/airflow/example_dags/tutorial_taskflow_api.py for tasks to queue
[2024-11-01T15:59:17.413+0000] {logging_mixin.py:190} INFO - [2024-11-01T15:59:17.413+0000] {dagbag.py:588} INFO - Filling up the DagBag from /home/airflow/.local/lib/python3.12/site-packages/airflow/example_dags/tutorial_taskflow_api.py
[2024-11-01T15:59:17.419+0000] {processor.py:925} INFO - DAG(s) 'tutorial_taskflow_api' retrieved from /home/airflow/.local/lib/python3.12/site-packages/airflow/example_dags/tutorial_taskflow_api.py
[2024-11-01T15:59:17.432+0000] {logging_mixin.py:190} INFO - [2024-11-01T15:59:17.432+0000] {dag.py:3239} INFO - Sync 1 DAGs
[2024-11-01T15:59:17.442+0000] {logging_mixin.py:190} INFO - [2024-11-01T15:59:17.442+0000] {dag.py:4180} INFO - Setting next_dagrun for tutorial_taskflow_api to None, run_after=None
[2024-11-01T15:59:17.455+0000] {processor.py:208} INFO - Processing /home/airflow/.local/lib/python3.12/site-packages/airflow/example_dags/tutorial_taskflow_api.py took 0.050 seconds
[2024-11-01T15:59:48.402+0000] {processor.py:186} INFO - Started process (PID=1486) to work on /home/airflow/.local/lib/python3.12/site-packages/airflow/example_dags/tutorial_taskflow_api.py
[2024-11-01T15:59:48.402+0000] {processor.py:914} INFO - Processing file /home/airflow/.local/lib/python3.12/site-packages/airflow/example_dags/tutorial_taskflow_api.py for tasks to queue
[2024-11-01T15:59:48.404+0000] {logging_mixin.py:190} INFO - [2024-11-01T15:59:48.404+0000] {dagbag.py:588} INFO - Filling up the DagBag from /home/airflow/.local/lib/python3.12/site-packages/airflow/example_dags/tutorial_taskflow_api.py
[2024-11-01T15:59:48.410+0000] {processor.py:925} INFO - DAG(s) 'tutorial_taskflow_api' retrieved from /home/airflow/.local/lib/python3.12/site-packages/airflow/example_dags/tutorial_taskflow_api.py
[2024-11-01T15:59:48.423+0000] {logging_mixin.py:190} INFO - [2024-11-01T15:59:48.423+0000] {dag.py:3239} INFO - Sync 1 DAGs
[2024-11-01T15:59:48.433+0000] {logging_mixin.py:190} INFO - [2024-11-01T15:59:48.433+0000] {dag.py:4180} INFO - Setting next_dagrun for tutorial_taskflow_api to None, run_after=None
[2024-11-01T15:59:48.447+0000] {processor.py:208} INFO - Processing /home/airflow/.local/lib/python3.12/site-packages/airflow/example_dags/tutorial_taskflow_api.py took 0.049 seconds
[2024-11-01T16:00:19.163+0000] {processor.py:186} INFO - Started process (PID=1552) to work on /home/airflow/.local/lib/python3.12/site-packages/airflow/example_dags/tutorial_taskflow_api.py
[2024-11-01T16:00:19.164+0000] {processor.py:914} INFO - Processing file /home/airflow/.local/lib/python3.12/site-packages/airflow/example_dags/tutorial_taskflow_api.py for tasks to queue
[2024-11-01T16:00:19.166+0000] {logging_mixin.py:190} INFO - [2024-11-01T16:00:19.165+0000] {dagbag.py:588} INFO - Filling up the DagBag from /home/airflow/.local/lib/python3.12/site-packages/airflow/example_dags/tutorial_taskflow_api.py
[2024-11-01T16:00:19.171+0000] {processor.py:925} INFO - DAG(s) 'tutorial_taskflow_api' retrieved from /home/airflow/.local/lib/python3.12/site-packages/airflow/example_dags/tutorial_taskflow_api.py
[2024-11-01T16:00:19.185+0000] {logging_mixin.py:190} INFO - [2024-11-01T16:00:19.185+0000] {dag.py:3239} INFO - Sync 1 DAGs
[2024-11-01T16:00:19.194+0000] {logging_mixin.py:190} INFO - [2024-11-01T16:00:19.194+0000] {dag.py:4180} INFO - Setting next_dagrun for tutorial_taskflow_api to None, run_after=None
[2024-11-01T16:00:19.206+0000] {processor.py:208} INFO - Processing /home/airflow/.local/lib/python3.12/site-packages/airflow/example_dags/tutorial_taskflow_api.py took 0.046 seconds
[2024-11-01T16:00:49.964+0000] {processor.py:186} INFO - Started process (PID=1618) to work on /home/airflow/.local/lib/python3.12/site-packages/airflow/example_dags/tutorial_taskflow_api.py
[2024-11-01T16:00:49.964+0000] {processor.py:914} INFO - Processing file /home/airflow/.local/lib/python3.12/site-packages/airflow/example_dags/tutorial_taskflow_api.py for tasks to queue
[2024-11-01T16:00:49.966+0000] {logging_mixin.py:190} INFO - [2024-11-01T16:00:49.965+0000] {dagbag.py:588} INFO - Filling up the DagBag from /home/airflow/.local/lib/python3.12/site-packages/airflow/example_dags/tutorial_taskflow_api.py
[2024-11-01T16:00:49.971+0000] {processor.py:925} INFO - DAG(s) 'tutorial_taskflow_api' retrieved from /home/airflow/.local/lib/python3.12/site-packages/airflow/example_dags/tutorial_taskflow_api.py
[2024-11-01T16:00:49.984+0000] {logging_mixin.py:190} INFO - [2024-11-01T16:00:49.983+0000] {dag.py:3239} INFO - Sync 1 DAGs
[2024-11-01T16:00:49.992+0000] {logging_mixin.py:190} INFO - [2024-11-01T16:00:49.992+0000] {dag.py:4180} INFO - Setting next_dagrun for tutorial_taskflow_api to None, run_after=None
[2024-11-01T16:00:50.005+0000] {processor.py:208} INFO - Processing /home/airflow/.local/lib/python3.12/site-packages/airflow/example_dags/tutorial_taskflow_api.py took 0.045 seconds
[2024-11-01T16:01:20.281+0000] {processor.py:186} INFO - Started process (PID=1684) to work on /home/airflow/.local/lib/python3.12/site-packages/airflow/example_dags/tutorial_taskflow_api.py
[2024-11-01T16:01:20.282+0000] {processor.py:914} INFO - Processing file /home/airflow/.local/lib/python3.12/site-packages/airflow/example_dags/tutorial_taskflow_api.py for tasks to queue
[2024-11-01T16:01:20.283+0000] {logging_mixin.py:190} INFO - [2024-11-01T16:01:20.283+0000] {dagbag.py:588} INFO - Filling up the DagBag from /home/airflow/.local/lib/python3.12/site-packages/airflow/example_dags/tutorial_taskflow_api.py
[2024-11-01T16:01:20.288+0000] {processor.py:925} INFO - DAG(s) 'tutorial_taskflow_api' retrieved from /home/airflow/.local/lib/python3.12/site-packages/airflow/example_dags/tutorial_taskflow_api.py
[2024-11-01T16:01:20.300+0000] {logging_mixin.py:190} INFO - [2024-11-01T16:01:20.300+0000] {dag.py:3239} INFO - Sync 1 DAGs
[2024-11-01T16:01:20.309+0000] {logging_mixin.py:190} INFO - [2024-11-01T16:01:20.309+0000] {dag.py:4180} INFO - Setting next_dagrun for tutorial_taskflow_api to None, run_after=None
[2024-11-01T16:01:20.321+0000] {processor.py:208} INFO - Processing /home/airflow/.local/lib/python3.12/site-packages/airflow/example_dags/tutorial_taskflow_api.py took 0.044 seconds
[2024-11-01T16:01:51.410+0000] {processor.py:186} INFO - Started process (PID=1750) to work on /home/airflow/.local/lib/python3.12/site-packages/airflow/example_dags/tutorial_taskflow_api.py
[2024-11-01T16:01:51.411+0000] {processor.py:914} INFO - Processing file /home/airflow/.local/lib/python3.12/site-packages/airflow/example_dags/tutorial_taskflow_api.py for tasks to queue
[2024-11-01T16:01:51.413+0000] {logging_mixin.py:190} INFO - [2024-11-01T16:01:51.412+0000] {dagbag.py:588} INFO - Filling up the DagBag from /home/airflow/.local/lib/python3.12/site-packages/airflow/example_dags/tutorial_taskflow_api.py
[2024-11-01T16:01:51.418+0000] {processor.py:925} INFO - DAG(s) 'tutorial_taskflow_api' retrieved from /home/airflow/.local/lib/python3.12/site-packages/airflow/example_dags/tutorial_taskflow_api.py
[2024-11-01T16:01:51.431+0000] {logging_mixin.py:190} INFO - [2024-11-01T16:01:51.430+0000] {dag.py:3239} INFO - Sync 1 DAGs
[2024-11-01T16:01:51.439+0000] {logging_mixin.py:190} INFO - [2024-11-01T16:01:51.439+0000] {dag.py:4180} INFO - Setting next_dagrun for tutorial_taskflow_api to None, run_after=None
[2024-11-01T16:01:51.453+0000] {processor.py:208} INFO - Processing /home/airflow/.local/lib/python3.12/site-packages/airflow/example_dags/tutorial_taskflow_api.py took 0.046 seconds
[2024-11-01T16:02:22.201+0000] {processor.py:186} INFO - Started process (PID=1816) to work on /home/airflow/.local/lib/python3.12/site-packages/airflow/example_dags/tutorial_taskflow_api.py
[2024-11-01T16:02:22.202+0000] {processor.py:914} INFO - Processing file /home/airflow/.local/lib/python3.12/site-packages/airflow/example_dags/tutorial_taskflow_api.py for tasks to queue
[2024-11-01T16:02:22.203+0000] {logging_mixin.py:190} INFO - [2024-11-01T16:02:22.203+0000] {dagbag.py:588} INFO - Filling up the DagBag from /home/airflow/.local/lib/python3.12/site-packages/airflow/example_dags/tutorial_taskflow_api.py
[2024-11-01T16:02:22.212+0000] {processor.py:925} INFO - DAG(s) 'tutorial_taskflow_api' retrieved from /home/airflow/.local/lib/python3.12/site-packages/airflow/example_dags/tutorial_taskflow_api.py
[2024-11-01T16:02:22.228+0000] {logging_mixin.py:190} INFO - [2024-11-01T16:02:22.227+0000] {dag.py:3239} INFO - Sync 1 DAGs
[2024-11-01T16:02:22.242+0000] {logging_mixin.py:190} INFO - [2024-11-01T16:02:22.241+0000] {dag.py:4180} INFO - Setting next_dagrun for tutorial_taskflow_api to None, run_after=None
[2024-11-01T16:02:22.261+0000] {processor.py:208} INFO - Processing /home/airflow/.local/lib/python3.12/site-packages/airflow/example_dags/tutorial_taskflow_api.py took 0.066 seconds
[2024-11-01T16:03:50.573+0000] {processor.py:186} INFO - Started process (PID=1883) to work on /home/airflow/.local/lib/python3.12/site-packages/airflow/example_dags/tutorial_taskflow_api.py
[2024-11-01T16:03:50.574+0000] {processor.py:914} INFO - Processing file /home/airflow/.local/lib/python3.12/site-packages/airflow/example_dags/tutorial_taskflow_api.py for tasks to queue
[2024-11-01T16:03:50.576+0000] {logging_mixin.py:190} INFO - [2024-11-01T16:03:50.575+0000] {dagbag.py:588} INFO - Filling up the DagBag from /home/airflow/.local/lib/python3.12/site-packages/airflow/example_dags/tutorial_taskflow_api.py
[2024-11-01T16:03:50.583+0000] {processor.py:925} INFO - DAG(s) 'tutorial_taskflow_api' retrieved from /home/airflow/.local/lib/python3.12/site-packages/airflow/example_dags/tutorial_taskflow_api.py
[2024-11-01T16:03:50.599+0000] {logging_mixin.py:190} INFO - [2024-11-01T16:03:50.599+0000] {dag.py:3239} INFO - Sync 1 DAGs
[2024-11-01T16:03:50.612+0000] {logging_mixin.py:190} INFO - [2024-11-01T16:03:50.611+0000] {dag.py:4180} INFO - Setting next_dagrun for tutorial_taskflow_api to None, run_after=None
[2024-11-01T16:03:50.628+0000] {processor.py:208} INFO - Processing /home/airflow/.local/lib/python3.12/site-packages/airflow/example_dags/tutorial_taskflow_api.py took 0.061 seconds
[2024-11-01T16:04:21.393+0000] {processor.py:186} INFO - Started process (PID=1949) to work on /home/airflow/.local/lib/python3.12/site-packages/airflow/example_dags/tutorial_taskflow_api.py
[2024-11-01T16:04:21.394+0000] {processor.py:914} INFO - Processing file /home/airflow/.local/lib/python3.12/site-packages/airflow/example_dags/tutorial_taskflow_api.py for tasks to queue
[2024-11-01T16:04:21.396+0000] {logging_mixin.py:190} INFO - [2024-11-01T16:04:21.396+0000] {dagbag.py:588} INFO - Filling up the DagBag from /home/airflow/.local/lib/python3.12/site-packages/airflow/example_dags/tutorial_taskflow_api.py
[2024-11-01T16:04:21.402+0000] {processor.py:925} INFO - DAG(s) 'tutorial_taskflow_api' retrieved from /home/airflow/.local/lib/python3.12/site-packages/airflow/example_dags/tutorial_taskflow_api.py
[2024-11-01T16:04:21.417+0000] {logging_mixin.py:190} INFO - [2024-11-01T16:04:21.417+0000] {dag.py:3239} INFO - Sync 1 DAGs
[2024-11-01T16:04:21.428+0000] {logging_mixin.py:190} INFO - [2024-11-01T16:04:21.428+0000] {dag.py:4180} INFO - Setting next_dagrun for tutorial_taskflow_api to None, run_after=None
[2024-11-01T16:04:21.443+0000] {processor.py:208} INFO - Processing /home/airflow/.local/lib/python3.12/site-packages/airflow/example_dags/tutorial_taskflow_api.py took 0.055 seconds
[2024-11-01T16:04:52.113+0000] {processor.py:186} INFO - Started process (PID=2015) to work on /home/airflow/.local/lib/python3.12/site-packages/airflow/example_dags/tutorial_taskflow_api.py
[2024-11-01T16:04:52.114+0000] {processor.py:914} INFO - Processing file /home/airflow/.local/lib/python3.12/site-packages/airflow/example_dags/tutorial_taskflow_api.py for tasks to queue
[2024-11-01T16:04:52.117+0000] {logging_mixin.py:190} INFO - [2024-11-01T16:04:52.117+0000] {dagbag.py:588} INFO - Filling up the DagBag from /home/airflow/.local/lib/python3.12/site-packages/airflow/example_dags/tutorial_taskflow_api.py
[2024-11-01T16:04:52.130+0000] {processor.py:925} INFO - DAG(s) 'tutorial_taskflow_api' retrieved from /home/airflow/.local/lib/python3.12/site-packages/airflow/example_dags/tutorial_taskflow_api.py
[2024-11-01T16:04:52.160+0000] {logging_mixin.py:190} INFO - [2024-11-01T16:04:52.160+0000] {dag.py:3239} INFO - Sync 1 DAGs
[2024-11-01T16:04:52.180+0000] {logging_mixin.py:190} INFO - [2024-11-01T16:04:52.179+0000] {dag.py:4180} INFO - Setting next_dagrun for tutorial_taskflow_api to None, run_after=None
[2024-11-01T16:04:52.212+0000] {processor.py:208} INFO - Processing /home/airflow/.local/lib/python3.12/site-packages/airflow/example_dags/tutorial_taskflow_api.py took 0.109 seconds
[2024-11-01T16:05:22.601+0000] {processor.py:186} INFO - Started process (PID=2081) to work on /home/airflow/.local/lib/python3.12/site-packages/airflow/example_dags/tutorial_taskflow_api.py
[2024-11-01T16:05:22.602+0000] {processor.py:914} INFO - Processing file /home/airflow/.local/lib/python3.12/site-packages/airflow/example_dags/tutorial_taskflow_api.py for tasks to queue
[2024-11-01T16:05:22.603+0000] {logging_mixin.py:190} INFO - [2024-11-01T16:05:22.603+0000] {dagbag.py:588} INFO - Filling up the DagBag from /home/airflow/.local/lib/python3.12/site-packages/airflow/example_dags/tutorial_taskflow_api.py
[2024-11-01T16:05:22.610+0000] {processor.py:925} INFO - DAG(s) 'tutorial_taskflow_api' retrieved from /home/airflow/.local/lib/python3.12/site-packages/airflow/example_dags/tutorial_taskflow_api.py
[2024-11-01T16:05:22.629+0000] {logging_mixin.py:190} INFO - [2024-11-01T16:05:22.629+0000] {dag.py:3239} INFO - Sync 1 DAGs
[2024-11-01T16:05:22.646+0000] {logging_mixin.py:190} INFO - [2024-11-01T16:05:22.646+0000] {dag.py:4180} INFO - Setting next_dagrun for tutorial_taskflow_api to None, run_after=None
[2024-11-01T16:05:22.672+0000] {processor.py:208} INFO - Processing /home/airflow/.local/lib/python3.12/site-packages/airflow/example_dags/tutorial_taskflow_api.py took 0.079 seconds
[2024-11-01T16:05:53.447+0000] {processor.py:186} INFO - Started process (PID=2146) to work on /home/airflow/.local/lib/python3.12/site-packages/airflow/example_dags/tutorial_taskflow_api.py
[2024-11-01T16:05:53.448+0000] {processor.py:914} INFO - Processing file /home/airflow/.local/lib/python3.12/site-packages/airflow/example_dags/tutorial_taskflow_api.py for tasks to queue
[2024-11-01T16:05:53.450+0000] {logging_mixin.py:190} INFO - [2024-11-01T16:05:53.450+0000] {dagbag.py:588} INFO - Filling up the DagBag from /home/airflow/.local/lib/python3.12/site-packages/airflow/example_dags/tutorial_taskflow_api.py
[2024-11-01T16:05:53.457+0000] {processor.py:925} INFO - DAG(s) 'tutorial_taskflow_api' retrieved from /home/airflow/.local/lib/python3.12/site-packages/airflow/example_dags/tutorial_taskflow_api.py
[2024-11-01T16:05:53.473+0000] {logging_mixin.py:190} INFO - [2024-11-01T16:05:53.473+0000] {dag.py:3239} INFO - Sync 1 DAGs
[2024-11-01T16:05:53.487+0000] {logging_mixin.py:190} INFO - [2024-11-01T16:05:53.487+0000] {dag.py:4180} INFO - Setting next_dagrun for tutorial_taskflow_api to None, run_after=None
[2024-11-01T16:05:53.505+0000] {processor.py:208} INFO - Processing /home/airflow/.local/lib/python3.12/site-packages/airflow/example_dags/tutorial_taskflow_api.py took 0.062 seconds
[2024-11-01T16:06:23.997+0000] {processor.py:186} INFO - Started process (PID=2212) to work on /home/airflow/.local/lib/python3.12/site-packages/airflow/example_dags/tutorial_taskflow_api.py
[2024-11-01T16:06:23.998+0000] {processor.py:914} INFO - Processing file /home/airflow/.local/lib/python3.12/site-packages/airflow/example_dags/tutorial_taskflow_api.py for tasks to queue
[2024-11-01T16:06:23.999+0000] {logging_mixin.py:190} INFO - [2024-11-01T16:06:23.999+0000] {dagbag.py:588} INFO - Filling up the DagBag from /home/airflow/.local/lib/python3.12/site-packages/airflow/example_dags/tutorial_taskflow_api.py
[2024-11-01T16:06:24.006+0000] {processor.py:925} INFO - DAG(s) 'tutorial_taskflow_api' retrieved from /home/airflow/.local/lib/python3.12/site-packages/airflow/example_dags/tutorial_taskflow_api.py
[2024-11-01T16:06:24.025+0000] {logging_mixin.py:190} INFO - [2024-11-01T16:06:24.025+0000] {dag.py:3239} INFO - Sync 1 DAGs
[2024-11-01T16:06:24.045+0000] {logging_mixin.py:190} INFO - [2024-11-01T16:06:24.044+0000] {dag.py:4180} INFO - Setting next_dagrun for tutorial_taskflow_api to None, run_after=None
[2024-11-01T16:06:24.065+0000] {processor.py:208} INFO - Processing /home/airflow/.local/lib/python3.12/site-packages/airflow/example_dags/tutorial_taskflow_api.py took 0.072 seconds
[2024-11-01T16:06:54.321+0000] {processor.py:186} INFO - Started process (PID=2278) to work on /home/airflow/.local/lib/python3.12/site-packages/airflow/example_dags/tutorial_taskflow_api.py
[2024-11-01T16:06:54.323+0000] {processor.py:914} INFO - Processing file /home/airflow/.local/lib/python3.12/site-packages/airflow/example_dags/tutorial_taskflow_api.py for tasks to queue
[2024-11-01T16:06:54.326+0000] {logging_mixin.py:190} INFO - [2024-11-01T16:06:54.326+0000] {dagbag.py:588} INFO - Filling up the DagBag from /home/airflow/.local/lib/python3.12/site-packages/airflow/example_dags/tutorial_taskflow_api.py
[2024-11-01T16:06:54.337+0000] {processor.py:925} INFO - DAG(s) 'tutorial_taskflow_api' retrieved from /home/airflow/.local/lib/python3.12/site-packages/airflow/example_dags/tutorial_taskflow_api.py
[2024-11-01T16:06:54.364+0000] {logging_mixin.py:190} INFO - [2024-11-01T16:06:54.363+0000] {dag.py:3239} INFO - Sync 1 DAGs
[2024-11-01T16:06:54.380+0000] {logging_mixin.py:190} INFO - [2024-11-01T16:06:54.379+0000] {dag.py:4180} INFO - Setting next_dagrun for tutorial_taskflow_api to None, run_after=None
[2024-11-01T16:06:54.402+0000] {processor.py:208} INFO - Processing /home/airflow/.local/lib/python3.12/site-packages/airflow/example_dags/tutorial_taskflow_api.py took 0.090 seconds
[2024-11-01T16:07:24.655+0000] {processor.py:186} INFO - Started process (PID=2344) to work on /home/airflow/.local/lib/python3.12/site-packages/airflow/example_dags/tutorial_taskflow_api.py
[2024-11-01T16:07:24.656+0000] {processor.py:914} INFO - Processing file /home/airflow/.local/lib/python3.12/site-packages/airflow/example_dags/tutorial_taskflow_api.py for tasks to queue
[2024-11-01T16:07:24.657+0000] {logging_mixin.py:190} INFO - [2024-11-01T16:07:24.657+0000] {dagbag.py:588} INFO - Filling up the DagBag from /home/airflow/.local/lib/python3.12/site-packages/airflow/example_dags/tutorial_taskflow_api.py
[2024-11-01T16:07:24.663+0000] {processor.py:925} INFO - DAG(s) 'tutorial_taskflow_api' retrieved from /home/airflow/.local/lib/python3.12/site-packages/airflow/example_dags/tutorial_taskflow_api.py
[2024-11-01T16:07:24.677+0000] {logging_mixin.py:190} INFO - [2024-11-01T16:07:24.677+0000] {dag.py:3239} INFO - Sync 1 DAGs
[2024-11-01T16:07:24.687+0000] {logging_mixin.py:190} INFO - [2024-11-01T16:07:24.687+0000] {dag.py:4180} INFO - Setting next_dagrun for tutorial_taskflow_api to None, run_after=None
[2024-11-01T16:07:24.702+0000] {processor.py:208} INFO - Processing /home/airflow/.local/lib/python3.12/site-packages/airflow/example_dags/tutorial_taskflow_api.py took 0.051 seconds
[2024-11-01T16:07:55.084+0000] {processor.py:186} INFO - Started process (PID=2410) to work on /home/airflow/.local/lib/python3.12/site-packages/airflow/example_dags/tutorial_taskflow_api.py
[2024-11-01T16:07:55.085+0000] {processor.py:914} INFO - Processing file /home/airflow/.local/lib/python3.12/site-packages/airflow/example_dags/tutorial_taskflow_api.py for tasks to queue
[2024-11-01T16:07:55.087+0000] {logging_mixin.py:190} INFO - [2024-11-01T16:07:55.086+0000] {dagbag.py:588} INFO - Filling up the DagBag from /home/airflow/.local/lib/python3.12/site-packages/airflow/example_dags/tutorial_taskflow_api.py
[2024-11-01T16:07:55.093+0000] {processor.py:925} INFO - DAG(s) 'tutorial_taskflow_api' retrieved from /home/airflow/.local/lib/python3.12/site-packages/airflow/example_dags/tutorial_taskflow_api.py
[2024-11-01T16:07:55.106+0000] {logging_mixin.py:190} INFO - [2024-11-01T16:07:55.105+0000] {dag.py:3239} INFO - Sync 1 DAGs
[2024-11-01T16:07:55.116+0000] {logging_mixin.py:190} INFO - [2024-11-01T16:07:55.116+0000] {dag.py:4180} INFO - Setting next_dagrun for tutorial_taskflow_api to None, run_after=None
[2024-11-01T16:07:55.130+0000] {processor.py:208} INFO - Processing /home/airflow/.local/lib/python3.12/site-packages/airflow/example_dags/tutorial_taskflow_api.py took 0.051 seconds
[2024-11-01T16:08:25.999+0000] {processor.py:186} INFO - Started process (PID=2476) to work on /home/airflow/.local/lib/python3.12/site-packages/airflow/example_dags/tutorial_taskflow_api.py
[2024-11-01T16:08:26.000+0000] {processor.py:914} INFO - Processing file /home/airflow/.local/lib/python3.12/site-packages/airflow/example_dags/tutorial_taskflow_api.py for tasks to queue
[2024-11-01T16:08:26.002+0000] {logging_mixin.py:190} INFO - [2024-11-01T16:08:26.002+0000] {dagbag.py:588} INFO - Filling up the DagBag from /home/airflow/.local/lib/python3.12/site-packages/airflow/example_dags/tutorial_taskflow_api.py
[2024-11-01T16:08:26.008+0000] {processor.py:925} INFO - DAG(s) 'tutorial_taskflow_api' retrieved from /home/airflow/.local/lib/python3.12/site-packages/airflow/example_dags/tutorial_taskflow_api.py
[2024-11-01T16:08:26.022+0000] {logging_mixin.py:190} INFO - [2024-11-01T16:08:26.022+0000] {dag.py:3239} INFO - Sync 1 DAGs
[2024-11-01T16:08:26.032+0000] {logging_mixin.py:190} INFO - [2024-11-01T16:08:26.031+0000] {dag.py:4180} INFO - Setting next_dagrun for tutorial_taskflow_api to None, run_after=None
[2024-11-01T16:08:26.045+0000] {processor.py:208} INFO - Processing /home/airflow/.local/lib/python3.12/site-packages/airflow/example_dags/tutorial_taskflow_api.py took 0.051 seconds
[2024-11-01T16:08:56.330+0000] {processor.py:186} INFO - Started process (PID=2542) to work on /home/airflow/.local/lib/python3.12/site-packages/airflow/example_dags/tutorial_taskflow_api.py
[2024-11-01T16:08:56.331+0000] {processor.py:914} INFO - Processing file /home/airflow/.local/lib/python3.12/site-packages/airflow/example_dags/tutorial_taskflow_api.py for tasks to queue
[2024-11-01T16:08:56.332+0000] {logging_mixin.py:190} INFO - [2024-11-01T16:08:56.332+0000] {dagbag.py:588} INFO - Filling up the DagBag from /home/airflow/.local/lib/python3.12/site-packages/airflow/example_dags/tutorial_taskflow_api.py
[2024-11-01T16:08:56.338+0000] {processor.py:925} INFO - DAG(s) 'tutorial_taskflow_api' retrieved from /home/airflow/.local/lib/python3.12/site-packages/airflow/example_dags/tutorial_taskflow_api.py
[2024-11-01T16:08:56.352+0000] {logging_mixin.py:190} INFO - [2024-11-01T16:08:56.352+0000] {dag.py:3239} INFO - Sync 1 DAGs
[2024-11-01T16:08:56.361+0000] {logging_mixin.py:190} INFO - [2024-11-01T16:08:56.361+0000] {dag.py:4180} INFO - Setting next_dagrun for tutorial_taskflow_api to None, run_after=None
[2024-11-01T16:08:56.375+0000] {processor.py:208} INFO - Processing /home/airflow/.local/lib/python3.12/site-packages/airflow/example_dags/tutorial_taskflow_api.py took 0.049 seconds
[2024-11-01T16:09:26.827+0000] {processor.py:186} INFO - Started process (PID=2608) to work on /home/airflow/.local/lib/python3.12/site-packages/airflow/example_dags/tutorial_taskflow_api.py
[2024-11-01T16:09:26.828+0000] {processor.py:914} INFO - Processing file /home/airflow/.local/lib/python3.12/site-packages/airflow/example_dags/tutorial_taskflow_api.py for tasks to queue
[2024-11-01T16:09:26.830+0000] {logging_mixin.py:190} INFO - [2024-11-01T16:09:26.829+0000] {dagbag.py:588} INFO - Filling up the DagBag from /home/airflow/.local/lib/python3.12/site-packages/airflow/example_dags/tutorial_taskflow_api.py
[2024-11-01T16:09:26.836+0000] {processor.py:925} INFO - DAG(s) 'tutorial_taskflow_api' retrieved from /home/airflow/.local/lib/python3.12/site-packages/airflow/example_dags/tutorial_taskflow_api.py
[2024-11-01T16:09:26.850+0000] {logging_mixin.py:190} INFO - [2024-11-01T16:09:26.850+0000] {dag.py:3239} INFO - Sync 1 DAGs
[2024-11-01T16:09:26.861+0000] {logging_mixin.py:190} INFO - [2024-11-01T16:09:26.861+0000] {dag.py:4180} INFO - Setting next_dagrun for tutorial_taskflow_api to None, run_after=None
[2024-11-01T16:09:26.876+0000] {processor.py:208} INFO - Processing /home/airflow/.local/lib/python3.12/site-packages/airflow/example_dags/tutorial_taskflow_api.py took 0.053 seconds
[2024-11-01T16:09:57.407+0000] {processor.py:186} INFO - Started process (PID=2674) to work on /home/airflow/.local/lib/python3.12/site-packages/airflow/example_dags/tutorial_taskflow_api.py
[2024-11-01T16:09:57.407+0000] {processor.py:914} INFO - Processing file /home/airflow/.local/lib/python3.12/site-packages/airflow/example_dags/tutorial_taskflow_api.py for tasks to queue
[2024-11-01T16:09:57.409+0000] {logging_mixin.py:190} INFO - [2024-11-01T16:09:57.408+0000] {dagbag.py:588} INFO - Filling up the DagBag from /home/airflow/.local/lib/python3.12/site-packages/airflow/example_dags/tutorial_taskflow_api.py
[2024-11-01T16:09:57.414+0000] {processor.py:925} INFO - DAG(s) 'tutorial_taskflow_api' retrieved from /home/airflow/.local/lib/python3.12/site-packages/airflow/example_dags/tutorial_taskflow_api.py
[2024-11-01T16:09:57.427+0000] {logging_mixin.py:190} INFO - [2024-11-01T16:09:57.427+0000] {dag.py:3239} INFO - Sync 1 DAGs
[2024-11-01T16:09:57.437+0000] {logging_mixin.py:190} INFO - [2024-11-01T16:09:57.437+0000] {dag.py:4180} INFO - Setting next_dagrun for tutorial_taskflow_api to None, run_after=None
[2024-11-01T16:09:57.452+0000] {processor.py:208} INFO - Processing /home/airflow/.local/lib/python3.12/site-packages/airflow/example_dags/tutorial_taskflow_api.py took 0.049 seconds
[2024-11-01T16:10:28.133+0000] {processor.py:186} INFO - Started process (PID=2740) to work on /home/airflow/.local/lib/python3.12/site-packages/airflow/example_dags/tutorial_taskflow_api.py
[2024-11-01T16:10:28.134+0000] {processor.py:914} INFO - Processing file /home/airflow/.local/lib/python3.12/site-packages/airflow/example_dags/tutorial_taskflow_api.py for tasks to queue
[2024-11-01T16:10:28.139+0000] {logging_mixin.py:190} INFO - [2024-11-01T16:10:28.139+0000] {dagbag.py:588} INFO - Filling up the DagBag from /home/airflow/.local/lib/python3.12/site-packages/airflow/example_dags/tutorial_taskflow_api.py
[2024-11-01T16:10:28.152+0000] {processor.py:925} INFO - DAG(s) 'tutorial_taskflow_api' retrieved from /home/airflow/.local/lib/python3.12/site-packages/airflow/example_dags/tutorial_taskflow_api.py
[2024-11-01T16:10:28.181+0000] {logging_mixin.py:190} INFO - [2024-11-01T16:10:28.180+0000] {dag.py:3239} INFO - Sync 1 DAGs
[2024-11-01T16:10:28.199+0000] {logging_mixin.py:190} INFO - [2024-11-01T16:10:28.199+0000] {dag.py:4180} INFO - Setting next_dagrun for tutorial_taskflow_api to None, run_after=None
[2024-11-01T16:10:28.226+0000] {processor.py:208} INFO - Processing /home/airflow/.local/lib/python3.12/site-packages/airflow/example_dags/tutorial_taskflow_api.py took 0.102 seconds
[2024-11-01T16:10:58.914+0000] {processor.py:186} INFO - Started process (PID=2806) to work on /home/airflow/.local/lib/python3.12/site-packages/airflow/example_dags/tutorial_taskflow_api.py
[2024-11-01T16:10:58.914+0000] {processor.py:914} INFO - Processing file /home/airflow/.local/lib/python3.12/site-packages/airflow/example_dags/tutorial_taskflow_api.py for tasks to queue
[2024-11-01T16:10:58.916+0000] {logging_mixin.py:190} INFO - [2024-11-01T16:10:58.916+0000] {dagbag.py:588} INFO - Filling up the DagBag from /home/airflow/.local/lib/python3.12/site-packages/airflow/example_dags/tutorial_taskflow_api.py
[2024-11-01T16:10:58.922+0000] {processor.py:925} INFO - DAG(s) 'tutorial_taskflow_api' retrieved from /home/airflow/.local/lib/python3.12/site-packages/airflow/example_dags/tutorial_taskflow_api.py
[2024-11-01T16:10:58.938+0000] {logging_mixin.py:190} INFO - [2024-11-01T16:10:58.938+0000] {dag.py:3239} INFO - Sync 1 DAGs
[2024-11-01T16:10:58.950+0000] {logging_mixin.py:190} INFO - [2024-11-01T16:10:58.949+0000] {dag.py:4180} INFO - Setting next_dagrun for tutorial_taskflow_api to None, run_after=None
[2024-11-01T16:10:58.968+0000] {processor.py:208} INFO - Processing /home/airflow/.local/lib/python3.12/site-packages/airflow/example_dags/tutorial_taskflow_api.py took 0.062 seconds
[2024-11-01T16:11:29.713+0000] {processor.py:186} INFO - Started process (PID=2872) to work on /home/airflow/.local/lib/python3.12/site-packages/airflow/example_dags/tutorial_taskflow_api.py
[2024-11-01T16:11:29.714+0000] {processor.py:914} INFO - Processing file /home/airflow/.local/lib/python3.12/site-packages/airflow/example_dags/tutorial_taskflow_api.py for tasks to queue
[2024-11-01T16:11:29.715+0000] {logging_mixin.py:190} INFO - [2024-11-01T16:11:29.715+0000] {dagbag.py:588} INFO - Filling up the DagBag from /home/airflow/.local/lib/python3.12/site-packages/airflow/example_dags/tutorial_taskflow_api.py
[2024-11-01T16:11:29.722+0000] {processor.py:925} INFO - DAG(s) 'tutorial_taskflow_api' retrieved from /home/airflow/.local/lib/python3.12/site-packages/airflow/example_dags/tutorial_taskflow_api.py
[2024-11-01T16:11:29.739+0000] {logging_mixin.py:190} INFO - [2024-11-01T16:11:29.739+0000] {dag.py:3239} INFO - Sync 1 DAGs
[2024-11-01T16:11:29.755+0000] {logging_mixin.py:190} INFO - [2024-11-01T16:11:29.755+0000] {dag.py:4180} INFO - Setting next_dagrun for tutorial_taskflow_api to None, run_after=None
[2024-11-01T16:11:29.778+0000] {processor.py:208} INFO - Processing /home/airflow/.local/lib/python3.12/site-packages/airflow/example_dags/tutorial_taskflow_api.py took 0.069 seconds
[2024-11-01T16:12:00.383+0000] {processor.py:186} INFO - Started process (PID=2938) to work on /home/airflow/.local/lib/python3.12/site-packages/airflow/example_dags/tutorial_taskflow_api.py
[2024-11-01T16:12:00.384+0000] {processor.py:914} INFO - Processing file /home/airflow/.local/lib/python3.12/site-packages/airflow/example_dags/tutorial_taskflow_api.py for tasks to queue
[2024-11-01T16:12:00.385+0000] {logging_mixin.py:190} INFO - [2024-11-01T16:12:00.385+0000] {dagbag.py:588} INFO - Filling up the DagBag from /home/airflow/.local/lib/python3.12/site-packages/airflow/example_dags/tutorial_taskflow_api.py
[2024-11-01T16:12:00.391+0000] {processor.py:925} INFO - DAG(s) 'tutorial_taskflow_api' retrieved from /home/airflow/.local/lib/python3.12/site-packages/airflow/example_dags/tutorial_taskflow_api.py
[2024-11-01T16:12:00.406+0000] {logging_mixin.py:190} INFO - [2024-11-01T16:12:00.406+0000] {dag.py:3239} INFO - Sync 1 DAGs
[2024-11-01T16:12:00.418+0000] {logging_mixin.py:190} INFO - [2024-11-01T16:12:00.417+0000] {dag.py:4180} INFO - Setting next_dagrun for tutorial_taskflow_api to None, run_after=None
[2024-11-01T16:12:00.436+0000] {processor.py:208} INFO - Processing /home/airflow/.local/lib/python3.12/site-packages/airflow/example_dags/tutorial_taskflow_api.py took 0.058 seconds
[2024-11-01T16:12:30.978+0000] {processor.py:186} INFO - Started process (PID=3004) to work on /home/airflow/.local/lib/python3.12/site-packages/airflow/example_dags/tutorial_taskflow_api.py
[2024-11-01T16:12:30.979+0000] {processor.py:914} INFO - Processing file /home/airflow/.local/lib/python3.12/site-packages/airflow/example_dags/tutorial_taskflow_api.py for tasks to queue
[2024-11-01T16:12:30.981+0000] {logging_mixin.py:190} INFO - [2024-11-01T16:12:30.981+0000] {dagbag.py:588} INFO - Filling up the DagBag from /home/airflow/.local/lib/python3.12/site-packages/airflow/example_dags/tutorial_taskflow_api.py
[2024-11-01T16:12:30.988+0000] {processor.py:925} INFO - DAG(s) 'tutorial_taskflow_api' retrieved from /home/airflow/.local/lib/python3.12/site-packages/airflow/example_dags/tutorial_taskflow_api.py
[2024-11-01T16:12:31.004+0000] {logging_mixin.py:190} INFO - [2024-11-01T16:12:31.004+0000] {dag.py:3239} INFO - Sync 1 DAGs
[2024-11-01T16:12:31.016+0000] {logging_mixin.py:190} INFO - [2024-11-01T16:12:31.016+0000] {dag.py:4180} INFO - Setting next_dagrun for tutorial_taskflow_api to None, run_after=None
[2024-11-01T16:12:31.029+0000] {processor.py:208} INFO - Processing /home/airflow/.local/lib/python3.12/site-packages/airflow/example_dags/tutorial_taskflow_api.py took 0.059 seconds
[2024-11-01T16:14:06.168+0000] {processor.py:186} INFO - Started process (PID=3070) to work on /home/airflow/.local/lib/python3.12/site-packages/airflow/example_dags/tutorial_taskflow_api.py
[2024-11-01T16:14:06.175+0000] {processor.py:914} INFO - Processing file /home/airflow/.local/lib/python3.12/site-packages/airflow/example_dags/tutorial_taskflow_api.py for tasks to queue
[2024-11-01T16:14:06.185+0000] {logging_mixin.py:190} INFO - [2024-11-01T16:14:06.179+0000] {dagbag.py:588} INFO - Filling up the DagBag from /home/airflow/.local/lib/python3.12/site-packages/airflow/example_dags/tutorial_taskflow_api.py
[2024-11-01T16:14:06.243+0000] {processor.py:925} INFO - DAG(s) 'tutorial_taskflow_api' retrieved from /home/airflow/.local/lib/python3.12/site-packages/airflow/example_dags/tutorial_taskflow_api.py
[2024-11-01T16:14:06.757+0000] {logging_mixin.py:190} INFO - [2024-11-01T16:14:06.745+0000] {dag.py:3239} INFO - Sync 1 DAGs
[2024-11-01T16:14:06.846+0000] {logging_mixin.py:190} INFO - [2024-11-01T16:14:06.845+0000] {dag.py:4180} INFO - Setting next_dagrun for tutorial_taskflow_api to None, run_after=None
[2024-11-01T16:14:06.925+0000] {processor.py:208} INFO - Processing /home/airflow/.local/lib/python3.12/site-packages/airflow/example_dags/tutorial_taskflow_api.py took 0.790 seconds
[2024-11-01T16:14:37.758+0000] {processor.py:186} INFO - Started process (PID=3136) to work on /home/airflow/.local/lib/python3.12/site-packages/airflow/example_dags/tutorial_taskflow_api.py
[2024-11-01T16:14:37.758+0000] {processor.py:914} INFO - Processing file /home/airflow/.local/lib/python3.12/site-packages/airflow/example_dags/tutorial_taskflow_api.py for tasks to queue
[2024-11-01T16:14:37.760+0000] {logging_mixin.py:190} INFO - [2024-11-01T16:14:37.760+0000] {dagbag.py:588} INFO - Filling up the DagBag from /home/airflow/.local/lib/python3.12/site-packages/airflow/example_dags/tutorial_taskflow_api.py
[2024-11-01T16:14:37.767+0000] {processor.py:925} INFO - DAG(s) 'tutorial_taskflow_api' retrieved from /home/airflow/.local/lib/python3.12/site-packages/airflow/example_dags/tutorial_taskflow_api.py
[2024-11-01T16:14:37.782+0000] {logging_mixin.py:190} INFO - [2024-11-01T16:14:37.782+0000] {dag.py:3239} INFO - Sync 1 DAGs
[2024-11-01T16:14:37.793+0000] {logging_mixin.py:190} INFO - [2024-11-01T16:14:37.793+0000] {dag.py:4180} INFO - Setting next_dagrun for tutorial_taskflow_api to None, run_after=None
[2024-11-01T16:14:37.811+0000] {processor.py:208} INFO - Processing /home/airflow/.local/lib/python3.12/site-packages/airflow/example_dags/tutorial_taskflow_api.py took 0.058 seconds
[2024-11-01T16:18:40.173+0000] {processor.py:186} INFO - Started process (PID=101) to work on /home/airflow/.local/lib/python3.12/site-packages/airflow/example_dags/tutorial_taskflow_api.py
[2024-11-01T16:18:40.174+0000] {processor.py:914} INFO - Processing file /home/airflow/.local/lib/python3.12/site-packages/airflow/example_dags/tutorial_taskflow_api.py for tasks to queue
[2024-11-01T16:18:40.176+0000] {logging_mixin.py:190} INFO - [2024-11-01T16:18:40.176+0000] {dagbag.py:588} INFO - Filling up the DagBag from /home/airflow/.local/lib/python3.12/site-packages/airflow/example_dags/tutorial_taskflow_api.py
[2024-11-01T16:18:40.183+0000] {processor.py:925} INFO - DAG(s) 'tutorial_taskflow_api' retrieved from /home/airflow/.local/lib/python3.12/site-packages/airflow/example_dags/tutorial_taskflow_api.py
[2024-11-01T16:18:40.204+0000] {logging_mixin.py:190} INFO - [2024-11-01T16:18:40.203+0000] {dag.py:3239} INFO - Sync 1 DAGs
[2024-11-01T16:18:40.221+0000] {logging_mixin.py:190} INFO - [2024-11-01T16:18:40.221+0000] {dag.py:4180} INFO - Setting next_dagrun for tutorial_taskflow_api to None, run_after=None
[2024-11-01T16:18:40.246+0000] {processor.py:208} INFO - Processing /home/airflow/.local/lib/python3.12/site-packages/airflow/example_dags/tutorial_taskflow_api.py took 0.078 seconds
[2024-11-01T16:19:11.198+0000] {processor.py:186} INFO - Started process (PID=167) to work on /home/airflow/.local/lib/python3.12/site-packages/airflow/example_dags/tutorial_taskflow_api.py
[2024-11-01T16:19:11.198+0000] {processor.py:914} INFO - Processing file /home/airflow/.local/lib/python3.12/site-packages/airflow/example_dags/tutorial_taskflow_api.py for tasks to queue
[2024-11-01T16:19:11.200+0000] {logging_mixin.py:190} INFO - [2024-11-01T16:19:11.200+0000] {dagbag.py:588} INFO - Filling up the DagBag from /home/airflow/.local/lib/python3.12/site-packages/airflow/example_dags/tutorial_taskflow_api.py
[2024-11-01T16:19:11.208+0000] {processor.py:925} INFO - DAG(s) 'tutorial_taskflow_api' retrieved from /home/airflow/.local/lib/python3.12/site-packages/airflow/example_dags/tutorial_taskflow_api.py
[2024-11-01T16:19:11.226+0000] {logging_mixin.py:190} INFO - [2024-11-01T16:19:11.226+0000] {dag.py:3239} INFO - Sync 1 DAGs
[2024-11-01T16:19:11.240+0000] {logging_mixin.py:190} INFO - [2024-11-01T16:19:11.240+0000] {dag.py:4180} INFO - Setting next_dagrun for tutorial_taskflow_api to None, run_after=None
[2024-11-01T16:19:11.263+0000] {processor.py:208} INFO - Processing /home/airflow/.local/lib/python3.12/site-packages/airflow/example_dags/tutorial_taskflow_api.py took 0.071 seconds
[2024-11-01T16:19:47.163+0000] {processor.py:186} INFO - Started process (PID=233) to work on /home/airflow/.local/lib/python3.12/site-packages/airflow/example_dags/tutorial_taskflow_api.py
[2024-11-01T16:19:47.167+0000] {processor.py:914} INFO - Processing file /home/airflow/.local/lib/python3.12/site-packages/airflow/example_dags/tutorial_taskflow_api.py for tasks to queue
[2024-11-01T16:19:47.170+0000] {logging_mixin.py:190} INFO - [2024-11-01T16:19:47.169+0000] {dagbag.py:588} INFO - Filling up the DagBag from /home/airflow/.local/lib/python3.12/site-packages/airflow/example_dags/tutorial_taskflow_api.py
[2024-11-01T16:19:47.181+0000] {processor.py:925} INFO - DAG(s) 'tutorial_taskflow_api' retrieved from /home/airflow/.local/lib/python3.12/site-packages/airflow/example_dags/tutorial_taskflow_api.py
[2024-11-01T16:19:47.204+0000] {logging_mixin.py:190} INFO - [2024-11-01T16:19:47.203+0000] {dag.py:3239} INFO - Sync 1 DAGs
[2024-11-01T16:19:47.218+0000] {logging_mixin.py:190} INFO - [2024-11-01T16:19:47.218+0000] {dag.py:4180} INFO - Setting next_dagrun for tutorial_taskflow_api to None, run_after=None
[2024-11-01T16:19:47.244+0000] {processor.py:208} INFO - Processing /home/airflow/.local/lib/python3.12/site-packages/airflow/example_dags/tutorial_taskflow_api.py took 0.092 seconds
[2024-11-01T16:20:17.539+0000] {processor.py:186} INFO - Started process (PID=299) to work on /home/airflow/.local/lib/python3.12/site-packages/airflow/example_dags/tutorial_taskflow_api.py
[2024-11-01T16:20:17.540+0000] {processor.py:914} INFO - Processing file /home/airflow/.local/lib/python3.12/site-packages/airflow/example_dags/tutorial_taskflow_api.py for tasks to queue
[2024-11-01T16:20:17.541+0000] {logging_mixin.py:190} INFO - [2024-11-01T16:20:17.541+0000] {dagbag.py:588} INFO - Filling up the DagBag from /home/airflow/.local/lib/python3.12/site-packages/airflow/example_dags/tutorial_taskflow_api.py
[2024-11-01T16:20:17.546+0000] {processor.py:925} INFO - DAG(s) 'tutorial_taskflow_api' retrieved from /home/airflow/.local/lib/python3.12/site-packages/airflow/example_dags/tutorial_taskflow_api.py
[2024-11-01T16:20:17.562+0000] {logging_mixin.py:190} INFO - [2024-11-01T16:20:17.561+0000] {dag.py:3239} INFO - Sync 1 DAGs
[2024-11-01T16:20:17.572+0000] {logging_mixin.py:190} INFO - [2024-11-01T16:20:17.572+0000] {dag.py:4180} INFO - Setting next_dagrun for tutorial_taskflow_api to None, run_after=None
[2024-11-01T16:20:17.588+0000] {processor.py:208} INFO - Processing /home/airflow/.local/lib/python3.12/site-packages/airflow/example_dags/tutorial_taskflow_api.py took 0.054 seconds
[2024-11-01T16:20:47.845+0000] {processor.py:186} INFO - Started process (PID=364) to work on /home/airflow/.local/lib/python3.12/site-packages/airflow/example_dags/tutorial_taskflow_api.py
[2024-11-01T16:20:47.846+0000] {processor.py:914} INFO - Processing file /home/airflow/.local/lib/python3.12/site-packages/airflow/example_dags/tutorial_taskflow_api.py for tasks to queue
[2024-11-01T16:20:47.847+0000] {logging_mixin.py:190} INFO - [2024-11-01T16:20:47.847+0000] {dagbag.py:588} INFO - Filling up the DagBag from /home/airflow/.local/lib/python3.12/site-packages/airflow/example_dags/tutorial_taskflow_api.py
[2024-11-01T16:20:47.852+0000] {processor.py:925} INFO - DAG(s) 'tutorial_taskflow_api' retrieved from /home/airflow/.local/lib/python3.12/site-packages/airflow/example_dags/tutorial_taskflow_api.py
[2024-11-01T16:20:47.867+0000] {logging_mixin.py:190} INFO - [2024-11-01T16:20:47.867+0000] {dag.py:3239} INFO - Sync 1 DAGs
[2024-11-01T16:20:47.877+0000] {logging_mixin.py:190} INFO - [2024-11-01T16:20:47.877+0000] {dag.py:4180} INFO - Setting next_dagrun for tutorial_taskflow_api to None, run_after=None
[2024-11-01T16:20:47.894+0000] {processor.py:208} INFO - Processing /home/airflow/.local/lib/python3.12/site-packages/airflow/example_dags/tutorial_taskflow_api.py took 0.053 seconds
[2024-11-01T16:21:18.017+0000] {processor.py:186} INFO - Started process (PID=430) to work on /home/airflow/.local/lib/python3.12/site-packages/airflow/example_dags/tutorial_taskflow_api.py
[2024-11-01T16:21:18.018+0000] {processor.py:914} INFO - Processing file /home/airflow/.local/lib/python3.12/site-packages/airflow/example_dags/tutorial_taskflow_api.py for tasks to queue
[2024-11-01T16:21:18.019+0000] {logging_mixin.py:190} INFO - [2024-11-01T16:21:18.019+0000] {dagbag.py:588} INFO - Filling up the DagBag from /home/airflow/.local/lib/python3.12/site-packages/airflow/example_dags/tutorial_taskflow_api.py
[2024-11-01T16:21:18.025+0000] {processor.py:925} INFO - DAG(s) 'tutorial_taskflow_api' retrieved from /home/airflow/.local/lib/python3.12/site-packages/airflow/example_dags/tutorial_taskflow_api.py
[2024-11-01T16:21:18.038+0000] {logging_mixin.py:190} INFO - [2024-11-01T16:21:18.038+0000] {dag.py:3239} INFO - Sync 1 DAGs
[2024-11-01T16:21:18.048+0000] {logging_mixin.py:190} INFO - [2024-11-01T16:21:18.048+0000] {dag.py:4180} INFO - Setting next_dagrun for tutorial_taskflow_api to None, run_after=None
[2024-11-01T16:21:18.063+0000] {processor.py:208} INFO - Processing /home/airflow/.local/lib/python3.12/site-packages/airflow/example_dags/tutorial_taskflow_api.py took 0.050 seconds
[2024-11-01T16:21:48.316+0000] {processor.py:186} INFO - Started process (PID=496) to work on /home/airflow/.local/lib/python3.12/site-packages/airflow/example_dags/tutorial_taskflow_api.py
[2024-11-01T16:21:48.317+0000] {processor.py:914} INFO - Processing file /home/airflow/.local/lib/python3.12/site-packages/airflow/example_dags/tutorial_taskflow_api.py for tasks to queue
[2024-11-01T16:21:48.318+0000] {logging_mixin.py:190} INFO - [2024-11-01T16:21:48.318+0000] {dagbag.py:588} INFO - Filling up the DagBag from /home/airflow/.local/lib/python3.12/site-packages/airflow/example_dags/tutorial_taskflow_api.py
[2024-11-01T16:21:48.324+0000] {processor.py:925} INFO - DAG(s) 'tutorial_taskflow_api' retrieved from /home/airflow/.local/lib/python3.12/site-packages/airflow/example_dags/tutorial_taskflow_api.py
[2024-11-01T16:21:48.339+0000] {logging_mixin.py:190} INFO - [2024-11-01T16:21:48.339+0000] {dag.py:3239} INFO - Sync 1 DAGs
[2024-11-01T16:21:48.350+0000] {logging_mixin.py:190} INFO - [2024-11-01T16:21:48.350+0000] {dag.py:4180} INFO - Setting next_dagrun for tutorial_taskflow_api to None, run_after=None
[2024-11-01T16:21:48.365+0000] {processor.py:208} INFO - Processing /home/airflow/.local/lib/python3.12/site-packages/airflow/example_dags/tutorial_taskflow_api.py took 0.053 seconds
[2024-11-01T16:22:18.680+0000] {processor.py:186} INFO - Started process (PID=562) to work on /home/airflow/.local/lib/python3.12/site-packages/airflow/example_dags/tutorial_taskflow_api.py
[2024-11-01T16:22:18.681+0000] {processor.py:914} INFO - Processing file /home/airflow/.local/lib/python3.12/site-packages/airflow/example_dags/tutorial_taskflow_api.py for tasks to queue
[2024-11-01T16:22:18.682+0000] {logging_mixin.py:190} INFO - [2024-11-01T16:22:18.682+0000] {dagbag.py:588} INFO - Filling up the DagBag from /home/airflow/.local/lib/python3.12/site-packages/airflow/example_dags/tutorial_taskflow_api.py
[2024-11-01T16:22:18.688+0000] {processor.py:925} INFO - DAG(s) 'tutorial_taskflow_api' retrieved from /home/airflow/.local/lib/python3.12/site-packages/airflow/example_dags/tutorial_taskflow_api.py
[2024-11-01T16:22:18.702+0000] {logging_mixin.py:190} INFO - [2024-11-01T16:22:18.701+0000] {dag.py:3239} INFO - Sync 1 DAGs
[2024-11-01T16:22:18.712+0000] {logging_mixin.py:190} INFO - [2024-11-01T16:22:18.711+0000] {dag.py:4180} INFO - Setting next_dagrun for tutorial_taskflow_api to None, run_after=None
[2024-11-01T16:22:18.725+0000] {processor.py:208} INFO - Processing /home/airflow/.local/lib/python3.12/site-packages/airflow/example_dags/tutorial_taskflow_api.py took 0.049 seconds
[2024-11-01T16:22:49.474+0000] {processor.py:186} INFO - Started process (PID=628) to work on /home/airflow/.local/lib/python3.12/site-packages/airflow/example_dags/tutorial_taskflow_api.py
[2024-11-01T16:22:49.474+0000] {processor.py:914} INFO - Processing file /home/airflow/.local/lib/python3.12/site-packages/airflow/example_dags/tutorial_taskflow_api.py for tasks to queue
[2024-11-01T16:22:49.476+0000] {logging_mixin.py:190} INFO - [2024-11-01T16:22:49.476+0000] {dagbag.py:588} INFO - Filling up the DagBag from /home/airflow/.local/lib/python3.12/site-packages/airflow/example_dags/tutorial_taskflow_api.py
[2024-11-01T16:22:49.482+0000] {processor.py:925} INFO - DAG(s) 'tutorial_taskflow_api' retrieved from /home/airflow/.local/lib/python3.12/site-packages/airflow/example_dags/tutorial_taskflow_api.py
[2024-11-01T16:22:49.497+0000] {logging_mixin.py:190} INFO - [2024-11-01T16:22:49.497+0000] {dag.py:3239} INFO - Sync 1 DAGs
[2024-11-01T16:22:49.508+0000] {logging_mixin.py:190} INFO - [2024-11-01T16:22:49.507+0000] {dag.py:4180} INFO - Setting next_dagrun for tutorial_taskflow_api to None, run_after=None
[2024-11-01T16:22:49.523+0000] {processor.py:208} INFO - Processing /home/airflow/.local/lib/python3.12/site-packages/airflow/example_dags/tutorial_taskflow_api.py took 0.054 seconds
[2024-11-01T16:23:20.699+0000] {processor.py:186} INFO - Started process (PID=694) to work on /home/airflow/.local/lib/python3.12/site-packages/airflow/example_dags/tutorial_taskflow_api.py
[2024-11-01T16:23:20.699+0000] {processor.py:914} INFO - Processing file /home/airflow/.local/lib/python3.12/site-packages/airflow/example_dags/tutorial_taskflow_api.py for tasks to queue
[2024-11-01T16:23:20.701+0000] {logging_mixin.py:190} INFO - [2024-11-01T16:23:20.701+0000] {dagbag.py:588} INFO - Filling up the DagBag from /home/airflow/.local/lib/python3.12/site-packages/airflow/example_dags/tutorial_taskflow_api.py
[2024-11-01T16:23:20.706+0000] {processor.py:925} INFO - DAG(s) 'tutorial_taskflow_api' retrieved from /home/airflow/.local/lib/python3.12/site-packages/airflow/example_dags/tutorial_taskflow_api.py
[2024-11-01T16:23:20.719+0000] {logging_mixin.py:190} INFO - [2024-11-01T16:23:20.719+0000] {dag.py:3239} INFO - Sync 1 DAGs
[2024-11-01T16:23:20.729+0000] {logging_mixin.py:190} INFO - [2024-11-01T16:23:20.728+0000] {dag.py:4180} INFO - Setting next_dagrun for tutorial_taskflow_api to None, run_after=None
[2024-11-01T16:23:20.743+0000] {processor.py:208} INFO - Processing /home/airflow/.local/lib/python3.12/site-packages/airflow/example_dags/tutorial_taskflow_api.py took 0.048 seconds
[2024-11-01T16:23:51.917+0000] {processor.py:186} INFO - Started process (PID=760) to work on /home/airflow/.local/lib/python3.12/site-packages/airflow/example_dags/tutorial_taskflow_api.py
[2024-11-01T16:23:51.918+0000] {processor.py:914} INFO - Processing file /home/airflow/.local/lib/python3.12/site-packages/airflow/example_dags/tutorial_taskflow_api.py for tasks to queue
[2024-11-01T16:23:51.920+0000] {logging_mixin.py:190} INFO - [2024-11-01T16:23:51.919+0000] {dagbag.py:588} INFO - Filling up the DagBag from /home/airflow/.local/lib/python3.12/site-packages/airflow/example_dags/tutorial_taskflow_api.py
[2024-11-01T16:23:51.925+0000] {processor.py:925} INFO - DAG(s) 'tutorial_taskflow_api' retrieved from /home/airflow/.local/lib/python3.12/site-packages/airflow/example_dags/tutorial_taskflow_api.py
[2024-11-01T16:23:51.939+0000] {logging_mixin.py:190} INFO - [2024-11-01T16:23:51.939+0000] {dag.py:3239} INFO - Sync 1 DAGs
[2024-11-01T16:23:51.949+0000] {logging_mixin.py:190} INFO - [2024-11-01T16:23:51.949+0000] {dag.py:4180} INFO - Setting next_dagrun for tutorial_taskflow_api to None, run_after=None
[2024-11-01T16:23:51.965+0000] {processor.py:208} INFO - Processing /home/airflow/.local/lib/python3.12/site-packages/airflow/example_dags/tutorial_taskflow_api.py took 0.051 seconds
[2024-11-01T16:24:22.463+0000] {processor.py:186} INFO - Started process (PID=826) to work on /home/airflow/.local/lib/python3.12/site-packages/airflow/example_dags/tutorial_taskflow_api.py
[2024-11-01T16:24:22.464+0000] {processor.py:914} INFO - Processing file /home/airflow/.local/lib/python3.12/site-packages/airflow/example_dags/tutorial_taskflow_api.py for tasks to queue
[2024-11-01T16:24:22.465+0000] {logging_mixin.py:190} INFO - [2024-11-01T16:24:22.465+0000] {dagbag.py:588} INFO - Filling up the DagBag from /home/airflow/.local/lib/python3.12/site-packages/airflow/example_dags/tutorial_taskflow_api.py
[2024-11-01T16:24:22.471+0000] {processor.py:925} INFO - DAG(s) 'tutorial_taskflow_api' retrieved from /home/airflow/.local/lib/python3.12/site-packages/airflow/example_dags/tutorial_taskflow_api.py
[2024-11-01T16:24:22.484+0000] {logging_mixin.py:190} INFO - [2024-11-01T16:24:22.484+0000] {dag.py:3239} INFO - Sync 1 DAGs
[2024-11-01T16:24:22.494+0000] {logging_mixin.py:190} INFO - [2024-11-01T16:24:22.493+0000] {dag.py:4180} INFO - Setting next_dagrun for tutorial_taskflow_api to None, run_after=None
[2024-11-01T16:24:22.507+0000] {processor.py:208} INFO - Processing /home/airflow/.local/lib/python3.12/site-packages/airflow/example_dags/tutorial_taskflow_api.py took 0.048 seconds
[2024-11-01T16:24:53.657+0000] {processor.py:186} INFO - Started process (PID=892) to work on /home/airflow/.local/lib/python3.12/site-packages/airflow/example_dags/tutorial_taskflow_api.py
[2024-11-01T16:24:53.658+0000] {processor.py:914} INFO - Processing file /home/airflow/.local/lib/python3.12/site-packages/airflow/example_dags/tutorial_taskflow_api.py for tasks to queue
[2024-11-01T16:24:53.660+0000] {logging_mixin.py:190} INFO - [2024-11-01T16:24:53.659+0000] {dagbag.py:588} INFO - Filling up the DagBag from /home/airflow/.local/lib/python3.12/site-packages/airflow/example_dags/tutorial_taskflow_api.py
[2024-11-01T16:24:53.666+0000] {processor.py:925} INFO - DAG(s) 'tutorial_taskflow_api' retrieved from /home/airflow/.local/lib/python3.12/site-packages/airflow/example_dags/tutorial_taskflow_api.py
[2024-11-01T16:24:53.680+0000] {logging_mixin.py:190} INFO - [2024-11-01T16:24:53.679+0000] {dag.py:3239} INFO - Sync 1 DAGs
[2024-11-01T16:24:53.689+0000] {logging_mixin.py:190} INFO - [2024-11-01T16:24:53.689+0000] {dag.py:4180} INFO - Setting next_dagrun for tutorial_taskflow_api to None, run_after=None
[2024-11-01T16:24:53.704+0000] {processor.py:208} INFO - Processing /home/airflow/.local/lib/python3.12/site-packages/airflow/example_dags/tutorial_taskflow_api.py took 0.050 seconds
[2024-11-01T16:25:24.160+0000] {processor.py:186} INFO - Started process (PID=958) to work on /home/airflow/.local/lib/python3.12/site-packages/airflow/example_dags/tutorial_taskflow_api.py
[2024-11-01T16:25:24.163+0000] {processor.py:914} INFO - Processing file /home/airflow/.local/lib/python3.12/site-packages/airflow/example_dags/tutorial_taskflow_api.py for tasks to queue
[2024-11-01T16:25:24.164+0000] {logging_mixin.py:190} INFO - [2024-11-01T16:25:24.164+0000] {dagbag.py:588} INFO - Filling up the DagBag from /home/airflow/.local/lib/python3.12/site-packages/airflow/example_dags/tutorial_taskflow_api.py
[2024-11-01T16:25:24.170+0000] {processor.py:925} INFO - DAG(s) 'tutorial_taskflow_api' retrieved from /home/airflow/.local/lib/python3.12/site-packages/airflow/example_dags/tutorial_taskflow_api.py
[2024-11-01T16:25:24.185+0000] {logging_mixin.py:190} INFO - [2024-11-01T16:25:24.184+0000] {dag.py:3239} INFO - Sync 1 DAGs
[2024-11-01T16:25:24.194+0000] {logging_mixin.py:190} INFO - [2024-11-01T16:25:24.194+0000] {dag.py:4180} INFO - Setting next_dagrun for tutorial_taskflow_api to None, run_after=None
[2024-11-01T16:25:24.209+0000] {processor.py:208} INFO - Processing /home/airflow/.local/lib/python3.12/site-packages/airflow/example_dags/tutorial_taskflow_api.py took 0.052 seconds
[2024-11-01T16:25:54.639+0000] {processor.py:186} INFO - Started process (PID=1024) to work on /home/airflow/.local/lib/python3.12/site-packages/airflow/example_dags/tutorial_taskflow_api.py
[2024-11-01T16:25:54.640+0000] {processor.py:914} INFO - Processing file /home/airflow/.local/lib/python3.12/site-packages/airflow/example_dags/tutorial_taskflow_api.py for tasks to queue
[2024-11-01T16:25:54.642+0000] {logging_mixin.py:190} INFO - [2024-11-01T16:25:54.641+0000] {dagbag.py:588} INFO - Filling up the DagBag from /home/airflow/.local/lib/python3.12/site-packages/airflow/example_dags/tutorial_taskflow_api.py
[2024-11-01T16:25:54.648+0000] {processor.py:925} INFO - DAG(s) 'tutorial_taskflow_api' retrieved from /home/airflow/.local/lib/python3.12/site-packages/airflow/example_dags/tutorial_taskflow_api.py
[2024-11-01T16:25:54.663+0000] {logging_mixin.py:190} INFO - [2024-11-01T16:25:54.662+0000] {dag.py:3239} INFO - Sync 1 DAGs
[2024-11-01T16:25:54.673+0000] {logging_mixin.py:190} INFO - [2024-11-01T16:25:54.672+0000] {dag.py:4180} INFO - Setting next_dagrun for tutorial_taskflow_api to None, run_after=None
[2024-11-01T16:25:54.688+0000] {processor.py:208} INFO - Processing /home/airflow/.local/lib/python3.12/site-packages/airflow/example_dags/tutorial_taskflow_api.py took 0.052 seconds
[2024-11-01T16:26:25.625+0000] {processor.py:186} INFO - Started process (PID=1090) to work on /home/airflow/.local/lib/python3.12/site-packages/airflow/example_dags/tutorial_taskflow_api.py
[2024-11-01T16:26:25.626+0000] {processor.py:914} INFO - Processing file /home/airflow/.local/lib/python3.12/site-packages/airflow/example_dags/tutorial_taskflow_api.py for tasks to queue
[2024-11-01T16:26:25.628+0000] {logging_mixin.py:190} INFO - [2024-11-01T16:26:25.628+0000] {dagbag.py:588} INFO - Filling up the DagBag from /home/airflow/.local/lib/python3.12/site-packages/airflow/example_dags/tutorial_taskflow_api.py
[2024-11-01T16:26:25.636+0000] {processor.py:925} INFO - DAG(s) 'tutorial_taskflow_api' retrieved from /home/airflow/.local/lib/python3.12/site-packages/airflow/example_dags/tutorial_taskflow_api.py
[2024-11-01T16:26:25.664+0000] {logging_mixin.py:190} INFO - [2024-11-01T16:26:25.663+0000] {dag.py:3239} INFO - Sync 1 DAGs
[2024-11-01T16:26:25.685+0000] {logging_mixin.py:190} INFO - [2024-11-01T16:26:25.685+0000] {dag.py:4180} INFO - Setting next_dagrun for tutorial_taskflow_api to None, run_after=None
[2024-11-01T16:26:25.702+0000] {processor.py:208} INFO - Processing /home/airflow/.local/lib/python3.12/site-packages/airflow/example_dags/tutorial_taskflow_api.py took 0.082 seconds
[2024-11-01T16:26:56.849+0000] {processor.py:186} INFO - Started process (PID=1156) to work on /home/airflow/.local/lib/python3.12/site-packages/airflow/example_dags/tutorial_taskflow_api.py
[2024-11-01T16:26:56.850+0000] {processor.py:914} INFO - Processing file /home/airflow/.local/lib/python3.12/site-packages/airflow/example_dags/tutorial_taskflow_api.py for tasks to queue
[2024-11-01T16:26:56.852+0000] {logging_mixin.py:190} INFO - [2024-11-01T16:26:56.852+0000] {dagbag.py:588} INFO - Filling up the DagBag from /home/airflow/.local/lib/python3.12/site-packages/airflow/example_dags/tutorial_taskflow_api.py
[2024-11-01T16:26:56.859+0000] {processor.py:925} INFO - DAG(s) 'tutorial_taskflow_api' retrieved from /home/airflow/.local/lib/python3.12/site-packages/airflow/example_dags/tutorial_taskflow_api.py
[2024-11-01T16:26:56.874+0000] {logging_mixin.py:190} INFO - [2024-11-01T16:26:56.874+0000] {dag.py:3239} INFO - Sync 1 DAGs
[2024-11-01T16:26:56.885+0000] {logging_mixin.py:190} INFO - [2024-11-01T16:26:56.885+0000] {dag.py:4180} INFO - Setting next_dagrun for tutorial_taskflow_api to None, run_after=None
[2024-11-01T16:26:56.899+0000] {processor.py:208} INFO - Processing /home/airflow/.local/lib/python3.12/site-packages/airflow/example_dags/tutorial_taskflow_api.py took 0.054 seconds
[2024-11-01T16:27:27.958+0000] {processor.py:186} INFO - Started process (PID=1222) to work on /home/airflow/.local/lib/python3.12/site-packages/airflow/example_dags/tutorial_taskflow_api.py
[2024-11-01T16:27:27.959+0000] {processor.py:914} INFO - Processing file /home/airflow/.local/lib/python3.12/site-packages/airflow/example_dags/tutorial_taskflow_api.py for tasks to queue
[2024-11-01T16:27:27.961+0000] {logging_mixin.py:190} INFO - [2024-11-01T16:27:27.961+0000] {dagbag.py:588} INFO - Filling up the DagBag from /home/airflow/.local/lib/python3.12/site-packages/airflow/example_dags/tutorial_taskflow_api.py
[2024-11-01T16:27:27.968+0000] {processor.py:925} INFO - DAG(s) 'tutorial_taskflow_api' retrieved from /home/airflow/.local/lib/python3.12/site-packages/airflow/example_dags/tutorial_taskflow_api.py
[2024-11-01T16:27:27.982+0000] {logging_mixin.py:190} INFO - [2024-11-01T16:27:27.982+0000] {dag.py:3239} INFO - Sync 1 DAGs
[2024-11-01T16:27:27.992+0000] {logging_mixin.py:190} INFO - [2024-11-01T16:27:27.992+0000] {dag.py:4180} INFO - Setting next_dagrun for tutorial_taskflow_api to None, run_after=None
[2024-11-01T16:27:28.010+0000] {processor.py:208} INFO - Processing /home/airflow/.local/lib/python3.12/site-packages/airflow/example_dags/tutorial_taskflow_api.py took 0.057 seconds
[2024-11-01T16:27:59.008+0000] {processor.py:186} INFO - Started process (PID=1288) to work on /home/airflow/.local/lib/python3.12/site-packages/airflow/example_dags/tutorial_taskflow_api.py
[2024-11-01T16:27:59.011+0000] {processor.py:914} INFO - Processing file /home/airflow/.local/lib/python3.12/site-packages/airflow/example_dags/tutorial_taskflow_api.py for tasks to queue
[2024-11-01T16:27:59.012+0000] {logging_mixin.py:190} INFO - [2024-11-01T16:27:59.012+0000] {dagbag.py:588} INFO - Filling up the DagBag from /home/airflow/.local/lib/python3.12/site-packages/airflow/example_dags/tutorial_taskflow_api.py
[2024-11-01T16:27:59.018+0000] {processor.py:925} INFO - DAG(s) 'tutorial_taskflow_api' retrieved from /home/airflow/.local/lib/python3.12/site-packages/airflow/example_dags/tutorial_taskflow_api.py
[2024-11-01T16:27:59.033+0000] {logging_mixin.py:190} INFO - [2024-11-01T16:27:59.032+0000] {dag.py:3239} INFO - Sync 1 DAGs
[2024-11-01T16:27:59.043+0000] {logging_mixin.py:190} INFO - [2024-11-01T16:27:59.043+0000] {dag.py:4180} INFO - Setting next_dagrun for tutorial_taskflow_api to None, run_after=None
[2024-11-01T16:27:59.057+0000] {processor.py:208} INFO - Processing /home/airflow/.local/lib/python3.12/site-packages/airflow/example_dags/tutorial_taskflow_api.py took 0.054 seconds
[2024-11-01T16:28:30.492+0000] {processor.py:186} INFO - Started process (PID=1354) to work on /home/airflow/.local/lib/python3.12/site-packages/airflow/example_dags/tutorial_taskflow_api.py
[2024-11-01T16:28:30.493+0000] {processor.py:914} INFO - Processing file /home/airflow/.local/lib/python3.12/site-packages/airflow/example_dags/tutorial_taskflow_api.py for tasks to queue
[2024-11-01T16:28:30.494+0000] {logging_mixin.py:190} INFO - [2024-11-01T16:28:30.494+0000] {dagbag.py:588} INFO - Filling up the DagBag from /home/airflow/.local/lib/python3.12/site-packages/airflow/example_dags/tutorial_taskflow_api.py
[2024-11-01T16:28:30.500+0000] {processor.py:925} INFO - DAG(s) 'tutorial_taskflow_api' retrieved from /home/airflow/.local/lib/python3.12/site-packages/airflow/example_dags/tutorial_taskflow_api.py
[2024-11-01T16:28:30.514+0000] {logging_mixin.py:190} INFO - [2024-11-01T16:28:30.514+0000] {dag.py:3239} INFO - Sync 1 DAGs
[2024-11-01T16:28:30.523+0000] {logging_mixin.py:190} INFO - [2024-11-01T16:28:30.523+0000] {dag.py:4180} INFO - Setting next_dagrun for tutorial_taskflow_api to None, run_after=None
[2024-11-01T16:28:30.538+0000] {processor.py:208} INFO - Processing /home/airflow/.local/lib/python3.12/site-packages/airflow/example_dags/tutorial_taskflow_api.py took 0.050 seconds
[2024-11-01T16:29:00.975+0000] {processor.py:186} INFO - Started process (PID=1420) to work on /home/airflow/.local/lib/python3.12/site-packages/airflow/example_dags/tutorial_taskflow_api.py
[2024-11-01T16:29:00.976+0000] {processor.py:914} INFO - Processing file /home/airflow/.local/lib/python3.12/site-packages/airflow/example_dags/tutorial_taskflow_api.py for tasks to queue
[2024-11-01T16:29:00.977+0000] {logging_mixin.py:190} INFO - [2024-11-01T16:29:00.977+0000] {dagbag.py:588} INFO - Filling up the DagBag from /home/airflow/.local/lib/python3.12/site-packages/airflow/example_dags/tutorial_taskflow_api.py
[2024-11-01T16:29:00.983+0000] {processor.py:925} INFO - DAG(s) 'tutorial_taskflow_api' retrieved from /home/airflow/.local/lib/python3.12/site-packages/airflow/example_dags/tutorial_taskflow_api.py
[2024-11-01T16:29:00.997+0000] {logging_mixin.py:190} INFO - [2024-11-01T16:29:00.997+0000] {dag.py:3239} INFO - Sync 1 DAGs
[2024-11-01T16:29:01.006+0000] {logging_mixin.py:190} INFO - [2024-11-01T16:29:01.006+0000] {dag.py:4180} INFO - Setting next_dagrun for tutorial_taskflow_api to None, run_after=None
[2024-11-01T16:29:01.024+0000] {processor.py:208} INFO - Processing /home/airflow/.local/lib/python3.12/site-packages/airflow/example_dags/tutorial_taskflow_api.py took 0.054 seconds
[2024-11-01T17:42:27.436+0000] {processor.py:186} INFO - Started process (PID=105) to work on /home/airflow/.local/lib/python3.12/site-packages/airflow/example_dags/tutorial_taskflow_api.py
[2024-11-01T17:42:27.436+0000] {processor.py:914} INFO - Processing file /home/airflow/.local/lib/python3.12/site-packages/airflow/example_dags/tutorial_taskflow_api.py for tasks to queue
[2024-11-01T17:42:27.438+0000] {logging_mixin.py:190} INFO - [2024-11-01T17:42:27.438+0000] {dagbag.py:588} INFO - Filling up the DagBag from /home/airflow/.local/lib/python3.12/site-packages/airflow/example_dags/tutorial_taskflow_api.py
[2024-11-01T17:42:27.449+0000] {processor.py:925} INFO - DAG(s) 'tutorial_taskflow_api' retrieved from /home/airflow/.local/lib/python3.12/site-packages/airflow/example_dags/tutorial_taskflow_api.py
[2024-11-01T17:42:27.470+0000] {logging_mixin.py:190} INFO - [2024-11-01T17:42:27.470+0000] {dag.py:3239} INFO - Sync 1 DAGs
[2024-11-01T17:42:27.484+0000] {logging_mixin.py:190} INFO - [2024-11-01T17:42:27.484+0000] {dag.py:4180} INFO - Setting next_dagrun for tutorial_taskflow_api to None, run_after=None
[2024-11-01T17:42:27.505+0000] {processor.py:208} INFO - Processing /home/airflow/.local/lib/python3.12/site-packages/airflow/example_dags/tutorial_taskflow_api.py took 0.075 seconds
[2024-11-01T17:42:59.171+0000] {processor.py:186} INFO - Started process (PID=171) to work on /home/airflow/.local/lib/python3.12/site-packages/airflow/example_dags/tutorial_taskflow_api.py
[2024-11-01T17:42:59.172+0000] {processor.py:914} INFO - Processing file /home/airflow/.local/lib/python3.12/site-packages/airflow/example_dags/tutorial_taskflow_api.py for tasks to queue
[2024-11-01T17:42:59.178+0000] {logging_mixin.py:190} INFO - [2024-11-01T17:42:59.177+0000] {dagbag.py:588} INFO - Filling up the DagBag from /home/airflow/.local/lib/python3.12/site-packages/airflow/example_dags/tutorial_taskflow_api.py
[2024-11-01T17:42:59.197+0000] {processor.py:925} INFO - DAG(s) 'tutorial_taskflow_api' retrieved from /home/airflow/.local/lib/python3.12/site-packages/airflow/example_dags/tutorial_taskflow_api.py
[2024-11-01T17:42:59.236+0000] {logging_mixin.py:190} INFO - [2024-11-01T17:42:59.236+0000] {dag.py:3239} INFO - Sync 1 DAGs
[2024-11-01T17:42:59.262+0000] {logging_mixin.py:190} INFO - [2024-11-01T17:42:59.261+0000] {dag.py:4180} INFO - Setting next_dagrun for tutorial_taskflow_api to None, run_after=None
[2024-11-01T17:42:59.312+0000] {processor.py:208} INFO - Processing /home/airflow/.local/lib/python3.12/site-packages/airflow/example_dags/tutorial_taskflow_api.py took 0.149 seconds
